date,venue_code,race,boat,finish,exhibition_time,exhibition_st,exhibition_f,exhibition_course,wind_direction,source,total_score,course_changed
20260930,02,1,1,4,6.7,0.15234,0.0,1.0,南南西,predictions/2026/09/30/live/snapshots/20260930_104434/live_predictions_current_20260930.json,53.96,0.0
20260930,02,1,2,1,6.71,0.15233,0.0,2.0,南南西,predictions/2026/09/30/live/snapshots/20260930_104434/live_predictions_current_20260930.json,41.08,0.0
20260930,02,1,3,6,6.71,0.15952,0.0,3.0,南南西,predictions/2026/09/30/live/snapshots/20260930_104434/live_predictions_current_20260930.json,41.8,0.0
20260930,02,1,4,2,6.72,0.15119,0.0,4.0,南南西,predictions/2026/09/30/live/snapshots/20260930_104434/live_predictions_current_20260930.json,41.5,0.0
20260930,02,1,5,5,6.67,0.14621,0.0,5.0,南南西,predictions/2026/09/30/live/snapshots/20260930_104434/live_predictions_current_20260930.json,26.65,0.0
20260930,02,1,6,3,6.76,0.15294,0.0,6.0,南南西,predictions/2026/09/30/live/snapshots/20260930_104434/live_predictions_current_20260930.json,31.36,0.0
20260930,02,2,1,5,6.68,0.16849,0.0,1.0,南南西,predictions/2026/09/30/live/snapshots/20260930_110027/live_predictions_current_20260930.json,52.01,0.0
20260930,02,2,2,1,6.74,0.13844,0.0,2.0,南南西,predictions/2026/09/30/live/snapshots/20260930_110027/live_predictions_current_20260930.json,52.96,0.0
20260930,02,2,3,3,6.65,0.15118,0.0,3.0,南南西,predictions/2026/09/30/live/snapshots/20260930_110027/live_predictions_current_20260930.json,41.05,0.0
20260930,02,2,4,6,6.64,0.16053,0.0,4.0,南南西,predictions/2026/09/30/live/snapshots/20260930_110027/live_predictions_current_20260930.json,35.96,0.0
20260930,02,2,5,2,6.69,0.14143,0.0,5.0,南南西,predictions/2026/09/30/live/snapshots/20260930_110027/live_predictions_current_20260930.json,47.51,0.0
20260930,02,2,6,4,6.67,0.17451,0.0,6.0,南南西,predictions/2026/09/30/live/snapshots/20260930_110027/live_predictions_current_20260930.json,37.63,0.0
20260930,02,3,1,2,6.73,0.14446,0.0,1.0,南南西,predictions/2026/09/30/live/snapshots/20260930_112927/live_predictions_current_20260930.json,54.39,0.0
20260930,02,3,2,5,6.61,0.18088,0.0,2.0,南南西,predictions/2026/09/30/live/snapshots/20260930_112927/live_predictions_current_20260930.json,43.1,0.0
20260930,02,3,3,1,6.61,0.13446,0.0,3.0,南南西,predictions/2026/09/30/live/snapshots/20260930_112927/live_predictions_current_20260930.json,52.53,0.0
20260930,02,3,4,3,6.73,0.15778,0.0,4.0,南南西,predictions/2026/09/30/live/snapshots/20260930_112927/live_predictions_current_20260930.json,39.23,0.0
20260930,02,3,5,6,6.66,0.14059,0.0,5.0,南南西,predictions/2026/09/30/live/snapshots/20260930_112927/live_predictions_current_20260930.json,31.54,0.0
20260930,02,3,6,4,6.68,0.16945,0.0,6.0,南南西,predictions/2026/09/30/live/snapshots/20260930_112927/live_predictions_current_20260930.json,28.42,0.0
20260930,02,4,1,6,6.51,0.13981,0.0,1.0,西南西,data/prediction_input_enriched_live_20260930.json,59.66,0.0
20260930,02,4,2,2,6.64,0.15526,0.0,2.0,西南西,data/prediction_input_enriched_live_20260930.json,53.52,0.0
20260930,02,4,3,5,6.64,0.16283,0.0,3.0,西南西,data/prediction_input_enriched_live_20260930.json,45.91,0.0
20260930,02,4,4,3,6.63,0.14125,0.0,4.0,西南西,data/prediction_input_enriched_live_20260930.json,47.83,0.0
20260930,02,4,5,1,6.59,0.13519,0.0,5.0,西南西,data/prediction_input_enriched_live_20260930.json,53.27,0.0
20260930,02,4,6,4,6.7,0.15328,0.0,6.0,西南西,data/prediction_input_enriched_live_20260930.json,21.28,0.0
20260930,02,5,1,1,6.73,0.14976,0.0,1.0,南南西,data/prediction_input_enriched_live_20260930.json,55.24,0.0
20260930,02,5,2,2,6.72,0.15294,0.0,2.0,南南西,data/prediction_input_enriched_live_20260930.json,40.88,0.0
20260930,02,5,3,3,6.66,0.15233,0.0,3.0,南南西,data/prediction_input_enriched_live_20260930.json,38.28,0.0
20260930,02,5,4,5,6.69,0.14173,0.0,4.0,南南西,data/prediction_input_enriched_live_20260930.json,51.37,0.0
20260930,02,5,5,6,6.61,0.15059,0.0,6.0,南南西,data/prediction_input_enriched_live_20260930.json,41.2,1.0
20260930,02,5,6,4,6.8,0.14912,0.0,5.0,南南西,data/prediction_input_enriched_live_20260930.json,31.04,1.0
20260930,02,6,1,1,6.69,0.16345,0.0,1.0,南南西,data/prediction_input_enriched_live_20260930.json,68.7,0.0
20260930,02,6,2,2,6.81,0.14194,0.0,2.0,南南西,data/prediction_input_enriched_live_20260930.json,57.93,0.0
20260930,02,6,3,5,6.76,0.15234,0.0,3.0,南南西,data/prediction_input_enriched_live_20260930.json,43.32,0.0
20260930,02,6,4,4,6.69,0.15895,0.0,4.0,南南西,data/prediction_input_enriched_live_20260930.json,47.58,0.0
20260930,02,6,5,3,6.72,0.13902,0.0,5.0,南南西,data/prediction_input_enriched_live_20260930.json,51.41,0.0
20260930,02,6,6,6,6.74,0.16849,0.0,6.0,南南西,data/prediction_input_enriched_live_20260930.json,34.65,0.0
20260930,02,7,1,1,6.73,0.15577,0.0,1.0,南南西,data/prediction_input_enriched_live_20260930.json,64.93,0.0
20260930,02,7,2,6,6.77,0.15118,0.0,2.0,南南西,data/prediction_input_enriched_live_20260930.json,43.85,0.0
20260930,02,7,3,4,6.84,0.14446,0.0,3.0,南南西,data/prediction_input_enriched_live_20260930.json,43.75,0.0
20260930,02,7,4,3,6.82,0.12189,0.0,4.0,南南西,data/prediction_input_enriched_live_20260930.json,52.03,0.0
20260930,02,7,5,2,6.85,0.18088,0.0,5.0,南南西,data/prediction_input_enriched_live_20260930.json,35.82,0.0
20260930,02,7,6,5,6.78,0.14621,0.0,6.0,南南西,data/prediction_input_enriched_live_20260930.json,24.41,0.0
20260930,02,8,1,2,6.84,0.17451,0.0,1.0,南南西,data/prediction_input_enriched_live_20260930.json,54.99,0.0
20260930,02,8,2,3,6.7,0.15952,0.0,2.0,南南西,data/prediction_input_enriched_live_20260930.json,44.6,0.0
20260930,02,8,3,1,6.8,0.16053,0.0,3.0,南南西,data/prediction_input_enriched_live_20260930.json,37.08,0.0
20260930,02,8,4,4,6.76,0.14059,0.0,4.0,南南西,data/prediction_input_enriched_live_20260930.json,34.9,0.0
20260930,02,8,5,6,6.67,0.13981,0.0,5.0,南南西,data/prediction_input_enriched_live_20260930.json,44.54,0.0
20260930,02,8,6,5,6.78,0.14965,0.0,6.0,南南西,data/prediction_input_enriched_live_20260930.json,24.93,0.0
20260930,02,9,1,1,6.71,0.13519,0.0,1.0,西南西,predictions/2026/09/30/live/snapshots/20260930_144521/live_predictions_current_20260930.json,68.39,0.0
20260930,02,9,2,2,6.79,0.16283,0.0,2.0,西南西,predictions/2026/09/30/live/snapshots/20260930_144521/live_predictions_current_20260930.json,48.71,0.0
20260930,02,9,3,6,6.77,0.16945,0.0,3.0,西南西,predictions/2026/09/30/live/snapshots/20260930_144521/live_predictions_current_20260930.json,35.14,0.0
20260930,02,9,4,3,6.82,0.15246,0.0,4.0,西南西,predictions/2026/09/30/live/snapshots/20260930_144521/live_predictions_current_20260930.json,44.71,0.0
20260930,02,9,5,4,6.76,0.14976,0.0,5.0,西南西,predictions/2026/09/30/live/snapshots/20260930_144521/live_predictions_current_20260930.json,40.12,0.0
20260930,02,9,6,5,6.71,0.15059,0.0,6.0,西南西,predictions/2026/09/30/live/snapshots/20260930_144521/live_predictions_current_20260930.json,38.96,0.0
20260930,02,10,1,1,6.77,0.14143,0.0,1.0,西南西,predictions/2026/09/30/live/snapshots/20260930_152018/live_predictions_current_20260930.json,62.63,0.0
20260930,02,10,2,5,6.69,0.15895,0.0,2.0,西南西,predictions/2026/09/30/live/snapshots/20260930_152018/live_predictions_current_20260930.json,51.5,0.0
20260930,02,10,3,2,6.73,0.14125,0.0,3.0,西南西,predictions/2026/09/30/live/snapshots/20260930_152018/live_predictions_current_20260930.json,48.95,0.0
20260930,02,10,4,4,6.76,0.13446,0.0,4.0,西南西,predictions/2026/09/30/live/snapshots/20260930_152018/live_predictions_current_20260930.json,51.41,0.0
20260930,02,10,5,3,6.77,0.14194,0.0,5.0,西南西,predictions/2026/09/30/live/snapshots/20260930_152018/live_predictions_current_20260930.json,50.65,0.0
20260930,02,10,6,6,6.82,0.13844,0.0,6.0,西南西,predictions/2026/09/30/live/snapshots/20260930_152018/live_predictions_current_20260930.json,43.44,0.0
20260930,02,11,1,1,6.75,0.13902,0.0,1.0,南南西,predictions/2026/09/30/live/snapshots/20260930_154958/live_predictions_current_20260930.json,66.53,0.0
20260930,02,11,2,2,6.79,0.12189,0.0,2.0,南南西,predictions/2026/09/30/live/snapshots/20260930_154958/live_predictions_current_20260930.json,55.95,0.0
20260930,02,11,3,6,6.72,0.14173,0.0,3.0,南南西,predictions/2026/09/30/live/snapshots/20260930_154958/live_predictions_current_20260930.json,52.49,0.0
20260930,02,11,4,3,6.81,0.16345,0.0,4.0,南南西,predictions/2026/09/30/live/snapshots/20260930_154958/live_predictions_current_20260930.json,56.94,0.0
20260930,02,11,5,5,6.74,0.15526,0.0,5.0,南南西,predictions/2026/09/30/live/snapshots/20260930_154958/live_predictions_current_20260930.json,46.24,0.0
20260930,02,11,6,4,6.77,0.15577,0.0,6.0,南南西,predictions/2026/09/30/live/snapshots/20260930_154958/live_predictions_current_20260930.json,47.57,0.0
20260930,02,12,1,6,6.69,0.14778,0.0,1.0,南南西,predictions/2026/09/30/live/snapshots/20260930_161741/live_predictions_current_20260930.json,78.67,0.0
20260930,02,12,2,5,6.83,0.13509,0.0,2.0,南南西,predictions/2026/09/30/live/snapshots/20260930_161741/live_predictions_current_20260930.json,54.13,0.0
20260930,02,12,3,4,6.79,0.15172,0.0,3.0,南南西,predictions/2026/09/30/live/snapshots/20260930_161741/live_predictions_current_20260930.json,53.53,0.0
20260930,02,12,4,3,6.79,0.12917,0.0,4.0,南南西,predictions/2026/09/30/live/snapshots/20260930_161741/live_predictions_current_20260930.json,55.51,0.0
20260930,02,12,5,2,6.88,0.15103,0.0,5.0,南南西,predictions/2026/09/30/live/snapshots/20260930_161741/live_predictions_current_20260930.json,41.13,0.0
20260930,02,12,6,1,6.78,0.1173,0.0,6.0,南南西,predictions/2026/09/30/live/snapshots/20260930_161741/live_predictions_current_20260930.json,49.98,0.0
20260930,03,1,1,2,,0.18043,0.0,,,data/prediction_input_enriched_live_20260930.json,60.81,0.0
20260930,03,1,2,6,,0.14787,0.0,,,data/prediction_input_enriched_live_20260930.json,46.09,0.0
20260930,03,1,3,4,,0.16627,0.0,,,data/prediction_input_enriched_live_20260930.json,46.23,0.0
20260930,03,1,4,1,,0.16524,0.0,,,data/prediction_input_enriched_live_20260930.json,36.59,0.0
20260930,03,1,5,3,,0.15043,0.0,,,data/prediction_input_enriched_live_20260930.json,32.76,0.0
20260930,03,1,6,5,,0.15275,0.0,,,data/prediction_input_enriched_live_20260930.json,31.65,0.0
20260930,03,2,1,1,6.52,0.1934,0.0,1.0,西北西,predictions/2026/09/30/live/snapshots/20260930_112927/live_predictions_current_20260930.json,62.03,0.0
20260930,03,2,2,4,6.55,0.15729,0.0,2.0,西北西,predictions/2026/09/30/live/snapshots/20260930_112927/live_predictions_current_20260930.json,49.15,0.0
20260930,03,2,3,5,6.47,0.19209,0.0,3.0,西北西,predictions/2026/09/30/live/snapshots/20260930_112927/live_predictions_current_20260930.json,39.63,0.0
20260930,03,2,4,3,6.6,0.1546,0.0,4.0,西北西,predictions/2026/09/30/live/snapshots/20260930_112927/live_predictions_current_20260930.json,52.64,0.0
20260930,03,2,5,2,6.58,0.16792,0.0,5.0,西北西,predictions/2026/09/30/live/snapshots/20260930_112927/live_predictions_current_20260930.json,31.77,0.0
20260930,03,2,6,6,6.65,0.13549,0.0,6.0,西北西,predictions/2026/09/30/live/snapshots/20260930_112927/live_predictions_current_20260930.json,40.21,0.0
20260930,03,3,1,3,6.52,0.16053,0.0,1.0,西北西,data/prediction_input_enriched_live_20260930.json,62.68,0.0
20260930,03,3,2,2,6.59,0.16587,0.0,2.0,西北西,data/prediction_input_enriched_live_20260930.json,49.62,0.0
20260930,03,3,3,1,6.6,0.15643,0.0,3.0,西北西,data/prediction_input_enriched_live_20260930.json,52.62,0.0
20260930,03,3,4,5,6.59,0.17047,0.0,4.0,西北西,data/prediction_input_enriched_live_20260930.json,35.62,0.0
20260930,03,3,5,4,6.66,0.16373,0.0,5.0,西北西,data/prediction_input_enriched_live_20260930.json,35.36,0.0
20260930,03,3,6,6,6.51,0.15667,0.0,6.0,西北西,data/prediction_input_enriched_live_20260930.json,25.33,0.0
20260930,03,4,1,1,6.71,0.16723,0.0,1.0,西北西,data/prediction_input_enriched_live_20260930.json,55.24,0.0
20260930,03,4,2,3,6.55,0.15727,0.0,2.0,西北西,data/prediction_input_enriched_live_20260930.json,47.46,0.0
20260930,03,4,3,6,6.6,0.16712,0.0,3.0,西北西,data/prediction_input_enriched_live_20260930.json,43.24,0.0
20260930,03,4,4,2,6.57,0.15517,0.0,4.0,西北西,data/prediction_input_enriched_live_20260930.json,49.73,0.0
20260930,03,4,5,5,6.54,0.18063,0.0,5.0,西北西,data/prediction_input_enriched_live_20260930.json,35.53,0.0
20260930,03,4,6,4,6.54,0.17176,0.0,6.0,西北西,data/prediction_input_enriched_live_20260930.json,53.79,0.0
20260930,03,5,1,2,,0.155,0.0,,,data/prediction_input_enriched_live_20260930.json,61.05,0.0
20260930,03,5,2,6,,0.20184,0.0,,,data/prediction_input_enriched_live_20260930.json,45.16,0.0
20260930,03,5,3,1,,0.18659,0.0,,,data/prediction_input_enriched_live_20260930.json,54.79,0.0
20260930,03,5,4,3,,0.16525,0.0,,,data/prediction_input_enriched_live_20260930.json,40.2,0.0
20260930,03,5,5,4,,0.15174,0.0,,,data/prediction_input_enriched_live_20260930.json,54.8,0.0
20260930,03,5,6,5,,0.15043,0.0,,,data/prediction_input_enriched_live_20260930.json,30.52,0.0
20260930,03,6,1,1,,0.17627,0.0,,,data/prediction_input_enriched_live_20260930.json,64.33,0.0
20260930,03,6,2,2,,0.17388,0.0,,,data/prediction_input_enriched_live_20260930.json,54.02,0.0
20260930,03,6,3,3,,0.162,0.0,,,data/prediction_input_enriched_live_20260930.json,44.06,0.0
20260930,03,6,4,5,,0.20375,0.0,,,data/prediction_input_enriched_live_20260930.json,33.67,0.0
20260930,03,6,5,6,,0.14686,0.0,,,data/prediction_input_enriched_live_20260930.json,47.19,0.0
20260930,03,6,6,4,,0.16524,0.0,,,data/prediction_input_enriched_live_20260930.json,30.99,0.0
20260930,03,7,1,1,6.66,0.1702,0.0,1.0,西北西,predictions/2026/09/30/live/snapshots/20260930_134549/live_predictions_current_20260930.json,61.62,0.0
20260930,03,7,2,4,6.62,0.18289,0.0,2.0,西北西,predictions/2026/09/30/live/snapshots/20260930_134549/live_predictions_current_20260930.json,43.37,0.0
20260930,03,7,3,3,6.51,0.17176,0.0,3.0,西北西,predictions/2026/09/30/live/snapshots/20260930_134549/live_predictions_current_20260930.json,52.54,0.0
20260930,03,7,4,5,6.71,0.15275,0.0,4.0,西北西,predictions/2026/09/30/live/snapshots/20260930_134549/live_predictions_current_20260930.json,37.25,0.0
20260930,03,7,5,2,6.55,0.15667,0.0,5.0,西北西,predictions/2026/09/30/live/snapshots/20260930_134549/live_predictions_current_20260930.json,27.57,0.0
20260930,03,7,6,6,6.49,0.19083,0.0,6.0,西北西,predictions/2026/09/30/live/snapshots/20260930_134549/live_predictions_current_20260930.json,55.45,0.0
20260930,03,8,1,3,6.57,0.16627,0.0,1.0,西北西,predictions/2026/09/30/live/snapshots/20260930_141616/live_predictions_current_20260930.json,56.87,0.0
20260930,03,8,2,1,6.67,0.15976,0.0,2.0,西北西,predictions/2026/09/30/live/snapshots/20260930_141616/live_predictions_current_20260930.json,63.69,0.0
20260930,03,8,3,4,6.58,0.12486,0.0,3.0,西北西,predictions/2026/09/30/live/snapshots/20260930_141616/live_predictions_current_20260930.json,42.44,0.0
20260930,03,8,4,2,6.81,0.16723,0.0,4.0,西北西,predictions/2026/09/30/live/snapshots/20260930_141616/live_predictions_current_20260930.json,43.48,0.0
20260930,03,8,5,5,6.65,0.19209,0.0,5.0,西北西,predictions/2026/09/30/live/snapshots/20260930_141616/live_predictions_current_20260930.json,35.15,0.0
20260930,03,8,6,6,6.58,0.17047,0.0,6.0,西北西,predictions/2026/09/30/live/snapshots/20260930_141616/live_predictions_current_20260930.json,30.02,0.0
20260930,03,9,1,1,6.7,0.1584,0.0,1.0,西北西,predictions/2026/09/30/live/snapshots/20260930_144521/live_predictions_current_20260930.json,62.94,0.0
20260930,03,9,2,2,6.61,0.18063,0.0,2.0,西北西,predictions/2026/09/30/live/snapshots/20260930_144521/live_predictions_current_20260930.json,42.81,0.0
20260930,03,9,3,5,6.6,0.15729,0.0,3.0,西北西,predictions/2026/09/30/live/snapshots/20260930_144521/live_predictions_current_20260930.json,46.35,0.0
20260930,03,9,4,4,6.68,0.17439,0.0,4.0,西北西,predictions/2026/09/30/live/snapshots/20260930_144521/live_predictions_current_20260930.json,47.3,0.0
20260930,03,9,5,3,6.67,0.15643,0.0,5.0,西北西,predictions/2026/09/30/live/snapshots/20260930_144521/live_predictions_current_20260930.json,48.14,0.0
20260930,03,9,6,6,6.76,0.16525,0.0,6.0,西北西,predictions/2026/09/30/live/snapshots/20260930_144521/live_predictions_current_20260930.json,34.6,0.0
20260930,03,10,1,5,6.75,0.16319,0.0,1.0,西北西,predictions/2026/09/30/live/snapshots/20260930_152018/live_predictions_current_20260930.json,56.07,0.0
20260930,03,10,2,1,6.63,0.17978,0.0,2.0,西北西,predictions/2026/09/30/live/snapshots/20260930_152018/live_predictions_current_20260930.json,51.39,0.0
20260930,03,10,3,3,6.64,0.14787,0.0,3.0,西北西,predictions/2026/09/30/live/snapshots/20260930_152018/live_predictions_current_20260930.json,43.29,0.0
20260930,03,10,4,4,6.6,0.16766,0.0,4.0,西北西,predictions/2026/09/30/live/snapshots/20260930_152018/live_predictions_current_20260930.json,46.46,0.0
20260930,03,10,5,6,6.64,0.16712,0.0,5.0,西北西,predictions/2026/09/30/live/snapshots/20260930_152018/live_predictions_current_20260930.json,38.76,0.0
20260930,03,10,6,2,6.63,0.15064,0.0,6.0,西北西,predictions/2026/09/30/live/snapshots/20260930_152018/live_predictions_current_20260930.json,45.77,0.0
20260930,03,11,1,1,6.62,0.17176,0.0,1.0,西北西,predictions/2026/09/30/live/snapshots/20260930_154958/live_predictions_current_20260930.json,71.15,0.0
20260930,03,11,2,5,6.63,0.15174,0.0,2.0,西北西,predictions/2026/09/30/live/snapshots/20260930_154958/live_predictions_current_20260930.json,62.08,0.0
20260930,03,11,3,4,6.61,0.1546,0.0,3.0,西北西,predictions/2026/09/30/live/snapshots/20260930_154958/live_predictions_current_20260930.json,53.76,0.0
20260930,03,11,4,3,6.64,0.17176,0.0,4.0,西北西,predictions/2026/09/30/live/snapshots/20260930_154958/live_predictions_current_20260930.json,51.42,0.0
20260930,03,11,5,2,6.55,0.17388,0.0,5.0,西北西,predictions/2026/09/30/live/snapshots/20260930_154958/live_predictions_current_20260930.json,46.74,0.0
20260930,03,11,6,6,6.64,0.16053,0.0,6.0,西北西,predictions/2026/09/30/live/snapshots/20260930_154958/live_predictions_current_20260930.json,45.32,0.0
20260930,03,12,1,1,6.62,0.19083,0.0,1.0,西北西,predictions/2026/09/30/live/snapshots/20260930_161741/live_predictions_current_20260930.json,72.81,0.0
20260930,03,12,2,2,6.59,0.14686,0.0,2.0,西北西,predictions/2026/09/30/live/snapshots/20260930_161741/live_predictions_current_20260930.json,54.47,0.0
20260930,03,12,3,3,6.67,0.15517,0.0,3.0,西北西,predictions/2026/09/30/live/snapshots/20260930_161741/live_predictions_current_20260930.json,50.85,0.0
20260930,03,12,4,5,6.66,0.18659,0.0,4.0,西北西,predictions/2026/09/30/live/snapshots/20260930_161741/live_predictions_current_20260930.json,53.67,0.0
20260930,03,12,5,4,6.69,0.15976,0.0,5.0,西北西,predictions/2026/09/30/live/snapshots/20260930_161741/live_predictions_current_20260930.json,56.41,0.0
20260930,03,12,6,6,6.79,0.1934,0.0,6.0,西北西,predictions/2026/09/30/live/snapshots/20260930_161741/live_predictions_current_20260930.json,44.67,0.0
20260930,04,1,1,1,6.68,0.14967,0.0,1.0,西,predictions/2026/09/30/live/snapshots/20260930_104434/live_predictions_current_20260930.json,43.93,0.0
20260930,04,1,2,4,6.81,0.13,0.0,2.0,西,predictions/2026/09/30/live/snapshots/20260930_104434/live_predictions_current_20260930.json,45.8,0.0
20260930,04,1,3,3,6.83,0.13577,0.0,3.0,西,predictions/2026/09/30/live/snapshots/20260930_104434/live_predictions_current_20260930.json,55.46,0.0
20260930,04,1,4,2,6.74,0.12785,0.0,4.0,西,predictions/2026/09/30/live/snapshots/20260930_104434/live_predictions_current_20260930.json,35.73,0.0
20260930,04,1,5,6,6.9,0.16145,0.0,5.0,西,predictions/2026/09/30/live/snapshots/20260930_104434/live_predictions_current_20260930.json,39.69,0.0
20260930,04,1,6,5,6.79,0.15625,0.0,6.0,西,predictions/2026/09/30/live/snapshots/20260930_104434/live_predictions_current_20260930.json,49.07,0.0
20260930,04,2,1,5,6.75,0.14639,0.0,1.0,西,data/prediction_input_enriched_live_20260930.json,50.67,0.0
20260930,04,2,2,6,6.73,0.14328,0.0,2.0,西,data/prediction_input_enriched_live_20260930.json,53.11,0.0
20260930,04,2,3,1,6.83,0.15585,0.0,3.0,西,data/prediction_input_enriched_live_20260930.json,39.3,0.0
20260930,04,2,4,2,6.79,0.14381,0.0,4.0,西,data/prediction_input_enriched_live_20260930.json,41.13,0.0
20260930,04,2,5,3,6.71,0.13608,0.0,5.0,西,data/prediction_input_enriched_live_20260930.json,52.13,0.0
20260930,04,2,6,4,6.75,0.16102,0.0,6.0,西,data/prediction_input_enriched_live_20260930.json,30.41,0.0
20260930,04,3,1,4,6.78,0.13385,0.0,1.0,西,predictions/2026/09/30/live/snapshots/20260930_114751/live_predictions_current_20260930.json,61.87,0.0
20260930,04,3,2,3,6.81,0.12533,0.0,2.0,西,predictions/2026/09/30/live/snapshots/20260930_114751/live_predictions_current_20260930.json,48.89,0.0
20260930,04,3,3,2,6.73,0.1358,0.0,3.0,西,predictions/2026/09/30/live/snapshots/20260930_114751/live_predictions_current_20260930.json,53.31,0.0
20260930,04,3,4,5,6.81,0.14733,0.0,4.0,西,predictions/2026/09/30/live/snapshots/20260930_114751/live_predictions_current_20260930.json,50.68,0.0
20260930,04,3,5,1,6.86,0.14357,0.0,5.0,西,predictions/2026/09/30/live/snapshots/20260930_114751/live_predictions_current_20260930.json,50.9,0.0
20260930,04,3,6,6,6.81,0.15733,0.0,6.0,西,predictions/2026/09/30/live/snapshots/20260930_114751/live_predictions_current_20260930.json,35.37,0.0
20260930,04,4,1,4,6.76,0.14133,0.0,1.0,西,predictions/2026/09/30/live/snapshots/20260930_121634/live_predictions_current_20260930.json,53.81,0.0
20260930,04,4,2,5,6.72,0.14681,0.0,2.0,西,predictions/2026/09/30/live/snapshots/20260930_121634/live_predictions_current_20260930.json,44.57,0.0
20260930,04,4,3,6,6.85,0.14526,0.0,3.0,西,predictions/2026/09/30/live/snapshots/20260930_121634/live_predictions_current_20260930.json,45.43,0.0
20260930,04,4,4,1,6.83,0.14394,0.0,4.0,西,predictions/2026/09/30/live/snapshots/20260930_121634/live_predictions_current_20260930.json,46.67,0.0
20260930,04,4,5,3,6.8,0.15718,0.0,5.0,西,predictions/2026/09/30/live/snapshots/20260930_121634/live_predictions_current_20260930.json,29.43,0.0
20260930,04,4,6,2,6.78,0.14273,0.0,6.0,西,predictions/2026/09/30/live/snapshots/20260930_121634/live_predictions_current_20260930.json,52.25,0.0
20260930,04,5,1,6,6.79,0.16848,0.0,1.0,西,predictions/2026/09/30/live/snapshots/20260930_124612/live_predictions_current_20260930.json,70.7,0.0
20260930,04,5,2,2,6.79,0.14041,0.0,2.0,西,predictions/2026/09/30/live/snapshots/20260930_124612/live_predictions_current_20260930.json,38.31,0.0
20260930,04,5,3,4,6.84,0.14074,0.0,3.0,西,predictions/2026/09/30/live/snapshots/20260930_124612/live_predictions_current_20260930.json,45.14,0.0
20260930,04,5,4,3,6.74,0.13778,0.0,4.0,西,predictions/2026/09/30/live/snapshots/20260930_124612/live_predictions_current_20260930.json,43.44,0.0
20260930,04,5,5,1,6.76,0.15355,0.0,5.0,西,predictions/2026/09/30/live/snapshots/20260930_124612/live_predictions_current_20260930.json,41.72,0.0
20260930,04,5,6,5,6.8,0.17417,0.0,6.0,西,predictions/2026/09/30/live/snapshots/20260930_124612/live_predictions_current_20260930.json,30.09,0.0
20260930,04,6,1,2,6.64,0.16145,0.0,1.0,西,predictions/2026/09/30/live/snapshots/20260930_131707/live_predictions_current_20260930.json,54.81,0.0
20260930,04,6,2,1,6.64,0.12844,0.0,2.0,西,predictions/2026/09/30/live/snapshots/20260930_131707/live_predictions_current_20260930.json,61.63,0.0
20260930,04,6,3,3,6.66,0.15738,0.0,3.0,西,predictions/2026/09/30/live/snapshots/20260930_131707/live_predictions_current_20260930.json,39.52,0.0
20260930,04,6,4,5,6.78,0.14136,0.0,4.0,西,predictions/2026/09/30/live/snapshots/20260930_131707/live_predictions_current_20260930.json,38.69,0.0
20260930,04,6,5,4,6.82,0.13773,0.0,5.0,西,predictions/2026/09/30/live/snapshots/20260930_131707/live_predictions_current_20260930.json,44.53,0.0
20260930,04,6,6,6,6.83,0.13812,0.0,6.0,西,predictions/2026/09/30/live/snapshots/20260930_131707/live_predictions_current_20260930.json,32.92,0.0
20260930,04,7,1,3,6.79,0.16145,0.0,1.0,西,predictions/2026/09/30/live/snapshots/20260930_134549/live_predictions_current_20260930.json,51.08,0.0
20260930,04,7,2,1,6.79,0.15746,0.0,2.0,西,predictions/2026/09/30/live/snapshots/20260930_134549/live_predictions_current_20260930.json,59.27,0.0
20260930,04,7,3,5,6.87,0.13,0.0,3.0,西,predictions/2026/09/30/live/snapshots/20260930_134549/live_predictions_current_20260930.json,43.0,0.0
20260930,04,7,4,2,6.9,0.13385,0.0,4.0,西,predictions/2026/09/30/live/snapshots/20260930_134549/live_predictions_current_20260930.json,50.11,0.0
20260930,04,7,5,4,6.72,0.12864,0.0,5.0,西,predictions/2026/09/30/live/snapshots/20260930_134549/live_predictions_current_20260930.json,41.25,0.0
20260930,04,7,6,6,6.82,0.12853,0.0,6.0,西,predictions/2026/09/30/live/snapshots/20260930_134549/live_predictions_current_20260930.json,36.51,0.0
20260930,04,8,1,1,6.91,0.15076,0.0,1.0,西,predictions/2026/09/30/live/snapshots/20260930_141616/live_predictions_current_20260930.json,65.83,0.0
20260930,04,8,2,6,6.87,0.14967,0.0,2.0,西,predictions/2026/09/30/live/snapshots/20260930_141616/live_predictions_current_20260930.json,36.09,0.0
20260930,04,8,3,3,6.84,0.12533,0.0,3.0,西,predictions/2026/09/30/live/snapshots/20260930_141616/live_predictions_current_20260930.json,46.09,0.0
20260930,04,8,4,2,6.67,0.17684,0.0,4.0,西,predictions/2026/09/30/live/snapshots/20260930_141616/live_predictions_current_20260930.json,51.22,0.0
20260930,04,8,5,4,6.9,0.14382,0.0,5.0,西,predictions/2026/09/30/live/snapshots/20260930_141616/live_predictions_current_20260930.json,36.4,0.0
20260930,04,8,6,5,6.87,0.16358,0.0,6.0,西,predictions/2026/09/30/live/snapshots/20260930_141616/live_predictions_current_20260930.json,36.27,0.0
20260930,04,9,1,4,6.78,0.14381,0.0,1.0,西,predictions/2026/09/30/live/snapshots/20260930_144521/live_predictions_current_20260930.json,52.89,0.0
20260930,04,9,2,1,6.83,0.14273,0.0,2.0,西,predictions/2026/09/30/live/snapshots/20260930_144521/live_predictions_current_20260930.json,61.77,0.0
20260930,04,9,3,5,6.83,0.14709,0.0,3.0,西,predictions/2026/09/30/live/snapshots/20260930_144521/live_predictions_current_20260930.json,36.86,0.0
20260930,04,9,4,3,6.75,0.14579,0.0,4.0,西,predictions/2026/09/30/live/snapshots/20260930_144521/live_predictions_current_20260930.json,55.7,0.0
20260930,04,9,5,6,6.78,0.15733,0.0,5.0,西,predictions/2026/09/30/live/snapshots/20260930_144521/live_predictions_current_20260930.json,37.61,0.0
20260930,04,9,6,2,6.78,0.14119,0.0,6.0,西,predictions/2026/09/30/live/snapshots/20260930_144521/live_predictions_current_20260930.json,44.28,0.0
20260930,04,10,1,1,6.84,0.13577,0.0,1.0,西,predictions/2026/09/30/live/snapshots/20260930_152018/live_predictions_current_20260930.json,66.1,0.0
20260930,04,10,2,3,6.86,0.14357,0.0,2.0,西,predictions/2026/09/30/live/snapshots/20260930_152018/live_predictions_current_20260930.json,58.18,0.0
20260930,04,10,3,2,6.84,0.13608,0.0,3.0,西,predictions/2026/09/30/live/snapshots/20260930_152018/live_predictions_current_20260930.json,56.61,0.0
20260930,04,10,4,4,6.88,0.13381,0.0,4.0,西,predictions/2026/09/30/live/snapshots/20260930_152018/live_predictions_current_20260930.json,51.92,0.0
20260930,04,10,5,5,6.88,0.14133,0.0,5.0,西,predictions/2026/09/30/live/snapshots/20260930_152018/live_predictions_current_20260930.json,38.69,0.0
20260930,04,10,6,6,6.85,0.13778,0.0,6.0,西,predictions/2026/09/30/live/snapshots/20260930_152018/live_predictions_current_20260930.json,37.84,0.0
20260930,04,11,1,4,6.74,0.13773,0.0,1.0,西,predictions/2026/09/30/live/snapshots/20260930_154958/live_predictions_current_20260930.json,59.65,0.0
20260930,04,11,2,2,6.75,0.15585,0.0,2.0,西,predictions/2026/09/30/live/snapshots/20260930_154958/live_predictions_current_20260930.json,42.1,0.0
20260930,04,11,3,1,6.83,0.15625,0.0,3.0,西,predictions/2026/09/30/live/snapshots/20260930_154958/live_predictions_current_20260930.json,55.79,0.0
20260930,04,11,4,3,6.9,0.14526,0.0,4.0,西,predictions/2026/09/30/live/snapshots/20260930_154958/live_predictions_current_20260930.json,44.31,0.0
20260930,04,11,5,5,6.79,0.16848,0.0,5.0,西,predictions/2026/09/30/live/snapshots/20260930_154958/live_predictions_current_20260930.json,55.58,0.0
20260930,04,11,6,6,6.76,0.1358,0.0,6.0,西,predictions/2026/09/30/live/snapshots/20260930_154958/live_predictions_current_20260930.json,46.59,0.0
20260930,04,12,1,1,6.6,0.12844,0.0,1.0,西,predictions/2026/09/30/live/snapshots/20260930_161741/live_predictions_current_20260930.json,69.47,0.0
20260930,04,12,2,2,6.74,0.14733,0.0,2.0,西,predictions/2026/09/30/live/snapshots/20260930_161741/live_predictions_current_20260930.json,54.6,0.0
20260930,04,12,3,6,6.73,0.14328,0.0,3.0,西,predictions/2026/09/30/live/snapshots/20260930_161741/live_predictions_current_20260930.json,50.31,0.0
20260930,04,12,4,5,6.69,0.12864,0.0,4.0,西,predictions/2026/09/30/live/snapshots/20260930_161741/live_predictions_current_20260930.json,44.61,0.0
20260930,04,12,5,4,6.83,0.14074,0.0,5.0,西,predictions/2026/09/30/live/snapshots/20260930_161741/live_predictions_current_20260930.json,40.66,0.0
20260930,04,12,6,3,6.78,0.14394,0.0,6.0,西,predictions/2026/09/30/live/snapshots/20260930_161741/live_predictions_current_20260930.json,41.07,0.0
20260930,05,1,1,3,6.71,0.1319,0.0,1.0,北東,predictions/2026/09/30/live/snapshots/20260930_110027/live_predictions_current_20260930.json,55.23,0.0
20260930,05,1,2,6,6.77,0.16034,0.0,2.0,北東,predictions/2026/09/30/live/snapshots/20260930_110027/live_predictions_current_20260930.json,34.86,0.0
20260930,05,1,3,1,6.73,0.14473,0.0,3.0,北東,predictions/2026/09/30/live/snapshots/20260930_110027/live_predictions_current_20260930.json,40.33,0.0
20260930,05,1,4,5,6.7,0.17245,0.0,4.0,北東,predictions/2026/09/30/live/snapshots/20260930_110027/live_predictions_current_20260930.json,43.05,0.0
20260930,05,1,5,4,6.68,0.1587,0.0,5.0,北東,predictions/2026/09/30/live/snapshots/20260930_110027/live_predictions_current_20260930.json,32.66,0.0
20260930,05,1,6,2,6.59,0.1358,0.0,6.0,北東,predictions/2026/09/30/live/snapshots/20260930_110027/live_predictions_current_20260930.json,40.68,0.0
20260930,05,2,1,5,6.77,0.14631,0.0,1.0,北東,predictions/2026/09/30/live/snapshots/20260930_112927/live_predictions_current_20260930.json,48.76,0.0
20260930,05,2,2,1,6.7,0.15652,0.0,2.0,北東,predictions/2026/09/30/live/snapshots/20260930_112927/live_predictions_current_20260930.json,61.1,0.0
20260930,05,2,3,2,6.76,0.13882,0.0,3.0,北東,predictions/2026/09/30/live/snapshots/20260930_112927/live_predictions_current_20260930.json,42.84,0.0
20260930,05,2,4,6,6.75,0.16094,0.0,4.0,北東,predictions/2026/09/30/live/snapshots/20260930_112927/live_predictions_current_20260930.json,37.1,0.0
20260930,05,2,5,3,6.69,0.152,0.0,5.0,北東,predictions/2026/09/30/live/snapshots/20260930_112927/live_predictions_current_20260930.json,50.96,0.0
20260930,05,2,6,4,6.78,0.15231,0.0,6.0,北東,predictions/2026/09/30/live/snapshots/20260930_112927/live_predictions_current_20260930.json,30.48,0.0
20260930,05,3,1,3,6.71,0.14701,0.0,1.0,北東,predictions/2026/09/30/live/snapshots/20260930_114751/live_predictions_current_20260930.json,52.13,0.0
20260930,05,3,2,1,6.78,0.1618,0.0,2.0,北東,predictions/2026/09/30/live/snapshots/20260930_114751/live_predictions_current_20260930.json,45.94,0.0
20260930,05,3,3,4,6.79,0.17,0.0,3.0,北東,predictions/2026/09/30/live/snapshots/20260930_114751/live_predictions_current_20260930.json,34.95,0.0
20260930,05,3,4,2,6.79,0.15619,0.0,4.0,北東,predictions/2026/09/30/live/snapshots/20260930_114751/live_predictions_current_20260930.json,50.21,0.0
20260930,05,3,5,5,6.76,0.16115,0.0,5.0,北東,predictions/2026/09/30/live/snapshots/20260930_114751/live_predictions_current_20260930.json,44.41,0.0
20260930,05,3,6,6,6.63,0.174,0.0,6.0,北東,predictions/2026/09/30/live/snapshots/20260930_114751/live_predictions_current_20260930.json,41.59,0.0
20260930,05,4,1,5,6.74,0.14812,0.0,1.0,北東,predictions/2026/09/30/live/snapshots/20260930_121634/live_predictions_current_20260930.json,39.04,0.0
20260930,05,4,2,4,6.7,0.13787,0.0,2.0,北東,predictions/2026/09/30/live/snapshots/20260930_121634/live_predictions_current_20260930.json,49.66,0.0
20260930,05,4,3,6,6.63,0.15055,0.0,3.0,北東,predictions/2026/09/30/live/snapshots/20260930_121634/live_predictions_current_20260930.json,38.76,0.0
20260930,05,4,4,1,6.69,0.16733,0.0,4.0,北東,predictions/2026/09/30/live/snapshots/20260930_121634/live_predictions_current_20260930.json,40.49,0.0
20260930,05,4,5,3,6.71,0.15441,0.0,5.0,北東,predictions/2026/09/30/live/snapshots/20260930_121634/live_predictions_current_20260930.json,38.86,0.0
20260930,05,4,6,2,6.65,0.15045,0.0,6.0,北東,predictions/2026/09/30/live/snapshots/20260930_121634/live_predictions_current_20260930.json,43.25,0.0
20260930,05,5,1,3,6.78,0.1529,0.0,1.0,北西,predictions/2026/09/30/live/snapshots/20260930_124612/live_predictions_current_20260930.json,51.89,0.0
20260930,05,5,2,4,6.77,0.14578,0.0,2.0,北西,predictions/2026/09/30/live/snapshots/20260930_124612/live_predictions_current_20260930.json,46.03,0.0
20260930,05,5,3,1,6.71,0.13233,0.0,3.0,北西,predictions/2026/09/30/live/snapshots/20260930_124612/live_predictions_current_20260930.json,55.1,0.0
20260930,05,5,4,2,6.8,0.14473,0.0,4.0,北西,predictions/2026/09/30/live/snapshots/20260930_124612/live_predictions_current_20260930.json,39.21,0.0
20260930,05,5,5,6,6.77,0.15277,0.0,5.0,北西,predictions/2026/09/30/live/snapshots/20260930_124612/live_predictions_current_20260930.json,45.04,0.0
20260930,05,5,6,5,6.75,0.13953,0.0,6.0,北西,predictions/2026/09/30/live/snapshots/20260930_124612/live_predictions_current_20260930.json,41.55,0.0
20260930,05,6,1,6,6.75,0.16094,0.0,1.0,北西,predictions/2026/09/30/live/snapshots/20260930_131707/live_predictions_current_20260930.json,48.86,0.0
20260930,05,6,2,4,6.7,0.14877,0.0,2.0,北西,predictions/2026/09/30/live/snapshots/20260930_131707/live_predictions_current_20260930.json,51.83,0.0
20260930,05,6,3,1,6.78,0.17486,0.0,3.0,北西,predictions/2026/09/30/live/snapshots/20260930_131707/live_predictions_current_20260930.json,43.48,0.0
20260930,05,6,4,2,6.75,0.15232,0.0,4.0,北西,predictions/2026/09/30/live/snapshots/20260930_131707/live_predictions_current_20260930.json,44.34,0.0
20260930,05,6,5,5,6.79,0.14631,0.0,5.0,北西,predictions/2026/09/30/live/snapshots/20260930_131707/live_predictions_current_20260930.json,33.64,0.0
20260930,05,6,6,3,6.69,0.14795,0.0,6.0,北西,predictions/2026/09/30/live/snapshots/20260930_131707/live_predictions_current_20260930.json,51.37,0.0
20260930,05,7,1,1,6.72,0.15771,0.0,1.0,北東,predictions/2026/09/30/live/snapshots/20260930_134549/live_predictions_current_20260930.json,64.49,0.0
20260930,05,7,2,3,6.73,0.1587,0.0,2.0,北東,predictions/2026/09/30/live/snapshots/20260930_134549/live_predictions_current_20260930.json,39.94,0.0
20260930,05,7,3,4,6.72,0.16116,0.0,3.0,北東,predictions/2026/09/30/live/snapshots/20260930_134549/live_predictions_current_20260930.json,40.01,0.0
20260930,05,7,4,2,6.8,0.14529,0.0,4.0,北東,predictions/2026/09/30/live/snapshots/20260930_134549/live_predictions_current_20260930.json,51.04,0.0
20260930,05,7,5,6,6.72,0.17,0.0,5.0,北東,predictions/2026/09/30/live/snapshots/20260930_134549/live_predictions_current_20260930.json,30.47,0.0
20260930,05,7,6,5,6.75,0.1397,0.0,6.0,北東,predictions/2026/09/30/live/snapshots/20260930_134549/live_predictions_current_20260930.json,30.63,0.0
20260930,05,8,1,4,6.74,0.15197,0.0,1.0,北東,predictions/2026/09/30/live/snapshots/20260930_141616/live_predictions_current_20260930.json,51.49,0.0
20260930,05,8,2,2,6.73,0.15441,0.0,3.0,北東,predictions/2026/09/30/live/snapshots/20260930_141616/live_predictions_current_20260930.json,46.14,1.0
20260930,05,8,3,1,6.73,0.16733,0.0,4.0,北東,predictions/2026/09/30/live/snapshots/20260930_141616/live_predictions_current_20260930.json,41.61,1.0
20260930,05,8,4,5,6.79,0.1618,0.0,5.0,北東,predictions/2026/09/30/live/snapshots/20260930_141616/live_predictions_current_20260930.json,42.02,1.0
20260930,05,8,5,3,6.81,0.13882,0.0,6.0,北東,predictions/2026/09/30/live/snapshots/20260930_141616/live_predictions_current_20260930.json,38.36,1.0
20260930,05,8,6,6,6.78,0.1319,0.0,2.0,北東,predictions/2026/09/30/live/snapshots/20260930_141616/live_predictions_current_20260930.json,37.87,1.0
20260930,05,9,1,2,6.71,0.13953,0.0,1.0,北東,predictions/2026/09/30/live/snapshots/20260930_144521/live_predictions_current_20260930.json,58.91,0.0
20260930,05,9,2,5,6.73,0.16115,0.0,2.0,北東,predictions/2026/09/30/live/snapshots/20260930_144521/live_predictions_current_20260930.json,51.69,0.0
20260930,05,9,3,1,6.64,0.174,0.0,3.0,北東,predictions/2026/09/30/live/snapshots/20260930_144521/live_predictions_current_20260930.json,48.31,0.0
20260930,05,9,4,3,6.71,0.1358,0.0,4.0,北東,predictions/2026/09/30/live/snapshots/20260930_144521/live_predictions_current_20260930.json,46.28,0.0
20260930,05,9,5,4,6.74,0.17245,0.0,5.0,北東,predictions/2026/09/30/live/snapshots/20260930_144521/live_predictions_current_20260930.json,39.69,0.0
20260930,05,9,6,6,6.82,0.1529,0.0,6.0,北東,predictions/2026/09/30/live/snapshots/20260930_144521/live_predictions_current_20260930.json,34.53,0.0
20260930,05,10,1,1,6.67,0.14795,0.0,1.0,北東,predictions/2026/09/30/live/snapshots/20260930_152018/live_predictions_current_20260930.json,68.73,0.0
20260930,05,10,2,3,6.77,0.15277,0.0,2.0,北東,predictions/2026/09/30/live/snapshots/20260930_152018/live_predictions_current_20260930.json,52.32,0.0
20260930,05,10,3,4,6.72,0.152,0.0,3.0,北東,predictions/2026/09/30/live/snapshots/20260930_152018/live_predictions_current_20260930.json,55.44,0.0
20260930,05,10,4,2,6.75,0.13233,0.0,4.0,北東,predictions/2026/09/30/live/snapshots/20260930_152018/live_predictions_current_20260930.json,53.98,0.0
20260930,05,10,5,5,6.69,0.15652,0.0,5.0,北東,predictions/2026/09/30/live/snapshots/20260930_152018/live_predictions_current_20260930.json,53.82,0.0
20260930,05,10,6,6,6.74,0.14701,0.0,6.0,北東,predictions/2026/09/30/live/snapshots/20260930_152018/live_predictions_current_20260930.json,34.77,0.0
20260930,05,11,1,2,6.65,0.15045,0.0,1.0,北東,predictions/2026/09/30/live/snapshots/20260930_154958/live_predictions_current_20260930.json,60.61,0.0
20260930,05,11,2,1,6.68,0.15619,0.0,2.0,北東,predictions/2026/09/30/live/snapshots/20260930_154958/live_predictions_current_20260930.json,54.13,0.0
20260930,05,11,3,4,6.75,0.14529,0.0,3.0,北東,predictions/2026/09/30/live/snapshots/20260930_154958/live_predictions_current_20260930.json,52.16,0.0
20260930,05,11,4,5,6.75,0.17486,0.0,4.0,北東,predictions/2026/09/30/live/snapshots/20260930_154958/live_predictions_current_20260930.json,42.36,0.0
20260930,05,11,5,6,6.73,0.14877,0.0,5.0,北東,predictions/2026/09/30/live/snapshots/20260930_154958/live_predictions_current_20260930.json,44.55,0.0
20260930,05,11,6,3,6.8,0.15771,0.0,6.0,北東,predictions/2026/09/30/live/snapshots/20260930_154958/live_predictions_current_20260930.json,47.13,0.0
20260930,05,12,1,1,6.63,0.14849,0.0,1.0,北東,data/prediction_input_enriched_live_20260930.json,72.8,0.0
20260930,05,12,2,3,6.72,0.13552,0.0,2.0,北東,data/prediction_input_enriched_live_20260930.json,63.69,0.0
20260930,05,12,3,2,6.65,0.15671,0.0,3.0,北東,data/prediction_input_enriched_live_20260930.json,59.81,0.0
20260930,05,12,4,4,6.7,0.13953,0.0,5.0,北東,data/prediction_input_enriched_live_20260930.json,61.52,1.0
20260930,05,12,5,6,6.7,0.15776,0.0,6.0,北東,data/prediction_input_enriched_live_20260930.json,43.68,1.0
20260930,05,12,6,5,6.65,0.16305,0.0,4.0,北東,data/prediction_input_enriched_live_20260930.json,49.06,1.0
20260930,06,1,1,1,6.66,0.15327,0.0,1.0,東,predictions/2026/09/30/live/snapshots/20260930_110027/live_predictions_current_20260930.json,51.0,0.0
20260930,06,1,2,4,6.77,0.16884,0.0,2.0,東,predictions/2026/09/30/live/snapshots/20260930_110027/live_predictions_current_20260930.json,45.96,0.0
20260930,06,1,3,3,6.78,0.18569,0.0,3.0,東,predictions/2026/09/30/live/snapshots/20260930_110027/live_predictions_current_20260930.json,52.52,0.0
20260930,06,1,4,2,6.79,0.18071,0.0,4.0,東,predictions/2026/09/30/live/snapshots/20260930_110027/live_predictions_current_20260930.json,39.93,0.0
20260930,06,1,5,6,6.75,0.14087,0.0,5.0,東,predictions/2026/09/30/live/snapshots/20260930_110027/live_predictions_current_20260930.json,29.74,0.0
20260930,06,1,6,5,6.76,0.15797,0.0,6.0,東,predictions/2026/09/30/live/snapshots/20260930_110027/live_predictions_current_20260930.json,51.48,0.0
20260930,06,2,1,2,6.73,0.13321,0.0,1.0,nan,predictions/2026/09/30/live/snapshots/20260930_114751/live_predictions_current_20260930.json,59.98,0.0
20260930,06,2,2,4,6.72,0.18459,0.0,3.0,nan,predictions/2026/09/30/live/snapshots/20260930_114751/live_predictions_current_20260930.json,55.88,1.0
20260930,06,2,3,1,6.64,0.15924,0.0,4.0,nan,predictions/2026/09/30/live/snapshots/20260930_114751/live_predictions_current_20260930.json,51.16,1.0
20260930,06,2,4,6,6.76,0.16074,0.0,5.0,nan,predictions/2026/09/30/live/snapshots/20260930_114751/live_predictions_current_20260930.json,41.1,1.0
20260930,06,2,5,5,6.67,0.18302,0.0,6.0,nan,predictions/2026/09/30/live/snapshots/20260930_114751/live_predictions_current_20260930.json,46.99,1.0
20260930,06,2,6,3,6.73,0.17544,0.0,2.0,nan,predictions/2026/09/30/live/snapshots/20260930_114751/live_predictions_current_20260930.json,38.04,1.0
20260930,06,3,1,1,6.63,0.16358,0.0,1.0,nan,predictions/2026/09/30/live/snapshots/20260930_121634/live_predictions_current_20260930.json,55.29,0.0
20260930,06,3,2,2,6.69,0.1625,0.0,2.0,nan,predictions/2026/09/30/live/snapshots/20260930_121634/live_predictions_current_20260930.json,51.16,0.0
20260930,06,3,3,6,6.74,0.16429,0.0,3.0,nan,predictions/2026/09/30/live/snapshots/20260930_121634/live_predictions_current_20260930.json,47.18,0.0
20260930,06,3,4,5,6.71,0.147,0.0,5.0,nan,predictions/2026/09/30/live/snapshots/20260930_121634/live_predictions_current_20260930.json,36.03,1.0
20260930,06,3,5,4,6.78,0.16738,0.0,6.0,nan,predictions/2026/09/30/live/snapshots/20260930_121634/live_predictions_current_20260930.json,34.68,1.0
20260930,06,3,6,3,6.71,0.17925,0.0,4.0,nan,predictions/2026/09/30/live/snapshots/20260930_121634/live_predictions_current_20260930.json,44.67,1.0
20260930,06,4,1,1,6.76,0.16475,0.0,1.0,nan,predictions/2026/09/30/live/snapshots/20260930_124612/live_predictions_current_20260930.json,62.07,0.0
20260930,06,4,2,4,6.73,0.19738,0.0,2.0,nan,predictions/2026/09/30/live/snapshots/20260930_124612/live_predictions_current_20260930.json,44.96,0.0
20260930,06,4,3,5,6.79,0.16618,0.0,3.0,nan,predictions/2026/09/30/live/snapshots/20260930_124612/live_predictions_current_20260930.json,50.28,0.0
20260930,06,4,4,2,6.72,0.14056,0.0,4.0,nan,predictions/2026/09/30/live/snapshots/20260930_124612/live_predictions_current_20260930.json,45.33,0.0
20260930,06,4,5,3,6.74,0.15175,0.0,5.0,nan,predictions/2026/09/30/live/snapshots/20260930_124612/live_predictions_current_20260930.json,33.0,0.0
20260930,06,4,6,6,6.73,0.16923,0.0,6.0,nan,predictions/2026/09/30/live/snapshots/20260930_124612/live_predictions_current_20260930.json,33.32,0.0
20260930,06,5,1,2,6.74,0.19723,0.0,1.0,nan,predictions/2026/09/30/live/snapshots/20260930_131707/live_predictions_current_20260930.json,55.36,0.0
20260930,06,5,2,1,6.76,0.17957,0.0,2.0,nan,predictions/2026/09/30/live/snapshots/20260930_131707/live_predictions_current_20260930.json,57.18,0.0
20260930,06,5,3,5,6.79,0.17404,0.0,3.0,nan,predictions/2026/09/30/live/snapshots/20260930_131707/live_predictions_current_20260930.json,50.92,0.0
20260930,06,5,4,6,6.78,0.16031,0.0,4.0,nan,predictions/2026/09/30/live/snapshots/20260930_131707/live_predictions_current_20260930.json,37.91,0.0
20260930,06,5,5,4,6.78,0.16217,0.0,5.0,nan,predictions/2026/09/30/live/snapshots/20260930_131707/live_predictions_current_20260930.json,44.82,0.0
20260930,06,5,6,3,6.76,0.18662,0.0,6.0,nan,predictions/2026/09/30/live/snapshots/20260930_131707/live_predictions_current_20260930.json,48.7,0.0
20260930,06,6,1,2,6.77,0.16824,0.0,1.0,nan,predictions/2026/09/30/live/snapshots/20260930_134549/live_predictions_current_20260930.json,56.91,0.0
20260930,06,6,2,6,6.83,0.16278,0.0,3.0,nan,predictions/2026/09/30/live/snapshots/20260930_134549/live_predictions_current_20260930.json,53.37,1.0
20260930,06,6,3,4,6.82,0.16862,0.0,4.0,nan,predictions/2026/09/30/live/snapshots/20260930_134549/live_predictions_current_20260930.json,53.09,1.0
20260930,06,6,4,3,6.79,0.13321,0.0,5.0,nan,predictions/2026/09/30/live/snapshots/20260930_134549/live_predictions_current_20260930.json,47.2,1.0
20260930,06,6,5,5,6.73,0.16884,0.0,6.0,nan,predictions/2026/09/30/live/snapshots/20260930_134549/live_predictions_current_20260930.json,38.05,1.0
20260930,06,6,6,1,6.77,0.15967,0.0,2.0,nan,predictions/2026/09/30/live/snapshots/20260930_134549/live_predictions_current_20260930.json,51.86,1.0
20260930,06,7,1,1,6.64,0.16169,0.0,1.0,nan,predictions/2026/09/30/live/snapshots/20260930_141616/live_predictions_current_20260930.json,59.28,0.0
20260930,06,7,2,2,6.66,0.14696,0.0,2.0,nan,predictions/2026/09/30/live/snapshots/20260930_141616/live_predictions_current_20260930.json,57.23,0.0
20260930,06,7,3,3,6.73,0.16074,0.0,3.0,nan,predictions/2026/09/30/live/snapshots/20260930_141616/live_predictions_current_20260930.json,42.32,0.0
20260930,06,7,4,5,6.72,0.18569,0.0,4.0,nan,predictions/2026/09/30/live/snapshots/20260930_141616/live_predictions_current_20260930.json,51.3,0.0
20260930,06,7,5,6,6.63,0.16358,0.0,5.0,nan,predictions/2026/09/30/live/snapshots/20260930_141616/live_predictions_current_20260930.json,38.86,0.0
20260930,06,7,6,4,6.67,0.17141,0.0,6.0,nan,predictions/2026/09/30/live/snapshots/20260930_141616/live_predictions_current_20260930.json,47.41,0.0
20260930,06,8,1,1,6.65,0.18302,0.0,1.0,西,data/prediction_input_enriched_live_20260930.json,63.43,0.0
20260930,06,8,2,2,6.68,0.15175,0.0,2.0,西,data/prediction_input_enriched_live_20260930.json,40.92,0.0
20260930,06,8,3,3,6.71,0.1545,0.0,3.0,西,data/prediction_input_enriched_live_20260930.json,38.54,0.0
20260930,06,8,4,5,6.72,0.16838,0.0,4.0,西,data/prediction_input_enriched_live_20260930.json,50.24,0.0
20260930,06,8,5,4,6.73,0.15231,0.0,5.0,西,data/prediction_input_enriched_live_20260930.json,49.69,0.0
20260930,06,8,6,6,6.69,0.147,0.0,6.0,西,data/prediction_input_enriched_live_20260930.json,29.94,0.0
20260930,06,9,1,1,6.71,0.16479,0.0,1.0,南西,data/prediction_input_enriched_live_20260930.json,65.92,0.0
20260930,06,9,2,6,6.74,0.16206,0.0,2.0,南西,data/prediction_input_enriched_live_20260930.json,38.7,0.0
20260930,06,9,3,5,6.73,0.16031,0.0,3.0,南西,data/prediction_input_enriched_live_20260930.json,39.13,0.0
20260930,06,9,4,3,6.75,0.15797,0.0,4.0,南西,data/prediction_input_enriched_live_20260930.json,57.08,0.0
20260930,06,9,5,4,6.75,0.16618,0.0,5.0,南西,data/prediction_input_enriched_live_20260930.json,45.41,0.0
20260930,06,9,6,2,6.72,0.1625,0.0,6.0,南西,data/prediction_input_enriched_live_20260930.json,40.81,0.0
20260930,06,10,1,5,6.68,0.15803,0.0,1.0,南西,data/prediction_input_enriched_live_20260930.json,65.97,0.0
20260930,06,10,2,4,6.75,0.16217,0.0,2.0,南西,data/prediction_input_enriched_live_20260930.json,52.74,0.0
20260930,06,10,3,6,6.67,0.17544,0.0,3.0,南西,data/prediction_input_enriched_live_20260930.json,45.34,0.0
20260930,06,10,4,1,6.74,0.16429,0.0,5.0,南西,data/prediction_input_enriched_live_20260930.json,45.97,1.0
20260930,06,10,5,3,6.71,0.15327,0.0,4.0,南西,data/prediction_input_enriched_live_20260930.json,35.88,1.0
20260930,06,10,6,2,6.78,0.16862,0.0,6.0,南西,data/prediction_input_enriched_live_20260930.json,46.37,0.0
20260930,06,11,1,2,6.71,0.15672,0.0,1.0,南西,data/prediction_input_enriched_live_20260930.json,62.83,0.0
20260930,06,11,2,1,6.69,0.17141,0.0,2.0,南西,data/prediction_input_enriched_live_20260930.json,57.76,0.0
20260930,06,11,3,4,6.7,0.18662,0.0,3.0,南西,data/prediction_input_enriched_live_20260930.json,55.42,0.0
20260930,06,11,4,3,6.71,0.16923,0.0,4.0,南西,data/prediction_input_enriched_live_20260930.json,39.41,0.0
20260930,06,11,5,5,6.66,0.15924,0.0,5.0,南西,data/prediction_input_enriched_live_20260930.json,46.29,0.0
20260930,06,11,6,6,6.78,0.16278,0.0,6.0,南西,data/prediction_input_enriched_live_20260930.json,43.03,0.0
20260930,06,12,1,1,6.71,0.16838,0.0,1.0,南西,data/prediction_input_enriched_live_20260930.json,63.02,0.0
20260930,06,12,2,6,6.7,0.15967,0.0,2.0,南西,data/prediction_input_enriched_live_20260930.json,62.2,0.0
20260930,06,12,3,3,6.7,0.17925,0.0,3.0,南西,data/prediction_input_enriched_live_20260930.json,51.97,0.0
20260930,06,12,4,2,6.75,0.16475,0.0,4.0,南西,data/prediction_input_enriched_live_20260930.json,50.31,0.0
20260930,06,12,5,5,6.72,0.18459,0.0,5.0,南西,data/prediction_input_enriched_live_20260930.json,47.97,0.0
20260930,06,12,6,4,6.7,0.17957,0.0,6.0,南西,data/prediction_input_enriched_live_20260930.json,46.83,0.0
20260930,07,1,1,5,6.65,0.15462,0.0,1.0,西,predictions/2026/09/30/live/snapshots/20260930_152018/live_predictions_current_20260930.json,51.35,0.0
20260930,07,1,2,6,6.68,0.16652,0.0,2.0,西,predictions/2026/09/30/live/snapshots/20260930_152018/live_predictions_current_20260930.json,47.67,0.0
20260930,07,1,3,4,6.66,0.16486,0.0,3.0,西,predictions/2026/09/30/live/snapshots/20260930_152018/live_predictions_current_20260930.json,39.98,0.0
20260930,07,1,4,1,6.68,0.15422,0.0,4.0,西,predictions/2026/09/30/live/snapshots/20260930_152018/live_predictions_current_20260930.json,51.87,0.0
20260930,07,1,5,2,6.64,0.14344,0.0,5.0,西,predictions/2026/09/30/live/snapshots/20260930_152018/live_predictions_current_20260930.json,34.84,0.0
20260930,07,1,6,3,6.64,0.16034,0.0,6.0,西,predictions/2026/09/30/live/snapshots/20260930_152018/live_predictions_current_20260930.json,33.5,0.0
20260930,07,2,1,1,6.63,0.16422,0.0,1.0,西,predictions/2026/09/30/live/snapshots/20260930_154958/live_predictions_current_20260930.json,61.22,0.0
20260930,07,2,2,2,6.73,0.148,0.0,2.0,西,predictions/2026/09/30/live/snapshots/20260930_154958/live_predictions_current_20260930.json,57.32,0.0
20260930,07,2,3,3,6.65,0.16531,0.0,3.0,西,predictions/2026/09/30/live/snapshots/20260930_154958/live_predictions_current_20260930.json,64.59,0.0
20260930,07,2,4,4,6.66,0.16594,0.0,4.0,西,predictions/2026/09/30/live/snapshots/20260930_154958/live_predictions_current_20260930.json,44.25,0.0
20260930,07,2,5,5,6.66,0.14667,0.0,5.0,西,predictions/2026/09/30/live/snapshots/20260930_154958/live_predictions_current_20260930.json,37.11,0.0
20260930,07,2,6,6,6.77,0.17385,0.0,6.0,西,predictions/2026/09/30/live/snapshots/20260930_154958/live_predictions_current_20260930.json,40.95,0.0
20260930,07,3,1,1,6.57,0.1478,0.0,1.0,西,predictions/2026/09/30/live/snapshots/20260930_161741/live_predictions_current_20260930.json,64.23,0.0
20260930,07,3,2,5,6.72,0.17283,0.0,2.0,西,predictions/2026/09/30/live/snapshots/20260930_161741/live_predictions_current_20260930.json,45.97,0.0
20260930,07,3,3,6,6.62,0.15174,0.0,4.0,西,predictions/2026/09/30/live/snapshots/20260930_161741/live_predictions_current_20260930.json,43.06,1.0
20260930,07,3,4,4,6.72,0.17848,0.0,3.0,西,predictions/2026/09/30/live/snapshots/20260930_161741/live_predictions_current_20260930.json,54.91,1.0
20260930,07,3,5,2,6.62,0.16543,0.0,5.0,西,predictions/2026/09/30/live/snapshots/20260930_161741/live_predictions_current_20260930.json,35.68,0.0
20260930,07,3,6,3,6.67,0.15566,0.0,6.0,西,predictions/2026/09/30/live/snapshots/20260930_161741/live_predictions_current_20260930.json,49.94,0.0
20260930,07,4,1,1,6.63,0.16703,0.0,1.0,西,predictions/2026/09/30/live/snapshots/20260930_164635/live_predictions_current_20260930.json,59.48,0.0
20260930,07,4,2,4,6.68,0.15133,0.0,2.0,西,predictions/2026/09/30/live/snapshots/20260930_164635/live_predictions_current_20260930.json,50.3,0.0
20260930,07,4,3,6,6.66,0.1513,0.0,3.0,西,predictions/2026/09/30/live/snapshots/20260930_164635/live_predictions_current_20260930.json,55.93,0.0
20260930,07,4,4,5,6.65,0.16024,0.0,4.0,西,predictions/2026/09/30/live/snapshots/20260930_164635/live_predictions_current_20260930.json,53.62,0.0
20260930,07,4,5,3,6.64,0.16651,0.0,5.0,西,predictions/2026/09/30/live/snapshots/20260930_164635/live_predictions_current_20260930.json,43.63,0.0
20260930,07,4,6,2,6.64,0.15925,0.0,6.0,西,predictions/2026/09/30/live/snapshots/20260930_164635/live_predictions_current_20260930.json,52.83,0.0
20260930,07,5,1,1,6.61,0.1818,0.0,1.0,西,data/prediction_input_enriched_live_20260930.json,53.51,0.0
20260930,07,5,2,3,6.59,0.14791,0.0,2.0,西,data/prediction_input_enriched_live_20260930.json,59.11,0.0
20260930,07,5,3,5,6.62,0.174,0.0,3.0,西,data/prediction_input_enriched_live_20260930.json,60.95,0.0
20260930,07,5,4,4,6.65,0.15357,0.0,4.0,西,data/prediction_input_enriched_live_20260930.json,46.58,0.0
20260930,07,5,5,2,6.66,0.17065,0.0,5.0,西,data/prediction_input_enriched_live_20260930.json,38.49,0.0
20260930,07,5,6,6,6.54,0.17,0.0,6.0,西,data/prediction_input_enriched_live_20260930.json,32.43,0.0
20260930,07,6,1,1,6.65,0.1471,0.0,1.0,西,predictions/2026/09/30/live/snapshots/20260930_174717/live_predictions_current_20260930.json,55.68,0.0
20260930,07,6,2,5,6.71,0.17931,0.0,2.0,西,predictions/2026/09/30/live/snapshots/20260930_174717/live_predictions_current_20260930.json,63.56,0.0
20260930,07,6,3,6,6.73,0.16068,0.0,3.0,西,predictions/2026/09/30/live/snapshots/20260930_174717/live_predictions_current_20260930.json,41.3,0.0
20260930,07,6,4,3,6.6,0.16378,0.0,4.0,西,predictions/2026/09/30/live/snapshots/20260930_174717/live_predictions_current_20260930.json,57.24,0.0
20260930,07,6,5,2,6.63,0.17641,0.0,5.0,西,predictions/2026/09/30/live/snapshots/20260930_174717/live_predictions_current_20260930.json,57.2,0.0
20260930,07,6,6,4,6.64,0.16128,0.0,6.0,西,predictions/2026/09/30/live/snapshots/20260930_174717/live_predictions_current_20260930.json,36.64,0.0
20260930,07,7,1,1,6.73,0.13977,0.0,1.0,東,predictions/2026/09/30/live/snapshots/20260930_181608/live_predictions_current_20260930.json,65.13,0.0
20260930,07,7,2,3,6.78,0.16587,0.0,2.0,東,predictions/2026/09/30/live/snapshots/20260930_181608/live_predictions_current_20260930.json,46.03,0.0
20260930,07,7,3,2,6.74,0.16111,0.0,3.0,東,predictions/2026/09/30/live/snapshots/20260930_181608/live_predictions_current_20260930.json,50.56,0.0
20260930,07,7,4,5,6.84,0.15562,0.0,4.0,東,predictions/2026/09/30/live/snapshots/20260930_181608/live_predictions_current_20260930.json,45.5,0.0
20260930,07,7,5,4,6.82,0.16034,0.0,5.0,東,predictions/2026/09/30/live/snapshots/20260930_181608/live_predictions_current_20260930.json,35.74,0.0
20260930,07,7,6,6,6.69,0.16543,0.0,6.0,東,predictions/2026/09/30/live/snapshots/20260930_181608/live_predictions_current_20260930.json,33.44,0.0
20260930,07,8,1,2,6.84,0.17283,0.0,1.0,東,data/prediction_input_enriched_live_20260930.json,53.81,0.0
20260930,07,8,2,6,6.87,0.17385,0.0,2.0,東,data/prediction_input_enriched_live_20260930.json,50.47,0.0
20260930,07,8,3,1,6.73,0.16622,0.0,3.0,東,data/prediction_input_enriched_live_20260930.json,53.4,0.0
20260930,07,8,4,5,6.84,0.16486,0.0,4.0,東,data/prediction_input_enriched_live_20260930.json,38.86,0.0
20260930,07,8,5,3,6.74,0.15909,0.0,5.0,東,data/prediction_input_enriched_live_20260930.json,35.03,0.0
20260930,07,8,6,4,6.78,0.16804,0.0,6.0,東,data/prediction_input_enriched_live_20260930.json,48.41,0.0
20260930,07,9,1,5,6.74,0.16732,0.0,1.0,東,predictions/2026/09/30/live/snapshots/20260930_191657/live_predictions_current_20260930.json,65.46,0.0
20260930,07,9,2,6,6.8,0.16687,0.0,2.0,東,predictions/2026/09/30/live/snapshots/20260930_191657/live_predictions_current_20260930.json,60.2,0.0
20260930,07,9,3,1,6.76,0.16422,0.0,3.0,東,predictions/2026/09/30/live/snapshots/20260930_191657/live_predictions_current_20260930.json,50.58,0.0
20260930,07,9,4,3,6.79,0.17204,0.0,4.0,東,predictions/2026/09/30/live/snapshots/20260930_191657/live_predictions_current_20260930.json,39.72,0.0
20260930,07,9,5,4,6.76,0.1818,0.0,5.0,東,predictions/2026/09/30/live/snapshots/20260930_191657/live_predictions_current_20260930.json,38.39,0.0
20260930,07,9,6,2,6.66,0.16208,0.0,6.0,東,predictions/2026/09/30/live/snapshots/20260930_191657/live_predictions_current_20260930.json,44.56,0.0
20260930,07,10,1,1,6.71,0.15422,0.0,1.0,東,predictions/2026/09/30/live/snapshots/20260930_194626/live_predictions_current_20260930.json,63.63,0.0
20260930,07,10,2,6,6.78,0.17848,0.0,2.0,東,predictions/2026/09/30/live/snapshots/20260930_194626/live_predictions_current_20260930.json,58.83,0.0
20260930,07,10,3,4,6.81,0.14667,0.0,3.0,東,predictions/2026/09/30/live/snapshots/20260930_194626/live_predictions_current_20260930.json,41.59,0.0
20260930,07,10,4,2,6.74,0.15154,0.0,4.0,東,predictions/2026/09/30/live/snapshots/20260930_194626/live_predictions_current_20260930.json,59.06,0.0
20260930,07,10,5,5,6.74,0.15925,0.0,5.0,東,predictions/2026/09/30/live/snapshots/20260930_194626/live_predictions_current_20260930.json,55.07,0.0
20260930,07,10,6,3,6.7,0.16378,0.0,6.0,東,predictions/2026/09/30/live/snapshots/20260930_194626/live_predictions_current_20260930.json,51.64,0.0
20260930,07,11,1,5,6.78,0.16111,0.0,1.0,北,predictions/2026/09/30/live/snapshots/20260930_201458/live_predictions_current_20260930.json,61.2,0.0
20260930,07,11,2,1,6.79,0.16128,0.0,2.0,北,predictions/2026/09/30/live/snapshots/20260930_201458/live_predictions_current_20260930.json,46.16,0.0
20260930,07,11,3,2,6.69,0.14791,0.0,3.0,北,predictions/2026/09/30/live/snapshots/20260930_201458/live_predictions_current_20260930.json,56.31,0.0
20260930,07,11,4,6,6.81,0.15462,0.0,4.0,北,predictions/2026/09/30/live/snapshots/20260930_201458/live_predictions_current_20260930.json,39.59,0.0
20260930,07,11,5,3,6.78,0.16531,0.0,5.0,北,predictions/2026/09/30/live/snapshots/20260930_201458/live_predictions_current_20260930.json,60.11,0.0
20260930,07,11,6,4,6.75,0.16024,0.0,6.0,北,predictions/2026/09/30/live/snapshots/20260930_201458/live_predictions_current_20260930.json,48.02,0.0
20260930,07,12,1,1,6.68,0.16622,0.0,1.0,nan,predictions/2026/09/30/live/snapshots/20260930_203327/live_predictions_current_20260930.json,64.04,0.0
20260930,07,12,2,3,6.76,0.15566,0.0,2.0,nan,predictions/2026/09/30/live/snapshots/20260930_203327/live_predictions_current_20260930.json,59.46,0.0
20260930,07,12,3,6,6.74,0.13977,0.0,3.0,nan,predictions/2026/09/30/live/snapshots/20260930_203327/live_predictions_current_20260930.json,54.49,0.0
20260930,07,12,4,4,6.79,0.16651,0.0,4.0,nan,predictions/2026/09/30/live/snapshots/20260930_203327/live_predictions_current_20260930.json,46.99,0.0
20260930,07,12,5,2,6.68,0.174,0.0,5.0,nan,predictions/2026/09/30/live/snapshots/20260930_203327/live_predictions_current_20260930.json,56.47,0.0
20260930,07,12,6,5,6.78,0.17931,0.0,6.0,nan,predictions/2026/09/30/live/snapshots/20260930_203327/live_predictions_current_20260930.json,54.04,0.0
20260930,09,1,1,1,6.68,0.13432,0.0,1.0,西北西,predictions/2026/09/30/live/snapshots/20260930_101600/live_predictions_current_20260930.json,65.25,0.0
20260930,09,1,2,4,6.72,0.1425,0.0,2.0,西北西,predictions/2026/09/30/live/snapshots/20260930_101600/live_predictions_current_20260930.json,47.73,0.0
20260930,09,1,3,5,6.75,0.15478,0.0,3.0,西北西,predictions/2026/09/30/live/snapshots/20260930_101600/live_predictions_current_20260930.json,39.02,0.0
20260930,09,1,4,2,6.7,0.15507,0.0,4.0,西北西,predictions/2026/09/30/live/snapshots/20260930_101600/live_predictions_current_20260930.json,45.41,0.0
20260930,09,1,5,3,6.72,0.14829,0.0,5.0,西北西,predictions/2026/09/30/live/snapshots/20260930_101600/live_predictions_current_20260930.json,39.25,0.0
20260930,09,1,6,6,6.71,0.19465,0.0,6.0,西北西,predictions/2026/09/30/live/snapshots/20260930_101600/live_predictions_current_20260930.json,32.12,0.0
20260930,09,2,1,1,6.77,0.15556,0.0,1.0,西北西,predictions/2026/09/30/live/snapshots/20260930_104434/live_predictions_current_20260930.json,58.59,0.0
20260930,09,2,2,3,6.77,0.15721,0.0,2.0,西北西,predictions/2026/09/30/live/snapshots/20260930_104434/live_predictions_current_20260930.json,50.56,0.0
20260930,09,2,3,4,6.82,0.14048,0.0,3.0,西北西,predictions/2026/09/30/live/snapshots/20260930_104434/live_predictions_current_20260930.json,44.14,0.0
20260930,09,2,4,2,6.7,0.1505,0.0,4.0,西北西,predictions/2026/09/30/live/snapshots/20260930_104434/live_predictions_current_20260930.json,37.18,0.0
20260930,09,2,5,5,6.81,0.17296,0.0,5.0,西北西,predictions/2026/09/30/live/snapshots/20260930_104434/live_predictions_current_20260930.json,42.16,0.0
20260930,09,2,6,6,6.74,0.17094,0.0,6.0,西北西,predictions/2026/09/30/live/snapshots/20260930_104434/live_predictions_current_20260930.json,26.04,0.0
20260930,09,3,1,1,6.77,0.15301,0.0,1.0,nan,data/prediction_input_enriched_live_20260930.json,58.31,0.0
20260930,09,3,2,3,6.75,0.1531,0.0,2.0,nan,data/prediction_input_enriched_live_20260930.json,56.58,0.0
20260930,09,3,3,6,6.78,0.14866,0.0,3.0,nan,data/prediction_input_enriched_live_20260930.json,42.41,0.0
20260930,09,3,4,5,6.8,0.13365,0.0,4.0,nan,data/prediction_input_enriched_live_20260930.json,42.18,0.0
20260930,09,3,5,4,6.8,0.1561,0.0,5.0,nan,data/prediction_input_enriched_live_20260930.json,46.77,0.0
20260930,09,3,6,2,6.73,0.15,0.0,6.0,nan,data/prediction_input_enriched_live_20260930.json,50.33,0.0
20260930,09,4,1,4,6.71,0.15763,0.0,1.0,東北東,predictions/2026/09/30/live/snapshots/20260930_114751/live_predictions_current_20260930.json,56.27,0.0
20260930,09,4,2,2,6.72,0.156,0.0,3.0,東北東,predictions/2026/09/30/live/snapshots/20260930_114751/live_predictions_current_20260930.json,58.83,1.0
20260930,09,4,3,3,6.74,0.14902,0.0,4.0,東北東,predictions/2026/09/30/live/snapshots/20260930_114751/live_predictions_current_20260930.json,54.59,1.0
20260930,09,4,4,6,6.88,0.14561,0.0,5.0,東北東,predictions/2026/09/30/live/snapshots/20260930_114751/live_predictions_current_20260930.json,35.97,1.0
20260930,09,4,5,5,6.76,0.14333,0.0,6.0,東北東,predictions/2026/09/30/live/snapshots/20260930_114751/live_predictions_current_20260930.json,37.77,1.0
20260930,09,4,6,1,6.77,0.14338,0.0,2.0,東北東,predictions/2026/09/30/live/snapshots/20260930_114751/live_predictions_current_20260930.json,42.28,1.0
20260930,09,5,1,2,6.8,0.15417,0.0,1.0,nan,predictions/2026/09/30/live/snapshots/20260930_121634/live_predictions_current_20260930.json,66.39,0.0
20260930,09,5,2,1,6.87,0.14822,0.0,2.0,nan,predictions/2026/09/30/live/snapshots/20260930_121634/live_predictions_current_20260930.json,47.52,0.0
20260930,09,5,3,4,6.76,0.13985,0.0,3.0,nan,predictions/2026/09/30/live/snapshots/20260930_121634/live_predictions_current_20260930.json,40.7,0.0
20260930,09,5,4,3,6.72,0.15568,0.0,4.0,nan,predictions/2026/09/30/live/snapshots/20260930_121634/live_predictions_current_20260930.json,35.6,0.0
20260930,09,5,5,5,6.83,0.18,0.0,5.0,nan,predictions/2026/09/30/live/snapshots/20260930_121634/live_predictions_current_20260930.json,35.57,0.0
20260930,09,5,6,6,6.85,0.15076,0.0,6.0,nan,predictions/2026/09/30/live/snapshots/20260930_121634/live_predictions_current_20260930.json,38.42,0.0
20260930,09,6,1,3,6.82,0.17309,0.0,1.0,東北東,predictions/2026/09/30/live/snapshots/20260930_124612/live_predictions_current_20260930.json,58.08,0.0
20260930,09,6,2,5,6.74,0.15052,0.0,2.0,東北東,predictions/2026/09/30/live/snapshots/20260930_124612/live_predictions_current_20260930.json,55.21,0.0
20260930,09,6,3,6,6.78,0.1528,0.0,3.0,東北東,predictions/2026/09/30/live/snapshots/20260930_124612/live_predictions_current_20260930.json,38.3,0.0
20260930,09,6,4,1,6.67,0.15603,0.0,4.0,東北東,predictions/2026/09/30/live/snapshots/20260930_124612/live_predictions_current_20260930.json,61.37,0.0
20260930,09,6,5,2,6.81,0.14652,0.0,5.0,東北東,predictions/2026/09/30/live/snapshots/20260930_124612/live_predictions_current_20260930.json,48.45,0.0
20260930,09,6,6,4,6.81,0.1425,0.0,6.0,東北東,predictions/2026/09/30/live/snapshots/20260930_124612/live_predictions_current_20260930.json,38.21,0.0
20260930,09,7,1,1,6.82,0.12176,0.0,1.0,東北東,predictions/2026/09/30/live/snapshots/20260930_131707/live_predictions_current_20260930.json,47.57,0.0
20260930,09,7,2,2,6.73,0.16946,0.0,2.0,東北東,predictions/2026/09/30/live/snapshots/20260930_131707/live_predictions_current_20260930.json,50.9,0.0
20260930,09,7,3,5,6.86,0.15667,0.0,3.0,東北東,predictions/2026/09/30/live/snapshots/20260930_131707/live_predictions_current_20260930.json,58.31,0.0
20260930,09,7,4,4,6.85,0.15556,0.0,4.0,東北東,predictions/2026/09/30/live/snapshots/20260930_131707/live_predictions_current_20260930.json,45.81,0.0
20260930,09,7,5,3,6.79,0.14361,0.0,5.0,東北東,predictions/2026/09/30/live/snapshots/20260930_131707/live_predictions_current_20260930.json,42.74,0.0
20260930,09,7,6,6,6.82,0.15478,0.0,6.0,東北東,predictions/2026/09/30/live/snapshots/20260930_131707/live_predictions_current_20260930.json,31.72,0.0
20260930,09,8,1,2,6.76,0.15507,0.0,1.0,nan,predictions/2026/09/30/live/snapshots/20260930_134549/live_predictions_current_20260930.json,57.17,0.0
20260930,09,8,2,6,6.74,0.16513,0.0,2.0,nan,predictions/2026/09/30/live/snapshots/20260930_134549/live_predictions_current_20260930.json,39.61,0.0
20260930,09,8,3,1,6.75,0.13413,0.0,3.0,nan,predictions/2026/09/30/live/snapshots/20260930_134549/live_predictions_current_20260930.json,53.69,0.0
20260930,09,8,4,5,6.76,0.14159,0.0,4.0,nan,predictions/2026/09/30/live/snapshots/20260930_134549/live_predictions_current_20260930.json,49.18,0.0
20260930,09,8,5,4,6.83,0.14866,0.0,5.0,nan,predictions/2026/09/30/live/snapshots/20260930_134549/live_predictions_current_20260930.json,37.93,0.0
20260930,09,8,6,3,6.8,0.14375,0.0,6.0,nan,predictions/2026/09/30/live/snapshots/20260930_134549/live_predictions_current_20260930.json,41.29,0.0
20260930,09,9,1,2,6.88,0.1416,0.0,1.0,nan,predictions/2026/09/30/live/snapshots/20260930_141616/live_predictions_current_20260930.json,64.16,0.0
20260930,09,9,2,3,6.83,0.19465,0.0,2.0,nan,predictions/2026/09/30/live/snapshots/20260930_141616/live_predictions_current_20260930.json,42.47,0.0
20260930,09,9,3,1,6.75,0.17064,0.0,3.0,nan,predictions/2026/09/30/live/snapshots/20260930_141616/live_predictions_current_20260930.json,53.66,0.0
20260930,09,9,4,4,6.86,0.14048,0.0,4.0,nan,predictions/2026/09/30/live/snapshots/20260930_141616/live_predictions_current_20260930.json,42.92,0.0
20260930,09,9,5,6,6.83,0.14902,0.0,5.0,nan,predictions/2026/09/30/live/snapshots/20260930_141616/live_predictions_current_20260930.json,49.72,0.0
20260930,09,9,6,5,6.77,0.1531,0.0,6.0,nan,predictions/2026/09/30/live/snapshots/20260930_141616/live_predictions_current_20260930.json,46.23,0.0
20260930,09,10,1,1,6.85,0.1561,0.0,1.0,東北東,predictions/2026/09/30/live/snapshots/20260930_144521/live_predictions_current_20260930.json,61.89,0.0
20260930,09,10,2,3,6.88,0.17296,0.0,2.0,東北東,predictions/2026/09/30/live/snapshots/20260930_144521/live_predictions_current_20260930.json,50.08,0.0
20260930,09,10,3,6,6.86,0.15164,0.0,3.0,東北東,predictions/2026/09/30/live/snapshots/20260930_144521/live_predictions_current_20260930.json,52.37,0.0
20260930,09,10,4,2,6.82,0.13432,0.0,4.0,東北東,predictions/2026/09/30/live/snapshots/20260930_144521/live_predictions_current_20260930.json,53.49,0.0
20260930,09,10,5,4,6.76,0.13985,0.0,5.0,東北東,predictions/2026/09/30/live/snapshots/20260930_144521/live_predictions_current_20260930.json,35.83,0.0
20260930,09,10,6,5,6.79,0.15052,0.0,6.0,東北東,predictions/2026/09/30/live/snapshots/20260930_144521/live_predictions_current_20260930.json,44.86,0.0
20260930,09,11,1,1,6.81,0.15697,0.0,1.0,nan,predictions/2026/09/30/live/snapshots/20260930_152018/live_predictions_current_20260930.json,67.33,0.0
20260930,09,11,2,6,6.8,0.15076,0.0,2.0,nan,predictions/2026/09/30/live/snapshots/20260930_152018/live_predictions_current_20260930.json,48.76,0.0
20260930,09,11,3,3,6.83,0.14338,0.0,3.0,nan,predictions/2026/09/30/live/snapshots/20260930_152018/live_predictions_current_20260930.json,49.0,0.0
20260930,09,11,4,2,6.81,0.14652,0.0,4.0,nan,predictions/2026/09/30/live/snapshots/20260930_152018/live_predictions_current_20260930.json,52.1,0.0
20260930,09,11,5,5,6.81,0.15301,0.0,5.0,nan,predictions/2026/09/30/live/snapshots/20260930_152018/live_predictions_current_20260930.json,41.88,0.0
20260930,09,11,6,4,6.71,0.16946,0.0,6.0,nan,predictions/2026/09/30/live/snapshots/20260930_152018/live_predictions_current_20260930.json,40.55,0.0
20260930,09,12,1,1,6.74,0.15603,0.0,1.0,nan,predictions/2026/09/30/live/snapshots/20260930_154958/live_predictions_current_20260930.json,74.15,0.0
20260930,09,12,2,2,6.75,0.15,0.0,2.0,nan,predictions/2026/09/30/live/snapshots/20260930_154958/live_predictions_current_20260930.json,59.85,0.0
20260930,09,12,3,6,6.81,0.15417,0.0,3.0,nan,predictions/2026/09/30/live/snapshots/20260930_154958/live_predictions_current_20260930.json,54.82,0.0
20260930,09,12,4,3,6.78,0.13413,0.0,4.0,nan,predictions/2026/09/30/live/snapshots/20260930_154958/live_predictions_current_20260930.json,52.47,0.0
20260930,09,12,5,4,6.74,0.156,0.0,5.0,nan,predictions/2026/09/30/live/snapshots/20260930_154958/live_predictions_current_20260930.json,50.92,0.0
20260930,09,12,6,5,6.82,0.15667,0.0,6.0,nan,predictions/2026/09/30/live/snapshots/20260930_154958/live_predictions_current_20260930.json,51.01,0.0
20260930,14,1,1,1,6.78,0.14605,0.0,1.0,南東,predictions/2026/09/30/live/snapshots/20260930_082705/live_predictions_current_20260930.json,67.79,0.0
20260930,14,1,2,3,6.79,0.1525,0.0,2.0,南東,predictions/2026/09/30/live/snapshots/20260930_082705/live_predictions_current_20260930.json,44.31,0.0
20260930,14,1,3,2,6.88,0.13735,0.0,3.0,南東,predictions/2026/09/30/live/snapshots/20260930_082705/live_predictions_current_20260930.json,43.7,0.0
20260930,14,1,4,4,6.89,0.15636,0.0,4.0,南東,predictions/2026/09/30/live/snapshots/20260930_082705/live_predictions_current_20260930.json,36.56,0.0
20260930,14,1,5,5,6.86,0.16167,0.0,5.0,南東,predictions/2026/09/30/live/snapshots/20260930_082705/live_predictions_current_20260930.json,32.97,0.0
20260930,14,1,6,6,6.77,0.14457,0.0,6.0,南東,predictions/2026/09/30/live/snapshots/20260930_082705/live_predictions_current_20260930.json,24.22,0.0
20260930,14,2,1,1,6.76,0.14163,0.0,1.0,南東,predictions/2026/09/30/live/snapshots/20260930_085425/live_predictions_current_20260930.json,60.53,0.0
20260930,14,2,2,2,6.82,0.158,0.0,2.0,南東,predictions/2026/09/30/live/snapshots/20260930_085425/live_predictions_current_20260930.json,54.9,0.0
20260930,14,2,3,3,6.78,0.15837,0.0,3.0,南東,predictions/2026/09/30/live/snapshots/20260930_085425/live_predictions_current_20260930.json,54.08,0.0
20260930,14,2,4,4,6.86,0.16391,0.0,4.0,南東,predictions/2026/09/30/live/snapshots/20260930_085425/live_predictions_current_20260930.json,47.3,0.0
20260930,14,2,5,5,6.8,0.16191,0.0,5.0,南東,predictions/2026/09/30/live/snapshots/20260930_085425/live_predictions_current_20260930.json,37.99,0.0
20260930,14,2,6,6,6.86,0.15041,0.0,6.0,南東,predictions/2026/09/30/live/snapshots/20260930_085425/live_predictions_current_20260930.json,51.61,0.0
20260930,14,3,1,5,6.78,0.13833,0.0,1.0,東,data/prediction_input_enriched_live_20260930.json,63.71,0.0
20260930,14,3,2,1,6.78,0.155,0.0,3.0,東,data/prediction_input_enriched_live_20260930.json,49.61,1.0
20260930,14,3,3,3,6.92,0.15933,0.0,2.0,東,data/prediction_input_enriched_live_20260930.json,57.83,1.0
20260930,14,3,4,2,6.89,0.1825,0.0,4.0,東,data/prediction_input_enriched_live_20260930.json,50.62,0.0
20260930,14,3,5,4,6.77,0.17,0.0,5.0,東,data/prediction_input_enriched_live_20260930.json,35.84,0.0
20260930,14,3,6,6,6.88,0.14736,0.0,6.0,東,data/prediction_input_enriched_live_20260930.json,36.5,0.0
20260930,14,4,1,5,6.79,0.17887,0.0,1.0,南東,predictions/2026/09/30/live/snapshots/20260930_094524/live_predictions_current_20260930.json,58.5,0.0
20260930,14,4,2,1,6.64,0.14977,0.0,6.0,南東,predictions/2026/09/30/live/snapshots/20260930_094524/live_predictions_current_20260930.json,66.7,1.0
20260930,14,4,3,4,6.79,0.15804,0.0,2.0,南東,predictions/2026/09/30/live/snapshots/20260930_094524/live_predictions_current_20260930.json,39.04,1.0
20260930,14,4,4,2,6.82,0.16119,0.0,3.0,南東,predictions/2026/09/30/live/snapshots/20260930_094524/live_predictions_current_20260930.json,37.09,1.0
20260930,14,4,5,6,6.84,0.1502,0.0,4.0,南東,predictions/2026/09/30/live/snapshots/20260930_094524/live_predictions_current_20260930.json,37.68,1.0
20260930,14,4,6,3,6.87,0.16077,0.0,5.0,南東,predictions/2026/09/30/live/snapshots/20260930_094524/live_predictions_current_20260930.json,44.52,1.0
20260930,14,5,1,5,6.8,0.18881,0.0,1.0,南東,data/prediction_input_enriched_live_20260930.json,41.57,0.0
20260930,14,5,2,1,6.77,0.14233,0.0,2.0,南東,data/prediction_input_enriched_live_20260930.json,51.85,0.0
20260930,14,5,3,2,6.78,0.16,0.0,3.0,南東,data/prediction_input_enriched_live_20260930.json,52.43,0.0
20260930,14,5,4,4,6.86,0.1505,0.0,4.0,南東,data/prediction_input_enriched_live_20260930.json,42.29,0.0
20260930,14,5,5,3,6.84,0.14405,0.0,5.0,南東,data/prediction_input_enriched_live_20260930.json,46.23,0.0
20260930,14,5,6,6,6.86,0.15685,0.0,6.0,南東,data/prediction_input_enriched_live_20260930.json,41.49,0.0
20260930,14,6,1,6,6.83,0.15293,0.0,1.0,東,predictions/2026/09/30/live/snapshots/20260930_104434/live_predictions_current_20260930.json,55.84,0.0
20260930,14,6,2,3,6.83,0.1298,0.0,2.0,東,predictions/2026/09/30/live/snapshots/20260930_104434/live_predictions_current_20260930.json,56.49,0.0
20260930,14,6,3,5,6.94,0.16167,0.0,3.0,東,predictions/2026/09/30/live/snapshots/20260930_104434/live_predictions_current_20260930.json,37.45,0.0
20260930,14,6,4,1,6.81,0.14163,0.0,4.0,東,predictions/2026/09/30/live/snapshots/20260930_104434/live_predictions_current_20260930.json,48.77,0.0
20260930,14,6,5,2,6.86,0.16489,0.0,5.0,東,predictions/2026/09/30/live/snapshots/20260930_104434/live_predictions_current_20260930.json,51.9,0.0
20260930,14,6,6,4,6.92,0.19105,0.0,6.0,東,predictions/2026/09/30/live/snapshots/20260930_104434/live_predictions_current_20260930.json,30.91,0.0
20260930,14,7,1,2,6.8,0.16391,0.0,1.0,東,predictions/2026/09/30/live/snapshots/20260930_112927/live_predictions_current_20260930.json,59.06,0.0
20260930,14,7,2,4,6.86,0.14405,0.0,2.0,東,predictions/2026/09/30/live/snapshots/20260930_112927/live_predictions_current_20260930.json,52.23,0.0
20260930,14,7,3,3,6.75,0.14465,0.0,3.0,東,predictions/2026/09/30/live/snapshots/20260930_112927/live_predictions_current_20260930.json,47.32,0.0
20260930,14,7,4,1,6.88,0.15143,0.0,4.0,東,predictions/2026/09/30/live/snapshots/20260930_112927/live_predictions_current_20260930.json,40.76,0.0
20260930,14,7,5,6,6.95,0.15636,0.0,5.0,東,predictions/2026/09/30/live/snapshots/20260930_112927/live_predictions_current_20260930.json,33.2,0.0
20260930,14,7,6,5,6.96,0.17348,0.0,6.0,東,predictions/2026/09/30/live/snapshots/20260930_112927/live_predictions_current_20260930.json,36.08,0.0
20260930,14,8,1,5,6.8,0.1502,0.0,1.0,南東,predictions/2026/09/30/live/snapshots/20260930_114751/live_predictions_current_20260930.json,52.8,0.0
20260930,14,8,2,3,6.84,0.12449,0.0,2.0,南東,predictions/2026/09/30/live/snapshots/20260930_114751/live_predictions_current_20260930.json,50.11,0.0
20260930,14,8,3,1,6.89,0.15146,0.0,4.0,南東,predictions/2026/09/30/live/snapshots/20260930_114751/live_predictions_current_20260930.json,47.1,1.0
20260930,14,8,4,4,6.8,0.15449,0.0,5.0,南東,predictions/2026/09/30/live/snapshots/20260930_114751/live_predictions_current_20260930.json,58.47,1.0
20260930,14,8,5,2,6.95,0.15933,0.0,3.0,南東,predictions/2026/09/30/live/snapshots/20260930_114751/live_predictions_current_20260930.json,53.35,1.0
20260930,14,8,6,6,6.87,0.14395,0.0,6.0,南東,predictions/2026/09/30/live/snapshots/20260930_114751/live_predictions_current_20260930.json,21.12,0.0
20260930,14,9,1,3,6.87,0.17,0.0,1.0,東,predictions/2026/09/30/live/snapshots/20260930_121634/live_predictions_current_20260930.json,50.96,0.0
20260930,14,9,2,2,6.94,0.15804,0.0,2.0,東,predictions/2026/09/30/live/snapshots/20260930_121634/live_predictions_current_20260930.json,52.48,0.0
20260930,14,9,3,4,6.85,0.15041,0.0,3.0,東,predictions/2026/09/30/live/snapshots/20260930_121634/live_predictions_current_20260930.json,58.33,0.0
20260930,14,9,4,5,6.71,0.14977,0.0,4.0,東,predictions/2026/09/30/live/snapshots/20260930_121634/live_predictions_current_20260930.json,62.78,0.0
20260930,14,9,5,1,6.95,0.18881,0.0,5.0,東,predictions/2026/09/30/live/snapshots/20260930_121634/live_predictions_current_20260930.json,26.45,0.0
20260930,14,9,6,6,6.92,0.1625,0.0,6.0,東,predictions/2026/09/30/live/snapshots/20260930_121634/live_predictions_current_20260930.json,23.92,0.0
20260930,14,10,1,2,6.86,0.14405,0.0,1.0,東,predictions/2026/09/30/live/snapshots/20260930_124612/live_predictions_current_20260930.json,61.35,0.0
20260930,14,10,2,1,6.84,0.14935,0.0,2.0,東,predictions/2026/09/30/live/snapshots/20260930_124612/live_predictions_current_20260930.json,55.99,0.0
20260930,14,10,3,3,6.8,0.15293,0.0,3.0,東,predictions/2026/09/30/live/snapshots/20260930_124612/live_predictions_current_20260930.json,45.2,0.0
20260930,14,10,4,4,6.97,0.14605,0.0,4.0,東,predictions/2026/09/30/live/snapshots/20260930_124612/live_predictions_current_20260930.json,56.03,0.0
20260930,14,10,5,5,6.87,0.158,0.0,5.0,東,predictions/2026/09/30/live/snapshots/20260930_124612/live_predictions_current_20260930.json,47.62,0.0
20260930,14,10,6,6,6.91,0.15804,0.0,6.0,東,predictions/2026/09/30/live/snapshots/20260930_124612/live_predictions_current_20260930.json,32.32,0.0
20260930,14,11,1,1,6.78,0.1825,0.0,1.0,東,predictions/2026/09/30/live/snapshots/20260930_131707/live_predictions_current_20260930.json,62.38,0.0
20260930,14,11,2,3,6.91,0.17348,0.0,2.0,東,predictions/2026/09/30/live/snapshots/20260930_131707/live_predictions_current_20260930.json,45.6,0.0
20260930,14,11,3,6,6.79,0.16191,0.0,3.0,東,predictions/2026/09/30/live/snapshots/20260930_131707/live_predictions_current_20260930.json,42.47,0.0
20260930,14,11,4,4,6.79,0.1298,0.0,4.0,東,predictions/2026/09/30/live/snapshots/20260930_131707/live_predictions_current_20260930.json,52.57,0.0
20260930,14,11,5,2,6.83,0.17887,0.0,5.0,東,predictions/2026/09/30/live/snapshots/20260930_131707/live_predictions_current_20260930.json,43.38,0.0
20260930,14,11,6,5,6.9,0.16,0.0,6.0,東,predictions/2026/09/30/live/snapshots/20260930_131707/live_predictions_current_20260930.json,45.71,0.0
20260930,14,12,1,1,6.81,0.15449,0.0,1.0,東,predictions/2026/09/30/live/snapshots/20260930_134549/live_predictions_current_20260930.json,70.23,0.0
20260930,14,12,2,2,6.95,0.16489,0.0,2.0,東,predictions/2026/09/30/live/snapshots/20260930_134549/live_predictions_current_20260930.json,59.18,0.0
20260930,14,12,3,3,6.87,0.13833,0.0,3.0,東,predictions/2026/09/30/live/snapshots/20260930_134549/live_predictions_current_20260930.json,53.07,0.0
20260930,14,12,4,5,6.91,0.14405,0.0,4.0,東,predictions/2026/09/30/live/snapshots/20260930_134549/live_predictions_current_20260930.json,48.31,0.0
20260930,14,12,5,4,6.95,0.14233,0.0,5.0,東,predictions/2026/09/30/live/snapshots/20260930_134549/live_predictions_current_20260930.json,44.57,0.0
20260930,14,12,6,6,6.98,0.13735,0.0,6.0,東,predictions/2026/09/30/live/snapshots/20260930_134549/live_predictions_current_20260930.json,36.98,0.0
20260930,15,1,1,4,6.79,0.16698,0.0,1.0,西,data/prediction_input_enriched_live_20260930.json,49.48,0.0
20260930,15,1,2,2,6.63,0.1549,0.0,2.0,西,data/prediction_input_enriched_live_20260930.json,53.49,0.0
20260930,15,1,3,1,6.76,0.14229,0.0,3.0,西,data/prediction_input_enriched_live_20260930.json,46.8,0.0
20260930,15,1,4,6,6.85,0.1498,0.0,4.0,西,data/prediction_input_enriched_live_20260930.json,36.71,0.0
20260930,15,1,5,3,6.78,0.16556,0.0,5.0,西,data/prediction_input_enriched_live_20260930.json,35.28,0.0
20260930,15,1,6,5,6.73,0.14085,0.0,6.0,西,data/prediction_input_enriched_live_20260930.json,19.38,0.0
20260930,15,2,1,1,6.71,0.13532,0.0,1.0,西,data/prediction_input_enriched_live_20260930.json,52.68,0.0
20260930,15,2,2,4,6.78,0.13756,0.0,2.0,西,data/prediction_input_enriched_live_20260930.json,43.28,0.0
20260930,15,2,3,5,6.72,0.176,0.0,3.0,西,data/prediction_input_enriched_live_20260930.json,50.36,0.0
20260930,15,2,4,2,6.8,0.1512,0.0,4.0,西,data/prediction_input_enriched_live_20260930.json,51.38,0.0
20260930,15,2,5,3,6.78,0.1649,0.0,5.0,西,data/prediction_input_enriched_live_20260930.json,54.52,0.0
20260930,15,2,6,6,6.74,0.16565,0.0,6.0,西,data/prediction_input_enriched_live_20260930.json,20.07,0.0
20260930,15,3,1,1,6.65,0.16943,0.0,1.0,西,data/prediction_input_enriched_live_20260930.json,55.99,0.0
20260930,15,3,2,3,6.66,0.14256,0.0,2.0,西,data/prediction_input_enriched_live_20260930.json,42.01,0.0
20260930,15,3,3,2,6.77,0.15157,0.0,3.0,西,data/prediction_input_enriched_live_20260930.json,47.63,0.0
20260930,15,3,4,5,6.87,0.14118,0.0,4.0,西,data/prediction_input_enriched_live_20260930.json,51.5,0.0
20260930,15,3,5,6,6.81,0.14426,0.0,5.0,西,data/prediction_input_enriched_live_20260930.json,48.16,0.0
20260930,15,3,6,4,6.86,0.14449,0.0,6.0,西,data/prediction_input_enriched_live_20260930.json,53.58,0.0
20260930,15,4,1,1,6.78,0.15833,0.0,1.0,西,predictions/2026/09/30/live/snapshots/20260930_161741/live_predictions_current_20260930.json,52.1,0.0
20260930,15,4,2,6,6.79,0.18909,0.0,2.0,西,predictions/2026/09/30/live/snapshots/20260930_161741/live_predictions_current_20260930.json,52.94,0.0
20260930,15,4,3,3,6.71,0.17047,0.0,3.0,西,predictions/2026/09/30/live/snapshots/20260930_161741/live_predictions_current_20260930.json,45.5,0.0
20260930,15,4,4,2,6.67,0.16575,0.0,4.0,西,predictions/2026/09/30/live/snapshots/20260930_161741/live_predictions_current_20260930.json,48.53,0.0
20260930,15,4,5,5,6.79,0.17667,0.0,5.0,西,predictions/2026/09/30/live/snapshots/20260930_161741/live_predictions_current_20260930.json,21.79,0.0
20260930,15,4,6,4,6.69,0.14596,0.0,6.0,西,predictions/2026/09/30/live/snapshots/20260930_161741/live_predictions_current_20260930.json,52.23,0.0
20260930,15,5,1,1,6.73,0.16981,0.0,1.0,西,predictions/2026/09/30/live/snapshots/20260930_164635/live_predictions_current_20260930.json,64.19,0.0
20260930,15,5,2,3,6.86,0.1524,0.0,2.0,西,predictions/2026/09/30/live/snapshots/20260930_164635/live_predictions_current_20260930.json,46.09,0.0
20260930,15,5,3,5,6.82,0.1498,0.0,3.0,西,predictions/2026/09/30/live/snapshots/20260930_164635/live_predictions_current_20260930.json,37.83,0.0
20260930,15,5,4,6,6.83,0.14348,0.0,4.0,西,predictions/2026/09/30/live/snapshots/20260930_164635/live_predictions_current_20260930.json,30.35,0.0
20260930,15,5,5,2,6.77,0.14137,0.0,5.0,西,predictions/2026/09/30/live/snapshots/20260930_164635/live_predictions_current_20260930.json,60.81,0.0
20260930,15,5,6,4,6.72,0.15818,0.0,6.0,西,predictions/2026/09/30/live/snapshots/20260930_164635/live_predictions_current_20260930.json,48.03,0.0
20260930,15,6,1,1,6.67,0.1454,0.0,1.0,西,predictions/2026/09/30/live/snapshots/20260930_171919/live_predictions_current_20260930.json,64.33,0.0
20260930,15,6,2,4,6.79,0.14617,0.0,2.0,西,predictions/2026/09/30/live/snapshots/20260930_171919/live_predictions_current_20260930.json,41.62,0.0
20260930,15,6,3,5,6.71,0.1606,0.0,3.0,西,predictions/2026/09/30/live/snapshots/20260930_171919/live_predictions_current_20260930.json,44.58,0.0
20260930,15,6,4,3,6.82,0.14935,0.0,4.0,西,predictions/2026/09/30/live/snapshots/20260930_171919/live_predictions_current_20260930.json,33.08,0.0
20260930,15,6,5,6,6.85,0.14085,0.0,6.0,西,predictions/2026/09/30/live/snapshots/20260930_171919/live_predictions_current_20260930.json,21.62,1.0
20260930,15,6,6,2,6.72,0.15745,0.0,5.0,西,predictions/2026/09/30/live/snapshots/20260930_171919/live_predictions_current_20260930.json,50.58,1.0
20260930,15,7,1,1,6.79,0.15317,0.0,1.0,西,predictions/2026/09/30/live/snapshots/20260930_174717/live_predictions_current_20260930.json,60.53,0.0
20260930,15,7,2,2,6.82,0.13854,0.0,2.0,西,predictions/2026/09/30/live/snapshots/20260930_174717/live_predictions_current_20260930.json,48.11,0.0
20260930,15,7,3,5,6.81,0.16556,0.0,3.0,西,predictions/2026/09/30/live/snapshots/20260930_174717/live_predictions_current_20260930.json,39.76,0.0
20260930,15,7,4,4,6.75,0.13532,0.0,4.0,西,predictions/2026/09/30/live/snapshots/20260930_174717/live_predictions_current_20260930.json,40.92,0.0
20260930,15,7,5,6,6.77,0.13857,0.0,5.0,西,predictions/2026/09/30/live/snapshots/20260930_174717/live_predictions_current_20260930.json,45.7,0.0
20260930,15,7,6,3,6.76,0.15265,0.0,6.0,西,predictions/2026/09/30/live/snapshots/20260930_174717/live_predictions_current_20260930.json,55.56,0.0
20260930,15,8,1,1,6.7,0.14596,0.0,1.0,西,predictions/2026/09/30/live/snapshots/20260930_181608/live_predictions_current_20260930.json,69.59,0.0
20260930,15,8,2,2,6.81,0.14426,0.0,2.0,西,predictions/2026/09/30/live/snapshots/20260930_181608/live_predictions_current_20260930.json,55.44,0.0
20260930,15,8,3,4,6.75,0.14118,0.0,3.0,西,predictions/2026/09/30/live/snapshots/20260930_181608/live_predictions_current_20260930.json,52.62,0.0
20260930,15,8,4,6,6.82,0.176,0.0,4.0,西,predictions/2026/09/30/live/snapshots/20260930_181608/live_predictions_current_20260930.json,49.24,0.0
20260930,15,8,5,3,6.83,0.1549,0.0,5.0,西,predictions/2026/09/30/live/snapshots/20260930_181608/live_predictions_current_20260930.json,46.21,0.0
20260930,15,8,6,5,6.88,0.16698,0.0,6.0,西,predictions/2026/09/30/live/snapshots/20260930_181608/live_predictions_current_20260930.json,32.12,0.0
20260930,15,9,1,1,6.75,0.14449,0.0,1.0,北東,predictions/2026/09/30/live/snapshots/20260930_184738/live_predictions_current_20260930.json,70.94,0.0
20260930,15,9,2,2,6.69,0.14137,0.0,2.0,北東,predictions/2026/09/30/live/snapshots/20260930_184738/live_predictions_current_20260930.json,68.09,0.0
20260930,15,9,3,3,6.86,0.1512,0.0,3.0,北東,predictions/2026/09/30/live/snapshots/20260930_184738/live_predictions_current_20260930.json,52.5,0.0
20260930,15,9,4,4,6.8,0.14229,0.0,4.0,北東,predictions/2026/09/30/live/snapshots/20260930_184738/live_predictions_current_20260930.json,45.68,0.0
20260930,15,9,5,6,6.94,0.18909,0.0,5.0,北東,predictions/2026/09/30/live/snapshots/20260930_184738/live_predictions_current_20260930.json,45.66,0.0
20260930,15,9,6,5,6.84,0.16981,0.0,6.0,北東,predictions/2026/09/30/live/snapshots/20260930_184738/live_predictions_current_20260930.json,46.83,0.0
20260930,15,10,1,6,6.73,0.15745,0.0,1.0,東,predictions/2026/09/30/live/snapshots/20260930_191657/live_predictions_current_20260930.json,67.94,0.0
20260930,15,10,2,1,6.8,0.1649,0.0,2.0,東,predictions/2026/09/30/live/snapshots/20260930_191657/live_predictions_current_20260930.json,61.8,0.0
20260930,15,10,3,2,6.75,0.16575,0.0,4.0,東,predictions/2026/09/30/live/snapshots/20260930_191657/live_predictions_current_20260930.json,49.65,1.0
20260930,15,10,4,3,6.75,0.15157,0.0,5.0,東,predictions/2026/09/30/live/snapshots/20260930_191657/live_predictions_current_20260930.json,46.51,1.0
20260930,15,10,5,5,6.83,0.1524,0.0,3.0,東,predictions/2026/09/30/live/snapshots/20260930_191657/live_predictions_current_20260930.json,38.81,1.0
20260930,15,10,6,4,6.86,0.15833,0.0,6.0,東,predictions/2026/09/30/live/snapshots/20260930_191657/live_predictions_current_20260930.json,34.74,0.0
20260930,15,11,1,1,6.68,0.15265,0.0,1.0,東,data/prediction_input_enriched_live_20260930.json,72.92,0.0
20260930,15,11,2,2,6.86,0.15818,0.0,2.0,東,data/prediction_input_enriched_live_20260930.json,57.55,0.0
20260930,15,11,3,3,6.78,0.1454,0.0,3.0,東,data/prediction_input_enriched_live_20260930.json,53.69,0.0
20260930,15,11,4,4,6.82,0.17047,0.0,4.0,東,data/prediction_input_enriched_live_20260930.json,44.38,0.0
20260930,15,11,5,5,6.91,0.15317,0.0,5.0,東,data/prediction_input_enriched_live_20260930.json,45.41,0.0
20260930,15,11,6,6,6.82,0.16943,0.0,6.0,東,data/prediction_input_enriched_live_20260930.json,38.63,0.0
20260930,15,12,1,1,6.8,0.1606,0.0,1.0,東,predictions/2026/09/30/live/snapshots/20260930_203327/live_predictions_current_20260930.json,55.22,0.0
20260930,15,12,2,2,6.89,0.13857,0.0,3.0,東,predictions/2026/09/30/live/snapshots/20260930_203327/live_predictions_current_20260930.json,52.98,1.0
20260930,15,12,3,4,6.88,0.14617,0.0,2.0,東,predictions/2026/09/30/live/snapshots/20260930_203327/live_predictions_current_20260930.json,38.82,1.0
20260930,15,12,4,5,6.92,0.13854,0.0,4.0,東,predictions/2026/09/30/live/snapshots/20260930_203327/live_predictions_current_20260930.json,44.19,0.0
20260930,15,12,5,3,6.77,0.14256,0.0,5.0,東,predictions/2026/09/30/live/snapshots/20260930_203327/live_predictions_current_20260930.json,34.73,0.0
20260930,15,12,6,6,6.82,0.13756,0.0,6.0,東,predictions/2026/09/30/live/snapshots/20260930_203327/live_predictions_current_20260930.json,33.76,0.0
20260930,16,1,1,1,6.54,0.1531,0.0,1.0,南西,data/prediction_input_enriched_live_20260930.json,71.69,0.0
20260930,16,1,2,2,6.69,0.15881,0.0,2.0,南西,data/prediction_input_enriched_live_20260930.json,54.53,0.0
20260930,16,1,3,6,6.76,0.13844,0.0,3.0,南西,data/prediction_input_enriched_live_20260930.json,53.35,0.0
20260930,16,1,4,5,6.74,0.14852,0.0,4.0,南西,data/prediction_input_enriched_live_20260930.json,48.84,0.0
20260930,16,1,5,4,6.68,0.1525,0.0,5.0,南西,data/prediction_input_enriched_live_20260930.json,40.84,0.0
20260930,16,1,6,3,6.63,0.17542,0.0,6.0,南西,data/prediction_input_enriched_live_20260930.json,38.95,0.0
20260930,16,2,1,2,6.54,0.15254,0.0,1.0,南西,predictions/2026/09/30/live/snapshots/20260930_110027/live_predictions_current_20260930.json,58.96,0.0
20260930,16,2,2,5,6.57,0.15109,0.0,2.0,南西,predictions/2026/09/30/live/snapshots/20260930_110027/live_predictions_current_20260930.json,58.17,0.0
20260930,16,2,3,6,6.64,0.13491,0.0,3.0,南西,predictions/2026/09/30/live/snapshots/20260930_110027/live_predictions_current_20260930.json,56.65,0.0
20260930,16,2,4,3,6.66,0.14649,0.0,4.0,南西,predictions/2026/09/30/live/snapshots/20260930_110027/live_predictions_current_20260930.json,55.58,0.0
20260930,16,2,5,1,6.7,0.15369,0.0,5.0,南西,predictions/2026/09/30/live/snapshots/20260930_110027/live_predictions_current_20260930.json,51.6,0.0
20260930,16,2,6,4,6.69,0.15161,0.0,6.0,南西,predictions/2026/09/30/live/snapshots/20260930_110027/live_predictions_current_20260930.json,46.28,0.0
20260930,16,3,1,1,6.62,0.15172,0.0,1.0,南西,predictions/2026/09/30/live/snapshots/20260930_112927/live_predictions_current_20260930.json,69.04,0.0
20260930,16,3,2,5,6.68,0.14782,0.0,2.0,南西,predictions/2026/09/30/live/snapshots/20260930_112927/live_predictions_current_20260930.json,53.34,0.0
20260930,16,3,3,3,6.69,0.12964,0.0,3.0,南西,predictions/2026/09/30/live/snapshots/20260930_112927/live_predictions_current_20260930.json,57.34,0.0
20260930,16,3,4,2,6.63,0.1625,0.0,4.0,南西,predictions/2026/09/30/live/snapshots/20260930_112927/live_predictions_current_20260930.json,46.96,0.0
20260930,16,3,5,4,6.66,0.17245,0.0,5.0,南西,predictions/2026/09/30/live/snapshots/20260930_112927/live_predictions_current_20260930.json,46.45,0.0
20260930,16,3,6,6,6.65,0.1558,0.0,6.0,南西,predictions/2026/09/30/live/snapshots/20260930_112927/live_predictions_current_20260930.json,47.49,0.0
20260930,16,4,1,1,6.63,0.15281,0.0,1.0,南西,data/prediction_input_enriched_live_20260930.json,62.83,0.0
20260930,16,4,2,2,6.57,0.1555,0.0,2.0,南西,data/prediction_input_enriched_live_20260930.json,63.16,0.0
20260930,16,4,3,6,6.67,0.14891,0.0,3.0,南西,data/prediction_input_enriched_live_20260930.json,48.9,0.0
20260930,16,4,4,4,6.53,0.15361,0.0,4.0,南西,data/prediction_input_enriched_live_20260930.json,51.95,0.0
20260930,16,4,5,5,6.62,0.14185,0.0,5.0,南西,data/prediction_input_enriched_live_20260930.json,45.69,0.0
20260930,16,4,6,3,6.58,0.1488,0.0,6.0,南西,data/prediction_input_enriched_live_20260930.json,44.09,0.0
20260930,16,5,1,4,6.59,0.14274,0.0,1.0,南西,predictions/2026/09/30/live/snapshots/20260930_124612/live_predictions_current_20260930.json,59.51,0.0
20260930,16,5,2,3,6.62,0.18206,0.0,2.0,南西,predictions/2026/09/30/live/snapshots/20260930_124612/live_predictions_current_20260930.json,56.22,0.0
20260930,16,5,3,5,6.55,0.16333,0.0,3.0,南西,predictions/2026/09/30/live/snapshots/20260930_124612/live_predictions_current_20260930.json,52.62,0.0
20260930,16,5,4,6,6.53,0.13393,0.0,4.0,南西,predictions/2026/09/30/live/snapshots/20260930_124612/live_predictions_current_20260930.json,47.75,0.0
20260930,16,5,5,1,6.6,0.1494,0.0,5.0,南西,predictions/2026/09/30/live/snapshots/20260930_124612/live_predictions_current_20260930.json,50.52,0.0
20260930,16,5,6,2,6.52,0.15667,0.0,6.0,南西,predictions/2026/09/30/live/snapshots/20260930_124612/live_predictions_current_20260930.json,59.0,0.0
20260930,16,6,1,1,6.59,0.154,0.0,1.0,南西,predictions/2026/09/30/live/snapshots/20260930_131707/live_predictions_current_20260930.json,63.98,0.0
20260930,16,6,2,2,6.52,0.14517,0.0,2.0,南西,predictions/2026/09/30/live/snapshots/20260930_131707/live_predictions_current_20260930.json,54.77,0.0
20260930,16,6,3,3,6.63,0.15875,0.0,3.0,南西,predictions/2026/09/30/live/snapshots/20260930_131707/live_predictions_current_20260930.json,61.23,0.0
20260930,16,6,4,5,6.56,0.17476,0.0,4.0,南西,predictions/2026/09/30/live/snapshots/20260930_131707/live_predictions_current_20260930.json,45.16,0.0
20260930,16,6,5,6,6.66,0.17421,0.0,5.0,南西,predictions/2026/09/30/live/snapshots/20260930_131707/live_predictions_current_20260930.json,41.79,0.0
20260930,16,6,6,4,6.52,0.14292,0.0,6.0,南西,predictions/2026/09/30/live/snapshots/20260930_131707/live_predictions_current_20260930.json,45.92,0.0
20260930,16,7,1,1,6.53,0.15753,0.0,1.0,南西,predictions/2026/09/30/live/snapshots/20260930_134549/live_predictions_current_20260930.json,67.34,0.0
20260930,16,7,2,4,6.62,0.14649,0.0,2.0,南西,predictions/2026/09/30/live/snapshots/20260930_134549/live_predictions_current_20260930.json,59.5,0.0
20260930,16,7,3,5,6.58,0.16439,0.0,3.0,南西,predictions/2026/09/30/live/snapshots/20260930_134549/live_predictions_current_20260930.json,54.58,0.0
20260930,16,7,4,6,6.67,0.14909,0.0,4.0,南西,predictions/2026/09/30/live/snapshots/20260930_134549/live_predictions_current_20260930.json,51.81,0.0
20260930,16,7,5,3,6.6,0.16333,0.0,5.0,南西,predictions/2026/09/30/live/snapshots/20260930_134549/live_predictions_current_20260930.json,44.82,0.0
20260930,16,7,6,2,6.65,0.13778,0.0,6.0,南西,predictions/2026/09/30/live/snapshots/20260930_134549/live_predictions_current_20260930.json,57.9,0.0
20260930,16,8,1,1,6.61,0.16328,0.0,1.0,南西,predictions/2026/09/30/live/snapshots/20260930_141616/live_predictions_current_20260930.json,62.89,0.0
20260930,16,8,2,2,6.63,0.1625,0.0,2.0,南西,predictions/2026/09/30/live/snapshots/20260930_141616/live_predictions_current_20260930.json,50.88,0.0
20260930,16,8,3,5,6.62,0.15161,0.0,3.0,南西,predictions/2026/09/30/live/snapshots/20260930_141616/live_predictions_current_20260930.json,53.0,0.0
20260930,16,8,4,4,6.55,0.17542,0.0,4.0,南西,predictions/2026/09/30/live/snapshots/20260930_141616/live_predictions_current_20260930.json,44.55,0.0
20260930,16,8,5,6,6.62,0.16717,0.0,5.0,南西,predictions/2026/09/30/live/snapshots/20260930_141616/live_predictions_current_20260930.json,36.27,0.0
20260930,16,8,6,3,6.59,0.17439,0.0,6.0,南西,predictions/2026/09/30/live/snapshots/20260930_141616/live_predictions_current_20260930.json,51.98,0.0
20260930,16,9,1,6,6.59,0.14438,0.0,1.0,南西,data/prediction_input_enriched_live_20260930.json,56.39,0.0
20260930,16,9,2,5,6.72,0.15361,0.0,2.0,南西,data/prediction_input_enriched_live_20260930.json,55.87,0.0
20260930,16,9,3,3,6.6,0.16156,0.0,3.0,南西,data/prediction_input_enriched_live_20260930.json,55.12,0.0
20260930,16,9,4,2,6.58,0.15172,0.0,4.0,南西,data/prediction_input_enriched_live_20260930.json,57.28,0.0
20260930,16,9,5,1,6.66,0.14481,0.0,5.0,南西,data/prediction_input_enriched_live_20260930.json,55.78,0.0
20260930,16,9,6,4,6.64,0.13844,0.0,6.0,南西,data/prediction_input_enriched_live_20260930.json,46.63,0.0
20260930,16,10,1,2,6.63,0.14891,0.0,1.0,南西,predictions/2026/09/30/live/snapshots/20260930_152018/live_predictions_current_20260930.json,59.54,0.0
20260930,16,10,2,5,6.53,0.14852,0.0,2.0,南西,predictions/2026/09/30/live/snapshots/20260930_152018/live_predictions_current_20260930.json,52.76,0.0
20260930,16,10,3,1,6.56,0.14274,0.0,3.0,南西,predictions/2026/09/30/live/snapshots/20260930_152018/live_predictions_current_20260930.json,48.87,0.0
20260930,16,10,4,3,6.59,0.12964,0.0,4.0,南西,predictions/2026/09/30/live/snapshots/20260930_152018/live_predictions_current_20260930.json,56.22,0.0
20260930,16,10,5,4,6.61,0.15109,0.0,5.0,南西,predictions/2026/09/30/live/snapshots/20260930_152018/live_predictions_current_20260930.json,50.89,0.0
20260930,16,10,6,6,6.51,0.1509,0.0,6.0,南西,predictions/2026/09/30/live/snapshots/20260930_152018/live_predictions_current_20260930.json,48.94,0.0
20260930,16,11,1,1,6.59,0.17476,0.0,1.0,南西,data/prediction_input_enriched_live_20260930.json,56.92,0.0
20260930,16,11,2,2,6.59,0.13393,0.0,2.0,南西,data/prediction_input_enriched_live_20260930.json,51.67,0.0
20260930,16,11,3,4,6.59,0.1488,0.0,3.0,南西,data/prediction_input_enriched_live_20260930.json,50.81,0.0
20260930,16,11,4,3,6.64,0.13491,0.0,4.0,南西,data/prediction_input_enriched_live_20260930.json,55.53,0.0
20260930,16,11,5,6,6.77,0.14782,0.0,5.0,南西,data/prediction_input_enriched_live_20260930.json,46.06,0.0
20260930,16,11,6,5,6.71,0.14828,0.0,6.0,南西,data/prediction_input_enriched_live_20260930.json,48.0,0.0
20260930,16,12,1,1,6.57,0.1494,0.0,1.0,西,predictions/2026/09/30/live/snapshots/20260930_164635/live_predictions_current_20260930.json,65.64,0.0
20260930,16,12,2,2,6.58,0.16902,0.0,2.0,西,predictions/2026/09/30/live/snapshots/20260930_164635/live_predictions_current_20260930.json,60.02,0.0
20260930,16,12,3,3,6.53,0.13778,0.0,3.0,西,predictions/2026/09/30/live/snapshots/20260930_164635/live_predictions_current_20260930.json,64.62,0.0
20260930,16,12,4,6,6.57,0.14741,0.0,4.0,西,predictions/2026/09/30/live/snapshots/20260930_164635/live_predictions_current_20260930.json,61.4,0.0
20260930,16,12,5,4,6.66,0.1555,0.0,5.0,西,predictions/2026/09/30/live/snapshots/20260930_164635/live_predictions_current_20260930.json,55.88,0.0
20260930,16,12,6,5,6.54,0.16153,0.0,6.0,西,predictions/2026/09/30/live/snapshots/20260930_164635/live_predictions_current_20260930.json,47.09,0.0
20260930,23,1,1,1,6.68,0.1487,0.0,1.0,西北西,predictions/2026/09/30/live/snapshots/20260930_084200/live_predictions_current_20260930.json,59.69,0.0
20260930,23,1,2,5,6.77,0.15667,0.0,2.0,西北西,predictions/2026/09/30/live/snapshots/20260930_084200/live_predictions_current_20260930.json,48.26,0.0
20260930,23,1,3,3,6.79,0.17633,0.0,3.0,西北西,predictions/2026/09/30/live/snapshots/20260930_084200/live_predictions_current_20260930.json,39.76,0.0
20260930,23,1,4,6,6.74,0.14951,0.0,4.0,西北西,predictions/2026/09/30/live/snapshots/20260930_084200/live_predictions_current_20260930.json,45.04,0.0
20260930,23,1,5,4,6.8,0.17245,0.0,5.0,西北西,predictions/2026/09/30/live/snapshots/20260930_084200/live_predictions_current_20260930.json,44.86,0.0
20260930,23,1,6,2,6.74,0.17547,0.0,6.0,西北西,predictions/2026/09/30/live/snapshots/20260930_084200/live_predictions_current_20260930.json,34.11,0.0
20260930,23,2,1,2,,0.1617,0.0,,,data/prediction_input_enriched_live_20260930.json,66.27,0.0
20260930,23,2,2,4,,0.14763,0.0,,,data/prediction_input_enriched_live_20260930.json,34.35,0.0
20260930,23,2,3,1,,0.13978,0.0,,,data/prediction_input_enriched_live_20260930.json,56.31,0.0
20260930,23,2,4,3,,0.17761,0.0,,,data/prediction_input_enriched_live_20260930.json,39.36,0.0
20260930,23,2,5,5,,0.14372,0.0,,,data/prediction_input_enriched_live_20260930.json,39.78,0.0
20260930,23,2,6,6,,0.1508,0.0,,,data/prediction_input_enriched_live_20260930.json,29.13,0.0
20260930,23,3,1,1,6.72,0.13043,0.0,1.0,東北東,predictions/2026/09/30/live/snapshots/20260930_092937/live_predictions_current_20260930.json,70.99,0.0
20260930,23,3,2,6,6.86,0.17136,0.0,2.0,東北東,predictions/2026/09/30/live/snapshots/20260930_092937/live_predictions_current_20260930.json,48.35,0.0
20260930,23,3,3,3,6.78,0.17241,0.0,3.0,東北東,predictions/2026/09/30/live/snapshots/20260930_092937/live_predictions_current_20260930.json,36.28,0.0
20260930,23,3,4,2,6.78,0.1768,0.0,4.0,東北東,predictions/2026/09/30/live/snapshots/20260930_092937/live_predictions_current_20260930.json,50.55,0.0
20260930,23,3,5,5,6.76,0.15921,0.0,5.0,東北東,predictions/2026/09/30/live/snapshots/20260930_092937/live_predictions_current_20260930.json,43.01,0.0
20260930,23,3,6,4,6.8,0.17146,0.0,6.0,東北東,predictions/2026/09/30/live/snapshots/20260930_092937/live_predictions_current_20260930.json,37.1,0.0
20260930,23,4,1,1,6.72,0.17698,0.0,1.0,東北東,predictions/2026/09/30/live/snapshots/20260930_095046/live_predictions_current_20260930.json,60.13,0.0
20260930,23,4,2,3,6.75,0.17327,0.0,2.0,東北東,predictions/2026/09/30/live/snapshots/20260930_095046/live_predictions_current_20260930.json,53.31,0.0
20260930,23,4,3,4,6.76,0.15182,0.0,3.0,東北東,predictions/2026/09/30/live/snapshots/20260930_095046/live_predictions_current_20260930.json,49.56,0.0
20260930,23,4,4,2,6.74,0.16675,0.0,4.0,東北東,predictions/2026/09/30/live/snapshots/20260930_095046/live_predictions_current_20260930.json,36.14,0.0
20260930,23,4,5,6,6.77,0.16608,0.0,5.0,東北東,predictions/2026/09/30/live/snapshots/20260930_095046/live_predictions_current_20260930.json,35.64,0.0
20260930,23,4,6,5,6.85,0.19435,0.0,6.0,東北東,predictions/2026/09/30/live/snapshots/20260930_095046/live_predictions_current_20260930.json,38.5,0.0
20260930,23,5,1,5,6.76,0.17741,0.0,1.0,東北東,predictions/2026/09/30/live/snapshots/20260930_101600/live_predictions_current_20260930.json,60.03,0.0
20260930,23,5,2,2,6.81,0.15667,0.0,2.0,東北東,predictions/2026/09/30/live/snapshots/20260930_101600/live_predictions_current_20260930.json,56.39,0.0
20260930,23,5,3,4,6.84,0.15231,0.0,3.0,東北東,predictions/2026/09/30/live/snapshots/20260930_101600/live_predictions_current_20260930.json,42.49,0.0
20260930,23,5,4,6,6.88,0.15103,0.0,4.0,東北東,predictions/2026/09/30/live/snapshots/20260930_101600/live_predictions_current_20260930.json,39.64,0.0
20260930,23,5,5,1,6.78,0.17078,0.0,5.0,東北東,predictions/2026/09/30/live/snapshots/20260930_101600/live_predictions_current_20260930.json,44.01,0.0
20260930,23,5,6,3,6.8,0.18545,0.0,6.0,東北東,predictions/2026/09/30/live/snapshots/20260930_101600/live_predictions_current_20260930.json,32.11,0.0
20260930,23,6,1,4,6.8,0.1637,0.0,1.0,東北東,predictions/2026/09/30/live/snapshots/20260930_110027/live_predictions_current_20260930.json,62.33,0.0
20260930,23,6,2,2,6.82,0.15059,0.0,2.0,東北東,predictions/2026/09/30/live/snapshots/20260930_110027/live_predictions_current_20260930.json,56.48,0.0
20260930,23,6,3,1,6.92,0.15636,0.0,3.0,東北東,predictions/2026/09/30/live/snapshots/20260930_110027/live_predictions_current_20260930.json,50.28,0.0
20260930,23,6,4,3,6.81,0.17964,0.0,4.0,東北東,predictions/2026/09/30/live/snapshots/20260930_110027/live_predictions_current_20260930.json,43.71,0.0
20260930,23,6,5,5,6.87,0.17667,0.0,5.0,東北東,predictions/2026/09/30/live/snapshots/20260930_110027/live_predictions_current_20260930.json,49.57,0.0
20260930,23,6,6,6,6.81,0.14844,0.0,6.0,東北東,predictions/2026/09/30/live/snapshots/20260930_110027/live_predictions_current_20260930.json,25.57,0.0
20260930,23,7,1,2,6.81,0.17245,0.0,1.0,東北東,predictions/2026/09/30/live/snapshots/20260930_112927/live_predictions_current_20260930.json,61.3,0.0
20260930,23,7,2,5,6.8,0.14372,0.0,2.0,東北東,predictions/2026/09/30/live/snapshots/20260930_112927/live_predictions_current_20260930.json,47.69,0.0
20260930,23,7,3,1,6.76,0.1722,0.0,3.0,東北東,predictions/2026/09/30/live/snapshots/20260930_112927/live_predictions_current_20260930.json,55.34,0.0
20260930,23,7,4,6,6.79,0.16707,0.0,4.0,東北東,predictions/2026/09/30/live/snapshots/20260930_112927/live_predictions_current_20260930.json,30.98,0.0
20260930,23,7,5,3,6.86,0.15609,0.0,5.0,東北東,predictions/2026/09/30/live/snapshots/20260930_112927/live_predictions_current_20260930.json,43.84,0.0
20260930,23,7,6,4,6.83,0.15929,0.0,6.0,東北東,predictions/2026/09/30/live/snapshots/20260930_112927/live_predictions_current_20260930.json,35.98,0.0
20260930,23,8,1,2,6.82,0.15921,0.0,1.0,東北東,predictions/2026/09/30/live/snapshots/20260930_114751/live_predictions_current_20260930.json,59.45,0.0
20260930,23,8,2,3,6.81,0.16675,0.0,2.0,東北東,predictions/2026/09/30/live/snapshots/20260930_114751/live_predictions_current_20260930.json,40.4,0.0
20260930,23,8,3,6,6.88,0.1508,0.0,3.0,東北東,predictions/2026/09/30/live/snapshots/20260930_114751/live_predictions_current_20260930.json,36.43,0.0
20260930,23,8,4,1,6.85,0.16163,0.0,4.0,東北東,predictions/2026/09/30/live/snapshots/20260930_114751/live_predictions_current_20260930.json,49.53,0.0
20260930,23,8,5,4,6.83,0.15667,0.0,5.0,東北東,predictions/2026/09/30/live/snapshots/20260930_114751/live_predictions_current_20260930.json,40.35,0.0
20260930,23,8,6,5,6.81,0.15522,0.0,6.0,東北東,predictions/2026/09/30/live/snapshots/20260930_114751/live_predictions_current_20260930.json,21.65,0.0
20260930,23,9,1,1,6.81,0.15231,0.0,1.0,東北東,data/prediction_input_enriched_live_20260930.json,54.05,0.0
20260930,23,9,2,4,6.8,0.15809,0.0,2.0,東北東,data/prediction_input_enriched_live_20260930.json,52.77,0.0
20260930,23,9,3,6,6.74,0.17547,0.0,3.0,東北東,data/prediction_input_enriched_live_20260930.json,40.83,0.0
20260930,23,9,4,2,6.79,0.17698,0.0,4.0,東北東,data/prediction_input_enriched_live_20260930.json,47.34,0.0
20260930,23,9,5,3,6.79,0.13043,0.0,5.0,東北東,data/prediction_input_enriched_live_20260930.json,54.55,0.0
20260930,23,9,6,5,6.87,0.1544,0.0,6.0,東北東,data/prediction_input_enriched_live_20260930.json,48.96,0.0
20260930,23,10,1,5,6.83,0.16608,0.0,1.0,東北東,data/prediction_input_enriched_live_20260930.json,52.08,0.0
20260930,23,10,2,1,6.89,0.15636,0.0,2.0,東北東,data/prediction_input_enriched_live_20260930.json,53.32,0.0
20260930,23,10,3,4,6.81,0.15156,0.0,3.0,東北東,data/prediction_input_enriched_live_20260930.json,49.48,0.0
20260930,23,10,4,2,6.84,0.1487,0.0,4.0,東北東,data/prediction_input_enriched_live_20260930.json,46.91,0.0
20260930,23,10,5,3,6.85,0.1768,0.0,5.0,東北東,data/prediction_input_enriched_live_20260930.json,46.9,0.0
20260930,23,10,6,6,6.84,0.15667,0.0,6.0,東北東,data/prediction_input_enriched_live_20260930.json,46.04,0.0
20260930,23,11,1,1,6.82,0.19632,0.0,1.0,東北東,data/prediction_input_enriched_live_20260930.json,60.45,0.0
20260930,23,11,2,2,6.83,0.15182,0.0,2.0,東北東,data/prediction_input_enriched_live_20260930.json,52.6,0.0
20260930,23,11,3,3,6.88,0.17964,0.0,3.0,東北東,data/prediction_input_enriched_live_20260930.json,44.92,0.0
20260930,23,11,4,4,6.84,0.15929,0.0,4.0,東北東,data/prediction_input_enriched_live_20260930.json,42.07,0.0
20260930,23,11,5,6,6.89,0.1617,0.0,5.0,東北東,data/prediction_input_enriched_live_20260930.json,49.83,0.0
20260930,23,11,6,5,6.89,0.17241,0.0,6.0,東北東,data/prediction_input_enriched_live_20260930.json,28.98,0.0
20260930,23,12,1,5,6.88,0.16163,0.0,1.0,東北東,predictions/2026/09/30/live/snapshots/20260930_141616/live_predictions_current_20260930.json,61.29,0.0
20260930,23,12,2,6,6.79,0.1722,0.0,2.0,東北東,predictions/2026/09/30/live/snapshots/20260930_141616/live_predictions_current_20260930.json,58.38,0.0
20260930,23,12,3,1,6.81,0.17327,0.0,3.0,東北東,predictions/2026/09/30/live/snapshots/20260930_141616/live_predictions_current_20260930.json,50.27,0.0
20260930,23,12,4,2,6.86,0.17078,0.0,4.0,東北東,predictions/2026/09/30/live/snapshots/20260930_141616/live_predictions_current_20260930.json,47.66,0.0
20260930,23,12,5,4,6.88,0.15059,0.0,5.0,東北東,predictions/2026/09/30/live/snapshots/20260930_141616/live_predictions_current_20260930.json,48.57,0.0
20260930,23,12,6,3,6.94,0.13978,0.0,6.0,東北東,predictions/2026/09/30/live/snapshots/20260930_141616/live_predictions_current_20260930.json,49.0,0.0
20260930,24,1,1,1,6.93,0.17622,0.0,1.0,南東,data/prediction_input_enriched_live_20260930.json,56.3,0.0
20260930,24,1,2,2,6.94,0.1665,0.0,2.0,南東,data/prediction_input_enriched_live_20260930.json,47.47,0.0
20260930,24,1,3,5,6.99,0.15771,0.0,3.0,南東,data/prediction_input_enriched_live_20260930.json,38.6,0.0
20260930,24,1,4,3,6.99,0.1425,0.0,4.0,南東,data/prediction_input_enriched_live_20260930.json,32.55,0.0
20260930,24,1,5,4,6.88,0.16606,0.0,5.0,南東,data/prediction_input_enriched_live_20260930.json,39.67,0.0
20260930,24,1,6,6,6.94,0.14135,0.0,6.0,南東,data/prediction_input_enriched_live_20260930.json,42.58,0.0
20260930,24,2,1,1,6.95,0.15472,0.0,1.0,東,data/prediction_input_enriched_live_20260930.json,53.8,0.0
20260930,24,2,2,2,6.9,0.16654,0.0,2.0,東,data/prediction_input_enriched_live_20260930.json,49.87,0.0
20260930,24,2,3,6,6.89,0.15622,0.0,3.0,東,data/prediction_input_enriched_live_20260930.json,54.82,0.0
20260930,24,2,4,5,6.98,0.15525,0.0,6.0,東,data/prediction_input_enriched_live_20260930.json,36.43,1.0
20260930,24,2,5,4,6.9,0.13771,0.0,4.0,東,data/prediction_input_enriched_live_20260930.json,46.03,1.0
20260930,24,2,6,3,6.89,0.15068,0.0,5.0,東,data/prediction_input_enriched_live_20260930.json,56.25,1.0
20260930,24,3,1,1,6.89,0.15868,0.0,1.0,東,data/prediction_input_enriched_live_20260930.json,55.9,0.0
20260930,24,3,2,2,6.94,0.15235,0.0,2.0,東,data/prediction_input_enriched_live_20260930.json,60.03,0.0
20260930,24,3,3,3,7.01,0.15694,0.0,3.0,東,data/prediction_input_enriched_live_20260930.json,53.35,0.0
20260930,24,3,4,4,6.97,0.1575,0.0,4.0,東,data/prediction_input_enriched_live_20260930.json,39.79,0.0
20260930,24,3,5,6,6.98,0.16405,0.0,5.0,東,data/prediction_input_enriched_live_20260930.json,33.13,0.0
20260930,24,3,6,5,6.94,0.17766,0.0,6.0,東,data/prediction_input_enriched_live_20260930.json,42.78,0.0
20260930,24,4,1,1,6.91,0.13579,0.0,1.0,東,predictions/2026/09/30/live/snapshots/20260930_184738/live_predictions_current_20260930.json,58.48,0.0
20260930,24,4,2,2,6.9,0.15304,0.0,2.0,東,predictions/2026/09/30/live/snapshots/20260930_184738/live_predictions_current_20260930.json,57.38,0.0
20260930,24,4,3,6,6.9,0.15135,0.0,3.0,東,predictions/2026/09/30/live/snapshots/20260930_184738/live_predictions_current_20260930.json,55.27,0.0
20260930,24,4,4,3,6.95,0.16784,0.0,4.0,東,predictions/2026/09/30/live/snapshots/20260930_184738/live_predictions_current_20260930.json,47.74,0.0
20260930,24,4,5,4,6.9,0.13511,0.0,5.0,東,predictions/2026/09/30/live/snapshots/20260930_184738/live_predictions_current_20260930.json,37.08,0.0
20260930,24,4,6,5,6.91,0.16974,0.0,6.0,東,predictions/2026/09/30/live/snapshots/20260930_184738/live_predictions_current_20260930.json,39.56,0.0
20260930,24,5,1,1,6.94,0.12681,0.0,1.0,東,predictions/2026/09/30/live/snapshots/20260930_191657/live_predictions_current_20260930.json,67.59,0.0
20260930,24,5,2,3,6.98,0.15766,0.0,2.0,東,predictions/2026/09/30/live/snapshots/20260930_191657/live_predictions_current_20260930.json,49.85,0.0
20260930,24,5,3,2,6.88,0.13118,0.0,3.0,東,predictions/2026/09/30/live/snapshots/20260930_191657/live_predictions_current_20260930.json,38.82,0.0
20260930,24,5,4,5,6.92,0.14196,0.0,4.0,東,predictions/2026/09/30/live/snapshots/20260930_191657/live_predictions_current_20260930.json,29.74,0.0
20260930,24,5,5,6,6.95,0.14291,0.0,6.0,東,predictions/2026/09/30/live/snapshots/20260930_191657/live_predictions_current_20260930.json,21.94,1.0
20260930,24,5,6,4,6.97,0.15676,0.0,5.0,東,predictions/2026/09/30/live/snapshots/20260930_191657/live_predictions_current_20260930.json,45.83,1.0
20260930,24,6,1,2,6.97,0.14173,0.0,1.0,北東,predictions/2026/09/30/live/snapshots/20260930_194626/live_predictions_current_20260930.json,59.49,0.0
20260930,24,6,2,1,6.85,0.16606,0.0,2.0,北東,predictions/2026/09/30/live/snapshots/20260930_194626/live_predictions_current_20260930.json,46.95,0.0
20260930,24,6,3,4,6.93,0.15031,0.0,3.0,北東,predictions/2026/09/30/live/snapshots/20260930_194626/live_predictions_current_20260930.json,56.73,0.0
20260930,24,6,4,3,6.96,0.14122,0.0,4.0,北東,predictions/2026/09/30/live/snapshots/20260930_194626/live_predictions_current_20260930.json,51.75,0.0
20260930,24,6,5,6,6.98,0.1525,0.0,5.0,北東,predictions/2026/09/30/live/snapshots/20260930_194626/live_predictions_current_20260930.json,26.03,0.0
20260930,24,6,6,5,6.86,0.15656,0.0,6.0,北東,predictions/2026/09/30/live/snapshots/20260930_194626/live_predictions_current_20260930.json,48.34,0.0
20260930,24,7,1,2,6.89,0.17463,0.0,1.0,北東,predictions/2026/09/30/live/snapshots/20260930_201458/live_predictions_current_20260930.json,58.95,0.0
20260930,24,7,2,5,7.01,0.1425,0.0,2.0,北東,predictions/2026/09/30/live/snapshots/20260930_201458/live_predictions_current_20260930.json,36.47,0.0
20260930,24,7,3,1,6.94,0.13771,0.0,3.0,北東,predictions/2026/09/30/live/snapshots/20260930_201458/live_predictions_current_20260930.json,50.51,0.0
20260930,24,7,4,4,6.95,0.15143,0.0,4.0,北東,predictions/2026/09/30/live/snapshots/20260930_201458/live_predictions_current_20260930.json,49.13,0.0
20260930,24,7,5,3,6.98,0.153,0.0,5.0,北東,predictions/2026/09/30/live/snapshots/20260930_201458/live_predictions_current_20260930.json,42.73,0.0
20260930,24,7,6,6,6.97,0.17895,0.0,6.0,北東,predictions/2026/09/30/live/snapshots/20260930_201458/live_predictions_current_20260930.json,25.63,0.0
20260930,24,8,1,1,6.95,0.15525,0.0,1.0,北東,predictions/2026/09/30/live/snapshots/20260930_205734/live_predictions_current_20260930.json,48.19,0.0
20260930,24,8,2,4,6.93,0.15694,0.0,2.0,北東,predictions/2026/09/30/live/snapshots/20260930_205734/live_predictions_current_20260930.json,56.15,0.0
20260930,24,8,3,3,6.95,0.16784,0.0,3.0,北東,predictions/2026/09/30/live/snapshots/20260930_205734/live_predictions_current_20260930.json,48.86,0.0
20260930,24,8,4,6,6.95,0.15771,0.0,4.0,北東,predictions/2026/09/30/live/snapshots/20260930_205734/live_predictions_current_20260930.json,37.48,0.0
20260930,24,8,5,2,6.95,0.15617,0.0,5.0,北東,predictions/2026/09/30/live/snapshots/20260930_205734/live_predictions_current_20260930.json,54.66,0.0
20260930,24,8,6,5,6.88,0.13794,0.0,6.0,北東,predictions/2026/09/30/live/snapshots/20260930_205734/live_predictions_current_20260930.json,36.73,0.0
20260930,24,9,1,6,,0.1665,0.0,,,data/prediction_input_enriched_live_20260930.json,55.31,0.0
20260930,24,9,2,4,,0.17766,0.0,,,data/prediction_input_enriched_live_20260930.json,52.3,0.0
20260930,24,9,3,1,,0.1478,0.0,,,data/prediction_input_enriched_live_20260930.json,47.62,0.0
20260930,24,9,4,2,,0.15135,0.0,,,data/prediction_input_enriched_live_20260930.json,54.15,0.0
20260930,24,9,5,3,,0.15068,0.0,,,data/prediction_input_enriched_live_20260930.json,58.49,0.0
20260930,24,9,6,5,,0.16405,0.0,,,data/prediction_input_enriched_live_20260930.json,37.52,0.0
20260930,24,10,1,1,,0.14623,0.0,,,data/prediction_input_enriched_live_20260930.json,71.18,0.0
20260930,24,10,2,5,,0.15676,0.0,,,data/prediction_input_enriched_live_20260930.json,55.35,0.0
20260930,24,10,3,4,,0.17622,0.0,,,data/prediction_input_enriched_live_20260930.json,45.66,0.0
20260930,24,10,4,2,,0.16654,0.0,,,data/prediction_input_enriched_live_20260930.json,45.95,0.0
20260930,24,10,5,3,,0.14173,0.0,,,data/prediction_input_enriched_live_20260930.json,44.37,0.0
20260930,24,10,6,6,,0.15304,0.0,,,data/prediction_input_enriched_live_20260930.json,47.86,0.0
20260930,24,11,1,2,6.92,0.14122,0.0,1.0,北西,data/prediction_input_enriched_live_20260930.json,63.51,0.0
20260930,24,11,2,1,6.89,0.12681,0.0,2.0,北西,data/prediction_input_enriched_live_20260930.json,59.75,0.0
20260930,24,11,3,3,6.91,0.14135,0.0,3.0,北西,data/prediction_input_enriched_live_20260930.json,49.3,0.0
20260930,24,11,4,6,6.92,0.16974,0.0,4.0,北西,data/prediction_input_enriched_live_20260930.json,45.16,0.0
20260930,24,11,5,4,6.95,0.15235,0.0,5.0,北西,data/prediction_input_enriched_live_20260930.json,52.75,0.0
20260930,24,11,6,5,6.82,0.15622,0.0,6.0,北西,data/prediction_input_enriched_live_20260930.json,48.1,0.0
20260930,24,12,1,1,7.02,0.15766,0.0,1.0,北東,predictions/2026/09/30/live/snapshots/20260930_222959/live_predictions_current_20260930.json,57.69,0.0
20260930,24,12,2,2,6.96,0.13511,0.0,2.0,北東,predictions/2026/09/30/live/snapshots/20260930_222959/live_predictions_current_20260930.json,44.36,0.0
20260930,24,12,3,6,7.01,0.15472,0.0,3.0,北東,predictions/2026/09/30/live/snapshots/20260930_222959/live_predictions_current_20260930.json,43.16,0.0
20260930,24,12,4,5,6.99,0.153,0.0,4.0,北東,predictions/2026/09/30/live/snapshots/20260930_222959/live_predictions_current_20260930.json,46.09,0.0
20260930,24,12,5,4,7.01,0.15031,0.0,5.0,北東,predictions/2026/09/30/live/snapshots/20260930_222959/live_predictions_current_20260930.json,52.25,0.0
20260930,24,12,6,3,7.01,0.16405,0.0,6.0,北東,predictions/2026/09/30/live/snapshots/20260930_222959/live_predictions_current_20260930.json,30.89,0.0
