date,venue_code,venue_name,race,race_id,boat,registration_no,racer_name,age,branch,weight_kg,grade,national_win_rate,national_top2_rate,local_win_rate,local_top2_rate,motor_no,motor_top2_rate,boat_no,boat_top2_rate,series_results_raw,early_race_raw,source_url,collected_at
20261005,23,唐津,1,20261005-23-01,1,4359,横川聖志,42,徳島,59.0,A2,5.29,35.24,6.37,42.11,2,0.0,33,20.51,5 53423 2,9,https://www1.mbrace.or.jp/od2/B/202610/b261005.lzh,2026-10-05T06:26:05.144849+09:00
20261005,23,唐津,1,20261005-23-01,2,3212,亀本勇樹,64,広島,58.0,B1,4.56,21.88,5.38,38.1,47,25.0,54,30.65,3 652 614,,https://www1.mbrace.or.jp/od2/B/202610/b261005.lzh,2026-10-05T06:26:05.144849+09:00
20261005,23,唐津,1,20261005-23-01,3,5407,中岡駿,21,香川,53.0,B1,2.55,8.99,2.0,0.0,4,33.33,50,34.96,233 6 266,6,https://www1.mbrace.or.jp/od2/B/202610/b261005.lzh,2026-10-05T06:26:05.144849+09:00
20261005,23,唐津,1,20261005-23-01,4,5014,梶山涼斗,28,佐賀,56.0,B1,4.24,24.29,5.07,28.09,24,55.56,21,41.22,263 335 5,7,https://www1.mbrace.or.jp/od2/B/202610/b261005.lzh,2026-10-05T06:26:05.144849+09:00
20261005,23,唐津,1,20261005-23-01,5,4253,西川真人,43,滋賀,57.0,B1,4.34,19.13,3.79,20.83,7,0.0,47,29.27,354 S 352,7,https://www1.mbrace.or.jp/od2/B/202610/b261005.lzh,2026-10-05T06:26:05.144849+09:00
20261005,23,唐津,1,20261005-23-01,6,5423,高橋嗣穏,24,徳島,51.0,B2,1.25,0.0,1.33,0.0,3,44.44,45,30.4,6 656 665,,https://www1.mbrace.or.jp/od2/B/202610/b261005.lzh,2026-10-05T06:26:05.144849+09:00
20261005,23,唐津,2,20261005-23-02,1,4472,尾嶋一広,39,兵庫,57.0,A1,6.57,46.15,5.82,27.27,61,0.0,58,24.14,1 24113226,10,https://www1.mbrace.or.jp/od2/B/202610/b261005.lzh,2026-10-05T06:26:05.144849+09:00
20261005,23,唐津,2,20261005-23-02,2,4000,松本博昭,49,広島,57.0,A2,6.02,42.28,5.94,43.75,48,50.0,13,31.45,5 66123 2,9,https://www1.mbrace.or.jp/od2/B/202610/b261005.lzh,2026-10-05T06:26:05.144849+09:00
20261005,23,唐津,2,20261005-23-02,3,5204,宇恵有香,29,三重,46.0,B2,4.75,24.0,2.25,0.0,8,0.0,41,33.87,3 413 464,8,https://www1.mbrace.or.jp/od2/B/202610/b261005.lzh,2026-10-05T06:26:05.144849+09:00
20261005,23,唐津,2,20261005-23-02,4,4948,木場悠介,33,長崎,51.0,B1,5.63,39.22,4.96,29.63,51,0.0,28,34.65,423 335 4,7,https://www1.mbrace.or.jp/od2/B/202610/b261005.lzh,2026-10-05T06:26:05.144849+09:00
20261005,23,唐津,2,20261005-23-02,5,4154,森安弘雅,46,香川,52.0,B1,5.24,36.94,5.05,40.0,23,22.22,55,38.4,4 43235 5,8,https://www1.mbrace.or.jp/od2/B/202610/b261005.lzh,2026-10-05T06:26:05.144849+09:00
20261005,23,唐津,2,20261005-23-02,6,3175,渡辺千草,62,東京,48.0,B1,4.66,25.0,0.0,0.0,58,0.0,23,43.75,54F 4 5 5,,https://www1.mbrace.or.jp/od2/B/202610/b261005.lzh,2026-10-05T06:26:05.144849+09:00
20261005,23,唐津,3,20261005-23-03,1,4174,赤坂俊輔,43,長崎,51.0,A1,6.44,44.36,6.95,48.39,50,0.0,7,36.0,2423111 34,11,https://www1.mbrace.or.jp/od2/B/202610/b261005.lzh,2026-10-05T06:26:05.144849+09:00
20261005,23,唐津,3,20261005-23-03,2,3771,折下寛法,52,東京,50.0,B1,5.26,27.93,4.86,21.43,64,0.0,8,40.94,653 252 63,,https://www1.mbrace.or.jp/od2/B/202610/b261005.lzh,2026-10-05T06:26:05.144849+09:00
20261005,23,唐津,3,20261005-23-03,3,4866,橋本英一,36,福岡,55.0,B1,4.39,20.45,4.78,27.78,16,12.5,38,40.98,415 326 5,8,https://www1.mbrace.or.jp/od2/B/202610/b261005.lzh,2026-10-05T06:26:05.144849+09:00
20261005,23,唐津,3,20261005-23-03,4,5297,南彩寧,24,兵庫,46.0,B1,3.74,17.82,2.15,5.0,54,0.0,22,23.48,4 26356 64,,https://www1.mbrace.or.jp/od2/B/202610/b261005.lzh,2026-10-05T06:26:05.144849+09:00
20261005,23,唐津,3,20261005-23-03,5,3319,山崎義明,59,埼玉,52.0,A2,5.74,38.06,5.82,47.06,59,0.0,9,31.9,3 455 241,9,https://www1.mbrace.or.jp/od2/B/202610/b261005.lzh,2026-10-05T06:26:05.144849+09:00
20261005,23,唐津,3,20261005-23-03,6,4733,赤井睦,37,徳島,48.0,B1,5.51,38.36,5.89,42.22,1,22.22,29,36.29,123 666 F,,https://www1.mbrace.or.jp/od2/B/202610/b261005.lzh,2026-10-05T06:26:05.144849+09:00
20261005,23,唐津,4,20261005-23-04,1,4638,小林遼太,35,福岡,53.0,B1,5.39,36.89,4.71,28.57,19,20.0,52,36.07,6 524 2431,9,https://www1.mbrace.or.jp/od2/B/202610/b261005.lzh,2026-10-05T06:26:05.144849+09:00
20261005,23,唐津,4,20261005-23-04,2,4172,森定晃史,43,岡山,52.0,A2,5.94,39.84,6.14,51.35,22,44.44,25,26.36,26245 1316,10,https://www1.mbrace.or.jp/od2/B/202610/b261005.lzh,2026-10-05T06:26:05.144849+09:00
20261005,23,唐津,4,20261005-23-04,3,4417,服部剛,39,静岡,53.0,B1,5.21,33.33,5.21,33.33,25,22.22,56,34.45,523 561 4,8,https://www1.mbrace.or.jp/od2/B/202610/b261005.lzh,2026-10-05T06:26:05.144849+09:00
20261005,23,唐津,4,20261005-23-04,4,4011,堀之内紀,47,岡山,46.0,A2,6.48,48.84,5.56,33.33,11,11.11,59,38.21,424 164415,11,https://www1.mbrace.or.jp/od2/B/202610/b261005.lzh,2026-10-05T06:26:05.144849+09:00
20261005,23,唐津,4,20261005-23-04,5,3918,深井利寿,52,滋賀,51.0,A1,6.75,44.35,6.21,46.43,52,0.0,14,31.75,13251 3133,11,https://www1.mbrace.or.jp/od2/B/202610/b261005.lzh,2026-10-05T06:26:05.144849+09:00
20261005,23,唐津,4,20261005-23-04,6,5429,吉川颯汰,23,佐賀,56.0,B2,1.2,0.0,1.07,0.0,6,22.22,10,37.17,5 664 666,,https://www1.mbrace.or.jp/od2/B/202610/b261005.lzh,2026-10-05T06:26:05.144849+09:00
20261005,23,唐津,5,20261005-23-05,1,4121,富永修一,44,福岡,53.0,A2,5.96,44.44,6.13,46.15,57,0.0,44,36.51,4 112 3523,10,https://www1.mbrace.or.jp/od2/B/202610/b261005.lzh,2026-10-05T06:26:05.144849+09:00
20261005,23,唐津,5,20261005-23-05,2,4989,石原翼,29,静岡,51.0,A2,5.8,38.46,6.15,40.74,17,50.0,12,37.9,26164 4216,11,https://www1.mbrace.or.jp/od2/B/202610/b261005.lzh,2026-10-05T06:26:05.144849+09:00
20261005,23,唐津,5,20261005-23-05,3,4764,小池礼乃,36,福岡,47.0,B1,5.18,36.25,5.63,42.86,63,0.0,48,27.5,4 216 4135,10,https://www1.mbrace.or.jp/od2/B/202610/b261005.lzh,2026-10-05T06:26:05.144849+09:00
20261005,23,唐津,5,20261005-23-05,4,5110,杉山喜一,27,静岡,52.0,B1,4.88,29.63,2.17,0.0,14,25.0,18,34.45,444 3 413,9,https://www1.mbrace.or.jp/od2/B/202610/b261005.lzh,2026-10-05T06:26:05.144849+09:00
20261005,23,唐津,5,20261005-23-05,5,5324,畑田希咲,23,兵庫,48.0,B1,3.1,5.13,1.0,0.0,62,0.0,40,29.37,6 545 456,,https://www1.mbrace.or.jp/od2/B/202610/b261005.lzh,2026-10-05T06:26:05.144849+09:00
20261005,23,唐津,5,20261005-23-05,6,4119,泥谷一毅,45,大阪,54.0,B1,6.0,39.66,6.31,51.28,15,25.0,20,33.06,4 25623 1,9,https://www1.mbrace.or.jp/od2/B/202610/b261005.lzh,2026-10-05T06:26:05.144849+09:00
20261005,23,唐津,6,20261005-23-06,1,4389,伊藤喜智,41,大阪,52.0,A2,5.44,30.7,6.0,38.46,46,0.0,34,33.33,125 244 24,10,https://www1.mbrace.or.jp/od2/B/202610/b261005.lzh,2026-10-05T06:26:05.144849+09:00
20261005,23,唐津,6,20261005-23-06,2,4112,大久保信,46,佐賀,55.0,A2,5.65,40.78,5.79,42.0,18,88.89,11,32.28,5 12615425,11,https://www1.mbrace.or.jp/od2/B/202610/b261005.lzh,2026-10-05T06:26:05.144849+09:00
20261005,23,唐津,6,20261005-23-06,3,5039,倉田茂将,28,愛知,57.0,B1,4.09,19.79,0.0,0.0,55,0.0,32,34.71,6 52424 66,,https://www1.mbrace.or.jp/od2/B/202610/b261005.lzh,2026-10-05T06:26:05.144849+09:00
20261005,23,唐津,6,20261005-23-06,4,4782,浜崎準也,39,岡山,53.0,B1,4.67,22.73,4.44,24.0,60,0.0,5,37.01,551 546 52,,https://www1.mbrace.or.jp/od2/B/202610/b261005.lzh,2026-10-05T06:26:05.144849+09:00
20261005,23,唐津,6,20261005-23-06,5,5407,中岡駿,21,香川,53.0,B1,2.55,8.99,2.0,0.0,4,33.33,50,34.96,233 6 266,1,https://www1.mbrace.or.jp/od2/B/202610/b261005.lzh,2026-10-05T06:26:05.144849+09:00
20261005,23,唐津,6,20261005-23-06,6,4108,吉村正明,46,山口,51.0,A1,5.94,43.14,7.15,56.52,53,0.0,42,26.27,2312153 43,10,https://www1.mbrace.or.jp/od2/B/202610/b261005.lzh,2026-10-05T06:26:05.144849+09:00
20261005,23,唐津,7,20261005-23-07,1,4575,戸塚邦好,38,東京,51.0,A2,5.99,42.98,6.57,42.86,10,55.56,2,42.97,134 632254,11,https://www1.mbrace.or.jp/od2/B/202610/b261005.lzh,2026-10-05T06:26:05.144849+09:00
20261005,23,唐津,7,20261005-23-07,2,4948,木場悠介,33,長崎,51.0,B1,5.63,39.22,4.96,29.63,51,0.0,28,34.65,423 335 4,2,https://www1.mbrace.or.jp/od2/B/202610/b261005.lzh,2026-10-05T06:26:05.144849+09:00
20261005,23,唐津,7,20261005-23-07,3,4747,山戸信二,41,長崎,52.0,B1,3.45,13.64,3.67,13.33,13,44.44,49,35.54,3 66436 41,,https://www1.mbrace.or.jp/od2/B/202610/b261005.lzh,2026-10-05T06:26:05.144849+09:00
20261005,23,唐津,7,20261005-23-07,4,4253,西川真人,43,滋賀,57.0,B1,4.34,19.13,3.79,20.83,7,0.0,47,29.27,354 S 352,1,https://www1.mbrace.or.jp/od2/B/202610/b261005.lzh,2026-10-05T06:26:05.144849+09:00
20261005,23,唐津,7,20261005-23-07,5,5248,本田愛,24,静岡,47.0,B1,5.26,34.65,3.67,0.0,5,20.0,3,35.34,6 35565 56,,https://www1.mbrace.or.jp/od2/B/202610/b261005.lzh,2026-10-05T06:26:05.144849+09:00
20261005,23,唐津,7,20261005-23-07,6,5014,梶山涼斗,28,佐賀,56.0,B1,4.24,24.29,5.07,28.09,24,55.56,21,41.22,263 335 5,1,https://www1.mbrace.or.jp/od2/B/202610/b261005.lzh,2026-10-05T06:26:05.144849+09:00
20261005,23,唐津,8,20261005-23-08,1,4866,橋本英一,36,福岡,55.0,B1,4.39,20.45,4.78,27.78,16,12.5,38,40.98,415 326 5,3,https://www1.mbrace.or.jp/od2/B/202610/b261005.lzh,2026-10-05T06:26:05.144849+09:00
20261005,23,唐津,8,20261005-23-08,2,4154,森安弘雅,46,香川,52.0,B1,5.24,36.94,5.05,40.0,23,22.22,55,38.4,4 43235 5,2,https://www1.mbrace.or.jp/od2/B/202610/b261005.lzh,2026-10-05T06:26:05.144849+09:00
20261005,23,唐津,8,20261005-23-08,3,3853,岩崎正哉,54,福岡,55.0,A2,5.93,38.21,5.21,35.29,9,0.0,57,36.59,5 364 5213,,https://www1.mbrace.or.jp/od2/B/202610/b261005.lzh,2026-10-05T06:26:05.144849+09:00
20261005,23,唐津,8,20261005-23-08,4,5204,宇恵有香,29,三重,46.0,B2,4.75,24.0,2.25,0.0,8,0.0,41,33.87,3 413 464,2,https://www1.mbrace.or.jp/od2/B/202610/b261005.lzh,2026-10-05T06:26:05.144849+09:00
20261005,23,唐津,8,20261005-23-08,5,4229,市川美宏,43,静岡,54.0,B1,4.39,19.32,2.67,0.0,56,0.0,46,21.6,664 5 525,,https://www1.mbrace.or.jp/od2/B/202610/b261005.lzh,2026-10-05T06:26:05.144849+09:00
20261005,23,唐津,8,20261005-23-08,6,4417,服部剛,39,静岡,53.0,B1,5.21,33.33,5.21,33.33,25,22.22,56,34.45,523 561 4,4,https://www1.mbrace.or.jp/od2/B/202610/b261005.lzh,2026-10-05T06:26:05.144849+09:00
20261005,23,唐津,9,20261005-23-09,1,5110,杉山喜一,27,静岡,52.0,B1,4.88,29.63,2.17,0.0,14,25.0,18,34.45,444 3 413,5,https://www1.mbrace.or.jp/od2/B/202610/b261005.lzh,2026-10-05T06:26:05.144849+09:00
20261005,23,唐津,9,20261005-23-09,2,4119,泥谷一毅,45,大阪,54.0,B1,6.0,39.66,6.31,51.28,15,25.0,20,33.06,4 25623 1,5,https://www1.mbrace.or.jp/od2/B/202610/b261005.lzh,2026-10-05T06:26:05.144849+09:00
20261005,23,唐津,9,20261005-23-09,3,3319,山崎義明,59,埼玉,52.0,A2,5.74,38.06,5.82,47.06,59,0.0,9,31.9,3 455 241,3,https://www1.mbrace.or.jp/od2/B/202610/b261005.lzh,2026-10-05T06:26:05.144849+09:00
20261005,23,唐津,9,20261005-23-09,4,4000,松本博昭,49,広島,57.0,A2,6.02,42.28,5.94,43.75,48,50.0,13,31.45,5 66123 2,2,https://www1.mbrace.or.jp/od2/B/202610/b261005.lzh,2026-10-05T06:26:05.144849+09:00
20261005,23,唐津,9,20261005-23-09,5,4638,小林遼太,35,福岡,53.0,B1,5.39,36.89,4.71,28.57,19,20.0,52,36.07,6 524 2431,4,https://www1.mbrace.or.jp/od2/B/202610/b261005.lzh,2026-10-05T06:26:05.144849+09:00
20261005,23,唐津,9,20261005-23-09,6,4359,横川聖志,42,徳島,59.0,A2,5.29,35.24,6.37,42.11,2,0.0,33,20.51,5 53423 2,1,https://www1.mbrace.or.jp/od2/B/202610/b261005.lzh,2026-10-05T06:26:05.144849+09:00
20261005,23,唐津,10,20261005-23-10,1,4108,吉村正明,46,山口,51.0,A1,5.94,43.14,7.15,56.52,53,0.0,42,26.27,2312153 43,6,https://www1.mbrace.or.jp/od2/B/202610/b261005.lzh,2026-10-05T06:26:05.144849+09:00
20261005,23,唐津,10,20261005-23-10,2,4121,富永修一,44,福岡,53.0,A2,5.96,44.44,6.13,46.15,57,0.0,44,36.51,4 112 3523,5,https://www1.mbrace.or.jp/od2/B/202610/b261005.lzh,2026-10-05T06:26:05.144849+09:00
20261005,23,唐津,10,20261005-23-10,3,4389,伊藤喜智,41,大阪,52.0,A2,5.44,30.7,6.0,38.46,46,0.0,34,33.33,125 244 24,6,https://www1.mbrace.or.jp/od2/B/202610/b261005.lzh,2026-10-05T06:26:05.144849+09:00
20261005,23,唐津,10,20261005-23-10,4,4764,小池礼乃,36,福岡,47.0,B1,5.18,36.25,5.63,42.86,63,0.0,48,27.5,4 216 4135,5,https://www1.mbrace.or.jp/od2/B/202610/b261005.lzh,2026-10-05T06:26:05.144849+09:00
20261005,23,唐津,10,20261005-23-10,5,4472,尾嶋一広,39,兵庫,57.0,A1,6.57,46.15,5.82,27.27,61,0.0,58,24.14,1 24113226,2,https://www1.mbrace.or.jp/od2/B/202610/b261005.lzh,2026-10-05T06:26:05.144849+09:00
20261005,23,唐津,10,20261005-23-10,6,4172,森定晃史,43,岡山,52.0,A2,5.94,39.84,6.14,51.35,22,44.44,25,26.36,26245 1316,4,https://www1.mbrace.or.jp/od2/B/202610/b261005.lzh,2026-10-05T06:26:05.144849+09:00
20261005,23,唐津,11,20261005-23-11,1,3918,深井利寿,52,滋賀,51.0,A1,6.75,44.35,6.21,46.43,52,0.0,14,31.75,13251 3133,4,https://www1.mbrace.or.jp/od2/B/202610/b261005.lzh,2026-10-05T06:26:05.144849+09:00
20261005,23,唐津,11,20261005-23-11,2,4174,赤坂俊輔,43,長崎,51.0,A1,6.44,44.36,6.95,48.39,50,0.0,7,36.0,2423111 34,3,https://www1.mbrace.or.jp/od2/B/202610/b261005.lzh,2026-10-05T06:26:05.144849+09:00
20261005,23,唐津,11,20261005-23-11,3,4575,戸塚邦好,38,東京,51.0,A2,5.99,42.98,6.57,42.86,10,55.56,2,42.97,134 632254,7,https://www1.mbrace.or.jp/od2/B/202610/b261005.lzh,2026-10-05T06:26:05.144849+09:00
20261005,23,唐津,11,20261005-23-11,4,4112,大久保信,46,佐賀,55.0,A2,5.65,40.78,5.79,42.0,18,88.89,11,32.28,5 12615425,6,https://www1.mbrace.or.jp/od2/B/202610/b261005.lzh,2026-10-05T06:26:05.144849+09:00
20261005,23,唐津,11,20261005-23-11,5,4011,堀之内紀,47,岡山,46.0,A2,6.48,48.84,5.56,33.33,11,11.11,59,38.21,424 164415,4,https://www1.mbrace.or.jp/od2/B/202610/b261005.lzh,2026-10-05T06:26:05.144849+09:00
20261005,23,唐津,11,20261005-23-11,6,4989,石原翼,29,静岡,51.0,A2,5.8,38.46,6.15,40.74,17,50.0,12,37.9,26164 4216,5,https://www1.mbrace.or.jp/od2/B/202610/b261005.lzh,2026-10-05T06:26:05.144849+09:00
20261005,23,唐津,12,20261005-23-12,1,4543,重木輝彦,38,兵庫,52.0,A1,6.52,45.76,6.5,50.0,20,0.0,16,41.41,121 141341,,https://www1.mbrace.or.jp/od2/B/202610/b261005.lzh,2026-10-05T06:26:05.144849+09:00
20261005,23,唐津,12,20261005-23-12,2,3983,須藤博倫,48,埼玉,52.0,A1,6.53,44.78,5.5,37.5,21,44.44,31,40.87,311 121541,,https://www1.mbrace.or.jp/od2/B/202610/b261005.lzh,2026-10-05T06:26:05.144849+09:00
20261005,23,唐津,12,20261005-23-12,3,4483,北野輝季,37,愛知,54.0,A1,6.83,52.94,6.5,50.0,12,22.22,43,26.85,16213 1131,,https://www1.mbrace.or.jp/od2/B/202610/b261005.lzh,2026-10-05T06:26:05.144849+09:00
20261005,23,唐津,12,20261005-23-12,4,4072,森永淳,45,佐賀,52.0,A1,7.16,56.52,6.82,56.49,65,0.0,30,21.43,151 412122,,https://www1.mbrace.or.jp/od2/B/202610/b261005.lzh,2026-10-05T06:26:05.144849+09:00
20261005,23,唐津,12,20261005-23-12,5,3541,三嶌誠司,58,香川,53.0,A2,6.36,45.83,6.14,42.86,45,0.0,26,28.57,113 5 3232,,https://www1.mbrace.or.jp/od2/B/202610/b261005.lzh,2026-10-05T06:26:05.144849+09:00
20261005,23,唐津,12,20261005-23-12,6,5106,山崎祥,27,山口,51.0,A2,5.53,35.45,3.87,26.67,49,0.0,4,22.76,334 253 12,,https://www1.mbrace.or.jp/od2/B/202610/b261005.lzh,2026-10-05T06:26:05.144849+09:00
20261005,22,福岡,1,20261005-22-01,1,5009,大賀龍之,29,福岡,56.0,A2,4.78,28.77,5.01,36.76,67,36.11,156,41.38,2 361 32,10,https://www1.mbrace.or.jp/od2/B/202610/b261005.lzh,2026-10-05T06:26:05.144849+09:00
20261005,22,福岡,1,20261005-22-01,2,4396,大田直弥,40,山口,54.0,B1,4.52,22.22,5.05,31.58,63,31.72,103,24.79,1 543 35,7,https://www1.mbrace.or.jp/od2/B/202610/b261005.lzh,2026-10-05T06:26:05.144849+09:00
20261005,22,福岡,1,20261005-22-01,3,4902,山川雄大,33,兵庫,51.0,B1,4.38,30.61,4.64,32.14,51,28.79,113,21.01,5 162 22,11,https://www1.mbrace.or.jp/od2/B/202610/b261005.lzh,2026-10-05T06:26:05.144849+09:00
20261005,22,福岡,1,20261005-22-01,4,3797,岩井繁,53,広島,61.0,B1,3.55,14.74,2.29,5.88,36,38.36,150,34.78,6 435 66,,https://www1.mbrace.or.jp/od2/B/202610/b261005.lzh,2026-10-05T06:26:05.144849+09:00
20261005,22,福岡,1,20261005-22-01,5,4164,岩永節也,44,長崎,53.0,B1,4.12,16.87,3.5,0.0,16,45.07,151,22.41,543 431,8,https://www1.mbrace.or.jp/od2/B/202610/b261005.lzh,2026-10-05T06:26:05.144849+09:00
20261005,22,福岡,1,20261005-22-01,6,5457,山田陽翔,20,長崎,51.0,B2,1.16,0.0,0.0,0.0,21,40.27,152,32.23,6 5 566,5,https://www1.mbrace.or.jp/od2/B/202610/b261005.lzh,2026-10-05T06:26:05.144849+09:00
20261005,22,福岡,2,20261005-22-02,1,4579,中嶋健一,37,三重,55.0,A2,6.12,40.78,6.35,29.41,47,19.83,159,35.9,135 5243,11,https://www1.mbrace.or.jp/od2/B/202610/b261005.lzh,2026-10-05T06:26:05.144849+09:00
20261005,22,福岡,2,20261005-22-02,2,3745,橋本年光,51,兵庫,52.0,B1,5.29,27.08,6.23,43.33,52,40.0,109,39.5,354 144,7,https://www1.mbrace.or.jp/od2/B/202610/b261005.lzh,2026-10-05T06:26:05.144849+09:00
20261005,22,福岡,2,20261005-22-02,3,4459,片岡雅裕,40,香川,53.0,A2,6.41,45.33,5.0,18.75,30,33.94,119,31.93,523 533,9,https://www1.mbrace.or.jp/od2/B/202610/b261005.lzh,2026-10-05T06:26:05.144849+09:00
20261005,22,福岡,2,20261005-22-02,4,4441,末永由楽,40,岡山,54.0,A2,5.96,38.79,7.19,61.9,64,26.13,130,41.53,4 331 22,10,https://www1.mbrace.or.jp/od2/B/202610/b261005.lzh,2026-10-05T06:26:05.144849+09:00
20261005,22,福岡,2,20261005-22-02,5,3711,江本真治,52,山口,53.0,A2,5.8,35.92,6.27,36.36,13,36.51,171,27.83,3 154 55,8,https://www1.mbrace.or.jp/od2/B/202610/b261005.lzh,2026-10-05T06:26:05.144849+09:00
20261005,22,福岡,2,20261005-22-02,6,3459,中野和裕,59,佐賀,54.0,B1,3.2,10.11,4.53,24.49,24,27.83,157,36.52,124 6F3,,https://www1.mbrace.or.jp/od2/B/202610/b261005.lzh,2026-10-05T06:26:05.144849+09:00
20261005,22,福岡,3,20261005-22-03,1,5067,山田真聖,27,山口,57.0,B1,4.84,30.23,3.83,17.14,32,28.86,126,37.19,615 222,11,https://www1.mbrace.or.jp/od2/B/202610/b261005.lzh,2026-10-05T06:26:05.144849+09:00
20261005,22,福岡,3,20261005-22-03,2,3699,富永正人,53,埼玉,53.0,B1,4.59,26.25,5.22,27.78,25,40.37,135,38.98,432 345,8,https://www1.mbrace.or.jp/od2/B/202610/b261005.lzh,2026-10-05T06:26:05.144849+09:00
20261005,22,福岡,3,20261005-22-03,3,5068,前田滉,26,愛知,51.0,A1,7.97,67.59,7.2,50.0,46,26.57,102,23.21,62114 11,10,https://www1.mbrace.or.jp/od2/B/202610/b261005.lzh,2026-10-05T06:26:05.144849+09:00
20261005,22,福岡,3,20261005-22-03,4,4220,深川和仁,44,香川,55.0,B1,5.58,38.89,4.81,25.93,18,34.55,101,31.15,212 351,12,https://www1.mbrace.or.jp/od2/B/202610/b261005.lzh,2026-10-05T06:26:05.144849+09:00
20261005,22,福岡,3,20261005-22-03,5,5469,今泉博人,18,佐賀,55.0,B2,1.6,0.0,1.44,0.0,57,31.88,131,19.47,6 656 6,9,https://www1.mbrace.or.jp/od2/B/202610/b261005.lzh,2026-10-05T06:26:05.144849+09:00
20261005,22,福岡,3,20261005-22-03,6,3268,森竜也,61,三重,53.0,B1,4.87,31.37,0.0,0.0,43,60.58,170,33.88,2 422 56,,https://www1.mbrace.or.jp/od2/B/202610/b261005.lzh,2026-10-05T06:26:05.144849+09:00
20261005,22,福岡,4,20261005-22-04,1,3957,大谷直弘,49,愛知,54.0,B1,4.75,28.71,5.35,30.0,33,39.23,118,31.62,313 533,10,https://www1.mbrace.or.jp/od2/B/202610/b261005.lzh,2026-10-05T06:26:05.144849+09:00
20261005,22,福岡,4,20261005-22-04,2,5092,篠原晟弥,25,福岡,52.0,A2,5.65,39.71,6.16,47.48,28,33.07,163,30.7,466 342,8,https://www1.mbrace.or.jp/od2/B/202610/b261005.lzh,2026-10-05T06:26:05.144849+09:00
20261005,22,福岡,4,20261005-22-04,3,3964,宮地博士,47,長崎,54.0,B1,3.66,10.64,4.89,0.0,14,40.0,117,33.61,4 465 43,,https://www1.mbrace.or.jp/od2/B/202610/b261005.lzh,2026-10-05T06:26:05.144849+09:00
20261005,22,福岡,4,20261005-22-04,4,4184,渡邊雄一,40,大阪,52.0,A1,7.17,55.43,6.93,58.62,39,40.0,154,16.83,152 1211,12,https://www1.mbrace.or.jp/od2/B/202610/b261005.lzh,2026-10-05T06:26:05.144849+09:00
20261005,22,福岡,4,20261005-22-04,5,4428,有賀達也,41,埼玉,54.0,A2,6.35,44.04,5.65,23.08,48,22.39,114,32.76,441 5615,9,https://www1.mbrace.or.jp/od2/B/202610/b261005.lzh,2026-10-05T06:26:05.144849+09:00
20261005,22,福岡,4,20261005-22-04,6,5020,宮村勇哉,34,三重,55.0,B1,5.07,29.89,4.16,15.79,73,32.5,127,36.97,5 361 25,,https://www1.mbrace.or.jp/od2/B/202610/b261005.lzh,2026-10-05T06:26:05.144849+09:00
20261005,22,福岡,5,20261005-22-05,1,4299,中島浩哉,43,長崎,56.0,B1,4.56,26.98,4.41,18.18,66,28.69,134,39.5,432 234,10,https://www1.mbrace.or.jp/od2/B/202610/b261005.lzh,2026-10-05T06:26:05.144849+09:00
20261005,22,福岡,5,20261005-22-05,2,4899,占部一真,34,福岡,52.0,B1,3.87,23.19,4.6,25.45,61,37.42,141,36.13,2 643 56,,https://www1.mbrace.or.jp/od2/B/202610/b261005.lzh,2026-10-05T06:26:05.144849+09:00
20261005,22,福岡,5,20261005-22-05,3,3473,石川真二,56,福岡,52.0,A1,6.97,56.2,6.81,49.46,34,42.47,174,40.17,531 1114,12,https://www1.mbrace.or.jp/od2/B/202610/b261005.lzh,2026-10-05T06:26:05.144849+09:00
20261005,22,福岡,5,20261005-22-05,4,5121,定松勇樹,25,佐賀,53.0,A1,7.32,46.67,7.38,75.0,19,34.35,138,44.07,3152121,11,https://www1.mbrace.or.jp/od2/B/202610/b261005.lzh,2026-10-05T06:26:05.144849+09:00
20261005,22,福岡,5,20261005-22-05,5,5457,山田陽翔,20,長崎,51.0,B2,1.16,0.0,0.0,0.0,21,40.27,152,32.23,6 5 566,1,https://www1.mbrace.or.jp/od2/B/202610/b261005.lzh,2026-10-05T06:26:05.144849+09:00
20261005,22,福岡,5,20261005-22-05,6,3224,栗山繁洋,61,佐賀,52.0,B1,4.04,22.35,3.39,22.22,56,34.92,124,33.33,461 445,,https://www1.mbrace.or.jp/od2/B/202610/b261005.lzh,2026-10-05T06:26:05.144849+09:00
20261005,22,福岡,6,20261005-22-06,1,5038,金田智博,28,福井,52.0,A2,6.53,50.85,6.09,45.45,74,41.35,136,33.06,264 441,12,https://www1.mbrace.or.jp/od2/B/202610/b261005.lzh,2026-10-05T06:26:05.144849+09:00
20261005,22,福岡,6,20261005-22-06,2,5369,岡崎凪汰,24,長崎,52.0,B1,3.16,13.51,1.65,0.0,50,28.77,146,31.09,5 625 25,,https://www1.mbrace.or.jp/od2/B/202610/b261005.lzh,2026-10-05T06:26:05.144849+09:00
20261005,22,福岡,6,20261005-22-06,3,5006,久保原秀,30,群馬,56.0,B1,2.7,7.5,0.0,0.0,65,40.0,143,28.44,452 266,,https://www1.mbrace.or.jp/od2/B/202610/b261005.lzh,2026-10-05T06:26:05.144849+09:00
20261005,22,福岡,6,20261005-22-06,4,3265,今村暢孝,61,福岡,53.0,A2,5.68,39.24,0.0,0.0,44,28.85,133,39.47,2 131 32,10,https://www1.mbrace.or.jp/od2/B/202610/b261005.lzh,2026-10-05T06:26:05.144849+09:00
20261005,22,福岡,6,20261005-22-06,5,4798,浜先真範,33,広島,52.0,A1,6.94,50.0,6.07,44.44,70,34.23,116,33.33,34121 14,11,https://www1.mbrace.or.jp/od2/B/202610/b261005.lzh,2026-10-05T06:26:05.144849+09:00
20261005,22,福岡,6,20261005-22-06,6,3784,中島友和,50,佐賀,54.0,B1,4.96,30.77,4.59,27.59,26,34.86,165,31.45,536 F65,,https://www1.mbrace.or.jp/od2/B/202610/b261005.lzh,2026-10-05T06:26:05.144849+09:00
20261005,22,福岡,7,20261005-22-07,1,4645,上村純一,46,群馬,53.0,A1,6.68,47.83,6.05,50.0,11,37.16,104,31.36,4 251523,12,https://www1.mbrace.or.jp/od2/B/202610/b261005.lzh,2026-10-05T06:26:05.144849+09:00
20261005,22,福岡,7,20261005-22-07,2,4406,幸野史明,41,福岡,52.0,B1,4.05,16.48,4.42,19.35,20,34.04,164,30.0,1 5S6 66,,https://www1.mbrace.or.jp/od2/B/202610/b261005.lzh,2026-10-05T06:26:05.144849+09:00
20261005,22,福岡,7,20261005-22-07,3,4396,大田直弥,40,山口,54.0,B1,4.52,22.22,5.05,31.58,63,31.72,103,24.79,1 543 35,1,https://www1.mbrace.or.jp/od2/B/202610/b261005.lzh,2026-10-05T06:26:05.144849+09:00
20261005,22,福岡,7,20261005-22-07,4,4788,小池哲也,37,大阪,55.0,A2,5.51,33.33,5.42,32.26,12,36.62,166,27.83,1 231 44,11,https://www1.mbrace.or.jp/od2/B/202610/b261005.lzh,2026-10-05T06:26:05.144849+09:00
20261005,22,福岡,7,20261005-22-07,5,3745,橋本年光,51,兵庫,52.0,B1,5.29,27.08,6.23,43.33,52,40.0,109,39.5,354 144,2,https://www1.mbrace.or.jp/od2/B/202610/b261005.lzh,2026-10-05T06:26:05.144849+09:00
20261005,22,福岡,7,20261005-22-07,6,4210,松村康太,43,福井,53.0,A2,5.52,29.09,6.89,44.44,62,45.05,122,31.62,131 3F2,,https://www1.mbrace.or.jp/od2/B/202610/b261005.lzh,2026-10-05T06:26:05.144849+09:00
20261005,22,福岡,8,20261005-22-08,1,4227,安達裕樹,43,三重,53.0,A2,5.77,30.77,6.93,53.57,15,42.07,123,46.61,1 345 33,12,https://www1.mbrace.or.jp/od2/B/202610/b261005.lzh,2026-10-05T06:26:05.144849+09:00
20261005,22,福岡,8,20261005-22-08,2,4164,岩永節也,44,長崎,53.0,B1,4.12,16.87,3.5,0.0,16,45.07,151,22.41,543 431,1,https://www1.mbrace.or.jp/od2/B/202610/b261005.lzh,2026-10-05T06:26:05.144849+09:00
20261005,22,福岡,8,20261005-22-08,3,5092,篠原晟弥,25,福岡,52.0,A2,5.65,39.71,6.16,47.48,28,33.07,163,30.7,466 342,4,https://www1.mbrace.or.jp/od2/B/202610/b261005.lzh,2026-10-05T06:26:05.144849+09:00
20261005,22,福岡,8,20261005-22-08,4,3711,江本真治,52,山口,53.0,A2,5.8,35.92,6.27,36.36,13,36.51,171,27.83,3 154 55,2,https://www1.mbrace.or.jp/od2/B/202610/b261005.lzh,2026-10-05T06:26:05.144849+09:00
20261005,22,福岡,8,20261005-22-08,5,3699,富永正人,53,埼玉,53.0,B1,4.59,26.25,5.22,27.78,25,40.37,135,38.98,432 345,3,https://www1.mbrace.or.jp/od2/B/202610/b261005.lzh,2026-10-05T06:26:05.144849+09:00
20261005,22,福岡,8,20261005-22-08,6,3361,岡部浩,57,徳島,52.0,B1,4.26,21.62,4.67,22.22,59,41.67,137,33.04,6 456 36,,https://www1.mbrace.or.jp/od2/B/202610/b261005.lzh,2026-10-05T06:26:05.144849+09:00
20261005,22,福岡,9,20261005-22-09,1,4459,片岡雅裕,40,香川,53.0,A2,6.41,45.33,5.0,18.75,30,33.94,119,31.93,523 533,2,https://www1.mbrace.or.jp/od2/B/202610/b261005.lzh,2026-10-05T06:26:05.144849+09:00
20261005,22,福岡,9,20261005-22-09,2,3955,眞田英二,49,徳島,51.0,B2,4.53,25.71,5.2,34.29,22,33.33,153,32.48,5 532 45,,https://www1.mbrace.or.jp/od2/B/202610/b261005.lzh,2026-10-05T06:26:05.144849+09:00
20261005,22,福岡,9,20261005-22-09,3,5337,出畑孝成,20,福岡,54.0,B1,4.11,20.65,3.16,13.33,71,37.5,128,33.33,366 434,,https://www1.mbrace.or.jp/od2/B/202610/b261005.lzh,2026-10-05T06:26:05.144849+09:00
20261005,22,福岡,9,20261005-22-09,4,4428,有賀達也,41,埼玉,54.0,A2,6.35,44.04,5.65,23.08,48,22.39,114,32.76,441 5615,4,https://www1.mbrace.or.jp/od2/B/202610/b261005.lzh,2026-10-05T06:26:05.144849+09:00
20261005,22,福岡,9,20261005-22-09,5,5016,宮田龍馬,28,兵庫,53.0,A1,7.06,45.83,5.73,37.5,49,37.59,110,38.94,2S412 14,,https://www1.mbrace.or.jp/od2/B/202610/b261005.lzh,2026-10-05T06:26:05.144849+09:00
20261005,22,福岡,9,20261005-22-09,6,5469,今泉博人,18,佐賀,55.0,B2,1.6,0.0,1.44,0.0,57,31.88,131,19.47,6 656 6,3,https://www1.mbrace.or.jp/od2/B/202610/b261005.lzh,2026-10-05T06:26:05.144849+09:00
20261005,22,福岡,10,20261005-22-10,1,3265,今村暢孝,61,福岡,53.0,A2,5.68,39.24,0.0,0.0,44,28.85,133,39.47,2 131 32,6,https://www1.mbrace.or.jp/od2/B/202610/b261005.lzh,2026-10-05T06:26:05.144849+09:00
20261005,22,福岡,10,20261005-22-10,2,5068,前田滉,26,愛知,51.0,A1,7.97,67.59,7.2,50.0,46,26.57,102,23.21,62114 11,3,https://www1.mbrace.or.jp/od2/B/202610/b261005.lzh,2026-10-05T06:26:05.144849+09:00
20261005,22,福岡,10,20261005-22-10,3,4441,末永由楽,40,岡山,54.0,A2,5.96,38.79,7.19,61.9,64,26.13,130,41.53,4 331 22,2,https://www1.mbrace.or.jp/od2/B/202610/b261005.lzh,2026-10-05T06:26:05.144849+09:00
20261005,22,福岡,10,20261005-22-10,4,5009,大賀龍之,29,福岡,56.0,A2,4.78,28.77,5.01,36.76,67,36.11,156,41.38,2 361 32,1,https://www1.mbrace.or.jp/od2/B/202610/b261005.lzh,2026-10-05T06:26:05.144849+09:00
20261005,22,福岡,10,20261005-22-10,5,3957,大谷直弘,49,愛知,54.0,B1,4.75,28.71,5.35,30.0,33,39.23,118,31.62,313 533,4,https://www1.mbrace.or.jp/od2/B/202610/b261005.lzh,2026-10-05T06:26:05.144849+09:00
20261005,22,福岡,10,20261005-22-10,6,4299,中島浩哉,43,長崎,56.0,B1,4.56,26.98,4.41,18.18,66,28.69,134,39.5,432 234,5,https://www1.mbrace.or.jp/od2/B/202610/b261005.lzh,2026-10-05T06:26:05.144849+09:00
20261005,22,福岡,11,20261005-22-11,1,5121,定松勇樹,25,佐賀,53.0,A1,7.32,46.67,7.38,75.0,19,34.35,138,44.07,3152121,5,https://www1.mbrace.or.jp/od2/B/202610/b261005.lzh,2026-10-05T06:26:05.144849+09:00
20261005,22,福岡,11,20261005-22-11,2,4798,浜先真範,33,広島,52.0,A1,6.94,50.0,6.07,44.44,70,34.23,116,33.33,34121 14,6,https://www1.mbrace.or.jp/od2/B/202610/b261005.lzh,2026-10-05T06:26:05.144849+09:00
20261005,22,福岡,11,20261005-22-11,3,4788,小池哲也,37,大阪,55.0,A2,5.51,33.33,5.42,32.26,12,36.62,166,27.83,1 231 44,7,https://www1.mbrace.or.jp/od2/B/202610/b261005.lzh,2026-10-05T06:26:05.144849+09:00
20261005,22,福岡,11,20261005-22-11,4,4902,山川雄大,33,兵庫,51.0,B1,4.38,30.61,4.64,32.14,51,28.79,113,21.01,5 162 22,1,https://www1.mbrace.or.jp/od2/B/202610/b261005.lzh,2026-10-05T06:26:05.144849+09:00
20261005,22,福岡,11,20261005-22-11,5,5067,山田真聖,27,山口,57.0,B1,4.84,30.23,3.83,17.14,32,28.86,126,37.19,615 222,3,https://www1.mbrace.or.jp/od2/B/202610/b261005.lzh,2026-10-05T06:26:05.144849+09:00
20261005,22,福岡,11,20261005-22-11,6,4579,中嶋健一,37,三重,55.0,A2,6.12,40.78,6.35,29.41,47,19.83,159,35.9,135 5243,2,https://www1.mbrace.or.jp/od2/B/202610/b261005.lzh,2026-10-05T06:26:05.144849+09:00
20261005,22,福岡,12,20261005-22-12,1,4184,渡邊雄一,40,大阪,52.0,A1,7.17,55.43,6.93,58.62,39,40.0,154,16.83,152 1211,4,https://www1.mbrace.or.jp/od2/B/202610/b261005.lzh,2026-10-05T06:26:05.144849+09:00
20261005,22,福岡,12,20261005-22-12,2,3473,石川真二,56,福岡,52.0,A1,6.97,56.2,6.81,49.46,34,42.47,174,40.17,531 1114,5,https://www1.mbrace.or.jp/od2/B/202610/b261005.lzh,2026-10-05T06:26:05.144849+09:00
20261005,22,福岡,12,20261005-22-12,3,4220,深川和仁,44,香川,55.0,B1,5.58,38.89,4.81,25.93,18,34.55,101,31.15,212 351,3,https://www1.mbrace.or.jp/od2/B/202610/b261005.lzh,2026-10-05T06:26:05.144849+09:00
20261005,22,福岡,12,20261005-22-12,4,4227,安達裕樹,43,三重,53.0,A2,5.77,30.77,6.93,53.57,15,42.07,123,46.61,1 345 33,8,https://www1.mbrace.or.jp/od2/B/202610/b261005.lzh,2026-10-05T06:26:05.144849+09:00
20261005,22,福岡,12,20261005-22-12,5,4645,上村純一,46,群馬,53.0,A1,6.68,47.83,6.05,50.0,11,37.16,104,31.36,4 251523,7,https://www1.mbrace.or.jp/od2/B/202610/b261005.lzh,2026-10-05T06:26:05.144849+09:00
20261005,22,福岡,12,20261005-22-12,6,5038,金田智博,28,福井,52.0,A2,6.53,50.85,6.09,45.45,74,41.35,136,33.06,264 441,6,https://www1.mbrace.or.jp/od2/B/202610/b261005.lzh,2026-10-05T06:26:05.144849+09:00
20261005,20,若松,1,20261005-20-01,1,3566,川添英正,56,福岡,52.0,B1,4.24,19.32,4.89,30.19,53,32.29,69,30.95,,,https://www1.mbrace.or.jp/od2/B/202610/b261005.lzh,2026-10-05T06:26:05.144849+09:00
20261005,20,若松,1,20261005-20-01,2,5276,大島隆乃,24,福岡,52.0,B1,4.96,26.6,3.9,25.0,51,43.02,67,43.84,,11,https://www1.mbrace.or.jp/od2/B/202610/b261005.lzh,2026-10-05T06:26:05.144849+09:00
20261005,20,若松,1,20261005-20-01,3,3949,今出晋二,50,岡山,57.0,B1,3.65,13.51,4.57,26.09,4,35.53,50,22.39,,6,https://www1.mbrace.or.jp/od2/B/202610/b261005.lzh,2026-10-05T06:26:05.144849+09:00
20261005,20,若松,1,20261005-20-01,4,5037,田頭虎親,28,香川,51.0,B1,6.0,44.94,5.72,27.59,42,43.07,42,37.5,,9,https://www1.mbrace.or.jp/od2/B/202610/b261005.lzh,2026-10-05T06:26:05.144849+09:00
20261005,20,若松,1,20261005-20-01,5,3340,池田雷太,61,東京,56.0,B1,3.82,17.78,5.56,33.33,16,31.38,52,23.38,,7,https://www1.mbrace.or.jp/od2/B/202610/b261005.lzh,2026-10-05T06:26:05.144849+09:00
20261005,20,若松,1,20261005-20-01,6,4648,木村亮太,42,兵庫,53.0,B1,5.52,35.21,4.54,34.62,13,30.46,44,32.88,,10,https://www1.mbrace.or.jp/od2/B/202610/b261005.lzh,2026-10-05T06:26:05.144849+09:00
20261005,20,若松,2,20261005-20-02,1,5027,重冨勇哉,30,山口,55.0,B1,5.02,31.91,5.55,48.28,54,30.85,28,22.67,,11,https://www1.mbrace.or.jp/od2/B/202610/b261005.lzh,2026-10-05T06:26:05.144849+09:00
20261005,20,若松,2,20261005-20-02,2,5131,江藤敦宏,27,福岡,53.0,B1,3.77,14.86,3.81,11.63,6,36.65,30,42.19,,10,https://www1.mbrace.or.jp/od2/B/202610/b261005.lzh,2026-10-05T06:26:05.144849+09:00
20261005,20,若松,2,20261005-20-02,3,4496,内堀学,39,東京,54.0,A1,6.53,49.51,5.64,45.45,62,26.06,37,36.92,,12,https://www1.mbrace.or.jp/od2/B/202610/b261005.lzh,2026-10-05T06:26:05.144849+09:00
20261005,20,若松,2,20261005-20-02,4,3582,吉川昭男,53,滋賀,54.0,A2,6.58,53.47,5.36,42.86,59,29.63,72,38.24,,9,https://www1.mbrace.or.jp/od2/B/202610/b261005.lzh,2026-10-05T06:26:05.144849+09:00
20261005,20,若松,2,20261005-20-02,5,3910,松下知幸,52,香川,52.0,B1,4.14,17.95,3.97,25.0,14,35.53,22,20.0,,,https://www1.mbrace.or.jp/od2/B/202610/b261005.lzh,2026-10-05T06:26:05.144849+09:00
20261005,20,若松,2,20261005-20-02,6,4261,岡祐臣,42,三重,56.0,A2,6.28,46.02,7.75,60.0,49,52.22,19,24.19,,8,https://www1.mbrace.or.jp/od2/B/202610/b261005.lzh,2026-10-05T06:26:05.144849+09:00
20261005,20,若松,3,20261005-20-03,1,3892,草場康幸,50,佐賀,54.0,B1,5.05,32.65,4.5,31.25,24,32.6,23,40.85,,9,https://www1.mbrace.or.jp/od2/B/202610/b261005.lzh,2026-10-05T06:26:05.144849+09:00
20261005,20,若松,3,20261005-20-03,2,4287,今井貴士,42,福岡,56.0,A2,6.34,45.38,6.63,49.52,35,38.42,29,25.0,,11,https://www1.mbrace.or.jp/od2/B/202610/b261005.lzh,2026-10-05T06:26:05.144849+09:00
20261005,20,若松,3,20261005-20-03,3,4778,堤啓輔,40,佐賀,51.0,B1,5.35,35.29,5.67,45.83,2,30.1,33,28.38,,10,https://www1.mbrace.or.jp/od2/B/202610/b261005.lzh,2026-10-05T06:26:05.144849+09:00
20261005,20,若松,3,20261005-20-03,4,3905,天野友和,49,愛知,53.0,A2,6.07,37.17,5.22,25.93,12,36.45,65,30.38,,8,https://www1.mbrace.or.jp/od2/B/202610/b261005.lzh,2026-10-05T06:26:05.144849+09:00
20261005,20,若松,3,20261005-20-03,5,4025,山本隆幸,49,兵庫,53.0,A1,6.7,54.79,6.27,43.33,47,34.64,59,31.08,,12,https://www1.mbrace.or.jp/od2/B/202610/b261005.lzh,2026-10-05T06:26:05.144849+09:00
20261005,20,若松,3,20261005-20-03,6,5367,赤松咲香,24,徳島,52.0,B2,1.55,0.0,1.67,0.0,3,33.33,75,31.88,,,https://www1.mbrace.or.jp/od2/B/202610/b261005.lzh,2026-10-05T06:26:05.144849+09:00
20261005,20,若松,4,20261005-20-04,1,4158,木場雄二,45,山口,58.0,B1,4.82,26.47,3.51,17.07,41,35.58,36,38.82,,,https://www1.mbrace.or.jp/od2/B/202610/b261005.lzh,2026-10-05T06:26:05.144849+09:00
20261005,20,若松,4,20261005-20-04,2,4123,細川裕子,44,愛知,47.0,A1,6.56,47.66,7.48,52.17,57,29.02,18,20.59,,12,https://www1.mbrace.or.jp/od2/B/202610/b261005.lzh,2026-10-05T06:26:05.144849+09:00
20261005,20,若松,4,20261005-20-04,3,4197,渥美卓郎,44,静岡,55.0,B1,3.67,13.79,3.7,18.52,36,30.65,21,32.0,,,https://www1.mbrace.or.jp/od2/B/202610/b261005.lzh,2026-10-05T06:26:05.144849+09:00
20261005,20,若松,4,20261005-20-04,4,5209,小野京平,28,福岡,56.0,B1,3.88,14.93,2.79,0.0,48,35.91,60,35.06,,9,https://www1.mbrace.or.jp/od2/B/202610/b261005.lzh,2026-10-05T06:26:05.144849+09:00
20261005,20,若松,4,20261005-20-04,5,4695,尾崎雄二,41,長崎,54.0,A2,4.99,30.3,4.63,22.86,43,32.84,54,35.71,,11,https://www1.mbrace.or.jp/od2/B/202610/b261005.lzh,2026-10-05T06:26:05.144849+09:00
20261005,20,若松,4,20261005-20-04,6,4376,藤田靖弘,42,静岡,52.0,A2,5.95,45.05,5.67,33.33,29,26.14,62,38.67,,10,https://www1.mbrace.or.jp/od2/B/202610/b261005.lzh,2026-10-05T06:26:05.144849+09:00
20261005,20,若松,5,20261005-20-05,1,4677,片橋幸貴,38,滋賀,53.0,A1,5.85,41.18,6.57,48.57,11,25.79,68,35.8,,12,https://www1.mbrace.or.jp/od2/B/202610/b261005.lzh,2026-10-05T06:26:05.144849+09:00
20261005,20,若松,5,20261005-20-05,2,4842,山下昂大,34,岡山,55.0,A2,5.44,34.12,5.36,35.71,8,28.21,53,39.74,,11,https://www1.mbrace.or.jp/od2/B/202610/b261005.lzh,2026-10-05T06:26:05.144849+09:00
20261005,20,若松,5,20261005-20-05,3,4181,花本夏樹,43,三重,54.0,B1,3.54,10.42,4.97,29.03,46,37.5,73,32.47,,,https://www1.mbrace.or.jp/od2/B/202610/b261005.lzh,2026-10-05T06:26:05.144849+09:00
20261005,20,若松,5,20261005-20-05,4,4451,松崎祐太,38,福岡,51.0,A2,6.34,47.25,6.07,44.57,52,36.9,58,24.36,,10,https://www1.mbrace.or.jp/od2/B/202610/b261005.lzh,2026-10-05T06:26:05.144849+09:00
20261005,20,若松,5,20261005-20-05,5,4919,吉田翔悟,35,長崎,53.0,B1,4.4,24.0,5.92,44.0,17,32.61,31,33.77,,,https://www1.mbrace.or.jp/od2/B/202610/b261005.lzh,2026-10-05T06:26:05.144849+09:00
20261005,20,若松,5,20261005-20-05,6,4992,廣瀬篤哉,29,滋賀,57.0,B1,4.68,31.17,4.57,35.71,25,38.1,39,39.06,,,https://www1.mbrace.or.jp/od2/B/202610/b261005.lzh,2026-10-05T06:26:05.144849+09:00
20261005,20,若松,6,20261005-20-06,1,3579,中里優子,53,埼玉,50.0,B1,4.94,29.85,4.42,25.0,58,34.69,34,46.67,,,https://www1.mbrace.or.jp/od2/B/202610/b261005.lzh,2026-10-05T06:26:05.144849+09:00
20261005,20,若松,6,20261005-20-06,2,5301,岩下巧斗,23,群馬,52.0,B1,5.37,36.26,3.8,20.0,37,27.27,71,42.86,,,https://www1.mbrace.or.jp/od2/B/202610/b261005.lzh,2026-10-05T06:26:05.144849+09:00
20261005,20,若松,6,20261005-20-06,3,4388,是澤孝宏,41,滋賀,52.0,A2,6.31,46.02,6.5,50.0,26,30.37,13,39.39,,11,https://www1.mbrace.or.jp/od2/B/202610/b261005.lzh,2026-10-05T06:26:05.144849+09:00
20261005,20,若松,6,20261005-20-06,4,3949,今出晋二,50,岡山,57.0,B1,3.65,13.51,4.57,26.09,4,35.53,50,22.39,,1,https://www1.mbrace.or.jp/od2/B/202610/b261005.lzh,2026-10-05T06:26:05.144849+09:00
20261005,20,若松,6,20261005-20-06,5,4736,高倉和士,35,福岡,54.0,A1,7.14,57.52,7.13,53.97,38,31.98,25,33.72,,12,https://www1.mbrace.or.jp/od2/B/202610/b261005.lzh,2026-10-05T06:26:05.144849+09:00
20261005,20,若松,6,20261005-20-06,6,5395,日高龍之,25,佐賀,52.0,B1,3.66,17.86,0.8,0.0,28,30.48,64,39.73,,,https://www1.mbrace.or.jp/od2/B/202610/b261005.lzh,2026-10-05T06:26:05.144849+09:00
20261005,20,若松,7,20261005-20-07,1,3721,守田俊介,51,滋賀,54.0,A1,6.9,51.69,6.07,37.04,45,37.98,43,39.68,,12,https://www1.mbrace.or.jp/od2/B/202610/b261005.lzh,2026-10-05T06:26:05.144849+09:00
20261005,20,若松,7,20261005-20-07,2,3340,池田雷太,61,東京,56.0,B1,3.82,17.78,5.56,33.33,16,31.38,52,23.38,,1,https://www1.mbrace.or.jp/od2/B/202610/b261005.lzh,2026-10-05T06:26:05.144849+09:00
20261005,20,若松,7,20261005-20-07,3,5148,松本怜,32,福岡,46.0,B1,4.77,24.56,3.84,24.19,27,27.17,15,45.12,,,https://www1.mbrace.or.jp/od2/B/202610/b261005.lzh,2026-10-05T06:26:05.144849+09:00
20261005,20,若松,7,20261005-20-07,4,3776,横井健太,51,愛知,58.0,B1,3.13,8.89,1.71,0.0,55,21.69,56,23.29,,,https://www1.mbrace.or.jp/od2/B/202610/b261005.lzh,2026-10-05T06:26:05.144849+09:00
20261005,20,若松,7,20261005-20-07,5,3578,塩田雄一,53,香川,52.0,B1,3.77,13.33,4.56,27.78,15,33.5,20,28.05,,,https://www1.mbrace.or.jp/od2/B/202610/b261005.lzh,2026-10-05T06:26:05.144849+09:00
20261005,20,若松,7,20261005-20-07,6,4748,渡邉雄朗,40,東京,53.0,A1,6.19,43.18,6.89,55.56,20,39.47,49,21.67,,,https://www1.mbrace.or.jp/od2/B/202610/b261005.lzh,2026-10-05T06:26:05.144849+09:00
20261005,20,若松,8,20261005-20-08,1,3905,天野友和,49,愛知,53.0,A2,6.07,37.17,5.22,25.93,12,36.45,65,30.38,,3,https://www1.mbrace.or.jp/od2/B/202610/b261005.lzh,2026-10-05T06:26:05.144849+09:00
20261005,20,若松,8,20261005-20-08,2,3574,大神康司,54,福岡,54.0,A1,6.06,43.69,6.56,54.17,18,33.16,14,18.75,,,https://www1.mbrace.or.jp/od2/B/202610/b261005.lzh,2026-10-05T06:26:05.144849+09:00
20261005,20,若松,8,20261005-20-08,3,4261,岡祐臣,42,三重,56.0,A2,6.28,46.02,7.75,60.0,49,52.22,19,24.19,,2,https://www1.mbrace.or.jp/od2/B/202610/b261005.lzh,2026-10-05T06:26:05.144849+09:00
20261005,20,若松,8,20261005-20-08,4,4900,中田夕貴,34,埼玉,46.0,B1,5.11,33.33,5.44,44.0,40,35.5,40,17.39,,,https://www1.mbrace.or.jp/od2/B/202610/b261005.lzh,2026-10-05T06:26:05.144849+09:00
20261005,20,若松,8,20261005-20-08,5,5240,高橋龍治,26,福岡,54.0,B1,3.78,19.23,3.0,0.0,19,40.32,45,30.14,,,https://www1.mbrace.or.jp/od2/B/202610/b261005.lzh,2026-10-05T06:26:05.144849+09:00
20261005,20,若松,8,20261005-20-08,6,5380,野田亜湖,22,徳島,52.0,B2,1.24,0.0,1.33,0.0,9,29.27,24,27.91,,,https://www1.mbrace.or.jp/od2/B/202610/b261005.lzh,2026-10-05T06:26:05.144849+09:00
20261005,20,若松,9,20261005-20-09,1,3582,吉川昭男,53,滋賀,54.0,A2,6.58,53.47,5.36,42.86,59,29.63,72,38.24,,2,https://www1.mbrace.or.jp/od2/B/202610/b261005.lzh,2026-10-05T06:26:05.144849+09:00
20261005,20,若松,9,20261005-20-09,2,5209,小野京平,28,福岡,56.0,B1,3.88,14.93,2.79,0.0,48,35.91,60,35.06,,4,https://www1.mbrace.or.jp/od2/B/202610/b261005.lzh,2026-10-05T06:26:05.144849+09:00
20261005,20,若松,9,20261005-20-09,3,5037,田頭虎親,28,香川,51.0,B1,6.0,44.94,5.72,27.59,42,43.07,42,37.5,,1,https://www1.mbrace.or.jp/od2/B/202610/b261005.lzh,2026-10-05T06:26:05.144849+09:00
20261005,20,若松,9,20261005-20-09,4,3419,栗原謙治,56,群馬,56.0,B2,1.92,0.0,4.12,23.53,5,39.27,26,48.65,,,https://www1.mbrace.or.jp/od2/B/202610/b261005.lzh,2026-10-05T06:26:05.144849+09:00
20261005,20,若松,9,20261005-20-09,5,3892,草場康幸,50,佐賀,54.0,B1,5.05,32.65,4.5,31.25,24,32.6,23,40.85,,3,https://www1.mbrace.or.jp/od2/B/202610/b261005.lzh,2026-10-05T06:26:05.144849+09:00
20261005,20,若松,9,20261005-20-09,6,4964,土屋南,29,岡山,46.0,A2,6.57,45.87,0.0,0.0,39,36.76,66,22.81,,,https://www1.mbrace.or.jp/od2/B/202610/b261005.lzh,2026-10-05T06:26:05.144849+09:00
20261005,20,若松,10,20261005-20-10,1,4451,松崎祐太,38,福岡,51.0,A2,6.34,47.25,6.07,44.57,52,36.9,58,24.36,,5,https://www1.mbrace.or.jp/od2/B/202610/b261005.lzh,2026-10-05T06:26:05.144849+09:00
20261005,20,若松,10,20261005-20-10,2,4648,木村亮太,42,兵庫,53.0,B1,5.52,35.21,4.54,34.62,13,30.46,44,32.88,,1,https://www1.mbrace.or.jp/od2/B/202610/b261005.lzh,2026-10-05T06:26:05.144849+09:00
20261005,20,若松,10,20261005-20-10,3,4376,藤田靖弘,42,静岡,52.0,A2,5.95,45.05,5.67,33.33,29,26.14,62,38.67,,4,https://www1.mbrace.or.jp/od2/B/202610/b261005.lzh,2026-10-05T06:26:05.144849+09:00
20261005,20,若松,10,20261005-20-10,4,4714,喜多須杏,36,徳島,48.0,B1,4.74,27.27,0.0,0.0,21,38.17,47,34.29,,,https://www1.mbrace.or.jp/od2/B/202610/b261005.lzh,2026-10-05T06:26:05.144849+09:00
20261005,20,若松,10,20261005-20-10,5,5131,江藤敦宏,27,福岡,53.0,B1,3.77,14.86,3.81,11.63,6,36.65,30,42.19,,2,https://www1.mbrace.or.jp/od2/B/202610/b261005.lzh,2026-10-05T06:26:05.144849+09:00
20261005,20,若松,10,20261005-20-10,6,4778,堤啓輔,40,佐賀,51.0,B1,5.35,35.29,5.67,45.83,2,30.1,33,28.38,,3,https://www1.mbrace.or.jp/od2/B/202610/b261005.lzh,2026-10-05T06:26:05.144849+09:00
20261005,20,若松,11,20261005-20-11,1,4287,今井貴士,42,福岡,56.0,A2,6.34,45.38,6.63,49.52,35,38.42,29,25.0,,3,https://www1.mbrace.or.jp/od2/B/202610/b261005.lzh,2026-10-05T06:26:05.144849+09:00
20261005,20,若松,11,20261005-20-11,2,4695,尾崎雄二,41,長崎,54.0,A2,4.99,30.3,4.63,22.86,43,32.84,54,35.71,,4,https://www1.mbrace.or.jp/od2/B/202610/b261005.lzh,2026-10-05T06:26:05.144849+09:00
20261005,20,若松,11,20261005-20-11,3,5276,大島隆乃,24,福岡,52.0,B1,4.96,26.6,3.9,25.0,51,43.02,67,43.84,,1,https://www1.mbrace.or.jp/od2/B/202610/b261005.lzh,2026-10-05T06:26:05.144849+09:00
20261005,20,若松,11,20261005-20-11,4,4388,是澤孝宏,41,滋賀,52.0,A2,6.31,46.02,6.5,50.0,26,30.37,13,39.39,,6,https://www1.mbrace.or.jp/od2/B/202610/b261005.lzh,2026-10-05T06:26:05.144849+09:00
20261005,20,若松,11,20261005-20-11,5,5027,重冨勇哉,30,山口,55.0,B1,5.02,31.91,5.55,48.28,54,30.85,28,22.67,,2,https://www1.mbrace.or.jp/od2/B/202610/b261005.lzh,2026-10-05T06:26:05.144849+09:00
20261005,20,若松,11,20261005-20-11,6,4842,山下昂大,34,岡山,55.0,A2,5.44,34.12,5.36,35.71,8,28.21,53,39.74,,5,https://www1.mbrace.or.jp/od2/B/202610/b261005.lzh,2026-10-05T06:26:05.144849+09:00
20261005,20,若松,12,20261005-20-12,1,4736,高倉和士,35,福岡,54.0,A1,7.14,57.52,7.13,53.97,38,31.98,25,33.72,,6,https://www1.mbrace.or.jp/od2/B/202610/b261005.lzh,2026-10-05T06:26:05.144849+09:00
20261005,20,若松,12,20261005-20-12,2,3721,守田俊介,51,滋賀,54.0,A1,6.9,51.69,6.07,37.04,45,37.98,43,39.68,,7,https://www1.mbrace.or.jp/od2/B/202610/b261005.lzh,2026-10-05T06:26:05.144849+09:00
20261005,20,若松,12,20261005-20-12,3,4025,山本隆幸,49,兵庫,53.0,A1,6.7,54.79,6.27,43.33,47,34.64,59,31.08,,3,https://www1.mbrace.or.jp/od2/B/202610/b261005.lzh,2026-10-05T06:26:05.144849+09:00
20261005,20,若松,12,20261005-20-12,4,4496,内堀学,39,東京,54.0,A1,6.53,49.51,5.64,45.45,62,26.06,37,36.92,,2,https://www1.mbrace.or.jp/od2/B/202610/b261005.lzh,2026-10-05T06:26:05.144849+09:00
20261005,20,若松,12,20261005-20-12,5,4677,片橋幸貴,38,滋賀,53.0,A1,5.85,41.18,6.57,48.57,11,25.79,68,35.8,,5,https://www1.mbrace.or.jp/od2/B/202610/b261005.lzh,2026-10-05T06:26:05.144849+09:00
20261005,20,若松,12,20261005-20-12,6,4123,細川裕子,44,愛知,47.0,A1,6.56,47.66,7.48,52.17,57,29.02,18,20.59,,4,https://www1.mbrace.or.jp/od2/B/202610/b261005.lzh,2026-10-05T06:26:05.144849+09:00
20261005,19,下関,1,20261005-19-01,1,5265,大廣咲季,26,香川,46.0,B1,3.88,18.28,2.82,0.0,60,22.58,48,24.0,441 224,10,https://www1.mbrace.or.jp/od2/B/202610/b261005.lzh,2026-10-05T06:26:05.144849+09:00
20261005,19,下関,1,20261005-19-01,2,4045,佐々木裕,46,山口,48.0,B1,4.78,31.76,5.15,38.78,71,41.49,32,25.81,34116 6,6,https://www1.mbrace.or.jp/od2/B/202610/b261005.lzh,2026-10-05T06:26:05.144849+09:00
20261005,19,下関,1,20261005-19-01,3,4844,村上奈穂,33,広島,51.0,B1,4.13,20.24,4.52,24.14,18,52.04,31,36.17,16353 53,,https://www1.mbrace.or.jp/od2/B/202610/b261005.lzh,2026-10-05T06:26:05.144849+09:00
20261005,19,下関,1,20261005-19-01,4,5416,龍田真白,20,三重,44.0,B1,3.32,14.49,3.56,11.11,30,41.24,44,28.57,655 664,8,https://www1.mbrace.or.jp/od2/B/202610/b261005.lzh,2026-10-05T06:26:05.144849+09:00
20261005,19,下関,1,20261005-19-01,5,5165,小林愛実,26,岡山,47.0,B1,5.01,28.4,3.13,0.0,69,42.11,45,42.42,3 13112,9,https://www1.mbrace.or.jp/od2/B/202610/b261005.lzh,2026-10-05T06:26:05.144849+09:00
20261005,19,下関,1,20261005-19-01,6,5437,中澤里桜,21,香川,51.0,B2,1.54,1.92,0.0,0.0,48,37.25,39,26.8,6 566 64,,https://www1.mbrace.or.jp/od2/B/202610/b261005.lzh,2026-10-05T06:26:05.144849+09:00
20261005,19,下関,2,20261005-19-02,1,5287,滝沢織寧,27,埼玉,47.0,B1,3.65,11.11,3.22,11.11,73,25.0,22,31.18,232 244,9,https://www1.mbrace.or.jp/od2/B/202610/b261005.lzh,2026-10-05T06:26:05.144849+09:00
20261005,19,下関,2,20261005-19-02,2,4678,水野望美,37,愛知,47.0,B1,4.23,20.0,5.15,36.96,15,34.41,40,37.76,6 631645,,https://www1.mbrace.or.jp/od2/B/202610/b261005.lzh,2026-10-05T06:26:05.144849+09:00
20261005,19,下関,2,20261005-19-02,3,5322,根岸真優,24,埼玉,44.0,B1,3.85,17.71,2.24,4.76,47,34.34,42,34.74,4 624 65,6,https://www1.mbrace.or.jp/od2/B/202610/b261005.lzh,2026-10-05T06:26:05.144849+09:00
20261005,19,下関,2,20261005-19-02,4,3943,三松直美,47,岡山,69.0,B2,2.1,2.5,3.43,14.29,43,40.0,50,30.3,4 554 24,,https://www1.mbrace.or.jp/od2/B/202610/b261005.lzh,2026-10-05T06:26:05.144849+09:00
20261005,19,下関,2,20261005-19-02,5,3845,中谷朋子,50,兵庫,44.0,A2,5.91,47.06,7.27,54.55,28,31.52,49,39.39,3 46412,8,https://www1.mbrace.or.jp/od2/B/202610/b261005.lzh,2026-10-05T06:26:05.144849+09:00
20261005,19,下関,2,20261005-19-02,6,5052,赤井星璃,31,大阪,50.0,B1,4.0,22.0,0.0,0.0,38,39.58,47,27.27,24F 3 S,,https://www1.mbrace.or.jp/od2/B/202610/b261005.lzh,2026-10-05T06:26:05.144849+09:00
20261005,19,下関,3,20261005-19-03,1,4947,間庭菜摘,34,福岡,48.0,B1,5.02,26.79,4.51,16.28,64,20.43,20,21.88,6 32322,9,https://www1.mbrace.or.jp/od2/B/202610/b261005.lzh,2026-10-05T06:26:05.144849+09:00
20261005,19,下関,3,20261005-19-03,2,4784,向井田真,38,広島,51.0,B1,3.96,16.33,4.7,24.24,19,27.52,56,44.0,3 25253,12,https://www1.mbrace.or.jp/od2/B/202610/b261005.lzh,2026-10-05T06:26:05.144849+09:00
20261005,19,下関,3,20261005-19-03,3,4372,原田佑実,39,大阪,47.0,A2,6.28,46.39,5.95,40.91,27,38.0,55,37.89,35133 31,11,https://www1.mbrace.or.jp/od2/B/202610/b261005.lzh,2026-10-05T06:26:05.144849+09:00
20261005,19,下関,3,20261005-19-03,4,4720,西澤日花,32,長崎,48.0,B1,3.38,11.59,4.96,29.17,53,25.51,21,38.3,564 4343,,https://www1.mbrace.or.jp/od2/B/202610/b261005.lzh,2026-10-05T06:26:05.144849+09:00
20261005,19,下関,3,20261005-19-03,5,4938,小芦るり,29,佐賀,47.0,A1,6.33,40.65,5.41,29.73,51,28.13,17,35.11,153 1213,10,https://www1.mbrace.or.jp/od2/B/202610/b261005.lzh,2026-10-05T06:26:05.144849+09:00
20261005,19,下関,3,20261005-19-03,6,4387,平山智加,41,香川,46.0,A1,6.9,51.72,6.33,45.45,55,33.68,14,31.63,211 4134,9,https://www1.mbrace.or.jp/od2/B/202610/b261005.lzh,2026-10-05T06:26:05.144849+09:00
20261005,19,下関,4,20261005-19-04,1,3334,角ひとみ,58,広島,45.0,A2,5.45,34.26,6.65,58.7,70,28.13,62,26.53,4 13332,10,https://www1.mbrace.or.jp/od2/B/202610/b261005.lzh,2026-10-05T06:26:05.144849+09:00
20261005,19,下関,4,20261005-19-04,2,5326,三嶌さら,22,香川,47.0,B1,5.0,30.43,1.5,0.0,13,32.14,36,33.33,2 55215,12,https://www1.mbrace.or.jp/od2/B/202610/b261005.lzh,2026-10-05T06:26:05.144849+09:00
20261005,19,下関,4,20261005-19-04,3,4893,渡邉真奈,36,東京,47.0,B1,5.34,35.0,0.0,0.0,57,41.05,70,32.32,25261 12,9,https://www1.mbrace.or.jp/od2/B/202610/b261005.lzh,2026-10-05T06:26:05.144849+09:00
20261005,19,下関,4,20261005-19-04,4,4642,松尾夏海,34,香川,48.0,A2,6.97,51.82,7.08,52.0,31,38.68,46,25.53,2 213531,11,https://www1.mbrace.or.jp/od2/B/202610/b261005.lzh,2026-10-05T06:26:05.144849+09:00
20261005,19,下関,4,20261005-19-04,5,4556,竹井奈美,37,福岡,47.0,A1,6.55,50.54,6.27,43.24,12,51.52,41,44.44,12241 35,9,https://www1.mbrace.or.jp/od2/B/202610/b261005.lzh,2026-10-05T06:26:05.144849+09:00
20261005,19,下関,4,20261005-19-04,6,5317,長尾萌加,25,岡山,44.0,B1,4.65,21.21,3.96,13.33,24,36.73,29,24.0,34451 3,8,https://www1.mbrace.or.jp/od2/B/202610/b261005.lzh,2026-10-05T06:26:05.144849+09:00
20261005,19,下関,5,20261005-19-05,1,4927,関野文,32,大阪,45.0,A2,6.04,42.0,6.44,46.88,62,42.86,27,30.93,3 342415,10,https://www1.mbrace.or.jp/od2/B/202610/b261005.lzh,2026-10-05T06:26:05.144849+09:00
20261005,19,下関,5,20261005-19-05,2,4997,濱崎寿里,33,埼玉,49.0,B2,3.41,16.22,0.0,0.0,14,38.38,64,36.17,2 34352,12,https://www1.mbrace.or.jp/od2/B/202610/b261005.lzh,2026-10-05T06:26:05.144849+09:00
20261005,19,下関,5,20261005-19-05,3,4730,土屋実沙,37,静岡,47.0,B1,5.19,32.94,5.24,33.33,42,32.32,15,30.85,516 5652,,https://www1.mbrace.or.jp/od2/B/202610/b261005.lzh,2026-10-05T06:26:05.144849+09:00
20261005,19,下関,5,20261005-19-05,4,5045,平川香織,26,埼玉,46.0,A2,7.0,50.0,6.05,41.03,21,38.14,38,32.26,1 212416,11,https://www1.mbrace.or.jp/od2/B/202610/b261005.lzh,2026-10-05T06:26:05.144849+09:00
20261005,19,下関,5,20261005-19-05,5,5440,薗頭心,21,兵庫,48.0,B2,1.51,1.75,1.5,0.0,52,38.3,66,31.58,6 455 56,12,https://www1.mbrace.or.jp/od2/B/202610/b261005.lzh,2026-10-05T06:26:05.144849+09:00
20261005,19,下関,5,20261005-19-05,6,5391,出穂和鼓,18,山口,52.0,B2,1.7,4.23,1.7,2.41,59,41.24,16,27.27,566 6666,,https://www1.mbrace.or.jp/od2/B/202610/b261005.lzh,2026-10-05T06:26:05.144849+09:00
20261005,19,下関,6,20261005-19-06,1,5189,藤原早菜,25,岡山,46.0,A2,5.24,28.95,5.8,37.14,46,43.27,43,38.78,124 3323,10,https://www1.mbrace.or.jp/od2/B/202610/b261005.lzh,2026-10-05T06:26:05.144849+09:00
20261005,19,下関,6,20261005-19-06,2,4014,片岡恵里,46,山口,47.0,A2,5.48,34.44,5.46,35.92,40,41.05,34,35.0,14314 16,11,https://www1.mbrace.or.jp/od2/B/202610/b261005.lzh,2026-10-05T06:26:05.144849+09:00
20261005,19,下関,6,20261005-19-06,3,4791,黒澤めぐ,36,東京,48.0,B1,6.15,39.81,5.75,50.0,23,22.47,26,31.25,42235 12,11,https://www1.mbrace.or.jp/od2/B/202610/b261005.lzh,2026-10-05T06:26:05.144849+09:00
20261005,19,下関,6,20261005-19-06,4,4045,佐々木裕,46,山口,48.0,B1,4.78,31.76,5.15,38.78,71,41.49,32,25.81,34116 6,1,https://www1.mbrace.or.jp/od2/B/202610/b261005.lzh,2026-10-05T06:26:05.144849+09:00
20261005,19,下関,6,20261005-19-06,5,5322,根岸真優,24,埼玉,44.0,B1,3.85,17.71,2.24,4.76,47,34.34,42,34.74,4 624 65,2,https://www1.mbrace.or.jp/od2/B/202610/b261005.lzh,2026-10-05T06:26:05.144849+09:00
20261005,19,下関,6,20261005-19-06,6,4373,若狭奈美,38,岡山,46.0,A1,6.01,37.0,5.86,41.38,17,48.45,73,33.33,13322 14,10,https://www1.mbrace.or.jp/od2/B/202610/b261005.lzh,2026-10-05T06:26:05.144849+09:00
20261005,19,下関,7,20261005-19-07,1,5146,野田彩加,23,山口,50.0,A2,5.15,31.87,5.26,29.25,65,31.25,23,45.05,544 1512,,https://www1.mbrace.or.jp/od2/B/202610/b261005.lzh,2026-10-05T06:26:05.144849+09:00
20261005,19,下関,7,20261005-19-07,2,5342,原村百那,24,山口,47.0,B2,2.86,11.59,2.03,5.19,39,41.58,19,33.0,264 1556,,https://www1.mbrace.or.jp/od2/B/202610/b261005.lzh,2026-10-05T06:26:05.144849+09:00
20261005,19,下関,7,20261005-19-07,3,5195,北村寧々,25,長崎,48.0,A2,5.52,37.5,4.36,14.29,54,26.04,12,21.88,336 541,12,https://www1.mbrace.or.jp/od2/B/202610/b261005.lzh,2026-10-05T06:26:05.144849+09:00
20261005,19,下関,7,20261005-19-07,4,5250,嶋田有里,24,長崎,46.0,B1,5.03,25.56,2.56,12.0,44,30.19,63,32.99,351 S435,,https://www1.mbrace.or.jp/od2/B/202610/b261005.lzh,2026-10-05T06:26:05.144849+09:00
20261005,19,下関,7,20261005-19-07,5,4536,喜井つか,36,岡山,47.0,A2,6.07,42.99,5.72,37.93,16,32.26,51,42.86,11224 31,11,https://www1.mbrace.or.jp/od2/B/202610/b261005.lzh,2026-10-05T06:26:05.144849+09:00
20261005,19,下関,7,20261005-19-07,6,5360,高木茉白,20,埼玉,46.0,B1,3.17,15.25,2.29,14.29,72,27.84,68,42.55,6 665 66,,https://www1.mbrace.or.jp/od2/B/202610/b261005.lzh,2026-10-05T06:26:05.144849+09:00
20261005,19,下関,8,20261005-19-08,1,5317,長尾萌加,25,岡山,44.0,B1,4.65,21.21,3.96,13.33,24,36.73,29,24.0,34451 3,4,https://www1.mbrace.or.jp/od2/B/202610/b261005.lzh,2026-10-05T06:26:05.144849+09:00
20261005,19,下関,8,20261005-19-08,2,3845,中谷朋子,50,兵庫,44.0,A2,5.91,47.06,7.27,54.55,28,31.52,49,39.39,3 46412,2,https://www1.mbrace.or.jp/od2/B/202610/b261005.lzh,2026-10-05T06:26:05.144849+09:00
20261005,19,下関,8,20261005-19-08,3,4804,高田ひか,32,三重,49.0,A1,6.23,42.24,6.88,58.82,49,36.73,72,25.51,1S4 2224,,https://www1.mbrace.or.jp/od2/B/202610/b261005.lzh,2026-10-05T06:26:05.144849+09:00
20261005,19,下関,8,20261005-19-08,4,4400,加藤奈月,38,福井,52.0,B1,4.11,13.75,2.78,11.11,45,26.0,65,41.41,4 565645,,https://www1.mbrace.or.jp/od2/B/202610/b261005.lzh,2026-10-05T06:26:05.144849+09:00
20261005,19,下関,8,20261005-19-08,5,4853,前原哉,31,岡山,45.0,B1,4.38,18.27,5.09,26.09,36,29.67,58,43.43,5 14354,12,https://www1.mbrace.or.jp/od2/B/202610/b261005.lzh,2026-10-05T06:26:05.144849+09:00
20261005,19,下関,8,20261005-19-08,6,5416,龍田真白,20,三重,44.0,B1,3.32,14.49,3.56,11.11,30,41.24,44,28.57,655 664,1,https://www1.mbrace.or.jp/od2/B/202610/b261005.lzh,2026-10-05T06:26:05.144849+09:00
20261005,19,下関,9,20261005-19-09,1,5165,小林愛実,26,岡山,47.0,B1,5.01,28.4,3.13,0.0,69,42.11,45,42.42,3 13112,1,https://www1.mbrace.or.jp/od2/B/202610/b261005.lzh,2026-10-05T06:26:05.144849+09:00
20261005,19,下関,9,20261005-19-09,2,4556,竹井奈美,37,福岡,47.0,A1,6.55,50.54,6.27,43.24,12,51.52,41,44.44,12241 35,4,https://www1.mbrace.or.jp/od2/B/202610/b261005.lzh,2026-10-05T06:26:05.144849+09:00
20261005,19,下関,9,20261005-19-09,3,4387,平山智加,41,香川,46.0,A1,6.9,51.72,6.33,45.45,55,33.68,14,31.63,211 4134,3,https://www1.mbrace.or.jp/od2/B/202610/b261005.lzh,2026-10-05T06:26:05.144849+09:00
20261005,19,下関,9,20261005-19-09,4,4893,渡邉真奈,36,東京,47.0,B1,5.34,35.0,0.0,0.0,57,41.05,70,32.32,25261 12,4,https://www1.mbrace.or.jp/od2/B/202610/b261005.lzh,2026-10-05T06:26:05.144849+09:00
20261005,19,下関,9,20261005-19-09,5,5287,滝沢織寧,27,埼玉,47.0,B1,3.65,11.11,3.22,11.11,73,25.0,22,31.18,232 244,2,https://www1.mbrace.or.jp/od2/B/202610/b261005.lzh,2026-10-05T06:26:05.144849+09:00
20261005,19,下関,9,20261005-19-09,6,4947,間庭菜摘,34,福岡,48.0,B1,5.02,26.79,4.51,16.28,64,20.43,20,21.88,6 32322,3,https://www1.mbrace.or.jp/od2/B/202610/b261005.lzh,2026-10-05T06:26:05.144849+09:00
20261005,19,下関,10,20261005-19-10,1,4373,若狭奈美,38,岡山,46.0,A1,6.01,37.0,5.86,41.38,17,48.45,73,33.33,13322 14,6,https://www1.mbrace.or.jp/od2/B/202610/b261005.lzh,2026-10-05T06:26:05.144849+09:00
20261005,19,下関,10,20261005-19-10,2,4938,小芦るり,29,佐賀,47.0,A1,6.33,40.65,5.41,29.73,51,28.13,17,35.11,153 1213,3,https://www1.mbrace.or.jp/od2/B/202610/b261005.lzh,2026-10-05T06:26:05.144849+09:00
20261005,19,下関,10,20261005-19-10,3,5189,藤原早菜,25,岡山,46.0,A2,5.24,28.95,5.8,37.14,46,43.27,43,38.78,124 3323,6,https://www1.mbrace.or.jp/od2/B/202610/b261005.lzh,2026-10-05T06:26:05.144849+09:00
20261005,19,下関,10,20261005-19-10,4,3334,角ひとみ,58,広島,45.0,A2,5.45,34.26,6.65,58.7,70,28.13,62,26.53,4 13332,4,https://www1.mbrace.or.jp/od2/B/202610/b261005.lzh,2026-10-05T06:26:05.144849+09:00
20261005,19,下関,10,20261005-19-10,5,4927,関野文,32,大阪,45.0,A2,6.04,42.0,6.44,46.88,62,42.86,27,30.93,3 342415,5,https://www1.mbrace.or.jp/od2/B/202610/b261005.lzh,2026-10-05T06:26:05.144849+09:00
20261005,19,下関,10,20261005-19-10,6,5265,大廣咲季,26,香川,46.0,B1,3.88,18.28,2.82,0.0,60,22.58,48,24.0,441 224,1,https://www1.mbrace.or.jp/od2/B/202610/b261005.lzh,2026-10-05T06:26:05.144849+09:00
20261005,19,下関,11,20261005-19-11,1,5045,平川香織,26,埼玉,46.0,A2,7.0,50.0,6.05,41.03,21,38.14,38,32.26,1 212416,5,https://www1.mbrace.or.jp/od2/B/202610/b261005.lzh,2026-10-05T06:26:05.144849+09:00
20261005,19,下関,11,20261005-19-11,2,4536,喜井つか,36,岡山,47.0,A2,6.07,42.99,5.72,37.93,16,32.26,51,42.86,11224 31,7,https://www1.mbrace.or.jp/od2/B/202610/b261005.lzh,2026-10-05T06:26:05.144849+09:00
20261005,19,下関,11,20261005-19-11,3,4642,松尾夏海,34,香川,48.0,A2,6.97,51.82,7.08,52.0,31,38.68,46,25.53,2 213531,4,https://www1.mbrace.or.jp/od2/B/202610/b261005.lzh,2026-10-05T06:26:05.144849+09:00
20261005,19,下関,11,20261005-19-11,4,4372,原田佑実,39,大阪,47.0,A2,6.28,46.39,5.95,40.91,27,38.0,55,37.89,35133 31,3,https://www1.mbrace.or.jp/od2/B/202610/b261005.lzh,2026-10-05T06:26:05.144849+09:00
20261005,19,下関,11,20261005-19-11,5,4791,黒澤めぐ,36,東京,48.0,B1,6.15,39.81,5.75,50.0,23,22.47,26,31.25,42235 12,6,https://www1.mbrace.or.jp/od2/B/202610/b261005.lzh,2026-10-05T06:26:05.144849+09:00
20261005,19,下関,11,20261005-19-11,6,4014,片岡恵里,46,山口,47.0,A2,5.48,34.44,5.46,35.92,40,41.05,34,35.0,14314 16,6,https://www1.mbrace.or.jp/od2/B/202610/b261005.lzh,2026-10-05T06:26:05.144849+09:00
20261005,19,下関,12,20261005-19-12,1,5195,北村寧々,25,長崎,48.0,A2,5.52,37.5,4.36,14.29,54,26.04,12,21.88,336 541,7,https://www1.mbrace.or.jp/od2/B/202610/b261005.lzh,2026-10-05T06:26:05.144849+09:00
20261005,19,下関,12,20261005-19-12,2,4853,前原哉,31,岡山,45.0,B1,4.38,18.27,5.09,26.09,36,29.67,58,43.43,5 14354,8,https://www1.mbrace.or.jp/od2/B/202610/b261005.lzh,2026-10-05T06:26:05.144849+09:00
20261005,19,下関,12,20261005-19-12,3,4784,向井田真,38,広島,51.0,B1,3.96,16.33,4.7,24.24,19,27.52,56,44.0,3 25253,3,https://www1.mbrace.or.jp/od2/B/202610/b261005.lzh,2026-10-05T06:26:05.144849+09:00
20261005,19,下関,12,20261005-19-12,4,4997,濱崎寿里,33,埼玉,49.0,B2,3.41,16.22,0.0,0.0,14,38.38,64,36.17,2 34352,5,https://www1.mbrace.or.jp/od2/B/202610/b261005.lzh,2026-10-05T06:26:05.144849+09:00
20261005,19,下関,12,20261005-19-12,5,5326,三嶌さら,22,香川,47.0,B1,5.0,30.43,1.5,0.0,13,32.14,36,33.33,2 55215,4,https://www1.mbrace.or.jp/od2/B/202610/b261005.lzh,2026-10-05T06:26:05.144849+09:00
20261005,19,下関,12,20261005-19-12,6,5440,薗頭心,21,兵庫,48.0,B2,1.51,1.75,1.5,0.0,52,38.3,66,31.58,6 455 56,5,https://www1.mbrace.or.jp/od2/B/202610/b261005.lzh,2026-10-05T06:26:05.144849+09:00
20261005,18,徳山,1,20261005-18-01,1,5136,濱野斗馬,26,香川,55.0,A1,6.16,47.9,5.93,41.38,60,32.71,11,28.77,43243,10,https://www1.mbrace.or.jp/od2/B/202610/b261005.lzh,2026-10-05T06:26:05.144849+09:00
20261005,18,徳山,1,20261005-18-01,2,5336,瀬川大地,20,山口,55.0,B1,3.41,15.94,1.88,6.98,67,29.91,59,40.0,4 3455,6,https://www1.mbrace.or.jp/od2/B/202610/b261005.lzh,2026-10-05T06:26:05.144849+09:00
20261005,18,徳山,1,20261005-18-01,3,5178,成貞琳平,30,愛知,54.0,B1,4.39,21.05,2.38,0.0,31,30.77,61,26.44,4 5235,8,https://www1.mbrace.or.jp/od2/B/202610/b261005.lzh,2026-10-05T06:26:05.144849+09:00
20261005,18,徳山,1,20261005-18-01,4,5183,中野孝二,27,三重,55.0,B1,5.11,29.89,5.83,38.89,65,26.04,46,29.41,345 23,9,https://www1.mbrace.or.jp/od2/B/202610/b261005.lzh,2026-10-05T06:26:05.144849+09:00
20261005,18,徳山,1,20261005-18-01,5,5288,尾道佳諭,26,埼玉,52.0,B1,3.96,15.19,3.82,5.88,42,38.6,72,34.1,523 6,7,https://www1.mbrace.or.jp/od2/B/202610/b261005.lzh,2026-10-05T06:26:05.144849+09:00
20261005,18,徳山,1,20261005-18-01,6,5417,小柳勝希,20,佐賀,52.0,B1,4.44,20.0,2.44,0.0,32,23.58,55,34.84,653 6,11,https://www1.mbrace.or.jp/od2/B/202610/b261005.lzh,2026-10-05T06:26:05.144849+09:00
20261005,18,徳山,2,20261005-18-02,1,5224,西岡顕心,25,香川,52.0,A1,7.29,48.98,7.57,56.67,57,25.84,75,27.4,412524,,https://www1.mbrace.or.jp/od2/B/202610/b261005.lzh,2026-10-05T06:26:05.144849+09:00
20261005,18,徳山,2,20261005-18-02,2,5243,三馬崇史,26,広島,54.0,B1,6.03,46.43,2.28,5.56,37,19.19,22,38.31,221 32,10,https://www1.mbrace.or.jp/od2/B/202610/b261005.lzh,2026-10-05T06:26:05.144849+09:00
20261005,18,徳山,2,20261005-18-02,3,5330,安河内鈴,22,福岡,51.0,A2,6.73,50.83,4.23,25.81,58,30.48,25,28.9,3 4232,11,https://www1.mbrace.or.jp/od2/B/202610/b261005.lzh,2026-10-05T06:26:05.144849+09:00
20261005,18,徳山,2,20261005-18-02,4,5375,庄島潤成,22,山口,54.0,B1,2.85,2.27,1.97,0.0,54,36.36,19,37.17,446 41,6,https://www1.mbrace.or.jp/od2/B/202610/b261005.lzh,2026-10-05T06:26:05.144849+09:00
20261005,18,徳山,2,20261005-18-02,5,5042,畑田汰一,27,埼玉,53.0,A1,6.5,49.04,0.0,0.0,46,33.61,45,33.02,14511,7,https://www1.mbrace.or.jp/od2/B/202610/b261005.lzh,2026-10-05T06:26:05.144849+09:00
20261005,18,徳山,2,20261005-18-02,6,5197,中野仁照,24,愛知,54.0,B2,5.85,38.46,5.55,27.27,62,27.96,54,38.79,254 42,8,https://www1.mbrace.or.jp/od2/B/202610/b261005.lzh,2026-10-05T06:26:05.144849+09:00
20261005,18,徳山,3,20261005-18-03,1,5280,廣瀬凜,23,滋賀,51.0,A1,6.81,50.0,5.29,23.53,44,35.71,47,33.02,1 3314,12,https://www1.mbrace.or.jp/od2/B/202610/b261005.lzh,2026-10-05T06:26:05.144849+09:00
20261005,18,徳山,3,20261005-18-03,2,5282,中本大樹,23,福井,54.0,B1,5.14,38.74,3.83,16.67,50,36.28,71,26.64,6 615,8,https://www1.mbrace.or.jp/od2/B/202610/b261005.lzh,2026-10-05T06:26:05.144849+09:00
20261005,18,徳山,3,20261005-18-03,3,5298,水谷理人,24,香川,52.0,A1,7.12,58.72,2.0,0.0,40,26.8,31,33.33,363 12,11,https://www1.mbrace.or.jp/od2/B/202610/b261005.lzh,2026-10-05T06:26:05.144849+09:00
20261005,18,徳山,3,20261005-18-03,4,5214,田中宏典,27,佐賀,54.0,B1,4.46,26.44,6.11,44.44,38,30.33,48,33.18,1 4342,10,https://www1.mbrace.or.jp/od2/B/202610/b261005.lzh,2026-10-05T06:26:05.144849+09:00
20261005,18,徳山,3,20261005-18-03,5,5299,西丸敦基,24,香川,53.0,A2,6.05,43.14,4.17,16.67,55,37.61,37,33.95,23131,7,https://www1.mbrace.or.jp/od2/B/202610/b261005.lzh,2026-10-05T06:26:05.144849+09:00
20261005,18,徳山,3,20261005-18-03,6,5154,村松栄太,30,広島,54.0,B1,4.77,30.21,5.18,32.14,51,22.52,68,40.64,S 1 55,9,https://www1.mbrace.or.jp/od2/B/202610/b261005.lzh,2026-10-05T06:26:05.144849+09:00
20261005,18,徳山,4,20261005-18-04,1,5066,鈴木孝明,28,埼玉,54.0,A1,6.52,49.57,6.59,44.83,28,23.89,58,33.78,1 1623,8,https://www1.mbrace.or.jp/od2/B/202610/b261005.lzh,2026-10-05T06:26:05.144849+09:00
20261005,18,徳山,4,20261005-18-04,2,5137,川原涼,26,愛知,54.0,A2,5.23,37.74,7.93,66.67,69,44.66,36,35.91,332 24,9,https://www1.mbrace.or.jp/od2/B/202610/b261005.lzh,2026-10-05T06:26:05.144849+09:00
20261005,18,徳山,4,20261005-18-04,3,5293,眞崎武蔵,24,静岡,52.0,B1,4.39,20.9,2.89,0.0,49,24.55,40,36.04,634 26,12,https://www1.mbrace.or.jp/od2/B/202610/b261005.lzh,2026-10-05T06:26:05.144849+09:00
20261005,18,徳山,4,20261005-18-04,4,5432,安藤瑠希,21,静岡,52.0,B1,2.85,5.13,0.0,0.0,27,39.8,16,40.0,5 3564,,https://www1.mbrace.or.jp/od2/B/202610/b261005.lzh,2026-10-05T06:26:05.144849+09:00
20261005,18,徳山,4,20261005-18-04,5,5318,河内一馬,25,愛知,55.0,B1,3.97,22.22,0.0,0.0,45,22.83,26,30.73,6 556,11,https://www1.mbrace.or.jp/od2/B/202610/b261005.lzh,2026-10-05T06:26:05.144849+09:00
20261005,18,徳山,4,20261005-18-04,6,5368,宮崎心之,24,埼玉,54.0,B1,6.32,46.59,0.0,0.0,71,29.91,32,28.7,23221,10,https://www1.mbrace.or.jp/od2/B/202610/b261005.lzh,2026-10-05T06:26:05.144849+09:00
20261005,18,徳山,5,20261005-18-05,1,5160,藤森陸斗,27,福岡,53.0,A2,5.72,39.83,5.32,34.21,56,39.05,51,34.72,441354,,https://www1.mbrace.or.jp/od2/B/202610/b261005.lzh,2026-10-05T06:26:05.144849+09:00
20261005,18,徳山,5,20261005-18-05,2,5332,村松遥輝,22,静岡,53.0,B1,3.58,14.08,1.71,0.0,43,22.61,74,35.41,666 1,11,https://www1.mbrace.or.jp/od2/B/202610/b261005.lzh,2026-10-05T06:26:05.144849+09:00
20261005,18,徳山,5,20261005-18-05,3,5157,市川健太,28,滋賀,54.0,B1,4.8,31.25,0.0,0.0,59,39.78,67,41.47,546 34,,https://www1.mbrace.or.jp/od2/B/202610/b261005.lzh,2026-10-05T06:26:05.144849+09:00
20261005,18,徳山,5,20261005-18-05,4,5394,福西広太,25,埼玉,51.0,B1,3.32,10.68,0.0,0.0,68,49.48,60,25.12,5 3561,,https://www1.mbrace.or.jp/od2/B/202610/b261005.lzh,2026-10-05T06:26:05.144849+09:00
20261005,18,徳山,5,20261005-18-05,5,4985,井本昌也,29,山口,52.0,A1,6.64,51.75,6.55,50.47,34,39.1,21,25.35,21123,12,https://www1.mbrace.or.jp/od2/B/202610/b261005.lzh,2026-10-05T06:26:05.144849+09:00
20261005,18,徳山,5,20261005-18-05,6,5448,福田柊人,24,山口,50.0,B2,1.14,0.0,0.0,0.0,66,31.91,43,29.95,5 656,9,https://www1.mbrace.or.jp/od2/B/202610/b261005.lzh,2026-10-05T06:26:05.144849+09:00
20261005,18,徳山,6,20261005-18-06,1,5375,庄島潤成,22,山口,54.0,B1,2.85,2.27,1.97,0.0,54,36.36,19,37.17,446 41,2,https://www1.mbrace.or.jp/od2/B/202610/b261005.lzh,2026-10-05T06:26:05.144849+09:00
20261005,18,徳山,6,20261005-18-06,2,5255,藤原仙二,22,滋賀,54.0,A1,6.3,42.34,6.18,54.55,29,33.07,66,32.43,354 11,10,https://www1.mbrace.or.jp/od2/B/202610/b261005.lzh,2026-10-05T06:26:05.144849+09:00
20261005,18,徳山,6,20261005-18-06,3,5166,仲道大輔,26,愛知,52.0,A2,5.99,40.57,6.93,50.0,64,38.0,38,41.28,331 13,12,https://www1.mbrace.or.jp/od2/B/202610/b261005.lzh,2026-10-05T06:26:05.144849+09:00
20261005,18,徳山,6,20261005-18-06,4,5374,木山大聖,23,岡山,50.0,B1,3.64,12.16,1.7,0.0,47,40.17,29,31.53,5 S464,,https://www1.mbrace.or.jp/od2/B/202610/b261005.lzh,2026-10-05T06:26:05.144849+09:00
20261005,18,徳山,6,20261005-18-06,5,5336,瀬川大地,20,山口,55.0,B1,3.41,15.94,1.88,6.98,67,29.91,59,40.0,4 3455,1,https://www1.mbrace.or.jp/od2/B/202610/b261005.lzh,2026-10-05T06:26:05.144849+09:00
20261005,18,徳山,6,20261005-18-06,6,5245,倉富大誠,25,愛知,52.0,B1,5.33,37.23,0.0,0.0,41,30.4,20,33.49,253 23,11,https://www1.mbrace.or.jp/od2/B/202610/b261005.lzh,2026-10-05T06:26:05.144849+09:00
20261005,18,徳山,7,20261005-18-07,1,5185,加藤優弥,26,福井,53.0,B1,5.26,32.86,5.33,33.33,33,52.54,28,28.29,112 42,12,https://www1.mbrace.or.jp/od2/B/202610/b261005.lzh,2026-10-05T06:26:05.144849+09:00
20261005,18,徳山,7,20261005-18-07,2,5288,尾道佳諭,26,埼玉,52.0,B1,3.96,15.19,3.82,5.88,42,38.6,72,34.1,523 6,1,https://www1.mbrace.or.jp/od2/B/202610/b261005.lzh,2026-10-05T06:26:05.144849+09:00
20261005,18,徳山,7,20261005-18-07,3,5042,畑田汰一,27,埼玉,53.0,A1,6.5,49.04,0.0,0.0,46,33.61,45,33.02,14511,2,https://www1.mbrace.or.jp/od2/B/202610/b261005.lzh,2026-10-05T06:26:05.144849+09:00
20261005,18,徳山,7,20261005-18-07,4,5299,西丸敦基,24,香川,53.0,A2,6.05,43.14,4.17,16.67,55,37.61,37,33.95,23131,3,https://www1.mbrace.or.jp/od2/B/202610/b261005.lzh,2026-10-05T06:26:05.144849+09:00
20261005,18,徳山,7,20261005-18-07,5,5130,上野拓馬,28,三重,54.0,B1,4.71,22.45,3.69,18.75,48,35.66,12,38.81,6 6655,,https://www1.mbrace.or.jp/od2/B/202610/b261005.lzh,2026-10-05T06:26:05.144849+09:00
20261005,18,徳山,7,20261005-18-07,6,5396,近藤来希,24,兵庫,49.0,B2,2.4,2.5,1.52,0.0,35,37.7,53,33.94,565 56,,https://www1.mbrace.or.jp/od2/B/202610/b261005.lzh,2026-10-05T06:26:05.144849+09:00
20261005,18,徳山,8,20261005-18-08,1,5178,成貞琳平,30,愛知,54.0,B1,4.39,21.05,2.38,0.0,31,30.77,61,26.44,4 5235,1,https://www1.mbrace.or.jp/od2/B/202610/b261005.lzh,2026-10-05T06:26:05.144849+09:00
20261005,18,徳山,8,20261005-18-08,2,5085,中村栄治,27,福井,53.0,A2,5.01,30.17,4.41,21.95,30,38.52,63,29.72,12244,12,https://www1.mbrace.or.jp/od2/B/202610/b261005.lzh,2026-10-05T06:26:05.144849+09:00
20261005,18,徳山,8,20261005-18-08,3,5197,中野仁照,24,愛知,54.0,B2,5.85,38.46,5.55,27.27,62,27.96,54,38.79,254 42,2,https://www1.mbrace.or.jp/od2/B/202610/b261005.lzh,2026-10-05T06:26:05.144849+09:00
20261005,18,徳山,8,20261005-18-08,4,5372,上岡巧汰,24,広島,52.0,B2,2.07,3.64,1.0,0.0,53,40.0,30,36.41,2 6565,,https://www1.mbrace.or.jp/od2/B/202610/b261005.lzh,2026-10-05T06:26:05.144849+09:00
20261005,18,徳山,8,20261005-18-08,5,5066,鈴木孝明,28,埼玉,54.0,A1,6.52,49.57,6.59,44.83,28,23.89,58,33.78,1 1623,4,https://www1.mbrace.or.jp/od2/B/202610/b261005.lzh,2026-10-05T06:26:05.144849+09:00
20261005,18,徳山,8,20261005-18-08,6,5282,中本大樹,23,福井,54.0,B1,5.14,38.74,3.83,16.67,50,36.28,71,26.64,6 615,3,https://www1.mbrace.or.jp/od2/B/202610/b261005.lzh,2026-10-05T06:26:05.144849+09:00
20261005,18,徳山,9,20261005-18-09,1,5145,島川海輝,23,山口,56.0,A2,6.31,48.82,6.13,42.14,39,29.73,65,26.54,112133,,https://www1.mbrace.or.jp/od2/B/202610/b261005.lzh,2026-10-05T06:26:05.144849+09:00
20261005,18,徳山,9,20261005-18-09,2,5154,村松栄太,30,広島,54.0,B1,4.77,30.21,5.18,32.14,51,22.52,68,40.64,S 1 55,3,https://www1.mbrace.or.jp/od2/B/202610/b261005.lzh,2026-10-05T06:26:05.144849+09:00
20261005,18,徳山,9,20261005-18-09,3,5137,川原涼,26,愛知,54.0,A2,5.23,37.74,7.93,66.67,69,44.66,36,35.91,332 24,4,https://www1.mbrace.or.jp/od2/B/202610/b261005.lzh,2026-10-05T06:26:05.144849+09:00
20261005,18,徳山,9,20261005-18-09,4,5158,宮脇遼太,28,福岡,54.0,A1,6.36,52.99,5.61,36.84,61,31.46,56,29.95,22111F,,https://www1.mbrace.or.jp/od2/B/202610/b261005.lzh,2026-10-05T06:26:05.144849+09:00
20261005,18,徳山,9,20261005-18-09,5,5448,福田柊人,24,山口,50.0,B2,1.14,0.0,0.0,0.0,66,31.91,43,29.95,5 656,5,https://www1.mbrace.or.jp/od2/B/202610/b261005.lzh,2026-10-05T06:26:05.144849+09:00
20261005,18,徳山,9,20261005-18-09,6,5183,中野孝二,27,三重,55.0,B1,5.11,29.89,5.83,38.89,65,26.04,46,29.41,345 23,1,https://www1.mbrace.or.jp/od2/B/202610/b261005.lzh,2026-10-05T06:26:05.144849+09:00
20261005,18,徳山,10,20261005-18-10,1,5214,田中宏典,27,佐賀,54.0,B1,4.46,26.44,6.11,44.44,38,30.33,48,33.18,1 4342,3,https://www1.mbrace.or.jp/od2/B/202610/b261005.lzh,2026-10-05T06:26:05.144849+09:00
20261005,18,徳山,10,20261005-18-10,2,5136,濱野斗馬,26,香川,55.0,A1,6.16,47.9,5.93,41.38,60,32.71,11,28.77,43243,1,https://www1.mbrace.or.jp/od2/B/202610/b261005.lzh,2026-10-05T06:26:05.144849+09:00
20261005,18,徳山,10,20261005-18-10,3,5243,三馬崇史,26,広島,54.0,B1,6.03,46.43,2.28,5.56,37,19.19,22,38.31,221 32,2,https://www1.mbrace.or.jp/od2/B/202610/b261005.lzh,2026-10-05T06:26:05.144849+09:00
20261005,18,徳山,10,20261005-18-10,4,5368,宮崎心之,24,埼玉,54.0,B1,6.32,46.59,0.0,0.0,71,29.91,32,28.7,23221,4,https://www1.mbrace.or.jp/od2/B/202610/b261005.lzh,2026-10-05T06:26:05.144849+09:00
20261005,18,徳山,10,20261005-18-10,5,5255,藤原仙二,22,滋賀,54.0,A1,6.3,42.34,6.18,54.55,29,33.07,66,32.43,354 11,6,https://www1.mbrace.or.jp/od2/B/202610/b261005.lzh,2026-10-05T06:26:05.144849+09:00
20261005,18,徳山,10,20261005-18-10,6,5405,竹内来,22,愛知,52.0,B1,2.54,7.04,0.0,0.0,70,25.25,18,39.63,4 4456,,https://www1.mbrace.or.jp/od2/B/202610/b261005.lzh,2026-10-05T06:26:05.144849+09:00
20261005,18,徳山,11,20261005-18-11,1,5318,河内一馬,25,愛知,55.0,B1,3.97,22.22,0.0,0.0,45,22.83,26,30.73,6 556,4,https://www1.mbrace.or.jp/od2/B/202610/b261005.lzh,2026-10-05T06:26:05.144849+09:00
20261005,18,徳山,11,20261005-18-11,2,5298,水谷理人,24,香川,52.0,A1,7.12,58.72,2.0,0.0,40,26.8,31,33.33,363 12,3,https://www1.mbrace.or.jp/od2/B/202610/b261005.lzh,2026-10-05T06:26:05.144849+09:00
20261005,18,徳山,11,20261005-18-11,3,5332,村松遥輝,22,静岡,53.0,B1,3.58,14.08,1.71,0.0,43,22.61,74,35.41,666 1,5,https://www1.mbrace.or.jp/od2/B/202610/b261005.lzh,2026-10-05T06:26:05.144849+09:00
20261005,18,徳山,11,20261005-18-11,4,5330,安河内鈴,22,福岡,51.0,A2,6.73,50.83,4.23,25.81,58,30.48,25,28.9,3 4232,2,https://www1.mbrace.or.jp/od2/B/202610/b261005.lzh,2026-10-05T06:26:05.144849+09:00
20261005,18,徳山,11,20261005-18-11,5,5245,倉富大誠,25,愛知,52.0,B1,5.33,37.23,0.0,0.0,41,30.4,20,33.49,253 23,6,https://www1.mbrace.or.jp/od2/B/202610/b261005.lzh,2026-10-05T06:26:05.144849+09:00
20261005,18,徳山,11,20261005-18-11,6,5417,小柳勝希,20,佐賀,52.0,B1,4.44,20.0,2.44,0.0,32,23.58,55,34.84,653 6,1,https://www1.mbrace.or.jp/od2/B/202610/b261005.lzh,2026-10-05T06:26:05.144849+09:00
20261005,18,徳山,12,20261005-18-12,1,4985,井本昌也,29,山口,52.0,A1,6.64,51.75,6.55,50.47,34,39.1,21,25.35,21123,5,https://www1.mbrace.or.jp/od2/B/202610/b261005.lzh,2026-10-05T06:26:05.144849+09:00
20261005,18,徳山,12,20261005-18-12,2,5185,加藤優弥,26,福井,53.0,B1,5.26,32.86,5.33,33.33,33,52.54,28,28.29,112 42,7,https://www1.mbrace.or.jp/od2/B/202610/b261005.lzh,2026-10-05T06:26:05.144849+09:00
20261005,18,徳山,12,20261005-18-12,3,5280,廣瀬凜,23,滋賀,51.0,A1,6.81,50.0,5.29,23.53,44,35.71,47,33.02,1 3314,3,https://www1.mbrace.or.jp/od2/B/202610/b261005.lzh,2026-10-05T06:26:05.144849+09:00
20261005,18,徳山,12,20261005-18-12,4,5085,中村栄治,27,福井,53.0,A2,5.01,30.17,4.41,21.95,30,38.52,63,29.72,12244,8,https://www1.mbrace.or.jp/od2/B/202610/b261005.lzh,2026-10-05T06:26:05.144849+09:00
20261005,18,徳山,12,20261005-18-12,5,5166,仲道大輔,26,愛知,52.0,A2,5.99,40.57,6.93,50.0,64,38.0,38,41.28,331 13,6,https://www1.mbrace.or.jp/od2/B/202610/b261005.lzh,2026-10-05T06:26:05.144849+09:00
20261005,18,徳山,12,20261005-18-12,6,5293,眞崎武蔵,24,静岡,52.0,B1,4.39,20.9,2.89,0.0,49,24.55,40,36.04,634 26,4,https://www1.mbrace.or.jp/od2/B/202610/b261005.lzh,2026-10-05T06:26:05.144849+09:00
20261005,13,尼崎,1,20261005-13-01,1,5031,渡辺空依,29,福岡,54.0,B1,4.93,32.53,4.29,14.29,2,36.29,60,34.17,324 532,11,https://www1.mbrace.or.jp/od2/B/202610/b261005.lzh,2026-10-05T06:26:05.144849+09:00
20261005,13,尼崎,1,20261005-13-01,2,4987,島倉都,29,群馬,48.0,B1,3.85,18.82,3.18,7.14,16,46.34,23,34.13,342 4 36,7,https://www1.mbrace.or.jp/od2/B/202610/b261005.lzh,2026-10-05T06:26:05.144849+09:00
20261005,13,尼崎,1,20261005-13-01,3,4675,井手良太,38,大阪,50.0,A2,5.59,34.21,4.79,42.86,38,22.41,33,31.4,6 151622,10,https://www1.mbrace.or.jp/od2/B/202610/b261005.lzh,2026-10-05T06:26:05.144849+09:00
20261005,13,尼崎,1,20261005-13-01,4,4106,坂井康嗣,46,佐賀,53.0,B1,4.04,22.86,3.21,14.29,36,40.0,27,20.17,5 266 44,,https://www1.mbrace.or.jp/od2/B/202610/b261005.lzh,2026-10-05T06:26:05.144849+09:00
20261005,13,尼崎,1,20261005-13-01,5,4443,津田裕絵,40,山口,51.0,B1,5.59,40.78,5.91,31.82,43,15.09,53,33.06,5 453 24,5,https://www1.mbrace.or.jp/od2/B/202610/b261005.lzh,2026-10-05T06:26:05.144849+09:00
20261005,13,尼崎,1,20261005-13-01,6,5128,坪井爽佑,29,三重,55.0,B1,3.79,14.75,2.92,8.33,47,28.79,43,40.0,6 5F4 5,,https://www1.mbrace.or.jp/od2/B/202610/b261005.lzh,2026-10-05T06:26:05.144849+09:00
20261005,13,尼崎,2,20261005-13-02,1,3901,松田憲幸,49,山口,51.0,B2,4.77,33.68,3.5,20.0,6,22.41,11,29.75,343 333,12,https://www1.mbrace.or.jp/od2/B/202610/b261005.lzh,2026-10-05T06:26:05.144849+09:00
20261005,13,尼崎,2,20261005-13-02,2,4700,金子和之,39,埼玉,53.0,A2,6.34,45.28,6.74,52.63,49,29.77,72,38.52,32632 32,11,https://www1.mbrace.or.jp/od2/B/202610/b261005.lzh,2026-10-05T06:26:05.144849+09:00
20261005,13,尼崎,2,20261005-13-02,3,4639,雑賀勇貴,35,大阪,53.0,B1,4.01,22.62,4.26,23.26,9,38.17,61,31.97,245 425,7,https://www1.mbrace.or.jp/od2/B/202610/b261005.lzh,2026-10-05T06:26:05.144849+09:00
20261005,13,尼崎,2,20261005-13-02,4,3974,深山祐二,49,佐賀,52.0,B1,4.49,23.08,3.88,28.0,24,30.16,55,39.52,663 223,6,https://www1.mbrace.or.jp/od2/B/202610/b261005.lzh,2026-10-05T06:26:05.144849+09:00
20261005,13,尼崎,2,20261005-13-02,5,5340,樋江井舞,25,愛知,45.0,B1,4.21,23.33,3.53,17.65,59,25.6,49,36.8,5 444 66,,https://www1.mbrace.or.jp/od2/B/202610/b261005.lzh,2026-10-05T06:26:05.144849+09:00
20261005,13,尼崎,2,20261005-13-02,6,4219,本岡勝利,44,広島,53.0,B1,3.91,10.0,4.53,26.67,40,40.15,25,31.45,432 256,9,https://www1.mbrace.or.jp/od2/B/202610/b261005.lzh,2026-10-05T06:26:05.144849+09:00
20261005,13,尼崎,3,20261005-13-03,1,3606,川北浩貴,54,滋賀,52.0,B1,5.59,36.26,5.45,35.0,20,25.81,50,30.83,352 156,10,https://www1.mbrace.or.jp/od2/B/202610/b261005.lzh,2026-10-05T06:26:05.144849+09:00
20261005,13,尼崎,3,20261005-13-03,2,4531,武富智亮,37,佐賀,54.0,A2,6.31,48.28,5.3,30.0,39,44.72,36,48.78,561 241S,7,https://www1.mbrace.or.jp/od2/B/202610/b261005.lzh,2026-10-05T06:26:05.144849+09:00
20261005,13,尼崎,3,20261005-13-03,3,3434,松尾宣邦,57,福岡,57.0,B1,4.6,27.78,3.92,25.0,7,36.92,45,36.52,143 356,8,https://www1.mbrace.or.jp/od2/B/202610/b261005.lzh,2026-10-05T06:26:05.144849+09:00
20261005,13,尼崎,3,20261005-13-03,4,3854,吉川元浩,54,兵庫,52.0,A1,7.06,49.5,7.43,53.85,42,17.89,46,31.45,113 5421,11,https://www1.mbrace.or.jp/od2/B/202610/b261005.lzh,2026-10-05T06:26:05.144849+09:00
20261005,13,尼崎,3,20261005-13-03,5,3790,佐口達也,54,群馬,54.0,B1,4.55,23.6,4.0,25.0,33,27.91,12,30.47,453 365,,https://www1.mbrace.or.jp/od2/B/202610/b261005.lzh,2026-10-05T06:26:05.144849+09:00
20261005,13,尼崎,3,20261005-13-03,6,5264,登みひ果,26,兵庫,44.0,B1,4.91,30.34,4.27,21.2,51,29.85,48,30.58,1 24F 4,,https://www1.mbrace.or.jp/od2/B/202610/b261005.lzh,2026-10-05T06:26:05.144849+09:00
20261005,13,尼崎,4,20261005-13-04,1,4539,金子賢志,35,群馬,53.0,A1,6.11,41.23,5.61,34.21,50,25.6,21,44.26,16133 42,10,https://www1.mbrace.or.jp/od2/B/202610/b261005.lzh,2026-10-05T06:26:05.144849+09:00
20261005,13,尼崎,4,20261005-13-04,2,3514,山一鉄也,59,福岡,52.0,A2,5.46,36.0,5.62,42.31,5,36.51,74,43.09,1 146155,12,https://www1.mbrace.or.jp/od2/B/202610/b261005.lzh,2026-10-05T06:26:05.144849+09:00
20261005,13,尼崎,4,20261005-13-04,3,3286,坂東満,58,静岡,54.0,B2,3.46,22.0,4.38,12.5,4,48.78,15,32.79,6 454 13,9,https://www1.mbrace.or.jp/od2/B/202610/b261005.lzh,2026-10-05T06:26:05.144849+09:00
20261005,13,尼崎,4,20261005-13-04,4,3654,武田光史,53,福井,53.0,A2,6.66,53.27,6.55,46.94,45,33.85,69,30.83,22131 21,10,https://www1.mbrace.or.jp/od2/B/202610/b261005.lzh,2026-10-05T06:26:05.144849+09:00
20261005,13,尼崎,4,20261005-13-04,5,4664,東口晃,43,福井,55.0,B1,3.98,18.6,2.89,11.11,10,29.03,37,38.79,5 465 55,,https://www1.mbrace.or.jp/od2/B/202610/b261005.lzh,2026-10-05T06:26:05.144849+09:00
20261005,13,尼崎,4,20261005-13-04,6,5218,山田理央,26,香川,46.0,A1,5.35,32.14,4.47,29.41,48,31.5,63,28.0,2S661 33,8,https://www1.mbrace.or.jp/od2/B/202610/b261005.lzh,2026-10-05T06:26:05.144849+09:00
20261005,13,尼崎,5,20261005-13-05,1,5161,登玉隼百,27,兵庫,55.0,A2,5.59,37.78,5.63,37.65,62,34.19,58,31.2,123 3454,12,https://www1.mbrace.or.jp/od2/B/202610/b261005.lzh,2026-10-05T06:26:05.144849+09:00
20261005,13,尼崎,5,20261005-13-05,2,3614,谷勝幸,53,広島,54.0,B1,4.26,21.15,2.29,0.0,63,40.31,18,32.52,431 126,10,https://www1.mbrace.or.jp/od2/B/202610/b261005.lzh,2026-10-05T06:26:05.144849+09:00
20261005,13,尼崎,5,20261005-13-05,3,4443,津田裕絵,40,山口,51.0,B1,5.59,40.78,5.91,31.82,43,15.09,53,33.06,5 453 24,1,https://www1.mbrace.or.jp/od2/B/202610/b261005.lzh,2026-10-05T06:26:05.144849+09:00
20261005,13,尼崎,5,20261005-13-05,4,3556,田中信一,53,大阪,54.0,A1,7.1,57.66,6.65,48.98,61,41.27,35,38.71,25213 11,11,https://www1.mbrace.or.jp/od2/B/202610/b261005.lzh,2026-10-05T06:26:05.144849+09:00
20261005,13,尼崎,5,20261005-13-05,5,4226,村田浩司,44,山口,52.0,B1,4.06,16.87,0.0,0.0,29,25.0,24,28.81,536 563,,https://www1.mbrace.or.jp/od2/B/202610/b261005.lzh,2026-10-05T06:26:05.144849+09:00
20261005,13,尼崎,5,20261005-13-05,6,4298,宮下元胤,43,愛知,55.0,A2,5.73,36.89,7.27,63.64,1,34.68,64,36.36,432 5114,9,https://www1.mbrace.or.jp/od2/B/202610/b261005.lzh,2026-10-05T06:26:05.144849+09:00
20261005,13,尼崎,6,20261005-13-06,1,4962,畑竜生,30,三重,52.0,A2,5.36,36.52,6.8,50.0,21,24.19,13,32.52,6 422134,10,https://www1.mbrace.or.jp/od2/B/202610/b261005.lzh,2026-10-05T06:26:05.144849+09:00
20261005,13,尼崎,6,20261005-13-06,2,3478,嶋田貴支,55,香川,52.0,B1,5.19,33.0,4.65,20.59,18,41.98,44,39.67,2 55124,11,https://www1.mbrace.or.jp/od2/B/202610/b261005.lzh,2026-10-05T06:26:05.144849+09:00
20261005,13,尼崎,6,20261005-13-06,3,3974,深山祐二,49,佐賀,52.0,B1,4.49,23.08,3.88,28.0,24,30.16,55,39.52,663 223,2,https://www1.mbrace.or.jp/od2/B/202610/b261005.lzh,2026-10-05T06:26:05.144849+09:00
20261005,13,尼崎,6,20261005-13-06,4,5281,井上遥妃,23,徳島,45.0,A1,5.82,39.56,6.03,37.93,25,39.39,26,45.08,13132 13,12,https://www1.mbrace.or.jp/od2/B/202610/b261005.lzh,2026-10-05T06:26:05.144849+09:00
20261005,13,尼崎,6,20261005-13-06,5,4548,篠木亜衣,38,三重,50.0,B1,2.87,10.53,1.0,0.0,3,32.77,32,27.27,6 651 66,,https://www1.mbrace.or.jp/od2/B/202610/b261005.lzh,2026-10-05T06:26:05.144849+09:00
20261005,13,尼崎,6,20261005-13-06,6,5259,野田昇吾,33,埼玉,57.0,B2,3.4,7.69,3.67,22.22,26,37.01,67,29.84,5 546 36,,https://www1.mbrace.or.jp/od2/B/202610/b261005.lzh,2026-10-05T06:26:05.144849+09:00
20261005,13,尼崎,7,20261005-13-07,1,3995,重野哲之,47,静岡,55.0,A2,6.28,47.54,7.65,60.0,41,18.45,54,31.45,21443 13,11,https://www1.mbrace.or.jp/od2/B/202610/b261005.lzh,2026-10-05T06:26:05.144849+09:00
20261005,13,尼崎,7,20261005-13-07,2,4429,豊田泰洋,41,広島,59.0,B1,3.19,11.36,2.83,8.33,15,39.53,17,25.41,4 565 44,,https://www1.mbrace.or.jp/od2/B/202610/b261005.lzh,2026-10-05T06:26:05.144849+09:00
20261005,13,尼崎,7,20261005-13-07,3,4150,山田雄太,44,静岡,56.0,A2,6.03,42.42,6.78,55.56,31,34.65,57,33.61,2 326211,12,https://www1.mbrace.or.jp/od2/B/202610/b261005.lzh,2026-10-05T06:26:05.144849+09:00
20261005,13,尼崎,7,20261005-13-07,4,4639,雑賀勇貴,35,大阪,53.0,B1,4.01,22.62,4.26,23.26,9,38.17,61,31.97,245 425,2,https://www1.mbrace.or.jp/od2/B/202610/b261005.lzh,2026-10-05T06:26:05.144849+09:00
20261005,13,尼崎,7,20261005-13-07,5,4987,島倉都,29,群馬,48.0,B1,3.85,18.82,3.18,7.14,16,46.34,23,34.13,342 4 36,1,https://www1.mbrace.or.jp/od2/B/202610/b261005.lzh,2026-10-05T06:26:05.144849+09:00
20261005,13,尼崎,7,20261005-13-07,6,4531,武富智亮,37,佐賀,54.0,A2,6.31,48.28,5.3,30.0,39,44.72,36,48.78,561 241S,3,https://www1.mbrace.or.jp/od2/B/202610/b261005.lzh,2026-10-05T06:26:05.144849+09:00
20261005,13,尼崎,8,20261005-13-08,1,4518,大須賀友,39,愛知,52.0,A1,6.45,51.35,7.11,61.11,56,49.58,70,28.57,141 S322,12,https://www1.mbrace.or.jp/od2/B/202610/b261005.lzh,2026-10-05T06:26:05.144849+09:00
20261005,13,尼崎,8,20261005-13-08,2,5218,山田理央,26,香川,46.0,A1,5.35,32.14,4.47,29.41,48,31.5,63,28.0,2S661 33,4,https://www1.mbrace.or.jp/od2/B/202610/b261005.lzh,2026-10-05T06:26:05.144849+09:00
20261005,13,尼崎,8,20261005-13-08,3,4819,蜂須瑞生,35,群馬,47.0,A2,5.02,29.23,7.1,55.0,46,29.75,59,36.67,5 522555,,https://www1.mbrace.or.jp/od2/B/202610/b261005.lzh,2026-10-05T06:26:05.144849+09:00
20261005,13,尼崎,8,20261005-13-08,4,5308,藤森拓海,22,福岡,53.0,B1,4.34,23.96,5.32,36.84,17,38.89,14,32.03,6 26355,,https://www1.mbrace.or.jp/od2/B/202610/b261005.lzh,2026-10-05T06:26:05.144849+09:00
20261005,13,尼崎,8,20261005-13-08,5,3434,松尾宣邦,57,福岡,57.0,B1,4.6,27.78,3.92,25.0,7,36.92,45,36.52,143 356,3,https://www1.mbrace.or.jp/od2/B/202610/b261005.lzh,2026-10-05T06:26:05.144849+09:00
20261005,13,尼崎,8,20261005-13-08,6,5257,西丸侑太,22,香川,52.0,A1,6.54,47.58,6.36,46.43,37,38.28,42,35.0,121 F14,,https://www1.mbrace.or.jp/od2/B/202610/b261005.lzh,2026-10-05T06:26:05.144849+09:00
20261005,13,尼崎,9,20261005-13-09,1,4365,盛本真輔,41,兵庫,51.0,A2,5.92,39.62,5.27,32.77,57,31.3,47,23.81,5 626415,,https://www1.mbrace.or.jp/od2/B/202610/b261005.lzh,2026-10-05T06:26:05.144849+09:00
20261005,13,尼崎,9,20261005-13-09,2,4298,宮下元胤,43,愛知,55.0,A2,5.73,36.89,7.27,63.64,1,34.68,64,36.36,432 5114,5,https://www1.mbrace.or.jp/od2/B/202610/b261005.lzh,2026-10-05T06:26:05.144849+09:00
20261005,13,尼崎,9,20261005-13-09,3,4219,本岡勝利,44,広島,53.0,B1,3.91,10.0,4.53,26.67,40,40.15,25,31.45,432 256,2,https://www1.mbrace.or.jp/od2/B/202610/b261005.lzh,2026-10-05T06:26:05.144849+09:00
20261005,13,尼崎,9,20261005-13-09,4,4254,川島圭司,43,滋賀,52.0,A2,5.81,40.68,5.47,26.32,44,33.59,41,36.89,4 35462,,https://www1.mbrace.or.jp/od2/B/202610/b261005.lzh,2026-10-05T06:26:05.144849+09:00
20261005,13,尼崎,9,20261005-13-09,5,3286,坂東満,58,静岡,54.0,B2,3.46,22.0,4.38,12.5,4,48.78,15,32.79,6 454 13,4,https://www1.mbrace.or.jp/od2/B/202610/b261005.lzh,2026-10-05T06:26:05.144849+09:00
20261005,13,尼崎,9,20261005-13-09,6,4546,浜田亜理,38,埼玉,47.0,B1,7.12,55.56,6.84,53.33,58,22.41,30,39.68,3 11F12,,https://www1.mbrace.or.jp/od2/B/202610/b261005.lzh,2026-10-05T06:26:05.144849+09:00
20261005,13,尼崎,10,20261005-13-10,1,3654,武田光史,53,福井,53.0,A2,6.66,53.27,6.55,46.94,45,33.85,69,30.83,22131 21,4,https://www1.mbrace.or.jp/od2/B/202610/b261005.lzh,2026-10-05T06:26:05.144849+09:00
20261005,13,尼崎,10,20261005-13-10,2,4539,金子賢志,35,群馬,53.0,A1,6.11,41.23,5.61,34.21,50,25.6,21,44.26,16133 42,4,https://www1.mbrace.or.jp/od2/B/202610/b261005.lzh,2026-10-05T06:26:05.144849+09:00
20261005,13,尼崎,10,20261005-13-10,3,3614,谷勝幸,53,広島,54.0,B1,4.26,21.15,2.29,0.0,63,40.31,18,32.52,431 126,5,https://www1.mbrace.or.jp/od2/B/202610/b261005.lzh,2026-10-05T06:26:05.144849+09:00
20261005,13,尼崎,10,20261005-13-10,4,4675,井手良太,38,大阪,50.0,A2,5.59,34.21,4.79,42.86,38,22.41,33,31.4,6 151622,1,https://www1.mbrace.or.jp/od2/B/202610/b261005.lzh,2026-10-05T06:26:05.144849+09:00
20261005,13,尼崎,10,20261005-13-10,5,4962,畑竜生,30,三重,52.0,A2,5.36,36.52,6.8,50.0,21,24.19,13,32.52,6 422134,6,https://www1.mbrace.or.jp/od2/B/202610/b261005.lzh,2026-10-05T06:26:05.144849+09:00
20261005,13,尼崎,10,20261005-13-10,6,3606,川北浩貴,54,滋賀,52.0,B1,5.59,36.26,5.45,35.0,20,25.81,50,30.83,352 156,3,https://www1.mbrace.or.jp/od2/B/202610/b261005.lzh,2026-10-05T06:26:05.144849+09:00
20261005,13,尼崎,11,20261005-13-11,1,3556,田中信一,53,大阪,54.0,A1,7.1,57.66,6.65,48.98,61,41.27,35,38.71,25213 11,5,https://www1.mbrace.or.jp/od2/B/202610/b261005.lzh,2026-10-05T06:26:05.144849+09:00
20261005,13,尼崎,11,20261005-13-11,2,3854,吉川元浩,54,兵庫,52.0,A1,7.06,49.5,7.43,53.85,42,17.89,46,31.45,113 5421,3,https://www1.mbrace.or.jp/od2/B/202610/b261005.lzh,2026-10-05T06:26:05.144849+09:00
20261005,13,尼崎,11,20261005-13-11,3,4700,金子和之,39,埼玉,53.0,A2,6.34,45.28,6.74,52.63,49,29.77,72,38.52,32632 32,2,https://www1.mbrace.or.jp/od2/B/202610/b261005.lzh,2026-10-05T06:26:05.144849+09:00
20261005,13,尼崎,11,20261005-13-11,4,3478,嶋田貴支,55,香川,52.0,B1,5.19,33.0,4.65,20.59,18,41.98,44,39.67,2 55124,6,https://www1.mbrace.or.jp/od2/B/202610/b261005.lzh,2026-10-05T06:26:05.144849+09:00
20261005,13,尼崎,11,20261005-13-11,5,5031,渡辺空依,29,福岡,54.0,B1,4.93,32.53,4.29,14.29,2,36.29,60,34.17,324 532,1,https://www1.mbrace.or.jp/od2/B/202610/b261005.lzh,2026-10-05T06:26:05.144849+09:00
20261005,13,尼崎,11,20261005-13-11,6,3995,重野哲之,47,静岡,55.0,A2,6.28,47.54,7.65,60.0,41,18.45,54,31.45,21443 13,7,https://www1.mbrace.or.jp/od2/B/202610/b261005.lzh,2026-10-05T06:26:05.144849+09:00
20261005,13,尼崎,12,20261005-13-12,1,5281,井上遥妃,23,徳島,45.0,A1,5.82,39.56,6.03,37.93,25,39.39,26,45.08,13132 13,6,https://www1.mbrace.or.jp/od2/B/202610/b261005.lzh,2026-10-05T06:26:05.144849+09:00
20261005,13,尼崎,12,20261005-13-12,2,4150,山田雄太,44,静岡,56.0,A2,6.03,42.42,6.78,55.56,31,34.65,57,33.61,2 326211,7,https://www1.mbrace.or.jp/od2/B/202610/b261005.lzh,2026-10-05T06:26:05.144849+09:00
20261005,13,尼崎,12,20261005-13-12,3,4518,大須賀友,39,愛知,52.0,A1,6.45,51.35,7.11,61.11,56,49.58,70,28.57,141 S322,8,https://www1.mbrace.or.jp/od2/B/202610/b261005.lzh,2026-10-05T06:26:05.144849+09:00
20261005,13,尼崎,12,20261005-13-12,4,3514,山一鉄也,59,福岡,52.0,A2,5.46,36.0,5.62,42.31,5,36.51,74,43.09,1 146155,4,https://www1.mbrace.or.jp/od2/B/202610/b261005.lzh,2026-10-05T06:26:05.144849+09:00
20261005,13,尼崎,12,20261005-13-12,5,5161,登玉隼百,27,兵庫,55.0,A2,5.59,37.78,5.63,37.65,62,34.19,58,31.2,123 3454,5,https://www1.mbrace.or.jp/od2/B/202610/b261005.lzh,2026-10-05T06:26:05.144849+09:00
20261005,13,尼崎,12,20261005-13-12,6,3901,松田憲幸,49,山口,51.0,B2,4.77,33.68,3.5,20.0,6,22.41,11,29.75,343 333,2,https://www1.mbrace.or.jp/od2/B/202610/b261005.lzh,2026-10-05T06:26:05.144849+09:00
20261005,12,住之江,1,20261005-12-01,1,4651,佐藤大騎,41,大阪,52.0,B1,3.68,12.31,3.24,9.8,24,42.99,54,24.21,422 142,9,https://www1.mbrace.or.jp/od2/B/202610/b261005.lzh,2026-10-05T06:26:05.144849+09:00
20261005,12,住之江,1,20261005-12-01,2,4395,下河雅史,40,福岡,55.0,B1,4.73,25.58,0.0,0.0,15,27.83,83,26.17,325 121,11,https://www1.mbrace.or.jp/od2/B/202610/b261005.lzh,2026-10-05T06:26:05.144849+09:00
20261005,12,住之江,1,20261005-12-01,3,4815,伏島祐介,36,東京,53.0,B1,4.51,25.64,5.43,34.78,57,38.89,55,37.86,653 1 65,8,https://www1.mbrace.or.jp/od2/B/202610/b261005.lzh,2026-10-05T06:26:05.144849+09:00
20261005,12,住之江,1,20261005-12-01,4,4138,中井俊祐,45,大阪,52.0,B1,4.51,30.23,5.22,32.2,26,27.1,12,38.61,6 353 35,,https://www1.mbrace.or.jp/od2/B/202610/b261005.lzh,2026-10-05T06:26:05.144849+09:00
20261005,12,住之江,1,20261005-12-01,5,3602,奥平拓也,56,東京,52.0,B1,4.37,22.62,5.06,27.78,38,50.0,56,27.45,2 446 46,,https://www1.mbrace.or.jp/od2/B/202610/b261005.lzh,2026-10-05T06:26:05.144849+09:00
20261005,12,住之江,1,20261005-12-01,6,3432,宮迫暢彦,58,大阪,53.0,B1,3.96,18.06,4.86,25.0,35,36.45,50,36.36,5 2F6 6,,https://www1.mbrace.or.jp/od2/B/202610/b261005.lzh,2026-10-05T06:26:05.144849+09:00
20261005,12,住之江,2,20261005-12-02,1,3904,森貴洋,49,大阪,56.0,B1,4.88,33.33,6.1,45.71,83,29.2,18,27.72,144 232,10,https://www1.mbrace.or.jp/od2/B/202610/b261005.lzh,2026-10-05T06:26:05.144849+09:00
20261005,12,住之江,2,20261005-12-02,2,4122,安東幸治,44,福岡,56.0,A2,5.58,37.17,5.65,41.18,64,49.54,33,39.22,423 2314,9,https://www1.mbrace.or.jp/od2/B/202610/b261005.lzh,2026-10-05T06:26:05.144849+09:00
20261005,12,住之江,2,20261005-12-02,3,3107,平岡重典,62,大阪,53.0,B1,3.87,17.02,5.2,31.71,30,24.56,51,41.67,5 454 13,7,https://www1.mbrace.or.jp/od2/B/202610/b261005.lzh,2026-10-05T06:26:05.144849+09:00
20261005,12,住之江,2,20261005-12-02,4,4272,大場広孝,44,福岡,59.0,B1,5.04,32.11,0.0,0.0,11,40.91,82,44.33,164 364,6,https://www1.mbrace.or.jp/od2/B/202610/b261005.lzh,2026-10-05T06:26:05.144849+09:00
20261005,12,住之江,2,20261005-12-02,5,4697,國弘翔平,40,福岡,50.0,B1,4.47,22.68,3.64,28.57,18,31.78,20,29.7,316 S66,,https://www1.mbrace.or.jp/od2/B/202610/b261005.lzh,2026-10-05T06:26:05.144849+09:00
20261005,12,住之江,2,20261005-12-02,6,5409,宮本琉正,21,福岡,57.0,B2,2.89,12.96,0.0,0.0,78,17.92,77,34.62,6 666 54,,https://www1.mbrace.or.jp/od2/B/202610/b261005.lzh,2026-10-05T06:26:05.144849+09:00
20261005,12,住之江,3,20261005-12-03,1,5289,佃來紀,25,大阪,52.0,A2,5.61,38.94,4.43,20.87,14,26.55,30,41.98,5 121232,9,https://www1.mbrace.or.jp/od2/B/202610/b261005.lzh,2026-10-05T06:26:05.144849+09:00
20261005,12,住之江,3,20261005-12-03,2,4351,里岡右貴,40,福岡,54.0,A1,7.07,54.64,0.0,0.0,70,40.37,19,23.58,1 342 23,10,https://www1.mbrace.or.jp/od2/B/202610/b261005.lzh,2026-10-05T06:26:05.144849+09:00
20261005,12,住之江,3,20261005-12-03,3,4995,田邉亮蔵,35,東京,56.0,B1,4.21,22.54,3.72,17.24,68,28.7,23,35.05,363 356,,https://www1.mbrace.or.jp/od2/B/202610/b261005.lzh,2026-10-05T06:26:05.144849+09:00
20261005,12,住之江,3,20261005-12-03,4,4086,寺本重宣,46,東京,50.0,A2,6.13,42.0,5.55,31.82,73,33.64,17,50.51,2 113 33,10,https://www1.mbrace.or.jp/od2/B/202610/b261005.lzh,2026-10-05T06:26:05.144849+09:00
20261005,12,住之江,3,20261005-12-03,5,4944,田代達也,35,東京,54.0,B1,4.2,17.05,5.13,37.5,63,24.77,76,29.91,6 55S42,,https://www1.mbrace.or.jp/od2/B/202610/b261005.lzh,2026-10-05T06:26:05.144849+09:00
20261005,12,住之江,3,20261005-12-03,6,5450,藤本遼磨,23,大阪,52.0,B2,2.05,1.82,1.58,0.0,25,28.3,52,29.41,F 5 655,,https://www1.mbrace.or.jp/od2/B/202610/b261005.lzh,2026-10-05T06:26:05.144849+09:00
20261005,12,住之江,4,20261005-12-04,1,5221,竹間隆晟,25,大阪,54.0,A1,6.74,52.48,5.84,39.31,52,29.36,28,38.78,122 2142,9,https://www1.mbrace.or.jp/od2/B/202610/b261005.lzh,2026-10-05T06:26:05.144849+09:00
20261005,12,住之江,4,20261005-12-04,2,4136,江夏満,46,福岡,54.0,A1,6.3,41.27,6.22,51.85,80,46.36,38,28.04,331 4 41,10,https://www1.mbrace.or.jp/od2/B/202610/b261005.lzh,2026-10-05T06:26:05.144849+09:00
20261005,12,住之江,4,20261005-12-04,3,3951,石川吉鎬,50,大阪,55.0,B1,4.77,25.3,5.4,35.0,28,29.36,69,36.63,541 3 46,12,https://www1.mbrace.or.jp/od2/B/202610/b261005.lzh,2026-10-05T06:26:05.144849+09:00
20261005,12,住之江,4,20261005-12-04,4,4976,金山立樹,32,東京,52.0,B1,4.82,25.81,5.0,33.33,27,37.5,15,27.45,134 546,,https://www1.mbrace.or.jp/od2/B/202610/b261005.lzh,2026-10-05T06:26:05.144849+09:00
20261005,12,住之江,4,20261005-12-04,5,4367,山口修路,40,福岡,53.0,B1,4.51,18.6,5.54,31.43,59,22.73,78,28.57,5 435 36,,https://www1.mbrace.or.jp/od2/B/202610/b261005.lzh,2026-10-05T06:26:05.144849+09:00
20261005,12,住之江,4,20261005-12-04,6,4330,奈須啓太,43,福岡,53.0,A2,6.17,46.79,6.54,48.57,20,44.34,14,32.69,2 141215,10,https://www1.mbrace.or.jp/od2/B/202610/b261005.lzh,2026-10-05T06:26:05.144849+09:00
20261005,12,住之江,5,20261005-12-05,1,4411,沢田昭宏,40,大阪,54.0,A2,5.46,33.04,5.05,30.11,51,40.91,35,30.84,213 4 33,11,https://www1.mbrace.or.jp/od2/B/202610/b261005.lzh,2026-10-05T06:26:05.144849+09:00
20261005,12,住之江,5,20261005-12-05,2,4366,前沢丈史,40,東京,56.0,A1,6.09,37.08,6.62,44.83,12,27.68,81,40.21,1 332 13,10,https://www1.mbrace.or.jp/od2/B/202610/b261005.lzh,2026-10-05T06:26:05.144849+09:00
20261005,12,住之江,5,20261005-12-05,3,4211,村田敦,43,東京,59.0,B1,4.73,30.61,4.96,27.66,50,28.95,25,29.52,5 261 23,12,https://www1.mbrace.or.jp/od2/B/202610/b261005.lzh,2026-10-05T06:26:05.144849+09:00
20261005,12,住之江,5,20261005-12-05,4,4759,今泉友吾,36,東京,52.0,A1,7.29,53.97,6.95,46.15,37,27.68,63,28.21,321 1 51,9,https://www1.mbrace.or.jp/od2/B/202610/b261005.lzh,2026-10-05T06:26:05.144849+09:00
20261005,12,住之江,5,20261005-12-05,5,3564,桑原啓,56,福岡,53.0,B1,4.4,28.0,4.28,22.22,72,30.84,22,46.88,4 52454,,https://www1.mbrace.or.jp/od2/B/202610/b261005.lzh,2026-10-05T06:26:05.144849+09:00
20261005,12,住之江,5,20261005-12-05,6,5028,原田才一,29,福岡,51.0,A1,7.08,55.91,6.04,39.13,71,34.55,27,25.24,2621131,9,https://www1.mbrace.or.jp/od2/B/202610/b261005.lzh,2026-10-05T06:26:05.144849+09:00
20261005,12,住之江,6,20261005-12-06,1,4042,丸岡正典,47,大阪,53.0,A2,6.98,48.28,6.22,40.68,58,40.91,67,40.2,1 221422,11,https://www1.mbrace.or.jp/od2/B/202610/b261005.lzh,2026-10-05T06:26:05.144849+09:00
20261005,12,住之江,6,20261005-12-06,2,4082,濱崎誠,47,大阪,51.0,B1,6.01,43.48,5.22,35.14,56,33.03,72,40.0,536 453,,https://www1.mbrace.or.jp/od2/B/202610/b261005.lzh,2026-10-05T06:26:05.144849+09:00
20261005,12,住之江,6,20261005-12-06,3,4272,大場広孝,44,福岡,59.0,B1,5.04,32.11,0.0,0.0,11,40.91,82,44.33,164 364,2,https://www1.mbrace.or.jp/od2/B/202610/b261005.lzh,2026-10-05T06:26:05.144849+09:00
20261005,12,住之江,6,20261005-12-06,4,4560,庄司樹良,35,東京,55.0,A2,5.53,28.79,5.77,38.46,84,32.73,65,36.19,445 3 14,12,https://www1.mbrace.or.jp/od2/B/202610/b261005.lzh,2026-10-05T06:26:05.144849+09:00
20261005,12,住之江,6,20261005-12-06,5,5022,伊藤尚汰,31,福岡,49.0,B1,4.18,27.38,4.07,25.93,65,23.15,31,42.0,4 666 56,,https://www1.mbrace.or.jp/od2/B/202610/b261005.lzh,2026-10-05T06:26:05.144849+09:00
20261005,12,住之江,6,20261005-12-06,6,4357,田中和也,42,大阪,52.0,A1,6.74,54.7,6.42,55.0,19,32.74,86,30.61,152 1 24,11,https://www1.mbrace.or.jp/od2/B/202610/b261005.lzh,2026-10-05T06:26:05.144849+09:00
20261005,12,住之江,7,20261005-12-07,1,4702,三浦敬太,39,東京,52.0,A1,5.92,42.35,6.18,50.0,81,31.13,39,26.26,143 315,11,https://www1.mbrace.or.jp/od2/B/202610/b261005.lzh,2026-10-05T06:26:05.144849+09:00
20261005,12,住之江,7,20261005-12-07,2,5105,富田恕生,27,福岡,52.0,B1,4.15,22.68,4.75,30.0,61,34.86,16,29.25,552 435,,https://www1.mbrace.or.jp/od2/B/202610/b261005.lzh,2026-10-05T06:26:05.144849+09:00
20261005,12,住之江,7,20261005-12-07,3,4608,荒井翔伍,37,東京,55.0,A2,6.06,43.75,6.5,55.0,67,28.18,79,37.11,3 45555,12,https://www1.mbrace.or.jp/od2/B/202610/b261005.lzh,2026-10-05T06:26:05.144849+09:00
20261005,12,住之江,7,20261005-12-07,4,4427,秦英悟,41,大阪,52.0,A1,7.11,57.01,6.33,43.09,62,29.09,34,30.39,31232 21,11,https://www1.mbrace.or.jp/od2/B/202610/b261005.lzh,2026-10-05T06:26:05.144849+09:00
20261005,12,住之江,7,20261005-12-07,5,3107,平岡重典,62,大阪,53.0,B1,3.87,17.02,5.2,31.71,30,24.56,51,41.67,5 454 13,2,https://www1.mbrace.or.jp/od2/B/202610/b261005.lzh,2026-10-05T06:26:05.144849+09:00
20261005,12,住之江,7,20261005-12-07,6,4059,入澤友治,47,東京,57.0,B1,3.84,13.95,5.78,38.89,31,19.23,70,22.33,661 6 44,,https://www1.mbrace.or.jp/od2/B/202610/b261005.lzh,2026-10-05T06:26:05.144849+09:00
20261005,12,住之江,8,20261005-12-08,1,4424,松尾昂明,41,福岡,50.0,A2,5.4,33.04,4.89,22.22,76,19.27,11,33.65,2 644 16,12,https://www1.mbrace.or.jp/od2/B/202610/b261005.lzh,2026-10-05T06:26:05.144849+09:00
20261005,12,住之江,8,20261005-12-08,2,4104,木下陽介,47,東京,56.0,B1,4.81,31.43,3.75,12.5,13,26.32,87,31.25,261 366,,https://www1.mbrace.or.jp/od2/B/202610/b261005.lzh,2026-10-05T06:26:05.144849+09:00
20261005,12,住之江,8,20261005-12-08,3,4422,永井亮次,38,大阪,51.0,B1,4.46,22.22,5.05,27.27,36,16.81,84,24.53,5 16265,,https://www1.mbrace.or.jp/od2/B/202610/b261005.lzh,2026-10-05T06:26:05.144849+09:00
20261005,12,住之江,8,20261005-12-08,4,4598,加藤政彦,42,東京,52.0,B1,5.86,42.31,4.4,30.0,23,32.74,89,36.46,4 55262,,https://www1.mbrace.or.jp/od2/B/202610/b261005.lzh,2026-10-05T06:26:05.144849+09:00
20261005,12,住之江,8,20261005-12-08,5,4815,伏島祐介,36,東京,53.0,B1,4.51,25.64,5.43,34.78,57,38.89,55,37.86,653 1 65,1,https://www1.mbrace.or.jp/od2/B/202610/b261005.lzh,2026-10-05T06:26:05.144849+09:00
20261005,12,住之江,8,20261005-12-08,6,3613,角谷健吾,53,東京,52.0,A2,5.96,42.34,5.32,36.36,16,36.04,74,24.75,3 35551,12,https://www1.mbrace.or.jp/od2/B/202610/b261005.lzh,2026-10-05T06:26:05.144849+09:00
20261005,12,住之江,9,20261005-12-09,1,5028,原田才一,29,福岡,51.0,A1,7.08,55.91,6.04,39.13,71,34.55,27,25.24,2621131,5,https://www1.mbrace.or.jp/od2/B/202610/b261005.lzh,2026-10-05T06:26:05.144849+09:00
20261005,12,住之江,9,20261005-12-09,2,5221,竹間隆晟,25,大阪,54.0,A1,6.74,52.48,5.84,39.31,52,29.36,28,38.78,122 2142,4,https://www1.mbrace.or.jp/od2/B/202610/b261005.lzh,2026-10-05T06:26:05.144849+09:00
20261005,12,住之江,9,20261005-12-09,3,4759,今泉友吾,36,東京,52.0,A1,7.29,53.97,6.95,46.15,37,27.68,63,28.21,321 1 51,5,https://www1.mbrace.or.jp/od2/B/202610/b261005.lzh,2026-10-05T06:26:05.144849+09:00
20261005,12,住之江,9,20261005-12-09,4,5289,佃來紀,25,大阪,52.0,A2,5.61,38.94,4.43,20.87,14,26.55,30,41.98,5 121232,3,https://www1.mbrace.or.jp/od2/B/202610/b261005.lzh,2026-10-05T06:26:05.144849+09:00
20261005,12,住之江,9,20261005-12-09,5,4651,佐藤大騎,41,大阪,52.0,B1,3.68,12.31,3.24,9.8,24,42.99,54,24.21,422 142,1,https://www1.mbrace.or.jp/od2/B/202610/b261005.lzh,2026-10-05T06:26:05.144849+09:00
20261005,12,住之江,9,20261005-12-09,6,4122,安東幸治,44,福岡,56.0,A2,5.58,37.17,5.65,41.18,64,49.54,33,39.22,423 2314,2,https://www1.mbrace.or.jp/od2/B/202610/b261005.lzh,2026-10-05T06:26:05.144849+09:00
20261005,12,住之江,10,20261005-12-10,1,4330,奈須啓太,43,福岡,53.0,A2,6.17,46.79,6.54,48.57,20,44.34,14,32.69,2 141215,4,https://www1.mbrace.or.jp/od2/B/202610/b261005.lzh,2026-10-05T06:26:05.144849+09:00
20261005,12,住之江,10,20261005-12-10,2,4086,寺本重宣,46,東京,50.0,A2,6.13,42.0,5.55,31.82,73,33.64,17,50.51,2 113 33,3,https://www1.mbrace.or.jp/od2/B/202610/b261005.lzh,2026-10-05T06:26:05.144849+09:00
20261005,12,住之江,10,20261005-12-10,3,4366,前沢丈史,40,東京,56.0,A1,6.09,37.08,6.62,44.83,12,27.68,81,40.21,1 332 13,5,https://www1.mbrace.or.jp/od2/B/202610/b261005.lzh,2026-10-05T06:26:05.144849+09:00
20261005,12,住之江,10,20261005-12-10,4,4351,里岡右貴,40,福岡,54.0,A1,7.07,54.64,0.0,0.0,70,40.37,19,23.58,1 342 23,3,https://www1.mbrace.or.jp/od2/B/202610/b261005.lzh,2026-10-05T06:26:05.144849+09:00
20261005,12,住之江,10,20261005-12-10,5,4136,江夏満,46,福岡,54.0,A1,6.3,41.27,6.22,51.85,80,46.36,38,28.04,331 4 41,4,https://www1.mbrace.or.jp/od2/B/202610/b261005.lzh,2026-10-05T06:26:05.144849+09:00
20261005,12,住之江,10,20261005-12-10,6,3904,森貴洋,49,大阪,56.0,B1,4.88,33.33,6.1,45.71,83,29.2,18,27.72,144 232,2,https://www1.mbrace.or.jp/od2/B/202610/b261005.lzh,2026-10-05T06:26:05.144849+09:00
20261005,12,住之江,11,20261005-12-11,1,4427,秦英悟,41,大阪,52.0,A1,7.11,57.01,6.33,43.09,62,29.09,34,30.39,31232 21,7,https://www1.mbrace.or.jp/od2/B/202610/b261005.lzh,2026-10-05T06:26:05.144849+09:00
20261005,12,住之江,11,20261005-12-11,2,4042,丸岡正典,47,大阪,53.0,A2,6.98,48.28,6.22,40.68,58,40.91,67,40.2,1 221422,6,https://www1.mbrace.or.jp/od2/B/202610/b261005.lzh,2026-10-05T06:26:05.144849+09:00
20261005,12,住之江,11,20261005-12-11,3,4357,田中和也,42,大阪,52.0,A1,6.74,54.7,6.42,55.0,19,32.74,86,30.61,152 1 24,6,https://www1.mbrace.or.jp/od2/B/202610/b261005.lzh,2026-10-05T06:26:05.144849+09:00
20261005,12,住之江,11,20261005-12-11,4,4395,下河雅史,40,福岡,55.0,B1,4.73,25.58,0.0,0.0,15,27.83,83,26.17,325 121,1,https://www1.mbrace.or.jp/od2/B/202610/b261005.lzh,2026-10-05T06:26:05.144849+09:00
20261005,12,住之江,11,20261005-12-11,5,4702,三浦敬太,39,東京,52.0,A1,5.92,42.35,6.18,50.0,81,31.13,39,26.26,143 315,7,https://www1.mbrace.or.jp/od2/B/202610/b261005.lzh,2026-10-05T06:26:05.144849+09:00
20261005,12,住之江,11,20261005-12-11,6,4411,沢田昭宏,40,大阪,54.0,A2,5.46,33.04,5.05,30.11,51,40.91,35,30.84,213 4 33,5,https://www1.mbrace.or.jp/od2/B/202610/b261005.lzh,2026-10-05T06:26:05.144849+09:00
20261005,12,住之江,12,20261005-12-12,1,3613,角谷健吾,53,東京,52.0,A2,5.96,42.34,5.32,36.36,16,36.04,74,24.75,3 35551,8,https://www1.mbrace.or.jp/od2/B/202610/b261005.lzh,2026-10-05T06:26:05.144849+09:00
20261005,12,住之江,12,20261005-12-12,2,3951,石川吉鎬,50,大阪,55.0,B1,4.77,25.3,5.4,35.0,28,29.36,69,36.63,541 3 46,4,https://www1.mbrace.or.jp/od2/B/202610/b261005.lzh,2026-10-05T06:26:05.144849+09:00
20261005,12,住之江,12,20261005-12-12,3,4560,庄司樹良,35,東京,55.0,A2,5.53,28.79,5.77,38.46,84,32.73,65,36.19,445 3 14,6,https://www1.mbrace.or.jp/od2/B/202610/b261005.lzh,2026-10-05T06:26:05.144849+09:00
20261005,12,住之江,12,20261005-12-12,4,4608,荒井翔伍,37,東京,55.0,A2,6.06,43.75,6.5,55.0,67,28.18,79,37.11,3 45555,7,https://www1.mbrace.or.jp/od2/B/202610/b261005.lzh,2026-10-05T06:26:05.144849+09:00
20261005,12,住之江,12,20261005-12-12,5,4211,村田敦,43,東京,59.0,B1,4.73,30.61,4.96,27.66,50,28.95,25,29.52,5 261 23,5,https://www1.mbrace.or.jp/od2/B/202610/b261005.lzh,2026-10-05T06:26:05.144849+09:00
20261005,12,住之江,12,20261005-12-12,6,4424,松尾昂明,41,福岡,50.0,A2,5.4,33.04,4.89,22.22,76,19.27,11,33.65,2 644 16,8,https://www1.mbrace.or.jp/od2/B/202610/b261005.lzh,2026-10-05T06:26:05.144849+09:00
20261005,11,びわこ,1,20261005-11-01,1,4649,和田操拓,42,滋賀,52.0,B1,5.85,40.35,5.57,36.08,20,36.75,40,28.3,233,9,https://www1.mbrace.or.jp/od2/B/202610/b261005.lzh,2026-10-05T06:26:05.144849+09:00
20261005,11,びわこ,1,20261005-11-01,2,4740,齋藤達希,34,静岡,53.0,B1,4.34,22.35,3.2,15.0,30,27.0,64,29.91,4 34,8,https://www1.mbrace.or.jp/od2/B/202610/b261005.lzh,2026-10-05T06:26:05.144849+09:00
20261005,11,びわこ,1,20261005-11-01,3,5242,高山弘斗,26,埼玉,52.0,B1,3.27,12.5,4.3,20.0,53,29.09,52,46.61,224,11,https://www1.mbrace.or.jp/od2/B/202610/b261005.lzh,2026-10-05T06:26:05.144849+09:00
20261005,11,びわこ,1,20261005-11-01,4,3805,高橋英之,52,東京,54.0,B1,5.33,31.52,5.07,29.63,14,36.52,13,22.68,2 54,7,https://www1.mbrace.or.jp/od2/B/202610/b261005.lzh,2026-10-05T06:26:05.144849+09:00
20261005,11,びわこ,1,20261005-11-01,5,3339,泉具巳,61,兵庫,55.0,B1,4.58,30.3,4.74,33.33,21,41.28,53,36.07,4 15,6,https://www1.mbrace.or.jp/od2/B/202610/b261005.lzh,2026-10-05T06:26:05.144849+09:00
20261005,11,びわこ,1,20261005-11-01,6,5463,出口飛龍,19,大阪,54.0,B2,1.28,0.0,0.0,0.0,16,28.7,61,37.29,656,5,https://www1.mbrace.or.jp/od2/B/202610/b261005.lzh,2026-10-05T06:26:05.144849+09:00
20261005,11,びわこ,2,20261005-11-02,1,4603,谷川将太,38,長崎,53.0,B1,6.2,47.73,3.87,13.33,60,13.46,28,11.46,233,7,https://www1.mbrace.or.jp/od2/B/202610/b261005.lzh,2026-10-05T06:26:05.144849+09:00
20261005,11,びわこ,2,20261005-11-02,2,5127,沼田大都,29,愛知,50.0,B1,4.35,16.84,4.67,30.0,33,40.18,62,38.02,4 12,12,https://www1.mbrace.or.jp/od2/B/202610/b261005.lzh,2026-10-05T06:26:05.144849+09:00
20261005,11,びわこ,2,20261005-11-02,3,3629,浅見昌克,56,埼玉,51.0,A2,5.5,33.33,6.1,42.86,71,31.9,14,9.9,4225,,https://www1.mbrace.or.jp/od2/B/202610/b261005.lzh,2026-10-05T06:26:05.144849+09:00
20261005,11,びわこ,2,20261005-11-02,4,5403,藤山湧太,22,徳島,52.0,B2,3.08,9.62,1.29,0.0,52,38.6,65,29.09,465,9,https://www1.mbrace.or.jp/od2/B/202610/b261005.lzh,2026-10-05T06:26:05.144849+09:00
20261005,11,びわこ,2,20261005-11-02,5,3922,菅沼佳昭,51,愛知,50.0,B1,3.77,16.67,3.33,9.52,43,28.04,29,35.65,354,,https://www1.mbrace.or.jp/od2/B/202610/b261005.lzh,2026-10-05T06:26:05.144849+09:00
20261005,11,びわこ,2,20261005-11-02,6,4189,川上剛,45,福岡,56.0,A1,5.5,31.73,6.03,48.39,44,29.06,11,37.07,551,8,https://www1.mbrace.or.jp/od2/B/202610/b261005.lzh,2026-10-05T06:26:05.144849+09:00
20261005,11,びわこ,3,20261005-11-03,1,3315,広瀬聖仁,61,愛知,52.0,B1,4.12,17.95,6.9,50.0,64,29.91,68,45.16,2 24,10,https://www1.mbrace.or.jp/od2/B/202610/b261005.lzh,2026-10-05T06:26:05.144849+09:00
20261005,11,びわこ,3,20261005-11-03,2,4146,柳橋宏紀,44,滋賀,53.0,A2,4.7,24.73,5.28,33.33,37,39.45,51,28.28,4 26,12,https://www1.mbrace.or.jp/od2/B/202610/b261005.lzh,2026-10-05T06:26:05.144849+09:00
20261005,11,びわこ,3,20261005-11-03,3,4055,吉田俊彦,48,兵庫,52.0,A2,6.77,55.56,5.45,36.36,28,22.55,59,33.91,6 65,8,https://www1.mbrace.or.jp/od2/B/202610/b261005.lzh,2026-10-05T06:26:05.144849+09:00
20261005,11,びわこ,3,20261005-11-03,4,4905,土井祥伍,31,大阪,54.0,B1,4.73,26.53,5.21,36.36,40,44.17,22,31.53,6 32,11,https://www1.mbrace.or.jp/od2/B/202610/b261005.lzh,2026-10-05T06:26:05.144849+09:00
20261005,11,びわこ,3,20261005-11-03,5,3233,小畑実成,59,岡山,54.0,B1,4.52,24.0,5.44,25.0,67,36.84,15,41.38,5 42,,https://www1.mbrace.or.jp/od2/B/202610/b261005.lzh,2026-10-05T06:26:05.144849+09:00
20261005,11,びわこ,3,20261005-11-03,6,4489,岩川仁士,40,大阪,55.0,B1,4.9,25.74,4.65,18.92,50,34.55,23,29.09,1 35,9,https://www1.mbrace.or.jp/od2/B/202610/b261005.lzh,2026-10-05T06:26:05.144849+09:00
20261005,11,びわこ,4,20261005-11-04,1,4340,土性雅也,42,三重,55.0,B2,3.6,16.67,3.81,18.75,38,28.57,41,43.33,5 46,,https://www1.mbrace.or.jp/od2/B/202610/b261005.lzh,2026-10-05T06:26:05.144849+09:00
20261005,11,びわこ,4,20261005-11-04,2,4033,伊藤将吉,48,静岡,53.0,A2,6.17,45.63,5.63,42.5,41,38.39,36,26.0,331,11,https://www1.mbrace.or.jp/od2/B/202610/b261005.lzh,2026-10-05T06:26:05.144849+09:00
20261005,11,びわこ,4,20261005-11-04,3,4382,高山智至,41,滋賀,54.0,B1,4.5,19.61,4.17,15.24,27,29.81,69,45.45,4 14,10,https://www1.mbrace.or.jp/od2/B/202610/b261005.lzh,2026-10-05T06:26:05.144849+09:00
20261005,11,びわこ,4,20261005-11-04,4,3300,川崎智幸,59,岡山,53.0,A2,5.89,43.43,6.56,22.22,17,25.23,30,31.03,3 13,12,https://www1.mbrace.or.jp/od2/B/202610/b261005.lzh,2026-10-05T06:26:05.144849+09:00
20261005,11,びわこ,4,20261005-11-04,5,4079,出畑孝典,47,福岡,52.0,A2,5.97,42.42,5.84,45.16,24,26.19,12,39.17,3611,,https://www1.mbrace.or.jp/od2/B/202610/b261005.lzh,2026-10-05T06:26:05.144849+09:00
20261005,11,びわこ,4,20261005-11-04,6,4090,中村尊,46,埼玉,55.0,B2,5.99,44.94,5.54,41.46,73,26.53,57,28.57,3 53,,https://www1.mbrace.or.jp/od2/B/202610/b261005.lzh,2026-10-05T06:26:05.144849+09:00
20261005,11,びわこ,5,20261005-11-05,1,4926,吉川貴仁,33,三重,52.0,A1,7.11,60.53,7.44,62.79,66,33.06,50,29.09,13S2,10,https://www1.mbrace.or.jp/od2/B/202610/b261005.lzh,2026-10-05T06:26:05.144849+09:00
20261005,11,びわこ,5,20261005-11-05,2,3850,小川知行,54,群馬,53.0,B1,4.46,23.16,5.1,30.0,48,31.3,71,31.86,162,12,https://www1.mbrace.or.jp/od2/B/202610/b261005.lzh,2026-10-05T06:26:05.144849+09:00
20261005,11,びわこ,5,20261005-11-05,3,4066,東本勝利,46,三重,53.0,A2,6.25,45.71,7.4,70.0,63,27.52,67,22.22,344,9,https://www1.mbrace.or.jp/od2/B/202610/b261005.lzh,2026-10-05T06:26:05.144849+09:00
20261005,11,びわこ,5,20261005-11-05,4,5382,山下心一,21,福岡,50.0,B1,2.02,1.14,0.0,0.0,65,31.9,70,36.28,5 35,,https://www1.mbrace.or.jp/od2/B/202610/b261005.lzh,2026-10-05T06:26:05.144849+09:00
20261005,11,びわこ,5,20261005-11-05,5,4588,田中京介,35,福岡,57.0,A2,5.45,38.14,5.86,42.86,12,45.9,48,28.28,1126,11,https://www1.mbrace.or.jp/od2/B/202610/b261005.lzh,2026-10-05T06:26:05.144849+09:00
20261005,11,びわこ,5,20261005-11-05,6,5463,出口飛龍,19,大阪,54.0,B2,1.28,0.0,0.0,0.0,16,28.7,61,37.29,656,1,https://www1.mbrace.or.jp/od2/B/202610/b261005.lzh,2026-10-05T06:26:05.144849+09:00
20261005,11,びわこ,6,20261005-11-06,1,3370,坪内実,59,大阪,53.0,B1,3.89,21.54,3.4,11.63,11,45.76,73,21.88,266,,https://www1.mbrace.or.jp/od2/B/202610/b261005.lzh,2026-10-05T06:26:05.144849+09:00
20261005,11,びわこ,6,20261005-11-06,2,3339,泉具巳,61,兵庫,55.0,B1,4.58,30.3,4.74,33.33,21,41.28,53,36.07,4 15,1,https://www1.mbrace.or.jp/od2/B/202610/b261005.lzh,2026-10-05T06:26:05.144849+09:00
20261005,11,びわこ,6,20261005-11-06,3,4437,中田元泰,40,香川,55.0,A2,6.16,44.83,7.33,61.9,35,25.89,58,36.0,416,10,https://www1.mbrace.or.jp/od2/B/202610/b261005.lzh,2026-10-05T06:26:05.144849+09:00
20261005,11,びわこ,6,20261005-11-06,4,3719,辻栄蔵,51,広島,52.0,A1,6.61,43.43,5.31,12.5,22,28.3,39,37.07,321,11,https://www1.mbrace.or.jp/od2/B/202610/b261005.lzh,2026-10-05T06:26:05.144849+09:00
20261005,11,びわこ,6,20261005-11-06,5,4241,大串重幸,41,長崎,53.0,A2,5.64,38.14,6.44,55.56,46,30.7,66,28.95,623,12,https://www1.mbrace.or.jp/od2/B/202610/b261005.lzh,2026-10-05T06:26:05.144849+09:00
20261005,11,びわこ,6,20261005-11-06,6,5430,鳥本智史,22,三重,51.0,B2,1.39,0.0,0.71,0.0,57,46.67,24,39.17,5 56,,https://www1.mbrace.or.jp/od2/B/202610/b261005.lzh,2026-10-05T06:26:05.144849+09:00
20261005,11,びわこ,7,20261005-11-07,1,3889,須藤隆雄,51,群馬,56.0,B1,3.63,17.14,3.28,16.67,31,36.36,49,40.17,3 65,,https://www1.mbrace.or.jp/od2/B/202610/b261005.lzh,2026-10-05T06:26:05.144849+09:00
20261005,11,びわこ,7,20261005-11-07,2,3805,高橋英之,52,東京,54.0,B1,5.33,31.52,5.07,29.63,14,36.52,13,22.68,2 54,1,https://www1.mbrace.or.jp/od2/B/202610/b261005.lzh,2026-10-05T06:26:05.144849+09:00
20261005,11,びわこ,7,20261005-11-07,3,3627,井上恵一,57,福岡,54.0,A2,4.13,25.3,5.71,44.74,49,36.84,16,21.43,1 42,11,https://www1.mbrace.or.jp/od2/B/202610/b261005.lzh,2026-10-05T06:26:05.144849+09:00
20261005,11,びわこ,7,20261005-11-07,4,4603,谷川将太,38,長崎,53.0,B1,6.2,47.73,3.87,13.33,60,13.46,28,11.46,233,2,https://www1.mbrace.or.jp/od2/B/202610/b261005.lzh,2026-10-05T06:26:05.144849+09:00
20261005,11,びわこ,7,20261005-11-07,5,4743,木村仁紀,34,滋賀,55.0,A1,6.39,41.8,6.55,46.74,61,43.36,60,34.43,1113,12,https://www1.mbrace.or.jp/od2/B/202610/b261005.lzh,2026-10-05T06:26:05.144849+09:00
20261005,11,びわこ,7,20261005-11-07,6,5147,田中勇輔,32,埼玉,51.0,B1,4.23,18.75,0.0,0.0,19,38.18,38,42.98,555,,https://www1.mbrace.or.jp/od2/B/202610/b261005.lzh,2026-10-05T06:26:05.144849+09:00
20261005,11,びわこ,8,20261005-11-08,1,4055,吉田俊彦,48,兵庫,52.0,A2,6.77,55.56,5.45,36.36,28,22.55,59,33.91,6 65,3,https://www1.mbrace.or.jp/od2/B/202610/b261005.lzh,2026-10-05T06:26:05.144849+09:00
20261005,11,びわこ,8,20261005-11-08,2,4564,山本景士,38,広島,53.0,B1,4.28,18.81,0.0,0.0,23,27.45,63,20.2,566,,https://www1.mbrace.or.jp/od2/B/202610/b261005.lzh,2026-10-05T06:26:05.144849+09:00
20261005,11,びわこ,8,20261005-11-08,3,4189,川上剛,45,福岡,56.0,A1,5.5,31.73,6.03,48.39,44,29.06,11,37.07,551,2,https://www1.mbrace.or.jp/od2/B/202610/b261005.lzh,2026-10-05T06:26:05.144849+09:00
20261005,11,びわこ,8,20261005-11-08,4,4740,齋藤達希,34,静岡,53.0,B1,4.34,22.35,3.2,15.0,30,27.0,64,29.91,4 34,1,https://www1.mbrace.or.jp/od2/B/202610/b261005.lzh,2026-10-05T06:26:05.144849+09:00
20261005,11,びわこ,8,20261005-11-08,5,4375,照屋厚仁,42,兵庫,53.0,A2,5.62,35.71,6.16,46.51,13,43.86,17,38.6,1226,,https://www1.mbrace.or.jp/od2/B/202610/b261005.lzh,2026-10-05T06:26:05.144849+09:00
20261005,11,びわこ,8,20261005-11-08,6,5400,高村諒,24,滋賀,52.0,B2,2.72,5.88,1.63,1.33,45,42.24,55,28.57,644,,https://www1.mbrace.or.jp/od2/B/202610/b261005.lzh,2026-10-05T06:26:05.144849+09:00
20261005,11,びわこ,9,20261005-11-09,1,4066,東本勝利,46,三重,53.0,A2,6.25,45.71,7.4,70.0,63,27.52,67,22.22,344,5,https://www1.mbrace.or.jp/od2/B/202610/b261005.lzh,2026-10-05T06:26:05.144849+09:00
20261005,11,びわこ,9,20261005-11-09,2,4489,岩川仁士,40,大阪,55.0,B1,4.9,25.74,4.65,18.92,50,34.55,23,29.09,1 35,3,https://www1.mbrace.or.jp/od2/B/202610/b261005.lzh,2026-10-05T06:26:05.144849+09:00
20261005,11,びわこ,9,20261005-11-09,3,4649,和田操拓,42,滋賀,52.0,B1,5.85,40.35,5.57,36.08,20,36.75,40,28.3,233,1,https://www1.mbrace.or.jp/od2/B/202610/b261005.lzh,2026-10-05T06:26:05.144849+09:00
20261005,11,びわこ,9,20261005-11-09,4,5126,山下大輝,30,兵庫,52.0,A1,6.83,54.17,6.26,50.0,39,37.29,26,31.3,1631,,https://www1.mbrace.or.jp/od2/B/202610/b261005.lzh,2026-10-05T06:26:05.144849+09:00
20261005,11,びわこ,9,20261005-11-09,5,5403,藤山湧太,22,徳島,52.0,B2,3.08,9.62,1.29,0.0,52,38.6,65,29.09,465,2,https://www1.mbrace.or.jp/od2/B/202610/b261005.lzh,2026-10-05T06:26:05.144849+09:00
20261005,11,びわこ,9,20261005-11-09,6,4305,金子拓矢,43,群馬,54.0,A1,7.01,54.44,7.31,55.56,70,31.9,21,30.36,1531,,https://www1.mbrace.or.jp/od2/B/202610/b261005.lzh,2026-10-05T06:26:05.144849+09:00
20261005,11,びわこ,10,20261005-11-10,1,4437,中田元泰,40,香川,55.0,A2,6.16,44.83,7.33,61.9,35,25.89,58,36.0,416,6,https://www1.mbrace.or.jp/od2/B/202610/b261005.lzh,2026-10-05T06:26:05.144849+09:00
20261005,11,びわこ,10,20261005-11-10,2,3966,作間章,47,東京,54.0,A1,6.42,46.61,5.73,32.43,15,27.1,34,41.03,2442,,https://www1.mbrace.or.jp/od2/B/202610/b261005.lzh,2026-10-05T06:26:05.144849+09:00
20261005,11,びわこ,10,20261005-11-10,3,3315,広瀬聖仁,61,愛知,52.0,B1,4.12,17.95,6.9,50.0,64,29.91,68,45.16,2 24,3,https://www1.mbrace.or.jp/od2/B/202610/b261005.lzh,2026-10-05T06:26:05.144849+09:00
20261005,11,びわこ,10,20261005-11-10,4,4926,吉川貴仁,33,三重,52.0,A1,7.11,60.53,7.44,62.79,66,33.06,50,29.09,13S2,5,https://www1.mbrace.or.jp/od2/B/202610/b261005.lzh,2026-10-05T06:26:05.144849+09:00
20261005,11,びわこ,10,20261005-11-10,5,4382,高山智至,41,滋賀,54.0,B1,4.5,19.61,4.17,15.24,27,29.81,69,45.45,4 14,4,https://www1.mbrace.or.jp/od2/B/202610/b261005.lzh,2026-10-05T06:26:05.144849+09:00
20261005,11,びわこ,10,20261005-11-10,6,4641,磯村匠,35,東京,50.0,B1,3.45,12.9,5.9,38.71,59,30.48,45,30.09,465,,https://www1.mbrace.or.jp/od2/B/202610/b261005.lzh,2026-10-05T06:26:05.144849+09:00
20261005,11,びわこ,11,20261005-11-11,1,3719,辻栄蔵,51,広島,52.0,A1,6.61,43.43,5.31,12.5,22,28.3,39,37.07,321,6,https://www1.mbrace.or.jp/od2/B/202610/b261005.lzh,2026-10-05T06:26:05.144849+09:00
20261005,11,びわこ,11,20261005-11-11,2,4905,土井祥伍,31,大阪,54.0,B1,4.73,26.53,5.21,36.36,40,44.17,22,31.53,6 32,3,https://www1.mbrace.or.jp/od2/B/202610/b261005.lzh,2026-10-05T06:26:05.144849+09:00
20261005,11,びわこ,11,20261005-11-11,3,4588,田中京介,35,福岡,57.0,A2,5.45,38.14,5.86,42.86,12,45.9,48,28.28,1126,5,https://www1.mbrace.or.jp/od2/B/202610/b261005.lzh,2026-10-05T06:26:05.144849+09:00
20261005,11,びわこ,11,20261005-11-11,4,4033,伊藤将吉,48,静岡,53.0,A2,6.17,45.63,5.63,42.5,41,38.39,36,26.0,331,4,https://www1.mbrace.or.jp/od2/B/202610/b261005.lzh,2026-10-05T06:26:05.144849+09:00
20261005,11,びわこ,11,20261005-11-11,5,5242,高山弘斗,26,埼玉,52.0,B1,3.27,12.5,4.3,20.0,53,29.09,52,46.61,224,1,https://www1.mbrace.or.jp/od2/B/202610/b261005.lzh,2026-10-05T06:26:05.144849+09:00
20261005,11,びわこ,11,20261005-11-11,6,3627,井上恵一,57,福岡,54.0,A2,4.13,25.3,5.71,44.74,49,36.84,16,21.43,1 42,7,https://www1.mbrace.or.jp/od2/B/202610/b261005.lzh,2026-10-05T06:26:05.144849+09:00
20261005,11,びわこ,12,20261005-11-12,1,4743,木村仁紀,34,滋賀,55.0,A1,6.39,41.8,6.55,46.74,61,43.36,60,34.43,1113,7,https://www1.mbrace.or.jp/od2/B/202610/b261005.lzh,2026-10-05T06:26:05.144849+09:00
20261005,11,びわこ,12,20261005-11-12,2,3300,川崎智幸,59,岡山,53.0,A2,5.89,43.43,6.56,22.22,17,25.23,30,31.03,3 13,4,https://www1.mbrace.or.jp/od2/B/202610/b261005.lzh,2026-10-05T06:26:05.144849+09:00
20261005,11,びわこ,12,20261005-11-12,3,4241,大串重幸,41,長崎,53.0,A2,5.64,38.14,6.44,55.56,46,30.7,66,28.95,623,6,https://www1.mbrace.or.jp/od2/B/202610/b261005.lzh,2026-10-05T06:26:05.144849+09:00
20261005,11,びわこ,12,20261005-11-12,4,3850,小川知行,54,群馬,53.0,B1,4.46,23.16,5.1,30.0,48,31.3,71,31.86,162,5,https://www1.mbrace.or.jp/od2/B/202610/b261005.lzh,2026-10-05T06:26:05.144849+09:00
20261005,11,びわこ,12,20261005-11-12,5,4146,柳橋宏紀,44,滋賀,53.0,A2,4.7,24.73,5.28,33.33,37,39.45,51,28.28,4 26,3,https://www1.mbrace.or.jp/od2/B/202610/b261005.lzh,2026-10-05T06:26:05.144849+09:00
20261005,11,びわこ,12,20261005-11-12,6,5127,沼田大都,29,愛知,50.0,B1,4.35,16.84,4.67,30.0,33,40.18,62,38.02,4 12,2,https://www1.mbrace.or.jp/od2/B/202610/b261005.lzh,2026-10-05T06:26:05.144849+09:00
20261005,10,三国,1,20261005-10-01,1,5084,末永和也,27,佐賀,52.0,A1,7.0,53.57,7.36,54.55,14,34.31,57,30.94,4,7,https://www1.mbrace.or.jp/od2/B/202610/b261005.lzh,2026-10-05T06:26:05.144849+09:00
20261005,10,三国,1,20261005-10-01,2,4391,松田祐季,40,福井,51.0,A1,7.05,54.62,7.07,54.32,30,43.97,69,28.77,2,,https://www1.mbrace.or.jp/od2/B/202610/b261005.lzh,2026-10-05T06:26:05.144849+09:00
20261005,10,三国,1,20261005-10-01,3,4504,前田将太,38,福岡,55.0,A1,6.98,52.68,7.24,47.06,34,37.58,47,32.09,4,,https://www1.mbrace.or.jp/od2/B/202610/b261005.lzh,2026-10-05T06:26:05.144849+09:00
20261005,10,三国,1,20261005-10-01,4,4604,岩瀬裕亮,38,愛知,53.0,A1,7.43,54.62,7.8,60.0,58,32.21,56,32.86,6,10,https://www1.mbrace.or.jp/od2/B/202610/b261005.lzh,2026-10-05T06:26:05.144849+09:00
20261005,10,三国,1,20261005-10-01,5,4524,深谷知博,38,静岡,52.0,A1,6.63,38.55,6.44,37.5,64,34.65,50,34.06,4,11,https://www1.mbrace.or.jp/od2/B/202610/b261005.lzh,2026-10-05T06:26:05.144849+09:00
20261005,10,三国,1,20261005-10-01,6,4856,豊田健士,30,三重,53.0,A1,7.49,62.88,7.31,56.25,29,29.85,46,35.97,3,6,https://www1.mbrace.or.jp/od2/B/202610/b261005.lzh,2026-10-05T06:26:05.144849+09:00
20261005,10,三国,2,20261005-10-02,1,4566,塩田北斗,38,福岡,54.0,A1,6.75,45.98,7.15,55.0,45,37.12,38,33.07,3,,https://www1.mbrace.or.jp/od2/B/202610/b261005.lzh,2026-10-05T06:26:05.144849+09:00
20261005,10,三国,2,20261005-10-02,2,4337,平本真之,42,愛知,56.0,A1,7.14,43.64,7.67,61.11,17,35.1,51,32.87,6,8,https://www1.mbrace.or.jp/od2/B/202610/b261005.lzh,2026-10-05T06:26:05.144849+09:00
20261005,10,三国,2,20261005-10-02,3,3737,上平真二,52,広島,52.0,A1,6.85,50.56,6.77,48.72,39,34.07,55,32.56,5,7,https://www1.mbrace.or.jp/od2/B/202610/b261005.lzh,2026-10-05T06:26:05.144849+09:00
20261005,10,三国,2,20261005-10-02,4,4857,加藤翔馬,29,兵庫,57.0,A1,7.13,53.91,7.9,60.0,13,39.26,16,37.9,4,9,https://www1.mbrace.or.jp/od2/B/202610/b261005.lzh,2026-10-05T06:26:05.144849+09:00
20261005,10,三国,2,20261005-10-02,5,4019,笠原亮,46,静岡,52.0,A1,7.31,59.81,6.5,56.25,46,36.62,53,31.76,2,6,https://www1.mbrace.or.jp/od2/B/202610/b261005.lzh,2026-10-05T06:26:05.144849+09:00
20261005,10,三国,2,20261005-10-02,6,3942,寺田祥,48,山口,55.0,A1,6.56,45.54,7.4,60.0,63,35.77,34,36.84,1,11,https://www1.mbrace.or.jp/od2/B/202610/b261005.lzh,2026-10-05T06:26:05.144849+09:00
20261005,10,三国,3,20261005-10-03,1,4547,中田竜太,38,埼玉,51.0,A1,7.05,49.5,7.29,50.0,55,34.07,20,31.62,2,7,https://www1.mbrace.or.jp/od2/B/202610/b261005.lzh,2026-10-05T06:26:05.144849+09:00
20261005,10,三国,3,20261005-10-03,2,4757,山田祐也,37,徳島,53.0,A1,6.67,48.67,4.6,20.0,69,31.78,42,31.62,63,,https://www1.mbrace.or.jp/od2/B/202610/b261005.lzh,2026-10-05T06:26:05.144849+09:00
20261005,10,三国,3,20261005-10-03,3,4030,森高一真,48,香川,49.0,A1,6.56,34.91,4.63,12.5,36,33.79,72,32.59,6,9,https://www1.mbrace.or.jp/od2/B/202610/b261005.lzh,2026-10-05T06:26:05.144849+09:00
20261005,10,三国,3,20261005-10-03,4,3590,濱野谷憲,52,東京,56.0,A1,7.18,50.89,5.43,28.57,44,36.43,30,36.43,3,11,https://www1.mbrace.or.jp/od2/B/202610/b261005.lzh,2026-10-05T06:26:05.144849+09:00
20261005,10,三国,3,20261005-10-03,5,4290,稲田浩二,41,兵庫,52.0,A1,6.94,49.09,7.04,52.83,43,42.22,19,36.88,2,8,https://www1.mbrace.or.jp/od2/B/202610/b261005.lzh,2026-10-05T06:26:05.144849+09:00
20261005,10,三国,3,20261005-10-03,6,5267,石本裕武,26,大阪,51.0,A1,6.43,49.47,6.32,49.06,21,33.33,44,39.5,5,10,https://www1.mbrace.or.jp/od2/B/202610/b261005.lzh,2026-10-05T06:26:05.144849+09:00
20261005,10,三国,4,20261005-10-04,1,4044,湯川浩司,47,大阪,53.0,A1,6.42,38.46,7.04,43.48,33,36.76,31,41.94,3,9,https://www1.mbrace.or.jp/od2/B/202610/b261005.lzh,2026-10-05T06:26:05.144849+09:00
20261005,10,三国,4,20261005-10-04,2,4237,大峯豊,42,山口,52.0,A1,7.57,55.75,6.88,52.0,70,37.5,58,41.38,36,,https://www1.mbrace.or.jp/od2/B/202610/b261005.lzh,2026-10-05T06:26:05.144849+09:00
20261005,10,三国,4,20261005-10-04,3,4682,大上卓人,36,広島,53.0,A1,7.17,49.11,7.54,53.85,28,31.33,61,38.93,63,,https://www1.mbrace.or.jp/od2/B/202610/b261005.lzh,2026-10-05T06:26:05.144849+09:00
20261005,10,三国,4,20261005-10-04,4,4532,秋元哲,37,埼玉,50.0,A1,6.89,58.02,7.45,61.9,31,35.66,15,38.41,63,,https://www1.mbrace.or.jp/od2/B/202610/b261005.lzh,2026-10-05T06:26:05.144849+09:00
20261005,10,三国,4,20261005-10-04,5,4262,馬場貴也,42,滋賀,55.0,A1,7.81,56.45,7.14,51.35,18,32.09,28,41.35,5,10,https://www1.mbrace.or.jp/od2/B/202610/b261005.lzh,2026-10-05T06:26:05.144849+09:00
20261005,10,三国,4,20261005-10-04,6,4688,永井彪也,33,東京,52.0,A1,6.92,51.67,6.79,48.84,19,33.81,33,34.81,1,,https://www1.mbrace.or.jp/od2/B/202610/b261005.lzh,2026-10-05T06:26:05.144849+09:00
20261005,10,三国,5,20261005-10-05,1,5142,常住蓮,25,佐賀,51.0,A1,7.15,51.75,6.3,44.44,20,36.73,48,37.16,34,,https://www1.mbrace.or.jp/od2/B/202610/b261005.lzh,2026-10-05T06:26:05.144849+09:00
20261005,10,三国,5,20261005-10-05,2,3897,白井英治,49,山口,54.0,A1,7.67,48.42,7.13,41.67,16,25.78,40,36.64,2,9,https://www1.mbrace.or.jp/od2/B/202610/b261005.lzh,2026-10-05T06:26:05.144849+09:00
20261005,10,三国,5,20261005-10-05,3,4448,青木玄太,39,滋賀,52.0,A1,6.82,50.43,7.55,61.29,37,33.09,71,40.32,1,11,https://www1.mbrace.or.jp/od2/B/202610/b261005.lzh,2026-10-05T06:26:05.144849+09:00
20261005,10,三国,5,20261005-10-05,4,4061,萩原秀人,47,福井,55.0,A1,7.64,62.62,7.46,57.39,24,37.12,14,35.25,2,10,https://www1.mbrace.or.jp/od2/B/202610/b261005.lzh,2026-10-05T06:26:05.144849+09:00
20261005,10,三国,5,20261005-10-05,5,5043,中村日向,27,香川,53.0,A1,7.24,61.61,6.65,58.82,27,38.64,23,32.86,6,,https://www1.mbrace.or.jp/od2/B/202610/b261005.lzh,2026-10-05T06:26:05.144849+09:00
20261005,10,三国,5,20261005-10-05,6,4028,田村隆信,48,徳島,58.0,A1,5.44,34.04,0.0,0.0,15,30.14,62,33.33,6,,https://www1.mbrace.or.jp/od2/B/202610/b261005.lzh,2026-10-05T06:26:05.144849+09:00
20261005,10,三国,6,20261005-10-06,1,4847,佐藤隆太,32,東京,53.0,A1,7.03,48.11,7.93,66.67,60,31.13,12,41.8,4,,https://www1.mbrace.or.jp/od2/B/202610/b261005.lzh,2026-10-05T06:26:05.144849+09:00
20261005,10,三国,6,20261005-10-06,2,4446,和田兼輔,39,兵庫,52.0,A1,6.69,45.92,6.71,42.86,23,41.01,11,33.59,56,,https://www1.mbrace.or.jp/od2/B/202610/b261005.lzh,2026-10-05T06:26:05.144849+09:00
20261005,10,三国,6,20261005-10-06,3,4019,笠原亮,46,静岡,52.0,A1,7.31,59.81,6.5,56.25,46,36.62,53,31.76,2,2,https://www1.mbrace.or.jp/od2/B/202610/b261005.lzh,2026-10-05T06:26:05.144849+09:00
20261005,10,三国,6,20261005-10-06,4,4856,豊田健士,30,三重,53.0,A1,7.49,62.88,7.31,56.25,29,29.85,46,35.97,3,1,https://www1.mbrace.or.jp/od2/B/202610/b261005.lzh,2026-10-05T06:26:05.144849+09:00
20261005,10,三国,6,20261005-10-06,5,4734,安河内将,36,佐賀,51.0,A1,6.89,50.0,6.0,41.67,65,34.78,67,32.84,25,,https://www1.mbrace.or.jp/od2/B/202610/b261005.lzh,2026-10-05T06:26:05.144849+09:00
20261005,10,三国,6,20261005-10-06,6,4013,中島孝平,46,福井,51.0,A1,7.32,50.98,7.52,60.98,38,28.78,60,33.33,1,11,https://www1.mbrace.or.jp/od2/B/202610/b261005.lzh,2026-10-05T06:26:05.144849+09:00
20261005,10,三国,7,20261005-10-07,1,3737,上平真二,52,広島,52.0,A1,6.85,50.56,6.77,48.72,39,34.07,55,32.56,5,2,https://www1.mbrace.or.jp/od2/B/202610/b261005.lzh,2026-10-05T06:26:05.144849+09:00
20261005,10,三国,7,20261005-10-07,2,4826,井上一輝,32,大阪,52.0,A1,6.77,50.0,7.05,54.05,61,33.56,65,28.37,44,,https://www1.mbrace.or.jp/od2/B/202610/b261005.lzh,2026-10-05T06:26:05.144849+09:00
20261005,10,三国,7,20261005-10-07,3,3716,石渡鉄兵,51,東京,54.0,A1,6.74,41.49,6.89,55.56,53,32.43,21,40.16,1,,https://www1.mbrace.or.jp/od2/B/202610/b261005.lzh,2026-10-05T06:26:05.144849+09:00
20261005,10,三国,7,20261005-10-07,4,4547,中田竜太,38,埼玉,51.0,A1,7.05,49.5,7.29,50.0,55,34.07,20,31.62,2,3,https://www1.mbrace.or.jp/od2/B/202610/b261005.lzh,2026-10-05T06:26:05.144849+09:00
20261005,10,三国,7,20261005-10-07,5,5084,末永和也,27,佐賀,52.0,A1,7.0,53.57,7.36,54.55,14,34.31,57,30.94,4,1,https://www1.mbrace.or.jp/od2/B/202610/b261005.lzh,2026-10-05T06:26:05.144849+09:00
20261005,10,三国,7,20261005-10-07,6,4910,中村泰平,30,愛知,51.0,A1,6.92,55.56,7.17,54.29,41,26.62,37,35.38,1,,https://www1.mbrace.or.jp/od2/B/202610/b261005.lzh,2026-10-05T06:26:05.144849+09:00
20261005,10,三国,8,20261005-10-08,1,4290,稲田浩二,41,兵庫,52.0,A1,6.94,49.09,7.04,52.83,43,42.22,19,36.88,2,3,https://www1.mbrace.or.jp/od2/B/202610/b261005.lzh,2026-10-05T06:26:05.144849+09:00
20261005,10,三国,8,20261005-10-08,2,4832,権藤俊光,39,大阪,51.0,A1,6.81,50.0,8.03,62.5,42,40.77,66,36.23,42,,https://www1.mbrace.or.jp/od2/B/202610/b261005.lzh,2026-10-05T06:26:05.144849+09:00
20261005,10,三国,8,20261005-10-08,3,4075,中野次郎,45,東京,55.0,A1,6.35,37.37,7.12,56.0,40,39.39,39,28.87,5,,https://www1.mbrace.or.jp/od2/B/202610/b261005.lzh,2026-10-05T06:26:05.144849+09:00
20261005,10,三国,8,20261005-10-08,4,4337,平本真之,42,愛知,56.0,A1,7.14,43.64,7.67,61.11,17,35.1,51,32.87,6,2,https://www1.mbrace.or.jp/od2/B/202610/b261005.lzh,2026-10-05T06:26:05.144849+09:00
20261005,10,三国,8,20261005-10-08,5,4587,木田峰由,35,福井,53.0,A1,5.82,44.44,6.0,45.45,52,38.41,17,24.22,2,,https://www1.mbrace.or.jp/od2/B/202610/b261005.lzh,2026-10-05T06:26:05.144849+09:00
20261005,10,三国,8,20261005-10-08,6,4544,松田大志,38,福岡,52.0,A1,7.42,58.7,8.04,71.43,51,37.5,26,34.81,55,,https://www1.mbrace.or.jp/od2/B/202610/b261005.lzh,2026-10-05T06:26:05.144849+09:00
20261005,10,三国,9,20261005-10-09,1,4030,森高一真,48,香川,49.0,A1,6.56,34.91,4.63,12.5,36,33.79,72,32.59,6,3,https://www1.mbrace.or.jp/od2/B/202610/b261005.lzh,2026-10-05T06:26:05.144849+09:00
20261005,10,三国,9,20261005-10-09,2,4932,新開航,30,福岡,52.0,A1,7.68,56.6,7.73,81.82,50,31.21,24,38.57,15,,https://www1.mbrace.or.jp/od2/B/202610/b261005.lzh,2026-10-05T06:26:05.144849+09:00
20261005,10,三国,9,20261005-10-09,3,4857,加藤翔馬,29,兵庫,57.0,A1,7.13,53.91,7.9,60.0,13,39.26,16,37.9,4,2,https://www1.mbrace.or.jp/od2/B/202610/b261005.lzh,2026-10-05T06:26:05.144849+09:00
20261005,10,三国,9,20261005-10-09,4,4044,湯川浩司,47,大阪,53.0,A1,6.42,38.46,7.04,43.48,33,36.76,31,41.94,3,4,https://www1.mbrace.or.jp/od2/B/202610/b261005.lzh,2026-10-05T06:26:05.144849+09:00
20261005,10,三国,9,20261005-10-09,5,4415,下出卓矢,39,福井,55.0,A1,5.61,38.71,6.6,52.07,49,37.68,25,36.36,5,,https://www1.mbrace.or.jp/od2/B/202610/b261005.lzh,2026-10-05T06:26:05.144849+09:00
20261005,10,三国,9,20261005-10-09,6,3897,白井英治,49,山口,54.0,A1,7.67,48.42,7.13,41.67,16,25.78,40,36.64,2,5,https://www1.mbrace.or.jp/od2/B/202610/b261005.lzh,2026-10-05T06:26:05.144849+09:00
20261005,10,三国,10,20261005-10-10,1,4604,岩瀬裕亮,38,愛知,53.0,A1,7.43,54.62,7.8,60.0,58,32.21,56,32.86,6,1,https://www1.mbrace.or.jp/od2/B/202610/b261005.lzh,2026-10-05T06:26:05.144849+09:00
20261005,10,三国,10,20261005-10-10,2,4188,久田敏之,45,群馬,52.0,A1,7.96,63.39,7.88,68.42,35,47.2,52,34.65,34,,https://www1.mbrace.or.jp/od2/B/202610/b261005.lzh,2026-10-05T06:26:05.144849+09:00
20261005,10,三国,10,20261005-10-10,3,4262,馬場貴也,42,滋賀,55.0,A1,7.81,56.45,7.14,51.35,18,32.09,28,41.35,5,4,https://www1.mbrace.or.jp/od2/B/202610/b261005.lzh,2026-10-05T06:26:05.144849+09:00
20261005,10,三国,10,20261005-10-10,4,5267,石本裕武,26,大阪,51.0,A1,6.43,49.47,6.32,49.06,21,33.33,44,39.5,5,3,https://www1.mbrace.or.jp/od2/B/202610/b261005.lzh,2026-10-05T06:26:05.144849+09:00
20261005,10,三国,10,20261005-10-10,5,4500,山田康二,38,佐賀,54.0,A1,8.02,61.0,7.44,22.22,48,31.47,27,30.08,11,,https://www1.mbrace.or.jp/od2/B/202610/b261005.lzh,2026-10-05T06:26:05.144849+09:00
20261005,10,三国,10,20261005-10-10,6,4061,萩原秀人,47,福井,55.0,A1,7.64,62.62,7.46,57.39,24,37.12,14,35.25,2,5,https://www1.mbrace.or.jp/od2/B/202610/b261005.lzh,2026-10-05T06:26:05.144849+09:00
20261005,10,三国,11,20261005-10-11,1,3590,濱野谷憲,52,東京,56.0,A1,7.18,50.89,5.43,28.57,44,36.43,30,36.43,3,3,https://www1.mbrace.or.jp/od2/B/202610/b261005.lzh,2026-10-05T06:26:05.144849+09:00
20261005,10,三国,11,20261005-10-11,2,4524,深谷知博,38,静岡,52.0,A1,6.63,38.55,6.44,37.5,64,34.65,50,34.06,4,1,https://www1.mbrace.or.jp/od2/B/202610/b261005.lzh,2026-10-05T06:26:05.144849+09:00
20261005,10,三国,11,20261005-10-11,3,3942,寺田祥,48,山口,55.0,A1,6.56,45.54,7.4,60.0,63,35.77,34,36.84,1,2,https://www1.mbrace.or.jp/od2/B/202610/b261005.lzh,2026-10-05T06:26:05.144849+09:00
20261005,10,三国,11,20261005-10-11,4,4013,中島孝平,46,福井,51.0,A1,7.32,50.98,7.52,60.98,38,28.78,60,33.33,1,6,https://www1.mbrace.or.jp/od2/B/202610/b261005.lzh,2026-10-05T06:26:05.144849+09:00
20261005,10,三国,11,20261005-10-11,5,4848,仲谷颯仁,32,福岡,53.0,A1,7.71,56.25,6.56,44.12,57,42.75,45,26.96,51,,https://www1.mbrace.or.jp/od2/B/202610/b261005.lzh,2026-10-05T06:26:05.144849+09:00
20261005,10,三国,11,20261005-10-11,6,4448,青木玄太,39,滋賀,52.0,A1,6.82,50.43,7.55,61.29,37,33.09,71,40.32,1,5,https://www1.mbrace.or.jp/od2/B/202610/b261005.lzh,2026-10-05T06:26:05.144849+09:00
20261005,10,三国,12,20261005-10-12,1,4238,毒島誠,42,群馬,53.0,A1,7.84,60.23,7.5,53.85,32,26.87,36,34.03,22,,https://www1.mbrace.or.jp/od2/B/202610/b261005.lzh,2026-10-05T06:26:05.144849+09:00
20261005,10,三国,12,20261005-10-12,2,3388,今垣光太,57,福井,52.0,A1,6.39,41.33,7.5,61.11,12,38.17,22,32.17,54,,https://www1.mbrace.or.jp/od2/B/202610/b261005.lzh,2026-10-05T06:26:05.144849+09:00
20261005,10,三国,12,20261005-10-12,3,4024,井口佳典,49,三重,52.0,A1,7.01,45.79,6.87,54.35,66,32.61,35,31.72,36,,https://www1.mbrace.or.jp/od2/B/202610/b261005.lzh,2026-10-05T06:26:05.144849+09:00
20261005,10,三国,12,20261005-10-12,4,4477,篠崎仁志,38,福岡,56.0,A1,7.03,41.49,5.19,37.5,62,32.12,13,32.62,31,,https://www1.mbrace.or.jp/od2/B/202610/b261005.lzh,2026-10-05T06:26:05.144849+09:00
20261005,10,三国,12,20261005-10-12,5,4719,上條暢嵩,32,大阪,51.0,A1,7.38,45.0,7.74,60.0,25,33.33,32,32.58,24,,https://www1.mbrace.or.jp/od2/B/202610/b261005.lzh,2026-10-05T06:26:05.144849+09:00
20261005,10,三国,12,20261005-10-12,6,4573,佐藤翼,38,埼玉,54.0,A1,6.83,43.21,6.35,29.41,54,42.74,63,33.33,16,,https://www1.mbrace.or.jp/od2/B/202610/b261005.lzh,2026-10-05T06:26:05.144849+09:00
20261005,09,津,1,20261005-09-01,1,4903,吉田凌太,33,愛知,51.0,A1,6.35,46.96,6.37,48.15,17,24.68,49,40.24,555 15231,10,https://www1.mbrace.or.jp/od2/B/202610/b261005.lzh,2026-10-05T06:26:05.144849+09:00
20261005,09,津,1,20261005-09-01,2,3712,淺香文武,52,三重,56.0,B1,4.76,33.68,5.13,34.07,14,28.14,24,32.31,146 2 2634,10,https://www1.mbrace.or.jp/od2/B/202610/b261005.lzh,2026-10-05T06:26:05.144849+09:00
20261005,09,津,1,20261005-09-01,3,5315,浅井翼,26,埼玉,51.0,B2,2.73,11.39,1.14,0.0,21,37.8,33,45.9,6 665 456,,https://www1.mbrace.or.jp/od2/B/202610/b261005.lzh,2026-10-05T06:26:05.144849+09:00
20261005,09,津,1,20261005-09-01,4,5266,石田勇斗,26,愛知,53.0,B1,4.31,21.98,3.35,18.6,18,35.25,65,32.2,5 343 244,6,https://www1.mbrace.or.jp/od2/B/202610/b261005.lzh,2026-10-05T06:26:05.144849+09:00
20261005,09,津,1,20261005-09-01,5,4336,松田竜馬,42,福岡,56.0,B1,5.16,31.63,5.71,38.1,69,22.56,68,24.81,532 353 4,9,https://www1.mbrace.or.jp/od2/B/202610/b261005.lzh,2026-10-05T06:26:05.144849+09:00
20261005,09,津,1,20261005-09-01,6,4022,待鳥雄紀,46,福岡,58.0,B1,4.8,27.0,3.71,0.0,61,31.06,21,31.15,446 565 4,5,https://www1.mbrace.or.jp/od2/B/202610/b261005.lzh,2026-10-05T06:26:05.144849+09:00
20261005,09,津,2,20261005-09-02,1,3605,中村守成,54,三重,53.0,B1,4.02,12.9,4.81,28.81,25,40.94,54,21.48,5 246 265,7,https://www1.mbrace.or.jp/od2/B/202610/b261005.lzh,2026-10-05T06:26:05.144849+09:00
20261005,09,津,2,20261005-09-02,2,5208,屋良龍紀,29,長崎,52.0,B1,4.0,20.69,0.0,0.0,29,30.34,76,40.49,1 356 364,6,https://www1.mbrace.or.jp/od2/B/202610/b261005.lzh,2026-10-05T06:26:05.144849+09:00
20261005,09,津,2,20261005-09-02,3,4457,神田達也,40,愛知,53.0,B1,4.44,25.33,3.22,11.11,41,42.29,60,31.41,3 564 436,8,https://www1.mbrace.or.jp/od2/B/202610/b261005.lzh,2026-10-05T06:26:05.144849+09:00
20261005,09,津,2,20261005-09-02,4,3647,伊藤雄二,53,埼玉,50.0,B1,3.64,14.16,4.08,20.83,12,29.33,57,35.9,441 526 5,9,https://www1.mbrace.or.jp/od2/B/202610/b261005.lzh,2026-10-05T06:26:05.144849+09:00
20261005,09,津,2,20261005-09-02,5,4380,鈴木峻佑,42,静岡,53.0,B1,4.88,29.31,3.93,21.43,39,40.46,11,33.33,3 13356 34,,https://www1.mbrace.or.jp/od2/B/202610/b261005.lzh,2026-10-05T06:26:05.144849+09:00
20261005,09,津,2,20261005-09-02,6,4054,福嶋智之,48,岡山,53.0,B1,4.63,25.77,3.92,23.08,31,42.77,41,18.94,635 456 2,7,https://www1.mbrace.or.jp/od2/B/202610/b261005.lzh,2026-10-05T06:26:05.144849+09:00
20261005,09,津,3,20261005-09-03,1,4094,中島真二,45,福岡,53.0,B1,4.59,26.88,5.74,36.84,52,30.77,52,33.13,5 241 4432,11,https://www1.mbrace.or.jp/od2/B/202610/b261005.lzh,2026-10-05T06:26:05.144849+09:00
20261005,09,津,3,20261005-09-03,2,3891,谷口健一,50,福井,54.0,B1,3.42,14.53,4.11,22.22,57,22.81,27,28.57,6 555 1 65,,https://www1.mbrace.or.jp/od2/B/202610/b261005.lzh,2026-10-05T06:26:05.144849+09:00
20261005,09,津,3,20261005-09-03,3,3811,石田章央,50,静岡,54.0,A1,6.06,45.99,5.7,39.39,35,38.24,40,29.87,6 43662 4,8,https://www1.mbrace.or.jp/od2/B/202610/b261005.lzh,2026-10-05T06:26:05.144849+09:00
20261005,09,津,3,20261005-09-03,4,4176,樋口喜彦,43,兵庫,54.0,B2,3.29,13.85,2.75,12.5,27,34.32,74,38.37,6 465 546,7,https://www1.mbrace.or.jp/od2/B/202610/b261005.lzh,2026-10-05T06:26:05.144849+09:00
20261005,09,津,3,20261005-09-03,5,4360,庄司孝輔,41,静岡,53.0,A2,5.45,32.2,5.33,29.63,13,37.11,66,30.94,3 556 141,9,https://www1.mbrace.or.jp/od2/B/202610/b261005.lzh,2026-10-05T06:26:05.144849+09:00
20261005,09,津,3,20261005-09-03,6,4808,松尾拓,38,三重,50.0,A2,6.34,46.15,6.63,48.26,67,39.46,14,32.79,121 31422F,,https://www1.mbrace.or.jp/od2/B/202610/b261005.lzh,2026-10-05T06:26:05.144849+09:00
20261005,09,津,4,20261005-09-04,1,5011,高木圭大,29,長崎,53.0,B1,3.85,18.81,2.67,11.11,32,36.91,53,23.62,2 312 4646,10,https://www1.mbrace.or.jp/od2/B/202610/b261005.lzh,2026-10-05T06:26:05.144849+09:00
20261005,09,津,4,20261005-09-04,2,5103,芝田京介,28,埼玉,54.0,B2,3.96,24.56,3.33,0.0,44,45.22,26,37.2,442 456 6,8,https://www1.mbrace.or.jp/od2/B/202610/b261005.lzh,2026-10-05T06:26:05.144849+09:00
20261005,09,津,4,20261005-09-04,3,4509,平見真彦,37,愛知,54.0,A2,6.24,44.44,5.78,38.89,51,46.15,45,37.11,363 435 3,9,https://www1.mbrace.or.jp/od2/B/202610/b261005.lzh,2026-10-05T06:26:05.144849+09:00
20261005,09,津,4,20261005-09-04,4,4040,廣瀬将亨,47,兵庫,58.0,A2,5.93,39.53,6.0,47.06,49,36.71,61,26.45,551 143 13,11,https://www1.mbrace.or.jp/od2/B/202610/b261005.lzh,2026-10-05T06:26:05.144849+09:00
20261005,09,津,4,20261005-09-04,5,4861,田中宏樹,38,福岡,52.0,A2,5.17,29.46,3.6,16.0,50,33.15,56,36.16,245 421 5S,,https://www1.mbrace.or.jp/od2/B/202610/b261005.lzh,2026-10-05T06:26:05.144849+09:00
20261005,09,津,4,20261005-09-04,6,5456,今村天次,20,兵庫,52.0,B2,2.07,2.99,0.0,0.0,62,29.61,51,26.67,6 4 65356,8,https://www1.mbrace.or.jp/od2/B/202610/b261005.lzh,2026-10-05T06:26:05.144849+09:00
20261005,09,津,5,20261005-09-05,1,4049,荒川健太,46,三重,56.0,A2,5.95,38.28,6.58,48.55,36,38.55,31,39.02,136 143 15,10,https://www1.mbrace.or.jp/od2/B/202610/b261005.lzh,2026-10-05T06:26:05.144849+09:00
20261005,09,津,5,20261005-09-05,2,3454,井川大作,55,岡山,57.0,B1,5.28,35.42,4.41,14.81,72,32.16,38,29.12,661 422 65,11,https://www1.mbrace.or.jp/od2/B/202610/b261005.lzh,2026-10-05T06:26:05.144849+09:00
20261005,09,津,5,20261005-09-05,3,4022,待鳥雄紀,46,福岡,58.0,B1,4.8,27.0,3.71,0.0,61,31.06,21,31.15,446 565 4,1,https://www1.mbrace.or.jp/od2/B/202610/b261005.lzh,2026-10-05T06:26:05.144849+09:00
20261005,09,津,5,20261005-09-05,4,4625,渡邊裕貴,40,静岡,52.0,B1,5.16,30.77,4.52,30.77,43,27.61,69,35.36,152 245 23,10,https://www1.mbrace.or.jp/od2/B/202610/b261005.lzh,2026-10-05T06:26:05.144849+09:00
20261005,09,津,5,20261005-09-05,5,5441,鈴木雄登,20,愛知,49.0,B1,3.3,9.09,3.57,14.29,63,30.16,48,30.07,3 624 624,9,https://www1.mbrace.or.jp/od2/B/202610/b261005.lzh,2026-10-05T06:26:05.144849+09:00
20261005,09,津,5,20261005-09-05,6,4358,松本庸平,42,三重,51.0,B1,4.43,27.36,4.65,30.23,55,27.1,63,32.74,646 114 15,,https://www1.mbrace.or.jp/od2/B/202610/b261005.lzh,2026-10-05T06:26:05.144849+09:00
20261005,09,津,6,20261005-09-06,1,4394,永嶋裕一,40,福岡,53.0,A2,6.03,38.46,6.0,42.86,34,24.03,39,33.6,2 425 3522,,https://www1.mbrace.or.jp/od2/B/202610/b261005.lzh,2026-10-05T06:26:05.144849+09:00
20261005,09,津,6,20261005-09-06,2,5266,石田勇斗,26,愛知,53.0,B1,4.31,21.98,3.35,18.6,18,35.25,65,32.2,5 343 244,1,https://www1.mbrace.or.jp/od2/B/202610/b261005.lzh,2026-10-05T06:26:05.144849+09:00
20261005,09,津,6,20261005-09-06,3,3445,加藤高史,56,埼玉,53.0,B1,5.04,31.52,5.94,39.39,30,31.07,17,31.33,3 342 5333,10,https://www1.mbrace.or.jp/od2/B/202610/b261005.lzh,2026-10-05T06:26:05.144849+09:00
20261005,09,津,6,20261005-09-06,4,4073,大橋純一,45,静岡,52.0,A1,6.65,54.03,6.21,42.42,20,29.11,67,35.0,24126 2214,11,https://www1.mbrace.or.jp/od2/B/202610/b261005.lzh,2026-10-05T06:26:05.144849+09:00
20261005,09,津,6,20261005-09-06,5,5208,屋良龍紀,29,長崎,52.0,B1,4.0,20.69,0.0,0.0,29,30.34,76,40.49,1 356 364,2,https://www1.mbrace.or.jp/od2/B/202610/b261005.lzh,2026-10-05T06:26:05.144849+09:00
20261005,09,津,6,20261005-09-06,6,4319,三宅潤,41,大阪,54.0,A2,5.41,30.77,4.97,36.11,70,36.02,12,28.24,5 141 F55,,https://www1.mbrace.or.jp/od2/B/202610/b261005.lzh,2026-10-05T06:26:05.144849+09:00
20261005,09,津,7,20261005-09-07,1,3550,都築正治,55,愛知,54.0,B1,5.3,37.1,5.77,40.91,68,37.57,50,34.78,225 333 24,11,https://www1.mbrace.or.jp/od2/B/202610/b261005.lzh,2026-10-05T06:26:05.144849+09:00
20261005,09,津,7,20261005-09-07,2,4402,乙藤智史,41,福岡,55.0,A2,6.0,43.97,4.83,25.0,26,31.82,18,39.6,3 314 5411,11,https://www1.mbrace.or.jp/od2/B/202610/b261005.lzh,2026-10-05T06:26:05.144849+09:00
20261005,09,津,7,20261005-09-07,3,4054,福嶋智之,48,岡山,53.0,B1,4.63,25.77,3.92,23.08,31,42.77,41,18.94,635 456 2,2,https://www1.mbrace.or.jp/od2/B/202610/b261005.lzh,2026-10-05T06:26:05.144849+09:00
20261005,09,津,7,20261005-09-07,4,3605,中村守成,54,三重,53.0,B1,4.02,12.9,4.81,28.81,25,40.94,54,21.48,5 246 265,2,https://www1.mbrace.or.jp/od2/B/202610/b261005.lzh,2026-10-05T06:26:05.144849+09:00
20261005,09,津,7,20261005-09-07,5,4176,樋口喜彦,43,兵庫,54.0,B2,3.29,13.85,2.75,12.5,27,34.32,74,38.37,6 465 546,3,https://www1.mbrace.or.jp/od2/B/202610/b261005.lzh,2026-10-05T06:26:05.144849+09:00
20261005,09,津,7,20261005-09-07,6,4215,吉島祥之,42,愛知,56.0,A2,5.51,37.1,5.04,34.69,22,40.45,73,32.96,223 3F163,,https://www1.mbrace.or.jp/od2/B/202610/b261005.lzh,2026-10-05T06:26:05.144849+09:00
20261005,09,津,8,20261005-09-08,1,4711,前出達吉,36,福井,53.0,A2,6.05,43.75,4.56,22.22,71,30.39,30,35.91,354 332 43,,https://www1.mbrace.or.jp/od2/B/202610/b261005.lzh,2026-10-05T06:26:05.144849+09:00
20261005,09,津,8,20261005-09-08,2,3811,石田章央,50,静岡,54.0,A1,6.06,45.99,5.7,39.39,35,38.24,40,29.87,6 43662 4,3,https://www1.mbrace.or.jp/od2/B/202610/b261005.lzh,2026-10-05T06:26:05.144849+09:00
20261005,09,津,8,20261005-09-08,3,5103,芝田京介,28,埼玉,54.0,B2,3.96,24.56,3.33,0.0,44,45.22,26,37.2,442 456 6,4,https://www1.mbrace.or.jp/od2/B/202610/b261005.lzh,2026-10-05T06:26:05.144849+09:00
20261005,09,津,8,20261005-09-08,4,4457,神田達也,40,愛知,53.0,B1,4.44,25.33,3.22,11.11,41,42.29,60,31.41,3 564 436,2,https://www1.mbrace.or.jp/od2/B/202610/b261005.lzh,2026-10-05T06:26:05.144849+09:00
20261005,09,津,8,20261005-09-08,5,5456,今村天次,20,兵庫,52.0,B2,2.07,2.99,0.0,0.0,62,29.61,51,26.67,6 4 65356,4,https://www1.mbrace.or.jp/od2/B/202610/b261005.lzh,2026-10-05T06:26:05.144849+09:00
20261005,09,津,8,20261005-09-08,6,3743,林美憲,51,徳島,53.0,A1,5.65,42.55,6.0,42.11,33,27.6,20,36.67,1 23631366,,https://www1.mbrace.or.jp/od2/B/202610/b261005.lzh,2026-10-05T06:26:05.144849+09:00
20261005,09,津,9,20261005-09-09,1,4360,庄司孝輔,41,静岡,53.0,A2,5.45,32.2,5.33,29.63,13,37.11,66,30.94,3 556 141,3,https://www1.mbrace.or.jp/od2/B/202610/b261005.lzh,2026-10-05T06:26:05.144849+09:00
20261005,09,津,9,20261005-09-09,2,4509,平見真彦,37,愛知,54.0,A2,6.24,44.44,5.78,38.89,51,46.15,45,37.11,363 435 3,4,https://www1.mbrace.or.jp/od2/B/202610/b261005.lzh,2026-10-05T06:26:05.144849+09:00
20261005,09,津,9,20261005-09-09,3,4336,松田竜馬,42,福岡,56.0,B1,5.16,31.63,5.71,38.1,69,22.56,68,24.81,532 353 4,1,https://www1.mbrace.or.jp/od2/B/202610/b261005.lzh,2026-10-05T06:26:05.144849+09:00
20261005,09,津,9,20261005-09-09,4,3304,烏野賢太,58,徳島,52.0,A1,5.72,35.56,5.95,42.86,60,26.67,71,28.33,265 61515,,https://www1.mbrace.or.jp/od2/B/202610/b261005.lzh,2026-10-05T06:26:05.144849+09:00
20261005,09,津,9,20261005-09-09,5,3647,伊藤雄二,53,埼玉,50.0,B1,3.64,14.16,4.08,20.83,12,29.33,57,35.9,441 526 5,2,https://www1.mbrace.or.jp/od2/B/202610/b261005.lzh,2026-10-05T06:26:05.144849+09:00
20261005,09,津,9,20261005-09-09,6,5441,鈴木雄登,20,愛知,49.0,B1,3.3,9.09,3.57,14.29,63,30.16,48,30.07,3 624 624,5,https://www1.mbrace.or.jp/od2/B/202610/b261005.lzh,2026-10-05T06:26:05.144849+09:00
20261005,09,津,10,20261005-09-10,1,4625,渡邊裕貴,40,静岡,52.0,B1,5.16,30.77,4.52,30.77,43,27.61,69,35.36,152 245 23,5,https://www1.mbrace.or.jp/od2/B/202610/b261005.lzh,2026-10-05T06:26:05.144849+09:00
20261005,09,津,10,20261005-09-10,2,3445,加藤高史,56,埼玉,53.0,B1,5.04,31.52,5.94,39.39,30,31.07,17,31.33,3 342 5333,6,https://www1.mbrace.or.jp/od2/B/202610/b261005.lzh,2026-10-05T06:26:05.144849+09:00
20261005,09,津,10,20261005-09-10,3,3712,淺香文武,52,三重,56.0,B1,4.76,33.68,5.13,34.07,14,28.14,24,32.31,146 2 2634,1,https://www1.mbrace.or.jp/od2/B/202610/b261005.lzh,2026-10-05T06:26:05.144849+09:00
20261005,09,津,10,20261005-09-10,4,4049,荒川健太,46,三重,56.0,A2,5.95,38.28,6.58,48.55,36,38.55,31,39.02,136 143 15,5,https://www1.mbrace.or.jp/od2/B/202610/b261005.lzh,2026-10-05T06:26:05.144849+09:00
20261005,09,津,10,20261005-09-10,5,5011,高木圭大,29,長崎,53.0,B1,3.85,18.81,2.67,11.11,32,36.91,53,23.62,2 312 4646,4,https://www1.mbrace.or.jp/od2/B/202610/b261005.lzh,2026-10-05T06:26:05.144849+09:00
20261005,09,津,10,20261005-09-10,6,4903,吉田凌太,33,愛知,51.0,A1,6.35,46.96,6.37,48.15,17,24.68,49,40.24,555 15231,1,https://www1.mbrace.or.jp/od2/B/202610/b261005.lzh,2026-10-05T06:26:05.144849+09:00
20261005,09,津,11,20261005-09-11,1,4040,廣瀬将亨,47,兵庫,58.0,A2,5.93,39.53,6.0,47.06,49,36.71,61,26.45,551 143 13,4,https://www1.mbrace.or.jp/od2/B/202610/b261005.lzh,2026-10-05T06:26:05.144849+09:00
20261005,09,津,11,20261005-09-11,2,4073,大橋純一,45,静岡,52.0,A1,6.65,54.03,6.21,42.42,20,29.11,67,35.0,24126 2214,6,https://www1.mbrace.or.jp/od2/B/202610/b261005.lzh,2026-10-05T06:26:05.144849+09:00
20261005,09,津,11,20261005-09-11,3,3550,都築正治,55,愛知,54.0,B1,5.3,37.1,5.77,40.91,68,37.57,50,34.78,225 333 24,7,https://www1.mbrace.or.jp/od2/B/202610/b261005.lzh,2026-10-05T06:26:05.144849+09:00
20261005,09,津,11,20261005-09-11,4,3454,井川大作,55,岡山,57.0,B1,5.28,35.42,4.41,14.81,72,32.16,38,29.12,661 422 65,5,https://www1.mbrace.or.jp/od2/B/202610/b261005.lzh,2026-10-05T06:26:05.144849+09:00
20261005,09,津,11,20261005-09-11,5,4402,乙藤智史,41,福岡,55.0,A2,6.0,43.97,4.83,25.0,26,31.82,18,39.6,3 314 5411,7,https://www1.mbrace.or.jp/od2/B/202610/b261005.lzh,2026-10-05T06:26:05.144849+09:00
20261005,09,津,11,20261005-09-11,6,4094,中島真二,45,福岡,53.0,B1,4.59,26.88,5.74,36.84,52,30.77,52,33.13,5 241 4432,3,https://www1.mbrace.or.jp/od2/B/202610/b261005.lzh,2026-10-05T06:26:05.144849+09:00
20261005,09,津,12,20261005-09-12,1,4350,篠崎元志,40,福岡,54.0,A1,8.09,65.65,6.56,33.33,47,32.04,36,27.94,11212 1121,,https://www1.mbrace.or.jp/od2/B/202610/b261005.lzh,2026-10-05T06:26:05.144849+09:00
20261005,09,津,12,20261005-09-12,2,4096,石橋道友,44,長崎,54.0,A1,6.66,50.42,6.63,48.15,53,31.58,23,36.02,1312111 31,,https://www1.mbrace.or.jp/od2/B/202610/b261005.lzh,2026-10-05T06:26:05.144849+09:00
20261005,09,津,12,20261005-09-12,3,3931,黒崎竜也,50,三重,50.0,A2,6.26,42.37,5.69,35.63,28,33.54,13,35.09,1 12243111,,https://www1.mbrace.or.jp/od2/B/202610/b261005.lzh,2026-10-05T06:26:05.144849+09:00
20261005,09,津,12,20261005-09-12,4,4002,古結宏,48,兵庫,53.0,A1,6.7,52.31,6.31,50.0,59,28.57,25,35.45,2266124 22,,https://www1.mbrace.or.jp/od2/B/202610/b261005.lzh,2026-10-05T06:26:05.144849+09:00
20261005,09,津,12,20261005-09-12,5,4200,早川尚人,44,大阪,55.0,B1,4.43,17.53,4.21,21.05,38,37.65,44,30.23,4 433 1232,,https://www1.mbrace.or.jp/od2/B/202610/b261005.lzh,2026-10-05T06:26:05.144849+09:00
20261005,09,津,12,20261005-09-12,6,4578,藤山雅弘,37,大阪,53.0,A2,5.85,41.61,5.96,47.37,66,26.99,29,34.24,415 261 52,,https://www1.mbrace.or.jp/od2/B/202610/b261005.lzh,2026-10-05T06:26:05.144849+09:00
20261005,05,多摩川,1,20261005-05-01,1,4889,後藤盛也,37,東京,52.0,B1,3.94,22.22,5.55,35.0,64,36.28,82,31.03,2,8,https://www1.mbrace.or.jp/od2/B/202610/b261005.lzh,2026-10-05T06:26:05.144849+09:00
20261005,05,多摩川,1,20261005-05-01,2,4636,赤池修平,36,徳島,53.0,B1,3.89,19.74,0.0,0.0,50,38.71,25,37.93,65,,https://www1.mbrace.or.jp/od2/B/202610/b261005.lzh,2026-10-05T06:26:05.144849+09:00
20261005,05,多摩川,1,20261005-05-01,3,3777,樋口亮,51,長崎,52.0,A2,5.01,29.67,0.0,0.0,17,39.64,28,28.16,5,10,https://www1.mbrace.or.jp/od2/B/202610/b261005.lzh,2026-10-05T06:26:05.144849+09:00
20261005,05,多摩川,1,20261005-05-01,4,5461,板頭里緒,19,三重,50.0,B2,1.13,0.0,0.0,0.0,32,51.61,84,23.36,6,6,https://www1.mbrace.or.jp/od2/B/202610/b261005.lzh,2026-10-05T06:26:05.144849+09:00
20261005,05,多摩川,1,20261005-05-01,5,5439,志賀美優,21,愛知,49.0,B2,1.47,0.0,2.14,0.0,12,30.53,83,33.91,56,,https://www1.mbrace.or.jp/od2/B/202610/b261005.lzh,2026-10-05T06:26:05.144849+09:00
20261005,05,多摩川,1,20261005-05-01,6,3870,寺嶋雄,50,福井,52.0,B1,4.0,17.89,3.33,11.11,52,34.26,52,42.74,4,9,https://www1.mbrace.or.jp/od2/B/202610/b261005.lzh,2026-10-05T06:26:05.144849+09:00
20261005,05,多摩川,2,20261005-05-02,1,5385,鈴木柊介,21,静岡,56.0,B1,2.57,4.41,1.24,0.0,46,36.7,59,31.03,2,8,https://www1.mbrace.or.jp/od2/B/202610/b261005.lzh,2026-10-05T06:26:05.144849+09:00
20261005,05,多摩川,2,20261005-05-02,2,3680,森林太,53,長崎,55.0,B1,4.61,25.71,0.0,0.0,29,25.93,72,36.61,4,9,https://www1.mbrace.or.jp/od2/B/202610/b261005.lzh,2026-10-05T06:26:05.144849+09:00
20261005,05,多摩川,2,20261005-05-02,3,4618,乃村康友,43,三重,56.0,B1,5.34,38.36,4.15,17.65,75,37.27,70,26.17,6,11,https://www1.mbrace.or.jp/od2/B/202610/b261005.lzh,2026-10-05T06:26:05.144849+09:00
20261005,05,多摩川,2,20261005-05-02,4,4233,亀山雅幸,43,群馬,52.0,A2,5.97,44.34,6.12,43.48,14,40.59,39,27.37,44,,https://www1.mbrace.or.jp/od2/B/202610/b261005.lzh,2026-10-05T06:26:05.144849+09:00
20261005,05,多摩川,2,20261005-05-02,5,5410,今泉澪,21,愛知,48.0,B2,1.61,0.0,1.43,0.0,63,37.9,29,46.09,2,10,https://www1.mbrace.or.jp/od2/B/202610/b261005.lzh,2026-10-05T06:26:05.144849+09:00
20261005,05,多摩川,2,20261005-05-02,6,4732,堀本和也,37,徳島,55.0,A2,7.19,59.13,5.55,36.36,41,36.27,27,34.78,31,12,https://www1.mbrace.or.jp/od2/B/202610/b261005.lzh,2026-10-05T06:26:05.144849+09:00
20261005,05,多摩川,3,20261005-05-03,1,3660,長谷川親,57,香川,60.0,B1,3.74,11.9,0.0,0.0,20,37.07,71,22.22,4,11,https://www1.mbrace.or.jp/od2/B/202610/b261005.lzh,2026-10-05T06:26:05.144849+09:00
20261005,05,多摩川,3,20261005-05-03,2,4988,牟田奨太,29,静岡,57.0,B1,4.2,27.27,4.31,29.31,39,31.78,51,33.62,5,12,https://www1.mbrace.or.jp/od2/B/202610/b261005.lzh,2026-10-05T06:26:05.144849+09:00
20261005,05,多摩川,3,20261005-05-03,3,3857,阿波勝哉,53,東京,56.0,B1,4.94,28.89,4.18,17.07,65,33.05,74,31.25,3,7,https://www1.mbrace.or.jp/od2/B/202610/b261005.lzh,2026-10-05T06:26:05.144849+09:00
20261005,05,多摩川,3,20261005-05-03,4,3757,畑和宏,54,広島,53.0,A2,5.56,39.51,6.5,50.0,62,34.15,77,37.17,4,10,https://www1.mbrace.or.jp/od2/B/202610/b261005.lzh,2026-10-05T06:26:05.144849+09:00
20261005,05,多摩川,3,20261005-05-03,5,4990,田中博子,29,福岡,47.0,B2,3.67,15.69,0.0,0.0,13,29.82,38,30.21,3,9,https://www1.mbrace.or.jp/od2/B/202610/b261005.lzh,2026-10-05T06:26:05.144849+09:00
20261005,05,多摩川,3,20261005-05-03,6,5034,若林義人,28,静岡,57.0,A1,6.29,47.06,6.45,54.69,70,31.37,31,32.48,3,8,https://www1.mbrace.or.jp/od2/B/202610/b261005.lzh,2026-10-05T06:26:05.144849+09:00
20261005,05,多摩川,4,20261005-05-04,1,5334,樫葉新心,22,徳島,45.0,B1,3.04,5.41,2.25,0.0,36,38.89,24,33.62,56,,https://www1.mbrace.or.jp/od2/B/202610/b261005.lzh,2026-10-05T06:26:05.144849+09:00
20261005,05,多摩川,4,20261005-05-04,2,5029,中亮太,29,福岡,53.0,A1,6.93,53.85,0.0,0.0,42,38.1,37,31.09,2,11,https://www1.mbrace.or.jp/od2/B/202610/b261005.lzh,2026-10-05T06:26:05.144849+09:00
20261005,05,多摩川,4,20261005-05-04,3,5125,高井雄基,30,愛知,52.0,A2,4.93,25.51,4.66,25.71,22,25.0,65,20.0,35,,https://www1.mbrace.or.jp/od2/B/202610/b261005.lzh,2026-10-05T06:26:05.144849+09:00
20261005,05,多摩川,4,20261005-05-04,4,5272,松田真実,25,愛知,47.0,B1,5.04,31.63,2.0,4.17,49,39.2,54,33.9,16,,https://www1.mbrace.or.jp/od2/B/202610/b261005.lzh,2026-10-05T06:26:05.144849+09:00
20261005,05,多摩川,4,20261005-05-04,5,4725,佐竹太一,40,兵庫,53.0,B1,4.87,22.11,6.3,45.0,55,40.5,45,35.59,6,12,https://www1.mbrace.or.jp/od2/B/202610/b261005.lzh,2026-10-05T06:26:05.144849+09:00
20261005,05,多摩川,4,20261005-05-04,6,4529,嶋義信,38,香川,55.0,A1,5.88,41.75,0.0,0.0,61,40.83,42,33.33,11,9,https://www1.mbrace.or.jp/od2/B/202610/b261005.lzh,2026-10-05T06:26:05.144849+09:00
20261005,05,多摩川,5,20261005-05-05,1,4876,梅木敬太,32,福井,54.0,B1,4.89,30.39,5.25,33.33,58,36.45,41,23.76,65,,https://www1.mbrace.or.jp/od2/B/202610/b261005.lzh,2026-10-05T06:26:05.144849+09:00
20261005,05,多摩川,5,20261005-05-05,2,4274,長畑友輔,44,東京,51.0,B1,4.67,28.24,4.75,29.51,72,27.88,64,38.24,11,,https://www1.mbrace.or.jp/od2/B/202610/b261005.lzh,2026-10-05T06:26:05.144849+09:00
20261005,05,多摩川,5,20261005-05-05,3,4914,吉田裕平,29,愛知,51.0,A1,7.49,55.0,7.53,64.71,66,35.29,33,31.3,21,9,https://www1.mbrace.or.jp/od2/B/202610/b261005.lzh,2026-10-05T06:26:05.144849+09:00
20261005,05,多摩川,5,20261005-05-05,4,4911,片岡大地,30,東京,53.0,A2,4.46,26.76,4.26,22.86,28,42.7,68,31.3,5,12,https://www1.mbrace.or.jp/od2/B/202610/b261005.lzh,2026-10-05T06:26:05.144849+09:00
20261005,05,多摩川,5,20261005-05-05,5,5406,小畑楓夏,22,山口,52.0,B2,1.54,1.64,0.0,0.0,54,45.38,36,38.94,4,10,https://www1.mbrace.or.jp/od2/B/202610/b261005.lzh,2026-10-05T06:26:05.144849+09:00
20261005,05,多摩川,5,20261005-05-05,6,4703,森永隆,38,山口,52.0,A1,6.64,55.83,0.0,0.0,26,29.36,80,29.73,S1,11,https://www1.mbrace.or.jp/od2/B/202610/b261005.lzh,2026-10-05T06:26:05.144849+09:00
20261005,05,多摩川,6,20261005-05-06,1,3976,内田圭,49,山口,52.0,B1,3.74,21.95,4.12,23.53,67,38.61,58,21.11,6,10,https://www1.mbrace.or.jp/od2/B/202610/b261005.lzh,2026-10-05T06:26:05.144849+09:00
20261005,05,多摩川,6,20261005-05-06,2,3655,本橋克洋,52,群馬,54.0,B1,4.67,22.09,5.88,38.1,73,27.43,63,18.97,34,,https://www1.mbrace.or.jp/od2/B/202610/b261005.lzh,2026-10-05T06:26:05.144849+09:00
20261005,05,多摩川,6,20261005-05-06,3,3876,中辻崇人,49,福岡,53.0,A1,7.16,59.68,0.0,0.0,19,36.36,56,35.9,44,12,https://www1.mbrace.or.jp/od2/B/202610/b261005.lzh,2026-10-05T06:26:05.144849+09:00
20261005,05,多摩川,6,20261005-05-06,4,4293,鈴木智啓,41,愛知,59.0,B1,5.05,27.66,5.89,39.29,18,36.45,44,27.55,1,11,https://www1.mbrace.or.jp/od2/B/202610/b261005.lzh,2026-10-05T06:26:05.144849+09:00
20261005,05,多摩川,6,20261005-05-06,5,5387,戸田海咲,20,山口,52.0,B2,1.65,0.0,0.0,0.0,37,40.19,57,28.13,64,,https://www1.mbrace.or.jp/od2/B/202610/b261005.lzh,2026-10-05T06:26:05.144849+09:00
20261005,05,多摩川,6,20261005-05-06,6,5461,板頭里緒,19,三重,50.0,B2,1.13,0.0,0.0,0.0,32,51.61,84,23.36,6,1,https://www1.mbrace.or.jp/od2/B/202610/b261005.lzh,2026-10-05T06:26:05.144849+09:00
20261005,05,多摩川,7,20261005-05-07,1,4239,竹田辰也,42,山口,53.0,A1,6.35,46.96,7.33,66.67,60,25.93,69,42.61,35,,https://www1.mbrace.or.jp/od2/B/202610/b261005.lzh,2026-10-05T06:26:05.144849+09:00
20261005,05,多摩川,7,20261005-05-07,2,4824,松井洪弥,33,三重,51.0,A2,6.36,53.64,5.12,35.29,68,33.91,76,40.91,53,12,https://www1.mbrace.or.jp/od2/B/202610/b261005.lzh,2026-10-05T06:26:05.144849+09:00
20261005,05,多摩川,7,20261005-05-07,3,4469,土山卓也,39,福井,57.0,A2,5.35,32.29,4.91,31.82,47,29.63,35,33.04,21,,https://www1.mbrace.or.jp/od2/B/202610/b261005.lzh,2026-10-05T06:26:05.144849+09:00
20261005,05,多摩川,7,20261005-05-07,4,4650,中山雄太,42,愛知,52.0,B2,3.8,21.95,6.53,47.37,35,24.18,67,30.0,43,,https://www1.mbrace.or.jp/od2/B/202610/b261005.lzh,2026-10-05T06:26:05.144849+09:00
20261005,05,多摩川,7,20261005-05-07,5,3567,吉岡誠,56,山口,56.0,B1,3.11,19.3,3.38,12.5,57,47.9,34,20.79,23,,https://www1.mbrace.or.jp/od2/B/202610/b261005.lzh,2026-10-05T06:26:05.144849+09:00
20261005,05,多摩川,7,20261005-05-07,6,3857,阿波勝哉,53,東京,56.0,B1,4.94,28.89,4.18,17.07,65,33.05,74,31.25,3,3,https://www1.mbrace.or.jp/od2/B/202610/b261005.lzh,2026-10-05T06:26:05.144849+09:00
20261005,05,多摩川,8,20261005-05-08,1,3684,清水攻二,52,山口,53.0,A2,5.36,31.03,6.86,42.86,31,38.84,22,29.79,12,,https://www1.mbrace.or.jp/od2/B/202610/b261005.lzh,2026-10-05T06:26:05.144849+09:00
20261005,05,多摩川,8,20261005-05-08,2,4889,後藤盛也,37,東京,52.0,B1,3.94,22.22,5.55,35.0,64,36.28,82,31.03,2,1,https://www1.mbrace.or.jp/od2/B/202610/b261005.lzh,2026-10-05T06:26:05.144849+09:00
20261005,05,多摩川,8,20261005-05-08,3,3105,内山文典,63,東京,54.0,B1,5.08,32.05,4.91,34.29,27,42.48,48,34.55,13,,https://www1.mbrace.or.jp/od2/B/202610/b261005.lzh,2026-10-05T06:26:05.144849+09:00
20261005,05,多摩川,8,20261005-05-08,4,5034,若林義人,28,静岡,57.0,A1,6.29,47.06,6.45,54.69,70,31.37,31,32.48,3,3,https://www1.mbrace.or.jp/od2/B/202610/b261005.lzh,2026-10-05T06:26:05.144849+09:00
20261005,05,多摩川,8,20261005-05-08,5,5385,鈴木柊介,21,静岡,56.0,B1,2.57,4.41,1.24,0.0,46,36.7,59,31.03,2,2,https://www1.mbrace.or.jp/od2/B/202610/b261005.lzh,2026-10-05T06:26:05.144849+09:00
20261005,05,多摩川,8,20261005-05-08,6,4163,山崎裕司,44,広島,52.0,A2,5.76,36.75,5.86,42.86,53,31.3,43,32.74,22,,https://www1.mbrace.or.jp/od2/B/202610/b261005.lzh,2026-10-05T06:26:05.144849+09:00
20261005,05,多摩川,9,20261005-05-09,1,4883,岡部大輝,30,東京,52.0,A2,6.35,50.93,5.81,43.24,43,31.86,21,30.77,43,,https://www1.mbrace.or.jp/od2/B/202610/b261005.lzh,2026-10-05T06:26:05.144849+09:00
20261005,05,多摩川,9,20261005-05-09,2,4529,嶋義信,38,香川,55.0,A1,5.88,41.75,0.0,0.0,61,40.83,42,33.33,11,4,https://www1.mbrace.or.jp/od2/B/202610/b261005.lzh,2026-10-05T06:26:05.144849+09:00
20261005,05,多摩川,9,20261005-05-09,3,3680,森林太,53,長崎,55.0,B1,4.61,25.71,0.0,0.0,29,25.93,72,36.61,4,2,https://www1.mbrace.or.jp/od2/B/202610/b261005.lzh,2026-10-05T06:26:05.144849+09:00
20261005,05,多摩川,9,20261005-05-09,4,4990,田中博子,29,福岡,47.0,B2,3.67,15.69,0.0,0.0,13,29.82,38,30.21,3,3,https://www1.mbrace.or.jp/od2/B/202610/b261005.lzh,2026-10-05T06:26:05.144849+09:00
20261005,05,多摩川,9,20261005-05-09,5,3870,寺嶋雄,50,福井,52.0,B1,4.0,17.89,3.33,11.11,52,34.26,52,42.74,4,1,https://www1.mbrace.or.jp/od2/B/202610/b261005.lzh,2026-10-05T06:26:05.144849+09:00
20261005,05,多摩川,9,20261005-05-09,6,4914,吉田裕平,29,愛知,51.0,A1,7.49,55.0,7.53,64.71,66,35.29,33,31.3,21,5,https://www1.mbrace.or.jp/od2/B/202610/b261005.lzh,2026-10-05T06:26:05.144849+09:00
20261005,05,多摩川,10,20261005-05-10,1,4794,和田拓也,36,兵庫,54.0,A1,6.92,55.41,7.3,54.05,34,28.44,47,41.59,56,,https://www1.mbrace.or.jp/od2/B/202610/b261005.lzh,2026-10-05T06:26:05.144849+09:00
20261005,05,多摩川,10,20261005-05-10,2,3777,樋口亮,51,長崎,52.0,A2,5.01,29.67,0.0,0.0,17,39.64,28,28.16,5,1,https://www1.mbrace.or.jp/od2/B/202610/b261005.lzh,2026-10-05T06:26:05.144849+09:00
20261005,05,多摩川,10,20261005-05-10,3,3976,内田圭,49,山口,52.0,B1,3.74,21.95,4.12,23.53,67,38.61,58,21.11,6,6,https://www1.mbrace.or.jp/od2/B/202610/b261005.lzh,2026-10-05T06:26:05.144849+09:00
20261005,05,多摩川,10,20261005-05-10,4,5406,小畑楓夏,22,山口,52.0,B2,1.54,1.64,0.0,0.0,54,45.38,36,38.94,4,5,https://www1.mbrace.or.jp/od2/B/202610/b261005.lzh,2026-10-05T06:26:05.144849+09:00
20261005,05,多摩川,10,20261005-05-10,5,3757,畑和宏,54,広島,53.0,A2,5.56,39.51,6.5,50.0,62,34.15,77,37.17,4,3,https://www1.mbrace.or.jp/od2/B/202610/b261005.lzh,2026-10-05T06:26:05.144849+09:00
20261005,05,多摩川,10,20261005-05-10,6,5410,今泉澪,21,愛知,48.0,B2,1.61,0.0,1.43,0.0,63,37.9,29,46.09,2,2,https://www1.mbrace.or.jp/od2/B/202610/b261005.lzh,2026-10-05T06:26:05.144849+09:00
20261005,05,多摩川,11,20261005-05-11,1,5029,中亮太,29,福岡,53.0,A1,6.93,53.85,0.0,0.0,42,38.1,37,31.09,2,4,https://www1.mbrace.or.jp/od2/B/202610/b261005.lzh,2026-10-05T06:26:05.144849+09:00
20261005,05,多摩川,11,20261005-05-11,2,4703,森永隆,38,山口,52.0,A1,6.64,55.83,0.0,0.0,26,29.36,80,29.73,S1,5,https://www1.mbrace.or.jp/od2/B/202610/b261005.lzh,2026-10-05T06:26:05.144849+09:00
20261005,05,多摩川,11,20261005-05-11,3,3660,長谷川親,57,香川,60.0,B1,3.74,11.9,0.0,0.0,20,37.07,71,22.22,4,3,https://www1.mbrace.or.jp/od2/B/202610/b261005.lzh,2026-10-05T06:26:05.144849+09:00
20261005,05,多摩川,11,20261005-05-11,4,4318,桑原将光,42,東京,52.0,A2,5.24,23.53,5.33,28.33,69,28.89,55,35.09,22,,https://www1.mbrace.or.jp/od2/B/202610/b261005.lzh,2026-10-05T06:26:05.144849+09:00
20261005,05,多摩川,11,20261005-05-11,5,4618,乃村康友,43,三重,56.0,B1,5.34,38.36,4.15,17.65,75,37.27,70,26.17,6,2,https://www1.mbrace.or.jp/od2/B/202610/b261005.lzh,2026-10-05T06:26:05.144849+09:00
20261005,05,多摩川,11,20261005-05-11,6,4293,鈴木智啓,41,愛知,59.0,B1,5.05,27.66,5.89,39.29,18,36.45,44,27.55,1,6,https://www1.mbrace.or.jp/od2/B/202610/b261005.lzh,2026-10-05T06:26:05.144849+09:00
20261005,05,多摩川,12,20261005-05-12,1,3876,中辻崇人,49,福岡,53.0,A1,7.16,59.68,0.0,0.0,19,36.36,56,35.9,44,6,https://www1.mbrace.or.jp/od2/B/202610/b261005.lzh,2026-10-05T06:26:05.144849+09:00
20261005,05,多摩川,12,20261005-05-12,2,4732,堀本和也,37,徳島,55.0,A2,7.19,59.13,5.55,36.36,41,36.27,27,34.78,31,2,https://www1.mbrace.or.jp/od2/B/202610/b261005.lzh,2026-10-05T06:26:05.144849+09:00
20261005,05,多摩川,12,20261005-05-12,3,4824,松井洪弥,33,三重,51.0,A2,6.36,53.64,5.12,35.29,68,33.91,76,40.91,53,7,https://www1.mbrace.or.jp/od2/B/202610/b261005.lzh,2026-10-05T06:26:05.144849+09:00
20261005,05,多摩川,12,20261005-05-12,4,4725,佐竹太一,40,兵庫,53.0,B1,4.87,22.11,6.3,45.0,55,40.5,45,35.59,6,4,https://www1.mbrace.or.jp/od2/B/202610/b261005.lzh,2026-10-05T06:26:05.144849+09:00
20261005,05,多摩川,12,20261005-05-12,5,4911,片岡大地,30,東京,53.0,A2,4.46,26.76,4.26,22.86,28,42.7,68,31.3,5,5,https://www1.mbrace.or.jp/od2/B/202610/b261005.lzh,2026-10-05T06:26:05.144849+09:00
20261005,05,多摩川,12,20261005-05-12,6,4988,牟田奨太,29,静岡,57.0,B1,4.2,27.27,4.31,29.31,39,31.78,51,33.62,5,3,https://www1.mbrace.or.jp/od2/B/202610/b261005.lzh,2026-10-05T06:26:05.144849+09:00
20261005,02,戸田,1,20261005-02-01,1,5182,宮崎安奈,28,埼玉,46.0,B1,3.97,18.67,4.56,22.08,46,11.54,61,34.48,355,,https://www1.mbrace.or.jp/od2/B/202610/b261005.lzh,2026-10-05T06:26:05.144849+09:00
20261005,02,戸田,1,20261005-02-01,2,3226,浦田信義,61,東京,51.0,B1,4.76,24.42,5.14,14.29,8,37.5,40,36.11,325,7,https://www1.mbrace.or.jp/od2/B/202610/b261005.lzh,2026-10-05T06:26:05.144849+09:00
20261005,02,戸田,1,20261005-02-01,3,5370,日隈茜,24,福岡,47.0,B2,1.44,1.75,1.0,0.0,30,34.21,75,7.14,6 5,5,https://www1.mbrace.or.jp/od2/B/202610/b261005.lzh,2026-10-05T06:26:05.144849+09:00
20261005,02,戸田,1,20261005-02-01,4,3392,小森信雄,61,三重,54.0,B1,4.38,18.18,4.68,24.39,5,29.03,35,23.33,5 25,,https://www1.mbrace.or.jp/od2/B/202610/b261005.lzh,2026-10-05T06:26:05.144849+09:00
20261005,02,戸田,1,20261005-02-01,5,5399,長野未来,24,三重,43.0,B2,1.21,0.0,1.09,0.0,64,29.17,12,26.47,6 6,6,https://www1.mbrace.or.jp/od2/B/202610/b261005.lzh,2026-10-05T06:26:05.144849+09:00
20261005,02,戸田,1,20261005-02-01,6,5101,表健太,29,福岡,54.0,B1,2.98,3.33,4.53,33.33,12,36.0,60,33.33,6 56,,https://www1.mbrace.or.jp/od2/B/202610/b261005.lzh,2026-10-05T06:26:05.144849+09:00
20261005,02,戸田,2,20261005-02-02,1,3993,永井聖美,47,東京,46.0,B1,5.63,35.8,4.78,33.33,18,46.15,48,34.48,226,8,https://www1.mbrace.or.jp/od2/B/202610/b261005.lzh,2026-10-05T06:26:05.144849+09:00
20261005,02,戸田,2,20261005-02-02,2,4991,宗行治哉,29,広島,52.0,A1,6.49,42.0,6.73,45.45,1,15.38,17,14.71,1546,9,https://www1.mbrace.or.jp/od2/B/202610/b261005.lzh,2026-10-05T06:26:05.144849+09:00
20261005,02,戸田,2,20261005-02-02,3,4182,吉田和仁,43,滋賀,56.0,B1,4.77,30.63,4.55,39.39,16,30.77,20,42.42,524,,https://www1.mbrace.or.jp/od2/B/202610/b261005.lzh,2026-10-05T06:26:05.144849+09:00
20261005,02,戸田,2,20261005-02-02,4,3406,中里英夫,58,群馬,52.0,B1,5.6,35.85,5.3,25.0,62,31.71,45,31.43,126,6,https://www1.mbrace.or.jp/od2/B/202610/b261005.lzh,2026-10-05T06:26:05.144849+09:00
20261005,02,戸田,2,20261005-02-02,5,4839,四宮与寛,36,徳島,52.0,A2,5.91,42.2,4.59,35.29,58,30.77,51,42.11,211,11,https://www1.mbrace.or.jp/od2/B/202610/b261005.lzh,2026-10-05T06:26:05.144849+09:00
20261005,02,戸田,2,20261005-02-02,6,5472,中川海虹,17,愛知,43.0,B2,1.02,0.0,0.0,0.0,61,14.29,70,30.3,6 6,7,https://www1.mbrace.or.jp/od2/B/202610/b261005.lzh,2026-10-05T06:26:05.144849+09:00
20261005,02,戸田,3,20261005-02-03,1,4216,星栄爾,41,静岡,55.0,B1,4.62,23.4,4.88,18.75,57,50.0,25,34.21,222,9,https://www1.mbrace.or.jp/od2/B/202610/b261005.lzh,2026-10-05T06:26:05.144849+09:00
20261005,02,戸田,3,20261005-02-03,2,4729,佐藤謙史,37,福岡,56.0,B1,4.42,25.0,3.82,11.76,56,42.42,24,31.43,6 32,7,https://www1.mbrace.or.jp/od2/B/202610/b261005.lzh,2026-10-05T06:26:05.144849+09:00
20261005,02,戸田,3,20261005-02-03,3,4679,植田太一,37,福岡,60.0,A2,6.35,49.14,4.95,28.57,20,33.33,68,26.47,351,12,https://www1.mbrace.or.jp/od2/B/202610/b261005.lzh,2026-10-05T06:26:05.144849+09:00
20261005,02,戸田,3,20261005-02-03,4,3696,白井友晴,54,埼玉,53.0,B1,5.16,28.24,5.35,33.33,2,16.13,32,43.9,245,11,https://www1.mbrace.or.jp/od2/B/202610/b261005.lzh,2026-10-05T06:26:05.144849+09:00
20261005,02,戸田,3,20261005-02-03,5,4097,貫地谷直,44,広島,53.0,B1,3.66,15.58,4.0,22.22,47,32.0,38,37.84,3 15,8,https://www1.mbrace.or.jp/od2/B/202610/b261005.lzh,2026-10-05T06:26:05.144849+09:00
20261005,02,戸田,3,20261005-02-03,6,4796,春園功太,35,三重,53.0,A1,6.05,44.17,5.86,46.51,9,24.32,43,42.11,1411,10,https://www1.mbrace.or.jp/od2/B/202610/b261005.lzh,2026-10-05T06:26:05.144849+09:00
20261005,02,戸田,4,20261005-02-04,1,3752,宇土泰就,55,福岡,59.0,B1,4.05,15.12,3.79,21.43,4,43.24,29,35.29,5 14,,https://www1.mbrace.or.jp/od2/B/202610/b261005.lzh,2026-10-05T06:26:05.144849+09:00
20261005,02,戸田,4,20261005-02-04,2,5075,中島秀治,30,滋賀,53.0,A2,5.99,34.38,4.57,28.57,60,39.02,23,38.46,6 41,9,https://www1.mbrace.or.jp/od2/B/202610/b261005.lzh,2026-10-05T06:26:05.144849+09:00
20261005,02,戸田,4,20261005-02-04,3,4474,渡辺崇,39,福岡,57.0,B1,5.22,35.44,5.0,33.33,11,32.43,58,47.37,3 3,12,https://www1.mbrace.or.jp/od2/B/202610/b261005.lzh,2026-10-05T06:26:05.144849+09:00
20261005,02,戸田,4,20261005-02-04,4,3251,平石和男,60,埼玉,50.0,A2,5.97,38.66,5.91,34.75,6,30.3,65,48.57,141,10,https://www1.mbrace.or.jp/od2/B/202610/b261005.lzh,2026-10-05T06:26:05.144849+09:00
20261005,02,戸田,4,20261005-02-04,5,5088,高憧四季,26,大阪,44.0,A1,6.05,35.65,6.49,48.72,54,31.43,57,16.67,1123,8,https://www1.mbrace.or.jp/od2/B/202610/b261005.lzh,2026-10-05T06:26:05.144849+09:00
20261005,02,戸田,4,20261005-02-04,6,4209,藤田竜弘,43,静岡,57.0,A2,6.17,38.83,5.04,31.48,51,28.57,77,38.89,1 14,11,https://www1.mbrace.or.jp/od2/B/202610/b261005.lzh,2026-10-05T06:26:05.144849+09:00
20261005,02,戸田,5,20261005-02-05,1,4067,永井源,46,愛知,53.0,A2,6.47,51.69,6.29,44.12,63,32.0,52,35.29,1333,,https://www1.mbrace.or.jp/od2/B/202610/b261005.lzh,2026-10-05T06:26:05.144849+09:00
20261005,02,戸田,5,20261005-02-05,2,3293,宮内由紀,61,東京,53.0,B1,3.63,12.5,4.7,27.66,44,36.84,55,23.53,6 62,,https://www1.mbrace.or.jp/od2/B/202610/b261005.lzh,2026-10-05T06:26:05.144849+09:00
20261005,02,戸田,5,20261005-02-05,3,3615,横田茂,53,広島,51.0,B1,4.12,23.26,5.76,48.0,59,34.48,71,37.14,136,,https://www1.mbrace.or.jp/od2/B/202610/b261005.lzh,2026-10-05T06:26:05.144849+09:00
20261005,02,戸田,5,20261005-02-05,4,5139,大場恒季,26,愛知,51.0,A1,6.66,51.61,6.12,35.29,17,20.0,47,38.71,5214,12,https://www1.mbrace.or.jp/od2/B/202610/b261005.lzh,2026-10-05T06:26:05.144849+09:00
20261005,02,戸田,5,20261005-02-05,5,5370,日隈茜,24,福岡,47.0,B2,1.44,1.75,1.0,0.0,30,34.21,75,7.14,6 5,1,https://www1.mbrace.or.jp/od2/B/202610/b261005.lzh,2026-10-05T06:26:05.144849+09:00
20261005,02,戸田,5,20261005-02-05,6,4904,松本一毅,32,大阪,51.0,B1,5.6,38.79,5.9,45.0,10,34.21,62,21.88,442,10,https://www1.mbrace.or.jp/od2/B/202610/b261005.lzh,2026-10-05T06:26:05.144849+09:00
20261005,02,戸田,6,20261005-02-06,1,3406,中里英夫,58,群馬,52.0,B1,5.6,35.85,5.3,25.0,62,31.71,45,31.43,126,2,https://www1.mbrace.or.jp/od2/B/202610/b261005.lzh,2026-10-05T06:26:05.144849+09:00
20261005,02,戸田,6,20261005-02-06,2,4523,中村辰也,38,長崎,53.0,A2,5.89,35.96,6.46,38.46,14,57.5,50,16.0,553,10,https://www1.mbrace.or.jp/od2/B/202610/b261005.lzh,2026-10-05T06:26:05.144849+09:00
20261005,02,戸田,6,20261005-02-06,3,4570,前田聖文,38,愛知,57.0,A1,5.96,37.62,6.81,58.33,15,55.1,39,33.33,6 36,11,https://www1.mbrace.or.jp/od2/B/202610/b261005.lzh,2026-10-05T06:26:05.144849+09:00
20261005,02,戸田,6,20261005-02-06,4,5399,長野未来,24,三重,43.0,B2,1.21,0.0,1.09,0.0,64,29.17,12,26.47,6 6,1,https://www1.mbrace.or.jp/od2/B/202610/b261005.lzh,2026-10-05T06:26:05.144849+09:00
20261005,02,戸田,6,20261005-02-06,5,4977,馬野耀,32,大阪,55.0,A2,6.33,45.54,5.94,41.18,45,65.71,59,46.88,4325,,https://www1.mbrace.or.jp/od2/B/202610/b261005.lzh,2026-10-05T06:26:05.144849+09:00
20261005,02,戸田,6,20261005-02-06,6,3740,大澤普司,52,群馬,55.0,A1,6.02,39.5,5.89,37.84,19,30.77,27,26.47,4323,12,https://www1.mbrace.or.jp/od2/B/202610/b261005.lzh,2026-10-05T06:26:05.144849+09:00
20261005,02,戸田,7,20261005-02-07,1,3333,丸尾義孝,58,徳島,53.0,A1,6.57,47.79,6.7,60.0,13,33.33,22,34.21,2632,11,https://www1.mbrace.or.jp/od2/B/202610/b261005.lzh,2026-10-05T06:26:05.144849+09:00
20261005,02,戸田,7,20261005-02-07,2,4752,西尾亮輔,38,愛知,53.0,B1,3.88,15.56,3.17,16.67,53,51.43,15,35.14,645,,https://www1.mbrace.or.jp/od2/B/202610/b261005.lzh,2026-10-05T06:26:05.144849+09:00
20261005,02,戸田,7,20261005-02-07,3,3583,齋藤智裕,53,埼玉,57.0,B1,3.58,14.47,4.08,20.34,7,23.68,44,45.95,5 1,12,https://www1.mbrace.or.jp/od2/B/202610/b261005.lzh,2026-10-05T06:26:05.144849+09:00
20261005,02,戸田,7,20261005-02-07,4,4729,佐藤謙史,37,福岡,56.0,B1,4.42,25.0,3.82,11.76,56,42.42,24,31.43,6 32,3,https://www1.mbrace.or.jp/od2/B/202610/b261005.lzh,2026-10-05T06:26:05.144849+09:00
20261005,02,戸田,7,20261005-02-07,5,5472,中川海虹,17,愛知,43.0,B2,1.02,0.0,0.0,0.0,61,14.29,70,30.3,6 6,2,https://www1.mbrace.or.jp/od2/B/202610/b261005.lzh,2026-10-05T06:26:05.144849+09:00
20261005,02,戸田,7,20261005-02-07,6,3226,浦田信義,61,東京,51.0,B1,4.76,24.42,5.14,14.29,8,37.5,40,36.11,325,1,https://www1.mbrace.or.jp/od2/B/202610/b261005.lzh,2026-10-05T06:26:05.144849+09:00
20261005,02,戸田,8,20261005-02-08,1,4097,貫地谷直,44,広島,53.0,B1,3.66,15.58,4.0,22.22,47,32.0,38,37.84,3 15,3,https://www1.mbrace.or.jp/od2/B/202610/b261005.lzh,2026-10-05T06:26:05.144849+09:00
20261005,02,戸田,8,20261005-02-08,2,5088,高憧四季,26,大阪,44.0,A1,6.05,35.65,6.49,48.72,54,31.43,57,16.67,1123,4,https://www1.mbrace.or.jp/od2/B/202610/b261005.lzh,2026-10-05T06:26:05.144849+09:00
20261005,02,戸田,8,20261005-02-08,3,4203,小倉康典,44,群馬,53.0,B1,4.31,26.39,4.69,26.67,48,56.25,73,37.84,4 43,,https://www1.mbrace.or.jp/od2/B/202610/b261005.lzh,2026-10-05T06:26:05.144849+09:00
20261005,02,戸田,8,20261005-02-08,4,4368,山口隆史,40,福岡,55.0,B1,4.41,24.24,3.0,16.67,55,15.63,67,31.25,6 65,,https://www1.mbrace.or.jp/od2/B/202610/b261005.lzh,2026-10-05T06:26:05.144849+09:00
20261005,02,戸田,8,20261005-02-08,5,3993,永井聖美,47,東京,46.0,B1,5.63,35.8,4.78,33.33,18,46.15,48,34.48,226,2,https://www1.mbrace.or.jp/od2/B/202610/b261005.lzh,2026-10-05T06:26:05.144849+09:00
20261005,02,戸田,8,20261005-02-08,6,4228,吉田慎二,43,愛知,58.0,A2,6.18,45.98,5.37,36.67,21,50.0,36,30.56,454,12,https://www1.mbrace.or.jp/od2/B/202610/b261005.lzh,2026-10-05T06:26:05.144849+09:00
20261005,02,戸田,9,20261005-02-09,1,5075,中島秀治,30,滋賀,53.0,A2,5.99,34.38,4.57,28.57,60,39.02,23,38.46,6 41,4,https://www1.mbrace.or.jp/od2/B/202610/b261005.lzh,2026-10-05T06:26:05.144849+09:00
20261005,02,戸田,9,20261005-02-09,2,4175,川尻泰輔,43,埼玉,55.0,A2,5.77,44.57,5.67,35.8,65,26.67,33,33.33,1154,,https://www1.mbrace.or.jp/od2/B/202610/b261005.lzh,2026-10-05T06:26:05.144849+09:00
20261005,02,戸田,9,20261005-02-09,3,4216,星栄爾,41,静岡,55.0,B1,4.62,23.4,4.88,18.75,57,50.0,25,34.21,222,3,https://www1.mbrace.or.jp/od2/B/202610/b261005.lzh,2026-10-05T06:26:05.144849+09:00
20261005,02,戸田,9,20261005-02-09,4,5294,豊田祥生,24,静岡,50.0,B1,3.71,17.33,3.0,14.29,42,36.11,26,31.43,4 44,,https://www1.mbrace.or.jp/od2/B/202610/b261005.lzh,2026-10-05T06:26:05.144849+09:00
20261005,02,戸田,9,20261005-02-09,5,4991,宗行治哉,29,広島,52.0,A1,6.49,42.0,6.73,45.45,1,15.38,17,14.71,1546,2,https://www1.mbrace.or.jp/od2/B/202610/b261005.lzh,2026-10-05T06:26:05.144849+09:00
20261005,02,戸田,9,20261005-02-09,6,3999,大瀧明日,47,愛知,46.0,A2,6.13,47.62,6.52,44.0,50,44.12,19,20.0,3252,,https://www1.mbrace.or.jp/od2/B/202610/b261005.lzh,2026-10-05T06:26:05.144849+09:00
20261005,02,戸田,10,20261005-02-10,1,4523,中村辰也,38,長崎,53.0,A2,5.89,35.96,6.46,38.46,14,57.5,50,16.0,553,6,https://www1.mbrace.or.jp/od2/B/202610/b261005.lzh,2026-10-05T06:26:05.144849+09:00
20261005,02,戸田,10,20261005-02-10,2,4140,梶野学志,45,東京,54.0,A2,6.12,46.38,6.94,55.88,52,48.48,21,36.11,3321,,https://www1.mbrace.or.jp/od2/B/202610/b261005.lzh,2026-10-05T06:26:05.144849+09:00
20261005,02,戸田,10,20261005-02-10,3,4796,春園功太,35,三重,53.0,A1,6.05,44.17,5.86,46.51,9,24.32,43,42.11,1411,3,https://www1.mbrace.or.jp/od2/B/202610/b261005.lzh,2026-10-05T06:26:05.144849+09:00
20261005,02,戸田,10,20261005-02-10,4,4904,松本一毅,32,大阪,51.0,B1,5.6,38.79,5.9,45.0,10,34.21,62,21.88,442,5,https://www1.mbrace.or.jp/od2/B/202610/b261005.lzh,2026-10-05T06:26:05.144849+09:00
20261005,02,戸田,10,20261005-02-10,5,3251,平石和男,60,埼玉,50.0,A2,5.97,38.66,5.91,34.75,6,30.3,65,48.57,141,4,https://www1.mbrace.or.jp/od2/B/202610/b261005.lzh,2026-10-05T06:26:05.144849+09:00
20261005,02,戸田,10,20261005-02-10,6,3895,堀本裕也,50,愛知,46.0,B2,3.24,13.51,6.0,37.5,3,42.0,54,25.0,5 33,,https://www1.mbrace.or.jp/od2/B/202610/b261005.lzh,2026-10-05T06:26:05.144849+09:00
20261005,02,戸田,11,20261005-02-11,1,4570,前田聖文,38,愛知,57.0,A1,5.96,37.62,6.81,58.33,15,55.1,39,33.33,6 36,6,https://www1.mbrace.or.jp/od2/B/202610/b261005.lzh,2026-10-05T06:26:05.144849+09:00
20261005,02,戸田,11,20261005-02-11,2,3773,津留浩一,52,長崎,57.0,B1,3.7,19.1,0.0,0.0,37,15.15,13,24.24,6 46,,https://www1.mbrace.or.jp/od2/B/202610/b261005.lzh,2026-10-05T06:26:05.144849+09:00
20261005,02,戸田,11,20261005-02-11,3,3696,白井友晴,54,埼玉,53.0,B1,5.16,28.24,5.35,33.33,2,16.13,32,43.9,245,3,https://www1.mbrace.or.jp/od2/B/202610/b261005.lzh,2026-10-05T06:26:05.144849+09:00
20261005,02,戸田,11,20261005-02-11,4,3333,丸尾義孝,58,徳島,53.0,A1,6.57,47.79,6.7,60.0,13,33.33,22,34.21,2632,7,https://www1.mbrace.or.jp/od2/B/202610/b261005.lzh,2026-10-05T06:26:05.144849+09:00
20261005,02,戸田,11,20261005-02-11,5,4209,藤田竜弘,43,静岡,57.0,A2,6.17,38.83,5.04,31.48,51,28.57,77,38.89,1 14,4,https://www1.mbrace.or.jp/od2/B/202610/b261005.lzh,2026-10-05T06:26:05.144849+09:00
20261005,02,戸田,11,20261005-02-11,6,4839,四宮与寛,36,徳島,52.0,A2,5.91,42.2,4.59,35.29,58,30.77,51,42.11,211,2,https://www1.mbrace.or.jp/od2/B/202610/b261005.lzh,2026-10-05T06:26:05.144849+09:00
20261005,02,戸田,12,20261005-02-12,1,5139,大場恒季,26,愛知,51.0,A1,6.66,51.61,6.12,35.29,17,20.0,47,38.71,5214,5,https://www1.mbrace.or.jp/od2/B/202610/b261005.lzh,2026-10-05T06:26:05.144849+09:00
20261005,02,戸田,12,20261005-02-12,2,3583,齋藤智裕,53,埼玉,57.0,B1,3.58,14.47,4.08,20.34,7,23.68,44,45.95,5 1,7,https://www1.mbrace.or.jp/od2/B/202610/b261005.lzh,2026-10-05T06:26:05.144849+09:00
20261005,02,戸田,12,20261005-02-12,3,3740,大澤普司,52,群馬,55.0,A1,6.02,39.5,5.89,37.84,19,30.77,27,26.47,4323,6,https://www1.mbrace.or.jp/od2/B/202610/b261005.lzh,2026-10-05T06:26:05.144849+09:00
20261005,02,戸田,12,20261005-02-12,4,4474,渡辺崇,39,福岡,57.0,B1,5.22,35.44,5.0,33.33,11,32.43,58,47.37,3 3,4,https://www1.mbrace.or.jp/od2/B/202610/b261005.lzh,2026-10-05T06:26:05.144849+09:00
20261005,02,戸田,12,20261005-02-12,5,4228,吉田慎二,43,愛知,58.0,A2,6.18,45.98,5.37,36.67,21,50.0,36,30.56,454,8,https://www1.mbrace.or.jp/od2/B/202610/b261005.lzh,2026-10-05T06:26:05.144849+09:00
20261005,02,戸田,12,20261005-02-12,6,4679,植田太一,37,福岡,60.0,A2,6.35,49.14,4.95,28.57,20,33.33,68,26.47,351,3,https://www1.mbrace.or.jp/od2/B/202610/b261005.lzh,2026-10-05T06:26:05.144849+09:00
