date,venue_code,venue_name,race,race_id,boat,registration_no,racer_name,weight_kg,exhibition_time,tilt,exhibition_course,exhibition_st_raw,exhibition_st_seconds,exhibition_st_flag,change_parts,is_miss,source_url,collected_at
20261006,02,戸田,1,20261006-02-01,1,3895,堀本裕也,50.5,6.8,-0.5,2,.22,0.22,,,False,https://www.boatrace.jp/owpc/pc/race/beforeinfo?hd=20261006&jcd=02&rno=1,2026-10-06T23:03:09.589186+09:00
20261006,02,戸田,1,20261006-02-01,2,3392,小森信雄,52.3,6.85,0.0,1,.23,0.23,,キャブ,False,https://www.boatrace.jp/owpc/pc/race/beforeinfo?hd=20261006&jcd=02&rno=1,2026-10-06T23:03:09.589186+09:00
20261006,02,戸田,1,20261006-02-01,3,5182,宮崎安奈,47.0,6.87,0.0,3,.25,0.25,,リング×４,False,https://www.boatrace.jp/owpc/pc/race/beforeinfo?hd=20261006&jcd=02&rno=1,2026-10-06T23:03:09.589186+09:00
20261006,02,戸田,1,20261006-02-01,4,4368,山口隆史,54.4,6.85,0.0,4,.02,0.02,,,False,https://www.boatrace.jp/owpc/pc/race/beforeinfo?hd=20261006&jcd=02&rno=1,2026-10-06T23:03:09.589186+09:00
20261006,02,戸田,1,20261006-02-01,5,5294,豊田祥生,50.5,6.86,-0.5,5,.03,0.03,,,False,https://www.boatrace.jp/owpc/pc/race/beforeinfo?hd=20261006&jcd=02&rno=1,2026-10-06T23:03:09.589186+09:00
20261006,02,戸田,1,20261006-02-01,6,5472,中川海虹,43.5,6.91,0.0,6,.19,0.19,,,False,https://www.boatrace.jp/owpc/pc/race/beforeinfo?hd=20261006&jcd=02&rno=1,2026-10-06T23:03:09.589186+09:00
20261006,02,戸田,2,20261006-02-02,1,4203,小倉康典,52.3,6.79,0.0,1,F.01,-0.01,F,,False,https://www.boatrace.jp/owpc/pc/race/beforeinfo?hd=20261006&jcd=02&rno=2,2026-10-06T23:03:09.484506+09:00
20261006,02,戸田,2,20261006-02-02,2,3583,齋藤智裕,56.9,6.8,-0.5,2,.27,0.27,,,False,https://www.boatrace.jp/owpc/pc/race/beforeinfo?hd=20261006&jcd=02&rno=2,2026-10-06T23:03:09.484506+09:00
20261006,02,戸田,2,20261006-02-02,3,4977,馬野耀,54.2,6.79,0.0,3,.02,0.02,,,False,https://www.boatrace.jp/owpc/pc/race/beforeinfo?hd=20261006&jcd=02&rno=2,2026-10-06T23:03:09.484506+09:00
20261006,02,戸田,2,20261006-02-02,4,3773,津留浩一郎,56.9,6.8,-0.5,4,.09,0.09,,,False,https://www.boatrace.jp/owpc/pc/race/beforeinfo?hd=20261006&jcd=02&rno=2,2026-10-06T23:03:09.484506+09:00
20261006,02,戸田,2,20261006-02-02,5,5370,日隈茜,47.2,6.84,0.0,5,F.05,-0.05,F,,False,https://www.boatrace.jp/owpc/pc/race/beforeinfo?hd=20261006&jcd=02&rno=2,2026-10-06T23:03:09.484506+09:00
20261006,02,戸田,2,20261006-02-02,6,3752,宇土泰就,57.0,6.88,-0.5,6,.04,0.04,,,False,https://www.boatrace.jp/owpc/pc/race/beforeinfo?hd=20261006&jcd=02&rno=2,2026-10-06T23:03:09.484506+09:00
20261006,02,戸田,3,20261006-02-03,1,4752,西尾亮輔,52.5,6.82,0.0,1,.06,0.06,,,False,https://www.boatrace.jp/owpc/pc/race/beforeinfo?hd=20261006&jcd=02&rno=3,2026-10-06T23:03:13.736731+09:00
20261006,02,戸田,3,20261006-02-03,2,4182,吉田和仁,55.3,6.8,-0.5,2,F.02,-0.02,F,,False,https://www.boatrace.jp/owpc/pc/race/beforeinfo?hd=20261006&jcd=02&rno=3,2026-10-06T23:03:13.736731+09:00
20261006,02,戸田,3,20261006-02-03,3,3251,平石和男,50.5,6.86,0.0,3,.14,0.14,,,False,https://www.boatrace.jp/owpc/pc/race/beforeinfo?hd=20261006&jcd=02&rno=3,2026-10-06T23:03:13.736731+09:00
20261006,02,戸田,3,20261006-02-03,4,3293,宮内由紀英,52.1,6.87,-0.5,4,.08,0.08,,,False,https://www.boatrace.jp/owpc/pc/race/beforeinfo?hd=20261006&jcd=02&rno=3,2026-10-06T23:03:13.736731+09:00
20261006,02,戸田,3,20261006-02-03,5,5399,長野未来,43.5,6.8,0.0,5,.17,0.17,,,False,https://www.boatrace.jp/owpc/pc/race/beforeinfo?hd=20261006&jcd=02&rno=3,2026-10-06T23:03:13.736731+09:00
20261006,02,戸田,3,20261006-02-03,6,3740,大澤普司,53.2,6.89,0.0,6,.09,0.09,,,False,https://www.boatrace.jp/owpc/pc/race/beforeinfo?hd=20261006&jcd=02&rno=3,2026-10-06T23:03:13.736731+09:00
20261006,02,戸田,4,20261006-02-04,1,5101,表健太,55.7,6.9,-0.5,1,.14,0.14,,,False,https://www.boatrace.jp/owpc/pc/race/beforeinfo?hd=20261006&jcd=02&rno=4,2026-10-06T23:03:16.732015+09:00
20261006,02,戸田,4,20261006-02-04,2,3406,中里英夫,52.5,6.86,0.0,2,.19,0.19,,,False,https://www.boatrace.jp/owpc/pc/race/beforeinfo?hd=20261006&jcd=02&rno=4,2026-10-06T23:03:16.732015+09:00
20261006,02,戸田,4,20261006-02-04,3,3333,丸尾義孝,52.4,6.92,0.0,3,.13,0.13,,,False,https://www.boatrace.jp/owpc/pc/race/beforeinfo?hd=20261006&jcd=02&rno=4,2026-10-06T23:03:16.732015+09:00
20261006,02,戸田,4,20261006-02-04,4,4140,梶野学志,53.2,6.88,-0.5,4,.21,0.21,,,False,https://www.boatrace.jp/owpc/pc/race/beforeinfo?hd=20261006&jcd=02&rno=4,2026-10-06T23:03:16.732015+09:00
20261006,02,戸田,4,20261006-02-04,5,4175,川尻泰輔,54.9,6.92,0.0,5,.19,0.19,,,False,https://www.boatrace.jp/owpc/pc/race/beforeinfo?hd=20261006&jcd=02&rno=4,2026-10-06T23:03:16.732015+09:00
20261006,02,戸田,4,20261006-02-04,6,4474,渡辺崇,55.7,6.87,0.0,6,.22,0.22,,,False,https://www.boatrace.jp/owpc/pc/race/beforeinfo?hd=20261006&jcd=02&rno=4,2026-10-06T23:03:16.732015+09:00
20261006,02,戸田,5,20261006-02-05,1,4523,中村辰也,52.9,6.78,-0.5,1,F.01,-0.01,F,,False,https://www.boatrace.jp/owpc/pc/race/beforeinfo?hd=20261006&jcd=02&rno=5,2026-10-06T23:03:17.690516+09:00
20261006,02,戸田,5,20261006-02-05,2,3226,浦田信義,52.5,6.75,-0.5,2,F.08,-0.08,F,,False,https://www.boatrace.jp/owpc/pc/race/beforeinfo?hd=20261006&jcd=02&rno=5,2026-10-06T23:03:17.690516+09:00
20261006,02,戸田,5,20261006-02-05,3,3696,白井友晴,52.6,6.86,0.0,3,F.03,-0.03,F,,False,https://www.boatrace.jp/owpc/pc/race/beforeinfo?hd=20261006&jcd=02&rno=5,2026-10-06T23:03:17.690516+09:00
20261006,02,戸田,5,20261006-02-05,4,5075,中島秀治,52.5,6.77,0.0,4,.12,0.12,,,False,https://www.boatrace.jp/owpc/pc/race/beforeinfo?hd=20261006&jcd=02&rno=5,2026-10-06T23:03:17.690516+09:00
20261006,02,戸田,5,20261006-02-05,5,3895,堀本裕也,50.5,,,,,,,,True,https://www.boatrace.jp/owpc/pc/race/beforeinfo?hd=20261006&jcd=02&rno=5,2026-10-06T23:03:17.690516+09:00
20261006,02,戸田,5,20261006-02-05,6,3615,横田茂,52.0,6.85,0.0,5,.15,0.15,,,False,https://www.boatrace.jp/owpc/pc/race/beforeinfo?hd=20261006&jcd=02&rno=5,2026-10-06T23:03:17.690516+09:00
20261006,02,戸田,6,20261006-02-06,1,4368,山口隆史,54.4,6.78,0.0,1,.01,0.01,,,False,https://www.boatrace.jp/owpc/pc/race/beforeinfo?hd=20261006&jcd=02&rno=6,2026-10-06T23:03:19.804291+09:00
20261006,02,戸田,6,20261006-02-06,2,4904,松本一毅,52.0,6.77,-0.5,2,.04,0.04,,,False,https://www.boatrace.jp/owpc/pc/race/beforeinfo?hd=20261006&jcd=02&rno=6,2026-10-06T23:03:19.804291+09:00
20261006,02,戸田,6,20261006-02-06,3,3752,宇土泰就,57.0,6.77,-0.5,3,.15,0.15,,,False,https://www.boatrace.jp/owpc/pc/race/beforeinfo?hd=20261006&jcd=02&rno=6,2026-10-06T23:03:19.804291+09:00
20261006,02,戸田,6,20261006-02-06,4,3583,齋藤智裕,56.9,6.85,-0.5,4,.08,0.08,,,False,https://www.boatrace.jp/owpc/pc/race/beforeinfo?hd=20261006&jcd=02&rno=6,2026-10-06T23:03:19.804291+09:00
20261006,02,戸田,6,20261006-02-06,5,4209,藤田竜弘,56.5,6.8,0.0,5,.11,0.11,,,False,https://www.boatrace.jp/owpc/pc/race/beforeinfo?hd=20261006&jcd=02&rno=6,2026-10-06T23:03:19.804291+09:00
20261006,02,戸田,6,20261006-02-06,6,3392,小森信雄,52.3,6.85,0.0,6,.06,0.06,,,False,https://www.boatrace.jp/owpc/pc/race/beforeinfo?hd=20261006&jcd=02&rno=6,2026-10-06T23:03:19.804291+09:00
20261006,02,戸田,7,20261006-02-07,1,3999,大瀧明日香,45.5,6.78,-0.5,1,.15,0.15,,,False,https://www.boatrace.jp/owpc/pc/race/beforeinfo?hd=20261006&jcd=02&rno=7,2026-10-06T23:03:22.932735+09:00
20261006,02,戸田,7,20261006-02-07,2,5182,宮崎安奈,47.0,6.88,0.0,2,.16,0.16,,,False,https://www.boatrace.jp/owpc/pc/race/beforeinfo?hd=20261006&jcd=02&rno=7,2026-10-06T23:03:22.932735+09:00
20261006,02,戸田,7,20261006-02-07,3,5370,日隈茜,47.2,6.8,0.0,3,.21,0.21,,,False,https://www.boatrace.jp/owpc/pc/race/beforeinfo?hd=20261006&jcd=02&rno=7,2026-10-06T23:03:22.932735+09:00
20261006,02,戸田,7,20261006-02-07,4,5399,長野未来,43.5,6.83,0.0,4,.27,0.27,,,False,https://www.boatrace.jp/owpc/pc/race/beforeinfo?hd=20261006&jcd=02&rno=7,2026-10-06T23:03:22.932735+09:00
20261006,02,戸田,7,20261006-02-07,5,5472,中川海虹,43.5,6.91,0.0,6,.19,0.19,,,False,https://www.boatrace.jp/owpc/pc/race/beforeinfo?hd=20261006&jcd=02&rno=7,2026-10-06T23:03:22.932735+09:00
20261006,02,戸田,7,20261006-02-07,6,3993,永井聖美,46.5,6.81,-0.5,5,.09,0.09,,,False,https://www.boatrace.jp/owpc/pc/race/beforeinfo?hd=20261006&jcd=02&rno=7,2026-10-06T23:03:22.932735+09:00
20261006,02,戸田,8,20261006-02-08,1,5294,豊田祥生,50.5,6.71,0.0,1,.15,0.15,,,False,https://www.boatrace.jp/owpc/pc/race/beforeinfo?hd=20261006&jcd=02&rno=8,2026-10-06T23:03:24.922898+09:00
20261006,02,戸田,8,20261006-02-08,2,4977,馬野耀,54.2,6.77,0.0,2,.09,0.09,,,False,https://www.boatrace.jp/owpc/pc/race/beforeinfo?hd=20261006&jcd=02&rno=8,2026-10-06T23:03:24.922898+09:00
20261006,02,戸田,8,20261006-02-08,3,5101,表健太,55.7,6.92,-0.5,3,.11,0.11,,,False,https://www.boatrace.jp/owpc/pc/race/beforeinfo?hd=20261006&jcd=02&rno=8,2026-10-06T23:03:24.922898+09:00
20261006,02,戸田,8,20261006-02-08,4,4679,植田太一,58.9,6.87,-0.5,4,.16,0.16,,,False,https://www.boatrace.jp/owpc/pc/race/beforeinfo?hd=20261006&jcd=02&rno=8,2026-10-06T23:03:24.922898+09:00
20261006,02,戸田,8,20261006-02-08,5,4752,西尾亮輔,52.5,6.84,0.0,5,.28,0.28,,,False,https://www.boatrace.jp/owpc/pc/race/beforeinfo?hd=20261006&jcd=02&rno=8,2026-10-06T23:03:24.922898+09:00
20261006,02,戸田,8,20261006-02-08,6,4182,吉田和仁,55.3,6.82,0.0,6,.08,0.08,,ギヤ,False,https://www.boatrace.jp/owpc/pc/race/beforeinfo?hd=20261006&jcd=02&rno=8,2026-10-06T23:03:24.922898+09:00
20261006,02,戸田,9,20261006-02-09,1,3773,津留浩一郎,56.9,6.76,-0.5,1,.15,0.15,,,False,https://www.boatrace.jp/owpc/pc/race/beforeinfo?hd=20261006&jcd=02&rno=9,2026-10-06T23:03:26.906529+09:00
20261006,02,戸田,9,20261006-02-09,2,4474,渡辺崇,55.7,6.79,0.0,2,.07,0.07,,,False,https://www.boatrace.jp/owpc/pc/race/beforeinfo?hd=20261006&jcd=02&rno=9,2026-10-06T23:03:26.906529+09:00
20261006,02,戸田,9,20261006-02-09,3,4228,吉田慎二郎,56.0,6.79,-0.5,3,.07,0.07,,,False,https://www.boatrace.jp/owpc/pc/race/beforeinfo?hd=20261006&jcd=02&rno=9,2026-10-06T23:03:26.906529+09:00
20261006,02,戸田,9,20261006-02-09,4,4991,宗行治哉,52.0,6.83,0.0,4,.09,0.09,,,False,https://www.boatrace.jp/owpc/pc/race/beforeinfo?hd=20261006&jcd=02&rno=9,2026-10-06T23:03:26.906529+09:00
20261006,02,戸田,9,20261006-02-09,5,4729,佐藤謙史朗,54.8,6.73,0.0,5,.05,0.05,,,False,https://www.boatrace.jp/owpc/pc/race/beforeinfo?hd=20261006&jcd=02&rno=9,2026-10-06T23:03:26.906529+09:00
20261006,02,戸田,9,20261006-02-09,6,3293,宮内由紀英,52.1,6.85,-0.5,6,.09,0.09,,,False,https://www.boatrace.jp/owpc/pc/race/beforeinfo?hd=20261006&jcd=02&rno=9,2026-10-06T23:03:26.906529+09:00
20261006,02,戸田,10,20261006-02-10,1,3740,大澤普司,53.2,6.76,0.0,1,.03,0.03,,,False,https://www.boatrace.jp/owpc/pc/race/beforeinfo?hd=20261006&jcd=02&rno=10,2026-10-06T23:03:27.984443+09:00
20261006,02,戸田,10,20261006-02-10,2,4175,川尻泰輔,54.9,6.7,0.0,2,.01,0.01,,,False,https://www.boatrace.jp/owpc/pc/race/beforeinfo?hd=20261006&jcd=02&rno=10,2026-10-06T23:03:27.984443+09:00
20261006,02,戸田,10,20261006-02-10,3,5075,中島秀治,52.5,6.82,-0.5,3,.07,0.07,,,False,https://www.boatrace.jp/owpc/pc/race/beforeinfo?hd=20261006&jcd=02&rno=10,2026-10-06T23:03:27.984443+09:00
20261006,02,戸田,10,20261006-02-10,4,3251,平石和男,50.5,6.76,0.0,4,.01,0.01,,,False,https://www.boatrace.jp/owpc/pc/race/beforeinfo?hd=20261006&jcd=02&rno=10,2026-10-06T23:03:27.984443+09:00
20261006,02,戸田,10,20261006-02-10,5,3226,浦田信義,52.5,6.79,-0.5,5,.23,0.23,,,False,https://www.boatrace.jp/owpc/pc/race/beforeinfo?hd=20261006&jcd=02&rno=10,2026-10-06T23:03:27.984443+09:00
20261006,02,戸田,10,20261006-02-10,6,3406,中里英夫,52.5,6.76,0.0,6,.01,0.01,,,False,https://www.boatrace.jp/owpc/pc/race/beforeinfo?hd=20261006&jcd=02&rno=10,2026-10-06T23:03:27.984443+09:00
20261006,02,戸田,11,20261006-02-11,1,3993,永井聖美,46.5,6.72,-0.5,1,.01,0.01,,,False,https://www.boatrace.jp/owpc/pc/race/beforeinfo?hd=20261006&jcd=02&rno=11,2026-10-06T23:03:32.148416+09:00
20261006,02,戸田,11,20261006-02-11,2,4209,藤田竜弘,56.5,6.78,-0.5,2,.01,0.01,,,False,https://www.boatrace.jp/owpc/pc/race/beforeinfo?hd=20261006&jcd=02&rno=11,2026-10-06T23:03:32.148416+09:00
20261006,02,戸田,11,20261006-02-11,3,4140,梶野学志,53.2,6.81,-0.5,3,.06,0.06,,,False,https://www.boatrace.jp/owpc/pc/race/beforeinfo?hd=20261006&jcd=02&rno=11,2026-10-06T23:03:32.148416+09:00
20261006,02,戸田,11,20261006-02-11,4,3333,丸尾義孝,52.4,6.82,-0.5,4,.01,0.01,,,False,https://www.boatrace.jp/owpc/pc/race/beforeinfo?hd=20261006&jcd=02&rno=11,2026-10-06T23:03:32.148416+09:00
20261006,02,戸田,11,20261006-02-11,5,4203,小倉康典,52.3,6.85,0.0,5,.06,0.06,,,False,https://www.boatrace.jp/owpc/pc/race/beforeinfo?hd=20261006&jcd=02&rno=11,2026-10-06T23:03:32.148416+09:00
20261006,02,戸田,11,20261006-02-11,6,4523,中村辰也,52.9,6.82,0.0,6,.23,0.23,,,False,https://www.boatrace.jp/owpc/pc/race/beforeinfo?hd=20261006&jcd=02&rno=11,2026-10-06T23:03:32.148416+09:00
20261006,02,戸田,12,20261006-02-12,1,4839,四宮与寛,52.0,6.77,0.0,1,.14,0.14,,,False,https://www.boatrace.jp/owpc/pc/race/beforeinfo?hd=20261006&jcd=02&rno=12,2026-10-06T23:03:34.105841+09:00
20261006,02,戸田,12,20261006-02-12,2,4216,星栄爾,54.3,6.75,0.0,2,.08,0.08,,,False,https://www.boatrace.jp/owpc/pc/race/beforeinfo?hd=20261006&jcd=02&rno=12,2026-10-06T23:03:34.105841+09:00
20261006,02,戸田,12,20261006-02-12,3,4796,春園功太,52.0,6.74,0.0,3,.13,0.13,,,False,https://www.boatrace.jp/owpc/pc/race/beforeinfo?hd=20261006&jcd=02&rno=12,2026-10-06T23:03:34.105841+09:00
20261006,02,戸田,12,20261006-02-12,4,5088,高憧四季,44.5,6.69,0.0,4,.24,0.24,,,False,https://www.boatrace.jp/owpc/pc/race/beforeinfo?hd=20261006&jcd=02&rno=12,2026-10-06T23:03:34.105841+09:00
20261006,02,戸田,12,20261006-02-12,5,5139,大場恒季,51.5,6.73,0.0,5,.03,0.03,,リング×２,False,https://www.boatrace.jp/owpc/pc/race/beforeinfo?hd=20261006&jcd=02&rno=12,2026-10-06T23:03:34.105841+09:00
20261006,02,戸田,12,20261006-02-12,6,4067,永井源,52.0,6.8,0.0,6,.09,0.09,,,False,https://www.boatrace.jp/owpc/pc/race/beforeinfo?hd=20261006&jcd=02&rno=12,2026-10-06T23:03:34.105841+09:00
20261006,05,多摩川,1,20261006-05-01,1,3105,内山文典,52.0,6.73,-0.5,1,.02,0.02,,,False,https://www.boatrace.jp/owpc/pc/race/beforeinfo?hd=20261006&jcd=05&rno=1,2026-10-06T23:02:40.960109+09:00
20261006,05,多摩川,1,20261006-05-01,2,5272,松田真実,47.0,6.7,-0.5,2,.13,0.13,,,False,https://www.boatrace.jp/owpc/pc/race/beforeinfo?hd=20261006&jcd=05&rno=1,2026-10-06T23:02:40.960109+09:00
20261006,05,多摩川,1,20261006-05-01,3,3655,本橋克洋,52.4,6.74,0.0,3,.17,0.17,,,False,https://www.boatrace.jp/owpc/pc/race/beforeinfo?hd=20261006&jcd=05&rno=1,2026-10-06T23:02:40.960109+09:00
20261006,05,多摩川,1,20261006-05-01,4,5385,鈴木柊介,54.6,6.7,0.0,4,.01,0.01,,,False,https://www.boatrace.jp/owpc/pc/race/beforeinfo?hd=20261006&jcd=05&rno=1,2026-10-06T23:02:40.960109+09:00
20261006,05,多摩川,1,20261006-05-01,5,5439,志賀美優,47.5,6.77,0.0,5,.17,0.17,,,False,https://www.boatrace.jp/owpc/pc/race/beforeinfo?hd=20261006&jcd=05&rno=1,2026-10-06T23:02:40.960109+09:00
20261006,05,多摩川,1,20261006-05-01,6,5029,中亮太,53.0,6.68,0.0,6,.11,0.11,,,False,https://www.boatrace.jp/owpc/pc/race/beforeinfo?hd=20261006&jcd=05&rno=1,2026-10-06T23:02:40.960109+09:00
20261006,05,多摩川,2,20261006-05-02,1,4990,田中博子,47.0,6.8,-0.5,1,F.01,-0.01,F,,False,https://www.boatrace.jp/owpc/pc/race/beforeinfo?hd=20261006&jcd=05&rno=2,2026-10-06T23:02:42.929866+09:00
20261006,05,多摩川,2,20261006-05-02,2,4911,片岡大地,52.3,6.77,-0.5,2,.04,0.04,,,False,https://www.boatrace.jp/owpc/pc/race/beforeinfo?hd=20261006&jcd=05&rno=2,2026-10-06T23:02:42.929866+09:00
20261006,05,多摩川,2,20261006-05-02,3,4274,長畑友輔,52.0,6.79,-0.5,3,.08,0.08,,,False,https://www.boatrace.jp/owpc/pc/race/beforeinfo?hd=20261006&jcd=05&rno=2,2026-10-06T23:02:42.929866+09:00
20261006,05,多摩川,2,20261006-05-02,4,3660,長谷川親王,57.1,6.77,0.0,4,.26,0.26,,,False,https://www.boatrace.jp/owpc/pc/race/beforeinfo?hd=20261006&jcd=05&rno=2,2026-10-06T23:02:42.929866+09:00
20261006,05,多摩川,2,20261006-05-02,5,3876,中辻崇人,52.3,6.67,0.5,5,.11,0.11,,,False,https://www.boatrace.jp/owpc/pc/race/beforeinfo?hd=20261006&jcd=05&rno=2,2026-10-06T23:02:42.929866+09:00
20261006,05,多摩川,2,20261006-05-02,6,5334,樫葉新心,46.0,6.8,-0.5,6,.11,0.11,,,False,https://www.boatrace.jp/owpc/pc/race/beforeinfo?hd=20261006&jcd=05&rno=2,2026-10-06T23:02:42.929866+09:00
20261006,05,多摩川,3,20261006-05-03,1,4988,牟田奨太,54.1,6.84,-0.5,1,F.03,-0.03,F,,False,https://www.boatrace.jp/owpc/pc/race/beforeinfo?hd=20261006&jcd=05&rno=3,2026-10-06T23:02:46.092945+09:00
20261006,05,多摩川,3,20261006-05-03,2,4618,乃村康友,54.9,6.75,0.0,2,.09,0.09,,,False,https://www.boatrace.jp/owpc/pc/race/beforeinfo?hd=20261006&jcd=05&rno=3,2026-10-06T23:02:46.092945+09:00
20261006,05,多摩川,3,20261006-05-03,3,4876,梅木敬太,53.3,6.76,0.0,3,.01,0.01,,,False,https://www.boatrace.jp/owpc/pc/race/beforeinfo?hd=20261006&jcd=05&rno=3,2026-10-06T23:02:46.092945+09:00
20261006,05,多摩川,3,20261006-05-03,4,3777,樋口亮,52.0,6.77,-0.5,4,.20,0.2,,,False,https://www.boatrace.jp/owpc/pc/race/beforeinfo?hd=20261006&jcd=05&rno=3,2026-10-06T23:02:46.092945+09:00
20261006,05,多摩川,3,20261006-05-03,5,4794,和田拓也,52.0,6.72,0.0,5,.08,0.08,,,False,https://www.boatrace.jp/owpc/pc/race/beforeinfo?hd=20261006&jcd=05&rno=3,2026-10-06T23:02:46.092945+09:00
20261006,05,多摩川,3,20261006-05-03,6,5461,板頭里緒,49.8,6.75,-0.5,6,.09,0.09,,,False,https://www.boatrace.jp/owpc/pc/race/beforeinfo?hd=20261006&jcd=05&rno=3,2026-10-06T23:02:46.092945+09:00
20261006,05,多摩川,4,20261006-05-04,1,4650,中山雄太,52.0,6.7,-0.5,1,.02,0.02,,,False,https://www.boatrace.jp/owpc/pc/race/beforeinfo?hd=20261006&jcd=05&rno=4,2026-10-06T23:02:50.114802+09:00
20261006,05,多摩川,4,20261006-05-04,2,4725,佐竹太一,52.6,6.8,-0.5,2,.12,0.12,,,False,https://www.boatrace.jp/owpc/pc/race/beforeinfo?hd=20261006&jcd=05&rno=4,2026-10-06T23:02:50.114802+09:00
20261006,05,多摩川,4,20261006-05-04,3,3684,清水攻二,52.0,6.78,-0.5,3,.21,0.21,,,False,https://www.boatrace.jp/owpc/pc/race/beforeinfo?hd=20261006&jcd=05&rno=4,2026-10-06T23:02:50.114802+09:00
20261006,05,多摩川,4,20261006-05-04,4,5387,戸田海咲音,51.6,6.83,0.0,4,.29,0.29,,,False,https://www.boatrace.jp/owpc/pc/race/beforeinfo?hd=20261006&jcd=05&rno=4,2026-10-06T23:02:50.114802+09:00
20261006,05,多摩川,4,20261006-05-04,5,4318,桑原将光,52.1,6.86,0.0,5,.07,0.07,,,False,https://www.boatrace.jp/owpc/pc/race/beforeinfo?hd=20261006&jcd=05&rno=4,2026-10-06T23:02:50.114802+09:00
20261006,05,多摩川,4,20261006-05-04,6,4636,赤池修平,52.0,6.76,-0.5,6,.05,0.05,,,False,https://www.boatrace.jp/owpc/pc/race/beforeinfo?hd=20261006&jcd=05&rno=4,2026-10-06T23:02:50.114802+09:00
20261006,05,多摩川,5,20261006-05-05,1,3757,畑和宏,52.8,6.78,-0.5,1,.05,0.05,,,False,https://www.boatrace.jp/owpc/pc/race/beforeinfo?hd=20261006&jcd=05&rno=5,2026-10-06T23:02:51.161573+09:00
20261006,05,多摩川,5,20261006-05-05,2,4293,鈴木智啓,58.8,6.82,0.0,2,.05,0.05,,,False,https://www.boatrace.jp/owpc/pc/race/beforeinfo?hd=20261006&jcd=05&rno=5,2026-10-06T23:02:51.161573+09:00
20261006,05,多摩川,5,20261006-05-05,3,4703,森永隆,51.5,6.8,0.0,3,F.01,-0.01,F,,False,https://www.boatrace.jp/owpc/pc/race/beforeinfo?hd=20261006&jcd=05&rno=5,2026-10-06T23:02:51.161573+09:00
20261006,05,多摩川,5,20261006-05-05,4,3976,内田圭,52.0,6.82,0.0,4,.11,0.11,,,False,https://www.boatrace.jp/owpc/pc/race/beforeinfo?hd=20261006&jcd=05&rno=5,2026-10-06T23:02:51.161573+09:00
20261006,05,多摩川,5,20261006-05-05,5,5034,若林義人,53.2,6.63,0.0,5,F.03,-0.03,F,,False,https://www.boatrace.jp/owpc/pc/race/beforeinfo?hd=20261006&jcd=05&rno=5,2026-10-06T23:02:51.161573+09:00
20261006,05,多摩川,5,20261006-05-05,6,4824,松井洪弥,52.0,6.77,0.0,6,F.01,-0.01,F,,False,https://www.boatrace.jp/owpc/pc/race/beforeinfo?hd=20261006&jcd=05&rno=5,2026-10-06T23:02:51.161573+09:00
20261006,05,多摩川,6,20261006-05-06,1,5125,高井雄基,52.0,6.87,-0.5,1,.04,0.04,,,False,https://www.boatrace.jp/owpc/pc/race/beforeinfo?hd=20261006&jcd=05&rno=6,2026-10-06T23:02:51.121205+09:00
20261006,05,多摩川,6,20261006-05-06,2,4233,亀山雅幸,52.0,6.69,0.0,2,.05,0.05,,,False,https://www.boatrace.jp/owpc/pc/race/beforeinfo?hd=20261006&jcd=05&rno=6,2026-10-06T23:02:51.121205+09:00
20261006,05,多摩川,6,20261006-05-06,3,3870,寺嶋雄,51.5,6.76,0.0,3,.11,0.11,,,False,https://www.boatrace.jp/owpc/pc/race/beforeinfo?hd=20261006&jcd=05&rno=6,2026-10-06T23:02:51.121205+09:00
20261006,05,多摩川,6,20261006-05-06,4,4914,吉田裕平,52.0,6.75,0.0,4,.11,0.11,,,False,https://www.boatrace.jp/owpc/pc/race/beforeinfo?hd=20261006&jcd=05&rno=6,2026-10-06T23:02:51.121205+09:00
20261006,05,多摩川,6,20261006-05-06,5,3655,本橋克洋,52.4,6.82,0.0,5,.23,0.23,,,False,https://www.boatrace.jp/owpc/pc/race/beforeinfo?hd=20261006&jcd=05&rno=6,2026-10-06T23:02:51.121205+09:00
20261006,05,多摩川,6,20261006-05-06,6,4239,竹田辰也,52.5,6.83,0.0,6,F.09,-0.09,F,,False,https://www.boatrace.jp/owpc/pc/race/beforeinfo?hd=20261006&jcd=05&rno=6,2026-10-06T23:02:51.121205+09:00
20261006,05,多摩川,7,20261006-05-07,1,4163,山崎裕司,52.0,6.72,-0.5,1,.04,0.04,,,False,https://www.boatrace.jp/owpc/pc/race/beforeinfo?hd=20261006&jcd=05&rno=7,2026-10-06T23:02:56.345960+09:00
20261006,05,多摩川,7,20261006-05-07,2,3857,阿波勝哉,52.5,6.83,0.0,2,.15,0.15,,,False,https://www.boatrace.jp/owpc/pc/race/beforeinfo?hd=20261006&jcd=05&rno=7,2026-10-06T23:02:56.345960+09:00
20261006,05,多摩川,7,20261006-05-07,3,4732,堀本和也,54.1,6.84,-0.5,3,.05,0.05,,,False,https://www.boatrace.jp/owpc/pc/race/beforeinfo?hd=20261006&jcd=05&rno=7,2026-10-06T23:02:56.345960+09:00
20261006,05,多摩川,7,20261006-05-07,4,5406,小畑楓夏,52.0,6.88,-0.5,4,.13,0.13,,,False,https://www.boatrace.jp/owpc/pc/race/beforeinfo?hd=20261006&jcd=05&rno=7,2026-10-06T23:02:56.345960+09:00
20261006,05,多摩川,7,20261006-05-07,5,4988,牟田奨太,54.1,6.81,0.0,5,.26,0.26,,,False,https://www.boatrace.jp/owpc/pc/race/beforeinfo?hd=20261006&jcd=05&rno=7,2026-10-06T23:02:56.345960+09:00
20261006,05,多摩川,7,20261006-05-07,6,5439,志賀美優,47.5,6.81,0.0,6,.23,0.23,,,False,https://www.boatrace.jp/owpc/pc/race/beforeinfo?hd=20261006&jcd=05&rno=7,2026-10-06T23:02:56.345960+09:00
20261006,05,多摩川,8,20261006-05-08,1,3876,中辻崇人,52.3,6.68,0.5,1,.04,0.04,,,False,https://www.boatrace.jp/owpc/pc/race/beforeinfo?hd=20261006&jcd=05&rno=8,2026-10-06T23:03:00.292713+09:00
20261006,05,多摩川,8,20261006-05-08,2,4469,土山卓也,54.7,6.76,0.0,2,.04,0.04,,,False,https://www.boatrace.jp/owpc/pc/race/beforeinfo?hd=20261006&jcd=05&rno=8,2026-10-06T23:03:00.292713+09:00
20261006,05,多摩川,8,20261006-05-08,3,5272,松田真実,47.0,6.74,-0.5,3,.01,0.01,,,False,https://www.boatrace.jp/owpc/pc/race/beforeinfo?hd=20261006&jcd=05&rno=8,2026-10-06T23:03:00.292713+09:00
20261006,05,多摩川,8,20261006-05-08,4,5461,板頭里緒,49.8,6.72,-0.5,6,.14,0.14,,,False,https://www.boatrace.jp/owpc/pc/race/beforeinfo?hd=20261006&jcd=05&rno=8,2026-10-06T23:03:00.292713+09:00
20261006,05,多摩川,8,20261006-05-08,5,3684,清水攻二,52.0,6.78,-0.5,4,.09,0.09,,,False,https://www.boatrace.jp/owpc/pc/race/beforeinfo?hd=20261006&jcd=05&rno=8,2026-10-06T23:03:00.292713+09:00
20261006,05,多摩川,8,20261006-05-08,6,5410,今泉澪,47.0,6.69,-0.5,5,.14,0.14,,,False,https://www.boatrace.jp/owpc/pc/race/beforeinfo?hd=20261006&jcd=05&rno=8,2026-10-06T23:03:00.292713+09:00
20261006,05,多摩川,9,20261006-05-09,1,3777,樋口亮,52.0,6.75,-0.5,1,.23,0.23,,,False,https://www.boatrace.jp/owpc/pc/race/beforeinfo?hd=20261006&jcd=05&rno=9,2026-10-06T23:02:59.304008+09:00
20261006,05,多摩川,9,20261006-05-09,2,3567,吉岡誠,54.8,6.82,0.0,2,.18,0.18,,,False,https://www.boatrace.jp/owpc/pc/race/beforeinfo?hd=20261006&jcd=05&rno=9,2026-10-06T23:02:59.304008+09:00
20261006,05,多摩川,9,20261006-05-09,3,5029,中亮太,53.0,6.69,0.0,3,.15,0.15,,,False,https://www.boatrace.jp/owpc/pc/race/beforeinfo?hd=20261006&jcd=05&rno=9,2026-10-06T23:02:59.304008+09:00
20261006,05,多摩川,9,20261006-05-09,4,4824,松井洪弥,52.0,6.81,-0.5,4,.13,0.13,,,False,https://www.boatrace.jp/owpc/pc/race/beforeinfo?hd=20261006&jcd=05&rno=9,2026-10-06T23:02:59.304008+09:00
20261006,05,多摩川,9,20261006-05-09,5,3680,森林太,53.8,6.8,-0.5,5,.19,0.19,,,False,https://www.boatrace.jp/owpc/pc/race/beforeinfo?hd=20261006&jcd=05&rno=9,2026-10-06T23:02:59.304008+09:00
20261006,05,多摩川,9,20261006-05-09,6,4889,後藤盛也,52.0,6.77,0.0,6,.01,0.01,,,False,https://www.boatrace.jp/owpc/pc/race/beforeinfo?hd=20261006&jcd=05&rno=9,2026-10-06T23:02:59.304008+09:00
20261006,05,多摩川,10,20261006-05-10,1,4911,片岡大地,52.3,6.77,-0.5,1,.04,0.04,,,False,https://www.boatrace.jp/owpc/pc/race/beforeinfo?hd=20261006&jcd=05&rno=10,2026-10-06T23:02:59.370043+09:00
20261006,05,多摩川,10,20261006-05-10,2,4650,中山雄太,52.0,6.75,-0.5,2,.01,0.01,,,False,https://www.boatrace.jp/owpc/pc/race/beforeinfo?hd=20261006&jcd=05&rno=10,2026-10-06T23:02:59.370043+09:00
20261006,05,多摩川,10,20261006-05-10,3,4239,竹田辰也,52.5,6.82,0.0,3,F.04,-0.04,F,,False,https://www.boatrace.jp/owpc/pc/race/beforeinfo?hd=20261006&jcd=05&rno=10,2026-10-06T23:02:59.370043+09:00
20261006,05,多摩川,10,20261006-05-10,4,4529,嶋義信,53.8,6.74,0.0,4,.21,0.21,,,False,https://www.boatrace.jp/owpc/pc/race/beforeinfo?hd=20261006&jcd=05&rno=10,2026-10-06T23:02:59.370043+09:00
20261006,05,多摩川,10,20261006-05-10,5,3105,内山文典,52.0,6.76,0.0,5,.12,0.12,,,False,https://www.boatrace.jp/owpc/pc/race/beforeinfo?hd=20261006&jcd=05&rno=10,2026-10-06T23:02:59.370043+09:00
20261006,05,多摩川,10,20261006-05-10,6,4876,梅木敬太,53.3,6.77,0.0,6,.11,0.11,,,False,https://www.boatrace.jp/owpc/pc/race/beforeinfo?hd=20261006&jcd=05&rno=10,2026-10-06T23:02:59.370043+09:00
20261006,05,多摩川,11,20261006-05-11,1,4794,和田拓也,52.0,6.77,0.0,1,F.06,-0.06,F,,False,https://www.boatrace.jp/owpc/pc/race/beforeinfo?hd=20261006&jcd=05&rno=11,2026-10-06T23:03:04.527585+09:00
20261006,05,多摩川,11,20261006-05-11,2,4318,桑原将光,52.1,6.84,0.0,2,.12,0.12,,,False,https://www.boatrace.jp/owpc/pc/race/beforeinfo?hd=20261006&jcd=05&rno=11,2026-10-06T23:03:04.527585+09:00
20261006,05,多摩川,11,20261006-05-11,3,3757,畑和宏,52.8,6.88,-0.5,3,.13,0.13,,,False,https://www.boatrace.jp/owpc/pc/race/beforeinfo?hd=20261006&jcd=05&rno=11,2026-10-06T23:03:04.527585+09:00
20261006,05,多摩川,11,20261006-05-11,4,4274,長畑友輔,52.0,6.86,0.0,4,.10,0.1,,,False,https://www.boatrace.jp/owpc/pc/race/beforeinfo?hd=20261006&jcd=05&rno=11,2026-10-06T23:03:04.527585+09:00
20261006,05,多摩川,11,20261006-05-11,5,4233,亀山雅幸,52.0,6.76,0.0,5,.12,0.12,,,False,https://www.boatrace.jp/owpc/pc/race/beforeinfo?hd=20261006&jcd=05&rno=11,2026-10-06T23:03:04.527585+09:00
20261006,05,多摩川,11,20261006-05-11,6,5385,鈴木柊介,54.6,6.84,0.0,6,.17,0.17,,,False,https://www.boatrace.jp/owpc/pc/race/beforeinfo?hd=20261006&jcd=05&rno=11,2026-10-06T23:03:04.527585+09:00
20261006,05,多摩川,12,20261006-05-12,1,5034,若林義人,53.2,6.69,0.0,1,F.07,-0.07,F,,False,https://www.boatrace.jp/owpc/pc/race/beforeinfo?hd=20261006&jcd=05&rno=12,2026-10-06T23:03:07.512165+09:00
20261006,05,多摩川,12,20261006-05-12,2,5125,高井雄基,52.0,6.91,-0.5,2,.17,0.17,,,False,https://www.boatrace.jp/owpc/pc/race/beforeinfo?hd=20261006&jcd=05&rno=12,2026-10-06T23:03:07.512165+09:00
20261006,05,多摩川,12,20261006-05-12,3,3660,長谷川親王,57.1,6.82,-0.5,3,.04,0.04,,,False,https://www.boatrace.jp/owpc/pc/race/beforeinfo?hd=20261006&jcd=05&rno=12,2026-10-06T23:03:07.512165+09:00
20261006,05,多摩川,12,20261006-05-12,4,4163,山崎裕司,52.0,6.76,-0.5,4,.11,0.11,,,False,https://www.boatrace.jp/owpc/pc/race/beforeinfo?hd=20261006&jcd=05&rno=12,2026-10-06T23:03:07.512165+09:00
20261006,05,多摩川,12,20261006-05-12,5,4636,赤池修平,52.0,6.75,0.0,5,.04,0.04,,,False,https://www.boatrace.jp/owpc/pc/race/beforeinfo?hd=20261006&jcd=05&rno=12,2026-10-06T23:03:07.512165+09:00
20261006,05,多摩川,12,20261006-05-12,6,4469,土山卓也,54.7,6.77,0.0,6,F.04,-0.04,F,,False,https://www.boatrace.jp/owpc/pc/race/beforeinfo?hd=20261006&jcd=05&rno=12,2026-10-06T23:03:07.512165+09:00
20261006,08,常滑,1,20261006-08-01,1,4117,廣中智紗衣,46.5,6.74,0.0,1,.35,0.35,,,False,https://www.boatrace.jp/owpc/pc/race/beforeinfo?hd=20261006&jcd=08&rno=1,2026-10-06T23:02:13.371763+09:00
20261006,08,常滑,1,20261006-08-01,2,3474,松瀬弘美,46.0,6.79,-0.5,2,.27,0.27,,,False,https://www.boatrace.jp/owpc/pc/race/beforeinfo?hd=20261006&jcd=08&rno=1,2026-10-06T23:02:13.371763+09:00
20261006,08,常滑,1,20261006-08-01,3,5013,山下夏鈴,47.0,6.66,0.0,3,.18,0.18,,,False,https://www.boatrace.jp/owpc/pc/race/beforeinfo?hd=20261006&jcd=08&rno=1,2026-10-06T23:02:13.371763+09:00
20261006,08,常滑,1,20261006-08-01,4,4589,塩崎桐加,49.9,6.73,0.0,4,.23,0.23,,,False,https://www.boatrace.jp/owpc/pc/race/beforeinfo?hd=20261006&jcd=08&rno=1,2026-10-06T23:02:13.371763+09:00
20261006,08,常滑,1,20261006-08-01,5,4447,深川麻奈美,47.9,6.69,0.5,5,.16,0.16,,,False,https://www.boatrace.jp/owpc/pc/race/beforeinfo?hd=20261006&jcd=08&rno=1,2026-10-06T23:02:13.371763+09:00
20261006,08,常滑,1,20261006-08-01,6,5436,市川瑚幸,46.5,6.74,0.0,6,.18,0.18,,,False,https://www.boatrace.jp/owpc/pc/race/beforeinfo?hd=20261006&jcd=08&rno=1,2026-10-06T23:02:13.371763+09:00
20261006,08,常滑,2,20261006-08-02,1,4439,近藤友宝,55.1,6.69,0.0,1,.05,0.05,,,False,https://www.boatrace.jp/owpc/pc/race/beforeinfo?hd=20261006&jcd=08&rno=2,2026-10-06T23:02:15.301578+09:00
20261006,08,常滑,2,20261006-08-02,2,4706,三浦洋次朗,50.5,6.66,0.0,2,.03,0.03,,,False,https://www.boatrace.jp/owpc/pc/race/beforeinfo?hd=20261006&jcd=08&rno=2,2026-10-06T23:02:15.301578+09:00
20261006,08,常滑,2,20261006-08-02,3,5321,一色颯輝,53.8,6.74,0.0,3,.04,0.04,,,False,https://www.boatrace.jp/owpc/pc/race/beforeinfo?hd=20261006&jcd=08&rno=2,2026-10-06T23:02:15.301578+09:00
20261006,08,常滑,2,20261006-08-02,4,3544,豊田訓靖,52.6,6.8,0.0,4,.71,0.71,,,False,https://www.boatrace.jp/owpc/pc/race/beforeinfo?hd=20261006&jcd=08&rno=2,2026-10-06T23:02:15.301578+09:00
20261006,08,常滑,2,20261006-08-02,5,3458,東健介,54.2,6.72,0.0,5,.13,0.13,,,False,https://www.boatrace.jp/owpc/pc/race/beforeinfo?hd=20261006&jcd=08&rno=2,2026-10-06T23:02:15.301578+09:00
20261006,08,常滑,2,20261006-08-02,6,4430,永田秀二,56.2,6.73,0.0,6,.05,0.05,,,False,https://www.boatrace.jp/owpc/pc/race/beforeinfo?hd=20261006&jcd=08&rno=2,2026-10-06T23:02:15.301578+09:00
20261006,08,常滑,3,20261006-08-03,1,4105,松下直也,53.1,6.76,0.0,1,F.06,-0.06,F,,False,https://www.boatrace.jp/owpc/pc/race/beforeinfo?hd=20261006&jcd=08&rno=3,2026-10-06T23:02:16.473706+09:00
20261006,08,常滑,3,20261006-08-03,2,3841,佐々木和伸,53.5,6.75,0.0,2,.01,0.01,,,False,https://www.boatrace.jp/owpc/pc/race/beforeinfo?hd=20261006&jcd=08&rno=3,2026-10-06T23:02:16.473706+09:00
20261006,08,常滑,3,20261006-08-03,3,4207,松下一也,53.7,6.76,0.0,3,F.02,-0.02,F,,False,https://www.boatrace.jp/owpc/pc/race/beforeinfo?hd=20261006&jcd=08&rno=3,2026-10-06T23:02:16.473706+09:00
20261006,08,常滑,3,20261006-08-03,4,4202,浮田圭浩,54.4,6.74,0.0,4,.12,0.12,,,False,https://www.boatrace.jp/owpc/pc/race/beforeinfo?hd=20261006&jcd=08&rno=3,2026-10-06T23:02:16.473706+09:00
20261006,08,常滑,3,20261006-08-03,5,4288,永田啓二,52.5,6.78,0.5,5,.22,0.22,,,False,https://www.boatrace.jp/owpc/pc/race/beforeinfo?hd=20261006&jcd=08&rno=3,2026-10-06T23:02:16.473706+09:00
20261006,08,常滑,3,20261006-08-03,6,5355,萩原丈太朗,55.3,6.76,0.0,6,.15,0.15,,,False,https://www.boatrace.jp/owpc/pc/race/beforeinfo?hd=20261006&jcd=08&rno=3,2026-10-06T23:02:16.473706+09:00
20261006,08,常滑,4,20261006-08-04,1,5341,山道諄也,53.3,6.8,0.0,1,.23,0.23,,,False,https://www.boatrace.jp/owpc/pc/race/beforeinfo?hd=20261006&jcd=08&rno=4,2026-10-06T23:02:22.551446+09:00
20261006,08,常滑,4,20261006-08-04,2,4306,畔柳俊吾,50.5,6.77,0.0,3,.01,0.01,,,False,https://www.boatrace.jp/owpc/pc/race/beforeinfo?hd=20261006&jcd=08&rno=4,2026-10-06T23:02:22.551446+09:00
20261006,08,常滑,4,20261006-08-04,3,3436,柏野幸二,51.0,6.84,0.0,4,.04,0.04,,,False,https://www.boatrace.jp/owpc/pc/race/beforeinfo?hd=20261006&jcd=08&rno=4,2026-10-06T23:02:22.551446+09:00
20261006,08,常滑,4,20261006-08-04,4,5415,阿部未侑,50.6,6.75,0.0,5,.06,0.06,,,False,https://www.boatrace.jp/owpc/pc/race/beforeinfo?hd=20261006&jcd=08&rno=4,2026-10-06T23:02:22.551446+09:00
20261006,08,常滑,4,20261006-08-04,5,3933,山地正樹,52.0,6.82,0.0,2,F.15,-0.15,F,,False,https://www.boatrace.jp/owpc/pc/race/beforeinfo?hd=20261006&jcd=08&rno=4,2026-10-06T23:02:22.551446+09:00
20261006,08,常滑,4,20261006-08-04,6,4236,松村敏,54.2,6.79,0.0,6,F.03,-0.03,F,,False,https://www.boatrace.jp/owpc/pc/race/beforeinfo?hd=20261006&jcd=08&rno=4,2026-10-06T23:02:22.551446+09:00
20261006,08,常滑,5,20261006-08-05,1,3814,金子貴志,49.5,6.82,0.0,1,.13,0.13,,,False,https://www.boatrace.jp/owpc/pc/race/beforeinfo?hd=20261006&jcd=08&rno=5,2026-10-06T23:02:23.574097+09:00
20261006,08,常滑,5,20261006-08-05,2,4460,後藤翔之,55.4,6.8,0.0,2,.10,0.1,,,False,https://www.boatrace.jp/owpc/pc/race/beforeinfo?hd=20261006&jcd=08&rno=5,2026-10-06T23:02:23.574097+09:00
20261006,08,常滑,5,20261006-08-05,3,4624,高田明,52.3,6.74,0.0,3,.15,0.15,,,False,https://www.boatrace.jp/owpc/pc/race/beforeinfo?hd=20261006&jcd=08&rno=5,2026-10-06T23:02:23.574097+09:00
20261006,08,常滑,5,20261006-08-05,4,4552,杉山勝匡,52.0,6.81,0.0,4,.25,0.25,,,False,https://www.boatrace.jp/owpc/pc/race/beforeinfo?hd=20261006&jcd=08&rno=5,2026-10-06T23:02:23.574097+09:00
20261006,08,常滑,5,20261006-08-05,5,4296,岡崎恭裕,51.5,6.78,0.0,5,.25,0.25,,,False,https://www.boatrace.jp/owpc/pc/race/beforeinfo?hd=20261006&jcd=08&rno=5,2026-10-06T23:02:23.574097+09:00
20261006,08,常滑,5,20261006-08-05,6,5465,直江健成,54.6,6.82,-0.5,6,.38,0.38,,,False,https://www.boatrace.jp/owpc/pc/race/beforeinfo?hd=20261006&jcd=08&rno=5,2026-10-06T23:02:23.574097+09:00
20261006,08,常滑,6,20261006-08-06,1,4137,君島秀三,52.7,6.73,0.0,1,.13,0.13,,,False,https://www.boatrace.jp/owpc/pc/race/beforeinfo?hd=20261006&jcd=08&rno=6,2026-10-06T23:02:25.507478+09:00
20261006,08,常滑,6,20261006-08-06,2,4103,山崎善庸,53.4,6.79,0.0,2,.18,0.18,,,False,https://www.boatrace.jp/owpc/pc/race/beforeinfo?hd=20261006&jcd=08&rno=6,2026-10-06T23:02:25.507478+09:00
20261006,08,常滑,6,20261006-08-06,3,5331,佐藤永梧,54.2,6.73,0.0,3,.12,0.12,,,False,https://www.boatrace.jp/owpc/pc/race/beforeinfo?hd=20261006&jcd=08&rno=6,2026-10-06T23:02:25.507478+09:00
20261006,08,常滑,6,20261006-08-06,4,5436,市川瑚幸,46.5,6.73,0.0,4,.06,0.06,,,False,https://www.boatrace.jp/owpc/pc/race/beforeinfo?hd=20261006&jcd=08&rno=6,2026-10-06T23:02:25.507478+09:00
20261006,08,常滑,6,20261006-08-06,5,4785,木幡純也,52.2,6.69,0.0,5,.17,0.17,,,False,https://www.boatrace.jp/owpc/pc/race/beforeinfo?hd=20261006&jcd=08&rno=6,2026-10-06T23:02:25.507478+09:00
20261006,08,常滑,6,20261006-08-06,6,3659,藤生雄人,53.1,6.78,0.0,6,.16,0.16,,,False,https://www.boatrace.jp/owpc/pc/race/beforeinfo?hd=20261006&jcd=08&rno=6,2026-10-06T23:02:25.507478+09:00
20261006,08,常滑,7,20261006-08-07,1,3929,杢野誓良,52.1,6.72,0.0,1,.17,0.17,,,False,https://www.boatrace.jp/owpc/pc/race/beforeinfo?hd=20261006&jcd=08&rno=7,2026-10-06T23:02:25.691795+09:00
20261006,08,常滑,7,20261006-08-07,2,4063,市橋卓士,52.8,6.74,-0.5,2,.15,0.15,,,False,https://www.boatrace.jp/owpc/pc/race/beforeinfo?hd=20261006&jcd=08&rno=7,2026-10-06T23:02:25.691795+09:00
20261006,08,常滑,7,20261006-08-07,3,3544,豊田訓靖,52.6,6.77,0.0,3,.30,0.3,,,False,https://www.boatrace.jp/owpc/pc/race/beforeinfo?hd=20261006&jcd=08&rno=7,2026-10-06T23:02:25.691795+09:00
20261006,08,常滑,7,20261006-08-07,4,5239,上野俊樹,52.0,6.71,0.5,4,.13,0.13,,,False,https://www.boatrace.jp/owpc/pc/race/beforeinfo?hd=20261006&jcd=08&rno=7,2026-10-06T23:02:25.691795+09:00
20261006,08,常滑,7,20261006-08-07,5,4369,丹下将,56.3,6.73,0.0,5,.26,0.26,,,False,https://www.boatrace.jp/owpc/pc/race/beforeinfo?hd=20261006&jcd=08&rno=7,2026-10-06T23:02:25.691795+09:00
20261006,08,常滑,7,20261006-08-07,6,3474,松瀬弘美,46.0,6.77,0.0,6,.12,0.12,,,False,https://www.boatrace.jp/owpc/pc/race/beforeinfo?hd=20261006&jcd=08&rno=7,2026-10-06T23:02:25.691795+09:00
20261006,08,常滑,8,20261006-08-08,1,4447,深川麻奈美,47.9,6.68,0.0,1,.13,0.13,,,False,https://www.boatrace.jp/owpc/pc/race/beforeinfo?hd=20261006&jcd=08&rno=8,2026-10-06T23:02:32.727041+09:00
20261006,08,常滑,8,20261006-08-08,2,5190,大月遊雅,51.5,6.72,0.0,2,.35,0.35,,,False,https://www.boatrace.jp/owpc/pc/race/beforeinfo?hd=20261006&jcd=08&rno=8,2026-10-06T23:02:32.727041+09:00
20261006,08,常滑,8,20261006-08-08,3,4706,三浦洋次朗,50.5,6.75,0.0,3,F.02,-0.02,F,,False,https://www.boatrace.jp/owpc/pc/race/beforeinfo?hd=20261006&jcd=08&rno=8,2026-10-06T23:02:32.727041+09:00
20261006,08,常滑,8,20261006-08-08,4,5355,萩原丈太朗,55.3,6.73,0.0,4,.28,0.28,,,False,https://www.boatrace.jp/owpc/pc/race/beforeinfo?hd=20261006&jcd=08&rno=8,2026-10-06T23:02:32.727041+09:00
20261006,08,常滑,8,20261006-08-08,5,4295,小坂尚哉,52.4,6.65,0.0,5,.10,0.1,,,False,https://www.boatrace.jp/owpc/pc/race/beforeinfo?hd=20261006&jcd=08&rno=8,2026-10-06T23:02:32.727041+09:00
20261006,08,常滑,8,20261006-08-08,6,3642,大塚浩二,52.0,6.7,0.0,6,.14,0.14,,,False,https://www.boatrace.jp/owpc/pc/race/beforeinfo?hd=20261006&jcd=08&rno=8,2026-10-06T23:02:32.727041+09:00
20261006,08,常滑,9,20261006-08-09,1,4552,杉山勝匡,51.5,6.68,0.0,1,.34,0.34,,,False,https://www.boatrace.jp/owpc/pc/race/beforeinfo?hd=20261006&jcd=08&rno=9,2026-10-06T23:02:32.770211+09:00
20261006,08,常滑,9,20261006-08-09,2,3502,渡邉英児,52.3,6.64,0.0,3,.19,0.19,,,False,https://www.boatrace.jp/owpc/pc/race/beforeinfo?hd=20261006&jcd=08&rno=9,2026-10-06T23:02:32.770211+09:00
20261006,08,常滑,9,20261006-08-09,3,4439,近藤友宝,54.4,6.71,0.0,4,.27,0.27,,,False,https://www.boatrace.jp/owpc/pc/race/beforeinfo?hd=20261006&jcd=08&rno=9,2026-10-06T23:02:32.770211+09:00
20261006,08,常滑,9,20261006-08-09,4,3933,山地正樹,52.0,6.68,0.0,2,.17,0.17,,,False,https://www.boatrace.jp/owpc/pc/race/beforeinfo?hd=20261006&jcd=08&rno=9,2026-10-06T23:02:32.770211+09:00
20261006,08,常滑,9,20261006-08-09,5,5013,山下夏鈴,47.0,6.59,0.0,5,.21,0.21,,,False,https://www.boatrace.jp/owpc/pc/race/beforeinfo?hd=20261006&jcd=08&rno=9,2026-10-06T23:02:32.770211+09:00
20261006,08,常滑,9,20261006-08-09,6,3841,佐々木和伸,53.4,6.65,0.0,6,.14,0.14,,,False,https://www.boatrace.jp/owpc/pc/race/beforeinfo?hd=20261006&jcd=08&rno=9,2026-10-06T23:02:32.770211+09:00
20261006,08,常滑,10,20261006-08-10,1,4207,松下一也,53.7,6.65,0.0,1,.12,0.12,,,False,https://www.boatrace.jp/owpc/pc/race/beforeinfo?hd=20261006&jcd=08&rno=10,2026-10-06T23:02:33.703237+09:00
20261006,08,常滑,10,20261006-08-10,2,3458,東健介,54.2,6.71,0.0,2,.21,0.21,,,False,https://www.boatrace.jp/owpc/pc/race/beforeinfo?hd=20261006&jcd=08&rno=10,2026-10-06T23:02:33.703237+09:00
20261006,08,常滑,10,20261006-08-10,3,3761,山本光雄,52.8,6.69,0.0,3,.12,0.12,,,False,https://www.boatrace.jp/owpc/pc/race/beforeinfo?hd=20261006&jcd=08&rno=10,2026-10-06T23:02:33.703237+09:00
20261006,08,常滑,10,20261006-08-10,4,4117,廣中智紗衣,46.5,6.67,0.0,4,.24,0.24,,,False,https://www.boatrace.jp/owpc/pc/race/beforeinfo?hd=20261006&jcd=08&rno=10,2026-10-06T23:02:33.703237+09:00
20261006,08,常滑,10,20261006-08-10,5,4103,山崎善庸,53.4,6.77,0.0,5,.33,0.33,,,False,https://www.boatrace.jp/owpc/pc/race/beforeinfo?hd=20261006&jcd=08&rno=10,2026-10-06T23:02:33.703237+09:00
20261006,08,常滑,10,20261006-08-10,6,4792,杉村賢也,52.0,6.67,0.0,6,.10,0.1,,,False,https://www.boatrace.jp/owpc/pc/race/beforeinfo?hd=20261006&jcd=08&rno=10,2026-10-06T23:02:33.703237+09:00
20261006,08,常滑,11,20261006-08-11,1,4296,岡崎恭裕,51.5,6.61,0.0,1,.21,0.21,,,False,https://www.boatrace.jp/owpc/pc/race/beforeinfo?hd=20261006&jcd=08&rno=11,2026-10-06T23:02:35.910673+09:00
20261006,08,常滑,11,20261006-08-11,2,4430,永田秀二,56.2,6.68,0.0,2,.07,0.07,,,False,https://www.boatrace.jp/owpc/pc/race/beforeinfo?hd=20261006&jcd=08&rno=11,2026-10-06T23:02:35.910673+09:00
20261006,08,常滑,11,20261006-08-11,3,4785,木幡純也,52.2,6.59,0.0,3,.31,0.31,,,False,https://www.boatrace.jp/owpc/pc/race/beforeinfo?hd=20261006&jcd=08&rno=11,2026-10-06T23:02:35.910673+09:00
20261006,08,常滑,11,20261006-08-11,4,3436,柏野幸二,51.0,6.63,0.0,4,.07,0.07,,,False,https://www.boatrace.jp/owpc/pc/race/beforeinfo?hd=20261006&jcd=08&rno=11,2026-10-06T23:02:35.910673+09:00
20261006,08,常滑,11,20261006-08-11,5,4202,浮田圭浩,54.4,6.71,0.0,5,.12,0.12,,,False,https://www.boatrace.jp/owpc/pc/race/beforeinfo?hd=20261006&jcd=08&rno=11,2026-10-06T23:02:35.910673+09:00
20261006,08,常滑,11,20261006-08-11,6,4589,塩崎桐加,49.9,6.61,0.0,6,.03,0.03,,,False,https://www.boatrace.jp/owpc/pc/race/beforeinfo?hd=20261006&jcd=08&rno=11,2026-10-06T23:02:35.910673+09:00
20261006,08,常滑,12,20261006-08-12,1,4288,永田啓二,52.5,6.66,0.5,1,.22,0.22,,,False,https://www.boatrace.jp/owpc/pc/race/beforeinfo?hd=20261006&jcd=08&rno=12,2026-10-06T23:02:40.940294+09:00
20261006,08,常滑,12,20261006-08-12,2,4295,小坂尚哉,52.4,6.61,0.0,2,.22,0.22,,,False,https://www.boatrace.jp/owpc/pc/race/beforeinfo?hd=20261006&jcd=08&rno=12,2026-10-06T23:02:40.940294+09:00
20261006,08,常滑,12,20261006-08-12,3,4236,松村敏,54.2,6.75,0.0,3,.46,0.46,,,False,https://www.boatrace.jp/owpc/pc/race/beforeinfo?hd=20261006&jcd=08&rno=12,2026-10-06T23:02:40.940294+09:00
20261006,08,常滑,12,20261006-08-12,4,4137,君島秀三,52.7,6.72,0.0,4,.10,0.1,,,False,https://www.boatrace.jp/owpc/pc/race/beforeinfo?hd=20261006&jcd=08&rno=12,2026-10-06T23:02:40.940294+09:00
20261006,08,常滑,12,20261006-08-12,5,4624,高田明,52.3,6.63,0.0,5,.02,0.02,,,False,https://www.boatrace.jp/owpc/pc/race/beforeinfo?hd=20261006&jcd=08&rno=12,2026-10-06T23:02:40.940294+09:00
20261006,08,常滑,12,20261006-08-12,6,4063,市橋卓士,52.8,6.7,-0.5,6,.16,0.16,,,False,https://www.boatrace.jp/owpc/pc/race/beforeinfo?hd=20261006&jcd=08&rno=12,2026-10-06T23:02:40.940294+09:00
20261006,10,三国,1,20261006-10-01,1,4337,平本真之,55.0,6.82,-0.5,1,.03,0.03,,,False,https://www.boatrace.jp/owpc/pc/race/beforeinfo?hd=20261006&jcd=10&rno=1,2026-10-06T23:01:46.798428+09:00
20261006,10,三国,1,20261006-10-01,2,4415,下出卓矢,53.0,6.7,0.0,2,.02,0.02,,リング×２,False,https://www.boatrace.jp/owpc/pc/race/beforeinfo?hd=20261006&jcd=10&rno=1,2026-10-06T23:01:46.798428+09:00
20261006,10,三国,1,20261006-10-01,3,4075,中野次郎,54.5,6.77,-0.5,3,.02,0.02,,,False,https://www.boatrace.jp/owpc/pc/race/beforeinfo?hd=20261006&jcd=10&rno=1,2026-10-06T23:01:46.798428+09:00
20261006,10,三国,1,20261006-10-01,4,5043,中村日向,52.2,6.76,-0.5,4,F.02,-0.02,F,,False,https://www.boatrace.jp/owpc/pc/race/beforeinfo?hd=20261006&jcd=10&rno=1,2026-10-06T23:01:46.798428+09:00
20261006,10,三国,1,20261006-10-01,5,4932,新開航,52.0,6.83,-0.5,5,.07,0.07,,,False,https://www.boatrace.jp/owpc/pc/race/beforeinfo?hd=20261006&jcd=10&rno=1,2026-10-06T23:01:46.798428+09:00
20261006,10,三国,1,20261006-10-01,6,3737,上平真二,52.2,6.89,-0.5,6,F.01,-0.01,F,,False,https://www.boatrace.jp/owpc/pc/race/beforeinfo?hd=20261006&jcd=10&rno=1,2026-10-06T23:01:46.798428+09:00
20261006,10,三国,2,20261006-10-02,1,4832,権藤俊光,52.0,6.71,0.0,1,.03,0.03,,,False,https://www.boatrace.jp/owpc/pc/race/beforeinfo?hd=20261006&jcd=10&rno=2,2026-10-06T23:01:46.690054+09:00
20261006,10,三国,2,20261006-10-02,2,4262,馬場貴也,52.4,6.69,-0.5,2,.03,0.03,,リング×４,False,https://www.boatrace.jp/owpc/pc/race/beforeinfo?hd=20261006&jcd=10&rno=2,2026-10-06T23:01:46.690054+09:00
20261006,10,三国,2,20261006-10-02,3,4391,松田祐季,52.0,6.75,-0.5,3,.03,0.03,,,False,https://www.boatrace.jp/owpc/pc/race/beforeinfo?hd=20261006&jcd=10&rno=2,2026-10-06T23:01:46.690054+09:00
20261006,10,三国,2,20261006-10-02,4,4688,永井彪也,52.0,6.75,-0.5,4,F.01,-0.01,F,,False,https://www.boatrace.jp/owpc/pc/race/beforeinfo?hd=20261006&jcd=10&rno=2,2026-10-06T23:01:46.690054+09:00
20261006,10,三国,2,20261006-10-02,5,4446,和田兼輔,52.1,6.79,-0.5,5,F.03,-0.03,F,,False,https://www.boatrace.jp/owpc/pc/race/beforeinfo?hd=20261006&jcd=10&rno=2,2026-10-06T23:01:46.690054+09:00
20261006,10,三国,2,20261006-10-02,6,4030,森高一真,50.5,6.79,-0.5,6,.01,0.01,,,False,https://www.boatrace.jp/owpc/pc/race/beforeinfo?hd=20261006&jcd=10&rno=2,2026-10-06T23:01:46.690054+09:00
20261006,10,三国,3,20261006-10-03,1,4544,松田大志郎,52.0,6.71,-0.5,1,.13,0.13,,,False,https://www.boatrace.jp/owpc/pc/race/beforeinfo?hd=20261006&jcd=10&rno=3,2026-10-06T23:01:49.810059+09:00
20261006,10,三国,3,20261006-10-03,2,4573,佐藤翼,52.2,6.81,-0.5,2,.02,0.02,,,False,https://www.boatrace.jp/owpc/pc/race/beforeinfo?hd=20261006&jcd=10&rno=3,2026-10-06T23:01:49.810059+09:00
20261006,10,三国,3,20261006-10-03,3,4061,萩原秀人,52.9,6.79,-0.5,3,.18,0.18,,,False,https://www.boatrace.jp/owpc/pc/race/beforeinfo?hd=20261006&jcd=10&rno=3,2026-10-06T23:01:49.810059+09:00
20261006,10,三国,3,20261006-10-03,4,4847,佐藤隆太郎,52.0,6.74,0.0,4,.08,0.08,,,False,https://www.boatrace.jp/owpc/pc/race/beforeinfo?hd=20261006&jcd=10&rno=3,2026-10-06T23:01:49.810059+09:00
20261006,10,三国,3,20261006-10-03,5,4028,田村隆信,56.8,6.81,0.0,5,.02,0.02,,,False,https://www.boatrace.jp/owpc/pc/race/beforeinfo?hd=20261006&jcd=10&rno=3,2026-10-06T23:01:49.810059+09:00
20261006,10,三国,3,20261006-10-03,6,4500,山田康二,53.0,6.69,-0.5,6,F.01,-0.01,F,,False,https://www.boatrace.jp/owpc/pc/race/beforeinfo?hd=20261006&jcd=10&rno=3,2026-10-06T23:01:49.810059+09:00
20261006,10,三国,4,20261006-10-04,1,4734,安河内将,52.0,6.79,-0.5,1,F.05,-0.05,F,,False,https://www.boatrace.jp/owpc/pc/race/beforeinfo?hd=20261006&jcd=10&rno=4,2026-10-06T23:01:53.948062+09:00
20261006,10,三国,4,20261006-10-04,2,4547,中田竜太,51.5,6.76,-0.5,2,.02,0.02,,,False,https://www.boatrace.jp/owpc/pc/race/beforeinfo?hd=20261006&jcd=10&rno=4,2026-10-06T23:01:53.948062+09:00
20261006,10,三国,4,20261006-10-04,3,4566,塩田北斗,53.4,6.74,-0.5,3,.03,0.03,,,False,https://www.boatrace.jp/owpc/pc/race/beforeinfo?hd=20261006&jcd=10&rno=4,2026-10-06T23:01:53.948062+09:00
20261006,10,三国,4,20261006-10-04,4,4587,木田峰由季,52.1,6.77,-0.5,4,F.05,-0.05,F,,False,https://www.boatrace.jp/owpc/pc/race/beforeinfo?hd=20261006&jcd=10&rno=4,2026-10-06T23:01:53.948062+09:00
20261006,10,三国,4,20261006-10-04,5,3897,白井英治,52.7,6.81,-0.5,5,F.10,-0.1,F,,False,https://www.boatrace.jp/owpc/pc/race/beforeinfo?hd=20261006&jcd=10&rno=4,2026-10-06T23:01:53.948062+09:00
20261006,10,三国,4,20261006-10-04,6,4019,笠原亮,52.3,6.83,-0.5,6,.04,0.04,,,False,https://www.boatrace.jp/owpc/pc/race/beforeinfo?hd=20261006&jcd=10&rno=4,2026-10-06T23:01:53.948062+09:00
20261006,10,三国,5,20261006-10-05,1,4524,深谷知博,52.0,6.82,-0.5,1,F.04,-0.04,F,,False,https://www.boatrace.jp/owpc/pc/race/beforeinfo?hd=20261006&jcd=10&rno=5,2026-10-06T23:01:56.868525+09:00
20261006,10,三国,5,20261006-10-05,2,4910,中村泰平,51.5,6.86,0.0,2,F.04,-0.04,F,,False,https://www.boatrace.jp/owpc/pc/race/beforeinfo?hd=20261006&jcd=10&rno=5,2026-10-06T23:01:56.868525+09:00
20261006,10,三国,5,20261006-10-05,3,4237,大峯豊,52.0,6.84,-0.5,3,.12,0.12,,,False,https://www.boatrace.jp/owpc/pc/race/beforeinfo?hd=20261006&jcd=10&rno=5,2026-10-06T23:01:56.868525+09:00
20261006,10,三国,5,20261006-10-05,4,4188,久田敏之,52.0,6.81,-0.5,4,F.09,-0.09,F,,False,https://www.boatrace.jp/owpc/pc/race/beforeinfo?hd=20261006&jcd=10&rno=5,2026-10-06T23:01:56.868525+09:00
20261006,10,三国,5,20261006-10-05,5,4024,井口佳典,52.6,6.74,-0.5,5,.01,0.01,,,False,https://www.boatrace.jp/owpc/pc/race/beforeinfo?hd=20261006&jcd=10&rno=5,2026-10-06T23:01:56.868525+09:00
20261006,10,三国,5,20261006-10-05,6,3716,石渡鉄兵,53.3,6.82,-0.5,6,.06,0.06,,,False,https://www.boatrace.jp/owpc/pc/race/beforeinfo?hd=20261006&jcd=10&rno=5,2026-10-06T23:01:56.868525+09:00
20261006,10,三国,6,20261006-10-06,1,4826,井上一輝,52.0,6.94,-0.5,1,.06,0.06,,,False,https://www.boatrace.jp/owpc/pc/race/beforeinfo?hd=20261006&jcd=10&rno=6,2026-10-06T23:01:54.970948+09:00
20261006,10,三国,6,20261006-10-06,2,4290,稲田浩二,52.0,6.9,0.0,2,.01,0.01,,,False,https://www.boatrace.jp/owpc/pc/race/beforeinfo?hd=20261006&jcd=10&rno=6,2026-10-06T23:01:54.970948+09:00
20261006,10,三国,6,20261006-10-06,3,4932,新開航,52.0,6.92,-0.5,3,.10,0.1,,,False,https://www.boatrace.jp/owpc/pc/race/beforeinfo?hd=20261006&jcd=10&rno=6,2026-10-06T23:01:54.970948+09:00
20261006,10,三国,6,20261006-10-06,4,3388,今垣光太郎,52.0,6.98,-0.5,4,.09,0.09,,,False,https://www.boatrace.jp/owpc/pc/race/beforeinfo?hd=20261006&jcd=10&rno=6,2026-10-06T23:01:54.970948+09:00
20261006,10,三国,6,20261006-10-06,5,4682,大上卓人,52.1,6.94,-0.5,5,.05,0.05,,,False,https://www.boatrace.jp/owpc/pc/race/beforeinfo?hd=20261006&jcd=10&rno=6,2026-10-06T23:01:54.970948+09:00
20261006,10,三国,6,20261006-10-06,6,3590,濱野谷憲吾,54.1,6.96,-0.5,6,F.01,-0.01,F,,False,https://www.boatrace.jp/owpc/pc/race/beforeinfo?hd=20261006&jcd=10&rno=6,2026-10-06T23:01:54.970948+09:00
20261006,10,三国,7,20261006-10-07,1,5043,中村日向,52.2,6.87,0.0,1,.12,0.12,,,False,https://www.boatrace.jp/owpc/pc/race/beforeinfo?hd=20261006&jcd=10&rno=7,2026-10-06T23:01:58.044113+09:00
20261006,10,三国,7,20261006-10-07,2,4504,前田将太,54.4,6.88,0.0,2,.13,0.13,,,False,https://www.boatrace.jp/owpc/pc/race/beforeinfo?hd=20261006&jcd=10&rno=7,2026-10-06T23:01:58.044113+09:00
20261006,10,三国,7,20261006-10-07,3,4719,上條暢嵩,52.0,6.91,0.0,3,.24,0.24,,,False,https://www.boatrace.jp/owpc/pc/race/beforeinfo?hd=20261006&jcd=10&rno=7,2026-10-06T23:01:58.044113+09:00
20261006,10,三国,7,20261006-10-07,4,4544,松田大志郎,52.0,6.84,0.0,4,.14,0.14,,,False,https://www.boatrace.jp/owpc/pc/race/beforeinfo?hd=20261006&jcd=10&rno=7,2026-10-06T23:01:58.044113+09:00
20261006,10,三国,7,20261006-10-07,5,4013,中島孝平,52.0,7.0,0.0,5,.08,0.08,,,False,https://www.boatrace.jp/owpc/pc/race/beforeinfo?hd=20261006&jcd=10&rno=7,2026-10-06T23:01:58.044113+09:00
20261006,10,三国,7,20261006-10-07,6,4857,加藤翔馬,54.2,7.08,0.0,6,.26,0.26,,,False,https://www.boatrace.jp/owpc/pc/race/beforeinfo?hd=20261006&jcd=10&rno=7,2026-10-06T23:01:58.044113+09:00
20261006,10,三国,8,20261006-10-08,1,4075,中野次郎,54.5,6.86,0.0,1,F.02,-0.02,F,,False,https://www.boatrace.jp/owpc/pc/race/beforeinfo?hd=20261006&jcd=10&rno=8,2026-10-06T23:02:03.132854+09:00
20261006,10,三国,8,20261006-10-08,2,5084,末永和也,52.0,6.9,0.0,2,F.02,-0.02,F,,False,https://www.boatrace.jp/owpc/pc/race/beforeinfo?hd=20261006&jcd=10&rno=8,2026-10-06T23:02:03.132854+09:00
20261006,10,三国,8,20261006-10-08,3,5142,常住蓮,51.5,6.85,0.0,3,.07,0.07,,,False,https://www.boatrace.jp/owpc/pc/race/beforeinfo?hd=20261006&jcd=10&rno=8,2026-10-06T23:02:03.132854+09:00
20261006,10,三国,8,20261006-10-08,4,4028,田村隆信,56.8,7.02,0.0,4,.01,0.01,,,False,https://www.boatrace.jp/owpc/pc/race/beforeinfo?hd=20261006&jcd=10&rno=8,2026-10-06T23:02:03.132854+09:00
20261006,10,三国,8,20261006-10-08,5,4391,松田祐季,52.0,6.94,0.0,5,.13,0.13,,,False,https://www.boatrace.jp/owpc/pc/race/beforeinfo?hd=20261006&jcd=10&rno=8,2026-10-06T23:02:03.132854+09:00
20261006,10,三国,8,20261006-10-08,6,4238,毒島誠,53.2,6.96,0.0,6,.01,0.01,,,False,https://www.boatrace.jp/owpc/pc/race/beforeinfo?hd=20261006&jcd=10&rno=8,2026-10-06T23:02:03.132854+09:00
20261006,10,三国,9,20261006-10-09,1,4532,秋元哲,51.0,6.94,0.0,1,F.04,-0.04,F,,False,https://www.boatrace.jp/owpc/pc/race/beforeinfo?hd=20261006&jcd=10&rno=9,2026-10-06T23:02:04.194021+09:00
20261006,10,三国,9,20261006-10-09,2,4024,井口佳典,52.1,6.87,0.0,2,.02,0.02,,,False,https://www.boatrace.jp/owpc/pc/race/beforeinfo?hd=20261006&jcd=10&rno=9,2026-10-06T23:02:04.194021+09:00
20261006,10,三国,9,20261006-10-09,3,4604,岩瀬裕亮,53.2,6.89,0.0,3,.06,0.06,,リング×４,False,https://www.boatrace.jp/owpc/pc/race/beforeinfo?hd=20261006&jcd=10&rno=9,2026-10-06T23:02:04.194021+09:00
20261006,10,三国,9,20261006-10-09,4,3897,白井英治,52.4,6.98,0.0,4,F.07,-0.07,F,,False,https://www.boatrace.jp/owpc/pc/race/beforeinfo?hd=20261006&jcd=10&rno=9,2026-10-06T23:02:04.194021+09:00
20261006,10,三国,9,20261006-10-09,5,4448,青木玄太,52.0,6.89,0.0,5,F.06,-0.06,F,,False,https://www.boatrace.jp/owpc/pc/race/beforeinfo?hd=20261006&jcd=10&rno=9,2026-10-06T23:02:04.194021+09:00
20261006,10,三国,9,20261006-10-09,6,4415,下出卓矢,52.4,6.8,2.0,6,F.12,-0.12,F,,False,https://www.boatrace.jp/owpc/pc/race/beforeinfo?hd=20261006&jcd=10&rno=9,2026-10-06T23:02:04.194021+09:00
20261006,10,三国,10,20261006-10-10,1,4856,豊田健士郎,52.0,6.85,0.0,1,.17,0.17,,キャブ,False,https://www.boatrace.jp/owpc/pc/race/beforeinfo?hd=20261006&jcd=10&rno=10,2026-10-06T23:02:06.104531+09:00
20261006,10,三国,10,20261006-10-10,2,4587,木田峰由季,52.1,6.84,0.0,2,.08,0.08,,,False,https://www.boatrace.jp/owpc/pc/race/beforeinfo?hd=20261006&jcd=10&rno=10,2026-10-06T23:02:06.104531+09:00
20261006,10,三国,10,20261006-10-10,3,4848,仲谷颯仁,52.0,6.77,0.0,3,.05,0.05,,,False,https://www.boatrace.jp/owpc/pc/race/beforeinfo?hd=20261006&jcd=10&rno=10,2026-10-06T23:02:06.104531+09:00
20261006,10,三国,10,20261006-10-10,4,4573,佐藤翼,52.2,6.97,0.0,4,.12,0.12,,,False,https://www.boatrace.jp/owpc/pc/race/beforeinfo?hd=20261006&jcd=10&rno=10,2026-10-06T23:02:06.104531+09:00
20261006,10,三国,10,20261006-10-10,5,3716,石渡鉄兵,53.3,6.91,-0.5,5,.15,0.15,,,False,https://www.boatrace.jp/owpc/pc/race/beforeinfo?hd=20261006&jcd=10&rno=10,2026-10-06T23:02:06.104531+09:00
20261006,10,三国,10,20261006-10-10,6,4044,湯川浩司,52.0,6.85,0.0,6,.11,0.11,,,False,https://www.boatrace.jp/owpc/pc/race/beforeinfo?hd=20261006&jcd=10&rno=10,2026-10-06T23:02:06.104531+09:00
20261006,10,三国,11,20261006-10-11,1,3388,今垣光太郎,52.0,6.87,0.0,1,.22,0.22,,,False,https://www.boatrace.jp/owpc/pc/race/beforeinfo?hd=20261006&jcd=10&rno=11,2026-10-06T23:02:07.255869+09:00
20261006,10,三国,11,20261006-10-11,2,4566,塩田北斗,53.4,6.76,0.0,2,.15,0.15,,,False,https://www.boatrace.jp/owpc/pc/race/beforeinfo?hd=20261006&jcd=10&rno=11,2026-10-06T23:02:07.255869+09:00
20261006,10,三国,11,20261006-10-11,3,4337,平本真之,55.0,6.84,0.0,3,.13,0.13,,リング×３,False,https://www.boatrace.jp/owpc/pc/race/beforeinfo?hd=20261006&jcd=10&rno=11,2026-10-06T23:02:07.255869+09:00
20261006,10,三国,11,20261006-10-11,4,4757,山田祐也,52.2,6.83,0.0,4,.02,0.02,,,False,https://www.boatrace.jp/owpc/pc/race/beforeinfo?hd=20261006&jcd=10&rno=11,2026-10-06T23:02:07.255869+09:00
20261006,10,三国,11,20261006-10-11,5,4688,永井彪也,52.0,6.82,0.0,5,.02,0.02,,,False,https://www.boatrace.jp/owpc/pc/race/beforeinfo?hd=20261006&jcd=10&rno=11,2026-10-06T23:02:07.255869+09:00
20261006,10,三国,11,20261006-10-11,6,4188,久田敏之,52.0,6.85,0.0,6,.08,0.08,,,False,https://www.boatrace.jp/owpc/pc/race/beforeinfo?hd=20261006&jcd=10&rno=11,2026-10-06T23:02:07.255869+09:00
20261006,10,三国,12,20261006-10-12,1,4262,馬場貴也,52.4,6.78,0.0,1,.03,0.03,,,False,https://www.boatrace.jp/owpc/pc/race/beforeinfo?hd=20261006&jcd=10&rno=12,2026-10-06T23:02:12.345558+09:00
20261006,10,三国,12,20261006-10-12,2,5142,常住蓮,51.5,6.79,0.0,2,.02,0.02,,,False,https://www.boatrace.jp/owpc/pc/race/beforeinfo?hd=20261006&jcd=10&rno=12,2026-10-06T23:02:12.345558+09:00
20261006,10,三国,12,20261006-10-12,3,4477,篠崎仁志,54.2,6.85,0.0,3,.08,0.08,,,False,https://www.boatrace.jp/owpc/pc/race/beforeinfo?hd=20261006&jcd=10&rno=12,2026-10-06T23:02:12.345558+09:00
20261006,10,三国,12,20261006-10-12,4,4910,中村泰平,51.5,6.88,0.0,4,.05,0.05,,,False,https://www.boatrace.jp/owpc/pc/race/beforeinfo?hd=20261006&jcd=10&rno=12,2026-10-06T23:02:12.345558+09:00
20261006,10,三国,12,20261006-10-12,5,4504,前田将太,54.4,6.83,0.0,5,.12,0.12,,,False,https://www.boatrace.jp/owpc/pc/race/beforeinfo?hd=20261006&jcd=10&rno=12,2026-10-06T23:02:12.345558+09:00
20261006,10,三国,12,20261006-10-12,6,4847,佐藤隆太郎,52.0,6.84,0.0,6,.12,0.12,,,False,https://www.boatrace.jp/owpc/pc/race/beforeinfo?hd=20261006&jcd=10&rno=12,2026-10-06T23:02:12.345558+09:00
20261006,11,びわこ,1,20261006-11-01,1,5400,高村諒,52.0,6.79,0.0,1,.31,0.31,,,False,https://www.boatrace.jp/owpc/pc/race/beforeinfo?hd=20261006&jcd=11&rno=1,2026-10-06T23:01:18.204793+09:00
20261006,11,びわこ,1,20261006-11-01,2,3889,須藤隆雄,53.7,6.74,0.0,2,.01,0.01,,,False,https://www.boatrace.jp/owpc/pc/race/beforeinfo?hd=20261006&jcd=11&rno=1,2026-10-06T23:01:18.204793+09:00
20261006,11,びわこ,1,20261006-11-01,3,3370,坪内実,52.0,6.72,0.0,3,F.03,-0.03,F,,False,https://www.boatrace.jp/owpc/pc/race/beforeinfo?hd=20261006&jcd=11&rno=1,2026-10-06T23:01:18.204793+09:00
20261006,11,びわこ,1,20261006-11-01,4,3233,小畑実成,52.5,6.83,0.0,4,F.03,-0.03,F,,False,https://www.boatrace.jp/owpc/pc/race/beforeinfo?hd=20261006&jcd=11&rno=1,2026-10-06T23:01:18.204793+09:00
20261006,11,びわこ,1,20261006-11-01,5,4189,川上剛,54.4,6.71,0.0,5,.04,0.04,,,False,https://www.boatrace.jp/owpc/pc/race/beforeinfo?hd=20261006&jcd=11&rno=1,2026-10-06T23:01:18.204793+09:00
20261006,11,びわこ,1,20261006-11-01,6,4340,土性雅也,53.1,6.81,0.0,6,.09,0.09,,,False,https://www.boatrace.jp/owpc/pc/race/beforeinfo?hd=20261006&jcd=11&rno=1,2026-10-06T23:01:18.204793+09:00
20261006,11,びわこ,2,20261006-11-02,1,5147,田中勇輔,52.0,6.66,0.0,1,.17,0.17,,,False,https://www.boatrace.jp/owpc/pc/race/beforeinfo?hd=20261006&jcd=11&rno=2,2026-10-06T23:01:18.072360+09:00
20261006,11,びわこ,2,20261006-11-02,2,3629,浅見昌克,51.5,6.64,0.0,2,.18,0.18,,,False,https://www.boatrace.jp/owpc/pc/race/beforeinfo?hd=20261006&jcd=11&rno=2,2026-10-06T23:01:18.072360+09:00
20261006,11,びわこ,2,20261006-11-02,3,3300,川崎智幸,53.9,6.74,0.0,3,.25,0.25,,,False,https://www.boatrace.jp/owpc/pc/race/beforeinfo?hd=20261006&jcd=11&rno=2,2026-10-06T23:01:18.072360+09:00
20261006,11,びわこ,2,20261006-11-02,4,4641,磯村匠,52.0,6.64,0.0,4,.26,0.26,,,False,https://www.boatrace.jp/owpc/pc/race/beforeinfo?hd=20261006&jcd=11&rno=2,2026-10-06T23:01:18.072360+09:00
20261006,11,びわこ,2,20261006-11-02,5,3339,泉具巳,54.9,6.68,0.0,5,.28,0.28,,,False,https://www.boatrace.jp/owpc/pc/race/beforeinfo?hd=20261006&jcd=11&rno=2,2026-10-06T23:01:18.072360+09:00
20261006,11,びわこ,2,20261006-11-02,6,5430,鳥本智史,51.5,6.75,0.0,6,.26,0.26,,,False,https://www.boatrace.jp/owpc/pc/race/beforeinfo?hd=20261006&jcd=11&rno=2,2026-10-06T23:01:18.072360+09:00
20261006,11,びわこ,3,20261006-11-03,1,3922,菅沼佳昭,52.0,6.68,0.0,1,F.04,-0.04,F,,False,https://www.boatrace.jp/owpc/pc/race/beforeinfo?hd=20261006&jcd=11&rno=3,2026-10-06T23:01:20.174773+09:00
20261006,11,びわこ,3,20261006-11-03,2,4079,出畑孝典,52.0,6.82,0.0,2,.22,0.22,,,False,https://www.boatrace.jp/owpc/pc/race/beforeinfo?hd=20261006&jcd=11&rno=3,2026-10-06T23:01:20.174773+09:00
20261006,11,びわこ,3,20261006-11-03,3,4241,大串重幸,52.0,6.73,0.0,3,.09,0.09,,,False,https://www.boatrace.jp/owpc/pc/race/beforeinfo?hd=20261006&jcd=11&rno=3,2026-10-06T23:01:20.174773+09:00
20261006,11,びわこ,3,20261006-11-03,4,3966,作間章,53.7,6.77,0.0,4,.32,0.32,,,False,https://www.boatrace.jp/owpc/pc/race/beforeinfo?hd=20261006&jcd=11&rno=3,2026-10-06T23:01:20.174773+09:00
20261006,11,びわこ,3,20261006-11-03,5,5382,山下心一,52.0,6.84,0.0,5,.12,0.12,,,False,https://www.boatrace.jp/owpc/pc/race/beforeinfo?hd=20261006&jcd=11&rno=3,2026-10-06T23:01:20.174773+09:00
20261006,11,びわこ,3,20261006-11-03,6,4740,齋藤達希,53.2,6.81,0.0,6,.08,0.08,,,False,https://www.boatrace.jp/owpc/pc/race/beforeinfo?hd=20261006&jcd=11&rno=3,2026-10-06T23:01:20.174773+09:00
20261006,11,びわこ,4,20261006-11-04,1,4564,山本景士郎,52.4,6.84,0.0,1,.21,0.21,,,False,https://www.boatrace.jp/owpc/pc/race/beforeinfo?hd=20261006&jcd=11&rno=4,2026-10-06T23:01:28.302577+09:00
20261006,11,びわこ,4,20261006-11-04,2,4033,伊藤将吉,52.8,6.74,0.0,2,.06,0.06,,,False,https://www.boatrace.jp/owpc/pc/race/beforeinfo?hd=20261006&jcd=11&rno=4,2026-10-06T23:01:28.302577+09:00
20261006,11,びわこ,4,20261006-11-04,3,3719,辻栄蔵,52.7,6.74,0.0,3,.00,0.0,,,False,https://www.boatrace.jp/owpc/pc/race/beforeinfo?hd=20261006&jcd=11&rno=4,2026-10-06T23:01:28.302577+09:00
20261006,11,びわこ,4,20261006-11-04,4,4649,和田操拓,52.0,6.74,0.0,4,.16,0.16,,,False,https://www.boatrace.jp/owpc/pc/race/beforeinfo?hd=20261006&jcd=11&rno=4,2026-10-06T23:01:28.302577+09:00
20261006,11,びわこ,4,20261006-11-04,5,3850,小川知行,52.0,6.71,0.0,5,.06,0.06,,,False,https://www.boatrace.jp/owpc/pc/race/beforeinfo?hd=20261006&jcd=11&rno=4,2026-10-06T23:01:28.302577+09:00
20261006,11,びわこ,4,20261006-11-04,6,5403,藤山湧太,52.0,6.8,0.0,6,.05,0.05,,,False,https://www.boatrace.jp/owpc/pc/race/beforeinfo?hd=20261006&jcd=11&rno=4,2026-10-06T23:01:28.302577+09:00
20261006,11,びわこ,5,20261006-11-05,1,5126,山下大輝,52.0,6.76,0.0,1,.01,0.01,,,False,https://www.boatrace.jp/owpc/pc/race/beforeinfo?hd=20261006&jcd=11&rno=5,2026-10-06T23:01:28.348843+09:00
20261006,11,びわこ,5,20261006-11-05,2,3233,小畑実成,52.5,6.88,0.0,2,.00,0.0,,,False,https://www.boatrace.jp/owpc/pc/race/beforeinfo?hd=20261006&jcd=11&rno=5,2026-10-06T23:01:28.348843+09:00
20261006,11,びわこ,5,20261006-11-05,3,4066,東本勝利,53.1,6.74,0.0,3,.04,0.04,,,False,https://www.boatrace.jp/owpc/pc/race/beforeinfo?hd=20261006&jcd=11&rno=5,2026-10-06T23:01:28.348843+09:00
20261006,11,びわこ,5,20261006-11-05,4,4382,高山智至,52.2,6.8,0.0,4,.01,0.01,,,False,https://www.boatrace.jp/owpc/pc/race/beforeinfo?hd=20261006&jcd=11&rno=5,2026-10-06T23:01:28.348843+09:00
20261006,11,びわこ,5,20261006-11-05,5,3627,井上恵一,54.5,6.83,-0.5,5,.07,0.07,,,False,https://www.boatrace.jp/owpc/pc/race/beforeinfo?hd=20261006&jcd=11&rno=5,2026-10-06T23:01:28.348843+09:00
20261006,11,びわこ,5,20261006-11-05,6,5463,出口飛龍,53.4,6.78,0.0,6,.12,0.12,,,False,https://www.boatrace.jp/owpc/pc/race/beforeinfo?hd=20261006&jcd=11&rno=5,2026-10-06T23:01:28.348843+09:00
20261006,11,びわこ,6,20261006-11-06,1,4905,土井祥伍,53.8,6.82,0.0,1,F.11,-0.11,F,,False,https://www.boatrace.jp/owpc/pc/race/beforeinfo?hd=20261006&jcd=11&rno=6,2026-10-06T23:01:27.386080+09:00
20261006,11,びわこ,6,20261006-11-06,2,4588,田中京介,54.8,6.8,0.0,2,F.10,-0.1,F,,False,https://www.boatrace.jp/owpc/pc/race/beforeinfo?hd=20261006&jcd=11&rno=6,2026-10-06T23:01:27.386080+09:00
20261006,11,びわこ,6,20261006-11-06,3,4603,谷川将太,52.2,6.81,0.0,3,F.13,-0.13,F,,False,https://www.boatrace.jp/owpc/pc/race/beforeinfo?hd=20261006&jcd=11&rno=6,2026-10-06T23:01:27.386080+09:00
20261006,11,びわこ,6,20261006-11-06,4,4437,中田元泰,54.2,6.8,0.0,4,.10,0.1,,,False,https://www.boatrace.jp/owpc/pc/race/beforeinfo?hd=20261006&jcd=11&rno=6,2026-10-06T23:01:27.386080+09:00
20261006,11,びわこ,6,20261006-11-06,5,4305,金子拓矢,52.8,6.84,0.0,5,.14,0.14,,,False,https://www.boatrace.jp/owpc/pc/race/beforeinfo?hd=20261006&jcd=11&rno=6,2026-10-06T23:01:27.386080+09:00
20261006,11,びわこ,6,20261006-11-06,6,3889,須藤隆雄,53.7,6.9,-0.5,6,F.05,-0.05,F,,False,https://www.boatrace.jp/owpc/pc/race/beforeinfo?hd=20261006&jcd=11&rno=6,2026-10-06T23:01:27.386080+09:00
20261006,11,びわこ,7,20261006-11-07,1,4189,川上剛,54.4,6.67,0.0,1,F.10,-0.1,F,,False,https://www.boatrace.jp/owpc/pc/race/beforeinfo?hd=20261006&jcd=11&rno=7,2026-10-06T23:01:29.383650+09:00
20261006,11,びわこ,7,20261006-11-07,2,4090,中村尊,54.9,6.78,0.0,2,F.10,-0.1,F,,False,https://www.boatrace.jp/owpc/pc/race/beforeinfo?hd=20261006&jcd=11&rno=7,2026-10-06T23:01:29.383650+09:00
20261006,11,びわこ,7,20261006-11-07,3,5147,田中勇輔,52.0,6.79,0.0,3,F.10,-0.1,F,,False,https://www.boatrace.jp/owpc/pc/race/beforeinfo?hd=20261006&jcd=11&rno=7,2026-10-06T23:01:29.383650+09:00
20261006,11,びわこ,7,20261006-11-07,4,4146,柳橋宏紀,52.7,6.82,0.0,4,.08,0.08,,,False,https://www.boatrace.jp/owpc/pc/race/beforeinfo?hd=20261006&jcd=11&rno=7,2026-10-06T23:01:29.383650+09:00
20261006,11,びわこ,7,20261006-11-07,5,4489,岩川仁士,53.6,6.8,0.0,5,.17,0.17,,,False,https://www.boatrace.jp/owpc/pc/race/beforeinfo?hd=20261006&jcd=11&rno=7,2026-10-06T23:01:29.383650+09:00
20261006,11,びわこ,7,20261006-11-07,6,5382,山下心一,52.0,6.8,0.0,6,.13,0.13,,,False,https://www.boatrace.jp/owpc/pc/race/beforeinfo?hd=20261006&jcd=11&rno=7,2026-10-06T23:01:29.383650+09:00
20261006,11,びわこ,8,20261006-11-08,1,4641,磯村匠,52.0,6.72,0.5,1,.04,0.04,,,False,https://www.boatrace.jp/owpc/pc/race/beforeinfo?hd=20261006&jcd=11&rno=8,2026-10-06T23:01:37.613334+09:00
20261006,11,びわこ,8,20261006-11-08,2,4375,照屋厚仁,52.0,6.86,0.0,2,.18,0.18,,,False,https://www.boatrace.jp/owpc/pc/race/beforeinfo?hd=20261006&jcd=11&rno=8,2026-10-06T23:01:37.613334+09:00
20261006,11,びわこ,8,20261006-11-08,3,4743,木村仁紀,52.5,6.87,0.0,3,.09,0.09,,,False,https://www.boatrace.jp/owpc/pc/race/beforeinfo?hd=20261006&jcd=11&rno=8,2026-10-06T23:01:37.613334+09:00
20261006,11,びわこ,8,20261006-11-08,4,3315,広瀬聖仁,52.5,6.95,0.0,4,.07,0.07,,,False,https://www.boatrace.jp/owpc/pc/race/beforeinfo?hd=20261006&jcd=11&rno=8,2026-10-06T23:01:37.613334+09:00
20261006,11,びわこ,8,20261006-11-08,5,3370,坪内実,52.0,6.86,0.0,5,.06,0.06,,,False,https://www.boatrace.jp/owpc/pc/race/beforeinfo?hd=20261006&jcd=11&rno=8,2026-10-06T23:01:37.613334+09:00
20261006,11,びわこ,8,20261006-11-08,6,4055,吉田俊彦,52.1,6.96,0.0,6,F.03,-0.03,F,,False,https://www.boatrace.jp/owpc/pc/race/beforeinfo?hd=20261006&jcd=11&rno=8,2026-10-06T23:01:37.613334+09:00
20261006,11,びわこ,9,20261006-11-09,1,4241,大串重幸,52.1,6.87,0.0,1,.16,0.16,,,False,https://www.boatrace.jp/owpc/pc/race/beforeinfo?hd=20261006&jcd=11&rno=9,2026-10-06T23:01:38.514245+09:00
20261006,11,びわこ,9,20261006-11-09,2,4926,吉川貴仁,52.5,6.79,0.0,2,.12,0.12,,リング×２;シリンダ,False,https://www.boatrace.jp/owpc/pc/race/beforeinfo?hd=20261006&jcd=11&rno=9,2026-10-06T23:01:38.514245+09:00
20261006,11,びわこ,9,20261006-11-09,3,5126,山下大輝,51.5,6.8,0.0,3,.27,0.27,,,False,https://www.boatrace.jp/owpc/pc/race/beforeinfo?hd=20261006&jcd=11&rno=9,2026-10-06T23:01:38.514245+09:00
20261006,11,びわこ,9,20261006-11-09,4,5400,高村諒,52.0,6.85,0.0,4,.15,0.15,,,False,https://www.boatrace.jp/owpc/pc/race/beforeinfo?hd=20261006&jcd=11&rno=9,2026-10-06T23:01:38.514245+09:00
20261006,11,びわこ,9,20261006-11-09,5,3805,高橋英之,52.8,6.83,0.0,5,.06,0.06,,リング×２,False,https://www.boatrace.jp/owpc/pc/race/beforeinfo?hd=20261006&jcd=11&rno=9,2026-10-06T23:01:38.514245+09:00
20261006,11,びわこ,9,20261006-11-09,6,5430,鳥本智史,51.0,6.85,0.0,6,.18,0.18,,,False,https://www.boatrace.jp/owpc/pc/race/beforeinfo?hd=20261006&jcd=11&rno=9,2026-10-06T23:01:38.514245+09:00
20261006,11,びわこ,10,20261006-11-10,1,3966,作間章,53.7,6.7,0.0,1,.02,0.02,,,False,https://www.boatrace.jp/owpc/pc/race/beforeinfo?hd=20261006&jcd=11&rno=10,2026-10-06T23:01:36.578330+09:00
20261006,11,びわこ,10,20261006-11-10,2,3300,川崎智幸,53.9,6.77,0.0,2,.06,0.06,,,False,https://www.boatrace.jp/owpc/pc/race/beforeinfo?hd=20261006&jcd=11&rno=10,2026-10-06T23:01:36.578330+09:00
20261006,11,びわこ,10,20261006-11-10,3,4340,土性雅也,53.1,6.78,0.0,3,.08,0.08,,,False,https://www.boatrace.jp/owpc/pc/race/beforeinfo?hd=20261006&jcd=11&rno=10,2026-10-06T23:01:36.578330+09:00
20261006,11,びわこ,10,20261006-11-10,4,4564,山本景士郎,52.4,6.81,0.0,4,.40,0.4,,,False,https://www.boatrace.jp/owpc/pc/race/beforeinfo?hd=20261006&jcd=11&rno=10,2026-10-06T23:01:36.578330+09:00
20261006,11,びわこ,10,20261006-11-10,5,4066,東本勝利,53.1,6.79,0.0,5,.13,0.13,,,False,https://www.boatrace.jp/owpc/pc/race/beforeinfo?hd=20261006&jcd=11&rno=10,2026-10-06T23:01:36.578330+09:00
20261006,11,びわこ,10,20261006-11-10,6,4603,谷川将太,52.2,6.81,0.0,6,.09,0.09,,,False,https://www.boatrace.jp/owpc/pc/race/beforeinfo?hd=20261006&jcd=11&rno=10,2026-10-06T23:01:36.578330+09:00
20261006,11,びわこ,11,20261006-11-11,1,4305,金子拓矢,52.8,6.81,0.0,1,.04,0.04,,,False,https://www.boatrace.jp/owpc/pc/race/beforeinfo?hd=20261006&jcd=11&rno=11,2026-10-06T23:01:39.597590+09:00
20261006,11,びわこ,11,20261006-11-11,2,3627,井上恵一,54.5,6.81,-0.5,2,.14,0.14,,,False,https://www.boatrace.jp/owpc/pc/race/beforeinfo?hd=20261006&jcd=11&rno=11,2026-10-06T23:01:39.597590+09:00
20261006,11,びわこ,11,20261006-11-11,3,4090,中村尊,54.9,6.72,0.0,3,F.01,-0.01,F,,False,https://www.boatrace.jp/owpc/pc/race/beforeinfo?hd=20261006&jcd=11&rno=11,2026-10-06T23:01:39.597590+09:00
20261006,11,びわこ,11,20261006-11-11,4,3922,菅沼佳昭,52.0,6.75,0.0,4,.00,0.0,,,False,https://www.boatrace.jp/owpc/pc/race/beforeinfo?hd=20261006&jcd=11&rno=11,2026-10-06T23:01:39.597590+09:00
20261006,11,びわこ,11,20261006-11-11,5,4033,伊藤将吉,52.8,6.75,0.0,5,.06,0.06,,,False,https://www.boatrace.jp/owpc/pc/race/beforeinfo?hd=20261006&jcd=11&rno=11,2026-10-06T23:01:39.597590+09:00
20261006,11,びわこ,11,20261006-11-11,6,3629,浅見昌克,51.5,6.82,0.0,6,F.16,-0.16,F,,False,https://www.boatrace.jp/owpc/pc/race/beforeinfo?hd=20261006&jcd=11&rno=11,2026-10-06T23:01:39.597590+09:00
20261006,11,びわこ,12,20261006-11-12,1,3719,辻栄蔵,52.7,6.63,0.0,1,.11,0.11,,,False,https://www.boatrace.jp/owpc/pc/race/beforeinfo?hd=20261006&jcd=11&rno=12,2026-10-06T23:01:44.755677+09:00
20261006,11,びわこ,12,20261006-11-12,2,5242,高山弘斗,52.0,6.68,0.0,2,.14,0.14,,,False,https://www.boatrace.jp/owpc/pc/race/beforeinfo?hd=20261006&jcd=11&rno=12,2026-10-06T23:01:44.755677+09:00
20261006,11,びわこ,12,20261006-11-12,3,4437,中田元泰,54.2,6.65,0.0,3,.29,0.29,,,False,https://www.boatrace.jp/owpc/pc/race/beforeinfo?hd=20261006&jcd=11&rno=12,2026-10-06T23:01:44.755677+09:00
20261006,11,びわこ,12,20261006-11-12,4,4375,照屋厚仁,52.0,6.77,0.0,4,.33,0.33,,,False,https://www.boatrace.jp/owpc/pc/race/beforeinfo?hd=20261006&jcd=11&rno=12,2026-10-06T23:01:44.755677+09:00
20261006,11,びわこ,12,20261006-11-12,5,5127,沼田大都,51.0,6.78,0.0,5,.01,0.01,,,False,https://www.boatrace.jp/owpc/pc/race/beforeinfo?hd=20261006&jcd=11&rno=12,2026-10-06T23:01:44.755677+09:00
20261006,11,びわこ,12,20261006-11-12,6,4079,出畑孝典,52.0,6.74,0.0,6,F.08,-0.08,F,,False,https://www.boatrace.jp/owpc/pc/race/beforeinfo?hd=20261006&jcd=11&rno=12,2026-10-06T23:01:44.755677+09:00
20261006,12,住之江,1,20261006-12-01,1,4082,濱崎誠,52.0,6.98,-0.5,1,.07,0.07,,,False,https://www.boatrace.jp/owpc/pc/race/beforeinfo?hd=20261006&jcd=12&rno=1,2026-10-06T23:00:49.285521+09:00
20261006,12,住之江,1,20261006-12-01,2,4815,伏島祐介,52.2,6.94,-0.5,2,.10,0.1,,,False,https://www.boatrace.jp/owpc/pc/race/beforeinfo?hd=20261006&jcd=12&rno=1,2026-10-06T23:00:49.285521+09:00
20261006,12,住之江,1,20261006-12-01,3,5105,富田恕生,52.1,6.95,-0.5,3,.11,0.11,,,False,https://www.boatrace.jp/owpc/pc/race/beforeinfo?hd=20261006&jcd=12&rno=1,2026-10-06T23:00:49.285521+09:00
20261006,12,住之江,1,20261006-12-01,4,4059,入澤友治,55.9,6.99,-0.5,4,.12,0.12,,,False,https://www.boatrace.jp/owpc/pc/race/beforeinfo?hd=20261006&jcd=12&rno=1,2026-10-06T23:00:49.285521+09:00
20261006,12,住之江,1,20261006-12-01,5,4995,田邉亮蔵,54.1,6.92,-0.5,5,.15,0.15,,,False,https://www.boatrace.jp/owpc/pc/race/beforeinfo?hd=20261006&jcd=12&rno=1,2026-10-06T23:00:49.285521+09:00
20261006,12,住之江,1,20261006-12-01,6,5450,藤本遼磨,52.6,6.93,-0.5,6,.17,0.17,,,False,https://www.boatrace.jp/owpc/pc/race/beforeinfo?hd=20261006&jcd=12&rno=1,2026-10-06T23:00:49.285521+09:00
20261006,12,住之江,2,20261006-12-02,1,3107,平岡重典,52.0,7.05,-0.5,1,F.01,-0.01,F,,False,https://www.boatrace.jp/owpc/pc/race/beforeinfo?hd=20261006&jcd=12&rno=2,2026-10-06T23:00:49.565443+09:00
20261006,12,住之江,2,20261006-12-02,2,4272,大場広孝,57.3,6.97,-0.5,2,.10,0.1,,,False,https://www.boatrace.jp/owpc/pc/race/beforeinfo?hd=20261006&jcd=12&rno=2,2026-10-06T23:00:49.565443+09:00
20261006,12,住之江,2,20261006-12-02,3,4104,木下陽介,54.2,7.02,-0.5,3,.14,0.14,,,False,https://www.boatrace.jp/owpc/pc/race/beforeinfo?hd=20261006&jcd=12&rno=2,2026-10-06T23:00:49.565443+09:00
20261006,12,住之江,2,20261006-12-02,4,3602,奥平拓也,52.7,7.03,-0.5,4,.13,0.13,,,False,https://www.boatrace.jp/owpc/pc/race/beforeinfo?hd=20261006&jcd=12&rno=2,2026-10-06T23:00:49.565443+09:00
20261006,12,住之江,2,20261006-12-02,5,4944,田代達也,52.3,6.98,-0.5,5,.13,0.13,,,False,https://www.boatrace.jp/owpc/pc/race/beforeinfo?hd=20261006&jcd=12&rno=2,2026-10-06T23:00:49.565443+09:00
20261006,12,住之江,2,20261006-12-02,6,3432,宮迫暢彦,51.5,6.91,-0.5,6,.17,0.17,,,False,https://www.boatrace.jp/owpc/pc/race/beforeinfo?hd=20261006&jcd=12&rno=2,2026-10-06T23:00:49.565443+09:00
20261006,12,住之江,3,20261006-12-03,1,4138,中井俊祐,51.5,7.07,-0.5,1,.17,0.17,,,False,https://www.boatrace.jp/owpc/pc/race/beforeinfo?hd=20261006&jcd=12&rno=3,2026-10-06T23:00:53.592701+09:00
20261006,12,住之江,3,20261006-12-03,2,3904,森貴洋,53.2,6.99,0.0,3,.10,0.1,,,False,https://www.boatrace.jp/owpc/pc/race/beforeinfo?hd=20261006&jcd=12&rno=3,2026-10-06T23:00:53.592701+09:00
20261006,12,住之江,3,20261006-12-03,3,4598,加藤政彦,52.0,7.07,-0.5,4,.11,0.11,,,False,https://www.boatrace.jp/owpc/pc/race/beforeinfo?hd=20261006&jcd=12&rno=3,2026-10-06T23:00:53.592701+09:00
20261006,12,住之江,3,20261006-12-03,4,4424,松尾昂明,52.0,6.93,-0.5,2,F.02,-0.02,F,,False,https://www.boatrace.jp/owpc/pc/race/beforeinfo?hd=20261006&jcd=12&rno=3,2026-10-06T23:00:53.592701+09:00
20261006,12,住之江,3,20261006-12-03,5,4976,金山立樹,52.0,7.0,-0.5,5,F.10,-0.1,F,,False,https://www.boatrace.jp/owpc/pc/race/beforeinfo?hd=20261006&jcd=12&rno=3,2026-10-06T23:00:53.592701+09:00
20261006,12,住之江,3,20261006-12-03,6,4367,山口修路,52.0,7.1,0.0,6,F.01,-0.01,F,,False,https://www.boatrace.jp/owpc/pc/race/beforeinfo?hd=20261006&jcd=12&rno=3,2026-10-06T23:00:53.592701+09:00
20261006,12,住之江,4,20261006-12-04,1,4395,下河雅史,54.1,6.93,-0.5,1,.03,0.03,,,False,https://www.boatrace.jp/owpc/pc/race/beforeinfo?hd=20261006&jcd=12&rno=4,2026-10-06T23:00:59.512574+09:00
20261006,12,住之江,4,20261006-12-04,2,4211,村田敦,59.3,7.01,-0.5,2,.06,0.06,,,False,https://www.boatrace.jp/owpc/pc/race/beforeinfo?hd=20261006&jcd=12&rno=4,2026-10-06T23:00:59.512574+09:00
20261006,12,住之江,4,20261006-12-04,3,4411,沢田昭宏,52.8,6.98,-0.5,3,.00,0.0,,,False,https://www.boatrace.jp/owpc/pc/race/beforeinfo?hd=20261006&jcd=12&rno=4,2026-10-06T23:00:59.512574+09:00
20261006,12,住之江,4,20261006-12-04,4,5022,伊藤尚汰,50.5,6.93,-0.5,4,.00,0.0,,,False,https://www.boatrace.jp/owpc/pc/race/beforeinfo?hd=20261006&jcd=12&rno=4,2026-10-06T23:00:59.512574+09:00
20261006,12,住之江,4,20261006-12-04,5,4422,永井亮次,52.6,7.05,-0.5,5,.04,0.04,,,False,https://www.boatrace.jp/owpc/pc/race/beforeinfo?hd=20261006&jcd=12&rno=4,2026-10-06T23:00:59.512574+09:00
20261006,12,住之江,4,20261006-12-04,6,5409,宮本琉正,55.0,7.06,-0.5,6,F.03,-0.03,F,,False,https://www.boatrace.jp/owpc/pc/race/beforeinfo?hd=20261006&jcd=12&rno=4,2026-10-06T23:00:59.512574+09:00
20261006,12,住之江,5,20261006-12-05,1,4122,安東幸治,54.4,6.97,0.0,1,.13,0.13,,,False,https://www.boatrace.jp/owpc/pc/race/beforeinfo?hd=20261006&jcd=12&rno=5,2026-10-06T23:00:59.774820+09:00
20261006,12,住之江,5,20261006-12-05,2,4995,田邉亮蔵,54.1,6.98,-0.5,2,.07,0.07,,,False,https://www.boatrace.jp/owpc/pc/race/beforeinfo?hd=20261006&jcd=12&rno=5,2026-10-06T23:00:59.774820+09:00
20261006,12,住之江,5,20261006-12-05,3,4136,江夏満,52.0,6.89,-0.5,3,.12,0.12,,,False,https://www.boatrace.jp/owpc/pc/race/beforeinfo?hd=20261006&jcd=12&rno=5,2026-10-06T23:00:59.774820+09:00
20261006,12,住之江,5,20261006-12-05,4,3564,桑原啓,52.8,6.93,-0.5,4,.06,0.06,,,False,https://www.boatrace.jp/owpc/pc/race/beforeinfo?hd=20261006&jcd=12&rno=5,2026-10-06T23:00:59.774820+09:00
20261006,12,住之江,5,20261006-12-05,5,5105,富田恕生,52.1,6.95,-0.5,5,.02,0.02,,,False,https://www.boatrace.jp/owpc/pc/race/beforeinfo?hd=20261006&jcd=12&rno=5,2026-10-06T23:00:59.774820+09:00
20261006,12,住之江,5,20261006-12-05,6,4357,田中和也,52.0,7.0,-0.5,6,.05,0.05,,,False,https://www.boatrace.jp/owpc/pc/race/beforeinfo?hd=20261006&jcd=12&rno=5,2026-10-06T23:00:59.774820+09:00
20261006,12,住之江,6,20261006-12-06,1,4351,里岡右貴,52.0,6.88,-0.5,1,F.03,-0.03,F,,False,https://www.boatrace.jp/owpc/pc/race/beforeinfo?hd=20261006&jcd=12&rno=6,2026-10-06T23:00:59.842021+09:00
20261006,12,住之江,6,20261006-12-06,2,3602,奥平拓也,52.7,6.99,-0.5,2,.04,0.04,,,False,https://www.boatrace.jp/owpc/pc/race/beforeinfo?hd=20261006&jcd=12&rno=6,2026-10-06T23:00:59.842021+09:00
20261006,12,住之江,6,20261006-12-06,3,5289,佃來紀,52.3,6.92,-0.5,3,.11,0.11,,,False,https://www.boatrace.jp/owpc/pc/race/beforeinfo?hd=20261006&jcd=12&rno=6,2026-10-06T23:00:59.842021+09:00
20261006,12,住之江,6,20261006-12-06,4,4651,佐藤大騎,52.2,6.92,0.0,4,.27,0.27,,,False,https://www.boatrace.jp/owpc/pc/race/beforeinfo?hd=20261006&jcd=12&rno=6,2026-10-06T23:00:59.842021+09:00
20261006,12,住之江,6,20261006-12-06,5,4104,木下陽介,54.2,7.01,-0.5,5,.03,0.03,,,False,https://www.boatrace.jp/owpc/pc/race/beforeinfo?hd=20261006&jcd=12&rno=6,2026-10-06T23:00:59.842021+09:00
20261006,12,住之江,6,20261006-12-06,6,4059,入澤友治,55.9,6.97,-0.5,6,.29,0.29,,,False,https://www.boatrace.jp/owpc/pc/race/beforeinfo?hd=20261006&jcd=12&rno=6,2026-10-06T23:00:59.842021+09:00
20261006,12,住之江,7,20261006-12-07,1,3951,石川吉鎬,53.0,6.99,-0.5,1,.03,0.03,,,False,https://www.boatrace.jp/owpc/pc/race/beforeinfo?hd=20261006&jcd=12&rno=7,2026-10-06T23:01:01.774921+09:00
20261006,12,住之江,7,20261006-12-07,2,4976,金山立樹,52.0,6.93,-0.5,2,.07,0.07,,,False,https://www.boatrace.jp/owpc/pc/race/beforeinfo?hd=20261006&jcd=12&rno=7,2026-10-06T23:01:01.774921+09:00
20261006,12,住之江,7,20261006-12-07,3,4697,國弘翔平,51.0,6.94,-0.5,3,.03,0.03,,,False,https://www.boatrace.jp/owpc/pc/race/beforeinfo?hd=20261006&jcd=12&rno=7,2026-10-06T23:01:01.774921+09:00
20261006,12,住之江,7,20261006-12-07,4,3107,平岡重典,52.0,6.99,-0.5,4,.11,0.11,,,False,https://www.boatrace.jp/owpc/pc/race/beforeinfo?hd=20261006&jcd=12&rno=7,2026-10-06T23:01:01.774921+09:00
20261006,12,住之江,7,20261006-12-07,5,4042,丸岡正典,52.6,6.89,-0.5,5,.10,0.1,,,False,https://www.boatrace.jp/owpc/pc/race/beforeinfo?hd=20261006&jcd=12&rno=7,2026-10-06T23:01:01.774921+09:00
20261006,12,住之江,7,20261006-12-07,6,4366,前沢丈史,55.9,6.94,-0.5,6,F.01,-0.01,F,,False,https://www.boatrace.jp/owpc/pc/race/beforeinfo?hd=20261006&jcd=12&rno=7,2026-10-06T23:01:01.774921+09:00
20261006,12,住之江,8,20261006-12-08,1,4422,永井亮次,52.6,6.94,-0.5,1,F.09,-0.09,F,,False,https://www.boatrace.jp/owpc/pc/race/beforeinfo?hd=20261006&jcd=12&rno=8,2026-10-06T23:01:09.834924+09:00
20261006,12,住之江,8,20261006-12-08,2,4944,田代達也,52.3,6.91,-0.5,2,F.08,-0.08,F,,False,https://www.boatrace.jp/owpc/pc/race/beforeinfo?hd=20261006&jcd=12&rno=8,2026-10-06T23:01:09.834924+09:00
20261006,12,住之江,8,20261006-12-08,3,5022,伊藤尚汰,50.5,6.89,-0.5,3,.03,0.03,,,False,https://www.boatrace.jp/owpc/pc/race/beforeinfo?hd=20261006&jcd=12&rno=8,2026-10-06T23:01:09.834924+09:00
20261006,12,住之江,8,20261006-12-08,4,4608,荒井翔伍,53.7,7.01,-0.5,4,.03,0.03,,,False,https://www.boatrace.jp/owpc/pc/race/beforeinfo?hd=20261006&jcd=12&rno=8,2026-10-06T23:01:09.834924+09:00
20261006,12,住之江,8,20261006-12-08,5,4815,伏島祐介,52.2,6.95,-0.5,5,.04,0.04,,,False,https://www.boatrace.jp/owpc/pc/race/beforeinfo?hd=20261006&jcd=12&rno=8,2026-10-06T23:01:09.834924+09:00
20261006,12,住之江,8,20261006-12-08,6,5028,原田才一郎,52.0,6.98,-0.5,6,.09,0.09,,,False,https://www.boatrace.jp/owpc/pc/race/beforeinfo?hd=20261006&jcd=12&rno=8,2026-10-06T23:01:09.834924+09:00
20261006,12,住之江,9,20261006-12-09,1,4560,庄司樹良々,52.6,6.9,0.0,1,F.03,-0.03,F,,False,https://www.boatrace.jp/owpc/pc/race/beforeinfo?hd=20261006&jcd=12&rno=9,2026-10-06T23:01:08.950652+09:00
20261006,12,住之江,9,20261006-12-09,2,3564,桑原啓,52.8,6.88,-0.5,2,F.02,-0.02,F,,False,https://www.boatrace.jp/owpc/pc/race/beforeinfo?hd=20261006&jcd=12&rno=9,2026-10-06T23:01:08.950652+09:00
20261006,12,住之江,9,20261006-12-09,3,3613,角谷健吾,51.0,6.96,-0.5,3,F.08,-0.08,F,,False,https://www.boatrace.jp/owpc/pc/race/beforeinfo?hd=20261006&jcd=12&rno=9,2026-10-06T23:01:08.950652+09:00
20261006,12,住之江,9,20261006-12-09,4,4598,加藤政彦,52.0,6.98,-0.5,4,F.04,-0.04,F,,False,https://www.boatrace.jp/owpc/pc/race/beforeinfo?hd=20261006&jcd=12&rno=9,2026-10-06T23:01:08.950652+09:00
20261006,12,住之江,9,20261006-12-09,5,4138,中井俊祐,51.5,6.98,-0.5,5,F.01,-0.01,F,,False,https://www.boatrace.jp/owpc/pc/race/beforeinfo?hd=20261006&jcd=12&rno=9,2026-10-06T23:01:08.950652+09:00
20261006,12,住之江,9,20261006-12-09,6,4082,濱崎誠,52.0,6.88,0.0,6,F.01,-0.01,F,,False,https://www.boatrace.jp/owpc/pc/race/beforeinfo?hd=20261006&jcd=12&rno=9,2026-10-06T23:01:08.950652+09:00
20261006,12,住之江,10,20261006-12-10,1,4357,田中和也,52.0,6.9,-0.5,1,.15,0.15,,,False,https://www.boatrace.jp/owpc/pc/race/beforeinfo?hd=20261006&jcd=12&rno=10,2026-10-06T23:01:09.023036+09:00
20261006,12,住之江,10,20261006-12-10,2,4122,安東幸治,54.4,6.91,-0.5,2,F.01,-0.01,F,,False,https://www.boatrace.jp/owpc/pc/race/beforeinfo?hd=20261006&jcd=12&rno=10,2026-10-06T23:01:09.023036+09:00
20261006,12,住之江,10,20261006-12-10,3,4651,佐藤大騎,52.2,6.94,0.0,3,F.07,-0.07,F,,False,https://www.boatrace.jp/owpc/pc/race/beforeinfo?hd=20261006&jcd=12&rno=10,2026-10-06T23:01:09.023036+09:00
20261006,12,住之江,10,20261006-12-10,4,5289,佃來紀,52.3,6.9,-0.5,4,.08,0.08,,,False,https://www.boatrace.jp/owpc/pc/race/beforeinfo?hd=20261006&jcd=12&rno=10,2026-10-06T23:01:09.023036+09:00
20261006,12,住之江,10,20261006-12-10,5,4395,下河雅史,54.1,6.91,-0.5,5,.07,0.07,,,False,https://www.boatrace.jp/owpc/pc/race/beforeinfo?hd=20261006&jcd=12&rno=10,2026-10-06T23:01:09.023036+09:00
20261006,12,住之江,10,20261006-12-10,6,3904,森貴洋,53.2,6.9,-0.5,6,.01,0.01,,,False,https://www.boatrace.jp/owpc/pc/race/beforeinfo?hd=20261006&jcd=12&rno=10,2026-10-06T23:01:09.023036+09:00
20261006,12,住之江,11,20261006-12-11,1,4366,前沢丈史,55.9,6.88,-0.5,1,.06,0.06,,,False,https://www.boatrace.jp/owpc/pc/race/beforeinfo?hd=20261006&jcd=12&rno=11,2026-10-06T23:01:09.977267+09:00
20261006,12,住之江,11,20261006-12-11,2,4042,丸岡正典,52.6,6.83,-0.5,2,.07,0.07,,,False,https://www.boatrace.jp/owpc/pc/race/beforeinfo?hd=20261006&jcd=12&rno=11,2026-10-06T23:01:09.977267+09:00
20261006,12,住之江,11,20261006-12-11,3,4351,里岡右貴,52.0,6.86,0.0,3,F.08,-0.08,F,,False,https://www.boatrace.jp/owpc/pc/race/beforeinfo?hd=20261006&jcd=12&rno=11,2026-10-06T23:01:09.977267+09:00
20261006,12,住之江,11,20261006-12-11,4,4136,江夏満,52.0,6.83,-0.5,4,.17,0.17,,,False,https://www.boatrace.jp/owpc/pc/race/beforeinfo?hd=20261006&jcd=12&rno=11,2026-10-06T23:01:09.977267+09:00
20261006,12,住之江,11,20261006-12-11,5,4411,沢田昭宏,52.8,6.9,-0.5,5,F.06,-0.06,F,,False,https://www.boatrace.jp/owpc/pc/race/beforeinfo?hd=20261006&jcd=12&rno=11,2026-10-06T23:01:09.977267+09:00
20261006,12,住之江,11,20261006-12-11,6,4424,松尾昂明,52.0,6.8,-0.5,6,F.07,-0.07,F,,False,https://www.boatrace.jp/owpc/pc/race/beforeinfo?hd=20261006&jcd=12&rno=11,2026-10-06T23:01:09.977267+09:00
20261006,12,住之江,12,20261006-12-12,1,4330,奈須啓太,52.0,6.82,-0.5,1,F.03,-0.03,F,,False,https://www.boatrace.jp/owpc/pc/race/beforeinfo?hd=20261006&jcd=12&rno=12,2026-10-06T23:01:18.123233+09:00
20261006,12,住之江,12,20261006-12-12,2,4427,秦英悟,52.0,6.84,-0.5,2,.01,0.01,,リング×２,False,https://www.boatrace.jp/owpc/pc/race/beforeinfo?hd=20261006&jcd=12&rno=12,2026-10-06T23:01:18.123233+09:00
20261006,12,住之江,12,20261006-12-12,3,5221,竹間隆晟,52.7,6.85,-0.5,3,.01,0.01,,リング×２,False,https://www.boatrace.jp/owpc/pc/race/beforeinfo?hd=20261006&jcd=12&rno=12,2026-10-06T23:01:18.123233+09:00
20261006,12,住之江,12,20261006-12-12,4,4086,寺本重宣,50.0,6.9,-0.5,4,.10,0.1,,,False,https://www.boatrace.jp/owpc/pc/race/beforeinfo?hd=20261006&jcd=12&rno=12,2026-10-06T23:01:18.123233+09:00
20261006,12,住之江,12,20261006-12-12,5,4759,今泉友吾,52.0,6.9,-0.5,5,F.05,-0.05,F,,False,https://www.boatrace.jp/owpc/pc/race/beforeinfo?hd=20261006&jcd=12&rno=12,2026-10-06T23:01:18.123233+09:00
20261006,12,住之江,12,20261006-12-12,6,4702,三浦敬太,52.0,6.91,-0.5,6,F.02,-0.02,F,,False,https://www.boatrace.jp/owpc/pc/race/beforeinfo?hd=20261006&jcd=12&rno=12,2026-10-06T23:01:18.123233+09:00
20261006,13,尼崎,1,20261006-13-01,1,4219,本岡勝利,52.1,6.9,-0.5,1,.03,0.03,,,False,https://www.boatrace.jp/owpc/pc/race/beforeinfo?hd=20261006&jcd=13&rno=1,2026-10-06T23:00:23.684972+09:00
20261006,13,尼崎,1,20261006-13-01,2,3286,坂東満,52.2,6.96,-0.5,2,.21,0.21,,,False,https://www.boatrace.jp/owpc/pc/race/beforeinfo?hd=20261006&jcd=13&rno=1,2026-10-06T23:00:23.684972+09:00
20261006,13,尼崎,1,20261006-13-01,3,4539,金子賢志,52.0,6.86,0.0,3,.01,0.01,,,False,https://www.boatrace.jp/owpc/pc/race/beforeinfo?hd=20261006&jcd=13&rno=1,2026-10-06T23:00:23.684972+09:00
20261006,13,尼崎,1,20261006-13-01,4,3434,松尾宣邦,52.7,6.88,0.0,4,.19,0.19,,,False,https://www.boatrace.jp/owpc/pc/race/beforeinfo?hd=20261006&jcd=13&rno=1,2026-10-06T23:00:23.684972+09:00
20261006,13,尼崎,1,20261006-13-01,5,4106,坂井康嗣,52.0,6.9,-0.5,5,.02,0.02,,,False,https://www.boatrace.jp/owpc/pc/race/beforeinfo?hd=20261006&jcd=13&rno=1,2026-10-06T23:00:23.684972+09:00
20261006,13,尼崎,1,20261006-13-01,6,5340,樋江井舞,45.5,6.83,0.0,6,.23,0.23,,,False,https://www.boatrace.jp/owpc/pc/race/beforeinfo?hd=20261006&jcd=13&rno=1,2026-10-06T23:00:23.684972+09:00
20261006,13,尼崎,2,20261006-13-02,1,4254,川島圭司,52.0,6.87,0.0,1,.11,0.11,,,False,https://www.boatrace.jp/owpc/pc/race/beforeinfo?hd=20261006&jcd=13&rno=2,2026-10-06T23:00:23.972630+09:00
20261006,13,尼崎,2,20261006-13-02,2,5259,野田昇吾,56.4,6.88,0.0,2,.01,0.01,,,False,https://www.boatrace.jp/owpc/pc/race/beforeinfo?hd=20261006&jcd=13&rno=2,2026-10-06T23:00:23.972630+09:00
20261006,13,尼崎,2,20261006-13-02,3,4664,東口晃,52.5,6.91,-0.5,3,.08,0.08,,,False,https://www.boatrace.jp/owpc/pc/race/beforeinfo?hd=20261006&jcd=13&rno=2,2026-10-06T23:00:23.972630+09:00
20261006,13,尼崎,2,20261006-13-02,4,4429,豊田泰洋,57.0,6.91,-0.5,4,.09,0.09,,,False,https://www.boatrace.jp/owpc/pc/race/beforeinfo?hd=20261006&jcd=13&rno=2,2026-10-06T23:00:23.972630+09:00
20261006,13,尼崎,2,20261006-13-02,5,4987,島倉都,47.0,6.86,-0.5,5,F.08,-0.08,F,,False,https://www.boatrace.jp/owpc/pc/race/beforeinfo?hd=20261006&jcd=13&rno=2,2026-10-06T23:00:23.972630+09:00
20261006,13,尼崎,2,20261006-13-02,6,5308,藤森拓海,52.7,6.92,0.0,6,F.03,-0.03,F,,False,https://www.boatrace.jp/owpc/pc/race/beforeinfo?hd=20261006&jcd=13&rno=2,2026-10-06T23:00:23.972630+09:00
20261006,13,尼崎,3,20261006-13-03,1,3478,嶋田貴支,52.0,6.91,-0.5,1,F.01,-0.01,F,,False,https://www.boatrace.jp/owpc/pc/race/beforeinfo?hd=20261006&jcd=13&rno=3,2026-10-06T23:00:25.969366+09:00
20261006,13,尼崎,3,20261006-13-03,2,3974,深山祐二,52.0,6.93,-0.5,2,.09,0.09,,,False,https://www.boatrace.jp/owpc/pc/race/beforeinfo?hd=20261006&jcd=13&rno=3,2026-10-06T23:00:25.969366+09:00
20261006,13,尼崎,3,20261006-13-03,3,3901,松田憲幸,52.7,6.89,0.0,3,.08,0.08,,,False,https://www.boatrace.jp/owpc/pc/race/beforeinfo?hd=20261006&jcd=13&rno=3,2026-10-06T23:00:25.969366+09:00
20261006,13,尼崎,3,20261006-13-03,4,4531,武富智亮,53.2,6.92,-0.5,4,.11,0.11,,,False,https://www.boatrace.jp/owpc/pc/race/beforeinfo?hd=20261006&jcd=13&rno=3,2026-10-06T23:00:25.969366+09:00
20261006,13,尼崎,3,20261006-13-03,5,4298,宮下元胤,52.6,6.81,0.0,5,.21,0.21,,リング×２,False,https://www.boatrace.jp/owpc/pc/race/beforeinfo?hd=20261006&jcd=13&rno=3,2026-10-06T23:00:25.969366+09:00
20261006,13,尼崎,3,20261006-13-03,6,5264,登みひ果,44.0,6.73,0.0,6,.11,0.11,,,False,https://www.boatrace.jp/owpc/pc/race/beforeinfo?hd=20261006&jcd=13&rno=3,2026-10-06T23:00:25.969366+09:00
20261006,13,尼崎,4,20261006-13-04,1,4819,蜂須瑞生,46.5,6.84,0.0,1,.28,0.28,,,False,https://www.boatrace.jp/owpc/pc/race/beforeinfo?hd=20261006&jcd=13&rno=4,2026-10-06T23:00:31.174247+09:00
20261006,13,尼崎,4,20261006-13-04,2,4639,雑賀勇貴,53.5,6.87,0.0,2,.03,0.03,,,False,https://www.boatrace.jp/owpc/pc/race/beforeinfo?hd=20261006&jcd=13&rno=4,2026-10-06T23:00:31.174247+09:00
20261006,13,尼崎,4,20261006-13-04,3,3606,川北浩貴,52.1,6.86,-0.5,3,F.01,-0.01,F,,False,https://www.boatrace.jp/owpc/pc/race/beforeinfo?hd=20261006&jcd=13&rno=4,2026-10-06T23:00:31.174247+09:00
20261006,13,尼崎,4,20261006-13-04,4,3790,佐口達也,53.0,6.91,-0.5,4,.05,0.05,,,False,https://www.boatrace.jp/owpc/pc/race/beforeinfo?hd=20261006&jcd=13&rno=4,2026-10-06T23:00:31.174247+09:00
20261006,13,尼崎,4,20261006-13-04,5,3995,重野哲之,53.6,6.84,0.0,5,.07,0.07,,,False,https://www.boatrace.jp/owpc/pc/race/beforeinfo?hd=20261006&jcd=13&rno=4,2026-10-06T23:00:31.174247+09:00
20261006,13,尼崎,4,20261006-13-04,6,4365,盛本真輔,52.0,6.87,0.0,6,.14,0.14,,,False,https://www.boatrace.jp/owpc/pc/race/beforeinfo?hd=20261006&jcd=13&rno=4,2026-10-06T23:00:31.174247+09:00
20261006,13,尼崎,5,20261006-13-05,1,3514,山一鉄也,52.0,6.81,-0.5,1,.04,0.04,,,False,https://www.boatrace.jp/owpc/pc/race/beforeinfo?hd=20261006&jcd=13&rno=5,2026-10-06T23:00:31.889382+09:00
20261006,13,尼崎,5,20261006-13-05,2,4443,津田裕絵,50.1,6.86,-0.5,2,.05,0.05,,リング×４,False,https://www.boatrace.jp/owpc/pc/race/beforeinfo?hd=20261006&jcd=13&rno=5,2026-10-06T23:00:31.889382+09:00
20261006,13,尼崎,5,20261006-13-05,3,5031,渡辺空依,52.3,6.73,0.0,3,.03,0.03,,,False,https://www.boatrace.jp/owpc/pc/race/beforeinfo?hd=20261006&jcd=13&rno=5,2026-10-06T23:00:31.889382+09:00
20261006,13,尼崎,5,20261006-13-05,4,4219,本岡勝利,52.1,6.87,-0.5,4,.09,0.09,,,False,https://www.boatrace.jp/owpc/pc/race/beforeinfo?hd=20261006&jcd=13&rno=5,2026-10-06T23:00:31.889382+09:00
20261006,13,尼崎,5,20261006-13-05,5,5218,山田理央,46.0,6.81,-0.5,5,.36,0.36,,,False,https://www.boatrace.jp/owpc/pc/race/beforeinfo?hd=20261006&jcd=13&rno=5,2026-10-06T23:00:31.889382+09:00
20261006,13,尼崎,5,20261006-13-05,6,3614,谷勝幸,54.3,6.81,-0.5,6,.43,0.43,,,False,https://www.boatrace.jp/owpc/pc/race/beforeinfo?hd=20261006&jcd=13&rno=5,2026-10-06T23:00:31.889382+09:00
20261006,13,尼崎,6,20261006-13-06,1,4700,金子和之,52.6,6.96,0.0,1,.03,0.03,,,False,https://www.boatrace.jp/owpc/pc/race/beforeinfo?hd=20261006&jcd=13&rno=6,2026-10-06T23:00:32.184726+09:00
20261006,13,尼崎,6,20261006-13-06,2,4226,村田浩司,52.0,6.9,-0.5,2,.09,0.09,,リング×４,False,https://www.boatrace.jp/owpc/pc/race/beforeinfo?hd=20261006&jcd=13&rno=6,2026-10-06T23:00:32.184726+09:00
20261006,13,尼崎,6,20261006-13-06,3,4429,豊田泰洋,57.0,7.01,-0.5,3,.07,0.07,,,False,https://www.boatrace.jp/owpc/pc/race/beforeinfo?hd=20261006&jcd=13&rno=6,2026-10-06T23:00:32.184726+09:00
20261006,13,尼崎,6,20261006-13-06,4,5161,登玉隼百,52.5,6.87,0.0,4,.13,0.13,,リング×２,False,https://www.boatrace.jp/owpc/pc/race/beforeinfo?hd=20261006&jcd=13&rno=6,2026-10-06T23:00:32.184726+09:00
20261006,13,尼崎,6,20261006-13-06,5,3286,坂東満,52.2,7.0,-0.5,5,.09,0.09,,,False,https://www.boatrace.jp/owpc/pc/race/beforeinfo?hd=20261006&jcd=13&rno=6,2026-10-06T23:00:32.184726+09:00
20261006,13,尼崎,6,20261006-13-06,6,5128,坪井爽佑,54.0,6.95,-0.5,6,.14,0.14,,,False,https://www.boatrace.jp/owpc/pc/race/beforeinfo?hd=20261006&jcd=13&rno=6,2026-10-06T23:00:32.184726+09:00
20261006,13,尼崎,7,20261006-13-07,1,4298,宮下元胤,52.6,6.82,0.0,1,.13,0.13,,,False,https://www.boatrace.jp/owpc/pc/race/beforeinfo?hd=20261006&jcd=13&rno=7,2026-10-06T23:00:36.187736+09:00
20261006,13,尼崎,7,20261006-13-07,2,5308,藤森拓海,52.7,6.89,0.0,2,F.03,-0.03,F,,False,https://www.boatrace.jp/owpc/pc/race/beforeinfo?hd=20261006&jcd=13&rno=7,2026-10-06T23:00:36.187736+09:00
20261006,13,尼崎,7,20261006-13-07,3,4106,坂井康嗣,52.0,6.89,-0.5,3,F.12,-0.12,F,,False,https://www.boatrace.jp/owpc/pc/race/beforeinfo?hd=20261006&jcd=13&rno=7,2026-10-06T23:00:36.187736+09:00
20261006,13,尼崎,7,20261006-13-07,4,4962,畑竜生,52.0,6.78,0.0,4,.08,0.08,,,False,https://www.boatrace.jp/owpc/pc/race/beforeinfo?hd=20261006&jcd=13&rno=7,2026-10-06T23:00:36.187736+09:00
20261006,13,尼崎,7,20261006-13-07,5,4254,川島圭司,52.0,6.82,0.0,5,F.08,-0.08,F,,False,https://www.boatrace.jp/owpc/pc/race/beforeinfo?hd=20261006&jcd=13&rno=7,2026-10-06T23:00:36.187736+09:00
20261006,13,尼崎,7,20261006-13-07,6,4150,山田雄太,55.4,6.77,0.0,6,.01,0.01,,,False,https://www.boatrace.jp/owpc/pc/race/beforeinfo?hd=20261006&jcd=13&rno=7,2026-10-06T23:00:36.187736+09:00
20261006,13,尼崎,8,20261006-13-08,1,4531,武富智亮,53.2,6.94,-0.5,1,F.01,-0.01,F,,False,https://www.boatrace.jp/owpc/pc/race/beforeinfo?hd=20261006&jcd=13&rno=8,2026-10-06T23:00:40.386429+09:00
20261006,13,尼崎,8,20261006-13-08,2,3434,松尾宣邦,52.7,6.92,0.0,2,F.03,-0.03,F,,False,https://www.boatrace.jp/owpc/pc/race/beforeinfo?hd=20261006&jcd=13&rno=8,2026-10-06T23:00:40.386429+09:00
20261006,13,尼崎,8,20261006-13-08,3,4365,盛本真輔,52.0,6.86,0.0,3,F.01,-0.01,F,,False,https://www.boatrace.jp/owpc/pc/race/beforeinfo?hd=20261006&jcd=13&rno=8,2026-10-06T23:00:40.386429+09:00
20261006,13,尼崎,8,20261006-13-08,4,3974,深山祐二,52.0,6.93,-0.5,4,.15,0.15,,,False,https://www.boatrace.jp/owpc/pc/race/beforeinfo?hd=20261006&jcd=13&rno=8,2026-10-06T23:00:40.386429+09:00
20261006,13,尼崎,8,20261006-13-08,5,4639,雑賀勇貴,53.5,6.87,0.0,5,.11,0.11,,,False,https://www.boatrace.jp/owpc/pc/race/beforeinfo?hd=20261006&jcd=13&rno=8,2026-10-06T23:00:40.386429+09:00
20261006,13,尼崎,8,20261006-13-08,6,5257,西丸侑太朗,53.2,6.82,-0.5,6,.04,0.04,,,False,https://www.boatrace.jp/owpc/pc/race/beforeinfo?hd=20261006&jcd=13&rno=8,2026-10-06T23:00:40.386429+09:00
20261006,13,尼崎,9,20261006-13-09,1,5218,山田理央,46.0,6.85,-0.5,1,.04,0.04,,,False,https://www.boatrace.jp/owpc/pc/race/beforeinfo?hd=20261006&jcd=13&rno=9,2026-10-06T23:00:41.108294+09:00
20261006,13,尼崎,9,20261006-13-09,2,4548,篠木亜衣花,49.7,6.98,-0.5,2,.07,0.07,,,False,https://www.boatrace.jp/owpc/pc/race/beforeinfo?hd=20261006&jcd=13&rno=9,2026-10-06T23:00:41.108294+09:00
20261006,13,尼崎,9,20261006-13-09,3,4987,島倉都,47.0,6.91,-0.5,3,.09,0.09,,,False,https://www.boatrace.jp/owpc/pc/race/beforeinfo?hd=20261006&jcd=13&rno=9,2026-10-06T23:00:41.108294+09:00
20261006,13,尼崎,9,20261006-13-09,4,4443,津田裕絵,50.1,6.89,-0.5,4,.06,0.06,,,False,https://www.boatrace.jp/owpc/pc/race/beforeinfo?hd=20261006&jcd=13&rno=9,2026-10-06T23:00:41.108294+09:00
20261006,13,尼崎,9,20261006-13-09,5,4819,蜂須瑞生,46.5,6.89,0.0,5,.09,0.09,,,False,https://www.boatrace.jp/owpc/pc/race/beforeinfo?hd=20261006&jcd=13&rno=9,2026-10-06T23:00:41.108294+09:00
20261006,13,尼崎,9,20261006-13-09,6,4546,浜田亜理沙,47.1,6.86,0.0,6,.33,0.33,,,False,https://www.boatrace.jp/owpc/pc/race/beforeinfo?hd=20261006&jcd=13&rno=9,2026-10-06T23:00:41.108294+09:00
20261006,13,尼崎,10,20261006-13-10,1,3614,谷勝幸,54.3,6.83,-0.5,1,F.02,-0.02,F,,False,https://www.boatrace.jp/owpc/pc/race/beforeinfo?hd=20261006&jcd=13&rno=10,2026-10-06T23:00:41.385011+09:00
20261006,13,尼崎,10,20261006-13-10,2,3995,重野哲之,53.6,6.85,-0.5,2,.01,0.01,,,False,https://www.boatrace.jp/owpc/pc/race/beforeinfo?hd=20261006&jcd=13&rno=10,2026-10-06T23:00:41.385011+09:00
20261006,13,尼崎,10,20261006-13-10,3,5161,登玉隼百,52.5,6.89,0.0,3,.11,0.11,,,False,https://www.boatrace.jp/owpc/pc/race/beforeinfo?hd=20261006&jcd=13&rno=10,2026-10-06T23:00:41.385011+09:00
20261006,13,尼崎,10,20261006-13-10,4,3478,嶋田貴支,52.0,6.9,-0.5,4,.03,0.03,,,False,https://www.boatrace.jp/owpc/pc/race/beforeinfo?hd=20261006&jcd=13&rno=10,2026-10-06T23:00:41.385011+09:00
20261006,13,尼崎,10,20261006-13-10,5,4539,金子賢志,52.0,6.98,0.0,5,F.04,-0.04,F,,False,https://www.boatrace.jp/owpc/pc/race/beforeinfo?hd=20261006&jcd=13&rno=10,2026-10-06T23:00:41.385011+09:00
20261006,13,尼崎,10,20261006-13-10,6,5031,渡辺空依,52.3,6.88,0.0,6,.07,0.07,,,False,https://www.boatrace.jp/owpc/pc/race/beforeinfo?hd=20261006&jcd=13&rno=10,2026-10-06T23:00:41.385011+09:00
20261006,13,尼崎,11,20261006-13-11,1,4150,山田雄太,55.0,6.84,0.0,1,.05,0.05,,,False,https://www.boatrace.jp/owpc/pc/race/beforeinfo?hd=20261006&jcd=13&rno=11,2026-10-06T23:00:44.403427+09:00
20261006,13,尼崎,11,20261006-13-11,2,4700,金子和之,52.4,6.97,0.0,2,.21,0.21,,,False,https://www.boatrace.jp/owpc/pc/race/beforeinfo?hd=20261006&jcd=13&rno=11,2026-10-06T23:00:44.403427+09:00
20261006,13,尼崎,11,20261006-13-11,3,4962,畑竜生,51.5,6.84,0.0,3,.09,0.09,,,False,https://www.boatrace.jp/owpc/pc/race/beforeinfo?hd=20261006&jcd=13&rno=11,2026-10-06T23:00:44.403427+09:00
20261006,13,尼崎,11,20261006-13-11,4,3514,山一鉄也,52.0,6.84,-0.5,4,.13,0.13,,,False,https://www.boatrace.jp/owpc/pc/race/beforeinfo?hd=20261006&jcd=13&rno=11,2026-10-06T23:00:44.403427+09:00
20261006,13,尼崎,11,20261006-13-11,5,3606,川北浩貴,52.1,6.84,-0.5,5,.23,0.23,,,False,https://www.boatrace.jp/owpc/pc/race/beforeinfo?hd=20261006&jcd=13&rno=11,2026-10-06T23:00:44.403427+09:00
20261006,13,尼崎,11,20261006-13-11,6,3901,松田憲幸,52.0,6.9,0.0,6,.41,0.41,,,False,https://www.boatrace.jp/owpc/pc/race/beforeinfo?hd=20261006&jcd=13&rno=11,2026-10-06T23:00:44.403427+09:00
20261006,13,尼崎,12,20261006-13-12,1,3654,武田光史,52.0,6.84,-0.5,1,.12,0.12,,,False,https://www.boatrace.jp/owpc/pc/race/beforeinfo?hd=20261006&jcd=13&rno=12,2026-10-06T23:00:49.639063+09:00
20261006,13,尼崎,12,20261006-13-12,2,3556,田中信一郎,53.7,6.76,-0.5,2,.11,0.11,,,False,https://www.boatrace.jp/owpc/pc/race/beforeinfo?hd=20261006&jcd=13&rno=12,2026-10-06T23:00:49.639063+09:00
20261006,13,尼崎,12,20261006-13-12,3,4518,大須賀友,52.0,6.75,0.0,3,.04,0.04,,,False,https://www.boatrace.jp/owpc/pc/race/beforeinfo?hd=20261006&jcd=13&rno=12,2026-10-06T23:00:49.639063+09:00
20261006,13,尼崎,12,20261006-13-12,4,5281,井上遥妃,46.0,6.79,0.0,4,.01,0.01,,,False,https://www.boatrace.jp/owpc/pc/race/beforeinfo?hd=20261006&jcd=13&rno=12,2026-10-06T23:00:49.639063+09:00
20261006,13,尼崎,12,20261006-13-12,5,3854,吉川元浩,52.0,6.84,-0.5,5,.06,0.06,,,False,https://www.boatrace.jp/owpc/pc/race/beforeinfo?hd=20261006&jcd=13&rno=12,2026-10-06T23:00:49.639063+09:00
20261006,13,尼崎,12,20261006-13-12,6,4675,井手良太,51.0,6.81,0.0,6,.06,0.06,,リング×２,False,https://www.boatrace.jp/owpc/pc/race/beforeinfo?hd=20261006&jcd=13&rno=12,2026-10-06T23:00:49.639063+09:00
20261006,14,鳴門,1,20261006-14-01,1,4953,尾上雅也,52.8,6.75,0.0,1,.07,0.07,,,False,https://www.boatrace.jp/owpc/pc/race/beforeinfo?hd=20261006&jcd=14&rno=1,2026-10-06T22:59:54.329085+09:00
20261006,14,鳴門,1,20261006-14-01,2,4390,松本弓雄,52.4,6.87,0.0,2,F.01,-0.01,F,,False,https://www.boatrace.jp/owpc/pc/race/beforeinfo?hd=20261006&jcd=14&rno=1,2026-10-06T22:59:54.329085+09:00
20261006,14,鳴門,1,20261006-14-01,3,5044,渡邉健,58.5,6.77,0.0,3,.05,0.05,,,False,https://www.boatrace.jp/owpc/pc/race/beforeinfo?hd=20261006&jcd=14&rno=1,2026-10-06T22:59:54.329085+09:00
20261006,14,鳴門,1,20261006-14-01,4,3981,今坂晃広,53.5,6.77,-0.5,4,.07,0.07,,,False,https://www.boatrace.jp/owpc/pc/race/beforeinfo?hd=20261006&jcd=14&rno=1,2026-10-06T22:59:54.329085+09:00
20261006,14,鳴門,1,20261006-14-01,5,4301,関裕也,53.8,6.81,0.0,5,F.01,-0.01,F,,False,https://www.boatrace.jp/owpc/pc/race/beforeinfo?hd=20261006&jcd=14&rno=1,2026-10-06T22:59:54.329085+09:00
20261006,14,鳴門,1,20261006-14-01,6,5452,上馬場風依,52.0,6.89,0.0,6,F.06,-0.06,F,,False,https://www.boatrace.jp/owpc/pc/race/beforeinfo?hd=20261006&jcd=14&rno=1,2026-10-06T22:59:54.329085+09:00
20261006,14,鳴門,2,20261006-14-02,1,3838,伊藤啓三,52.2,6.79,-0.5,1,.11,0.11,,,False,https://www.boatrace.jp/owpc/pc/race/beforeinfo?hd=20261006&jcd=14&rno=2,2026-10-06T22:59:58.340639+09:00
20261006,14,鳴門,2,20261006-14-02,2,4111,奥田誠,53.0,6.82,0.0,2,.13,0.13,,,False,https://www.boatrace.jp/owpc/pc/race/beforeinfo?hd=20261006&jcd=14&rno=2,2026-10-06T22:59:58.340639+09:00
20261006,14,鳴門,2,20261006-14-02,3,4323,山田佑樹,56.8,6.8,-0.5,3,.18,0.18,,,False,https://www.boatrace.jp/owpc/pc/race/beforeinfo?hd=20261006&jcd=14&rno=2,2026-10-06T22:59:58.340639+09:00
20261006,14,鳴門,2,20261006-14-02,4,4607,鶴田勇雄,53.0,6.79,-0.5,4,.13,0.13,,リング×４,False,https://www.boatrace.jp/owpc/pc/race/beforeinfo?hd=20261006&jcd=14&rno=2,2026-10-06T22:59:58.340639+09:00
20261006,14,鳴門,2,20261006-14-02,5,5133,堀越雄貴,52.0,6.83,0.0,5,.07,0.07,,,False,https://www.boatrace.jp/owpc/pc/race/beforeinfo?hd=20261006&jcd=14&rno=2,2026-10-06T22:59:58.340639+09:00
20261006,14,鳴門,2,20261006-14-02,6,3690,河合三弘,52.2,6.87,0.0,6,.09,0.09,,,False,https://www.boatrace.jp/owpc/pc/race/beforeinfo?hd=20261006&jcd=14&rno=2,2026-10-06T22:59:58.340639+09:00
20261006,14,鳴門,3,20261006-14-03,1,4600,井内将太郎,52.7,6.77,0.0,1,F.06,-0.06,F,,False,https://www.boatrace.jp/owpc/pc/race/beforeinfo?hd=20261006&jcd=14&rno=3,2026-10-06T22:59:58.358828+09:00
20261006,14,鳴門,3,20261006-14-03,2,4934,佐々木翔斗,54.0,6.78,0.0,2,.36,0.36,,,False,https://www.boatrace.jp/owpc/pc/race/beforeinfo?hd=20261006&jcd=14&rno=3,2026-10-06T22:59:58.358828+09:00
20261006,14,鳴門,3,20261006-14-03,3,4875,大塚康雅,51.5,6.76,0.0,3,.10,0.1,,,False,https://www.boatrace.jp/owpc/pc/race/beforeinfo?hd=20261006&jcd=14&rno=3,2026-10-06T22:59:58.358828+09:00
20261006,14,鳴門,3,20261006-14-03,4,4016,西川新太郎,55.7,6.89,0.0,4,.01,0.01,,,False,https://www.boatrace.jp/owpc/pc/race/beforeinfo?hd=20261006&jcd=14&rno=3,2026-10-06T22:59:58.358828+09:00
20261006,14,鳴門,3,20261006-14-03,5,5460,早川理稀,53.7,6.8,0.0,6,.16,0.16,,,False,https://www.boatrace.jp/owpc/pc/race/beforeinfo?hd=20261006&jcd=14&rno=3,2026-10-06T22:59:58.358828+09:00
20261006,14,鳴門,3,20261006-14-03,6,4100,松田隆司,53.3,6.86,0.0,5,.10,0.1,,,False,https://www.boatrace.jp/owpc/pc/race/beforeinfo?hd=20261006&jcd=14&rno=3,2026-10-06T22:59:58.358828+09:00
20261006,14,鳴門,4,20261006-14-04,1,4513,河野真也,52.5,6.82,0.0,1,.02,0.02,,,False,https://www.boatrace.jp/owpc/pc/race/beforeinfo?hd=20261006&jcd=14&rno=4,2026-10-06T23:00:04.332309+09:00
20261006,14,鳴門,4,20261006-14-04,2,3992,関口智久,54.7,6.84,0.0,2,.22,0.22,,,False,https://www.boatrace.jp/owpc/pc/race/beforeinfo?hd=20261006&jcd=14&rno=4,2026-10-06T23:00:04.332309+09:00
20261006,14,鳴門,4,20261006-14-04,3,5278,田中駿兵,52.0,6.81,0.0,3,.41,0.41,,,False,https://www.boatrace.jp/owpc/pc/race/beforeinfo?hd=20261006&jcd=14&rno=4,2026-10-06T23:00:04.332309+09:00
20261006,14,鳴門,4,20261006-14-04,4,4089,妹尾忠幸,54.3,6.88,0.0,4,F.06,-0.06,F,リング×２,False,https://www.boatrace.jp/owpc/pc/race/beforeinfo?hd=20261006&jcd=14&rno=4,2026-10-06T23:00:04.332309+09:00
20261006,14,鳴門,4,20261006-14-04,5,5348,小林甘寧,52.8,6.85,0.0,5,.03,0.03,,,False,https://www.boatrace.jp/owpc/pc/race/beforeinfo?hd=20261006&jcd=14&rno=4,2026-10-06T23:00:04.332309+09:00
20261006,14,鳴門,4,20261006-14-04,6,3911,鈴木猛,53.1,6.91,-0.5,6,F.02,-0.02,F,,False,https://www.boatrace.jp/owpc/pc/race/beforeinfo?hd=20261006&jcd=14&rno=4,2026-10-06T23:00:04.332309+09:00
20261006,14,鳴門,5,20261006-14-05,1,3831,安藤裕貴,53.3,6.74,0.0,1,.13,0.13,,,False,https://www.boatrace.jp/owpc/pc/race/beforeinfo?hd=20261006&jcd=14&rno=5,2026-10-06T23:00:04.535883+09:00
20261006,14,鳴門,5,20261006-14-05,2,4173,岡谷健吾,56.5,6.74,0.0,2,F.01,-0.01,F,,False,https://www.boatrace.jp/owpc/pc/race/beforeinfo?hd=20261006&jcd=14&rno=5,2026-10-06T23:00:04.535883+09:00
20261006,14,鳴門,5,20261006-14-05,3,4761,山田晃大,52.1,6.87,-0.5,3,F.02,-0.02,F,,False,https://www.boatrace.jp/owpc/pc/race/beforeinfo?hd=20261006&jcd=14&rno=5,2026-10-06T23:00:04.535883+09:00
20261006,14,鳴門,5,20261006-14-05,4,5219,森口和紀,51.5,6.78,0.0,4,.14,0.14,,,False,https://www.boatrace.jp/owpc/pc/race/beforeinfo?hd=20261006&jcd=14&rno=5,2026-10-06T23:00:04.535883+09:00
20261006,14,鳴門,5,20261006-14-05,5,4563,齋藤真之,54.0,6.83,0.0,5,.21,0.21,,,False,https://www.boatrace.jp/owpc/pc/race/beforeinfo?hd=20261006&jcd=14&rno=5,2026-10-06T23:00:04.535883+09:00
20261006,14,鳴門,5,20261006-14-05,6,3963,原田秀弥,52.6,6.83,0.0,6,.23,0.23,,,False,https://www.boatrace.jp/owpc/pc/race/beforeinfo?hd=20261006&jcd=14&rno=5,2026-10-06T23:00:04.535883+09:00
20261006,14,鳴門,6,20261006-14-06,1,3982,福田理,56.1,6.78,0.0,1,.22,0.22,,,False,https://www.boatrace.jp/owpc/pc/race/beforeinfo?hd=20261006&jcd=14&rno=6,2026-10-06T23:00:06.555792+09:00
20261006,14,鳴門,6,20261006-14-06,2,4769,馬場剛,51.5,6.81,0.5,2,.07,0.07,,,False,https://www.boatrace.jp/owpc/pc/race/beforeinfo?hd=20261006&jcd=14&rno=6,2026-10-06T23:00:06.555792+09:00
20261006,14,鳴門,6,20261006-14-06,3,4301,関裕也,53.8,6.89,0.0,3,.23,0.23,,,False,https://www.boatrace.jp/owpc/pc/race/beforeinfo?hd=20261006&jcd=14&rno=6,2026-10-06T23:00:06.555792+09:00
20261006,14,鳴門,6,20261006-14-06,4,4269,杉山裕也,53.0,6.82,-0.5,4,F.09,-0.09,F,,False,https://www.boatrace.jp/owpc/pc/race/beforeinfo?hd=20261006&jcd=14&rno=6,2026-10-06T23:00:06.555792+09:00
20261006,14,鳴門,6,20261006-14-06,5,4917,岩橋裕馬,52.0,6.78,0.0,5,.03,0.03,,,False,https://www.boatrace.jp/owpc/pc/race/beforeinfo?hd=20261006&jcd=14&rno=6,2026-10-06T23:00:06.555792+09:00
20261006,14,鳴門,6,20261006-14-06,6,4793,金子萌,52.0,6.84,0.0,6,F.03,-0.03,F,,False,https://www.boatrace.jp/owpc/pc/race/beforeinfo?hd=20261006&jcd=14&rno=6,2026-10-06T23:00:06.555792+09:00
20261006,14,鳴門,7,20261006-14-07,1,3981,今坂晃広,53.5,6.79,-0.5,1,.15,0.15,,,False,https://www.boatrace.jp/owpc/pc/race/beforeinfo?hd=20261006&jcd=14&rno=7,2026-10-06T23:00:07.566190+09:00
20261006,14,鳴門,7,20261006-14-07,2,4381,田路朋史,52.0,6.8,0.0,2,.09,0.09,,,False,https://www.boatrace.jp/owpc/pc/race/beforeinfo?hd=20261006&jcd=14&rno=7,2026-10-06T23:00:07.566190+09:00
20261006,14,鳴門,7,20261006-14-07,3,3838,伊藤啓三,52.2,6.84,-0.5,3,.01,0.01,,,False,https://www.boatrace.jp/owpc/pc/race/beforeinfo?hd=20261006&jcd=14&rno=7,2026-10-06T23:00:07.566190+09:00
20261006,14,鳴門,7,20261006-14-07,4,4931,木谷賢太,53.0,6.8,0.0,4,.03,0.03,,,False,https://www.boatrace.jp/owpc/pc/race/beforeinfo?hd=20261006&jcd=14&rno=7,2026-10-06T23:00:07.566190+09:00
20261006,14,鳴門,7,20261006-14-07,5,4875,大塚康雅,51.5,6.85,0.0,5,F.04,-0.04,F,,False,https://www.boatrace.jp/owpc/pc/race/beforeinfo?hd=20261006&jcd=14&rno=7,2026-10-06T23:00:07.566190+09:00
20261006,14,鳴門,7,20261006-14-07,6,5468,山口隼人,52.2,6.85,-0.5,6,.23,0.23,,,False,https://www.boatrace.jp/owpc/pc/race/beforeinfo?hd=20261006&jcd=14&rno=7,2026-10-06T23:00:07.566190+09:00
20261006,14,鳴門,8,20261006-14-08,1,4016,西川新太郎,55.7,6.82,0.0,1,.19,0.19,,,False,https://www.boatrace.jp/owpc/pc/race/beforeinfo?hd=20261006&jcd=14&rno=8,2026-10-06T23:00:13.512560+09:00
20261006,14,鳴門,8,20261006-14-08,2,5133,堀越雄貴,52.0,6.79,0.0,2,.27,0.27,,,False,https://www.boatrace.jp/owpc/pc/race/beforeinfo?hd=20261006&jcd=14&rno=8,2026-10-06T23:00:13.512560+09:00
20261006,14,鳴門,8,20261006-14-08,3,4614,石倉洋行,52.9,6.79,-0.5,3,.03,0.03,,,False,https://www.boatrace.jp/owpc/pc/race/beforeinfo?hd=20261006&jcd=14&rno=8,2026-10-06T23:00:13.512560+09:00
20261006,14,鳴門,8,20261006-14-08,4,4691,水原慎,50.5,6.82,-0.5,4,.04,0.04,,,False,https://www.boatrace.jp/owpc/pc/race/beforeinfo?hd=20261006&jcd=14&rno=8,2026-10-06T23:00:13.512560+09:00
20261006,14,鳴門,8,20261006-14-08,5,5452,上馬場風依,52.0,6.82,0.0,6,.11,0.11,,,False,https://www.boatrace.jp/owpc/pc/race/beforeinfo?hd=20261006&jcd=14&rno=8,2026-10-06T23:00:13.512560+09:00
20261006,14,鳴門,8,20261006-14-08,6,3772,一柳和孝,53.3,6.91,0.0,5,.04,0.04,,リング×１,False,https://www.boatrace.jp/owpc/pc/race/beforeinfo?hd=20261006&jcd=14&rno=8,2026-10-06T23:00:13.512560+09:00
20261006,14,鳴門,9,20261006-14-09,1,4020,川上清人,64.9,6.91,0.0,1,.21,0.21,,,False,https://www.boatrace.jp/owpc/pc/race/beforeinfo?hd=20261006&jcd=14&rno=9,2026-10-06T23:00:12.740975+09:00
20261006,14,鳴門,9,20261006-14-09,2,5044,渡邉健,58.5,6.88,0.0,2,F.01,-0.01,F,,False,https://www.boatrace.jp/owpc/pc/race/beforeinfo?hd=20261006&jcd=14&rno=9,2026-10-06T23:00:12.740975+09:00
20261006,14,鳴門,9,20261006-14-09,3,4563,齋藤真之,54.0,6.93,0.0,3,.28,0.28,,,False,https://www.boatrace.jp/owpc/pc/race/beforeinfo?hd=20261006&jcd=14&rno=9,2026-10-06T23:00:12.740975+09:00
20261006,14,鳴門,9,20261006-14-09,4,4513,河野真也,52.5,6.87,0.5,4,.03,0.03,,,False,https://www.boatrace.jp/owpc/pc/race/beforeinfo?hd=20261006&jcd=14&rno=9,2026-10-06T23:00:12.740975+09:00
20261006,14,鳴門,9,20261006-14-09,5,4111,奥田誠,53.0,6.92,-0.5,5,.01,0.01,,,False,https://www.boatrace.jp/owpc/pc/race/beforeinfo?hd=20261006&jcd=14&rno=9,2026-10-06T23:00:12.740975+09:00
20261006,14,鳴門,9,20261006-14-09,6,3519,冨田秀幸,52.0,6.89,-0.5,6,.07,0.07,,,False,https://www.boatrace.jp/owpc/pc/race/beforeinfo?hd=20261006&jcd=14&rno=9,2026-10-06T23:00:12.740975+09:00
20261006,14,鳴門,10,20261006-14-10,1,4269,杉山裕也,53.0,6.79,-0.5,1,.07,0.07,,,False,https://www.boatrace.jp/owpc/pc/race/beforeinfo?hd=20261006&jcd=14&rno=10,2026-10-06T23:00:15.794305+09:00
20261006,14,鳴門,10,20261006-14-10,2,3963,原田秀弥,52.6,6.88,-0.5,2,.17,0.17,,,False,https://www.boatrace.jp/owpc/pc/race/beforeinfo?hd=20261006&jcd=14&rno=10,2026-10-06T23:00:15.794305+09:00
20261006,14,鳴門,10,20261006-14-10,3,4390,松本弓雄,52.4,6.88,0.0,3,.19,0.19,,キャブ,False,https://www.boatrace.jp/owpc/pc/race/beforeinfo?hd=20261006&jcd=14&rno=10,2026-10-06T23:00:15.794305+09:00
20261006,14,鳴門,10,20261006-14-10,4,3992,関口智久,54.7,6.86,0.0,4,.06,0.06,,,False,https://www.boatrace.jp/owpc/pc/race/beforeinfo?hd=20261006&jcd=14&rno=10,2026-10-06T23:00:15.794305+09:00
20261006,14,鳴門,10,20261006-14-10,5,4323,山田佑樹,56.8,6.86,-0.5,5,F.07,-0.07,F,,False,https://www.boatrace.jp/owpc/pc/race/beforeinfo?hd=20261006&jcd=14&rno=10,2026-10-06T23:00:15.794305+09:00
20261006,14,鳴門,10,20261006-14-10,6,5460,早川理稀,53.7,6.8,0.0,6,.01,0.01,,,False,https://www.boatrace.jp/owpc/pc/race/beforeinfo?hd=20261006&jcd=14&rno=10,2026-10-06T23:00:15.794305+09:00
20261006,14,鳴門,11,20261006-14-11,1,4089,妹尾忠幸,54.3,6.93,0.0,1,.02,0.02,,,False,https://www.boatrace.jp/owpc/pc/race/beforeinfo?hd=20261006&jcd=14&rno=11,2026-10-06T23:00:17.762875+09:00
20261006,14,鳴門,11,20261006-14-11,2,4793,金子萌,52.0,6.87,0.0,2,.33,0.33,,,False,https://www.boatrace.jp/owpc/pc/race/beforeinfo?hd=20261006&jcd=14&rno=11,2026-10-06T23:00:17.762875+09:00
20261006,14,鳴門,11,20261006-14-11,3,4934,佐々木翔斗,54.0,6.84,0.0,3,.07,0.07,,,False,https://www.boatrace.jp/owpc/pc/race/beforeinfo?hd=20261006&jcd=14&rno=11,2026-10-06T23:00:17.762875+09:00
20261006,14,鳴門,11,20261006-14-11,4,4761,山田晃大,52.1,6.92,-0.5,4,F.08,-0.08,F,,False,https://www.boatrace.jp/owpc/pc/race/beforeinfo?hd=20261006&jcd=14&rno=11,2026-10-06T23:00:17.762875+09:00
20261006,14,鳴門,11,20261006-14-11,5,4607,鶴田勇雄,53.0,6.93,-0.5,5,F.10,-0.1,F,,False,https://www.boatrace.jp/owpc/pc/race/beforeinfo?hd=20261006&jcd=14&rno=11,2026-10-06T23:00:17.762875+09:00
20261006,14,鳴門,11,20261006-14-11,6,4381,田路朋史,52.0,6.85,-0.5,6,F.24,-0.24,F,,False,https://www.boatrace.jp/owpc/pc/race/beforeinfo?hd=20261006&jcd=14&rno=11,2026-10-06T23:00:17.762875+09:00
20261006,14,鳴門,12,20261006-14-12,1,5278,田中駿兵,51.5,6.78,0.0,1,.02,0.02,,,False,https://www.boatrace.jp/owpc/pc/race/beforeinfo?hd=20261006&jcd=14&rno=12,2026-10-06T23:00:22.963341+09:00
20261006,14,鳴門,12,20261006-14-12,2,4931,木谷賢太,52.8,6.91,-0.5,2,.08,0.08,,,False,https://www.boatrace.jp/owpc/pc/race/beforeinfo?hd=20261006&jcd=14&rno=12,2026-10-06T23:00:22.963341+09:00
20261006,14,鳴門,12,20261006-14-12,3,4600,井内将太郎,52.0,6.83,0.0,3,.27,0.27,,,False,https://www.boatrace.jp/owpc/pc/race/beforeinfo?hd=20261006&jcd=14&rno=12,2026-10-06T23:00:22.963341+09:00
20261006,14,鳴門,12,20261006-14-12,4,4953,尾上雅也,52.3,6.82,0.0,4,F.01,-0.01,F,,False,https://www.boatrace.jp/owpc/pc/race/beforeinfo?hd=20261006&jcd=14&rno=12,2026-10-06T23:00:22.963341+09:00
20261006,14,鳴門,12,20261006-14-12,5,4614,石倉洋行,52.9,6.81,-0.5,5,F.03,-0.03,F,,False,https://www.boatrace.jp/owpc/pc/race/beforeinfo?hd=20261006&jcd=14&rno=12,2026-10-06T23:00:22.963341+09:00
20261006,14,鳴門,12,20261006-14-12,6,4769,馬場剛,51.0,6.86,0.5,6,.17,0.17,,,False,https://www.boatrace.jp/owpc/pc/race/beforeinfo?hd=20261006&jcd=14&rno=12,2026-10-06T23:00:22.963341+09:00
20261006,18,徳山,1,20261006-18-01,1,5280,廣瀬凜,51.5,6.88,0.0,1,.00,0.0,,,False,https://www.boatrace.jp/owpc/pc/race/beforeinfo?hd=20261006&jcd=18&rno=1,2026-10-06T22:59:29.668602+09:00
20261006,18,徳山,1,20261006-18-01,2,5130,上野拓馬,52.4,6.87,0.0,2,.18,0.18,,,False,https://www.boatrace.jp/owpc/pc/race/beforeinfo?hd=20261006&jcd=18&rno=1,2026-10-06T22:59:29.668602+09:00
20261006,18,徳山,1,20261006-18-01,3,5396,近藤来希,50.5,6.92,0.0,3,.02,0.02,,,False,https://www.boatrace.jp/owpc/pc/race/beforeinfo?hd=20261006&jcd=18&rno=1,2026-10-06T22:59:29.668602+09:00
20261006,18,徳山,1,20261006-18-01,4,5293,眞崎武蔵,52.0,6.93,0.0,4,F.05,-0.05,F,,False,https://www.boatrace.jp/owpc/pc/race/beforeinfo?hd=20261006&jcd=18&rno=1,2026-10-06T22:59:29.668602+09:00
20261006,18,徳山,1,20261006-18-01,5,5157,市川健太,54.1,6.91,0.0,5,F.05,-0.05,F,,False,https://www.boatrace.jp/owpc/pc/race/beforeinfo?hd=20261006&jcd=18&rno=1,2026-10-06T22:59:29.668602+09:00
20261006,18,徳山,1,20261006-18-01,6,5405,竹内来,52.0,6.92,0.0,6,F.10,-0.1,F,,False,https://www.boatrace.jp/owpc/pc/race/beforeinfo?hd=20261006&jcd=18&rno=1,2026-10-06T22:59:29.668602+09:00
20261006,18,徳山,2,20261006-18-02,1,5298,水谷理人,52.0,6.88,0.0,1,.05,0.05,,リング×４,False,https://www.boatrace.jp/owpc/pc/race/beforeinfo?hd=20261006&jcd=18&rno=2,2026-10-06T22:59:29.706074+09:00
20261006,18,徳山,2,20261006-18-02,2,5332,村松遥輝,53.5,6.87,0.0,2,.28,0.28,,,False,https://www.boatrace.jp/owpc/pc/race/beforeinfo?hd=20261006&jcd=18&rno=2,2026-10-06T22:59:29.706074+09:00
20261006,18,徳山,2,20261006-18-02,3,5368,宮崎心之介,52.0,6.86,0.0,3,.04,0.04,,,False,https://www.boatrace.jp/owpc/pc/race/beforeinfo?hd=20261006&jcd=18&rno=2,2026-10-06T22:59:29.706074+09:00
20261006,18,徳山,2,20261006-18-02,4,5154,村松栄太,52.9,6.93,0.0,4,F.07,-0.07,F,電気,False,https://www.boatrace.jp/owpc/pc/race/beforeinfo?hd=20261006&jcd=18&rno=2,2026-10-06T22:59:29.706074+09:00
20261006,18,徳山,2,20261006-18-02,5,5374,木山大聖,51.0,6.93,0.0,5,.09,0.09,,ピストン×２;リング×２,False,https://www.boatrace.jp/owpc/pc/race/beforeinfo?hd=20261006&jcd=18&rno=2,2026-10-06T22:59:29.706074+09:00
20261006,18,徳山,2,20261006-18-02,6,5166,仲道大輔,52.0,6.89,0.5,6,F.06,-0.06,F,,False,https://www.boatrace.jp/owpc/pc/race/beforeinfo?hd=20261006&jcd=18&rno=2,2026-10-06T22:59:29.706074+09:00
20261006,18,徳山,3,20261006-18-03,1,5255,藤原仙二,52.1,6.83,0.0,1,.03,0.03,,,False,https://www.boatrace.jp/owpc/pc/race/beforeinfo?hd=20261006&jcd=18&rno=3,2026-10-06T22:59:32.729767+09:00
20261006,18,徳山,3,20261006-18-03,2,5282,中本大樹,54.0,6.93,0.0,2,.26,0.26,,,False,https://www.boatrace.jp/owpc/pc/race/beforeinfo?hd=20261006&jcd=18&rno=3,2026-10-06T22:59:32.729767+09:00
20261006,18,徳山,3,20261006-18-03,3,5318,河内一馬,53.3,6.91,0.0,3,.11,0.11,,,False,https://www.boatrace.jp/owpc/pc/race/beforeinfo?hd=20261006&jcd=18&rno=3,2026-10-06T22:59:32.729767+09:00
20261006,18,徳山,3,20261006-18-03,4,5042,畑田汰一,52.0,6.85,0.0,4,.06,0.06,,,False,https://www.boatrace.jp/owpc/pc/race/beforeinfo?hd=20261006&jcd=18&rno=3,2026-10-06T22:59:32.729767+09:00
20261006,18,徳山,3,20261006-18-03,5,5243,三馬崇史,52.8,6.84,0.0,5,F.02,-0.02,F,,False,https://www.boatrace.jp/owpc/pc/race/beforeinfo?hd=20261006&jcd=18&rno=3,2026-10-06T22:59:32.729767+09:00
20261006,18,徳山,3,20261006-18-03,6,5417,小柳勝希,52.0,6.9,0.0,6,.06,0.06,,,False,https://www.boatrace.jp/owpc/pc/race/beforeinfo?hd=20261006&jcd=18&rno=3,2026-10-06T22:59:32.729767+09:00
20261006,18,徳山,4,20261006-18-04,1,5137,川原涼,52.6,6.83,0.0,1,.06,0.06,,リング×２,False,https://www.boatrace.jp/owpc/pc/race/beforeinfo?hd=20261006&jcd=18&rno=4,2026-10-06T22:59:34.732814+09:00
20261006,18,徳山,4,20261006-18-04,2,5224,西岡顕心,51.0,6.95,0.0,2,.03,0.03,,ピストン×２,False,https://www.boatrace.jp/owpc/pc/race/beforeinfo?hd=20261006&jcd=18&rno=4,2026-10-06T22:59:34.732814+09:00
20261006,18,徳山,4,20261006-18-04,3,5375,庄島潤成,53.1,6.92,0.0,3,.33,0.33,,,False,https://www.boatrace.jp/owpc/pc/race/beforeinfo?hd=20261006&jcd=18&rno=4,2026-10-06T22:59:34.732814+09:00
20261006,18,徳山,4,20261006-18-04,4,5394,福西広太郎,51.5,6.93,0.0,4,.14,0.14,,,False,https://www.boatrace.jp/owpc/pc/race/beforeinfo?hd=20261006&jcd=18&rno=4,2026-10-06T22:59:34.732814+09:00
20261006,18,徳山,4,20261006-18-04,5,5185,加藤優弥,51.5,6.87,0.0,5,.17,0.17,,,False,https://www.boatrace.jp/owpc/pc/race/beforeinfo?hd=20261006&jcd=18&rno=4,2026-10-06T22:59:34.732814+09:00
20261006,18,徳山,4,20261006-18-04,6,5372,上岡巧汰,52.2,6.83,0.0,6,.14,0.14,,,False,https://www.boatrace.jp/owpc/pc/race/beforeinfo?hd=20261006&jcd=18&rno=4,2026-10-06T22:59:34.732814+09:00
20261006,18,徳山,5,20261006-18-05,1,5136,濱野斗馬,52.7,6.91,-0.5,1,F.04,-0.04,F,,False,https://www.boatrace.jp/owpc/pc/race/beforeinfo?hd=20261006&jcd=18&rno=5,2026-10-06T22:59:39.901573+09:00
20261006,18,徳山,5,20261006-18-05,2,5288,尾道佳諭,52.1,6.92,0.0,2,.13,0.13,,,False,https://www.boatrace.jp/owpc/pc/race/beforeinfo?hd=20261006&jcd=18&rno=5,2026-10-06T22:59:39.901573+09:00
20261006,18,徳山,5,20261006-18-05,3,5157,市川健太,54.1,6.91,0.0,3,F.01,-0.01,F,,False,https://www.boatrace.jp/owpc/pc/race/beforeinfo?hd=20261006&jcd=18&rno=5,2026-10-06T22:59:39.901573+09:00
20261006,18,徳山,5,20261006-18-05,4,5145,島川海輝,53.2,6.84,0.0,4,F.03,-0.03,F,,False,https://www.boatrace.jp/owpc/pc/race/beforeinfo?hd=20261006&jcd=18&rno=5,2026-10-06T22:59:39.901573+09:00
20261006,18,徳山,5,20261006-18-05,5,5405,竹内来,52.0,6.92,0.0,5,F.02,-0.02,F,,False,https://www.boatrace.jp/owpc/pc/race/beforeinfo?hd=20261006&jcd=18&rno=5,2026-10-06T22:59:39.901573+09:00
20261006,18,徳山,5,20261006-18-05,6,5299,西丸敦基,52.4,6.95,0.0,6,.14,0.14,,,False,https://www.boatrace.jp/owpc/pc/race/beforeinfo?hd=20261006&jcd=18&rno=5,2026-10-06T22:59:39.901573+09:00
20261006,18,徳山,6,20261006-18-06,1,5245,倉富大誠,52.0,6.88,-0.5,1,.14,0.14,,,False,https://www.boatrace.jp/owpc/pc/race/beforeinfo?hd=20261006&jcd=18&rno=6,2026-10-06T22:59:37.913875+09:00
20261006,18,徳山,6,20261006-18-06,2,5085,中村栄治,52.0,6.87,0.0,2,.12,0.12,,,False,https://www.boatrace.jp/owpc/pc/race/beforeinfo?hd=20261006&jcd=18&rno=6,2026-10-06T22:59:37.913875+09:00
20261006,18,徳山,6,20261006-18-06,3,5336,瀬川大地,54.7,6.95,0.0,3,.19,0.19,,,False,https://www.boatrace.jp/owpc/pc/race/beforeinfo?hd=20261006&jcd=18&rno=6,2026-10-06T22:59:37.913875+09:00
20261006,18,徳山,6,20261006-18-06,4,5332,村松遥輝,53.5,6.9,-0.5,4,.09,0.09,,,False,https://www.boatrace.jp/owpc/pc/race/beforeinfo?hd=20261006&jcd=18&rno=6,2026-10-06T22:59:37.913875+09:00
20261006,18,徳山,6,20261006-18-06,5,5066,鈴木孝明,52.1,6.9,0.0,5,.05,0.05,,リング×２,False,https://www.boatrace.jp/owpc/pc/race/beforeinfo?hd=20261006&jcd=18&rno=6,2026-10-06T22:59:37.913875+09:00
20261006,18,徳山,6,20261006-18-06,6,5396,近藤来希,50.5,6.87,0.0,6,.04,0.04,,,False,https://www.boatrace.jp/owpc/pc/race/beforeinfo?hd=20261006&jcd=18&rno=6,2026-10-06T22:59:37.913875+09:00
20261006,18,徳山,7,20261006-18-07,1,5214,田中宏典,52.6,6.85,0.0,1,.03,0.03,,リング×２,False,https://www.boatrace.jp/owpc/pc/race/beforeinfo?hd=20261006&jcd=18&rno=7,2026-10-06T22:59:40.937279+09:00
20261006,18,徳山,7,20261006-18-07,2,5178,成貞琳平,53.8,6.86,-0.5,2,.14,0.14,,,False,https://www.boatrace.jp/owpc/pc/race/beforeinfo?hd=20261006&jcd=18&rno=7,2026-10-06T22:59:40.937279+09:00
20261006,18,徳山,7,20261006-18-07,3,5154,村松栄太,52.9,6.91,0.0,3,.02,0.02,,,False,https://www.boatrace.jp/owpc/pc/race/beforeinfo?hd=20261006&jcd=18&rno=7,2026-10-06T22:59:40.937279+09:00
20261006,18,徳山,7,20261006-18-07,4,5374,木山大聖,51.0,6.88,0.0,4,.21,0.21,,,False,https://www.boatrace.jp/owpc/pc/race/beforeinfo?hd=20261006&jcd=18&rno=7,2026-10-06T22:59:40.937279+09:00
20261006,18,徳山,7,20261006-18-07,5,5130,上野拓馬,52.4,6.86,0.0,5,.09,0.09,,,False,https://www.boatrace.jp/owpc/pc/race/beforeinfo?hd=20261006&jcd=18&rno=7,2026-10-06T22:59:40.937279+09:00
20261006,18,徳山,7,20261006-18-07,6,5448,福田柊人,50.0,6.88,0.0,6,.05,0.05,,,False,https://www.boatrace.jp/owpc/pc/race/beforeinfo?hd=20261006&jcd=18&rno=7,2026-10-06T22:59:40.937279+09:00
20261006,18,徳山,8,20261006-18-08,1,5160,藤森陸斗,53.2,6.85,-0.5,1,.01,0.01,,,False,https://www.boatrace.jp/owpc/pc/race/beforeinfo?hd=20261006&jcd=18&rno=8,2026-10-06T22:59:43.930240+09:00
20261006,18,徳山,8,20261006-18-08,2,5318,河内一馬,53.3,6.93,0.0,2,F.06,-0.06,F,,False,https://www.boatrace.jp/owpc/pc/race/beforeinfo?hd=20261006&jcd=18&rno=8,2026-10-06T22:59:43.930240+09:00
20261006,18,徳山,8,20261006-18-08,3,5197,中野仁照,53.6,6.87,0.0,3,F.09,-0.09,F,,False,https://www.boatrace.jp/owpc/pc/race/beforeinfo?hd=20261006&jcd=18&rno=8,2026-10-06T22:59:43.930240+09:00
20261006,18,徳山,8,20261006-18-08,4,5432,安藤瑠希,52.0,6.87,0.0,4,.25,0.25,,,False,https://www.boatrace.jp/owpc/pc/race/beforeinfo?hd=20261006&jcd=18&rno=8,2026-10-06T22:59:43.930240+09:00
20261006,18,徳山,8,20261006-18-08,5,4985,井本昌也,52.4,6.86,0.0,5,.03,0.03,,,False,https://www.boatrace.jp/owpc/pc/race/beforeinfo?hd=20261006&jcd=18&rno=8,2026-10-06T22:59:43.930240+09:00
20261006,18,徳山,8,20261006-18-08,6,5417,小柳勝希,52.0,6.97,0.0,6,.04,0.04,,,False,https://www.boatrace.jp/owpc/pc/race/beforeinfo?hd=20261006&jcd=18&rno=8,2026-10-06T22:59:43.930240+09:00
20261006,18,徳山,9,20261006-18-09,1,5183,中野孝二,54.1,6.87,0.0,1,.13,0.13,,,False,https://www.boatrace.jp/owpc/pc/race/beforeinfo?hd=20261006&jcd=18&rno=9,2026-10-06T22:59:46.122013+09:00
20261006,18,徳山,9,20261006-18-09,2,5394,福西広太郎,51.5,6.88,0.0,2,.12,0.12,,,False,https://www.boatrace.jp/owpc/pc/race/beforeinfo?hd=20261006&jcd=18&rno=9,2026-10-06T22:59:46.122013+09:00
20261006,18,徳山,9,20261006-18-09,3,5288,尾道佳諭,52.1,6.9,0.0,3,.22,0.22,,,False,https://www.boatrace.jp/owpc/pc/race/beforeinfo?hd=20261006&jcd=18&rno=9,2026-10-06T22:59:46.122013+09:00
20261006,18,徳山,9,20261006-18-09,4,5282,中本大樹,54.0,6.87,0.0,4,.12,0.12,,,False,https://www.boatrace.jp/owpc/pc/race/beforeinfo?hd=20261006&jcd=18&rno=9,2026-10-06T22:59:46.122013+09:00
20261006,18,徳山,9,20261006-18-09,5,5372,上岡巧汰,52.2,6.82,0.0,5,.06,0.06,,,False,https://www.boatrace.jp/owpc/pc/race/beforeinfo?hd=20261006&jcd=18&rno=9,2026-10-06T22:59:46.122013+09:00
20261006,18,徳山,9,20261006-18-09,6,5158,宮脇遼太,52.3,6.75,1.5,6,.11,0.11,,,False,https://www.boatrace.jp/owpc/pc/race/beforeinfo?hd=20261006&jcd=18&rno=9,2026-10-06T22:59:46.122013+09:00
20261006,18,徳山,10,20261006-18-10,1,5243,三馬崇史,52.8,6.84,0.0,1,.07,0.07,,,False,https://www.boatrace.jp/owpc/pc/race/beforeinfo?hd=20261006&jcd=18&rno=10,2026-10-06T22:59:49.134463+09:00
20261006,18,徳山,10,20261006-18-10,2,5166,仲道大輔,52.0,6.84,0.0,2,.17,0.17,,,False,https://www.boatrace.jp/owpc/pc/race/beforeinfo?hd=20261006&jcd=18&rno=10,2026-10-06T22:59:49.134463+09:00
20261006,18,徳山,10,20261006-18-10,3,5224,西岡顕心,51.0,6.89,0.0,3,.06,0.06,,,False,https://www.boatrace.jp/owpc/pc/race/beforeinfo?hd=20261006&jcd=18&rno=10,2026-10-06T22:59:49.134463+09:00
20261006,18,徳山,10,20261006-18-10,4,5085,中村栄治,52.0,6.83,0.0,4,.05,0.05,,,False,https://www.boatrace.jp/owpc/pc/race/beforeinfo?hd=20261006&jcd=18&rno=10,2026-10-06T22:59:49.134463+09:00
20261006,18,徳山,10,20261006-18-10,5,5136,濱野斗馬,52.7,6.9,-0.5,5,F.01,-0.01,F,,False,https://www.boatrace.jp/owpc/pc/race/beforeinfo?hd=20261006&jcd=18&rno=10,2026-10-06T22:59:49.134463+09:00
20261006,18,徳山,10,20261006-18-10,6,5245,倉富大誠,52.0,6.89,-0.5,6,.12,0.12,,,False,https://www.boatrace.jp/owpc/pc/race/beforeinfo?hd=20261006&jcd=18&rno=10,2026-10-06T22:59:49.134463+09:00
20261006,18,徳山,11,20261006-18-11,1,5185,加藤優弥,51.5,6.8,0.0,1,.20,0.2,,,False,https://www.boatrace.jp/owpc/pc/race/beforeinfo?hd=20261006&jcd=18&rno=11,2026-10-06T22:59:49.115782+09:00
20261006,18,徳山,11,20261006-18-11,2,5280,廣瀬凜,51.0,6.87,0.0,2,F.01,-0.01,F,,False,https://www.boatrace.jp/owpc/pc/race/beforeinfo?hd=20261006&jcd=18&rno=11,2026-10-06T22:59:49.115782+09:00
20261006,18,徳山,11,20261006-18-11,3,5066,鈴木孝明,52.0,6.85,0.0,3,F.02,-0.02,F,,False,https://www.boatrace.jp/owpc/pc/race/beforeinfo?hd=20261006&jcd=18&rno=11,2026-10-06T22:59:49.115782+09:00
20261006,18,徳山,11,20261006-18-11,4,5137,川原涼,52.2,6.82,0.0,4,.11,0.11,,,False,https://www.boatrace.jp/owpc/pc/race/beforeinfo?hd=20261006&jcd=18&rno=11,2026-10-06T22:59:49.115782+09:00
20261006,18,徳山,11,20261006-18-11,5,5214,田中宏典,52.7,6.88,0.0,5,.01,0.01,,,False,https://www.boatrace.jp/owpc/pc/race/beforeinfo?hd=20261006&jcd=18&rno=11,2026-10-06T22:59:49.115782+09:00
20261006,18,徳山,11,20261006-18-11,6,5255,藤原仙二,52.7,6.78,2.0,6,.13,0.13,,,False,https://www.boatrace.jp/owpc/pc/race/beforeinfo?hd=20261006&jcd=18&rno=11,2026-10-06T22:59:49.115782+09:00
20261006,18,徳山,12,20261006-18-12,1,4985,井本昌也,52.4,6.85,0.0,1,F.03,-0.03,F,,False,https://www.boatrace.jp/owpc/pc/race/beforeinfo?hd=20261006&jcd=18&rno=12,2026-10-06T22:59:54.120988+09:00
20261006,18,徳山,12,20261006-18-12,2,5145,島川海輝,53.2,6.83,0.0,2,.06,0.06,,,False,https://www.boatrace.jp/owpc/pc/race/beforeinfo?hd=20261006&jcd=18&rno=12,2026-10-06T22:59:54.120988+09:00
20261006,18,徳山,12,20261006-18-12,3,5042,畑田汰一,52.0,6.9,0.0,3,.12,0.12,,,False,https://www.boatrace.jp/owpc/pc/race/beforeinfo?hd=20261006&jcd=18&rno=12,2026-10-06T22:59:54.120988+09:00
20261006,18,徳山,12,20261006-18-12,4,5368,宮崎心之介,52.0,6.86,0.0,4,.14,0.14,,,False,https://www.boatrace.jp/owpc/pc/race/beforeinfo?hd=20261006&jcd=18&rno=12,2026-10-06T22:59:54.120988+09:00
20261006,18,徳山,12,20261006-18-12,5,5298,水谷理人,52.0,6.96,0.0,5,F.01,-0.01,F,,False,https://www.boatrace.jp/owpc/pc/race/beforeinfo?hd=20261006&jcd=18&rno=12,2026-10-06T22:59:54.120988+09:00
20261006,18,徳山,12,20261006-18-12,6,5160,藤森陸斗,53.2,6.9,-0.5,6,.05,0.05,,,False,https://www.boatrace.jp/owpc/pc/race/beforeinfo?hd=20261006&jcd=18&rno=12,2026-10-06T22:59:54.120988+09:00
20261006,19,下関,1,20261006-19-01,1,4784,向井田真紀,50.3,6.87,-0.5,1,.02,0.02,,,False,https://www.boatrace.jp/owpc/pc/race/beforeinfo?hd=20261006&jcd=19&rno=1,2026-10-06T22:59:00.057582+09:00
20261006,19,下関,1,20261006-19-01,2,4678,水野望美,46.0,6.9,-0.5,2,F.01,-0.01,F,,False,https://www.boatrace.jp/owpc/pc/race/beforeinfo?hd=20261006&jcd=19&rno=1,2026-10-06T22:59:00.057582+09:00
20261006,19,下関,1,20261006-19-01,3,5322,根岸真優,44.5,6.91,0.0,3,.09,0.09,,,False,https://www.boatrace.jp/owpc/pc/race/beforeinfo?hd=20261006&jcd=19&rno=1,2026-10-06T22:59:00.057582+09:00
20261006,19,下関,1,20261006-19-01,4,4730,土屋実沙希,47.6,6.9,0.0,4,.07,0.07,,,False,https://www.boatrace.jp/owpc/pc/race/beforeinfo?hd=20261006&jcd=19&rno=1,2026-10-06T22:59:00.057582+09:00
20261006,19,下関,1,20261006-19-01,5,5391,出穂和鼓,52.8,6.84,-0.5,5,.01,0.01,,,False,https://www.boatrace.jp/owpc/pc/race/beforeinfo?hd=20261006&jcd=19&rno=1,2026-10-06T22:59:00.057582+09:00
20261006,19,下関,1,20261006-19-01,6,5360,高木茉白,46.5,6.86,-0.5,6,.18,0.18,,,False,https://www.boatrace.jp/owpc/pc/race/beforeinfo?hd=20261006&jcd=19&rno=1,2026-10-06T22:59:00.057582+09:00
20261006,19,下関,2,20261006-19-02,1,4014,片岡恵里,47.4,6.77,0.0,1,.03,0.03,,,False,https://www.boatrace.jp/owpc/pc/race/beforeinfo?hd=20261006&jcd=19&rno=2,2026-10-06T22:59:05.152721+09:00
20261006,19,下関,2,20261006-19-02,2,4400,加藤奈月,52.6,6.9,-0.5,2,.09,0.09,,,False,https://www.boatrace.jp/owpc/pc/race/beforeinfo?hd=20261006&jcd=19&rno=2,2026-10-06T22:59:05.152721+09:00
20261006,19,下関,2,20261006-19-02,3,5250,嶋田有里,46.5,6.86,0.0,3,.03,0.03,,,False,https://www.boatrace.jp/owpc/pc/race/beforeinfo?hd=20261006&jcd=19&rno=2,2026-10-06T22:59:05.152721+09:00
20261006,19,下関,2,20261006-19-02,4,4997,濱崎寿里矢,48.0,6.76,0.5,4,.27,0.27,,,False,https://www.boatrace.jp/owpc/pc/race/beforeinfo?hd=20261006&jcd=19&rno=2,2026-10-06T22:59:05.152721+09:00
20261006,19,下関,2,20261006-19-02,5,5052,赤井星璃菜,50.0,6.86,-0.5,5,.31,0.31,,,False,https://www.boatrace.jp/owpc/pc/race/beforeinfo?hd=20261006&jcd=19&rno=2,2026-10-06T22:59:05.152721+09:00
20261006,19,下関,2,20261006-19-02,6,5416,龍田真白,44.5,6.81,0.0,6,.26,0.26,,,False,https://www.boatrace.jp/owpc/pc/race/beforeinfo?hd=20261006&jcd=19&rno=2,2026-10-06T22:59:05.152721+09:00
20261006,19,下関,3,20261006-19-03,1,3845,中谷朋子,45.5,6.89,0.0,1,.11,0.11,,,False,https://www.boatrace.jp/owpc/pc/race/beforeinfo?hd=20261006&jcd=19&rno=3,2026-10-06T22:59:05.102945+09:00
20261006,19,下関,3,20261006-19-03,2,4853,前原哉,44.5,6.84,-0.5,2,.08,0.08,,,False,https://www.boatrace.jp/owpc/pc/race/beforeinfo?hd=20261006&jcd=19&rno=3,2026-10-06T22:59:05.102945+09:00
20261006,19,下関,3,20261006-19-03,3,4791,黒澤めぐみ,47.1,6.89,-0.5,3,F.01,-0.01,F,,False,https://www.boatrace.jp/owpc/pc/race/beforeinfo?hd=20261006&jcd=19&rno=3,2026-10-06T22:59:05.102945+09:00
20261006,19,下関,3,20261006-19-03,4,4844,村上奈穂,50.5,6.83,0.0,4,F.04,-0.04,F,,False,https://www.boatrace.jp/owpc/pc/race/beforeinfo?hd=20261006&jcd=19&rno=3,2026-10-06T22:59:05.102945+09:00
20261006,19,下関,3,20261006-19-03,5,5195,北村寧々,47.7,6.94,0.0,5,F.09,-0.09,F,,False,https://www.boatrace.jp/owpc/pc/race/beforeinfo?hd=20261006&jcd=19&rno=3,2026-10-06T22:59:05.102945+09:00
20261006,19,下関,3,20261006-19-03,6,5287,滝沢織寧,47.0,6.82,-0.5,6,F.06,-0.06,F,,False,https://www.boatrace.jp/owpc/pc/race/beforeinfo?hd=20261006&jcd=19&rno=3,2026-10-06T22:59:05.102945+09:00
20261006,19,下関,4,20261006-19-04,1,4642,松尾夏海,46.5,6.8,-0.5,1,.04,0.04,,,False,https://www.boatrace.jp/owpc/pc/race/beforeinfo?hd=20261006&jcd=19&rno=4,2026-10-06T22:59:07.158930+09:00
20261006,19,下関,4,20261006-19-04,2,5146,野田彩加,50.7,6.85,0.0,2,.06,0.06,,,False,https://www.boatrace.jp/owpc/pc/race/beforeinfo?hd=20261006&jcd=19&rno=4,2026-10-06T22:59:07.158930+09:00
20261006,19,下関,4,20261006-19-04,3,4720,西澤日花里,47.9,6.85,-0.5,3,.13,0.13,,,False,https://www.boatrace.jp/owpc/pc/race/beforeinfo?hd=20261006&jcd=19&rno=4,2026-10-06T22:59:07.158930+09:00
20261006,19,下関,4,20261006-19-04,4,5317,長尾萌加,46.0,6.79,0.0,4,.15,0.15,,,False,https://www.boatrace.jp/owpc/pc/race/beforeinfo?hd=20261006&jcd=19&rno=4,2026-10-06T22:59:07.158930+09:00
20261006,19,下関,4,20261006-19-04,5,5437,中澤里桜,50.8,6.88,-0.5,5,.26,0.26,,,False,https://www.boatrace.jp/owpc/pc/race/beforeinfo?hd=20261006&jcd=19&rno=4,2026-10-06T22:59:07.158930+09:00
20261006,19,下関,4,20261006-19-04,6,4045,佐々木裕美,47.6,6.81,0.0,6,.18,0.18,,,False,https://www.boatrace.jp/owpc/pc/race/beforeinfo?hd=20261006&jcd=19&rno=4,2026-10-06T22:59:07.158930+09:00
20261006,19,下関,5,20261006-19-05,1,4372,原田佑実,46.5,6.8,-0.5,1,F.02,-0.02,F,,False,https://www.boatrace.jp/owpc/pc/race/beforeinfo?hd=20261006&jcd=19&rno=5,2026-10-06T22:59:09.273431+09:00
20261006,19,下関,5,20261006-19-05,2,5265,大廣咲季,45.5,6.87,0.0,2,F.01,-0.01,F,,False,https://www.boatrace.jp/owpc/pc/race/beforeinfo?hd=20261006&jcd=19&rno=5,2026-10-06T22:59:09.273431+09:00
20261006,19,下関,5,20261006-19-05,3,5326,三嶌さらら,47.1,6.79,-0.5,3,.03,0.03,,,False,https://www.boatrace.jp/owpc/pc/race/beforeinfo?hd=20261006&jcd=19&rno=5,2026-10-06T22:59:09.273431+09:00
20261006,19,下関,5,20261006-19-05,4,4804,高田ひかる,48.4,6.8,0.0,4,.07,0.07,,,False,https://www.boatrace.jp/owpc/pc/race/beforeinfo?hd=20261006&jcd=19&rno=5,2026-10-06T22:59:09.273431+09:00
20261006,19,下関,5,20261006-19-05,5,4678,水野望美,46.0,6.85,-0.5,5,.24,0.24,,,False,https://www.boatrace.jp/owpc/pc/race/beforeinfo?hd=20261006&jcd=19&rno=5,2026-10-06T22:59:09.273431+09:00
20261006,19,下関,5,20261006-19-05,6,5440,薗頭心,47.4,6.78,0.0,6,.20,0.2,,,False,https://www.boatrace.jp/owpc/pc/race/beforeinfo?hd=20261006&jcd=19&rno=5,2026-10-06T22:59:09.273431+09:00
20261006,19,下関,6,20261006-19-06,1,4938,小芦るり華,47.0,6.72,0.0,1,.05,0.05,,,False,https://www.boatrace.jp/owpc/pc/race/beforeinfo?hd=20261006&jcd=19&rno=6,2026-10-06T22:59:13.282111+09:00
20261006,19,下関,6,20261006-19-06,2,3334,角ひとみ,45.0,6.77,0.0,2,.24,0.24,,,False,https://www.boatrace.jp/owpc/pc/race/beforeinfo?hd=20261006&jcd=19&rno=6,2026-10-06T22:59:13.282111+09:00
20261006,19,下関,6,20261006-19-06,3,4730,土屋実沙希,47.6,6.84,0.0,3,.21,0.21,,,False,https://www.boatrace.jp/owpc/pc/race/beforeinfo?hd=20261006&jcd=19&rno=6,2026-10-06T22:59:13.282111+09:00
20261006,19,下関,6,20261006-19-06,4,5165,小林愛実,47.2,6.8,-0.5,4,.14,0.14,,,False,https://www.boatrace.jp/owpc/pc/race/beforeinfo?hd=20261006&jcd=19&rno=6,2026-10-06T22:59:13.282111+09:00
20261006,19,下関,6,20261006-19-06,5,4400,加藤奈月,52.6,6.86,0.0,5,.13,0.13,,,False,https://www.boatrace.jp/owpc/pc/race/beforeinfo?hd=20261006&jcd=19&rno=6,2026-10-06T22:59:13.282111+09:00
20261006,19,下関,6,20261006-19-06,6,5342,原村百那,47.0,6.81,0.0,6,.07,0.07,,,False,https://www.boatrace.jp/owpc/pc/race/beforeinfo?hd=20261006&jcd=19&rno=6,2026-10-06T22:59:13.282111+09:00
20261006,19,下関,7,20261006-19-07,1,4387,平山智加,46.0,6.79,-0.5,1,.02,0.02,,,False,https://www.boatrace.jp/owpc/pc/race/beforeinfo?hd=20261006&jcd=19&rno=7,2026-10-06T22:59:15.359992+09:00
20261006,19,下関,7,20261006-19-07,2,3943,三松直美,68.3,6.89,0.0,3,.06,0.06,,,False,https://www.boatrace.jp/owpc/pc/race/beforeinfo?hd=20261006&jcd=19&rno=7,2026-10-06T22:59:15.359992+09:00
20261006,19,下関,7,20261006-19-07,3,4853,前原哉,44.5,6.74,-0.5,2,.09,0.09,,,False,https://www.boatrace.jp/owpc/pc/race/beforeinfo?hd=20261006&jcd=19&rno=7,2026-10-06T22:59:15.359992+09:00
20261006,19,下関,7,20261006-19-07,4,5322,根岸真優,44.5,6.8,0.0,4,.04,0.04,,,False,https://www.boatrace.jp/owpc/pc/race/beforeinfo?hd=20261006&jcd=19&rno=7,2026-10-06T22:59:15.359992+09:00
20261006,19,下関,7,20261006-19-07,5,5250,嶋田有里,46.5,6.87,0.0,5,.07,0.07,,,False,https://www.boatrace.jp/owpc/pc/race/beforeinfo?hd=20261006&jcd=19&rno=7,2026-10-06T22:59:15.359992+09:00
20261006,19,下関,7,20261006-19-07,6,4893,渡邉真奈美,46.5,6.76,-0.5,6,.12,0.12,,,False,https://www.boatrace.jp/owpc/pc/race/beforeinfo?hd=20261006&jcd=19&rno=7,2026-10-06T22:59:15.359992+09:00
20261006,19,下関,8,20261006-19-08,1,4045,佐々木裕美,47.6,6.77,0.0,1,.13,0.13,,,False,https://www.boatrace.jp/owpc/pc/race/beforeinfo?hd=20261006&jcd=19&rno=8,2026-10-06T22:59:17.335428+09:00
20261006,19,下関,8,20261006-19-08,2,4927,関野文,45.0,6.78,-0.5,2,.11,0.11,,,False,https://www.boatrace.jp/owpc/pc/race/beforeinfo?hd=20261006&jcd=19&rno=8,2026-10-06T22:59:17.335428+09:00
20261006,19,下関,8,20261006-19-08,3,4997,濱崎寿里矢,48.0,6.74,0.5,3,.23,0.23,,,False,https://www.boatrace.jp/owpc/pc/race/beforeinfo?hd=20261006&jcd=19&rno=8,2026-10-06T22:59:17.335428+09:00
20261006,19,下関,8,20261006-19-08,4,4720,西澤日花里,47.9,6.78,-0.5,4,.09,0.09,,,False,https://www.boatrace.jp/owpc/pc/race/beforeinfo?hd=20261006&jcd=19&rno=8,2026-10-06T22:59:17.335428+09:00
20261006,19,下関,8,20261006-19-08,5,5360,高木茉白,46.5,6.8,-0.5,6,.17,0.17,,,False,https://www.boatrace.jp/owpc/pc/race/beforeinfo?hd=20261006&jcd=19&rno=8,2026-10-06T22:59:17.335428+09:00
20261006,19,下関,8,20261006-19-08,6,5052,赤井星璃菜,50.0,6.82,-0.5,5,.14,0.14,,,False,https://www.boatrace.jp/owpc/pc/race/beforeinfo?hd=20261006&jcd=19&rno=8,2026-10-06T22:59:17.335428+09:00
20261006,19,下関,9,20261006-19-09,1,4804,高田ひかる,48.4,6.73,0.0,1,.11,0.11,,,False,https://www.boatrace.jp/owpc/pc/race/beforeinfo?hd=20261006&jcd=19&rno=9,2026-10-06T22:59:19.450809+09:00
20261006,19,下関,9,20261006-19-09,2,5317,長尾萌加,46.0,6.7,0.0,2,.16,0.16,,,False,https://www.boatrace.jp/owpc/pc/race/beforeinfo?hd=20261006&jcd=19&rno=9,2026-10-06T22:59:19.450809+09:00
20261006,19,下関,9,20261006-19-09,3,5195,北村寧々,47.7,6.87,0.0,3,.16,0.16,,,False,https://www.boatrace.jp/owpc/pc/race/beforeinfo?hd=20261006&jcd=19&rno=9,2026-10-06T22:59:19.450809+09:00
20261006,19,下関,9,20261006-19-09,4,5326,三嶌さらら,47.1,6.76,-0.5,4,F.03,-0.03,F,,False,https://www.boatrace.jp/owpc/pc/race/beforeinfo?hd=20261006&jcd=19&rno=9,2026-10-06T22:59:19.450809+09:00
20261006,19,下関,9,20261006-19-09,5,4844,村上奈穂,50.5,6.75,0.0,5,F.01,-0.01,F,,False,https://www.boatrace.jp/owpc/pc/race/beforeinfo?hd=20261006&jcd=19&rno=9,2026-10-06T22:59:19.450809+09:00
20261006,19,下関,9,20261006-19-09,6,5437,中澤里桜,50.8,6.83,-0.5,6,.11,0.11,,,False,https://www.boatrace.jp/owpc/pc/race/beforeinfo?hd=20261006&jcd=19&rno=9,2026-10-06T22:59:19.450809+09:00
20261006,19,下関,10,20261006-19-10,1,4791,黒澤めぐみ,47.1,6.8,-0.5,1,.01,0.01,,,False,https://www.boatrace.jp/owpc/pc/race/beforeinfo?hd=20261006&jcd=19&rno=10,2026-10-06T22:59:21.521191+09:00
20261006,19,下関,10,20261006-19-10,2,4938,小芦るり華,47.0,6.74,0.0,2,F.04,-0.04,F,,False,https://www.boatrace.jp/owpc/pc/race/beforeinfo?hd=20261006&jcd=19&rno=10,2026-10-06T22:59:21.521191+09:00
20261006,19,下関,10,20261006-19-10,3,4372,原田佑実,46.5,6.77,-0.5,3,.01,0.01,,,False,https://www.boatrace.jp/owpc/pc/race/beforeinfo?hd=20261006&jcd=19&rno=10,2026-10-06T22:59:21.521191+09:00
20261006,19,下関,10,20261006-19-10,4,5265,大廣咲季,45.5,6.81,0.0,4,.13,0.13,,,False,https://www.boatrace.jp/owpc/pc/race/beforeinfo?hd=20261006&jcd=19&rno=10,2026-10-06T22:59:21.521191+09:00
20261006,19,下関,10,20261006-19-10,5,5146,野田彩加,50.7,6.85,0.0,5,F.01,-0.01,F,,False,https://www.boatrace.jp/owpc/pc/race/beforeinfo?hd=20261006&jcd=19&rno=10,2026-10-06T22:59:21.521191+09:00
20261006,19,下関,10,20261006-19-10,6,3845,中谷朋子,45.5,6.83,0.0,6,.14,0.14,,,False,https://www.boatrace.jp/owpc/pc/race/beforeinfo?hd=20261006&jcd=19&rno=10,2026-10-06T22:59:21.521191+09:00
20261006,19,下関,11,20261006-19-11,1,5165,小林愛実,47.2,6.72,-0.5,1,.19,0.19,,,False,https://www.boatrace.jp/owpc/pc/race/beforeinfo?hd=20261006&jcd=19&rno=11,2026-10-06T22:59:24.543440+09:00
20261006,19,下関,11,20261006-19-11,2,4642,松尾夏海,46.5,6.8,-0.5,2,.05,0.05,,,False,https://www.boatrace.jp/owpc/pc/race/beforeinfo?hd=20261006&jcd=19&rno=11,2026-10-06T22:59:24.543440+09:00
20261006,19,下関,11,20261006-19-11,3,4387,平山智加,46.0,6.77,-0.5,3,.01,0.01,,,False,https://www.boatrace.jp/owpc/pc/race/beforeinfo?hd=20261006&jcd=19&rno=11,2026-10-06T22:59:24.543440+09:00
20261006,19,下関,11,20261006-19-11,4,3334,角ひとみ,45.0,6.79,0.0,4,.15,0.15,,,False,https://www.boatrace.jp/owpc/pc/race/beforeinfo?hd=20261006&jcd=19&rno=11,2026-10-06T22:59:24.543440+09:00
20261006,19,下関,11,20261006-19-11,5,4014,片岡恵里,47.4,6.76,0.0,5,.27,0.27,,,False,https://www.boatrace.jp/owpc/pc/race/beforeinfo?hd=20261006&jcd=19&rno=11,2026-10-06T22:59:24.543440+09:00
20261006,19,下関,11,20261006-19-11,6,4784,向井田真紀,50.3,6.79,-0.5,6,F.03,-0.03,F,,False,https://www.boatrace.jp/owpc/pc/race/beforeinfo?hd=20261006&jcd=19&rno=11,2026-10-06T22:59:24.543440+09:00
20261006,19,下関,12,20261006-19-12,1,5045,平川香織,47.0,6.78,0.0,1,F.03,-0.03,F,,False,https://www.boatrace.jp/owpc/pc/race/beforeinfo?hd=20261006&jcd=19&rno=12,2026-10-06T22:59:25.549522+09:00
20261006,19,下関,12,20261006-19-12,2,4373,若狭奈美子,46.0,6.73,-0.5,2,.19,0.19,,,False,https://www.boatrace.jp/owpc/pc/race/beforeinfo?hd=20261006&jcd=19&rno=12,2026-10-06T22:59:25.549522+09:00
20261006,19,下関,12,20261006-19-12,3,4947,間庭菜摘,47.0,6.77,0.5,3,.22,0.22,,,False,https://www.boatrace.jp/owpc/pc/race/beforeinfo?hd=20261006&jcd=19&rno=12,2026-10-06T22:59:25.549522+09:00
20261006,19,下関,12,20261006-19-12,4,4556,竹井奈美,47.0,6.78,0.0,4,.12,0.12,,,False,https://www.boatrace.jp/owpc/pc/race/beforeinfo?hd=20261006&jcd=19&rno=12,2026-10-06T22:59:25.549522+09:00
20261006,19,下関,12,20261006-19-12,5,4536,喜井つかさ,47.0,6.78,0.0,5,.17,0.17,,,False,https://www.boatrace.jp/owpc/pc/race/beforeinfo?hd=20261006&jcd=19&rno=12,2026-10-06T22:59:25.549522+09:00
20261006,19,下関,12,20261006-19-12,6,5189,藤原早菜,45.0,6.76,0.0,6,.09,0.09,,,False,https://www.boatrace.jp/owpc/pc/race/beforeinfo?hd=20261006&jcd=19&rno=12,2026-10-06T22:59:25.549522+09:00
20261006,20,若松,1,20261006-20-01,1,3340,池田雷太,52.8,6.87,-0.5,1,.10,0.1,,,False,https://www.boatrace.jp/owpc/pc/race/beforeinfo?hd=20261006&jcd=20&rno=1,2026-10-06T22:58:33.493658+09:00
20261006,20,若松,1,20261006-20-01,2,4158,木場雄二郎,55.4,6.85,-0.5,2,.25,0.25,,,False,https://www.boatrace.jp/owpc/pc/race/beforeinfo?hd=20261006&jcd=20&rno=1,2026-10-06T22:58:33.493658+09:00
20261006,20,若松,1,20261006-20-01,3,5240,高橋龍治,52.9,6.8,0.0,3,.14,0.14,,,False,https://www.boatrace.jp/owpc/pc/race/beforeinfo?hd=20261006&jcd=20&rno=1,2026-10-06T22:58:33.493658+09:00
20261006,20,若松,1,20261006-20-01,4,4181,花本夏樹,53.7,6.89,0.0,4,.14,0.14,,,False,https://www.boatrace.jp/owpc/pc/race/beforeinfo?hd=20261006&jcd=20&rno=1,2026-10-06T22:58:33.493658+09:00
20261006,20,若松,1,20261006-20-01,5,5395,日高龍之介,52.0,6.85,0.0,5,.18,0.18,,,False,https://www.boatrace.jp/owpc/pc/race/beforeinfo?hd=20261006&jcd=20&rno=1,2026-10-06T22:58:33.493658+09:00
20261006,20,若松,1,20261006-20-01,6,3566,川添英正,52.8,6.86,-0.5,6,.14,0.14,,,False,https://www.boatrace.jp/owpc/pc/race/beforeinfo?hd=20261006&jcd=20&rno=1,2026-10-06T22:58:33.493658+09:00
20261006,20,若松,2,20261006-20-02,1,4778,堤啓輔,52.0,6.97,0.0,1,F.13,-0.13,F,シャフト,False,https://www.boatrace.jp/owpc/pc/race/beforeinfo?hd=20261006&jcd=20&rno=2,2026-10-06T22:58:37.547624+09:00
20261006,20,若松,2,20261006-20-02,2,4992,廣瀬篤哉,55.7,6.85,0.0,3,.08,0.08,,,False,https://www.boatrace.jp/owpc/pc/race/beforeinfo?hd=20261006&jcd=20&rno=2,2026-10-06T22:58:37.547624+09:00
20261006,20,若松,2,20261006-20-02,3,3910,松下知幸,52.0,6.91,-0.5,4,F.03,-0.03,F,,False,https://www.boatrace.jp/owpc/pc/race/beforeinfo?hd=20261006&jcd=20&rno=2,2026-10-06T22:58:37.547624+09:00
20261006,20,若松,2,20261006-20-02,4,4261,岡祐臣,54.1,6.82,-0.5,5,.02,0.02,,,False,https://www.boatrace.jp/owpc/pc/race/beforeinfo?hd=20261006&jcd=20&rno=2,2026-10-06T22:58:37.547624+09:00
20261006,20,若松,2,20261006-20-02,5,3574,大神康司,53.2,6.88,0.0,2,F.10,-0.1,F,,False,https://www.boatrace.jp/owpc/pc/race/beforeinfo?hd=20261006&jcd=20&rno=2,2026-10-06T22:58:37.547624+09:00
20261006,20,若松,2,20261006-20-02,6,4714,喜多須杏奈,48.3,6.85,-0.5,6,.07,0.07,,,False,https://www.boatrace.jp/owpc/pc/race/beforeinfo?hd=20261006&jcd=20&rno=2,2026-10-06T22:58:37.547624+09:00
20261006,20,若松,3,20261006-20-03,1,5148,松本怜,46.5,6.96,-0.5,1,.02,0.02,,,False,https://www.boatrace.jp/owpc/pc/race/beforeinfo?hd=20261006&jcd=20&rno=3,2026-10-06T22:58:38.563367+09:00
20261006,20,若松,3,20261006-20-03,2,4376,藤田靖弘,52.5,6.95,0.0,2,F.04,-0.04,F,,False,https://www.boatrace.jp/owpc/pc/race/beforeinfo?hd=20261006&jcd=20&rno=3,2026-10-06T22:58:38.563367+09:00
20261006,20,若松,3,20261006-20-03,3,3776,横井健太,57.5,6.93,-0.5,3,.04,0.04,,,False,https://www.boatrace.jp/owpc/pc/race/beforeinfo?hd=20261006&jcd=20&rno=3,2026-10-06T22:58:38.563367+09:00
20261006,20,若松,3,20261006-20-03,4,5027,重冨勇哉,53.4,6.91,-0.5,4,.03,0.03,,,False,https://www.boatrace.jp/owpc/pc/race/beforeinfo?hd=20261006&jcd=20&rno=3,2026-10-06T22:58:38.563367+09:00
20261006,20,若松,3,20261006-20-03,5,5367,赤松咲香,50.6,6.95,-0.5,5,F.08,-0.08,F,,False,https://www.boatrace.jp/owpc/pc/race/beforeinfo?hd=20261006&jcd=20&rno=3,2026-10-06T22:58:38.563367+09:00
20261006,20,若松,3,20261006-20-03,6,4695,尾崎雄二,52.2,6.92,-0.5,6,F.02,-0.02,F,ピストン×２,False,https://www.boatrace.jp/owpc/pc/race/beforeinfo?hd=20261006&jcd=20&rno=3,2026-10-06T22:58:38.563367+09:00
20261006,20,若松,4,20261006-20-04,1,3578,塩田雄一,52.0,6.93,-0.5,1,.02,0.02,,,False,https://www.boatrace.jp/owpc/pc/race/beforeinfo?hd=20261006&jcd=20&rno=4,2026-10-06T22:58:39.514923+09:00
20261006,20,若松,4,20261006-20-04,2,3892,草場康幸,52.7,6.87,-0.5,2,.12,0.12,,,False,https://www.boatrace.jp/owpc/pc/race/beforeinfo?hd=20261006&jcd=20&rno=4,2026-10-06T22:58:39.514923+09:00
20261006,20,若松,4,20261006-20-04,3,4900,中田夕貴,47.0,6.81,0.0,3,.07,0.07,,,False,https://www.boatrace.jp/owpc/pc/race/beforeinfo?hd=20261006&jcd=20&rno=4,2026-10-06T22:58:39.514923+09:00
20261006,20,若松,4,20261006-20-04,4,4025,山本隆幸,52.0,6.87,0.0,4,.16,0.16,,,False,https://www.boatrace.jp/owpc/pc/race/beforeinfo?hd=20261006&jcd=20&rno=4,2026-10-06T22:58:39.514923+09:00
20261006,20,若松,4,20261006-20-04,5,4197,渥美卓郎,53.3,6.95,-0.5,5,.21,0.21,,リング×２,False,https://www.boatrace.jp/owpc/pc/race/beforeinfo?hd=20261006&jcd=20&rno=4,2026-10-06T22:58:39.514923+09:00
20261006,20,若松,4,20261006-20-04,6,5380,野田亜湖,50.3,6.86,0.0,6,.05,0.05,,,False,https://www.boatrace.jp/owpc/pc/race/beforeinfo?hd=20261006&jcd=20&rno=4,2026-10-06T22:58:39.514923+09:00
20261006,20,若松,5,20261006-20-05,1,4842,山下昂大,53.4,6.91,0.0,1,.09,0.09,,,False,https://www.boatrace.jp/owpc/pc/race/beforeinfo?hd=20261006&jcd=20&rno=5,2026-10-06T22:58:41.670433+09:00
20261006,20,若松,5,20261006-20-05,2,4748,渡邉雄朗,52.0,6.82,0.0,2,.04,0.04,,,False,https://www.boatrace.jp/owpc/pc/race/beforeinfo?hd=20261006&jcd=20&rno=5,2026-10-06T22:58:41.670433+09:00
20261006,20,若松,5,20261006-20-05,3,5131,江藤敦宏,52.2,6.88,-0.5,3,.15,0.15,,,False,https://www.boatrace.jp/owpc/pc/race/beforeinfo?hd=20261006&jcd=20&rno=5,2026-10-06T22:58:41.670433+09:00
20261006,20,若松,5,20261006-20-05,4,4123,細川裕子,47.0,6.9,-0.5,4,.07,0.07,,,False,https://www.boatrace.jp/owpc/pc/race/beforeinfo?hd=20261006&jcd=20&rno=5,2026-10-06T22:58:41.670433+09:00
20261006,20,若松,5,20261006-20-05,5,5209,小野京平,54.9,6.87,-0.5,5,.12,0.12,,,False,https://www.boatrace.jp/owpc/pc/race/beforeinfo?hd=20261006&jcd=20&rno=5,2026-10-06T22:58:41.670433+09:00
20261006,20,若松,5,20261006-20-05,6,5037,田頭虎親,51.5,6.79,-0.5,6,.10,0.1,,,False,https://www.boatrace.jp/owpc/pc/race/beforeinfo?hd=20261006&jcd=20&rno=5,2026-10-06T22:58:41.670433+09:00
20261006,20,若松,6,20261006-20-06,1,4648,木村亮太,52.0,6.84,-0.5,1,.02,0.02,,,False,https://www.boatrace.jp/owpc/pc/race/beforeinfo?hd=20261006&jcd=20&rno=6,2026-10-06T22:58:47.756430+09:00
20261006,20,若松,6,20261006-20-06,2,3905,天野友和,52.0,6.83,0.0,2,.10,0.1,,,False,https://www.boatrace.jp/owpc/pc/race/beforeinfo?hd=20261006&jcd=20&rno=6,2026-10-06T22:58:47.756430+09:00
20261006,20,若松,6,20261006-20-06,3,4677,片橋幸貴,52.0,6.88,0.0,3,.12,0.12,,,False,https://www.boatrace.jp/owpc/pc/race/beforeinfo?hd=20261006&jcd=20&rno=6,2026-10-06T22:58:47.756430+09:00
20261006,20,若松,6,20261006-20-06,4,5395,日高龍之介,52.0,6.88,-0.5,4,.06,0.06,,,False,https://www.boatrace.jp/owpc/pc/race/beforeinfo?hd=20261006&jcd=20&rno=6,2026-10-06T22:58:47.756430+09:00
20261006,20,若松,6,20261006-20-06,5,5276,大島隆乃介,52.0,6.77,-0.5,5,.03,0.03,,,False,https://www.boatrace.jp/owpc/pc/race/beforeinfo?hd=20261006&jcd=20&rno=6,2026-10-06T22:58:47.756430+09:00
20261006,20,若松,6,20261006-20-06,6,3579,中里優子,47.9,6.88,-0.5,6,.09,0.09,,,False,https://www.boatrace.jp/owpc/pc/race/beforeinfo?hd=20261006&jcd=20&rno=6,2026-10-06T22:58:47.756430+09:00
20261006,20,若松,7,20261006-20-07,1,4964,土屋南,47.0,6.85,0.0,1,F.04,-0.04,F,,False,https://www.boatrace.jp/owpc/pc/race/beforeinfo?hd=20261006&jcd=20&rno=7,2026-10-06T22:58:48.770235+09:00
20261006,20,若松,7,20261006-20-07,2,4181,花本夏樹,53.3,6.84,-0.5,2,.03,0.03,,,False,https://www.boatrace.jp/owpc/pc/race/beforeinfo?hd=20261006&jcd=20&rno=7,2026-10-06T22:58:48.770235+09:00
20261006,20,若松,7,20261006-20-07,3,3419,栗原謙治,55.6,6.88,-0.5,3,.00,0.0,,,False,https://www.boatrace.jp/owpc/pc/race/beforeinfo?hd=20261006&jcd=20&rno=7,2026-10-06T22:58:48.770235+09:00
20261006,20,若松,7,20261006-20-07,4,4919,吉田翔悟,52.4,6.81,0.0,6,.02,0.02,,,False,https://www.boatrace.jp/owpc/pc/race/beforeinfo?hd=20261006&jcd=20&rno=7,2026-10-06T22:58:48.770235+09:00
20261006,20,若松,7,20261006-20-07,5,4778,堤啓輔,51.5,6.93,0.0,4,.20,0.2,,,False,https://www.boatrace.jp/owpc/pc/race/beforeinfo?hd=20261006&jcd=20&rno=7,2026-10-06T22:58:48.770235+09:00
20261006,20,若松,7,20261006-20-07,6,3721,守田俊介,52.7,6.92,0.0,5,.03,0.03,,,False,https://www.boatrace.jp/owpc/pc/race/beforeinfo?hd=20261006&jcd=20&rno=7,2026-10-06T22:58:48.770235+09:00
20261006,20,若松,8,20261006-20-08,1,4496,内堀学,52.1,6.89,0.0,1,.04,0.04,,キャブ,False,https://www.boatrace.jp/owpc/pc/race/beforeinfo?hd=20261006&jcd=20&rno=8,2026-10-06T22:58:47.722960+09:00
20261006,20,若松,8,20261006-20-08,2,4261,岡祐臣,54.1,6.84,-0.5,2,.07,0.07,,,False,https://www.boatrace.jp/owpc/pc/race/beforeinfo?hd=20261006&jcd=20&rno=8,2026-10-06T22:58:47.722960+09:00
20261006,20,若松,8,20261006-20-08,3,4287,今井貴士,55.2,6.89,-0.5,3,.03,0.03,,,False,https://www.boatrace.jp/owpc/pc/race/beforeinfo?hd=20261006&jcd=20&rno=8,2026-10-06T22:58:47.722960+09:00
20261006,20,若松,8,20261006-20-08,4,3566,川添英正,52.8,6.85,-0.5,4,.15,0.15,,,False,https://www.boatrace.jp/owpc/pc/race/beforeinfo?hd=20261006&jcd=20&rno=8,2026-10-06T22:58:47.722960+09:00
20261006,20,若松,8,20261006-20-08,5,3949,今出晋二,55.6,6.91,0.0,5,.20,0.2,,,False,https://www.boatrace.jp/owpc/pc/race/beforeinfo?hd=20261006&jcd=20&rno=8,2026-10-06T22:58:47.722960+09:00
20261006,20,若松,8,20261006-20-08,6,5367,赤松咲香,50.6,6.87,-0.5,6,.39,0.39,,,False,https://www.boatrace.jp/owpc/pc/race/beforeinfo?hd=20261006&jcd=20&rno=8,2026-10-06T22:58:47.722960+09:00
20261006,20,若松,9,20261006-20-09,1,4388,是澤孝宏,52.0,6.85,0.0,1,.06,0.06,,,False,https://www.boatrace.jp/owpc/pc/race/beforeinfo?hd=20261006&jcd=20&rno=9,2026-10-06T22:58:51.883590+09:00
20261006,20,若松,9,20261006-20-09,2,3578,塩田雄一,52.0,6.87,-0.5,2,.13,0.13,,,False,https://www.boatrace.jp/owpc/pc/race/beforeinfo?hd=20261006&jcd=20&rno=9,2026-10-06T22:58:51.883590+09:00
20261006,20,若松,9,20261006-20-09,3,4451,松崎祐太郎,52.0,6.86,0.0,3,.01,0.01,,,False,https://www.boatrace.jp/owpc/pc/race/beforeinfo?hd=20261006&jcd=20&rno=9,2026-10-06T22:58:51.883590+09:00
20261006,20,若松,9,20261006-20-09,4,3910,松下知幸,52.0,6.88,-0.5,4,.17,0.17,,,False,https://www.boatrace.jp/owpc/pc/race/beforeinfo?hd=20261006&jcd=20&rno=9,2026-10-06T22:58:51.883590+09:00
20261006,20,若松,9,20261006-20-09,5,3776,横井健太,57.5,6.91,-0.5,5,.09,0.09,,,False,https://www.boatrace.jp/owpc/pc/race/beforeinfo?hd=20261006&jcd=20&rno=9,2026-10-06T22:58:51.883590+09:00
20261006,20,若松,9,20261006-20-09,6,4736,高倉和士,52.5,6.87,-0.5,6,.10,0.1,,,False,https://www.boatrace.jp/owpc/pc/race/beforeinfo?hd=20261006&jcd=20&rno=9,2026-10-06T22:58:51.883590+09:00
20261006,20,若松,10,20261006-20-10,1,3574,大神康司,53.2,6.83,-0.5,1,.07,0.07,,,False,https://www.boatrace.jp/owpc/pc/race/beforeinfo?hd=20261006&jcd=20&rno=10,2026-10-06T22:58:56.923368+09:00
20261006,20,若松,10,20261006-20-10,2,4197,渥美卓郎,53.3,6.86,-0.5,2,.15,0.15,,,False,https://www.boatrace.jp/owpc/pc/race/beforeinfo?hd=20261006&jcd=20&rno=10,2026-10-06T22:58:56.923368+09:00
20261006,20,若松,10,20261006-20-10,3,5301,岩下巧斗,52.0,6.86,-0.5,3,.09,0.09,,,False,https://www.boatrace.jp/owpc/pc/race/beforeinfo?hd=20261006&jcd=20&rno=10,2026-10-06T22:58:56.923368+09:00
20261006,20,若松,10,20261006-20-10,4,4695,尾崎雄二,52.2,6.88,-0.5,4,.00,0.0,,,False,https://www.boatrace.jp/owpc/pc/race/beforeinfo?hd=20261006&jcd=20&rno=10,2026-10-06T22:58:56.923368+09:00
20261006,20,若松,10,20261006-20-10,5,4842,山下昂大,53.4,6.85,0.0,5,F.11,-0.11,F,,False,https://www.boatrace.jp/owpc/pc/race/beforeinfo?hd=20261006&jcd=20&rno=10,2026-10-06T22:58:56.923368+09:00
20261006,20,若松,10,20261006-20-10,6,5240,高橋龍治,52.9,6.77,0.5,6,F.17,-0.17,F,,False,https://www.boatrace.jp/owpc/pc/race/beforeinfo?hd=20261006&jcd=20&rno=10,2026-10-06T22:58:56.923368+09:00
20261006,20,若松,11,20261006-20-11,1,4748,渡邉雄朗,52.0,6.76,0.0,1,F.03,-0.03,F,,False,https://www.boatrace.jp/owpc/pc/race/beforeinfo?hd=20261006&jcd=20&rno=11,2026-10-06T22:58:55.950520+09:00
20261006,20,若松,11,20261006-20-11,2,4025,山本隆幸,52.0,6.85,0.0,2,.20,0.2,,,False,https://www.boatrace.jp/owpc/pc/race/beforeinfo?hd=20261006&jcd=20&rno=11,2026-10-06T22:58:55.950520+09:00
20261006,20,若松,11,20261006-20-11,3,3905,天野友和,52.0,6.77,0.0,3,.08,0.08,,,False,https://www.boatrace.jp/owpc/pc/race/beforeinfo?hd=20261006&jcd=20&rno=11,2026-10-06T22:58:55.950520+09:00
20261006,20,若松,11,20261006-20-11,4,4376,藤田靖弘,52.5,6.87,0.0,4,.02,0.02,,,False,https://www.boatrace.jp/owpc/pc/race/beforeinfo?hd=20261006&jcd=20&rno=11,2026-10-06T22:58:55.950520+09:00
20261006,20,若松,11,20261006-20-11,5,4992,廣瀬篤哉,55.7,6.81,-0.5,5,.03,0.03,,,False,https://www.boatrace.jp/owpc/pc/race/beforeinfo?hd=20261006&jcd=20&rno=11,2026-10-06T22:58:55.950520+09:00
20261006,20,若松,11,20261006-20-11,6,4158,木場雄二郎,55.4,6.86,-0.5,6,.20,0.2,,,False,https://www.boatrace.jp/owpc/pc/race/beforeinfo?hd=20261006&jcd=20&rno=11,2026-10-06T22:58:55.950520+09:00
20261006,20,若松,12,20261006-20-12,1,4123,細川裕子,47.0,6.83,-0.5,1,.04,0.04,,,False,https://www.boatrace.jp/owpc/pc/race/beforeinfo?hd=20261006&jcd=20&rno=12,2026-10-06T22:58:58.947206+09:00
20261006,20,若松,12,20261006-20-12,2,3579,中里優子,47.9,6.8,-0.5,2,.05,0.05,,,False,https://www.boatrace.jp/owpc/pc/race/beforeinfo?hd=20261006&jcd=20&rno=12,2026-10-06T22:58:58.947206+09:00
20261006,20,若松,12,20261006-20-12,3,4714,喜多須杏奈,48.3,6.84,-0.5,3,.01,0.01,,,False,https://www.boatrace.jp/owpc/pc/race/beforeinfo?hd=20261006&jcd=20&rno=12,2026-10-06T22:58:58.947206+09:00
20261006,20,若松,12,20261006-20-12,4,4964,土屋南,47.0,6.84,0.0,4,.02,0.02,,,False,https://www.boatrace.jp/owpc/pc/race/beforeinfo?hd=20261006&jcd=20&rno=12,2026-10-06T22:58:58.947206+09:00
20261006,20,若松,12,20261006-20-12,5,5148,松本怜,46.5,6.84,-0.5,5,.08,0.08,,,False,https://www.boatrace.jp/owpc/pc/race/beforeinfo?hd=20261006&jcd=20&rno=12,2026-10-06T22:58:58.947206+09:00
20261006,20,若松,12,20261006-20-12,6,4900,中田夕貴,47.0,6.77,0.0,6,.11,0.11,,,False,https://www.boatrace.jp/owpc/pc/race/beforeinfo?hd=20261006&jcd=20&rno=12,2026-10-06T22:58:58.947206+09:00
20261006,22,福岡,1,20261006-22-01,1,3473,石川真二,52.2,6.83,-0.5,1,.12,0.12,,,False,https://www.boatrace.jp/owpc/pc/race/beforeinfo?hd=20261006&jcd=22&rno=1,2026-10-06T22:58:06.930881+09:00
20261006,22,福岡,1,20261006-22-01,2,5020,宮村勇哉,54.1,6.82,0.0,2,.08,0.08,,,False,https://www.boatrace.jp/owpc/pc/race/beforeinfo?hd=20261006&jcd=22&rno=1,2026-10-06T22:58:06.930881+09:00
20261006,22,福岡,1,20261006-22-01,3,4406,幸野史明,53.2,6.78,0.0,4,.10,0.1,,リング×１,False,https://www.boatrace.jp/owpc/pc/race/beforeinfo?hd=20261006&jcd=22&rno=1,2026-10-06T22:58:06.930881+09:00
20261006,22,福岡,1,20261006-22-01,4,5337,出畑孝成,53.0,6.78,0.0,5,.11,0.11,,,False,https://www.boatrace.jp/owpc/pc/race/beforeinfo?hd=20261006&jcd=22&rno=1,2026-10-06T22:58:06.930881+09:00
20261006,22,福岡,1,20261006-22-01,5,3268,森竜也,52.8,6.88,0.0,3,F.04,-0.04,F,,False,https://www.boatrace.jp/owpc/pc/race/beforeinfo?hd=20261006&jcd=22&rno=1,2026-10-06T22:58:06.930881+09:00
20261006,22,福岡,1,20261006-22-01,6,5457,山田陽翔,51.5,6.84,-0.5,6,.20,0.2,,,False,https://www.boatrace.jp/owpc/pc/race/beforeinfo?hd=20261006&jcd=22&rno=1,2026-10-06T22:58:06.930881+09:00
20261006,22,福岡,2,20261006-22-02,1,4902,山川雄大,52.0,6.87,0.0,1,.01,0.01,,,False,https://www.boatrace.jp/owpc/pc/race/beforeinfo?hd=20261006&jcd=22&rno=2,2026-10-06T22:58:08.928303+09:00
20261006,22,福岡,2,20261006-22-02,2,5006,久保原秀人,54.4,6.81,0.0,2,.05,0.05,,,False,https://www.boatrace.jp/owpc/pc/race/beforeinfo?hd=20261006&jcd=22&rno=2,2026-10-06T22:58:08.928303+09:00
20261006,22,福岡,2,20261006-22-02,3,4459,片岡雅裕,52.0,6.88,-0.5,3,.04,0.04,,,False,https://www.boatrace.jp/owpc/pc/race/beforeinfo?hd=20261006&jcd=22&rno=2,2026-10-06T22:58:08.928303+09:00
20261006,22,福岡,2,20261006-22-02,4,4899,占部一真,52.0,6.83,-0.5,4,.01,0.01,,,False,https://www.boatrace.jp/owpc/pc/race/beforeinfo?hd=20261006&jcd=22&rno=2,2026-10-06T22:58:08.928303+09:00
20261006,22,福岡,2,20261006-22-02,5,5092,篠原晟弥,52.0,6.88,0.0,5,.01,0.01,,,False,https://www.boatrace.jp/owpc/pc/race/beforeinfo?hd=20261006&jcd=22&rno=2,2026-10-06T22:58:08.928303+09:00
20261006,22,福岡,2,20261006-22-02,6,5469,今泉博人,54.4,6.74,0.0,6,.01,0.01,,,False,https://www.boatrace.jp/owpc/pc/race/beforeinfo?hd=20261006&jcd=22&rno=2,2026-10-06T22:58:08.928303+09:00
20261006,22,福岡,3,20261006-22-03,1,3224,栗山繁洋,52.6,6.84,-0.5,1,.14,0.14,,,False,https://www.boatrace.jp/owpc/pc/race/beforeinfo?hd=20261006&jcd=22&rno=3,2026-10-06T22:58:09.907888+09:00
20261006,22,福岡,3,20261006-22-03,2,4299,中島浩哉,54.6,6.86,-0.5,2,F.02,-0.02,F,,False,https://www.boatrace.jp/owpc/pc/race/beforeinfo?hd=20261006&jcd=22&rno=3,2026-10-06T22:58:09.907888+09:00
20261006,22,福岡,3,20261006-22-03,3,4645,上村純一,52.5,6.85,0.0,3,.03,0.03,,,False,https://www.boatrace.jp/owpc/pc/race/beforeinfo?hd=20261006&jcd=22&rno=3,2026-10-06T22:58:09.907888+09:00
20261006,22,福岡,3,20261006-22-03,4,3955,眞田英二,52.8,6.94,0.0,4,.08,0.08,,,False,https://www.boatrace.jp/owpc/pc/race/beforeinfo?hd=20261006&jcd=22&rno=3,2026-10-06T22:58:09.907888+09:00
20261006,22,福岡,3,20261006-22-03,5,3964,宮地博士,52.5,6.88,0.0,5,F.05,-0.05,F,,False,https://www.boatrace.jp/owpc/pc/race/beforeinfo?hd=20261006&jcd=22&rno=3,2026-10-06T22:58:09.907888+09:00
20261006,22,福岡,3,20261006-22-03,6,5369,岡崎凪汰,52.7,6.8,0.0,6,F.06,-0.06,F,,False,https://www.boatrace.jp/owpc/pc/race/beforeinfo?hd=20261006&jcd=22&rno=3,2026-10-06T22:58:09.907888+09:00
20261006,22,福岡,4,20261006-22-04,1,4428,有賀達也,52.0,6.82,0.0,1,F.02,-0.02,F,,False,https://www.boatrace.jp/owpc/pc/race/beforeinfo?hd=20261006&jcd=22&rno=4,2026-10-06T22:58:11.952450+09:00
20261006,22,福岡,4,20261006-22-04,2,3361,岡部浩,52.0,6.85,0.0,2,.11,0.11,,,False,https://www.boatrace.jp/owpc/pc/race/beforeinfo?hd=20261006&jcd=22&rno=4,2026-10-06T22:58:11.952450+09:00
20261006,22,福岡,4,20261006-22-04,3,5016,宮田龍馬,52.0,6.82,0.0,3,.05,0.05,,,False,https://www.boatrace.jp/owpc/pc/race/beforeinfo?hd=20261006&jcd=22&rno=4,2026-10-06T22:58:11.952450+09:00
20261006,22,福岡,4,20261006-22-04,4,3797,岩井繁,60.3,6.96,0.0,4,F.07,-0.07,F,,False,https://www.boatrace.jp/owpc/pc/race/beforeinfo?hd=20261006&jcd=22&rno=4,2026-10-06T22:58:11.952450+09:00
20261006,22,福岡,4,20261006-22-04,5,5038,金田智博,52.0,6.88,0.0,5,F.02,-0.02,F,,False,https://www.boatrace.jp/owpc/pc/race/beforeinfo?hd=20261006&jcd=22&rno=4,2026-10-06T22:58:11.952450+09:00
20261006,22,福岡,4,20261006-22-04,6,3459,中野和裕,52.8,6.85,-0.5,6,.01,0.01,,,False,https://www.boatrace.jp/owpc/pc/race/beforeinfo?hd=20261006&jcd=22&rno=4,2026-10-06T22:58:11.952450+09:00
20261006,22,福岡,5,20261006-22-05,1,5068,前田滉,52.0,6.76,0.0,1,.02,0.02,,,False,https://www.boatrace.jp/owpc/pc/race/beforeinfo?hd=20261006&jcd=22&rno=5,2026-10-06T22:58:15.113492+09:00
20261006,22,福岡,5,20261006-22-05,2,5067,山田真聖,57.4,6.79,0.0,2,F.01,-0.01,F,,False,https://www.boatrace.jp/owpc/pc/race/beforeinfo?hd=20261006&jcd=22&rno=5,2026-10-06T22:58:15.113492+09:00
20261006,22,福岡,5,20261006-22-05,3,5337,出畑孝成,53.0,6.8,0.0,3,.18,0.18,,,False,https://www.boatrace.jp/owpc/pc/race/beforeinfo?hd=20261006&jcd=22&rno=5,2026-10-06T22:58:15.113492+09:00
20261006,22,福岡,5,20261006-22-05,4,3957,大谷直弘,53.2,6.8,-0.5,4,.07,0.07,,,False,https://www.boatrace.jp/owpc/pc/race/beforeinfo?hd=20261006&jcd=22&rno=5,2026-10-06T22:58:15.113492+09:00
20261006,22,福岡,5,20261006-22-05,5,5457,山田陽翔,51.5,6.84,-0.5,6,.09,0.09,,,False,https://www.boatrace.jp/owpc/pc/race/beforeinfo?hd=20261006&jcd=22&rno=5,2026-10-06T22:58:15.113492+09:00
20261006,22,福岡,5,20261006-22-05,6,4210,松村康太,52.1,6.85,0.0,5,.18,0.18,,,False,https://www.boatrace.jp/owpc/pc/race/beforeinfo?hd=20261006&jcd=22&rno=5,2026-10-06T22:58:15.113492+09:00
20261006,22,福岡,6,20261006-22-06,1,3268,森竜也,52.8,6.95,0.0,1,.09,0.09,,,False,https://www.boatrace.jp/owpc/pc/race/beforeinfo?hd=20261006&jcd=22&rno=6,2026-10-06T22:58:19.136714+09:00
20261006,22,福岡,6,20261006-22-06,2,5009,大賀龍之介,53.0,6.86,0.0,2,.18,0.18,,,False,https://www.boatrace.jp/owpc/pc/race/beforeinfo?hd=20261006&jcd=22&rno=6,2026-10-06T22:58:19.136714+09:00
20261006,22,福岡,6,20261006-22-06,3,4899,占部一真,52.0,6.86,-0.5,3,.02,0.02,,,False,https://www.boatrace.jp/owpc/pc/race/beforeinfo?hd=20261006&jcd=22&rno=6,2026-10-06T22:58:19.136714+09:00
20261006,22,福岡,6,20261006-22-06,4,4579,中嶋健一郎,52.0,6.9,0.0,4,.31,0.31,,,False,https://www.boatrace.jp/owpc/pc/race/beforeinfo?hd=20261006&jcd=22&rno=6,2026-10-06T22:58:19.136714+09:00
20261006,22,福岡,6,20261006-22-06,5,5469,今泉博人,54.4,6.78,0.0,6,.19,0.19,,,False,https://www.boatrace.jp/owpc/pc/race/beforeinfo?hd=20261006&jcd=22&rno=6,2026-10-06T22:58:19.136714+09:00
20261006,22,福岡,6,20261006-22-06,6,4406,幸野史明,53.2,6.91,-0.5,5,.05,0.05,,,False,https://www.boatrace.jp/owpc/pc/race/beforeinfo?hd=20261006&jcd=22&rno=6,2026-10-06T22:58:19.136714+09:00
20261006,22,福岡,7,20261006-22-07,1,5092,篠原晟弥,52.0,6.83,0.0,1,.02,0.02,,,False,https://www.boatrace.jp/owpc/pc/race/beforeinfo?hd=20261006&jcd=22&rno=7,2026-10-06T22:58:20.114562+09:00
20261006,22,福岡,7,20261006-22-07,2,4788,小池哲也,53.0,6.85,0.0,2,.11,0.11,,,False,https://www.boatrace.jp/owpc/pc/race/beforeinfo?hd=20261006&jcd=22&rno=7,2026-10-06T22:58:20.114562+09:00
20261006,22,福岡,7,20261006-22-07,3,3955,眞田英二,52.8,6.92,-0.5,3,.01,0.01,,,False,https://www.boatrace.jp/owpc/pc/race/beforeinfo?hd=20261006&jcd=22&rno=7,2026-10-06T22:58:20.114562+09:00
20261006,22,福岡,7,20261006-22-07,4,3224,栗山繁洋,52.6,6.85,-0.5,4,.15,0.15,,,False,https://www.boatrace.jp/owpc/pc/race/beforeinfo?hd=20261006&jcd=22&rno=7,2026-10-06T22:58:20.114562+09:00
20261006,22,福岡,7,20261006-22-07,5,5020,宮村勇哉,54.1,6.9,0.0,5,.24,0.24,,,False,https://www.boatrace.jp/owpc/pc/race/beforeinfo?hd=20261006&jcd=22&rno=7,2026-10-06T22:58:20.114562+09:00
20261006,22,福岡,7,20261006-22-07,6,3784,中島友和,53.9,6.84,0.0,6,.19,0.19,,,False,https://www.boatrace.jp/owpc/pc/race/beforeinfo?hd=20261006&jcd=22&rno=7,2026-10-06T22:58:20.114562+09:00
20261006,22,福岡,8,20261006-22-08,1,5016,宮田龍馬,52.0,6.83,0.0,1,.05,0.05,,,False,https://www.boatrace.jp/owpc/pc/race/beforeinfo?hd=20261006&jcd=22&rno=8,2026-10-06T22:58:22.130731+09:00
20261006,22,福岡,8,20261006-22-08,2,3797,岩井繁,60.3,6.99,0.0,2,.06,0.06,,,False,https://www.boatrace.jp/owpc/pc/race/beforeinfo?hd=20261006&jcd=22&rno=8,2026-10-06T22:58:22.130731+09:00
20261006,22,福岡,8,20261006-22-08,3,5369,岡崎凪汰,52.7,6.84,0.0,3,.09,0.09,,,False,https://www.boatrace.jp/owpc/pc/race/beforeinfo?hd=20261006&jcd=22&rno=8,2026-10-06T22:58:22.130731+09:00
20261006,22,福岡,8,20261006-22-08,4,3964,宮地博士,52.5,6.89,0.0,4,.16,0.16,,,False,https://www.boatrace.jp/owpc/pc/race/beforeinfo?hd=20261006&jcd=22&rno=8,2026-10-06T22:58:22.130731+09:00
20261006,22,福岡,8,20261006-22-08,5,5006,久保原秀人,54.4,6.84,0.0,5,.15,0.15,,,False,https://www.boatrace.jp/owpc/pc/race/beforeinfo?hd=20261006&jcd=22&rno=8,2026-10-06T22:58:22.130731+09:00
20261006,22,福岡,8,20261006-22-08,6,4184,渡邊雄一郎,52.2,6.8,0.0,6,.15,0.15,,,False,https://www.boatrace.jp/owpc/pc/race/beforeinfo?hd=20261006&jcd=22&rno=8,2026-10-06T22:58:22.130731+09:00
20261006,22,福岡,9,20261006-22-09,1,3711,江本真治,52.8,6.89,0.0,1,.16,0.16,,,False,https://www.boatrace.jp/owpc/pc/race/beforeinfo?hd=20261006&jcd=22&rno=9,2026-10-06T22:58:23.315877+09:00
20261006,22,福岡,9,20261006-22-09,2,4459,片岡雅裕,52.0,6.88,-0.5,2,.12,0.12,,,False,https://www.boatrace.jp/owpc/pc/race/beforeinfo?hd=20261006&jcd=22&rno=9,2026-10-06T22:58:23.315877+09:00
20261006,22,福岡,9,20261006-22-09,3,3745,橋本年光,52.2,6.89,0.0,3,.12,0.12,,,False,https://www.boatrace.jp/owpc/pc/race/beforeinfo?hd=20261006&jcd=22&rno=9,2026-10-06T22:58:23.315877+09:00
20261006,22,福岡,9,20261006-22-09,4,4164,岩永節也,52.0,6.89,-0.5,4,.19,0.19,,,False,https://www.boatrace.jp/owpc/pc/race/beforeinfo?hd=20261006&jcd=22&rno=9,2026-10-06T22:58:23.315877+09:00
20261006,22,福岡,9,20261006-22-09,5,4396,大田直弥,52.7,6.99,0.0,5,.16,0.16,,,False,https://www.boatrace.jp/owpc/pc/race/beforeinfo?hd=20261006&jcd=22&rno=9,2026-10-06T22:58:23.315877+09:00
20261006,22,福岡,9,20261006-22-09,6,3699,富永正人,52.4,6.89,0.0,6,.01,0.01,,,False,https://www.boatrace.jp/owpc/pc/race/beforeinfo?hd=20261006&jcd=22&rno=9,2026-10-06T22:58:23.315877+09:00
20261006,22,福岡,10,20261006-22-10,1,3957,大谷直弘,53.2,6.82,-0.5,1,.05,0.05,,,False,https://www.boatrace.jp/owpc/pc/race/beforeinfo?hd=20261006&jcd=22&rno=10,2026-10-06T22:58:29.352341+09:00
20261006,22,福岡,10,20261006-22-10,2,5038,金田智博,52.0,6.86,0.0,2,F.01,-0.01,F,リング×１,False,https://www.boatrace.jp/owpc/pc/race/beforeinfo?hd=20261006&jcd=22&rno=10,2026-10-06T22:58:29.352341+09:00
20261006,22,福岡,10,20261006-22-10,3,4579,中嶋健一郎,52.0,6.9,0.0,3,.21,0.21,,,False,https://www.boatrace.jp/owpc/pc/race/beforeinfo?hd=20261006&jcd=22&rno=10,2026-10-06T22:58:29.352341+09:00
20261006,22,福岡,10,20261006-22-10,4,4645,上村純一,52.5,6.87,0.0,4,.06,0.06,,,False,https://www.boatrace.jp/owpc/pc/race/beforeinfo?hd=20261006&jcd=22&rno=10,2026-10-06T22:58:29.352341+09:00
20261006,22,福岡,10,20261006-22-10,5,5009,大賀龍之介,53.0,6.92,0.0,5,F.02,-0.02,F,,False,https://www.boatrace.jp/owpc/pc/race/beforeinfo?hd=20261006&jcd=22&rno=10,2026-10-06T22:58:29.352341+09:00
20261006,22,福岡,10,20261006-22-10,6,4902,山川雄大,52.0,6.88,0.0,6,.05,0.05,,,False,https://www.boatrace.jp/owpc/pc/race/beforeinfo?hd=20261006&jcd=22&rno=10,2026-10-06T22:58:29.352341+09:00
20261006,22,福岡,11,20261006-22-11,1,4788,小池哲也,53.0,6.88,0.0,1,.09,0.09,,,False,https://www.boatrace.jp/owpc/pc/race/beforeinfo?hd=20261006&jcd=22&rno=11,2026-10-06T22:58:28.323773+09:00
20261006,22,福岡,11,20261006-22-11,2,5068,前田滉,52.0,6.77,0.5,3,.01,0.01,,,False,https://www.boatrace.jp/owpc/pc/race/beforeinfo?hd=20261006&jcd=22&rno=11,2026-10-06T22:58:28.323773+09:00
20261006,22,福岡,11,20261006-22-11,3,3473,石川真二,52.2,6.99,-0.5,2,.19,0.19,,,False,https://www.boatrace.jp/owpc/pc/race/beforeinfo?hd=20261006&jcd=22&rno=11,2026-10-06T22:58:28.323773+09:00
20261006,22,福岡,11,20261006-22-11,4,5067,山田真聖,57.4,6.83,0.0,4,F.01,-0.01,F,,False,https://www.boatrace.jp/owpc/pc/race/beforeinfo?hd=20261006&jcd=22&rno=11,2026-10-06T22:58:28.323773+09:00
20261006,22,福岡,11,20261006-22-11,5,4299,中島浩哉,54.6,6.93,-0.5,5,.06,0.06,,,False,https://www.boatrace.jp/owpc/pc/race/beforeinfo?hd=20261006&jcd=22&rno=11,2026-10-06T22:58:28.323773+09:00
20261006,22,福岡,11,20261006-22-11,6,4428,有賀達也,52.0,6.99,0.0,6,.03,0.03,,,False,https://www.boatrace.jp/owpc/pc/race/beforeinfo?hd=20261006&jcd=22&rno=11,2026-10-06T22:58:28.323773+09:00
20261006,22,福岡,12,20261006-22-12,1,5121,定松勇樹,52.0,6.8,0.0,1,.20,0.2,,,False,https://www.boatrace.jp/owpc/pc/race/beforeinfo?hd=20261006&jcd=22&rno=12,2026-10-06T22:58:31.332451+09:00
20261006,22,福岡,12,20261006-22-12,2,3265,今村暢孝,52.0,6.94,-0.5,2,F.03,-0.03,F,,False,https://www.boatrace.jp/owpc/pc/race/beforeinfo?hd=20261006&jcd=22&rno=12,2026-10-06T22:58:31.332451+09:00
20261006,22,福岡,12,20261006-22-12,3,4227,安達裕樹,52.0,6.92,0.0,3,F.01,-0.01,F,,False,https://www.boatrace.jp/owpc/pc/race/beforeinfo?hd=20261006&jcd=22&rno=12,2026-10-06T22:58:31.332451+09:00
20261006,22,福岡,12,20261006-22-12,4,4798,浜先真範,52.0,6.81,0.5,4,.01,0.01,,,False,https://www.boatrace.jp/owpc/pc/race/beforeinfo?hd=20261006&jcd=22&rno=12,2026-10-06T22:58:31.332451+09:00
20261006,22,福岡,12,20261006-22-12,5,4220,深川和仁,54.0,6.82,0.0,5,.14,0.14,,,False,https://www.boatrace.jp/owpc/pc/race/beforeinfo?hd=20261006&jcd=22&rno=12,2026-10-06T22:58:31.332451+09:00
20261006,22,福岡,12,20261006-22-12,6,4441,末永由楽,53.1,6.87,0.0,6,.15,0.15,,リング×２,False,https://www.boatrace.jp/owpc/pc/race/beforeinfo?hd=20261006&jcd=22&rno=12,2026-10-06T22:58:31.332451+09:00
20261006,24,大村,1,20261006-24-01,1,4004,山本浩輔,52.0,6.93,-0.5,1,F.08,-0.08,F,,False,https://www.boatrace.jp/owpc/pc/race/beforeinfo?hd=20261006&jcd=24&rno=1,2026-10-06T22:57:41.321708+09:00
20261006,24,大村,1,20261006-24-01,2,3730,塩崎優司,52.7,6.92,-0.5,2,F.01,-0.01,F,,False,https://www.boatrace.jp/owpc/pc/race/beforeinfo?hd=20261006&jcd=24&rno=1,2026-10-06T22:57:41.321708+09:00
20261006,24,大村,1,20261006-24-01,3,4145,小澤学,53.2,6.95,-0.5,3,.12,0.12,,,False,https://www.boatrace.jp/owpc/pc/race/beforeinfo?hd=20261006&jcd=24&rno=1,2026-10-06T22:57:41.321708+09:00
20261006,24,大村,1,20261006-24-01,4,5177,松井貫太,51.5,6.82,0.0,4,.02,0.02,,,False,https://www.boatrace.jp/owpc/pc/race/beforeinfo?hd=20261006&jcd=24&rno=1,2026-10-06T22:57:41.321708+09:00
20261006,24,大村,1,20261006-24-01,5,5343,小林礼央,51.5,6.85,0.0,5,.01,0.01,,,False,https://www.boatrace.jp/owpc/pc/race/beforeinfo?hd=20261006&jcd=24&rno=1,2026-10-06T22:57:41.321708+09:00
20261006,24,大村,1,20261006-24-01,6,3871,池田紫乃,44.0,6.88,-0.5,6,.15,0.15,,,False,https://www.boatrace.jp/owpc/pc/race/beforeinfo?hd=20261006&jcd=24&rno=1,2026-10-06T22:57:41.321708+09:00
20261006,24,大村,2,20261006-24-02,1,3535,渡修平,52.0,6.82,-0.5,1,.12,0.12,,,False,https://www.boatrace.jp/owpc/pc/race/beforeinfo?hd=20261006&jcd=24&rno=2,2026-10-06T22:57:42.361346+09:00
20261006,24,大村,2,20261006-24-02,2,4007,榮田将彦,51.5,6.82,0.0,2,.04,0.04,,,False,https://www.boatrace.jp/owpc/pc/race/beforeinfo?hd=20261006&jcd=24&rno=2,2026-10-06T22:57:42.361346+09:00
20261006,24,大村,2,20261006-24-02,3,4888,金児隆太,52.1,6.87,-0.5,3,.05,0.05,,,False,https://www.boatrace.jp/owpc/pc/race/beforeinfo?hd=20261006&jcd=24&rno=2,2026-10-06T22:57:42.361346+09:00
20261006,24,大村,2,20261006-24-02,4,5285,若林麗,52.0,6.88,0.0,4,.00,0.0,,,False,https://www.boatrace.jp/owpc/pc/race/beforeinfo?hd=20261006&jcd=24&rno=2,2026-10-06T22:57:42.361346+09:00
20261006,24,大村,2,20261006-24-02,5,4012,中村有裕,54.6,6.91,-0.5,5,.11,0.11,,,False,https://www.boatrace.jp/owpc/pc/race/beforeinfo?hd=20261006&jcd=24&rno=2,2026-10-06T22:57:42.361346+09:00
20261006,24,大村,2,20261006-24-02,6,4737,竹井貴史,52.8,6.86,0.0,6,F.03,-0.03,F,,False,https://www.boatrace.jp/owpc/pc/race/beforeinfo?hd=20261006&jcd=24&rno=2,2026-10-06T22:57:42.361346+09:00
20261006,24,大村,3,20261006-24-03,1,3282,池本輝明,52.0,6.87,0.0,1,.12,0.12,,,False,https://www.boatrace.jp/owpc/pc/race/beforeinfo?hd=20261006&jcd=24&rno=3,2026-10-06T22:57:41.350548+09:00
20261006,24,大村,3,20261006-24-03,2,5261,岡暢祐,52.0,6.91,0.0,2,.03,0.03,,リング×２,False,https://www.boatrace.jp/owpc/pc/race/beforeinfo?hd=20261006&jcd=24&rno=3,2026-10-06T22:57:41.350548+09:00
20261006,24,大村,3,20261006-24-03,3,4874,池田奈津美,52.3,6.92,0.0,3,.07,0.07,,,False,https://www.boatrace.jp/owpc/pc/race/beforeinfo?hd=20261006&jcd=24&rno=3,2026-10-06T22:57:41.350548+09:00
20261006,24,大村,3,20261006-24-03,4,4324,海野康志郎,57.8,6.88,0.0,4,F.11,-0.11,F,,False,https://www.boatrace.jp/owpc/pc/race/beforeinfo?hd=20261006&jcd=24&rno=3,2026-10-06T22:57:41.350548+09:00
20261006,24,大村,3,20261006-24-03,5,4894,原村拓也,52.0,6.92,0.0,5,F.01,-0.01,F,,False,https://www.boatrace.jp/owpc/pc/race/beforeinfo?hd=20261006&jcd=24&rno=3,2026-10-06T22:57:41.350548+09:00
20261006,24,大村,3,20261006-24-03,6,4640,山ノ内雅人,52.8,6.86,0.0,6,.01,0.01,,,False,https://www.boatrace.jp/owpc/pc/race/beforeinfo?hd=20261006&jcd=24&rno=3,2026-10-06T22:57:41.350548+09:00
20261006,24,大村,4,20261006-24-04,1,4409,坂元浩仁,53.2,6.86,0.0,1,.08,0.08,,,False,https://www.boatrace.jp/owpc/pc/race/beforeinfo?hd=20261006&jcd=24&rno=4,2026-10-06T22:57:43.333316+09:00
20261006,24,大村,4,20261006-24-04,2,3928,林恵祐,58.5,6.94,0.0,2,.08,0.08,,,False,https://www.boatrace.jp/owpc/pc/race/beforeinfo?hd=20261006&jcd=24&rno=4,2026-10-06T22:57:43.333316+09:00
20261006,24,大村,4,20261006-24-04,3,4656,大崎翔,53.5,6.87,0.0,3,.12,0.12,,,False,https://www.boatrace.jp/owpc/pc/race/beforeinfo?hd=20261006&jcd=24&rno=4,2026-10-06T22:57:43.333316+09:00
20261006,24,大村,4,20261006-24-04,4,3303,渡辺豊,54.1,6.85,0.0,4,F.06,-0.06,F,,False,https://www.boatrace.jp/owpc/pc/race/beforeinfo?hd=20261006&jcd=24&rno=4,2026-10-06T22:57:43.333316+09:00
20261006,24,大村,4,20261006-24-04,5,5459,田中きら,43.5,6.86,-0.5,6,F.04,-0.04,F,,False,https://www.boatrace.jp/owpc/pc/race/beforeinfo?hd=20261006&jcd=24&rno=4,2026-10-06T22:57:43.333316+09:00
20261006,24,大村,4,20261006-24-04,6,4574,東潤樹,53.0,6.88,0.0,5,F.11,-0.11,F,,False,https://www.boatrace.jp/owpc/pc/race/beforeinfo?hd=20261006&jcd=24&rno=4,2026-10-06T22:57:43.333316+09:00
20261006,24,大村,5,20261006-24-05,1,3661,柳瀬興志,57.6,6.84,0.0,1,F.02,-0.02,F,,False,https://www.boatrace.jp/owpc/pc/race/beforeinfo?hd=20261006&jcd=24&rno=5,2026-10-06T22:57:49.504647+09:00
20261006,24,大村,5,20261006-24-05,2,5344,谷口丞,52.0,6.86,0.0,2,.07,0.07,,,False,https://www.boatrace.jp/owpc/pc/race/beforeinfo?hd=20261006&jcd=24&rno=5,2026-10-06T22:57:49.504647+09:00
20261006,24,大村,5,20261006-24-05,3,5175,島崎丈一朗,52.9,6.82,0.0,3,.05,0.05,,リング×２,False,https://www.boatrace.jp/owpc/pc/race/beforeinfo?hd=20261006&jcd=24&rno=5,2026-10-06T22:57:49.504647+09:00
20261006,24,大村,5,20261006-24-05,4,4760,山崎郡,52.0,6.83,0.0,4,.03,0.03,,,False,https://www.boatrace.jp/owpc/pc/race/beforeinfo?hd=20261006&jcd=24&rno=5,2026-10-06T22:57:49.504647+09:00
20261006,24,大村,5,20261006-24-05,5,4693,松下誉士,52.6,6.83,0.0,5,.25,0.25,,,False,https://www.boatrace.jp/owpc/pc/race/beforeinfo?hd=20261006&jcd=24&rno=5,2026-10-06T22:57:49.504647+09:00
20261006,24,大村,5,20261006-24-05,6,3692,竹腰正樹,52.0,6.82,0.0,6,.01,0.01,,,False,https://www.boatrace.jp/owpc/pc/race/beforeinfo?hd=20261006&jcd=24&rno=5,2026-10-06T22:57:49.504647+09:00
20261006,24,大村,6,20261006-24-06,1,4739,中村晃朋,51.0,6.75,0.0,1,F.04,-0.04,F,,False,https://www.boatrace.jp/owpc/pc/race/beforeinfo?hd=20261006&jcd=24&rno=6,2026-10-06T22:57:50.541755+09:00
20261006,24,大村,6,20261006-24-06,2,5343,小林礼央,51.5,6.79,0.0,2,.10,0.1,,,False,https://www.boatrace.jp/owpc/pc/race/beforeinfo?hd=20261006&jcd=24&rno=6,2026-10-06T22:57:50.541755+09:00
20261006,24,大村,6,20261006-24-06,3,4632,長尾京志郎,53.5,6.82,0.0,3,.20,0.2,,,False,https://www.boatrace.jp/owpc/pc/race/beforeinfo?hd=20261006&jcd=24&rno=6,2026-10-06T22:57:50.541755+09:00
20261006,24,大村,6,20261006-24-06,4,4064,原田篤志,52.0,6.81,0.0,4,.08,0.08,,,False,https://www.boatrace.jp/owpc/pc/race/beforeinfo?hd=20261006&jcd=24&rno=6,2026-10-06T22:57:50.541755+09:00
20261006,24,大村,6,20261006-24-06,5,3950,石川哲秀,55.8,6.81,-0.5,5,.03,0.03,,,False,https://www.boatrace.jp/owpc/pc/race/beforeinfo?hd=20261006&jcd=24&rno=6,2026-10-06T22:57:50.541755+09:00
20261006,24,大村,6,20261006-24-06,6,3637,齋藤和政,53.2,6.81,0.0,6,.07,0.07,,,False,https://www.boatrace.jp/owpc/pc/race/beforeinfo?hd=20261006&jcd=24&rno=6,2026-10-06T22:57:50.541755+09:00
20261006,24,大村,7,20261006-24-07,1,4156,浜野孝志,56.3,6.81,0.0,1,.08,0.08,,,False,https://www.boatrace.jp/owpc/pc/race/beforeinfo?hd=20261006&jcd=24&rno=7,2026-10-06T22:57:51.567635+09:00
20261006,24,大村,7,20261006-24-07,2,5193,米丸乃絵,47.0,6.82,0.5,2,.12,0.12,,,False,https://www.boatrace.jp/owpc/pc/race/beforeinfo?hd=20261006&jcd=24&rno=7,2026-10-06T22:57:51.567635+09:00
20261006,24,大村,7,20261006-24-07,3,3535,渡修平,52.0,6.87,0.0,3,.16,0.16,,,False,https://www.boatrace.jp/owpc/pc/race/beforeinfo?hd=20261006&jcd=24&rno=7,2026-10-06T22:57:51.567635+09:00
20261006,24,大村,7,20261006-24-07,4,5261,岡暢祐,52.0,6.91,0.0,4,.02,0.02,,,False,https://www.boatrace.jp/owpc/pc/race/beforeinfo?hd=20261006&jcd=24&rno=7,2026-10-06T22:57:51.567635+09:00
20261006,24,大村,7,20261006-24-07,5,4145,小澤学,53.2,6.9,0.0,5,.09,0.09,,,False,https://www.boatrace.jp/owpc/pc/race/beforeinfo?hd=20261006&jcd=24&rno=7,2026-10-06T22:57:51.567635+09:00
20261006,24,大村,7,20261006-24-07,6,5458,田中大輝,52.4,6.78,3.0,6,F.13,-0.13,F,,False,https://www.boatrace.jp/owpc/pc/race/beforeinfo?hd=20261006&jcd=24&rno=7,2026-10-06T22:57:51.567635+09:00
20261006,24,大村,8,20261006-24-08,1,3302,谷川里江,46.0,6.9,-0.5,1,.21,0.21,,,False,https://www.boatrace.jp/owpc/pc/race/beforeinfo?hd=20261006&jcd=24&rno=8,2026-10-06T22:57:52.509498+09:00
20261006,24,大村,8,20261006-24-08,2,4874,池田奈津美,52.3,6.89,0.0,2,.20,0.2,,,False,https://www.boatrace.jp/owpc/pc/race/beforeinfo?hd=20261006&jcd=24&rno=8,2026-10-06T22:57:52.509498+09:00
20261006,24,大村,8,20261006-24-08,3,5144,中尾彩香,47.8,6.88,0.0,3,.12,0.12,,,False,https://www.boatrace.jp/owpc/pc/race/beforeinfo?hd=20261006&jcd=24&rno=8,2026-10-06T22:57:52.509498+09:00
20261006,24,大村,8,20261006-24-08,4,3871,池田紫乃,44.0,6.92,0.0,4,.18,0.18,,,False,https://www.boatrace.jp/owpc/pc/race/beforeinfo?hd=20261006&jcd=24&rno=8,2026-10-06T22:57:52.509498+09:00
20261006,24,大村,8,20261006-24-08,5,5397,寺田夢生,46.0,6.86,0.0,5,.08,0.08,,,False,https://www.boatrace.jp/owpc/pc/race/beforeinfo?hd=20261006&jcd=24&rno=8,2026-10-06T22:57:52.509498+09:00
20261006,24,大村,8,20261006-24-08,6,5459,田中きら,43.5,6.87,-0.5,6,.09,0.09,,,False,https://www.boatrace.jp/owpc/pc/race/beforeinfo?hd=20261006&jcd=24&rno=8,2026-10-06T22:57:52.509498+09:00
20261006,24,大村,9,20261006-24-09,1,4159,向後龍一,51.5,6.85,0.0,1,.04,0.04,,,False,https://www.boatrace.jp/owpc/pc/race/beforeinfo?hd=20261006&jcd=24&rno=9,2026-10-06T22:57:59.718532+09:00
20261006,24,大村,9,20261006-24-09,2,4894,原村拓也,52.0,6.86,0.0,2,.14,0.14,,,False,https://www.boatrace.jp/owpc/pc/race/beforeinfo?hd=20261006&jcd=24&rno=9,2026-10-06T22:57:59.718532+09:00
20261006,24,大村,9,20261006-24-09,3,3730,塩崎優司,52.7,6.88,0.0,3,.07,0.07,,,False,https://www.boatrace.jp/owpc/pc/race/beforeinfo?hd=20261006&jcd=24&rno=9,2026-10-06T22:57:59.718532+09:00
20261006,24,大村,9,20261006-24-09,4,4012,中村有裕,54.6,6.93,0.0,4,.07,0.07,,,False,https://www.boatrace.jp/owpc/pc/race/beforeinfo?hd=20261006&jcd=24&rno=9,2026-10-06T22:57:59.718532+09:00
20261006,24,大村,9,20261006-24-09,5,5338,香月大輝,52.2,6.88,0.0,5,.33,0.33,,,False,https://www.boatrace.jp/owpc/pc/race/beforeinfo?hd=20261006&jcd=24&rno=9,2026-10-06T22:57:59.718532+09:00
20261006,24,大村,9,20261006-24-09,6,3303,渡辺豊,54.1,6.88,0.0,6,.32,0.32,,,False,https://www.boatrace.jp/owpc/pc/race/beforeinfo?hd=20261006&jcd=24&rno=9,2026-10-06T22:57:59.718532+09:00
20261006,24,大村,10,20261006-24-10,1,4043,桐本康臣,53.9,6.88,0.0,1,.15,0.15,,,False,https://www.boatrace.jp/owpc/pc/race/beforeinfo?hd=20261006&jcd=24&rno=10,2026-10-06T22:57:58.746197+09:00
20261006,24,大村,10,20261006-24-10,2,5285,若林麗,52.0,6.93,0.0,2,.29,0.29,,,False,https://www.boatrace.jp/owpc/pc/race/beforeinfo?hd=20261006&jcd=24&rno=10,2026-10-06T22:57:58.746197+09:00
20261006,24,大村,10,20261006-24-10,3,3928,林恵祐,58.5,7.0,0.0,3,.16,0.16,,シリンダ,False,https://www.boatrace.jp/owpc/pc/race/beforeinfo?hd=20261006&jcd=24&rno=10,2026-10-06T22:57:58.746197+09:00
20261006,24,大村,10,20261006-24-10,4,3661,柳瀬興志,57.6,6.86,0.0,4,.12,0.12,,,False,https://www.boatrace.jp/owpc/pc/race/beforeinfo?hd=20261006&jcd=24&rno=10,2026-10-06T22:57:58.746197+09:00
20261006,24,大村,10,20261006-24-10,5,5177,松井貫太,51.5,6.86,0.0,5,.11,0.11,,,False,https://www.boatrace.jp/owpc/pc/race/beforeinfo?hd=20261006&jcd=24&rno=10,2026-10-06T22:57:58.746197+09:00
20261006,24,大村,10,20261006-24-10,6,5246,楠将太郎,52.0,6.87,0.0,6,F.15,-0.15,F,,False,https://www.boatrace.jp/owpc/pc/race/beforeinfo?hd=20261006&jcd=24&rno=10,2026-10-06T22:57:58.746197+09:00
20261006,24,大村,11,20261006-24-11,1,4064,原田篤志,52.0,6.92,0.0,1,.09,0.09,,キャブ,False,https://www.boatrace.jp/owpc/pc/race/beforeinfo?hd=20261006&jcd=24&rno=11,2026-10-06T22:58:01.772365+09:00
20261006,24,大村,11,20261006-24-11,2,4888,金児隆太,52.1,6.88,0.0,2,.21,0.21,,,False,https://www.boatrace.jp/owpc/pc/race/beforeinfo?hd=20261006&jcd=24&rno=11,2026-10-06T22:58:01.772365+09:00
20261006,24,大村,11,20261006-24-11,3,4640,山ノ内雅人,52.8,6.87,0.0,3,.07,0.07,,,False,https://www.boatrace.jp/owpc/pc/race/beforeinfo?hd=20261006&jcd=24&rno=11,2026-10-06T22:58:01.772365+09:00
20261006,24,大村,11,20261006-24-11,4,3692,竹腰正樹,52.0,6.92,0.0,4,.04,0.04,,,False,https://www.boatrace.jp/owpc/pc/race/beforeinfo?hd=20261006&jcd=24&rno=11,2026-10-06T22:58:01.772365+09:00
20261006,24,大村,11,20261006-24-11,5,4004,山本浩輔,52.0,6.9,0.0,5,.06,0.06,,,False,https://www.boatrace.jp/owpc/pc/race/beforeinfo?hd=20261006&jcd=24&rno=11,2026-10-06T22:58:01.772365+09:00
20261006,24,大村,11,20261006-24-11,6,4656,大崎翔,53.5,6.97,0.0,6,.07,0.07,,,False,https://www.boatrace.jp/owpc/pc/race/beforeinfo?hd=20261006&jcd=24&rno=11,2026-10-06T22:58:01.772365+09:00
20261006,24,大村,12,20261006-24-12,1,4324,海野康志郎,57.8,6.84,-0.5,1,.03,0.03,,,False,https://www.boatrace.jp/owpc/pc/race/beforeinfo?hd=20261006&jcd=24&rno=12,2026-10-06T22:58:01.728510+09:00
20261006,24,大村,12,20261006-24-12,2,4737,竹井貴史,52.8,6.89,0.0,2,.15,0.15,,,False,https://www.boatrace.jp/owpc/pc/race/beforeinfo?hd=20261006&jcd=24&rno=12,2026-10-06T22:58:01.728510+09:00
20261006,24,大村,12,20261006-24-12,3,4760,山崎郡,52.0,6.87,0.0,3,.09,0.09,,,False,https://www.boatrace.jp/owpc/pc/race/beforeinfo?hd=20261006&jcd=24&rno=12,2026-10-06T22:58:01.728510+09:00
20261006,24,大村,12,20261006-24-12,4,4409,坂元浩仁,53.2,6.92,0.0,4,.09,0.09,,,False,https://www.boatrace.jp/owpc/pc/race/beforeinfo?hd=20261006&jcd=24&rno=12,2026-10-06T22:58:01.728510+09:00
20261006,24,大村,12,20261006-24-12,5,4739,中村晃朋,51.0,6.85,0.5,5,.05,0.05,,,False,https://www.boatrace.jp/owpc/pc/race/beforeinfo?hd=20261006&jcd=24&rno=12,2026-10-06T22:58:01.728510+09:00
20261006,24,大村,12,20261006-24-12,6,5193,米丸乃絵,47.0,6.85,0.5,6,.11,0.11,,,False,https://www.boatrace.jp/owpc/pc/race/beforeinfo?hd=20261006&jcd=24&rno=12,2026-10-06T22:58:01.728510+09:00
