date,venue_code,venue_name,race,race_id,boat,registration_no,racer_name,age,branch,weight_kg,grade,national_win_rate,national_top2_rate,local_win_rate,local_top2_rate,motor_no,motor_top2_rate,boat_no,boat_top2_rate,series_results_raw,early_race_raw,source_url,collected_at
20260929,24,大村,1,20260929-24-01,1,4431,石塚裕介,40,三重,54.0,B1,4.88,33.72,4.84,36.0,28,32.35,80,30.51,46,,https://www1.mbrace.or.jp/od2/B/202609/b260929.lzh,2026-09-29T18:14:32.628069+09:00
20260929,24,大村,1,20260929-24-01,2,4520,高倉孝太,39,福井,49.0,A2,5.71,35.09,4.3,30.0,30,19.18,28,32.79,35,11,https://www1.mbrace.or.jp/od2/B/202609/b260929.lzh,2026-09-29T18:14:32.628069+09:00
20260929,24,大村,1,20260929-24-01,3,4708,半田尚也,37,広島,55.0,B1,4.43,21.33,4.44,22.22,16,43.9,63,26.98,4,8,https://www1.mbrace.or.jp/od2/B/202609/b260929.lzh,2026-09-29T18:14:32.628069+09:00
20260929,24,大村,1,20260929-24-01,4,4248,岡本大,44,長崎,54.0,B1,4.55,25.0,4.43,25.0,22,28.0,78,30.0,13,7,https://www1.mbrace.or.jp/od2/B/202609/b260929.lzh,2026-09-29T18:14:32.628069+09:00
20260929,24,大村,1,20260929-24-01,5,4068,幸田智裕,46,静岡,54.0,B1,4.81,22.12,4.67,11.11,70,41.67,85,36.49,5,6,https://www1.mbrace.or.jp/od2/B/202609/b260929.lzh,2026-09-29T18:14:32.628069+09:00
20260929,24,大村,1,20260929-24-01,6,4004,山本浩輔,48,長崎,52.0,B1,4.88,27.66,4.91,26.15,61,37.84,83,22.64,23,,https://www1.mbrace.or.jp/od2/B/202609/b260929.lzh,2026-09-29T18:14:32.628069+09:00
20260929,24,大村,2,20260929-24-02,1,3528,笠野友紀,55,愛知,49.0,B1,4.36,20.0,4.7,22.22,63,44.29,65,30.65,1,7,https://www1.mbrace.or.jp/od2/B/202609/b260929.lzh,2026-09-29T18:14:32.628069+09:00
20260929,24,大村,2,20260929-24-02,2,5054,佐々木大,30,大阪,53.0,A1,6.71,58.54,6.67,44.44,59,42.65,59,33.33,31,8,https://www1.mbrace.or.jp/od2/B/202609/b260929.lzh,2026-09-29T18:14:32.628069+09:00
20260929,24,大村,2,20260929-24-02,3,5420,吉原快誓,20,長崎,52.0,B2,2.06,1.2,1.8,0.0,23,35.44,55,45.07,6,9,https://www1.mbrace.or.jp/od2/B/202609/b260929.lzh,2026-09-29T18:14:32.628069+09:00
20260929,24,大村,2,20260929-24-02,4,4408,仁科さや,40,長崎,48.0,B1,3.66,20.83,4.49,30.14,71,25.0,86,28.33,3,10,https://www1.mbrace.or.jp/od2/B/202609/b260929.lzh,2026-09-29T18:14:32.628069+09:00
20260929,24,大村,2,20260929-24-02,5,5192,中尾優香,25,福岡,47.0,B1,4.42,25.0,4.76,32.35,67,15.94,26,25.0,66,,https://www1.mbrace.or.jp/od2/B/202609/b260929.lzh,2026-09-29T18:14:32.628069+09:00
20260929,24,大村,2,20260929-24-02,6,3685,荒井輝年,52,岡山,56.0,A2,5.73,39.8,6.63,50.0,60,30.67,68,36.11,52,11,https://www1.mbrace.or.jp/od2/B/202609/b260929.lzh,2026-09-29T18:14:32.628069+09:00
20260929,24,大村,3,20260929-24-03,1,3827,今泉徹,53,群馬,52.0,B1,4.02,14.15,0.0,0.0,19,36.25,58,28.57,6,10,https://www1.mbrace.or.jp/od2/B/202609/b260929.lzh,2026-09-29T18:14:32.628069+09:00
20260929,24,大村,3,20260929-24-03,2,5384,八戸琉楓,21,長崎,53.0,B2,1.73,1.09,1.5,0.0,11,15.28,72,33.33,4,8,https://www1.mbrace.or.jp/od2/B/202609/b260929.lzh,2026-09-29T18:14:32.628069+09:00
20260929,24,大村,3,20260929-24-03,3,4467,渡邉俊介,40,愛知,51.0,A1,6.3,41.94,5.48,34.48,47,38.67,79,27.78,64,9,https://www1.mbrace.or.jp/od2/B/202609/b260929.lzh,2026-09-29T18:14:32.628069+09:00
20260929,24,大村,3,20260929-24-03,4,4264,長尾章平,41,山口,54.0,A1,6.02,42.74,6.11,50.0,69,27.71,21,25.0,4,12,https://www1.mbrace.or.jp/od2/B/202609/b260929.lzh,2026-09-29T18:14:32.628069+09:00
20260929,24,大村,3,20260929-24-03,5,5446,長嶺真李,24,福岡,50.0,B2,1.23,0.0,0.0,0.0,21,18.84,49,37.5,6,7,https://www1.mbrace.or.jp/od2/B/202609/b260929.lzh,2026-09-29T18:14:32.628069+09:00
20260929,24,大村,3,20260929-24-03,6,4666,日笠勝弘,42,大阪,51.0,B1,4.21,22.47,4.47,21.88,80,28.57,35,31.51,2,11,https://www1.mbrace.or.jp/od2/B/202609/b260929.lzh,2026-09-29T18:14:32.628069+09:00
20260929,24,大村,4,20260929-24-04,1,4204,柴田大輔,44,福岡,52.0,B1,5.17,31.18,4.67,16.67,64,22.86,13,20.0,56,,https://www1.mbrace.or.jp/od2/B/202609/b260929.lzh,2026-09-29T18:14:32.628069+09:00
20260929,24,大村,4,20260929-24-04,2,3701,大西隆洋,53,香川,57.0,B1,4.12,15.84,2.79,14.29,49,33.78,84,34.29,6,9,https://www1.mbrace.or.jp/od2/B/202609/b260929.lzh,2026-09-29T18:14:32.628069+09:00
20260929,24,大村,4,20260929-24-04,3,4601,森野正弘,41,山口,56.0,A1,7.11,59.38,6.71,44.23,32,26.09,52,27.87,42,10,https://www1.mbrace.or.jp/od2/B/202609/b260929.lzh,2026-09-29T18:14:32.628069+09:00
20260929,24,大村,4,20260929-24-04,4,3842,星野太郎,50,三重,54.0,B1,5.12,33.72,4.95,42.86,58,35.82,73,42.65,15,,https://www1.mbrace.or.jp/od2/B/202609/b260929.lzh,2026-09-29T18:14:32.628069+09:00
20260929,24,大村,4,20260929-24-04,5,5037,田頭虎親,28,香川,51.0,B1,5.8,44.79,5.41,31.82,27,31.51,29,37.5,1,12,https://www1.mbrace.or.jp/od2/B/202609/b260929.lzh,2026-09-29T18:14:32.628069+09:00
20260929,24,大村,4,20260929-24-04,6,5065,伊久間陽,28,群馬,54.0,A2,5.37,36.59,6.45,54.55,79,30.88,41,16.36,4,11,https://www1.mbrace.or.jp/od2/B/202609/b260929.lzh,2026-09-29T18:14:32.628069+09:00
20260929,24,大村,5,20260929-24-05,1,3509,池千夏,54,香川,50.0,B1,3.32,6.82,4.0,28.57,36,32.88,53,25.0,54,,https://www1.mbrace.or.jp/od2/B/202609/b260929.lzh,2026-09-29T18:14:32.628069+09:00
20260929,24,大村,5,20260929-24-05,2,4817,渡邉翼,35,山口,51.0,A1,6.24,49.44,5.31,33.9,13,41.03,23,22.41,43,11,https://www1.mbrace.or.jp/od2/B/202609/b260929.lzh,2026-09-29T18:14:32.628069+09:00
20260929,24,大村,5,20260929-24-05,3,4085,荻野裕介,46,東京,54.0,B1,5.43,38.04,0.0,0.0,39,25.0,39,29.73,3,,https://www1.mbrace.or.jp/od2/B/202609/b260929.lzh,2026-09-29T18:14:32.628069+09:00
20260929,24,大村,5,20260929-24-05,4,5236,小宮涼雅,27,広島,53.0,B1,4.5,24.07,2.79,12.12,29,39.74,15,29.73,2,10,https://www1.mbrace.or.jp/od2/B/202609/b260929.lzh,2026-09-29T18:14:32.628069+09:00
20260929,24,大村,5,20260929-24-05,5,4171,榎幸司,44,長崎,52.0,A2,6.33,48.06,6.32,44.7,81,40.0,56,34.72,24,,https://www1.mbrace.or.jp/od2/B/202609/b260929.lzh,2026-09-29T18:14:32.628069+09:00
20260929,24,大村,5,20260929-24-05,6,4442,松竹大輔,40,愛知,53.0,B1,6.47,51.09,4.74,29.03,62,31.65,54,34.25,1,12,https://www1.mbrace.or.jp/od2/B/202609/b260929.lzh,2026-09-29T18:14:32.628069+09:00
20260929,24,大村,6,20260929-24-06,1,4068,幸田智裕,46,静岡,54.0,B1,4.81,22.12,4.67,11.11,70,41.67,85,36.49,5,1,https://www1.mbrace.or.jp/od2/B/202609/b260929.lzh,2026-09-29T18:14:32.628069+09:00
20260929,24,大村,6,20260929-24-06,2,4522,古澤光紀,38,福岡,55.0,A2,6.4,47.83,6.47,45.31,35,15.94,44,29.41,2,12,https://www1.mbrace.or.jp/od2/B/202609/b260929.lzh,2026-09-29T18:14:32.628069+09:00
20260929,24,大村,6,20260929-24-06,3,5283,植木美帆,22,東京,48.0,B2,2.66,6.25,3.14,0.0,43,32.91,14,38.03,65,,https://www1.mbrace.or.jp/od2/B/202609/b260929.lzh,2026-09-29T18:14:32.628069+09:00
20260929,24,大村,6,20260929-24-06,4,4555,富永大一,37,福岡,54.0,B1,5.27,31.62,5.69,28.21,57,45.83,30,14.55,1,11,https://www1.mbrace.or.jp/od2/B/202609/b260929.lzh,2026-09-29T18:14:32.628069+09:00
20260929,24,大村,6,20260929-24-06,5,4302,西野翔太,43,広島,52.0,A1,6.62,51.56,6.95,61.02,50,22.86,61,18.18,16,,https://www1.mbrace.or.jp/od2/B/202609/b260929.lzh,2026-09-29T18:14:32.628069+09:00
20260929,24,大村,6,20260929-24-06,6,4339,平瀬城啓,42,福井,53.0,B1,4.0,16.3,4.32,17.65,73,31.08,50,42.86,44,,https://www1.mbrace.or.jp/od2/B/202609/b260929.lzh,2026-09-29T18:14:32.628069+09:00
20260929,24,大村,7,20260929-24-07,1,4793,金子萌,36,静岡,52.0,A2,6.43,48.8,6.59,58.82,72,26.76,25,40.28,1,12,https://www1.mbrace.or.jp/od2/B/202609/b260929.lzh,2026-09-29T18:14:32.628069+09:00
20260929,24,大村,7,20260929-24-07,2,4248,岡本大,44,長崎,54.0,B1,4.55,25.0,4.43,25.0,22,28.0,78,30.0,13,1,https://www1.mbrace.or.jp/od2/B/202609/b260929.lzh,2026-09-29T18:14:32.628069+09:00
20260929,24,大村,7,20260929-24-07,3,4384,鶴本崇文,41,大阪,53.0,A1,5.6,36.75,6.58,41.67,20,47.22,20,42.25,25,,https://www1.mbrace.or.jp/od2/B/202609/b260929.lzh,2026-09-29T18:14:32.628069+09:00
20260929,24,大村,7,20260929-24-07,4,3528,笠野友紀,55,愛知,49.0,B1,4.36,20.0,4.7,22.22,63,44.29,65,30.65,1,2,https://www1.mbrace.or.jp/od2/B/202609/b260929.lzh,2026-09-29T18:14:32.628069+09:00
20260929,24,大村,7,20260929-24-07,5,4057,松井賢治,47,兵庫,53.0,A2,5.71,38.35,5.38,28.89,44,49.41,76,38.89,21,,https://www1.mbrace.or.jp/od2/B/202609/b260929.lzh,2026-09-29T18:14:32.628069+09:00
20260929,24,大村,7,20260929-24-07,6,5446,長嶺真李,24,福岡,50.0,B2,1.23,0.0,0.0,0.0,21,18.84,49,37.5,6,3,https://www1.mbrace.or.jp/od2/B/202609/b260929.lzh,2026-09-29T18:14:32.628069+09:00
20260929,24,大村,8,20260929-24-08,1,3930,岸本隆,50,岡山,56.0,A2,5.28,28.44,4.33,26.67,34,39.74,33,33.87,35,,https://www1.mbrace.or.jp/od2/B/202609/b260929.lzh,2026-09-29T18:14:32.628069+09:00
20260929,24,大村,8,20260929-24-08,2,4680,後藤美翼,36,東京,46.0,A2,5.69,36.36,6.4,50.0,12,29.11,32,43.06,2,12,https://www1.mbrace.or.jp/od2/B/202609/b260929.lzh,2026-09-29T18:14:32.628069+09:00
20260929,24,大村,8,20260929-24-08,3,4918,川島拓郎,37,静岡,53.0,B1,4.26,23.86,5.33,33.33,54,36.99,18,22.41,23,,https://www1.mbrace.or.jp/od2/B/202609/b260929.lzh,2026-09-29T18:14:32.628069+09:00
20260929,24,大村,8,20260929-24-08,4,4708,半田尚也,37,広島,55.0,B1,4.43,21.33,4.44,22.22,16,43.9,63,26.98,4,1,https://www1.mbrace.or.jp/od2/B/202609/b260929.lzh,2026-09-29T18:14:32.628069+09:00
20260929,24,大村,8,20260929-24-08,5,5384,八戸琉楓,21,長崎,53.0,B2,1.73,1.09,1.5,0.0,11,15.28,72,33.33,4,3,https://www1.mbrace.or.jp/od2/B/202609/b260929.lzh,2026-09-29T18:14:32.628069+09:00
20260929,24,大村,8,20260929-24-08,6,5054,佐々木大,30,大阪,53.0,A1,6.71,58.54,6.67,44.44,59,42.65,59,33.33,31,2,https://www1.mbrace.or.jp/od2/B/202609/b260929.lzh,2026-09-29T18:14:32.628069+09:00
20260929,24,大村,9,20260929-24-09,1,3703,鳥飼眞,52,福岡,50.0,A2,5.88,42.73,5.85,38.18,45,46.99,46,36.99,56,,https://www1.mbrace.or.jp/od2/B/202609/b260929.lzh,2026-09-29T18:14:32.628069+09:00
20260929,24,大村,9,20260929-24-09,2,5273,山下拓巳,25,兵庫,52.0,B1,3.61,18.75,3.63,15.79,65,41.98,74,40.0,33,,https://www1.mbrace.or.jp/od2/B/202609/b260929.lzh,2026-09-29T18:14:32.628069+09:00
20260929,24,大村,9,20260929-24-09,3,4421,森作広大,38,東京,56.0,B1,3.43,11.43,3.9,14.29,41,52.0,40,33.33,15,,https://www1.mbrace.or.jp/od2/B/202609/b260929.lzh,2026-09-29T18:14:32.628069+09:00
20260929,24,大村,9,20260929-24-09,4,5420,吉原快誓,20,長崎,52.0,B2,2.06,1.2,1.8,0.0,23,35.44,55,45.07,6,2,https://www1.mbrace.or.jp/od2/B/202609/b260929.lzh,2026-09-29T18:14:32.628069+09:00
20260929,24,大村,9,20260929-24-09,5,4467,渡邉俊介,40,愛知,51.0,A1,6.3,41.94,5.48,34.48,47,38.67,79,27.78,64,3,https://www1.mbrace.or.jp/od2/B/202609/b260929.lzh,2026-09-29T18:14:32.628069+09:00
20260929,24,大村,9,20260929-24-09,6,3701,大西隆洋,53,香川,57.0,B1,4.12,15.84,2.79,14.29,49,33.78,84,34.29,6,4,https://www1.mbrace.or.jp/od2/B/202609/b260929.lzh,2026-09-29T18:14:32.628069+09:00
20260929,24,大村,10,20260929-24-10,1,4470,平田健之,39,三重,53.0,A2,6.49,50.52,6.05,31.58,48,36.99,57,38.36,51,,https://www1.mbrace.or.jp/od2/B/202609/b260929.lzh,2026-09-29T18:14:32.628069+09:00
20260929,24,大村,10,20260929-24-10,2,5236,小宮涼雅,27,広島,53.0,B1,4.5,24.07,2.79,12.12,29,39.74,15,29.73,2,5,https://www1.mbrace.or.jp/od2/B/202609/b260929.lzh,2026-09-29T18:14:32.628069+09:00
20260929,24,大村,10,20260929-24-10,3,4452,松尾祭,38,香川,51.0,A2,5.15,33.07,4.86,33.33,17,43.42,16,25.81,32,,https://www1.mbrace.or.jp/od2/B/202609/b260929.lzh,2026-09-29T18:14:32.628069+09:00
20260929,24,大村,10,20260929-24-10,4,4601,森野正弘,41,山口,56.0,A1,7.11,59.38,6.71,44.23,32,26.09,52,27.87,42,4,https://www1.mbrace.or.jp/od2/B/202609/b260929.lzh,2026-09-29T18:14:32.628069+09:00
20260929,24,大村,10,20260929-24-10,5,3827,今泉徹,53,群馬,52.0,B1,4.02,14.15,0.0,0.0,19,36.25,58,28.57,6,3,https://www1.mbrace.or.jp/od2/B/202609/b260929.lzh,2026-09-29T18:14:32.628069+09:00
20260929,24,大村,10,20260929-24-10,6,4408,仁科さや,40,長崎,48.0,B1,3.66,20.83,4.49,30.14,71,25.0,86,28.33,3,2,https://www1.mbrace.or.jp/od2/B/202609/b260929.lzh,2026-09-29T18:14:32.628069+09:00
20260929,24,大村,11,20260929-24-11,1,4817,渡邉翼,35,山口,51.0,A1,6.24,49.44,5.31,33.9,13,41.03,23,22.41,43,5,https://www1.mbrace.or.jp/od2/B/202609/b260929.lzh,2026-09-29T18:14:32.628069+09:00
20260929,24,大村,11,20260929-24-11,2,3685,荒井輝年,52,岡山,56.0,A2,5.73,39.8,6.63,50.0,60,30.67,68,36.11,52,2,https://www1.mbrace.or.jp/od2/B/202609/b260929.lzh,2026-09-29T18:14:32.628069+09:00
20260929,24,大村,11,20260929-24-11,3,4555,富永大一,37,福岡,54.0,B1,5.27,31.62,5.69,28.21,57,45.83,30,14.55,1,6,https://www1.mbrace.or.jp/od2/B/202609/b260929.lzh,2026-09-29T18:14:32.628069+09:00
20260929,24,大村,11,20260929-24-11,4,5065,伊久間陽,28,群馬,54.0,A2,5.37,36.59,6.45,54.55,79,30.88,41,16.36,4,4,https://www1.mbrace.or.jp/od2/B/202609/b260929.lzh,2026-09-29T18:14:32.628069+09:00
20260929,24,大村,11,20260929-24-11,5,4666,日笠勝弘,42,大阪,51.0,B1,4.21,22.47,4.47,21.88,80,28.57,35,31.51,2,3,https://www1.mbrace.or.jp/od2/B/202609/b260929.lzh,2026-09-29T18:14:32.628069+09:00
20260929,24,大村,11,20260929-24-11,6,4520,高倉孝太,39,福井,49.0,A2,5.71,35.09,4.3,30.0,30,19.18,28,32.79,35,1,https://www1.mbrace.or.jp/od2/B/202609/b260929.lzh,2026-09-29T18:14:32.628069+09:00
20260929,24,大村,12,20260929-24-12,1,4264,長尾章平,41,山口,54.0,A1,6.02,42.74,6.11,50.0,69,27.71,21,25.0,4,3,https://www1.mbrace.or.jp/od2/B/202609/b260929.lzh,2026-09-29T18:14:32.628069+09:00
20260929,24,大村,12,20260929-24-12,2,4793,金子萌,36,静岡,52.0,A2,6.43,48.8,6.59,58.82,72,26.76,25,40.28,1,7,https://www1.mbrace.or.jp/od2/B/202609/b260929.lzh,2026-09-29T18:14:32.628069+09:00
20260929,24,大村,12,20260929-24-12,3,5037,田頭虎親,28,香川,51.0,B1,5.8,44.79,5.41,31.82,27,31.51,29,37.5,1,4,https://www1.mbrace.or.jp/od2/B/202609/b260929.lzh,2026-09-29T18:14:32.628069+09:00
20260929,24,大村,12,20260929-24-12,4,4442,松竹大輔,40,愛知,53.0,B1,6.47,51.09,4.74,29.03,62,31.65,54,34.25,1,5,https://www1.mbrace.or.jp/od2/B/202609/b260929.lzh,2026-09-29T18:14:32.628069+09:00
20260929,24,大村,12,20260929-24-12,5,4680,後藤美翼,36,東京,46.0,A2,5.69,36.36,6.4,50.0,12,29.11,32,43.06,2,8,https://www1.mbrace.or.jp/od2/B/202609/b260929.lzh,2026-09-29T18:14:32.628069+09:00
20260929,24,大村,12,20260929-24-12,6,4522,古澤光紀,38,福岡,55.0,A2,6.4,47.83,6.47,45.31,35,15.94,44,29.41,2,6,https://www1.mbrace.or.jp/od2/B/202609/b260929.lzh,2026-09-29T18:14:32.628069+09:00
20260929,21,芦屋,1,20260929-21-01,1,4313,西村美智,42,香川,51.0,A2,4.99,30.0,5.19,37.5,28,37.38,165,35.65,33214 562,8,https://www1.mbrace.or.jp/od2/B/202609/b260929.lzh,2026-09-29T18:14:32.628069+09:00
20260929,21,芦屋,1,20260929-21-01,2,5153,佐藤ほの,30,東京,46.0,B1,3.39,9.18,3.0,11.11,32,39.62,161,34.55,4 251 4436,10,https://www1.mbrace.or.jp/od2/B/202609/b260929.lzh,2026-09-29T18:14:32.628069+09:00
20260929,21,芦屋,1,20260929-21-01,3,3579,中里優子,53,埼玉,49.0,B1,5.06,29.85,5.11,33.33,27,29.73,155,41.38,446 662 55,,https://www1.mbrace.or.jp/od2/B/202609/b260929.lzh,2026-09-29T18:14:32.628069+09:00
20260929,21,芦屋,1,20260929-21-01,4,3470,新田芳美,56,徳島,47.0,B1,5.19,27.71,5.4,45.0,47,33.33,152,32.71,551 64251,6,https://www1.mbrace.or.jp/od2/B/202609/b260929.lzh,2026-09-29T18:14:32.628069+09:00
20260929,21,芦屋,1,20260929-21-01,5,4998,中村かな,33,東京,49.0,B2,5.05,36.71,3.32,15.79,42,27.93,145,29.17,651 256 6,7,https://www1.mbrace.or.jp/od2/B/202609/b260929.lzh,2026-09-29T18:14:32.628069+09:00
20260929,21,芦屋,1,20260929-21-01,6,5440,薗頭心,20,兵庫,47.0,B2,1.65,4.62,0.0,0.0,57,37.14,159,46.53,6 666 636,5,https://www1.mbrace.or.jp/od2/B/202609/b260929.lzh,2026-09-29T18:14:32.628069+09:00
20260929,21,芦屋,2,20260929-21-02,1,5188,武井莉里,25,兵庫,45.0,A2,6.08,40.87,4.79,26.32,44,30.77,123,28.57,4311451 23,10,https://www1.mbrace.or.jp/od2/B/202609/b260929.lzh,2026-09-29T18:14:32.628069+09:00
20260929,21,芦屋,2,20260929-21-02,2,5230,石原凪紗,23,愛知,46.0,B1,4.86,31.4,2.78,0.0,38,37.5,144,52.68,6 3335515,6,https://www1.mbrace.or.jp/od2/B/202609/b260929.lzh,2026-09-29T18:14:32.628069+09:00
20260929,21,芦屋,2,20260929-21-02,3,4897,深見亜由,34,愛知,44.0,B1,3.86,14.77,0.0,0.0,4,41.9,157,35.58,663 363 4,9,https://www1.mbrace.or.jp/od2/B/202609/b260929.lzh,2026-09-29T18:14:32.628069+09:00
20260929,21,芦屋,2,20260929-21-02,4,4347,魚谷香織,41,福岡,45.0,A2,6.12,43.0,5.65,33.33,34,30.53,126,38.1,12442 1213,11,https://www1.mbrace.or.jp/od2/B/202609/b260929.lzh,2026-09-29T18:14:32.628069+09:00
20260929,21,芦屋,2,20260929-21-02,5,5227,川原愛未,24,福岡,51.0,B2,4.13,25.64,3.0,11.11,52,31.37,135,32.0,2 66F 6 4,7,https://www1.mbrace.or.jp/od2/B/202609/b260929.lzh,2026-09-29T18:14:32.628069+09:00
20260929,21,芦屋,2,20260929-21-02,6,4317,木村紗友,42,静岡,47.0,B1,4.6,27.0,4.06,33.33,2,25.96,160,31.91,325 56344,8,https://www1.mbrace.or.jp/od2/B/202609/b260929.lzh,2026-09-29T18:14:32.628069+09:00
20260929,21,芦屋,3,20260929-21-03,1,4240,今井裕梨,42,群馬,45.0,A2,5.49,34.51,3.8,20.0,48,40.74,149,39.62,34552 346,9,https://www1.mbrace.or.jp/od2/B/202609/b260929.lzh,2026-09-29T18:14:32.628069+09:00
20260929,21,芦屋,3,20260929-21-03,2,5358,増本杏珠,21,福岡,49.0,B2,2.93,8.0,2.0,2.86,22,42.31,164,33.33,5 433 5325,,https://www1.mbrace.or.jp/od2/B/202609/b260929.lzh,2026-09-29T18:14:32.628069+09:00
20260929,21,芦屋,3,20260929-21-03,3,4964,土屋南,29,岡山,47.0,A2,6.47,46.09,0.0,0.0,3,45.87,137,34.65,1 12551333,10,https://www1.mbrace.or.jp/od2/B/202609/b260929.lzh,2026-09-29T18:14:32.628069+09:00
20260929,21,芦屋,3,20260929-21-03,4,4990,田中博子,29,福岡,46.0,B2,3.49,14.29,2.46,0.0,35,45.79,132,32.41,6 245 5653,,https://www1.mbrace.or.jp/od2/B/202609/b260929.lzh,2026-09-29T18:14:32.628069+09:00
20260929,21,芦屋,3,20260929-21-03,5,4419,原加央理,39,埼玉,46.0,A2,5.78,40.86,3.89,11.11,14,31.58,162,38.32,541 64656,8,https://www1.mbrace.or.jp/od2/B/202609/b260929.lzh,2026-09-29T18:14:32.628069+09:00
20260929,21,芦屋,3,20260929-21-03,6,4246,喜多那由,44,静岡,47.0,B1,3.94,18.56,3.43,28.57,26,30.69,138,40.91,4 643 163,7,https://www1.mbrace.or.jp/od2/B/202609/b260929.lzh,2026-09-29T18:14:32.628069+09:00
20260929,21,芦屋,4,20260929-21-04,1,4530,小野生奈,37,福岡,45.0,A1,7.36,61.06,7.18,59.18,41,40.54,158,31.73,332 216125,10,https://www1.mbrace.or.jp/od2/B/202609/b260929.lzh,2026-09-29T18:14:32.628069+09:00
20260929,21,芦屋,4,20260929-21-04,2,5342,原村百那,24,山口,47.0,B2,2.67,10.0,2.0,0.0,43,37.5,134,37.93,6 15666 6,8,https://www1.mbrace.or.jp/od2/B/202609/b260929.lzh,2026-09-29T18:14:32.628069+09:00
20260929,21,芦屋,4,20260929-21-04,3,4924,中北涼,33,長崎,49.0,B1,4.54,20.18,0.0,0.0,15,30.7,125,30.34,5 356 441,9,https://www1.mbrace.or.jp/od2/B/202609/b260929.lzh,2026-09-29T18:14:32.628069+09:00
20260929,21,芦屋,4,20260929-21-04,4,3611,岩崎芳美,54,徳島,49.0,A2,6.0,39.29,5.5,38.89,36,31.9,154,36.11,155 122514,11,https://www1.mbrace.or.jp/od2/B/202609/b260929.lzh,2026-09-29T18:14:32.628069+09:00
20260929,21,芦屋,4,20260929-21-04,5,5296,永田楽,24,愛知,46.0,B1,4.09,21.74,2.94,5.88,46,29.17,116,36.36,3 554 564,8,https://www1.mbrace.or.jp/od2/B/202609/b260929.lzh,2026-09-29T18:14:32.628069+09:00
20260929,21,芦屋,4,20260929-21-04,6,5272,松田真実,25,愛知,47.0,B1,5.04,30.69,5.44,44.44,12,38.83,166,38.05,265 1 2214,10,https://www1.mbrace.or.jp/od2/B/202609/b260929.lzh,2026-09-29T18:14:32.628069+09:00
20260929,21,芦屋,5,20260929-21-05,1,4974,安井瑞紀,33,岡山,47.0,A2,5.43,37.98,5.65,35.29,21,34.95,143,34.23,1 26251425,11,https://www1.mbrace.or.jp/od2/B/202609/b260929.lzh,2026-09-29T18:14:32.628069+09:00
20260929,21,芦屋,5,20260929-21-05,2,3604,武藤綾子,55,福岡,48.0,B1,4.19,17.86,4.63,26.67,30,39.09,121,28.43,312 435 36,10,https://www1.mbrace.or.jp/od2/B/202609/b260929.lzh,2026-09-29T18:14:32.628069+09:00
20260929,21,芦屋,5,20260929-21-05,3,5182,宮崎安奈,28,埼玉,46.0,B1,3.99,20.0,4.0,25.93,13,40.95,146,34.0,456 51236,,https://www1.mbrace.or.jp/od2/B/202609/b260929.lzh,2026-09-29T18:14:32.628069+09:00
20260929,21,芦屋,5,20260929-21-05,4,5129,山口真喜,29,長崎,48.0,A2,6.02,41.6,4.76,30.3,33,40.0,129,32.18,53163 265,9,https://www1.mbrace.or.jp/od2/B/202609/b260929.lzh,2026-09-29T18:14:32.628069+09:00
20260929,21,芦屋,5,20260929-21-05,5,5440,薗頭心,20,兵庫,47.0,B2,1.65,4.62,0.0,0.0,57,37.14,159,46.53,6 666 636,1,https://www1.mbrace.or.jp/od2/B/202609/b260929.lzh,2026-09-29T18:14:32.628069+09:00
20260929,21,芦屋,5,20260929-21-05,6,3474,松瀬弘美,56,静岡,46.0,B1,4.55,25.45,5.83,43.33,37,35.19,163,35.24,3 45335 52,9,https://www1.mbrace.or.jp/od2/B/202609/b260929.lzh,2026-09-29T18:14:32.628069+09:00
20260929,21,芦屋,6,20260929-21-06,1,5164,森田梨湖,26,福岡,47.0,B2,3.13,7.69,2.07,3.7,9,28.71,131,32.08,6 56464 64,,https://www1.mbrace.or.jp/od2/B/202609/b260929.lzh,2026-09-29T18:14:32.628069+09:00
20260929,21,芦屋,6,20260929-21-06,2,3232,山川美由,59,香川,47.0,A2,5.66,33.73,6.66,53.13,8,44.68,114,42.16,1233313 15,11,https://www1.mbrace.or.jp/od2/B/202609/b260929.lzh,2026-09-29T18:14:32.628069+09:00
20260929,21,芦屋,6,20260929-21-06,3,4965,福岡泉水,29,兵庫,52.0,B1,4.27,19.0,6.44,33.33,19,28.74,169,27.78,2 24526226,11,https://www1.mbrace.or.jp/od2/B/202609/b260929.lzh,2026-09-29T18:14:32.628069+09:00
20260929,21,芦屋,6,20260929-21-06,4,4510,坂本奈央,37,福岡,48.0,B2,2.93,14.29,0.0,0.0,31,40.74,119,28.87,6 6 542 65,,https://www1.mbrace.or.jp/od2/B/202609/b260929.lzh,2026-09-29T18:14:32.628069+09:00
20260929,21,芦屋,6,20260929-21-06,5,3470,新田芳美,56,徳島,47.0,B1,5.19,27.71,5.4,45.0,47,33.33,152,32.71,551 64251,1,https://www1.mbrace.or.jp/od2/B/202609/b260929.lzh,2026-09-29T18:14:32.628069+09:00
20260929,21,芦屋,6,20260929-21-06,6,5230,石原凪紗,23,愛知,46.0,B1,4.86,31.4,2.78,0.0,38,37.5,144,52.68,6 3335515,2,https://www1.mbrace.or.jp/od2/B/202609/b260929.lzh,2026-09-29T18:14:32.628069+09:00
20260929,21,芦屋,7,20260929-21-07,1,4998,中村かな,33,東京,49.0,B2,5.05,36.71,3.32,15.79,42,27.93,145,29.17,651 256 6,1,https://www1.mbrace.or.jp/od2/B/202609/b260929.lzh,2026-09-29T18:14:32.628069+09:00
20260929,21,芦屋,7,20260929-21-07,2,4246,喜多那由,44,静岡,47.0,B1,3.94,18.56,3.43,28.57,26,30.69,138,40.91,4 643 163,3,https://www1.mbrace.or.jp/od2/B/202609/b260929.lzh,2026-09-29T18:14:32.628069+09:00
20260929,21,芦屋,7,20260929-21-07,3,5365,石村日奈,25,東京,46.0,B1,2.95,11.9,2.33,0.0,59,24.75,136,40.0,256 344 43,,https://www1.mbrace.or.jp/od2/B/202609/b260929.lzh,2026-09-29T18:14:32.628069+09:00
20260929,21,芦屋,7,20260929-21-07,4,4243,西村歩,40,大阪,48.0,B1,5.58,39.8,5.95,38.64,7,32.73,170,36.28,21134 4444,11,https://www1.mbrace.or.jp/od2/B/202609/b260929.lzh,2026-09-29T18:14:32.628069+09:00
20260929,21,芦屋,7,20260929-21-07,5,4484,稲生夏季,36,東京,50.0,B1,4.76,21.35,4.0,13.89,60,39.39,127,35.19,4642435 65,,https://www1.mbrace.or.jp/od2/B/202609/b260929.lzh,2026-09-29T18:14:32.628069+09:00
20260929,21,芦屋,7,20260929-21-07,6,5227,川原愛未,24,福岡,51.0,B2,4.13,25.64,3.0,11.11,52,31.37,135,32.0,2 66F 6 4,2,https://www1.mbrace.or.jp/od2/B/202609/b260929.lzh,2026-09-29T18:14:32.628069+09:00
20260929,21,芦屋,8,20260929-21-08,1,5296,永田楽,24,愛知,46.0,B1,4.09,21.74,2.94,5.88,46,29.17,116,36.36,3 554 564,4,https://www1.mbrace.or.jp/od2/B/202609/b260929.lzh,2026-09-29T18:14:32.628069+09:00
20260929,21,芦屋,8,20260929-21-08,2,4419,原加央理,39,埼玉,46.0,A2,5.78,40.86,3.89,11.11,14,31.58,162,38.32,541 64656,3,https://www1.mbrace.or.jp/od2/B/202609/b260929.lzh,2026-09-29T18:14:32.628069+09:00
20260929,21,芦屋,8,20260929-21-08,3,4317,木村紗友,42,静岡,47.0,B1,4.6,27.0,4.06,33.33,2,25.96,160,31.91,325 56344,2,https://www1.mbrace.or.jp/od2/B/202609/b260929.lzh,2026-09-29T18:14:32.628069+09:00
20260929,21,芦屋,8,20260929-21-08,4,5342,原村百那,24,山口,47.0,B2,2.67,10.0,2.0,0.0,43,37.5,134,37.93,6 15666 6,4,https://www1.mbrace.or.jp/od2/B/202609/b260929.lzh,2026-09-29T18:14:32.628069+09:00
20260929,21,芦屋,8,20260929-21-08,5,4900,中田夕貴,33,埼玉,47.0,B1,5.07,32.35,6.42,45.45,29,39.81,156,35.96,4532533 41,,https://www1.mbrace.or.jp/od2/B/202609/b260929.lzh,2026-09-29T18:14:32.628069+09:00
20260929,21,芦屋,8,20260929-21-08,6,4313,西村美智,42,香川,51.0,A2,4.99,30.0,5.19,37.5,28,37.38,165,35.65,33214 562,1,https://www1.mbrace.or.jp/od2/B/202609/b260929.lzh,2026-09-29T18:14:32.628069+09:00
20260929,21,芦屋,9,20260929-21-09,1,4897,深見亜由,34,愛知,44.0,B1,3.86,14.77,0.0,0.0,4,41.9,157,35.58,663 363 4,2,https://www1.mbrace.or.jp/od2/B/202609/b260929.lzh,2026-09-29T18:14:32.628069+09:00
20260929,21,芦屋,9,20260929-21-09,2,5129,山口真喜,29,長崎,48.0,A2,6.02,41.6,4.76,30.3,33,40.0,129,32.18,53163 265,5,https://www1.mbrace.or.jp/od2/B/202609/b260929.lzh,2026-09-29T18:14:32.628069+09:00
20260929,21,芦屋,9,20260929-21-09,3,3474,松瀬弘美,56,静岡,46.0,B1,4.55,25.45,5.83,43.33,37,35.19,163,35.24,3 45335 52,5,https://www1.mbrace.or.jp/od2/B/202609/b260929.lzh,2026-09-29T18:14:32.628069+09:00
20260929,21,芦屋,9,20260929-21-09,4,4525,真子奈津,38,福岡,47.0,B1,4.77,27.27,5.32,30.0,5,37.76,168,37.62,424 243533,,https://www1.mbrace.or.jp/od2/B/202609/b260929.lzh,2026-09-29T18:14:32.628069+09:00
20260929,21,芦屋,9,20260929-21-09,5,4240,今井裕梨,42,群馬,45.0,A2,5.49,34.51,3.8,20.0,48,40.74,149,39.62,34552 346,3,https://www1.mbrace.or.jp/od2/B/202609/b260929.lzh,2026-09-29T18:14:32.628069+09:00
20260929,21,芦屋,9,20260929-21-09,6,4924,中北涼,33,長崎,49.0,B1,4.54,20.18,0.0,0.0,15,30.7,125,30.34,5 356 441,4,https://www1.mbrace.or.jp/od2/B/202609/b260929.lzh,2026-09-29T18:14:32.628069+09:00
20260929,21,芦屋,10,20260929-21-10,1,4964,土屋南,29,岡山,47.0,A2,6.47,46.09,0.0,0.0,3,45.87,137,34.65,1 12551333,3,https://www1.mbrace.or.jp/od2/B/202609/b260929.lzh,2026-09-29T18:14:32.628069+09:00
20260929,21,芦屋,10,20260929-21-10,2,5188,武井莉里,25,兵庫,45.0,A2,6.08,40.87,4.79,26.32,44,30.77,123,28.57,4311451 23,2,https://www1.mbrace.or.jp/od2/B/202609/b260929.lzh,2026-09-29T18:14:32.628069+09:00
20260929,21,芦屋,10,20260929-21-10,3,5272,松田真実,25,愛知,47.0,B1,5.04,30.69,5.44,44.44,12,38.83,166,38.05,265 1 2214,4,https://www1.mbrace.or.jp/od2/B/202609/b260929.lzh,2026-09-29T18:14:32.628069+09:00
20260929,21,芦屋,10,20260929-21-10,4,4530,小野生奈,37,福岡,45.0,A1,7.36,61.06,7.18,59.18,41,40.54,158,31.73,332 216125,4,https://www1.mbrace.or.jp/od2/B/202609/b260929.lzh,2026-09-29T18:14:32.628069+09:00
20260929,21,芦屋,10,20260929-21-10,5,3604,武藤綾子,55,福岡,48.0,B1,4.19,17.86,4.63,26.67,30,39.09,121,28.43,312 435 36,5,https://www1.mbrace.or.jp/od2/B/202609/b260929.lzh,2026-09-29T18:14:32.628069+09:00
20260929,21,芦屋,10,20260929-21-10,6,5153,佐藤ほの,30,東京,46.0,B1,3.39,9.18,3.0,11.11,32,39.62,161,34.55,4 251 4436,1,https://www1.mbrace.or.jp/od2/B/202609/b260929.lzh,2026-09-29T18:14:32.628069+09:00
20260929,21,芦屋,11,20260929-21-11,1,4347,魚谷香織,41,福岡,45.0,A2,6.12,43.0,5.65,33.33,34,30.53,126,38.1,12442 1213,2,https://www1.mbrace.or.jp/od2/B/202609/b260929.lzh,2026-09-29T18:14:32.628069+09:00
20260929,21,芦屋,11,20260929-21-11,2,4243,西村歩,40,大阪,48.0,B1,5.58,39.8,5.95,38.64,7,32.73,170,36.28,21134 4444,7,https://www1.mbrace.or.jp/od2/B/202609/b260929.lzh,2026-09-29T18:14:32.628069+09:00
20260929,21,芦屋,11,20260929-21-11,3,3611,岩崎芳美,54,徳島,49.0,A2,6.0,39.29,5.5,38.89,36,31.9,154,36.11,155 122514,4,https://www1.mbrace.or.jp/od2/B/202609/b260929.lzh,2026-09-29T18:14:32.628069+09:00
20260929,21,芦屋,11,20260929-21-11,4,3232,山川美由,59,香川,47.0,A2,5.66,33.73,6.66,53.13,8,44.68,114,42.16,1233313 15,6,https://www1.mbrace.or.jp/od2/B/202609/b260929.lzh,2026-09-29T18:14:32.628069+09:00
20260929,21,芦屋,11,20260929-21-11,5,4974,安井瑞紀,33,岡山,47.0,A2,5.43,37.98,5.65,35.29,21,34.95,143,34.23,1 26251425,5,https://www1.mbrace.or.jp/od2/B/202609/b260929.lzh,2026-09-29T18:14:32.628069+09:00
20260929,21,芦屋,11,20260929-21-11,6,4965,福岡泉水,29,兵庫,52.0,B1,4.27,19.0,6.44,33.33,19,28.74,169,27.78,2 24526226,6,https://www1.mbrace.or.jp/od2/B/202609/b260929.lzh,2026-09-29T18:14:32.628069+09:00
20260929,21,芦屋,12,20260929-21-12,1,4885,大山千広,30,福岡,47.0,A2,7.24,56.98,6.0,40.0,39,36.45,112,40.21,151 121121,,https://www1.mbrace.or.jp/od2/B/202609/b260929.lzh,2026-09-29T18:14:32.628069+09:00
20260929,21,芦屋,12,20260929-21-12,2,4433,川野芽唯,40,福岡,47.0,A1,7.23,55.86,7.68,63.83,10,40.54,122,34.82,11221 4241,,https://www1.mbrace.or.jp/od2/B/202609/b260929.lzh,2026-09-29T18:14:32.628069+09:00
20260929,21,芦屋,12,20260929-21-12,3,4050,田口節子,45,岡山,46.0,A1,7.72,61.21,8.67,85.71,56,48.39,124,30.3,3234111 11,,https://www1.mbrace.or.jp/od2/B/202609/b260929.lzh,2026-09-29T18:14:32.628069+09:00
20260929,21,芦屋,12,20260929-21-12,4,4208,三浦永理,43,静岡,46.0,A1,7.29,60.14,7.27,63.41,11,37.86,118,40.0,1631221 32,,https://www1.mbrace.or.jp/od2/B/202609/b260929.lzh,2026-09-29T18:14:32.628069+09:00
20260929,21,芦屋,12,20260929-21-12,5,3435,寺田千恵,57,岡山,45.0,A2,6.46,43.9,6.4,47.17,55,38.0,113,43.86,14341 1312,,https://www1.mbrace.or.jp/od2/B/202609/b260929.lzh,2026-09-29T18:14:32.628069+09:00
20260929,21,芦屋,12,20260929-21-12,6,5155,内山七海,29,福岡,46.0,A2,6.1,43.09,4.73,22.22,17,32.11,153,32.73,224 213222,,https://www1.mbrace.or.jp/od2/B/202609/b260929.lzh,2026-09-29T18:14:32.628069+09:00
20260929,19,下関,1,20260929-19-01,1,4396,大田直弥,40,山口,54.0,B1,4.68,23.36,5.38,33.63,21,38.37,44,27.59,152 264656,10,https://www1.mbrace.or.jp/od2/B/202609/b260929.lzh,2026-09-29T18:14:32.628069+09:00
20260929,19,下関,1,20260929-19-01,2,3620,信濃由行,52,福井,54.0,B1,3.21,7.41,5.03,33.33,34,26.32,47,28.89,6 556 665,6,https://www1.mbrace.or.jp/od2/B/202609/b260929.lzh,2026-09-29T18:14:32.628069+09:00
20260929,19,下関,1,20260929-19-01,3,5076,石原光,30,静岡,55.0,B1,5.04,33.33,4.79,21.21,20,27.06,36,31.46,55323 232,9,https://www1.mbrace.or.jp/od2/B/202609/b260929.lzh,2026-09-29T18:14:32.628069+09:00
20260929,19,下関,1,20260929-19-01,4,5370,日隈茜,24,福岡,47.0,B2,1.43,3.28,1.07,0.0,53,28.09,62,29.21,6 655 636,8,https://www1.mbrace.or.jp/od2/B/202609/b260929.lzh,2026-09-29T18:14:32.628069+09:00
20260929,19,下関,1,20260929-19-01,5,4527,高野心吾,38,愛知,52.0,B1,4.55,27.47,4.96,25.0,57,42.35,43,39.77,1 63532 41,9,https://www1.mbrace.or.jp/od2/B/202609/b260929.lzh,2026-09-29T18:14:32.628069+09:00
20260929,19,下関,1,20260929-19-01,6,4142,平野和明,45,愛知,54.0,A2,5.67,33.61,0.0,0.0,56,38.89,18,22.58,462 353 35,7,https://www1.mbrace.or.jp/od2/B/202609/b260929.lzh,2026-09-29T18:14:32.628069+09:00
20260929,19,下関,2,20260929-19-02,1,3848,川上聡介,49,愛知,57.0,B1,4.33,23.33,0.0,0.0,18,52.27,14,29.55,142 245 25,11,https://www1.mbrace.or.jp/od2/B/202609/b260929.lzh,2026-09-29T18:14:32.628069+09:00
20260929,19,下関,2,20260929-19-02,2,5373,諏訪玲奈,23,岡山,46.0,B2,3.01,5.06,2.17,0.0,19,30.0,20,24.14,3 345 665,8,https://www1.mbrace.or.jp/od2/B/202609/b260929.lzh,2026-09-29T18:14:32.628069+09:00
20260929,19,下関,2,20260929-19-02,3,4272,大場広孝,44,福岡,57.0,B1,4.89,30.17,5.04,28.0,48,37.23,69,44.21,1343251,,https://www1.mbrace.or.jp/od2/B/202609/b260929.lzh,2026-09-29T18:14:32.628069+09:00
20260929,19,下関,2,20260929-19-02,4,3746,岡瀬正人,51,岡山,54.0,A2,5.75,36.0,5.06,32.26,46,44.68,49,40.45,226 336 24,6,https://www1.mbrace.or.jp/od2/B/202609/b260929.lzh,2026-09-29T18:14:32.628069+09:00
20260929,19,下関,2,20260929-19-02,5,5375,庄島潤成,22,山口,54.0,B1,2.77,1.92,2.06,0.0,27,39.58,45,44.21,65,7,https://www1.mbrace.or.jp/od2/B/202609/b260929.lzh,2026-09-29T18:14:32.628069+09:00
20260929,19,下関,2,20260929-19-02,6,4349,犬童千秋,41,福岡,49.0,B1,4.3,24.1,3.67,16.67,62,42.05,53,33.7,2 4661426,8,https://www1.mbrace.or.jp/od2/B/202609/b260929.lzh,2026-09-29T18:14:32.628069+09:00
20260929,19,下関,3,20260929-19-03,1,4750,井上尚悟,39,大阪,51.0,B1,5.13,32.65,3.91,21.74,44,29.17,30,27.47,44512 3 26,7,https://www1.mbrace.or.jp/od2/B/202609/b260929.lzh,2026-09-29T18:14:32.628069+09:00
20260929,19,下関,3,20260929-19-03,2,4401,小林泰,41,東京,53.0,A2,5.77,39.6,6.2,60.0,41,24.44,19,32.22,2 63244 16,10,https://www1.mbrace.or.jp/od2/B/202609/b260929.lzh,2026-09-29T18:14:32.628069+09:00
20260929,19,下関,3,20260929-19-03,3,4891,寺島美里,36,東京,47.0,B1,5.05,30.59,5.63,25.0,73,25.53,51,45.45,55234 331,8,https://www1.mbrace.or.jp/od2/B/202609/b260929.lzh,2026-09-29T18:14:32.628069+09:00
20260929,19,下関,3,20260929-19-03,4,4180,上野秀和,43,福岡,56.0,A2,5.33,32.56,4.86,31.82,66,25.56,71,35.16,43436 4 41,9,https://www1.mbrace.or.jp/od2/B/202609/b260929.lzh,2026-09-29T18:14:32.628069+09:00
20260929,19,下関,3,20260929-19-03,5,3284,渡邊伸太,58,佐賀,54.0,B1,5.71,38.2,5.81,46.15,31,39.58,13,28.26,333 423 23,10,https://www1.mbrace.or.jp/od2/B/202609/b260929.lzh,2026-09-29T18:14:32.628069+09:00
20260929,19,下関,3,20260929-19-03,6,5060,数原魁,29,兵庫,51.0,A2,5.96,40.87,4.36,16.0,61,28.26,25,43.96,36252 641,7,https://www1.mbrace.or.jp/od2/B/202609/b260929.lzh,2026-09-29T18:14:32.628069+09:00
20260929,19,下関,4,20260929-19-04,1,3692,竹腰正樹,55,福井,53.0,B1,5.2,32.52,5.14,21.43,14,38.2,11,32.97,332 321 35,10,https://www1.mbrace.or.jp/od2/B/202609/b260929.lzh,2026-09-29T18:14:32.628069+09:00
20260929,19,下関,4,20260929-19-04,2,4769,馬場剛,34,東京,50.0,A1,6.75,50.45,5.55,40.0,22,22.83,67,38.04,3543432 25,11,https://www1.mbrace.or.jp/od2/B/202609/b260929.lzh,2026-09-29T18:14:32.628069+09:00
20260929,19,下関,4,20260929-19-04,3,3681,山谷央,53,東京,51.0,B1,4.89,28.95,0.0,0.0,36,30.49,57,34.78,4 561 5254,,https://www1.mbrace.or.jp/od2/B/202609/b260929.lzh,2026-09-29T18:14:32.628069+09:00
20260929,19,下関,4,20260929-19-04,4,4843,深尾巴恵,33,静岡,46.0,B1,3.61,14.93,3.68,16.13,35,26.09,63,35.23,635 31556,,https://www1.mbrace.or.jp/od2/B/202609/b260929.lzh,2026-09-29T18:14:32.628069+09:00
20260929,19,下関,4,20260929-19-04,5,3963,原田秀弥,47,大阪,53.0,A2,5.82,38.02,5.32,36.84,45,23.6,60,39.56,225 323443,11,https://www1.mbrace.or.jp/od2/B/202609/b260929.lzh,2026-09-29T18:14:32.628069+09:00
20260929,19,下関,4,20260929-19-04,6,3757,畑和宏,54,広島,53.0,A2,5.5,40.22,5.35,35.0,23,22.78,50,31.46,4 34263 23,9,https://www1.mbrace.or.jp/od2/B/202609/b260929.lzh,2026-09-29T18:14:32.628069+09:00
20260929,19,下関,5,20260929-19-05,1,5081,篠原飛翔,27,福岡,52.0,A2,5.67,40.35,5.27,26.67,58,30.77,29,22.22,1 4644422,9,https://www1.mbrace.or.jp/od2/B/202609/b260929.lzh,2026-09-29T18:14:32.628069+09:00
20260929,19,下関,5,20260929-19-05,2,3859,多羅尾達,53,東京,52.0,B1,3.99,21.74,5.22,33.33,52,38.82,48,23.08,264 654 4,9,https://www1.mbrace.or.jp/od2/B/202609/b260929.lzh,2026-09-29T18:14:32.628069+09:00
20260929,19,下関,5,20260929-19-05,3,3710,吉永泰弘,52,香川,55.0,B1,4.6,22.43,5.38,23.08,42,34.44,54,33.7,662 5 3535,,https://www1.mbrace.or.jp/od2/B/202609/b260929.lzh,2026-09-29T18:14:32.628069+09:00
20260929,19,下関,5,20260929-19-05,4,4376,藤田靖弘,42,静岡,52.0,A2,5.73,42.19,5.56,33.33,11,35.23,72,23.86,2 24561 43,10,https://www1.mbrace.or.jp/od2/B/202609/b260929.lzh,2026-09-29T18:14:32.628069+09:00
20260929,19,下関,5,20260929-19-05,5,4567,上村慎太,38,山口,49.0,B1,4.28,16.28,4.14,18.09,40,41.86,65,42.22,642 165 32,,https://www1.mbrace.or.jp/od2/B/202609/b260929.lzh,2026-09-29T18:14:32.628069+09:00
20260929,19,下関,5,20260929-19-05,6,5435,中西月輝,21,広島,51.0,B2,1.44,0.0,1.0,0.0,17,52.81,12,23.86,6 666 6F6,,https://www1.mbrace.or.jp/od2/B/202609/b260929.lzh,2026-09-29T18:14:32.628069+09:00
20260929,19,下関,6,20260929-19-06,1,4551,三川昂暁,37,福岡,54.0,A2,5.78,40.48,6.22,51.35,47,36.36,61,32.22,1 45165344,10,https://www1.mbrace.or.jp/od2/B/202609/b260929.lzh,2026-09-29T18:14:32.628069+09:00
20260929,19,下関,6,20260929-19-06,2,4461,安田吉宏,40,三重,58.0,B1,4.56,22.77,5.22,44.44,29,28.42,34,35.56,151 552 36,11,https://www1.mbrace.or.jp/od2/B/202609/b260929.lzh,2026-09-29T18:14:32.628069+09:00
20260929,19,下関,6,20260929-19-06,3,3920,正木聖賢,51,広島,53.0,B1,4.71,29.41,5.35,22.58,68,28.87,58,46.67,55542 454,,https://www1.mbrace.or.jp/od2/B/202609/b260929.lzh,2026-09-29T18:14:32.628069+09:00
20260929,19,下関,6,20260929-19-06,4,4566,塩田北斗,38,福岡,54.0,A1,6.75,43.14,8.38,75.0,71,39.76,28,42.86,411 114164,11,https://www1.mbrace.or.jp/od2/B/202609/b260929.lzh,2026-09-29T18:14:32.628069+09:00
20260929,19,下関,6,20260929-19-06,5,3620,信濃由行,52,福井,54.0,B1,3.21,7.41,5.03,33.33,34,26.32,47,28.89,6 556 665,1,https://www1.mbrace.or.jp/od2/B/202609/b260929.lzh,2026-09-29T18:14:32.628069+09:00
20260929,19,下関,6,20260929-19-06,6,3746,岡瀬正人,51,岡山,54.0,A2,5.75,36.0,5.06,32.26,46,44.68,49,40.45,226 336 24,2,https://www1.mbrace.or.jp/od2/B/202609/b260929.lzh,2026-09-29T18:14:32.628069+09:00
20260929,19,下関,7,20260929-19-07,1,4142,平野和明,45,愛知,54.0,A2,5.67,33.61,0.0,0.0,56,38.89,18,22.58,462 353 35,1,https://www1.mbrace.or.jp/od2/B/202609/b260929.lzh,2026-09-29T18:14:32.628069+09:00
20260929,19,下関,7,20260929-19-07,2,5060,数原魁,29,兵庫,51.0,A2,5.96,40.87,4.36,16.0,61,28.26,25,43.96,36252 641,3,https://www1.mbrace.or.jp/od2/B/202609/b260929.lzh,2026-09-29T18:14:32.628069+09:00
20260929,19,下関,7,20260929-19-07,3,4837,酒井陽祐,37,愛知,51.0,B1,5.04,33.0,4.94,37.5,69,44.19,39,27.27,1 4665165,,https://www1.mbrace.or.jp/od2/B/202609/b260929.lzh,2026-09-29T18:14:32.628069+09:00
20260929,19,下関,7,20260929-19-07,4,5375,庄島潤成,22,山口,54.0,B1,2.77,1.92,2.06,0.0,27,39.58,45,44.21,65,2,https://www1.mbrace.or.jp/od2/B/202609/b260929.lzh,2026-09-29T18:14:32.628069+09:00
20260929,19,下関,7,20260929-19-07,5,4415,下出卓矢,39,福井,55.0,A1,5.9,44.85,7.61,57.14,26,15.85,35,33.7,461 354134,11,https://www1.mbrace.or.jp/od2/B/202609/b260929.lzh,2026-09-29T18:14:32.628069+09:00
20260929,19,下関,7,20260929-19-07,6,4750,井上尚悟,39,大阪,51.0,B1,5.13,32.65,3.91,21.74,44,29.17,30,27.47,44512 3 26,3,https://www1.mbrace.or.jp/od2/B/202609/b260929.lzh,2026-09-29T18:14:32.628069+09:00
20260929,19,下関,8,20260929-19-08,1,4349,犬童千秋,41,福岡,49.0,B1,4.3,24.1,3.67,16.67,62,42.05,53,33.7,2 4661426,2,https://www1.mbrace.or.jp/od2/B/202609/b260929.lzh,2026-09-29T18:14:32.628069+09:00
20260929,19,下関,8,20260929-19-08,2,4891,寺島美里,36,東京,47.0,B1,5.05,30.59,5.63,25.0,73,25.53,51,45.45,55234 331,3,https://www1.mbrace.or.jp/od2/B/202609/b260929.lzh,2026-09-29T18:14:32.628069+09:00
20260929,19,下関,8,20260929-19-08,3,3932,池田浩美,50,静岡,52.0,B1,5.2,39.51,4.4,20.0,32,26.8,27,31.82,1 3553545,,https://www1.mbrace.or.jp/od2/B/202609/b260929.lzh,2026-09-29T18:14:32.628069+09:00
20260929,19,下関,8,20260929-19-08,4,5078,山川波乙,28,三重,47.0,B1,4.46,22.22,4.33,20.0,25,29.7,56,47.25,546 64616,,https://www1.mbrace.or.jp/od2/B/202609/b260929.lzh,2026-09-29T18:14:32.628069+09:00
20260929,19,下関,8,20260929-19-08,5,5373,諏訪玲奈,23,岡山,46.0,B2,3.01,5.06,2.17,0.0,19,30.0,20,24.14,3 345 665,2,https://www1.mbrace.or.jp/od2/B/202609/b260929.lzh,2026-09-29T18:14:32.628069+09:00
20260929,19,下関,8,20260929-19-08,6,5370,日隈茜,24,福岡,47.0,B2,1.43,3.28,1.07,0.0,53,28.09,62,29.21,6 655 636,1,https://www1.mbrace.or.jp/od2/B/202609/b260929.lzh,2026-09-29T18:14:32.628069+09:00
20260929,19,下関,9,20260929-19-09,1,4180,上野秀和,43,福岡,56.0,A2,5.33,32.56,4.86,31.82,66,25.56,71,35.16,43436 4 41,3,https://www1.mbrace.or.jp/od2/B/202609/b260929.lzh,2026-09-29T18:14:32.628069+09:00
20260929,19,下関,9,20260929-19-09,2,4527,高野心吾,38,愛知,52.0,B1,4.55,27.47,4.96,25.0,57,42.35,43,39.77,1 63532 41,1,https://www1.mbrace.or.jp/od2/B/202609/b260929.lzh,2026-09-29T18:14:32.628069+09:00
20260929,19,下関,9,20260929-19-09,3,3757,畑和宏,54,広島,53.0,A2,5.5,40.22,5.35,35.0,23,22.78,50,31.46,4 34263 23,4,https://www1.mbrace.or.jp/od2/B/202609/b260929.lzh,2026-09-29T18:14:32.628069+09:00
20260929,19,下関,9,20260929-19-09,4,3859,多羅尾達,53,東京,52.0,B1,3.99,21.74,5.22,33.33,52,38.82,48,23.08,264 654 4,5,https://www1.mbrace.or.jp/od2/B/202609/b260929.lzh,2026-09-29T18:14:32.628069+09:00
20260929,19,下関,9,20260929-19-09,5,5076,石原光,30,静岡,55.0,B1,5.04,33.33,4.79,21.21,20,27.06,36,31.46,55323 232,1,https://www1.mbrace.or.jp/od2/B/202609/b260929.lzh,2026-09-29T18:14:32.628069+09:00
20260929,19,下関,9,20260929-19-09,6,5081,篠原飛翔,27,福岡,52.0,A2,5.67,40.35,5.27,26.67,58,30.77,29,22.22,1 4644422,5,https://www1.mbrace.or.jp/od2/B/202609/b260929.lzh,2026-09-29T18:14:32.628069+09:00
20260929,19,下関,10,20260929-19-10,1,3284,渡邊伸太,58,佐賀,54.0,B1,5.71,38.2,5.81,46.15,31,39.58,13,28.26,333 423 23,3,https://www1.mbrace.or.jp/od2/B/202609/b260929.lzh,2026-09-29T18:14:32.628069+09:00
20260929,19,下関,10,20260929-19-10,2,4376,藤田靖弘,42,静岡,52.0,A2,5.73,42.19,5.56,33.33,11,35.23,72,23.86,2 24561 43,5,https://www1.mbrace.or.jp/od2/B/202609/b260929.lzh,2026-09-29T18:14:32.628069+09:00
20260929,19,下関,10,20260929-19-10,3,4551,三川昂暁,37,福岡,54.0,A2,5.78,40.48,6.22,51.35,47,36.36,61,32.22,1 45165344,6,https://www1.mbrace.or.jp/od2/B/202609/b260929.lzh,2026-09-29T18:14:32.628069+09:00
20260929,19,下関,10,20260929-19-10,4,3692,竹腰正樹,55,福井,53.0,B1,5.2,32.52,5.14,21.43,14,38.2,11,32.97,332 321 35,4,https://www1.mbrace.or.jp/od2/B/202609/b260929.lzh,2026-09-29T18:14:32.628069+09:00
20260929,19,下関,10,20260929-19-10,5,4396,大田直弥,40,山口,54.0,B1,4.68,23.36,5.38,33.63,21,38.37,44,27.59,152 264656,1,https://www1.mbrace.or.jp/od2/B/202609/b260929.lzh,2026-09-29T18:14:32.628069+09:00
20260929,19,下関,10,20260929-19-10,6,4401,小林泰,41,東京,53.0,A2,5.77,39.6,6.2,60.0,41,24.44,19,32.22,2 63244 16,3,https://www1.mbrace.or.jp/od2/B/202609/b260929.lzh,2026-09-29T18:14:32.628069+09:00
20260929,19,下関,11,20260929-19-11,1,3963,原田秀弥,47,大阪,53.0,A2,5.82,38.02,5.32,36.84,45,23.6,60,39.56,225 323443,4,https://www1.mbrace.or.jp/od2/B/202609/b260929.lzh,2026-09-29T18:14:32.628069+09:00
20260929,19,下関,11,20260929-19-11,2,4566,塩田北斗,38,福岡,54.0,A1,6.75,43.14,8.38,75.0,71,39.76,28,42.86,411 114164,6,https://www1.mbrace.or.jp/od2/B/202609/b260929.lzh,2026-09-29T18:14:32.628069+09:00
20260929,19,下関,11,20260929-19-11,3,4415,下出卓矢,39,福井,55.0,A1,5.9,44.85,7.61,57.14,26,15.85,35,33.7,461 354134,7,https://www1.mbrace.or.jp/od2/B/202609/b260929.lzh,2026-09-29T18:14:32.628069+09:00
20260929,19,下関,11,20260929-19-11,4,3848,川上聡介,49,愛知,57.0,B1,4.33,23.33,0.0,0.0,18,52.27,14,29.55,142 245 25,2,https://www1.mbrace.or.jp/od2/B/202609/b260929.lzh,2026-09-29T18:14:32.628069+09:00
20260929,19,下関,11,20260929-19-11,5,4769,馬場剛,34,東京,50.0,A1,6.75,50.45,5.55,40.0,22,22.83,67,38.04,3543432 25,4,https://www1.mbrace.or.jp/od2/B/202609/b260929.lzh,2026-09-29T18:14:32.628069+09:00
20260929,19,下関,11,20260929-19-11,6,4461,安田吉宏,40,三重,58.0,B1,4.56,22.77,5.22,44.44,29,28.42,34,35.56,151 552 36,6,https://www1.mbrace.or.jp/od2/B/202609/b260929.lzh,2026-09-29T18:14:32.628069+09:00
20260929,19,下関,12,20260929-19-12,1,4290,稲田浩二,41,兵庫,52.0,A1,6.68,44.96,4.78,22.22,59,37.93,16,22.47,53111 1231,,https://www1.mbrace.or.jp/od2/B/202609/b260929.lzh,2026-09-29T18:14:32.628069+09:00
20260929,19,下関,12,20260929-19-12,2,4949,横田貴満,33,佐賀,49.0,A2,5.98,40.43,6.23,43.4,12,49.44,41,41.57,23141 1111,,https://www1.mbrace.or.jp/od2/B/202609/b260929.lzh,2026-09-29T18:14:32.628069+09:00
20260929,19,下関,12,20260929-19-12,3,4051,清水敦揮,45,岡山,55.0,A2,6.58,46.48,6.27,33.87,39,39.56,52,24.18,24114 1161,,https://www1.mbrace.or.jp/od2/B/202609/b260929.lzh,2026-09-29T18:14:32.628069+09:00
20260929,19,下関,12,20260929-19-12,4,3876,中辻崇人,49,福岡,52.0,A1,6.82,52.56,7.76,72.0,67,45.56,66,25.88,12521 1312,,https://www1.mbrace.or.jp/od2/B/202609/b260929.lzh,2026-09-29T18:14:32.628069+09:00
20260929,19,下関,12,20260929-19-12,5,3852,澤大介,54,三重,51.0,B1,4.71,23.81,0.0,0.0,63,38.2,24,30.77,2 11425212,,https://www1.mbrace.or.jp/od2/B/202609/b260929.lzh,2026-09-29T18:14:32.628069+09:00
20260929,19,下関,12,20260929-19-12,6,4043,桐本康臣,47,三重,55.0,A2,5.78,39.2,5.52,37.93,30,39.77,40,35.96,1 62242 32,,https://www1.mbrace.or.jp/od2/B/202609/b260929.lzh,2026-09-29T18:14:32.628069+09:00
20260929,16,児島,1,20260929-16-01,1,4713,白神優,36,岡山,53.0,A1,6.14,38.14,6.87,50.56,33,24.88,74,34.85,6,9,https://www1.mbrace.or.jp/od2/B/202609/b260929.lzh,2026-09-29T18:14:32.628069+09:00
20260929,16,児島,1,20260929-16-01,2,4497,桑原悠,39,長崎,54.0,A1,7.47,57.14,8.0,80.0,31,32.73,33,38.66,4,11,https://www1.mbrace.or.jp/od2/B/202609/b260929.lzh,2026-09-29T18:14:32.628069+09:00
20260929,16,児島,1,20260929-16-01,3,4398,船岡洋一,39,広島,53.0,A1,6.44,47.76,5.87,46.15,14,28.11,45,36.63,6,8,https://www1.mbrace.or.jp/od2/B/202609/b260929.lzh,2026-09-29T18:14:32.628069+09:00
20260929,16,児島,1,20260929-16-01,4,3822,平尾崇典,53,岡山,50.0,A1,6.45,48.67,6.76,51.18,65,34.58,31,35.03,5,10,https://www1.mbrace.or.jp/od2/B/202609/b260929.lzh,2026-09-29T18:14:32.628069+09:00
20260929,16,児島,1,20260929-16-01,5,4686,丸野一樹,35,滋賀,54.0,A1,7.91,53.91,7.09,45.45,63,31.7,61,31.68,6,7,https://www1.mbrace.or.jp/od2/B/202609/b260929.lzh,2026-09-29T18:14:32.628069+09:00
20260929,16,児島,1,20260929-16-01,6,3908,重成一人,48,香川,57.0,A1,5.96,40.0,7.1,58.33,15,28.57,54,36.79,54,,https://www1.mbrace.or.jp/od2/B/202609/b260929.lzh,2026-09-29T18:14:32.628069+09:00
20260929,16,児島,2,20260929-16-02,1,4584,村岡賢人,36,岡山,53.0,A1,6.73,47.0,6.95,53.42,19,41.67,41,30.85,2,7,https://www1.mbrace.or.jp/od2/B/202609/b260929.lzh,2026-09-29T18:14:32.628069+09:00
20260929,16,児島,2,20260929-16-02,2,4907,小池修平,31,大阪,53.0,A1,7.24,57.14,8.6,85.0,68,34.23,32,30.96,2,9,https://www1.mbrace.or.jp/od2/B/202609/b260929.lzh,2026-09-29T18:14:32.628069+09:00
20260929,16,児島,2,20260929-16-02,3,4528,黒井達矢,38,埼玉,53.0,A1,6.52,42.27,6.0,33.33,52,27.93,42,34.01,4,10,https://www1.mbrace.or.jp/od2/B/202609/b260929.lzh,2026-09-29T18:14:32.628069+09:00
20260929,16,児島,2,20260929-16-02,4,4928,栗城匠,31,東京,52.0,A1,6.65,49.57,6.73,53.66,41,34.11,26,35.18,1,11,https://www1.mbrace.or.jp/od2/B/202609/b260929.lzh,2026-09-29T18:14:32.628069+09:00
20260929,16,児島,2,20260929-16-02,5,4772,石丸海渡,33,香川,55.0,A1,6.71,50.88,6.29,50.0,34,31.63,36,36.41,6,,https://www1.mbrace.or.jp/od2/B/202609/b260929.lzh,2026-09-29T18:14:32.628069+09:00
20260929,16,児島,2,20260929-16-02,6,4166,吉田拡郎,44,岡山,54.0,A1,7.55,56.3,7.58,65.47,21,37.79,22,32.0,1,8,https://www1.mbrace.or.jp/od2/B/202609/b260929.lzh,2026-09-29T18:14:32.628069+09:00
20260929,16,児島,3,20260929-16-03,1,4677,片橋幸貴,38,滋賀,53.0,A1,5.99,43.55,5.92,44.74,36,35.29,27,32.14,5,10,https://www1.mbrace.or.jp/od2/B/202609/b260929.lzh,2026-09-29T18:14:32.628069+09:00
20260929,16,児島,3,20260929-16-03,2,4776,竹田和哉,32,香川,53.0,A1,7.28,53.24,7.29,57.14,56,36.36,52,31.68,6,8,https://www1.mbrace.or.jp/od2/B/202609/b260929.lzh,2026-09-29T18:14:32.628069+09:00
20260929,16,児島,3,20260929-16-03,3,4537,渡邉和将,36,岡山,50.0,A1,6.94,47.55,6.66,43.93,62,39.25,20,30.3,1,11,https://www1.mbrace.or.jp/od2/B/202609/b260929.lzh,2026-09-29T18:14:32.628069+09:00
20260929,16,児島,3,20260929-16-03,4,4361,柳生泰二,41,山口,52.0,A1,7.27,55.28,6.63,42.11,59,27.98,15,40.51,16,,https://www1.mbrace.or.jp/od2/B/202609/b260929.lzh,2026-09-29T18:14:32.628069+09:00
20260929,16,児島,3,20260929-16-03,5,4352,下條雄太,40,長崎,52.0,A1,7.6,55.29,6.72,48.28,22,36.15,58,38.46,4,,https://www1.mbrace.or.jp/od2/B/202609/b260929.lzh,2026-09-29T18:14:32.628069+09:00
20260929,16,児島,3,20260929-16-03,6,4444,桐生順平,39,埼玉,51.0,A1,7.39,41.41,7.35,62.16,20,47.27,56,32.99,3,9,https://www1.mbrace.or.jp/od2/B/202609/b260929.lzh,2026-09-29T18:14:32.628069+09:00
20260929,16,児島,4,20260929-16-04,1,4980,佐々木完,30,山口,50.0,A1,6.97,50.82,6.8,46.43,11,29.82,69,30.96,14,,https://www1.mbrace.or.jp/od2/B/202609/b260929.lzh,2026-09-29T18:14:32.628069+09:00
20260929,16,児島,4,20260929-16-04,2,4812,西野雄貴,36,徳島,50.0,A1,7.79,67.37,0.0,0.0,35,43.72,59,32.83,25,,https://www1.mbrace.or.jp/od2/B/202609/b260929.lzh,2026-09-29T18:14:32.628069+09:00
20260929,16,児島,4,20260929-16-04,3,4659,木下翔太,35,大阪,55.0,A1,7.61,57.34,7.21,55.17,29,29.9,51,30.2,3,11,https://www1.mbrace.or.jp/od2/B/202609/b260929.lzh,2026-09-29T18:14:32.628069+09:00
20260929,16,児島,4,20260929-16-04,4,3783,瓜生正義,50,福岡,54.0,A1,6.77,39.01,0.0,0.0,42,31.48,64,38.74,5,10,https://www1.mbrace.or.jp/od2/B/202609/b260929.lzh,2026-09-29T18:14:32.628069+09:00
20260929,16,児島,4,20260929-16-04,5,4762,藤原啓史,36,岡山,50.0,A1,7.36,56.06,7.52,58.18,58,33.82,49,46.63,1,9,https://www1.mbrace.or.jp/od2/B/202609/b260929.lzh,2026-09-29T18:14:32.628069+09:00
20260929,16,児島,4,20260929-16-04,6,4074,柳沢一,45,愛知,51.0,A1,6.5,45.86,6.7,41.67,17,38.64,44,32.66,3,,https://www1.mbrace.or.jp/od2/B/202609/b260929.lzh,2026-09-29T18:14:32.628069+09:00
20260929,16,児島,5,20260929-16-05,1,4482,守屋美穂,37,岡山,46.0,A1,6.09,39.18,7.17,58.33,53,33.49,60,30.43,5,,https://www1.mbrace.or.jp/od2/B/202609/b260929.lzh,2026-09-29T18:14:32.628069+09:00
20260929,16,児島,5,20260929-16-05,2,3984,坂口周,48,三重,54.0,A1,6.03,36.99,0.0,0.0,37,34.11,23,33.33,45,,https://www1.mbrace.or.jp/od2/B/202609/b260929.lzh,2026-09-29T18:14:32.628069+09:00
20260929,16,児島,5,20260929-16-05,3,4960,黒野元基,30,愛知,52.0,A1,7.19,55.07,6.41,44.12,39,38.07,73,34.34,42,,https://www1.mbrace.or.jp/od2/B/202609/b260929.lzh,2026-09-29T18:14:32.628069+09:00
20260929,16,児島,5,20260929-16-05,4,4445,宮地元輝,39,佐賀,55.0,A1,7.11,46.23,6.56,40.74,18,31.16,43,38.19,4,11,https://www1.mbrace.or.jp/od2/B/202609/b260929.lzh,2026-09-29T18:14:32.628069+09:00
20260929,16,児島,5,20260929-16-05,5,4581,吉村誠,37,静岡,52.0,A1,6.52,48.76,6.44,51.22,26,29.68,71,42.79,5,,https://www1.mbrace.or.jp/od2/B/202609/b260929.lzh,2026-09-29T18:14:32.628069+09:00
20260929,16,児島,5,20260929-16-05,6,4397,西村拓也,39,大阪,52.0,A1,7.39,60.0,7.42,64.52,69,35.65,75,32.63,2,10,https://www1.mbrace.or.jp/od2/B/202609/b260929.lzh,2026-09-29T18:14:32.628069+09:00
20260929,16,児島,6,20260929-16-06,1,4590,渡邉優美,34,福岡,49.0,A1,6.51,42.28,7.4,60.0,16,36.12,70,31.28,3,,https://www1.mbrace.or.jp/od2/B/202609/b260929.lzh,2026-09-29T18:14:32.628069+09:00
20260929,16,児島,6,20260929-16-06,2,4370,山口達也,39,岡山,52.0,A1,6.81,56.25,6.62,53.02,30,37.67,47,30.41,14,,https://www1.mbrace.or.jp/od2/B/202609/b260929.lzh,2026-09-29T18:14:32.628069+09:00
20260929,16,児島,6,20260929-16-06,3,4787,椎名豊,38,群馬,53.0,A1,7.65,65.67,6.56,44.44,50,39.82,50,36.98,61,,https://www1.mbrace.or.jp/od2/B/202609/b260929.lzh,2026-09-29T18:14:32.628069+09:00
20260929,16,児島,6,20260929-16-06,4,4959,井上忠政,30,大阪,53.0,A1,7.52,57.03,7.73,66.67,57,32.73,18,34.83,34,,https://www1.mbrace.or.jp/od2/B/202609/b260929.lzh,2026-09-29T18:14:32.628069+09:00
20260929,16,児島,6,20260929-16-06,5,4704,河野大,38,徳島,52.0,A1,6.33,44.59,6.03,43.55,60,43.87,48,33.66,4,,https://www1.mbrace.or.jp/od2/B/202609/b260929.lzh,2026-09-29T18:14:32.628069+09:00
20260929,16,児島,6,20260929-16-06,6,3941,池田浩二,48,愛知,53.0,A1,7.68,47.24,8.61,78.57,25,27.65,65,35.23,2,11,https://www1.mbrace.or.jp/od2/B/202609/b260929.lzh,2026-09-29T18:14:32.628069+09:00
20260929,16,児島,7,20260929-16-07,1,5051,松本純平,31,埼玉,56.0,A1,6.42,43.2,6.7,50.0,61,35.62,19,37.88,6,,https://www1.mbrace.or.jp/od2/B/202609/b260929.lzh,2026-09-29T18:14:32.628069+09:00
20260929,16,児島,7,20260929-16-07,2,4686,丸野一樹,35,滋賀,54.0,A1,7.91,53.91,7.09,45.45,63,31.7,61,31.68,6,1,https://www1.mbrace.or.jp/od2/B/202609/b260929.lzh,2026-09-29T18:14:32.628069+09:00
20260929,16,児島,7,20260929-16-07,3,4831,羽野直也,31,福岡,57.0,A1,7.17,54.21,7.13,37.5,38,35.71,34,39.18,22,,https://www1.mbrace.or.jp/od2/B/202609/b260929.lzh,2026-09-29T18:14:32.628069+09:00
20260929,16,児島,7,20260929-16-07,4,3744,徳増秀樹,51,静岡,54.0,A1,6.03,43.26,6.69,48.28,49,37.21,30,34.18,1,,https://www1.mbrace.or.jp/od2/B/202609/b260929.lzh,2026-09-29T18:14:32.628069+09:00
20260929,16,児島,7,20260929-16-07,5,4584,村岡賢人,36,岡山,53.0,A1,6.73,47.0,6.95,53.42,19,41.67,41,30.85,2,2,https://www1.mbrace.or.jp/od2/B/202609/b260929.lzh,2026-09-29T18:14:32.628069+09:00
20260929,16,児島,7,20260929-16-07,6,3779,原田幸哉,50,長崎,52.0,A1,6.5,37.61,6.8,60.0,66,34.55,66,33.67,5,,https://www1.mbrace.or.jp/od2/B/202609/b260929.lzh,2026-09-29T18:14:32.628069+09:00
20260929,16,児島,8,20260929-16-08,1,4398,船岡洋一,39,広島,53.0,A1,6.44,47.76,5.87,46.15,14,28.11,45,36.63,6,1,https://www1.mbrace.or.jp/od2/B/202609/b260929.lzh,2026-09-29T18:14:32.628069+09:00
20260929,16,児島,8,20260929-16-08,2,4166,吉田拡郎,44,岡山,54.0,A1,7.55,56.3,7.58,65.47,21,37.79,22,32.0,1,2,https://www1.mbrace.or.jp/od2/B/202609/b260929.lzh,2026-09-29T18:14:32.628069+09:00
20260929,16,児島,8,20260929-16-08,3,4776,竹田和哉,32,香川,53.0,A1,7.28,53.24,7.29,57.14,56,36.36,52,31.68,6,3,https://www1.mbrace.or.jp/od2/B/202609/b260929.lzh,2026-09-29T18:14:32.628069+09:00
20260929,16,児島,8,20260929-16-08,4,4502,遠藤エミ,38,滋賀,46.0,A1,7.4,53.44,8.1,65.0,67,30.91,39,37.81,63,,https://www1.mbrace.or.jp/od2/B/202609/b260929.lzh,2026-09-29T18:14:32.628069+09:00
20260929,16,児島,8,20260929-16-08,5,4468,大池佑来,39,東京,51.0,A1,6.94,53.39,7.39,61.11,13,36.57,68,39.49,6,,https://www1.mbrace.or.jp/od2/B/202609/b260929.lzh,2026-09-29T18:14:32.628069+09:00
20260929,16,児島,8,20260929-16-08,6,4586,磯部誠,36,愛知,55.0,A1,7.67,53.79,0.0,0.0,55,47.93,17,37.69,32,,https://www1.mbrace.or.jp/od2/B/202609/b260929.lzh,2026-09-29T18:14:32.628069+09:00
20260929,16,児島,9,20260929-16-09,1,4324,海野康志,38,山口,60.0,A1,7.1,55.24,7.67,66.67,12,40.57,40,32.31,33,,https://www1.mbrace.or.jp/od2/B/202609/b260929.lzh,2026-09-29T18:14:32.628069+09:00
20260929,16,児島,9,20260929-16-09,2,4444,桐生順平,39,埼玉,51.0,A1,7.39,41.41,7.35,62.16,20,47.27,56,32.99,3,3,https://www1.mbrace.or.jp/od2/B/202609/b260929.lzh,2026-09-29T18:14:32.628069+09:00
20260929,16,児島,9,20260929-16-09,3,4713,白神優,36,岡山,53.0,A1,6.14,38.14,6.87,50.56,33,24.88,74,34.85,6,1,https://www1.mbrace.or.jp/od2/B/202609/b260929.lzh,2026-09-29T18:14:32.628069+09:00
20260929,16,児島,9,20260929-16-09,4,4266,長田頼宗,41,東京,54.0,A1,7.47,54.17,4.88,25.0,24,33.03,63,34.59,1,,https://www1.mbrace.or.jp/od2/B/202609/b260929.lzh,2026-09-29T18:14:32.628069+09:00
20260929,16,児島,9,20260929-16-09,5,4907,小池修平,31,大阪,53.0,A1,7.24,57.14,8.6,85.0,68,34.23,32,30.96,2,2,https://www1.mbrace.or.jp/od2/B/202609/b260929.lzh,2026-09-29T18:14:32.628069+09:00
20260929,16,児島,9,20260929-16-09,6,4762,藤原啓史,36,岡山,50.0,A1,7.36,56.06,7.52,58.18,58,33.82,49,46.63,1,4,https://www1.mbrace.or.jp/od2/B/202609/b260929.lzh,2026-09-29T18:14:32.628069+09:00
20260929,16,児島,10,20260929-16-10,1,3783,瓜生正義,50,福岡,54.0,A1,6.77,39.01,0.0,0.0,42,31.48,64,38.74,5,4,https://www1.mbrace.or.jp/od2/B/202609/b260929.lzh,2026-09-29T18:14:32.628069+09:00
20260929,16,児島,10,20260929-16-10,2,3822,平尾崇典,53,岡山,50.0,A1,6.45,48.67,6.76,51.18,65,34.58,31,35.03,5,1,https://www1.mbrace.or.jp/od2/B/202609/b260929.lzh,2026-09-29T18:14:32.628069+09:00
20260929,16,児島,10,20260929-16-10,3,4503,上野真之,38,佐賀,52.0,A1,7.98,63.31,7.89,66.67,64,33.95,57,34.0,21,,https://www1.mbrace.or.jp/od2/B/202609/b260929.lzh,2026-09-29T18:14:32.628069+09:00
20260929,16,児島,10,20260929-16-10,4,4677,片橋幸貴,38,滋賀,53.0,A1,5.99,43.55,5.92,44.74,36,35.29,27,32.14,5,3,https://www1.mbrace.or.jp/od2/B/202609/b260929.lzh,2026-09-29T18:14:32.628069+09:00
20260929,16,児島,10,20260929-16-10,5,4397,西村拓也,39,大阪,52.0,A1,7.39,60.0,7.42,64.52,69,35.65,75,32.63,2,5,https://www1.mbrace.or.jp/od2/B/202609/b260929.lzh,2026-09-29T18:14:32.628069+09:00
20260929,16,児島,10,20260929-16-10,6,4528,黒井達矢,38,埼玉,53.0,A1,6.52,42.27,6.0,33.33,52,27.93,42,34.01,4,2,https://www1.mbrace.or.jp/od2/B/202609/b260929.lzh,2026-09-29T18:14:32.628069+09:00
20260929,16,児島,11,20260929-16-11,1,4445,宮地元輝,39,佐賀,55.0,A1,7.11,46.23,6.56,40.74,18,31.16,43,38.19,4,5,https://www1.mbrace.or.jp/od2/B/202609/b260929.lzh,2026-09-29T18:14:32.628069+09:00
20260929,16,児島,11,20260929-16-11,2,4537,渡邉和将,36,岡山,50.0,A1,6.94,47.55,6.66,43.93,62,39.25,20,30.3,1,3,https://www1.mbrace.or.jp/od2/B/202609/b260929.lzh,2026-09-29T18:14:32.628069+09:00
20260929,16,児島,11,20260929-16-11,3,3941,池田浩二,48,愛知,53.0,A1,7.68,47.24,8.61,78.57,25,27.65,65,35.23,2,6,https://www1.mbrace.or.jp/od2/B/202609/b260929.lzh,2026-09-29T18:14:32.628069+09:00
20260929,16,児島,11,20260929-16-11,4,4659,木下翔太,35,大阪,55.0,A1,7.61,57.34,7.21,55.17,29,29.9,51,30.2,3,4,https://www1.mbrace.or.jp/od2/B/202609/b260929.lzh,2026-09-29T18:14:32.628069+09:00
20260929,16,児島,11,20260929-16-11,5,4497,桑原悠,39,長崎,54.0,A1,7.47,57.14,8.0,80.0,31,32.73,33,38.66,4,1,https://www1.mbrace.or.jp/od2/B/202609/b260929.lzh,2026-09-29T18:14:32.628069+09:00
20260929,16,児島,11,20260929-16-11,6,4928,栗城匠,31,東京,52.0,A1,6.65,49.57,6.73,53.66,41,34.11,26,35.18,1,2,https://www1.mbrace.or.jp/od2/B/202609/b260929.lzh,2026-09-29T18:14:32.628069+09:00
20260929,16,児島,12,20260929-16-12,1,4320,峰竜太,41,佐賀,51.0,A1,8.71,62.11,8.11,55.56,44,40.0,25,32.84,31,,https://www1.mbrace.or.jp/od2/B/202609/b260929.lzh,2026-09-29T18:14:32.628069+09:00
20260929,16,児島,12,20260929-16-12,2,3415,松井繁,56,大阪,52.0,A1,6.93,43.9,7.64,50.0,27,35.27,62,34.17,35,,https://www1.mbrace.or.jp/od2/B/202609/b260929.lzh,2026-09-29T18:14:32.628069+09:00
20260929,16,児島,12,20260929-16-12,3,4371,西山貴浩,39,福岡,53.0,A1,7.16,44.35,6.44,33.33,45,27.78,29,30.85,62,,https://www1.mbrace.or.jp/od2/B/202609/b260929.lzh,2026-09-29T18:14:32.628069+09:00
20260929,16,児島,12,20260929-16-12,4,3960,菊地孝平,48,静岡,55.0,A1,6.7,39.84,6.79,47.37,54,30.29,38,42.93,55,,https://www1.mbrace.or.jp/od2/B/202609/b260929.lzh,2026-09-29T18:14:32.628069+09:00
20260929,16,児島,12,20260929-16-12,5,4205,山口剛,44,広島,53.0,A1,7.52,49.51,7.89,77.78,32,27.83,46,30.35,46,,https://www1.mbrace.or.jp/od2/B/202609/b260929.lzh,2026-09-29T18:14:32.628069+09:00
20260929,16,児島,12,20260929-16-12,6,4851,関浩哉,31,群馬,50.0,A1,7.58,48.33,6.78,55.56,23,34.27,14,35.2,23,,https://www1.mbrace.or.jp/od2/B/202609/b260929.lzh,2026-09-29T18:14:32.628069+09:00
20260929,15,丸亀,1,20260929-15-01,1,4186,小川時光,45,埼玉,56.0,B1,3.78,18.87,2.81,12.5,46,55.56,20,40.0,546 56,,https://www1.mbrace.or.jp/od2/B/202609/b260929.lzh,2026-09-29T18:14:32.628069+09:00
20260929,15,丸亀,1,20260929-15-01,2,3775,泉啓文,52,岡山,59.0,B1,3.85,20.75,5.19,38.46,24,0.0,33,26.67,3 363,9,https://www1.mbrace.or.jp/od2/B/202609/b260929.lzh,2026-09-29T18:14:32.628069+09:00
20260929,15,丸亀,1,20260929-15-01,3,5333,山下智己,22,兵庫,50.0,B2,3.68,16.44,1.6,0.0,45,37.5,31,52.5,5 565,7,https://www1.mbrace.or.jp/od2/B/202609/b260929.lzh,2026-09-29T18:14:32.628069+09:00
20260929,15,丸亀,1,20260929-15-01,4,5177,松井貫太,30,福岡,50.0,B1,4.49,20.83,3.22,0.0,35,25.0,48,44.44,4 245,5,https://www1.mbrace.or.jp/od2/B/202609/b260929.lzh,2026-09-29T18:14:32.628069+09:00
20260929,15,丸亀,1,20260929-15-01,5,5464,宮田栞,19,福岡,49.0,B2,1.25,0.0,0.0,0.0,36,22.22,28,25.0,6 664,8,https://www1.mbrace.or.jp/od2/B/202609/b260929.lzh,2026-09-29T18:14:32.628069+09:00
20260929,15,丸亀,1,20260929-15-01,6,4592,小林孝弘,45,山口,53.0,B1,4.56,21.43,4.83,27.78,62,0.0,13,14.29,6 554,10,https://www1.mbrace.or.jp/od2/B/202609/b260929.lzh,2026-09-29T18:14:32.628069+09:00
20260929,15,丸亀,2,20260929-15-02,1,4672,守屋大地,40,岡山,52.0,B1,4.41,27.62,4.37,21.05,38,66.67,62,37.21,6 1363,7,https://www1.mbrace.or.jp/od2/B/202609/b260929.lzh,2026-09-29T18:14:32.628069+09:00
20260929,15,丸亀,2,20260929-15-02,2,4193,郷原章平,45,福岡,52.0,A2,6.15,44.85,4.82,27.27,4,44.44,37,38.1,525 35,9,https://www1.mbrace.or.jp/od2/B/202609/b260929.lzh,2026-09-29T18:14:32.628069+09:00
20260929,15,丸亀,2,20260929-15-02,3,4515,藤田浩人,40,佐賀,54.0,A2,5.67,35.25,5.1,33.33,41,0.0,35,17.65,5 256,6,https://www1.mbrace.or.jp/od2/B/202609/b260929.lzh,2026-09-29T18:14:32.628069+09:00
20260929,15,丸亀,2,20260929-15-02,4,4281,大澤大夢,42,埼玉,53.0,B1,5.14,28.85,6.0,41.67,34,25.0,38,34.15,1 162,8,https://www1.mbrace.or.jp/od2/B/202609/b260929.lzh,2026-09-29T18:14:32.628069+09:00
20260929,15,丸亀,2,20260929-15-02,5,4514,上條嘉嗣,36,大阪,53.0,A1,6.41,53.15,6.98,57.5,65,0.0,14,42.86,331 11,11,https://www1.mbrace.or.jp/od2/B/202609/b260929.lzh,2026-09-29T18:14:32.628069+09:00
20260929,15,丸亀,2,20260929-15-02,6,5418,堀内亜海,20,大阪,58.0,B2,1.05,0.0,1.0,0.0,10,16.67,23,28.57,6 666,12,https://www1.mbrace.or.jp/od2/B/202609/b260929.lzh,2026-09-29T18:14:32.628069+09:00
20260929,15,丸亀,3,20260929-15-03,1,5262,鈴木章司,28,愛知,53.0,B1,4.07,18.31,3.14,7.14,57,0.0,40,28.95,3 342,10,https://www1.mbrace.or.jp/od2/B/202609/b260929.lzh,2026-09-29T18:14:32.628069+09:00
20260929,15,丸亀,3,20260929-15-03,2,3161,古場輝義,66,大阪,53.0,B1,4.91,26.25,4.75,21.43,32,0.0,41,43.18,2 3425,,https://www1.mbrace.or.jp/od2/B/202609/b260929.lzh,2026-09-29T18:14:32.628069+09:00
20260929,15,丸亀,3,20260929-15-03,3,5010,宇留田翔,29,三重,55.0,A2,5.68,39.32,6.0,0.0,26,0.0,56,37.21,4 2541,7,https://www1.mbrace.or.jp/od2/B/202609/b260929.lzh,2026-09-29T18:14:32.628069+09:00
20260929,15,丸亀,3,20260929-15-03,4,5231,寺田空詩,22,山口,46.0,B1,6.31,44.71,4.33,33.33,29,0.0,44,33.33,244 5,12,https://www1.mbrace.or.jp/od2/B/202609/b260929.lzh,2026-09-29T18:14:32.628069+09:00
20260929,15,丸亀,3,20260929-15-03,5,4549,小林文彦,38,福岡,52.0,A2,6.1,43.81,5.8,28.89,20,50.0,59,27.5,422 54,8,https://www1.mbrace.or.jp/od2/B/202609/b260929.lzh,2026-09-29T18:14:32.628069+09:00
20260929,15,丸亀,3,20260929-15-03,6,4095,福来剛,45,東京,51.0,A1,6.98,55.93,7.3,50.0,7,11.11,22,25.0,163 11,11,https://www1.mbrace.or.jp/od2/B/202609/b260929.lzh,2026-09-29T18:14:32.628069+09:00
20260929,15,丸亀,4,20260929-15-04,1,3977,山本兼士,49,大阪,53.0,B1,4.4,16.81,5.2,30.0,30,0.0,49,33.33,664 25,,https://www1.mbrace.or.jp/od2/B/202609/b260929.lzh,2026-09-29T18:14:32.628069+09:00
20260929,15,丸亀,4,20260929-15-04,2,4191,赤羽克也,45,埼玉,54.0,A1,6.59,50.0,5.41,37.5,61,0.0,58,35.29,4 1633,9,https://www1.mbrace.or.jp/od2/B/202609/b260929.lzh,2026-09-29T18:14:32.628069+09:00
20260929,15,丸亀,4,20260929-15-04,3,5207,高山敬悟,29,福岡,53.0,B1,5.19,35.23,4.78,38.89,39,40.0,60,24.14,431 46,,https://www1.mbrace.or.jp/od2/B/202609/b260929.lzh,2026-09-29T18:14:32.628069+09:00
20260929,15,丸亀,4,20260929-15-04,4,4534,坂咲友理,37,大阪,45.0,B1,4.29,23.19,3.09,9.09,2,50.0,64,23.08,214 4,12,https://www1.mbrace.or.jp/od2/B/202609/b260929.lzh,2026-09-29T18:14:32.628069+09:00
20260929,15,丸亀,4,20260929-15-04,5,4630,岩永雅人,39,愛知,53.0,A2,5.29,33.73,6.0,34.69,27,0.0,12,21.21,4 133,10,https://www1.mbrace.or.jp/od2/B/202609/b260929.lzh,2026-09-29T18:14:32.628069+09:00
20260929,15,丸亀,4,20260929-15-04,6,3484,芝田浩治,54,兵庫,53.0,A2,5.99,46.02,6.17,47.83,1,44.44,39,28.26,36511,11,https://www1.mbrace.or.jp/od2/B/202609/b260929.lzh,2026-09-29T18:14:32.628069+09:00
20260929,15,丸亀,5,20260929-15-05,1,5354,渡邊雄斗,21,三重,52.0,B1,4.49,24.49,0.0,0.0,58,0.0,51,32.56,252 32,,https://www1.mbrace.or.jp/od2/B/202609/b260929.lzh,2026-09-29T18:14:32.628069+09:00
20260929,15,丸亀,5,20260929-15-05,2,5177,松井貫太,30,福岡,50.0,B1,4.49,20.83,3.22,0.0,35,25.0,48,44.44,4 245,1,https://www1.mbrace.or.jp/od2/B/202609/b260929.lzh,2026-09-29T18:14:32.628069+09:00
20260929,15,丸亀,5,20260929-15-05,3,4925,森悠稀,33,兵庫,53.0,A2,6.05,40.18,5.54,36.96,44,12.5,43,34.09,1 523,10,https://www1.mbrace.or.jp/od2/B/202609/b260929.lzh,2026-09-29T18:14:32.628069+09:00
20260929,15,丸亀,5,20260929-15-05,4,5359,佐藤世那,20,東京,55.0,B1,4.6,31.17,4.9,35.0,6,25.0,54,45.45,451 14,,https://www1.mbrace.or.jp/od2/B/202609/b260929.lzh,2026-09-29T18:14:32.628069+09:00
20260929,15,丸亀,5,20260929-15-05,5,4053,芦澤望,48,東京,57.0,A2,5.36,33.7,6.77,56.67,28,0.0,57,25.0,142 15,11,https://www1.mbrace.or.jp/od2/B/202609/b260929.lzh,2026-09-29T18:14:32.628069+09:00
20260929,15,丸亀,5,20260929-15-05,6,4715,村上遼,34,長崎,52.0,A1,6.72,45.88,5.28,32.0,23,0.0,9,31.71,11122,9,https://www1.mbrace.or.jp/od2/B/202609/b260929.lzh,2026-09-29T18:14:32.628069+09:00
20260929,15,丸亀,6,20260929-15-06,1,4754,松尾充,38,三重,52.0,A2,6.43,44.37,5.33,25.93,63,0.0,11,27.78,323 44,11,https://www1.mbrace.or.jp/od2/B/202609/b260929.lzh,2026-09-29T18:14:32.628069+09:00
20260929,15,丸亀,6,20260929-15-06,2,4821,妻鳥晋也,34,香川,55.0,B1,5.03,29.59,5.07,31.25,25,0.0,21,27.91,151 24,,https://www1.mbrace.or.jp/od2/B/202609/b260929.lzh,2026-09-29T18:14:32.628069+09:00
20260929,15,丸亀,6,20260929-15-06,3,3898,平田忠則,49,福岡,54.0,A1,7.72,65.94,7.48,58.7,5,33.33,8,30.23,12316,10,https://www1.mbrace.or.jp/od2/B/202609/b260929.lzh,2026-09-29T18:14:32.628069+09:00
20260929,15,丸亀,6,20260929-15-06,4,3305,小野信樹,58,岡山,54.0,B1,3.5,13.64,4.06,22.58,31,0.0,55,30.77,554 15,,https://www1.mbrace.or.jp/od2/B/202609/b260929.lzh,2026-09-29T18:14:32.628069+09:00
20260929,15,丸亀,6,20260929-15-06,5,4300,加藤綾,43,三重,51.0,B1,5.27,37.27,4.6,26.67,37,25.0,27,50.0,3 461,12,https://www1.mbrace.or.jp/od2/B/202609/b260929.lzh,2026-09-29T18:14:32.628069+09:00
20260929,15,丸亀,6,20260929-15-06,6,4515,藤田浩人,40,佐賀,54.0,A2,5.67,35.25,5.1,33.33,41,0.0,35,17.65,5 256,2,https://www1.mbrace.or.jp/od2/B/202609/b260929.lzh,2026-09-29T18:14:32.628069+09:00
20260929,15,丸亀,7,20260929-15-07,1,4545,岡村慶太,38,福岡,58.0,A1,7.07,58.2,7.33,71.43,47,25.0,16,23.81,11313,11,https://www1.mbrace.or.jp/od2/B/202609/b260929.lzh,2026-09-29T18:14:32.628069+09:00
20260929,15,丸亀,7,20260929-15-07,2,5333,山下智己,22,兵庫,50.0,B2,3.68,16.44,1.6,0.0,45,37.5,31,52.5,5 565,1,https://www1.mbrace.or.jp/od2/B/202609/b260929.lzh,2026-09-29T18:14:32.628069+09:00
20260929,15,丸亀,7,20260929-15-07,3,4672,守屋大地,40,岡山,52.0,B1,4.41,27.62,4.37,21.05,38,66.67,62,37.21,6 1363,2,https://www1.mbrace.or.jp/od2/B/202609/b260929.lzh,2026-09-29T18:14:32.628069+09:00
20260929,15,丸亀,7,20260929-15-07,4,5010,宇留田翔,29,三重,55.0,A2,5.68,39.32,6.0,0.0,26,0.0,56,37.21,4 2541,3,https://www1.mbrace.or.jp/od2/B/202609/b260929.lzh,2026-09-29T18:14:32.628069+09:00
20260929,15,丸亀,7,20260929-15-07,5,5098,大江純,30,愛知,53.0,B1,5.08,33.33,4.88,34.62,64,0.0,2,60.98,2 2465,,https://www1.mbrace.or.jp/od2/B/202609/b260929.lzh,2026-09-29T18:14:32.628069+09:00
20260929,15,丸亀,7,20260929-15-07,6,5346,中村紋夕,23,愛知,47.0,B1,3.27,7.32,2.0,0.0,33,0.0,66,45.0,655 6,12,https://www1.mbrace.or.jp/od2/B/202609/b260929.lzh,2026-09-29T18:14:32.628069+09:00
20260929,15,丸亀,8,20260929-15-08,1,4064,原田篤志,46,山口,52.0,A1,6.45,47.71,6.77,40.0,60,0.0,25,38.1,252412,,https://www1.mbrace.or.jp/od2/B/202609/b260929.lzh,2026-09-29T18:14:32.628069+09:00
20260929,15,丸亀,8,20260929-15-08,2,4549,小林文彦,38,福岡,52.0,A2,6.1,43.81,5.8,28.89,20,50.0,59,27.5,422 54,3,https://www1.mbrace.or.jp/od2/B/202609/b260929.lzh,2026-09-29T18:14:32.628069+09:00
20260929,15,丸亀,8,20260929-15-08,3,4260,中越博紀,42,香川,54.0,B1,5.78,44.88,5.5,36.3,8,50.0,30,21.05,1 6513,,https://www1.mbrace.or.jp/od2/B/202609/b260929.lzh,2026-09-29T18:14:32.628069+09:00
20260929,15,丸亀,8,20260929-15-08,4,4823,中村桃佳,33,香川,44.0,A2,6.76,52.34,6.51,51.02,3,0.0,63,27.03,2 2332,12,https://www1.mbrace.or.jp/od2/B/202609/b260929.lzh,2026-09-29T18:14:32.628069+09:00
20260929,15,丸亀,8,20260929-15-08,5,4281,大澤大夢,42,埼玉,53.0,B1,5.14,28.85,6.0,41.67,34,25.0,38,34.15,1 162,2,https://www1.mbrace.or.jp/od2/B/202609/b260929.lzh,2026-09-29T18:14:32.628069+09:00
20260929,15,丸亀,8,20260929-15-08,6,5464,宮田栞,19,福岡,49.0,B2,1.25,0.0,0.0,0.0,36,22.22,28,25.0,6 664,1,https://www1.mbrace.or.jp/od2/B/202609/b260929.lzh,2026-09-29T18:14:32.628069+09:00
20260929,15,丸亀,9,20260929-15-09,1,4193,郷原章平,45,福岡,52.0,A2,6.15,44.85,4.82,27.27,4,44.44,37,38.1,525 35,2,https://www1.mbrace.or.jp/od2/B/202609/b260929.lzh,2026-09-29T18:14:32.628069+09:00
20260929,15,丸亀,9,20260929-15-09,2,4715,村上遼,34,長崎,52.0,A1,6.72,45.88,5.28,32.0,23,0.0,9,31.71,11122,5,https://www1.mbrace.or.jp/od2/B/202609/b260929.lzh,2026-09-29T18:14:32.628069+09:00
20260929,15,丸亀,9,20260929-15-09,3,3869,井芹大志,51,福岡,53.0,B1,4.3,23.38,4.57,14.29,40,22.22,52,45.45,464 25,,https://www1.mbrace.or.jp/od2/B/202609/b260929.lzh,2026-09-29T18:14:32.628069+09:00
20260929,15,丸亀,9,20260929-15-09,4,3775,泉啓文,52,岡山,59.0,B1,3.85,20.75,5.19,38.46,24,0.0,33,26.67,3 363,1,https://www1.mbrace.or.jp/od2/B/202609/b260929.lzh,2026-09-29T18:14:32.628069+09:00
20260929,15,丸亀,9,20260929-15-09,5,4191,赤羽克也,45,埼玉,54.0,A1,6.59,50.0,5.41,37.5,61,0.0,58,35.29,4 1633,4,https://www1.mbrace.or.jp/od2/B/202609/b260929.lzh,2026-09-29T18:14:32.628069+09:00
20260929,15,丸亀,9,20260929-15-09,6,5471,田中結,17,大阪,48.0,B2,1.54,0.0,0.0,0.0,9,0.0,3,39.02,666 64,,https://www1.mbrace.or.jp/od2/B/202609/b260929.lzh,2026-09-29T18:14:32.628069+09:00
20260929,15,丸亀,10,20260929-15-10,1,3898,平田忠則,49,福岡,54.0,A1,7.72,65.94,7.48,58.7,5,33.33,8,30.23,12316,6,https://www1.mbrace.or.jp/od2/B/202609/b260929.lzh,2026-09-29T18:14:32.628069+09:00
20260929,15,丸亀,10,20260929-15-10,2,5026,安河内健,31,佐賀,56.0,A1,6.42,48.84,6.7,45.0,11,44.44,24,52.27,343222,,https://www1.mbrace.or.jp/od2/B/202609/b260929.lzh,2026-09-29T18:14:32.628069+09:00
20260929,15,丸亀,10,20260929-15-10,3,5262,鈴木章司,28,愛知,53.0,B1,4.07,18.31,3.14,7.14,57,0.0,40,28.95,3 342,3,https://www1.mbrace.or.jp/od2/B/202609/b260929.lzh,2026-09-29T18:14:32.628069+09:00
20260929,15,丸亀,10,20260929-15-10,4,4925,森悠稀,33,兵庫,53.0,A2,6.05,40.18,5.54,36.96,44,12.5,43,34.09,1 523,5,https://www1.mbrace.or.jp/od2/B/202609/b260929.lzh,2026-09-29T18:14:32.628069+09:00
20260929,15,丸亀,10,20260929-15-10,5,4592,小林孝弘,45,山口,53.0,B1,4.56,21.43,4.83,27.78,62,0.0,13,14.29,6 554,1,https://www1.mbrace.or.jp/od2/B/202609/b260929.lzh,2026-09-29T18:14:32.628069+09:00
20260929,15,丸亀,10,20260929-15-10,6,4630,岩永雅人,39,愛知,53.0,A2,5.29,33.73,6.0,34.69,27,0.0,12,21.21,4 133,4,https://www1.mbrace.or.jp/od2/B/202609/b260929.lzh,2026-09-29T18:14:32.628069+09:00
20260929,15,丸亀,11,20260929-15-11,1,4514,上條嘉嗣,36,大阪,53.0,A1,6.41,53.15,6.98,57.5,65,0.0,14,42.86,331 11,2,https://www1.mbrace.or.jp/od2/B/202609/b260929.lzh,2026-09-29T18:14:32.628069+09:00
20260929,15,丸亀,11,20260929-15-11,2,3484,芝田浩治,54,兵庫,53.0,A2,5.99,46.02,6.17,47.83,1,44.44,39,28.26,36511,4,https://www1.mbrace.or.jp/od2/B/202609/b260929.lzh,2026-09-29T18:14:32.628069+09:00
20260929,15,丸亀,11,20260929-15-11,3,4053,芦澤望,48,東京,57.0,A2,5.36,33.7,6.77,56.67,28,0.0,57,25.0,142 15,5,https://www1.mbrace.or.jp/od2/B/202609/b260929.lzh,2026-09-29T18:14:32.628069+09:00
20260929,15,丸亀,11,20260929-15-11,4,4754,松尾充,38,三重,52.0,A2,6.43,44.37,5.33,25.93,63,0.0,11,27.78,323 44,6,https://www1.mbrace.or.jp/od2/B/202609/b260929.lzh,2026-09-29T18:14:32.628069+09:00
20260929,15,丸亀,11,20260929-15-11,5,4095,福来剛,45,東京,51.0,A1,6.98,55.93,7.3,50.0,7,11.11,22,25.0,163 11,3,https://www1.mbrace.or.jp/od2/B/202609/b260929.lzh,2026-09-29T18:14:32.628069+09:00
20260929,15,丸亀,11,20260929-15-11,6,4545,岡村慶太,38,福岡,58.0,A1,7.07,58.2,7.33,71.43,47,25.0,16,23.81,11313,7,https://www1.mbrace.or.jp/od2/B/202609/b260929.lzh,2026-09-29T18:14:32.628069+09:00
20260929,15,丸亀,12,20260929-15-12,1,4823,中村桃佳,33,香川,44.0,A2,6.76,52.34,6.51,51.02,3,0.0,63,27.03,2 2332,8,https://www1.mbrace.or.jp/od2/B/202609/b260929.lzh,2026-09-29T18:14:32.628069+09:00
20260929,15,丸亀,12,20260929-15-12,2,5231,寺田空詩,22,山口,46.0,B1,6.31,44.71,4.33,33.33,29,0.0,44,33.33,244 5,3,https://www1.mbrace.or.jp/od2/B/202609/b260929.lzh,2026-09-29T18:14:32.628069+09:00
20260929,15,丸亀,12,20260929-15-12,3,5346,中村紋夕,23,愛知,47.0,B1,3.27,7.32,2.0,0.0,33,0.0,66,45.0,655 6,7,https://www1.mbrace.or.jp/od2/B/202609/b260929.lzh,2026-09-29T18:14:32.628069+09:00
20260929,15,丸亀,12,20260929-15-12,4,5418,堀内亜海,20,大阪,58.0,B2,1.05,0.0,1.0,0.0,10,16.67,23,28.57,6 666,2,https://www1.mbrace.or.jp/od2/B/202609/b260929.lzh,2026-09-29T18:14:32.628069+09:00
20260929,15,丸亀,12,20260929-15-12,5,4534,坂咲友理,37,大阪,45.0,B1,4.29,23.19,3.09,9.09,2,50.0,64,23.08,214 4,4,https://www1.mbrace.or.jp/od2/B/202609/b260929.lzh,2026-09-29T18:14:32.628069+09:00
20260929,15,丸亀,12,20260929-15-12,6,4300,加藤綾,43,三重,51.0,B1,5.27,37.27,4.6,26.67,37,25.0,27,50.0,3 461,6,https://www1.mbrace.or.jp/od2/B/202609/b260929.lzh,2026-09-29T18:14:32.628069+09:00
20260929,14,鳴門,1,20260929-14-01,1,3915,繁野谷圭,52,大阪,52.0,A2,6.31,45.9,5.61,34.78,70,37.35,33,47.67,5234,,https://www1.mbrace.or.jp/od2/B/202609/b260929.lzh,2026-09-29T18:14:32.628069+09:00
20260929,14,鳴門,1,20260929-14-01,2,3587,武田信一,53,徳島,60.0,B1,3.86,15.66,4.21,17.24,36,21.35,28,40.0,463,,https://www1.mbrace.or.jp/od2/B/202609/b260929.lzh,2026-09-29T18:14:32.628069+09:00
20260929,14,鳴門,1,20260929-14-01,3,4325,新出浩司,43,大阪,52.0,B1,4.43,17.24,4.63,25.71,20,33.71,66,38.46,353,,https://www1.mbrace.or.jp/od2/B/202609/b260929.lzh,2026-09-29T18:14:32.628069+09:00
20260929,14,鳴門,1,20260929-14-01,4,3967,鈴木茂高,47,愛知,58.0,B1,4.22,25.29,0.0,0.0,66,43.96,71,26.09,3 54,10,https://www1.mbrace.or.jp/od2/B/202609/b260929.lzh,2026-09-29T18:14:32.628069+09:00
20260929,14,鳴門,1,20260929-14-01,5,4247,齊藤優,44,徳島,56.0,B1,5.37,33.68,5.57,32.84,84,18.18,15,30.43,3 33,9,https://www1.mbrace.or.jp/od2/B/202609/b260929.lzh,2026-09-29T18:14:32.628069+09:00
20260929,14,鳴門,1,20260929-14-01,6,5041,荒牧凪沙,28,福岡,52.0,B1,4.83,30.0,4.53,23.53,82,56.98,76,34.04,3 51,7,https://www1.mbrace.or.jp/od2/B/202609/b260929.lzh,2026-09-29T18:14:32.628069+09:00
20260929,14,鳴門,2,20260929-14-02,1,5307,富永夏哉,23,佐賀,50.0,B1,4.54,27.45,3.19,18.75,80,26.32,55,32.18,414,9,https://www1.mbrace.or.jp/od2/B/202609/b260929.lzh,2026-09-29T18:14:32.628069+09:00
20260929,14,鳴門,2,20260929-14-02,2,4116,川田正人,45,徳島,52.0,B1,4.47,14.77,5.07,32.17,29,48.0,34,23.86,3 34,11,https://www1.mbrace.or.jp/od2/B/202609/b260929.lzh,2026-09-29T18:14:32.628069+09:00
20260929,14,鳴門,2,20260929-14-02,3,3809,吉田光,51,佐賀,51.0,B1,4.31,12.77,4.36,20.0,59,37.08,65,35.23,5 33,7,https://www1.mbrace.or.jp/od2/B/202609/b260929.lzh,2026-09-29T18:14:32.628069+09:00
20260929,14,鳴門,2,20260929-14-02,4,3548,室田泰史,56,福井,54.0,A2,5.09,31.78,7.43,57.14,14,39.56,36,26.44,1 16,8,https://www1.mbrace.or.jp/od2/B/202609/b260929.lzh,2026-09-29T18:14:32.628069+09:00
20260929,14,鳴門,2,20260929-14-02,5,4420,津久井拓,38,群馬,54.0,A2,5.66,38.24,5.81,39.53,69,26.74,16,37.93,4 65,10,https://www1.mbrace.or.jp/od2/B/202609/b260929.lzh,2026-09-29T18:14:32.628069+09:00
20260929,14,鳴門,2,20260929-14-02,6,3874,山本寛久,50,岡山,52.0,A2,7.03,50.43,6.03,41.38,13,30.49,23,30.68,S11,12,https://www1.mbrace.or.jp/od2/B/202609/b260929.lzh,2026-09-29T18:14:32.628069+09:00
20260929,14,鳴門,3,20260929-14-03,1,3900,香川素子,49,滋賀,47.0,A2,6.1,43.43,6.36,44.83,35,28.41,79,34.44,3542,12,https://www1.mbrace.or.jp/od2/B/202609/b260929.lzh,2026-09-29T18:14:32.628069+09:00
20260929,14,鳴門,3,20260929-14-03,2,4092,岡部大輔,45,佐賀,53.0,B1,4.88,27.78,5.63,37.5,18,34.74,78,33.68,4 34,,https://www1.mbrace.or.jp/od2/B/202609/b260929.lzh,2026-09-29T18:14:32.628069+09:00
20260929,14,鳴門,3,20260929-14-03,3,4694,高田綾,41,福岡,45.0,B1,4.45,20.2,5.06,25.0,77,32.22,29,37.5,156,7,https://www1.mbrace.or.jp/od2/B/202609/b260929.lzh,2026-09-29T18:14:32.628069+09:00
20260929,14,鳴門,3,20260929-14-03,4,3439,大平誉史,57,大阪,51.0,A1,5.72,40.83,4.4,20.0,55,35.63,26,31.82,6313,10,https://www1.mbrace.or.jp/od2/B/202609/b260929.lzh,2026-09-29T18:14:32.628069+09:00
20260929,14,鳴門,3,20260929-14-03,5,4676,後藤隼之,38,東京,58.0,A2,4.98,23.23,5.0,21.21,57,41.38,35,25.0,2416,11,https://www1.mbrace.or.jp/od2/B/202609/b260929.lzh,2026-09-29T18:14:32.628069+09:00
20260929,14,鳴門,3,20260929-14-03,6,5462,山浦槙,19,佐賀,48.0,B2,1.63,0.0,2.5,0.0,30,40.0,82,25.84,6 46,,https://www1.mbrace.or.jp/od2/B/202609/b260929.lzh,2026-09-29T18:14:32.628069+09:00
20260929,14,鳴門,4,20260929-14-04,1,3872,岡田憲行,50,大阪,54.0,A2,5.6,33.94,5.68,42.5,21,27.16,69,27.27,2625,,https://www1.mbrace.or.jp/od2/B/202609/b260929.lzh,2026-09-29T18:14:32.628069+09:00
20260929,14,鳴門,4,20260929-14-04,2,4148,枝尾賢,44,福岡,53.0,A2,6.25,43.44,7.18,54.55,17,25.56,74,40.0,2 31,9,https://www1.mbrace.or.jp/od2/B/202609/b260929.lzh,2026-09-29T18:14:32.628069+09:00
20260929,14,鳴門,4,20260929-14-04,3,3499,市川哲也,57,広島,53.0,A1,5.49,34.38,5.94,37.5,83,25.0,22,24.42,222,11,https://www1.mbrace.or.jp/od2/B/202609/b260929.lzh,2026-09-29T18:14:32.628069+09:00
20260929,14,鳴門,4,20260929-14-04,4,3024,西島義則,64,広島,53.0,B2,6.67,61.11,7.32,63.41,72,35.23,54,36.47,4 22,8,https://www1.mbrace.or.jp/od2/B/202609/b260929.lzh,2026-09-29T18:14:32.628069+09:00
20260929,14,鳴門,4,20260929-14-04,5,5451,知念伶奈,21,佐賀,47.0,B2,1.29,2.63,0.0,0.0,60,30.0,31,33.71,666,10,https://www1.mbrace.or.jp/od2/B/202609/b260929.lzh,2026-09-29T18:14:32.628069+09:00
20260929,14,鳴門,4,20260929-14-04,6,5117,冨名腰桃,26,福岡,46.0,B1,5.26,34.62,5.38,46.15,67,39.02,37,34.88,155,,https://www1.mbrace.or.jp/od2/B/202609/b260929.lzh,2026-09-29T18:14:32.628069+09:00
20260929,14,鳴門,5,20260929-14-05,1,5355,萩原丈太,21,福井,57.0,B1,2.57,9.33,2.25,8.33,64,38.37,20,27.59,255,11,https://www1.mbrace.or.jp/od2/B/202609/b260929.lzh,2026-09-29T18:14:32.628069+09:00
20260929,14,鳴門,5,20260929-14-05,2,5036,福田翔吾,28,大阪,53.0,B1,5.58,36.89,4.92,33.33,50,38.04,12,33.33,311,12,https://www1.mbrace.or.jp/od2/B/202609/b260929.lzh,2026-09-29T18:14:32.628069+09:00
20260929,14,鳴門,5,20260929-14-05,3,4895,門間雄大,35,東京,55.0,A2,4.94,24.04,5.4,20.0,34,30.11,60,34.88,415,10,https://www1.mbrace.or.jp/od2/B/202609/b260929.lzh,2026-09-29T18:14:32.628069+09:00
20260929,14,鳴門,5,20260929-14-05,4,3477,近藤稔也,56,徳島,53.0,B1,3.88,14.77,4.74,27.7,37,50.56,62,31.76,525,,https://www1.mbrace.or.jp/od2/B/202609/b260929.lzh,2026-09-29T18:14:32.628069+09:00
20260929,14,鳴門,5,20260929-14-05,5,4887,富澤祐作,39,群馬,55.0,B1,4.98,31.71,5.92,40.0,62,34.09,13,35.23,146,9,https://www1.mbrace.or.jp/od2/B/202609/b260929.lzh,2026-09-29T18:14:32.628069+09:00
20260929,14,鳴門,5,20260929-14-05,6,4133,高橋正男,46,兵庫,52.0,A2,6.39,53.04,6.26,42.11,63,34.74,19,29.07,32F5,,https://www1.mbrace.or.jp/od2/B/202609/b260929.lzh,2026-09-29T18:14:32.628069+09:00
20260929,14,鳴門,6,20260929-14-06,1,4031,飯島誠,48,埼玉,52.0,B1,4.71,26.8,3.83,17.24,78,35.23,83,33.33,265,,https://www1.mbrace.or.jp/od2/B/202609/b260929.lzh,2026-09-29T18:14:32.628069+09:00
20260929,14,鳴門,6,20260929-14-06,2,4693,松下誉士,42,福岡,54.0,B1,4.24,26.42,5.29,42.86,81,25.93,80,20.24,5 22,10,https://www1.mbrace.or.jp/od2/B/202609/b260929.lzh,2026-09-29T18:14:32.628069+09:00
20260929,14,鳴門,6,20260929-14-06,3,4286,平田さや,42,東京,47.0,A2,5.99,41.61,5.13,30.43,68,31.76,32,36.47,2 14,11,https://www1.mbrace.or.jp/od2/B/202609/b260929.lzh,2026-09-29T18:14:32.628069+09:00
20260929,14,鳴門,6,20260929-14-06,4,5356,長谷川暖,21,岡山,51.0,B1,4.83,27.14,2.36,0.0,39,20.93,57,24.39,3 46,,https://www1.mbrace.or.jp/od2/B/202609/b260929.lzh,2026-09-29T18:14:32.628069+09:00
20260929,14,鳴門,6,20260929-14-06,5,4538,笠置博之,36,大阪,54.0,A1,5.25,39.13,6.91,60.87,28,27.85,50,34.09,1 11,12,https://www1.mbrace.or.jp/od2/B/202609/b260929.lzh,2026-09-29T18:14:32.628069+09:00
20260929,14,鳴門,6,20260929-14-06,6,5428,古園井綾,24,佐賀,50.0,B2,1.06,0.0,1.0,0.0,15,51.61,52,34.44,666,,https://www1.mbrace.or.jp/od2/B/202609/b260929.lzh,2026-09-29T18:14:32.628069+09:00
20260929,14,鳴門,7,20260929-14-07,1,3580,水口由紀,53,滋賀,49.0,B1,4.26,16.33,5.57,35.71,74,26.74,39,34.78,5 56,,https://www1.mbrace.or.jp/od2/B/202609/b260929.lzh,2026-09-29T18:14:32.628069+09:00
20260929,14,鳴門,7,20260929-14-07,2,4409,坂元浩仁,40,愛知,55.0,A1,6.44,47.83,5.11,11.11,75,28.05,61,31.76,461,12,https://www1.mbrace.or.jp/od2/B/202609/b260929.lzh,2026-09-29T18:14:32.628069+09:00
20260929,14,鳴門,7,20260929-14-07,3,5041,荒牧凪沙,28,福岡,52.0,B1,4.83,30.0,4.53,23.53,82,56.98,76,34.04,3 51,1,https://www1.mbrace.or.jp/od2/B/202609/b260929.lzh,2026-09-29T18:14:32.628069+09:00
20260929,14,鳴門,7,20260929-14-07,4,4596,葛原大陽,43,徳島,52.0,A2,6.07,39.34,6.31,46.89,53,32.05,70,36.36,132,11,https://www1.mbrace.or.jp/od2/B/202609/b260929.lzh,2026-09-29T18:14:32.628069+09:00
20260929,14,鳴門,7,20260929-14-07,5,4694,高田綾,41,福岡,45.0,B1,4.45,20.2,5.06,25.0,77,32.22,29,37.5,156,3,https://www1.mbrace.or.jp/od2/B/202609/b260929.lzh,2026-09-29T18:14:32.628069+09:00
20260929,14,鳴門,7,20260929-14-07,6,3809,吉田光,51,佐賀,51.0,B1,4.31,12.77,4.36,20.0,59,37.08,65,35.23,5 33,2,https://www1.mbrace.or.jp/od2/B/202609/b260929.lzh,2026-09-29T18:14:32.628069+09:00
20260929,14,鳴門,8,20260929-14-08,1,3024,西島義則,64,広島,53.0,B2,6.67,61.11,7.32,63.41,72,35.23,54,36.47,4 22,4,https://www1.mbrace.or.jp/od2/B/202609/b260929.lzh,2026-09-29T18:14:32.628069+09:00
20260929,14,鳴門,8,20260929-14-08,2,4506,稗田聖也,38,福岡,52.0,A1,6.28,47.41,6.83,53.33,25,32.29,27,37.35,1123,,https://www1.mbrace.or.jp/od2/B/202609/b260929.lzh,2026-09-29T18:14:32.628069+09:00
20260929,14,鳴門,8,20260929-14-08,3,3548,室田泰史,56,福井,54.0,A2,5.09,31.78,7.43,57.14,14,39.56,36,26.44,1 16,2,https://www1.mbrace.or.jp/od2/B/202609/b260929.lzh,2026-09-29T18:14:32.628069+09:00
20260929,14,鳴門,8,20260929-14-08,4,5271,杉山太陽,25,福岡,53.0,B1,4.07,18.27,3.21,8.33,38,37.93,25,19.54,4 16,,https://www1.mbrace.or.jp/od2/B/202609/b260929.lzh,2026-09-29T18:14:32.628069+09:00
20260929,14,鳴門,8,20260929-14-08,5,3933,山地正樹,50,岡山,53.0,B1,6.13,46.28,5.05,32.43,22,33.0,14,40.96,232,12,https://www1.mbrace.or.jp/od2/B/202609/b260929.lzh,2026-09-29T18:14:32.628069+09:00
20260929,14,鳴門,8,20260929-14-08,6,5312,川辺郭人,26,佐賀,54.0,B1,3.38,7.61,3.25,8.33,31,32.56,77,40.74,6 45,,https://www1.mbrace.or.jp/od2/B/202609/b260929.lzh,2026-09-29T18:14:32.628069+09:00
20260929,14,鳴門,9,20260929-14-09,1,4247,齊藤優,44,徳島,56.0,B1,5.37,33.68,5.57,32.84,84,18.18,15,30.43,3 33,1,https://www1.mbrace.or.jp/od2/B/202609/b260929.lzh,2026-09-29T18:14:32.628069+09:00
20260929,14,鳴門,9,20260929-14-09,2,3618,海野ゆか,52,広島,44.0,A1,6.42,48.87,5.75,25.0,58,35.23,24,28.57,4442,,https://www1.mbrace.or.jp/od2/B/202609/b260929.lzh,2026-09-29T18:14:32.628069+09:00
20260929,14,鳴門,9,20260929-14-09,3,3412,鈴木博,57,埼玉,53.0,A1,6.32,47.73,6.92,60.0,19,34.83,68,24.72,5542,,https://www1.mbrace.or.jp/od2/B/202609/b260929.lzh,2026-09-29T18:14:32.628069+09:00
20260929,14,鳴門,9,20260929-14-09,4,4887,富澤祐作,39,群馬,55.0,B1,4.98,31.71,5.92,40.0,62,34.09,13,35.23,146,5,https://www1.mbrace.or.jp/od2/B/202609/b260929.lzh,2026-09-29T18:14:32.628069+09:00
20260929,14,鳴門,9,20260929-14-09,5,5307,富永夏哉,23,佐賀,50.0,B1,4.54,27.45,3.19,18.75,80,26.32,55,32.18,414,2,https://www1.mbrace.or.jp/od2/B/202609/b260929.lzh,2026-09-29T18:14:32.628069+09:00
20260929,14,鳴門,9,20260929-14-09,6,4148,枝尾賢,44,福岡,53.0,A2,6.25,43.44,7.18,54.55,17,25.56,74,40.0,2 31,4,https://www1.mbrace.or.jp/od2/B/202609/b260929.lzh,2026-09-29T18:14:32.628069+09:00
20260929,14,鳴門,10,20260929-14-10,1,3439,大平誉史,57,大阪,51.0,A1,5.72,40.83,4.4,20.0,55,35.63,26,31.82,6313,3,https://www1.mbrace.or.jp/od2/B/202609/b260929.lzh,2026-09-29T18:14:32.628069+09:00
20260929,14,鳴門,10,20260929-14-10,2,4420,津久井拓,38,群馬,54.0,A2,5.66,38.24,5.81,39.53,69,26.74,16,37.93,4 65,2,https://www1.mbrace.or.jp/od2/B/202609/b260929.lzh,2026-09-29T18:14:32.628069+09:00
20260929,14,鳴門,10,20260929-14-10,3,3967,鈴木茂高,47,愛知,58.0,B1,4.22,25.29,0.0,0.0,66,43.96,71,26.09,3 54,1,https://www1.mbrace.or.jp/od2/B/202609/b260929.lzh,2026-09-29T18:14:32.628069+09:00
20260929,14,鳴門,10,20260929-14-10,4,4895,門間雄大,35,東京,55.0,A2,4.94,24.04,5.4,20.0,34,30.11,60,34.88,415,5,https://www1.mbrace.or.jp/od2/B/202609/b260929.lzh,2026-09-29T18:14:32.628069+09:00
20260929,14,鳴門,10,20260929-14-10,5,4693,松下誉士,42,福岡,54.0,B1,4.24,26.42,5.29,42.86,81,25.93,80,20.24,5 22,6,https://www1.mbrace.or.jp/od2/B/202609/b260929.lzh,2026-09-29T18:14:32.628069+09:00
20260929,14,鳴門,10,20260929-14-10,6,5451,知念伶奈,21,佐賀,47.0,B2,1.29,2.63,0.0,0.0,60,30.0,31,33.71,666,4,https://www1.mbrace.or.jp/od2/B/202609/b260929.lzh,2026-09-29T18:14:32.628069+09:00
20260929,14,鳴門,11,20260929-14-11,1,4676,後藤隼之,38,東京,58.0,A2,4.98,23.23,5.0,21.21,57,41.38,35,25.0,2416,3,https://www1.mbrace.or.jp/od2/B/202609/b260929.lzh,2026-09-29T18:14:32.628069+09:00
20260929,14,鳴門,11,20260929-14-11,2,4596,葛原大陽,43,徳島,52.0,A2,6.07,39.34,6.31,46.89,53,32.05,70,36.36,132,7,https://www1.mbrace.or.jp/od2/B/202609/b260929.lzh,2026-09-29T18:14:32.628069+09:00
20260929,14,鳴門,11,20260929-14-11,3,5355,萩原丈太,21,福井,57.0,B1,2.57,9.33,2.25,8.33,64,38.37,20,27.59,255,5,https://www1.mbrace.or.jp/od2/B/202609/b260929.lzh,2026-09-29T18:14:32.628069+09:00
20260929,14,鳴門,11,20260929-14-11,4,3499,市川哲也,57,広島,53.0,A1,5.49,34.38,5.94,37.5,83,25.0,22,24.42,222,4,https://www1.mbrace.or.jp/od2/B/202609/b260929.lzh,2026-09-29T18:14:32.628069+09:00
20260929,14,鳴門,11,20260929-14-11,5,4116,川田正人,45,徳島,52.0,B1,4.47,14.77,5.07,32.17,29,48.0,34,23.86,3 34,2,https://www1.mbrace.or.jp/od2/B/202609/b260929.lzh,2026-09-29T18:14:32.628069+09:00
20260929,14,鳴門,11,20260929-14-11,6,4286,平田さや,42,東京,47.0,A2,5.99,41.61,5.13,30.43,68,31.76,32,36.47,2 14,6,https://www1.mbrace.or.jp/od2/B/202609/b260929.lzh,2026-09-29T18:14:32.628069+09:00
20260929,14,鳴門,12,20260929-14-12,1,4538,笠置博之,36,大阪,54.0,A1,5.25,39.13,6.91,60.87,28,27.85,50,34.09,1 11,6,https://www1.mbrace.or.jp/od2/B/202609/b260929.lzh,2026-09-29T18:14:32.628069+09:00
20260929,14,鳴門,12,20260929-14-12,2,3874,山本寛久,50,岡山,52.0,A2,7.03,50.43,6.03,41.38,13,30.49,23,30.68,S11,2,https://www1.mbrace.or.jp/od2/B/202609/b260929.lzh,2026-09-29T18:14:32.628069+09:00
20260929,14,鳴門,12,20260929-14-12,3,3933,山地正樹,50,岡山,53.0,B1,6.13,46.28,5.05,32.43,22,33.0,14,40.96,232,8,https://www1.mbrace.or.jp/od2/B/202609/b260929.lzh,2026-09-29T18:14:32.628069+09:00
20260929,14,鳴門,12,20260929-14-12,4,3900,香川素子,49,滋賀,47.0,A2,6.1,43.43,6.36,44.83,35,28.41,79,34.44,3542,3,https://www1.mbrace.or.jp/od2/B/202609/b260929.lzh,2026-09-29T18:14:32.628069+09:00
20260929,14,鳴門,12,20260929-14-12,5,4409,坂元浩仁,40,愛知,55.0,A1,6.44,47.83,5.11,11.11,75,28.05,61,31.76,461,7,https://www1.mbrace.or.jp/od2/B/202609/b260929.lzh,2026-09-29T18:14:32.628069+09:00
20260929,14,鳴門,12,20260929-14-12,6,5036,福田翔吾,28,大阪,53.0,B1,5.58,36.89,4.92,33.33,50,38.04,12,33.33,311,5,https://www1.mbrace.or.jp/od2/B/202609/b260929.lzh,2026-09-29T18:14:32.628069+09:00
20260929,13,尼崎,1,20260929-13-01,1,4404,岸蔭亮,41,兵庫,54.0,B1,3.67,14.29,4.24,18.75,25,40.16,66,27.73,1 354 1354,10,https://www1.mbrace.or.jp/od2/B/202609/b260929.lzh,2026-09-29T18:14:32.628069+09:00
20260929,13,尼崎,1,20260929-13-01,2,4879,山崎鉄平,31,佐賀,52.0,B1,5.08,29.35,4.53,33.33,60,27.1,52,26.89,615 6 264,7,https://www1.mbrace.or.jp/od2/B/202609/b260929.lzh,2026-09-29T18:14:32.628069+09:00
20260929,13,尼崎,1,20260929-13-01,3,4505,島田賢人,38,埼玉,57.0,A1,6.57,49.19,5.0,50.0,49,30.0,72,39.64,2 33311444,11,https://www1.mbrace.or.jp/od2/B/202609/b260929.lzh,2026-09-29T18:14:32.628069+09:00
20260929,13,尼崎,1,20260929-13-01,4,3578,塩田雄一,53,香川,51.0,B1,3.5,13.16,4.13,25.0,17,41.03,25,33.04,5 441 656,6,https://www1.mbrace.or.jp/od2/B/202609/b260929.lzh,2026-09-29T18:14:32.628069+09:00
20260929,13,尼崎,1,20260929-13-01,5,5144,中尾彩香,25,福岡,47.0,B1,4.54,25.51,4.15,10.0,41,18.09,26,46.9,465 315 5,8,https://www1.mbrace.or.jp/od2/B/202609/b260929.lzh,2026-09-29T18:14:32.628069+09:00
20260929,13,尼崎,1,20260929-13-01,6,5397,寺田夢生,24,山口,47.0,B2,1.39,0.0,0.0,0.0,45,36.07,41,39.47,663 6 666,,https://www1.mbrace.or.jp/od2/B/202609/b260929.lzh,2026-09-29T18:14:32.628069+09:00
20260929,13,尼崎,2,20260929-13-02,1,5243,三馬崇史,26,広島,55.0,B1,5.96,45.63,6.0,37.5,8,39.34,73,42.02,342 322 26,10,https://www1.mbrace.or.jp/od2/B/202609/b260929.lzh,2026-09-29T18:14:32.628069+09:00
20260929,13,尼崎,2,20260929-13-02,2,4714,喜多須杏,35,徳島,48.0,B1,5.07,30.21,6.26,52.63,30,27.03,43,42.74,553 545 6,,https://www1.mbrace.or.jp/od2/B/202609/b260929.lzh,2026-09-29T18:14:32.628069+09:00
20260929,13,尼崎,2,20260929-13-02,3,5249,三木晴斗,24,徳島,54.0,B1,4.78,25.61,4.83,27.78,9,40.98,39,32.23,446 5 434,8,https://www1.mbrace.or.jp/od2/B/202609/b260929.lzh,2026-09-29T18:14:32.628069+09:00
20260929,13,尼崎,2,20260929-13-02,4,4874,池田奈津,32,福岡,53.0,B1,4.85,25.0,5.25,37.5,13,38.84,33,33.63,4 535 566,,https://www1.mbrace.or.jp/od2/B/202609/b260929.lzh,2026-09-29T18:14:32.628069+09:00
20260929,13,尼崎,2,20260929-13-02,5,4465,大西賢,40,東京,53.0,B1,4.62,20.55,4.86,21.43,23,50.82,49,37.07,545 225 2,9,https://www1.mbrace.or.jp/od2/B/202609/b260929.lzh,2026-09-29T18:14:32.628069+09:00
20260929,13,尼崎,2,20260929-13-02,6,5413,宮城那菜,20,福岡,48.0,B2,2.39,2.67,1.38,0.0,63,42.15,56,44.54,653 566 6,,https://www1.mbrace.or.jp/od2/B/202609/b260929.lzh,2026-09-29T18:14:32.628069+09:00
20260929,13,尼崎,3,20260929-13-03,1,5216,長谷川晴,26,群馬,54.0,A1,6.07,40.85,5.6,34.29,12,47.01,67,28.32,21S33 2633,9,https://www1.mbrace.or.jp/od2/B/202609/b260929.lzh,2026-09-29T18:14:32.628069+09:00
20260929,13,尼崎,3,20260929-13-03,2,4589,塩崎桐加,34,三重,50.0,B1,5.79,33.98,4.4,30.0,55,43.97,55,39.47,266 334 11,7,https://www1.mbrace.or.jp/od2/B/202609/b260929.lzh,2026-09-29T18:14:32.628069+09:00
20260929,13,尼崎,3,20260929-13-03,3,4343,村岡賢,42,広島,54.0,B1,4.17,15.38,3.36,16.0,24,31.03,14,33.05,223 453 35,11,https://www1.mbrace.or.jp/od2/B/202609/b260929.lzh,2026-09-29T18:14:32.628069+09:00
20260929,13,尼崎,3,20260929-13-03,4,3947,寺本昇平,50,群馬,49.0,B1,4.48,21.43,5.0,23.53,28,27.36,16,21.37,4 551 5353,7,https://www1.mbrace.or.jp/od2/B/202609/b260929.lzh,2026-09-29T18:14:32.628069+09:00
20260929,13,尼崎,3,20260929-13-03,5,5084,末永和也,27,佐賀,52.0,A1,6.75,46.38,7.44,52.0,35,38.21,51,29.06,165 242123,10,https://www1.mbrace.or.jp/od2/B/202609/b260929.lzh,2026-09-29T18:14:32.628069+09:00
20260929,13,尼崎,3,20260929-13-03,6,3841,佐々木和,50,徳島,55.0,A2,6.45,49.64,5.31,30.77,27,24.11,65,34.17,544 142 54,8,https://www1.mbrace.or.jp/od2/B/202609/b260929.lzh,2026-09-29T18:14:32.628069+09:00
20260929,13,尼崎,4,20260929-13-04,1,4969,町田洸希,35,長崎,54.0,B1,4.63,22.58,5.14,28.57,51,29.03,27,18.35,224 1 3335,10,https://www1.mbrace.or.jp/od2/B/202609/b260929.lzh,2026-09-29T18:14:32.628069+09:00
20260929,13,尼崎,4,20260929-13-04,2,4111,奥田誠,46,広島,57.0,A2,5.52,40.71,5.29,29.41,40,41.8,22,27.43,5 31341 35,11,https://www1.mbrace.or.jp/od2/B/202609/b260929.lzh,2026-09-29T18:14:32.628069+09:00
20260929,13,尼崎,4,20260929-13-04,3,4369,丹下将,40,愛知,57.0,A2,5.6,37.3,4.76,31.58,5,37.07,47,23.28,3 24351 35,8,https://www1.mbrace.or.jp/od2/B/202609/b260929.lzh,2026-09-29T18:14:32.628069+09:00
20260929,13,尼崎,4,20260929-13-04,4,5386,米玉利大,20,兵庫,53.0,B1,3.43,14.71,2.4,2.67,37,38.14,12,29.66,4 21464 15,9,https://www1.mbrace.or.jp/od2/B/202609/b260929.lzh,2026-09-29T18:14:32.628069+09:00
20260929,13,尼崎,4,20260929-13-04,5,4846,佐藤駿介,33,山口,51.0,B1,4.19,24.21,3.06,12.5,15,41.67,38,41.53,1 565 654,8,https://www1.mbrace.or.jp/od2/B/202609/b260929.lzh,2026-09-29T18:14:32.628069+09:00
20260929,13,尼崎,4,20260929-13-04,6,5104,山田丈,28,福岡,51.0,A2,6.02,42.61,6.89,44.44,47,27.87,23,33.62,3 15443 22,9,https://www1.mbrace.or.jp/od2/B/202609/b260929.lzh,2026-09-29T18:14:32.628069+09:00
20260929,13,尼崎,5,20260929-13-05,1,3966,作間章,47,東京,54.0,A1,6.28,42.62,6.29,45.83,20,23.01,36,48.21,23225 3323,10,https://www1.mbrace.or.jp/od2/B/202609/b260929.lzh,2026-09-29T18:14:32.628069+09:00
20260929,13,尼崎,5,20260929-13-05,2,5055,眞鳥章太,30,長崎,54.0,A2,5.53,34.74,6.13,43.75,57,30.58,70,27.59,344 252 41,9,https://www1.mbrace.or.jp/od2/B/202609/b260929.lzh,2026-09-29T18:14:32.628069+09:00
20260929,13,尼崎,5,20260929-13-05,3,4175,川尻泰輔,43,埼玉,55.0,A2,5.8,45.56,4.59,29.41,26,37.07,62,27.73,151 661316,11,https://www1.mbrace.or.jp/od2/B/202609/b260929.lzh,2026-09-29T18:14:32.628069+09:00
20260929,13,尼崎,5,20260929-13-05,4,5357,田中瀬里,21,埼玉,54.0,B2,1.61,0.0,1.13,0.0,44,35.77,20,31.36,6 666 666,,https://www1.mbrace.or.jp/od2/B/202609/b260929.lzh,2026-09-29T18:14:32.628069+09:00
20260929,13,尼崎,5,20260929-13-05,5,5198,奥村明日,24,福岡,46.0,B1,5.64,38.81,3.81,11.54,33,28.33,21,46.02,1 466 642,9,https://www1.mbrace.or.jp/od2/B/202609/b260929.lzh,2026-09-29T18:14:32.628069+09:00
20260929,13,尼崎,5,20260929-13-05,6,4155,長野壮志,45,福岡,55.0,A2,6.13,47.41,5.79,42.86,50,25.0,50,30.63,6 12265 45,,https://www1.mbrace.or.jp/od2/B/202609/b260929.lzh,2026-09-29T18:14:32.628069+09:00
20260929,13,尼崎,6,20260929-13-06,1,5210,藤井公人,28,福岡,56.0,A2,5.54,37.5,4.13,25.0,19,28.95,13,31.86,5 14132 36,10,https://www1.mbrace.or.jp/od2/B/202609/b260929.lzh,2026-09-29T18:14:32.628069+09:00
20260929,13,尼崎,6,20260929-13-06,2,5353,草川壮良,22,滋賀,53.0,B1,3.43,13.11,1.86,2.0,53,29.51,46,33.62,5 665 465,,https://www1.mbrace.or.jp/od2/B/202609/b260929.lzh,2026-09-29T18:14:32.628069+09:00
20260929,13,尼崎,6,20260929-13-06,3,4941,孫崎百世,37,滋賀,46.0,B1,4.7,30.43,4.29,21.43,14,28.97,18,32.17,3S2 524 6,,https://www1.mbrace.or.jp/od2/B/202609/b260929.lzh,2026-09-29T18:14:32.628069+09:00
20260929,13,尼崎,6,20260929-13-06,4,3612,馬袋義則,53,兵庫,53.0,A1,6.95,57.86,6.24,46.72,54,43.33,28,24.37,142 213433,11,https://www1.mbrace.or.jp/od2/B/202609/b260929.lzh,2026-09-29T18:14:32.628069+09:00
20260929,13,尼崎,6,20260929-13-06,5,3578,塩田雄一,53,香川,51.0,B1,3.5,13.16,4.13,25.0,17,41.03,25,33.04,5 441 656,1,https://www1.mbrace.or.jp/od2/B/202609/b260929.lzh,2026-09-29T18:14:32.628069+09:00
20260929,13,尼崎,6,20260929-13-06,6,5421,原田朱理,24,兵庫,52.0,B2,1.38,1.47,1.59,2.56,52,25.22,40,23.53,4 465 445,,https://www1.mbrace.or.jp/od2/B/202609/b260929.lzh,2026-09-29T18:14:32.628069+09:00
20260929,13,尼崎,7,20260929-13-07,1,4703,森永隆,38,山口,50.0,A1,6.57,55.04,6.0,36.36,32,39.34,34,43.22,33522 2214,11,https://www1.mbrace.or.jp/od2/B/202609/b260929.lzh,2026-09-29T18:14:32.628069+09:00
20260929,13,尼崎,7,20260929-13-07,2,3947,寺本昇平,50,群馬,49.0,B1,4.48,21.43,5.0,23.53,28,27.36,16,21.37,4 551 5353,3,https://www1.mbrace.or.jp/od2/B/202609/b260929.lzh,2026-09-29T18:14:32.628069+09:00
20260929,13,尼崎,7,20260929-13-07,3,4034,西原明生,47,香川,55.0,B1,3.95,21.0,3.35,13.04,10,31.03,71,36.44,664 6 456,,https://www1.mbrace.or.jp/od2/B/202609/b260929.lzh,2026-09-29T18:14:32.628069+09:00
20260929,13,尼崎,7,20260929-13-07,4,4879,山崎鉄平,31,佐賀,52.0,B1,5.08,29.35,4.53,33.33,60,27.1,52,26.89,615 6 264,1,https://www1.mbrace.or.jp/od2/B/202609/b260929.lzh,2026-09-29T18:14:32.628069+09:00
20260929,13,尼崎,7,20260929-13-07,5,4589,塩崎桐加,34,三重,50.0,B1,5.79,33.98,4.4,30.0,55,43.97,55,39.47,266 334 11,3,https://www1.mbrace.or.jp/od2/B/202609/b260929.lzh,2026-09-29T18:14:32.628069+09:00
20260929,13,尼崎,7,20260929-13-07,6,3769,佐竹恒彦,53,滋賀,52.0,A2,5.36,33.33,4.7,20.0,3,34.23,54,32.76,1 64445 6,,https://www1.mbrace.or.jp/od2/B/202609/b260929.lzh,2026-09-29T18:14:32.628069+09:00
20260929,13,尼崎,8,20260929-13-08,1,3841,佐々木和,50,徳島,55.0,A2,6.45,49.64,5.31,30.77,27,24.11,65,34.17,544 142 54,3,https://www1.mbrace.or.jp/od2/B/202609/b260929.lzh,2026-09-29T18:14:32.628069+09:00
20260929,13,尼崎,8,20260929-13-08,2,5144,中尾彩香,25,福岡,47.0,B1,4.54,25.51,4.15,10.0,41,18.09,26,46.9,465 315 5,1,https://www1.mbrace.or.jp/od2/B/202609/b260929.lzh,2026-09-29T18:14:32.628069+09:00
20260929,13,尼崎,8,20260929-13-08,3,4846,佐藤駿介,33,山口,51.0,B1,4.19,24.21,3.06,12.5,15,41.67,38,41.53,1 565 654,4,https://www1.mbrace.or.jp/od2/B/202609/b260929.lzh,2026-09-29T18:14:32.628069+09:00
20260929,13,尼崎,8,20260929-13-08,4,4369,丹下将,40,愛知,57.0,A2,5.6,37.3,4.76,31.58,5,37.07,47,23.28,3 24351 35,4,https://www1.mbrace.or.jp/od2/B/202609/b260929.lzh,2026-09-29T18:14:32.628069+09:00
20260929,13,尼崎,8,20260929-13-08,5,5249,三木晴斗,24,徳島,54.0,B1,4.78,25.61,4.83,27.78,9,40.98,39,32.23,446 5 434,2,https://www1.mbrace.or.jp/od2/B/202609/b260929.lzh,2026-09-29T18:14:32.628069+09:00
20260929,13,尼崎,8,20260929-13-08,6,4156,浜野孝志,45,三重,58.0,A2,5.59,34.43,4.07,13.33,2,37.93,68,27.68,3 24F35 4,,https://www1.mbrace.or.jp/od2/B/202609/b260929.lzh,2026-09-29T18:14:32.628069+09:00
20260929,13,尼崎,9,20260929-13-09,1,5104,山田丈,28,福岡,51.0,A2,6.02,42.61,6.89,44.44,47,27.87,23,33.62,3 15443 22,4,https://www1.mbrace.or.jp/od2/B/202609/b260929.lzh,2026-09-29T18:14:32.628069+09:00
20260929,13,尼崎,9,20260929-13-09,2,4465,大西賢,40,東京,53.0,B1,4.62,20.55,4.86,21.43,23,50.82,49,37.07,545 225 2,2,https://www1.mbrace.or.jp/od2/B/202609/b260929.lzh,2026-09-29T18:14:32.628069+09:00
20260929,13,尼崎,9,20260929-13-09,3,5386,米玉利大,20,兵庫,53.0,B1,3.43,14.71,2.4,2.67,37,38.14,12,29.66,4 21464 15,4,https://www1.mbrace.or.jp/od2/B/202609/b260929.lzh,2026-09-29T18:14:32.628069+09:00
20260929,13,尼崎,9,20260929-13-09,4,5198,奥村明日,24,福岡,46.0,B1,5.64,38.81,3.81,11.54,33,28.33,21,46.02,1 466 642,5,https://www1.mbrace.or.jp/od2/B/202609/b260929.lzh,2026-09-29T18:14:32.628069+09:00
20260929,13,尼崎,9,20260929-13-09,5,5055,眞鳥章太,30,長崎,54.0,A2,5.53,34.74,6.13,43.75,57,30.58,70,27.59,344 252 41,5,https://www1.mbrace.or.jp/od2/B/202609/b260929.lzh,2026-09-29T18:14:32.628069+09:00
20260929,13,尼崎,9,20260929-13-09,6,5216,長谷川晴,26,群馬,54.0,A1,6.07,40.85,5.6,34.29,12,47.01,67,28.32,21S33 2633,3,https://www1.mbrace.or.jp/od2/B/202609/b260929.lzh,2026-09-29T18:14:32.628069+09:00
20260929,13,尼崎,10,20260929-13-10,1,5084,末永和也,27,佐賀,52.0,A1,6.75,46.38,7.44,52.0,35,38.21,51,29.06,165 242123,3,https://www1.mbrace.or.jp/od2/B/202609/b260929.lzh,2026-09-29T18:14:32.628069+09:00
20260929,13,尼崎,10,20260929-13-10,2,3966,作間章,47,東京,54.0,A1,6.28,42.62,6.29,45.83,20,23.01,36,48.21,23225 3323,5,https://www1.mbrace.or.jp/od2/B/202609/b260929.lzh,2026-09-29T18:14:32.628069+09:00
20260929,13,尼崎,10,20260929-13-10,3,4404,岸蔭亮,41,兵庫,54.0,B1,3.67,14.29,4.24,18.75,25,40.16,66,27.73,1 354 1354,1,https://www1.mbrace.or.jp/od2/B/202609/b260929.lzh,2026-09-29T18:14:32.628069+09:00
20260929,13,尼崎,10,20260929-13-10,4,4969,町田洸希,35,長崎,54.0,B1,4.63,22.58,5.14,28.57,51,29.03,27,18.35,224 1 3335,4,https://www1.mbrace.or.jp/od2/B/202609/b260929.lzh,2026-09-29T18:14:32.628069+09:00
20260929,13,尼崎,10,20260929-13-10,5,5210,藤井公人,28,福岡,56.0,A2,5.54,37.5,4.13,25.0,19,28.95,13,31.86,5 14132 36,6,https://www1.mbrace.or.jp/od2/B/202609/b260929.lzh,2026-09-29T18:14:32.628069+09:00
20260929,13,尼崎,10,20260929-13-10,6,5243,三馬崇史,26,広島,55.0,B1,5.96,45.63,6.0,37.5,8,39.34,73,42.02,342 322 26,2,https://www1.mbrace.or.jp/od2/B/202609/b260929.lzh,2026-09-29T18:14:32.628069+09:00
20260929,13,尼崎,11,20260929-13-11,1,3612,馬袋義則,53,兵庫,53.0,A1,6.95,57.86,6.24,46.72,54,43.33,28,24.37,142 213433,6,https://www1.mbrace.or.jp/od2/B/202609/b260929.lzh,2026-09-29T18:14:32.628069+09:00
20260929,13,尼崎,11,20260929-13-11,2,4505,島田賢人,38,埼玉,57.0,A1,6.57,49.19,5.0,50.0,49,30.0,72,39.64,2 33311444,1,https://www1.mbrace.or.jp/od2/B/202609/b260929.lzh,2026-09-29T18:14:32.628069+09:00
20260929,13,尼崎,11,20260929-13-11,3,4703,森永隆,38,山口,50.0,A1,6.57,55.04,6.0,36.36,32,39.34,34,43.22,33522 2214,7,https://www1.mbrace.or.jp/od2/B/202609/b260929.lzh,2026-09-29T18:14:32.628069+09:00
20260929,13,尼崎,11,20260929-13-11,4,4111,奥田誠,46,広島,57.0,A2,5.52,40.71,5.29,29.41,40,41.8,22,27.43,5 31341 35,4,https://www1.mbrace.or.jp/od2/B/202609/b260929.lzh,2026-09-29T18:14:32.628069+09:00
20260929,13,尼崎,11,20260929-13-11,5,4343,村岡賢,42,広島,54.0,B1,4.17,15.38,3.36,16.0,24,31.03,14,33.05,223 453 35,3,https://www1.mbrace.or.jp/od2/B/202609/b260929.lzh,2026-09-29T18:14:32.628069+09:00
20260929,13,尼崎,11,20260929-13-11,6,4175,川尻泰輔,43,埼玉,55.0,A2,5.8,45.56,4.59,29.41,26,37.07,62,27.73,151 661316,5,https://www1.mbrace.or.jp/od2/B/202609/b260929.lzh,2026-09-29T18:14:32.628069+09:00
20260929,13,尼崎,12,20260929-13-12,1,4262,馬場貴也,42,滋賀,54.0,A1,7.82,53.9,7.35,41.86,62,28.97,17,19.64,21151 1121,,https://www1.mbrace.or.jp/od2/B/202609/b260929.lzh,2026-09-29T18:14:32.628069+09:00
20260929,13,尼崎,12,20260929-13-12,2,4856,豊田健士,30,三重,52.0,A1,7.28,58.39,4.65,17.65,18,37.19,30,34.48,1 12122211,,https://www1.mbrace.or.jp/od2/B/202609/b260929.lzh,2026-09-29T18:14:32.628069+09:00
20260929,13,尼崎,12,20260929-13-12,3,4682,大上卓人,36,広島,51.0,A1,7.21,50.41,7.29,54.17,21,21.05,35,36.84,32213 1141,,https://www1.mbrace.or.jp/od2/B/202609/b260929.lzh,2026-09-29T18:14:32.628069+09:00
20260929,13,尼崎,12,20260929-13-12,4,4761,山田晃大,36,滋賀,52.0,A2,5.62,35.25,6.14,51.35,59,22.41,61,29.2,2 13131 22,,https://www1.mbrace.or.jp/od2/B/202609/b260929.lzh,2026-09-29T18:14:32.628069+09:00
20260929,13,尼崎,12,20260929-13-12,5,4958,溝口海義,31,福岡,55.0,A1,6.36,43.17,5.92,33.33,7,35.0,37,36.79,12134 2512,,https://www1.mbrace.or.jp/od2/B/202609/b260929.lzh,2026-09-29T18:14:32.628069+09:00
20260929,13,尼崎,12,20260929-13-12,6,4852,川原祐明,31,香川,51.0,A1,7.11,55.8,6.11,33.33,11,32.52,58,28.7,351 121412,,https://www1.mbrace.or.jp/od2/B/202609/b260929.lzh,2026-09-29T18:14:32.628069+09:00
20260929,07,蒲郡,1,20260929-07-01,1,5321,一色颯輝,24,愛知,54.0,B1,4.71,29.27,4.19,24.66,41,44.44,27,34.48,,10,https://www1.mbrace.or.jp/od2/B/202609/b260929.lzh,2026-09-29T18:14:32.628069+09:00
20260929,07,蒲郡,1,20260929-07-01,2,4416,三宅健太,39,広島,55.0,B1,5.42,38.0,6.78,55.56,43,53.57,76,37.04,,9,https://www1.mbrace.or.jp/od2/B/202609/b260929.lzh,2026-09-29T18:14:32.628069+09:00
20260929,07,蒲郡,1,20260929-07-01,3,4475,末永祐輝,39,山口,53.0,A1,5.51,32.14,5.47,30.56,39,50.0,50,55.56,,11,https://www1.mbrace.or.jp/od2/B/202609/b260929.lzh,2026-09-29T18:14:32.628069+09:00
20260929,07,蒲郡,1,20260929-07-01,4,4060,島田一生,47,福岡,56.0,B1,4.62,29.0,4.62,34.62,47,33.33,34,34.29,,8,https://www1.mbrace.or.jp/od2/B/202609/b260929.lzh,2026-09-29T18:14:32.628069+09:00
20260929,07,蒲郡,1,20260929-07-01,5,3441,土屋太朗,57,群馬,53.0,B1,4.83,25.69,4.29,17.65,72,29.63,11,37.04,,,https://www1.mbrace.or.jp/od2/B/202609/b260929.lzh,2026-09-29T18:14:32.628069+09:00
20260929,07,蒲郡,1,20260929-07-01,6,3796,長野道臣,53,静岡,54.0,B1,4.23,23.81,5.23,30.77,31,67.57,62,27.59,,7,https://www1.mbrace.or.jp/od2/B/202609/b260929.lzh,2026-09-29T18:14:32.628069+09:00
20260929,07,蒲郡,2,20260929-07-02,1,4835,橋本明,38,広島,54.0,B1,4.9,25.42,4.18,11.76,14,60.71,77,42.31,,,https://www1.mbrace.or.jp/od2/B/202609/b260929.lzh,2026-09-29T18:14:32.628069+09:00
20260929,07,蒲郡,2,20260929-07-02,2,4877,鈴谷一平,32,兵庫,56.0,A1,6.19,43.2,7.14,61.9,18,29.63,28,29.63,,11,https://www1.mbrace.or.jp/od2/B/202609/b260929.lzh,2026-09-29T18:14:32.628069+09:00
20260929,07,蒲郡,2,20260929-07-02,3,3442,宮武英司,57,香川,55.0,B1,4.27,22.0,3.0,0.0,57,26.47,18,29.63,,10,https://www1.mbrace.or.jp/od2/B/202609/b260929.lzh,2026-09-29T18:14:32.628069+09:00
20260929,07,蒲郡,2,20260929-07-02,4,4626,伊藤紘章,40,愛知,51.0,B1,3.93,20.93,5.12,37.25,34,41.38,26,53.33,,,https://www1.mbrace.or.jp/od2/B/202609/b260929.lzh,2026-09-29T18:14:32.628069+09:00
20260929,07,蒲郡,2,20260929-07-02,5,4535,北山康介,36,東京,53.0,A2,7.03,53.4,0.0,0.0,28,24.24,25,50.0,,,https://www1.mbrace.or.jp/od2/B/202609/b260929.lzh,2026-09-29T18:14:32.628069+09:00
20260929,07,蒲郡,2,20260929-07-02,6,4423,坂口貴彦,37,岡山,55.0,B1,5.68,38.74,3.8,15.0,36,29.63,13,35.29,,,https://www1.mbrace.or.jp/od2/B/202609/b260929.lzh,2026-09-29T18:14:32.628069+09:00
20260929,07,蒲郡,3,20260929-07-03,1,3912,川原正明,52,福井,51.0,B1,5.99,43.75,5.95,45.45,66,62.16,51,33.33,,,https://www1.mbrace.or.jp/od2/B/202609/b260929.lzh,2026-09-29T18:14:32.628069+09:00
20260929,07,蒲郡,3,20260929-07-03,2,4308,河村了,42,愛知,52.0,A1,6.7,46.32,6.82,50.94,22,29.63,22,28.57,,12,https://www1.mbrace.or.jp/od2/B/202609/b260929.lzh,2026-09-29T18:14:32.628069+09:00
20260929,07,蒲郡,3,20260929-07-03,3,4413,水摩敦,40,福岡,51.0,A2,5.98,36.84,6.57,38.1,53,44.83,61,30.43,,10,https://www1.mbrace.or.jp/od2/B/202609/b260929.lzh,2026-09-29T18:14:32.628069+09:00
20260929,07,蒲郡,3,20260929-07-03,4,4273,佐藤旭,44,静岡,54.0,B1,4.96,30.19,4.89,26.32,30,54.29,23,41.38,,9,https://www1.mbrace.or.jp/od2/B/202609/b260929.lzh,2026-09-29T18:14:32.628069+09:00
20260929,07,蒲郡,3,20260929-07-03,5,4863,三浦裕貴,37,東京,55.0,B1,3.99,15.85,5.53,41.18,48,36.36,74,42.31,,7,https://www1.mbrace.or.jp/od2/B/202609/b260929.lzh,2026-09-29T18:14:32.628069+09:00
20260929,07,蒲郡,3,20260929-07-03,6,4973,栗原直也,34,埼玉,52.0,B1,5.14,33.33,4.86,32.14,49,48.28,55,61.11,,8,https://www1.mbrace.or.jp/od2/B/202609/b260929.lzh,2026-09-29T18:14:32.628069+09:00
20260929,07,蒲郡,4,20260929-07-04,1,3563,堤昇,56,静岡,53.0,B1,5.99,42.62,6.05,43.24,37,24.0,24,29.63,,,https://www1.mbrace.or.jp/od2/B/202609/b260929.lzh,2026-09-29T18:14:32.628069+09:00
20260929,07,蒲郡,4,20260929-07-04,2,4674,池田剛規,39,福岡,52.0,B1,5.37,30.0,5.38,38.1,19,25.0,45,33.33,,,https://www1.mbrace.or.jp/od2/B/202609/b260929.lzh,2026-09-29T18:14:32.628069+09:00
20260929,07,蒲郡,4,20260929-07-04,3,4692,酒井俊弘,42,福井,54.0,B1,4.2,23.4,4.54,17.86,62,34.29,16,29.63,,11,https://www1.mbrace.or.jp/od2/B/202609/b260929.lzh,2026-09-29T18:14:32.628069+09:00
20260929,07,蒲郡,4,20260929-07-04,4,3557,太田和美,53,大阪,54.0,A1,6.22,44.74,7.56,56.41,11,32.14,48,31.43,,12,https://www1.mbrace.or.jp/od2/B/202609/b260929.lzh,2026-09-29T18:14:32.628069+09:00
20260929,07,蒲郡,4,20260929-07-04,5,4486,野村誠,40,群馬,52.0,A2,5.86,41.6,5.95,52.63,77,30.43,35,50.0,,8,https://www1.mbrace.or.jp/od2/B/202609/b260929.lzh,2026-09-29T18:14:32.628069+09:00
20260929,07,蒲郡,4,20260929-07-04,6,3708,岡部貴司,52,岡山,56.0,B1,5.3,33.0,4.8,30.0,73,30.77,59,44.83,,9,https://www1.mbrace.or.jp/od2/B/202609/b260929.lzh,2026-09-29T18:14:32.628069+09:00
20260929,07,蒲郡,5,20260929-07-05,1,5008,羽野諒,29,福岡,54.0,B1,4.85,25.26,4.75,20.0,68,33.33,39,27.78,,,https://www1.mbrace.or.jp/od2/B/202609/b260929.lzh,2026-09-29T18:14:32.628069+09:00
20260929,07,蒲郡,5,20260929-07-05,2,4434,田中辰彦,40,広島,53.0,A2,6.12,45.9,7.65,70.0,67,51.28,69,37.04,,10,https://www1.mbrace.or.jp/od2/B/202609/b260929.lzh,2026-09-29T18:14:32.628069+09:00
20260929,07,蒲郡,5,20260929-07-05,3,4652,酒見峻介,41,佐賀,53.0,B1,4.87,24.18,5.56,38.89,23,26.47,71,48.0,,,https://www1.mbrace.or.jp/od2/B/202609/b260929.lzh,2026-09-29T18:14:32.628069+09:00
20260929,07,蒲郡,5,20260929-07-05,4,5000,岡本翔太,32,山口,53.0,B1,5.15,35.23,4.12,5.88,76,35.71,17,41.38,,,https://www1.mbrace.or.jp/od2/B/202609/b260929.lzh,2026-09-29T18:14:32.628069+09:00
20260929,07,蒲郡,5,20260929-07-05,5,3327,野長瀬正,59,静岡,51.0,A2,6.01,40.0,6.09,38.3,25,51.52,63,44.0,,11,https://www1.mbrace.or.jp/od2/B/202609/b260929.lzh,2026-09-29T18:14:32.628069+09:00
20260929,07,蒲郡,5,20260929-07-05,6,4278,藤岡俊介,43,兵庫,52.0,A1,7.05,57.89,7.77,68.18,54,33.33,58,30.0,,12,https://www1.mbrace.or.jp/od2/B/202609/b260929.lzh,2026-09-29T18:14:32.628069+09:00
20260929,07,蒲郡,6,20260929-07-06,1,4933,板橋侑我,30,静岡,53.0,A2,6.54,43.27,7.89,65.79,16,37.93,21,39.29,,,https://www1.mbrace.or.jp/od2/B/202609/b260929.lzh,2026-09-29T18:14:32.628069+09:00
20260929,07,蒲郡,6,20260929-07-06,2,4771,下寺秀和,33,広島,55.0,A1,7.09,54.62,6.64,57.14,40,35.71,75,37.04,,12,https://www1.mbrace.or.jp/od2/B/202609/b260929.lzh,2026-09-29T18:14:32.628069+09:00
20260929,07,蒲郡,6,20260929-07-06,3,5033,藤原孝斗,28,愛知,56.0,B1,4.27,24.39,3.93,13.33,60,52.78,60,29.63,,,https://www1.mbrace.or.jp/od2/B/202609/b260929.lzh,2026-09-29T18:14:32.628069+09:00
20260929,07,蒲郡,6,20260929-07-06,4,4245,高橋直哉,44,東京,53.0,B1,4.68,26.04,4.26,17.65,33,53.85,53,45.71,,,https://www1.mbrace.or.jp/od2/B/202609/b260929.lzh,2026-09-29T18:14:32.628069+09:00
20260929,07,蒲郡,6,20260929-07-06,5,4521,小池公生,39,福岡,51.0,B1,5.28,28.7,4.61,22.22,12,25.0,52,32.35,,,https://www1.mbrace.or.jp/od2/B/202609/b260929.lzh,2026-09-29T18:14:32.628069+09:00
20260929,07,蒲郡,6,20260929-07-06,6,4593,小坂宗司,45,大阪,52.0,A2,5.95,37.9,5.42,29.17,35,44.44,72,32.14,,11,https://www1.mbrace.or.jp/od2/B/202609/b260929.lzh,2026-09-29T18:14:32.628069+09:00
20260929,07,蒲郡,7,20260929-07-07,1,4643,近江翔吾,33,香川,53.0,A2,6.57,48.15,5.31,25.0,52,35.48,15,37.04,,,https://www1.mbrace.or.jp/od2/B/202609/b260929.lzh,2026-09-29T18:14:32.628069+09:00
20260929,07,蒲郡,7,20260929-07-07,2,3796,長野道臣,53,静岡,54.0,B1,4.23,23.81,5.23,30.77,31,67.57,62,27.59,,1,https://www1.mbrace.or.jp/od2/B/202609/b260929.lzh,2026-09-29T18:14:32.628069+09:00
20260929,07,蒲郡,7,20260929-07-07,3,4512,高野哲史,37,兵庫,52.0,A1,6.87,57.72,7.08,60.66,27,24.24,54,45.95,,12,https://www1.mbrace.or.jp/od2/B/202609/b260929.lzh,2026-09-29T18:14:32.628069+09:00
20260929,07,蒲郡,7,20260929-07-07,4,4822,百武翔,33,佐賀,51.0,A2,6.37,51.69,0.0,0.0,20,30.77,14,46.43,,11,https://www1.mbrace.or.jp/od2/B/202609/b260929.lzh,2026-09-29T18:14:32.628069+09:00
20260929,07,蒲郡,7,20260929-07-07,5,4979,中野夢斗,30,愛知,53.0,B1,5.04,31.53,4.16,26.32,59,51.85,12,46.15,,,https://www1.mbrace.or.jp/od2/B/202609/b260929.lzh,2026-09-29T18:14:32.628069+09:00
20260929,07,蒲郡,7,20260929-07-07,6,4863,三浦裕貴,37,東京,55.0,B1,3.99,15.85,5.53,41.18,48,36.36,74,42.31,,3,https://www1.mbrace.or.jp/od2/B/202609/b260929.lzh,2026-09-29T18:14:32.628069+09:00
20260929,07,蒲郡,8,20260929-07-08,1,4486,野村誠,40,群馬,52.0,A2,5.86,41.6,5.95,52.63,77,30.43,35,50.0,,4,https://www1.mbrace.or.jp/od2/B/202609/b260929.lzh,2026-09-29T18:14:32.628069+09:00
20260929,07,蒲郡,8,20260929-07-08,2,4418,茅原悠紀,39,岡山,53.0,A1,7.39,53.08,8.53,47.06,65,26.47,40,44.12,,12,https://www1.mbrace.or.jp/od2/B/202609/b260929.lzh,2026-09-29T18:14:32.628069+09:00
20260929,07,蒲郡,8,20260929-07-08,3,4811,向井田佑,37,広島,50.0,B1,4.92,28.33,4.33,22.22,70,26.92,31,32.43,,,https://www1.mbrace.or.jp/od2/B/202609/b260929.lzh,2026-09-29T18:14:32.628069+09:00
20260929,07,蒲郡,8,20260929-07-08,4,4973,栗原直也,34,埼玉,52.0,B1,5.14,33.33,4.86,32.14,49,48.28,55,61.11,,3,https://www1.mbrace.or.jp/od2/B/202609/b260929.lzh,2026-09-29T18:14:32.628069+09:00
20260929,07,蒲郡,8,20260929-07-08,5,4789,古賀智之,37,福岡,53.0,A2,5.53,36.04,5.19,37.04,56,32.43,19,32.14,,,https://www1.mbrace.or.jp/od2/B/202609/b260929.lzh,2026-09-29T18:14:32.628069+09:00
20260929,07,蒲郡,8,20260929-07-08,6,4060,島田一生,47,福岡,56.0,B1,4.62,29.0,4.62,34.62,47,33.33,34,34.29,,1,https://www1.mbrace.or.jp/od2/B/202609/b260929.lzh,2026-09-29T18:14:32.628069+09:00
20260929,07,蒲郡,9,20260929-07-09,1,4102,益田啓司,47,福岡,52.0,A1,6.59,52.38,6.65,52.17,17,32.14,20,42.86,,,https://www1.mbrace.or.jp/od2/B/202609/b260929.lzh,2026-09-29T18:14:32.628069+09:00
20260929,07,蒲郡,9,20260929-07-09,2,4850,野中一平,31,愛知,55.0,A2,6.44,48.57,7.21,59.77,32,48.48,37,58.33,,,https://www1.mbrace.or.jp/od2/B/202609/b260929.lzh,2026-09-29T18:14:32.628069+09:00
20260929,07,蒲郡,9,20260929-07-09,3,3708,岡部貴司,52,岡山,56.0,B1,5.3,33.0,4.8,30.0,73,30.77,59,44.83,,4,https://www1.mbrace.or.jp/od2/B/202609/b260929.lzh,2026-09-29T18:14:32.628069+09:00
20260929,07,蒲郡,9,20260929-07-09,4,4463,三苫晃幸,40,福岡,57.0,A2,6.22,42.72,5.5,31.82,24,39.39,66,68.97,,,https://www1.mbrace.or.jp/od2/B/202609/b260929.lzh,2026-09-29T18:14:32.628069+09:00
20260929,07,蒲郡,9,20260929-07-09,5,4416,三宅健太,39,広島,55.0,B1,5.42,38.0,6.78,55.56,43,53.57,76,37.04,,1,https://www1.mbrace.or.jp/od2/B/202609/b260929.lzh,2026-09-29T18:14:32.628069+09:00
20260929,07,蒲郡,9,20260929-07-09,6,4273,佐藤旭,44,静岡,54.0,B1,4.96,30.19,4.89,26.32,30,54.29,23,41.38,,3,https://www1.mbrace.or.jp/od2/B/202609/b260929.lzh,2026-09-29T18:14:32.628069+09:00
20260929,07,蒲郡,10,20260929-07-10,1,4471,新田泰章,39,広島,52.0,A1,6.41,47.92,7.5,59.38,64,34.29,67,30.77,,,https://www1.mbrace.or.jp/od2/B/202609/b260929.lzh,2026-09-29T18:14:32.628069+09:00
20260929,07,蒲郡,10,20260929-07-10,2,5321,一色颯輝,24,愛知,54.0,B1,4.71,29.27,4.19,24.66,41,44.44,27,34.48,,1,https://www1.mbrace.or.jp/od2/B/202609/b260929.lzh,2026-09-29T18:14:32.628069+09:00
20260929,07,蒲郡,10,20260929-07-10,3,4036,金田諭,47,埼玉,52.0,A1,6.28,43.09,6.04,42.86,45,33.33,49,35.71,,,https://www1.mbrace.or.jp/od2/B/202609/b260929.lzh,2026-09-29T18:14:32.628069+09:00
20260929,07,蒲郡,10,20260929-07-10,4,3442,宮武英司,57,香川,55.0,B1,4.27,22.0,3.0,0.0,57,26.47,18,29.63,,2,https://www1.mbrace.or.jp/od2/B/202609/b260929.lzh,2026-09-29T18:14:32.628069+09:00
20260929,07,蒲郡,10,20260929-07-10,5,4434,田中辰彦,40,広島,53.0,A2,6.12,45.9,7.65,70.0,67,51.28,69,37.04,,5,https://www1.mbrace.or.jp/od2/B/202609/b260929.lzh,2026-09-29T18:14:32.628069+09:00
20260929,07,蒲郡,10,20260929-07-10,6,4413,水摩敦,40,福岡,51.0,A2,5.98,36.84,6.57,38.1,53,44.83,61,30.43,,3,https://www1.mbrace.or.jp/od2/B/202609/b260929.lzh,2026-09-29T18:14:32.628069+09:00
20260929,07,蒲郡,11,20260929-07-11,1,4877,鈴谷一平,32,兵庫,56.0,A1,6.19,43.2,7.14,61.9,18,29.63,28,29.63,,2,https://www1.mbrace.or.jp/od2/B/202609/b260929.lzh,2026-09-29T18:14:32.628069+09:00
20260929,07,蒲郡,11,20260929-07-11,2,3327,野長瀬正,59,静岡,51.0,A2,6.01,40.0,6.09,38.3,25,51.52,63,44.0,,5,https://www1.mbrace.or.jp/od2/B/202609/b260929.lzh,2026-09-29T18:14:32.628069+09:00
20260929,07,蒲郡,11,20260929-07-11,3,4593,小坂宗司,45,大阪,52.0,A2,5.95,37.9,5.42,29.17,35,44.44,72,32.14,,6,https://www1.mbrace.or.jp/od2/B/202609/b260929.lzh,2026-09-29T18:14:32.628069+09:00
20260929,07,蒲郡,11,20260929-07-11,4,4692,酒井俊弘,42,福井,54.0,B1,4.2,23.4,4.54,17.86,62,34.29,16,29.63,,4,https://www1.mbrace.or.jp/od2/B/202609/b260929.lzh,2026-09-29T18:14:32.628069+09:00
20260929,07,蒲郡,11,20260929-07-11,5,4475,末永祐輝,39,山口,53.0,A1,5.51,32.14,5.47,30.56,39,50.0,50,55.56,,1,https://www1.mbrace.or.jp/od2/B/202609/b260929.lzh,2026-09-29T18:14:32.628069+09:00
20260929,07,蒲郡,11,20260929-07-11,6,4822,百武翔,33,佐賀,51.0,A2,6.37,51.69,0.0,0.0,20,30.77,14,46.43,,7,https://www1.mbrace.or.jp/od2/B/202609/b260929.lzh,2026-09-29T18:14:32.628069+09:00
20260929,07,蒲郡,12,20260929-07-12,1,4418,茅原悠紀,39,岡山,53.0,A1,7.39,53.08,8.53,47.06,65,26.47,40,44.12,,8,https://www1.mbrace.or.jp/od2/B/202609/b260929.lzh,2026-09-29T18:14:32.628069+09:00
20260929,07,蒲郡,12,20260929-07-12,2,3557,太田和美,53,大阪,54.0,A1,6.22,44.74,7.56,56.41,11,32.14,48,31.43,,4,https://www1.mbrace.or.jp/od2/B/202609/b260929.lzh,2026-09-29T18:14:32.628069+09:00
20260929,07,蒲郡,12,20260929-07-12,3,4278,藤岡俊介,43,兵庫,52.0,A1,7.05,57.89,7.77,68.18,54,33.33,58,30.0,,5,https://www1.mbrace.or.jp/od2/B/202609/b260929.lzh,2026-09-29T18:14:32.628069+09:00
20260929,07,蒲郡,12,20260929-07-12,4,4308,河村了,42,愛知,52.0,A1,6.7,46.32,6.82,50.94,22,29.63,22,28.57,,3,https://www1.mbrace.or.jp/od2/B/202609/b260929.lzh,2026-09-29T18:14:32.628069+09:00
20260929,07,蒲郡,12,20260929-07-12,5,4512,高野哲史,37,兵庫,52.0,A1,6.87,57.72,7.08,60.66,27,24.24,54,45.95,,7,https://www1.mbrace.or.jp/od2/B/202609/b260929.lzh,2026-09-29T18:14:32.628069+09:00
20260929,07,蒲郡,12,20260929-07-12,6,4771,下寺秀和,33,広島,55.0,A1,7.09,54.62,6.64,57.14,40,35.71,75,37.04,,6,https://www1.mbrace.or.jp/od2/B/202609/b260929.lzh,2026-09-29T18:14:32.628069+09:00
20260929,05,多摩川,1,20260929-05-01,1,3518,倉田郁美,58,静岡,48.0,B1,4.13,17.05,4.83,25.71,71,34.82,84,24.49,5 645 56,8,https://www1.mbrace.or.jp/od2/B/202609/b260929.lzh,2026-09-29T18:14:32.628069+09:00
20260929,05,多摩川,1,20260929-05-01,2,5327,西田和加,22,埼玉,48.0,B2,1.9,1.64,1.0,0.0,38,21.59,60,35.14,6 644 56,,https://www1.mbrace.or.jp/od2/B/202609/b260929.lzh,2026-09-29T18:14:32.628069+09:00
20260929,05,多摩川,1,20260929-05-01,3,4864,小川日紀,37,福岡,54.0,B1,4.43,21.98,0.0,0.0,74,29.31,63,20.41,3 42455,,https://www1.mbrace.or.jp/od2/B/202609/b260929.lzh,2026-09-29T18:14:32.628069+09:00
20260929,05,多摩川,1,20260929-05-01,4,5411,木下虎之,21,東京,54.0,B2,2.49,7.25,1.76,0.0,68,35.51,45,37.27,6 652 36,,https://www1.mbrace.or.jp/od2/B/202609/b260929.lzh,2026-09-29T18:14:32.628069+09:00
20260929,05,多摩川,1,20260929-05-01,5,4709,岡村将也,37,福岡,57.0,A2,5.42,31.37,0.0,0.0,26,27.27,44,25.0,3 166 51,9,https://www1.mbrace.or.jp/od2/B/202609/b260929.lzh,2026-09-29T18:14:32.628069+09:00
20260929,05,多摩川,1,20260929-05-01,6,4379,桑島和宏,42,東京,57.0,A2,5.93,34.15,5.77,40.0,33,25.47,42,33.65,524 641,9,https://www1.mbrace.or.jp/od2/B/202609/b260929.lzh,2026-09-29T18:14:32.628069+09:00
20260929,05,多摩川,2,20260929-05-02,1,3662,大庭元明,56,福岡,59.0,B1,5.07,35.24,5.22,33.33,23,34.04,41,23.08,2 353 34,6,https://www1.mbrace.or.jp/od2/B/202609/b260929.lzh,2026-09-29T18:14:32.628069+09:00
20260929,05,多摩川,2,20260929-05-02,2,4003,表憲一,48,福井,56.0,B1,5.64,35.11,5.07,29.63,65,33.94,53,43.75,542 246,7,https://www1.mbrace.or.jp/od2/B/202609/b260929.lzh,2026-09-29T18:14:32.628069+09:00
20260929,05,多摩川,2,20260929-05-02,3,4251,川崎誠志,43,山口,53.0,B1,4.71,25.74,3.94,12.5,21,32.32,64,40.22,462 3 35,6,https://www1.mbrace.or.jp/od2/B/202609/b260929.lzh,2026-09-29T18:14:32.628069+09:00
20260929,05,多摩川,2,20260929-05-02,4,4435,服部達哉,40,愛知,56.0,A2,5.4,34.26,5.93,41.82,51,33.9,74,29.41,1 24332,10,https://www1.mbrace.or.jp/od2/B/202609/b260929.lzh,2026-09-29T18:14:32.628069+09:00
20260929,05,多摩川,2,20260929-05-02,5,3885,久田武,52,愛知,53.0,A2,5.04,30.56,5.73,38.64,64,36.54,61,38.39,322 466,7,https://www1.mbrace.or.jp/od2/B/202609/b260929.lzh,2026-09-29T18:14:32.628069+09:00
20260929,05,多摩川,2,20260929-05-02,6,3072,西田靖,64,東京,53.0,B1,3.94,21.21,4.59,29.31,11,35.34,35,33.02,525 524,,https://www1.mbrace.or.jp/od2/B/202609/b260929.lzh,2026-09-29T18:14:32.628069+09:00
20260929,05,多摩川,3,20260929-05-03,1,4025,山本隆幸,48,兵庫,52.0,A1,6.71,53.23,6.18,29.41,44,29.67,54,30.84,145 2122,10,https://www1.mbrace.or.jp/od2/B/202609/b260929.lzh,2026-09-29T18:14:32.628069+09:00
20260929,05,多摩川,3,20260929-05-03,2,4190,長嶋万記,45,静岡,49.0,B2,6.56,43.43,6.14,36.36,29,25.77,43,33.33,1331255,10,https://www1.mbrace.or.jp/od2/B/202609/b260929.lzh,2026-09-29T18:14:32.628069+09:00
20260929,05,多摩川,3,20260929-05-03,3,4113,木村浩士,46,群馬,56.0,B1,4.52,22.94,4.57,23.81,60,26.53,65,20.0,646 332,8,https://www1.mbrace.or.jp/od2/B/202609/b260929.lzh,2026-09-29T18:14:32.628069+09:00
20260929,05,多摩川,3,20260929-05-03,4,5376,吉田一心,22,大阪,51.0,B1,5.59,40.17,0.0,0.0,69,29.63,23,27.68,5 46162,9,https://www1.mbrace.or.jp/od2/B/202609/b260929.lzh,2026-09-29T18:14:32.628069+09:00
20260929,05,多摩川,3,20260929-05-03,5,4447,深川麻奈,39,福岡,48.0,B1,5.88,38.97,0.0,0.0,41,33.7,79,36.94,331 222,11,https://www1.mbrace.or.jp/od2/B/202609/b260929.lzh,2026-09-29T18:14:32.628069+09:00
20260929,05,多摩川,3,20260929-05-03,6,4932,新開航,30,福岡,52.0,A1,7.52,54.1,6.89,22.22,58,32.99,32,33.04,214 1431,12,https://www1.mbrace.or.jp/od2/B/202609/b260929.lzh,2026-09-29T18:14:32.628069+09:00
20260929,05,多摩川,4,20260929-05-04,1,4931,木谷賢太,30,香川,54.0,A1,6.75,51.49,6.2,30.0,56,31.86,38,28.24,611 4263,12,https://www1.mbrace.or.jp/od2/B/202609/b260929.lzh,2026-09-29T18:14:32.628069+09:00
20260929,05,多摩川,4,20260929-05-04,2,4224,大橋栄里,44,福岡,49.0,B1,4.72,24.21,6.22,44.44,54,47.27,85,45.87,4 16266,9,https://www1.mbrace.or.jp/od2/B/202609/b260929.lzh,2026-09-29T18:14:32.628069+09:00
20260929,05,多摩川,4,20260929-05-04,3,5199,垂水悠,24,徳島,56.0,B1,4.63,28.87,3.13,12.5,31,37.5,28,25.53,3 242 13,10,https://www1.mbrace.or.jp/od2/B/202609/b260929.lzh,2026-09-29T18:14:32.628069+09:00
20260929,05,多摩川,4,20260929-05-04,4,4015,前野竜一,46,山口,59.0,A2,5.72,33.07,6.59,52.94,57,48.15,40,30.91,2224133,11,https://www1.mbrace.or.jp/od2/B/202609/b260929.lzh,2026-09-29T18:14:32.628069+09:00
20260929,05,多摩川,4,20260929-05-04,5,3075,中村裕将,64,埼玉,56.0,B1,5.1,35.56,4.52,24.24,15,19.05,48,34.65,165 6 54,,https://www1.mbrace.or.jp/od2/B/202609/b260929.lzh,2026-09-29T18:14:32.628069+09:00
20260929,05,多摩川,4,20260929-05-04,6,4288,永田啓二,41,福岡,55.0,A1,7.54,64.23,6.27,45.45,19,35.0,50,36.28,5 131113,10,https://www1.mbrace.or.jp/od2/B/202609/b260929.lzh,2026-09-29T18:14:32.628069+09:00
20260929,05,多摩川,5,20260929-05-05,1,3860,松本浩貴,53,埼玉,52.0,B1,3.59,13.64,3.39,12.2,48,20.24,46,30.63,315 145,11,https://www1.mbrace.or.jp/od2/B/202609/b260929.lzh,2026-09-29T18:14:32.628069+09:00
20260929,05,多摩川,5,20260929-05-05,2,4446,和田兼輔,39,兵庫,52.0,A1,6.81,47.32,6.15,40.0,22,22.55,76,40.0,42413 24,11,https://www1.mbrace.or.jp/od2/B/202609/b260929.lzh,2026-09-29T18:14:32.628069+09:00
20260929,05,多摩川,5,20260929-05-05,3,5049,松井友汰,31,大阪,55.0,A2,6.34,47.06,5.9,35.0,62,33.63,52,42.99,2 33611,12,https://www1.mbrace.or.jp/od2/B/202609/b260929.lzh,2026-09-29T18:14:32.628069+09:00
20260929,05,多摩川,5,20260929-05-05,4,5292,佐藤右京,24,東京,55.0,B1,4.5,26.73,2.56,5.56,59,25.84,81,26.96,333 566,,https://www1.mbrace.or.jp/od2/B/202609/b260929.lzh,2026-09-29T18:14:32.628069+09:00
20260929,05,多摩川,5,20260929-05-05,5,3349,吉田一郎,58,長崎,51.0,A1,5.88,39.33,0.0,0.0,66,34.26,51,32.38,11214 14,10,https://www1.mbrace.or.jp/od2/B/202609/b260929.lzh,2026-09-29T18:14:32.628069+09:00
20260929,05,多摩川,5,20260929-05-05,6,5313,鈴木唯央,26,群馬,52.0,B1,4.25,15.63,3.2,10.0,25,26.04,80,32.04,6 56656,,https://www1.mbrace.or.jp/od2/B/202609/b260929.lzh,2026-09-29T18:14:32.628069+09:00
20260929,05,多摩川,6,20260929-05-06,1,4251,川崎誠志,43,山口,53.0,B1,4.71,25.74,3.94,12.5,21,32.32,64,40.22,462 3 35,2,https://www1.mbrace.or.jp/od2/B/202609/b260929.lzh,2026-09-29T18:14:32.628069+09:00
20260929,05,多摩川,6,20260929-05-06,2,4061,萩原秀人,47,福井,55.0,A1,7.55,58.87,6.47,36.84,40,28.71,36,37.25,262 4431,12,https://www1.mbrace.or.jp/od2/B/202609/b260929.lzh,2026-09-29T18:14:32.628069+09:00
20260929,05,多摩川,6,20260929-05-06,3,4225,土屋千明,44,群馬,45.0,A2,6.15,42.35,0.0,0.0,13,28.16,39,25.0,251 2352,11,https://www1.mbrace.or.jp/od2/B/202609/b260929.lzh,2026-09-29T18:14:32.628069+09:00
20260929,05,多摩川,6,20260929-05-06,4,3662,大庭元明,56,福岡,59.0,B1,5.07,35.24,5.22,33.33,23,34.04,41,23.08,2 353 34,2,https://www1.mbrace.or.jp/od2/B/202609/b260929.lzh,2026-09-29T18:14:32.628069+09:00
20260929,05,多摩川,6,20260929-05-06,5,4332,村上彰一,43,福岡,58.0,B1,4.19,17.5,0.0,0.0,52,36.36,58,22.22,366 6 15,,https://www1.mbrace.or.jp/od2/B/202609/b260929.lzh,2026-09-29T18:14:32.628069+09:00
20260929,05,多摩川,6,20260929-05-06,6,4144,石塚久也,45,埼玉,53.0,A2,6.24,45.71,6.54,50.0,61,36.36,25,33.02,11122 21,11,https://www1.mbrace.or.jp/od2/B/202609/b260929.lzh,2026-09-29T18:14:32.628069+09:00
20260929,05,多摩川,7,20260929-05-07,1,3885,久田武,52,愛知,53.0,A2,5.04,30.56,5.73,38.64,64,36.54,61,38.39,322 466,2,https://www1.mbrace.or.jp/od2/B/202609/b260929.lzh,2026-09-29T18:14:32.628069+09:00
20260929,05,多摩川,7,20260929-05-07,2,3589,西村勝,53,埼玉,56.0,B1,4.51,29.63,4.21,23.68,30,30.11,75,36.36,5 335 25,,https://www1.mbrace.or.jp/od2/B/202609/b260929.lzh,2026-09-29T18:14:32.628069+09:00
20260929,05,多摩川,7,20260929-05-07,3,3202,三品隆浩,61,東京,53.0,B1,4.62,29.03,4.39,18.52,24,21.11,22,31.4,5 24356,,https://www1.mbrace.or.jp/od2/B/202609/b260929.lzh,2026-09-29T18:14:32.628069+09:00
20260929,05,多摩川,7,20260929-05-07,4,4513,河野真也,37,福岡,53.0,A2,6.09,43.65,5.67,33.33,32,50.44,29,44.23,241 1522,12,https://www1.mbrace.or.jp/od2/B/202609/b260929.lzh,2026-09-29T18:14:32.628069+09:00
20260929,05,多摩川,7,20260929-05-07,5,4003,表憲一,48,福井,56.0,B1,5.64,35.11,5.07,29.63,65,33.94,53,43.75,542 246,2,https://www1.mbrace.or.jp/od2/B/202609/b260929.lzh,2026-09-29T18:14:32.628069+09:00
20260929,05,多摩川,7,20260929-05-07,6,4737,竹井貴史,35,福岡,54.0,A1,6.85,54.7,7.8,75.0,35,19.75,57,24.42,4313111,12,https://www1.mbrace.or.jp/od2/B/202609/b260929.lzh,2026-09-29T18:14:32.628069+09:00
20260929,05,多摩川,8,20260929-05-08,1,4383,竹田吉行,41,徳島,52.0,A2,5.17,33.01,5.89,33.33,47,28.57,49,33.33,652 1445,,https://www1.mbrace.or.jp/od2/B/202609/b260929.lzh,2026-09-29T18:14:32.628069+09:00
20260929,05,多摩川,8,20260929-05-08,2,3518,倉田郁美,58,静岡,48.0,B1,4.13,17.05,4.83,25.71,71,34.82,84,24.49,5 645 56,1,https://www1.mbrace.or.jp/od2/B/202609/b260929.lzh,2026-09-29T18:14:32.628069+09:00
20260929,05,多摩川,8,20260929-05-08,3,5079,大石真央,28,静岡,44.0,B1,5.0,29.03,3.88,20.0,73,27.88,34,20.65,463 3 44,,https://www1.mbrace.or.jp/od2/B/202609/b260929.lzh,2026-09-29T18:14:32.628069+09:00
20260929,05,多摩川,8,20260929-05-08,4,4113,木村浩士,46,群馬,56.0,B1,4.52,22.94,4.57,23.81,60,26.53,65,20.0,646 332,3,https://www1.mbrace.or.jp/od2/B/202609/b260929.lzh,2026-09-29T18:14:32.628069+09:00
20260929,05,多摩川,8,20260929-05-08,5,3385,渡邉睦広,57,東京,52.0,A2,5.4,35.96,5.32,28.0,16,22.12,21,31.48,1 5S6 43,,https://www1.mbrace.or.jp/od2/B/202609/b260929.lzh,2026-09-29T18:14:32.628069+09:00
20260929,05,多摩川,8,20260929-05-08,6,3653,品川賢次,53,群馬,57.0,B2,4.2,13.51,4.21,12.5,67,42.39,37,33.64,5 533 64,,https://www1.mbrace.or.jp/od2/B/202609/b260929.lzh,2026-09-29T18:14:32.628069+09:00
20260929,05,多摩川,9,20260929-05-09,1,4709,岡村将也,37,福岡,57.0,A2,5.42,31.37,0.0,0.0,26,27.27,44,25.0,3 166 51,1,https://www1.mbrace.or.jp/od2/B/202609/b260929.lzh,2026-09-29T18:14:32.628069+09:00
20260929,05,多摩川,9,20260929-05-09,2,4379,桑島和宏,42,東京,57.0,A2,5.93,34.15,5.77,40.0,33,25.47,42,33.65,524 641,1,https://www1.mbrace.or.jp/od2/B/202609/b260929.lzh,2026-09-29T18:14:32.628069+09:00
20260929,05,多摩川,9,20260929-05-09,3,5376,吉田一心,22,大阪,51.0,B1,5.59,40.17,0.0,0.0,69,29.63,23,27.68,5 46162,3,https://www1.mbrace.or.jp/od2/B/202609/b260929.lzh,2026-09-29T18:14:32.628069+09:00
20260929,05,多摩川,9,20260929-05-09,4,3302,谷川里江,59,愛知,45.0,B1,5.3,38.03,4.73,30.77,53,33.02,68,33.02,6 435 33,,https://www1.mbrace.or.jp/od2/B/202609/b260929.lzh,2026-09-29T18:14:32.628069+09:00
20260929,05,多摩川,9,20260929-05-09,5,4224,大橋栄里,44,福岡,49.0,B1,4.72,24.21,6.22,44.44,54,47.27,85,45.87,4 16266,4,https://www1.mbrace.or.jp/od2/B/202609/b260929.lzh,2026-09-29T18:14:32.628069+09:00
20260929,05,多摩川,9,20260929-05-09,6,5048,眞鳥康太,32,長崎,56.0,B1,4.48,26.58,7.1,50.0,34,29.7,67,31.37,4 566 14,,https://www1.mbrace.or.jp/od2/B/202609/b260929.lzh,2026-09-29T18:14:32.628069+09:00
20260929,05,多摩川,10,20260929-05-10,1,4288,永田啓二,41,福岡,55.0,A1,7.54,64.23,6.27,45.45,19,35.0,50,36.28,5 131113,4,https://www1.mbrace.or.jp/od2/B/202609/b260929.lzh,2026-09-29T18:14:32.628069+09:00
20260929,05,多摩川,10,20260929-05-10,2,3349,吉田一郎,58,長崎,51.0,A1,5.88,39.33,0.0,0.0,66,34.26,51,32.38,11214 14,5,https://www1.mbrace.or.jp/od2/B/202609/b260929.lzh,2026-09-29T18:14:32.628069+09:00
20260929,05,多摩川,10,20260929-05-10,3,4435,服部達哉,40,愛知,56.0,A2,5.4,34.26,5.93,41.82,51,33.9,74,29.41,1 24332,2,https://www1.mbrace.or.jp/od2/B/202609/b260929.lzh,2026-09-29T18:14:32.628069+09:00
20260929,05,多摩川,10,20260929-05-10,4,5199,垂水悠,24,徳島,56.0,B1,4.63,28.87,3.13,12.5,31,37.5,28,25.53,3 242 13,4,https://www1.mbrace.or.jp/od2/B/202609/b260929.lzh,2026-09-29T18:14:32.628069+09:00
20260929,05,多摩川,10,20260929-05-10,5,4190,長嶋万記,45,静岡,49.0,B2,6.56,43.43,6.14,36.36,29,25.77,43,33.33,1331255,3,https://www1.mbrace.or.jp/od2/B/202609/b260929.lzh,2026-09-29T18:14:32.628069+09:00
20260929,05,多摩川,10,20260929-05-10,6,4025,山本隆幸,48,兵庫,52.0,A1,6.71,53.23,6.18,29.41,44,29.67,54,30.84,145 2122,3,https://www1.mbrace.or.jp/od2/B/202609/b260929.lzh,2026-09-29T18:14:32.628069+09:00
20260929,05,多摩川,11,20260929-05-11,1,4144,石塚久也,45,埼玉,53.0,A2,6.24,45.71,6.54,50.0,61,36.36,25,33.02,11122 21,6,https://www1.mbrace.or.jp/od2/B/202609/b260929.lzh,2026-09-29T18:14:32.628069+09:00
20260929,05,多摩川,11,20260929-05-11,2,4447,深川麻奈,39,福岡,48.0,B1,5.88,38.97,0.0,0.0,41,33.7,79,36.94,331 222,3,https://www1.mbrace.or.jp/od2/B/202609/b260929.lzh,2026-09-29T18:14:32.628069+09:00
20260929,05,多摩川,11,20260929-05-11,3,4015,前野竜一,46,山口,59.0,A2,5.72,33.07,6.59,52.94,57,48.15,40,30.91,2224133,4,https://www1.mbrace.or.jp/od2/B/202609/b260929.lzh,2026-09-29T18:14:32.628069+09:00
20260929,05,多摩川,11,20260929-05-11,4,4225,土屋千明,44,群馬,45.0,A2,6.15,42.35,0.0,0.0,13,28.16,39,25.0,251 2352,6,https://www1.mbrace.or.jp/od2/B/202609/b260929.lzh,2026-09-29T18:14:32.628069+09:00
20260929,05,多摩川,11,20260929-05-11,5,4446,和田兼輔,39,兵庫,52.0,A1,6.81,47.32,6.15,40.0,22,22.55,76,40.0,42413 24,5,https://www1.mbrace.or.jp/od2/B/202609/b260929.lzh,2026-09-29T18:14:32.628069+09:00
20260929,05,多摩川,11,20260929-05-11,6,3860,松本浩貴,53,埼玉,52.0,B1,3.59,13.64,3.39,12.2,48,20.24,46,30.63,315 145,5,https://www1.mbrace.or.jp/od2/B/202609/b260929.lzh,2026-09-29T18:14:32.628069+09:00
20260929,05,多摩川,12,20260929-05-12,1,4737,竹井貴史,35,福岡,54.0,A1,6.85,54.7,7.8,75.0,35,19.75,57,24.42,4313111,7,https://www1.mbrace.or.jp/od2/B/202609/b260929.lzh,2026-09-29T18:14:32.628069+09:00
20260929,05,多摩川,12,20260929-05-12,2,4932,新開航,30,福岡,52.0,A1,7.52,54.1,6.89,22.22,58,32.99,32,33.04,214 1431,3,https://www1.mbrace.or.jp/od2/B/202609/b260929.lzh,2026-09-29T18:14:32.628069+09:00
20260929,05,多摩川,12,20260929-05-12,3,4513,河野真也,37,福岡,53.0,A2,6.09,43.65,5.67,33.33,32,50.44,29,44.23,241 1522,7,https://www1.mbrace.or.jp/od2/B/202609/b260929.lzh,2026-09-29T18:14:32.628069+09:00
20260929,05,多摩川,12,20260929-05-12,4,5049,松井友汰,31,大阪,55.0,A2,6.34,47.06,5.9,35.0,62,33.63,52,42.99,2 33611,5,https://www1.mbrace.or.jp/od2/B/202609/b260929.lzh,2026-09-29T18:14:32.628069+09:00
20260929,05,多摩川,12,20260929-05-12,5,4061,萩原秀人,47,福井,55.0,A1,7.55,58.87,6.47,36.84,40,28.71,36,37.25,262 4431,6,https://www1.mbrace.or.jp/od2/B/202609/b260929.lzh,2026-09-29T18:14:32.628069+09:00
20260929,05,多摩川,12,20260929-05-12,6,4931,木谷賢太,30,香川,54.0,A1,6.75,51.49,6.2,30.0,56,31.86,38,28.24,611 4263,4,https://www1.mbrace.or.jp/od2/B/202609/b260929.lzh,2026-09-29T18:14:32.628069+09:00
20260929,04,平和島,1,20260929-04-01,1,3516,吉原聖人,58,広島,52.0,B1,4.69,32.63,5.35,34.62,55,23.61,75,36.76,6,6,https://www1.mbrace.or.jp/od2/B/202609/b260929.lzh,2026-09-29T18:14:32.628069+09:00
20260929,04,平和島,1,20260929-04-01,2,3929,杢野誓良,50,愛知,51.0,B1,4.36,20.72,4.94,33.33,13,31.34,14,36.36,5,10,https://www1.mbrace.or.jp/od2/B/202609/b260929.lzh,2026-09-29T18:14:32.628069+09:00
20260929,04,平和島,1,20260929-04-01,3,3391,鈴木茂正,61,東京,52.0,B2,2.22,3.7,0.0,0.0,20,33.82,67,40.3,6,,https://www1.mbrace.or.jp/od2/B/202609/b260929.lzh,2026-09-29T18:14:32.628069+09:00
20260929,04,平和島,1,20260929-04-01,4,3713,伊藤誠二,52,愛知,55.0,A1,4.93,33.33,6.24,36.0,57,22.73,72,33.87,3,11,https://www1.mbrace.or.jp/od2/B/202609/b260929.lzh,2026-09-29T18:14:32.628069+09:00
20260929,04,平和島,1,20260929-04-01,5,3211,北川敏弘,64,佐賀,52.0,B1,4.09,18.52,0.0,0.0,43,35.29,50,21.74,4,8,https://www1.mbrace.or.jp/od2/B/202609/b260929.lzh,2026-09-29T18:14:32.628069+09:00
20260929,04,平和島,1,20260929-04-01,6,3741,松尾基成,52,福岡,57.0,B1,3.46,16.67,2.83,8.33,40,36.51,64,18.6,5,7,https://www1.mbrace.or.jp/od2/B/202609/b260929.lzh,2026-09-29T18:14:32.628069+09:00
20260929,04,平和島,2,20260929-04-02,1,3377,塚田修二,59,東京,53.0,B1,4.41,20.0,4.25,20.59,61,44.07,46,23.53,5,7,https://www1.mbrace.or.jp/od2/B/202609/b260929.lzh,2026-09-29T18:14:32.628069+09:00
20260929,04,平和島,2,20260929-04-02,2,3686,鳥居塚孝,51,群馬,50.0,A2,6.07,36.73,6.48,52.17,18,34.92,52,42.25,3,12,https://www1.mbrace.or.jp/od2/B/202609/b260929.lzh,2026-09-29T18:14:32.628069+09:00
20260929,04,平和島,2,20260929-04-02,3,3961,谷村一哉,47,山口,58.0,A1,6.69,50.0,6.47,33.33,10,40.0,41,36.92,26,9,https://www1.mbrace.or.jp/od2/B/202609/b260929.lzh,2026-09-29T18:14:32.628069+09:00
20260929,04,平和島,2,20260929-04-02,4,3690,河合三弘,55,愛知,53.0,B1,4.81,30.36,4.23,23.08,65,30.0,66,20.55,6,8,https://www1.mbrace.or.jp/od2/B/202609/b260929.lzh,2026-09-29T18:14:32.628069+09:00
20260929,04,平和島,2,20260929-04-02,5,4139,丹下健,45,愛知,55.0,B1,4.4,26.19,4.35,32.35,56,20.0,53,42.25,2,10,https://www1.mbrace.or.jp/od2/B/202609/b260929.lzh,2026-09-29T18:14:32.628069+09:00
20260929,04,平和島,2,20260929-04-02,6,3882,新田智彰,53,大阪,56.0,B1,4.34,18.95,4.79,26.47,15,35.82,61,33.33,35,,https://www1.mbrace.or.jp/od2/B/202609/b260929.lzh,2026-09-29T18:14:32.628069+09:00
20260929,04,平和島,3,20260929-04-03,1,3718,伊達正利,51,静岡,57.0,B1,4.46,23.47,4.18,27.27,64,30.16,43,33.8,6,8,https://www1.mbrace.or.jp/od2/B/202609/b260929.lzh,2026-09-29T18:14:32.628069+09:00
20260929,04,平和島,3,20260929-04-03,2,3430,角浜修,58,広島,56.0,B1,4.33,23.58,4.78,33.33,75,25.0,59,23.08,1,12,https://www1.mbrace.or.jp/od2/B/202609/b260929.lzh,2026-09-29T18:14:32.628069+09:00
20260929,04,平和島,3,20260929-04-03,3,3532,柴田光,54,群馬,54.0,B2,5.84,37.5,7.62,65.38,12,60.26,58,22.73,6,9,https://www1.mbrace.or.jp/od2/B/202609/b260929.lzh,2026-09-29T18:14:32.628069+09:00
20260929,04,平和島,3,20260929-04-03,4,3616,中村真,53,福岡,55.0,B1,4.77,25.68,5.2,20.0,33,40.54,21,26.32,55,,https://www1.mbrace.or.jp/od2/B/202609/b260929.lzh,2026-09-29T18:14:32.628069+09:00
20260929,04,平和島,3,20260929-04-03,5,3505,山田竜一,55,東京,54.0,A2,5.2,35.51,5.36,28.69,27,35.38,17,40.58,1,10,https://www1.mbrace.or.jp/od2/B/202609/b260929.lzh,2026-09-29T18:14:32.628069+09:00
20260929,04,平和島,3,20260929-04-03,6,3952,中澤和志,50,埼玉,53.0,A1,6.57,45.65,6.68,48.94,22,14.49,45,36.62,32,11,https://www1.mbrace.or.jp/od2/B/202609/b260929.lzh,2026-09-29T18:14:32.628069+09:00
20260929,04,平和島,4,20260929-04-04,1,3863,海老澤泰,52,東京,58.0,B1,4.44,21.62,4.27,27.14,44,16.92,44,28.99,46,,https://www1.mbrace.or.jp/od2/B/202609/b260929.lzh,2026-09-29T18:14:32.628069+09:00
20260929,04,平和島,4,20260929-04-04,2,3880,浅見宗孝,53,埼玉,54.0,B1,4.25,16.85,4.61,14.63,35,31.43,56,32.76,42,,https://www1.mbrace.or.jp/od2/B/202609/b260929.lzh,2026-09-29T18:14:32.628069+09:00
20260929,04,平和島,4,20260929-04-04,3,3554,仲口博崇,54,愛知,52.0,A1,6.48,51.77,6.03,33.33,49,21.74,15,20.59,41,12,https://www1.mbrace.or.jp/od2/B/202609/b260929.lzh,2026-09-29T18:14:32.628069+09:00
20260929,04,平和島,4,20260929-04-04,4,3527,中嶋誠一,55,長崎,51.0,B1,5.08,29.73,0.0,0.0,74,41.67,69,38.33,4,9,https://www1.mbrace.or.jp/od2/B/202609/b260929.lzh,2026-09-29T18:14:32.628069+09:00
20260929,04,平和島,4,20260929-04-04,5,4047,吉永浩則,46,大阪,54.0,B1,3.43,16.25,3.57,19.05,17,25.64,23,32.39,5,8,https://www1.mbrace.or.jp/od2/B/202609/b260929.lzh,2026-09-29T18:14:32.628069+09:00
20260929,04,平和島,4,20260929-04-04,6,3489,大場敏,59,静岡,53.0,A2,5.93,43.24,6.08,34.62,45,21.21,68,43.08,1,11,https://www1.mbrace.or.jp/od2/B/202609/b260929.lzh,2026-09-29T18:14:32.628069+09:00
20260929,04,平和島,5,20260929-04-05,1,3909,佐々木康,53,静岡,57.0,A1,6.78,53.45,5.57,36.67,19,31.08,71,37.68,23,10,https://www1.mbrace.or.jp/od2/B/202609/b260929.lzh,2026-09-29T18:14:32.628069+09:00
20260929,04,平和島,5,20260929-04-05,2,3868,尾形栄治,51,東京,55.0,B1,4.57,23.91,5.91,45.45,54,22.39,60,47.06,12,,https://www1.mbrace.or.jp/od2/B/202609/b260929.lzh,2026-09-29T18:14:32.628069+09:00
20260929,04,平和島,5,20260929-04-05,3,3878,胡本悟志,49,山口,51.0,B1,4.25,17.58,4.71,14.29,51,35.19,57,50.0,45,,https://www1.mbrace.or.jp/od2/B/202609/b260929.lzh,2026-09-29T18:14:32.628069+09:00
20260929,04,平和島,5,20260929-04-05,4,3714,梶原正,51,福岡,55.0,B1,4.25,25.27,4.94,25.81,14,38.71,55,41.77,34,,https://www1.mbrace.or.jp/od2/B/202609/b260929.lzh,2026-09-29T18:14:32.628069+09:00
20260929,04,平和島,5,20260929-04-05,5,3297,藤丸光一,59,福岡,49.0,B1,4.74,26.42,3.83,12.5,71,30.77,22,34.29,1,11,https://www1.mbrace.or.jp/od2/B/202609/b260929.lzh,2026-09-29T18:14:32.628069+09:00
20260929,04,平和島,5,20260929-04-05,6,3793,高橋真吾,53,埼玉,58.0,B1,4.31,27.55,3.52,7.41,24,33.33,47,34.85,3,12,https://www1.mbrace.or.jp/od2/B/202609/b260929.lzh,2026-09-29T18:14:32.628069+09:00
20260929,04,平和島,6,20260929-04-06,1,4131,原豊土,46,静岡,55.0,B1,5.62,37.61,5.11,35.71,53,31.82,54,36.99,22,,https://www1.mbrace.or.jp/od2/B/202609/b260929.lzh,2026-09-29T18:14:32.628069+09:00
20260929,04,平和島,6,20260929-04-06,2,3973,崎利仁,50,群馬,53.0,B1,4.43,23.64,3.93,20.0,50,54.1,19,35.21,4,11,https://www1.mbrace.or.jp/od2/B/202609/b260929.lzh,2026-09-29T18:14:32.628069+09:00
20260929,04,平和島,6,20260929-04-06,3,3516,吉原聖人,58,広島,52.0,B1,4.69,32.63,5.35,34.62,55,23.61,75,36.76,6,1,https://www1.mbrace.or.jp/od2/B/202609/b260929.lzh,2026-09-29T18:14:32.628069+09:00
20260929,04,平和島,6,20260929-04-06,4,4077,品田直樹,47,東京,53.0,A2,5.37,33.91,4.92,28.57,25,41.67,12,25.97,1,12,https://www1.mbrace.or.jp/od2/B/202609/b260929.lzh,2026-09-29T18:14:32.628069+09:00
20260929,04,平和島,6,20260929-04-06,5,4076,杉田篤光,48,静岡,52.0,B1,4.85,26.72,5.42,29.17,59,25.0,49,24.29,24,,https://www1.mbrace.or.jp/od2/B/202609/b260929.lzh,2026-09-29T18:14:32.628069+09:00
20260929,04,平和島,6,20260929-04-06,6,3256,三角哲男,59,東京,52.0,A1,6.81,54.26,6.81,48.08,38,43.33,48,27.08,14,,https://www1.mbrace.or.jp/od2/B/202609/b260929.lzh,2026-09-29T18:14:32.628069+09:00
20260929,04,平和島,7,20260929-04-07,1,3998,冨成謙児,47,佐賀,52.0,B1,4.35,25.93,4.86,32.14,39,19.4,74,29.85,55,,https://www1.mbrace.or.jp/od2/B/202609/b260929.lzh,2026-09-29T18:14:32.628069+09:00
20260929,04,平和島,7,20260929-04-07,2,3741,松尾基成,52,福岡,57.0,B1,3.46,16.67,2.83,8.33,40,36.51,64,18.6,5,1,https://www1.mbrace.or.jp/od2/B/202609/b260929.lzh,2026-09-29T18:14:32.628069+09:00
20260929,04,平和島,7,20260929-04-07,3,3377,塚田修二,59,東京,53.0,B1,4.41,20.0,4.25,20.59,61,44.07,46,23.53,5,2,https://www1.mbrace.or.jp/od2/B/202609/b260929.lzh,2026-09-29T18:14:32.628069+09:00
20260929,04,平和島,7,20260929-04-07,4,4027,松江秀徳,48,佐賀,57.0,A2,5.34,32.56,5.76,36.0,28,14.81,51,43.24,6,12,https://www1.mbrace.or.jp/od2/B/202609/b260929.lzh,2026-09-29T18:14:32.628069+09:00
20260929,04,平和島,7,20260929-04-07,5,3807,岡部哲,51,埼玉,51.0,B1,4.91,26.23,4.5,10.0,69,38.03,73,32.14,53,,https://www1.mbrace.or.jp/od2/B/202609/b260929.lzh,2026-09-29T18:14:32.628069+09:00
20260929,04,平和島,7,20260929-04-07,6,3997,北村征嗣,47,大阪,54.0,A1,6.12,40.56,7.55,55.26,66,33.33,63,36.76,15,,https://www1.mbrace.or.jp/od2/B/202609/b260929.lzh,2026-09-29T18:14:32.628069+09:00
20260929,04,平和島,8,20260929-04-08,1,3978,齊藤仁,49,東京,52.0,A2,6.09,30.97,7.07,50.83,11,35.0,62,34.18,12,,https://www1.mbrace.or.jp/od2/B/202609/b260929.lzh,2026-09-29T18:14:32.628069+09:00
20260929,04,平和島,8,20260929-04-08,2,3211,北川敏弘,64,佐賀,52.0,B1,4.09,18.52,0.0,0.0,43,35.29,50,21.74,4,1,https://www1.mbrace.or.jp/od2/B/202609/b260929.lzh,2026-09-29T18:14:32.628069+09:00
20260929,04,平和島,8,20260929-04-08,3,4047,吉永浩則,46,大阪,54.0,B1,3.43,16.25,3.57,19.05,17,25.64,23,32.39,5,4,https://www1.mbrace.or.jp/od2/B/202609/b260929.lzh,2026-09-29T18:14:32.628069+09:00
20260929,04,平和島,8,20260929-04-08,4,3944,山口裕二,47,長崎,54.0,A1,5.84,39.77,5.96,46.15,68,44.07,70,39.39,24,,https://www1.mbrace.or.jp/od2/B/202609/b260929.lzh,2026-09-29T18:14:32.628069+09:00
20260929,04,平和島,8,20260929-04-08,5,3718,伊達正利,51,静岡,57.0,B1,4.46,23.47,4.18,27.27,64,30.16,43,33.8,6,3,https://www1.mbrace.or.jp/od2/B/202609/b260929.lzh,2026-09-29T18:14:32.628069+09:00
20260929,04,平和島,8,20260929-04-08,6,3690,河合三弘,55,愛知,53.0,B1,4.81,30.36,4.23,23.08,65,30.0,66,20.55,6,2,https://www1.mbrace.or.jp/od2/B/202609/b260929.lzh,2026-09-29T18:14:32.628069+09:00
20260929,04,平和島,9,20260929-04-09,1,3527,中嶋誠一,55,長崎,51.0,B1,5.08,29.73,0.0,0.0,74,41.67,69,38.33,4,4,https://www1.mbrace.or.jp/od2/B/202609/b260929.lzh,2026-09-29T18:14:32.628069+09:00
20260929,04,平和島,9,20260929-04-09,2,3826,村田修次,53,東京,53.0,A2,6.3,47.2,6.12,40.79,34,35.38,13,41.82,S6,,https://www1.mbrace.or.jp/od2/B/202609/b260929.lzh,2026-09-29T18:14:32.628069+09:00
20260929,04,平和島,9,20260929-04-09,3,3422,服部幸男,55,静岡,56.0,A2,5.8,39.06,6.1,42.86,70,14.49,10,38.16,36,,https://www1.mbrace.or.jp/od2/B/202609/b260929.lzh,2026-09-29T18:14:32.628069+09:00
20260929,04,平和島,9,20260929-04-09,4,3532,柴田光,54,群馬,54.0,B2,5.84,37.5,7.62,65.38,12,60.26,58,22.73,6,3,https://www1.mbrace.or.jp/od2/B/202609/b260929.lzh,2026-09-29T18:14:32.628069+09:00
20260929,04,平和島,9,20260929-04-09,5,3961,谷村一哉,47,山口,58.0,A1,6.69,50.0,6.47,33.33,10,40.0,41,36.92,26,2,https://www1.mbrace.or.jp/od2/B/202609/b260929.lzh,2026-09-29T18:14:32.628069+09:00
20260929,04,平和島,9,20260929-04-09,6,3619,長谷川充,52,群馬,51.0,B1,5.11,29.29,4.81,25.0,47,23.68,18,28.13,23,,https://www1.mbrace.or.jp/od2/B/202609/b260929.lzh,2026-09-29T18:14:32.628069+09:00
20260929,04,平和島,10,20260929-04-10,1,3929,杢野誓良,50,愛知,51.0,B1,4.36,20.72,4.94,33.33,13,31.34,14,36.36,5,1,https://www1.mbrace.or.jp/od2/B/202609/b260929.lzh,2026-09-29T18:14:32.628069+09:00
20260929,04,平和島,10,20260929-04-10,2,3679,飯島昌弘,53,埼玉,53.0,A2,6.67,48.87,6.5,43.42,32,32.0,16,33.33,31,,https://www1.mbrace.or.jp/od2/B/202609/b260929.lzh,2026-09-29T18:14:32.628069+09:00
20260929,04,平和島,10,20260929-04-10,3,3505,山田竜一,55,東京,54.0,A2,5.2,35.51,5.36,28.69,27,35.38,17,40.58,1,3,https://www1.mbrace.or.jp/od2/B/202609/b260929.lzh,2026-09-29T18:14:32.628069+09:00
20260929,04,平和島,10,20260929-04-10,4,3909,佐々木康,53,静岡,57.0,A1,6.78,53.45,5.57,36.67,19,31.08,71,37.68,23,5,https://www1.mbrace.or.jp/od2/B/202609/b260929.lzh,2026-09-29T18:14:32.628069+09:00
20260929,04,平和島,10,20260929-04-10,5,3158,島川光男,61,広島,55.0,A2,6.4,46.09,6.4,55.0,63,30.77,11,26.76,14,,https://www1.mbrace.or.jp/od2/B/202609/b260929.lzh,2026-09-29T18:14:32.628069+09:00
20260929,04,平和島,10,20260929-04-10,6,4139,丹下健,45,愛知,55.0,B1,4.4,26.19,4.35,32.35,56,20.0,53,42.25,2,2,https://www1.mbrace.or.jp/od2/B/202609/b260929.lzh,2026-09-29T18:14:32.628069+09:00
20260929,04,平和島,11,20260929-04-11,1,3988,古川誠之,48,愛知,57.0,A2,6.13,38.46,4.86,28.57,67,15.71,65,27.42,63,,https://www1.mbrace.or.jp/od2/B/202609/b260929.lzh,2026-09-29T18:14:32.628069+09:00
20260929,04,平和島,11,20260929-04-11,2,3489,大場敏,59,静岡,53.0,A2,5.93,43.24,6.08,34.62,45,21.21,68,43.08,1,4,https://www1.mbrace.or.jp/od2/B/202609/b260929.lzh,2026-09-29T18:14:32.628069+09:00
20260929,04,平和島,11,20260929-04-11,3,3952,中澤和志,50,埼玉,53.0,A1,6.57,45.65,6.68,48.94,22,14.49,45,36.62,32,3,https://www1.mbrace.or.jp/od2/B/202609/b260929.lzh,2026-09-29T18:14:32.628069+09:00
20260929,04,平和島,11,20260929-04-11,4,3973,崎利仁,50,群馬,53.0,B1,4.43,23.64,3.93,20.0,50,54.1,19,35.21,4,6,https://www1.mbrace.or.jp/od2/B/202609/b260929.lzh,2026-09-29T18:14:32.628069+09:00
20260929,04,平和島,11,20260929-04-11,5,3713,伊藤誠二,52,愛知,55.0,A1,4.93,33.33,6.24,36.0,57,22.73,72,33.87,3,1,https://www1.mbrace.or.jp/od2/B/202609/b260929.lzh,2026-09-29T18:14:32.628069+09:00
20260929,04,平和島,11,20260929-04-11,6,3297,藤丸光一,59,福岡,49.0,B1,4.74,26.42,3.83,12.5,71,30.77,22,34.29,1,5,https://www1.mbrace.or.jp/od2/B/202609/b260929.lzh,2026-09-29T18:14:32.628069+09:00
20260929,04,平和島,12,20260929-04-12,1,3554,仲口博崇,54,愛知,52.0,A1,6.48,51.77,6.03,33.33,49,21.74,15,20.59,41,4,https://www1.mbrace.or.jp/od2/B/202609/b260929.lzh,2026-09-29T18:14:32.628069+09:00
20260929,04,平和島,12,20260929-04-12,2,4027,松江秀徳,48,佐賀,57.0,A2,5.34,32.56,5.76,36.0,28,14.81,51,43.24,6,7,https://www1.mbrace.or.jp/od2/B/202609/b260929.lzh,2026-09-29T18:14:32.628069+09:00
20260929,04,平和島,12,20260929-04-12,3,3793,高橋真吾,53,埼玉,58.0,B1,4.31,27.55,3.52,7.41,24,33.33,47,34.85,3,5,https://www1.mbrace.or.jp/od2/B/202609/b260929.lzh,2026-09-29T18:14:32.628069+09:00
20260929,04,平和島,12,20260929-04-12,4,3430,角浜修,58,広島,56.0,B1,4.33,23.58,4.78,33.33,75,25.0,59,23.08,1,3,https://www1.mbrace.or.jp/od2/B/202609/b260929.lzh,2026-09-29T18:14:32.628069+09:00
20260929,04,平和島,12,20260929-04-12,5,3686,鳥居塚孝,51,群馬,50.0,A2,6.07,36.73,6.48,52.17,18,34.92,52,42.25,3,2,https://www1.mbrace.or.jp/od2/B/202609/b260929.lzh,2026-09-29T18:14:32.628069+09:00
20260929,04,平和島,12,20260929-04-12,6,4077,品田直樹,47,東京,53.0,A2,5.37,33.91,4.92,28.57,25,41.67,12,25.97,1,6,https://www1.mbrace.or.jp/od2/B/202609/b260929.lzh,2026-09-29T18:14:32.628069+09:00
20260929,03,江戸川,1,20260929-03-01,1,4728,山口亮,38,東京,54.0,B1,4.66,27.71,4.94,30.49,41,29.58,39,47.95,6 643,6,https://www1.mbrace.or.jp/od2/B/202609/b260929.lzh,2026-09-29T18:14:32.628069+09:00
20260929,03,江戸川,1,20260929-03-01,2,5235,岩田凌,27,大阪,55.0,B2,3.81,11.94,0.0,0.0,55,38.16,36,39.13,5 6S4,9,https://www1.mbrace.or.jp/od2/B/202609/b260929.lzh,2026-09-29T18:14:32.628069+09:00
20260929,03,江戸川,1,20260929-03-01,3,5244,黒田剛,26,福岡,52.0,B1,4.03,20.0,4.05,16.67,22,31.58,34,28.38,565 46,,https://www1.mbrace.or.jp/od2/B/202609/b260929.lzh,2026-09-29T18:14:32.628069+09:00
20260929,03,江戸川,1,20260929-03-01,4,4035,杉江浩明,47,愛知,52.0,B1,3.54,20.56,3.3,10.0,49,38.46,41,40.0,1 364,5,https://www1.mbrace.or.jp/od2/B/202609/b260929.lzh,2026-09-29T18:14:32.628069+09:00
20260929,03,江戸川,1,20260929-03-01,5,4565,西村豪洋,38,愛知,55.0,B1,4.16,16.35,2.67,0.0,29,21.79,45,28.77,652 43,,https://www1.mbrace.or.jp/od2/B/202609/b260929.lzh,2026-09-29T18:14:32.628069+09:00
20260929,03,江戸川,1,20260929-03-01,6,5424,熊倉幹太,24,東京,54.0,B2,1.5,1.72,1.5,0.0,28,39.73,10,41.43,625 61,,https://www1.mbrace.or.jp/od2/B/202609/b260929.lzh,2026-09-29T18:14:32.628069+09:00
20260929,03,江戸川,2,20260929-03-02,1,4440,萩原知哉,40,東京,55.0,B1,4.6,29.03,5.1,27.59,35,30.56,32,43.06,445 32,9,https://www1.mbrace.or.jp/od2/B/202609/b260929.lzh,2026-09-29T18:14:32.628069+09:00
20260929,03,江戸川,2,20260929-03-02,2,3907,村越篤,48,香川,55.0,B1,5.16,33.33,5.43,33.33,50,23.68,68,30.77,1 146,6,https://www1.mbrace.or.jp/od2/B/202609/b260929.lzh,2026-09-29T18:14:32.628069+09:00
20260929,03,江戸川,2,20260929-03-02,3,4023,柴田友和,49,福岡,53.0,B1,3.67,16.85,4.67,20.63,54,23.29,52,30.67,3 246,10,https://www1.mbrace.or.jp/od2/B/202609/b260929.lzh,2026-09-29T18:14:32.628069+09:00
20260929,03,江戸川,2,20260929-03-02,4,5004,河野主樹,30,大阪,52.0,A2,5.82,38.17,5.03,35.29,62,41.56,31,30.56,2 234,11,https://www1.mbrace.or.jp/od2/B/202609/b260929.lzh,2026-09-29T18:14:32.628069+09:00
20260929,03,江戸川,2,20260929-03-02,5,5212,西川拓利,27,福岡,56.0,A2,6.21,45.97,5.46,32.69,43,33.33,23,18.84,2 333,7,https://www1.mbrace.or.jp/od2/B/202609/b260929.lzh,2026-09-29T18:14:32.628069+09:00
20260929,03,江戸川,2,20260929-03-02,6,4568,廣瀬真也,38,東京,51.0,B1,5.41,33.64,5.88,43.33,34,47.44,22,28.0,254 14,8,https://www1.mbrace.or.jp/od2/B/202609/b260929.lzh,2026-09-29T18:14:32.628069+09:00
20260929,03,江戸川,3,20260929-03-03,1,3906,飯山晃三,48,長崎,64.0,B1,3.66,20.43,3.08,19.23,60,25.0,20,19.72,5 364,10,https://www1.mbrace.or.jp/od2/B/202609/b260929.lzh,2026-09-29T18:14:32.628069+09:00
20260929,03,江戸川,3,20260929-03-03,2,4685,島村隆幸,35,徳島,52.0,A1,7.24,53.77,7.38,62.5,48,33.78,17,35.21,5 441,8,https://www1.mbrace.or.jp/od2/B/202609/b260929.lzh,2026-09-29T18:14:32.628069+09:00
20260929,03,江戸川,3,20260929-03-03,3,4615,板倉敦史,46,東京,52.0,B1,4.66,25.58,4.69,21.13,39,22.39,13,41.33,4 135,12,https://www1.mbrace.or.jp/od2/B/202609/b260929.lzh,2026-09-29T18:14:32.628069+09:00
20260929,03,江戸川,3,20260929-03-03,4,5093,浦野海,24,福岡,56.0,B2,3.17,9.86,5.2,40.0,30,51.43,51,28.77,516 51,,https://www1.mbrace.or.jp/od2/B/202609/b260929.lzh,2026-09-29T18:14:32.628069+09:00
20260929,03,江戸川,3,20260929-03-03,5,3911,鈴木猛,52,東京,54.0,B1,4.72,25.64,5.13,30.28,38,36.99,24,31.25,1 112,11,https://www1.mbrace.or.jp/od2/B/202609/b260929.lzh,2026-09-29T18:14:32.628069+09:00
20260929,03,江戸川,3,20260929-03-03,6,4934,佐々木翔,30,大阪,55.0,A2,5.4,34.65,6.24,35.29,31,39.13,66,30.67,313 22,,https://www1.mbrace.or.jp/od2/B/202609/b260929.lzh,2026-09-29T18:14:32.628069+09:00
20260929,03,江戸川,4,20260929-03-04,1,4724,吉田祐貴,40,佐賀,55.0,B1,3.6,9.33,3.77,13.64,26,31.58,54,27.03,434 54,,https://www1.mbrace.or.jp/od2/B/202609/b260929.lzh,2026-09-29T18:14:32.628069+09:00
20260929,03,江戸川,4,20260929-03-04,2,5073,上原健次,31,福岡,54.0,A2,5.32,31.2,5.03,28.21,56,49.37,43,35.82,1 354,10,https://www1.mbrace.or.jp/od2/B/202609/b260929.lzh,2026-09-29T18:14:32.628069+09:00
20260929,03,江戸川,4,20260929-03-04,3,4610,佐藤大佑,36,東京,54.0,A1,6.12,45.69,6.01,41.72,65,41.33,15,32.43,6 1366,,https://www1.mbrace.or.jp/od2/B/202609/b260929.lzh,2026-09-29T18:14:32.628069+09:00
20260929,03,江戸川,4,20260929-03-04,4,5404,内田壮,22,山口,55.0,B1,2.25,3.61,0.0,0.0,18,31.94,64,45.95,666 66,,https://www1.mbrace.or.jp/od2/B/202609/b260929.lzh,2026-09-29T18:14:32.628069+09:00
20260929,03,江戸川,4,20260929-03-04,5,4875,大塚康雅,32,東京,51.0,B1,5.48,37.14,5.21,34.82,12,38.16,27,51.9,124 55,,https://www1.mbrace.or.jp/od2/B/202609/b260929.lzh,2026-09-29T18:14:32.628069+09:00
20260929,03,江戸川,4,20260929-03-04,6,3934,鋤柄貴俊,49,愛知,52.0,B1,5.15,26.72,5.64,39.39,64,45.57,37,27.03,1 265,9,https://www1.mbrace.or.jp/od2/B/202609/b260929.lzh,2026-09-29T18:14:32.628069+09:00
20260929,03,江戸川,5,20260929-03-05,1,5303,土井歩夢,23,福岡,52.0,A2,5.98,37.5,4.79,24.24,40,20.83,18,29.73,1 524,11,https://www1.mbrace.or.jp/od2/B/202609/b260929.lzh,2026-09-29T18:14:32.628069+09:00
20260929,03,江戸川,5,20260929-03-05,2,4035,杉江浩明,47,愛知,52.0,B1,3.54,20.56,3.3,10.0,49,38.46,41,40.0,1 364,1,https://www1.mbrace.or.jp/od2/B/202609/b260929.lzh,2026-09-29T18:14:32.628069+09:00
20260929,03,江戸川,5,20260929-03-05,3,4540,相原利章,39,東京,53.0,A2,5.14,28.97,6.0,30.0,37,39.47,57,28.57,63552,9,https://www1.mbrace.or.jp/od2/B/202609/b260929.lzh,2026-09-29T18:14:32.628069+09:00
20260929,03,江戸川,5,20260929-03-05,4,5328,井上慧人,22,福岡,53.0,B1,4.35,21.28,3.83,16.67,24,30.77,11,17.81,246 16,,https://www1.mbrace.or.jp/od2/B/202609/b260929.lzh,2026-09-29T18:14:32.628069+09:00
20260929,03,江戸川,5,20260929-03-05,5,4748,渡邉雄朗,40,東京,53.0,A1,6.21,46.15,6.62,46.67,52,40.85,46,30.77,2 113,10,https://www1.mbrace.or.jp/od2/B/202609/b260929.lzh,2026-09-29T18:14:32.628069+09:00
20260929,03,江戸川,5,20260929-03-05,6,4231,鈴木裕隆,43,愛知,55.0,B1,5.39,34.43,6.07,44.83,47,18.92,40,40.0,6 356,12,https://www1.mbrace.or.jp/od2/B/202609/b260929.lzh,2026-09-29T18:14:32.628069+09:00
20260929,03,江戸川,6,20260929-03-06,1,3482,金子猛志,55,群馬,61.0,B1,4.81,29.17,5.62,35.63,59,33.78,12,35.06,2 622,10,https://www1.mbrace.or.jp/od2/B/202609/b260929.lzh,2026-09-29T18:14:32.628069+09:00
20260929,03,江戸川,6,20260929-03-06,2,4644,山田亮太,47,東京,52.0,A1,6.64,48.89,5.99,38.61,53,33.78,61,44.0,3 412,12,https://www1.mbrace.or.jp/od2/B/202609/b260929.lzh,2026-09-29T18:14:32.628069+09:00
20260929,03,江戸川,6,20260929-03-06,3,4550,石岡将太,37,群馬,58.0,A2,4.87,23.58,5.48,44.78,51,28.0,25,30.77,4 325,11,https://www1.mbrace.or.jp/od2/B/202609/b260929.lzh,2026-09-29T18:14:32.628069+09:00
20260929,03,江戸川,6,20260929-03-06,4,4728,山口亮,38,東京,54.0,B1,4.66,27.71,4.94,30.49,41,29.58,39,47.95,6 643,1,https://www1.mbrace.or.jp/od2/B/202609/b260929.lzh,2026-09-29T18:14:32.628069+09:00
20260929,03,江戸川,6,20260929-03-06,5,3907,村越篤,48,香川,55.0,B1,5.16,33.33,5.43,33.33,50,23.68,68,30.77,1 146,2,https://www1.mbrace.or.jp/od2/B/202609/b260929.lzh,2026-09-29T18:14:32.628069+09:00
20260929,03,江戸川,6,20260929-03-06,6,4201,佐竹友樹,44,埼玉,53.0,B1,4.33,21.37,4.07,19.3,33,31.94,28,41.1,451 24,,https://www1.mbrace.or.jp/od2/B/202609/b260929.lzh,2026-09-29T18:14:32.628069+09:00
20260929,03,江戸川,7,20260929-03-07,1,5212,西川拓利,27,福岡,56.0,A2,6.21,45.97,5.46,32.69,43,33.33,23,18.84,2 333,2,https://www1.mbrace.or.jp/od2/B/202609/b260929.lzh,2026-09-29T18:14:32.628069+09:00
20260929,03,江戸川,7,20260929-03-07,2,4259,真庭明志,42,長崎,53.0,A2,5.63,34.81,7.3,60.0,61,29.73,48,29.49,1 451,12,https://www1.mbrace.or.jp/od2/B/202609/b260929.lzh,2026-09-29T18:14:32.628069+09:00
20260929,03,江戸川,7,20260929-03-07,3,5219,森口和紀,25,福岡,52.0,B1,5.42,39.42,4.13,18.75,15,30.77,30,32.0,441 11,,https://www1.mbrace.or.jp/od2/B/202609/b260929.lzh,2026-09-29T18:14:32.628069+09:00
20260929,03,江戸川,7,20260929-03-07,4,5172,田村慶,25,徳島,53.0,B1,4.99,34.0,5.7,40.0,25,42.47,58,18.06,535 36,,https://www1.mbrace.or.jp/od2/B/202609/b260929.lzh,2026-09-29T18:14:32.628069+09:00
20260929,03,江戸川,7,20260929-03-07,5,4873,蒲原健太,32,佐賀,53.0,B1,4.93,30.83,2.83,16.67,20,33.78,55,44.12,356 56,,https://www1.mbrace.or.jp/od2/B/202609/b260929.lzh,2026-09-29T18:14:32.628069+09:00
20260929,03,江戸川,7,20260929-03-07,6,3503,堂原洋史,56,埼玉,51.0,B1,3.7,17.0,4.8,24.62,57,45.21,60,37.04,2 263,11,https://www1.mbrace.or.jp/od2/B/202609/b260929.lzh,2026-09-29T18:14:32.628069+09:00
20260929,03,江戸川,8,20260929-03-08,1,4952,吉武真也,32,福岡,54.0,B1,4.17,20.69,4.26,22.22,21,25.76,38,24.64,455 25,,https://www1.mbrace.or.jp/od2/B/202609/b260929.lzh,2026-09-29T18:14:32.628069+09:00
20260929,03,江戸川,8,20260929-03-08,2,4568,廣瀬真也,38,東京,51.0,B1,5.41,33.64,5.88,43.33,34,47.44,22,28.0,254 14,2,https://www1.mbrace.or.jp/od2/B/202609/b260929.lzh,2026-09-29T18:14:32.628069+09:00
20260929,03,江戸川,8,20260929-03-08,3,4685,島村隆幸,35,徳島,52.0,A1,7.24,53.77,7.38,62.5,48,33.78,17,35.21,5 441,3,https://www1.mbrace.or.jp/od2/B/202609/b260929.lzh,2026-09-29T18:14:32.628069+09:00
20260929,03,江戸川,8,20260929-03-08,4,5032,谷口知優,28,香川,54.0,A2,5.0,31.45,6.75,50.0,36,46.67,26,34.67,343 22,12,https://www1.mbrace.or.jp/od2/B/202609/b260929.lzh,2026-09-29T18:14:32.628069+09:00
20260929,03,江戸川,8,20260929-03-08,5,4957,竹之内極,31,福岡,58.0,B1,5.41,34.26,6.3,54.35,19,25.0,14,24.66,632 13,,https://www1.mbrace.or.jp/od2/B/202609/b260929.lzh,2026-09-29T18:14:32.628069+09:00
20260929,03,江戸川,8,20260929-03-08,6,3508,久富政弘,55,佐賀,54.0,A2,5.0,28.85,4.45,27.27,16,33.8,29,39.47,162 35,,https://www1.mbrace.or.jp/od2/B/202609/b260929.lzh,2026-09-29T18:14:32.628069+09:00
20260929,03,江戸川,9,20260929-03-09,1,4637,中田友也,36,埼玉,58.0,A2,5.64,38.57,5.0,22.22,10,35.21,49,45.95,2 4535,,https://www1.mbrace.or.jp/od2/B/202609/b260929.lzh,2026-09-29T18:14:32.628069+09:00
20260929,03,江戸川,9,20260929-03-09,2,4377,濱本優一,42,大阪,50.0,A1,5.43,35.77,6.61,50.0,27,35.14,56,38.03,342 51,,https://www1.mbrace.or.jp/od2/B/202609/b260929.lzh,2026-09-29T18:14:32.628069+09:00
20260929,03,江戸川,9,20260929-03-09,3,5235,岩田凌,27,大阪,55.0,B2,3.81,11.94,0.0,0.0,55,38.16,36,39.13,5 6S4,1,https://www1.mbrace.or.jp/od2/B/202609/b260929.lzh,2026-09-29T18:14:32.628069+09:00
20260929,03,江戸川,9,20260929-03-09,4,4440,萩原知哉,40,東京,55.0,B1,4.6,29.03,5.1,27.59,35,30.56,32,43.06,445 32,2,https://www1.mbrace.or.jp/od2/B/202609/b260929.lzh,2026-09-29T18:14:32.628069+09:00
20260929,03,江戸川,9,20260929-03-09,5,3934,鋤柄貴俊,49,愛知,52.0,B1,5.15,26.72,5.64,39.39,64,45.57,37,27.03,1 265,4,https://www1.mbrace.or.jp/od2/B/202609/b260929.lzh,2026-09-29T18:14:32.628069+09:00
20260929,03,江戸川,9,20260929-03-09,6,4540,相原利章,39,東京,53.0,A2,5.14,28.97,6.0,30.0,37,39.47,57,28.57,63552,5,https://www1.mbrace.or.jp/od2/B/202609/b260929.lzh,2026-09-29T18:14:32.628069+09:00
20260929,03,江戸川,10,20260929-03-10,1,4748,渡邉雄朗,40,東京,53.0,A1,6.21,46.15,6.62,46.67,52,40.85,46,30.77,2 113,5,https://www1.mbrace.or.jp/od2/B/202609/b260929.lzh,2026-09-29T18:14:32.628069+09:00
20260929,03,江戸川,10,20260929-03-10,2,4508,野間大樹,38,大阪,53.0,A2,4.92,27.78,5.1,40.0,32,38.46,65,24.24,331 14,,https://www1.mbrace.or.jp/od2/B/202609/b260929.lzh,2026-09-29T18:14:32.628069+09:00
20260929,03,江戸川,10,20260929-03-10,3,3482,金子猛志,55,群馬,61.0,B1,4.81,29.17,5.62,35.63,59,33.78,12,35.06,2 622,6,https://www1.mbrace.or.jp/od2/B/202609/b260929.lzh,2026-09-29T18:14:32.628069+09:00
20260929,03,江戸川,10,20260929-03-10,4,3906,飯山晃三,48,長崎,64.0,B1,3.66,20.43,3.08,19.23,60,25.0,20,19.72,5 364,3,https://www1.mbrace.or.jp/od2/B/202609/b260929.lzh,2026-09-29T18:14:32.628069+09:00
20260929,03,江戸川,10,20260929-03-10,5,4023,柴田友和,49,福岡,53.0,B1,3.67,16.85,4.67,20.63,54,23.29,52,30.67,3 246,2,https://www1.mbrace.or.jp/od2/B/202609/b260929.lzh,2026-09-29T18:14:32.628069+09:00
20260929,03,江戸川,10,20260929-03-10,6,5073,上原健次,31,福岡,54.0,A2,5.32,31.2,5.03,28.21,56,49.37,43,35.82,1 354,4,https://www1.mbrace.or.jp/od2/B/202609/b260929.lzh,2026-09-29T18:14:32.628069+09:00
20260929,03,江戸川,11,20260929-03-11,1,4364,池永太,41,福岡,54.0,A1,6.03,41.96,6.58,45.0,17,35.62,62,32.47,211 13,,https://www1.mbrace.or.jp/od2/B/202609/b260929.lzh,2026-09-29T18:14:32.628069+09:00
20260929,03,江戸川,11,20260929-03-11,2,3503,堂原洋史,56,埼玉,51.0,B1,3.7,17.0,4.8,24.62,57,45.21,60,37.04,2 263,7,https://www1.mbrace.or.jp/od2/B/202609/b260929.lzh,2026-09-29T18:14:32.628069+09:00
20260929,03,江戸川,11,20260929-03-11,3,5004,河野主樹,30,大阪,52.0,A2,5.82,38.17,5.03,35.29,62,41.56,31,30.56,2 234,2,https://www1.mbrace.or.jp/od2/B/202609/b260929.lzh,2026-09-29T18:14:32.628069+09:00
20260929,03,江戸川,11,20260929-03-11,4,5303,土井歩夢,23,福岡,52.0,A2,5.98,37.5,4.79,24.24,40,20.83,18,29.73,1 524,5,https://www1.mbrace.or.jp/od2/B/202609/b260929.lzh,2026-09-29T18:14:32.628069+09:00
20260929,03,江戸川,11,20260929-03-11,5,4550,石岡将太,37,群馬,58.0,A2,4.87,23.58,5.48,44.78,51,28.0,25,30.77,4 325,6,https://www1.mbrace.or.jp/od2/B/202609/b260929.lzh,2026-09-29T18:14:32.628069+09:00
20260929,03,江戸川,11,20260929-03-11,6,3911,鈴木猛,52,東京,54.0,B1,4.72,25.64,5.13,30.28,38,36.99,24,31.25,1 112,3,https://www1.mbrace.or.jp/od2/B/202609/b260929.lzh,2026-09-29T18:14:32.628069+09:00
20260929,03,江戸川,12,20260929-03-12,1,4644,山田亮太,47,東京,52.0,A1,6.64,48.89,5.99,38.61,53,33.78,61,44.0,3 412,6,https://www1.mbrace.or.jp/od2/B/202609/b260929.lzh,2026-09-29T18:14:32.628069+09:00
20260929,03,江戸川,12,20260929-03-12,2,4231,鈴木裕隆,43,愛知,55.0,B1,5.39,34.43,6.07,44.83,47,18.92,40,40.0,6 356,5,https://www1.mbrace.or.jp/od2/B/202609/b260929.lzh,2026-09-29T18:14:32.628069+09:00
20260929,03,江戸川,12,20260929-03-12,3,4259,真庭明志,42,長崎,53.0,A2,5.63,34.81,7.3,60.0,61,29.73,48,29.49,1 451,7,https://www1.mbrace.or.jp/od2/B/202609/b260929.lzh,2026-09-29T18:14:32.628069+09:00
20260929,03,江戸川,12,20260929-03-12,4,5035,櫻井優,28,埼玉,53.0,A2,5.4,37.19,5.56,22.22,70,20.0,53,47.89,2 2423,,https://www1.mbrace.or.jp/od2/B/202609/b260929.lzh,2026-09-29T18:14:32.628069+09:00
20260929,03,江戸川,12,20260929-03-12,5,5032,谷口知優,28,香川,54.0,A2,5.0,31.45,6.75,50.0,36,46.67,26,34.67,343 22,8,https://www1.mbrace.or.jp/od2/B/202609/b260929.lzh,2026-09-29T18:14:32.628069+09:00
20260929,03,江戸川,12,20260929-03-12,6,4615,板倉敦史,46,東京,52.0,B1,4.66,25.58,4.69,21.13,39,22.39,13,41.33,4 135,3,https://www1.mbrace.or.jp/od2/B/202609/b260929.lzh,2026-09-29T18:14:32.628069+09:00
20260929,02,戸田,1,20260929-02-01,1,2538,高橋二朗,77,東京,52.0,B1,3.15,5.15,3.13,12.5,25,24.0,36,39.29,5 355,8,https://www1.mbrace.or.jp/od2/B/202609/b260929.lzh,2026-09-29T18:14:32.628069+09:00
20260929,02,戸田,1,20260929-02-01,2,3801,五反田忍,52,大阪,51.0,B1,4.12,23.29,3.76,28.57,49,37.5,64,21.43,6 566,9,https://www1.mbrace.or.jp/od2/B/202609/b260929.lzh,2026-09-29T18:14:32.628069+09:00
20260929,02,戸田,1,20260929-02-01,3,4982,中村将隆,30,兵庫,56.0,B1,4.9,27.85,6.29,57.14,34,41.94,69,26.67,462 43,,https://www1.mbrace.or.jp/od2/B/202609/b260929.lzh,2026-09-29T18:14:32.628069+09:00
20260929,02,戸田,1,20260929-02-01,4,5258,仲本舜,21,福岡,54.0,B1,3.84,19.75,3.0,0.0,60,39.39,76,28.57,455 2,9,https://www1.mbrace.or.jp/od2/B/202609/b260929.lzh,2026-09-29T18:14:32.628069+09:00
20260929,02,戸田,1,20260929-02-01,5,5433,米本圭佑,21,東京,52.0,B2,2.15,2.7,2.36,7.14,35,32.26,22,43.33,5 665,6,https://www1.mbrace.or.jp/od2/B/202609/b260929.lzh,2026-09-29T18:14:32.628069+09:00
20260929,02,戸田,1,20260929-02-01,6,5445,一ノ木匠,24,三重,51.0,B2,1.58,0.0,0.0,0.0,17,25.0,77,48.28,6 466,5,https://www1.mbrace.or.jp/od2/B/202609/b260929.lzh,2026-09-29T18:14:32.628069+09:00
20260929,02,戸田,2,20260929-02-02,1,4340,土性雅也,42,三重,55.0,B2,3.35,15.38,0.0,0.0,26,32.35,12,26.92,6 634,6,https://www1.mbrace.or.jp/od2/B/202609/b260929.lzh,2026-09-29T18:14:32.628069+09:00
20260929,02,戸田,2,20260929-02-02,2,4466,南佑典,40,三重,52.0,A2,5.71,37.61,5.47,41.18,41,19.23,46,28.57,4 5226,9,https://www1.mbrace.or.jp/od2/B/202609/b260929.lzh,2026-09-29T18:14:32.628069+09:00
20260929,02,戸田,2,20260929-02-02,3,5226,藤田俊祐,24,東京,52.0,B1,5.72,34.18,5.38,35.14,36,42.11,55,16.0,123 34,11,https://www1.mbrace.or.jp/od2/B/202609/b260929.lzh,2026-09-29T18:14:32.628069+09:00
20260929,02,戸田,2,20260929-02-02,4,5002,上田健太,30,愛知,51.0,A2,5.5,33.96,5.5,33.33,16,23.33,34,38.24,5 5221,9,https://www1.mbrace.or.jp/od2/B/202609/b260929.lzh,2026-09-29T18:14:32.628069+09:00
20260929,02,戸田,2,20260929-02-02,5,3800,牧宏次,52,東京,52.0,A2,5.56,34.04,4.13,21.74,29,31.43,67,26.09,3 1551,6,https://www1.mbrace.or.jp/od2/B/202609/b260929.lzh,2026-09-29T18:14:32.628069+09:00
20260929,02,戸田,2,20260929-02-02,6,5410,今泉澪,21,愛知,49.0,B2,1.76,0.0,0.0,0.0,11,40.0,58,58.06,6 666,7,https://www1.mbrace.or.jp/od2/B/202609/b260929.lzh,2026-09-29T18:14:32.628069+09:00
20260929,02,戸田,3,20260929-02-03,1,3539,金子順一,58,山口,52.0,B1,4.37,21.5,3.67,11.11,5,33.33,45,35.71,264 54,,https://www1.mbrace.or.jp/od2/B/202609/b260929.lzh,2026-09-29T18:14:32.628069+09:00
20260929,02,戸田,3,20260929-02-03,2,5003,来田衣織,30,兵庫,46.0,B1,5.05,36.54,4.96,29.17,6,36.0,74,39.39,333 61,,https://www1.mbrace.or.jp/od2/B/202609/b260929.lzh,2026-09-29T18:14:32.628069+09:00
20260929,02,戸田,3,20260929-02-03,3,4640,山ノ内雅,35,福岡,53.0,A2,5.77,36.84,6.39,35.48,12,34.15,73,35.71,314 25,8,https://www1.mbrace.or.jp/od2/B/202609/b260929.lzh,2026-09-29T18:14:32.628069+09:00
20260929,02,戸田,3,20260929-02-03,4,4462,夏山亮平,40,大阪,56.0,B1,4.65,28.21,4.24,20.59,9,24.14,16,26.67,664 1,7,https://www1.mbrace.or.jp/od2/B/202609/b260929.lzh,2026-09-29T18:14:32.628069+09:00
20260929,02,戸田,3,20260929-02-03,5,3857,阿波勝哉,53,東京,54.0,B1,4.94,29.7,4.18,23.53,4,46.67,24,32.26,156 4,7,https://www1.mbrace.or.jp/od2/B/202609/b260929.lzh,2026-09-29T18:14:32.628069+09:00
20260929,02,戸田,3,20260929-02-03,6,4500,山田康二,38,佐賀,54.0,A1,7.87,55.96,8.23,53.85,14,54.84,59,39.13,231131,12,https://www1.mbrace.or.jp/od2/B/202609/b260929.lzh,2026-09-29T18:14:32.628069+09:00
20260929,02,戸田,4,20260929-02-04,1,4145,小澤学,44,東京,53.0,B1,3.99,15.38,4.36,13.33,10,30.0,48,28.57,3 2442,10,https://www1.mbrace.or.jp/od2/B/202609/b260929.lzh,2026-09-29T18:14:32.628069+09:00
20260929,02,戸田,4,20260929-02-04,2,4876,梅木敬太,32,福井,54.0,B1,4.99,30.43,5.22,29.63,37,4.0,41,30.0,232 16,12,https://www1.mbrace.or.jp/od2/B/202609/b260929.lzh,2026-09-29T18:14:32.628069+09:00
20260929,02,戸田,4,20260929-02-04,3,3661,柳瀬興志,57,山口,59.0,A2,4.39,24.55,4.85,25.93,40,21.88,63,39.39,345 43,10,https://www1.mbrace.or.jp/od2/B/202609/b260929.lzh,2026-09-29T18:14:32.628069+09:00
20260929,02,戸田,4,20260929-02-04,4,4906,鈴木雅希,31,東京,53.0,A2,5.59,36.94,5.2,30.0,32,43.75,52,24.0,231 52,8,https://www1.mbrace.or.jp/od2/B/202609/b260929.lzh,2026-09-29T18:14:32.628069+09:00
20260929,02,戸田,4,20260929-02-04,5,4356,長岡良也,42,兵庫,51.0,A2,6.11,43.43,6.96,54.17,3,40.48,60,28.57,11234,12,https://www1.mbrace.or.jp/od2/B/202609/b260929.lzh,2026-09-29T18:14:32.628069+09:00
20260929,02,戸田,4,20260929-02-04,6,3873,別府昌樹,50,広島,54.0,B1,5.13,30.59,5.33,41.67,19,20.0,38,28.57,12151,11,https://www1.mbrace.or.jp/od2/B/202609/b260929.lzh,2026-09-29T18:14:32.628069+09:00
20260929,02,戸田,5,20260929-02-05,1,4524,深谷知博,38,静岡,52.0,A1,6.59,35.56,7.24,35.29,38,11.11,11,45.45,1132S2,12,https://www1.mbrace.or.jp/od2/B/202609/b260929.lzh,2026-09-29T18:14:32.628069+09:00
20260929,02,戸田,5,20260929-02-05,2,3747,國崎良春,51,福岡,54.0,A2,5.83,39.58,6.43,71.43,28,6.9,72,35.48,46646,10,https://www1.mbrace.or.jp/od2/B/202609/b260929.lzh,2026-09-29T18:14:32.628069+09:00
20260929,02,戸田,5,20260929-02-05,3,5203,神里琴音,22,福岡,44.0,B1,5.17,28.89,5.39,38.89,33,27.59,54,24.0,242 54,,https://www1.mbrace.or.jp/od2/B/202609/b260929.lzh,2026-09-29T18:14:32.628069+09:00
20260929,02,戸田,5,20260929-02-05,4,5246,楠将太郎,24,埼玉,52.0,A2,4.97,33.33,5.1,36.51,42,32.14,40,32.14,11452,11,https://www1.mbrace.or.jp/od2/B/202609/b260929.lzh,2026-09-29T18:14:32.628069+09:00
20260929,02,戸田,5,20260929-02-05,5,5445,一ノ木匠,24,三重,51.0,B2,1.58,0.0,0.0,0.0,17,25.0,77,48.28,6 466,1,https://www1.mbrace.or.jp/od2/B/202609/b260929.lzh,2026-09-29T18:14:32.628069+09:00
20260929,02,戸田,5,20260929-02-05,6,3381,滝沢芳行,58,埼玉,54.0,B1,5.07,30.43,5.93,41.04,23,29.63,75,5.0,3 5315,,https://www1.mbrace.or.jp/od2/B/202609/b260929.lzh,2026-09-29T18:14:32.628069+09:00
20260929,02,戸田,6,20260929-02-06,1,3800,牧宏次,52,東京,52.0,A2,5.56,34.04,4.13,21.74,29,31.43,67,26.09,3 1551,2,https://www1.mbrace.or.jp/od2/B/202609/b260929.lzh,2026-09-29T18:14:32.628069+09:00
20260929,02,戸田,6,20260929-02-06,2,4734,安河内将,36,佐賀,53.0,A1,7.05,51.72,6.06,37.5,21,54.84,18,33.33,554413,,https://www1.mbrace.or.jp/od2/B/202609/b260929.lzh,2026-09-29T18:14:32.628069+09:00
20260929,02,戸田,6,20260929-02-06,3,5277,井上未都,24,福岡,46.0,B1,4.82,24.73,4.11,22.22,24,25.0,56,26.67,212 13,12,https://www1.mbrace.or.jp/od2/B/202609/b260929.lzh,2026-09-29T18:14:32.628069+09:00
20260929,02,戸田,6,20260929-02-06,4,4340,土性雅也,42,三重,55.0,B2,3.35,15.38,0.0,0.0,26,32.35,12,26.92,6 634,2,https://www1.mbrace.or.jp/od2/B/202609/b260929.lzh,2026-09-29T18:14:32.628069+09:00
20260929,02,戸田,6,20260929-02-06,5,4012,中村有裕,47,滋賀,55.0,A2,6.4,47.31,5.57,39.13,30,30.0,39,27.27,3 3122,11,https://www1.mbrace.or.jp/od2/B/202609/b260929.lzh,2026-09-29T18:14:32.628069+09:00
20260929,02,戸田,6,20260929-02-06,6,5433,米本圭佑,21,東京,52.0,B2,2.15,2.7,2.36,7.14,35,32.26,22,43.33,5 665,1,https://www1.mbrace.or.jp/od2/B/202609/b260929.lzh,2026-09-29T18:14:32.628069+09:00
20260929,02,戸田,7,20260929-02-07,1,3737,上平真二,52,広島,53.0,A1,6.96,50.5,6.29,41.67,62,25.0,28,51.72,422423,11,https://www1.mbrace.or.jp/od2/B/202609/b260929.lzh,2026-09-29T18:14:32.628069+09:00
20260929,02,戸田,7,20260929-02-07,2,5096,上原崚,31,東京,52.0,A2,5.95,37.1,4.93,35.71,43,53.85,61,25.0,5 3123,11,https://www1.mbrace.or.jp/od2/B/202609/b260929.lzh,2026-09-29T18:14:32.628069+09:00
20260929,02,戸田,7,20260929-02-07,3,4462,夏山亮平,40,大阪,56.0,B1,4.65,28.21,4.24,20.59,9,24.14,16,26.67,664 1,3,https://www1.mbrace.or.jp/od2/B/202609/b260929.lzh,2026-09-29T18:14:32.628069+09:00
20260929,02,戸田,7,20260929-02-07,4,3857,阿波勝哉,53,東京,54.0,B1,4.94,29.7,4.18,23.53,4,46.67,24,32.26,156 4,3,https://www1.mbrace.or.jp/od2/B/202609/b260929.lzh,2026-09-29T18:14:32.628069+09:00
20260929,02,戸田,7,20260929-02-07,5,5410,今泉澪,21,愛知,49.0,B2,1.76,0.0,0.0,0.0,11,40.0,58,58.06,6 666,2,https://www1.mbrace.or.jp/od2/B/202609/b260929.lzh,2026-09-29T18:14:32.628069+09:00
20260929,02,戸田,7,20260929-02-07,6,3507,藤井徹,55,大阪,52.0,B1,4.24,24.05,4.33,16.67,39,13.04,30,24.14,5 453,,https://www1.mbrace.or.jp/od2/B/202609/b260929.lzh,2026-09-29T18:14:32.628069+09:00
20260929,02,戸田,8,20260929-02-08,1,4640,山ノ内雅,35,福岡,53.0,A2,5.77,36.84,6.39,35.48,12,34.15,73,35.71,314 25,3,https://www1.mbrace.or.jp/od2/B/202609/b260929.lzh,2026-09-29T18:14:32.628069+09:00
20260929,02,戸田,8,20260929-02-08,2,3748,小黒竜吾,51,埼玉,58.0,B1,4.05,13.16,4.33,18.6,27,41.38,19,22.22,4 1435,,https://www1.mbrace.or.jp/od2/B/202609/b260929.lzh,2026-09-29T18:14:32.628069+09:00
20260929,02,戸田,8,20260929-02-08,3,4906,鈴木雅希,31,東京,53.0,A2,5.59,36.94,5.2,30.0,32,43.75,52,24.0,231 52,4,https://www1.mbrace.or.jp/od2/B/202609/b260929.lzh,2026-09-29T18:14:32.628069+09:00
20260929,02,戸田,8,20260929-02-08,4,4526,池田雄祐,38,愛知,51.0,A2,5.04,28.38,5.88,53.13,18,50.0,27,24.0,4 1214,12,https://www1.mbrace.or.jp/od2/B/202609/b260929.lzh,2026-09-29T18:14:32.628069+09:00
20260929,02,戸田,8,20260929-02-08,5,2538,高橋二朗,77,東京,52.0,B1,3.15,5.15,3.13,12.5,25,24.0,36,39.29,5 355,1,https://www1.mbrace.or.jp/od2/B/202609/b260929.lzh,2026-09-29T18:14:32.628069+09:00
20260929,02,戸田,8,20260929-02-08,6,5389,恵良琴美,19,福岡,41.0,B1,2.52,2.94,3.0,0.0,13,38.71,66,20.69,6 5266,,https://www1.mbrace.or.jp/od2/B/202609/b260929.lzh,2026-09-29T18:14:32.628069+09:00
20260929,02,戸田,9,20260929-02-09,1,5002,上田健太,30,愛知,51.0,A2,5.5,33.96,5.5,33.33,16,23.33,34,38.24,5 5221,2,https://www1.mbrace.or.jp/od2/B/202609/b260929.lzh,2026-09-29T18:14:32.628069+09:00
20260929,02,戸田,9,20260929-02-09,2,4832,権藤俊光,39,大阪,52.0,A1,6.79,48.94,4.5,25.0,15,55.0,23,33.33,141335,,https://www1.mbrace.or.jp/od2/B/202609/b260929.lzh,2026-09-29T18:14:32.628069+09:00
20260929,02,戸田,9,20260929-02-09,3,5258,仲本舜,21,福岡,54.0,B1,3.84,19.75,3.0,0.0,60,39.39,76,28.57,455 2,1,https://www1.mbrace.or.jp/od2/B/202609/b260929.lzh,2026-09-29T18:14:32.628069+09:00
20260929,02,戸田,9,20260929-02-09,4,4466,南佑典,40,三重,52.0,A2,5.71,37.61,5.47,41.18,41,19.23,46,28.57,4 5226,2,https://www1.mbrace.or.jp/od2/B/202609/b260929.lzh,2026-09-29T18:14:32.628069+09:00
20260929,02,戸田,9,20260929-02-09,5,3801,五反田忍,52,大阪,51.0,B1,4.12,23.29,3.76,28.57,49,37.5,64,21.43,6 566,1,https://www1.mbrace.or.jp/od2/B/202609/b260929.lzh,2026-09-29T18:14:32.628069+09:00
20260929,02,戸田,9,20260929-02-09,6,3463,乙津康志,59,東京,52.0,B1,4.39,22.68,4.35,23.53,7,26.67,32,51.52,543 35,,https://www1.mbrace.or.jp/od2/B/202609/b260929.lzh,2026-09-29T18:14:32.628069+09:00
20260929,02,戸田,10,20260929-02-10,1,4587,木田峰由,35,福井,55.0,A1,5.86,44.34,4.88,23.53,20,30.0,25,29.03,663116,,https://www1.mbrace.or.jp/od2/B/202609/b260929.lzh,2026-09-29T18:14:32.628069+09:00
20260929,02,戸田,10,20260929-02-10,2,4145,小澤学,44,東京,53.0,B1,3.99,15.38,4.36,13.33,10,30.0,48,28.57,3 2442,4,https://www1.mbrace.or.jp/od2/B/202609/b260929.lzh,2026-09-29T18:14:32.628069+09:00
20260929,02,戸田,10,20260929-02-10,3,3747,國崎良春,51,福岡,54.0,A2,5.83,39.58,6.43,71.43,28,6.9,72,35.48,46646,5,https://www1.mbrace.or.jp/od2/B/202609/b260929.lzh,2026-09-29T18:14:32.628069+09:00
20260929,02,戸田,10,20260929-02-10,4,4183,宇野弥生,40,愛知,47.0,B1,4.77,34.62,6.63,52.5,8,42.5,37,51.43,426 46,,https://www1.mbrace.or.jp/od2/B/202609/b260929.lzh,2026-09-29T18:14:32.628069+09:00
20260929,02,戸田,10,20260929-02-10,5,3661,柳瀬興志,57,山口,59.0,A2,4.39,24.55,4.85,25.93,40,21.88,63,39.39,345 43,4,https://www1.mbrace.or.jp/od2/B/202609/b260929.lzh,2026-09-29T18:14:32.628069+09:00
20260929,02,戸田,10,20260929-02-10,6,3277,齋藤勇,60,東京,51.0,B1,4.52,23.91,2.33,0.0,31,25.81,31,17.24,251 54,,https://www1.mbrace.or.jp/od2/B/202609/b260929.lzh,2026-09-29T18:14:32.628069+09:00
20260929,02,戸田,11,20260929-02-11,1,3873,別府昌樹,50,広島,54.0,B1,5.13,30.59,5.33,41.67,19,20.0,38,28.57,12151,4,https://www1.mbrace.or.jp/od2/B/202609/b260929.lzh,2026-09-29T18:14:32.628069+09:00
20260929,02,戸田,11,20260929-02-11,2,4012,中村有裕,47,滋賀,55.0,A2,6.4,47.31,5.57,39.13,30,30.0,39,27.27,3 3122,6,https://www1.mbrace.or.jp/od2/B/202609/b260929.lzh,2026-09-29T18:14:32.628069+09:00
20260929,02,戸田,11,20260929-02-11,3,5246,楠将太郎,24,埼玉,52.0,A2,4.97,33.33,5.1,36.51,42,32.14,40,32.14,11452,5,https://www1.mbrace.or.jp/od2/B/202609/b260929.lzh,2026-09-29T18:14:32.628069+09:00
20260929,02,戸田,11,20260929-02-11,4,5226,藤田俊祐,24,東京,52.0,B1,5.72,34.18,5.38,35.14,36,42.11,55,16.0,123 34,2,https://www1.mbrace.or.jp/od2/B/202609/b260929.lzh,2026-09-29T18:14:32.628069+09:00
20260929,02,戸田,11,20260929-02-11,5,5096,上原崚,31,東京,52.0,A2,5.95,37.1,4.93,35.71,43,53.85,61,25.0,5 3123,7,https://www1.mbrace.or.jp/od2/B/202609/b260929.lzh,2026-09-29T18:14:32.628069+09:00
20260929,02,戸田,11,20260929-02-11,6,3737,上平真二,52,広島,53.0,A1,6.96,50.5,6.29,41.67,62,25.0,28,51.72,422423,7,https://www1.mbrace.or.jp/od2/B/202609/b260929.lzh,2026-09-29T18:14:32.628069+09:00
20260929,02,戸田,12,20260929-02-12,1,4500,山田康二,38,佐賀,54.0,A1,7.87,55.96,8.23,53.85,14,54.84,59,39.13,231131,3,https://www1.mbrace.or.jp/od2/B/202609/b260929.lzh,2026-09-29T18:14:32.628069+09:00
20260929,02,戸田,12,20260929-02-12,2,4356,長岡良也,42,兵庫,51.0,A2,6.11,43.43,6.96,54.17,3,40.48,60,28.57,11234,4,https://www1.mbrace.or.jp/od2/B/202609/b260929.lzh,2026-09-29T18:14:32.628069+09:00
20260929,02,戸田,12,20260929-02-12,3,4526,池田雄祐,38,愛知,51.0,A2,5.04,28.38,5.88,53.13,18,50.0,27,24.0,4 1214,8,https://www1.mbrace.or.jp/od2/B/202609/b260929.lzh,2026-09-29T18:14:32.628069+09:00
20260929,02,戸田,12,20260929-02-12,4,5277,井上未都,24,福岡,46.0,B1,4.82,24.73,4.11,22.22,24,25.0,56,26.67,212 13,6,https://www1.mbrace.or.jp/od2/B/202609/b260929.lzh,2026-09-29T18:14:32.628069+09:00
20260929,02,戸田,12,20260929-02-12,5,4876,梅木敬太,32,福井,54.0,B1,4.99,30.43,5.22,29.63,37,4.0,41,30.0,232 16,4,https://www1.mbrace.or.jp/od2/B/202609/b260929.lzh,2026-09-29T18:14:32.628069+09:00
20260929,02,戸田,12,20260929-02-12,6,4524,深谷知博,38,静岡,52.0,A1,6.59,35.56,7.24,35.29,38,11.11,11,45.45,1132S2,5,https://www1.mbrace.or.jp/od2/B/202609/b260929.lzh,2026-09-29T18:14:32.628069+09:00
