date,venue_code,venue_name,race,race_id,boat,registration_no,racer_name,age,branch,weight_kg,grade,national_win_rate,national_top2_rate,local_win_rate,local_top2_rate,motor_no,motor_top2_rate,boat_no,boat_top2_rate,series_results_raw,early_race_raw,source_url,collected_at
20260930,24,大村,1,20260930-24-01,1,4004,山本浩輔,48,長崎,52.0,B1,4.88,27.66,4.91,26.15,61,37.84,83,22.64,236,10,https://www1.mbrace.or.jp/od2/B/202609/b260930.lzh,2026-09-30T03:27:51.057218+09:00
20260930,24,大村,1,20260930-24-01,2,5065,伊久間陽,28,群馬,54.0,A2,5.37,36.59,6.45,54.55,79,30.88,41,16.36,4 62,9,https://www1.mbrace.or.jp/od2/B/202609/b260930.lzh,2026-09-30T03:27:51.057218+09:00
20260930,24,大村,1,20260930-24-01,3,4339,平瀬城啓,42,福井,53.0,B1,4.0,16.3,4.32,17.65,73,31.08,50,42.86,445,8,https://www1.mbrace.or.jp/od2/B/202609/b260930.lzh,2026-09-30T03:27:51.057218+09:00
20260930,24,大村,1,20260930-24-01,4,3827,今泉徹,53,群馬,52.0,B1,4.02,14.15,0.0,0.0,19,36.25,58,28.57,6 45,7,https://www1.mbrace.or.jp/od2/B/202609/b260930.lzh,2026-09-30T03:27:51.057218+09:00
20260930,24,大村,1,20260930-24-01,5,4204,柴田大輔,44,福岡,52.0,B1,5.17,31.18,4.67,16.67,64,22.86,13,20.0,562,6,https://www1.mbrace.or.jp/od2/B/202609/b260930.lzh,2026-09-30T03:27:51.057218+09:00
20260930,24,大村,1,20260930-24-01,6,3930,岸本隆,50,岡山,56.0,A2,5.28,28.44,4.33,26.67,34,39.74,33,33.87,351,11,https://www1.mbrace.or.jp/od2/B/202609/b260930.lzh,2026-09-30T03:27:51.057218+09:00
20260930,24,大村,2,20260930-24-02,1,4408,仁科さや,40,長崎,48.0,B1,3.66,20.83,4.49,30.14,71,25.0,86,28.33,3 36,12,https://www1.mbrace.or.jp/od2/B/202609/b260930.lzh,2026-09-30T03:27:51.057218+09:00
20260930,24,大村,2,20260930-24-02,2,4068,幸田智裕,46,静岡,54.0,B1,4.81,22.12,4.67,11.11,70,41.67,85,36.49,5 31,10,https://www1.mbrace.or.jp/od2/B/202609/b260930.lzh,2026-09-30T03:27:51.057218+09:00
20260930,24,大村,2,20260930-24-02,3,4680,後藤美翼,36,東京,46.0,A2,5.69,36.36,6.4,50.0,12,29.11,32,43.06,2 24,11,https://www1.mbrace.or.jp/od2/B/202609/b260930.lzh,2026-09-30T03:27:51.057218+09:00
20260930,24,大村,2,20260930-24-02,4,3701,大西隆洋,53,香川,57.0,B1,4.12,15.84,2.79,14.29,49,33.78,84,34.29,6 56,8,https://www1.mbrace.or.jp/od2/B/202609/b260930.lzh,2026-09-30T03:27:51.057218+09:00
20260930,24,大村,2,20260930-24-02,5,3703,鳥飼眞,52,福岡,50.0,A2,5.88,42.73,5.85,38.18,45,46.99,46,36.99,561,7,https://www1.mbrace.or.jp/od2/B/202609/b260930.lzh,2026-09-30T03:27:51.057218+09:00
20260930,24,大村,2,20260930-24-02,6,4793,金子萌,36,静岡,52.0,A2,6.43,48.8,6.59,58.82,72,26.76,25,40.28,1 11,9,https://www1.mbrace.or.jp/od2/B/202609/b260930.lzh,2026-09-30T03:27:51.057218+09:00
20260930,24,大村,3,20260930-24-03,1,4520,高倉孝太,39,福井,49.0,A2,5.71,35.09,4.3,30.0,30,19.18,28,32.79,3525,,https://www1.mbrace.or.jp/od2/B/202609/b260930.lzh,2026-09-30T03:27:51.057218+09:00
20260930,24,大村,3,20260930-24-03,2,4470,平田健之,39,三重,53.0,A2,6.49,50.52,6.05,31.58,48,36.99,57,38.36,511,11,https://www1.mbrace.or.jp/od2/B/202609/b260930.lzh,2026-09-30T03:27:51.057218+09:00
20260930,24,大村,3,20260930-24-03,3,4264,長尾章平,41,山口,54.0,A1,6.02,42.74,6.11,50.0,69,27.71,21,25.0,4 12,8,https://www1.mbrace.or.jp/od2/B/202609/b260930.lzh,2026-09-30T03:27:51.057218+09:00
20260930,24,大村,3,20260930-24-03,4,3509,池千夏,54,香川,50.0,B1,3.32,6.82,4.0,28.57,36,32.88,53,25.0,541,,https://www1.mbrace.or.jp/od2/B/202609/b260930.lzh,2026-09-30T03:27:51.057218+09:00
20260930,24,大村,3,20260930-24-03,5,4708,半田尚也,37,広島,55.0,B1,4.43,21.33,4.44,22.22,16,43.9,63,26.98,4 54,12,https://www1.mbrace.or.jp/od2/B/202609/b260930.lzh,2026-09-30T03:27:51.057218+09:00
20260930,24,大村,3,20260930-24-03,6,3842,星野太郎,50,三重,54.0,B1,5.12,33.72,4.95,42.86,58,35.82,73,42.65,153,9,https://www1.mbrace.or.jp/od2/B/202609/b260930.lzh,2026-09-30T03:27:51.057218+09:00
20260930,24,大村,4,20260930-24-04,1,4666,日笠勝弘,42,大阪,51.0,B1,4.21,22.47,4.47,21.88,80,28.57,35,31.51,2 26,,https://www1.mbrace.or.jp/od2/B/202609/b260930.lzh,2026-09-30T03:27:51.057218+09:00
20260930,24,大村,4,20260930-24-04,2,4057,松井賢治,47,兵庫,53.0,A2,5.71,38.35,5.38,28.89,44,49.41,76,38.89,213,10,https://www1.mbrace.or.jp/od2/B/202609/b260930.lzh,2026-09-30T03:27:51.057218+09:00
20260930,24,大村,4,20260930-24-04,3,4302,西野翔太,43,広島,52.0,A1,6.62,51.56,6.95,61.02,50,22.86,61,18.18,163,9,https://www1.mbrace.or.jp/od2/B/202609/b260930.lzh,2026-09-30T03:27:51.057218+09:00
20260930,24,大村,4,20260930-24-04,4,4431,石塚裕介,40,三重,54.0,B1,4.88,33.72,4.84,36.0,28,32.35,80,30.51,461,8,https://www1.mbrace.or.jp/od2/B/202609/b260930.lzh,2026-09-30T03:27:51.057218+09:00
20260930,24,大村,4,20260930-24-04,5,5236,小宮涼雅,27,広島,53.0,B1,4.5,24.07,2.79,12.12,29,39.74,15,29.73,2 44,12,https://www1.mbrace.or.jp/od2/B/202609/b260930.lzh,2026-09-30T03:27:51.057218+09:00
20260930,24,大村,4,20260930-24-04,6,4421,森作広大,38,東京,56.0,B1,3.43,11.43,3.9,14.29,41,52.0,40,33.33,152,11,https://www1.mbrace.or.jp/od2/B/202609/b260930.lzh,2026-09-30T03:27:51.057218+09:00
20260930,24,大村,5,20260930-24-05,1,4171,榎幸司,44,長崎,52.0,A2,6.33,48.06,6.32,44.7,81,40.0,56,34.72,242,11,https://www1.mbrace.or.jp/od2/B/202609/b260930.lzh,2026-09-30T03:27:51.057218+09:00
20260930,24,大村,5,20260930-24-05,2,3685,荒井輝年,52,岡山,56.0,A2,5.73,39.8,6.63,50.0,60,30.67,68,36.11,5224,12,https://www1.mbrace.or.jp/od2/B/202609/b260930.lzh,2026-09-30T03:27:51.057218+09:00
20260930,24,大村,5,20260930-24-05,3,5273,山下拓巳,25,兵庫,52.0,B1,3.61,18.75,3.63,15.79,65,41.98,74,40.0,333,,https://www1.mbrace.or.jp/od2/B/202609/b260930.lzh,2026-09-30T03:27:51.057218+09:00
20260930,24,大村,5,20260930-24-05,4,5384,八戸琉楓,21,長崎,53.0,B2,1.73,1.09,1.5,0.0,11,15.28,72,33.33,4 56,,https://www1.mbrace.or.jp/od2/B/202609/b260930.lzh,2026-09-30T03:27:51.057218+09:00
20260930,24,大村,5,20260930-24-05,5,5446,長嶺真李,24,福岡,50.0,B2,1.23,0.0,0.0,0.0,21,18.84,49,37.5,6 66,,https://www1.mbrace.or.jp/od2/B/202609/b260930.lzh,2026-09-30T03:27:51.057218+09:00
20260930,24,大村,5,20260930-24-05,6,4452,松尾祭,38,香川,51.0,A2,5.15,33.07,4.86,33.33,17,43.42,16,25.81,322,10,https://www1.mbrace.or.jp/od2/B/202609/b260930.lzh,2026-09-30T03:27:51.057218+09:00
20260930,24,大村,6,20260930-24-06,1,4522,古澤光紀,38,福岡,55.0,A2,6.4,47.83,6.47,45.31,35,15.94,44,29.41,2 46,10,https://www1.mbrace.or.jp/od2/B/202609/b260930.lzh,2026-09-30T03:27:51.057218+09:00
20260930,24,大村,6,20260930-24-06,2,4204,柴田大輔,44,福岡,52.0,B1,5.17,31.18,4.67,16.67,64,22.86,13,20.0,562,1,https://www1.mbrace.or.jp/od2/B/202609/b260930.lzh,2026-09-30T03:27:51.057218+09:00
20260930,24,大村,6,20260930-24-06,3,4817,渡邉翼,35,山口,51.0,A1,6.24,49.44,5.31,33.9,13,41.03,23,22.41,4331,12,https://www1.mbrace.or.jp/od2/B/202609/b260930.lzh,2026-09-30T03:27:51.057218+09:00
20260930,24,大村,6,20260930-24-06,4,4384,鶴本崇文,41,大阪,53.0,A1,5.6,36.75,6.58,41.67,20,47.22,20,42.25,252,11,https://www1.mbrace.or.jp/od2/B/202609/b260930.lzh,2026-09-30T03:27:51.057218+09:00
20260930,24,大村,6,20260930-24-06,5,5420,吉原快誓,20,長崎,52.0,B2,2.06,1.2,1.8,0.0,23,35.44,55,45.07,6 65,,https://www1.mbrace.or.jp/od2/B/202609/b260930.lzh,2026-09-30T03:27:51.057218+09:00
20260930,24,大村,6,20260930-24-06,6,4555,富永大一,37,福岡,54.0,B1,5.27,31.62,5.69,28.21,57,45.83,30,14.55,1 23,,https://www1.mbrace.or.jp/od2/B/202609/b260930.lzh,2026-09-30T03:27:51.057218+09:00
20260930,24,大村,7,20260930-24-07,1,4467,渡邉俊介,40,愛知,51.0,A1,6.3,41.94,5.48,34.48,47,38.67,79,27.78,6434,,https://www1.mbrace.or.jp/od2/B/202609/b260930.lzh,2026-09-30T03:27:51.057218+09:00
20260930,24,大村,7,20260930-24-07,2,3827,今泉徹,53,群馬,52.0,B1,4.02,14.15,0.0,0.0,19,36.25,58,28.57,6 45,1,https://www1.mbrace.or.jp/od2/B/202609/b260930.lzh,2026-09-30T03:27:51.057218+09:00
20260930,24,大村,7,20260930-24-07,3,3703,鳥飼眞,52,福岡,50.0,A2,5.88,42.73,5.85,38.18,45,46.99,46,36.99,561,2,https://www1.mbrace.or.jp/od2/B/202609/b260930.lzh,2026-09-30T03:27:51.057218+09:00
20260930,24,大村,7,20260930-24-07,4,5037,田頭虎親,28,香川,51.0,B1,5.8,44.79,5.41,31.82,27,31.51,29,37.5,1 45,,https://www1.mbrace.or.jp/od2/B/202609/b260930.lzh,2026-09-30T03:27:51.057218+09:00
20260930,24,大村,7,20260930-24-07,5,4918,川島拓郎,37,静岡,53.0,B1,4.26,23.86,5.33,33.33,54,36.99,18,22.41,233,12,https://www1.mbrace.or.jp/od2/B/202609/b260930.lzh,2026-09-30T03:27:51.057218+09:00
20260930,24,大村,7,20260930-24-07,6,5192,中尾優香,25,福岡,47.0,B1,4.42,25.0,4.76,32.35,67,15.94,26,25.0,665,,https://www1.mbrace.or.jp/od2/B/202609/b260930.lzh,2026-09-30T03:27:51.057218+09:00
20260930,24,大村,8,20260930-24-08,1,3701,大西隆洋,53,香川,57.0,B1,4.12,15.84,2.79,14.29,49,33.78,84,34.29,6 56,2,https://www1.mbrace.or.jp/od2/B/202609/b260930.lzh,2026-09-30T03:27:51.057218+09:00
20260930,24,大村,8,20260930-24-08,2,4264,長尾章平,41,山口,54.0,A1,6.02,42.74,6.11,50.0,69,27.71,21,25.0,4 12,3,https://www1.mbrace.or.jp/od2/B/202609/b260930.lzh,2026-09-30T03:27:51.057218+09:00
20260930,24,大村,8,20260930-24-08,3,4431,石塚裕介,40,三重,54.0,B1,4.88,33.72,4.84,36.0,28,32.35,80,30.51,461,4,https://www1.mbrace.or.jp/od2/B/202609/b260930.lzh,2026-09-30T03:27:51.057218+09:00
20260930,24,大村,8,20260930-24-08,4,4339,平瀬城啓,42,福井,53.0,B1,4.0,16.3,4.32,17.65,73,31.08,50,42.86,445,1,https://www1.mbrace.or.jp/od2/B/202609/b260930.lzh,2026-09-30T03:27:51.057218+09:00
20260930,24,大村,8,20260930-24-08,5,4601,森野正弘,41,山口,56.0,A1,7.11,59.38,6.71,44.23,32,26.09,52,27.87,4213,,https://www1.mbrace.or.jp/od2/B/202609/b260930.lzh,2026-09-30T03:27:51.057218+09:00
20260930,24,大村,8,20260930-24-08,6,3528,笠野友紀,55,愛知,49.0,B1,4.36,20.0,4.7,22.22,63,44.29,65,30.65,1 45,,https://www1.mbrace.or.jp/od2/B/202609/b260930.lzh,2026-09-30T03:27:51.057218+09:00
20260930,24,大村,9,20260930-24-09,1,5065,伊久間陽,28,群馬,54.0,A2,5.37,36.59,6.45,54.55,79,30.88,41,16.36,4 62,1,https://www1.mbrace.or.jp/od2/B/202609/b260930.lzh,2026-09-30T03:27:51.057218+09:00
20260930,24,大村,9,20260930-24-09,2,3842,星野太郎,50,三重,54.0,B1,5.12,33.72,4.95,42.86,58,35.82,73,42.65,153,3,https://www1.mbrace.or.jp/od2/B/202609/b260930.lzh,2026-09-30T03:27:51.057218+09:00
20260930,24,大村,9,20260930-24-09,3,4442,松竹大輔,40,愛知,53.0,B1,6.47,51.09,4.74,29.03,62,31.65,54,34.25,1 53,,https://www1.mbrace.or.jp/od2/B/202609/b260930.lzh,2026-09-30T03:27:51.057218+09:00
20260930,24,大村,9,20260930-24-09,4,4302,西野翔太,43,広島,52.0,A1,6.62,51.56,6.95,61.02,50,22.86,61,18.18,163,4,https://www1.mbrace.or.jp/od2/B/202609/b260930.lzh,2026-09-30T03:27:51.057218+09:00
20260930,24,大村,9,20260930-24-09,5,4793,金子萌,36,静岡,52.0,A2,6.43,48.8,6.59,58.82,72,26.76,25,40.28,1 11,2,https://www1.mbrace.or.jp/od2/B/202609/b260930.lzh,2026-09-30T03:27:51.057218+09:00
20260930,24,大村,9,20260930-24-09,6,4248,岡本大,44,長崎,54.0,B1,4.55,25.0,4.43,25.0,22,28.0,78,30.0,1344,,https://www1.mbrace.or.jp/od2/B/202609/b260930.lzh,2026-09-30T03:27:51.057218+09:00
20260930,24,大村,10,20260930-24-10,1,5054,佐々木大,30,大阪,53.0,A1,6.71,58.54,6.67,44.44,59,42.65,59,33.33,3115,,https://www1.mbrace.or.jp/od2/B/202609/b260930.lzh,2026-09-30T03:27:51.057218+09:00
20260930,24,大村,10,20260930-24-10,2,4452,松尾祭,38,香川,51.0,A2,5.15,33.07,4.86,33.33,17,43.42,16,25.81,322,5,https://www1.mbrace.or.jp/od2/B/202609/b260930.lzh,2026-09-30T03:27:51.057218+09:00
20260930,24,大村,10,20260930-24-10,3,4004,山本浩輔,48,長崎,52.0,B1,4.88,27.66,4.91,26.15,61,37.84,83,22.64,236,1,https://www1.mbrace.or.jp/od2/B/202609/b260930.lzh,2026-09-30T03:27:51.057218+09:00
20260930,24,大村,10,20260930-24-10,4,4068,幸田智裕,46,静岡,54.0,B1,4.81,22.12,4.67,11.11,70,41.67,85,36.49,5 31,2,https://www1.mbrace.or.jp/od2/B/202609/b260930.lzh,2026-09-30T03:27:51.057218+09:00
20260930,24,大村,10,20260930-24-10,5,4522,古澤光紀,38,福岡,55.0,A2,6.4,47.83,6.47,45.31,35,15.94,44,29.41,2 46,6,https://www1.mbrace.or.jp/od2/B/202609/b260930.lzh,2026-09-30T03:27:51.057218+09:00
20260930,24,大村,10,20260930-24-10,6,4057,松井賢治,47,兵庫,53.0,A2,5.71,38.35,5.38,28.89,44,49.41,76,38.89,213,4,https://www1.mbrace.or.jp/od2/B/202609/b260930.lzh,2026-09-30T03:27:51.057218+09:00
20260930,24,大村,11,20260930-24-11,1,4384,鶴本崇文,41,大阪,53.0,A1,5.6,36.75,6.58,41.67,20,47.22,20,42.25,252,6,https://www1.mbrace.or.jp/od2/B/202609/b260930.lzh,2026-09-30T03:27:51.057218+09:00
20260930,24,大村,11,20260930-24-11,2,4171,榎幸司,44,長崎,52.0,A2,6.33,48.06,6.32,44.7,81,40.0,56,34.72,242,5,https://www1.mbrace.or.jp/od2/B/202609/b260930.lzh,2026-09-30T03:27:51.057218+09:00
20260930,24,大村,11,20260930-24-11,3,3930,岸本隆,50,岡山,56.0,A2,5.28,28.44,4.33,26.67,34,39.74,33,33.87,351,1,https://www1.mbrace.or.jp/od2/B/202609/b260930.lzh,2026-09-30T03:27:51.057218+09:00
20260930,24,大村,11,20260930-24-11,4,4421,森作広大,38,東京,56.0,B1,3.43,11.43,3.9,14.29,41,52.0,40,33.33,152,4,https://www1.mbrace.or.jp/od2/B/202609/b260930.lzh,2026-09-30T03:27:51.057218+09:00
20260930,24,大村,11,20260930-24-11,5,4470,平田健之,39,三重,53.0,A2,6.49,50.52,6.05,31.58,48,36.99,57,38.36,511,3,https://www1.mbrace.or.jp/od2/B/202609/b260930.lzh,2026-09-30T03:27:51.057218+09:00
20260930,24,大村,11,20260930-24-11,6,4680,後藤美翼,36,東京,46.0,A2,5.69,36.36,6.4,50.0,12,29.11,32,43.06,2 24,2,https://www1.mbrace.or.jp/od2/B/202609/b260930.lzh,2026-09-30T03:27:51.057218+09:00
20260930,24,大村,12,20260930-24-12,1,3685,荒井輝年,52,岡山,56.0,A2,5.73,39.8,6.63,50.0,60,30.67,68,36.11,5224,5,https://www1.mbrace.or.jp/od2/B/202609/b260930.lzh,2026-09-30T03:27:51.057218+09:00
20260930,24,大村,12,20260930-24-12,2,5236,小宮涼雅,27,広島,53.0,B1,4.5,24.07,2.79,12.12,29,39.74,15,29.73,2 44,4,https://www1.mbrace.or.jp/od2/B/202609/b260930.lzh,2026-09-30T03:27:51.057218+09:00
20260930,24,大村,12,20260930-24-12,3,4408,仁科さや,40,長崎,48.0,B1,3.66,20.83,4.49,30.14,71,25.0,86,28.33,3 36,2,https://www1.mbrace.or.jp/od2/B/202609/b260930.lzh,2026-09-30T03:27:51.057218+09:00
20260930,24,大村,12,20260930-24-12,4,4918,川島拓郎,37,静岡,53.0,B1,4.26,23.86,5.33,33.33,54,36.99,18,22.41,233,7,https://www1.mbrace.or.jp/od2/B/202609/b260930.lzh,2026-09-30T03:27:51.057218+09:00
20260930,24,大村,12,20260930-24-12,5,4817,渡邉翼,35,山口,51.0,A1,6.24,49.44,5.31,33.9,13,41.03,23,22.41,4331,6,https://www1.mbrace.or.jp/od2/B/202609/b260930.lzh,2026-09-30T03:27:51.057218+09:00
20260930,24,大村,12,20260930-24-12,6,4708,半田尚也,37,広島,55.0,B1,4.43,21.33,4.44,22.22,16,43.9,63,26.98,4 54,3,https://www1.mbrace.or.jp/od2/B/202609/b260930.lzh,2026-09-30T03:27:51.057218+09:00
20260930,23,唐津,1,20260930-23-01,1,4389,伊藤喜智,41,大阪,52.0,A2,5.44,30.7,6.0,38.46,46,0.0,34,33.33,,10,https://www1.mbrace.or.jp/od2/B/202609/b260930.lzh,2026-09-30T03:27:51.057218+09:00
20260930,23,唐津,1,20260930-23-01,2,3175,渡辺千草,62,東京,48.0,B1,4.66,25.0,0.0,0.0,58,0.0,23,43.75,,8,https://www1.mbrace.or.jp/od2/B/202609/b260930.lzh,2026-09-30T03:27:51.057218+09:00
20260930,23,唐津,1,20260930-23-01,3,3212,亀本勇樹,64,広島,58.0,B1,4.56,21.88,5.38,38.1,47,25.0,54,30.65,,,https://www1.mbrace.or.jp/od2/B/202609/b260930.lzh,2026-09-30T03:27:51.057218+09:00
20260930,23,唐津,1,20260930-23-01,4,4638,小林遼太,35,福岡,53.0,B1,5.39,36.89,4.71,28.57,19,20.0,52,36.07,,,https://www1.mbrace.or.jp/od2/B/202609/b260930.lzh,2026-09-30T03:27:51.057218+09:00
20260930,23,唐津,1,20260930-23-01,5,4948,木場悠介,33,長崎,51.0,B1,5.63,39.22,4.96,29.63,51,0.0,28,34.65,,7,https://www1.mbrace.or.jp/od2/B/202609/b260930.lzh,2026-09-30T03:27:51.057218+09:00
20260930,23,唐津,1,20260930-23-01,6,5014,梶山涼斗,28,佐賀,56.0,B1,4.24,24.29,5.07,28.09,24,55.56,21,41.22,,9,https://www1.mbrace.or.jp/od2/B/202609/b260930.lzh,2026-09-30T03:27:51.057218+09:00
20260930,23,唐津,2,20260930-23-02,1,4172,森定晃史,43,岡山,52.0,A2,5.94,39.84,6.14,51.35,22,44.44,25,26.36,,11,https://www1.mbrace.or.jp/od2/B/202609/b260930.lzh,2026-09-30T03:27:51.057218+09:00
20260930,23,唐津,2,20260930-23-02,2,5297,南彩寧,24,兵庫,46.0,B1,3.74,17.82,2.15,5.0,54,0.0,22,23.48,,,https://www1.mbrace.or.jp/od2/B/202609/b260930.lzh,2026-09-30T03:27:51.057218+09:00
20260930,23,唐津,2,20260930-23-02,3,3918,深井利寿,52,滋賀,51.0,A1,6.75,44.35,6.21,46.43,52,0.0,14,31.75,,12,https://www1.mbrace.or.jp/od2/B/202609/b260930.lzh,2026-09-30T03:27:51.057218+09:00
20260930,23,唐津,2,20260930-23-02,4,4747,山戸信二,41,長崎,52.0,B1,3.45,13.64,3.67,13.33,13,44.44,49,35.54,,,https://www1.mbrace.or.jp/od2/B/202609/b260930.lzh,2026-09-30T03:27:51.057218+09:00
20260930,23,唐津,2,20260930-23-02,5,4782,浜崎準也,39,岡山,53.0,B1,4.67,22.73,4.44,24.0,60,0.0,5,37.01,,7,https://www1.mbrace.or.jp/od2/B/202609/b260930.lzh,2026-09-30T03:27:51.057218+09:00
20260930,23,唐津,2,20260930-23-02,6,4229,市川美宏,43,静岡,54.0,B1,4.39,19.32,2.67,0.0,56,0.0,46,21.6,,8,https://www1.mbrace.or.jp/od2/B/202609/b260930.lzh,2026-09-30T03:27:51.057218+09:00
20260930,23,唐津,3,20260930-23-03,1,4575,戸塚邦好,38,東京,51.0,A2,5.99,42.98,6.57,42.86,10,55.56,2,42.97,,9,https://www1.mbrace.or.jp/od2/B/202609/b260930.lzh,2026-09-30T03:27:51.057218+09:00
20260930,23,唐津,3,20260930-23-03,2,5248,本田愛,24,静岡,47.0,B1,5.26,34.65,3.67,0.0,5,20.0,3,35.34,,,https://www1.mbrace.or.jp/od2/B/202609/b260930.lzh,2026-09-30T03:27:51.057218+09:00
20260930,23,唐津,3,20260930-23-03,3,4253,西川真人,43,滋賀,57.0,B1,4.34,19.13,3.79,20.83,7,0.0,47,29.27,,11,https://www1.mbrace.or.jp/od2/B/202609/b260930.lzh,2026-09-30T03:27:51.057218+09:00
20260930,23,唐津,3,20260930-23-03,4,4108,吉村正明,46,山口,51.0,A1,5.94,43.14,7.15,56.52,53,0.0,42,26.27,,10,https://www1.mbrace.or.jp/od2/B/202609/b260930.lzh,2026-09-30T03:27:51.057218+09:00
20260930,23,唐津,3,20260930-23-03,5,4417,服部剛,39,静岡,53.0,B1,5.21,33.33,5.21,33.33,25,22.22,56,34.45,,8,https://www1.mbrace.or.jp/od2/B/202609/b260930.lzh,2026-09-30T03:27:51.057218+09:00
20260930,23,唐津,3,20260930-23-03,6,4764,小池礼乃,36,福岡,47.0,B1,5.18,36.25,5.63,42.86,63,0.0,48,27.5,,,https://www1.mbrace.or.jp/od2/B/202609/b260930.lzh,2026-09-30T03:27:51.057218+09:00
20260930,23,唐津,4,20260930-23-04,1,4733,赤井睦,37,徳島,48.0,B1,5.51,38.36,5.89,42.22,1,22.22,29,36.29,,9,https://www1.mbrace.or.jp/od2/B/202609/b260930.lzh,2026-09-30T03:27:51.057218+09:00
20260930,23,唐津,4,20260930-23-04,2,3983,須藤博倫,48,埼玉,52.0,A1,6.53,44.78,5.5,37.5,21,44.44,31,40.87,,12,https://www1.mbrace.or.jp/od2/B/202609/b260930.lzh,2026-09-30T03:27:51.057218+09:00
20260930,23,唐津,4,20260930-23-04,3,4011,堀之内紀,47,岡山,46.0,A2,6.48,48.84,5.56,33.33,11,11.11,59,38.21,,11,https://www1.mbrace.or.jp/od2/B/202609/b260930.lzh,2026-09-30T03:27:51.057218+09:00
20260930,23,唐津,4,20260930-23-04,4,5407,中岡駿,21,香川,53.0,B1,2.55,8.99,2.0,0.0,4,33.33,50,34.96,,8,https://www1.mbrace.or.jp/od2/B/202609/b260930.lzh,2026-09-30T03:27:51.057218+09:00
20260930,23,唐津,4,20260930-23-04,5,3771,折下寛法,52,東京,50.0,B1,5.26,27.93,4.86,21.43,64,0.0,8,40.94,,10,https://www1.mbrace.or.jp/od2/B/202609/b260930.lzh,2026-09-30T03:27:51.057218+09:00
20260930,23,唐津,4,20260930-23-04,6,4359,横川聖志,42,徳島,59.0,A2,5.29,35.24,6.37,42.11,2,0.0,33,20.51,,,https://www1.mbrace.or.jp/od2/B/202609/b260930.lzh,2026-09-30T03:27:51.057218+09:00
20260930,23,唐津,5,20260930-23-05,1,3853,岩崎正哉,54,福岡,55.0,A2,5.93,38.21,5.21,35.29,9,0.0,57,36.59,,,https://www1.mbrace.or.jp/od2/B/202609/b260930.lzh,2026-09-30T03:27:51.057218+09:00
20260930,23,唐津,5,20260930-23-05,2,4989,石原翼,29,静岡,51.0,A2,5.8,38.46,6.15,40.74,17,50.0,12,37.9,,10,https://www1.mbrace.or.jp/od2/B/202609/b260930.lzh,2026-09-30T03:27:51.057218+09:00
20260930,23,唐津,5,20260930-23-05,3,4866,橋本英一,36,福岡,55.0,B1,4.39,20.45,4.78,27.78,16,12.5,38,40.98,,9,https://www1.mbrace.or.jp/od2/B/202609/b260930.lzh,2026-09-30T03:27:51.057218+09:00
20260930,23,唐津,5,20260930-23-05,4,5039,倉田茂将,28,愛知,57.0,B1,4.09,19.79,0.0,0.0,55,0.0,32,34.71,,,https://www1.mbrace.or.jp/od2/B/202609/b260930.lzh,2026-09-30T03:27:51.057218+09:00
20260930,23,唐津,5,20260930-23-05,5,4543,重木輝彦,38,兵庫,52.0,A1,6.52,45.76,6.5,50.0,20,0.0,16,41.41,,12,https://www1.mbrace.or.jp/od2/B/202609/b260930.lzh,2026-09-30T03:27:51.057218+09:00
20260930,23,唐津,5,20260930-23-05,6,5204,宇恵有香,29,三重,46.0,B2,4.75,24.0,2.25,0.0,8,0.0,41,33.87,,,https://www1.mbrace.or.jp/od2/B/202609/b260930.lzh,2026-09-30T03:27:51.057218+09:00
20260930,23,唐津,6,20260930-23-06,1,4119,泥谷一毅,45,大阪,54.0,B1,6.0,39.66,6.31,51.28,15,25.0,20,33.06,,,https://www1.mbrace.or.jp/od2/B/202609/b260930.lzh,2026-09-30T03:27:51.057218+09:00
20260930,23,唐津,6,20260930-23-06,2,4174,赤坂俊輔,43,長崎,51.0,A1,6.44,44.36,6.95,48.39,50,0.0,7,36.0,,12,https://www1.mbrace.or.jp/od2/B/202609/b260930.lzh,2026-09-30T03:27:51.057218+09:00
20260930,23,唐津,6,20260930-23-06,3,3541,三嶌誠司,58,香川,53.0,A2,6.36,45.83,6.14,42.86,45,0.0,26,28.57,,10,https://www1.mbrace.or.jp/od2/B/202609/b260930.lzh,2026-09-30T03:27:51.057218+09:00
20260930,23,唐津,6,20260930-23-06,4,5106,山崎祥,27,山口,51.0,A2,5.53,35.45,3.87,26.67,49,0.0,4,22.76,,11,https://www1.mbrace.or.jp/od2/B/202609/b260930.lzh,2026-09-30T03:27:51.057218+09:00
20260930,23,唐津,6,20260930-23-06,5,4000,松本博昭,49,広島,57.0,A2,6.02,42.28,5.94,43.75,48,50.0,13,31.45,,,https://www1.mbrace.or.jp/od2/B/202609/b260930.lzh,2026-09-30T03:27:51.057218+09:00
20260930,23,唐津,6,20260930-23-06,6,5423,高橋嗣穏,24,徳島,51.0,B2,1.25,0.0,1.33,0.0,3,44.44,45,30.4,,,https://www1.mbrace.or.jp/od2/B/202609/b260930.lzh,2026-09-30T03:27:51.057218+09:00
20260930,23,唐津,7,20260930-23-07,1,4948,木場悠介,33,長崎,51.0,B1,5.63,39.22,4.96,29.63,51,0.0,28,34.65,,1,https://www1.mbrace.or.jp/od2/B/202609/b260930.lzh,2026-09-30T03:27:51.057218+09:00
20260930,23,唐津,7,20260930-23-07,2,4782,浜崎準也,39,岡山,53.0,B1,4.67,22.73,4.44,24.0,60,0.0,5,37.01,,2,https://www1.mbrace.or.jp/od2/B/202609/b260930.lzh,2026-09-30T03:27:51.057218+09:00
20260930,23,唐津,7,20260930-23-07,3,4483,北野輝季,37,愛知,54.0,A1,6.83,52.94,6.5,50.0,12,22.22,43,26.85,,12,https://www1.mbrace.or.jp/od2/B/202609/b260930.lzh,2026-09-30T03:27:51.057218+09:00
20260930,23,唐津,7,20260930-23-07,4,5324,畑田希咲,23,兵庫,48.0,B1,3.1,5.13,1.0,0.0,62,0.0,40,29.37,,,https://www1.mbrace.or.jp/od2/B/202609/b260930.lzh,2026-09-30T03:27:51.057218+09:00
20260930,23,唐津,7,20260930-23-07,5,3319,山崎義明,59,埼玉,52.0,A2,5.74,38.06,5.82,47.06,59,0.0,9,31.9,,,https://www1.mbrace.or.jp/od2/B/202609/b260930.lzh,2026-09-30T03:27:51.057218+09:00
20260930,23,唐津,7,20260930-23-07,6,5110,杉山喜一,27,静岡,52.0,B1,4.88,29.63,2.17,0.0,14,25.0,18,34.45,,11,https://www1.mbrace.or.jp/od2/B/202609/b260930.lzh,2026-09-30T03:27:51.057218+09:00
20260930,23,唐津,8,20260930-23-08,1,4417,服部剛,39,静岡,53.0,B1,5.21,33.33,5.21,33.33,25,22.22,56,34.45,,3,https://www1.mbrace.or.jp/od2/B/202609/b260930.lzh,2026-09-30T03:27:51.057218+09:00
20260930,23,唐津,8,20260930-23-08,2,5407,中岡駿,21,香川,53.0,B1,2.55,8.99,2.0,0.0,4,33.33,50,34.96,,4,https://www1.mbrace.or.jp/od2/B/202609/b260930.lzh,2026-09-30T03:27:51.057218+09:00
20260930,23,唐津,8,20260930-23-08,3,4229,市川美宏,43,静岡,54.0,B1,4.39,19.32,2.67,0.0,56,0.0,46,21.6,,2,https://www1.mbrace.or.jp/od2/B/202609/b260930.lzh,2026-09-30T03:27:51.057218+09:00
20260930,23,唐津,8,20260930-23-08,4,4072,森永淳,45,佐賀,52.0,A1,7.16,56.52,6.82,56.49,65,0.0,36,24.0,,12,https://www1.mbrace.or.jp/od2/B/202609/b260930.lzh,2026-09-30T03:27:51.057218+09:00
20260930,23,唐津,8,20260930-23-08,5,3175,渡辺千草,62,東京,48.0,B1,4.66,25.0,0.0,0.0,58,0.0,23,43.75,,1,https://www1.mbrace.or.jp/od2/B/202609/b260930.lzh,2026-09-30T03:27:51.057218+09:00
20260930,23,唐津,8,20260930-23-08,6,5429,吉川颯汰,23,佐賀,56.0,B2,1.2,0.0,1.07,0.0,6,22.22,10,37.17,,,https://www1.mbrace.or.jp/od2/B/202609/b260930.lzh,2026-09-30T03:27:51.057218+09:00
20260930,23,唐津,9,20260930-23-09,1,4866,橋本英一,36,福岡,55.0,B1,4.39,20.45,4.78,27.78,16,12.5,38,40.98,,5,https://www1.mbrace.or.jp/od2/B/202609/b260930.lzh,2026-09-30T03:27:51.057218+09:00
20260930,23,唐津,9,20260930-23-09,2,4121,富永修一,44,福岡,53.0,A2,5.96,44.44,6.13,46.15,57,0.0,44,36.51,,,https://www1.mbrace.or.jp/od2/B/202609/b260930.lzh,2026-09-30T03:27:51.057218+09:00
20260930,23,唐津,9,20260930-23-09,3,5014,梶山涼斗,28,佐賀,56.0,B1,4.24,24.29,5.07,28.09,24,55.56,21,41.22,,1,https://www1.mbrace.or.jp/od2/B/202609/b260930.lzh,2026-09-30T03:27:51.057218+09:00
20260930,23,唐津,9,20260930-23-09,4,4733,赤井睦,37,徳島,48.0,B1,5.51,38.36,5.89,42.22,1,22.22,29,36.29,,4,https://www1.mbrace.or.jp/od2/B/202609/b260930.lzh,2026-09-30T03:27:51.057218+09:00
20260930,23,唐津,9,20260930-23-09,5,4575,戸塚邦好,38,東京,51.0,A2,5.99,42.98,6.57,42.86,10,55.56,2,42.97,,3,https://www1.mbrace.or.jp/od2/B/202609/b260930.lzh,2026-09-30T03:27:51.057218+09:00
20260930,23,唐津,9,20260930-23-09,6,4112,大久保信,46,佐賀,55.0,A2,5.65,40.78,5.79,42.0,18,88.89,11,32.28,,,https://www1.mbrace.or.jp/od2/B/202609/b260930.lzh,2026-09-30T03:27:51.057218+09:00
20260930,23,唐津,10,20260930-23-10,1,3771,折下寛法,52,東京,50.0,B1,5.26,27.93,4.86,21.43,64,0.0,8,40.94,,4,https://www1.mbrace.or.jp/od2/B/202609/b260930.lzh,2026-09-30T03:27:51.057218+09:00
20260930,23,唐津,10,20260930-23-10,2,3541,三嶌誠司,58,香川,53.0,A2,6.36,45.83,6.14,42.86,45,0.0,26,28.57,,6,https://www1.mbrace.or.jp/od2/B/202609/b260930.lzh,2026-09-30T03:27:51.057218+09:00
20260930,23,唐津,10,20260930-23-10,3,4154,森安弘雅,46,香川,52.0,B1,5.24,36.94,5.05,40.0,23,22.22,55,38.4,,,https://www1.mbrace.or.jp/od2/B/202609/b260930.lzh,2026-09-30T03:27:51.057218+09:00
20260930,23,唐津,10,20260930-23-10,4,4389,伊藤喜智,41,大阪,52.0,A2,5.44,30.7,6.0,38.46,46,0.0,34,33.33,,1,https://www1.mbrace.or.jp/od2/B/202609/b260930.lzh,2026-09-30T03:27:51.057218+09:00
20260930,23,唐津,10,20260930-23-10,5,4108,吉村正明,46,山口,51.0,A1,5.94,43.14,7.15,56.52,53,0.0,42,26.27,,3,https://www1.mbrace.or.jp/od2/B/202609/b260930.lzh,2026-09-30T03:27:51.057218+09:00
20260930,23,唐津,10,20260930-23-10,6,4989,石原翼,29,静岡,51.0,A2,5.8,38.46,6.15,40.74,17,50.0,12,37.9,,5,https://www1.mbrace.or.jp/od2/B/202609/b260930.lzh,2026-09-30T03:27:51.057218+09:00
20260930,23,唐津,11,20260930-23-11,1,4472,尾嶋一広,39,兵庫,57.0,A1,6.57,46.15,5.82,27.27,61,0.0,58,24.14,,,https://www1.mbrace.or.jp/od2/B/202609/b260930.lzh,2026-09-30T03:27:51.057218+09:00
20260930,23,唐津,11,20260930-23-11,2,4011,堀之内紀,47,岡山,46.0,A2,6.48,48.84,5.56,33.33,11,11.11,59,38.21,,4,https://www1.mbrace.or.jp/od2/B/202609/b260930.lzh,2026-09-30T03:27:51.057218+09:00
20260930,23,唐津,11,20260930-23-11,3,5106,山崎祥,27,山口,51.0,A2,5.53,35.45,3.87,26.67,49,0.0,4,22.76,,6,https://www1.mbrace.or.jp/od2/B/202609/b260930.lzh,2026-09-30T03:27:51.057218+09:00
20260930,23,唐津,11,20260930-23-11,4,5110,杉山喜一,27,静岡,52.0,B1,4.88,29.63,2.17,0.0,14,25.0,18,34.45,,7,https://www1.mbrace.or.jp/od2/B/202609/b260930.lzh,2026-09-30T03:27:51.057218+09:00
20260930,23,唐津,11,20260930-23-11,5,4172,森定晃史,43,岡山,52.0,A2,5.94,39.84,6.14,51.35,22,44.44,25,26.36,,2,https://www1.mbrace.or.jp/od2/B/202609/b260930.lzh,2026-09-30T03:27:51.057218+09:00
20260930,23,唐津,11,20260930-23-11,6,4253,西川真人,43,滋賀,57.0,B1,4.34,19.13,3.79,20.83,7,0.0,47,29.27,,3,https://www1.mbrace.or.jp/od2/B/202609/b260930.lzh,2026-09-30T03:27:51.057218+09:00
20260930,23,唐津,12,20260930-23-12,1,4072,森永淳,45,佐賀,52.0,A1,7.16,56.52,6.82,56.49,65,0.0,36,24.0,,8,https://www1.mbrace.or.jp/od2/B/202609/b260930.lzh,2026-09-30T03:27:51.057218+09:00
20260930,23,唐津,12,20260930-23-12,2,4483,北野輝季,37,愛知,54.0,A1,6.83,52.94,6.5,50.0,12,22.22,43,26.85,,7,https://www1.mbrace.or.jp/od2/B/202609/b260930.lzh,2026-09-30T03:27:51.057218+09:00
20260930,23,唐津,12,20260930-23-12,3,3983,須藤博倫,48,埼玉,52.0,A1,6.53,44.78,5.5,37.5,21,44.44,31,40.87,,4,https://www1.mbrace.or.jp/od2/B/202609/b260930.lzh,2026-09-30T03:27:51.057218+09:00
20260930,23,唐津,12,20260930-23-12,4,4543,重木輝彦,38,兵庫,52.0,A1,6.52,45.76,6.5,50.0,20,0.0,16,41.41,,5,https://www1.mbrace.or.jp/od2/B/202609/b260930.lzh,2026-09-30T03:27:51.057218+09:00
20260930,23,唐津,12,20260930-23-12,5,4174,赤坂俊輔,43,長崎,51.0,A1,6.44,44.36,6.95,48.39,50,0.0,7,36.0,,6,https://www1.mbrace.or.jp/od2/B/202609/b260930.lzh,2026-09-30T03:27:51.057218+09:00
20260930,23,唐津,12,20260930-23-12,6,3918,深井利寿,52,滋賀,51.0,A1,6.75,44.35,6.21,46.43,52,0.0,14,31.75,,2,https://www1.mbrace.or.jp/od2/B/202609/b260930.lzh,2026-09-30T03:27:51.057218+09:00
20260930,16,児島,1,20260930-16-01,1,4762,藤原啓史,36,岡山,50.0,A1,7.36,56.06,7.52,58.18,58,33.82,49,46.63,1 33,,https://www1.mbrace.or.jp/od2/B/202609/b260930.lzh,2026-09-30T03:27:51.057218+09:00
20260930,16,児島,1,20260930-16-01,2,4205,山口剛,44,広島,53.0,A1,7.52,49.51,7.89,77.78,32,27.83,46,30.35,463,,https://www1.mbrace.or.jp/od2/B/202609/b260930.lzh,2026-09-30T03:27:51.057218+09:00
20260930,16,児島,1,20260930-16-01,3,4590,渡邉優美,34,福岡,49.0,A1,6.51,42.28,7.4,60.0,16,36.12,70,31.28,3 6,9,https://www1.mbrace.or.jp/od2/B/202609/b260930.lzh,2026-09-30T03:27:51.057218+09:00
20260930,16,児島,1,20260930-16-01,4,4704,河野大,38,徳島,52.0,A1,6.33,44.59,6.03,43.55,60,43.87,48,33.66,4 4,10,https://www1.mbrace.or.jp/od2/B/202609/b260930.lzh,2026-09-30T03:27:51.057218+09:00
20260930,16,児島,1,20260930-16-01,5,4528,黒井達矢,38,埼玉,53.0,A1,6.52,42.27,6.0,33.33,52,27.93,42,34.01,4 46,,https://www1.mbrace.or.jp/od2/B/202609/b260930.lzh,2026-09-30T03:27:51.057218+09:00
20260930,16,児島,1,20260930-16-01,6,4482,守屋美穂,37,岡山,46.0,A1,6.09,39.18,7.17,58.33,53,33.49,60,30.43,5 6,8,https://www1.mbrace.or.jp/od2/B/202609/b260930.lzh,2026-09-30T03:27:51.057218+09:00
20260930,16,児島,2,20260930-16-02,1,3822,平尾崇典,53,岡山,50.0,A1,6.45,48.67,6.76,51.18,65,34.58,31,35.03,5 15,,https://www1.mbrace.or.jp/od2/B/202609/b260930.lzh,2026-09-30T03:27:51.057218+09:00
20260930,16,児島,2,20260930-16-02,2,4851,関浩哉,31,群馬,50.0,A1,7.58,48.33,6.78,55.56,23,34.27,14,35.2,235,10,https://www1.mbrace.or.jp/od2/B/202609/b260930.lzh,2026-09-30T03:27:51.057218+09:00
20260930,16,児島,2,20260930-16-02,3,4324,海野康志,38,山口,60.0,A1,7.1,55.24,7.67,66.67,12,40.57,40,32.31,332,11,https://www1.mbrace.or.jp/od2/B/202609/b260930.lzh,2026-09-30T03:27:51.057218+09:00
20260930,16,児島,2,20260930-16-02,4,4352,下條雄太,40,長崎,52.0,A1,7.6,55.29,6.72,48.28,22,36.15,58,38.46,4 5,7,https://www1.mbrace.or.jp/od2/B/202609/b260930.lzh,2026-09-30T03:27:51.057218+09:00
20260930,16,児島,2,20260930-16-02,5,4928,栗城匠,31,東京,52.0,A1,6.65,49.57,6.73,53.66,41,34.11,26,35.18,1 53,,https://www1.mbrace.or.jp/od2/B/202609/b260930.lzh,2026-09-30T03:27:51.057218+09:00
20260930,16,児島,2,20260930-16-02,6,5051,松本純平,31,埼玉,56.0,A1,6.42,43.2,6.7,50.0,61,35.62,19,37.88,6 2,8,https://www1.mbrace.or.jp/od2/B/202609/b260930.lzh,2026-09-30T03:27:51.057218+09:00
20260930,16,児島,3,20260930-16-03,1,4960,黒野元基,30,愛知,52.0,A1,7.19,55.07,6.41,44.12,39,38.07,73,34.34,421,9,https://www1.mbrace.or.jp/od2/B/202609/b260930.lzh,2026-09-30T03:27:51.057218+09:00
20260930,16,児島,3,20260930-16-03,2,3744,徳増秀樹,51,静岡,54.0,A1,6.03,43.26,6.69,48.28,49,37.21,30,34.18,1 6,11,https://www1.mbrace.or.jp/od2/B/202609/b260930.lzh,2026-09-30T03:27:51.057218+09:00
20260930,16,児島,3,20260930-16-03,3,4166,吉田拡郎,44,岡山,54.0,A1,7.55,56.3,7.58,65.47,21,37.79,22,32.0,1 65,10,https://www1.mbrace.or.jp/od2/B/202609/b260930.lzh,2026-09-30T03:27:51.057218+09:00
20260930,16,児島,3,20260930-16-03,4,4468,大池佑来,39,東京,51.0,A1,6.94,53.39,7.39,61.11,13,36.57,68,39.49,6 6,8,https://www1.mbrace.or.jp/od2/B/202609/b260930.lzh,2026-09-30T03:27:51.057218+09:00
20260930,16,児島,3,20260930-16-03,5,4677,片橋幸貴,38,滋賀,53.0,A1,5.99,43.55,5.92,44.74,36,35.29,27,32.14,5 24,,https://www1.mbrace.or.jp/od2/B/202609/b260930.lzh,2026-09-30T03:27:51.057218+09:00
20260930,16,児島,3,20260930-16-03,6,4659,木下翔太,35,大阪,55.0,A1,7.61,57.34,7.21,55.17,29,29.9,51,30.2,3 S4,,https://www1.mbrace.or.jp/od2/B/202609/b260930.lzh,2026-09-30T03:27:51.057218+09:00
20260930,16,児島,4,20260930-16-04,1,4497,桑原悠,39,長崎,54.0,A1,7.47,57.14,8.0,80.0,31,32.73,33,38.66,4 62,,https://www1.mbrace.or.jp/od2/B/202609/b260930.lzh,2026-09-30T03:27:51.057218+09:00
20260930,16,児島,4,20260930-16-04,2,4266,長田頼宗,41,東京,54.0,A1,7.47,54.17,4.88,25.0,24,33.03,63,34.59,1 4,12,https://www1.mbrace.or.jp/od2/B/202609/b260930.lzh,2026-09-30T03:27:51.057218+09:00
20260930,16,児島,4,20260930-16-04,3,4074,柳沢一,45,愛知,51.0,A1,6.5,45.86,6.7,41.67,17,38.64,44,32.66,3 5,10,https://www1.mbrace.or.jp/od2/B/202609/b260930.lzh,2026-09-30T03:27:51.057218+09:00
20260930,16,児島,4,20260930-16-04,4,4581,吉村誠,37,静岡,52.0,A1,6.52,48.76,6.44,51.22,26,29.68,71,42.79,5 2,9,https://www1.mbrace.or.jp/od2/B/202609/b260930.lzh,2026-09-30T03:27:51.057218+09:00
20260930,16,児島,4,20260930-16-04,5,4398,船岡洋一,39,広島,53.0,A1,6.44,47.76,5.87,46.15,14,28.11,45,36.63,6 41,,https://www1.mbrace.or.jp/od2/B/202609/b260930.lzh,2026-09-30T03:27:51.057218+09:00
20260930,16,児島,4,20260930-16-04,6,3783,瓜生正義,50,福岡,54.0,A1,6.77,39.01,0.0,0.0,42,31.48,64,38.74,5 21,11,https://www1.mbrace.or.jp/od2/B/202609/b260930.lzh,2026-09-30T03:27:51.057218+09:00
20260930,16,児島,5,20260930-16-05,1,3779,原田幸哉,50,長崎,52.0,A1,6.5,37.61,6.8,60.0,66,34.55,66,33.67,5 5,10,https://www1.mbrace.or.jp/od2/B/202609/b260930.lzh,2026-09-30T03:27:51.057218+09:00
20260930,16,児島,5,20260930-16-05,2,4371,西山貴浩,39,福岡,53.0,A1,7.16,44.35,6.44,33.33,45,27.78,29,30.85,622,,https://www1.mbrace.or.jp/od2/B/202609/b260930.lzh,2026-09-30T03:27:51.057218+09:00
20260930,16,児島,5,20260930-16-05,3,4812,西野雄貴,36,徳島,50.0,A1,7.79,67.37,0.0,0.0,35,43.72,59,32.83,254,,https://www1.mbrace.or.jp/od2/B/202609/b260930.lzh,2026-09-30T03:27:51.057218+09:00
20260930,16,児島,5,20260930-16-05,4,4772,石丸海渡,33,香川,55.0,A1,6.71,50.88,6.29,50.0,34,31.63,36,36.41,6 2,11,https://www1.mbrace.or.jp/od2/B/202609/b260930.lzh,2026-09-30T03:27:51.057218+09:00
20260930,16,児島,5,20260930-16-05,5,3941,池田浩二,48,愛知,53.0,A1,7.68,47.24,8.61,78.57,25,27.65,65,35.23,2 3F,12,https://www1.mbrace.or.jp/od2/B/202609/b260930.lzh,2026-09-30T03:27:51.057218+09:00
20260930,16,児島,5,20260930-16-05,6,4584,村岡賢人,36,岡山,53.0,A1,6.73,47.0,6.95,53.42,19,41.67,41,30.85,2 13,,https://www1.mbrace.or.jp/od2/B/202609/b260930.lzh,2026-09-30T03:27:51.057218+09:00
20260930,16,児島,6,20260930-16-06,1,4776,竹田和哉,32,香川,53.0,A1,7.28,53.24,7.29,57.14,56,36.36,52,31.68,6 42,,https://www1.mbrace.or.jp/od2/B/202609/b260930.lzh,2026-09-30T03:27:51.057218+09:00
20260930,16,児島,6,20260930-16-06,2,4586,磯部誠,36,愛知,55.0,A1,7.67,53.79,0.0,0.0,55,47.93,17,37.69,323,,https://www1.mbrace.or.jp/od2/B/202609/b260930.lzh,2026-09-30T03:27:51.057218+09:00
20260930,16,児島,6,20260930-16-06,3,4370,山口達也,39,岡山,52.0,A1,6.81,56.25,6.62,53.02,30,37.67,47,30.41,141,,https://www1.mbrace.or.jp/od2/B/202609/b260930.lzh,2026-09-30T03:27:51.057218+09:00
20260930,16,児島,6,20260930-16-06,4,3415,松井繁,56,大阪,52.0,A1,6.93,43.9,7.64,50.0,27,35.27,62,34.17,356,11,https://www1.mbrace.or.jp/od2/B/202609/b260930.lzh,2026-09-30T03:27:51.057218+09:00
20260930,16,児島,6,20260930-16-06,5,4713,白神優,36,岡山,53.0,A1,6.14,38.14,6.87,50.56,33,24.88,74,34.85,6 25,,https://www1.mbrace.or.jp/od2/B/202609/b260930.lzh,2026-09-30T03:27:51.057218+09:00
20260930,16,児島,6,20260930-16-06,6,4445,宮地元輝,39,佐賀,55.0,A1,7.11,46.23,6.56,40.74,18,31.16,43,38.19,4 41,,https://www1.mbrace.or.jp/od2/B/202609/b260930.lzh,2026-09-30T03:27:51.057218+09:00
20260930,16,児島,7,20260930-16-07,1,4397,西村拓也,39,大阪,52.0,A1,7.39,60.0,7.42,64.52,69,35.65,75,32.63,2 52,,https://www1.mbrace.or.jp/od2/B/202609/b260930.lzh,2026-09-30T03:27:51.057218+09:00
20260930,16,児島,7,20260930-16-07,2,4352,下條雄太,40,長崎,52.0,A1,7.6,55.29,6.72,48.28,22,36.15,58,38.46,4 5,2,https://www1.mbrace.or.jp/od2/B/202609/b260930.lzh,2026-09-30T03:27:51.057218+09:00
20260930,16,児島,7,20260930-16-07,3,4907,小池修平,31,大阪,53.0,A1,7.24,57.14,8.6,85.0,68,34.23,32,30.96,2 36,,https://www1.mbrace.or.jp/od2/B/202609/b260930.lzh,2026-09-30T03:27:51.057218+09:00
20260930,16,児島,7,20260930-16-07,4,3908,重成一人,48,香川,57.0,A1,5.96,40.0,7.1,58.33,15,28.57,54,36.79,543,,https://www1.mbrace.or.jp/od2/B/202609/b260930.lzh,2026-09-30T03:27:51.057218+09:00
20260930,16,児島,7,20260930-16-07,5,4537,渡邉和将,36,岡山,50.0,A1,6.94,47.55,6.66,43.93,62,39.25,20,30.3,1 6F,,https://www1.mbrace.or.jp/od2/B/202609/b260930.lzh,2026-09-30T03:27:51.057218+09:00
20260930,16,児島,7,20260930-16-07,6,4320,峰竜太,41,佐賀,51.0,A1,8.71,62.11,8.11,55.56,44,40.0,25,32.84,311,12,https://www1.mbrace.or.jp/od2/B/202609/b260930.lzh,2026-09-30T03:27:51.057218+09:00
20260930,16,児島,8,20260930-16-08,1,4686,丸野一樹,35,滋賀,54.0,A1,7.91,53.91,7.09,45.45,63,31.7,61,31.68,6 54,,https://www1.mbrace.or.jp/od2/B/202609/b260930.lzh,2026-09-30T03:27:51.057218+09:00
20260930,16,児島,8,20260930-16-08,2,4468,大池佑来,39,東京,51.0,A1,6.94,53.39,7.39,61.11,13,36.57,68,39.49,6 6,3,https://www1.mbrace.or.jp/od2/B/202609/b260930.lzh,2026-09-30T03:27:51.057218+09:00
20260930,16,児島,8,20260930-16-08,3,5051,松本純平,31,埼玉,56.0,A1,6.42,43.2,6.7,50.0,61,35.62,19,37.88,6 2,2,https://www1.mbrace.or.jp/od2/B/202609/b260930.lzh,2026-09-30T03:27:51.057218+09:00
20260930,16,児島,8,20260930-16-08,4,4482,守屋美穂,37,岡山,46.0,A1,6.09,39.18,7.17,58.33,53,33.49,60,30.43,5 6,1,https://www1.mbrace.or.jp/od2/B/202609/b260930.lzh,2026-09-30T03:27:51.057218+09:00
20260930,16,児島,8,20260930-16-08,5,3984,坂口周,48,三重,54.0,A1,6.03,36.99,0.0,0.0,37,34.11,23,33.33,453,,https://www1.mbrace.or.jp/od2/B/202609/b260930.lzh,2026-09-30T03:27:51.057218+09:00
20260930,16,児島,8,20260930-16-08,6,4787,椎名豊,38,群馬,53.0,A1,7.65,65.67,6.56,44.44,50,39.82,50,36.98,612,,https://www1.mbrace.or.jp/od2/B/202609/b260930.lzh,2026-09-30T03:27:51.057218+09:00
20260930,16,児島,9,20260930-16-09,1,3960,菊地孝平,48,静岡,55.0,A1,6.7,39.84,6.79,47.37,54,30.29,38,42.93,554,,https://www1.mbrace.or.jp/od2/B/202609/b260930.lzh,2026-09-30T03:27:51.057218+09:00
20260930,16,児島,9,20260930-16-09,2,4581,吉村誠,37,静岡,52.0,A1,6.52,48.76,6.44,51.22,26,29.68,71,42.79,5 2,4,https://www1.mbrace.or.jp/od2/B/202609/b260930.lzh,2026-09-30T03:27:51.057218+09:00
20260930,16,児島,9,20260930-16-09,3,4502,遠藤エミ,38,滋賀,46.0,A1,7.4,53.44,8.1,65.0,67,30.91,39,37.81,634,,https://www1.mbrace.or.jp/od2/B/202609/b260930.lzh,2026-09-30T03:27:51.057218+09:00
20260930,16,児島,9,20260930-16-09,4,4960,黒野元基,30,愛知,52.0,A1,7.19,55.07,6.41,44.12,39,38.07,73,34.34,421,3,https://www1.mbrace.or.jp/od2/B/202609/b260930.lzh,2026-09-30T03:27:51.057218+09:00
20260930,16,児島,9,20260930-16-09,5,4444,桐生順平,39,埼玉,51.0,A1,7.39,41.41,7.35,62.16,20,47.27,56,32.99,3 31,,https://www1.mbrace.or.jp/od2/B/202609/b260930.lzh,2026-09-30T03:27:51.057218+09:00
20260930,16,児島,9,20260930-16-09,6,4590,渡邉優美,34,福岡,49.0,A1,6.51,42.28,7.4,60.0,16,36.12,70,31.28,3 6,1,https://www1.mbrace.or.jp/od2/B/202609/b260930.lzh,2026-09-30T03:27:51.057218+09:00
20260930,16,児島,10,20260930-16-10,1,4074,柳沢一,45,愛知,51.0,A1,6.5,45.86,6.7,41.67,17,38.64,44,32.66,3 5,4,https://www1.mbrace.or.jp/od2/B/202609/b260930.lzh,2026-09-30T03:27:51.057218+09:00
20260930,16,児島,10,20260930-16-10,2,4704,河野大,38,徳島,52.0,A1,6.33,44.59,6.03,43.55,60,43.87,48,33.66,4 4,1,https://www1.mbrace.or.jp/od2/B/202609/b260930.lzh,2026-09-30T03:27:51.057218+09:00
20260930,16,児島,10,20260930-16-10,3,3779,原田幸哉,50,長崎,52.0,A1,6.5,37.61,6.8,60.0,66,34.55,66,33.67,5 5,5,https://www1.mbrace.or.jp/od2/B/202609/b260930.lzh,2026-09-30T03:27:51.057218+09:00
20260930,16,児島,10,20260930-16-10,4,4166,吉田拡郎,44,岡山,54.0,A1,7.55,56.3,7.58,65.47,21,37.79,22,32.0,1 65,3,https://www1.mbrace.or.jp/od2/B/202609/b260930.lzh,2026-09-30T03:27:51.057218+09:00
20260930,16,児島,10,20260930-16-10,5,4851,関浩哉,31,群馬,50.0,A1,7.58,48.33,6.78,55.56,23,34.27,14,35.2,235,2,https://www1.mbrace.or.jp/od2/B/202609/b260930.lzh,2026-09-30T03:27:51.057218+09:00
20260930,16,児島,10,20260930-16-10,6,4959,井上忠政,30,大阪,53.0,A1,7.52,57.03,7.73,66.67,57,32.73,18,34.83,345,,https://www1.mbrace.or.jp/od2/B/202609/b260930.lzh,2026-09-30T03:27:51.057218+09:00
20260930,16,児島,11,20260930-16-11,1,3415,松井繁,56,大阪,52.0,A1,6.93,43.9,7.64,50.0,27,35.27,62,34.17,356,6,https://www1.mbrace.or.jp/od2/B/202609/b260930.lzh,2026-09-30T03:27:51.057218+09:00
20260930,16,児島,11,20260930-16-11,2,4772,石丸海渡,33,香川,55.0,A1,6.71,50.88,6.29,50.0,34,31.63,36,36.41,6 2,5,https://www1.mbrace.or.jp/od2/B/202609/b260930.lzh,2026-09-30T03:27:51.057218+09:00
20260930,16,児島,11,20260930-16-11,3,3783,瓜生正義,50,福岡,54.0,A1,6.77,39.01,0.0,0.0,42,31.48,64,38.74,5 21,4,https://www1.mbrace.or.jp/od2/B/202609/b260930.lzh,2026-09-30T03:27:51.057218+09:00
20260930,16,児島,11,20260930-16-11,4,4324,海野康志,38,山口,60.0,A1,7.1,55.24,7.67,66.67,12,40.57,40,32.31,332,2,https://www1.mbrace.or.jp/od2/B/202609/b260930.lzh,2026-09-30T03:27:51.057218+09:00
20260930,16,児島,11,20260930-16-11,5,3744,徳増秀樹,51,静岡,54.0,A1,6.03,43.26,6.69,48.28,49,37.21,30,34.18,1 6,3,https://www1.mbrace.or.jp/od2/B/202609/b260930.lzh,2026-09-30T03:27:51.057218+09:00
20260930,16,児島,11,20260930-16-11,6,4361,柳生泰二,41,山口,52.0,A1,7.27,55.28,6.63,42.11,59,27.98,15,40.51,161,,https://www1.mbrace.or.jp/od2/B/202609/b260930.lzh,2026-09-30T03:27:51.057218+09:00
20260930,16,児島,12,20260930-16-12,1,3941,池田浩二,48,愛知,53.0,A1,7.68,47.24,8.61,78.57,25,27.65,65,35.23,2 3F,5,https://www1.mbrace.or.jp/od2/B/202609/b260930.lzh,2026-09-30T03:27:51.057218+09:00
20260930,16,児島,12,20260930-16-12,2,4831,羽野直也,31,福岡,57.0,A1,7.17,54.21,7.13,37.5,38,35.71,34,39.18,221,,https://www1.mbrace.or.jp/od2/B/202609/b260930.lzh,2026-09-30T03:27:51.057218+09:00
20260930,16,児島,12,20260930-16-12,3,4320,峰竜太,41,佐賀,51.0,A1,8.71,62.11,8.11,55.56,44,40.0,25,32.84,311,7,https://www1.mbrace.or.jp/od2/B/202609/b260930.lzh,2026-09-30T03:27:51.057218+09:00
20260930,16,児島,12,20260930-16-12,4,4503,上野真之,38,佐賀,52.0,A1,7.98,63.31,7.89,66.67,64,33.95,57,34.0,213,,https://www1.mbrace.or.jp/od2/B/202609/b260930.lzh,2026-09-30T03:27:51.057218+09:00
20260930,16,児島,12,20260930-16-12,5,4266,長田頼宗,41,東京,54.0,A1,7.47,54.17,4.88,25.0,24,33.03,63,34.59,1 4,4,https://www1.mbrace.or.jp/od2/B/202609/b260930.lzh,2026-09-30T03:27:51.057218+09:00
20260930,16,児島,12,20260930-16-12,6,4980,佐々木完,30,山口,50.0,A1,6.97,50.82,6.8,46.43,11,29.82,69,30.96,141,,https://www1.mbrace.or.jp/od2/B/202609/b260930.lzh,2026-09-30T03:27:51.057218+09:00
20260930,15,丸亀,1,20260930-15-01,1,5262,鈴木章司,28,愛知,53.0,B1,4.07,18.31,3.14,7.14,57,0.0,40,28.95,3 342 35,8,https://www1.mbrace.or.jp/od2/B/202609/b260930.lzh,2026-09-30T03:27:51.057218+09:00
20260930,15,丸亀,1,20260930-15-01,2,4672,守屋大地,40,岡山,52.0,B1,4.41,27.62,4.37,21.05,38,66.67,62,37.21,6 136312,8,https://www1.mbrace.or.jp/od2/B/202609/b260930.lzh,2026-09-30T03:27:51.057218+09:00
20260930,15,丸亀,1,20260930-15-01,3,4821,妻鳥晋也,34,香川,55.0,B1,5.03,29.59,5.07,31.25,25,0.0,21,27.91,151 244,9,https://www1.mbrace.or.jp/od2/B/202609/b260930.lzh,2026-09-30T03:27:51.057218+09:00
20260930,15,丸亀,1,20260930-15-01,4,3869,井芹大志,51,福岡,53.0,B1,4.3,23.38,4.57,14.29,40,22.22,52,45.45,464 255,5,https://www1.mbrace.or.jp/od2/B/202609/b260930.lzh,2026-09-30T03:27:51.057218+09:00
20260930,15,丸亀,1,20260930-15-01,5,5231,寺田空詩,22,山口,46.0,B1,6.31,44.71,4.33,33.33,29,0.0,44,33.33,244 5 52,7,https://www1.mbrace.or.jp/od2/B/202609/b260930.lzh,2026-09-30T03:27:51.057218+09:00
20260930,15,丸亀,1,20260930-15-01,6,5471,田中結,17,大阪,48.0,B2,1.54,0.0,0.0,0.0,9,0.0,3,39.02,666 646,6,https://www1.mbrace.or.jp/od2/B/202609/b260930.lzh,2026-09-30T03:27:51.057218+09:00
20260930,15,丸亀,2,20260930-15-02,1,5098,大江純,30,愛知,53.0,B1,5.08,33.33,4.88,34.62,64,0.0,2,60.98,2 24653,7,https://www1.mbrace.or.jp/od2/B/202609/b260930.lzh,2026-09-30T03:27:51.057218+09:00
20260930,15,丸亀,2,20260930-15-02,2,3305,小野信樹,58,岡山,54.0,B1,3.5,13.64,4.06,22.58,31,0.0,55,30.77,554 151,12,https://www1.mbrace.or.jp/od2/B/202609/b260930.lzh,2026-09-30T03:27:51.057218+09:00
20260930,15,丸亀,2,20260930-15-02,3,4925,森悠稀,33,兵庫,53.0,A2,6.05,40.18,5.54,36.96,44,12.5,43,34.09,1 523 52,8,https://www1.mbrace.or.jp/od2/B/202609/b260930.lzh,2026-09-30T03:27:51.057218+09:00
20260930,15,丸亀,2,20260930-15-02,4,5359,佐藤世那,20,東京,55.0,B1,4.6,31.17,4.9,35.0,6,25.0,54,45.45,451 141,9,https://www1.mbrace.or.jp/od2/B/202609/b260930.lzh,2026-09-30T03:27:51.057218+09:00
20260930,15,丸亀,2,20260930-15-02,5,4064,原田篤志,46,山口,52.0,A1,6.45,47.71,6.77,40.0,60,0.0,25,38.1,2524121,10,https://www1.mbrace.or.jp/od2/B/202609/b260930.lzh,2026-09-30T03:27:51.057218+09:00
20260930,15,丸亀,2,20260930-15-02,6,5464,宮田栞,19,福岡,49.0,B2,1.25,0.0,0.0,0.0,36,22.22,28,25.0,6 664 46,,https://www1.mbrace.or.jp/od2/B/202609/b260930.lzh,2026-09-30T03:27:51.057218+09:00
20260930,15,丸亀,3,20260930-15-03,1,5207,高山敬悟,29,福岡,53.0,B1,5.19,35.23,4.78,38.89,39,40.0,60,24.14,431 463,11,https://www1.mbrace.or.jp/od2/B/202609/b260930.lzh,2026-09-30T03:27:51.057218+09:00
20260930,15,丸亀,3,20260930-15-03,2,5177,松井貫太,30,福岡,50.0,B1,4.49,20.83,3.22,0.0,35,25.0,48,44.44,4 245 34,12,https://www1.mbrace.or.jp/od2/B/202609/b260930.lzh,2026-09-30T03:27:51.057218+09:00
20260930,15,丸亀,3,20260930-15-03,3,3775,泉啓文,52,岡山,59.0,B1,3.85,20.75,5.19,38.46,24,0.0,33,26.67,3 363 11,10,https://www1.mbrace.or.jp/od2/B/202609/b260930.lzh,2026-09-30T03:27:51.057218+09:00
20260930,15,丸亀,3,20260930-15-03,4,4053,芦澤望,48,東京,57.0,A2,5.36,33.7,6.77,56.67,28,0.0,57,25.0,142 1525,8,https://www1.mbrace.or.jp/od2/B/202609/b260930.lzh,2026-09-30T03:27:51.057218+09:00
20260930,15,丸亀,3,20260930-15-03,5,4281,大澤大夢,42,埼玉,53.0,B1,5.14,28.85,6.0,41.67,34,25.0,38,34.15,1 162 22,8,https://www1.mbrace.or.jp/od2/B/202609/b260930.lzh,2026-09-30T03:27:51.057218+09:00
20260930,15,丸亀,3,20260930-15-03,6,4514,上條嘉嗣,36,大阪,53.0,A1,6.41,53.15,6.98,57.5,65,0.0,14,42.86,331 1131,9,https://www1.mbrace.or.jp/od2/B/202609/b260930.lzh,2026-09-30T03:27:51.057218+09:00
20260930,15,丸亀,4,20260930-15-04,1,5354,渡邊雄斗,21,三重,52.0,B1,4.49,24.49,0.0,0.0,58,0.0,51,32.56,252 326,10,https://www1.mbrace.or.jp/od2/B/202609/b260930.lzh,2026-09-30T03:27:51.057218+09:00
20260930,15,丸亀,4,20260930-15-04,2,4260,中越博紀,42,香川,54.0,B1,5.78,44.88,5.5,36.3,8,50.0,30,21.05,1 65135,9,https://www1.mbrace.or.jp/od2/B/202609/b260930.lzh,2026-09-30T03:27:51.057218+09:00
20260930,15,丸亀,4,20260930-15-04,3,4754,松尾充,38,三重,52.0,A2,6.43,44.37,5.33,25.93,63,0.0,11,27.78,323 4436,11,https://www1.mbrace.or.jp/od2/B/202609/b260930.lzh,2026-09-30T03:27:51.057218+09:00
20260930,15,丸亀,4,20260930-15-04,4,4630,岩永雅人,39,愛知,53.0,A2,5.29,33.73,6.0,34.69,27,0.0,12,21.21,4 133 14,10,https://www1.mbrace.or.jp/od2/B/202609/b260930.lzh,2026-09-30T03:27:51.057218+09:00
20260930,15,丸亀,4,20260930-15-04,5,5418,堀内亜海,20,大阪,58.0,B2,1.05,0.0,1.0,0.0,10,16.67,23,28.57,6 666 65,,https://www1.mbrace.or.jp/od2/B/202609/b260930.lzh,2026-09-30T03:27:51.057218+09:00
20260930,15,丸亀,4,20260930-15-04,6,4095,福来剛,45,東京,51.0,A1,6.98,55.93,7.3,50.0,7,11.11,22,25.0,163 1112,8,https://www1.mbrace.or.jp/od2/B/202609/b260930.lzh,2026-09-30T03:27:51.057218+09:00
20260930,15,丸亀,5,20260930-15-05,1,3484,芝田浩治,54,兵庫,53.0,A2,5.99,46.02,6.17,47.83,1,44.44,39,28.26,36511 54,9,https://www1.mbrace.or.jp/od2/B/202609/b260930.lzh,2026-09-30T03:27:51.057218+09:00
20260930,15,丸亀,5,20260930-15-05,2,3161,古場輝義,66,大阪,53.0,B1,4.91,26.25,4.75,21.43,32,0.0,41,43.18,2 34252,10,https://www1.mbrace.or.jp/od2/B/202609/b260930.lzh,2026-09-30T03:27:51.057218+09:00
20260930,15,丸亀,5,20260930-15-05,3,3869,井芹大志,51,福岡,53.0,B1,4.3,23.38,4.57,14.29,40,22.22,52,45.45,464 255,1,https://www1.mbrace.or.jp/od2/B/202609/b260930.lzh,2026-09-30T03:27:51.057218+09:00
20260930,15,丸亀,5,20260930-15-05,4,5346,中村紋夕,23,愛知,47.0,B1,3.27,7.32,2.0,0.0,33,0.0,66,45.0,655 6 64,,https://www1.mbrace.or.jp/od2/B/202609/b260930.lzh,2026-09-30T03:27:51.057218+09:00
20260930,15,丸亀,5,20260930-15-05,5,3898,平田忠則,49,福岡,54.0,A1,7.72,65.94,7.48,58.7,5,33.33,8,30.23,12316 21,9,https://www1.mbrace.or.jp/od2/B/202609/b260930.lzh,2026-09-30T03:27:51.057218+09:00
20260930,15,丸亀,5,20260930-15-05,6,4823,中村桃佳,33,香川,44.0,A2,6.76,52.34,6.51,51.02,3,0.0,63,27.03,2 233231,11,https://www1.mbrace.or.jp/od2/B/202609/b260930.lzh,2026-09-30T03:27:51.057218+09:00
20260930,15,丸亀,6,20260930-15-06,1,5026,安河内健,31,佐賀,56.0,A1,6.42,48.84,6.7,45.0,11,44.44,24,52.27,3432223,11,https://www1.mbrace.or.jp/od2/B/202609/b260930.lzh,2026-09-30T03:27:51.057218+09:00
20260930,15,丸亀,6,20260930-15-06,2,3977,山本兼士,49,大阪,53.0,B1,4.4,16.81,5.2,30.0,30,0.0,49,33.33,664 254,12,https://www1.mbrace.or.jp/od2/B/202609/b260930.lzh,2026-09-30T03:27:51.057218+09:00
20260930,15,丸亀,6,20260930-15-06,3,5010,宇留田翔,29,三重,55.0,A2,5.68,39.32,6.0,0.0,26,0.0,56,37.21,4 254164,12,https://www1.mbrace.or.jp/od2/B/202609/b260930.lzh,2026-09-30T03:27:51.057218+09:00
20260930,15,丸亀,6,20260930-15-06,4,5333,山下智己,22,兵庫,50.0,B2,3.68,16.44,1.6,0.0,45,37.5,31,52.5,5 565 55,,https://www1.mbrace.or.jp/od2/B/202609/b260930.lzh,2026-09-30T03:27:51.057218+09:00
20260930,15,丸亀,6,20260930-15-06,5,5471,田中結,17,大阪,48.0,B2,1.54,0.0,0.0,0.0,9,0.0,3,39.02,666 646,1,https://www1.mbrace.or.jp/od2/B/202609/b260930.lzh,2026-09-30T03:27:51.057218+09:00
20260930,15,丸亀,6,20260930-15-06,6,4715,村上遼,34,長崎,52.0,A1,6.72,45.88,5.28,32.0,23,0.0,9,31.71,11122 33,10,https://www1.mbrace.or.jp/od2/B/202609/b260930.lzh,2026-09-30T03:27:51.057218+09:00
20260930,15,丸亀,7,20260930-15-07,1,4191,赤羽克也,45,埼玉,54.0,A1,6.59,50.0,5.41,37.5,61,0.0,58,35.29,4 163324,11,https://www1.mbrace.or.jp/od2/B/202609/b260930.lzh,2026-09-30T03:27:51.057218+09:00
20260930,15,丸亀,7,20260930-15-07,2,4300,加藤綾,43,三重,51.0,B1,5.27,37.27,4.6,26.67,37,25.0,27,50.0,3 461 63,12,https://www1.mbrace.or.jp/od2/B/202609/b260930.lzh,2026-09-30T03:27:51.057218+09:00
20260930,15,丸亀,7,20260930-15-07,3,5231,寺田空詩,22,山口,46.0,B1,6.31,44.71,4.33,33.33,29,0.0,44,33.33,244 5 52,1,https://www1.mbrace.or.jp/od2/B/202609/b260930.lzh,2026-09-30T03:27:51.057218+09:00
20260930,15,丸亀,7,20260930-15-07,4,5098,大江純,30,愛知,53.0,B1,5.08,33.33,4.88,34.62,64,0.0,2,60.98,2 24653,2,https://www1.mbrace.or.jp/od2/B/202609/b260930.lzh,2026-09-30T03:27:51.057218+09:00
20260930,15,丸亀,7,20260930-15-07,5,4193,郷原章平,45,福岡,52.0,A2,6.15,44.85,4.82,27.27,4,44.44,37,38.1,525 3542,12,https://www1.mbrace.or.jp/od2/B/202609/b260930.lzh,2026-09-30T03:27:51.057218+09:00
20260930,15,丸亀,7,20260930-15-07,6,4545,岡村慶太,38,福岡,58.0,A1,7.07,58.2,7.33,71.43,47,25.0,16,23.81,11313 13,11,https://www1.mbrace.or.jp/od2/B/202609/b260930.lzh,2026-09-30T03:27:51.057218+09:00
20260930,15,丸亀,8,20260930-15-08,1,4095,福来剛,45,東京,51.0,A1,6.98,55.93,7.3,50.0,7,11.11,22,25.0,163 1112,4,https://www1.mbrace.or.jp/od2/B/202609/b260930.lzh,2026-09-30T03:27:51.057218+09:00
20260930,15,丸亀,8,20260930-15-08,2,4281,大澤大夢,42,埼玉,53.0,B1,5.14,28.85,6.0,41.67,34,25.0,38,34.15,1 162 22,3,https://www1.mbrace.or.jp/od2/B/202609/b260930.lzh,2026-09-30T03:27:51.057218+09:00
20260930,15,丸亀,8,20260930-15-08,3,4053,芦澤望,48,東京,57.0,A2,5.36,33.7,6.77,56.67,28,0.0,57,25.0,142 1525,3,https://www1.mbrace.or.jp/od2/B/202609/b260930.lzh,2026-09-30T03:27:51.057218+09:00
20260930,15,丸亀,8,20260930-15-08,4,4925,森悠稀,33,兵庫,53.0,A2,6.05,40.18,5.54,36.96,44,12.5,43,34.09,1 523 52,2,https://www1.mbrace.or.jp/od2/B/202609/b260930.lzh,2026-09-30T03:27:51.057218+09:00
20260930,15,丸亀,8,20260930-15-08,5,4672,守屋大地,40,岡山,52.0,B1,4.41,27.62,4.37,21.05,38,66.67,62,37.21,6 136312,1,https://www1.mbrace.or.jp/od2/B/202609/b260930.lzh,2026-09-30T03:27:51.057218+09:00
20260930,15,丸亀,8,20260930-15-08,6,5262,鈴木章司,28,愛知,53.0,B1,4.07,18.31,3.14,7.14,57,0.0,40,28.95,3 342 35,1,https://www1.mbrace.or.jp/od2/B/202609/b260930.lzh,2026-09-30T03:27:51.057218+09:00
20260930,15,丸亀,9,20260930-15-09,1,4514,上條嘉嗣,36,大阪,53.0,A1,6.41,53.15,6.98,57.5,65,0.0,14,42.86,331 1131,3,https://www1.mbrace.or.jp/od2/B/202609/b260930.lzh,2026-09-30T03:27:51.057218+09:00
20260930,15,丸亀,9,20260930-15-09,2,3898,平田忠則,49,福岡,54.0,A1,7.72,65.94,7.48,58.7,5,33.33,8,30.23,12316 21,5,https://www1.mbrace.or.jp/od2/B/202609/b260930.lzh,2026-09-30T03:27:51.057218+09:00
20260930,15,丸亀,9,20260930-15-09,3,5359,佐藤世那,20,東京,55.0,B1,4.6,31.17,4.9,35.0,6,25.0,54,45.45,451 141,2,https://www1.mbrace.or.jp/od2/B/202609/b260930.lzh,2026-09-30T03:27:51.057218+09:00
20260930,15,丸亀,9,20260930-15-09,4,4821,妻鳥晋也,34,香川,55.0,B1,5.03,29.59,5.07,31.25,25,0.0,21,27.91,151 244,1,https://www1.mbrace.or.jp/od2/B/202609/b260930.lzh,2026-09-30T03:27:51.057218+09:00
20260930,15,丸亀,9,20260930-15-09,5,4260,中越博紀,42,香川,54.0,B1,5.78,44.88,5.5,36.3,8,50.0,30,21.05,1 65135,4,https://www1.mbrace.or.jp/od2/B/202609/b260930.lzh,2026-09-30T03:27:51.057218+09:00
20260930,15,丸亀,9,20260930-15-09,6,3484,芝田浩治,54,兵庫,53.0,A2,5.99,46.02,6.17,47.83,1,44.44,39,28.26,36511 54,5,https://www1.mbrace.or.jp/od2/B/202609/b260930.lzh,2026-09-30T03:27:51.057218+09:00
20260930,15,丸亀,10,20260930-15-10,1,4715,村上遼,34,長崎,52.0,A1,6.72,45.88,5.28,32.0,23,0.0,9,31.71,11122 33,6,https://www1.mbrace.or.jp/od2/B/202609/b260930.lzh,2026-09-30T03:27:51.057218+09:00
20260930,15,丸亀,10,20260930-15-10,2,4064,原田篤志,46,山口,52.0,A1,6.45,47.71,6.77,40.0,60,0.0,25,38.1,2524121,2,https://www1.mbrace.or.jp/od2/B/202609/b260930.lzh,2026-09-30T03:27:51.057218+09:00
20260930,15,丸亀,10,20260930-15-10,3,4630,岩永雅人,39,愛知,53.0,A2,5.29,33.73,6.0,34.69,27,0.0,12,21.21,4 133 14,4,https://www1.mbrace.or.jp/od2/B/202609/b260930.lzh,2026-09-30T03:27:51.057218+09:00
20260930,15,丸亀,10,20260930-15-10,4,3775,泉啓文,52,岡山,59.0,B1,3.85,20.75,5.19,38.46,24,0.0,33,26.67,3 363 11,3,https://www1.mbrace.or.jp/od2/B/202609/b260930.lzh,2026-09-30T03:27:51.057218+09:00
20260930,15,丸亀,10,20260930-15-10,5,3161,古場輝義,66,大阪,53.0,B1,4.91,26.25,4.75,21.43,32,0.0,41,43.18,2 34252,5,https://www1.mbrace.or.jp/od2/B/202609/b260930.lzh,2026-09-30T03:27:51.057218+09:00
20260930,15,丸亀,10,20260930-15-10,6,5354,渡邊雄斗,21,三重,52.0,B1,4.49,24.49,0.0,0.0,58,0.0,51,32.56,252 326,4,https://www1.mbrace.or.jp/od2/B/202609/b260930.lzh,2026-09-30T03:27:51.057218+09:00
20260930,15,丸亀,11,20260930-15-11,1,4545,岡村慶太,38,福岡,58.0,A1,7.07,58.2,7.33,71.43,47,25.0,16,23.81,11313 13,7,https://www1.mbrace.or.jp/od2/B/202609/b260930.lzh,2026-09-30T03:27:51.057218+09:00
20260930,15,丸亀,11,20260930-15-11,2,4823,中村桃佳,33,香川,44.0,A2,6.76,52.34,6.51,51.02,3,0.0,63,27.03,2 233231,5,https://www1.mbrace.or.jp/od2/B/202609/b260930.lzh,2026-09-30T03:27:51.057218+09:00
20260930,15,丸亀,11,20260930-15-11,3,5026,安河内健,31,佐賀,56.0,A1,6.42,48.84,6.7,45.0,11,44.44,24,52.27,3432223,6,https://www1.mbrace.or.jp/od2/B/202609/b260930.lzh,2026-09-30T03:27:51.057218+09:00
20260930,15,丸亀,11,20260930-15-11,4,4754,松尾充,38,三重,52.0,A2,6.43,44.37,5.33,25.93,63,0.0,11,27.78,323 4436,4,https://www1.mbrace.or.jp/od2/B/202609/b260930.lzh,2026-09-30T03:27:51.057218+09:00
20260930,15,丸亀,11,20260930-15-11,5,4191,赤羽克也,45,埼玉,54.0,A1,6.59,50.0,5.41,37.5,61,0.0,58,35.29,4 163324,7,https://www1.mbrace.or.jp/od2/B/202609/b260930.lzh,2026-09-30T03:27:51.057218+09:00
20260930,15,丸亀,11,20260930-15-11,6,5207,高山敬悟,29,福岡,53.0,B1,5.19,35.23,4.78,38.89,39,40.0,60,24.14,431 463,3,https://www1.mbrace.or.jp/od2/B/202609/b260930.lzh,2026-09-30T03:27:51.057218+09:00
20260930,15,丸亀,12,20260930-15-12,1,5010,宇留田翔,29,三重,55.0,A2,5.68,39.32,6.0,0.0,26,0.0,56,37.21,4 254164,6,https://www1.mbrace.or.jp/od2/B/202609/b260930.lzh,2026-09-30T03:27:51.057218+09:00
20260930,15,丸亀,12,20260930-15-12,2,4193,郷原章平,45,福岡,52.0,A2,6.15,44.85,4.82,27.27,4,44.44,37,38.1,525 3542,7,https://www1.mbrace.or.jp/od2/B/202609/b260930.lzh,2026-09-30T03:27:51.057218+09:00
20260930,15,丸亀,12,20260930-15-12,3,3977,山本兼士,49,大阪,53.0,B1,4.4,16.81,5.2,30.0,30,0.0,49,33.33,664 254,6,https://www1.mbrace.or.jp/od2/B/202609/b260930.lzh,2026-09-30T03:27:51.057218+09:00
20260930,15,丸亀,12,20260930-15-12,4,4300,加藤綾,43,三重,51.0,B1,5.27,37.27,4.6,26.67,37,25.0,27,50.0,3 461 63,7,https://www1.mbrace.or.jp/od2/B/202609/b260930.lzh,2026-09-30T03:27:51.057218+09:00
20260930,15,丸亀,12,20260930-15-12,5,5177,松井貫太,30,福岡,50.0,B1,4.49,20.83,3.22,0.0,35,25.0,48,44.44,4 245 34,3,https://www1.mbrace.or.jp/od2/B/202609/b260930.lzh,2026-09-30T03:27:51.057218+09:00
20260930,15,丸亀,12,20260930-15-12,6,3305,小野信樹,58,岡山,54.0,B1,3.5,13.64,4.06,22.58,31,0.0,55,30.77,554 151,2,https://www1.mbrace.or.jp/od2/B/202609/b260930.lzh,2026-09-30T03:27:51.057218+09:00
20260930,14,鳴門,1,20260930-14-01,1,3499,市川哲也,57,広島,53.0,A1,5.49,34.38,5.94,37.5,83,25.0,22,24.42,222 41,10,https://www1.mbrace.or.jp/od2/B/202609/b260930.lzh,2026-09-30T03:27:51.057218+09:00
20260930,14,鳴門,1,20260930-14-01,2,4887,富澤祐作,39,群馬,55.0,B1,4.98,31.71,5.92,40.0,62,34.09,13,35.23,146 45,,https://www1.mbrace.or.jp/od2/B/202609/b260930.lzh,2026-09-30T03:27:51.057218+09:00
20260930,14,鳴門,1,20260930-14-01,3,4092,岡部大輔,45,佐賀,53.0,B1,4.88,27.78,5.63,37.5,18,34.74,78,33.68,4 345,12,https://www1.mbrace.or.jp/od2/B/202609/b260930.lzh,2026-09-30T03:27:51.057218+09:00
20260930,14,鳴門,1,20260930-14-01,4,3580,水口由紀,53,滋賀,49.0,B1,4.26,16.33,5.57,35.71,74,26.74,39,34.78,5 563,7,https://www1.mbrace.or.jp/od2/B/202609/b260930.lzh,2026-09-30T03:27:51.057218+09:00
20260930,14,鳴門,1,20260930-14-01,5,3587,武田信一,53,徳島,60.0,B1,3.86,15.66,4.21,17.24,36,21.35,28,40.0,463 4,6,https://www1.mbrace.or.jp/od2/B/202609/b260930.lzh,2026-09-30T03:27:51.057218+09:00
20260930,14,鳴門,1,20260930-14-01,6,5428,古園井綾,24,佐賀,50.0,B2,1.06,0.0,1.0,0.0,15,51.61,52,34.44,666 6,,https://www1.mbrace.or.jp/od2/B/202609/b260930.lzh,2026-09-30T03:27:51.057218+09:00
20260930,14,鳴門,2,20260930-14-02,1,5036,福田翔吾,28,大阪,53.0,B1,5.58,36.89,4.92,33.33,50,38.04,12,33.33,311 66,6,https://www1.mbrace.or.jp/od2/B/202609/b260930.lzh,2026-09-30T03:27:51.057218+09:00
20260930,14,鳴門,2,20260930-14-02,2,4596,葛原大陽,43,徳島,52.0,A2,6.07,39.34,6.31,46.89,53,32.05,70,36.36,132 45,10,https://www1.mbrace.or.jp/od2/B/202609/b260930.lzh,2026-09-30T03:27:51.057218+09:00
20260930,14,鳴門,2,20260930-14-02,3,3439,大平誉史,57,大阪,51.0,A1,5.72,40.83,4.4,20.0,55,35.63,26,31.82,631313,,https://www1.mbrace.or.jp/od2/B/202609/b260930.lzh,2026-09-30T03:27:51.057218+09:00
20260930,14,鳴門,2,20260930-14-02,4,5117,冨名腰桃,26,福岡,46.0,B1,5.26,34.62,5.38,46.15,67,39.02,37,34.88,155 3,7,https://www1.mbrace.or.jp/od2/B/202609/b260930.lzh,2026-09-30T03:27:51.057218+09:00
20260930,14,鳴門,2,20260930-14-02,5,3477,近藤稔也,56,徳島,53.0,B1,3.88,14.77,4.74,27.7,37,50.56,62,31.76,525 5,11,https://www1.mbrace.or.jp/od2/B/202609/b260930.lzh,2026-09-30T03:27:51.057218+09:00
20260930,14,鳴門,2,20260930-14-02,6,3548,室田泰史,56,福井,54.0,A2,5.09,31.78,7.43,57.14,14,39.56,36,26.44,1 1612,9,https://www1.mbrace.or.jp/od2/B/202609/b260930.lzh,2026-09-30T03:27:51.057218+09:00
20260930,14,鳴門,3,20260930-14-03,1,4286,平田さや,42,東京,47.0,A2,5.99,41.61,5.13,30.43,68,31.76,32,36.47,2 1424,12,https://www1.mbrace.or.jp/od2/B/202609/b260930.lzh,2026-09-30T03:27:51.057218+09:00
20260930,14,鳴門,3,20260930-14-03,2,5041,荒牧凪沙,28,福岡,52.0,B1,4.83,30.0,4.53,23.53,82,56.98,76,34.04,3 5162,,https://www1.mbrace.or.jp/od2/B/202609/b260930.lzh,2026-09-30T03:27:51.057218+09:00
20260930,14,鳴門,3,20260930-14-03,3,3024,西島義則,64,広島,53.0,B2,6.67,61.11,7.32,63.41,72,35.23,54,36.47,4 2221,8,https://www1.mbrace.or.jp/od2/B/202609/b260930.lzh,2026-09-30T03:27:51.057218+09:00
20260930,14,鳴門,3,20260930-14-03,4,3618,海野ゆか,52,広島,44.0,A1,6.42,48.87,5.75,25.0,58,35.23,24,28.57,44423,11,https://www1.mbrace.or.jp/od2/B/202609/b260930.lzh,2026-09-30T03:27:51.057218+09:00
20260930,14,鳴門,3,20260930-14-03,5,5356,長谷川暖,21,岡山,51.0,B1,4.83,27.14,2.36,0.0,39,20.93,57,24.39,3 465,9,https://www1.mbrace.or.jp/od2/B/202609/b260930.lzh,2026-09-30T03:27:51.057218+09:00
20260930,14,鳴門,3,20260930-14-03,6,5355,萩原丈太,21,福井,57.0,B1,2.57,9.33,2.25,8.33,64,38.37,20,27.59,255 16,,https://www1.mbrace.or.jp/od2/B/202609/b260930.lzh,2026-09-30T03:27:51.057218+09:00
20260930,14,鳴門,4,20260930-14-04,1,3412,鈴木博,57,埼玉,53.0,A1,6.32,47.73,6.92,60.0,19,34.83,68,24.72,55424,11,https://www1.mbrace.or.jp/od2/B/202609/b260930.lzh,2026-09-30T03:27:51.057218+09:00
20260930,14,鳴門,4,20260930-14-04,2,4538,笠置博之,36,大阪,54.0,A1,5.25,39.13,6.91,60.87,28,27.85,50,34.09,1 1111,9,https://www1.mbrace.or.jp/od2/B/202609/b260930.lzh,2026-09-30T03:27:51.057218+09:00
20260930,14,鳴門,4,20260930-14-04,3,4031,飯島誠,48,埼玉,52.0,B1,4.71,26.8,3.83,17.24,78,35.23,83,33.33,265 4,10,https://www1.mbrace.or.jp/od2/B/202609/b260930.lzh,2026-09-30T03:27:51.057218+09:00
20260930,14,鳴門,4,20260930-14-04,4,3809,吉田光,51,佐賀,51.0,B1,4.31,12.77,4.36,20.0,59,37.08,65,35.23,5 3366,,https://www1.mbrace.or.jp/od2/B/202609/b260930.lzh,2026-09-30T03:27:51.057218+09:00
20260930,14,鳴門,4,20260930-14-04,5,4325,新出浩司,43,大阪,52.0,B1,4.43,17.24,4.63,25.71,20,33.71,66,38.46,353 2,8,https://www1.mbrace.or.jp/od2/B/202609/b260930.lzh,2026-09-30T03:27:51.057218+09:00
20260930,14,鳴門,4,20260930-14-04,6,4133,高橋正男,46,兵庫,52.0,A2,6.39,53.04,6.26,42.11,63,34.74,19,29.07,32F53,,https://www1.mbrace.or.jp/od2/B/202609/b260930.lzh,2026-09-30T03:27:51.057218+09:00
20260930,14,鳴門,5,20260930-14-05,1,5312,川辺郭人,26,佐賀,54.0,B1,3.38,7.61,3.25,8.33,31,32.56,77,40.74,6 456,9,https://www1.mbrace.or.jp/od2/B/202609/b260930.lzh,2026-09-30T03:27:51.057218+09:00
20260930,14,鳴門,5,20260930-14-05,2,3872,岡田憲行,50,大阪,54.0,A2,5.6,33.94,5.68,42.5,21,27.16,69,27.27,26251,12,https://www1.mbrace.or.jp/od2/B/202609/b260930.lzh,2026-09-30T03:27:51.057218+09:00
20260930,14,鳴門,5,20260930-14-05,3,3915,繁野谷圭,52,大阪,52.0,A2,6.31,45.9,5.61,34.78,70,37.35,33,47.67,52341,11,https://www1.mbrace.or.jp/od2/B/202609/b260930.lzh,2026-09-30T03:27:51.057218+09:00
20260930,14,鳴門,5,20260930-14-05,4,4116,川田正人,45,徳島,52.0,B1,4.47,14.77,5.07,32.17,29,48.0,34,23.86,3 3453,,https://www1.mbrace.or.jp/od2/B/202609/b260930.lzh,2026-09-30T03:27:51.057218+09:00
20260930,14,鳴門,5,20260930-14-05,5,4409,坂元浩仁,40,愛知,55.0,A1,6.44,47.83,5.11,11.11,75,28.05,61,31.76,461 53,10,https://www1.mbrace.or.jp/od2/B/202609/b260930.lzh,2026-09-30T03:27:51.057218+09:00
20260930,14,鳴門,5,20260930-14-05,6,4693,松下誉士,42,福岡,54.0,B1,4.24,26.42,5.29,42.86,81,25.93,80,20.24,5 2231,,https://www1.mbrace.or.jp/od2/B/202609/b260930.lzh,2026-09-30T03:27:51.057218+09:00
20260930,14,鳴門,6,20260930-14-06,1,5271,杉山太陽,25,福岡,53.0,B1,4.07,18.27,3.21,8.33,38,37.93,25,19.54,4 163,10,https://www1.mbrace.or.jp/od2/B/202609/b260930.lzh,2026-09-30T03:27:51.057218+09:00
20260930,14,鳴門,6,20260930-14-06,2,3874,山本寛久,50,岡山,52.0,A2,7.03,50.43,6.03,41.38,13,30.49,23,30.68,S11 45,11,https://www1.mbrace.or.jp/od2/B/202609/b260930.lzh,2026-09-30T03:27:51.057218+09:00
20260930,14,鳴門,6,20260930-14-06,3,3587,武田信一,53,徳島,60.0,B1,3.86,15.66,4.21,17.24,36,21.35,28,40.0,463 4,1,https://www1.mbrace.or.jp/od2/B/202609/b260930.lzh,2026-09-30T03:27:51.057218+09:00
20260930,14,鳴門,6,20260930-14-06,4,5036,福田翔吾,28,大阪,53.0,B1,5.58,36.89,4.92,33.33,50,38.04,12,33.33,311 66,2,https://www1.mbrace.or.jp/od2/B/202609/b260930.lzh,2026-09-30T03:27:51.057218+09:00
20260930,14,鳴門,6,20260930-14-06,5,4148,枝尾賢,44,福岡,53.0,A2,6.25,43.44,7.18,54.55,17,25.56,74,40.0,2 3152,12,https://www1.mbrace.or.jp/od2/B/202609/b260930.lzh,2026-09-30T03:27:51.057218+09:00
20260930,14,鳴門,6,20260930-14-06,6,3967,鈴木茂高,47,愛知,58.0,B1,4.22,25.29,0.0,0.0,66,43.96,71,26.09,3 5434,,https://www1.mbrace.or.jp/od2/B/202609/b260930.lzh,2026-09-30T03:27:51.057218+09:00
20260930,14,鳴門,7,20260930-14-07,1,5117,冨名腰桃,26,福岡,46.0,B1,5.26,34.62,5.38,46.15,67,39.02,37,34.88,155 3,2,https://www1.mbrace.or.jp/od2/B/202609/b260930.lzh,2026-09-30T03:27:51.057218+09:00
20260930,14,鳴門,7,20260930-14-07,2,4895,門間雄大,35,東京,55.0,A2,4.94,24.04,5.4,20.0,34,30.11,60,34.88,415 22,12,https://www1.mbrace.or.jp/od2/B/202609/b260930.lzh,2026-09-30T03:27:51.057218+09:00
20260930,14,鳴門,7,20260930-14-07,3,4247,齊藤優,44,徳島,56.0,B1,5.37,33.68,5.57,32.84,84,18.18,15,30.43,3 3351,,https://www1.mbrace.or.jp/od2/B/202609/b260930.lzh,2026-09-30T03:27:51.057218+09:00
20260930,14,鳴門,7,20260930-14-07,4,5307,富永夏哉,23,佐賀,50.0,B1,4.54,27.45,3.19,18.75,80,26.32,55,32.18,414 36,,https://www1.mbrace.or.jp/od2/B/202609/b260930.lzh,2026-09-30T03:27:51.057218+09:00
20260930,14,鳴門,7,20260930-14-07,5,3580,水口由紀,53,滋賀,49.0,B1,4.26,16.33,5.57,35.71,74,26.74,39,34.78,5 563,1,https://www1.mbrace.or.jp/od2/B/202609/b260930.lzh,2026-09-30T03:27:51.057218+09:00
20260930,14,鳴門,7,20260930-14-07,6,4420,津久井拓,38,群馬,54.0,A2,5.66,38.24,5.81,39.53,69,26.74,16,37.93,4 6525,11,https://www1.mbrace.or.jp/od2/B/202609/b260930.lzh,2026-09-30T03:27:51.057218+09:00
20260930,14,鳴門,8,20260930-14-08,1,4325,新出浩司,43,大阪,52.0,B1,4.43,17.24,4.63,25.71,20,33.71,66,38.46,353 2,4,https://www1.mbrace.or.jp/od2/B/202609/b260930.lzh,2026-09-30T03:27:51.057218+09:00
20260930,14,鳴門,8,20260930-14-08,2,4694,高田綾,41,福岡,45.0,B1,4.45,20.2,5.06,25.0,77,32.22,29,37.5,156 31,,https://www1.mbrace.or.jp/od2/B/202609/b260930.lzh,2026-09-30T03:27:51.057218+09:00
20260930,14,鳴門,8,20260930-14-08,3,4676,後藤隼之,38,東京,58.0,A2,4.98,23.23,5.0,21.21,57,41.38,35,25.0,241642,,https://www1.mbrace.or.jp/od2/B/202609/b260930.lzh,2026-09-30T03:27:51.057218+09:00
20260930,14,鳴門,8,20260930-14-08,4,4506,稗田聖也,38,福岡,52.0,A1,6.28,47.41,6.83,53.33,25,32.29,27,37.35,11235,12,https://www1.mbrace.or.jp/od2/B/202609/b260930.lzh,2026-09-30T03:27:51.057218+09:00
20260930,14,鳴門,8,20260930-14-08,5,3024,西島義則,64,広島,53.0,B2,6.67,61.11,7.32,63.41,72,35.23,54,36.47,4 2221,3,https://www1.mbrace.or.jp/od2/B/202609/b260930.lzh,2026-09-30T03:27:51.057218+09:00
20260930,14,鳴門,8,20260930-14-08,6,5451,知念伶奈,21,佐賀,47.0,B2,1.29,2.63,0.0,0.0,60,30.0,31,33.71,666 66,,https://www1.mbrace.or.jp/od2/B/202609/b260930.lzh,2026-09-30T03:27:51.057218+09:00
20260930,14,鳴門,9,20260930-14-09,1,5356,長谷川暖,21,岡山,51.0,B1,4.83,27.14,2.36,0.0,39,20.93,57,24.39,3 465,3,https://www1.mbrace.or.jp/od2/B/202609/b260930.lzh,2026-09-30T03:27:51.057218+09:00
20260930,14,鳴門,9,20260930-14-09,2,3900,香川素子,49,滋賀,47.0,A2,6.1,43.43,6.36,44.83,35,28.41,79,34.44,354224,,https://www1.mbrace.or.jp/od2/B/202609/b260930.lzh,2026-09-30T03:27:51.057218+09:00
20260930,14,鳴門,9,20260930-14-09,3,3548,室田泰史,56,福井,54.0,A2,5.09,31.78,7.43,57.14,14,39.56,36,26.44,1 1612,2,https://www1.mbrace.or.jp/od2/B/202609/b260930.lzh,2026-09-30T03:27:51.057218+09:00
20260930,14,鳴門,9,20260930-14-09,4,4538,笠置博之,36,大阪,54.0,A1,5.25,39.13,6.91,60.87,28,27.85,50,34.09,1 1111,4,https://www1.mbrace.or.jp/od2/B/202609/b260930.lzh,2026-09-30T03:27:51.057218+09:00
20260930,14,鳴門,9,20260930-14-09,5,5312,川辺郭人,26,佐賀,54.0,B1,3.38,7.61,3.25,8.33,31,32.56,77,40.74,6 456,5,https://www1.mbrace.or.jp/od2/B/202609/b260930.lzh,2026-09-30T03:27:51.057218+09:00
20260930,14,鳴門,9,20260930-14-09,6,5462,山浦槙,19,佐賀,48.0,B2,1.63,0.0,2.5,0.0,30,40.0,82,25.84,6 466,,https://www1.mbrace.or.jp/od2/B/202609/b260930.lzh,2026-09-30T03:27:51.057218+09:00
20260930,14,鳴門,10,20260930-14-10,1,4409,坂元浩仁,40,愛知,55.0,A1,6.44,47.83,5.11,11.11,75,28.05,61,31.76,461 53,5,https://www1.mbrace.or.jp/od2/B/202609/b260930.lzh,2026-09-30T03:27:51.057218+09:00
20260930,14,鳴門,10,20260930-14-10,2,3933,山地正樹,50,岡山,53.0,B1,6.13,46.28,5.05,32.43,22,33.0,14,40.96,232 42,,https://www1.mbrace.or.jp/od2/B/202609/b260930.lzh,2026-09-30T03:27:51.057218+09:00
20260930,14,鳴門,10,20260930-14-10,3,5271,杉山太陽,25,福岡,53.0,B1,4.07,18.27,3.21,8.33,38,37.93,25,19.54,4 163,6,https://www1.mbrace.or.jp/od2/B/202609/b260930.lzh,2026-09-30T03:27:51.057218+09:00
20260930,14,鳴門,10,20260930-14-10,4,3499,市川哲也,57,広島,53.0,A1,5.49,34.38,5.94,37.5,83,25.0,22,24.42,222 41,1,https://www1.mbrace.or.jp/od2/B/202609/b260930.lzh,2026-09-30T03:27:51.057218+09:00
20260930,14,鳴門,10,20260930-14-10,5,4596,葛原大陽,43,徳島,52.0,A2,6.07,39.34,6.31,46.89,53,32.05,70,36.36,132 45,2,https://www1.mbrace.or.jp/od2/B/202609/b260930.lzh,2026-09-30T03:27:51.057218+09:00
20260930,14,鳴門,10,20260930-14-10,6,4031,飯島誠,48,埼玉,52.0,B1,4.71,26.8,3.83,17.24,78,35.23,83,33.33,265 4,4,https://www1.mbrace.or.jp/od2/B/202609/b260930.lzh,2026-09-30T03:27:51.057218+09:00
20260930,14,鳴門,11,20260930-14-11,1,3618,海野ゆか,52,広島,44.0,A1,6.42,48.87,5.75,25.0,58,35.23,24,28.57,44423,3,https://www1.mbrace.or.jp/od2/B/202609/b260930.lzh,2026-09-30T03:27:51.057218+09:00
20260930,14,鳴門,11,20260930-14-11,2,4420,津久井拓,38,群馬,54.0,A2,5.66,38.24,5.81,39.53,69,26.74,16,37.93,4 6525,7,https://www1.mbrace.or.jp/od2/B/202609/b260930.lzh,2026-09-30T03:27:51.057218+09:00
20260930,14,鳴門,11,20260930-14-11,3,3477,近藤稔也,56,徳島,53.0,B1,3.88,14.77,4.74,27.7,37,50.56,62,31.76,525 5,2,https://www1.mbrace.or.jp/od2/B/202609/b260930.lzh,2026-09-30T03:27:51.057218+09:00
20260930,14,鳴門,11,20260930-14-11,4,3874,山本寛久,50,岡山,52.0,A2,7.03,50.43,6.03,41.38,13,30.49,23,30.68,S11 45,6,https://www1.mbrace.or.jp/od2/B/202609/b260930.lzh,2026-09-30T03:27:51.057218+09:00
20260930,14,鳴門,11,20260930-14-11,5,3412,鈴木博,57,埼玉,53.0,A1,6.32,47.73,6.92,60.0,19,34.83,68,24.72,55424,4,https://www1.mbrace.or.jp/od2/B/202609/b260930.lzh,2026-09-30T03:27:51.057218+09:00
20260930,14,鳴門,11,20260930-14-11,6,3915,繁野谷圭,52,大阪,52.0,A2,6.31,45.9,5.61,34.78,70,37.35,33,47.67,52341,5,https://www1.mbrace.or.jp/od2/B/202609/b260930.lzh,2026-09-30T03:27:51.057218+09:00
20260930,14,鳴門,12,20260930-14-12,1,4506,稗田聖也,38,福岡,52.0,A1,6.28,47.41,6.83,53.33,25,32.29,27,37.35,11235,8,https://www1.mbrace.or.jp/od2/B/202609/b260930.lzh,2026-09-30T03:27:51.057218+09:00
20260930,14,鳴門,12,20260930-14-12,2,4148,枝尾賢,44,福岡,53.0,A2,6.25,43.44,7.18,54.55,17,25.56,74,40.0,2 3152,6,https://www1.mbrace.or.jp/od2/B/202609/b260930.lzh,2026-09-30T03:27:51.057218+09:00
20260930,14,鳴門,12,20260930-14-12,3,4286,平田さや,42,東京,47.0,A2,5.99,41.61,5.13,30.43,68,31.76,32,36.47,2 1424,3,https://www1.mbrace.or.jp/od2/B/202609/b260930.lzh,2026-09-30T03:27:51.057218+09:00
20260930,14,鳴門,12,20260930-14-12,4,4895,門間雄大,35,東京,55.0,A2,4.94,24.04,5.4,20.0,34,30.11,60,34.88,415 22,7,https://www1.mbrace.or.jp/od2/B/202609/b260930.lzh,2026-09-30T03:27:51.057218+09:00
20260930,14,鳴門,12,20260930-14-12,5,3872,岡田憲行,50,大阪,54.0,A2,5.6,33.94,5.68,42.5,21,27.16,69,27.27,26251,5,https://www1.mbrace.or.jp/od2/B/202609/b260930.lzh,2026-09-30T03:27:51.057218+09:00
20260930,14,鳴門,12,20260930-14-12,6,4092,岡部大輔,45,佐賀,53.0,B1,4.88,27.78,5.63,37.5,18,34.74,78,33.68,4 345,1,https://www1.mbrace.or.jp/od2/B/202609/b260930.lzh,2026-09-30T03:27:51.057218+09:00
20260930,09,津,1,20260930-09-01,1,4808,松尾拓,38,三重,50.0,A2,6.34,46.15,6.63,48.26,67,39.46,14,32.79,,10,https://www1.mbrace.or.jp/od2/B/202609/b260930.lzh,2026-09-30T03:27:51.057218+09:00
20260930,09,津,1,20260930-09-01,2,4022,待鳥雄紀,46,福岡,58.0,B1,4.8,27.0,3.71,0.0,61,31.06,21,31.15,,6,https://www1.mbrace.or.jp/od2/B/202609/b260930.lzh,2026-09-30T03:27:51.057218+09:00
20260930,09,津,1,20260930-09-01,3,3306,武田正紀,58,埼玉,55.0,B1,3.91,18.63,5.53,23.53,11,27.85,22,37.16,,7,https://www1.mbrace.or.jp/od2/B/202609/b260930.lzh,2026-09-30T03:27:51.057218+09:00
20260930,09,津,1,20260930-09-01,4,3550,都築正治,55,愛知,54.0,B1,5.3,37.1,5.77,40.91,68,37.57,50,34.78,,8,https://www1.mbrace.or.jp/od2/B/202609/b260930.lzh,2026-09-30T03:27:51.057218+09:00
20260930,09,津,1,20260930-09-01,5,4380,鈴木峻佑,42,静岡,53.0,B1,4.88,29.31,3.93,21.43,39,40.46,11,33.33,,,https://www1.mbrace.or.jp/od2/B/202609/b260930.lzh,2026-09-30T03:27:51.057218+09:00
20260930,09,津,1,20260930-09-01,6,4054,福嶋智之,48,岡山,53.0,B1,4.63,25.77,3.92,23.08,31,42.77,41,18.94,,9,https://www1.mbrace.or.jp/od2/B/202609/b260930.lzh,2026-09-30T03:27:51.057218+09:00
20260930,09,津,2,20260930-09-02,1,3712,淺香文武,52,三重,56.0,B1,4.76,33.68,5.13,34.07,14,28.14,24,32.31,,7,https://www1.mbrace.or.jp/od2/B/202609/b260930.lzh,2026-09-30T03:27:51.057218+09:00
20260930,09,津,2,20260930-09-02,2,4457,神田達也,40,愛知,53.0,B1,4.44,25.33,3.22,11.11,41,42.29,34,39.64,,,https://www1.mbrace.or.jp/od2/B/202609/b260930.lzh,2026-09-30T03:27:51.057218+09:00
20260930,09,津,2,20260930-09-02,3,3647,伊藤雄二,53,埼玉,50.0,B1,3.64,14.16,4.08,20.83,12,29.33,57,35.9,,9,https://www1.mbrace.or.jp/od2/B/202609/b260930.lzh,2026-09-30T03:27:51.057218+09:00
20260930,09,津,2,20260930-09-02,4,5011,高木圭大,29,長崎,53.0,B1,3.85,18.81,2.67,11.11,32,36.91,53,23.62,,,https://www1.mbrace.or.jp/od2/B/202609/b260930.lzh,2026-09-30T03:27:51.057218+09:00
20260930,09,津,2,20260930-09-02,5,4336,松田竜馬,42,福岡,56.0,B1,5.16,31.63,5.71,38.1,69,22.56,68,24.81,,10,https://www1.mbrace.or.jp/od2/B/202609/b260930.lzh,2026-09-30T03:27:51.057218+09:00
20260930,09,津,2,20260930-09-02,6,5456,今村天次,20,兵庫,52.0,B2,2.07,2.99,0.0,0.0,62,29.61,51,26.67,,,https://www1.mbrace.or.jp/od2/B/202609/b260930.lzh,2026-09-30T03:27:51.057218+09:00
20260930,09,津,3,20260930-09-03,1,4625,渡邊裕貴,40,静岡,52.0,B1,5.16,30.77,4.52,30.77,43,27.61,69,35.36,,11,https://www1.mbrace.or.jp/od2/B/202609/b260930.lzh,2026-09-30T03:27:51.057218+09:00
20260930,09,津,3,20260930-09-03,2,4711,前出達吉,36,福井,53.0,A2,6.05,43.75,4.56,22.22,71,30.39,30,35.91,,9,https://www1.mbrace.or.jp/od2/B/202609/b260930.lzh,2026-09-30T03:27:51.057218+09:00
20260930,09,津,3,20260930-09-03,3,4358,松本庸平,42,三重,51.0,B1,4.43,27.36,4.65,30.23,55,27.1,63,32.74,,8,https://www1.mbrace.or.jp/od2/B/202609/b260930.lzh,2026-09-30T03:27:51.057218+09:00
20260930,09,津,3,20260930-09-03,4,5266,石田勇斗,26,愛知,53.0,B1,4.31,21.98,3.35,18.6,18,35.25,65,32.2,,,https://www1.mbrace.or.jp/od2/B/202609/b260930.lzh,2026-09-30T03:27:51.057218+09:00
20260930,09,津,3,20260930-09-03,5,4578,藤山雅弘,37,大阪,53.0,A2,5.85,41.61,5.96,47.37,66,26.99,29,34.24,,10,https://www1.mbrace.or.jp/od2/B/202609/b260930.lzh,2026-09-30T03:27:51.057218+09:00
20260930,09,津,3,20260930-09-03,6,4002,古結宏,48,兵庫,53.0,A1,6.7,52.31,6.31,50.0,59,28.57,25,35.45,,12,https://www1.mbrace.or.jp/od2/B/202609/b260930.lzh,2026-09-30T03:27:51.057218+09:00
20260930,09,津,4,20260930-09-04,1,4200,早川尚人,44,大阪,55.0,B1,4.43,17.53,4.21,21.05,38,37.65,44,30.23,,,https://www1.mbrace.or.jp/od2/B/202609/b260930.lzh,2026-09-30T03:27:51.057218+09:00
20260930,09,津,4,20260930-09-04,2,4073,大橋純一,45,静岡,52.0,A1,6.65,54.03,6.21,42.42,20,29.11,67,35.0,,12,https://www1.mbrace.or.jp/od2/B/202609/b260930.lzh,2026-09-30T03:27:51.057218+09:00
20260930,09,津,4,20260930-09-04,3,4509,平見真彦,37,愛知,54.0,A2,6.24,44.44,5.78,38.89,51,46.15,45,37.11,,9,https://www1.mbrace.or.jp/od2/B/202609/b260930.lzh,2026-09-30T03:27:51.057218+09:00
20260930,09,津,4,20260930-09-04,4,4176,樋口喜彦,43,兵庫,54.0,B2,3.29,13.85,2.75,12.5,27,34.32,74,38.37,,,https://www1.mbrace.or.jp/od2/B/202609/b260930.lzh,2026-09-30T03:27:51.057218+09:00
20260930,09,津,4,20260930-09-04,5,4094,中島真二,45,福岡,53.0,B1,4.59,26.88,5.74,36.84,52,30.77,52,33.13,,,https://www1.mbrace.or.jp/od2/B/202609/b260930.lzh,2026-09-30T03:27:51.057218+09:00
20260930,09,津,4,20260930-09-04,6,4049,荒川健太,46,三重,56.0,A2,5.95,38.28,6.58,48.55,36,38.55,31,39.02,,11,https://www1.mbrace.or.jp/od2/B/202609/b260930.lzh,2026-09-30T03:27:51.057218+09:00
20260930,09,津,5,20260930-09-05,1,3304,烏野賢太,58,徳島,52.0,A1,5.72,35.56,5.95,42.86,60,26.67,71,28.33,,12,https://www1.mbrace.or.jp/od2/B/202609/b260930.lzh,2026-09-30T03:27:51.057218+09:00
20260930,09,津,5,20260930-09-05,2,4727,安部慎一,39,福岡,56.0,B1,4.33,18.75,4.75,25.0,64,31.67,47,27.46,,,https://www1.mbrace.or.jp/od2/B/202609/b260930.lzh,2026-09-30T03:27:51.057218+09:00
20260930,09,津,5,20260930-09-05,3,5103,芝田京介,28,埼玉,54.0,B2,3.96,24.56,3.33,0.0,44,45.22,26,37.2,,10,https://www1.mbrace.or.jp/od2/B/202609/b260930.lzh,2026-09-30T03:27:51.057218+09:00
20260930,09,津,5,20260930-09-05,4,5441,鈴木雄登,20,愛知,49.0,B1,3.3,9.09,3.57,14.29,63,30.16,48,30.07,,,https://www1.mbrace.or.jp/od2/B/202609/b260930.lzh,2026-09-30T03:27:51.057218+09:00
20260930,09,津,5,20260930-09-05,5,3605,中村守成,54,三重,53.0,B1,4.02,12.9,4.81,28.81,25,40.94,54,21.48,,,https://www1.mbrace.or.jp/od2/B/202609/b260930.lzh,2026-09-30T03:27:51.057218+09:00
20260930,09,津,5,20260930-09-05,6,3454,井川大作,55,岡山,57.0,B1,5.28,35.42,4.41,14.81,72,32.16,38,29.12,,11,https://www1.mbrace.or.jp/od2/B/202609/b260930.lzh,2026-09-30T03:27:51.057218+09:00
20260930,09,津,6,20260930-09-06,1,3445,加藤高史,56,埼玉,53.0,B1,5.04,31.52,5.94,39.39,30,31.07,17,31.33,,,https://www1.mbrace.or.jp/od2/B/202609/b260930.lzh,2026-09-30T03:27:51.057218+09:00
20260930,09,津,6,20260930-09-06,2,4040,廣瀬将亨,47,兵庫,58.0,A2,5.93,39.53,6.0,47.06,49,36.71,61,26.45,,10,https://www1.mbrace.or.jp/od2/B/202609/b260930.lzh,2026-09-30T03:27:51.057218+09:00
20260930,09,津,6,20260930-09-06,3,3891,谷口健一,50,福井,54.0,B1,3.42,14.53,4.11,22.22,57,22.81,27,28.57,,,https://www1.mbrace.or.jp/od2/B/202609/b260930.lzh,2026-09-30T03:27:51.057218+09:00
20260930,09,津,6,20260930-09-06,4,4350,篠崎元志,40,福岡,54.0,A1,8.09,65.65,6.56,33.33,47,32.04,36,27.94,,12,https://www1.mbrace.or.jp/od2/B/202609/b260930.lzh,2026-09-30T03:27:51.057218+09:00
20260930,09,津,6,20260930-09-06,5,4215,吉島祥之,42,愛知,56.0,A2,5.51,37.1,5.04,34.69,22,40.45,73,32.96,,11,https://www1.mbrace.or.jp/od2/B/202609/b260930.lzh,2026-09-30T03:27:51.057218+09:00
20260930,09,津,6,20260930-09-06,6,4022,待鳥雄紀,46,福岡,58.0,B1,4.8,27.0,3.71,0.0,61,31.06,21,31.15,,1,https://www1.mbrace.or.jp/od2/B/202609/b260930.lzh,2026-09-30T03:27:51.057218+09:00
20260930,09,津,7,20260930-09-07,1,5208,屋良龍紀,29,長崎,52.0,B1,4.0,20.69,0.0,0.0,29,30.34,76,40.49,,,https://www1.mbrace.or.jp/od2/B/202609/b260930.lzh,2026-09-30T03:27:51.057218+09:00
20260930,09,津,7,20260930-09-07,2,4861,田中宏樹,38,福岡,52.0,A2,5.17,29.46,3.6,16.0,50,33.15,56,36.16,,11,https://www1.mbrace.or.jp/od2/B/202609/b260930.lzh,2026-09-30T03:27:51.057218+09:00
20260930,09,津,7,20260930-09-07,3,4903,吉田凌太,33,愛知,51.0,A1,6.35,46.96,6.37,48.15,17,24.68,49,40.24,,12,https://www1.mbrace.or.jp/od2/B/202609/b260930.lzh,2026-09-30T03:27:51.057218+09:00
20260930,09,津,7,20260930-09-07,4,3712,淺香文武,52,三重,56.0,B1,4.76,33.68,5.13,34.07,14,28.14,24,32.31,,2,https://www1.mbrace.or.jp/od2/B/202609/b260930.lzh,2026-09-30T03:27:51.057218+09:00
20260930,09,津,7,20260930-09-07,5,4360,庄司孝輔,41,静岡,53.0,A2,5.45,32.2,5.33,29.63,13,37.11,64,31.41,,,https://www1.mbrace.or.jp/od2/B/202609/b260930.lzh,2026-09-30T03:27:51.057218+09:00
20260930,09,津,7,20260930-09-07,6,3306,武田正紀,58,埼玉,55.0,B1,3.91,18.63,5.53,23.53,11,27.85,22,37.16,,1,https://www1.mbrace.or.jp/od2/B/202609/b260930.lzh,2026-09-30T03:27:51.057218+09:00
20260930,09,津,8,20260930-09-08,1,3550,都築正治,55,愛知,54.0,B1,5.3,37.1,5.77,40.91,68,37.57,50,34.78,,1,https://www1.mbrace.or.jp/od2/B/202609/b260930.lzh,2026-09-30T03:27:51.057218+09:00
20260930,09,津,8,20260930-09-08,2,5315,浅井翼,26,埼玉,51.0,B2,2.73,11.39,1.14,0.0,21,37.8,33,45.9,,,https://www1.mbrace.or.jp/od2/B/202609/b260930.lzh,2026-09-30T03:27:51.057218+09:00
20260930,09,津,8,20260930-09-08,3,4096,石橋道友,44,長崎,54.0,A1,6.66,50.42,6.63,48.15,53,31.58,23,36.02,,12,https://www1.mbrace.or.jp/od2/B/202609/b260930.lzh,2026-09-30T03:27:51.057218+09:00
20260930,09,津,8,20260930-09-08,4,4319,三宅潤,41,大阪,54.0,A2,5.41,30.77,4.97,36.11,70,36.02,12,28.24,,,https://www1.mbrace.or.jp/od2/B/202609/b260930.lzh,2026-09-30T03:27:51.057218+09:00
20260930,09,津,8,20260930-09-08,5,4358,松本庸平,42,三重,51.0,B1,4.43,27.36,4.65,30.23,55,27.1,63,32.74,,3,https://www1.mbrace.or.jp/od2/B/202609/b260930.lzh,2026-09-30T03:27:51.057218+09:00
20260930,09,津,8,20260930-09-08,6,4402,乙藤智史,41,福岡,55.0,A2,6.0,43.97,4.83,25.0,26,31.82,18,39.6,,,https://www1.mbrace.or.jp/od2/B/202609/b260930.lzh,2026-09-30T03:27:51.057218+09:00
20260930,09,津,9,20260930-09-09,1,4394,永嶋裕一,40,福岡,53.0,A2,6.03,38.46,6.0,42.86,34,24.03,39,33.6,,,https://www1.mbrace.or.jp/od2/B/202609/b260930.lzh,2026-09-30T03:27:51.057218+09:00
20260930,09,津,9,20260930-09-09,2,4054,福嶋智之,48,岡山,53.0,B1,4.63,25.77,3.92,23.08,31,42.77,41,18.94,,1,https://www1.mbrace.or.jp/od2/B/202609/b260930.lzh,2026-09-30T03:27:51.057218+09:00
20260930,09,津,9,20260930-09-09,3,3931,黒崎竜也,50,三重,50.0,A2,6.26,42.37,5.69,35.63,28,33.54,13,35.09,,,https://www1.mbrace.or.jp/od2/B/202609/b260930.lzh,2026-09-30T03:27:51.057218+09:00
20260930,09,津,9,20260930-09-09,4,3647,伊藤雄二,53,埼玉,50.0,B1,3.64,14.16,4.08,20.83,12,29.33,57,35.9,,2,https://www1.mbrace.or.jp/od2/B/202609/b260930.lzh,2026-09-30T03:27:51.057218+09:00
20260930,09,津,9,20260930-09-09,5,4509,平見真彦,37,愛知,54.0,A2,6.24,44.44,5.78,38.89,51,46.15,45,37.11,,4,https://www1.mbrace.or.jp/od2/B/202609/b260930.lzh,2026-09-30T03:27:51.057218+09:00
20260930,09,津,9,20260930-09-09,6,4711,前出達吉,36,福井,53.0,A2,6.05,43.75,4.56,22.22,71,30.39,30,35.91,,3,https://www1.mbrace.or.jp/od2/B/202609/b260930.lzh,2026-09-30T03:27:51.057218+09:00
20260930,09,津,10,20260930-09-10,1,4578,藤山雅弘,37,大阪,53.0,A2,5.85,41.61,5.96,47.37,66,26.99,29,34.24,,3,https://www1.mbrace.or.jp/od2/B/202609/b260930.lzh,2026-09-30T03:27:51.057218+09:00
20260930,09,津,10,20260930-09-10,2,4336,松田竜馬,42,福岡,56.0,B1,5.16,31.63,5.71,38.1,69,22.56,68,24.81,,2,https://www1.mbrace.or.jp/od2/B/202609/b260930.lzh,2026-09-30T03:27:51.057218+09:00
20260930,09,津,10,20260930-09-10,3,3811,石田章央,50,静岡,54.0,A1,6.06,45.99,5.7,39.39,35,38.24,40,29.87,,,https://www1.mbrace.or.jp/od2/B/202609/b260930.lzh,2026-09-30T03:27:51.057218+09:00
20260930,09,津,10,20260930-09-10,4,4808,松尾拓,38,三重,50.0,A2,6.34,46.15,6.63,48.26,67,39.46,14,32.79,,1,https://www1.mbrace.or.jp/od2/B/202609/b260930.lzh,2026-09-30T03:27:51.057218+09:00
20260930,09,津,10,20260930-09-10,5,5103,芝田京介,28,埼玉,54.0,B2,3.96,24.56,3.33,0.0,44,45.22,26,37.2,,5,https://www1.mbrace.or.jp/od2/B/202609/b260930.lzh,2026-09-30T03:27:51.057218+09:00
20260930,09,津,10,20260930-09-10,6,4040,廣瀬将亨,47,兵庫,58.0,A2,5.93,39.53,6.0,47.06,49,36.71,61,26.45,,6,https://www1.mbrace.or.jp/od2/B/202609/b260930.lzh,2026-09-30T03:27:51.057218+09:00
20260930,09,津,11,20260930-09-11,1,3743,林美憲,51,徳島,53.0,A1,5.65,42.55,6.0,42.11,33,27.6,20,36.67,,,https://www1.mbrace.or.jp/od2/B/202609/b260930.lzh,2026-09-30T03:27:51.057218+09:00
20260930,09,津,11,20260930-09-11,2,3454,井川大作,55,岡山,57.0,B1,5.28,35.42,4.41,14.81,72,32.16,38,29.12,,5,https://www1.mbrace.or.jp/od2/B/202609/b260930.lzh,2026-09-30T03:27:51.057218+09:00
20260930,09,津,11,20260930-09-11,3,4049,荒川健太,46,三重,56.0,A2,5.95,38.28,6.58,48.55,36,38.55,31,39.02,,4,https://www1.mbrace.or.jp/od2/B/202609/b260930.lzh,2026-09-30T03:27:51.057218+09:00
20260930,09,津,11,20260930-09-11,4,4215,吉島祥之,42,愛知,56.0,A2,5.51,37.1,5.04,34.69,22,40.45,73,32.96,,6,https://www1.mbrace.or.jp/od2/B/202609/b260930.lzh,2026-09-30T03:27:51.057218+09:00
20260930,09,津,11,20260930-09-11,5,4625,渡邊裕貴,40,静岡,52.0,B1,5.16,30.77,4.52,30.77,43,27.61,69,35.36,,3,https://www1.mbrace.or.jp/od2/B/202609/b260930.lzh,2026-09-30T03:27:51.057218+09:00
20260930,09,津,11,20260930-09-11,6,4861,田中宏樹,38,福岡,52.0,A2,5.17,29.46,3.6,16.0,50,33.15,56,36.16,,7,https://www1.mbrace.or.jp/od2/B/202609/b260930.lzh,2026-09-30T03:27:51.057218+09:00
20260930,09,津,12,20260930-09-12,1,4350,篠崎元志,40,福岡,54.0,A1,8.09,65.65,6.56,33.33,47,32.04,36,27.94,,6,https://www1.mbrace.or.jp/od2/B/202609/b260930.lzh,2026-09-30T03:27:51.057218+09:00
20260930,09,津,12,20260930-09-12,2,4002,古結宏,48,兵庫,53.0,A1,6.7,52.31,6.31,50.0,59,28.57,25,35.45,,3,https://www1.mbrace.or.jp/od2/B/202609/b260930.lzh,2026-09-30T03:27:51.057218+09:00
20260930,09,津,12,20260930-09-12,3,3304,烏野賢太,58,徳島,52.0,A1,5.72,35.56,5.95,42.86,60,26.67,71,28.33,,5,https://www1.mbrace.or.jp/od2/B/202609/b260930.lzh,2026-09-30T03:27:51.057218+09:00
20260930,09,津,12,20260930-09-12,4,4096,石橋道友,44,長崎,54.0,A1,6.66,50.42,6.63,48.15,53,31.58,23,36.02,,8,https://www1.mbrace.or.jp/od2/B/202609/b260930.lzh,2026-09-30T03:27:51.057218+09:00
20260930,09,津,12,20260930-09-12,5,4073,大橋純一,45,静岡,52.0,A1,6.65,54.03,6.21,42.42,20,29.11,67,35.0,,4,https://www1.mbrace.or.jp/od2/B/202609/b260930.lzh,2026-09-30T03:27:51.057218+09:00
20260930,09,津,12,20260930-09-12,6,4903,吉田凌太,33,愛知,51.0,A1,6.35,46.96,6.37,48.15,17,24.68,49,40.24,,7,https://www1.mbrace.or.jp/od2/B/202609/b260930.lzh,2026-09-30T03:27:51.057218+09:00
20260930,07,蒲郡,1,20260930-07-01,1,4521,小池公生,39,福岡,51.0,B1,5.28,28.7,4.61,22.22,12,25.0,52,32.35,4,11,https://www1.mbrace.or.jp/od2/B/202609/b260930.lzh,2026-09-30T03:27:51.057218+09:00
20260930,07,蒲郡,1,20260930-07-01,2,4273,佐藤旭,44,静岡,54.0,B1,4.96,30.19,4.89,26.32,30,54.29,23,41.38,46,,https://www1.mbrace.or.jp/od2/B/202609/b260930.lzh,2026-09-30T03:27:51.057218+09:00
20260930,07,蒲郡,1,20260930-07-01,3,3441,土屋太朗,57,群馬,53.0,B1,4.83,25.69,4.29,17.65,72,29.63,11,37.04,6,8,https://www1.mbrace.or.jp/od2/B/202609/b260930.lzh,2026-09-30T03:27:51.057218+09:00
20260930,07,蒲郡,1,20260930-07-01,4,4036,金田諭,47,埼玉,52.0,A1,6.28,43.09,6.04,42.86,45,33.33,49,35.71,3,10,https://www1.mbrace.or.jp/od2/B/202609/b260930.lzh,2026-09-30T03:27:51.057218+09:00
20260930,07,蒲郡,1,20260930-07-01,5,4626,伊藤紘章,40,愛知,51.0,B1,3.93,20.93,5.12,37.25,34,41.38,26,53.33,6,,https://www1.mbrace.or.jp/od2/B/202609/b260930.lzh,2026-09-30T03:27:51.057218+09:00
20260930,07,蒲郡,1,20260930-07-01,6,4674,池田剛規,39,福岡,52.0,B1,5.37,30.0,5.38,38.1,19,25.0,45,33.33,6,7,https://www1.mbrace.or.jp/od2/B/202609/b260930.lzh,2026-09-30T03:27:51.057218+09:00
20260930,07,蒲郡,2,20260930-07-02,1,4245,高橋直哉,44,東京,53.0,B1,4.68,26.04,4.26,17.65,33,53.85,53,45.71,3,9,https://www1.mbrace.or.jp/od2/B/202609/b260930.lzh,2026-09-30T03:27:51.057218+09:00
20260930,07,蒲郡,2,20260930-07-02,2,4486,野村誠,40,群馬,52.0,A2,5.86,41.6,5.95,52.63,77,30.43,35,50.0,12,,https://www1.mbrace.or.jp/od2/B/202609/b260930.lzh,2026-09-30T03:27:51.057218+09:00
20260930,07,蒲郡,2,20260930-07-02,3,4102,益田啓司,47,福岡,52.0,A1,6.59,52.38,6.65,52.17,17,32.14,20,42.86,1,11,https://www1.mbrace.or.jp/od2/B/202609/b260930.lzh,2026-09-30T03:27:51.057218+09:00
20260930,07,蒲郡,2,20260930-07-02,4,3796,長野道臣,53,静岡,54.0,B1,4.23,23.81,5.23,30.77,31,67.57,62,27.59,54,,https://www1.mbrace.or.jp/od2/B/202609/b260930.lzh,2026-09-30T03:27:51.057218+09:00
20260930,07,蒲郡,2,20260930-07-02,5,5008,羽野諒,29,福岡,54.0,B1,4.85,25.26,4.75,20.0,68,33.33,39,27.78,6,10,https://www1.mbrace.or.jp/od2/B/202609/b260930.lzh,2026-09-30T03:27:51.057218+09:00
20260930,07,蒲郡,2,20260930-07-02,6,4979,中野夢斗,30,愛知,53.0,B1,5.04,31.53,4.16,26.32,59,51.85,12,46.15,5,8,https://www1.mbrace.or.jp/od2/B/202609/b260930.lzh,2026-09-30T03:27:51.057218+09:00
20260930,07,蒲郡,3,20260930-07-03,1,4416,三宅健太,39,広島,55.0,B1,5.42,38.0,6.78,55.56,43,53.57,76,37.04,15,,https://www1.mbrace.or.jp/od2/B/202609/b260930.lzh,2026-09-30T03:27:51.057218+09:00
20260930,07,蒲郡,3,20260930-07-03,2,4789,古賀智之,37,福岡,53.0,A2,5.53,36.04,5.19,37.04,56,32.43,19,32.14,5,8,https://www1.mbrace.or.jp/od2/B/202609/b260930.lzh,2026-09-30T03:27:51.057218+09:00
20260930,07,蒲郡,3,20260930-07-03,3,4973,栗原直也,34,埼玉,52.0,B1,5.14,33.33,4.86,32.14,49,48.28,55,61.11,66,,https://www1.mbrace.or.jp/od2/B/202609/b260930.lzh,2026-09-30T03:27:51.057218+09:00
20260930,07,蒲郡,3,20260930-07-03,4,3563,堤昇,56,静岡,53.0,B1,5.99,42.62,6.05,43.24,37,24.0,24,29.63,2,10,https://www1.mbrace.or.jp/od2/B/202609/b260930.lzh,2026-09-30T03:27:51.057218+09:00
20260930,07,蒲郡,3,20260930-07-03,5,5000,岡本翔太,32,山口,53.0,B1,5.15,35.23,4.12,5.88,76,35.71,17,41.38,5,7,https://www1.mbrace.or.jp/od2/B/202609/b260930.lzh,2026-09-30T03:27:51.057218+09:00
20260930,07,蒲郡,3,20260930-07-03,6,4512,高野哲史,37,兵庫,52.0,A1,6.87,57.72,7.08,60.66,27,24.24,54,45.95,25,12,https://www1.mbrace.or.jp/od2/B/202609/b260930.lzh,2026-09-30T03:27:51.057218+09:00
20260930,07,蒲郡,4,20260930-07-04,1,4060,島田一生,47,福岡,56.0,B1,4.62,29.0,4.62,34.62,47,33.33,34,34.29,21,,https://www1.mbrace.or.jp/od2/B/202609/b260930.lzh,2026-09-30T03:27:51.057218+09:00
20260930,07,蒲郡,4,20260930-07-04,2,4822,百武翔,33,佐賀,51.0,A2,6.37,51.69,0.0,0.0,20,30.77,14,46.43,35,,https://www1.mbrace.or.jp/od2/B/202609/b260930.lzh,2026-09-30T03:27:51.057218+09:00
20260930,07,蒲郡,4,20260930-07-04,3,4771,下寺秀和,33,広島,55.0,A1,7.09,54.62,6.64,57.14,40,35.71,75,37.04,26,,https://www1.mbrace.or.jp/od2/B/202609/b260930.lzh,2026-09-30T03:27:51.057218+09:00
20260930,07,蒲郡,4,20260930-07-04,4,4652,酒見峻介,41,佐賀,53.0,B1,4.87,24.18,5.56,38.89,23,26.47,71,48.0,1,11,https://www1.mbrace.or.jp/od2/B/202609/b260930.lzh,2026-09-30T03:27:51.057218+09:00
20260930,07,蒲郡,4,20260930-07-04,5,4835,橋本明,38,広島,54.0,B1,4.9,25.42,4.18,11.76,14,60.71,77,42.31,2,12,https://www1.mbrace.or.jp/od2/B/202609/b260930.lzh,2026-09-30T03:27:51.057218+09:00
20260930,07,蒲郡,4,20260930-07-04,6,4850,野中一平,31,愛知,55.0,A2,6.44,48.57,7.21,59.77,32,48.48,37,58.33,2,10,https://www1.mbrace.or.jp/od2/B/202609/b260930.lzh,2026-09-30T03:27:51.057218+09:00
20260930,07,蒲郡,5,20260930-07-05,1,4423,坂口貴彦,37,岡山,55.0,B1,5.68,38.74,3.8,15.0,36,29.63,13,35.29,4,9,https://www1.mbrace.or.jp/od2/B/202609/b260930.lzh,2026-09-30T03:27:51.057218+09:00
20260930,07,蒲郡,5,20260930-07-05,2,4643,近江翔吾,33,香川,53.0,A2,6.57,48.15,5.31,25.0,52,35.48,15,37.04,1,11,https://www1.mbrace.or.jp/od2/B/202609/b260930.lzh,2026-09-30T03:27:51.057218+09:00
20260930,07,蒲郡,5,20260930-07-05,3,4471,新田泰章,39,広島,52.0,A1,6.41,47.92,7.5,59.38,64,34.29,67,30.77,1,12,https://www1.mbrace.or.jp/od2/B/202609/b260930.lzh,2026-09-30T03:27:51.057218+09:00
20260930,07,蒲郡,5,20260930-07-05,4,3327,野長瀬正,59,静岡,51.0,A2,6.01,40.0,6.09,38.3,25,51.52,63,44.0,44,,https://www1.mbrace.or.jp/od2/B/202609/b260930.lzh,2026-09-30T03:27:51.057218+09:00
20260930,07,蒲郡,5,20260930-07-05,5,5321,一色颯輝,24,愛知,54.0,B1,4.71,29.27,4.19,24.66,41,44.44,27,34.48,42,,https://www1.mbrace.or.jp/od2/B/202609/b260930.lzh,2026-09-30T03:27:51.057218+09:00
20260930,07,蒲郡,5,20260930-07-05,6,4692,酒井俊弘,42,福井,54.0,B1,4.2,23.4,4.54,17.86,62,34.29,16,29.63,52,,https://www1.mbrace.or.jp/od2/B/202609/b260930.lzh,2026-09-30T03:27:51.057218+09:00
20260930,07,蒲郡,6,20260930-07-06,1,3708,岡部貴司,52,岡山,56.0,B1,5.3,33.0,4.8,30.0,73,30.77,59,44.83,44,,https://www1.mbrace.or.jp/od2/B/202609/b260930.lzh,2026-09-30T03:27:51.057218+09:00
20260930,07,蒲郡,6,20260930-07-06,2,4933,板橋侑我,30,静岡,53.0,A2,6.54,43.27,7.89,65.79,16,37.93,21,39.29,1,12,https://www1.mbrace.or.jp/od2/B/202609/b260930.lzh,2026-09-30T03:27:51.057218+09:00
20260930,07,蒲郡,6,20260930-07-06,3,4863,三浦裕貴,37,東京,55.0,B1,3.99,15.85,5.53,41.18,48,36.36,74,42.31,36,,https://www1.mbrace.or.jp/od2/B/202609/b260930.lzh,2026-09-30T03:27:51.057218+09:00
20260930,07,蒲郡,6,20260930-07-06,4,3912,川原正明,52,福井,51.0,B1,5.99,43.75,5.95,45.45,66,62.16,51,33.33,2,10,https://www1.mbrace.or.jp/od2/B/202609/b260930.lzh,2026-09-30T03:27:51.057218+09:00
20260930,07,蒲郡,6,20260930-07-06,5,4877,鈴谷一平,32,兵庫,56.0,A1,6.19,43.2,7.14,61.9,18,29.63,28,29.63,11,,https://www1.mbrace.or.jp/od2/B/202609/b260930.lzh,2026-09-30T03:27:51.057218+09:00
20260930,07,蒲郡,6,20260930-07-06,6,4535,北山康介,36,東京,53.0,A2,7.03,53.4,0.0,0.0,28,24.24,25,50.0,5,11,https://www1.mbrace.or.jp/od2/B/202609/b260930.lzh,2026-09-30T03:27:51.057218+09:00
20260930,07,蒲郡,7,20260930-07-07,1,4463,三苫晃幸,40,福岡,57.0,A2,6.22,42.72,5.5,31.82,24,39.39,66,68.97,3,12,https://www1.mbrace.or.jp/od2/B/202609/b260930.lzh,2026-09-30T03:27:51.057218+09:00
20260930,07,蒲郡,7,20260930-07-07,2,3442,宮武英司,57,香川,55.0,B1,4.27,22.0,3.0,0.0,57,26.47,18,29.63,36,,https://www1.mbrace.or.jp/od2/B/202609/b260930.lzh,2026-09-30T03:27:51.057218+09:00
20260930,07,蒲郡,7,20260930-07-07,3,4308,河村了,42,愛知,52.0,A1,6.7,46.32,6.82,50.94,22,29.63,22,28.57,54,11,https://www1.mbrace.or.jp/od2/B/202609/b260930.lzh,2026-09-30T03:27:51.057218+09:00
20260930,07,蒲郡,7,20260930-07-07,4,4593,小坂宗司,45,大阪,52.0,A2,5.95,37.9,5.42,29.17,35,44.44,72,32.14,66,,https://www1.mbrace.or.jp/od2/B/202609/b260930.lzh,2026-09-30T03:27:51.057218+09:00
20260930,07,蒲郡,7,20260930-07-07,5,4674,池田剛規,39,福岡,52.0,B1,5.37,30.0,5.38,38.1,19,25.0,45,33.33,6,1,https://www1.mbrace.or.jp/od2/B/202609/b260930.lzh,2026-09-30T03:27:51.057218+09:00
20260930,07,蒲郡,7,20260930-07-07,6,5000,岡本翔太,32,山口,53.0,B1,5.15,35.23,4.12,5.88,76,35.71,17,41.38,5,3,https://www1.mbrace.or.jp/od2/B/202609/b260930.lzh,2026-09-30T03:27:51.057218+09:00
20260930,07,蒲郡,8,20260930-07-08,1,4789,古賀智之,37,福岡,53.0,A2,5.53,36.04,5.19,37.04,56,32.43,19,32.14,5,3,https://www1.mbrace.or.jp/od2/B/202609/b260930.lzh,2026-09-30T03:27:51.057218+09:00
20260930,07,蒲郡,8,20260930-07-08,2,4979,中野夢斗,30,愛知,53.0,B1,5.04,31.53,4.16,26.32,59,51.85,12,46.15,5,2,https://www1.mbrace.or.jp/od2/B/202609/b260930.lzh,2026-09-30T03:27:51.057218+09:00
20260930,07,蒲郡,8,20260930-07-08,3,3557,太田和美,53,大阪,54.0,A1,6.22,44.74,7.56,56.41,11,32.14,48,31.43,32,12,https://www1.mbrace.or.jp/od2/B/202609/b260930.lzh,2026-09-30T03:27:51.057218+09:00
20260930,07,蒲郡,8,20260930-07-08,4,3441,土屋太朗,57,群馬,53.0,B1,4.83,25.69,4.29,17.65,72,29.63,11,37.04,6,1,https://www1.mbrace.or.jp/od2/B/202609/b260930.lzh,2026-09-30T03:27:51.057218+09:00
20260930,07,蒲郡,8,20260930-07-08,5,5033,藤原孝斗,28,愛知,56.0,B1,4.27,24.39,3.93,13.33,60,52.78,60,29.63,5,,https://www1.mbrace.or.jp/od2/B/202609/b260930.lzh,2026-09-30T03:27:51.057218+09:00
20260930,07,蒲郡,8,20260930-07-08,6,4434,田中辰彦,40,広島,53.0,A2,6.12,45.9,7.65,70.0,67,51.28,69,37.04,25,,https://www1.mbrace.or.jp/od2/B/202609/b260930.lzh,2026-09-30T03:27:51.057218+09:00
20260930,07,蒲郡,9,20260930-07-09,1,4413,水摩敦,40,福岡,51.0,A2,5.98,36.84,6.57,38.1,53,44.83,61,30.43,14,,https://www1.mbrace.or.jp/od2/B/202609/b260930.lzh,2026-09-30T03:27:51.057218+09:00
20260930,07,蒲郡,9,20260930-07-09,2,4278,藤岡俊介,43,兵庫,52.0,A1,7.05,57.89,7.77,68.18,54,33.33,58,30.0,33,,https://www1.mbrace.or.jp/od2/B/202609/b260930.lzh,2026-09-30T03:27:51.057218+09:00
20260930,07,蒲郡,9,20260930-07-09,3,4245,高橋直哉,44,東京,53.0,B1,4.68,26.04,4.26,17.65,33,53.85,53,45.71,3,2,https://www1.mbrace.or.jp/od2/B/202609/b260930.lzh,2026-09-30T03:27:51.057218+09:00
20260930,07,蒲郡,9,20260930-07-09,4,4811,向井田佑,37,広島,50.0,B1,4.92,28.33,4.33,22.22,70,26.92,31,32.43,4,,https://www1.mbrace.or.jp/od2/B/202609/b260930.lzh,2026-09-30T03:27:51.057218+09:00
20260930,07,蒲郡,9,20260930-07-09,5,4423,坂口貴彦,37,岡山,55.0,B1,5.68,38.74,3.8,15.0,36,29.63,13,35.29,4,5,https://www1.mbrace.or.jp/od2/B/202609/b260930.lzh,2026-09-30T03:27:51.057218+09:00
20260930,07,蒲郡,9,20260930-07-09,6,4475,末永祐輝,39,山口,53.0,A1,5.51,32.14,5.47,30.56,39,50.0,50,55.56,33,,https://www1.mbrace.or.jp/od2/B/202609/b260930.lzh,2026-09-30T03:27:51.057218+09:00
20260930,07,蒲郡,10,20260930-07-10,1,4036,金田諭,47,埼玉,52.0,A1,6.28,43.09,6.04,42.86,45,33.33,49,35.71,3,1,https://www1.mbrace.or.jp/od2/B/202609/b260930.lzh,2026-09-30T03:27:51.057218+09:00
20260930,07,蒲郡,10,20260930-07-10,2,3563,堤昇,56,静岡,53.0,B1,5.99,42.62,6.05,43.24,37,24.0,24,29.63,2,3,https://www1.mbrace.or.jp/od2/B/202609/b260930.lzh,2026-09-30T03:27:51.057218+09:00
20260930,07,蒲郡,10,20260930-07-10,3,5008,羽野諒,29,福岡,54.0,B1,4.85,25.26,4.75,20.0,68,33.33,39,27.78,6,2,https://www1.mbrace.or.jp/od2/B/202609/b260930.lzh,2026-09-30T03:27:51.057218+09:00
20260930,07,蒲郡,10,20260930-07-10,4,4418,茅原悠紀,39,岡山,53.0,A1,7.39,53.08,8.53,47.06,65,26.47,40,44.12,31,,https://www1.mbrace.or.jp/od2/B/202609/b260930.lzh,2026-09-30T03:27:51.057218+09:00
20260930,07,蒲郡,10,20260930-07-10,5,4850,野中一平,31,愛知,55.0,A2,6.44,48.57,7.21,59.77,32,48.48,37,58.33,2,4,https://www1.mbrace.or.jp/od2/B/202609/b260930.lzh,2026-09-30T03:27:51.057218+09:00
20260930,07,蒲郡,10,20260930-07-10,6,3912,川原正明,52,福井,51.0,B1,5.99,43.75,5.95,45.45,66,62.16,51,33.33,2,6,https://www1.mbrace.or.jp/od2/B/202609/b260930.lzh,2026-09-30T03:27:51.057218+09:00
20260930,07,蒲郡,11,20260930-07-11,1,4308,河村了,42,愛知,52.0,A1,6.7,46.32,6.82,50.94,22,29.63,22,28.57,54,7,https://www1.mbrace.or.jp/od2/B/202609/b260930.lzh,2026-09-30T03:27:51.057218+09:00
20260930,07,蒲郡,11,20260930-07-11,2,4535,北山康介,36,東京,53.0,A2,7.03,53.4,0.0,0.0,28,24.24,25,50.0,5,6,https://www1.mbrace.or.jp/od2/B/202609/b260930.lzh,2026-09-30T03:27:51.057218+09:00
20260930,07,蒲郡,11,20260930-07-11,3,4643,近江翔吾,33,香川,53.0,A2,6.57,48.15,5.31,25.0,52,35.48,15,37.04,1,5,https://www1.mbrace.or.jp/od2/B/202609/b260930.lzh,2026-09-30T03:27:51.057218+09:00
20260930,07,蒲郡,11,20260930-07-11,4,4521,小池公生,39,福岡,51.0,B1,5.28,28.7,4.61,22.22,12,25.0,52,32.35,4,1,https://www1.mbrace.or.jp/od2/B/202609/b260930.lzh,2026-09-30T03:27:51.057218+09:00
20260930,07,蒲郡,11,20260930-07-11,5,4102,益田啓司,47,福岡,52.0,A1,6.59,52.38,6.65,52.17,17,32.14,20,42.86,1,2,https://www1.mbrace.or.jp/od2/B/202609/b260930.lzh,2026-09-30T03:27:51.057218+09:00
20260930,07,蒲郡,11,20260930-07-11,6,4652,酒見峻介,41,佐賀,53.0,B1,4.87,24.18,5.56,38.89,23,26.47,71,48.0,1,4,https://www1.mbrace.or.jp/od2/B/202609/b260930.lzh,2026-09-30T03:27:51.057218+09:00
20260930,07,蒲郡,12,20260930-07-12,1,3557,太田和美,53,大阪,54.0,A1,6.22,44.74,7.56,56.41,11,32.14,48,31.43,32,8,https://www1.mbrace.or.jp/od2/B/202609/b260930.lzh,2026-09-30T03:27:51.057218+09:00
20260930,07,蒲郡,12,20260930-07-12,2,4512,高野哲史,37,兵庫,52.0,A1,6.87,57.72,7.08,60.66,27,24.24,54,45.95,25,3,https://www1.mbrace.or.jp/od2/B/202609/b260930.lzh,2026-09-30T03:27:51.057218+09:00
20260930,07,蒲郡,12,20260930-07-12,3,4463,三苫晃幸,40,福岡,57.0,A2,6.22,42.72,5.5,31.82,24,39.39,66,68.97,3,7,https://www1.mbrace.or.jp/od2/B/202609/b260930.lzh,2026-09-30T03:27:51.057218+09:00
20260930,07,蒲郡,12,20260930-07-12,4,4835,橋本明,38,広島,54.0,B1,4.9,25.42,4.18,11.76,14,60.71,77,42.31,2,4,https://www1.mbrace.or.jp/od2/B/202609/b260930.lzh,2026-09-30T03:27:51.057218+09:00
20260930,07,蒲郡,12,20260930-07-12,5,4471,新田泰章,39,広島,52.0,A1,6.41,47.92,7.5,59.38,64,34.29,67,30.77,1,5,https://www1.mbrace.or.jp/od2/B/202609/b260930.lzh,2026-09-30T03:27:51.057218+09:00
20260930,07,蒲郡,12,20260930-07-12,6,4933,板橋侑我,30,静岡,53.0,A2,6.54,43.27,7.89,65.79,16,37.93,21,39.29,1,6,https://www1.mbrace.or.jp/od2/B/202609/b260930.lzh,2026-09-30T03:27:51.057218+09:00
20260930,06,浜名湖,1,20260930-06-01,1,3156,金子良昭,61,静岡,54.0,B1,4.0,21.51,4.95,33.33,48,41.46,63,35.53,,10,https://www1.mbrace.or.jp/od2/B/202609/b260930.lzh,2026-09-30T03:27:51.057218+09:00
20260930,06,浜名湖,1,20260930-06-01,2,5169,堀本翔太,25,愛知,51.0,B2,3.77,12.12,3.56,12.5,6,32.46,71,35.86,,6,https://www1.mbrace.or.jp/od2/B/202609/b260930.lzh,2026-09-30T03:27:51.057218+09:00
20260930,06,浜名湖,1,20260930-06-01,3,4473,藤堂里香,39,福井,46.0,B1,5.58,36.36,5.89,42.11,35,25.64,14,34.53,,7,https://www1.mbrace.or.jp/od2/B/202609/b260930.lzh,2026-09-30T03:27:51.057218+09:00
20260930,06,浜名湖,1,20260930-06-01,4,3471,赤峰和也,56,佐賀,54.0,B1,4.12,17.78,0.0,0.0,20,42.37,65,33.61,,,https://www1.mbrace.or.jp/od2/B/202609/b260930.lzh,2026-09-30T03:27:51.057218+09:00
20260930,06,浜名湖,1,20260930-06-01,5,5347,井澤聖奈,23,愛知,46.0,B2,1.76,1.32,1.37,0.0,27,16.44,58,38.68,,,https://www1.mbrace.or.jp/od2/B/202609/b260930.lzh,2026-09-30T03:27:51.057218+09:00
20260930,06,浜名湖,1,20260930-06-01,6,5269,山口晃朋,25,静岡,52.0,A2,6.45,51.24,5.19,34.83,21,26.32,35,35.32,,9,https://www1.mbrace.or.jp/od2/B/202609/b260930.lzh,2026-09-30T03:27:51.057218+09:00
20260930,06,浜名湖,2,20260930-06-02,1,4892,柴田直哉,36,福岡,53.0,B1,5.19,33.33,4.94,32.26,19,34.43,43,31.65,,6,https://www1.mbrace.or.jp/od2/B/202609/b260930.lzh,2026-09-30T03:27:51.057218+09:00
20260930,06,浜名湖,2,20260930-06-02,2,4790,柳内敬太,37,兵庫,51.0,A1,6.23,40.87,6.97,50.0,53,32.11,29,34.44,,12,https://www1.mbrace.or.jp/od2/B/202609/b260930.lzh,2026-09-30T03:27:51.057218+09:00
20260930,06,浜名湖,2,20260930-06-02,3,3975,小野寺智,49,香川,52.0,A2,5.36,33.6,5.48,36.36,17,40.83,12,39.66,,11,https://www1.mbrace.or.jp/od2/B/202609/b260930.lzh,2026-09-30T03:27:51.057218+09:00
20260930,06,浜名湖,2,20260930-06-02,4,5140,吉田彩乃,26,静岡,47.0,B1,4.84,28.07,4.33,21.88,7,33.86,33,33.47,,7,https://www1.mbrace.or.jp/od2/B/202609/b260930.lzh,2026-09-30T03:27:51.057218+09:00
20260930,06,浜名湖,2,20260930-06-02,5,4179,広次修,43,山口,52.0,A2,5.24,27.91,5.5,38.89,59,34.21,68,35.68,,8,https://www1.mbrace.or.jp/od2/B/202609/b260930.lzh,2026-09-30T03:27:51.057218+09:00
20260930,06,浜名湖,2,20260930-06-02,6,3362,間嶋仁志,57,三重,53.0,B1,5.09,34.26,5.25,37.5,52,35.65,19,33.77,,10,https://www1.mbrace.or.jp/od2/B/202609/b260930.lzh,2026-09-30T03:27:51.057218+09:00
20260930,06,浜名湖,3,20260930-06-03,1,5173,谷口佳蓮,24,香川,48.0,B1,5.07,34.34,6.89,55.56,22,41.38,44,40.54,,7,https://www1.mbrace.or.jp/od2/B/202609/b260930.lzh,2026-09-30T03:27:51.057218+09:00
20260930,06,浜名湖,3,20260930-06-03,2,4403,木下大將,41,福岡,53.0,A2,6.36,46.51,5.38,25.0,57,27.72,30,38.89,,9,https://www1.mbrace.or.jp/od2/B/202609/b260930.lzh,2026-09-30T03:27:51.057218+09:00
20260930,06,浜名湖,3,20260930-06-03,3,4635,峰重力也,36,岡山,52.0,A2,5.4,36.05,4.4,24.0,64,21.25,67,37.44,,10,https://www1.mbrace.or.jp/od2/B/202609/b260930.lzh,2026-09-30T03:27:51.057218+09:00
20260930,06,浜名湖,3,20260930-06-03,4,5270,小玉啓太,25,佐賀,55.0,B1,4.24,20.69,0.0,0.0,47,21.59,32,39.32,,8,https://www1.mbrace.or.jp/od2/B/202609/b260930.lzh,2026-09-30T03:27:51.057218+09:00
20260930,06,浜名湖,3,20260930-06-03,5,5323,香川陽太,23,滋賀,58.0,B2,4.54,24.0,4.5,27.78,44,37.93,59,31.09,,,https://www1.mbrace.or.jp/od2/B/202609/b260930.lzh,2026-09-30T03:27:51.057218+09:00
20260930,06,浜名湖,3,20260930-06-03,6,4084,杉山正樹,47,愛知,56.0,A1,6.44,41.55,7.45,70.97,1,40.48,18,33.19,,12,https://www1.mbrace.or.jp/od2/B/202609/b260930.lzh,2026-09-30T03:27:51.057218+09:00
20260930,06,浜名湖,4,20260930-06-04,1,3641,一瀬明,55,東京,52.0,A1,6.05,42.75,5.76,44.74,62,41.9,72,33.05,,12,https://www1.mbrace.or.jp/od2/B/202609/b260930.lzh,2026-09-30T03:27:51.057218+09:00
20260930,06,浜名湖,4,20260930-06-04,2,4491,田中堅,39,群馬,53.0,B1,4.36,24.55,4.74,15.79,23,35.59,37,34.33,,,https://www1.mbrace.or.jp/od2/B/202609/b260930.lzh,2026-09-30T03:27:51.057218+09:00
20260930,06,浜名湖,4,20260930-06-04,3,4951,新田洋一,33,広島,54.0,B1,4.92,25.51,6.0,44.44,25,22.35,53,34.16,,9,https://www1.mbrace.or.jp/od2/B/202609/b260930.lzh,2026-09-30T03:27:51.057218+09:00
20260930,06,浜名湖,4,20260930-06-04,4,5316,村松将平,25,静岡,52.0,B1,5.26,33.33,3.51,11.3,39,20.69,62,38.06,,,https://www1.mbrace.or.jp/od2/B/202609/b260930.lzh,2026-09-30T03:27:51.057218+09:00
20260930,06,浜名湖,4,20260930-06-04,5,4660,宇田川信,35,東京,54.0,B1,4.15,22.39,4.28,16.67,63,41.44,61,36.92,,8,https://www1.mbrace.or.jp/od2/B/202609/b260930.lzh,2026-09-30T03:27:51.057218+09:00
20260930,06,浜名湖,4,20260930-06-04,6,3828,明石正之,53,兵庫,52.0,B1,5.01,24.71,4.45,20.41,41,29.03,70,31.7,,11,https://www1.mbrace.or.jp/od2/B/202609/b260930.lzh,2026-09-30T03:27:51.057218+09:00
20260930,06,浜名湖,5,20260930-06-05,1,3448,高山秀雄,56,群馬,55.0,B1,4.22,20.0,6.36,54.55,26,39.23,69,34.03,,,https://www1.mbrace.or.jp/od2/B/202609/b260930.lzh,2026-09-30T03:27:51.057218+09:00
20260930,06,浜名湖,5,20260930-06-05,2,3813,佐藤大介,50,愛知,54.0,A1,6.51,44.92,6.35,35.0,33,22.83,15,33.89,,12,https://www1.mbrace.or.jp/od2/B/202609/b260930.lzh,2026-09-30T03:27:51.057218+09:00
20260930,06,浜名湖,5,20260930-06-05,3,4120,柘植政浩,45,滋賀,53.0,A2,6.06,43.66,5.55,42.86,12,20.48,64,31.17,,,https://www1.mbrace.or.jp/od2/B/202609/b260930.lzh,2026-09-30T03:27:51.057218+09:00
20260930,06,浜名湖,5,20260930-06-05,4,4940,白石有美,28,東京,53.0,B2,4.43,21.54,0.0,0.0,31,26.26,22,37.18,,9,https://www1.mbrace.or.jp/od2/B/202609/b260930.lzh,2026-09-30T03:27:51.057218+09:00
20260930,06,浜名湖,5,20260930-06-05,5,3837,秋山広一,51,香川,52.0,A2,6.32,45.11,5.76,44.83,60,16.18,50,35.71,,10,https://www1.mbrace.or.jp/od2/B/202609/b260930.lzh,2026-09-30T03:27:51.057218+09:00
20260930,06,浜名湖,5,20260930-06-05,6,3562,山下和彦,57,広島,53.0,A2,6.31,46.76,6.56,53.13,61,42.4,56,35.17,,11,https://www1.mbrace.or.jp/od2/B/202609/b260930.lzh,2026-09-30T03:27:51.057218+09:00
20260930,06,浜名湖,6,20260930-06-06,1,4458,抹香雄三,40,広島,54.0,B1,5.55,30.58,4.28,21.88,43,16.67,57,33.48,,,https://www1.mbrace.or.jp/od2/B/202609/b260930.lzh,2026-09-30T03:27:51.057218+09:00
20260930,06,浜名湖,6,20260930-06-06,2,4069,山本修一,46,岡山,54.0,A2,5.77,39.17,6.64,50.0,28,27.08,66,34.35,,11,https://www1.mbrace.or.jp/od2/B/202609/b260930.lzh,2026-09-30T03:27:51.057218+09:00
20260930,06,浜名湖,6,20260930-06-06,3,3965,北中元樹,47,滋賀,55.0,A1,5.92,42.42,5.68,40.0,16,31.58,25,35.06,,10,https://www1.mbrace.or.jp/od2/B/202609/b260930.lzh,2026-09-30T03:27:51.057218+09:00
20260930,06,浜名湖,6,20260930-06-06,4,4892,柴田直哉,36,福岡,53.0,B1,5.19,33.33,4.94,32.26,19,34.43,43,31.65,,2,https://www1.mbrace.or.jp/od2/B/202609/b260930.lzh,2026-09-30T03:27:51.057218+09:00
20260930,06,浜名湖,6,20260930-06-06,5,5169,堀本翔太,25,愛知,51.0,B2,3.77,12.12,3.56,12.5,6,32.46,71,35.86,,1,https://www1.mbrace.or.jp/od2/B/202609/b260930.lzh,2026-09-30T03:27:51.057218+09:00
20260930,06,浜名湖,6,20260930-06-06,6,3623,深川真二,52,佐賀,51.0,A1,7.28,61.68,7.35,62.75,15,32.0,48,37.45,,12,https://www1.mbrace.or.jp/od2/B/202609/b260930.lzh,2026-09-30T03:27:51.057218+09:00
20260930,06,浜名湖,7,20260930-06-07,1,5205,刑部亜里,29,静岡,50.0,A2,6.07,38.1,5.75,39.55,36,29.59,13,31.74,,,https://www1.mbrace.or.jp/od2/B/202609/b260930.lzh,2026-09-30T03:27:51.057218+09:00
20260930,06,浜名湖,7,20260930-06-07,2,4627,藤原菜希,40,東京,47.0,A2,6.38,46.15,5.56,22.22,46,44.55,34,37.5,,,https://www1.mbrace.or.jp/od2/B/202609/b260930.lzh,2026-09-30T03:27:51.057218+09:00
20260930,06,浜名湖,7,20260930-06-07,3,5140,吉田彩乃,26,静岡,47.0,B1,4.84,28.07,4.33,21.88,7,33.86,33,33.47,,2,https://www1.mbrace.or.jp/od2/B/202609/b260930.lzh,2026-09-30T03:27:51.057218+09:00
20260930,06,浜名湖,7,20260930-06-07,4,4473,藤堂里香,39,福井,46.0,B1,5.58,36.36,5.89,42.11,35,25.64,14,34.53,,1,https://www1.mbrace.or.jp/od2/B/202609/b260930.lzh,2026-09-30T03:27:51.057218+09:00
20260930,06,浜名湖,7,20260930-06-07,5,5173,谷口佳蓮,24,香川,48.0,B1,5.07,34.34,6.89,55.56,22,41.38,44,40.54,,3,https://www1.mbrace.or.jp/od2/B/202609/b260930.lzh,2026-09-30T03:27:51.057218+09:00
20260930,06,浜名湖,7,20260930-06-07,6,4289,落合直子,41,大阪,50.0,A2,5.75,38.24,7.03,53.85,55,50.43,60,33.05,,11,https://www1.mbrace.or.jp/od2/B/202609/b260930.lzh,2026-09-30T03:27:51.057218+09:00
20260930,06,浜名湖,8,20260930-06-08,1,4179,広次修,43,山口,52.0,A2,5.24,27.91,5.5,38.89,59,34.21,68,35.68,,2,https://www1.mbrace.or.jp/od2/B/202609/b260930.lzh,2026-09-30T03:27:51.057218+09:00
20260930,06,浜名湖,8,20260930-06-08,2,4660,宇田川信,35,東京,54.0,B1,4.15,22.39,4.28,16.67,63,41.44,61,36.92,,4,https://www1.mbrace.or.jp/od2/B/202609/b260930.lzh,2026-09-30T03:27:51.057218+09:00
20260930,06,浜名湖,8,20260930-06-08,3,3411,池上隆行,57,広島,51.0,B1,3.58,7.79,4.09,17.39,13,40.16,17,35.44,,,https://www1.mbrace.or.jp/od2/B/202609/b260930.lzh,2026-09-30T03:27:51.057218+09:00
20260930,06,浜名湖,8,20260930-06-08,4,4494,河合佑樹,39,静岡,53.0,A1,6.79,45.92,7.5,61.26,32,34.92,21,39.42,,12,https://www1.mbrace.or.jp/od2/B/202609/b260930.lzh,2026-09-30T03:27:51.057218+09:00
20260930,06,浜名湖,8,20260930-06-08,5,4081,樋口範政,47,愛知,55.0,B1,5.54,34.71,4.32,28.57,38,45.59,76,37.45,,,https://www1.mbrace.or.jp/od2/B/202609/b260930.lzh,2026-09-30T03:27:51.057218+09:00
20260930,06,浜名湖,8,20260930-06-08,6,5270,小玉啓太,25,佐賀,55.0,B1,4.24,20.69,0.0,0.0,47,21.59,32,39.32,,3,https://www1.mbrace.or.jp/od2/B/202609/b260930.lzh,2026-09-30T03:27:51.057218+09:00
20260930,06,浜名湖,9,20260930-06-09,1,4118,宇佐見淳,45,愛知,54.0,A2,6.0,40.91,4.86,25.0,58,32.08,24,36.36,,,https://www1.mbrace.or.jp/od2/B/202609/b260930.lzh,2026-09-30T03:27:51.057218+09:00
20260930,06,浜名湖,9,20260930-06-09,2,5383,中村楓,21,三重,53.0,B1,2.56,3.3,1.38,0.0,30,27.84,46,32.64,,,https://www1.mbrace.or.jp/od2/B/202609/b260930.lzh,2026-09-30T03:27:51.057218+09:00
20260930,06,浜名湖,9,20260930-06-09,3,4940,白石有美,28,東京,53.0,B2,4.43,21.54,0.0,0.0,31,26.26,22,37.18,,5,https://www1.mbrace.or.jp/od2/B/202609/b260930.lzh,2026-09-30T03:27:51.057218+09:00
20260930,06,浜名湖,9,20260930-06-09,4,5269,山口晃朋,25,静岡,52.0,A2,6.45,51.24,5.19,34.83,21,26.32,35,35.32,,1,https://www1.mbrace.or.jp/od2/B/202609/b260930.lzh,2026-09-30T03:27:51.057218+09:00
20260930,06,浜名湖,9,20260930-06-09,5,4951,新田洋一,33,広島,54.0,B1,4.92,25.51,6.0,44.44,25,22.35,53,34.16,,4,https://www1.mbrace.or.jp/od2/B/202609/b260930.lzh,2026-09-30T03:27:51.057218+09:00
20260930,06,浜名湖,9,20260930-06-09,6,4403,木下大將,41,福岡,53.0,A2,6.36,46.51,5.38,25.0,57,27.72,30,38.89,,3,https://www1.mbrace.or.jp/od2/B/202609/b260930.lzh,2026-09-30T03:27:51.057218+09:00
20260930,06,浜名湖,10,20260930-06-10,1,4363,大野芳顕,41,福岡,53.0,A2,5.59,37.01,6.57,42.86,50,21.25,23,33.88,,,https://www1.mbrace.or.jp/od2/B/202609/b260930.lzh,2026-09-30T03:27:51.057218+09:00
20260930,06,浜名湖,10,20260930-06-10,2,3837,秋山広一,51,香川,52.0,A2,6.32,45.11,5.76,44.83,60,16.18,50,35.71,,5,https://www1.mbrace.or.jp/od2/B/202609/b260930.lzh,2026-09-30T03:27:51.057218+09:00
20260930,06,浜名湖,10,20260930-06-10,3,3362,間嶋仁志,57,三重,53.0,B1,5.09,34.26,5.25,37.5,52,35.65,19,33.77,,2,https://www1.mbrace.or.jp/od2/B/202609/b260930.lzh,2026-09-30T03:27:51.057218+09:00
20260930,06,浜名湖,10,20260930-06-10,4,4635,峰重力也,36,岡山,52.0,A2,5.4,36.05,4.4,24.0,64,21.25,67,37.44,,3,https://www1.mbrace.or.jp/od2/B/202609/b260930.lzh,2026-09-30T03:27:51.057218+09:00
20260930,06,浜名湖,10,20260930-06-10,5,3156,金子良昭,61,静岡,54.0,B1,4.0,21.51,4.95,33.33,48,41.46,63,35.53,,1,https://www1.mbrace.or.jp/od2/B/202609/b260930.lzh,2026-09-30T03:27:51.057218+09:00
20260930,06,浜名湖,10,20260930-06-10,6,3965,北中元樹,47,滋賀,55.0,A1,5.92,42.42,5.68,40.0,16,31.58,25,35.06,,6,https://www1.mbrace.or.jp/od2/B/202609/b260930.lzh,2026-09-30T03:27:51.057218+09:00
20260930,06,浜名湖,11,20260930-06-11,1,4058,野末智一,47,静岡,52.0,A1,5.97,40.97,6.0,40.35,65,25.56,45,43.22,,,https://www1.mbrace.or.jp/od2/B/202609/b260930.lzh,2026-09-30T03:27:51.057218+09:00
20260930,06,浜名湖,11,20260930-06-11,2,4289,落合直子,41,大阪,50.0,A2,5.75,38.24,7.03,53.85,55,50.43,60,33.05,,7,https://www1.mbrace.or.jp/od2/B/202609/b260930.lzh,2026-09-30T03:27:51.057218+09:00
20260930,06,浜名湖,11,20260930-06-11,3,3562,山下和彦,57,広島,53.0,A2,6.31,46.76,6.56,53.13,61,42.4,56,35.17,,5,https://www1.mbrace.or.jp/od2/B/202609/b260930.lzh,2026-09-30T03:27:51.057218+09:00
20260930,06,浜名湖,11,20260930-06-11,4,3828,明石正之,53,兵庫,52.0,B1,5.01,24.71,4.45,20.41,41,29.03,70,31.7,,4,https://www1.mbrace.or.jp/od2/B/202609/b260930.lzh,2026-09-30T03:27:51.057218+09:00
20260930,06,浜名湖,11,20260930-06-11,5,3975,小野寺智,49,香川,52.0,A2,5.36,33.6,5.48,36.36,17,40.83,12,39.66,,2,https://www1.mbrace.or.jp/od2/B/202609/b260930.lzh,2026-09-30T03:27:51.057218+09:00
20260930,06,浜名湖,11,20260930-06-11,6,4069,山本修一,46,岡山,54.0,A2,5.77,39.17,6.64,50.0,28,27.08,66,34.35,,6,https://www1.mbrace.or.jp/od2/B/202609/b260930.lzh,2026-09-30T03:27:51.057218+09:00
20260930,06,浜名湖,12,20260930-06-12,1,4494,河合佑樹,39,静岡,53.0,A1,6.79,45.92,7.5,61.26,32,34.92,21,39.42,,8,https://www1.mbrace.or.jp/od2/B/202609/b260930.lzh,2026-09-30T03:27:51.057218+09:00
20260930,06,浜名湖,12,20260930-06-12,2,3623,深川真二,52,佐賀,51.0,A1,7.28,61.68,7.35,62.75,15,32.0,48,37.45,,6,https://www1.mbrace.or.jp/od2/B/202609/b260930.lzh,2026-09-30T03:27:51.057218+09:00
20260930,06,浜名湖,12,20260930-06-12,3,4084,杉山正樹,47,愛知,56.0,A1,6.44,41.55,7.45,70.97,1,40.48,18,33.19,,3,https://www1.mbrace.or.jp/od2/B/202609/b260930.lzh,2026-09-30T03:27:51.057218+09:00
20260930,06,浜名湖,12,20260930-06-12,4,3641,一瀬明,55,東京,52.0,A1,6.05,42.75,5.76,44.74,62,41.9,72,33.05,,4,https://www1.mbrace.or.jp/od2/B/202609/b260930.lzh,2026-09-30T03:27:51.057218+09:00
20260930,06,浜名湖,12,20260930-06-12,5,4790,柳内敬太,37,兵庫,51.0,A1,6.23,40.87,6.97,50.0,53,32.11,29,34.44,,2,https://www1.mbrace.or.jp/od2/B/202609/b260930.lzh,2026-09-30T03:27:51.057218+09:00
20260930,06,浜名湖,12,20260930-06-12,6,3813,佐藤大介,50,愛知,54.0,A1,6.51,44.92,6.35,35.0,33,22.83,15,33.89,,5,https://www1.mbrace.or.jp/od2/B/202609/b260930.lzh,2026-09-30T03:27:51.057218+09:00
20260930,05,多摩川,1,20260930-05-01,1,3072,西田靖,64,東京,53.0,B1,3.94,21.21,4.59,29.31,11,35.34,35,33.02,525 524 2,8,https://www1.mbrace.or.jp/od2/B/202609/b260930.lzh,2026-09-30T03:27:51.057218+09:00
20260930,05,多摩川,1,20260930-05-01,2,5313,鈴木唯央,26,群馬,52.0,B1,4.25,15.63,3.2,10.0,25,26.04,80,32.04,6 56656 6,,https://www1.mbrace.or.jp/od2/B/202609/b260930.lzh,2026-09-30T03:27:51.057218+09:00
20260930,05,多摩川,1,20260930-05-01,3,3075,中村裕将,64,埼玉,56.0,B1,5.1,35.56,4.52,24.24,15,19.05,48,34.65,165 6 545,5,https://www1.mbrace.or.jp/od2/B/202609/b260930.lzh,2026-09-30T03:27:51.057218+09:00
20260930,05,多摩川,1,20260930-05-01,4,4251,川崎誠志,43,山口,53.0,B1,4.71,25.74,3.94,12.5,21,32.32,64,40.22,462 3 3551,9,https://www1.mbrace.or.jp/od2/B/202609/b260930.lzh,2026-09-30T03:27:51.057218+09:00
20260930,05,多摩川,1,20260930-05-01,5,4332,村上彰一,43,福岡,58.0,B1,4.19,17.5,0.0,0.0,52,36.36,58,22.22,366 6 155,7,https://www1.mbrace.or.jp/od2/B/202609/b260930.lzh,2026-09-30T03:27:51.057218+09:00
20260930,05,多摩川,1,20260930-05-01,6,4383,竹田吉行,41,徳島,52.0,A2,5.17,33.01,5.89,33.33,47,28.57,49,33.33,652 14451,9,https://www1.mbrace.or.jp/od2/B/202609/b260930.lzh,2026-09-30T03:27:51.057218+09:00
20260930,05,多摩川,2,20260930-05-02,1,5292,佐藤右京,24,東京,55.0,B1,4.5,26.73,2.56,5.56,59,25.84,81,26.96,333 566 4,6,https://www1.mbrace.or.jp/od2/B/202609/b260930.lzh,2026-09-30T03:27:51.057218+09:00
20260930,05,多摩川,2,20260930-05-02,2,4025,山本隆幸,48,兵庫,52.0,A1,6.71,53.23,6.18,29.41,44,29.67,54,30.84,145 212216,10,https://www1.mbrace.or.jp/od2/B/202609/b260930.lzh,2026-09-30T03:27:51.057218+09:00
20260930,05,多摩川,2,20260930-05-02,3,3589,西村勝,53,埼玉,56.0,B1,4.51,29.63,4.21,23.68,30,30.11,75,36.36,5 335 256,8,https://www1.mbrace.or.jp/od2/B/202609/b260930.lzh,2026-09-30T03:27:51.057218+09:00
20260930,05,多摩川,2,20260930-05-02,4,3653,品川賢次,53,群馬,57.0,B2,4.2,13.51,4.21,12.5,67,42.39,37,33.64,5 533 646,6,https://www1.mbrace.or.jp/od2/B/202609/b260930.lzh,2026-09-30T03:27:51.057218+09:00
20260930,05,多摩川,2,20260930-05-02,5,5049,松井友汰,31,大阪,55.0,A2,6.34,47.06,5.9,35.0,62,33.63,52,42.99,2 33611 24,10,https://www1.mbrace.or.jp/od2/B/202609/b260930.lzh,2026-09-30T03:27:51.057218+09:00
20260930,05,多摩川,2,20260930-05-02,6,3202,三品隆浩,61,東京,53.0,B1,4.62,29.03,4.39,18.52,24,21.11,22,31.4,5 24356 4,,https://www1.mbrace.or.jp/od2/B/202609/b260930.lzh,2026-09-30T03:27:51.057218+09:00
20260930,05,多摩川,3,20260930-05-03,1,3860,松本浩貴,53,埼玉,52.0,B1,3.59,13.64,3.39,12.2,48,20.24,46,30.63,315 145 36,10,https://www1.mbrace.or.jp/od2/B/202609/b260930.lzh,2026-09-30T03:27:51.057218+09:00
20260930,05,多摩川,3,20260930-05-03,2,3385,渡邉睦広,57,東京,52.0,A2,5.4,35.96,5.32,28.0,16,22.12,21,31.48,1 5S6 434,8,https://www1.mbrace.or.jp/od2/B/202609/b260930.lzh,2026-09-30T03:27:51.057218+09:00
20260930,05,多摩川,3,20260930-05-03,3,4864,小川日紀,37,福岡,54.0,B1,4.43,21.98,0.0,0.0,74,29.31,63,20.41,3 42455 4,7,https://www1.mbrace.or.jp/od2/B/202609/b260930.lzh,2026-09-30T03:27:51.057218+09:00
20260930,05,多摩川,3,20260930-05-03,4,4435,服部達哉,40,愛知,56.0,A2,5.4,34.26,5.93,41.82,51,33.9,74,29.41,1 24332 33,11,https://www1.mbrace.or.jp/od2/B/202609/b260930.lzh,2026-09-30T03:27:51.057218+09:00
20260930,05,多摩川,3,20260930-05-03,5,4379,桑島和宏,42,東京,57.0,A2,5.93,34.15,5.77,40.0,33,25.47,42,33.65,524 641 32,9,https://www1.mbrace.or.jp/od2/B/202609/b260930.lzh,2026-09-30T03:27:51.057218+09:00
20260930,05,多摩川,3,20260930-05-03,6,3662,大庭元明,56,福岡,59.0,B1,5.07,35.24,5.22,33.33,23,34.04,41,23.08,2 353 3416,9,https://www1.mbrace.or.jp/od2/B/202609/b260930.lzh,2026-09-30T03:27:51.057218+09:00
20260930,05,多摩川,4,20260930-05-04,1,5327,西田和加,22,埼玉,48.0,B2,1.9,1.64,1.0,0.0,38,21.59,60,35.14,6 644 566,,https://www1.mbrace.or.jp/od2/B/202609/b260930.lzh,2026-09-30T03:27:51.057218+09:00
20260930,05,多摩川,4,20260930-05-04,2,4224,大橋栄里,44,福岡,49.0,B1,4.72,24.21,6.22,44.44,54,47.27,85,45.87,4 16266 35,,https://www1.mbrace.or.jp/od2/B/202609/b260930.lzh,2026-09-30T03:27:51.057218+09:00
20260930,05,多摩川,4,20260930-05-04,3,3518,倉田郁美,58,静岡,48.0,B1,4.13,17.05,4.83,25.71,71,34.82,84,24.49,5 645 5615,,https://www1.mbrace.or.jp/od2/B/202609/b260930.lzh,2026-09-30T03:27:51.057218+09:00
20260930,05,多摩川,4,20260930-05-04,4,5079,大石真央,28,静岡,44.0,B1,5.0,29.03,3.88,20.0,73,27.88,34,20.65,463 3 443,8,https://www1.mbrace.or.jp/od2/B/202609/b260930.lzh,2026-09-30T03:27:51.057218+09:00
20260930,05,多摩川,4,20260930-05-04,5,3302,谷川里江,59,愛知,45.0,B1,5.3,38.03,4.73,30.77,53,33.02,68,33.02,6 435 333,8,https://www1.mbrace.or.jp/od2/B/202609/b260930.lzh,2026-09-30T03:27:51.057218+09:00
20260930,05,多摩川,4,20260930-05-04,6,4447,深川麻奈,39,福岡,48.0,B1,5.88,38.97,0.0,0.0,41,33.7,79,36.94,331 222 43,11,https://www1.mbrace.or.jp/od2/B/202609/b260930.lzh,2026-09-30T03:27:51.057218+09:00
20260930,05,多摩川,5,20260930-05-05,1,4113,木村浩士,46,群馬,56.0,B1,4.52,22.94,4.57,23.81,60,26.53,65,20.0,646 332 52,9,https://www1.mbrace.or.jp/od2/B/202609/b260930.lzh,2026-09-30T03:27:51.057218+09:00
20260930,05,多摩川,5,20260930-05-05,2,4003,表憲一,48,福井,56.0,B1,5.64,35.11,5.07,29.63,65,33.94,53,43.75,542 246 45,,https://www1.mbrace.or.jp/od2/B/202609/b260930.lzh,2026-09-30T03:27:51.057218+09:00
20260930,05,多摩川,5,20260930-05-05,3,4061,萩原秀人,47,福井,55.0,A1,7.55,58.87,6.47,36.84,40,28.71,36,37.25,262 443125,10,https://www1.mbrace.or.jp/od2/B/202609/b260930.lzh,2026-09-30T03:27:51.057218+09:00
20260930,05,多摩川,5,20260930-05-05,4,3075,中村裕将,64,埼玉,56.0,B1,5.1,35.56,4.52,24.24,15,19.05,48,34.65,165 6 545,1,https://www1.mbrace.or.jp/od2/B/202609/b260930.lzh,2026-09-30T03:27:51.057218+09:00
20260930,05,多摩川,5,20260930-05-05,5,3349,吉田一郎,58,長崎,51.0,A1,5.88,39.33,0.0,0.0,66,34.26,51,32.38,11214 1454,10,https://www1.mbrace.or.jp/od2/B/202609/b260930.lzh,2026-09-30T03:27:51.057218+09:00
20260930,05,多摩川,5,20260930-05-05,6,4709,岡村将也,37,福岡,57.0,A2,5.42,31.37,0.0,0.0,26,27.27,44,25.0,3 166 5121,9,https://www1.mbrace.or.jp/od2/B/202609/b260930.lzh,2026-09-30T03:27:51.057218+09:00
20260930,05,多摩川,6,20260930-05-06,1,3653,品川賢次,53,群馬,57.0,B2,4.2,13.51,4.21,12.5,67,42.39,37,33.64,5 533 646,2,https://www1.mbrace.or.jp/od2/B/202609/b260930.lzh,2026-09-30T03:27:51.057218+09:00
20260930,05,多摩川,6,20260930-05-06,2,4190,長嶋万記,45,静岡,49.0,B2,6.56,43.43,6.14,36.36,29,25.77,43,33.33,1331255 35,11,https://www1.mbrace.or.jp/od2/B/202609/b260930.lzh,2026-09-30T03:27:51.057218+09:00
20260930,05,多摩川,6,20260930-05-06,3,4225,土屋千明,44,群馬,45.0,A2,6.15,42.35,0.0,0.0,13,28.16,39,25.0,251 235245,11,https://www1.mbrace.or.jp/od2/B/202609/b260930.lzh,2026-09-30T03:27:51.057218+09:00
20260930,05,多摩川,6,20260930-05-06,4,3885,久田武,52,愛知,53.0,A2,5.04,30.56,5.73,38.64,64,36.54,61,38.39,322 466 63,,https://www1.mbrace.or.jp/od2/B/202609/b260930.lzh,2026-09-30T03:27:51.057218+09:00
20260930,05,多摩川,6,20260930-05-06,5,5292,佐藤右京,24,東京,55.0,B1,4.5,26.73,2.56,5.56,59,25.84,81,26.96,333 566 4,2,https://www1.mbrace.or.jp/od2/B/202609/b260930.lzh,2026-09-30T03:27:51.057218+09:00
20260930,05,多摩川,6,20260930-05-06,6,4513,河野真也,37,福岡,53.0,A2,6.09,43.65,5.67,33.33,32,50.44,29,44.23,241 152213,10,https://www1.mbrace.or.jp/od2/B/202609/b260930.lzh,2026-09-30T03:27:51.057218+09:00
20260930,05,多摩川,7,20260930-05-07,1,4931,木谷賢太,30,香川,54.0,A1,6.75,51.49,6.2,30.0,56,31.86,38,28.24,611 426316,11,https://www1.mbrace.or.jp/od2/B/202609/b260930.lzh,2026-09-30T03:27:51.057218+09:00
20260930,05,多摩川,7,20260930-05-07,2,4332,村上彰一,43,福岡,58.0,B1,4.19,17.5,0.0,0.0,52,36.36,58,22.22,366 6 155,1,https://www1.mbrace.or.jp/od2/B/202609/b260930.lzh,2026-09-30T03:27:51.057218+09:00
20260930,05,多摩川,7,20260930-05-07,3,5376,吉田一心,22,大阪,51.0,B1,5.59,40.17,0.0,0.0,69,29.63,23,27.68,5 46162 64,,https://www1.mbrace.or.jp/od2/B/202609/b260930.lzh,2026-09-30T03:27:51.057218+09:00
20260930,05,多摩川,7,20260930-05-07,4,4015,前野竜一,46,山口,59.0,A2,5.72,33.07,6.59,52.94,57,48.15,40,30.91,2224133 44,11,https://www1.mbrace.or.jp/od2/B/202609/b260930.lzh,2026-09-30T03:27:51.057218+09:00
20260930,05,多摩川,7,20260930-05-07,5,4864,小川日紀,37,福岡,54.0,B1,4.43,21.98,0.0,0.0,74,29.31,63,20.41,3 42455 4,3,https://www1.mbrace.or.jp/od2/B/202609/b260930.lzh,2026-09-30T03:27:51.057218+09:00
20260930,05,多摩川,7,20260930-05-07,6,5411,木下虎之,21,東京,54.0,B2,2.49,7.25,1.76,0.0,68,35.51,45,37.27,6 652 365,,https://www1.mbrace.or.jp/od2/B/202609/b260930.lzh,2026-09-30T03:27:51.057218+09:00
20260930,05,多摩川,8,20260930-05-08,1,5048,眞鳥康太,32,長崎,56.0,B1,4.48,26.58,7.1,50.0,34,29.7,67,31.37,4 566 146,,https://www1.mbrace.or.jp/od2/B/202609/b260930.lzh,2026-09-30T03:27:51.057218+09:00
20260930,05,多摩川,8,20260930-05-08,2,3302,谷川里江,59,愛知,45.0,B1,5.3,38.03,4.73,30.77,53,33.02,68,33.02,6 435 333,4,https://www1.mbrace.or.jp/od2/B/202609/b260930.lzh,2026-09-30T03:27:51.057218+09:00
20260930,05,多摩川,8,20260930-05-08,3,5079,大石真央,28,静岡,44.0,B1,5.0,29.03,3.88,20.0,73,27.88,34,20.65,463 3 443,4,https://www1.mbrace.or.jp/od2/B/202609/b260930.lzh,2026-09-30T03:27:51.057218+09:00
20260930,05,多摩川,8,20260930-05-08,4,3385,渡邉睦広,57,東京,52.0,A2,5.4,35.96,5.32,28.0,16,22.12,21,31.48,1 5S6 434,3,https://www1.mbrace.or.jp/od2/B/202609/b260930.lzh,2026-09-30T03:27:51.057218+09:00
20260930,05,多摩川,8,20260930-05-08,5,3589,西村勝,53,埼玉,56.0,B1,4.51,29.63,4.21,23.68,30,30.11,75,36.36,5 335 256,2,https://www1.mbrace.or.jp/od2/B/202609/b260930.lzh,2026-09-30T03:27:51.057218+09:00
20260930,05,多摩川,8,20260930-05-08,6,3072,西田靖,64,東京,53.0,B1,3.94,21.21,4.59,29.31,11,35.34,35,33.02,525 524 2,1,https://www1.mbrace.or.jp/od2/B/202609/b260930.lzh,2026-09-30T03:27:51.057218+09:00
20260930,05,多摩川,9,20260930-05-09,1,4709,岡村将也,37,福岡,57.0,A2,5.42,31.37,0.0,0.0,26,27.27,44,25.0,3 166 5121,5,https://www1.mbrace.or.jp/od2/B/202609/b260930.lzh,2026-09-30T03:27:51.057218+09:00
20260930,05,多摩川,9,20260930-05-09,2,4379,桑島和宏,42,東京,57.0,A2,5.93,34.15,5.77,40.0,33,25.47,42,33.65,524 641 32,3,https://www1.mbrace.or.jp/od2/B/202609/b260930.lzh,2026-09-30T03:27:51.057218+09:00
20260930,05,多摩川,9,20260930-05-09,3,3662,大庭元明,56,福岡,59.0,B1,5.07,35.24,5.22,33.33,23,34.04,41,23.08,2 353 3416,3,https://www1.mbrace.or.jp/od2/B/202609/b260930.lzh,2026-09-30T03:27:51.057218+09:00
20260930,05,多摩川,9,20260930-05-09,4,4383,竹田吉行,41,徳島,52.0,A2,5.17,33.01,5.89,33.33,47,28.57,49,33.33,652 14451,1,https://www1.mbrace.or.jp/od2/B/202609/b260930.lzh,2026-09-30T03:27:51.057218+09:00
20260930,05,多摩川,9,20260930-05-09,5,4251,川崎誠志,43,山口,53.0,B1,4.71,25.74,3.94,12.5,21,32.32,64,40.22,462 3 3551,1,https://www1.mbrace.or.jp/od2/B/202609/b260930.lzh,2026-09-30T03:27:51.057218+09:00
20260930,05,多摩川,9,20260930-05-09,6,4113,木村浩士,46,群馬,56.0,B1,4.52,22.94,4.57,23.81,60,26.53,65,20.0,646 332 52,5,https://www1.mbrace.or.jp/od2/B/202609/b260930.lzh,2026-09-30T03:27:51.057218+09:00
20260930,05,多摩川,10,20260930-05-10,1,4513,河野真也,37,福岡,53.0,A2,6.09,43.65,5.67,33.33,32,50.44,29,44.23,241 152213,6,https://www1.mbrace.or.jp/od2/B/202609/b260930.lzh,2026-09-30T03:27:51.057218+09:00
20260930,05,多摩川,10,20260930-05-10,2,3349,吉田一郎,58,長崎,51.0,A1,5.88,39.33,0.0,0.0,66,34.26,51,32.38,11214 1454,5,https://www1.mbrace.or.jp/od2/B/202609/b260930.lzh,2026-09-30T03:27:51.057218+09:00
20260930,05,多摩川,10,20260930-05-10,3,5049,松井友汰,31,大阪,55.0,A2,6.34,47.06,5.9,35.0,62,33.63,52,42.99,2 33611 24,2,https://www1.mbrace.or.jp/od2/B/202609/b260930.lzh,2026-09-30T03:27:51.057218+09:00
20260930,05,多摩川,10,20260930-05-10,4,4061,萩原秀人,47,福井,55.0,A1,7.55,58.87,6.47,36.84,40,28.71,36,37.25,262 443125,5,https://www1.mbrace.or.jp/od2/B/202609/b260930.lzh,2026-09-30T03:27:51.057218+09:00
20260930,05,多摩川,10,20260930-05-10,5,4025,山本隆幸,48,兵庫,52.0,A1,6.71,53.23,6.18,29.41,44,29.67,54,30.84,145 212216,2,https://www1.mbrace.or.jp/od2/B/202609/b260930.lzh,2026-09-30T03:27:51.057218+09:00
20260930,05,多摩川,10,20260930-05-10,6,3860,松本浩貴,53,埼玉,52.0,B1,3.59,13.64,3.39,12.2,48,20.24,46,30.63,315 145 36,3,https://www1.mbrace.or.jp/od2/B/202609/b260930.lzh,2026-09-30T03:27:51.057218+09:00
20260930,05,多摩川,11,20260930-05-11,1,4447,深川麻奈,39,福岡,48.0,B1,5.88,38.97,0.0,0.0,41,33.7,79,36.94,331 222 43,4,https://www1.mbrace.or.jp/od2/B/202609/b260930.lzh,2026-09-30T03:27:51.057218+09:00
20260930,05,多摩川,11,20260930-05-11,2,4435,服部達哉,40,愛知,56.0,A2,5.4,34.26,5.93,41.82,51,33.9,74,29.41,1 24332 33,3,https://www1.mbrace.or.jp/od2/B/202609/b260930.lzh,2026-09-30T03:27:51.057218+09:00
20260930,05,多摩川,11,20260930-05-11,3,4015,前野竜一,46,山口,59.0,A2,5.72,33.07,6.59,52.94,57,48.15,40,30.91,2224133 44,7,https://www1.mbrace.or.jp/od2/B/202609/b260930.lzh,2026-09-30T03:27:51.057218+09:00
20260930,05,多摩川,11,20260930-05-11,4,4225,土屋千明,44,群馬,45.0,A2,6.15,42.35,0.0,0.0,13,28.16,39,25.0,251 235245,6,https://www1.mbrace.or.jp/od2/B/202609/b260930.lzh,2026-09-30T03:27:51.057218+09:00
20260930,05,多摩川,11,20260930-05-11,5,4190,長嶋万記,45,静岡,49.0,B2,6.56,43.43,6.14,36.36,29,25.77,43,33.33,1331255 35,6,https://www1.mbrace.or.jp/od2/B/202609/b260930.lzh,2026-09-30T03:27:51.057218+09:00
20260930,05,多摩川,11,20260930-05-11,6,4931,木谷賢太,30,香川,54.0,A1,6.75,51.49,6.2,30.0,56,31.86,38,28.24,611 426316,7,https://www1.mbrace.or.jp/od2/B/202609/b260930.lzh,2026-09-30T03:27:51.057218+09:00
20260930,05,多摩川,12,20260930-05-12,1,4144,石塚久也,45,埼玉,53.0,A2,6.24,45.71,6.54,50.0,61,36.36,25,33.02,11122 2131,,https://www1.mbrace.or.jp/od2/B/202609/b260930.lzh,2026-09-30T03:27:51.057218+09:00
20260930,05,多摩川,12,20260930-05-12,2,4288,永田啓二,41,福岡,55.0,A1,7.54,64.23,6.27,45.45,19,35.0,50,36.28,5 13111361,,https://www1.mbrace.or.jp/od2/B/202609/b260930.lzh,2026-09-30T03:27:51.057218+09:00
20260930,05,多摩川,12,20260930-05-12,3,4932,新開航,30,福岡,52.0,A1,7.52,54.1,6.89,22.22,58,32.99,32,33.04,214 143121,,https://www1.mbrace.or.jp/od2/B/202609/b260930.lzh,2026-09-30T03:27:51.057218+09:00
20260930,05,多摩川,12,20260930-05-12,4,4737,竹井貴史,35,福岡,54.0,A1,6.85,54.7,7.8,75.0,35,19.75,57,24.42,4313111 22,,https://www1.mbrace.or.jp/od2/B/202609/b260930.lzh,2026-09-30T03:27:51.057218+09:00
20260930,05,多摩川,12,20260930-05-12,5,5199,垂水悠,24,徳島,56.0,B1,4.63,28.87,3.13,12.5,31,37.5,28,25.53,3 242 1322,,https://www1.mbrace.or.jp/od2/B/202609/b260930.lzh,2026-09-30T03:27:51.057218+09:00
20260930,05,多摩川,12,20260930-05-12,6,4446,和田兼輔,39,兵庫,52.0,A1,6.81,47.32,6.15,40.0,22,22.55,76,40.0,42413 2412,,https://www1.mbrace.or.jp/od2/B/202609/b260930.lzh,2026-09-30T03:27:51.057218+09:00
20260930,04,平和島,1,20260930-04-01,1,3391,鈴木茂正,61,東京,52.0,B2,2.22,3.7,0.0,0.0,20,33.82,67,40.3,6 4,8,https://www1.mbrace.or.jp/od2/B/202609/b260930.lzh,2026-09-30T03:27:51.057218+09:00
20260930,04,平和島,1,20260930-04-01,2,3714,梶原正,51,福岡,55.0,B1,4.25,25.27,4.94,25.81,14,38.71,55,41.77,343,7,https://www1.mbrace.or.jp/od2/B/202609/b260930.lzh,2026-09-30T03:27:51.057218+09:00
20260930,04,平和島,1,20260930-04-01,3,3679,飯島昌弘,53,埼玉,53.0,A2,6.67,48.87,6.5,43.42,32,32.0,16,33.33,312,10,https://www1.mbrace.or.jp/od2/B/202609/b260930.lzh,2026-09-30T03:27:51.057218+09:00
20260930,04,平和島,1,20260930-04-01,4,3211,北川敏弘,64,佐賀,52.0,B1,4.09,18.52,0.0,0.0,43,35.29,50,21.74,4 25,,https://www1.mbrace.or.jp/od2/B/202609/b260930.lzh,2026-09-30T03:27:51.057218+09:00
20260930,04,平和島,1,20260930-04-01,5,3882,新田智彰,53,大阪,56.0,B1,4.34,18.95,4.79,26.47,15,35.82,61,33.33,355,6,https://www1.mbrace.or.jp/od2/B/202609/b260930.lzh,2026-09-30T03:27:51.057218+09:00
20260930,04,平和島,1,20260930-04-01,6,3944,山口裕二,47,長崎,54.0,A1,5.84,39.77,5.96,46.15,68,44.07,70,39.39,241,11,https://www1.mbrace.or.jp/od2/B/202609/b260930.lzh,2026-09-30T03:27:51.057218+09:00
20260930,04,平和島,2,20260930-04-02,1,3532,柴田光,54,群馬,54.0,B2,5.84,37.5,7.62,65.38,12,60.26,58,22.73,6 64,,https://www1.mbrace.or.jp/od2/B/202609/b260930.lzh,2026-09-30T03:27:51.057218+09:00
20260930,04,平和島,2,20260930-04-02,2,3713,伊藤誠二,52,愛知,55.0,A1,4.93,33.33,6.24,36.0,57,22.73,72,33.87,3 15,12,https://www1.mbrace.or.jp/od2/B/202609/b260930.lzh,2026-09-30T03:27:51.057218+09:00
20260930,04,平和島,2,20260930-04-02,3,3863,海老澤泰,52,東京,58.0,B1,4.44,21.62,4.27,27.14,44,16.92,44,28.99,462,11,https://www1.mbrace.or.jp/od2/B/202609/b260930.lzh,2026-09-30T03:27:51.057218+09:00
20260930,04,平和島,2,20260930-04-02,4,3878,胡本悟志,49,山口,51.0,B1,4.25,17.58,4.71,14.29,51,35.19,57,50.0,452,9,https://www1.mbrace.or.jp/od2/B/202609/b260930.lzh,2026-09-30T03:27:51.057218+09:00
20260930,04,平和島,2,20260930-04-02,5,3978,齊藤仁,49,東京,52.0,A2,6.09,30.97,7.07,50.83,11,35.0,62,34.18,122,10,https://www1.mbrace.or.jp/od2/B/202609/b260930.lzh,2026-09-30T03:27:51.057218+09:00
20260930,04,平和島,2,20260930-04-02,6,4047,吉永浩則,46,大阪,54.0,B1,3.43,16.25,3.57,19.05,17,25.64,23,32.39,5 56,,https://www1.mbrace.or.jp/od2/B/202609/b260930.lzh,2026-09-30T03:27:51.057218+09:00
20260930,04,平和島,3,20260930-04-03,1,3868,尾形栄治,51,東京,55.0,B1,4.57,23.91,5.91,45.45,54,22.39,60,47.06,125,7,https://www1.mbrace.or.jp/od2/B/202609/b260930.lzh,2026-09-30T03:27:51.057218+09:00
20260930,04,平和島,3,20260930-04-03,2,3297,藤丸光一,59,福岡,49.0,B1,4.74,26.42,3.83,12.5,71,30.77,22,34.29,1 43,8,https://www1.mbrace.or.jp/od2/B/202609/b260930.lzh,2026-09-30T03:27:51.057218+09:00
20260930,04,平和島,3,20260930-04-03,3,4131,原豊土,46,静岡,55.0,B1,5.62,37.61,5.11,35.71,53,31.82,54,36.99,221,11,https://www1.mbrace.or.jp/od2/B/202609/b260930.lzh,2026-09-30T03:27:51.057218+09:00
20260930,04,平和島,3,20260930-04-03,4,3158,島川光男,61,広島,55.0,A2,6.4,46.09,6.4,55.0,63,30.77,11,26.76,144,12,https://www1.mbrace.or.jp/od2/B/202609/b260930.lzh,2026-09-30T03:27:51.057218+09:00
20260930,04,平和島,3,20260930-04-03,5,3952,中澤和志,50,埼玉,53.0,A1,6.57,45.65,6.68,48.94,22,14.49,45,36.62,3221,10,https://www1.mbrace.or.jp/od2/B/202609/b260930.lzh,2026-09-30T03:27:51.057218+09:00
20260930,04,平和島,3,20260930-04-03,6,3430,角浜修,58,広島,56.0,B1,4.33,23.58,4.78,33.33,75,25.0,59,23.08,1 45,9,https://www1.mbrace.or.jp/od2/B/202609/b260930.lzh,2026-09-30T03:27:51.057218+09:00
20260930,04,平和島,4,20260930-04-04,1,3619,長谷川充,52,群馬,51.0,B1,5.11,29.29,4.81,25.0,47,23.68,18,28.13,235,10,https://www1.mbrace.or.jp/od2/B/202609/b260930.lzh,2026-09-30T03:27:51.057218+09:00
20260930,04,平和島,4,20260930-04-04,2,3616,中村真,53,福岡,55.0,B1,4.77,25.68,5.2,20.0,33,40.54,21,26.32,555,,https://www1.mbrace.or.jp/od2/B/202609/b260930.lzh,2026-09-30T03:27:51.057218+09:00
20260930,04,平和島,4,20260930-04-04,3,3988,古川誠之,48,愛知,57.0,A2,6.13,38.46,4.86,28.57,67,15.71,65,27.42,632,11,https://www1.mbrace.or.jp/od2/B/202609/b260930.lzh,2026-09-30T03:27:51.057218+09:00
20260930,04,平和島,4,20260930-04-04,4,4076,杉田篤光,48,静岡,52.0,B1,4.85,26.72,5.42,29.17,59,25.0,49,24.29,243,12,https://www1.mbrace.or.jp/od2/B/202609/b260930.lzh,2026-09-30T03:27:51.057218+09:00
20260930,04,平和島,4,20260930-04-04,5,3741,松尾基成,52,福岡,57.0,B1,3.46,16.67,2.83,8.33,40,36.51,64,18.6,5 53,,https://www1.mbrace.or.jp/od2/B/202609/b260930.lzh,2026-09-30T03:27:51.057218+09:00
20260930,04,平和島,4,20260930-04-04,6,3909,佐々木康,53,静岡,57.0,A1,6.78,53.45,5.57,36.67,19,31.08,71,37.68,2311,9,https://www1.mbrace.or.jp/od2/B/202609/b260930.lzh,2026-09-30T03:27:51.057218+09:00
20260930,04,平和島,5,20260930-04-05,1,3256,三角哲男,59,東京,52.0,A1,6.81,54.26,6.81,48.08,38,43.33,48,27.08,144,11,https://www1.mbrace.or.jp/od2/B/202609/b260930.lzh,2026-09-30T03:27:51.057218+09:00
20260930,04,平和島,5,20260930-04-05,2,3377,塚田修二,59,東京,53.0,B1,4.41,20.0,4.25,20.59,61,44.07,46,23.53,5 36,,https://www1.mbrace.or.jp/od2/B/202609/b260930.lzh,2026-09-30T03:27:51.057218+09:00
20260930,04,平和島,5,20260930-04-05,3,3880,浅見宗孝,53,埼玉,54.0,B1,4.25,16.85,4.61,14.63,35,31.43,56,32.76,423,12,https://www1.mbrace.or.jp/od2/B/202609/b260930.lzh,2026-09-30T03:27:51.057218+09:00
20260930,04,平和島,5,20260930-04-05,4,3998,冨成謙児,47,佐賀,52.0,B1,4.35,25.93,4.86,32.14,39,19.4,74,29.85,551,10,https://www1.mbrace.or.jp/od2/B/202609/b260930.lzh,2026-09-30T03:27:51.057218+09:00
20260930,04,平和島,5,20260930-04-05,5,3793,高橋真吾,53,埼玉,58.0,B1,4.31,27.55,3.52,7.41,24,33.33,47,34.85,3 S2,,https://www1.mbrace.or.jp/od2/B/202609/b260930.lzh,2026-09-30T03:27:51.057218+09:00
20260930,04,平和島,5,20260930-04-05,6,3973,崎利仁,50,群馬,53.0,B1,4.43,23.64,3.93,20.0,50,54.1,19,35.21,4 56,,https://www1.mbrace.or.jp/od2/B/202609/b260930.lzh,2026-09-30T03:27:51.057218+09:00
20260930,04,平和島,6,20260930-04-06,1,3882,新田智彰,53,大阪,56.0,B1,4.34,18.95,4.79,26.47,15,35.82,61,33.33,355,1,https://www1.mbrace.or.jp/od2/B/202609/b260930.lzh,2026-09-30T03:27:51.057218+09:00
20260930,04,平和島,6,20260930-04-06,2,3997,北村征嗣,47,大阪,54.0,A1,6.12,40.56,7.55,55.26,66,33.33,63,36.76,152,12,https://www1.mbrace.or.jp/od2/B/202609/b260930.lzh,2026-09-30T03:27:51.057218+09:00
20260930,04,平和島,6,20260930-04-06,3,4139,丹下健,45,愛知,55.0,B1,4.4,26.19,4.35,32.35,56,20.0,53,42.25,2 46,,https://www1.mbrace.or.jp/od2/B/202609/b260930.lzh,2026-09-30T03:27:51.057218+09:00
20260930,04,平和島,6,20260930-04-06,4,3718,伊達正利,51,静岡,57.0,B1,4.46,23.47,4.18,27.27,64,30.16,43,33.8,6 33,,https://www1.mbrace.or.jp/od2/B/202609/b260930.lzh,2026-09-30T03:27:51.057218+09:00
20260930,04,平和島,6,20260930-04-06,5,3422,服部幸男,55,静岡,56.0,A2,5.8,39.06,6.1,42.86,70,14.49,10,38.16,361,11,https://www1.mbrace.or.jp/od2/B/202609/b260930.lzh,2026-09-30T03:27:51.057218+09:00
20260930,04,平和島,6,20260930-04-06,6,3516,吉原聖人,58,広島,52.0,B1,4.69,32.63,5.35,34.62,55,23.61,75,36.76,6 36,,https://www1.mbrace.or.jp/od2/B/202609/b260930.lzh,2026-09-30T03:27:51.057218+09:00
20260930,04,平和島,7,20260930-04-07,1,3690,河合三弘,55,愛知,53.0,B1,4.81,30.36,4.23,23.08,65,30.0,66,20.55,6 64,,https://www1.mbrace.or.jp/od2/B/202609/b260930.lzh,2026-09-30T03:27:51.057218+09:00
20260930,04,平和島,7,20260930-04-07,2,3961,谷村一哉,47,山口,58.0,A1,6.69,50.0,6.47,33.33,10,40.0,41,36.92,2622,,https://www1.mbrace.or.jp/od2/B/202609/b260930.lzh,2026-09-30T03:27:51.057218+09:00
20260930,04,平和島,7,20260930-04-07,3,3714,梶原正,51,福岡,55.0,B1,4.25,25.27,4.94,25.81,14,38.71,55,41.77,343,1,https://www1.mbrace.or.jp/od2/B/202609/b260930.lzh,2026-09-30T03:27:51.057218+09:00
20260930,04,平和島,7,20260930-04-07,4,3868,尾形栄治,51,東京,55.0,B1,4.57,23.91,5.91,45.45,54,22.39,60,47.06,125,3,https://www1.mbrace.or.jp/od2/B/202609/b260930.lzh,2026-09-30T03:27:51.057218+09:00
20260930,04,平和島,7,20260930-04-07,5,3826,村田修次,53,東京,53.0,A2,6.3,47.2,6.12,40.79,34,35.38,13,41.82,S63,12,https://www1.mbrace.or.jp/od2/B/202609/b260930.lzh,2026-09-30T03:27:51.057218+09:00
20260930,04,平和島,7,20260930-04-07,6,4027,松江秀徳,48,佐賀,57.0,A2,5.34,32.56,5.76,36.0,28,14.81,51,43.24,6 44,,https://www1.mbrace.or.jp/od2/B/202609/b260930.lzh,2026-09-30T03:27:51.057218+09:00
20260930,04,平和島,8,20260930-04-08,1,4077,品田直樹,47,東京,53.0,A2,5.37,33.91,4.92,28.57,25,41.67,12,25.97,1 23,,https://www1.mbrace.or.jp/od2/B/202609/b260930.lzh,2026-09-30T03:27:51.057218+09:00
20260930,04,平和島,8,20260930-04-08,2,3391,鈴木茂正,61,東京,52.0,B2,2.22,3.7,0.0,0.0,20,33.82,67,40.3,6 4,1,https://www1.mbrace.or.jp/od2/B/202609/b260930.lzh,2026-09-30T03:27:51.057218+09:00
20260930,04,平和島,8,20260930-04-08,3,3297,藤丸光一,59,福岡,49.0,B1,4.74,26.42,3.83,12.5,71,30.77,22,34.29,1 43,3,https://www1.mbrace.or.jp/od2/B/202609/b260930.lzh,2026-09-30T03:27:51.057218+09:00
20260930,04,平和島,8,20260930-04-08,4,3554,仲口博崇,54,愛知,52.0,A1,6.48,51.77,6.03,33.33,49,21.74,15,20.59,4161,,https://www1.mbrace.or.jp/od2/B/202609/b260930.lzh,2026-09-30T03:27:51.057218+09:00
20260930,04,平和島,8,20260930-04-08,5,3929,杢野誓良,50,愛知,51.0,B1,4.36,20.72,4.94,33.33,13,31.34,14,36.36,5 65,,https://www1.mbrace.or.jp/od2/B/202609/b260930.lzh,2026-09-30T03:27:51.057218+09:00
20260930,04,平和島,8,20260930-04-08,6,3807,岡部哲,51,埼玉,51.0,B1,4.91,26.23,4.5,10.0,69,38.03,73,32.14,535,,https://www1.mbrace.or.jp/od2/B/202609/b260930.lzh,2026-09-30T03:27:51.057218+09:00
20260930,04,平和島,9,20260930-04-09,1,3878,胡本悟志,49,山口,51.0,B1,4.25,17.58,4.71,14.29,51,35.19,57,50.0,452,2,https://www1.mbrace.or.jp/od2/B/202609/b260930.lzh,2026-09-30T03:27:51.057218+09:00
20260930,04,平和島,9,20260930-04-09,2,3909,佐々木康,53,静岡,57.0,A1,6.78,53.45,5.57,36.67,19,31.08,71,37.68,2311,4,https://www1.mbrace.or.jp/od2/B/202609/b260930.lzh,2026-09-30T03:27:51.057218+09:00
20260930,04,平和島,9,20260930-04-09,3,3527,中嶋誠一,55,長崎,51.0,B1,5.08,29.73,0.0,0.0,74,41.67,69,38.33,4 46,,https://www1.mbrace.or.jp/od2/B/202609/b260930.lzh,2026-09-30T03:27:51.057218+09:00
20260930,04,平和島,9,20260930-04-09,4,3505,山田竜一,55,東京,54.0,A2,5.2,35.51,5.36,28.69,27,35.38,17,40.58,1 13,,https://www1.mbrace.or.jp/od2/B/202609/b260930.lzh,2026-09-30T03:27:51.057218+09:00
20260930,04,平和島,9,20260930-04-09,5,3430,角浜修,58,広島,56.0,B1,4.33,23.58,4.78,33.33,75,25.0,59,23.08,1 45,3,https://www1.mbrace.or.jp/od2/B/202609/b260930.lzh,2026-09-30T03:27:51.057218+09:00
20260930,04,平和島,9,20260930-04-09,6,3686,鳥居塚孝,51,群馬,50.0,A2,6.07,36.73,6.48,52.17,18,34.92,52,42.25,3 16,,https://www1.mbrace.or.jp/od2/B/202609/b260930.lzh,2026-09-30T03:27:51.057218+09:00
20260930,04,平和島,10,20260930-04-10,1,3679,飯島昌弘,53,埼玉,53.0,A2,6.67,48.87,6.5,43.42,32,32.0,16,33.33,312,1,https://www1.mbrace.or.jp/od2/B/202609/b260930.lzh,2026-09-30T03:27:51.057218+09:00
20260930,04,平和島,10,20260930-04-10,2,3952,中澤和志,50,埼玉,53.0,A1,6.57,45.65,6.68,48.94,22,14.49,45,36.62,3221,3,https://www1.mbrace.or.jp/od2/B/202609/b260930.lzh,2026-09-30T03:27:51.057218+09:00
20260930,04,平和島,10,20260930-04-10,3,3978,齊藤仁,49,東京,52.0,A2,6.09,30.97,7.07,50.83,11,35.0,62,34.18,122,2,https://www1.mbrace.or.jp/od2/B/202609/b260930.lzh,2026-09-30T03:27:51.057218+09:00
20260930,04,平和島,10,20260930-04-10,4,3489,大場敏,59,静岡,53.0,A2,5.93,43.24,6.08,34.62,45,21.21,68,43.08,1 14,,https://www1.mbrace.or.jp/od2/B/202609/b260930.lzh,2026-09-30T03:27:51.057218+09:00
20260930,04,平和島,10,20260930-04-10,5,3619,長谷川充,52,群馬,51.0,B1,5.11,29.29,4.81,25.0,47,23.68,18,28.13,235,4,https://www1.mbrace.or.jp/od2/B/202609/b260930.lzh,2026-09-30T03:27:51.057218+09:00
20260930,04,平和島,10,20260930-04-10,6,3998,冨成謙児,47,佐賀,52.0,B1,4.35,25.93,4.86,32.14,39,19.4,74,29.85,551,5,https://www1.mbrace.or.jp/od2/B/202609/b260930.lzh,2026-09-30T03:27:51.057218+09:00
20260930,04,平和島,11,20260930-04-11,1,3422,服部幸男,55,静岡,56.0,A2,5.8,39.06,6.1,42.86,70,14.49,10,38.16,361,6,https://www1.mbrace.or.jp/od2/B/202609/b260930.lzh,2026-09-30T03:27:51.057218+09:00
20260930,04,平和島,11,20260930-04-11,2,3863,海老澤泰,52,東京,58.0,B1,4.44,21.62,4.27,27.14,44,16.92,44,28.99,462,2,https://www1.mbrace.or.jp/od2/B/202609/b260930.lzh,2026-09-30T03:27:51.057218+09:00
20260930,04,平和島,11,20260930-04-11,3,3944,山口裕二,47,長崎,54.0,A1,5.84,39.77,5.96,46.15,68,44.07,70,39.39,241,1,https://www1.mbrace.or.jp/od2/B/202609/b260930.lzh,2026-09-30T03:27:51.057218+09:00
20260930,04,平和島,11,20260930-04-11,4,3988,古川誠之,48,愛知,57.0,A2,6.13,38.46,4.86,28.57,67,15.71,65,27.42,632,4,https://www1.mbrace.or.jp/od2/B/202609/b260930.lzh,2026-09-30T03:27:51.057218+09:00
20260930,04,平和島,11,20260930-04-11,5,3256,三角哲男,59,東京,52.0,A1,6.81,54.26,6.81,48.08,38,43.33,48,27.08,144,5,https://www1.mbrace.or.jp/od2/B/202609/b260930.lzh,2026-09-30T03:27:51.057218+09:00
20260930,04,平和島,11,20260930-04-11,6,4131,原豊土,46,静岡,55.0,B1,5.62,37.61,5.11,35.71,53,31.82,54,36.99,221,3,https://www1.mbrace.or.jp/od2/B/202609/b260930.lzh,2026-09-30T03:27:51.057218+09:00
20260930,04,平和島,12,20260930-04-12,1,3997,北村征嗣,47,大阪,54.0,A1,6.12,40.56,7.55,55.26,66,33.33,63,36.76,152,6,https://www1.mbrace.or.jp/od2/B/202609/b260930.lzh,2026-09-30T03:27:51.057218+09:00
20260930,04,平和島,12,20260930-04-12,2,3158,島川光男,61,広島,55.0,A2,6.4,46.09,6.4,55.0,63,30.77,11,26.76,144,3,https://www1.mbrace.or.jp/od2/B/202609/b260930.lzh,2026-09-30T03:27:51.057218+09:00
20260930,04,平和島,12,20260930-04-12,3,3713,伊藤誠二,52,愛知,55.0,A1,4.93,33.33,6.24,36.0,57,22.73,72,33.87,3 15,2,https://www1.mbrace.or.jp/od2/B/202609/b260930.lzh,2026-09-30T03:27:51.057218+09:00
20260930,04,平和島,12,20260930-04-12,4,3826,村田修次,53,東京,53.0,A2,6.3,47.2,6.12,40.79,34,35.38,13,41.82,S63,7,https://www1.mbrace.or.jp/od2/B/202609/b260930.lzh,2026-09-30T03:27:51.057218+09:00
20260930,04,平和島,12,20260930-04-12,5,3880,浅見宗孝,53,埼玉,54.0,B1,4.25,16.85,4.61,14.63,35,31.43,56,32.76,423,5,https://www1.mbrace.or.jp/od2/B/202609/b260930.lzh,2026-09-30T03:27:51.057218+09:00
20260930,04,平和島,12,20260930-04-12,6,4076,杉田篤光,48,静岡,52.0,B1,4.85,26.72,5.42,29.17,59,25.0,49,24.29,243,4,https://www1.mbrace.or.jp/od2/B/202609/b260930.lzh,2026-09-30T03:27:51.057218+09:00
20260930,03,江戸川,1,20260930-03-01,1,3934,鋤柄貴俊,49,愛知,52.0,B1,5.15,26.72,5.64,39.39,64,45.57,37,27.03,1 265 33,,https://www1.mbrace.or.jp/od2/B/202609/b260930.lzh,2026-09-30T03:27:51.057218+09:00
20260930,03,江戸川,1,20260930-03-01,2,4201,佐竹友樹,44,埼玉,53.0,B1,4.33,21.37,4.07,19.3,33,31.94,28,41.1,451 246,10,https://www1.mbrace.or.jp/od2/B/202609/b260930.lzh,2026-09-30T03:27:51.057218+09:00
20260930,03,江戸川,1,20260930-03-01,3,5093,浦野海,24,福岡,56.0,B2,3.17,9.86,5.2,40.0,30,51.43,51,28.77,516 512,8,https://www1.mbrace.or.jp/od2/B/202609/b260930.lzh,2026-09-30T03:27:51.057218+09:00
20260930,03,江戸川,1,20260930-03-01,4,4952,吉武真也,32,福岡,54.0,B1,4.17,20.69,4.26,22.22,21,25.76,38,24.64,455 255,6,https://www1.mbrace.or.jp/od2/B/202609/b260930.lzh,2026-09-30T03:27:51.057218+09:00
20260930,03,江戸川,1,20260930-03-01,5,5424,熊倉幹太,24,東京,54.0,B2,1.5,1.72,1.5,0.0,28,39.73,10,41.43,625 616,5,https://www1.mbrace.or.jp/od2/B/202609/b260930.lzh,2026-09-30T03:27:51.057218+09:00
20260930,03,江戸川,1,20260930-03-01,6,4873,蒲原健太,32,佐賀,53.0,B1,4.93,30.83,2.83,16.67,20,33.78,55,44.12,356 564,7,https://www1.mbrace.or.jp/od2/B/202609/b260930.lzh,2026-09-30T03:27:51.057218+09:00
20260930,03,江戸川,2,20260930-03-02,1,4957,竹之内極,31,福岡,58.0,B1,5.41,34.26,6.3,54.35,19,25.0,14,24.66,632 131,12,https://www1.mbrace.or.jp/od2/B/202609/b260930.lzh,2026-09-30T03:27:51.057218+09:00
20260930,03,江戸川,2,20260930-03-02,2,4875,大塚康雅,32,東京,51.0,B1,5.48,37.14,5.21,34.82,12,38.16,27,51.9,124 556,9,https://www1.mbrace.or.jp/od2/B/202609/b260930.lzh,2026-09-30T03:27:51.057218+09:00
20260930,03,江戸川,2,20260930-03-02,3,4565,西村豪洋,38,愛知,55.0,B1,4.16,16.35,2.67,0.0,29,21.79,45,28.77,652 435,8,https://www1.mbrace.or.jp/od2/B/202609/b260930.lzh,2026-09-30T03:27:51.057218+09:00
20260930,03,江戸川,2,20260930-03-02,4,3907,村越篤,48,香川,55.0,B1,5.16,33.33,5.43,33.33,50,23.68,68,30.77,1 146 11,11,https://www1.mbrace.or.jp/od2/B/202609/b260930.lzh,2026-09-30T03:27:51.057218+09:00
20260930,03,江戸川,2,20260930-03-02,5,4023,柴田友和,49,福岡,53.0,B1,3.67,16.85,4.67,20.63,54,23.29,52,30.67,3 246 65,,https://www1.mbrace.or.jp/od2/B/202609/b260930.lzh,2026-09-30T03:27:51.057218+09:00
20260930,03,江戸川,2,20260930-03-02,6,4540,相原利章,39,東京,53.0,A2,5.14,28.97,6.0,30.0,37,39.47,57,28.57,63552 34,,https://www1.mbrace.or.jp/od2/B/202609/b260930.lzh,2026-09-30T03:27:51.057218+09:00
20260930,03,江戸川,3,20260930-03-03,1,5212,西川拓利,27,福岡,56.0,A2,6.21,45.97,5.46,32.69,43,33.33,23,18.84,2 333 31,11,https://www1.mbrace.or.jp/od2/B/202609/b260930.lzh,2026-09-30T03:27:51.057218+09:00
20260930,03,江戸川,3,20260930-03-03,2,3503,堂原洋史,56,埼玉,51.0,B1,3.7,17.0,4.8,24.62,57,45.21,60,37.04,2 263 63,,https://www1.mbrace.or.jp/od2/B/202609/b260930.lzh,2026-09-30T03:27:51.057218+09:00
20260930,03,江戸川,3,20260930-03-03,3,4377,濱本優一,42,大阪,50.0,A1,5.43,35.77,6.61,50.0,27,35.14,56,38.03,342 51S,9,https://www1.mbrace.or.jp/od2/B/202609/b260930.lzh,2026-09-30T03:27:51.057218+09:00
20260930,03,江戸川,3,20260930-03-03,4,5244,黒田剛,26,福岡,52.0,B1,4.03,20.0,4.05,16.67,22,31.58,34,28.38,565 464,8,https://www1.mbrace.or.jp/od2/B/202609/b260930.lzh,2026-09-30T03:27:51.057218+09:00
20260930,03,江戸川,3,20260930-03-03,5,4231,鈴木裕隆,43,愛知,55.0,B1,5.39,34.43,6.07,44.83,47,18.92,40,40.0,6 356 45,,https://www1.mbrace.or.jp/od2/B/202609/b260930.lzh,2026-09-30T03:27:51.057218+09:00
20260930,03,江戸川,3,20260930-03-03,6,5404,内田壮,22,山口,55.0,B1,2.25,3.61,0.0,0.0,18,31.94,64,45.95,666 662,7,https://www1.mbrace.or.jp/od2/B/202609/b260930.lzh,2026-09-30T03:27:51.057218+09:00
20260930,03,江戸川,4,20260930-03-04,1,3508,久富政弘,55,佐賀,54.0,A2,5.0,28.85,4.45,27.27,16,33.8,29,39.47,162 354,8,https://www1.mbrace.or.jp/od2/B/202609/b260930.lzh,2026-09-30T03:27:51.057218+09:00
20260930,03,江戸川,4,20260930-03-04,2,4440,萩原知哉,40,東京,55.0,B1,4.6,29.03,5.1,27.59,35,30.56,32,43.06,445 3225,,https://www1.mbrace.or.jp/od2/B/202609/b260930.lzh,2026-09-30T03:27:51.057218+09:00
20260930,03,江戸川,4,20260930-03-04,3,5328,井上慧人,22,福岡,53.0,B1,4.35,21.28,3.83,16.67,24,30.77,11,17.81,246 166,10,https://www1.mbrace.or.jp/od2/B/202609/b260930.lzh,2026-09-30T03:27:51.057218+09:00
20260930,03,江戸川,4,20260930-03-04,4,3911,鈴木猛,52,東京,54.0,B1,4.72,25.64,5.13,30.28,38,36.99,24,31.25,1 112 45,12,https://www1.mbrace.or.jp/od2/B/202609/b260930.lzh,2026-09-30T03:27:51.057218+09:00
20260930,03,江戸川,4,20260930-03-04,5,4724,吉田祐貴,40,佐賀,55.0,B1,3.6,9.33,3.77,13.64,26,31.58,54,27.03,434 541,9,https://www1.mbrace.or.jp/od2/B/202609/b260930.lzh,2026-09-30T03:27:51.057218+09:00
20260930,03,江戸川,4,20260930-03-04,6,4364,池永太,41,福岡,54.0,A1,6.03,41.96,6.58,45.0,17,35.62,62,32.47,211 132,11,https://www1.mbrace.or.jp/od2/B/202609/b260930.lzh,2026-09-30T03:27:51.057218+09:00
20260930,03,江戸川,5,20260930-03-05,1,3482,金子猛志,55,群馬,61.0,B1,4.81,29.17,5.62,35.63,59,33.78,12,35.06,2 622 23,,https://www1.mbrace.or.jp/od2/B/202609/b260930.lzh,2026-09-30T03:27:51.057218+09:00
20260930,03,江戸川,5,20260930-03-05,2,4035,杉江浩明,47,愛知,52.0,B1,3.54,20.56,3.3,10.0,49,38.46,41,40.0,1 364 25,,https://www1.mbrace.or.jp/od2/B/202609/b260930.lzh,2026-09-30T03:27:51.057218+09:00
20260930,03,江戸川,5,20260930-03-05,3,4934,佐々木翔,30,大阪,55.0,A2,5.4,34.65,6.24,35.29,31,39.13,66,30.67,313 223,12,https://www1.mbrace.or.jp/od2/B/202609/b260930.lzh,2026-09-30T03:27:51.057218+09:00
20260930,03,江戸川,5,20260930-03-05,4,5172,田村慶,25,徳島,53.0,B1,4.99,34.0,5.7,40.0,25,42.47,58,18.06,535 365,9,https://www1.mbrace.or.jp/od2/B/202609/b260930.lzh,2026-09-30T03:27:51.057218+09:00
20260930,03,江戸川,5,20260930-03-05,5,4644,山田亮太,47,東京,52.0,A1,6.64,48.89,5.99,38.61,53,33.78,61,44.0,3 412 31,11,https://www1.mbrace.or.jp/od2/B/202609/b260930.lzh,2026-09-30T03:27:51.057218+09:00
20260930,03,江戸川,5,20260930-03-05,6,5424,熊倉幹太,24,東京,54.0,B2,1.5,1.72,1.5,0.0,28,39.73,10,41.43,625 616,1,https://www1.mbrace.or.jp/od2/B/202609/b260930.lzh,2026-09-30T03:27:51.057218+09:00
20260930,03,江戸川,6,20260930-03-06,1,4259,真庭明志,42,長崎,53.0,A2,5.63,34.81,7.3,60.0,61,29.73,48,29.49,1 451 23,,https://www1.mbrace.or.jp/od2/B/202609/b260930.lzh,2026-09-30T03:27:51.057218+09:00
20260930,03,江戸川,6,20260930-03-06,2,5035,櫻井優,28,埼玉,53.0,A2,5.4,37.19,5.56,22.22,70,20.0,53,47.89,2 24232,11,https://www1.mbrace.or.jp/od2/B/202609/b260930.lzh,2026-09-30T03:27:51.057218+09:00
20260930,03,江戸川,6,20260930-03-06,3,4728,山口亮,38,東京,54.0,B1,4.66,27.71,4.94,30.49,41,29.58,39,47.95,6 643 15,,https://www1.mbrace.or.jp/od2/B/202609/b260930.lzh,2026-09-30T03:27:51.057218+09:00
20260930,03,江戸川,6,20260930-03-06,4,3906,飯山晃三,48,長崎,64.0,B1,3.66,20.43,3.08,19.23,60,25.0,20,19.72,5 364 64,,https://www1.mbrace.or.jp/od2/B/202609/b260930.lzh,2026-09-30T03:27:51.057218+09:00
20260930,03,江戸川,6,20260930-03-06,5,4508,野間大樹,38,大阪,53.0,A2,4.92,27.78,5.1,40.0,32,38.46,65,24.24,331 142,12,https://www1.mbrace.or.jp/od2/B/202609/b260930.lzh,2026-09-30T03:27:51.057218+09:00
20260930,03,江戸川,6,20260930-03-06,6,4952,吉武真也,32,福岡,54.0,B1,4.17,20.69,4.26,22.22,21,25.76,38,24.64,455 255,1,https://www1.mbrace.or.jp/od2/B/202609/b260930.lzh,2026-09-30T03:27:51.057218+09:00
20260930,03,江戸川,7,20260930-03-07,1,5303,土井歩夢,23,福岡,52.0,A2,5.98,37.5,4.79,24.24,40,20.83,18,29.73,1 524 14,,https://www1.mbrace.or.jp/od2/B/202609/b260930.lzh,2026-09-30T03:27:51.057218+09:00
20260930,03,江戸川,7,20260930-03-07,2,4615,板倉敦史,46,東京,52.0,B1,4.66,25.58,4.69,21.13,39,22.39,13,41.33,4 135 54,,https://www1.mbrace.or.jp/od2/B/202609/b260930.lzh,2026-09-30T03:27:51.057218+09:00
20260930,03,江戸川,7,20260930-03-07,3,5219,森口和紀,25,福岡,52.0,B1,5.42,39.42,4.13,18.75,15,30.77,30,32.0,441 113,11,https://www1.mbrace.or.jp/od2/B/202609/b260930.lzh,2026-09-30T03:27:51.057218+09:00
20260930,03,江戸川,7,20260930-03-07,4,4873,蒲原健太,32,佐賀,53.0,B1,4.93,30.83,2.83,16.67,20,33.78,55,44.12,356 564,1,https://www1.mbrace.or.jp/od2/B/202609/b260930.lzh,2026-09-30T03:27:51.057218+09:00
20260930,03,江戸川,7,20260930-03-07,5,5404,内田壮,22,山口,55.0,B1,2.25,3.61,0.0,0.0,18,31.94,64,45.95,666 662,3,https://www1.mbrace.or.jp/od2/B/202609/b260930.lzh,2026-09-30T03:27:51.057218+09:00
20260930,03,江戸川,7,20260930-03-07,6,4748,渡邉雄朗,40,東京,53.0,A1,6.21,46.15,6.62,46.67,52,40.85,46,30.77,2 113 21,12,https://www1.mbrace.or.jp/od2/B/202609/b260930.lzh,2026-09-30T03:27:51.057218+09:00
20260930,03,江戸川,8,20260930-03-08,1,5093,浦野海,24,福岡,56.0,B2,3.17,9.86,5.2,40.0,30,51.43,51,28.77,516 512,1,https://www1.mbrace.or.jp/od2/B/202609/b260930.lzh,2026-09-30T03:27:51.057218+09:00
20260930,03,江戸川,8,20260930-03-08,2,4685,島村隆幸,35,徳島,52.0,A1,7.24,53.77,7.38,62.5,48,33.78,17,35.21,5 441 12,12,https://www1.mbrace.or.jp/od2/B/202609/b260930.lzh,2026-09-30T03:27:51.057218+09:00
20260930,03,江戸川,8,20260930-03-08,3,4550,石岡将太,37,群馬,58.0,A2,4.87,23.58,5.48,44.78,51,28.0,25,30.77,4 325 46,,https://www1.mbrace.or.jp/od2/B/202609/b260930.lzh,2026-09-30T03:27:51.057218+09:00
20260930,03,江戸川,8,20260930-03-08,4,3508,久富政弘,55,佐賀,54.0,A2,5.0,28.85,4.45,27.27,16,33.8,29,39.47,162 354,4,https://www1.mbrace.or.jp/od2/B/202609/b260930.lzh,2026-09-30T03:27:51.057218+09:00
20260930,03,江戸川,8,20260930-03-08,5,4565,西村豪洋,38,愛知,55.0,B1,4.16,16.35,2.67,0.0,29,21.79,45,28.77,652 435,2,https://www1.mbrace.or.jp/od2/B/202609/b260930.lzh,2026-09-30T03:27:51.057218+09:00
20260930,03,江戸川,8,20260930-03-08,6,5244,黒田剛,26,福岡,52.0,B1,4.03,20.0,4.05,16.67,22,31.58,34,28.38,565 464,3,https://www1.mbrace.or.jp/od2/B/202609/b260930.lzh,2026-09-30T03:27:51.057218+09:00
20260930,03,江戸川,9,20260930-03-09,1,5004,河野主樹,30,大阪,52.0,A2,5.82,38.17,5.03,35.29,62,41.56,31,30.56,2 234 41,,https://www1.mbrace.or.jp/od2/B/202609/b260930.lzh,2026-09-30T03:27:51.057218+09:00
20260930,03,江戸川,9,20260930-03-09,2,4724,吉田祐貴,40,佐賀,55.0,B1,3.6,9.33,3.77,13.64,26,31.58,54,27.03,434 541,4,https://www1.mbrace.or.jp/od2/B/202609/b260930.lzh,2026-09-30T03:27:51.057218+09:00
20260930,03,江戸川,9,20260930-03-09,3,4875,大塚康雅,32,東京,51.0,B1,5.48,37.14,5.21,34.82,12,38.16,27,51.9,124 556,2,https://www1.mbrace.or.jp/od2/B/202609/b260930.lzh,2026-09-30T03:27:51.057218+09:00
20260930,03,江戸川,9,20260930-03-09,4,5073,上原健次,31,福岡,54.0,A2,5.32,31.2,5.03,28.21,56,49.37,43,35.82,1 354 5S,,https://www1.mbrace.or.jp/od2/B/202609/b260930.lzh,2026-09-30T03:27:51.057218+09:00
20260930,03,江戸川,9,20260930-03-09,5,4377,濱本優一,42,大阪,50.0,A1,5.43,35.77,6.61,50.0,27,35.14,56,38.03,342 51S,3,https://www1.mbrace.or.jp/od2/B/202609/b260930.lzh,2026-09-30T03:27:51.057218+09:00
20260930,03,江戸川,9,20260930-03-09,6,5172,田村慶,25,徳島,53.0,B1,4.99,34.0,5.7,40.0,25,42.47,58,18.06,535 365,5,https://www1.mbrace.or.jp/od2/B/202609/b260930.lzh,2026-09-30T03:27:51.057218+09:00
20260930,03,江戸川,10,20260930-03-10,1,4637,中田友也,36,埼玉,58.0,A2,5.64,38.57,5.0,22.22,10,35.21,49,45.95,2 45351,,https://www1.mbrace.or.jp/od2/B/202609/b260930.lzh,2026-09-30T03:27:51.057218+09:00
20260930,03,江戸川,10,20260930-03-10,2,5032,谷口知優,28,香川,54.0,A2,5.0,31.45,6.75,50.0,36,46.67,26,34.67,343 2266,,https://www1.mbrace.or.jp/od2/B/202609/b260930.lzh,2026-09-30T03:27:51.057218+09:00
20260930,03,江戸川,10,20260930-03-10,3,4201,佐竹友樹,44,埼玉,53.0,B1,4.33,21.37,4.07,19.3,33,31.94,28,41.1,451 246,1,https://www1.mbrace.or.jp/od2/B/202609/b260930.lzh,2026-09-30T03:27:51.057218+09:00
20260930,03,江戸川,10,20260930-03-10,4,4568,廣瀬真也,38,東京,51.0,B1,5.41,33.64,5.88,43.33,34,47.44,22,28.0,254 1453,,https://www1.mbrace.or.jp/od2/B/202609/b260930.lzh,2026-09-30T03:27:51.057218+09:00
20260930,03,江戸川,10,20260930-03-10,5,5328,井上慧人,22,福岡,53.0,B1,4.35,21.28,3.83,16.67,24,30.77,11,17.81,246 166,4,https://www1.mbrace.or.jp/od2/B/202609/b260930.lzh,2026-09-30T03:27:51.057218+09:00
20260930,03,江戸川,10,20260930-03-10,6,4610,佐藤大佑,36,東京,54.0,A1,6.12,45.69,6.01,41.72,65,41.33,15,32.43,6 13664,,https://www1.mbrace.or.jp/od2/B/202609/b260930.lzh,2026-09-30T03:27:51.057218+09:00
20260930,03,江戸川,11,20260930-03-11,1,4364,池永太,41,福岡,54.0,A1,6.03,41.96,6.58,45.0,17,35.62,62,32.47,211 132,4,https://www1.mbrace.or.jp/od2/B/202609/b260930.lzh,2026-09-30T03:27:51.057218+09:00
20260930,03,江戸川,11,20260930-03-11,2,4644,山田亮太,47,東京,52.0,A1,6.64,48.89,5.99,38.61,53,33.78,61,44.0,3 412 31,5,https://www1.mbrace.or.jp/od2/B/202609/b260930.lzh,2026-09-30T03:27:51.057218+09:00
20260930,03,江戸川,11,20260930-03-11,3,3907,村越篤,48,香川,55.0,B1,5.16,33.33,5.43,33.33,50,23.68,68,30.77,1 146 11,2,https://www1.mbrace.or.jp/od2/B/202609/b260930.lzh,2026-09-30T03:27:51.057218+09:00
20260930,03,江戸川,11,20260930-03-11,4,5219,森口和紀,25,福岡,52.0,B1,5.42,39.42,4.13,18.75,15,30.77,30,32.0,441 113,7,https://www1.mbrace.or.jp/od2/B/202609/b260930.lzh,2026-09-30T03:27:51.057218+09:00
20260930,03,江戸川,11,20260930-03-11,5,5035,櫻井優,28,埼玉,53.0,A2,5.4,37.19,5.56,22.22,70,20.0,53,47.89,2 24232,6,https://www1.mbrace.or.jp/od2/B/202609/b260930.lzh,2026-09-30T03:27:51.057218+09:00
20260930,03,江戸川,11,20260930-03-11,6,5212,西川拓利,27,福岡,56.0,A2,6.21,45.97,5.46,32.69,43,33.33,23,18.84,2 333 31,3,https://www1.mbrace.or.jp/od2/B/202609/b260930.lzh,2026-09-30T03:27:51.057218+09:00
20260930,03,江戸川,12,20260930-03-12,1,4748,渡邉雄朗,40,東京,53.0,A1,6.21,46.15,6.62,46.67,52,40.85,46,30.77,2 113 21,7,https://www1.mbrace.or.jp/od2/B/202609/b260930.lzh,2026-09-30T03:27:51.057218+09:00
20260930,03,江戸川,12,20260930-03-12,2,4508,野間大樹,38,大阪,53.0,A2,4.92,27.78,5.1,40.0,32,38.46,65,24.24,331 142,6,https://www1.mbrace.or.jp/od2/B/202609/b260930.lzh,2026-09-30T03:27:51.057218+09:00
20260930,03,江戸川,12,20260930-03-12,3,3911,鈴木猛,52,東京,54.0,B1,4.72,25.64,5.13,30.28,38,36.99,24,31.25,1 112 45,4,https://www1.mbrace.or.jp/od2/B/202609/b260930.lzh,2026-09-30T03:27:51.057218+09:00
20260930,03,江戸川,12,20260930-03-12,4,4934,佐々木翔,30,大阪,55.0,A2,5.4,34.65,6.24,35.29,31,39.13,66,30.67,313 223,5,https://www1.mbrace.or.jp/od2/B/202609/b260930.lzh,2026-09-30T03:27:51.057218+09:00
20260930,03,江戸川,12,20260930-03-12,5,4685,島村隆幸,35,徳島,52.0,A1,7.24,53.77,7.38,62.5,48,33.78,17,35.21,5 441 12,8,https://www1.mbrace.or.jp/od2/B/202609/b260930.lzh,2026-09-30T03:27:51.057218+09:00
20260930,03,江戸川,12,20260930-03-12,6,4957,竹之内極,31,福岡,58.0,B1,5.41,34.26,6.3,54.35,19,25.0,14,24.66,632 131,2,https://www1.mbrace.or.jp/od2/B/202609/b260930.lzh,2026-09-30T03:27:51.057218+09:00
20260930,02,戸田,1,20260930-02-01,1,3381,滝沢芳行,58,埼玉,54.0,B1,5.07,30.43,5.93,41.04,23,29.63,75,5.0,3 53155,6,https://www1.mbrace.or.jp/od2/B/202609/b260930.lzh,2026-09-30T03:27:51.057218+09:00
20260930,02,戸田,1,20260930-02-01,2,3463,乙津康志,59,東京,52.0,B1,4.39,22.68,4.35,23.53,7,26.67,32,51.52,543 355,5,https://www1.mbrace.or.jp/od2/B/202609/b260930.lzh,2026-09-30T03:27:51.057218+09:00
20260930,02,戸田,1,20260930-02-01,3,4183,宇野弥生,40,愛知,47.0,B1,4.77,34.62,6.63,52.5,8,42.5,37,51.43,426 466,8,https://www1.mbrace.or.jp/od2/B/202609/b260930.lzh,2026-09-30T03:27:51.057218+09:00
20260930,02,戸田,1,20260930-02-01,4,4145,小澤学,44,東京,53.0,B1,3.99,15.38,4.36,13.33,10,30.0,48,28.57,3 244242,,https://www1.mbrace.or.jp/od2/B/202609/b260930.lzh,2026-09-30T03:27:51.057218+09:00
20260930,02,戸田,1,20260930-02-01,5,5433,米本圭佑,21,東京,52.0,B2,2.15,2.7,2.36,7.14,35,32.26,22,43.33,5 665 45,7,https://www1.mbrace.or.jp/od2/B/202609/b260930.lzh,2026-09-30T03:27:51.057218+09:00
20260930,02,戸田,1,20260930-02-01,6,4340,土性雅也,42,三重,55.0,B2,3.35,15.38,0.0,0.0,26,32.35,12,26.92,6 634 13,5,https://www1.mbrace.or.jp/od2/B/202609/b260930.lzh,2026-09-30T03:27:51.057218+09:00
20260930,02,戸田,2,20260930-02-02,1,3748,小黒竜吾,51,埼玉,58.0,B1,4.05,13.16,4.33,18.6,27,41.38,19,22.22,4 14354,6,https://www1.mbrace.or.jp/od2/B/202609/b260930.lzh,2026-09-30T03:27:51.057218+09:00
20260930,02,戸田,2,20260930-02-02,2,3800,牧宏次,52,東京,52.0,A2,5.56,34.04,4.13,21.74,29,31.43,67,26.09,3 155161,10,https://www1.mbrace.or.jp/od2/B/202609/b260930.lzh,2026-09-30T03:27:51.057218+09:00
20260930,02,戸田,2,20260930-02-02,3,3277,齋藤勇,60,東京,51.0,B1,4.52,23.91,2.33,0.0,31,25.81,31,17.24,251 545,7,https://www1.mbrace.or.jp/od2/B/202609/b260930.lzh,2026-09-30T03:27:51.057218+09:00
20260930,02,戸田,2,20260930-02-02,4,3801,五反田忍,52,大阪,51.0,B1,4.12,23.29,3.76,28.57,49,37.5,64,21.43,6 566 26,8,https://www1.mbrace.or.jp/od2/B/202609/b260930.lzh,2026-09-30T03:27:51.057218+09:00
20260930,02,戸田,2,20260930-02-02,5,5096,上原崚,31,東京,52.0,A2,5.95,37.1,4.93,35.71,43,53.85,61,25.0,5 312324,10,https://www1.mbrace.or.jp/od2/B/202609/b260930.lzh,2026-09-30T03:27:51.057218+09:00
20260930,02,戸田,2,20260930-02-02,6,5203,神里琴音,22,福岡,44.0,B1,5.17,28.89,5.39,38.89,33,27.59,54,24.0,242 543,8,https://www1.mbrace.or.jp/od2/B/202609/b260930.lzh,2026-09-30T03:27:51.057218+09:00
20260930,02,戸田,3,20260930-02-03,1,5258,仲本舜,21,福岡,54.0,B1,3.84,19.75,3.0,0.0,60,39.39,76,28.57,455 2 13,7,https://www1.mbrace.or.jp/od2/B/202609/b260930.lzh,2026-09-30T03:27:51.057218+09:00
20260930,02,戸田,3,20260930-02-03,2,4462,夏山亮平,40,大阪,56.0,B1,4.65,28.21,4.24,20.59,9,24.14,16,26.67,664 1 55,7,https://www1.mbrace.or.jp/od2/B/202609/b260930.lzh,2026-09-30T03:27:51.057218+09:00
20260930,02,戸田,3,20260930-02-03,3,5002,上田健太,30,愛知,51.0,A2,5.5,33.96,5.5,33.33,16,23.33,34,38.24,5 522141,10,https://www1.mbrace.or.jp/od2/B/202609/b260930.lzh,2026-09-30T03:27:51.057218+09:00
20260930,02,戸田,3,20260930-02-03,4,3661,柳瀬興志,57,山口,59.0,A2,4.39,24.55,4.85,25.93,40,21.88,63,39.39,345 4354,,https://www1.mbrace.or.jp/od2/B/202609/b260930.lzh,2026-09-30T03:27:51.057218+09:00
20260930,02,戸田,3,20260930-02-03,5,5389,恵良琴美,19,福岡,41.0,B1,2.52,2.94,3.0,0.0,13,38.71,66,20.69,6 52666,8,https://www1.mbrace.or.jp/od2/B/202609/b260930.lzh,2026-09-30T03:27:51.057218+09:00
20260930,02,戸田,3,20260930-02-03,6,2538,高橋二朗,77,東京,52.0,B1,3.15,5.15,3.13,12.5,25,24.0,36,39.29,5 355 55,9,https://www1.mbrace.or.jp/od2/B/202609/b260930.lzh,2026-09-30T03:27:51.057218+09:00
20260930,02,戸田,4,20260930-02-04,1,5003,来田衣織,30,兵庫,46.0,B1,5.05,36.54,4.96,29.17,6,36.0,74,39.39,333 614,8,https://www1.mbrace.or.jp/od2/B/202609/b260930.lzh,2026-09-30T03:27:51.057218+09:00
20260930,02,戸田,4,20260930-02-04,2,4640,山ノ内雅,35,福岡,53.0,A2,5.77,36.84,6.39,35.48,12,34.15,73,35.71,314 2532,11,https://www1.mbrace.or.jp/od2/B/202609/b260930.lzh,2026-09-30T03:27:51.057218+09:00
20260930,02,戸田,4,20260930-02-04,3,4982,中村将隆,30,兵庫,56.0,B1,4.9,27.85,6.29,57.14,34,41.94,69,26.67,462 433,9,https://www1.mbrace.or.jp/od2/B/202609/b260930.lzh,2026-09-30T03:27:51.057218+09:00
20260930,02,戸田,4,20260930-02-04,4,5226,藤田俊祐,24,東京,52.0,B1,5.72,34.18,5.38,35.14,36,42.11,55,16.0,123 3426,10,https://www1.mbrace.or.jp/od2/B/202609/b260930.lzh,2026-09-30T03:27:51.057218+09:00
20260930,02,戸田,4,20260930-02-04,5,4832,権藤俊光,39,大阪,52.0,A1,6.79,48.94,4.5,25.0,15,55.0,23,33.33,1413352,9,https://www1.mbrace.or.jp/od2/B/202609/b260930.lzh,2026-09-30T03:27:51.057218+09:00
20260930,02,戸田,4,20260930-02-04,6,5445,一ノ木匠,24,三重,51.0,B2,1.58,0.0,0.0,0.0,17,25.0,77,48.28,6 466 66,,https://www1.mbrace.or.jp/od2/B/202609/b260930.lzh,2026-09-30T03:27:51.057218+09:00
20260930,02,戸田,5,20260930-02-05,1,3747,國崎良春,51,福岡,54.0,A2,5.83,39.58,6.43,71.43,28,6.9,72,35.48,46646 23,9,https://www1.mbrace.or.jp/od2/B/202609/b260930.lzh,2026-09-30T03:27:51.057218+09:00
20260930,02,戸田,5,20260930-02-05,2,4340,土性雅也,42,三重,55.0,B2,3.35,15.38,0.0,0.0,26,32.35,12,26.92,6 634 13,1,https://www1.mbrace.or.jp/od2/B/202609/b260930.lzh,2026-09-30T03:27:51.057218+09:00
20260930,02,戸田,5,20260930-02-05,3,3463,乙津康志,59,東京,52.0,B1,4.39,22.68,4.35,23.53,7,26.67,32,51.52,543 355,1,https://www1.mbrace.or.jp/od2/B/202609/b260930.lzh,2026-09-30T03:27:51.057218+09:00
20260930,02,戸田,5,20260930-02-05,4,4526,池田雄祐,38,愛知,51.0,A2,5.04,28.38,5.88,53.13,18,50.0,27,24.0,4 121436,11,https://www1.mbrace.or.jp/od2/B/202609/b260930.lzh,2026-09-30T03:27:51.057218+09:00
20260930,02,戸田,5,20260930-02-05,5,3857,阿波勝哉,53,東京,54.0,B1,4.94,29.7,4.18,23.53,4,46.67,24,32.26,156 4 26,9,https://www1.mbrace.or.jp/od2/B/202609/b260930.lzh,2026-09-30T03:27:51.057218+09:00
20260930,02,戸田,5,20260930-02-05,6,3539,金子順一,58,山口,52.0,B1,4.37,21.5,3.67,11.11,5,33.33,45,35.71,264 546,,https://www1.mbrace.or.jp/od2/B/202609/b260930.lzh,2026-09-30T03:27:51.057218+09:00
20260930,02,戸田,6,20260930-02-06,1,4906,鈴木雅希,31,東京,53.0,A2,5.59,36.94,5.2,30.0,32,43.75,52,24.0,231 5211,11,https://www1.mbrace.or.jp/od2/B/202609/b260930.lzh,2026-09-30T03:27:51.057218+09:00
20260930,02,戸田,6,20260930-02-06,2,4587,木田峰由,35,福井,55.0,A1,5.86,44.34,4.88,23.53,20,30.0,25,29.03,6631161,10,https://www1.mbrace.or.jp/od2/B/202609/b260930.lzh,2026-09-30T03:27:51.057218+09:00
20260930,02,戸田,6,20260930-02-06,3,3381,滝沢芳行,58,埼玉,54.0,B1,5.07,30.43,5.93,41.04,23,29.63,75,5.0,3 53155,1,https://www1.mbrace.or.jp/od2/B/202609/b260930.lzh,2026-09-30T03:27:51.057218+09:00
20260930,02,戸田,6,20260930-02-06,4,5277,井上未都,24,福岡,46.0,B1,4.82,24.73,4.11,22.22,24,25.0,56,26.67,212 1345,10,https://www1.mbrace.or.jp/od2/B/202609/b260930.lzh,2026-09-30T03:27:51.057218+09:00
20260930,02,戸田,6,20260930-02-06,5,4524,深谷知博,38,静岡,52.0,A1,6.59,35.56,7.24,35.29,38,11.11,11,45.45,1132S214,11,https://www1.mbrace.or.jp/od2/B/202609/b260930.lzh,2026-09-30T03:27:51.057218+09:00
20260930,02,戸田,6,20260930-02-06,6,3748,小黒竜吾,51,埼玉,58.0,B1,4.05,13.16,4.33,18.6,27,41.38,19,22.22,4 14354,2,https://www1.mbrace.or.jp/od2/B/202609/b260930.lzh,2026-09-30T03:27:51.057218+09:00
20260930,02,戸田,7,20260930-02-07,1,4734,安河内将,36,佐賀,53.0,A1,7.05,51.72,6.06,37.5,21,54.84,18,33.33,5544132,11,https://www1.mbrace.or.jp/od2/B/202609/b260930.lzh,2026-09-30T03:27:51.057218+09:00
20260930,02,戸田,7,20260930-02-07,2,3277,齋藤勇,60,東京,51.0,B1,4.52,23.91,2.33,0.0,31,25.81,31,17.24,251 545,2,https://www1.mbrace.or.jp/od2/B/202609/b260930.lzh,2026-09-30T03:27:51.057218+09:00
20260930,02,戸田,7,20260930-02-07,3,5258,仲本舜,21,福岡,54.0,B1,3.84,19.75,3.0,0.0,60,39.39,76,28.57,455 2 13,3,https://www1.mbrace.or.jp/od2/B/202609/b260930.lzh,2026-09-30T03:27:51.057218+09:00
20260930,02,戸田,7,20260930-02-07,4,3873,別府昌樹,50,広島,54.0,B1,5.13,30.59,5.33,41.67,19,20.0,38,28.57,12151 25,11,https://www1.mbrace.or.jp/od2/B/202609/b260930.lzh,2026-09-30T03:27:51.057218+09:00
20260930,02,戸田,7,20260930-02-07,5,4462,夏山亮平,40,大阪,56.0,B1,4.65,28.21,4.24,20.59,9,24.14,16,26.67,664 1 55,3,https://www1.mbrace.or.jp/od2/B/202609/b260930.lzh,2026-09-30T03:27:51.057218+09:00
20260930,02,戸田,7,20260930-02-07,6,5433,米本圭佑,21,東京,52.0,B2,2.15,2.7,2.36,7.14,35,32.26,22,43.33,5 665 45,1,https://www1.mbrace.or.jp/od2/B/202609/b260930.lzh,2026-09-30T03:27:51.057218+09:00
20260930,02,戸田,8,20260930-02-08,1,5203,神里琴音,22,福岡,44.0,B1,5.17,28.89,5.39,38.89,33,27.59,54,24.0,242 543,2,https://www1.mbrace.or.jp/od2/B/202609/b260930.lzh,2026-09-30T03:27:51.057218+09:00
20260930,02,戸田,8,20260930-02-08,2,4183,宇野弥生,40,愛知,47.0,B1,4.77,34.62,6.63,52.5,8,42.5,37,51.43,426 466,1,https://www1.mbrace.or.jp/od2/B/202609/b260930.lzh,2026-09-30T03:27:51.057218+09:00
20260930,02,戸田,8,20260930-02-08,3,3801,五反田忍,52,大阪,51.0,B1,4.12,23.29,3.76,28.57,49,37.5,64,21.43,6 566 26,2,https://www1.mbrace.or.jp/od2/B/202609/b260930.lzh,2026-09-30T03:27:51.057218+09:00
20260930,02,戸田,8,20260930-02-08,4,5389,恵良琴美,19,福岡,41.0,B1,2.52,2.94,3.0,0.0,13,38.71,66,20.69,6 52666,3,https://www1.mbrace.or.jp/od2/B/202609/b260930.lzh,2026-09-30T03:27:51.057218+09:00
20260930,02,戸田,8,20260930-02-08,5,5003,来田衣織,30,兵庫,46.0,B1,5.05,36.54,4.96,29.17,6,36.0,74,39.39,333 614,4,https://www1.mbrace.or.jp/od2/B/202609/b260930.lzh,2026-09-30T03:27:51.057218+09:00
20260930,02,戸田,8,20260930-02-08,6,5410,今泉澪,21,愛知,49.0,B2,1.76,0.0,0.0,0.0,11,40.0,58,58.06,6 666 54,,https://www1.mbrace.or.jp/od2/B/202609/b260930.lzh,2026-09-30T03:27:51.057218+09:00
20260930,02,戸田,9,20260930-02-09,1,4832,権藤俊光,39,大阪,52.0,A1,6.79,48.94,4.5,25.0,15,55.0,23,33.33,1413352,4,https://www1.mbrace.or.jp/od2/B/202609/b260930.lzh,2026-09-30T03:27:51.057218+09:00
20260930,02,戸田,9,20260930-02-09,2,4982,中村将隆,30,兵庫,56.0,B1,4.9,27.85,6.29,57.14,34,41.94,69,26.67,462 433,4,https://www1.mbrace.or.jp/od2/B/202609/b260930.lzh,2026-09-30T03:27:51.057218+09:00
20260930,02,戸田,9,20260930-02-09,3,2538,高橋二朗,77,東京,52.0,B1,3.15,5.15,3.13,12.5,25,24.0,36,39.29,5 355 55,3,https://www1.mbrace.or.jp/od2/B/202609/b260930.lzh,2026-09-30T03:27:51.057218+09:00
20260930,02,戸田,9,20260930-02-09,4,4466,南佑典,40,三重,52.0,A2,5.71,37.61,5.47,41.18,41,19.23,46,28.57,4 522634,,https://www1.mbrace.or.jp/od2/B/202609/b260930.lzh,2026-09-30T03:27:51.057218+09:00
20260930,02,戸田,9,20260930-02-09,5,3747,國崎良春,51,福岡,54.0,A2,5.83,39.58,6.43,71.43,28,6.9,72,35.48,46646 23,5,https://www1.mbrace.or.jp/od2/B/202609/b260930.lzh,2026-09-30T03:27:51.057218+09:00
20260930,02,戸田,9,20260930-02-09,6,3857,阿波勝哉,53,東京,54.0,B1,4.94,29.7,4.18,23.53,4,46.67,24,32.26,156 4 26,5,https://www1.mbrace.or.jp/od2/B/202609/b260930.lzh,2026-09-30T03:27:51.057218+09:00
20260930,02,戸田,10,20260930-02-10,1,5096,上原崚,31,東京,52.0,A2,5.95,37.1,4.93,35.71,43,53.85,61,25.0,5 312324,2,https://www1.mbrace.or.jp/od2/B/202609/b260930.lzh,2026-09-30T03:27:51.057218+09:00
20260930,02,戸田,10,20260930-02-10,2,5277,井上未都,24,福岡,46.0,B1,4.82,24.73,4.11,22.22,24,25.0,56,26.67,212 1345,6,https://www1.mbrace.or.jp/od2/B/202609/b260930.lzh,2026-09-30T03:27:51.057218+09:00
20260930,02,戸田,10,20260930-02-10,3,5226,藤田俊祐,24,東京,52.0,B1,5.72,34.18,5.38,35.14,36,42.11,55,16.0,123 3426,4,https://www1.mbrace.or.jp/od2/B/202609/b260930.lzh,2026-09-30T03:27:51.057218+09:00
20260930,02,戸田,10,20260930-02-10,4,5002,上田健太,30,愛知,51.0,A2,5.5,33.96,5.5,33.33,16,23.33,34,38.24,5 522141,3,https://www1.mbrace.or.jp/od2/B/202609/b260930.lzh,2026-09-30T03:27:51.057218+09:00
20260930,02,戸田,10,20260930-02-10,5,4587,木田峰由,35,福井,55.0,A1,5.86,44.34,4.88,23.53,20,30.0,25,29.03,6631161,6,https://www1.mbrace.or.jp/od2/B/202609/b260930.lzh,2026-09-30T03:27:51.057218+09:00
20260930,02,戸田,10,20260930-02-10,6,3800,牧宏次,52,東京,52.0,A2,5.56,34.04,4.13,21.74,29,31.43,67,26.09,3 155161,2,https://www1.mbrace.or.jp/od2/B/202609/b260930.lzh,2026-09-30T03:27:51.057218+09:00
20260930,02,戸田,11,20260930-02-11,1,4524,深谷知博,38,静岡,52.0,A1,6.59,35.56,7.24,35.29,38,11.11,11,45.45,1132S214,6,https://www1.mbrace.or.jp/od2/B/202609/b260930.lzh,2026-09-30T03:27:51.057218+09:00
20260930,02,戸田,11,20260930-02-11,2,3873,別府昌樹,50,広島,54.0,B1,5.13,30.59,5.33,41.67,19,20.0,38,28.57,12151 25,7,https://www1.mbrace.or.jp/od2/B/202609/b260930.lzh,2026-09-30T03:27:51.057218+09:00
20260930,02,戸田,11,20260930-02-11,3,4526,池田雄祐,38,愛知,51.0,A2,5.04,28.38,5.88,53.13,18,50.0,27,24.0,4 121436,5,https://www1.mbrace.or.jp/od2/B/202609/b260930.lzh,2026-09-30T03:27:51.057218+09:00
20260930,02,戸田,11,20260930-02-11,4,4906,鈴木雅希,31,東京,53.0,A2,5.59,36.94,5.2,30.0,32,43.75,52,24.0,231 5211,6,https://www1.mbrace.or.jp/od2/B/202609/b260930.lzh,2026-09-30T03:27:51.057218+09:00
20260930,02,戸田,11,20260930-02-11,5,4640,山ノ内雅,35,福岡,53.0,A2,5.77,36.84,6.39,35.48,12,34.15,73,35.71,314 2532,4,https://www1.mbrace.or.jp/od2/B/202609/b260930.lzh,2026-09-30T03:27:51.057218+09:00
20260930,02,戸田,11,20260930-02-11,6,4734,安河内将,36,佐賀,53.0,A1,7.05,51.72,6.06,37.5,21,54.84,18,33.33,5544132,7,https://www1.mbrace.or.jp/od2/B/202609/b260930.lzh,2026-09-30T03:27:51.057218+09:00
20260930,02,戸田,12,20260930-02-12,1,4500,山田康二,38,佐賀,54.0,A1,7.87,55.96,8.23,53.85,14,54.84,59,39.13,23113111,,https://www1.mbrace.or.jp/od2/B/202609/b260930.lzh,2026-09-30T03:27:51.057218+09:00
20260930,02,戸田,12,20260930-02-12,2,5246,楠将太郎,24,埼玉,52.0,A2,4.97,33.33,5.1,36.51,42,32.14,40,32.14,11452 41,,https://www1.mbrace.or.jp/od2/B/202609/b260930.lzh,2026-09-30T03:27:51.057218+09:00
20260930,02,戸田,12,20260930-02-12,3,4012,中村有裕,47,滋賀,55.0,A2,6.4,47.31,5.57,39.13,30,30.0,39,27.27,3 312262,,https://www1.mbrace.or.jp/od2/B/202609/b260930.lzh,2026-09-30T03:27:51.057218+09:00
20260930,02,戸田,12,20260930-02-12,4,4356,長岡良也,42,兵庫,51.0,A2,6.11,43.43,6.96,54.17,3,40.48,60,28.57,11234 32,,https://www1.mbrace.or.jp/od2/B/202609/b260930.lzh,2026-09-30T03:27:51.057218+09:00
20260930,02,戸田,12,20260930-02-12,5,4876,梅木敬太,32,福井,54.0,B1,4.99,30.43,5.22,29.63,37,4.0,41,30.0,232 1663,,https://www1.mbrace.or.jp/od2/B/202609/b260930.lzh,2026-09-30T03:27:51.057218+09:00
20260930,02,戸田,12,20260930-02-12,6,3737,上平真二,52,広島,53.0,A1,6.96,50.5,6.29,41.67,62,25.0,28,51.72,42242313,,https://www1.mbrace.or.jp/od2/B/202609/b260930.lzh,2026-09-30T03:27:51.057218+09:00
