date,venue_code,venue_name,race,race_id,boat,registration_no,racer_name,age,branch,weight_kg,grade,national_win_rate,national_top2_rate,local_win_rate,local_top2_rate,motor_no,motor_top2_rate,boat_no,boat_top2_rate,series_results_raw,early_race_raw,source_url,collected_at
20261011,23,唐津,1,20261011-23-01,1,4434,田中辰彦,40,広島,55.0,A2,6.01,45.05,6.42,47.37,56,12.5,16,43.48,444 12,7,https://www1.mbrace.or.jp/od2/B/202610/b261011.lzh,2026-10-11T04:40:34.312436+09:00
20261011,23,唐津,1,20261011-23-01,2,5347,井澤聖奈,23,愛知,46.0,B2,1.81,1.49,0.0,0.0,2,23.08,28,33.82,5 5665,,https://www1.mbrace.or.jp/od2/B/202610/b261011.lzh,2026-10-11T04:40:34.312436+09:00
20261011,23,唐津,1,20261011-23-01,3,3614,谷勝幸,53,広島,55.0,B1,4.44,22.81,4.0,30.0,50,63.64,6,40.63,56441,8,https://www1.mbrace.or.jp/od2/B/202610/b261011.lzh,2026-10-11T04:40:34.312436+09:00
20261011,23,唐津,1,20261011-23-01,4,3809,吉田光,51,佐賀,51.0,B1,4.6,15.48,5.04,27.59,27,22.22,32,33.85,3 3365,9,https://www1.mbrace.or.jp/od2/B/202610/b261011.lzh,2026-10-11T04:40:34.312436+09:00
20261011,23,唐津,1,20261011-23-01,5,4035,杉江浩明,47,愛知,51.0,B1,3.55,19.8,5.03,40.0,55,22.22,56,33.59,4 4624,8,https://www1.mbrace.or.jp/od2/B/202610/b261011.lzh,2026-10-11T04:40:34.312436+09:00
20261011,23,唐津,1,20261011-23-01,6,4669,井上茂,41,福岡,53.0,B1,4.28,16.13,3.63,12.5,9,25.0,40,27.61,6 335F,,https://www1.mbrace.or.jp/od2/B/202610/b261011.lzh,2026-10-11T04:40:34.312436+09:00
20261011,23,唐津,2,20261011-23-02,1,3554,仲口博崇,54,愛知,53.0,A1,6.46,52.99,7.61,61.11,5,7.14,34,34.71,11K 44,10,https://www1.mbrace.or.jp/od2/B/202610/b261011.lzh,2026-10-11T04:40:34.312436+09:00
20261011,23,唐津,2,20261011-23-02,2,3463,乙津康志,59,東京,52.0,B1,4.05,19.28,0.0,0.0,47,25.0,9,31.2,21542,10,https://www1.mbrace.or.jp/od2/B/202610/b261011.lzh,2026-10-11T04:40:34.312436+09:00
20261011,23,唐津,2,20261011-23-02,3,4342,谷野錬志,42,静岡,54.0,A2,6.87,48.78,0.0,0.0,63,50.0,50,35.61,1 2143,9,https://www1.mbrace.or.jp/od2/B/202610/b261011.lzh,2026-10-11T04:40:34.312436+09:00
20261011,23,唐津,2,20261011-23-02,4,4045,佐々木裕,47,山口,47.0,B1,4.84,31.58,6.25,62.5,6,11.76,45,28.57,216 31,11,https://www1.mbrace.or.jp/od2/B/202610/b261011.lzh,2026-10-11T04:40:34.312436+09:00
20261011,23,唐津,2,20261011-23-02,5,4438,森作雄大,40,東京,53.0,B1,5.26,35.78,6.83,56.52,37,22.22,58,28.35,46651,6,https://www1.mbrace.or.jp/od2/B/202610/b261011.lzh,2026-10-11T04:40:34.312436+09:00
20261011,23,唐津,2,20261011-23-02,6,5428,古園井綾,24,佐賀,50.0,B2,1.0,0.0,1.11,0.0,8,6.25,14,32.85,666 6,6,https://www1.mbrace.or.jp/od2/B/202610/b261011.lzh,2026-10-11T04:40:34.312436+09:00
20261011,23,唐津,3,20261011-23-03,1,4676,後藤隼之,38,東京,58.0,A2,5.03,24.44,4.8,30.0,30,50.0,20,33.85,365 16,,https://www1.mbrace.or.jp/od2/B/202610/b261011.lzh,2026-10-11T04:40:34.312436+09:00
20261011,23,唐津,3,20261011-23-03,2,4943,八木治樹,35,愛知,54.0,B1,4.57,25.3,6.0,40.0,36,25.0,24,34.88,143 32,12,https://www1.mbrace.or.jp/od2/B/202610/b261011.lzh,2026-10-11T04:40:34.312436+09:00
20261011,23,唐津,3,20261011-23-03,3,5053,山口広樹,30,福岡,55.0,B1,3.76,18.99,0.0,0.0,43,33.33,27,28.46,62442,9,https://www1.mbrace.or.jp/od2/B/202610/b261011.lzh,2026-10-11T04:40:34.312436+09:00
20261011,23,唐津,3,20261011-23-03,4,4464,山下友貴,40,静岡,44.0,A1,6.05,44.32,5.1,24.14,64,22.22,36,24.81,221 63,10,https://www1.mbrace.or.jp/od2/B/202610/b261011.lzh,2026-10-11T04:40:34.312436+09:00
20261011,23,唐津,3,20261011-23-03,5,4092,岡部大輔,45,佐賀,53.0,B1,5.19,30.95,5.62,38.58,49,33.33,19,39.53,25311,12,https://www1.mbrace.or.jp/od2/B/202610/b261011.lzh,2026-10-11T04:40:34.312436+09:00
20261011,23,唐津,3,20261011-23-03,6,4440,萩原知哉,40,東京,55.0,B1,4.33,25.0,4.2,30.0,31,33.33,60,30.47,525 35,9,https://www1.mbrace.or.jp/od2/B/202610/b261011.lzh,2026-10-11T04:40:34.312436+09:00
20261011,23,唐津,4,20261011-23-04,1,4257,古川健,42,広島,52.0,B1,5.2,34.15,5.29,31.43,48,38.46,4,23.48,14532,11,https://www1.mbrace.or.jp/od2/B/202610/b261011.lzh,2026-10-11T04:40:34.312436+09:00
20261011,23,唐津,4,20261011-23-04,2,3900,香川素子,49,滋賀,48.0,A2,5.8,39.29,5.71,32.26,51,22.22,30,24.24,5 1631,12,https://www1.mbrace.or.jp/od2/B/202610/b261011.lzh,2026-10-11T04:40:34.312436+09:00
20261011,23,唐津,4,20261011-23-04,3,3539,金子順一,58,山口,52.0,B1,4.25,20.0,4.53,23.53,58,0.0,3,32.8,334 33,8,https://www1.mbrace.or.jp/od2/B/202610/b261011.lzh,2026-10-11T04:40:34.312436+09:00
20261011,23,唐津,4,20261011-23-04,4,4356,長岡良也,42,兵庫,52.0,A2,6.21,43.93,5.61,27.78,11,20.0,22,22.58,12322,10,https://www1.mbrace.or.jp/od2/B/202610/b261011.lzh,2026-10-11T04:40:34.312436+09:00
20261011,23,唐津,4,20261011-23-04,5,5462,山浦槙,19,佐賀,49.0,B2,1.61,0.0,1.82,0.0,59,22.22,46,21.05,6 656,,https://www1.mbrace.or.jp/od2/B/202610/b261011.lzh,2026-10-11T04:40:34.312436+09:00
20261011,23,唐津,4,20261011-23-04,6,3499,市川哲也,58,広島,52.0,A1,5.56,35.23,5.58,36.84,42,33.33,15,36.51,32213,11,https://www1.mbrace.or.jp/od2/B/202610/b261011.lzh,2026-10-11T04:40:34.312436+09:00
20261011,23,唐津,5,20261011-23-05,1,4015,前野竜一,46,山口,60.0,A2,5.67,33.04,5.89,37.84,29,0.0,37,36.15,2 3555,,https://www1.mbrace.or.jp/od2/B/202610/b261011.lzh,2026-10-11T04:40:34.312436+09:00
20261011,23,唐津,5,20261011-23-05,2,4053,芦澤望,48,東京,56.0,A2,5.4,33.33,7.4,50.0,52,45.45,47,28.24,13253,10,https://www1.mbrace.or.jp/od2/B/202610/b261011.lzh,2026-10-11T04:40:34.312436+09:00
20261011,23,唐津,5,20261011-23-05,3,3617,竹田広樹,53,佐賀,54.0,B1,3.64,18.75,4.28,24.6,57,50.0,18,32.81,651 45,,https://www1.mbrace.or.jp/od2/B/202610/b261011.lzh,2026-10-11T04:40:34.312436+09:00
20261011,23,唐津,5,20261011-23-05,4,5071,野見山拓,32,福岡,53.0,B1,4.67,22.78,4.6,20.0,33,44.44,33,21.43,25135,,https://www1.mbrace.or.jp/od2/B/202610/b261011.lzh,2026-10-11T04:40:34.312436+09:00
20261011,23,唐津,5,20261011-23-05,5,3717,立間充宏,51,岡山,56.0,A2,5.63,37.21,5.43,40.0,16,29.41,17,37.01,5 1556,,https://www1.mbrace.or.jp/od2/B/202610/b261011.lzh,2026-10-11T04:40:34.312436+09:00
20261011,23,唐津,5,20261011-23-05,6,4584,村岡賢人,36,岡山,52.0,A1,6.81,47.66,7.8,60.0,38,44.44,26,29.63,14221,12,https://www1.mbrace.or.jp/od2/B/202610/b261011.lzh,2026-10-11T04:40:34.312436+09:00
20261011,23,唐津,6,20261011-23-06,1,4565,西村豪洋,38,愛知,54.0,B1,4.24,18.0,3.71,7.14,46,50.0,12,37.78,2 2421,11,https://www1.mbrace.or.jp/od2/B/202610/b261011.lzh,2026-10-11T04:40:34.312436+09:00
20261011,23,唐津,6,20261011-23-06,2,3576,白水勝也,53,福岡,52.0,A1,6.08,42.86,6.42,44.19,28,0.0,39,33.86,13434,11,https://www1.mbrace.or.jp/od2/B/202610/b261011.lzh,2026-10-11T04:40:34.312436+09:00
20261011,23,唐津,6,20261011-23-06,3,4438,森作雄大,40,東京,53.0,B1,5.26,35.78,6.83,56.52,37,22.22,58,28.35,46651,2,https://www1.mbrace.or.jp/od2/B/202610/b261011.lzh,2026-10-11T04:40:34.312436+09:00
20261011,23,唐津,6,20261011-23-06,4,3967,鈴木茂高,47,愛知,58.0,B1,4.15,20.0,2.86,14.29,26,28.57,35,37.3,54244,,https://www1.mbrace.or.jp/od2/B/202610/b261011.lzh,2026-10-11T04:40:34.312436+09:00
20261011,23,唐津,6,20261011-23-06,5,5428,古園井綾,24,佐賀,50.0,B2,1.0,0.0,1.11,0.0,8,6.25,14,32.85,666 6,2,https://www1.mbrace.or.jp/od2/B/202610/b261011.lzh,2026-10-11T04:40:34.312436+09:00
20261011,23,唐津,6,20261011-23-06,6,3944,山口裕二,47,長崎,53.0,A1,5.84,43.21,6.57,50.0,53,36.36,49,34.62,351 12,10,https://www1.mbrace.or.jp/od2/B/202610/b261011.lzh,2026-10-11T04:40:34.312436+09:00
20261011,23,唐津,7,20261011-23-07,1,5230,石原凪紗,23,愛知,46.0,B1,4.83,28.44,4.22,16.67,40,33.33,54,30.3,6 2124,12,https://www1.mbrace.or.jp/od2/B/202610/b261011.lzh,2026-10-11T04:40:34.312436+09:00
20261011,23,唐津,7,20261011-23-07,2,5124,上瀧絢也,30,佐賀,53.0,B1,3.92,21.52,4.16,19.17,54,11.11,48,29.23,3 5264,,https://www1.mbrace.or.jp/od2/B/202610/b261011.lzh,2026-10-11T04:40:34.312436+09:00
20261011,23,唐津,7,20261011-23-07,3,4434,田中辰彦,40,広島,55.0,A2,6.01,45.05,6.42,47.37,56,12.5,16,43.48,444 12,1,https://www1.mbrace.or.jp/od2/B/202610/b261011.lzh,2026-10-11T04:40:34.312436+09:00
20261011,23,唐津,7,20261011-23-07,4,4449,中嶋達也,39,兵庫,50.0,B1,3.92,20.62,3.38,6.25,60,22.22,25,27.86,4 6156,,https://www1.mbrace.or.jp/od2/B/202610/b261011.lzh,2026-10-11T04:40:34.312436+09:00
20261011,23,唐津,7,20261011-23-07,5,3747,國崎良春,51,福岡,53.0,A2,5.68,38.54,4.74,32.26,34,50.0,51,33.59,5 1314,11,https://www1.mbrace.or.jp/od2/B/202610/b261011.lzh,2026-10-11T04:40:34.312436+09:00
20261011,23,唐津,7,20261011-23-07,6,5389,恵良琴美,19,福岡,41.0,B1,2.58,3.96,1.3,0.0,62,0.0,41,32.33,6 F 6,,https://www1.mbrace.or.jp/od2/B/202610/b261011.lzh,2026-10-11T04:40:34.312436+09:00
20261011,23,唐津,8,20261011-23-08,1,3539,金子順一,58,山口,52.0,B1,4.25,20.0,4.53,23.53,58,0.0,3,32.8,334 33,4,https://www1.mbrace.or.jp/od2/B/202610/b261011.lzh,2026-10-11T04:40:34.312436+09:00
20261011,23,唐津,8,20261011-23-08,2,5048,眞鳥康太,32,長崎,54.0,B1,4.89,30.0,3.0,10.0,44,66.67,11,32.61,4 2635,,https://www1.mbrace.or.jp/od2/B/202610/b261011.lzh,2026-10-11T04:40:34.312436+09:00
20261011,23,唐津,8,20261011-23-08,3,4035,杉江浩明,47,愛知,51.0,B1,3.55,19.8,5.03,40.0,55,22.22,56,33.59,4 4624,1,https://www1.mbrace.or.jp/od2/B/202610/b261011.lzh,2026-10-11T04:40:34.312436+09:00
20261011,23,唐津,8,20261011-23-08,4,4264,長尾章平,41,山口,54.0,A1,5.94,40.2,6.38,48.89,41,55.56,42,27.13,362 12,12,https://www1.mbrace.or.jp/od2/B/202610/b261011.lzh,2026-10-11T04:40:34.312436+09:00
20261011,23,唐津,8,20261011-23-08,5,3614,谷勝幸,53,広島,55.0,B1,4.44,22.81,4.0,30.0,50,63.64,6,40.63,56441,1,https://www1.mbrace.or.jp/od2/B/202610/b261011.lzh,2026-10-11T04:40:34.312436+09:00
20261011,23,唐津,8,20261011-23-08,6,5107,松本真広,27,福岡,49.0,B1,3.98,11.67,2.89,0.0,32,44.44,13,31.58,336 53,,https://www1.mbrace.or.jp/od2/B/202610/b261011.lzh,2026-10-11T04:40:34.312436+09:00
20261011,23,唐津,9,20261011-23-09,1,4949,横田貴満,33,佐賀,49.0,A2,6.39,45.45,5.67,31.21,39,33.33,53,34.4,414 44,,https://www1.mbrace.or.jp/od2/B/202610/b261011.lzh,2026-10-11T04:40:34.312436+09:00
20261011,23,唐津,9,20261011-23-09,2,4527,高野心吾,38,愛知,52.0,B1,4.61,26.97,3.95,15.79,35,62.5,43,30.51,455 26,,https://www1.mbrace.or.jp/od2/B/202610/b261011.lzh,2026-10-11T04:40:34.312436+09:00
20261011,23,唐津,9,20261011-23-09,3,3809,吉田光,51,佐賀,51.0,B1,4.6,15.48,5.04,27.59,27,22.22,32,33.85,3 3365,1,https://www1.mbrace.or.jp/od2/B/202610/b261011.lzh,2026-10-11T04:40:34.312436+09:00
20261011,23,唐津,9,20261011-23-09,4,4440,萩原知哉,40,東京,55.0,B1,4.33,25.0,4.2,30.0,31,33.33,60,30.47,525 35,3,https://www1.mbrace.or.jp/od2/B/202610/b261011.lzh,2026-10-11T04:40:34.312436+09:00
20261011,23,唐津,9,20261011-23-09,5,5053,山口広樹,30,福岡,55.0,B1,3.76,18.99,0.0,0.0,43,33.33,27,28.46,62442,3,https://www1.mbrace.or.jp/od2/B/202610/b261011.lzh,2026-10-11T04:40:34.312436+09:00
20261011,23,唐津,9,20261011-23-09,6,4342,谷野錬志,42,静岡,54.0,A2,6.87,48.78,0.0,0.0,63,50.0,50,35.61,1 2143,2,https://www1.mbrace.or.jp/od2/B/202610/b261011.lzh,2026-10-11T04:40:34.312436+09:00
20261011,23,唐津,10,20261011-23-10,1,3944,山口裕二,47,長崎,53.0,A1,5.84,43.21,6.57,50.0,53,36.36,49,34.62,351 12,6,https://www1.mbrace.or.jp/od2/B/202610/b261011.lzh,2026-10-11T04:40:34.312436+09:00
20261011,23,唐津,10,20261011-23-10,2,4356,長岡良也,42,兵庫,52.0,A2,6.21,43.93,5.61,27.78,11,20.0,22,22.58,12322,4,https://www1.mbrace.or.jp/od2/B/202610/b261011.lzh,2026-10-11T04:40:34.312436+09:00
20261011,23,唐津,10,20261011-23-10,3,4464,山下友貴,40,静岡,44.0,A1,6.05,44.32,5.1,24.14,64,22.22,36,24.81,221 63,3,https://www1.mbrace.or.jp/od2/B/202610/b261011.lzh,2026-10-11T04:40:34.312436+09:00
20261011,23,唐津,10,20261011-23-10,4,4053,芦澤望,48,東京,56.0,A2,5.4,33.33,7.4,50.0,52,45.45,47,28.24,13253,5,https://www1.mbrace.or.jp/od2/B/202610/b261011.lzh,2026-10-11T04:40:34.312436+09:00
20261011,23,唐津,10,20261011-23-10,5,3463,乙津康志,59,東京,52.0,B1,4.05,19.28,0.0,0.0,47,25.0,9,31.2,21542,2,https://www1.mbrace.or.jp/od2/B/202610/b261011.lzh,2026-10-11T04:40:34.312436+09:00
20261011,23,唐津,10,20261011-23-10,6,3554,仲口博崇,54,愛知,53.0,A1,6.46,52.99,7.61,61.11,5,7.14,34,34.71,11K 44,2,https://www1.mbrace.or.jp/od2/B/202610/b261011.lzh,2026-10-11T04:40:34.312436+09:00
20261011,23,唐津,11,20261011-23-11,1,3499,市川哲也,58,広島,52.0,A1,5.56,35.23,5.58,36.84,42,33.33,15,36.51,32213,4,https://www1.mbrace.or.jp/od2/B/202610/b261011.lzh,2026-10-11T04:40:34.312436+09:00
20261011,23,唐津,11,20261011-23-11,2,4565,西村豪洋,38,愛知,54.0,B1,4.24,18.0,3.71,7.14,46,50.0,12,37.78,2 2421,6,https://www1.mbrace.or.jp/od2/B/202610/b261011.lzh,2026-10-11T04:40:34.312436+09:00
20261011,23,唐津,11,20261011-23-11,3,4045,佐々木裕,47,山口,47.0,B1,4.84,31.58,6.25,62.5,6,11.76,45,28.57,216 31,2,https://www1.mbrace.or.jp/od2/B/202610/b261011.lzh,2026-10-11T04:40:34.312436+09:00
20261011,23,唐津,11,20261011-23-11,4,3747,國崎良春,51,福岡,53.0,A2,5.68,38.54,4.74,32.26,34,50.0,51,33.59,5 1314,7,https://www1.mbrace.or.jp/od2/B/202610/b261011.lzh,2026-10-11T04:40:34.312436+09:00
20261011,23,唐津,11,20261011-23-11,5,3576,白水勝也,53,福岡,52.0,A1,6.08,42.86,6.42,44.19,28,0.0,39,33.86,13434,6,https://www1.mbrace.or.jp/od2/B/202610/b261011.lzh,2026-10-11T04:40:34.312436+09:00
20261011,23,唐津,11,20261011-23-11,6,4257,古川健,42,広島,52.0,B1,5.2,34.15,5.29,31.43,48,38.46,4,23.48,14532,4,https://www1.mbrace.or.jp/od2/B/202610/b261011.lzh,2026-10-11T04:40:34.312436+09:00
20261011,23,唐津,12,20261011-23-12,1,4584,村岡賢人,36,岡山,52.0,A1,6.81,47.66,7.8,60.0,38,44.44,26,29.63,14221,5,https://www1.mbrace.or.jp/od2/B/202610/b261011.lzh,2026-10-11T04:40:34.312436+09:00
20261011,23,唐津,12,20261011-23-12,2,4264,長尾章平,41,山口,54.0,A1,5.94,40.2,6.38,48.89,41,55.56,42,27.13,362 12,8,https://www1.mbrace.or.jp/od2/B/202610/b261011.lzh,2026-10-11T04:40:34.312436+09:00
20261011,23,唐津,12,20261011-23-12,3,4092,岡部大輔,45,佐賀,53.0,B1,5.19,30.95,5.62,38.58,49,33.33,19,39.53,25311,3,https://www1.mbrace.or.jp/od2/B/202610/b261011.lzh,2026-10-11T04:40:34.312436+09:00
20261011,23,唐津,12,20261011-23-12,4,4943,八木治樹,35,愛知,54.0,B1,4.57,25.3,6.0,40.0,36,25.0,24,34.88,143 32,3,https://www1.mbrace.or.jp/od2/B/202610/b261011.lzh,2026-10-11T04:40:34.312436+09:00
20261011,23,唐津,12,20261011-23-12,5,3900,香川素子,49,滋賀,48.0,A2,5.8,39.29,5.71,32.26,51,22.22,30,24.24,5 1631,4,https://www1.mbrace.or.jp/od2/B/202610/b261011.lzh,2026-10-11T04:40:34.312436+09:00
20261011,23,唐津,12,20261011-23-12,6,5230,石原凪紗,23,愛知,46.0,B1,4.83,28.44,4.22,16.67,40,33.33,54,30.3,6 2124,7,https://www1.mbrace.or.jp/od2/B/202610/b261011.lzh,2026-10-11T04:40:34.312436+09:00
20261011,22,福岡,1,20261011-22-01,1,4364,池永太,41,福岡,55.0,A1,6.19,46.08,6.05,39.34,22,32.14,150,32.26,23,8,https://www1.mbrace.or.jp/od2/B/202610/b261011.lzh,2026-10-11T04:40:34.312436+09:00
20261011,22,福岡,1,20261011-22-01,2,3503,堂原洋史,56,埼玉,52.0,B1,3.97,21.05,5.78,44.44,41,23.28,129,32.26,3,5,https://www1.mbrace.or.jp/od2/B/202610/b261011.lzh,2026-10-11T04:40:34.312436+09:00
20261011,22,福岡,1,20261011-22-01,3,4779,伊倉光,40,東京,52.0,B1,5.12,27.16,4.11,11.11,75,29.33,171,28.23,25,,https://www1.mbrace.or.jp/od2/B/202610/b261011.lzh,2026-10-11T04:40:34.312436+09:00
20261011,22,福岡,1,20261011-22-01,4,3377,塚田修二,59,東京,53.0,B1,4.22,18.29,6.2,30.0,53,25.52,111,29.03,2,7,https://www1.mbrace.or.jp/od2/B/202610/b261011.lzh,2026-10-11T04:40:34.312436+09:00
20261011,22,福岡,1,20261011-22-01,5,4846,佐藤駿介,33,山口,51.0,B1,3.92,21.35,3.12,15.15,63,31.17,121,35.65,1,9,https://www1.mbrace.or.jp/od2/B/202610/b261011.lzh,2026-10-11T04:40:34.312436+09:00
20261011,22,福岡,1,20261011-22-01,6,4432,黄金井力,40,埼玉,55.0,B1,5.18,26.19,5.68,36.84,25,39.41,138,46.09,46,,https://www1.mbrace.or.jp/od2/B/202610/b261011.lzh,2026-10-11T04:40:34.312436+09:00
20261011,22,福岡,2,20261011-22-02,1,4195,前川守嗣,44,福岡,58.0,B1,5.49,37.66,4.96,26.09,70,35.85,149,34.13,23,,https://www1.mbrace.or.jp/od2/B/202610/b261011.lzh,2026-10-11T04:40:34.312436+09:00
20261011,22,福岡,2,20261011-22-02,2,4083,福島勇樹,47,東京,53.0,A1,6.84,51.85,5.77,42.31,72,38.22,120,23.97,15,9,https://www1.mbrace.or.jp/od2/B/202610/b261011.lzh,2026-10-11T04:40:34.312436+09:00
20261011,22,福岡,2,20261011-22-02,3,4431,石塚裕介,40,三重,52.0,B1,4.97,32.47,4.79,15.79,54,31.94,134,39.53,56,,https://www1.mbrace.or.jp/od2/B/202610/b261011.lzh,2026-10-11T04:40:34.312436+09:00
20261011,22,福岡,2,20261011-22-02,4,3975,小野寺智,49,香川,51.0,A2,5.28,31.53,5.43,40.0,44,30.91,168,41.53,2,10,https://www1.mbrace.or.jp/od2/B/202610/b261011.lzh,2026-10-11T04:40:34.312436+09:00
20261011,22,福岡,2,20261011-22-02,5,4169,多田有佑,44,東京,55.0,B1,4.01,18.68,3.5,7.69,17,26.9,162,38.79,6,6,https://www1.mbrace.or.jp/od2/B/202610/b261011.lzh,2026-10-11T04:40:34.312436+09:00
20261011,22,福岡,2,20261011-22-02,6,5438,星田夢結,21,福岡,52.0,B2,1.72,1.75,1.33,0.0,74,41.23,167,42.62,6,7,https://www1.mbrace.or.jp/od2/B/202610/b261011.lzh,2026-10-11T04:40:34.312436+09:00
20261011,22,福岡,3,20261011-22-03,1,5244,黒田剛,26,福岡,51.0,B1,3.56,15.58,3.7,10.71,35,27.56,156,42.06,3,,https://www1.mbrace.or.jp/od2/B/202610/b261011.lzh,2026-10-11T04:40:34.312436+09:00
20261011,22,福岡,3,20261011-22-03,2,4382,高山智至,41,滋賀,55.0,B1,4.54,19.82,3.9,10.0,13,36.3,151,21.6,4,7,https://www1.mbrace.or.jp/od2/B/202610/b261011.lzh,2026-10-11T04:40:34.312436+09:00
20261011,22,福岡,3,20261011-22-03,3,4601,森野正弘,41,山口,56.0,A1,7.16,59.66,6.46,50.0,20,32.89,163,30.65,12,12,https://www1.mbrace.or.jp/od2/B/202610/b261011.lzh,2026-10-11T04:40:34.312436+09:00
20261011,22,福岡,3,20261011-22-03,4,3907,村越篤,48,香川,54.0,B1,5.44,37.25,5.63,37.5,64,27.5,124,32.43,5,8,https://www1.mbrace.or.jp/od2/B/202610/b261011.lzh,2026-10-11T04:40:34.312436+09:00
20261011,22,福岡,3,20261011-22-03,5,4234,野相弘司,43,福岡,59.0,B1,4.39,24.64,5.45,36.84,48,23.45,116,35.43,1,11,https://www1.mbrace.or.jp/od2/B/202610/b261011.lzh,2026-10-11T04:40:34.312436+09:00
20261011,22,福岡,3,20261011-22-03,6,3581,加木郁,53,山口,54.0,B1,5.68,39.77,4.85,25.0,68,40.0,148,33.61,F,,https://www1.mbrace.or.jp/od2/B/202610/b261011.lzh,2026-10-11T04:40:34.312436+09:00
20261011,22,福岡,4,20261011-22-04,1,4666,日笠勝弘,42,大阪,52.0,B1,4.36,26.19,5.03,31.58,16,43.05,142,33.33,34,,https://www1.mbrace.or.jp/od2/B/202610/b261011.lzh,2026-10-11T04:40:34.312436+09:00
20261011,22,福岡,4,20261011-22-04,2,4054,福嶋智之,48,岡山,54.0,B1,4.12,17.98,3.29,11.76,47,21.26,166,28.8,3,10,https://www1.mbrace.or.jp/od2/B/202610/b261011.lzh,2026-10-11T04:40:34.312436+09:00
20261011,22,福岡,4,20261011-22-04,3,3158,島川光男,61,広島,55.0,A2,6.43,47.5,5.95,45.0,71,34.29,137,30.83,1,12,https://www1.mbrace.or.jp/od2/B/202610/b261011.lzh,2026-10-11T04:40:34.312436+09:00
20261011,22,福岡,4,20261011-22-04,4,4387,平山智加,41,香川,46.0,A1,6.91,51.18,7.27,53.85,50,28.39,108,32.52,16,11,https://www1.mbrace.or.jp/od2/B/202610/b261011.lzh,2026-10-11T04:40:34.312436+09:00
20261011,22,福岡,4,20261011-22-04,5,4332,村上彰一,43,福岡,59.0,B1,4.16,16.88,4.39,26.09,23,41.04,114,33.07,25,,https://www1.mbrace.or.jp/od2/B/202610/b261011.lzh,2026-10-11T04:40:34.312436+09:00
20261011,22,福岡,4,20261011-22-04,6,5464,宮田栞,19,福岡,50.0,B2,1.35,0.0,0.0,0.0,69,24.21,140,34.15,6,,https://www1.mbrace.or.jp/od2/B/202610/b261011.lzh,2026-10-11T04:40:34.312436+09:00
20261011,22,福岡,5,20261011-22-05,1,3503,堂原洋史,56,埼玉,52.0,B1,3.97,21.05,5.78,44.44,41,23.28,129,32.26,3,1,https://www1.mbrace.or.jp/od2/B/202610/b261011.lzh,2026-10-11T04:40:34.312436+09:00
20261011,22,福岡,5,20261011-22-05,2,4729,佐藤謙史,37,福岡,56.0,B1,4.55,26.83,4.56,30.56,30,33.61,174,41.41,S2,,https://www1.mbrace.or.jp/od2/B/202610/b261011.lzh,2026-10-11T04:40:34.312436+09:00
20261011,22,福岡,5,20261011-22-05,3,4568,廣瀬真也,38,東京,51.0,B1,5.42,33.71,5.24,19.05,52,39.52,131,18.03,4,11,https://www1.mbrace.or.jp/od2/B/202610/b261011.lzh,2026-10-11T04:40:34.312436+09:00
20261011,22,福岡,5,20261011-22-05,4,4465,大西賢,40,東京,52.0,B1,4.72,22.67,3.67,6.67,27,34.25,143,28.81,2,9,https://www1.mbrace.or.jp/od2/B/202610/b261011.lzh,2026-10-11T04:40:34.312436+09:00
20261011,22,福岡,5,20261011-22-05,5,5139,大場恒季,26,愛知,51.0,A1,6.67,52.0,0.0,0.0,55,30.83,154,21.62,14,10,https://www1.mbrace.or.jp/od2/B/202610/b261011.lzh,2026-10-11T04:40:34.312436+09:00
20261011,22,福岡,5,20261011-22-05,6,3965,北中元樹,47,滋賀,54.0,A1,6.21,46.4,0.0,0.0,37,28.79,139,35.48,1,12,https://www1.mbrace.or.jp/od2/B/202610/b261011.lzh,2026-10-11T04:40:34.312436+09:00
20261011,22,福岡,6,20261011-22-06,1,3834,細川明人,51,岡山,56.0,B1,4.56,28.57,3.16,6.25,60,21.49,127,35.94,44,,https://www1.mbrace.or.jp/od2/B/202610/b261011.lzh,2026-10-11T04:40:34.312436+09:00
20261011,22,福岡,6,20261011-22-06,2,4289,落合直子,41,大阪,49.0,A2,5.77,39.58,5.87,36.67,36,36.13,145,48.76,3,12,https://www1.mbrace.or.jp/od2/B/202610/b261011.lzh,2026-10-11T04:40:34.312436+09:00
20261011,22,福岡,6,20261011-22-06,3,3685,荒井輝年,52,岡山,56.0,A2,5.44,36.26,5.03,26.67,29,29.59,105,48.36,15,10,https://www1.mbrace.or.jp/od2/B/202610/b261011.lzh,2026-10-11T04:40:34.312436+09:00
20261011,22,福岡,6,20261011-22-06,4,4169,多田有佑,44,東京,55.0,B1,4.01,18.68,3.5,7.69,17,26.9,162,38.79,6,2,https://www1.mbrace.or.jp/od2/B/202610/b261011.lzh,2026-10-11T04:40:34.312436+09:00
20261011,22,福岡,6,20261011-22-06,5,3412,鈴木博,57,埼玉,53.0,A1,6.15,47.11,5.2,30.0,66,29.55,135,37.8,2,11,https://www1.mbrace.or.jp/od2/B/202610/b261011.lzh,2026-10-11T04:40:34.312436+09:00
20261011,22,福岡,6,20261011-22-06,6,4521,小池公生,39,福岡,51.0,B1,5.27,28.89,5.04,27.66,45,26.67,112,29.51,36,,https://www1.mbrace.or.jp/od2/B/202610/b261011.lzh,2026-10-11T04:40:34.312436+09:00
20261011,22,福岡,7,20261011-22-07,1,3377,塚田修二,59,東京,53.0,B1,4.22,18.29,6.2,30.0,53,25.52,111,29.03,2,1,https://www1.mbrace.or.jp/od2/B/202610/b261011.lzh,2026-10-11T04:40:34.312436+09:00
20261011,22,福岡,7,20261011-22-07,2,3551,藤田美代,55,福岡,45.0,B1,3.96,16.9,5.1,26.67,58,35.86,147,24.39,5,,https://www1.mbrace.or.jp/od2/B/202610/b261011.lzh,2026-10-11T04:40:34.312436+09:00
20261011,22,福岡,7,20261011-22-07,3,5220,青木蓮,25,埼玉,50.0,A2,6.96,52.58,6.0,60.0,14,38.85,155,30.51,3,11,https://www1.mbrace.or.jp/od2/B/202610/b261011.lzh,2026-10-11T04:40:34.312436+09:00
20261011,22,福岡,7,20261011-22-07,4,4382,高山智至,41,滋賀,55.0,B1,4.54,19.82,3.9,10.0,13,36.3,151,21.6,4,3,https://www1.mbrace.or.jp/od2/B/202610/b261011.lzh,2026-10-11T04:40:34.312436+09:00
20261011,22,福岡,7,20261011-22-07,5,5438,星田夢結,21,福岡,52.0,B2,1.72,1.75,1.33,0.0,74,41.23,167,42.62,6,2,https://www1.mbrace.or.jp/od2/B/202610/b261011.lzh,2026-10-11T04:40:34.312436+09:00
20261011,22,福岡,7,20261011-22-07,6,4494,河合佑樹,39,静岡,52.0,A1,6.39,40.45,0.0,0.0,57,29.93,169,33.88,31,12,https://www1.mbrace.or.jp/od2/B/202610/b261011.lzh,2026-10-11T04:40:34.312436+09:00
20261011,22,福岡,8,20261011-22-08,1,3907,村越篤,48,香川,54.0,B1,5.44,37.25,5.63,37.5,64,27.5,124,32.43,5,3,https://www1.mbrace.or.jp/od2/B/202610/b261011.lzh,2026-10-11T04:40:34.312436+09:00
20261011,22,福岡,8,20261011-22-08,2,4243,西村歩,40,大阪,47.0,B1,5.54,38.89,3.18,0.0,73,31.95,107,26.88,64,,https://www1.mbrace.or.jp/od2/B/202610/b261011.lzh,2026-10-11T04:40:34.312436+09:00
20261011,22,福岡,8,20261011-22-08,3,3563,堤昇,56,静岡,52.0,B1,5.91,40.91,4.75,35.0,31,33.54,125,31.15,45,,https://www1.mbrace.or.jp/od2/B/202610/b261011.lzh,2026-10-11T04:40:34.312436+09:00
20261011,22,福岡,8,20261011-22-08,4,4526,池田雄祐,38,愛知,51.0,A2,5.05,28.92,6.3,51.52,21,37.97,118,29.92,4,12,https://www1.mbrace.or.jp/od2/B/202610/b261011.lzh,2026-10-11T04:40:34.312436+09:00
20261011,22,福岡,8,20261011-22-08,5,4364,池永太,41,福岡,55.0,A1,6.19,46.08,6.05,39.34,22,32.14,150,32.26,23,1,https://www1.mbrace.or.jp/od2/B/202610/b261011.lzh,2026-10-11T04:40:34.312436+09:00
20261011,22,福岡,8,20261011-22-08,6,4567,上村慎太,38,山口,50.0,B1,4.18,16.67,4.65,24.49,34,43.31,158,21.31,55,,https://www1.mbrace.or.jp/od2/B/202610/b261011.lzh,2026-10-11T04:40:34.312436+09:00
20261011,22,福岡,9,20261011-22-09,1,3872,岡田憲行,50,大阪,54.0,A2,5.37,29.81,6.0,40.0,42,14.16,122,32.0,36,,https://www1.mbrace.or.jp/od2/B/202610/b261011.lzh,2026-10-11T04:40:34.312436+09:00
20261011,22,福岡,9,20261011-22-09,2,5204,宇恵有香,29,三重,46.0,B2,4.79,23.71,5.2,40.0,38,22.96,133,41.46,66,,https://www1.mbrace.or.jp/od2/B/202610/b261011.lzh,2026-10-11T04:40:34.312436+09:00
20261011,22,福岡,9,20261011-22-09,3,3562,山下和彦,57,広島,53.0,A2,6.4,45.45,5.72,43.75,40,21.82,103,24.6,54,,https://www1.mbrace.or.jp/od2/B/202610/b261011.lzh,2026-10-11T04:40:34.312436+09:00
20261011,22,福岡,9,20261011-22-09,4,4846,佐藤駿介,33,山口,51.0,B1,3.92,21.35,3.12,15.15,63,31.17,121,35.65,1,1,https://www1.mbrace.or.jp/od2/B/202610/b261011.lzh,2026-10-11T04:40:34.312436+09:00
20261011,22,福岡,9,20261011-22-09,5,4465,大西賢,40,東京,52.0,B1,4.72,22.67,3.67,6.67,27,34.25,143,28.81,2,5,https://www1.mbrace.or.jp/od2/B/202610/b261011.lzh,2026-10-11T04:40:34.312436+09:00
20261011,22,福岡,9,20261011-22-09,6,4083,福島勇樹,47,東京,53.0,A1,6.84,51.85,5.77,42.31,72,38.22,120,23.97,15,2,https://www1.mbrace.or.jp/od2/B/202610/b261011.lzh,2026-10-11T04:40:34.312436+09:00
20261011,22,福岡,10,20261011-22-10,1,4049,荒川健太,46,三重,56.0,A2,6.06,40.17,5.33,28.57,28,32.85,106,25.81,34,,https://www1.mbrace.or.jp/od2/B/202610/b261011.lzh,2026-10-11T04:40:34.312436+09:00
20261011,22,福岡,10,20261011-22-10,2,5139,大場恒季,26,愛知,51.0,A1,6.67,52.0,0.0,0.0,55,30.83,154,21.62,14,5,https://www1.mbrace.or.jp/od2/B/202610/b261011.lzh,2026-10-11T04:40:34.312436+09:00
20261011,22,福岡,10,20261011-22-10,3,4054,福嶋智之,48,岡山,54.0,B1,4.12,17.98,3.29,11.76,47,21.26,166,28.8,3,4,https://www1.mbrace.or.jp/od2/B/202610/b261011.lzh,2026-10-11T04:40:34.312436+09:00
20261011,22,福岡,10,20261011-22-10,4,5203,神里琴音,22,福岡,44.0,B1,4.89,27.85,5.26,37.65,24,27.64,161,39.02,22,,https://www1.mbrace.or.jp/od2/B/202610/b261011.lzh,2026-10-11T04:40:34.312436+09:00
20261011,22,福岡,10,20261011-22-10,5,3975,小野寺智,49,香川,51.0,A2,5.28,31.53,5.43,40.0,44,30.91,168,41.53,2,2,https://www1.mbrace.or.jp/od2/B/202610/b261011.lzh,2026-10-11T04:40:34.312436+09:00
20261011,22,福岡,10,20261011-22-10,6,3685,荒井輝年,52,岡山,56.0,A2,5.44,36.26,5.03,26.67,29,29.59,105,48.36,15,6,https://www1.mbrace.or.jp/od2/B/202610/b261011.lzh,2026-10-11T04:40:34.312436+09:00
20261011,22,福岡,11,20261011-22-11,1,3412,鈴木博,57,埼玉,53.0,A1,6.15,47.11,5.2,30.0,66,29.55,135,37.8,2,6,https://www1.mbrace.or.jp/od2/B/202610/b261011.lzh,2026-10-11T04:40:34.312436+09:00
20261011,22,福岡,11,20261011-22-11,2,3978,齊藤仁,49,東京,52.0,A2,6.0,30.69,6.33,40.98,11,37.11,110,40.65,11,,https://www1.mbrace.or.jp/od2/B/202610/b261011.lzh,2026-10-11T04:40:34.312436+09:00
20261011,22,福岡,11,20261011-22-11,3,4234,野相弘司,43,福岡,59.0,B1,4.39,24.64,5.45,36.84,48,23.45,116,35.43,1,3,https://www1.mbrace.or.jp/od2/B/202610/b261011.lzh,2026-10-11T04:40:34.312436+09:00
20261011,22,福岡,11,20261011-22-11,4,5220,青木蓮,25,埼玉,50.0,A2,6.96,52.58,6.0,60.0,14,38.85,155,30.51,3,7,https://www1.mbrace.or.jp/od2/B/202610/b261011.lzh,2026-10-11T04:40:34.312436+09:00
20261011,22,福岡,11,20261011-22-11,5,4568,廣瀬真也,38,東京,51.0,B1,5.42,33.71,5.24,19.05,52,39.52,131,18.03,4,5,https://www1.mbrace.or.jp/od2/B/202610/b261011.lzh,2026-10-11T04:40:34.312436+09:00
20261011,22,福岡,11,20261011-22-11,6,4387,平山智加,41,香川,46.0,A1,6.91,51.18,7.27,53.85,50,28.39,108,32.52,16,4,https://www1.mbrace.or.jp/od2/B/202610/b261011.lzh,2026-10-11T04:40:34.312436+09:00
20261011,22,福岡,12,20261011-22-12,1,4601,森野正弘,41,山口,56.0,A1,7.16,59.66,6.46,50.0,20,32.89,163,30.65,12,3,https://www1.mbrace.or.jp/od2/B/202610/b261011.lzh,2026-10-11T04:40:34.312436+09:00
20261011,22,福岡,12,20261011-22-12,2,3965,北中元樹,47,滋賀,54.0,A1,6.21,46.4,0.0,0.0,37,28.79,139,35.48,1,5,https://www1.mbrace.or.jp/od2/B/202610/b261011.lzh,2026-10-11T04:40:34.312436+09:00
20261011,22,福岡,12,20261011-22-12,3,4526,池田雄祐,38,愛知,51.0,A2,5.05,28.92,6.3,51.52,21,37.97,118,29.92,4,8,https://www1.mbrace.or.jp/od2/B/202610/b261011.lzh,2026-10-11T04:40:34.312436+09:00
20261011,22,福岡,12,20261011-22-12,4,4494,河合佑樹,39,静岡,52.0,A1,6.39,40.45,0.0,0.0,57,29.93,169,33.88,31,7,https://www1.mbrace.or.jp/od2/B/202610/b261011.lzh,2026-10-11T04:40:34.312436+09:00
20261011,22,福岡,12,20261011-22-12,5,3158,島川光男,61,広島,55.0,A2,6.43,47.5,5.95,45.0,71,34.29,137,30.83,1,4,https://www1.mbrace.or.jp/od2/B/202610/b261011.lzh,2026-10-11T04:40:34.312436+09:00
20261011,22,福岡,12,20261011-22-12,6,4289,落合直子,41,大阪,49.0,A2,5.77,39.58,5.87,36.67,36,36.13,145,48.76,3,6,https://www1.mbrace.or.jp/od2/B/202610/b261011.lzh,2026-10-11T04:40:34.312436+09:00
20261011,19,下関,1,20261011-19-01,1,3901,松田憲幸,49,山口,52.0,B2,4.81,31.43,4.82,29.85,59,37.74,50,28.97,,,https://www1.mbrace.or.jp/od2/B/202610/b261011.lzh,2026-10-11T04:40:34.312436+09:00
20261011,19,下関,1,20261011-19-01,2,5227,川原愛未,24,福岡,50.0,B2,3.91,23.4,3.39,22.58,29,28.57,24,34.65,,7,https://www1.mbrace.or.jp/od2/B/202610/b261011.lzh,2026-10-11T04:40:34.312436+09:00
20261011,19,下関,1,20261011-19-01,3,3297,藤丸光一,59,福岡,49.0,B1,4.93,28.87,5.39,27.78,54,25.47,54,31.68,,9,https://www1.mbrace.or.jp/od2/B/202610/b261011.lzh,2026-10-11T04:40:34.312436+09:00
20261011,19,下関,1,20261011-19-01,4,4821,妻鳥晋也,34,香川,56.0,B1,5.28,31.68,5.7,33.33,23,26.0,15,30.77,,6,https://www1.mbrace.or.jp/od2/B/202610/b261011.lzh,2026-10-11T04:40:34.312436+09:00
20261011,19,下関,1,20261011-19-01,5,4161,黒柳浩孝,44,愛知,55.0,B1,5.36,35.24,6.24,42.86,51,28.97,62,26.85,,10,https://www1.mbrace.or.jp/od2/B/202610/b261011.lzh,2026-10-11T04:40:34.312436+09:00
20261011,19,下関,1,20261011-19-01,6,3509,池千夏,54,香川,49.0,B1,3.52,10.34,3.78,8.7,33,31.68,12,21.7,,8,https://www1.mbrace.or.jp/od2/B/202610/b261011.lzh,2026-10-11T04:40:34.312436+09:00
20261011,19,下関,2,20261011-19-02,1,3507,藤井徹,55,大阪,52.0,B1,4.27,20.55,3.93,21.43,21,42.06,32,26.21,,9,https://www1.mbrace.or.jp/od2/B/202610/b261011.lzh,2026-10-11T04:40:34.312436+09:00
20261011,19,下関,2,20261011-19-02,2,5200,筒井美琴,24,福岡,48.0,B2,1.82,0.0,1.95,0.0,49,38.89,57,33.66,,8,https://www1.mbrace.or.jp/od2/B/202610/b261011.lzh,2026-10-11T04:40:34.312436+09:00
20261011,19,下関,2,20261011-19-02,3,4260,中越博紀,42,香川,55.0,B1,5.84,47.37,5.59,45.33,65,33.02,63,32.71,,11,https://www1.mbrace.or.jp/od2/B/202610/b261011.lzh,2026-10-11T04:40:34.312436+09:00
20261011,19,下関,2,20261011-19-02,4,4672,守屋大地,40,岡山,52.0,B1,4.67,30.3,4.08,27.03,61,29.41,53,35.29,,7,https://www1.mbrace.or.jp/od2/B/202610/b261011.lzh,2026-10-11T04:40:34.312436+09:00
20261011,19,下関,2,20261011-19-02,5,4980,佐々木完,30,山口,52.0,A1,7.1,53.47,7.25,57.63,72,25.47,30,28.71,,12,https://www1.mbrace.or.jp/od2/B/202610/b261011.lzh,2026-10-11T04:40:34.312436+09:00
20261011,19,下関,2,20261011-19-02,6,3211,北川敏弘,64,佐賀,54.0,B1,4.28,20.2,4.19,18.52,66,24.0,31,34.62,,,https://www1.mbrace.or.jp/od2/B/202610/b261011.lzh,2026-10-11T04:40:34.312436+09:00
20261011,19,下関,3,20261011-19-03,1,4077,品田直樹,47,東京,52.0,A2,5.3,33.98,4.82,36.36,62,42.59,27,31.78,,10,https://www1.mbrace.or.jp/od2/B/202610/b261011.lzh,2026-10-11T04:40:34.312436+09:00
20261011,19,下関,3,20261011-19-03,2,5346,中村紋夕,23,愛知,46.0,B1,3.09,7.79,1.59,0.0,56,37.0,11,33.66,,9,https://www1.mbrace.or.jp/od2/B/202610/b261011.lzh,2026-10-11T04:40:34.312436+09:00
20261011,19,下関,3,20261011-19-03,3,4491,田中堅,39,群馬,52.0,B1,4.44,26.73,4.41,17.65,68,27.36,22,31.37,,,https://www1.mbrace.or.jp/od2/B/202610/b261011.lzh,2026-10-11T04:40:34.312436+09:00
20261011,19,下関,3,20261011-19-03,4,5277,井上未都,24,福岡,46.0,B1,4.85,24.39,4.45,29.55,28,32.35,23,45.54,,8,https://www1.mbrace.or.jp/od2/B/202610/b261011.lzh,2026-10-11T04:40:34.312436+09:00
20261011,19,下関,3,20261011-19-03,5,4948,木場悠介,34,長崎,51.0,B1,5.53,36.17,5.04,28.57,50,33.33,18,22.33,,11,https://www1.mbrace.or.jp/od2/B/202610/b261011.lzh,2026-10-11T04:40:34.312436+09:00
20261011,19,下関,3,20261011-19-03,6,3960,菊地孝平,48,静岡,55.0,A1,6.65,39.81,8.28,50.0,57,41.9,52,27.72,,12,https://www1.mbrace.or.jp/od2/B/202610/b261011.lzh,2026-10-11T04:40:34.312436+09:00
20261011,19,下関,4,20261011-19-04,1,4089,妹尾忠幸,46,岡山,55.0,A2,6.61,44.34,6.32,41.18,15,33.98,13,28.43,,11,https://www1.mbrace.or.jp/od2/B/202610/b261011.lzh,2026-10-11T04:40:34.312436+09:00
20261011,19,下関,4,20261011-19-04,2,5309,森雄利,22,長崎,52.0,B1,3.27,13.64,1.67,0.0,41,26.0,42,33.33,,9,https://www1.mbrace.or.jp/od2/B/202610/b261011.lzh,2026-10-11T04:40:34.312436+09:00
20261011,19,下関,4,20261011-19-04,3,4121,富永修一,44,福岡,52.0,A2,6.05,45.54,6.0,43.75,45,23.64,38,36.89,,10,https://www1.mbrace.or.jp/od2/B/202610/b261011.lzh,2026-10-11T04:40:34.312436+09:00
20261011,19,下関,4,20261011-19-04,4,4689,豊田結,33,静岡,54.0,B1,5.31,33.71,0.0,0.0,24,36.11,47,26.42,,8,https://www1.mbrace.or.jp/od2/B/202610/b261011.lzh,2026-10-11T04:40:34.312436+09:00
20261011,19,下関,4,20261011-19-04,5,5135,仲航太,26,東京,53.0,B1,5.79,43.33,4.6,20.0,44,30.17,69,43.69,,,https://www1.mbrace.or.jp/od2/B/202610/b261011.lzh,2026-10-11T04:40:34.312436+09:00
20261011,19,下関,4,20261011-19-04,6,4959,井上忠政,30,大阪,53.0,A1,7.08,50.91,7.97,68.57,55,34.91,20,23.81,,12,https://www1.mbrace.or.jp/od2/B/202610/b261011.lzh,2026-10-11T04:40:34.312436+09:00
20261011,19,下関,5,20261011-19-05,1,4445,宮地元輝,39,佐賀,55.0,A1,7.22,47.42,7.59,44.44,35,24.75,68,38.83,,12,https://www1.mbrace.or.jp/od2/B/202610/b261011.lzh,2026-10-11T04:40:34.312436+09:00
20261011,19,下関,5,20261011-19-05,2,5381,有山望,22,大阪,49.0,B1,3.63,11.84,0.0,0.0,20,29.47,71,32.67,,10,https://www1.mbrace.or.jp/od2/B/202610/b261011.lzh,2026-10-11T04:40:34.312436+09:00
20261011,19,下関,5,20261011-19-05,3,3587,武田信一,53,徳島,60.0,B1,4.03,16.88,0.0,0.0,26,17.2,26,33.64,,,https://www1.mbrace.or.jp/od2/B/202610/b261011.lzh,2026-10-11T04:40:34.312436+09:00
20261011,19,下関,5,20261011-19-05,4,4817,渡邉翼,35,山口,50.0,A1,6.07,44.44,6.57,53.57,34,25.0,67,35.92,,11,https://www1.mbrace.or.jp/od2/B/202610/b261011.lzh,2026-10-11T04:40:34.312436+09:00
20261011,19,下関,5,20261011-19-05,5,4407,鹿島敏弘,40,群馬,58.0,B1,4.48,23.81,4.33,16.67,11,35.71,46,28.57,,,https://www1.mbrace.or.jp/od2/B/202610/b261011.lzh,2026-10-11T04:40:34.312436+09:00
20261011,19,下関,5,20261011-19-05,6,4251,川崎誠志,43,山口,51.0,B1,4.86,27.78,4.76,25.21,47,33.03,60,40.2,,,https://www1.mbrace.or.jp/od2/B/202610/b261011.lzh,2026-10-11T04:40:34.312436+09:00
20261011,19,下関,6,20261011-19-06,1,5089,前田翔,26,愛知,51.0,A1,7.12,57.01,6.2,40.0,53,23.15,28,44.12,,12,https://www1.mbrace.or.jp/od2/B/202610/b261011.lzh,2026-10-11T04:40:34.312436+09:00
20261011,19,下関,6,20261011-19-06,2,5325,澁川夏,23,大阪,53.0,B1,5.77,41.41,5.16,31.58,69,43.81,61,30.69,,,https://www1.mbrace.or.jp/od2/B/202610/b261011.lzh,2026-10-11T04:40:34.312436+09:00
20261011,19,下関,6,20261011-19-06,3,3956,横澤剛治,49,静岡,56.0,A2,5.75,35.16,6.67,51.52,32,26.42,44,27.1,,11,https://www1.mbrace.or.jp/od2/B/202610/b261011.lzh,2026-10-11T04:40:34.312436+09:00
20261011,19,下関,6,20261011-19-06,4,4632,長尾京志,37,福岡,53.0,B1,4.72,26.26,5.65,35.29,42,32.11,35,33.01,,,https://www1.mbrace.or.jp/od2/B/202610/b261011.lzh,2026-10-11T04:40:34.312436+09:00
20261011,19,下関,6,20261011-19-06,5,4821,妻鳥晋也,34,香川,56.0,B1,5.28,31.68,5.7,33.33,23,26.0,15,30.77,,1,https://www1.mbrace.or.jp/od2/B/202610/b261011.lzh,2026-10-11T04:40:34.312436+09:00
20261011,19,下関,6,20261011-19-06,6,4635,峰重力也,36,岡山,52.0,A2,5.43,36.17,5.0,29.41,13,32.98,55,37.74,,10,https://www1.mbrace.or.jp/od2/B/202610/b261011.lzh,2026-10-11T04:40:34.312436+09:00
20261011,19,下関,7,20261011-19-07,1,4508,野間大樹,38,大阪,53.0,A2,5.11,28.17,5.67,41.67,22,22.33,73,35.92,,,https://www1.mbrace.or.jp/od2/B/202610/b261011.lzh,2026-10-11T04:40:34.312436+09:00
20261011,19,下関,7,20261011-19-07,2,4672,守屋大地,40,岡山,52.0,B1,4.67,30.3,4.08,27.03,61,29.41,53,35.29,,2,https://www1.mbrace.or.jp/od2/B/202610/b261011.lzh,2026-10-11T04:40:34.312436+09:00
20261011,19,下関,7,20261011-19-07,3,5298,水谷理人,24,香川,51.0,A1,7.11,58.33,6.31,43.75,25,28.18,64,36.54,,12,https://www1.mbrace.or.jp/od2/B/202610/b261011.lzh,2026-10-11T04:40:34.312436+09:00
20261011,19,下関,7,20261011-19-07,4,4619,伏田裕隆,43,東京,52.0,B1,5.59,41.11,4.67,29.17,27,37.84,16,25.0,,,https://www1.mbrace.or.jp/od2/B/202610/b261011.lzh,2026-10-11T04:40:34.312436+09:00
20261011,19,下関,7,20261011-19-07,5,5227,川原愛未,24,福岡,50.0,B2,3.91,23.4,3.39,22.58,29,28.57,24,34.65,,1,https://www1.mbrace.or.jp/od2/B/202610/b261011.lzh,2026-10-11T04:40:34.312436+09:00
20261011,19,下関,7,20261011-19-07,6,4549,小林文彦,38,福岡,53.0,A2,6.18,44.44,5.32,36.36,36,27.72,25,43.56,,11,https://www1.mbrace.or.jp/od2/B/202610/b261011.lzh,2026-10-11T04:40:34.312436+09:00
20261011,19,下関,8,20261011-19-08,1,3999,大瀧明日,47,愛知,46.0,A2,6.13,47.75,7.0,50.0,16,34.95,33,31.25,,,https://www1.mbrace.or.jp/od2/B/202610/b261011.lzh,2026-10-11T04:40:34.312436+09:00
20261011,19,下関,8,20261011-19-08,2,4689,豊田結,33,静岡,54.0,B1,5.31,33.71,0.0,0.0,24,36.11,47,26.42,,4,https://www1.mbrace.or.jp/od2/B/202610/b261011.lzh,2026-10-11T04:40:34.312436+09:00
20261011,19,下関,8,20261011-19-08,3,3509,池千夏,54,香川,49.0,B1,3.52,10.34,3.78,8.7,33,31.68,12,21.7,,1,https://www1.mbrace.or.jp/od2/B/202610/b261011.lzh,2026-10-11T04:40:34.312436+09:00
20261011,19,下関,8,20261011-19-08,4,5200,筒井美琴,24,福岡,48.0,B2,1.82,0.0,1.95,0.0,49,38.89,57,33.66,,2,https://www1.mbrace.or.jp/od2/B/202610/b261011.lzh,2026-10-11T04:40:34.312436+09:00
20261011,19,下関,8,20261011-19-08,5,5277,井上未都,24,福岡,46.0,B1,4.85,24.39,4.45,29.55,28,32.35,23,45.54,,3,https://www1.mbrace.or.jp/od2/B/202610/b261011.lzh,2026-10-11T04:40:34.312436+09:00
20261011,19,下関,8,20261011-19-08,6,5367,赤松咲香,24,徳島,51.0,B2,1.5,0.0,1.33,0.0,37,26.6,17,35.24,,,https://www1.mbrace.or.jp/od2/B/202610/b261011.lzh,2026-10-11T04:40:34.312436+09:00
20261011,19,下関,9,20261011-19-09,1,5073,上原健次,31,福岡,54.0,A2,5.14,29.36,4.91,21.74,48,34.23,21,34.62,,,https://www1.mbrace.or.jp/od2/B/202610/b261011.lzh,2026-10-11T04:40:34.312436+09:00
20261011,19,下関,9,20261011-19-09,2,5279,石渡翔一,23,東京,53.0,B1,5.86,41.12,6.56,43.75,63,41.41,39,24.53,,,https://www1.mbrace.or.jp/od2/B/202610/b261011.lzh,2026-10-11T04:40:34.312436+09:00
20261011,19,下関,9,20261011-19-09,3,3507,藤井徹,55,大阪,52.0,B1,4.27,20.55,3.93,21.43,21,42.06,32,26.21,,2,https://www1.mbrace.or.jp/od2/B/202610/b261011.lzh,2026-10-11T04:40:34.312436+09:00
20261011,19,下関,9,20261011-19-09,4,5309,森雄利,22,長崎,52.0,B1,3.27,13.64,1.67,0.0,41,26.0,42,33.33,,4,https://www1.mbrace.or.jp/od2/B/202610/b261011.lzh,2026-10-11T04:40:34.312436+09:00
20261011,19,下関,9,20261011-19-09,5,5346,中村紋夕,23,愛知,46.0,B1,3.09,7.79,1.59,0.0,56,37.0,11,33.66,,3,https://www1.mbrace.or.jp/od2/B/202610/b261011.lzh,2026-10-11T04:40:34.312436+09:00
20261011,19,下関,9,20261011-19-09,6,3297,藤丸光一,59,福岡,49.0,B1,4.93,28.87,5.39,27.78,54,25.47,54,31.68,,1,https://www1.mbrace.or.jp/od2/B/202610/b261011.lzh,2026-10-11T04:40:34.312436+09:00
20261011,19,下関,10,20261011-19-10,1,4359,横川聖志,42,徳島,57.0,A2,5.21,33.67,6.19,50.0,67,49.0,66,28.85,,,https://www1.mbrace.or.jp/od2/B/202610/b261011.lzh,2026-10-11T04:40:34.312436+09:00
20261011,19,下関,10,20261011-19-10,2,4161,黒柳浩孝,44,愛知,55.0,B1,5.36,35.24,6.24,42.86,51,28.97,62,26.85,,1,https://www1.mbrace.or.jp/od2/B/202610/b261011.lzh,2026-10-11T04:40:34.312436+09:00
20261011,19,下関,10,20261011-19-10,3,4077,品田直樹,47,東京,52.0,A2,5.3,33.98,4.82,36.36,62,42.59,27,31.78,,3,https://www1.mbrace.or.jp/od2/B/202610/b261011.lzh,2026-10-11T04:40:34.312436+09:00
20261011,19,下関,10,20261011-19-10,4,4635,峰重力也,36,岡山,52.0,A2,5.43,36.17,5.0,29.41,13,32.98,55,37.74,,6,https://www1.mbrace.or.jp/od2/B/202610/b261011.lzh,2026-10-11T04:40:34.312436+09:00
20261011,19,下関,10,20261011-19-10,5,5381,有山望,22,大阪,49.0,B1,3.63,11.84,0.0,0.0,20,29.47,71,32.67,,5,https://www1.mbrace.or.jp/od2/B/202610/b261011.lzh,2026-10-11T04:40:34.312436+09:00
20261011,19,下関,10,20261011-19-10,6,4121,富永修一,44,福岡,52.0,A2,6.05,45.54,6.0,43.75,45,23.64,38,36.89,,4,https://www1.mbrace.or.jp/od2/B/202610/b261011.lzh,2026-10-11T04:40:34.312436+09:00
20261011,19,下関,11,20261011-19-11,1,4817,渡邉翼,35,山口,50.0,A1,6.07,44.44,6.57,53.57,34,25.0,67,35.92,,5,https://www1.mbrace.or.jp/od2/B/202610/b261011.lzh,2026-10-11T04:40:34.312436+09:00
20261011,19,下関,11,20261011-19-11,2,4948,木場悠介,34,長崎,51.0,B1,5.53,36.17,5.04,28.57,50,33.33,18,22.33,,3,https://www1.mbrace.or.jp/od2/B/202610/b261011.lzh,2026-10-11T04:40:34.312436+09:00
20261011,19,下関,11,20261011-19-11,3,4089,妹尾忠幸,46,岡山,55.0,A2,6.61,44.34,6.32,41.18,15,33.98,13,28.43,,4,https://www1.mbrace.or.jp/od2/B/202610/b261011.lzh,2026-10-11T04:40:34.312436+09:00
20261011,19,下関,11,20261011-19-11,4,4549,小林文彦,38,福岡,53.0,A2,6.18,44.44,5.32,36.36,36,27.72,25,43.56,,7,https://www1.mbrace.or.jp/od2/B/202610/b261011.lzh,2026-10-11T04:40:34.312436+09:00
20261011,19,下関,11,20261011-19-11,5,4260,中越博紀,42,香川,55.0,B1,5.84,47.37,5.59,45.33,65,33.02,63,32.71,,2,https://www1.mbrace.or.jp/od2/B/202610/b261011.lzh,2026-10-11T04:40:34.312436+09:00
20261011,19,下関,11,20261011-19-11,6,3956,横澤剛治,49,静岡,56.0,A2,5.75,35.16,6.67,51.52,32,26.42,44,27.1,,6,https://www1.mbrace.or.jp/od2/B/202610/b261011.lzh,2026-10-11T04:40:34.312436+09:00
20261011,19,下関,12,20261011-19-12,1,4980,佐々木完,30,山口,52.0,A1,7.1,53.47,7.25,57.63,72,25.47,30,28.71,,2,https://www1.mbrace.or.jp/od2/B/202610/b261011.lzh,2026-10-11T04:40:34.312436+09:00
20261011,19,下関,12,20261011-19-12,2,3960,菊地孝平,48,静岡,55.0,A1,6.65,39.81,8.28,50.0,57,41.9,52,27.72,,3,https://www1.mbrace.or.jp/od2/B/202610/b261011.lzh,2026-10-11T04:40:34.312436+09:00
20261011,19,下関,12,20261011-19-12,3,4445,宮地元輝,39,佐賀,55.0,A1,7.22,47.42,7.59,44.44,35,24.75,68,38.83,,5,https://www1.mbrace.or.jp/od2/B/202610/b261011.lzh,2026-10-11T04:40:34.312436+09:00
20261011,19,下関,12,20261011-19-12,4,4959,井上忠政,30,大阪,53.0,A1,7.08,50.91,7.97,68.57,55,34.91,20,23.81,,4,https://www1.mbrace.or.jp/od2/B/202610/b261011.lzh,2026-10-11T04:40:34.312436+09:00
20261011,19,下関,12,20261011-19-12,5,5089,前田翔,26,愛知,51.0,A1,7.12,57.01,6.2,40.0,53,23.15,28,44.12,,6,https://www1.mbrace.or.jp/od2/B/202610/b261011.lzh,2026-10-11T04:40:34.312436+09:00
20261011,19,下関,12,20261011-19-12,6,5298,水谷理人,24,香川,51.0,A1,7.11,58.33,6.31,43.75,25,28.18,64,36.54,,7,https://www1.mbrace.or.jp/od2/B/202610/b261011.lzh,2026-10-11T04:40:34.312436+09:00
20261011,18,徳山,1,20261011-18-01,1,4515,藤田浩人,40,佐賀,54.0,A2,5.48,34.17,5.81,42.11,15,37.5,21,27.75,3S,9,https://www1.mbrace.or.jp/od2/B/202610/b261011.lzh,2026-10-11T04:40:34.312436+09:00
20261011,18,徳山,1,20261011-18-01,2,4984,森下愛梨,29,静岡,51.0,B1,4.71,26.67,4.07,18.52,24,23.64,61,25.69,6,8,https://www1.mbrace.or.jp/od2/B/202610/b261011.lzh,2026-10-11T04:40:34.312436+09:00
20261011,18,徳山,1,20261011-18-01,3,4214,林祐介,42,岡山,52.0,B1,5.48,30.95,5.9,42.86,67,29.13,18,38.5,3,12,https://www1.mbrace.or.jp/od2/B/202610/b261011.lzh,2026-10-11T04:40:34.312436+09:00
20261011,18,徳山,1,20261011-18-01,4,4592,小林孝弘,45,山口,53.0,B1,4.42,20.22,4.95,27.47,56,37.93,23,29.78,2,10,https://www1.mbrace.or.jp/od2/B/202610/b261011.lzh,2026-10-11T04:40:34.312436+09:00
20261011,18,徳山,1,20261011-18-01,5,4039,村上功祐,47,大阪,57.0,B1,5.68,42.22,5.53,40.63,12,35.96,30,35.4,3,6,https://www1.mbrace.or.jp/od2/B/202610/b261011.lzh,2026-10-11T04:40:34.312436+09:00
20261011,18,徳山,1,20261011-18-01,6,3620,信濃由行,52,福井,54.0,B1,3.16,7.89,5.62,46.15,57,28.0,74,35.16,6,7,https://www1.mbrace.or.jp/od2/B/202610/b261011.lzh,2026-10-11T04:40:34.312436+09:00
20261011,18,徳山,2,20261011-18-02,1,4771,下寺秀和,33,広島,55.0,A1,6.88,53.33,6.25,43.64,60,33.9,32,29.96,26,6,https://www1.mbrace.or.jp/od2/B/202610/b261011.lzh,2026-10-11T04:40:34.312436+09:00
20261011,18,徳山,2,20261011-18-02,2,4047,吉永浩則,46,大阪,54.0,B1,3.44,14.67,4.32,20.45,18,28.71,67,40.27,1,9,https://www1.mbrace.or.jp/od2/B/202610/b261011.lzh,2026-10-11T04:40:34.312436+09:00
20261011,18,徳山,2,20261011-18-02,3,3505,山田竜一,55,東京,53.0,A2,5.36,35.85,5.68,31.82,74,40.59,65,27.48,15,11,https://www1.mbrace.or.jp/od2/B/202610/b261011.lzh,2026-10-11T04:40:34.312436+09:00
20261011,18,徳山,2,20261011-18-02,4,5123,福山恵里,30,山口,48.0,B1,3.82,20.27,4.51,30.77,46,34.85,52,29.73,11,,https://www1.mbrace.or.jp/od2/B/202610/b261011.lzh,2026-10-11T04:40:34.312436+09:00
20261011,18,徳山,2,20261011-18-02,5,4073,大橋純一,45,静岡,53.0,A1,6.58,55.08,6.53,43.75,49,23.33,24,34.38,15,8,https://www1.mbrace.or.jp/od2/B/202610/b261011.lzh,2026-10-11T04:40:34.312436+09:00
20261011,18,徳山,2,20261011-18-02,6,4380,鈴木峻佑,42,静岡,53.0,B1,4.67,24.76,3.88,12.5,59,37.25,41,38.12,1,7,https://www1.mbrace.or.jp/od2/B/202610/b261011.lzh,2026-10-11T04:40:34.312436+09:00
20261011,18,徳山,3,20261011-18-03,1,3703,鳥飼眞,52,福岡,52.0,A2,5.97,44.44,6.05,40.35,69,44.74,56,31.42,4,8,https://www1.mbrace.or.jp/od2/B/202610/b261011.lzh,2026-10-11T04:40:34.312436+09:00
20261011,18,徳山,3,20261011-18-03,2,4317,木村紗友,42,静岡,48.0,B1,4.57,24.18,0.0,0.0,13,41.9,19,37.34,16,,https://www1.mbrace.or.jp/od2/B/202610/b261011.lzh,2026-10-11T04:40:34.312436+09:00
20261011,18,徳山,3,20261011-18-03,3,3880,浅見宗孝,53,埼玉,55.0,B1,4.44,20.0,4.75,25.0,17,41.51,31,34.36,S,7,https://www1.mbrace.or.jp/od2/B/202610/b261011.lzh,2026-10-11T04:40:34.312436+09:00
20261011,18,徳山,3,20261011-18-03,4,3548,室田泰史,56,福井,54.0,A2,4.98,28.83,6.36,46.15,70,24.07,48,33.77,1,12,https://www1.mbrace.or.jp/od2/B/202610/b261011.lzh,2026-10-11T04:40:34.312436+09:00
20261011,18,徳山,3,20261011-18-03,5,4271,川崎公靖,44,広島,53.0,B1,4.52,27.27,4.45,26.19,52,20.35,27,30.56,5,11,https://www1.mbrace.or.jp/od2/B/202610/b261011.lzh,2026-10-11T04:40:34.312436+09:00
20261011,18,徳山,3,20261011-18-03,6,4514,上條嘉嗣,36,大阪,52.0,A1,6.88,57.38,7.81,64.52,26,37.27,71,25.89,23,10,https://www1.mbrace.or.jp/od2/B/202610/b261011.lzh,2026-10-11T04:40:34.312436+09:00
20261011,18,徳山,4,20261011-18-04,1,4319,三宅潤,41,大阪,54.0,A2,5.25,29.6,5.25,27.5,25,25.96,25,28.89,43,,https://www1.mbrace.or.jp/od2/B/202610/b261011.lzh,2026-10-11T04:40:34.312436+09:00
20261011,18,徳山,4,20261011-18-04,2,4472,尾嶋一広,39,兵庫,55.0,A1,6.66,50.45,0.0,0.0,48,33.81,38,41.67,52,9,https://www1.mbrace.or.jp/od2/B/202610/b261011.lzh,2026-10-11T04:40:34.312436+09:00
20261011,18,徳山,4,20261011-18-04,3,4660,宇田川信,35,東京,53.0,B1,4.12,22.41,0.0,0.0,14,42.99,72,33.92,56,,https://www1.mbrace.or.jp/od2/B/202610/b261011.lzh,2026-10-11T04:40:34.312436+09:00
20261011,18,徳山,4,20261011-18-04,4,5419,櫻井隼,20,埼玉,51.0,B1,2.23,1.41,0.0,0.0,22,30.56,54,39.29,63,,https://www1.mbrace.or.jp/od2/B/202610/b261011.lzh,2026-10-11T04:40:34.312436+09:00
20261011,18,徳山,4,20261011-18-04,5,5237,永松良教,27,福岡,54.0,B2,5.07,26.03,3.29,14.29,75,34.96,35,28.7,44,,https://www1.mbrace.or.jp/od2/B/202610/b261011.lzh,2026-10-11T04:40:34.312436+09:00
20261011,18,徳山,4,20261011-18-04,6,3175,渡辺千草,62,東京,48.0,B1,4.44,23.6,4.69,26.92,73,42.11,70,30.53,2,10,https://www1.mbrace.or.jp/od2/B/202610/b261011.lzh,2026-10-11T04:40:34.312436+09:00
20261011,18,徳山,5,20261011-18-05,1,4684,楠原翔太,35,福岡,56.0,B1,5.62,36.28,5.69,27.59,21,31.11,37,34.38,33,,https://www1.mbrace.or.jp/od2/B/202610/b261011.lzh,2026-10-11T04:40:34.312436+09:00
20261011,18,徳山,5,20261011-18-05,2,4068,幸田智裕,46,静岡,54.0,B1,4.95,24.24,4.75,20.83,47,38.1,34,32.44,45,,https://www1.mbrace.or.jp/od2/B/202610/b261011.lzh,2026-10-11T04:40:34.312436+09:00
20261011,18,徳山,5,20261011-18-05,3,4425,大井清貴,41,山口,54.0,B1,4.37,22.39,4.82,20.45,64,39.09,43,28.76,1,12,https://www1.mbrace.or.jp/od2/B/202610/b261011.lzh,2026-10-11T04:40:34.312436+09:00
20261011,18,徳山,5,20261011-18-05,4,5412,久保田凪,21,佐賀,44.0,B2,1.91,4.69,1.13,0.0,19,48.18,14,36.28,6,9,https://www1.mbrace.or.jp/od2/B/202610/b261011.lzh,2026-10-11T04:40:34.312436+09:00
20261011,18,徳山,5,20261011-18-05,5,4982,中村将隆,30,兵庫,56.0,B1,5.1,29.58,3.57,14.29,11,29.17,60,25.0,2,10,https://www1.mbrace.or.jp/od2/B/202610/b261011.lzh,2026-10-11T04:40:34.312436+09:00
20261011,18,徳山,5,20261011-18-05,6,4166,吉田拡郎,44,岡山,53.0,A1,7.61,58.12,8.0,60.0,23,34.4,68,39.47,51,11,https://www1.mbrace.or.jp/od2/B/202610/b261011.lzh,2026-10-11T04:40:34.312436+09:00
20261011,18,徳山,6,20261011-18-06,1,4039,村上功祐,47,大阪,57.0,B1,5.68,42.22,5.53,40.63,12,35.96,30,35.4,3,1,https://www1.mbrace.or.jp/od2/B/202610/b261011.lzh,2026-10-11T04:40:34.312436+09:00
20261011,18,徳山,6,20261011-18-06,2,4771,下寺秀和,33,広島,55.0,A1,6.88,53.33,6.25,43.64,60,33.9,32,29.96,26,2,https://www1.mbrace.or.jp/od2/B/202610/b261011.lzh,2026-10-11T04:40:34.312436+09:00
20261011,18,徳山,6,20261011-18-06,3,5057,上田紗奈,30,大阪,44.0,B1,5.66,43.96,4.33,33.33,50,34.15,33,34.39,13,,https://www1.mbrace.or.jp/od2/B/202610/b261011.lzh,2026-10-11T04:40:34.312436+09:00
20261011,18,徳山,6,20261011-18-06,4,4139,丹下健,45,愛知,54.0,B1,4.41,25.81,4.22,21.74,72,37.29,57,36.49,44,,https://www1.mbrace.or.jp/od2/B/202610/b261011.lzh,2026-10-11T04:40:34.312436+09:00
20261011,18,徳山,6,20261011-18-06,5,3471,赤峰和也,56,佐賀,55.0,B1,4.1,16.67,3.84,16.0,55,38.14,47,33.78,4,10,https://www1.mbrace.or.jp/od2/B/202610/b261011.lzh,2026-10-11T04:40:34.312436+09:00
20261011,18,徳山,6,20261011-18-06,6,4193,郷原章平,45,福岡,51.0,A2,6.17,44.72,5.59,39.02,66,29.13,45,33.78,32,12,https://www1.mbrace.or.jp/od2/B/202610/b261011.lzh,2026-10-11T04:40:34.312436+09:00
20261011,18,徳山,7,20261011-18-07,1,3070,山室展弘,65,岡山,52.0,B1,5.17,43.48,6.08,50.0,71,32.2,44,35.84,2,11,https://www1.mbrace.or.jp/od2/B/202610/b261011.lzh,2026-10-11T04:40:34.312436+09:00
20261011,18,徳山,7,20261011-18-07,2,3620,信濃由行,52,福井,54.0,B1,3.16,7.89,5.62,46.15,57,28.0,74,35.16,6,1,https://www1.mbrace.or.jp/od2/B/202610/b261011.lzh,2026-10-11T04:40:34.312436+09:00
20261011,18,徳山,7,20261011-18-07,3,4179,広次修,43,山口,52.0,A2,5.31,30.25,5.72,36.67,58,30.36,22,39.81,25,,https://www1.mbrace.or.jp/od2/B/202610/b261011.lzh,2026-10-11T04:40:34.312436+09:00
20261011,18,徳山,7,20261011-18-07,4,4380,鈴木峻佑,42,静岡,53.0,B1,4.67,24.76,3.88,12.5,59,37.25,41,38.12,1,2,https://www1.mbrace.or.jp/od2/B/202610/b261011.lzh,2026-10-11T04:40:34.312436+09:00
20261011,18,徳山,7,20261011-18-07,5,4456,鎌倉涼,37,大阪,45.0,A1,6.32,38.96,6.97,51.72,65,25.47,63,30.49,54,12,https://www1.mbrace.or.jp/od2/B/202610/b261011.lzh,2026-10-11T04:40:34.312436+09:00
20261011,18,徳山,7,20261011-18-07,6,3880,浅見宗孝,53,埼玉,55.0,B1,4.44,20.0,4.75,25.0,17,41.51,31,34.36,S,3,https://www1.mbrace.or.jp/od2/B/202610/b261011.lzh,2026-10-11T04:40:34.312436+09:00
20261011,18,徳山,8,20261011-18-08,1,3998,冨成謙児,47,佐賀,52.0,B1,4.27,24.53,4.46,21.43,53,37.82,51,34.36,42,,https://www1.mbrace.or.jp/od2/B/202610/b261011.lzh,2026-10-11T04:40:34.312436+09:00
20261011,18,徳山,8,20261011-18-08,2,3713,伊藤誠二,52,愛知,54.0,A1,4.8,32.04,6.74,47.37,62,30.1,69,29.09,36,12,https://www1.mbrace.or.jp/od2/B/202610/b261011.lzh,2026-10-11T04:40:34.312436+09:00
20261011,18,徳山,8,20261011-18-08,3,3054,北川幸典,63,広島,56.0,B1,5.95,38.67,4.19,19.05,54,35.88,16,38.84,43,,https://www1.mbrace.or.jp/od2/B/202610/b261011.lzh,2026-10-11T04:40:34.312436+09:00
20261011,18,徳山,8,20261011-18-08,4,3703,鳥飼眞,52,福岡,52.0,A2,5.97,44.44,6.05,40.35,69,44.74,56,31.42,4,3,https://www1.mbrace.or.jp/od2/B/202610/b261011.lzh,2026-10-11T04:40:34.312436+09:00
20261011,18,徳山,8,20261011-18-08,5,4984,森下愛梨,29,静岡,51.0,B1,4.71,26.67,4.07,18.52,24,23.64,61,25.69,6,1,https://www1.mbrace.or.jp/od2/B/202610/b261011.lzh,2026-10-11T04:40:34.312436+09:00
20261011,18,徳山,8,20261011-18-08,6,4073,大橋純一,45,静岡,53.0,A1,6.58,55.08,6.53,43.75,49,23.33,24,34.38,15,2,https://www1.mbrace.or.jp/od2/B/202610/b261011.lzh,2026-10-11T04:40:34.312436+09:00
20261011,18,徳山,9,20261011-18-09,1,3516,吉原聖人,58,広島,51.0,B1,4.41,28.26,4.55,35.48,20,35.05,28,30.7,54,,https://www1.mbrace.or.jp/od2/B/202610/b261011.lzh,2026-10-11T04:40:34.312436+09:00
20261011,18,徳山,9,20261011-18-09,2,4520,高倉孝太,39,福井,50.0,A2,5.59,33.94,5.52,40.74,68,47.17,15,37.95,25,,https://www1.mbrace.or.jp/od2/B/202610/b261011.lzh,2026-10-11T04:40:34.312436+09:00
20261011,18,徳山,9,20261011-18-09,3,5412,久保田凪,21,佐賀,44.0,B2,1.91,4.69,1.13,0.0,19,48.18,14,36.28,6,5,https://www1.mbrace.or.jp/od2/B/202610/b261011.lzh,2026-10-11T04:40:34.312436+09:00
20261011,18,徳山,9,20261011-18-09,4,4047,吉永浩則,46,大阪,54.0,B1,3.44,14.67,4.32,20.45,18,28.71,67,40.27,1,2,https://www1.mbrace.or.jp/od2/B/202610/b261011.lzh,2026-10-11T04:40:34.312436+09:00
20261011,18,徳山,9,20261011-18-09,5,4515,藤田浩人,40,佐賀,54.0,A2,5.48,34.17,5.81,42.11,15,37.5,21,27.75,3S,1,https://www1.mbrace.or.jp/od2/B/202610/b261011.lzh,2026-10-11T04:40:34.312436+09:00
20261011,18,徳山,9,20261011-18-09,6,4472,尾嶋一広,39,兵庫,55.0,A1,6.66,50.45,0.0,0.0,48,33.81,38,41.67,52,4,https://www1.mbrace.or.jp/od2/B/202610/b261011.lzh,2026-10-11T04:40:34.312436+09:00
20261011,18,徳山,10,20261011-18-10,1,4592,小林孝弘,45,山口,53.0,B1,4.42,20.22,4.95,27.47,56,37.93,23,29.78,2,1,https://www1.mbrace.or.jp/od2/B/202610/b261011.lzh,2026-10-11T04:40:34.312436+09:00
20261011,18,徳山,10,20261011-18-10,2,3175,渡辺千草,62,東京,48.0,B1,4.44,23.6,4.69,26.92,73,42.11,70,30.53,2,4,https://www1.mbrace.or.jp/od2/B/202610/b261011.lzh,2026-10-11T04:40:34.312436+09:00
20261011,18,徳山,10,20261011-18-10,3,4514,上條嘉嗣,36,大阪,52.0,A1,6.88,57.38,7.81,64.52,26,37.27,71,25.89,23,3,https://www1.mbrace.or.jp/od2/B/202610/b261011.lzh,2026-10-11T04:40:34.312436+09:00
20261011,18,徳山,10,20261011-18-10,4,4982,中村将隆,30,兵庫,56.0,B1,5.1,29.58,3.57,14.29,11,29.17,60,25.0,2,5,https://www1.mbrace.or.jp/od2/B/202610/b261011.lzh,2026-10-11T04:40:34.312436+09:00
20261011,18,徳山,10,20261011-18-10,5,3484,芝田浩治,54,兵庫,54.0,A2,6.19,48.51,5.31,43.75,16,28.85,26,29.52,61,,https://www1.mbrace.or.jp/od2/B/202610/b261011.lzh,2026-10-11T04:40:34.312436+09:00
20261011,18,徳山,10,20261011-18-10,6,3471,赤峰和也,56,佐賀,55.0,B1,4.1,16.67,3.84,16.0,55,38.14,47,33.78,4,6,https://www1.mbrace.or.jp/od2/B/202610/b261011.lzh,2026-10-11T04:40:34.312436+09:00
20261011,18,徳山,11,20261011-18-11,1,4271,川崎公靖,44,広島,53.0,B1,4.52,27.27,4.45,26.19,52,20.35,27,30.56,5,3,https://www1.mbrace.or.jp/od2/B/202610/b261011.lzh,2026-10-11T04:40:34.312436+09:00
20261011,18,徳山,11,20261011-18-11,2,4166,吉田拡郎,44,岡山,53.0,A1,7.61,58.12,8.0,60.0,23,34.4,68,39.47,51,5,https://www1.mbrace.or.jp/od2/B/202610/b261011.lzh,2026-10-11T04:40:34.312436+09:00
20261011,18,徳山,11,20261011-18-11,3,4752,西尾亮輔,38,愛知,52.0,B1,3.85,15.63,0.0,0.0,61,34.69,42,29.15,62,,https://www1.mbrace.or.jp/od2/B/202610/b261011.lzh,2026-10-11T04:40:34.312436+09:00
20261011,18,徳山,11,20261011-18-11,4,3070,山室展弘,65,岡山,52.0,B1,5.17,43.48,6.08,50.0,71,32.2,44,35.84,2,7,https://www1.mbrace.or.jp/od2/B/202610/b261011.lzh,2026-10-11T04:40:34.312436+09:00
20261011,18,徳山,11,20261011-18-11,5,3505,山田竜一,55,東京,53.0,A2,5.36,35.85,5.68,31.82,74,40.59,65,27.48,15,2,https://www1.mbrace.or.jp/od2/B/202610/b261011.lzh,2026-10-11T04:40:34.312436+09:00
20261011,18,徳山,11,20261011-18-11,6,5451,知念伶奈,21,佐賀,47.0,B2,1.24,2.17,0.0,0.0,63,27.52,62,37.5,5,,https://www1.mbrace.or.jp/od2/B/202610/b261011.lzh,2026-10-11T04:40:34.312436+09:00
20261011,18,徳山,12,20261011-18-12,1,4456,鎌倉涼,37,大阪,45.0,A1,6.32,38.96,6.97,51.72,65,25.47,63,30.49,54,7,https://www1.mbrace.or.jp/od2/B/202610/b261011.lzh,2026-10-11T04:40:34.312436+09:00
20261011,18,徳山,12,20261011-18-12,2,4425,大井清貴,41,山口,54.0,B1,4.37,22.39,4.82,20.45,64,39.09,43,28.76,1,5,https://www1.mbrace.or.jp/od2/B/202610/b261011.lzh,2026-10-11T04:40:34.312436+09:00
20261011,18,徳山,12,20261011-18-12,3,3713,伊藤誠二,52,愛知,54.0,A1,4.8,32.04,6.74,47.37,62,30.1,69,29.09,36,8,https://www1.mbrace.or.jp/od2/B/202610/b261011.lzh,2026-10-11T04:40:34.312436+09:00
20261011,18,徳山,12,20261011-18-12,4,4193,郷原章平,45,福岡,51.0,A2,6.17,44.72,5.59,39.02,66,29.13,45,33.78,32,6,https://www1.mbrace.or.jp/od2/B/202610/b261011.lzh,2026-10-11T04:40:34.312436+09:00
20261011,18,徳山,12,20261011-18-12,5,3548,室田泰史,56,福井,54.0,A2,4.98,28.83,6.36,46.15,70,24.07,48,33.77,1,3,https://www1.mbrace.or.jp/od2/B/202610/b261011.lzh,2026-10-11T04:40:34.312436+09:00
20261011,18,徳山,12,20261011-18-12,6,4214,林祐介,42,岡山,52.0,B1,5.48,30.95,5.9,42.86,67,29.13,18,38.5,3,1,https://www1.mbrace.or.jp/od2/B/202610/b261011.lzh,2026-10-11T04:40:34.312436+09:00
20261011,16,児島,1,20261011-16-01,1,3746,岡瀬正人,51,岡山,54.0,A2,5.77,36.52,5.98,43.98,21,37.61,24,29.21,35536 44,,https://www1.mbrace.or.jp/od2/B/202610/b261011.lzh,2026-10-11T04:40:34.312436+09:00
20261011,16,児島,1,20261011-16-01,2,3839,川合理司,51,静岡,65.0,B1,2.21,5.0,4.44,33.33,40,22.97,26,35.75,6 466 36,,https://www1.mbrace.or.jp/od2/B/202610/b261011.lzh,2026-10-11T04:40:34.312436+09:00
20261011,16,児島,1,20261011-16-01,3,3812,山崎聖司,50,東京,52.0,B1,4.04,13.75,0.0,0.0,30,37.05,34,39.9,6 544 33,8,https://www1.mbrace.or.jp/od2/B/202610/b261011.lzh,2026-10-11T04:40:34.312436+09:00
20261011,16,児島,1,20261011-16-01,4,2538,高橋二朗,77,東京,52.0,B1,3.1,4.44,3.0,0.0,52,28.14,11,28.21,3 32565,7,https://www1.mbrace.or.jp/od2/B/202610/b261011.lzh,2026-10-11T04:40:34.312436+09:00
20261011,16,児島,1,20261011-16-01,5,3945,橋口真樹,50,愛知,51.0,B1,4.45,20.27,5.07,25.0,57,32.02,38,41.67,642 213,5,https://www1.mbrace.or.jp/od2/B/202610/b261011.lzh,2026-10-11T04:40:34.312436+09:00
20261011,16,児島,1,20261011-16-01,6,4580,長谷川雅,37,岡山,53.0,B1,5.7,38.1,5.69,42.19,48,23.56,21,29.08,453 533,9,https://www1.mbrace.or.jp/od2/B/202610/b261011.lzh,2026-10-11T04:40:34.312436+09:00
20261011,16,児島,2,20261011-16-02,1,5235,岩田凌,27,大阪,56.0,B2,3.78,12.33,2.22,5.56,41,34.68,54,36.63,461 515,6,https://www1.mbrace.or.jp/od2/B/202610/b261011.lzh,2026-10-11T04:40:34.312436+09:00
20261011,16,児島,2,20261011-16-02,2,4485,楠原正剛,40,福岡,56.0,B1,4.86,27.47,5.28,36.07,32,28.64,31,34.63,6 664 55,,https://www1.mbrace.or.jp/od2/B/202610/b261011.lzh,2026-10-11T04:40:34.312436+09:00
20261011,16,児島,2,20261011-16-02,3,3934,鋤柄貴俊,49,愛知,53.0,B1,5.33,29.51,4.47,20.59,58,35.38,27,31.37,14465 6,7,https://www1.mbrace.or.jp/od2/B/202610/b261011.lzh,2026-10-11T04:40:34.312436+09:00
20261011,16,児島,2,20261011-16-02,4,3906,飯山晃三,48,長崎,63.0,B1,3.58,18.82,3.81,24.32,31,33.33,65,35.82,556 4 46,,https://www1.mbrace.or.jp/od2/B/202610/b261011.lzh,2026-10-11T04:40:34.312436+09:00
20261011,16,児島,2,20261011-16-02,5,3748,小黒竜吾,51,埼玉,58.0,B1,4.15,13.43,5.0,44.44,60,42.27,40,31.86,561 546,9,https://www1.mbrace.or.jp/od2/B/202610/b261011.lzh,2026-10-11T04:40:34.312436+09:00
20261011,16,児島,2,20261011-16-02,6,5426,甲斐貴大,24,福岡,54.0,B2,2.31,2.94,2.14,0.0,44,40.81,47,30.05,5 235 56,8,https://www1.mbrace.or.jp/od2/B/202610/b261011.lzh,2026-10-11T04:40:34.312436+09:00
20261011,16,児島,3,20261011-16-03,1,4872,山下流心,33,広島,53.0,B1,4.31,22.22,5.64,38.46,19,42.15,75,32.83,435 261,8,https://www1.mbrace.or.jp/od2/B/202610/b261011.lzh,2026-10-11T04:40:34.312436+09:00
20261011,16,児島,3,20261011-16-03,2,3893,汐崎正則,50,愛知,53.0,B1,5.58,38.89,4.1,20.0,46,25.87,67,29.23,1 633 25,7,https://www1.mbrace.or.jp/od2/B/202610/b261011.lzh,2026-10-11T04:40:34.312436+09:00
20261011,16,児島,3,20261011-16-03,3,4879,山崎鉄平,31,佐賀,53.0,B1,5.03,29.7,5.48,33.33,39,38.94,28,26.32,43452 3,9,https://www1.mbrace.or.jp/od2/B/202610/b261011.lzh,2026-10-11T04:40:34.312436+09:00
20261011,16,児島,3,20261011-16-03,4,4006,小野勇作,48,佐賀,50.0,B1,5.18,31.31,5.27,31.82,66,34.5,53,25.65,226 1126,12,https://www1.mbrace.or.jp/od2/B/202610/b261011.lzh,2026-10-11T04:40:34.312436+09:00
20261011,16,児島,3,20261011-16-03,5,5096,上原崚,31,東京,52.0,A2,6.05,37.84,5.56,22.22,15,28.77,37,25.79,1 253322,11,https://www1.mbrace.or.jp/od2/B/202610/b261011.lzh,2026-10-11T04:40:34.312436+09:00
20261011,16,児島,3,20261011-16-03,6,4276,鈴木勝博,43,愛知,53.0,A2,6.34,48.94,5.81,38.89,25,28.44,49,47.76,511 4321,10,https://www1.mbrace.or.jp/od2/B/202610/b261011.lzh,2026-10-11T04:40:34.312436+09:00
20261011,16,児島,4,20261011-16-04,1,4572,渡部悟,38,大阪,56.0,B1,5.14,32.41,6.32,50.0,42,31.56,43,38.46,5 45332,9,https://www1.mbrace.or.jp/od2/B/202610/b261011.lzh,2026-10-11T04:40:34.312436+09:00
20261011,16,児島,4,20261011-16-04,2,5095,小原聡将,32,東京,52.0,A2,5.95,33.33,5.77,38.71,62,38.46,13,28.5,531 1413,10,https://www1.mbrace.or.jp/od2/B/202610/b261011.lzh,2026-10-11T04:40:34.312436+09:00
20261011,16,児島,4,20261011-16-04,3,3542,清水紀克,58,愛知,57.0,B1,4.07,18.48,4.11,26.32,69,35.71,12,29.8,1 646 46,,https://www1.mbrace.or.jp/od2/B/202610/b261011.lzh,2026-10-11T04:40:34.312436+09:00
20261011,16,児島,4,20261011-16-04,4,4095,福来剛,45,東京,52.0,A1,6.98,56.6,6.69,52.38,17,37.55,18,33.97,323 2621,12,https://www1.mbrace.or.jp/od2/B/202610/b261011.lzh,2026-10-11T04:40:34.312436+09:00
20261011,16,児島,4,20261011-16-04,5,5223,森清友翔,25,福岡,54.0,B1,5.14,29.52,2.85,7.69,14,27.43,42,33.98,261 6134,,https://www1.mbrace.or.jp/od2/B/202610/b261011.lzh,2026-10-11T04:40:34.312436+09:00
20261011,16,児島,4,20261011-16-04,6,4058,野末智一,47,静岡,51.0,A1,5.92,41.67,5.6,32.5,22,35.59,36,37.25,3621124,11,https://www1.mbrace.or.jp/od2/B/202610/b261011.lzh,2026-10-11T04:40:34.312436+09:00
20261011,16,児島,5,20261011-16-05,1,4583,古田祐貴,37,香川,52.0,B1,5.41,34.29,5.57,28.57,26,29.07,20,29.76,14352 35,10,https://www1.mbrace.or.jp/od2/B/202610/b261011.lzh,2026-10-11T04:40:34.312436+09:00
20261011,16,児島,5,20261011-16-05,2,3945,橋口真樹,50,愛知,51.0,B1,4.45,20.27,5.07,25.0,57,32.02,38,41.67,642 213,1,https://www1.mbrace.or.jp/od2/B/202610/b261011.lzh,2026-10-11T04:40:34.312436+09:00
20261011,16,児島,5,20261011-16-05,3,4302,西野翔太,43,広島,52.0,A1,6.62,52.14,6.42,52.08,34,32.59,68,39.22,64312 15,12,https://www1.mbrace.or.jp/od2/B/202610/b261011.lzh,2026-10-11T04:40:34.312436+09:00
20261011,16,児島,5,20261011-16-05,4,3589,西村勝,53,埼玉,57.0,B1,4.34,26.76,6.0,50.0,11,30.97,55,27.32,361 2224,11,https://www1.mbrace.or.jp/od2/B/202610/b261011.lzh,2026-10-11T04:40:34.312436+09:00
20261011,16,児島,5,20261011-16-05,5,4958,溝口海義,31,福岡,56.0,A1,6.43,43.08,6.36,47.17,64,34.82,30,33.33,23331 52,10,https://www1.mbrace.or.jp/od2/B/202610/b261011.lzh,2026-10-11T04:40:34.312436+09:00
20261011,16,児島,5,20261011-16-05,6,4553,坪口竜也,37,長崎,52.0,A2,5.66,37.0,7.33,52.38,53,32.3,50,37.81,5 443315,,https://www1.mbrace.or.jp/od2/B/202610/b261011.lzh,2026-10-11T04:40:34.312436+09:00
20261011,16,児島,6,20261011-16-06,1,4277,金田大輔,43,岡山,50.0,B1,4.74,30.43,4.99,29.73,18,31.7,66,33.66,2 1411S4,10,https://www1.mbrace.or.jp/od2/B/202610/b261011.lzh,2026-10-11T04:40:34.312436+09:00
20261011,16,児島,6,20261011-16-06,2,4538,笠置博之,36,大阪,54.0,A1,5.26,36.84,4.93,25.0,12,39.82,70,30.05,2 426316,12,https://www1.mbrace.or.jp/od2/B/202610/b261011.lzh,2026-10-11T04:40:34.312436+09:00
20261011,16,児島,6,20261011-16-06,3,5081,篠原飛翔,27,福岡,53.0,A2,5.31,33.33,5.32,31.58,37,33.63,72,30.15,4121244,11,https://www1.mbrace.or.jp/od2/B/202610/b261011.lzh,2026-10-11T04:40:34.312436+09:00
20261011,16,児島,6,20261011-16-06,4,3075,中村裕将,64,埼玉,56.0,B1,4.88,32.93,4.11,33.33,23,33.78,63,34.72,1 161461,10,https://www1.mbrace.or.jp/od2/B/202610/b261011.lzh,2026-10-11T04:40:34.312436+09:00
20261011,16,児島,6,20261011-16-06,5,5235,岩田凌,27,大阪,56.0,B2,3.78,12.33,2.22,5.56,41,34.68,54,36.63,461 515,2,https://www1.mbrace.or.jp/od2/B/202610/b261011.lzh,2026-10-11T04:40:34.312436+09:00
20261011,16,児島,6,20261011-16-06,6,4930,佐藤悠,30,福井,54.0,A2,6.14,41.88,6.27,45.45,49,36.32,16,22.73,12355F4,,https://www1.mbrace.or.jp/od2/B/202610/b261011.lzh,2026-10-11T04:40:34.312436+09:00
20261011,16,児島,7,20261011-16-07,1,4003,表憲一,48,福井,54.0,B1,5.35,32.61,6.33,33.33,65,34.23,35,29.29,2332454,11,https://www1.mbrace.or.jp/od2/B/202610/b261011.lzh,2026-10-11T04:40:34.312436+09:00
20261011,16,児島,7,20261011-16-07,2,4128,川口貴久,46,東京,55.0,B1,4.94,27.78,4.25,18.75,20,47.32,32,31.07,1 564122,11,https://www1.mbrace.or.jp/od2/B/202610/b261011.lzh,2026-10-11T04:40:34.312436+09:00
20261011,16,児島,7,20261011-16-07,3,2538,高橋二朗,77,東京,52.0,B1,3.1,4.44,3.0,0.0,52,28.14,11,28.21,3 32565,1,https://www1.mbrace.or.jp/od2/B/202610/b261011.lzh,2026-10-11T04:40:34.312436+09:00
20261011,16,児島,7,20261011-16-07,4,3934,鋤柄貴俊,49,愛知,53.0,B1,5.33,29.51,4.47,20.59,58,35.38,27,31.37,14465 6,2,https://www1.mbrace.or.jp/od2/B/202610/b261011.lzh,2026-10-11T04:40:34.312436+09:00
20261011,16,児島,7,20261011-16-07,5,3893,汐崎正則,50,愛知,53.0,B1,5.58,38.89,4.1,20.0,46,25.87,67,29.23,1 633 25,3,https://www1.mbrace.or.jp/od2/B/202610/b261011.lzh,2026-10-11T04:40:34.312436+09:00
20261011,16,児島,7,20261011-16-07,6,3257,田頭実,59,福岡,51.0,A1,6.93,56.98,6.67,56.67,35,44.2,69,32.2,311 6512,12,https://www1.mbrace.or.jp/od2/B/202610/b261011.lzh,2026-10-11T04:40:34.312436+09:00
20261011,16,児島,8,20261011-16-08,1,3873,別府昌樹,50,広島,55.0,B1,5.32,34.04,5.33,32.56,27,34.72,22,32.06,126 3651,12,https://www1.mbrace.or.jp/od2/B/202610/b261011.lzh,2026-10-11T04:40:34.312436+09:00
20261011,16,児島,8,20261011-16-08,2,3812,山崎聖司,50,東京,52.0,B1,4.04,13.75,0.0,0.0,30,37.05,34,39.9,6 544 33,1,https://www1.mbrace.or.jp/od2/B/202610/b261011.lzh,2026-10-11T04:40:34.312436+09:00
20261011,16,児島,8,20261011-16-08,3,3953,志道吉和,50,福岡,54.0,B2,3.7,18.92,4.38,25.0,61,35.96,41,31.79,6 224 43,,https://www1.mbrace.or.jp/od2/B/202610/b261011.lzh,2026-10-11T04:40:34.312436+09:00
20261011,16,児島,8,20261011-16-08,4,4872,山下流心,33,広島,53.0,B1,4.31,22.22,5.64,38.46,19,42.15,75,32.83,435 261,3,https://www1.mbrace.or.jp/od2/B/202610/b261011.lzh,2026-10-11T04:40:34.312436+09:00
20261011,16,児島,8,20261011-16-08,5,5426,甲斐貴大,24,福岡,54.0,B2,2.31,2.94,2.14,0.0,44,40.81,47,30.05,5 235 56,2,https://www1.mbrace.or.jp/od2/B/202610/b261011.lzh,2026-10-11T04:40:34.312436+09:00
20261011,16,児島,8,20261011-16-08,6,4259,真庭明志,42,長崎,53.0,A2,5.7,36.07,5.22,40.82,13,36.44,58,37.75,355 2516,,https://www1.mbrace.or.jp/od2/B/202610/b261011.lzh,2026-10-11T04:40:34.312436+09:00
20261011,16,児島,9,20261011-16-09,1,4348,宮崎奨,41,香川,55.0,A2,6.12,46.3,6.73,46.67,55,47.53,56,33.33,24244 13,,https://www1.mbrace.or.jp/od2/B/202610/b261011.lzh,2026-10-11T04:40:34.312436+09:00
20261011,16,児島,9,20261011-16-09,2,3748,小黒竜吾,51,埼玉,58.0,B1,4.15,13.43,5.0,44.44,60,42.27,40,31.86,561 546,2,https://www1.mbrace.or.jp/od2/B/202610/b261011.lzh,2026-10-11T04:40:34.312436+09:00
20261011,16,児島,9,20261011-16-09,3,4580,長谷川雅,37,岡山,53.0,B1,5.7,38.1,5.69,42.19,48,23.56,21,29.08,453 533,1,https://www1.mbrace.or.jp/od2/B/202610/b261011.lzh,2026-10-11T04:40:34.312436+09:00
20261011,16,児島,9,20261011-16-09,4,4879,山崎鉄平,31,佐賀,53.0,B1,5.03,29.7,5.48,33.33,39,38.94,28,26.32,43452 3,3,https://www1.mbrace.or.jp/od2/B/202610/b261011.lzh,2026-10-11T04:40:34.312436+09:00
20261011,16,児島,9,20261011-16-09,5,4572,渡部悟,38,大阪,56.0,B1,5.14,32.41,6.32,50.0,42,31.56,43,38.46,5 45332,4,https://www1.mbrace.or.jp/od2/B/202610/b261011.lzh,2026-10-11T04:40:34.312436+09:00
20261011,16,児島,9,20261011-16-09,6,4644,山田亮太,47,東京,52.0,A1,6.67,50.0,5.51,30.77,33,25.33,23,32.85,S552323,,https://www1.mbrace.or.jp/od2/B/202610/b261011.lzh,2026-10-11T04:40:34.312436+09:00
20261011,16,児島,10,20261011-16-10,1,4276,鈴木勝博,43,愛知,53.0,A2,6.34,48.94,5.81,38.89,25,28.44,49,47.76,511 4321,3,https://www1.mbrace.or.jp/od2/B/202610/b261011.lzh,2026-10-11T04:40:34.312436+09:00
20261011,16,児島,10,20261011-16-10,2,4958,溝口海義,31,福岡,56.0,A1,6.43,43.08,6.36,47.17,64,34.82,30,33.33,23331 52,5,https://www1.mbrace.or.jp/od2/B/202610/b261011.lzh,2026-10-11T04:40:34.312436+09:00
20261011,16,児島,10,20261011-16-10,3,3075,中村裕将,64,埼玉,56.0,B1,4.88,32.93,4.11,33.33,23,33.78,63,34.72,1 161461,6,https://www1.mbrace.or.jp/od2/B/202610/b261011.lzh,2026-10-11T04:40:34.312436+09:00
20261011,16,児島,10,20261011-16-10,4,4277,金田大輔,43,岡山,50.0,B1,4.74,30.43,4.99,29.73,18,31.7,66,33.66,2 1411S4,6,https://www1.mbrace.or.jp/od2/B/202610/b261011.lzh,2026-10-11T04:40:34.312436+09:00
20261011,16,児島,10,20261011-16-10,5,5095,小原聡将,32,東京,52.0,A2,5.95,33.33,5.77,38.71,62,38.46,13,28.5,531 1413,4,https://www1.mbrace.or.jp/od2/B/202610/b261011.lzh,2026-10-11T04:40:34.312436+09:00
20261011,16,児島,10,20261011-16-10,6,4583,古田祐貴,37,香川,52.0,B1,5.41,34.29,5.57,28.57,26,29.07,20,29.76,14352 35,5,https://www1.mbrace.or.jp/od2/B/202610/b261011.lzh,2026-10-11T04:40:34.312436+09:00
20261011,16,児島,11,20261011-16-11,1,4058,野末智一,47,静岡,51.0,A1,5.92,41.67,5.6,32.5,22,35.59,36,37.25,3621124,4,https://www1.mbrace.or.jp/od2/B/202610/b261011.lzh,2026-10-11T04:40:34.312436+09:00
20261011,16,児島,11,20261011-16-11,2,5096,上原崚,31,東京,52.0,A2,6.05,37.84,5.56,22.22,15,28.77,37,25.79,1 253322,3,https://www1.mbrace.or.jp/od2/B/202610/b261011.lzh,2026-10-11T04:40:34.312436+09:00
20261011,16,児島,11,20261011-16-11,3,3589,西村勝,53,埼玉,57.0,B1,4.34,26.76,6.0,50.0,11,30.97,55,27.32,361 2224,5,https://www1.mbrace.or.jp/od2/B/202610/b261011.lzh,2026-10-11T04:40:34.312436+09:00
20261011,16,児島,11,20261011-16-11,4,5081,篠原飛翔,27,福岡,53.0,A2,5.31,33.33,5.32,31.58,37,33.63,72,30.15,4121244,6,https://www1.mbrace.or.jp/od2/B/202610/b261011.lzh,2026-10-11T04:40:34.312436+09:00
20261011,16,児島,11,20261011-16-11,5,4128,川口貴久,46,東京,55.0,B1,4.94,27.78,4.25,18.75,20,47.32,32,31.07,1 564122,7,https://www1.mbrace.or.jp/od2/B/202610/b261011.lzh,2026-10-11T04:40:34.312436+09:00
20261011,16,児島,11,20261011-16-11,6,4003,表憲一,48,福井,54.0,B1,5.35,32.61,6.33,33.33,65,34.23,35,29.29,2332454,7,https://www1.mbrace.or.jp/od2/B/202610/b261011.lzh,2026-10-11T04:40:34.312436+09:00
20261011,16,児島,12,20261011-16-12,1,3257,田頭実,59,福岡,51.0,A1,6.93,56.98,6.67,56.67,35,44.2,69,32.2,311 6512,7,https://www1.mbrace.or.jp/od2/B/202610/b261011.lzh,2026-10-11T04:40:34.312436+09:00
20261011,16,児島,12,20261011-16-12,2,4095,福来剛,45,東京,52.0,A1,6.98,56.6,6.69,52.38,17,37.55,18,33.97,323 2621,4,https://www1.mbrace.or.jp/od2/B/202610/b261011.lzh,2026-10-11T04:40:34.312436+09:00
20261011,16,児島,12,20261011-16-12,3,4006,小野勇作,48,佐賀,50.0,B1,5.18,31.31,5.27,31.82,66,34.5,53,25.65,226 1126,3,https://www1.mbrace.or.jp/od2/B/202610/b261011.lzh,2026-10-11T04:40:34.312436+09:00
20261011,16,児島,12,20261011-16-12,4,4302,西野翔太,43,広島,52.0,A1,6.62,52.14,6.42,52.08,34,32.59,68,39.22,64312 15,5,https://www1.mbrace.or.jp/od2/B/202610/b261011.lzh,2026-10-11T04:40:34.312436+09:00
20261011,16,児島,12,20261011-16-12,5,4538,笠置博之,36,大阪,54.0,A1,5.26,36.84,4.93,25.0,12,39.82,70,30.05,2 426316,6,https://www1.mbrace.or.jp/od2/B/202610/b261011.lzh,2026-10-11T04:40:34.312436+09:00
20261011,16,児島,12,20261011-16-12,6,3873,別府昌樹,50,広島,55.0,B1,5.32,34.04,5.33,32.56,27,34.72,22,32.06,126 3651,8,https://www1.mbrace.or.jp/od2/B/202610/b261011.lzh,2026-10-11T04:40:34.312436+09:00
20261011,15,丸亀,1,20261011-15-01,1,3701,大西隆洋,53,香川,57.0,B1,4.04,14.29,4.09,21.55,55,12.5,58,34.04,4,7,https://www1.mbrace.or.jp/od2/B/202610/b261011.lzh,2026-10-11T04:40:34.312436+09:00
20261011,15,丸亀,1,20261011-15-01,2,4626,伊藤紘章,40,愛知,52.0,B1,4.16,24.71,2.17,0.0,34,50.0,52,38.89,66,,https://www1.mbrace.or.jp/od2/B/202610/b261011.lzh,2026-10-11T04:40:34.312436+09:00
20261011,15,丸亀,1,20261011-15-01,3,4116,川田正人,45,徳島,52.0,B1,4.46,16.05,3.93,20.0,13,28.57,15,31.91,4,6,https://www1.mbrace.or.jp/od2/B/202610/b261011.lzh,2026-10-11T04:40:34.312436+09:00
20261011,15,丸亀,1,20261011-15-01,4,5271,杉山太陽,25,福岡,53.0,B1,4.09,20.0,3.14,16.67,24,35.71,4,34.69,6,9,https://www1.mbrace.or.jp/od2/B/202610/b261011.lzh,2026-10-11T04:40:34.312436+09:00
20261011,15,丸亀,1,20261011-15-01,5,3584,佐々木英,53,広島,54.0,B1,4.86,29.41,6.17,38.89,66,25.0,7,27.08,54,,https://www1.mbrace.or.jp/od2/B/202610/b261011.lzh,2026-10-11T04:40:34.312436+09:00
20261011,15,丸亀,1,20261011-15-01,6,3868,尾形栄治,51,東京,54.0,B1,4.65,24.42,4.2,10.0,57,18.18,31,41.18,2,8,https://www1.mbrace.or.jp/od2/B/202610/b261011.lzh,2026-10-11T04:40:34.312436+09:00
20261011,15,丸亀,2,20261011-15-02,1,3448,高山秀雄,56,群馬,54.0,B1,4.06,14.71,2.85,0.0,53,25.0,36,37.5,3,7,https://www1.mbrace.or.jp/od2/B/202610/b261011.lzh,2026-10-11T04:40:34.312436+09:00
20261011,15,丸亀,2,20261011-15-02,2,3882,新田智彰,53,大阪,55.0,B1,4.25,18.18,4.79,29.79,32,33.33,27,43.4,2,12,https://www1.mbrace.or.jp/od2/B/202610/b261011.lzh,2026-10-11T04:40:34.312436+09:00
20261011,15,丸亀,2,20261011-15-02,3,5226,藤田俊祐,24,東京,53.0,B1,5.78,35.23,5.83,46.67,48,53.85,6,19.57,52,9,https://www1.mbrace.or.jp/od2/B/202610/b261011.lzh,2026-10-11T04:40:34.312436+09:00
20261011,15,丸亀,2,20261011-15-02,4,3731,高濱芳久,53,広島,53.0,B1,4.55,22.09,5.0,37.1,27,50.0,20,37.25,6,11,https://www1.mbrace.or.jp/od2/B/202610/b261011.lzh,2026-10-11T04:40:34.312436+09:00
20261011,15,丸亀,2,20261011-15-02,5,4346,前田健太,41,福岡,57.0,B1,4.34,27.27,4.32,26.32,61,30.77,1,44.68,6,10,https://www1.mbrace.or.jp/od2/B/202610/b261011.lzh,2026-10-11T04:40:34.312436+09:00
20261011,15,丸亀,2,20261011-15-02,6,3988,古川誠之,48,愛知,56.0,A2,6.02,36.84,6.31,45.24,52,22.22,17,30.61,13,8,https://www1.mbrace.or.jp/od2/B/202610/b261011.lzh,2026-10-11T04:40:34.312436+09:00
20261011,15,丸亀,3,20261011-15-03,1,3726,桂林寛,55,福岡,54.0,B1,4.28,18.97,4.39,22.22,56,37.5,63,32.65,36,,https://www1.mbrace.or.jp/od2/B/202610/b261011.lzh,2026-10-11T04:40:34.312436+09:00
20261011,15,丸亀,3,20261011-15-03,2,4652,酒見峻介,41,佐賀,52.0,B1,4.85,22.5,6.47,64.71,26,25.0,5,32.0,1,8,https://www1.mbrace.or.jp/od2/B/202610/b261011.lzh,2026-10-11T04:40:34.312436+09:00
20261011,15,丸亀,3,20261011-15-03,3,3401,上田隆章,59,香川,53.0,B1,4.69,29.17,4.78,30.93,15,20.0,3,31.37,1,10,https://www1.mbrace.or.jp/od2/B/202610/b261011.lzh,2026-10-11T04:40:34.312436+09:00
20261011,15,丸亀,3,20261011-15-03,4,4594,谷川祐一,44,滋賀,51.0,B1,6.31,49.06,5.64,38.1,19,62.5,26,42.55,2,11,https://www1.mbrace.or.jp/od2/B/202610/b261011.lzh,2026-10-11T04:40:34.312436+09:00
20261011,15,丸亀,3,20261011-15-03,5,3788,一宮稔弘,55,徳島,52.0,B2,5.39,36.84,5.04,22.22,25,50.0,53,38.0,11,,https://www1.mbrace.or.jp/od2/B/202610/b261011.lzh,2026-10-11T04:40:34.312436+09:00
20261011,15,丸亀,3,20261011-15-03,6,4435,服部達哉,40,愛知,55.0,A2,5.53,36.04,4.95,26.32,65,50.0,14,44.44,2,9,https://www1.mbrace.or.jp/od2/B/202610/b261011.lzh,2026-10-11T04:40:34.312436+09:00
20261011,15,丸亀,4,20261011-15-04,1,4204,柴田大輔,44,福岡,53.0,B1,5.45,35.23,4.29,16.67,30,9.09,59,27.66,24,12,https://www1.mbrace.or.jp/od2/B/202610/b261011.lzh,2026-10-11T04:40:34.312436+09:00
20261011,15,丸亀,4,20261011-15-04,2,3477,近藤稔也,56,徳島,53.0,B1,4.01,17.86,4.24,17.39,51,25.0,32,19.57,5,9,https://www1.mbrace.or.jp/od2/B/202610/b261011.lzh,2026-10-11T04:40:34.312436+09:00
20261011,15,丸亀,4,20261011-15-04,3,4339,平瀬城啓,42,福井,54.0,B1,3.85,14.12,0.0,0.0,54,12.5,60,22.5,46,,https://www1.mbrace.or.jp/od2/B/202610/b261011.lzh,2026-10-11T04:40:34.312436+09:00
20261011,15,丸亀,4,20261011-15-04,4,3696,白井友晴,54,埼玉,53.0,B1,5.15,27.47,4.66,24.39,23,53.85,9,38.46,2,11,https://www1.mbrace.or.jp/od2/B/202610/b261011.lzh,2026-10-11T04:40:34.312436+09:00
20261011,15,丸亀,4,20261011-15-04,5,3641,一瀬明,55,東京,52.0,A1,6.11,44.88,5.9,45.16,63,18.18,64,25.0,44,10,https://www1.mbrace.or.jp/od2/B/202610/b261011.lzh,2026-10-11T04:40:34.312436+09:00
20261011,15,丸亀,4,20261011-15-04,6,5453,久保翔耶,20,香川,52.0,B2,2.0,4.35,2.65,11.76,58,41.67,30,24.49,65,,https://www1.mbrace.or.jp/od2/B/202610/b261011.lzh,2026-10-11T04:40:34.312436+09:00
20261011,15,丸亀,5,20261011-15-05,1,4031,飯島誠,48,埼玉,52.0,B1,4.68,27.37,0.0,0.0,16,44.44,51,34.55,25,,https://www1.mbrace.or.jp/od2/B/202610/b261011.lzh,2026-10-11T04:40:34.312436+09:00
20261011,15,丸亀,5,20261011-15-05,2,3441,土屋太朗,57,群馬,54.0,B1,4.72,25.25,5.67,16.67,50,66.67,56,34.55,36,,https://www1.mbrace.or.jp/od2/B/202610/b261011.lzh,2026-10-11T04:40:34.312436+09:00
20261011,15,丸亀,5,20261011-15-05,3,3710,吉永泰弘,52,香川,55.0,B1,4.32,18.95,4.48,20.83,28,38.46,2,53.85,15,,https://www1.mbrace.or.jp/od2/B/202610/b261011.lzh,2026-10-11T04:40:34.312436+09:00
20261011,15,丸亀,5,20261011-15-05,4,4182,吉田和仁,43,滋賀,56.0,B1,4.73,29.91,5.16,39.22,59,0.0,35,17.5,6,10,https://www1.mbrace.or.jp/od2/B/202610/b261011.lzh,2026-10-11T04:40:34.312436+09:00
20261011,15,丸亀,5,20261011-15-05,5,3813,佐藤大介,50,愛知,54.0,A1,6.53,45.1,7.0,37.5,49,46.15,66,35.29,45,11,https://www1.mbrace.or.jp/od2/B/202610/b261011.lzh,2026-10-11T04:40:34.312436+09:00
20261011,15,丸亀,5,20261011-15-05,6,4540,相原利章,39,東京,53.0,A2,4.91,26.8,7.33,50.0,64,27.27,47,34.69,3,12,https://www1.mbrace.or.jp/od2/B/202610/b261011.lzh,2026-10-11T04:40:34.312436+09:00
20261011,15,丸亀,6,20261011-15-06,1,4027,松江秀徳,48,佐賀,57.0,A2,5.12,31.4,4.72,27.59,20,33.33,29,30.0,53,12,https://www1.mbrace.or.jp/od2/B/202610/b261011.lzh,2026-10-11T04:40:34.312436+09:00
20261011,15,丸亀,6,20261011-15-06,2,4649,和田操拓,42,滋賀,51.0,B1,5.94,41.46,6.33,36.67,31,30.0,34,40.0,61,,https://www1.mbrace.or.jp/od2/B/202610/b261011.lzh,2026-10-11T04:40:34.312436+09:00
20261011,15,丸亀,6,20261011-15-06,3,4377,濱本優一,42,大阪,49.0,A1,5.56,37.01,6.64,42.86,18,75.0,55,30.61,31,11,https://www1.mbrace.or.jp/od2/B/202610/b261011.lzh,2026-10-11T04:40:34.312436+09:00
20261011,15,丸亀,6,20261011-15-06,4,3920,正木聖賢,51,広島,52.0,B1,4.22,20.69,5.19,37.04,35,17.65,12,28.89,52,,https://www1.mbrace.or.jp/od2/B/202610/b261011.lzh,2026-10-11T04:40:34.312436+09:00
20261011,15,丸亀,6,20261011-15-06,5,4509,平見真彦,37,愛知,55.0,A2,6.25,42.39,5.4,40.0,17,40.0,37,38.89,3,10,https://www1.mbrace.or.jp/od2/B/202610/b261011.lzh,2026-10-11T04:40:34.312436+09:00
20261011,15,丸亀,6,20261011-15-06,6,4116,川田正人,45,徳島,52.0,B1,4.46,16.05,3.93,20.0,13,28.57,15,31.91,4,1,https://www1.mbrace.or.jp/od2/B/202610/b261011.lzh,2026-10-11T04:40:34.312436+09:00
20261011,15,丸亀,7,20261011-15-07,1,4495,森晋太郎,39,福岡,54.0,B2,5.63,36.26,4.44,28.0,21,0.0,38,41.51,15,,https://www1.mbrace.or.jp/od2/B/202610/b261011.lzh,2026-10-11T04:40:34.312436+09:00
20261011,15,丸亀,7,20261011-15-07,2,3448,高山秀雄,56,群馬,54.0,B1,4.06,14.71,2.85,0.0,53,25.0,36,37.5,3,2,https://www1.mbrace.or.jp/od2/B/202610/b261011.lzh,2026-10-11T04:40:34.312436+09:00
20261011,15,丸亀,7,20261011-15-07,3,4379,桑島和宏,42,東京,57.0,A2,5.86,33.93,6.63,48.15,14,50.0,18,22.22,43,,https://www1.mbrace.or.jp/od2/B/202610/b261011.lzh,2026-10-11T04:40:34.312436+09:00
20261011,15,丸亀,7,20261011-15-07,4,3918,深井利寿,52,滋賀,51.0,A1,6.66,43.22,6.45,55.0,12,41.67,45,22.22,41,12,https://www1.mbrace.or.jp/od2/B/202610/b261011.lzh,2026-10-11T04:40:34.312436+09:00
20261011,15,丸亀,7,20261011-15-07,5,3701,大西隆洋,53,香川,57.0,B1,4.04,14.29,4.09,21.55,55,12.5,58,34.04,4,1,https://www1.mbrace.or.jp/od2/B/202610/b261011.lzh,2026-10-11T04:40:34.312436+09:00
20261011,15,丸亀,7,20261011-15-07,6,3826,村田修次,53,東京,53.0,A2,6.09,44.23,5.45,30.95,1,45.45,44,32.0,2,11,https://www1.mbrace.or.jp/od2/B/202610/b261011.lzh,2026-10-11T04:40:34.312436+09:00
20261011,15,丸亀,8,20261011-15-08,1,4036,金田諭,47,埼玉,52.0,A1,6.36,45.05,6.55,48.28,29,27.27,61,36.0,56,12,https://www1.mbrace.or.jp/od2/B/202610/b261011.lzh,2026-10-11T04:40:34.312436+09:00
20261011,15,丸亀,8,20261011-15-08,2,4148,枝尾賢,44,福岡,52.0,A2,6.25,43.86,6.43,42.86,36,10.53,50,24.44,44,,https://www1.mbrace.or.jp/od2/B/202610/b261011.lzh,2026-10-11T04:40:34.312436+09:00
20261011,15,丸亀,8,20261011-15-08,3,4462,夏山亮平,40,大阪,57.0,B1,4.62,28.57,4.42,30.77,60,58.33,22,34.62,35,,https://www1.mbrace.or.jp/od2/B/202610/b261011.lzh,2026-10-11T04:40:34.312436+09:00
20261011,15,丸亀,8,20261011-15-08,4,3988,古川誠之,48,愛知,56.0,A2,6.02,36.84,6.31,45.24,52,22.22,17,30.61,13,2,https://www1.mbrace.or.jp/od2/B/202610/b261011.lzh,2026-10-11T04:40:34.312436+09:00
20261011,15,丸亀,8,20261011-15-08,5,3868,尾形栄治,51,東京,54.0,B1,4.65,24.42,4.2,10.0,57,18.18,31,41.18,2,1,https://www1.mbrace.or.jp/od2/B/202610/b261011.lzh,2026-10-11T04:40:34.312436+09:00
20261011,15,丸亀,8,20261011-15-08,6,4652,酒見峻介,41,佐賀,52.0,B1,4.85,22.5,6.47,64.71,26,25.0,5,32.0,1,3,https://www1.mbrace.or.jp/od2/B/202610/b261011.lzh,2026-10-11T04:40:34.312436+09:00
20261011,15,丸亀,9,20261011-15-09,1,5226,藤田俊祐,24,東京,53.0,B1,5.78,35.23,5.83,46.67,48,53.85,6,19.57,52,2,https://www1.mbrace.or.jp/od2/B/202610/b261011.lzh,2026-10-11T04:40:34.312436+09:00
20261011,15,丸亀,9,20261011-15-09,2,4435,服部達哉,40,愛知,55.0,A2,5.53,36.04,4.95,26.32,65,50.0,14,44.44,2,3,https://www1.mbrace.or.jp/od2/B/202610/b261011.lzh,2026-10-11T04:40:34.312436+09:00
20261011,15,丸亀,9,20261011-15-09,3,5271,杉山太陽,25,福岡,53.0,B1,4.09,20.0,3.14,16.67,24,35.71,4,34.69,6,1,https://www1.mbrace.or.jp/od2/B/202610/b261011.lzh,2026-10-11T04:40:34.312436+09:00
20261011,15,丸亀,9,20261011-15-09,4,3837,秋山広一,51,香川,53.0,A2,6.41,46.36,6.08,41.38,33,0.0,19,42.0,31,,https://www1.mbrace.or.jp/od2/B/202610/b261011.lzh,2026-10-11T04:40:34.312436+09:00
20261011,15,丸亀,9,20261011-15-09,5,3557,太田和美,53,大阪,55.0,A1,6.38,47.41,7.0,59.38,62,0.0,25,42.59,22,,https://www1.mbrace.or.jp/od2/B/202610/b261011.lzh,2026-10-11T04:40:34.312436+09:00
20261011,15,丸亀,9,20261011-15-09,6,3477,近藤稔也,56,徳島,53.0,B1,4.01,17.86,4.24,17.39,51,25.0,32,19.57,5,4,https://www1.mbrace.or.jp/od2/B/202610/b261011.lzh,2026-10-11T04:40:34.312436+09:00
20261011,15,丸亀,10,20261011-15-10,1,4509,平見真彦,37,愛知,55.0,A2,6.25,42.39,5.4,40.0,17,40.0,37,38.89,3,6,https://www1.mbrace.or.jp/od2/B/202610/b261011.lzh,2026-10-11T04:40:34.312436+09:00
20261011,15,丸亀,10,20261011-15-10,2,4182,吉田和仁,43,滋賀,56.0,B1,4.73,29.91,5.16,39.22,59,0.0,35,17.5,6,5,https://www1.mbrace.or.jp/od2/B/202610/b261011.lzh,2026-10-11T04:40:34.312436+09:00
20261011,15,丸亀,10,20261011-15-10,3,3641,一瀬明,55,東京,52.0,A1,6.11,44.88,5.9,45.16,63,18.18,64,25.0,44,4,https://www1.mbrace.or.jp/od2/B/202610/b261011.lzh,2026-10-11T04:40:34.312436+09:00
20261011,15,丸亀,10,20261011-15-10,4,4346,前田健太,41,福岡,57.0,B1,4.34,27.27,4.32,26.32,61,30.77,1,44.68,6,2,https://www1.mbrace.or.jp/od2/B/202610/b261011.lzh,2026-10-11T04:40:34.312436+09:00
20261011,15,丸亀,10,20261011-15-10,5,3952,中澤和志,50,埼玉,53.0,A1,6.45,45.6,7.18,51.52,22,44.44,39,32.2,13,,https://www1.mbrace.or.jp/od2/B/202610/b261011.lzh,2026-10-11T04:40:34.312436+09:00
20261011,15,丸亀,10,20261011-15-10,6,3401,上田隆章,59,香川,53.0,B1,4.69,29.17,4.78,30.93,15,20.0,3,31.37,1,3,https://www1.mbrace.or.jp/od2/B/202610/b261011.lzh,2026-10-11T04:40:34.312436+09:00
20261011,15,丸亀,11,20261011-15-11,1,3813,佐藤大介,50,愛知,54.0,A1,6.53,45.1,7.0,37.5,49,46.15,66,35.29,45,5,https://www1.mbrace.or.jp/od2/B/202610/b261011.lzh,2026-10-11T04:40:34.312436+09:00
20261011,15,丸亀,11,20261011-15-11,2,4377,濱本優一,42,大阪,49.0,A1,5.56,37.01,6.64,42.86,18,75.0,55,30.61,31,6,https://www1.mbrace.or.jp/od2/B/202610/b261011.lzh,2026-10-11T04:40:34.312436+09:00
20261011,15,丸亀,11,20261011-15-11,3,3731,高濱芳久,53,広島,53.0,B1,4.55,22.09,5.0,37.1,27,50.0,20,37.25,6,2,https://www1.mbrace.or.jp/od2/B/202610/b261011.lzh,2026-10-11T04:40:34.312436+09:00
20261011,15,丸亀,11,20261011-15-11,4,3826,村田修次,53,東京,53.0,A2,6.09,44.23,5.45,30.95,1,45.45,44,32.0,2,7,https://www1.mbrace.or.jp/od2/B/202610/b261011.lzh,2026-10-11T04:40:34.312436+09:00
20261011,15,丸亀,11,20261011-15-11,5,3696,白井友晴,54,埼玉,53.0,B1,5.15,27.47,4.66,24.39,23,53.85,9,38.46,2,4,https://www1.mbrace.or.jp/od2/B/202610/b261011.lzh,2026-10-11T04:40:34.312436+09:00
20261011,15,丸亀,11,20261011-15-11,6,4594,谷川祐一,44,滋賀,51.0,B1,6.31,49.06,5.64,38.1,19,62.5,26,42.55,2,3,https://www1.mbrace.or.jp/od2/B/202610/b261011.lzh,2026-10-11T04:40:34.312436+09:00
20261011,15,丸亀,12,20261011-15-12,1,3918,深井利寿,52,滋賀,51.0,A1,6.66,43.22,6.45,55.0,12,41.67,45,22.22,41,7,https://www1.mbrace.or.jp/od2/B/202610/b261011.lzh,2026-10-11T04:40:34.312436+09:00
20261011,15,丸亀,12,20261011-15-12,2,4036,金田諭,47,埼玉,52.0,A1,6.36,45.05,6.55,48.28,29,27.27,61,36.0,56,8,https://www1.mbrace.or.jp/od2/B/202610/b261011.lzh,2026-10-11T04:40:34.312436+09:00
20261011,15,丸亀,12,20261011-15-12,3,4540,相原利章,39,東京,53.0,A2,4.91,26.8,7.33,50.0,64,27.27,47,34.69,3,5,https://www1.mbrace.or.jp/od2/B/202610/b261011.lzh,2026-10-11T04:40:34.312436+09:00
20261011,15,丸亀,12,20261011-15-12,4,4027,松江秀徳,48,佐賀,57.0,A2,5.12,31.4,4.72,27.59,20,33.33,29,30.0,53,6,https://www1.mbrace.or.jp/od2/B/202610/b261011.lzh,2026-10-11T04:40:34.312436+09:00
20261011,15,丸亀,12,20261011-15-12,5,4204,柴田大輔,44,福岡,53.0,B1,5.45,35.23,4.29,16.67,30,9.09,59,27.66,24,4,https://www1.mbrace.or.jp/od2/B/202610/b261011.lzh,2026-10-11T04:40:34.312436+09:00
20261011,15,丸亀,12,20261011-15-12,6,3882,新田智彰,53,大阪,55.0,B1,4.25,18.18,4.79,29.79,32,33.33,27,43.4,2,2,https://www1.mbrace.or.jp/od2/B/202610/b261011.lzh,2026-10-11T04:40:34.312436+09:00
20261011,12,住之江,1,20261011-12-01,1,3915,繁野谷圭,52,大阪,52.0,A2,6.38,46.92,5.31,38.24,61,33.05,66,32.71,32,,https://www1.mbrace.or.jp/od2/B/202610/b261011.lzh,2026-10-11T04:40:34.312436+09:00
20261011,12,住之江,1,20261011-12-01,2,3741,松尾基成,52,福岡,57.0,B1,3.44,12.0,3.66,21.88,17,36.21,74,24.55,4,5,https://www1.mbrace.or.jp/od2/B/202610/b261011.lzh,2026-10-11T04:40:34.312436+09:00
20261011,12,住之江,1,20261011-12-01,3,4113,木村浩士,46,群馬,56.0,B1,4.43,21.15,4.96,34.62,77,35.09,54,26.67,6,7,https://www1.mbrace.or.jp/od2/B/202610/b261011.lzh,2026-10-11T04:40:34.312436+09:00
20261011,12,住之江,1,20261011-12-01,4,4281,大澤大夢,42,埼玉,53.0,B1,5.33,35.42,5.87,38.71,71,35.83,20,28.44,1,9,https://www1.mbrace.or.jp/od2/B/202610/b261011.lzh,2026-10-11T04:40:34.312436+09:00
20261011,12,住之江,1,20261011-12-01,5,5307,富永夏哉,23,佐賀,50.0,B1,4.51,25.26,3.85,17.65,18,30.43,37,30.91,3,6,https://www1.mbrace.or.jp/od2/B/202610/b261011.lzh,2026-10-11T04:40:34.312436+09:00
20261011,12,住之江,1,20261011-12-01,6,4226,村田浩司,44,山口,53.0,B1,3.93,15.38,1.83,0.0,63,23.93,29,37.84,6,10,https://www1.mbrace.or.jp/od2/B/202610/b261011.lzh,2026-10-11T04:40:34.312436+09:00
20261011,12,住之江,2,20261011-12-02,1,4461,安田吉宏,40,三重,57.0,B1,4.71,26.53,3.72,15.63,81,32.17,12,36.36,56,,https://www1.mbrace.or.jp/od2/B/202610/b261011.lzh,2026-10-11T04:40:34.312436+09:00
20261011,12,住之江,2,20261011-12-02,2,3878,胡本悟志,49,山口,52.0,B1,4.26,18.75,4.33,11.11,84,32.77,70,21.43,24,,https://www1.mbrace.or.jp/od2/B/202610/b261011.lzh,2026-10-11T04:40:34.312436+09:00
20261011,12,住之江,2,20261011-12-02,3,4133,高橋正男,46,兵庫,53.0,A2,6.21,47.66,6.2,40.0,31,18.58,60,27.1,3,9,https://www1.mbrace.or.jp/od2/B/202610/b261011.lzh,2026-10-11T04:40:34.312436+09:00
20261011,12,住之江,2,20261011-12-02,4,4663,籾山佳岳,44,愛知,51.0,B2,5.7,35.44,4.44,33.33,20,46.55,31,40.37,1,10,https://www1.mbrace.or.jp/od2/B/202610/b261011.lzh,2026-10-11T04:40:34.312436+09:00
20261011,12,住之江,2,20261011-12-02,5,5313,鈴木唯央,26,群馬,52.0,B1,3.69,10.91,3.83,0.0,27,36.36,71,36.0,5,7,https://www1.mbrace.or.jp/od2/B/202610/b261011.lzh,2026-10-11T04:40:34.312436+09:00
20261011,12,住之江,2,20261011-12-02,6,3024,西島義則,64,広島,53.0,B2,7.2,70.0,7.16,64.0,57,37.29,50,34.91,3,12,https://www1.mbrace.or.jp/od2/B/202610/b261011.lzh,2026-10-11T04:40:34.312436+09:00
20261011,12,住之江,3,20261011-12-03,1,4343,村岡賢,42,広島,54.0,B1,4.16,15.46,3.06,0.0,65,23.08,62,32.98,4,8,https://www1.mbrace.or.jp/od2/B/202610/b261011.lzh,2026-10-11T04:40:34.312436+09:00
20261011,12,住之江,3,20261011-12-03,2,4186,小川時光,45,埼玉,55.0,B1,3.71,19.0,1.0,0.0,55,36.84,78,26.55,2,,https://www1.mbrace.or.jp/od2/B/202610/b261011.lzh,2026-10-11T04:40:34.312436+09:00
20261011,12,住之江,3,20261011-12-03,3,3827,今泉徹,53,群馬,52.0,B1,4.01,14.58,2.65,0.0,33,33.04,13,35.45,4,9,https://www1.mbrace.or.jp/od2/B/202610/b261011.lzh,2026-10-11T04:40:34.312436+09:00
20261011,12,住之江,3,20261011-12-03,4,4661,中島昂章,34,佐賀,53.0,A2,5.82,40.16,3.86,14.29,58,43.8,89,37.14,4,12,https://www1.mbrace.or.jp/od2/B/202610/b261011.lzh,2026-10-11T04:40:34.312436+09:00
20261011,12,住之江,3,20261011-12-03,5,4776,竹田和哉,32,香川,53.0,A1,7.49,56.67,5.88,38.46,38,46.96,52,27.52,32,7,https://www1.mbrace.or.jp/od2/B/202610/b261011.lzh,2026-10-11T04:40:34.312436+09:00
20261011,12,住之江,3,20261011-12-03,6,3482,金子猛志,55,群馬,61.0,B1,4.92,31.48,3.69,18.75,78,16.67,21,32.41,23,,https://www1.mbrace.or.jp/od2/B/202610/b261011.lzh,2026-10-11T04:40:34.312436+09:00
20261011,12,住之江,4,20261011-12-04,1,3616,中村真,53,福岡,54.0,B1,4.44,23.08,5.0,36.0,68,27.35,58,33.33,52,,https://www1.mbrace.or.jp/od2/B/202610/b261011.lzh,2026-10-11T04:40:34.312436+09:00
20261011,12,住之江,4,20261011-12-04,2,4084,杉山正樹,47,愛知,56.0,A1,6.32,39.52,6.54,46.34,32,31.58,87,30.48,25,12,https://www1.mbrace.or.jp/od2/B/202610/b261011.lzh,2026-10-11T04:40:34.312436+09:00
20261011,12,住之江,4,20261011-12-04,3,3619,長谷川充,52,群馬,50.0,B1,4.94,26.97,0.0,0.0,35,35.09,22,43.81,36,,https://www1.mbrace.or.jp/od2/B/202610/b261011.lzh,2026-10-11T04:40:34.312436+09:00
20261011,12,住之江,4,20261011-12-04,4,3961,谷村一哉,47,山口,56.0,A1,6.62,50.39,5.47,40.0,24,43.59,26,34.26,3,11,https://www1.mbrace.or.jp/od2/B/202610/b261011.lzh,2026-10-11T04:40:34.312436+09:00
20261011,12,住之江,4,20261011-12-04,5,3430,角浜修,58,広島,56.0,B1,4.42,24.76,2.89,11.11,75,33.01,90,31.53,2,8,https://www1.mbrace.or.jp/od2/B/202610/b261011.lzh,2026-10-11T04:40:34.312436+09:00
20261011,12,住之江,4,20261011-12-04,6,3072,西田靖,64,東京,54.0,B1,4.08,24.73,4.59,27.27,34,33.33,80,32.08,5,9,https://www1.mbrace.or.jp/od2/B/202610/b261011.lzh,2026-10-11T04:40:34.312436+09:00
20261011,12,住之江,5,20261011-12-05,1,4633,森智也,37,兵庫,52.0,A2,5.58,33.66,4.73,27.27,60,39.13,27,27.43,5,10,https://www1.mbrace.or.jp/od2/B/202610/b261011.lzh,2026-10-11T04:40:34.312436+09:00
20261011,12,住之江,5,20261011-12-05,2,3842,星野太郎,50,三重,53.0,B1,5.15,35.29,6.56,55.56,22,44.14,18,28.83,65,,https://www1.mbrace.or.jp/od2/B/202610/b261011.lzh,2026-10-11T04:40:34.312436+09:00
20261011,12,住之江,5,20261011-12-05,3,3714,梶原正,51,福岡,56.0,B1,4.25,23.81,4.64,28.0,69,35.14,53,30.91,66,,https://www1.mbrace.or.jp/od2/B/202610/b261011.lzh,2026-10-11T04:40:34.312436+09:00
20261011,12,住之江,5,20261011-12-05,4,3741,松尾基成,52,福岡,57.0,B1,3.44,12.0,3.66,21.88,17,36.21,74,24.55,4,1,https://www1.mbrace.or.jp/od2/B/202610/b261011.lzh,2026-10-11T04:40:34.312436+09:00
20261011,12,住之江,5,20261011-12-05,5,4442,松竹大輔,40,愛知,53.0,B1,6.3,46.67,5.79,42.86,21,23.48,75,30.63,45,,https://www1.mbrace.or.jp/od2/B/202610/b261011.lzh,2026-10-11T04:40:34.312436+09:00
20261011,12,住之江,5,20261011-12-05,6,4796,春園功太,35,三重,52.0,A1,6.1,44.88,6.79,54.55,56,32.2,59,42.86,4,12,https://www1.mbrace.or.jp/od2/B/202610/b261011.lzh,2026-10-11T04:40:34.312436+09:00
20261011,12,住之江,6,20261011-12-06,1,4384,鶴本崇文,41,大阪,53.0,A1,5.32,35.92,6.41,48.65,52,33.61,82,42.45,1,10,https://www1.mbrace.or.jp/od2/B/202610/b261011.lzh,2026-10-11T04:40:34.312436+09:00
20261011,12,住之江,6,20261011-12-06,2,4331,三好勇人,43,香川,54.0,A2,5.79,37.38,5.75,40.0,72,29.31,23,33.02,56,,https://www1.mbrace.or.jp/od2/B/202610/b261011.lzh,2026-10-11T04:40:34.312436+09:00
20261011,12,住之江,6,20261011-12-06,3,5307,富永夏哉,23,佐賀,50.0,B1,4.51,25.26,3.85,17.65,18,30.43,37,30.91,3,1,https://www1.mbrace.or.jp/od2/B/202610/b261011.lzh,2026-10-11T04:40:34.312436+09:00
20261011,12,住之江,6,20261011-12-06,4,3977,山本兼士,49,大阪,52.0,B1,4.41,16.82,4.9,23.19,51,40.83,86,32.41,53,,https://www1.mbrace.or.jp/od2/B/202610/b261011.lzh,2026-10-11T04:40:34.312436+09:00
20261011,12,住之江,6,20261011-12-06,5,4340,土性雅也,42,三重,56.0,B2,3.59,16.18,0.0,0.0,82,36.36,73,40.91,6,,https://www1.mbrace.or.jp/od2/B/202610/b261011.lzh,2026-10-11T04:40:34.312436+09:00
20261011,12,住之江,6,20261011-12-06,6,4754,松尾充,38,三重,51.0,A2,6.38,42.86,6.56,48.0,53,34.78,68,26.79,4,11,https://www1.mbrace.or.jp/od2/B/202610/b261011.lzh,2026-10-11T04:40:34.312436+09:00
20261011,12,住之江,7,20261011-12-07,1,5313,鈴木唯央,26,群馬,52.0,B1,3.69,10.91,3.83,0.0,27,36.36,71,36.0,5,2,https://www1.mbrace.or.jp/od2/B/202610/b261011.lzh,2026-10-11T04:40:34.312436+09:00
20261011,12,住之江,7,20261011-12-07,2,4329,小松卓司,43,福岡,53.0,B1,4.66,25.88,3.75,12.5,79,38.26,30,43.48,66,,https://www1.mbrace.or.jp/od2/B/202610/b261011.lzh,2026-10-11T04:40:34.312436+09:00
20261011,12,住之江,7,20261011-12-07,3,3940,飯山泰,48,東京,52.0,A1,6.34,47.54,6.57,57.14,39,38.46,88,31.82,4,12,https://www1.mbrace.or.jp/od2/B/202610/b261011.lzh,2026-10-11T04:40:34.312436+09:00
20261011,12,住之江,7,20261011-12-07,4,4776,竹田和哉,32,香川,53.0,A1,7.49,56.67,5.88,38.46,38,46.96,52,27.52,32,3,https://www1.mbrace.or.jp/od2/B/202610/b261011.lzh,2026-10-11T04:40:34.312436+09:00
20261011,12,住之江,7,20261011-12-07,5,4113,木村浩士,46,群馬,56.0,B1,4.43,21.15,4.96,34.62,77,35.09,54,26.67,6,1,https://www1.mbrace.or.jp/od2/B/202610/b261011.lzh,2026-10-11T04:40:34.312436+09:00
20261011,12,住之江,7,20261011-12-07,6,4057,松井賢治,47,兵庫,52.0,A2,5.65,37.27,6.03,41.94,70,40.34,77,32.14,1,11,https://www1.mbrace.or.jp/od2/B/202610/b261011.lzh,2026-10-11T04:40:34.312436+09:00
20261011,12,住之江,8,20261011-12-08,1,4489,岩川仁士,40,大阪,55.0,B1,4.95,26.13,4.32,20.69,11,39.5,55,36.28,52,,https://www1.mbrace.or.jp/od2/B/202610/b261011.lzh,2026-10-11T04:40:34.312436+09:00
20261011,12,住之江,8,20261011-12-08,2,4308,河村了,42,愛知,52.0,A1,6.78,50.0,6.37,46.67,29,48.65,79,34.91,2,12,https://www1.mbrace.or.jp/od2/B/202610/b261011.lzh,2026-10-11T04:40:34.312436+09:00
20261011,12,住之江,8,20261011-12-08,3,3995,重野哲之,47,静岡,57.0,A2,6.29,45.83,6.06,41.18,26,25.86,32,37.04,15,,https://www1.mbrace.or.jp/od2/B/202610/b261011.lzh,2026-10-11T04:40:34.312436+09:00
20261011,12,住之江,8,20261011-12-08,4,4343,村岡賢,42,広島,54.0,B1,4.16,15.46,3.06,0.0,65,23.08,62,32.98,4,3,https://www1.mbrace.or.jp/od2/B/202610/b261011.lzh,2026-10-11T04:40:34.312436+09:00
20261011,12,住之江,8,20261011-12-08,5,4512,高野哲史,37,兵庫,52.0,A1,6.72,55.38,6.41,46.15,54,40.0,15,27.03,14,,https://www1.mbrace.or.jp/od2/B/202610/b261011.lzh,2026-10-11T04:40:34.312436+09:00
20261011,12,住之江,8,20261011-12-08,6,3430,角浜修,58,広島,56.0,B1,4.42,24.76,2.89,11.11,75,33.01,90,31.53,2,4,https://www1.mbrace.or.jp/od2/B/202610/b261011.lzh,2026-10-11T04:40:34.312436+09:00
20261011,12,住之江,9,20261011-12-09,1,3827,今泉徹,53,群馬,52.0,B1,4.01,14.58,2.65,0.0,33,33.04,13,35.45,4,3,https://www1.mbrace.or.jp/od2/B/202610/b261011.lzh,2026-10-11T04:40:34.312436+09:00
20261011,12,住之江,9,20261011-12-09,2,3908,重成一人,48,香川,57.0,A1,5.84,37.9,5.42,16.67,85,40.0,57,34.86,21,,https://www1.mbrace.or.jp/od2/B/202610/b261011.lzh,2026-10-11T04:40:34.312436+09:00
20261011,12,住之江,9,20261011-12-09,3,3072,西田靖,64,東京,54.0,B1,4.08,24.73,4.59,27.27,34,33.33,80,32.08,5,4,https://www1.mbrace.or.jp/od2/B/202610/b261011.lzh,2026-10-11T04:40:34.312436+09:00
20261011,12,住之江,9,20261011-12-09,4,4133,高橋正男,46,兵庫,53.0,A2,6.21,47.66,6.2,40.0,31,18.58,60,27.1,3,2,https://www1.mbrace.or.jp/od2/B/202610/b261011.lzh,2026-10-11T04:40:34.312436+09:00
20261011,12,住之江,9,20261011-12-09,5,4436,渋谷明憲,40,大阪,53.0,A1,5.93,45.45,6.19,44.26,74,34.82,64,28.44,11,,https://www1.mbrace.or.jp/od2/B/202610/b261011.lzh,2026-10-11T04:40:34.312436+09:00
20261011,12,住之江,9,20261011-12-09,6,4281,大澤大夢,42,埼玉,53.0,B1,5.33,35.42,5.87,38.71,71,35.83,20,28.44,1,1,https://www1.mbrace.or.jp/od2/B/202610/b261011.lzh,2026-10-11T04:40:34.312436+09:00
20261011,12,住之江,10,20261011-12-10,1,3679,飯島昌弘,53,埼玉,53.0,A2,6.65,47.79,6.3,40.0,16,35.0,24,45.63,13,,https://www1.mbrace.or.jp/od2/B/202610/b261011.lzh,2026-10-11T04:40:34.312436+09:00
20261011,12,住之江,10,20261011-12-10,2,4226,村田浩司,44,山口,53.0,B1,3.93,15.38,1.83,0.0,63,23.93,29,37.84,6,1,https://www1.mbrace.or.jp/od2/B/202610/b261011.lzh,2026-10-11T04:40:34.312436+09:00
20261011,12,住之江,10,20261011-12-10,3,4384,鶴本崇文,41,大阪,53.0,A1,5.32,35.92,6.41,48.65,52,33.61,82,42.45,1,6,https://www1.mbrace.or.jp/od2/B/202610/b261011.lzh,2026-10-11T04:40:34.312436+09:00
20261011,12,住之江,10,20261011-12-10,4,3256,三角哲男,59,東京,52.0,A1,6.69,54.1,7.63,50.0,25,26.55,61,30.84,46,,https://www1.mbrace.or.jp/od2/B/202610/b261011.lzh,2026-10-11T04:40:34.312436+09:00
20261011,12,住之江,10,20261011-12-10,5,4633,森智也,37,兵庫,52.0,A2,5.58,33.66,4.73,27.27,60,39.13,27,27.43,5,5,https://www1.mbrace.or.jp/od2/B/202610/b261011.lzh,2026-10-11T04:40:34.312436+09:00
20261011,12,住之江,10,20261011-12-10,6,4663,籾山佳岳,44,愛知,51.0,B2,5.7,35.44,4.44,33.33,20,46.55,31,40.37,1,2,https://www1.mbrace.or.jp/od2/B/202610/b261011.lzh,2026-10-11T04:40:34.312436+09:00
20261011,12,住之江,11,20261011-12-11,1,3961,谷村一哉,47,山口,56.0,A1,6.62,50.39,5.47,40.0,24,43.59,26,34.26,3,4,https://www1.mbrace.or.jp/od2/B/202610/b261011.lzh,2026-10-11T04:40:34.312436+09:00
20261011,12,住之江,11,20261011-12-11,2,4057,松井賢治,47,兵庫,52.0,A2,5.65,37.27,6.03,41.94,70,40.34,77,32.14,1,7,https://www1.mbrace.or.jp/od2/B/202610/b261011.lzh,2026-10-11T04:40:34.312436+09:00
20261011,12,住之江,11,20261011-12-11,3,4610,佐藤大佑,36,東京,54.0,A1,6.22,49.47,5.66,50.0,66,38.39,69,35.45,41,,https://www1.mbrace.or.jp/od2/B/202610/b261011.lzh,2026-10-11T04:40:34.312436+09:00
20261011,12,住之江,11,20261011-12-11,4,4754,松尾充,38,三重,51.0,A2,6.38,42.86,6.56,48.0,53,34.78,68,26.79,4,6,https://www1.mbrace.or.jp/od2/B/202610/b261011.lzh,2026-10-11T04:40:34.312436+09:00
20261011,12,住之江,11,20261011-12-11,5,3327,野長瀬正,59,静岡,52.0,A2,5.92,36.79,6.59,48.28,28,28.81,76,29.46,23,,https://www1.mbrace.or.jp/od2/B/202610/b261011.lzh,2026-10-11T04:40:34.312436+09:00
20261011,12,住之江,11,20261011-12-11,6,4398,船岡洋一,39,広島,53.0,A1,6.28,44.09,4.96,21.74,73,35.29,85,28.04,13,,https://www1.mbrace.or.jp/od2/B/202610/b261011.lzh,2026-10-11T04:40:34.312436+09:00
20261011,12,住之江,12,20261011-12-12,1,4084,杉山正樹,47,愛知,56.0,A1,6.32,39.52,6.54,46.34,32,31.58,87,30.48,25,4,https://www1.mbrace.or.jp/od2/B/202610/b261011.lzh,2026-10-11T04:40:34.312436+09:00
20261011,12,住之江,12,20261011-12-12,2,3024,西島義則,64,広島,53.0,B2,7.2,70.0,7.16,64.0,57,37.29,50,34.91,3,2,https://www1.mbrace.or.jp/od2/B/202610/b261011.lzh,2026-10-11T04:40:34.312436+09:00
20261011,12,住之江,12,20261011-12-12,3,4308,河村了,42,愛知,52.0,A1,6.78,50.0,6.37,46.67,29,48.65,79,34.91,2,8,https://www1.mbrace.or.jp/od2/B/202610/b261011.lzh,2026-10-11T04:40:34.312436+09:00
20261011,12,住之江,12,20261011-12-12,4,4796,春園功太,35,三重,52.0,A1,6.1,44.88,6.79,54.55,56,32.2,59,42.86,4,5,https://www1.mbrace.or.jp/od2/B/202610/b261011.lzh,2026-10-11T04:40:34.312436+09:00
20261011,12,住之江,12,20261011-12-12,5,3940,飯山泰,48,東京,52.0,A1,6.34,47.54,6.57,57.14,39,38.46,88,31.82,4,7,https://www1.mbrace.or.jp/od2/B/202610/b261011.lzh,2026-10-11T04:40:34.312436+09:00
20261011,12,住之江,12,20261011-12-12,6,4661,中島昂章,34,佐賀,53.0,A2,5.82,40.16,3.86,14.29,58,43.8,89,37.14,4,3,https://www1.mbrace.or.jp/od2/B/202610/b261011.lzh,2026-10-11T04:40:34.312436+09:00
20261011,09,津,1,20261011-09-01,1,4579,中嶋健一,37,三重,54.0,A2,6.11,40.35,6.68,46.47,63,29.8,31,39.66,6,5,https://www1.mbrace.or.jp/od2/B/202610/b261011.lzh,2026-10-11T04:40:34.312436+09:00
20261011,09,津,1,20261011-09-01,2,4645,上村純一,46,群馬,53.0,A1,6.59,46.83,6.21,45.83,32,37.11,43,32.52,2,12,https://www1.mbrace.or.jp/od2/B/202610/b261011.lzh,2026-10-11T04:40:34.312436+09:00
20261011,09,津,1,20261011-09-01,3,4497,桑原悠,39,長崎,53.0,A1,7.35,53.15,6.56,33.33,55,27.44,32,44.26,2,11,https://www1.mbrace.or.jp/od2/B/202610/b261011.lzh,2026-10-11T04:40:34.312436+09:00
20261011,09,津,1,20261011-09-01,4,4366,前沢丈史,41,東京,56.0,A1,6.2,37.37,7.26,52.63,39,39.01,65,30.71,3,12,https://www1.mbrace.or.jp/od2/B/202610/b261011.lzh,2026-10-11T04:40:34.312436+09:00
20261011,09,津,1,20261011-09-01,5,4389,伊藤喜智,41,大阪,52.0,A2,5.5,33.64,5.44,28.13,24,38.36,16,41.77,6,5,https://www1.mbrace.or.jp/od2/B/202610/b261011.lzh,2026-10-11T04:40:34.312436+09:00
20261011,09,津,1,20261011-09-01,6,4428,有賀達也,41,埼玉,54.0,A2,6.26,43.33,6.06,38.89,30,29.95,20,36.32,4,8,https://www1.mbrace.or.jp/od2/B/202610/b261011.lzh,2026-10-11T04:40:34.312436+09:00
20261011,09,津,2,20261011-09-02,1,4659,木下翔太,35,大阪,54.0,A1,7.54,55.65,6.32,32.35,20,31.95,30,35.26,1,10,https://www1.mbrace.or.jp/od2/B/202610/b261011.lzh,2026-10-11T04:40:34.312436+09:00
20261011,09,津,2,20261011-09-02,2,4330,奈須啓太,43,福岡,52.0,A2,6.32,48.74,0.0,0.0,59,30.21,14,34.85,6,8,https://www1.mbrace.or.jp/od2/B/202610/b261011.lzh,2026-10-11T04:40:34.312436+09:00
20261011,09,津,2,20261011-09-02,3,3822,平尾崇典,53,岡山,49.0,A1,6.43,48.08,7.05,47.37,44,43.37,17,30.11,5,7,https://www1.mbrace.or.jp/od2/B/202610/b261011.lzh,2026-10-11T04:40:34.312436+09:00
20261011,09,津,2,20261011-09-02,4,3853,岩崎正哉,54,福岡,56.0,A2,5.97,38.98,0.0,0.0,16,40.12,48,29.61,5,8,https://www1.mbrace.or.jp/od2/B/202610/b261011.lzh,2026-10-11T04:40:34.312436+09:00
20261011,09,津,2,20261011-09-02,5,3541,三嶌誠司,58,香川,53.0,A2,6.73,50.49,6.42,50.0,52,31.33,36,32.88,4,6,https://www1.mbrace.or.jp/od2/B/202610/b261011.lzh,2026-10-11T04:40:34.312436+09:00
20261011,09,津,2,20261011-09-02,6,5256,中山翔太,22,三重,54.0,A1,5.66,41.12,6.16,43.48,62,28.19,29,34.72,3,9,https://www1.mbrace.or.jp/od2/B/202610/b261011.lzh,2026-10-11T04:40:34.312436+09:00
20261011,09,津,3,20261011-09-03,1,5275,松田淳平,24,三重,52.0,A1,6.19,44.9,4.97,31.03,58,38.46,13,37.57,3,11,https://www1.mbrace.or.jp/od2/B/202610/b261011.lzh,2026-10-11T04:40:34.312436+09:00
20261011,09,津,3,20261011-09-03,2,4118,宇佐見淳,45,愛知,53.0,A2,6.05,38.74,6.0,45.65,41,40.76,50,35.09,5,7,https://www1.mbrace.or.jp/od2/B/202610/b261011.lzh,2026-10-11T04:40:34.312436+09:00
20261011,09,津,3,20261011-09-03,3,4463,三苫晃幸,40,福岡,55.0,A2,6.17,42.86,5.38,30.77,26,32.32,49,40.22,5,8,https://www1.mbrace.or.jp/od2/B/202610/b261011.lzh,2026-10-11T04:40:34.312436+09:00
20261011,09,津,3,20261011-09-03,4,4086,寺本重宣,46,東京,50.0,A2,6.22,43.12,6.15,41.46,48,35.14,57,35.29,4,8,https://www1.mbrace.or.jp/od2/B/202610/b261011.lzh,2026-10-11T04:40:34.312436+09:00
20261011,09,津,3,20261011-09-03,5,4505,島田賢人,38,埼玉,57.0,A1,6.55,48.11,5.91,28.89,53,33.95,25,36.68,1,11,https://www1.mbrace.or.jp/od2/B/202610/b261011.lzh,2026-10-11T04:40:34.312436+09:00
20261011,09,津,3,20261011-09-03,6,5281,井上遥妃,23,徳島,45.0,A1,6.0,41.58,5.73,40.54,56,34.01,33,43.08,4,7,https://www1.mbrace.or.jp/od2/B/202610/b261011.lzh,2026-10-11T04:40:34.312436+09:00
20261011,09,津,4,20261011-09-04,1,4320,峰竜太,41,佐賀,51.0,A1,8.84,63.33,7.44,38.89,61,29.41,70,30.99,1,12,https://www1.mbrace.or.jp/od2/B/202610/b261011.lzh,2026-10-11T04:40:34.312436+09:00
20261011,09,津,4,20261011-09-04,2,4543,重木輝彦,38,兵庫,53.0,A1,6.61,48.08,6.68,48.0,64,31.38,66,31.69,3,11,https://www1.mbrace.or.jp/od2/B/202610/b261011.lzh,2026-10-11T04:40:34.312436+09:00
20261011,09,津,4,20261011-09-04,3,5010,宇留田翔,29,三重,54.0,A2,5.56,37.27,5.69,37.11,54,29.87,62,29.71,1,10,https://www1.mbrace.or.jp/od2/B/202610/b261011.lzh,2026-10-11T04:40:34.312436+09:00
20261011,09,津,4,20261011-09-04,4,5121,定松勇樹,25,佐賀,53.0,A1,7.31,49.41,6.72,48.0,66,27.91,11,32.31,23,9,https://www1.mbrace.or.jp/od2/B/202610/b261011.lzh,2026-10-11T04:40:34.312436+09:00
20261011,09,津,4,20261011-09-04,5,4042,丸岡正典,47,大阪,53.0,A2,7.05,51.02,4.94,17.65,35,37.43,15,42.86,2,9,https://www1.mbrace.or.jp/od2/B/202610/b261011.lzh,2026-10-11T04:40:34.312436+09:00
20261011,09,津,4,20261011-09-04,6,4373,若狭奈美,38,岡山,46.0,A1,6.12,39.09,4.85,25.0,72,32.54,46,41.88,2,11,https://www1.mbrace.or.jp/od2/B/202610/b261011.lzh,2026-10-11T04:40:34.312436+09:00
20261011,09,津,5,20261011-09-05,1,3909,佐々木康,53,静岡,57.0,A1,7.07,58.1,6.74,54.84,11,27.33,60,31.25,55,,https://www1.mbrace.or.jp/od2/B/202610/b261011.lzh,2026-10-11T04:40:34.312436+09:00
20261011,09,津,5,20261011-09-05,2,4389,伊藤喜智,41,大阪,52.0,A2,5.5,33.64,5.44,28.13,24,38.36,16,41.77,6,1,https://www1.mbrace.or.jp/od2/B/202610/b261011.lzh,2026-10-11T04:40:34.312436+09:00
20261011,09,津,5,20261011-09-05,3,3319,山崎義明,59,埼玉,53.0,A2,5.38,31.71,5.1,35.71,73,36.81,56,36.02,44,,https://www1.mbrace.or.jp/od2/B/202610/b261011.lzh,2026-10-11T04:40:34.312436+09:00
20261011,09,津,5,20261011-09-05,4,3984,坂口周,48,三重,54.0,A1,5.8,35.34,6.73,53.62,18,33.78,72,31.82,34,,https://www1.mbrace.or.jp/od2/B/202610/b261011.lzh,2026-10-11T04:40:34.312436+09:00
20261011,09,津,5,20261011-09-05,5,4819,蜂須瑞生,35,群馬,46.0,A2,4.91,29.33,3.8,26.67,14,28.81,44,30.39,45,,https://www1.mbrace.or.jp/od2/B/202610/b261011.lzh,2026-10-11T04:40:34.312436+09:00
20261011,09,津,5,20261011-09-05,6,4579,中嶋健一,37,三重,54.0,A2,6.11,40.35,6.68,46.47,63,29.8,31,39.66,6,1,https://www1.mbrace.or.jp/od2/B/202610/b261011.lzh,2026-10-11T04:40:34.312436+09:00
20261011,09,津,6,20261011-09-06,1,4172,森定晃史,44,岡山,52.0,A2,5.74,38.84,6.51,45.1,40,45.0,74,36.46,66,,https://www1.mbrace.or.jp/od2/B/202610/b261011.lzh,2026-10-11T04:40:34.312436+09:00
20261011,09,津,6,20261011-09-06,2,4804,高田ひか,32,三重,50.0,A1,6.28,43.65,6.23,42.5,37,38.46,73,32.98,14,,https://www1.mbrace.or.jp/od2/B/202610/b261011.lzh,2026-10-11T04:40:34.312436+09:00
20261011,09,津,6,20261011-09-06,3,4960,黒野元基,30,愛知,52.0,A1,7.5,59.23,6.58,47.17,29,29.87,67,37.17,15,,https://www1.mbrace.or.jp/od2/B/202610/b261011.lzh,2026-10-11T04:40:34.312436+09:00
20261011,09,津,6,20261011-09-06,4,3541,三嶌誠司,58,香川,53.0,A2,6.73,50.49,6.42,50.0,52,31.33,36,32.88,4,2,https://www1.mbrace.or.jp/od2/B/202610/b261011.lzh,2026-10-11T04:40:34.312436+09:00
20261011,09,津,6,20261011-09-06,5,5195,北村寧々,25,長崎,48.0,A2,5.46,35.71,6.44,43.75,13,36.9,26,35.84,63,12,https://www1.mbrace.or.jp/od2/B/202610/b261011.lzh,2026-10-11T04:40:34.312436+09:00
20261011,09,津,6,20261011-09-06,6,5218,山田理央,26,香川,46.0,A1,5.24,30.85,6.6,50.0,51,43.98,24,32.68,25,,https://www1.mbrace.or.jp/od2/B/202610/b261011.lzh,2026-10-11T04:40:34.312436+09:00
20261011,09,津,7,20261011-09-07,1,4000,松本博昭,49,広島,57.0,A2,5.98,42.64,5.38,33.33,43,28.9,45,35.12,46,,https://www1.mbrace.or.jp/od2/B/202610/b261011.lzh,2026-10-11T04:40:34.312436+09:00
20261011,09,津,7,20261011-09-07,2,5299,西丸敦基,24,香川,52.0,A2,6.1,43.24,0.0,0.0,70,35.57,39,35.07,66,,https://www1.mbrace.or.jp/od2/B/202610/b261011.lzh,2026-10-11T04:40:34.312436+09:00
20261011,09,津,7,20261011-09-07,3,4118,宇佐見淳,45,愛知,53.0,A2,6.05,38.74,6.0,45.65,41,40.76,50,35.09,5,3,https://www1.mbrace.or.jp/od2/B/202610/b261011.lzh,2026-10-11T04:40:34.312436+09:00
20261011,09,津,7,20261011-09-07,4,5281,井上遥妃,23,徳島,45.0,A1,6.0,41.58,5.73,40.54,56,34.01,33,43.08,4,3,https://www1.mbrace.or.jp/od2/B/202610/b261011.lzh,2026-10-11T04:40:34.312436+09:00
20261011,09,津,7,20261011-09-07,5,3822,平尾崇典,53,岡山,49.0,A1,6.43,48.08,7.05,47.37,44,43.37,17,30.11,5,2,https://www1.mbrace.or.jp/od2/B/202610/b261011.lzh,2026-10-11T04:40:34.312436+09:00
20261011,09,津,7,20261011-09-07,6,4938,小芦るり,29,佐賀,47.0,A1,6.3,40.3,0.0,0.0,15,36.02,75,49.62,54,,https://www1.mbrace.or.jp/od2/B/202610/b261011.lzh,2026-10-11T04:40:34.312436+09:00
20261011,09,津,8,20261011-09-08,1,4428,有賀達也,41,埼玉,54.0,A2,6.26,43.33,6.06,38.89,30,29.95,20,36.32,4,1,https://www1.mbrace.or.jp/od2/B/202610/b261011.lzh,2026-10-11T04:40:34.312436+09:00
20261011,09,津,8,20261011-09-08,2,4086,寺本重宣,46,東京,50.0,A2,6.22,43.12,6.15,41.46,48,35.14,57,35.29,4,3,https://www1.mbrace.or.jp/od2/B/202610/b261011.lzh,2026-10-11T04:40:34.312436+09:00
20261011,09,津,8,20261011-09-08,3,4330,奈須啓太,43,福岡,52.0,A2,6.32,48.74,0.0,0.0,59,30.21,14,34.85,6,2,https://www1.mbrace.or.jp/od2/B/202610/b261011.lzh,2026-10-11T04:40:34.312436+09:00
20261011,09,津,8,20261011-09-08,4,4463,三苫晃幸,40,福岡,55.0,A2,6.17,42.86,5.38,30.77,26,32.32,49,40.22,5,3,https://www1.mbrace.or.jp/od2/B/202610/b261011.lzh,2026-10-11T04:40:34.312436+09:00
20261011,09,津,8,20261011-09-08,5,3853,岩崎正哉,54,福岡,56.0,A2,5.97,38.98,0.0,0.0,16,40.12,48,29.61,5,2,https://www1.mbrace.or.jp/od2/B/202610/b261011.lzh,2026-10-11T04:40:34.312436+09:00
20261011,09,津,8,20261011-09-08,6,5002,上田健太,30,愛知,51.0,A2,5.5,33.65,0.0,0.0,71,30.0,55,30.94,26,,https://www1.mbrace.or.jp/od2/B/202610/b261011.lzh,2026-10-11T04:40:34.312436+09:00
20261011,09,津,9,20261011-09-09,1,5256,中山翔太,22,三重,54.0,A1,5.66,41.12,6.16,43.48,62,28.19,29,34.72,3,2,https://www1.mbrace.or.jp/od2/B/202610/b261011.lzh,2026-10-11T04:40:34.312436+09:00
20261011,09,津,9,20261011-09-09,2,5121,定松勇樹,25,佐賀,53.0,A1,7.31,49.41,6.72,48.0,66,27.91,11,32.31,23,4,https://www1.mbrace.or.jp/od2/B/202610/b261011.lzh,2026-10-11T04:40:34.312436+09:00
20261011,09,津,9,20261011-09-09,3,4685,島村隆幸,35,徳島,51.0,A1,7.04,47.83,6.73,45.45,67,40.76,52,33.52,12,,https://www1.mbrace.or.jp/od2/B/202610/b261011.lzh,2026-10-11T04:40:34.312436+09:00
20261011,09,津,9,20261011-09-09,4,4042,丸岡正典,47,大阪,53.0,A2,7.05,51.02,4.94,17.65,35,37.43,15,42.86,2,4,https://www1.mbrace.or.jp/od2/B/202610/b261011.lzh,2026-10-11T04:40:34.312436+09:00
20261011,09,津,9,20261011-09-09,5,4787,椎名豊,38,群馬,52.0,A1,7.76,66.95,5.76,41.18,23,33.95,23,38.01,51,,https://www1.mbrace.or.jp/od2/B/202610/b261011.lzh,2026-10-11T04:40:34.312436+09:00
20261011,09,津,9,20261011-09-09,6,4278,藤岡俊介,43,兵庫,52.0,A1,7.04,57.02,6.54,48.57,36,39.2,18,39.62,11,,https://www1.mbrace.or.jp/od2/B/202610/b261011.lzh,2026-10-11T04:40:34.312436+09:00
20261011,09,津,10,20261011-09-10,1,4352,下條雄太,40,長崎,53.0,A1,7.45,52.13,8.3,80.0,21,36.05,19,32.39,33,,https://www1.mbrace.or.jp/od2/B/202610/b261011.lzh,2026-10-11T04:40:34.312436+09:00
20261011,09,津,10,20261011-09-10,2,4441,末永由楽,40,岡山,54.0,A2,6.02,39.2,5.08,20.0,25,40.51,37,29.81,63,,https://www1.mbrace.or.jp/od2/B/202610/b261011.lzh,2026-10-11T04:40:34.312436+09:00
20261011,09,津,10,20261011-09-10,3,4459,片岡雅裕,40,香川,53.0,A2,6.29,43.53,5.33,22.22,38,37.43,63,32.77,32,,https://www1.mbrace.or.jp/od2/B/202610/b261011.lzh,2026-10-11T04:40:34.312436+09:00
20261011,09,津,10,20261011-09-10,4,4371,西山貴浩,39,福岡,53.0,A1,6.86,37.89,5.03,20.0,22,40.11,22,36.56,42,,https://www1.mbrace.or.jp/od2/B/202610/b261011.lzh,2026-10-11T04:40:34.312436+09:00
20261011,09,津,10,20261011-09-10,5,5010,宇留田翔,29,三重,54.0,A2,5.56,37.27,5.69,37.11,54,29.87,62,29.71,1,4,https://www1.mbrace.or.jp/od2/B/202610/b261011.lzh,2026-10-11T04:40:34.312436+09:00
20261011,09,津,10,20261011-09-10,6,4659,木下翔太,35,大阪,54.0,A1,7.54,55.65,6.32,32.35,20,31.95,30,35.26,1,2,https://www1.mbrace.or.jp/od2/B/202610/b261011.lzh,2026-10-11T04:40:34.312436+09:00
20261011,09,津,11,20261011-09-11,1,4373,若狭奈美,38,岡山,46.0,A1,6.12,39.09,4.85,25.0,72,32.54,46,41.88,2,4,https://www1.mbrace.or.jp/od2/B/202610/b261011.lzh,2026-10-11T04:40:34.312436+09:00
20261011,09,津,11,20261011-09-11,2,4497,桑原悠,39,長崎,53.0,A1,7.35,53.15,6.56,33.33,55,27.44,32,44.26,2,1,https://www1.mbrace.or.jp/od2/B/202610/b261011.lzh,2026-10-11T04:40:34.312436+09:00
20261011,09,津,11,20261011-09-11,3,4505,島田賢人,38,埼玉,57.0,A1,6.55,48.11,5.91,28.89,53,33.95,25,36.68,1,3,https://www1.mbrace.or.jp/od2/B/202610/b261011.lzh,2026-10-11T04:40:34.312436+09:00
20261011,09,津,11,20261011-09-11,4,5275,松田淳平,24,三重,52.0,A1,6.19,44.9,4.97,31.03,58,38.46,13,37.57,3,3,https://www1.mbrace.or.jp/od2/B/202610/b261011.lzh,2026-10-11T04:40:34.312436+09:00
20261011,09,津,11,20261011-09-11,5,4543,重木輝彦,38,兵庫,53.0,A1,6.61,48.08,6.68,48.0,64,31.38,66,31.69,3,4,https://www1.mbrace.or.jp/od2/B/202610/b261011.lzh,2026-10-11T04:40:34.312436+09:00
20261011,09,津,11,20261011-09-11,6,4823,中村桃佳,33,香川,45.0,A2,6.7,50.93,0.0,0.0,49,37.5,59,30.77,31,,https://www1.mbrace.or.jp/od2/B/202610/b261011.lzh,2026-10-11T04:40:34.312436+09:00
20261011,09,津,12,20261011-09-12,1,4366,前沢丈史,41,東京,56.0,A1,6.2,37.37,7.26,52.63,39,39.01,65,30.71,3,1,https://www1.mbrace.or.jp/od2/B/202610/b261011.lzh,2026-10-11T04:40:34.312436+09:00
20261011,09,津,12,20261011-09-12,2,4850,野中一平,31,愛知,54.0,A2,6.47,48.78,5.95,31.82,28,36.26,21,29.69,21,,https://www1.mbrace.or.jp/od2/B/202610/b261011.lzh,2026-10-11T04:40:34.312436+09:00
20261011,09,津,12,20261011-09-12,3,4320,峰竜太,41,佐賀,51.0,A1,8.84,63.33,7.44,38.89,61,29.41,70,30.99,1,4,https://www1.mbrace.or.jp/od2/B/202610/b261011.lzh,2026-10-11T04:40:34.312436+09:00
20261011,09,津,12,20261011-09-12,4,5195,北村寧々,25,長崎,48.0,A2,5.46,35.71,6.44,43.75,13,36.9,26,35.84,63,6,https://www1.mbrace.or.jp/od2/B/202610/b261011.lzh,2026-10-11T04:40:34.312436+09:00
20261011,09,津,12,20261011-09-12,5,4645,上村純一,46,群馬,53.0,A1,6.59,46.83,6.21,45.83,32,37.11,43,32.52,2,1,https://www1.mbrace.or.jp/od2/B/202610/b261011.lzh,2026-10-11T04:40:34.312436+09:00
20261011,09,津,12,20261011-09-12,6,3489,大場敏,59,静岡,54.0,A2,5.96,41.43,6.2,41.07,47,35.6,76,39.53,52,,https://www1.mbrace.or.jp/od2/B/202610/b261011.lzh,2026-10-11T04:40:34.312436+09:00
20261011,08,常滑,1,20261011-08-01,1,3841,佐々木和,50,徳島,54.0,A2,6.29,46.88,5.13,32.5,40,0.0,76,36.36,2236434 2,11,https://www1.mbrace.or.jp/od2/B/202610/b261011.lzh,2026-10-11T04:40:34.312436+09:00
20261011,08,常滑,1,20261011-08-01,2,4103,山崎善庸,47,埼玉,54.0,B1,3.61,5.88,3.71,14.29,19,0.0,69,36.36,444 436 6,7,https://www1.mbrace.or.jp/od2/B/202610/b261011.lzh,2026-10-11T04:40:34.312436+09:00
20261011,08,常滑,1,20261011-08-01,3,5190,大月遊雅,25,東京,51.0,B1,4.16,16.44,4.3,20.0,11,0.0,11,35.71,6 355 426,8,https://www1.mbrace.or.jp/od2/B/202610/b261011.lzh,2026-10-11T04:40:34.312436+09:00
20261011,08,常滑,1,20261011-08-01,4,3642,大塚浩二,55,静岡,52.0,B1,4.4,17.05,4.55,22.73,60,0.0,58,32.86,5 553 S64,,https://www1.mbrace.or.jp/od2/B/202610/b261011.lzh,2026-10-11T04:40:34.312436+09:00
20261011,08,常滑,1,20261011-08-01,5,5415,阿部未侑,20,東京,50.0,B2,2.0,0.0,1.0,0.0,18,0.0,39,39.29,5 666 566,7,https://www1.mbrace.or.jp/od2/B/202610/b261011.lzh,2026-10-11T04:40:34.312436+09:00
20261011,08,常滑,1,20261011-08-01,6,3544,豊田訓靖,57,静岡,52.0,B1,3.99,15.66,3.67,26.67,57,0.0,50,33.33,265 664 1,,https://www1.mbrace.or.jp/od2/B/202610/b261011.lzh,2026-10-11T04:40:34.312436+09:00
20261011,08,常滑,2,20261011-08-02,1,4706,三浦洋次,37,愛知,49.0,A2,5.57,43.16,5.92,37.25,5,0.0,46,21.05,543 4 116,9,https://www1.mbrace.or.jp/od2/B/202610/b261011.lzh,2026-10-11T04:40:34.312436+09:00
20261011,08,常滑,2,20261011-08-02,2,4792,杉村賢也,36,東京,50.0,B1,4.57,19.05,5.56,22.22,22,0.0,78,40.0,6 45554543,6,https://www1.mbrace.or.jp/od2/B/202610/b261011.lzh,2026-10-11T04:40:34.312436+09:00
20261011,08,常滑,2,20261011-08-02,3,3929,杢野誓良,50,愛知,52.0,B1,4.56,22.77,4.32,20.51,20,0.0,60,45.0,3 433 3525,8,https://www1.mbrace.or.jp/od2/B/202610/b261011.lzh,2026-10-11T04:40:34.312436+09:00
20261011,08,常滑,2,20261011-08-02,4,5239,上野俊樹,26,福岡,51.0,B1,5.9,40.3,5.14,0.0,54,0.0,38,38.6,5 361 1214,10,https://www1.mbrace.or.jp/od2/B/202610/b261011.lzh,2026-10-11T04:40:34.312436+09:00
20261011,08,常滑,2,20261011-08-02,5,4589,塩崎桐加,34,三重,50.0,B1,5.88,35.29,4.79,31.58,59,0.0,48,37.1,431 5 3543,9,https://www1.mbrace.or.jp/od2/B/202610/b261011.lzh,2026-10-11T04:40:34.312436+09:00
20261011,08,常滑,2,20261011-08-02,6,5436,市川瑚幸,21,東京,46.0,B2,1.53,0.0,1.15,0.0,3,0.0,55,34.38,666 565 4,6,https://www1.mbrace.or.jp/od2/B/202610/b261011.lzh,2026-10-11T04:40:34.312436+09:00
20261011,08,常滑,3,20261011-08-03,1,4105,松下直也,47,兵庫,54.0,B1,5.52,36.14,6.41,48.15,55,0.0,15,31.58,3 13162 35,11,https://www1.mbrace.or.jp/od2/B/202610/b261011.lzh,2026-10-11T04:40:34.312436+09:00
20261011,08,常滑,3,20261011-08-03,2,5331,佐藤永梧,22,東京,54.0,B1,5.11,30.38,3.29,22.86,36,0.0,51,30.77,2 152 S432,7,https://www1.mbrace.or.jp/od2/B/202610/b261011.lzh,2026-10-11T04:40:34.312436+09:00
20261011,08,常滑,3,20261011-08-03,3,5341,山道諄也,25,群馬,54.0,B1,3.62,18.18,2.0,2.94,17,0.0,72,34.43,6 256 336,7,https://www1.mbrace.or.jp/od2/B/202610/b261011.lzh,2026-10-11T04:40:34.312436+09:00
20261011,08,常滑,3,20261011-08-03,4,5465,直江健成,19,福井,55.0,B2,1.12,0.0,0.0,0.0,1,0.0,18,37.29,6 666 456,8,https://www1.mbrace.or.jp/od2/B/202610/b261011.lzh,2026-10-11T04:40:34.312436+09:00
20261011,08,常滑,3,20261011-08-03,5,3474,松瀬弘美,56,静岡,46.0,B1,4.6,25.49,5.09,39.13,35,0.0,20,30.0,546 164 3,8,https://www1.mbrace.or.jp/od2/B/202610/b261011.lzh,2026-10-11T04:40:34.312436+09:00
20261011,08,常滑,3,20261011-08-03,6,4288,永田啓二,42,福岡,53.0,A1,7.39,63.21,7.36,61.7,38,0.0,59,31.75,11224166F6,,https://www1.mbrace.or.jp/od2/B/202610/b261011.lzh,2026-10-11T04:40:34.312436+09:00
20261011,08,常滑,4,20261011-08-04,1,4207,松下一也,43,静岡,55.0,A1,5.68,45.05,7.86,69.05,41,0.0,25,35.71,413 24551,10,https://www1.mbrace.or.jp/od2/B/202610/b261011.lzh,2026-10-11T04:40:34.312436+09:00
20261011,08,常滑,4,20261011-08-04,2,3458,東健介,59,岡山,54.0,B1,3.41,13.33,3.75,25.0,33,0.0,70,30.91,336 124 16,10,https://www1.mbrace.or.jp/od2/B/202610/b261011.lzh,2026-10-11T04:40:34.312436+09:00
20261011,08,常滑,4,20261011-08-04,3,5355,萩原丈太,21,福井,57.0,B1,2.64,10.71,0.0,0.0,34,0.0,42,31.03,536 544 4,8,https://www1.mbrace.or.jp/od2/B/202610/b261011.lzh,2026-10-11T04:40:34.312436+09:00
20261011,08,常滑,4,20261011-08-04,4,3814,金子貴志,50,福井,49.0,B1,4.75,23.58,5.68,36.36,43,0.0,53,37.31,1 446 3335,9,https://www1.mbrace.or.jp/od2/B/202610/b261011.lzh,2026-10-11T04:40:34.312436+09:00
20261011,08,常滑,4,20261011-08-04,5,4202,浮田圭浩,44,岡山,55.0,B1,4.6,20.0,5.1,34.48,21,0.0,61,15.79,654 1 2635,,https://www1.mbrace.or.jp/od2/B/202610/b261011.lzh,2026-10-11T04:40:34.312436+09:00
20261011,08,常滑,4,20261011-08-04,6,3761,山本光雄,54,滋賀,53.0,B1,5.03,31.17,5.8,36.0,26,0.0,35,32.76,2 144 3133,11,https://www1.mbrace.or.jp/od2/B/202610/b261011.lzh,2026-10-11T04:40:34.312436+09:00
20261011,08,常滑,5,20261011-08-05,1,4117,廣中智紗,45,東京,46.0,A2,6.15,45.98,6.3,45.0,27,0.0,17,27.59,354 255 52,,https://www1.mbrace.or.jp/od2/B/202610/b261011.lzh,2026-10-11T04:40:34.312436+09:00
20261011,08,常滑,5,20261011-08-05,2,4785,木幡純也,38,愛知,52.0,B1,4.22,19.23,4.22,17.78,24,0.0,52,39.06,564 262 5,9,https://www1.mbrace.or.jp/od2/B/202610/b261011.lzh,2026-10-11T04:40:34.312436+09:00
20261011,08,常滑,5,20261011-08-05,3,4552,杉山勝匡,37,佐賀,53.0,B1,3.87,22.86,5.79,36.36,42,0.0,63,33.87,465 3 3256,,https://www1.mbrace.or.jp/od2/B/202610/b261011.lzh,2026-10-11T04:40:34.312436+09:00
20261011,08,常滑,5,20261011-08-05,4,3502,渡邉英児,57,静岡,52.0,A2,5.87,39.82,5.9,44.0,25,0.0,31,18.0,1 124 5314,10,https://www1.mbrace.or.jp/od2/B/202610/b261011.lzh,2026-10-11T04:40:34.312436+09:00
20261011,08,常滑,5,20261011-08-05,5,4439,近藤友宝,40,埼玉,57.0,B1,3.86,14.29,4.18,17.86,10,0.0,65,37.1,446 544 5,9,https://www1.mbrace.or.jp/od2/B/202610/b261011.lzh,2026-10-11T04:40:34.312436+09:00
20261011,08,常滑,5,20261011-08-05,6,4369,丹下将,40,愛知,57.0,A2,5.44,34.48,6.48,45.16,51,0.0,21,37.5,2 312326F2,,https://www1.mbrace.or.jp/od2/B/202610/b261011.lzh,2026-10-11T04:40:34.312436+09:00
20261011,08,常滑,6,20261011-08-06,1,4624,高田明,41,佐賀,51.0,A1,6.11,45.1,5.91,45.45,58,0.0,49,17.39,3556621125,11,https://www1.mbrace.or.jp/od2/B/202610/b261011.lzh,2026-10-11T04:40:34.312436+09:00
20261011,08,常滑,6,20261011-08-06,2,3933,山地正樹,50,岡山,53.0,B1,6.18,46.3,5.0,32.26,56,0.0,19,44.64,255 346 4,,https://www1.mbrace.or.jp/od2/B/202610/b261011.lzh,2026-10-11T04:40:34.312436+09:00
20261011,08,常滑,6,20261011-08-06,3,5013,山下夏鈴,29,三重,47.0,B1,5.59,38.55,4.83,27.59,4,0.0,24,32.08,132 561 16,10,https://www1.mbrace.or.jp/od2/B/202610/b261011.lzh,2026-10-11T04:40:34.312436+09:00
20261011,08,常滑,6,20261011-08-06,4,4792,杉村賢也,36,東京,50.0,B1,4.57,19.05,5.56,22.22,22,0.0,78,40.0,6 45554543,2,https://www1.mbrace.or.jp/od2/B/202610/b261011.lzh,2026-10-11T04:40:34.312436+09:00
20261011,08,常滑,6,20261011-08-06,5,5436,市川瑚幸,21,東京,46.0,B2,1.53,0.0,1.15,0.0,3,0.0,55,34.38,666 565 4,2,https://www1.mbrace.or.jp/od2/B/202610/b261011.lzh,2026-10-11T04:40:34.312436+09:00
20261011,08,常滑,6,20261011-08-06,6,3436,柏野幸二,57,岡山,51.0,A2,5.78,38.75,5.04,20.0,37,0.0,74,36.84,424 132 13,10,https://www1.mbrace.or.jp/od2/B/202610/b261011.lzh,2026-10-11T04:40:34.312436+09:00
20261011,08,常滑,7,20261011-08-07,1,5321,一色颯輝,24,愛知,55.0,B1,4.95,32.0,3.79,18.87,52,0.0,54,27.59,6 331 5222,11,https://www1.mbrace.or.jp/od2/B/202610/b261011.lzh,2026-10-11T04:40:34.312436+09:00
20261011,08,常滑,7,20261011-08-07,2,5341,山道諄也,25,群馬,54.0,B1,3.62,18.18,2.0,2.94,17,0.0,72,34.43,6 256 336,3,https://www1.mbrace.or.jp/od2/B/202610/b261011.lzh,2026-10-11T04:40:34.312436+09:00
20261011,08,常滑,7,20261011-08-07,3,5331,佐藤永梧,22,東京,54.0,B1,5.11,30.38,3.29,22.86,36,0.0,51,30.77,2 152 S432,3,https://www1.mbrace.or.jp/od2/B/202610/b261011.lzh,2026-10-11T04:40:34.312436+09:00
20261011,08,常滑,7,20261011-08-07,4,4103,山崎善庸,47,埼玉,54.0,B1,3.61,5.88,3.71,14.29,19,0.0,69,36.36,444 436 6,1,https://www1.mbrace.or.jp/od2/B/202610/b261011.lzh,2026-10-11T04:40:34.312436+09:00
20261011,08,常滑,7,20261011-08-07,5,3659,藤生雄人,52,群馬,54.0,A2,5.38,31.76,6.12,47.06,50,0.0,68,33.33,3 13232314,11,https://www1.mbrace.or.jp/od2/B/202610/b261011.lzh,2026-10-11T04:40:34.312436+09:00
20261011,08,常滑,7,20261011-08-07,6,5415,阿部未侑,20,東京,50.0,B2,2.0,0.0,1.0,0.0,18,0.0,39,39.29,5 666 566,1,https://www1.mbrace.or.jp/od2/B/202610/b261011.lzh,2026-10-11T04:40:34.312436+09:00
20261011,08,常滑,8,20261011-08-08,1,3929,杢野誓良,50,愛知,52.0,B1,4.56,22.77,4.32,20.51,20,0.0,60,45.0,3 433 3525,2,https://www1.mbrace.or.jp/od2/B/202610/b261011.lzh,2026-10-11T04:40:34.312436+09:00
20261011,08,常滑,8,20261011-08-08,2,3474,松瀬弘美,56,静岡,46.0,B1,4.6,25.49,5.09,39.13,35,0.0,20,30.0,546 164 3,3,https://www1.mbrace.or.jp/od2/B/202610/b261011.lzh,2026-10-11T04:40:34.312436+09:00
20261011,08,常滑,8,20261011-08-08,3,4063,市橋卓士,47,徳島,53.0,A1,6.21,41.32,6.6,52.0,12,0.0,23,46.15,1424511245,,https://www1.mbrace.or.jp/od2/B/202610/b261011.lzh,2026-10-11T04:40:34.312436+09:00
20261011,08,常滑,8,20261011-08-08,4,5355,萩原丈太,21,福井,57.0,B1,2.64,10.71,0.0,0.0,34,0.0,42,31.03,536 544 4,4,https://www1.mbrace.or.jp/od2/B/202610/b261011.lzh,2026-10-11T04:40:34.312436+09:00
20261011,08,常滑,8,20261011-08-08,5,5190,大月遊雅,25,東京,51.0,B1,4.16,16.44,4.3,20.0,11,0.0,11,35.71,6 355 426,1,https://www1.mbrace.or.jp/od2/B/202610/b261011.lzh,2026-10-11T04:40:34.312436+09:00
20261011,08,常滑,8,20261011-08-08,6,5465,直江健成,19,福井,55.0,B2,1.12,0.0,0.0,0.0,1,0.0,18,37.29,6 666 456,3,https://www1.mbrace.or.jp/od2/B/202610/b261011.lzh,2026-10-11T04:40:34.312436+09:00
20261011,08,常滑,9,20261011-08-09,1,4430,永田秀二,40,東京,57.0,A2,5.93,38.68,6.0,28.57,23,0.0,44,50.0,14424 6 54,,https://www1.mbrace.or.jp/od2/B/202610/b261011.lzh,2026-10-11T04:40:34.312436+09:00
20261011,08,常滑,9,20261011-08-09,2,4439,近藤友宝,40,埼玉,57.0,B1,3.86,14.29,4.18,17.86,10,0.0,65,37.1,446 544 5,5,https://www1.mbrace.or.jp/od2/B/202610/b261011.lzh,2026-10-11T04:40:34.312436+09:00
20261011,08,常滑,9,20261011-08-09,3,3814,金子貴志,50,福井,49.0,B1,4.75,23.58,5.68,36.36,43,0.0,53,37.31,1 446 3335,4,https://www1.mbrace.or.jp/od2/B/202610/b261011.lzh,2026-10-11T04:40:34.312436+09:00
20261011,08,常滑,9,20261011-08-09,4,4706,三浦洋次,37,愛知,49.0,A2,5.57,43.16,5.92,37.25,5,0.0,46,21.05,543 4 116,2,https://www1.mbrace.or.jp/od2/B/202610/b261011.lzh,2026-10-11T04:40:34.312436+09:00
20261011,08,常滑,9,20261011-08-09,5,4785,木幡純也,38,愛知,52.0,B1,4.22,19.23,4.22,17.78,24,0.0,52,39.06,564 262 5,5,https://www1.mbrace.or.jp/od2/B/202610/b261011.lzh,2026-10-11T04:40:34.312436+09:00
20261011,08,常滑,9,20261011-08-09,6,4589,塩崎桐加,34,三重,50.0,B1,5.88,35.29,4.79,31.58,59,0.0,48,37.1,431 5 3543,2,https://www1.mbrace.or.jp/od2/B/202610/b261011.lzh,2026-10-11T04:40:34.312436+09:00
20261011,08,常滑,10,20261011-08-10,1,3436,柏野幸二,57,岡山,51.0,A2,5.78,38.75,5.04,20.0,37,0.0,74,36.84,424 132 13,6,https://www1.mbrace.or.jp/od2/B/202610/b261011.lzh,2026-10-11T04:40:34.312436+09:00
20261011,08,常滑,10,20261011-08-10,2,3502,渡邉英児,57,静岡,52.0,A2,5.87,39.82,5.9,44.0,25,0.0,31,18.0,1 124 5314,5,https://www1.mbrace.or.jp/od2/B/202610/b261011.lzh,2026-10-11T04:40:34.312436+09:00
20261011,08,常滑,10,20261011-08-10,3,5239,上野俊樹,26,福岡,51.0,B1,5.9,40.3,5.14,0.0,54,0.0,38,38.6,5 361 1214,2,https://www1.mbrace.or.jp/od2/B/202610/b261011.lzh,2026-10-11T04:40:34.312436+09:00
20261011,08,常滑,10,20261011-08-10,4,5013,山下夏鈴,29,三重,47.0,B1,5.59,38.55,4.83,27.59,4,0.0,24,32.08,132 561 16,6,https://www1.mbrace.or.jp/od2/B/202610/b261011.lzh,2026-10-11T04:40:34.312436+09:00
20261011,08,常滑,10,20261011-08-10,5,3458,東健介,59,岡山,54.0,B1,3.41,13.33,3.75,25.0,33,0.0,70,30.91,336 124 16,4,https://www1.mbrace.or.jp/od2/B/202610/b261011.lzh,2026-10-11T04:40:34.312436+09:00
20261011,08,常滑,10,20261011-08-10,6,4207,松下一也,43,静岡,55.0,A1,5.68,45.05,7.86,69.05,41,0.0,25,35.71,413 24551,4,https://www1.mbrace.or.jp/od2/B/202610/b261011.lzh,2026-10-11T04:40:34.312436+09:00
20261011,08,常滑,11,20261011-08-11,1,3761,山本光雄,54,滋賀,53.0,B1,5.03,31.17,5.8,36.0,26,0.0,35,32.76,2 144 3133,4,https://www1.mbrace.or.jp/od2/B/202610/b261011.lzh,2026-10-11T04:40:34.312436+09:00
20261011,08,常滑,11,20261011-08-11,2,3659,藤生雄人,52,群馬,54.0,A2,5.38,31.76,6.12,47.06,50,0.0,68,33.33,3 13232314,7,https://www1.mbrace.or.jp/od2/B/202610/b261011.lzh,2026-10-11T04:40:34.312436+09:00
20261011,08,常滑,11,20261011-08-11,3,4105,松下直也,47,兵庫,54.0,B1,5.52,36.14,6.41,48.15,55,0.0,15,31.58,3 13162 35,3,https://www1.mbrace.or.jp/od2/B/202610/b261011.lzh,2026-10-11T04:40:34.312436+09:00
20261011,08,常滑,11,20261011-08-11,4,4624,高田明,41,佐賀,51.0,A1,6.11,45.1,5.91,45.45,58,0.0,49,17.39,3556621125,6,https://www1.mbrace.or.jp/od2/B/202610/b261011.lzh,2026-10-11T04:40:34.312436+09:00
20261011,08,常滑,11,20261011-08-11,5,5321,一色颯輝,24,愛知,55.0,B1,4.95,32.0,3.79,18.87,52,0.0,54,27.59,6 331 5222,7,https://www1.mbrace.or.jp/od2/B/202610/b261011.lzh,2026-10-11T04:40:34.312436+09:00
20261011,08,常滑,11,20261011-08-11,6,3841,佐々木和,50,徳島,54.0,A2,6.29,46.88,5.13,32.5,40,0.0,76,36.36,2236434 2,1,https://www1.mbrace.or.jp/od2/B/202610/b261011.lzh,2026-10-11T04:40:34.312436+09:00
20261011,08,常滑,12,20261011-08-12,1,4236,松村敏,43,福岡,55.0,A1,7.58,66.34,6.43,52.38,6,0.0,28,27.27,1311322161,,https://www1.mbrace.or.jp/od2/B/202610/b261011.lzh,2026-10-11T04:40:34.312436+09:00
20261011,08,常滑,12,20261011-08-12,2,4295,小坂尚哉,40,兵庫,54.0,A1,7.53,61.9,6.38,46.15,8,0.0,77,27.69,2211331141,,https://www1.mbrace.or.jp/od2/B/202610/b261011.lzh,2026-10-11T04:40:34.312436+09:00
20261011,08,常滑,12,20261011-08-12,3,4296,岡崎恭裕,39,福岡,52.0,A2,6.66,49.3,6.42,34.62,2,0.0,32,46.55,5121211 21,,https://www1.mbrace.or.jp/od2/B/202610/b261011.lzh,2026-10-11T04:40:34.312436+09:00
20261011,08,常滑,12,20261011-08-12,4,4460,後藤翔之,40,東京,57.0,A2,6.36,49.49,4.22,16.67,39,0.0,57,40.98,2 25123 12,,https://www1.mbrace.or.jp/od2/B/202610/b261011.lzh,2026-10-11T04:40:34.312436+09:00
20261011,08,常滑,12,20261011-08-12,5,4137,君島秀三,46,滋賀,53.0,A1,6.64,48.33,8.71,71.43,9,0.0,14,41.51,1622153432,,https://www1.mbrace.or.jp/od2/B/202610/b261011.lzh,2026-10-11T04:40:34.312436+09:00
20261011,08,常滑,12,20261011-08-12,6,4447,深川麻奈,39,福岡,48.0,B1,6.33,46.55,5.6,33.33,53,0.0,47,38.1,212 254 23,,https://www1.mbrace.or.jp/od2/B/202610/b261011.lzh,2026-10-11T04:40:34.312436+09:00
20261011,06,浜名湖,1,20261011-06-01,1,5378,鈴木結平,22,静岡,51.0,B2,1.6,1.82,1.48,0.0,62,43.86,35,0.0,5,9,https://www1.mbrace.or.jp/od2/B/202610/b261011.lzh,2026-10-11T04:40:34.312436+09:00
20261011,06,浜名湖,1,20261011-06-01,2,3850,小川知行,54,群馬,53.0,B1,4.45,23.81,4.85,30.43,51,26.61,43,0.0,5,10,https://www1.mbrace.or.jp/od2/B/202610/b261011.lzh,2026-10-11T04:40:34.312436+09:00
20261011,06,浜名湖,1,20261011-06-01,3,3718,伊達正利,51,静岡,56.0,B1,4.33,21.98,4.65,26.97,39,23.16,15,0.0,2,7,https://www1.mbrace.or.jp/od2/B/202610/b261011.lzh,2026-10-11T04:40:34.312436+09:00
20261011,06,浜名湖,1,20261011-06-01,4,4034,西原明生,47,香川,54.0,B1,3.89,21.11,0.0,0.0,28,25.24,55,0.0,55,,https://www1.mbrace.or.jp/od2/B/202610/b261011.lzh,2026-10-11T04:40:34.312436+09:00
20261011,06,浜名湖,1,20261011-06-01,5,3538,菊池峰晴,58,群馬,52.0,B2,3.66,13.16,6.32,52.63,24,26.21,28,0.0,6,6,https://www1.mbrace.or.jp/od2/B/202610/b261011.lzh,2026-10-11T04:40:34.312436+09:00
20261011,06,浜名湖,1,20261011-06-01,6,3681,山谷央,53,東京,51.0,B1,4.82,28.79,5.23,30.0,3,35.96,46,0.0,6,5,https://www1.mbrace.or.jp/od2/B/202610/b261011.lzh,2026-10-11T04:40:34.312436+09:00
20261011,06,浜名湖,2,20261011-06-02,1,3381,滝沢芳行,58,埼玉,54.0,B1,5.05,28.57,5.25,35.0,33,24.75,12,0.0,32,,https://www1.mbrace.or.jp/od2/B/202610/b261011.lzh,2026-10-11T04:40:34.312436+09:00
20261011,06,浜名湖,2,20261011-06-02,2,4562,阪本勇介,38,岡山,54.0,B1,4.82,31.13,4.26,10.53,64,22.73,39,0.0,1,12,https://www1.mbrace.or.jp/od2/B/202610/b261011.lzh,2026-10-11T04:40:34.312436+09:00
20261011,06,浜名湖,2,20261011-06-02,3,4109,谷津幸宏,46,埼玉,55.0,A2,6.23,44.33,5.57,33.33,56,26.67,40,0.0,4,9,https://www1.mbrace.or.jp/od2/B/202610/b261011.lzh,2026-10-11T04:40:34.312436+09:00
20261011,06,浜名湖,2,20261011-06-02,4,4102,益田啓司,47,福岡,52.0,A1,6.46,50.0,7.45,54.55,18,23.58,25,0.0,3,10,https://www1.mbrace.or.jp/od2/B/202610/b261011.lzh,2026-10-11T04:40:34.312436+09:00
20261011,06,浜名湖,2,20261011-06-02,5,4231,鈴木裕隆,43,愛知,55.0,B1,5.21,31.07,5.98,36.73,17,40.63,37,0.0,1,8,https://www1.mbrace.or.jp/od2/B/202610/b261011.lzh,2026-10-11T04:40:34.312436+09:00
20261011,06,浜名湖,2,20261011-06-02,6,3663,木山和幸,56,広島,51.0,B1,5.32,33.91,4.05,20.0,54,33.62,23,0.0,5,6,https://www1.mbrace.or.jp/od2/B/202610/b261011.lzh,2026-10-11T04:40:34.312436+09:00
20261011,06,浜名湖,3,20261011-06-03,1,4201,佐竹友樹,44,埼玉,54.0,B1,4.59,23.36,5.03,31.03,29,29.75,26,0.0,5,11,https://www1.mbrace.or.jp/od2/B/202610/b261011.lzh,2026-10-11T04:40:34.312436+09:00
20261011,06,浜名湖,3,20261011-06-03,2,4467,渡邉俊介,40,愛知,50.0,A1,6.06,39.64,5.78,27.78,9,26.85,44,0.0,13,8,https://www1.mbrace.or.jp/od2/B/202610/b261011.lzh,2026-10-11T04:40:34.312436+09:00
20261011,06,浜名湖,3,20261011-06-03,3,3775,泉啓文,52,岡山,59.0,B1,4.19,24.55,3.67,22.22,53,33.9,21,0.0,4,10,https://www1.mbrace.or.jp/od2/B/202610/b261011.lzh,2026-10-11T04:40:34.312436+09:00
20261011,06,浜名湖,3,20261011-06-03,4,3885,久田武,52,愛知,53.0,A2,4.94,29.25,5.46,39.58,15,35.78,13,0.0,35,,https://www1.mbrace.or.jp/od2/B/202610/b261011.lzh,2026-10-11T04:40:34.312436+09:00
20261011,06,浜名湖,3,20261011-06-03,5,3284,渡邊伸太,58,佐賀,54.0,B1,5.4,33.33,6.37,44.44,41,28.43,56,0.0,4,9,https://www1.mbrace.or.jp/od2/B/202610/b261011.lzh,2026-10-11T04:40:34.312436+09:00
20261011,06,浜名湖,3,20261011-06-03,6,3874,山本寛久,50,岡山,52.0,A2,6.91,48.57,6.09,42.42,60,16.0,17,0.0,1,12,https://www1.mbrace.or.jp/od2/B/202610/b261011.lzh,2026-10-11T04:40:34.312436+09:00
20261011,06,浜名湖,4,20261011-06-04,1,4177,萬正嗣,43,群馬,57.0,B1,4.28,28.95,5.1,42.86,31,24.3,45,0.0,64,,https://www1.mbrace.or.jp/od2/B/202610/b261011.lzh,2026-10-11T04:40:34.312436+09:00
20261011,06,浜名湖,4,20261011-06-04,2,4896,花本剛,34,山口,58.0,B1,4.28,28.36,5.1,28.57,25,21.51,48,0.0,64,,https://www1.mbrace.or.jp/od2/B/202610/b261011.lzh,2026-10-11T04:40:34.312436+09:00
20261011,06,浜名湖,4,20261011-06-04,3,3422,服部幸男,55,静岡,55.0,A2,5.55,35.9,6.91,52.0,66,35.96,34,0.0,1,11,https://www1.mbrace.or.jp/od2/B/202610/b261011.lzh,2026-10-11T04:40:34.312436+09:00
20261011,06,浜名湖,4,20261011-06-04,4,4511,中岡健人,37,香川,57.0,B1,4.46,22.35,4.47,35.29,50,21.25,14,0.0,1,8,https://www1.mbrace.or.jp/od2/B/202610/b261011.lzh,2026-10-11T04:40:34.312436+09:00
20261011,06,浜名湖,4,20261011-06-04,5,3686,鳥居塚孝,51,群馬,51.0,A2,5.83,33.71,5.86,39.29,49,31.01,51,0.0,2,12,https://www1.mbrace.or.jp/od2/B/202610/b261011.lzh,2026-10-11T04:40:34.312436+09:00
20261011,06,浜名湖,4,20261011-06-04,6,4545,岡村慶太,38,福岡,58.0,A1,6.98,55.65,5.55,36.36,27,14.81,18,0.0,36,9,https://www1.mbrace.or.jp/od2/B/202610/b261011.lzh,2026-10-11T04:40:34.312436+09:00
20261011,06,浜名湖,5,20261011-06-05,1,4471,新田泰章,39,広島,51.0,A1,6.47,51.13,6.48,47.62,30,27.62,22,0.0,32,11,https://www1.mbrace.or.jp/od2/B/202610/b261011.lzh,2026-10-11T04:40:34.312436+09:00
20261011,06,浜名湖,5,20261011-06-05,2,5349,宮崎奏磨,22,静岡,52.0,B2,1.25,0.0,1.42,1.45,65,28.28,11,0.0,46,,https://www1.mbrace.or.jp/od2/B/202610/b261011.lzh,2026-10-11T04:40:34.312436+09:00
20261011,06,浜名湖,5,20261011-06-05,3,3681,山谷央,53,東京,51.0,B1,4.82,28.79,5.23,30.0,3,35.96,46,0.0,6,1,https://www1.mbrace.or.jp/od2/B/202610/b261011.lzh,2026-10-11T04:40:34.312436+09:00
20261011,06,浜名湖,5,20261011-06-05,4,4918,川島拓郎,37,静岡,53.0,B1,4.04,20.78,4.09,20.78,14,36.75,19,0.0,14,,https://www1.mbrace.or.jp/od2/B/202610/b261011.lzh,2026-10-11T04:40:34.312436+09:00
20261011,06,浜名湖,5,20261011-06-05,5,4957,竹之内極,31,福岡,56.0,B1,5.4,33.33,5.45,27.27,5,46.15,57,0.0,6,9,https://www1.mbrace.or.jp/od2/B/202610/b261011.lzh,2026-10-11T04:40:34.312436+09:00
20261011,06,浜名湖,5,20261011-06-05,6,3497,後藤浩,58,埼玉,52.0,B1,3.62,20.51,3.47,15.79,8,26.36,30,0.0,66,,https://www1.mbrace.or.jp/od2/B/202610/b261011.lzh,2026-10-11T04:40:34.312436+09:00
20261011,06,浜名湖,6,20261011-06-06,1,4615,板倉敦史,46,東京,54.0,B1,4.55,22.35,3.44,11.11,37,48.09,36,0.0,41,,https://www1.mbrace.or.jp/od2/B/202610/b261011.lzh,2026-10-11T04:40:34.312436+09:00
20261011,06,浜名湖,6,20261011-06-06,2,5303,土井歩夢,23,福岡,52.0,A2,6.14,40.54,4.34,17.14,52,35.34,32,0.0,12,,https://www1.mbrace.or.jp/od2/B/202610/b261011.lzh,2026-10-11T04:40:34.312436+09:00
20261011,06,浜名湖,6,20261011-06-06,3,3538,菊池峰晴,58,群馬,52.0,B2,3.66,13.16,6.32,52.63,24,26.21,28,0.0,6,1,https://www1.mbrace.or.jp/od2/B/202610/b261011.lzh,2026-10-11T04:40:34.312436+09:00
20261011,06,浜名湖,6,20261011-06-06,4,3663,木山和幸,56,広島,51.0,B1,5.32,33.91,4.05,20.0,54,33.62,23,0.0,5,2,https://www1.mbrace.or.jp/od2/B/202610/b261011.lzh,2026-10-11T04:40:34.312436+09:00
20261011,06,浜名湖,6,20261011-06-06,5,4108,吉村正明,46,山口,50.0,A1,5.88,42.27,5.78,33.33,34,30.58,27,0.0,33,12,https://www1.mbrace.or.jp/od2/B/202610/b261011.lzh,2026-10-11T04:40:34.312436+09:00
20261011,06,浜名湖,6,20261011-06-06,6,4466,南佑典,40,三重,51.0,A2,5.8,36.61,6.5,50.0,40,31.2,29,0.0,5,10,https://www1.mbrace.or.jp/od2/B/202610/b261011.lzh,2026-10-11T04:40:34.312436+09:00
20261011,06,浜名湖,7,20261011-06-07,1,5319,近藤颯斗,25,愛知,52.0,B1,4.3,30.43,4.11,15.79,2,43.36,41,0.0,36,,https://www1.mbrace.or.jp/od2/B/202610/b261011.lzh,2026-10-11T04:40:34.312436+09:00
20261011,06,浜名湖,7,20261011-06-07,2,5100,栗原一馬,30,群馬,57.0,B1,4.29,22.86,3.73,15.25,35,24.42,50,0.0,52,,https://www1.mbrace.or.jp/od2/B/202610/b261011.lzh,2026-10-11T04:40:34.312436+09:00
20261011,06,浜名湖,7,20261011-06-07,3,4270,岸本雄貴,44,三重,57.0,B1,4.9,32.29,4.11,22.22,4,29.46,20,0.0,3,12,https://www1.mbrace.or.jp/od2/B/202610/b261011.lzh,2026-10-11T04:40:34.312436+09:00
20261011,06,浜名湖,7,20261011-06-07,4,4452,松尾祭,38,香川,52.0,A2,5.35,34.48,5.76,44.83,46,43.7,31,0.0,35,,https://www1.mbrace.or.jp/od2/B/202610/b261011.lzh,2026-10-11T04:40:34.312436+09:00
20261011,06,浜名湖,7,20261011-06-07,5,3997,北村征嗣,47,大阪,54.0,A1,6.18,42.4,7.02,58.14,47,21.88,54,0.0,44,11,https://www1.mbrace.or.jp/od2/B/202610/b261011.lzh,2026-10-11T04:40:34.312436+09:00
20261011,06,浜名湖,7,20261011-06-07,6,3718,伊達正利,51,静岡,56.0,B1,4.33,21.98,4.65,26.97,39,23.16,15,0.0,2,1,https://www1.mbrace.or.jp/od2/B/202610/b261011.lzh,2026-10-11T04:40:34.312436+09:00
20261011,06,浜名湖,8,20261011-06-08,1,4231,鈴木裕隆,43,愛知,55.0,B1,5.21,31.07,5.98,36.73,17,40.63,37,0.0,1,2,https://www1.mbrace.or.jp/od2/B/202610/b261011.lzh,2026-10-11T04:40:34.312436+09:00
20261011,06,浜名湖,8,20261011-06-08,2,4557,松尾光広,36,岡山,54.0,B1,3.86,16.67,3.0,20.0,12,20.88,16,0.0,26,,https://www1.mbrace.or.jp/od2/B/202610/b261011.lzh,2026-10-11T04:40:34.312436+09:00
20261011,06,浜名湖,8,20261011-06-08,3,4907,小池修平,31,大阪,53.0,A1,7.37,58.26,8.04,81.48,21,27.38,49,0.0,25,12,https://www1.mbrace.or.jp/od2/B/202610/b261011.lzh,2026-10-11T04:40:34.312436+09:00
20261011,06,浜名湖,8,20261011-06-08,4,4467,渡邉俊介,40,愛知,50.0,A1,6.06,39.64,5.78,27.78,9,26.85,44,0.0,13,3,https://www1.mbrace.or.jp/od2/B/202610/b261011.lzh,2026-10-11T04:40:34.312436+09:00
20261011,06,浜名湖,8,20261011-06-08,5,4511,中岡健人,37,香川,57.0,B1,4.46,22.35,4.47,35.29,50,21.25,14,0.0,1,4,https://www1.mbrace.or.jp/od2/B/202610/b261011.lzh,2026-10-11T04:40:34.312436+09:00
20261011,06,浜名湖,8,20261011-06-08,6,3161,古場輝義,66,大阪,54.0,B1,4.74,23.17,6.0,50.0,11,39.17,47,0.0,41,,https://www1.mbrace.or.jp/od2/B/202610/b261011.lzh,2026-10-11T04:40:34.312436+09:00
20261011,06,浜名湖,9,20261011-06-09,1,4109,谷津幸宏,46,埼玉,55.0,A2,6.23,44.33,5.57,33.33,56,26.67,40,0.0,4,2,https://www1.mbrace.or.jp/od2/B/202610/b261011.lzh,2026-10-11T04:40:34.312436+09:00
20261011,06,浜名湖,9,20261011-06-09,2,3305,小野信樹,58,岡山,53.0,B1,3.69,15.91,3.8,20.0,36,33.02,53,0.0,64,,https://www1.mbrace.or.jp/od2/B/202610/b261011.lzh,2026-10-11T04:40:34.312436+09:00
20261011,06,浜名湖,9,20261011-06-09,3,3284,渡邊伸太,58,佐賀,54.0,B1,5.4,33.33,6.37,44.44,41,28.43,56,0.0,4,3,https://www1.mbrace.or.jp/od2/B/202610/b261011.lzh,2026-10-11T04:40:34.312436+09:00
20261011,06,浜名湖,9,20261011-06-09,4,4545,岡村慶太,38,福岡,58.0,A1,6.98,55.65,5.55,36.36,27,14.81,18,0.0,36,4,https://www1.mbrace.or.jp/od2/B/202610/b261011.lzh,2026-10-11T04:40:34.312436+09:00
20261011,06,浜名湖,9,20261011-06-09,5,5378,鈴木結平,22,静岡,51.0,B2,1.6,1.82,1.48,0.0,62,43.86,35,0.0,5,1,https://www1.mbrace.or.jp/od2/B/202610/b261011.lzh,2026-10-11T04:40:34.312436+09:00
20261011,06,浜名湖,9,20261011-06-09,6,4957,竹之内極,31,福岡,56.0,B1,5.4,33.33,5.45,27.27,5,46.15,57,0.0,6,5,https://www1.mbrace.or.jp/od2/B/202610/b261011.lzh,2026-10-11T04:40:34.312436+09:00
20261011,06,浜名湖,10,20261011-06-10,1,4102,益田啓司,47,福岡,52.0,A1,6.46,50.0,7.45,54.55,18,23.58,25,0.0,3,2,https://www1.mbrace.or.jp/od2/B/202610/b261011.lzh,2026-10-11T04:40:34.312436+09:00
20261011,06,浜名湖,10,20261011-06-10,2,3508,久富政弘,55,佐賀,55.0,A2,4.99,29.52,4.84,26.32,10,35.71,38,0.0,23,,https://www1.mbrace.or.jp/od2/B/202610/b261011.lzh,2026-10-11T04:40:34.312436+09:00
20261011,06,浜名湖,10,20261011-06-10,3,4466,南佑典,40,三重,51.0,A2,5.8,36.61,6.5,50.0,40,31.2,29,0.0,5,6,https://www1.mbrace.or.jp/od2/B/202610/b261011.lzh,2026-10-11T04:40:34.312436+09:00
20261011,06,浜名湖,10,20261011-06-10,4,3775,泉啓文,52,岡山,59.0,B1,4.19,24.55,3.67,22.22,53,33.9,21,0.0,4,3,https://www1.mbrace.or.jp/od2/B/202610/b261011.lzh,2026-10-11T04:40:34.312436+09:00
20261011,06,浜名湖,10,20261011-06-10,5,3850,小川知行,54,群馬,53.0,B1,4.45,23.81,4.85,30.43,51,26.61,43,0.0,5,1,https://www1.mbrace.or.jp/od2/B/202610/b261011.lzh,2026-10-11T04:40:34.312436+09:00
20261011,06,浜名湖,10,20261011-06-10,6,3898,平田忠則,49,福岡,53.0,A1,7.87,70.77,7.19,59.46,57,30.0,33,0.0,21,,https://www1.mbrace.or.jp/od2/B/202610/b261011.lzh,2026-10-11T04:40:34.312436+09:00
20261011,06,浜名湖,11,20261011-06-11,1,3422,服部幸男,55,静岡,55.0,A2,5.55,35.9,6.91,52.0,66,35.96,34,0.0,1,4,https://www1.mbrace.or.jp/od2/B/202610/b261011.lzh,2026-10-11T04:40:34.312436+09:00
20261011,06,浜名湖,11,20261011-06-11,2,4248,岡本大,44,長崎,55.0,B1,4.59,24.44,4.88,24.0,43,17.44,24,0.0,25,,https://www1.mbrace.or.jp/od2/B/202610/b261011.lzh,2026-10-11T04:40:34.312436+09:00
20261011,06,浜名湖,11,20261011-06-11,3,3997,北村征嗣,47,大阪,54.0,A1,6.18,42.4,7.02,58.14,47,21.88,54,0.0,44,7,https://www1.mbrace.or.jp/od2/B/202610/b261011.lzh,2026-10-11T04:40:34.312436+09:00
20261011,06,浜名湖,11,20261011-06-11,4,4201,佐竹友樹,44,埼玉,54.0,B1,4.59,23.36,5.03,31.03,29,29.75,26,0.0,5,3,https://www1.mbrace.or.jp/od2/B/202610/b261011.lzh,2026-10-11T04:40:34.312436+09:00
20261011,06,浜名湖,11,20261011-06-11,5,4471,新田泰章,39,広島,51.0,A1,6.47,51.13,6.48,47.62,30,27.62,22,0.0,32,5,https://www1.mbrace.or.jp/od2/B/202610/b261011.lzh,2026-10-11T04:40:34.312436+09:00
20261011,06,浜名湖,11,20261011-06-11,6,4171,榎幸司,44,長崎,52.0,A2,6.31,48.28,6.07,40.0,45,42.02,52,0.0,21,,https://www1.mbrace.or.jp/od2/B/202610/b261011.lzh,2026-10-11T04:40:34.312436+09:00
20261011,06,浜名湖,12,20261011-06-12,1,4907,小池修平,31,大阪,53.0,A1,7.37,58.26,8.04,81.48,21,27.38,49,0.0,25,8,https://www1.mbrace.or.jp/od2/B/202610/b261011.lzh,2026-10-11T04:40:34.312436+09:00
20261011,06,浜名湖,12,20261011-06-12,2,3686,鳥居塚孝,51,群馬,51.0,A2,5.83,33.71,5.86,39.29,49,31.01,51,0.0,2,4,https://www1.mbrace.or.jp/od2/B/202610/b261011.lzh,2026-10-11T04:40:34.312436+09:00
20261011,06,浜名湖,12,20261011-06-12,3,4108,吉村正明,46,山口,50.0,A1,5.88,42.27,5.78,33.33,34,30.58,27,0.0,33,6,https://www1.mbrace.or.jp/od2/B/202610/b261011.lzh,2026-10-11T04:40:34.312436+09:00
20261011,06,浜名湖,12,20261011-06-12,4,4270,岸本雄貴,44,三重,57.0,B1,4.9,32.29,4.11,22.22,4,29.46,20,0.0,3,7,https://www1.mbrace.or.jp/od2/B/202610/b261011.lzh,2026-10-11T04:40:34.312436+09:00
20261011,06,浜名湖,12,20261011-06-12,5,3874,山本寛久,50,岡山,52.0,A2,6.91,48.57,6.09,42.42,60,16.0,17,0.0,1,3,https://www1.mbrace.or.jp/od2/B/202610/b261011.lzh,2026-10-11T04:40:34.312436+09:00
20261011,06,浜名湖,12,20261011-06-12,6,4562,阪本勇介,38,岡山,54.0,B1,4.82,31.13,4.26,10.53,64,22.73,39,0.0,1,2,https://www1.mbrace.or.jp/od2/B/202610/b261011.lzh,2026-10-11T04:40:34.312436+09:00
20261011,03,江戸川,1,20261011-03-01,1,5361,植竹玲奈,19,東京,50.0,B1,3.13,8.97,0.0,0.0,10,35.0,10,39.24,2 24426,5,https://www1.mbrace.or.jp/od2/B/202610/b261011.lzh,2026-10-11T04:40:34.312436+09:00
20261011,03,江戸川,1,20261011-03-01,2,4924,中北涼,33,長崎,48.0,B1,4.72,22.22,3.33,0.0,55,36.59,18,31.33,1 564 33,7,https://www1.mbrace.or.jp/od2/B/202610/b261011.lzh,2026-10-11T04:40:34.312436+09:00
20261011,03,江戸川,1,20261011-03-01,3,3932,池田浩美,50,静岡,51.0,B1,5.14,37.5,5.73,46.67,48,36.9,53,50.0,2 663 35,10,https://www1.mbrace.or.jp/od2/B/202610/b261011.lzh,2026-10-11T04:40:34.312436+09:00
20261011,03,江戸川,1,20261011-03-01,4,4246,喜多那由,44,静岡,47.0,B1,3.99,17.65,2.83,16.67,41,28.75,24,34.83,53355 24,8,https://www1.mbrace.or.jp/od2/B/202610/b261011.lzh,2026-10-11T04:40:34.312436+09:00
20261011,03,江戸川,1,20261011-03-01,5,5358,増本杏珠,21,福岡,49.0,B2,3.07,8.33,0.0,0.0,69,40.79,51,29.27,6 45256,5,https://www1.mbrace.or.jp/od2/B/202610/b261011.lzh,2026-10-11T04:40:34.312436+09:00
20261011,03,江戸川,1,20261011-03-01,6,5418,堀内亜海,20,大阪,57.0,B2,1.08,0.0,0.0,0.0,19,28.05,16,41.46,666 666,6,https://www1.mbrace.or.jp/od2/B/202610/b261011.lzh,2026-10-11T04:40:34.312436+09:00
20261011,03,江戸川,2,20261011-03-02,1,4897,深見亜由,34,愛知,44.0,B1,3.99,14.29,5.3,40.0,13,41.03,30,32.14,5 15432,6,https://www1.mbrace.or.jp/od2/B/202610/b261011.lzh,2026-10-11T04:40:34.312436+09:00
20261011,03,江戸川,2,20261011-03-02,2,4690,高石梨菜,32,東京,48.0,B2,5.33,34.92,0.0,0.0,22,28.24,61,44.71,442 133,6,https://www1.mbrace.or.jp/od2/B/202610/b261011.lzh,2026-10-11T04:40:34.312436+09:00
20261011,03,江戸川,2,20261011-03-02,3,3604,武藤綾子,56,福岡,48.0,B1,4.51,21.05,4.92,30.77,24,29.89,41,38.1,123 536,8,https://www1.mbrace.or.jp/od2/B/202610/b261011.lzh,2026-10-11T04:40:34.312436+09:00
20261011,03,江戸川,2,20261011-03-02,4,5327,西田和加,22,埼玉,48.0,B2,1.92,1.89,1.2,0.0,71,50.63,43,34.21,6 34633,7,https://www1.mbrace.or.jp/od2/B/202610/b261011.lzh,2026-10-11T04:40:34.312436+09:00
20261011,03,江戸川,2,20261011-03-02,5,5153,佐藤ほの,30,東京,47.0,B1,3.48,8.33,5.05,27.63,16,35.8,46,35.62,634 345,9,https://www1.mbrace.or.jp/od2/B/202610/b261011.lzh,2026-10-11T04:40:34.312436+09:00
20261011,03,江戸川,2,20261011-03-02,6,5314,中曽瑠華,26,東京,51.0,B1,3.18,8.75,2.74,0.0,25,37.8,67,38.27,465 545,7,https://www1.mbrace.or.jp/od2/B/202610/b261011.lzh,2026-10-11T04:40:34.312436+09:00
20261011,03,江戸川,3,20261011-03-03,1,4680,後藤美翼,36,東京,45.0,A2,5.67,36.29,6.71,45.83,51,27.38,31,33.33,1 341 43,8,https://www1.mbrace.or.jp/od2/B/202610/b261011.lzh,2026-10-11T04:40:34.312436+09:00
20261011,03,江戸川,3,20261011-03-03,2,5365,石村日奈,25,東京,46.0,B1,3.18,13.92,1.44,0.0,57,43.9,17,38.27,3 245 16,7,https://www1.mbrace.or.jp/od2/B/202610/b261011.lzh,2026-10-11T04:40:34.312436+09:00
20261011,03,江戸川,3,20261011-03-03,3,5151,山下奈緒,31,大阪,47.0,B1,3.92,19.18,5.18,33.33,20,31.33,55,39.47,335 324,10,https://www1.mbrace.or.jp/od2/B/202610/b261011.lzh,2026-10-11T04:40:34.312436+09:00
20261011,03,江戸川,3,20261011-03-03,4,4941,孫崎百世,37,滋賀,46.0,B1,4.64,30.86,2.6,20.0,63,28.75,26,35.29,3 326 34,7,https://www1.mbrace.or.jp/od2/B/202610/b261011.lzh,2026-10-11T04:40:34.312436+09:00
20261011,03,江戸川,3,20261011-03-03,5,5390,高橋涼夏,19,群馬,48.0,B2,2.98,10.2,1.38,0.0,46,49.3,52,29.76,44565 46,8,https://www1.mbrace.or.jp/od2/B/202610/b261011.lzh,2026-10-11T04:40:34.312436+09:00
20261011,03,江戸川,3,20261011-03-03,6,5454,谷島咲希,20,埼玉,48.0,B2,1.44,1.47,0.0,0.0,17,40.24,25,29.73,666 566,9,https://www1.mbrace.or.jp/od2/B/202610/b261011.lzh,2026-10-11T04:40:34.312436+09:00
20261011,03,江戸川,4,20261011-03-04,1,4940,白石有美,28,東京,52.0,B2,4.18,19.18,4.66,28.13,59,36.14,35,29.63,4 441 24,9,https://www1.mbrace.or.jp/od2/B/202610/b261011.lzh,2026-10-11T04:40:34.312436+09:00
20261011,03,江戸川,4,20261011-03-04,2,4882,瀧川千依,30,広島,48.0,B2,4.09,23.53,4.2,30.0,23,35.9,12,37.21,351 535,10,https://www1.mbrace.or.jp/od2/B/202610/b261011.lzh,2026-10-11T04:40:34.312436+09:00
20261011,03,江戸川,4,20261011-03-04,3,5117,冨名腰桃,26,福岡,46.0,B1,5.32,34.78,0.0,0.0,49,36.78,68,32.95,2 331 46,9,https://www1.mbrace.or.jp/od2/B/202610/b261011.lzh,2026-10-11T04:40:34.312436+09:00
20261011,03,江戸川,4,20261011-03-04,4,4450,平高奈菜,39,香川,48.0,A2,6.78,50.0,0.0,0.0,15,31.03,40,35.96,564 112,10,https://www1.mbrace.or.jp/od2/B/202610/b261011.lzh,2026-10-11T04:40:34.312436+09:00
20261011,03,江戸川,4,20261011-03-04,5,5320,岩崎麗子,25,群馬,48.0,B1,3.99,20.27,2.89,11.11,30,49.37,50,29.73,256 5464,,https://www1.mbrace.or.jp/od2/B/202610/b261011.lzh,2026-10-11T04:40:34.312436+09:00
20261011,03,江戸川,4,20261011-03-04,6,3355,橋谷田佳,58,東京,39.0,B2,3.44,12.5,0.0,0.0,52,44.3,19,36.25,6 556 15,8,https://www1.mbrace.or.jp/od2/B/202610/b261011.lzh,2026-10-11T04:40:34.312436+09:00
20261011,03,江戸川,5,20261011-03-05,1,3528,笠野友紀,55,愛知,48.0,B1,4.06,19.51,6.33,33.33,43,32.94,48,31.03,55122 16,9,https://www1.mbrace.or.jp/od2/B/202610/b261011.lzh,2026-10-11T04:40:34.312436+09:00
20261011,03,江戸川,5,20261011-03-05,2,4843,深尾巴恵,34,静岡,47.0,B1,3.63,14.29,4.87,26.67,62,43.02,70,28.4,4 363 25,9,https://www1.mbrace.or.jp/od2/B/202610/b261011.lzh,2026-10-11T04:40:34.312436+09:00
20261011,03,江戸川,5,20261011-03-05,3,5361,植竹玲奈,19,東京,50.0,B1,3.13,8.97,0.0,0.0,10,35.0,10,39.24,2 24426,1,https://www1.mbrace.or.jp/od2/B/202610/b261011.lzh,2026-10-11T04:40:34.312436+09:00
20261011,03,江戸川,5,20261011-03-05,4,5358,増本杏珠,21,福岡,49.0,B2,3.07,8.33,0.0,0.0,69,40.79,51,29.27,6 45256,1,https://www1.mbrace.or.jp/od2/B/202610/b261011.lzh,2026-10-11T04:40:34.312436+09:00
20261011,03,江戸川,5,20261011-03-05,5,3357,福島陽子,57,岡山,48.0,B1,3.83,11.24,4.38,20.83,27,34.94,28,39.02,435 4652,,https://www1.mbrace.or.jp/od2/B/202610/b261011.lzh,2026-10-11T04:40:34.312436+09:00
20261011,03,江戸川,5,20261011-03-05,6,4414,大澤真菜,40,東京,45.0,B1,3.67,19.18,3.95,15.79,36,45.88,60,36.67,526 6245,,https://www1.mbrace.or.jp/od2/B/202610/b261011.lzh,2026-10-11T04:40:34.312436+09:00
20261011,03,江戸川,6,20261011-03-06,1,4283,石井裕美,42,東京,51.0,B1,4.14,7.89,6.04,39.29,45,26.58,36,37.33,22432 53,10,https://www1.mbrace.or.jp/od2/B/202610/b261011.lzh,2026-10-11T04:40:34.312436+09:00
20261011,03,江戸川,6,20261011-03-06,2,3994,小野桜,47,滋賀,46.0,B1,4.52,20.0,4.78,24.39,65,41.67,21,34.57,4 14555,10,https://www1.mbrace.or.jp/od2/B/202610/b261011.lzh,2026-10-11T04:40:34.312436+09:00
20261011,03,江戸川,6,20261011-03-06,3,4897,深見亜由,34,愛知,44.0,B1,3.99,14.29,5.3,40.0,13,41.03,30,32.14,5 15432,2,https://www1.mbrace.or.jp/od2/B/202610/b261011.lzh,2026-10-11T04:40:34.312436+09:00
20261011,03,江戸川,6,20261011-03-06,4,5418,堀内亜海,20,大阪,57.0,B2,1.08,0.0,0.0,0.0,19,28.05,16,41.46,666 666,1,https://www1.mbrace.or.jp/od2/B/202610/b261011.lzh,2026-10-11T04:40:34.312436+09:00
20261011,03,江戸川,6,20261011-03-06,5,4275,菅野はや,44,広島,51.0,B1,3.84,20.9,3.4,0.0,38,40.24,47,32.89,36532 55,,https://www1.mbrace.or.jp/od2/B/202610/b261011.lzh,2026-10-11T04:40:34.312436+09:00
20261011,03,江戸川,6,20261011-03-06,6,4690,高石梨菜,32,東京,48.0,B2,5.33,34.92,0.0,0.0,22,28.24,61,44.71,442 133,2,https://www1.mbrace.or.jp/od2/B/202610/b261011.lzh,2026-10-11T04:40:34.312436+09:00
20261011,03,江戸川,7,20261011-03-07,1,4941,孫崎百世,37,滋賀,46.0,B1,4.64,30.86,2.6,20.0,63,28.75,26,35.29,3 326 34,3,https://www1.mbrace.or.jp/od2/B/202610/b261011.lzh,2026-10-11T04:40:34.312436+09:00
20261011,03,江戸川,7,20261011-03-07,2,5327,西田和加,22,埼玉,48.0,B2,1.92,1.89,1.2,0.0,71,50.63,43,34.21,6 34633,2,https://www1.mbrace.or.jp/od2/B/202610/b261011.lzh,2026-10-11T04:40:34.312436+09:00
20261011,03,江戸川,7,20261011-03-07,3,5314,中曽瑠華,26,東京,51.0,B1,3.18,8.75,2.74,0.0,25,37.8,67,38.27,465 545,2,https://www1.mbrace.or.jp/od2/B/202610/b261011.lzh,2026-10-11T04:40:34.312436+09:00
20261011,03,江戸川,7,20261011-03-07,4,4924,中北涼,33,長崎,48.0,B1,4.72,22.22,3.33,0.0,55,36.59,18,31.33,1 564 33,1,https://www1.mbrace.or.jp/od2/B/202610/b261011.lzh,2026-10-11T04:40:34.312436+09:00
20261011,03,江戸川,7,20261011-03-07,5,5365,石村日奈,25,東京,46.0,B1,3.18,13.92,1.44,0.0,57,43.9,17,38.27,3 245 16,3,https://www1.mbrace.or.jp/od2/B/202610/b261011.lzh,2026-10-11T04:40:34.312436+09:00
20261011,03,江戸川,7,20261011-03-07,6,5447,岡本亜子,24,岡山,50.0,B2,1.08,0.0,0.0,0.0,33,30.86,39,45.12,656 6663,,https://www1.mbrace.or.jp/od2/B/202610/b261011.lzh,2026-10-11T04:40:34.312436+09:00
20261011,03,江戸川,8,20261011-03-08,1,3604,武藤綾子,56,福岡,48.0,B1,4.51,21.05,4.92,30.77,24,29.89,41,38.1,123 536,2,https://www1.mbrace.or.jp/od2/B/202610/b261011.lzh,2026-10-11T04:40:34.312436+09:00
20261011,03,江戸川,8,20261011-03-08,2,3355,橋谷田佳,58,東京,39.0,B2,3.44,12.5,0.0,0.0,52,44.3,19,36.25,6 556 15,4,https://www1.mbrace.or.jp/od2/B/202610/b261011.lzh,2026-10-11T04:40:34.312436+09:00
20261011,03,江戸川,8,20261011-03-08,3,4246,喜多那由,44,静岡,47.0,B1,3.99,17.65,2.83,16.67,41,28.75,24,34.83,53355 24,1,https://www1.mbrace.or.jp/od2/B/202610/b261011.lzh,2026-10-11T04:40:34.312436+09:00
20261011,03,江戸川,8,20261011-03-08,4,5390,高橋涼夏,19,群馬,48.0,B2,2.98,10.2,1.38,0.0,46,49.3,52,29.76,44565 46,3,https://www1.mbrace.or.jp/od2/B/202610/b261011.lzh,2026-10-11T04:40:34.312436+09:00
20261011,03,江戸川,8,20261011-03-08,5,4965,福岡泉水,29,兵庫,51.0,B1,4.38,20.88,0.0,0.0,35,29.27,57,28.74,544 6436,,https://www1.mbrace.or.jp/od2/B/202610/b261011.lzh,2026-10-11T04:40:34.312436+09:00
20261011,03,江戸川,8,20261011-03-08,6,4680,後藤美翼,36,東京,45.0,A2,5.67,36.29,6.71,45.83,51,27.38,31,33.33,1 341 43,3,https://www1.mbrace.or.jp/od2/B/202610/b261011.lzh,2026-10-11T04:40:34.312436+09:00
20261011,03,江戸川,9,20261011-03-09,1,5117,冨名腰桃,26,福岡,46.0,B1,5.32,34.78,0.0,0.0,49,36.78,68,32.95,2 331 46,4,https://www1.mbrace.or.jp/od2/B/202610/b261011.lzh,2026-10-11T04:40:34.312436+09:00
20261011,03,江戸川,9,20261011-03-09,2,5153,佐藤ほの,30,東京,47.0,B1,3.48,8.33,5.05,27.63,16,35.8,46,35.62,634 345,2,https://www1.mbrace.or.jp/od2/B/202610/b261011.lzh,2026-10-11T04:40:34.312436+09:00
20261011,03,江戸川,9,20261011-03-09,3,4940,白石有美,28,東京,52.0,B2,4.18,19.18,4.66,28.13,59,36.14,35,29.63,4 441 24,4,https://www1.mbrace.or.jp/od2/B/202610/b261011.lzh,2026-10-11T04:40:34.312436+09:00
20261011,03,江戸川,9,20261011-03-09,4,4843,深尾巴恵,34,静岡,47.0,B1,3.63,14.29,4.87,26.67,62,43.02,70,28.4,4 363 25,5,https://www1.mbrace.or.jp/od2/B/202610/b261011.lzh,2026-10-11T04:40:34.312436+09:00
20261011,03,江戸川,9,20261011-03-09,5,3528,笠野友紀,55,愛知,48.0,B1,4.06,19.51,6.33,33.33,43,32.94,48,31.03,55122 16,5,https://www1.mbrace.or.jp/od2/B/202610/b261011.lzh,2026-10-11T04:40:34.312436+09:00
20261011,03,江戸川,9,20261011-03-09,6,5454,谷島咲希,20,埼玉,48.0,B2,1.44,1.47,0.0,0.0,17,40.24,25,29.73,666 566,3,https://www1.mbrace.or.jp/od2/B/202610/b261011.lzh,2026-10-11T04:40:34.312436+09:00
20261011,03,江戸川,10,20261011-03-10,1,5151,山下奈緒,31,大阪,47.0,B1,3.92,19.18,5.18,33.33,20,31.33,55,39.47,335 324,3,https://www1.mbrace.or.jp/od2/B/202610/b261011.lzh,2026-10-11T04:40:34.312436+09:00
20261011,03,江戸川,10,20261011-03-10,2,3932,池田浩美,50,静岡,51.0,B1,5.14,37.5,5.73,46.67,48,36.9,53,50.0,2 663 35,1,https://www1.mbrace.or.jp/od2/B/202610/b261011.lzh,2026-10-11T04:40:34.312436+09:00
20261011,03,江戸川,10,20261011-03-10,3,4450,平高奈菜,39,香川,48.0,A2,6.78,50.0,0.0,0.0,15,31.03,40,35.96,564 112,4,https://www1.mbrace.or.jp/od2/B/202610/b261011.lzh,2026-10-11T04:40:34.312436+09:00
20261011,03,江戸川,10,20261011-03-10,4,3994,小野桜,47,滋賀,46.0,B1,4.52,20.0,4.78,24.39,65,41.67,21,34.57,4 14555,6,https://www1.mbrace.or.jp/od2/B/202610/b261011.lzh,2026-10-11T04:40:34.312436+09:00
20261011,03,江戸川,10,20261011-03-10,5,4882,瀧川千依,30,広島,48.0,B2,4.09,23.53,4.2,30.0,23,35.9,12,37.21,351 535,4,https://www1.mbrace.or.jp/od2/B/202610/b261011.lzh,2026-10-11T04:40:34.312436+09:00
20261011,03,江戸川,10,20261011-03-10,6,4283,石井裕美,42,東京,51.0,B1,4.14,7.89,6.04,39.29,45,26.58,36,37.33,22432 53,6,https://www1.mbrace.or.jp/od2/B/202610/b261011.lzh,2026-10-11T04:40:34.312436+09:00
20261011,03,江戸川,11,20261011-03-11,1,4208,三浦永理,43,静岡,46.0,A1,7.32,60.63,7.75,62.5,61,31.33,63,33.73,1 214 21,,https://www1.mbrace.or.jp/od2/B/202610/b261011.lzh,2026-10-11T04:40:34.312436+09:00
20261011,03,江戸川,11,20261011-03-11,2,4627,藤原菜希,40,東京,47.0,A2,6.39,47.5,8.07,72.41,26,30.59,49,44.58,151 212,,https://www1.mbrace.or.jp/od2/B/202610/b261011.lzh,2026-10-11T04:40:34.312436+09:00
20261011,03,江戸川,11,20261011-03-11,3,4478,櫻本あゆ,38,群馬,49.0,A1,6.0,43.48,5.95,31.58,68,30.38,15,33.73,4 11322,,https://www1.mbrace.or.jp/od2/B/202610/b261011.lzh,2026-10-11T04:40:34.312436+09:00
20261011,03,江戸川,11,20261011-03-11,4,5129,山口真喜,29,長崎,48.0,A2,5.9,40.32,7.0,44.44,56,46.59,64,43.37,2 125 12,,https://www1.mbrace.or.jp/od2/B/202610/b261011.lzh,2026-10-11T04:40:34.312436+09:00
20261011,03,江戸川,11,20261011-03-11,5,3435,寺田千恵,57,岡山,46.0,A2,6.72,46.96,8.0,66.67,18,30.86,59,34.15,212 443,,https://www1.mbrace.or.jp/od2/B/202610/b261011.lzh,2026-10-11T04:40:34.312436+09:00
20261011,03,江戸川,11,20261011-03-11,6,4891,寺島美里,36,東京,47.0,B1,5.15,32.1,6.31,44.44,32,39.08,66,32.94,153 1224,,https://www1.mbrace.or.jp/od2/B/202610/b261011.lzh,2026-10-11T04:40:34.312436+09:00
20261011,03,江戸川,12,20261011-03-12,1,4347,魚谷香織,41,福岡,45.0,A2,6.47,50.55,7.11,55.56,37,38.37,29,40.7,11211 12,,https://www1.mbrace.or.jp/od2/B/202610/b261011.lzh,2026-10-11T04:40:34.312436+09:00
20261011,03,江戸川,12,20261011-03-12,2,4050,田口節子,45,岡山,46.0,A1,7.8,62.96,0.0,0.0,64,45.45,71,36.59,2 223 11,,https://www1.mbrace.or.jp/od2/B/202610/b261011.lzh,2026-10-11T04:40:34.312436+09:00
20261011,03,江戸川,12,20261011-03-12,3,4974,安井瑞紀,33,岡山,47.0,A2,5.36,38.14,5.68,24.0,12,36.47,37,28.92,3 12311,,https://www1.mbrace.or.jp/od2/B/202610/b261011.lzh,2026-10-11T04:40:34.312436+09:00
20261011,03,江戸川,12,20261011-03-12,4,3618,海野ゆか,52,広島,45.0,A1,6.32,45.31,0.0,0.0,34,45.98,62,37.21,135 4111,,https://www1.mbrace.or.jp/od2/B/202610/b261011.lzh,2026-10-11T04:40:34.312436+09:00
20261011,03,江戸川,12,20261011-03-12,5,3611,岩崎芳美,54,徳島,48.0,A2,6.13,40.95,6.8,40.0,28,37.8,27,48.86,131 1234,,https://www1.mbrace.or.jp/od2/B/202610/b261011.lzh,2026-10-11T04:40:34.312436+09:00
20261011,03,江戸川,12,20261011-03-12,6,4286,平田さや,42,東京,48.0,A2,6.13,43.94,6.34,46.48,31,40.51,22,28.57,213 2641,,https://www1.mbrace.or.jp/od2/B/202610/b261011.lzh,2026-10-11T04:40:34.312436+09:00
20261011,02,戸田,1,20261011-02-01,1,4753,森照夫,38,福岡,56.0,B2,3.63,16.67,4.3,23.33,49,35.71,44,41.86,4 55,,https://www1.mbrace.or.jp/od2/B/202610/b261011.lzh,2026-10-11T04:40:34.312436+09:00
20261011,02,戸田,1,20261011-02-01,2,5186,遠藤圭吾,26,東京,52.0,B1,4.8,27.08,4.48,24.0,64,23.33,25,43.18,4 32,8,https://www1.mbrace.or.jp/od2/B/202610/b261011.lzh,2026-10-11T04:40:34.312436+09:00
20261011,02,戸田,1,20261011-02-01,3,5090,生方靖亜,25,群馬,55.0,B1,5.63,37.5,5.05,28.95,55,15.79,66,18.92,262,9,https://www1.mbrace.or.jp/od2/B/202610/b261011.lzh,2026-10-11T04:40:34.312436+09:00
20261011,02,戸田,1,20261011-02-01,4,5007,近藤雄一,29,東京,54.0,B1,4.74,22.58,4.7,18.18,31,25.64,54,21.62,254,6,https://www1.mbrace.or.jp/od2/B/202610/b261011.lzh,2026-10-11T04:40:34.312436+09:00
20261011,02,戸田,1,20261011-02-01,5,5466,成田華音,19,埼玉,52.0,B2,1.95,1.75,1.71,0.0,48,52.63,20,38.46,2 56,7,https://www1.mbrace.or.jp/od2/B/202610/b261011.lzh,2026-10-11T04:40:34.312436+09:00
20261011,02,戸田,1,20261011-02-01,6,5083,柳瀬幹太,27,山口,55.0,B1,4.14,21.74,4.73,33.33,63,32.26,50,21.88,251,10,https://www1.mbrace.or.jp/od2/B/202610/b261011.lzh,2026-10-11T04:40:34.312436+09:00
20261011,02,戸田,2,20261011-02-02,1,4873,蒲原健太,32,佐賀,53.0,B1,4.93,31.09,0.0,0.0,32,48.78,67,28.95,5 56,,https://www1.mbrace.or.jp/od2/B/202610/b261011.lzh,2026-10-11T04:40:34.312436+09:00
20261011,02,戸田,2,20261011-02-02,2,5026,安河内健,31,佐賀,55.0,A1,6.44,47.69,0.0,0.0,65,29.73,55,25.0,1621,7,https://www1.mbrace.or.jp/od2/B/202610/b261011.lzh,2026-10-11T04:40:34.312436+09:00
20261011,02,戸田,2,20261011-02-02,3,5339,石井伸長,26,香川,50.0,B1,4.94,33.8,0.0,0.0,44,36.36,13,20.51,3 21,9,https://www1.mbrace.or.jp/od2/B/202610/b261011.lzh,2026-10-11T04:40:34.312436+09:00
20261011,02,戸田,2,20261011-02-02,4,5292,佐藤右京,24,東京,55.0,B1,4.66,27.66,2.25,0.0,38,28.57,41,34.21,S 5,8,https://www1.mbrace.or.jp/od2/B/202610/b261011.lzh,2026-10-11T04:40:34.312436+09:00
20261011,02,戸田,2,20261011-02-02,5,5104,山田丈,28,福岡,51.0,A2,6.71,50.0,0.0,0.0,33,29.73,19,24.39,3 22,10,https://www1.mbrace.or.jp/od2/B/202610/b261011.lzh,2026-10-11T04:40:34.312436+09:00
20261011,02,戸田,2,20261011-02-02,6,5055,眞鳥章太,30,長崎,54.0,A2,5.61,35.42,5.2,30.0,34,38.46,47,42.11,346,11,https://www1.mbrace.or.jp/od2/B/202610/b261011.lzh,2026-10-11T04:40:34.312436+09:00
20261011,02,戸田,3,20261011-02-03,1,4952,吉武真也,32,福岡,52.0,B1,4.13,19.23,4.58,26.92,39,10.71,73,37.21,544,,https://www1.mbrace.or.jp/od2/B/202610/b261011.lzh,2026-10-11T04:40:34.312436+09:00
20261011,02,戸田,3,20261011-02-03,2,5012,加倉侑征,29,福岡,53.0,B1,4.41,14.86,6.46,46.15,42,30.95,33,35.14,235,12,https://www1.mbrace.or.jp/od2/B/202610/b261011.lzh,2026-10-11T04:40:34.312436+09:00
20261011,02,戸田,3,20261011-02-03,3,5290,坂本一真,25,東京,52.0,B1,3.52,15.52,1.82,6.06,35,25.64,29,35.0,335,7,https://www1.mbrace.or.jp/od2/B/202610/b261011.lzh,2026-10-11T04:40:34.312436+09:00
20261011,02,戸田,3,20261011-02-03,4,5005,石田貴洋,30,埼玉,52.0,A1,6.28,43.93,5.7,35.66,51,30.95,17,14.63,1212,11,https://www1.mbrace.or.jp/od2/B/202610/b261011.lzh,2026-10-11T04:40:34.312436+09:00
20261011,02,戸田,3,20261011-02-03,5,4724,吉田祐貴,40,佐賀,54.0,B1,3.67,11.11,3.88,25.0,46,15.63,52,35.0,5 63,9,https://www1.mbrace.or.jp/od2/B/202610/b261011.lzh,2026-10-11T04:40:34.312436+09:00
20261011,02,戸田,3,20261011-02-03,6,4790,柳内敬太,37,兵庫,52.0,A1,6.03,40.43,5.67,48.15,57,58.82,53,29.41,1 21,10,https://www1.mbrace.or.jp/od2/B/202610/b261011.lzh,2026-10-11T04:40:34.312436+09:00
20261011,02,戸田,4,20261011-02-04,1,4880,澤崎雄哉,31,東京,52.0,B1,4.81,26.6,5.0,33.33,28,10.53,14,57.89,6 33,,https://www1.mbrace.or.jp/od2/B/202610/b261011.lzh,2026-10-11T04:40:34.312436+09:00
20261011,02,戸田,4,20261011-02-04,2,5210,藤井公人,28,福岡,56.0,A2,5.66,37.96,4.65,30.77,62,31.25,75,5.88,244,11,https://www1.mbrace.or.jp/od2/B/202610/b261011.lzh,2026-10-11T04:40:34.312436+09:00
20261011,02,戸田,4,20261011-02-04,3,4715,村上遼,34,長崎,51.0,A1,6.93,49.45,0.0,0.0,56,43.59,60,28.57,4415,9,https://www1.mbrace.or.jp/od2/B/202610/b261011.lzh,2026-10-11T04:40:34.312436+09:00
20261011,02,戸田,4,20261011-02-04,4,5035,櫻井優,28,埼玉,54.0,A2,5.57,39.66,5.62,38.32,58,40.0,42,46.15,325,12,https://www1.mbrace.or.jp/od2/B/202610/b261011.lzh,2026-10-11T04:40:34.312436+09:00
20261011,02,戸田,4,20261011-02-04,5,4709,岡村将也,37,福岡,55.0,A2,5.48,35.48,6.26,43.48,25,18.18,76,28.95,455,10,https://www1.mbrace.or.jp/od2/B/202610/b261011.lzh,2026-10-11T04:40:34.312436+09:00
20261011,02,戸田,4,20261011-02-04,6,5302,秋末秦悟,23,大阪,52.0,B1,4.25,22.95,4.17,16.67,52,47.5,16,26.32,6 4,,https://www1.mbrace.or.jp/od2/B/202610/b261011.lzh,2026-10-11T04:40:34.312436+09:00
20261011,02,戸田,5,20261011-02-05,1,4789,古賀智之,37,福岡,54.0,A2,5.38,33.71,6.06,46.88,30,29.55,28,52.63,343,9,https://www1.mbrace.or.jp/od2/B/202610/b261011.lzh,2026-10-11T04:40:34.312436+09:00
20261011,02,戸田,5,20261011-02-05,2,4728,山口亮,38,東京,54.0,B1,4.73,29.33,0.0,0.0,40,17.5,71,35.0,5 46,,https://www1.mbrace.or.jp/od2/B/202610/b261011.lzh,2026-10-11T04:40:34.312436+09:00
20261011,02,戸田,5,20261011-02-05,3,5074,大澤誠也,30,愛知,56.0,B1,4.15,21.79,4.11,21.43,54,33.33,21,37.21,123,10,https://www1.mbrace.or.jp/od2/B/202610/b261011.lzh,2026-10-11T04:40:34.312436+09:00
20261011,02,戸田,5,20261011-02-05,4,4903,吉田凌太,33,愛知,52.0,A1,6.37,47.71,5.93,33.33,60,43.75,57,21.62,1533,12,https://www1.mbrace.or.jp/od2/B/202610/b261011.lzh,2026-10-11T04:40:34.312436+09:00
20261011,02,戸田,5,20261011-02-05,5,5402,塚越陸斗,23,群馬,54.0,B2,1.68,2.0,1.33,0.0,37,12.82,69,26.32,6 66,,https://www1.mbrace.or.jp/od2/B/202610/b261011.lzh,2026-10-11T04:40:34.312436+09:00
20261011,02,戸田,5,20261011-02-05,6,4902,山川雄大,33,兵庫,52.0,B1,4.44,31.48,4.54,20.83,36,42.55,30,20.59,511,11,https://www1.mbrace.or.jp/od2/B/202610/b261011.lzh,2026-10-11T04:40:34.312436+09:00
20261011,02,戸田,6,20261011-02-06,1,4864,小川日紀,37,福岡,54.0,B1,4.29,19.05,4.4,30.0,43,54.29,12,22.5,453,,https://www1.mbrace.or.jp/od2/B/202610/b261011.lzh,2026-10-11T04:40:34.312436+09:00
20261011,02,戸田,6,20261011-02-06,2,4731,間野兼礼,37,愛知,52.0,B1,4.54,21.62,0.0,0.0,45,64.29,40,34.88,6 34,,https://www1.mbrace.or.jp/od2/B/202610/b261011.lzh,2026-10-11T04:40:34.312436+09:00
20261011,02,戸田,6,20261011-02-06,3,5065,伊久間陽,28,群馬,53.0,A2,5.33,36.23,3.96,23.08,26,30.95,35,25.0,113,12,https://www1.mbrace.or.jp/od2/B/202610/b261011.lzh,2026-10-11T04:40:34.312436+09:00
20261011,02,戸田,6,20261011-02-06,4,4713,白神優,36,岡山,54.0,A1,6.24,39.39,6.05,30.0,61,11.76,26,28.95,1111,10,https://www1.mbrace.or.jp/od2/B/202610/b261011.lzh,2026-10-11T04:40:34.312436+09:00
20261011,02,戸田,6,20261011-02-06,5,5054,佐々木大,30,大阪,53.0,A1,6.75,57.47,4.75,30.0,59,32.35,59,48.72,2 12,11,https://www1.mbrace.or.jp/od2/B/202610/b261011.lzh,2026-10-11T04:40:34.312436+09:00
20261011,02,戸田,6,20261011-02-06,6,5007,近藤雄一,29,東京,54.0,B1,4.74,22.58,4.7,18.18,31,25.64,54,21.62,254,1,https://www1.mbrace.or.jp/od2/B/202610/b261011.lzh,2026-10-11T04:40:34.312436+09:00
20261011,02,戸田,7,20261011-02-07,1,5026,安河内健,31,佐賀,55.0,A1,6.44,47.69,0.0,0.0,65,29.73,55,25.0,1621,2,https://www1.mbrace.or.jp/od2/B/202610/b261011.lzh,2026-10-11T04:40:34.312436+09:00
20261011,02,戸田,7,20261011-02-07,2,5352,西岡蒼志,22,香川,54.0,B1,5.37,34.04,0.0,0.0,27,35.14,48,44.44,3 46,,https://www1.mbrace.or.jp/od2/B/202610/b261011.lzh,2026-10-11T04:40:34.312436+09:00
20261011,02,戸田,7,20261011-02-07,3,4944,田代達也,35,東京,53.0,B1,4.13,16.67,4.12,23.81,50,45.0,39,31.43,163,12,https://www1.mbrace.or.jp/od2/B/202610/b261011.lzh,2026-10-11T04:40:34.312436+09:00
20261011,02,戸田,7,20261011-02-07,4,5404,内田壮,22,山口,55.0,B1,2.45,5.95,0.0,0.0,23,25.71,56,30.77,4 44,,https://www1.mbrace.or.jp/od2/B/202610/b261011.lzh,2026-10-11T04:40:34.312436+09:00
20261011,02,戸田,7,20261011-02-07,5,5290,坂本一真,25,東京,52.0,B1,3.52,15.52,1.82,6.06,35,25.64,29,35.0,335,3,https://www1.mbrace.or.jp/od2/B/202610/b261011.lzh,2026-10-11T04:40:34.312436+09:00
20261011,02,戸田,7,20261011-02-07,6,5466,成田華音,19,埼玉,52.0,B2,1.95,1.75,1.71,0.0,48,52.63,20,38.46,2 56,1,https://www1.mbrace.or.jp/od2/B/202610/b261011.lzh,2026-10-11T04:40:34.312436+09:00
20261011,02,戸田,8,20261011-02-08,1,5356,長谷川暖,21,岡山,52.0,B1,4.88,27.78,3.53,15.79,22,25.0,58,40.91,366,,https://www1.mbrace.or.jp/od2/B/202610/b261011.lzh,2026-10-11T04:40:34.312436+09:00
20261011,02,戸田,8,20261011-02-08,2,4925,森悠稀,33,兵庫,52.0,A2,5.91,39.62,6.25,45.0,9,29.55,31,18.92,4152,,https://www1.mbrace.or.jp/od2/B/202610/b261011.lzh,2026-10-11T04:40:34.312436+09:00
20261011,02,戸田,8,20261011-02-08,3,5186,遠藤圭吾,26,東京,52.0,B1,4.8,27.08,4.48,24.0,64,23.33,25,43.18,4 32,1,https://www1.mbrace.or.jp/od2/B/202610/b261011.lzh,2026-10-11T04:40:34.312436+09:00
20261011,02,戸田,8,20261011-02-08,4,4772,石丸海渡,33,香川,56.0,A1,6.98,54.74,5.04,33.33,17,26.19,70,25.64,2311,12,https://www1.mbrace.or.jp/od2/B/202610/b261011.lzh,2026-10-11T04:40:34.312436+09:00
20261011,02,戸田,8,20261011-02-08,5,5292,佐藤右京,24,東京,55.0,B1,4.66,27.66,2.25,0.0,38,28.57,41,34.21,S 5,2,https://www1.mbrace.or.jp/od2/B/202610/b261011.lzh,2026-10-11T04:40:34.312436+09:00
20261011,02,戸田,8,20261011-02-08,6,4890,石川諒,37,山口,53.0,A2,5.71,36.08,5.31,23.08,53,46.34,38,38.1,6244,,https://www1.mbrace.or.jp/od2/B/202610/b261011.lzh,2026-10-11T04:40:34.312436+09:00
20261011,02,戸田,9,20261011-02-09,1,4724,吉田祐貴,40,佐賀,54.0,B1,3.67,11.11,3.88,25.0,46,15.63,52,35.0,5 63,3,https://www1.mbrace.or.jp/od2/B/202610/b261011.lzh,2026-10-11T04:40:34.312436+09:00
20261011,02,戸田,9,20261011-02-09,2,5339,石井伸長,26,香川,50.0,B1,4.94,33.8,0.0,0.0,44,36.36,13,20.51,3 21,2,https://www1.mbrace.or.jp/od2/B/202610/b261011.lzh,2026-10-11T04:40:34.312436+09:00
20261011,02,戸田,9,20261011-02-09,3,4789,古賀智之,37,福岡,54.0,A2,5.38,33.71,6.06,46.88,30,29.55,28,52.63,343,5,https://www1.mbrace.or.jp/od2/B/202610/b261011.lzh,2026-10-11T04:40:34.312436+09:00
20261011,02,戸田,9,20261011-02-09,4,4715,村上遼,34,長崎,51.0,A1,6.93,49.45,0.0,0.0,56,43.59,60,28.57,4415,4,https://www1.mbrace.or.jp/od2/B/202610/b261011.lzh,2026-10-11T04:40:34.312436+09:00
20261011,02,戸田,9,20261011-02-09,5,5122,相馬翔,25,埼玉,56.0,B1,3.82,16.07,4.68,26.79,29,34.09,62,23.68,3 22,,https://www1.mbrace.or.jp/od2/B/202610/b261011.lzh,2026-10-11T04:40:34.312436+09:00
20261011,02,戸田,9,20261011-02-09,6,5090,生方靖亜,25,群馬,55.0,B1,5.63,37.5,5.05,28.95,55,15.79,66,18.92,262,1,https://www1.mbrace.or.jp/od2/B/202610/b261011.lzh,2026-10-11T04:40:34.312436+09:00
20261011,02,戸田,10,20261011-02-10,1,4709,岡村将也,37,福岡,55.0,A2,5.48,35.48,6.26,43.48,25,18.18,76,28.95,455,4,https://www1.mbrace.or.jp/od2/B/202610/b261011.lzh,2026-10-11T04:40:34.312436+09:00
20261011,02,戸田,10,20261011-02-10,2,5104,山田丈,28,福岡,51.0,A2,6.71,50.0,0.0,0.0,33,29.73,19,24.39,3 22,2,https://www1.mbrace.or.jp/od2/B/202610/b261011.lzh,2026-10-11T04:40:34.312436+09:00
20261011,02,戸田,10,20261011-02-10,3,4713,白神優,36,岡山,54.0,A1,6.24,39.39,6.05,30.0,61,11.76,26,28.95,1111,6,https://www1.mbrace.or.jp/od2/B/202610/b261011.lzh,2026-10-11T04:40:34.312436+09:00
20261011,02,戸田,10,20261011-02-10,4,5083,柳瀬幹太,27,山口,55.0,B1,4.14,21.74,4.73,33.33,63,32.26,50,21.88,251,1,https://www1.mbrace.or.jp/od2/B/202610/b261011.lzh,2026-10-11T04:40:34.312436+09:00
20261011,02,戸田,10,20261011-02-10,5,4790,柳内敬太,37,兵庫,52.0,A1,6.03,40.43,5.67,48.15,57,58.82,53,29.41,1 21,3,https://www1.mbrace.or.jp/od2/B/202610/b261011.lzh,2026-10-11T04:40:34.312436+09:00
20261011,02,戸田,10,20261011-02-10,6,5074,大澤誠也,30,愛知,56.0,B1,4.15,21.79,4.11,21.43,54,33.33,21,37.21,123,5,https://www1.mbrace.or.jp/od2/B/202610/b261011.lzh,2026-10-11T04:40:34.312436+09:00
20261011,02,戸田,11,20261011-02-11,1,5054,佐々木大,30,大阪,53.0,A1,6.75,57.47,4.75,30.0,59,32.35,59,48.72,2 12,6,https://www1.mbrace.or.jp/od2/B/202610/b261011.lzh,2026-10-11T04:40:34.312436+09:00
20261011,02,戸田,11,20261011-02-11,2,5055,眞鳥章太,30,長崎,54.0,A2,5.61,35.42,5.2,30.0,34,38.46,47,42.11,346,2,https://www1.mbrace.or.jp/od2/B/202610/b261011.lzh,2026-10-11T04:40:34.312436+09:00
20261011,02,戸田,11,20261011-02-11,3,5005,石田貴洋,30,埼玉,52.0,A1,6.28,43.93,5.7,35.66,51,30.95,17,14.63,1212,3,https://www1.mbrace.or.jp/od2/B/202610/b261011.lzh,2026-10-11T04:40:34.312436+09:00
20261011,02,戸田,11,20261011-02-11,4,4902,山川雄大,33,兵庫,52.0,B1,4.44,31.48,4.54,20.83,36,42.55,30,20.59,511,5,https://www1.mbrace.or.jp/od2/B/202610/b261011.lzh,2026-10-11T04:40:34.312436+09:00
20261011,02,戸田,11,20261011-02-11,5,5345,牧村俊輝,23,愛知,52.0,B1,3.31,12.63,2.29,0.0,24,29.73,46,27.91,6 66,,https://www1.mbrace.or.jp/od2/B/202610/b261011.lzh,2026-10-11T04:40:34.312436+09:00
20261011,02,戸田,11,20261011-02-11,6,5210,藤井公人,28,福岡,56.0,A2,5.66,37.96,4.65,30.77,62,31.25,75,5.88,244,4,https://www1.mbrace.or.jp/od2/B/202610/b261011.lzh,2026-10-11T04:40:34.312436+09:00
20261011,02,戸田,12,20261011-02-12,1,4772,石丸海渡,33,香川,56.0,A1,6.98,54.74,5.04,33.33,17,26.19,70,25.64,2311,8,https://www1.mbrace.or.jp/od2/B/202610/b261011.lzh,2026-10-11T04:40:34.312436+09:00
20261011,02,戸田,12,20261011-02-12,2,4903,吉田凌太,33,愛知,52.0,A1,6.37,47.71,5.93,33.33,60,43.75,57,21.62,1533,5,https://www1.mbrace.or.jp/od2/B/202610/b261011.lzh,2026-10-11T04:40:34.312436+09:00
20261011,02,戸田,12,20261011-02-12,3,5012,加倉侑征,29,福岡,53.0,B1,4.41,14.86,6.46,46.15,42,30.95,33,35.14,235,3,https://www1.mbrace.or.jp/od2/B/202610/b261011.lzh,2026-10-11T04:40:34.312436+09:00
20261011,02,戸田,12,20261011-02-12,4,4944,田代達也,35,東京,53.0,B1,4.13,16.67,4.12,23.81,50,45.0,39,31.43,163,7,https://www1.mbrace.or.jp/od2/B/202610/b261011.lzh,2026-10-11T04:40:34.312436+09:00
20261011,02,戸田,12,20261011-02-12,5,5035,櫻井優,28,埼玉,54.0,A2,5.57,39.66,5.62,38.32,58,40.0,42,46.15,325,4,https://www1.mbrace.or.jp/od2/B/202610/b261011.lzh,2026-10-11T04:40:34.312436+09:00
20261011,02,戸田,12,20261011-02-12,6,5065,伊久間陽,28,群馬,53.0,A2,5.33,36.23,3.96,23.08,26,30.95,35,25.0,113,6,https://www1.mbrace.or.jp/od2/B/202610/b261011.lzh,2026-10-11T04:40:34.312436+09:00
20261011,01,桐生,1,20261011-01-01,1,3973,崎利仁,50,群馬,55.0,B1,4.59,22.77,5.0,29.69,71,31.15,24,34.04,5 634 54,,https://www1.mbrace.or.jp/od2/B/202610/b261011.lzh,2026-10-11T04:40:34.312436+09:00
20261011,01,桐生,1,20261011-01-01,2,3294,野中義生,61,静岡,52.0,B1,4.34,20.0,4.28,16.28,48,32.06,60,37.75,6 446 25,,https://www1.mbrace.or.jp/od2/B/202610/b261011.lzh,2026-10-11T04:40:34.312436+09:00
20261011,01,桐生,1,20261011-01-01,3,4245,高橋直哉,44,東京,52.0,B1,4.65,24.18,4.36,20.0,35,43.17,11,29.03,555 152,6,https://www1.mbrace.or.jp/od2/B/202610/b261011.lzh,2026-10-11T04:40:34.312436+09:00
20261011,01,桐生,1,20261011-01-01,4,3596,河上年昭,57,埼玉,56.0,B1,4.24,16.67,5.18,28.57,30,45.68,34,32.84,364 434,8,https://www1.mbrace.or.jp/od2/B/202610/b261011.lzh,2026-10-11T04:40:34.312436+09:00
20261011,01,桐生,1,20261011-01-01,5,4393,田中孝明,40,福岡,59.0,B1,4.08,16.9,3.87,13.04,31,33.67,52,41.03,455 364,,https://www1.mbrace.or.jp/od2/B/202610/b261011.lzh,2026-10-11T04:40:34.312436+09:00
20261011,01,桐生,1,20261011-01-01,6,5364,金子怜央,26,群馬,52.0,B1,2.05,2.38,2.48,3.85,75,30.37,44,39.18,5 336 43,7,https://www1.mbrace.or.jp/od2/B/202610/b261011.lzh,2026-10-11T04:40:34.312436+09:00
20261011,01,桐生,2,20261011-01-02,1,3947,寺本昇平,50,群馬,49.0,B1,4.49,22.58,5.13,29.7,28,37.5,33,34.0,2 152 53,9,https://www1.mbrace.or.jp/od2/B/202610/b261011.lzh,2026-10-11T04:40:34.312436+09:00
20261011,01,桐生,2,20261011-01-02,2,4303,牧原崇,43,愛知,53.0,B1,4.84,22.06,4.29,11.76,45,37.8,29,33.33,214 343,10,https://www1.mbrace.or.jp/od2/B/202610/b261011.lzh,2026-10-11T04:40:34.312436+09:00
20261011,01,桐生,2,20261011-01-02,3,4093,吉田宗弘,45,東京,51.0,B1,4.64,24.66,3.7,18.52,26,31.22,22,27.89,2 453 53,8,https://www1.mbrace.or.jp/od2/B/202610/b261011.lzh,2026-10-11T04:40:34.312436+09:00
20261011,01,桐生,2,20261011-01-02,4,3546,中里昌志,57,埼玉,52.0,B1,4.8,26.6,4.78,22.22,60,40.54,28,29.17,445 664,,https://www1.mbrace.or.jp/od2/B/202610/b261011.lzh,2026-10-11T04:40:34.312436+09:00
20261011,01,桐生,2,20261011-01-02,5,4110,小澤和也,46,埼玉,57.0,B1,3.71,14.67,4.18,26.47,38,39.08,30,33.65,5 152 53,12,https://www1.mbrace.or.jp/od2/B/202610/b261011.lzh,2026-10-11T04:40:34.312436+09:00
20261011,01,桐生,2,20261011-01-02,6,4506,稗田聖也,38,福岡,53.0,A1,6.24,46.23,5.35,36.96,70,33.33,41,34.72,4 224316,9,https://www1.mbrace.or.jp/od2/B/202610/b261011.lzh,2026-10-11T04:40:34.312436+09:00
20261011,01,桐生,3,20261011-01-03,1,3532,柴田光,54,群馬,54.0,B2,5.81,40.0,6.5,48.25,12,39.08,40,31.55,112 2662,11,https://www1.mbrace.or.jp/od2/B/202610/b261011.lzh,2026-10-11T04:40:34.312436+09:00
20261011,01,桐生,3,20261011-01-03,2,3635,石田政吾,55,福井,52.0,B1,5.1,32.93,5.39,39.47,33,40.51,38,34.2,31261 14,10,https://www1.mbrace.or.jp/od2/B/202610/b261011.lzh,2026-10-11T04:40:34.312436+09:00
20261011,01,桐生,3,20261011-01-03,3,3656,伯母芳恒,52,東京,55.0,B1,4.66,25.0,5.94,41.94,69,32.26,32,29.19,4 26445,7,https://www1.mbrace.or.jp/od2/B/202610/b261011.lzh,2026-10-11T04:40:34.312436+09:00
20261011,01,桐生,3,20261011-01-03,4,3875,廣中良一,49,山口,50.0,B1,4.61,27.17,0.0,0.0,56,40.0,74,37.3,5 341 36,12,https://www1.mbrace.or.jp/od2/B/202610/b261011.lzh,2026-10-11T04:40:34.312436+09:00
20261011,01,桐生,3,20261011-01-03,5,4051,清水敦揮,45,岡山,56.0,A2,6.79,50.65,5.33,33.33,27,51.4,16,25.15,12122 32,9,https://www1.mbrace.or.jp/od2/B/202610/b261011.lzh,2026-10-11T04:40:34.312436+09:00
20261011,01,桐生,3,20261011-01-03,6,4950,高岡竜也,33,山口,52.0,A1,6.1,47.83,6.55,54.55,59,41.62,35,38.61,331 1111,10,https://www1.mbrace.or.jp/od2/B/202610/b261011.lzh,2026-10-11T04:40:34.312436+09:00
20261011,01,桐生,4,20261011-01-04,1,4837,酒井陽祐,37,愛知,51.0,B1,5.0,34.88,4.71,28.57,47,28.5,26,31.79,543 322,11,https://www1.mbrace.or.jp/od2/B/202610/b261011.lzh,2026-10-11T04:40:34.312436+09:00
20261011,01,桐生,4,20261011-01-04,2,4871,菊池宏志,34,山口,54.0,B1,3.64,16.44,3.72,5.56,50,35.68,61,39.06,346 456,,https://www1.mbrace.or.jp/od2/B/202610/b261011.lzh,2026-10-11T04:40:34.312436+09:00
20261011,01,桐生,4,20261011-01-04,3,5311,小林京平,28,山口,53.0,B1,5.57,37.5,4.11,22.22,14,44.44,45,43.65,251 514,12,https://www1.mbrace.or.jp/od2/B/202610/b261011.lzh,2026-10-11T04:40:34.312436+09:00
20261011,01,桐生,4,20261011-01-04,4,3968,茶谷信次,50,滋賀,52.0,A2,5.52,36.9,5.36,30.77,44,26.26,69,35.71,231 3332,9,https://www1.mbrace.or.jp/od2/B/202610/b261011.lzh,2026-10-11T04:40:34.312436+09:00
20261011,01,桐生,4,20261011-01-04,5,4528,黒井達矢,38,埼玉,54.0,A1,6.43,40.96,6.69,53.85,21,34.47,57,40.21,41511 11,9,https://www1.mbrace.or.jp/od2/B/202610/b261011.lzh,2026-10-11T04:40:34.312436+09:00
20261011,01,桐生,4,20261011-01-04,6,4581,吉村誠,37,静岡,51.0,A1,6.25,45.45,7.0,55.56,37,31.73,50,31.98,3 253125,10,https://www1.mbrace.or.jp/od2/B/202610/b261011.lzh,2026-10-11T04:40:34.312436+09:00
20261011,01,桐生,5,20261011-01-05,1,3800,牧宏次,52,東京,52.0,A2,5.63,33.72,5.59,41.03,46,35.64,67,27.89,2 342 26,9,https://www1.mbrace.or.jp/od2/B/202610/b261011.lzh,2026-10-11T04:40:34.312436+09:00
20261011,01,桐生,5,20261011-01-05,2,5187,小坂風太,26,福井,57.0,B2,3.06,5.63,6.1,40.0,67,39.89,21,31.0,453 636,,https://www1.mbrace.or.jp/od2/B/202610/b261011.lzh,2026-10-11T04:40:34.312436+09:00
20261011,01,桐生,5,20261011-01-05,3,5379,廣部大明,22,滋賀,53.0,B1,3.2,10.98,0.0,0.0,43,27.22,19,35.15,2 166 35,12,https://www1.mbrace.or.jp/od2/B/202610/b261011.lzh,2026-10-11T04:40:34.312436+09:00
20261011,01,桐生,5,20261011-01-05,4,4151,下河誉史,44,福岡,54.0,B1,5.06,29.55,5.0,36.84,73,48.8,17,38.66,22232 2,11,https://www1.mbrace.or.jp/od2/B/202610/b261011.lzh,2026-10-11T04:40:34.312436+09:00
20261011,01,桐生,5,20261011-01-05,5,3612,馬袋義則,54,兵庫,53.0,A1,6.92,55.73,7.8,73.33,52,27.08,31,38.78,155 3241,11,https://www1.mbrace.or.jp/od2/B/202610/b261011.lzh,2026-10-11T04:40:34.312436+09:00
20261011,01,桐生,5,20261011-01-05,6,5234,塚越海斗,28,群馬,53.0,A1,6.53,51.16,6.61,49.69,11,30.39,37,35.78,22314 13,10,https://www1.mbrace.or.jp/od2/B/202610/b261011.lzh,2026-10-11T04:40:34.312436+09:00
20261011,01,桐生,6,20261011-01-06,1,4155,長野壮志,45,福岡,56.0,A2,5.86,43.81,6.56,55.56,64,34.45,68,33.33,34615 13,10,https://www1.mbrace.or.jp/od2/B/202610/b261011.lzh,2026-10-11T04:40:34.312436+09:00
20261011,01,桐生,6,20261011-01-06,2,3652,森下勇,53,群馬,57.0,B1,3.62,13.16,4.04,18.68,20,38.89,13,25.44,136 456,,https://www1.mbrace.or.jp/od2/B/202610/b261011.lzh,2026-10-11T04:40:34.312436+09:00
20261011,01,桐生,6,20261011-01-06,3,3848,川上聡介,49,愛知,57.0,B1,4.58,27.5,4.55,30.0,24,35.32,75,29.44,466 526,,https://www1.mbrace.or.jp/od2/B/202610/b261011.lzh,2026-10-11T04:40:34.312436+09:00
20261011,01,桐生,6,20261011-01-06,4,4143,浦田晃嗣,45,佐賀,56.0,B1,4.05,21.05,0.0,0.0,17,34.22,15,38.02,1 446 56,,https://www1.mbrace.or.jp/od2/B/202610/b261011.lzh,2026-10-11T04:40:34.312436+09:00
20261011,01,桐生,6,20261011-01-06,5,4245,高橋直哉,44,東京,52.0,B1,4.65,24.18,4.36,20.0,35,43.17,11,29.03,555 152,1,https://www1.mbrace.or.jp/od2/B/202610/b261011.lzh,2026-10-11T04:40:34.312436+09:00
20261011,01,桐生,6,20261011-01-06,6,5455,澁澤周羽,20,群馬,52.0,B2,1.54,0.0,1.69,0.0,40,31.48,51,33.33,661 444,,https://www1.mbrace.or.jp/od2/B/202610/b261011.lzh,2026-10-11T04:40:34.312436+09:00
20261011,01,桐生,7,20261011-01-07,1,4550,石岡将太,37,群馬,57.0,A2,4.77,23.23,4.97,32.69,32,42.58,42,34.15,133 2221,11,https://www1.mbrace.or.jp/od2/B/202610/b261011.lzh,2026-10-11T04:40:34.312436+09:00
20261011,01,桐生,7,20261011-01-07,2,5046,松山裕基,32,大阪,53.0,B1,3.69,13.24,4.17,22.22,49,35.68,25,28.65,6 566 55,,https://www1.mbrace.or.jp/od2/B/202610/b261011.lzh,2026-10-11T04:40:34.312436+09:00
20261011,01,桐生,7,20261011-01-07,3,4886,入海馨,30,岡山,54.0,A2,6.84,47.25,6.47,36.84,62,42.58,23,40.0,S36 151,12,https://www1.mbrace.or.jp/od2/B/202610/b261011.lzh,2026-10-11T04:40:34.312436+09:00
20261011,01,桐生,7,20261011-01-07,4,3656,伯母芳恒,52,東京,55.0,B1,4.66,25.0,5.94,41.94,69,32.26,32,29.19,4 26445,3,https://www1.mbrace.or.jp/od2/B/202610/b261011.lzh,2026-10-11T04:40:34.312436+09:00
20261011,01,桐生,7,20261011-01-07,5,5364,金子怜央,26,群馬,52.0,B1,2.05,2.38,2.48,3.85,75,30.37,44,39.18,5 336 43,1,https://www1.mbrace.or.jp/od2/B/202610/b261011.lzh,2026-10-11T04:40:34.312436+09:00
20261011,01,桐生,7,20261011-01-07,6,3550,都築正治,55,愛知,55.0,B1,5.18,35.04,5.67,45.24,53,34.67,62,31.38,1 141114,11,https://www1.mbrace.or.jp/od2/B/202610/b261011.lzh,2026-10-11T04:40:34.312436+09:00
20261011,01,桐生,8,20261011-01-08,1,4637,中田友也,36,埼玉,57.0,A2,5.63,37.1,4.84,26.58,57,30.3,14,36.13,6 245625,,https://www1.mbrace.or.jp/od2/B/202610/b261011.lzh,2026-10-11T04:40:34.312436+09:00
20261011,01,桐生,8,20261011-01-08,2,3596,河上年昭,57,埼玉,56.0,B1,4.24,16.67,5.18,28.57,30,45.68,34,32.84,364 434,1,https://www1.mbrace.or.jp/od2/B/202610/b261011.lzh,2026-10-11T04:40:34.312436+09:00
20261011,01,桐生,8,20261011-01-08,3,4803,飯田庄吾,32,福岡,59.0,B1,4.07,21.74,0.0,0.0,13,28.95,70,32.84,6 455 63,,https://www1.mbrace.or.jp/od2/B/202610/b261011.lzh,2026-10-11T04:40:34.312436+09:00
20261011,01,桐生,8,20261011-01-08,4,4093,吉田宗弘,45,東京,51.0,B1,4.64,24.66,3.7,18.52,26,31.22,22,27.89,2 453 53,2,https://www1.mbrace.or.jp/od2/B/202610/b261011.lzh,2026-10-11T04:40:34.312436+09:00
20261011,01,桐生,8,20261011-01-08,5,3385,渡邉睦広,57,東京,53.0,A2,5.44,35.51,5.35,35.29,72,28.65,27,46.39,3 225542,12,https://www1.mbrace.or.jp/od2/B/202610/b261011.lzh,2026-10-11T04:40:34.312436+09:00
20261011,01,桐生,8,20261011-01-08,6,3577,向所浩二,53,兵庫,60.0,B1,4.39,20.0,4.0,25.0,51,36.26,47,32.18,413 544F,,https://www1.mbrace.or.jp/od2/B/202610/b261011.lzh,2026-10-11T04:40:34.312436+09:00
20261011,01,桐生,9,20261011-01-09,1,4051,清水敦揮,45,岡山,56.0,A2,6.79,50.65,5.33,33.33,27,51.4,16,25.15,12122 32,3,https://www1.mbrace.or.jp/od2/B/202610/b261011.lzh,2026-10-11T04:40:34.312436+09:00
20261011,01,桐生,9,20261011-01-09,2,4528,黒井達矢,38,埼玉,54.0,A1,6.43,40.96,6.69,53.85,21,34.47,57,40.21,41511 11,4,https://www1.mbrace.or.jp/od2/B/202610/b261011.lzh,2026-10-11T04:40:34.312436+09:00
20261011,01,桐生,9,20261011-01-09,3,3968,茶谷信次,50,滋賀,52.0,A2,5.52,36.9,5.36,30.77,44,26.26,69,35.71,231 3332,4,https://www1.mbrace.or.jp/od2/B/202610/b261011.lzh,2026-10-11T04:40:34.312436+09:00
20261011,01,桐生,9,20261011-01-09,4,4506,稗田聖也,38,福岡,53.0,A1,6.24,46.23,5.35,36.96,70,33.33,41,34.72,4 224316,2,https://www1.mbrace.or.jp/od2/B/202610/b261011.lzh,2026-10-11T04:40:34.312436+09:00
20261011,01,桐生,9,20261011-01-09,5,3800,牧宏次,52,東京,52.0,A2,5.63,33.72,5.59,41.03,46,35.64,67,27.89,2 342 26,5,https://www1.mbrace.or.jp/od2/B/202610/b261011.lzh,2026-10-11T04:40:34.312436+09:00
20261011,01,桐生,9,20261011-01-09,6,3947,寺本昇平,50,群馬,49.0,B1,4.49,22.58,5.13,29.7,28,37.5,33,34.0,2 152 53,2,https://www1.mbrace.or.jp/od2/B/202610/b261011.lzh,2026-10-11T04:40:34.312436+09:00
20261011,01,桐生,10,20261011-01-10,1,4950,高岡竜也,33,山口,52.0,A1,6.1,47.83,6.55,54.55,59,41.62,35,38.61,331 1111,3,https://www1.mbrace.or.jp/od2/B/202610/b261011.lzh,2026-10-11T04:40:34.312436+09:00
20261011,01,桐生,10,20261011-01-10,2,5234,塚越海斗,28,群馬,53.0,A1,6.53,51.16,6.61,49.69,11,30.39,37,35.78,22314 13,5,https://www1.mbrace.or.jp/od2/B/202610/b261011.lzh,2026-10-11T04:40:34.312436+09:00
20261011,01,桐生,10,20261011-01-10,3,3635,石田政吾,55,福井,52.0,B1,5.1,32.93,5.39,39.47,33,40.51,38,34.2,31261 14,3,https://www1.mbrace.or.jp/od2/B/202610/b261011.lzh,2026-10-11T04:40:34.312436+09:00
20261011,01,桐生,10,20261011-01-10,4,4581,吉村誠,37,静岡,51.0,A1,6.25,45.45,7.0,55.56,37,31.73,50,31.98,3 253125,4,https://www1.mbrace.or.jp/od2/B/202610/b261011.lzh,2026-10-11T04:40:34.312436+09:00
20261011,01,桐生,10,20261011-01-10,5,4303,牧原崇,43,愛知,53.0,B1,4.84,22.06,4.29,11.76,45,37.8,29,33.33,214 343,2,https://www1.mbrace.or.jp/od2/B/202610/b261011.lzh,2026-10-11T04:40:34.312436+09:00
20261011,01,桐生,10,20261011-01-10,6,4155,長野壮志,45,福岡,56.0,A2,5.86,43.81,6.56,55.56,64,34.45,68,33.33,34615 13,6,https://www1.mbrace.or.jp/od2/B/202610/b261011.lzh,2026-10-11T04:40:34.312436+09:00
20261011,01,桐生,11,20261011-01-11,1,3550,都築正治,55,愛知,55.0,B1,5.18,35.04,5.67,45.24,53,34.67,62,31.38,1 141114,7,https://www1.mbrace.or.jp/od2/B/202610/b261011.lzh,2026-10-11T04:40:34.312436+09:00
20261011,01,桐生,11,20261011-01-11,2,4151,下河誉史,44,福岡,54.0,B1,5.06,29.55,5.0,36.84,73,48.8,17,38.66,22232 2,5,https://www1.mbrace.or.jp/od2/B/202610/b261011.lzh,2026-10-11T04:40:34.312436+09:00
20261011,01,桐生,11,20261011-01-11,3,4550,石岡将太,37,群馬,57.0,A2,4.77,23.23,4.97,32.69,32,42.58,42,34.15,133 2221,7,https://www1.mbrace.or.jp/od2/B/202610/b261011.lzh,2026-10-11T04:40:34.312436+09:00
20261011,01,桐生,11,20261011-01-11,4,3612,馬袋義則,54,兵庫,53.0,A1,6.92,55.73,7.8,73.33,52,27.08,31,38.78,155 3241,5,https://www1.mbrace.or.jp/od2/B/202610/b261011.lzh,2026-10-11T04:40:34.312436+09:00
20261011,01,桐生,11,20261011-01-11,5,3532,柴田光,54,群馬,54.0,B2,5.81,40.0,6.5,48.25,12,39.08,40,31.55,112 2662,3,https://www1.mbrace.or.jp/od2/B/202610/b261011.lzh,2026-10-11T04:40:34.312436+09:00
20261011,01,桐生,11,20261011-01-11,6,4837,酒井陽祐,37,愛知,51.0,B1,5.0,34.88,4.71,28.57,47,28.5,26,31.79,543 322,4,https://www1.mbrace.or.jp/od2/B/202610/b261011.lzh,2026-10-11T04:40:34.312436+09:00
20261011,01,桐生,12,20261011-01-12,1,3385,渡邉睦広,57,東京,53.0,A2,5.44,35.51,5.35,35.29,72,28.65,27,46.39,3 225542,8,https://www1.mbrace.or.jp/od2/B/202610/b261011.lzh,2026-10-11T04:40:34.312436+09:00
20261011,01,桐生,12,20261011-01-12,2,4110,小澤和也,46,埼玉,57.0,B1,3.71,14.67,4.18,26.47,38,39.08,30,33.65,5 152 53,2,https://www1.mbrace.or.jp/od2/B/202610/b261011.lzh,2026-10-11T04:40:34.312436+09:00
20261011,01,桐生,12,20261011-01-12,3,3875,廣中良一,49,山口,50.0,B1,4.61,27.17,0.0,0.0,56,40.0,74,37.3,5 341 36,3,https://www1.mbrace.or.jp/od2/B/202610/b261011.lzh,2026-10-11T04:40:34.312436+09:00
20261011,01,桐生,12,20261011-01-12,4,5379,廣部大明,22,滋賀,53.0,B1,3.2,10.98,0.0,0.0,43,27.22,19,35.15,2 166 35,5,https://www1.mbrace.or.jp/od2/B/202610/b261011.lzh,2026-10-11T04:40:34.312436+09:00
20261011,01,桐生,12,20261011-01-12,5,5311,小林京平,28,山口,53.0,B1,5.57,37.5,4.11,22.22,14,44.44,45,43.65,251 514,4,https://www1.mbrace.or.jp/od2/B/202610/b261011.lzh,2026-10-11T04:40:34.312436+09:00
20261011,01,桐生,12,20261011-01-12,6,4886,入海馨,30,岡山,54.0,A2,6.84,47.25,6.47,36.84,62,42.58,23,40.0,S36 151,7,https://www1.mbrace.or.jp/od2/B/202610/b261011.lzh,2026-10-11T04:40:34.312436+09:00
