date,venue_code,venue_name,race,race_id,boat,registration_no,racer_name,age,branch,weight_kg,grade,national_win_rate,national_top2_rate,local_win_rate,local_top2_rate,motor_no,motor_top2_rate,boat_no,boat_top2_rate,series_results_raw,early_race_raw,source_url,collected_at
20260911,24,大村,1,20260911-24-01,1,4483,北野輝季,37,愛知,53.0,A1,6.83,53.78,0.0,0.0,70,41.94,57,38.1,542 6 12,6,https://www1.mbrace.or.jp/od2/B/202609/b260911.lzh,2026-10-03T18:36:20.032921+09:00
20260911,24,大村,1,20260911-24-01,2,5051,松本純平,31,埼玉,56.0,A1,6.45,45.28,6.25,50.0,23,37.14,81,40.32,5 156 3,5,https://www1.mbrace.or.jp/od2/B/202609/b260911.lzh,2026-10-03T18:36:20.032921+09:00
20260911,24,大村,1,20260911-24-01,3,5058,前原大道,29,岡山,52.0,A1,6.58,48.8,7.31,46.15,76,31.67,44,29.82,412 3S6,8,https://www1.mbrace.or.jp/od2/B/202609/b260911.lzh,2026-10-03T18:36:20.032921+09:00
20260911,24,大村,1,20260911-24-01,4,5191,飛田江己,25,埼玉,53.0,A1,7.23,56.06,7.43,56.76,59,44.83,19,32.2,125 3 54,5,https://www1.mbrace.or.jp/od2/B/202609/b260911.lzh,2026-10-03T18:36:20.032921+09:00
20260911,24,大村,1,20260911-24-01,5,4482,守屋美穂,37,岡山,45.0,A1,6.24,41.03,6.28,35.9,46,32.79,47,39.34,4 244 53,7,https://www1.mbrace.or.jp/od2/B/202609/b260911.lzh,2026-10-03T18:36:20.032921+09:00
20260911,24,大村,1,20260911-24-01,6,5224,西岡顕心,25,香川,52.0,A1,7.38,51.38,7.04,60.0,14,33.33,82,31.88,5 1 343,6,https://www1.mbrace.or.jp/od2/B/202609/b260911.lzh,2026-10-03T18:36:20.032921+09:00
20260911,24,大村,2,20260911-24-02,1,5016,宮田龍馬,28,兵庫,53.0,A1,6.92,45.26,7.23,57.69,12,28.57,24,37.7,6 3 235,5,https://www1.mbrace.or.jp/od2/B/202609/b260911.lzh,2026-10-03T18:36:20.032921+09:00
20260911,24,大村,2,20260911-24-02,2,4908,上田龍星,31,大阪,52.0,A1,6.8,44.92,8.54,75.0,33,32.2,65,28.85,5 511S1,5,https://www1.mbrace.or.jp/od2/B/202609/b260911.lzh,2026-10-03T18:36:20.032921+09:00
20260911,24,大村,2,20260911-24-02,3,3983,須藤博倫,48,埼玉,52.0,A1,6.78,49.14,7.11,57.89,75,29.51,15,32.31,415 664,7,https://www1.mbrace.or.jp/od2/B/202609/b260911.lzh,2026-10-03T18:36:20.032921+09:00
20260911,24,大村,2,20260911-24-02,4,4398,船岡洋一,39,広島,51.0,A1,6.68,50.0,7.44,50.0,68,31.67,32,42.86,256 5 16,6,https://www1.mbrace.or.jp/od2/B/202609/b260911.lzh,2026-10-03T18:36:20.032921+09:00
20260911,24,大村,2,20260911-24-02,5,3952,中澤和志,50,埼玉,52.0,A1,6.67,48.33,6.54,41.03,43,34.29,43,39.34,5 14244,6,https://www1.mbrace.or.jp/od2/B/202609/b260911.lzh,2026-10-03T18:36:20.032921+09:00
20260911,24,大村,2,20260911-24-02,6,3779,原田幸哉,50,長崎,52.0,A1,6.66,40.21,7.35,52.48,77,28.79,49,41.94,3 655 35,8,https://www1.mbrace.or.jp/od2/B/202609/b260911.lzh,2026-10-03T18:36:20.032921+09:00
20260911,24,大村,3,20260911-24-03,1,4075,中野次郎,45,東京,55.0,A1,6.48,40.78,6.43,41.38,36,36.51,36,32.86,3 13634,7,https://www1.mbrace.or.jp/od2/B/202609/b260911.lzh,2026-10-03T18:36:20.032921+09:00
20260911,24,大村,3,20260911-24-03,2,5026,安河内健,31,佐賀,54.0,A1,6.73,54.95,6.91,53.7,69,31.08,60,35.29,346 4 56,6,https://www1.mbrace.or.jp/od2/B/202609/b260911.lzh,2026-10-03T18:36:20.032921+09:00
20260911,24,大村,3,20260911-24-03,3,3415,松井繁,56,大阪,52.0,A1,7.09,46.02,7.48,42.86,52,38.46,25,43.55,253 1 64,8,https://www1.mbrace.or.jp/od2/B/202609/b260911.lzh,2026-10-03T18:36:20.032921+09:00
20260911,24,大村,3,20260911-24-03,4,4910,中村泰平,30,愛知,51.0,A1,7.13,59.05,4.13,12.5,48,37.5,54,34.38,2 655 14,8,https://www1.mbrace.or.jp/od2/B/202609/b260911.lzh,2026-10-03T18:36:20.032921+09:00
20260911,24,大村,3,20260911-24-03,5,4571,菅章哉,38,徳島,53.0,A1,6.33,43.42,6.46,54.17,44,52.94,35,31.75,2 466 65,6,https://www1.mbrace.or.jp/od2/B/202609/b260911.lzh,2026-10-03T18:36:20.032921+09:00
20260911,24,大村,3,20260911-24-03,6,3719,辻栄蔵,51,広島,53.0,A1,6.7,44.76,7.31,37.5,20,49.23,64,39.68,6 1 46F,,https://www1.mbrace.or.jp/od2/B/202609/b260911.lzh,2026-10-03T18:36:20.032921+09:00
20260911,24,大村,4,20260911-24-04,1,4715,村上遼,34,長崎,52.0,A1,6.67,46.97,6.9,53.55,57,43.55,37,38.24,13623 5,8,https://www1.mbrace.or.jp/od2/B/202609/b260911.lzh,2026-10-03T18:36:20.032921+09:00
20260911,24,大村,4,20260911-24-04,2,4524,深谷知博,38,静岡,53.0,A1,6.69,36.62,6.52,34.78,55,40.0,17,32.35,46351 2,12,https://www1.mbrace.or.jp/od2/B/202609/b260911.lzh,2026-10-03T18:36:20.032921+09:00
20260911,24,大村,4,20260911-24-04,3,4543,重木輝彦,38,兵庫,53.0,A1,6.64,48.11,5.23,30.77,22,30.3,66,39.34,6 1 453,8,https://www1.mbrace.or.jp/od2/B/202609/b260911.lzh,2026-10-03T18:36:20.032921+09:00
20260911,24,大村,4,20260911-24-04,4,4961,西橋奈未,30,福井,47.0,A1,6.78,48.11,5.27,30.0,38,41.27,48,40.0,1 46254,7,https://www1.mbrace.or.jp/od2/B/202609/b260911.lzh,2026-10-03T18:36:20.032921+09:00
20260911,24,大村,4,20260911-24-04,5,3783,瓜生正義,50,福岡,53.0,A1,6.84,39.52,6.55,34.09,26,35.59,58,31.48,1 4 455,12,https://www1.mbrace.or.jp/od2/B/202609/b260911.lzh,2026-10-03T18:36:20.032921+09:00
20260911,24,大村,4,20260911-24-04,6,4497,桑原悠,39,長崎,53.0,A1,7.66,60.87,7.61,60.11,63,50.0,85,37.29,3F5 5 33,,https://www1.mbrace.or.jp/od2/B/202609/b260911.lzh,2026-10-03T18:36:20.032921+09:00
20260911,24,大村,5,20260911-24-05,1,4352,下條雄太,40,長崎,52.0,A1,7.45,53.85,7.57,62.11,25,31.75,20,45.16,3 243 5,12,https://www1.mbrace.or.jp/od2/B/202609/b260911.lzh,2026-10-03T18:36:20.032921+09:00
20260911,24,大村,5,20260911-24-05,2,5191,飛田江己,25,埼玉,53.0,A1,7.23,56.06,7.43,56.76,59,44.83,19,32.2,125 3 54,1,https://www1.mbrace.or.jp/od2/B/202609/b260911.lzh,2026-10-03T18:36:20.032921+09:00
20260911,24,大村,5,20260911-24-05,3,4908,上田龍星,31,大阪,52.0,A1,6.8,44.92,8.54,75.0,33,32.2,65,28.85,5 511S1,2,https://www1.mbrace.or.jp/od2/B/202609/b260911.lzh,2026-10-03T18:36:20.032921+09:00
20260911,24,大村,5,20260911-24-05,4,5051,松本純平,31,埼玉,56.0,A1,6.45,45.28,6.25,50.0,23,37.14,81,40.32,5 156 3,1,https://www1.mbrace.or.jp/od2/B/202609/b260911.lzh,2026-10-03T18:36:20.032921+09:00
20260911,24,大村,5,20260911-24-05,5,4704,河野大,38,徳島,52.0,A1,6.42,46.92,6.08,35.0,65,44.44,72,33.93,354 4 26,12,https://www1.mbrace.or.jp/od2/B/202609/b260911.lzh,2026-10-03T18:36:20.032921+09:00
20260911,24,大村,5,20260911-24-05,6,5016,宮田龍馬,28,兵庫,53.0,A1,6.92,45.26,7.23,57.69,12,28.57,24,37.7,6 3 235,2,https://www1.mbrace.or.jp/od2/B/202609/b260911.lzh,2026-10-03T18:36:20.032921+09:00
20260911,24,大村,6,20260911-24-06,1,5224,西岡顕心,25,香川,52.0,A1,7.38,51.38,7.04,60.0,14,33.33,82,31.88,5 1 343,1,https://www1.mbrace.or.jp/od2/B/202609/b260911.lzh,2026-10-03T18:36:20.032921+09:00
20260911,24,大村,6,20260911-24-06,2,4571,菅章哉,38,徳島,53.0,A1,6.33,43.42,6.46,54.17,44,52.94,35,31.75,2 466 65,3,https://www1.mbrace.or.jp/od2/B/202609/b260911.lzh,2026-10-03T18:36:20.032921+09:00
20260911,24,大村,6,20260911-24-06,3,5026,安河内健,31,佐賀,54.0,A1,6.73,54.95,6.91,53.7,69,31.08,60,35.29,346 4 56,3,https://www1.mbrace.or.jp/od2/B/202609/b260911.lzh,2026-10-03T18:36:20.032921+09:00
20260911,24,大村,6,20260911-24-06,4,3952,中澤和志,50,埼玉,52.0,A1,6.67,48.33,6.54,41.03,43,34.29,43,39.34,5 14244,2,https://www1.mbrace.or.jp/od2/B/202609/b260911.lzh,2026-10-03T18:36:20.032921+09:00
20260911,24,大村,6,20260911-24-06,5,4398,船岡洋一,39,広島,51.0,A1,6.68,50.0,7.44,50.0,68,31.67,32,42.86,256 5 16,2,https://www1.mbrace.or.jp/od2/B/202609/b260911.lzh,2026-10-03T18:36:20.032921+09:00
20260911,24,大村,6,20260911-24-06,6,4483,北野輝季,37,愛知,53.0,A1,6.83,53.78,0.0,0.0,70,41.94,57,38.1,542 6 12,1,https://www1.mbrace.or.jp/od2/B/202609/b260911.lzh,2026-10-03T18:36:20.032921+09:00
20260911,24,大村,7,20260911-24-07,1,5088,高憧四季,26,大阪,44.0,A1,6.59,44.19,6.55,40.91,62,34.29,56,38.1,633 4 35,12,https://www1.mbrace.or.jp/od2/B/202609/b260911.lzh,2026-10-03T18:36:20.032921+09:00
20260911,24,大村,7,20260911-24-07,2,4961,西橋奈未,30,福井,47.0,A1,6.78,48.11,5.27,30.0,38,41.27,48,40.0,1 46254,4,https://www1.mbrace.or.jp/od2/B/202609/b260911.lzh,2026-10-03T18:36:20.032921+09:00
20260911,24,大村,7,20260911-24-07,3,4482,守屋美穂,37,岡山,45.0,A1,6.24,41.03,6.28,35.9,46,32.79,47,39.34,4 244 53,1,https://www1.mbrace.or.jp/od2/B/202609/b260911.lzh,2026-10-03T18:36:20.032921+09:00
20260911,24,大村,7,20260911-24-07,4,4688,永井彪也,33,東京,52.0,A1,6.99,56.41,5.48,37.04,54,41.27,62,42.65,14435 3,12,https://www1.mbrace.or.jp/od2/B/202609/b260911.lzh,2026-10-03T18:36:20.032921+09:00
20260911,24,大村,7,20260911-24-07,5,3983,須藤博倫,48,埼玉,52.0,A1,6.78,49.14,7.11,57.89,75,29.51,15,32.31,415 664,2,https://www1.mbrace.or.jp/od2/B/202609/b260911.lzh,2026-10-03T18:36:20.032921+09:00
20260911,24,大村,7,20260911-24-07,6,4075,中野次郎,45,東京,55.0,A1,6.48,40.78,6.43,41.38,36,36.51,36,32.86,3 13634,3,https://www1.mbrace.or.jp/od2/B/202609/b260911.lzh,2026-10-03T18:36:20.032921+09:00
20260911,24,大村,8,20260911-24-08,1,3779,原田幸哉,50,長崎,52.0,A1,6.66,40.21,7.35,52.48,77,28.79,49,41.94,3 655 35,2,https://www1.mbrace.or.jp/od2/B/202609/b260911.lzh,2026-10-03T18:36:20.032921+09:00
20260911,24,大村,8,20260911-24-08,2,5058,前原大道,29,岡山,52.0,A1,6.58,48.8,7.31,46.15,76,31.67,44,29.82,412 3S6,1,https://www1.mbrace.or.jp/od2/B/202609/b260911.lzh,2026-10-03T18:36:20.032921+09:00
20260911,24,大村,8,20260911-24-08,3,4910,中村泰平,30,愛知,51.0,A1,7.13,59.05,4.13,12.5,48,37.5,54,34.38,2 655 14,3,https://www1.mbrace.or.jp/od2/B/202609/b260911.lzh,2026-10-03T18:36:20.032921+09:00
20260911,24,大村,8,20260911-24-08,4,3415,松井繁,56,大阪,52.0,A1,7.09,46.02,7.48,42.86,52,38.46,25,43.55,253 1 64,3,https://www1.mbrace.or.jp/od2/B/202609/b260911.lzh,2026-10-03T18:36:20.032921+09:00
20260911,24,大村,8,20260911-24-08,5,4543,重木輝彦,38,兵庫,53.0,A1,6.64,48.11,5.23,30.77,22,30.3,66,39.34,6 1 453,4,https://www1.mbrace.or.jp/od2/B/202609/b260911.lzh,2026-10-03T18:36:20.032921+09:00
20260911,24,大村,8,20260911-24-08,6,4715,村上遼,34,長崎,52.0,A1,6.67,46.97,6.9,53.55,57,43.55,37,38.24,13623 5,4,https://www1.mbrace.or.jp/od2/B/202609/b260911.lzh,2026-10-03T18:36:20.032921+09:00
20260911,24,大村,9,20260911-24-09,1,4371,西山貴浩,39,福岡,53.0,A1,7.08,45.92,7.31,46.88,29,40.0,76,39.06,2 1 3333,,https://www1.mbrace.or.jp/od2/B/202609/b260911.lzh,2026-10-03T18:36:20.032921+09:00
20260911,24,大村,9,20260911-24-09,2,4544,松田大志,38,福岡,52.0,A1,7.61,60.19,7.96,59.26,74,34.33,68,31.58,424 1 22,,https://www1.mbrace.or.jp/od2/B/202609/b260911.lzh,2026-10-03T18:36:20.032921+09:00
20260911,24,大村,9,20260911-24-09,3,4084,杉山正樹,46,愛知,54.0,A1,6.46,43.55,7.2,57.14,41,54.55,75,31.43,3 36221,,https://www1.mbrace.or.jp/od2/B/202609/b260911.lzh,2026-10-03T18:36:20.032921+09:00
20260911,24,大村,9,20260911-24-09,4,4503,上野真之,38,佐賀,52.0,A1,8.15,64.46,8.27,69.23,16,47.06,33,30.36,6 6 221,,https://www1.mbrace.or.jp/od2/B/202609/b260911.lzh,2026-10-03T18:36:20.032921+09:00
20260911,24,大村,9,20260911-24-09,5,4096,石橋道友,44,長崎,52.0,A1,6.56,50.98,7.31,59.78,19,34.72,55,44.44,2 4 135,,https://www1.mbrace.or.jp/od2/B/202609/b260911.lzh,2026-10-03T18:36:20.032921+09:00
20260911,24,大村,9,20260911-24-09,6,5028,原田才一,29,福岡,51.0,A1,7.15,57.35,7.34,55.26,60,28.79,29,37.5,626 1 14,,https://www1.mbrace.or.jp/od2/B/202609/b260911.lzh,2026-10-03T18:36:20.032921+09:00
20260911,24,大村,10,20260911-24-10,1,4188,久田敏之,45,群馬,52.0,A1,7.88,65.18,6.45,36.36,81,38.03,31,36.62,314 321,,https://www1.mbrace.or.jp/od2/B/202609/b260911.lzh,2026-10-03T18:36:20.032921+09:00
20260911,24,大村,10,20260911-24-10,2,4238,毒島誠,42,群馬,53.0,A1,7.85,64.37,7.03,41.94,61,35.38,74,31.11,1 324 42,,https://www1.mbrace.or.jp/od2/B/202609/b260911.lzh,2026-10-03T18:36:20.032921+09:00
20260911,24,大村,10,20260911-24-10,3,4500,山田康二,38,佐賀,55.0,A1,7.96,57.61,6.95,50.0,34,38.57,67,37.7,5 51142,,https://www1.mbrace.or.jp/od2/B/202609/b260911.lzh,2026-10-03T18:36:20.032921+09:00
20260911,24,大村,10,20260911-24-10,4,3716,石渡鉄兵,51,東京,54.0,A1,6.99,45.0,6.58,45.83,45,46.27,12,38.03,4 132 62,,https://www1.mbrace.or.jp/od2/B/202609/b260911.lzh,2026-10-03T18:36:20.032921+09:00
20260911,24,大村,10,20260911-24-10,5,4907,小池修平,31,大阪,52.0,A1,7.35,58.72,6.45,37.93,13,34.92,70,35.59,2 2 515,,https://www1.mbrace.or.jp/od2/B/202609/b260911.lzh,2026-10-03T18:36:20.032921+09:00
20260911,24,大村,10,20260911-24-10,6,4494,河合佑樹,39,静岡,52.0,A1,6.89,47.13,6.75,25.0,27,29.69,77,33.82,3 266 21,,https://www1.mbrace.or.jp/od2/B/202609/b260911.lzh,2026-10-03T18:36:20.032921+09:00
20260911,24,大村,11,20260911-24-11,1,4262,馬場貴也,42,滋賀,54.0,A1,7.81,52.0,7.1,41.94,37,41.27,38,32.35,S 2 2121,,https://www1.mbrace.or.jp/od2/B/202609/b260911.lzh,2026-10-03T18:36:20.032921+09:00
20260911,24,大村,11,20260911-24-11,2,4174,赤坂俊輔,43,長崎,51.0,A1,6.38,44.44,6.41,43.72,17,39.34,51,35.82,2 3 134,,https://www1.mbrace.or.jp/od2/B/202609/b260911.lzh,2026-10-03T18:36:20.032921+09:00
20260911,24,大村,11,20260911-24-11,3,4960,黒野元基,30,愛知,53.0,A1,7.18,55.37,8.21,71.43,56,31.25,11,40.32,51225 1,,https://www1.mbrace.or.jp/od2/B/202609/b260911.lzh,2026-10-03T18:36:20.032921+09:00
20260911,24,大村,11,20260911-24-11,4,4686,丸野一樹,35,滋賀,53.0,A1,7.94,55.1,6.19,26.92,31,35.71,69,37.7,4 4 5123,,https://www1.mbrace.or.jp/od2/B/202609/b260911.lzh,2026-10-03T18:36:20.032921+09:00
20260911,24,大村,11,20260911-24-11,5,4719,上條暢嵩,32,大阪,51.0,A1,7.55,48.65,7.36,42.42,40,30.16,84,35.19,6 321 44,,https://www1.mbrace.or.jp/od2/B/202609/b260911.lzh,2026-10-03T18:36:20.032921+09:00
20260911,24,大村,11,20260911-24-11,6,4335,若林将,42,東京,53.0,A1,6.83,51.46,7.32,57.89,47,38.98,34,34.78,4 534 21,,https://www1.mbrace.or.jp/od2/B/202609/b260911.lzh,2026-10-03T18:36:20.032921+09:00
20260911,24,大村,12,20260911-24-12,1,3783,瓜生正義,50,福岡,53.0,A1,6.84,39.52,6.55,34.09,26,35.59,58,31.48,1 4 455,4,https://www1.mbrace.or.jp/od2/B/202609/b260911.lzh,2026-10-03T18:36:20.032921+09:00
20260911,24,大村,12,20260911-24-12,2,4688,永井彪也,33,東京,52.0,A1,6.99,56.41,5.48,37.04,54,41.27,62,42.65,14435 3,7,https://www1.mbrace.or.jp/od2/B/202609/b260911.lzh,2026-10-03T18:36:20.032921+09:00
20260911,24,大村,12,20260911-24-12,3,4352,下條雄太,40,長崎,52.0,A1,7.45,53.85,7.57,62.11,25,31.75,20,45.16,3 243 5,5,https://www1.mbrace.or.jp/od2/B/202609/b260911.lzh,2026-10-03T18:36:20.032921+09:00
20260911,24,大村,12,20260911-24-12,4,4704,河野大,38,徳島,52.0,A1,6.42,46.92,6.08,35.0,65,44.44,72,33.93,354 4 26,5,https://www1.mbrace.or.jp/od2/B/202609/b260911.lzh,2026-10-03T18:36:20.032921+09:00
20260911,24,大村,12,20260911-24-12,5,4524,深谷知博,38,静岡,53.0,A1,6.69,36.62,6.52,34.78,55,40.0,17,32.35,46351 2,4,https://www1.mbrace.or.jp/od2/B/202609/b260911.lzh,2026-10-03T18:36:20.032921+09:00
20260911,24,大村,12,20260911-24-12,6,5088,高憧四季,26,大阪,44.0,A1,6.59,44.19,6.55,40.91,62,34.29,56,38.1,633 4 35,7,https://www1.mbrace.or.jp/od2/B/202609/b260911.lzh,2026-10-03T18:36:20.032921+09:00
20260911,21,芦屋,1,20260911-21-01,1,4834,浜本裕己,38,大阪,51.0,A2,5.65,38.46,4.64,24.0,48,41.84,131,32.29,5 24,9,https://www1.mbrace.or.jp/od2/B/202609/b260911.lzh,2026-10-03T18:36:20.032921+09:00
20260911,21,芦屋,1,20260911-21-01,2,4020,川上清人,46,香川,66.0,B1,3.93,23.46,3.4,10.0,53,34.02,148,24.76,354,5,https://www1.mbrace.or.jp/od2/B/202609/b260911.lzh,2026-10-03T18:36:20.032921+09:00
20260911,21,芦屋,1,20260911-21-01,3,4853,前原哉,31,岡山,45.0,B1,4.41,18.48,3.39,5.56,51,30.93,130,23.08,334,,https://www1.mbrace.or.jp/od2/B/202609/b260911.lzh,2026-10-03T18:36:20.032921+09:00
20260911,21,芦屋,1,20260911-21-01,4,5383,中村楓,21,三重,53.0,B1,2.42,1.35,0.0,0.0,32,42.27,127,37.37,5 56,7,https://www1.mbrace.or.jp/od2/B/202609/b260911.lzh,2026-10-03T18:36:20.032921+09:00
20260911,21,芦屋,1,20260911-21-01,5,3509,池千夏,54,香川,50.0,B1,3.3,7.14,2.86,13.64,18,25.93,143,37.25,4 45,6,https://www1.mbrace.or.jp/od2/B/202609/b260911.lzh,2026-10-03T18:36:20.032921+09:00
20260911,21,芦屋,1,20260911-21-01,6,4594,谷川祐一,44,滋賀,53.0,B1,6.27,48.67,6.89,55.56,13,40.4,138,40.38,252,10,https://www1.mbrace.or.jp/od2/B/202609/b260911.lzh,2026-10-03T18:36:20.032921+09:00
20260911,21,芦屋,2,20260911-21-02,1,4850,野中一平,31,愛知,54.0,A2,6.38,47.54,6.14,42.86,14,28.57,166,36.27,1523,11,https://www1.mbrace.or.jp/od2/B/202609/b260911.lzh,2026-10-03T18:36:20.032921+09:00
20260911,21,芦屋,2,20260911-21-02,2,4443,津田裕絵,40,山口,51.0,B1,5.52,39.05,5.32,36.17,41,40.59,118,40.0,264,7,https://www1.mbrace.or.jp/od2/B/202609/b260911.lzh,2026-10-03T18:36:20.032921+09:00
20260911,21,芦屋,2,20260911-21-02,3,3998,冨成謙児,47,佐賀,51.0,B1,4.34,26.26,4.24,22.22,27,30.39,117,34.26,6 43,,https://www1.mbrace.or.jp/od2/B/202609/b260911.lzh,2026-10-03T18:36:20.032921+09:00
20260911,21,芦屋,2,20260911-21-02,4,4812,西野雄貴,36,徳島,52.0,A1,7.69,63.51,7.63,65.71,5,32.95,129,27.85,121,12,https://www1.mbrace.or.jp/od2/B/202609/b260911.lzh,2026-10-03T18:36:20.032921+09:00
20260911,21,芦屋,2,20260911-21-02,5,4408,仁科さや,40,長崎,48.0,B1,3.5,19.77,0.0,0.0,22,43.62,122,35.29,6 25,,https://www1.mbrace.or.jp/od2/B/202609/b260911.lzh,2026-10-03T18:36:20.032921+09:00
20260911,21,芦屋,2,20260911-21-02,6,3843,上之晃弘,50,長崎,54.0,B1,4.84,29.9,4.56,20.59,40,28.16,124,32.22,5 33,8,https://www1.mbrace.or.jp/od2/B/202609/b260911.lzh,2026-10-03T18:36:20.032921+09:00
20260911,21,芦屋,3,20260911-21-03,1,3541,三嶌誠司,58,香川,52.0,A2,6.27,43.69,7.82,68.18,42,25.0,139,29.41,1 55,12,https://www1.mbrace.or.jp/od2/B/202609/b260911.lzh,2026-10-03T18:36:20.032921+09:00
20260911,21,芦屋,3,20260911-21-03,2,5082,一色凌雅,27,愛知,58.0,B1,5.51,35.71,4.0,13.33,11,38.54,126,38.78,632,10,https://www1.mbrace.or.jp/od2/B/202609/b260911.lzh,2026-10-03T18:36:20.032921+09:00
20260911,21,芦屋,3,20260911-21-03,3,4991,宗行治哉,29,広島,52.0,A1,6.49,43.01,5.19,23.26,35,48.0,125,31.71,6343,,https://www1.mbrace.or.jp/od2/B/202609/b260911.lzh,2026-10-03T18:36:20.032921+09:00
20260911,21,芦屋,3,20260911-21-03,4,5208,屋良龍紀,28,長崎,51.0,B1,4.13,22.08,3.51,13.51,43,40.2,132,34.69,366,7,https://www1.mbrace.or.jp/od2/B/202609/b260911.lzh,2026-10-03T18:36:20.032921+09:00
20260911,21,芦屋,3,20260911-21-03,5,4384,鶴本崇文,41,大阪,54.0,A1,5.63,36.73,7.39,55.56,25,12.82,134,37.14,651,9,https://www1.mbrace.or.jp/od2/B/202609/b260911.lzh,2026-10-03T18:36:20.032921+09:00
20260911,21,芦屋,3,20260911-21-03,6,4092,岡部大輔,45,佐賀,53.0,B1,4.81,27.5,5.18,38.46,33,41.0,144,54.9,3 52,,https://www1.mbrace.or.jp/od2/B/202609/b260911.lzh,2026-10-03T18:36:20.032921+09:00
20260911,21,芦屋,4,20260911-21-04,1,4771,下寺秀和,33,広島,56.0,A1,7.19,54.63,5.75,40.63,29,38.14,168,35.56,1421,10,https://www1.mbrace.or.jp/od2/B/202609/b260911.lzh,2026-10-03T18:36:20.032921+09:00
20260911,21,芦屋,4,20260911-21-04,2,3873,別府昌樹,50,広島,54.0,B1,4.96,27.27,5.57,34.09,12,36.84,165,33.64,213,,https://www1.mbrace.or.jp/od2/B/202609/b260911.lzh,2026-10-03T18:36:20.032921+09:00
20260911,21,芦屋,4,20260911-21-04,3,4861,田中宏樹,38,福岡,53.0,A2,5.15,29.29,5.16,32.35,50,30.43,164,32.99,361,11,https://www1.mbrace.or.jp/od2/B/202609/b260911.lzh,2026-10-03T18:36:20.032921+09:00
20260911,21,芦屋,4,20260911-21-04,4,3357,福島陽子,57,岡山,49.0,B1,3.87,12.94,3.41,12.2,59,26.09,152,34.0,542,8,https://www1.mbrace.or.jp/od2/B/202609/b260911.lzh,2026-10-03T18:36:20.032921+09:00
20260911,21,芦屋,4,20260911-21-04,5,4840,鈴木秀茉,35,静岡,52.0,B1,4.82,28.16,3.61,16.67,57,38.95,167,31.96,444,9,https://www1.mbrace.or.jp/od2/B/202609/b260911.lzh,2026-10-03T18:36:20.032921+09:00
20260911,21,芦屋,4,20260911-21-04,6,4793,金子萌,36,静岡,51.0,A2,6.41,48.57,5.68,42.11,20,22.77,113,44.23,4431,12,https://www1.mbrace.or.jp/od2/B/202609/b260911.lzh,2026-10-03T18:36:20.032921+09:00
20260911,21,芦屋,5,20260911-21-05,1,4389,伊藤喜智,40,大阪,52.0,A2,5.46,29.35,4.63,25.58,38,37.62,128,17.65,2 16,10,https://www1.mbrace.or.jp/od2/B/202609/b260911.lzh,2026-10-03T18:36:20.032921+09:00
20260911,21,芦屋,5,20260911-21-05,2,5317,長尾萌加,25,岡山,45.0,B1,4.63,23.71,3.35,5.88,2,26.6,147,23.08,3 45,,https://www1.mbrace.or.jp/od2/B/202609/b260911.lzh,2026-10-03T18:36:20.032921+09:00
20260911,21,芦屋,5,20260911-21-05,3,4020,川上清人,46,香川,66.0,B1,3.93,23.46,3.4,10.0,53,34.02,148,24.76,354,1,https://www1.mbrace.or.jp/od2/B/202609/b260911.lzh,2026-10-03T18:36:20.032921+09:00
20260911,21,芦屋,5,20260911-21-05,4,5457,山田陽翔,20,長崎,51.0,B2,1.15,0.0,0.0,0.0,54,27.37,120,31.25,6 66,9,https://www1.mbrace.or.jp/od2/B/202609/b260911.lzh,2026-10-03T18:36:20.032921+09:00
20260911,21,芦屋,5,20260911-21-05,5,4675,井手良太,38,大阪,51.0,A2,5.75,37.5,4.38,12.5,47,33.33,161,34.31,3 15,12,https://www1.mbrace.or.jp/od2/B/202609/b260911.lzh,2026-10-03T18:36:20.032921+09:00
20260911,21,芦屋,5,20260911-21-05,6,4848,仲谷颯仁,32,福岡,53.0,A1,7.59,52.21,7.08,53.33,49,24.47,162,32.99,2122,11,https://www1.mbrace.or.jp/od2/B/202609/b260911.lzh,2026-10-03T18:36:20.032921+09:00
20260911,21,芦屋,6,20260911-21-06,1,3509,池千夏,54,香川,50.0,B1,3.3,7.14,2.86,13.64,18,25.93,143,37.25,4 45,1,https://www1.mbrace.or.jp/od2/B/202609/b260911.lzh,2026-10-03T18:36:20.032921+09:00
20260911,21,芦屋,6,20260911-21-06,2,5160,藤森陸斗,27,福岡,54.0,A2,5.84,42.24,5.09,29.79,6,25.51,156,37.5,5 16,10,https://www1.mbrace.or.jp/od2/B/202609/b260911.lzh,2026-10-03T18:36:20.032921+09:00
20260911,21,芦屋,6,20260911-21-06,3,4638,小林遼太,35,福岡,53.0,B1,5.38,36.56,4.55,27.27,55,37.78,170,35.92,2 14,,https://www1.mbrace.or.jp/od2/B/202609/b260911.lzh,2026-10-03T18:36:20.032921+09:00
20260911,21,芦屋,6,20260911-21-06,4,5447,岡本亜子,24,岡山,50.0,B2,1.07,0.0,0.0,0.0,24,16.67,123,31.46,6 66,,https://www1.mbrace.or.jp/od2/B/202609/b260911.lzh,2026-10-03T18:36:20.032921+09:00
20260911,21,芦屋,6,20260911-21-06,5,4521,小池公生,39,福岡,51.0,B1,5.33,29.9,4.78,27.12,52,32.97,150,26.44,414,11,https://www1.mbrace.or.jp/od2/B/202609/b260911.lzh,2026-10-03T18:36:20.032921+09:00
20260911,21,芦屋,6,20260911-21-06,6,4137,君島秀三,46,滋賀,53.0,A1,6.61,48.03,6.97,60.53,15,28.85,119,26.44,1332,,https://www1.mbrace.or.jp/od2/B/202609/b260911.lzh,2026-10-03T18:36:20.032921+09:00
20260911,21,芦屋,7,20260911-21-07,1,4744,伊藤玲奈,33,福岡,46.0,B1,4.55,24.0,2.95,0.0,7,34.65,111,18.75,4 36,,https://www1.mbrace.or.jp/od2/B/202609/b260911.lzh,2026-10-03T18:36:20.032921+09:00
20260911,21,芦屋,7,20260911-21-07,2,4966,田川大貴,28,長崎,55.0,B1,5.13,33.71,4.89,29.63,1,23.26,133,32.32,424,12,https://www1.mbrace.or.jp/od2/B/202609/b260911.lzh,2026-10-03T18:36:20.032921+09:00
20260911,21,芦屋,7,20260911-21-07,3,5383,中村楓,21,三重,53.0,B1,2.42,1.35,0.0,0.0,32,42.27,127,37.37,5 56,1,https://www1.mbrace.or.jp/od2/B/202609/b260911.lzh,2026-10-03T18:36:20.032921+09:00
20260911,21,芦屋,7,20260911-21-07,4,5261,岡暢祐,28,長崎,52.0,B1,4.36,21.43,2.69,7.69,60,41.11,157,36.84,326,11,https://www1.mbrace.or.jp/od2/B/202609/b260911.lzh,2026-10-03T18:36:20.032921+09:00
20260911,21,芦屋,7,20260911-21-07,5,5208,屋良龍紀,28,長崎,51.0,B1,4.13,22.08,3.51,13.51,43,40.2,132,34.69,366,3,https://www1.mbrace.or.jp/od2/B/202609/b260911.lzh,2026-10-03T18:36:20.032921+09:00
20260911,21,芦屋,7,20260911-21-07,6,4443,津田裕絵,40,山口,51.0,B1,5.52,39.05,5.32,36.17,41,40.59,118,40.0,264,2,https://www1.mbrace.or.jp/od2/B/202609/b260911.lzh,2026-10-03T18:36:20.032921+09:00
20260911,21,芦屋,8,20260911-21-08,1,3357,福島陽子,57,岡山,49.0,B1,3.87,12.94,3.41,12.2,59,26.09,152,34.0,542,4,https://www1.mbrace.or.jp/od2/B/202609/b260911.lzh,2026-10-03T18:36:20.032921+09:00
20260911,21,芦屋,8,20260911-21-08,2,4437,中田元泰,40,香川,55.0,A2,5.92,43.22,6.81,52.38,16,22.94,115,28.13,521,12,https://www1.mbrace.or.jp/od2/B/202609/b260911.lzh,2026-10-03T18:36:20.032921+09:00
20260911,21,芦屋,8,20260911-21-08,3,3843,上之晃弘,50,長崎,54.0,B1,4.84,29.9,4.56,20.59,40,28.16,124,32.22,5 33,2,https://www1.mbrace.or.jp/od2/B/202609/b260911.lzh,2026-10-03T18:36:20.032921+09:00
20260911,21,芦屋,8,20260911-21-08,4,4652,酒見峻介,41,佐賀,52.0,B1,4.82,23.17,6.95,50.0,45,29.36,153,32.67,545,,https://www1.mbrace.or.jp/od2/B/202609/b260911.lzh,2026-10-03T18:36:20.032921+09:00
20260911,21,芦屋,8,20260911-21-08,5,5469,今泉博人,17,佐賀,55.0,B2,1.59,0.0,0.0,0.0,39,39.8,140,27.27,5 56,,https://www1.mbrace.or.jp/od2/B/202609/b260911.lzh,2026-10-03T18:36:20.032921+09:00
20260911,21,芦屋,8,20260911-21-08,6,3473,石川真二,56,福岡,53.0,A1,6.76,55.91,6.01,43.21,4,40.63,155,40.19,4F1,,https://www1.mbrace.or.jp/od2/B/202609/b260911.lzh,2026-10-03T18:36:20.032921+09:00
20260911,21,芦屋,9,20260911-21-09,1,4330,奈須啓太,43,福岡,53.0,A2,5.98,41.23,6.36,48.28,23,28.87,116,32.0,1212,,https://www1.mbrace.or.jp/od2/B/202609/b260911.lzh,2026-10-03T18:36:20.032921+09:00
20260911,21,芦屋,9,20260911-21-09,2,4840,鈴木秀茉,35,静岡,52.0,B1,4.82,28.16,3.61,16.67,57,38.95,167,31.96,444,4,https://www1.mbrace.or.jp/od2/B/202609/b260911.lzh,2026-10-03T18:36:20.032921+09:00
20260911,21,芦屋,9,20260911-21-09,3,4834,浜本裕己,38,大阪,51.0,A2,5.65,38.46,4.64,24.0,48,41.84,131,32.29,5 24,1,https://www1.mbrace.or.jp/od2/B/202609/b260911.lzh,2026-10-03T18:36:20.032921+09:00
20260911,21,芦屋,9,20260911-21-09,4,5143,常盤海心,25,徳島,54.0,B1,3.8,16.16,4.32,17.65,58,23.91,163,35.42,6 55,,https://www1.mbrace.or.jp/od2/B/202609/b260911.lzh,2026-10-03T18:36:20.032921+09:00
20260911,21,芦屋,9,20260911-21-09,5,5457,山田陽翔,20,長崎,51.0,B2,1.15,0.0,0.0,0.0,54,27.37,120,31.25,6 66,5,https://www1.mbrace.or.jp/od2/B/202609/b260911.lzh,2026-10-03T18:36:20.032921+09:00
20260911,21,芦屋,9,20260911-21-09,6,4384,鶴本崇文,41,大阪,54.0,A1,5.63,36.73,7.39,55.56,25,12.82,134,37.14,651,3,https://www1.mbrace.or.jp/od2/B/202609/b260911.lzh,2026-10-03T18:36:20.032921+09:00
20260911,21,芦屋,10,20260911-21-10,1,4261,岡祐臣,42,三重,54.0,A2,6.0,42.48,5.95,52.63,3,45.45,154,34.69,2133,,https://www1.mbrace.or.jp/od2/B/202609/b260911.lzh,2026-10-03T18:36:20.032921+09:00
20260911,21,芦屋,10,20260911-21-10,2,4389,伊藤喜智,40,大阪,52.0,A2,5.46,29.35,4.63,25.58,38,37.62,128,17.65,2 16,5,https://www1.mbrace.or.jp/od2/B/202609/b260911.lzh,2026-10-03T18:36:20.032921+09:00
20260911,21,芦屋,10,20260911-21-10,3,4594,谷川祐一,44,滋賀,53.0,B1,6.27,48.67,6.89,55.56,13,40.4,138,40.38,252,1,https://www1.mbrace.or.jp/od2/B/202609/b260911.lzh,2026-10-03T18:36:20.032921+09:00
20260911,21,芦屋,10,20260911-21-10,4,5082,一色凌雅,27,愛知,58.0,B1,5.51,35.71,4.0,13.33,11,38.54,126,38.78,632,3,https://www1.mbrace.or.jp/od2/B/202609/b260911.lzh,2026-10-03T18:36:20.032921+09:00
20260911,21,芦屋,10,20260911-21-10,5,4771,下寺秀和,33,広島,56.0,A1,7.19,54.63,5.75,40.63,29,38.14,168,35.56,1421,4,https://www1.mbrace.or.jp/od2/B/202609/b260911.lzh,2026-10-03T18:36:20.032921+09:00
20260911,21,芦屋,10,20260911-21-10,6,5160,藤森陸斗,27,福岡,54.0,A2,5.84,42.24,5.09,29.79,6,25.51,156,37.5,5 16,6,https://www1.mbrace.or.jp/od2/B/202609/b260911.lzh,2026-10-03T18:36:20.032921+09:00
20260911,21,芦屋,11,20260911-21-11,1,3837,秋山広一,51,香川,52.0,A2,6.38,44.64,7.25,57.14,10,40.0,141,27.0,1163,,https://www1.mbrace.or.jp/od2/B/202609/b260911.lzh,2026-10-03T18:36:20.032921+09:00
20260911,21,芦屋,11,20260911-21-11,2,4848,仲谷颯仁,32,福岡,53.0,A1,7.59,52.21,7.08,53.33,49,24.47,162,32.99,2122,5,https://www1.mbrace.or.jp/od2/B/202609/b260911.lzh,2026-10-03T18:36:20.032921+09:00
20260911,21,芦屋,11,20260911-21-11,3,5261,岡暢祐,28,長崎,52.0,B1,4.36,21.43,2.69,7.69,60,41.11,157,36.84,326,7,https://www1.mbrace.or.jp/od2/B/202609/b260911.lzh,2026-10-03T18:36:20.032921+09:00
20260911,21,芦屋,11,20260911-21-11,4,4521,小池公生,39,福岡,51.0,B1,5.33,29.9,4.78,27.12,52,32.97,150,26.44,414,6,https://www1.mbrace.or.jp/od2/B/202609/b260911.lzh,2026-10-03T18:36:20.032921+09:00
20260911,21,芦屋,11,20260911-21-11,5,4850,野中一平,31,愛知,54.0,A2,6.38,47.54,6.14,42.86,14,28.57,166,36.27,1523,2,https://www1.mbrace.or.jp/od2/B/202609/b260911.lzh,2026-10-03T18:36:20.032921+09:00
20260911,21,芦屋,11,20260911-21-11,6,4861,田中宏樹,38,福岡,53.0,A2,5.15,29.29,5.16,32.35,50,30.43,164,32.99,361,4,https://www1.mbrace.or.jp/od2/B/202609/b260911.lzh,2026-10-03T18:36:20.032921+09:00
20260911,21,芦屋,12,20260911-21-12,1,4812,西野雄貴,36,徳島,52.0,A1,7.69,63.51,7.63,65.71,5,32.95,129,27.85,121,2,https://www1.mbrace.or.jp/od2/B/202609/b260911.lzh,2026-10-03T18:36:20.032921+09:00
20260911,21,芦屋,12,20260911-21-12,2,4793,金子萌,36,静岡,51.0,A2,6.41,48.57,5.68,42.11,20,22.77,113,44.23,4431,4,https://www1.mbrace.or.jp/od2/B/202609/b260911.lzh,2026-10-03T18:36:20.032921+09:00
20260911,21,芦屋,12,20260911-21-12,3,3541,三嶌誠司,58,香川,52.0,A2,6.27,43.69,7.82,68.18,42,25.0,139,29.41,1 55,3,https://www1.mbrace.or.jp/od2/B/202609/b260911.lzh,2026-10-03T18:36:20.032921+09:00
20260911,21,芦屋,12,20260911-21-12,4,4675,井手良太,38,大阪,51.0,A2,5.75,37.5,4.38,12.5,47,33.33,161,34.31,3 15,5,https://www1.mbrace.or.jp/od2/B/202609/b260911.lzh,2026-10-03T18:36:20.032921+09:00
20260911,21,芦屋,12,20260911-21-12,5,4966,田川大貴,28,長崎,55.0,B1,5.13,33.71,4.89,29.63,1,23.26,133,32.32,424,7,https://www1.mbrace.or.jp/od2/B/202609/b260911.lzh,2026-10-03T18:36:20.032921+09:00
20260911,21,芦屋,12,20260911-21-12,6,4437,中田元泰,40,香川,55.0,A2,5.92,43.22,6.81,52.38,16,22.94,115,28.13,521,8,https://www1.mbrace.or.jp/od2/B/202609/b260911.lzh,2026-10-03T18:36:20.032921+09:00
20260911,20,若松,1,20260911-20-01,1,4034,西原明生,47,香川,55.0,B1,4.04,22.22,5.11,36.11,13,31.46,55,33.87,4 66,9,https://www1.mbrace.or.jp/od2/B/202609/b260911.lzh,2026-10-03T18:36:20.032921+09:00
20260911,20,若松,1,20260911-20-01,2,5316,村松将平,25,静岡,52.0,B1,5.2,32.89,0.0,0.0,18,32.16,68,35.48,162,10,https://www1.mbrace.or.jp/od2/B/202609/b260911.lzh,2026-10-03T18:36:20.032921+09:00
20260911,20,若松,1,20260911-20-01,3,4076,杉田篤光,48,静岡,52.0,B1,4.78,25.0,4.65,23.53,62,24.68,32,32.35,264,11,https://www1.mbrace.or.jp/od2/B/202609/b260911.lzh,2026-10-03T18:36:20.032921+09:00
20260911,20,若松,1,20260911-20-01,4,4873,蒲原健太,32,佐賀,53.0,B1,4.86,29.75,5.25,30.56,26,30.41,63,27.69,2 52,5,https://www1.mbrace.or.jp/od2/B/202609/b260911.lzh,2026-10-03T18:36:20.032921+09:00
20260911,20,若松,1,20260911-20-01,5,4274,長畑友輔,44,東京,52.0,B1,4.64,27.72,4.03,17.5,2,31.28,67,45.9,3 34,12,https://www1.mbrace.or.jp/od2/B/202609/b260911.lzh,2026-10-03T18:36:20.032921+09:00
20260911,20,若松,1,20260911-20-01,6,5373,諏訪玲奈,23,岡山,45.0,B2,3.09,5.8,0.0,0.0,37,28.81,25,39.71,5 53,7,https://www1.mbrace.or.jp/od2/B/202609/b260911.lzh,2026-10-03T18:36:20.032921+09:00
20260911,20,若松,2,20260911-20-02,1,4484,稲生夏季,36,東京,49.0,B1,4.72,21.05,6.2,40.0,58,34.48,45,34.62,6 64,7,https://www1.mbrace.or.jp/od2/B/202609/b260911.lzh,2026-10-03T18:36:20.032921+09:00
20260911,20,若松,2,20260911-20-02,2,5014,梶山涼斗,28,佐賀,54.0,B1,4.34,27.12,4.92,26.32,57,30.06,57,36.51,466,11,https://www1.mbrace.or.jp/od2/B/202609/b260911.lzh,2026-10-03T18:36:20.032921+09:00
20260911,20,若松,2,20260911-20-02,3,3539,金子順一,58,山口,52.0,B1,4.53,22.68,4.94,38.89,10,24.16,14,20.37,635,8,https://www1.mbrace.or.jp/od2/B/202609/b260911.lzh,2026-10-03T18:36:20.032921+09:00
20260911,20,若松,2,20260911-20-02,4,4014,片岡恵里,46,山口,48.0,A2,5.6,38.3,5.1,25.0,11,25.99,24,31.25,4 43,10,https://www1.mbrace.or.jp/od2/B/202609/b260911.lzh,2026-10-03T18:36:20.032921+09:00
20260911,20,若松,2,20260911-20-02,5,4094,中島真二,45,福岡,53.0,B1,4.73,27.71,4.76,24.49,56,20.89,35,27.12,146,,https://www1.mbrace.or.jp/od2/B/202609/b260911.lzh,2026-10-03T18:36:20.032921+09:00
20260911,20,若松,2,20260911-20-02,6,3880,浅見宗孝,53,埼玉,55.0,B1,4.15,16.67,4.22,22.22,29,26.67,60,37.93,S 15,,https://www1.mbrace.or.jp/od2/B/202609/b260911.lzh,2026-10-03T18:36:20.032921+09:00
20260911,20,若松,3,20260911-20-03,1,4891,寺島美里,36,東京,46.0,B1,5.11,30.56,6.5,50.0,59,30.36,16,35.48,5 16,9,https://www1.mbrace.or.jp/od2/B/202609/b260911.lzh,2026-10-03T18:36:20.032921+09:00
20260911,20,若松,3,20260911-20-03,2,4396,大田直弥,40,山口,53.0,B1,4.79,25.51,5.02,25.86,38,33.52,75,31.75,344,,https://www1.mbrace.or.jp/od2/B/202609/b260911.lzh,2026-10-03T18:36:20.032921+09:00
20260911,20,若松,3,20260911-20-03,3,4373,若狭奈美,38,岡山,46.0,A1,6.25,41.18,6.21,42.11,50,33.15,27,35.82,3 41,10,https://www1.mbrace.or.jp/od2/B/202609/b260911.lzh,2026-10-03T18:36:20.032921+09:00
20260911,20,若松,3,20260911-20-03,4,4009,小林一樹,47,山口,58.0,A2,5.61,41.11,5.82,42.42,39,37.23,47,35.19,461,8,https://www1.mbrace.or.jp/od2/B/202609/b260911.lzh,2026-10-03T18:36:20.032921+09:00
20260911,20,若松,3,20260911-20-03,5,5382,山下心一,21,福岡,51.0,B1,1.9,1.15,2.07,3.45,23,40.11,61,32.35,554,,https://www1.mbrace.or.jp/od2/B/202609/b260911.lzh,2026-10-03T18:36:20.032921+09:00
20260911,20,若松,3,20260911-20-03,6,3388,今垣光太,56,福井,53.0,A1,6.51,45.68,5.19,23.81,1,26.74,31,36.36,113,11,https://www1.mbrace.or.jp/od2/B/202609/b260911.lzh,2026-10-03T18:36:20.032921+09:00
20260911,20,若松,4,20260911-20-04,1,3175,渡辺千草,62,東京,49.0,B1,4.51,23.46,0.0,0.0,55,20.65,56,23.44,2 25,8,https://www1.mbrace.or.jp/od2/B/202609/b260911.lzh,2026-10-03T18:36:20.032921+09:00
20260911,20,若松,4,20260911-20-04,2,4043,桐本康臣,47,三重,55.0,A2,5.89,40.35,7.11,50.0,22,36.31,29,24.59,35S6,,https://www1.mbrace.or.jp/od2/B/202609/b260911.lzh,2026-10-03T18:36:20.032921+09:00
20260911,20,若松,4,20260911-20-04,3,4204,柴田大輔,44,福岡,53.0,B1,5.06,29.49,5.19,31.48,12,33.51,18,15.79,2 25,10,https://www1.mbrace.or.jp/od2/B/202609/b260911.lzh,2026-10-03T18:36:20.032921+09:00
20260911,20,若松,4,20260911-20-04,4,3737,上平真二,52,広島,52.0,A1,6.97,49.44,7.0,42.86,54,29.94,64,33.96,135,12,https://www1.mbrace.or.jp/od2/B/202609/b260911.lzh,2026-10-03T18:36:20.032921+09:00
20260911,20,若松,4,20260911-20-04,5,4462,夏山亮平,40,大阪,59.0,B1,4.66,28.36,5.82,41.18,4,35.39,52,22.73,641,9,https://www1.mbrace.or.jp/od2/B/202609/b260911.lzh,2026-10-03T18:36:20.032921+09:00
20260911,20,若松,4,20260911-20-04,6,4424,松尾昂明,41,福岡,50.0,A2,5.44,34.21,6.09,41.46,15,33.71,11,29.41,3343,,https://www1.mbrace.or.jp/od2/B/202609/b260911.lzh,2026-10-03T18:36:20.032921+09:00
20260911,20,若松,5,20260911-20-05,1,4600,井内将太,41,広島,52.0,A1,6.31,47.44,6.17,38.89,25,38.46,58,21.88,162,10,https://www1.mbrace.or.jp/od2/B/202609/b260911.lzh,2026-10-03T18:36:20.032921+09:00
20260911,20,若松,5,20260911-20-05,2,3833,中辻博訓,52,福井,55.0,A2,6.4,50.47,5.94,40.0,34,38.14,51,35.94,1 34,11,https://www1.mbrace.or.jp/od2/B/202609/b260911.lzh,2026-10-03T18:36:20.032921+09:00
20260911,20,若松,5,20260911-20-05,3,4273,佐藤旭,44,静岡,53.0,B1,4.96,28.42,5.98,40.0,44,33.86,28,18.75,552,,https://www1.mbrace.or.jp/od2/B/202609/b260911.lzh,2026-10-03T18:36:20.032921+09:00
20260911,20,若松,5,20260911-20-05,4,5085,中村栄治,27,福井,53.0,A2,5.17,33.33,5.75,25.0,31,33.33,20,29.51,512,12,https://www1.mbrace.or.jp/od2/B/202609/b260911.lzh,2026-10-03T18:36:20.032921+09:00
20260911,20,若松,5,20260911-20-05,5,4873,蒲原健太,32,佐賀,53.0,B1,4.86,29.75,5.25,30.56,26,30.41,63,27.69,2 52,1,https://www1.mbrace.or.jp/od2/B/202609/b260911.lzh,2026-10-03T18:36:20.032921+09:00
20260911,20,若松,5,20260911-20-05,6,5429,吉川颯汰,23,佐賀,55.0,B2,1.12,0.0,0.0,0.0,8,29.73,50,26.32,6 65,,https://www1.mbrace.or.jp/od2/B/202609/b260911.lzh,2026-10-03T18:36:20.032921+09:00
20260911,20,若松,6,20260911-20-06,1,4230,濱崎直矢,43,埼玉,55.0,A2,6.2,47.37,5.68,45.45,32,35.98,74,29.41,4245,,https://www1.mbrace.or.jp/od2/B/202609/b260911.lzh,2026-10-03T18:36:20.032921+09:00
20260911,20,若松,6,20260911-20-06,2,5033,藤原孝斗,28,愛知,57.0,B1,4.4,26.39,4.0,0.0,28,31.95,21,36.84,345,10,https://www1.mbrace.or.jp/od2/B/202609/b260911.lzh,2026-10-03T18:36:20.032921+09:00
20260911,20,若松,6,20260911-20-06,3,5263,花田凱成,27,福岡,51.0,B1,3.87,13.95,3.18,4.55,9,31.91,22,23.33,3 36,,https://www1.mbrace.or.jp/od2/B/202609/b260911.lzh,2026-10-03T18:36:20.032921+09:00
20260911,20,若松,6,20260911-20-06,4,4518,大須賀友,39,愛知,52.0,A1,6.4,48.61,5.5,33.33,16,29.48,46,29.51,2431,11,https://www1.mbrace.or.jp/od2/B/202609/b260911.lzh,2026-10-03T18:36:20.032921+09:00
20260911,20,若松,6,20260911-20-06,5,4551,三川昂暁,37,福岡,54.0,A2,5.63,38.6,4.97,23.33,3,32.22,42,33.33,3 12,12,https://www1.mbrace.or.jp/od2/B/202609/b260911.lzh,2026-10-03T18:36:20.032921+09:00
20260911,20,若松,6,20260911-20-06,6,4085,荻野裕介,46,東京,53.0,B1,5.33,37.5,3.92,15.38,27,26.16,73,28.57,4 33,,https://www1.mbrace.or.jp/od2/B/202609/b260911.lzh,2026-10-03T18:36:20.032921+09:00
20260911,20,若松,7,20260911-20-07,1,4529,嶋義信,37,香川,55.0,A1,5.51,36.05,5.47,32.35,30,30.11,38,31.34,5133,12,https://www1.mbrace.or.jp/od2/B/202609/b260911.lzh,2026-10-03T18:36:20.032921+09:00
20260911,20,若松,7,20260911-20-07,2,5373,諏訪玲奈,23,岡山,45.0,B2,3.09,5.8,0.0,0.0,37,28.81,25,39.71,5 53,1,https://www1.mbrace.or.jp/od2/B/202609/b260911.lzh,2026-10-03T18:36:20.032921+09:00
20260911,20,若松,7,20260911-20-07,3,4816,村松修二,35,広島,55.0,A2,5.64,38.46,6.23,45.45,7,28.81,33,26.42,222,11,https://www1.mbrace.or.jp/od2/B/202609/b260911.lzh,2026-10-03T18:36:20.032921+09:00
20260911,20,若松,7,20260911-20-07,4,4484,稲生夏季,36,東京,49.0,B1,4.72,21.05,6.2,40.0,58,34.48,45,34.62,6 64,2,https://www1.mbrace.or.jp/od2/B/202609/b260911.lzh,2026-10-03T18:36:20.032921+09:00
20260911,20,若松,7,20260911-20-07,5,5219,森口和紀,25,福岡,52.0,B1,5.27,37.63,5.47,35.29,60,32.2,36,38.46,1241,,https://www1.mbrace.or.jp/od2/B/202609/b260911.lzh,2026-10-03T18:36:20.032921+09:00
20260911,20,若松,7,20260911-20-07,6,4357,田中和也,42,大阪,53.0,A1,6.53,50.43,7.35,61.54,61,34.41,65,20.69,1211,,https://www1.mbrace.or.jp/od2/B/202609/b260911.lzh,2026-10-03T18:36:20.032921+09:00
20260911,20,若松,8,20260911-20-08,1,3999,大瀧明日,47,愛知,45.0,A2,6.33,49.12,5.52,44.44,33,29.84,59,22.64,2452,,https://www1.mbrace.or.jp/od2/B/202609/b260911.lzh,2026-10-03T18:36:20.032921+09:00
20260911,20,若松,8,20260911-20-08,2,4009,小林一樹,47,山口,58.0,A2,5.61,41.11,5.82,42.42,39,37.23,47,35.19,461,3,https://www1.mbrace.or.jp/od2/B/202609/b260911.lzh,2026-10-03T18:36:20.032921+09:00
20260911,20,若松,8,20260911-20-08,3,4209,藤田竜弘,43,静岡,56.0,A2,6.16,39.18,5.22,31.11,41,34.04,12,32.76,231,12,https://www1.mbrace.or.jp/od2/B/202609/b260911.lzh,2026-10-03T18:36:20.032921+09:00
20260911,20,若松,8,20260911-20-08,4,3539,金子順一,58,山口,52.0,B1,4.53,22.68,4.94,38.89,10,24.16,14,20.37,635,2,https://www1.mbrace.or.jp/od2/B/202609/b260911.lzh,2026-10-03T18:36:20.032921+09:00
20260911,20,若松,8,20260911-20-08,5,3175,渡辺千草,62,東京,49.0,B1,4.51,23.46,0.0,0.0,55,20.65,56,23.44,2 25,4,https://www1.mbrace.or.jp/od2/B/202609/b260911.lzh,2026-10-03T18:36:20.032921+09:00
20260911,20,若松,8,20260911-20-08,6,5468,山口隼人,19,福岡,53.0,B2,1.32,0.0,0.0,0.0,43,34.59,40,20.34,656,,https://www1.mbrace.or.jp/od2/B/202609/b260911.lzh,2026-10-03T18:36:20.032921+09:00
20260911,20,若松,9,20260911-20-09,1,4296,岡崎恭裕,39,福岡,51.0,A2,6.37,44.07,6.76,53.75,45,35.29,15,40.98,1521,,https://www1.mbrace.or.jp/od2/B/202609/b260911.lzh,2026-10-03T18:36:20.032921+09:00
20260911,20,若松,9,20260911-20-09,2,5248,本田愛,24,静岡,47.0,B1,5.42,37.36,3.94,22.58,36,31.11,49,24.0,6 64,,https://www1.mbrace.or.jp/od2/B/202609/b260911.lzh,2026-10-03T18:36:20.032921+09:00
20260911,20,若松,9,20260911-20-09,3,4034,西原明生,47,香川,55.0,B1,4.04,22.22,5.11,36.11,13,31.46,55,33.87,4 66,1,https://www1.mbrace.or.jp/od2/B/202609/b260911.lzh,2026-10-03T18:36:20.032921+09:00
20260911,20,若松,9,20260911-20-09,4,4462,夏山亮平,40,大阪,59.0,B1,4.66,28.36,5.82,41.18,4,35.39,52,22.73,641,4,https://www1.mbrace.or.jp/od2/B/202609/b260911.lzh,2026-10-03T18:36:20.032921+09:00
20260911,20,若松,9,20260911-20-09,5,4891,寺島美里,36,東京,46.0,B1,5.11,30.56,6.5,50.0,59,30.36,16,35.48,5 16,3,https://www1.mbrace.or.jp/od2/B/202609/b260911.lzh,2026-10-03T18:36:20.032921+09:00
20260911,20,若松,9,20260911-20-09,6,3362,間嶋仁志,57,三重,53.0,B1,5.1,33.67,6.27,42.31,53,31.61,69,26.15,5 25,,https://www1.mbrace.or.jp/od2/B/202609/b260911.lzh,2026-10-03T18:36:20.032921+09:00
20260911,20,若松,10,20260911-20-10,1,4014,片岡恵里,46,山口,48.0,A2,5.6,38.3,5.1,25.0,11,25.99,24,31.25,4 43,2,https://www1.mbrace.or.jp/od2/B/202609/b260911.lzh,2026-10-03T18:36:20.032921+09:00
20260911,20,若松,10,20260911-20-10,2,4600,井内将太,41,広島,52.0,A1,6.31,47.44,6.17,38.89,25,38.46,58,21.88,162,5,https://www1.mbrace.or.jp/od2/B/202609/b260911.lzh,2026-10-03T18:36:20.032921+09:00
20260911,20,若松,10,20260911-20-10,3,5033,藤原孝斗,28,愛知,57.0,B1,4.4,26.39,4.0,0.0,28,31.95,21,36.84,345,6,https://www1.mbrace.or.jp/od2/B/202609/b260911.lzh,2026-10-03T18:36:20.032921+09:00
20260911,20,若松,10,20260911-20-10,4,4373,若狭奈美,38,岡山,46.0,A1,6.25,41.18,6.21,42.11,50,33.15,27,35.82,3 41,3,https://www1.mbrace.or.jp/od2/B/202609/b260911.lzh,2026-10-03T18:36:20.032921+09:00
20260911,20,若松,10,20260911-20-10,5,5316,村松将平,25,静岡,52.0,B1,5.2,32.89,0.0,0.0,18,32.16,68,35.48,162,1,https://www1.mbrace.or.jp/od2/B/202609/b260911.lzh,2026-10-03T18:36:20.032921+09:00
20260911,20,若松,10,20260911-20-10,6,4204,柴田大輔,44,福岡,53.0,B1,5.06,29.49,5.19,31.48,12,33.51,18,15.79,2 25,4,https://www1.mbrace.or.jp/od2/B/202609/b260911.lzh,2026-10-03T18:36:20.032921+09:00
20260911,20,若松,11,20260911-20-11,1,4518,大須賀友,39,愛知,52.0,A1,6.4,48.61,5.5,33.33,16,29.48,46,29.51,2431,6,https://www1.mbrace.or.jp/od2/B/202609/b260911.lzh,2026-10-03T18:36:20.032921+09:00
20260911,20,若松,11,20260911-20-11,2,4076,杉田篤光,48,静岡,52.0,B1,4.78,25.0,4.65,23.53,62,24.68,32,32.35,264,1,https://www1.mbrace.or.jp/od2/B/202609/b260911.lzh,2026-10-03T18:36:20.032921+09:00
20260911,20,若松,11,20260911-20-11,3,3388,今垣光太,56,福井,53.0,A1,6.51,45.68,5.19,23.81,1,26.74,31,36.36,113,3,https://www1.mbrace.or.jp/od2/B/202609/b260911.lzh,2026-10-03T18:36:20.032921+09:00
20260911,20,若松,11,20260911-20-11,4,5014,梶山涼斗,28,佐賀,54.0,B1,4.34,27.12,4.92,26.32,57,30.06,57,36.51,466,2,https://www1.mbrace.or.jp/od2/B/202609/b260911.lzh,2026-10-03T18:36:20.032921+09:00
20260911,20,若松,11,20260911-20-11,5,3833,中辻博訓,52,福井,55.0,A2,6.4,50.47,5.94,40.0,34,38.14,51,35.94,1 34,5,https://www1.mbrace.or.jp/od2/B/202609/b260911.lzh,2026-10-03T18:36:20.032921+09:00
20260911,20,若松,11,20260911-20-11,6,4816,村松修二,35,広島,55.0,A2,5.64,38.46,6.23,45.45,7,28.81,33,26.42,222,7,https://www1.mbrace.or.jp/od2/B/202609/b260911.lzh,2026-10-03T18:36:20.032921+09:00
20260911,20,若松,12,20260911-20-12,1,3737,上平真二,52,広島,52.0,A1,6.97,49.44,7.0,42.86,54,29.94,64,33.96,135,4,https://www1.mbrace.or.jp/od2/B/202609/b260911.lzh,2026-10-03T18:36:20.032921+09:00
20260911,20,若松,12,20260911-20-12,2,4551,三川昂暁,37,福岡,54.0,A2,5.63,38.6,4.97,23.33,3,32.22,42,33.33,3 12,6,https://www1.mbrace.or.jp/od2/B/202609/b260911.lzh,2026-10-03T18:36:20.032921+09:00
20260911,20,若松,12,20260911-20-12,3,4529,嶋義信,37,香川,55.0,A1,5.51,36.05,5.47,32.35,30,30.11,38,31.34,5133,7,https://www1.mbrace.or.jp/od2/B/202609/b260911.lzh,2026-10-03T18:36:20.032921+09:00
20260911,20,若松,12,20260911-20-12,4,4274,長畑友輔,44,東京,52.0,B1,4.64,27.72,4.03,17.5,2,31.28,67,45.9,3 34,1,https://www1.mbrace.or.jp/od2/B/202609/b260911.lzh,2026-10-03T18:36:20.032921+09:00
20260911,20,若松,12,20260911-20-12,5,5085,中村栄治,27,福井,53.0,A2,5.17,33.33,5.75,25.0,31,33.33,20,29.51,512,5,https://www1.mbrace.or.jp/od2/B/202609/b260911.lzh,2026-10-03T18:36:20.032921+09:00
20260911,20,若松,12,20260911-20-12,6,4209,藤田竜弘,43,静岡,56.0,A2,6.16,39.18,5.22,31.11,41,34.04,12,32.76,231,8,https://www1.mbrace.or.jp/od2/B/202609/b260911.lzh,2026-10-03T18:36:20.032921+09:00
20260911,17,宮島,1,20260911-17-01,1,4637,中田友也,36,埼玉,57.0,A2,5.77,40.63,5.8,45.0,70,32.11,66,34.62,451,11,https://www1.mbrace.or.jp/od2/B/202609/b260911.lzh,2026-10-03T18:36:20.032921+09:00
20260911,17,宮島,1,20260911-17-01,2,5236,小宮涼雅,27,広島,53.0,B1,4.55,25.0,3.8,20.0,80,29.41,36,33.06,S64,7,https://www1.mbrace.or.jp/od2/B/202609/b260911.lzh,2026-10-03T18:36:20.032921+09:00
20260911,17,宮島,1,20260911-17-01,3,3662,大庭元明,56,福岡,57.0,B1,4.96,33.33,6.7,60.0,79,36.68,56,34.94,242,10,https://www1.mbrace.or.jp/od2/B/202609/b260911.lzh,2026-10-03T18:36:20.032921+09:00
20260911,17,宮島,1,20260911-17-01,4,4969,町田洸希,35,長崎,54.0,B1,4.6,22.99,5.63,36.84,36,33.6,79,29.22,3 6,8,https://www1.mbrace.or.jp/od2/B/202609/b260911.lzh,2026-10-03T18:36:20.032921+09:00
20260911,17,宮島,1,20260911-17-01,5,3637,齋藤和政,55,愛知,55.0,B1,3.62,15.49,2.53,5.88,18,33.62,75,31.43,6 44,6,https://www1.mbrace.or.jp/od2/B/202609/b260911.lzh,2026-10-03T18:36:20.032921+09:00
20260911,17,宮島,1,20260911-17-01,6,4158,木場雄二,45,山口,58.0,B1,4.39,21.05,4.31,22.39,63,33.19,55,27.59,5 41,9,https://www1.mbrace.or.jp/od2/B/202609/b260911.lzh,2026-10-03T18:36:20.032921+09:00
20260911,17,宮島,2,20260911-17-02,1,3497,後藤浩,58,埼玉,52.0,B1,4.0,25.61,5.61,27.78,71,33.94,23,31.34,5 66,8,https://www1.mbrace.or.jp/od2/B/202609/b260911.lzh,2026-10-03T18:36:20.032921+09:00
20260911,17,宮島,2,20260911-17-02,2,3381,滝沢芳行,58,埼玉,55.0,B1,5.17,32.18,4.67,30.56,32,41.63,20,28.85,6 53,9,https://www1.mbrace.or.jp/od2/B/202609/b260911.lzh,2026-10-03T18:36:20.032921+09:00
20260911,17,宮島,2,20260911-17-02,3,4832,権藤俊光,39,大阪,51.0,A1,6.72,48.36,7.6,60.0,33,33.33,37,38.96,2531,10,https://www1.mbrace.or.jp/od2/B/202609/b260911.lzh,2026-10-03T18:36:20.032921+09:00
20260911,17,宮島,2,20260911-17-02,4,4839,四宮与寛,36,徳島,53.0,A2,6.21,46.28,6.16,48.39,15,35.27,17,40.64,1S2,11,https://www1.mbrace.or.jp/od2/B/202609/b260911.lzh,2026-10-03T18:36:20.032921+09:00
20260911,17,宮島,2,20260911-17-02,5,4023,柴田友和,49,福岡,52.0,B1,3.79,18.52,5.25,25.0,59,29.91,22,33.07,345,7,https://www1.mbrace.or.jp/od2/B/202609/b260911.lzh,2026-10-03T18:36:20.032921+09:00
20260911,17,宮島,2,20260911-17-02,6,3265,今村暢孝,61,福岡,52.0,A2,5.98,44.05,6.8,53.52,39,32.49,76,35.37,1 44,12,https://www1.mbrace.or.jp/od2/B/202609/b260911.lzh,2026-10-03T18:36:20.032921+09:00
20260911,17,宮島,3,20260911-17-03,1,4231,鈴木裕隆,43,愛知,56.0,B1,5.4,33.91,5.34,34.21,82,32.02,61,34.35,226,,https://www1.mbrace.or.jp/od2/B/202609/b260911.lzh,2026-10-03T18:36:20.032921+09:00
20260911,17,宮島,3,20260911-17-03,2,4514,上條嘉嗣,36,大阪,53.0,A1,6.59,54.69,6.46,48.72,17,38.84,57,35.78,1635,11,https://www1.mbrace.or.jp/od2/B/202609/b260911.lzh,2026-10-03T18:36:20.032921+09:00
20260911,17,宮島,3,20260911-17-03,3,3920,正木聖賢,51,広島,53.0,B1,4.47,29.41,5.78,40.38,66,38.39,69,29.73,1 32,8,https://www1.mbrace.or.jp/od2/B/202609/b260911.lzh,2026-10-03T18:36:20.032921+09:00
20260911,17,宮島,3,20260911-17-03,4,3748,小黒竜吾,51,埼玉,58.0,B1,3.97,13.24,5.78,33.33,72,47.72,63,35.32,445,10,https://www1.mbrace.or.jp/od2/B/202609/b260911.lzh,2026-10-03T18:36:20.032921+09:00
20260911,17,宮島,3,20260911-17-03,5,4593,小坂宗司,45,大阪,52.0,A2,5.97,36.45,5.92,38.98,54,35.8,14,28.64,2 32,9,https://www1.mbrace.or.jp/od2/B/202609/b260911.lzh,2026-10-03T18:36:20.032921+09:00
20260911,17,宮島,3,20260911-17-03,6,4428,有賀達也,40,埼玉,53.0,A2,6.04,39.25,7.16,56.25,34,35.68,73,34.17,3 11,12,https://www1.mbrace.or.jp/od2/B/202609/b260911.lzh,2026-10-03T18:36:20.032921+09:00
20260911,17,宮島,4,20260911-17-04,1,4650,中山雄太,42,愛知,53.0,B2,2.92,8.33,6.27,54.55,30,41.8,78,38.36,1 6,11,https://www1.mbrace.or.jp/od2/B/202609/b260911.lzh,2026-10-03T18:36:20.032921+09:00
20260911,17,宮島,4,20260911-17-04,2,4574,東潤樹,37,広島,52.0,A2,5.1,34.29,5.59,39.56,52,35.06,26,27.78,113,10,https://www1.mbrace.or.jp/od2/B/202609/b260911.lzh,2026-10-03T18:36:20.032921+09:00
20260911,17,宮島,4,20260911-17-04,3,4570,前田聖文,38,愛知,57.0,A1,6.07,37.78,6.17,35.42,55,36.29,33,26.45,454,12,https://www1.mbrace.or.jp/od2/B/202609/b260911.lzh,2026-10-03T18:36:20.032921+09:00
20260911,17,宮島,4,20260911-17-04,4,5384,八戸琉楓,21,長崎,52.0,B2,1.68,1.18,1.0,0.0,24,36.4,35,36.89,563,,https://www1.mbrace.or.jp/od2/B/202609/b260911.lzh,2026-10-03T18:36:20.032921+09:00
20260911,17,宮島,4,20260911-17-04,5,3333,丸尾義孝,58,徳島,53.0,A1,6.5,48.21,7.0,54.55,27,30.77,81,31.18,3421,9,https://www1.mbrace.or.jp/od2/B/202609/b260911.lzh,2026-10-03T18:36:20.032921+09:00
20260911,17,宮島,4,20260911-17-04,6,4461,安田吉宏,40,三重,58.0,B1,4.51,22.58,4.0,8.33,78,29.58,24,33.48,4 25,,https://www1.mbrace.or.jp/od2/B/202609/b260911.lzh,2026-10-03T18:36:20.032921+09:00
20260911,17,宮島,5,20260911-17-05,1,3684,清水攻二,52,山口,52.0,A2,5.56,34.62,6.38,50.0,38,47.41,71,32.79,6 43,12,https://www1.mbrace.or.jp/od2/B/202609/b260911.lzh,2026-10-03T18:36:20.032921+09:00
20260911,17,宮島,5,20260911-17-05,2,5041,荒牧凪沙,27,福岡,51.0,B1,4.88,29.17,5.92,37.5,21,40.82,77,35.15,2 16,,https://www1.mbrace.or.jp/od2/B/202609/b260911.lzh,2026-10-03T18:36:20.032921+09:00
20260911,17,宮島,5,20260911-17-05,3,4302,西野翔太,43,広島,52.0,A1,6.6,53.27,6.45,45.2,67,31.97,34,29.78,1322,11,https://www1.mbrace.or.jp/od2/B/202609/b260911.lzh,2026-10-03T18:36:20.032921+09:00
20260911,17,宮島,5,20260911-17-05,4,5035,櫻井優,28,埼玉,53.0,A2,5.45,36.79,0.0,0.0,13,27.5,51,37.21,2335,,https://www1.mbrace.or.jp/od2/B/202609/b260911.lzh,2026-10-03T18:36:20.032921+09:00
20260911,17,宮島,5,20260911-17-05,5,5249,三木晴斗,24,徳島,52.0,B1,4.91,27.03,3.32,9.09,62,28.51,68,34.29,4 54,,https://www1.mbrace.or.jp/od2/B/202609/b260911.lzh,2026-10-03T18:36:20.032921+09:00
20260911,17,宮島,5,20260911-17-05,6,3868,尾形栄治,51,東京,56.0,B1,4.55,22.62,0.0,0.0,29,31.39,25,36.04,616,10,https://www1.mbrace.or.jp/od2/B/202609/b260911.lzh,2026-10-03T18:36:20.032921+09:00
20260911,17,宮島,6,20260911-17-06,1,3503,堂原洋史,56,埼玉,51.0,B1,3.55,16.3,4.47,21.05,20,29.46,65,32.26,5334,,https://www1.mbrace.or.jp/od2/B/202609/b260911.lzh,2026-10-03T18:36:20.032921+09:00
20260911,17,宮島,6,20260911-17-06,2,3556,田中信一,53,大阪,55.0,A1,6.76,52.29,7.5,64.71,60,37.85,39,33.33,3112,12,https://www1.mbrace.or.jp/od2/B/202609/b260911.lzh,2026-10-03T18:36:20.032921+09:00
20260911,17,宮島,6,20260911-17-06,3,3637,齋藤和政,55,愛知,55.0,B1,3.62,15.49,2.53,5.88,18,33.62,75,31.43,6 44,1,https://www1.mbrace.or.jp/od2/B/202609/b260911.lzh,2026-10-03T18:36:20.032921+09:00
20260911,17,宮島,6,20260911-17-06,4,4808,松尾拓,38,三重,50.0,A2,6.4,46.85,5.17,30.56,53,32.61,80,29.13,321,11,https://www1.mbrace.or.jp/od2/B/202609/b260911.lzh,2026-10-03T18:36:20.032921+09:00
20260911,17,宮島,6,20260911-17-06,5,4952,吉武真也,32,福岡,53.0,B1,4.21,20.0,4.75,25.0,73,29.8,21,33.89,5 25,,https://www1.mbrace.or.jp/od2/B/202609/b260911.lzh,2026-10-03T18:36:20.032921+09:00
20260911,17,宮島,6,20260911-17-06,6,4134,杉山貴博,46,東京,54.0,A2,5.69,40.18,5.65,32.5,16,34.09,32,33.74,1666,,https://www1.mbrace.or.jp/od2/B/202609/b260911.lzh,2026-10-03T18:36:20.032921+09:00
20260911,17,宮島,7,20260911-17-07,1,4241,大串重幸,41,長崎,53.0,A2,5.8,35.64,5.85,35.0,65,40.8,50,29.35,5454,,https://www1.mbrace.or.jp/od2/B/202609/b260911.lzh,2026-10-03T18:36:20.032921+09:00
20260911,17,宮島,7,20260911-17-07,2,4023,柴田友和,49,福岡,52.0,B1,3.79,18.52,5.25,25.0,59,29.91,22,33.07,345,2,https://www1.mbrace.or.jp/od2/B/202609/b260911.lzh,2026-10-03T18:36:20.032921+09:00
20260911,17,宮島,7,20260911-17-07,3,4406,幸野史明,41,福岡,53.0,B1,4.21,18.63,4.78,27.59,23,32.61,29,43.37,3 25,,https://www1.mbrace.or.jp/od2/B/202609/b260911.lzh,2026-10-03T18:36:20.032921+09:00
20260911,17,宮島,7,20260911-17-07,4,4601,森野正弘,41,山口,56.0,A1,7.05,58.18,6.61,41.07,25,37.25,53,31.89,2213,12,https://www1.mbrace.or.jp/od2/B/202609/b260911.lzh,2026-10-03T18:36:20.032921+09:00
20260911,17,宮島,7,20260911-17-07,5,5450,藤本遼磨,23,大阪,52.0,B2,2.06,2.08,0.0,0.0,37,43.04,58,36.36,6 66,,https://www1.mbrace.or.jp/od2/B/202609/b260911.lzh,2026-10-03T18:36:20.032921+09:00
20260911,17,宮島,7,20260911-17-07,6,5236,小宮涼雅,27,広島,53.0,B1,4.55,25.0,3.8,20.0,80,29.41,36,33.06,S64,1,https://www1.mbrace.or.jp/od2/B/202609/b260911.lzh,2026-10-03T18:36:20.032921+09:00
20260911,17,宮島,8,20260911-17-08,1,4201,佐竹友樹,44,埼玉,54.0,B1,4.33,22.02,4.74,30.43,58,39.48,15,30.89,435,,https://www1.mbrace.or.jp/od2/B/202609/b260911.lzh,2026-10-03T18:36:20.032921+09:00
20260911,17,宮島,8,20260911-17-08,2,4969,町田洸希,35,長崎,54.0,B1,4.6,22.99,5.63,36.84,36,33.6,79,29.22,3 6,1,https://www1.mbrace.or.jp/od2/B/202609/b260911.lzh,2026-10-03T18:36:20.032921+09:00
20260911,17,宮島,8,20260911-17-08,3,3497,後藤浩,58,埼玉,52.0,B1,4.0,25.61,5.61,27.78,71,33.94,23,31.34,5 66,2,https://www1.mbrace.or.jp/od2/B/202609/b260911.lzh,2026-10-03T18:36:20.032921+09:00
20260911,17,宮島,8,20260911-17-08,4,5036,福田翔吾,28,大阪,52.0,B1,5.64,37.72,5.22,34.38,57,36.51,60,28.8,543,,https://www1.mbrace.or.jp/od2/B/202609/b260911.lzh,2026-10-03T18:36:20.032921+09:00
20260911,17,宮島,8,20260911-17-08,5,5452,上馬場風,20,広島,53.0,B2,1.16,0.0,1.18,0.0,19,34.82,27,35.21,6 56,,https://www1.mbrace.or.jp/od2/B/202609/b260911.lzh,2026-10-03T18:36:20.032921+09:00
20260911,17,宮島,8,20260911-17-08,6,3920,正木聖賢,51,広島,53.0,B1,4.47,29.41,5.78,40.38,66,38.39,69,29.73,1 32,3,https://www1.mbrace.or.jp/od2/B/202609/b260911.lzh,2026-10-03T18:36:20.032921+09:00
20260911,17,宮島,9,20260911-17-09,1,4593,小坂宗司,45,大阪,52.0,A2,5.97,36.45,5.92,38.98,54,35.8,14,28.64,2 32,3,https://www1.mbrace.or.jp/od2/B/202609/b260911.lzh,2026-10-03T18:36:20.032921+09:00
20260911,17,宮島,9,20260911-17-09,2,4158,木場雄二,45,山口,58.0,B1,4.39,21.05,4.31,22.39,63,33.19,55,27.59,5 41,1,https://www1.mbrace.or.jp/od2/B/202609/b260911.lzh,2026-10-03T18:36:20.032921+09:00
20260911,17,宮島,9,20260911-17-09,3,3333,丸尾義孝,58,徳島,53.0,A1,6.5,48.21,7.0,54.55,27,30.77,81,31.18,3421,4,https://www1.mbrace.or.jp/od2/B/202609/b260911.lzh,2026-10-03T18:36:20.032921+09:00
20260911,17,宮島,9,20260911-17-09,4,4732,堀本和也,37,徳島,54.0,A2,7.06,56.67,6.07,40.0,51,39.0,18,33.95,5112,,https://www1.mbrace.or.jp/od2/B/202609/b260911.lzh,2026-10-03T18:36:20.032921+09:00
20260911,17,宮島,9,20260911-17-09,5,3381,滝沢芳行,58,埼玉,55.0,B1,5.17,32.18,4.67,30.56,32,41.63,20,28.85,6 53,2,https://www1.mbrace.or.jp/od2/B/202609/b260911.lzh,2026-10-03T18:36:20.032921+09:00
20260911,17,宮島,9,20260911-17-09,6,4332,村上彰一,42,福岡,58.0,B1,4.26,18.06,4.45,13.64,11,39.41,54,28.25,254,,https://www1.mbrace.or.jp/od2/B/202609/b260911.lzh,2026-10-03T18:36:20.032921+09:00
20260911,17,宮島,10,20260911-17-10,1,3748,小黒竜吾,51,埼玉,58.0,B1,3.97,13.24,5.78,33.33,72,47.72,63,35.32,445,3,https://www1.mbrace.or.jp/od2/B/202609/b260911.lzh,2026-10-03T18:36:20.032921+09:00
20260911,17,宮島,10,20260911-17-10,2,4832,権藤俊光,39,大阪,51.0,A1,6.72,48.36,7.6,60.0,33,33.33,37,38.96,2531,2,https://www1.mbrace.or.jp/od2/B/202609/b260911.lzh,2026-10-03T18:36:20.032921+09:00
20260911,17,宮島,10,20260911-17-10,3,5311,小林京平,28,山口,52.0,B1,5.34,34.88,2.83,8.33,61,35.98,70,30.19,321,,https://www1.mbrace.or.jp/od2/B/202609/b260911.lzh,2026-10-03T18:36:20.032921+09:00
20260911,17,宮島,10,20260911-17-10,4,3868,尾形栄治,51,東京,56.0,B1,4.55,22.62,0.0,0.0,29,31.39,25,36.04,616,5,https://www1.mbrace.or.jp/od2/B/202609/b260911.lzh,2026-10-03T18:36:20.032921+09:00
20260911,17,宮島,10,20260911-17-10,5,4574,東潤樹,37,広島,52.0,A2,5.1,34.29,5.59,39.56,52,35.06,26,27.78,113,4,https://www1.mbrace.or.jp/od2/B/202609/b260911.lzh,2026-10-03T18:36:20.032921+09:00
20260911,17,宮島,10,20260911-17-10,6,3662,大庭元明,56,福岡,57.0,B1,4.96,33.33,6.7,60.0,79,36.68,56,34.94,242,1,https://www1.mbrace.or.jp/od2/B/202609/b260911.lzh,2026-10-03T18:36:20.032921+09:00
20260911,17,宮島,11,20260911-17-11,1,4302,西野翔太,43,広島,52.0,A1,6.6,53.27,6.45,45.2,67,31.97,34,29.78,1322,5,https://www1.mbrace.or.jp/od2/B/202609/b260911.lzh,2026-10-03T18:36:20.032921+09:00
20260911,17,宮島,11,20260911-17-11,2,4839,四宮与寛,36,徳島,53.0,A2,6.21,46.28,6.16,48.39,15,35.27,17,40.64,1S2,2,https://www1.mbrace.or.jp/od2/B/202609/b260911.lzh,2026-10-03T18:36:20.032921+09:00
20260911,17,宮島,11,20260911-17-11,3,4514,上條嘉嗣,36,大阪,53.0,A1,6.59,54.69,6.46,48.72,17,38.84,57,35.78,1635,3,https://www1.mbrace.or.jp/od2/B/202609/b260911.lzh,2026-10-03T18:36:20.032921+09:00
20260911,17,宮島,11,20260911-17-11,4,4650,中山雄太,42,愛知,53.0,B2,2.92,8.33,6.27,54.55,30,41.8,78,38.36,1 6,4,https://www1.mbrace.or.jp/od2/B/202609/b260911.lzh,2026-10-03T18:36:20.032921+09:00
20260911,17,宮島,11,20260911-17-11,5,4637,中田友也,36,埼玉,57.0,A2,5.77,40.63,5.8,45.0,70,32.11,66,34.62,451,1,https://www1.mbrace.or.jp/od2/B/202609/b260911.lzh,2026-10-03T18:36:20.032921+09:00
20260911,17,宮島,11,20260911-17-11,6,4808,松尾拓,38,三重,50.0,A2,6.4,46.85,5.17,30.56,53,32.61,80,29.13,321,6,https://www1.mbrace.or.jp/od2/B/202609/b260911.lzh,2026-10-03T18:36:20.032921+09:00
20260911,17,宮島,12,20260911-17-12,1,4601,森野正弘,41,山口,56.0,A1,7.05,58.18,6.61,41.07,25,37.25,53,31.89,2213,7,https://www1.mbrace.or.jp/od2/B/202609/b260911.lzh,2026-10-03T18:36:20.032921+09:00
20260911,17,宮島,12,20260911-17-12,2,4428,有賀達也,40,埼玉,53.0,A2,6.04,39.25,7.16,56.25,34,35.68,73,34.17,3 11,3,https://www1.mbrace.or.jp/od2/B/202609/b260911.lzh,2026-10-03T18:36:20.032921+09:00
20260911,17,宮島,12,20260911-17-12,3,3265,今村暢孝,61,福岡,52.0,A2,5.98,44.05,6.8,53.52,39,32.49,76,35.37,1 44,2,https://www1.mbrace.or.jp/od2/B/202609/b260911.lzh,2026-10-03T18:36:20.032921+09:00
20260911,17,宮島,12,20260911-17-12,4,3556,田中信一,53,大阪,55.0,A1,6.76,52.29,7.5,64.71,60,37.85,39,33.33,3112,6,https://www1.mbrace.or.jp/od2/B/202609/b260911.lzh,2026-10-03T18:36:20.032921+09:00
20260911,17,宮島,12,20260911-17-12,5,3684,清水攻二,52,山口,52.0,A2,5.56,34.62,6.38,50.0,38,47.41,71,32.79,6 43,5,https://www1.mbrace.or.jp/od2/B/202609/b260911.lzh,2026-10-03T18:36:20.032921+09:00
20260911,17,宮島,12,20260911-17-12,6,4570,前田聖文,38,愛知,57.0,A1,6.07,37.78,6.17,35.42,55,36.29,33,26.45,454,4,https://www1.mbrace.or.jp/od2/B/202609/b260911.lzh,2026-10-03T18:36:20.032921+09:00
20260911,16,児島,1,20260911-16-01,1,4754,松尾充,38,三重,51.0,A2,6.44,44.0,0.0,0.0,32,25.52,25,29.44,6 212242,10,https://www1.mbrace.or.jp/od2/B/202609/b260911.lzh,2026-10-03T18:36:20.032921+09:00
20260911,16,児島,1,20260911-16-01,2,5124,上瀧絢也,30,佐賀,54.0,B1,4.35,25.93,3.2,10.0,11,31.0,51,30.6,556 362,6,https://www1.mbrace.or.jp/od2/B/202609/b260911.lzh,2026-10-03T18:36:20.032921+09:00
20260911,16,児島,1,20260911-16-01,3,4410,井上大輔,40,岡山,52.0,B1,4.29,24.47,5.01,33.03,24,30.5,20,30.17,254 216,8,https://www1.mbrace.or.jp/od2/B/202609/b260911.lzh,2026-10-03T18:36:20.032921+09:00
20260911,16,児島,1,20260911-16-01,4,4924,中北涼,33,長崎,48.0,B1,4.61,22.0,4.56,27.78,67,33.17,75,32.16,535 354,7,https://www1.mbrace.or.jp/od2/B/202609/b260911.lzh,2026-10-03T18:36:20.032921+09:00
20260911,16,児島,1,20260911-16-01,5,4374,永田義紘,42,広島,52.0,B1,4.33,25.0,4.28,20.0,46,24.86,54,38.59,335 446,9,https://www1.mbrace.or.jp/od2/B/202609/b260911.lzh,2026-10-03T18:36:20.032921+09:00
20260911,16,児島,1,20260911-16-01,6,5423,高橋嗣穏,24,徳島,50.0,B2,1.22,0.0,1.22,0.0,33,25.87,29,32.97,66F 5 6,,https://www1.mbrace.or.jp/od2/B/202609/b260911.lzh,2026-10-03T18:36:20.032921+09:00
20260911,16,児島,2,20260911-16-02,1,3866,木山誠一,51,岡山,54.0,B1,4.44,27.85,3.14,16.0,40,25.0,42,35.48,5 556 45,,https://www1.mbrace.or.jp/od2/B/202609/b260911.lzh,2026-10-03T18:36:20.032921+09:00
20260911,16,児島,2,20260911-16-02,2,5335,森陽多,21,長崎,46.0,B1,3.1,13.24,1.53,5.88,20,49.5,45,37.5,6 656 55,,https://www1.mbrace.or.jp/od2/B/202609/b260911.lzh,2026-10-03T18:36:20.032921+09:00
20260911,16,児島,2,20260911-16-02,3,4343,村岡賢,41,広島,54.0,B1,4.19,15.79,5.03,36.36,54,31.77,13,29.67,336 243,7,https://www1.mbrace.or.jp/od2/B/202609/b260911.lzh,2026-10-03T18:36:20.032921+09:00
20260911,16,児島,2,20260911-16-02,4,4797,中山将,34,三重,56.0,A1,6.04,44.44,6.38,47.62,57,35.0,60,29.88,4 466665,8,https://www1.mbrace.or.jp/od2/B/202609/b260911.lzh,2026-10-03T18:36:20.032921+09:00
20260911,16,児島,2,20260911-16-02,5,5326,三嶌さら,22,香川,47.0,B1,5.02,31.15,4.04,16.0,53,34.67,53,26.01,445 563,6,https://www1.mbrace.or.jp/od2/B/202609/b260911.lzh,2026-10-03T18:36:20.032921+09:00
20260911,16,児島,2,20260911-16-02,6,5109,川崎智稔,27,岡山,51.0,B1,4.65,28.0,4.45,22.73,68,32.67,61,31.32,164 625,9,https://www1.mbrace.or.jp/od2/B/202609/b260911.lzh,2026-10-03T18:36:20.032921+09:00
20260911,16,児島,3,20260911-16-03,1,4499,滝川真由,38,長崎,45.0,B1,5.0,25.81,2.67,0.0,26,31.5,46,31.87,613 414,9,https://www1.mbrace.or.jp/od2/B/202609/b260911.lzh,2026-10-03T18:36:20.032921+09:00
20260911,16,児島,3,20260911-16-03,2,4446,和田兼輔,39,兵庫,53.0,A1,6.79,47.78,6.75,35.0,18,30.39,62,33.51,434 3115,12,https://www1.mbrace.or.jp/od2/B/202609/b260911.lzh,2026-10-03T18:36:20.032921+09:00
20260911,16,児島,3,20260911-16-03,3,4382,高山智至,41,滋賀,55.0,B1,4.64,21.36,3.67,5.56,31,34.33,68,40.54,4 236 31,8,https://www1.mbrace.or.jp/od2/B/202609/b260911.lzh,2026-10-03T18:36:20.032921+09:00
20260911,16,児島,3,20260911-16-03,4,4460,後藤翔之,40,東京,56.0,A2,6.07,43.27,6.26,48.72,23,32.51,41,29.59,164 2221,11,https://www1.mbrace.or.jp/od2/B/202609/b260911.lzh,2026-10-03T18:36:20.032921+09:00
20260911,16,児島,3,20260911-16-03,5,4364,池永太,41,福岡,55.0,A1,6.15,43.48,7.61,62.75,50,39.5,66,32.95,52114 14,10,https://www1.mbrace.or.jp/od2/B/202609/b260911.lzh,2026-10-03T18:36:20.032921+09:00
20260911,16,児島,3,20260911-16-03,6,4728,山口亮,38,東京,55.0,B1,4.53,24.66,4.22,21.74,60,43.56,33,38.04,2 142 56,7,https://www1.mbrace.or.jp/od2/B/202609/b260911.lzh,2026-10-03T18:36:20.032921+09:00
20260911,16,児島,4,20260911-16-04,1,4788,小池哲也,37,大阪,55.0,A2,5.4,31.19,6.02,41.94,56,36.36,49,47.25,5 132413,10,https://www1.mbrace.or.jp/od2/B/202609/b260911.lzh,2026-10-03T18:36:20.032921+09:00
20260911,16,児島,4,20260911-16-04,2,5338,香月大輝,26,福岡,52.0,B1,4.5,20.0,3.56,5.56,16,35.92,70,31.35,6 434 11,9,https://www1.mbrace.or.jp/od2/B/202609/b260911.lzh,2026-10-03T18:36:20.032921+09:00
20260911,16,児島,4,20260911-16-04,3,5076,石原光,30,静岡,55.0,B1,4.95,32.69,3.41,13.64,22,35.96,56,32.62,621 412,11,https://www1.mbrace.or.jp/od2/B/202609/b260911.lzh,2026-10-03T18:36:20.032921+09:00
20260911,16,児島,4,20260911-16-04,4,3988,古川誠之,48,愛知,56.0,A2,6.2,38.52,5.73,45.45,61,35.18,52,32.42,113 1335,12,https://www1.mbrace.or.jp/od2/B/202609/b260911.lzh,2026-10-03T18:36:20.032921+09:00
20260911,16,児島,4,20260911-16-04,5,5047,國分将太,32,東京,53.0,B1,6.11,39.8,5.48,34.78,15,26.84,59,32.09,113 5312,11,https://www1.mbrace.or.jp/od2/B/202609/b260911.lzh,2026-10-03T18:36:20.032921+09:00
20260911,16,児島,4,20260911-16-04,6,4828,松山将吾,32,滋賀,50.0,A1,6.56,48.04,5.4,36.67,42,30.1,67,27.01,2512134,10,https://www1.mbrace.or.jp/od2/B/202609/b260911.lzh,2026-10-03T18:36:20.032921+09:00
20260911,16,児島,5,20260911-16-05,1,4436,渋谷明憲,40,大阪,52.0,A1,6.34,48.28,5.38,38.1,12,39.6,35,27.66,3 124126,10,https://www1.mbrace.or.jp/od2/B/202609/b260911.lzh,2026-10-03T18:36:20.032921+09:00
20260911,16,児島,5,20260911-16-05,2,4072,森永淳,45,佐賀,53.0,A1,7.34,58.82,7.6,70.0,21,37.86,58,38.59,3625312,11,https://www1.mbrace.or.jp/od2/B/202609/b260911.lzh,2026-10-03T18:36:20.032921+09:00
20260911,16,児島,5,20260911-16-05,3,5286,坂井滉哉,27,福岡,50.0,B1,4.67,25.25,4.68,21.05,52,28.43,39,38.46,2 663 13,,https://www1.mbrace.or.jp/od2/B/202609/b260911.lzh,2026-10-03T18:36:20.032921+09:00
20260911,16,児島,5,20260911-16-05,4,4030,森高一真,48,香川,50.0,A1,6.76,37.84,6.59,34.48,48,21.93,22,30.94,34113 61,12,https://www1.mbrace.or.jp/od2/B/202609/b260911.lzh,2026-10-03T18:36:20.032921+09:00
20260911,16,児島,5,20260911-16-05,5,4449,中嶋達也,39,兵庫,51.0,B1,3.95,21.84,4.38,25.0,63,32.2,69,31.91,3 565 26,,https://www1.mbrace.or.jp/od2/B/202609/b260911.lzh,2026-10-03T18:36:20.032921+09:00
20260911,16,児島,5,20260911-16-05,6,5464,宮田栞,19,福岡,50.0,B2,1.24,0.0,0.0,0.0,65,36.1,16,23.46,6 666 56,,https://www1.mbrace.or.jp/od2/B/202609/b260911.lzh,2026-10-03T18:36:20.032921+09:00
20260911,16,児島,6,20260911-16-06,1,4067,永井源,46,愛知,52.0,A2,6.5,49.61,0.0,0.0,14,27.04,14,34.59,1 341552,10,https://www1.mbrace.or.jp/od2/B/202609/b260911.lzh,2026-10-03T18:36:20.032921+09:00
20260911,16,児島,6,20260911-16-06,2,5326,三嶌さら,22,香川,47.0,B1,5.02,31.15,4.04,16.0,53,34.67,53,26.01,445 563,2,https://www1.mbrace.or.jp/od2/B/202609/b260911.lzh,2026-10-03T18:36:20.032921+09:00
20260911,16,児島,6,20260911-16-06,3,5299,西丸敦基,24,香川,53.0,A2,6.07,44.55,5.24,36.73,62,38.86,37,22.02,22351 33,12,https://www1.mbrace.or.jp/od2/B/202609/b260911.lzh,2026-10-03T18:36:20.032921+09:00
20260911,16,児島,6,20260911-16-06,4,5124,上瀧絢也,30,佐賀,54.0,B1,4.35,25.93,3.2,10.0,11,31.0,51,30.6,556 362,1,https://www1.mbrace.or.jp/od2/B/202609/b260911.lzh,2026-10-03T18:36:20.032921+09:00
20260911,16,児島,6,20260911-16-06,5,5074,大澤誠也,30,愛知,56.0,B1,4.23,22.54,4.86,21.43,38,35.12,38,42.78,5 154 42,,https://www1.mbrace.or.jp/od2/B/202609/b260911.lzh,2026-10-03T18:36:20.032921+09:00
20260911,16,児島,6,20260911-16-06,6,4350,篠崎元志,40,福岡,54.0,A1,8.09,66.67,8.75,85.0,28,32.45,28,24.71,312 3341,11,https://www1.mbrace.or.jp/od2/B/202609/b260911.lzh,2026-10-03T18:36:20.032921+09:00
20260911,16,児島,7,20260911-16-07,1,4314,青木幸太,42,福岡,51.0,A2,5.88,39.76,4.35,11.76,58,33.33,40,31.52,412 2443,11,https://www1.mbrace.or.jp/od2/B/202609/b260911.lzh,2026-10-03T18:36:20.032921+09:00
20260911,16,児島,7,20260911-16-07,2,4924,中北涼,33,長崎,48.0,B1,4.61,22.0,4.56,27.78,67,33.17,75,32.16,535 354,1,https://www1.mbrace.or.jp/od2/B/202609/b260911.lzh,2026-10-03T18:36:20.032921+09:00
20260911,16,児島,7,20260911-16-07,3,4728,山口亮,38,東京,55.0,B1,4.53,24.66,4.22,21.74,60,43.56,33,38.04,2 142 56,3,https://www1.mbrace.or.jp/od2/B/202609/b260911.lzh,2026-10-03T18:36:20.032921+09:00
20260911,16,児島,7,20260911-16-07,4,4343,村岡賢,41,広島,54.0,B1,4.19,15.79,5.03,36.36,54,31.77,13,29.67,336 243,2,https://www1.mbrace.or.jp/od2/B/202609/b260911.lzh,2026-10-03T18:36:20.032921+09:00
20260911,16,児島,7,20260911-16-07,5,5265,大廣咲季,26,香川,46.0,B1,3.77,16.3,3.65,17.39,27,35.45,21,27.84,5 365 25,,https://www1.mbrace.or.jp/od2/B/202609/b260911.lzh,2026-10-03T18:36:20.032921+09:00
20260911,16,児島,7,20260911-16-07,6,4441,末永由楽,40,岡山,54.0,A2,5.63,33.33,6.34,43.84,66,33.83,36,34.59,11232 14,12,https://www1.mbrace.or.jp/od2/B/202609/b260911.lzh,2026-10-03T18:36:20.032921+09:00
20260911,16,児島,8,20260911-16-08,1,3284,渡邊伸太,58,佐賀,54.0,B1,5.71,36.71,4.0,10.53,64,33.17,15,40.0,422 523,12,https://www1.mbrace.or.jp/od2/B/202609/b260911.lzh,2026-10-03T18:36:20.032921+09:00
20260911,16,児島,8,20260911-16-08,2,5358,増本杏珠,21,福岡,49.0,B2,2.83,7.58,0.0,0.0,41,35.12,47,31.35,6 364 64,,https://www1.mbrace.or.jp/od2/B/202609/b260911.lzh,2026-10-03T18:36:20.032921+09:00
20260911,16,児島,8,20260911-16-08,3,4797,中山将,34,三重,56.0,A1,6.04,44.44,6.38,47.62,57,35.0,60,29.88,4 466665,2,https://www1.mbrace.or.jp/od2/B/202609/b260911.lzh,2026-10-03T18:36:20.032921+09:00
20260911,16,児島,8,20260911-16-08,4,4382,高山智至,41,滋賀,55.0,B1,4.64,21.36,3.67,5.56,31,34.33,68,40.54,4 236 31,3,https://www1.mbrace.or.jp/od2/B/202609/b260911.lzh,2026-10-03T18:36:20.032921+09:00
20260911,16,児島,8,20260911-16-08,5,5292,佐藤右京,24,東京,56.0,B1,4.46,26.09,3.38,19.23,25,25.76,55,27.84,2 325 56,,https://www1.mbrace.or.jp/od2/B/202609/b260911.lzh,2026-10-03T18:36:20.032921+09:00
20260911,16,児島,8,20260911-16-08,6,4410,井上大輔,40,岡山,52.0,B1,4.29,24.47,5.01,33.03,24,30.5,20,30.17,254 216,1,https://www1.mbrace.or.jp/od2/B/202609/b260911.lzh,2026-10-03T18:36:20.032921+09:00
20260911,16,児島,9,20260911-16-09,1,4286,平田さや,42,東京,47.0,A2,6.06,43.75,0.0,0.0,17,38.5,11,27.33,424 3523,,https://www1.mbrace.or.jp/od2/B/202609/b260911.lzh,2026-10-03T18:36:20.032921+09:00
20260911,16,児島,9,20260911-16-09,2,4374,永田義紘,42,広島,52.0,B1,4.33,25.0,4.28,20.0,46,24.86,54,38.59,335 446,1,https://www1.mbrace.or.jp/od2/B/202609/b260911.lzh,2026-10-03T18:36:20.032921+09:00
20260911,16,児島,9,20260911-16-09,3,5109,川崎智稔,27,岡山,51.0,B1,4.65,28.0,4.45,22.73,68,32.67,61,31.32,164 625,2,https://www1.mbrace.or.jp/od2/B/202609/b260911.lzh,2026-10-03T18:36:20.032921+09:00
20260911,16,児島,9,20260911-16-09,4,4499,滝川真由,38,長崎,45.0,B1,5.0,25.81,2.67,0.0,26,31.5,46,31.87,613 414,3,https://www1.mbrace.or.jp/od2/B/202609/b260911.lzh,2026-10-03T18:36:20.032921+09:00
20260911,16,児島,9,20260911-16-09,5,5338,香月大輝,26,福岡,52.0,B1,4.5,20.0,3.56,5.56,16,35.92,70,31.35,6 434 11,4,https://www1.mbrace.or.jp/od2/B/202609/b260911.lzh,2026-10-03T18:36:20.032921+09:00
20260911,16,児島,9,20260911-16-09,6,4789,古賀智之,37,福岡,53.0,A2,5.63,39.13,5.31,31.25,37,34.8,24,29.26,5 441543,,https://www1.mbrace.or.jp/od2/B/202609/b260911.lzh,2026-10-03T18:36:20.032921+09:00
20260911,16,児島,10,20260911-16-10,1,4828,松山将吾,32,滋賀,50.0,A1,6.56,48.04,5.4,36.67,42,30.1,67,27.01,2512134,4,https://www1.mbrace.or.jp/od2/B/202609/b260911.lzh,2026-10-03T18:36:20.032921+09:00
20260911,16,児島,10,20260911-16-10,2,4364,池永太,41,福岡,55.0,A1,6.15,43.48,7.61,62.75,50,39.5,66,32.95,52114 14,3,https://www1.mbrace.or.jp/od2/B/202609/b260911.lzh,2026-10-03T18:36:20.032921+09:00
20260911,16,児島,10,20260911-16-10,3,4436,渋谷明憲,40,大阪,52.0,A1,6.34,48.28,5.38,38.1,12,39.6,35,27.66,3 124126,5,https://www1.mbrace.or.jp/od2/B/202609/b260911.lzh,2026-10-03T18:36:20.032921+09:00
20260911,16,児島,10,20260911-16-10,4,4754,松尾充,38,三重,51.0,A2,6.44,44.0,0.0,0.0,32,25.52,25,29.44,6 212242,1,https://www1.mbrace.or.jp/od2/B/202609/b260911.lzh,2026-10-03T18:36:20.032921+09:00
20260911,16,児島,10,20260911-16-10,5,4788,小池哲也,37,大阪,55.0,A2,5.4,31.19,6.02,41.94,56,36.36,49,47.25,5 132413,4,https://www1.mbrace.or.jp/od2/B/202609/b260911.lzh,2026-10-03T18:36:20.032921+09:00
20260911,16,児島,10,20260911-16-10,6,4067,永井源,46,愛知,52.0,A2,6.5,49.61,0.0,0.0,14,27.04,14,34.59,1 341552,6,https://www1.mbrace.or.jp/od2/B/202609/b260911.lzh,2026-10-03T18:36:20.032921+09:00
20260911,16,児島,11,20260911-16-11,1,4350,篠崎元志,40,福岡,54.0,A1,8.09,66.67,8.75,85.0,28,32.45,28,24.71,312 3341,6,https://www1.mbrace.or.jp/od2/B/202609/b260911.lzh,2026-10-03T18:36:20.032921+09:00
20260911,16,児島,11,20260911-16-11,2,5047,國分将太,32,東京,53.0,B1,6.11,39.8,5.48,34.78,15,26.84,59,32.09,113 5312,4,https://www1.mbrace.or.jp/od2/B/202609/b260911.lzh,2026-10-03T18:36:20.032921+09:00
20260911,16,児島,11,20260911-16-11,3,4460,後藤翔之,40,東京,56.0,A2,6.07,43.27,6.26,48.72,23,32.51,41,29.59,164 2221,3,https://www1.mbrace.or.jp/od2/B/202609/b260911.lzh,2026-10-03T18:36:20.032921+09:00
20260911,16,児島,11,20260911-16-11,4,5076,石原光,30,静岡,55.0,B1,4.95,32.69,3.41,13.64,22,35.96,56,32.62,621 412,4,https://www1.mbrace.or.jp/od2/B/202609/b260911.lzh,2026-10-03T18:36:20.032921+09:00
20260911,16,児島,11,20260911-16-11,5,4072,森永淳,45,佐賀,53.0,A1,7.34,58.82,7.6,70.0,21,37.86,58,38.59,3625312,5,https://www1.mbrace.or.jp/od2/B/202609/b260911.lzh,2026-10-03T18:36:20.032921+09:00
20260911,16,児島,11,20260911-16-11,6,4314,青木幸太,42,福岡,51.0,A2,5.88,39.76,4.35,11.76,58,33.33,40,31.52,412 2443,7,https://www1.mbrace.or.jp/od2/B/202609/b260911.lzh,2026-10-03T18:36:20.032921+09:00
20260911,16,児島,12,20260911-16-12,1,4441,末永由楽,40,岡山,54.0,A2,5.63,33.33,6.34,43.84,66,33.83,36,34.59,11232 14,7,https://www1.mbrace.or.jp/od2/B/202609/b260911.lzh,2026-10-03T18:36:20.032921+09:00
20260911,16,児島,12,20260911-16-12,2,3988,古川誠之,48,愛知,56.0,A2,6.2,38.52,5.73,45.45,61,35.18,52,32.42,113 1335,4,https://www1.mbrace.or.jp/od2/B/202609/b260911.lzh,2026-10-03T18:36:20.032921+09:00
20260911,16,児島,12,20260911-16-12,3,4030,森高一真,48,香川,50.0,A1,6.76,37.84,6.59,34.48,48,21.93,22,30.94,34113 61,5,https://www1.mbrace.or.jp/od2/B/202609/b260911.lzh,2026-10-03T18:36:20.032921+09:00
20260911,16,児島,12,20260911-16-12,4,5299,西丸敦基,24,香川,53.0,A2,6.07,44.55,5.24,36.73,62,38.86,37,22.02,22351 33,6,https://www1.mbrace.or.jp/od2/B/202609/b260911.lzh,2026-10-03T18:36:20.032921+09:00
20260911,16,児島,12,20260911-16-12,5,4446,和田兼輔,39,兵庫,53.0,A1,6.79,47.78,6.75,35.0,18,30.39,62,33.51,434 3115,3,https://www1.mbrace.or.jp/od2/B/202609/b260911.lzh,2026-10-03T18:36:20.032921+09:00
20260911,16,児島,12,20260911-16-12,6,3284,渡邊伸太,58,佐賀,54.0,B1,5.71,36.71,4.0,10.53,64,33.17,15,40.0,422 523,8,https://www1.mbrace.or.jp/od2/B/202609/b260911.lzh,2026-10-03T18:36:20.032921+09:00
20260911,14,鳴門,1,20260911-14-01,1,4372,原田佑実,39,大阪,46.0,A2,6.06,40.45,4.77,35.48,56,23.19,79,24.29,12564 124,9,https://www1.mbrace.or.jp/od2/B/202609/b260911.lzh,2026-10-03T18:36:20.032921+09:00
20260911,14,鳴門,1,20260911-14-01,2,5153,佐藤ほの,30,東京,46.0,B1,3.4,10.11,0.0,0.0,10,22.54,37,38.96,4 366 464,5,https://www1.mbrace.or.jp/od2/B/202609/b260911.lzh,2026-10-03T18:36:20.032921+09:00
20260911,14,鳴門,1,20260911-14-01,3,5334,樫葉新心,22,徳島,45.0,B1,2.8,5.33,2.93,11.11,32,27.4,19,31.17,455 652 4,6,https://www1.mbrace.or.jp/od2/B/202609/b260911.lzh,2026-10-03T18:36:20.032921+09:00
20260911,14,鳴門,1,20260911-14-01,4,4720,西澤日花,32,長崎,48.0,B1,3.38,13.64,0.0,0.0,59,40.0,24,30.67,464 564 6,9,https://www1.mbrace.or.jp/od2/B/202609/b260911.lzh,2026-10-03T18:36:20.032921+09:00
20260911,14,鳴門,1,20260911-14-01,5,4843,深尾巴恵,33,静岡,46.0,B1,3.72,17.24,5.5,37.5,69,29.87,18,36.84,553 3 666,8,https://www1.mbrace.or.jp/od2/B/202609/b260911.lzh,2026-10-03T18:36:20.032921+09:00
20260911,14,鳴門,1,20260911-14-01,6,5440,薗頭心,20,兵庫,48.0,B2,1.73,5.36,2.0,0.0,58,38.24,34,26.58,6 6 566 66,6,https://www1.mbrace.or.jp/od2/B/202609/b260911.lzh,2026-10-03T18:36:20.032921+09:00
20260911,14,鳴門,2,20260911-14-02,1,4733,赤井睦,37,徳島,47.0,B1,5.42,37.1,5.09,30.67,21,24.29,76,33.78,3 26111535,10,https://www1.mbrace.or.jp/od2/B/202609/b260911.lzh,2026-10-03T18:36:20.032921+09:00
20260911,14,鳴門,2,20260911-14-02,2,5180,藤本紗弥,28,山口,47.0,B2,4.73,26.79,0.0,0.0,84,21.43,22,25.97,355 424 54,,https://www1.mbrace.or.jp/od2/B/202609/b260911.lzh,2026-10-03T18:36:20.032921+09:00
20260911,14,鳴門,2,20260911-14-02,3,4689,豊田結,33,静岡,54.0,B1,4.85,28.57,5.91,46.88,78,34.62,62,29.41,423 235 13,8,https://www1.mbrace.or.jp/od2/B/202609/b260911.lzh,2026-10-03T18:36:20.032921+09:00
20260911,14,鳴門,2,20260911-14-02,4,5380,野田亜湖,22,徳島,50.0,B2,1.2,0.0,1.27,0.0,27,33.33,54,40.79,5 666 5 66,9,https://www1.mbrace.or.jp/od2/B/202609/b260911.lzh,2026-10-03T18:36:20.032921+09:00
20260911,14,鳴門,2,20260911-14-02,5,4400,加藤奈月,38,福井,53.0,B1,4.19,13.92,3.93,6.67,70,40.63,25,21.43,2 654 543,6,https://www1.mbrace.or.jp/od2/B/202609/b260911.lzh,2026-10-03T18:36:20.032921+09:00
20260911,14,鳴門,2,20260911-14-02,6,4845,前田紗希,33,埼玉,47.0,A1,6.04,44.05,7.78,61.11,36,23.08,33,53.33,36143 4354,7,https://www1.mbrace.or.jp/od2/B/202609/b260911.lzh,2026-10-03T18:36:20.032921+09:00
20260911,14,鳴門,3,20260911-14-03,1,5189,藤原早菜,25,岡山,45.0,A2,5.09,28.32,3.29,0.0,74,27.63,71,22.54,53416 442,8,https://www1.mbrace.or.jp/od2/B/202609/b260911.lzh,2026-10-03T18:36:20.032921+09:00
20260911,14,鳴門,3,20260911-14-03,2,3470,新田芳美,56,徳島,47.0,B1,5.19,26.03,4.89,28.41,83,23.08,26,30.77,242 451 54,11,https://www1.mbrace.or.jp/od2/B/202609/b260911.lzh,2026-10-03T18:36:20.032921+09:00
20260911,14,鳴門,3,20260911-14-03,3,4611,今井美亜,36,福井,47.0,A1,6.09,40.35,5.84,40.0,71,36.62,32,33.78,1265125 33,10,https://www1.mbrace.or.jp/od2/B/202609/b260911.lzh,2026-10-03T18:36:20.032921+09:00
20260911,14,鳴門,3,20260911-14-03,4,4984,森下愛梨,29,静岡,51.0,B1,4.8,28.92,6.0,33.33,33,40.28,68,28.17,1 43646 6,7,https://www1.mbrace.or.jp/od2/B/202609/b260911.lzh,2026-10-03T18:36:20.032921+09:00
20260911,14,鳴門,3,20260911-14-03,5,4901,出口舞有,33,愛知,45.0,B1,5.73,36.36,0.0,0.0,28,25.0,74,39.19,3 21242323,10,https://www1.mbrace.or.jp/od2/B/202609/b260911.lzh,2026-10-03T18:36:20.032921+09:00
20260911,14,鳴門,3,20260911-14-03,6,4546,浜田亜理,38,埼玉,47.0,B1,7.22,57.3,7.64,64.29,65,34.25,70,35.9,32544 421,8,https://www1.mbrace.or.jp/od2/B/202609/b260911.lzh,2026-10-03T18:36:20.032921+09:00
20260911,14,鳴門,4,20260911-14-04,1,4627,藤原菜希,40,東京,48.0,A2,6.56,47.46,6.83,55.56,23,28.0,83,35.9,3 4436535,,https://www1.mbrace.or.jp/od2/B/202609/b260911.lzh,2026-10-03T18:36:20.032921+09:00
20260911,14,鳴門,4,20260911-14-04,2,4680,後藤美翼,36,東京,46.0,A2,5.46,31.0,5.32,28.57,26,29.33,36,22.08,2S2 243224,10,https://www1.mbrace.or.jp/od2/B/202609/b260911.lzh,2026-10-03T18:36:20.032921+09:00
20260911,14,鳴門,4,20260911-14-04,3,5342,原村百那,24,山口,47.0,B2,2.64,9.84,1.18,0.0,79,48.57,77,44.44,64S 4 564,8,https://www1.mbrace.or.jp/od2/B/202609/b260911.lzh,2026-10-03T18:36:20.032921+09:00
20260911,14,鳴門,4,20260911-14-04,4,4642,松尾夏海,34,香川,48.0,A2,7.17,56.2,6.24,42.11,35,29.41,66,43.66,44115 2554,11,https://www1.mbrace.or.jp/od2/B/202609/b260911.lzh,2026-10-03T18:36:20.032921+09:00
20260911,14,鳴門,4,20260911-14-04,5,4878,西岡育未,31,徳島,46.0,B1,4.36,19.77,5.08,28.81,25,31.4,65,36.23,253 425 11,9,https://www1.mbrace.or.jp/od2/B/202609/b260911.lzh,2026-10-03T18:36:20.032921+09:00
20260911,14,鳴門,4,20260911-14-04,6,4965,福岡泉水,28,兵庫,51.0,B1,4.45,20.43,3.53,21.05,31,35.44,50,36.62,F64 6 5 6,,https://www1.mbrace.or.jp/od2/B/202609/b260911.lzh,2026-10-03T18:36:20.032921+09:00
20260911,14,鳴門,5,20260911-14-05,1,4347,魚谷香織,41,福岡,45.0,A2,6.06,41.57,6.55,54.55,76,29.73,67,34.67,2 13423216,10,https://www1.mbrace.or.jp/od2/B/202609/b260911.lzh,2026-10-03T18:36:20.032921+09:00
20260911,14,鳴門,5,20260911-14-05,2,4714,喜多須杏,35,徳島,48.0,B1,5.0,27.06,5.22,27.96,16,35.8,84,29.17,1 52352226,11,https://www1.mbrace.or.jp/od2/B/202609/b260911.lzh,2026-10-03T18:36:20.032921+09:00
20260911,14,鳴門,5,20260911-14-05,3,4746,大豆生蒼,31,埼玉,47.0,B1,5.67,39.02,4.5,15.38,24,32.43,82,26.76,6 61544 1,9,https://www1.mbrace.or.jp/od2/B/202609/b260911.lzh,2026-10-03T18:36:20.032921+09:00
20260911,14,鳴門,5,20260911-14-05,4,5153,佐藤ほの,30,東京,46.0,B1,3.4,10.11,0.0,0.0,10,22.54,37,38.96,4 366 464,1,https://www1.mbrace.or.jp/od2/B/202609/b260911.lzh,2026-10-03T18:36:20.032921+09:00
20260911,14,鳴門,5,20260911-14-05,5,4775,千葉真弥,32,静岡,47.0,A2,6.22,43.75,5.2,20.0,53,31.34,80,17.19,532 333115,11,https://www1.mbrace.or.jp/od2/B/202609/b260911.lzh,2026-10-03T18:36:20.032921+09:00
20260911,14,鳴門,5,20260911-14-05,6,5069,山崎小葉,25,群馬,43.0,B1,5.01,28.26,5.09,27.91,61,30.26,58,25.0,3 362 6412,9,https://www1.mbrace.or.jp/od2/B/202609/b260911.lzh,2026-10-03T18:36:20.032921+09:00
20260911,14,鳴門,6,20260911-14-06,1,5198,奥村明日,24,福岡,47.0,B1,5.54,38.0,4.06,20.37,29,46.07,73,19.72,132 511526,10,https://www1.mbrace.or.jp/od2/B/202609/b260911.lzh,2026-10-03T18:36:20.032921+09:00
20260911,14,鳴門,6,20260911-14-06,2,5334,樫葉新心,22,徳島,45.0,B1,2.8,5.33,2.93,11.11,32,27.4,19,31.17,455 652 4,1,https://www1.mbrace.or.jp/od2/B/202609/b260911.lzh,2026-10-03T18:36:20.032921+09:00
20260911,14,鳴門,6,20260911-14-06,3,4784,向井田真,38,広島,53.0,B1,3.25,10.0,4.28,27.78,51,36.11,17,38.96,362 3 5325,,https://www1.mbrace.or.jp/od2/B/202609/b260911.lzh,2026-10-03T18:36:20.032921+09:00
20260911,14,鳴門,6,20260911-14-06,4,4400,加藤奈月,38,福井,53.0,B1,4.19,13.92,3.93,6.67,70,40.63,25,21.43,2 654 543,2,https://www1.mbrace.or.jp/od2/B/202609/b260911.lzh,2026-10-03T18:36:20.032921+09:00
20260911,14,鳴門,6,20260911-14-06,5,5440,薗頭心,20,兵庫,48.0,B2,1.73,5.36,2.0,0.0,58,38.24,34,26.58,6 6 566 66,1,https://www1.mbrace.or.jp/od2/B/202609/b260911.lzh,2026-10-03T18:36:20.032921+09:00
20260911,14,鳴門,6,20260911-14-06,6,4974,安井瑞紀,33,岡山,47.0,A2,5.27,36.45,5.43,37.25,55,32.89,60,32.0,1442114 33,11,https://www1.mbrace.or.jp/od2/B/202609/b260911.lzh,2026-10-03T18:36:20.032921+09:00
20260911,14,鳴門,7,20260911-14-07,1,5195,北村寧々,24,長崎,47.0,A2,5.21,33.72,4.76,23.53,12,35.9,13,35.06,1 44532145,11,https://www1.mbrace.or.jp/od2/B/202609/b260911.lzh,2026-10-03T18:36:20.032921+09:00
20260911,14,鳴門,7,20260911-14-07,2,4984,森下愛梨,29,静岡,51.0,B1,4.8,28.92,6.0,33.33,33,40.28,68,28.17,1 43646 6,3,https://www1.mbrace.or.jp/od2/B/202609/b260911.lzh,2026-10-03T18:36:20.032921+09:00
20260911,14,鳴門,7,20260911-14-07,3,4845,前田紗希,33,埼玉,47.0,A1,6.04,44.05,7.78,61.11,36,23.08,33,53.33,36143 4354,2,https://www1.mbrace.or.jp/od2/B/202609/b260911.lzh,2026-10-03T18:36:20.032921+09:00
20260911,14,鳴門,7,20260911-14-07,4,4900,中田夕貴,33,埼玉,46.0,B1,5.05,30.59,4.46,21.43,54,31.94,38,28.38,4 25251 53,,https://www1.mbrace.or.jp/od2/B/202609/b260911.lzh,2026-10-03T18:36:20.032921+09:00
20260911,14,鳴門,7,20260911-14-07,5,4678,水野望美,37,愛知,47.0,B1,4.43,23.53,6.79,52.63,80,29.07,20,25.0,4 55353 35,,https://www1.mbrace.or.jp/od2/B/202609/b260911.lzh,2026-10-03T18:36:20.032921+09:00
20260911,14,鳴門,7,20260911-14-07,6,5390,高橋涼夏,19,群馬,47.0,B2,2.81,10.34,1.43,0.0,17,27.71,30,24.68,F66 3 6 5,,https://www1.mbrace.or.jp/od2/B/202609/b260911.lzh,2026-10-03T18:36:20.032921+09:00
20260911,14,鳴門,8,20260911-14-08,1,5056,西岡成美,30,徳島,46.0,B2,4.4,24.0,5.59,31.48,60,30.99,61,32.89,5 341 3624,,https://www1.mbrace.or.jp/od2/B/202609/b260911.lzh,2026-10-03T18:36:20.032921+09:00
20260911,14,鳴門,8,20260911-14-08,2,4546,浜田亜理,38,埼玉,47.0,B1,7.22,57.3,7.64,64.29,65,34.25,70,35.9,32544 421,3,https://www1.mbrace.or.jp/od2/B/202609/b260911.lzh,2026-10-03T18:36:20.032921+09:00
20260911,14,鳴門,8,20260911-14-08,3,4843,深尾巴恵,33,静岡,46.0,B1,3.72,17.24,5.5,37.5,69,29.87,18,36.84,553 3 666,1,https://www1.mbrace.or.jp/od2/B/202609/b260911.lzh,2026-10-03T18:36:20.032921+09:00
20260911,14,鳴門,8,20260911-14-08,4,5342,原村百那,24,山口,47.0,B2,2.64,9.84,1.18,0.0,79,48.57,77,44.44,64S 4 564,4,https://www1.mbrace.or.jp/od2/B/202609/b260911.lzh,2026-10-03T18:36:20.032921+09:00
20260911,14,鳴門,8,20260911-14-08,5,5189,藤原早菜,25,岡山,45.0,A2,5.09,28.32,3.29,0.0,74,27.63,71,22.54,53416 442,3,https://www1.mbrace.or.jp/od2/B/202609/b260911.lzh,2026-10-03T18:36:20.032921+09:00
20260911,14,鳴門,8,20260911-14-08,6,4689,豊田結,33,静岡,54.0,B1,4.85,28.57,5.91,46.88,78,34.62,62,29.41,423 235 13,2,https://www1.mbrace.or.jp/od2/B/202609/b260911.lzh,2026-10-03T18:36:20.032921+09:00
20260911,14,鳴門,9,20260911-14-09,1,5069,山崎小葉,25,群馬,43.0,B1,5.01,28.26,5.09,27.91,61,30.26,58,25.0,3 362 6412,5,https://www1.mbrace.or.jp/od2/B/202609/b260911.lzh,2026-10-03T18:36:20.032921+09:00
20260911,14,鳴門,9,20260911-14-09,2,4720,西澤日花,32,長崎,48.0,B1,3.38,13.64,0.0,0.0,59,40.0,24,30.67,464 564 6,1,https://www1.mbrace.or.jp/od2/B/202609/b260911.lzh,2026-10-03T18:36:20.032921+09:00
20260911,14,鳴門,9,20260911-14-09,3,4878,西岡育未,31,徳島,46.0,B1,4.36,19.77,5.08,28.81,25,31.4,65,36.23,253 425 11,4,https://www1.mbrace.or.jp/od2/B/202609/b260911.lzh,2026-10-03T18:36:20.032921+09:00
20260911,14,鳴門,9,20260911-14-09,4,4372,原田佑実,39,大阪,46.0,A2,6.06,40.45,4.77,35.48,56,23.19,79,24.29,12564 124,1,https://www1.mbrace.or.jp/od2/B/202609/b260911.lzh,2026-10-03T18:36:20.032921+09:00
20260911,14,鳴門,9,20260911-14-09,5,4746,大豆生蒼,31,埼玉,47.0,B1,5.67,39.02,4.5,15.38,24,32.43,82,26.76,6 61544 1,5,https://www1.mbrace.or.jp/od2/B/202609/b260911.lzh,2026-10-03T18:36:20.032921+09:00
20260911,14,鳴門,9,20260911-14-09,6,5380,野田亜湖,22,徳島,50.0,B2,1.2,0.0,1.27,0.0,27,33.33,54,40.79,5 666 5 66,2,https://www1.mbrace.or.jp/od2/B/202609/b260911.lzh,2026-10-03T18:36:20.032921+09:00
20260911,14,鳴門,10,20260911-14-10,1,4901,出口舞有,33,愛知,45.0,B1,5.73,36.36,0.0,0.0,28,25.0,74,39.19,3 21242323,3,https://www1.mbrace.or.jp/od2/B/202609/b260911.lzh,2026-10-03T18:36:20.032921+09:00
20260911,14,鳴門,10,20260911-14-10,2,4611,今井美亜,36,福井,47.0,A1,6.09,40.35,5.84,40.0,71,36.62,32,33.78,1265125 33,3,https://www1.mbrace.or.jp/od2/B/202609/b260911.lzh,2026-10-03T18:36:20.032921+09:00
20260911,14,鳴門,10,20260911-14-10,3,4680,後藤美翼,36,東京,46.0,A2,5.46,31.0,5.32,28.57,26,29.33,36,22.08,2S2 243224,4,https://www1.mbrace.or.jp/od2/B/202609/b260911.lzh,2026-10-03T18:36:20.032921+09:00
20260911,14,鳴門,10,20260911-14-10,4,4733,赤井睦,37,徳島,47.0,B1,5.42,37.1,5.09,30.67,21,24.29,76,33.78,3 26111535,2,https://www1.mbrace.or.jp/od2/B/202609/b260911.lzh,2026-10-03T18:36:20.032921+09:00
20260911,14,鳴門,10,20260911-14-10,5,4347,魚谷香織,41,福岡,45.0,A2,6.06,41.57,6.55,54.55,76,29.73,67,34.67,2 13423216,5,https://www1.mbrace.or.jp/od2/B/202609/b260911.lzh,2026-10-03T18:36:20.032921+09:00
20260911,14,鳴門,10,20260911-14-10,6,5198,奥村明日,24,福岡,47.0,B1,5.54,38.0,4.06,20.37,29,46.07,73,19.72,132 511526,6,https://www1.mbrace.or.jp/od2/B/202609/b260911.lzh,2026-10-03T18:36:20.032921+09:00
20260911,14,鳴門,11,20260911-14-11,1,4974,安井瑞紀,33,岡山,47.0,A2,5.27,36.45,5.43,37.25,55,32.89,60,32.0,1442114 33,6,https://www1.mbrace.or.jp/od2/B/202609/b260911.lzh,2026-10-03T18:36:20.032921+09:00
20260911,14,鳴門,11,20260911-14-11,2,4642,松尾夏海,34,香川,48.0,A2,7.17,56.2,6.24,42.11,35,29.41,66,43.66,44115 2554,4,https://www1.mbrace.or.jp/od2/B/202609/b260911.lzh,2026-10-03T18:36:20.032921+09:00
20260911,14,鳴門,11,20260911-14-11,3,3470,新田芳美,56,徳島,47.0,B1,5.19,26.03,4.89,28.41,83,23.08,26,30.77,242 451 54,3,https://www1.mbrace.or.jp/od2/B/202609/b260911.lzh,2026-10-03T18:36:20.032921+09:00
20260911,14,鳴門,11,20260911-14-11,4,4775,千葉真弥,32,静岡,47.0,A2,6.22,43.75,5.2,20.0,53,31.34,80,17.19,532 333115,5,https://www1.mbrace.or.jp/od2/B/202609/b260911.lzh,2026-10-03T18:36:20.032921+09:00
20260911,14,鳴門,11,20260911-14-11,5,5195,北村寧々,24,長崎,47.0,A2,5.21,33.72,4.76,23.53,12,35.9,13,35.06,1 44532145,7,https://www1.mbrace.or.jp/od2/B/202609/b260911.lzh,2026-10-03T18:36:20.032921+09:00
20260911,14,鳴門,11,20260911-14-11,6,4714,喜多須杏,35,徳島,48.0,B1,5.0,27.06,5.22,27.96,16,35.8,84,29.17,1 52352226,5,https://www1.mbrace.or.jp/od2/B/202609/b260911.lzh,2026-10-03T18:36:20.032921+09:00
20260911,14,鳴門,12,20260911-14-12,1,4885,大山千広,30,福岡,47.0,A2,7.17,57.97,0.0,0.0,68,28.0,27,34.25,21131 3341,,https://www1.mbrace.or.jp/od2/B/202609/b260911.lzh,2026-10-03T18:36:20.032921+09:00
20260911,14,鳴門,12,20260911-14-12,2,4530,小野生奈,37,福岡,46.0,A1,7.23,59.22,6.13,40.0,39,13.16,56,41.1,1 31221131,,https://www1.mbrace.or.jp/od2/B/202609/b260911.lzh,2026-10-03T18:36:20.032921+09:00
20260911,14,鳴門,12,20260911-14-12,3,4050,田口節子,45,岡山,45.0,A1,7.75,61.32,7.61,61.11,73,18.31,63,28.77,5213114 21,,https://www1.mbrace.or.jp/od2/B/202609/b260911.lzh,2026-10-03T18:36:20.032921+09:00
20260911,14,鳴門,12,20260911-14-12,4,4450,平高奈菜,39,香川,47.0,A2,6.63,47.37,5.94,42.86,38,33.77,39,28.21,13321 1212,,https://www1.mbrace.or.jp/od2/B/202609/b260911.lzh,2026-10-03T18:36:20.032921+09:00
20260911,14,鳴門,12,20260911-14-12,5,4738,清埜翔子,35,埼玉,46.0,A2,5.93,39.68,7.33,44.44,75,23.61,14,38.36,611 232132,,https://www1.mbrace.or.jp/od2/B/202609/b260911.lzh,2026-10-03T18:36:20.032921+09:00
20260911,14,鳴門,12,20260911-14-12,6,5193,米丸乃絵,25,福岡,48.0,A1,6.99,54.81,6.29,38.24,30,38.67,15,28.77,251 153162,,https://www1.mbrace.or.jp/od2/B/202609/b260911.lzh,2026-10-03T18:36:20.032921+09:00
20260911,13,尼崎,1,20260911-13-01,1,5307,富永夏哉,23,佐賀,51.0,B1,4.5,27.66,0.0,0.0,36,36.45,66,27.72,353 3 66,5,https://www1.mbrace.or.jp/od2/B/202609/b260911.lzh,2026-10-03T18:36:20.032921+09:00
20260911,13,尼崎,1,20260911-13-01,2,4729,佐藤謙史,37,福岡,55.0,B1,4.45,23.08,3.43,14.29,31,31.48,75,39.0,4 255 42,5,https://www1.mbrace.or.jp/od2/B/202609/b260911.lzh,2026-10-03T18:36:20.032921+09:00
20260911,13,尼崎,1,20260911-13-01,3,3984,坂口周,48,三重,54.0,A1,6.27,40.16,6.66,51.43,59,20.0,54,33.96,46423135,11,https://www1.mbrace.or.jp/od2/B/202609/b260911.lzh,2026-10-03T18:36:20.032921+09:00
20260911,13,尼崎,1,20260911-13-01,4,4672,守屋大地,40,岡山,52.0,B1,4.44,27.84,3.79,14.29,39,47.62,52,26.73,2 265 53,6,https://www1.mbrace.or.jp/od2/B/202609/b260911.lzh,2026-10-03T18:36:20.032921+09:00
20260911,13,尼崎,1,20260911-13-01,5,3663,木山和幸,56,広島,50.0,B1,5.38,35.05,4.57,21.43,43,15.73,28,25.49,423 453,9,https://www1.mbrace.or.jp/od2/B/202609/b260911.lzh,2026-10-03T18:36:20.032921+09:00
20260911,13,尼崎,1,20260911-13-01,6,5448,福田柊人,23,山口,50.0,B2,1.14,0.0,0.0,0.0,29,27.18,44,43.27,6 5 6666,,https://www1.mbrace.or.jp/od2/B/202609/b260911.lzh,2026-10-03T18:36:20.032921+09:00
20260911,13,尼崎,2,20260911-13-02,1,4176,樋口喜彦,43,兵庫,53.0,B2,3.35,15.79,4.21,17.46,26,39.81,15,32.04,5 454 35,6,https://www1.mbrace.or.jp/od2/B/202609/b260911.lzh,2026-10-03T18:36:20.032921+09:00
20260911,13,尼崎,2,20260911-13-02,2,3584,佐々木英,53,広島,54.0,B1,4.98,33.68,5.12,32.0,58,20.62,51,29.52,552 543,6,https://www1.mbrace.or.jp/od2/B/202609/b260911.lzh,2026-10-03T18:36:20.032921+09:00
20260911,13,尼崎,2,20260911-13-02,3,5244,黒田剛,26,福岡,52.0,B1,3.9,18.06,4.25,12.5,44,36.79,21,46.67,5 444 26,8,https://www1.mbrace.or.jp/od2/B/202609/b260911.lzh,2026-10-03T18:36:20.032921+09:00
20260911,13,尼崎,2,20260911-13-02,4,3581,加木郁,53,山口,54.0,B1,5.55,37.25,4.81,14.81,33,25.74,32,30.77,3 556 25,7,https://www1.mbrace.or.jp/od2/B/202609/b260911.lzh,2026-10-03T18:36:20.032921+09:00
20260911,13,尼崎,2,20260911-13-02,5,4750,井上尚悟,39,大阪,52.0,B1,5.32,34.44,4.6,20.0,53,30.48,22,29.13,265 356,8,https://www1.mbrace.or.jp/od2/B/202609/b260911.lzh,2026-10-03T18:36:20.032921+09:00
20260911,13,尼崎,2,20260911-13-02,6,5372,上岡巧汰,23,広島,53.0,B2,2.08,3.33,3.0,0.0,61,45.37,57,36.54,5 6 6655,7,https://www1.mbrace.or.jp/od2/B/202609/b260911.lzh,2026-10-03T18:36:20.032921+09:00
20260911,13,尼崎,3,20260911-13-03,1,4247,齊藤優,44,徳島,55.0,B1,5.3,32.56,4.38,18.0,14,27.55,34,43.12,152 3425,11,https://www1.mbrace.or.jp/od2/B/202609/b260911.lzh,2026-10-03T18:36:20.032921+09:00
20260911,13,尼崎,3,20260911-13-03,2,4515,藤田浩人,40,佐賀,54.0,A2,5.53,33.88,5.36,36.36,23,54.81,17,20.0,343 1334,10,https://www1.mbrace.or.jp/od2/B/202609/b260911.lzh,2026-10-03T18:36:20.032921+09:00
20260911,13,尼崎,3,20260911-13-03,3,3577,向所浩二,53,兵庫,59.0,B1,4.34,17.11,5.04,32.14,5,37.04,48,29.81,5 561 22,8,https://www1.mbrace.or.jp/od2/B/202609/b260911.lzh,2026-10-03T18:36:20.032921+09:00
20260911,13,尼崎,3,20260911-13-03,4,3838,伊藤啓三,51,埼玉,53.0,B1,5.44,33.33,5.15,30.0,9,43.4,27,17.82,235 461,7,https://www1.mbrace.or.jp/od2/B/202609/b260911.lzh,2026-10-03T18:36:20.032921+09:00
20260911,13,尼崎,3,20260911-13-03,5,4172,森定晃史,43,岡山,52.0,A2,5.94,38.74,6.7,60.0,41,17.44,59,38.83,46414 4,9,https://www1.mbrace.or.jp/od2/B/202609/b260911.lzh,2026-10-03T18:36:20.032921+09:00
20260911,13,尼崎,3,20260911-13-03,6,4121,富永修一,44,福岡,53.0,A2,5.87,42.17,6.0,36.84,28,25.77,49,36.45,262 2243,10,https://www1.mbrace.or.jp/od2/B/202609/b260911.lzh,2026-10-03T18:36:20.032921+09:00
20260911,13,尼崎,4,20260911-13-04,1,4902,山川雄大,33,兵庫,52.0,B1,4.26,28.74,4.94,32.76,37,39.09,39,33.33,125 3 56,11,https://www1.mbrace.or.jp/od2/B/202609/b260911.lzh,2026-10-03T18:36:20.032921+09:00
20260911,13,尼崎,4,20260911-13-04,2,3853,岩崎正哉,54,福岡,53.0,A2,5.9,38.1,6.35,45.16,19,26.04,35,36.79,4 44514,9,https://www1.mbrace.or.jp/od2/B/202609/b260911.lzh,2026-10-03T18:36:20.032921+09:00
20260911,13,尼崎,4,20260911-13-04,3,4251,川崎誠志,43,山口,53.0,B1,4.6,23.66,4.39,15.15,4,49.52,55,38.68,6 121 36,10,https://www1.mbrace.or.jp/od2/B/202609/b260911.lzh,2026-10-03T18:36:20.032921+09:00
20260911,13,尼崎,4,20260911-13-04,4,4049,荒川健太,45,三重,57.0,A2,6.16,41.44,5.03,34.38,46,30.77,19,40.57,515 555,8,https://www1.mbrace.or.jp/od2/B/202609/b260911.lzh,2026-10-03T18:36:20.032921+09:00
20260911,13,尼崎,4,20260911-13-04,5,2878,富山弘幸,68,大阪,54.0,B1,5.54,31.76,6.17,44.44,55,44.44,58,28.04,253 261,9,https://www1.mbrace.or.jp/od2/B/202609/b260911.lzh,2026-10-03T18:36:20.032921+09:00
20260911,13,尼崎,4,20260911-13-04,6,3548,室田泰史,56,福井,54.0,A2,5.13,33.04,4.86,28.57,3,36.36,13,33.33,32544 4,8,https://www1.mbrace.or.jp/od2/B/202609/b260911.lzh,2026-10-03T18:36:20.032921+09:00
20260911,13,尼崎,5,20260911-13-05,1,4042,丸岡正典,47,大阪,53.0,A2,6.85,47.83,5.79,28.57,51,27.1,63,25.47,21154 15,10,https://www1.mbrace.or.jp/od2/B/202609/b260911.lzh,2026-10-03T18:36:20.032921+09:00
20260911,13,尼崎,5,20260911-13-05,2,4039,村上功祐,47,大阪,57.0,B1,5.84,44.23,5.26,30.43,27,23.4,26,48.57,4 22464,9,https://www1.mbrace.or.jp/od2/B/202609/b260911.lzh,2026-10-03T18:36:20.032921+09:00
20260911,13,尼崎,5,20260911-13-05,3,3975,小野寺智,49,香川,51.0,A2,5.47,34.26,6.13,35.9,42,17.92,53,30.39,6 33131,9,https://www1.mbrace.or.jp/od2/B/202609/b260911.lzh,2026-10-03T18:36:20.032921+09:00
20260911,13,尼崎,5,20260911-13-05,4,4729,佐藤謙史,37,福岡,55.0,B1,4.45,23.08,3.43,14.29,31,31.48,75,39.0,4 255 42,1,https://www1.mbrace.or.jp/od2/B/202609/b260911.lzh,2026-10-03T18:36:20.032921+09:00
20260911,13,尼崎,5,20260911-13-05,5,5307,富永夏哉,23,佐賀,51.0,B1,4.5,27.66,0.0,0.0,36,36.45,66,27.72,353 3 66,1,https://www1.mbrace.or.jp/od2/B/202609/b260911.lzh,2026-10-03T18:36:20.032921+09:00
20260911,13,尼崎,5,20260911-13-05,6,4308,河村了,42,愛知,52.0,A1,6.73,46.55,7.14,60.71,12,46.73,33,32.04,42113523,11,https://www1.mbrace.or.jp/od2/B/202609/b260911.lzh,2026-10-03T18:36:20.032921+09:00
20260911,13,尼崎,6,20260911-13-06,1,4079,出畑孝典,47,福岡,53.0,A2,6.06,41.18,5.64,18.18,1,35.24,40,23.76,2 161666,10,https://www1.mbrace.or.jp/od2/B/202609/b260911.lzh,2026-10-03T18:36:20.032921+09:00
20260911,13,尼崎,6,20260911-13-06,2,3870,寺嶋雄,50,福井,52.0,B1,4.19,18.95,4.16,13.64,10,33.03,46,37.37,6 666 56,,https://www1.mbrace.or.jp/od2/B/202609/b260911.lzh,2026-10-03T18:36:20.032921+09:00
20260911,13,尼崎,6,20260911-13-06,3,4672,守屋大地,40,岡山,52.0,B1,4.44,27.84,3.79,14.29,39,47.62,52,26.73,2 265 53,1,https://www1.mbrace.or.jp/od2/B/202609/b260911.lzh,2026-10-03T18:36:20.032921+09:00
20260911,13,尼崎,6,20260911-13-06,4,4184,渡邊雄一,40,大阪,52.0,A1,7.2,57.78,6.52,42.62,63,43.81,23,32.08,13123314,10,https://www1.mbrace.or.jp/od2/B/202609/b260911.lzh,2026-10-03T18:36:20.032921+09:00
20260911,13,尼崎,6,20260911-13-06,5,3584,佐々木英,53,広島,54.0,B1,4.98,33.68,5.12,32.0,58,20.62,51,29.52,552 543,2,https://www1.mbrace.or.jp/od2/B/202609/b260911.lzh,2026-10-03T18:36:20.032921+09:00
20260911,13,尼崎,6,20260911-13-06,6,4176,樋口喜彦,43,兵庫,53.0,B2,3.35,15.79,4.21,17.46,26,39.81,15,32.04,5 454 35,2,https://www1.mbrace.or.jp/od2/B/202609/b260911.lzh,2026-10-03T18:36:20.032921+09:00
20260911,13,尼崎,7,20260911-13-07,1,4608,荒井翔伍,36,東京,56.0,A2,5.99,41.91,7.43,71.43,62,26.53,67,25.96,142 2524,11,https://www1.mbrace.or.jp/od2/B/202609/b260911.lzh,2026-10-03T18:36:20.032921+09:00
20260911,13,尼崎,7,20260911-13-07,2,3838,伊藤啓三,51,埼玉,53.0,B1,5.44,33.33,5.15,30.0,9,43.4,27,17.82,235 461,3,https://www1.mbrace.or.jp/od2/B/202609/b260911.lzh,2026-10-03T18:36:20.032921+09:00
20260911,13,尼崎,7,20260911-13-07,3,3581,加木郁,53,山口,54.0,B1,5.55,37.25,4.81,14.81,33,25.74,32,30.77,3 556 25,2,https://www1.mbrace.or.jp/od2/B/202609/b260911.lzh,2026-10-03T18:36:20.032921+09:00
20260911,13,尼崎,7,20260911-13-07,4,5089,前田翔,26,愛知,52.0,A1,7.2,57.61,7.5,60.0,54,40.91,25,29.52,15312213,11,https://www1.mbrace.or.jp/od2/B/202609/b260911.lzh,2026-10-03T18:36:20.032921+09:00
20260911,13,尼崎,7,20260911-13-07,5,5372,上岡巧汰,23,広島,53.0,B2,2.08,3.33,3.0,0.0,61,45.37,57,36.54,5 6 6655,2,https://www1.mbrace.or.jp/od2/B/202609/b260911.lzh,2026-10-03T18:36:20.032921+09:00
20260911,13,尼崎,7,20260911-13-07,6,3860,松本浩貴,53,埼玉,52.0,B1,3.6,13.58,4.11,22.22,40,43.81,61,30.19,636 6 41,,https://www1.mbrace.or.jp/od2/B/202609/b260911.lzh,2026-10-03T18:36:20.032921+09:00
20260911,13,尼崎,8,20260911-13-08,1,3548,室田泰史,56,福井,54.0,A2,5.13,33.04,4.86,28.57,3,36.36,13,33.33,32544 4,4,https://www1.mbrace.or.jp/od2/B/202609/b260911.lzh,2026-10-03T18:36:20.032921+09:00
20260911,13,尼崎,8,20260911-13-08,2,4049,荒川健太,45,三重,57.0,A2,6.16,41.44,5.03,34.38,46,30.77,19,40.57,515 555,4,https://www1.mbrace.or.jp/od2/B/202609/b260911.lzh,2026-10-03T18:36:20.032921+09:00
20260911,13,尼崎,8,20260911-13-08,3,4750,井上尚悟,39,大阪,52.0,B1,5.32,34.44,4.6,20.0,53,30.48,22,29.13,265 356,2,https://www1.mbrace.or.jp/od2/B/202609/b260911.lzh,2026-10-03T18:36:20.032921+09:00
20260911,13,尼崎,8,20260911-13-08,4,5244,黒田剛,26,福岡,52.0,B1,3.9,18.06,4.25,12.5,44,36.79,21,46.67,5 444 26,2,https://www1.mbrace.or.jp/od2/B/202609/b260911.lzh,2026-10-03T18:36:20.032921+09:00
20260911,13,尼崎,8,20260911-13-08,5,3577,向所浩二,53,兵庫,59.0,B1,4.34,17.11,5.04,32.14,5,37.04,48,29.81,5 561 22,3,https://www1.mbrace.or.jp/od2/B/202609/b260911.lzh,2026-10-03T18:36:20.032921+09:00
20260911,13,尼崎,8,20260911-13-08,6,4036,金田諭,47,埼玉,52.0,A1,6.37,44.23,6.3,50.0,21,19.81,69,25.74,4146233,,https://www1.mbrace.or.jp/od2/B/202609/b260911.lzh,2026-10-03T18:36:20.032921+09:00
20260911,13,尼崎,9,20260911-13-09,1,4172,森定晃史,43,岡山,52.0,A2,5.94,38.74,6.7,60.0,41,17.44,59,38.83,46414 4,3,https://www1.mbrace.or.jp/od2/B/202609/b260911.lzh,2026-10-03T18:36:20.032921+09:00
20260911,13,尼崎,9,20260911-13-09,2,2878,富山弘幸,68,大阪,54.0,B1,5.54,31.76,6.17,44.44,55,44.44,58,28.04,253 261,4,https://www1.mbrace.or.jp/od2/B/202609/b260911.lzh,2026-10-03T18:36:20.032921+09:00
20260911,13,尼崎,9,20260911-13-09,3,3663,木山和幸,56,広島,50.0,B1,5.38,35.05,4.57,21.43,43,15.73,28,25.49,423 453,1,https://www1.mbrace.or.jp/od2/B/202609/b260911.lzh,2026-10-03T18:36:20.032921+09:00
20260911,13,尼崎,9,20260911-13-09,4,3853,岩崎正哉,54,福岡,53.0,A2,5.9,38.1,6.35,45.16,19,26.04,35,36.79,4 44514,4,https://www1.mbrace.or.jp/od2/B/202609/b260911.lzh,2026-10-03T18:36:20.032921+09:00
20260911,13,尼崎,9,20260911-13-09,5,4039,村上功祐,47,大阪,57.0,B1,5.84,44.23,5.26,30.43,27,23.4,26,48.57,4 22464,5,https://www1.mbrace.or.jp/od2/B/202609/b260911.lzh,2026-10-03T18:36:20.032921+09:00
20260911,13,尼崎,9,20260911-13-09,6,3975,小野寺智,49,香川,51.0,A2,5.47,34.26,6.13,35.9,42,17.92,53,30.39,6 33131,5,https://www1.mbrace.or.jp/od2/B/202609/b260911.lzh,2026-10-03T18:36:20.032921+09:00
20260911,13,尼崎,10,20260911-13-10,1,4121,富永修一,44,福岡,53.0,A2,5.87,42.17,6.0,36.84,28,25.77,49,36.45,262 2243,3,https://www1.mbrace.or.jp/od2/B/202609/b260911.lzh,2026-10-03T18:36:20.032921+09:00
20260911,13,尼崎,10,20260911-13-10,2,4184,渡邊雄一,40,大阪,52.0,A1,7.2,57.78,6.52,42.62,63,43.81,23,32.08,13123314,6,https://www1.mbrace.or.jp/od2/B/202609/b260911.lzh,2026-10-03T18:36:20.032921+09:00
20260911,13,尼崎,10,20260911-13-10,3,4515,藤田浩人,40,佐賀,54.0,A2,5.53,33.88,5.36,36.36,23,54.81,17,20.0,343 1334,3,https://www1.mbrace.or.jp/od2/B/202609/b260911.lzh,2026-10-03T18:36:20.032921+09:00
20260911,13,尼崎,10,20260911-13-10,4,4042,丸岡正典,47,大阪,53.0,A2,6.85,47.83,5.79,28.57,51,27.1,63,25.47,21154 15,5,https://www1.mbrace.or.jp/od2/B/202609/b260911.lzh,2026-10-03T18:36:20.032921+09:00
20260911,13,尼崎,10,20260911-13-10,5,4251,川崎誠志,43,山口,53.0,B1,4.6,23.66,4.39,15.15,4,49.52,55,38.68,6 121 36,4,https://www1.mbrace.or.jp/od2/B/202609/b260911.lzh,2026-10-03T18:36:20.032921+09:00
20260911,13,尼崎,10,20260911-13-10,6,4079,出畑孝典,47,福岡,53.0,A2,6.06,41.18,5.64,18.18,1,35.24,40,23.76,2 161666,6,https://www1.mbrace.or.jp/od2/B/202609/b260911.lzh,2026-10-03T18:36:20.032921+09:00
20260911,13,尼崎,11,20260911-13-11,1,4308,河村了,42,愛知,52.0,A1,6.73,46.55,7.14,60.71,12,46.73,33,32.04,42113523,5,https://www1.mbrace.or.jp/od2/B/202609/b260911.lzh,2026-10-03T18:36:20.032921+09:00
20260911,13,尼崎,11,20260911-13-11,2,5089,前田翔,26,愛知,52.0,A1,7.2,57.61,7.5,60.0,54,40.91,25,29.52,15312213,7,https://www1.mbrace.or.jp/od2/B/202609/b260911.lzh,2026-10-03T18:36:20.032921+09:00
20260911,13,尼崎,11,20260911-13-11,3,4608,荒井翔伍,36,東京,56.0,A2,5.99,41.91,7.43,71.43,62,26.53,67,25.96,142 2524,7,https://www1.mbrace.or.jp/od2/B/202609/b260911.lzh,2026-10-03T18:36:20.032921+09:00
20260911,13,尼崎,11,20260911-13-11,4,3984,坂口周,48,三重,54.0,A1,6.27,40.16,6.66,51.43,59,20.0,54,33.96,46423135,1,https://www1.mbrace.or.jp/od2/B/202609/b260911.lzh,2026-10-03T18:36:20.032921+09:00
20260911,13,尼崎,11,20260911-13-11,5,4247,齊藤優,44,徳島,55.0,B1,5.3,32.56,4.38,18.0,14,27.55,34,43.12,152 3425,3,https://www1.mbrace.or.jp/od2/B/202609/b260911.lzh,2026-10-03T18:36:20.032921+09:00
20260911,13,尼崎,11,20260911-13-11,6,4902,山川雄大,33,兵庫,52.0,B1,4.26,28.74,4.94,32.76,37,39.09,39,33.33,125 3 56,4,https://www1.mbrace.or.jp/od2/B/202609/b260911.lzh,2026-10-03T18:36:20.032921+09:00
20260911,13,尼崎,12,20260911-13-12,1,4002,古結宏,48,兵庫,53.0,A1,6.5,48.67,7.12,56.17,2,33.64,36,46.32,11141221,,https://www1.mbrace.or.jp/od2/B/202609/b260911.lzh,2026-10-03T18:36:20.032921+09:00
20260911,13,尼崎,12,20260911-13-12,2,5339,石井伸長,26,香川,50.0,B1,4.88,31.94,7.71,71.43,16,42.86,60,31.37,123 1311,,https://www1.mbrace.or.jp/od2/B/202609/b260911.lzh,2026-10-03T18:36:20.032921+09:00
20260911,13,尼崎,12,20260911-13-12,3,4297,山田哲也,43,東京,51.0,A1,6.3,45.1,6.69,51.72,17,39.81,41,34.74,34212141,,https://www1.mbrace.or.jp/od2/B/202609/b260911.lzh,2026-10-03T18:36:20.032921+09:00
20260911,13,尼崎,12,20260911-13-12,4,4152,深水慎一,46,東京,52.0,A2,5.27,38.04,5.82,47.06,24,29.63,68,24.73,4 131232,,https://www1.mbrace.or.jp/od2/B/202609/b260911.lzh,2026-10-03T18:36:20.032921+09:00
20260911,13,尼崎,12,20260911-13-12,5,5328,井上慧人,22,福岡,54.0,B1,4.1,18.39,0.0,0.0,30,25.77,24,26.92,3 132 12,,https://www1.mbrace.or.jp/od2/B/202609/b260911.lzh,2026-10-03T18:36:20.032921+09:00
20260911,13,尼崎,12,20260911-13-12,6,3574,大神康司,54,福岡,54.0,A1,6.19,47.06,4.56,31.25,47,22.55,11,29.41,13344152,,https://www1.mbrace.or.jp/od2/B/202609/b260911.lzh,2026-10-03T18:36:20.032921+09:00
20260911,12,住之江,1,20260911-12-01,1,4047,吉永浩則,46,大阪,53.0,B1,3.32,16.67,4.63,32.14,76,17.58,63,27.87,,,https://www1.mbrace.or.jp/od2/B/202609/b260911.lzh,2026-10-03T18:36:20.032921+09:00
20260911,12,住之江,1,20260911-12-01,2,4626,伊藤紘章,40,愛知,51.0,B1,4.03,23.08,5.33,33.33,63,25.0,76,33.33,,6,https://www1.mbrace.or.jp/od2/B/202609/b260911.lzh,2026-10-03T18:36:20.032921+09:00
20260911,12,住之江,1,20260911-12-01,3,4727,安部慎一,39,福岡,55.0,B1,4.14,15.71,3.83,16.67,32,33.33,25,26.74,,,https://www1.mbrace.or.jp/od2/B/202609/b260911.lzh,2026-10-03T18:36:20.032921+09:00
20260911,12,住之江,1,20260911-12-01,4,3630,黒田誠司,56,静岡,55.0,B1,3.74,16.67,4.08,15.38,59,25.0,18,28.05,,7,https://www1.mbrace.or.jp/od2/B/202609/b260911.lzh,2026-10-03T18:36:20.032921+09:00
20260911,12,住之江,1,20260911-12-01,5,4229,市川美宏,43,静岡,54.0,B1,4.27,19.23,4.23,15.38,13,28.42,75,34.07,,8,https://www1.mbrace.or.jp/od2/B/202609/b260911.lzh,2026-10-03T18:36:20.032921+09:00
20260911,12,住之江,1,20260911-12-01,6,3558,山本浩次,53,岡山,54.0,B1,4.91,25.81,4.09,15.63,30,26.8,20,32.26,,9,https://www1.mbrace.or.jp/od2/B/202609/b260911.lzh,2026-10-03T18:36:20.032921+09:00
20260911,12,住之江,2,20260911-12-02,1,4898,菊地敬介,34,埼玉,55.0,B1,4.47,22.67,0.0,0.0,26,26.8,11,34.04,,7,https://www1.mbrace.or.jp/od2/B/202609/b260911.lzh,2026-10-03T18:36:20.032921+09:00
20260911,12,住之江,2,20260911-12-02,2,4724,吉田祐貴,40,佐賀,55.0,B1,3.56,9.09,2.78,11.11,55,40.4,69,42.17,,,https://www1.mbrace.or.jp/od2/B/202609/b260911.lzh,2026-10-03T18:36:20.032921+09:00
20260911,12,住之江,2,20260911-12-02,3,4063,市橋卓士,47,徳島,53.0,A1,6.13,40.0,5.84,45.95,33,31.25,29,34.07,,12,https://www1.mbrace.or.jp/od2/B/202609/b260911.lzh,2026-10-03T18:36:20.032921+09:00
20260911,12,住之江,2,20260911-12-02,4,3775,泉啓文,52,岡山,59.0,B1,3.82,19.59,4.43,28.57,24,45.74,82,48.1,,10,https://www1.mbrace.or.jp/od2/B/202609/b260911.lzh,2026-10-03T18:36:20.032921+09:00
20260911,12,住之江,2,20260911-12-02,5,3757,畑和宏,54,広島,53.0,A2,5.43,39.76,0.0,0.0,38,50.52,86,29.41,,11,https://www1.mbrace.or.jp/od2/B/202609/b260911.lzh,2026-10-03T18:36:20.032921+09:00
20260911,12,住之江,2,20260911-12-02,6,4416,三宅健太,39,広島,53.0,B1,5.42,37.36,0.0,0.0,11,40.59,36,36.36,,,https://www1.mbrace.or.jp/od2/B/202609/b260911.lzh,2026-10-03T18:36:20.032921+09:00
20260911,12,住之江,3,20260911-12-03,1,4253,西川真人,43,滋賀,56.0,B1,4.35,18.87,4.17,30.43,39,40.21,13,36.96,,,https://www1.mbrace.or.jp/od2/B/202609/b260911.lzh,2026-10-03T18:36:20.032921+09:00
20260911,12,住之江,3,20260911-12-03,2,4311,岡村仁,42,大阪,56.0,A1,6.39,50.54,6.58,49.31,77,34.74,28,37.5,,12,https://www1.mbrace.or.jp/od2/B/202609/b260911.lzh,2026-10-03T18:36:20.032921+09:00
20260911,12,住之江,3,20260911-12-03,3,5321,一色颯輝,24,愛知,55.0,B1,4.86,31.51,4.11,33.33,73,35.64,56,31.76,,11,https://www1.mbrace.or.jp/od2/B/202609/b260911.lzh,2026-10-03T18:36:20.032921+09:00
20260911,12,住之江,3,20260911-12-03,4,4962,畑竜生,30,三重,52.0,A2,5.5,37.72,5.55,34.69,21,21.88,39,28.05,,10,https://www1.mbrace.or.jp/od2/B/202609/b260911.lzh,2026-10-03T18:36:20.032921+09:00
20260911,12,住之江,3,20260911-12-03,5,3955,眞田英二,49,徳島,51.0,B2,4.75,29.33,5.54,26.92,75,31.82,59,48.78,,8,https://www1.mbrace.or.jp/od2/B/202609/b260911.lzh,2026-10-03T18:36:20.032921+09:00
20260911,12,住之江,3,20260911-12-03,6,3293,宮内由紀,61,東京,52.0,B1,3.4,10.71,2.95,9.09,84,33.0,62,27.71,,7,https://www1.mbrace.or.jp/od2/B/202609/b260911.lzh,2026-10-03T18:36:20.032921+09:00
20260911,12,住之江,4,20260911-12-04,1,4060,島田一生,47,福岡,58.0,B1,4.68,29.67,4.89,30.43,51,45.65,66,32.95,,,https://www1.mbrace.or.jp/od2/B/202609/b260911.lzh,2026-10-03T18:36:20.032921+09:00
20260911,12,住之江,4,20260911-12-04,2,3477,近藤稔也,56,徳島,53.0,B1,3.86,13.92,3.44,22.22,53,35.05,52,30.11,,,https://www1.mbrace.or.jp/od2/B/202609/b260911.lzh,2026-10-03T18:36:20.032921+09:00
20260911,12,住之江,4,20260911-12-04,3,3471,赤峰和也,56,佐賀,54.0,B1,4.01,17.28,4.52,19.05,12,25.0,79,39.74,,8,https://www1.mbrace.or.jp/od2/B/202609/b260911.lzh,2026-10-03T18:36:20.032921+09:00
20260911,12,住之江,4,20260911-12-04,4,3502,渡邉英児,57,静岡,53.0,A2,5.73,37.17,5.84,40.35,58,39.18,22,44.83,,11,https://www1.mbrace.or.jp/od2/B/202609/b260911.lzh,2026-10-03T18:36:20.032921+09:00
20260911,12,住之江,4,20260911-12-04,5,4875,大塚康雅,32,東京,50.0,B1,5.47,36.46,5.91,45.45,20,44.33,87,33.72,,10,https://www1.mbrace.or.jp/od2/B/202609/b260911.lzh,2026-10-03T18:36:20.032921+09:00
20260911,12,住之江,4,20260911-12-04,6,4218,吉川喜継,45,滋賀,52.0,A1,6.48,50.96,7.29,57.35,17,36.08,37,30.77,,12,https://www1.mbrace.or.jp/od2/B/202609/b260911.lzh,2026-10-03T18:36:20.032921+09:00
20260911,12,住之江,5,20260911-12-05,1,4287,今井貴士,42,福岡,57.0,A2,6.46,47.66,7.59,72.41,78,16.67,55,37.63,,11,https://www1.mbrace.or.jp/od2/B/202609/b260911.lzh,2026-10-03T18:36:20.032921+09:00
20260911,12,住之江,5,20260911-12-05,2,5110,杉山喜一,27,静岡,52.0,B1,4.79,29.17,4.57,28.57,68,25.56,33,39.78,,,https://www1.mbrace.or.jp/od2/B/202609/b260911.lzh,2026-10-03T18:36:20.032921+09:00
20260911,12,住之江,5,20260911-12-05,3,4404,岸蔭亮,41,兵庫,54.0,B1,3.62,13.11,4.56,32.0,27,41.05,16,29.9,,9,https://www1.mbrace.or.jp/od2/B/202609/b260911.lzh,2026-10-03T18:36:20.032921+09:00
20260911,12,住之江,5,20260911-12-05,4,5187,小坂風太,26,福井,58.0,B2,3.06,4.76,5.33,16.67,57,41.0,88,35.56,,,https://www1.mbrace.or.jp/od2/B/202609/b260911.lzh,2026-10-03T18:36:20.032921+09:00
20260911,12,住之江,5,20260911-12-05,5,3718,伊達正利,51,静岡,56.0,B1,4.44,23.6,0.0,0.0,79,39.18,57,32.97,,,https://www1.mbrace.or.jp/od2/B/202609/b260911.lzh,2026-10-03T18:36:20.032921+09:00
20260911,12,住之江,5,20260911-12-05,6,4375,照屋厚仁,42,兵庫,51.0,A2,5.85,38.74,6.07,43.33,82,37.76,80,31.46,,10,https://www1.mbrace.or.jp/od2/B/202609/b260911.lzh,2026-10-03T18:36:20.032921+09:00
20260911,12,住之江,6,20260911-12-06,1,4260,中越博紀,42,香川,55.0,B1,5.86,45.76,4.95,38.1,80,50.0,21,34.44,,,https://www1.mbrace.or.jp/od2/B/202609/b260911.lzh,2026-10-03T18:36:20.032921+09:00
20260911,12,住之江,6,20260911-12-06,2,5009,大賀龍之,29,福岡,55.0,A2,5.36,36.0,5.0,37.5,28,30.69,61,29.21,,,https://www1.mbrace.or.jp/od2/B/202609/b260911.lzh,2026-10-03T18:36:20.032921+09:00
20260911,12,住之江,6,20260911-12-06,3,3300,川崎智幸,59,岡山,53.0,A2,5.88,41.51,6.0,42.11,72,31.63,74,25.0,,,https://www1.mbrace.or.jp/od2/B/202609/b260911.lzh,2026-10-03T18:36:20.032921+09:00
20260911,12,住之江,6,20260911-12-06,4,4626,伊藤紘章,40,愛知,51.0,B1,4.03,23.08,5.33,33.33,63,25.0,76,33.33,,1,https://www1.mbrace.or.jp/od2/B/202609/b260911.lzh,2026-10-03T18:36:20.032921+09:00
20260911,12,住之江,6,20260911-12-06,5,3957,大谷直弘,49,愛知,55.0,B1,4.82,25.69,3.29,14.29,60,39.18,70,20.43,,10,https://www1.mbrace.or.jp/od2/B/202609/b260911.lzh,2026-10-03T18:36:20.032921+09:00
20260911,12,住之江,6,20260911-12-06,6,5158,宮脇遼太,28,福岡,54.0,A1,6.31,52.21,7.19,62.5,85,35.42,31,37.36,,12,https://www1.mbrace.or.jp/od2/B/202609/b260911.lzh,2026-10-03T18:36:20.032921+09:00
20260911,12,住之江,7,20260911-12-07,1,3630,黒田誠司,56,静岡,55.0,B1,3.74,16.67,4.08,15.38,59,25.0,18,28.05,,1,https://www1.mbrace.or.jp/od2/B/202609/b260911.lzh,2026-10-03T18:36:20.032921+09:00
20260911,12,住之江,7,20260911-12-07,2,3293,宮内由紀,61,東京,52.0,B1,3.4,10.71,2.95,9.09,84,33.0,35,30.61,,3,https://www1.mbrace.or.jp/od2/B/202609/b260911.lzh,2026-10-03T18:36:20.032921+09:00
20260911,12,住之江,7,20260911-12-07,3,3654,武田光史,52,福井,52.0,A2,6.9,57.01,7.16,56.25,36,15.63,30,41.67,,,https://www1.mbrace.or.jp/od2/B/202609/b260911.lzh,2026-10-03T18:36:20.032921+09:00
20260911,12,住之江,7,20260911-12-07,4,4959,井上忠政,30,大阪,52.0,A1,7.51,56.3,6.82,50.84,71,31.68,14,29.47,,12,https://www1.mbrace.or.jp/od2/B/202609/b260911.lzh,2026-10-03T18:36:20.032921+09:00
20260911,12,住之江,7,20260911-12-07,5,4898,菊地敬介,34,埼玉,55.0,B1,4.47,22.67,0.0,0.0,26,26.8,11,34.04,,2,https://www1.mbrace.or.jp/od2/B/202609/b260911.lzh,2026-10-03T18:36:20.032921+09:00
20260911,12,住之江,7,20260911-12-07,6,5093,浦野海,24,福岡,56.0,B2,3.16,11.11,5.28,36.0,31,21.84,85,32.22,,,https://www1.mbrace.or.jp/od2/B/202609/b260911.lzh,2026-10-03T18:36:20.032921+09:00
20260911,12,住之江,8,20260911-12-08,1,4229,市川美宏,43,静岡,54.0,B1,4.27,19.23,4.23,15.38,13,28.42,75,34.07,,1,https://www1.mbrace.or.jp/od2/B/202609/b260911.lzh,2026-10-03T18:36:20.032921+09:00
20260911,12,住之江,8,20260911-12-08,2,4679,植田太一,37,福岡,59.0,A2,6.2,47.46,6.7,51.85,81,29.89,84,24.14,,,https://www1.mbrace.or.jp/od2/B/202609/b260911.lzh,2026-10-03T18:36:20.032921+09:00
20260911,12,住之江,8,20260911-12-08,3,3955,眞田英二,49,徳島,51.0,B2,4.75,29.33,5.54,26.92,75,31.82,59,48.78,,3,https://www1.mbrace.or.jp/od2/B/202609/b260911.lzh,2026-10-03T18:36:20.032921+09:00
20260911,12,住之江,8,20260911-12-08,4,5285,若林麗,27,東京,51.0,B1,3.39,10.81,2.81,7.41,52,31.0,27,26.6,,,https://www1.mbrace.or.jp/od2/B/202609/b260911.lzh,2026-10-03T18:36:20.032921+09:00
20260911,12,住之江,8,20260911-12-08,5,5043,中村日向,27,香川,53.0,A1,7.24,61.16,5.0,14.29,83,25.81,89,32.93,,12,https://www1.mbrace.or.jp/od2/B/202609/b260911.lzh,2026-10-03T18:36:20.032921+09:00
20260911,12,住之江,8,20260911-12-08,6,3471,赤峰和也,56,佐賀,54.0,B1,4.01,17.28,4.52,19.05,12,25.0,79,39.74,,4,https://www1.mbrace.or.jp/od2/B/202609/b260911.lzh,2026-10-03T18:36:20.032921+09:00
20260911,12,住之江,9,20260911-12-09,1,4401,小林泰,41,東京,53.0,A2,5.85,40.66,7.08,58.33,15,29.17,19,22.92,,,https://www1.mbrace.or.jp/od2/B/202609/b260911.lzh,2026-10-03T18:36:20.032921+09:00
20260911,12,住之江,9,20260911-12-09,2,4710,福田宗平,36,大阪,52.0,A2,5.64,35.48,5.84,48.65,61,32.32,51,39.8,,,https://www1.mbrace.or.jp/od2/B/202609/b260911.lzh,2026-10-03T18:36:20.032921+09:00
20260911,12,住之江,9,20260911-12-09,3,3558,山本浩次,53,岡山,54.0,B1,4.91,25.81,4.09,15.63,30,26.8,20,32.26,,1,https://www1.mbrace.or.jp/od2/B/202609/b260911.lzh,2026-10-03T18:36:20.032921+09:00
20260911,12,住之江,9,20260911-12-09,4,4579,中嶋健一,37,三重,53.0,A2,6.21,40.38,6.68,48.0,50,24.21,50,36.08,,,https://www1.mbrace.or.jp/od2/B/202609/b260911.lzh,2026-10-03T18:36:20.032921+09:00
20260911,12,住之江,9,20260911-12-09,5,4404,岸蔭亮,41,兵庫,54.0,B1,3.62,13.11,4.56,32.0,27,41.05,16,29.9,,5,https://www1.mbrace.or.jp/od2/B/202609/b260911.lzh,2026-10-03T18:36:20.032921+09:00
20260911,12,住之江,9,20260911-12-09,6,4836,大谷健太,37,埼玉,52.0,B1,4.91,27.66,4.22,25.0,25,30.61,34,32.14,,,https://www1.mbrace.or.jp/od2/B/202609/b260911.lzh,2026-10-03T18:36:20.032921+09:00
20260911,12,住之江,10,20260911-12-10,1,4624,高田明,41,佐賀,50.0,A1,6.42,48.42,6.38,46.15,69,35.87,78,27.37,,,https://www1.mbrace.or.jp/od2/B/202609/b260911.lzh,2026-10-03T18:36:20.032921+09:00
20260911,12,住之江,10,20260911-12-10,2,4875,大塚康雅,32,東京,50.0,B1,5.47,36.46,5.91,45.45,20,44.33,87,33.72,,4,https://www1.mbrace.or.jp/od2/B/202609/b260911.lzh,2026-10-03T18:36:20.032921+09:00
20260911,12,住之江,10,20260911-12-10,3,4375,照屋厚仁,42,兵庫,51.0,A2,5.85,38.74,6.07,43.33,82,37.76,80,31.46,,5,https://www1.mbrace.or.jp/od2/B/202609/b260911.lzh,2026-10-03T18:36:20.032921+09:00
20260911,12,住之江,10,20260911-12-10,4,3957,大谷直弘,49,愛知,55.0,B1,4.82,25.69,3.29,14.29,60,39.18,70,20.43,,6,https://www1.mbrace.or.jp/od2/B/202609/b260911.lzh,2026-10-03T18:36:20.032921+09:00
20260911,12,住之江,10,20260911-12-10,5,4962,畑竜生,30,三重,52.0,A2,5.5,37.72,5.55,34.69,21,21.88,39,28.05,,3,https://www1.mbrace.or.jp/od2/B/202609/b260911.lzh,2026-10-03T18:36:20.032921+09:00
20260911,12,住之江,10,20260911-12-10,6,3775,泉啓文,52,岡山,59.0,B1,3.82,19.59,4.43,28.57,24,45.74,82,48.1,,2,https://www1.mbrace.or.jp/od2/B/202609/b260911.lzh,2026-10-03T18:36:20.032921+09:00
20260911,12,住之江,11,20260911-12-11,1,4794,和田拓也,36,兵庫,55.0,A1,6.91,56.79,6.43,39.22,18,26.8,72,35.79,,,https://www1.mbrace.or.jp/od2/B/202609/b260911.lzh,2026-10-03T18:36:20.032921+09:00
20260911,12,住之江,11,20260911-12-11,2,3502,渡邉英児,57,静岡,53.0,A2,5.73,37.17,5.84,40.35,58,39.18,22,44.83,,4,https://www1.mbrace.or.jp/od2/B/202609/b260911.lzh,2026-10-03T18:36:20.032921+09:00
20260911,12,住之江,11,20260911-12-11,3,3757,畑和宏,54,広島,53.0,A2,5.43,39.76,0.0,0.0,38,50.52,86,29.41,,2,https://www1.mbrace.or.jp/od2/B/202609/b260911.lzh,2026-10-03T18:36:20.032921+09:00
20260911,12,住之江,11,20260911-12-11,4,5139,大場恒季,26,愛知,51.0,A1,6.73,52.81,6.04,46.81,70,39.0,81,38.64,,,https://www1.mbrace.or.jp/od2/B/202609/b260911.lzh,2026-10-03T18:36:20.032921+09:00
20260911,12,住之江,11,20260911-12-11,5,4287,今井貴士,42,福岡,57.0,A2,6.46,47.66,7.59,72.41,78,16.67,55,37.63,,5,https://www1.mbrace.or.jp/od2/B/202609/b260911.lzh,2026-10-03T18:36:20.032921+09:00
20260911,12,住之江,11,20260911-12-11,6,5321,一色颯輝,24,愛知,55.0,B1,4.86,31.51,4.11,33.33,73,35.64,56,31.76,,3,https://www1.mbrace.or.jp/od2/B/202609/b260911.lzh,2026-10-03T18:36:20.032921+09:00
20260911,12,住之江,12,20260911-12-12,1,4959,井上忠政,30,大阪,52.0,A1,7.51,56.3,6.82,50.84,71,31.68,14,29.47,,7,https://www1.mbrace.or.jp/od2/B/202609/b260911.lzh,2026-10-03T18:36:20.032921+09:00
20260911,12,住之江,12,20260911-12-12,2,4218,吉川喜継,45,滋賀,52.0,A1,6.48,50.96,7.29,57.35,17,36.08,37,30.77,,4,https://www1.mbrace.or.jp/od2/B/202609/b260911.lzh,2026-10-03T18:36:20.032921+09:00
20260911,12,住之江,12,20260911-12-12,3,5158,宮脇遼太,28,福岡,54.0,A1,6.31,52.21,7.19,62.5,85,35.42,31,37.36,,6,https://www1.mbrace.or.jp/od2/B/202609/b260911.lzh,2026-10-03T18:36:20.032921+09:00
20260911,12,住之江,12,20260911-12-12,4,5043,中村日向,27,香川,53.0,A1,7.24,61.16,5.0,14.29,83,25.81,89,32.93,,8,https://www1.mbrace.or.jp/od2/B/202609/b260911.lzh,2026-10-03T18:36:20.032921+09:00
20260911,12,住之江,12,20260911-12-12,5,4063,市橋卓士,47,徳島,53.0,A1,6.13,40.0,5.84,45.95,33,31.25,29,34.07,,2,https://www1.mbrace.or.jp/od2/B/202609/b260911.lzh,2026-10-03T18:36:20.032921+09:00
20260911,12,住之江,12,20260911-12-12,6,4311,岡村仁,42,大阪,56.0,A1,6.39,50.54,6.58,49.31,77,34.74,28,37.5,,3,https://www1.mbrace.or.jp/od2/B/202609/b260911.lzh,2026-10-03T18:36:20.032921+09:00
20260911,06,浜名湖,1,20260911-06-01,1,4068,幸田智裕,46,静岡,55.0,B1,4.74,22.12,4.97,28.83,48,42.98,66,35.38,,8,https://www1.mbrace.or.jp/od2/B/202609/b260911.lzh,2026-10-03T18:36:20.032921+09:00
20260911,06,浜名湖,1,20260911-06-01,2,4899,占部一真,34,福岡,52.0,B1,4.29,26.83,5.0,37.5,65,21.62,72,34.09,,9,https://www1.mbrace.or.jp/od2/B/202609/b260911.lzh,2026-10-03T18:36:20.032921+09:00
20260911,06,浜名湖,1,20260911-06-01,3,5369,岡崎凪汰,24,長崎,53.0,B1,3.24,14.46,0.0,0.0,62,43.43,19,34.27,,7,https://www1.mbrace.or.jp/od2/B/202609/b260911.lzh,2026-10-03T18:36:20.032921+09:00
20260911,06,浜名湖,1,20260911-06-01,4,4666,日笠勝弘,42,大阪,52.0,B1,4.02,19.75,4.77,30.77,14,32.99,33,32.88,,,https://www1.mbrace.or.jp/od2/B/202609/b260911.lzh,2026-10-03T18:36:20.032921+09:00
20260911,06,浜名湖,1,20260911-06-01,5,3306,武田正紀,58,埼玉,55.0,B1,4.03,20.21,4.33,11.11,31,30.49,35,36.7,,6,https://www1.mbrace.or.jp/od2/B/202609/b260911.lzh,2026-10-03T18:36:20.032921+09:00
20260911,06,浜名湖,1,20260911-06-01,6,3392,小森信雄,61,三重,52.0,B1,4.39,18.75,4.94,31.43,7,36.11,63,36.02,,11,https://www1.mbrace.or.jp/od2/B/202609/b260911.lzh,2026-10-03T18:36:20.032921+09:00
20260911,06,浜名湖,2,20260911-06-02,1,4431,石塚裕介,40,三重,52.0,B1,4.68,29.87,5.97,41.38,15,27.5,50,33.94,,,https://www1.mbrace.or.jp/od2/B/202609/b260911.lzh,2026-10-03T18:36:20.032921+09:00
20260911,06,浜名湖,2,20260911-06-02,2,4360,庄司孝輔,41,静岡,53.0,A2,5.62,33.96,5.62,33.33,46,49.49,34,39.09,,10,https://www1.mbrace.or.jp/od2/B/202609/b260911.lzh,2026-10-03T18:36:20.032921+09:00
20260911,06,浜名湖,2,20260911-06-02,3,4811,向井田佑,37,広島,49.0,B1,5.02,28.16,4.73,20.45,45,43.14,71,34.7,,9,https://www1.mbrace.or.jp/od2/B/202609/b260911.lzh,2026-10-03T18:36:20.032921+09:00
20260911,06,浜名湖,2,20260911-06-02,4,3939,渡辺真至,48,愛知,52.0,B2,5.07,31.94,6.03,40.63,54,32.65,57,33.49,,,https://www1.mbrace.or.jp/od2/B/202609/b260911.lzh,2026-10-03T18:36:20.032921+09:00
20260911,06,浜名湖,2,20260911-06-02,5,4381,田路朋史,41,兵庫,52.0,A2,5.69,41.11,6.73,50.0,17,39.64,53,33.63,,8,https://www1.mbrace.or.jp/od2/B/202609/b260911.lzh,2026-10-03T18:36:20.032921+09:00
20260911,06,浜名湖,2,20260911-06-02,6,3714,梶原正,51,福岡,55.0,B1,4.28,26.83,4.3,20.0,6,34.29,30,39.07,,7,https://www1.mbrace.or.jp/od2/B/202609/b260911.lzh,2026-10-03T18:36:20.032921+09:00
20260911,06,浜名湖,3,20260911-06-03,1,4336,松田竜馬,42,福岡,56.0,B1,5.08,31.46,5.09,30.3,13,40.68,76,34.88,,,https://www1.mbrace.or.jp/od2/B/202609/b260911.lzh,2026-10-03T18:36:20.032921+09:00
20260911,06,浜名湖,3,20260911-06-03,2,5091,為本智也,25,福井,52.0,B1,6.05,45.45,6.13,43.75,11,39.81,70,31.16,,10,https://www1.mbrace.or.jp/od2/B/202609/b260911.lzh,2026-10-03T18:36:20.032921+09:00
20260911,06,浜名湖,3,20260911-06-03,3,3777,樋口亮,51,長崎,52.0,A2,5.1,31.0,6.58,50.0,32,36.44,23,33.63,,11,https://www1.mbrace.or.jp/od2/B/202609/b260911.lzh,2026-10-03T18:36:20.032921+09:00
20260911,06,浜名湖,3,20260911-06-03,4,4369,丹下将,40,愛知,58.0,A2,5.64,38.46,5.9,44.83,16,32.38,17,35.48,,9,https://www1.mbrace.or.jp/od2/B/202609/b260911.lzh,2026-10-03T18:36:20.032921+09:00
20260911,06,浜名湖,3,20260911-06-03,5,3516,吉原聖人,58,広島,51.0,B1,4.74,33.33,4.44,22.22,1,41.53,15,35.14,,8,https://www1.mbrace.or.jp/od2/B/202609/b260911.lzh,2026-10-03T18:36:20.032921+09:00
20260911,06,浜名湖,3,20260911-06-03,6,4677,片橋幸貴,38,滋賀,54.0,A1,6.14,46.67,7.06,52.78,3,39.58,65,34.08,,12,https://www1.mbrace.or.jp/od2/B/202609/b260911.lzh,2026-10-03T18:36:20.032921+09:00
20260911,06,浜名湖,4,20260911-06-04,1,3811,石田章央,50,静岡,55.0,A1,6.15,47.62,6.01,42.86,20,43.24,14,35.75,,12,https://www1.mbrace.or.jp/od2/B/202609/b260911.lzh,2026-10-03T18:36:20.032921+09:00
20260911,06,浜名湖,4,20260911-06-04,2,4876,梅木敬太,32,福井,54.0,B1,4.96,30.19,2.9,10.0,41,28.57,21,40.36,,8,https://www1.mbrace.or.jp/od2/B/202609/b260911.lzh,2026-10-03T18:36:20.032921+09:00
20260911,06,浜名湖,4,20260911-06-04,3,3906,飯山晃三,48,長崎,63.0,B1,3.64,20.0,3.52,21.74,23,36.36,13,31.98,,10,https://www1.mbrace.or.jp/od2/B/202609/b260911.lzh,2026-10-03T18:36:20.032921+09:00
20260911,06,浜名湖,4,20260911-06-04,4,3796,長野道臣,53,静岡,55.0,B1,4.15,23.96,5.15,34.55,51,27.36,62,38.16,,,https://www1.mbrace.or.jp/od2/B/202609/b260911.lzh,2026-10-03T18:36:20.032921+09:00
20260911,06,浜名湖,4,20260911-06-04,5,4358,松本庸平,42,三重,50.0,B1,4.26,25.84,3.97,16.67,53,31.0,56,36.24,,9,https://www1.mbrace.or.jp/od2/B/202609/b260911.lzh,2026-10-03T18:36:20.032921+09:00
20260911,06,浜名湖,4,20260911-06-04,6,4639,雑賀勇貴,35,大阪,53.0,B1,4.14,22.58,4.0,23.53,49,31.86,46,32.29,,11,https://www1.mbrace.or.jp/od2/B/202609/b260911.lzh,2026-10-03T18:36:20.032921+09:00
20260911,06,浜名湖,5,20260911-06-05,1,3842,星野太郎,50,三重,54.0,B1,5.13,33.77,5.98,34.09,61,43.1,29,35.27,,,https://www1.mbrace.or.jp/od2/B/202609/b260911.lzh,2026-10-03T18:36:20.032921+09:00
20260911,06,浜名湖,5,20260911-06-05,2,3715,倉尾大介,51,福岡,54.0,A2,5.72,39.51,6.14,39.29,24,28.26,61,37.93,,9,https://www1.mbrace.or.jp/od2/B/202609/b260911.lzh,2026-10-03T18:36:20.032921+09:00
20260911,06,浜名湖,5,20260911-06-05,3,3286,坂東満,58,静岡,53.0,B2,3.44,19.3,5.58,34.52,52,36.45,22,36.45,,,https://www1.mbrace.or.jp/od2/B/202609/b260911.lzh,2026-10-03T18:36:20.032921+09:00
20260911,06,浜名湖,5,20260911-06-05,4,3627,井上恵一,57,福岡,54.0,A2,4.54,30.59,5.74,40.0,4,30.85,69,34.39,,11,https://www1.mbrace.or.jp/od2/B/202609/b260911.lzh,2026-10-03T18:36:20.032921+09:00
20260911,06,浜名湖,5,20260911-06-05,5,5353,草川壮良,22,滋賀,51.0,B1,3.31,13.46,0.0,0.0,26,41.32,18,35.02,,10,https://www1.mbrace.or.jp/od2/B/202609/b260911.lzh,2026-10-03T18:36:20.032921+09:00
20260911,06,浜名湖,5,20260911-06-05,6,5066,鈴木孝明,28,埼玉,54.0,A1,6.8,54.7,4.75,25.0,55,50.48,59,31.05,,12,https://www1.mbrace.or.jp/od2/B/202609/b260911.lzh,2026-10-03T18:36:20.032921+09:00
20260911,06,浜名湖,6,20260911-06-06,1,3306,武田正紀,58,埼玉,55.0,B1,4.03,20.21,4.33,11.11,31,30.49,35,36.7,,1,https://www1.mbrace.or.jp/od2/B/202609/b260911.lzh,2026-10-03T18:36:20.032921+09:00
20260911,06,浜名湖,6,20260911-06-06,2,4967,中村魁生,28,大阪,51.0,A1,6.35,42.73,6.72,46.88,44,36.45,43,30.15,,12,https://www1.mbrace.or.jp/od2/B/202609/b260911.lzh,2026-10-03T18:36:20.032921+09:00
20260911,06,浜名湖,6,20260911-06-06,3,4434,田中辰彦,40,広島,55.0,A2,6.1,45.19,5.67,44.44,66,35.42,24,37.33,,11,https://www1.mbrace.or.jp/od2/B/202609/b260911.lzh,2026-10-03T18:36:20.032921+09:00
20260911,06,浜名湖,6,20260911-06-06,4,3377,塚田修二,58,東京,54.0,B1,4.44,20.22,3.79,12.5,21,23.88,37,34.39,,,https://www1.mbrace.or.jp/od2/B/202609/b260911.lzh,2026-10-03T18:36:20.032921+09:00
20260911,06,浜名湖,6,20260911-06-06,5,4066,東本勝利,46,三重,53.0,A2,6.15,41.9,6.06,41.67,40,31.78,68,35.51,,10,https://www1.mbrace.or.jp/od2/B/202609/b260911.lzh,2026-10-03T18:36:20.032921+09:00
20260911,06,浜名湖,6,20260911-06-06,6,4684,楠原翔太,35,福岡,56.0,B1,5.42,33.64,3.61,16.67,22,42.99,25,36.92,,,https://www1.mbrace.or.jp/od2/B/202609/b260911.lzh,2026-10-03T18:36:20.032921+09:00
20260911,06,浜名湖,7,20260911-06-07,1,4345,西舘健,41,東京,54.0,A2,5.11,35.71,4.85,30.77,10,34.04,64,31.63,,,https://www1.mbrace.or.jp/od2/B/202609/b260911.lzh,2026-10-03T18:36:20.032921+09:00
20260911,06,浜名湖,7,20260911-06-07,2,3714,梶原正,51,福岡,55.0,B1,4.28,26.83,4.3,20.0,6,34.29,30,39.07,,2,https://www1.mbrace.or.jp/od2/B/202609/b260911.lzh,2026-10-03T18:36:20.032921+09:00
20260911,06,浜名湖,7,20260911-06-07,3,4798,浜先真範,33,広島,52.0,A1,6.64,46.28,6.24,47.62,5,45.05,60,31.22,,12,https://www1.mbrace.or.jp/od2/B/202609/b260911.lzh,2026-10-03T18:36:20.032921+09:00
20260911,06,浜名湖,7,20260911-06-07,4,5369,岡崎凪汰,24,長崎,53.0,B1,3.24,14.46,0.0,0.0,62,43.43,19,34.27,,1,https://www1.mbrace.or.jp/od2/B/202609/b260911.lzh,2026-10-03T18:36:20.032921+09:00
20260911,06,浜名湖,7,20260911-06-07,5,4269,杉山裕也,40,愛知,54.0,A2,7.25,60.71,0.0,0.0,37,44.64,45,42.47,,,https://www1.mbrace.or.jp/od2/B/202609/b260911.lzh,2026-10-03T18:36:20.032921+09:00
20260911,06,浜名湖,7,20260911-06-07,6,5463,出口飛龍,19,大阪,54.0,B2,1.2,0.0,0.0,0.0,63,44.66,41,31.9,,,https://www1.mbrace.or.jp/od2/B/202609/b260911.lzh,2026-10-03T18:36:20.032921+09:00
20260911,06,浜名湖,8,20260911-06-08,1,4381,田路朋史,41,兵庫,52.0,A2,5.69,41.11,6.73,50.0,17,39.64,53,33.63,,2,https://www1.mbrace.or.jp/od2/B/202609/b260911.lzh,2026-10-03T18:36:20.032921+09:00
20260911,06,浜名湖,8,20260911-06-08,2,4022,待鳥雄紀,46,福岡,58.0,B1,4.7,25.27,5.0,32.35,59,32.63,32,38.14,,,https://www1.mbrace.or.jp/od2/B/202609/b260911.lzh,2026-10-03T18:36:20.032921+09:00
20260911,06,浜名湖,8,20260911-06-08,3,3516,吉原聖人,58,広島,51.0,B1,4.74,33.33,4.44,22.22,1,41.53,15,35.14,,3,https://www1.mbrace.or.jp/od2/B/202609/b260911.lzh,2026-10-03T18:36:20.032921+09:00
20260911,06,浜名湖,8,20260911-06-08,4,3721,守田俊介,51,滋賀,53.0,A1,6.84,50.39,6.79,42.86,38,40.52,51,30.41,,12,https://www1.mbrace.or.jp/od2/B/202609/b260911.lzh,2026-10-03T18:36:20.032921+09:00
20260911,06,浜名湖,8,20260911-06-08,5,4068,幸田智裕,46,静岡,55.0,B1,4.74,22.12,4.97,28.83,48,42.98,66,35.38,,1,https://www1.mbrace.or.jp/od2/B/202609/b260911.lzh,2026-10-03T18:36:20.032921+09:00
20260911,06,浜名湖,8,20260911-06-08,6,4876,梅木敬太,32,福井,54.0,B1,4.96,30.19,2.9,10.0,41,28.57,21,40.36,,4,https://www1.mbrace.or.jp/od2/B/202609/b260911.lzh,2026-10-03T18:36:20.032921+09:00
20260911,06,浜名湖,9,20260911-06-09,1,4150,山田雄太,44,静岡,57.0,A2,5.95,42.2,6.14,43.55,34,32.69,44,40.98,,,https://www1.mbrace.or.jp/od2/B/202609/b260911.lzh,2026-10-03T18:36:20.032921+09:00
20260911,06,浜名湖,9,20260911-06-09,2,4369,丹下将,40,愛知,58.0,A2,5.64,38.46,5.9,44.83,16,32.38,17,35.48,,3,https://www1.mbrace.or.jp/od2/B/202609/b260911.lzh,2026-10-03T18:36:20.032921+09:00
20260911,06,浜名湖,9,20260911-06-09,3,4358,松本庸平,42,三重,50.0,B1,4.26,25.84,3.97,16.67,53,31.0,56,36.24,,4,https://www1.mbrace.or.jp/od2/B/202609/b260911.lzh,2026-10-03T18:36:20.032921+09:00
20260911,06,浜名湖,9,20260911-06-09,4,4899,占部一真,34,福岡,52.0,B1,4.29,26.83,5.0,37.5,65,21.62,72,34.09,,1,https://www1.mbrace.or.jp/od2/B/202609/b260911.lzh,2026-10-03T18:36:20.032921+09:00
20260911,06,浜名湖,9,20260911-06-09,5,4811,向井田佑,37,広島,49.0,B1,5.02,28.16,4.73,20.45,45,43.14,71,34.7,,2,https://www1.mbrace.or.jp/od2/B/202609/b260911.lzh,2026-10-03T18:36:20.032921+09:00
20260911,06,浜名湖,9,20260911-06-09,6,3715,倉尾大介,51,福岡,54.0,A2,5.72,39.51,6.14,39.29,24,28.26,31,28.57,,5,https://www1.mbrace.or.jp/od2/B/202609/b260911.lzh,2026-10-03T18:36:20.032921+09:00
20260911,06,浜名湖,10,20260911-06-10,1,4066,東本勝利,46,三重,53.0,A2,6.15,41.9,6.06,41.67,40,31.78,68,35.51,,6,https://www1.mbrace.or.jp/od2/B/202609/b260911.lzh,2026-10-03T18:36:20.032921+09:00
20260911,06,浜名湖,10,20260911-06-10,2,5353,草川壮良,22,滋賀,51.0,B1,3.31,13.46,0.0,0.0,26,41.32,18,35.02,,5,https://www1.mbrace.or.jp/od2/B/202609/b260911.lzh,2026-10-03T18:36:20.032921+09:00
20260911,06,浜名湖,10,20260911-06-10,3,4588,田中京介,35,福岡,57.0,A2,5.48,39.17,5.78,43.75,29,28.87,48,35.94,,,https://www1.mbrace.or.jp/od2/B/202609/b260911.lzh,2026-10-03T18:36:20.032921+09:00
20260911,06,浜名湖,10,20260911-06-10,4,4360,庄司孝輔,41,静岡,53.0,A2,5.62,33.96,5.62,33.33,46,49.49,34,39.09,,2,https://www1.mbrace.or.jp/od2/B/202609/b260911.lzh,2026-10-03T18:36:20.032921+09:00
20260911,06,浜名湖,10,20260911-06-10,5,3906,飯山晃三,48,長崎,63.0,B1,3.64,20.0,3.52,21.74,23,36.36,13,31.98,,4,https://www1.mbrace.or.jp/od2/B/202609/b260911.lzh,2026-10-03T18:36:20.032921+09:00
20260911,06,浜名湖,10,20260911-06-10,6,5091,為本智也,25,福井,52.0,B1,6.05,45.45,6.13,43.75,11,39.81,70,31.16,,3,https://www1.mbrace.or.jp/od2/B/202609/b260911.lzh,2026-10-03T18:36:20.032921+09:00
20260911,06,浜名湖,11,20260911-06-11,1,4654,篠田優也,40,兵庫,55.0,A1,6.49,45.16,7.18,60.71,19,33.63,58,38.67,,,https://www1.mbrace.or.jp/od2/B/202609/b260911.lzh,2026-10-03T18:36:20.032921+09:00
20260911,06,浜名湖,11,20260911-06-11,2,3627,井上恵一,57,福岡,54.0,A2,4.54,30.59,5.74,40.0,4,30.85,69,34.39,,5,https://www1.mbrace.or.jp/od2/B/202609/b260911.lzh,2026-10-03T18:36:20.032921+09:00
20260911,06,浜名湖,11,20260911-06-11,3,3392,小森信雄,61,三重,52.0,B1,4.39,18.75,4.94,31.43,7,36.11,63,36.02,,1,https://www1.mbrace.or.jp/od2/B/202609/b260911.lzh,2026-10-03T18:36:20.032921+09:00
20260911,06,浜名湖,11,20260911-06-11,4,4639,雑賀勇貴,35,大阪,53.0,B1,4.14,22.58,4.0,23.53,49,31.86,46,32.29,,4,https://www1.mbrace.or.jp/od2/B/202609/b260911.lzh,2026-10-03T18:36:20.032921+09:00
20260911,06,浜名湖,11,20260911-06-11,5,3777,樋口亮,51,長崎,52.0,A2,5.1,31.0,6.58,50.0,32,36.44,23,33.63,,3,https://www1.mbrace.or.jp/od2/B/202609/b260911.lzh,2026-10-03T18:36:20.032921+09:00
20260911,06,浜名湖,11,20260911-06-11,6,4434,田中辰彦,40,広島,55.0,A2,6.1,45.19,5.67,44.44,66,35.42,24,37.33,,6,https://www1.mbrace.or.jp/od2/B/202609/b260911.lzh,2026-10-03T18:36:20.032921+09:00
20260911,06,浜名湖,12,20260911-06-12,1,3721,守田俊介,51,滋賀,53.0,A1,6.84,50.39,6.79,42.86,38,40.52,51,30.41,,8,https://www1.mbrace.or.jp/od2/B/202609/b260911.lzh,2026-10-03T18:36:20.032921+09:00
20260911,06,浜名湖,12,20260911-06-12,2,5066,鈴木孝明,28,埼玉,54.0,A1,6.8,54.7,4.75,25.0,55,50.48,59,31.05,,5,https://www1.mbrace.or.jp/od2/B/202609/b260911.lzh,2026-10-03T18:36:20.032921+09:00
20260911,06,浜名湖,12,20260911-06-12,3,3811,石田章央,50,静岡,55.0,A1,6.15,47.62,6.01,42.86,20,43.24,14,35.75,,4,https://www1.mbrace.or.jp/od2/B/202609/b260911.lzh,2026-10-03T18:36:20.032921+09:00
20260911,06,浜名湖,12,20260911-06-12,4,4677,片橋幸貴,38,滋賀,54.0,A1,6.14,46.67,7.06,52.78,3,39.58,65,34.08,,3,https://www1.mbrace.or.jp/od2/B/202609/b260911.lzh,2026-10-03T18:36:20.032921+09:00
20260911,06,浜名湖,12,20260911-06-12,5,4798,浜先真範,33,広島,52.0,A1,6.64,46.28,6.24,47.62,5,45.05,60,31.22,,7,https://www1.mbrace.or.jp/od2/B/202609/b260911.lzh,2026-10-03T18:36:20.032921+09:00
20260911,06,浜名湖,12,20260911-06-12,6,4967,中村魁生,28,大阪,51.0,A1,6.35,42.73,6.72,46.88,44,36.45,43,30.15,,6,https://www1.mbrace.or.jp/od2/B/202609/b260911.lzh,2026-10-03T18:36:20.032921+09:00
20260911,05,多摩川,1,20260911-05-01,1,3772,一柳和孝,52,埼玉,53.0,B1,4.86,22.78,5.17,30.43,66,35.56,65,19.4,453,11,https://www1.mbrace.or.jp/od2/B/202609/b260911.lzh,2026-10-03T18:36:20.032921+09:00
20260911,05,多摩川,1,20260911-05-01,2,3947,寺本昇平,50,群馬,48.0,B1,4.34,20.0,4.4,14.29,35,17.81,69,44.9,5 43,8,https://www1.mbrace.or.jp/od2/B/202609/b260911.lzh,2026-10-03T18:36:20.032921+09:00
20260911,05,多摩川,1,20260911-05-01,3,3641,一瀬明,55,東京,52.0,A1,6.03,41.88,6.28,40.79,20,35.05,43,25.61,5251,6,https://www1.mbrace.or.jp/od2/B/202609/b260911.lzh,2026-10-03T18:36:20.032921+09:00
20260911,05,多摩川,1,20260911-05-01,4,4210,松村康太,43,福井,54.0,A2,5.3,27.52,5.11,26.32,57,48.35,77,39.39,5 13,9,https://www1.mbrace.or.jp/od2/B/202609/b260911.lzh,2026-10-03T18:36:20.032921+09:00
20260911,05,多摩川,1,20260911-05-01,5,3463,乙津康志,59,東京,52.0,B1,4.54,24.44,4.79,23.08,39,32.97,57,26.58,636,5,https://www1.mbrace.or.jp/od2/B/202609/b260911.lzh,2026-10-03T18:36:20.032921+09:00
20260911,05,多摩川,1,20260911-05-01,6,3977,山本兼士,49,大阪,53.0,B1,4.3,15.63,4.75,25.0,24,21.69,39,25.97,5 6,7,https://www1.mbrace.or.jp/od2/B/202609/b260911.lzh,2026-10-03T18:36:20.032921+09:00
20260911,05,多摩川,2,20260911-05-02,1,4281,大澤大夢,42,埼玉,53.0,B1,5.27,30.21,4.89,25.4,48,21.05,66,53.54,466,6,https://www1.mbrace.or.jp/od2/B/202609/b260911.lzh,2026-10-03T18:36:20.032921+09:00
20260911,05,多摩川,2,20260911-05-02,2,4031,飯島誠,48,埼玉,53.0,B1,4.85,28.09,3.76,14.29,31,38.54,56,37.37,2 46,8,https://www1.mbrace.or.jp/od2/B/202609/b260911.lzh,2026-10-03T18:36:20.032921+09:00
20260911,05,多摩川,2,20260911-05-02,3,3740,大澤普司,52,群馬,53.0,A1,6.08,40.48,5.04,21.74,43,31.91,83,34.0,5423,9,https://www1.mbrace.or.jp/od2/B/202609/b260911.lzh,2026-10-03T18:36:20.032921+09:00
20260911,05,多摩川,2,20260911-05-02,4,3965,北中元樹,47,滋賀,55.0,A1,5.82,40.35,6.23,50.0,19,33.73,29,43.62,216F,7,https://www1.mbrace.or.jp/od2/B/202609/b260911.lzh,2026-10-03T18:36:20.032921+09:00
20260911,05,多摩川,2,20260911-05-02,5,3713,伊藤誠二,51,愛知,54.0,A1,5.02,35.11,5.74,37.14,59,25.93,59,33.33,6633,10,https://www1.mbrace.or.jp/od2/B/202609/b260911.lzh,2026-10-03T18:36:20.032921+09:00
20260911,05,多摩川,2,20260911-05-02,6,4465,大西賢,40,東京,52.0,B1,4.71,21.54,3.78,12.2,51,35.64,71,25.0,4 14,,https://www1.mbrace.or.jp/od2/B/202609/b260911.lzh,2026-10-03T18:36:20.032921+09:00
20260911,05,多摩川,3,20260911-05-03,1,3934,鋤柄貴俊,49,愛知,54.0,B1,5.03,23.77,3.94,17.65,64,32.56,68,28.09,4225,,https://www1.mbrace.or.jp/od2/B/202609/b260911.lzh,2026-10-03T18:36:20.032921+09:00
20260911,05,多摩川,3,20260911-05-03,2,4146,柳橋宏紀,44,滋賀,53.0,A2,4.94,27.96,4.5,12.5,56,34.38,34,21.43,4 51,11,https://www1.mbrace.or.jp/od2/B/202609/b260911.lzh,2026-10-03T18:36:20.032921+09:00
20260911,05,多摩川,3,20260911-05-03,3,5103,芝田京介,28,埼玉,53.0,B2,4.04,26.0,2.65,5.0,34,30.85,28,26.51,5 6,7,https://www1.mbrace.or.jp/od2/B/202609/b260911.lzh,2026-10-03T18:36:20.032921+09:00
20260911,05,多摩川,3,20260911-05-03,4,3997,北村征嗣,47,大阪,54.0,A1,6.02,38.21,6.1,28.57,62,29.47,24,30.61,2321,10,https://www1.mbrace.or.jp/od2/B/202609/b260911.lzh,2026-10-03T18:36:20.032921+09:00
20260911,05,多摩川,3,20260911-05-03,5,4035,杉江浩明,47,愛知,51.0,B1,3.59,21.0,3.29,19.35,38,22.22,44,25.93,6 6,7,https://www1.mbrace.or.jp/od2/B/202609/b260911.lzh,2026-10-03T18:36:20.032921+09:00
20260911,05,多摩川,3,20260911-05-03,6,4420,津久井拓,38,群馬,55.0,A2,5.77,39.5,5.09,28.57,30,30.26,54,28.89,321,9,https://www1.mbrace.or.jp/od2/B/202609/b260911.lzh,2026-10-03T18:36:20.032921+09:00
20260911,05,多摩川,4,20260911-05-04,1,3990,芹澤克彦,47,静岡,52.0,B1,5.07,28.28,3.38,12.5,58,34.57,73,26.51,245,,https://www1.mbrace.or.jp/od2/B/202609/b260911.lzh,2026-10-03T18:36:20.032921+09:00
20260911,05,多摩川,4,20260911-05-04,2,3792,田中豪,53,東京,55.0,A1,6.07,41.98,6.17,43.9,70,32.56,82,29.9,3222,11,https://www1.mbrace.or.jp/od2/B/202609/b260911.lzh,2026-10-03T18:36:20.032921+09:00
20260911,05,多摩川,4,20260911-05-04,3,4565,西村豪洋,38,愛知,54.0,B1,4.04,14.58,6.17,38.89,73,23.26,72,37.89,6 2,8,https://www1.mbrace.or.jp/od2/B/202609/b260911.lzh,2026-10-03T18:36:20.032921+09:00
20260911,05,多摩川,4,20260911-05-04,4,3813,佐藤大介,50,愛知,54.0,A1,6.55,44.9,6.53,52.94,40,31.71,70,25.88,5532,12,https://www1.mbrace.or.jp/od2/B/202609/b260911.lzh,2026-10-03T18:36:20.032921+09:00
20260911,05,多摩川,4,20260911-05-04,5,4656,大崎翔,39,兵庫,57.0,A2,4.84,31.18,5.34,34.29,22,21.43,22,30.88,121,10,https://www1.mbrace.or.jp/od2/B/202609/b260911.lzh,2026-10-03T18:36:20.032921+09:00
20260911,05,多摩川,4,20260911-05-04,6,5433,米本圭佑,21,東京,52.0,B2,2.16,2.99,1.17,0.0,21,37.21,25,34.44,6 5,9,https://www1.mbrace.or.jp/od2/B/202609/b260911.lzh,2026-10-03T18:36:20.032921+09:00
20260911,05,多摩川,5,20260911-05-05,1,3519,冨田秀幸,58,愛知,53.0,B1,3.91,16.22,3.98,20.0,60,26.67,50,36.46,4 64,,https://www1.mbrace.or.jp/od2/B/202609/b260911.lzh,2026-10-03T18:36:20.032921+09:00
20260911,05,多摩川,5,20260911-05-05,2,5262,鈴木章司,28,愛知,54.0,B1,4.03,17.46,3.76,11.76,49,42.59,80,34.83,155,,https://www1.mbrace.or.jp/od2/B/202609/b260911.lzh,2026-10-03T18:36:20.032921+09:00
20260911,05,多摩川,5,20260911-05-05,3,4587,木田峰由,35,福井,54.0,A1,5.77,43.68,5.44,29.63,33,21.59,67,28.57,1136,12,https://www1.mbrace.or.jp/od2/B/202609/b260911.lzh,2026-10-03T18:36:20.032921+09:00
20260911,05,多摩川,5,20260911-05-05,4,4645,上村純一,46,群馬,54.0,A1,6.56,45.13,7.03,50.0,26,28.24,81,27.08,3633,11,https://www1.mbrace.or.jp/od2/B/202609/b260911.lzh,2026-10-03T18:36:20.032921+09:00
20260911,05,多摩川,5,20260911-05-05,5,3647,伊藤雄二,53,埼玉,50.0,B1,3.33,10.53,3.81,16.13,47,29.07,49,35.11,3 4,10,https://www1.mbrace.or.jp/od2/B/202609/b260911.lzh,2026-10-03T18:36:20.032921+09:00
20260911,05,多摩川,5,20260911-05-05,6,3463,乙津康志,59,東京,52.0,B1,4.54,24.44,4.79,23.08,39,32.97,57,26.58,636,1,https://www1.mbrace.or.jp/od2/B/202609/b260911.lzh,2026-10-03T18:36:20.032921+09:00
20260911,05,多摩川,6,20260911-05-06,1,3489,大場敏,59,静岡,53.0,A2,6.02,45.04,5.55,28.57,65,35.16,84,24.71,445,12,https://www1.mbrace.or.jp/od2/B/202609/b260911.lzh,2026-10-03T18:36:20.032921+09:00
20260911,05,多摩川,6,20260911-05-06,2,4281,大澤大夢,42,埼玉,53.0,B1,5.27,30.21,4.89,25.4,48,21.05,66,53.54,466,2,https://www1.mbrace.or.jp/od2/B/202609/b260911.lzh,2026-10-03T18:36:20.032921+09:00
20260911,05,多摩川,6,20260911-05-06,3,2538,高橋二朗,77,東京,52.0,B1,3.27,5.56,3.76,12.86,16,23.71,23,30.21,6 55,,https://www1.mbrace.or.jp/od2/B/202609/b260911.lzh,2026-10-03T18:36:20.032921+09:00
20260911,05,多摩川,6,20260911-05-06,4,4376,藤田靖弘,42,静岡,53.0,A2,5.66,41.18,6.3,43.48,29,22.73,26,48.0,331,10,https://www1.mbrace.or.jp/od2/B/202609/b260911.lzh,2026-10-03T18:36:20.032921+09:00
20260911,05,多摩川,6,20260911-05-06,5,3641,一瀬明,55,東京,52.0,A1,6.03,41.88,6.28,40.79,20,35.05,43,25.61,5251,1,https://www1.mbrace.or.jp/od2/B/202609/b260911.lzh,2026-10-03T18:36:20.032921+09:00
20260911,05,多摩川,6,20260911-05-06,6,3848,川上聡介,49,愛知,56.0,B1,4.46,25.61,4.91,40.0,25,28.41,42,35.63,6 4,11,https://www1.mbrace.or.jp/od2/B/202609/b260911.lzh,2026-10-03T18:36:20.032921+09:00
20260911,05,多摩川,7,20260911-05-07,1,4227,安達裕樹,43,三重,52.0,A2,5.82,32.29,5.53,30.19,52,32.93,47,38.14,1332,,https://www1.mbrace.or.jp/od2/B/202609/b260911.lzh,2026-10-03T18:36:20.032921+09:00
20260911,05,多摩川,7,20260911-05-07,2,3965,北中元樹,47,滋賀,55.0,A1,5.82,40.35,6.23,50.0,19,33.73,29,43.62,216F,2,https://www1.mbrace.or.jp/od2/B/202609/b260911.lzh,2026-10-03T18:36:20.032921+09:00
20260911,05,多摩川,7,20260911-05-07,3,3977,山本兼士,49,大阪,53.0,B1,4.3,15.63,4.75,25.0,24,21.69,39,25.97,5 6,1,https://www1.mbrace.or.jp/od2/B/202609/b260911.lzh,2026-10-03T18:36:20.032921+09:00
20260911,05,多摩川,7,20260911-05-07,4,4035,杉江浩明,47,愛知,51.0,B1,3.59,21.0,3.29,19.35,38,22.22,44,25.93,6 6,3,https://www1.mbrace.or.jp/od2/B/202609/b260911.lzh,2026-10-03T18:36:20.032921+09:00
20260911,05,多摩川,7,20260911-05-07,5,4430,永田秀二,40,東京,56.0,A2,5.85,37.5,5.73,39.29,23,32.47,35,30.34,514,11,https://www1.mbrace.or.jp/od2/B/202609/b260911.lzh,2026-10-03T18:36:20.032921+09:00
20260911,05,多摩川,7,20260911-05-07,6,5103,芝田京介,28,埼玉,53.0,B2,4.04,26.0,2.65,5.0,34,30.85,28,26.51,5 6,3,https://www1.mbrace.or.jp/od2/B/202609/b260911.lzh,2026-10-03T18:36:20.032921+09:00
20260911,05,多摩川,8,20260911-05-08,1,3947,寺本昇平,50,群馬,48.0,B1,4.34,20.0,4.4,14.29,35,17.81,69,44.9,5 43,1,https://www1.mbrace.or.jp/od2/B/202609/b260911.lzh,2026-10-03T18:36:20.032921+09:00
20260911,05,多摩川,8,20260911-05-08,2,4470,平田健之,39,三重,53.0,A2,6.46,50.0,6.69,50.0,53,32.58,79,39.36,1544,,https://www1.mbrace.or.jp/od2/B/202609/b260911.lzh,2026-10-03T18:36:20.032921+09:00
20260911,05,多摩川,8,20260911-05-08,3,5042,畑田汰一,27,埼玉,53.0,A1,6.61,53.19,5.07,22.22,11,34.02,31,30.61,6131,12,https://www1.mbrace.or.jp/od2/B/202609/b260911.lzh,2026-10-03T18:36:20.032921+09:00
20260911,05,多摩川,8,20260911-05-08,4,4031,飯島誠,48,埼玉,53.0,B1,4.85,28.09,3.76,14.29,31,38.54,56,37.37,2 46,2,https://www1.mbrace.or.jp/od2/B/202609/b260911.lzh,2026-10-03T18:36:20.032921+09:00
20260911,05,多摩川,8,20260911-05-08,5,4565,西村豪洋,38,愛知,54.0,B1,4.04,14.58,6.17,38.89,73,23.26,72,37.89,6 2,4,https://www1.mbrace.or.jp/od2/B/202609/b260911.lzh,2026-10-03T18:36:20.032921+09:00
20260911,05,多摩川,8,20260911-05-08,6,5449,堀井涼平,23,東京,50.0,B2,1.45,5.26,1.0,0.0,45,37.0,63,23.81,6 66,,https://www1.mbrace.or.jp/od2/B/202609/b260911.lzh,2026-10-03T18:36:20.032921+09:00
20260911,05,多摩川,9,20260911-05-09,1,3582,吉川昭男,53,滋賀,54.0,A2,6.25,47.57,6.67,58.97,50,37.38,52,40.4,2322,,https://www1.mbrace.or.jp/od2/B/202609/b260911.lzh,2026-10-03T18:36:20.032921+09:00
20260911,05,多摩川,9,20260911-05-09,2,4420,津久井拓,38,群馬,55.0,A2,5.77,39.5,5.09,28.57,30,30.26,54,28.89,321,3,https://www1.mbrace.or.jp/od2/B/202609/b260911.lzh,2026-10-03T18:36:20.032921+09:00
20260911,05,多摩川,9,20260911-05-09,3,4619,伏田裕隆,43,東京,52.0,B1,5.64,41.9,4.92,36.11,63,38.68,58,21.92,341,,https://www1.mbrace.or.jp/od2/B/202609/b260911.lzh,2026-10-03T18:36:20.032921+09:00
20260911,05,多摩川,9,20260911-05-09,4,3740,大澤普司,52,群馬,53.0,A1,6.08,40.48,5.04,21.74,43,31.91,83,34.0,5423,2,https://www1.mbrace.or.jp/od2/B/202609/b260911.lzh,2026-10-03T18:36:20.032921+09:00
20260911,05,多摩川,9,20260911-05-09,5,5433,米本圭佑,21,東京,52.0,B2,2.16,2.99,1.17,0.0,21,37.21,25,34.44,6 5,4,https://www1.mbrace.or.jp/od2/B/202609/b260911.lzh,2026-10-03T18:36:20.032921+09:00
20260911,05,多摩川,9,20260911-05-09,6,4210,松村康太,43,福井,54.0,A2,5.3,27.52,5.11,26.32,57,48.35,77,39.39,5 13,1,https://www1.mbrace.or.jp/od2/B/202609/b260911.lzh,2026-10-03T18:36:20.032921+09:00
20260911,05,多摩川,10,20260911-05-10,1,3713,伊藤誠二,51,愛知,54.0,A1,5.02,35.11,5.74,37.14,59,25.93,59,33.33,6633,2,https://www1.mbrace.or.jp/od2/B/202609/b260911.lzh,2026-10-03T18:36:20.032921+09:00
20260911,05,多摩川,10,20260911-05-10,2,4376,藤田靖弘,42,静岡,53.0,A2,5.66,41.18,6.3,43.48,29,22.73,26,48.0,331,6,https://www1.mbrace.or.jp/od2/B/202609/b260911.lzh,2026-10-03T18:36:20.032921+09:00
20260911,05,多摩川,10,20260911-05-10,3,4491,田中堅,39,群馬,51.0,B1,4.32,24.47,5.21,30.23,15,18.42,41,22.89,1 45,,https://www1.mbrace.or.jp/od2/B/202609/b260911.lzh,2026-10-03T18:36:20.032921+09:00
20260911,05,多摩川,10,20260911-05-10,4,3647,伊藤雄二,53,埼玉,50.0,B1,3.33,10.53,3.81,16.13,47,29.07,49,35.11,3 4,5,https://www1.mbrace.or.jp/od2/B/202609/b260911.lzh,2026-10-03T18:36:20.032921+09:00
20260911,05,多摩川,10,20260911-05-10,5,3997,北村征嗣,47,大阪,54.0,A1,6.02,38.21,6.1,28.57,62,29.47,24,30.61,2321,3,https://www1.mbrace.or.jp/od2/B/202609/b260911.lzh,2026-10-03T18:36:20.032921+09:00
20260911,05,多摩川,10,20260911-05-10,6,4656,大崎翔,39,兵庫,57.0,A2,4.84,31.18,5.34,34.29,22,21.43,22,30.88,121,4,https://www1.mbrace.or.jp/od2/B/202609/b260911.lzh,2026-10-03T18:36:20.032921+09:00
20260911,05,多摩川,11,20260911-05-11,1,4645,上村純一,46,群馬,54.0,A1,6.56,45.13,7.03,50.0,26,28.24,81,27.08,3633,5,https://www1.mbrace.or.jp/od2/B/202609/b260911.lzh,2026-10-03T18:36:20.032921+09:00
20260911,05,多摩川,11,20260911-05-11,2,4430,永田秀二,40,東京,56.0,A2,5.85,37.5,5.73,39.29,23,32.47,35,30.34,514,7,https://www1.mbrace.or.jp/od2/B/202609/b260911.lzh,2026-10-03T18:36:20.032921+09:00
20260911,05,多摩川,11,20260911-05-11,3,3848,川上聡介,49,愛知,56.0,B1,4.46,25.61,4.91,40.0,25,28.41,42,35.63,6 4,6,https://www1.mbrace.or.jp/od2/B/202609/b260911.lzh,2026-10-03T18:36:20.032921+09:00
20260911,05,多摩川,11,20260911-05-11,4,3772,一柳和孝,52,埼玉,53.0,B1,4.86,22.78,5.17,30.43,66,35.56,65,19.4,453,1,https://www1.mbrace.or.jp/od2/B/202609/b260911.lzh,2026-10-03T18:36:20.032921+09:00
20260911,05,多摩川,11,20260911-05-11,5,3792,田中豪,53,東京,55.0,A1,6.07,41.98,6.17,43.9,70,32.56,82,29.9,3222,4,https://www1.mbrace.or.jp/od2/B/202609/b260911.lzh,2026-10-03T18:36:20.032921+09:00
20260911,05,多摩川,11,20260911-05-11,6,4146,柳橋宏紀,44,滋賀,53.0,A2,4.94,27.96,4.5,12.5,56,34.38,34,21.43,4 51,3,https://www1.mbrace.or.jp/od2/B/202609/b260911.lzh,2026-10-03T18:36:20.032921+09:00
20260911,05,多摩川,12,20260911-05-12,1,3813,佐藤大介,50,愛知,54.0,A1,6.55,44.9,6.53,52.94,40,31.71,70,25.88,5532,4,https://www1.mbrace.or.jp/od2/B/202609/b260911.lzh,2026-10-03T18:36:20.032921+09:00
20260911,05,多摩川,12,20260911-05-12,2,4587,木田峰由,35,福井,54.0,A1,5.77,43.68,5.44,29.63,33,21.59,67,28.57,1136,5,https://www1.mbrace.or.jp/od2/B/202609/b260911.lzh,2026-10-03T18:36:20.032921+09:00
20260911,05,多摩川,12,20260911-05-12,3,3489,大場敏,59,静岡,53.0,A2,6.02,45.04,5.55,28.57,65,35.16,84,24.71,445,6,https://www1.mbrace.or.jp/od2/B/202609/b260911.lzh,2026-10-03T18:36:20.032921+09:00
20260911,05,多摩川,12,20260911-05-12,4,4140,梶野学志,45,東京,54.0,A2,6.08,46.77,5.79,43.9,68,30.0,48,30.95,2112,,https://www1.mbrace.or.jp/od2/B/202609/b260911.lzh,2026-10-03T18:36:20.032921+09:00
20260911,05,多摩川,12,20260911-05-12,5,3507,藤井徹,55,大阪,51.0,B1,4.3,24.66,4.1,20.0,13,28.87,33,33.0,1 45,,https://www1.mbrace.or.jp/od2/B/202609/b260911.lzh,2026-10-03T18:36:20.032921+09:00
20260911,05,多摩川,12,20260911-05-12,6,5042,畑田汰一,27,埼玉,53.0,A1,6.61,53.19,5.07,22.22,11,34.02,31,30.61,6131,8,https://www1.mbrace.or.jp/od2/B/202609/b260911.lzh,2026-10-03T18:36:20.032921+09:00
20260911,03,江戸川,1,20260911-03-01,1,3859,多羅尾達,53,東京,52.0,B1,3.99,20.73,0.0,0.0,61,29.69,43,36.84,625 25545,6,https://www1.mbrace.or.jp/od2/B/202609/b260911.lzh,2026-10-03T18:36:20.032921+09:00
20260911,03,江戸川,1,20260911-03-01,2,3303,渡辺豊,58,東京,55.0,B1,4.35,18.69,6.28,43.95,11,19.67,37,29.82,4 262 644,9,https://www1.mbrace.or.jp/od2/B/202609/b260911.lzh,2026-10-03T18:36:20.032921+09:00
20260911,03,江戸川,1,20260911-03-01,3,3664,鈴木賢一,56,埼玉,56.0,B1,4.5,29.41,0.0,0.0,65,43.33,12,31.67,4 441 312,10,https://www1.mbrace.or.jp/od2/B/202609/b260911.lzh,2026-10-03T18:36:20.032921+09:00
20260911,03,江戸川,1,20260911-03-01,4,4981,牧山敦也,30,佐賀,52.0,B1,5.22,26.67,5.39,31.71,14,15.87,13,42.19,2 316 435,7,https://www1.mbrace.or.jp/od2/B/202609/b260911.lzh,2026-10-03T18:36:20.032921+09:00
20260911,03,江戸川,1,20260911-03-01,5,3839,川合理司,51,静岡,65.0,B1,2.98,9.64,4.84,27.5,27,36.84,46,35.71,F 65665 6,5,https://www1.mbrace.or.jp/od2/B/202609/b260911.lzh,2026-10-03T18:36:20.032921+09:00
20260911,03,江戸川,1,20260911-03-01,6,3956,横澤剛治,49,静岡,57.0,A2,5.88,38.83,6.67,38.89,63,30.16,53,49.21,4 434 621,,https://www1.mbrace.or.jp/od2/B/202609/b260911.lzh,2026-10-03T18:36:20.032921+09:00
20260911,03,江戸川,2,20260911-03-02,1,4142,平野和明,45,愛知,55.0,A2,5.63,34.65,5.86,38.64,64,45.16,27,59.68,3 343 252,11,https://www1.mbrace.or.jp/od2/B/202609/b260911.lzh,2026-10-03T18:36:20.032921+09:00
20260911,03,江戸川,2,20260911-03-02,2,5053,山口広樹,30,福岡,55.0,B1,3.8,19.7,5.03,33.33,10,38.71,26,38.33,5 552 S65,9,https://www1.mbrace.or.jp/od2/B/202609/b260911.lzh,2026-10-03T18:36:20.032921+09:00
20260911,03,江戸川,2,20260911-03-02,3,4257,古川健,42,広島,52.0,B1,5.22,34.62,5.0,34.04,34,50.0,65,24.56,451 463 42,,https://www1.mbrace.or.jp/od2/B/202609/b260911.lzh,2026-10-03T18:36:20.032921+09:00
20260911,03,江戸川,2,20260911-03-02,4,4179,広次修,43,山口,52.0,A2,5.23,27.78,5.48,43.48,47,23.21,24,32.81,445 653 55,6,https://www1.mbrace.or.jp/od2/B/202609/b260911.lzh,2026-10-03T18:36:20.032921+09:00
20260911,03,江戸川,2,20260911-03-02,5,5427,港理樹,24,東京,53.0,B1,3.05,6.02,3.06,5.56,16,37.1,47,36.92,5 345 666,7,https://www1.mbrace.or.jp/od2/B/202609/b260911.lzh,2026-10-03T18:36:20.032921+09:00
20260911,03,江戸川,2,20260911-03-02,6,4598,加藤政彦,42,東京,53.0,B1,6.09,47.66,6.45,48.92,71,43.55,39,45.9,1 512 2114,10,https://www1.mbrace.or.jp/od2/B/202609/b260911.lzh,2026-10-03T18:36:20.032921+09:00
20260911,03,江戸川,3,20260911-03-03,1,5378,鈴木結平,22,静岡,51.0,B2,1.67,0.0,1.43,0.0,68,37.7,33,28.57,6 616 656,8,https://www1.mbrace.or.jp/od2/B/202609/b260911.lzh,2026-10-03T18:36:20.032921+09:00
20260911,03,江戸川,3,20260911-03-03,2,5138,村本大成,26,福岡,53.0,B1,3.73,12.7,4.0,7.69,37,41.38,63,37.5,613 144 32,10,https://www1.mbrace.or.jp/od2/B/202609/b260911.lzh,2026-10-03T18:36:20.032921+09:00
20260911,03,江戸川,3,20260911-03-03,3,4640,山ノ内雅,35,福岡,54.0,A2,5.84,37.19,7.0,50.0,22,32.2,35,26.98,6 251 454,9,https://www1.mbrace.or.jp/od2/B/202609/b260911.lzh,2026-10-03T18:36:20.032921+09:00
20260911,03,江戸川,3,20260911-03-03,4,5315,浅井翼,25,埼玉,51.0,B2,2.65,13.04,2.62,11.11,60,27.59,58,19.7,346 56436,7,https://www1.mbrace.or.jp/od2/B/202609/b260911.lzh,2026-10-03T18:36:20.032921+09:00
20260911,03,江戸川,3,20260911-03-03,5,3931,黒崎竜也,50,三重,51.0,A2,6.27,42.0,5.07,33.33,20,40.35,66,29.31,4 331 F33,7,https://www1.mbrace.or.jp/od2/B/202609/b260911.lzh,2026-10-03T18:36:20.032921+09:00
20260911,03,江戸川,3,20260911-03-03,6,4427,秦英悟,40,大阪,53.0,A1,7.27,59.29,7.33,60.0,40,16.13,21,30.16,342 422 14,11,https://www1.mbrace.or.jp/od2/B/202609/b260911.lzh,2026-10-03T18:36:20.032921+09:00
20260911,03,江戸川,4,20260911-03-04,1,4173,岡谷健吾,43,広島,57.0,B1,5.39,33.67,0.0,0.0,51,27.69,70,25.4,666 551 24,8,https://www1.mbrace.or.jp/od2/B/202609/b260911.lzh,2026-10-03T18:36:20.032921+09:00
20260911,03,江戸川,4,20260911-03-04,2,4258,関根彰人,42,埼玉,52.0,B1,4.85,32.94,5.6,38.75,29,19.67,38,26.32,556 145 44,,https://www1.mbrace.or.jp/od2/B/202609/b260911.lzh,2026-10-03T18:36:20.032921+09:00
20260911,03,江戸川,4,20260911-03-04,3,4623,中北将史,41,三重,53.0,B1,5.01,34.65,4.24,19.51,52,40.32,48,27.87,12S 331 23,11,https://www1.mbrace.or.jp/od2/B/202609/b260911.lzh,2026-10-03T18:36:20.032921+09:00
20260911,03,江戸川,4,20260911-03-04,4,4000,松本博昭,49,広島,56.0,A2,5.99,40.77,5.38,33.33,38,28.57,49,40.35,221 432 16,10,https://www1.mbrace.or.jp/od2/B/202609/b260911.lzh,2026-10-03T18:36:20.032921+09:00
20260911,03,江戸川,4,20260911-03-04,5,3655,本橋克洋,52,群馬,55.0,B1,4.78,22.73,6.38,45.28,23,37.7,64,46.55,4 564 263,9,https://www1.mbrace.or.jp/od2/B/202609/b260911.lzh,2026-10-03T18:36:20.032921+09:00
20260911,03,江戸川,4,20260911-03-04,6,3685,荒井輝年,52,岡山,59.0,A2,6.28,47.44,5.65,41.27,66,25.81,69,21.88,F 645 3534,8,https://www1.mbrace.or.jp/od2/B/202609/b260911.lzh,2026-10-03T18:36:20.032921+09:00
20260911,03,江戸川,5,20260911-03-05,1,4880,澤崎雄哉,31,東京,52.0,B1,5.39,34.09,5.6,35.29,59,35.94,40,38.1,223 63534,9,https://www1.mbrace.or.jp/od2/B/202609/b260911.lzh,2026-10-03T18:36:20.032921+09:00
20260911,03,江戸川,5,20260911-03-05,2,5279,石渡翔一,23,東京,54.0,B1,5.89,40.0,5.54,38.43,18,30.16,52,32.76,1 224 551,11,https://www1.mbrace.or.jp/od2/B/202609/b260911.lzh,2026-10-03T18:36:20.032921+09:00
20260911,03,江戸川,5,20260911-03-05,3,5120,山本稔太,25,愛知,56.0,B1,4.63,26.67,5.0,47.06,33,31.75,25,30.36,352 166 56,,https://www1.mbrace.or.jp/od2/B/202609/b260911.lzh,2026-10-03T18:36:20.032921+09:00
20260911,03,江戸川,5,20260911-03-05,4,5087,佐藤航,26,埼玉,53.0,A1,6.34,51.38,5.82,35.29,15,27.87,59,26.56,3 2S2 451,9,https://www1.mbrace.or.jp/od2/B/202609/b260911.lzh,2026-10-03T18:36:20.032921+09:00
20260911,03,江戸川,5,20260911-03-05,5,3944,山口裕二,47,長崎,54.0,A1,6.03,40.0,5.89,44.44,58,22.03,19,36.07,215 521255,10,https://www1.mbrace.or.jp/od2/B/202609/b260911.lzh,2026-10-03T18:36:20.032921+09:00
20260911,03,江戸川,5,20260911-03-05,6,3839,川合理司,51,静岡,65.0,B1,2.98,9.64,4.84,27.5,27,36.84,46,35.71,F 65665 6,1,https://www1.mbrace.or.jp/od2/B/202609/b260911.lzh,2026-10-03T18:36:20.032921+09:00
20260911,03,江戸川,6,20260911-03-06,1,3850,小川知行,54,群馬,53.0,B1,4.3,22.92,4.7,24.69,62,47.46,16,46.03,413 34136,10,https://www1.mbrace.or.jp/od2/B/202609/b260911.lzh,2026-10-03T18:36:20.032921+09:00
20260911,03,江戸川,6,20260911-03-06,2,4179,広次修,43,山口,52.0,A2,5.23,27.78,5.48,43.48,47,23.21,24,32.81,445 653 55,2,https://www1.mbrace.or.jp/od2/B/202609/b260911.lzh,2026-10-03T18:36:20.032921+09:00
20260911,03,江戸川,6,20260911-03-06,3,5071,野見山拓,32,福岡,53.0,B1,4.33,20.29,5.25,30.56,32,39.34,10,44.26,561 334 62,,https://www1.mbrace.or.jp/od2/B/202609/b260911.lzh,2026-10-03T18:36:20.032921+09:00
20260911,03,江戸川,6,20260911-03-06,4,4438,森作雄大,40,東京,53.0,B1,5.26,38.74,5.28,35.05,67,22.95,57,25.42,3 411 1436,11,https://www1.mbrace.or.jp/od2/B/202609/b260911.lzh,2026-10-03T18:36:20.032921+09:00
20260911,03,江戸川,6,20260911-03-06,5,3859,多羅尾達,53,東京,52.0,B1,3.99,20.73,0.0,0.0,61,29.69,43,36.84,625 25545,1,https://www1.mbrace.or.jp/od2/B/202609/b260911.lzh,2026-10-03T18:36:20.032921+09:00
20260911,03,江戸川,6,20260911-03-06,6,4583,古田祐貴,37,香川,52.0,B1,5.56,36.46,6.04,40.26,43,36.21,56,40.32,3F3 352 32,,https://www1.mbrace.or.jp/od2/B/202609/b260911.lzh,2026-10-03T18:36:20.032921+09:00
20260911,03,江戸川,7,20260911-03-07,1,5315,浅井翼,25,埼玉,51.0,B2,2.65,13.04,2.62,11.11,60,27.59,58,19.7,346 56436,3,https://www1.mbrace.or.jp/od2/B/202609/b260911.lzh,2026-10-03T18:36:20.032921+09:00
20260911,03,江戸川,7,20260911-03-07,2,4981,牧山敦也,30,佐賀,52.0,B1,5.22,26.67,5.39,31.71,14,15.87,13,42.19,2 316 435,1,https://www1.mbrace.or.jp/od2/B/202609/b260911.lzh,2026-10-03T18:36:20.032921+09:00
20260911,03,江戸川,7,20260911-03-07,3,4004,山本浩輔,48,長崎,52.0,B1,4.89,28.0,6.29,57.14,35,31.75,17,37.1,115 455 65,,https://www1.mbrace.or.jp/od2/B/202609/b260911.lzh,2026-10-03T18:36:20.032921+09:00
20260911,03,江戸川,7,20260911-03-07,4,5427,港理樹,24,東京,53.0,B1,3.05,6.02,3.06,5.56,16,37.1,47,36.92,5 345 666,2,https://www1.mbrace.or.jp/od2/B/202609/b260911.lzh,2026-10-03T18:36:20.032921+09:00
20260911,03,江戸川,7,20260911-03-07,5,4888,金児隆太,38,群馬,52.0,B1,6.01,44.87,5.31,31.25,17,31.75,71,35.94,1 242 1615,11,https://www1.mbrace.or.jp/od2/B/202609/b260911.lzh,2026-10-03T18:36:20.032921+09:00
20260911,03,江戸川,7,20260911-03-07,6,3931,黒崎竜也,50,三重,51.0,A2,6.27,42.0,5.07,33.33,20,40.35,66,29.31,4 331 F33,3,https://www1.mbrace.or.jp/od2/B/202609/b260911.lzh,2026-10-03T18:36:20.032921+09:00
20260911,03,江戸川,8,20260911-03-08,1,3857,阿波勝哉,53,東京,56.0,B1,4.8,27.38,4.43,28.57,30,52.46,61,43.1,544 261 23,,https://www1.mbrace.or.jp/od2/B/202609/b260911.lzh,2026-10-03T18:36:20.032921+09:00
20260911,03,江戸川,8,20260911-03-08,2,4407,鹿島敏弘,40,群馬,59.0,B1,4.66,24.51,5.35,33.33,45,30.65,29,44.07,634 364 42,,https://www1.mbrace.or.jp/od2/B/202609/b260911.lzh,2026-10-03T18:36:20.032921+09:00
20260911,03,江戸川,8,20260911-03-08,3,5378,鈴木結平,22,静岡,51.0,B2,1.67,0.0,1.43,0.0,68,37.7,33,28.57,6 616 656,3,https://www1.mbrace.or.jp/od2/B/202609/b260911.lzh,2026-10-03T18:36:20.032921+09:00
20260911,03,江戸川,8,20260911-03-08,4,4173,岡谷健吾,43,広島,57.0,B1,5.39,33.67,0.0,0.0,51,27.69,70,25.4,666 551 24,4,https://www1.mbrace.or.jp/od2/B/202609/b260911.lzh,2026-10-03T18:36:20.032921+09:00
20260911,03,江戸川,8,20260911-03-08,5,3685,荒井輝年,52,岡山,59.0,A2,6.28,47.44,5.65,41.27,66,25.81,69,21.88,F 645 3534,4,https://www1.mbrace.or.jp/od2/B/202609/b260911.lzh,2026-10-03T18:36:20.032921+09:00
20260911,03,江戸川,8,20260911-03-08,6,4189,川上剛,45,福岡,55.0,A1,5.63,32.43,5.88,37.5,28,38.6,11,17.24,1 1435S 35,,https://www1.mbrace.or.jp/od2/B/202609/b260911.lzh,2026-10-03T18:36:20.032921+09:00
20260911,03,江戸川,9,20260911-03-09,1,3303,渡辺豊,58,東京,55.0,B1,4.35,18.69,6.28,43.95,11,19.67,37,29.82,4 262 644,1,https://www1.mbrace.or.jp/od2/B/202609/b260911.lzh,2026-10-03T18:36:20.032921+09:00
20260911,03,江戸川,9,20260911-03-09,2,3655,本橋克洋,52,群馬,55.0,B1,4.78,22.73,6.38,45.28,23,37.7,64,46.55,4 564 263,4,https://www1.mbrace.or.jp/od2/B/202609/b260911.lzh,2026-10-03T18:36:20.032921+09:00
20260911,03,江戸川,9,20260911-03-09,3,5087,佐藤航,26,埼玉,53.0,A1,6.34,51.38,5.82,35.29,15,27.87,59,26.56,3 2S2 451,5,https://www1.mbrace.or.jp/od2/B/202609/b260911.lzh,2026-10-03T18:36:20.032921+09:00
20260911,03,江戸川,9,20260911-03-09,4,4640,山ノ内雅,35,福岡,54.0,A2,5.84,37.19,7.0,50.0,22,32.2,35,26.98,6 251 454,3,https://www1.mbrace.or.jp/od2/B/202609/b260911.lzh,2026-10-03T18:36:20.032921+09:00
20260911,03,江戸川,9,20260911-03-09,5,5053,山口広樹,30,福岡,55.0,B1,3.8,19.7,5.03,33.33,10,38.71,26,38.33,5 552 S65,2,https://www1.mbrace.or.jp/od2/B/202609/b260911.lzh,2026-10-03T18:36:20.032921+09:00
20260911,03,江戸川,9,20260911-03-09,6,4880,澤崎雄哉,31,東京,52.0,B1,5.39,34.09,5.6,35.29,59,35.94,40,38.1,223 63534,5,https://www1.mbrace.or.jp/od2/B/202609/b260911.lzh,2026-10-03T18:36:20.032921+09:00
20260911,03,江戸川,10,20260911-03-10,1,4598,加藤政彦,42,東京,53.0,B1,6.09,47.66,6.45,48.92,71,43.55,39,45.9,1 512 2114,2,https://www1.mbrace.or.jp/od2/B/202609/b260911.lzh,2026-10-03T18:36:20.032921+09:00
20260911,03,江戸川,10,20260911-03-10,2,3944,山口裕二,47,長崎,54.0,A1,6.03,40.0,5.89,44.44,58,22.03,19,36.07,215 521255,5,https://www1.mbrace.or.jp/od2/B/202609/b260911.lzh,2026-10-03T18:36:20.032921+09:00
20260911,03,江戸川,10,20260911-03-10,3,4000,松本博昭,49,広島,56.0,A2,5.99,40.77,5.38,33.33,38,28.57,49,40.35,221 432 16,4,https://www1.mbrace.or.jp/od2/B/202609/b260911.lzh,2026-10-03T18:36:20.032921+09:00
20260911,03,江戸川,10,20260911-03-10,4,3664,鈴木賢一,56,埼玉,56.0,B1,4.5,29.41,0.0,0.0,65,43.33,12,31.67,4 441 312,1,https://www1.mbrace.or.jp/od2/B/202609/b260911.lzh,2026-10-03T18:36:20.032921+09:00
20260911,03,江戸川,10,20260911-03-10,5,5138,村本大成,26,福岡,53.0,B1,3.73,12.7,4.0,7.69,37,41.38,63,37.5,613 144 32,3,https://www1.mbrace.or.jp/od2/B/202609/b260911.lzh,2026-10-03T18:36:20.032921+09:00
20260911,03,江戸川,10,20260911-03-10,6,3850,小川知行,54,群馬,53.0,B1,4.3,22.92,4.7,24.69,62,47.46,16,46.03,413 34136,6,https://www1.mbrace.or.jp/od2/B/202609/b260911.lzh,2026-10-03T18:36:20.032921+09:00
20260911,03,江戸川,11,20260911-03-11,1,4427,秦英悟,40,大阪,53.0,A1,7.27,59.29,7.33,60.0,40,16.13,21,30.16,342 422 14,3,https://www1.mbrace.or.jp/od2/B/202609/b260911.lzh,2026-10-03T18:36:20.032921+09:00
20260911,03,江戸川,11,20260911-03-11,2,4888,金児隆太,38,群馬,52.0,B1,6.01,44.87,5.31,31.25,17,31.75,71,35.94,1 242 1615,7,https://www1.mbrace.or.jp/od2/B/202609/b260911.lzh,2026-10-03T18:36:20.032921+09:00
20260911,03,江戸川,11,20260911-03-11,3,4438,森作雄大,40,東京,53.0,B1,5.26,38.74,5.28,35.05,67,22.95,57,25.42,3 411 1436,6,https://www1.mbrace.or.jp/od2/B/202609/b260911.lzh,2026-10-03T18:36:20.032921+09:00
20260911,03,江戸川,11,20260911-03-11,4,4623,中北将史,41,三重,53.0,B1,5.01,34.65,4.24,19.51,52,40.32,48,27.87,12S 331 23,4,https://www1.mbrace.or.jp/od2/B/202609/b260911.lzh,2026-10-03T18:36:20.032921+09:00
20260911,03,江戸川,11,20260911-03-11,5,5279,石渡翔一,23,東京,54.0,B1,5.89,40.0,5.54,38.43,18,30.16,52,32.76,1 224 551,5,https://www1.mbrace.or.jp/od2/B/202609/b260911.lzh,2026-10-03T18:36:20.032921+09:00
20260911,03,江戸川,11,20260911-03-11,6,4142,平野和明,45,愛知,55.0,A2,5.63,34.65,5.86,38.64,64,45.16,27,59.68,3 343 252,2,https://www1.mbrace.or.jp/od2/B/202609/b260911.lzh,2026-10-03T18:36:20.032921+09:00
20260911,03,江戸川,12,20260911-03-12,1,3256,三角哲男,59,東京,52.0,A1,6.56,50.91,6.6,50.88,56,45.16,68,23.33,351 212111,,https://www1.mbrace.or.jp/od2/B/202609/b260911.lzh,2026-10-03T18:36:20.032921+09:00
20260911,03,江戸川,12,20260911-03-12,2,4418,茅原悠紀,39,岡山,54.0,A1,7.49,50.91,7.63,56.25,48,22.41,15,24.14,262 121 31,,https://www1.mbrace.or.jp/od2/B/202609/b260911.lzh,2026-10-03T18:36:20.032921+09:00
20260911,03,江戸川,12,20260911-03-12,3,4471,新田泰章,39,広島,53.0,A1,6.36,47.24,6.82,51.52,49,36.07,67,33.33,522 111 42,,https://www1.mbrace.or.jp/od2/B/202609/b260911.lzh,2026-10-03T18:36:20.032921+09:00
20260911,03,江戸川,12,20260911-03-12,4,4604,岩瀬裕亮,38,愛知,53.0,A1,7.37,53.33,7.35,42.5,13,40.98,60,35.94,1 114 3212,,https://www1.mbrace.or.jp/od2/B/202609/b260911.lzh,2026-10-03T18:36:20.032921+09:00
20260911,03,江戸川,12,20260911-03-12,5,4661,中島昂章,34,佐賀,52.0,A2,5.54,36.07,6.8,40.0,50,15.52,22,26.15,122 154 63,,https://www1.mbrace.or.jp/od2/B/202609/b260911.lzh,2026-10-03T18:36:20.032921+09:00
20260911,03,江戸川,12,20260911-03-12,6,4452,松尾祭,38,香川,53.0,A2,5.17,33.94,6.43,46.94,69,40.68,62,30.0,3 323 2213,,https://www1.mbrace.or.jp/od2/B/202609/b260911.lzh,2026-10-03T18:36:20.032921+09:00
20260911,02,戸田,1,20260911-02-01,1,3075,中村裕将,64,埼玉,55.0,B1,5.07,34.94,5.22,32.99,60,25.0,28,54.55,,7,https://www1.mbrace.or.jp/od2/B/202609/b260911.lzh,2026-10-03T18:36:20.032921+09:00
20260911,02,戸田,1,20260911-02-01,2,4674,池田剛規,39,福岡,52.0,B1,5.41,31.07,5.53,30.56,16,26.09,72,26.67,,5,https://www1.mbrace.or.jp/od2/B/202609/b260911.lzh,2026-10-03T18:36:20.032921+09:00
20260911,02,戸田,1,20260911-02-01,3,4572,渡部悟,38,大阪,56.0,B1,5.58,36.67,4.84,36.0,25,26.32,45,40.91,,11,https://www1.mbrace.or.jp/od2/B/202609/b260911.lzh,2026-10-03T18:36:20.032921+09:00
20260911,02,戸田,1,20260911-02-01,4,3834,細川明人,51,岡山,57.0,B1,4.18,26.44,4.67,33.33,24,28.57,57,12.5,,,https://www1.mbrace.or.jp/od2/B/202609/b260911.lzh,2026-10-03T18:36:20.032921+09:00
20260911,02,戸田,1,20260911-02-01,5,4555,富永大一,37,福岡,54.0,B1,5.23,30.91,4.83,27.59,44,42.86,27,16.67,,8,https://www1.mbrace.or.jp/od2/B/202609/b260911.lzh,2026-10-03T18:36:20.032921+09:00
20260911,02,戸田,1,20260911-02-01,6,4631,新井英孝,39,大阪,53.0,B1,4.68,28.21,5.15,50.0,49,25.0,46,23.81,,10,https://www1.mbrace.or.jp/od2/B/202609/b260911.lzh,2026-10-03T18:36:20.032921+09:00
20260911,02,戸田,2,20260911-02-02,1,3692,竹腰正樹,55,福井,51.0,B1,5.19,32.76,5.13,29.17,21,62.5,67,25.0,,11,https://www1.mbrace.or.jp/od2/B/202609/b260911.lzh,2026-10-03T18:36:20.032921+09:00
20260911,02,戸田,2,20260911-02-02,2,5038,金田智博,28,福井,52.0,A2,6.57,52.46,6.25,37.5,4,47.83,12,21.05,,9,https://www1.mbrace.or.jp/od2/B/202609/b260911.lzh,2026-10-03T18:36:20.032921+09:00
20260911,02,戸田,2,20260911-02-02,3,4325,新出浩司,43,大阪,53.0,B1,4.46,17.28,4.26,15.79,65,23.08,68,35.29,,7,https://www1.mbrace.or.jp/od2/B/202609/b260911.lzh,2026-10-03T18:36:20.032921+09:00
20260911,02,戸田,2,20260911-02-02,4,4887,富澤祐作,39,群馬,55.0,B1,5.09,32.89,5.49,41.03,51,25.0,44,70.0,,6,https://www1.mbrace.or.jp/od2/B/202609/b260911.lzh,2026-10-03T18:36:20.032921+09:00
20260911,02,戸田,2,20260911-02-02,5,4706,三浦洋次,37,愛知,48.0,A2,5.67,45.36,5.54,36.59,53,66.67,43,42.86,,10,https://www1.mbrace.or.jp/od2/B/202609/b260911.lzh,2026-10-03T18:36:20.032921+09:00
20260911,02,戸田,2,20260911-02-02,6,4649,和田操拓,42,滋賀,52.0,B1,5.71,41.32,0.0,0.0,23,23.81,26,36.36,,,https://www1.mbrace.or.jp/od2/B/202609/b260911.lzh,2026-10-03T18:36:20.032921+09:00
20260911,02,戸田,3,20260911-02-03,1,3814,金子貴志,50,福井,50.0,B1,5.01,27.36,4.24,16.0,50,25.0,53,40.0,,7,https://www1.mbrace.or.jp/od2/B/202609/b260911.lzh,2026-10-03T18:36:20.032921+09:00
20260911,02,戸田,3,20260911-02-03,2,4708,半田尚也,37,広島,57.0,B1,4.42,21.74,4.46,15.38,55,0.0,76,33.33,,,https://www1.mbrace.or.jp/od2/B/202609/b260911.lzh,2026-10-03T18:36:20.032921+09:00
20260911,02,戸田,3,20260911-02-03,3,5220,青木蓮,25,埼玉,51.0,A2,6.55,49.52,6.49,47.33,56,52.94,20,36.36,,11,https://www1.mbrace.or.jp/od2/B/202609/b260911.lzh,2026-10-03T18:36:20.032921+09:00
20260911,02,戸田,3,20260911-02-03,4,5008,羽野諒,29,福岡,53.0,B1,4.88,23.81,4.49,22.86,10,30.43,41,33.33,,8,https://www1.mbrace.or.jp/od2/B/202609/b260911.lzh,2026-10-03T18:36:20.032921+09:00
20260911,02,戸田,3,20260911-02-03,5,4388,是澤孝宏,41,滋賀,51.0,A2,6.21,46.55,7.0,65.22,13,37.5,77,45.45,,9,https://www1.mbrace.or.jp/od2/B/202609/b260911.lzh,2026-10-03T18:36:20.032921+09:00
20260911,02,戸田,3,20260911-02-03,6,4370,山口達也,39,岡山,53.0,A1,6.6,53.66,7.69,56.25,15,52.17,65,35.29,,12,https://www1.mbrace.or.jp/od2/B/202609/b260911.lzh,2026-10-03T18:36:20.032921+09:00
20260911,02,戸田,4,20260911-02-04,1,4615,板倉敦史,46,東京,53.0,B1,4.73,26.58,5.27,33.33,54,41.18,61,0.0,,8,https://www1.mbrace.or.jp/od2/B/202609/b260911.lzh,2026-10-03T18:36:20.032921+09:00
20260911,02,戸田,4,20260911-02-04,2,4467,渡邉俊介,40,愛知,51.0,A1,6.32,41.67,5.63,37.5,3,37.5,66,7.69,,12,https://www1.mbrace.or.jp/od2/B/202609/b260911.lzh,2026-10-03T18:36:20.032921+09:00
20260911,02,戸田,4,20260911-02-04,3,4363,大野芳顕,41,福岡,52.0,A2,5.42,35.45,5.12,32.56,22,21.74,23,34.78,,10,https://www1.mbrace.or.jp/od2/B/202609/b260911.lzh,2026-10-03T18:36:20.032921+09:00
20260911,02,戸田,4,20260911-02-04,4,5313,鈴木唯央,26,群馬,52.0,B1,4.33,15.79,3.3,8.0,11,47.83,18,36.84,,,https://www1.mbrace.or.jp/od2/B/202609/b260911.lzh,2026-10-03T18:36:20.032921+09:00
20260911,02,戸田,4,20260911-02-04,5,4883,岡部大輝,30,東京,52.0,A2,6.41,50.46,5.54,32.14,7,21.74,38,31.25,,11,https://www1.mbrace.or.jp/od2/B/202609/b260911.lzh,2026-10-03T18:36:20.032921+09:00
20260911,02,戸田,4,20260911-02-04,6,3161,古場輝義,66,大阪,54.0,B1,4.97,28.77,5.82,43.59,61,23.08,62,25.0,,9,https://www1.mbrace.or.jp/od2/B/202609/b260911.lzh,2026-10-03T18:36:20.032921+09:00
20260911,02,戸田,5,20260911-02-05,1,3514,山一鉄也,59,福岡,53.0,A2,5.56,38.46,5.15,35.0,64,29.41,75,0.0,,9,https://www1.mbrace.or.jp/od2/B/202609/b260911.lzh,2026-10-03T18:36:20.032921+09:00
20260911,02,戸田,5,20260911-02-05,2,4692,酒井俊弘,42,福井,53.0,B1,4.3,25.0,4.11,22.22,62,25.0,55,0.0,,10,https://www1.mbrace.or.jp/od2/B/202609/b260911.lzh,2026-10-03T18:36:20.032921+09:00
20260911,02,戸田,5,20260911-02-05,3,4846,佐藤駿介,32,山口,51.0,B1,4.31,24.72,4.32,31.58,58,39.13,17,11.11,,,https://www1.mbrace.or.jp/od2/B/202609/b260911.lzh,2026-10-03T18:36:20.032921+09:00
20260911,02,戸田,5,20260911-02-05,4,4295,小坂尚哉,39,兵庫,54.0,A1,7.56,61.9,7.17,61.7,12,17.39,42,40.0,,12,https://www1.mbrace.or.jp/od2/B/202609/b260911.lzh,2026-10-03T18:36:20.032921+09:00
20260911,02,戸田,5,20260911-02-05,5,3589,西村勝,53,埼玉,56.0,B1,4.38,27.03,4.38,25.64,18,47.83,33,23.08,,,https://www1.mbrace.or.jp/od2/B/202609/b260911.lzh,2026-10-03T18:36:20.032921+09:00
20260911,02,戸田,5,20260911-02-05,6,4674,池田剛規,39,福岡,52.0,B1,5.41,31.07,5.53,30.56,16,26.09,72,26.67,,1,https://www1.mbrace.or.jp/od2/B/202609/b260911.lzh,2026-10-03T18:36:20.032921+09:00
20260911,02,戸田,6,20260911-02-06,1,4887,富澤祐作,39,群馬,55.0,B1,5.09,32.89,5.49,41.03,51,25.0,44,70.0,,2,https://www1.mbrace.or.jp/od2/B/202609/b260911.lzh,2026-10-03T18:36:20.032921+09:00
20260911,02,戸田,6,20260911-02-06,2,4451,松崎祐太,38,福岡,53.0,A2,6.36,48.08,7.55,55.0,63,44.44,63,50.0,,10,https://www1.mbrace.or.jp/od2/B/202609/b260911.lzh,2026-10-03T18:36:20.032921+09:00
20260911,02,戸田,6,20260911-02-06,3,4578,藤山雅弘,37,大阪,54.0,A2,5.85,42.5,5.16,35.48,9,22.73,74,33.33,,11,https://www1.mbrace.or.jp/od2/B/202609/b260911.lzh,2026-10-03T18:36:20.032921+09:00
20260911,02,戸田,6,20260911-02-06,4,5259,野田昇吾,33,埼玉,56.0,B2,3.39,8.96,3.06,8.99,1,17.39,73,33.33,,,https://www1.mbrace.or.jp/od2/B/202609/b260911.lzh,2026-10-03T18:36:20.032921+09:00
20260911,02,戸田,6,20260911-02-06,5,4351,里岡右貴,40,福岡,54.0,A1,6.89,52.14,6.4,37.21,57,45.45,58,42.86,,12,https://www1.mbrace.or.jp/od2/B/202609/b260911.lzh,2026-10-03T18:36:20.032921+09:00
20260911,02,戸田,6,20260911-02-06,6,5455,澁澤周羽,20,群馬,55.0,B2,1.49,0.0,1.29,0.0,17,31.82,69,53.33,,,https://www1.mbrace.or.jp/od2/B/202609/b260911.lzh,2026-10-03T18:36:20.032921+09:00
20260911,02,戸田,7,20260911-02-07,1,4762,藤原啓史,36,岡山,51.0,A1,7.36,55.65,7.21,35.29,14,54.17,71,29.41,,12,https://www1.mbrace.or.jp/od2/B/202609/b260911.lzh,2026-10-03T18:36:20.032921+09:00
20260911,02,戸田,7,20260911-02-07,2,4973,栗原直也,34,埼玉,52.0,B1,5.18,32.47,5.0,30.86,52,53.33,37,72.22,,,https://www1.mbrace.or.jp/od2/B/202609/b260911.lzh,2026-10-03T18:36:20.032921+09:00
20260911,02,戸田,7,20260911-02-07,3,4866,橋本英一,36,福岡,57.0,B1,4.32,20.99,4.91,27.27,19,21.74,15,42.86,,,https://www1.mbrace.or.jp/od2/B/202609/b260911.lzh,2026-10-03T18:36:20.032921+09:00
20260911,02,戸田,7,20260911-02-07,4,3075,中村裕将,64,埼玉,55.0,B1,5.07,34.94,5.22,32.99,60,25.0,28,54.55,,1,https://www1.mbrace.or.jp/od2/B/202609/b260911.lzh,2026-10-03T18:36:20.032921+09:00
20260911,02,戸田,7,20260911-02-07,5,3814,金子貴志,50,福井,50.0,B1,5.01,27.36,4.24,16.0,50,25.0,53,40.0,,3,https://www1.mbrace.or.jp/od2/B/202609/b260911.lzh,2026-10-03T18:36:20.032921+09:00
20260911,02,戸田,7,20260911-02-07,6,4325,新出浩司,43,大阪,53.0,B1,4.46,17.28,4.26,15.79,65,23.08,68,35.29,,2,https://www1.mbrace.or.jp/od2/B/202609/b260911.lzh,2026-10-03T18:36:20.032921+09:00
20260911,02,戸田,8,20260911-02-08,1,5008,羽野諒,29,福岡,53.0,B1,4.88,23.81,4.49,22.86,10,30.43,41,33.33,,3,https://www1.mbrace.or.jp/od2/B/202609/b260911.lzh,2026-10-03T18:36:20.032921+09:00
20260911,02,戸田,8,20260911-02-08,2,4555,富永大一,37,福岡,54.0,B1,5.23,30.91,4.83,27.59,44,42.86,27,16.67,,1,https://www1.mbrace.or.jp/od2/B/202609/b260911.lzh,2026-10-03T18:36:20.032921+09:00
20260911,02,戸田,8,20260911-02-08,3,5126,山下大輝,30,兵庫,51.0,A1,6.94,54.55,6.71,57.14,36,50.0,47,40.0,,12,https://www1.mbrace.or.jp/od2/B/202609/b260911.lzh,2026-10-03T18:36:20.032921+09:00
20260911,02,戸田,8,20260911-02-08,4,4615,板倉敦史,46,東京,53.0,B1,4.73,26.58,5.27,33.33,54,41.18,61,0.0,,4,https://www1.mbrace.or.jp/od2/B/202609/b260911.lzh,2026-10-03T18:36:20.032921+09:00
20260911,02,戸田,8,20260911-02-08,5,3072,西田靖,64,東京,53.0,B1,3.99,21.51,5.24,39.47,2,20.0,70,0.0,,,https://www1.mbrace.or.jp/od2/B/202609/b260911.lzh,2026-10-03T18:36:20.032921+09:00
20260911,02,戸田,8,20260911-02-08,6,4886,入海馨,30,岡山,55.0,A2,6.44,40.43,0.0,0.0,5,29.41,50,0.0,,,https://www1.mbrace.or.jp/od2/B/202609/b260911.lzh,2026-10-03T18:36:20.032921+09:00
20260911,02,戸田,9,20260911-02-09,1,4388,是澤孝宏,41,滋賀,51.0,A2,6.21,46.55,7.0,65.22,13,37.5,77,45.45,,3,https://www1.mbrace.or.jp/od2/B/202609/b260911.lzh,2026-10-03T18:36:20.032921+09:00
20260911,02,戸田,9,20260911-02-09,2,4163,山崎裕司,44,広島,51.0,A2,5.55,36.97,4.13,31.25,8,54.17,35,18.18,,,https://www1.mbrace.or.jp/od2/B/202609/b260911.lzh,2026-10-03T18:36:20.032921+09:00
20260911,02,戸田,9,20260911-02-09,3,3161,古場輝義,66,大阪,54.0,B1,4.97,28.77,5.82,43.59,61,23.08,62,25.0,,4,https://www1.mbrace.or.jp/od2/B/202609/b260911.lzh,2026-10-03T18:36:20.032921+09:00
20260911,02,戸田,9,20260911-02-09,4,3514,山一鉄也,59,福岡,53.0,A2,5.56,38.46,5.15,35.0,64,29.41,75,0.0,,5,https://www1.mbrace.or.jp/od2/B/202609/b260911.lzh,2026-10-03T18:36:20.032921+09:00
20260911,02,戸田,9,20260911-02-09,5,4865,立具敬司,36,大阪,53.0,B2,3.63,16.67,4.21,21.43,6,37.5,60,35.29,,,https://www1.mbrace.or.jp/od2/B/202609/b260911.lzh,2026-10-03T18:36:20.032921+09:00
20260911,02,戸田,9,20260911-02-09,6,5038,金田智博,28,福井,52.0,A2,6.57,52.46,6.25,37.5,4,47.83,12,21.05,,2,https://www1.mbrace.or.jp/od2/B/202609/b260911.lzh,2026-10-03T18:36:20.032921+09:00
20260911,02,戸田,10,20260911-02-10,1,4363,大野芳顕,41,福岡,52.0,A2,5.42,35.45,5.12,32.56,22,21.74,23,34.78,,4,https://www1.mbrace.or.jp/od2/B/202609/b260911.lzh,2026-10-03T18:36:20.032921+09:00
20260911,02,戸田,10,20260911-02-10,2,4706,三浦洋次,37,愛知,48.0,A2,5.67,45.36,5.54,36.59,53,66.67,43,42.86,,2,https://www1.mbrace.or.jp/od2/B/202609/b260911.lzh,2026-10-03T18:36:20.032921+09:00
20260911,02,戸田,10,20260911-02-10,3,4631,新井英孝,39,大阪,53.0,B1,4.68,28.21,5.15,50.0,49,25.0,46,23.81,,1,https://www1.mbrace.or.jp/od2/B/202609/b260911.lzh,2026-10-03T18:36:20.032921+09:00
20260911,02,戸田,10,20260911-02-10,4,4692,酒井俊弘,42,福井,53.0,B1,4.3,25.0,4.11,22.22,62,25.0,55,0.0,,5,https://www1.mbrace.or.jp/od2/B/202609/b260911.lzh,2026-10-03T18:36:20.032921+09:00
20260911,02,戸田,10,20260911-02-10,5,4451,松崎祐太,38,福岡,53.0,A2,6.36,48.08,7.55,55.0,63,44.44,63,50.0,,6,https://www1.mbrace.or.jp/od2/B/202609/b260911.lzh,2026-10-03T18:36:20.032921+09:00
20260911,02,戸田,10,20260911-02-10,6,3711,江本真治,52,山口,53.0,A2,5.91,39.47,0.0,0.0,59,36.36,59,33.33,,,https://www1.mbrace.or.jp/od2/B/202609/b260911.lzh,2026-10-03T18:36:20.032921+09:00
20260911,02,戸田,11,20260911-02-11,1,5220,青木蓮,25,埼玉,51.0,A2,6.55,49.52,6.49,47.33,56,52.94,20,36.36,,3,https://www1.mbrace.or.jp/od2/B/202609/b260911.lzh,2026-10-03T18:36:20.032921+09:00
20260911,02,戸田,11,20260911-02-11,2,4578,藤山雅弘,37,大阪,54.0,A2,5.85,42.5,5.16,35.48,9,22.73,74,33.33,,6,https://www1.mbrace.or.jp/od2/B/202609/b260911.lzh,2026-10-03T18:36:20.032921+09:00
20260911,02,戸田,11,20260911-02-11,3,3692,竹腰正樹,55,福井,51.0,B1,5.19,32.76,5.13,29.17,21,62.5,67,25.0,,2,https://www1.mbrace.or.jp/od2/B/202609/b260911.lzh,2026-10-03T18:36:20.032921+09:00
20260911,02,戸田,11,20260911-02-11,4,4883,岡部大輝,30,東京,52.0,A2,6.41,50.46,5.54,32.14,7,21.74,38,31.25,,4,https://www1.mbrace.or.jp/od2/B/202609/b260911.lzh,2026-10-03T18:36:20.032921+09:00
20260911,02,戸田,11,20260911-02-11,5,4572,渡部悟,38,大阪,56.0,B1,5.58,36.67,4.84,36.0,25,26.32,45,40.91,,1,https://www1.mbrace.or.jp/od2/B/202609/b260911.lzh,2026-10-03T18:36:20.032921+09:00
20260911,02,戸田,11,20260911-02-11,6,4539,金子賢志,35,群馬,54.0,A1,6.32,42.61,3.43,14.29,20,30.43,51,40.0,,,https://www1.mbrace.or.jp/od2/B/202609/b260911.lzh,2026-10-03T18:36:20.032921+09:00
20260911,02,戸田,12,20260911-02-12,1,4295,小坂尚哉,39,兵庫,54.0,A1,7.56,61.9,7.17,61.7,12,17.39,42,40.0,,5,https://www1.mbrace.or.jp/od2/B/202609/b260911.lzh,2026-10-03T18:36:20.032921+09:00
20260911,02,戸田,12,20260911-02-12,2,4351,里岡右貴,40,福岡,54.0,A1,6.89,52.14,6.4,37.21,57,45.45,58,42.86,,6,https://www1.mbrace.or.jp/od2/B/202609/b260911.lzh,2026-10-03T18:36:20.032921+09:00
20260911,02,戸田,12,20260911-02-12,3,4370,山口達也,39,岡山,53.0,A1,6.6,53.66,7.69,56.25,15,52.17,65,35.29,,3,https://www1.mbrace.or.jp/od2/B/202609/b260911.lzh,2026-10-03T18:36:20.032921+09:00
20260911,02,戸田,12,20260911-02-12,4,4762,藤原啓史,36,岡山,51.0,A1,7.36,55.65,7.21,35.29,14,54.17,71,29.41,,7,https://www1.mbrace.or.jp/od2/B/202609/b260911.lzh,2026-10-03T18:36:20.032921+09:00
20260911,02,戸田,12,20260911-02-12,5,4467,渡邉俊介,40,愛知,51.0,A1,6.32,41.67,5.63,37.5,3,37.5,66,7.69,,4,https://www1.mbrace.or.jp/od2/B/202609/b260911.lzh,2026-10-03T18:36:20.032921+09:00
20260911,02,戸田,12,20260911-02-12,6,5126,山下大輝,30,兵庫,51.0,A1,6.94,54.55,6.71,57.14,36,50.0,47,40.0,,8,https://www1.mbrace.or.jp/od2/B/202609/b260911.lzh,2026-10-03T18:36:20.032921+09:00
