date,venue_code,venue_name,race,race_id,boat,registration_no,racer_name,age,branch,weight_kg,grade,national_win_rate,national_top2_rate,local_win_rate,local_top2_rate,motor_no,motor_top2_rate,boat_no,boat_top2_rate,series_results_raw,early_race_raw,source_url,collected_at
20260706,24,大村,1,20260706-24-01,1,4213,重富伸也,42,長崎,54.0,B1,4.04,23.29,4.49,27.73,18,13.64,61,8.7,5,8,https://www1.mbrace.or.jp/od2/B/202607/b260706.lzh,2026-10-03T18:25:36.976873+09:00
20260706,24,大村,1,20260706-24-01,2,3617,竹田広樹,53,佐賀,54.0,B1,4.03,21.67,3.0,14.29,65,45.45,71,33.33,1,11,https://www1.mbrace.or.jp/od2/B/202607/b260706.lzh,2026-10-03T18:25:36.976873+09:00
20260706,24,大村,1,20260706-24-01,3,4447,深川麻奈,39,福岡,47.0,B1,5.23,30.93,6.36,52.0,59,50.0,76,16.13,3,10,https://www1.mbrace.or.jp/od2/B/202607/b260706.lzh,2026-10-03T18:25:36.976873+09:00
20260706,24,大村,1,20260706-24-01,4,3583,齋藤智裕,53,埼玉,57.0,B1,3.46,10.29,3.63,15.79,17,60.0,28,37.04,1,6,https://www1.mbrace.or.jp/od2/B/202607/b260706.lzh,2026-10-03T18:25:36.976873+09:00
20260706,24,大村,1,20260706-24-01,5,5438,星田夢結,20,福岡,50.0,B2,1.53,0.0,2.11,0.0,72,13.04,43,35.71,5,7,https://www1.mbrace.or.jp/od2/B/202607/b260706.lzh,2026-10-03T18:25:36.976873+09:00
20260706,24,大村,1,20260706-24-01,6,3973,崎利仁,49,群馬,55.0,B1,4.21,21.28,3.43,0.0,55,22.22,44,10.0,2,9,https://www1.mbrace.or.jp/od2/B/202607/b260706.lzh,2026-10-03T18:25:36.976873+09:00
20260706,24,大村,2,20260706-24-02,1,3581,加木郁,53,山口,53.0,B1,5.35,31.37,5.49,35.9,57,48.0,53,21.43,43,,https://www1.mbrace.or.jp/od2/B/202607/b260706.lzh,2026-10-03T18:25:36.976873+09:00
20260706,24,大村,2,20260706-24-02,2,4750,井上尚悟,39,大阪,52.0,B1,5.59,38.75,4.0,10.0,58,42.86,85,56.52,4,12,https://www1.mbrace.or.jp/od2/B/202607/b260706.lzh,2026-10-03T18:25:36.976873+09:00
20260706,24,大村,2,20260706-24-02,3,3357,福島陽子,57,岡山,48.0,B1,4.23,18.18,3.88,17.65,73,8.33,78,27.27,6,10,https://www1.mbrace.or.jp/od2/B/202607/b260706.lzh,2026-10-03T18:25:36.976873+09:00
20260706,24,大村,2,20260706-24-02,4,4402,乙藤智史,41,福岡,54.0,A2,5.96,40.22,5.33,36.36,49,37.04,38,33.33,4,7,https://www1.mbrace.or.jp/od2/B/202607/b260706.lzh,2026-10-03T18:25:36.976873+09:00
20260706,24,大村,2,20260706-24-02,5,5423,高橋嗣穏,24,徳島,51.0,B2,1.14,0.0,0.0,0.0,11,12.0,50,60.71,6,8,https://www1.mbrace.or.jp/od2/B/202607/b260706.lzh,2026-10-03T18:25:36.976873+09:00
20260706,24,大村,2,20260706-24-02,6,4276,鈴木勝博,43,愛知,53.0,A2,5.82,43.01,6.19,40.54,36,30.77,22,7.14,3,11,https://www1.mbrace.or.jp/od2/B/202607/b260706.lzh,2026-10-03T18:25:36.976873+09:00
20260706,24,大村,3,20260706-24-03,1,4592,小林孝弘,45,山口,51.0,B1,4.79,26.76,3.68,12.9,68,25.0,29,38.46,4,9,https://www1.mbrace.or.jp/od2/B/202607/b260706.lzh,2026-10-03T18:25:36.976873+09:00
20260706,24,大村,3,20260706-24-03,2,4875,大塚康雅,31,東京,51.0,B1,5.19,32.94,5.02,26.09,37,36.0,83,36.36,1,,https://www1.mbrace.or.jp/od2/B/202607/b260706.lzh,2026-10-03T18:25:36.976873+09:00
20260706,24,大村,3,20260706-24-03,3,3975,小野寺智,49,香川,52.0,A2,5.68,34.02,5.67,32.56,46,38.46,21,18.52,2,12,https://www1.mbrace.or.jp/od2/B/202607/b260706.lzh,2026-10-03T18:25:36.976873+09:00
20260706,24,大村,3,20260706-24-03,4,4123,細川裕子,44,愛知,47.0,A1,6.74,50.0,5.2,30.0,19,25.0,81,56.52,15,10,https://www1.mbrace.or.jp/od2/B/202607/b260706.lzh,2026-10-03T18:25:36.976873+09:00
20260706,24,大村,3,20260706-24-03,5,3997,北村征嗣,47,大阪,53.0,A1,6.29,42.15,6.51,48.57,77,27.27,45,42.86,1,11,https://www1.mbrace.or.jp/od2/B/202607/b260706.lzh,2026-10-03T18:25:36.976873+09:00
20260706,24,大村,3,20260706-24-03,6,3761,山本光雄,54,滋賀,54.0,B1,5.44,35.8,4.89,34.29,50,0.0,30,11.11,54,8,https://www1.mbrace.or.jp/od2/B/202607/b260706.lzh,2026-10-03T18:25:36.976873+09:00
20260706,24,大村,4,20260706-24-04,1,4552,杉山勝匡,37,佐賀,50.0,B1,4.67,28.57,4.98,32.0,74,27.27,52,15.0,66,12,https://www1.mbrace.or.jp/od2/B/202607/b260706.lzh,2026-10-03T18:25:36.976873+09:00
20260706,24,大村,4,20260706-24-04,2,3611,岩崎芳美,53,徳島,48.0,A2,6.2,41.67,4.2,33.33,34,53.85,35,45.0,21,9,https://www1.mbrace.or.jp/od2/B/202607/b260706.lzh,2026-10-03T18:25:36.976873+09:00
20260706,24,大村,4,20260706-24-04,3,5280,廣瀬凜,23,滋賀,52.0,A1,7.24,55.93,3.88,12.5,80,26.92,26,20.0,3S,11,https://www1.mbrace.or.jp/od2/B/202607/b260706.lzh,2026-10-03T18:25:36.976873+09:00
20260706,24,大村,4,20260706-24-04,4,3850,小川知行,54,群馬,55.0,B1,4.41,24.73,3.93,13.33,75,20.0,72,33.33,25,,https://www1.mbrace.or.jp/od2/B/202607/b260706.lzh,2026-10-03T18:25:36.976873+09:00
20260706,24,大村,4,20260706-24-04,5,5011,高木圭大,29,長崎,53.0,B1,3.66,16.22,4.13,22.62,47,45.83,69,43.48,53,,https://www1.mbrace.or.jp/od2/B/202607/b260706.lzh,2026-10-03T18:25:36.976873+09:00
20260706,24,大村,4,20260706-24-04,6,3207,田村美和,60,東京,53.0,B1,3.28,13.92,2.57,0.0,51,25.0,31,47.83,6,10,https://www1.mbrace.or.jp/od2/B/202607/b260706.lzh,2026-10-03T18:25:36.976873+09:00
20260706,24,大村,5,20260706-24-05,1,3845,中谷朋子,49,兵庫,46.0,A2,5.45,32.84,6.33,42.86,53,50.0,67,29.17,42,10,https://www1.mbrace.or.jp/od2/B/202607/b260706.lzh,2026-10-03T18:25:36.976873+09:00
20260706,24,大村,5,20260706-24-05,2,4931,木谷賢太,30,香川,54.0,A1,6.84,50.0,5.94,38.89,14,32.14,66,27.27,4,11,https://www1.mbrace.or.jp/od2/B/202607/b260706.lzh,2026-10-03T18:25:36.976873+09:00
20260706,24,大村,5,20260706-24-05,3,4873,蒲原健太,32,佐賀,52.0,B1,5.04,30.7,5.91,34.88,26,28.0,59,47.83,4,,https://www1.mbrace.or.jp/od2/B/202607/b260706.lzh,2026-10-03T18:25:36.976873+09:00
20260706,24,大村,5,20260706-24-05,4,5227,川原愛未,24,福岡,54.0,B2,2.5,16.67,1.71,0.0,27,23.81,39,47.62,64,,https://www1.mbrace.or.jp/od2/B/202607/b260706.lzh,2026-10-03T18:25:36.976873+09:00
20260706,24,大村,5,20260706-24-05,5,4594,谷川祐一,44,滋賀,54.0,B1,6.05,45.45,6.2,45.71,12,4.0,82,29.17,33,,https://www1.mbrace.or.jp/od2/B/202607/b260706.lzh,2026-10-03T18:25:36.976873+09:00
20260706,24,大村,5,20260706-24-05,6,3703,鳥飼眞,52,福岡,50.0,A2,6.05,46.23,5.7,39.13,39,35.71,40,35.71,1,12,https://www1.mbrace.or.jp/od2/B/202607/b260706.lzh,2026-10-03T18:25:36.976873+09:00
20260706,24,大村,6,20260706-24-06,1,4182,吉田和仁,42,滋賀,55.0,B1,4.83,27.62,4.2,20.0,31,50.0,36,35.71,42,,https://www1.mbrace.or.jp/od2/B/202607/b260706.lzh,2026-10-03T18:25:36.976873+09:00
20260706,24,大村,6,20260706-24-06,2,4757,山田祐也,36,徳島,53.0,A1,6.67,44.33,6.8,48.0,54,40.74,54,11.76,21,12,https://www1.mbrace.or.jp/od2/B/202607/b260706.lzh,2026-10-03T18:25:36.976873+09:00
20260706,24,大村,6,20260706-24-06,3,3583,齋藤智裕,53,埼玉,57.0,B1,3.46,10.29,3.63,15.79,17,60.0,28,37.04,1,1,https://www1.mbrace.or.jp/od2/B/202607/b260706.lzh,2026-10-03T18:25:36.976873+09:00
20260706,24,大村,6,20260706-24-06,4,4096,石橋道友,44,長崎,53.0,A1,5.99,41.76,7.3,59.68,69,35.29,73,45.83,62,,https://www1.mbrace.or.jp/od2/B/202607/b260706.lzh,2026-10-03T18:25:36.976873+09:00
20260706,24,大村,6,20260706-24-06,5,4729,佐藤謙史,37,福岡,57.0,B1,4.21,17.91,3.92,8.33,43,26.92,80,29.17,5,11,https://www1.mbrace.or.jp/od2/B/202607/b260706.lzh,2026-10-03T18:25:36.976873+09:00
20260706,24,大村,6,20260706-24-06,6,4020,川上清人,46,香川,66.0,B1,4.48,27.85,3.0,5.26,81,37.5,70,45.45,45,,https://www1.mbrace.or.jp/od2/B/202607/b260706.lzh,2026-10-03T18:25:36.976873+09:00
20260706,24,大村,7,20260706-24-07,1,4402,乙藤智史,41,福岡,54.0,A2,5.96,40.22,5.33,36.36,49,37.04,38,33.33,4,2,https://www1.mbrace.or.jp/od2/B/202607/b260706.lzh,2026-10-03T18:25:36.976873+09:00
20260706,24,大村,7,20260706-24-07,2,3353,前田光昭,58,埼玉,52.0,B1,3.28,11.67,0.0,0.0,35,30.77,57,36.0,16,,https://www1.mbrace.or.jp/od2/B/202607/b260706.lzh,2026-10-03T18:25:36.976873+09:00
20260706,24,大村,7,20260706-24-07,3,4150,山田雄太,44,静岡,58.0,A2,5.94,43.01,5.47,35.29,44,53.85,75,38.89,66,,https://www1.mbrace.or.jp/od2/B/202607/b260706.lzh,2026-10-03T18:25:36.976873+09:00
20260706,24,大村,7,20260706-24-07,4,5298,水谷理人,23,香川,51.0,A1,7.15,54.46,4.03,20.0,38,36.0,77,27.27,14,12,https://www1.mbrace.or.jp/od2/B/202607/b260706.lzh,2026-10-03T18:25:36.976873+09:00
20260706,24,大村,7,20260706-24-07,5,4119,泥谷一毅,45,大阪,54.0,B1,6.01,37.5,4.29,23.81,60,26.09,79,40.91,15,,https://www1.mbrace.or.jp/od2/B/202607/b260706.lzh,2026-10-03T18:25:36.976873+09:00
20260706,24,大村,7,20260706-24-07,6,5438,星田夢結,20,福岡,50.0,B2,1.53,0.0,2.11,0.0,72,13.04,43,35.71,5,1,https://www1.mbrace.or.jp/od2/B/202607/b260706.lzh,2026-10-03T18:25:36.976873+09:00
20260706,24,大村,8,20260706-24-08,1,3566,川添英正,56,福岡,52.0,B1,4.6,24.39,4.91,21.74,16,30.77,60,27.27,55,,https://www1.mbrace.or.jp/od2/B/202607/b260706.lzh,2026-10-03T18:25:36.976873+09:00
20260706,24,大村,8,20260706-24-08,2,3761,山本光雄,54,滋賀,54.0,B1,5.44,35.8,4.89,34.29,50,0.0,30,11.11,54,3,https://www1.mbrace.or.jp/od2/B/202607/b260706.lzh,2026-10-03T18:25:36.976873+09:00
20260706,24,大村,8,20260706-24-08,3,4213,重富伸也,42,長崎,54.0,B1,4.04,23.29,4.49,27.73,18,13.64,61,8.7,5,1,https://www1.mbrace.or.jp/od2/B/202607/b260706.lzh,2026-10-03T18:25:36.976873+09:00
20260706,24,大村,8,20260706-24-08,4,4019,笠原亮,46,静岡,53.0,A1,6.9,50.0,8.16,73.68,52,34.62,55,31.82,21,,https://www1.mbrace.or.jp/od2/B/202607/b260706.lzh,2026-10-03T18:25:36.976873+09:00
20260706,24,大村,8,20260706-24-08,5,4486,野村誠,40,群馬,53.0,A2,5.81,41.67,3.18,18.18,48,33.33,49,40.0,32,,https://www1.mbrace.or.jp/od2/B/202607/b260706.lzh,2026-10-03T18:25:36.976873+09:00
20260706,24,大村,8,20260706-24-08,6,5423,高橋嗣穏,24,徳島,51.0,B2,1.14,0.0,0.0,0.0,11,12.0,50,60.71,6,2,https://www1.mbrace.or.jp/od2/B/202607/b260706.lzh,2026-10-03T18:25:36.976873+09:00
20260706,24,大村,9,20260706-24-09,1,3826,村田修次,52,東京,54.0,A2,6.32,45.37,6.05,42.11,40,23.08,62,50.0,32,,https://www1.mbrace.or.jp/od2/B/202607/b260706.lzh,2026-10-03T18:25:36.976873+09:00
20260706,24,大村,9,20260706-24-09,2,3973,崎利仁,49,群馬,55.0,B1,4.21,21.28,3.43,0.0,55,22.22,44,10.0,2,1,https://www1.mbrace.or.jp/od2/B/202607/b260706.lzh,2026-10-03T18:25:36.976873+09:00
20260706,24,大村,9,20260706-24-09,3,4960,黒野元基,30,愛知,52.0,A1,7.66,64.76,8.0,83.33,56,42.86,27,20.69,33,,https://www1.mbrace.or.jp/od2/B/202607/b260706.lzh,2026-10-03T18:25:36.976873+09:00
20260706,24,大村,9,20260706-24-09,4,4592,小林孝弘,45,山口,51.0,B1,4.79,26.76,3.68,12.9,68,25.0,29,38.46,4,3,https://www1.mbrace.or.jp/od2/B/202607/b260706.lzh,2026-10-03T18:25:36.976873+09:00
20260706,24,大村,9,20260706-24-09,5,5289,佃來紀,25,大阪,52.0,A2,5.92,41.3,0.0,0.0,21,17.39,84,7.69,25,,https://www1.mbrace.or.jp/od2/B/202607/b260706.lzh,2026-10-03T18:25:36.976873+09:00
20260706,24,大村,9,20260706-24-09,6,3611,岩崎芳美,53,徳島,48.0,A2,6.2,41.67,4.2,33.33,34,53.85,35,45.0,21,4,https://www1.mbrace.or.jp/od2/B/202607/b260706.lzh,2026-10-03T18:25:36.976873+09:00
20260706,24,大村,10,20260706-24-10,1,4123,細川裕子,44,愛知,47.0,A1,6.74,50.0,5.2,30.0,19,25.0,81,56.52,15,3,https://www1.mbrace.or.jp/od2/B/202607/b260706.lzh,2026-10-03T18:25:36.976873+09:00
20260706,24,大村,10,20260706-24-10,2,3207,田村美和,60,東京,53.0,B1,3.28,13.92,2.57,0.0,51,25.0,31,47.83,6,4,https://www1.mbrace.or.jp/od2/B/202607/b260706.lzh,2026-10-03T18:25:36.976873+09:00
20260706,24,大村,10,20260706-24-10,3,5310,土屋蘭,21,岡山,45.0,B1,4.54,17.54,3.4,10.0,33,42.31,48,46.43,63,,https://www1.mbrace.or.jp/od2/B/202607/b260706.lzh,2026-10-03T18:25:36.976873+09:00
20260706,24,大村,10,20260706-24-10,4,4447,深川麻奈,39,福岡,47.0,B1,5.23,30.93,6.36,52.0,59,50.0,76,16.13,3,1,https://www1.mbrace.or.jp/od2/B/202607/b260706.lzh,2026-10-03T18:25:36.976873+09:00
20260706,24,大村,10,20260706-24-10,5,3845,中谷朋子,49,兵庫,46.0,A2,5.45,32.84,6.33,42.86,53,50.0,67,29.17,42,5,https://www1.mbrace.or.jp/od2/B/202607/b260706.lzh,2026-10-03T18:25:36.976873+09:00
20260706,24,大村,10,20260706-24-10,6,3357,福島陽子,57,岡山,48.0,B1,4.23,18.18,3.88,17.65,73,8.33,78,27.27,6,2,https://www1.mbrace.or.jp/od2/B/202607/b260706.lzh,2026-10-03T18:25:36.976873+09:00
20260706,24,大村,11,20260706-24-11,1,5280,廣瀬凜,23,滋賀,52.0,A1,7.24,55.93,3.88,12.5,80,26.92,26,20.0,3S,4,https://www1.mbrace.or.jp/od2/B/202607/b260706.lzh,2026-10-03T18:25:36.976873+09:00
20260706,24,大村,11,20260706-24-11,2,4276,鈴木勝博,43,愛知,53.0,A2,5.82,43.01,6.19,40.54,36,30.77,22,7.14,3,2,https://www1.mbrace.or.jp/od2/B/202607/b260706.lzh,2026-10-03T18:25:36.976873+09:00
20260706,24,大村,11,20260706-24-11,3,4729,佐藤謙史,37,福岡,57.0,B1,4.21,17.91,3.92,8.33,43,26.92,80,29.17,5,6,https://www1.mbrace.or.jp/od2/B/202607/b260706.lzh,2026-10-03T18:25:36.976873+09:00
20260706,24,大村,11,20260706-24-11,4,3997,北村征嗣,47,大阪,53.0,A1,6.29,42.15,6.51,48.57,77,27.27,45,42.86,1,3,https://www1.mbrace.or.jp/od2/B/202607/b260706.lzh,2026-10-03T18:25:36.976873+09:00
20260706,24,大村,11,20260706-24-11,5,3617,竹田広樹,53,佐賀,54.0,B1,4.03,21.67,3.0,14.29,65,45.45,71,33.33,1,1,https://www1.mbrace.or.jp/od2/B/202607/b260706.lzh,2026-10-03T18:25:36.976873+09:00
20260706,24,大村,11,20260706-24-11,6,4931,木谷賢太,30,香川,54.0,A1,6.84,50.0,5.94,38.89,14,32.14,66,27.27,4,5,https://www1.mbrace.or.jp/od2/B/202607/b260706.lzh,2026-10-03T18:25:36.976873+09:00
20260706,24,大村,12,20260706-24-12,1,5298,水谷理人,23,香川,51.0,A1,7.15,54.46,4.03,20.0,38,36.0,77,27.27,14,7,https://www1.mbrace.or.jp/od2/B/202607/b260706.lzh,2026-10-03T18:25:36.976873+09:00
20260706,24,大村,12,20260706-24-12,2,3703,鳥飼眞,52,福岡,50.0,A2,6.05,46.23,5.7,39.13,39,35.71,40,35.71,1,5,https://www1.mbrace.or.jp/od2/B/202607/b260706.lzh,2026-10-03T18:25:36.976873+09:00
20260706,24,大村,12,20260706-24-12,3,4750,井上尚悟,39,大阪,52.0,B1,5.59,38.75,4.0,10.0,58,42.86,85,56.52,4,2,https://www1.mbrace.or.jp/od2/B/202607/b260706.lzh,2026-10-03T18:25:36.976873+09:00
20260706,24,大村,12,20260706-24-12,4,4552,杉山勝匡,37,佐賀,50.0,B1,4.67,28.57,4.98,32.0,74,27.27,52,15.0,66,4,https://www1.mbrace.or.jp/od2/B/202607/b260706.lzh,2026-10-03T18:25:36.976873+09:00
20260706,24,大村,12,20260706-24-12,5,3975,小野寺智,49,香川,52.0,A2,5.68,34.02,5.67,32.56,46,38.46,21,18.52,2,3,https://www1.mbrace.or.jp/od2/B/202607/b260706.lzh,2026-10-03T18:25:36.976873+09:00
20260706,24,大村,12,20260706-24-12,6,4757,山田祐也,36,徳島,53.0,A1,6.67,44.33,6.8,48.0,54,40.74,54,11.76,21,6,https://www1.mbrace.or.jp/od2/B/202607/b260706.lzh,2026-10-03T18:25:36.976873+09:00
20260706,22,福岡,1,20260706-22-01,1,4832,権藤俊光,39,大阪,52.0,A1,6.54,43.52,7.1,54.84,14,41.33,130,38.46,341 123225,11,https://www1.mbrace.or.jp/od2/B/202607/b260706.lzh,2026-10-03T18:25:36.976873+09:00
20260706,22,福岡,1,20260706-22-01,2,5352,西岡蒼志,21,香川,54.0,B1,4.98,30.68,3.81,19.23,74,43.28,109,44.26,1 12244 45,10,https://www1.mbrace.or.jp/od2/B/202607/b260706.lzh,2026-10-03T18:25:36.976873+09:00
20260706,22,福岡,1,20260706-22-01,3,5359,佐藤世那,20,東京,55.0,B1,4.49,27.69,0.0,0.0,11,37.7,103,26.15,5 656 552,5,https://www1.mbrace.or.jp/od2/B/202607/b260706.lzh,2026-10-03T18:25:36.976873+09:00
20260706,22,福岡,1,20260706-22-01,4,4666,日笠勝弘,42,大阪,52.0,B1,4.02,21.54,5.55,34.48,36,29.41,140,28.13,5 256 645,8,https://www1.mbrace.or.jp/od2/B/202607/b260706.lzh,2026-10-03T18:25:36.976873+09:00
20260706,22,福岡,1,20260706-22-01,5,5383,中村楓,21,三重,53.0,B1,2.18,0.0,0.0,0.0,24,22.41,167,50.0,6 563 554,7,https://www1.mbrace.or.jp/od2/B/202607/b260706.lzh,2026-10-03T18:25:36.976873+09:00
20260706,22,福岡,1,20260706-22-01,6,5458,田中大輝,19,福岡,52.0,B2,1.35,0.0,1.67,0.0,16,56.76,113,24.19,666 656 S,6,https://www1.mbrace.or.jp/od2/B/202607/b260706.lzh,2026-10-03T18:25:36.976873+09:00
20260706,22,福岡,2,20260706-22-02,1,3306,武田正紀,58,埼玉,56.0,B1,3.89,17.11,5.34,27.59,73,31.25,119,36.51,6 535 343,6,https://www1.mbrace.or.jp/od2/B/202607/b260706.lzh,2026-10-03T18:25:36.976873+09:00
20260706,22,福岡,2,20260706-22-02,2,4669,井上茂,41,福岡,54.0,B1,4.81,25.93,4.07,17.86,57,37.5,144,21.88,5 254 4154,,https://www1.mbrace.or.jp/od2/B/202607/b260706.lzh,2026-10-03T18:25:36.976873+09:00
20260706,22,福岡,2,20260706-22-02,3,5023,久永祥平,31,東京,52.0,A2,5.83,33.33,4.59,24.14,58,38.24,123,46.15,2 45431115,10,https://www1.mbrace.or.jp/od2/B/202607/b260706.lzh,2026-10-03T18:25:36.976873+09:00
20260706,22,福岡,2,20260706-22-02,4,5407,中岡駿,21,香川,52.0,B1,2.22,3.85,1.33,0.0,32,24.64,165,35.0,165 465 6,8,https://www1.mbrace.or.jp/od2/B/202607/b260706.lzh,2026-10-03T18:25:36.976873+09:00
20260706,22,福岡,2,20260706-22-02,5,5405,竹内来,22,愛知,51.0,B1,2.19,1.85,0.0,0.0,39,50.0,102,28.99,5 566 434,7,https://www1.mbrace.or.jp/od2/B/202607/b260706.lzh,2026-10-03T18:25:36.976873+09:00
20260706,22,福岡,2,20260706-22-02,6,5379,廣部大明,22,滋賀,52.0,B1,3.32,8.33,0.0,0.0,75,40.0,166,28.33,5 363 544,7,https://www1.mbrace.or.jp/od2/B/202607/b260706.lzh,2026-10-03T18:25:36.976873+09:00
20260706,22,福岡,3,20260706-22-03,1,3544,豊田訓靖,57,静岡,52.0,B1,3.66,15.0,0.0,0.0,38,28.38,160,43.33,6 446 344,8,https://www1.mbrace.or.jp/od2/B/202607/b260706.lzh,2026-10-03T18:25:36.976873+09:00
20260706,22,福岡,3,20260706-22-03,2,4495,森晋太郎,39,福岡,53.0,B2,5.41,32.43,4.9,29.41,52,35.09,129,30.3,231 163 16,11,https://www1.mbrace.or.jp/od2/B/202607/b260706.lzh,2026-10-03T18:25:36.976873+09:00
20260706,22,福岡,3,20260706-22-03,3,4470,平田健之,39,三重,53.0,A2,6.57,48.05,0.0,0.0,44,28.89,142,11.67,43463 262,9,https://www1.mbrace.or.jp/od2/B/202607/b260706.lzh,2026-10-03T18:25:36.976873+09:00
20260706,22,福岡,3,20260706-22-03,4,5033,藤原孝斗,28,愛知,55.0,B1,4.17,25.76,3.24,13.16,51,22.67,150,29.03,5 546 232,8,https://www1.mbrace.or.jp/od2/B/202607/b260706.lzh,2026-10-03T18:25:36.976873+09:00
20260706,22,福岡,3,20260706-22-03,5,4942,柴田朋哉,36,福岡,55.0,B1,5.38,34.48,5.54,34.0,25,41.67,159,29.03,213 142 14,10,https://www1.mbrace.or.jp/od2/B/202607/b260706.lzh,2026-10-03T18:25:36.976873+09:00
20260706,22,福岡,3,20260706-22-03,6,5432,安藤瑠希,21,静岡,52.0,B1,2.85,6.45,0.0,0.0,22,37.97,172,41.18,S46 5 466,7,https://www1.mbrace.or.jp/od2/B/202607/b260706.lzh,2026-10-03T18:25:36.976873+09:00
20260706,22,福岡,4,20260706-22-04,1,3663,木山和幸,56,広島,50.0,B1,5.5,36.19,5.0,30.0,68,38.89,118,30.77,522 625 56,,https://www1.mbrace.or.jp/od2/B/202607/b260706.lzh,2026-10-03T18:25:36.976873+09:00
20260706,22,福岡,4,20260706-22-04,2,3978,齊藤仁,49,東京,51.0,A2,5.88,34.62,6.34,41.38,67,40.0,155,27.27,1 35351334,10,https://www1.mbrace.or.jp/od2/B/202607/b260706.lzh,2026-10-03T18:25:36.976873+09:00
20260706,22,福岡,4,20260706-22-04,3,4930,佐藤悠,30,福井,52.0,A2,5.97,40.91,6.0,55.56,27,38.89,139,37.7,34L3342 5,8,https://www1.mbrace.or.jp/od2/B/202607/b260706.lzh,2026-10-03T18:25:36.976873+09:00
20260706,22,福岡,4,20260706-22-04,4,5282,中本大樹,23,福井,55.0,B1,5.49,36.84,0.0,0.0,49,37.84,114,32.31,363 233 42,9,https://www1.mbrace.or.jp/od2/B/202607/b260706.lzh,2026-10-03T18:25:36.976873+09:00
20260706,22,福岡,4,20260706-22-04,5,3502,渡邉英児,56,静岡,53.0,A2,5.99,42.86,3.95,25.0,56,45.71,156,41.94,1 14321443,11,https://www1.mbrace.or.jp/od2/B/202607/b260706.lzh,2026-10-03T18:25:36.976873+09:00
20260706,22,福岡,4,20260706-22-04,6,5453,久保翔耶,20,香川,52.0,B2,1.85,3.85,0.0,0.0,19,34.48,152,30.3,5 666 662,8,https://www1.mbrace.or.jp/od2/B/202607/b260706.lzh,2026-10-03T18:25:36.976873+09:00
20260706,22,福岡,5,20260706-22-05,1,3811,石田章央,50,静岡,54.0,A1,6.51,52.21,6.25,50.0,53,25.71,143,30.77,3 34152326,11,https://www1.mbrace.or.jp/od2/B/202607/b260706.lzh,2026-10-03T18:25:36.976873+09:00
20260706,22,福岡,5,20260706-22-05,2,4200,早川尚人,43,大阪,54.0,B1,4.1,19.23,4.7,25.93,29,24.71,153,34.38,3 433 5566,,https://www1.mbrace.or.jp/od2/B/202607/b260706.lzh,2026-10-03T18:25:36.976873+09:00
20260706,22,福岡,5,20260706-22-05,3,4180,上野秀和,43,福岡,56.0,A2,5.3,30.23,5.0,36.84,50,29.49,107,24.56,154 23451,9,https://www1.mbrace.or.jp/od2/B/202607/b260706.lzh,2026-10-03T18:25:36.976873+09:00
20260706,22,福岡,5,20260706-22-05,4,5359,佐藤世那,20,東京,55.0,B1,4.49,27.69,0.0,0.0,11,37.7,103,26.15,5 656 552,1,https://www1.mbrace.or.jp/od2/B/202607/b260706.lzh,2026-10-03T18:25:36.976873+09:00
20260706,22,福岡,5,20260706-22-05,5,5017,澤田尚也,27,滋賀,52.0,A1,6.52,47.12,0.0,0.0,55,33.33,136,32.26,3 12612123,10,https://www1.mbrace.or.jp/od2/B/202607/b260706.lzh,2026-10-03T18:25:36.976873+09:00
20260706,22,福岡,5,20260706-22-05,6,3411,池上隆行,56,広島,53.0,B1,3.66,10.81,0.0,0.0,33,44.83,154,14.06,3 424 F54,,https://www1.mbrace.or.jp/od2/B/202607/b260706.lzh,2026-10-03T18:25:36.976873+09:00
20260706,22,福岡,6,20260706-22-06,1,4877,鈴谷一平,31,兵庫,55.0,A1,5.98,43.33,6.26,42.11,18,21.15,126,44.26,361 511634,11,https://www1.mbrace.or.jp/od2/B/202607/b260706.lzh,2026-10-03T18:25:36.976873+09:00
20260706,22,福岡,6,20260706-22-06,2,4348,宮崎奨,40,香川,56.0,A2,5.91,42.71,6.07,42.86,21,38.81,120,23.19,242 441616,10,https://www1.mbrace.or.jp/od2/B/202607/b260706.lzh,2026-10-03T18:25:36.976873+09:00
20260706,22,福岡,6,20260706-22-06,3,5338,香月大輝,25,福岡,52.0,B1,4.39,23.61,2.45,4.48,34,36.05,148,40.0,643 144 65,,https://www1.mbrace.or.jp/od2/B/202607/b260706.lzh,2026-10-03T18:25:36.976873+09:00
20260706,22,福岡,6,20260706-22-06,4,3306,武田正紀,58,埼玉,56.0,B1,3.89,17.11,5.34,27.59,73,31.25,119,36.51,6 535 343,2,https://www1.mbrace.or.jp/od2/B/202607/b260706.lzh,2026-10-03T18:25:36.976873+09:00
20260706,22,福岡,6,20260706-22-06,5,5458,田中大輝,19,福岡,52.0,B2,1.35,0.0,1.67,0.0,16,56.76,113,24.19,666 656 S,1,https://www1.mbrace.or.jp/od2/B/202607/b260706.lzh,2026-10-03T18:25:36.976873+09:00
20260706,22,福岡,6,20260706-22-06,6,5434,藤田康生,21,静岡,52.0,B1,2.92,10.0,0.0,0.0,28,41.79,163,40.35,445 416 56,,https://www1.mbrace.or.jp/od2/B/202607/b260706.lzh,2026-10-03T18:25:36.976873+09:00
20260706,22,福岡,7,20260706-22-07,1,4074,柳沢一,45,愛知,51.0,A1,6.46,50.0,5.85,37.04,71,47.37,137,32.26,1323423 23,11,https://www1.mbrace.or.jp/od2/B/202607/b260706.lzh,2026-10-03T18:25:36.976873+09:00
20260706,22,福岡,7,20260706-22-07,2,3911,鈴木猛,52,東京,53.0,B1,5.38,33.65,4.17,19.44,35,26.87,162,39.68,452 552 63,,https://www1.mbrace.or.jp/od2/B/202607/b260706.lzh,2026-10-03T18:25:36.976873+09:00
20260706,22,福岡,7,20260706-22-07,3,5379,廣部大明,22,滋賀,52.0,B1,3.32,8.33,0.0,0.0,75,40.0,166,28.33,5 363 544,2,https://www1.mbrace.or.jp/od2/B/202607/b260706.lzh,2026-10-03T18:25:36.976873+09:00
20260706,22,福岡,7,20260706-22-07,4,5405,竹内来,22,愛知,51.0,B1,2.19,1.85,0.0,0.0,39,50.0,102,28.99,5 566 434,2,https://www1.mbrace.or.jp/od2/B/202607/b260706.lzh,2026-10-03T18:25:36.976873+09:00
20260706,22,福岡,7,20260706-22-07,5,5432,安藤瑠希,21,静岡,52.0,B1,2.85,6.45,0.0,0.0,22,37.97,172,41.18,S46 5 466,3,https://www1.mbrace.or.jp/od2/B/202607/b260706.lzh,2026-10-03T18:25:36.976873+09:00
20260706,22,福岡,7,20260706-22-07,6,5383,中村楓,21,三重,53.0,B1,2.18,0.0,0.0,0.0,24,22.41,167,50.0,6 563 554,1,https://www1.mbrace.or.jp/od2/B/202607/b260706.lzh,2026-10-03T18:25:36.976873+09:00
20260706,22,福岡,8,20260706-22-08,1,4930,佐藤悠,30,福井,52.0,A2,5.97,40.91,6.0,55.56,27,38.89,139,37.7,34L3342 5,4,https://www1.mbrace.or.jp/od2/B/202607/b260706.lzh,2026-10-03T18:25:36.976873+09:00
20260706,22,福岡,8,20260706-22-08,2,4666,日笠勝弘,42,大阪,52.0,B1,4.02,21.54,5.55,34.48,36,29.41,140,28.13,5 256 645,1,https://www1.mbrace.or.jp/od2/B/202607/b260706.lzh,2026-10-03T18:25:36.976873+09:00
20260706,22,福岡,8,20260706-22-08,3,5033,藤原孝斗,28,愛知,55.0,B1,4.17,25.76,3.24,13.16,51,22.67,150,29.03,5 546 232,3,https://www1.mbrace.or.jp/od2/B/202607/b260706.lzh,2026-10-03T18:25:36.976873+09:00
20260706,22,福岡,8,20260706-22-08,4,3544,豊田訓靖,57,静岡,52.0,B1,3.66,15.0,0.0,0.0,38,28.38,160,43.33,6 446 344,3,https://www1.mbrace.or.jp/od2/B/202607/b260706.lzh,2026-10-03T18:25:36.976873+09:00
20260706,22,福岡,8,20260706-22-08,5,5453,久保翔耶,20,香川,52.0,B2,1.85,3.85,0.0,0.0,19,34.48,152,30.3,5 666 662,4,https://www1.mbrace.or.jp/od2/B/202607/b260706.lzh,2026-10-03T18:25:36.976873+09:00
20260706,22,福岡,8,20260706-22-08,6,5407,中岡駿,21,香川,52.0,B1,2.22,3.85,1.33,0.0,32,24.64,165,35.0,165 465 6,2,https://www1.mbrace.or.jp/od2/B/202607/b260706.lzh,2026-10-03T18:25:36.976873+09:00
20260706,22,福岡,9,20260706-22-09,1,4470,平田健之,39,三重,53.0,A2,6.57,48.05,0.0,0.0,44,28.89,142,11.67,43463 262,3,https://www1.mbrace.or.jp/od2/B/202607/b260706.lzh,2026-10-03T18:25:36.976873+09:00
20260706,22,福岡,9,20260706-22-09,2,4139,丹下健,45,愛知,55.0,B1,3.97,21.43,2.91,18.18,72,40.0,101,35.71,146 226 35,,https://www1.mbrace.or.jp/od2/B/202607/b260706.lzh,2026-10-03T18:25:36.976873+09:00
20260706,22,福岡,9,20260706-22-09,3,4293,鈴木智啓,40,愛知,60.0,B1,5.04,29.59,5.04,33.96,30,44.83,128,30.16,264 513 15,,https://www1.mbrace.or.jp/od2/B/202607/b260706.lzh,2026-10-03T18:25:36.976873+09:00
20260706,22,福岡,9,20260706-22-09,4,4303,牧原崇,43,愛知,52.0,B1,4.85,23.88,4.38,25.0,65,40.58,151,18.33,461 325 53,,https://www1.mbrace.or.jp/od2/B/202607/b260706.lzh,2026-10-03T18:25:36.976873+09:00
20260706,22,福岡,9,20260706-22-09,5,5282,中本大樹,23,福井,55.0,B1,5.49,36.84,0.0,0.0,49,37.84,114,32.31,363 233 42,4,https://www1.mbrace.or.jp/od2/B/202607/b260706.lzh,2026-10-03T18:25:36.976873+09:00
20260706,22,福岡,9,20260706-22-09,6,4180,上野秀和,43,福岡,56.0,A2,5.3,30.23,5.0,36.84,50,29.49,107,24.56,154 23451,5,https://www1.mbrace.or.jp/od2/B/202607/b260706.lzh,2026-10-03T18:25:36.976873+09:00
20260706,22,福岡,10,20260706-22-10,1,5017,澤田尚也,27,滋賀,52.0,A1,6.52,47.12,0.0,0.0,55,33.33,136,32.26,3 12612123,5,https://www1.mbrace.or.jp/od2/B/202607/b260706.lzh,2026-10-03T18:25:36.976873+09:00
20260706,22,福岡,10,20260706-22-10,2,4942,柴田朋哉,36,福岡,55.0,B1,5.38,34.48,5.54,34.0,25,41.67,159,29.03,213 142 14,3,https://www1.mbrace.or.jp/od2/B/202607/b260706.lzh,2026-10-03T18:25:36.976873+09:00
20260706,22,福岡,10,20260706-22-10,3,3978,齊藤仁,49,東京,51.0,A2,5.88,34.62,6.34,41.38,67,40.0,155,27.27,1 35351334,4,https://www1.mbrace.or.jp/od2/B/202607/b260706.lzh,2026-10-03T18:25:36.976873+09:00
20260706,22,福岡,10,20260706-22-10,4,5352,西岡蒼志,21,香川,54.0,B1,4.98,30.68,3.81,19.23,74,43.28,109,44.26,1 12244 45,1,https://www1.mbrace.or.jp/od2/B/202607/b260706.lzh,2026-10-03T18:25:36.976873+09:00
20260706,22,福岡,10,20260706-22-10,5,5023,久永祥平,31,東京,52.0,A2,5.83,33.33,4.59,24.14,58,38.24,123,46.15,2 45431115,2,https://www1.mbrace.or.jp/od2/B/202607/b260706.lzh,2026-10-03T18:25:36.976873+09:00
20260706,22,福岡,10,20260706-22-10,6,4348,宮崎奨,40,香川,56.0,A2,5.91,42.71,6.07,42.86,21,38.81,120,23.19,242 441616,6,https://www1.mbrace.or.jp/od2/B/202607/b260706.lzh,2026-10-03T18:25:36.976873+09:00
20260706,22,福岡,11,20260706-22-11,1,3502,渡邉英児,56,静岡,53.0,A2,5.99,42.86,3.95,25.0,56,45.71,156,41.94,1 14321443,4,https://www1.mbrace.or.jp/od2/B/202607/b260706.lzh,2026-10-03T18:25:36.976873+09:00
20260706,22,福岡,11,20260706-22-11,2,4074,柳沢一,45,愛知,51.0,A1,6.46,50.0,5.85,37.04,71,47.37,137,32.26,1323423 23,7,https://www1.mbrace.or.jp/od2/B/202607/b260706.lzh,2026-10-03T18:25:36.976873+09:00
20260706,22,福岡,11,20260706-22-11,3,4877,鈴谷一平,31,兵庫,55.0,A1,5.98,43.33,6.26,42.11,18,21.15,126,44.26,361 511634,6,https://www1.mbrace.or.jp/od2/B/202607/b260706.lzh,2026-10-03T18:25:36.976873+09:00
20260706,22,福岡,11,20260706-22-11,4,4832,権藤俊光,39,大阪,52.0,A1,6.54,43.52,7.1,54.84,14,41.33,130,38.46,341 123225,1,https://www1.mbrace.or.jp/od2/B/202607/b260706.lzh,2026-10-03T18:25:36.976873+09:00
20260706,22,福岡,11,20260706-22-11,5,4495,森晋太郎,39,福岡,53.0,B2,5.41,32.43,4.9,29.41,52,35.09,129,30.3,231 163 16,3,https://www1.mbrace.or.jp/od2/B/202607/b260706.lzh,2026-10-03T18:25:36.976873+09:00
20260706,22,福岡,11,20260706-22-11,6,3811,石田章央,50,静岡,54.0,A1,6.51,52.21,6.25,50.0,53,25.71,143,30.77,3 34152326,5,https://www1.mbrace.or.jp/od2/B/202607/b260706.lzh,2026-10-03T18:25:36.976873+09:00
20260706,22,福岡,12,20260706-22-12,1,3556,田中信一,53,大阪,55.0,A1,6.68,48.0,5.95,36.36,62,47.22,161,37.1,21311 1231,,https://www1.mbrace.or.jp/od2/B/202607/b260706.lzh,2026-10-03T18:25:36.976873+09:00
20260706,22,福岡,12,20260706-22-12,2,4191,赤羽克也,44,埼玉,53.0,A1,6.06,45.98,5.67,33.33,43,59.42,145,48.39,12242 1231,,https://www1.mbrace.or.jp/od2/B/202607/b260706.lzh,2026-10-03T18:25:36.976873+09:00
20260706,22,福岡,12,20260706-22-12,3,4335,若林将,42,東京,53.0,A1,7.12,53.93,4.82,18.18,59,37.93,105,44.26,1511531 31,,https://www1.mbrace.or.jp/od2/B/202607/b260706.lzh,2026-10-03T18:25:36.976873+09:00
20260706,22,福岡,12,20260706-22-12,4,4574,東潤樹,37,広島,52.0,A2,4.98,24.1,4.61,22.45,20,27.4,135,33.33,22161 1212,,https://www1.mbrace.or.jp/od2/B/202607/b260706.lzh,2026-10-03T18:25:36.976873+09:00
20260706,22,福岡,12,20260706-22-12,5,4133,高橋正男,46,兵庫,52.0,A2,6.34,53.66,5.52,27.59,15,41.56,108,40.98,1212253 12,,https://www1.mbrace.or.jp/od2/B/202607/b260706.lzh,2026-10-03T18:25:36.976873+09:00
20260706,22,福岡,12,20260706-22-12,6,4711,前出達吉,36,福井,53.0,A2,6.23,43.37,5.57,36.67,61,30.0,171,17.74,35251 2412,,https://www1.mbrace.or.jp/od2/B/202607/b260706.lzh,2026-10-03T18:25:36.976873+09:00
20260706,21,芦屋,1,20260706-21-01,1,3385,渡邉睦広,57,東京,52.0,A2,5.61,40.0,7.11,50.0,37,35.71,126,36.36,5 3 1651,9,https://www1.mbrace.or.jp/od2/B/202607/b260706.lzh,2026-10-03T18:25:36.976873+09:00
20260706,21,芦屋,1,20260706-21-01,2,3981,今坂晃広,48,静岡,54.0,B1,3.93,18.0,4.17,21.74,18,30.36,124,30.61,263 663,8,https://www1.mbrace.or.jp/od2/B/202607/b260706.lzh,2026-10-03T18:25:36.976873+09:00
20260706,21,芦屋,1,20260706-21-01,3,4104,木下陽介,46,東京,60.0,B1,3.4,13.85,4.54,20.83,59,28.85,148,19.67,525 556,8,https://www1.mbrace.or.jp/od2/B/202607/b260706.lzh,2026-10-03T18:25:36.976873+09:00
20260706,21,芦屋,1,20260706-21-01,4,3471,赤峰和也,56,佐賀,55.0,B1,4.03,21.79,3.63,22.22,53,31.48,130,26.92,245 446,6,https://www1.mbrace.or.jp/od2/B/202607/b260706.lzh,2026-10-03T18:25:36.976873+09:00
20260706,21,芦屋,1,20260706-21-01,5,3478,嶋田貴支,55,香川,53.0,B1,5.16,27.63,3.93,16.67,25,12.5,153,50.94,166 323,7,https://www1.mbrace.or.jp/od2/B/202607/b260706.lzh,2026-10-03T18:25:36.976873+09:00
20260706,21,芦屋,1,20260706-21-01,6,5429,吉川颯汰,23,佐賀,55.0,B2,1.07,0.0,1.21,0.0,12,46.3,133,37.93,6 636 S,6,https://www1.mbrace.or.jp/od2/B/202607/b260706.lzh,2026-10-03T18:25:36.976873+09:00
20260706,21,芦屋,2,20260706-21-02,1,5257,西丸侑太,22,香川,53.0,A1,6.35,44.93,4.77,26.92,15,34.48,157,36.21,411 3134,10,https://www1.mbrace.or.jp/od2/B/202607/b260706.lzh,2026-10-03T18:25:36.976873+09:00
20260706,21,芦屋,2,20260706-21-02,2,4006,小野勇作,48,佐賀,50.0,B1,4.92,28.89,4.33,29.09,57,39.62,141,29.63,41342 25,10,https://www1.mbrace.or.jp/od2/B/202607/b260706.lzh,2026-10-03T18:25:36.976873+09:00
20260706,21,芦屋,2,20260706-21-02,3,4976,金山立樹,32,東京,53.0,B1,4.87,25.64,4.38,21.43,29,42.31,151,31.91,64S 215,7,https://www1.mbrace.or.jp/od2/B/202607/b260706.lzh,2026-10-03T18:25:36.976873+09:00
20260706,21,芦屋,2,20260706-21-02,4,3265,今村暢孝,61,福岡,51.0,A2,6.15,45.33,6.18,47.06,54,34.55,140,32.0,546 511,8,https://www1.mbrace.or.jp/od2/B/202607/b260706.lzh,2026-10-03T18:25:36.976873+09:00
20260706,21,芦屋,2,20260706-21-02,5,4368,山口隆史,40,福岡,55.0,B1,3.91,19.12,4.0,19.3,13,54.39,158,33.33,6 62555,6,https://www1.mbrace.or.jp/od2/B/202607/b260706.lzh,2026-10-03T18:25:36.976873+09:00
20260706,21,芦屋,2,20260706-21-02,6,3211,北川敏弘,64,佐賀,55.0,B1,4.18,16.39,4.45,15.0,26,17.39,127,43.75,31455 1,9,https://www1.mbrace.or.jp/od2/B/202607/b260706.lzh,2026-10-03T18:25:36.976873+09:00
20260706,21,芦屋,3,20260706-21-03,1,4472,尾嶋一広,39,兵庫,56.0,A1,6.26,40.38,6.45,48.28,10,35.85,118,22.64,66416123,11,https://www1.mbrace.or.jp/od2/B/202607/b260706.lzh,2026-10-03T18:25:36.976873+09:00
20260706,21,芦屋,3,20260706-21-03,2,4031,飯島誠,47,埼玉,52.0,B1,4.85,30.38,4.58,31.58,42,22.64,116,34.48,236 623,9,https://www1.mbrace.or.jp/od2/B/202607/b260706.lzh,2026-10-03T18:25:36.976873+09:00
20260706,21,芦屋,3,20260706-21-03,3,5210,藤井公人,27,福岡,55.0,A2,5.38,40.91,5.07,34.09,44,25.0,121,26.92,4 212413,10,https://www1.mbrace.or.jp/od2/B/202607/b260706.lzh,2026-10-03T18:25:36.976873+09:00
20260706,21,芦屋,3,20260706-21-03,4,5420,吉原快誓,20,長崎,52.0,B2,1.92,0.0,1.38,0.0,16,18.87,166,38.3,5 6 444,7,https://www1.mbrace.or.jp/od2/B/202607/b260706.lzh,2026-10-03T18:25:36.976873+09:00
20260706,21,芦屋,3,20260706-21-03,5,4066,東本勝利,46,三重,53.0,A2,6.21,41.24,7.0,44.44,39,42.86,128,11.32,325 5353,9,https://www1.mbrace.or.jp/od2/B/202607/b260706.lzh,2026-10-03T18:25:36.976873+09:00
20260706,21,芦屋,3,20260706-21-03,6,4705,吉川勇作,37,長崎,56.0,B1,3.36,18.39,3.88,15.38,33,40.0,159,55.32,5 14443,8,https://www1.mbrace.or.jp/od2/B/202607/b260706.lzh,2026-10-03T18:25:36.976873+09:00
20260706,21,芦屋,4,20260706-21-04,1,4504,前田将太,38,福岡,56.0,A1,6.51,45.45,6.8,45.45,7,32.14,125,29.79,34322225,11,https://www1.mbrace.or.jp/od2/B/202607/b260706.lzh,2026-10-03T18:25:36.976873+09:00
20260706,21,芦屋,4,20260706-21-04,2,3752,宇土泰就,55,福岡,58.0,B1,4.39,19.51,3.54,7.14,47,40.38,115,32.69,3 466 16,8,https://www1.mbrace.or.jp/od2/B/202607/b260706.lzh,2026-10-03T18:25:36.976873+09:00
20260706,21,芦屋,4,20260706-21-04,3,4181,花本夏樹,42,三重,53.0,B1,3.66,12.64,4.88,25.0,19,26.09,169,26.67,5 455 45,,https://www1.mbrace.or.jp/od2/B/202607/b260706.lzh,2026-10-03T18:25:36.976873+09:00
20260706,21,芦屋,4,20260706-21-04,4,4144,石塚久也,44,埼玉,53.0,A2,6.47,44.44,6.55,58.62,36,23.33,142,22.92,12233 16,11,https://www1.mbrace.or.jp/od2/B/202607/b260706.lzh,2026-10-03T18:25:36.976873+09:00
20260706,21,芦屋,4,20260706-21-04,5,4196,田中太一,44,佐賀,53.0,B1,3.64,18.39,3.33,16.67,35,55.36,134,32.08,254 336,9,https://www1.mbrace.or.jp/od2/B/202607/b260706.lzh,2026-10-03T18:25:36.976873+09:00
20260706,21,芦屋,4,20260706-21-04,6,5385,鈴木柊介,21,静岡,56.0,B1,2.56,6.25,0.0,0.0,58,25.0,113,44.64,545 6 54,,https://www1.mbrace.or.jp/od2/B/202607/b260706.lzh,2026-10-03T18:25:36.976873+09:00
20260706,21,芦屋,5,20260706-21-05,1,3963,原田秀弥,47,大阪,55.0,A2,5.75,36.84,0.0,0.0,60,39.58,135,41.67,33332 24,10,https://www1.mbrace.or.jp/od2/B/202607/b260706.lzh,2026-10-03T18:25:36.976873+09:00
20260706,21,芦屋,5,20260706-21-05,2,3054,北川幸典,63,広島,54.0,B1,5.63,34.15,4.76,23.53,4,32.65,162,40.0,43153 46,10,https://www1.mbrace.or.jp/od2/B/202607/b260706.lzh,2026-10-03T18:25:36.976873+09:00
20260706,21,芦屋,5,20260706-21-05,3,4129,宇野博之,46,愛知,56.0,B1,3.87,15.71,2.75,8.33,22,44.23,165,31.11,4 25414,9,https://www1.mbrace.or.jp/od2/B/202607/b260706.lzh,2026-10-03T18:25:36.976873+09:00
20260706,21,芦屋,5,20260706-21-05,4,3630,黒田誠司,56,静岡,54.0,B1,4.04,18.18,3.18,0.0,9,28.57,150,27.42,4 566 44,,https://www1.mbrace.or.jp/od2/B/202607/b260706.lzh,2026-10-03T18:25:36.976873+09:00
20260706,21,芦屋,5,20260706-21-05,5,4614,石倉洋行,46,福岡,54.0,A1,6.97,54.35,6.92,54.17,45,31.58,167,32.08,1 443423,11,https://www1.mbrace.or.jp/od2/B/202607/b260706.lzh,2026-10-03T18:25:36.976873+09:00
20260706,21,芦屋,5,20260706-21-05,6,5404,内田壮,22,山口,53.0,B1,1.78,2.0,1.61,0.0,8,48.15,132,32.08,4 553 66,,https://www1.mbrace.or.jp/od2/B/202607/b260706.lzh,2026-10-03T18:25:36.976873+09:00
20260706,21,芦屋,6,20260706-21-06,1,3471,赤峰和也,56,佐賀,55.0,B1,4.03,21.79,3.63,22.22,53,31.48,130,26.92,245 446,1,https://www1.mbrace.or.jp/od2/B/202607/b260706.lzh,2026-10-03T18:25:36.976873+09:00
20260706,21,芦屋,6,20260706-21-06,2,5106,山崎祥,27,山口,52.0,A2,5.71,37.33,4.31,25.0,5,32.61,155,40.74,62223 55,10,https://www1.mbrace.or.jp/od2/B/202607/b260706.lzh,2026-10-03T18:25:36.976873+09:00
20260706,21,芦屋,6,20260706-21-06,3,4368,山口隆史,40,福岡,55.0,B1,3.91,19.12,4.0,19.3,13,54.39,158,33.33,6 62555,2,https://www1.mbrace.or.jp/od2/B/202607/b260706.lzh,2026-10-03T18:25:36.976873+09:00
20260706,21,芦屋,6,20260706-21-06,4,4919,吉田翔悟,35,長崎,53.0,B1,3.73,12.24,5.18,35.56,21,42.0,129,29.55,2 323614,11,https://www1.mbrace.or.jp/od2/B/202607/b260706.lzh,2026-10-03T18:25:36.976873+09:00
20260706,21,芦屋,6,20260706-21-06,5,5429,吉川颯汰,23,佐賀,55.0,B2,1.07,0.0,1.21,0.0,12,46.3,133,37.93,6 636 S,1,https://www1.mbrace.or.jp/od2/B/202607/b260706.lzh,2026-10-03T18:25:36.976873+09:00
20260706,21,芦屋,6,20260706-21-06,6,4171,榎幸司,43,長崎,52.0,A2,6.07,41.67,5.16,26.32,11,44.64,117,32.61,35234 32,,https://www1.mbrace.or.jp/od2/B/202607/b260706.lzh,2026-10-03T18:25:36.976873+09:00
20260706,21,芦屋,7,20260706-21-07,1,5292,佐藤右京,24,東京,56.0,B1,4.02,16.05,2.67,11.11,3,43.4,161,34.78,1 121426,11,https://www1.mbrace.or.jp/od2/B/202607/b260706.lzh,2026-10-03T18:25:36.976873+09:00
20260706,21,芦屋,7,20260706-21-07,2,4004,山本浩輔,48,長崎,53.0,B1,4.96,29.33,4.04,13.04,27,27.78,143,40.35,35164 45,,https://www1.mbrace.or.jp/od2/B/202607/b260706.lzh,2026-10-03T18:25:36.976873+09:00
20260706,21,芦屋,7,20260706-21-07,3,3867,松浦勝,51,愛知,59.0,B1,3.2,14.08,0.0,0.0,14,21.43,136,43.94,6 565 35,,https://www1.mbrace.or.jp/od2/B/202607/b260706.lzh,2026-10-03T18:25:36.976873+09:00
20260706,21,芦屋,7,20260706-21-07,4,3478,嶋田貴支,55,香川,53.0,B1,5.16,27.63,3.93,16.67,25,12.5,153,50.94,166 323,1,https://www1.mbrace.or.jp/od2/B/202607/b260706.lzh,2026-10-03T18:25:36.976873+09:00
20260706,21,芦屋,7,20260706-21-07,5,4976,金山立樹,32,東京,53.0,B1,4.87,25.64,4.38,21.43,29,42.31,151,31.91,64S 215,2,https://www1.mbrace.or.jp/od2/B/202607/b260706.lzh,2026-10-03T18:25:36.976873+09:00
20260706,21,芦屋,7,20260706-21-07,6,5420,吉原快誓,20,長崎,52.0,B2,1.92,0.0,1.38,0.0,16,18.87,166,38.3,5 6 444,3,https://www1.mbrace.or.jp/od2/B/202607/b260706.lzh,2026-10-03T18:25:36.976873+09:00
20260706,21,芦屋,8,20260706-21-08,1,4705,吉川勇作,37,長崎,56.0,B1,3.36,18.39,3.88,15.38,33,40.0,159,55.32,5 14443,3,https://www1.mbrace.or.jp/od2/B/202607/b260706.lzh,2026-10-03T18:25:36.976873+09:00
20260706,21,芦屋,8,20260706-21-08,2,3265,今村暢孝,61,福岡,51.0,A2,6.15,45.33,6.18,47.06,54,34.55,140,32.0,546 511,2,https://www1.mbrace.or.jp/od2/B/202607/b260706.lzh,2026-10-03T18:25:36.976873+09:00
20260706,21,芦屋,8,20260706-21-08,3,3981,今坂晃広,48,静岡,54.0,B1,3.93,18.0,4.17,21.74,18,30.36,124,30.61,263 663,1,https://www1.mbrace.or.jp/od2/B/202607/b260706.lzh,2026-10-03T18:25:36.976873+09:00
20260706,21,芦屋,8,20260706-21-08,4,4104,木下陽介,46,東京,60.0,B1,3.4,13.85,4.54,20.83,59,28.85,148,19.67,525 556,1,https://www1.mbrace.or.jp/od2/B/202607/b260706.lzh,2026-10-03T18:25:36.976873+09:00
20260706,21,芦屋,8,20260706-21-08,5,3752,宇土泰就,55,福岡,58.0,B1,4.39,19.51,3.54,7.14,47,40.38,115,32.69,3 466 16,4,https://www1.mbrace.or.jp/od2/B/202607/b260706.lzh,2026-10-03T18:25:36.976873+09:00
20260706,21,芦屋,8,20260706-21-08,6,5426,甲斐貴大,24,福岡,54.0,B2,1.81,1.49,1.07,0.0,34,31.48,147,23.91,656 5 66,,https://www1.mbrace.or.jp/od2/B/202607/b260706.lzh,2026-10-03T18:25:36.976873+09:00
20260706,21,芦屋,9,20260706-21-09,1,4066,東本勝利,46,三重,53.0,A2,6.21,41.24,7.0,44.44,39,42.86,128,11.32,325 5353,3,https://www1.mbrace.or.jp/od2/B/202607/b260706.lzh,2026-10-03T18:25:36.976873+09:00
20260706,21,芦屋,9,20260706-21-09,2,4196,田中太一,44,佐賀,53.0,B1,3.64,18.39,3.33,16.67,35,55.36,134,32.08,254 336,4,https://www1.mbrace.or.jp/od2/B/202607/b260706.lzh,2026-10-03T18:25:36.976873+09:00
20260706,21,芦屋,9,20260706-21-09,3,3211,北川敏弘,64,佐賀,55.0,B1,4.18,16.39,4.45,15.0,26,17.39,127,43.75,31455 1,2,https://www1.mbrace.or.jp/od2/B/202607/b260706.lzh,2026-10-03T18:25:36.976873+09:00
20260706,21,芦屋,9,20260706-21-09,4,4031,飯島誠,47,埼玉,52.0,B1,4.85,30.38,4.58,31.58,42,22.64,116,34.48,236 623,3,https://www1.mbrace.or.jp/od2/B/202607/b260706.lzh,2026-10-03T18:25:36.976873+09:00
20260706,21,芦屋,9,20260706-21-09,5,3385,渡邉睦広,57,東京,52.0,A2,5.61,40.0,7.11,50.0,37,35.71,126,36.36,5 3 1651,1,https://www1.mbrace.or.jp/od2/B/202607/b260706.lzh,2026-10-03T18:25:36.976873+09:00
20260706,21,芦屋,9,20260706-21-09,6,4129,宇野博之,46,愛知,56.0,B1,3.87,15.71,2.75,8.33,22,44.23,165,31.11,4 25414,5,https://www1.mbrace.or.jp/od2/B/202607/b260706.lzh,2026-10-03T18:25:36.976873+09:00
20260706,21,芦屋,10,20260706-21-10,1,5210,藤井公人,27,福岡,55.0,A2,5.38,40.91,5.07,34.09,44,25.0,121,26.92,4 212413,3,https://www1.mbrace.or.jp/od2/B/202607/b260706.lzh,2026-10-03T18:25:36.976873+09:00
20260706,21,芦屋,10,20260706-21-10,2,5257,西丸侑太,22,香川,53.0,A1,6.35,44.93,4.77,26.92,15,34.48,157,36.21,411 3134,2,https://www1.mbrace.or.jp/od2/B/202607/b260706.lzh,2026-10-03T18:25:36.976873+09:00
20260706,21,芦屋,10,20260706-21-10,3,3963,原田秀弥,47,大阪,55.0,A2,5.75,36.84,0.0,0.0,60,39.58,135,41.67,33332 24,5,https://www1.mbrace.or.jp/od2/B/202607/b260706.lzh,2026-10-03T18:25:36.976873+09:00
20260706,21,芦屋,10,20260706-21-10,4,4006,小野勇作,48,佐賀,50.0,B1,4.92,28.89,4.33,29.09,57,39.62,141,29.63,41342 25,2,https://www1.mbrace.or.jp/od2/B/202607/b260706.lzh,2026-10-03T18:25:36.976873+09:00
20260706,21,芦屋,10,20260706-21-10,5,5106,山崎祥,27,山口,52.0,A2,5.71,37.33,4.31,25.0,5,32.61,155,40.74,62223 55,6,https://www1.mbrace.or.jp/od2/B/202607/b260706.lzh,2026-10-03T18:25:36.976873+09:00
20260706,21,芦屋,10,20260706-21-10,6,3054,北川幸典,63,広島,54.0,B1,5.63,34.15,4.76,23.53,4,32.65,162,40.0,43153 46,5,https://www1.mbrace.or.jp/od2/B/202607/b260706.lzh,2026-10-03T18:25:36.976873+09:00
20260706,21,芦屋,11,20260706-21-11,1,4614,石倉洋行,46,福岡,54.0,A1,6.97,54.35,6.92,54.17,45,31.58,167,32.08,1 443423,5,https://www1.mbrace.or.jp/od2/B/202607/b260706.lzh,2026-10-03T18:25:36.976873+09:00
20260706,21,芦屋,11,20260706-21-11,2,4472,尾嶋一広,39,兵庫,56.0,A1,6.26,40.38,6.45,48.28,10,35.85,118,22.64,66416123,3,https://www1.mbrace.or.jp/od2/B/202607/b260706.lzh,2026-10-03T18:25:36.976873+09:00
20260706,21,芦屋,11,20260706-21-11,3,4919,吉田翔悟,35,長崎,53.0,B1,3.73,12.24,5.18,35.56,21,42.0,129,29.55,2 323614,6,https://www1.mbrace.or.jp/od2/B/202607/b260706.lzh,2026-10-03T18:25:36.976873+09:00
20260706,21,芦屋,11,20260706-21-11,4,4504,前田将太,38,福岡,56.0,A1,6.51,45.45,6.8,45.45,7,32.14,125,29.79,34322225,4,https://www1.mbrace.or.jp/od2/B/202607/b260706.lzh,2026-10-03T18:25:36.976873+09:00
20260706,21,芦屋,11,20260706-21-11,5,5292,佐藤右京,24,東京,56.0,B1,4.02,16.05,2.67,11.11,3,43.4,161,34.78,1 121426,7,https://www1.mbrace.or.jp/od2/B/202607/b260706.lzh,2026-10-03T18:25:36.976873+09:00
20260706,21,芦屋,11,20260706-21-11,6,4144,石塚久也,44,埼玉,53.0,A2,6.47,44.44,6.55,58.62,36,23.33,142,22.92,12233 16,4,https://www1.mbrace.or.jp/od2/B/202607/b260706.lzh,2026-10-03T18:25:36.976873+09:00
20260706,21,芦屋,12,20260706-21-12,1,4278,藤岡俊介,42,兵庫,52.0,A1,6.91,55.26,5.96,42.86,56,39.22,112,42.31,22111241,,https://www1.mbrace.or.jp/od2/B/202607/b260706.lzh,2026-10-03T18:25:36.976873+09:00
20260706,21,芦屋,12,20260706-21-12,2,4958,溝口海義,31,福岡,56.0,A1,6.23,39.13,6.0,35.14,41,42.86,137,29.31,15342111,,https://www1.mbrace.or.jp/od2/B/202607/b260706.lzh,2026-10-03T18:25:36.976873+09:00
20260706,21,芦屋,12,20260706-21-12,3,5348,小林甘寧,22,広島,53.0,B1,4.76,30.56,1.9,0.0,52,30.77,114,44.64,2 141531,,https://www1.mbrace.or.jp/od2/B/202607/b260706.lzh,2026-10-03T18:25:36.976873+09:00
20260706,21,芦屋,12,20260706-21-12,4,4427,秦英悟,40,大阪,52.0,A1,6.59,46.3,6.59,41.18,32,45.61,154,35.09,11122312,,https://www1.mbrace.or.jp/od2/B/202607/b260706.lzh,2026-10-03T18:25:36.976873+09:00
20260706,21,芦屋,12,20260706-21-12,5,4287,今井貴士,41,福岡,57.0,A2,6.36,42.86,6.16,41.86,38,24.53,123,19.61,133 1122,,https://www1.mbrace.or.jp/od2/B/202607/b260706.lzh,2026-10-03T18:25:36.976873+09:00
20260706,21,芦屋,12,20260706-21-12,6,4514,上條嘉嗣,36,大阪,53.0,A1,6.85,57.5,7.16,59.38,50,29.09,168,24.53,13126222,,https://www1.mbrace.or.jp/od2/B/202607/b260706.lzh,2026-10-03T18:25:36.976873+09:00
20260706,18,徳山,1,20260706-18-01,1,4058,野末智一,47,静岡,52.0,A1,6.02,43.33,5.52,36.0,34,24.56,59,39.75,5323,6,https://www1.mbrace.or.jp/od2/B/202607/b260706.lzh,2026-10-03T18:25:36.976873+09:00
20260706,18,徳山,1,20260706-18-01,2,4167,片岡秀樹,44,徳島,56.0,B1,3.89,10.67,4.14,18.92,14,40.0,18,37.89,6 62,7,https://www1.mbrace.or.jp/od2/B/202607/b260706.lzh,2026-10-03T18:25:36.976873+09:00
20260706,18,徳山,1,20260706-18-01,3,3868,尾形栄治,50,東京,55.0,B1,4.75,23.81,4.63,25.0,40,29.41,15,40.63,4 41,9,https://www1.mbrace.or.jp/od2/B/202607/b260706.lzh,2026-10-03T18:25:36.976873+09:00
20260706,18,徳山,1,20260706-18-01,4,5114,小林孝彰,26,福井,53.0,B1,5.91,43.97,5.11,27.27,15,43.14,64,36.48,654,8,https://www1.mbrace.or.jp/od2/B/202607/b260706.lzh,2026-10-03T18:25:36.976873+09:00
20260706,18,徳山,1,20260706-18-01,5,3361,岡部浩,57,徳島,52.0,B1,4.51,26.47,3.71,20.59,22,31.91,23,35.67,564,11,https://www1.mbrace.or.jp/od2/B/202607/b260706.lzh,2026-10-03T18:25:36.976873+09:00
20260706,18,徳山,1,20260706-18-01,6,3843,上之晃弘,49,長崎,53.0,B1,5.25,33.7,4.29,14.29,41,35.71,24,35.63,2464,,https://www1.mbrace.or.jp/od2/B/202607/b260706.lzh,2026-10-03T18:25:36.976873+09:00
20260706,18,徳山,2,20260706-18-02,1,4361,柳生泰二,41,山口,52.0,A1,7.14,53.19,6.6,45.1,11,29.63,19,34.38,4121,,https://www1.mbrace.or.jp/od2/B/202607/b260706.lzh,2026-10-03T18:25:36.976873+09:00
20260706,18,徳山,2,20260706-18-02,2,4753,森照夫,37,福岡,57.0,B2,4.2,30.0,6.2,53.33,74,44.0,14,36.25,616,10,https://www1.mbrace.or.jp/od2/B/202607/b260706.lzh,2026-10-03T18:25:36.976873+09:00
20260706,18,徳山,2,20260706-18-02,3,4549,小林文彦,37,福岡,53.0,A2,6.24,41.77,4.8,20.0,68,54.0,13,40.88,2324,11,https://www1.mbrace.or.jp/od2/B/202607/b260706.lzh,2026-10-03T18:25:36.976873+09:00
20260706,18,徳山,2,20260706-18-02,4,4116,川田正人,45,徳島,53.0,B1,4.56,14.29,5.7,42.5,72,40.74,35,34.84,351,8,https://www1.mbrace.or.jp/od2/B/202607/b260706.lzh,2026-10-03T18:25:36.976873+09:00
20260706,18,徳山,2,20260706-18-02,5,4210,松村康太,43,福井,53.0,A2,5.57,30.69,6.67,55.56,32,24.53,43,29.56,344,9,https://www1.mbrace.or.jp/od2/B/202607/b260706.lzh,2026-10-03T18:25:36.976873+09:00
20260706,18,徳山,2,20260706-18-02,6,4603,谷川将太,38,長崎,53.0,B1,5.53,37.5,5.59,37.93,64,42.59,51,31.65,2 31,7,https://www1.mbrace.or.jp/od2/B/202607/b260706.lzh,2026-10-03T18:25:36.976873+09:00
20260706,18,徳山,3,20260706-18-03,1,3612,馬袋義則,53,兵庫,54.0,A1,7.0,57.98,6.34,44.26,33,52.73,31,29.56,623,11,https://www1.mbrace.or.jp/od2/B/202607/b260706.lzh,2026-10-03T18:25:36.976873+09:00
20260706,18,徳山,3,20260706-18-03,2,4619,伏田裕隆,43,東京,51.0,B1,4.92,31.31,0.0,0.0,35,35.19,12,35.44,2 62,8,https://www1.mbrace.or.jp/od2/B/202607/b260706.lzh,2026-10-03T18:25:36.976873+09:00
20260706,18,徳山,3,20260706-18-03,3,4272,大場広孝,44,福岡,59.0,B1,5.15,29.17,4.71,27.45,25,30.77,60,23.9,2 45,12,https://www1.mbrace.or.jp/od2/B/202607/b260706.lzh,2026-10-03T18:25:36.976873+09:00
20260706,18,徳山,3,20260706-18-03,4,5228,若林樹蘭,23,東京,51.0,A2,5.38,29.69,5.11,22.22,16,30.0,48,30.82,6115,7,https://www1.mbrace.or.jp/od2/B/202607/b260706.lzh,2026-10-03T18:25:36.976873+09:00
20260706,18,徳山,3,20260706-18-03,5,4463,三苫晃幸,40,福岡,56.0,A2,6.48,48.75,5.09,30.3,67,33.33,34,29.45,463,9,https://www1.mbrace.or.jp/od2/B/202607/b260706.lzh,2026-10-03T18:25:36.976873+09:00
20260706,18,徳山,3,20260706-18-03,6,3477,近藤稔也,55,徳島,53.0,B1,3.6,10.96,0.0,0.0,24,35.29,69,23.46,4 55,10,https://www1.mbrace.or.jp/od2/B/202607/b260706.lzh,2026-10-03T18:25:36.976873+09:00
20260706,18,徳山,4,20260706-18-04,1,3349,吉田一郎,58,長崎,52.0,A1,6.76,52.56,6.37,49.02,18,28.57,39,30.82,5 13,9,https://www1.mbrace.or.jp/od2/B/202607/b260706.lzh,2026-10-03T18:25:36.976873+09:00
20260706,18,徳山,4,20260706-18-04,2,4413,水摩敦,40,福岡,52.0,A2,5.86,36.94,5.55,27.27,70,18.75,47,34.38,1343,12,https://www1.mbrace.or.jp/od2/B/202607/b260706.lzh,2026-10-03T18:25:36.976873+09:00
20260706,18,徳山,4,20260706-18-04,3,3293,宮内由紀,60,東京,54.0,B1,3.44,10.29,3.33,11.11,31,37.5,28,27.04,455,11,https://www1.mbrace.or.jp/od2/B/202607/b260706.lzh,2026-10-03T18:25:36.976873+09:00
20260706,18,徳山,4,20260706-18-04,4,3809,吉田光,51,佐賀,51.0,B1,4.0,9.43,3.52,21.74,65,21.95,50,39.38,356,10,https://www1.mbrace.or.jp/od2/B/202607/b260706.lzh,2026-10-03T18:25:36.976873+09:00
20260706,18,徳山,4,20260706-18-04,5,3901,松田憲幸,49,山口,52.0,B2,4.53,30.68,4.9,26.39,19,58.0,73,39.13,511,8,https://www1.mbrace.or.jp/od2/B/202607/b260706.lzh,2026-10-03T18:25:36.976873+09:00
20260706,18,徳山,4,20260706-18-04,6,4957,竹之内極,31,福岡,57.0,B1,5.46,33.33,4.0,25.0,30,36.21,56,26.71,3351,,https://www1.mbrace.or.jp/od2/B/202607/b260706.lzh,2026-10-03T18:25:36.976873+09:00
20260706,18,徳山,5,20260706-18-05,1,3714,梶原正,51,福岡,55.0,B1,4.59,26.67,4.26,28.57,42,30.43,57,36.71,6 25,9,https://www1.mbrace.or.jp/od2/B/202607/b260706.lzh,2026-10-03T18:25:36.976873+09:00
20260706,18,徳山,5,20260706-18-05,2,4315,山崎昂介,42,長崎,53.0,B1,5.23,34.48,5.14,40.0,12,35.19,45,35.03,2556,,https://www1.mbrace.or.jp/od2/B/202607/b260706.lzh,2026-10-03T18:25:36.976873+09:00
20260706,18,徳山,5,20260706-18-05,3,3711,江本真治,51,山口,54.0,A2,6.15,43.55,6.28,46.06,36,37.93,42,28.93,1434,,https://www1.mbrace.or.jp/od2/B/202607/b260706.lzh,2026-10-03T18:25:36.976873+09:00
20260706,18,徳山,5,20260706-18-05,4,2538,高橋二朗,77,東京,51.0,B1,3.34,6.1,2.13,0.0,38,29.41,68,46.84,464,10,https://www1.mbrace.or.jp/od2/B/202607/b260706.lzh,2026-10-03T18:25:36.976873+09:00
20260706,18,徳山,5,20260706-18-05,5,5307,富永夏哉,22,佐賀,52.0,B1,4.46,25.81,2.84,10.53,37,20.83,65,28.57,351,12,https://www1.mbrace.or.jp/od2/B/202607/b260706.lzh,2026-10-03T18:25:36.976873+09:00
20260706,18,徳山,5,20260706-18-05,6,3743,林美憲,51,徳島,53.0,A1,5.0,35.16,5.5,33.33,26,40.0,27,30.43,1612,,https://www1.mbrace.or.jp/od2/B/202607/b260706.lzh,2026-10-03T18:25:36.976873+09:00
20260706,18,徳山,6,20260706-18-06,1,5286,坂井滉哉,27,福岡,50.0,B1,4.72,24.14,3.48,12.0,29,33.33,66,33.13,5 62,,https://www1.mbrace.or.jp/od2/B/202607/b260706.lzh,2026-10-03T18:25:36.976873+09:00
20260706,18,徳山,6,20260706-18-06,2,4058,野末智一,47,静岡,52.0,A1,6.02,43.33,5.52,36.0,34,24.56,59,39.75,5323,1,https://www1.mbrace.or.jp/od2/B/202607/b260706.lzh,2026-10-03T18:25:36.976873+09:00
20260706,18,徳山,6,20260706-18-06,3,4259,真庭明志,42,長崎,52.0,A2,5.54,35.25,6.1,50.0,23,31.37,20,32.92,2 54,10,https://www1.mbrace.or.jp/od2/B/202607/b260706.lzh,2026-10-03T18:25:36.976873+09:00
20260706,18,徳山,6,20260706-18-06,4,4988,牟田奨太,29,静岡,56.0,B1,4.45,31.71,3.08,15.38,69,38.18,46,30.86,3 16,11,https://www1.mbrace.or.jp/od2/B/202607/b260706.lzh,2026-10-03T18:25:36.976873+09:00
20260706,18,徳山,6,20260706-18-06,5,4695,尾崎雄二,40,長崎,56.0,A2,5.57,43.04,5.29,35.71,13,38.78,41,36.65,423,12,https://www1.mbrace.or.jp/od2/B/202607/b260706.lzh,2026-10-03T18:25:36.976873+09:00
20260706,18,徳山,6,20260706-18-06,6,5468,山口隼人,19,福岡,53.0,B2,1.42,0.0,0.0,0.0,71,38.18,37,35.0,6 45,,https://www1.mbrace.or.jp/od2/B/202607/b260706.lzh,2026-10-03T18:25:36.976873+09:00
20260706,18,徳山,7,20260706-18-07,1,4167,片岡秀樹,44,徳島,56.0,B1,3.89,10.67,4.14,18.92,14,40.0,18,37.89,6 62,1,https://www1.mbrace.or.jp/od2/B/202607/b260706.lzh,2026-10-03T18:25:36.976873+09:00
20260706,18,徳山,7,20260706-18-07,2,4995,田邉亮蔵,35,東京,56.0,B1,4.56,25.97,4.21,20.69,39,33.33,30,36.02,2 66,,https://www1.mbrace.or.jp/od2/B/202607/b260706.lzh,2026-10-03T18:25:36.976873+09:00
20260706,18,徳山,7,20260706-18-07,3,5228,若林樹蘭,23,東京,51.0,A2,5.38,29.69,5.11,22.22,16,30.0,48,30.82,6115,3,https://www1.mbrace.or.jp/od2/B/202607/b260706.lzh,2026-10-03T18:25:36.976873+09:00
20260706,18,徳山,7,20260706-18-07,4,4603,谷川将太,38,長崎,53.0,B1,5.53,37.5,5.59,37.93,64,42.59,51,31.65,2 31,2,https://www1.mbrace.or.jp/od2/B/202607/b260706.lzh,2026-10-03T18:25:36.976873+09:00
20260706,18,徳山,7,20260706-18-07,5,3744,徳増秀樹,51,静岡,53.0,A1,6.44,45.38,6.63,47.37,20,38.64,44,37.89,2426,12,https://www1.mbrace.or.jp/od2/B/202607/b260706.lzh,2026-10-03T18:25:36.976873+09:00
20260706,18,徳山,7,20260706-18-07,6,3745,橋本年光,51,兵庫,53.0,B1,5.24,30.26,5.85,38.89,75,22.45,61,25.79,3 13,11,https://www1.mbrace.or.jp/od2/B/202607/b260706.lzh,2026-10-03T18:25:36.976873+09:00
20260706,18,徳山,8,20260706-18-08,1,3901,松田憲幸,49,山口,52.0,B2,4.53,30.68,4.9,26.39,19,58.0,73,39.13,511,4,https://www1.mbrace.or.jp/od2/B/202607/b260706.lzh,2026-10-03T18:25:36.976873+09:00
20260706,18,徳山,8,20260706-18-08,2,4116,川田正人,45,徳島,53.0,B1,4.56,14.29,5.7,42.5,72,40.74,35,34.84,351,2,https://www1.mbrace.or.jp/od2/B/202607/b260706.lzh,2026-10-03T18:25:36.976873+09:00
20260706,18,徳山,8,20260706-18-08,3,5114,小林孝彰,26,福井,53.0,B1,5.91,43.97,5.11,27.27,15,43.14,64,36.48,654,1,https://www1.mbrace.or.jp/od2/B/202607/b260706.lzh,2026-10-03T18:25:36.976873+09:00
20260706,18,徳山,8,20260706-18-08,4,4515,藤田浩人,40,佐賀,55.0,A2,6.1,38.98,6.11,40.91,66,30.77,67,39.75,1225,,https://www1.mbrace.or.jp/od2/B/202607/b260706.lzh,2026-10-03T18:25:36.976873+09:00
20260706,18,徳山,8,20260706-18-08,5,4619,伏田裕隆,43,東京,51.0,B1,4.92,31.31,0.0,0.0,35,35.19,12,35.44,2 62,3,https://www1.mbrace.or.jp/od2/B/202607/b260706.lzh,2026-10-03T18:25:36.976873+09:00
20260706,18,徳山,8,20260706-18-08,6,4644,山田亮太,47,東京,51.0,A1,6.47,47.41,5.94,42.42,17,45.28,36,33.11,153,12,https://www1.mbrace.or.jp/od2/B/202607/b260706.lzh,2026-10-03T18:25:36.976873+09:00
20260706,18,徳山,9,20260706-18-09,1,4210,松村康太,43,福井,53.0,A2,5.57,30.69,6.67,55.56,32,24.53,43,29.56,344,2,https://www1.mbrace.or.jp/od2/B/202607/b260706.lzh,2026-10-03T18:25:36.976873+09:00
20260706,18,徳山,9,20260706-18-09,2,3714,梶原正,51,福岡,55.0,B1,4.59,26.67,4.26,28.57,42,30.43,57,36.71,6 25,5,https://www1.mbrace.or.jp/od2/B/202607/b260706.lzh,2026-10-03T18:25:36.976873+09:00
20260706,18,徳山,9,20260706-18-09,3,4463,三苫晃幸,40,福岡,56.0,A2,6.48,48.75,5.09,30.3,67,33.33,34,29.45,463,3,https://www1.mbrace.or.jp/od2/B/202607/b260706.lzh,2026-10-03T18:25:36.976873+09:00
20260706,18,徳山,9,20260706-18-09,4,4003,表憲一,48,福井,54.0,B1,5.63,36.11,5.5,25.0,28,22.0,53,31.88,4322,,https://www1.mbrace.or.jp/od2/B/202607/b260706.lzh,2026-10-03T18:25:36.976873+09:00
20260706,18,徳山,9,20260706-18-09,5,3349,吉田一郎,58,長崎,52.0,A1,6.76,52.56,6.37,49.02,18,28.57,39,30.82,5 13,4,https://www1.mbrace.or.jp/od2/B/202607/b260706.lzh,2026-10-03T18:25:36.976873+09:00
20260706,18,徳山,9,20260706-18-09,6,3868,尾形栄治,50,東京,55.0,B1,4.75,23.81,4.63,25.0,40,29.41,15,40.63,4 41,1,https://www1.mbrace.or.jp/od2/B/202607/b260706.lzh,2026-10-03T18:25:36.976873+09:00
20260706,18,徳山,10,20260706-18-10,1,2538,高橋二朗,77,東京,51.0,B1,3.34,6.1,2.13,0.0,38,29.41,68,46.84,464,5,https://www1.mbrace.or.jp/od2/B/202607/b260706.lzh,2026-10-03T18:25:36.976873+09:00
20260706,18,徳山,10,20260706-18-10,2,3779,原田幸哉,50,長崎,52.0,A1,6.31,33.33,7.87,65.22,73,36.73,38,38.89,1133,,https://www1.mbrace.or.jp/od2/B/202607/b260706.lzh,2026-10-03T18:25:36.976873+09:00
20260706,18,徳山,10,20260706-18-10,3,4753,森照夫,37,福岡,57.0,B2,4.2,30.0,6.2,53.33,74,44.0,14,36.25,616,2,https://www1.mbrace.or.jp/od2/B/202607/b260706.lzh,2026-10-03T18:25:36.976873+09:00
20260706,18,徳山,10,20260706-18-10,4,3477,近藤稔也,55,徳島,53.0,B1,3.6,10.96,0.0,0.0,24,35.29,69,23.46,4 55,3,https://www1.mbrace.or.jp/od2/B/202607/b260706.lzh,2026-10-03T18:25:36.976873+09:00
20260706,18,徳山,10,20260706-18-10,5,3809,吉田光,51,佐賀,51.0,B1,4.0,9.43,3.52,21.74,65,21.95,50,39.38,356,4,https://www1.mbrace.or.jp/od2/B/202607/b260706.lzh,2026-10-03T18:25:36.976873+09:00
20260706,18,徳山,10,20260706-18-10,6,4259,真庭明志,42,長崎,52.0,A2,5.54,35.25,6.1,50.0,23,31.37,20,32.92,2 54,6,https://www1.mbrace.or.jp/od2/B/202607/b260706.lzh,2026-10-03T18:25:36.976873+09:00
20260706,18,徳山,11,20260706-18-11,1,3293,宮内由紀,60,東京,54.0,B1,3.44,10.29,3.33,11.11,31,37.5,28,27.04,455,4,https://www1.mbrace.or.jp/od2/B/202607/b260706.lzh,2026-10-03T18:25:36.976873+09:00
20260706,18,徳山,11,20260706-18-11,2,3612,馬袋義則,53,兵庫,54.0,A1,7.0,57.98,6.34,44.26,33,52.73,31,29.56,623,3,https://www1.mbrace.or.jp/od2/B/202607/b260706.lzh,2026-10-03T18:25:36.976873+09:00
20260706,18,徳山,11,20260706-18-11,3,4988,牟田奨太,29,静岡,56.0,B1,4.45,31.71,3.08,15.38,69,38.18,46,30.86,3 16,6,https://www1.mbrace.or.jp/od2/B/202607/b260706.lzh,2026-10-03T18:25:36.976873+09:00
20260706,18,徳山,11,20260706-18-11,4,3745,橋本年光,51,兵庫,53.0,B1,5.24,30.26,5.85,38.89,75,22.45,61,25.79,3 13,7,https://www1.mbrace.or.jp/od2/B/202607/b260706.lzh,2026-10-03T18:25:36.976873+09:00
20260706,18,徳山,11,20260706-18-11,5,4549,小林文彦,37,福岡,53.0,A2,6.24,41.77,4.8,20.0,68,54.0,13,40.88,2324,2,https://www1.mbrace.or.jp/od2/B/202607/b260706.lzh,2026-10-03T18:25:36.976873+09:00
20260706,18,徳山,11,20260706-18-11,6,3361,岡部浩,57,徳島,52.0,B1,4.51,26.47,3.71,20.59,22,31.91,23,35.67,564,1,https://www1.mbrace.or.jp/od2/B/202607/b260706.lzh,2026-10-03T18:25:36.976873+09:00
20260706,18,徳山,12,20260706-18-12,1,3744,徳増秀樹,51,静岡,53.0,A1,6.44,45.38,6.63,47.37,20,38.64,44,37.89,2426,7,https://www1.mbrace.or.jp/od2/B/202607/b260706.lzh,2026-10-03T18:25:36.976873+09:00
20260706,18,徳山,12,20260706-18-12,2,4695,尾崎雄二,40,長崎,56.0,A2,5.57,43.04,5.29,35.71,13,38.78,41,36.65,423,6,https://www1.mbrace.or.jp/od2/B/202607/b260706.lzh,2026-10-03T18:25:36.976873+09:00
20260706,18,徳山,12,20260706-18-12,3,5307,富永夏哉,22,佐賀,52.0,B1,4.46,25.81,2.84,10.53,37,20.83,65,28.57,351,5,https://www1.mbrace.or.jp/od2/B/202607/b260706.lzh,2026-10-03T18:25:36.976873+09:00
20260706,18,徳山,12,20260706-18-12,4,4644,山田亮太,47,東京,51.0,A1,6.47,47.41,5.94,42.42,17,45.28,36,33.11,153,8,https://www1.mbrace.or.jp/od2/B/202607/b260706.lzh,2026-10-03T18:25:36.976873+09:00
20260706,18,徳山,12,20260706-18-12,5,4413,水摩敦,40,福岡,52.0,A2,5.86,36.94,5.55,27.27,70,18.75,47,34.38,1343,4,https://www1.mbrace.or.jp/od2/B/202607/b260706.lzh,2026-10-03T18:25:36.976873+09:00
20260706,18,徳山,12,20260706-18-12,6,4272,大場広孝,44,福岡,59.0,B1,5.15,29.17,4.71,27.45,25,30.77,60,23.9,2 45,3,https://www1.mbrace.or.jp/od2/B/202607/b260706.lzh,2026-10-03T18:25:36.976873+09:00
20260706,13,尼崎,1,20260706-13-01,1,5105,富田恕生,27,福岡,53.0,B1,4.2,20.73,4.0,28.57,57,34.48,27,11.11,3 623,11,https://www1.mbrace.or.jp/od2/B/202607/b260706.lzh,2026-10-03T18:25:36.976873+09:00
20260706,13,尼崎,1,20260706-13-01,2,3870,寺嶋雄,50,福井,53.0,B1,4.59,23.53,4.31,14.29,46,26.92,72,37.29,464 2,9,https://www1.mbrace.or.jp/od2/B/202607/b260706.lzh,2026-10-03T18:25:36.976873+09:00
20260706,13,尼崎,1,20260706-13-01,3,4545,岡村慶太,38,福岡,57.0,A1,7.22,59.8,4.18,17.65,42,10.91,74,38.6,151 42,10,https://www1.mbrace.or.jp/od2/B/202607/b260706.lzh,2026-10-03T18:25:36.976873+09:00
20260706,13,尼崎,1,20260706-13-01,4,5456,今村天次,20,兵庫,51.0,B2,1.81,0.0,2.14,0.0,54,47.46,56,51.79,6 566,5,https://www1.mbrace.or.jp/od2/B/202607/b260706.lzh,2026-10-03T18:25:36.976873+09:00
20260706,13,尼崎,1,20260706-13-01,5,3401,上田隆章,58,香川,54.0,B1,4.41,24.1,2.44,11.11,29,38.18,39,40.74,541 6,7,https://www1.mbrace.or.jp/od2/B/202607/b260706.lzh,2026-10-03T18:25:36.976873+09:00
20260706,13,尼崎,1,20260706-13-01,6,4894,原村拓也,35,香川,52.0,B1,4.73,23.81,4.39,27.78,21,13.21,51,24.07,453 15,,https://www1.mbrace.or.jp/od2/B/202607/b260706.lzh,2026-10-03T18:25:36.976873+09:00
20260706,13,尼崎,2,20260706-13-02,1,4998,中村かな,32,東京,47.0,B2,4.37,27.12,4.75,25.0,31,40.0,33,32.65,2 3336,,https://www1.mbrace.or.jp/od2/B/202607/b260706.lzh,2026-10-03T18:25:36.976873+09:00
20260706,13,尼崎,2,20260706-13-02,2,4759,今泉友吾,36,東京,52.0,A1,7.0,45.56,6.71,61.9,23,59.65,38,44.23,33411,7,https://www1.mbrace.or.jp/od2/B/202607/b260706.lzh,2026-10-03T18:25:36.976873+09:00
20260706,13,尼崎,2,20260706-13-02,3,3576,白水勝也,53,福岡,52.0,A1,6.59,46.24,0.0,0.0,7,25.45,49,35.19,251 25,9,https://www1.mbrace.or.jp/od2/B/202607/b260706.lzh,2026-10-03T18:25:36.976873+09:00
20260706,13,尼崎,2,20260706-13-02,4,3730,塩崎優司,54,愛知,52.0,B1,5.08,35.06,5.54,34.78,10,40.35,11,32.69,3 4436,,https://www1.mbrace.or.jp/od2/B/202607/b260706.lzh,2026-10-03T18:25:36.976873+09:00
20260706,13,尼崎,2,20260706-13-02,5,4892,柴田直哉,36,福岡,54.0,B1,5.12,32.88,4.92,30.77,9,46.15,70,31.25,3 251,12,https://www1.mbrace.or.jp/od2/B/202607/b260706.lzh,2026-10-03T18:25:36.976873+09:00
20260706,13,尼崎,2,20260706-13-02,6,5418,堀内亜海,20,大阪,57.0,B2,1.13,0.0,0.93,0.0,59,24.39,69,22.64,6 666,8,https://www1.mbrace.or.jp/od2/B/202607/b260706.lzh,2026-10-03T18:25:36.976873+09:00
20260706,13,尼崎,3,20260706-13-03,1,4664,東口晃,42,福井,55.0,B1,4.08,17.89,0.0,0.0,48,40.74,66,30.91,6 4554,,https://www1.mbrace.or.jp/od2/B/202607/b260706.lzh,2026-10-03T18:25:36.976873+09:00
20260706,13,尼崎,3,20260706-13-03,2,4764,小池礼乃,36,福岡,47.0,B1,5.17,32.76,0.0,0.0,24,35.71,12,23.64,6 122,11,https://www1.mbrace.or.jp/od2/B/202607/b260706.lzh,2026-10-03T18:25:36.976873+09:00
20260706,13,尼崎,3,20260706-13-03,3,4372,原田佑実,38,大阪,47.0,A2,6.09,43.82,4.6,20.0,17,39.29,43,39.62,5 1412,10,https://www1.mbrace.or.jp/od2/B/202607/b260706.lzh,2026-10-03T18:25:36.976873+09:00
20260706,13,尼崎,3,20260706-13-03,4,4184,渡邊雄一,40,大阪,53.0,A1,7.0,52.69,6.39,41.18,16,43.1,14,29.31,143 43,9,https://www1.mbrace.or.jp/od2/B/202607/b260706.lzh,2026-10-03T18:25:36.976873+09:00
20260706,13,尼崎,3,20260706-13-03,5,3710,吉永泰弘,51,香川,54.0,B1,4.67,23.86,5.11,11.11,44,41.51,25,29.63,644 4,8,https://www1.mbrace.or.jp/od2/B/202607/b260706.lzh,2026-10-03T18:25:36.976873+09:00
20260706,13,尼崎,3,20260706-13-03,6,4055,吉田俊彦,48,兵庫,53.0,A2,6.77,51.61,6.64,48.65,11,29.31,30,28.85,21243,12,https://www1.mbrace.or.jp/od2/B/202607/b260706.lzh,2026-10-03T18:25:36.976873+09:00
20260706,13,尼崎,4,20260706-13-04,1,4007,榮田将彦,47,山口,50.0,B1,4.35,22.22,5.33,40.0,32,42.11,60,32.73,333 5,10,https://www1.mbrace.or.jp/od2/B/202607/b260706.lzh,2026-10-03T18:25:36.976873+09:00
20260706,13,尼崎,4,20260706-13-04,2,4298,宮下元胤,43,愛知,54.0,A2,5.96,40.71,0.0,0.0,61,28.89,57,42.31,232 15,11,https://www1.mbrace.or.jp/od2/B/202607/b260706.lzh,2026-10-03T18:25:36.976873+09:00
20260706,13,尼崎,4,20260706-13-04,3,3577,向所浩二,53,兵庫,61.0,B1,4.7,20.27,5.43,34.69,5,33.33,20,24.07,5 265,9,https://www1.mbrace.or.jp/od2/B/202607/b260706.lzh,2026-10-03T18:25:36.976873+09:00
20260706,13,尼崎,4,20260706-13-04,4,4569,中澤宏奈,38,東京,48.0,B1,4.95,33.7,4.89,37.04,22,16.33,59,39.29,3 6665,,https://www1.mbrace.or.jp/od2/B/202607/b260706.lzh,2026-10-03T18:25:36.976873+09:00
20260706,13,尼崎,4,20260706-13-04,5,4387,平山智加,40,香川,46.0,A1,6.8,47.41,7.11,63.16,49,34.04,44,31.48,164 31,8,https://www1.mbrace.or.jp/od2/B/202607/b260706.lzh,2026-10-03T18:25:36.976873+09:00
20260706,13,尼崎,4,20260706-13-04,6,4748,渡邉雄朗,40,東京,52.0,A1,6.31,43.02,7.1,60.0,36,33.33,67,25.0,12F32,,https://www1.mbrace.or.jp/od2/B/202607/b260706.lzh,2026-10-03T18:25:36.976873+09:00
20260706,13,尼崎,5,20260706-13-05,1,4438,森作雄大,39,東京,52.0,B1,5.02,34.58,4.5,12.5,55,49.12,58,29.09,1 565,10,https://www1.mbrace.or.jp/od2/B/202607/b260706.lzh,2026-10-03T18:25:36.976873+09:00
20260706,13,尼崎,5,20260706-13-05,2,4015,前野竜一,46,山口,59.0,A2,6.05,39.05,4.61,22.22,20,21.15,55,30.91,23351,12,https://www1.mbrace.or.jp/od2/B/202607/b260706.lzh,2026-10-03T18:25:36.976873+09:00
20260706,13,尼崎,5,20260706-13-05,3,3831,安藤裕貴,51,愛知,53.0,B1,4.49,29.41,5.0,30.77,47,20.75,28,26.79,164 66,,https://www1.mbrace.or.jp/od2/B/202607/b260706.lzh,2026-10-03T18:25:36.976873+09:00
20260706,13,尼崎,5,20260706-13-05,4,4068,幸田智裕,46,静岡,54.0,B1,4.76,22.47,5.21,26.32,25,44.07,64,33.93,2 323,9,https://www1.mbrace.or.jp/od2/B/202607/b260706.lzh,2026-10-03T18:25:36.976873+09:00
20260706,13,尼崎,5,20260706-13-05,5,5456,今村天次,20,兵庫,51.0,B2,1.81,0.0,2.14,0.0,54,47.46,56,51.79,6 566,1,https://www1.mbrace.or.jp/od2/B/202607/b260706.lzh,2026-10-03T18:25:36.976873+09:00
20260706,13,尼崎,5,20260706-13-05,6,3415,松井繁,56,大阪,51.0,A1,7.1,41.9,6.63,33.33,3,31.48,36,45.28,11121,11,https://www1.mbrace.or.jp/od2/B/202607/b260706.lzh,2026-10-03T18:25:36.976873+09:00
20260706,13,尼崎,6,20260706-13-06,1,4906,鈴木雅希,31,東京,54.0,A2,5.27,35.59,6.1,40.0,62,24.14,35,33.33,623 34,,https://www1.mbrace.or.jp/od2/B/202607/b260706.lzh,2026-10-03T18:25:36.976873+09:00
20260706,13,尼崎,6,20260706-13-06,2,4060,島田一生,47,福岡,58.0,B1,4.45,26.15,0.0,0.0,58,26.0,21,45.1,6 464,10,https://www1.mbrace.or.jp/od2/B/202607/b260706.lzh,2026-10-03T18:25:36.976873+09:00
20260706,13,尼崎,6,20260706-13-06,3,4835,橋本明,38,広島,54.0,B1,5.14,27.06,5.0,33.33,63,43.86,24,30.19,243 24,,https://www1.mbrace.or.jp/od2/B/202607/b260706.lzh,2026-10-03T18:25:36.976873+09:00
20260706,13,尼崎,6,20260706-13-06,4,4324,海野康志,38,山口,62.0,A1,7.25,54.92,6.4,40.0,56,42.86,41,30.91,52214,12,https://www1.mbrace.or.jp/od2/B/202607/b260706.lzh,2026-10-03T18:25:36.976873+09:00
20260706,13,尼崎,6,20260706-13-06,5,5264,登みひ果,26,兵庫,44.0,B1,5.03,26.0,4.14,20.57,43,17.24,71,49.09,633 64,,https://www1.mbrace.or.jp/od2/B/202607/b260706.lzh,2026-10-03T18:25:36.976873+09:00
20260706,13,尼崎,6,20260706-13-06,6,5046,松山裕基,32,大阪,54.0,B1,3.89,17.14,4.39,19.51,51,20.37,16,23.53,5 F52,,https://www1.mbrace.or.jp/od2/B/202607/b260706.lzh,2026-10-03T18:25:36.976873+09:00
20260706,13,尼崎,7,20260706-13-07,1,4834,浜本裕己,38,大阪,51.0,A2,5.55,35.59,5.0,32.0,40,34.55,45,36.73,425 16,12,https://www1.mbrace.or.jp/od2/B/202607/b260706.lzh,2026-10-03T18:25:36.976873+09:00
20260706,13,尼崎,7,20260706-13-07,2,4902,山川雄大,33,兵庫,52.0,B1,4.84,31.25,4.99,32.71,1,41.18,13,40.0,452 25,,https://www1.mbrace.or.jp/od2/B/202607/b260706.lzh,2026-10-03T18:25:36.976873+09:00
20260706,13,尼崎,7,20260706-13-07,3,3489,大場敏,59,静岡,54.0,A2,5.84,39.82,4.8,20.0,39,44.64,63,22.64,1 1642,11,https://www1.mbrace.or.jp/od2/B/202607/b260706.lzh,2026-10-03T18:25:36.976873+09:00
20260706,13,尼崎,7,20260706-13-07,4,3401,上田隆章,58,香川,54.0,B1,4.41,24.1,2.44,11.11,29,38.18,39,40.74,541 6,1,https://www1.mbrace.or.jp/od2/B/202607/b260706.lzh,2026-10-03T18:25:36.976873+09:00
20260706,13,尼崎,7,20260706-13-07,5,4016,西川新太,46,愛知,57.0,B1,5.65,39.24,4.59,31.82,28,24.07,50,24.49,5 5414,,https://www1.mbrace.or.jp/od2/B/202607/b260706.lzh,2026-10-03T18:25:36.976873+09:00
20260706,13,尼崎,7,20260706-13-07,6,4759,今泉友吾,36,東京,52.0,A1,7.0,45.56,6.71,61.9,23,59.65,38,44.23,33411,2,https://www1.mbrace.or.jp/od2/B/202607/b260706.lzh,2026-10-03T18:25:36.976873+09:00
20260706,13,尼崎,8,20260706-13-08,1,4387,平山智加,40,香川,46.0,A1,6.8,47.41,7.11,63.16,49,34.04,44,31.48,164 31,4,https://www1.mbrace.or.jp/od2/B/202607/b260706.lzh,2026-10-03T18:25:36.976873+09:00
20260706,13,尼崎,8,20260706-13-08,2,3710,吉永泰弘,51,香川,54.0,B1,4.67,23.86,5.11,11.11,44,41.51,25,29.63,644 4,3,https://www1.mbrace.or.jp/od2/B/202607/b260706.lzh,2026-10-03T18:25:36.976873+09:00
20260706,13,尼崎,8,20260706-13-08,3,4560,庄司樹良,35,東京,55.0,A2,5.99,37.8,6.04,44.44,41,18.37,15,38.78,4 5133,12,https://www1.mbrace.or.jp/od2/B/202607/b260706.lzh,2026-10-03T18:25:36.976873+09:00
20260706,13,尼崎,8,20260706-13-08,4,3998,冨成謙児,47,佐賀,51.0,B1,4.67,29.21,5.52,36.0,26,47.37,23,33.33,565 56,,https://www1.mbrace.or.jp/od2/B/202607/b260706.lzh,2026-10-03T18:25:36.976873+09:00
20260706,13,尼崎,8,20260706-13-08,5,5418,堀内亜海,20,大阪,57.0,B2,1.13,0.0,0.93,0.0,59,24.39,69,22.64,6 666,2,https://www1.mbrace.or.jp/od2/B/202607/b260706.lzh,2026-10-03T18:25:36.976873+09:00
20260706,13,尼崎,8,20260706-13-08,6,3158,島川光男,61,広島,54.0,A2,6.13,41.46,6.03,48.28,34,31.48,73,44.44,531 51,,https://www1.mbrace.or.jp/od2/B/202607/b260706.lzh,2026-10-03T18:25:36.976873+09:00
20260706,13,尼崎,9,20260706-13-09,1,4184,渡邊雄一,40,大阪,53.0,A1,7.0,52.69,6.39,41.18,16,43.1,14,29.31,143 43,3,https://www1.mbrace.or.jp/od2/B/202607/b260706.lzh,2026-10-03T18:25:36.976873+09:00
20260706,13,尼崎,9,20260706-13-09,2,4068,幸田智裕,46,静岡,54.0,B1,4.76,22.47,5.21,26.32,25,44.07,64,33.93,2 323,5,https://www1.mbrace.or.jp/od2/B/202607/b260706.lzh,2026-10-03T18:25:36.976873+09:00
20260706,13,尼崎,9,20260706-13-09,3,3870,寺嶋雄,50,福井,53.0,B1,4.59,23.53,4.31,14.29,46,26.92,72,37.29,464 2,1,https://www1.mbrace.or.jp/od2/B/202607/b260706.lzh,2026-10-03T18:25:36.976873+09:00
20260706,13,尼崎,9,20260706-13-09,4,4778,堤啓輔,40,佐賀,51.0,B1,5.38,35.94,7.62,61.54,50,20.37,40,20.75,443 23,,https://www1.mbrace.or.jp/od2/B/202607/b260706.lzh,2026-10-03T18:25:36.976873+09:00
20260706,13,尼崎,9,20260706-13-09,5,3577,向所浩二,53,兵庫,61.0,B1,4.7,20.27,5.43,34.69,5,33.33,20,24.07,5 265,4,https://www1.mbrace.or.jp/od2/B/202607/b260706.lzh,2026-10-03T18:25:36.976873+09:00
20260706,13,尼崎,9,20260706-13-09,6,3576,白水勝也,53,福岡,52.0,A1,6.59,46.24,0.0,0.0,7,25.45,49,35.19,251 25,2,https://www1.mbrace.or.jp/od2/B/202607/b260706.lzh,2026-10-03T18:25:36.976873+09:00
20260706,13,尼崎,10,20260706-13-10,1,4545,岡村慶太,38,福岡,57.0,A1,7.22,59.8,4.18,17.65,42,10.91,74,38.6,151 42,1,https://www1.mbrace.or.jp/od2/B/202607/b260706.lzh,2026-10-03T18:25:36.976873+09:00
20260706,13,尼崎,10,20260706-13-10,2,4007,榮田将彦,47,山口,50.0,B1,4.35,22.22,5.33,40.0,32,42.11,60,32.73,333 5,4,https://www1.mbrace.or.jp/od2/B/202607/b260706.lzh,2026-10-03T18:25:36.976873+09:00
20260706,13,尼崎,10,20260706-13-10,3,4438,森作雄大,39,東京,52.0,B1,5.02,34.58,4.5,12.5,55,49.12,58,29.09,1 565,5,https://www1.mbrace.or.jp/od2/B/202607/b260706.lzh,2026-10-03T18:25:36.976873+09:00
20260706,13,尼崎,10,20260706-13-10,4,5326,三嶌さら,22,香川,47.0,B1,5.18,31.25,2.52,8.0,13,42.31,22,36.73,1 6256,,https://www1.mbrace.or.jp/od2/B/202607/b260706.lzh,2026-10-03T18:25:36.976873+09:00
20260706,13,尼崎,10,20260706-13-10,5,4060,島田一生,47,福岡,58.0,B1,4.45,26.15,0.0,0.0,58,26.0,21,45.1,6 464,6,https://www1.mbrace.or.jp/od2/B/202607/b260706.lzh,2026-10-03T18:25:36.976873+09:00
20260706,13,尼崎,10,20260706-13-10,6,4372,原田佑実,38,大阪,47.0,A2,6.09,43.82,4.6,20.0,17,39.29,43,39.62,5 1412,3,https://www1.mbrace.or.jp/od2/B/202607/b260706.lzh,2026-10-03T18:25:36.976873+09:00
20260706,13,尼崎,11,20260706-13-11,1,4298,宮下元胤,43,愛知,54.0,A2,5.96,40.71,0.0,0.0,61,28.89,57,42.31,232 15,4,https://www1.mbrace.or.jp/od2/B/202607/b260706.lzh,2026-10-03T18:25:36.976873+09:00
20260706,13,尼崎,11,20260706-13-11,2,5105,富田恕生,27,福岡,53.0,B1,4.2,20.73,4.0,28.57,57,34.48,27,11.11,3 623,1,https://www1.mbrace.or.jp/od2/B/202607/b260706.lzh,2026-10-03T18:25:36.976873+09:00
20260706,13,尼崎,11,20260706-13-11,3,3415,松井繁,56,大阪,51.0,A1,7.1,41.9,6.63,33.33,3,31.48,36,45.28,11121,5,https://www1.mbrace.or.jp/od2/B/202607/b260706.lzh,2026-10-03T18:25:36.976873+09:00
20260706,13,尼崎,11,20260706-13-11,4,4764,小池礼乃,36,福岡,47.0,B1,5.17,32.76,0.0,0.0,24,35.71,12,23.64,6 122,3,https://www1.mbrace.or.jp/od2/B/202607/b260706.lzh,2026-10-03T18:25:36.976873+09:00
20260706,13,尼崎,11,20260706-13-11,5,3489,大場敏,59,静岡,54.0,A2,5.84,39.82,4.8,20.0,39,44.64,63,22.64,1 1642,7,https://www1.mbrace.or.jp/od2/B/202607/b260706.lzh,2026-10-03T18:25:36.976873+09:00
20260706,13,尼崎,11,20260706-13-11,6,4927,関野文,32,大阪,44.0,A2,5.82,39.22,5.68,40.54,6,17.78,65,31.91,4 2123,,https://www1.mbrace.or.jp/od2/B/202607/b260706.lzh,2026-10-03T18:25:36.976873+09:00
20260706,13,尼崎,12,20260706-13-12,1,4324,海野康志,38,山口,62.0,A1,7.25,54.92,6.4,40.0,56,42.86,41,30.91,52214,6,https://www1.mbrace.or.jp/od2/B/202607/b260706.lzh,2026-10-03T18:25:36.976873+09:00
20260706,13,尼崎,12,20260706-13-12,2,4055,吉田俊彦,48,兵庫,53.0,A2,6.77,51.61,6.64,48.65,11,29.31,30,28.85,21243,3,https://www1.mbrace.or.jp/od2/B/202607/b260706.lzh,2026-10-03T18:25:36.976873+09:00
20260706,13,尼崎,12,20260706-13-12,3,4834,浜本裕己,38,大阪,51.0,A2,5.55,35.59,5.0,32.0,40,34.55,45,36.73,425 16,7,https://www1.mbrace.or.jp/od2/B/202607/b260706.lzh,2026-10-03T18:25:36.976873+09:00
20260706,13,尼崎,12,20260706-13-12,4,4015,前野竜一,46,山口,59.0,A2,6.05,39.05,4.61,22.22,20,21.15,55,30.91,23351,5,https://www1.mbrace.or.jp/od2/B/202607/b260706.lzh,2026-10-03T18:25:36.976873+09:00
20260706,13,尼崎,12,20260706-13-12,5,4560,庄司樹良,35,東京,55.0,A2,5.99,37.8,6.04,44.44,41,18.37,15,38.78,4 5133,8,https://www1.mbrace.or.jp/od2/B/202607/b260706.lzh,2026-10-03T18:25:36.976873+09:00
20260706,13,尼崎,12,20260706-13-12,6,4892,柴田直哉,36,福岡,54.0,B1,5.12,32.88,4.92,30.77,9,46.15,70,31.25,3 251,2,https://www1.mbrace.or.jp/od2/B/202607/b260706.lzh,2026-10-03T18:25:36.976873+09:00
20260706,12,住之江,1,20260706-12-01,1,3905,天野友和,48,愛知,53.0,A2,6.26,48.15,5.56,31.48,81,21.57,29,32.76,5 353,8,https://www1.mbrace.or.jp/od2/B/202607/b260706.lzh,2026-10-03T18:25:36.976873+09:00
20260706,12,住之江,1,20260706-12-01,2,3441,土屋太朗,56,群馬,54.0,B1,4.57,23.08,5.43,14.29,76,15.09,33,48.98,364 32,,https://www1.mbrace.or.jp/od2/B/202607/b260706.lzh,2026-10-03T18:25:36.976873+09:00
20260706,12,住之江,1,20260706-12-01,3,5154,村松栄太,30,広島,53.0,B1,4.9,27.16,5.0,41.18,34,30.0,25,26.23,265 62,,https://www1.mbrace.or.jp/od2/B/202607/b260706.lzh,2026-10-03T18:25:36.976873+09:00
20260706,12,住之江,1,20260706-12-01,4,3731,高濱芳久,52,広島,51.0,B1,5.06,28.17,5.12,35.71,62,29.09,19,22.03,5 S43,6,https://www1.mbrace.or.jp/od2/B/202607/b260706.lzh,2026-10-03T18:25:36.976873+09:00
20260706,12,住之江,1,20260706-12-01,5,5366,塩嶋泰空,24,福井,56.0,B2,1.28,1.67,1.17,0.0,18,37.04,84,22.58,6 566,7,https://www1.mbrace.or.jp/od2/B/202607/b260706.lzh,2026-10-03T18:25:36.976873+09:00
20260706,12,住之江,1,20260706-12-01,6,3602,奥平拓也,56,東京,52.0,B1,4.16,15.79,5.89,33.33,30,20.69,27,21.67,426 6,5,https://www1.mbrace.or.jp/od2/B/202607/b260706.lzh,2026-10-03T18:25:36.976873+09:00
20260706,12,住之江,2,20260706-12-02,1,4098,赤澤文香,44,岡山,49.0,B1,4.81,24.36,4.89,16.67,11,50.0,24,38.78,5 434,6,https://www1.mbrace.or.jp/od2/B/202607/b260706.lzh,2026-10-03T18:25:36.976873+09:00
20260706,12,住之江,2,20260706-12-02,2,4836,大谷健太,37,埼玉,51.0,B1,5.36,31.82,4.33,29.63,78,8.33,52,32.2,432 56,,https://www1.mbrace.or.jp/od2/B/202607/b260706.lzh,2026-10-03T18:25:36.976873+09:00
20260706,12,住之江,2,20260706-12-02,3,3825,宮嵜隆太,53,福岡,61.0,B1,2.87,12.73,4.56,31.71,58,27.12,86,28.3,1 316,10,https://www1.mbrace.or.jp/od2/B/202607/b260706.lzh,2026-10-03T18:25:36.976873+09:00
20260706,12,住之江,2,20260706-12-02,4,4028,田村隆信,48,徳島,60.0,A1,6.29,44.44,5.29,25.81,28,23.64,16,27.45,65512,11,https://www1.mbrace.or.jp/od2/B/202607/b260706.lzh,2026-10-03T18:25:36.976873+09:00
20260706,12,住之江,2,20260706-12-02,5,4012,中村有裕,46,滋賀,59.0,A2,6.26,48.15,6.13,44.44,15,29.51,61,26.56,6 155,9,https://www1.mbrace.or.jp/od2/B/202607/b260706.lzh,2026-10-03T18:25:36.976873+09:00
20260706,12,住之江,2,20260706-12-02,6,5450,藤本遼磨,23,大阪,52.0,B2,1.71,0.0,1.25,0.0,52,40.74,90,39.58,5 S 54,7,https://www1.mbrace.or.jp/od2/B/202607/b260706.lzh,2026-10-03T18:25:36.976873+09:00
20260706,12,住之江,3,20260706-12-03,1,5362,中嶋世奈,19,静岡,49.0,B2,2.51,4.11,1.57,0.0,36,13.33,37,35.85,6 255,12,https://www1.mbrace.or.jp/od2/B/202607/b260706.lzh,2026-10-03T18:25:36.976873+09:00
20260706,12,住之江,3,20260706-12-03,2,4211,村田敦,43,東京,58.0,B1,3.53,13.25,4.35,20.0,24,50.0,17,48.0,1 512,8,https://www1.mbrace.or.jp/od2/B/202607/b260706.lzh,2026-10-03T18:25:36.976873+09:00
20260706,12,住之江,3,20260706-12-03,3,3918,深井利寿,51,滋賀,52.0,A1,6.67,48.08,6.38,48.89,70,44.64,85,38.89,3 331,9,https://www1.mbrace.or.jp/od2/B/202607/b260706.lzh,2026-10-03T18:25:36.976873+09:00
20260706,12,住之江,3,20260706-12-03,4,3499,市川哲也,57,広島,51.0,A1,5.82,37.63,4.27,20.0,84,32.81,21,36.36,332 3,11,https://www1.mbrace.or.jp/od2/B/202607/b260706.lzh,2026-10-03T18:25:36.976873+09:00
20260706,12,住之江,3,20260706-12-03,5,3542,清水紀克,57,愛知,56.0,B1,4.06,18.18,5.56,43.75,21,21.67,74,22.41,5 452,7,https://www1.mbrace.or.jp/od2/B/202607/b260706.lzh,2026-10-03T18:25:36.976873+09:00
20260706,12,住之江,3,20260706-12-03,6,3352,小川晃司,58,福岡,50.0,B1,4.34,9.41,0.0,0.0,23,31.67,38,29.63,443 56,,https://www1.mbrace.or.jp/od2/B/202607/b260706.lzh,2026-10-03T18:25:36.976873+09:00
20260706,12,住之江,4,20260706-12-04,1,3075,中村裕将,63,埼玉,55.0,B1,4.94,34.18,4.2,23.33,37,35.19,34,32.08,656 54,,https://www1.mbrace.or.jp/od2/B/202607/b260706.lzh,2026-10-03T18:25:36.976873+09:00
20260706,12,住之江,4,20260706-12-04,2,5355,萩原丈太,21,福井,55.0,B1,2.27,5.97,1.64,0.0,64,59.32,59,41.51,665 46,,https://www1.mbrace.or.jp/od2/B/202607/b260706.lzh,2026-10-03T18:25:36.976873+09:00
20260706,12,住之江,4,20260706-12-04,3,3435,寺田千恵,57,岡山,45.0,A2,6.71,46.6,0.0,0.0,33,28.07,35,29.09,4 215,12,https://www1.mbrace.or.jp/od2/B/202607/b260706.lzh,2026-10-03T18:25:36.976873+09:00
20260706,12,住之江,4,20260706-12-04,4,4030,森高一真,48,香川,49.0,A1,6.88,36.0,7.51,48.98,39,31.67,50,30.0,212 45,9,https://www1.mbrace.or.jp/od2/B/202607/b260706.lzh,2026-10-03T18:25:36.976873+09:00
20260706,12,住之江,4,20260706-12-04,5,4730,土屋実沙,37,静岡,47.0,B1,5.35,33.33,6.57,52.38,60,37.5,23,33.33,1 323,10,https://www1.mbrace.or.jp/od2/B/202607/b260706.lzh,2026-10-03T18:25:36.976873+09:00
20260706,12,住之江,4,20260706-12-04,6,4899,占部一真,34,福岡,53.0,B1,4.57,28.38,4.97,40.0,32,40.35,28,34.62,4 614,11,https://www1.mbrace.or.jp/od2/B/202607/b260706.lzh,2026-10-03T18:25:36.976873+09:00
20260706,12,住之江,5,20260706-12-05,1,3999,大瀧明日,46,愛知,45.0,A2,6.14,44.19,5.67,44.44,61,31.58,76,34.62,224 4,12,https://www1.mbrace.or.jp/od2/B/202607/b260706.lzh,2026-10-03T18:25:36.976873+09:00
20260706,12,住之江,5,20260706-12-05,2,3602,奥平拓也,56,東京,52.0,B1,4.16,15.79,5.89,33.33,30,20.69,27,21.67,426 6,1,https://www1.mbrace.or.jp/od2/B/202607/b260706.lzh,2026-10-03T18:25:36.976873+09:00
20260706,12,住之江,5,20260706-12-05,3,4639,雑賀勇貴,35,大阪,54.0,B1,4.69,28.09,4.54,26.37,13,26.79,80,40.74,515 23,,https://www1.mbrace.or.jp/od2/B/202607/b260706.lzh,2026-10-03T18:25:36.976873+09:00
20260706,12,住之江,5,20260706-12-05,4,3587,武田信一,53,徳島,60.0,B1,4.2,19.51,3.79,24.14,68,31.58,64,27.69,3 141,9,https://www1.mbrace.or.jp/od2/B/202607/b260706.lzh,2026-10-03T18:25:36.976873+09:00
20260706,12,住之江,5,20260706-12-05,5,5181,森智哉,28,岡山,52.0,B1,5.13,28.36,3.63,12.5,83,28.33,70,22.41,1 621,11,https://www1.mbrace.or.jp/od2/B/202607/b260706.lzh,2026-10-03T18:25:36.976873+09:00
20260706,12,住之江,5,20260706-12-05,6,4911,片岡大地,30,東京,52.0,A2,5.07,24.29,5.39,33.33,71,38.6,22,40.38,2 2413,,https://www1.mbrace.or.jp/od2/B/202607/b260706.lzh,2026-10-03T18:25:36.976873+09:00
20260706,12,住之江,6,20260706-12-06,1,5194,大久保佑,24,埼玉,42.0,B1,4.37,26.03,3.36,9.09,55,38.89,66,34.0,5 466,12,https://www1.mbrace.or.jp/od2/B/202607/b260706.lzh,2026-10-03T18:25:36.976873+09:00
20260706,12,住之江,6,20260706-12-06,2,3731,高濱芳久,52,広島,51.0,B1,5.06,28.17,5.12,35.71,62,29.09,19,22.03,5 S43,1,https://www1.mbrace.or.jp/od2/B/202607/b260706.lzh,2026-10-03T18:25:36.976873+09:00
20260706,12,住之江,6,20260706-12-06,3,5004,河野主樹,30,大阪,52.0,A2,5.86,39.64,4.9,29.52,54,45.61,88,34.0,313 14,,https://www1.mbrace.or.jp/od2/B/202607/b260706.lzh,2026-10-03T18:25:36.976873+09:00
20260706,12,住之江,6,20260706-12-06,4,4557,松尾光広,36,岡山,56.0,B1,4.26,19.74,5.24,31.03,22,35.71,11,28.57,661 45,,https://www1.mbrace.or.jp/od2/B/202607/b260706.lzh,2026-10-03T18:25:36.976873+09:00
20260706,12,住之江,6,20260706-12-06,5,4084,杉山正樹,46,愛知,55.0,A1,6.43,40.98,6.45,42.11,69,35.09,13,35.29,422 4,10,https://www1.mbrace.or.jp/od2/B/202607/b260706.lzh,2026-10-03T18:25:36.976873+09:00
20260706,12,住之江,6,20260706-12-06,6,4098,赤澤文香,44,岡山,49.0,B1,4.81,24.36,4.89,16.67,11,50.0,24,38.78,5 434,2,https://www1.mbrace.or.jp/od2/B/202607/b260706.lzh,2026-10-03T18:25:36.976873+09:00
20260706,12,住之江,7,20260706-12-07,1,3805,高橋英之,52,東京,52.0,B1,5.24,34.94,5.78,37.04,59,22.22,14,40.0,244 34,,https://www1.mbrace.or.jp/od2/B/202607/b260706.lzh,2026-10-03T18:25:36.976873+09:00
20260706,12,住之江,7,20260706-12-07,2,3837,秋山広一,51,香川,53.0,A2,6.4,45.16,8.38,75.0,57,42.59,57,30.51,323 31,,https://www1.mbrace.or.jp/od2/B/202607/b260706.lzh,2026-10-03T18:25:36.976873+09:00
20260706,12,住之江,7,20260706-12-07,3,4590,渡邉優美,33,福岡,48.0,A1,6.55,41.03,8.71,92.86,19,39.29,18,30.43,145 21,12,https://www1.mbrace.or.jp/od2/B/202607/b260706.lzh,2026-10-03T18:25:36.976873+09:00
20260706,12,住之江,7,20260706-12-07,4,3542,清水紀克,57,愛知,56.0,B1,4.06,18.18,5.56,43.75,21,21.67,74,22.41,5 452,3,https://www1.mbrace.or.jp/od2/B/202607/b260706.lzh,2026-10-03T18:25:36.976873+09:00
20260706,12,住之江,7,20260706-12-07,5,5450,藤本遼磨,23,大阪,52.0,B2,1.71,0.0,1.25,0.0,52,40.74,90,39.58,5 S 54,2,https://www1.mbrace.or.jp/od2/B/202607/b260706.lzh,2026-10-03T18:25:36.976873+09:00
20260706,12,住之江,7,20260706-12-07,6,5366,塩嶋泰空,24,福井,56.0,B2,1.28,1.67,1.17,0.0,18,37.04,84,22.58,6 566,1,https://www1.mbrace.or.jp/od2/B/202607/b260706.lzh,2026-10-03T18:25:36.976873+09:00
20260706,12,住之江,8,20260706-12-08,1,3910,松下知幸,52,香川,52.0,B1,4.27,21.69,4.4,22.5,31,22.03,89,30.43,556 36,,https://www1.mbrace.or.jp/od2/B/202607/b260706.lzh,2026-10-03T18:25:36.976873+09:00
20260706,12,住之江,8,20260706-12-08,2,4983,前田篤哉,29,愛知,51.0,A1,7.03,55.56,7.83,58.33,29,45.61,51,28.13,461 22,,https://www1.mbrace.or.jp/od2/B/202607/b260706.lzh,2026-10-03T18:25:36.976873+09:00
20260706,12,住之江,8,20260706-12-08,3,3801,五反田忍,52,大阪,50.0,B1,4.73,30.0,4.59,37.5,65,18.03,56,26.92,2 166,12,https://www1.mbrace.or.jp/od2/B/202607/b260706.lzh,2026-10-03T18:25:36.976873+09:00
20260706,12,住之江,8,20260706-12-08,4,3905,天野友和,48,愛知,53.0,A2,6.26,48.15,5.56,31.48,81,21.57,29,32.76,5 353,1,https://www1.mbrace.or.jp/od2/B/202607/b260706.lzh,2026-10-03T18:25:36.976873+09:00
20260706,12,住之江,8,20260706-12-08,5,3740,大澤普司,52,群馬,52.0,A1,6.2,42.37,5.67,33.33,85,36.73,73,22.45,1 3356,,https://www1.mbrace.or.jp/od2/B/202607/b260706.lzh,2026-10-03T18:25:36.976873+09:00
20260706,12,住之江,8,20260706-12-08,6,4211,村田敦,43,東京,58.0,B1,3.53,13.25,4.35,20.0,24,50.0,17,48.0,1 512,3,https://www1.mbrace.or.jp/od2/B/202607/b260706.lzh,2026-10-03T18:25:36.976873+09:00
20260706,12,住之江,9,20260706-12-09,1,4030,森高一真,48,香川,49.0,A1,6.88,36.0,7.51,48.98,39,31.67,50,30.0,212 45,4,https://www1.mbrace.or.jp/od2/B/202607/b260706.lzh,2026-10-03T18:25:36.976873+09:00
20260706,12,住之江,9,20260706-12-09,2,4887,富澤祐作,39,群馬,54.0,B1,5.0,34.09,5.78,22.22,66,25.93,55,43.4,241 64,,https://www1.mbrace.or.jp/od2/B/202607/b260706.lzh,2026-10-03T18:25:36.976873+09:00
20260706,12,住之江,9,20260706-12-09,3,4012,中村有裕,46,滋賀,59.0,A2,6.26,48.15,6.13,44.44,15,29.51,61,26.56,6 155,2,https://www1.mbrace.or.jp/od2/B/202607/b260706.lzh,2026-10-03T18:25:36.976873+09:00
20260706,12,住之江,9,20260706-12-09,4,3918,深井利寿,51,滋賀,52.0,A1,6.67,48.08,6.38,48.89,70,44.64,85,38.89,3 331,3,https://www1.mbrace.or.jp/od2/B/202607/b260706.lzh,2026-10-03T18:25:36.976873+09:00
20260706,12,住之江,9,20260706-12-09,5,5039,倉田茂将,28,愛知,58.0,B1,4.28,25.84,0.0,0.0,67,33.33,32,28.0,354 15,,https://www1.mbrace.or.jp/od2/B/202607/b260706.lzh,2026-10-03T18:25:36.976873+09:00
20260706,12,住之江,9,20260706-12-09,6,3587,武田信一,53,徳島,60.0,B1,4.2,19.51,3.79,24.14,68,31.58,64,27.69,3 141,5,https://www1.mbrace.or.jp/od2/B/202607/b260706.lzh,2026-10-03T18:25:36.976873+09:00
20260706,12,住之江,10,20260706-12-10,1,3841,佐々木和,50,徳島,54.0,A2,6.07,44.12,5.93,40.0,53,39.62,81,40.38,3 3231,,https://www1.mbrace.or.jp/od2/B/202607/b260706.lzh,2026-10-03T18:25:36.976873+09:00
20260706,12,住之江,10,20260706-12-10,2,3715,倉尾大介,51,福岡,54.0,A2,5.56,33.33,4.75,29.17,51,40.0,39,23.33,3 2625,,https://www1.mbrace.or.jp/od2/B/202607/b260706.lzh,2026-10-03T18:25:36.976873+09:00
20260706,12,住之江,10,20260706-12-10,3,4084,杉山正樹,46,愛知,55.0,A1,6.43,40.98,6.45,42.11,69,35.09,13,35.29,422 4,6,https://www1.mbrace.or.jp/od2/B/202607/b260706.lzh,2026-10-03T18:25:36.976873+09:00
20260706,12,住之江,10,20260706-12-10,4,4730,土屋実沙,37,静岡,47.0,B1,5.35,33.33,6.57,52.38,60,37.5,23,33.33,1 323,4,https://www1.mbrace.or.jp/od2/B/202607/b260706.lzh,2026-10-03T18:25:36.976873+09:00
20260706,12,住之江,10,20260706-12-10,5,3825,宮嵜隆太,53,福岡,61.0,B1,2.87,12.73,4.56,31.71,58,27.12,86,28.3,1 316,2,https://www1.mbrace.or.jp/od2/B/202607/b260706.lzh,2026-10-03T18:25:36.976873+09:00
20260706,12,住之江,10,20260706-12-10,6,4888,金児隆太,38,群馬,52.0,B1,4.96,32.84,5.84,40.0,75,31.15,12,43.4,144 23,,https://www1.mbrace.or.jp/od2/B/202607/b260706.lzh,2026-10-03T18:25:36.976873+09:00
20260706,12,住之江,11,20260706-12-11,1,3499,市川哲也,57,広島,51.0,A1,5.82,37.63,4.27,20.0,84,32.81,21,36.36,332 3,3,https://www1.mbrace.or.jp/od2/B/202607/b260706.lzh,2026-10-03T18:25:36.976873+09:00
20260706,12,住之江,11,20260706-12-11,2,4028,田村隆信,48,徳島,60.0,A1,6.29,44.44,5.29,25.81,28,23.64,16,27.45,65512,2,https://www1.mbrace.or.jp/od2/B/202607/b260706.lzh,2026-10-03T18:25:36.976873+09:00
20260706,12,住之江,11,20260706-12-11,3,4899,占部一真,34,福岡,53.0,B1,4.57,28.38,4.97,40.0,32,40.35,28,34.62,4 614,4,https://www1.mbrace.or.jp/od2/B/202607/b260706.lzh,2026-10-03T18:25:36.976873+09:00
20260706,12,住之江,11,20260706-12-11,4,5181,森智哉,28,岡山,52.0,B1,5.13,28.36,3.63,12.5,83,28.33,70,22.41,1 621,5,https://www1.mbrace.or.jp/od2/B/202607/b260706.lzh,2026-10-03T18:25:36.976873+09:00
20260706,12,住之江,11,20260706-12-11,5,3833,中辻博訓,51,福井,53.0,A2,6.09,44.63,6.67,50.0,38,46.0,67,32.2,131 12,,https://www1.mbrace.or.jp/od2/B/202607/b260706.lzh,2026-10-03T18:25:36.976873+09:00
20260706,12,住之江,11,20260706-12-11,6,4488,小山勉,40,埼玉,53.0,A1,6.88,53.77,4.81,37.5,72,34.55,78,30.77,2 2411,,https://www1.mbrace.or.jp/od2/B/202607/b260706.lzh,2026-10-03T18:25:36.976873+09:00
20260706,12,住之江,12,20260706-12-12,1,4590,渡邉優美,33,福岡,48.0,A1,6.55,41.03,8.71,92.86,19,39.29,18,30.43,145 21,7,https://www1.mbrace.or.jp/od2/B/202607/b260706.lzh,2026-10-03T18:25:36.976873+09:00
20260706,12,住之江,12,20260706-12-12,2,3801,五反田忍,52,大阪,50.0,B1,4.73,30.0,4.59,37.5,65,18.03,56,26.92,2 166,8,https://www1.mbrace.or.jp/od2/B/202607/b260706.lzh,2026-10-03T18:25:36.976873+09:00
20260706,12,住之江,12,20260706-12-12,3,5194,大久保佑,24,埼玉,42.0,B1,4.37,26.03,3.36,9.09,55,38.89,66,34.0,5 466,6,https://www1.mbrace.or.jp/od2/B/202607/b260706.lzh,2026-10-03T18:25:36.976873+09:00
20260706,12,住之江,12,20260706-12-12,4,3999,大瀧明日,46,愛知,45.0,A2,6.14,44.19,5.67,44.44,61,31.58,76,34.62,224 4,5,https://www1.mbrace.or.jp/od2/B/202607/b260706.lzh,2026-10-03T18:25:36.976873+09:00
20260706,12,住之江,12,20260706-12-12,5,5362,中嶋世奈,19,静岡,49.0,B2,2.51,4.11,1.57,0.0,36,13.33,37,35.85,6 255,3,https://www1.mbrace.or.jp/od2/B/202607/b260706.lzh,2026-10-03T18:25:36.976873+09:00
20260706,12,住之江,12,20260706-12-12,6,3435,寺田千恵,57,岡山,45.0,A2,6.71,46.6,0.0,0.0,33,28.07,35,29.09,4 215,4,https://www1.mbrace.or.jp/od2/B/202607/b260706.lzh,2026-10-03T18:25:36.976873+09:00
20260706,09,津,1,20260706-09-01,1,4677,片橋幸貴,38,滋賀,55.0,A1,6.01,42.68,6.14,42.86,49,44.94,13,34.41,523 13,10,https://www1.mbrace.or.jp/od2/B/202607/b260706.lzh,2026-10-03T18:25:36.976873+09:00
20260706,09,津,1,20260706-09-01,2,3797,岩井繁,53,広島,62.0,B1,3.87,16.33,3.75,25.0,46,33.63,55,28.42,5 654,6,https://www1.mbrace.or.jp/od2/B/202607/b260706.lzh,2026-10-03T18:25:36.976873+09:00
20260706,09,津,1,20260706-09-01,3,3842,星野太郎,50,三重,53.0,B1,4.52,24.64,5.52,37.3,36,37.21,58,25.81,356 23,5,https://www1.mbrace.or.jp/od2/B/202607/b260706.lzh,2026-10-03T18:25:36.976873+09:00
20260706,09,津,1,20260706-09-01,4,4097,貫地谷直,44,広島,55.0,B1,3.64,13.64,3.48,12.0,33,30.83,27,26.67,6 2656,7,https://www1.mbrace.or.jp/od2/B/202607/b260706.lzh,2026-10-03T18:25:36.976873+09:00
20260706,09,津,1,20260706-09-01,5,5467,野村羽玖,19,大阪,52.0,B2,2.48,0.0,0.0,0.0,70,33.63,37,36.54,444 6,5,https://www1.mbrace.or.jp/od2/B/202607/b260706.lzh,2026-10-03T18:25:36.976873+09:00
20260706,09,津,1,20260706-09-01,6,4904,松本一毅,31,大阪,52.0,B1,5.27,33.03,6.47,46.67,60,32.58,17,36.0,25525,9,https://www1.mbrace.or.jp/od2/B/202607/b260706.lzh,2026-10-03T18:25:36.976873+09:00
20260706,09,津,2,20260706-09-02,1,4527,高野心吾,38,愛知,52.0,B1,4.63,25.0,3.18,7.5,29,32.14,30,36.79,246 35,9,https://www1.mbrace.or.jp/od2/B/202607/b260706.lzh,2026-10-03T18:25:36.976873+09:00
20260706,09,津,2,20260706-09-02,2,3482,金子猛志,55,群馬,60.0,B1,5.26,33.33,6.75,50.0,14,25.24,61,27.55,515 64,8,https://www1.mbrace.or.jp/od2/B/202607/b260706.lzh,2026-10-03T18:25:36.976873+09:00
20260706,09,津,2,20260706-09-02,3,3696,白井友晴,54,埼玉,52.0,B1,4.99,26.92,5.65,30.0,58,35.92,45,38.78,666 4,6,https://www1.mbrace.or.jp/od2/B/202607/b260706.lzh,2026-10-03T18:25:36.976873+09:00
20260706,09,津,2,20260706-09-02,4,5232,樅山拓馬,28,愛知,52.0,B1,5.1,27.78,4.61,11.11,35,36.73,70,36.04,3 3563,6,https://www1.mbrace.or.jp/od2/B/202607/b260706.lzh,2026-10-03T18:25:36.976873+09:00
20260706,09,津,2,20260706-09-02,5,5243,三馬崇史,25,広島,55.0,B1,5.46,36.17,6.44,44.44,18,35.56,23,30.23,6 621,8,https://www1.mbrace.or.jp/od2/B/202607/b260706.lzh,2026-10-03T18:25:36.976873+09:00
20260706,09,津,2,20260706-09-02,6,3419,栗原謙治,56,群馬,56.0,B2,2.29,0.0,3.0,14.29,20,33.33,50,25.29,6 635,,https://www1.mbrace.or.jp/od2/B/202607/b260706.lzh,2026-10-03T18:25:36.976873+09:00
20260706,09,津,3,20260706-09-03,1,4022,待鳥雄紀,46,福岡,57.0,B1,4.48,24.0,0.0,0.0,62,33.02,21,37.38,6 4335,7,https://www1.mbrace.or.jp/od2/B/202607/b260706.lzh,2026-10-03T18:25:36.976873+09:00
20260706,09,津,3,20260706-09-03,2,4000,松本博昭,49,広島,56.0,A2,6.16,45.6,5.44,34.38,71,29.29,12,32.71,51345,8,https://www1.mbrace.or.jp/od2/B/202607/b260706.lzh,2026-10-03T18:25:36.976873+09:00
20260706,09,津,3,20260706-09-03,3,4458,抹香雄三,40,広島,54.0,B1,5.37,31.51,4.05,10.53,19,21.01,49,41.9,13544,10,https://www1.mbrace.or.jp/od2/B/202607/b260706.lzh,2026-10-03T18:25:36.976873+09:00
20260706,09,津,3,20260706-09-03,4,4076,杉田篤光,47,静岡,52.0,B1,5.07,30.4,5.06,35.29,50,37.27,22,36.28,543 26,8,https://www1.mbrace.or.jp/od2/B/202607/b260706.lzh,2026-10-03T18:25:36.976873+09:00
20260706,09,津,3,20260706-09-03,5,4709,岡村将也,37,福岡,55.0,A2,5.48,34.88,6.05,47.62,21,40.0,11,36.11,2 2333,10,https://www1.mbrace.or.jp/od2/B/202607/b260706.lzh,2026-10-03T18:25:36.976873+09:00
20260706,09,津,3,20260706-09-03,6,3828,明石正之,52,兵庫,52.0,B1,5.53,34.62,5.2,30.0,41,46.36,52,30.53,545 31,,https://www1.mbrace.or.jp/od2/B/202607/b260706.lzh,2026-10-03T18:25:36.976873+09:00
20260706,09,津,4,20260706-09-04,1,3813,佐藤大介,50,愛知,53.0,A1,6.87,51.52,5.21,29.17,53,33.33,16,36.27,23155,11,https://www1.mbrace.or.jp/od2/B/202607/b260706.lzh,2026-10-03T18:25:36.976873+09:00
20260706,09,津,4,20260706-09-04,2,4565,西村豪洋,38,愛知,55.0,B1,3.76,10.71,4.48,23.81,55,34.04,65,30.3,161 61,10,https://www1.mbrace.or.jp/od2/B/202607/b260706.lzh,2026-10-03T18:25:36.976873+09:00
20260706,09,津,4,20260706-09-04,3,5376,吉田一心,22,大阪,51.0,B1,4.85,28.21,4.83,27.78,12,17.53,19,29.03,4 6414,8,https://www1.mbrace.or.jp/od2/B/202607/b260706.lzh,2026-10-03T18:25:36.976873+09:00
20260706,09,津,4,20260706-09-04,4,5354,渡邊雄斗,21,三重,52.0,B1,3.9,19.67,2.39,8.11,38,43.01,25,35.24,6 1634,9,https://www1.mbrace.or.jp/od2/B/202607/b260706.lzh,2026-10-03T18:25:36.976873+09:00
20260706,09,津,4,20260706-09-04,5,3746,岡瀬正人,51,岡山,52.0,A2,5.63,36.52,4.89,36.84,52,34.31,67,33.33,153 14,8,https://www1.mbrace.or.jp/od2/B/202607/b260706.lzh,2026-10-03T18:25:36.976873+09:00
20260706,09,津,4,20260706-09-04,6,4485,楠原正剛,40,福岡,55.0,B1,5.23,31.68,5.0,25.0,11,26.32,47,30.21,6F3 5,,https://www1.mbrace.or.jp/od2/B/202607/b260706.lzh,2026-10-03T18:25:36.976873+09:00
20260706,09,津,5,20260706-09-05,1,3717,立間充宏,51,岡山,56.0,A2,5.5,30.26,4.36,28.57,32,38.64,72,31.18,442 26,11,https://www1.mbrace.or.jp/od2/B/202607/b260706.lzh,2026-10-03T18:25:36.976873+09:00
20260706,09,津,5,20260706-09-05,2,4905,土井祥伍,31,大阪,54.0,B1,4.47,20.59,4.73,18.18,31,36.79,44,33.63,2 1644,11,https://www1.mbrace.or.jp/od2/B/202607/b260706.lzh,2026-10-03T18:25:36.976873+09:00
20260706,09,津,5,20260706-09-05,3,4252,松下哲也,43,福岡,52.0,B1,4.38,19.23,4.33,33.33,61,34.26,41,21.35,3 5524,9,https://www1.mbrace.or.jp/od2/B/202607/b260706.lzh,2026-10-03T18:25:36.976873+09:00
20260706,09,津,5,20260706-09-05,4,3842,星野太郎,50,三重,53.0,B1,4.52,24.64,5.52,37.3,36,37.21,58,25.81,356 23,1,https://www1.mbrace.or.jp/od2/B/202607/b260706.lzh,2026-10-03T18:25:36.976873+09:00
20260706,09,津,5,20260706-09-05,5,3838,伊藤啓三,51,埼玉,52.0,B1,5.51,33.77,7.06,55.56,65,28.87,51,31.33,4 5534,9,https://www1.mbrace.or.jp/od2/B/202607/b260706.lzh,2026-10-03T18:25:36.976873+09:00
20260706,09,津,5,20260706-09-05,6,5467,野村羽玖,19,大阪,52.0,B2,2.48,0.0,0.0,0.0,70,33.63,37,36.54,444 6,1,https://www1.mbrace.or.jp/od2/B/202607/b260706.lzh,2026-10-03T18:25:36.976873+09:00
20260706,09,津,6,20260706-09-06,1,5232,樅山拓馬,28,愛知,52.0,B1,5.1,27.78,4.61,11.11,35,36.73,70,36.04,3 3563,2,https://www1.mbrace.or.jp/od2/B/202607/b260706.lzh,2026-10-03T18:25:36.976873+09:00
20260706,09,津,6,20260706-09-06,2,4665,加藤啓太,42,愛知,52.0,B1,3.97,13.92,0.0,0.0,30,30.97,56,46.08,3 2426,10,https://www1.mbrace.or.jp/od2/B/202607/b260706.lzh,2026-10-03T18:25:36.976873+09:00
20260706,09,津,6,20260706-09-06,3,5134,大原祥昌,26,広島,55.0,A2,5.78,44.44,5.22,44.44,23,28.26,36,34.25,3 2262,10,https://www1.mbrace.or.jp/od2/B/202607/b260706.lzh,2026-10-03T18:25:36.976873+09:00
20260706,09,津,6,20260706-09-06,4,4506,稗田聖也,38,福岡,53.0,A1,6.34,50.7,5.91,45.45,56,37.63,60,33.98,15423,11,https://www1.mbrace.or.jp/od2/B/202607/b260706.lzh,2026-10-03T18:25:36.976873+09:00
20260706,09,津,6,20260706-09-06,5,3797,岩井繁,53,広島,62.0,B1,3.87,16.33,3.75,25.0,46,33.63,55,28.42,5 654,1,https://www1.mbrace.or.jp/od2/B/202607/b260706.lzh,2026-10-03T18:25:36.976873+09:00
20260706,09,津,6,20260706-09-06,6,3696,白井友晴,54,埼玉,52.0,B1,4.99,26.92,5.65,30.0,58,35.92,45,38.78,666 4,2,https://www1.mbrace.or.jp/od2/B/202607/b260706.lzh,2026-10-03T18:25:36.976873+09:00
20260706,09,津,7,20260706-09-07,1,4097,貫地谷直,44,広島,55.0,B1,3.64,13.64,3.48,12.0,33,30.83,27,26.67,6 2656,1,https://www1.mbrace.or.jp/od2/B/202607/b260706.lzh,2026-10-03T18:25:36.976873+09:00
20260706,09,津,7,20260706-09-07,2,3742,宮地秀祈,51,福岡,52.0,B1,4.96,30.14,2.83,16.67,72,35.71,68,25.32,14465,,https://www1.mbrace.or.jp/od2/B/202607/b260706.lzh,2026-10-03T18:25:36.976873+09:00
20260706,09,津,7,20260706-09-07,3,4057,松井賢治,47,兵庫,51.0,A2,5.89,44.44,5.63,30.0,64,34.86,46,37.74,22245,11,https://www1.mbrace.or.jp/od2/B/202607/b260706.lzh,2026-10-03T18:25:36.976873+09:00
20260706,09,津,7,20260706-09-07,4,4022,待鳥雄紀,46,福岡,57.0,B1,4.48,24.0,0.0,0.0,62,33.02,21,37.38,6 4335,3,https://www1.mbrace.or.jp/od2/B/202607/b260706.lzh,2026-10-03T18:25:36.976873+09:00
20260706,09,津,7,20260706-09-07,5,3550,都築正治,55,愛知,54.0,B1,5.55,40.18,5.59,37.84,13,33.7,24,35.09,6 1125,11,https://www1.mbrace.or.jp/od2/B/202607/b260706.lzh,2026-10-03T18:25:36.976873+09:00
20260706,09,津,7,20260706-09-07,6,4228,吉田慎二,43,愛知,58.0,A2,6.28,47.32,4.59,23.53,17,21.62,74,33.65,3 114F,,https://www1.mbrace.or.jp/od2/B/202607/b260706.lzh,2026-10-03T18:25:36.976873+09:00
20260706,09,津,8,20260706-09-08,1,5243,三馬崇史,25,広島,55.0,B1,5.46,36.17,6.44,44.44,18,35.56,23,30.23,6 621,2,https://www1.mbrace.or.jp/od2/B/202607/b260706.lzh,2026-10-03T18:25:36.976873+09:00
20260706,09,津,8,20260706-09-08,2,3746,岡瀬正人,51,岡山,52.0,A2,5.63,36.52,4.89,36.84,52,34.31,67,33.33,153 14,4,https://www1.mbrace.or.jp/od2/B/202607/b260706.lzh,2026-10-03T18:25:36.976873+09:00
20260706,09,津,8,20260706-09-08,3,4076,杉田篤光,47,静岡,52.0,B1,5.07,30.4,5.06,35.29,50,37.27,22,36.28,543 26,3,https://www1.mbrace.or.jp/od2/B/202607/b260706.lzh,2026-10-03T18:25:36.976873+09:00
20260706,09,津,8,20260706-09-08,4,4000,松本博昭,49,広島,56.0,A2,6.16,45.6,5.44,34.38,71,29.29,12,32.71,51345,3,https://www1.mbrace.or.jp/od2/B/202607/b260706.lzh,2026-10-03T18:25:36.976873+09:00
20260706,09,津,8,20260706-09-08,5,5376,吉田一心,22,大阪,51.0,B1,4.85,28.21,4.83,27.78,12,17.53,19,29.03,4 6414,4,https://www1.mbrace.or.jp/od2/B/202607/b260706.lzh,2026-10-03T18:25:36.976873+09:00
20260706,09,津,8,20260706-09-08,6,3482,金子猛志,55,群馬,60.0,B1,5.26,33.33,6.75,50.0,14,25.24,61,27.55,515 64,2,https://www1.mbrace.or.jp/od2/B/202607/b260706.lzh,2026-10-03T18:25:36.976873+09:00
20260706,09,津,9,20260706-09-09,1,4002,古結宏,48,兵庫,53.0,A1,6.81,49.55,6.53,53.33,37,43.81,57,36.61,363562,,https://www1.mbrace.or.jp/od2/B/202607/b260706.lzh,2026-10-03T18:25:36.976873+09:00
20260706,09,津,9,20260706-09-09,2,4904,松本一毅,31,大阪,52.0,B1,5.27,33.03,6.47,46.67,60,32.58,17,36.0,25525,1,https://www1.mbrace.or.jp/od2/B/202607/b260706.lzh,2026-10-03T18:25:36.976873+09:00
20260706,09,津,9,20260706-09-09,3,3838,伊藤啓三,51,埼玉,52.0,B1,5.51,33.77,7.06,55.56,65,28.87,51,31.33,4 5534,5,https://www1.mbrace.or.jp/od2/B/202607/b260706.lzh,2026-10-03T18:25:36.976873+09:00
20260706,09,津,9,20260706-09-09,4,4527,高野心吾,38,愛知,52.0,B1,4.63,25.0,3.18,7.5,29,32.14,30,36.79,246 35,2,https://www1.mbrace.or.jp/od2/B/202607/b260706.lzh,2026-10-03T18:25:36.976873+09:00
20260706,09,津,9,20260706-09-09,5,5354,渡邊雄斗,21,三重,52.0,B1,3.9,19.67,2.39,8.11,38,43.01,25,35.24,6 1634,4,https://www1.mbrace.or.jp/od2/B/202607/b260706.lzh,2026-10-03T18:25:36.976873+09:00
20260706,09,津,9,20260706-09-09,6,4252,松下哲也,43,福岡,52.0,B1,4.38,19.23,4.33,33.33,61,34.26,41,21.35,3 5524,5,https://www1.mbrace.or.jp/od2/B/202607/b260706.lzh,2026-10-03T18:25:36.976873+09:00
20260706,09,津,10,20260706-09-10,1,4709,岡村将也,37,福岡,55.0,A2,5.48,34.88,6.05,47.62,21,40.0,11,36.11,2 2333,3,https://www1.mbrace.or.jp/od2/B/202607/b260706.lzh,2026-10-03T18:25:36.976873+09:00
20260706,09,津,10,20260706-09-10,2,4677,片橋幸貴,38,滋賀,55.0,A1,6.01,42.68,6.14,42.86,49,44.94,13,34.41,523 13,1,https://www1.mbrace.or.jp/od2/B/202607/b260706.lzh,2026-10-03T18:25:36.976873+09:00
20260706,09,津,10,20260706-09-10,3,4565,西村豪洋,38,愛知,55.0,B1,3.76,10.71,4.48,23.81,55,34.04,65,30.3,161 61,4,https://www1.mbrace.or.jp/od2/B/202607/b260706.lzh,2026-10-03T18:25:36.976873+09:00
20260706,09,津,10,20260706-09-10,4,5134,大原祥昌,26,広島,55.0,A2,5.78,44.44,5.22,44.44,23,28.26,36,34.25,3 2262,6,https://www1.mbrace.or.jp/od2/B/202607/b260706.lzh,2026-10-03T18:25:36.976873+09:00
20260706,09,津,10,20260706-09-10,5,4665,加藤啓太,42,愛知,52.0,B1,3.97,13.92,0.0,0.0,30,30.97,56,46.08,3 2426,6,https://www1.mbrace.or.jp/od2/B/202607/b260706.lzh,2026-10-03T18:25:36.976873+09:00
20260706,09,津,10,20260706-09-10,6,4458,抹香雄三,40,広島,54.0,B1,5.37,31.51,4.05,10.53,19,21.01,49,41.9,13544,3,https://www1.mbrace.or.jp/od2/B/202607/b260706.lzh,2026-10-03T18:25:36.976873+09:00
20260706,09,津,11,20260706-09-11,1,4506,稗田聖也,38,福岡,53.0,A1,6.34,50.7,5.91,45.45,56,37.63,60,33.98,15423,6,https://www1.mbrace.or.jp/od2/B/202607/b260706.lzh,2026-10-03T18:25:36.976873+09:00
20260706,09,津,11,20260706-09-11,2,3550,都築正治,55,愛知,54.0,B1,5.55,40.18,5.59,37.84,13,33.7,24,35.09,6 1125,7,https://www1.mbrace.or.jp/od2/B/202607/b260706.lzh,2026-10-03T18:25:36.976873+09:00
20260706,09,津,11,20260706-09-11,3,3813,佐藤大介,50,愛知,53.0,A1,6.87,51.52,5.21,29.17,53,33.33,16,36.27,23155,4,https://www1.mbrace.or.jp/od2/B/202607/b260706.lzh,2026-10-03T18:25:36.976873+09:00
20260706,09,津,11,20260706-09-11,4,4057,松井賢治,47,兵庫,51.0,A2,5.89,44.44,5.63,30.0,64,34.86,46,37.74,22245,7,https://www1.mbrace.or.jp/od2/B/202607/b260706.lzh,2026-10-03T18:25:36.976873+09:00
20260706,09,津,11,20260706-09-11,5,4905,土井祥伍,31,大阪,54.0,B1,4.47,20.59,4.73,18.18,31,36.79,44,33.63,2 1644,5,https://www1.mbrace.or.jp/od2/B/202607/b260706.lzh,2026-10-03T18:25:36.976873+09:00
20260706,09,津,11,20260706-09-11,6,3717,立間充宏,51,岡山,56.0,A2,5.5,30.26,4.36,28.57,32,38.64,72,31.18,442 26,5,https://www1.mbrace.or.jp/od2/B/202607/b260706.lzh,2026-10-03T18:25:36.976873+09:00
20260706,09,津,12,20260706-09-12,1,3721,守田俊介,50,滋賀,53.0,A1,6.26,38.14,6.44,25.0,39,40.95,62,31.46,114111,,https://www1.mbrace.or.jp/od2/B/202607/b260706.lzh,2026-10-03T18:25:36.976873+09:00
20260706,09,津,12,20260706-09-12,2,4168,石野貴之,44,大阪,52.0,A1,6.85,43.48,8.4,90.0,68,30.25,20,28.32,122121,,https://www1.mbrace.or.jp/od2/B/202607/b260706.lzh,2026-10-03T18:25:36.976873+09:00
20260706,09,津,12,20260706-09-12,3,3946,赤岩善生,50,愛知,56.0,A1,6.94,47.37,7.85,46.15,66,25.25,39,28.0,241112,,https://www1.mbrace.or.jp/od2/B/202607/b260706.lzh,2026-10-03T18:25:36.976873+09:00
20260706,09,津,12,20260706-09-12,4,4754,松尾充,37,三重,51.0,A2,6.28,43.09,6.83,53.55,40,41.51,29,38.24,31323,,https://www1.mbrace.or.jp/od2/B/202607/b260706.lzh,2026-10-03T18:25:36.976873+09:00
20260706,09,津,12,20260706-09-12,5,3350,藤本佳史,58,山口,53.0,B1,4.72,28.89,5.48,35.0,51,43.52,63,32.35,324 21,,https://www1.mbrace.or.jp/od2/B/202607/b260706.lzh,2026-10-03T18:25:36.976873+09:00
20260706,09,津,12,20260706-09-12,6,3422,服部幸男,55,静岡,55.0,A2,6.1,43.22,5.42,35.48,27,33.33,73,32.74,213 52,,https://www1.mbrace.or.jp/od2/B/202607/b260706.lzh,2026-10-03T18:25:36.976873+09:00
20260706,07,蒲郡,1,20260706-07-01,1,5160,藤森陸斗,27,福岡,53.0,A2,6.11,41.07,7.29,58.82,21,38.31,41,31.72,241 222 26,10,https://www1.mbrace.or.jp/od2/B/202607/b260706.lzh,2026-10-03T18:25:36.976873+09:00
20260706,07,蒲郡,1,20260706-07-01,2,5300,横田海人,23,愛知,53.0,B1,2.07,5.26,1.34,0.0,33,31.62,70,37.93,6 566 365,9,https://www1.mbrace.or.jp/od2/B/202607/b260706.lzh,2026-10-03T18:25:36.976873+09:00
20260706,07,蒲郡,1,20260706-07-01,3,5319,近藤颯斗,25,愛知,51.0,B1,4.42,28.81,3.93,26.47,63,40.91,64,31.28,114 326 1,11,https://www1.mbrace.or.jp/od2/B/202607/b260706.lzh,2026-10-03T18:25:36.976873+09:00
20260706,07,蒲郡,1,20260706-07-01,4,5208,屋良龍紀,28,長崎,52.0,B1,4.08,22.62,3.4,10.0,36,30.37,29,32.31,333 5 253,5,https://www1.mbrace.or.jp/od2/B/202607/b260706.lzh,2026-10-03T18:25:36.976873+09:00
20260706,07,蒲郡,1,20260706-07-01,5,5325,澁川夏,22,大阪,51.0,B1,5.78,37.93,1.5,0.0,47,26.71,20,28.14,2 462 145,8,https://www1.mbrace.or.jp/od2/B/202607/b260706.lzh,2026-10-03T18:25:36.976873+09:00
20260706,07,蒲郡,1,20260706-07-01,6,5221,竹間隆晟,25,大阪,54.0,A1,6.85,51.24,6.41,47.06,14,28.44,49,36.6,4 14212 25,10,https://www1.mbrace.or.jp/od2/B/202607/b260706.lzh,2026-10-03T18:25:36.976873+09:00
20260706,07,蒲郡,2,20260706-07-02,1,5174,川井萌,24,静岡,46.0,B2,5.29,29.03,6.11,44.44,62,27.39,74,34.51,333 4 135,7,https://www1.mbrace.or.jp/od2/B/202607/b260706.lzh,2026-10-03T18:25:36.976873+09:00
20260706,07,蒲郡,2,20260706-07-02,2,5230,石原凪紗,22,愛知,46.0,B1,4.88,32.41,4.29,26.67,60,45.85,36,35.47,652 655 4,8,https://www1.mbrace.or.jp/od2/B/202607/b260706.lzh,2026-10-03T18:25:36.976873+09:00
20260706,07,蒲郡,2,20260706-07-02,3,4642,松尾夏海,34,香川,47.0,A2,7.08,57.55,6.79,54.76,49,33.2,18,30.77,623 3 4311,10,https://www1.mbrace.or.jp/od2/B/202607/b260706.lzh,2026-10-03T18:25:36.976873+09:00
20260706,07,蒲郡,2,20260706-07-02,4,4450,平高奈菜,38,香川,48.0,A2,6.27,43.33,6.48,47.73,11,29.57,69,30.85,2 451 2146,11,https://www1.mbrace.or.jp/od2/B/202607/b260706.lzh,2026-10-03T18:25:36.976873+09:00
20260706,07,蒲郡,2,20260706-07-02,5,5254,羽田妃希,23,愛知,46.0,B1,3.57,10.45,2.17,2.78,19,35.11,53,41.13,54S 5 132,6,https://www1.mbrace.or.jp/od2/B/202607/b260706.lzh,2026-10-03T18:25:36.976873+09:00
20260706,07,蒲郡,2,20260706-07-02,6,4433,川野芽唯,40,福岡,46.0,A1,6.95,54.17,6.75,50.0,55,36.02,72,32.74,2 51321 45,11,https://www1.mbrace.or.jp/od2/B/202607/b260706.lzh,2026-10-03T18:25:36.976873+09:00
20260706,07,蒲郡,3,20260706-07-03,1,5161,登玉隼百,27,兵庫,54.0,A2,5.74,43.06,7.69,75.0,51,30.6,38,36.4,1 264 412,11,https://www1.mbrace.or.jp/od2/B/202607/b260706.lzh,2026-10-03T18:25:36.976873+09:00
20260706,07,蒲郡,3,20260706-07-03,2,5328,井上慧人,22,福岡,54.0,B1,3.96,16.18,1.43,0.0,58,36.73,25,34.62,333 154 4,9,https://www1.mbrace.or.jp/od2/B/202607/b260706.lzh,2026-10-03T18:25:36.976873+09:00
20260706,07,蒲郡,3,20260706-07-03,3,5219,森口和紀,25,福岡,51.0,B1,5.18,38.03,3.0,14.29,39,39.01,30,42.11,545 512 1,11,https://www1.mbrace.or.jp/od2/B/202607/b260706.lzh,2026-10-03T18:25:36.976873+09:00
20260706,07,蒲郡,3,20260706-07-03,4,5191,飛田江己,25,埼玉,53.0,A1,6.91,52.42,4.89,26.32,41,27.54,52,33.16,6 114 3144,10,https://www1.mbrace.or.jp/od2/B/202607/b260706.lzh,2026-10-03T18:25:36.976873+09:00
20260706,07,蒲郡,3,20260706-07-03,5,5304,井田涼介,23,群馬,59.0,B2,2.1,3.39,0.5,0.0,46,36.22,63,30.59,6 655 651,8,https://www1.mbrace.or.jp/od2/B/202607/b260706.lzh,2026-10-03T18:25:36.976873+09:00
20260706,07,蒲郡,3,20260706-07-03,6,5364,金子怜央,26,群馬,52.0,B1,2.55,5.0,1.07,0.0,34,49.21,75,31.34,6 55436 6,7,https://www1.mbrace.or.jp/od2/B/202607/b260706.lzh,2026-10-03T18:25:36.976873+09:00
20260706,07,蒲郡,4,20260706-07-04,1,4689,豊田結,32,静岡,53.0,B1,5.29,33.77,6.85,56.25,20,34.18,14,36.67,324 431 4,10,https://www1.mbrace.or.jp/od2/B/202607/b260706.lzh,2026-10-03T18:25:36.976873+09:00
20260706,07,蒲郡,4,20260706-07-04,2,4208,三浦永理,43,静岡,46.0,A1,7.17,56.9,6.7,48.84,18,39.39,13,33.48,5 51145 3,9,https://www1.mbrace.or.jp/od2/B/202607/b260706.lzh,2026-10-03T18:25:36.976873+09:00
20260706,07,蒲郡,4,20260706-07-04,3,4117,廣中智紗,45,東京,45.0,A2,5.99,45.37,5.65,36.54,52,30.94,60,33.95,222 265 6,9,https://www1.mbrace.or.jp/od2/B/202607/b260706.lzh,2026-10-03T18:25:36.976873+09:00
20260706,07,蒲郡,4,20260706-07-04,4,4501,樋口由加,38,岡山,46.0,B1,5.28,34.0,4.67,26.67,50,27.15,71,34.93,4 13164 6,8,https://www1.mbrace.or.jp/od2/B/202607/b260706.lzh,2026-10-03T18:25:36.976873+09:00
20260706,07,蒲郡,4,20260706-07-04,5,5155,内山七海,29,福岡,45.0,A2,6.0,42.55,0.0,0.0,54,40.0,39,32.56,1 321 2224,11,https://www1.mbrace.or.jp/od2/B/202607/b260706.lzh,2026-10-03T18:25:36.976873+09:00
20260706,07,蒲郡,4,20260706-07-04,6,4804,高田ひか,31,三重,49.0,A1,6.64,47.92,5.58,36.0,45,28.33,35,40.34,1 224 633,10,https://www1.mbrace.or.jp/od2/B/202607/b260706.lzh,2026-10-03T18:25:36.976873+09:00
20260706,07,蒲郡,5,20260706-07-05,1,5318,河内一馬,25,愛知,55.0,B1,3.67,16.09,2.45,5.97,17,35.02,46,34.98,465 1 4154,,https://www1.mbrace.or.jp/od2/B/202607/b260706.lzh,2026-10-03T18:25:36.976873+09:00
20260706,07,蒲郡,5,20260706-07-05,2,5208,屋良龍紀,28,長崎,52.0,B1,4.08,22.62,3.4,10.0,36,30.37,56,27.5,333 5 253,1,https://www1.mbrace.or.jp/od2/B/202607/b260706.lzh,2026-10-03T18:25:36.976873+09:00
20260706,07,蒲郡,5,20260706-07-05,3,5386,米玉利大,20,兵庫,54.0,B1,3.13,11.43,0.0,0.0,37,24.68,50,32.64,444 346 66,,https://www1.mbrace.or.jp/od2/B/202607/b260706.lzh,2026-10-03T18:25:36.976873+09:00
20260706,07,蒲郡,5,20260706-07-05,4,5347,井澤聖奈,22,愛知,45.0,B2,1.62,0.0,1.45,0.0,26,42.01,57,28.72,5 66566 5,,https://www1.mbrace.or.jp/od2/B/202607/b260706.lzh,2026-10-03T18:25:36.976873+09:00
20260706,07,蒲郡,5,20260706-07-05,5,4941,孫崎百世,37,滋賀,46.0,B1,5.17,32.14,2.88,5.88,56,34.26,68,31.25,441 2 5S6,,https://www1.mbrace.or.jp/od2/B/202607/b260706.lzh,2026-10-03T18:25:36.976873+09:00
20260706,07,蒲郡,5,20260706-07-05,6,5389,恵良琴美,19,福岡,41.0,B1,2.18,0.0,0.0,0.0,57,32.58,33,36.82,5 665 565,,https://www1.mbrace.or.jp/od2/B/202607/b260706.lzh,2026-10-03T18:25:36.976873+09:00
20260706,07,蒲郡,6,20260706-07-06,1,5078,山川波乙,28,三重,46.0,B1,4.67,29.49,3.78,0.0,77,46.63,47,37.17,3 46334 25,,https://www1.mbrace.or.jp/od2/B/202607/b260706.lzh,2026-10-03T18:25:36.976873+09:00
20260706,07,蒲郡,6,20260706-07-06,2,4720,西澤日花,32,長崎,47.0,B1,3.95,16.88,4.0,12.5,30,31.48,19,30.62,4 236 4636,,https://www1.mbrace.or.jp/od2/B/202607/b260706.lzh,2026-10-03T18:25:36.976873+09:00
20260706,07,蒲郡,6,20260706-07-06,3,5254,羽田妃希,23,愛知,46.0,B1,3.57,10.45,2.17,2.78,19,35.11,53,41.13,54S 5 132,2,https://www1.mbrace.or.jp/od2/B/202607/b260706.lzh,2026-10-03T18:25:36.976873+09:00
20260706,07,蒲郡,6,20260706-07-06,4,5422,真田聖也,24,埼玉,53.0,B2,1.39,1.85,0.86,0.0,15,28.48,76,31.03,6 665 656,,https://www1.mbrace.or.jp/od2/B/202607/b260706.lzh,2026-10-03T18:25:36.976873+09:00
20260706,07,蒲郡,6,20260706-07-06,5,5309,森雄利,21,長崎,52.0,B1,3.41,15.94,0.0,0.0,76,40.47,26,28.26,3 32664 65,,https://www1.mbrace.or.jp/od2/B/202607/b260706.lzh,2026-10-03T18:25:36.976873+09:00
20260706,07,蒲郡,6,20260706-07-06,6,5150,坂本雄紀,31,群馬,53.0,A1,6.41,49.47,6.81,51.85,43,27.35,54,31.08,265 3 5411,,https://www1.mbrace.or.jp/od2/B/202607/b260706.lzh,2026-10-03T18:25:36.976873+09:00
20260706,07,蒲郡,7,20260706-07-07,1,5272,松田真実,24,愛知,46.0,B1,4.75,28.17,3.38,19.15,24,28.05,37,39.83,152 643 64,,https://www1.mbrace.or.jp/od2/B/202607/b260706.lzh,2026-10-03T18:25:36.976873+09:00
20260706,07,蒲郡,7,20260706-07-07,2,5118,野田なづ,25,佐賀,45.0,A2,6.02,40.74,0.0,0.0,27,36.55,27,33.33,554 2 3212,,https://www1.mbrace.or.jp/od2/B/202607/b260706.lzh,2026-10-03T18:25:36.976873+09:00
20260706,07,蒲郡,7,20260706-07-07,3,5174,川井萌,24,静岡,46.0,B2,5.29,29.03,6.11,44.44,62,27.39,74,34.51,333 4 135,2,https://www1.mbrace.or.jp/od2/B/202607/b260706.lzh,2026-10-03T18:25:36.976873+09:00
20260706,07,蒲郡,7,20260706-07-07,4,5364,金子怜央,26,群馬,52.0,B1,2.55,5.0,1.07,0.0,34,49.21,75,31.34,6 55436 6,3,https://www1.mbrace.or.jp/od2/B/202607/b260706.lzh,2026-10-03T18:25:36.976873+09:00
20260706,07,蒲郡,7,20260706-07-07,5,5235,岩田凌,27,大阪,55.0,B2,3.42,5.56,0.0,0.0,64,36.76,77,31.28,631 4 5432,,https://www1.mbrace.or.jp/od2/B/202607/b260706.lzh,2026-10-03T18:25:36.976873+09:00
20260706,07,蒲郡,7,20260706-07-07,6,5273,山下拓巳,24,兵庫,52.0,B1,3.91,17.98,0.0,0.0,75,25.69,51,32.58,655 555 4,,https://www1.mbrace.or.jp/od2/B/202607/b260706.lzh,2026-10-03T18:25:36.976873+09:00
20260706,07,蒲郡,8,20260706-07-08,1,5325,澁川夏,22,大阪,51.0,B1,5.78,37.93,1.5,0.0,47,26.71,20,28.14,2 462 145,1,https://www1.mbrace.or.jp/od2/B/202607/b260706.lzh,2026-10-03T18:25:36.976873+09:00
20260706,07,蒲郡,8,20260706-07-08,2,5381,有山望,21,大阪,49.0,B1,3.61,11.84,1.73,0.0,48,27.69,61,38.96,5 44433 53,,https://www1.mbrace.or.jp/od2/B/202607/b260706.lzh,2026-10-03T18:25:36.976873+09:00
20260706,07,蒲郡,8,20260706-07-08,3,5304,井田涼介,23,群馬,59.0,B2,2.1,3.39,0.5,0.0,46,36.22,63,30.59,6 655 651,3,https://www1.mbrace.or.jp/od2/B/202607/b260706.lzh,2026-10-03T18:25:36.976873+09:00
20260706,07,蒲郡,8,20260706-07-08,4,5230,石原凪紗,22,愛知,46.0,B1,4.88,32.41,4.29,26.67,60,45.85,36,35.47,652 655 4,2,https://www1.mbrace.or.jp/od2/B/202607/b260706.lzh,2026-10-03T18:25:36.976873+09:00
20260706,07,蒲郡,8,20260706-07-08,5,4501,樋口由加,38,岡山,46.0,B1,5.28,34.0,4.67,26.67,50,27.15,71,34.93,4 13164 6,4,https://www1.mbrace.or.jp/od2/B/202607/b260706.lzh,2026-10-03T18:25:36.976873+09:00
20260706,07,蒲郡,8,20260706-07-08,6,4823,中村桃佳,33,香川,45.0,A2,7.31,55.67,7.56,55.56,16,33.93,22,31.84,2 321 F23,,https://www1.mbrace.or.jp/od2/B/202607/b260706.lzh,2026-10-03T18:25:36.976873+09:00
20260706,07,蒲郡,9,20260706-07-09,1,4117,廣中智紗,45,東京,45.0,A2,5.99,45.37,5.65,36.54,52,30.94,60,33.95,222 265 6,4,https://www1.mbrace.or.jp/od2/B/202607/b260706.lzh,2026-10-03T18:25:36.976873+09:00
20260706,07,蒲郡,9,20260706-07-09,2,4499,滝川真由,38,長崎,46.0,B1,5.05,32.14,4.78,33.33,29,38.82,17,37.44,423 433 43,,https://www1.mbrace.or.jp/od2/B/202607/b260706.lzh,2026-10-03T18:25:36.976873+09:00
20260706,07,蒲郡,9,20260706-07-09,3,4208,三浦永理,43,静岡,46.0,A1,7.17,56.9,6.7,48.84,18,39.39,13,33.48,5 51145 3,4,https://www1.mbrace.or.jp/od2/B/202607/b260706.lzh,2026-10-03T18:25:36.976873+09:00
20260706,07,蒲郡,9,20260706-07-09,4,5300,横田海人,23,愛知,53.0,B1,2.07,5.26,1.34,0.0,33,31.62,70,37.93,6 566 365,1,https://www1.mbrace.or.jp/od2/B/202607/b260706.lzh,2026-10-03T18:25:36.976873+09:00
20260706,07,蒲郡,9,20260706-07-09,5,5328,井上慧人,22,福岡,54.0,B1,3.96,16.18,1.43,0.0,58,36.73,25,34.62,333 154 4,3,https://www1.mbrace.or.jp/od2/B/202607/b260706.lzh,2026-10-03T18:25:36.976873+09:00
20260706,07,蒲郡,9,20260706-07-09,6,5402,塚越陸斗,23,群馬,54.0,B2,1.52,2.38,1.14,0.0,35,37.97,23,31.96,564 665 5,,https://www1.mbrace.or.jp/od2/B/202607/b260706.lzh,2026-10-03T18:25:36.976873+09:00
20260706,07,蒲郡,10,20260706-07-10,1,5191,飛田江己,25,埼玉,53.0,A1,6.91,52.42,4.89,26.32,41,27.54,52,33.16,6 114 3144,3,https://www1.mbrace.or.jp/od2/B/202607/b260706.lzh,2026-10-03T18:25:36.976873+09:00
20260706,07,蒲郡,10,20260706-07-10,2,5221,竹間隆晟,25,大阪,54.0,A1,6.85,51.24,6.41,47.06,14,28.44,49,36.6,4 14212 25,1,https://www1.mbrace.or.jp/od2/B/202607/b260706.lzh,2026-10-03T18:25:36.976873+09:00
20260706,07,蒲郡,10,20260706-07-10,3,5160,藤森陸斗,27,福岡,53.0,A2,6.11,41.07,7.29,58.82,21,38.31,41,31.72,241 222 26,1,https://www1.mbrace.or.jp/od2/B/202607/b260706.lzh,2026-10-03T18:25:36.976873+09:00
20260706,07,蒲郡,10,20260706-07-10,4,4804,高田ひか,31,三重,49.0,A1,6.64,47.92,5.58,36.0,45,28.33,35,40.34,1 224 633,4,https://www1.mbrace.or.jp/od2/B/202607/b260706.lzh,2026-10-03T18:25:36.976873+09:00
20260706,07,蒲郡,10,20260706-07-10,5,4689,豊田結,32,静岡,53.0,B1,5.29,33.77,6.85,56.25,20,34.18,14,36.67,324 431 4,4,https://www1.mbrace.or.jp/od2/B/202607/b260706.lzh,2026-10-03T18:25:36.976873+09:00
20260706,07,蒲郡,10,20260706-07-10,6,4642,松尾夏海,34,香川,47.0,A2,7.08,57.55,6.79,54.76,49,33.2,18,30.77,623 3 4311,2,https://www1.mbrace.or.jp/od2/B/202607/b260706.lzh,2026-10-03T18:25:36.976873+09:00
20260706,07,蒲郡,11,20260706-07-11,1,5155,内山七海,29,福岡,45.0,A2,6.0,42.55,0.0,0.0,54,40.0,39,32.56,1 321 2224,4,https://www1.mbrace.or.jp/od2/B/202607/b260706.lzh,2026-10-03T18:25:36.976873+09:00
20260706,07,蒲郡,11,20260706-07-11,2,4433,川野芽唯,40,福岡,46.0,A1,6.95,54.17,6.75,50.0,55,36.02,72,32.74,2 51321 45,2,https://www1.mbrace.or.jp/od2/B/202607/b260706.lzh,2026-10-03T18:25:36.976873+09:00
20260706,07,蒲郡,11,20260706-07-11,3,4450,平高奈菜,38,香川,48.0,A2,6.27,43.33,6.48,47.73,11,29.57,69,30.85,2 451 2146,2,https://www1.mbrace.or.jp/od2/B/202607/b260706.lzh,2026-10-03T18:25:36.976873+09:00
20260706,07,蒲郡,11,20260706-07-11,4,5161,登玉隼百,27,兵庫,54.0,A2,5.74,43.06,7.69,75.0,51,30.6,38,36.4,1 264 412,3,https://www1.mbrace.or.jp/od2/B/202607/b260706.lzh,2026-10-03T18:25:36.976873+09:00
20260706,07,蒲郡,11,20260706-07-11,5,5319,近藤颯斗,25,愛知,51.0,B1,4.42,28.81,3.93,26.47,63,40.91,64,31.28,114 326 1,1,https://www1.mbrace.or.jp/od2/B/202607/b260706.lzh,2026-10-03T18:25:36.976873+09:00
20260706,07,蒲郡,11,20260706-07-11,6,5219,森口和紀,25,福岡,51.0,B1,5.18,38.03,3.0,14.29,39,39.01,30,42.11,545 512 1,3,https://www1.mbrace.or.jp/od2/B/202607/b260706.lzh,2026-10-03T18:25:36.976873+09:00
20260706,07,蒲郡,12,20260706-07-12,1,5330,安河内鈴,22,福岡,51.0,A2,6.29,49.54,4.89,33.33,40,38.12,65,39.65,111 123 11,,https://www1.mbrace.or.jp/od2/B/202607/b260706.lzh,2026-10-03T18:25:36.976873+09:00
20260706,07,蒲郡,12,20260706-07-12,2,4885,大山千広,30,福岡,48.0,A2,6.74,54.1,0.0,0.0,61,33.46,31,42.53,114 224 21,,https://www1.mbrace.or.jp/od2/B/202607/b260706.lzh,2026-10-03T18:25:36.976873+09:00
20260706,07,蒲郡,12,20260706-07-12,3,5276,大島隆乃,24,福岡,52.0,B1,4.83,21.11,5.5,16.67,28,28.28,58,35.98,3 331 1222,,https://www1.mbrace.or.jp/od2/B/202607/b260706.lzh,2026-10-03T18:25:36.976873+09:00
20260706,07,蒲郡,12,20260706-07-12,4,4464,山下友貴,40,静岡,43.0,A1,5.78,34.41,5.9,46.15,38,38.76,66,33.96,212 561 32,,https://www1.mbrace.or.jp/od2/B/202607/b260706.lzh,2026-10-03T18:25:36.976873+09:00
20260706,07,蒲郡,12,20260706-07-12,5,5166,仲道大輔,26,愛知,52.0,A2,6.2,43.04,5.79,38.46,59,36.15,16,32.06,3 211 2133,,https://www1.mbrace.or.jp/od2/B/202607/b260706.lzh,2026-10-03T18:25:36.976873+09:00
20260706,07,蒲郡,12,20260706-07-12,6,4190,長嶋万記,45,静岡,50.0,B2,6.43,42.86,5.54,40.38,72,42.02,40,34.76,1 153 3213,,https://www1.mbrace.or.jp/od2/B/202607/b260706.lzh,2026-10-03T18:25:36.976873+09:00
20260706,05,多摩川,1,20260706-05-01,1,3445,加藤高史,56,埼玉,54.0,B1,4.75,20.24,4.82,34.43,30,31.11,83,48.0,5,9,https://www1.mbrace.or.jp/od2/B/202607/b260706.lzh,2026-10-03T18:25:36.976873+09:00
20260706,05,多摩川,1,20260706-05-01,2,4273,佐藤旭,43,静岡,54.0,B1,5.12,31.71,4.57,26.09,68,28.26,62,38.0,53,8,https://www1.mbrace.or.jp/od2/B/202607/b260706.lzh,2026-10-03T18:25:36.976873+09:00
20260706,05,多摩川,1,20260706-05-01,3,5196,鰐部太空,24,愛知,54.0,A1,6.57,46.43,5.07,28.57,26,40.0,55,34.69,35,10,https://www1.mbrace.or.jp/od2/B/202607/b260706.lzh,2026-10-03T18:25:36.976873+09:00
20260706,05,多摩川,1,20260706-05-01,4,4274,長畑友輔,43,東京,52.0,B1,4.36,22.35,4.43,26.19,72,31.37,33,31.37,6,6,https://www1.mbrace.or.jp/od2/B/202607/b260706.lzh,2026-10-03T18:25:36.976873+09:00
20260706,05,多摩川,1,20260706-05-01,5,3852,澤大介,53,三重,51.0,B1,4.33,19.4,4.88,23.08,75,37.93,61,30.77,4,,https://www1.mbrace.or.jp/od2/B/202607/b260706.lzh,2026-10-03T18:25:36.976873+09:00
20260706,05,多摩川,1,20260706-05-01,6,4077,品田直樹,47,東京,52.0,A2,6.0,35.79,4.35,20.37,27,45.45,38,40.0,1,11,https://www1.mbrace.or.jp/od2/B/202607/b260706.lzh,2026-10-03T18:25:36.976873+09:00
20260706,05,多摩川,2,20260706-05-02,1,4281,大澤大夢,42,埼玉,53.0,B1,4.87,30.38,4.84,25.45,40,34.78,36,45.1,44,8,https://www1.mbrace.or.jp/od2/B/202607/b260706.lzh,2026-10-03T18:25:36.976873+09:00
20260706,05,多摩川,2,20260706-05-02,2,3161,古場輝義,66,大阪,52.0,B1,5.14,36.84,4.2,30.0,61,31.91,41,23.53,2,12,https://www1.mbrace.or.jp/od2/B/202607/b260706.lzh,2026-10-03T18:25:36.976873+09:00
20260706,05,多摩川,2,20260706-05-02,3,4461,安田吉宏,40,三重,58.0,B1,4.48,18.75,5.18,32.14,42,34.78,37,25.45,1,10,https://www1.mbrace.or.jp/od2/B/202607/b260706.lzh,2026-10-03T18:25:36.976873+09:00
20260706,05,多摩川,2,20260706-05-02,4,4290,稲田浩二,41,兵庫,52.0,A1,6.98,45.9,7.86,68.97,23,42.22,57,34.62,42,9,https://www1.mbrace.or.jp/od2/B/202607/b260706.lzh,2026-10-03T18:25:36.976873+09:00
20260706,05,多摩川,2,20260706-05-02,5,3929,杢野誓良,50,愛知,51.0,B1,3.93,14.47,4.13,12.5,11,37.5,58,22.86,4,7,https://www1.mbrace.or.jp/od2/B/202607/b260706.lzh,2026-10-03T18:25:36.976873+09:00
20260706,05,多摩川,2,20260706-05-02,6,5005,石田貴洋,30,埼玉,52.0,A1,6.73,51.35,5.42,26.92,43,27.08,74,37.5,33,11,https://www1.mbrace.or.jp/od2/B/202607/b260706.lzh,2026-10-03T18:25:36.976873+09:00
20260706,05,多摩川,3,20260706-05-03,1,4462,夏山亮平,40,大阪,57.0,B1,4.88,31.88,5.84,40.0,45,35.71,45,37.25,2,11,https://www1.mbrace.or.jp/od2/B/202607/b260706.lzh,2026-10-03T18:25:36.976873+09:00
20260706,05,多摩川,3,20260706-05-03,2,4086,寺本重宣,46,東京,49.0,A2,5.99,41.12,5.88,37.04,19,34.09,56,40.38,51,8,https://www1.mbrace.or.jp/od2/B/202607/b260706.lzh,2026-10-03T18:25:36.976873+09:00
20260706,05,多摩川,3,20260706-05-03,3,4207,松下一也,43,静岡,55.0,A1,6.21,51.72,5.94,47.06,47,30.43,71,27.45,36,7,https://www1.mbrace.or.jp/od2/B/202607/b260706.lzh,2026-10-03T18:25:36.976873+09:00
20260706,05,多摩川,3,20260706-05-03,4,3340,池田雷太,60,東京,54.0,B1,4.21,21.18,4.65,30.43,64,27.78,23,33.96,42,10,https://www1.mbrace.or.jp/od2/B/202607/b260706.lzh,2026-10-03T18:25:36.976873+09:00
20260706,05,多摩川,3,20260706-05-03,5,4979,中野夢斗,30,愛知,52.0,B1,5.26,32.41,0.0,0.0,35,21.74,28,27.27,44,,https://www1.mbrace.or.jp/od2/B/202607/b260706.lzh,2026-10-03T18:25:36.976873+09:00
20260706,05,多摩川,3,20260706-05-03,6,5466,成田華音,19,埼玉,52.0,B2,2.0,3.85,0.0,0.0,53,36.17,24,34.55,6,,https://www1.mbrace.or.jp/od2/B/202607/b260706.lzh,2026-10-03T18:25:36.976873+09:00
20260706,05,多摩川,4,20260706-05-04,1,3933,山地正樹,50,岡山,52.0,B1,5.92,43.0,5.78,55.56,25,35.19,30,41.3,66,,https://www1.mbrace.or.jp/od2/B/202607/b260706.lzh,2026-10-03T18:25:36.976873+09:00
20260706,05,多摩川,4,20260706-05-04,2,4118,宇佐見淳,45,愛知,53.0,A2,5.9,40.54,6.59,36.59,13,34.55,44,31.48,35,9,https://www1.mbrace.or.jp/od2/B/202607/b260706.lzh,2026-10-03T18:25:36.976873+09:00
20260706,05,多摩川,4,20260706-05-04,3,4760,山崎郡,36,大阪,52.0,A1,7.14,44.0,6.89,48.57,66,26.83,46,24.07,11,8,https://www1.mbrace.or.jp/od2/B/202607/b260706.lzh,2026-10-03T18:25:36.976873+09:00
20260706,05,多摩川,4,20260706-05-04,4,4917,岩橋裕馬,37,兵庫,53.0,B1,4.29,20.0,3.36,9.09,32,60.0,66,49.06,4,10,https://www1.mbrace.or.jp/od2/B/202607/b260706.lzh,2026-10-03T18:25:36.976873+09:00
20260706,05,多摩川,4,20260706-05-04,5,4489,岩川仁士,39,大阪,55.0,B1,5.15,31.31,5.74,39.47,37,40.82,40,24.53,52,,https://www1.mbrace.or.jp/od2/B/202607/b260706.lzh,2026-10-03T18:25:36.976873+09:00
20260706,05,多摩川,4,20260706-05-04,6,3866,木山誠一,51,岡山,54.0,B1,5.14,34.48,6.17,33.33,58,38.3,70,28.85,36,12,https://www1.mbrace.or.jp/od2/B/202607/b260706.lzh,2026-10-03T18:25:36.976873+09:00
20260706,05,多摩川,5,20260706-05-05,1,4735,角山雄哉,35,兵庫,55.0,B1,4.15,18.99,3.38,12.5,15,13.64,49,28.85,64,,https://www1.mbrace.or.jp/od2/B/202607/b260706.lzh,2026-10-03T18:25:36.976873+09:00
20260706,05,多摩川,5,20260706-05-05,2,4047,吉永浩則,46,大阪,53.0,B1,3.84,17.91,4.76,26.47,70,32.65,47,36.0,5,,https://www1.mbrace.or.jp/od2/B/202607/b260706.lzh,2026-10-03T18:25:36.976873+09:00
20260706,05,多摩川,5,20260706-05-05,3,4365,盛本真輔,40,兵庫,52.0,A2,6.0,42.86,5.56,44.0,39,35.56,76,40.38,21,12,https://www1.mbrace.or.jp/od2/B/202607/b260706.lzh,2026-10-03T18:25:36.976873+09:00
20260706,05,多摩川,5,20260706-05-05,4,4318,桑原将光,41,東京,52.0,A2,5.23,28.05,5.35,30.77,21,37.04,25,33.33,5,10,https://www1.mbrace.or.jp/od2/B/202607/b260706.lzh,2026-10-03T18:25:36.976873+09:00
20260706,05,多摩川,5,20260706-05-05,5,3775,泉啓文,51,岡山,60.0,B1,3.61,16.25,4.36,30.56,17,45.76,84,16.98,1,9,https://www1.mbrace.or.jp/od2/B/202607/b260706.lzh,2026-10-03T18:25:36.976873+09:00
20260706,05,多摩川,5,20260706-05-05,6,3939,渡辺真至,48,愛知,53.0,B2,5.62,44.83,5.35,38.46,49,26.67,64,37.74,1,,https://www1.mbrace.or.jp/od2/B/202607/b260706.lzh,2026-10-03T18:25:36.976873+09:00
20260706,05,多摩川,6,20260706-05-06,1,4274,長畑友輔,43,東京,52.0,B1,4.36,22.35,4.43,26.19,72,31.37,33,31.37,6,1,https://www1.mbrace.or.jp/od2/B/202607/b260706.lzh,2026-10-03T18:25:36.976873+09:00
20260706,05,多摩川,6,20260706-05-06,2,5259,野田昇吾,33,埼玉,57.0,B2,3.03,8.96,1.74,0.0,44,37.5,75,42.86,6,,https://www1.mbrace.or.jp/od2/B/202607/b260706.lzh,2026-10-03T18:25:36.976873+09:00
20260706,05,多摩川,6,20260706-05-06,3,4604,岩瀬裕亮,38,愛知,52.0,A1,7.37,52.85,6.86,47.62,34,24.44,52,31.37,14,12,https://www1.mbrace.or.jp/od2/B/202607/b260706.lzh,2026-10-03T18:25:36.976873+09:00
20260706,05,多摩川,6,20260706-05-06,4,3641,一瀬明,55,東京,53.0,A1,6.17,41.58,6.62,42.42,12,30.19,35,27.45,13,11,https://www1.mbrace.or.jp/od2/B/202607/b260706.lzh,2026-10-03T18:25:36.976873+09:00
20260706,05,多摩川,6,20260706-05-06,5,3362,間嶋仁志,56,三重,55.0,B1,4.88,29.27,5.85,47.5,29,21.82,32,39.22,56,,https://www1.mbrace.or.jp/od2/B/202607/b260706.lzh,2026-10-03T18:25:36.976873+09:00
20260706,05,多摩川,6,20260706-05-06,6,3439,大平誉史,56,大阪,52.0,A1,5.98,43.27,4.89,28.95,14,52.63,26,43.4,23,10,https://www1.mbrace.or.jp/od2/B/202607/b260706.lzh,2026-10-03T18:25:36.976873+09:00
20260706,05,多摩川,7,20260706-05-07,1,3885,久田武,52,愛知,53.0,A2,5.33,33.75,5.69,40.0,52,33.33,42,35.29,23,12,https://www1.mbrace.or.jp/od2/B/202607/b260706.lzh,2026-10-03T18:25:36.976873+09:00
20260706,05,多摩川,7,20260706-05-07,2,4598,加藤政彦,42,東京,53.0,B1,5.85,43.01,4.7,23.33,54,33.33,82,25.53,21,,https://www1.mbrace.or.jp/od2/B/202607/b260706.lzh,2026-10-03T18:25:36.976873+09:00
20260706,05,多摩川,7,20260706-05-07,3,3929,杢野誓良,50,愛知,51.0,B1,3.93,14.47,4.13,12.5,11,37.5,58,22.86,4,2,https://www1.mbrace.or.jp/od2/B/202607/b260706.lzh,2026-10-03T18:25:36.976873+09:00
20260706,05,多摩川,7,20260706-05-07,4,4207,松下一也,43,静岡,55.0,A1,6.21,51.72,5.94,47.06,47,30.43,71,27.45,36,3,https://www1.mbrace.or.jp/od2/B/202607/b260706.lzh,2026-10-03T18:25:36.976873+09:00
20260706,05,多摩川,7,20260706-05-07,5,3808,秋田健太,51,埼玉,59.0,B1,4.35,23.61,3.14,0.0,59,30.95,79,50.0,6,,https://www1.mbrace.or.jp/od2/B/202607/b260706.lzh,2026-10-03T18:25:36.976873+09:00
20260706,05,多摩川,7,20260706-05-07,6,3300,川崎智幸,59,岡山,53.0,A2,6.05,43.8,4.0,20.0,18,32.61,31,30.19,35,,https://www1.mbrace.or.jp/od2/B/202607/b260706.lzh,2026-10-03T18:25:36.976873+09:00
20260706,05,多摩川,8,20260706-05-08,1,4086,寺本重宣,46,東京,49.0,A2,5.99,41.12,5.88,37.04,19,34.09,56,40.38,51,3,https://www1.mbrace.or.jp/od2/B/202607/b260706.lzh,2026-10-03T18:25:36.976873+09:00
20260706,05,多摩川,8,20260706-05-08,2,4760,山崎郡,36,大阪,52.0,A1,7.14,44.0,6.89,48.57,66,26.83,46,24.07,11,4,https://www1.mbrace.or.jp/od2/B/202607/b260706.lzh,2026-10-03T18:25:36.976873+09:00
20260706,05,多摩川,8,20260706-05-08,3,3839,川合理司,50,静岡,64.0,B1,3.42,10.71,4.16,21.05,74,42.11,67,24.0,5,,https://www1.mbrace.or.jp/od2/B/202607/b260706.lzh,2026-10-03T18:25:36.976873+09:00
20260706,05,多摩川,8,20260706-05-08,4,4281,大澤大夢,42,埼玉,53.0,B1,4.87,30.38,4.84,25.45,40,34.78,36,45.1,44,2,https://www1.mbrace.or.jp/od2/B/202607/b260706.lzh,2026-10-03T18:25:36.976873+09:00
20260706,05,多摩川,8,20260706-05-08,5,4273,佐藤旭,43,静岡,54.0,B1,5.12,31.71,4.57,26.09,68,28.26,62,38.0,53,1,https://www1.mbrace.or.jp/od2/B/202607/b260706.lzh,2026-10-03T18:25:36.976873+09:00
20260706,05,多摩川,8,20260706-05-08,6,4593,小坂宗司,45,大阪,52.0,A2,5.99,36.63,5.58,27.27,50,35.09,51,29.41,42,12,https://www1.mbrace.or.jp/od2/B/202607/b260706.lzh,2026-10-03T18:25:36.976873+09:00
20260706,05,多摩川,9,20260706-05-09,1,3685,荒井輝年,52,岡山,57.0,A2,5.81,42.7,6.88,50.0,71,33.33,54,26.0,26,,https://www1.mbrace.or.jp/od2/B/202607/b260706.lzh,2026-10-03T18:25:36.976873+09:00
20260706,05,多摩川,9,20260706-05-09,2,4290,稲田浩二,41,兵庫,52.0,A1,6.98,45.9,7.86,68.97,23,42.22,57,34.62,42,2,https://www1.mbrace.or.jp/od2/B/202607/b260706.lzh,2026-10-03T18:25:36.976873+09:00
20260706,05,多摩川,9,20260706-05-09,3,3775,泉啓文,51,岡山,60.0,B1,3.61,16.25,4.36,30.56,17,45.76,84,16.98,1,5,https://www1.mbrace.or.jp/od2/B/202607/b260706.lzh,2026-10-03T18:25:36.976873+09:00
20260706,05,多摩川,9,20260706-05-09,4,3467,森弘行,57,東京,52.0,B1,3.91,13.85,2.74,8.2,65,40.0,60,36.0,5,,https://www1.mbrace.or.jp/od2/B/202607/b260706.lzh,2026-10-03T18:25:36.976873+09:00
20260706,05,多摩川,9,20260706-05-09,5,3445,加藤高史,56,埼玉,54.0,B1,4.75,20.24,4.82,34.43,30,31.11,83,48.0,5,1,https://www1.mbrace.or.jp/od2/B/202607/b260706.lzh,2026-10-03T18:25:36.976873+09:00
20260706,05,多摩川,9,20260706-05-09,6,4118,宇佐見淳,45,愛知,53.0,A2,5.9,40.54,6.59,36.59,13,34.55,44,31.48,35,4,https://www1.mbrace.or.jp/od2/B/202607/b260706.lzh,2026-10-03T18:25:36.976873+09:00
20260706,05,多摩川,10,20260706-05-10,1,4318,桑原将光,41,東京,52.0,A2,5.23,28.05,5.35,30.77,21,37.04,25,33.33,5,5,https://www1.mbrace.or.jp/od2/B/202607/b260706.lzh,2026-10-03T18:25:36.976873+09:00
20260706,05,多摩川,10,20260706-05-10,2,5196,鰐部太空,24,愛知,54.0,A1,6.57,46.43,5.07,28.57,26,40.0,55,34.69,35,1,https://www1.mbrace.or.jp/od2/B/202607/b260706.lzh,2026-10-03T18:25:36.976873+09:00
20260706,05,多摩川,10,20260706-05-10,3,4917,岩橋裕馬,37,兵庫,53.0,B1,4.29,20.0,3.36,9.09,32,60.0,66,49.06,4,4,https://www1.mbrace.or.jp/od2/B/202607/b260706.lzh,2026-10-03T18:25:36.976873+09:00
20260706,05,多摩川,10,20260706-05-10,4,3439,大平誉史,56,大阪,52.0,A1,5.98,43.27,4.89,28.95,14,52.63,26,43.4,23,6,https://www1.mbrace.or.jp/od2/B/202607/b260706.lzh,2026-10-03T18:25:36.976873+09:00
20260706,05,多摩川,10,20260706-05-10,5,3340,池田雷太,60,東京,54.0,B1,4.21,21.18,4.65,30.43,64,27.78,23,33.96,42,3,https://www1.mbrace.or.jp/od2/B/202607/b260706.lzh,2026-10-03T18:25:36.976873+09:00
20260706,05,多摩川,10,20260706-05-10,6,4461,安田吉宏,40,三重,58.0,B1,4.48,18.75,5.18,32.14,42,34.78,37,25.45,1,2,https://www1.mbrace.or.jp/od2/B/202607/b260706.lzh,2026-10-03T18:25:36.976873+09:00
20260706,05,多摩川,11,20260706-05-11,1,3641,一瀬明,55,東京,53.0,A1,6.17,41.58,6.62,42.42,12,30.19,35,27.45,13,6,https://www1.mbrace.or.jp/od2/B/202607/b260706.lzh,2026-10-03T18:25:36.976873+09:00
20260706,05,多摩川,11,20260706-05-11,2,5005,石田貴洋,30,埼玉,52.0,A1,6.73,51.35,5.42,26.92,43,27.08,74,37.5,33,2,https://www1.mbrace.or.jp/od2/B/202607/b260706.lzh,2026-10-03T18:25:36.976873+09:00
20260706,05,多摩川,11,20260706-05-11,3,3690,河合三弘,55,愛知,54.0,B1,5.01,32.18,4.0,20.41,63,27.78,65,19.23,16,,https://www1.mbrace.or.jp/od2/B/202607/b260706.lzh,2026-10-03T18:25:36.976873+09:00
20260706,05,多摩川,11,20260706-05-11,4,4077,品田直樹,47,東京,52.0,A2,6.0,35.79,4.35,20.37,27,45.45,38,40.0,1,1,https://www1.mbrace.or.jp/od2/B/202607/b260706.lzh,2026-10-03T18:25:36.976873+09:00
20260706,05,多摩川,11,20260706-05-11,5,4462,夏山亮平,40,大阪,57.0,B1,4.88,31.88,5.84,40.0,45,35.71,45,37.25,2,3,https://www1.mbrace.or.jp/od2/B/202607/b260706.lzh,2026-10-03T18:25:36.976873+09:00
20260706,05,多摩川,11,20260706-05-11,6,4934,佐々木翔,30,大阪,57.0,A2,5.38,35.23,5.06,25.81,60,28.26,77,38.46,32,,https://www1.mbrace.or.jp/od2/B/202607/b260706.lzh,2026-10-03T18:25:36.976873+09:00
20260706,05,多摩川,12,20260706-05-12,1,4604,岩瀬裕亮,38,愛知,52.0,A1,7.37,52.85,6.86,47.62,34,24.44,52,31.37,14,6,https://www1.mbrace.or.jp/od2/B/202607/b260706.lzh,2026-10-03T18:25:36.976873+09:00
20260706,05,多摩川,12,20260706-05-12,2,3885,久田武,52,愛知,53.0,A2,5.33,33.75,5.69,40.0,52,33.33,42,35.29,23,7,https://www1.mbrace.or.jp/od2/B/202607/b260706.lzh,2026-10-03T18:25:36.976873+09:00
20260706,05,多摩川,12,20260706-05-12,3,4593,小坂宗司,45,大阪,52.0,A2,5.99,36.63,5.58,27.27,50,35.09,51,29.41,42,8,https://www1.mbrace.or.jp/od2/B/202607/b260706.lzh,2026-10-03T18:25:36.976873+09:00
20260706,05,多摩川,12,20260706-05-12,4,3866,木山誠一,51,岡山,54.0,B1,5.14,34.48,6.17,33.33,58,38.3,70,28.85,36,4,https://www1.mbrace.or.jp/od2/B/202607/b260706.lzh,2026-10-03T18:25:36.976873+09:00
20260706,05,多摩川,12,20260706-05-12,5,3161,古場輝義,66,大阪,52.0,B1,5.14,36.84,4.2,30.0,61,31.91,41,23.53,2,2,https://www1.mbrace.or.jp/od2/B/202607/b260706.lzh,2026-10-03T18:25:36.976873+09:00
20260706,05,多摩川,12,20260706-05-12,6,4365,盛本真輔,40,兵庫,52.0,A2,6.0,42.86,5.56,44.0,39,35.56,76,40.38,21,5,https://www1.mbrace.or.jp/od2/B/202607/b260706.lzh,2026-10-03T18:25:36.976873+09:00
20260706,04,平和島,1,20260706-04-01,1,5008,羽野諒,29,福岡,53.0,B1,4.48,22.73,5.33,33.33,56,28.57,52,42.86,1 64441,9,https://www1.mbrace.or.jp/od2/B/202607/b260706.lzh,2026-10-03T18:25:36.976873+09:00
20260706,04,平和島,1,20260706-04-01,2,5110,杉山喜一,26,静岡,51.0,B1,5.44,33.75,5.53,34.38,72,28.57,47,28.57,545 1 45,,https://www1.mbrace.or.jp/od2/B/202607/b260706.lzh,2026-10-03T18:25:36.976873+09:00
20260706,04,平和島,1,20260706-04-01,3,4142,平野和明,45,愛知,54.0,A2,5.76,34.51,5.9,50.0,25,42.86,55,28.57,333 634,7,https://www1.mbrace.or.jp/od2/B/202607/b260706.lzh,2026-10-03T18:25:36.976873+09:00
20260706,04,平和島,1,20260706-04-01,4,5120,山本稔太,25,愛知,54.0,B1,4.7,28.3,4.11,22.22,38,28.57,50,14.29,442 651,8,https://www1.mbrace.or.jp/od2/B/202607/b260706.lzh,2026-10-03T18:25:36.976873+09:00
20260706,04,平和島,1,20260706-04-01,5,3928,林恵祐,50,福岡,63.0,B1,3.8,17.07,4.63,25.0,11,69.23,49,28.57,5 543 14,9,https://www1.mbrace.or.jp/od2/B/202607/b260706.lzh,2026-10-03T18:25:36.976873+09:00
20260706,04,平和島,1,20260706-04-01,6,5425,西山育,24,三重,59.0,B2,1.47,0.0,0.0,0.0,54,28.57,66,14.29,6 666 65,,https://www1.mbrace.or.jp/od2/B/202607/b260706.lzh,2026-10-03T18:25:36.976873+09:00
20260706,04,平和島,2,20260706-04-02,1,5037,田頭虎親,28,香川,53.0,B1,5.82,46.84,6.09,45.45,29,42.86,43,14.29,224 156,7,https://www1.mbrace.or.jp/od2/B/202607/b260706.lzh,2026-10-03T18:25:36.976873+09:00
20260706,04,平和島,2,20260706-04-02,2,4172,森定晃史,43,岡山,52.0,A2,6.3,45.22,5.65,35.29,18,42.86,62,62.5,253 266,8,https://www1.mbrace.or.jp/od2/B/202607/b260706.lzh,2026-10-03T18:25:36.976873+09:00
20260706,04,平和島,2,20260706-04-02,3,4509,平見真彦,37,愛知,54.0,A2,5.66,34.33,5.0,25.0,50,28.57,67,85.71,3 36623,9,https://www1.mbrace.or.jp/od2/B/202607/b260706.lzh,2026-10-03T18:25:36.976873+09:00
20260706,04,平和島,2,20260706-04-02,4,5258,仲本舜,20,福岡,53.0,B1,4.46,27.14,3.94,11.76,68,85.71,61,57.14,6 534 43,,https://www1.mbrace.or.jp/od2/B/202607/b260706.lzh,2026-10-03T18:25:36.976873+09:00
20260706,04,平和島,2,20260706-04-02,5,4491,田中堅,39,群馬,53.0,B1,4.26,22.22,4.89,34.04,31,42.86,36,0.0,242 452,7,https://www1.mbrace.or.jp/od2/B/202607/b260706.lzh,2026-10-03T18:25:36.976873+09:00
20260706,04,平和島,2,20260706-04-02,6,5071,野見山拓,31,福岡,53.0,B1,4.51,23.19,5.58,37.5,14,14.29,58,28.57,562 5 45,,https://www1.mbrace.or.jp/od2/B/202607/b260706.lzh,2026-10-03T18:25:36.976873+09:00
20260706,04,平和島,3,20260706-04-03,1,3949,今出晋二,50,岡山,58.0,B1,3.74,18.18,4.53,26.32,71,28.57,33,28.57,6 342 25,9,https://www1.mbrace.or.jp/od2/B/202607/b260706.lzh,2026-10-03T18:25:36.976873+09:00
20260706,04,平和島,3,20260706-04-03,2,5223,森清友翔,25,福岡,55.0,B1,4.88,25.74,3.83,20.0,12,44.44,60,50.0,523 114,10,https://www1.mbrace.or.jp/od2/B/202607/b260706.lzh,2026-10-03T18:25:36.976873+09:00
20260706,04,平和島,3,20260706-04-03,3,4967,中村魁生,27,大阪,52.0,A1,7.03,54.37,5.39,41.94,58,28.57,37,42.86,2 122246,11,https://www1.mbrace.or.jp/od2/B/202607/b260706.lzh,2026-10-03T18:25:36.976873+09:00
20260706,04,平和島,3,20260706-04-03,4,4740,齋藤達希,34,静岡,53.0,B1,4.71,24.0,4.08,15.38,74,0.0,53,57.14,366 5 25,,https://www1.mbrace.or.jp/od2/B/202607/b260706.lzh,2026-10-03T18:25:36.976873+09:00
20260706,04,平和島,3,20260706-04-03,5,4356,長岡良也,42,兵庫,51.0,A2,4.95,35.09,6.34,44.83,21,42.86,72,0.0,211 3333,12,https://www1.mbrace.or.jp/od2/B/202607/b260706.lzh,2026-10-03T18:25:36.976873+09:00
20260706,04,平和島,3,20260706-04-03,6,4847,佐藤隆太,32,東京,53.0,A1,7.07,47.83,7.7,62.3,55,0.0,35,28.57,26213 12,10,https://www1.mbrace.or.jp/od2/B/202607/b260706.lzh,2026-10-03T18:25:36.976873+09:00
20260706,04,平和島,4,20260706-04-04,1,5060,数原魁,29,兵庫,51.0,A2,5.79,44.05,7.0,70.0,43,57.14,68,33.33,341 4414,10,https://www1.mbrace.or.jp/od2/B/202607/b260706.lzh,2026-10-03T18:25:36.976873+09:00
20260706,04,平和島,4,20260706-04-04,2,4985,井本昌也,29,山口,52.0,A1,6.71,47.83,6.54,45.95,41,28.57,45,20.0,6 122162,12,https://www1.mbrace.or.jp/od2/B/202607/b260706.lzh,2026-10-03T18:25:36.976873+09:00
20260706,04,平和島,4,20260706-04-04,3,3787,天野誠,54,岡山,54.0,B1,3.75,17.86,3.7,20.0,69,25.0,71,57.14,6 364 34,,https://www1.mbrace.or.jp/od2/B/202607/b260706.lzh,2026-10-03T18:25:36.976873+09:00
20260706,04,平和島,4,20260706-04-04,4,5368,宮崎心之,24,埼玉,51.0,B1,5.77,39.29,3.45,18.18,48,42.86,10,30.77,131 145,11,https://www1.mbrace.or.jp/od2/B/202607/b260706.lzh,2026-10-03T18:25:36.976873+09:00
20260706,04,平和島,4,20260706-04-04,5,4083,福島勇樹,46,東京,51.0,A1,7.25,59.65,6.56,49.21,23,57.14,73,37.5,33132 31,10,https://www1.mbrace.or.jp/od2/B/202607/b260706.lzh,2026-10-03T18:25:36.976873+09:00
20260706,04,平和島,4,20260706-04-04,6,3591,後藤孝義,57,静岡,52.0,B1,3.27,11.11,4.08,8.33,34,23.08,34,71.43,465 5 55,,https://www1.mbrace.or.jp/od2/B/202607/b260706.lzh,2026-10-03T18:25:36.976873+09:00
20260706,04,平和島,5,20260706-04-05,1,3505,山田竜一,55,東京,55.0,A2,5.48,35.06,5.53,31.01,35,20.0,51,55.56,3 345 22,12,https://www1.mbrace.or.jp/od2/B/202607/b260706.lzh,2026-10-03T18:25:36.976873+09:00
20260706,04,平和島,5,20260706-04-05,2,3935,岩津徹郎,48,岡山,55.0,B1,5.08,30.77,4.14,19.05,30,38.46,69,28.57,2 15162,11,https://www1.mbrace.or.jp/od2/B/202607/b260706.lzh,2026-10-03T18:25:36.976873+09:00
20260706,04,平和島,5,20260706-04-05,3,3406,中里英夫,57,群馬,53.0,B1,5.23,31.87,5.09,25.45,15,28.57,11,7.69,1 24323,10,https://www1.mbrace.or.jp/od2/B/202607/b260706.lzh,2026-10-03T18:25:36.976873+09:00
20260706,04,平和島,5,20260706-04-05,4,3783,瓜生正義,50,福岡,53.0,A1,6.71,39.47,6.71,57.14,65,0.0,70,25.0,5151321,10,https://www1.mbrace.or.jp/od2/B/202607/b260706.lzh,2026-10-03T18:25:36.976873+09:00
20260706,04,平和島,5,20260706-04-05,5,5394,福西広太,24,埼玉,51.0,B1,2.84,3.75,2.4,0.0,28,28.57,75,71.43,655 654,,https://www1.mbrace.or.jp/od2/B/202607/b260706.lzh,2026-10-03T18:25:36.976873+09:00
20260706,04,平和島,5,20260706-04-05,6,3983,須藤博倫,48,埼玉,52.0,A1,6.84,49.51,7.32,53.57,73,42.86,39,16.67,141 2321,11,https://www1.mbrace.or.jp/od2/B/202607/b260706.lzh,2026-10-03T18:25:36.976873+09:00
20260706,04,平和島,6,20260706-04-06,1,5234,塚越海斗,27,群馬,53.0,A1,6.97,55.17,5.56,36.0,19,42.86,32,42.86,152 2661,11,https://www1.mbrace.or.jp/od2/B/202607/b260706.lzh,2026-10-03T18:25:36.976873+09:00
20260706,04,平和島,6,20260706-04-06,2,4615,板倉敦史,46,東京,54.0,B1,4.37,23.29,4.52,25.0,63,57.14,59,42.86,4 453 26,,https://www1.mbrace.or.jp/od2/B/202607/b260706.lzh,2026-10-03T18:25:36.976873+09:00
20260706,04,平和島,6,20260706-04-06,3,4572,渡部悟,37,大阪,56.0,B1,5.44,35.79,5.28,38.89,66,0.0,54,0.0,422 116,12,https://www1.mbrace.or.jp/od2/B/202607/b260706.lzh,2026-10-03T18:25:36.976873+09:00
20260706,04,平和島,6,20260706-04-06,4,4824,松井洪弥,33,三重,52.0,A2,5.58,35.92,5.13,25.0,61,42.86,38,42.86,11551 22,12,https://www1.mbrace.or.jp/od2/B/202607/b260706.lzh,2026-10-03T18:25:36.976873+09:00
20260706,04,平和島,6,20260706-04-06,5,4418,茅原悠紀,38,岡山,53.0,A1,7.59,49.5,8.65,65.22,17,16.67,44,42.86,152 4311,11,https://www1.mbrace.or.jp/od2/B/202607/b260706.lzh,2026-10-03T18:25:36.976873+09:00
20260706,04,平和島,6,20260706-04-06,6,4041,小林基樹,47,山口,53.0,B1,3.94,18.18,4.0,23.81,57,0.0,48,16.67,3 36565,,https://www1.mbrace.or.jp/od2/B/202607/b260706.lzh,2026-10-03T18:25:36.976873+09:00
20260706,04,平和島,7,20260706-04-07,1,4142,平野和明,45,愛知,54.0,A2,5.76,34.51,5.9,50.0,25,42.86,55,28.57,333 634,1,https://www1.mbrace.or.jp/od2/B/202607/b260706.lzh,2026-10-03T18:25:36.976873+09:00
20260706,04,平和島,7,20260706-04-07,2,3904,森貴洋,49,大阪,56.0,B1,5.02,33.85,6.08,44.0,75,0.0,31,0.0,255 156,,https://www1.mbrace.or.jp/od2/B/202607/b260706.lzh,2026-10-03T18:25:36.976873+09:00
20260706,04,平和島,7,20260706-04-07,3,5037,田頭虎親,28,香川,53.0,B1,5.82,46.84,6.09,45.45,29,42.86,43,14.29,224 156,2,https://www1.mbrace.or.jp/od2/B/202607/b260706.lzh,2026-10-03T18:25:36.976873+09:00
20260706,04,平和島,7,20260706-04-07,4,4491,田中堅,39,群馬,53.0,B1,4.26,22.22,4.89,34.04,31,42.86,36,0.0,242 452,2,https://www1.mbrace.or.jp/od2/B/202607/b260706.lzh,2026-10-03T18:25:36.976873+09:00
20260706,04,平和島,7,20260706-04-07,5,5378,鈴木結平,22,静岡,51.0,B2,1.8,1.56,2.33,0.0,70,28.57,57,66.67,6 666 56,,https://www1.mbrace.or.jp/od2/B/202607/b260706.lzh,2026-10-03T18:25:36.976873+09:00
20260706,04,平和島,7,20260706-04-07,6,4739,中村晃朋,34,香川,50.0,A1,6.22,47.73,6.06,35.85,40,16.67,65,0.0,1231211,12,https://www1.mbrace.or.jp/od2/B/202607/b260706.lzh,2026-10-03T18:25:36.976873+09:00
20260706,04,平和島,8,20260706-04-08,1,4155,長野壮志,45,福岡,56.0,A2,6.17,48.08,6.8,56.1,67,14.29,74,28.57,4 133643,,https://www1.mbrace.or.jp/od2/B/202607/b260706.lzh,2026-10-03T18:25:36.976873+09:00
20260706,04,平和島,8,20260706-04-08,2,5120,山本稔太,25,愛知,54.0,B1,4.7,28.3,4.11,22.22,38,28.57,50,14.29,442 651,1,https://www1.mbrace.or.jp/od2/B/202607/b260706.lzh,2026-10-03T18:25:36.976873+09:00
20260706,04,平和島,8,20260706-04-08,3,3233,小畑実成,59,岡山,55.0,B1,4.41,24.05,5.2,40.0,26,64.29,40,42.86,6 444 34,,https://www1.mbrace.or.jp/od2/B/202607/b260706.lzh,2026-10-03T18:25:36.976873+09:00
20260706,04,平和島,8,20260706-04-08,4,4172,森定晃史,43,岡山,52.0,A2,6.3,45.22,5.65,35.29,18,42.86,62,62.5,253 266,2,https://www1.mbrace.or.jp/od2/B/202607/b260706.lzh,2026-10-03T18:25:36.976873+09:00
20260706,04,平和島,8,20260706-04-08,5,5411,木下虎之,20,東京,57.0,B2,1.88,0.0,1.48,0.0,45,42.86,63,42.86,4 26646,,https://www1.mbrace.or.jp/od2/B/202607/b260706.lzh,2026-10-03T18:25:36.976873+09:00
20260706,04,平和島,8,20260706-04-08,6,4697,國弘翔平,39,福岡,50.0,B1,4.01,18.75,4.62,15.38,32,42.86,12,21.43,5 453 53,,https://www1.mbrace.or.jp/od2/B/202607/b260706.lzh,2026-10-03T18:25:36.976873+09:00
20260706,04,平和島,9,20260706-04-09,1,4509,平見真彦,37,愛知,54.0,A2,5.66,34.33,5.0,25.0,50,28.57,67,85.71,3 36623,2,https://www1.mbrace.or.jp/od2/B/202607/b260706.lzh,2026-10-03T18:25:36.976873+09:00
20260706,04,平和島,9,20260706-04-09,2,3928,林恵祐,50,福岡,63.0,B1,3.8,17.07,4.63,25.0,11,69.23,49,28.57,5 543 14,1,https://www1.mbrace.or.jp/od2/B/202607/b260706.lzh,2026-10-03T18:25:36.976873+09:00
20260706,04,平和島,9,20260706-04-09,3,3949,今出晋二,50,岡山,58.0,B1,3.74,18.18,4.53,26.32,71,28.57,33,28.57,6 342 25,3,https://www1.mbrace.or.jp/od2/B/202607/b260706.lzh,2026-10-03T18:25:36.976873+09:00
20260706,04,平和島,9,20260706-04-09,4,5008,羽野諒,29,福岡,53.0,B1,4.48,22.73,5.33,33.33,56,28.57,52,42.86,1 64441,1,https://www1.mbrace.or.jp/od2/B/202607/b260706.lzh,2026-10-03T18:25:36.976873+09:00
20260706,04,平和島,9,20260706-04-09,5,4043,桐本康臣,46,三重,55.0,A2,5.84,40.86,6.65,54.35,47,33.33,46,16.67,314 5436,,https://www1.mbrace.or.jp/od2/B/202607/b260706.lzh,2026-10-03T18:25:36.976873+09:00
20260706,04,平和島,9,20260706-04-09,6,3882,新田智彰,53,大阪,57.0,B1,4.68,20.24,5.24,32.0,13,38.46,41,16.67,4 665 35,,https://www1.mbrace.or.jp/od2/B/202607/b260706.lzh,2026-10-03T18:25:36.976873+09:00
20260706,04,平和島,10,20260706-04-10,1,4847,佐藤隆太,32,東京,53.0,A1,7.07,47.83,7.7,62.3,55,0.0,35,28.57,26213 12,3,https://www1.mbrace.or.jp/od2/B/202607/b260706.lzh,2026-10-03T18:25:36.976873+09:00
20260706,04,平和島,10,20260706-04-10,2,4083,福島勇樹,46,東京,51.0,A1,7.25,59.65,6.56,49.21,23,57.14,73,37.5,33132 31,4,https://www1.mbrace.or.jp/od2/B/202607/b260706.lzh,2026-10-03T18:25:36.976873+09:00
20260706,04,平和島,10,20260706-04-10,3,3783,瓜生正義,50,福岡,53.0,A1,6.71,39.47,6.71,57.14,65,0.0,70,25.0,5151321,5,https://www1.mbrace.or.jp/od2/B/202607/b260706.lzh,2026-10-03T18:25:36.976873+09:00
20260706,04,平和島,10,20260706-04-10,4,3406,中里英夫,57,群馬,53.0,B1,5.23,31.87,5.09,25.45,15,28.57,11,7.69,1 24323,5,https://www1.mbrace.or.jp/od2/B/202607/b260706.lzh,2026-10-03T18:25:36.976873+09:00
20260706,04,平和島,10,20260706-04-10,5,5223,森清友翔,25,福岡,55.0,B1,4.88,25.74,3.83,20.0,12,44.44,60,50.0,523 114,3,https://www1.mbrace.or.jp/od2/B/202607/b260706.lzh,2026-10-03T18:25:36.976873+09:00
20260706,04,平和島,10,20260706-04-10,6,5060,数原魁,29,兵庫,51.0,A2,5.79,44.05,7.0,70.0,43,57.14,68,33.33,341 4414,4,https://www1.mbrace.or.jp/od2/B/202607/b260706.lzh,2026-10-03T18:25:36.976873+09:00
20260706,04,平和島,11,20260706-04-11,1,3983,須藤博倫,48,埼玉,52.0,A1,6.84,49.51,7.32,53.57,73,42.86,39,16.67,141 2321,5,https://www1.mbrace.or.jp/od2/B/202607/b260706.lzh,2026-10-03T18:25:36.976873+09:00
20260706,04,平和島,11,20260706-04-11,2,4418,茅原悠紀,38,岡山,53.0,A1,7.59,49.5,8.65,65.22,17,16.67,44,42.86,152 4311,6,https://www1.mbrace.or.jp/od2/B/202607/b260706.lzh,2026-10-03T18:25:36.976873+09:00
20260706,04,平和島,11,20260706-04-11,3,5368,宮崎心之,24,埼玉,51.0,B1,5.77,39.29,3.45,18.18,48,42.86,10,30.77,131 145,4,https://www1.mbrace.or.jp/od2/B/202607/b260706.lzh,2026-10-03T18:25:36.976873+09:00
20260706,04,平和島,11,20260706-04-11,4,4967,中村魁生,27,大阪,52.0,A1,7.03,54.37,5.39,41.94,58,28.57,37,42.86,2 122246,3,https://www1.mbrace.or.jp/od2/B/202607/b260706.lzh,2026-10-03T18:25:36.976873+09:00
20260706,04,平和島,11,20260706-04-11,5,3935,岩津徹郎,48,岡山,55.0,B1,5.08,30.77,4.14,19.05,30,38.46,69,28.57,2 15162,5,https://www1.mbrace.or.jp/od2/B/202607/b260706.lzh,2026-10-03T18:25:36.976873+09:00
20260706,04,平和島,11,20260706-04-11,6,5234,塚越海斗,27,群馬,53.0,A1,6.97,55.17,5.56,36.0,19,42.86,32,42.86,152 2661,6,https://www1.mbrace.or.jp/od2/B/202607/b260706.lzh,2026-10-03T18:25:36.976873+09:00
20260706,04,平和島,12,20260706-04-12,1,4739,中村晃朋,34,香川,50.0,A1,6.22,47.73,6.06,35.85,40,16.67,65,0.0,1231211,7,https://www1.mbrace.or.jp/od2/B/202607/b260706.lzh,2026-10-03T18:25:36.976873+09:00
20260706,04,平和島,12,20260706-04-12,2,4356,長岡良也,42,兵庫,51.0,A2,4.95,35.09,6.34,44.83,21,42.86,72,0.0,211 3333,3,https://www1.mbrace.or.jp/od2/B/202607/b260706.lzh,2026-10-03T18:25:36.976873+09:00
20260706,04,平和島,12,20260706-04-12,3,4824,松井洪弥,33,三重,52.0,A2,5.58,35.92,5.13,25.0,61,42.86,38,42.86,11551 22,6,https://www1.mbrace.or.jp/od2/B/202607/b260706.lzh,2026-10-03T18:25:36.976873+09:00
20260706,04,平和島,12,20260706-04-12,4,4572,渡部悟,37,大阪,56.0,B1,5.44,35.79,5.28,38.89,66,0.0,54,0.0,422 116,6,https://www1.mbrace.or.jp/od2/B/202607/b260706.lzh,2026-10-03T18:25:36.976873+09:00
20260706,04,平和島,12,20260706-04-12,5,4985,井本昌也,29,山口,52.0,A1,6.71,47.83,6.54,45.95,41,28.57,45,20.0,6 122162,4,https://www1.mbrace.or.jp/od2/B/202607/b260706.lzh,2026-10-03T18:25:36.976873+09:00
20260706,04,平和島,12,20260706-04-12,6,3505,山田竜一,55,東京,55.0,A2,5.48,35.06,5.53,31.01,35,20.0,51,55.56,3 345 22,5,https://www1.mbrace.or.jp/od2/B/202607/b260706.lzh,2026-10-03T18:25:36.976873+09:00
20260706,01,桐生,1,20260706-01-01,1,4332,村上彰一,42,福岡,58.0,B1,4.61,26.83,4.67,27.78,13,27.78,19,39.69,545,5,https://www1.mbrace.or.jp/od2/B/202607/b260706.lzh,2026-10-03T18:25:36.976873+09:00
20260706,01,桐生,1,20260706-01-01,2,3712,淺香文武,51,三重,57.0,B1,5.11,36.9,4.65,25.58,21,32.65,23,43.8,152,10,https://www1.mbrace.or.jp/od2/B/202607/b260706.lzh,2026-10-03T18:25:36.976873+09:00
20260706,01,桐生,1,20260706-01-01,3,4010,越智照浩,46,香川,59.0,B1,4.28,17.65,3.31,7.69,28,38.58,17,35.92,134,7,https://www1.mbrace.or.jp/od2/B/202607/b260706.lzh,2026-10-03T18:25:36.976873+09:00
20260706,01,桐生,1,20260706-01-01,4,3538,菊池峰晴,58,群馬,53.0,B2,4.11,15.22,5.65,33.33,55,22.86,51,35.71,6 23,6,https://www1.mbrace.or.jp/od2/B/202607/b260706.lzh,2026-10-03T18:25:36.976873+09:00
20260706,01,桐生,1,20260706-01-01,5,5255,藤原仙二,22,滋賀,54.0,A1,6.77,47.79,3.88,12.5,29,27.59,54,38.3,6 31,11,https://www1.mbrace.or.jp/od2/B/202607/b260706.lzh,2026-10-03T18:25:36.976873+09:00
20260706,01,桐生,1,20260706-01-01,6,4067,永井源,46,愛知,54.0,A2,6.3,44.92,6.55,52.63,54,20.22,40,34.06,444,9,https://www1.mbrace.or.jp/od2/B/202607/b260706.lzh,2026-10-03T18:25:36.976873+09:00
20260706,01,桐生,2,20260706-01-02,1,4093,吉田宗弘,45,東京,51.0,B1,4.42,23.6,3.61,16.67,39,21.84,75,30.3,252,11,https://www1.mbrace.or.jp/od2/B/202607/b260706.lzh,2026-10-03T18:25:36.976873+09:00
20260706,01,桐生,2,20260706-01-02,2,4910,中村泰平,30,愛知,52.0,A1,6.78,55.68,5.59,50.0,31,36.84,73,37.32,324,12,https://www1.mbrace.or.jp/od2/B/202607/b260706.lzh,2026-10-03T18:25:36.976873+09:00
20260706,01,桐生,2,20260706-01-02,3,4607,鶴田勇雄,37,福岡,53.0,A2,5.91,37.72,6.11,44.44,44,27.42,21,31.43,1 16,10,https://www1.mbrace.or.jp/od2/B/202607/b260706.lzh,2026-10-03T18:25:36.976873+09:00
20260706,01,桐生,2,20260706-01-02,4,4465,大西賢,39,東京,54.0,B1,4.92,27.27,4.58,26.32,23,25.0,18,30.22,654,6,https://www1.mbrace.or.jp/od2/B/202607/b260706.lzh,2026-10-03T18:25:36.976873+09:00
20260706,01,桐生,2,20260706-01-02,5,4214,林祐介,41,岡山,57.0,B1,5.72,36.78,5.9,40.0,24,36.3,68,28.57,235,9,https://www1.mbrace.or.jp/od2/B/202607/b260706.lzh,2026-10-03T18:25:36.976873+09:00
20260706,01,桐生,2,20260706-01-02,6,3747,國崎良春,51,福岡,52.0,A2,5.53,39.73,5.41,40.63,22,27.08,64,30.28,4662,,https://www1.mbrace.or.jp/od2/B/202607/b260706.lzh,2026-10-03T18:25:36.976873+09:00
20260706,01,桐生,3,20260706-01-03,1,3748,小黒竜吾,50,埼玉,57.0,B1,4.1,14.08,4.5,18.75,47,30.14,45,41.79,144,11,https://www1.mbrace.or.jp/od2/B/202607/b260706.lzh,2026-10-03T18:25:36.976873+09:00
20260706,01,桐生,3,20260706-01-03,2,3827,今泉徹,52,群馬,52.0,B1,3.71,11.24,4.45,17.69,51,28.81,53,25.56,423,8,https://www1.mbrace.or.jp/od2/B/202607/b260706.lzh,2026-10-03T18:25:36.976873+09:00
20260706,01,桐生,3,20260706-01-03,3,3741,松尾基成,52,福岡,57.0,B1,3.65,16.67,3.85,22.22,52,26.97,48,40.44,4 32,7,https://www1.mbrace.or.jp/od2/B/202607/b260706.lzh,2026-10-03T18:25:36.976873+09:00
20260706,01,桐生,3,20260706-01-03,4,5010,宇留田翔,29,三重,54.0,A2,5.65,41.07,5.12,36.59,61,13.16,52,42.14,4 33,12,https://www1.mbrace.or.jp/od2/B/202607/b260706.lzh,2026-10-03T18:25:36.976873+09:00
20260706,01,桐生,3,20260706-01-03,5,3412,鈴木博,56,埼玉,54.0,A1,6.77,50.89,5.82,41.82,34,37.18,25,28.89,1 22,9,https://www1.mbrace.or.jp/od2/B/202607/b260706.lzh,2026-10-03T18:25:36.976873+09:00
20260706,01,桐生,3,20260706-01-03,6,4645,上村純一,46,群馬,53.0,A1,6.39,44.23,6.21,41.88,16,21.1,24,35.29,122,10,https://www1.mbrace.or.jp/od2/B/202607/b260706.lzh,2026-10-03T18:25:36.976873+09:00
20260706,01,桐生,4,20260706-01-04,1,4161,黒柳浩孝,44,愛知,55.0,B1,5.22,31.25,6.35,40.54,46,37.59,35,35.71,632,12,https://www1.mbrace.or.jp/od2/B/202607/b260706.lzh,2026-10-03T18:25:36.976873+09:00
20260706,01,桐生,4,20260706-01-04,2,4928,栗城匠,31,東京,53.0,A1,6.33,43.3,6.4,40.0,75,28.81,14,38.85,5 13,9,https://www1.mbrace.or.jp/od2/B/202607/b260706.lzh,2026-10-03T18:25:36.976873+09:00
20260706,01,桐生,4,20260706-01-04,3,4367,山口修路,40,福岡,53.0,B1,4.25,15.87,4.82,26.67,50,30.66,66,35.29,3 15,10,https://www1.mbrace.or.jp/od2/B/202607/b260706.lzh,2026-10-03T18:25:36.976873+09:00
20260706,01,桐生,4,20260706-01-04,4,4202,浮田圭浩,43,岡山,55.0,B1,4.57,26.47,4.33,22.22,66,14.61,26,28.57,4 45,,https://www1.mbrace.or.jp/od2/B/202607/b260706.lzh,2026-10-03T18:25:36.976873+09:00
20260706,01,桐生,4,20260706-01-04,5,4009,小林一樹,47,山口,58.0,A2,5.79,41.46,5.37,37.25,68,20.88,37,36.17,2 46,8,https://www1.mbrace.or.jp/od2/B/202607/b260706.lzh,2026-10-03T18:25:36.976873+09:00
20260706,01,桐生,4,20260706-01-04,6,4903,吉田凌太,32,愛知,52.0,A1,6.45,47.87,6.42,47.17,37,33.09,41,34.04,6 F5,,https://www1.mbrace.or.jp/od2/B/202607/b260706.lzh,2026-10-03T18:25:36.976873+09:00
20260706,01,桐生,5,20260706-01-05,1,3432,宮迫暢彦,58,大阪,52.0,B1,4.25,23.68,4.04,13.04,40,34.48,22,31.65,624,9,https://www1.mbrace.or.jp/od2/B/202607/b260706.lzh,2026-10-03T18:25:36.976873+09:00
20260706,01,桐生,5,20260706-01-05,2,3934,鋤柄貴俊,49,愛知,52.0,B1,4.94,24.32,4.78,22.22,74,39.73,38,37.41,3225,,https://www1.mbrace.or.jp/od2/B/202607/b260706.lzh,2026-10-03T18:25:36.976873+09:00
20260706,01,桐生,5,20260706-01-05,3,4332,村上彰一,42,福岡,58.0,B1,4.61,26.83,4.67,27.78,13,27.78,19,39.69,545,1,https://www1.mbrace.or.jp/od2/B/202607/b260706.lzh,2026-10-03T18:25:36.976873+09:00
20260706,01,桐生,5,20260706-01-05,4,3872,岡田憲行,50,大阪,54.0,A2,6.12,45.45,6.93,50.0,33,38.17,60,40.44,551,11,https://www1.mbrace.or.jp/od2/B/202607/b260706.lzh,2026-10-03T18:25:36.976873+09:00
20260706,01,桐生,5,20260706-01-05,5,4292,麻生慎介,41,広島,53.0,A1,6.3,42.7,6.07,33.33,65,36.62,46,30.28,3 11,12,https://www1.mbrace.or.jp/od2/B/202607/b260706.lzh,2026-10-03T18:25:36.976873+09:00
20260706,01,桐生,5,20260706-01-05,6,4852,川原祐明,31,香川,52.0,A1,7.31,56.1,7.32,56.0,67,27.19,27,38.97,331,10,https://www1.mbrace.or.jp/od2/B/202607/b260706.lzh,2026-10-03T18:25:36.976873+09:00
20260706,01,桐生,6,20260706-01-06,1,4812,西野雄貴,36,徳島,51.0,A1,7.24,53.33,5.0,11.11,72,31.39,58,31.85,624,12,https://www1.mbrace.or.jp/od2/B/202607/b260706.lzh,2026-10-03T18:25:36.976873+09:00
20260706,01,桐生,6,20260706-01-06,2,4465,大西賢,39,東京,54.0,B1,4.92,27.27,4.58,26.32,23,25.0,18,30.22,654,2,https://www1.mbrace.or.jp/od2/B/202607/b260706.lzh,2026-10-03T18:25:36.976873+09:00
20260706,01,桐生,6,20260706-01-06,3,3538,菊池峰晴,58,群馬,53.0,B2,4.11,15.22,5.65,33.33,55,22.86,51,35.71,6 23,1,https://www1.mbrace.or.jp/od2/B/202607/b260706.lzh,2026-10-03T18:25:36.976873+09:00
20260706,01,桐生,6,20260706-01-06,4,3459,中野和裕,59,佐賀,56.0,B1,3.44,12.5,0.0,0.0,58,22.92,70,30.5,6 56,,https://www1.mbrace.or.jp/od2/B/202607/b260706.lzh,2026-10-03T18:25:36.976873+09:00
20260706,01,桐生,6,20260706-01-06,5,3957,大谷直弘,48,愛知,55.0,B1,5.43,32.1,5.23,30.19,26,31.11,43,26.87,3 53,,https://www1.mbrace.or.jp/od2/B/202607/b260706.lzh,2026-10-03T18:25:36.976873+09:00
20260706,01,桐生,6,20260706-01-06,6,4343,村岡賢,41,広島,54.0,B1,5.07,25.61,3.37,3.7,49,38.3,20,32.61,4 36,,https://www1.mbrace.or.jp/od2/B/202607/b260706.lzh,2026-10-03T18:25:36.976873+09:00
20260706,01,桐生,7,20260706-01-07,1,3508,久富政弘,54,佐賀,56.0,A2,5.68,39.73,5.67,33.33,17,32.45,63,20.0,5 53,,https://www1.mbrace.or.jp/od2/B/202607/b260706.lzh,2026-10-03T18:25:36.976873+09:00
20260706,01,桐生,7,20260706-01-07,2,4010,越智照浩,46,香川,59.0,B1,4.28,17.65,3.31,7.69,28,38.58,17,35.92,134,1,https://www1.mbrace.or.jp/od2/B/202607/b260706.lzh,2026-10-03T18:25:36.976873+09:00
20260706,01,桐生,7,20260706-01-07,3,5278,田中駿兵,23,徳島,53.0,A1,7.48,63.33,6.82,54.55,38,40.74,34,36.62,1451,,https://www1.mbrace.or.jp/od2/B/202607/b260706.lzh,2026-10-03T18:25:36.976873+09:00
20260706,01,桐生,7,20260706-01-07,4,3741,松尾基成,52,福岡,57.0,B1,3.65,16.67,3.85,22.22,52,26.97,48,40.44,4 32,3,https://www1.mbrace.or.jp/od2/B/202607/b260706.lzh,2026-10-03T18:25:36.976873+09:00
20260706,01,桐生,7,20260706-01-07,5,5090,生方靖亜,25,群馬,55.0,B1,5.22,32.76,4.99,31.36,64,34.78,15,45.0,5 33,,https://www1.mbrace.or.jp/od2/B/202607/b260706.lzh,2026-10-03T18:25:36.976873+09:00
20260706,01,桐生,7,20260706-01-07,6,4865,立具敬司,36,大阪,52.0,B2,4.89,22.22,3.64,9.09,41,37.21,36,34.81,3 F4,,https://www1.mbrace.or.jp/od2/B/202607/b260706.lzh,2026-10-03T18:25:36.976873+09:00
20260706,01,桐生,8,20260706-01-08,1,4009,小林一樹,47,山口,58.0,A2,5.79,41.46,5.37,37.25,68,20.88,37,36.17,2 46,4,https://www1.mbrace.or.jp/od2/B/202607/b260706.lzh,2026-10-03T18:25:36.976873+09:00
20260706,01,桐生,8,20260706-01-08,2,4406,幸野史明,41,福岡,52.0,B1,4.15,20.79,3.5,12.5,36,33.63,16,25.18,116,12,https://www1.mbrace.or.jp/od2/B/202607/b260706.lzh,2026-10-03T18:25:36.976873+09:00
20260706,01,桐生,8,20260706-01-08,3,5417,小柳勝希,20,佐賀,51.0,B1,3.71,7.35,0.0,0.0,53,37.3,42,30.6,5 46,,https://www1.mbrace.or.jp/od2/B/202607/b260706.lzh,2026-10-03T18:25:36.976873+09:00
20260706,01,桐生,8,20260706-01-08,4,3827,今泉徹,52,群馬,52.0,B1,3.71,11.24,4.45,17.69,51,28.81,53,25.56,423,3,https://www1.mbrace.or.jp/od2/B/202607/b260706.lzh,2026-10-03T18:25:36.976873+09:00
20260706,01,桐生,8,20260706-01-08,5,4776,竹田和哉,32,香川,53.0,A1,6.67,44.92,6.76,47.06,70,33.58,62,30.43,2112,,https://www1.mbrace.or.jp/od2/B/202607/b260706.lzh,2026-10-03T18:25:36.976873+09:00
20260706,01,桐生,8,20260706-01-08,6,5433,米本圭佑,21,東京,51.0,B2,1.91,1.85,1.93,0.0,48,33.1,33,35.04,5 66,,https://www1.mbrace.or.jp/od2/B/202607/b260706.lzh,2026-10-03T18:25:36.976873+09:00
20260706,01,桐生,9,20260706-01-09,1,4214,林祐介,41,岡山,57.0,B1,5.72,36.78,5.9,40.0,24,36.3,68,28.57,235,2,https://www1.mbrace.or.jp/od2/B/202607/b260706.lzh,2026-10-03T18:25:36.976873+09:00
20260706,01,桐生,9,20260706-01-09,2,4067,永井源,46,愛知,54.0,A2,6.3,44.92,6.55,52.63,54,20.22,40,34.06,444,1,https://www1.mbrace.or.jp/od2/B/202607/b260706.lzh,2026-10-03T18:25:36.976873+09:00
20260706,01,桐生,9,20260706-01-09,3,3412,鈴木博,56,埼玉,54.0,A1,6.77,50.89,5.82,41.82,34,37.18,25,28.89,1 22,3,https://www1.mbrace.or.jp/od2/B/202607/b260706.lzh,2026-10-03T18:25:36.976873+09:00
20260706,01,桐生,9,20260706-01-09,4,4928,栗城匠,31,東京,53.0,A1,6.33,43.3,6.4,40.0,75,28.81,14,38.85,5 13,4,https://www1.mbrace.or.jp/od2/B/202607/b260706.lzh,2026-10-03T18:25:36.976873+09:00
20260706,01,桐生,9,20260706-01-09,5,3432,宮迫暢彦,58,大阪,52.0,B1,4.25,23.68,4.04,13.04,40,34.48,22,31.65,624,5,https://www1.mbrace.or.jp/od2/B/202607/b260706.lzh,2026-10-03T18:25:36.976873+09:00
20260706,01,桐生,9,20260706-01-09,6,5268,山本幸也,25,福岡,56.0,B1,4.25,23.19,4.13,12.5,25,25.26,12,31.11,36S,,https://www1.mbrace.or.jp/od2/B/202607/b260706.lzh,2026-10-03T18:25:36.976873+09:00
20260706,01,桐生,10,20260706-01-10,1,4179,広次修,43,山口,52.0,A2,5.39,31.82,3.56,11.11,63,17.02,50,31.16,525,,https://www1.mbrace.or.jp/od2/B/202607/b260706.lzh,2026-10-03T18:25:36.976873+09:00
20260706,01,桐生,10,20260706-01-10,2,4645,上村純一,46,群馬,53.0,A1,6.39,44.23,6.21,41.88,16,21.1,24,35.29,122,3,https://www1.mbrace.or.jp/od2/B/202607/b260706.lzh,2026-10-03T18:25:36.976873+09:00
20260706,01,桐生,10,20260706-01-10,3,4852,川原祐明,31,香川,52.0,A1,7.31,56.1,7.32,56.0,67,27.19,27,38.97,331,5,https://www1.mbrace.or.jp/od2/B/202607/b260706.lzh,2026-10-03T18:25:36.976873+09:00
20260706,01,桐生,10,20260706-01-10,4,3712,淺香文武,51,三重,57.0,B1,5.11,36.9,4.65,25.58,21,32.65,23,43.8,152,1,https://www1.mbrace.or.jp/od2/B/202607/b260706.lzh,2026-10-03T18:25:36.976873+09:00
20260706,01,桐生,10,20260706-01-10,5,4607,鶴田勇雄,37,福岡,53.0,A2,5.91,37.72,6.11,44.44,44,27.42,21,31.43,1 16,2,https://www1.mbrace.or.jp/od2/B/202607/b260706.lzh,2026-10-03T18:25:36.976873+09:00
20260706,01,桐生,10,20260706-01-10,6,4367,山口修路,40,福岡,53.0,B1,4.25,15.87,4.82,26.67,50,30.66,66,35.29,3 15,4,https://www1.mbrace.or.jp/od2/B/202607/b260706.lzh,2026-10-03T18:25:36.976873+09:00
20260706,01,桐生,11,20260706-01-11,1,5255,藤原仙二,22,滋賀,54.0,A1,6.77,47.79,3.88,12.5,29,27.59,54,38.3,6 31,1,https://www1.mbrace.or.jp/od2/B/202607/b260706.lzh,2026-10-03T18:25:36.976873+09:00
20260706,01,桐生,11,20260706-01-11,2,3872,岡田憲行,50,大阪,54.0,A2,6.12,45.45,6.93,50.0,33,38.17,60,40.44,551,5,https://www1.mbrace.or.jp/od2/B/202607/b260706.lzh,2026-10-03T18:25:36.976873+09:00
20260706,01,桐生,11,20260706-01-11,3,4093,吉田宗弘,45,東京,51.0,B1,4.42,23.6,3.61,16.67,39,21.84,75,30.3,252,2,https://www1.mbrace.or.jp/od2/B/202607/b260706.lzh,2026-10-03T18:25:36.976873+09:00
20260706,01,桐生,11,20260706-01-11,4,3623,深川真二,52,佐賀,52.0,A1,7.51,63.0,5.6,40.0,57,30.16,61,38.24,1112,,https://www1.mbrace.or.jp/od2/B/202607/b260706.lzh,2026-10-03T18:25:36.976873+09:00
20260706,01,桐生,11,20260706-01-11,5,3748,小黒竜吾,50,埼玉,57.0,B1,4.1,14.08,4.5,18.75,47,30.14,45,41.79,144,3,https://www1.mbrace.or.jp/od2/B/202607/b260706.lzh,2026-10-03T18:25:36.976873+09:00
20260706,01,桐生,11,20260706-01-11,6,5111,三村岳人,26,岡山,52.0,A2,5.79,44.78,5.73,36.36,14,43.81,57,37.04,2414,,https://www1.mbrace.or.jp/od2/B/202607/b260706.lzh,2026-10-03T18:25:36.976873+09:00
20260706,01,桐生,12,20260706-01-12,1,4910,中村泰平,30,愛知,52.0,A1,6.78,55.68,5.59,50.0,31,36.84,73,37.32,324,2,https://www1.mbrace.or.jp/od2/B/202607/b260706.lzh,2026-10-03T18:25:36.976873+09:00
20260706,01,桐生,12,20260706-01-12,2,5010,宇留田翔,29,三重,54.0,A2,5.65,41.07,5.12,36.59,61,13.16,52,42.14,4 33,3,https://www1.mbrace.or.jp/od2/B/202607/b260706.lzh,2026-10-03T18:25:36.976873+09:00
20260706,01,桐生,12,20260706-01-12,3,4292,麻生慎介,41,広島,53.0,A1,6.3,42.7,6.07,33.33,65,36.62,46,30.28,3 11,5,https://www1.mbrace.or.jp/od2/B/202607/b260706.lzh,2026-10-03T18:25:36.976873+09:00
20260706,01,桐生,12,20260706-01-12,4,4161,黒柳浩孝,44,愛知,55.0,B1,5.22,31.25,6.35,40.54,46,37.59,35,35.71,632,4,https://www1.mbrace.or.jp/od2/B/202607/b260706.lzh,2026-10-03T18:25:36.976873+09:00
20260706,01,桐生,12,20260706-01-12,5,4812,西野雄貴,36,徳島,51.0,A1,7.24,53.33,5.0,11.11,72,31.39,58,31.85,624,6,https://www1.mbrace.or.jp/od2/B/202607/b260706.lzh,2026-10-03T18:25:36.976873+09:00
20260706,01,桐生,12,20260706-01-12,6,4406,幸野史明,41,福岡,52.0,B1,4.15,20.79,3.5,12.5,36,33.63,16,25.18,116,8,https://www1.mbrace.or.jp/od2/B/202607/b260706.lzh,2026-10-03T18:25:36.976873+09:00
