date,venue_code,venue_name,race,race_id,boat,registration_no,racer_name,age,branch,weight_kg,grade,national_win_rate,national_top2_rate,local_win_rate,local_top2_rate,motor_no,motor_top2_rate,boat_no,boat_top2_rate,series_results_raw,early_race_raw,source_url,collected_at
20260826,22,福岡,1,20260826-22-01,1,4508,野間大樹,37,大阪,53.0,A2,4.85,27.42,5.1,25.64,60,21.98,133,44.21,33425 31,10,https://www1.mbrace.or.jp/od2/B/202608/b260826.lzh,2026-10-03T18:33:43.417805+09:00
20260826,22,福岡,1,20260826-22-01,2,4902,山川雄大,33,兵庫,52.0,B1,4.4,27.27,4.61,22.22,69,16.67,150,34.38,2 261666,,https://www1.mbrace.or.jp/od2/B/202608/b260826.lzh,2026-10-03T18:33:43.417805+09:00
20260826,22,福岡,1,20260826-22-01,3,5308,藤森拓海,22,福岡,54.0,B1,4.6,25.24,2.67,10.45,35,28.0,115,43.75,665 254,7,https://www1.mbrace.or.jp/od2/B/202608/b260826.lzh,2026-10-03T18:33:43.417805+09:00
20260826,22,福岡,1,20260826-22-01,4,3655,本橋克洋,52,群馬,55.0,B1,5.0,26.47,5.46,37.5,31,32.76,116,34.02,543 431,8,https://www1.mbrace.or.jp/od2/B/202608/b260826.lzh,2026-10-03T18:33:43.417805+09:00
20260826,22,福岡,1,20260826-22-01,5,4076,杉田篤光,48,静岡,52.0,B1,4.92,26.43,5.58,47.37,47,21.28,171,25.58,543 341,6,https://www1.mbrace.or.jp/od2/B/202608/b260826.lzh,2026-10-03T18:33:43.417805+09:00
20260826,22,福岡,1,20260826-22-01,6,5219,森口和紀,25,福岡,51.0,B1,5.17,37.38,4.52,29.03,51,24.78,160,38.71,223 1146,11,https://www1.mbrace.or.jp/od2/B/202608/b260826.lzh,2026-10-03T18:33:43.417805+09:00
20260826,22,福岡,2,20260826-22-02,1,3475,橋本久和,56,群馬,54.0,B1,5.09,32.56,6.27,53.33,23,40.0,145,52.17,121 4514,11,https://www1.mbrace.or.jp/od2/B/202608/b260826.lzh,2026-10-03T18:33:43.417805+09:00
20260826,22,福岡,2,20260826-22-02,2,4039,村上功祐,47,大阪,57.0,B1,5.51,41.23,4.63,28.57,26,29.21,161,36.96,313 5213,10,https://www1.mbrace.or.jp/od2/B/202608/b260826.lzh,2026-10-03T18:33:43.417805+09:00
20260826,22,福岡,2,20260826-22-02,3,4498,宮本夏樹,39,長崎,55.0,B2,4.85,31.76,5.43,32.5,72,38.05,126,39.78,266 362,9,https://www1.mbrace.or.jp/od2/B/202608/b260826.lzh,2026-10-03T18:33:43.417805+09:00
20260826,22,福岡,2,20260826-22-02,4,5191,飛田江己,25,埼玉,52.0,A1,7.13,55.24,6.15,38.46,73,29.69,112,26.37,1 256131,12,https://www1.mbrace.or.jp/od2/B/202608/b260826.lzh,2026-10-03T18:33:43.417805+09:00
20260826,22,福岡,2,20260826-22-02,5,4650,中山雄太,42,愛知,53.0,B2,3.11,11.11,5.3,30.0,22,35.04,143,30.93,566 5 14,7,https://www1.mbrace.or.jp/od2/B/202608/b260826.lzh,2026-10-03T18:33:43.417805+09:00
20260826,22,福岡,2,20260826-22-02,6,4486,野村誠,40,群馬,53.0,A2,6.02,43.36,4.54,34.62,29,28.79,110,40.23,3 F26 3,,https://www1.mbrace.or.jp/od2/B/202608/b260826.lzh,2026-10-03T18:33:43.417805+09:00
20260826,22,福岡,3,20260826-22-03,1,5284,嘉手苅徹,27,福岡,54.0,B2,3.76,15.73,2.72,10.34,64,26.19,165,30.11,6 241 23,10,https://www1.mbrace.or.jp/od2/B/202608/b260826.lzh,2026-10-03T18:33:43.417805+09:00
20260826,22,福岡,3,20260826-22-03,2,5270,小玉啓太,25,佐賀,53.0,B1,4.55,24.74,2.82,8.2,24,23.26,144,21.05,1 36555,8,https://www1.mbrace.or.jp/od2/B/202608/b260826.lzh,2026-10-03T18:33:43.417805+09:00
20260826,22,福岡,3,20260826-22-03,3,4136,江夏満,46,福岡,54.0,A1,6.07,42.62,7.32,59.42,38,23.58,159,34.74,1644313,11,https://www1.mbrace.or.jp/od2/B/202608/b260826.lzh,2026-10-03T18:33:43.417805+09:00
20260826,22,福岡,3,20260826-22-03,4,4652,酒見峻介,41,佐賀,52.0,B1,4.66,21.65,5.68,41.07,55,34.58,104,34.44,545 646,9,https://www1.mbrace.or.jp/od2/B/202608/b260826.lzh,2026-10-03T18:33:43.417805+09:00
20260826,22,福岡,3,20260826-22-03,5,3850,小川知行,54,群馬,55.0,B1,4.34,25.0,0.0,0.0,75,29.2,162,42.55,1 46445,7,https://www1.mbrace.or.jp/od2/B/202608/b260826.lzh,2026-10-03T18:33:43.417805+09:00
20260826,22,福岡,3,20260826-22-03,6,5420,吉原快誓,20,長崎,52.0,B2,2.12,1.37,2.14,0.0,11,40.0,148,39.36,4 65665,,https://www1.mbrace.or.jp/od2/B/202608/b260826.lzh,2026-10-03T18:33:43.417805+09:00
20260826,22,福岡,4,20260826-22-04,1,4463,三苫晃幸,40,福岡,56.0,A2,6.61,51.58,6.36,48.45,21,39.45,163,32.63,3533312,11,https://www1.mbrace.or.jp/od2/B/202608/b260826.lzh,2026-10-03T18:33:43.417805+09:00
20260826,22,福岡,4,20260826-22-04,2,4023,柴田友和,49,福岡,52.0,B1,4.03,20.43,5.08,34.62,14,43.14,111,34.38,6 564 35,,https://www1.mbrace.or.jp/od2/B/202608/b260826.lzh,2026-10-03T18:33:43.417805+09:00
20260826,22,福岡,4,20260826-22-04,3,5082,一色凌雅,27,愛知,56.0,B1,5.39,35.59,4.89,33.33,61,37.4,132,38.14,154 1333,12,https://www1.mbrace.or.jp/od2/B/202608/b260826.lzh,2026-10-03T18:33:43.417805+09:00
20260826,22,福岡,4,20260826-22-04,4,3859,多羅尾達,53,東京,51.0,B1,4.02,19.77,4.84,36.84,15,39.66,139,34.41,6 242 26,9,https://www1.mbrace.or.jp/od2/B/202608/b260826.lzh,2026-10-03T18:33:43.417805+09:00
20260826,22,福岡,4,20260826-22-04,5,3857,阿波勝哉,53,東京,56.0,B1,4.73,28.89,4.75,25.0,53,25.69,134,37.63,4 43453,8,https://www1.mbrace.or.jp/od2/B/202608/b260826.lzh,2026-10-03T18:33:43.417805+09:00
20260826,22,福岡,4,20260826-22-04,6,4512,高野哲史,37,兵庫,52.0,A1,6.81,54.23,5.76,40.48,63,26.42,149,31.82,254 1221,10,https://www1.mbrace.or.jp/od2/B/202608/b260826.lzh,2026-10-03T18:33:43.417805+09:00
20260826,22,福岡,5,20260826-22-05,1,3319,山崎義明,59,埼玉,53.0,A2,5.66,40.0,6.0,28.57,32,24.58,117,34.18,3 333264,12,https://www1.mbrace.or.jp/od2/B/202608/b260826.lzh,2026-10-03T18:33:43.417805+09:00
20260826,22,福岡,5,20260826-22-05,2,5316,村松将平,25,静岡,52.0,B1,5.45,36.78,3.56,11.11,37,30.85,170,30.93,3 114645,,https://www1.mbrace.or.jp/od2/B/202608/b260826.lzh,2026-10-03T18:33:43.417805+09:00
20260826,22,福岡,5,20260826-22-05,3,5143,常盤海心,25,徳島,53.0,B1,4.03,20.69,0.0,0.0,44,28.26,101,32.61,5 441 25,,https://www1.mbrace.or.jp/od2/B/202608/b260826.lzh,2026-10-03T18:33:43.417805+09:00
20260826,22,福岡,5,20260826-22-05,4,5141,大澤風葵,25,群馬,52.0,A1,6.27,51.69,5.0,14.29,36,33.04,167,44.09,24126 13,10,https://www1.mbrace.or.jp/od2/B/202608/b260826.lzh,2026-10-03T18:33:43.417805+09:00
20260826,22,福岡,5,20260826-22-05,5,4918,川島拓郎,37,静岡,53.0,B1,4.63,26.73,5.37,26.67,45,25.56,108,36.36,2 545 66,,https://www1.mbrace.or.jp/od2/B/202608/b260826.lzh,2026-10-03T18:33:43.417805+09:00
20260826,22,福岡,5,20260826-22-05,6,4297,山田哲也,43,東京,53.0,A1,6.48,49.18,6.5,50.0,19,30.11,141,32.58,51213 22,11,https://www1.mbrace.or.jp/od2/B/202608/b260826.lzh,2026-10-03T18:33:43.417805+09:00
20260826,22,福岡,6,20260826-22-06,1,4172,森定晃史,43,岡山,52.0,A2,6.02,40.0,7.22,62.5,50,30.77,156,42.53,362 3415,11,https://www1.mbrace.or.jp/od2/B/202608/b260826.lzh,2026-10-03T18:33:43.417805+09:00
20260826,22,福岡,6,20260826-22-06,2,5074,大澤誠也,30,愛知,56.0,B1,4.23,20.25,5.0,31.58,17,29.06,119,29.9,4 565 62,,https://www1.mbrace.or.jp/od2/B/202608/b260826.lzh,2026-10-03T18:33:43.417805+09:00
20260826,22,福岡,6,20260826-22-06,3,4076,杉田篤光,48,静岡,52.0,B1,4.92,26.43,5.58,47.37,47,21.28,171,25.58,543 341,1,https://www1.mbrace.or.jp/od2/B/202608/b260826.lzh,2026-10-03T18:33:43.417805+09:00
20260826,22,福岡,6,20260826-22-06,4,4672,守屋大地,40,岡山,52.0,B1,4.35,25.71,4.32,25.0,27,36.04,103,23.66,451 5 56,,https://www1.mbrace.or.jp/od2/B/202608/b260826.lzh,2026-10-03T18:33:43.417805+09:00
20260826,22,福岡,6,20260826-22-06,5,4276,鈴木勝博,43,愛知,53.0,A2,5.65,40.0,6.82,54.55,34,39.2,140,32.98,1221122,12,https://www1.mbrace.or.jp/od2/B/202608/b260826.lzh,2026-10-03T18:33:43.417805+09:00
20260826,22,福岡,6,20260826-22-06,6,4102,益田啓司,47,福岡,52.0,A1,6.48,51.09,5.69,41.35,54,32.14,130,42.71,44115 12,10,https://www1.mbrace.or.jp/od2/B/202608/b260826.lzh,2026-10-03T18:33:43.417805+09:00
20260826,22,福岡,7,20260826-22-07,1,4033,伊藤将吉,47,静岡,53.0,A2,5.92,45.76,7.77,69.23,49,36.89,118,31.11,3 252341,12,https://www1.mbrace.or.jp/od2/B/202608/b260826.lzh,2026-10-03T18:33:43.417805+09:00
20260826,22,福岡,7,20260826-22-07,2,5308,藤森拓海,22,福岡,54.0,B1,4.6,25.24,2.67,10.45,35,28.0,115,43.75,665 254,1,https://www1.mbrace.or.jp/od2/B/202608/b260826.lzh,2026-10-03T18:33:43.417805+09:00
20260826,22,福岡,7,20260826-22-07,3,4650,中山雄太,42,愛知,53.0,B2,3.11,11.11,5.3,30.0,22,35.04,143,30.93,566 5 14,2,https://www1.mbrace.or.jp/od2/B/202608/b260826.lzh,2026-10-03T18:33:43.417805+09:00
20260826,22,福岡,7,20260826-22-07,4,3850,小川知行,54,群馬,55.0,B1,4.34,25.0,0.0,0.0,75,29.2,162,42.55,1 46445,3,https://www1.mbrace.or.jp/od2/B/202608/b260826.lzh,2026-10-03T18:33:43.417805+09:00
20260826,22,福岡,7,20260826-22-07,5,3990,芹澤克彦,47,静岡,51.0,B1,4.91,25.0,4.6,30.0,41,21.65,124,29.33,521 2444,,https://www1.mbrace.or.jp/od2/B/202608/b260826.lzh,2026-10-03T18:33:43.417805+09:00
20260826,22,福岡,7,20260826-22-07,6,4786,佐藤博亮,38,愛知,55.0,A1,6.67,54.01,6.42,47.46,59,38.26,152,27.96,12F 2 5,,https://www1.mbrace.or.jp/od2/B/202608/b260826.lzh,2026-10-03T18:33:43.417805+09:00
20260826,22,福岡,8,20260826-22-08,1,4193,郷原章平,44,福岡,51.0,A2,6.0,41.98,5.27,36.67,70,27.52,166,23.4,4231162,12,https://www1.mbrace.or.jp/od2/B/202608/b260826.lzh,2026-10-03T18:33:43.417805+09:00
20260826,22,福岡,8,20260826-22-08,2,5041,荒牧凪沙,27,福岡,52.0,B1,5.03,27.85,5.16,26.53,58,34.34,127,39.56,466 6 65,,https://www1.mbrace.or.jp/od2/B/202608/b260826.lzh,2026-10-03T18:33:43.417805+09:00
20260826,22,福岡,8,20260826-22-08,3,5270,小玉啓太,25,佐賀,53.0,B1,4.55,24.74,2.82,8.2,24,23.26,144,21.05,1 36555,3,https://www1.mbrace.or.jp/od2/B/202608/b260826.lzh,2026-10-03T18:33:43.417805+09:00
20260826,22,福岡,8,20260826-22-08,4,3857,阿波勝哉,53,東京,56.0,B1,4.73,28.89,4.75,25.0,53,25.69,134,37.63,4 43453,4,https://www1.mbrace.or.jp/od2/B/202608/b260826.lzh,2026-10-03T18:33:43.417805+09:00
20260826,22,福岡,8,20260826-22-08,5,3655,本橋克洋,52,群馬,55.0,B1,5.0,26.47,5.46,37.5,31,32.76,116,34.02,543 431,1,https://www1.mbrace.or.jp/od2/B/202608/b260826.lzh,2026-10-03T18:33:43.417805+09:00
20260826,22,福岡,8,20260826-22-08,6,3327,野長瀬正,59,静岡,51.0,A2,6.17,42.11,7.47,63.16,40,20.88,128,36.26,613 6334,,https://www1.mbrace.or.jp/od2/B/202608/b260826.lzh,2026-10-03T18:33:43.417805+09:00
20260826,22,福岡,9,20260826-22-09,1,4247,齊藤優,44,徳島,55.0,B1,5.31,30.77,4.86,34.48,48,20.0,136,34.78,351 2445,,https://www1.mbrace.or.jp/od2/B/202608/b260826.lzh,2026-10-03T18:33:43.417805+09:00
20260826,22,福岡,9,20260826-22-09,2,4652,酒見峻介,41,佐賀,52.0,B1,4.66,21.65,5.68,41.07,55,34.58,104,34.44,545 646,3,https://www1.mbrace.or.jp/od2/B/202608/b260826.lzh,2026-10-03T18:33:43.417805+09:00
20260826,22,福岡,9,20260826-22-09,3,3859,多羅尾達,53,東京,51.0,B1,4.02,19.77,4.84,36.84,15,39.66,139,34.41,6 242 26,4,https://www1.mbrace.or.jp/od2/B/202608/b260826.lzh,2026-10-03T18:33:43.417805+09:00
20260826,22,福岡,9,20260826-22-09,4,4498,宮本夏樹,39,長崎,55.0,B2,4.85,31.76,5.43,32.5,72,38.05,126,39.78,266 362,2,https://www1.mbrace.or.jp/od2/B/202608/b260826.lzh,2026-10-03T18:33:43.417805+09:00
20260826,22,福岡,9,20260826-22-09,5,4840,鈴木秀茉,35,静岡,52.0,B1,4.86,30.97,4.44,33.33,25,39.34,125,30.85,6 522 64,,https://www1.mbrace.or.jp/od2/B/202608/b260826.lzh,2026-10-03T18:33:43.417805+09:00
20260826,22,福岡,9,20260826-22-09,6,3623,深川真二,52,佐賀,51.0,A1,7.48,63.93,8.84,84.21,42,14.12,158,14.89,3355325,,https://www1.mbrace.or.jp/od2/B/202608/b260826.lzh,2026-10-03T18:33:43.417805+09:00
20260826,22,福岡,10,20260826-22-10,1,4512,高野哲史,37,兵庫,52.0,A1,6.81,54.23,5.76,40.48,63,26.42,149,31.82,254 1221,4,https://www1.mbrace.or.jp/od2/B/202608/b260826.lzh,2026-10-03T18:33:43.417805+09:00
20260826,22,福岡,10,20260826-22-10,2,4102,益田啓司,47,福岡,52.0,A1,6.48,51.09,5.69,41.35,54,32.14,130,42.71,44115 12,6,https://www1.mbrace.or.jp/od2/B/202608/b260826.lzh,2026-10-03T18:33:43.417805+09:00
20260826,22,福岡,10,20260826-22-10,3,5141,大澤風葵,25,群馬,52.0,A1,6.27,51.69,5.0,14.29,36,33.04,167,44.09,24126 13,5,https://www1.mbrace.or.jp/od2/B/202608/b260826.lzh,2026-10-03T18:33:43.417805+09:00
20260826,22,福岡,10,20260826-22-10,4,4039,村上功祐,47,大阪,57.0,B1,5.51,41.23,4.63,28.57,26,29.21,161,36.96,313 5213,2,https://www1.mbrace.or.jp/od2/B/202608/b260826.lzh,2026-10-03T18:33:43.417805+09:00
20260826,22,福岡,10,20260826-22-10,5,4508,野間大樹,37,大阪,53.0,A2,4.85,27.42,5.1,25.64,60,21.98,133,44.21,33425 31,1,https://www1.mbrace.or.jp/od2/B/202608/b260826.lzh,2026-10-03T18:33:43.417805+09:00
20260826,22,福岡,10,20260826-22-10,6,5284,嘉手苅徹,27,福岡,54.0,B2,3.76,15.73,2.72,10.34,64,26.19,165,30.11,6 241 23,3,https://www1.mbrace.or.jp/od2/B/202608/b260826.lzh,2026-10-03T18:33:43.417805+09:00
20260826,22,福岡,11,20260826-22-11,1,4297,山田哲也,43,東京,53.0,A1,6.48,49.18,6.5,50.0,19,30.11,141,32.58,51213 22,5,https://www1.mbrace.or.jp/od2/B/202608/b260826.lzh,2026-10-03T18:33:43.417805+09:00
20260826,22,福岡,11,20260826-22-11,2,3475,橋本久和,56,群馬,54.0,B1,5.09,32.56,6.27,53.33,23,40.0,145,52.17,121 4514,2,https://www1.mbrace.or.jp/od2/B/202608/b260826.lzh,2026-10-03T18:33:43.417805+09:00
20260826,22,福岡,11,20260826-22-11,3,5219,森口和紀,25,福岡,51.0,B1,5.17,37.38,4.52,29.03,51,24.78,160,38.71,223 1146,1,https://www1.mbrace.or.jp/od2/B/202608/b260826.lzh,2026-10-03T18:33:43.417805+09:00
20260826,22,福岡,11,20260826-22-11,4,4136,江夏満,46,福岡,54.0,A1,6.07,42.62,7.32,59.42,38,23.58,159,34.74,1644313,3,https://www1.mbrace.or.jp/od2/B/202608/b260826.lzh,2026-10-03T18:33:43.417805+09:00
20260826,22,福岡,11,20260826-22-11,5,4463,三苫晃幸,40,福岡,56.0,A2,6.61,51.58,6.36,48.45,21,39.45,163,32.63,3533312,4,https://www1.mbrace.or.jp/od2/B/202608/b260826.lzh,2026-10-03T18:33:43.417805+09:00
20260826,22,福岡,11,20260826-22-11,6,4172,森定晃史,43,岡山,52.0,A2,6.02,40.0,7.22,62.5,50,30.77,156,42.53,362 3415,6,https://www1.mbrace.or.jp/od2/B/202608/b260826.lzh,2026-10-03T18:33:43.417805+09:00
20260826,22,福岡,12,20260826-22-12,1,4276,鈴木勝博,43,愛知,53.0,A2,5.65,40.0,6.82,54.55,34,39.2,140,32.98,1221122,6,https://www1.mbrace.or.jp/od2/B/202608/b260826.lzh,2026-10-03T18:33:43.417805+09:00
20260826,22,福岡,12,20260826-22-12,2,4193,郷原章平,44,福岡,51.0,A2,6.0,41.98,5.27,36.67,70,27.52,166,23.4,4231162,8,https://www1.mbrace.or.jp/od2/B/202608/b260826.lzh,2026-10-03T18:33:43.417805+09:00
20260826,22,福岡,12,20260826-22-12,3,5191,飛田江己,25,埼玉,52.0,A1,7.13,55.24,6.15,38.46,73,29.69,112,26.37,1 256131,2,https://www1.mbrace.or.jp/od2/B/202608/b260826.lzh,2026-10-03T18:33:43.417805+09:00
20260826,22,福岡,12,20260826-22-12,4,5082,一色凌雅,27,愛知,56.0,B1,5.39,35.59,4.89,33.33,61,37.4,132,38.14,154 1333,4,https://www1.mbrace.or.jp/od2/B/202608/b260826.lzh,2026-10-03T18:33:43.417805+09:00
20260826,22,福岡,12,20260826-22-12,5,4033,伊藤将吉,47,静岡,53.0,A2,5.92,45.76,7.77,69.23,49,36.89,118,31.11,3 252341,7,https://www1.mbrace.or.jp/od2/B/202608/b260826.lzh,2026-10-03T18:33:43.417805+09:00
20260826,22,福岡,12,20260826-22-12,6,3319,山崎義明,59,埼玉,53.0,A2,5.66,40.0,6.0,28.57,32,24.58,117,34.18,3 333264,5,https://www1.mbrace.or.jp/od2/B/202608/b260826.lzh,2026-10-03T18:33:43.417805+09:00
20260826,20,若松,1,20260826-20-01,1,3875,廣中良一,49,山口,52.0,B1,4.6,26.79,4.63,22.86,54,29.56,44,38.0,562 551,7,https://www1.mbrace.or.jp/od2/B/202608/b260826.lzh,2026-10-03T18:33:43.417805+09:00
20260826,20,若松,1,20260826-20-01,2,4092,岡部大輔,45,佐賀,53.0,B1,4.94,27.59,5.2,34.69,16,28.76,25,41.67,25116 36,10,https://www1.mbrace.or.jp/od2/B/202608/b260826.lzh,2026-10-03T18:33:43.417805+09:00
20260826,20,若松,1,20260826-20-01,3,5186,遠藤圭吾,26,東京,53.0,B1,4.61,28.13,0.0,0.0,10,24.12,17,40.82,6 615 64,5,https://www1.mbrace.or.jp/od2/B/202608/b260826.lzh,2026-10-03T18:33:43.417805+09:00
20260826,20,若松,1,20260826-20-01,4,5208,屋良龍紀,28,長崎,52.0,B1,4.31,24.42,3.75,16.67,26,31.9,53,48.0,535 656,6,https://www1.mbrace.or.jp/od2/B/202608/b260826.lzh,2026-10-03T18:33:43.417805+09:00
20260826,20,若松,1,20260826-20-01,5,4407,鹿島敏弘,40,群馬,60.0,B1,5.11,30.19,0.0,0.0,8,32.14,74,36.0,35366 5,8,https://www1.mbrace.or.jp/od2/B/202608/b260826.lzh,2026-10-03T18:33:43.417805+09:00
20260826,20,若松,1,20260826-20-01,6,5328,井上慧人,22,福岡,53.0,B1,4.23,20.65,2.69,11.54,2,32.77,11,37.25,46334 S,7,https://www1.mbrace.or.jp/od2/B/202608/b260826.lzh,2026-10-03T18:33:43.417805+09:00
20260826,20,若松,2,20260826-20-02,1,3974,深山祐二,49,佐賀,52.0,B1,4.44,26.0,3.9,20.51,11,26.04,66,19.05,6 43265,7,https://www1.mbrace.or.jp/od2/B/202608/b260826.lzh,2026-10-03T18:33:43.417805+09:00
20260826,20,若松,2,20260826-20-02,2,3939,渡辺真至,48,愛知,54.0,B2,5.35,35.09,6.1,30.0,59,31.13,59,22.22,5 425 46,6,https://www1.mbrace.or.jp/od2/B/202608/b260826.lzh,2026-10-03T18:33:43.417805+09:00
20260826,20,若松,2,20260826-20-02,3,3211,北川敏弘,64,佐賀,53.0,B1,4.21,18.09,4.37,19.51,29,28.03,56,29.79,4 654 56,8,https://www1.mbrace.or.jp/od2/B/202608/b260826.lzh,2026-10-03T18:33:43.417805+09:00
20260826,20,若松,2,20260826-20-02,4,4731,間野兼礼,37,愛知,52.0,B1,4.92,25.33,4.55,13.64,33,32.0,29,22.45,3 6644S,9,https://www1.mbrace.or.jp/od2/B/202608/b260826.lzh,2026-10-03T18:33:43.417805+09:00
20260826,20,若松,2,20260826-20-02,5,4113,木村浩士,46,群馬,56.0,B1,4.59,24.0,4.57,42.86,60,31.01,69,24.07,6 444 31,9,https://www1.mbrace.or.jp/od2/B/202608/b260826.lzh,2026-10-03T18:33:43.417805+09:00
20260826,20,若松,2,20260826-20-02,6,5338,香月大輝,26,福岡,52.0,B1,4.56,24.14,2.15,7.32,46,36.99,30,47.62,332 554,7,https://www1.mbrace.or.jp/od2/B/202608/b260826.lzh,2026-10-03T18:33:43.417805+09:00
20260826,20,若松,3,20260826-20-03,1,5012,加倉侑征,29,福岡,53.0,B1,4.71,26.51,3.62,17.65,53,32.69,26,53.19,145 3226,10,https://www1.mbrace.or.jp/od2/B/202608/b260826.lzh,2026-10-03T18:33:43.417805+09:00
20260826,20,若松,3,20260826-20-03,2,3992,関口智久,47,埼玉,55.0,B1,5.17,31.58,4.5,25.0,56,21.33,41,51.92,5 66166,8,https://www1.mbrace.or.jp/od2/B/202608/b260826.lzh,2026-10-03T18:33:43.417805+09:00
20260826,20,若松,3,20260826-20-03,3,4438,森作雄大,40,東京,53.0,B1,4.86,33.06,5.56,38.89,20,36.2,50,25.64,24213 15,11,https://www1.mbrace.or.jp/od2/B/202608/b260826.lzh,2026-10-03T18:33:43.417805+09:00
20260826,20,若松,3,20260826-20-03,4,3502,渡邉英児,57,静岡,54.0,A2,5.92,40.0,5.82,42.86,31,33.33,43,42.22,556 3625,8,https://www1.mbrace.or.jp/od2/B/202608/b260826.lzh,2026-10-03T18:33:43.417805+09:00
20260826,20,若松,3,20260826-20-03,5,3352,小川晃司,58,福岡,51.0,B1,4.19,9.71,4.33,15.0,15,34.38,68,37.04,4 665213,,https://www1.mbrace.or.jp/od2/B/202608/b260826.lzh,2026-10-03T18:33:43.417805+09:00
20260826,20,若松,3,20260826-20-03,6,3703,鳥飼眞,52,福岡,51.0,A2,6.1,45.79,6.08,45.9,14,34.32,60,34.69,1 225225,11,https://www1.mbrace.or.jp/od2/B/202608/b260826.lzh,2026-10-03T18:33:43.417805+09:00
20260826,20,若松,4,20260826-20-04,1,5111,三村岳人,26,岡山,52.0,A2,6.06,48.94,4.32,16.13,34,36.93,58,21.74,526 414,9,https://www1.mbrace.or.jp/od2/B/202608/b260826.lzh,2026-10-03T18:33:43.417805+09:00
20260826,20,若松,4,20260826-20-04,2,4982,中村将隆,30,兵庫,54.0,B1,5.09,32.93,5.55,45.45,25,39.13,38,30.61,165 363,8,https://www1.mbrace.or.jp/od2/B/202608/b260826.lzh,2026-10-03T18:33:43.417805+09:00
20260826,20,若松,4,20260826-20-04,3,3532,柴田光,54,群馬,55.0,B2,5.96,40.3,6.8,57.14,62,24.66,32,36.73,6 343 43,9,https://www1.mbrace.or.jp/od2/B/202608/b260826.lzh,2026-10-03T18:33:43.417805+09:00
20260826,20,若松,4,20260826-20-04,4,3730,塩崎優司,54,愛知,53.0,B1,3.92,19.35,4.0,17.65,50,34.38,14,16.67,125 4454,,https://www1.mbrace.or.jp/od2/B/202608/b260826.lzh,2026-10-03T18:33:43.417805+09:00
20260826,20,若松,4,20260826-20-04,5,3987,後藤正宗,48,静岡,53.0,A1,5.86,40.57,6.0,53.33,55,19.86,31,30.56,423 6361,8,https://www1.mbrace.or.jp/od2/B/202608/b260826.lzh,2026-10-03T18:33:43.417805+09:00
20260826,20,若松,4,20260826-20-04,6,5286,坂井滉哉,27,福岡,50.0,B1,4.63,25.0,3.72,13.85,35,39.33,57,37.04,5 111534,11,https://www1.mbrace.or.jp/od2/B/202608/b260826.lzh,2026-10-03T18:33:43.417805+09:00
20260826,20,若松,5,20260826-20-05,1,4290,稲田浩二,41,兵庫,52.0,A1,6.58,42.34,7.94,50.0,52,35.0,22,23.4,333 1145,10,https://www1.mbrace.or.jp/od2/B/202608/b260826.lzh,2026-10-03T18:33:43.417805+09:00
20260826,20,若松,5,20260826-20-05,2,4064,原田篤志,46,山口,52.0,A1,6.37,46.1,7.23,50.0,40,35.8,18,10.26,16134 52,9,https://www1.mbrace.or.jp/od2/B/202608/b260826.lzh,2026-10-03T18:33:43.417805+09:00
20260826,20,若松,5,20260826-20-05,3,4880,澤崎雄哉,31,東京,53.0,B1,5.18,31.58,4.39,19.51,38,33.53,35,26.0,34341 23,10,https://www1.mbrace.or.jp/od2/B/202608/b260826.lzh,2026-10-03T18:33:43.417805+09:00
20260826,20,若松,5,20260826-20-05,4,5081,篠原飛翔,27,福岡,52.0,A2,6.0,47.27,5.98,39.13,6,37.65,52,27.08,424 3656,9,https://www1.mbrace.or.jp/od2/B/202608/b260826.lzh,2026-10-03T18:33:43.417805+09:00
20260826,20,若松,5,20260826-20-05,5,4981,牧山敦也,30,佐賀,52.0,B1,5.2,25.56,5.4,36.0,45,33.53,27,40.82,1 242453,11,https://www1.mbrace.or.jp/od2/B/202608/b260826.lzh,2026-10-03T18:33:43.417805+09:00
20260826,20,若松,5,20260826-20-05,6,5186,遠藤圭吾,26,東京,53.0,B1,4.61,28.13,0.0,0.0,10,24.12,17,40.82,6 615 64,1,https://www1.mbrace.or.jp/od2/B/202608/b260826.lzh,2026-10-03T18:33:43.417805+09:00
20260826,20,若松,6,20260826-20-06,1,3826,村田修次,53,東京,54.0,A2,6.38,47.01,6.46,42.31,22,36.02,70,40.0,25512 44,10,https://www1.mbrace.or.jp/od2/B/202608/b260826.lzh,2026-10-03T18:33:43.417805+09:00
20260826,20,若松,6,20260826-20-06,2,4116,川田正人,45,徳島,52.0,B1,4.52,14.81,3.73,9.09,1,27.44,28,21.28,633 253,11,https://www1.mbrace.or.jp/od2/B/202608/b260826.lzh,2026-10-03T18:33:43.417805+09:00
20260826,20,若松,6,20260826-20-06,3,3680,森林太,53,長崎,56.0,B1,4.35,22.41,5.05,25.0,9,32.54,71,54.55,61633 63,,https://www1.mbrace.or.jp/od2/B/202608/b260826.lzh,2026-10-03T18:33:43.417805+09:00
20260826,20,若松,6,20260826-20-06,4,3939,渡辺真至,48,愛知,54.0,B2,5.35,35.09,6.1,30.0,59,31.13,59,22.22,5 425 46,2,https://www1.mbrace.or.jp/od2/B/202608/b260826.lzh,2026-10-03T18:33:43.417805+09:00
20260826,20,若松,6,20260826-20-06,5,5208,屋良龍紀,28,長崎,52.0,B1,4.31,24.42,3.75,16.67,26,31.9,53,48.0,535 656,1,https://www1.mbrace.or.jp/od2/B/202608/b260826.lzh,2026-10-03T18:33:43.417805+09:00
20260826,20,若松,6,20260826-20-06,6,5005,石田貴洋,30,埼玉,52.0,A1,6.24,41.76,6.1,50.0,37,28.74,61,27.66,25423423,10,https://www1.mbrace.or.jp/od2/B/202608/b260826.lzh,2026-10-03T18:33:43.417805+09:00
20260826,20,若松,7,20260826-20-07,1,4067,永井源,46,愛知,54.0,A2,6.23,45.77,7.59,70.59,36,29.24,42,27.45,1 151324,11,https://www1.mbrace.or.jp/od2/B/202608/b260826.lzh,2026-10-03T18:33:43.417805+09:00
20260826,20,若松,7,20260826-20-07,2,5328,井上慧人,22,福岡,53.0,B1,4.23,20.65,2.69,11.54,2,32.77,11,37.25,46334 S,1,https://www1.mbrace.or.jp/od2/B/202608/b260826.lzh,2026-10-03T18:33:43.417805+09:00
20260826,20,若松,7,20260826-20-07,3,3974,深山祐二,49,佐賀,52.0,B1,4.44,26.0,3.9,20.51,11,26.04,66,19.05,6 43265,2,https://www1.mbrace.or.jp/od2/B/202608/b260826.lzh,2026-10-03T18:33:43.417805+09:00
20260826,20,若松,7,20260826-20-07,4,5338,香月大輝,26,福岡,52.0,B1,4.56,24.14,2.15,7.32,46,36.99,30,47.62,332 554,2,https://www1.mbrace.or.jp/od2/B/202608/b260826.lzh,2026-10-03T18:33:43.417805+09:00
20260826,20,若松,7,20260826-20-07,5,3875,廣中良一,49,山口,52.0,B1,4.6,26.79,4.63,22.86,54,29.56,44,38.0,562 551,1,https://www1.mbrace.or.jp/od2/B/202608/b260826.lzh,2026-10-03T18:33:43.417805+09:00
20260826,20,若松,7,20260826-20-07,6,3587,武田信一,53,徳島,61.0,B1,4.11,18.07,4.6,26.67,28,32.1,24,31.58,6 25662,,https://www1.mbrace.or.jp/od2/B/202608/b260826.lzh,2026-10-03T18:33:43.417805+09:00
20260826,20,若松,8,20260826-20-08,1,3502,渡邉英児,57,静岡,54.0,A2,5.92,40.0,5.82,42.86,31,33.33,43,42.22,556 3625,3,https://www1.mbrace.or.jp/od2/B/202608/b260826.lzh,2026-10-03T18:33:43.417805+09:00
20260826,20,若松,8,20260826-20-08,2,3987,後藤正宗,48,静岡,53.0,A1,5.86,40.57,6.0,53.33,55,19.86,31,30.56,423 6361,4,https://www1.mbrace.or.jp/od2/B/202608/b260826.lzh,2026-10-03T18:33:43.417805+09:00
20260826,20,若松,8,20260826-20-08,3,4407,鹿島敏弘,40,群馬,60.0,B1,5.11,30.19,0.0,0.0,8,32.14,74,36.0,35366 5,1,https://www1.mbrace.or.jp/od2/B/202608/b260826.lzh,2026-10-03T18:33:43.417805+09:00
20260826,20,若松,8,20260826-20-08,4,3992,関口智久,47,埼玉,55.0,B1,5.17,31.58,4.5,25.0,56,21.33,41,51.92,5 66166,3,https://www1.mbrace.or.jp/od2/B/202608/b260826.lzh,2026-10-03T18:33:43.417805+09:00
20260826,20,若松,8,20260826-20-08,5,4982,中村将隆,30,兵庫,54.0,B1,5.09,32.93,5.55,45.45,25,39.13,38,30.61,165 363,4,https://www1.mbrace.or.jp/od2/B/202608/b260826.lzh,2026-10-03T18:33:43.417805+09:00
20260826,20,若松,8,20260826-20-08,6,3211,北川敏弘,64,佐賀,53.0,B1,4.21,18.09,4.37,19.51,29,28.03,56,29.79,4 654 56,2,https://www1.mbrace.or.jp/od2/B/202608/b260826.lzh,2026-10-03T18:33:43.417805+09:00
20260826,20,若松,9,20260826-20-09,1,3532,柴田光,54,群馬,55.0,B2,5.96,40.3,6.8,57.14,62,24.66,32,36.73,6 343 43,4,https://www1.mbrace.or.jp/od2/B/202608/b260826.lzh,2026-10-03T18:33:43.417805+09:00
20260826,20,若松,9,20260826-20-09,2,4113,木村浩士,46,群馬,56.0,B1,4.59,24.0,4.57,42.86,60,31.01,69,24.07,6 444 31,2,https://www1.mbrace.or.jp/od2/B/202608/b260826.lzh,2026-10-03T18:33:43.417805+09:00
20260826,20,若松,9,20260826-20-09,3,4731,間野兼礼,37,愛知,52.0,B1,4.92,25.33,4.55,13.64,33,32.0,29,22.45,3 6644S,2,https://www1.mbrace.or.jp/od2/B/202608/b260826.lzh,2026-10-03T18:33:43.417805+09:00
20260826,20,若松,9,20260826-20-09,4,4064,原田篤志,46,山口,52.0,A1,6.37,46.1,7.23,50.0,40,35.8,18,10.26,16134 52,5,https://www1.mbrace.or.jp/od2/B/202608/b260826.lzh,2026-10-03T18:33:43.417805+09:00
20260826,20,若松,9,20260826-20-09,5,5081,篠原飛翔,27,福岡,52.0,A2,6.0,47.27,5.98,39.13,6,37.65,52,27.08,424 3656,5,https://www1.mbrace.or.jp/od2/B/202608/b260826.lzh,2026-10-03T18:33:43.417805+09:00
20260826,20,若松,9,20260826-20-09,6,5111,三村岳人,26,岡山,52.0,A2,6.06,48.94,4.32,16.13,34,36.93,58,21.74,526 414,4,https://www1.mbrace.or.jp/od2/B/202608/b260826.lzh,2026-10-03T18:33:43.417805+09:00
20260826,20,若松,10,20260826-20-10,1,5005,石田貴洋,30,埼玉,52.0,A1,6.24,41.76,6.1,50.0,37,28.74,61,27.66,25423423,6,https://www1.mbrace.or.jp/od2/B/202608/b260826.lzh,2026-10-03T18:33:43.417805+09:00
20260826,20,若松,10,20260826-20-10,2,4880,澤崎雄哉,31,東京,53.0,B1,5.18,31.58,4.39,19.51,38,33.53,35,26.0,34341 23,5,https://www1.mbrace.or.jp/od2/B/202608/b260826.lzh,2026-10-03T18:33:43.417805+09:00
20260826,20,若松,10,20260826-20-10,3,3826,村田修次,53,東京,54.0,A2,6.38,47.01,6.46,42.31,22,36.02,70,40.0,25512 44,6,https://www1.mbrace.or.jp/od2/B/202608/b260826.lzh,2026-10-03T18:33:43.417805+09:00
20260826,20,若松,10,20260826-20-10,4,4290,稲田浩二,41,兵庫,52.0,A1,6.58,42.34,7.94,50.0,52,35.0,22,23.4,333 1145,5,https://www1.mbrace.or.jp/od2/B/202608/b260826.lzh,2026-10-03T18:33:43.417805+09:00
20260826,20,若松,10,20260826-20-10,5,4092,岡部大輔,45,佐賀,53.0,B1,4.94,27.59,5.2,34.69,16,28.76,25,41.67,25116 36,1,https://www1.mbrace.or.jp/od2/B/202608/b260826.lzh,2026-10-03T18:33:43.417805+09:00
20260826,20,若松,10,20260826-20-10,6,5012,加倉侑征,29,福岡,53.0,B1,4.71,26.51,3.62,17.65,53,32.69,26,53.19,145 3226,3,https://www1.mbrace.or.jp/od2/B/202608/b260826.lzh,2026-10-03T18:33:43.417805+09:00
20260826,20,若松,11,20260826-20-11,1,4981,牧山敦也,30,佐賀,52.0,B1,5.2,25.56,5.4,36.0,45,33.53,27,40.82,1 242453,5,https://www1.mbrace.or.jp/od2/B/202608/b260826.lzh,2026-10-03T18:33:43.417805+09:00
20260826,20,若松,11,20260826-20-11,2,4067,永井源,46,愛知,54.0,A2,6.23,45.77,7.59,70.59,36,29.24,42,27.45,1 151324,7,https://www1.mbrace.or.jp/od2/B/202608/b260826.lzh,2026-10-03T18:33:43.417805+09:00
20260826,20,若松,11,20260826-20-11,3,5286,坂井滉哉,27,福岡,50.0,B1,4.63,25.0,3.72,13.85,35,39.33,57,37.04,5 111534,4,https://www1.mbrace.or.jp/od2/B/202608/b260826.lzh,2026-10-03T18:33:43.417805+09:00
20260826,20,若松,11,20260826-20-11,4,3703,鳥飼眞,52,福岡,51.0,A2,6.1,45.79,6.08,45.9,14,34.32,60,34.69,1 225225,3,https://www1.mbrace.or.jp/od2/B/202608/b260826.lzh,2026-10-03T18:33:43.417805+09:00
20260826,20,若松,11,20260826-20-11,5,4438,森作雄大,40,東京,53.0,B1,4.86,33.06,5.56,38.89,20,36.2,50,25.64,24213 15,3,https://www1.mbrace.or.jp/od2/B/202608/b260826.lzh,2026-10-03T18:33:43.417805+09:00
20260826,20,若松,11,20260826-20-11,6,4116,川田正人,45,徳島,52.0,B1,4.52,14.81,3.73,9.09,1,27.44,28,21.28,633 253,6,https://www1.mbrace.or.jp/od2/B/202608/b260826.lzh,2026-10-03T18:33:43.417805+09:00
20260826,20,若松,12,20260826-20-12,1,4236,松村敏,42,福岡,54.0,A1,7.45,63.93,7.63,66.67,42,39.77,13,34.0,211 2111,,https://www1.mbrace.or.jp/od2/B/202608/b260826.lzh,2026-10-03T18:33:43.417805+09:00
20260826,20,若松,12,20260826-20-12,2,3898,平田忠則,49,福岡,53.0,A1,7.32,59.09,6.4,45.83,43,32.2,64,24.44,221 3111,,https://www1.mbrace.or.jp/od2/B/202608/b260826.lzh,2026-10-03T18:33:43.417805+09:00
20260826,20,若松,12,20260826-20-12,3,3746,岡瀬正人,51,岡山,53.0,A2,5.63,35.43,5.63,31.51,61,33.53,47,32.61,13432 21,,https://www1.mbrace.or.jp/od2/B/202608/b260826.lzh,2026-10-03T18:33:43.417805+09:00
20260826,20,若松,12,20260826-20-12,4,4159,向後龍一,45,埼玉,52.0,A2,6.36,46.51,6.83,53.85,12,32.34,15,37.74,212 2332,,https://www1.mbrace.or.jp/od2/B/202608/b260826.lzh,2026-10-03T18:33:43.417805+09:00
20260826,20,若松,12,20260826-20-12,5,4888,金児隆太,38,群馬,52.0,B1,5.5,38.37,6.88,58.33,58,30.77,67,41.51,412 1212,,https://www1.mbrace.or.jp/od2/B/202608/b260826.lzh,2026-10-03T18:33:43.417805+09:00
20260826,20,若松,12,20260826-20-12,6,4734,安河内将,36,佐賀,52.0,A1,6.85,52.54,7.97,66.67,21,38.75,39,40.43,34141 12,,https://www1.mbrace.or.jp/od2/B/202608/b260826.lzh,2026-10-03T18:33:43.417805+09:00
20260826,18,徳山,1,20260826-18-01,1,3661,柳瀬興志,57,山口,58.0,A2,4.63,24.27,5.55,31.4,68,53.16,68,41.58,26216,10,https://www1.mbrace.or.jp/od2/B/202608/b260826.lzh,2026-10-03T18:33:43.417805+09:00
20260826,18,徳山,1,20260826-18-01,2,4491,田中堅,39,群馬,51.0,B1,4.28,24.74,4.06,17.65,58,27.63,57,36.98,2 2655,8,https://www1.mbrace.or.jp/od2/B/202608/b260826.lzh,2026-10-03T18:33:43.417805+09:00
20260826,18,徳山,1,20260826-18-01,3,4031,飯島誠,48,埼玉,53.0,B1,4.99,31.37,4.29,20.59,52,23.53,75,25.68,6 4165,7,https://www1.mbrace.or.jp/od2/B/202608/b260826.lzh,2026-10-03T18:33:43.417805+09:00
20260826,18,徳山,1,20260826-18-01,4,3463,乙津康志,59,東京,52.0,B1,4.69,23.76,4.83,22.22,31,28.4,42,30.46,525 66,5,https://www1.mbrace.or.jp/od2/B/202608/b260826.lzh,2026-10-03T18:33:43.417805+09:00
20260826,18,徳山,1,20260826-18-01,5,3920,正木聖賢,51,広島,55.0,B1,4.94,34.62,5.3,42.03,32,25.32,46,30.21,4 656,8,https://www1.mbrace.or.jp/od2/B/202608/b260826.lzh,2026-10-03T18:33:43.417805+09:00
20260826,18,徳山,1,20260826-18-01,6,5382,山下心一,21,福岡,53.0,B1,2.02,2.27,1.33,0.0,67,31.46,23,32.81,5 6666,,https://www1.mbrace.or.jp/od2/B/202608/b260826.lzh,2026-10-03T18:33:43.417805+09:00
20260826,18,徳山,2,20260826-18-02,1,4509,平見真彦,37,愛知,54.0,A2,5.95,36.96,4.95,25.0,14,41.25,17,28.95,1 4324,12,https://www1.mbrace.or.jp/od2/B/202608/b260826.lzh,2026-10-03T18:33:43.417805+09:00
20260826,18,徳山,2,20260826-18-02,2,4406,幸野史明,41,福岡,52.0,B1,4.17,20.17,3.68,15.79,70,23.61,58,36.32,3 4411,10,https://www1.mbrace.or.jp/od2/B/202608/b260826.lzh,2026-10-03T18:33:43.417805+09:00
20260826,18,徳山,2,20260826-18-02,3,3284,渡邊伸太,58,佐賀,54.0,B1,5.27,29.03,4.92,26.92,16,32.05,36,34.54,4 2524,6,https://www1.mbrace.or.jp/od2/B/202608/b260826.lzh,2026-10-03T18:33:43.417805+09:00
20260826,18,徳山,2,20260826-18-02,4,3947,寺本昇平,50,群馬,49.0,B1,4.36,17.53,0.0,0.0,71,27.85,16,40.21,2 6545,7,https://www1.mbrace.or.jp/od2/B/202608/b260826.lzh,2026-10-03T18:33:43.417805+09:00
20260826,18,徳山,2,20260826-18-02,5,4251,川崎誠志,43,山口,53.0,B1,4.7,24.55,4.71,28.92,12,43.18,29,31.22,446 62,9,https://www1.mbrace.or.jp/od2/B/202608/b260826.lzh,2026-10-03T18:33:43.417805+09:00
20260826,18,徳山,2,20260826-18-02,6,5145,島川海輝,23,山口,55.0,A2,6.04,46.85,6.05,40.43,15,39.74,43,28.04,252 11,11,https://www1.mbrace.or.jp/od2/B/202608/b260826.lzh,2026-10-03T18:33:43.417805+09:00
20260826,18,徳山,3,20260826-18-03,1,4302,西野翔太,43,広島,52.0,A1,6.52,50.81,6.69,50.0,74,41.89,53,32.8,1332S1,12,https://www1.mbrace.or.jp/od2/B/202608/b260826.lzh,2026-10-03T18:33:43.417805+09:00
20260826,18,徳山,3,20260826-18-03,2,3653,品川賢次,52,群馬,56.0,B2,4.35,18.67,0.0,0.0,51,22.35,52,26.6,645 5,8,https://www1.mbrace.or.jp/od2/B/202608/b260826.lzh,2026-10-03T18:33:43.417805+09:00
20260826,18,徳山,3,20260826-18-03,3,4466,南佑典,40,三重,52.0,A2,5.75,39.6,0.0,0.0,62,22.73,71,26.2,3 2555,9,https://www1.mbrace.or.jp/od2/B/202608/b260826.lzh,2026-10-03T18:33:43.417805+09:00
20260826,18,徳山,3,20260826-18-03,4,3562,山下和彦,57,広島,52.0,A2,6.16,46.46,5.15,37.74,33,51.09,12,38.86,44122,10,https://www1.mbrace.or.jp/od2/B/202608/b260826.lzh,2026-10-03T18:33:43.417805+09:00
20260826,18,徳山,3,20260826-18-03,5,4623,中北将史,41,三重,52.0,B1,4.81,31.09,5.67,44.44,73,39.47,24,33.67,12545,9,https://www1.mbrace.or.jp/od2/B/202608/b260826.lzh,2026-10-03T18:33:43.417805+09:00
20260826,18,徳山,3,20260826-18-03,6,3662,大庭元明,56,福岡,57.0,B1,4.74,31.96,4.72,24.14,55,37.36,40,38.27,31132,10,https://www1.mbrace.or.jp/od2/B/202608/b260826.lzh,2026-10-03T18:33:43.417805+09:00
20260826,18,徳山,4,20260826-18-04,1,3256,三角哲男,59,東京,52.0,A1,6.34,48.41,6.29,52.38,65,18.18,69,24.06,423123,11,https://www1.mbrace.or.jp/od2/B/202608/b260826.lzh,2026-10-03T18:33:43.417805+09:00
20260826,18,徳山,4,20260826-18-04,2,5303,土井歩夢,23,福岡,52.0,A2,5.78,36.45,3.23,8.33,37,19.72,27,32.45,145 33,8,https://www1.mbrace.or.jp/od2/B/202608/b260826.lzh,2026-10-03T18:33:43.417805+09:00
20260826,18,徳山,4,20260826-18-04,3,4131,原豊土,46,静岡,55.0,B1,5.94,41.13,5.81,41.67,56,38.64,72,33.86,33142,12,https://www1.mbrace.or.jp/od2/B/202608/b260826.lzh,2026-10-03T18:33:43.417805+09:00
20260826,18,徳山,4,20260826-18-04,4,3860,松本浩貴,53,埼玉,52.0,B1,3.76,17.98,4.3,20.0,17,44.3,32,31.58,6 343,9,https://www1.mbrace.or.jp/od2/B/202608/b260826.lzh,2026-10-03T18:33:43.417805+09:00
20260826,18,徳山,4,20260826-18-04,5,5179,藤本元輝,29,兵庫,52.0,B1,4.63,27.45,2.67,0.0,11,32.61,45,33.16,6 1646,8,https://www1.mbrace.or.jp/od2/B/202608/b260826.lzh,2026-10-03T18:33:43.417805+09:00
20260826,18,徳山,4,20260826-18-04,6,5020,宮村勇哉,34,三重,55.0,B1,4.8,28.16,4.44,33.33,53,37.63,65,27.96,421 14,12,https://www1.mbrace.or.jp/od2/B/202608/b260826.lzh,2026-10-03T18:33:43.417805+09:00
20260826,18,徳山,5,20260826-18-05,1,3708,岡部貴司,52,岡山,57.0,B1,5.17,31.4,5.23,30.0,75,30.95,73,39.09,551 13,11,https://www1.mbrace.or.jp/od2/B/202608/b260826.lzh,2026-10-03T18:33:43.417805+09:00
20260826,18,徳山,5,20260826-18-05,2,4887,富澤祐作,39,群馬,55.0,B1,5.03,32.97,5.11,36.84,18,28.0,74,35.53,313 26,11,https://www1.mbrace.or.jp/od2/B/202608/b260826.lzh,2026-10-03T18:33:43.417805+09:00
20260826,18,徳山,5,20260826-18-05,3,3463,乙津康志,59,東京,52.0,B1,4.69,23.76,4.83,22.22,31,28.4,42,30.46,525 66,1,https://www1.mbrace.or.jp/od2/B/202608/b260826.lzh,2026-10-03T18:33:43.417805+09:00
20260826,18,徳山,5,20260826-18-05,4,3956,横澤剛治,49,静岡,55.0,A2,5.97,40.0,5.75,40.0,25,25.33,30,35.9,13653,9,https://www1.mbrace.or.jp/od2/B/202608/b260826.lzh,2026-10-03T18:33:43.417805+09:00
20260826,18,徳山,5,20260826-18-05,5,5226,藤田俊祐,24,東京,52.0,B1,5.88,36.54,7.0,60.0,22,25.35,64,34.87,2 4641,,https://www1.mbrace.or.jp/od2/B/202608/b260826.lzh,2026-10-03T18:33:43.417805+09:00
20260826,18,徳山,5,20260826-18-05,6,4983,前田篤哉,29,愛知,52.0,A1,6.67,52.85,6.93,62.5,64,37.8,22,38.22,413141,10,https://www1.mbrace.or.jp/od2/B/202608/b260826.lzh,2026-10-03T18:33:43.417805+09:00
20260826,18,徳山,6,20260826-18-06,1,3686,鳥居塚孝,51,群馬,51.0,A2,6.16,40.4,5.76,34.48,63,30.12,56,31.75,542 35,,https://www1.mbrace.or.jp/od2/B/202608/b260826.lzh,2026-10-03T18:33:43.417805+09:00
20260826,18,徳山,6,20260826-18-06,2,5321,一色颯輝,24,愛知,54.0,B1,4.77,31.08,5.0,11.11,72,35.56,20,33.68,6 2314,10,https://www1.mbrace.or.jp/od2/B/202608/b260826.lzh,2026-10-03T18:33:43.417805+09:00
20260826,18,徳山,6,20260826-18-06,3,4442,松竹大輔,39,愛知,54.0,B1,6.46,51.96,5.88,35.29,45,22.73,26,29.1,31522,11,https://www1.mbrace.or.jp/od2/B/202608/b260826.lzh,2026-10-03T18:33:43.417805+09:00
20260826,18,徳山,6,20260826-18-06,4,5060,数原魁,29,兵庫,51.0,A2,6.07,45.19,5.3,25.0,66,32.47,55,35.9,3 4434,,https://www1.mbrace.or.jp/od2/B/202608/b260826.lzh,2026-10-03T18:33:43.417805+09:00
20260826,18,徳山,6,20260826-18-06,5,3284,渡邊伸太,58,佐賀,54.0,B1,5.27,29.03,4.92,26.92,16,32.05,36,34.54,4 2524,2,https://www1.mbrace.or.jp/od2/B/202608/b260826.lzh,2026-10-03T18:33:43.417805+09:00
20260826,18,徳山,6,20260826-18-06,6,5234,塚越海斗,28,群馬,53.0,A1,6.62,51.47,4.53,23.53,61,25.35,11,23.68,313112,12,https://www1.mbrace.or.jp/od2/B/202608/b260826.lzh,2026-10-03T18:33:43.417805+09:00
20260826,18,徳山,7,20260826-18-07,1,3663,木山和幸,56,広島,50.0,B1,5.35,36.61,4.88,28.13,59,36.84,62,38.1,513 33,12,https://www1.mbrace.or.jp/od2/B/202608/b260826.lzh,2026-10-03T18:33:43.417805+09:00
20260826,18,徳山,7,20260826-18-07,2,4425,大井清貴,40,山口,55.0,B1,4.68,22.78,4.86,20.0,13,41.77,54,37.23,262 34,,https://www1.mbrace.or.jp/od2/B/202608/b260826.lzh,2026-10-03T18:33:43.417805+09:00
20260826,18,徳山,7,20260826-18-07,3,3947,寺本昇平,50,群馬,49.0,B1,4.36,17.53,0.0,0.0,71,27.85,16,40.21,2 6545,2,https://www1.mbrace.or.jp/od2/B/202608/b260826.lzh,2026-10-03T18:33:43.417805+09:00
20260826,18,徳山,7,20260826-18-07,4,4031,飯島誠,48,埼玉,53.0,B1,4.99,31.37,4.29,20.59,52,23.53,75,25.68,6 4165,1,https://www1.mbrace.or.jp/od2/B/202608/b260826.lzh,2026-10-03T18:33:43.417805+09:00
20260826,18,徳山,7,20260826-18-07,5,3539,金子順一,58,山口,52.0,B1,4.57,24.11,4.3,24.49,50,39.33,34,32.11,665 S,,https://www1.mbrace.or.jp/od2/B/202608/b260826.lzh,2026-10-03T18:33:43.417805+09:00
20260826,18,徳山,7,20260826-18-07,6,3731,高濱芳久,53,広島,53.0,B1,4.63,23.6,5.1,27.14,60,32.5,31,31.28,15322,11,https://www1.mbrace.or.jp/od2/B/202608/b260826.lzh,2026-10-03T18:33:43.417805+09:00
20260826,18,徳山,8,20260826-18-08,1,5303,土井歩夢,23,福岡,52.0,A2,5.78,36.45,3.23,8.33,37,19.72,27,32.45,145 33,4,https://www1.mbrace.or.jp/od2/B/202608/b260826.lzh,2026-10-03T18:33:43.417805+09:00
20260826,18,徳山,8,20260826-18-08,2,3920,正木聖賢,51,広島,55.0,B1,4.94,34.62,5.3,42.03,32,25.32,46,30.21,4 656,1,https://www1.mbrace.or.jp/od2/B/202608/b260826.lzh,2026-10-03T18:33:43.417805+09:00
20260826,18,徳山,8,20260826-18-08,3,5179,藤本元輝,29,兵庫,52.0,B1,4.63,27.45,2.67,0.0,11,32.61,45,33.16,6 1646,4,https://www1.mbrace.or.jp/od2/B/202608/b260826.lzh,2026-10-03T18:33:43.417805+09:00
20260826,18,徳山,8,20260826-18-08,4,4491,田中堅,39,群馬,51.0,B1,4.28,24.74,4.06,17.65,58,27.63,57,36.98,2 2655,1,https://www1.mbrace.or.jp/od2/B/202608/b260826.lzh,2026-10-03T18:33:43.417805+09:00
20260826,18,徳山,8,20260826-18-08,5,3653,品川賢次,52,群馬,56.0,B2,4.35,18.67,0.0,0.0,51,22.35,52,26.6,645 5,3,https://www1.mbrace.or.jp/od2/B/202608/b260826.lzh,2026-10-03T18:33:43.417805+09:00
20260826,18,徳山,8,20260826-18-08,6,5018,竹下大樹,27,福岡,55.0,A1,6.9,51.75,7.2,60.98,57,20.31,21,25.65,231642,,https://www1.mbrace.or.jp/od2/B/202608/b260826.lzh,2026-10-03T18:33:43.417805+09:00
20260826,18,徳山,9,20260826-18-09,1,4953,尾上雅也,31,埼玉,53.0,A1,6.86,54.55,6.55,45.16,21,24.59,60,24.47,565431,,https://www1.mbrace.or.jp/od2/B/202608/b260826.lzh,2026-10-03T18:33:43.417805+09:00
20260826,18,徳山,9,20260826-18-09,2,4466,南佑典,40,三重,52.0,A2,5.75,39.6,0.0,0.0,62,22.73,71,26.2,3 2555,3,https://www1.mbrace.or.jp/od2/B/202608/b260826.lzh,2026-10-03T18:33:43.417805+09:00
20260826,18,徳山,9,20260826-18-09,3,4251,川崎誠志,43,山口,53.0,B1,4.7,24.55,4.71,28.92,12,43.18,29,31.22,446 62,2,https://www1.mbrace.or.jp/od2/B/202608/b260826.lzh,2026-10-03T18:33:43.417805+09:00
20260826,18,徳山,9,20260826-18-09,4,4623,中北将史,41,三重,52.0,B1,4.81,31.09,5.67,44.44,73,39.47,24,33.67,12545,3,https://www1.mbrace.or.jp/od2/B/202608/b260826.lzh,2026-10-03T18:33:43.417805+09:00
20260826,18,徳山,9,20260826-18-09,5,3956,横澤剛治,49,静岡,55.0,A2,5.97,40.0,5.75,40.0,25,25.33,30,35.9,13653,5,https://www1.mbrace.or.jp/od2/B/202608/b260826.lzh,2026-10-03T18:33:43.417805+09:00
20260826,18,徳山,9,20260826-18-09,6,3860,松本浩貴,53,埼玉,52.0,B1,3.76,17.98,4.3,20.0,17,44.3,32,31.58,6 343,4,https://www1.mbrace.or.jp/od2/B/202608/b260826.lzh,2026-10-03T18:33:43.417805+09:00
20260826,18,徳山,10,20260826-18-10,1,3662,大庭元明,56,福岡,57.0,B1,4.74,31.96,4.72,24.14,55,37.36,40,38.27,31132,3,https://www1.mbrace.or.jp/od2/B/202608/b260826.lzh,2026-10-03T18:33:43.417805+09:00
20260826,18,徳山,10,20260826-18-10,2,4983,前田篤哉,29,愛知,52.0,A1,6.67,52.85,6.93,62.5,64,37.8,22,38.22,413141,5,https://www1.mbrace.or.jp/od2/B/202608/b260826.lzh,2026-10-03T18:33:43.417805+09:00
20260826,18,徳山,10,20260826-18-10,3,3562,山下和彦,57,広島,52.0,A2,6.16,46.46,5.15,37.74,33,51.09,12,38.86,44122,3,https://www1.mbrace.or.jp/od2/B/202608/b260826.lzh,2026-10-03T18:33:43.417805+09:00
20260826,18,徳山,10,20260826-18-10,4,4406,幸野史明,41,福岡,52.0,B1,4.17,20.17,3.68,15.79,70,23.61,58,36.32,3 4411,2,https://www1.mbrace.or.jp/od2/B/202608/b260826.lzh,2026-10-03T18:33:43.417805+09:00
20260826,18,徳山,10,20260826-18-10,5,5321,一色颯輝,24,愛知,54.0,B1,4.77,31.08,5.0,11.11,72,35.56,20,33.68,6 2314,6,https://www1.mbrace.or.jp/od2/B/202608/b260826.lzh,2026-10-03T18:33:43.417805+09:00
20260826,18,徳山,10,20260826-18-10,6,3661,柳瀬興志,57,山口,58.0,A2,4.63,24.27,5.55,31.4,68,53.16,68,41.58,26216,1,https://www1.mbrace.or.jp/od2/B/202608/b260826.lzh,2026-10-03T18:33:43.417805+09:00
20260826,18,徳山,11,20260826-18-11,1,5145,島川海輝,23,山口,55.0,A2,6.04,46.85,6.05,40.43,15,39.74,43,28.04,252 11,2,https://www1.mbrace.or.jp/od2/B/202608/b260826.lzh,2026-10-03T18:33:43.417805+09:00
20260826,18,徳山,11,20260826-18-11,2,3256,三角哲男,59,東京,52.0,A1,6.34,48.41,6.29,52.38,65,18.18,69,24.06,423123,4,https://www1.mbrace.or.jp/od2/B/202608/b260826.lzh,2026-10-03T18:33:43.417805+09:00
20260826,18,徳山,11,20260826-18-11,3,3731,高濱芳久,53,広島,53.0,B1,4.63,23.6,5.1,27.14,60,32.5,31,31.28,15322,7,https://www1.mbrace.or.jp/od2/B/202608/b260826.lzh,2026-10-03T18:33:43.417805+09:00
20260826,18,徳山,11,20260826-18-11,4,4442,松竹大輔,39,愛知,54.0,B1,6.46,51.96,5.88,35.29,45,22.73,26,29.1,31522,6,https://www1.mbrace.or.jp/od2/B/202608/b260826.lzh,2026-10-03T18:33:43.417805+09:00
20260826,18,徳山,11,20260826-18-11,5,4887,富澤祐作,39,群馬,55.0,B1,5.03,32.97,5.11,36.84,18,28.0,74,35.53,313 26,5,https://www1.mbrace.or.jp/od2/B/202608/b260826.lzh,2026-10-03T18:33:43.417805+09:00
20260826,18,徳山,11,20260826-18-11,6,3708,岡部貴司,52,岡山,57.0,B1,5.17,31.4,5.23,30.0,75,30.95,73,39.09,551 13,5,https://www1.mbrace.or.jp/od2/B/202608/b260826.lzh,2026-10-03T18:33:43.417805+09:00
20260826,18,徳山,12,20260826-18-12,1,5234,塚越海斗,28,群馬,53.0,A1,6.62,51.47,4.53,23.53,61,25.35,11,23.68,313112,6,https://www1.mbrace.or.jp/od2/B/202608/b260826.lzh,2026-10-03T18:33:43.417805+09:00
20260826,18,徳山,12,20260826-18-12,2,5020,宮村勇哉,34,三重,55.0,B1,4.8,28.16,4.44,33.33,53,37.63,65,27.96,421 14,4,https://www1.mbrace.or.jp/od2/B/202608/b260826.lzh,2026-10-03T18:33:43.417805+09:00
20260826,18,徳山,12,20260826-18-12,3,4509,平見真彦,37,愛知,54.0,A2,5.95,36.96,4.95,25.0,14,41.25,17,28.95,1 4324,2,https://www1.mbrace.or.jp/od2/B/202608/b260826.lzh,2026-10-03T18:33:43.417805+09:00
20260826,18,徳山,12,20260826-18-12,4,4131,原豊土,46,静岡,55.0,B1,5.94,41.13,5.81,41.67,56,38.64,72,33.86,33142,4,https://www1.mbrace.or.jp/od2/B/202608/b260826.lzh,2026-10-03T18:33:43.417805+09:00
20260826,18,徳山,12,20260826-18-12,5,4302,西野翔太,43,広島,52.0,A1,6.52,50.81,6.69,50.0,74,41.89,53,32.8,1332S1,3,https://www1.mbrace.or.jp/od2/B/202608/b260826.lzh,2026-10-03T18:33:43.417805+09:00
20260826,18,徳山,12,20260826-18-12,6,3663,木山和幸,56,広島,50.0,B1,5.35,36.61,4.88,28.13,59,36.84,62,38.1,513 33,7,https://www1.mbrace.or.jp/od2/B/202608/b260826.lzh,2026-10-03T18:33:43.417805+09:00
20260826,17,宮島,1,20260826-17-01,1,4043,桐本康臣,46,三重,54.0,A2,5.94,41.12,5.82,35.09,59,30.1,61,35.38,4,11,https://www1.mbrace.or.jp/od2/B/202608/b260826.lzh,2026-10-03T18:33:43.417805+09:00
20260826,17,宮島,1,20260826-17-01,2,4708,半田尚也,37,広島,55.0,B1,4.11,18.31,4.63,23.26,71,33.66,17,41.29,3,9,https://www1.mbrace.or.jp/od2/B/202608/b260826.lzh,2026-10-03T18:33:43.417805+09:00
20260826,17,宮島,1,20260826-17-01,3,5376,吉田一心,22,大阪,51.0,B1,5.5,39.81,3.71,17.65,16,34.15,66,34.1,1,10,https://www1.mbrace.or.jp/od2/B/202608/b260826.lzh,2026-10-03T18:33:43.417805+09:00
20260826,17,宮島,1,20260826-17-01,4,5337,出畑孝成,20,福岡,54.0,B1,4.36,21.57,1.63,0.0,73,30.39,78,39.44,6,6,https://www1.mbrace.or.jp/od2/B/202608/b260826.lzh,2026-10-03T18:33:43.417805+09:00
20260826,17,宮島,1,20260826-17-01,5,3519,冨田秀幸,58,愛知,52.0,B1,4.08,17.5,5.03,29.73,63,33.18,71,33.62,6,8,https://www1.mbrace.or.jp/od2/B/202608/b260826.lzh,2026-10-03T18:33:43.417805+09:00
20260826,17,宮島,1,20260826-17-01,6,5437,中澤里桜,21,香川,52.0,B2,1.61,2.27,1.0,0.0,17,40.63,32,36.24,6,7,https://www1.mbrace.or.jp/od2/B/202608/b260826.lzh,2026-10-03T18:33:43.417805+09:00
20260826,17,宮島,2,20260826-17-02,1,4789,古賀智之,37,福岡,54.0,A2,5.77,40.38,4.59,25.0,19,33.66,53,32.2,12,12,https://www1.mbrace.or.jp/od2/B/202608/b260826.lzh,2026-10-03T18:33:43.417805+09:00
20260826,17,宮島,2,20260826-17-02,2,3814,金子貴志,50,福井,49.0,B1,5.14,29.31,4.44,24.0,57,37.95,23,32.16,5,9,https://www1.mbrace.or.jp/od2/B/202608/b260826.lzh,2026-10-03T18:33:43.417805+09:00
20260826,17,宮島,2,20260826-17-02,3,5396,近藤来希,24,兵庫,50.0,B2,2.3,2.74,0.0,0.0,67,33.04,29,45.38,6,10,https://www1.mbrace.or.jp/od2/B/202608/b260826.lzh,2026-10-03T18:33:43.417805+09:00
20260826,17,宮島,2,20260826-17-02,4,4121,富永修一,44,福岡,53.0,A2,5.99,44.21,4.0,0.0,24,37.32,37,38.7,2,7,https://www1.mbrace.or.jp/od2/B/202608/b260826.lzh,2026-10-03T18:33:43.417805+09:00
20260826,17,宮島,2,20260826-17-02,5,4501,樋口由加,38,岡山,45.0,B1,5.11,33.33,5.24,26.83,62,29.91,64,30.77,4,8,https://www1.mbrace.or.jp/od2/B/202608/b260826.lzh,2026-10-03T18:33:43.417805+09:00
20260826,17,宮島,2,20260826-17-02,6,4168,石野貴之,44,大阪,52.0,A1,6.76,48.15,6.9,51.72,27,29.77,75,29.78,11,11,https://www1.mbrace.or.jp/od2/B/202608/b260826.lzh,2026-10-03T18:33:43.417805+09:00
20260826,17,宮島,3,20260826-17-03,1,4750,井上尚悟,39,大阪,52.0,B1,5.18,33.33,5.08,35.9,32,42.33,38,33.01,4,8,https://www1.mbrace.or.jp/od2/B/202608/b260826.lzh,2026-10-03T18:33:43.417805+09:00
20260826,17,宮島,3,20260826-17-03,2,3995,重野哲之,47,静岡,54.0,A2,6.33,48.86,6.76,47.62,23,31.75,65,31.44,22,12,https://www1.mbrace.or.jp/od2/B/202608/b260826.lzh,2026-10-03T18:33:43.417805+09:00
20260826,17,宮島,3,20260826-17-03,3,5195,北村寧々,24,長崎,47.0,A2,5.17,32.93,3.42,16.67,53,32.24,56,33.62,2,11,https://www1.mbrace.or.jp/od2/B/202608/b260826.lzh,2026-10-03T18:33:43.417805+09:00
20260826,17,宮島,3,20260826-17-03,4,4330,奈須啓太,43,福岡,52.0,A2,5.83,39.68,0.0,0.0,21,39.82,24,32.08,16,9,https://www1.mbrace.or.jp/od2/B/202608/b260826.lzh,2026-10-03T18:33:43.417805+09:00
20260826,17,宮島,3,20260826-17-03,5,5239,上野俊樹,26,福岡,53.0,B1,5.6,34.12,4.52,29.03,29,32.52,36,33.05,6,10,https://www1.mbrace.or.jp/od2/B/202608/b260826.lzh,2026-10-03T18:33:43.417805+09:00
20260826,17,宮島,3,20260826-17-03,6,5243,三馬崇史,25,広島,54.0,B1,5.52,37.86,4.88,31.48,60,35.19,13,36.27,25,,https://www1.mbrace.or.jp/od2/B/202608/b260826.lzh,2026-10-03T18:33:43.417805+09:00
20260826,17,宮島,4,20260826-17-04,1,4460,後藤翔之,40,東京,56.0,A2,6.08,42.11,6.79,57.89,37,44.29,22,34.18,4,10,https://www1.mbrace.or.jp/od2/B/202608/b260826.lzh,2026-10-03T18:33:43.417805+09:00
20260826,17,宮島,4,20260826-17-04,2,5267,石本裕武,26,大阪,51.0,A1,6.58,51.3,6.4,50.0,30,39.56,21,31.88,12,11,https://www1.mbrace.or.jp/od2/B/202608/b260826.lzh,2026-10-03T18:33:43.417805+09:00
20260826,17,宮島,4,20260826-17-04,3,3507,藤井徹,55,大阪,52.0,B1,4.14,23.75,5.44,31.25,52,34.62,19,38.97,33,8,https://www1.mbrace.or.jp/od2/B/202608/b260826.lzh,2026-10-03T18:33:43.417805+09:00
20260826,17,宮島,4,20260826-17-04,4,4349,犬童千秋,40,福岡,50.0,B1,4.43,24.68,6.18,47.06,33,34.07,35,38.22,55,,https://www1.mbrace.or.jp/od2/B/202608/b260826.lzh,2026-10-03T18:33:43.417805+09:00
20260826,17,宮島,4,20260826-17-04,5,5434,藤田康生,21,静岡,50.0,B1,3.38,11.83,0.0,0.0,36,34.06,76,35.81,3,9,https://www1.mbrace.or.jp/od2/B/202608/b260826.lzh,2026-10-03T18:33:43.417805+09:00
20260826,17,宮島,4,20260826-17-04,6,4308,河村了,42,愛知,51.0,A1,6.69,46.51,6.62,28.57,55,35.09,81,31.14,42,12,https://www1.mbrace.or.jp/od2/B/202608/b260826.lzh,2026-10-03T18:33:43.417805+09:00
20260826,17,宮島,5,20260826-17-05,1,5222,津田陸翔,25,広島,52.0,A1,6.16,45.9,5.79,38.61,11,37.67,12,37.91,2,10,https://www1.mbrace.or.jp/od2/B/202608/b260826.lzh,2026-10-03T18:33:43.417805+09:00
20260826,17,宮島,5,20260826-17-05,2,4813,宮内直哉,36,東京,52.0,B1,4.08,15.58,3.56,22.22,54,36.28,79,30.69,44,,https://www1.mbrace.or.jp/od2/B/202608/b260826.lzh,2026-10-03T18:33:43.417805+09:00
20260826,17,宮島,5,20260826-17-05,3,4625,渡邊裕貴,40,静岡,53.0,B1,5.26,32.22,5.27,40.0,34,36.06,57,36.15,41,,https://www1.mbrace.or.jp/od2/B/202608/b260826.lzh,2026-10-03T18:33:43.417805+09:00
20260826,17,宮島,5,20260826-17-05,4,4389,伊藤喜智,40,大阪,53.0,A2,5.43,30.0,5.86,34.88,39,34.08,18,36.5,3,12,https://www1.mbrace.or.jp/od2/B/202608/b260826.lzh,2026-10-03T18:33:43.417805+09:00
20260826,17,宮島,5,20260826-17-05,5,5084,末永和也,27,佐賀,52.0,A1,6.74,44.93,7.64,48.0,65,40.95,58,35.34,14,11,https://www1.mbrace.or.jp/od2/B/202608/b260826.lzh,2026-10-03T18:33:43.417805+09:00
20260826,17,宮島,5,20260826-17-05,6,5264,登みひ果,26,兵庫,43.0,B1,4.81,26.73,5.13,25.0,15,34.08,16,38.05,35,,https://www1.mbrace.or.jp/od2/B/202608/b260826.lzh,2026-10-03T18:33:43.417805+09:00
20260826,17,宮島,6,20260826-17-06,1,5373,諏訪玲奈,23,岡山,47.0,B2,3.24,5.88,1.72,0.0,70,33.83,67,35.68,55,,https://www1.mbrace.or.jp/od2/B/202608/b260826.lzh,2026-10-03T18:33:43.417805+09:00
20260826,17,宮島,6,20260826-17-06,2,4000,松本博昭,49,広島,57.0,A2,5.99,41.96,5.63,38.52,38,47.84,73,34.53,3,11,https://www1.mbrace.or.jp/od2/B/202608/b260826.lzh,2026-10-03T18:33:43.417805+09:00
20260826,17,宮島,6,20260826-17-06,3,4739,中村晃朋,34,香川,51.0,A1,6.86,59.32,6.67,46.67,82,33.33,50,30.72,46,12,https://www1.mbrace.or.jp/od2/B/202608/b260826.lzh,2026-10-03T18:33:43.417805+09:00
20260826,17,宮島,6,20260826-17-06,4,5386,米玉利大,20,兵庫,53.0,B1,3.39,12.22,2.59,0.0,20,29.13,62,46.23,56,,https://www1.mbrace.or.jp/od2/B/202608/b260826.lzh,2026-10-03T18:33:43.417805+09:00
20260826,17,宮島,6,20260826-17-06,5,4336,松田竜馬,42,福岡,54.0,B1,5.03,32.63,5.59,37.84,66,39.51,51,37.24,51,,https://www1.mbrace.or.jp/od2/B/202608/b260826.lzh,2026-10-03T18:33:43.417805+09:00
20260826,17,宮島,6,20260826-17-06,6,5337,出畑孝成,20,福岡,54.0,B1,4.36,21.57,1.63,0.0,73,30.39,78,39.44,6,1,https://www1.mbrace.or.jp/od2/B/202608/b260826.lzh,2026-10-03T18:33:43.417805+09:00
20260826,17,宮島,7,20260826-17-07,1,3692,竹腰正樹,55,福井,52.0,B1,5.03,29.06,4.42,25.81,79,36.19,63,36.41,36,,https://www1.mbrace.or.jp/od2/B/202608/b260826.lzh,2026-10-03T18:33:43.417805+09:00
20260826,17,宮島,7,20260826-17-07,2,4991,宗行治哉,29,広島,51.0,A1,6.69,45.1,5.99,37.21,61,35.91,60,29.09,21,12,https://www1.mbrace.or.jp/od2/B/202608/b260826.lzh,2026-10-03T18:33:43.417805+09:00
20260826,17,宮島,7,20260826-17-07,3,4121,富永修一,44,福岡,53.0,A2,5.99,44.21,4.0,0.0,24,37.32,37,38.7,2,2,https://www1.mbrace.or.jp/od2/B/202608/b260826.lzh,2026-10-03T18:33:43.417805+09:00
20260826,17,宮島,7,20260826-17-07,4,3541,三嶌誠司,58,香川,53.0,A2,6.21,43.93,0.0,0.0,18,33.81,74,31.86,23,,https://www1.mbrace.or.jp/od2/B/202608/b260826.lzh,2026-10-03T18:33:43.417805+09:00
20260826,17,宮島,7,20260826-17-07,5,4138,中井俊祐,45,大阪,54.0,B1,4.96,32.38,5.11,33.33,58,41.07,77,35.27,54,,https://www1.mbrace.or.jp/od2/B/202608/b260826.lzh,2026-10-03T18:33:43.417805+09:00
20260826,17,宮島,7,20260826-17-07,6,5437,中澤里桜,21,香川,52.0,B2,1.61,2.27,1.0,0.0,17,40.63,32,36.24,6,1,https://www1.mbrace.or.jp/od2/B/202608/b260826.lzh,2026-10-03T18:33:43.417805+09:00
20260826,17,宮島,8,20260826-17-08,1,5136,濱野斗馬,26,香川,54.0,A1,6.17,45.93,5.56,22.22,51,39.64,25,33.71,24,,https://www1.mbrace.or.jp/od2/B/202608/b260826.lzh,2026-10-03T18:33:43.417805+09:00
20260826,17,宮島,8,20260826-17-08,2,3519,冨田秀幸,58,愛知,52.0,B1,4.08,17.5,5.03,29.73,63,33.18,71,33.62,6,1,https://www1.mbrace.or.jp/od2/B/202608/b260826.lzh,2026-10-03T18:33:43.417805+09:00
20260826,17,宮島,8,20260826-17-08,3,4501,樋口由加,38,岡山,45.0,B1,5.11,33.33,5.24,26.83,62,29.91,64,30.77,4,2,https://www1.mbrace.or.jp/od2/B/202608/b260826.lzh,2026-10-03T18:33:43.417805+09:00
20260826,17,宮島,8,20260826-17-08,4,3870,寺嶋雄,50,福井,53.0,B1,4.46,22.77,5.87,36.67,13,28.42,72,39.91,61,,https://www1.mbrace.or.jp/od2/B/202608/b260826.lzh,2026-10-03T18:33:43.417805+09:00
20260826,17,宮島,8,20260826-17-08,5,4750,井上尚悟,39,大阪,52.0,B1,5.18,33.33,5.08,35.9,32,42.33,69,29.61,4,3,https://www1.mbrace.or.jp/od2/B/202608/b260826.lzh,2026-10-03T18:33:43.417805+09:00
20260826,17,宮島,8,20260826-17-08,6,3507,藤井徹,55,大阪,52.0,B1,4.14,23.75,5.44,31.25,52,34.62,19,38.97,33,4,https://www1.mbrace.or.jp/od2/B/202608/b260826.lzh,2026-10-03T18:33:43.417805+09:00
20260826,17,宮島,9,20260826-17-09,1,3814,金子貴志,50,福井,49.0,B1,5.14,29.31,4.44,24.0,57,37.95,23,32.16,5,2,https://www1.mbrace.or.jp/od2/B/202608/b260826.lzh,2026-10-03T18:33:43.417805+09:00
20260826,17,宮島,9,20260826-17-09,2,4502,遠藤エミ,38,滋賀,46.0,A1,7.27,49.11,7.03,50.0,72,46.85,59,36.28,13,,https://www1.mbrace.or.jp/od2/B/202608/b260826.lzh,2026-10-03T18:33:43.417805+09:00
20260826,17,宮島,9,20260826-17-09,3,4796,春園功太,35,三重,53.0,A1,6.19,46.34,6.43,50.0,56,32.72,27,36.36,63,,https://www1.mbrace.or.jp/od2/B/202608/b260826.lzh,2026-10-03T18:33:43.417805+09:00
20260826,17,宮島,9,20260826-17-09,4,5434,藤田康生,21,静岡,50.0,B1,3.38,11.83,0.0,0.0,36,34.06,76,35.81,3,4,https://www1.mbrace.or.jp/od2/B/202608/b260826.lzh,2026-10-03T18:33:43.417805+09:00
20260826,17,宮島,9,20260826-17-09,5,4330,奈須啓太,43,福岡,52.0,A2,5.83,39.68,0.0,0.0,21,39.82,24,32.08,16,3,https://www1.mbrace.or.jp/od2/B/202608/b260826.lzh,2026-10-03T18:33:43.417805+09:00
20260826,17,宮島,9,20260826-17-09,6,4708,半田尚也,37,広島,55.0,B1,4.11,18.31,4.63,23.26,71,33.66,17,41.29,3,1,https://www1.mbrace.or.jp/od2/B/202608/b260826.lzh,2026-10-03T18:33:43.417805+09:00
20260826,17,宮島,10,20260826-17-10,1,5239,上野俊樹,26,福岡,53.0,B1,5.6,34.12,4.52,29.03,29,32.52,36,33.05,6,3,https://www1.mbrace.or.jp/od2/B/202608/b260826.lzh,2026-10-03T18:33:43.417805+09:00
20260826,17,宮島,10,20260826-17-10,2,5222,津田陸翔,25,広島,52.0,A1,6.16,45.9,5.79,38.61,11,37.67,12,37.91,2,5,https://www1.mbrace.or.jp/od2/B/202608/b260826.lzh,2026-10-03T18:33:43.417805+09:00
20260826,17,宮島,10,20260826-17-10,3,4460,後藤翔之,40,東京,56.0,A2,6.08,42.11,6.79,57.89,37,44.29,22,34.18,4,4,https://www1.mbrace.or.jp/od2/B/202608/b260826.lzh,2026-10-03T18:33:43.417805+09:00
20260826,17,宮島,10,20260826-17-10,4,5396,近藤来希,24,兵庫,50.0,B2,2.3,2.74,0.0,0.0,67,33.04,29,45.38,6,2,https://www1.mbrace.or.jp/od2/B/202608/b260826.lzh,2026-10-03T18:33:43.417805+09:00
20260826,17,宮島,10,20260826-17-10,5,5129,山口真喜,29,長崎,48.0,A2,6.11,43.8,5.6,37.14,25,38.16,68,34.8,35,,https://www1.mbrace.or.jp/od2/B/202608/b260826.lzh,2026-10-03T18:33:43.417805+09:00
20260826,17,宮島,10,20260826-17-10,6,5376,吉田一心,22,大阪,51.0,B1,5.5,39.81,3.71,17.65,16,34.15,66,34.1,1,1,https://www1.mbrace.or.jp/od2/B/202608/b260826.lzh,2026-10-03T18:33:43.417805+09:00
20260826,17,宮島,11,20260826-17-11,1,5267,石本裕武,26,大阪,51.0,A1,6.58,51.3,6.4,50.0,30,39.56,21,31.88,12,4,https://www1.mbrace.or.jp/od2/B/202608/b260826.lzh,2026-10-03T18:33:43.417805+09:00
20260826,17,宮島,11,20260826-17-11,2,4043,桐本康臣,46,三重,54.0,A2,5.94,41.12,5.82,35.09,59,30.1,61,35.38,4,1,https://www1.mbrace.or.jp/od2/B/202608/b260826.lzh,2026-10-03T18:33:43.417805+09:00
20260826,17,宮島,11,20260826-17-11,3,5084,末永和也,27,佐賀,52.0,A1,6.74,44.93,7.64,48.0,65,40.95,58,35.34,14,5,https://www1.mbrace.or.jp/od2/B/202608/b260826.lzh,2026-10-03T18:33:43.417805+09:00
20260826,17,宮島,11,20260826-17-11,4,4168,石野貴之,44,大阪,52.0,A1,6.76,48.15,6.9,51.72,27,29.77,75,29.78,11,2,https://www1.mbrace.or.jp/od2/B/202608/b260826.lzh,2026-10-03T18:33:43.417805+09:00
20260826,17,宮島,11,20260826-17-11,5,4000,松本博昭,49,広島,57.0,A2,5.99,41.96,5.63,38.52,38,47.84,73,34.53,3,6,https://www1.mbrace.or.jp/od2/B/202608/b260826.lzh,2026-10-03T18:33:43.417805+09:00
20260826,17,宮島,11,20260826-17-11,6,5195,北村寧々,24,長崎,47.0,A2,5.17,32.93,3.42,16.67,53,32.24,56,33.62,2,3,https://www1.mbrace.or.jp/od2/B/202608/b260826.lzh,2026-10-03T18:33:43.417805+09:00
20260826,17,宮島,12,20260826-17-12,1,4739,中村晃朋,34,香川,51.0,A1,6.86,59.32,6.67,46.67,82,33.33,50,30.72,46,6,https://www1.mbrace.or.jp/od2/B/202608/b260826.lzh,2026-10-03T18:33:43.417805+09:00
20260826,17,宮島,12,20260826-17-12,2,4789,古賀智之,37,福岡,54.0,A2,5.77,40.38,4.59,25.0,19,33.66,53,32.2,12,2,https://www1.mbrace.or.jp/od2/B/202608/b260826.lzh,2026-10-03T18:33:43.417805+09:00
20260826,17,宮島,12,20260826-17-12,3,3995,重野哲之,47,静岡,54.0,A2,6.33,48.86,6.76,47.62,23,31.75,65,31.44,22,3,https://www1.mbrace.or.jp/od2/B/202608/b260826.lzh,2026-10-03T18:33:43.417805+09:00
20260826,17,宮島,12,20260826-17-12,4,4308,河村了,42,愛知,51.0,A1,6.69,46.51,6.62,28.57,55,35.09,34,29.24,42,4,https://www1.mbrace.or.jp/od2/B/202608/b260826.lzh,2026-10-03T18:33:43.417805+09:00
20260826,17,宮島,12,20260826-17-12,5,4389,伊藤喜智,40,大阪,53.0,A2,5.43,30.0,5.86,34.88,39,34.08,18,36.5,3,5,https://www1.mbrace.or.jp/od2/B/202608/b260826.lzh,2026-10-03T18:33:43.417805+09:00
20260826,17,宮島,12,20260826-17-12,6,4991,宗行治哉,29,広島,51.0,A1,6.69,45.1,5.99,37.21,61,35.91,60,29.09,21,7,https://www1.mbrace.or.jp/od2/B/202608/b260826.lzh,2026-10-03T18:33:43.417805+09:00
20260826,15,丸亀,1,20260826-15-01,1,5407,中岡駿,21,香川,51.0,B1,2.52,9.38,1.75,1.96,3,32.56,39,34.48,636,,https://www1.mbrace.or.jp/od2/B/202608/b260826.lzh,2026-10-03T18:33:43.417805+09:00
20260826,15,丸亀,1,20260826-15-01,2,4521,小池公生,39,福岡,51.0,B1,5.19,31.19,5.86,42.86,59,33.9,46,34.38,653,,https://www1.mbrace.or.jp/od2/B/202608/b260826.lzh,2026-10-03T18:33:43.417805+09:00
20260826,15,丸亀,1,20260826-15-01,3,5381,有山望,21,大阪,49.0,B1,3.76,11.9,2.53,6.67,41,30.18,32,14.81,1 5,10,https://www1.mbrace.or.jp/od2/B/202608/b260826.lzh,2026-10-03T18:33:43.417805+09:00
20260826,15,丸亀,1,20260826-15-01,4,4122,安東幸治,44,福岡,57.0,A2,5.58,35.16,6.29,47.06,51,33.74,65,30.0,2464,11,https://www1.mbrace.or.jp/od2/B/202608/b260826.lzh,2026-10-03T18:33:43.417805+09:00
20260826,15,丸亀,1,20260826-15-01,5,4134,杉山貴博,46,東京,53.0,A2,5.58,38.26,6.67,52.38,21,31.19,21,27.59,5 34,9,https://www1.mbrace.or.jp/od2/B/202608/b260826.lzh,2026-10-03T18:33:43.417805+09:00
20260826,15,丸亀,1,20260826-15-01,6,5432,安藤瑠希,21,静岡,52.0,B1,3.08,8.43,0.0,0.0,34,40.18,33,20.69,6 44,,https://www1.mbrace.or.jp/od2/B/202608/b260826.lzh,2026-10-03T18:33:43.417805+09:00
20260826,15,丸亀,2,20260826-15-02,1,4094,中島真二,45,福岡,53.0,B1,4.74,28.13,4.89,29.63,62,33.91,29,25.81,6 63,,https://www1.mbrace.or.jp/od2/B/202608/b260826.lzh,2026-10-03T18:33:43.417805+09:00
20260826,15,丸亀,2,20260826-15-02,2,5369,岡崎凪汰,24,長崎,53.0,B1,3.23,14.58,1.13,0.0,55,35.44,38,38.24,5 4,7,https://www1.mbrace.or.jp/od2/B/202608/b260826.lzh,2026-10-03T18:33:43.417805+09:00
20260826,15,丸亀,2,20260826-15-02,3,3944,山口裕二,47,長崎,54.0,A1,5.97,40.51,5.43,30.43,60,44.02,58,30.43,5551,9,https://www1.mbrace.or.jp/od2/B/202608/b260826.lzh,2026-10-03T18:33:43.417805+09:00
20260826,15,丸亀,2,20260826-15-02,4,5039,倉田茂将,28,愛知,57.0,B1,4.21,24.3,0.0,0.0,10,28.99,7,31.25,5 5,6,https://www1.mbrace.or.jp/od2/B/202608/b260826.lzh,2026-10-03T18:33:43.417805+09:00
20260826,15,丸亀,2,20260826-15-02,5,5392,安武一也,25,福岡,52.0,B2,1.75,0.0,2.1,0.0,53,34.71,60,31.58,6 6,8,https://www1.mbrace.or.jp/od2/B/202608/b260826.lzh,2026-10-03T18:33:43.417805+09:00
20260826,15,丸亀,2,20260826-15-02,6,3679,飯島昌弘,53,埼玉,53.0,A2,6.85,51.85,7.23,53.85,22,30.94,8,23.08,14S,10,https://www1.mbrace.or.jp/od2/B/202608/b260826.lzh,2026-10-03T18:33:43.417805+09:00
20260826,15,丸亀,3,20260826-15-03,1,3643,米田隆弘,54,岡山,54.0,B1,5.35,32.61,5.25,30.56,45,39.41,50,25.81,334,12,https://www1.mbrace.or.jp/od2/B/202608/b260826.lzh,2026-10-03T18:33:43.417805+09:00
20260826,15,丸亀,3,20260826-15-03,2,3684,清水攻二,52,山口,53.0,A2,5.61,35.23,5.61,34.78,30,40.27,51,29.73,5 S2,7,https://www1.mbrace.or.jp/od2/B/202608/b260826.lzh,2026-10-03T18:33:43.417805+09:00
20260826,15,丸亀,3,20260826-15-03,3,4826,井上一輝,32,大阪,52.0,A1,6.83,51.24,6.21,44.83,24,39.46,5,21.43,2612,8,https://www1.mbrace.or.jp/od2/B/202608/b260826.lzh,2026-10-03T18:33:43.417805+09:00
20260826,15,丸亀,3,20260826-15-03,4,4068,幸田智裕,46,静岡,53.0,B1,4.9,23.58,5.33,27.78,64,31.0,37,42.31,664,,https://www1.mbrace.or.jp/od2/B/202608/b260826.lzh,2026-10-03T18:33:43.417805+09:00
20260826,15,丸亀,3,20260826-15-03,5,4416,三宅健太,39,広島,54.0,B1,5.47,37.62,4.87,16.67,15,38.18,25,39.39,441,11,https://www1.mbrace.or.jp/od2/B/202608/b260826.lzh,2026-10-03T18:33:43.417805+09:00
20260826,15,丸亀,3,20260826-15-03,6,4570,前田聖文,38,愛知,55.0,A1,5.86,35.79,3.5,25.0,6,32.14,31,58.06,3323,9,https://www1.mbrace.or.jp/od2/B/202608/b260826.lzh,2026-10-03T18:33:43.417805+09:00
20260826,15,丸亀,4,20260826-15-04,1,3873,別府昌樹,50,広島,54.0,B1,4.81,25.0,6.09,50.0,26,32.3,66,41.67,3 23,,https://www1.mbrace.or.jp/od2/B/202608/b260826.lzh,2026-10-03T18:33:43.417805+09:00
20260826,15,丸亀,4,20260826-15-04,2,4391,松田祐季,40,福井,50.0,A1,7.01,54.84,6.17,41.46,29,45.95,47,32.14,5133,10,https://www1.mbrace.or.jp/od2/B/202608/b260826.lzh,2026-10-03T18:33:43.417805+09:00
20260826,15,丸亀,4,20260826-15-04,3,5385,鈴木柊介,21,静岡,56.0,B1,2.58,5.26,0.0,0.0,20,50.89,41,60.0,2 6,8,https://www1.mbrace.or.jp/od2/B/202608/b260826.lzh,2026-10-03T18:33:43.417805+09:00
20260826,15,丸亀,4,20260826-15-04,4,4296,岡崎恭裕,39,福岡,52.0,A2,6.33,42.86,8.12,64.71,7,42.01,15,29.63,3322,12,https://www1.mbrace.or.jp/od2/B/202608/b260826.lzh,2026-10-03T18:33:43.417805+09:00
20260826,15,丸亀,4,20260826-15-04,5,4079,出畑孝典,47,福岡,53.0,A2,5.9,38.19,6.87,55.26,16,33.49,26,42.86,1 52,9,https://www1.mbrace.or.jp/od2/B/202608/b260826.lzh,2026-10-03T18:33:43.417805+09:00
20260826,15,丸亀,4,20260826-15-04,6,5017,澤田尚也,27,滋賀,52.0,A1,6.71,52.27,6.54,45.71,36,36.63,4,26.67,4231,11,https://www1.mbrace.or.jp/od2/B/202608/b260826.lzh,2026-10-03T18:33:43.417805+09:00
20260826,15,丸亀,5,20260826-15-05,1,4549,小林文彦,37,福岡,52.0,A2,6.35,47.06,5.97,29.73,27,36.53,40,34.62,335,10,https://www1.mbrace.or.jp/od2/B/202608/b260826.lzh,2026-10-03T18:33:43.417805+09:00
20260826,15,丸亀,5,20260826-15-05,2,4683,向井田直,35,広島,46.0,B2,3.3,16.67,2.84,15.79,37,32.23,22,28.13,5 13,,https://www1.mbrace.or.jp/od2/B/202608/b260826.lzh,2026-10-03T18:33:43.417805+09:00
20260826,15,丸亀,5,20260826-15-05,3,3574,大神康司,54,福岡,54.0,A1,6.06,46.85,5.09,32.08,12,36.45,27,51.52,3236,12,https://www1.mbrace.or.jp/od2/B/202608/b260826.lzh,2026-10-03T18:33:43.417805+09:00
20260826,15,丸亀,5,20260826-15-05,4,3998,冨成謙児,47,佐賀,51.0,B1,4.36,24.77,3.98,18.0,48,43.35,13,7.69,264,,https://www1.mbrace.or.jp/od2/B/202608/b260826.lzh,2026-10-03T18:33:43.417805+09:00
20260826,15,丸亀,5,20260826-15-05,5,4528,黒井達矢,38,埼玉,55.0,A1,6.54,42.68,8.04,75.0,54,42.15,20,33.33,2411,11,https://www1.mbrace.or.jp/od2/B/202608/b260826.lzh,2026-10-03T18:33:43.417805+09:00
20260826,15,丸亀,5,20260826-15-05,6,4934,佐々木翔,30,大阪,56.0,A2,5.21,29.9,5.8,40.0,57,35.54,14,47.06,126,9,https://www1.mbrace.or.jp/od2/B/202608/b260826.lzh,2026-10-03T18:33:43.417805+09:00
20260826,15,丸亀,6,20260826-15-06,1,4069,山本修一,46,岡山,53.0,A2,5.91,38.53,6.88,54.55,66,31.82,62,45.71,4554,11,https://www1.mbrace.or.jp/od2/B/202608/b260826.lzh,2026-10-03T18:33:43.417805+09:00
20260826,15,丸亀,6,20260826-15-06,2,4489,岩川仁士,39,大阪,55.0,B1,5.04,31.58,4.29,28.57,46,35.12,16,28.57,4 65,,https://www1.mbrace.or.jp/od2/B/202608/b260826.lzh,2026-10-03T18:33:43.417805+09:00
20260826,15,丸亀,6,20260826-15-06,3,4083,福島勇樹,47,東京,53.0,A1,7.29,60.15,6.85,59.26,35,29.91,1,43.33,1526,10,https://www1.mbrace.or.jp/od2/B/202608/b260826.lzh,2026-10-03T18:33:43.417805+09:00
20260826,15,丸亀,6,20260826-15-06,4,4019,笠原亮,46,静岡,52.0,A1,7.03,53.98,5.72,24.14,40,31.36,30,10.71,4224,12,https://www1.mbrace.or.jp/od2/B/202608/b260826.lzh,2026-10-03T18:33:43.417805+09:00
20260826,15,丸亀,6,20260826-15-06,5,5039,倉田茂将,28,愛知,57.0,B1,4.21,24.3,0.0,0.0,10,28.99,7,31.25,5 5,2,https://www1.mbrace.or.jp/od2/B/202608/b260826.lzh,2026-10-03T18:33:43.417805+09:00
20260826,15,丸亀,6,20260826-15-06,6,4567,上村慎太,38,山口,49.0,B1,4.37,17.53,4.32,10.53,1,32.74,19,32.26,6 14,,https://www1.mbrace.or.jp/od2/B/202608/b260826.lzh,2026-10-03T18:33:43.417805+09:00
20260826,15,丸亀,7,20260826-15-07,1,3684,清水攻二,52,山口,53.0,A2,5.61,35.23,5.61,34.78,30,40.27,51,29.73,5 S2,3,https://www1.mbrace.or.jp/od2/B/202608/b260826.lzh,2026-10-03T18:33:43.417805+09:00
20260826,15,丸亀,7,20260826-15-07,2,4931,木谷賢太,30,香川,54.0,A1,6.66,49.22,6.65,48.04,8,40.28,48,31.82,1311,11,https://www1.mbrace.or.jp/od2/B/202608/b260826.lzh,2026-10-03T18:33:43.417805+09:00
20260826,15,丸亀,7,20260826-15-07,3,4743,木村仁紀,33,滋賀,55.0,A1,6.19,39.47,6.59,46.88,52,39.6,36,31.03,2235,12,https://www1.mbrace.or.jp/od2/B/202608/b260826.lzh,2026-10-03T18:33:43.417805+09:00
20260826,15,丸亀,7,20260826-15-07,4,5369,岡崎凪汰,24,長崎,53.0,B1,3.23,14.58,1.13,0.0,55,35.44,38,38.24,5 4,2,https://www1.mbrace.or.jp/od2/B/202608/b260826.lzh,2026-10-03T18:33:43.417805+09:00
20260826,15,丸亀,7,20260826-15-07,5,5331,佐藤永梧,22,東京,54.0,B1,5.24,37.8,0.0,0.0,58,34.75,18,10.71,511,,https://www1.mbrace.or.jp/od2/B/202608/b260826.lzh,2026-10-03T18:33:43.417805+09:00
20260826,15,丸亀,7,20260826-15-07,6,4034,西原明生,47,香川,54.0,B1,3.92,19.39,4.14,21.7,32,39.65,43,29.63,2 46,,https://www1.mbrace.or.jp/od2/B/202608/b260826.lzh,2026-10-03T18:33:43.417805+09:00
20260826,15,丸亀,8,20260826-15-08,1,4826,井上一輝,32,大阪,52.0,A1,6.83,51.24,6.21,44.83,24,39.46,5,21.43,2612,3,https://www1.mbrace.or.jp/od2/B/202608/b260826.lzh,2026-10-03T18:33:43.417805+09:00
20260826,15,丸亀,8,20260826-15-08,2,5257,西丸侑太,22,香川,53.0,A1,6.37,44.0,5.69,36.0,14,34.58,9,26.67,4122,12,https://www1.mbrace.or.jp/od2/B/202608/b260826.lzh,2026-10-03T18:33:43.417805+09:00
20260826,15,丸亀,8,20260826-15-08,3,4873,蒲原健太,32,佐賀,53.0,B1,5.17,32.81,5.13,32.5,28,35.45,6,24.14,6 31,,https://www1.mbrace.or.jp/od2/B/202608/b260826.lzh,2026-10-03T18:33:43.417805+09:00
20260826,15,丸亀,8,20260826-15-08,4,5289,佃來紀,25,大阪,52.0,A2,5.85,41.03,4.34,28.57,39,31.02,55,38.46,165S,,https://www1.mbrace.or.jp/od2/B/202608/b260826.lzh,2026-10-03T18:33:43.417805+09:00
20260826,15,丸亀,8,20260826-15-08,5,5385,鈴木柊介,21,静岡,56.0,B1,2.58,5.26,0.0,0.0,20,50.89,41,60.0,2 6,4,https://www1.mbrace.or.jp/od2/B/202608/b260826.lzh,2026-10-03T18:33:43.417805+09:00
20260826,15,丸亀,8,20260826-15-08,6,5392,安武一也,25,福岡,52.0,B2,1.75,0.0,2.1,0.0,53,34.71,60,31.58,6 6,2,https://www1.mbrace.or.jp/od2/B/202608/b260826.lzh,2026-10-03T18:33:43.417805+09:00
20260826,15,丸亀,9,20260826-15-09,1,4134,杉山貴博,46,東京,53.0,A2,5.58,38.26,6.67,52.38,21,31.19,21,27.59,5 34,1,https://www1.mbrace.or.jp/od2/B/202608/b260826.lzh,2026-10-03T18:33:43.417805+09:00
20260826,15,丸亀,9,20260826-15-09,2,3944,山口裕二,47,長崎,54.0,A1,5.97,40.51,5.43,30.43,60,44.02,58,30.43,5551,2,https://www1.mbrace.or.jp/od2/B/202608/b260826.lzh,2026-10-03T18:33:43.417805+09:00
20260826,15,丸亀,9,20260826-15-09,3,4570,前田聖文,38,愛知,55.0,A1,5.86,35.79,3.5,25.0,6,32.14,31,58.06,3323,3,https://www1.mbrace.or.jp/od2/B/202608/b260826.lzh,2026-10-03T18:33:43.417805+09:00
20260826,15,丸亀,9,20260826-15-09,4,5093,浦野海,24,福岡,56.0,B2,3.57,17.46,5.61,33.33,4,28.84,45,21.21,44S,,https://www1.mbrace.or.jp/od2/B/202608/b260826.lzh,2026-10-03T18:33:43.417805+09:00
20260826,15,丸亀,9,20260826-15-09,5,4934,佐々木翔,30,大阪,56.0,A2,5.21,29.9,5.8,40.0,57,35.54,14,47.06,126,5,https://www1.mbrace.or.jp/od2/B/202608/b260826.lzh,2026-10-03T18:33:43.417805+09:00
20260826,15,丸亀,9,20260826-15-09,6,4079,出畑孝典,47,福岡,53.0,A2,5.9,38.19,6.87,55.26,16,33.49,26,42.86,1 52,4,https://www1.mbrace.or.jp/od2/B/202608/b260826.lzh,2026-10-03T18:33:43.417805+09:00
20260826,15,丸亀,10,20260826-15-10,1,4391,松田祐季,40,福井,50.0,A1,7.01,54.84,6.17,41.46,29,45.95,47,32.14,5133,4,https://www1.mbrace.or.jp/od2/B/202608/b260826.lzh,2026-10-03T18:33:43.417805+09:00
20260826,15,丸亀,10,20260826-15-10,2,3915,繁野谷圭,52,大阪,52.0,A2,5.96,39.64,5.44,31.25,2,34.26,3,34.38,1125,,https://www1.mbrace.or.jp/od2/B/202608/b260826.lzh,2026-10-03T18:33:43.417805+09:00
20260826,15,丸亀,10,20260826-15-10,3,3679,飯島昌弘,53,埼玉,53.0,A2,6.85,51.85,7.23,53.85,22,30.94,8,23.08,14S,2,https://www1.mbrace.or.jp/od2/B/202608/b260826.lzh,2026-10-03T18:33:43.417805+09:00
20260826,15,丸亀,10,20260826-15-10,4,4549,小林文彦,37,福岡,52.0,A2,6.35,47.06,5.97,29.73,27,36.53,40,34.62,335,5,https://www1.mbrace.or.jp/od2/B/202608/b260826.lzh,2026-10-03T18:33:43.417805+09:00
20260826,15,丸亀,10,20260826-15-10,5,5381,有山望,21,大阪,49.0,B1,3.76,11.9,2.53,6.67,41,30.18,32,14.81,1 5,1,https://www1.mbrace.or.jp/od2/B/202608/b260826.lzh,2026-10-03T18:33:43.417805+09:00
20260826,15,丸亀,10,20260826-15-10,6,4083,福島勇樹,47,東京,53.0,A1,7.29,60.15,6.85,59.26,35,29.91,1,43.33,1526,6,https://www1.mbrace.or.jp/od2/B/202608/b260826.lzh,2026-10-03T18:33:43.417805+09:00
20260826,15,丸亀,11,20260826-15-11,1,4931,木谷賢太,30,香川,54.0,A1,6.66,49.22,6.65,48.04,8,40.28,48,31.82,1311,7,https://www1.mbrace.or.jp/od2/B/202608/b260826.lzh,2026-10-03T18:33:43.417805+09:00
20260826,15,丸亀,11,20260826-15-11,2,4122,安東幸治,44,福岡,57.0,A2,5.58,35.16,6.29,47.06,51,33.74,65,30.0,2464,1,https://www1.mbrace.or.jp/od2/B/202608/b260826.lzh,2026-10-03T18:33:43.417805+09:00
20260826,15,丸亀,11,20260826-15-11,3,4416,三宅健太,39,広島,54.0,B1,5.47,37.62,4.87,16.67,15,38.18,25,39.39,441,3,https://www1.mbrace.or.jp/od2/B/202608/b260826.lzh,2026-10-03T18:33:43.417805+09:00
20260826,15,丸亀,11,20260826-15-11,4,4069,山本修一,46,岡山,53.0,A2,5.91,38.53,6.88,54.55,66,31.82,62,45.71,4554,6,https://www1.mbrace.or.jp/od2/B/202608/b260826.lzh,2026-10-03T18:33:43.417805+09:00
20260826,15,丸亀,11,20260826-15-11,5,5017,澤田尚也,27,滋賀,52.0,A1,6.71,52.27,6.54,45.71,36,36.63,4,26.67,4231,4,https://www1.mbrace.or.jp/od2/B/202608/b260826.lzh,2026-10-03T18:33:43.417805+09:00
20260826,15,丸亀,11,20260826-15-11,6,4528,黒井達矢,38,埼玉,55.0,A1,6.54,42.68,8.04,75.0,54,42.15,20,33.33,2411,5,https://www1.mbrace.or.jp/od2/B/202608/b260826.lzh,2026-10-03T18:33:43.417805+09:00
20260826,15,丸亀,12,20260826-15-12,1,4019,笠原亮,46,静岡,52.0,A1,7.03,53.98,5.72,24.14,40,31.36,30,10.71,4224,6,https://www1.mbrace.or.jp/od2/B/202608/b260826.lzh,2026-10-03T18:33:43.417805+09:00
20260826,15,丸亀,12,20260826-15-12,2,4296,岡崎恭裕,39,福岡,52.0,A2,6.33,42.86,8.12,64.71,7,42.01,15,29.63,3322,4,https://www1.mbrace.or.jp/od2/B/202608/b260826.lzh,2026-10-03T18:33:43.417805+09:00
20260826,15,丸亀,12,20260826-15-12,3,3643,米田隆弘,54,岡山,54.0,B1,5.35,32.61,5.25,30.56,45,39.41,50,25.81,334,3,https://www1.mbrace.or.jp/od2/B/202608/b260826.lzh,2026-10-03T18:33:43.417805+09:00
20260826,15,丸亀,12,20260826-15-12,4,4743,木村仁紀,33,滋賀,55.0,A1,6.19,39.47,6.59,46.88,52,39.6,36,31.03,2235,7,https://www1.mbrace.or.jp/od2/B/202608/b260826.lzh,2026-10-03T18:33:43.417805+09:00
20260826,15,丸亀,12,20260826-15-12,5,3574,大神康司,54,福岡,54.0,A1,6.06,46.85,5.09,32.08,12,36.45,27,51.52,3236,5,https://www1.mbrace.or.jp/od2/B/202608/b260826.lzh,2026-10-03T18:33:43.417805+09:00
20260826,15,丸亀,12,20260826-15-12,6,5257,西丸侑太,22,香川,53.0,A1,6.37,44.0,5.69,36.0,14,34.58,9,26.67,4122,8,https://www1.mbrace.or.jp/od2/B/202608/b260826.lzh,2026-10-03T18:33:43.417805+09:00
20260826,14,鳴門,1,20260826-14-01,1,4184,渡邊雄一,40,大阪,52.0,A1,7.12,54.84,6.98,45.45,80,25.64,17,36.23,,11,https://www1.mbrace.or.jp/od2/B/202608/b260826.lzh,2026-10-03T18:33:43.417805+09:00
20260826,14,鳴門,1,20260826-14-01,2,4744,伊藤玲奈,33,福岡,47.0,B1,4.54,22.5,4.14,0.0,29,49.38,59,40.0,,6,https://www1.mbrace.or.jp/od2/B/202608/b260826.lzh,2026-10-03T18:33:43.417805+09:00
20260826,14,鳴門,1,20260826-14-01,3,4390,松本弓雄,40,徳島,52.0,B1,4.19,19.66,4.54,22.54,69,32.86,24,33.82,,7,https://www1.mbrace.or.jp/od2/B/202608/b260826.lzh,2026-10-03T18:33:43.417805+09:00
20260826,14,鳴門,1,20260826-14-01,4,5204,宇恵有香,29,三重,46.0,B2,4.53,20.65,4.06,9.68,73,19.05,70,38.57,,8,https://www1.mbrace.or.jp/od2/B/202608/b260826.lzh,2026-10-03T18:33:43.417805+09:00
20260826,14,鳴門,1,20260826-14-01,5,5115,香川颯太,26,滋賀,52.0,B1,5.64,38.78,5.76,40.0,34,31.58,27,33.85,,9,https://www1.mbrace.or.jp/od2/B/202608/b260826.lzh,2026-10-03T18:33:43.417805+09:00
20260826,14,鳴門,1,20260826-14-01,6,4410,井上大輔,40,岡山,51.0,B1,4.42,23.89,5.13,25.0,72,32.35,80,12.73,,,https://www1.mbrace.or.jp/od2/B/202608/b260826.lzh,2026-10-03T18:33:43.417805+09:00
20260826,14,鳴門,2,20260826-14-02,1,4499,滝川真由,38,長崎,45.0,B1,5.13,28.0,0.0,0.0,77,32.88,69,29.58,,7,https://www1.mbrace.or.jp/od2/B/202608/b260826.lzh,2026-10-03T18:33:43.417805+09:00
20260826,14,鳴門,2,20260826-14-02,2,5217,藤原碧生,26,岡山,52.0,A1,5.9,35.42,6.26,36.84,15,54.05,79,21.31,,9,https://www1.mbrace.or.jp/od2/B/202608/b260826.lzh,2026-10-03T18:33:43.417805+09:00
20260826,14,鳴門,2,20260826-14-02,3,3975,小野寺智,49,香川,52.0,A2,5.57,34.48,6.74,47.83,84,22.58,77,48.44,,8,https://www1.mbrace.or.jp/od2/B/202608/b260826.lzh,2026-10-03T18:33:43.417805+09:00
20260826,14,鳴門,2,20260826-14-02,4,3868,尾形栄治,51,東京,56.0,B1,4.82,26.32,2.44,0.0,74,30.43,26,33.8,,10,https://www1.mbrace.or.jp/od2/B/202608/b260826.lzh,2026-10-03T18:33:43.417805+09:00
20260826,14,鳴門,2,20260826-14-02,5,4579,中嶋健一,37,三重,53.0,A2,6.09,38.94,0.0,0.0,52,40.3,75,42.25,,11,https://www1.mbrace.or.jp/od2/B/202608/b260826.lzh,2026-10-03T18:33:43.417805+09:00
20260826,14,鳴門,2,20260826-14-02,6,4462,夏山亮平,40,大阪,58.0,B1,5.0,32.39,6.11,42.11,57,42.03,20,25.0,,,https://www1.mbrace.or.jp/od2/B/202608/b260826.lzh,2026-10-03T18:33:43.417805+09:00
20260826,14,鳴門,3,20260826-14-03,1,3983,須藤博倫,48,埼玉,52.0,A1,6.86,50.79,0.0,0.0,37,46.48,14,32.81,,11,https://www1.mbrace.or.jp/od2/B/202608/b260826.lzh,2026-10-03T18:33:43.417805+09:00
20260826,14,鳴門,3,20260826-14-03,2,4891,寺島美里,36,東京,46.0,B1,4.9,27.5,5.46,37.5,18,32.89,16,42.86,,7,https://www1.mbrace.or.jp/od2/B/202608/b260826.lzh,2026-10-03T18:33:43.417805+09:00
20260826,14,鳴門,3,20260826-14-03,3,5200,筒井美琴,24,福岡,48.0,B2,2.03,0.0,2.14,4.55,31,38.89,12,34.21,,,https://www1.mbrace.or.jp/od2/B/202608/b260826.lzh,2026-10-03T18:33:43.417805+09:00
20260826,14,鳴門,3,20260826-14-03,4,4210,松村康太,43,福井,54.0,A2,5.24,27.42,6.73,54.55,28,23.33,54,41.18,,10,https://www1.mbrace.or.jp/od2/B/202608/b260826.lzh,2026-10-03T18:33:43.417805+09:00
20260826,14,鳴門,3,20260826-14-03,5,5015,高橋竜矢,28,広島,52.0,A1,6.88,55.75,6.85,50.0,13,26.98,32,32.31,,12,https://www1.mbrace.or.jp/od2/B/202608/b260826.lzh,2026-10-03T18:33:43.417805+09:00
20260826,14,鳴門,3,20260826-14-03,6,4423,坂口貴彦,37,岡山,56.0,B1,6.02,41.44,4.6,28.0,10,23.81,13,37.68,,8,https://www1.mbrace.or.jp/od2/B/202608/b260826.lzh,2026-10-03T18:33:43.417805+09:00
20260826,14,鳴門,4,20260826-14-04,1,4298,宮下元胤,43,愛知,54.0,A2,5.89,40.15,5.75,37.5,30,39.71,72,35.9,,,https://www1.mbrace.or.jp/od2/B/202608/b260826.lzh,2026-10-03T18:33:43.417805+09:00
20260826,14,鳴門,4,20260826-14-04,2,4811,向井田佑,37,広島,50.0,B1,4.86,27.97,4.61,28.26,78,35.71,25,20.97,,10,https://www1.mbrace.or.jp/od2/B/202608/b260826.lzh,2026-10-03T18:33:43.417805+09:00
20260826,14,鳴門,4,20260826-14-04,3,5282,中本大樹,23,福井,54.0,B1,5.53,38.98,3.56,18.75,75,24.62,53,52.7,,8,https://www1.mbrace.or.jp/od2/B/202608/b260826.lzh,2026-10-03T18:33:43.417805+09:00
20260826,14,鳴門,4,20260826-14-04,4,4397,西村拓也,39,大阪,52.0,A1,7.41,60.45,0.0,0.0,60,26.23,28,40.28,,12,https://www1.mbrace.or.jp/od2/B/202608/b260826.lzh,2026-10-03T18:33:43.417805+09:00
20260826,14,鳴門,4,20260826-14-04,5,4645,上村純一,46,群馬,53.0,A1,6.42,45.04,7.1,70.0,82,62.32,11,38.46,,9,https://www1.mbrace.or.jp/od2/B/202608/b260826.lzh,2026-10-03T18:33:43.417805+09:00
20260826,14,鳴門,4,20260826-14-04,6,3604,武藤綾子,55,福岡,49.0,B1,4.35,18.09,4.81,29.63,39,14.71,83,40.0,,,https://www1.mbrace.or.jp/od2/B/202608/b260826.lzh,2026-10-03T18:33:43.417805+09:00
20260826,14,鳴門,5,20260826-14-05,1,4637,中田友也,36,埼玉,57.0,A2,5.61,40.26,5.45,45.45,25,30.77,63,27.69,,10,https://www1.mbrace.or.jp/od2/B/202608/b260826.lzh,2026-10-03T18:33:43.417805+09:00
20260826,14,鳴門,5,20260826-14-05,2,5008,羽野諒,29,福岡,53.0,B1,4.67,21.79,4.48,21.74,21,22.58,21,39.19,,,https://www1.mbrace.or.jp/od2/B/202608/b260826.lzh,2026-10-03T18:33:43.417805+09:00
20260826,14,鳴門,5,20260826-14-05,3,4305,金子拓矢,42,群馬,54.0,A1,6.67,49.02,0.0,0.0,53,22.41,55,27.14,,12,https://www1.mbrace.or.jp/od2/B/202608/b260826.lzh,2026-10-03T18:33:43.417805+09:00
20260826,14,鳴門,5,20260826-14-05,4,4408,仁科さや,40,長崎,48.0,B1,3.51,18.6,2.78,11.11,50,40.54,33,57.35,,,https://www1.mbrace.or.jp/od2/B/202608/b260826.lzh,2026-10-03T18:33:43.417805+09:00
20260826,14,鳴門,5,20260826-14-05,5,4452,松尾祭,38,香川,53.0,A2,5.31,35.83,6.16,42.86,63,32.89,36,22.06,,11,https://www1.mbrace.or.jp/od2/B/202608/b260826.lzh,2026-10-03T18:33:43.417805+09:00
20260826,14,鳴門,5,20260826-14-05,6,3901,松田憲幸,49,山口,53.0,B2,4.62,30.4,5.71,28.57,14,42.67,71,25.0,,,https://www1.mbrace.or.jp/od2/B/202608/b260826.lzh,2026-10-03T18:33:43.417805+09:00
20260826,14,鳴門,6,20260826-14-06,1,3863,海老澤泰,52,東京,58.0,B1,4.57,23.23,5.27,33.33,36,23.94,74,41.79,,,https://www1.mbrace.or.jp/od2/B/202608/b260826.lzh,2026-10-03T18:33:43.417805+09:00
20260826,14,鳴門,6,20260826-14-06,2,4448,青木玄太,39,滋賀,52.0,A1,7.22,58.4,7.2,50.0,20,36.62,78,32.89,,10,https://www1.mbrace.or.jp/od2/B/202608/b260826.lzh,2026-10-03T18:33:43.417805+09:00
20260826,14,鳴門,6,20260826-14-06,3,4052,興津藍,45,徳島,49.0,A2,5.5,37.19,5.91,40.78,22,29.63,37,38.24,,11,https://www1.mbrace.or.jp/od2/B/202608/b260826.lzh,2026-10-03T18:33:43.417805+09:00
20260826,14,鳴門,6,20260826-14-06,4,3848,川上聡介,49,愛知,57.0,B1,4.75,31.31,4.71,14.29,83,23.94,73,20.31,,,https://www1.mbrace.or.jp/od2/B/202608/b260826.lzh,2026-10-03T18:33:43.417805+09:00
20260826,14,鳴門,6,20260826-14-06,5,4744,伊藤玲奈,33,福岡,47.0,B1,4.54,22.5,4.14,0.0,29,49.38,59,40.0,,1,https://www1.mbrace.or.jp/od2/B/202608/b260826.lzh,2026-10-03T18:33:43.417805+09:00
20260826,14,鳴門,6,20260826-14-06,6,4772,石丸海渡,33,香川,54.0,A1,6.97,54.39,6.83,44.44,66,40.85,31,28.57,,12,https://www1.mbrace.or.jp/od2/B/202608/b260826.lzh,2026-10-03T18:33:43.417805+09:00
20260826,14,鳴門,7,20260826-14-07,1,4390,松本弓雄,40,徳島,52.0,B1,4.19,19.66,4.54,22.54,69,32.86,24,33.82,,1,https://www1.mbrace.or.jp/od2/B/202608/b260826.lzh,2026-10-03T18:33:43.417805+09:00
20260826,14,鳴門,7,20260826-14-07,2,4856,豊田健士,30,三重,52.0,A1,7.22,55.07,6.11,33.33,64,30.3,10,46.58,,12,https://www1.mbrace.or.jp/od2/B/202608/b260826.lzh,2026-10-03T18:33:43.417805+09:00
20260826,14,鳴門,7,20260826-14-07,3,4499,滝川真由,38,長崎,45.0,B1,5.13,28.0,0.0,0.0,77,32.88,69,29.58,,2,https://www1.mbrace.or.jp/od2/B/202608/b260826.lzh,2026-10-03T18:33:43.417805+09:00
20260826,14,鳴門,7,20260826-14-07,4,5106,山崎祥,27,山口,51.0,A2,5.47,32.35,5.53,30.0,38,33.33,22,24.64,,11,https://www1.mbrace.or.jp/od2/B/202608/b260826.lzh,2026-10-03T18:33:43.417805+09:00
20260826,14,鳴門,7,20260826-14-07,5,4891,寺島美里,36,東京,46.0,B1,4.9,27.5,5.46,37.5,18,32.89,16,42.86,,3,https://www1.mbrace.or.jp/od2/B/202608/b260826.lzh,2026-10-03T18:33:43.417805+09:00
20260826,14,鳴門,7,20260826-14-07,6,4675,井手良太,38,大阪,51.0,A2,6.09,41.77,4.4,22.86,81,26.56,23,31.94,,,https://www1.mbrace.or.jp/od2/B/202608/b260826.lzh,2026-10-03T18:33:43.417805+09:00
20260826,14,鳴門,8,20260826-14-08,1,4359,横川聖志,41,徳島,58.0,A2,5.38,35.42,5.65,36.69,17,28.38,52,34.29,,,https://www1.mbrace.or.jp/od2/B/202608/b260826.lzh,2026-10-03T18:33:43.417805+09:00
20260826,14,鳴門,8,20260826-14-08,2,4423,坂口貴彦,37,岡山,56.0,B1,6.02,41.44,4.6,28.0,10,23.81,13,37.68,,3,https://www1.mbrace.or.jp/od2/B/202608/b260826.lzh,2026-10-03T18:33:43.417805+09:00
20260826,14,鳴門,8,20260826-14-08,3,4908,上田龍星,31,大阪,53.0,A1,7.0,46.4,4.78,22.22,67,39.06,81,32.89,,12,https://www1.mbrace.or.jp/od2/B/202608/b260826.lzh,2026-10-03T18:33:43.417805+09:00
20260826,14,鳴門,8,20260826-14-08,4,5282,中本大樹,23,福井,54.0,B1,5.53,38.98,3.56,18.75,75,24.62,53,52.7,,4,https://www1.mbrace.or.jp/od2/B/202608/b260826.lzh,2026-10-03T18:33:43.417805+09:00
20260826,14,鳴門,8,20260826-14-08,5,5204,宇恵有香,29,三重,46.0,B2,4.53,20.65,4.06,9.68,73,19.05,70,38.57,,1,https://www1.mbrace.or.jp/od2/B/202608/b260826.lzh,2026-10-03T18:33:43.417805+09:00
20260826,14,鳴門,8,20260826-14-08,6,3975,小野寺智,49,香川,52.0,A2,5.57,34.48,6.74,47.83,84,22.58,77,48.44,,2,https://www1.mbrace.or.jp/od2/B/202608/b260826.lzh,2026-10-03T18:33:43.417805+09:00
20260826,14,鳴門,9,20260826-14-09,1,3977,山本兼士,49,大阪,53.0,B1,4.2,14.42,4.51,20.0,55,36.76,29,42.25,,,https://www1.mbrace.or.jp/od2/B/202608/b260826.lzh,2026-10-03T18:33:43.417805+09:00
20260826,14,鳴門,9,20260826-14-09,2,4645,上村純一,46,群馬,53.0,A1,6.42,45.04,7.1,70.0,82,62.32,11,38.46,,4,https://www1.mbrace.or.jp/od2/B/202608/b260826.lzh,2026-10-03T18:33:43.417805+09:00
20260826,14,鳴門,9,20260826-14-09,3,5265,大廣咲季,26,香川,45.0,B1,3.69,15.53,2.17,6.38,19,39.73,64,33.33,,,https://www1.mbrace.or.jp/od2/B/202608/b260826.lzh,2026-10-03T18:33:43.417805+09:00
20260826,14,鳴門,9,20260826-14-09,4,5115,香川颯太,26,滋賀,52.0,B1,5.64,38.78,5.76,40.0,34,31.58,27,33.85,,1,https://www1.mbrace.or.jp/od2/B/202608/b260826.lzh,2026-10-03T18:33:43.417805+09:00
20260826,14,鳴門,9,20260826-14-09,5,4861,田中宏樹,38,福岡,53.0,A2,5.2,27.93,5.57,28.57,68,25.37,51,32.89,,,https://www1.mbrace.or.jp/od2/B/202608/b260826.lzh,2026-10-03T18:33:43.417805+09:00
20260826,14,鳴門,9,20260826-14-09,6,5217,藤原碧生,26,岡山,52.0,A1,5.9,35.42,6.26,36.84,15,54.05,79,21.31,,2,https://www1.mbrace.or.jp/od2/B/202608/b260826.lzh,2026-10-03T18:33:43.417805+09:00
20260826,14,鳴門,10,20260826-14-10,1,3868,尾形栄治,51,東京,56.0,B1,4.82,26.32,2.44,0.0,74,30.43,26,33.8,,2,https://www1.mbrace.or.jp/od2/B/202608/b260826.lzh,2026-10-03T18:33:43.417805+09:00
20260826,14,鳴門,10,20260826-14-10,2,4210,松村康太,43,福井,54.0,A2,5.24,27.42,6.73,54.55,28,23.33,54,41.18,,3,https://www1.mbrace.or.jp/od2/B/202608/b260826.lzh,2026-10-03T18:33:43.417805+09:00
20260826,14,鳴門,10,20260826-14-10,3,5326,三嶌さら,22,香川,47.0,B1,5.03,31.58,2.87,7.89,62,38.03,57,20.34,,,https://www1.mbrace.or.jp/od2/B/202608/b260826.lzh,2026-10-03T18:33:43.417805+09:00
20260826,14,鳴門,10,20260826-14-10,4,4637,中田友也,36,埼玉,57.0,A2,5.61,40.26,5.45,45.45,25,30.77,63,27.69,,5,https://www1.mbrace.or.jp/od2/B/202608/b260826.lzh,2026-10-03T18:33:43.417805+09:00
20260826,14,鳴門,10,20260826-14-10,5,4448,青木玄太,39,滋賀,52.0,A1,7.22,58.4,7.2,50.0,20,36.62,78,32.89,,6,https://www1.mbrace.or.jp/od2/B/202608/b260826.lzh,2026-10-03T18:33:43.417805+09:00
20260826,14,鳴門,10,20260826-14-10,6,4811,向井田佑,37,広島,50.0,B1,4.86,27.97,4.61,28.26,78,35.71,25,20.97,,4,https://www1.mbrace.or.jp/od2/B/202608/b260826.lzh,2026-10-03T18:33:43.417805+09:00
20260826,14,鳴門,11,20260826-14-11,1,4579,中嶋健一,37,三重,53.0,A2,6.09,38.94,0.0,0.0,52,40.3,75,42.25,,2,https://www1.mbrace.or.jp/od2/B/202608/b260826.lzh,2026-10-03T18:33:43.417805+09:00
20260826,14,鳴門,11,20260826-14-11,2,4452,松尾祭,38,香川,53.0,A2,5.31,35.83,6.16,42.86,63,32.89,36,22.06,,5,https://www1.mbrace.or.jp/od2/B/202608/b260826.lzh,2026-10-03T18:33:43.417805+09:00
20260826,14,鳴門,11,20260826-14-11,3,3983,須藤博倫,48,埼玉,52.0,A1,6.86,50.79,0.0,0.0,37,46.48,14,32.81,,3,https://www1.mbrace.or.jp/od2/B/202608/b260826.lzh,2026-10-03T18:33:43.417805+09:00
20260826,14,鳴門,11,20260826-14-11,4,4184,渡邊雄一,40,大阪,52.0,A1,7.12,54.84,6.98,45.45,80,25.64,17,36.23,,1,https://www1.mbrace.or.jp/od2/B/202608/b260826.lzh,2026-10-03T18:33:43.417805+09:00
20260826,14,鳴門,11,20260826-14-11,5,4052,興津藍,45,徳島,49.0,A2,5.5,37.19,5.91,40.78,22,29.63,37,38.24,,6,https://www1.mbrace.or.jp/od2/B/202608/b260826.lzh,2026-10-03T18:33:43.417805+09:00
20260826,14,鳴門,11,20260826-14-11,6,5106,山崎祥,27,山口,51.0,A2,5.47,32.35,5.53,30.0,38,33.33,22,24.64,,7,https://www1.mbrace.or.jp/od2/B/202608/b260826.lzh,2026-10-03T18:33:43.417805+09:00
20260826,14,鳴門,12,20260826-14-12,1,4397,西村拓也,39,大阪,52.0,A1,7.41,60.45,0.0,0.0,60,26.23,28,40.28,,4,https://www1.mbrace.or.jp/od2/B/202608/b260826.lzh,2026-10-03T18:33:43.417805+09:00
20260826,14,鳴門,12,20260826-14-12,2,4772,石丸海渡,33,香川,54.0,A1,6.97,54.39,6.83,44.44,66,40.85,31,28.57,,6,https://www1.mbrace.or.jp/od2/B/202608/b260826.lzh,2026-10-03T18:33:43.417805+09:00
20260826,14,鳴門,12,20260826-14-12,3,5015,高橋竜矢,28,広島,52.0,A1,6.88,55.75,6.85,50.0,13,26.98,32,32.31,,3,https://www1.mbrace.or.jp/od2/B/202608/b260826.lzh,2026-10-03T18:33:43.417805+09:00
20260826,14,鳴門,12,20260826-14-12,4,4856,豊田健士,30,三重,52.0,A1,7.22,55.07,6.11,33.33,64,30.3,10,46.58,,7,https://www1.mbrace.or.jp/od2/B/202608/b260826.lzh,2026-10-03T18:33:43.417805+09:00
20260826,14,鳴門,12,20260826-14-12,5,4908,上田龍星,31,大阪,53.0,A1,7.0,46.4,4.78,22.22,67,39.06,81,32.89,,8,https://www1.mbrace.or.jp/od2/B/202608/b260826.lzh,2026-10-03T18:33:43.417805+09:00
20260826,14,鳴門,12,20260826-14-12,6,4305,金子拓矢,42,群馬,54.0,A1,6.67,49.02,0.0,0.0,53,22.41,55,27.14,,5,https://www1.mbrace.or.jp/od2/B/202608/b260826.lzh,2026-10-03T18:33:43.417805+09:00
20260826,13,尼崎,1,20260826-13-01,1,4035,杉江浩明,47,愛知,51.0,B1,3.81,22.13,3.43,16.67,25,41.49,67,27.37,6 56,,https://www1.mbrace.or.jp/od2/B/202608/b260826.lzh,2026-10-03T18:33:43.417805+09:00
20260826,13,尼崎,1,20260826-13-01,2,5355,萩原丈太,21,福井,56.0,B1,2.19,3.9,1.44,0.0,35,40.0,18,33.71,6 51,9,https://www1.mbrace.or.jp/od2/B/202608/b260826.lzh,2026-10-03T18:33:43.417805+09:00
20260826,13,尼崎,1,20260826-13-01,3,5112,砂長知輝,26,埼玉,53.0,A1,6.98,52.94,6.05,45.45,63,41.05,28,21.43,223,11,https://www1.mbrace.or.jp/od2/B/202608/b260826.lzh,2026-10-03T18:33:43.417805+09:00
20260826,13,尼崎,1,20260826-13-01,4,5332,村松遥輝,22,静岡,51.0,B1,3.74,16.88,3.22,8.7,1,35.42,51,27.27,5 46,,https://www1.mbrace.or.jp/od2/B/202608/b260826.lzh,2026-10-03T18:33:43.417805+09:00
20260826,13,尼崎,1,20260826-13-01,5,4854,大橋由珠,31,東京,43.0,B2,4.17,19.15,0.0,0.0,3,37.36,14,30.43,6 26,8,https://www1.mbrace.or.jp/od2/B/202608/b260826.lzh,2026-10-03T18:33:43.417805+09:00
20260826,13,尼崎,1,20260826-13-01,6,4449,中嶋達也,39,兵庫,52.0,B1,4.1,22.83,3.75,19.0,59,20.25,35,38.14,4 65,,https://www1.mbrace.or.jp/od2/B/202608/b260826.lzh,2026-10-03T18:33:43.417805+09:00
20260826,13,尼崎,2,20260826-13-02,1,4382,高山智至,41,滋賀,55.0,B1,4.45,19.19,4.76,26.47,8,35.11,38,37.78,432,12,https://www1.mbrace.or.jp/od2/B/202608/b260826.lzh,2026-10-03T18:33:43.417805+09:00
20260826,13,尼崎,2,20260826-13-02,2,4640,山ノ内雅,35,福岡,53.0,A2,5.8,37.59,5.46,35.71,20,23.71,20,30.0,1 45,8,https://www1.mbrace.or.jp/od2/B/202608/b260826.lzh,2026-10-03T18:33:43.417805+09:00
20260826,13,尼崎,2,20260826-13-02,3,5256,中山翔太,22,三重,53.0,A1,6.14,47.96,6.95,60.0,49,28.57,26,46.74,451,10,https://www1.mbrace.or.jp/od2/B/202608/b260826.lzh,2026-10-03T18:33:43.417805+09:00
20260826,13,尼崎,2,20260826-13-02,4,5380,野田亜湖,22,徳島,52.0,B2,1.23,0.0,0.0,0.0,58,23.17,30,39.13,6 56,,https://www1.mbrace.or.jp/od2/B/202608/b260826.lzh,2026-10-03T18:33:43.417805+09:00
20260826,13,尼崎,2,20260826-13-02,5,3866,木山誠一,51,岡山,54.0,B1,4.8,29.67,0.0,0.0,28,26.97,63,27.47,451,7,https://www1.mbrace.or.jp/od2/B/202608/b260826.lzh,2026-10-03T18:33:43.417805+09:00
20260826,13,尼崎,2,20260826-13-02,6,5013,山下夏鈴,29,三重,44.0,B1,5.45,34.74,5.43,36.67,37,39.13,74,40.86,2 14,11,https://www1.mbrace.or.jp/od2/B/202608/b260826.lzh,2026-10-03T18:33:43.417805+09:00
20260826,13,尼崎,3,20260826-13-03,1,3934,鋤柄貴俊,49,愛知,53.0,B1,5.01,24.09,5.41,31.82,17,38.89,59,37.63,2 25,11,https://www1.mbrace.or.jp/od2/B/202608/b260826.lzh,2026-10-03T18:33:43.417805+09:00
20260826,13,尼崎,3,20260826-13-03,2,4619,伏田裕隆,43,東京,52.0,B1,5.55,40.52,4.3,24.24,47,24.14,52,26.88,366,,https://www1.mbrace.or.jp/od2/B/202608/b260826.lzh,2026-10-03T18:33:43.417805+09:00
20260826,13,尼崎,3,20260826-13-03,3,4447,深川麻奈,39,福岡,49.0,B1,5.72,36.11,4.73,34.62,4,52.33,23,31.82,123,12,https://www1.mbrace.or.jp/od2/B/202608/b260826.lzh,2026-10-03T18:33:43.417805+09:00
20260826,13,尼崎,3,20260826-13-03,4,4411,沢田昭宏,40,大阪,54.0,A2,5.7,37.67,5.11,37.04,51,23.16,17,22.35,4 44,8,https://www1.mbrace.or.jp/od2/B/202608/b260826.lzh,2026-10-03T18:33:43.417805+09:00
20260826,13,尼崎,3,20260826-13-03,5,5330,安河内鈴,22,福岡,52.0,A2,6.56,51.2,6.21,50.0,16,42.71,43,45.56,156,9,https://www1.mbrace.or.jp/od2/B/202608/b260826.lzh,2026-10-03T18:33:43.417805+09:00
20260826,13,尼崎,3,20260826-13-03,6,4565,西村豪洋,38,愛知,56.0,B1,3.95,14.81,4.47,23.53,54,44.09,62,29.03,4 15,10,https://www1.mbrace.or.jp/od2/B/202608/b260826.lzh,2026-10-03T18:33:43.417805+09:00
20260826,13,尼崎,4,20260826-13-04,1,4281,大澤大夢,42,埼玉,52.0,B1,5.12,29.7,4.27,26.92,11,33.68,27,14.46,6 32,9,https://www1.mbrace.or.jp/od2/B/202608/b260826.lzh,2026-10-03T18:33:43.417805+09:00
20260826,13,尼崎,4,20260826-13-04,2,3999,大瀧明日,47,愛知,46.0,A2,6.34,48.82,5.53,33.33,44,37.5,50,32.63,363,11,https://www1.mbrace.or.jp/od2/B/202608/b260826.lzh,2026-10-03T18:33:43.417805+09:00
20260826,13,尼崎,4,20260826-13-04,3,4314,青木幸太,42,福岡,52.0,A2,5.81,39.18,4.91,26.09,32,37.63,47,23.91,6 52,10,https://www1.mbrace.or.jp/od2/B/202608/b260826.lzh,2026-10-03T18:33:43.417805+09:00
20260826,13,尼崎,4,20260826-13-04,4,3852,澤大介,53,三重,52.0,B1,4.67,22.83,4.98,25.0,61,45.92,16,19.78,241,8,https://www1.mbrace.or.jp/od2/B/202608/b260826.lzh,2026-10-03T18:33:43.417805+09:00
20260826,13,尼崎,4,20260826-13-04,5,5463,出口飛龍,19,大阪,53.0,B2,1.19,0.0,0.0,0.0,18,43.16,15,34.74,5 66,,https://www1.mbrace.or.jp/od2/B/202608/b260826.lzh,2026-10-03T18:33:43.417805+09:00
20260826,13,尼崎,4,20260826-13-04,6,4055,吉田俊彦,48,兵庫,52.0,A2,6.64,50.34,6.63,49.33,23,51.61,34,38.78,212,12,https://www1.mbrace.or.jp/od2/B/202608/b260826.lzh,2026-10-03T18:33:43.417805+09:00
20260826,13,尼崎,5,20260826-13-05,1,4566,塩田北斗,38,福岡,55.0,A1,6.69,40.48,6.75,58.33,52,20.22,68,22.37,422,11,https://www1.mbrace.or.jp/od2/B/202608/b260826.lzh,2026-10-03T18:33:43.417805+09:00
20260826,13,尼崎,5,20260826-13-05,2,3988,古川誠之,48,愛知,57.0,A2,6.21,40.5,6.4,48.0,2,35.05,37,38.64,4 41,12,https://www1.mbrace.or.jp/od2/B/202608/b260826.lzh,2026-10-03T18:33:43.417805+09:00
20260826,13,尼崎,5,20260826-13-05,3,3796,長野道臣,53,静岡,55.0,B1,4.27,25.24,5.56,44.0,42,19.1,32,31.58,654,,https://www1.mbrace.or.jp/od2/B/202608/b260826.lzh,2026-10-03T18:33:43.417805+09:00
20260826,13,尼崎,5,20260826-13-05,4,5175,島崎丈一,22,東京,52.0,B1,4.94,23.17,3.44,11.11,15,43.16,53,32.98,5 45,,https://www1.mbrace.or.jp/od2/B/202608/b260826.lzh,2026-10-03T18:33:43.417805+09:00
20260826,13,尼崎,5,20260826-13-05,5,5310,土屋蘭,21,岡山,46.0,B1,4.47,14.71,4.75,25.0,56,50.55,11,26.19,132,10,https://www1.mbrace.or.jp/od2/B/202608/b260826.lzh,2026-10-03T18:33:43.417805+09:00
20260826,13,尼崎,5,20260826-13-05,6,4656,大崎翔,39,兵庫,57.0,A2,4.95,31.18,4.78,26.39,6,20.45,40,24.18,5 24,9,https://www1.mbrace.or.jp/od2/B/202608/b260826.lzh,2026-10-03T18:33:43.417805+09:00
20260826,13,尼崎,6,20260826-13-06,1,4415,下出卓矢,39,福井,56.0,A1,6.01,46.96,6.45,46.43,13,41.3,64,35.87,534,10,https://www1.mbrace.or.jp/od2/B/202608/b260826.lzh,2026-10-03T18:33:43.417805+09:00
20260826,13,尼崎,6,20260826-13-06,2,4182,吉田和仁,42,滋賀,56.0,B1,4.85,30.33,4.5,26.92,38,23.6,33,35.11,3 36,,https://www1.mbrace.or.jp/od2/B/202608/b260826.lzh,2026-10-03T18:33:43.417805+09:00
20260826,13,尼崎,6,20260826-13-06,3,4568,廣瀬真也,38,東京,50.0,B1,5.3,32.17,5.75,25.0,34,29.79,61,27.96,312,11,https://www1.mbrace.or.jp/od2/B/202608/b260826.lzh,2026-10-03T18:33:43.417805+09:00
20260826,13,尼崎,6,20260826-13-06,4,4044,湯川浩司,46,大阪,52.0,A1,6.63,40.0,6.56,42.31,12,46.39,60,31.4,243,12,https://www1.mbrace.or.jp/od2/B/202608/b260826.lzh,2026-10-03T18:33:43.417805+09:00
20260826,13,尼崎,6,20260826-13-06,5,5334,樫葉新心,22,徳島,45.0,B1,2.93,7.14,1.58,0.0,30,28.09,70,32.58,656,,https://www1.mbrace.or.jp/od2/B/202608/b260826.lzh,2026-10-03T18:33:43.417805+09:00
20260826,13,尼崎,6,20260826-13-06,6,5288,尾道佳諭,26,埼玉,53.0,B1,4.03,16.88,4.33,33.33,26,43.33,13,34.74,1 33,,https://www1.mbrace.or.jp/od2/B/202608/b260826.lzh,2026-10-03T18:33:43.417805+09:00
20260826,13,尼崎,7,20260826-13-07,1,3362,間嶋仁志,57,三重,55.0,B1,5.0,31.07,6.7,58.7,19,22.08,65,35.87,231,,https://www1.mbrace.or.jp/od2/B/202608/b260826.lzh,2026-10-03T18:33:43.417805+09:00
20260826,13,尼崎,7,20260826-13-07,2,4713,白神優,35,岡山,53.0,A1,6.63,46.67,6.16,48.39,57,34.04,56,46.07,3143,,https://www1.mbrace.or.jp/od2/B/202608/b260826.lzh,2026-10-03T18:33:43.417805+09:00
20260826,13,尼崎,7,20260826-13-07,3,4775,千葉真弥,32,静岡,47.0,A2,6.74,50.0,6.0,50.0,27,25.88,48,32.63,5456,,https://www1.mbrace.or.jp/od2/B/202608/b260826.lzh,2026-10-03T18:33:43.417805+09:00
20260826,13,尼崎,7,20260826-13-07,4,3866,木山誠一,51,岡山,54.0,B1,4.8,29.67,0.0,0.0,28,26.97,63,27.47,451,2,https://www1.mbrace.or.jp/od2/B/202608/b260826.lzh,2026-10-03T18:33:43.417805+09:00
20260826,13,尼崎,7,20260826-13-07,5,4468,大池佑来,39,東京,51.0,A1,7.17,58.49,6.0,22.22,45,36.17,42,35.56,333,12,https://www1.mbrace.or.jp/od2/B/202608/b260826.lzh,2026-10-03T18:33:43.417805+09:00
20260826,13,尼崎,7,20260826-13-07,6,4659,木下翔太,35,大阪,53.0,A1,7.42,52.27,7.1,45.0,39,45.26,19,37.5,1321,,https://www1.mbrace.or.jp/od2/B/202608/b260826.lzh,2026-10-03T18:33:43.417805+09:00
20260826,13,尼崎,8,20260826-13-08,1,4411,沢田昭宏,40,大阪,54.0,A2,5.7,37.67,5.11,37.04,51,23.16,17,22.35,4 44,3,https://www1.mbrace.or.jp/od2/B/202608/b260826.lzh,2026-10-03T18:33:43.417805+09:00
20260826,13,尼崎,8,20260826-13-08,2,3852,澤大介,53,三重,52.0,B1,4.67,22.83,4.98,25.0,61,45.92,16,19.78,241,4,https://www1.mbrace.or.jp/od2/B/202608/b260826.lzh,2026-10-03T18:33:43.417805+09:00
20260826,13,尼崎,8,20260826-13-08,3,4854,大橋由珠,31,東京,43.0,B2,4.17,19.15,0.0,0.0,3,37.36,14,30.43,6 26,1,https://www1.mbrace.or.jp/od2/B/202608/b260826.lzh,2026-10-03T18:33:43.417805+09:00
20260826,13,尼崎,8,20260826-13-08,4,4640,山ノ内雅,35,福岡,53.0,A2,5.8,37.59,5.46,35.71,20,23.71,20,30.0,1 45,2,https://www1.mbrace.or.jp/od2/B/202608/b260826.lzh,2026-10-03T18:33:43.417805+09:00
20260826,13,尼崎,8,20260826-13-08,5,5068,前田滉,26,愛知,51.0,A1,7.84,65.69,7.25,50.0,40,42.55,49,34.48,2651,,https://www1.mbrace.or.jp/od2/B/202608/b260826.lzh,2026-10-03T18:33:43.417805+09:00
20260826,13,尼崎,8,20260826-13-08,6,5004,河野主樹,30,大阪,52.0,A2,5.77,38.28,6.55,40.91,14,27.47,46,41.18,F 3,,https://www1.mbrace.or.jp/od2/B/202608/b260826.lzh,2026-10-03T18:33:43.417805+09:00
20260826,13,尼崎,9,20260826-13-09,1,5330,安河内鈴,22,福岡,52.0,A2,6.56,51.2,6.21,50.0,16,42.71,43,45.56,156,3,https://www1.mbrace.or.jp/od2/B/202608/b260826.lzh,2026-10-03T18:33:43.417805+09:00
20260826,13,尼崎,9,20260826-13-09,2,4656,大崎翔,39,兵庫,57.0,A2,4.95,31.18,4.78,26.39,6,20.45,40,24.18,5 24,5,https://www1.mbrace.or.jp/od2/B/202608/b260826.lzh,2026-10-03T18:33:43.417805+09:00
20260826,13,尼崎,9,20260826-13-09,3,4281,大澤大夢,42,埼玉,52.0,B1,5.12,29.7,4.27,26.92,11,33.68,27,14.46,6 32,4,https://www1.mbrace.or.jp/od2/B/202608/b260826.lzh,2026-10-03T18:33:43.417805+09:00
20260826,13,尼崎,9,20260826-13-09,4,5355,萩原丈太,21,福井,56.0,B1,2.19,3.9,1.44,0.0,35,40.0,18,33.71,6 51,1,https://www1.mbrace.or.jp/od2/B/202608/b260826.lzh,2026-10-03T18:33:43.417805+09:00
20260826,13,尼崎,9,20260826-13-09,5,4804,高田ひか,32,三重,47.0,A1,6.27,44.35,6.1,60.0,31,30.61,12,31.52,1135,,https://www1.mbrace.or.jp/od2/B/202608/b260826.lzh,2026-10-03T18:33:43.417805+09:00
20260826,13,尼崎,9,20260826-13-09,6,4760,山崎郡,36,大阪,51.0,A1,7.55,53.24,8.13,65.22,46,25.88,73,41.3,4112,,https://www1.mbrace.or.jp/od2/B/202608/b260826.lzh,2026-10-03T18:33:43.417805+09:00
20260826,13,尼崎,10,20260826-13-10,1,4314,青木幸太,42,福岡,52.0,A2,5.81,39.18,4.91,26.09,32,37.63,47,23.91,6 52,4,https://www1.mbrace.or.jp/od2/B/202608/b260826.lzh,2026-10-03T18:33:43.417805+09:00
20260826,13,尼崎,10,20260826-13-10,2,4565,西村豪洋,38,愛知,56.0,B1,3.95,14.81,4.47,23.53,54,44.09,62,29.03,4 15,3,https://www1.mbrace.or.jp/od2/B/202608/b260826.lzh,2026-10-03T18:33:43.417805+09:00
20260826,13,尼崎,10,20260826-13-10,3,5310,土屋蘭,21,岡山,46.0,B1,4.47,14.71,4.75,25.0,56,50.55,11,26.19,132,5,https://www1.mbrace.or.jp/od2/B/202608/b260826.lzh,2026-10-03T18:33:43.417805+09:00
20260826,13,尼崎,10,20260826-13-10,4,4415,下出卓矢,39,福井,56.0,A1,6.01,46.96,6.45,46.43,13,41.3,64,35.87,534,6,https://www1.mbrace.or.jp/od2/B/202608/b260826.lzh,2026-10-03T18:33:43.417805+09:00
20260826,13,尼崎,10,20260826-13-10,5,5256,中山翔太,22,三重,53.0,A1,6.14,47.96,6.95,60.0,49,28.57,26,46.74,451,2,https://www1.mbrace.or.jp/od2/B/202608/b260826.lzh,2026-10-03T18:33:43.417805+09:00
20260826,13,尼崎,10,20260826-13-10,6,4137,君島秀三,45,滋賀,54.0,A1,6.53,46.85,6.14,38.1,22,20.0,66,26.6,5214,,https://www1.mbrace.or.jp/od2/B/202608/b260826.lzh,2026-10-03T18:33:43.417805+09:00
20260826,13,尼崎,11,20260826-13-11,1,5112,砂長知輝,26,埼玉,53.0,A1,6.98,52.94,6.05,45.45,63,41.05,28,21.43,223,1,https://www1.mbrace.or.jp/od2/B/202608/b260826.lzh,2026-10-03T18:33:43.417805+09:00
20260826,13,尼崎,11,20260826-13-11,2,5013,山下夏鈴,29,三重,44.0,B1,5.45,34.74,5.43,36.67,37,39.13,74,40.86,2 14,2,https://www1.mbrace.or.jp/od2/B/202608/b260826.lzh,2026-10-03T18:33:43.417805+09:00
20260826,13,尼崎,11,20260826-13-11,3,3999,大瀧明日,47,愛知,46.0,A2,6.34,48.82,5.53,33.33,44,37.5,50,32.63,363,4,https://www1.mbrace.or.jp/od2/B/202608/b260826.lzh,2026-10-03T18:33:43.417805+09:00
20260826,13,尼崎,11,20260826-13-11,4,4566,塩田北斗,38,福岡,55.0,A1,6.69,40.48,6.75,58.33,52,20.22,68,22.37,422,5,https://www1.mbrace.or.jp/od2/B/202608/b260826.lzh,2026-10-03T18:33:43.417805+09:00
20260826,13,尼崎,11,20260826-13-11,5,3934,鋤柄貴俊,49,愛知,53.0,B1,5.01,24.09,5.41,31.82,17,38.89,59,37.63,2 25,3,https://www1.mbrace.or.jp/od2/B/202608/b260826.lzh,2026-10-03T18:33:43.417805+09:00
20260826,13,尼崎,11,20260826-13-11,6,4568,廣瀬真也,38,東京,50.0,B1,5.3,32.17,5.75,25.0,34,29.79,61,27.96,312,6,https://www1.mbrace.or.jp/od2/B/202608/b260826.lzh,2026-10-03T18:33:43.417805+09:00
20260826,13,尼崎,12,20260826-13-12,1,4044,湯川浩司,46,大阪,52.0,A1,6.63,40.0,6.56,42.31,12,46.39,60,31.4,243,6,https://www1.mbrace.or.jp/od2/B/202608/b260826.lzh,2026-10-03T18:33:43.417805+09:00
20260826,13,尼崎,12,20260826-13-12,2,4055,吉田俊彦,48,兵庫,52.0,A2,6.64,50.34,6.63,49.33,23,51.61,34,38.78,212,4,https://www1.mbrace.or.jp/od2/B/202608/b260826.lzh,2026-10-03T18:33:43.417805+09:00
20260826,13,尼崎,12,20260826-13-12,3,4468,大池佑来,39,東京,51.0,A1,7.17,58.49,6.0,22.22,45,36.17,42,35.56,333,7,https://www1.mbrace.or.jp/od2/B/202608/b260826.lzh,2026-10-03T18:33:43.417805+09:00
20260826,13,尼崎,12,20260826-13-12,4,3988,古川誠之,48,愛知,57.0,A2,6.21,40.5,6.4,48.0,2,35.05,37,38.64,4 41,5,https://www1.mbrace.or.jp/od2/B/202608/b260826.lzh,2026-10-03T18:33:43.417805+09:00
20260826,13,尼崎,12,20260826-13-12,5,4382,高山智至,41,滋賀,55.0,B1,4.45,19.19,4.76,26.47,8,35.11,38,37.78,432,2,https://www1.mbrace.or.jp/od2/B/202608/b260826.lzh,2026-10-03T18:33:43.417805+09:00
20260826,13,尼崎,12,20260826-13-12,6,4447,深川麻奈,39,福岡,49.0,B1,5.72,36.11,4.73,34.62,4,52.33,23,31.82,123,3,https://www1.mbrace.or.jp/od2/B/202608/b260826.lzh,2026-10-03T18:33:43.417805+09:00
20260826,11,びわこ,1,20260826-11-01,1,4711,前出達吉,36,福井,52.0,A2,6.17,44.35,5.14,27.59,57,46.67,71,29.76,,8,https://www1.mbrace.or.jp/od2/B/202608/b260826.lzh,2026-10-03T18:33:43.417805+09:00
20260826,11,びわこ,1,20260826-11-01,2,5350,網代良芽,22,兵庫,52.0,B1,5.2,28.83,2.67,16.67,32,36.25,44,37.78,,10,https://www1.mbrace.or.jp/od2/B/202608/b260826.lzh,2026-10-03T18:33:43.417805+09:00
20260826,11,びわこ,1,20260826-11-01,3,3807,岡部哲,51,埼玉,51.0,B1,4.95,27.35,4.56,22.22,33,44.58,73,22.06,,,https://www1.mbrace.or.jp/od2/B/202608/b260826.lzh,2026-10-03T18:33:43.417805+09:00
20260826,11,びわこ,1,20260826-11-01,4,3430,角浜修,58,広島,55.0,B1,4.22,23.0,3.0,11.11,31,41.67,47,41.38,,,https://www1.mbrace.or.jp/od2/B/202608/b260826.lzh,2026-10-03T18:33:43.417805+09:00
20260826,11,びわこ,1,20260826-11-01,5,5294,豊田祥生,24,静岡,50.0,B1,3.38,16.67,2.79,8.82,38,31.33,16,22.22,,9,https://www1.mbrace.or.jp/od2/B/202608/b260826.lzh,2026-10-03T18:33:43.417805+09:00
20260826,11,びわこ,1,20260826-11-01,6,5427,港理樹,24,東京,52.0,B1,3.02,4.6,0.0,0.0,15,27.16,69,42.39,,7,https://www1.mbrace.or.jp/od2/B/202608/b260826.lzh,2026-10-03T18:33:43.417805+09:00
20260826,11,びわこ,2,20260826-11-02,1,5240,高橋龍治,26,福岡,54.0,B1,4.54,27.85,3.67,11.11,69,29.29,14,6.1,,,https://www1.mbrace.or.jp/od2/B/202608/b260826.lzh,2026-10-03T18:33:43.417805+09:00
20260826,11,びわこ,2,20260826-11-02,2,3882,新田智彰,53,大阪,56.0,B1,4.23,15.63,4.87,22.22,21,39.76,41,45.65,,11,https://www1.mbrace.or.jp/od2/B/202608/b260826.lzh,2026-10-03T18:33:43.417805+09:00
20260826,11,びわこ,2,20260826-11-02,3,3473,石川真二,56,福岡,53.0,A1,6.78,55.94,7.69,72.88,27,24.24,48,13.24,,10,https://www1.mbrace.or.jp/od2/B/202608/b260826.lzh,2026-10-03T18:33:43.417805+09:00
20260826,11,びわこ,2,20260826-11-02,4,3516,吉原聖人,58,広島,51.0,B1,4.56,32.14,3.96,17.86,25,26.97,43,44.05,,8,https://www1.mbrace.or.jp/od2/B/202608/b260826.lzh,2026-10-03T18:33:43.417805+09:00
20260826,11,びわこ,2,20260826-11-02,5,4261,岡祐臣,42,三重,54.0,A2,6.29,45.74,5.06,32.26,70,33.72,55,27.38,,9,https://www1.mbrace.or.jp/od2/B/202608/b260826.lzh,2026-10-03T18:33:43.417805+09:00
20260826,11,びわこ,2,20260826-11-02,6,3740,大澤普司,52,群馬,53.0,A1,6.18,42.57,7.4,70.0,71,33.72,17,44.74,,12,https://www1.mbrace.or.jp/od2/B/202608/b260826.lzh,2026-10-03T18:33:43.417805+09:00
20260826,11,びわこ,3,20260826-11-03,1,4555,富永大一,37,福岡,54.0,B1,5.22,31.15,4.61,33.33,59,30.59,39,34.12,,,https://www1.mbrace.or.jp/od2/B/202608/b260826.lzh,2026-10-03T18:33:43.417805+09:00
20260826,11,びわこ,3,20260826-11-03,2,5064,品川二千,28,山口,52.0,A1,6.55,50.44,5.97,40.0,11,44.94,46,40.22,,12,https://www1.mbrace.or.jp/od2/B/202608/b260826.lzh,2026-10-03T18:33:43.417805+09:00
20260826,11,びわこ,3,20260826-11-03,3,4110,小澤和也,46,埼玉,57.0,B1,3.72,16.28,0.67,0.0,60,12.99,13,24.39,,7,https://www1.mbrace.or.jp/od2/B/202608/b260826.lzh,2026-10-03T18:33:43.417805+09:00
20260826,11,びわこ,3,20260826-11-03,4,4424,松尾昂明,41,福岡,50.0,A2,5.68,37.1,5.26,36.84,26,37.5,23,30.49,,9,https://www1.mbrace.or.jp/od2/B/202608/b260826.lzh,2026-10-03T18:33:43.417805+09:00
20260826,11,びわこ,3,20260826-11-03,5,5313,鈴木唯央,26,群馬,53.0,B1,4.42,16.22,3.11,11.11,50,34.12,19,27.38,,8,https://www1.mbrace.or.jp/od2/B/202608/b260826.lzh,2026-10-03T18:33:43.417805+09:00
20260826,11,びわこ,3,20260826-11-03,6,4209,藤田竜弘,43,静岡,56.0,A2,5.84,35.58,5.76,33.33,73,27.94,50,32.1,,11,https://www1.mbrace.or.jp/od2/B/202608/b260826.lzh,2026-10-03T18:33:43.417805+09:00
20260826,11,びわこ,4,20260826-11-04,1,4866,橋本英一,36,福岡,56.0,B1,4.14,18.18,4.8,30.0,67,36.47,33,29.63,,9,https://www1.mbrace.or.jp/od2/B/202608/b260826.lzh,2026-10-03T18:33:43.417805+09:00
20260826,11,びわこ,4,20260826-11-04,2,4311,岡村仁,42,大阪,57.0,A1,6.51,50.45,6.61,55.56,52,33.73,68,40.22,,12,https://www1.mbrace.or.jp/od2/B/202608/b260826.lzh,2026-10-03T18:33:43.417805+09:00
20260826,11,びわこ,4,20260826-11-04,3,5228,若林樹蘭,23,東京,52.0,A2,5.64,33.71,6.87,41.94,72,46.59,38,48.35,,11,https://www1.mbrace.or.jp/od2/B/202608/b260826.lzh,2026-10-03T18:33:43.417805+09:00
20260826,11,びわこ,4,20260826-11-04,4,4754,松尾充,37,三重,51.0,A2,6.49,45.45,6.38,53.13,39,27.59,56,17.14,,8,https://www1.mbrace.or.jp/od2/B/202608/b260826.lzh,2026-10-03T18:33:43.417805+09:00
20260826,11,びわこ,4,20260826-11-04,5,4846,佐藤駿介,32,山口,52.0,B1,4.59,28.42,4.4,10.0,40,46.67,45,33.71,,10,https://www1.mbrace.or.jp/od2/B/202608/b260826.lzh,2026-10-03T18:33:43.417805+09:00
20260826,11,びわこ,4,20260826-11-04,6,5456,今村天次,20,兵庫,51.0,B2,2.1,0.0,0.0,0.0,35,26.74,12,42.86,,,https://www1.mbrace.or.jp/od2/B/202608/b260826.lzh,2026-10-03T18:33:43.417805+09:00
20260826,11,びわこ,5,20260826-11-05,1,5016,宮田龍馬,28,兵庫,53.0,A1,6.7,40.37,7.63,62.96,36,24.71,72,34.09,,12,https://www1.mbrace.or.jp/od2/B/202608/b260826.lzh,2026-10-03T18:33:43.417805+09:00
20260826,11,びわこ,5,20260826-11-05,2,3563,堤昇,56,静岡,52.0,B1,5.72,37.4,5.21,33.33,55,29.07,37,32.95,,10,https://www1.mbrace.or.jp/od2/B/202608/b260826.lzh,2026-10-03T18:33:43.417805+09:00
20260826,11,びわこ,5,20260826-11-05,3,4520,高倉孝太,39,福井,51.0,A2,5.73,37.17,4.49,19.15,14,37.04,24,39.78,,,https://www1.mbrace.or.jp/od2/B/202608/b260826.lzh,2026-10-03T18:33:43.417805+09:00
20260826,11,びわこ,5,20260826-11-05,4,5279,石渡翔一,23,東京,53.0,B1,5.65,38.68,0.0,0.0,45,42.35,58,31.08,,,https://www1.mbrace.or.jp/od2/B/202608/b260826.lzh,2026-10-03T18:33:43.417805+09:00
20260826,11,びわこ,5,20260826-11-05,5,4483,北野輝季,37,愛知,54.0,A1,6.83,54.33,6.32,46.43,65,26.74,22,32.53,,11,https://www1.mbrace.or.jp/od2/B/202608/b260826.lzh,2026-10-03T18:33:43.417805+09:00
20260826,11,びわこ,5,20260826-11-05,6,5393,藤原駿,25,大阪,58.0,B2,1.39,0.0,1.47,0.0,48,35.71,63,25.0,,,https://www1.mbrace.or.jp/od2/B/202608/b260826.lzh,2026-10-03T18:33:43.417805+09:00
20260826,11,びわこ,6,20260826-11-06,1,3619,長谷川充,52,群馬,52.0,B1,5.17,30.69,5.38,33.33,12,51.61,57,30.0,,,https://www1.mbrace.or.jp/od2/B/202608/b260826.lzh,2026-10-03T18:33:43.417805+09:00
20260826,11,びわこ,6,20260826-11-06,2,3156,金子良昭,61,静岡,55.0,B1,4.11,22.11,4.09,26.09,22,29.49,28,10.0,,,https://www1.mbrace.or.jp/od2/B/202608/b260826.lzh,2026-10-03T18:33:43.417805+09:00
20260826,11,びわこ,6,20260826-11-06,3,3582,吉川昭男,53,滋賀,54.0,A2,6.17,46.79,6.31,48.78,47,28.89,34,39.53,,,https://www1.mbrace.or.jp/od2/B/202608/b260826.lzh,2026-10-03T18:33:43.417805+09:00
20260826,11,びわこ,6,20260826-11-06,4,4427,秦英悟,40,大阪,52.0,A1,7.24,56.59,7.4,54.17,23,30.0,61,37.66,,12,https://www1.mbrace.or.jp/od2/B/202608/b260826.lzh,2026-10-03T18:33:43.417805+09:00
20260826,11,びわこ,6,20260826-11-06,5,4151,下河誉史,44,福岡,54.0,B1,4.79,23.23,8.11,67.86,37,33.75,51,28.57,,11,https://www1.mbrace.or.jp/od2/B/202608/b260826.lzh,2026-10-03T18:33:43.417805+09:00
20260826,11,びわこ,6,20260826-11-06,6,5085,中村栄治,27,福井,52.0,A2,5.28,35.14,2.92,11.11,24,23.08,54,38.3,,10,https://www1.mbrace.or.jp/od2/B/202608/b260826.lzh,2026-10-03T18:33:43.417805+09:00
20260826,11,びわこ,7,20260826-11-07,1,5160,藤森陸斗,27,福岡,55.0,A2,5.88,39.86,6.2,50.0,43,26.74,11,40.91,,,https://www1.mbrace.or.jp/od2/B/202608/b260826.lzh,2026-10-03T18:33:43.417805+09:00
20260826,11,びわこ,7,20260826-11-07,2,4587,木田峰由,35,福井,56.0,A1,6.11,48.51,3.69,6.9,56,29.89,26,34.88,,11,https://www1.mbrace.or.jp/od2/B/202608/b260826.lzh,2026-10-03T18:33:43.417805+09:00
20260826,11,びわこ,7,20260826-11-07,3,3614,谷勝幸,53,広島,55.0,B1,4.28,21.6,3.96,18.52,51,34.57,36,31.71,,,https://www1.mbrace.or.jp/od2/B/202608/b260826.lzh,2026-10-03T18:33:43.417805+09:00
20260826,11,びわこ,7,20260826-11-07,4,5427,港理樹,24,東京,52.0,B1,3.02,4.6,0.0,0.0,15,27.16,69,42.39,,1,https://www1.mbrace.or.jp/od2/B/202608/b260826.lzh,2026-10-03T18:33:43.417805+09:00
20260826,11,びわこ,7,20260826-11-07,5,4110,小澤和也,46,埼玉,57.0,B1,3.72,16.28,0.67,0.0,60,12.99,13,24.39,,3,https://www1.mbrace.or.jp/od2/B/202608/b260826.lzh,2026-10-03T18:33:43.417805+09:00
20260826,11,びわこ,7,20260826-11-07,6,3984,坂口周,48,三重,54.0,A1,6.26,39.42,6.13,33.33,63,30.86,62,33.33,,12,https://www1.mbrace.or.jp/od2/B/202608/b260826.lzh,2026-10-03T18:33:43.417805+09:00
20260826,11,びわこ,8,20260826-11-08,1,3516,吉原聖人,58,広島,51.0,B1,4.56,32.14,3.96,17.86,25,26.97,43,44.05,,2,https://www1.mbrace.or.jp/od2/B/202608/b260826.lzh,2026-10-03T18:33:43.417805+09:00
20260826,11,びわこ,8,20260826-11-08,2,4754,松尾充,37,三重,51.0,A2,6.49,45.45,6.38,53.13,39,27.59,56,17.14,,4,https://www1.mbrace.or.jp/od2/B/202608/b260826.lzh,2026-10-03T18:33:43.417805+09:00
20260826,11,びわこ,8,20260826-11-08,3,5313,鈴木唯央,26,群馬,53.0,B1,4.42,16.22,3.11,11.11,50,34.12,19,27.38,,3,https://www1.mbrace.or.jp/od2/B/202608/b260826.lzh,2026-10-03T18:33:43.417805+09:00
20260826,11,びわこ,8,20260826-11-08,4,5333,山下智己,22,兵庫,51.0,B2,3.58,12.73,1.0,0.0,30,27.85,35,28.92,,,https://www1.mbrace.or.jp/od2/B/202608/b260826.lzh,2026-10-03T18:33:43.417805+09:00
20260826,11,びわこ,8,20260826-11-08,5,4711,前出達吉,36,福井,52.0,A2,6.17,44.35,5.14,27.59,57,46.67,71,29.76,,1,https://www1.mbrace.or.jp/od2/B/202608/b260826.lzh,2026-10-03T18:33:43.417805+09:00
20260826,11,びわこ,8,20260826-11-08,6,5196,鰐部太空,24,愛知,54.0,A1,6.11,44.0,5.47,23.53,28,25.29,30,25.97,,,https://www1.mbrace.or.jp/od2/B/202608/b260826.lzh,2026-10-03T18:33:43.417805+09:00
20260826,11,びわこ,9,20260826-11-09,1,4261,岡祐臣,42,三重,54.0,A2,6.29,45.74,5.06,32.26,70,33.72,55,27.38,,2,https://www1.mbrace.or.jp/od2/B/202608/b260826.lzh,2026-10-03T18:33:43.417805+09:00
20260826,11,びわこ,9,20260826-11-09,2,4424,松尾昂明,41,福岡,50.0,A2,5.68,37.1,5.26,36.84,26,37.5,23,30.49,,3,https://www1.mbrace.or.jp/od2/B/202608/b260826.lzh,2026-10-03T18:33:43.417805+09:00
20260826,11,びわこ,9,20260826-11-09,3,5294,豊田祥生,24,静岡,50.0,B1,3.38,16.67,2.79,8.82,38,31.33,16,22.22,,1,https://www1.mbrace.or.jp/od2/B/202608/b260826.lzh,2026-10-03T18:33:43.417805+09:00
20260826,11,びわこ,9,20260826-11-09,4,3212,亀本勇樹,64,広島,59.0,B1,4.56,22.92,4.6,20.0,68,31.33,53,40.91,,,https://www1.mbrace.or.jp/od2/B/202608/b260826.lzh,2026-10-03T18:33:43.417805+09:00
20260826,11,びわこ,9,20260826-11-09,5,4866,橋本英一,36,福岡,56.0,B1,4.14,18.18,4.8,30.0,67,36.47,33,29.63,,4,https://www1.mbrace.or.jp/od2/B/202608/b260826.lzh,2026-10-03T18:33:43.417805+09:00
20260826,11,びわこ,9,20260826-11-09,6,5255,藤原仙二,22,滋賀,54.0,A1,6.56,46.43,6.21,39.71,46,31.58,60,30.86,,,https://www1.mbrace.or.jp/od2/B/202608/b260826.lzh,2026-10-03T18:33:43.417805+09:00
20260826,11,びわこ,10,20260826-11-10,1,3473,石川真二,56,福岡,53.0,A1,6.78,55.94,7.69,72.88,27,24.24,48,13.24,,2,https://www1.mbrace.or.jp/od2/B/202608/b260826.lzh,2026-10-03T18:33:43.417805+09:00
20260826,11,びわこ,10,20260826-11-10,2,4846,佐藤駿介,32,山口,52.0,B1,4.59,28.42,4.4,10.0,40,46.67,45,33.71,,4,https://www1.mbrace.or.jp/od2/B/202608/b260826.lzh,2026-10-03T18:33:43.417805+09:00
20260826,11,びわこ,10,20260826-11-10,3,5085,中村栄治,27,福井,52.0,A2,5.28,35.14,2.92,11.11,24,23.08,54,38.3,,6,https://www1.mbrace.or.jp/od2/B/202608/b260826.lzh,2026-10-03T18:33:43.417805+09:00
20260826,11,びわこ,10,20260826-11-10,4,5350,網代良芽,22,兵庫,52.0,B1,5.2,28.83,2.67,16.67,32,36.25,44,37.78,,1,https://www1.mbrace.or.jp/od2/B/202608/b260826.lzh,2026-10-03T18:33:43.417805+09:00
20260826,11,びわこ,10,20260826-11-10,5,5075,中島秀治,30,滋賀,53.0,A2,6.03,34.65,6.86,55.36,16,31.33,52,48.28,,,https://www1.mbrace.or.jp/od2/B/202608/b260826.lzh,2026-10-03T18:33:43.417805+09:00
20260826,11,びわこ,10,20260826-11-10,6,3563,堤昇,56,静岡,52.0,B1,5.72,37.4,5.21,33.33,55,29.07,37,32.95,,5,https://www1.mbrace.or.jp/od2/B/202608/b260826.lzh,2026-10-03T18:33:43.417805+09:00
20260826,11,びわこ,11,20260826-11-11,1,4483,北野輝季,37,愛知,54.0,A1,6.83,54.33,6.32,46.43,65,26.74,22,32.53,,5,https://www1.mbrace.or.jp/od2/B/202608/b260826.lzh,2026-10-03T18:33:43.417805+09:00
20260826,11,びわこ,11,20260826-11-11,2,4209,藤田竜弘,43,静岡,56.0,A2,5.84,35.58,5.76,33.33,73,27.94,50,32.1,,3,https://www1.mbrace.or.jp/od2/B/202608/b260826.lzh,2026-10-03T18:33:43.417805+09:00
20260826,11,びわこ,11,20260826-11-11,3,4151,下河誉史,44,福岡,54.0,B1,4.79,23.23,8.11,67.86,37,33.75,51,28.57,,6,https://www1.mbrace.or.jp/od2/B/202608/b260826.lzh,2026-10-03T18:33:43.417805+09:00
20260826,11,びわこ,11,20260826-11-11,4,4587,木田峰由,35,福井,56.0,A1,6.11,48.51,3.69,6.9,56,29.89,26,34.88,,7,https://www1.mbrace.or.jp/od2/B/202608/b260826.lzh,2026-10-03T18:33:43.417805+09:00
20260826,11,びわこ,11,20260826-11-11,5,3882,新田智彰,53,大阪,56.0,B1,4.23,15.63,4.87,22.22,21,39.76,41,45.65,,2,https://www1.mbrace.or.jp/od2/B/202608/b260826.lzh,2026-10-03T18:33:43.417805+09:00
20260826,11,びわこ,11,20260826-11-11,6,5228,若林樹蘭,23,東京,52.0,A2,5.64,33.71,6.87,41.94,72,46.59,38,48.35,,4,https://www1.mbrace.or.jp/od2/B/202608/b260826.lzh,2026-10-03T18:33:43.417805+09:00
20260826,11,びわこ,12,20260826-11-12,1,4427,秦英悟,40,大阪,52.0,A1,7.24,56.59,7.4,54.17,23,30.0,61,37.66,,6,https://www1.mbrace.or.jp/od2/B/202608/b260826.lzh,2026-10-03T18:33:43.417805+09:00
20260826,11,びわこ,12,20260826-11-12,2,3984,坂口周,48,三重,54.0,A1,6.26,39.42,6.13,33.33,63,30.86,62,33.33,,7,https://www1.mbrace.or.jp/od2/B/202608/b260826.lzh,2026-10-03T18:33:43.417805+09:00
20260826,11,びわこ,12,20260826-11-12,3,3740,大澤普司,52,群馬,53.0,A1,6.18,42.57,7.4,70.0,71,33.72,17,44.74,,2,https://www1.mbrace.or.jp/od2/B/202608/b260826.lzh,2026-10-03T18:33:43.417805+09:00
20260826,11,びわこ,12,20260826-11-12,4,4311,岡村仁,42,大阪,57.0,A1,6.51,50.45,6.61,55.56,52,33.73,68,40.22,,4,https://www1.mbrace.or.jp/od2/B/202608/b260826.lzh,2026-10-03T18:33:43.417805+09:00
20260826,11,びわこ,12,20260826-11-12,5,5016,宮田龍馬,28,兵庫,53.0,A1,6.7,40.37,7.63,62.96,36,24.71,72,34.09,,5,https://www1.mbrace.or.jp/od2/B/202608/b260826.lzh,2026-10-03T18:33:43.417805+09:00
20260826,11,びわこ,12,20260826-11-12,6,5064,品川二千,28,山口,52.0,A1,6.55,50.44,5.97,40.0,11,44.94,46,40.22,,3,https://www1.mbrace.or.jp/od2/B/202608/b260826.lzh,2026-10-03T18:33:43.417805+09:00
20260826,10,三国,1,20260826-10-01,1,4963,實森美祐,29,広島,46.0,A1,6.17,43.64,6.28,50.0,46,36.52,19,39.25,5332,10,https://www1.mbrace.or.jp/od2/B/202608/b260826.lzh,2026-10-03T18:33:43.417805+09:00
20260826,10,三国,1,20260826-10-01,2,5358,増本杏珠,20,福岡,49.0,B2,2.6,5.17,5.0,16.67,64,34.58,21,39.39,4 5,5,https://www1.mbrace.or.jp/od2/B/202608/b260826.lzh,2026-10-03T18:33:43.417805+09:00
20260826,10,三国,1,20260826-10-01,3,4897,深見亜由,34,愛知,44.0,B1,3.54,14.13,0.0,0.0,19,35.19,17,25.69,3 23,12,https://www1.mbrace.or.jp/od2/B/202608/b260826.lzh,2026-10-03T18:33:43.417805+09:00
20260826,10,三国,1,20260826-10-01,4,5370,日隈茜,24,福岡,47.0,B2,1.29,2.22,0.0,0.0,28,29.82,35,33.62,666,,https://www1.mbrace.or.jp/od2/B/202608/b260826.lzh,2026-10-03T18:33:43.417805+09:00
20260826,10,三国,1,20260826-10-01,5,4984,森下愛梨,29,静岡,50.0,B1,4.53,24.72,5.4,30.0,63,38.05,20,28.57,621,9,https://www1.mbrace.or.jp/od2/B/202608/b260826.lzh,2026-10-03T18:33:43.417805+09:00
20260826,10,三国,1,20260826-10-01,6,5415,阿部未侑,20,東京,50.0,B2,1.24,0.0,0.0,0.0,55,38.68,12,47.52,5 6,6,https://www1.mbrace.or.jp/od2/B/202608/b260826.lzh,2026-10-03T18:33:43.417805+09:00
20260826,10,三国,2,20260826-10-02,1,4240,今井裕梨,42,群馬,45.0,A2,5.38,33.33,7.1,60.0,51,38.74,66,35.14,4431,8,https://www1.mbrace.or.jp/od2/B/202608/b260826.lzh,2026-10-03T18:33:43.417805+09:00
20260826,10,三国,2,20260826-10-02,2,4642,松尾夏海,34,香川,47.0,A2,7.09,55.81,7.8,80.0,45,36.21,62,31.19,1525,11,https://www1.mbrace.or.jp/od2/B/202608/b260826.lzh,2026-10-03T18:33:43.417805+09:00
20260826,10,三国,2,20260826-10-02,3,4473,藤堂里香,39,福井,46.0,B1,5.06,30.0,6.18,45.59,31,34.51,36,28.32,134,9,https://www1.mbrace.or.jp/od2/B/202608/b260826.lzh,2026-10-03T18:33:43.417805+09:00
20260826,10,三国,2,20260826-10-02,4,4941,孫崎百世,37,滋賀,46.0,B1,5.14,32.63,5.58,42.11,25,33.33,60,32.14,5 44,,https://www1.mbrace.or.jp/od2/B/202608/b260826.lzh,2026-10-03T18:33:43.417805+09:00
20260826,10,三国,2,20260826-10-02,5,5277,井上未都,24,福岡,46.0,B1,5.09,26.67,4.8,40.0,58,34.71,40,38.46,311,12,https://www1.mbrace.or.jp/od2/B/202608/b260826.lzh,2026-10-03T18:33:43.417805+09:00
20260826,10,三国,2,20260826-10-02,6,5410,今泉澪,21,愛知,49.0,B2,1.84,4.0,0.0,0.0,18,34.26,53,31.86,665,,https://www1.mbrace.or.jp/od2/B/202608/b260826.lzh,2026-10-03T18:33:43.417805+09:00
20260826,10,三国,3,20260826-10-03,1,4546,浜田亜理,38,埼玉,47.0,B1,7.0,54.84,6.56,44.44,30,47.79,43,27.03,252,9,https://www1.mbrace.or.jp/od2/B/202608/b260826.lzh,2026-10-03T18:33:43.417805+09:00
20260826,10,三国,3,20260826-10-03,2,4746,大豆生蒼,31,埼玉,48.0,B1,5.65,36.11,6.0,54.55,34,33.9,32,36.46,222,11,https://www1.mbrace.or.jp/od2/B/202608/b260826.lzh,2026-10-03T18:33:43.417805+09:00
20260826,10,三国,3,20260826-10-03,3,4387,平山智加,41,香川,46.0,A1,6.57,44.72,7.0,48.28,40,36.52,14,33.33,5212,12,https://www1.mbrace.or.jp/od2/B/202608/b260826.lzh,2026-10-03T18:33:43.417805+09:00
20260826,10,三国,3,20260826-10-03,4,4680,後藤美翼,36,東京,45.0,A2,5.46,33.91,4.95,31.58,49,37.61,68,29.09,4553,,https://www1.mbrace.or.jp/od2/B/202608/b260826.lzh,2026-10-03T18:33:43.417805+09:00
20260826,10,三国,3,20260826-10-03,5,5418,堀内亜海,20,大阪,58.0,B2,1.11,0.0,0.0,0.0,42,45.22,61,43.93,6 6,8,https://www1.mbrace.or.jp/od2/B/202608/b260826.lzh,2026-10-03T18:33:43.417805+09:00
20260826,10,三国,3,20260826-10-03,6,5230,石原凪紗,23,愛知,45.0,B1,4.7,31.78,2.93,13.33,15,31.15,30,35.09,245,,https://www1.mbrace.or.jp/od2/B/202608/b260826.lzh,2026-10-03T18:33:43.417805+09:00
20260826,10,三国,4,20260826-10-04,1,4123,細川裕子,44,愛知,46.0,A1,6.59,48.34,6.86,42.86,23,43.64,49,23.68,2 32,10,https://www1.mbrace.or.jp/od2/B/202608/b260826.lzh,2026-10-03T18:33:43.417805+09:00
20260826,10,三国,4,20260826-10-04,2,4901,出口舞有,33,愛知,46.0,B1,5.49,31.91,4.22,22.22,20,37.84,47,33.03,114,12,https://www1.mbrace.or.jp/od2/B/202608/b260826.lzh,2026-10-03T18:33:43.417805+09:00
20260826,10,三国,4,20260826-10-04,3,5194,大久保佑,24,埼玉,43.0,B1,4.25,25.93,4.2,26.67,70,34.21,22,28.32,1 21,8,https://www1.mbrace.or.jp/od2/B/202608/b260826.lzh,2026-10-03T18:33:43.417805+09:00
20260826,10,三国,4,20260826-10-04,4,4885,大山千広,30,福岡,47.0,A2,6.84,53.75,0.0,0.0,37,30.77,54,32.73,2 14,9,https://www1.mbrace.or.jp/od2/B/202608/b260826.lzh,2026-10-03T18:33:43.417805+09:00
20260826,10,三国,4,20260826-10-04,5,5213,湯淺紀香,27,群馬,46.0,B1,5.23,34.95,4.82,28.57,65,33.94,69,25.89,4 54,,https://www1.mbrace.or.jp/od2/B/202608/b260826.lzh,2026-10-03T18:33:43.417805+09:00
20260826,10,三国,4,20260826-10-04,6,4990,田中博子,29,福岡,47.0,B2,3.56,17.07,0.0,0.0,66,32.43,44,43.75,3 35,11,https://www1.mbrace.or.jp/od2/B/202608/b260826.lzh,2026-10-03T18:33:43.417805+09:00
20260826,10,三国,5,20260826-10-05,1,5155,内山七海,29,福岡,46.0,A2,6.17,43.75,3.7,20.0,14,32.0,67,29.47,1S1,9,https://www1.mbrace.or.jp/od2/B/202608/b260826.lzh,2026-10-03T18:33:43.417805+09:00
20260826,10,三国,5,20260826-10-05,2,4611,今井美亜,36,福井,47.0,A1,6.14,40.8,6.0,40.0,12,36.28,72,32.11,3413,,https://www1.mbrace.or.jp/od2/B/202608/b260826.lzh,2026-10-03T18:33:43.417805+09:00
20260826,10,三国,5,20260826-10-05,3,5250,嶋田有里,24,長崎,45.0,B1,4.81,23.36,0.0,0.0,13,40.34,39,29.91,2 43,11,https://www1.mbrace.or.jp/od2/B/202608/b260826.lzh,2026-10-03T18:33:43.417805+09:00
20260826,10,三国,5,20260826-10-05,4,5358,増本杏珠,20,福岡,49.0,B2,2.6,5.17,5.0,16.67,64,34.58,21,39.39,4 5,1,https://www1.mbrace.or.jp/od2/B/202608/b260826.lzh,2026-10-03T18:33:43.417805+09:00
20260826,10,三国,5,20260826-10-05,5,4244,鈴木成美,39,静岡,45.0,B2,4.16,27.27,3.56,16.67,33,35.85,24,38.94,S 65,,https://www1.mbrace.or.jp/od2/B/202608/b260826.lzh,2026-10-03T18:33:43.417805+09:00
20260826,10,三国,5,20260826-10-05,6,4627,藤原菜希,40,東京,48.0,A2,6.81,50.75,5.41,41.38,17,38.79,25,36.21,4 16,10,https://www1.mbrace.or.jp/od2/B/202608/b260826.lzh,2026-10-03T18:33:43.417805+09:00
20260826,10,三国,6,20260826-10-06,1,5335,森陽多,21,長崎,46.0,B1,2.61,9.21,2.13,0.0,50,33.06,37,37.11,6 36,,https://www1.mbrace.or.jp/od2/B/202608/b260826.lzh,2026-10-03T18:33:43.417805+09:00
20260826,10,三国,6,20260826-10-06,2,4927,関野文,32,大阪,44.0,A2,6.13,43.44,6.34,43.9,57,42.98,27,33.33,136,12,https://www1.mbrace.or.jp/od2/B/202608/b260826.lzh,2026-10-03T18:33:43.417805+09:00
20260826,10,三国,6,20260826-10-06,3,4791,黒澤めぐ,36,東京,48.0,B1,5.7,35.0,4.53,21.05,54,41.12,58,39.25,1 23,10,https://www1.mbrace.or.jp/od2/B/202608/b260826.lzh,2026-10-03T18:33:43.417805+09:00
20260826,10,三国,6,20260826-10-06,4,5203,神里琴音,22,福岡,44.0,B1,5.39,30.34,3.6,20.0,41,25.0,13,29.46,516,,https://www1.mbrace.or.jp/od2/B/202608/b260826.lzh,2026-10-03T18:33:43.417805+09:00
20260826,10,三国,6,20260826-10-06,5,5415,阿部未侑,20,東京,50.0,B2,1.24,0.0,0.0,0.0,55,38.68,12,47.52,5 6,1,https://www1.mbrace.or.jp/od2/B/202608/b260826.lzh,2026-10-03T18:33:43.417805+09:00
20260826,10,三国,6,20260826-10-06,6,4961,西橋奈未,30,福井,47.0,A1,6.77,46.77,6.93,50.0,61,30.43,51,30.7,212,11,https://www1.mbrace.or.jp/od2/B/202608/b260826.lzh,2026-10-03T18:33:43.417805+09:00
20260826,10,三国,7,20260826-10-07,1,5069,山崎小葉,25,群馬,44.0,B1,4.96,29.7,5.29,39.29,36,33.06,42,32.73,355,,https://www1.mbrace.or.jp/od2/B/202608/b260826.lzh,2026-10-03T18:33:43.417805+09:00
20260826,10,三国,7,20260826-10-07,2,4924,中北涼,33,長崎,48.0,B1,4.67,22.43,4.32,17.86,60,34.45,55,33.65,454,,https://www1.mbrace.or.jp/od2/B/202608/b260826.lzh,2026-10-03T18:33:43.417805+09:00
20260826,10,三国,7,20260826-10-07,3,4773,中川りな,33,福岡,48.0,A2,6.04,43.38,5.47,36.84,21,31.67,56,30.36,4355,,https://www1.mbrace.or.jp/od2/B/202608/b260826.lzh,2026-10-03T18:33:43.417805+09:00
20260826,10,三国,7,20260826-10-07,4,5320,岩崎麗子,25,群馬,48.0,B1,3.56,15.48,2.11,2.86,53,33.91,28,44.95,S 66,,https://www1.mbrace.or.jp/od2/B/202608/b260826.lzh,2026-10-03T18:33:43.417805+09:00
20260826,10,三国,7,20260826-10-07,5,4845,前田紗希,33,埼玉,47.0,A1,6.58,52.75,6.9,57.14,52,39.45,15,37.84,2 16,11,https://www1.mbrace.or.jp/od2/B/202608/b260826.lzh,2026-10-03T18:33:43.417805+09:00
20260826,10,三国,7,20260826-10-07,6,4556,竹井奈美,37,福岡,46.0,A1,6.58,50.0,7.92,76.92,27,36.52,29,24.11,242,12,https://www1.mbrace.or.jp/od2/B/202608/b260826.lzh,2026-10-03T18:33:43.417805+09:00
20260826,10,三国,8,20260826-10-08,1,5305,伊藤栞,23,愛知,54.0,B1,2.47,4.69,1.5,0.0,24,37.17,48,34.86,4 36,,https://www1.mbrace.or.jp/od2/B/202608/b260826.lzh,2026-10-03T18:33:43.417805+09:00
20260826,10,三国,8,20260826-10-08,2,5088,高憧四季,26,大阪,44.0,A1,6.76,48.55,7.04,57.14,62,36.11,59,28.07,6341,,https://www1.mbrace.or.jp/od2/B/202608/b260826.lzh,2026-10-03T18:33:43.417805+09:00
20260826,10,三国,8,20260826-10-08,3,4478,櫻本あゆ,38,群馬,49.0,A1,5.87,38.3,6.89,55.56,35,43.93,45,21.9,1612,,https://www1.mbrace.or.jp/od2/B/202608/b260826.lzh,2026-10-03T18:33:43.417805+09:00
20260826,10,三国,8,20260826-10-08,4,4240,今井裕梨,42,群馬,45.0,A2,5.38,33.33,7.1,60.0,51,38.74,66,35.14,4431,2,https://www1.mbrace.or.jp/od2/B/202608/b260826.lzh,2026-10-03T18:33:43.417805+09:00
20260826,10,三国,8,20260826-10-08,5,5194,大久保佑,24,埼玉,43.0,B1,4.25,25.93,4.2,26.67,70,34.21,22,28.32,1 21,4,https://www1.mbrace.or.jp/od2/B/202608/b260826.lzh,2026-10-03T18:33:43.417805+09:00
20260826,10,三国,8,20260826-10-08,6,5418,堀内亜海,20,大阪,58.0,B2,1.11,0.0,0.0,0.0,42,45.22,61,43.93,6 6,3,https://www1.mbrace.or.jp/od2/B/202608/b260826.lzh,2026-10-03T18:33:43.417805+09:00
20260826,10,三国,9,20260826-10-09,1,4473,藤堂里香,39,福井,46.0,B1,5.06,30.0,6.18,45.59,31,34.51,36,28.32,134,2,https://www1.mbrace.or.jp/od2/B/202608/b260826.lzh,2026-10-03T18:33:43.417805+09:00
20260826,10,三国,9,20260826-10-09,2,5342,原村百那,24,山口,47.0,B2,2.42,8.11,1.78,0.0,44,40.71,63,36.04,354,,https://www1.mbrace.or.jp/od2/B/202608/b260826.lzh,2026-10-03T18:33:43.417805+09:00
20260826,10,三国,9,20260826-10-09,3,4546,浜田亜理,38,埼玉,47.0,B1,7.0,54.84,6.56,44.44,30,47.79,43,27.03,252,3,https://www1.mbrace.or.jp/od2/B/202608/b260826.lzh,2026-10-03T18:33:43.417805+09:00
20260826,10,三国,9,20260826-10-09,4,4984,森下愛梨,29,静岡,50.0,B1,4.53,24.72,5.4,30.0,63,38.05,20,28.57,621,1,https://www1.mbrace.or.jp/od2/B/202608/b260826.lzh,2026-10-03T18:33:43.417805+09:00
20260826,10,三国,9,20260826-10-09,5,5155,内山七海,29,福岡,46.0,A2,6.17,43.75,3.7,20.0,14,32.0,67,29.47,1S1,5,https://www1.mbrace.or.jp/od2/B/202608/b260826.lzh,2026-10-03T18:33:43.417805+09:00
20260826,10,三国,9,20260826-10-09,6,4885,大山千広,30,福岡,47.0,A2,6.84,53.75,0.0,0.0,37,30.77,54,32.73,2 14,4,https://www1.mbrace.or.jp/od2/B/202608/b260826.lzh,2026-10-03T18:33:43.417805+09:00
20260826,10,三国,10,20260826-10-10,1,5227,川原愛未,24,福岡,52.0,B2,2.83,13.04,1.22,0.0,48,30.0,26,39.64,5 45,,https://www1.mbrace.or.jp/od2/B/202608/b260826.lzh,2026-10-03T18:33:43.417805+09:00
20260826,10,三国,10,20260826-10-10,2,4627,藤原菜希,40,東京,48.0,A2,6.81,50.75,5.41,41.38,17,38.79,25,36.21,4 16,5,https://www1.mbrace.or.jp/od2/B/202608/b260826.lzh,2026-10-03T18:33:43.417805+09:00
20260826,10,三国,10,20260826-10-10,3,4400,加藤奈月,38,福井,52.0,B1,4.03,16.09,4.47,22.89,43,43.1,23,37.93,3 43,,https://www1.mbrace.or.jp/od2/B/202608/b260826.lzh,2026-10-03T18:33:43.417805+09:00
20260826,10,三国,10,20260826-10-10,4,4963,實森美祐,29,広島,46.0,A1,6.17,43.64,6.28,50.0,46,36.52,19,39.25,5332,1,https://www1.mbrace.or.jp/od2/B/202608/b260826.lzh,2026-10-03T18:33:43.417805+09:00
20260826,10,三国,10,20260826-10-10,5,4123,細川裕子,44,愛知,46.0,A1,6.59,48.34,6.86,42.86,23,43.64,49,23.68,2 32,4,https://www1.mbrace.or.jp/od2/B/202608/b260826.lzh,2026-10-03T18:33:43.417805+09:00
20260826,10,三国,10,20260826-10-10,6,4791,黒澤めぐ,36,東京,48.0,B1,5.7,35.0,4.53,21.05,54,41.12,58,39.25,1 23,6,https://www1.mbrace.or.jp/od2/B/202608/b260826.lzh,2026-10-03T18:33:43.417805+09:00
20260826,10,三国,11,20260826-10-11,1,5250,嶋田有里,24,長崎,45.0,B1,4.81,23.36,0.0,0.0,13,40.34,39,29.91,2 43,5,https://www1.mbrace.or.jp/od2/B/202608/b260826.lzh,2026-10-03T18:33:43.417805+09:00
20260826,10,三国,11,20260826-10-11,2,4961,西橋奈未,30,福井,47.0,A1,6.77,46.77,6.93,50.0,61,30.43,51,30.7,212,6,https://www1.mbrace.or.jp/od2/B/202608/b260826.lzh,2026-10-03T18:33:43.417805+09:00
20260826,10,三国,11,20260826-10-11,3,4845,前田紗希,33,埼玉,47.0,A1,6.58,52.75,6.9,57.14,52,39.45,15,37.84,2 16,7,https://www1.mbrace.or.jp/od2/B/202608/b260826.lzh,2026-10-03T18:33:43.417805+09:00
20260826,10,三国,11,20260826-10-11,4,4990,田中博子,29,福岡,47.0,B2,3.56,17.07,0.0,0.0,66,32.43,44,43.75,3 35,4,https://www1.mbrace.or.jp/od2/B/202608/b260826.lzh,2026-10-03T18:33:43.417805+09:00
20260826,10,三国,11,20260826-10-11,5,4642,松尾夏海,34,香川,47.0,A2,7.09,55.81,7.8,80.0,45,36.21,62,31.19,1525,2,https://www1.mbrace.or.jp/od2/B/202608/b260826.lzh,2026-10-03T18:33:43.417805+09:00
20260826,10,三国,11,20260826-10-11,6,4746,大豆生蒼,31,埼玉,48.0,B1,5.65,36.11,6.0,54.55,34,33.9,32,36.46,222,3,https://www1.mbrace.or.jp/od2/B/202608/b260826.lzh,2026-10-03T18:33:43.417805+09:00
20260826,10,三国,12,20260826-10-12,1,4387,平山智加,41,香川,46.0,A1,6.57,44.72,7.0,48.28,40,36.52,14,33.33,5212,3,https://www1.mbrace.or.jp/od2/B/202608/b260826.lzh,2026-10-03T18:33:43.417805+09:00
20260826,10,三国,12,20260826-10-12,2,5277,井上未都,24,福岡,46.0,B1,5.09,26.67,4.8,40.0,58,34.71,40,38.46,311,2,https://www1.mbrace.or.jp/od2/B/202608/b260826.lzh,2026-10-03T18:33:43.417805+09:00
20260826,10,三国,12,20260826-10-12,3,4556,竹井奈美,37,福岡,46.0,A1,6.58,50.0,7.92,76.92,27,36.52,29,24.11,242,7,https://www1.mbrace.or.jp/od2/B/202608/b260826.lzh,2026-10-03T18:33:43.417805+09:00
20260826,10,三国,12,20260826-10-12,4,4901,出口舞有,33,愛知,46.0,B1,5.49,31.91,4.22,22.22,20,37.84,47,33.03,114,4,https://www1.mbrace.or.jp/od2/B/202608/b260826.lzh,2026-10-03T18:33:43.417805+09:00
20260826,10,三国,12,20260826-10-12,5,4897,深見亜由,34,愛知,44.0,B1,3.54,14.13,0.0,0.0,19,35.19,17,25.69,3 23,1,https://www1.mbrace.or.jp/od2/B/202608/b260826.lzh,2026-10-03T18:33:43.417805+09:00
20260826,10,三国,12,20260826-10-12,6,4927,関野文,32,大阪,44.0,A2,6.13,43.44,6.34,43.9,57,42.98,27,33.33,136,6,https://www1.mbrace.or.jp/od2/B/202608/b260826.lzh,2026-10-03T18:33:43.417805+09:00
20260826,09,津,1,20260826-09-01,1,4470,平田健之,39,三重,53.0,A2,6.51,49.49,6.15,46.31,50,34.25,31,39.2,1,7,https://www1.mbrace.or.jp/od2/B/202608/b260826.lzh,2026-10-03T18:33:43.417805+09:00
20260826,09,津,1,20260826-09-01,2,5325,澁川夏,23,大阪,52.0,B1,5.95,43.88,3.67,12.12,35,34.51,48,29.51,1,11,https://www1.mbrace.or.jp/od2/B/202608/b260826.lzh,2026-10-03T18:33:43.417805+09:00
20260826,09,津,1,20260826-09-01,3,4985,井本昌也,29,山口,51.0,A1,6.69,50.74,5.44,22.22,57,21.43,47,27.97,5,9,https://www1.mbrace.or.jp/od2/B/202608/b260826.lzh,2026-10-03T18:33:43.417805+09:00
20260826,09,津,1,20260826-09-01,4,4674,池田剛規,39,福岡,52.0,B1,5.29,31.62,5.93,42.86,64,33.57,60,31.88,43,,https://www1.mbrace.or.jp/od2/B/202608/b260826.lzh,2026-10-03T18:33:43.417805+09:00
20260826,09,津,1,20260826-09-01,5,4104,木下陽介,46,東京,58.0,B1,4.39,26.88,3.65,23.08,26,31.75,43,29.52,36,,https://www1.mbrace.or.jp/od2/B/202608/b260826.lzh,2026-10-03T18:33:43.417805+09:00
20260826,09,津,1,20260826-09-01,6,5364,金子怜央,26,群馬,52.0,B1,2.35,3.92,2.19,7.41,52,33.33,11,37.75,4,5,https://www1.mbrace.or.jp/od2/B/202608/b260826.lzh,2026-10-03T18:33:43.417805+09:00
20260826,09,津,2,20260826-09-02,1,5291,三嶌ここ,25,香川,49.0,B1,4.13,18.25,0.0,0.0,48,35.33,26,37.96,24,,https://www1.mbrace.or.jp/od2/B/202608/b260826.lzh,2026-10-03T18:33:43.417805+09:00
20260826,09,津,2,20260826-09-02,2,4940,白石有美,28,東京,53.0,B2,4.17,19.57,1.63,0.0,18,35.04,63,33.58,3,6,https://www1.mbrace.or.jp/od2/B/202608/b260826.lzh,2026-10-03T18:33:43.417805+09:00
20260826,09,津,2,20260826-09-02,3,3704,本部めぐ,52,三重,45.0,B1,3.18,10.45,4.21,18.31,28,33.81,28,36.23,3,10,https://www1.mbrace.or.jp/od2/B/202608/b260826.lzh,2026-10-03T18:33:43.417805+09:00
20260826,09,津,2,20260826-09-02,4,4065,金田幸子,46,岡山,44.0,B1,5.2,39.29,6.68,46.43,17,25.71,40,31.25,46,,https://www1.mbrace.or.jp/od2/B/202608/b260826.lzh,2026-10-03T18:33:43.417805+09:00
20260826,09,津,2,20260826-09-02,5,5365,石村日奈,25,東京,46.0,B1,2.58,10.84,2.0,0.0,54,27.59,34,41.67,5,8,https://www1.mbrace.or.jp/od2/B/202608/b260826.lzh,2026-10-03T18:33:43.417805+09:00
20260826,09,津,2,20260826-09-02,6,3845,中谷朋子,49,兵庫,45.0,A2,5.82,42.11,7.25,62.5,70,32.21,69,33.33,2,12,https://www1.mbrace.or.jp/od2/B/202608/b260826.lzh,2026-10-03T18:33:43.417805+09:00
20260826,09,津,3,20260826-09-03,1,5047,國分将太,32,東京,53.0,B1,5.73,35.58,3.5,14.29,38,38.52,52,33.83,12,,https://www1.mbrace.or.jp/od2/B/202608/b260826.lzh,2026-10-03T18:33:43.417805+09:00
20260826,09,津,3,20260826-09-03,2,4420,津久井拓,38,群馬,53.0,A2,5.88,38.93,4.51,20.0,69,20.83,72,30.48,6,7,https://www1.mbrace.or.jp/od2/B/202608/b260826.lzh,2026-10-03T18:33:43.417805+09:00
20260826,09,津,3,20260826-09-03,3,4871,菊池宏志,34,山口,54.0,B1,4.43,25.49,4.2,30.0,21,40.0,41,20.18,6,7,https://www1.mbrace.or.jp/od2/B/202608/b260826.lzh,2026-10-03T18:33:43.417805+09:00
20260826,09,津,3,20260826-09-03,4,4959,井上忠政,30,大阪,53.0,A1,7.43,54.92,7.75,50.0,63,30.0,30,36.99,3,11,https://www1.mbrace.or.jp/od2/B/202608/b260826.lzh,2026-10-03T18:33:43.417805+09:00
20260826,09,津,3,20260826-09-03,5,4395,下河雅史,40,福岡,55.0,B1,5.27,33.33,5.73,42.31,55,31.54,68,26.21,5,9,https://www1.mbrace.or.jp/od2/B/202608/b260826.lzh,2026-10-03T18:33:43.417805+09:00
20260826,09,津,3,20260826-09-03,6,4461,安田吉宏,40,三重,58.0,B1,4.68,23.3,4.63,22.41,49,40.6,21,32.65,65,,https://www1.mbrace.or.jp/od2/B/202608/b260826.lzh,2026-10-03T18:33:43.417805+09:00
20260826,09,津,4,20260826-09-04,1,4548,篠木亜衣,38,三重,50.0,B1,2.95,7.89,3.19,7.69,23,30.95,62,33.06,5,10,https://www1.mbrace.or.jp/od2/B/202608/b260826.lzh,2026-10-03T18:33:43.417805+09:00
20260826,09,津,4,20260826-09-04,2,4479,矢野真梨,38,山口,47.0,B1,3.78,14.93,0.0,0.0,14,29.29,51,28.83,6,8,https://www1.mbrace.or.jp/od2/B/202608/b260826.lzh,2026-10-03T18:33:43.417805+09:00
20260826,09,津,4,20260826-09-04,3,4286,平田さや,42,東京,47.0,A2,6.11,43.17,5.32,30.0,16,37.98,57,35.03,24,,https://www1.mbrace.or.jp/od2/B/202608/b260826.lzh,2026-10-03T18:33:43.417805+09:00
20260826,09,津,4,20260826-09-04,4,4385,鈴木祐美,41,三重,49.0,B2,4.04,16.0,4.0,10.81,33,29.49,56,39.57,5,8,https://www1.mbrace.or.jp/od2/B/202608/b260826.lzh,2026-10-03T18:33:43.417805+09:00
20260826,09,津,4,20260826-09-04,5,3334,角ひとみ,57,広島,45.0,A2,5.31,34.51,4.37,26.32,59,30.52,35,21.15,1,12,https://www1.mbrace.or.jp/od2/B/202608/b260826.lzh,2026-10-03T18:33:43.417805+09:00
20260826,09,津,4,20260826-09-04,6,4045,佐々木裕,46,山口,48.0,B1,4.66,28.57,4.67,33.33,27,33.33,17,32.64,S6,,https://www1.mbrace.or.jp/od2/B/202608/b260826.lzh,2026-10-03T18:33:43.417805+09:00
20260826,09,津,5,20260826-09-05,1,5292,佐藤右京,24,東京,56.0,B1,4.19,21.28,2.42,7.69,32,35.54,67,33.8,2,9,https://www1.mbrace.or.jp/od2/B/202608/b260826.lzh,2026-10-03T18:33:43.417805+09:00
20260826,09,津,5,20260826-09-05,2,4152,深水慎一,46,東京,52.0,A2,5.35,40.4,6.08,58.33,72,35.19,13,32.37,6,11,https://www1.mbrace.or.jp/od2/B/202608/b260826.lzh,2026-10-03T18:33:43.417805+09:00
20260826,09,津,5,20260826-09-05,3,4047,吉永浩則,46,大阪,54.0,B1,3.56,17.44,3.89,11.11,61,30.66,27,28.07,2,9,https://www1.mbrace.or.jp/od2/B/202608/b260826.lzh,2026-10-03T18:33:43.417805+09:00
20260826,09,津,5,20260826-09-05,4,4732,堀本和也,37,徳島,56.0,A2,6.84,50.78,6.33,42.86,40,43.97,55,27.05,32,,https://www1.mbrace.or.jp/od2/B/202608/b260826.lzh,2026-10-03T18:33:43.417805+09:00
20260826,09,津,5,20260826-09-05,5,5364,金子怜央,26,群馬,52.0,B1,2.35,3.92,2.19,7.41,52,33.33,11,37.75,4,1,https://www1.mbrace.or.jp/od2/B/202608/b260826.lzh,2026-10-03T18:33:43.417805+09:00
20260826,09,津,5,20260826-09-05,6,4471,新田泰章,39,広島,53.0,A1,6.23,44.44,0.0,0.0,47,26.95,39,31.18,46,,https://www1.mbrace.or.jp/od2/B/202608/b260826.lzh,2026-10-03T18:33:43.417805+09:00
20260826,09,津,6,20260826-09-06,1,5144,中尾彩香,25,福岡,47.0,B1,4.76,25.93,3.22,0.0,45,25.47,58,23.33,3,10,https://www1.mbrace.or.jp/od2/B/202608/b260826.lzh,2026-10-03T18:33:43.417805+09:00
20260826,09,津,6,20260826-09-06,2,4843,深尾巴恵,33,静岡,47.0,B1,4.35,23.33,5.0,29.41,20,30.0,38,33.11,46,,https://www1.mbrace.or.jp/od2/B/202608/b260826.lzh,2026-10-03T18:33:43.417805+09:00
20260826,09,津,6,20260826-09-06,3,5165,小林愛実,26,岡山,47.0,B1,3.89,17.2,4.84,15.79,51,41.26,23,37.4,3,12,https://www1.mbrace.or.jp/od2/B/202608/b260826.lzh,2026-10-03T18:33:43.417805+09:00
20260826,09,津,6,20260826-09-06,4,4940,白石有美,28,東京,53.0,B2,4.17,19.57,1.63,0.0,18,35.04,63,33.58,3,2,https://www1.mbrace.or.jp/od2/B/202608/b260826.lzh,2026-10-03T18:33:43.417805+09:00
20260826,09,津,6,20260826-09-06,5,5163,清水愛海,26,山口,45.0,A1,6.52,49.04,6.87,56.52,31,38.89,15,37.59,6,12,https://www1.mbrace.or.jp/od2/B/202608/b260826.lzh,2026-10-03T18:33:43.417805+09:00
20260826,09,津,6,20260826-09-06,6,4300,加藤綾,43,三重,50.0,B1,5.2,33.64,5.12,27.73,36,43.08,24,32.28,12,,https://www1.mbrace.or.jp/od2/B/202608/b260826.lzh,2026-10-03T18:33:43.417805+09:00
20260826,09,津,7,20260826-09-07,1,4978,山田和佐,32,広島,54.0,B1,4.9,25.71,0.0,0.0,43,25.2,76,40.16,41,,https://www1.mbrace.or.jp/od2/B/202608/b260826.lzh,2026-10-03T18:33:43.417805+09:00
20260826,09,津,7,20260826-09-07,2,4324,海野康志,38,山口,61.0,A1,7.11,53.9,6.92,58.33,62,29.05,25,36.67,51,,https://www1.mbrace.or.jp/od2/B/202608/b260826.lzh,2026-10-03T18:33:43.417805+09:00
20260826,09,津,7,20260826-09-07,3,4420,津久井拓,38,群馬,53.0,A2,5.88,38.93,4.51,20.0,69,20.83,72,30.48,6,3,https://www1.mbrace.or.jp/od2/B/202608/b260826.lzh,2026-10-03T18:33:43.417805+09:00
20260826,09,津,7,20260826-09-07,4,4871,菊池宏志,34,山口,54.0,B1,4.43,25.49,4.2,30.0,21,40.0,41,20.18,6,3,https://www1.mbrace.or.jp/od2/B/202608/b260826.lzh,2026-10-03T18:33:43.417805+09:00
20260826,09,津,7,20260826-09-07,5,4470,平田健之,39,三重,53.0,A2,6.51,49.49,6.15,46.31,50,34.25,31,39.2,1,1,https://www1.mbrace.or.jp/od2/B/202608/b260826.lzh,2026-10-03T18:33:43.417805+09:00
20260826,09,津,7,20260826-09-07,6,5348,小林甘寧,22,広島,54.0,B1,5.34,34.74,5.56,33.33,29,30.25,71,22.83,5,11,https://www1.mbrace.or.jp/od2/B/202608/b260826.lzh,2026-10-03T18:33:43.417805+09:00
20260826,09,津,8,20260826-09-08,1,5365,石村日奈,25,東京,46.0,B1,2.58,10.84,2.0,0.0,54,27.59,34,41.67,5,2,https://www1.mbrace.or.jp/od2/B/202608/b260826.lzh,2026-10-03T18:33:43.417805+09:00
20260826,09,津,8,20260826-09-08,2,4450,平高奈菜,39,香川,49.0,A2,6.77,50.94,0.0,0.0,66,25.98,22,36.55,23,,https://www1.mbrace.or.jp/od2/B/202608/b260826.lzh,2026-10-03T18:33:43.417805+09:00
20260826,09,津,8,20260826-09-08,3,5272,松田真実,25,愛知,47.0,B1,4.94,30.0,3.76,23.53,11,26.15,73,32.62,4,12,https://www1.mbrace.or.jp/od2/B/202608/b260826.lzh,2026-10-03T18:33:43.417805+09:00
20260826,09,津,8,20260826-09-08,4,5078,山川波乙,28,三重,46.0,B1,4.48,23.53,5.06,29.69,34,27.56,70,33.33,15,,https://www1.mbrace.or.jp/od2/B/202608/b260826.lzh,2026-10-03T18:33:43.417805+09:00
20260826,09,津,8,20260826-09-08,5,4385,鈴木祐美,41,三重,49.0,B2,4.04,16.0,4.0,10.81,33,29.49,56,39.57,5,4,https://www1.mbrace.or.jp/od2/B/202608/b260826.lzh,2026-10-03T18:33:43.417805+09:00
20260826,09,津,8,20260826-09-08,6,4479,矢野真梨,38,山口,47.0,B1,3.78,14.93,0.0,0.0,14,29.29,51,28.83,6,4,https://www1.mbrace.or.jp/od2/B/202608/b260826.lzh,2026-10-03T18:33:43.417805+09:00
20260826,09,津,9,20260826-09-09,1,4985,井本昌也,29,山口,51.0,A1,6.69,50.74,5.44,22.22,57,21.43,47,27.97,5,1,https://www1.mbrace.or.jp/od2/B/202608/b260826.lzh,2026-10-03T18:33:43.417805+09:00
20260826,09,津,9,20260826-09-09,2,5292,佐藤右京,24,東京,56.0,B1,4.19,21.28,2.42,7.69,32,35.54,67,33.8,2,5,https://www1.mbrace.or.jp/od2/B/202608/b260826.lzh,2026-10-03T18:33:43.417805+09:00
20260826,09,津,9,20260826-09-09,3,5275,松田淳平,24,三重,53.0,A1,6.77,55.45,4.92,30.19,46,34.25,29,35.62,54,,https://www1.mbrace.or.jp/od2/B/202608/b260826.lzh,2026-10-03T18:33:43.417805+09:00
20260826,09,津,9,20260826-09-09,4,4395,下河雅史,40,福岡,55.0,B1,5.27,33.33,5.73,42.31,55,31.54,68,26.21,5,3,https://www1.mbrace.or.jp/od2/B/202608/b260826.lzh,2026-10-03T18:33:43.417805+09:00
20260826,09,津,9,20260826-09-09,5,4047,吉永浩則,46,大阪,54.0,B1,3.56,17.44,3.89,11.11,61,30.66,27,28.07,2,5,https://www1.mbrace.or.jp/od2/B/202608/b260826.lzh,2026-10-03T18:33:43.417805+09:00
20260826,09,津,9,20260826-09-09,6,4513,河野真也,37,福岡,54.0,A2,6.0,42.99,5.64,36.0,71,30.56,50,32.03,24,,https://www1.mbrace.or.jp/od2/B/202608/b260826.lzh,2026-10-03T18:33:43.417805+09:00
20260826,09,津,10,20260826-09-10,1,4738,清埜翔子,35,埼玉,47.0,A2,5.89,40.29,4.58,26.32,68,38.89,54,22.88,55,,https://www1.mbrace.or.jp/od2/B/202608/b260826.lzh,2026-10-03T18:33:43.417805+09:00
20260826,09,津,10,20260826-09-10,2,4283,石井裕美,42,東京,52.0,B1,3.83,8.75,4.07,21.43,60,28.57,61,29.51,34,,https://www1.mbrace.or.jp/od2/B/202608/b260826.lzh,2026-10-03T18:33:43.417805+09:00
20260826,09,津,10,20260826-09-10,3,4530,小野生奈,37,福岡,45.0,A1,7.01,55.24,8.41,76.47,13,32.81,49,37.12,21,,https://www1.mbrace.or.jp/od2/B/202608/b260826.lzh,2026-10-03T18:33:43.417805+09:00
20260826,09,津,10,20260826-09-10,4,4548,篠木亜衣,38,三重,50.0,B1,2.95,7.89,3.19,7.69,23,30.95,62,33.06,5,4,https://www1.mbrace.or.jp/od2/B/202608/b260826.lzh,2026-10-03T18:33:43.417805+09:00
20260826,09,津,10,20260826-09-10,5,5144,中尾彩香,25,福岡,47.0,B1,4.76,25.93,3.22,0.0,45,25.47,58,23.33,3,6,https://www1.mbrace.or.jp/od2/B/202608/b260826.lzh,2026-10-03T18:33:43.417805+09:00
20260826,09,津,10,20260826-09-10,6,3704,本部めぐ,52,三重,45.0,B1,3.18,10.45,4.21,18.31,28,33.81,28,36.23,3,2,https://www1.mbrace.or.jp/od2/B/202608/b260826.lzh,2026-10-03T18:33:43.417805+09:00
20260826,09,津,11,20260826-09-11,1,4959,井上忠政,30,大阪,53.0,A1,7.43,54.92,7.75,50.0,63,30.0,30,36.99,3,3,https://www1.mbrace.or.jp/od2/B/202608/b260826.lzh,2026-10-03T18:33:43.417805+09:00
20260826,09,津,11,20260826-09-11,2,4179,広次修,43,山口,52.0,A2,5.45,31.9,5.65,25.0,19,17.93,18,40.18,33,,https://www1.mbrace.or.jp/od2/B/202608/b260826.lzh,2026-10-03T18:33:43.417805+09:00
20260826,09,津,11,20260826-09-11,3,4152,深水慎一,46,東京,52.0,A2,5.35,40.4,6.08,58.33,72,35.19,13,32.37,6,5,https://www1.mbrace.or.jp/od2/B/202608/b260826.lzh,2026-10-03T18:33:43.417805+09:00
20260826,09,津,11,20260826-09-11,4,5348,小林甘寧,22,広島,54.0,B1,5.34,34.74,5.56,33.33,29,30.25,71,22.83,5,7,https://www1.mbrace.or.jp/od2/B/202608/b260826.lzh,2026-10-03T18:33:43.417805+09:00
20260826,09,津,11,20260826-09-11,5,5278,田中駿兵,23,徳島,52.0,A1,7.06,58.97,7.1,61.9,53,33.04,74,38.03,12,,https://www1.mbrace.or.jp/od2/B/202608/b260826.lzh,2026-10-03T18:33:43.417805+09:00
20260826,09,津,11,20260826-09-11,6,5325,澁川夏,23,大阪,52.0,B1,5.95,43.88,3.67,12.12,35,34.51,48,29.51,1,1,https://www1.mbrace.or.jp/od2/B/202608/b260826.lzh,2026-10-03T18:33:43.417805+09:00
20260826,09,津,12,20260826-09-12,1,5163,清水愛海,26,山口,45.0,A1,6.52,49.04,6.87,56.52,31,38.89,15,37.59,6,6,https://www1.mbrace.or.jp/od2/B/202608/b260826.lzh,2026-10-03T18:33:43.417805+09:00
20260826,09,津,12,20260826-09-12,2,4589,塩崎桐加,34,三重,50.0,B1,5.5,30.84,6.39,50.72,30,30.0,20,34.67,11,,https://www1.mbrace.or.jp/od2/B/202608/b260826.lzh,2026-10-03T18:33:43.417805+09:00
20260826,09,津,12,20260826-09-12,3,3845,中谷朋子,49,兵庫,45.0,A2,5.82,42.11,7.25,62.5,70,32.21,69,33.33,2,2,https://www1.mbrace.or.jp/od2/B/202608/b260826.lzh,2026-10-03T18:33:43.417805+09:00
20260826,09,津,12,20260826-09-12,4,3334,角ひとみ,57,広島,45.0,A2,5.31,34.51,4.37,26.32,59,30.52,35,21.15,1,4,https://www1.mbrace.or.jp/od2/B/202608/b260826.lzh,2026-10-03T18:33:43.417805+09:00
20260826,09,津,12,20260826-09-12,5,5272,松田真実,25,愛知,47.0,B1,4.94,30.0,3.76,23.53,11,26.15,73,32.62,4,8,https://www1.mbrace.or.jp/od2/B/202608/b260826.lzh,2026-10-03T18:33:43.417805+09:00
20260826,09,津,12,20260826-09-12,6,5165,小林愛実,26,岡山,47.0,B1,3.89,17.2,4.84,15.79,51,41.26,23,37.4,3,6,https://www1.mbrace.or.jp/od2/B/202608/b260826.lzh,2026-10-03T18:33:43.417805+09:00
20260826,08,常滑,1,20260826-08-01,1,5095,小原聡将,32,東京,52.0,A2,6.56,44.94,6.38,37.5,39,40.0,11,37.84,156 433,8,https://www1.mbrace.or.jp/od2/B/202608/b260826.lzh,2026-10-03T18:33:43.417805+09:00
20260826,08,常滑,1,20260826-08-01,2,4904,松本一毅,31,大阪,53.0,B1,5.2,33.85,5.24,29.41,33,27.68,43,32.56,246 246,8,https://www1.mbrace.or.jp/od2/B/202608/b260826.lzh,2026-10-03T18:33:43.417805+09:00
20260826,08,常滑,1,20260826-08-01,3,3584,佐々木英,53,広島,53.0,B1,5.08,34.95,4.18,14.29,5,36.04,15,32.43,5 622 64,,https://www1.mbrace.or.jp/od2/B/202608/b260826.lzh,2026-10-03T18:33:43.417805+09:00
20260826,08,常滑,1,20260826-08-01,4,3843,上之晃弘,50,長崎,54.0,B1,4.91,30.77,0.0,0.0,31,41.31,53,41.67,266 351,9,https://www1.mbrace.or.jp/od2/B/202608/b260826.lzh,2026-10-03T18:33:43.417805+09:00
20260826,08,常滑,1,20260826-08-01,5,3772,一柳和孝,52,埼玉,54.0,B1,4.78,21.84,5.68,36.36,9,42.45,74,44.74,162 643,6,https://www1.mbrace.or.jp/od2/B/202608/b260826.lzh,2026-10-03T18:33:43.417805+09:00
20260826,08,常滑,1,20260826-08-01,6,5214,田中宏典,27,佐賀,53.0,B1,4.89,31.0,3.26,10.53,53,38.39,62,29.73,566 6 66,,https://www1.mbrace.or.jp/od2/B/202608/b260826.lzh,2026-10-03T18:33:43.417805+09:00
20260826,08,常滑,2,20260826-08-02,1,3489,大場敏,59,静岡,54.0,A2,6.0,42.65,6.14,42.86,51,34.6,51,17.14,4 125 63,7,https://www1.mbrace.or.jp/od2/B/202608/b260826.lzh,2026-10-03T18:33:43.417805+09:00
20260826,08,常滑,2,20260826-08-02,2,4948,木場悠介,33,長崎,52.0,B1,5.54,38.1,4.63,12.5,12,40.58,77,36.11,1 54244,9,https://www1.mbrace.or.jp/od2/B/202608/b260826.lzh,2026-10-03T18:33:43.417805+09:00
20260826,08,常滑,2,20260826-08-02,3,3422,服部幸男,55,静岡,55.0,A2,6.16,42.98,7.18,57.5,48,21.76,37,25.0,1 564 44,9,https://www1.mbrace.or.jp/od2/B/202608/b260826.lzh,2026-10-03T18:33:43.417805+09:00
20260826,08,常滑,2,20260826-08-02,4,4969,町田洸希,35,長崎,53.0,B1,4.4,21.05,5.0,28.57,57,34.98,41,23.08,313 663,7,https://www1.mbrace.or.jp/od2/B/202608/b260826.lzh,2026-10-03T18:33:43.417805+09:00
20260826,08,常滑,2,20260826-08-02,5,4759,今泉友吾,36,東京,52.0,A1,7.01,48.78,5.78,27.78,29,33.8,72,30.3,33323115,12,https://www1.mbrace.or.jp/od2/B/202608/b260826.lzh,2026-10-03T18:33:43.417805+09:00
20260826,08,常滑,2,20260826-08-02,6,4269,杉山裕也,40,愛知,53.0,A2,6.94,55.08,7.09,58.62,38,30.63,67,32.43,13232 22,11,https://www1.mbrace.or.jp/od2/B/202608/b260826.lzh,2026-10-03T18:33:43.417805+09:00
20260826,08,常滑,3,20260826-08-03,1,3838,伊藤啓三,51,埼玉,53.0,B1,5.58,35.87,4.62,24.32,17,30.73,38,31.03,362 413,10,https://www1.mbrace.or.jp/od2/B/202608/b260826.lzh,2026-10-03T18:33:43.417805+09:00
20260826,08,常滑,3,20260826-08-03,2,4635,峰重力也,36,岡山,53.0,A2,5.67,39.02,4.43,23.81,14,48.79,17,23.33,613 541,7,https://www1.mbrace.or.jp/od2/B/202608/b260826.lzh,2026-10-03T18:33:43.417805+09:00
20260826,08,常滑,3,20260826-08-03,3,4004,山本浩輔,48,長崎,53.0,B1,4.94,28.24,4.76,27.59,60,33.18,40,36.84,5 264 25,8,https://www1.mbrace.or.jp/od2/B/202608/b260826.lzh,2026-10-03T18:33:43.417805+09:00
20260826,08,常滑,3,20260826-08-03,4,4256,渡辺浩司,42,福岡,52.0,A1,7.21,49.59,7.68,63.64,30,43.35,26,42.86,15553131,10,https://www1.mbrace.or.jp/od2/B/202608/b260826.lzh,2026-10-03T18:33:43.417805+09:00
20260826,08,常滑,3,20260826-08-03,5,4231,鈴木裕隆,43,愛知,56.0,B1,5.43,33.33,5.28,38.0,35,43.66,19,36.11,231 422,11,https://www1.mbrace.or.jp/od2/B/202608/b260826.lzh,2026-10-03T18:33:43.417805+09:00
20260826,08,常滑,3,20260826-08-03,6,4342,谷野錬志,41,静岡,54.0,A2,5.96,34.02,6.23,44.68,16,37.27,23,41.94,151 2321,12,https://www1.mbrace.or.jp/od2/B/202608/b260826.lzh,2026-10-03T18:33:43.417805+09:00
20260826,08,常滑,4,20260826-08-04,1,4537,渡邉和将,36,岡山,49.0,A1,7.35,53.79,6.79,45.83,3,44.6,45,20.59,36313133,11,https://www1.mbrace.or.jp/od2/B/202608/b260826.lzh,2026-10-03T18:33:43.417805+09:00
20260826,08,常滑,4,20260826-08-04,2,5029,中亮太,29,福岡,53.0,A1,7.11,58.33,7.27,63.64,8,34.72,48,41.18,2 453342,10,https://www1.mbrace.or.jp/od2/B/202608/b260826.lzh,2026-10-03T18:33:43.417805+09:00
20260826,08,常滑,4,20260826-08-04,3,4343,村岡賢,41,広島,54.0,B1,4.66,21.15,5.39,34.78,52,35.89,22,43.18,5 445 66,,https://www1.mbrace.or.jp/od2/B/202608/b260826.lzh,2026-10-03T18:33:43.417805+09:00
20260826,08,常滑,4,20260826-08-04,4,5266,石田勇斗,26,愛知,53.0,B1,4.47,21.51,3.4,16.36,36,30.33,39,51.72,6 246 46,,https://www1.mbrace.or.jp/od2/B/202608/b260826.lzh,2026-10-03T18:33:43.417805+09:00
20260826,08,常滑,4,20260826-08-04,5,3744,徳増秀樹,51,静岡,54.0,A1,6.34,46.43,7.23,59.57,24,31.63,76,31.43,221 3315,10,https://www1.mbrace.or.jp/od2/B/202608/b260826.lzh,2026-10-03T18:33:43.417805+09:00
20260826,08,常滑,4,20260826-08-04,6,5161,登玉隼百,27,兵庫,53.0,A2,5.67,42.71,5.5,43.75,41,35.0,50,30.56,3 561 62,9,https://www1.mbrace.or.jp/od2/B/202608/b260826.lzh,2026-10-03T18:33:43.417805+09:00
20260826,08,常滑,5,20260826-08-05,1,5033,藤原孝斗,28,愛知,56.0,B1,4.31,25.3,4.47,27.66,10,42.34,68,29.03,3 261 26,12,https://www1.mbrace.or.jp/od2/B/202608/b260826.lzh,2026-10-03T18:33:43.417805+09:00
20260826,08,常滑,5,20260826-08-05,2,3874,山本寛久,50,岡山,52.0,A2,6.82,48.82,6.08,50.0,54,29.35,47,32.35,213 133,11,https://www1.mbrace.or.jp/od2/B/202608/b260826.lzh,2026-10-03T18:33:43.417805+09:00
20260826,08,常滑,5,20260826-08-05,3,4977,馬野耀,32,大阪,56.0,A2,6.19,42.73,5.81,36.11,28,30.66,25,30.3,4 442 11,10,https://www1.mbrace.or.jp/od2/B/202608/b260826.lzh,2026-10-03T18:33:43.417805+09:00
20260826,08,常滑,5,20260826-08-05,4,4374,永田義紘,42,広島,51.0,B1,4.42,26.26,5.27,27.27,45,31.08,69,32.43,444 555,,https://www1.mbrace.or.jp/od2/B/202608/b260826.lzh,2026-10-03T18:33:43.417805+09:00
20260826,08,常滑,5,20260826-08-05,5,5170,佐藤太亮,25,岡山,51.0,B1,5.28,29.55,3.0,12.5,59,40.67,55,38.46,6 621 51,9,https://www1.mbrace.or.jp/od2/B/202608/b260826.lzh,2026-10-03T18:33:43.417805+09:00
20260826,08,常滑,5,20260826-08-05,6,4960,黒野元基,30,愛知,53.0,A1,7.49,61.72,6.99,56.07,25,28.9,44,55.26,31411614,10,https://www1.mbrace.or.jp/od2/B/202608/b260826.lzh,2026-10-03T18:33:43.417805+09:00
20260826,08,常滑,6,20260826-08-06,1,3966,作間章,47,東京,55.0,A1,6.47,45.24,7.5,65.0,42,39.52,63,35.0,451 2521,11,https://www1.mbrace.or.jp/od2/B/202608/b260826.lzh,2026-10-03T18:33:43.417805+09:00
20260826,08,常滑,6,20260826-08-06,2,3772,一柳和孝,52,埼玉,54.0,B1,4.78,21.84,5.68,36.36,9,42.45,74,44.74,162 643,1,https://www1.mbrace.or.jp/od2/B/202608/b260826.lzh,2026-10-03T18:33:43.417805+09:00
20260826,08,常滑,6,20260826-08-06,3,5087,佐藤航,26,埼玉,54.0,A1,6.44,53.23,6.2,56.0,13,33.01,16,22.22,1513262,12,https://www1.mbrace.or.jp/od2/B/202608/b260826.lzh,2026-10-03T18:33:43.417805+09:00
20260826,08,常滑,6,20260826-08-06,4,3946,赤岩善生,50,愛知,55.0,A1,7.27,56.1,6.82,49.14,46,27.75,65,41.94,44144113,12,https://www1.mbrace.or.jp/od2/B/202608/b260826.lzh,2026-10-03T18:33:43.417805+09:00
20260826,08,常滑,6,20260826-08-06,5,3442,宮武英司,57,香川,56.0,B1,4.05,16.46,3.44,11.11,11,25.4,30,51.61,2 654 55,,https://www1.mbrace.or.jp/od2/B/202608/b260826.lzh,2026-10-03T18:33:43.417805+09:00
20260826,08,常滑,6,20260826-08-06,6,5023,久永祥平,31,東京,52.0,A2,5.9,37.78,5.29,37.5,26,34.68,78,51.28,523 54F,,https://www1.mbrace.or.jp/od2/B/202608/b260826.lzh,2026-10-03T18:33:43.417805+09:00
20260826,08,常滑,7,20260826-08-07,1,3961,谷村一哉,47,山口,56.0,A1,6.6,47.01,1.5,0.0,21,33.97,56,25.64,4 235243,11,https://www1.mbrace.or.jp/od2/B/202608/b260826.lzh,2026-10-03T18:33:43.417805+09:00
20260826,08,常滑,7,20260826-08-07,2,4638,小林遼太,35,福岡,53.0,B1,5.59,39.42,5.52,34.78,55,27.98,61,16.22,6 452 45,,https://www1.mbrace.or.jp/od2/B/202608/b260826.lzh,2026-10-03T18:33:43.417805+09:00
20260826,08,常滑,7,20260826-08-07,3,4635,峰重力也,36,岡山,53.0,A2,5.67,39.02,4.43,23.81,14,48.79,17,23.33,613 541,3,https://www1.mbrace.or.jp/od2/B/202608/b260826.lzh,2026-10-03T18:33:43.417805+09:00
20260826,08,常滑,7,20260826-08-07,4,3489,大場敏,59,静岡,54.0,A2,6.0,42.65,6.14,42.86,51,34.6,51,17.14,4 125 63,2,https://www1.mbrace.or.jp/od2/B/202608/b260826.lzh,2026-10-03T18:33:43.417805+09:00
20260826,08,常滑,7,20260826-08-07,5,4969,町田洸希,35,長崎,53.0,B1,4.4,21.05,5.0,28.57,57,34.98,41,23.08,313 663,2,https://www1.mbrace.or.jp/od2/B/202608/b260826.lzh,2026-10-03T18:33:43.417805+09:00
20260826,08,常滑,7,20260826-08-07,6,5109,川崎智稔,27,岡山,52.0,B1,4.93,30.58,5.03,34.38,1,36.23,27,28.57,633 32F,,https://www1.mbrace.or.jp/od2/B/202608/b260826.lzh,2026-10-03T18:33:43.417805+09:00
20260826,08,常滑,8,20260826-08-08,1,5067,山田真聖,27,山口,56.0,B1,5.19,31.46,4.11,11.11,34,25.99,13,24.32,621 6536,,https://www1.mbrace.or.jp/od2/B/202608/b260826.lzh,2026-10-03T18:33:43.417805+09:00
20260826,08,常滑,8,20260826-08-08,2,4531,武富智亮,37,佐賀,54.0,A2,6.32,40.77,0.0,0.0,7,33.33,75,35.14,5 521 22,12,https://www1.mbrace.or.jp/od2/B/202608/b260826.lzh,2026-10-03T18:33:43.417805+09:00
20260826,08,常滑,8,20260826-08-08,3,4904,松本一毅,31,大阪,53.0,B1,5.2,33.85,5.24,29.41,33,27.68,43,32.56,246 246,1,https://www1.mbrace.or.jp/od2/B/202608/b260826.lzh,2026-10-03T18:33:43.417805+09:00
20260826,08,常滑,8,20260826-08-08,4,5095,小原聡将,32,東京,52.0,A2,6.56,44.94,6.38,37.5,39,40.0,11,37.84,156 433,1,https://www1.mbrace.or.jp/od2/B/202608/b260826.lzh,2026-10-03T18:33:43.417805+09:00
20260826,08,常滑,8,20260826-08-08,5,4004,山本浩輔,48,長崎,53.0,B1,4.94,28.24,4.76,27.59,60,33.18,40,36.84,5 264 25,3,https://www1.mbrace.or.jp/od2/B/202608/b260826.lzh,2026-10-03T18:33:43.417805+09:00
20260826,08,常滑,8,20260826-08-08,6,4377,濱本優一,42,大阪,50.0,A1,5.36,36.61,6.69,50.0,50,33.66,20,29.73,24616 55,,https://www1.mbrace.or.jp/od2/B/202608/b260826.lzh,2026-10-03T18:33:43.417805+09:00
20260826,08,常滑,9,20260826-08-09,1,3422,服部幸男,55,静岡,55.0,A2,6.16,42.98,7.18,57.5,48,21.76,37,25.0,1 564 44,2,https://www1.mbrace.or.jp/od2/B/202608/b260826.lzh,2026-10-03T18:33:43.417805+09:00
20260826,08,常滑,9,20260826-08-09,2,3843,上之晃弘,50,長崎,54.0,B1,4.91,30.77,0.0,0.0,31,41.31,53,41.67,266 351,1,https://www1.mbrace.or.jp/od2/B/202608/b260826.lzh,2026-10-03T18:33:43.417805+09:00
20260826,08,常滑,9,20260826-08-09,3,5170,佐藤太亮,25,岡山,51.0,B1,5.28,29.55,3.0,12.5,59,40.67,55,38.46,6 621 51,5,https://www1.mbrace.or.jp/od2/B/202608/b260826.lzh,2026-10-03T18:33:43.417805+09:00
20260826,08,常滑,9,20260826-08-09,4,5161,登玉隼百,27,兵庫,53.0,A2,5.67,42.71,5.5,43.75,41,35.0,50,30.56,3 561 62,4,https://www1.mbrace.or.jp/od2/B/202608/b260826.lzh,2026-10-03T18:33:43.417805+09:00
20260826,08,常滑,9,20260826-08-09,5,4948,木場悠介,33,長崎,52.0,B1,5.54,38.1,4.63,12.5,12,40.58,77,36.11,1 54244,2,https://www1.mbrace.or.jp/od2/B/202608/b260826.lzh,2026-10-03T18:33:43.417805+09:00
20260826,08,常滑,9,20260826-08-09,6,4852,川原祐明,31,香川,51.0,A1,7.31,58.39,7.32,59.57,4,31.13,18,42.5,4231654F,,https://www1.mbrace.or.jp/od2/B/202608/b260826.lzh,2026-10-03T18:33:43.417805+09:00
20260826,08,常滑,10,20260826-08-10,1,4960,黒野元基,30,愛知,53.0,A1,7.49,61.72,6.99,56.07,25,28.9,44,55.26,31411614,5,https://www1.mbrace.or.jp/od2/B/202608/b260826.lzh,2026-10-03T18:33:43.417805+09:00
20260826,08,常滑,10,20260826-08-10,2,3744,徳増秀樹,51,静岡,54.0,A1,6.34,46.43,7.23,59.57,24,31.63,76,31.43,221 3315,4,https://www1.mbrace.or.jp/od2/B/202608/b260826.lzh,2026-10-03T18:33:43.417805+09:00
20260826,08,常滑,10,20260826-08-10,3,4256,渡辺浩司,42,福岡,52.0,A1,7.21,49.59,7.68,63.64,30,43.35,26,42.86,15553131,3,https://www1.mbrace.or.jp/od2/B/202608/b260826.lzh,2026-10-03T18:33:43.417805+09:00
20260826,08,常滑,10,20260826-08-10,4,4977,馬野耀,32,大阪,56.0,A2,6.19,42.73,5.81,36.11,28,30.66,25,30.3,4 442 11,5,https://www1.mbrace.or.jp/od2/B/202608/b260826.lzh,2026-10-03T18:33:43.417805+09:00
20260826,08,常滑,10,20260826-08-10,5,5029,中亮太,29,福岡,53.0,A1,7.11,58.33,7.27,63.64,8,34.72,48,41.18,2 453342,4,https://www1.mbrace.or.jp/od2/B/202608/b260826.lzh,2026-10-03T18:33:43.417805+09:00
20260826,08,常滑,10,20260826-08-10,6,3838,伊藤啓三,51,埼玉,53.0,B1,5.58,35.87,4.62,24.32,17,30.73,38,31.03,362 413,3,https://www1.mbrace.or.jp/od2/B/202608/b260826.lzh,2026-10-03T18:33:43.417805+09:00
20260826,08,常滑,11,20260826-08-11,1,4269,杉山裕也,40,愛知,53.0,A2,6.94,55.08,7.09,58.62,38,30.63,67,32.43,13232 22,2,https://www1.mbrace.or.jp/od2/B/202608/b260826.lzh,2026-10-03T18:33:43.417805+09:00
20260826,08,常滑,11,20260826-08-11,2,4231,鈴木裕隆,43,愛知,56.0,B1,5.43,33.33,5.28,38.0,35,43.66,19,36.11,231 422,3,https://www1.mbrace.or.jp/od2/B/202608/b260826.lzh,2026-10-03T18:33:43.417805+09:00
20260826,08,常滑,11,20260826-08-11,3,4537,渡邉和将,36,岡山,49.0,A1,7.35,53.79,6.79,45.83,3,44.6,45,20.59,36313133,4,https://www1.mbrace.or.jp/od2/B/202608/b260826.lzh,2026-10-03T18:33:43.417805+09:00
20260826,08,常滑,11,20260826-08-11,4,3966,作間章,47,東京,55.0,A1,6.47,45.24,7.5,65.0,42,39.52,63,35.0,451 2521,6,https://www1.mbrace.or.jp/od2/B/202608/b260826.lzh,2026-10-03T18:33:43.417805+09:00
20260826,08,常滑,11,20260826-08-11,5,3874,山本寛久,50,岡山,52.0,A2,6.82,48.82,6.08,50.0,54,29.35,47,32.35,213 133,5,https://www1.mbrace.or.jp/od2/B/202608/b260826.lzh,2026-10-03T18:33:43.417805+09:00
20260826,08,常滑,11,20260826-08-11,6,3961,谷村一哉,47,山口,56.0,A1,6.6,47.01,1.5,0.0,21,33.97,56,25.64,4 235243,7,https://www1.mbrace.or.jp/od2/B/202608/b260826.lzh,2026-10-03T18:33:43.417805+09:00
20260826,08,常滑,12,20260826-08-12,1,4342,谷野錬志,41,静岡,54.0,A2,5.96,34.02,6.23,44.68,16,37.27,23,41.94,151 2321,3,https://www1.mbrace.or.jp/od2/B/202608/b260826.lzh,2026-10-03T18:33:43.417805+09:00
20260826,08,常滑,12,20260826-08-12,2,4759,今泉友吾,36,東京,52.0,A1,7.01,48.78,5.78,27.78,29,33.8,72,30.3,33323115,2,https://www1.mbrace.or.jp/od2/B/202608/b260826.lzh,2026-10-03T18:33:43.417805+09:00
20260826,08,常滑,12,20260826-08-12,3,3946,赤岩善生,50,愛知,55.0,A1,7.27,56.1,6.82,49.14,46,27.75,65,41.94,44144113,6,https://www1.mbrace.or.jp/od2/B/202608/b260826.lzh,2026-10-03T18:33:43.417805+09:00
20260826,08,常滑,12,20260826-08-12,4,5087,佐藤航,26,埼玉,54.0,A1,6.44,53.23,6.2,56.0,13,33.01,16,22.22,1513262,6,https://www1.mbrace.or.jp/od2/B/202608/b260826.lzh,2026-10-03T18:33:43.417805+09:00
20260826,08,常滑,12,20260826-08-12,5,4531,武富智亮,37,佐賀,54.0,A2,6.32,40.77,0.0,0.0,7,33.33,75,35.14,5 521 22,8,https://www1.mbrace.or.jp/od2/B/202608/b260826.lzh,2026-10-03T18:33:43.417805+09:00
20260826,08,常滑,12,20260826-08-12,6,5033,藤原孝斗,28,愛知,56.0,B1,4.31,25.3,4.47,27.66,10,42.34,68,29.03,3 261 26,5,https://www1.mbrace.or.jp/od2/B/202608/b260826.lzh,2026-10-03T18:33:43.417805+09:00
20260826,06,浜名湖,1,20260826-06-01,1,3583,齋藤智裕,53,埼玉,60.0,B1,3.51,12.2,3.29,14.29,19,35.79,11,29.65,5 642 364,5,https://www1.mbrace.or.jp/od2/B/202608/b260826.lzh,2026-10-03T18:33:43.417805+09:00
20260826,06,浜名湖,1,20260826-06-01,2,3233,小畑実成,59,岡山,54.0,B1,4.35,19.23,5.05,28.57,23,37.08,23,33.17,4 26325 66,6,https://www1.mbrace.or.jp/od2/B/202608/b260826.lzh,2026-10-03T18:33:43.417805+09:00
20260826,06,浜名湖,1,20260826-06-01,3,4197,渥美卓郎,44,静岡,55.0,B1,3.78,17.02,4.86,32.29,38,37.5,27,29.56,5 161 6325,9,https://www1.mbrace.or.jp/od2/B/202608/b260826.lzh,2026-10-03T18:33:43.417805+09:00
20260826,06,浜名湖,1,20260826-06-01,4,4877,鈴谷一平,31,兵庫,56.0,A1,6.25,46.61,6.0,45.45,44,36.67,13,30.85,1 5324152,8,https://www1.mbrace.or.jp/od2/B/202608/b260826.lzh,2026-10-03T18:33:43.417805+09:00
20260826,06,浜名湖,1,20260826-06-01,5,4258,関根彰人,42,埼玉,51.0,B1,4.86,34.41,5.12,28.0,43,16.67,22,35.15,354 3 2624,7,https://www1.mbrace.or.jp/od2/B/202608/b260826.lzh,2026-10-03T18:33:43.417805+09:00
20260826,06,浜名湖,1,20260826-06-01,6,3930,岸本隆,50,岡山,56.0,A2,5.11,26.21,0.0,0.0,39,18.18,16,28.42,14161 F63,6,https://www1.mbrace.or.jp/od2/B/202608/b260826.lzh,2026-10-03T18:33:43.417805+09:00
20260826,06,浜名湖,2,20260826-06-02,1,4608,荒井翔伍,36,東京,56.0,A2,5.83,38.64,5.28,31.03,1,41.41,12,37.75,2 2S553 12,11,https://www1.mbrace.or.jp/od2/B/202608/b260826.lzh,2026-10-03T18:33:43.417805+09:00
20260826,06,浜名湖,2,20260826-06-02,2,3893,汐崎正則,50,愛知,54.0,B1,5.43,34.78,4.65,25.0,28,23.61,26,28.25,422 463214,10,https://www1.mbrace.or.jp/od2/B/202608/b260826.lzh,2026-10-03T18:33:43.417805+09:00
20260826,06,浜名湖,2,20260826-06-02,3,4435,服部達哉,40,愛知,56.0,A2,5.54,36.46,4.56,23.53,60,14.29,69,34.33,2346515 2,9,https://www1.mbrace.or.jp/od2/B/202608/b260826.lzh,2026-10-03T18:33:43.417805+09:00
20260826,06,浜名湖,2,20260826-06-02,4,5268,山本幸也,25,福岡,56.0,B1,3.67,15.29,2.31,6.25,40,32.65,39,26.97,556 6 233,7,https://www1.mbrace.or.jp/od2/B/202608/b260826.lzh,2026-10-03T18:33:43.417805+09:00
20260826,06,浜名湖,2,20260826-06-02,5,5315,浅井翼,25,埼玉,51.0,B2,2.64,13.51,2.14,2.86,47,22.54,50,35.41,553 566 6,6,https://www1.mbrace.or.jp/od2/B/202608/b260826.lzh,2026-10-03T18:33:43.417805+09:00
20260826,06,浜名湖,2,20260826-06-02,6,3825,宮嵜隆太,53,福岡,61.0,B1,3.36,17.33,0.0,0.0,27,16.36,71,36.82,645 4F6 6,8,https://www1.mbrace.or.jp/od2/B/202608/b260826.lzh,2026-10-03T18:33:43.417805+09:00
20260826,06,浜名湖,3,20260826-06-03,1,4966,田川大貴,28,長崎,54.0,B1,4.93,32.29,4.4,40.0,49,29.67,75,24.86,1 45263344,11,https://www1.mbrace.or.jp/od2/B/202608/b260826.lzh,2026-10-03T18:33:43.417805+09:00
20260826,06,浜名湖,3,20260826-06-03,2,4785,木幡純也,38,愛知,51.0,B1,4.35,19.75,5.0,22.22,53,31.71,64,30.96,4 544 245,9,https://www1.mbrace.or.jp/od2/B/202608/b260826.lzh,2026-10-03T18:33:43.417805+09:00
20260826,06,浜名湖,3,20260826-06-03,3,4057,松井賢治,47,兵庫,52.0,A2,5.91,41.54,5.9,40.0,15,27.14,21,42.65,5 324 4225,10,https://www1.mbrace.or.jp/od2/B/202608/b260826.lzh,2026-10-03T18:33:43.417805+09:00
20260826,06,浜名湖,3,20260826-06-03,4,3546,中里昌志,57,埼玉,51.0,B1,4.43,18.37,4.73,20.9,3,44.16,37,33.83,362 655 1,7,https://www1.mbrace.or.jp/od2/B/202608/b260826.lzh,2026-10-03T18:33:43.417805+09:00
20260826,06,浜名湖,3,20260826-06-03,5,4979,中野夢斗,30,愛知,53.0,B1,4.74,28.7,5.1,35.48,29,29.89,52,25.28,3 643 6123,8,https://www1.mbrace.or.jp/od2/B/202608/b260826.lzh,2026-10-03T18:33:43.417805+09:00
20260826,06,浜名湖,3,20260826-06-03,6,4809,外崎悟,37,埼玉,52.0,A1,5.84,35.05,6.7,45.0,25,20.63,46,33.5,6 3553541,8,https://www1.mbrace.or.jp/od2/B/202608/b260826.lzh,2026-10-03T18:33:43.417805+09:00
20260826,06,浜名湖,4,20260826-06-04,1,4365,盛本真輔,40,兵庫,52.0,A2,5.76,40.4,5.53,33.33,16,34.12,62,36.89,3252314 63,11,https://www1.mbrace.or.jp/od2/B/202608/b260826.lzh,2026-10-03T18:33:43.417805+09:00
20260826,06,浜名湖,4,20260826-06-04,2,3642,大塚浩二,55,静岡,53.0,B1,4.05,12.82,3.9,15.52,13,41.24,19,34.2,3 511 3445,10,https://www1.mbrace.or.jp/od2/B/202608/b260826.lzh,2026-10-03T18:33:43.417805+09:00
20260826,06,浜名湖,4,20260826-06-04,3,3911,鈴木猛,52,東京,53.0,B1,5.18,32.2,5.76,40.0,37,43.48,60,32.02,2 426 665,8,https://www1.mbrace.or.jp/od2/B/202608/b260826.lzh,2026-10-03T18:33:43.417805+09:00
20260826,06,浜名湖,4,20260826-06-04,4,4465,大西賢,40,東京,53.0,B1,4.51,22.54,5.0,28.57,17,43.48,56,34.34,235 436 35,9,https://www1.mbrace.or.jp/od2/B/202608/b260826.lzh,2026-10-03T18:33:43.417805+09:00
20260826,06,浜名湖,4,20260826-06-04,5,5466,成田華音,19,埼玉,52.0,B2,1.92,2.56,0.0,0.0,12,19.05,31,29.85,6 636 465,8,https://www1.mbrace.or.jp/od2/B/202608/b260826.lzh,2026-10-03T18:33:43.417805+09:00
20260826,06,浜名湖,4,20260826-06-04,6,3867,松浦勝,51,愛知,58.0,B1,3.02,9.76,3.68,18.18,50,22.22,18,38.0,665 665 6,,https://www1.mbrace.or.jp/od2/B/202608/b260826.lzh,2026-10-03T18:33:43.417805+09:00
20260826,06,浜名湖,5,20260826-06-05,1,4700,金子和之,39,埼玉,54.0,A2,5.8,39.81,5.93,37.93,35,19.3,24,37.75,143 333254,10,https://www1.mbrace.or.jp/od2/B/202608/b260826.lzh,2026-10-03T18:33:43.417805+09:00
20260826,06,浜名湖,5,20260826-06-05,2,4332,村上彰一,42,福岡,58.0,B1,4.36,21.84,5.56,38.89,4,32.94,15,36.76,653 443 3,9,https://www1.mbrace.or.jp/od2/B/202608/b260826.lzh,2026-10-03T18:33:43.417805+09:00
20260826,06,浜名湖,5,20260826-06-05,3,4106,坂井康嗣,46,佐賀,53.0,B1,4.19,21.25,4.73,26.92,30,25.37,65,33.17,4 462 2266,10,https://www1.mbrace.or.jp/od2/B/202608/b260826.lzh,2026-10-03T18:33:43.417805+09:00
20260826,06,浜名湖,5,20260826-06-05,4,3583,齋藤智裕,53,埼玉,60.0,B1,3.51,12.2,3.29,14.29,19,35.79,11,29.65,5 642 364,1,https://www1.mbrace.or.jp/od2/B/202608/b260826.lzh,2026-10-03T18:33:43.417805+09:00
20260826,06,浜名湖,5,20260826-06-05,5,5026,安河内健,31,佐賀,55.0,A1,6.68,52.89,7.33,66.67,34,34.12,53,34.48,S33 141551,9,https://www1.mbrace.or.jp/od2/B/202608/b260826.lzh,2026-10-03T18:33:43.417805+09:00
20260826,06,浜名湖,5,20260826-06-05,6,3976,内田圭,49,山口,53.0,B1,3.42,17.58,3.84,21.05,20,48.39,38,27.57,4 365 1532,,https://www1.mbrace.or.jp/od2/B/202608/b260826.lzh,2026-10-03T18:33:43.417805+09:00
20260826,06,浜名湖,6,20260826-06-06,1,5053,山口広樹,30,福岡,55.0,B1,3.58,15.38,5.71,28.57,6,33.33,74,28.72,152 264335,11,https://www1.mbrace.or.jp/od2/B/202608/b260826.lzh,2026-10-03T18:33:43.417805+09:00
20260826,06,浜名湖,6,20260826-06-06,2,5315,浅井翼,25,埼玉,51.0,B2,2.64,13.51,2.14,2.86,47,22.54,50,35.41,553 566 6,2,https://www1.mbrace.or.jp/od2/B/202608/b260826.lzh,2026-10-03T18:33:43.417805+09:00
20260826,06,浜名湖,6,20260826-06-06,3,4199,北川潤二,44,愛知,59.0,A1,6.27,44.76,6.28,44.0,31,30.14,35,35.44,66233 514S,,https://www1.mbrace.or.jp/od2/B/202608/b260826.lzh,2026-10-03T18:33:43.417805+09:00
20260826,06,浜名湖,6,20260826-06-06,4,3233,小畑実成,59,岡山,54.0,B1,4.35,19.23,5.05,28.57,23,37.08,23,33.17,4 26325 66,1,https://www1.mbrace.or.jp/od2/B/202608/b260826.lzh,2026-10-03T18:33:43.417805+09:00
20260826,06,浜名湖,6,20260826-06-06,5,3930,岸本隆,50,岡山,56.0,A2,5.11,26.21,0.0,0.0,39,18.18,16,28.42,14161 F63,1,https://www1.mbrace.or.jp/od2/B/202608/b260826.lzh,2026-10-03T18:33:43.417805+09:00
20260826,06,浜名湖,6,20260826-06-06,6,5071,野見山拓,32,福岡,53.0,B1,3.97,14.49,4.1,20.0,32,37.76,49,28.18,2 24124323,10,https://www1.mbrace.or.jp/od2/B/202608/b260826.lzh,2026-10-03T18:33:43.417805+09:00
20260826,06,浜名湖,7,20260826-06-07,1,4258,関根彰人,42,埼玉,51.0,B1,4.86,34.41,5.12,28.0,43,16.67,22,35.15,354 3 2624,1,https://www1.mbrace.or.jp/od2/B/202608/b260826.lzh,2026-10-03T18:33:43.417805+09:00
20260826,06,浜名湖,7,20260826-06-07,2,3546,中里昌志,57,埼玉,51.0,B1,4.43,18.37,4.73,20.9,3,44.16,37,33.83,362 655 1,3,https://www1.mbrace.or.jp/od2/B/202608/b260826.lzh,2026-10-03T18:33:43.417805+09:00
20260826,06,浜名湖,7,20260826-06-07,3,3876,中辻崇人,49,福岡,53.0,A1,6.98,46.03,9.1,90.0,33,20.83,36,24.38,651 315546,11,https://www1.mbrace.or.jp/od2/B/202608/b260826.lzh,2026-10-03T18:33:43.417805+09:00
20260826,06,浜名湖,7,20260826-06-07,4,3981,今坂晃広,48,静岡,53.0,B1,3.91,18.97,4.58,28.13,65,17.46,29,35.47,111 254443,11,https://www1.mbrace.or.jp/od2/B/202608/b260826.lzh,2026-10-03T18:33:43.417805+09:00
20260826,06,浜名湖,7,20260826-06-07,5,5268,山本幸也,25,福岡,56.0,B1,3.67,15.29,2.31,6.25,40,32.65,39,26.97,556 6 233,2,https://www1.mbrace.or.jp/od2/B/202608/b260826.lzh,2026-10-03T18:33:43.417805+09:00
20260826,06,浜名湖,7,20260826-06-07,6,3800,牧宏次,52,東京,53.0,A2,5.79,35.16,5.52,34.09,7,35.23,70,31.55,231 445 54,,https://www1.mbrace.or.jp/od2/B/202608/b260826.lzh,2026-10-03T18:33:43.417805+09:00
20260826,06,浜名湖,8,20260826-06-08,1,4877,鈴谷一平,31,兵庫,56.0,A1,6.25,46.61,6.0,45.45,44,36.67,13,30.85,1 5324152,1,https://www1.mbrace.or.jp/od2/B/202608/b260826.lzh,2026-10-03T18:33:43.417805+09:00
20260826,06,浜名湖,8,20260826-06-08,2,3911,鈴木猛,52,東京,53.0,B1,5.18,32.2,5.76,40.0,37,43.48,60,32.02,2 426 665,4,https://www1.mbrace.or.jp/od2/B/202608/b260826.lzh,2026-10-03T18:33:43.417805+09:00
20260826,06,浜名湖,8,20260826-06-08,3,4979,中野夢斗,30,愛知,53.0,B1,4.74,28.7,5.1,35.48,29,29.89,52,25.28,3 643 6123,3,https://www1.mbrace.or.jp/od2/B/202608/b260826.lzh,2026-10-03T18:33:43.417805+09:00
20260826,06,浜名湖,8,20260826-06-08,4,4809,外崎悟,37,埼玉,52.0,A1,5.84,35.05,6.7,45.0,25,20.63,46,33.5,6 3553541,3,https://www1.mbrace.or.jp/od2/B/202608/b260826.lzh,2026-10-03T18:33:43.417805+09:00
20260826,06,浜名湖,8,20260826-06-08,5,3825,宮嵜隆太,53,福岡,61.0,B1,3.36,17.33,0.0,0.0,27,16.36,71,36.82,645 4F6 6,2,https://www1.mbrace.or.jp/od2/B/202608/b260826.lzh,2026-10-03T18:33:43.417805+09:00
20260826,06,浜名湖,8,20260826-06-08,6,5466,成田華音,19,埼玉,52.0,B2,1.92,2.56,0.0,0.0,12,19.05,31,29.85,6 636 465,4,https://www1.mbrace.or.jp/od2/B/202608/b260826.lzh,2026-10-03T18:33:43.417805+09:00
20260826,06,浜名湖,9,20260826-06-09,1,5026,安河内健,31,佐賀,55.0,A1,6.68,52.89,7.33,66.67,34,34.12,53,34.48,S33 141551,5,https://www1.mbrace.or.jp/od2/B/202608/b260826.lzh,2026-10-03T18:33:43.417805+09:00
20260826,06,浜名湖,9,20260826-06-09,2,4465,大西賢,40,東京,53.0,B1,4.51,22.54,5.0,28.57,17,43.48,56,34.34,235 436 35,4,https://www1.mbrace.or.jp/od2/B/202608/b260826.lzh,2026-10-03T18:33:43.417805+09:00
20260826,06,浜名湖,9,20260826-06-09,3,4332,村上彰一,42,福岡,58.0,B1,4.36,21.84,5.56,38.89,4,32.94,15,36.76,653 443 3,5,https://www1.mbrace.or.jp/od2/B/202608/b260826.lzh,2026-10-03T18:33:43.417805+09:00
20260826,06,浜名湖,9,20260826-06-09,4,4785,木幡純也,38,愛知,51.0,B1,4.35,19.75,5.0,22.22,53,31.71,76,35.61,4 544 245,3,https://www1.mbrace.or.jp/od2/B/202608/b260826.lzh,2026-10-03T18:33:43.417805+09:00
20260826,06,浜名湖,9,20260826-06-09,5,4197,渥美卓郎,44,静岡,55.0,B1,3.78,17.02,4.86,32.29,38,37.5,27,29.56,5 161 6325,1,https://www1.mbrace.or.jp/od2/B/202608/b260826.lzh,2026-10-03T18:33:43.417805+09:00
20260826,06,浜名湖,9,20260826-06-09,6,4435,服部達哉,40,愛知,56.0,A2,5.54,36.46,4.56,23.53,60,14.29,69,34.33,2346515 2,2,https://www1.mbrace.or.jp/od2/B/202608/b260826.lzh,2026-10-03T18:33:43.417805+09:00
20260826,06,浜名湖,10,20260826-06-10,1,5071,野見山拓,32,福岡,53.0,B1,3.97,14.49,4.1,20.0,32,37.76,49,28.18,2 24124323,6,https://www1.mbrace.or.jp/od2/B/202608/b260826.lzh,2026-10-03T18:33:43.417805+09:00
20260826,06,浜名湖,10,20260826-06-10,2,4700,金子和之,39,埼玉,54.0,A2,5.8,39.81,5.93,37.93,35,19.3,24,37.75,143 333254,5,https://www1.mbrace.or.jp/od2/B/202608/b260826.lzh,2026-10-03T18:33:43.417805+09:00
20260826,06,浜名湖,10,20260826-06-10,3,3893,汐崎正則,50,愛知,54.0,B1,5.43,34.78,4.65,25.0,28,23.61,26,28.25,422 463214,2,https://www1.mbrace.or.jp/od2/B/202608/b260826.lzh,2026-10-03T18:33:43.417805+09:00
20260826,06,浜名湖,10,20260826-06-10,4,3642,大塚浩二,55,静岡,53.0,B1,4.05,12.82,3.9,15.52,13,41.24,19,34.2,3 511 3445,4,https://www1.mbrace.or.jp/od2/B/202608/b260826.lzh,2026-10-03T18:33:43.417805+09:00
20260826,06,浜名湖,10,20260826-06-10,5,4057,松井賢治,47,兵庫,52.0,A2,5.91,41.54,5.9,40.0,15,27.14,21,42.65,5 324 4225,3,https://www1.mbrace.or.jp/od2/B/202608/b260826.lzh,2026-10-03T18:33:43.417805+09:00
20260826,06,浜名湖,10,20260826-06-10,6,4106,坂井康嗣,46,佐賀,53.0,B1,4.19,21.25,4.73,26.92,30,25.37,65,33.17,4 462 2266,5,https://www1.mbrace.or.jp/od2/B/202608/b260826.lzh,2026-10-03T18:33:43.417805+09:00
20260826,06,浜名湖,11,20260826-06-11,1,3981,今坂晃広,48,静岡,53.0,B1,3.91,18.97,4.58,28.13,65,17.46,29,35.47,111 254443,7,https://www1.mbrace.or.jp/od2/B/202608/b260826.lzh,2026-10-03T18:33:43.417805+09:00
20260826,06,浜名湖,11,20260826-06-11,2,4365,盛本真輔,40,兵庫,52.0,A2,5.76,40.4,5.53,33.33,16,34.12,62,36.89,3252314 63,4,https://www1.mbrace.or.jp/od2/B/202608/b260826.lzh,2026-10-03T18:33:43.417805+09:00
20260826,06,浜名湖,11,20260826-06-11,3,4966,田川大貴,28,長崎,54.0,B1,4.93,32.29,4.4,40.0,49,29.67,75,24.86,1 45263344,3,https://www1.mbrace.or.jp/od2/B/202608/b260826.lzh,2026-10-03T18:33:43.417805+09:00
20260826,06,浜名湖,11,20260826-06-11,4,5053,山口広樹,30,福岡,55.0,B1,3.58,15.38,5.71,28.57,6,33.33,74,28.72,152 264335,6,https://www1.mbrace.or.jp/od2/B/202608/b260826.lzh,2026-10-03T18:33:43.417805+09:00
20260826,06,浜名湖,11,20260826-06-11,5,3876,中辻崇人,49,福岡,53.0,A1,6.98,46.03,9.1,90.0,33,20.83,36,24.38,651 315546,7,https://www1.mbrace.or.jp/od2/B/202608/b260826.lzh,2026-10-03T18:33:43.417805+09:00
20260826,06,浜名湖,11,20260826-06-11,6,4608,荒井翔伍,36,東京,56.0,A2,5.83,38.64,5.28,31.03,1,41.41,12,37.75,2 2S553 12,2,https://www1.mbrace.or.jp/od2/B/202608/b260826.lzh,2026-10-03T18:33:43.417805+09:00
20260826,06,浜名湖,12,20260826-06-12,1,4980,佐々木完,30,山口,50.0,A1,7.12,53.33,7.53,65.63,22,42.05,72,32.18,12113 1111,,https://www1.mbrace.or.jp/od2/B/202608/b260826.lzh,2026-10-03T18:33:43.417805+09:00
20260826,06,浜名湖,12,20260826-06-12,2,4074,柳沢一,45,愛知,51.0,A1,6.54,47.73,6.5,44.44,48,41.05,58,36.27,3411111 41,,https://www1.mbrace.or.jp/od2/B/202608/b260826.lzh,2026-10-03T18:33:43.417805+09:00
20260826,06,浜名湖,12,20260826-06-12,3,4278,藤岡俊介,43,兵庫,52.0,A1,6.89,56.06,7.67,73.33,41,23.08,30,37.76,1122224 11,,https://www1.mbrace.or.jp/od2/B/202608/b260826.lzh,2026-10-03T18:33:43.417805+09:00
20260826,06,浜名湖,12,20260826-06-12,4,5269,山口晃朋,25,静岡,51.0,A2,5.85,42.86,4.99,31.95,2,43.02,33,32.37,211S1 1212,,https://www1.mbrace.or.jp/od2/B/202608/b260826.lzh,2026-10-03T18:33:43.417805+09:00
20260826,06,浜名湖,12,20260826-06-12,5,4553,坪口竜也,37,長崎,53.0,A2,5.8,36.7,6.0,50.0,26,40.59,67,38.69,34133 1112,,https://www1.mbrace.or.jp/od2/B/202608/b260826.lzh,2026-10-03T18:33:43.417805+09:00
20260826,06,浜名湖,12,20260826-06-12,6,4323,山田佑樹,39,岡山,56.0,B1,5.74,44.55,6.0,62.5,5,41.76,55,25.93,216 122232,,https://www1.mbrace.or.jp/od2/B/202608/b260826.lzh,2026-10-03T18:33:43.417805+09:00
20260826,03,江戸川,1,20260826-03-01,1,4693,松下誉士,42,福岡,54.0,B1,3.93,19.05,4.84,25.0,10,35.85,41,41.38,2 262 425,7,https://www1.mbrace.or.jp/od2/B/202608/b260826.lzh,2026-10-03T18:33:43.417805+09:00
20260826,03,江戸川,1,20260826-03-01,2,4041,小林基樹,47,山口,53.0,B1,4.16,19.35,3.89,18.52,61,31.48,14,29.17,256 43456,5,https://www1.mbrace.or.jp/od2/B/202608/b260826.lzh,2026-10-03T18:33:43.417805+09:00
20260826,03,江戸川,1,20260826-03-01,3,5063,大塚雅治,28,東京,55.0,B1,4.6,21.59,3.97,20.0,36,49.12,13,38.89,221 425 13,10,https://www1.mbrace.or.jp/od2/B/202608/b260826.lzh,2026-10-03T18:33:43.417805+09:00
20260826,03,江戸川,1,20260826-03-01,4,4943,八木治樹,35,愛知,54.0,B1,4.32,18.52,5.31,33.33,53,34.55,58,17.86,146 453 32,9,https://www1.mbrace.or.jp/od2/B/202608/b260826.lzh,2026-10-03T18:33:43.417805+09:00
20260826,03,江戸川,1,20260826-03-01,5,5312,川辺郭人,26,佐賀,54.0,B1,3.7,12.87,2.4,0.0,19,25.45,50,30.77,5 465 566,8,https://www1.mbrace.or.jp/od2/B/202608/b260826.lzh,2026-10-03T18:33:43.417805+09:00
20260826,03,江戸川,1,20260826-03-01,6,4895,門間雄大,35,東京,55.0,A2,5.07,24.47,2.75,0.0,66,26.42,39,50.0,4 45F 355,6,https://www1.mbrace.or.jp/od2/B/202608/b260826.lzh,2026-10-03T18:33:43.417805+09:00
20260826,03,江戸川,2,20260826-03-02,1,5181,森智哉,28,岡山,53.0,B1,5.14,34.21,5.23,36.36,14,16.67,22,28.57,6 565 564,8,https://www1.mbrace.or.jp/od2/B/202608/b260826.lzh,2026-10-03T18:33:43.417805+09:00
20260826,03,江戸川,2,20260826-03-02,2,5307,富永夏哉,23,佐賀,51.0,B1,4.67,28.3,5.56,33.33,70,18.97,17,41.51,6 154 546,7,https://www1.mbrace.or.jp/od2/B/202608/b260826.lzh,2026-10-03T18:33:43.417805+09:00
20260826,03,江戸川,2,20260826-03-02,3,4213,重富伸也,42,長崎,54.0,B1,3.76,21.35,5.07,33.33,16,39.62,26,39.29,5 236 664,6,https://www1.mbrace.or.jp/od2/B/202608/b260826.lzh,2026-10-03T18:33:43.417805+09:00
20260826,03,江戸川,2,20260826-03-02,4,3935,岩津徹郎,49,岡山,54.0,B1,5.32,35.87,5.21,42.42,46,48.15,31,23.21,442 212 16,11,https://www1.mbrace.or.jp/od2/B/202608/b260826.lzh,2026-10-03T18:33:43.417805+09:00
20260826,03,江戸川,2,20260826-03-02,5,5101,表健太,29,福岡,56.0,B1,3.13,4.41,4.1,30.0,57,47.37,47,40.0,646 254F5,9,https://www1.mbrace.or.jp/od2/B/202608/b260826.lzh,2026-10-03T18:33:43.417805+09:00
20260826,03,江戸川,2,20260826-03-02,6,5137,川原涼,26,愛知,54.0,A2,5.24,37.84,4.72,30.56,26,29.31,48,23.53,6 22113 44,10,https://www1.mbrace.or.jp/od2/B/202608/b260826.lzh,2026-10-03T18:33:43.417805+09:00
20260826,03,江戸川,3,20260826-03-03,1,4933,板橋侑我,30,静岡,55.0,A2,6.02,34.41,6.69,50.0,21,23.53,51,22.81,3 542 121,9,https://www1.mbrace.or.jp/od2/B/202608/b260826.lzh,2026-10-03T18:33:43.417805+09:00
20260826,03,江戸川,3,20260826-03-03,2,4118,宇佐見淳,45,愛知,52.0,A2,5.69,35.66,6.25,48.08,71,41.51,32,43.64,2 233 351,10,https://www1.mbrace.or.jp/od2/B/202608/b260826.lzh,2026-10-03T18:33:43.417805+09:00
20260826,03,江戸川,3,20260826-03-03,3,5100,栗原一馬,29,群馬,57.0,B1,4.74,28.21,4.14,16.67,67,25.0,45,33.93,5 645 264,7,https://www1.mbrace.or.jp/od2/B/202608/b260826.lzh,2026-10-03T18:33:43.417805+09:00
20260826,03,江戸川,3,20260826-03-03,4,5249,三木晴斗,24,徳島,53.0,B1,5.08,29.76,4.89,21.43,63,28.3,18,24.56,533 12661,8,https://www1.mbrace.or.jp/od2/B/202608/b260826.lzh,2026-10-03T18:33:43.417805+09:00
20260826,03,江戸川,3,20260826-03-03,5,4161,黒柳浩孝,44,愛知,55.0,B1,5.35,34.96,6.23,42.47,23,35.29,19,33.33,1 515 1325,11,https://www1.mbrace.or.jp/od2/B/202608/b260826.lzh,2026-10-03T18:33:43.417805+09:00
20260826,03,江戸川,3,20260826-03-03,6,5276,大島隆乃,24,福岡,51.0,B1,4.94,24.75,5.15,25.93,39,23.21,21,31.48,431 541 36,,https://www1.mbrace.or.jp/od2/B/202608/b260826.lzh,2026-10-03T18:33:43.417805+09:00
20260826,03,江戸川,4,20260826-03-04,1,5261,岡暢祐,28,長崎,52.0,B1,4.06,18.52,4.45,21.21,69,38.0,70,20.37,2 652 421,10,https://www1.mbrace.or.jp/od2/B/202608/b260826.lzh,2026-10-03T18:33:43.417805+09:00
20260826,03,江戸川,4,20260826-03-04,2,5259,野田昇吾,33,埼玉,57.0,B2,3.29,10.67,2.72,9.2,15,30.19,10,49.06,5 553 342,8,https://www1.mbrace.or.jp/od2/B/202608/b260826.lzh,2026-10-03T18:33:43.417805+09:00
20260826,03,江戸川,4,20260826-03-04,3,4857,加藤翔馬,29,兵庫,56.0,A1,7.15,60.0,6.57,42.86,34,48.08,28,34.55,134 312 11,11,https://www1.mbrace.or.jp/od2/B/202608/b260826.lzh,2026-10-03T18:33:43.417805+09:00
20260826,03,江戸川,4,20260826-03-04,4,5329,金子龍斗,22,兵庫,50.0,B1,4.93,32.86,3.88,12.0,54,28.85,69,22.22,143 42646,9,https://www1.mbrace.or.jp/od2/B/202608/b260826.lzh,2026-10-03T18:33:43.417805+09:00
20260826,03,江戸川,4,20260826-03-04,5,4124,池田雄一,44,静岡,52.0,A2,5.89,40.38,6.53,41.18,35,33.33,34,31.48,315 441 34,,https://www1.mbrace.or.jp/od2/B/202608/b260826.lzh,2026-10-03T18:33:43.417805+09:00
20260826,03,江戸川,4,20260826-03-04,6,4705,吉川勇作,38,長崎,56.0,B1,2.96,11.0,4.27,18.64,11,22.64,33,32.73,6 466 665,,https://www1.mbrace.or.jp/od2/B/202608/b260826.lzh,2026-10-03T18:33:43.417805+09:00
20260826,03,江戸川,5,20260826-03-05,1,4169,多田有佑,44,東京,55.0,B1,4.07,20.0,4.06,19.44,64,46.15,24,31.48,35325 252,9,https://www1.mbrace.or.jp/od2/B/202608/b260826.lzh,2026-10-03T18:33:43.417805+09:00
20260826,03,江戸川,5,20260826-03-05,2,5210,藤井公人,27,福岡,55.0,A2,5.69,44.34,4.36,20.51,31,39.29,57,24.49,1 54334 12,11,https://www1.mbrace.or.jp/od2/B/202608/b260826.lzh,2026-10-03T18:33:43.417805+09:00
20260826,03,江戸川,5,20260826-03-05,3,4041,小林基樹,47,山口,53.0,B1,4.16,19.35,3.89,18.52,61,31.48,14,29.17,256 43456,1,https://www1.mbrace.or.jp/od2/B/202608/b260826.lzh,2026-10-03T18:33:43.417805+09:00
20260826,03,江戸川,5,20260826-03-05,4,5253,藤井太雅,23,東京,54.0,B2,3.15,6.25,3.22,10.39,17,35.85,67,37.5,4 331 5463,9,https://www1.mbrace.or.jp/od2/B/202608/b260826.lzh,2026-10-03T18:33:43.417805+09:00
20260826,03,江戸川,5,20260826-03-05,5,5132,中野希一,27,埼玉,52.0,A1,6.94,57.34,5.82,40.0,56,45.1,71,33.96,151 352315,10,https://www1.mbrace.or.jp/od2/B/202608/b260826.lzh,2026-10-03T18:33:43.417805+09:00
20260826,03,江戸川,5,20260826-03-05,6,4129,宇野博之,46,愛知,57.0,B1,3.74,15.12,4.05,23.81,40,16.98,68,25.49,532 66F 45,,https://www1.mbrace.or.jp/od2/B/202608/b260826.lzh,2026-10-03T18:33:43.417805+09:00
20260826,03,江戸川,6,20260826-03-06,1,5103,芝田京介,28,埼玉,54.0,B2,3.34,17.02,4.11,17.5,51,23.64,30,32.14,154 612 24,11,https://www1.mbrace.or.jp/od2/B/202608/b260826.lzh,2026-10-03T18:33:43.417805+09:00
20260826,03,江戸川,6,20260826-03-06,2,4213,重富伸也,42,長崎,54.0,B1,3.76,21.35,5.07,33.33,16,39.62,26,39.29,5 236 664,2,https://www1.mbrace.or.jp/od2/B/202608/b260826.lzh,2026-10-03T18:33:43.417805+09:00
20260826,03,江戸川,6,20260826-03-06,3,3812,山崎聖司,50,東京,52.0,B1,4.09,14.86,4.85,26.83,25,46.43,40,38.89,2 334 1452,,https://www1.mbrace.or.jp/od2/B/202608/b260826.lzh,2026-10-03T18:33:43.417805+09:00
20260826,03,江戸川,6,20260826-03-06,4,5199,垂水悠,24,徳島,56.0,B1,4.77,29.47,8.09,72.73,55,30.36,55,44.44,261 161126,10,https://www1.mbrace.or.jp/od2/B/202608/b260826.lzh,2026-10-03T18:33:43.417805+09:00
20260826,03,江戸川,6,20260826-03-06,5,4895,門間雄大,35,東京,55.0,A2,5.07,24.47,2.75,0.0,66,26.42,39,50.0,4 45F 355,1,https://www1.mbrace.or.jp/od2/B/202608/b260826.lzh,2026-10-03T18:33:43.417805+09:00
20260826,03,江戸川,6,20260826-03-06,6,4167,片岡秀樹,44,徳島,57.0,B1,4.21,17.86,4.61,29.03,45,32.08,60,38.33,321 356 33,,https://www1.mbrace.or.jp/od2/B/202608/b260826.lzh,2026-10-03T18:33:43.417805+09:00
20260826,03,江戸川,7,20260826-03-07,1,4475,末永祐輝,38,山口,54.0,A1,5.74,34.31,6.29,38.71,41,29.63,59,27.87,354 542 53,,https://www1.mbrace.or.jp/od2/B/202608/b260826.lzh,2026-10-03T18:33:43.417805+09:00
20260826,03,江戸川,7,20260826-03-07,2,5100,栗原一馬,29,群馬,57.0,B1,4.74,28.21,4.14,16.67,67,25.0,45,33.93,5 645 264,3,https://www1.mbrace.or.jp/od2/B/202608/b260826.lzh,2026-10-03T18:33:43.417805+09:00
20260826,03,江戸川,7,20260826-03-07,3,5048,眞鳥康太,32,長崎,54.0,B1,4.55,25.97,5.94,48.48,52,41.51,63,35.59,333 S22 66,,https://www1.mbrace.or.jp/od2/B/202608/b260826.lzh,2026-10-03T18:33:43.417805+09:00
20260826,03,江戸川,7,20260826-03-07,4,5307,富永夏哉,23,佐賀,51.0,B1,4.67,28.3,5.56,33.33,70,18.97,17,41.51,6 154 546,2,https://www1.mbrace.or.jp/od2/B/202608/b260826.lzh,2026-10-03T18:33:43.417805+09:00
20260826,03,江戸川,7,20260826-03-07,5,4693,松下誉士,42,福岡,54.0,B1,3.93,19.05,4.84,25.0,10,35.85,41,41.38,2 262 425,1,https://www1.mbrace.or.jp/od2/B/202608/b260826.lzh,2026-10-03T18:33:43.417805+09:00
20260826,03,江戸川,7,20260826-03-07,6,3715,倉尾大介,51,福岡,54.0,A2,5.5,34.15,4.86,28.57,12,36.54,54,25.0,2 122 3544,11,https://www1.mbrace.or.jp/od2/B/202608/b260826.lzh,2026-10-03T18:33:43.417805+09:00
20260826,03,江戸川,8,20260826-03-08,1,5065,伊久間陽,28,群馬,53.0,A2,5.33,37.93,5.2,37.5,49,40.38,12,35.29,453 561 54,,https://www1.mbrace.or.jp/od2/B/202608/b260826.lzh,2026-10-03T18:33:43.417805+09:00
20260826,03,江戸川,8,20260826-03-08,2,5312,川辺郭人,26,佐賀,54.0,B1,3.7,12.87,2.4,0.0,19,25.45,50,30.77,5 465 566,1,https://www1.mbrace.or.jp/od2/B/202608/b260826.lzh,2026-10-03T18:33:43.417805+09:00
20260826,03,江戸川,8,20260826-03-08,3,5181,森智哉,28,岡山,53.0,B1,5.14,34.21,5.23,36.36,14,16.67,22,28.57,6 565 564,2,https://www1.mbrace.or.jp/od2/B/202608/b260826.lzh,2026-10-03T18:33:43.417805+09:00
20260826,03,江戸川,8,20260826-03-08,4,5259,野田昇吾,33,埼玉,57.0,B2,3.29,10.67,2.72,9.2,15,30.19,10,49.06,5 553 342,4,https://www1.mbrace.or.jp/od2/B/202608/b260826.lzh,2026-10-03T18:33:43.417805+09:00
20260826,03,江戸川,8,20260826-03-08,5,5249,三木晴斗,24,徳島,53.0,B1,5.08,29.76,4.89,21.43,63,28.3,18,24.56,533 12661,3,https://www1.mbrace.or.jp/od2/B/202608/b260826.lzh,2026-10-03T18:33:43.417805+09:00
20260826,03,江戸川,8,20260826-03-08,6,5388,佐野優都,19,徳島,52.0,B1,3.63,15.0,4.17,16.67,29,23.08,35,31.48,4 56665 65,,https://www1.mbrace.or.jp/od2/B/202608/b260826.lzh,2026-10-03T18:33:43.417805+09:00
20260826,03,江戸川,9,20260826-03-09,1,5253,藤井太雅,23,東京,54.0,B2,3.15,6.25,3.22,10.39,17,35.85,67,37.5,4 331 5463,5,https://www1.mbrace.or.jp/od2/B/202608/b260826.lzh,2026-10-03T18:33:43.417805+09:00
20260826,03,江戸川,9,20260826-03-09,2,4943,八木治樹,35,愛知,54.0,B1,4.32,18.52,5.31,33.33,53,34.55,58,17.86,146 453 32,1,https://www1.mbrace.or.jp/od2/B/202608/b260826.lzh,2026-10-03T18:33:43.417805+09:00
20260826,03,江戸川,9,20260826-03-09,3,4169,多田有佑,44,東京,55.0,B1,4.07,20.0,4.06,19.44,64,46.15,24,31.48,35325 252,5,https://www1.mbrace.or.jp/od2/B/202608/b260826.lzh,2026-10-03T18:33:43.417805+09:00
20260826,03,江戸川,9,20260826-03-09,4,4933,板橋侑我,30,静岡,55.0,A2,6.02,34.41,6.69,50.0,21,23.53,51,22.81,3 542 121,3,https://www1.mbrace.or.jp/od2/B/202608/b260826.lzh,2026-10-03T18:33:43.417805+09:00
20260826,03,江戸川,9,20260826-03-09,5,5329,金子龍斗,22,兵庫,50.0,B1,4.93,32.86,3.88,12.0,54,28.85,69,22.22,143 42646,4,https://www1.mbrace.or.jp/od2/B/202608/b260826.lzh,2026-10-03T18:33:43.417805+09:00
20260826,03,江戸川,9,20260826-03-09,6,5101,表健太,29,福岡,56.0,B1,3.13,4.41,4.1,30.0,57,47.37,47,40.0,646 254F5,2,https://www1.mbrace.or.jp/od2/B/202608/b260826.lzh,2026-10-03T18:33:43.417805+09:00
20260826,03,江戸川,10,20260826-03-10,1,5137,川原涼,26,愛知,54.0,A2,5.24,37.84,4.72,30.56,26,29.31,48,23.53,6 22113 44,2,https://www1.mbrace.or.jp/od2/B/202608/b260826.lzh,2026-10-03T18:33:43.417805+09:00
20260826,03,江戸川,10,20260826-03-10,2,5132,中野希一,27,埼玉,52.0,A1,6.94,57.34,5.82,40.0,56,45.1,71,33.96,151 352315,5,https://www1.mbrace.or.jp/od2/B/202608/b260826.lzh,2026-10-03T18:33:43.417805+09:00
20260826,03,江戸川,10,20260826-03-10,3,5199,垂水悠,24,徳島,56.0,B1,4.77,29.47,8.09,72.73,55,30.36,55,44.44,261 161126,6,https://www1.mbrace.or.jp/od2/B/202608/b260826.lzh,2026-10-03T18:33:43.417805+09:00
20260826,03,江戸川,10,20260826-03-10,4,5063,大塚雅治,28,東京,55.0,B1,4.6,21.59,3.97,20.0,36,49.12,13,38.89,221 425 13,1,https://www1.mbrace.or.jp/od2/B/202608/b260826.lzh,2026-10-03T18:33:43.417805+09:00
20260826,03,江戸川,10,20260826-03-10,5,4118,宇佐見淳,45,愛知,52.0,A2,5.69,35.66,6.25,48.08,71,41.51,32,43.64,2 233 351,3,https://www1.mbrace.or.jp/od2/B/202608/b260826.lzh,2026-10-03T18:33:43.417805+09:00
20260826,03,江戸川,10,20260826-03-10,6,5261,岡暢祐,28,長崎,52.0,B1,4.06,18.52,4.45,21.21,69,38.0,70,20.37,2 652 421,4,https://www1.mbrace.or.jp/od2/B/202608/b260826.lzh,2026-10-03T18:33:43.417805+09:00
20260826,03,江戸川,11,20260826-03-11,1,3715,倉尾大介,51,福岡,54.0,A2,5.5,34.15,4.86,28.57,12,36.54,54,25.0,2 122 3544,7,https://www1.mbrace.or.jp/od2/B/202608/b260826.lzh,2026-10-03T18:33:43.417805+09:00
20260826,03,江戸川,11,20260826-03-11,2,4161,黒柳浩孝,44,愛知,55.0,B1,5.35,34.96,6.23,42.47,23,35.29,19,33.33,1 515 1325,3,https://www1.mbrace.or.jp/od2/B/202608/b260826.lzh,2026-10-03T18:33:43.417805+09:00
20260826,03,江戸川,11,20260826-03-11,3,3935,岩津徹郎,49,岡山,54.0,B1,5.32,35.87,5.21,42.42,46,48.15,31,23.21,442 212 16,2,https://www1.mbrace.or.jp/od2/B/202608/b260826.lzh,2026-10-03T18:33:43.417805+09:00
20260826,03,江戸川,11,20260826-03-11,4,4857,加藤翔馬,29,兵庫,56.0,A1,7.15,60.0,6.57,42.86,34,48.08,28,34.55,134 312 11,4,https://www1.mbrace.or.jp/od2/B/202608/b260826.lzh,2026-10-03T18:33:43.417805+09:00
20260826,03,江戸川,11,20260826-03-11,5,5210,藤井公人,27,福岡,55.0,A2,5.69,44.34,4.36,20.51,31,39.29,57,24.49,1 54334 12,5,https://www1.mbrace.or.jp/od2/B/202608/b260826.lzh,2026-10-03T18:33:43.417805+09:00
20260826,03,江戸川,11,20260826-03-11,6,5103,芝田京介,28,埼玉,54.0,B2,3.34,17.02,4.11,17.5,51,23.64,30,32.14,154 612 24,6,https://www1.mbrace.or.jp/od2/B/202608/b260826.lzh,2026-10-03T18:33:43.417805+09:00
20260826,03,江戸川,12,20260826-03-12,1,4504,前田将太,38,福岡,55.0,A1,6.83,49.61,6.19,38.1,30,50.0,53,46.3,2 12311 41,,https://www1.mbrace.or.jp/od2/B/202608/b260826.lzh,2026-10-03T18:33:43.417805+09:00
20260826,03,江戸川,12,20260826-03-12,2,5028,原田才一,29,福岡,51.0,A1,7.21,58.21,6.47,47.37,59,29.63,27,57.69,161 212151,,https://www1.mbrace.or.jp/od2/B/202608/b260826.lzh,2026-10-03T18:33:43.417805+09:00
20260826,03,江戸川,12,20260826-03-12,3,4403,木下大將,41,福岡,53.0,A2,6.5,47.41,5.65,44.12,33,25.93,56,35.85,241 133 22,,https://www1.mbrace.or.jp/od2/B/202608/b260826.lzh,2026-10-03T18:33:43.417805+09:00
20260826,03,江戸川,12,20260826-03-12,4,4790,柳内敬太,36,兵庫,51.0,A1,6.13,39.05,0.0,0.0,32,36.54,36,35.09,112 343 32,,https://www1.mbrace.or.jp/od2/B/202608/b260826.lzh,2026-10-03T18:33:43.417805+09:00
20260826,03,江戸川,12,20260826-03-12,5,4028,田村隆信,48,徳島,60.0,A1,5.79,40.74,6.51,40.54,13,44.23,62,31.37,1 433 3133,,https://www1.mbrace.or.jp/od2/B/202608/b260826.lzh,2026-10-03T18:33:43.417805+09:00
20260826,03,江戸川,12,20260826-03-12,6,4737,竹井貴史,35,福岡,55.0,A1,7.02,58.72,7.78,77.78,24,29.63,29,44.0,4 612 3123,,https://www1.mbrace.or.jp/od2/B/202608/b260826.lzh,2026-10-03T18:33:43.417805+09:00
20260826,01,桐生,1,20260826-01-01,1,3959,坪井康晴,48,静岡,54.0,A1,7.12,48.33,7.61,55.56,45,38.36,74,34.73,4,6,https://www1.mbrace.or.jp/od2/B/202608/b260826.lzh,2026-10-03T18:33:43.417805+09:00
20260826,01,桐生,1,20260826-01-01,2,4682,大上卓人,35,広島,53.0,A1,7.22,49.17,6.55,42.42,47,29.28,38,35.93,1,11,https://www1.mbrace.or.jp/od2/B/202608/b260826.lzh,2026-10-03T18:33:43.417805+09:00
20260826,01,桐生,1,20260826-01-01,3,3783,瓜生正義,50,福岡,53.0,A1,6.79,41.61,6.77,45.16,46,37.64,56,39.55,3,7,https://www1.mbrace.or.jp/od2/B/202608/b260826.lzh,2026-10-03T18:33:43.417805+09:00
20260826,01,桐生,1,20260826-01-01,4,4847,佐藤隆太,32,東京,53.0,A1,7.15,51.75,5.31,23.08,12,40.13,25,30.06,5,,https://www1.mbrace.or.jp/od2/B/202608/b260826.lzh,2026-10-03T18:33:43.417805+09:00
20260826,01,桐生,1,20260826-01-01,5,4446,和田兼輔,39,兵庫,53.0,A1,6.8,50.89,6.0,41.67,32,43.85,26,29.94,1,10,https://www1.mbrace.or.jp/od2/B/202608/b260826.lzh,2026-10-03T18:33:43.417805+09:00
20260826,01,桐生,1,20260826-01-01,6,4445,宮地元輝,39,佐賀,54.0,A1,7.08,47.12,5.33,33.33,65,36.87,39,32.02,6,9,https://www1.mbrace.or.jp/od2/B/202608/b260826.lzh,2026-10-03T18:33:43.417805+09:00
20260826,01,桐生,2,20260826-01-02,1,4685,島村隆幸,35,徳島,52.0,A1,7.44,59.41,7.28,66.67,37,33.15,24,34.55,36,,https://www1.mbrace.or.jp/od2/B/202608/b260826.lzh,2026-10-03T18:33:43.417805+09:00
20260826,01,桐生,2,20260826-01-02,2,4787,椎名豊,37,群馬,52.0,A1,7.71,69.84,7.29,59.44,48,32.6,48,39.08,6,9,https://www1.mbrace.or.jp/od2/B/202608/b260826.lzh,2026-10-03T18:33:43.417805+09:00
20260826,01,桐生,2,20260826-01-02,3,4061,萩原秀人,47,福井,54.0,A1,7.53,58.87,6.71,47.06,33,41.01,71,41.21,3,12,https://www1.mbrace.or.jp/od2/B/202608/b260826.lzh,2026-10-03T18:33:43.417805+09:00
20260826,01,桐生,2,20260826-01-02,4,4719,上條暢嵩,32,大阪,51.0,A1,7.5,47.9,8.05,57.89,15,41.32,55,29.88,5,8,https://www1.mbrace.or.jp/od2/B/202608/b260826.lzh,2026-10-03T18:33:43.417805+09:00
20260826,01,桐生,2,20260826-01-02,5,4262,馬場貴也,42,滋賀,54.0,A1,7.7,51.52,6.74,40.74,59,40.26,60,37.22,24,,https://www1.mbrace.or.jp/od2/B/202608/b260826.lzh,2026-10-03T18:33:43.417805+09:00
20260826,01,桐生,2,20260826-01-02,6,4266,長田頼宗,41,東京,51.0,A1,6.93,49.15,6.05,40.54,35,42.68,20,30.57,3,7,https://www1.mbrace.or.jp/od2/B/202608/b260826.lzh,2026-10-03T18:33:43.417805+09:00
20260826,01,桐生,3,20260826-01-03,1,4497,桑原悠,39,長崎,52.0,A1,7.51,58.33,5.29,23.53,34,37.63,21,32.2,5,,https://www1.mbrace.or.jp/od2/B/202608/b260826.lzh,2026-10-03T18:33:43.417805+09:00
20260826,01,桐生,3,20260826-01-03,2,3590,濱野谷憲,52,東京,55.0,A1,7.03,48.28,7.3,60.0,60,44.38,57,41.21,2,10,https://www1.mbrace.or.jp/od2/B/202608/b260826.lzh,2026-10-03T18:33:43.417805+09:00
20260826,01,桐生,3,20260826-01-03,3,4418,茅原悠紀,39,岡山,53.0,A1,7.68,52.34,6.67,33.33,31,35.5,73,38.1,4,12,https://www1.mbrace.or.jp/od2/B/202608/b260826.lzh,2026-10-03T18:33:43.417805+09:00
20260826,01,桐生,3,20260826-01-03,4,4477,篠崎仁志,38,福岡,55.0,A1,7.24,45.61,5.88,17.65,30,46.58,15,41.21,1,9,https://www1.mbrace.or.jp/od2/B/202608/b260826.lzh,2026-10-03T18:33:43.417805+09:00
20260826,01,桐生,3,20260826-01-03,5,4851,関浩哉,31,群馬,51.0,A1,7.43,44.23,7.8,61.98,67,35.63,29,31.79,41,,https://www1.mbrace.or.jp/od2/B/202608/b260826.lzh,2026-10-03T18:33:43.417805+09:00
20260826,01,桐生,3,20260826-01-03,6,4337,平本真之,42,愛知,56.0,A1,7.4,50.0,6.31,38.46,43,26.24,18,30.25,52,,https://www1.mbrace.or.jp/od2/B/202608/b260826.lzh,2026-10-03T18:33:43.417805+09:00
20260826,01,桐生,4,20260826-01-04,1,4362,土屋智則,41,群馬,52.0,A1,6.91,49.62,7.5,59.35,71,32.48,70,30.11,2,,https://www1.mbrace.or.jp/od2/B/202608/b260826.lzh,2026-10-03T18:33:43.417805+09:00
20260826,01,桐生,4,20260826-01-04,2,4547,中田竜太,38,埼玉,51.0,A1,6.84,41.96,6.31,34.38,40,32.28,44,40.72,5,,https://www1.mbrace.or.jp/od2/B/202608/b260826.lzh,2026-10-03T18:33:43.417805+09:00
20260826,01,桐生,4,20260826-01-04,3,4939,宮之原輝,28,東京,52.0,A1,7.49,60.91,6.67,50.0,49,34.41,30,33.15,14,,https://www1.mbrace.or.jp/od2/B/202608/b260826.lzh,2026-10-03T18:33:43.417805+09:00
20260826,01,桐生,4,20260826-01-04,4,3854,吉川元浩,53,兵庫,52.0,A1,6.95,46.02,7.0,46.67,57,30.41,72,30.82,6,8,https://www1.mbrace.or.jp/od2/B/202608/b260826.lzh,2026-10-03T18:33:43.417805+09:00
20260826,01,桐生,4,20260826-01-04,5,4831,羽野直也,31,福岡,54.0,A1,7.33,56.19,6.03,32.35,11,32.58,52,41.42,4,10,https://www1.mbrace.or.jp/od2/B/202608/b260826.lzh,2026-10-03T18:33:43.417805+09:00
20260826,01,桐生,4,20260826-01-04,6,3941,池田浩二,48,愛知,53.0,A1,7.71,49.21,7.26,51.85,72,29.94,42,34.08,3,9,https://www1.mbrace.or.jp/od2/B/202608/b260826.lzh,2026-10-03T18:33:43.417805+09:00
20260826,01,桐生,5,20260826-01-05,1,4604,岩瀬裕亮,38,愛知,52.0,A1,7.26,52.48,6.77,42.86,13,29.27,54,36.87,55,,https://www1.mbrace.or.jp/od2/B/202608/b260826.lzh,2026-10-03T18:33:43.417805+09:00
20260826,01,桐生,5,20260826-01-05,2,4494,河合佑樹,39,静岡,52.0,A1,6.95,48.42,5.78,30.56,29,27.54,12,30.59,5,11,https://www1.mbrace.or.jp/od2/B/202608/b260826.lzh,2026-10-03T18:33:43.417805+09:00
20260826,01,桐生,5,20260826-01-05,3,4188,久田敏之,45,群馬,52.0,A1,7.98,66.93,7.53,61.43,51,31.82,17,35.98,6,10,https://www1.mbrace.or.jp/od2/B/202608/b260826.lzh,2026-10-03T18:33:43.417805+09:00
20260826,01,桐生,5,20260826-01-05,4,4030,森高一真,48,香川,49.0,A1,6.84,39.06,6.98,44.19,21,33.33,47,32.02,4,,https://www1.mbrace.or.jp/od2/B/202608/b260826.lzh,2026-10-03T18:33:43.417805+09:00
20260826,01,桐生,5,20260826-01-05,5,4024,井口佳典,49,三重,52.0,A1,6.73,46.79,6.79,47.62,36,27.22,28,30.64,4,,https://www1.mbrace.or.jp/od2/B/202608/b260826.lzh,2026-10-03T18:33:43.417805+09:00
20260826,01,桐生,5,20260826-01-05,6,4371,西山貴浩,39,福岡,52.0,A1,7.25,48.15,6.6,50.0,52,26.4,61,39.76,4,12,https://www1.mbrace.or.jp/od2/B/202608/b260826.lzh,2026-10-03T18:33:43.417805+09:00
20260826,01,桐生,6,20260826-01-06,1,3415,松井繁,56,大阪,52.0,A1,7.16,46.15,6.61,36.96,62,42.31,40,30.95,5,,https://www1.mbrace.or.jp/od2/B/202608/b260826.lzh,2026-10-03T18:33:43.417805+09:00
20260826,01,桐生,6,20260826-01-06,2,3942,寺田祥,47,山口,56.0,A1,6.94,55.14,4.87,16.67,69,35.63,36,34.64,6,,https://www1.mbrace.or.jp/od2/B/202608/b260826.lzh,2026-10-03T18:33:43.417805+09:00
20260826,01,桐生,6,20260826-01-06,3,3959,坪井康晴,48,静岡,54.0,A1,7.12,48.33,7.61,55.56,45,38.36,74,34.73,4,1,https://www1.mbrace.or.jp/od2/B/202608/b260826.lzh,2026-10-03T18:33:43.417805+09:00
20260826,01,桐生,6,20260826-01-06,4,4848,仲谷颯仁,32,福岡,52.0,A1,7.61,52.21,5.93,42.86,24,37.17,69,35.12,13,,https://www1.mbrace.or.jp/od2/B/202608/b260826.lzh,2026-10-03T18:33:43.417805+09:00
20260826,01,桐生,6,20260826-01-06,5,4013,中島孝平,46,福井,53.0,A1,7.25,52.83,7.09,52.17,26,32.0,62,33.14,24,,https://www1.mbrace.or.jp/od2/B/202608/b260826.lzh,2026-10-03T18:33:43.417805+09:00
20260826,01,桐生,6,20260826-01-06,6,4238,毒島誠,42,群馬,53.0,A1,7.7,62.24,8.97,83.0,73,47.86,33,31.79,1,11,https://www1.mbrace.or.jp/od2/B/202608/b260826.lzh,2026-10-03T18:33:43.417805+09:00
20260826,01,桐生,7,20260826-01-07,1,3783,瓜生正義,50,福岡,53.0,A1,6.79,41.61,6.77,45.16,46,37.64,56,39.55,3,1,https://www1.mbrace.or.jp/od2/B/202608/b260826.lzh,2026-10-03T18:33:43.417805+09:00
20260826,01,桐生,7,20260826-01-07,2,4266,長田頼宗,41,東京,51.0,A1,6.93,49.15,6.05,40.54,35,42.68,20,30.57,3,2,https://www1.mbrace.or.jp/od2/B/202608/b260826.lzh,2026-10-03T18:33:43.417805+09:00
20260826,01,桐生,7,20260826-01-07,3,4205,山口剛,44,広島,53.0,A1,8.02,57.43,7.75,66.67,50,34.78,59,37.85,36,,https://www1.mbrace.or.jp/od2/B/202608/b260826.lzh,2026-10-03T18:33:43.417805+09:00
20260826,01,桐生,7,20260826-01-07,4,4320,峰竜太,41,佐賀,51.0,A1,8.73,61.22,7.15,38.46,27,49.01,41,33.53,2,12,https://www1.mbrace.or.jp/od2/B/202608/b260826.lzh,2026-10-03T18:33:43.417805+09:00
20260826,01,桐生,7,20260826-01-07,5,4352,下條雄太,40,長崎,53.0,A1,7.31,59.7,6.8,50.0,14,48.97,75,30.34,3,,https://www1.mbrace.or.jp/od2/B/202608/b260826.lzh,2026-10-03T18:33:43.417805+09:00
20260826,01,桐生,7,20260826-01-07,6,3897,白井英治,49,山口,55.0,A1,7.73,51.28,9.63,87.5,42,25.63,50,33.91,42,,https://www1.mbrace.or.jp/od2/B/202608/b260826.lzh,2026-10-03T18:33:43.417805+09:00
20260826,01,桐生,8,20260826-01-08,1,3854,吉川元浩,53,兵庫,52.0,A1,6.95,46.02,7.0,46.67,57,30.41,72,30.82,6,4,https://www1.mbrace.or.jp/od2/B/202608/b260826.lzh,2026-10-03T18:33:43.417805+09:00
20260826,01,桐生,8,20260826-01-08,2,4686,丸野一樹,35,滋賀,53.0,A1,7.65,49.54,8.76,70.59,64,31.67,23,40.49,21,,https://www1.mbrace.or.jp/od2/B/202608/b260826.lzh,2026-10-03T18:33:43.417805+09:00
20260826,01,桐生,8,20260826-01-08,3,4719,上條暢嵩,32,大阪,51.0,A1,7.5,47.9,8.05,57.89,15,41.32,55,29.88,5,2,https://www1.mbrace.or.jp/od2/B/202608/b260826.lzh,2026-10-03T18:33:43.417805+09:00
20260826,01,桐生,8,20260826-01-08,4,4366,前沢丈史,40,東京,53.0,A1,6.43,45.0,6.16,40.0,38,39.46,14,39.2,6,,https://www1.mbrace.or.jp/od2/B/202608/b260826.lzh,2026-10-03T18:33:43.417805+09:00
20260826,01,桐生,8,20260826-01-08,5,5121,定松勇樹,25,佐賀,53.0,A1,7.54,51.35,7.39,55.56,74,38.04,45,44.12,51,,https://www1.mbrace.or.jp/od2/B/202608/b260826.lzh,2026-10-03T18:33:43.417805+09:00
20260826,01,桐生,8,20260826-01-08,6,4571,菅章哉,38,徳島,53.0,A1,6.35,44.09,5.0,37.5,17,34.34,19,35.43,1,,https://www1.mbrace.or.jp/od2/B/202608/b260826.lzh,2026-10-03T18:33:43.417805+09:00
20260826,01,桐生,9,20260826-01-09,1,4237,大峯豊,42,山口,52.0,A1,7.13,50.86,7.1,50.0,20,42.11,22,30.46,45,,https://www1.mbrace.or.jp/od2/B/202608/b260826.lzh,2026-10-03T18:33:43.417805+09:00
20260826,01,桐生,9,20260826-01-09,2,3941,池田浩二,48,愛知,53.0,A1,7.71,49.21,7.26,51.85,72,29.94,42,34.08,3,4,https://www1.mbrace.or.jp/od2/B/202608/b260826.lzh,2026-10-03T18:33:43.417805+09:00
20260826,01,桐生,9,20260826-01-09,3,4444,桐生順平,39,埼玉,52.0,A1,7.27,41.41,7.71,66.67,53,35.47,51,34.91,23,,https://www1.mbrace.or.jp/od2/B/202608/b260826.lzh,2026-10-03T18:33:43.417805+09:00
20260826,01,桐生,9,20260826-01-09,4,4445,宮地元輝,39,佐賀,54.0,A1,7.08,47.12,5.33,33.33,65,36.87,39,32.02,6,1,https://www1.mbrace.or.jp/od2/B/202608/b260826.lzh,2026-10-03T18:33:43.417805+09:00
20260826,01,桐生,9,20260826-01-09,5,4787,椎名豊,37,群馬,52.0,A1,7.71,69.84,7.29,59.44,48,32.6,48,39.08,6,2,https://www1.mbrace.or.jp/od2/B/202608/b260826.lzh,2026-10-03T18:33:43.417805+09:00
20260826,01,桐生,9,20260826-01-09,6,4477,篠崎仁志,38,福岡,55.0,A1,7.24,45.61,5.88,17.65,30,46.58,15,41.21,1,3,https://www1.mbrace.or.jp/od2/B/202608/b260826.lzh,2026-10-03T18:33:43.417805+09:00
20260826,01,桐生,10,20260826-01-10,1,4188,久田敏之,45,群馬,52.0,A1,7.98,66.93,7.53,61.43,51,31.82,17,35.98,6,5,https://www1.mbrace.or.jp/od2/B/202608/b260826.lzh,2026-10-03T18:33:43.417805+09:00
20260826,01,桐生,10,20260826-01-10,2,4831,羽野直也,31,福岡,54.0,A1,7.33,56.19,6.03,32.35,11,32.58,52,41.42,4,4,https://www1.mbrace.or.jp/od2/B/202608/b260826.lzh,2026-10-03T18:33:43.417805+09:00
20260826,01,桐生,10,20260826-01-10,3,4446,和田兼輔,39,兵庫,53.0,A1,6.8,50.89,6.0,41.67,32,43.85,26,29.94,1,1,https://www1.mbrace.or.jp/od2/B/202608/b260826.lzh,2026-10-03T18:33:43.417805+09:00
20260826,01,桐生,10,20260826-01-10,4,4344,新田雄史,41,三重,54.0,A1,7.75,55.93,8.16,60.0,44,27.95,27,44.24,66,,https://www1.mbrace.or.jp/od2/B/202608/b260826.lzh,2026-10-03T18:33:43.417805+09:00
20260826,01,桐生,10,20260826-01-10,5,4166,吉田拡郎,44,岡山,53.0,A1,7.78,59.52,7.06,41.18,25,27.69,37,33.71,53,,https://www1.mbrace.or.jp/od2/B/202608/b260826.lzh,2026-10-03T18:33:43.417805+09:00
20260826,01,桐生,10,20260826-01-10,6,3590,濱野谷憲,52,東京,55.0,A1,7.03,48.28,7.3,60.0,60,44.38,57,41.21,2,3,https://www1.mbrace.or.jp/od2/B/202608/b260826.lzh,2026-10-03T18:33:43.417805+09:00
20260826,01,桐生,11,20260826-01-11,1,4586,磯部誠,35,愛知,55.0,A1,7.68,53.45,5.5,37.5,41,30.81,68,31.25,22,,https://www1.mbrace.or.jp/od2/B/202608/b260826.lzh,2026-10-03T18:33:43.417805+09:00
20260826,01,桐生,11,20260826-01-11,2,4238,毒島誠,42,群馬,53.0,A1,7.7,62.24,8.97,83.0,73,47.86,33,31.79,1,6,https://www1.mbrace.or.jp/od2/B/202608/b260826.lzh,2026-10-03T18:33:43.417805+09:00
20260826,01,桐生,11,20260826-01-11,3,4350,篠崎元志,40,福岡,54.0,A1,8.03,67.24,6.0,33.33,70,33.15,34,34.48,61,,https://www1.mbrace.or.jp/od2/B/202608/b260826.lzh,2026-10-03T18:33:43.417805+09:00
20260826,01,桐生,11,20260826-01-11,4,4361,柳生泰二,41,山口,52.0,A1,7.51,59.02,7.8,80.0,56,42.57,66,34.91,61,,https://www1.mbrace.or.jp/od2/B/202608/b260826.lzh,2026-10-03T18:33:43.417805+09:00
20260826,01,桐生,11,20260826-01-11,5,4682,大上卓人,35,広島,53.0,A1,7.22,49.17,6.55,42.42,47,29.28,38,35.93,1,1,https://www1.mbrace.or.jp/od2/B/202608/b260826.lzh,2026-10-03T18:33:43.417805+09:00
20260826,01,桐生,11,20260826-01-11,6,4494,河合佑樹,39,静岡,52.0,A1,6.95,48.42,5.78,30.56,29,27.54,12,30.59,5,5,https://www1.mbrace.or.jp/od2/B/202608/b260826.lzh,2026-10-03T18:33:43.417805+09:00
20260826,01,桐生,12,20260826-01-12,1,4320,峰竜太,41,佐賀,51.0,A1,8.73,61.22,7.15,38.46,27,49.01,41,33.53,2,7,https://www1.mbrace.or.jp/od2/B/202608/b260826.lzh,2026-10-03T18:33:43.417805+09:00
20260826,01,桐生,12,20260826-01-12,2,5224,西岡顕心,25,香川,52.0,A1,7.27,51.26,0.0,0.0,28,38.92,31,38.1,32,,https://www1.mbrace.or.jp/od2/B/202608/b260826.lzh,2026-10-03T18:33:43.417805+09:00
20260826,01,桐生,12,20260826-01-12,3,4371,西山貴浩,39,福岡,52.0,A1,7.25,48.15,6.6,50.0,52,26.4,61,39.76,4,5,https://www1.mbrace.or.jp/od2/B/202608/b260826.lzh,2026-10-03T18:33:43.417805+09:00
20260826,01,桐生,12,20260826-01-12,4,3716,石渡鉄兵,51,東京,53.0,A1,6.84,44.04,6.52,43.48,75,28.22,35,37.14,3,,https://www1.mbrace.or.jp/od2/B/202608/b260826.lzh,2026-10-03T18:33:43.417805+09:00
20260826,01,桐生,12,20260826-01-12,5,4418,茅原悠紀,39,岡山,53.0,A1,7.68,52.34,6.67,33.33,31,35.5,73,38.1,4,3,https://www1.mbrace.or.jp/od2/B/202608/b260826.lzh,2026-10-03T18:33:43.417805+09:00
20260826,01,桐生,12,20260826-01-12,6,4061,萩原秀人,47,福井,54.0,A1,7.53,58.87,6.71,47.06,33,41.01,71,41.21,3,2,https://www1.mbrace.or.jp/od2/B/202608/b260826.lzh,2026-10-03T18:33:43.417805+09:00
