date,venue_code,venue_name,race,race_id,boat,registration_no,racer_name,age,branch,weight_kg,grade,national_win_rate,national_top2_rate,local_win_rate,local_top2_rate,motor_no,motor_top2_rate,boat_no,boat_top2_rate,series_results_raw,early_race_raw,source_url,collected_at
20260729,24,大村,1,20260729-24-01,1,4603,谷川将太,38,長崎,53.0,B1,5.59,38.89,5.57,36.9,70,33.33,57,28.95,6,6,https://www1.mbrace.or.jp/od2/B/202607/b260729.lzh,2026-10-03T18:29:17.124937+09:00
20260729,24,大村,1,20260729-24-01,2,5307,富永夏哉,22,佐賀,51.0,B1,4.46,27.27,3.57,20.0,56,40.48,18,28.95,5,7,https://www1.mbrace.or.jp/od2/B/202607/b260729.lzh,2026-10-03T18:29:17.124937+09:00
20260729,24,大村,1,20260729-24-01,3,5023,久永祥平,31,東京,52.0,A2,5.69,33.33,5.63,31.58,38,43.9,69,35.14,2,11,https://www1.mbrace.or.jp/od2/B/202607/b260729.lzh,2026-10-03T18:29:17.124937+09:00
20260729,24,大村,1,20260729-24-01,4,5136,濱野斗馬,26,香川,53.0,A1,6.12,42.31,5.83,41.67,73,10.81,56,31.58,2,10,https://www1.mbrace.or.jp/od2/B/202607/b260729.lzh,2026-10-03T18:29:17.124937+09:00
20260729,24,大村,1,20260729-24-01,5,4521,小池公生,39,福岡,51.0,B1,5.32,34.21,3.74,15.79,76,32.5,49,38.89,4,8,https://www1.mbrace.or.jp/od2/B/202607/b260729.lzh,2026-10-03T18:29:17.124937+09:00
20260729,24,大村,1,20260729-24-01,6,5367,赤松咲香,24,徳島,49.0,B2,1.86,4.76,1.21,0.0,15,19.51,34,37.84,6,9,https://www1.mbrace.or.jp/od2/B/202607/b260729.lzh,2026-10-03T18:29:17.124937+09:00
20260729,24,大村,2,20260729-24-02,1,3831,安藤裕貴,52,愛知,53.0,B1,4.47,27.18,4.27,27.27,61,44.19,54,39.47,4,7,https://www1.mbrace.or.jp/od2/B/202607/b260729.lzh,2026-10-03T18:29:17.124937+09:00
20260729,24,大村,2,20260729-24-02,2,4174,赤坂俊輔,43,長崎,52.0,A1,6.44,41.48,6.38,43.52,41,51.22,84,18.18,22,9,https://www1.mbrace.or.jp/od2/B/202607/b260729.lzh,2026-10-03T18:29:17.124937+09:00
20260729,24,大村,2,20260729-24-02,3,4525,真子奈津,38,福岡,47.0,B1,4.33,23.08,4.61,32.26,60,24.32,25,44.74,2,6,https://www1.mbrace.or.jp/od2/B/202607/b260729.lzh,2026-10-03T18:29:17.124937+09:00
20260729,24,大村,2,20260729-24-02,4,4093,吉田宗弘,45,東京,50.0,B1,4.36,21.9,4.17,16.67,68,24.32,85,48.65,46,8,https://www1.mbrace.or.jp/od2/B/202607/b260729.lzh,2026-10-03T18:29:17.124937+09:00
20260729,24,大村,2,20260729-24-02,5,5148,松本怜,32,福岡,45.0,B1,5.42,32.26,4.5,20.83,79,31.71,51,37.84,3,11,https://www1.mbrace.or.jp/od2/B/202607/b260729.lzh,2026-10-03T18:29:17.124937+09:00
20260729,24,大村,2,20260729-24-02,6,4967,中村魁生,28,大阪,51.0,A1,6.85,51.64,7.0,47.06,45,42.86,48,38.89,41,12,https://www1.mbrace.or.jp/od2/B/202607/b260729.lzh,2026-10-03T18:29:17.124937+09:00
20260729,24,大村,3,20260729-24-03,1,3933,山地正樹,50,岡山,53.0,B1,5.91,42.61,5.8,36.59,72,8.33,12,43.24,23,,https://www1.mbrace.or.jp/od2/B/202607/b260729.lzh,2026-10-03T18:29:17.124937+09:00
20260729,24,大村,3,20260729-24-03,2,4906,鈴木雅希,31,東京,54.0,A2,5.42,34.57,0.0,0.0,59,58.33,82,31.58,2,12,https://www1.mbrace.or.jp/od2/B/202607/b260729.lzh,2026-10-03T18:29:17.124937+09:00
20260729,24,大村,3,20260729-24-03,3,5354,渡邊雄斗,21,三重,51.0,B1,4.05,20.99,0.0,0.0,30,23.08,75,39.47,65,,https://www1.mbrace.or.jp/od2/B/202607/b260729.lzh,2026-10-03T18:29:17.124937+09:00
20260729,24,大村,3,20260729-24-03,4,3304,烏野賢太,58,徳島,52.0,A1,5.65,33.09,5.87,40.3,63,55.26,27,29.73,32,8,https://www1.mbrace.or.jp/od2/B/202607/b260729.lzh,2026-10-03T18:29:17.124937+09:00
20260729,24,大村,3,20260729-24-03,5,4173,岡谷健吾,43,広島,57.0,B1,5.32,34.62,5.55,31.82,53,45.0,16,24.32,65,9,https://www1.mbrace.or.jp/od2/B/202607/b260729.lzh,2026-10-03T18:29:17.124937+09:00
20260729,24,大村,3,20260729-24-03,6,4278,藤岡俊介,43,兵庫,51.0,A1,6.88,55.64,7.41,56.1,25,33.33,31,39.47,16,11,https://www1.mbrace.or.jp/od2/B/202607/b260729.lzh,2026-10-03T18:29:17.124937+09:00
20260729,24,大村,4,20260729-24-04,1,4315,山崎昂介,42,長崎,53.0,B1,5.14,33.65,5.77,40.98,13,36.59,17,44.74,6,8,https://www1.mbrace.or.jp/od2/B/202607/b260729.lzh,2026-10-03T18:29:17.124937+09:00
20260729,24,大村,4,20260729-24-04,2,4138,中井俊祐,45,大阪,54.0,B1,5.05,33.66,4.04,21.43,32,29.27,71,37.84,5,10,https://www1.mbrace.or.jp/od2/B/202607/b260729.lzh,2026-10-03T18:29:17.124937+09:00
20260729,24,大村,4,20260729-24-04,3,5247,大森翼,24,兵庫,52.0,B1,4.78,23.89,4.56,11.11,50,8.33,22,10.53,65,,https://www1.mbrace.or.jp/od2/B/202607/b260729.lzh,2026-10-03T18:29:17.124937+09:00
20260729,24,大村,4,20260729-24-04,4,3618,海野ゆか,52,広島,44.0,A1,6.38,48.09,6.94,52.78,12,12.82,83,22.58,24,11,https://www1.mbrace.or.jp/od2/B/202607/b260729.lzh,2026-10-03T18:29:17.124937+09:00
20260729,24,大村,4,20260729-24-04,5,3981,今坂晃広,48,静岡,53.0,B1,4.02,19.83,4.66,25.71,31,38.24,24,44.74,4,9,https://www1.mbrace.or.jp/od2/B/202607/b260729.lzh,2026-10-03T18:29:17.124937+09:00
20260729,24,大村,4,20260729-24-04,6,4596,葛原大陽,43,徳島,50.0,A2,5.8,36.09,6.28,40.0,24,51.28,68,27.03,1,12,https://www1.mbrace.or.jp/od2/B/202607/b260729.lzh,2026-10-03T18:29:17.124937+09:00
20260729,24,大村,5,20260729-24-05,1,5257,西丸侑太,22,香川,52.0,A1,6.39,44.23,5.52,32.26,54,46.34,76,28.95,14,,https://www1.mbrace.or.jp/od2/B/202607/b260729.lzh,2026-10-03T18:29:17.124937+09:00
20260729,24,大村,5,20260729-24-05,2,4846,佐藤駿介,32,山口,52.0,B1,4.52,25.51,4.2,25.0,46,39.02,41,19.35,64,,https://www1.mbrace.or.jp/od2/B/202607/b260729.lzh,2026-10-03T18:29:17.124937+09:00
20260729,24,大村,5,20260729-24-05,3,4137,君島秀三,45,滋賀,52.0,A1,6.56,46.67,5.33,38.89,57,37.84,23,23.08,13,10,https://www1.mbrace.or.jp/od2/B/202607/b260729.lzh,2026-10-03T18:29:17.124937+09:00
20260729,24,大村,5,20260729-24-05,4,4049,荒川健太,45,三重,56.0,A2,6.24,41.26,0.0,0.0,34,43.9,47,51.35,2,12,https://www1.mbrace.or.jp/od2/B/202607/b260729.lzh,2026-10-03T18:29:17.124937+09:00
20260729,24,大村,5,20260729-24-05,5,5413,宮城那菜,20,福岡,47.0,B2,2.1,3.41,0.0,0.0,28,46.51,59,38.89,6,10,https://www1.mbrace.or.jp/od2/B/202607/b260729.lzh,2026-10-03T18:29:17.124937+09:00
20260729,24,大村,5,20260729-24-05,6,3327,野長瀬正,58,静岡,51.0,A2,6.08,42.37,5.5,30.0,23,42.86,19,23.08,4,11,https://www1.mbrace.or.jp/od2/B/202607/b260729.lzh,2026-10-03T18:29:17.124937+09:00
20260729,24,大村,6,20260729-24-06,1,4142,平野和明,45,愛知,53.0,A2,5.74,32.79,5.79,31.03,33,31.71,70,41.67,26,,https://www1.mbrace.or.jp/od2/B/202607/b260729.lzh,2026-10-03T18:29:17.124937+09:00
20260729,24,大村,6,20260729-24-06,2,5018,竹下大樹,27,福岡,55.0,A1,6.78,48.3,5.5,27.78,37,37.5,64,37.84,31,12,https://www1.mbrace.or.jp/od2/B/202607/b260729.lzh,2026-10-03T18:29:17.124937+09:00
20260729,24,大村,6,20260729-24-06,3,4603,谷川将太,38,長崎,53.0,B1,5.59,38.89,5.57,36.9,70,33.33,57,28.95,6,1,https://www1.mbrace.or.jp/od2/B/202607/b260729.lzh,2026-10-03T18:29:17.124937+09:00
20260729,24,大村,6,20260729-24-06,4,4812,西野雄貴,36,徳島,51.0,A1,7.16,53.09,6.31,41.67,19,29.27,67,35.14,15,11,https://www1.mbrace.or.jp/od2/B/202607/b260729.lzh,2026-10-03T18:29:17.124937+09:00
20260729,24,大村,6,20260729-24-06,5,4525,真子奈津,38,福岡,47.0,B1,4.33,23.08,4.61,32.26,60,24.32,25,44.74,2,2,https://www1.mbrace.or.jp/od2/B/202607/b260729.lzh,2026-10-03T18:29:17.124937+09:00
20260729,24,大村,6,20260729-24-06,6,3411,池上隆行,56,広島,52.0,B1,3.7,10.23,4.13,21.88,80,25.0,62,40.54,34,,https://www1.mbrace.or.jp/od2/B/202607/b260729.lzh,2026-10-03T18:29:17.124937+09:00
20260729,24,大村,7,20260729-24-07,1,5028,原田才一,29,福岡,50.0,A1,7.09,56.25,6.97,48.39,75,18.42,32,44.74,14,12,https://www1.mbrace.or.jp/od2/B/202607/b260729.lzh,2026-10-03T18:29:17.124937+09:00
20260729,24,大村,7,20260729-24-07,2,4635,峰重力也,36,岡山,52.0,A2,5.55,37.8,4.87,32.26,43,30.0,46,41.67,15,,https://www1.mbrace.or.jp/od2/B/202607/b260729.lzh,2026-10-03T18:29:17.124937+09:00
20260729,24,大村,7,20260729-24-07,3,5205,刑部亜里,29,静岡,49.0,A2,6.13,39.37,6.15,45.45,40,24.39,37,48.65,43,,https://www1.mbrace.or.jp/od2/B/202607/b260729.lzh,2026-10-03T18:29:17.124937+09:00
20260729,24,大村,7,20260729-24-07,4,3831,安藤裕貴,52,愛知,53.0,B1,4.47,27.18,4.27,27.27,61,44.19,54,39.47,4,2,https://www1.mbrace.or.jp/od2/B/202607/b260729.lzh,2026-10-03T18:29:17.124937+09:00
20260729,24,大村,7,20260729-24-07,5,5307,富永夏哉,22,佐賀,51.0,B1,4.46,27.27,3.57,20.0,56,40.48,18,28.95,5,1,https://www1.mbrace.or.jp/od2/B/202607/b260729.lzh,2026-10-03T18:29:17.124937+09:00
20260729,24,大村,7,20260729-24-07,6,5406,小畑楓夏,21,山口,53.0,B2,1.57,1.03,1.08,0.0,58,36.59,80,27.03,F5,,https://www1.mbrace.or.jp/od2/B/202607/b260729.lzh,2026-10-03T18:29:17.124937+09:00
20260729,24,大村,8,20260729-24-08,1,3304,烏野賢太,58,徳島,52.0,A1,5.65,33.09,5.87,40.3,63,55.26,27,29.73,32,3,https://www1.mbrace.or.jp/od2/B/202607/b260729.lzh,2026-10-03T18:29:17.124937+09:00
20260729,24,大村,8,20260729-24-08,2,4521,小池公生,39,福岡,51.0,B1,5.32,34.21,3.74,15.79,76,32.5,49,38.89,4,1,https://www1.mbrace.or.jp/od2/B/202607/b260729.lzh,2026-10-03T18:29:17.124937+09:00
20260729,24,大村,8,20260729-24-08,3,4093,吉田宗弘,45,東京,50.0,B1,4.36,21.9,4.17,16.67,68,24.32,85,48.65,46,2,https://www1.mbrace.or.jp/od2/B/202607/b260729.lzh,2026-10-03T18:29:17.124937+09:00
20260729,24,大村,8,20260729-24-08,4,4315,山崎昂介,42,長崎,53.0,B1,5.14,33.65,5.77,40.98,13,36.59,17,44.74,6,4,https://www1.mbrace.or.jp/od2/B/202607/b260729.lzh,2026-10-03T18:29:17.124937+09:00
20260729,24,大村,8,20260729-24-08,5,4748,渡邉雄朗,40,東京,53.0,A1,6.19,42.0,6.0,50.0,52,42.5,77,47.22,51,,https://www1.mbrace.or.jp/od2/B/202607/b260729.lzh,2026-10-03T18:29:17.124937+09:00
20260729,24,大村,8,20260729-24-08,6,3809,吉田光,51,佐賀,51.0,B1,3.97,8.57,4.6,17.02,67,25.0,40,35.14,53,,https://www1.mbrace.or.jp/od2/B/202607/b260729.lzh,2026-10-03T18:29:17.124937+09:00
20260729,24,大村,9,20260729-24-09,1,3853,岩崎正哉,53,福岡,54.0,A2,5.96,39.29,5.45,35.29,17,51.28,63,32.43,33,,https://www1.mbrace.or.jp/od2/B/202607/b260729.lzh,2026-10-03T18:29:17.124937+09:00
20260729,24,大村,9,20260729-24-09,2,4761,山田晃大,36,滋賀,53.0,A2,5.54,30.95,5.75,37.5,62,35.9,33,27.03,51,,https://www1.mbrace.or.jp/od2/B/202607/b260729.lzh,2026-10-03T18:29:17.124937+09:00
20260729,24,大村,9,20260729-24-09,3,3981,今坂晃広,48,静岡,53.0,B1,4.02,19.83,4.66,25.71,31,38.24,24,44.74,4,4,https://www1.mbrace.or.jp/od2/B/202607/b260729.lzh,2026-10-03T18:29:17.124937+09:00
20260729,24,大村,9,20260729-24-09,4,4173,岡谷健吾,43,広島,57.0,B1,5.32,34.62,5.55,31.82,53,45.0,16,24.32,65,3,https://www1.mbrace.or.jp/od2/B/202607/b260729.lzh,2026-10-03T18:29:17.124937+09:00
20260729,24,大村,9,20260729-24-09,5,5367,赤松咲香,24,徳島,49.0,B2,1.86,4.76,1.21,0.0,15,19.51,34,37.84,6,1,https://www1.mbrace.or.jp/od2/B/202607/b260729.lzh,2026-10-03T18:29:17.124937+09:00
20260729,24,大村,9,20260729-24-09,6,4174,赤坂俊輔,43,長崎,52.0,A1,6.44,41.48,6.38,43.52,41,51.22,84,18.18,22,2,https://www1.mbrace.or.jp/od2/B/202607/b260729.lzh,2026-10-03T18:29:17.124937+09:00
20260729,24,大村,10,20260729-24-10,1,5136,濱野斗馬,26,香川,53.0,A1,6.12,42.31,5.83,41.67,73,10.81,56,31.58,2,1,https://www1.mbrace.or.jp/od2/B/202607/b260729.lzh,2026-10-03T18:29:17.124937+09:00
20260729,24,大村,10,20260729-24-10,2,5303,土井歩夢,23,福岡,51.0,A2,5.67,32.97,5.71,23.81,55,29.27,66,29.73,23,,https://www1.mbrace.or.jp/od2/B/202607/b260729.lzh,2026-10-03T18:29:17.124937+09:00
20260729,24,大村,10,20260729-24-10,3,4138,中井俊祐,45,大阪,54.0,B1,5.05,33.66,4.04,21.43,32,29.27,71,37.84,5,4,https://www1.mbrace.or.jp/od2/B/202607/b260729.lzh,2026-10-03T18:29:17.124937+09:00
20260729,24,大村,10,20260729-24-10,4,4137,君島秀三,45,滋賀,52.0,A1,6.56,46.67,5.33,38.89,57,37.84,23,23.08,13,5,https://www1.mbrace.or.jp/od2/B/202607/b260729.lzh,2026-10-03T18:29:17.124937+09:00
20260729,24,大村,10,20260729-24-10,5,4447,深川麻奈,39,福岡,47.0,B1,5.59,36.61,6.76,57.58,47,37.84,60,35.14,31,,https://www1.mbrace.or.jp/od2/B/202607/b260729.lzh,2026-10-03T18:29:17.124937+09:00
20260729,24,大村,10,20260729-24-10,6,5413,宮城那菜,20,福岡,47.0,B2,2.1,3.41,0.0,0.0,28,46.51,59,38.89,6,5,https://www1.mbrace.or.jp/od2/B/202607/b260729.lzh,2026-10-03T18:29:17.124937+09:00
20260729,24,大村,11,20260729-24-11,1,4812,西野雄貴,36,徳島,51.0,A1,7.16,53.09,6.31,41.67,19,29.27,67,35.14,15,6,https://www1.mbrace.or.jp/od2/B/202607/b260729.lzh,2026-10-03T18:29:17.124937+09:00
20260729,24,大村,11,20260729-24-11,2,5148,松本怜,32,福岡,45.0,B1,5.42,32.26,4.5,20.83,79,31.71,51,37.84,3,2,https://www1.mbrace.or.jp/od2/B/202607/b260729.lzh,2026-10-03T18:29:17.124937+09:00
20260729,24,大村,11,20260729-24-11,3,4278,藤岡俊介,43,兵庫,51.0,A1,6.88,55.64,7.41,56.1,25,33.33,31,39.47,16,3,https://www1.mbrace.or.jp/od2/B/202607/b260729.lzh,2026-10-03T18:29:17.124937+09:00
20260729,24,大村,11,20260729-24-11,4,3327,野長瀬正,58,静岡,51.0,A2,6.08,42.37,5.5,30.0,23,42.86,19,23.08,4,5,https://www1.mbrace.or.jp/od2/B/202607/b260729.lzh,2026-10-03T18:29:17.124937+09:00
20260729,24,大村,11,20260729-24-11,5,5023,久永祥平,31,東京,52.0,A2,5.69,33.33,5.63,31.58,38,43.9,69,35.14,2,1,https://www1.mbrace.or.jp/od2/B/202607/b260729.lzh,2026-10-03T18:29:17.124937+09:00
20260729,24,大村,11,20260729-24-11,6,3618,海野ゆか,52,広島,44.0,A1,6.38,48.09,6.94,52.78,12,12.82,83,22.58,24,4,https://www1.mbrace.or.jp/od2/B/202607/b260729.lzh,2026-10-03T18:29:17.124937+09:00
20260729,24,大村,12,20260729-24-12,1,5018,竹下大樹,27,福岡,55.0,A1,6.78,48.3,5.5,27.78,37,37.5,64,37.84,31,6,https://www1.mbrace.or.jp/od2/B/202607/b260729.lzh,2026-10-03T18:29:17.124937+09:00
20260729,24,大村,12,20260729-24-12,2,4967,中村魁生,28,大阪,51.0,A1,6.85,51.64,7.0,47.06,45,42.86,48,38.89,41,2,https://www1.mbrace.or.jp/od2/B/202607/b260729.lzh,2026-10-03T18:29:17.124937+09:00
20260729,24,大村,12,20260729-24-12,3,5028,原田才一,29,福岡,50.0,A1,7.09,56.25,6.97,48.39,75,18.42,32,44.74,14,7,https://www1.mbrace.or.jp/od2/B/202607/b260729.lzh,2026-10-03T18:29:17.124937+09:00
20260729,24,大村,12,20260729-24-12,4,4596,葛原大陽,43,徳島,50.0,A2,5.8,36.09,6.28,40.0,24,51.28,68,27.03,1,4,https://www1.mbrace.or.jp/od2/B/202607/b260729.lzh,2026-10-03T18:29:17.124937+09:00
20260729,24,大村,12,20260729-24-12,5,4906,鈴木雅希,31,東京,54.0,A2,5.42,34.57,0.0,0.0,59,58.33,82,31.58,2,3,https://www1.mbrace.or.jp/od2/B/202607/b260729.lzh,2026-10-03T18:29:17.124937+09:00
20260729,24,大村,12,20260729-24-12,6,4049,荒川健太,45,三重,56.0,A2,6.24,41.26,0.0,0.0,34,43.9,47,51.35,2,5,https://www1.mbrace.or.jp/od2/B/202607/b260729.lzh,2026-10-03T18:29:17.124937+09:00
20260729,23,唐津,1,20260729-23-01,1,4295,小坂尚哉,39,兵庫,53.0,A1,7.23,54.74,7.11,54.29,43,30.3,52,34.69,,12,https://www1.mbrace.or.jp/od2/B/202607/b260729.lzh,2026-10-03T18:29:17.124937+09:00
20260729,23,唐津,1,20260729-23-01,2,5046,松山裕基,32,大阪,54.0,B1,3.89,16.67,0.0,0.0,38,31.25,18,35.23,,,https://www1.mbrace.or.jp/od2/B/202607/b260729.lzh,2026-10-03T18:29:17.124937+09:00
20260729,23,唐津,1,20260729-23-01,3,4976,金山立樹,32,東京,53.0,B1,5.01,29.41,5.2,28.0,52,32.31,58,25.53,,6,https://www1.mbrace.or.jp/od2/B/202607/b260729.lzh,2026-10-03T18:29:17.124937+09:00
20260729,23,唐津,1,20260729-23-01,4,3714,梶原正,51,福岡,55.0,B1,4.53,28.26,3.55,6.82,8,36.76,1,42.53,,7,https://www1.mbrace.or.jp/od2/B/202607/b260729.lzh,2026-10-03T18:29:17.124937+09:00
20260729,23,唐津,1,20260729-23-01,5,5067,山田真聖,27,山口,58.0,B1,5.43,35.37,2.35,0.0,25,32.83,29,37.5,,10,https://www1.mbrace.or.jp/od2/B/202607/b260729.lzh,2026-10-03T18:29:17.124937+09:00
20260729,23,唐津,1,20260729-23-01,6,5405,竹内来,22,愛知,52.0,B1,2.39,1.43,0.0,0.0,45,20.67,30,23.23,,8,https://www1.mbrace.or.jp/od2/B/202607/b260729.lzh,2026-10-03T18:29:17.124937+09:00
20260729,23,唐津,2,20260729-23-02,1,4861,田中宏樹,38,福岡,53.0,A2,5.35,32.41,5.21,39.53,60,33.03,40,28.57,,10,https://www1.mbrace.or.jp/od2/B/202607/b260729.lzh,2026-10-03T18:29:17.124937+09:00
20260729,23,唐津,2,20260729-23-02,2,5005,石田貴洋,30,埼玉,52.0,A1,6.78,50.56,3.5,0.0,22,39.9,15,35.16,,9,https://www1.mbrace.or.jp/od2/B/202607/b260729.lzh,2026-10-03T18:29:17.124937+09:00
20260729,23,唐津,2,20260729-23-02,3,4873,蒲原健太,32,佐賀,52.0,B1,4.99,30.47,5.51,36.03,44,32.02,11,27.47,,7,https://www1.mbrace.or.jp/od2/B/202607/b260729.lzh,2026-10-03T18:29:17.124937+09:00
20260729,23,唐津,2,20260729-23-02,4,5392,安武一也,25,福岡,52.0,B2,1.64,0.0,1.35,0.0,23,25.75,49,36.36,,,https://www1.mbrace.or.jp/od2/B/202607/b260729.lzh,2026-10-03T18:29:17.124937+09:00
20260729,23,唐津,2,20260729-23-02,5,3775,泉啓文,51,岡山,59.0,B1,3.62,17.53,5.45,30.0,12,34.5,7,42.86,,8,https://www1.mbrace.or.jp/od2/B/202607/b260729.lzh,2026-10-03T18:29:17.124937+09:00
20260729,23,唐津,2,20260729-23-02,6,4060,島田一生,47,福岡,56.0,B1,4.59,29.63,4.96,38.46,53,23.5,28,38.3,,,https://www1.mbrace.or.jp/od2/B/202607/b260729.lzh,2026-10-03T18:29:17.124937+09:00
20260729,23,唐津,3,20260729-23-03,1,4593,小坂宗司,45,大阪,52.0,A2,6.11,39.5,5.41,33.33,18,37.2,26,25.51,,9,https://www1.mbrace.or.jp/od2/B/202607/b260729.lzh,2026-10-03T18:29:17.124937+09:00
20260729,23,唐津,3,20260729-23-03,2,5284,嘉手苅徹,27,福岡,52.0,B2,3.65,13.75,1.97,5.0,4,45.89,55,41.57,,7,https://www1.mbrace.or.jp/od2/B/202607/b260729.lzh,2026-10-03T18:29:17.124937+09:00
20260729,23,唐津,3,20260729-23-03,3,4598,加藤政彦,42,東京,53.0,B1,5.74,42.2,6.0,45.45,48,29.73,47,27.96,,,https://www1.mbrace.or.jp/od2/B/202607/b260729.lzh,2026-10-03T18:29:17.124937+09:00
20260729,23,唐津,3,20260729-23-03,4,5214,田中宏典,27,佐賀,53.0,B1,4.91,30.39,4.44,24.18,24,31.25,33,19.15,,8,https://www1.mbrace.or.jp/od2/B/202607/b260729.lzh,2026-10-03T18:29:17.124937+09:00
20260729,23,唐津,3,20260729-23-03,5,4377,濱本優一,42,大阪,50.0,A1,5.63,41.67,6.31,45.83,6,28.31,22,26.51,,10,https://www1.mbrace.or.jp/od2/B/202607/b260729.lzh,2026-10-03T18:29:17.124937+09:00
20260729,23,唐津,3,20260729-23-03,6,5356,長谷川暖,21,岡山,50.0,B1,4.79,28.07,3.07,6.67,29,37.67,25,25.77,,,https://www1.mbrace.or.jp/od2/B/202607/b260729.lzh,2026-10-03T18:29:17.124937+09:00
20260729,23,唐津,4,20260729-23-04,1,4619,伏田裕隆,43,東京,52.0,B1,5.27,37.19,4.29,28.57,3,26.39,24,35.63,,9,https://www1.mbrace.or.jp/od2/B/202607/b260729.lzh,2026-10-03T18:29:17.124937+09:00
20260729,23,唐津,4,20260729-23-04,2,4189,川上剛,45,福岡,54.0,A1,5.97,36.13,6.26,41.86,9,32.07,41,37.5,,12,https://www1.mbrace.or.jp/od2/B/202607/b260729.lzh,2026-10-03T18:29:17.124937+09:00
20260729,23,唐津,4,20260729-23-04,3,4899,占部一真,34,福岡,52.0,B1,4.47,26.97,3.87,25.81,19,34.59,45,26.04,,8,https://www1.mbrace.or.jp/od2/B/202607/b260729.lzh,2026-10-03T18:29:17.124937+09:00
20260729,23,唐津,4,20260729-23-04,4,4440,萩原知哉,39,東京,55.0,B1,4.82,26.37,0.0,0.0,14,33.51,42,27.59,,,https://www1.mbrace.or.jp/od2/B/202607/b260729.lzh,2026-10-03T18:29:17.124937+09:00
20260729,23,唐津,4,20260729-23-04,5,5035,櫻井優,28,埼玉,52.0,A2,5.59,37.07,4.5,30.0,20,32.67,48,28.87,,10,https://www1.mbrace.or.jp/od2/B/202607/b260729.lzh,2026-10-03T18:29:17.124937+09:00
20260729,23,唐津,4,20260729-23-04,6,4403,木下大將,41,福岡,53.0,A2,6.17,45.61,5.43,32.43,15,38.25,5,32.0,,11,https://www1.mbrace.or.jp/od2/B/202607/b260729.lzh,2026-10-03T18:29:17.124937+09:00
20260729,23,唐津,5,20260729-23-05,1,4931,木谷賢太,30,香川,55.0,A1,6.83,50.37,5.3,24.32,46,34.85,53,34.78,,12,https://www1.mbrace.or.jp/od2/B/202607/b260729.lzh,2026-10-03T18:29:17.124937+09:00
20260729,23,唐津,5,20260729-23-05,2,4421,森作広大,38,東京,56.0,B1,3.42,7.58,2.88,12.5,51,22.01,10,42.35,,,https://www1.mbrace.or.jp/od2/B/202607/b260729.lzh,2026-10-03T18:29:17.124937+09:00
20260729,23,唐津,5,20260729-23-05,3,3613,角谷健吾,53,東京,51.0,A2,6.14,45.38,6.02,48.89,55,32.55,46,18.0,,11,https://www1.mbrace.or.jp/od2/B/202607/b260729.lzh,2026-10-03T18:29:17.124937+09:00
20260729,23,唐津,5,20260729-23-05,4,5111,三村岳人,26,岡山,52.0,A2,6.09,47.06,5.23,31.43,21,34.36,36,23.66,,9,https://www1.mbrace.or.jp/od2/B/202607/b260729.lzh,2026-10-03T18:29:17.124937+09:00
20260729,23,唐津,5,20260729-23-05,5,4513,河野真也,37,福岡,52.0,A2,6.01,44.34,6.37,46.67,36,29.79,21,43.75,,,https://www1.mbrace.or.jp/od2/B/202607/b260729.lzh,2026-10-03T18:29:17.124937+09:00
20260729,23,唐津,5,20260729-23-05,6,4592,小林孝弘,45,山口,52.0,B1,4.81,26.74,5.63,31.58,7,39.13,34,25.0,,,https://www1.mbrace.or.jp/od2/B/202607/b260729.lzh,2026-10-03T18:29:17.124937+09:00
20260729,23,唐津,6,20260729-23-06,1,4303,牧原崇,43,愛知,52.0,B1,4.88,24.71,4.72,27.59,40,44.27,60,31.18,,11,https://www1.mbrace.or.jp/od2/B/202607/b260729.lzh,2026-10-03T18:29:17.124937+09:00
20260729,23,唐津,6,20260729-23-06,2,4331,三好勇人,42,香川,54.0,A2,6.06,42.86,5.5,40.91,5,37.77,32,38.2,,,https://www1.mbrace.or.jp/od2/B/202607/b260729.lzh,2026-10-03T18:29:17.124937+09:00
20260729,23,唐津,6,20260729-23-06,3,4118,宇佐見淳,45,愛知,53.0,A2,5.78,36.92,6.65,45.0,34,33.13,4,23.08,,,https://www1.mbrace.or.jp/od2/B/202607/b260729.lzh,2026-10-03T18:29:17.124937+09:00
20260729,23,唐津,6,20260729-23-06,4,3901,松田憲幸,49,山口,52.0,B2,4.62,31.13,5.0,27.78,58,33.99,16,39.78,,,https://www1.mbrace.or.jp/od2/B/202607/b260729.lzh,2026-10-03T18:29:17.124937+09:00
20260729,23,唐津,6,20260729-23-06,5,3876,中辻崇人,49,福岡,52.0,A1,6.57,43.1,7.81,69.23,35,37.56,31,37.8,,12,https://www1.mbrace.or.jp/od2/B/202607/b260729.lzh,2026-10-03T18:29:17.124937+09:00
20260729,23,唐津,6,20260729-23-06,6,4976,金山立樹,32,東京,53.0,B1,5.01,29.41,5.2,28.0,52,32.31,58,25.53,,1,https://www1.mbrace.or.jp/od2/B/202607/b260729.lzh,2026-10-03T18:29:17.124937+09:00
20260729,23,唐津,7,20260729-23-07,1,3714,梶原正,51,福岡,55.0,B1,4.53,28.26,3.55,6.82,8,36.76,1,42.53,,1,https://www1.mbrace.or.jp/od2/B/202607/b260729.lzh,2026-10-03T18:29:17.124937+09:00
20260729,23,唐津,7,20260729-23-07,2,4873,蒲原健太,32,佐賀,52.0,B1,4.99,30.47,5.51,36.03,44,32.02,11,27.47,,2,https://www1.mbrace.or.jp/od2/B/202607/b260729.lzh,2026-10-03T18:29:17.124937+09:00
20260729,23,唐津,7,20260729-23-07,3,4737,竹井貴史,35,福岡,54.0,A1,7.37,60.19,8.43,57.14,54,35.64,23,43.01,,12,https://www1.mbrace.or.jp/od2/B/202607/b260729.lzh,2026-10-03T18:29:17.124937+09:00
20260729,23,唐津,7,20260729-23-07,4,4475,末永祐輝,38,山口,55.0,A1,5.74,35.66,5.91,40.0,2,38.69,13,34.02,,11,https://www1.mbrace.or.jp/od2/B/202607/b260729.lzh,2026-10-03T18:29:17.124937+09:00
20260729,23,唐津,7,20260729-23-07,5,4201,佐竹友樹,44,埼玉,54.0,B1,4.1,18.35,2.92,16.67,31,38.14,43,27.27,,,https://www1.mbrace.or.jp/od2/B/202607/b260729.lzh,2026-10-03T18:29:17.124937+09:00
20260729,23,唐津,7,20260729-23-07,6,5284,嘉手苅徹,27,福岡,52.0,B2,3.65,13.75,1.97,5.0,4,45.89,55,41.57,,3,https://www1.mbrace.or.jp/od2/B/202607/b260729.lzh,2026-10-03T18:29:17.124937+09:00
20260729,23,唐津,8,20260729-23-08,1,5214,田中宏典,27,佐賀,53.0,B1,4.91,30.39,4.44,24.18,24,31.25,33,19.15,,3,https://www1.mbrace.or.jp/od2/B/202607/b260729.lzh,2026-10-03T18:29:17.124937+09:00
20260729,23,唐津,8,20260729-23-08,2,3775,泉啓文,51,岡山,59.0,B1,3.62,17.53,5.45,30.0,12,34.5,7,42.86,,2,https://www1.mbrace.or.jp/od2/B/202607/b260729.lzh,2026-10-03T18:29:17.124937+09:00
20260729,23,唐津,8,20260729-23-08,3,5262,鈴木章司,28,愛知,53.0,B1,4.13,19.05,4.22,11.11,28,38.62,12,36.26,,,https://www1.mbrace.or.jp/od2/B/202607/b260729.lzh,2026-10-03T18:29:17.124937+09:00
20260729,23,唐津,8,20260729-23-08,4,5405,竹内来,22,愛知,52.0,B1,2.39,1.43,0.0,0.0,45,20.67,30,23.23,,1,https://www1.mbrace.or.jp/od2/B/202607/b260729.lzh,2026-10-03T18:29:17.124937+09:00
20260729,23,唐津,8,20260729-23-08,5,4857,加藤翔馬,29,兵庫,56.0,A1,7.19,59.54,5.74,42.11,13,30.56,27,22.77,,12,https://www1.mbrace.or.jp/od2/B/202607/b260729.lzh,2026-10-03T18:29:17.124937+09:00
20260729,23,唐津,8,20260729-23-08,6,4899,占部一真,34,福岡,52.0,B1,4.47,26.97,3.87,25.81,19,34.59,45,26.04,,4,https://www1.mbrace.or.jp/od2/B/202607/b260729.lzh,2026-10-03T18:29:17.124937+09:00
20260729,23,唐津,9,20260729-23-09,1,4558,宮野仁,36,岡山,56.0,B1,4.34,26.17,5.47,41.18,10,37.07,39,40.91,,,https://www1.mbrace.or.jp/od2/B/202607/b260729.lzh,2026-10-03T18:29:17.124937+09:00
20260729,23,唐津,9,20260729-23-09,2,5111,三村岳人,26,岡山,52.0,A2,6.09,47.06,5.23,31.43,21,34.36,36,23.66,,5,https://www1.mbrace.or.jp/od2/B/202607/b260729.lzh,2026-10-03T18:29:17.124937+09:00
20260729,23,唐津,9,20260729-23-09,3,4593,小坂宗司,45,大阪,52.0,A2,6.11,39.5,5.41,33.33,18,37.2,26,25.51,,3,https://www1.mbrace.or.jp/od2/B/202607/b260729.lzh,2026-10-03T18:29:17.124937+09:00
20260729,23,唐津,9,20260729-23-09,4,3805,高橋英之,52,東京,53.0,B1,5.29,35.29,4.83,27.59,42,37.2,9,34.57,,,https://www1.mbrace.or.jp/od2/B/202607/b260729.lzh,2026-10-03T18:29:17.124937+09:00
20260729,23,唐津,9,20260729-23-09,5,4619,伏田裕隆,43,東京,52.0,B1,5.27,37.19,4.29,28.57,3,26.39,24,35.63,,4,https://www1.mbrace.or.jp/od2/B/202607/b260729.lzh,2026-10-03T18:29:17.124937+09:00
20260729,23,唐津,9,20260729-23-09,6,5005,石田貴洋,30,埼玉,52.0,A1,6.78,50.56,3.5,0.0,22,39.9,15,35.16,,2,https://www1.mbrace.or.jp/od2/B/202607/b260729.lzh,2026-10-03T18:29:17.124937+09:00
20260729,23,唐津,10,20260729-23-10,1,5035,櫻井優,28,埼玉,52.0,A2,5.59,37.07,4.5,30.0,20,32.67,48,28.87,,4,https://www1.mbrace.or.jp/od2/B/202607/b260729.lzh,2026-10-03T18:29:17.124937+09:00
20260729,23,唐津,10,20260729-23-10,2,5067,山田真聖,27,山口,58.0,B1,5.43,35.37,2.35,0.0,25,32.83,29,37.5,,1,https://www1.mbrace.or.jp/od2/B/202607/b260729.lzh,2026-10-03T18:29:17.124937+09:00
20260729,23,唐津,10,20260729-23-10,3,4377,濱本優一,42,大阪,50.0,A1,5.63,41.67,6.31,45.83,6,28.31,22,26.51,,3,https://www1.mbrace.or.jp/od2/B/202607/b260729.lzh,2026-10-03T18:29:17.124937+09:00
20260729,23,唐津,10,20260729-23-10,4,3975,小野寺智,49,香川,52.0,A2,5.72,35.04,5.39,25.0,32,46.85,6,45.74,,,https://www1.mbrace.or.jp/od2/B/202607/b260729.lzh,2026-10-03T18:29:17.124937+09:00
20260729,23,唐津,10,20260729-23-10,5,4861,田中宏樹,38,福岡,53.0,A2,5.35,32.41,5.21,39.53,60,33.03,40,28.57,,2,https://www1.mbrace.or.jp/od2/B/202607/b260729.lzh,2026-10-03T18:29:17.124937+09:00
20260729,23,唐津,10,20260729-23-10,6,4112,大久保信,46,佐賀,52.0,A2,5.52,36.45,5.66,39.64,16,45.5,51,31.52,,,https://www1.mbrace.or.jp/od2/B/202607/b260729.lzh,2026-10-03T18:29:17.124937+09:00
20260729,23,唐津,11,20260729-23-11,1,4475,末永祐輝,38,山口,55.0,A1,5.74,35.66,5.91,40.0,2,38.69,13,34.02,,7,https://www1.mbrace.or.jp/od2/B/202607/b260729.lzh,2026-10-03T18:29:17.124937+09:00
20260729,23,唐津,11,20260729-23-11,2,4403,木下大將,41,福岡,53.0,A2,6.17,45.61,5.43,32.43,15,38.25,5,32.0,,4,https://www1.mbrace.or.jp/od2/B/202607/b260729.lzh,2026-10-03T18:29:17.124937+09:00
20260729,23,唐津,11,20260729-23-11,3,4675,井手良太,38,大阪,51.0,A2,6.03,40.51,6.0,36.36,27,33.51,38,36.46,,,https://www1.mbrace.or.jp/od2/B/202607/b260729.lzh,2026-10-03T18:29:17.124937+09:00
20260729,23,唐津,11,20260729-23-11,4,4654,篠田優也,40,兵庫,54.0,A1,6.49,46.09,3.75,25.0,49,37.69,44,34.02,,,https://www1.mbrace.or.jp/od2/B/202607/b260729.lzh,2026-10-03T18:29:17.124937+09:00
20260729,23,唐津,11,20260729-23-11,5,4303,牧原崇,43,愛知,52.0,B1,4.88,24.71,4.72,27.59,40,44.27,60,31.18,,6,https://www1.mbrace.or.jp/od2/B/202607/b260729.lzh,2026-10-03T18:29:17.124937+09:00
20260729,23,唐津,11,20260729-23-11,6,3613,角谷健吾,53,東京,51.0,A2,6.14,45.38,6.02,48.89,55,32.55,46,18.0,,5,https://www1.mbrace.or.jp/od2/B/202607/b260729.lzh,2026-10-03T18:29:17.124937+09:00
20260729,23,唐津,12,20260729-23-12,1,4857,加藤翔馬,29,兵庫,56.0,A1,7.19,59.54,5.74,42.11,13,30.56,27,22.77,,8,https://www1.mbrace.or.jp/od2/B/202607/b260729.lzh,2026-10-03T18:29:17.124937+09:00
20260729,23,唐津,12,20260729-23-12,2,4737,竹井貴史,35,福岡,54.0,A1,7.37,60.19,8.43,57.14,54,35.64,23,43.01,,7,https://www1.mbrace.or.jp/od2/B/202607/b260729.lzh,2026-10-03T18:29:17.124937+09:00
20260729,23,唐津,12,20260729-23-12,3,3876,中辻崇人,49,福岡,52.0,A1,6.57,43.1,7.81,69.23,35,37.56,31,37.8,,6,https://www1.mbrace.or.jp/od2/B/202607/b260729.lzh,2026-10-03T18:29:17.124937+09:00
20260729,23,唐津,12,20260729-23-12,4,4295,小坂尚哉,39,兵庫,53.0,A1,7.23,54.74,7.11,54.29,43,30.3,52,34.69,,1,https://www1.mbrace.or.jp/od2/B/202607/b260729.lzh,2026-10-03T18:29:17.124937+09:00
20260729,23,唐津,12,20260729-23-12,5,4931,木谷賢太,30,香川,55.0,A1,6.83,50.37,5.3,24.32,46,34.85,53,34.78,,5,https://www1.mbrace.or.jp/od2/B/202607/b260729.lzh,2026-10-03T18:29:17.124937+09:00
20260729,23,唐津,12,20260729-23-12,6,4189,川上剛,45,福岡,54.0,A1,5.97,36.13,6.26,41.86,9,32.07,41,37.5,,4,https://www1.mbrace.or.jp/od2/B/202607/b260729.lzh,2026-10-03T18:29:17.124937+09:00
20260729,22,福岡,1,20260729-22-01,1,4537,渡邉和将,36,岡山,50.0,A1,7.16,51.18,7.21,47.37,66,25.0,141,28.99,,12,https://www1.mbrace.or.jp/od2/B/202607/b260729.lzh,2026-10-03T18:29:17.124937+09:00
20260729,22,福岡,1,20260729-22-01,2,4035,杉江浩明,47,愛知,52.0,B1,4.12,26.55,3.61,5.56,75,32.04,131,23.38,,9,https://www1.mbrace.or.jp/od2/B/202607/b260729.lzh,2026-10-03T18:29:17.124937+09:00
20260729,22,福岡,1,20260729-22-01,3,3297,藤丸光一,59,福岡,50.0,B1,4.41,19.59,5.73,41.11,29,25.89,112,23.61,,8,https://www1.mbrace.or.jp/od2/B/202607/b260729.lzh,2026-10-03T18:29:17.124937+09:00
20260729,22,福岡,1,20260729-22-01,4,3293,宮内由紀,60,東京,52.0,B1,3.38,10.59,4.69,20.69,46,23.66,134,40.0,,7,https://www1.mbrace.or.jp/od2/B/202607/b260729.lzh,2026-10-03T18:29:17.124937+09:00
20260729,22,福岡,1,20260729-22-01,5,4382,高山智至,41,滋賀,55.0,B1,4.83,24.44,0.0,0.0,70,29.29,163,39.47,,6,https://www1.mbrace.or.jp/od2/B/202607/b260729.lzh,2026-10-03T18:29:17.124937+09:00
20260729,22,福岡,1,20260729-22-01,6,5105,富田恕生,27,福岡,52.0,B1,4.17,19.42,6.39,50.0,53,24.44,162,39.19,,5,https://www1.mbrace.or.jp/od2/B/202607/b260729.lzh,2026-10-03T18:29:17.124937+09:00
20260729,22,福岡,2,20260729-22-02,1,3741,松尾基成,52,福岡,57.0,B1,3.65,16.28,3.86,14.29,60,23.26,102,25.64,,7,https://www1.mbrace.or.jp/od2/B/202607/b260729.lzh,2026-10-03T18:29:17.124937+09:00
20260729,22,福岡,2,20260729-22-02,2,3761,山本光雄,54,滋賀,54.0,B1,5.27,33.33,5.9,40.0,42,14.46,125,31.71,,8,https://www1.mbrace.or.jp/od2/B/202607/b260729.lzh,2026-10-03T18:29:17.124937+09:00
20260729,22,福岡,2,20260729-22-02,3,4875,大塚康雅,32,東京,50.0,B1,5.3,34.34,5.47,38.89,45,25.0,155,28.21,,11,https://www1.mbrace.or.jp/od2/B/202607/b260729.lzh,2026-10-03T18:29:17.124937+09:00
20260729,22,福岡,2,20260729-22-02,4,4578,藤山雅弘,37,大阪,53.0,A2,5.81,44.55,4.67,33.33,11,39.77,143,31.4,,9,https://www1.mbrace.or.jp/od2/B/202607/b260729.lzh,2026-10-03T18:29:17.124937+09:00
20260729,22,福岡,2,20260729-22-02,5,5377,鳥居塚嶺,22,群馬,49.0,B1,4.26,20.0,0.0,0.0,68,41.58,130,42.35,,6,https://www1.mbrace.or.jp/od2/B/202607/b260729.lzh,2026-10-03T18:29:17.124937+09:00
20260729,22,福岡,2,20260729-22-02,6,5452,上馬場風,20,広島,54.0,B2,1.12,0.0,0.0,0.0,41,24.14,124,30.56,,,https://www1.mbrace.or.jp/od2/B/202607/b260729.lzh,2026-10-03T18:29:17.124937+09:00
20260729,22,福岡,3,20260729-22-03,1,3567,吉岡誠,55,山口,56.0,B1,3.39,19.74,4.1,20.51,31,32.38,113,21.25,,,https://www1.mbrace.or.jp/od2/B/202607/b260729.lzh,2026-10-03T18:29:17.124937+09:00
20260729,22,福岡,3,20260729-22-03,2,5223,森清友翔,25,福岡,53.0,B1,4.98,26.67,4.05,21.21,25,41.75,147,22.78,,,https://www1.mbrace.or.jp/od2/B/202607/b260729.lzh,2026-10-03T18:29:17.124937+09:00
20260729,22,福岡,3,20260729-22-03,3,3557,太田和美,53,大阪,55.0,A1,6.6,49.03,7.34,55.26,24,19.74,171,22.37,,12,https://www1.mbrace.or.jp/od2/B/202607/b260729.lzh,2026-10-03T18:29:17.124937+09:00
20260729,22,福岡,3,20260729-22-03,4,4272,大場広孝,44,福岡,57.0,B1,5.12,30.43,4.94,24.29,37,33.33,154,18.29,,10,https://www1.mbrace.or.jp/od2/B/202607/b260729.lzh,2026-10-03T18:29:17.124937+09:00
20260729,22,福岡,3,20260729-22-03,5,4438,森作雄大,40,東京,53.0,B1,4.89,33.61,5.03,32.43,64,21.92,145,51.85,,8,https://www1.mbrace.or.jp/od2/B/202607/b260729.lzh,2026-10-03T18:29:17.124937+09:00
20260729,22,福岡,3,20260729-22-03,6,5372,上岡巧汰,23,広島,52.0,B2,1.94,1.61,1.67,0.0,57,29.67,120,25.0,,7,https://www1.mbrace.or.jp/od2/B/202607/b260729.lzh,2026-10-03T18:29:17.124937+09:00
20260729,22,福岡,4,20260729-22-04,1,4271,川崎公靖,44,広島,52.0,B1,4.26,22.4,4.71,25.0,14,44.79,166,24.36,,10,https://www1.mbrace.or.jp/od2/B/202607/b260729.lzh,2026-10-03T18:29:17.124937+09:00
20260729,22,福岡,4,20260729-22-04,2,4406,幸野史明,41,福岡,51.0,B1,4.29,22.03,4.77,22.58,15,43.75,164,27.27,,,https://www1.mbrace.or.jp/od2/B/202607/b260729.lzh,2026-10-03T18:29:17.124937+09:00
20260729,22,福岡,4,20260729-22-04,3,4550,石岡将太,37,群馬,58.0,A2,5.49,33.04,5.53,41.18,12,37.84,138,45.68,,8,https://www1.mbrace.or.jp/od2/B/202607/b260729.lzh,2026-10-03T18:29:17.124937+09:00
20260729,22,福岡,4,20260729-22-04,4,3385,渡邉睦広,57,東京,52.0,A2,5.54,38.98,5.62,35.14,36,30.11,114,31.76,,9,https://www1.mbrace.or.jp/od2/B/202607/b260729.lzh,2026-10-03T18:29:17.124937+09:00
20260729,22,福岡,4,20260729-22-04,5,4988,牟田奨太,29,静岡,56.0,B1,4.41,30.61,3.89,27.78,72,39.78,121,34.18,,,https://www1.mbrace.or.jp/od2/B/202607/b260729.lzh,2026-10-03T18:29:17.124937+09:00
20260729,22,福岡,4,20260729-22-04,6,3968,茶谷信次,50,滋賀,53.0,A2,5.12,26.74,6.38,40.63,19,31.17,146,24.68,,11,https://www1.mbrace.or.jp/od2/B/202607/b260729.lzh,2026-10-03T18:29:17.124937+09:00
20260729,22,福岡,5,20260729-22-05,1,5103,芝田京介,28,埼玉,54.0,B2,3.29,14.29,0.0,0.0,51,22.58,103,24.32,,,https://www1.mbrace.or.jp/od2/B/202607/b260729.lzh,2026-10-03T18:29:17.124937+09:00
20260729,22,福岡,5,20260729-22-05,2,4427,秦英悟,40,大阪,52.0,A1,6.84,49.61,5.6,30.0,52,36.05,133,38.82,,12,https://www1.mbrace.or.jp/od2/B/202607/b260729.lzh,2026-10-03T18:29:17.124937+09:00
20260729,22,福岡,5,20260729-22-05,3,5105,富田恕生,27,福岡,52.0,B1,4.17,19.42,6.39,50.0,53,24.44,162,39.19,,1,https://www1.mbrace.or.jp/od2/B/202607/b260729.lzh,2026-10-03T18:29:17.124937+09:00
20260729,22,福岡,5,20260729-22-05,4,3837,秋山広一,51,香川,52.0,A2,6.49,45.54,5.18,36.36,40,21.18,153,29.27,,10,https://www1.mbrace.or.jp/od2/B/202607/b260729.lzh,2026-10-03T18:29:17.124937+09:00
20260729,22,福岡,5,20260729-22-05,5,3463,乙津康志,59,東京,52.0,B1,4.66,22.33,2.88,12.5,48,16.22,144,21.92,,,https://www1.mbrace.or.jp/od2/B/202607/b260729.lzh,2026-10-03T18:29:17.124937+09:00
20260729,22,福岡,5,20260729-22-05,6,3661,柳瀬興志,56,山口,59.0,A2,4.82,27.45,4.73,26.92,32,24.74,158,13.33,,11,https://www1.mbrace.or.jp/od2/B/202607/b260729.lzh,2026-10-03T18:29:17.124937+09:00
20260729,22,福岡,6,20260729-22-06,1,3904,森貴洋,49,大阪,56.0,B1,4.99,33.73,4.39,22.22,21,40.4,107,26.87,,,https://www1.mbrace.or.jp/od2/B/202607/b260729.lzh,2026-10-03T18:29:17.124937+09:00
20260729,22,福岡,6,20260729-22-06,2,4382,高山智至,41,滋賀,55.0,B1,4.83,24.44,0.0,0.0,70,29.29,163,39.47,,1,https://www1.mbrace.or.jp/od2/B/202607/b260729.lzh,2026-10-03T18:29:17.124937+09:00
20260729,22,福岡,6,20260729-22-06,3,4402,乙藤智史,41,福岡,55.0,A2,5.99,41.07,5.61,29.58,69,14.29,126,43.21,,11,https://www1.mbrace.or.jp/od2/B/202607/b260729.lzh,2026-10-03T18:29:17.124937+09:00
20260729,22,福岡,6,20260729-22-06,4,4776,竹田和哉,32,香川,52.0,A1,6.93,49.64,0.0,0.0,54,29.7,142,20.99,,12,https://www1.mbrace.or.jp/od2/B/202607/b260729.lzh,2026-10-03T18:29:17.124937+09:00
20260729,22,福岡,6,20260729-22-06,5,3867,松浦勝,51,愛知,58.0,B1,2.99,12.05,4.73,26.92,44,30.51,110,43.28,,,https://www1.mbrace.or.jp/od2/B/202607/b260729.lzh,2026-10-03T18:29:17.124937+09:00
20260729,22,福岡,6,20260729-22-06,6,5377,鳥居塚嶺,22,群馬,49.0,B1,4.26,20.0,0.0,0.0,68,41.58,130,42.35,,2,https://www1.mbrace.or.jp/od2/B/202607/b260729.lzh,2026-10-03T18:29:17.124937+09:00
20260729,22,福岡,7,20260729-22-07,1,3548,室田泰史,56,福井,53.0,A2,5.17,33.33,4.7,30.0,35,27.78,111,34.88,,11,https://www1.mbrace.or.jp/od2/B/202607/b260729.lzh,2026-10-03T18:29:17.124937+09:00
20260729,22,福岡,7,20260729-22-07,2,4277,金田大輔,43,岡山,51.0,B1,4.86,31.25,0.0,0.0,17,30.21,151,22.78,,,https://www1.mbrace.or.jp/od2/B/202607/b260729.lzh,2026-10-03T18:29:17.124937+09:00
20260729,22,福岡,7,20260729-22-07,3,3293,宮内由紀,60,東京,52.0,B1,3.38,10.59,4.69,20.69,46,23.66,134,40.0,,1,https://www1.mbrace.or.jp/od2/B/202607/b260729.lzh,2026-10-03T18:29:17.124937+09:00
20260729,22,福岡,7,20260729-22-07,4,3741,松尾基成,52,福岡,57.0,B1,3.65,16.28,3.86,14.29,60,23.26,102,25.64,,2,https://www1.mbrace.or.jp/od2/B/202607/b260729.lzh,2026-10-03T18:29:17.124937+09:00
20260729,22,福岡,7,20260729-22-07,5,5372,上岡巧汰,23,広島,52.0,B2,1.94,1.61,1.67,0.0,57,29.67,120,25.0,,3,https://www1.mbrace.or.jp/od2/B/202607/b260729.lzh,2026-10-03T18:29:17.124937+09:00
20260729,22,福岡,7,20260729-22-07,6,4019,笠原亮,46,静岡,53.0,A1,7.05,53.54,0.0,0.0,27,36.67,123,46.43,,12,https://www1.mbrace.or.jp/od2/B/202607/b260729.lzh,2026-10-03T18:29:17.124937+09:00
20260729,22,福岡,8,20260729-22-08,1,4960,黒野元基,30,愛知,52.0,A1,7.62,63.49,6.43,39.29,22,33.96,169,33.33,,12,https://www1.mbrace.or.jp/od2/B/202607/b260729.lzh,2026-10-03T18:29:17.124937+09:00
20260729,22,福岡,8,20260729-22-08,2,5073,上原健次,30,福岡,55.0,A2,5.57,32.43,5.19,29.03,63,25.26,127,40.0,,,https://www1.mbrace.or.jp/od2/B/202607/b260729.lzh,2026-10-03T18:29:17.124937+09:00
20260729,22,福岡,8,20260729-22-08,3,4438,森作雄大,40,東京,53.0,B1,4.89,33.61,5.03,32.43,64,21.92,145,51.85,,3,https://www1.mbrace.or.jp/od2/B/202607/b260729.lzh,2026-10-03T18:29:17.124937+09:00
20260729,22,福岡,8,20260729-22-08,4,3297,藤丸光一,59,福岡,50.0,B1,4.41,19.59,5.73,41.11,29,25.89,112,23.61,,1,https://www1.mbrace.or.jp/od2/B/202607/b260729.lzh,2026-10-03T18:29:17.124937+09:00
20260729,22,福岡,8,20260729-22-08,5,3761,山本光雄,54,滋賀,54.0,B1,5.27,33.33,5.9,40.0,42,14.46,125,31.71,,2,https://www1.mbrace.or.jp/od2/B/202607/b260729.lzh,2026-10-03T18:29:17.124937+09:00
20260729,22,福岡,8,20260729-22-08,6,4550,石岡将太,37,群馬,58.0,A2,5.49,33.04,5.53,41.18,12,37.84,138,45.68,,4,https://www1.mbrace.or.jp/od2/B/202607/b260729.lzh,2026-10-03T18:29:17.124937+09:00
20260729,22,福岡,9,20260729-22-09,1,3385,渡邉睦広,57,東京,52.0,A2,5.54,38.98,5.62,35.14,36,30.11,114,31.76,,4,https://www1.mbrace.or.jp/od2/B/202607/b260729.lzh,2026-10-03T18:29:17.124937+09:00
20260729,22,福岡,9,20260729-22-09,2,4587,木田峰由,35,福井,55.0,A1,6.41,50.0,0.0,0.0,47,20.88,160,39.24,,,https://www1.mbrace.or.jp/od2/B/202607/b260729.lzh,2026-10-03T18:29:17.124937+09:00
20260729,22,福岡,9,20260729-22-09,3,4578,藤山雅弘,37,大阪,53.0,A2,5.81,44.55,4.67,33.33,11,39.77,143,31.4,,2,https://www1.mbrace.or.jp/od2/B/202607/b260729.lzh,2026-10-03T18:29:17.124937+09:00
20260729,22,福岡,9,20260729-22-09,4,4842,山下昂大,34,岡山,55.0,A2,5.97,38.04,5.57,28.57,38,22.83,156,42.68,,,https://www1.mbrace.or.jp/od2/B/202607/b260729.lzh,2026-10-03T18:29:17.124937+09:00
20260729,22,福岡,9,20260729-22-09,5,4035,杉江浩明,47,愛知,52.0,B1,4.12,26.55,3.61,5.56,75,32.04,131,23.38,,1,https://www1.mbrace.or.jp/od2/B/202607/b260729.lzh,2026-10-03T18:29:17.124937+09:00
20260729,22,福岡,9,20260729-22-09,6,4022,待鳥雄紀,46,福岡,57.0,B1,4.56,24.18,5.15,26.88,50,29.91,157,36.47,,,https://www1.mbrace.or.jp/od2/B/202607/b260729.lzh,2026-10-03T18:29:17.124937+09:00
20260729,22,福岡,10,20260729-22-10,1,3679,飯島昌弘,53,埼玉,52.0,A2,6.64,49.09,4.0,50.0,61,36.36,118,28.92,,,https://www1.mbrace.or.jp/od2/B/202607/b260729.lzh,2026-10-03T18:29:17.124937+09:00
20260729,22,福岡,10,20260729-22-10,2,4199,北川潤二,44,愛知,60.0,A1,6.28,45.95,7.57,60.0,23,38.95,129,33.33,,,https://www1.mbrace.or.jp/od2/B/202607/b260729.lzh,2026-10-03T18:29:17.124937+09:00
20260729,22,福岡,10,20260729-22-10,3,3837,秋山広一,51,香川,52.0,A2,6.49,45.54,5.18,36.36,40,21.18,153,29.27,,5,https://www1.mbrace.or.jp/od2/B/202607/b260729.lzh,2026-10-03T18:29:17.124937+09:00
20260729,22,福岡,10,20260729-22-10,4,4676,後藤隼之,38,東京,56.0,A2,5.16,25.0,5.0,26.32,65,37.93,115,44.59,,,https://www1.mbrace.or.jp/od2/B/202607/b260729.lzh,2026-10-03T18:29:17.124937+09:00
20260729,22,福岡,10,20260729-22-10,5,4271,川崎公靖,44,広島,52.0,B1,4.26,22.4,4.71,25.0,14,44.79,166,24.36,,4,https://www1.mbrace.or.jp/od2/B/202607/b260729.lzh,2026-10-03T18:29:17.124937+09:00
20260729,22,福岡,10,20260729-22-10,6,4272,大場広孝,44,福岡,57.0,B1,5.12,30.43,4.94,24.29,37,33.33,154,18.29,,3,https://www1.mbrace.or.jp/od2/B/202607/b260729.lzh,2026-10-03T18:29:17.124937+09:00
20260729,22,福岡,11,20260729-22-11,1,4036,金田諭,47,埼玉,53.0,A1,6.46,44.03,7.37,52.63,73,28.7,149,29.49,,,https://www1.mbrace.or.jp/od2/B/202607/b260729.lzh,2026-10-03T18:29:17.124937+09:00
20260729,22,福岡,11,20260729-22-11,2,3661,柳瀬興志,56,山口,59.0,A2,4.82,27.45,4.73,26.92,32,24.74,158,13.33,,5,https://www1.mbrace.or.jp/od2/B/202607/b260729.lzh,2026-10-03T18:29:17.124937+09:00
20260729,22,福岡,11,20260729-22-11,3,3968,茶谷信次,50,滋賀,53.0,A2,5.12,26.74,6.38,40.63,19,31.17,146,24.68,,4,https://www1.mbrace.or.jp/od2/B/202607/b260729.lzh,2026-10-03T18:29:17.124937+09:00
20260729,22,福岡,11,20260729-22-11,4,3548,室田泰史,56,福井,53.0,A2,5.17,33.33,4.7,30.0,35,27.78,111,34.88,,7,https://www1.mbrace.or.jp/od2/B/202607/b260729.lzh,2026-10-03T18:29:17.124937+09:00
20260729,22,福岡,11,20260729-22-11,5,4402,乙藤智史,41,福岡,55.0,A2,5.99,41.07,5.61,29.58,69,14.29,126,43.21,,6,https://www1.mbrace.or.jp/od2/B/202607/b260729.lzh,2026-10-03T18:29:17.124937+09:00
20260729,22,福岡,11,20260729-22-11,6,4875,大塚康雅,32,東京,50.0,B1,5.3,34.34,5.47,38.89,45,25.0,155,28.21,,2,https://www1.mbrace.or.jp/od2/B/202607/b260729.lzh,2026-10-03T18:29:17.124937+09:00
20260729,22,福岡,12,20260729-22-12,1,3557,太田和美,53,大阪,55.0,A1,6.6,49.03,7.34,55.26,24,19.74,171,22.37,,3,https://www1.mbrace.or.jp/od2/B/202607/b260729.lzh,2026-10-03T18:29:17.124937+09:00
20260729,22,福岡,12,20260729-22-12,2,4960,黒野元基,30,愛知,52.0,A1,7.62,63.49,6.43,39.29,22,33.96,169,33.33,,8,https://www1.mbrace.or.jp/od2/B/202607/b260729.lzh,2026-10-03T18:29:17.124937+09:00
20260729,22,福岡,12,20260729-22-12,3,4537,渡邉和将,36,岡山,50.0,A1,7.16,51.18,7.21,47.37,66,25.0,141,28.99,,1,https://www1.mbrace.or.jp/od2/B/202607/b260729.lzh,2026-10-03T18:29:17.124937+09:00
20260729,22,福岡,12,20260729-22-12,4,4019,笠原亮,46,静岡,53.0,A1,7.05,53.54,0.0,0.0,27,36.67,123,46.43,,7,https://www1.mbrace.or.jp/od2/B/202607/b260729.lzh,2026-10-03T18:29:17.124937+09:00
20260729,22,福岡,12,20260729-22-12,5,4427,秦英悟,40,大阪,52.0,A1,6.84,49.61,5.6,30.0,52,36.05,133,38.82,,5,https://www1.mbrace.or.jp/od2/B/202607/b260729.lzh,2026-10-03T18:29:17.124937+09:00
20260729,22,福岡,12,20260729-22-12,6,4776,竹田和哉,32,香川,52.0,A1,6.93,49.64,0.0,0.0,54,29.7,142,20.99,,6,https://www1.mbrace.or.jp/od2/B/202607/b260729.lzh,2026-10-03T18:29:17.124937+09:00
20260729,20,若松,1,20260729-20-01,1,5093,浦野海,24,福岡,58.0,B2,4.02,27.27,4.95,29.27,20,39.42,35,39.39,33445 6,5,https://www1.mbrace.or.jp/od2/B/202607/b260729.lzh,2026-10-03T18:29:17.124937+09:00
20260729,20,若松,1,20260729-20-01,2,3947,寺本昇平,50,群馬,49.0,B1,4.52,18.75,3.33,16.67,36,32.0,64,16.67,15534 2,9,https://www1.mbrace.or.jp/od2/B/202607/b260729.lzh,2026-10-03T18:29:17.124937+09:00
20260729,20,若松,1,20260729-20-01,3,4615,板倉敦史,46,東京,52.0,B1,4.35,23.08,4.22,18.75,24,32.35,50,33.33,4 421345,11,https://www1.mbrace.or.jp/od2/B/202607/b260729.lzh,2026-10-03T18:29:17.124937+09:00
20260729,20,若松,1,20260729-20-01,4,4196,田中太一,44,佐賀,53.0,B1,3.76,19.8,4.59,29.63,60,30.94,48,48.15,4 152243,11,https://www1.mbrace.or.jp/od2/B/202607/b260729.lzh,2026-10-03T18:29:17.124937+09:00
20260729,20,若松,1,20260729-20-01,5,4325,新出浩司,43,大阪,52.0,B1,4.52,20.48,0.0,0.0,43,34.44,51,41.38,363 453,7,https://www1.mbrace.or.jp/od2/B/202607/b260729.lzh,2026-10-03T18:29:17.124937+09:00
20260729,20,若松,1,20260729-20-01,6,5370,日隈茜,24,福岡,48.0,B2,1.31,3.13,1.06,0.0,1,28.77,45,35.71,6 65666,6,https://www1.mbrace.or.jp/od2/B/202607/b260729.lzh,2026-10-03T18:29:17.124937+09:00
20260729,20,若松,2,20260729-20-02,1,5398,鐘ヶ江真,24,福岡,53.0,B1,4.17,20.87,3.39,11.76,28,30.22,33,31.82,4 664266,,https://www1.mbrace.or.jp/od2/B/202607/b260729.lzh,2026-10-03T18:29:17.124937+09:00
20260729,20,若松,2,20260729-20-02,2,4128,川口貴久,46,東京,56.0,B1,5.51,34.18,5.55,37.93,40,35.33,66,13.64,655 141,7,https://www1.mbrace.or.jp/od2/B/202607/b260729.lzh,2026-10-03T18:29:17.124937+09:00
20260729,20,若松,2,20260729-20-02,3,3519,冨田秀幸,58,愛知,51.0,B1,4.09,15.79,4.3,10.0,16,25.19,40,31.82,15356 5,8,https://www1.mbrace.or.jp/od2/B/202607/b260729.lzh,2026-10-03T18:29:17.124937+09:00
20260729,20,若松,2,20260729-20-02,4,5270,小玉啓太,25,佐賀,53.0,B1,4.48,22.92,3.4,15.0,34,37.09,71,57.69,236 2616,10,https://www1.mbrace.or.jp/od2/B/202607/b260729.lzh,2026-10-03T18:29:17.124937+09:00
20260729,20,若松,2,20260729-20-02,5,5412,久保田凪,20,佐賀,43.0,B2,1.61,1.22,1.48,0.0,14,36.55,28,30.77,4 55565,6,https://www1.mbrace.or.jp/od2/B/202607/b260729.lzh,2026-10-03T18:29:17.124937+09:00
20260729,20,若松,2,20260729-20-02,6,4327,加藤翔,43,静岡,52.0,B1,3.87,18.95,3.44,11.11,32,34.44,29,22.22,3 451635,7,https://www1.mbrace.or.jp/od2/B/202607/b260729.lzh,2026-10-03T18:29:17.124937+09:00
20260729,20,若松,3,20260729-20-03,1,5268,山本幸也,25,福岡,56.0,B1,4.08,21.79,3.23,18.75,25,42.66,70,45.16,5525565,,https://www1.mbrace.or.jp/od2/B/202607/b260729.lzh,2026-10-03T18:29:17.124937+09:00
20260729,20,若松,3,20260729-20-03,2,4145,小澤学,44,東京,54.0,B1,3.92,16.48,3.52,14.29,56,23.53,19,19.35,45365 6,8,https://www1.mbrace.or.jp/od2/B/202607/b260729.lzh,2026-10-03T18:29:17.124937+09:00
20260729,20,若松,3,20260729-20-03,3,5070,中島航,32,東京,53.0,B1,3.77,18.92,4.11,21.05,2,35.62,14,26.09,644 335,7,https://www1.mbrace.or.jp/od2/B/202607/b260729.lzh,2026-10-03T18:29:17.124937+09:00
20260729,20,若松,3,20260729-20-03,4,4890,石川諒,37,山口,52.0,A2,6.0,39.8,4.79,21.05,37,28.77,22,25.0,624 3134,8,https://www1.mbrace.or.jp/od2/B/202607/b260729.lzh,2026-10-03T18:29:17.124937+09:00
20260729,20,若松,3,20260729-20-03,5,4079,出畑孝典,47,福岡,53.0,A2,5.73,35.04,6.02,44.32,50,33.09,73,10.53,432 3412,9,https://www1.mbrace.or.jp/od2/B/202607/b260729.lzh,2026-10-03T18:29:17.124937+09:00
20260729,20,若松,3,20260729-20-03,6,5157,市川健太,28,滋賀,55.0,B1,4.13,25.29,4.6,20.0,15,35.42,18,12.0,54666 6,7,https://www1.mbrace.or.jp/od2/B/202607/b260729.lzh,2026-10-03T18:29:17.124937+09:00
20260729,20,若松,4,20260729-20-04,1,4259,真庭明志,42,長崎,54.0,A2,5.52,35.71,5.04,34.62,51,45.59,59,7.14,1 235343,10,https://www1.mbrace.or.jp/od2/B/202607/b260729.lzh,2026-10-03T18:29:17.124937+09:00
20260729,20,若松,4,20260729-20-04,2,4442,松竹大輔,39,愛知,53.0,B1,6.1,47.71,5.13,37.5,11,25.34,32,22.73,62133 13,11,https://www1.mbrace.or.jp/od2/B/202607/b260729.lzh,2026-10-03T18:29:17.124937+09:00
20260729,20,若松,4,20260729-20-04,3,4705,吉川勇作,37,長崎,56.0,B1,3.41,17.31,5.03,37.93,3,36.05,42,10.34,42365 6,8,https://www1.mbrace.or.jp/od2/B/202607/b260729.lzh,2026-10-03T18:29:17.124937+09:00
20260729,20,若松,4,20260729-20-04,4,5050,木下雄介,31,滋賀,52.0,A2,5.69,40.48,0.0,0.0,57,31.06,67,40.0,23441 53,10,https://www1.mbrace.or.jp/od2/B/202607/b260729.lzh,2026-10-03T18:29:17.124937+09:00
20260729,20,若松,4,20260729-20-04,5,4779,伊倉光,40,東京,52.0,B1,5.35,30.53,4.44,31.25,39,42.57,27,44.83,3 253332,9,https://www1.mbrace.or.jp/od2/B/202607/b260729.lzh,2026-10-03T18:29:17.124937+09:00
20260729,20,若松,4,20260729-20-04,6,5002,上田健太,30,愛知,51.0,A2,5.71,37.72,6.53,46.67,23,41.73,68,47.22,5 434543,8,https://www1.mbrace.or.jp/od2/B/202607/b260729.lzh,2026-10-03T18:29:17.124937+09:00
20260729,20,若松,5,20260729-20-05,1,4850,野中一平,31,愛知,53.0,A2,6.06,38.46,0.0,0.0,38,30.82,46,32.0,121 4425,10,https://www1.mbrace.or.jp/od2/B/202607/b260729.lzh,2026-10-03T18:29:17.124937+09:00
20260729,20,若松,5,20260729-20-05,2,3489,大場敏,59,静岡,53.0,A2,5.81,39.26,5.98,47.5,41,34.64,44,56.0,523 4511,9,https://www1.mbrace.or.jp/od2/B/202607/b260729.lzh,2026-10-03T18:29:17.124937+09:00
20260729,20,若松,5,20260729-20-05,3,4247,齊藤優,44,徳島,56.0,B1,5.2,28.0,5.48,41.38,17,28.57,23,55.56,24133 44,,https://www1.mbrace.or.jp/od2/B/202607/b260729.lzh,2026-10-03T18:29:17.124937+09:00
20260729,20,若松,5,20260729-20-05,4,3841,佐々木和,50,徳島,55.0,A2,6.2,45.53,6.39,43.48,5,44.52,62,30.0,31124 14,11,https://www1.mbrace.or.jp/od2/B/202607/b260729.lzh,2026-10-03T18:29:17.124937+09:00
20260729,20,若松,5,20260729-20-05,5,5093,浦野海,24,福岡,58.0,B2,4.02,27.27,4.95,29.27,20,39.42,35,39.39,33445 6,1,https://www1.mbrace.or.jp/od2/B/202607/b260729.lzh,2026-10-03T18:29:17.124937+09:00
20260729,20,若松,5,20260729-20-05,6,4785,木幡純也,38,愛知,52.0,B1,4.29,17.86,4.29,0.0,35,41.72,55,32.0,26342 24,9,https://www1.mbrace.or.jp/od2/B/202607/b260729.lzh,2026-10-03T18:29:17.124937+09:00
20260729,20,若松,6,20260729-20-06,1,4372,原田佑実,38,大阪,46.0,A2,6.16,44.44,3.29,14.29,10,25.68,54,37.04,3 421555,10,https://www1.mbrace.or.jp/od2/B/202607/b260729.lzh,2026-10-03T18:29:17.124937+09:00
20260729,20,若松,6,20260729-20-06,2,3932,池田浩美,50,静岡,51.0,B1,4.68,33.33,4.89,33.33,26,31.47,24,34.38,2 116364,11,https://www1.mbrace.or.jp/od2/B/202607/b260729.lzh,2026-10-03T18:29:17.124937+09:00
20260729,20,若松,6,20260729-20-06,3,4819,蜂須瑞生,35,群馬,46.0,A2,5.06,29.91,5.6,40.0,33,32.0,21,32.26,462 1216,10,https://www1.mbrace.or.jp/od2/B/202607/b260729.lzh,2026-10-03T18:29:17.124937+09:00
20260729,20,若松,6,20260729-20-06,4,5320,岩崎麗子,25,群馬,48.0,B1,3.31,12.94,3.44,11.11,48,35.25,43,37.04,366 1656,,https://www1.mbrace.or.jp/od2/B/202607/b260729.lzh,2026-10-03T18:29:17.124937+09:00
20260729,20,若松,6,20260729-20-06,5,5370,日隈茜,24,福岡,48.0,B2,1.31,3.13,1.06,0.0,1,28.77,45,35.71,6 65666,1,https://www1.mbrace.or.jp/od2/B/202607/b260729.lzh,2026-10-03T18:29:17.124937+09:00
20260729,20,若松,6,20260729-20-06,6,5412,久保田凪,20,佐賀,43.0,B2,1.61,1.22,1.48,0.0,14,36.55,28,30.77,4 55565,2,https://www1.mbrace.or.jp/od2/B/202607/b260729.lzh,2026-10-03T18:29:17.124937+09:00
20260729,20,若松,7,20260729-20-07,1,4168,石野貴之,44,大阪,52.0,A1,6.98,47.22,6.72,50.0,53,28.46,30,26.67,16215 26,11,https://www1.mbrace.or.jp/od2/B/202607/b260729.lzh,2026-10-03T18:29:17.124937+09:00
20260729,20,若松,7,20260729-20-07,2,5157,市川健太,28,滋賀,55.0,B1,4.13,25.29,4.6,20.0,15,35.42,18,12.0,54666 6,3,https://www1.mbrace.or.jp/od2/B/202607/b260729.lzh,2026-10-03T18:29:17.124937+09:00
20260729,20,若松,7,20260729-20-07,3,4325,新出浩司,43,大阪,52.0,B1,4.52,20.48,0.0,0.0,43,34.44,51,41.38,363 453,1,https://www1.mbrace.or.jp/od2/B/202607/b260729.lzh,2026-10-03T18:29:17.124937+09:00
20260729,20,若松,7,20260729-20-07,4,4327,加藤翔,43,静岡,52.0,B1,3.87,18.95,3.44,11.11,32,34.44,29,22.22,3 451635,2,https://www1.mbrace.or.jp/od2/B/202607/b260729.lzh,2026-10-03T18:29:17.124937+09:00
20260729,20,若松,7,20260729-20-07,5,4128,川口貴久,46,東京,56.0,B1,5.51,34.18,5.55,37.93,40,35.33,66,13.64,655 141,2,https://www1.mbrace.or.jp/od2/B/202607/b260729.lzh,2026-10-03T18:29:17.124937+09:00
20260729,20,若松,7,20260729-20-07,6,5070,中島航,32,東京,53.0,B1,3.77,18.92,4.11,21.05,2,35.62,49,25.81,644 335,3,https://www1.mbrace.or.jp/od2/B/202607/b260729.lzh,2026-10-03T18:29:17.124937+09:00
20260729,20,若松,8,20260729-20-08,1,5002,上田健太,30,愛知,51.0,A2,5.71,37.72,6.53,46.67,23,41.73,68,47.22,5 434543,4,https://www1.mbrace.or.jp/od2/B/202607/b260729.lzh,2026-10-03T18:29:17.124937+09:00
20260729,20,若松,8,20260729-20-08,2,4366,前沢丈史,40,東京,55.0,A1,6.77,48.48,6.97,61.29,12,32.41,75,31.82,615 4325,,https://www1.mbrace.or.jp/od2/B/202607/b260729.lzh,2026-10-03T18:29:17.124937+09:00
20260729,20,若松,8,20260729-20-08,3,4890,石川諒,37,山口,52.0,A2,6.0,39.8,4.79,21.05,37,28.77,22,25.0,624 3134,3,https://www1.mbrace.or.jp/od2/B/202607/b260729.lzh,2026-10-03T18:29:17.124937+09:00
20260729,20,若松,8,20260729-20-08,4,3519,冨田秀幸,58,愛知,51.0,B1,4.09,15.79,4.3,10.0,16,25.19,40,31.82,15356 5,2,https://www1.mbrace.or.jp/od2/B/202607/b260729.lzh,2026-10-03T18:29:17.124937+09:00
20260729,20,若松,8,20260729-20-08,5,4145,小澤学,44,東京,54.0,B1,3.92,16.48,3.52,14.29,56,23.53,19,19.35,45365 6,3,https://www1.mbrace.or.jp/od2/B/202607/b260729.lzh,2026-10-03T18:29:17.124937+09:00
20260729,20,若松,8,20260729-20-08,6,4705,吉川勇作,37,長崎,56.0,B1,3.41,17.31,5.03,37.93,3,36.05,42,10.34,42365 6,4,https://www1.mbrace.or.jp/od2/B/202607/b260729.lzh,2026-10-03T18:29:17.124937+09:00
20260729,20,若松,9,20260729-20-09,1,5358,増本杏珠,20,福岡,49.0,B2,2.38,3.13,2.39,3.23,58,30.43,11,40.74,5 666444,,https://www1.mbrace.or.jp/od2/B/202607/b260729.lzh,2026-10-03T18:29:17.124937+09:00
20260729,20,若松,9,20260729-20-09,2,4079,出畑孝典,47,福岡,53.0,A2,5.73,35.04,6.02,44.32,50,33.09,73,10.53,432 3412,3,https://www1.mbrace.or.jp/od2/B/202607/b260729.lzh,2026-10-03T18:29:17.124937+09:00
20260729,20,若松,9,20260729-20-09,3,4779,伊倉光,40,東京,52.0,B1,5.35,30.53,4.44,31.25,39,42.57,27,44.83,3 253332,4,https://www1.mbrace.or.jp/od2/B/202607/b260729.lzh,2026-10-03T18:29:17.124937+09:00
20260729,20,若松,9,20260729-20-09,4,4785,木幡純也,38,愛知,52.0,B1,4.29,17.86,4.29,0.0,35,41.72,55,32.0,26342 24,5,https://www1.mbrace.or.jp/od2/B/202607/b260729.lzh,2026-10-03T18:29:17.124937+09:00
20260729,20,若松,9,20260729-20-09,5,3489,大場敏,59,静岡,53.0,A2,5.81,39.26,5.98,47.5,41,34.64,44,56.0,523 4511,5,https://www1.mbrace.or.jp/od2/B/202607/b260729.lzh,2026-10-03T18:29:17.124937+09:00
20260729,20,若松,9,20260729-20-09,6,3947,寺本昇平,50,群馬,49.0,B1,4.52,18.75,3.33,16.67,36,32.0,64,16.67,15534 2,1,https://www1.mbrace.or.jp/od2/B/202607/b260729.lzh,2026-10-03T18:29:17.124937+09:00
20260729,20,若松,10,20260729-20-10,1,5050,木下雄介,31,滋賀,52.0,A2,5.69,40.48,0.0,0.0,57,31.06,67,40.0,23441 53,4,https://www1.mbrace.or.jp/od2/B/202607/b260729.lzh,2026-10-03T18:29:17.124937+09:00
20260729,20,若松,10,20260729-20-10,2,4259,真庭明志,42,長崎,54.0,A2,5.52,35.71,5.04,34.62,51,45.59,59,7.14,1 235343,4,https://www1.mbrace.or.jp/od2/B/202607/b260729.lzh,2026-10-03T18:29:17.124937+09:00
20260729,20,若松,10,20260729-20-10,3,4850,野中一平,31,愛知,53.0,A2,6.06,38.46,0.0,0.0,38,30.82,46,32.0,121 4425,5,https://www1.mbrace.or.jp/od2/B/202607/b260729.lzh,2026-10-03T18:29:17.124937+09:00
20260729,20,若松,10,20260729-20-10,4,4372,原田佑実,38,大阪,46.0,A2,6.16,44.44,3.29,14.29,10,25.68,54,37.04,3 421555,6,https://www1.mbrace.or.jp/od2/B/202607/b260729.lzh,2026-10-03T18:29:17.124937+09:00
20260729,20,若松,10,20260729-20-10,5,4819,蜂須瑞生,35,群馬,46.0,A2,5.06,29.91,5.6,40.0,33,32.0,21,32.26,462 1216,6,https://www1.mbrace.or.jp/od2/B/202607/b260729.lzh,2026-10-03T18:29:17.124937+09:00
20260729,20,若松,10,20260729-20-10,6,5270,小玉啓太,25,佐賀,53.0,B1,4.48,22.92,3.4,15.0,34,37.09,15,42.86,236 2616,2,https://www1.mbrace.or.jp/od2/B/202607/b260729.lzh,2026-10-03T18:29:17.124937+09:00
20260729,20,若松,11,20260729-20-11,1,4196,田中太一,44,佐賀,53.0,B1,3.76,19.8,4.59,29.63,60,30.94,48,48.15,4 152243,1,https://www1.mbrace.or.jp/od2/B/202607/b260729.lzh,2026-10-03T18:29:17.124937+09:00
20260729,20,若松,11,20260729-20-11,2,3841,佐々木和,50,徳島,55.0,A2,6.2,45.53,6.39,43.48,5,44.52,62,30.0,31124 14,5,https://www1.mbrace.or.jp/od2/B/202607/b260729.lzh,2026-10-03T18:29:17.124937+09:00
20260729,20,若松,11,20260729-20-11,3,3932,池田浩美,50,静岡,51.0,B1,4.68,33.33,4.89,33.33,26,31.47,24,34.38,2 116364,6,https://www1.mbrace.or.jp/od2/B/202607/b260729.lzh,2026-10-03T18:29:17.124937+09:00
20260729,20,若松,11,20260729-20-11,4,4615,板倉敦史,46,東京,52.0,B1,4.35,23.08,4.22,18.75,24,32.35,50,33.33,4 421345,1,https://www1.mbrace.or.jp/od2/B/202607/b260729.lzh,2026-10-03T18:29:17.124937+09:00
20260729,20,若松,11,20260729-20-11,5,4168,石野貴之,44,大阪,52.0,A1,6.98,47.22,6.72,50.0,53,28.46,30,26.67,16215 26,7,https://www1.mbrace.or.jp/od2/B/202607/b260729.lzh,2026-10-03T18:29:17.124937+09:00
20260729,20,若松,11,20260729-20-11,6,4442,松竹大輔,39,愛知,53.0,B1,6.1,47.71,5.13,37.5,11,25.34,32,22.73,62133 13,4,https://www1.mbrace.or.jp/od2/B/202607/b260729.lzh,2026-10-03T18:29:17.124937+09:00
20260729,20,若松,12,20260729-20-12,1,4504,前田将太,38,福岡,56.0,A1,6.59,46.3,7.38,57.58,61,30.5,25,37.5,113 2131,,https://www1.mbrace.or.jp/od2/B/202607/b260729.lzh,2026-10-03T18:29:17.124937+09:00
20260729,20,若松,12,20260729-20-12,2,3942,寺田祥,47,山口,55.0,A1,6.94,55.34,7.4,51.43,29,28.47,41,59.26,131 2231,,https://www1.mbrace.or.jp/od2/B/202607/b260729.lzh,2026-10-03T18:29:17.124937+09:00
20260729,20,若松,12,20260729-20-12,3,4287,今井貴士,41,福岡,56.0,A2,6.26,42.16,6.54,48.6,13,33.57,20,37.04,151 2131,,https://www1.mbrace.or.jp/od2/B/202607/b260729.lzh,2026-10-03T18:29:17.124937+09:00
20260729,20,若松,12,20260729-20-12,4,4762,藤原啓史,36,岡山,50.0,A1,7.28,53.54,9.1,90.0,55,17.46,63,21.88,14122 12,,https://www1.mbrace.or.jp/od2/B/202607/b260729.lzh,2026-10-03T18:29:17.124937+09:00
20260729,20,若松,12,20260729-20-12,5,4188,久田敏之,45,群馬,52.0,A1,7.8,62.71,6.58,33.33,19,35.66,39,34.78,22241 22,,https://www1.mbrace.or.jp/od2/B/202607/b260729.lzh,2026-10-03T18:29:17.124937+09:00
20260729,20,若松,12,20260729-20-12,6,4530,小野生奈,37,福岡,46.0,A1,7.25,56.44,6.7,54.05,31,31.65,52,16.0,6 212122,,https://www1.mbrace.or.jp/od2/B/202607/b260729.lzh,2026-10-03T18:29:17.124937+09:00
20260729,19,下関,1,20260729-19-01,1,4224,大橋栄里,44,福岡,49.0,B1,5.52,35.16,5.3,35.0,27,40.82,12,24.53,4 53,12,https://www1.mbrace.or.jp/od2/B/202607/b260729.lzh,2026-10-03T18:29:17.124937+09:00
20260729,19,下関,1,20260729-19-01,2,3869,井芹大志,50,福岡,54.0,B1,4.07,19.74,4.63,31.25,25,24.53,73,39.62,5 25,,https://www1.mbrace.or.jp/od2/B/202607/b260729.lzh,2026-10-03T18:29:17.124937+09:00
20260729,19,下関,1,20260729-19-01,3,4876,梅木敬太,31,福井,54.0,B1,4.72,26.67,3.92,12.5,64,20.0,13,20.0,236,6,https://www1.mbrace.or.jp/od2/B/202607/b260729.lzh,2026-10-03T18:29:17.124937+09:00
20260729,19,下関,1,20260729-19-01,4,4260,中越博紀,42,香川,54.0,B1,5.22,36.15,5.65,45.45,33,31.37,56,55.56,652,11,https://www1.mbrace.or.jp/od2/B/202607/b260729.lzh,2026-10-03T18:29:17.124937+09:00
20260729,19,下関,1,20260729-19-01,5,4041,小林基樹,47,山口,53.0,B1,3.88,16.67,4.89,29.89,14,32.0,32,23.91,124,9,https://www1.mbrace.or.jp/od2/B/202607/b260729.lzh,2026-10-03T18:29:17.124937+09:00
20260729,19,下関,1,20260729-19-01,6,4031,飯島誠,47,埼玉,52.0,B1,4.9,31.96,3.88,12.5,18,59.18,54,22.22,321,10,https://www1.mbrace.or.jp/od2/B/202607/b260729.lzh,2026-10-03T18:29:17.124937+09:00
20260729,19,下関,2,20260729-19-02,1,3105,内山文典,63,東京,54.0,B1,5.2,32.18,4.8,30.0,40,42.86,36,33.96,3 34,11,https://www1.mbrace.or.jp/od2/B/202607/b260729.lzh,2026-10-03T18:29:17.124937+09:00
20260729,19,下関,2,20260729-19-02,2,3362,間嶋仁志,56,三重,55.0,B1,4.98,30.93,5.41,31.82,17,58.82,39,20.41,244,6,https://www1.mbrace.or.jp/od2/B/202607/b260729.lzh,2026-10-03T18:29:17.124937+09:00
20260729,19,下関,2,20260729-19-02,3,3566,川添英正,56,福岡,53.0,B1,4.6,25.0,0.0,0.0,71,47.83,58,50.94,4443,,https://www1.mbrace.or.jp/od2/B/202607/b260729.lzh,2026-10-03T18:29:17.124937+09:00
20260729,19,下関,2,20260729-19-02,4,4896,花本剛,34,山口,59.0,B1,3.72,15.79,4.17,18.31,57,48.33,25,48.08,155,9,https://www1.mbrace.or.jp/od2/B/202607/b260729.lzh,2026-10-03T18:29:17.124937+09:00
20260729,19,下関,2,20260729-19-02,5,3726,桂林寛,55,福岡,55.0,B1,5.16,36.84,4.89,36.84,50,33.33,48,12.24,654,7,https://www1.mbrace.or.jp/od2/B/202607/b260729.lzh,2026-10-03T18:29:17.124937+09:00
20260729,19,下関,2,20260729-19-02,6,4579,中嶋健一,37,三重,53.0,A2,6.21,39.05,7.11,66.67,12,36.0,62,20.93,2 14,10,https://www1.mbrace.or.jp/od2/B/202607/b260729.lzh,2026-10-03T18:29:17.124937+09:00
20260729,19,下関,3,20260729-19-03,1,4129,宇野博之,46,愛知,56.0,B1,3.95,18.6,5.18,35.71,39,38.18,26,22.22,3 36,8,https://www1.mbrace.or.jp/od2/B/202607/b260729.lzh,2026-10-03T18:29:17.124937+09:00
20260729,19,下関,3,20260729-19-03,2,4892,柴田直哉,36,福岡,53.0,B1,4.96,31.52,6.33,40.0,62,48.08,30,14.89,5 15,7,https://www1.mbrace.or.jp/od2/B/202607/b260729.lzh,2026-10-03T18:29:17.124937+09:00
20260729,19,下関,3,20260729-19-03,3,4387,平山智加,41,香川,46.0,A1,6.6,45.59,6.46,45.83,32,18.37,72,25.58,1 35,12,https://www1.mbrace.or.jp/od2/B/202607/b260729.lzh,2026-10-03T18:29:17.124937+09:00
20260729,19,下関,3,20260729-19-03,4,3554,仲口博崇,53,愛知,52.0,A1,6.5,51.05,5.08,32.0,28,26.09,70,23.4,3522,11,https://www1.mbrace.or.jp/od2/B/202607/b260729.lzh,2026-10-03T18:29:17.124937+09:00
20260729,19,下関,3,20260729-19-03,5,4883,岡部大輝,30,東京,52.0,A2,6.1,44.0,4.5,25.0,16,20.83,46,27.45,1 16,10,https://www1.mbrace.or.jp/od2/B/202607/b260729.lzh,2026-10-03T18:29:17.124937+09:00
20260729,19,下関,3,20260729-19-03,6,5438,星田夢結,20,福岡,51.0,B2,1.57,0.0,1.0,0.0,36,40.43,24,35.19,5 66,,https://www1.mbrace.or.jp/od2/B/202607/b260729.lzh,2026-10-03T18:29:17.124937+09:00
20260729,19,下関,4,20260729-19-04,1,4553,坪口竜也,37,長崎,53.0,A2,5.71,37.61,5.67,46.67,13,26.32,23,40.0,2 23,8,https://www1.mbrace.or.jp/od2/B/202607/b260729.lzh,2026-10-03T18:29:17.124937+09:00
20260729,19,下関,4,20260729-19-04,2,3412,鈴木博,56,埼玉,54.0,A1,6.81,53.85,8.08,76.92,43,35.29,65,40.38,412,10,https://www1.mbrace.or.jp/od2/B/202607/b260729.lzh,2026-10-03T18:29:17.124937+09:00
20260729,19,下関,4,20260729-19-04,3,4243,西村歩,40,大阪,49.0,B1,5.58,39.62,5.3,10.0,53,28.33,19,25.0,423,12,https://www1.mbrace.or.jp/od2/B/202607/b260729.lzh,2026-10-03T18:29:17.124937+09:00
20260729,19,下関,4,20260729-19-04,4,4817,渡邉翼,35,山口,51.0,A1,6.16,46.32,6.57,54.24,73,30.61,17,35.19,6642,,https://www1.mbrace.or.jp/od2/B/202607/b260729.lzh,2026-10-03T18:29:17.124937+09:00
20260729,19,下関,4,20260729-19-04,5,3838,伊藤啓三,51,埼玉,52.0,B1,5.35,31.18,6.95,63.16,60,23.26,29,25.0,6 13,9,https://www1.mbrace.or.jp/od2/B/202607/b260729.lzh,2026-10-03T18:29:17.124937+09:00
20260729,19,下関,4,20260729-19-04,6,4020,川上清人,46,香川,66.0,B1,4.34,25.81,4.47,18.87,56,36.17,51,54.72,2614,,https://www1.mbrace.or.jp/od2/B/202607/b260729.lzh,2026-10-03T18:29:17.124937+09:00
20260729,19,下関,5,20260729-19-05,1,4313,西村美智,42,香川,49.0,A2,5.35,36.0,6.47,52.94,37,37.93,41,41.82,5 46,12,https://www1.mbrace.or.jp/od2/B/202607/b260729.lzh,2026-10-03T18:29:17.124937+09:00
20260729,19,下関,5,20260729-19-05,2,4545,岡村慶太,38,福岡,58.0,A1,7.15,58.33,6.58,52.63,48,28.07,31,39.47,1311,,https://www1.mbrace.or.jp/od2/B/202607/b260729.lzh,2026-10-03T18:29:17.124937+09:00
20260729,19,下関,5,20260729-19-05,3,5258,仲本舜,21,福岡,53.0,B1,4.52,25.84,2.79,10.53,45,22.0,61,29.63,165,10,https://www1.mbrace.or.jp/od2/B/202607/b260729.lzh,2026-10-03T18:29:17.124937+09:00
20260729,19,下関,5,20260729-19-05,4,4281,大澤大夢,42,埼玉,52.0,B1,5.12,30.93,5.56,37.5,70,29.17,42,22.45,532,,https://www1.mbrace.or.jp/od2/B/202607/b260729.lzh,2026-10-03T18:29:17.124937+09:00
20260729,19,下関,5,20260729-19-05,5,4233,亀山雅幸,43,群馬,52.0,A2,6.17,46.88,5.26,31.58,59,35.29,37,25.93,321,11,https://www1.mbrace.or.jp/od2/B/202607/b260729.lzh,2026-10-03T18:29:17.124937+09:00
20260729,19,下関,5,20260729-19-05,6,5471,田中結,17,大阪,48.0,B2,1.51,0.0,0.0,0.0,47,36.0,16,20.45,6 66,,https://www1.mbrace.or.jp/od2/B/202607/b260729.lzh,2026-10-03T18:29:17.124937+09:00
20260729,19,下関,6,20260729-19-06,1,3349,吉田一郎,58,長崎,52.0,A1,6.61,50.0,7.1,64.52,26,22.92,52,26.09,5355,,https://www1.mbrace.or.jp/od2/B/202607/b260729.lzh,2026-10-03T18:29:17.124937+09:00
20260729,19,下関,6,20260729-19-06,2,4175,川尻泰輔,43,埼玉,56.0,A2,5.83,44.44,0.0,0.0,15,25.53,35,23.4,162,10,https://www1.mbrace.or.jp/od2/B/202607/b260729.lzh,2026-10-03T18:29:17.124937+09:00
20260729,19,下関,6,20260729-19-06,3,4666,日笠勝弘,42,大阪,51.0,B1,4.0,21.95,0.0,0.0,52,46.0,34,35.85,3 54,,https://www1.mbrace.or.jp/od2/B/202607/b260729.lzh,2026-10-03T18:29:17.124937+09:00
20260729,19,下関,6,20260729-19-06,4,3362,間嶋仁志,56,三重,55.0,B1,4.98,30.93,5.41,31.82,17,58.82,39,20.41,244,2,https://www1.mbrace.or.jp/od2/B/202607/b260729.lzh,2026-10-03T18:29:17.124937+09:00
20260729,19,下関,6,20260729-19-06,5,4876,梅木敬太,31,福井,54.0,B1,4.72,26.67,3.92,12.5,64,20.0,13,20.0,236,1,https://www1.mbrace.or.jp/od2/B/202607/b260729.lzh,2026-10-03T18:29:17.124937+09:00
20260729,19,下関,6,20260729-19-06,6,3872,岡田憲行,50,大阪,54.0,A2,6.22,45.16,6.93,50.0,49,22.45,22,33.33,1 24,11,https://www1.mbrace.or.jp/od2/B/202607/b260729.lzh,2026-10-03T18:29:17.124937+09:00
20260729,19,下関,7,20260729-19-07,1,5045,平川香織,25,埼玉,46.0,A2,6.75,48.48,5.87,38.71,21,42.86,50,41.51,3 53,12,https://www1.mbrace.or.jp/od2/B/202607/b260729.lzh,2026-10-03T18:29:17.124937+09:00
20260729,19,下関,7,20260729-19-07,2,3583,齋藤智裕,53,埼玉,59.0,B1,3.77,14.63,2.62,7.69,54,31.15,14,35.85,4 55,,https://www1.mbrace.or.jp/od2/B/202607/b260729.lzh,2026-10-03T18:29:17.124937+09:00
20260729,19,下関,7,20260729-19-07,3,4892,柴田直哉,36,福岡,53.0,B1,4.96,31.52,6.33,40.0,62,48.08,30,14.89,5 15,3,https://www1.mbrace.or.jp/od2/B/202607/b260729.lzh,2026-10-03T18:29:17.124937+09:00
20260729,19,下関,7,20260729-19-07,4,3726,桂林寛,55,福岡,55.0,B1,5.16,36.84,4.89,36.84,50,33.33,48,12.24,654,2,https://www1.mbrace.or.jp/od2/B/202607/b260729.lzh,2026-10-03T18:29:17.124937+09:00
20260729,19,下関,7,20260729-19-07,5,4238,毒島誠,42,群馬,52.0,A1,7.79,63.33,6.89,38.89,30,36.17,60,37.74,4112,11,https://www1.mbrace.or.jp/od2/B/202607/b260729.lzh,2026-10-03T18:29:17.124937+09:00
20260729,19,下関,7,20260729-19-07,6,4509,平見真彦,37,愛知,54.0,A2,5.79,35.71,6.5,50.0,61,32.0,15,24.49,433,,https://www1.mbrace.or.jp/od2/B/202607/b260729.lzh,2026-10-03T18:29:17.124937+09:00
20260729,19,下関,8,20260729-19-08,1,5055,眞鳥章太,30,長崎,54.0,A2,5.77,37.5,5.44,38.89,72,25.0,47,29.63,443,,https://www1.mbrace.or.jp/od2/B/202607/b260729.lzh,2026-10-03T18:29:17.124937+09:00
20260729,19,下関,8,20260729-19-08,2,4129,宇野博之,46,愛知,56.0,B1,3.95,18.6,5.18,35.71,39,38.18,26,22.22,3 36,3,https://www1.mbrace.or.jp/od2/B/202607/b260729.lzh,2026-10-03T18:29:17.124937+09:00
20260729,19,下関,8,20260729-19-08,3,4856,豊田健士,30,三重,53.0,A1,7.02,49.23,6.81,44.44,46,44.44,40,30.77,2231,,https://www1.mbrace.or.jp/od2/B/202607/b260729.lzh,2026-10-03T18:29:17.124937+09:00
20260729,19,下関,8,20260729-19-08,4,4553,坪口竜也,37,長崎,53.0,A2,5.71,37.61,5.67,46.67,13,26.32,23,40.0,2 23,4,https://www1.mbrace.or.jp/od2/B/202607/b260729.lzh,2026-10-03T18:29:17.124937+09:00
20260729,19,下関,8,20260729-19-08,5,5391,出穂和鼓,18,山口,53.0,B2,1.82,3.66,1.85,2.94,42,35.71,71,22.73,666,12,https://www1.mbrace.or.jp/od2/B/202607/b260729.lzh,2026-10-03T18:29:17.124937+09:00
20260729,19,下関,8,20260729-19-08,6,5418,堀内亜海,20,大阪,56.0,B2,1.13,0.0,1.14,0.0,19,36.36,28,55.56,6 66,,https://www1.mbrace.or.jp/od2/B/202607/b260729.lzh,2026-10-03T18:29:17.124937+09:00
20260729,19,下関,9,20260729-19-09,1,4469,土山卓也,39,福井,55.0,A2,5.94,41.51,4.0,22.22,69,36.73,18,20.83,552,,https://www1.mbrace.or.jp/od2/B/202607/b260729.lzh,2026-10-03T18:29:17.124937+09:00
20260729,19,下関,9,20260729-19-09,2,3838,伊藤啓三,51,埼玉,52.0,B1,5.35,31.18,6.95,63.16,60,23.26,29,25.0,6 13,4,https://www1.mbrace.or.jp/od2/B/202607/b260729.lzh,2026-10-03T18:29:17.124937+09:00
20260729,19,下関,9,20260729-19-09,3,4041,小林基樹,47,山口,53.0,B1,3.88,16.67,4.89,29.89,14,32.0,32,23.91,124,1,https://www1.mbrace.or.jp/od2/B/202607/b260729.lzh,2026-10-03T18:29:17.124937+09:00
20260729,19,下関,9,20260729-19-09,4,4083,福島勇樹,46,東京,52.0,A1,7.28,58.87,6.71,52.38,67,41.51,57,38.18,1441,,https://www1.mbrace.or.jp/od2/B/202607/b260729.lzh,2026-10-03T18:29:17.124937+09:00
20260729,19,下関,9,20260729-19-09,5,4896,花本剛,34,山口,59.0,B1,3.72,15.79,4.17,18.31,57,48.33,25,48.08,155,2,https://www1.mbrace.or.jp/od2/B/202607/b260729.lzh,2026-10-03T18:29:17.124937+09:00
20260729,19,下関,9,20260729-19-09,6,4134,杉山貴博,46,東京,54.0,A2,5.59,35.71,5.93,42.86,23,9.3,53,26.79,216,,https://www1.mbrace.or.jp/od2/B/202607/b260729.lzh,2026-10-03T18:29:17.124937+09:00
20260729,19,下関,10,20260729-19-10,1,4883,岡部大輝,30,東京,52.0,A2,6.1,44.0,4.5,25.0,16,20.83,46,27.45,1 16,3,https://www1.mbrace.or.jp/od2/B/202607/b260729.lzh,2026-10-03T18:29:17.124937+09:00
20260729,19,下関,10,20260729-19-10,2,5258,仲本舜,21,福岡,53.0,B1,4.52,25.84,2.79,10.53,45,22.0,61,29.63,165,5,https://www1.mbrace.or.jp/od2/B/202607/b260729.lzh,2026-10-03T18:29:17.124937+09:00
20260729,19,下関,10,20260729-19-10,3,3412,鈴木博,56,埼玉,54.0,A1,6.81,53.85,8.08,76.92,43,35.29,65,40.38,412,4,https://www1.mbrace.or.jp/od2/B/202607/b260729.lzh,2026-10-03T18:29:17.124937+09:00
20260729,19,下関,10,20260729-19-10,4,4579,中嶋健一,37,三重,53.0,A2,6.21,39.05,7.11,66.67,12,36.0,62,20.93,2 14,2,https://www1.mbrace.or.jp/od2/B/202607/b260729.lzh,2026-10-03T18:29:17.124937+09:00
20260729,19,下関,10,20260729-19-10,5,4031,飯島誠,47,埼玉,52.0,B1,4.9,31.96,3.88,12.5,18,59.18,54,22.22,321,1,https://www1.mbrace.or.jp/od2/B/202607/b260729.lzh,2026-10-03T18:29:17.124937+09:00
20260729,19,下関,10,20260729-19-10,6,4175,川尻泰輔,43,埼玉,56.0,A2,5.83,44.44,0.0,0.0,15,25.53,35,23.4,162,6,https://www1.mbrace.or.jp/od2/B/202607/b260729.lzh,2026-10-03T18:29:17.124937+09:00
20260729,19,下関,11,20260729-19-11,1,4238,毒島誠,42,群馬,52.0,A1,7.79,63.33,6.89,38.89,30,36.17,60,37.74,4112,7,https://www1.mbrace.or.jp/od2/B/202607/b260729.lzh,2026-10-03T18:29:17.124937+09:00
20260729,19,下関,11,20260729-19-11,2,3554,仲口博崇,53,愛知,52.0,A1,6.5,51.05,5.08,32.0,28,26.09,70,23.4,3522,3,https://www1.mbrace.or.jp/od2/B/202607/b260729.lzh,2026-10-03T18:29:17.124937+09:00
20260729,19,下関,11,20260729-19-11,3,3872,岡田憲行,50,大阪,54.0,A2,6.22,45.16,6.93,50.0,49,22.45,22,33.33,1 24,6,https://www1.mbrace.or.jp/od2/B/202607/b260729.lzh,2026-10-03T18:29:17.124937+09:00
20260729,19,下関,11,20260729-19-11,4,4233,亀山雅幸,43,群馬,52.0,A2,6.17,46.88,5.26,31.58,59,35.29,37,25.93,321,5,https://www1.mbrace.or.jp/od2/B/202607/b260729.lzh,2026-10-03T18:29:17.124937+09:00
20260729,19,下関,11,20260729-19-11,5,3105,内山文典,63,東京,54.0,B1,5.2,32.18,4.8,30.0,40,42.86,36,33.96,3 34,2,https://www1.mbrace.or.jp/od2/B/202607/b260729.lzh,2026-10-03T18:29:17.124937+09:00
20260729,19,下関,11,20260729-19-11,6,4260,中越博紀,42,香川,54.0,B1,5.22,36.15,5.65,45.45,33,31.37,56,55.56,652,1,https://www1.mbrace.or.jp/od2/B/202607/b260729.lzh,2026-10-03T18:29:17.124937+09:00
20260729,19,下関,12,20260729-19-12,1,4243,西村歩,40,大阪,49.0,B1,5.58,39.62,5.3,10.0,53,28.33,19,25.0,423,4,https://www1.mbrace.or.jp/od2/B/202607/b260729.lzh,2026-10-03T18:29:17.124937+09:00
20260729,19,下関,12,20260729-19-12,2,4387,平山智加,41,香川,46.0,A1,6.6,45.59,6.46,45.83,32,18.37,72,25.58,1 35,3,https://www1.mbrace.or.jp/od2/B/202607/b260729.lzh,2026-10-03T18:29:17.124937+09:00
20260729,19,下関,12,20260729-19-12,3,4313,西村美智,42,香川,49.0,A2,5.35,36.0,6.47,52.94,37,37.93,41,41.82,5 46,5,https://www1.mbrace.or.jp/od2/B/202607/b260729.lzh,2026-10-03T18:29:17.124937+09:00
20260729,19,下関,12,20260729-19-12,4,5045,平川香織,25,埼玉,46.0,A2,6.75,48.48,5.87,38.71,21,42.86,50,41.51,3 53,7,https://www1.mbrace.or.jp/od2/B/202607/b260729.lzh,2026-10-03T18:29:17.124937+09:00
20260729,19,下関,12,20260729-19-12,5,4224,大橋栄里,44,福岡,49.0,B1,5.52,35.16,5.3,35.0,27,40.82,12,24.53,4 53,1,https://www1.mbrace.or.jp/od2/B/202607/b260729.lzh,2026-10-03T18:29:17.124937+09:00
20260729,19,下関,12,20260729-19-12,6,5391,出穂和鼓,18,山口,53.0,B2,1.82,3.66,1.85,2.94,42,35.71,71,22.73,666,8,https://www1.mbrace.or.jp/od2/B/202607/b260729.lzh,2026-10-03T18:29:17.124937+09:00
20260729,18,徳山,1,20260729-18-01,1,5106,山崎祥,27,山口,52.0,A2,5.73,37.23,5.46,31.58,43,15.94,26,29.31,,7,https://www1.mbrace.or.jp/od2/B/202607/b260729.lzh,2026-10-03T18:29:17.124937+09:00
20260729,18,徳山,1,20260729-18-01,2,3617,竹田広樹,53,佐賀,53.0,B1,4.09,21.52,3.58,18.18,36,33.33,38,40.7,,11,https://www1.mbrace.or.jp/od2/B/202607/b260729.lzh,2026-10-03T18:29:17.124937+09:00
20260729,18,徳山,1,20260729-18-01,3,4567,上村慎太,38,山口,50.0,B1,4.4,17.58,4.22,22.45,63,29.41,11,25.14,,,https://www1.mbrace.or.jp/od2/B/202607/b260729.lzh,2026-10-03T18:29:17.124937+09:00
20260729,18,徳山,1,20260729-18-01,4,4527,高野心吾,38,愛知,51.0,B1,4.45,22.99,3.68,18.18,54,32.39,32,32.76,,8,https://www1.mbrace.or.jp/od2/B/202607/b260729.lzh,2026-10-03T18:29:17.124937+09:00
20260729,18,徳山,1,20260729-18-01,5,5396,近藤来希,24,兵庫,50.0,B2,2.06,3.03,1.4,0.0,67,35.38,68,43.75,,10,https://www1.mbrace.or.jp/od2/B/202607/b260729.lzh,2026-10-03T18:29:17.124937+09:00
20260729,18,徳山,1,20260729-18-01,6,3896,上田洋平,49,滋賀,52.0,B1,5.1,25.58,4.89,27.78,23,36.11,33,32.37,,9,https://www1.mbrace.or.jp/od2/B/202607/b260729.lzh,2026-10-03T18:29:17.124937+09:00
20260729,18,徳山,2,20260729-18-02,1,4292,麻生慎介,41,広島,54.0,A1,6.31,40.54,6.58,31.58,48,33.33,59,40.12,,10,https://www1.mbrace.or.jp/od2/B/202607/b260729.lzh,2026-10-03T18:29:17.124937+09:00
20260729,18,徳山,2,20260729-18-02,2,4511,中岡健人,37,香川,58.0,B1,4.87,21.43,5.36,36.0,57,20.69,63,30.59,,6,https://www1.mbrace.or.jp/od2/B/202607/b260729.lzh,2026-10-03T18:29:17.124937+09:00
20260729,18,徳山,2,20260729-18-02,3,4171,榎幸司,43,長崎,52.0,A2,6.05,41.86,6.31,42.86,11,34.38,66,33.53,,8,https://www1.mbrace.or.jp/od2/B/202607/b260729.lzh,2026-10-03T18:29:17.124937+09:00
20260729,18,徳山,2,20260729-18-02,4,5029,中亮太,29,福岡,52.0,A1,7.09,57.14,6.61,57.14,75,20.34,25,28.0,,9,https://www1.mbrace.or.jp/od2/B/202607/b260729.lzh,2026-10-03T18:29:17.124937+09:00
20260729,18,徳山,2,20260729-18-02,5,4954,内山峻輔,31,東京,53.0,B1,4.33,23.17,5.44,31.25,18,30.0,72,34.29,,11,https://www1.mbrace.or.jp/od2/B/202607/b260729.lzh,2026-10-03T18:29:17.124937+09:00
20260729,18,徳山,2,20260729-18-02,6,5246,楠将太郎,24,埼玉,51.0,A2,5.31,39.56,5.3,20.0,56,38.1,52,27.33,,7,https://www1.mbrace.or.jp/od2/B/202607/b260729.lzh,2026-10-03T18:29:17.124937+09:00
20260729,18,徳山,3,20260729-18-03,1,4063,市橋卓士,46,徳島,54.0,A1,6.01,40.0,6.41,45.45,31,30.77,27,31.98,,11,https://www1.mbrace.or.jp/od2/B/202607/b260729.lzh,2026-10-03T18:29:17.124937+09:00
20260729,18,徳山,3,20260729-18-03,2,4252,松下哲也,43,福岡,50.0,B1,4.67,24.51,4.57,28.57,58,32.26,73,38.95,,,https://www1.mbrace.or.jp/od2/B/202607/b260729.lzh,2026-10-03T18:29:17.124937+09:00
20260729,18,徳山,3,20260729-18-03,3,5075,中島秀治,30,滋賀,52.0,A2,5.9,33.6,6.76,42.86,34,30.38,67,41.28,,10,https://www1.mbrace.or.jp/od2/B/202607/b260729.lzh,2026-10-03T18:29:17.124937+09:00
20260729,18,徳山,3,20260729-18-03,4,3680,森林太,53,長崎,55.0,B1,4.35,22.03,4.92,25.49,52,25.71,45,34.91,,7,https://www1.mbrace.or.jp/od2/B/202607/b260729.lzh,2026-10-03T18:29:17.124937+09:00
20260729,18,徳山,3,20260729-18-03,5,5343,小林礼央,23,広島,52.0,B1,3.84,19.1,2.72,12.5,22,27.69,16,43.1,,,https://www1.mbrace.or.jp/od2/B/202607/b260729.lzh,2026-10-03T18:29:17.124937+09:00
20260729,18,徳山,3,20260729-18-03,6,4512,高野哲史,37,兵庫,53.0,A1,6.87,54.81,7.3,60.0,29,31.51,24,35.29,,12,https://www1.mbrace.or.jp/od2/B/202607/b260729.lzh,2026-10-03T18:29:17.124937+09:00
20260729,18,徳山,4,20260729-18-04,1,4383,竹田吉行,41,徳島,52.0,A2,5.68,37.5,5.42,36.84,62,21.67,17,30.11,,9,https://www1.mbrace.or.jp/od2/B/202607/b260729.lzh,2026-10-03T18:29:17.124937+09:00
20260729,18,徳山,4,20260729-18-04,2,5068,前田滉,26,愛知,51.0,A1,7.53,59.62,5.53,36.84,61,16.67,22,36.36,,12,https://www1.mbrace.or.jp/od2/B/202607/b260729.lzh,2026-10-03T18:29:17.124937+09:00
20260729,18,徳山,4,20260729-18-04,3,4697,國弘翔平,39,福岡,49.0,B1,4.12,19.19,4.19,18.52,71,32.81,44,38.37,,10,https://www1.mbrace.or.jp/od2/B/202607/b260729.lzh,2026-10-03T18:29:17.124937+09:00
20260729,18,徳山,4,20260729-18-04,4,4257,古川健,42,広島,52.0,B1,4.67,27.84,5.9,37.93,21,23.64,36,34.71,,8,https://www1.mbrace.or.jp/od2/B/202607/b260729.lzh,2026-10-03T18:29:17.124937+09:00
20260729,18,徳山,4,20260729-18-04,5,4727,安部慎一,38,福岡,55.0,B1,4.0,14.47,4.41,21.62,60,30.77,62,38.86,,,https://www1.mbrace.or.jp/od2/B/202607/b260729.lzh,2026-10-03T18:29:17.124937+09:00
20260729,18,徳山,4,20260729-18-04,6,4004,山本浩輔,48,長崎,53.0,B1,4.9,27.78,4.17,19.15,70,22.41,65,27.49,,11,https://www1.mbrace.or.jp/od2/B/202607/b260729.lzh,2026-10-03T18:29:17.124937+09:00
20260729,18,徳山,5,20260729-18-05,1,4928,栗城匠,31,東京,52.0,A1,6.54,47.37,5.7,30.0,59,35.29,70,28.65,,12,https://www1.mbrace.or.jp/od2/B/202607/b260729.lzh,2026-10-03T18:29:17.124937+09:00
20260729,18,徳山,5,20260729-18-05,2,4034,西原明生,47,香川,54.0,B1,3.74,16.13,4.56,6.25,65,19.61,29,30.86,,9,https://www1.mbrace.or.jp/od2/B/202607/b260729.lzh,2026-10-03T18:29:17.124937+09:00
20260729,18,徳山,5,20260729-18-05,3,4009,小林一樹,47,山口,58.0,A2,5.71,40.0,5.87,38.24,40,28.57,56,27.91,,11,https://www1.mbrace.or.jp/od2/B/202607/b260729.lzh,2026-10-03T18:29:17.124937+09:00
20260729,18,徳山,5,20260729-18-05,4,4100,松田隆司,47,福岡,54.0,B1,4.85,27.84,4.33,23.33,39,35.71,18,38.37,,,https://www1.mbrace.or.jp/od2/B/202607/b260729.lzh,2026-10-03T18:29:17.124937+09:00
20260729,18,徳山,5,20260729-18-05,5,5011,高木圭大,29,長崎,53.0,B1,3.85,17.05,2.94,18.75,72,35.94,55,39.18,,10,https://www1.mbrace.or.jp/od2/B/202607/b260729.lzh,2026-10-03T18:29:17.124937+09:00
20260729,18,徳山,5,20260729-18-05,6,5220,青木蓮,25,埼玉,50.0,A2,6.55,51.11,6.83,56.52,42,31.34,75,25.6,,,https://www1.mbrace.or.jp/od2/B/202607/b260729.lzh,2026-10-03T18:29:17.124937+09:00
20260729,18,徳山,6,20260729-18-06,1,4146,柳橋宏紀,44,滋賀,53.0,A2,5.39,29.09,4.53,29.41,24,26.09,40,41.28,,,https://www1.mbrace.or.jp/od2/B/202607/b260729.lzh,2026-10-03T18:29:17.124937+09:00
20260729,18,徳山,6,20260729-18-06,2,5309,森雄利,21,長崎,53.0,B1,3.37,16.28,1.72,0.0,49,30.77,58,35.47,,,https://www1.mbrace.or.jp/od2/B/202607/b260729.lzh,2026-10-03T18:29:17.124937+09:00
20260729,18,徳山,6,20260729-18-06,3,4133,高橋正男,46,兵庫,52.0,A2,6.46,54.46,6.76,51.72,41,34.67,19,35.88,,11,https://www1.mbrace.or.jp/od2/B/202607/b260729.lzh,2026-10-03T18:29:17.124937+09:00
20260729,18,徳山,6,20260729-18-06,4,4511,中岡健人,37,香川,58.0,B1,4.87,21.43,5.36,36.0,57,20.69,63,30.59,,2,https://www1.mbrace.or.jp/od2/B/202607/b260729.lzh,2026-10-03T18:29:17.124937+09:00
20260729,18,徳山,6,20260729-18-06,5,4264,長尾章平,41,山口,53.0,A1,6.76,52.07,6.52,46.1,16,31.15,23,32.95,,12,https://www1.mbrace.or.jp/od2/B/202607/b260729.lzh,2026-10-03T18:29:17.124937+09:00
20260729,18,徳山,6,20260729-18-06,6,5458,田中大輝,19,福岡,53.0,B2,1.26,0.0,0.0,0.0,32,27.4,14,34.86,,,https://www1.mbrace.or.jp/od2/B/202607/b260729.lzh,2026-10-03T18:29:17.124937+09:00
20260729,18,徳山,7,20260729-18-07,1,3680,森林太,53,長崎,55.0,B1,4.35,22.03,4.92,25.49,52,25.71,45,34.91,,3,https://www1.mbrace.or.jp/od2/B/202607/b260729.lzh,2026-10-03T18:29:17.124937+09:00
20260729,18,徳山,7,20260729-18-07,2,3989,熊本英一,48,佐賀,57.0,B1,3.98,21.11,2.6,20.0,37,20.59,46,31.4,,,https://www1.mbrace.or.jp/od2/B/202607/b260729.lzh,2026-10-03T18:29:17.124937+09:00
20260729,18,徳山,7,20260729-18-07,3,5246,楠将太郎,24,埼玉,51.0,A2,5.31,39.56,5.3,20.0,56,38.1,52,27.33,,2,https://www1.mbrace.or.jp/od2/B/202607/b260729.lzh,2026-10-03T18:29:17.124937+09:00
20260729,18,徳山,7,20260729-18-07,4,5106,山崎祥,27,山口,52.0,A2,5.73,37.23,5.46,31.58,43,15.94,26,29.31,,1,https://www1.mbrace.or.jp/od2/B/202607/b260729.lzh,2026-10-03T18:29:17.124937+09:00
20260729,18,徳山,7,20260729-18-07,5,5292,佐藤右京,24,東京,56.0,B1,4.42,23.47,2.89,0.0,25,27.54,35,31.61,,,https://www1.mbrace.or.jp/od2/B/202607/b260729.lzh,2026-10-03T18:29:17.124937+09:00
20260729,18,徳山,7,20260729-18-07,6,4256,渡辺浩司,42,福岡,53.0,A1,7.35,53.85,6.59,33.33,51,23.19,15,39.31,,12,https://www1.mbrace.or.jp/od2/B/202607/b260729.lzh,2026-10-03T18:29:17.124937+09:00
20260729,18,徳山,8,20260729-18-08,1,4171,榎幸司,43,長崎,52.0,A2,6.05,41.86,6.31,42.86,11,34.38,66,33.53,,2,https://www1.mbrace.or.jp/od2/B/202607/b260729.lzh,2026-10-03T18:29:17.124937+09:00
20260729,18,徳山,8,20260729-18-08,2,4257,古川健,42,広島,52.0,B1,4.67,27.84,5.9,37.93,21,23.64,36,34.71,,4,https://www1.mbrace.or.jp/od2/B/202607/b260729.lzh,2026-10-03T18:29:17.124937+09:00
20260729,18,徳山,8,20260729-18-08,3,4527,高野心吾,38,愛知,51.0,B1,4.45,22.99,3.68,18.18,54,32.39,32,32.76,,1,https://www1.mbrace.or.jp/od2/B/202607/b260729.lzh,2026-10-03T18:29:17.124937+09:00
20260729,18,徳山,8,20260729-18-08,4,4028,田村隆信,48,徳島,59.0,A1,6.04,41.88,5.17,33.33,44,36.62,21,24.71,,12,https://www1.mbrace.or.jp/od2/B/202607/b260729.lzh,2026-10-03T18:29:17.124937+09:00
20260729,18,徳山,8,20260729-18-08,5,4148,枝尾賢,44,福岡,52.0,A2,6.03,40.0,6.29,39.47,28,22.86,20,32.18,,,https://www1.mbrace.or.jp/od2/B/202607/b260729.lzh,2026-10-03T18:29:17.124937+09:00
20260729,18,徳山,8,20260729-18-08,6,5470,坂口諒宗,17,兵庫,52.0,B2,1.24,0.0,0.0,0.0,66,36.51,74,36.21,,,https://www1.mbrace.or.jp/od2/B/202607/b260729.lzh,2026-10-03T18:29:17.124937+09:00
20260729,18,徳山,9,20260729-18-09,1,5029,中亮太,29,福岡,52.0,A1,7.09,57.14,6.61,57.14,75,20.34,25,28.0,,2,https://www1.mbrace.or.jp/od2/B/202607/b260729.lzh,2026-10-03T18:29:17.124937+09:00
20260729,18,徳山,9,20260729-18-09,2,4213,重富伸也,42,長崎,55.0,B1,3.95,23.08,3.33,33.33,45,25.0,54,38.73,,,https://www1.mbrace.or.jp/od2/B/202607/b260729.lzh,2026-10-03T18:29:17.124937+09:00
20260729,18,徳山,9,20260729-18-09,3,3896,上田洋平,49,滋賀,52.0,B1,5.1,25.58,4.89,27.78,23,36.11,33,32.37,,1,https://www1.mbrace.or.jp/od2/B/202607/b260729.lzh,2026-10-03T18:29:17.124937+09:00
20260729,18,徳山,9,20260729-18-09,4,4383,竹田吉行,41,徳島,52.0,A2,5.68,37.5,5.42,36.84,62,21.67,17,30.11,,4,https://www1.mbrace.or.jp/od2/B/202607/b260729.lzh,2026-10-03T18:29:17.124937+09:00
20260729,18,徳山,9,20260729-18-09,5,4034,西原明生,47,香川,54.0,B1,3.74,16.13,4.56,6.25,65,19.61,29,30.86,,5,https://www1.mbrace.or.jp/od2/B/202607/b260729.lzh,2026-10-03T18:29:17.124937+09:00
20260729,18,徳山,9,20260729-18-09,6,4209,藤田竜弘,43,静岡,57.0,A2,5.74,34.31,4.72,27.78,12,35.94,69,22.22,,,https://www1.mbrace.or.jp/od2/B/202607/b260729.lzh,2026-10-03T18:29:17.124937+09:00
20260729,18,徳山,10,20260729-18-10,1,4298,宮下元胤,43,愛知,55.0,A2,5.98,40.6,5.9,33.33,38,26.09,30,35.29,,,https://www1.mbrace.or.jp/od2/B/202607/b260729.lzh,2026-10-03T18:29:17.124937+09:00
20260729,18,徳山,10,20260729-18-10,2,4697,國弘翔平,39,福岡,49.0,B1,4.12,19.19,4.19,18.52,71,32.81,44,38.37,,4,https://www1.mbrace.or.jp/od2/B/202607/b260729.lzh,2026-10-03T18:29:17.124937+09:00
20260729,18,徳山,10,20260729-18-10,3,5011,高木圭大,29,長崎,53.0,B1,3.85,17.05,2.94,18.75,72,35.94,55,39.18,,5,https://www1.mbrace.or.jp/od2/B/202607/b260729.lzh,2026-10-03T18:29:17.124937+09:00
20260729,18,徳山,10,20260729-18-10,4,4292,麻生慎介,41,広島,54.0,A1,6.31,40.54,6.58,31.58,48,33.33,59,40.12,,2,https://www1.mbrace.or.jp/od2/B/202607/b260729.lzh,2026-10-03T18:29:17.124937+09:00
20260729,18,徳山,10,20260729-18-10,5,5075,中島秀治,30,滋賀,52.0,A2,5.9,33.6,6.76,42.86,34,30.38,67,41.28,,3,https://www1.mbrace.or.jp/od2/B/202607/b260729.lzh,2026-10-03T18:29:17.124937+09:00
20260729,18,徳山,10,20260729-18-10,6,5396,近藤来希,24,兵庫,50.0,B2,2.06,3.03,1.4,0.0,67,35.38,68,43.75,,1,https://www1.mbrace.or.jp/od2/B/202607/b260729.lzh,2026-10-03T18:29:17.124937+09:00
20260729,18,徳山,11,20260729-18-11,1,4133,高橋正男,46,兵庫,52.0,A2,6.46,54.46,6.76,51.72,41,34.67,19,35.88,,6,https://www1.mbrace.or.jp/od2/B/202607/b260729.lzh,2026-10-03T18:29:17.124937+09:00
20260729,18,徳山,11,20260729-18-11,2,4954,内山峻輔,31,東京,53.0,B1,4.33,23.17,5.44,31.25,18,30.0,72,34.29,,2,https://www1.mbrace.or.jp/od2/B/202607/b260729.lzh,2026-10-03T18:29:17.124937+09:00
20260729,18,徳山,11,20260729-18-11,3,4004,山本浩輔,48,長崎,53.0,B1,4.9,27.78,4.17,19.15,70,22.41,65,27.49,,4,https://www1.mbrace.or.jp/od2/B/202607/b260729.lzh,2026-10-03T18:29:17.124937+09:00
20260729,18,徳山,11,20260729-18-11,4,4063,市橋卓士,46,徳島,54.0,A1,6.01,40.0,6.41,45.45,31,30.77,27,31.98,,3,https://www1.mbrace.or.jp/od2/B/202607/b260729.lzh,2026-10-03T18:29:17.124937+09:00
20260729,18,徳山,11,20260729-18-11,5,3617,竹田広樹,53,佐賀,53.0,B1,4.09,21.52,3.58,18.18,36,33.33,38,40.7,,1,https://www1.mbrace.or.jp/od2/B/202607/b260729.lzh,2026-10-03T18:29:17.124937+09:00
20260729,18,徳山,11,20260729-18-11,6,4009,小林一樹,47,山口,58.0,A2,5.71,40.0,5.87,38.24,40,28.57,56,27.91,,5,https://www1.mbrace.or.jp/od2/B/202607/b260729.lzh,2026-10-03T18:29:17.124937+09:00
20260729,18,徳山,12,20260729-18-12,1,4028,田村隆信,48,徳島,59.0,A1,6.04,41.88,5.17,33.33,44,36.62,21,24.71,,8,https://www1.mbrace.or.jp/od2/B/202607/b260729.lzh,2026-10-03T18:29:17.124937+09:00
20260729,18,徳山,12,20260729-18-12,2,4264,長尾章平,41,山口,53.0,A1,6.76,52.07,6.52,46.1,16,31.15,23,32.95,,6,https://www1.mbrace.or.jp/od2/B/202607/b260729.lzh,2026-10-03T18:29:17.124937+09:00
20260729,18,徳山,12,20260729-18-12,3,4512,高野哲史,37,兵庫,53.0,A1,6.87,54.81,7.3,60.0,29,31.51,24,35.29,,3,https://www1.mbrace.or.jp/od2/B/202607/b260729.lzh,2026-10-03T18:29:17.124937+09:00
20260729,18,徳山,12,20260729-18-12,4,4256,渡辺浩司,42,福岡,53.0,A1,7.35,53.85,6.59,33.33,51,23.19,15,39.31,,7,https://www1.mbrace.or.jp/od2/B/202607/b260729.lzh,2026-10-03T18:29:17.124937+09:00
20260729,18,徳山,12,20260729-18-12,5,4928,栗城匠,31,東京,52.0,A1,6.54,47.37,5.7,30.0,59,35.29,70,28.65,,5,https://www1.mbrace.or.jp/od2/B/202607/b260729.lzh,2026-10-03T18:29:17.124937+09:00
20260729,18,徳山,12,20260729-18-12,6,5068,前田滉,26,愛知,51.0,A1,7.53,59.62,5.53,36.84,61,16.67,22,36.36,,4,https://www1.mbrace.or.jp/od2/B/202607/b260729.lzh,2026-10-03T18:29:17.124937+09:00
20260729,17,宮島,1,20260729-17-01,1,4276,鈴木勝博,43,愛知,53.0,A2,5.72,40.57,6.05,52.63,61,35.79,37,36.87,14361 4146,11,https://www1.mbrace.or.jp/od2/B/202607/b260729.lzh,2026-10-03T18:29:17.124937+09:00
20260729,17,宮島,1,20260729-17-01,2,4652,酒見峻介,41,佐賀,50.0,B1,4.54,21.18,6.28,37.93,53,30.93,31,27.39,1 322 332,9,https://www1.mbrace.or.jp/od2/B/202607/b260729.lzh,2026-10-03T18:29:17.124937+09:00
20260729,17,宮島,1,20260729-17-01,3,4565,西村豪洋,38,愛知,55.0,B1,3.94,12.87,0.0,0.0,39,33.68,57,36.41,655 344 5,5,https://www1.mbrace.or.jp/od2/B/202607/b260729.lzh,2026-10-03T18:29:17.124937+09:00
20260729,17,宮島,1,20260729-17-01,4,3891,谷口健一,50,福井,55.0,B1,3.55,14.56,3.2,13.33,34,37.99,67,35.24,6 164 2554,7,https://www1.mbrace.or.jp/od2/B/202607/b260729.lzh,2026-10-03T18:29:17.124937+09:00
20260729,17,宮島,1,20260729-17-01,5,5457,山田陽翔,20,長崎,51.0,B2,1.07,0.0,0.0,0.0,56,34.04,14,30.23,6 666 666,6,https://www1.mbrace.or.jp/od2/B/202607/b260729.lzh,2026-10-03T18:29:17.124937+09:00
20260729,17,宮島,1,20260729-17-01,6,4708,半田尚也,37,広島,55.0,B1,3.81,13.51,4.65,23.44,58,43.81,51,37.5,S34 2 4535,7,https://www1.mbrace.or.jp/od2/B/202607/b260729.lzh,2026-10-03T18:29:17.124937+09:00
20260729,17,宮島,2,20260729-17-02,1,4672,守屋大地,40,岡山,52.0,B1,4.35,24.76,5.44,33.33,82,31.28,68,36.04,115 622 34,11,https://www1.mbrace.or.jp/od2/B/202607/b260729.lzh,2026-10-03T18:29:17.124937+09:00
20260729,17,宮島,2,20260729-17-02,2,4943,八木治樹,35,愛知,55.0,B1,4.3,17.5,3.9,20.0,71,33.91,79,30.46,2 251 556,9,https://www1.mbrace.or.jp/od2/B/202607/b260729.lzh,2026-10-03T18:29:17.124937+09:00
20260729,17,宮島,2,20260729-17-02,3,3976,内田圭,49,山口,53.0,B1,3.38,15.56,3.65,22.58,51,37.31,61,35.08,4 551 5225,6,https://www1.mbrace.or.jp/od2/B/202607/b260729.lzh,2026-10-03T18:29:17.124937+09:00
20260729,17,宮島,2,20260729-17-02,4,4094,中島真二,45,福岡,53.0,B1,4.97,33.33,4.58,22.92,65,41.09,21,34.0,5 334 3462,7,https://www1.mbrace.or.jp/od2/B/202607/b260729.lzh,2026-10-03T18:29:17.124937+09:00
20260729,17,宮島,2,20260729-17-02,5,5448,福田柊人,23,山口,50.0,B2,1.16,0.0,0.0,0.0,35,27.65,22,34.3,6 666 666,7,https://www1.mbrace.or.jp/od2/B/202607/b260729.lzh,2026-10-03T18:29:17.124937+09:00
20260729,17,宮島,2,20260729-17-02,6,4835,橋本明,38,広島,54.0,B1,5.01,25.96,4.92,23.26,66,43.18,29,46.89,1 43335 42,9,https://www1.mbrace.or.jp/od2/B/202607/b260729.lzh,2026-10-03T18:29:17.124937+09:00
20260729,17,宮島,3,20260729-17-03,1,4706,三浦洋次,37,愛知,51.0,A2,5.72,41.6,5.0,20.0,67,34.67,12,36.26,4 6646262,8,https://www1.mbrace.or.jp/od2/B/202607/b260729.lzh,2026-10-03T18:29:17.124937+09:00
20260729,17,宮島,3,20260729-17-03,2,3211,北川敏弘,64,佐賀,53.0,B1,4.2,16.0,3.42,11.54,16,35.96,65,32.5,464 564 55,7,https://www1.mbrace.or.jp/od2/B/202607/b260729.lzh,2026-10-03T18:29:17.124937+09:00
20260729,17,宮島,3,20260729-17-03,3,4904,松本一毅,31,大阪,52.0,B1,5.3,34.4,5.0,30.23,70,36.21,58,37.56,3 455 664,7,https://www1.mbrace.or.jp/od2/B/202607/b260729.lzh,2026-10-03T18:29:17.124937+09:00
20260729,17,宮島,3,20260729-17-03,4,4674,池田剛規,38,福岡,52.0,B1,5.14,30.63,5.98,40.48,15,34.2,69,29.21,2 125 2534,10,https://www1.mbrace.or.jp/od2/B/202607/b260729.lzh,2026-10-03T18:29:17.124937+09:00
20260729,17,宮島,3,20260729-17-03,5,5420,吉原快誓,20,長崎,52.0,B2,2.04,0.0,0.8,0.0,60,36.59,70,28.36,626 564 6,8,https://www1.mbrace.or.jp/od2/B/202607/b260729.lzh,2026-10-03T18:29:17.124937+09:00
20260729,17,宮島,3,20260729-17-03,6,4786,佐藤博亮,38,愛知,55.0,A1,6.63,54.48,7.32,64.29,73,27.33,18,35.5,45352 1213,10,https://www1.mbrace.or.jp/od2/B/202607/b260729.lzh,2026-10-03T18:29:17.124937+09:00
20260729,17,宮島,4,20260729-17-04,1,3757,畑和宏,54,広島,52.0,A2,5.47,34.67,5.62,35.9,29,30.68,71,31.43,5522212 15,10,https://www1.mbrace.or.jp/od2/B/202607/b260729.lzh,2026-10-03T18:29:17.124937+09:00
20260729,17,宮島,4,20260729-17-04,2,5020,宮村勇哉,34,三重,55.0,B1,4.77,27.47,3.13,12.5,20,29.57,32,34.5,351 152 15,11,https://www1.mbrace.or.jp/od2/B/202607/b260729.lzh,2026-10-03T18:29:17.124937+09:00
20260729,17,宮島,4,20260729-17-04,3,4555,富永大一,37,福岡,53.0,B1,5.23,33.33,6.32,48.39,55,38.5,20,32.16,534 634 4,8,https://www1.mbrace.or.jp/od2/B/202607/b260729.lzh,2026-10-03T18:29:17.124937+09:00
20260729,17,宮島,4,20260729-17-04,4,4161,黒柳浩孝,44,愛知,56.0,B1,5.34,34.38,6.0,35.48,25,40.2,54,28.64,243 554 33,,https://www1.mbrace.or.jp/od2/B/202607/b260729.lzh,2026-10-03T18:29:17.124937+09:00
20260729,17,宮島,4,20260729-17-04,5,4866,橋本英一,36,福岡,54.0,B1,3.99,15.79,4.29,21.43,78,29.47,75,30.61,153 661 4,8,https://www1.mbrace.or.jp/od2/B/202607/b260729.lzh,2026-10-03T18:29:17.124937+09:00
20260729,17,宮島,4,20260729-17-04,6,4215,吉島祥之,41,愛知,56.0,A2,5.27,31.53,6.52,44.44,27,30.98,30,27.5,525 42353,9,https://www1.mbrace.or.jp/od2/B/202607/b260729.lzh,2026-10-03T18:29:17.124937+09:00
20260729,17,宮島,5,20260729-17-05,1,4703,森永隆,38,山口,52.0,A1,6.9,60.0,5.56,29.63,33,34.69,64,29.77,3614214 36,10,https://www1.mbrace.or.jp/od2/B/202607/b260729.lzh,2026-10-03T18:29:17.124937+09:00
20260729,17,宮島,5,20260729-17-05,2,4580,長谷川雅,37,岡山,53.0,B1,5.62,38.2,5.19,42.86,79,35.0,56,32.32,3 511 356,9,https://www1.mbrace.or.jp/od2/B/202607/b260729.lzh,2026-10-03T18:29:17.124937+09:00
20260729,17,宮島,5,20260729-17-05,3,4405,南野利騰,41,福井,53.0,B1,4.69,22.34,6.6,50.0,18,36.13,24,31.22,664 454 24,,https://www1.mbrace.or.jp/od2/B/202607/b260729.lzh,2026-10-03T18:29:17.124937+09:00
20260729,17,宮島,5,20260729-17-05,4,3574,大神康司,53,福岡,53.0,A1,6.17,48.54,5.62,42.86,23,31.87,13,34.1,2 6252531,9,https://www1.mbrace.or.jp/od2/B/202607/b260729.lzh,2026-10-03T18:29:17.124937+09:00
20260729,17,宮島,5,20260729-17-05,5,4565,西村豪洋,38,愛知,55.0,B1,3.94,12.87,0.0,0.0,39,33.68,57,36.41,655 344 5,1,https://www1.mbrace.or.jp/od2/B/202607/b260729.lzh,2026-10-03T18:29:17.124937+09:00
20260729,17,宮島,5,20260729-17-05,6,4982,中村将隆,29,兵庫,55.0,B1,4.66,27.14,6.91,63.64,13,26.09,78,40.31,1 514 1353,11,https://www1.mbrace.or.jp/od2/B/202607/b260729.lzh,2026-10-03T18:29:17.124937+09:00
20260729,17,宮島,6,20260729-17-06,1,3833,中辻博訓,51,福井,54.0,A2,6.24,46.43,7.09,58.82,32,43.46,53,31.25,25244 1214,11,https://www1.mbrace.or.jp/od2/B/202607/b260729.lzh,2026-10-03T18:29:17.124937+09:00
20260729,17,宮島,6,20260729-17-06,2,4638,小林遼太,35,福岡,54.0,B1,5.43,34.62,4.67,16.67,36,33.17,23,33.33,534 131 16,10,https://www1.mbrace.or.jp/od2/B/202607/b260729.lzh,2026-10-03T18:29:17.124937+09:00
20260729,17,宮島,6,20260729-17-06,3,4422,永井亮次,37,大阪,53.0,B1,4.29,25.88,4.81,37.84,21,41.84,35,38.78,435 651 43,,https://www1.mbrace.or.jp/od2/B/202607/b260729.lzh,2026-10-03T18:29:17.124937+09:00
20260729,17,宮島,6,20260729-17-06,4,4179,広次修,43,山口,52.0,A2,5.38,33.65,5.55,40.0,54,35.38,26,26.67,3232343 13,10,https://www1.mbrace.or.jp/od2/B/202607/b260729.lzh,2026-10-03T18:29:17.124937+09:00
20260729,17,宮島,6,20260729-17-06,5,3976,内田圭,49,山口,53.0,B1,3.38,15.56,3.65,22.58,51,37.31,61,35.08,4 551 5225,2,https://www1.mbrace.or.jp/od2/B/202607/b260729.lzh,2026-10-03T18:29:17.124937+09:00
20260729,17,宮島,6,20260729-17-06,6,5457,山田陽翔,20,長崎,51.0,B2,1.07,0.0,0.0,0.0,56,34.04,14,30.23,6 666 666,1,https://www1.mbrace.or.jp/od2/B/202607/b260729.lzh,2026-10-03T18:29:17.124937+09:00
20260729,17,宮島,7,20260729-17-07,1,4708,半田尚也,37,広島,55.0,B1,3.81,13.51,4.65,23.44,58,43.81,51,37.5,S34 2 4535,1,https://www1.mbrace.or.jp/od2/B/202607/b260729.lzh,2026-10-03T18:29:17.124937+09:00
20260729,17,宮島,7,20260729-17-07,2,4904,松本一毅,31,大阪,52.0,B1,5.3,34.4,5.0,30.23,70,36.21,58,37.56,3 455 664,3,https://www1.mbrace.or.jp/od2/B/202607/b260729.lzh,2026-10-03T18:29:17.124937+09:00
20260729,17,宮島,7,20260729-17-07,3,3891,谷口健一,50,福井,55.0,B1,3.55,14.56,3.2,13.33,34,37.99,67,35.24,6 164 2554,1,https://www1.mbrace.or.jp/od2/B/202607/b260729.lzh,2026-10-03T18:29:17.124937+09:00
20260729,17,宮島,7,20260729-17-07,4,3211,北川敏弘,64,佐賀,53.0,B1,4.2,16.0,3.42,11.54,16,35.96,65,32.5,464 564 55,3,https://www1.mbrace.or.jp/od2/B/202607/b260729.lzh,2026-10-03T18:29:17.124937+09:00
20260729,17,宮島,7,20260729-17-07,5,4094,中島真二,45,福岡,53.0,B1,4.97,33.33,4.58,22.92,65,41.09,21,34.0,5 334 3462,2,https://www1.mbrace.or.jp/od2/B/202607/b260729.lzh,2026-10-03T18:29:17.124937+09:00
20260729,17,宮島,7,20260729-17-07,6,5448,福田柊人,23,山口,50.0,B2,1.16,0.0,0.0,0.0,35,27.65,22,34.3,6 666 666,2,https://www1.mbrace.or.jp/od2/B/202607/b260729.lzh,2026-10-03T18:29:17.124937+09:00
20260729,17,宮島,8,20260729-17-08,1,4066,東本勝利,46,三重,54.0,A2,6.18,41.38,7.27,54.55,72,45.26,76,35.35,1 46213415,11,https://www1.mbrace.or.jp/od2/B/202607/b260729.lzh,2026-10-03T18:29:17.124937+09:00
20260729,17,宮島,8,20260729-17-08,2,4299,中島浩哉,43,長崎,56.0,B1,4.33,18.75,2.88,6.25,37,42.63,39,35.5,2 643 3616,,https://www1.mbrace.or.jp/od2/B/202607/b260729.lzh,2026-10-03T18:29:17.124937+09:00
20260729,17,宮島,8,20260729-17-08,3,4866,橋本英一,36,福岡,54.0,B1,3.99,15.79,4.29,21.43,78,29.47,75,30.61,153 661 4,4,https://www1.mbrace.or.jp/od2/B/202607/b260729.lzh,2026-10-03T18:29:17.124937+09:00
20260729,17,宮島,8,20260729-17-08,4,5420,吉原快誓,20,長崎,52.0,B2,2.04,0.0,0.8,0.0,60,36.59,70,28.36,626 564 6,3,https://www1.mbrace.or.jp/od2/B/202607/b260729.lzh,2026-10-03T18:29:17.124937+09:00
20260729,17,宮島,8,20260729-17-08,5,4555,富永大一,37,福岡,53.0,B1,5.23,33.33,6.32,48.39,55,38.5,20,32.16,534 634 4,4,https://www1.mbrace.or.jp/od2/B/202607/b260729.lzh,2026-10-03T18:29:17.124937+09:00
20260729,17,宮島,8,20260729-17-08,6,4706,三浦洋次,37,愛知,51.0,A2,5.72,41.6,5.0,20.0,67,34.67,12,36.26,4 6646262,3,https://www1.mbrace.or.jp/od2/B/202607/b260729.lzh,2026-10-03T18:29:17.124937+09:00
20260729,17,宮島,9,20260729-17-09,1,4215,吉島祥之,41,愛知,56.0,A2,5.27,31.53,6.52,44.44,27,30.98,30,27.5,525 42353,4,https://www1.mbrace.or.jp/od2/B/202607/b260729.lzh,2026-10-03T18:29:17.124937+09:00
20260729,17,宮島,9,20260729-17-09,2,4835,橋本明,38,広島,54.0,B1,5.01,25.96,4.92,23.26,66,43.18,29,46.89,1 43335 42,2,https://www1.mbrace.or.jp/od2/B/202607/b260729.lzh,2026-10-03T18:29:17.124937+09:00
20260729,17,宮島,9,20260729-17-09,3,4943,八木治樹,35,愛知,55.0,B1,4.3,17.5,3.9,20.0,71,33.91,79,30.46,2 251 556,2,https://www1.mbrace.or.jp/od2/B/202607/b260729.lzh,2026-10-03T18:29:17.124937+09:00
20260729,17,宮島,9,20260729-17-09,4,4580,長谷川雅,37,岡山,53.0,B1,5.62,38.2,5.19,42.86,79,35.0,56,32.32,3 511 356,5,https://www1.mbrace.or.jp/od2/B/202607/b260729.lzh,2026-10-03T18:29:17.124937+09:00
20260729,17,宮島,9,20260729-17-09,5,4652,酒見峻介,41,佐賀,50.0,B1,4.54,21.18,6.28,37.93,53,30.93,31,27.39,1 322 332,1,https://www1.mbrace.or.jp/od2/B/202607/b260729.lzh,2026-10-03T18:29:17.124937+09:00
20260729,17,宮島,9,20260729-17-09,6,3574,大神康司,53,福岡,53.0,A1,6.17,48.54,5.62,42.86,23,31.87,13,34.1,2 6252531,5,https://www1.mbrace.or.jp/od2/B/202607/b260729.lzh,2026-10-03T18:29:17.124937+09:00
20260729,17,宮島,10,20260729-17-10,1,4786,佐藤博亮,38,愛知,55.0,A1,6.63,54.48,7.32,64.29,73,27.33,18,35.5,45352 1213,3,https://www1.mbrace.or.jp/od2/B/202607/b260729.lzh,2026-10-03T18:29:17.124937+09:00
20260729,17,宮島,10,20260729-17-10,2,4179,広次修,43,山口,52.0,A2,5.38,33.65,5.55,40.0,54,35.38,26,26.67,3232343 13,6,https://www1.mbrace.or.jp/od2/B/202607/b260729.lzh,2026-10-03T18:29:17.124937+09:00
20260729,17,宮島,10,20260729-17-10,3,4674,池田剛規,38,福岡,52.0,B1,5.14,30.63,5.98,40.48,15,34.2,69,29.21,2 125 2534,3,https://www1.mbrace.or.jp/od2/B/202607/b260729.lzh,2026-10-03T18:29:17.124937+09:00
20260729,17,宮島,10,20260729-17-10,4,3757,畑和宏,54,広島,52.0,A2,5.47,34.67,5.62,35.9,29,30.68,71,31.43,5522212 15,4,https://www1.mbrace.or.jp/od2/B/202607/b260729.lzh,2026-10-03T18:29:17.124937+09:00
20260729,17,宮島,10,20260729-17-10,5,4703,森永隆,38,山口,52.0,A1,6.9,60.0,5.56,29.63,33,34.69,64,29.77,3614214 36,5,https://www1.mbrace.or.jp/od2/B/202607/b260729.lzh,2026-10-03T18:29:17.124937+09:00
20260729,17,宮島,10,20260729-17-10,6,4638,小林遼太,35,福岡,54.0,B1,5.43,34.62,4.67,16.67,36,33.17,23,33.33,534 131 16,6,https://www1.mbrace.or.jp/od2/B/202607/b260729.lzh,2026-10-03T18:29:17.124937+09:00
20260729,17,宮島,11,20260729-17-11,1,4982,中村将隆,29,兵庫,55.0,B1,4.66,27.14,6.91,63.64,13,26.09,78,40.31,1 514 1353,5,https://www1.mbrace.or.jp/od2/B/202607/b260729.lzh,2026-10-03T18:29:17.124937+09:00
20260729,17,宮島,11,20260729-17-11,2,3833,中辻博訓,51,福井,54.0,A2,6.24,46.43,7.09,58.82,32,43.46,53,31.25,25244 1214,6,https://www1.mbrace.or.jp/od2/B/202607/b260729.lzh,2026-10-03T18:29:17.124937+09:00
20260729,17,宮島,11,20260729-17-11,3,4672,守屋大地,40,岡山,52.0,B1,4.35,24.76,5.44,33.33,82,31.28,68,36.04,115 622 34,2,https://www1.mbrace.or.jp/od2/B/202607/b260729.lzh,2026-10-03T18:29:17.124937+09:00
20260729,17,宮島,11,20260729-17-11,4,4066,東本勝利,46,三重,54.0,A2,6.18,41.38,7.27,54.55,72,45.26,76,35.35,1 46213415,8,https://www1.mbrace.or.jp/od2/B/202607/b260729.lzh,2026-10-03T18:29:17.124937+09:00
20260729,17,宮島,11,20260729-17-11,5,5020,宮村勇哉,34,三重,55.0,B1,4.77,27.47,3.13,12.5,20,29.57,32,34.5,351 152 15,4,https://www1.mbrace.or.jp/od2/B/202607/b260729.lzh,2026-10-03T18:29:17.124937+09:00
20260729,17,宮島,11,20260729-17-11,6,4276,鈴木勝博,43,愛知,53.0,A2,5.72,40.57,6.05,52.63,61,35.79,37,36.87,14361 4146,1,https://www1.mbrace.or.jp/od2/B/202607/b260729.lzh,2026-10-03T18:29:17.124937+09:00
20260729,17,宮島,12,20260729-17-12,1,4715,村上遼,34,長崎,53.0,A1,6.04,36.11,6.55,52.38,11,37.5,55,24.84,2411112 21,,https://www1.mbrace.or.jp/od2/B/202607/b260729.lzh,2026-10-03T18:29:17.124937+09:00
20260729,17,宮島,12,20260729-17-12,2,4109,谷津幸宏,46,埼玉,54.0,A2,5.5,32.28,6.0,35.0,24,33.33,77,34.31,1111332 41,,https://www1.mbrace.or.jp/od2/B/202607/b260729.lzh,2026-10-03T18:29:17.124937+09:00
20260729,17,宮島,12,20260729-17-12,3,4600,井内将太,41,広島,51.0,A1,6.39,46.0,6.88,50.79,52,32.84,36,32.71,311 261131,,https://www1.mbrace.or.jp/od2/B/202607/b260729.lzh,2026-10-03T18:29:17.124937+09:00
20260729,17,宮島,12,20260729-17-12,4,4446,和田兼輔,39,兵庫,52.0,A1,6.81,49.55,7.26,60.0,38,49.02,33,26.09,333 132152,,https://www1.mbrace.or.jp/od2/B/202607/b260729.lzh,2026-10-03T18:29:17.124937+09:00
20260729,17,宮島,12,20260729-17-12,5,4930,佐藤悠,30,福井,54.0,A2,5.95,39.42,5.41,29.63,57,37.63,81,28.47,2 13231422,,https://www1.mbrace.or.jp/od2/B/202607/b260729.lzh,2026-10-03T18:29:17.124937+09:00
20260729,17,宮島,12,20260729-17-12,6,4351,里岡右貴,40,福岡,54.0,A1,6.92,52.05,7.06,54.29,63,31.38,59,34.52,42232 1322,,https://www1.mbrace.or.jp/od2/B/202607/b260729.lzh,2026-10-03T18:29:17.124937+09:00
20260729,16,児島,1,20260729-16-01,1,3930,岸本隆,50,岡山,56.0,A2,4.97,24.75,6.24,46.3,24,29.94,25,28.67,2,11,https://www1.mbrace.or.jp/od2/B/202607/b260729.lzh,2026-10-03T18:29:17.124937+09:00
20260729,16,児島,1,20260729-16-01,2,3401,上田隆章,58,香川,53.0,B1,4.29,24.24,4.44,24.07,56,37.65,23,35.67,6,10,https://www1.mbrace.or.jp/od2/B/202607/b260729.lzh,2026-10-03T18:29:17.124937+09:00
20260729,16,児島,1,20260729-16-01,3,3860,松本浩貴,53,埼玉,52.0,B1,4.05,19.77,4.62,23.81,29,31.14,74,37.11,4,6,https://www1.mbrace.or.jp/od2/B/202607/b260729.lzh,2026-10-03T18:29:17.124937+09:00
20260729,16,児島,1,20260729-16-01,4,3910,松下知幸,52,香川,52.0,B1,4.09,18.18,4.67,25.0,34,31.18,59,30.86,4,8,https://www1.mbrace.or.jp/od2/B/202607/b260729.lzh,2026-10-03T18:29:17.124937+09:00
20260729,16,児島,1,20260729-16-01,5,2538,高橋二朗,77,東京,52.0,B1,3.38,5.88,0.0,0.0,26,36.42,12,30.52,4,9,https://www1.mbrace.or.jp/od2/B/202607/b260729.lzh,2026-10-03T18:29:17.124937+09:00
20260729,16,児島,1,20260729-16-01,6,5442,池田美優,19,広島,46.0,B2,1.53,1.69,1.33,0.0,16,40.48,11,27.08,5,7,https://www1.mbrace.or.jp/od2/B/202607/b260729.lzh,2026-10-03T18:29:17.124937+09:00
20260729,16,児島,2,20260729-16-02,1,5344,谷口丞,23,滋賀,53.0,B1,5.1,29.9,5.4,30.0,65,34.86,72,30.32,6,8,https://www1.mbrace.or.jp/od2/B/202607/b260729.lzh,2026-10-03T18:29:17.124937+09:00
20260729,16,児島,2,20260729-16-02,2,4563,齋藤真之,38,岡山,54.0,B1,3.8,18.99,4.01,18.75,61,33.14,66,27.59,1,12,https://www1.mbrace.or.jp/od2/B/202607/b260729.lzh,2026-10-03T18:29:17.124937+09:00
20260729,16,児島,2,20260729-16-02,3,4816,村松修二,35,広島,55.0,A2,5.35,32.08,5.0,29.41,39,36.9,17,35.22,53,7,https://www1.mbrace.or.jp/od2/B/202607/b260729.lzh,2026-10-03T18:29:17.124937+09:00
20260729,16,児島,2,20260729-16-02,4,3539,金子順一,58,山口,52.0,B1,4.45,23.85,4.45,13.79,18,31.21,51,33.12,1,11,https://www1.mbrace.or.jp/od2/B/202607/b260729.lzh,2026-10-03T18:29:17.124937+09:00
20260729,16,児島,2,20260729-16-02,5,5269,山口晃朋,25,静岡,51.0,A2,6.07,44.44,4.89,28.57,46,24.34,28,24.29,46,10,https://www1.mbrace.or.jp/od2/B/202607/b260729.lzh,2026-10-03T18:29:17.124937+09:00
20260729,16,児島,2,20260729-16-02,6,4294,古賀繁輝,40,佐賀,58.0,A1,5.73,37.07,7.15,55.0,14,24.24,22,30.43,1,9,https://www1.mbrace.or.jp/od2/B/202607/b260729.lzh,2026-10-03T18:29:17.124937+09:00
20260729,16,児島,3,20260729-16-03,1,5128,坪井爽佑,29,三重,56.0,B1,4.41,21.43,1.33,0.0,17,39.05,67,27.78,22,,https://www1.mbrace.or.jp/od2/B/202607/b260729.lzh,2026-10-03T18:29:17.124937+09:00
20260729,16,児島,3,20260729-16-03,2,3558,山本浩次,53,岡山,52.0,B1,4.7,24.75,0.0,0.0,53,34.13,48,31.21,2,8,https://www1.mbrace.or.jp/od2/B/202607/b260729.lzh,2026-10-03T18:29:17.124937+09:00
20260729,16,児島,3,20260729-16-03,3,4520,高倉孝太,39,福井,50.0,A2,5.68,38.18,7.21,58.62,59,27.22,70,34.39,34,9,https://www1.mbrace.or.jp/od2/B/202607/b260729.lzh,2026-10-03T18:29:17.124937+09:00
20260729,16,児島,3,20260729-16-03,4,4739,中村晃朋,34,香川,50.0,A1,6.59,54.05,7.0,55.56,66,34.29,63,29.2,15,11,https://www1.mbrace.or.jp/od2/B/202607/b260729.lzh,2026-10-03T18:29:17.124937+09:00
20260729,16,児島,3,20260729-16-03,5,4273,佐藤旭,44,静岡,54.0,B1,5.15,31.31,5.0,23.53,40,26.9,24,31.68,3,10,https://www1.mbrace.or.jp/od2/B/202607/b260729.lzh,2026-10-03T18:29:17.124937+09:00
20260729,16,児島,3,20260729-16-03,6,4775,千葉真弥,32,静岡,46.0,A2,6.28,42.65,5.0,25.0,38,34.29,16,21.33,3,12,https://www1.mbrace.or.jp/od2/B/202607/b260729.lzh,2026-10-03T18:29:17.124937+09:00
20260729,16,児島,4,20260729-16-04,1,3508,久富政弘,54,佐賀,54.0,A2,5.67,38.3,6.19,47.62,70,20.75,53,27.59,45,10,https://www1.mbrace.or.jp/od2/B/202607/b260729.lzh,2026-10-03T18:29:17.124937+09:00
20260729,16,児島,4,20260729-16-04,2,4677,片橋幸貴,38,滋賀,55.0,A1,6.1,43.56,5.43,35.71,11,30.81,14,29.03,52,11,https://www1.mbrace.or.jp/od2/B/202607/b260729.lzh,2026-10-03T18:29:17.124937+09:00
20260729,16,児島,4,20260729-16-04,3,3340,池田雷太,61,東京,54.0,B1,4.25,22.55,2.13,0.0,23,32.57,32,33.33,6,9,https://www1.mbrace.or.jp/od2/B/202607/b260729.lzh,2026-10-03T18:29:17.124937+09:00
20260729,16,児島,4,20260729-16-04,4,5328,井上慧人,22,福岡,53.0,B1,4.08,16.87,2.56,11.11,35,46.75,41,28.57,23,8,https://www1.mbrace.or.jp/od2/B/202607/b260729.lzh,2026-10-03T18:29:17.124937+09:00
20260729,16,児島,4,20260729-16-04,5,3265,今村暢孝,61,福岡,52.0,A2,6.21,47.25,6.22,41.1,31,36.63,34,41.4,1,12,https://www1.mbrace.or.jp/od2/B/202607/b260729.lzh,2026-10-03T18:29:17.124937+09:00
20260729,16,児島,4,20260729-16-04,6,5444,林風音,18,愛知,58.0,B2,1.36,1.33,0.0,0.0,33,25.0,60,30.34,F,,https://www1.mbrace.or.jp/od2/B/202607/b260729.lzh,2026-10-03T18:29:17.124937+09:00
20260729,16,児島,5,20260729-16-05,1,4692,酒井俊弘,42,福井,55.0,B1,4.91,33.33,4.61,27.27,25,26.19,57,32.92,54,9,https://www1.mbrace.or.jp/od2/B/202607/b260729.lzh,2026-10-03T18:29:17.124937+09:00
20260729,16,児島,5,20260729-16-05,2,4738,清埜翔子,34,埼玉,47.0,A2,5.83,39.33,6.86,61.9,12,42.77,50,37.89,62,11,https://www1.mbrace.or.jp/od2/B/202607/b260729.lzh,2026-10-03T18:29:17.124937+09:00
20260729,16,児島,5,20260729-16-05,3,4111,奥田誠,46,広島,55.0,A2,5.6,39.22,4.59,29.41,54,30.06,27,33.33,3,10,https://www1.mbrace.or.jp/od2/B/202607/b260729.lzh,2026-10-03T18:29:17.124937+09:00
20260729,16,児島,5,20260729-16-05,4,4200,早川尚人,44,大阪,56.0,B1,4.35,21.43,3.59,5.88,57,37.43,43,37.97,43,,https://www1.mbrace.or.jp/od2/B/202607/b260729.lzh,2026-10-03T18:29:17.124937+09:00
20260729,16,児島,5,20260729-16-05,5,4002,古結宏,48,兵庫,53.0,A1,6.54,47.15,6.9,56.67,32,24.38,69,30.32,21,12,https://www1.mbrace.or.jp/od2/B/202607/b260729.lzh,2026-10-03T18:29:17.124937+09:00
20260729,16,児島,5,20260729-16-05,6,4246,喜多那由,44,静岡,48.0,B1,4.35,23.71,4.46,28.57,63,33.91,61,32.1,64,,https://www1.mbrace.or.jp/od2/B/202607/b260729.lzh,2026-10-03T18:29:17.124937+09:00
20260729,16,児島,6,20260729-16-06,1,4207,松下一也,43,静岡,54.0,A1,6.02,49.04,4.88,37.5,22,32.37,19,36.48,1,11,https://www1.mbrace.or.jp/od2/B/202607/b260729.lzh,2026-10-03T18:29:17.124937+09:00
20260729,16,児島,6,20260729-16-06,2,3860,松本浩貴,53,埼玉,52.0,B1,4.05,19.77,4.62,23.81,29,31.14,74,37.11,4,1,https://www1.mbrace.or.jp/od2/B/202607/b260729.lzh,2026-10-03T18:29:17.124937+09:00
20260729,16,児島,6,20260729-16-06,3,5112,砂長知輝,26,埼玉,52.0,A1,7.06,50.42,6.22,44.44,28,30.59,65,32.47,56,12,https://www1.mbrace.or.jp/od2/B/202607/b260729.lzh,2026-10-03T18:29:17.124937+09:00
20260729,16,児島,6,20260729-16-06,4,5323,香川陽太,23,滋賀,60.0,B2,4.52,24.04,2.96,8.0,43,26.32,13,30.56,53,,https://www1.mbrace.or.jp/od2/B/202607/b260729.lzh,2026-10-03T18:29:17.124937+09:00
20260729,16,児島,6,20260729-16-06,5,3885,久田武,52,愛知,53.0,A2,5.31,32.29,5.9,45.0,62,38.46,30,36.08,15,,https://www1.mbrace.or.jp/od2/B/202607/b260729.lzh,2026-10-03T18:29:17.124937+09:00
20260729,16,児島,6,20260729-16-06,6,3828,明石正之,52,兵庫,51.0,B1,5.45,32.98,6.0,41.18,42,30.99,21,28.57,35,,https://www1.mbrace.or.jp/od2/B/202607/b260729.lzh,2026-10-03T18:29:17.124937+09:00
20260729,16,児島,7,20260729-16-07,1,3929,杢野誓良,50,愛知,51.0,B1,4.02,15.56,3.64,16.0,37,28.22,38,41.98,24,,https://www1.mbrace.or.jp/od2/B/202607/b260729.lzh,2026-10-03T18:29:17.124937+09:00
20260729,16,児島,7,20260729-16-07,2,4816,村松修二,35,広島,55.0,A2,5.35,32.08,5.0,29.41,39,36.9,17,35.22,53,2,https://www1.mbrace.or.jp/od2/B/202607/b260729.lzh,2026-10-03T18:29:17.124937+09:00
20260729,16,児島,7,20260729-16-07,3,4496,内堀学,39,東京,54.0,A1,6.7,53.13,6.0,40.0,21,37.13,18,29.33,14,12,https://www1.mbrace.or.jp/od2/B/202607/b260729.lzh,2026-10-03T18:29:17.124937+09:00
20260729,16,児島,7,20260729-16-07,4,3507,藤井徹,55,大阪,52.0,B1,4.04,21.92,3.25,25.0,55,52.35,56,32.08,42,,https://www1.mbrace.or.jp/od2/B/202607/b260729.lzh,2026-10-03T18:29:17.124937+09:00
20260729,16,児島,7,20260729-16-07,5,5442,池田美優,19,広島,46.0,B2,1.53,1.69,1.33,0.0,16,40.48,11,27.08,5,1,https://www1.mbrace.or.jp/od2/B/202607/b260729.lzh,2026-10-03T18:29:17.124937+09:00
20260729,16,児島,7,20260729-16-07,6,3439,大平誉史,57,大阪,50.0,A1,6.04,43.59,4.89,33.85,15,27.5,44,30.63,22,,https://www1.mbrace.or.jp/od2/B/202607/b260729.lzh,2026-10-03T18:29:17.124937+09:00
20260729,16,児島,8,20260729-16-08,1,3558,山本浩次,53,岡山,52.0,B1,4.7,24.75,0.0,0.0,53,34.13,48,31.21,2,3,https://www1.mbrace.or.jp/od2/B/202607/b260729.lzh,2026-10-03T18:29:17.124937+09:00
20260729,16,児島,8,20260729-16-08,2,3910,松下知幸,52,香川,52.0,B1,4.09,18.18,4.67,25.0,34,31.18,59,30.86,4,1,https://www1.mbrace.or.jp/od2/B/202607/b260729.lzh,2026-10-03T18:29:17.124937+09:00
20260729,16,児島,8,20260729-16-08,3,5344,谷口丞,23,滋賀,53.0,B1,5.1,29.9,5.4,30.0,65,34.86,72,30.32,6,2,https://www1.mbrace.or.jp/od2/B/202607/b260729.lzh,2026-10-03T18:29:17.124937+09:00
20260729,16,児島,8,20260729-16-08,4,3442,宮武英司,56,香川,56.0,B1,4.41,18.42,4.81,23.4,67,34.1,75,36.43,56,,https://www1.mbrace.or.jp/od2/B/202607/b260729.lzh,2026-10-03T18:29:17.124937+09:00
20260729,16,児島,8,20260729-16-08,5,5328,井上慧人,22,福岡,53.0,B1,4.08,16.87,2.56,11.11,35,46.75,41,28.57,23,4,https://www1.mbrace.or.jp/od2/B/202607/b260729.lzh,2026-10-03T18:29:17.124937+09:00
20260729,16,児島,8,20260729-16-08,6,5440,薗頭心,20,兵庫,48.0,B2,1.87,6.35,1.38,0.0,52,29.14,20,31.01,66,,https://www1.mbrace.or.jp/od2/B/202607/b260729.lzh,2026-10-03T18:29:17.124937+09:00
20260729,16,児島,9,20260729-16-09,1,4520,高倉孝太,39,福井,50.0,A2,5.68,38.18,7.21,58.62,59,27.22,70,34.39,34,3,https://www1.mbrace.or.jp/od2/B/202607/b260729.lzh,2026-10-03T18:29:17.124937+09:00
20260729,16,児島,9,20260729-16-09,2,4294,古賀繁輝,40,佐賀,58.0,A1,5.73,37.07,7.15,55.0,14,24.24,22,30.43,1,2,https://www1.mbrace.or.jp/od2/B/202607/b260729.lzh,2026-10-03T18:29:17.124937+09:00
20260729,16,児島,9,20260729-16-09,3,2538,高橋二朗,77,東京,52.0,B1,3.38,5.88,0.0,0.0,26,36.42,12,30.52,4,1,https://www1.mbrace.or.jp/od2/B/202607/b260729.lzh,2026-10-03T18:29:17.124937+09:00
20260729,16,児島,9,20260729-16-09,4,4324,海野康志,38,山口,63.0,A1,7.29,56.43,7.64,68.97,50,37.28,46,29.14,31,,https://www1.mbrace.or.jp/od2/B/202607/b260729.lzh,2026-10-03T18:29:17.124937+09:00
20260729,16,児島,9,20260729-16-09,5,4692,酒井俊弘,42,福井,55.0,B1,4.91,33.33,4.61,27.27,25,26.19,57,32.92,54,5,https://www1.mbrace.or.jp/od2/B/202607/b260729.lzh,2026-10-03T18:29:17.124937+09:00
20260729,16,児島,9,20260729-16-09,6,3340,池田雷太,61,東京,54.0,B1,4.25,22.55,2.13,0.0,23,32.57,32,33.33,6,4,https://www1.mbrace.or.jp/od2/B/202607/b260729.lzh,2026-10-03T18:29:17.124937+09:00
20260729,16,児島,10,20260729-16-10,1,5269,山口晃朋,25,静岡,51.0,A2,6.07,44.44,4.89,28.57,46,24.34,28,24.29,46,2,https://www1.mbrace.or.jp/od2/B/202607/b260729.lzh,2026-10-03T18:29:17.124937+09:00
20260729,16,児島,10,20260729-16-10,2,3508,久富政弘,54,佐賀,54.0,A2,5.67,38.3,6.19,47.62,70,20.75,53,27.59,45,4,https://www1.mbrace.or.jp/od2/B/202607/b260729.lzh,2026-10-03T18:29:17.124937+09:00
20260729,16,児島,10,20260729-16-10,3,4273,佐藤旭,44,静岡,54.0,B1,5.15,31.31,5.0,23.53,40,26.9,24,31.68,3,3,https://www1.mbrace.or.jp/od2/B/202607/b260729.lzh,2026-10-03T18:29:17.124937+09:00
20260729,16,児島,10,20260729-16-10,4,3401,上田隆章,58,香川,53.0,B1,4.29,24.24,4.44,24.07,56,37.65,23,35.67,6,1,https://www1.mbrace.or.jp/od2/B/202607/b260729.lzh,2026-10-03T18:29:17.124937+09:00
20260729,16,児島,10,20260729-16-10,5,4611,今井美亜,35,福井,47.0,A1,6.26,42.06,5.86,46.43,48,23.46,35,30.63,13,,https://www1.mbrace.or.jp/od2/B/202607/b260729.lzh,2026-10-03T18:29:17.124937+09:00
20260729,16,児島,10,20260729-16-10,6,4111,奥田誠,46,広島,55.0,A2,5.6,39.22,4.59,29.41,54,30.06,27,33.33,3,5,https://www1.mbrace.or.jp/od2/B/202607/b260729.lzh,2026-10-03T18:29:17.124937+09:00
20260729,16,児島,11,20260729-16-11,1,4677,片橋幸貴,38,滋賀,55.0,A1,6.1,43.56,5.43,35.71,11,30.81,14,29.03,52,4,https://www1.mbrace.or.jp/od2/B/202607/b260729.lzh,2026-10-03T18:29:17.124937+09:00
20260729,16,児島,11,20260729-16-11,2,3930,岸本隆,50,岡山,56.0,A2,4.97,24.75,6.24,46.3,24,29.94,25,28.67,2,1,https://www1.mbrace.or.jp/od2/B/202607/b260729.lzh,2026-10-03T18:29:17.124937+09:00
20260729,16,児島,11,20260729-16-11,3,4739,中村晃朋,34,香川,50.0,A1,6.59,54.05,7.0,55.56,66,34.29,63,29.2,15,3,https://www1.mbrace.or.jp/od2/B/202607/b260729.lzh,2026-10-03T18:29:17.124937+09:00
20260729,16,児島,11,20260729-16-11,4,4207,松下一也,43,静岡,54.0,A1,6.02,49.04,4.88,37.5,22,32.37,19,36.48,1,6,https://www1.mbrace.or.jp/od2/B/202607/b260729.lzh,2026-10-03T18:29:17.124937+09:00
20260729,16,児島,11,20260729-16-11,5,4738,清埜翔子,34,埼玉,47.0,A2,5.83,39.33,6.86,61.9,12,42.77,50,37.89,62,5,https://www1.mbrace.or.jp/od2/B/202607/b260729.lzh,2026-10-03T18:29:17.124937+09:00
20260729,16,児島,11,20260729-16-11,6,3539,金子順一,58,山口,52.0,B1,4.45,23.85,4.45,13.79,18,31.21,51,33.12,1,2,https://www1.mbrace.or.jp/od2/B/202607/b260729.lzh,2026-10-03T18:29:17.124937+09:00
20260729,16,児島,12,20260729-16-12,1,4496,内堀学,39,東京,54.0,A1,6.7,53.13,6.0,40.0,21,37.13,18,29.33,14,7,https://www1.mbrace.or.jp/od2/B/202607/b260729.lzh,2026-10-03T18:29:17.124937+09:00
20260729,16,児島,12,20260729-16-12,2,3265,今村暢孝,61,福岡,52.0,A2,6.21,47.25,6.22,41.1,31,36.63,34,41.4,1,4,https://www1.mbrace.or.jp/od2/B/202607/b260729.lzh,2026-10-03T18:29:17.124937+09:00
20260729,16,児島,12,20260729-16-12,3,4002,古結宏,48,兵庫,53.0,A1,6.54,47.15,6.9,56.67,32,24.38,69,30.32,21,5,https://www1.mbrace.or.jp/od2/B/202607/b260729.lzh,2026-10-03T18:29:17.124937+09:00
20260729,16,児島,12,20260729-16-12,4,5112,砂長知輝,26,埼玉,52.0,A1,7.06,50.42,6.22,44.44,28,30.59,65,32.47,56,6,https://www1.mbrace.or.jp/od2/B/202607/b260729.lzh,2026-10-03T18:29:17.124937+09:00
20260729,16,児島,12,20260729-16-12,5,4775,千葉真弥,32,静岡,46.0,A2,6.28,42.65,5.0,25.0,38,34.29,16,21.33,3,3,https://www1.mbrace.or.jp/od2/B/202607/b260729.lzh,2026-10-03T18:29:17.124937+09:00
20260729,16,児島,12,20260729-16-12,6,4563,齋藤真之,38,岡山,54.0,B1,3.8,18.99,4.01,18.75,61,33.14,66,27.59,1,2,https://www1.mbrace.or.jp/od2/B/202607/b260729.lzh,2026-10-03T18:29:17.124937+09:00
20260729,15,丸亀,1,20260729-15-01,1,5329,金子龍斗,22,兵庫,50.0,B1,4.69,30.88,3.5,15.0,4,30.15,32,10.0,5,7,https://www1.mbrace.or.jp/od2/B/202607/b260729.lzh,2026-10-03T18:29:17.124937+09:00
20260729,15,丸亀,1,20260729-15-01,2,5032,谷口知優,28,香川,51.0,A2,5.14,31.97,5.32,32.52,25,32.49,25,50.0,1,11,https://www1.mbrace.or.jp/od2/B/202607/b260729.lzh,2026-10-03T18:29:17.124937+09:00
20260729,15,丸亀,1,20260729-15-01,3,3478,嶋田貴支,55,香川,52.0,B1,5.2,29.47,4.93,23.36,2,34.52,47,33.33,4,9,https://www1.mbrace.or.jp/od2/B/202607/b260729.lzh,2026-10-03T18:29:17.124937+09:00
20260729,15,丸亀,1,20260729-15-01,4,3550,都築正治,55,愛知,53.0,B1,5.57,39.69,4.02,21.95,31,28.71,66,45.45,1,11,https://www1.mbrace.or.jp/od2/B/202607/b260729.lzh,2026-10-03T18:29:17.124937+09:00
20260729,15,丸亀,1,20260729-15-01,5,3966,作間章,47,東京,53.0,A1,6.58,45.24,4.98,28.89,59,36.32,46,45.45,3,7,https://www1.mbrace.or.jp/od2/B/202607/b260729.lzh,2026-10-03T18:29:17.124937+09:00
20260729,15,丸亀,1,20260729-15-01,6,5469,今泉博人,17,佐賀,55.0,B2,1.41,0.0,0.0,0.0,58,35.78,5,31.58,6,5,https://www1.mbrace.or.jp/od2/B/202607/b260729.lzh,2026-10-03T18:29:17.124937+09:00
20260729,15,丸亀,2,20260729-15-02,1,5164,森田梨湖,26,福岡,48.0,B2,3.46,8.57,0.0,0.0,12,39.2,30,8.33,5,10,https://www1.mbrace.or.jp/od2/B/202607/b260729.lzh,2026-10-03T18:29:17.124937+09:00
20260729,15,丸亀,2,20260729-15-02,2,3551,藤田美代,54,福岡,45.0,B1,3.42,13.92,3.17,0.0,45,38.76,62,62.5,2,6,https://www1.mbrace.or.jp/od2/B/202607/b260729.lzh,2026-10-03T18:29:17.124937+09:00
20260729,15,丸亀,2,20260729-15-02,3,4823,中村桃佳,33,香川,45.0,A2,6.98,52.17,6.57,52.81,26,32.66,28,14.29,5,10,https://www1.mbrace.or.jp/od2/B/202607/b260729.lzh,2026-10-03T18:29:17.124937+09:00
20260729,15,丸亀,2,20260729-15-02,4,4994,山本梨菜,28,佐賀,47.0,A2,6.45,48.15,6.53,57.89,52,39.19,63,0.0,42,8,https://www1.mbrace.or.jp/od2/B/202607/b260729.lzh,2026-10-03T18:29:17.124937+09:00
20260729,15,丸亀,2,20260729-15-02,5,5342,原村百那,24,山口,47.0,B2,2.33,7.94,0.0,0.0,63,24.18,6,30.0,56,,https://www1.mbrace.or.jp/od2/B/202607/b260729.lzh,2026-10-03T18:29:17.124937+09:00
20260729,15,丸亀,2,20260729-15-02,6,5189,藤原早菜,25,岡山,45.0,A2,5.26,30.43,4.83,16.67,43,30.0,33,36.36,43,,https://www1.mbrace.or.jp/od2/B/202607/b260729.lzh,2026-10-03T18:29:17.124937+09:00
20260729,15,丸亀,3,20260729-15-03,1,4131,原豊土,46,静岡,55.0,B1,6.14,44.07,5.23,36.67,39,32.0,36,54.55,56,,https://www1.mbrace.or.jp/od2/B/202607/b260729.lzh,2026-10-03T18:29:17.124937+09:00
20260729,15,丸亀,3,20260729-15-03,2,3825,宮嵜隆太,53,福岡,61.0,B1,3.15,16.44,3.07,6.67,60,43.33,57,40.0,6,7,https://www1.mbrace.or.jp/od2/B/202607/b260729.lzh,2026-10-03T18:29:17.124937+09:00
20260729,15,丸亀,3,20260729-15-03,3,5285,若林麗,27,東京,52.0,B1,3.57,15.73,0.0,0.0,23,24.74,3,25.0,45,,https://www1.mbrace.or.jp/od2/B/202607/b260729.lzh,2026-10-03T18:29:17.124937+09:00
20260729,15,丸亀,3,20260729-15-03,4,4424,松尾昂明,41,福岡,50.0,A2,5.73,39.06,7.92,66.67,14,35.03,60,0.0,3,9,https://www1.mbrace.or.jp/od2/B/202607/b260729.lzh,2026-10-03T18:29:17.124937+09:00
20260729,15,丸亀,3,20260729-15-03,5,4467,渡邉俊介,39,愛知,51.0,A1,6.56,45.74,4.5,25.0,46,36.74,52,70.0,5,9,https://www1.mbrace.or.jp/od2/B/202607/b260729.lzh,2026-10-03T18:29:17.124937+09:00
20260729,15,丸亀,3,20260729-15-03,6,5429,吉川颯汰,23,佐賀,54.0,B2,1.11,0.0,1.11,0.0,3,34.5,56,44.44,66,,https://www1.mbrace.or.jp/od2/B/202607/b260729.lzh,2026-10-03T18:29:17.124937+09:00
20260729,15,丸亀,4,20260729-15-04,1,4510,坂本奈央,37,福岡,47.0,B2,2.9,15.69,0.0,0.0,62,33.65,45,11.11,6,8,https://www1.mbrace.or.jp/od2/B/202607/b260729.lzh,2026-10-03T18:29:17.124937+09:00
20260729,15,丸亀,4,20260729-15-04,2,4642,松尾夏海,34,香川,47.0,A2,7.1,56.69,6.04,40.0,6,31.66,27,53.33,12,12,https://www1.mbrace.or.jp/od2/B/202607/b260729.lzh,2026-10-03T18:29:17.124937+09:00
20260729,15,丸亀,4,20260729-15-04,3,5250,嶋田有里,24,長崎,45.0,B1,4.8,22.64,0.0,0.0,9,33.17,29,27.27,15,,https://www1.mbrace.or.jp/od2/B/202607/b260729.lzh,2026-10-03T18:29:17.124937+09:00
20260729,15,丸亀,4,20260729-15-04,4,5335,森陽多,21,長崎,48.0,B1,2.43,8.82,2.74,11.43,8,41.41,35,36.36,6,8,https://www1.mbrace.or.jp/od2/B/202607/b260729.lzh,2026-10-03T18:29:17.124937+09:00
20260729,15,丸亀,4,20260729-15-04,5,5193,米丸乃絵,24,福岡,46.0,A1,6.57,44.35,6.72,44.44,34,38.61,54,30.0,12,10,https://www1.mbrace.or.jp/od2/B/202607/b260729.lzh,2026-10-03T18:29:17.124937+09:00
20260729,15,丸亀,4,20260729-15-04,6,3900,香川素子,49,滋賀,48.0,A2,6.35,47.27,5.74,39.13,18,27.27,7,38.1,33,10,https://www1.mbrace.or.jp/od2/B/202607/b260729.lzh,2026-10-03T18:29:17.124937+09:00
20260729,15,丸亀,5,20260729-15-05,1,4435,服部達哉,40,愛知,55.0,A2,5.66,36.96,4.93,24.14,33,28.72,43,11.11,45,,https://www1.mbrace.or.jp/od2/B/202607/b260729.lzh,2026-10-03T18:29:17.124937+09:00
20260729,15,丸亀,5,20260729-15-05,2,5102,原田雄次,28,福岡,51.0,B1,5.04,29.17,5.45,36.36,64,30.19,1,30.0,32,,https://www1.mbrace.or.jp/od2/B/202607/b260729.lzh,2026-10-03T18:29:17.124937+09:00
20260729,15,丸亀,5,20260729-15-05,3,3911,鈴木猛,52,東京,54.0,B1,5.35,33.88,5.11,44.44,40,32.23,64,11.11,2,9,https://www1.mbrace.or.jp/od2/B/202607/b260729.lzh,2026-10-03T18:29:17.124937+09:00
20260729,15,丸亀,5,20260729-15-05,4,4852,川原祐明,31,香川,51.0,A1,7.36,57.64,6.61,46.29,30,38.28,31,53.85,21,,https://www1.mbrace.or.jp/od2/B/202607/b260729.lzh,2026-10-03T18:29:17.124937+09:00
20260729,15,丸亀,5,20260729-15-05,5,5469,今泉博人,17,佐賀,55.0,B2,1.41,0.0,0.0,0.0,58,35.78,5,31.58,6,1,https://www1.mbrace.or.jp/od2/B/202607/b260729.lzh,2026-10-03T18:29:17.124937+09:00
20260729,15,丸亀,5,20260729-15-05,6,4150,山田雄太,44,静岡,57.0,A2,5.91,44.14,5.11,27.78,24,39.49,61,70.0,4,11,https://www1.mbrace.or.jp/od2/B/202607/b260729.lzh,2026-10-03T18:29:17.124937+09:00
20260729,15,丸亀,6,20260729-15-06,1,4536,喜井つか,36,岡山,48.0,A2,5.96,40.94,4.25,31.25,66,31.92,37,40.0,2,10,https://www1.mbrace.or.jp/od2/B/202607/b260729.lzh,2026-10-03T18:29:17.124937+09:00
20260729,15,丸亀,6,20260729-15-06,2,4924,中北涼,33,長崎,48.0,B1,4.84,23.85,4.67,22.22,37,33.18,50,40.0,64,,https://www1.mbrace.or.jp/od2/B/202607/b260729.lzh,2026-10-03T18:29:17.124937+09:00
20260729,15,丸亀,6,20260729-15-06,3,4450,平高奈菜,39,香川,46.0,A2,6.34,45.87,6.39,43.8,36,35.94,34,45.45,31,12,https://www1.mbrace.or.jp/od2/B/202607/b260729.lzh,2026-10-03T18:29:17.124937+09:00
20260729,15,丸亀,6,20260729-15-06,4,4963,實森美祐,29,広島,46.0,A1,6.25,46.3,6.67,41.67,44,27.04,40,33.33,4,12,https://www1.mbrace.or.jp/od2/B/202607/b260729.lzh,2026-10-03T18:29:17.124937+09:00
20260729,15,丸亀,6,20260729-15-06,5,3551,藤田美代,54,福岡,45.0,B1,3.42,13.92,3.17,0.0,45,38.76,62,62.5,2,2,https://www1.mbrace.or.jp/od2/B/202607/b260729.lzh,2026-10-03T18:29:17.124937+09:00
20260729,15,丸亀,6,20260729-15-06,6,5088,高憧四季,26,大阪,43.0,A1,6.88,51.72,6.78,43.48,54,41.71,39,54.55,33,,https://www1.mbrace.or.jp/od2/B/202607/b260729.lzh,2026-10-03T18:29:17.124937+09:00
20260729,15,丸亀,7,20260729-15-07,1,5060,数原魁,29,兵庫,51.0,A2,5.86,43.69,4.92,30.77,16,33.16,2,80.95,23,,https://www1.mbrace.or.jp/od2/B/202607/b260729.lzh,2026-10-03T18:29:17.124937+09:00
20260729,15,丸亀,7,20260729-15-07,2,3966,作間章,47,東京,53.0,A1,6.58,45.24,4.98,28.89,59,36.32,46,45.45,3,1,https://www1.mbrace.or.jp/od2/B/202607/b260729.lzh,2026-10-03T18:29:17.124937+09:00
20260729,15,丸亀,7,20260729-15-07,3,5142,常住蓮,25,佐賀,51.0,A1,7.29,51.79,0.0,0.0,28,34.38,38,36.36,6,11,https://www1.mbrace.or.jp/od2/B/202607/b260729.lzh,2026-10-03T18:29:17.124937+09:00
20260729,15,丸亀,7,20260729-15-07,4,5329,金子龍斗,22,兵庫,50.0,B1,4.69,30.88,3.5,15.0,4,30.15,32,10.0,5,1,https://www1.mbrace.or.jp/od2/B/202607/b260729.lzh,2026-10-03T18:29:17.124937+09:00
20260729,15,丸亀,7,20260729-15-07,5,3224,栗山繁洋,61,佐賀,53.0,B1,3.88,16.84,5.04,32.14,57,37.04,53,40.0,14,,https://www1.mbrace.or.jp/od2/B/202607/b260729.lzh,2026-10-03T18:29:17.124937+09:00
20260729,15,丸亀,7,20260729-15-07,6,3825,宮嵜隆太,53,福岡,61.0,B1,3.15,16.44,3.07,6.67,60,43.33,57,40.0,6,3,https://www1.mbrace.or.jp/od2/B/202607/b260729.lzh,2026-10-03T18:29:17.124937+09:00
20260729,15,丸亀,8,20260729-15-08,1,4994,山本梨菜,28,佐賀,47.0,A2,6.45,48.15,6.53,57.89,52,39.19,63,0.0,42,2,https://www1.mbrace.or.jp/od2/B/202607/b260729.lzh,2026-10-03T18:29:17.124937+09:00
20260729,15,丸亀,8,20260729-15-08,2,5146,野田彩加,23,山口,51.0,A2,5.44,35.11,3.44,6.25,1,31.66,49,22.22,5,12,https://www1.mbrace.or.jp/od2/B/202607/b260729.lzh,2026-10-03T18:29:17.124937+09:00
20260729,15,丸亀,8,20260729-15-08,3,4433,川野芽唯,40,福岡,47.0,A1,6.92,53.57,6.61,44.29,48,44.44,41,63.64,41,,https://www1.mbrace.or.jp/od2/B/202607/b260729.lzh,2026-10-03T18:29:17.124937+09:00
20260729,15,丸亀,8,20260729-15-08,4,4510,坂本奈央,37,福岡,47.0,B2,2.9,15.69,0.0,0.0,62,33.65,45,11.11,6,4,https://www1.mbrace.or.jp/od2/B/202607/b260729.lzh,2026-10-03T18:29:17.124937+09:00
20260729,15,丸亀,8,20260729-15-08,5,4938,小芦るり,28,佐賀,48.0,A1,6.64,48.91,6.07,40.91,15,34.83,26,22.22,26,12,https://www1.mbrace.or.jp/od2/B/202607/b260729.lzh,2026-10-03T18:29:17.124937+09:00
20260729,15,丸亀,8,20260729-15-08,6,5335,森陽多,21,長崎,48.0,B1,2.43,8.82,2.74,11.43,8,41.41,35,36.36,6,4,https://www1.mbrace.or.jp/od2/B/202607/b260729.lzh,2026-10-03T18:29:17.124937+09:00
20260729,15,丸亀,9,20260729-15-09,1,4903,吉田凌太,32,愛知,51.0,A1,6.31,46.85,5.8,30.0,20,51.28,59,0.0,14,,https://www1.mbrace.or.jp/od2/B/202607/b260729.lzh,2026-10-03T18:29:17.124937+09:00
20260729,15,丸亀,9,20260729-15-09,2,4424,松尾昂明,41,福岡,50.0,A2,5.73,39.06,7.92,66.67,14,35.03,60,0.0,3,3,https://www1.mbrace.or.jp/od2/B/202607/b260729.lzh,2026-10-03T18:29:17.124937+09:00
20260729,15,丸亀,9,20260729-15-09,3,4467,渡邉俊介,39,愛知,51.0,A1,6.56,45.74,4.5,25.0,46,36.74,52,70.0,5,3,https://www1.mbrace.or.jp/od2/B/202607/b260729.lzh,2026-10-03T18:29:17.124937+09:00
20260729,15,丸亀,9,20260729-15-09,4,3731,高濱芳久,53,広島,53.0,B1,4.9,24.42,5.02,38.46,51,34.72,44,12.5,21,,https://www1.mbrace.or.jp/od2/B/202607/b260729.lzh,2026-10-03T18:29:17.124937+09:00
20260729,15,丸亀,9,20260729-15-09,5,3478,嶋田貴支,55,香川,52.0,B1,5.2,29.47,4.93,23.36,2,34.52,47,33.33,4,1,https://www1.mbrace.or.jp/od2/B/202607/b260729.lzh,2026-10-03T18:29:17.124937+09:00
20260729,15,丸亀,9,20260729-15-09,6,3911,鈴木猛,52,東京,54.0,B1,5.35,33.88,5.11,44.44,40,32.23,64,11.11,2,5,https://www1.mbrace.or.jp/od2/B/202607/b260729.lzh,2026-10-03T18:29:17.124937+09:00
20260729,15,丸亀,10,20260729-15-10,1,5193,米丸乃絵,24,福岡,46.0,A1,6.57,44.35,6.72,44.44,34,38.61,54,30.0,12,4,https://www1.mbrace.or.jp/od2/B/202607/b260729.lzh,2026-10-03T18:29:17.124937+09:00
20260729,15,丸亀,10,20260729-15-10,2,4823,中村桃佳,33,香川,45.0,A2,6.98,52.17,6.57,52.81,26,32.66,28,14.29,5,2,https://www1.mbrace.or.jp/od2/B/202607/b260729.lzh,2026-10-03T18:29:17.124937+09:00
20260729,15,丸亀,10,20260729-15-10,3,5164,森田梨湖,26,福岡,48.0,B2,3.46,8.57,0.0,0.0,12,39.2,30,8.33,5,2,https://www1.mbrace.or.jp/od2/B/202607/b260729.lzh,2026-10-03T18:29:17.124937+09:00
20260729,15,丸亀,10,20260729-15-10,4,3900,香川素子,49,滋賀,48.0,A2,6.35,47.27,5.74,39.13,18,27.27,7,38.1,33,4,https://www1.mbrace.or.jp/od2/B/202607/b260729.lzh,2026-10-03T18:29:17.124937+09:00
20260729,15,丸亀,10,20260729-15-10,5,4536,喜井つか,36,岡山,48.0,A2,5.96,40.94,4.25,31.25,66,31.92,37,40.0,2,6,https://www1.mbrace.or.jp/od2/B/202607/b260729.lzh,2026-10-03T18:29:17.124937+09:00
20260729,15,丸亀,10,20260729-15-10,6,4400,加藤奈月,38,福井,54.0,B1,4.08,16.28,5.33,27.78,13,28.08,51,11.11,56,,https://www1.mbrace.or.jp/od2/B/202607/b260729.lzh,2026-10-03T18:29:17.124937+09:00
20260729,15,丸亀,11,20260729-15-11,1,5142,常住蓮,25,佐賀,51.0,A1,7.29,51.79,0.0,0.0,28,34.38,38,36.36,6,7,https://www1.mbrace.or.jp/od2/B/202607/b260729.lzh,2026-10-03T18:29:17.124937+09:00
20260729,15,丸亀,11,20260729-15-11,2,4150,山田雄太,44,静岡,57.0,A2,5.91,44.14,5.11,27.78,24,39.49,61,70.0,4,5,https://www1.mbrace.or.jp/od2/B/202607/b260729.lzh,2026-10-03T18:29:17.124937+09:00
20260729,15,丸亀,11,20260729-15-11,3,4771,下寺秀和,33,広島,55.0,A1,7.17,58.33,4.45,18.18,22,30.1,4,0.0,52,,https://www1.mbrace.or.jp/od2/B/202607/b260729.lzh,2026-10-03T18:29:17.124937+09:00
20260729,15,丸亀,11,20260729-15-11,4,5032,谷口知優,28,香川,51.0,A2,5.14,31.97,5.32,32.52,25,32.49,25,50.0,1,1,https://www1.mbrace.or.jp/od2/B/202607/b260729.lzh,2026-10-03T18:29:17.124937+09:00
20260729,15,丸亀,11,20260729-15-11,5,3800,牧宏次,52,東京,53.0,A2,5.83,37.33,5.86,28.57,55,35.55,65,36.36,33,,https://www1.mbrace.or.jp/od2/B/202607/b260729.lzh,2026-10-03T18:29:17.124937+09:00
20260729,15,丸亀,11,20260729-15-11,6,3550,都築正治,55,愛知,53.0,B1,5.57,39.69,4.02,21.95,31,28.71,66,45.45,1,1,https://www1.mbrace.or.jp/od2/B/202607/b260729.lzh,2026-10-03T18:29:17.124937+09:00
20260729,15,丸亀,12,20260729-15-12,1,4963,實森美祐,29,広島,46.0,A1,6.25,46.3,6.67,41.67,44,27.04,40,33.33,4,6,https://www1.mbrace.or.jp/od2/B/202607/b260729.lzh,2026-10-03T18:29:17.124937+09:00
20260729,15,丸亀,12,20260729-15-12,2,4938,小芦るり,28,佐賀,48.0,A1,6.64,48.91,6.07,40.91,15,34.83,26,22.22,26,8,https://www1.mbrace.or.jp/od2/B/202607/b260729.lzh,2026-10-03T18:29:17.124937+09:00
20260729,15,丸亀,12,20260729-15-12,3,4642,松尾夏海,34,香川,47.0,A2,7.1,56.69,6.04,40.0,6,31.66,27,53.33,12,4,https://www1.mbrace.or.jp/od2/B/202607/b260729.lzh,2026-10-03T18:29:17.124937+09:00
20260729,15,丸亀,12,20260729-15-12,4,5146,野田彩加,23,山口,51.0,A2,5.44,35.11,3.44,6.25,1,31.66,49,22.22,5,8,https://www1.mbrace.or.jp/od2/B/202607/b260729.lzh,2026-10-03T18:29:17.124937+09:00
20260729,15,丸亀,12,20260729-15-12,5,4450,平高奈菜,39,香川,46.0,A2,6.34,45.87,6.39,43.8,36,35.94,34,45.45,31,6,https://www1.mbrace.or.jp/od2/B/202607/b260729.lzh,2026-10-03T18:29:17.124937+09:00
20260729,15,丸亀,12,20260729-15-12,6,3611,岩崎芳美,53,徳島,48.0,A2,6.17,41.75,6.16,46.88,53,33.95,55,50.0,14,,https://www1.mbrace.or.jp/od2/B/202607/b260729.lzh,2026-10-03T18:29:17.124937+09:00
20260729,11,びわこ,1,20260729-11-01,1,4266,長田頼宗,41,東京,53.0,A1,6.89,48.31,5.83,25.71,47,29.63,62,34.72,2,10,https://www1.mbrace.or.jp/od2/B/202607/b260729.lzh,2026-10-03T18:29:17.124937+09:00
20260729,11,びわこ,1,20260729-11-01,2,4886,入海馨,30,岡山,53.0,A2,6.11,36.63,7.56,55.56,22,29.58,17,46.48,6,6,https://www1.mbrace.or.jp/od2/B/202607/b260729.lzh,2026-10-03T18:29:17.124937+09:00
20260729,11,びわこ,1,20260729-11-01,3,4205,山口剛,43,広島,53.0,A1,8.09,55.67,6.47,29.41,63,28.13,40,25.71,S4,,https://www1.mbrace.or.jp/od2/B/202607/b260729.lzh,2026-10-03T18:29:17.124937+09:00
20260729,11,びわこ,1,20260729-11-01,4,4848,仲谷颯仁,31,福岡,53.0,A1,7.53,51.52,6.42,45.45,14,36.51,36,31.08,4,9,https://www1.mbrace.or.jp/od2/B/202607/b260729.lzh,2026-10-03T18:29:17.124937+09:00
20260729,11,びわこ,1,20260729-11-01,5,4456,鎌倉涼,37,大阪,44.0,A1,6.58,41.51,5.5,50.0,15,32.35,70,37.18,46,,https://www1.mbrace.or.jp/od2/B/202607/b260729.lzh,2026-10-03T18:29:17.124937+09:00
20260729,11,びわこ,1,20260729-11-01,6,5121,定松勇樹,25,佐賀,53.0,A1,7.49,55.36,6.21,41.18,38,33.33,71,27.69,1,7,https://www1.mbrace.or.jp/od2/B/202607/b260729.lzh,2026-10-03T18:29:17.124937+09:00
20260729,11,びわこ,2,20260729-11-02,1,4659,木下翔太,35,大阪,54.0,A1,7.4,51.94,6.68,40.91,57,41.67,54,38.16,4,7,https://www1.mbrace.or.jp/od2/B/202607/b260729.lzh,2026-10-03T18:29:17.124937+09:00
20260729,11,びわこ,2,20260729-11-02,2,4573,佐藤翼,37,埼玉,53.0,A1,7.02,43.22,6.68,36.84,23,31.75,68,42.67,5,12,https://www1.mbrace.or.jp/od2/B/202607/b260729.lzh,2026-10-03T18:29:17.124937+09:00
20260729,11,びわこ,2,20260729-11-02,3,4418,茅原悠紀,39,岡山,54.0,A1,7.62,52.89,5.8,45.0,64,30.88,51,31.43,3,8,https://www1.mbrace.or.jp/od2/B/202607/b260729.lzh,2026-10-03T18:29:17.124937+09:00
20260729,11,びわこ,2,20260729-11-02,4,4682,大上卓人,35,広島,53.0,A1,7.09,47.97,7.3,47.83,19,40.0,60,29.73,1,11,https://www1.mbrace.or.jp/od2/B/202607/b260729.lzh,2026-10-03T18:29:17.124937+09:00
20260729,11,びわこ,2,20260729-11-02,5,4477,篠崎仁志,38,福岡,56.0,A1,7.25,45.61,8.29,57.14,34,35.62,39,31.82,2,,https://www1.mbrace.or.jp/od2/B/202607/b260729.lzh,2026-10-03T18:29:17.124937+09:00
20260729,11,びわこ,2,20260729-11-02,6,4686,丸野一樹,34,滋賀,52.0,A1,7.36,50.0,7.32,58.82,29,42.47,69,43.84,51,,https://www1.mbrace.or.jp/od2/B/202607/b260729.lzh,2026-10-03T18:29:17.124937+09:00
20260729,11,びわこ,3,20260729-11-03,1,4075,中野次郎,45,東京,55.0,A1,6.51,43.93,4.88,25.0,16,36.92,33,30.56,44,,https://www1.mbrace.or.jp/od2/B/202607/b260729.lzh,2026-10-03T18:29:17.124937+09:00
20260729,11,びわこ,3,20260729-11-03,2,4290,稲田浩二,41,兵庫,52.0,A1,6.83,45.19,7.24,48.28,33,46.67,64,33.33,4,11,https://www1.mbrace.or.jp/od2/B/202607/b260729.lzh,2026-10-03T18:29:17.124937+09:00
20260729,11,びわこ,3,20260729-11-03,3,3941,池田浩二,48,愛知,55.0,A1,7.75,49.18,7.47,52.63,48,36.0,59,30.67,2,9,https://www1.mbrace.or.jp/od2/B/202607/b260729.lzh,2026-10-03T18:29:17.124937+09:00
20260729,11,びわこ,3,20260729-11-03,4,4959,井上忠政,30,大阪,52.0,A1,7.41,54.62,7.17,56.52,54,30.56,55,27.63,2,,https://www1.mbrace.or.jp/od2/B/202607/b260729.lzh,2026-10-03T18:29:17.124937+09:00
20260729,11,びわこ,3,20260729-11-03,5,4547,中田竜太,38,埼玉,51.0,A1,6.83,42.15,6.11,43.24,58,31.51,30,28.17,6,,https://www1.mbrace.or.jp/od2/B/202607/b260729.lzh,2026-10-03T18:29:17.124937+09:00
20260729,11,びわこ,3,20260729-11-03,6,4459,片岡雅裕,40,香川,53.0,A2,6.12,36.7,6.33,36.54,61,41.33,29,32.43,1,8,https://www1.mbrace.or.jp/od2/B/202607/b260729.lzh,2026-10-03T18:29:17.124937+09:00
20260729,11,びわこ,4,20260729-11-04,1,4933,板橋侑我,30,静岡,53.0,A2,6.44,37.78,6.95,55.0,36,29.41,35,34.85,5,9,https://www1.mbrace.or.jp/od2/B/202607/b260729.lzh,2026-10-03T18:29:17.124937+09:00
20260729,11,びわこ,4,20260729-11-04,2,3719,辻栄蔵,51,広島,51.0,A1,6.95,46.09,5.0,12.5,45,45.45,18,34.29,1,12,https://www1.mbrace.or.jp/od2/B/202607/b260729.lzh,2026-10-03T18:29:17.124937+09:00
20260729,11,びわこ,4,20260729-11-04,3,4502,遠藤エミ,38,滋賀,45.0,A1,7.27,49.07,7.44,56.12,32,34.29,20,39.19,56,,https://www1.mbrace.or.jp/od2/B/202607/b260729.lzh,2026-10-03T18:29:17.124937+09:00
20260729,11,びわこ,4,20260729-11-04,4,3415,松井繁,56,大阪,50.0,A1,7.22,45.16,7.24,51.72,46,31.34,47,42.31,6,11,https://www1.mbrace.or.jp/od2/B/202607/b260729.lzh,2026-10-03T18:29:17.124937+09:00
20260729,11,びわこ,4,20260729-11-04,5,4024,井口佳典,48,三重,52.0,A1,6.69,46.53,6.86,47.73,39,30.38,66,32.0,6,10,https://www1.mbrace.or.jp/od2/B/202607/b260729.lzh,2026-10-03T18:29:17.124937+09:00
20260729,11,びわこ,4,20260729-11-04,6,4832,権藤俊光,39,大阪,51.0,A1,6.76,47.29,6.65,39.13,12,52.0,65,31.43,6,,https://www1.mbrace.or.jp/od2/B/202607/b260729.lzh,2026-10-03T18:29:17.124937+09:00
20260729,11,びわこ,5,20260729-11-05,1,3779,原田幸哉,50,長崎,54.0,A1,6.29,34.65,5.44,33.33,37,30.99,11,39.24,62,,https://www1.mbrace.or.jp/od2/B/202607/b260729.lzh,2026-10-03T18:29:17.124937+09:00
20260729,11,びわこ,5,20260729-11-05,2,4320,峰竜太,41,佐賀,52.0,A1,8.36,54.02,8.31,66.67,72,43.48,49,35.62,5,10,https://www1.mbrace.or.jp/od2/B/202607/b260729.lzh,2026-10-03T18:29:17.124937+09:00
20260729,11,びわこ,5,20260729-11-05,3,4371,西山貴浩,39,福岡,52.0,A1,7.34,48.62,7.5,50.0,49,36.92,37,30.43,1,11,https://www1.mbrace.or.jp/od2/B/202607/b260729.lzh,2026-10-03T18:29:17.124937+09:00
20260729,11,びわこ,5,20260729-11-05,4,3978,齊藤仁,49,東京,51.0,A2,5.85,32.26,6.46,43.59,28,31.43,67,26.39,3,,https://www1.mbrace.or.jp/od2/B/202607/b260729.lzh,2026-10-03T18:29:17.124937+09:00
20260729,11,びわこ,5,20260729-11-05,5,3959,坪井康晴,48,静岡,54.0,A1,7.03,46.61,7.22,46.67,50,34.21,57,31.15,24,,https://www1.mbrace.or.jp/od2/B/202607/b260729.lzh,2026-10-03T18:29:17.124937+09:00
20260729,11,びわこ,5,20260729-11-05,6,4586,磯部誠,35,愛知,55.0,A1,7.19,47.37,0.0,0.0,51,32.88,52,48.1,3,12,https://www1.mbrace.or.jp/od2/B/202607/b260729.lzh,2026-10-03T18:29:17.124937+09:00
20260729,11,びわこ,6,20260729-11-06,1,4590,渡邉優美,33,福岡,48.0,A1,6.53,42.03,7.09,52.17,26,38.64,61,38.03,6,,https://www1.mbrace.or.jp/od2/B/202607/b260729.lzh,2026-10-03T18:29:17.124937+09:00
20260729,11,びわこ,6,20260729-11-06,2,5224,西岡顕心,25,香川,51.0,A1,7.33,51.26,0.0,0.0,41,35.62,53,38.57,2,10,https://www1.mbrace.or.jp/od2/B/202607/b260729.lzh,2026-10-03T18:29:17.124937+09:00
20260729,11,びわこ,6,20260729-11-06,3,4847,佐藤隆太,32,東京,51.0,A1,7.13,52.04,7.2,70.0,70,33.33,27,26.39,5,,https://www1.mbrace.or.jp/od2/B/202607/b260729.lzh,2026-10-03T18:29:17.124937+09:00
20260729,11,びわこ,6,20260729-11-06,4,3897,白井英治,49,山口,55.0,A1,7.44,48.31,6.0,18.75,11,45.0,25,39.47,4,12,https://www1.mbrace.or.jp/od2/B/202607/b260729.lzh,2026-10-03T18:29:17.124937+09:00
20260729,11,びわこ,6,20260729-11-06,5,4044,湯川浩司,46,大阪,51.0,A1,6.86,43.02,5.58,37.5,67,32.31,21,31.88,32,,https://www1.mbrace.or.jp/od2/B/202607/b260729.lzh,2026-10-03T18:29:17.124937+09:00
20260729,11,びわこ,6,20260729-11-06,6,4886,入海馨,30,岡山,53.0,A2,6.11,36.63,7.56,55.56,22,29.58,17,46.48,6,1,https://www1.mbrace.or.jp/od2/B/202607/b260729.lzh,2026-10-03T18:29:17.124937+09:00
20260729,11,びわこ,7,20260729-11-07,1,3783,瓜生正義,50,福岡,53.0,A1,6.77,41.35,7.67,60.0,44,30.43,15,43.84,54,,https://www1.mbrace.or.jp/od2/B/202607/b260729.lzh,2026-10-03T18:29:17.124937+09:00
20260729,11,びわこ,7,20260729-11-07,2,4851,関浩哉,31,群馬,49.0,A1,7.49,45.26,7.5,51.85,59,30.26,31,39.19,51,,https://www1.mbrace.or.jp/od2/B/202607/b260729.lzh,2026-10-03T18:29:17.124937+09:00
20260729,11,びわこ,7,20260729-11-07,3,5121,定松勇樹,25,佐賀,53.0,A1,7.49,55.36,6.21,41.18,38,33.33,71,27.69,1,1,https://www1.mbrace.or.jp/od2/B/202607/b260729.lzh,2026-10-03T18:29:17.124937+09:00
20260729,11,びわこ,7,20260729-11-07,4,4337,平本真之,42,愛知,55.0,A1,7.43,49.66,7.0,46.67,35,27.94,46,41.89,23,,https://www1.mbrace.or.jp/od2/B/202607/b260729.lzh,2026-10-03T18:29:17.124937+09:00
20260729,11,びわこ,7,20260729-11-07,5,4659,木下翔太,35,大阪,54.0,A1,7.4,51.94,6.68,40.91,57,41.67,54,38.16,4,2,https://www1.mbrace.or.jp/od2/B/202607/b260729.lzh,2026-10-03T18:29:17.124937+09:00
20260729,11,びわこ,7,20260729-11-07,6,3960,菊地孝平,47,静岡,53.0,A1,6.44,37.3,7.88,50.0,17,28.99,24,45.45,6,,https://www1.mbrace.or.jp/od2/B/202607/b260729.lzh,2026-10-03T18:29:17.124937+09:00
20260729,11,びわこ,8,20260729-11-08,1,4262,馬場貴也,42,滋賀,53.0,A1,7.48,47.69,8.05,66.01,69,32.1,22,31.25,53,,https://www1.mbrace.or.jp/od2/B/202607/b260729.lzh,2026-10-03T18:29:17.124937+09:00
20260729,11,びわこ,8,20260729-11-08,2,4459,片岡雅裕,40,香川,53.0,A2,6.12,36.7,6.33,36.54,61,41.33,29,32.43,1,3,https://www1.mbrace.or.jp/od2/B/202607/b260729.lzh,2026-10-03T18:29:17.124937+09:00
20260729,11,びわこ,8,20260729-11-08,3,3716,石渡鉄兵,51,東京,55.0,A1,6.73,42.73,6.83,51.72,52,32.31,63,27.78,33,,https://www1.mbrace.or.jp/od2/B/202607/b260729.lzh,2026-10-03T18:29:17.124937+09:00
20260729,11,びわこ,8,20260729-11-08,4,4757,山田祐也,37,徳島,53.0,A1,6.79,47.37,5.73,33.33,68,32.43,34,41.56,3,,https://www1.mbrace.or.jp/od2/B/202607/b260729.lzh,2026-10-03T18:29:17.124937+09:00
20260729,11,びわこ,8,20260729-11-08,5,4604,岩瀬裕亮,38,愛知,52.0,A1,7.32,52.82,8.09,69.57,30,29.58,26,42.03,4,,https://www1.mbrace.or.jp/od2/B/202607/b260729.lzh,2026-10-03T18:29:17.124937+09:00
20260729,11,びわこ,8,20260729-11-08,6,4418,茅原悠紀,39,岡山,54.0,A1,7.62,52.89,5.8,45.0,64,30.88,51,31.43,3,2,https://www1.mbrace.or.jp/od2/B/202607/b260729.lzh,2026-10-03T18:29:17.124937+09:00
20260729,11,びわこ,9,20260729-11-09,1,4848,仲谷颯仁,31,福岡,53.0,A1,7.53,51.52,6.42,45.45,14,36.51,36,31.08,4,1,https://www1.mbrace.or.jp/od2/B/202607/b260729.lzh,2026-10-03T18:29:17.124937+09:00
20260729,11,びわこ,9,20260729-11-09,2,4503,上野真之,38,佐賀,52.0,A1,8.03,62.5,6.22,33.33,56,28.21,32,31.43,13,,https://www1.mbrace.or.jp/od2/B/202607/b260729.lzh,2026-10-03T18:29:17.124937+09:00
20260729,11,びわこ,9,20260729-11-09,3,4933,板橋侑我,30,静岡,53.0,A2,6.44,37.78,6.95,55.0,36,29.41,35,34.85,5,4,https://www1.mbrace.or.jp/od2/B/202607/b260729.lzh,2026-10-03T18:29:17.124937+09:00
20260729,11,びわこ,9,20260729-11-09,4,4030,森高一真,48,香川,50.0,A1,7.04,41.18,5.33,27.78,73,30.0,38,49.32,5,,https://www1.mbrace.or.jp/od2/B/202607/b260729.lzh,2026-10-03T18:29:17.124937+09:00
20260729,11,びわこ,9,20260729-11-09,5,3941,池田浩二,48,愛知,55.0,A1,7.75,49.18,7.47,52.63,48,36.0,59,30.67,2,3,https://www1.mbrace.or.jp/od2/B/202607/b260729.lzh,2026-10-03T18:29:17.124937+09:00
20260729,11,びわこ,9,20260729-11-09,6,4344,新田雄史,41,三重,54.0,A1,7.78,54.78,0.0,0.0,31,32.31,41,48.65,22,,https://www1.mbrace.or.jp/od2/B/202607/b260729.lzh,2026-10-03T18:29:17.124937+09:00
20260729,11,びわこ,10,20260729-11-10,1,4024,井口佳典,48,三重,52.0,A1,6.69,46.53,6.86,47.73,39,30.38,66,32.0,6,4,https://www1.mbrace.or.jp/od2/B/202607/b260729.lzh,2026-10-03T18:29:17.124937+09:00
20260729,11,びわこ,10,20260729-11-10,2,4932,新開航,30,福岡,52.0,A1,7.47,53.21,9.18,100.0,21,41.54,50,31.94,35,,https://www1.mbrace.or.jp/od2/B/202607/b260729.lzh,2026-10-03T18:29:17.124937+09:00
20260729,11,びわこ,10,20260729-11-10,3,4760,山崎郡,36,大阪,52.0,A1,7.39,50.35,7.04,60.87,20,34.25,23,28.36,3,,https://www1.mbrace.or.jp/od2/B/202607/b260729.lzh,2026-10-03T18:29:17.124937+09:00
20260729,11,びわこ,10,20260729-11-10,4,4320,峰竜太,41,佐賀,52.0,A1,8.36,54.02,8.31,66.67,72,43.48,49,35.62,5,5,https://www1.mbrace.or.jp/od2/B/202607/b260729.lzh,2026-10-03T18:29:17.124937+09:00
20260729,11,びわこ,10,20260729-11-10,5,4266,長田頼宗,41,東京,53.0,A1,6.89,48.31,5.83,25.71,47,29.63,62,34.72,2,1,https://www1.mbrace.or.jp/od2/B/202607/b260729.lzh,2026-10-03T18:29:17.124937+09:00
20260729,11,びわこ,10,20260729-11-10,6,5224,西岡顕心,25,香川,51.0,A1,7.33,51.26,0.0,0.0,41,35.62,53,38.57,2,6,https://www1.mbrace.or.jp/od2/B/202607/b260729.lzh,2026-10-03T18:29:17.124937+09:00
20260729,11,びわこ,11,20260729-11-11,1,3415,松井繁,56,大阪,50.0,A1,7.22,45.16,7.24,51.72,46,31.34,47,42.31,6,4,https://www1.mbrace.or.jp/od2/B/202607/b260729.lzh,2026-10-03T18:29:17.124937+09:00
20260729,11,びわこ,11,20260729-11-11,2,4682,大上卓人,35,広島,53.0,A1,7.09,47.97,7.3,47.83,19,40.0,60,29.73,1,2,https://www1.mbrace.or.jp/od2/B/202607/b260729.lzh,2026-10-03T18:29:17.124937+09:00
20260729,11,びわこ,11,20260729-11-11,3,4980,佐々木完,30,山口,49.0,A1,7.08,51.75,7.2,60.0,40,46.48,43,42.67,11,,https://www1.mbrace.or.jp/od2/B/202607/b260729.lzh,2026-10-03T18:29:17.124937+09:00
20260729,11,びわこ,11,20260729-11-11,4,4371,西山貴浩,39,福岡,52.0,A1,7.34,48.62,7.5,50.0,49,36.92,37,30.43,1,5,https://www1.mbrace.or.jp/od2/B/202607/b260729.lzh,2026-10-03T18:29:17.124937+09:00
20260729,11,びわこ,11,20260729-11-11,5,4914,吉田裕平,29,愛知,51.0,A1,7.17,50.86,8.34,78.95,13,47.37,12,43.06,14,,https://www1.mbrace.or.jp/od2/B/202607/b260729.lzh,2026-10-03T18:29:17.124937+09:00
20260729,11,びわこ,11,20260729-11-11,6,4290,稲田浩二,41,兵庫,52.0,A1,6.83,45.19,7.24,48.28,33,46.67,64,33.33,4,3,https://www1.mbrace.or.jp/od2/B/202607/b260729.lzh,2026-10-03T18:29:17.124937+09:00
20260729,11,びわこ,12,20260729-11-12,1,3897,白井英治,49,山口,55.0,A1,7.44,48.31,6.0,18.75,11,45.0,25,39.47,4,6,https://www1.mbrace.or.jp/od2/B/202607/b260729.lzh,2026-10-03T18:29:17.124937+09:00
20260729,11,びわこ,12,20260729-11-12,2,4586,磯部誠,35,愛知,55.0,A1,7.19,47.37,0.0,0.0,51,32.88,52,48.1,3,5,https://www1.mbrace.or.jp/od2/B/202607/b260729.lzh,2026-10-03T18:29:17.124937+09:00
20260729,11,びわこ,12,20260729-11-12,3,4719,上條暢嵩,32,大阪,52.0,A1,7.35,47.2,7.76,52.94,18,48.68,44,38.27,15,,https://www1.mbrace.or.jp/od2/B/202607/b260729.lzh,2026-10-03T18:29:17.124937+09:00
20260729,11,びわこ,12,20260729-11-12,4,4573,佐藤翼,37,埼玉,53.0,A1,7.02,43.22,6.68,36.84,23,31.75,68,42.67,5,2,https://www1.mbrace.or.jp/od2/B/202607/b260729.lzh,2026-10-03T18:29:17.124937+09:00
20260729,11,びわこ,12,20260729-11-12,5,4166,吉田拡郎,44,岡山,54.0,A1,7.61,59.38,7.47,50.0,71,34.85,72,27.54,26,,https://www1.mbrace.or.jp/od2/B/202607/b260729.lzh,2026-10-03T18:29:17.124937+09:00
20260729,11,びわこ,12,20260729-11-12,6,3719,辻栄蔵,51,広島,51.0,A1,6.95,46.09,5.0,12.5,45,45.45,18,34.29,1,4,https://www1.mbrace.or.jp/od2/B/202607/b260729.lzh,2026-10-03T18:29:17.124937+09:00
20260729,10,三国,1,20260729-10-01,1,4926,吉川貴仁,33,三重,52.0,A1,7.29,58.33,6.94,59.57,29,25.27,71,34.44,162,11,https://www1.mbrace.or.jp/od2/B/202607/b260729.lzh,2026-10-03T18:29:17.124937+09:00
20260729,10,三国,1,20260729-10-01,2,5144,中尾彩香,25,福岡,48.0,B1,5.09,31.13,5.18,39.39,45,40.91,66,34.52,153,6,https://www1.mbrace.or.jp/od2/B/202607/b260729.lzh,2026-10-03T18:29:17.124937+09:00
20260729,10,三国,1,20260729-10-01,3,4725,佐竹太一,39,兵庫,53.0,B1,5.03,27.27,0.0,0.0,13,39.33,52,37.5,5 33,,https://www1.mbrace.or.jp/od2/B/202607/b260729.lzh,2026-10-03T18:29:17.124937+09:00
20260729,10,三国,1,20260729-10-01,4,4664,東口晃,42,福井,54.0,B1,3.98,17.31,4.01,21.57,19,35.56,69,24.73,6 25,,https://www1.mbrace.or.jp/od2/B/202607/b260729.lzh,2026-10-03T18:29:17.124937+09:00
20260729,10,三国,1,20260729-10-01,5,3581,加木郁,53,山口,54.0,B1,5.29,30.17,4.86,0.0,22,24.69,48,36.36,351,10,https://www1.mbrace.or.jp/od2/B/202607/b260729.lzh,2026-10-03T18:29:17.124937+09:00
20260729,10,三国,1,20260729-10-01,6,5048,眞鳥康太,32,長崎,56.0,B1,4.18,20.55,6.11,55.56,49,37.5,63,35.96,3 23,7,https://www1.mbrace.or.jp/od2/B/202607/b260729.lzh,2026-10-03T18:29:17.124937+09:00
20260729,10,三国,2,20260729-10-02,1,4895,門間雄大,35,東京,55.0,A2,5.25,26.19,3.71,14.71,25,36.36,41,18.64,4446,9,https://www1.mbrace.or.jp/od2/B/202607/b260729.lzh,2026-10-03T18:29:17.124937+09:00
20260729,10,三国,2,20260729-10-02,2,4769,馬場剛,34,東京,52.0,A1,6.88,50.0,6.68,44.0,32,20.0,38,33.72,145,10,https://www1.mbrace.or.jp/od2/B/202607/b260729.lzh,2026-10-03T18:29:17.124937+09:00
20260729,10,三国,2,20260729-10-02,3,4461,安田吉宏,40,三重,58.0,B1,4.54,19.59,3.2,13.33,59,25.84,16,39.33,326,11,https://www1.mbrace.or.jp/od2/B/202607/b260729.lzh,2026-10-03T18:29:17.124937+09:00
20260729,10,三国,2,20260729-10-02,4,4752,西尾亮輔,38,愛知,52.0,B1,4.26,21.74,4.9,30.0,38,27.17,51,35.16,455,,https://www1.mbrace.or.jp/od2/B/202607/b260729.lzh,2026-10-03T18:29:17.124937+09:00
20260729,10,三国,2,20260729-10-02,5,3943,三松直美,47,岡山,68.0,B2,2.24,2.7,0.0,0.0,41,23.26,37,37.97,6 5,8,https://www1.mbrace.or.jp/od2/B/202607/b260729.lzh,2026-10-03T18:29:17.124937+09:00
20260729,10,三国,2,20260729-10-02,6,4744,伊藤玲奈,33,福岡,47.0,B1,4.52,22.78,4.4,20.0,68,10.98,49,24.71,5 36,,https://www1.mbrace.or.jp/od2/B/202607/b260729.lzh,2026-10-03T18:29:17.124937+09:00
20260729,10,三国,3,20260729-10-03,1,3576,白水勝也,53,福岡,51.0,A1,6.71,49.11,7.11,57.14,64,35.63,23,44.44,3521,8,https://www1.mbrace.or.jp/od2/B/202607/b260729.lzh,2026-10-03T18:29:17.124937+09:00
20260729,10,三国,3,20260729-10-03,2,4766,石井孝之,35,群馬,55.0,B1,4.0,16.9,3.58,12.5,65,36.67,58,37.35,6 43,,https://www1.mbrace.or.jp/od2/B/202607/b260729.lzh,2026-10-03T18:29:17.124937+09:00
20260729,10,三国,3,20260729-10-03,3,4640,山ノ内雅,35,福岡,53.0,A2,6.01,40.44,5.7,44.44,11,19.23,24,39.77,4313,9,https://www1.mbrace.or.jp/od2/B/202607/b260729.lzh,2026-10-03T18:29:17.124937+09:00
20260729,10,三国,3,20260729-10-03,4,4104,木下陽介,46,東京,58.0,B1,3.78,20.73,4.54,34.62,21,28.57,60,28.57,3 53,7,https://www1.mbrace.or.jp/od2/B/202607/b260729.lzh,2026-10-03T18:29:17.124937+09:00
20260729,10,三国,3,20260729-10-03,5,3577,向所浩二,53,兵庫,60.0,B1,4.39,19.32,5.19,31.75,67,24.14,33,33.33,214,10,https://www1.mbrace.or.jp/od2/B/202607/b260729.lzh,2026-10-03T18:29:17.124937+09:00
20260729,10,三国,3,20260729-10-03,6,5154,村松栄太,30,広島,54.0,B1,4.75,26.8,5.35,29.41,66,35.16,54,28.41,221,12,https://www1.mbrace.or.jp/od2/B/202607/b260729.lzh,2026-10-03T18:29:17.124937+09:00
20260729,10,三国,4,20260729-10-04,1,4661,中島昂章,34,佐賀,52.0,A2,5.36,34.56,5.88,37.5,40,30.95,44,46.75,121,11,https://www1.mbrace.or.jp/od2/B/202607/b260729.lzh,2026-10-03T18:29:17.124937+09:00
20260729,10,三国,4,20260729-10-04,2,3350,藤本佳史,58,山口,54.0,B1,4.93,30.48,5.3,33.33,15,31.18,25,32.95,3 24,8,https://www1.mbrace.or.jp/od2/B/202607/b260729.lzh,2026-10-03T18:29:17.124937+09:00
20260729,10,三国,4,20260729-10-04,3,4308,河村了,42,愛知,52.0,A1,6.77,48.84,6.65,55.0,48,30.11,53,26.09,3212,12,https://www1.mbrace.or.jp/od2/B/202607/b260729.lzh,2026-10-03T18:29:17.124937+09:00
20260729,10,三国,4,20260729-10-04,4,3303,渡辺豊,58,東京,55.0,B1,4.56,23.53,5.32,40.0,26,20.24,62,35.16,4 54,,https://www1.mbrace.or.jp/od2/B/202607/b260729.lzh,2026-10-03T18:29:17.124937+09:00
20260729,10,三国,4,20260729-10-04,5,4804,高田ひか,31,三重,47.0,A1,6.47,47.83,4.93,32.14,61,33.72,43,28.57,242,10,https://www1.mbrace.or.jp/od2/B/202607/b260729.lzh,2026-10-03T18:29:17.124937+09:00
20260729,10,三国,4,20260729-10-04,6,5461,板頭里緒,19,三重,50.0,B2,1.16,0.0,0.0,0.0,53,34.88,55,36.05,6 66,,https://www1.mbrace.or.jp/od2/B/202607/b260729.lzh,2026-10-03T18:29:17.124937+09:00
20260729,10,三国,5,20260729-10-05,1,4974,安井瑞紀,33,岡山,47.0,A2,5.6,39.58,4.93,34.09,23,43.33,46,40.0,4641,12,https://www1.mbrace.or.jp/od2/B/202607/b260729.lzh,2026-10-03T18:29:17.124937+09:00
20260729,10,三国,5,20260729-10-05,2,3158,島川光男,61,広島,53.0,A2,6.22,43.56,6.31,48.08,36,30.0,34,33.72,2 16,9,https://www1.mbrace.or.jp/od2/B/202607/b260729.lzh,2026-10-03T18:29:17.124937+09:00
20260729,10,三国,5,20260729-10-05,3,4077,品田直樹,47,東京,53.0,A2,5.68,32.43,3.69,6.25,70,32.53,30,36.9,4145,10,https://www1.mbrace.or.jp/od2/B/202607/b260729.lzh,2026-10-03T18:29:17.124937+09:00
20260729,10,三国,5,20260729-10-05,4,3722,西村秀樹,56,福岡,52.0,B1,3.08,5.81,4.17,33.33,24,38.3,21,41.25,5 61,,https://www1.mbrace.or.jp/od2/B/202607/b260729.lzh,2026-10-03T18:29:17.124937+09:00
20260729,10,三国,5,20260729-10-05,5,4350,篠崎元志,40,福岡,53.0,A1,7.77,62.96,6.3,27.03,44,37.63,15,32.97,3121,,https://www1.mbrace.or.jp/od2/B/202607/b260729.lzh,2026-10-03T18:29:17.124937+09:00
20260729,10,三国,5,20260729-10-05,6,5316,村松将平,25,静岡,52.0,B1,5.35,31.87,2.96,12.5,18,30.34,31,42.05,161,11,https://www1.mbrace.or.jp/od2/B/202607/b260729.lzh,2026-10-03T18:29:17.124937+09:00
20260729,10,三国,6,20260729-10-06,1,4143,浦田晃嗣,45,佐賀,57.0,B1,4.19,20.45,4.05,18.18,34,28.41,29,25.61,6 26,,https://www1.mbrace.or.jp/od2/B/202607/b260729.lzh,2026-10-03T18:29:17.124937+09:00
20260729,10,三国,6,20260729-10-06,2,4159,向後龍一,45,埼玉,50.0,A2,6.4,49.61,6.29,42.86,58,35.16,42,31.82,144,12,https://www1.mbrace.or.jp/od2/B/202607/b260729.lzh,2026-10-03T18:29:17.124937+09:00
20260729,10,三国,6,20260729-10-06,3,4144,石塚久也,44,埼玉,54.0,A2,6.54,47.06,6.61,54.55,16,15.85,26,38.75,2 52,10,https://www1.mbrace.or.jp/od2/B/202607/b260729.lzh,2026-10-03T18:29:17.124937+09:00
20260729,10,三国,6,20260729-10-06,4,4486,野村誠,40,群馬,52.0,A2,5.88,40.87,6.52,48.28,54,44.19,68,31.11,511,11,https://www1.mbrace.or.jp/od2/B/202607/b260729.lzh,2026-10-03T18:29:17.124937+09:00
20260729,10,三国,6,20260729-10-06,5,4942,柴田朋哉,36,福岡,55.0,B1,5.5,36.63,5.12,29.41,50,32.61,70,31.46,5 53,,https://www1.mbrace.or.jp/od2/B/202607/b260729.lzh,2026-10-03T18:29:17.124937+09:00
20260729,10,三国,6,20260729-10-06,6,5144,中尾彩香,25,福岡,48.0,B1,5.09,31.13,5.18,39.39,45,40.91,66,34.52,153,1,https://www1.mbrace.or.jp/od2/B/202607/b260729.lzh,2026-10-03T18:29:17.124937+09:00
20260729,10,三国,7,20260729-10-07,1,4104,木下陽介,46,東京,58.0,B1,3.78,20.73,4.54,34.62,21,28.57,60,28.57,3 53,3,https://www1.mbrace.or.jp/od2/B/202607/b260729.lzh,2026-10-03T18:29:17.124937+09:00
20260729,10,三国,7,20260729-10-07,2,5048,眞鳥康太,32,長崎,56.0,B1,4.18,20.55,6.11,55.56,49,37.5,63,35.96,3 23,1,https://www1.mbrace.or.jp/od2/B/202607/b260729.lzh,2026-10-03T18:29:17.124937+09:00
20260729,10,三国,7,20260729-10-07,3,4608,荒井翔伍,36,東京,55.0,A2,5.78,38.81,5.6,33.33,60,36.67,47,32.97,6 43,,https://www1.mbrace.or.jp/od2/B/202607/b260729.lzh,2026-10-03T18:29:17.124937+09:00
20260729,10,三国,7,20260729-10-07,4,4210,松村康太,43,福井,54.0,A2,5.55,31.15,6.11,40.32,47,19.32,57,37.5,2634,,https://www1.mbrace.or.jp/od2/B/202607/b260729.lzh,2026-10-03T18:29:17.124937+09:00
20260729,10,三国,7,20260729-10-07,5,4505,島田賢人,38,埼玉,56.0,A1,6.51,45.35,5.0,35.0,69,26.44,13,29.63,2 42,11,https://www1.mbrace.or.jp/od2/B/202607/b260729.lzh,2026-10-03T18:29:17.124937+09:00
20260729,10,三国,7,20260729-10-07,6,5124,上瀧絢也,30,佐賀,55.0,B1,4.41,24.39,3.8,20.0,33,36.36,50,34.83,426,12,https://www1.mbrace.or.jp/od2/B/202607/b260729.lzh,2026-10-03T18:29:17.124937+09:00
20260729,10,三国,8,20260729-10-08,1,3943,三松直美,47,岡山,68.0,B2,2.24,2.7,0.0,0.0,41,23.26,37,37.97,6 5,2,https://www1.mbrace.or.jp/od2/B/202607/b260729.lzh,2026-10-03T18:29:17.124937+09:00
20260729,10,三国,8,20260729-10-08,2,3576,白水勝也,53,福岡,51.0,A1,6.71,49.11,7.11,57.14,64,35.63,23,44.44,3521,3,https://www1.mbrace.or.jp/od2/B/202607/b260729.lzh,2026-10-03T18:29:17.124937+09:00
20260729,10,三国,8,20260729-10-08,3,3350,藤本佳史,58,山口,54.0,B1,4.93,30.48,5.3,33.33,15,31.18,25,32.95,3 24,4,https://www1.mbrace.or.jp/od2/B/202607/b260729.lzh,2026-10-03T18:29:17.124937+09:00
20260729,10,三国,8,20260729-10-08,4,4695,尾崎雄二,40,長崎,55.0,A2,5.52,41.49,6.0,40.0,35,43.02,20,25.27,5565,,https://www1.mbrace.or.jp/od2/B/202607/b260729.lzh,2026-10-03T18:29:17.124937+09:00
20260729,10,三国,8,20260729-10-08,5,4380,鈴木峻佑,41,静岡,53.0,B1,4.96,30.21,4.47,24.53,46,43.68,11,29.89,535,,https://www1.mbrace.or.jp/od2/B/202607/b260729.lzh,2026-10-03T18:29:17.124937+09:00
20260729,10,三国,8,20260729-10-08,6,4506,稗田聖也,38,福岡,53.0,A1,6.25,49.44,4.17,22.22,62,37.08,17,21.59,1 32,12,https://www1.mbrace.or.jp/od2/B/202607/b260729.lzh,2026-10-03T18:29:17.124937+09:00
20260729,10,三国,9,20260729-10-09,1,5373,諏訪玲奈,23,岡山,47.0,B2,2.93,3.95,1.67,0.0,14,34.57,22,27.59,346,,https://www1.mbrace.or.jp/od2/B/202607/b260729.lzh,2026-10-03T18:29:17.124937+09:00
20260729,10,三国,9,20260729-10-09,2,4415,下出卓矢,39,福井,57.0,A1,6.03,48.08,6.57,49.71,28,30.59,61,40.23,1345,,https://www1.mbrace.or.jp/od2/B/202607/b260729.lzh,2026-10-03T18:29:17.124937+09:00
20260729,10,三国,9,20260729-10-09,3,4843,深尾巴恵,33,静岡,47.0,B1,4.24,20.37,3.79,21.05,56,29.79,65,30.23,666,,https://www1.mbrace.or.jp/od2/B/202607/b260729.lzh,2026-10-03T18:29:17.124937+09:00
20260729,10,三国,9,20260729-10-09,4,3158,島川光男,61,広島,53.0,A2,6.22,43.56,6.31,48.08,36,30.0,34,33.72,2 16,5,https://www1.mbrace.or.jp/od2/B/202607/b260729.lzh,2026-10-03T18:29:17.124937+09:00
20260729,10,三国,9,20260729-10-09,5,4895,門間雄大,35,東京,55.0,A2,5.25,26.19,3.71,14.71,25,36.36,41,18.64,4446,2,https://www1.mbrace.or.jp/od2/B/202607/b260729.lzh,2026-10-03T18:29:17.124937+09:00
20260729,10,三国,9,20260729-10-09,6,4640,山ノ内雅,35,福岡,53.0,A2,6.01,40.44,5.7,44.44,11,19.23,24,39.77,4313,3,https://www1.mbrace.or.jp/od2/B/202607/b260729.lzh,2026-10-03T18:29:17.124937+09:00
20260729,10,三国,10,20260729-10-10,1,3577,向所浩二,53,兵庫,60.0,B1,4.39,19.32,5.19,31.75,67,24.14,33,33.33,214,3,https://www1.mbrace.or.jp/od2/B/202607/b260729.lzh,2026-10-03T18:29:17.124937+09:00
20260729,10,三国,10,20260729-10-10,2,3581,加木郁,53,山口,54.0,B1,5.29,30.17,4.86,0.0,22,24.69,48,36.36,351,1,https://www1.mbrace.or.jp/od2/B/202607/b260729.lzh,2026-10-03T18:29:17.124937+09:00
20260729,10,三国,10,20260729-10-10,3,4804,高田ひか,31,三重,47.0,A1,6.47,47.83,4.93,32.14,61,33.72,43,28.57,242,4,https://www1.mbrace.or.jp/od2/B/202607/b260729.lzh,2026-10-03T18:29:17.124937+09:00
20260729,10,三国,10,20260729-10-10,4,4769,馬場剛,34,東京,52.0,A1,6.88,50.0,6.68,44.0,32,20.0,38,33.72,145,2,https://www1.mbrace.or.jp/od2/B/202607/b260729.lzh,2026-10-03T18:29:17.124937+09:00
20260729,10,三国,10,20260729-10-10,5,4144,石塚久也,44,埼玉,54.0,A2,6.54,47.06,6.61,54.55,16,15.85,26,38.75,2 52,6,https://www1.mbrace.or.jp/od2/B/202607/b260729.lzh,2026-10-03T18:29:17.124937+09:00
20260729,10,三国,10,20260729-10-10,6,4077,品田直樹,47,東京,53.0,A2,5.68,32.43,3.69,6.25,70,32.53,30,36.9,4145,5,https://www1.mbrace.or.jp/od2/B/202607/b260729.lzh,2026-10-03T18:29:17.124937+09:00
20260729,10,三国,11,20260729-10-11,1,4461,安田吉宏,40,三重,58.0,B1,4.54,19.59,3.2,13.33,59,25.84,16,39.33,326,2,https://www1.mbrace.or.jp/od2/B/202607/b260729.lzh,2026-10-03T18:29:17.124937+09:00
20260729,10,三国,11,20260729-10-11,2,4661,中島昂章,34,佐賀,52.0,A2,5.36,34.56,5.88,37.5,40,30.95,44,46.75,121,4,https://www1.mbrace.or.jp/od2/B/202607/b260729.lzh,2026-10-03T18:29:17.124937+09:00
20260729,10,三国,11,20260729-10-11,3,4926,吉川貴仁,33,三重,52.0,A1,7.29,58.33,6.94,59.57,29,25.27,71,34.44,162,1,https://www1.mbrace.or.jp/od2/B/202607/b260729.lzh,2026-10-03T18:29:17.124937+09:00
20260729,10,三国,11,20260729-10-11,4,4505,島田賢人,38,埼玉,56.0,A1,6.51,45.35,5.0,35.0,69,26.44,13,29.63,2 42,7,https://www1.mbrace.or.jp/od2/B/202607/b260729.lzh,2026-10-03T18:29:17.124937+09:00
20260729,10,三国,11,20260729-10-11,5,5316,村松将平,25,静岡,52.0,B1,5.35,31.87,2.96,12.5,18,30.34,14,33.68,161,5,https://www1.mbrace.or.jp/od2/B/202607/b260729.lzh,2026-10-03T18:29:17.124937+09:00
20260729,10,三国,11,20260729-10-11,6,4486,野村誠,40,群馬,52.0,A2,5.88,40.87,6.52,48.28,54,44.19,68,31.11,511,6,https://www1.mbrace.or.jp/od2/B/202607/b260729.lzh,2026-10-03T18:29:17.124937+09:00
20260729,10,三国,12,20260729-10-12,1,4308,河村了,42,愛知,52.0,A1,6.77,48.84,6.65,55.0,48,30.11,53,26.09,3212,4,https://www1.mbrace.or.jp/od2/B/202607/b260729.lzh,2026-10-03T18:29:17.124937+09:00
20260729,10,三国,12,20260729-10-12,2,5124,上瀧絢也,30,佐賀,55.0,B1,4.41,24.39,3.8,20.0,33,36.36,50,34.83,426,7,https://www1.mbrace.or.jp/od2/B/202607/b260729.lzh,2026-10-03T18:29:17.124937+09:00
20260729,10,三国,12,20260729-10-12,3,4506,稗田聖也,38,福岡,53.0,A1,6.25,49.44,4.17,22.22,62,37.08,17,21.59,1 32,8,https://www1.mbrace.or.jp/od2/B/202607/b260729.lzh,2026-10-03T18:29:17.124937+09:00
20260729,10,三国,12,20260729-10-12,4,5154,村松栄太,30,広島,54.0,B1,4.75,26.8,5.35,29.41,66,35.16,54,28.41,221,3,https://www1.mbrace.or.jp/od2/B/202607/b260729.lzh,2026-10-03T18:29:17.124937+09:00
20260729,10,三国,12,20260729-10-12,5,4974,安井瑞紀,33,岡山,47.0,A2,5.6,39.58,4.93,34.09,23,43.33,35,36.17,4641,5,https://www1.mbrace.or.jp/od2/B/202607/b260729.lzh,2026-10-03T18:29:17.124937+09:00
20260729,10,三国,12,20260729-10-12,6,4159,向後龍一,45,埼玉,50.0,A2,6.4,49.61,6.29,42.86,58,35.16,42,31.82,144,6,https://www1.mbrace.or.jp/od2/B/202607/b260729.lzh,2026-10-03T18:29:17.124937+09:00
20260729,09,津,1,20260729-09-01,1,4311,岡村仁,42,大阪,59.0,A1,6.62,49.55,6.85,61.54,21,40.52,56,42.37,244,10,https://www1.mbrace.or.jp/od2/B/202607/b260729.lzh,2026-10-03T18:29:17.124937+09:00
20260729,09,津,1,20260729-09-01,2,4723,寺島吉彦,40,東京,50.0,B1,4.68,30.67,3.39,16.13,13,34.58,16,40.94,324,12,https://www1.mbrace.or.jp/od2/B/202607/b260729.lzh,2026-10-03T18:29:17.124937+09:00
20260729,09,津,1,20260729-09-01,3,4113,木村浩士,45,群馬,56.0,B1,4.61,22.58,6.31,43.75,54,27.08,68,25.81,236,11,https://www1.mbrace.or.jp/od2/B/202607/b260729.lzh,2026-10-03T18:29:17.124937+09:00
20260729,09,津,1,20260729-09-01,4,4068,幸田智裕,46,静岡,55.0,B1,4.84,22.43,4.29,17.78,14,26.27,35,22.58,4 25,,https://www1.mbrace.or.jp/od2/B/202607/b260729.lzh,2026-10-03T18:29:17.124937+09:00
20260729,09,津,1,20260729-09-01,5,5321,一色颯輝,24,愛知,55.0,B1,5.01,33.78,3.04,4.35,41,43.2,24,34.06,4 2,,https://www1.mbrace.or.jp/od2/B/202607/b260729.lzh,2026-10-03T18:29:17.124937+09:00
20260729,09,津,1,20260729-09-01,6,3852,澤大介,53,三重,51.0,B1,4.52,22.22,5.37,32.33,43,25.86,31,38.24,161,6,https://www1.mbrace.or.jp/od2/B/202607/b260729.lzh,2026-10-03T18:29:17.124937+09:00
20260729,09,津,2,20260729-09-02,1,3637,齋藤和政,55,愛知,54.0,B1,4.08,21.11,4.65,27.08,19,19.55,53,26.8,5 65,,https://www1.mbrace.or.jp/od2/B/202607/b260729.lzh,2026-10-03T18:29:17.124937+09:00
20260729,09,津,2,20260729-09-02,2,5185,加藤優弥,26,福井,52.0,B1,4.88,30.11,2.14,0.0,69,20.48,40,36.11,5 45,,https://www1.mbrace.or.jp/od2/B/202607/b260729.lzh,2026-10-03T18:29:17.124937+09:00
20260729,09,津,2,20260729-09-02,3,4487,三原司,40,福岡,53.0,B1,4.85,24.72,5.0,14.29,40,44.17,66,33.03,156,7,https://www1.mbrace.or.jp/od2/B/202607/b260729.lzh,2026-10-03T18:29:17.124937+09:00
20260729,09,津,2,20260729-09-02,4,4491,田中堅,39,群馬,53.0,B1,4.21,22.22,5.11,21.05,61,30.65,12,30.58,453,9,https://www1.mbrace.or.jp/od2/B/202607/b260729.lzh,2026-10-03T18:29:17.124937+09:00
20260729,09,津,2,20260729-09-02,5,4663,籾山佳岳,43,愛知,51.0,B2,5.6,36.76,5.74,31.58,26,27.72,51,27.27,163,10,https://www1.mbrace.or.jp/od2/B/202607/b260729.lzh,2026-10-03T18:29:17.124937+09:00
20260729,09,津,2,20260729-09-02,6,5424,熊倉幹太,24,東京,54.0,B2,1.34,0.0,0.0,0.0,64,34.85,23,31.68,S 6,8,https://www1.mbrace.or.jp/od2/B/202607/b260729.lzh,2026-10-03T18:29:17.124937+09:00
20260729,09,津,3,20260729-09-03,1,3475,橋本久和,56,群馬,54.0,B1,5.24,33.33,5.97,41.67,18,34.29,14,23.08,236,9,https://www1.mbrace.or.jp/od2/B/202607/b260729.lzh,2026-10-03T18:29:17.124937+09:00
20260729,09,津,3,20260729-09-03,2,4434,田中辰彦,40,広島,54.0,A2,6.09,46.73,6.29,47.06,62,30.47,64,25.0,3 1,11,https://www1.mbrace.or.jp/od2/B/202607/b260729.lzh,2026-10-03T18:29:17.124937+09:00
20260729,09,津,3,20260729-09-03,3,4489,岩川仁士,39,大阪,55.0,B1,5.3,34.78,4.84,29.55,66,27.83,11,37.01,6 51,,https://www1.mbrace.or.jp/od2/B/202607/b260729.lzh,2026-10-03T18:29:17.124937+09:00
20260729,09,津,3,20260729-09-03,4,4023,柴田友和,48,福岡,53.0,B1,4.0,19.57,3.33,8.33,46,33.58,17,34.15,562,7,https://www1.mbrace.or.jp/od2/B/202607/b260729.lzh,2026-10-03T18:29:17.124937+09:00
20260729,09,津,3,20260729-09-03,5,4074,柳沢一,45,愛知,52.0,A1,6.64,51.11,5.4,26.67,39,43.9,48,26.85,341,12,https://www1.mbrace.or.jp/od2/B/202607/b260729.lzh,2026-10-03T18:29:17.124937+09:00
20260729,09,津,3,20260729-09-03,6,4155,長野壮志,45,福岡,57.0,A2,6.14,46.28,0.0,0.0,15,35.78,55,25.69,252,10,https://www1.mbrace.or.jp/od2/B/202607/b260729.lzh,2026-10-03T18:29:17.124937+09:00
20260729,09,津,4,20260729-09-04,1,4151,下河誉史,43,福岡,55.0,B1,4.75,25.0,3.47,6.67,60,31.86,13,32.48,6 13,,https://www1.mbrace.or.jp/od2/B/202607/b260729.lzh,2026-10-03T18:29:17.124937+09:00
20260729,09,津,4,20260729-09-04,2,4293,鈴木智啓,40,愛知,60.0,B1,4.97,29.57,5.37,36.59,28,35.94,54,23.58,5 53,,https://www1.mbrace.or.jp/od2/B/202607/b260729.lzh,2026-10-03T18:29:17.124937+09:00
20260729,09,津,4,20260729-09-04,3,4700,金子和之,39,埼玉,54.0,A2,5.84,39.37,7.0,42.11,35,35.83,18,39.22,422,12,https://www1.mbrace.or.jp/od2/B/202607/b260729.lzh,2026-10-03T18:29:17.124937+09:00
20260729,09,津,4,20260729-09-04,4,4811,向井田佑,37,広島,51.0,B1,4.9,28.07,4.21,20.83,50,34.59,69,33.88,416,11,https://www1.mbrace.or.jp/od2/B/202607/b260729.lzh,2026-10-03T18:29:17.124937+09:00
20260729,09,津,4,20260729-09-04,5,4514,上條嘉嗣,36,大阪,53.0,A1,6.78,56.83,7.07,53.57,67,35.65,50,27.62,2 1,8,https://www1.mbrace.or.jp/od2/B/202607/b260729.lzh,2026-10-03T18:29:17.124937+09:00
20260729,09,津,4,20260729-09-04,6,4543,重木輝彦,38,兵庫,54.0,A1,6.75,46.85,7.0,54.55,47,27.54,37,32.81,363,9,https://www1.mbrace.or.jp/od2/B/202607/b260729.lzh,2026-10-03T18:29:17.124937+09:00
20260729,09,津,5,20260729-09-05,1,3905,天野友和,48,愛知,54.0,A2,6.14,45.97,6.25,40.63,22,41.61,58,25.0,424,11,https://www1.mbrace.or.jp/od2/B/202607/b260729.lzh,2026-10-03T18:29:17.124937+09:00
20260729,09,津,5,20260729-09-05,2,4953,尾上雅也,31,埼玉,54.0,A1,6.63,51.52,7.44,64.0,55,32.2,67,34.17,114,9,https://www1.mbrace.or.jp/od2/B/202607/b260729.lzh,2026-10-03T18:29:17.124937+09:00
20260729,09,津,5,20260729-09-05,3,3663,木山和幸,56,広島,50.0,B1,5.37,36.29,4.06,12.5,53,33.93,74,36.44,634,10,https://www1.mbrace.or.jp/od2/B/202607/b260729.lzh,2026-10-03T18:29:17.124937+09:00
20260729,09,津,5,20260729-09-05,4,4979,中野夢斗,30,愛知,53.0,B1,5.05,29.51,6.4,53.33,44,47.62,20,32.03,641,12,https://www1.mbrace.or.jp/od2/B/202607/b260729.lzh,2026-10-03T18:29:17.124937+09:00
20260729,09,津,5,20260729-09-05,5,4340,土性雅也,41,三重,54.0,B2,3.75,20.83,5.31,35.71,25,39.81,29,38.71,3 35,,https://www1.mbrace.or.jp/od2/B/202607/b260729.lzh,2026-10-03T18:29:17.124937+09:00
20260729,09,津,5,20260729-09-05,6,3752,宇土泰就,55,福岡,57.0,B1,4.28,17.35,0.0,0.0,63,30.43,73,33.33,5 56,,https://www1.mbrace.or.jp/od2/B/202607/b260729.lzh,2026-10-03T18:29:17.124937+09:00
20260729,09,津,6,20260729-09-06,1,3497,後藤浩,58,埼玉,51.0,B1,4.52,30.68,4.68,25.0,37,40.77,27,26.0,6 55,,https://www1.mbrace.or.jp/od2/B/202607/b260729.lzh,2026-10-03T18:29:17.124937+09:00
20260729,09,津,6,20260729-09-06,2,5074,大澤誠也,30,愛知,56.0,B1,4.35,23.4,3.58,15.79,23,31.3,21,33.33,4 1,,https://www1.mbrace.or.jp/od2/B/202607/b260729.lzh,2026-10-03T18:29:17.124937+09:00
20260729,09,津,6,20260729-09-06,3,3852,澤大介,53,三重,51.0,B1,4.52,22.22,5.37,32.33,43,25.86,31,38.24,161,1,https://www1.mbrace.or.jp/od2/B/202607/b260729.lzh,2026-10-03T18:29:17.124937+09:00
20260729,09,津,6,20260729-09-06,4,3654,武田光史,52,福井,52.0,A2,6.79,56.93,5.91,39.39,45,23.4,70,33.33,2 2,10,https://www1.mbrace.or.jp/od2/B/202607/b260729.lzh,2026-10-03T18:29:17.124937+09:00
20260729,09,津,6,20260729-09-06,5,4624,高田明,41,佐賀,52.0,A1,6.28,44.33,5.4,30.0,49,44.64,49,38.33,6 24,11,https://www1.mbrace.or.jp/od2/B/202607/b260729.lzh,2026-10-03T18:29:17.124937+09:00
20260729,09,津,6,20260729-09-06,6,4364,池永太,41,福岡,55.0,A1,5.81,34.41,7.28,50.0,70,31.11,41,19.42,156,12,https://www1.mbrace.or.jp/od2/B/202607/b260729.lzh,2026-10-03T18:29:17.124937+09:00
20260729,09,津,7,20260729-09-07,1,3708,岡部貴司,52,岡山,58.0,B1,5.13,29.55,4.7,25.0,29,29.63,71,23.75,3 6,,https://www1.mbrace.or.jp/od2/B/202607/b260729.lzh,2026-10-03T18:29:17.124937+09:00
20260729,09,津,7,20260729-09-07,2,4023,柴田友和,48,福岡,53.0,B1,4.0,19.57,3.33,8.33,46,33.58,17,34.15,562,3,https://www1.mbrace.or.jp/od2/B/202607/b260729.lzh,2026-10-03T18:29:17.124937+09:00
20260729,09,津,7,20260729-09-07,3,4925,森悠稀,33,兵庫,54.0,A2,5.72,33.0,5.78,38.89,31,39.34,25,33.33,3 2,,https://www1.mbrace.or.jp/od2/B/202607/b260729.lzh,2026-10-03T18:29:17.124937+09:00
20260729,09,津,7,20260729-09-07,4,4487,三原司,40,福岡,53.0,B1,4.85,24.72,5.0,14.29,40,44.17,66,33.03,156,2,https://www1.mbrace.or.jp/od2/B/202607/b260729.lzh,2026-10-03T18:29:17.124937+09:00
20260729,09,津,7,20260729-09-07,5,4908,上田龍星,31,大阪,52.0,A1,7.0,46.02,7.16,54.84,57,24.42,38,35.2,435,11,https://www1.mbrace.or.jp/od2/B/202607/b260729.lzh,2026-10-03T18:29:17.124937+09:00
20260729,09,津,7,20260729-09-07,6,3874,山本寛久,50,岡山,52.0,A2,6.7,48.15,7.45,63.64,11,26.61,46,44.19,212,12,https://www1.mbrace.or.jp/od2/B/202607/b260729.lzh,2026-10-03T18:29:17.124937+09:00
20260729,09,津,8,20260729-09-08,1,4837,酒井陽祐,37,愛知,51.0,B1,4.79,31.76,3.97,23.53,38,38.94,34,40.54,3 3,,https://www1.mbrace.or.jp/od2/B/202607/b260729.lzh,2026-10-03T18:29:17.124937+09:00
20260729,09,津,8,20260729-09-08,2,4514,上條嘉嗣,36,大阪,53.0,A1,6.78,56.83,7.07,53.57,67,35.65,50,27.62,2 1,4,https://www1.mbrace.or.jp/od2/B/202607/b260729.lzh,2026-10-03T18:29:17.124937+09:00
20260729,09,津,8,20260729-09-08,3,3251,平石和男,60,埼玉,49.0,A2,5.9,40.71,6.3,55.0,33,31.25,28,40.0,5 43,,https://www1.mbrace.or.jp/od2/B/202607/b260729.lzh,2026-10-03T18:29:17.124937+09:00
20260729,09,津,8,20260729-09-08,4,3995,重野哲之,47,静岡,55.0,A2,6.29,47.37,7.32,48.0,71,27.87,63,33.33,514,,https://www1.mbrace.or.jp/od2/B/202607/b260729.lzh,2026-10-03T18:29:17.124937+09:00
20260729,09,津,8,20260729-09-08,5,5424,熊倉幹太,24,東京,54.0,B2,1.34,0.0,0.0,0.0,64,34.85,23,31.68,S 6,2,https://www1.mbrace.or.jp/od2/B/202607/b260729.lzh,2026-10-03T18:29:17.124937+09:00
20260729,09,津,8,20260729-09-08,6,3952,中澤和志,50,埼玉,52.0,A1,6.81,50.0,6.88,56.25,59,30.6,26,35.65,221,,https://www1.mbrace.or.jp/od2/B/202607/b260729.lzh,2026-10-03T18:29:17.124937+09:00
20260729,09,津,9,20260729-09-09,1,4470,平田健之,39,三重,52.0,A2,6.54,48.0,6.15,46.26,12,19.47,62,32.0,4 2,,https://www1.mbrace.or.jp/od2/B/202607/b260729.lzh,2026-10-03T18:29:17.124937+09:00
20260729,09,津,9,20260729-09-09,2,4491,田中堅,39,群馬,53.0,B1,4.21,22.22,5.11,21.05,61,30.65,12,30.58,453,2,https://www1.mbrace.or.jp/od2/B/202607/b260729.lzh,2026-10-03T18:29:17.124937+09:00
20260729,09,津,9,20260729-09-09,3,4953,尾上雅也,31,埼玉,54.0,A1,6.63,51.52,7.44,64.0,55,32.2,67,34.17,114,5,https://www1.mbrace.or.jp/od2/B/202607/b260729.lzh,2026-10-03T18:29:17.124937+09:00
20260729,09,津,9,20260729-09-09,4,4543,重木輝彦,38,兵庫,54.0,A1,6.75,46.85,7.0,54.55,47,27.54,37,32.81,363,4,https://www1.mbrace.or.jp/od2/B/202607/b260729.lzh,2026-10-03T18:29:17.124937+09:00
20260729,09,津,9,20260729-09-09,5,3475,橋本久和,56,群馬,54.0,B1,5.24,33.33,5.97,41.67,18,34.29,14,23.08,236,3,https://www1.mbrace.or.jp/od2/B/202607/b260729.lzh,2026-10-03T18:29:17.124937+09:00
20260729,09,津,9,20260729-09-09,6,4793,金子萌,36,静岡,52.0,A2,6.63,50.4,4.75,29.17,52,34.19,36,32.29,5 63,,https://www1.mbrace.or.jp/od2/B/202607/b260729.lzh,2026-10-03T18:29:17.124937+09:00
20260729,09,津,10,20260729-09-10,1,3654,武田光史,52,福井,52.0,A2,6.79,56.93,5.91,39.39,45,23.4,70,33.33,2 2,6,https://www1.mbrace.or.jp/od2/B/202607/b260729.lzh,2026-10-03T18:29:17.124937+09:00
20260729,09,津,10,20260729-09-10,2,4155,長野壮志,45,福岡,57.0,A2,6.14,46.28,0.0,0.0,15,35.78,55,25.69,252,3,https://www1.mbrace.or.jp/od2/B/202607/b260729.lzh,2026-10-03T18:29:17.124937+09:00
20260729,09,津,10,20260729-09-10,3,4663,籾山佳岳,43,愛知,51.0,B2,5.6,36.76,5.74,31.58,26,27.72,51,27.27,163,2,https://www1.mbrace.or.jp/od2/B/202607/b260729.lzh,2026-10-03T18:29:17.124937+09:00
20260729,09,津,10,20260729-09-10,4,4500,山田康二,38,佐賀,54.0,A1,7.65,51.64,7.5,38.89,72,33.56,57,37.5,1131,,https://www1.mbrace.or.jp/od2/B/202607/b260729.lzh,2026-10-03T18:29:17.124937+09:00
20260729,09,津,10,20260729-09-10,5,4311,岡村仁,42,大阪,59.0,A1,6.62,49.55,6.85,61.54,21,40.52,56,42.37,244,1,https://www1.mbrace.or.jp/od2/B/202607/b260729.lzh,2026-10-03T18:29:17.124937+09:00
20260729,09,津,10,20260729-09-10,6,3663,木山和幸,56,広島,50.0,B1,5.37,36.29,4.06,12.5,53,33.93,74,36.44,634,5,https://www1.mbrace.or.jp/od2/B/202607/b260729.lzh,2026-10-03T18:29:17.124937+09:00
20260729,09,津,11,20260729-09-11,1,4908,上田龍星,31,大阪,52.0,A1,7.0,46.02,7.16,54.84,57,24.42,38,35.2,435,7,https://www1.mbrace.or.jp/od2/B/202607/b260729.lzh,2026-10-03T18:29:17.124937+09:00
20260729,09,津,11,20260729-09-11,2,4811,向井田佑,37,広島,51.0,B1,4.9,28.07,4.21,20.83,50,34.59,69,33.88,416,4,https://www1.mbrace.or.jp/od2/B/202607/b260729.lzh,2026-10-03T18:29:17.124937+09:00
20260729,09,津,11,20260729-09-11,3,3905,天野友和,48,愛知,54.0,A2,6.14,45.97,6.25,40.63,22,41.61,58,25.0,424,5,https://www1.mbrace.or.jp/od2/B/202607/b260729.lzh,2026-10-03T18:29:17.124937+09:00
20260729,09,津,11,20260729-09-11,4,4624,高田明,41,佐賀,52.0,A1,6.28,44.33,5.4,30.0,49,44.64,49,38.33,6 24,6,https://www1.mbrace.or.jp/od2/B/202607/b260729.lzh,2026-10-03T18:29:17.124937+09:00
20260729,09,津,11,20260729-09-11,5,4434,田中辰彦,40,広島,54.0,A2,6.09,46.73,6.29,47.06,62,30.47,64,25.0,3 1,3,https://www1.mbrace.or.jp/od2/B/202607/b260729.lzh,2026-10-03T18:29:17.124937+09:00
20260729,09,津,11,20260729-09-11,6,4113,木村浩士,45,群馬,56.0,B1,4.61,22.58,6.31,43.75,54,27.08,68,25.81,236,1,https://www1.mbrace.or.jp/od2/B/202607/b260729.lzh,2026-10-03T18:29:17.124937+09:00
20260729,09,津,12,20260729-09-12,1,4074,柳沢一,45,愛知,52.0,A1,6.64,51.11,5.4,26.67,39,43.9,48,26.85,341,3,https://www1.mbrace.or.jp/od2/B/202607/b260729.lzh,2026-10-03T18:29:17.124937+09:00
20260729,09,津,12,20260729-09-12,2,3874,山本寛久,50,岡山,52.0,A2,6.7,48.15,7.45,63.64,11,26.61,46,44.19,212,7,https://www1.mbrace.or.jp/od2/B/202607/b260729.lzh,2026-10-03T18:29:17.124937+09:00
20260729,09,津,12,20260729-09-12,3,4364,池永太,41,福岡,55.0,A1,5.81,34.41,7.28,50.0,70,31.11,41,19.42,156,6,https://www1.mbrace.or.jp/od2/B/202607/b260729.lzh,2026-10-03T18:29:17.124937+09:00
20260729,09,津,12,20260729-09-12,4,4723,寺島吉彦,40,東京,50.0,B1,4.68,30.67,3.39,16.13,13,34.58,16,40.94,324,1,https://www1.mbrace.or.jp/od2/B/202607/b260729.lzh,2026-10-03T18:29:17.124937+09:00
20260729,09,津,12,20260729-09-12,5,4979,中野夢斗,30,愛知,53.0,B1,5.05,29.51,6.4,53.33,44,47.62,20,32.03,641,5,https://www1.mbrace.or.jp/od2/B/202607/b260729.lzh,2026-10-03T18:29:17.124937+09:00
20260729,09,津,12,20260729-09-12,6,4700,金子和之,39,埼玉,54.0,A2,5.84,39.37,7.0,42.11,35,35.83,18,39.22,422,4,https://www1.mbrace.or.jp/od2/B/202607/b260729.lzh,2026-10-03T18:29:17.124937+09:00
20260729,04,平和島,1,20260729-04-01,1,5165,小林愛実,26,岡山,47.0,B1,3.76,16.85,5.25,25.0,11,44.83,75,31.82,3 25531,10,https://www1.mbrace.or.jp/od2/B/202607/b260729.lzh,2026-10-03T18:29:17.124937+09:00
20260729,04,平和島,1,20260729-04-01,2,4853,前原哉,31,岡山,45.0,B1,4.69,22.5,4.75,25.0,37,33.33,74,39.13,315 454,6,https://www1.mbrace.or.jp/od2/B/202607/b260729.lzh,2026-10-03T18:29:17.124937+09:00
20260729,04,平和島,1,20260729-04-01,3,4891,寺島美里,36,東京,47.0,B1,5.0,26.92,4.26,21.05,67,22.73,63,39.13,514 263,7,https://www1.mbrace.or.jp/od2/B/202607/b260729.lzh,2026-10-03T18:29:17.124937+09:00
20260729,04,平和島,1,20260729-04-01,4,4443,津田裕絵,39,山口,51.0,B1,5.61,37.98,4.71,28.57,21,29.17,69,41.67,524 262,8,https://www1.mbrace.or.jp/od2/B/202607/b260729.lzh,2026-10-03T18:29:17.124937+09:00
20260729,04,平和島,1,20260729-04-01,5,4225,土屋千明,44,群馬,45.0,A2,6.4,45.33,6.64,55.56,19,48.0,58,13.64,4 4443S1,9,https://www1.mbrace.or.jp/od2/B/202607/b260729.lzh,2026-10-03T18:29:17.124937+09:00
20260729,04,平和島,1,20260729-04-01,6,5436,市川瑚幸,21,東京,47.0,B2,1.28,0.0,1.27,0.0,15,39.13,40,19.05,6 366 55,,https://www1.mbrace.or.jp/od2/B/202607/b260729.lzh,2026-10-03T18:29:17.124937+09:00
20260729,04,平和島,2,20260729-04-02,1,4689,豊田結,33,静岡,54.0,B1,5.15,31.91,5.93,41.38,52,40.0,10,32.26,4 124354,8,https://www1.mbrace.or.jp/od2/B/202607/b260729.lzh,2026-10-03T18:29:17.124937+09:00
20260729,04,平和島,2,20260729-04-02,2,5361,植竹玲奈,19,東京,49.0,B1,2.53,2.94,1.96,1.96,54,27.27,49,13.64,3 624 25,9,https://www1.mbrace.or.jp/od2/B/202607/b260729.lzh,2026-10-03T18:29:17.124937+09:00
20260729,04,平和島,2,20260729-04-02,3,5241,門田栞,26,香川,48.0,B1,5.11,29.25,5.08,32.0,40,56.52,60,40.91,461 1143,10,https://www1.mbrace.or.jp/od2/B/202607/b260729.lzh,2026-10-03T18:29:17.124937+09:00
20260729,04,平和島,2,20260729-04-02,4,5324,畑田希咲,23,兵庫,49.0,B1,2.36,1.69,0.0,0.0,68,41.38,44,47.83,5 554 43,,https://www1.mbrace.or.jp/od2/B/202607/b260729.lzh,2026-10-03T18:29:17.124937+09:00
20260729,04,平和島,2,20260729-04-02,5,4286,平田さや,42,東京,48.0,A2,6.02,42.65,5.39,34.15,29,54.17,61,30.43,325 15S2,8,https://www1.mbrace.or.jp/od2/B/202607/b260729.lzh,2026-10-03T18:29:17.124937+09:00
20260729,04,平和島,2,20260729-04-02,6,5380,野田亜湖,21,徳島,51.0,B2,1.24,0.0,1.17,0.0,35,23.81,17,40.0,6 666 66,,https://www1.mbrace.or.jp/od2/B/202607/b260729.lzh,2026-10-03T18:29:17.124937+09:00
20260729,04,平和島,3,20260729-04-03,1,5317,長尾萌加,25,岡山,46.0,B1,4.86,24.32,4.64,9.09,20,16.0,62,30.77,445 3 13,8,https://www1.mbrace.or.jp/od2/B/202607/b260729.lzh,2026-10-03T18:29:17.124937+09:00
20260729,04,平和島,3,20260729-04-03,2,5326,三嶌さら,22,香川,47.0,B1,5.19,32.31,1.29,0.0,73,39.13,51,42.31,4 26154,9,https://www1.mbrace.or.jp/od2/B/202607/b260729.lzh,2026-10-03T18:29:17.124937+09:00
20260729,04,平和島,3,20260729-04-03,3,5194,大久保佑,24,埼玉,43.0,B1,4.22,25.61,3.57,16.22,71,22.73,50,18.18,1 43541,12,https://www1.mbrace.or.jp/od2/B/202607/b260729.lzh,2026-10-03T18:29:17.124937+09:00
20260729,04,平和島,3,20260729-04-03,4,4746,大豆生蒼,31,埼玉,48.0,B1,5.42,32.05,6.23,48.39,30,50.0,11,16.67,2 131426,10,https://www1.mbrace.or.jp/od2/B/202607/b260729.lzh,2026-10-03T18:29:17.124937+09:00
20260729,04,平和島,3,20260729-04-03,5,4190,長嶋万記,45,静岡,49.0,B2,6.85,46.81,5.22,27.78,12,61.29,70,40.91,232 3211,11,https://www1.mbrace.or.jp/od2/B/202607/b260729.lzh,2026-10-03T18:29:17.124937+09:00
20260729,04,平和島,3,20260729-04-03,6,4825,倉持莉々,32,東京,47.0,A1,6.79,47.93,5.84,44.9,50,47.83,57,36.36,1134121,10,https://www1.mbrace.or.jp/od2/B/202607/b260729.lzh,2026-10-03T18:29:17.124937+09:00
20260729,04,平和島,4,20260729-04-04,1,4244,鈴木成美,39,静岡,44.0,B2,4.03,28.57,5.19,33.33,25,26.09,38,60.87,1 234545,9,https://www1.mbrace.or.jp/od2/B/202607/b260729.lzh,2026-10-03T18:29:17.124937+09:00
20260729,04,平和島,4,20260729-04-04,2,4464,山下友貴,40,静岡,43.0,A1,6.12,41.07,4.9,34.48,65,28.0,59,27.27,25124 56,10,https://www1.mbrace.or.jp/od2/B/202607/b260729.lzh,2026-10-03T18:29:17.124937+09:00
20260729,04,平和島,4,20260729-04-04,3,4680,後藤美翼,36,東京,45.0,A2,5.37,33.64,5.56,40.0,61,48.28,48,9.52,63144 22,11,https://www1.mbrace.or.jp/od2/B/202607/b260729.lzh,2026-10-03T18:29:17.124937+09:00
20260729,04,平和島,4,20260729-04-04,4,5231,寺田空詩,22,山口,44.0,B1,6.48,46.84,4.0,18.75,55,32.0,18,29.41,4 213134,12,https://www1.mbrace.or.jp/od2/B/202607/b260729.lzh,2026-10-03T18:29:17.124937+09:00
20260729,04,平和島,4,20260729-04-04,5,5251,沼田七華,23,福井,51.0,B2,2.12,0.0,1.76,0.0,51,38.1,15,33.33,631 554,9,https://www1.mbrace.or.jp/od2/B/202607/b260729.lzh,2026-10-03T18:29:17.124937+09:00
20260729,04,平和島,4,20260729-04-04,6,5347,井澤聖奈,22,愛知,46.0,B2,1.58,0.0,1.46,0.0,48,33.33,67,43.48,6 654 66,,https://www1.mbrace.or.jp/od2/B/202607/b260729.lzh,2026-10-03T18:29:17.124937+09:00
20260729,04,平和島,5,20260729-04-05,1,4765,野田部宏,36,福岡,51.0,B1,4.5,24.32,4.36,18.18,38,50.0,39,45.83,4 312 45,11,https://www1.mbrace.or.jp/od2/B/202607/b260729.lzh,2026-10-03T18:29:17.124937+09:00
20260729,04,平和島,5,20260729-04-05,2,5174,川井萌,24,静岡,46.0,B2,5.37,28.05,6.41,47.06,47,40.91,19,33.33,5 412 33,12,https://www1.mbrace.or.jp/od2/B/202607/b260729.lzh,2026-10-03T18:29:17.124937+09:00
20260729,04,平和島,5,20260729-04-05,3,4893,渡邉真奈,35,東京,47.0,B1,4.97,29.35,4.93,29.55,31,30.43,46,31.82,654 3 22,,https://www1.mbrace.or.jp/od2/B/202607/b260729.lzh,2026-10-03T18:29:17.124937+09:00
20260729,04,平和島,5,20260729-04-05,4,4627,藤原菜希,40,東京,49.0,A2,6.53,51.61,6.39,50.0,33,40.0,71,37.5,6 121334,11,https://www1.mbrace.or.jp/od2/B/202607/b260729.lzh,2026-10-03T18:29:17.124937+09:00
20260729,04,平和島,5,20260729-04-05,5,4208,三浦永理,43,静岡,46.0,A1,7.05,55.88,7.45,60.0,74,15.38,55,32.0,2 323121,10,https://www1.mbrace.or.jp/od2/B/202607/b260729.lzh,2026-10-03T18:29:17.124937+09:00
20260729,04,平和島,5,20260729-04-05,6,5389,恵良琴美,19,福岡,41.0,B1,2.24,0.0,0.0,0.0,66,29.17,66,18.18,3 35664,,https://www1.mbrace.or.jp/od2/B/202607/b260729.lzh,2026-10-03T18:29:17.124937+09:00
20260729,04,平和島,6,20260729-04-06,1,4419,原加央理,38,埼玉,46.0,A2,5.77,38.04,5.53,42.11,23,39.13,45,40.91,216 2234,12,https://www1.mbrace.or.jp/od2/B/202607/b260729.lzh,2026-10-03T18:29:17.124937+09:00
20260729,04,平和島,6,20260729-04-06,2,4546,浜田亜理,38,埼玉,46.0,B1,7.03,54.95,6.42,46.15,18,31.82,68,30.43,254 232,11,https://www1.mbrace.or.jp/od2/B/202607/b260729.lzh,2026-10-03T18:29:17.124937+09:00
20260729,04,平和島,6,20260729-04-06,3,4714,喜多須杏,35,徳島,48.0,B1,5.03,25.58,5.41,45.45,63,27.27,54,30.43,3 465 53,,https://www1.mbrace.or.jp/od2/B/202607/b260729.lzh,2026-10-03T18:29:17.124937+09:00
20260729,04,平和島,6,20260729-04-06,4,5314,中曽瑠華,25,東京,52.0,B1,3.42,12.99,1.73,3.03,56,26.32,37,45.83,555 5 66,,https://www1.mbrace.or.jp/od2/B/202607/b260729.lzh,2026-10-03T18:29:17.124937+09:00
20260729,04,平和島,6,20260729-04-06,5,4853,前原哉,31,岡山,45.0,B1,4.69,22.5,4.75,25.0,37,33.33,74,39.13,315 454,1,https://www1.mbrace.or.jp/od2/B/202607/b260729.lzh,2026-10-03T18:29:17.124937+09:00
20260729,04,平和島,6,20260729-04-06,6,4961,西橋奈未,30,福井,47.0,A1,6.37,41.59,0.0,0.0,14,21.74,52,39.13,22112 12,11,https://www1.mbrace.or.jp/od2/B/202607/b260729.lzh,2026-10-03T18:29:17.124937+09:00
20260729,04,平和島,7,20260729-04-07,1,4891,寺島美里,36,東京,47.0,B1,5.0,26.92,4.26,21.05,67,22.73,63,39.13,514 263,1,https://www1.mbrace.or.jp/od2/B/202607/b260729.lzh,2026-10-03T18:29:17.124937+09:00
20260729,04,平和島,7,20260729-04-07,2,5322,根岸真優,24,埼玉,44.0,B1,2.99,10.87,1.76,0.0,43,50.0,65,40.91,535 5 15,,https://www1.mbrace.or.jp/od2/B/202607/b260729.lzh,2026-10-03T18:29:17.124937+09:00
20260729,04,平和島,7,20260729-04-07,3,5265,大廣咲季,26,香川,46.0,B1,3.69,13.83,3.37,21.05,32,22.73,56,23.53,566 2 55,,https://www1.mbrace.or.jp/od2/B/202607/b260729.lzh,2026-10-03T18:29:17.124937+09:00
20260729,04,平和島,7,20260729-04-07,4,5362,中嶋世奈,19,静岡,50.0,B2,2.53,4.94,1.64,0.0,27,51.85,47,18.18,446 1 66,,https://www1.mbrace.or.jp/od2/B/202607/b260729.lzh,2026-10-03T18:29:17.124937+09:00
20260729,04,平和島,7,20260729-04-07,5,4117,廣中智紗,45,東京,45.0,A2,5.96,46.09,5.92,36.36,58,48.0,43,37.5,1 333231,12,https://www1.mbrace.or.jp/od2/B/202607/b260729.lzh,2026-10-03T18:29:17.124937+09:00
20260729,04,平和島,7,20260729-04-07,6,4123,細川裕子,44,愛知,47.0,A1,6.57,48.94,5.75,42.86,60,50.0,53,36.36,1124111,12,https://www1.mbrace.or.jp/od2/B/202607/b260729.lzh,2026-10-03T18:29:17.124937+09:00
20260729,04,平和島,8,20260729-04-08,1,4286,平田さや,42,東京,48.0,A2,6.02,42.65,5.39,34.15,29,54.17,61,30.43,325 15S2,2,https://www1.mbrace.or.jp/od2/B/202607/b260729.lzh,2026-10-03T18:29:17.124937+09:00
20260729,04,平和島,8,20260729-04-08,2,4443,津田裕絵,39,山口,51.0,B1,5.61,37.98,4.71,28.57,21,29.17,69,41.67,524 262,1,https://www1.mbrace.or.jp/od2/B/202607/b260729.lzh,2026-10-03T18:29:17.124937+09:00
20260729,04,平和島,8,20260729-04-08,3,5317,長尾萌加,25,岡山,46.0,B1,4.86,24.32,4.64,9.09,20,16.0,62,30.77,445 3 13,3,https://www1.mbrace.or.jp/od2/B/202607/b260729.lzh,2026-10-03T18:29:17.124937+09:00
20260729,04,平和島,8,20260729-04-08,4,5203,神里琴音,22,福岡,42.0,B1,5.54,33.33,3.57,9.52,75,20.83,16,40.74,423 S43,,https://www1.mbrace.or.jp/od2/B/202607/b260729.lzh,2026-10-03T18:29:17.124937+09:00
20260729,04,平和島,8,20260729-04-08,5,4689,豊田結,33,静岡,54.0,B1,5.15,31.91,5.93,41.38,52,40.0,10,32.26,4 124354,2,https://www1.mbrace.or.jp/od2/B/202607/b260729.lzh,2026-10-03T18:29:17.124937+09:00
20260729,04,平和島,8,20260729-04-08,6,4569,中澤宏奈,38,東京,47.0,B1,4.88,31.86,5.2,33.33,36,42.86,72,27.27,13F 3 2,,https://www1.mbrace.or.jp/od2/B/202607/b260729.lzh,2026-10-03T18:29:17.124937+09:00
20260729,04,平和島,9,20260729-04-09,1,4225,土屋千明,44,群馬,45.0,A2,6.4,45.33,6.64,55.56,19,48.0,58,13.64,4 4443S1,1,https://www1.mbrace.or.jp/od2/B/202607/b260729.lzh,2026-10-03T18:29:17.124937+09:00
20260729,04,平和島,9,20260729-04-09,2,5251,沼田七華,23,福井,51.0,B2,2.12,0.0,1.76,0.0,51,38.1,15,33.33,631 554,4,https://www1.mbrace.or.jp/od2/B/202607/b260729.lzh,2026-10-03T18:29:17.124937+09:00
20260729,04,平和島,9,20260729-04-09,3,4244,鈴木成美,39,静岡,44.0,B2,4.03,28.57,5.19,33.33,25,26.09,38,60.87,1 234545,4,https://www1.mbrace.or.jp/od2/B/202607/b260729.lzh,2026-10-03T18:29:17.124937+09:00
20260729,04,平和島,9,20260729-04-09,4,5361,植竹玲奈,19,東京,49.0,B1,2.53,2.94,1.96,1.96,54,27.27,49,13.64,3 624 25,2,https://www1.mbrace.or.jp/od2/B/202607/b260729.lzh,2026-10-03T18:29:17.124937+09:00
20260729,04,平和島,9,20260729-04-09,5,5326,三嶌さら,22,香川,47.0,B1,5.19,32.31,1.29,0.0,73,39.13,51,42.31,4 26154,3,https://www1.mbrace.or.jp/od2/B/202607/b260729.lzh,2026-10-03T18:29:17.124937+09:00
20260729,04,平和島,9,20260729-04-09,6,4845,前田紗希,33,埼玉,47.0,A1,7.48,64.2,6.23,61.54,22,23.81,12,28.57,52F36 5,,https://www1.mbrace.or.jp/od2/B/202607/b260729.lzh,2026-10-03T18:29:17.124937+09:00
20260729,04,平和島,10,20260729-04-10,1,4825,倉持莉々,32,東京,47.0,A1,6.79,47.93,5.84,44.9,50,47.83,57,36.36,1134121,3,https://www1.mbrace.or.jp/od2/B/202607/b260729.lzh,2026-10-03T18:29:17.124937+09:00
20260729,04,平和島,10,20260729-04-10,2,4208,三浦永理,43,静岡,46.0,A1,7.05,55.88,7.45,60.0,74,15.38,55,32.0,2 323121,5,https://www1.mbrace.or.jp/od2/B/202607/b260729.lzh,2026-10-03T18:29:17.124937+09:00
20260729,04,平和島,10,20260729-04-10,3,4746,大豆生蒼,31,埼玉,48.0,B1,5.42,32.05,6.23,48.39,30,50.0,11,16.67,2 131426,3,https://www1.mbrace.or.jp/od2/B/202607/b260729.lzh,2026-10-03T18:29:17.124937+09:00
20260729,04,平和島,10,20260729-04-10,4,5241,門田栞,26,香川,48.0,B1,5.11,29.25,5.08,32.0,40,56.52,60,40.91,461 1143,2,https://www1.mbrace.or.jp/od2/B/202607/b260729.lzh,2026-10-03T18:29:17.124937+09:00
20260729,04,平和島,10,20260729-04-10,5,4464,山下友貴,40,静岡,43.0,A1,6.12,41.07,4.9,34.48,65,28.0,59,27.27,25124 56,4,https://www1.mbrace.or.jp/od2/B/202607/b260729.lzh,2026-10-03T18:29:17.124937+09:00
20260729,04,平和島,10,20260729-04-10,6,5165,小林愛実,26,岡山,47.0,B1,3.76,16.85,5.25,25.0,11,44.83,75,31.82,3 25531,1,https://www1.mbrace.or.jp/od2/B/202607/b260729.lzh,2026-10-03T18:29:17.124937+09:00
20260729,04,平和島,11,20260729-04-11,1,4961,西橋奈未,30,福井,47.0,A1,6.37,41.59,0.0,0.0,14,21.74,52,39.13,22112 12,6,https://www1.mbrace.or.jp/od2/B/202607/b260729.lzh,2026-10-03T18:29:17.124937+09:00
20260729,04,平和島,11,20260729-04-11,2,4190,長嶋万記,45,静岡,49.0,B2,6.85,46.81,5.22,27.78,12,61.29,70,40.91,232 3211,3,https://www1.mbrace.or.jp/od2/B/202607/b260729.lzh,2026-10-03T18:29:17.124937+09:00
20260729,04,平和島,11,20260729-04-11,3,4627,藤原菜希,40,東京,49.0,A2,6.53,51.61,6.39,50.0,33,40.0,71,37.5,6 121334,5,https://www1.mbrace.or.jp/od2/B/202607/b260729.lzh,2026-10-03T18:29:17.124937+09:00
20260729,04,平和島,11,20260729-04-11,4,4680,後藤美翼,36,東京,45.0,A2,5.37,33.64,5.56,40.0,61,48.28,48,9.52,63144 22,4,https://www1.mbrace.or.jp/od2/B/202607/b260729.lzh,2026-10-03T18:29:17.124937+09:00
20260729,04,平和島,11,20260729-04-11,5,4546,浜田亜理,38,埼玉,46.0,B1,7.03,54.95,6.42,46.15,18,31.82,68,30.43,254 232,6,https://www1.mbrace.or.jp/od2/B/202607/b260729.lzh,2026-10-03T18:29:17.124937+09:00
20260729,04,平和島,11,20260729-04-11,6,4765,野田部宏,36,福岡,51.0,B1,4.5,24.32,4.36,18.18,38,50.0,39,45.83,4 312 45,5,https://www1.mbrace.or.jp/od2/B/202607/b260729.lzh,2026-10-03T18:29:17.124937+09:00
20260729,04,平和島,12,20260729-04-12,1,4123,細川裕子,44,愛知,47.0,A1,6.57,48.94,5.75,42.86,60,50.0,53,36.36,1124111,7,https://www1.mbrace.or.jp/od2/B/202607/b260729.lzh,2026-10-03T18:29:17.124937+09:00
20260729,04,平和島,12,20260729-04-12,2,4117,廣中智紗,45,東京,45.0,A2,5.96,46.09,5.92,36.36,58,48.0,43,37.5,1 333231,7,https://www1.mbrace.or.jp/od2/B/202607/b260729.lzh,2026-10-03T18:29:17.124937+09:00
20260729,04,平和島,12,20260729-04-12,3,5231,寺田空詩,22,山口,44.0,B1,6.48,46.84,4.0,18.75,55,32.0,18,29.41,4 213134,4,https://www1.mbrace.or.jp/od2/B/202607/b260729.lzh,2026-10-03T18:29:17.124937+09:00
20260729,04,平和島,12,20260729-04-12,4,5194,大久保佑,24,埼玉,43.0,B1,4.22,25.61,3.57,16.22,71,22.73,50,18.18,1 43541,3,https://www1.mbrace.or.jp/od2/B/202607/b260729.lzh,2026-10-03T18:29:17.124937+09:00
20260729,04,平和島,12,20260729-04-12,5,5174,川井萌,24,静岡,46.0,B2,5.37,28.05,6.41,47.06,47,40.91,19,33.33,5 412 33,5,https://www1.mbrace.or.jp/od2/B/202607/b260729.lzh,2026-10-03T18:29:17.124937+09:00
20260729,04,平和島,12,20260729-04-12,6,4419,原加央理,38,埼玉,46.0,A2,5.77,38.04,5.53,42.11,23,39.13,45,40.91,216 2234,6,https://www1.mbrace.or.jp/od2/B/202607/b260729.lzh,2026-10-03T18:29:17.124937+09:00
