date,venue_code,venue_name,race,race_id,boat,registration_no,racer_name,age,branch,weight_kg,grade,national_win_rate,national_top2_rate,local_win_rate,local_top2_rate,motor_no,motor_top2_rate,boat_no,boat_top2_rate,series_results_raw,early_race_raw,source_url,collected_at
20260922,22,福岡,1,20260922-22-01,1,4826,井上一輝,32,大阪,52.0,A1,7.04,52.46,6.2,46.0,75,28.57,121,36.04,,12,https://www1.mbrace.or.jp/od2/B/202609/b260922.lzh,2026-10-03T18:38:10.415622+09:00
20260922,22,福岡,1,20260922-22-01,2,3643,米田隆弘,54,岡山,54.0,B1,5.14,27.78,5.61,29.03,57,32.56,110,40.38,,7,https://www1.mbrace.or.jp/od2/B/202609/b260922.lzh,2026-10-03T18:38:10.415622+09:00
20260922,22,福岡,1,20260922-22-01,3,4623,中北将史,41,三重,53.0,B1,5.18,35.45,3.95,15.0,37,29.27,145,50.89,,6,https://www1.mbrace.or.jp/od2/B/202609/b260922.lzh,2026-10-03T18:38:10.415622+09:00
20260922,22,福岡,1,20260922-22-01,4,5253,藤井太雅,23,東京,55.0,B2,3.96,12.5,1.57,0.0,53,25.74,167,44.25,,5,https://www1.mbrace.or.jp/od2/B/202609/b260922.lzh,2026-10-03T18:38:10.415622+09:00
20260922,22,福岡,1,20260922-22-01,5,4161,黒柳浩孝,44,愛知,56.0,B1,5.39,35.25,0.0,0.0,74,42.55,139,35.96,,9,https://www1.mbrace.or.jp/od2/B/202609/b260922.lzh,2026-10-03T18:38:10.415622+09:00
20260922,22,福岡,1,20260922-22-01,6,4947,間庭菜摘,34,福岡,47.0,B1,4.81,21.79,4.59,21.62,23,41.27,118,31.19,,8,https://www1.mbrace.or.jp/od2/B/202609/b260922.lzh,2026-10-03T18:38:10.415622+09:00
20260922,22,福岡,2,20260922-22-02,1,4257,古川健,42,広島,52.0,B1,5.14,33.33,5.22,44.44,56,35.04,126,37.5,,6,https://www1.mbrace.or.jp/od2/B/202609/b260922.lzh,2026-10-03T18:38:10.415622+09:00
20260922,22,福岡,2,20260922-22-02,2,4063,市橋卓士,47,徳島,53.0,A1,6.18,40.77,0.0,0.0,68,39.55,103,22.64,,11,https://www1.mbrace.or.jp/od2/B/202609/b260922.lzh,2026-10-03T18:38:10.415622+09:00
20260922,22,福岡,2,20260922-22-02,3,4607,鶴田勇雄,37,福岡,52.0,A2,5.73,39.06,5.43,37.84,17,26.12,106,24.78,,10,https://www1.mbrace.or.jp/od2/B/202609/b260922.lzh,2026-10-03T18:38:10.415622+09:00
20260922,22,福岡,2,20260922-22-02,4,5013,山下夏鈴,29,三重,47.0,B1,5.52,36.56,4.45,20.69,64,25.49,109,40.0,,7,https://www1.mbrace.or.jp/od2/B/202609/b260922.lzh,2026-10-03T18:38:10.415622+09:00
20260922,22,福岡,2,20260922-22-02,5,3664,鈴木賢一,56,埼玉,55.0,B1,4.64,29.87,4.33,23.81,63,31.62,148,33.63,,8,https://www1.mbrace.or.jp/od2/B/202609/b260922.lzh,2026-10-03T18:38:10.415622+09:00
20260922,22,福岡,2,20260922-22-02,6,5459,田中きら,20,山口,44.0,B2,1.07,0.0,0.0,0.0,48,24.0,127,40.0,,,https://www1.mbrace.or.jp/od2/B/202609/b260922.lzh,2026-10-03T18:38:10.415622+09:00
20260922,22,福岡,3,20260922-22-03,1,4691,水原慎,43,徳島,50.0,B1,3.38,15.38,3.6,8.0,54,32.59,162,40.19,,,https://www1.mbrace.or.jp/od2/B/202609/b260922.lzh,2026-10-03T18:38:10.415622+09:00
20260922,22,福岡,3,20260922-22-03,2,4764,小池礼乃,36,福岡,46.0,B1,5.27,37.14,5.25,30.0,66,28.57,136,33.33,,11,https://www1.mbrace.or.jp/od2/B/202609/b260922.lzh,2026-10-03T18:38:10.415622+09:00
20260922,22,福岡,3,20260922-22-03,3,4024,井口佳典,49,三重,52.0,A1,6.68,42.37,7.04,42.31,61,35.29,142,30.09,,12,https://www1.mbrace.or.jp/od2/B/202609/b260922.lzh,2026-10-03T18:38:10.415622+09:00
20260922,22,福岡,3,20260922-22-03,4,4649,和田操拓,42,滋賀,52.0,B1,5.72,41.73,3.12,5.88,38,23.2,129,33.33,,8,https://www1.mbrace.or.jp/od2/B/202609/b260922.lzh,2026-10-03T18:38:10.415622+09:00
20260922,22,福岡,3,20260922-22-03,5,5063,大塚雅治,28,東京,54.0,B1,4.91,26.88,5.14,24.14,29,30.63,112,30.97,,,https://www1.mbrace.or.jp/od2/B/202609/b260922.lzh,2026-10-03T18:38:10.415622+09:00
20260922,22,福岡,3,20260922-22-03,6,3866,木山誠一,51,岡山,54.0,B1,4.34,25.0,0.0,0.0,47,20.35,130,42.61,,,https://www1.mbrace.or.jp/od2/B/202609/b260922.lzh,2026-10-03T18:38:10.415622+09:00
20260922,22,福岡,4,20260922-22-04,1,5276,大島隆乃,24,福岡,52.0,B1,4.9,25.0,4.68,22.58,22,33.56,108,32.74,,,https://www1.mbrace.or.jp/od2/B/202609/b260922.lzh,2026-10-03T18:38:10.415622+09:00
20260922,22,福岡,4,20260922-22-04,2,4066,東本勝利,46,三重,54.0,A2,6.12,42.11,0.0,0.0,11,35.04,115,37.38,,9,https://www1.mbrace.or.jp/od2/B/202609/b260922.lzh,2026-10-03T18:38:10.415622+09:00
20260922,22,福岡,4,20260922-22-04,3,3303,渡辺豊,59,東京,54.0,B1,4.33,18.97,6.18,36.36,19,32.79,124,31.18,,10,https://www1.mbrace.or.jp/od2/B/202609/b260922.lzh,2026-10-03T18:38:10.415622+09:00
20260922,22,福岡,4,20260922-22-04,4,4254,川島圭司,43,滋賀,52.0,A2,6.13,42.59,6.06,48.39,20,34.35,113,20.18,,11,https://www1.mbrace.or.jp/od2/B/202609/b260922.lzh,2026-10-03T18:38:10.415622+09:00
20260922,22,福岡,4,20260922-22-04,5,4449,中嶋達也,39,兵庫,52.0,B1,3.84,20.83,3.56,6.25,69,26.74,131,21.15,,,https://www1.mbrace.or.jp/od2/B/202609/b260922.lzh,2026-10-03T18:38:10.415622+09:00
20260922,22,福岡,4,20260922-22-04,6,5447,岡本亜子,24,岡山,50.0,B2,1.09,0.0,0.0,0.0,60,23.21,125,33.63,,,https://www1.mbrace.or.jp/od2/B/202609/b260922.lzh,2026-10-03T18:38:10.415622+09:00
20260922,22,福岡,5,20260922-22-05,1,4181,花本夏樹,43,三重,55.0,B1,3.54,9.18,4.53,31.58,27,35.04,120,24.11,,,https://www1.mbrace.or.jp/od2/B/202609/b260922.lzh,2026-10-03T18:38:10.415622+09:00
20260922,22,福岡,5,20260922-22-05,2,5253,藤井太雅,23,東京,55.0,B2,3.96,12.5,1.57,0.0,53,25.74,167,44.25,,1,https://www1.mbrace.or.jp/od2/B/202609/b260922.lzh,2026-10-03T18:38:10.415622+09:00
20260922,22,福岡,5,20260922-22-05,3,4269,杉山裕也,41,愛知,54.0,A2,7.31,62.5,6.68,40.0,40,20.2,152,31.82,,11,https://www1.mbrace.or.jp/od2/B/202609/b260922.lzh,2026-10-03T18:38:10.415622+09:00
20260922,22,福岡,5,20260922-22-05,4,5085,中村栄治,27,福井,52.0,A2,5.14,33.33,5.28,27.78,45,27.27,140,35.4,,9,https://www1.mbrace.or.jp/od2/B/202609/b260922.lzh,2026-10-03T18:38:10.415622+09:00
20260922,22,福岡,5,20260922-22-05,5,4017,向井美鈴,46,山口,45.0,B1,5.6,36.46,6.05,42.11,14,40.5,137,33.01,,10,https://www1.mbrace.or.jp/od2/B/202609/b260922.lzh,2026-10-03T18:38:10.415622+09:00
20260922,22,福岡,5,20260922-22-05,6,5015,高橋竜矢,28,広島,52.0,A1,6.9,53.24,6.12,47.06,25,39.74,117,32.11,,12,https://www1.mbrace.or.jp/od2/B/202609/b260922.lzh,2026-10-03T18:38:10.415622+09:00
20260922,22,福岡,6,20260922-22-06,1,5180,藤本紗弥,28,山口,47.0,B2,4.66,24.62,2.67,11.11,16,46.97,102,23.53,,,https://www1.mbrace.or.jp/od2/B/202609/b260922.lzh,2026-10-03T18:38:10.415622+09:00
20260922,22,福岡,6,20260922-22-06,2,3300,川崎智幸,59,岡山,54.0,A2,5.74,40.0,6.32,54.84,46,24.24,170,31.82,,11,https://www1.mbrace.or.jp/od2/B/202609/b260922.lzh,2026-10-03T18:38:10.415622+09:00
20260922,22,福岡,6,20260922-22-06,3,4257,古川健,42,広島,52.0,B1,5.14,33.33,5.22,44.44,56,35.04,126,37.5,,2,https://www1.mbrace.or.jp/od2/B/202609/b260922.lzh,2026-10-03T18:38:10.415622+09:00
20260922,22,福岡,6,20260922-22-06,4,4656,大崎翔,39,兵庫,56.0,A2,4.84,31.37,3.67,11.11,50,28.68,141,36.7,,10,https://www1.mbrace.or.jp/od2/B/202609/b260922.lzh,2026-10-03T18:38:10.415622+09:00
20260922,22,福岡,6,20260922-22-06,5,4623,中北将史,41,三重,53.0,B1,5.18,35.45,3.95,15.0,37,29.27,145,50.89,,1,https://www1.mbrace.or.jp/od2/B/202609/b260922.lzh,2026-10-03T18:38:10.415622+09:00
20260922,22,福岡,6,20260922-22-06,6,4391,松田祐季,40,福井,51.0,A1,7.01,53.54,8.9,80.0,72,37.32,158,17.86,,12,https://www1.mbrace.or.jp/od2/B/202609/b260922.lzh,2026-10-03T18:38:10.415622+09:00
20260922,22,福岡,7,20260922-22-07,1,3629,浅見昌克,56,埼玉,52.0,A2,5.29,28.99,0.0,0.0,31,33.33,160,40.18,,11,https://www1.mbrace.or.jp/od2/B/202609/b260922.lzh,2026-10-03T18:38:10.415622+09:00
20260922,22,福岡,7,20260922-22-07,2,5261,岡暢祐,28,長崎,52.0,B1,4.35,21.52,4.32,28.57,30,35.0,107,27.38,,,https://www1.mbrace.or.jp/od2/B/202609/b260922.lzh,2026-10-03T18:38:10.415622+09:00
20260922,22,福岡,7,20260922-22-07,3,5302,秋末秦悟,23,大阪,53.0,B1,4.06,22.06,1.75,0.0,24,26.67,105,49.11,,,https://www1.mbrace.or.jp/od2/B/202609/b260922.lzh,2026-10-03T18:38:10.415622+09:00
20260922,22,福岡,7,20260922-22-07,4,4736,高倉和士,35,福岡,53.0,A1,7.2,57.81,6.29,43.59,21,38.85,132,36.04,,12,https://www1.mbrace.or.jp/od2/B/202609/b260922.lzh,2026-10-03T18:38:10.415622+09:00
20260922,22,福岡,7,20260922-22-07,5,3643,米田隆弘,54,岡山,54.0,B1,5.14,27.78,5.61,29.03,57,32.56,110,40.38,,1,https://www1.mbrace.or.jp/od2/B/202609/b260922.lzh,2026-10-03T18:38:10.415622+09:00
20260922,22,福岡,7,20260922-22-07,6,5013,山下夏鈴,29,三重,47.0,B1,5.52,36.56,4.45,20.69,64,25.49,109,40.0,,2,https://www1.mbrace.or.jp/od2/B/202609/b260922.lzh,2026-10-03T18:38:10.415622+09:00
20260922,22,福岡,8,20260922-22-08,1,3388,今垣光太,57,福井,52.0,A1,6.49,44.68,7.33,55.56,55,30.95,146,31.25,,12,https://www1.mbrace.or.jp/od2/B/202609/b260922.lzh,2026-10-03T18:38:10.415622+09:00
20260922,22,福岡,8,20260922-22-08,2,3664,鈴木賢一,56,埼玉,55.0,B1,4.64,29.87,4.33,23.81,63,31.62,148,33.63,,2,https://www1.mbrace.or.jp/od2/B/202609/b260922.lzh,2026-10-03T18:38:10.415622+09:00
20260922,22,福岡,8,20260922-22-08,3,4695,尾崎雄二,40,長崎,55.0,A2,5.23,34.62,5.38,28.57,35,27.12,168,42.2,,,https://www1.mbrace.or.jp/od2/B/202609/b260922.lzh,2026-10-03T18:38:10.415622+09:00
20260922,22,福岡,8,20260922-22-08,4,4947,間庭菜摘,34,福岡,47.0,B1,4.81,21.79,4.59,21.62,23,41.27,118,31.19,,1,https://www1.mbrace.or.jp/od2/B/202609/b260922.lzh,2026-10-03T18:38:10.415622+09:00
20260922,22,福岡,8,20260922-22-08,5,2878,富山弘幸,68,大阪,56.0,B1,5.53,32.26,5.59,42.59,42,14.56,111,30.7,,,https://www1.mbrace.or.jp/od2/B/202609/b260922.lzh,2026-10-03T18:38:10.415622+09:00
20260922,22,福岡,8,20260922-22-08,6,4649,和田操拓,42,滋賀,52.0,B1,5.72,41.73,3.12,5.88,38,23.2,129,33.33,,3,https://www1.mbrace.or.jp/od2/B/202609/b260922.lzh,2026-10-03T18:38:10.415622+09:00
20260922,22,福岡,9,20260922-22-09,1,4287,今井貴士,42,福岡,57.0,A2,6.41,47.01,6.31,50.0,73,31.54,165,30.09,,,https://www1.mbrace.or.jp/od2/B/202609/b260922.lzh,2026-10-03T18:38:10.415622+09:00
20260922,22,福岡,9,20260922-22-09,2,4161,黒柳浩孝,44,愛知,56.0,B1,5.39,35.25,0.0,0.0,74,42.55,139,35.96,,1,https://www1.mbrace.or.jp/od2/B/202609/b260922.lzh,2026-10-03T18:38:10.415622+09:00
20260922,22,福岡,9,20260922-22-09,3,5085,中村栄治,27,福井,52.0,A2,5.14,33.33,5.28,27.78,45,27.27,140,35.4,,5,https://www1.mbrace.or.jp/od2/B/202609/b260922.lzh,2026-10-03T18:38:10.415622+09:00
20260922,22,福岡,9,20260922-22-09,4,5134,大原祥昌,27,広島,53.0,A2,5.67,38.26,4.48,27.59,58,35.16,155,28.97,,,https://www1.mbrace.or.jp/od2/B/202609/b260922.lzh,2026-10-03T18:38:10.415622+09:00
20260922,22,福岡,9,20260922-22-09,5,4909,薮内瑞希,30,岡山,44.0,B1,4.87,33.71,4.8,33.33,41,23.58,101,32.14,,,https://www1.mbrace.or.jp/od2/B/202609/b260922.lzh,2026-10-03T18:38:10.415622+09:00
20260922,22,福岡,9,20260922-22-09,6,4066,東本勝利,46,三重,54.0,A2,6.12,42.11,0.0,0.0,11,35.04,115,37.38,,4,https://www1.mbrace.or.jp/od2/B/202609/b260922.lzh,2026-10-03T18:38:10.415622+09:00
20260922,22,福岡,10,20260922-22-10,1,3582,吉川昭男,53,滋賀,53.0,A2,6.38,49.55,6.66,52.27,70,32.37,134,37.61,,,https://www1.mbrace.or.jp/od2/B/202609/b260922.lzh,2026-10-03T18:38:10.415622+09:00
20260922,22,福岡,10,20260922-22-10,2,4017,向井美鈴,46,山口,45.0,B1,5.6,36.46,6.05,42.11,14,40.5,137,33.01,,5,https://www1.mbrace.or.jp/od2/B/202609/b260922.lzh,2026-10-03T18:38:10.415622+09:00
20260922,22,福岡,10,20260922-22-10,3,4656,大崎翔,39,兵庫,56.0,A2,4.84,31.37,3.67,11.11,50,28.68,141,36.7,,6,https://www1.mbrace.or.jp/od2/B/202609/b260922.lzh,2026-10-03T18:38:10.415622+09:00
20260922,22,福岡,10,20260922-22-10,4,4962,畑竜生,30,三重,52.0,A2,5.4,36.89,5.52,33.33,28,32.76,161,39.29,,,https://www1.mbrace.or.jp/od2/B/202609/b260922.lzh,2026-10-03T18:38:10.415622+09:00
20260922,22,福岡,10,20260922-22-10,5,3303,渡辺豊,59,東京,54.0,B1,4.33,18.97,6.18,36.36,19,32.79,124,31.18,,4,https://www1.mbrace.or.jp/od2/B/202609/b260922.lzh,2026-10-03T18:38:10.415622+09:00
20260922,22,福岡,10,20260922-22-10,6,4607,鶴田勇雄,37,福岡,52.0,A2,5.73,39.06,5.43,37.84,17,26.12,106,24.78,,2,https://www1.mbrace.or.jp/od2/B/202609/b260922.lzh,2026-10-03T18:38:10.415622+09:00
20260922,22,福岡,11,20260922-22-11,1,4063,市橋卓士,47,徳島,53.0,A1,6.18,40.77,0.0,0.0,68,39.55,103,22.64,,2,https://www1.mbrace.or.jp/od2/B/202609/b260922.lzh,2026-10-03T18:38:10.415622+09:00
20260922,22,福岡,11,20260922-22-11,2,3629,浅見昌克,56,埼玉,52.0,A2,5.29,28.99,0.0,0.0,31,33.33,160,40.18,,7,https://www1.mbrace.or.jp/od2/B/202609/b260922.lzh,2026-10-03T18:38:10.415622+09:00
20260922,22,福岡,11,20260922-22-11,3,4254,川島圭司,43,滋賀,52.0,A2,6.13,42.59,6.06,48.39,20,34.35,113,20.18,,4,https://www1.mbrace.or.jp/od2/B/202609/b260922.lzh,2026-10-03T18:38:10.415622+09:00
20260922,22,福岡,11,20260922-22-11,4,3300,川崎智幸,59,岡山,54.0,A2,5.74,40.0,6.32,54.84,46,24.24,170,31.82,,6,https://www1.mbrace.or.jp/od2/B/202609/b260922.lzh,2026-10-03T18:38:10.415622+09:00
20260922,22,福岡,11,20260922-22-11,5,4764,小池礼乃,36,福岡,46.0,B1,5.27,37.14,5.25,30.0,66,28.57,136,33.33,,3,https://www1.mbrace.or.jp/od2/B/202609/b260922.lzh,2026-10-03T18:38:10.415622+09:00
20260922,22,福岡,11,20260922-22-11,6,4269,杉山裕也,41,愛知,54.0,A2,7.31,62.5,6.68,40.0,40,20.2,152,31.82,,5,https://www1.mbrace.or.jp/od2/B/202609/b260922.lzh,2026-10-03T18:38:10.415622+09:00
20260922,22,福岡,12,20260922-22-12,1,4024,井口佳典,49,三重,52.0,A1,6.68,42.37,7.04,42.31,61,35.29,142,30.09,,3,https://www1.mbrace.or.jp/od2/B/202609/b260922.lzh,2026-10-03T18:38:10.415622+09:00
20260922,22,福岡,12,20260922-22-12,2,3388,今垣光太,57,福井,52.0,A1,6.49,44.68,7.33,55.56,55,30.95,146,31.25,,8,https://www1.mbrace.or.jp/od2/B/202609/b260922.lzh,2026-10-03T18:38:10.415622+09:00
20260922,22,福岡,12,20260922-22-12,3,5015,高橋竜矢,28,広島,52.0,A1,6.9,53.24,6.12,47.06,25,39.74,117,32.11,,5,https://www1.mbrace.or.jp/od2/B/202609/b260922.lzh,2026-10-03T18:38:10.415622+09:00
20260922,22,福岡,12,20260922-22-12,4,4391,松田祐季,40,福井,51.0,A1,7.01,53.54,8.9,80.0,72,37.32,158,17.86,,6,https://www1.mbrace.or.jp/od2/B/202609/b260922.lzh,2026-10-03T18:38:10.415622+09:00
20260922,22,福岡,12,20260922-22-12,5,4826,井上一輝,32,大阪,52.0,A1,7.04,52.46,6.2,46.0,75,28.57,121,36.04,,1,https://www1.mbrace.or.jp/od2/B/202609/b260922.lzh,2026-10-03T18:38:10.415622+09:00
20260922,22,福岡,12,20260922-22-12,6,4736,高倉和士,35,福岡,53.0,A1,7.2,57.81,6.29,43.59,21,38.85,132,36.04,,7,https://www1.mbrace.or.jp/od2/B/202609/b260922.lzh,2026-10-03T18:38:10.415622+09:00
20260922,20,若松,1,20260922-20-01,1,5029,中亮太,29,福岡,53.0,A1,6.97,55.4,6.15,47.83,6,35.87,17,43.28,,,https://www1.mbrace.or.jp/od2/B/202609/b260922.lzh,2026-10-03T18:38:10.415622+09:00
20260922,20,若松,1,20260922-20-01,2,5257,西丸侑太,22,香川,53.0,A1,6.37,45.21,5.74,42.86,12,34.18,12,36.23,,,https://www1.mbrace.or.jp/od2/B/202609/b260922.lzh,2026-10-03T18:38:10.415622+09:00
20260922,20,若松,1,20260922-20-01,3,5016,宮田龍馬,28,兵庫,53.0,A1,6.85,44.23,6.18,40.91,14,35.64,61,28.21,,7,https://www1.mbrace.or.jp/od2/B/202609/b260922.lzh,2026-10-03T18:38:10.415622+09:00
20260922,20,若松,1,20260922-20-01,4,4994,山本梨菜,28,佐賀,47.0,A2,6.29,45.59,6.17,34.29,7,30.16,71,46.77,,,https://www1.mbrace.or.jp/od2/B/202609/b260922.lzh,2026-10-03T18:38:10.415622+09:00
20260922,20,若松,1,20260922-20-01,5,5255,藤原仙二,22,滋賀,53.0,A1,6.63,48.76,2.89,11.11,60,33.51,35,26.09,,6,https://www1.mbrace.or.jp/od2/B/202609/b260922.lzh,2026-10-03T18:38:10.415622+09:00
20260922,20,若松,1,20260922-20-01,6,5196,鰐部太空,24,愛知,54.0,A1,5.09,30.93,0.0,0.0,30,31.22,36,40.79,,8,https://www1.mbrace.or.jp/od2/B/202609/b260922.lzh,2026-10-03T18:38:10.415622+09:00
20260922,20,若松,2,20260922-20-02,1,4938,小芦るり,29,佐賀,48.0,A1,6.56,46.72,6.82,63.64,5,40.66,24,29.87,,9,https://www1.mbrace.or.jp/od2/B/202609/b260922.lzh,2026-10-03T18:38:10.415622+09:00
20260922,20,若松,2,20260922-20-02,2,5298,水谷理人,24,香川,51.0,A1,7.2,57.81,7.27,54.55,32,36.82,63,29.87,,10,https://www1.mbrace.or.jp/od2/B/202609/b260922.lzh,2026-10-03T18:38:10.415622+09:00
20260922,20,若松,2,20260922-20-02,3,5064,品川二千,28,山口,52.0,A1,6.62,50.0,5.28,37.74,28,30.73,21,32.84,,,https://www1.mbrace.or.jp/od2/B/202609/b260922.lzh,2026-10-03T18:38:10.415622+09:00
20260922,20,若松,2,20260922-20-02,4,5017,澤田尚也,27,滋賀,52.0,A1,6.77,51.8,5.43,28.57,3,33.85,39,41.82,,8,https://www1.mbrace.or.jp/od2/B/202609/b260922.lzh,2026-10-03T18:38:10.415622+09:00
20260922,20,若松,2,20260922-20-02,5,5267,石本裕武,26,大阪,51.0,A1,6.68,52.25,6.33,44.44,16,30.81,75,30.3,,7,https://www1.mbrace.or.jp/od2/B/202609/b260922.lzh,2026-10-03T18:38:10.415622+09:00
20260922,20,若松,2,20260922-20-02,6,5217,藤原碧生,26,岡山,52.0,A1,5.64,32.04,7.1,55.17,41,35.18,38,33.75,,,https://www1.mbrace.or.jp/od2/B/202609/b260922.lzh,2026-10-03T18:38:10.415622+09:00
20260922,20,若松,3,20260922-20-03,1,5112,砂長知輝,26,埼玉,52.0,A1,6.72,51.67,5.93,40.74,36,30.0,67,43.75,,11,https://www1.mbrace.or.jp/od2/B/202609/b260922.lzh,2026-10-03T18:38:10.415622+09:00
20260922,20,若松,3,20260922-20-03,2,4985,井本昌也,29,山口,52.0,A1,6.65,51.13,7.29,64.29,13,30.32,43,40.74,,8,https://www1.mbrace.or.jp/od2/B/202609/b260922.lzh,2026-10-03T18:38:10.415622+09:00
20260922,20,若松,3,20260922-20-03,3,5280,廣瀬凜,23,滋賀,51.0,A1,6.94,52.11,0.0,0.0,25,38.89,62,40.91,,9,https://www1.mbrace.or.jp/od2/B/202609/b260922.lzh,2026-10-03T18:38:10.415622+09:00
20260922,20,若松,3,20260922-20-03,4,5330,安河内鈴,22,福岡,51.0,A2,6.82,54.26,2.7,3.7,47,35.67,54,38.71,,,https://www1.mbrace.or.jp/od2/B/202609/b260922.lzh,2026-10-03T18:38:10.415622+09:00
20260922,20,若松,3,20260922-20-03,5,4983,前田篤哉,29,愛知,51.0,A1,6.63,51.54,7.21,54.17,34,38.65,20,30.14,,10,https://www1.mbrace.or.jp/od2/B/202609/b260922.lzh,2026-10-03T18:38:10.415622+09:00
20260922,20,若松,3,20260922-20-03,6,5191,飛田江己,25,埼玉,54.0,A1,7.15,54.23,5.45,36.36,57,28.8,53,40.58,,7,https://www1.mbrace.or.jp/od2/B/202609/b260922.lzh,2026-10-03T18:38:10.415622+09:00
20260922,20,若松,4,20260922-20-04,1,5234,塚越海斗,28,群馬,53.0,A1,6.72,55.8,6.17,45.83,54,31.84,31,36.76,,10,https://www1.mbrace.or.jp/od2/B/202609/b260922.lzh,2026-10-03T18:38:10.415622+09:00
20260922,20,若松,4,20260922-20-04,2,5034,若林義人,28,静岡,55.0,A1,6.45,48.25,6.63,47.37,49,53.22,65,30.0,,,https://www1.mbrace.or.jp/od2/B/202609/b260922.lzh,2026-10-03T18:38:10.415622+09:00
20260922,20,若松,4,20260922-20-04,3,5042,畑田汰一,27,埼玉,52.0,A1,6.62,51.92,5.45,27.27,43,32.82,51,37.66,,9,https://www1.mbrace.or.jp/od2/B/202609/b260922.lzh,2026-10-03T18:38:10.415622+09:00
20260922,20,若松,4,20260922-20-04,4,5193,米丸乃絵,25,福岡,47.0,A1,6.9,54.39,5.99,39.73,38,31.91,15,46.58,,8,https://www1.mbrace.or.jp/od2/B/202609/b260922.lzh,2026-10-03T18:38:10.415622+09:00
20260922,20,若松,4,20260922-20-04,5,5220,青木蓮,25,埼玉,51.0,A2,6.58,50.45,6.5,44.44,53,32.07,42,37.5,,,https://www1.mbrace.or.jp/od2/B/202609/b260922.lzh,2026-10-03T18:38:10.415622+09:00
20260922,20,若松,4,20260922-20-04,6,4857,加藤翔馬,29,兵庫,57.0,A1,7.06,54.96,6.94,66.67,4,34.92,34,46.15,,11,https://www1.mbrace.or.jp/od2/B/202609/b260922.lzh,2026-10-03T18:38:10.415622+09:00
20260922,20,若松,5,20260922-20-05,1,5066,鈴木孝明,28,埼玉,54.0,A1,6.75,54.33,3.5,0.0,50,32.98,47,35.48,,,https://www1.mbrace.or.jp/od2/B/202609/b260922.lzh,2026-10-03T18:38:10.415622+09:00
20260922,20,若松,5,20260922-20-05,2,5218,山田理央,26,香川,45.0,A1,5.86,37.11,6.29,42.86,26,31.15,13,43.1,,,https://www1.mbrace.or.jp/od2/B/202609/b260922.lzh,2026-10-03T18:38:10.415622+09:00
20260922,20,若松,5,20260922-20-05,3,5166,仲道大輔,26,愛知,51.0,A2,6.01,41.84,2.0,0.0,39,37.24,25,34.62,,,https://www1.mbrace.or.jp/od2/B/202609/b260922.lzh,2026-10-03T18:38:10.415622+09:00
20260922,20,若松,5,20260922-20-05,4,4939,宮之原輝,28,東京,51.0,A1,7.65,63.06,5.96,40.74,52,35.75,48,42.86,,10,https://www1.mbrace.or.jp/od2/B/202609/b260922.lzh,2026-10-03T18:38:10.415622+09:00
20260922,20,若松,5,20260922-20-05,5,5043,中村日向,27,香川,53.0,A1,7.27,62.12,5.93,46.43,45,37.69,73,30.88,,9,https://www1.mbrace.or.jp/od2/B/202609/b260922.lzh,2026-10-03T18:38:10.415622+09:00
20260922,20,若松,5,20260922-20-05,6,5092,篠原晟弥,25,福岡,52.0,A2,6.16,46.99,5.89,44.44,2,30.81,27,35.0,,,https://www1.mbrace.or.jp/od2/B/202609/b260922.lzh,2026-10-03T18:38:10.415622+09:00
20260922,20,若松,6,20260922-20-06,1,5255,藤原仙二,22,滋賀,53.0,A1,6.63,48.76,2.89,11.11,60,33.51,35,26.09,,1,https://www1.mbrace.or.jp/od2/B/202609/b260922.lzh,2026-10-03T18:38:10.415622+09:00
20260922,20,若松,6,20260922-20-06,2,5145,島川海輝,23,山口,55.0,A2,6.22,49.66,4.72,16.67,42,43.3,60,34.78,,,https://www1.mbrace.or.jp/od2/B/202609/b260922.lzh,2026-10-03T18:38:10.415622+09:00
20260922,20,若松,6,20260922-20-06,3,5045,平川香織,26,埼玉,46.0,A2,7.02,51.82,5.75,45.83,9,30.3,55,30.56,,,https://www1.mbrace.or.jp/od2/B/202609/b260922.lzh,2026-10-03T18:38:10.415622+09:00
20260922,20,若松,6,20260922-20-06,4,5256,中山翔太,22,三重,53.0,A1,5.99,45.76,6.38,57.14,61,36.87,33,30.77,,,https://www1.mbrace.or.jp/od2/B/202609/b260922.lzh,2026-10-03T18:38:10.415622+09:00
20260922,20,若松,6,20260922-20-06,5,5028,原田才一,29,福岡,50.0,A1,7.08,56.55,7.04,57.85,33,31.37,74,32.5,,11,https://www1.mbrace.or.jp/od2/B/202609/b260922.lzh,2026-10-03T18:38:10.415622+09:00
20260922,20,若松,6,20260922-20-06,6,5141,大澤風葵,25,群馬,52.0,A1,6.55,55.77,6.83,61.11,35,37.24,16,34.67,,,https://www1.mbrace.or.jp/od2/B/202609/b260922.lzh,2026-10-03T18:38:10.415622+09:00
20260922,20,若松,7,20260922-20-07,1,5089,前田翔,26,愛知,52.0,A1,7.24,58.82,0.0,0.0,15,33.51,23,41.94,,11,https://www1.mbrace.or.jp/od2/B/202609/b260922.lzh,2026-10-03T18:38:10.415622+09:00
20260922,20,若松,7,20260922-20-07,2,5191,飛田江己,25,埼玉,54.0,A1,7.15,54.23,5.45,36.36,57,28.8,53,40.58,,3,https://www1.mbrace.or.jp/od2/B/202609/b260922.lzh,2026-10-03T18:38:10.415622+09:00
20260922,20,若松,7,20260922-20-07,3,5267,石本裕武,26,大阪,51.0,A1,6.68,52.25,6.33,44.44,16,30.81,75,30.3,,2,https://www1.mbrace.or.jp/od2/B/202609/b260922.lzh,2026-10-03T18:38:10.415622+09:00
20260922,20,若松,7,20260922-20-07,4,5018,竹下大樹,27,福岡,55.0,A1,6.99,53.02,6.21,46.58,20,39.01,64,38.46,,,https://www1.mbrace.or.jp/od2/B/202609/b260922.lzh,2026-10-03T18:38:10.415622+09:00
20260922,20,若松,7,20260922-20-07,5,5016,宮田龍馬,28,兵庫,53.0,A1,6.85,44.23,6.18,40.91,14,35.64,61,28.21,,1,https://www1.mbrace.or.jp/od2/B/202609/b260922.lzh,2026-10-03T18:38:10.415622+09:00
20260922,20,若松,7,20260922-20-07,6,5136,濱野斗馬,26,香川,52.0,A1,6.22,48.89,5.8,50.0,51,43.86,46,32.88,,,https://www1.mbrace.or.jp/od2/B/202609/b260922.lzh,2026-10-03T18:38:10.415622+09:00
20260922,20,若松,8,20260922-20-08,1,5017,澤田尚也,27,滋賀,52.0,A1,6.77,51.8,5.43,28.57,3,33.85,39,41.82,,2,https://www1.mbrace.or.jp/od2/B/202609/b260922.lzh,2026-10-03T18:38:10.415622+09:00
20260922,20,若松,8,20260922-20-08,2,5196,鰐部太空,24,愛知,54.0,A1,5.09,30.93,0.0,0.0,30,31.22,36,40.79,,1,https://www1.mbrace.or.jp/od2/B/202609/b260922.lzh,2026-10-03T18:38:10.415622+09:00
20260922,20,若松,8,20260922-20-08,3,5193,米丸乃絵,25,福岡,47.0,A1,6.9,54.39,5.99,39.73,38,31.91,15,46.58,,4,https://www1.mbrace.or.jp/od2/B/202609/b260922.lzh,2026-10-03T18:38:10.415622+09:00
20260922,20,若松,8,20260922-20-08,4,4985,井本昌也,29,山口,52.0,A1,6.65,51.13,7.29,64.29,13,30.32,43,40.74,,3,https://www1.mbrace.or.jp/od2/B/202609/b260922.lzh,2026-10-03T18:38:10.415622+09:00
20260922,20,若松,8,20260922-20-08,5,5275,松田淳平,24,三重,53.0,A1,6.5,49.57,5.53,40.0,59,30.39,45,32.31,,,https://www1.mbrace.or.jp/od2/B/202609/b260922.lzh,2026-10-03T18:38:10.415622+09:00
20260922,20,若松,8,20260922-20-08,6,4991,宗行治哉,29,広島,51.0,A1,6.36,41.0,6.07,42.22,23,37.97,68,35.62,,,https://www1.mbrace.or.jp/od2/B/202609/b260922.lzh,2026-10-03T18:38:10.415622+09:00
20260922,20,若松,9,20260922-20-09,1,5043,中村日向,27,香川,53.0,A1,7.27,62.12,5.93,46.43,45,37.69,73,30.88,,5,https://www1.mbrace.or.jp/od2/B/202609/b260922.lzh,2026-10-03T18:38:10.415622+09:00
20260922,20,若松,9,20260922-20-09,2,4938,小芦るり,29,佐賀,48.0,A1,6.56,46.72,6.82,63.64,5,40.66,24,29.87,,2,https://www1.mbrace.or.jp/od2/B/202609/b260922.lzh,2026-10-03T18:38:10.415622+09:00
20260922,20,若松,9,20260922-20-09,3,5158,宮脇遼太,28,福岡,53.0,A1,6.45,54.92,6.38,50.0,18,32.42,59,28.79,,,https://www1.mbrace.or.jp/od2/B/202609/b260922.lzh,2026-10-03T18:38:10.415622+09:00
20260922,20,若松,9,20260922-20-09,4,5042,畑田汰一,27,埼玉,52.0,A1,6.62,51.92,5.45,27.27,43,32.82,51,37.66,,4,https://www1.mbrace.or.jp/od2/B/202609/b260922.lzh,2026-10-03T18:38:10.415622+09:00
20260922,20,若松,9,20260922-20-09,5,5280,廣瀬凜,23,滋賀,51.0,A1,6.94,52.11,0.0,0.0,25,38.89,62,40.91,,3,https://www1.mbrace.or.jp/od2/B/202609/b260922.lzh,2026-10-03T18:38:10.415622+09:00
20260922,20,若松,9,20260922-20-09,6,5139,大場恒季,26,愛知,51.0,A1,6.74,53.06,6.8,50.0,22,35.79,26,48.48,,,https://www1.mbrace.or.jp/od2/B/202609/b260922.lzh,2026-10-03T18:38:10.415622+09:00
20260922,20,若松,10,20260922-20-10,1,5163,清水愛海,26,山口,45.0,A1,6.72,52.21,5.41,33.33,48,35.63,41,46.67,,,https://www1.mbrace.or.jp/od2/B/202609/b260922.lzh,2026-10-03T18:38:10.415622+09:00
20260922,20,若松,10,20260922-20-10,2,4983,前田篤哉,29,愛知,51.0,A1,6.63,51.54,7.21,54.17,34,38.65,20,30.14,,3,https://www1.mbrace.or.jp/od2/B/202609/b260922.lzh,2026-10-03T18:38:10.415622+09:00
20260922,20,若松,10,20260922-20-10,3,4939,宮之原輝,28,東京,51.0,A1,7.65,63.06,5.96,40.74,52,35.75,48,42.86,,5,https://www1.mbrace.or.jp/od2/B/202609/b260922.lzh,2026-10-03T18:38:10.415622+09:00
20260922,20,若松,10,20260922-20-10,4,5234,塚越海斗,28,群馬,53.0,A1,6.72,55.8,6.17,45.83,54,31.84,31,36.76,,4,https://www1.mbrace.or.jp/od2/B/202609/b260922.lzh,2026-10-03T18:38:10.415622+09:00
20260922,20,若松,10,20260922-20-10,5,5298,水谷理人,24,香川,51.0,A1,7.2,57.81,7.27,54.55,32,36.82,63,29.87,,2,https://www1.mbrace.or.jp/od2/B/202609/b260922.lzh,2026-10-03T18:38:10.415622+09:00
20260922,20,若松,10,20260922-20-10,6,5087,佐藤航,26,埼玉,53.0,A1,6.35,51.69,7.0,50.0,19,41.24,37,39.29,,,https://www1.mbrace.or.jp/od2/B/202609/b260922.lzh,2026-10-03T18:38:10.415622+09:00
20260922,20,若松,11,20260922-20-11,1,5028,原田才一,29,福岡,50.0,A1,7.08,56.55,7.04,57.85,33,31.37,74,32.5,,6,https://www1.mbrace.or.jp/od2/B/202609/b260922.lzh,2026-10-03T18:38:10.415622+09:00
20260922,20,若松,11,20260922-20-11,2,4857,加藤翔馬,29,兵庫,57.0,A1,7.06,54.96,6.94,66.67,4,34.92,34,46.15,,4,https://www1.mbrace.or.jp/od2/B/202609/b260922.lzh,2026-10-03T18:38:10.415622+09:00
20260922,20,若松,11,20260922-20-11,3,5281,井上遥妃,23,徳島,46.0,A1,5.86,43.36,5.16,26.32,24,32.95,72,40.0,,,https://www1.mbrace.or.jp/od2/B/202609/b260922.lzh,2026-10-03T18:38:10.415622+09:00
20260922,20,若松,11,20260922-20-11,4,5112,砂長知輝,26,埼玉,52.0,A1,6.72,51.67,5.93,40.74,36,30.0,67,43.75,,3,https://www1.mbrace.or.jp/od2/B/202609/b260922.lzh,2026-10-03T18:38:10.415622+09:00
20260922,20,若松,11,20260922-20-11,5,5089,前田翔,26,愛知,52.0,A1,7.24,58.82,0.0,0.0,15,33.51,23,41.94,,7,https://www1.mbrace.or.jp/od2/B/202609/b260922.lzh,2026-10-03T18:38:10.415622+09:00
20260922,20,若松,11,20260922-20-11,6,5222,津田陸翔,25,広島,52.0,A1,6.31,47.33,5.26,28.95,31,33.33,57,32.43,,,https://www1.mbrace.or.jp/od2/B/202609/b260922.lzh,2026-10-03T18:38:10.415622+09:00
20260922,20,若松,12,20260922-20-12,1,5142,常住蓮,25,佐賀,51.0,A1,7.22,54.62,5.33,28.57,46,37.17,30,41.82,,,https://www1.mbrace.or.jp/od2/B/202609/b260922.lzh,2026-10-03T18:38:10.415622+09:00
20260922,20,若松,12,20260922-20-12,2,4914,吉田裕平,29,愛知,51.0,A1,7.47,55.93,7.18,52.63,40,35.05,70,46.38,,,https://www1.mbrace.or.jp/od2/B/202609/b260922.lzh,2026-10-03T18:38:10.415622+09:00
20260922,20,若松,12,20260922-20-12,3,5224,西岡顕心,25,香川,52.0,A1,7.22,48.72,2.5,0.0,58,33.69,69,28.0,,,https://www1.mbrace.or.jp/od2/B/202609/b260922.lzh,2026-10-03T18:38:10.415622+09:00
20260922,20,若松,12,20260922-20-12,4,5088,高憧四季,26,大阪,44.0,A1,6.54,42.03,6.9,60.0,44,34.5,44,34.38,,,https://www1.mbrace.or.jp/od2/B/202609/b260922.lzh,2026-10-03T18:38:10.415622+09:00
20260922,20,若松,12,20260922-20-12,5,5278,田中駿兵,24,徳島,51.0,A1,6.95,57.43,5.38,40.63,21,37.85,11,29.63,,,https://www1.mbrace.or.jp/od2/B/202609/b260922.lzh,2026-10-03T18:38:10.415622+09:00
20260922,20,若松,12,20260922-20-12,6,5132,中野希一,27,埼玉,53.0,A1,6.77,54.55,4.65,30.77,17,32.0,32,34.18,,,https://www1.mbrace.or.jp/od2/B/202609/b260922.lzh,2026-10-03T18:38:10.415622+09:00
20260922,18,徳山,1,20260922-18-01,1,4883,岡部大輝,30,東京,52.0,A2,6.35,50.0,4.71,38.1,19,47.0,11,27.27,31,9,https://www1.mbrace.or.jp/od2/B/202609/b260922.lzh,2026-10-03T18:38:10.415622+09:00
20260922,18,徳山,1,20260922-18-01,2,3804,中渡修作,52,福岡,52.0,B1,5.03,31.93,4.23,23.26,11,30.0,71,26.96,5,8,https://www1.mbrace.or.jp/od2/B/202609/b260922.lzh,2026-10-03T18:38:10.415622+09:00
20260922,18,徳山,1,20260922-18-01,3,4158,木場雄二,45,山口,59.0,B1,4.5,22.33,5.33,32.88,30,38.39,45,32.67,3,10,https://www1.mbrace.or.jp/od2/B/202609/b260922.lzh,2026-10-03T18:38:10.415622+09:00
20260922,18,徳山,1,20260922-18-01,4,3519,冨田秀幸,58,愛知,52.0,B1,3.98,17.07,4.86,28.57,12,38.1,60,25.73,4,6,https://www1.mbrace.or.jp/od2/B/202609/b260922.lzh,2026-10-03T18:38:10.415622+09:00
20260922,18,徳山,1,20260922-18-01,5,4090,中村尊,46,埼玉,55.0,B2,6.08,45.0,6.18,36.36,51,20.59,73,38.14,5,11,https://www1.mbrace.or.jp/od2/B/202609/b260922.lzh,2026-10-03T18:38:10.415622+09:00
20260922,18,徳山,1,20260922-18-01,6,5460,早川理稀,20,滋賀,54.0,B2,1.7,2.6,0.0,0.0,41,32.48,39,31.16,6,,https://www1.mbrace.or.jp/od2/B/202609/b260922.lzh,2026-10-03T18:38:10.415622+09:00
20260922,18,徳山,2,20260922-18-02,1,4816,村松修二,35,広島,55.0,A2,5.63,39.53,5.67,33.33,57,21.79,15,37.26,23,11,https://www1.mbrace.or.jp/od2/B/202609/b260922.lzh,2026-10-03T18:38:10.415622+09:00
20260922,18,徳山,2,20260922-18-02,2,5286,坂井滉哉,27,福岡,50.0,B1,4.67,25.93,3.77,20.0,49,24.75,21,25.48,4,7,https://www1.mbrace.or.jp/od2/B/202609/b260922.lzh,2026-10-03T18:38:10.415622+09:00
20260922,18,徳山,2,20260922-18-02,3,4624,高田明,41,佐賀,51.0,A1,6.32,47.62,8.6,80.0,18,30.11,25,29.52,16,8,https://www1.mbrace.or.jp/od2/B/202609/b260922.lzh,2026-10-03T18:38:10.415622+09:00
20260922,18,徳山,2,20260922-18-02,4,4173,岡谷健吾,43,広島,57.0,B1,5.31,33.33,4.8,28.57,25,24.73,20,33.33,51,,https://www1.mbrace.or.jp/od2/B/202609/b260922.lzh,2026-10-03T18:38:10.415622+09:00
20260922,18,徳山,2,20260922-18-02,5,3577,向所浩二,53,兵庫,59.0,B1,4.36,19.05,3.44,0.0,28,24.27,75,27.75,4,6,https://www1.mbrace.or.jp/od2/B/202609/b260922.lzh,2026-10-03T18:38:10.415622+09:00
20260922,18,徳山,2,20260922-18-02,6,4757,山田祐也,37,徳島,53.0,A1,6.64,46.15,7.08,52.63,29,30.17,70,28.84,11,,https://www1.mbrace.or.jp/od2/B/202609/b260922.lzh,2026-10-03T18:38:10.415622+09:00
20260922,18,徳山,3,20260922-18-03,1,4732,堀本和也,37,徳島,54.0,A2,7.09,57.36,7.2,53.33,47,41.12,34,32.56,43,12,https://www1.mbrace.or.jp/od2/B/202609/b260922.lzh,2026-10-03T18:38:10.415622+09:00
20260922,18,徳山,3,20260922-18-03,2,4981,牧山敦也,30,佐賀,53.0,B1,5.24,27.27,5.72,33.33,52,20.79,40,37.09,S,7,https://www1.mbrace.or.jp/od2/B/202609/b260922.lzh,2026-10-03T18:38:10.415622+09:00
20260922,18,徳山,3,20260922-18-03,3,4911,片岡大地,30,東京,53.0,A2,4.72,26.51,3.94,12.5,34,38.21,41,37.56,2,11,https://www1.mbrace.or.jp/od2/B/202609/b260922.lzh,2026-10-03T18:38:10.415622+09:00
20260922,18,徳山,3,20260922-18-03,4,4136,江夏満,46,福岡,54.0,A1,6.15,39.71,0.0,0.0,43,19.23,14,35.48,24,9,https://www1.mbrace.or.jp/od2/B/202609/b260922.lzh,2026-10-03T18:38:10.415622+09:00
20260922,18,徳山,3,20260922-18-03,5,5206,梅原祥平,29,岡山,53.0,B1,4.62,18.6,4.0,17.78,16,29.47,17,28.9,56,,https://www1.mbrace.or.jp/od2/B/202609/b260922.lzh,2026-10-03T18:38:10.415622+09:00
20260922,18,徳山,3,20260922-18-03,6,3401,上田隆章,59,香川,54.0,B1,4.61,28.71,4.32,22.58,24,24.75,12,40.0,5,10,https://www1.mbrace.or.jp/od2/B/202609/b260922.lzh,2026-10-03T18:38:10.415622+09:00
20260922,18,徳山,4,20260922-18-04,1,4677,片橋幸貴,38,滋賀,54.0,A1,6.09,44.74,5.82,45.45,65,25.58,46,29.38,S,12,https://www1.mbrace.or.jp/od2/B/202609/b260922.lzh,2026-10-03T18:38:10.415622+09:00
20260922,18,徳山,4,20260922-18-04,2,4163,山崎裕司,44,広島,51.0,A2,5.65,37.6,4.86,25.0,36,28.93,69,28.16,3,9,https://www1.mbrace.or.jp/od2/B/202609/b260922.lzh,2026-10-03T18:38:10.415622+09:00
20260922,18,徳山,4,20260922-18-04,3,3808,秋田健太,51,埼玉,59.0,B1,4.01,20.0,4.16,24.0,20,38.2,35,29.77,5,10,https://www1.mbrace.or.jp/od2/B/202609/b260922.lzh,2026-10-03T18:38:10.415622+09:00
20260922,18,徳山,4,20260922-18-04,4,4323,山田佑樹,39,岡山,56.0,B1,6.09,50.5,4.0,18.42,73,41.75,19,36.74,32,,https://www1.mbrace.or.jp/od2/B/202609/b260922.lzh,2026-10-03T18:38:10.415622+09:00
20260922,18,徳山,4,20260922-18-04,5,5027,重冨勇哉,29,山口,54.0,B1,4.38,23.81,5.53,35.53,22,28.87,53,33.33,46,,https://www1.mbrace.or.jp/od2/B/202609/b260922.lzh,2026-10-03T18:38:10.415622+09:00
20260922,18,徳山,4,20260922-18-04,6,5392,安武一也,26,福岡,52.0,B2,1.77,0.0,2.29,14.29,45,24.71,65,27.45,6,8,https://www1.mbrace.or.jp/od2/B/202609/b260922.lzh,2026-10-03T18:38:10.415622+09:00
20260922,18,徳山,5,20260922-18-05,1,5338,香月大輝,26,福岡,53.0,B1,4.58,21.25,2.89,0.0,75,36.61,55,35.38,5,11,https://www1.mbrace.or.jp/od2/B/202609/b260922.lzh,2026-10-03T18:38:10.415622+09:00
20260922,18,徳山,5,20260922-18-05,2,4702,三浦敬太,39,東京,51.0,A1,5.85,42.39,5.92,46.15,14,42.27,67,41.06,13,,https://www1.mbrace.or.jp/od2/B/202609/b260922.lzh,2026-10-03T18:38:10.415622+09:00
20260922,18,徳山,5,20260922-18-05,3,4811,向井田佑,37,広島,50.0,B1,4.97,28.83,5.13,30.43,15,38.95,28,28.57,61,,https://www1.mbrace.or.jp/od2/B/202609/b260922.lzh,2026-10-03T18:38:10.415622+09:00
20260922,18,徳山,5,20260922-18-05,4,3637,齋藤和政,55,愛知,54.0,B1,3.58,13.92,3.74,8.7,31,30.56,29,31.46,25,,https://www1.mbrace.or.jp/od2/B/202609/b260922.lzh,2026-10-03T18:38:10.415622+09:00
20260922,18,徳山,5,20260922-18-05,5,4679,植田太一,37,福岡,60.0,A2,6.09,44.88,5.77,43.33,35,35.71,13,40.0,15,10,https://www1.mbrace.or.jp/od2/B/202609/b260922.lzh,2026-10-03T18:38:10.415622+09:00
20260922,18,徳山,5,20260922-18-05,6,3684,清水攻二,52,山口,52.0,A2,5.57,34.88,6.09,43.09,39,31.07,61,27.0,34,12,https://www1.mbrace.or.jp/od2/B/202609/b260922.lzh,2026-10-03T18:38:10.415622+09:00
20260922,18,徳山,6,20260922-18-06,1,5124,上瀧絢也,30,佐賀,55.0,B1,4.31,24.44,4.67,22.22,37,21.11,58,35.21,66,,https://www1.mbrace.or.jp/od2/B/202609/b260922.lzh,2026-10-03T18:38:10.415622+09:00
20260922,18,徳山,6,20260922-18-06,2,3473,石川真二,56,福岡,53.0,A1,6.75,55.88,6.75,59.38,17,39.58,54,37.75,4,12,https://www1.mbrace.or.jp/od2/B/202609/b260922.lzh,2026-10-03T18:38:10.415622+09:00
20260922,18,徳山,6,20260922-18-06,3,3577,向所浩二,53,兵庫,59.0,B1,4.36,19.05,3.44,0.0,28,24.27,75,27.75,4,2,https://www1.mbrace.or.jp/od2/B/202609/b260922.lzh,2026-10-03T18:38:10.415622+09:00
20260922,18,徳山,6,20260922-18-06,4,4839,四宮与寛,36,徳島,52.0,A2,6.18,46.51,5.32,32.0,27,43.68,23,30.84,44,11,https://www1.mbrace.or.jp/od2/B/202609/b260922.lzh,2026-10-03T18:38:10.415622+09:00
20260922,18,徳山,6,20260922-18-06,5,3519,冨田秀幸,58,愛知,52.0,B1,3.98,17.07,4.86,28.57,12,38.1,60,25.73,4,1,https://www1.mbrace.or.jp/od2/B/202609/b260922.lzh,2026-10-03T18:38:10.415622+09:00
20260922,18,徳山,6,20260922-18-06,6,4388,是澤孝宏,41,滋賀,52.0,A2,6.22,46.34,4.79,28.95,48,35.59,43,29.61,32,10,https://www1.mbrace.or.jp/od2/B/202609/b260922.lzh,2026-10-03T18:38:10.415622+09:00
20260922,18,徳山,7,20260922-18-07,1,4981,牧山敦也,30,佐賀,53.0,B1,5.24,27.27,5.72,33.33,52,20.79,40,37.09,S,3,https://www1.mbrace.or.jp/od2/B/202609/b260922.lzh,2026-10-03T18:38:10.415622+09:00
20260922,18,徳山,7,20260922-18-07,2,4663,籾山佳岳,44,愛知,51.0,B2,5.73,37.04,0.0,0.0,38,30.97,62,38.14,3,11,https://www1.mbrace.or.jp/od2/B/202609/b260922.lzh,2026-10-03T18:38:10.415622+09:00
20260922,18,徳山,7,20260922-18-07,3,4700,金子和之,39,埼玉,53.0,A2,6.1,40.5,5.73,43.33,42,37.27,31,32.55,21,,https://www1.mbrace.or.jp/od2/B/202609/b260922.lzh,2026-10-03T18:38:10.415622+09:00
20260922,18,徳山,7,20260922-18-07,4,4529,嶋義信,37,香川,55.0,A1,5.66,37.37,5.08,25.64,33,50.93,52,27.96,12,12,https://www1.mbrace.or.jp/od2/B/202609/b260922.lzh,2026-10-03T18:38:10.415622+09:00
20260922,18,徳山,7,20260922-18-07,5,4079,出畑孝典,47,福岡,52.0,A2,5.95,40.69,6.07,48.28,21,29.11,66,31.75,15,,https://www1.mbrace.or.jp/od2/B/202609/b260922.lzh,2026-10-03T18:38:10.415622+09:00
20260922,18,徳山,7,20260922-18-07,6,5286,坂井滉哉,27,福岡,50.0,B1,4.67,25.93,3.77,20.0,49,24.75,21,25.48,4,2,https://www1.mbrace.or.jp/od2/B/202609/b260922.lzh,2026-10-03T18:38:10.415622+09:00
20260922,18,徳山,8,20260922-18-08,1,3804,中渡修作,52,福岡,52.0,B1,5.03,31.93,4.23,23.26,11,30.0,71,26.96,5,1,https://www1.mbrace.or.jp/od2/B/202609/b260922.lzh,2026-10-03T18:38:10.415622+09:00
20260922,18,徳山,8,20260922-18-08,2,5290,坂本一真,25,東京,51.0,B1,3.43,15.87,1.25,0.0,72,37.38,42,28.97,62,,https://www1.mbrace.or.jp/od2/B/202609/b260922.lzh,2026-10-03T18:38:10.415622+09:00
20260922,18,徳山,8,20260922-18-08,3,4159,向後龍一,45,埼玉,51.0,A2,6.59,49.61,5.36,36.36,74,39.56,63,28.71,2,12,https://www1.mbrace.or.jp/od2/B/202609/b260922.lzh,2026-10-03T18:38:10.415622+09:00
20260922,18,徳山,8,20260922-18-08,4,4583,古田祐貴,37,香川,53.0,B1,5.52,35.24,3.17,0.0,46,34.82,57,37.14,26,,https://www1.mbrace.or.jp/od2/B/202609/b260922.lzh,2026-10-03T18:38:10.415622+09:00
20260922,18,徳山,8,20260922-18-08,5,5392,安武一也,26,福岡,52.0,B2,1.77,0.0,2.29,14.29,45,24.71,65,27.45,6,4,https://www1.mbrace.or.jp/od2/B/202609/b260922.lzh,2026-10-03T18:38:10.415622+09:00
20260922,18,徳山,8,20260922-18-08,6,4624,高田明,41,佐賀,51.0,A1,6.32,47.62,8.6,80.0,18,30.11,25,29.52,16,2,https://www1.mbrace.or.jp/od2/B/202609/b260922.lzh,2026-10-03T18:38:10.415622+09:00
20260922,18,徳山,9,20260922-18-09,1,4136,江夏満,46,福岡,54.0,A1,6.15,39.71,0.0,0.0,43,19.23,14,35.48,24,3,https://www1.mbrace.or.jp/od2/B/202609/b260922.lzh,2026-10-03T18:38:10.415622+09:00
20260922,18,徳山,9,20260922-18-09,2,3772,一柳和孝,52,埼玉,55.0,B1,4.87,22.99,4.95,25.0,23,37.07,27,32.04,34,,https://www1.mbrace.or.jp/od2/B/202609/b260922.lzh,2026-10-03T18:38:10.415622+09:00
20260922,18,徳山,9,20260922-18-09,3,4943,八木治樹,35,愛知,54.0,B1,4.5,23.17,3.44,0.0,26,38.0,44,36.28,46,,https://www1.mbrace.or.jp/od2/B/202609/b260922.lzh,2026-10-03T18:38:10.415622+09:00
20260922,18,徳山,9,20260922-18-09,4,4883,岡部大輝,30,東京,52.0,A2,6.35,50.0,4.71,38.1,19,47.0,11,27.27,31,1,https://www1.mbrace.or.jp/od2/B/202609/b260922.lzh,2026-10-03T18:38:10.415622+09:00
20260922,18,徳山,9,20260922-18-09,5,4594,谷川祐一,44,滋賀,52.0,B1,6.26,48.74,5.55,40.91,13,40.63,36,35.07,25,,https://www1.mbrace.or.jp/od2/B/202609/b260922.lzh,2026-10-03T18:38:10.415622+09:00
20260922,18,徳山,9,20260922-18-09,6,4163,山崎裕司,44,広島,51.0,A2,5.65,37.6,4.86,25.0,36,28.93,69,28.16,3,4,https://www1.mbrace.or.jp/od2/B/202609/b260922.lzh,2026-10-03T18:38:10.415622+09:00
20260922,18,徳山,10,20260922-18-10,1,4158,木場雄二,45,山口,59.0,B1,4.5,22.33,5.33,32.88,30,38.39,45,32.67,3,1,https://www1.mbrace.or.jp/od2/B/202609/b260922.lzh,2026-10-03T18:38:10.415622+09:00
20260922,18,徳山,10,20260922-18-10,2,4679,植田太一,37,福岡,60.0,A2,6.09,44.88,5.77,43.33,35,35.71,13,40.0,15,5,https://www1.mbrace.or.jp/od2/B/202609/b260922.lzh,2026-10-03T18:38:10.415622+09:00
20260922,18,徳山,10,20260922-18-10,3,3401,上田隆章,59,香川,54.0,B1,4.61,28.71,4.32,22.58,24,24.75,12,40.0,5,3,https://www1.mbrace.or.jp/od2/B/202609/b260922.lzh,2026-10-03T18:38:10.415622+09:00
20260922,18,徳山,10,20260922-18-10,4,4388,是澤孝宏,41,滋賀,52.0,A2,6.22,46.34,4.79,28.95,48,35.59,43,29.61,32,6,https://www1.mbrace.or.jp/od2/B/202609/b260922.lzh,2026-10-03T18:38:10.415622+09:00
20260922,18,徳山,10,20260922-18-10,5,4375,照屋厚仁,42,兵庫,52.0,A2,5.75,37.82,5.56,37.5,32,22.11,24,34.27,31,,https://www1.mbrace.or.jp/od2/B/202609/b260922.lzh,2026-10-03T18:38:10.415622+09:00
20260922,18,徳山,10,20260922-18-10,6,3808,秋田健太,51,埼玉,59.0,B1,4.01,20.0,4.16,24.0,20,38.2,35,29.77,5,4,https://www1.mbrace.or.jp/od2/B/202609/b260922.lzh,2026-10-03T18:38:10.415622+09:00
20260922,18,徳山,11,20260922-18-11,1,4663,籾山佳岳,44,愛知,51.0,B2,5.73,37.04,0.0,0.0,38,30.97,62,38.14,3,7,https://www1.mbrace.or.jp/od2/B/202609/b260922.lzh,2026-10-03T18:38:10.415622+09:00
20260922,18,徳山,11,20260922-18-11,2,4839,四宮与寛,36,徳島,52.0,A2,6.18,46.51,5.32,32.0,27,43.68,23,30.84,44,6,https://www1.mbrace.or.jp/od2/B/202609/b260922.lzh,2026-10-03T18:38:10.415622+09:00
20260922,18,徳山,11,20260922-18-11,3,4090,中村尊,46,埼玉,55.0,B2,6.08,45.0,6.18,36.36,51,20.59,73,38.14,5,1,https://www1.mbrace.or.jp/od2/B/202609/b260922.lzh,2026-10-03T18:38:10.415622+09:00
20260922,18,徳山,11,20260922-18-11,4,5338,香月大輝,26,福岡,53.0,B1,4.58,21.25,2.89,0.0,75,36.61,55,35.38,5,5,https://www1.mbrace.or.jp/od2/B/202609/b260922.lzh,2026-10-03T18:38:10.415622+09:00
20260922,18,徳山,11,20260922-18-11,5,4816,村松修二,35,広島,55.0,A2,5.63,39.53,5.67,33.33,57,21.79,15,37.26,23,2,https://www1.mbrace.or.jp/od2/B/202609/b260922.lzh,2026-10-03T18:38:10.415622+09:00
20260922,18,徳山,11,20260922-18-11,6,4911,片岡大地,30,東京,53.0,A2,4.72,26.51,3.94,12.5,34,38.21,41,37.56,2,3,https://www1.mbrace.or.jp/od2/B/202609/b260922.lzh,2026-10-03T18:38:10.415622+09:00
20260922,18,徳山,12,20260922-18-12,1,3473,石川真二,56,福岡,53.0,A1,6.75,55.88,6.75,59.38,17,39.58,54,37.75,4,6,https://www1.mbrace.or.jp/od2/B/202609/b260922.lzh,2026-10-03T18:38:10.415622+09:00
20260922,18,徳山,12,20260922-18-12,2,3684,清水攻二,52,山口,52.0,A2,5.57,34.88,6.09,43.09,39,31.07,61,27.0,34,5,https://www1.mbrace.or.jp/od2/B/202609/b260922.lzh,2026-10-03T18:38:10.415622+09:00
20260922,18,徳山,12,20260922-18-12,3,4529,嶋義信,37,香川,55.0,A1,5.66,37.37,5.08,25.64,33,50.93,52,27.96,12,7,https://www1.mbrace.or.jp/od2/B/202609/b260922.lzh,2026-10-03T18:38:10.415622+09:00
20260922,18,徳山,12,20260922-18-12,4,4677,片橋幸貴,38,滋賀,54.0,A1,6.09,44.74,5.82,45.45,65,25.58,46,29.38,S,4,https://www1.mbrace.or.jp/od2/B/202609/b260922.lzh,2026-10-03T18:38:10.415622+09:00
20260922,18,徳山,12,20260922-18-12,5,4732,堀本和也,37,徳島,54.0,A2,7.09,57.36,7.2,53.33,47,41.12,34,32.56,43,3,https://www1.mbrace.or.jp/od2/B/202609/b260922.lzh,2026-10-03T18:38:10.415622+09:00
20260922,18,徳山,12,20260922-18-12,6,4159,向後龍一,45,埼玉,51.0,A2,6.59,49.61,5.36,36.36,74,39.56,63,28.71,2,8,https://www1.mbrace.or.jp/od2/B/202609/b260922.lzh,2026-10-03T18:38:10.415622+09:00
20260922,17,宮島,1,20260922-17-01,1,4680,後藤美翼,36,東京,45.0,A2,5.58,33.64,5.67,42.86,25,38.28,14,29.95,142 5522,10,https://www1.mbrace.or.jp/od2/B/202609/b260922.lzh,2026-10-03T18:38:10.415622+09:00
20260922,17,宮島,1,20260922-17-01,2,3528,笠野友紀,55,愛知,48.0,B1,4.33,18.52,2.55,0.0,29,31.6,21,33.74,464 252,6,https://www1.mbrace.or.jp/od2/B/202609/b260922.lzh,2026-10-03T18:38:10.415622+09:00
20260922,17,宮島,1,20260922-17-01,3,3551,藤田美代,55,福岡,44.0,B1,3.83,17.5,4.22,18.92,65,40.31,76,35.04,5 332 43,7,https://www1.mbrace.or.jp/od2/B/202609/b260922.lzh,2026-10-03T18:38:10.415622+09:00
20260922,17,宮島,1,20260922-17-01,4,4784,向井田真,38,広島,52.0,B1,3.49,12.24,4.49,26.39,24,35.32,36,32.42,4 313 62,8,https://www1.mbrace.or.jp/od2/B/202609/b260922.lzh,2026-10-03T18:38:10.415622+09:00
20260922,17,宮島,1,20260922-17-01,5,3509,池千夏,54,香川,49.0,B1,3.24,6.33,3.87,19.35,20,29.31,71,32.94,6 62444,9,https://www1.mbrace.or.jp/od2/B/202609/b260922.lzh,2026-10-03T18:38:10.415622+09:00
20260922,17,宮島,1,20260922-17-01,6,5399,長野未来,24,三重,43.0,B2,1.33,0.0,0.0,0.0,70,31.7,34,31.02,6 666 66,,https://www1.mbrace.or.jp/od2/B/202609/b260922.lzh,2026-10-03T18:38:10.415622+09:00
20260922,17,宮島,2,20260922-17-02,1,4844,村上奈穂,33,広島,49.0,B1,3.81,15.84,4.78,27.59,59,28.88,17,40.97,2 436 21,12,https://www1.mbrace.or.jp/od2/B/202609/b260922.lzh,2026-10-03T18:38:10.415622+09:00
20260922,17,宮島,2,20260922-17-02,2,4283,石井裕美,42,東京,51.0,B1,3.95,7.79,5.37,15.79,55,36.33,57,35.42,3 543 33,8,https://www1.mbrace.or.jp/od2/B/202609/b260922.lzh,2026-10-03T18:38:10.415622+09:00
20260922,17,宮島,2,20260922-17-02,3,4689,豊田結,33,静岡,54.0,B1,4.97,29.79,3.5,16.67,38,47.1,77,35.22,214 143,10,https://www1.mbrace.or.jp/od2/B/202609/b260922.lzh,2026-10-03T18:38:10.415622+09:00
20260922,17,宮島,2,20260922-17-02,4,3993,永井聖美,47,東京,45.0,B1,5.63,37.63,4.93,29.63,51,40.0,62,45.62,3 533 13,9,https://www1.mbrace.or.jp/od2/B/202609/b260922.lzh,2026-10-03T18:38:10.415622+09:00
20260922,17,宮島,2,20260922-17-02,5,5287,滝沢織寧,26,埼玉,47.0,B1,3.78,14.29,3.9,20.0,71,33.19,53,33.08,635 563,,https://www1.mbrace.or.jp/od2/B/202609/b260922.lzh,2026-10-03T18:38:10.415622+09:00
20260922,17,宮島,2,20260922-17-02,6,4804,高田ひか,32,三重,50.0,A1,5.94,37.72,6.55,45.45,13,28.37,37,39.77,3522111,11,https://www1.mbrace.or.jp/od2/B/202609/b260922.lzh,2026-10-03T18:38:10.415622+09:00
20260922,17,宮島,3,20260922-17-03,1,5189,藤原早菜,25,岡山,45.0,A2,5.05,27.64,6.29,39.47,53,32.64,56,35.66,1 344114,10,https://www1.mbrace.or.jp/od2/B/202609/b260922.lzh,2026-10-03T18:38:10.415622+09:00
20260922,17,宮島,3,20260922-17-03,2,4400,加藤奈月,38,福井,52.0,B1,4.14,13.64,3.5,11.11,62,28.0,58,35.34,5 254 54,7,https://www1.mbrace.or.jp/od2/B/202609/b260922.lzh,2026-10-03T18:38:10.415622+09:00
20260922,17,宮島,3,20260922-17-03,3,4244,鈴木成美,39,静岡,45.0,B2,4.11,27.42,4.5,40.0,19,33.77,27,34.09,5 264 66,8,https://www1.mbrace.or.jp/od2/B/202609/b260922.lzh,2026-10-03T18:38:10.415622+09:00
20260922,17,宮島,3,20260922-17-03,4,5165,小林愛実,26,岡山,48.0,B1,4.44,21.11,5.18,28.57,32,40.76,23,30.63,341 321,11,https://www1.mbrace.or.jp/od2/B/202609/b260922.lzh,2026-10-03T18:38:10.415622+09:00
20260922,17,宮島,3,20260922-17-03,5,3334,角ひとみ,58,広島,45.0,A2,5.32,33.33,5.82,43.81,54,36.65,65,32.03,2121216,10,https://www1.mbrace.or.jp/od2/B/202609/b260922.lzh,2026-10-03T18:38:10.415622+09:00
20260922,17,宮島,3,20260922-17-03,6,5387,戸田海咲,20,山口,52.0,B2,1.52,0.0,1.06,0.0,60,39.23,75,30.43,546 656,,https://www1.mbrace.or.jp/od2/B/202609/b260922.lzh,2026-10-03T18:38:10.415622+09:00
20260922,17,宮島,4,20260922-17-04,1,4791,黒澤めぐ,36,東京,48.0,B1,5.92,37.61,5.25,25.0,34,36.02,81,32.22,231 3253,11,https://www1.mbrace.or.jp/od2/B/202609/b260922.lzh,2026-10-03T18:38:10.415622+09:00
20260922,17,宮島,4,20260922-17-04,2,4482,守屋美穂,37,岡山,45.0,A1,6.14,39.08,6.66,44.74,37,41.77,61,34.6,412 3614,12,https://www1.mbrace.or.jp/od2/B/202609/b260922.lzh,2026-10-03T18:38:10.415622+09:00
20260922,17,宮島,4,20260922-17-04,3,4275,菅野はや,44,広島,52.0,B1,3.54,17.65,4.29,16.44,16,34.21,80,29.29,644 524,9,https://www1.mbrace.or.jp/od2/B/202609/b260922.lzh,2026-10-03T18:38:10.415622+09:00
20260922,17,宮島,4,20260922-17-04,4,4011,堀之内紀,47,岡山,46.0,A2,6.47,47.46,5.89,40.91,33,34.38,69,29.87,122 2424,12,https://www1.mbrace.or.jp/od2/B/202609/b260922.lzh,2026-10-03T18:38:10.415622+09:00
20260922,17,宮島,4,20260922-17-04,5,5361,植竹玲奈,19,東京,48.0,B1,2.9,7.59,2.0,0.0,11,38.52,39,35.0,264 414,,https://www1.mbrace.or.jp/od2/B/202609/b260922.lzh,2026-10-03T18:38:10.415622+09:00
20260922,17,宮島,4,20260922-17-04,6,5464,宮田栞,19,福岡,49.0,B2,1.24,0.0,0.0,0.0,57,36.14,24,33.2,6 656 55,,https://www1.mbrace.or.jp/od2/B/202609/b260922.lzh,2026-10-03T18:38:10.415622+09:00
20260922,17,宮島,5,20260922-17-05,1,4289,落合直子,41,大阪,49.0,A2,5.73,38.46,6.39,33.33,66,38.2,78,39.17,2 351352,11,https://www1.mbrace.or.jp/od2/B/202609/b260922.lzh,2026-10-03T18:38:10.415622+09:00
20260922,17,宮島,5,20260922-17-05,2,3355,橋谷田佳,58,東京,39.0,B2,3.35,8.82,2.26,0.0,72,46.59,38,32.7,434 155,9,https://www1.mbrace.or.jp/od2/B/202609/b260922.lzh,2026-10-03T18:38:10.415622+09:00
20260922,17,宮島,5,20260922-17-05,3,4940,白石有美,28,東京,53.0,B2,4.3,19.64,0.0,0.0,56,32.76,70,30.54,5 631 54,,https://www1.mbrace.or.jp/od2/B/202609/b260922.lzh,2026-10-03T18:38:10.415622+09:00
20260922,17,宮島,5,20260922-17-05,4,5320,岩崎麗子,25,群馬,48.0,B1,3.48,14.46,2.28,5.56,52,36.29,12,39.13,416 462,,https://www1.mbrace.or.jp/od2/B/202609/b260922.lzh,2026-10-03T18:38:10.415622+09:00
20260922,17,宮島,5,20260922-17-05,5,4678,水野望美,37,愛知,46.0,B1,4.38,20.78,0.0,0.0,36,33.2,64,30.23,5 425 41,,https://www1.mbrace.or.jp/od2/B/202609/b260922.lzh,2026-10-03T18:38:10.415622+09:00
20260922,17,宮島,5,20260922-17-05,6,4387,平山智加,41,香川,45.0,A1,6.76,50.41,6.13,38.46,67,32.81,18,35.27,342 1321,10,https://www1.mbrace.or.jp/od2/B/202609/b260922.lzh,2026-10-03T18:38:10.415622+09:00
20260922,17,宮島,6,20260922-17-06,1,4450,平高奈菜,39,香川,48.0,A2,6.79,49.52,6.69,45.71,61,36.03,63,34.57,2 151232,11,https://www1.mbrace.or.jp/od2/B/202609/b260922.lzh,2026-10-03T18:38:10.415622+09:00
20260922,17,宮島,6,20260922-17-06,2,5069,山崎小葉,25,群馬,44.0,B1,5.06,29.41,5.1,25.0,78,29.41,73,34.54,2 313 36,10,https://www1.mbrace.or.jp/od2/B/202609/b260922.lzh,2026-10-03T18:38:10.415622+09:00
20260922,17,宮島,6,20260922-17-06,3,5117,冨名腰桃,26,福岡,44.0,B1,5.13,33.33,3.33,6.67,58,38.59,51,37.59,134 352,,https://www1.mbrace.or.jp/od2/B/202609/b260922.lzh,2026-10-03T18:38:10.415622+09:00
20260922,17,宮島,6,20260922-17-06,4,3528,笠野友紀,55,愛知,48.0,B1,4.33,18.52,2.55,0.0,29,31.6,21,33.74,464 252,1,https://www1.mbrace.or.jp/od2/B/202609/b260922.lzh,2026-10-03T18:38:10.415622+09:00
20260922,17,宮島,6,20260922-17-06,5,4997,濱崎寿里,33,埼玉,49.0,B2,3.11,13.89,3.0,14.29,27,31.56,32,33.86,4 553 45,,https://www1.mbrace.or.jp/od2/B/202609/b260922.lzh,2026-10-03T18:38:10.415622+09:00
20260922,17,宮島,6,20260922-17-06,6,3618,海野ゆか,52,広島,44.0,A1,6.24,47.15,6.23,47.73,30,42.46,35,35.86,12133 11,12,https://www1.mbrace.or.jp/od2/B/202609/b260922.lzh,2026-10-03T18:38:10.415622+09:00
20260922,17,宮島,7,20260922-17-07,1,4372,原田佑実,39,大阪,47.0,A2,6.1,42.42,6.63,57.89,15,35.74,26,29.79,15142 15,12,https://www1.mbrace.or.jp/od2/B/202609/b260922.lzh,2026-10-03T18:38:10.415622+09:00
20260922,17,宮島,7,20260922-17-07,2,3551,藤田美代,55,福岡,44.0,B1,3.83,17.5,4.22,18.92,65,40.31,76,35.04,5 332 43,1,https://www1.mbrace.or.jp/od2/B/202609/b260922.lzh,2026-10-03T18:38:10.415622+09:00
20260922,17,宮島,7,20260922-17-07,3,5326,三嶌さら,22,香川,47.0,B1,4.84,29.01,3.12,8.0,63,33.33,19,40.09,211 5 33,11,https://www1.mbrace.or.jp/od2/B/202609/b260922.lzh,2026-10-03T18:38:10.415622+09:00
20260922,17,宮島,7,20260922-17-07,4,5334,樫葉新心,22,徳島,45.0,B1,2.87,5.95,2.0,3.13,82,32.34,72,39.66,545 643,,https://www1.mbrace.or.jp/od2/B/202609/b260922.lzh,2026-10-03T18:38:10.415622+09:00
20260922,17,宮島,7,20260922-17-07,5,4400,加藤奈月,38,福井,52.0,B1,4.14,13.64,3.5,11.11,62,28.0,58,35.34,5 254 54,3,https://www1.mbrace.or.jp/od2/B/202609/b260922.lzh,2026-10-03T18:38:10.415622+09:00
20260922,17,宮島,7,20260922-17-07,6,5442,池田美優,19,広島,45.0,B2,1.67,1.52,1.33,3.7,21,40.71,13,37.38,566 546,,https://www1.mbrace.or.jp/od2/B/202609/b260922.lzh,2026-10-03T18:38:10.415622+09:00
20260922,17,宮島,8,20260922-17-08,1,4536,喜井つか,36,岡山,47.0,A2,5.83,40.0,6.38,42.86,23,31.93,16,38.72,3 112252,12,https://www1.mbrace.or.jp/od2/B/202609/b260922.lzh,2026-10-03T18:38:10.415622+09:00
20260922,17,宮島,8,20260922-17-08,2,4244,鈴木成美,39,静岡,45.0,B2,4.11,27.42,4.5,40.0,19,33.77,27,34.09,5 264 66,3,https://www1.mbrace.or.jp/od2/B/202609/b260922.lzh,2026-10-03T18:38:10.415622+09:00
20260922,17,宮島,8,20260922-17-08,3,4878,西岡育未,31,徳島,47.0,B1,4.55,21.88,3.41,11.76,17,38.4,25,36.27,3 366 45,,https://www1.mbrace.or.jp/od2/B/202609/b260922.lzh,2026-10-03T18:38:10.415622+09:00
20260922,17,宮島,8,20260922-17-08,4,4283,石井裕美,42,東京,51.0,B1,3.95,7.79,5.37,15.79,55,36.33,57,35.42,3 543 33,2,https://www1.mbrace.or.jp/od2/B/202609/b260922.lzh,2026-10-03T18:38:10.415622+09:00
20260922,17,宮島,8,20260922-17-08,5,4784,向井田真,38,広島,52.0,B1,3.49,12.24,4.49,26.39,24,35.32,36,32.42,4 313 62,1,https://www1.mbrace.or.jp/od2/B/202609/b260922.lzh,2026-10-03T18:38:10.415622+09:00
20260922,17,宮島,8,20260922-17-08,6,5380,野田亜湖,22,徳島,50.0,B2,1.2,0.0,1.18,0.0,79,37.39,30,29.63,6 456 66,,https://www1.mbrace.or.jp/od2/B/202609/b260922.lzh,2026-10-03T18:38:10.415622+09:00
20260922,17,宮島,9,20260922-17-09,1,4275,菅野はや,44,広島,52.0,B1,3.54,17.65,4.29,16.44,16,34.21,80,29.29,644 524,4,https://www1.mbrace.or.jp/od2/B/202609/b260922.lzh,2026-10-03T18:38:10.415622+09:00
20260922,17,宮島,9,20260922-17-09,2,3509,池千夏,54,香川,49.0,B1,3.24,6.33,3.87,19.35,20,29.31,71,32.94,6 62444,1,https://www1.mbrace.or.jp/od2/B/202609/b260922.lzh,2026-10-03T18:38:10.415622+09:00
20260922,17,宮島,9,20260922-17-09,3,3993,永井聖美,47,東京,45.0,B1,5.63,37.63,4.93,29.63,51,40.0,62,45.62,3 533 13,2,https://www1.mbrace.or.jp/od2/B/202609/b260922.lzh,2026-10-03T18:38:10.415622+09:00
20260922,17,宮島,9,20260922-17-09,4,3845,中谷朋子,49,兵庫,45.0,A2,6.08,47.44,6.45,35.0,18,32.49,29,42.41,553 4115,,https://www1.mbrace.or.jp/od2/B/202609/b260922.lzh,2026-10-03T18:38:10.415622+09:00
20260922,17,宮島,9,20260922-17-09,5,3355,橋谷田佳,58,東京,39.0,B2,3.35,8.82,2.26,0.0,72,46.59,38,32.7,434 155,5,https://www1.mbrace.or.jp/od2/B/202609/b260922.lzh,2026-10-03T18:38:10.415622+09:00
20260922,17,宮島,9,20260922-17-09,6,5360,高木茉白,19,埼玉,46.0,B1,3.23,15.79,3.0,0.0,80,28.72,22,32.06,665 666,,https://www1.mbrace.or.jp/od2/B/202609/b260922.lzh,2026-10-03T18:38:10.415622+09:00
20260922,17,宮島,10,20260922-17-10,1,4387,平山智加,41,香川,45.0,A1,6.76,50.41,6.13,38.46,67,32.81,18,35.27,342 1321,5,https://www1.mbrace.or.jp/od2/B/202609/b260922.lzh,2026-10-03T18:38:10.415622+09:00
20260922,17,宮島,10,20260922-17-10,2,3334,角ひとみ,58,広島,45.0,A2,5.32,33.33,5.82,43.81,54,36.65,65,32.03,2121216,3,https://www1.mbrace.or.jp/od2/B/202609/b260922.lzh,2026-10-03T18:38:10.415622+09:00
20260922,17,宮島,10,20260922-17-10,3,5189,藤原早菜,25,岡山,45.0,A2,5.05,27.64,6.29,39.47,53,32.64,56,35.66,1 344114,3,https://www1.mbrace.or.jp/od2/B/202609/b260922.lzh,2026-10-03T18:38:10.415622+09:00
20260922,17,宮島,10,20260922-17-10,4,4689,豊田結,33,静岡,54.0,B1,4.97,29.79,3.5,16.67,38,47.1,77,35.22,214 143,2,https://www1.mbrace.or.jp/od2/B/202609/b260922.lzh,2026-10-03T18:38:10.415622+09:00
20260922,17,宮島,10,20260922-17-10,5,5069,山崎小葉,25,群馬,44.0,B1,5.06,29.41,5.1,25.0,78,29.41,73,34.54,2 313 36,6,https://www1.mbrace.or.jp/od2/B/202609/b260922.lzh,2026-10-03T18:38:10.415622+09:00
20260922,17,宮島,10,20260922-17-10,6,4680,後藤美翼,36,東京,45.0,A2,5.58,33.64,5.67,42.86,25,38.28,14,29.95,142 5522,1,https://www1.mbrace.or.jp/od2/B/202609/b260922.lzh,2026-10-03T18:38:10.415622+09:00
20260922,17,宮島,11,20260922-17-11,1,4804,高田ひか,32,三重,50.0,A1,5.94,37.72,6.55,45.45,13,28.37,37,39.77,3522111,2,https://www1.mbrace.or.jp/od2/B/202609/b260922.lzh,2026-10-03T18:38:10.415622+09:00
20260922,17,宮島,11,20260922-17-11,2,4450,平高奈菜,39,香川,48.0,A2,6.79,49.52,6.69,45.71,61,36.03,63,34.57,2 151232,6,https://www1.mbrace.or.jp/od2/B/202609/b260922.lzh,2026-10-03T18:38:10.415622+09:00
20260922,17,宮島,11,20260922-17-11,3,5165,小林愛実,26,岡山,48.0,B1,4.44,21.11,5.18,28.57,32,40.76,23,30.63,341 321,3,https://www1.mbrace.or.jp/od2/B/202609/b260922.lzh,2026-10-03T18:38:10.415622+09:00
20260922,17,宮島,11,20260922-17-11,4,5326,三嶌さら,22,香川,47.0,B1,4.84,29.01,3.12,8.0,63,33.33,19,40.09,211 5 33,7,https://www1.mbrace.or.jp/od2/B/202609/b260922.lzh,2026-10-03T18:38:10.415622+09:00
20260922,17,宮島,11,20260922-17-11,5,4791,黒澤めぐ,36,東京,48.0,B1,5.92,37.61,5.25,25.0,34,36.02,81,32.22,231 3253,4,https://www1.mbrace.or.jp/od2/B/202609/b260922.lzh,2026-10-03T18:38:10.415622+09:00
20260922,17,宮島,11,20260922-17-11,6,4289,落合直子,41,大阪,49.0,A2,5.73,38.46,6.39,33.33,66,38.2,78,39.17,2 351352,5,https://www1.mbrace.or.jp/od2/B/202609/b260922.lzh,2026-10-03T18:38:10.415622+09:00
20260922,17,宮島,12,20260922-17-12,1,3618,海野ゆか,52,広島,44.0,A1,6.24,47.15,6.23,47.73,30,42.46,35,35.86,12133 11,6,https://www1.mbrace.or.jp/od2/B/202609/b260922.lzh,2026-10-03T18:38:10.415622+09:00
20260922,17,宮島,12,20260922-17-12,2,4536,喜井つか,36,岡山,47.0,A2,5.83,40.0,6.38,42.86,23,31.93,16,38.72,3 112252,8,https://www1.mbrace.or.jp/od2/B/202609/b260922.lzh,2026-10-03T18:38:10.415622+09:00
20260922,17,宮島,12,20260922-17-12,3,4011,堀之内紀,47,岡山,46.0,A2,6.47,47.46,5.89,40.91,33,34.38,69,29.87,122 2424,4,https://www1.mbrace.or.jp/od2/B/202609/b260922.lzh,2026-10-03T18:38:10.415622+09:00
20260922,17,宮島,12,20260922-17-12,4,4372,原田佑実,39,大阪,47.0,A2,6.1,42.42,6.63,57.89,15,35.74,26,29.79,15142 15,7,https://www1.mbrace.or.jp/od2/B/202609/b260922.lzh,2026-10-03T18:38:10.415622+09:00
20260922,17,宮島,12,20260922-17-12,5,4482,守屋美穂,37,岡山,45.0,A1,6.14,39.08,6.66,44.74,37,41.77,61,34.6,412 3614,4,https://www1.mbrace.or.jp/od2/B/202609/b260922.lzh,2026-10-03T18:38:10.415622+09:00
20260922,17,宮島,12,20260922-17-12,6,4844,村上奈穂,33,広島,49.0,B1,3.81,15.84,4.78,27.59,59,28.88,17,40.97,2 436 21,2,https://www1.mbrace.or.jp/od2/B/202609/b260922.lzh,2026-10-03T18:38:10.415622+09:00
20260922,16,児島,1,20260922-16-01,1,4069,山本修一,46,岡山,54.0,A2,5.8,39.45,5.88,36.49,56,36.36,67,28.8,434 122415,11,https://www1.mbrace.or.jp/od2/B/202609/b260922.lzh,2026-10-03T18:38:10.415622+09:00
20260922,16,児島,1,20260922-16-01,2,5284,嘉手苅徹,27,福岡,53.0,B2,4.01,20.22,2.7,6.82,28,32.83,23,33.33,1 651 526,7,https://www1.mbrace.or.jp/od2/B/202609/b260922.lzh,2026-10-03T18:38:10.415622+09:00
20260922,16,児島,1,20260922-16-01,3,3911,鈴木猛,52,東京,54.0,B1,4.84,27.52,0.0,0.0,40,23.88,32,32.28,6 54S 464,6,https://www1.mbrace.or.jp/od2/B/202609/b260922.lzh,2026-10-03T18:38:10.415622+09:00
20260922,16,児島,1,20260922-16-01,4,4129,宇野博之,46,愛知,57.0,B1,3.61,14.94,5.18,30.77,69,36.23,17,38.42,465 636 3,8,https://www1.mbrace.or.jp/od2/B/202609/b260922.lzh,2026-10-03T18:38:10.415622+09:00
20260922,16,児島,1,20260922-16-01,5,4213,重富伸也,42,長崎,55.0,B1,3.96,22.47,4.35,26.47,11,30.14,13,28.8,566 156 4,9,https://www1.mbrace.or.jp/od2/B/202609/b260922.lzh,2026-10-03T18:38:10.415622+09:00
20260922,16,児島,1,20260922-16-01,6,5458,田中大輝,20,福岡,53.0,B2,1.32,0.0,0.0,0.0,35,44.66,66,34.22,1 616 656,5,https://www1.mbrace.or.jp/od2/B/202609/b260922.lzh,2026-10-03T18:38:10.415622+09:00
20260922,16,児島,2,20260922-16-02,1,4563,齋藤真之,38,岡山,54.0,B1,3.94,20.83,4.23,22.68,45,27.54,45,36.79,5 265 322,9,https://www1.mbrace.or.jp/od2/B/202609/b260922.lzh,2026-10-03T18:38:10.415622+09:00
20260922,16,児島,2,20260922-16-02,2,5271,杉山太陽,25,福岡,53.0,B1,3.98,17.89,3.0,11.11,20,48.34,44,33.16,1 436 366,7,https://www1.mbrace.or.jp/od2/B/202609/b260922.lzh,2026-10-03T18:38:10.415622+09:00
20260922,16,児島,2,20260922-16-02,3,4145,小澤学,44,東京,53.0,B1,4.07,15.79,0.0,0.0,66,35.55,74,35.98,664 555 5,6,https://www1.mbrace.or.jp/od2/B/202609/b260922.lzh,2026-10-03T18:38:10.415622+09:00
20260922,16,児島,2,20260922-16-02,4,5336,瀬川大地,20,山口,56.0,B1,3.56,16.05,1.19,0.0,67,31.75,55,28.11,665 324 56,,https://www1.mbrace.or.jp/od2/B/202609/b260922.lzh,2026-10-03T18:38:10.415622+09:00
20260922,16,児島,2,20260922-16-02,5,3982,福田理,49,岡山,57.0,B1,4.4,22.83,4.32,22.48,55,48.08,38,42.86,451 264 14,,https://www1.mbrace.or.jp/od2/B/202609/b260922.lzh,2026-10-03T18:38:10.415622+09:00
20260922,16,児島,2,20260922-16-02,6,5419,櫻井隼,20,埼玉,51.0,B1,2.24,1.28,0.0,0.0,26,30.95,20,31.75,6 665 636,8,https://www1.mbrace.or.jp/od2/B/202609/b260922.lzh,2026-10-03T18:38:10.415622+09:00
20260922,16,児島,3,20260922-16-03,1,4077,品田直樹,47,東京,53.0,A2,5.51,34.91,3.78,5.56,33,25.0,31,35.64,613 565 55,,https://www1.mbrace.or.jp/od2/B/202609/b260922.lzh,2026-10-03T18:38:10.415622+09:00
20260922,16,児島,3,20260922-16-03,2,4028,田村隆信,48,徳島,59.0,A1,5.64,36.19,6.86,57.14,48,22.84,71,43.16,563 311626,11,https://www1.mbrace.or.jp/od2/B/202609/b260922.lzh,2026-10-03T18:38:10.415622+09:00
20260922,16,児島,3,20260922-16-03,3,3831,安藤裕貴,52,愛知,53.0,B1,4.47,27.0,4.83,33.33,36,36.32,46,31.25,2 553 433,9,https://www1.mbrace.or.jp/od2/B/202609/b260922.lzh,2026-10-03T18:38:10.415622+09:00
20260922,16,児島,3,20260922-16-03,4,5107,松本真広,27,福岡,50.0,B1,4.07,11.76,4.5,22.22,31,33.65,41,31.84,4 623 666,8,https://www1.mbrace.or.jp/od2/B/202609/b260922.lzh,2026-10-03T18:38:10.415622+09:00
20260922,16,児島,3,20260922-16-03,5,3642,大塚浩二,55,静岡,52.0,B1,4.35,15.19,4.31,16.67,30,37.86,73,34.39,4 465 121,7,https://www1.mbrace.or.jp/od2/B/202609/b260922.lzh,2026-10-03T18:38:10.415622+09:00
20260922,16,児島,3,20260922-16-03,6,4342,谷野錬志,42,静岡,54.0,A2,6.55,41.24,7.0,66.67,46,23.68,37,23.46,2226422 13,10,https://www1.mbrace.or.jp/od2/B/202609/b260922.lzh,2026-10-03T18:38:10.415622+09:00
20260922,16,児島,4,20260922-16-04,1,4723,寺島吉彦,40,東京,50.0,B1,4.28,25.0,4.15,25.0,58,34.02,16,22.34,341 263 56,10,https://www1.mbrace.or.jp/od2/B/202609/b260922.lzh,2026-10-03T18:38:10.415622+09:00
20260922,16,児島,4,20260922-16-04,2,4785,木幡純也,38,愛知,52.0,B1,4.12,19.28,4.32,13.51,52,28.64,52,32.64,5 334 253,8,https://www1.mbrace.or.jp/od2/B/202609/b260922.lzh,2026-10-03T18:38:10.415622+09:00
20260922,16,児島,4,20260922-16-04,3,3870,寺嶋雄,50,福井,53.0,B1,4.01,17.65,4.11,33.33,19,41.55,26,34.74,616 462 52,,https://www1.mbrace.or.jp/od2/B/202609/b260922.lzh,2026-10-03T18:38:10.415622+09:00
20260922,16,児島,4,20260922-16-04,4,4122,安東幸治,44,福岡,56.0,A2,5.43,36.0,0.0,0.0,53,33.17,28,25.56,4 423 5211,9,https://www1.mbrace.or.jp/od2/B/202609/b260922.lzh,2026-10-03T18:38:10.415622+09:00
20260922,16,児島,4,20260922-16-04,5,3977,山本兼士,49,大阪,52.0,B1,4.24,15.53,6.5,40.0,50,40.28,24,29.17,3 334 4213,10,https://www1.mbrace.or.jp/od2/B/202609/b260922.lzh,2026-10-03T18:38:10.415622+09:00
20260922,16,児島,4,20260922-16-04,6,3997,北村征嗣,47,大阪,55.0,A1,6.1,39.39,6.92,52.83,29,28.5,21,27.57,35222 2523,11,https://www1.mbrace.or.jp/od2/B/202609/b260922.lzh,2026-10-03T18:38:10.415622+09:00
20260922,16,児島,5,20260922-16-05,1,4179,広次修,43,山口,52.0,A2,5.07,25.42,5.91,45.45,24,31.9,48,32.46,2 11253134,11,https://www1.mbrace.or.jp/od2/B/202609/b260922.lzh,2026-10-03T18:38:10.415622+09:00
20260922,16,児島,5,20260922-16-05,2,4105,松下直也,46,兵庫,53.0,B1,5.13,30.43,5.24,21.74,44,40.0,18,34.55,211 543 66,10,https://www1.mbrace.or.jp/od2/B/202609/b260922.lzh,2026-10-03T18:38:10.415622+09:00
20260922,16,児島,5,20260922-16-05,3,4439,近藤友宝,40,埼玉,55.0,B1,4.04,17.57,3.46,23.08,57,33.65,29,31.77,314 465 44,,https://www1.mbrace.or.jp/od2/B/202609/b260922.lzh,2026-10-03T18:38:10.415622+09:00
20260922,16,児島,5,20260922-16-05,4,3319,山崎義明,59,埼玉,53.0,A2,5.69,37.9,0.0,0.0,38,35.51,51,29.69,2 563 1134,10,https://www1.mbrace.or.jp/od2/B/202609/b260922.lzh,2026-10-03T18:38:10.415622+09:00
20260922,16,児島,5,20260922-16-05,5,5458,田中大輝,20,福岡,53.0,B2,1.32,0.0,0.0,0.0,35,44.66,66,34.22,1 616 656,1,https://www1.mbrace.or.jp/od2/B/202609/b260922.lzh,2026-10-03T18:38:10.415622+09:00
20260922,16,児島,5,20260922-16-05,6,4319,三宅潤,41,大阪,54.0,A2,5.39,30.08,3.0,0.0,62,39.22,19,37.77,3 51641 16,9,https://www1.mbrace.or.jp/od2/B/202609/b260922.lzh,2026-10-03T18:38:10.415622+09:00
20260922,16,児島,6,20260922-16-06,1,3872,岡田憲行,50,大阪,54.0,A2,5.73,36.0,5.65,48.39,49,38.35,12,30.69,5 1534444,,https://www1.mbrace.or.jp/od2/B/202609/b260922.lzh,2026-10-03T18:38:10.415622+09:00
20260922,16,児島,6,20260922-16-06,2,4506,稗田聖也,38,福岡,52.0,A1,6.24,47.62,5.52,37.93,16,35.65,43,37.77,14232 1135,10,https://www1.mbrace.or.jp/od2/B/202609/b260922.lzh,2026-10-03T18:38:10.415622+09:00
20260922,16,児島,6,20260922-16-06,3,3773,津留浩一,52,長崎,58.0,B1,3.73,16.85,5.1,27.12,15,27.86,63,34.09,555 226 23,,https://www1.mbrace.or.jp/od2/B/202609/b260922.lzh,2026-10-03T18:38:10.415622+09:00
20260922,16,児島,6,20260922-16-06,4,4145,小澤学,44,東京,53.0,B1,4.07,15.79,0.0,0.0,66,35.55,74,35.98,664 555 5,2,https://www1.mbrace.or.jp/od2/B/202609/b260922.lzh,2026-10-03T18:38:10.415622+09:00
20260922,16,児島,6,20260922-16-06,5,3911,鈴木猛,52,東京,54.0,B1,4.84,27.52,0.0,0.0,40,23.88,32,32.28,6 54S 464,1,https://www1.mbrace.or.jp/od2/B/202609/b260922.lzh,2026-10-03T18:38:10.415622+09:00
20260922,16,児島,6,20260922-16-06,6,5467,野村羽玖,19,大阪,51.0,B2,2.5,1.85,3.11,0.0,63,31.31,61,31.25,221 144 64,11,https://www1.mbrace.or.jp/od2/B/202609/b260922.lzh,2026-10-03T18:38:10.415622+09:00
20260922,16,児島,7,20260922-16-07,1,4411,沢田昭宏,40,大阪,55.0,A2,5.61,36.59,6.07,42.03,34,32.52,72,31.05,333 45353,,https://www1.mbrace.or.jp/od2/B/202609/b260922.lzh,2026-10-03T18:38:10.415622+09:00
20260922,16,児島,7,20260922-16-07,2,3730,塩崎優司,54,愛知,53.0,B1,3.75,17.0,5.0,25.0,14,28.02,39,38.22,3 342 5145,11,https://www1.mbrace.or.jp/od2/B/202609/b260922.lzh,2026-10-03T18:38:10.415622+09:00
20260922,16,児島,7,20260922-16-07,3,3642,大塚浩二,55,静岡,52.0,B1,4.35,15.19,4.31,16.67,30,37.86,73,34.39,4 465 121,3,https://www1.mbrace.or.jp/od2/B/202609/b260922.lzh,2026-10-03T18:38:10.415622+09:00
20260922,16,児島,7,20260922-16-07,4,5271,杉山太陽,25,福岡,53.0,B1,3.98,17.89,3.0,11.11,20,48.34,44,33.16,1 436 366,2,https://www1.mbrace.or.jp/od2/B/202609/b260922.lzh,2026-10-03T18:38:10.415622+09:00
20260922,16,児島,7,20260922-16-07,5,5284,嘉手苅徹,27,福岡,53.0,B2,4.01,20.22,2.7,6.82,28,32.83,23,33.33,1 651 526,1,https://www1.mbrace.or.jp/od2/B/202609/b260922.lzh,2026-10-03T18:38:10.415622+09:00
20260922,16,児島,7,20260922-16-07,6,3458,東健介,59,岡山,55.0,B1,3.56,14.12,3.78,11.11,54,30.85,65,36.02,2 F45 5 4,,https://www1.mbrace.or.jp/od2/B/202609/b260922.lzh,2026-10-03T18:38:10.415622+09:00
20260922,16,児島,8,20260922-16-08,1,3826,村田修次,53,東京,54.0,A2,6.43,49.14,6.32,47.37,59,28.23,42,33.85,46324 535,,https://www1.mbrace.or.jp/od2/B/202609/b260922.lzh,2026-10-03T18:38:10.415622+09:00
20260922,16,児島,8,20260922-16-08,2,4129,宇野博之,46,愛知,57.0,B1,3.61,14.94,5.18,30.77,69,36.23,17,38.42,465 636 3,1,https://www1.mbrace.or.jp/od2/B/202609/b260922.lzh,2026-10-03T18:38:10.415622+09:00
20260922,16,児島,8,20260922-16-08,3,5107,松本真広,27,福岡,50.0,B1,4.07,11.76,4.5,22.22,31,33.65,41,31.84,4 623 666,3,https://www1.mbrace.or.jp/od2/B/202609/b260922.lzh,2026-10-03T18:38:10.415622+09:00
20260922,16,児島,8,20260922-16-08,4,5419,櫻井隼,20,埼玉,51.0,B1,2.24,1.28,0.0,0.0,26,30.95,20,31.75,6 665 636,2,https://www1.mbrace.or.jp/od2/B/202609/b260922.lzh,2026-10-03T18:38:10.415622+09:00
20260922,16,児島,8,20260922-16-08,5,4785,木幡純也,38,愛知,52.0,B1,4.12,19.28,4.32,13.51,52,28.64,52,32.64,5 334 253,4,https://www1.mbrace.or.jp/od2/B/202609/b260922.lzh,2026-10-03T18:38:10.415622+09:00
20260922,16,児島,8,20260922-16-08,6,4469,土山卓也,39,福井,56.0,A2,5.62,35.24,0.0,0.0,32,27.59,27,32.09,232 25664,,https://www1.mbrace.or.jp/od2/B/202609/b260922.lzh,2026-10-03T18:38:10.415622+09:00
20260922,16,児島,9,20260922-16-09,1,4122,安東幸治,44,福岡,56.0,A2,5.43,36.0,0.0,0.0,53,33.17,28,25.56,4 423 5211,4,https://www1.mbrace.or.jp/od2/B/202609/b260922.lzh,2026-10-03T18:38:10.415622+09:00
20260922,16,児島,9,20260922-16-09,2,4213,重富伸也,42,長崎,55.0,B1,3.96,22.47,4.35,26.47,11,30.14,13,28.8,566 156 4,1,https://www1.mbrace.or.jp/od2/B/202609/b260922.lzh,2026-10-03T18:38:10.415622+09:00
20260922,16,児島,9,20260922-16-09,3,4904,松本一毅,32,大阪,51.0,B1,5.48,35.94,6.07,37.04,61,35.24,53,24.73,4 244 2325,,https://www1.mbrace.or.jp/od2/B/202609/b260922.lzh,2026-10-03T18:38:10.415622+09:00
20260922,16,児島,9,20260922-16-09,4,4319,三宅潤,41,大阪,54.0,A2,5.39,30.08,3.0,0.0,62,39.22,19,37.77,3 51641 16,5,https://www1.mbrace.or.jp/od2/B/202609/b260922.lzh,2026-10-03T18:38:10.415622+09:00
20260922,16,児島,9,20260922-16-09,5,3831,安藤裕貴,52,愛知,53.0,B1,4.47,27.0,4.83,33.33,36,36.32,46,31.25,2 553 433,3,https://www1.mbrace.or.jp/od2/B/202609/b260922.lzh,2026-10-03T18:38:10.415622+09:00
20260922,16,児島,9,20260922-16-09,6,4563,齋藤真之,38,岡山,54.0,B1,3.94,20.83,4.23,22.68,45,27.54,45,36.79,5 265 322,2,https://www1.mbrace.or.jp/od2/B/202609/b260922.lzh,2026-10-03T18:38:10.415622+09:00
20260922,16,児島,10,20260922-16-10,1,4342,谷野錬志,42,静岡,54.0,A2,6.55,41.24,7.0,66.67,46,23.68,37,23.46,2226422 13,3,https://www1.mbrace.or.jp/od2/B/202609/b260922.lzh,2026-10-03T18:38:10.415622+09:00
20260922,16,児島,10,20260922-16-10,2,3977,山本兼士,49,大阪,52.0,B1,4.24,15.53,6.5,40.0,50,40.28,24,29.17,3 334 4213,4,https://www1.mbrace.or.jp/od2/B/202609/b260922.lzh,2026-10-03T18:38:10.415622+09:00
20260922,16,児島,10,20260922-16-10,3,3319,山崎義明,59,埼玉,53.0,A2,5.69,37.9,0.0,0.0,38,35.51,51,29.69,2 563 1134,5,https://www1.mbrace.or.jp/od2/B/202609/b260922.lzh,2026-10-03T18:38:10.415622+09:00
20260922,16,児島,10,20260922-16-10,4,4506,稗田聖也,38,福岡,52.0,A1,6.24,47.62,5.52,37.93,16,35.65,43,37.77,14232 1135,6,https://www1.mbrace.or.jp/od2/B/202609/b260922.lzh,2026-10-03T18:38:10.415622+09:00
20260922,16,児島,10,20260922-16-10,5,4105,松下直也,46,兵庫,53.0,B1,5.13,30.43,5.24,21.74,44,40.0,18,34.55,211 543 66,5,https://www1.mbrace.or.jp/od2/B/202609/b260922.lzh,2026-10-03T18:38:10.415622+09:00
20260922,16,児島,10,20260922-16-10,6,4723,寺島吉彦,40,東京,50.0,B1,4.28,25.0,4.15,25.0,58,34.02,16,22.34,341 263 56,4,https://www1.mbrace.or.jp/od2/B/202609/b260922.lzh,2026-10-03T18:38:10.415622+09:00
20260922,16,児島,11,20260922-16-11,1,3997,北村征嗣,47,大阪,55.0,A1,6.1,39.39,6.92,52.83,29,28.5,21,27.57,35222 2523,4,https://www1.mbrace.or.jp/od2/B/202609/b260922.lzh,2026-10-03T18:38:10.415622+09:00
20260922,16,児島,11,20260922-16-11,2,4179,広次修,43,山口,52.0,A2,5.07,25.42,5.91,45.45,24,31.9,48,32.46,2 11253134,5,https://www1.mbrace.or.jp/od2/B/202609/b260922.lzh,2026-10-03T18:38:10.415622+09:00
20260922,16,児島,11,20260922-16-11,3,5467,野村羽玖,19,大阪,51.0,B2,2.5,1.85,3.11,0.0,63,31.31,61,31.25,221 144 64,6,https://www1.mbrace.or.jp/od2/B/202609/b260922.lzh,2026-10-03T18:38:10.415622+09:00
20260922,16,児島,11,20260922-16-11,4,4069,山本修一,46,岡山,54.0,A2,5.8,39.45,5.88,36.49,56,36.36,67,28.8,434 122415,1,https://www1.mbrace.or.jp/od2/B/202609/b260922.lzh,2026-10-03T18:38:10.415622+09:00
20260922,16,児島,11,20260922-16-11,5,3730,塩崎優司,54,愛知,53.0,B1,3.75,17.0,5.0,25.0,14,28.02,39,38.22,3 342 5145,7,https://www1.mbrace.or.jp/od2/B/202609/b260922.lzh,2026-10-03T18:38:10.415622+09:00
20260922,16,児島,11,20260922-16-11,6,4028,田村隆信,48,徳島,59.0,A1,5.64,36.19,6.86,57.14,48,22.84,71,43.16,563 311626,3,https://www1.mbrace.or.jp/od2/B/202609/b260922.lzh,2026-10-03T18:38:10.415622+09:00
20260922,16,児島,12,20260922-16-12,1,3743,林美憲,51,徳島,52.0,A1,5.5,40.46,7.3,60.0,68,32.55,75,30.56,1224114 21,,https://www1.mbrace.or.jp/od2/B/202609/b260922.lzh,2026-10-03T18:38:10.415622+09:00
20260922,16,児島,12,20260922-16-12,2,3933,山地正樹,50,岡山,54.0,B1,5.96,44.64,5.41,39.33,13,35.27,60,28.57,511 311 11,,https://www1.mbrace.or.jp/od2/B/202609/b260922.lzh,2026-10-03T18:38:10.415622+09:00
20260922,16,児島,12,20260922-16-12,3,4007,榮田将彦,47,山口,50.0,B1,4.67,27.88,4.0,16.67,27,34.85,22,31.41,151 614 31,,https://www1.mbrace.or.jp/od2/B/202609/b260922.lzh,2026-10-03T18:38:10.415622+09:00
20260922,16,児島,12,20260922-16-12,4,4019,笠原亮,46,静岡,53.0,A1,7.04,54.78,6.33,44.44,39,37.02,57,32.63,412 132452,,https://www1.mbrace.or.jp/od2/B/202609/b260922.lzh,2026-10-03T18:38:10.415622+09:00
20260922,16,児島,12,20260922-16-12,5,5002,上田健太,30,愛知,52.0,A2,5.42,33.33,7.24,52.38,17,38.57,11,28.02,345 113322,,https://www1.mbrace.or.jp/od2/B/202609/b260922.lzh,2026-10-03T18:38:10.415622+09:00
20260922,16,児島,12,20260922-16-12,6,4903,吉田凌太,32,愛知,51.0,A1,6.24,45.71,6.85,50.0,25,26.09,25,31.41,53313 1122,,https://www1.mbrace.or.jp/od2/B/202609/b260922.lzh,2026-10-03T18:38:10.415622+09:00
20260922,12,住之江,1,20260922-12-01,1,3988,古川誠之,48,愛知,55.0,A2,6.19,38.35,5.63,43.75,14,25.24,34,29.35,411 263,9,https://www1.mbrace.or.jp/od2/B/202609/b260922.lzh,2026-10-03T18:38:10.415622+09:00
20260922,12,住之江,1,20260922-12-01,2,3282,池本輝明,59,広島,53.0,B1,4.64,23.08,4.14,0.0,15,29.25,39,27.78,5 155 36,,https://www1.mbrace.or.jp/od2/B/202609/b260922.lzh,2026-10-03T18:38:10.415622+09:00
20260922,12,住之江,1,20260922-12-01,3,3853,岩崎正哉,54,福岡,55.0,A2,5.89,38.05,4.54,38.46,76,17.17,32,36.73,233 162,9,https://www1.mbrace.or.jp/od2/B/202609/b260922.lzh,2026-10-03T18:38:10.415622+09:00
20260922,12,住之江,1,20260922-12-01,4,3935,岩津徹郎,49,岡山,54.0,B1,5.6,40.0,5.25,12.5,19,34.62,21,34.34,336 442,,https://www1.mbrace.or.jp/od2/B/202609/b260922.lzh,2026-10-03T18:38:10.415622+09:00
20260922,12,住之江,1,20260922-12-01,5,4118,宇佐見淳,45,愛知,53.0,A2,5.99,40.65,0.0,0.0,79,37.74,80,30.93,561 414,8,https://www1.mbrace.or.jp/od2/B/202609/b260922.lzh,2026-10-03T18:38:10.415622+09:00
20260922,12,住之江,1,20260922-12-01,6,5425,西山育,24,三重,56.0,B2,1.4,0.0,0.0,0.0,56,34.65,64,29.7,6 2 564,6,https://www1.mbrace.or.jp/od2/B/202609/b260922.lzh,2026-10-03T18:38:10.415622+09:00
20260922,12,住之江,2,20260922-12-02,1,4578,藤山雅弘,37,大阪,53.0,A2,5.84,41.73,5.97,40.43,85,40.0,66,31.96,2 156 15,10,https://www1.mbrace.or.jp/od2/B/202609/b260922.lzh,2026-10-03T18:38:10.415622+09:00
20260922,12,住之江,2,20260922-12-02,2,4618,乃村康友,43,三重,55.0,B1,5.05,32.88,5.65,45.16,54,38.1,29,35.64,251 631,11,https://www1.mbrace.or.jp/od2/B/202609/b260922.lzh,2026-10-03T18:38:10.415622+09:00
20260922,12,住之江,2,20260922-12-02,3,4040,廣瀬将亨,47,兵庫,58.0,A2,5.94,40.83,6.2,30.0,69,36.27,67,41.94,451 434,12,https://www1.mbrace.or.jp/od2/B/202609/b260922.lzh,2026-10-03T18:38:10.415622+09:00
20260922,12,住之江,2,20260922-12-02,4,4000,松本博昭,49,広島,56.0,A2,6.09,42.86,5.64,39.29,33,33.02,13,35.64,423 551,7,https://www1.mbrace.or.jp/od2/B/202609/b260922.lzh,2026-10-03T18:38:10.415622+09:00
20260922,12,住之江,2,20260922-12-02,5,4010,越智照浩,47,香川,59.0,B1,4.51,18.99,4.94,29.41,27,39.42,54,25.29,6 626 66,,https://www1.mbrace.or.jp/od2/B/202609/b260922.lzh,2026-10-03T18:38:10.415622+09:00
20260922,12,住之江,2,20260922-12-02,6,5378,鈴木結平,22,静岡,51.0,B2,1.73,1.52,1.17,0.0,36,18.1,60,30.21,6 466 65,,https://www1.mbrace.or.jp/od2/B/202609/b260922.lzh,2026-10-03T18:38:10.415622+09:00
20260922,12,住之江,3,20260922-12-03,1,4389,伊藤喜智,40,大阪,52.0,A2,5.44,30.1,5.26,33.33,39,38.68,18,26.67,142 3454,10,https://www1.mbrace.or.jp/od2/B/202609/b260922.lzh,2026-10-03T18:38:10.415622+09:00
20260922,12,住之江,3,20260922-12-03,2,4215,吉島祥之,42,愛知,55.0,A2,5.44,35.96,7.0,50.0,23,31.07,58,31.82,6 123 24,9,https://www1.mbrace.or.jp/od2/B/202609/b260922.lzh,2026-10-03T18:38:10.415622+09:00
20260922,12,住之江,3,20260922-12-03,3,4495,森晋太郎,39,福岡,54.0,B2,5.7,39.51,4.22,27.78,59,24.0,75,32.67,434 133,9,https://www1.mbrace.or.jp/od2/B/202609/b260922.lzh,2026-10-03T18:38:10.415622+09:00
20260922,12,住之江,3,20260922-12-03,4,4027,松江秀徳,48,佐賀,56.0,A2,5.39,33.77,5.96,39.29,30,24.76,53,31.68,4 665 13,,https://www1.mbrace.or.jp/od2/B/202609/b260922.lzh,2026-10-03T18:38:10.415622+09:00
20260922,12,住之江,3,20260922-12-03,5,3875,廣中良一,49,山口,51.0,B1,4.66,27.27,0.0,0.0,37,30.1,83,28.57,6 343 35,,https://www1.mbrace.or.jp/od2/B/202609/b260922.lzh,2026-10-03T18:38:10.415622+09:00
20260922,12,住之江,3,20260922-12-03,6,5374,木山大聖,23,岡山,49.0,B1,3.34,9.64,0.0,0.0,13,27.62,85,29.59,5 451 53,,https://www1.mbrace.or.jp/od2/B/202609/b260922.lzh,2026-10-03T18:38:10.415622+09:00
20260922,12,住之江,4,20260922-12-04,1,3813,佐藤大介,50,愛知,54.0,A1,6.43,43.52,7.67,66.67,50,25.96,23,32.18,1 241 15,11,https://www1.mbrace.or.jp/od2/B/202609/b260922.lzh,2026-10-03T18:38:10.415622+09:00
20260922,12,住之江,4,20260922-12-04,2,4394,永嶋裕一,40,福岡,54.0,A2,5.93,36.45,4.44,22.22,75,30.11,17,49.44,124 132,10,https://www1.mbrace.or.jp/od2/B/202609/b260922.lzh,2026-10-03T18:38:10.415622+09:00
20260922,12,住之江,4,20260922-12-04,3,4603,谷川将太,38,長崎,54.0,B1,6.05,45.35,6.13,37.5,12,24.75,65,34.04,242 1253,11,https://www1.mbrace.or.jp/od2/B/202609/b260922.lzh,2026-10-03T18:38:10.415622+09:00
20260922,12,住之江,4,20260922-12-04,4,4103,山崎善庸,47,埼玉,54.0,B1,3.71,6.49,0.0,0.0,32,33.96,56,29.79,4 355 65,,https://www1.mbrace.or.jp/od2/B/202609/b260922.lzh,2026-10-03T18:38:10.415622+09:00
20260922,12,住之江,4,20260922-12-04,5,4552,杉山勝匡,37,佐賀,52.0,B1,4.03,23.68,5.15,29.63,53,33.96,63,26.09,215 256,12,https://www1.mbrace.or.jp/od2/B/202609/b260922.lzh,2026-10-03T18:38:10.415622+09:00
20260922,12,住之江,4,20260922-12-04,6,4472,尾嶋一広,39,兵庫,56.0,A1,6.45,42.99,6.7,53.19,29,45.54,62,27.38,221 3222,9,https://www1.mbrace.or.jp/od2/B/202609/b260922.lzh,2026-10-03T18:38:10.415622+09:00
20260922,12,住之江,5,20260922-12-05,1,4073,大橋純一,45,静岡,52.0,A1,6.61,53.91,0.0,0.0,68,26.26,71,34.07,2 132 41,9,https://www1.mbrace.or.jp/od2/B/202609/b260922.lzh,2026-10-03T18:38:10.415622+09:00
20260922,12,住之江,5,20260922-12-05,2,4393,田中孝明,40,福岡,58.0,B1,4.2,19.51,4.27,19.23,51,43.56,26,36.36,1 554 45,,https://www1.mbrace.or.jp/od2/B/202609/b260922.lzh,2026-10-03T18:38:10.415622+09:00
20260922,12,住之江,5,20260922-12-05,3,3680,森林太,53,長崎,55.0,B1,4.23,21.74,4.45,20.45,80,48.51,88,33.67,4 446 13,,https://www1.mbrace.or.jp/od2/B/202609/b260922.lzh,2026-10-03T18:38:10.415622+09:00
20260922,12,住之江,5,20260922-12-05,4,4988,牟田奨太,29,静岡,57.0,B1,4.24,28.75,6.13,50.0,74,35.92,59,45.98,3 526 51,,https://www1.mbrace.or.jp/od2/B/202609/b260922.lzh,2026-10-03T18:38:10.415622+09:00
20260922,12,住之江,5,20260922-12-05,5,4306,畔柳俊吾,42,愛知,50.0,B1,4.67,22.94,4.84,32.56,83,30.77,38,28.16,3S5 654,,https://www1.mbrace.or.jp/od2/B/202609/b260922.lzh,2026-10-03T18:38:10.415622+09:00
20260922,12,住之江,5,20260922-12-05,6,4645,上村純一,46,群馬,55.0,A1,6.48,43.9,6.09,54.55,22,40.2,24,41.49,142 211,10,https://www1.mbrace.or.jp/od2/B/202609/b260922.lzh,2026-10-03T18:38:10.415622+09:00
20260922,12,住之江,6,20260922-12-06,1,5051,松本純平,31,埼玉,57.0,A1,6.42,43.48,5.58,42.11,34,32.69,84,22.92,153 412,10,https://www1.mbrace.or.jp/od2/B/202609/b260922.lzh,2026-10-03T18:38:10.415622+09:00
20260922,12,住之江,6,20260922-12-06,2,5106,山崎祥,27,山口,53.0,A2,5.58,36.0,5.04,37.04,62,29.0,79,37.93,3 661 14,11,https://www1.mbrace.or.jp/od2/B/202609/b260922.lzh,2026-10-03T18:38:10.415622+09:00
20260922,12,住之江,6,20260922-12-06,3,3568,木村光宏,55,香川,55.0,B1,4.12,21.43,4.41,27.59,77,36.19,68,27.18,5 652 34,,https://www1.mbrace.or.jp/od2/B/202609/b260922.lzh,2026-10-03T18:38:10.415622+09:00
20260922,12,住之江,6,20260922-12-06,4,3893,汐崎正則,50,愛知,52.0,B1,5.52,36.96,0.0,0.0,63,23.0,25,28.13,231 645,12,https://www1.mbrace.or.jp/od2/B/202609/b260922.lzh,2026-10-03T18:38:10.415622+09:00
20260922,12,住之江,6,20260922-12-06,5,5425,西山育,24,三重,56.0,B2,1.4,0.0,0.0,0.0,56,34.65,64,29.7,6 2 564,1,https://www1.mbrace.or.jp/od2/B/202609/b260922.lzh,2026-10-03T18:38:10.415622+09:00
20260922,12,住之江,6,20260922-12-06,6,4497,桑原悠,39,長崎,52.0,A1,7.48,56.91,6.06,33.33,81,28.13,61,27.84,13212 61,10,https://www1.mbrace.or.jp/od2/B/202609/b260922.lzh,2026-10-03T18:38:10.415622+09:00
20260922,12,住之江,7,20260922-12-07,1,4601,森野正弘,41,山口,56.0,A1,7.13,58.82,5.25,31.25,66,35.92,57,32.0,362 212,11,https://www1.mbrace.or.jp/od2/B/202609/b260922.lzh,2026-10-03T18:38:10.415622+09:00
20260922,12,住之江,7,20260922-12-07,2,4303,牧原崇,43,愛知,52.0,B1,4.68,22.97,4.59,14.81,64,51.0,90,31.37,253 434,12,https://www1.mbrace.or.jp/od2/B/202609/b260922.lzh,2026-10-03T18:38:10.415622+09:00
20260922,12,住之江,7,20260922-12-07,3,4000,松本博昭,49,広島,56.0,A2,6.09,42.86,5.64,39.29,33,33.02,13,35.64,423 551,2,https://www1.mbrace.or.jp/od2/B/202609/b260922.lzh,2026-10-03T18:38:10.415622+09:00
20260922,12,住之江,7,20260922-12-07,4,4580,長谷川雅,37,岡山,53.0,B1,5.99,41.86,5.07,33.33,31,20.0,37,32.67,555 342,,https://www1.mbrace.or.jp/od2/B/202609/b260922.lzh,2026-10-03T18:38:10.415622+09:00
20260922,12,住之江,7,20260922-12-07,5,4301,関裕也,43,福岡,53.0,B1,4.63,25.33,3.91,27.27,21,22.12,77,33.68,6 235 16,,https://www1.mbrace.or.jp/od2/B/202609/b260922.lzh,2026-10-03T18:38:10.415622+09:00
20260922,12,住之江,7,20260922-12-07,6,4762,藤原啓史,36,岡山,50.0,A1,7.32,55.74,6.5,36.54,35,34.02,73,39.0,114 1223,11,https://www1.mbrace.or.jp/od2/B/202609/b260922.lzh,2026-10-03T18:38:10.415622+09:00
20260922,12,住之江,8,20260922-12-08,1,3975,小野寺智,49,香川,52.0,A2,5.44,33.62,6.1,41.03,60,39.62,12,39.13,5 235 26,12,https://www1.mbrace.or.jp/od2/B/202609/b260922.lzh,2026-10-03T18:38:10.415622+09:00
20260922,12,住之江,8,20260922-12-08,2,4118,宇佐見淳,45,愛知,53.0,A2,5.99,40.65,0.0,0.0,79,37.74,80,30.93,561 414,1,https://www1.mbrace.or.jp/od2/B/202609/b260922.lzh,2026-10-03T18:38:10.415622+09:00
20260922,12,住之江,8,20260922-12-08,3,4420,津久井拓,38,群馬,54.0,A2,5.76,39.37,5.46,28.21,17,37.38,76,30.61,6 336 36,,https://www1.mbrace.or.jp/od2/B/202609/b260922.lzh,2026-10-03T18:38:10.415622+09:00
20260922,12,住之江,8,20260922-12-08,4,4905,土井祥伍,31,大阪,54.0,B1,4.68,25.26,4.27,23.73,65,22.22,36,37.21,1 643 23,,https://www1.mbrace.or.jp/od2/B/202609/b260922.lzh,2026-10-03T18:38:10.415622+09:00
20260922,12,住之江,8,20260922-12-08,5,5130,上野拓馬,28,三重,53.0,B1,4.71,22.12,0.0,0.0,16,38.24,69,39.13,344 255,,https://www1.mbrace.or.jp/od2/B/202609/b260922.lzh,2026-10-03T18:38:10.415622+09:00
20260922,12,住之江,8,20260922-12-08,6,3713,伊藤誠二,51,愛知,54.0,A1,5.0,34.31,6.4,50.0,67,28.71,82,46.59,6 362 46,12,https://www1.mbrace.or.jp/od2/B/202609/b260922.lzh,2026-10-03T18:38:10.415622+09:00
20260922,12,住之江,9,20260922-12-09,1,4472,尾嶋一広,39,兵庫,56.0,A1,6.45,42.99,6.7,53.19,29,45.54,62,27.38,221 3222,4,https://www1.mbrace.or.jp/od2/B/202609/b260922.lzh,2026-10-03T18:38:10.415622+09:00
20260922,12,住之江,9,20260922-12-09,2,4073,大橋純一,45,静岡,52.0,A1,6.61,53.91,0.0,0.0,68,26.26,71,34.07,2 132 41,5,https://www1.mbrace.or.jp/od2/B/202609/b260922.lzh,2026-10-03T18:38:10.415622+09:00
20260922,12,住之江,9,20260922-12-09,3,3988,古川誠之,48,愛知,55.0,A2,6.19,38.35,5.63,43.75,14,25.24,34,29.35,411 263,1,https://www1.mbrace.or.jp/od2/B/202609/b260922.lzh,2026-10-03T18:38:10.415622+09:00
20260922,12,住之江,9,20260922-12-09,4,3853,岩崎正哉,54,福岡,55.0,A2,5.89,38.05,4.54,38.46,76,17.17,32,36.73,233 162,1,https://www1.mbrace.or.jp/od2/B/202609/b260922.lzh,2026-10-03T18:38:10.415622+09:00
20260922,12,住之江,9,20260922-12-09,5,4215,吉島祥之,42,愛知,55.0,A2,5.44,35.96,7.0,50.0,23,31.07,58,31.82,6 123 24,3,https://www1.mbrace.or.jp/od2/B/202609/b260922.lzh,2026-10-03T18:38:10.415622+09:00
20260922,12,住之江,9,20260922-12-09,6,4495,森晋太郎,39,福岡,54.0,B2,5.7,39.51,4.22,27.78,59,24.0,75,32.67,434 133,3,https://www1.mbrace.or.jp/od2/B/202609/b260922.lzh,2026-10-03T18:38:10.415622+09:00
20260922,12,住之江,10,20260922-12-10,1,4645,上村純一,46,群馬,55.0,A1,6.48,43.9,6.09,54.55,22,40.2,24,41.49,142 211,5,https://www1.mbrace.or.jp/od2/B/202609/b260922.lzh,2026-10-03T18:38:10.415622+09:00
20260922,12,住之江,10,20260922-12-10,2,4497,桑原悠,39,長崎,52.0,A1,7.48,56.91,6.06,33.33,81,28.13,61,27.84,13212 61,6,https://www1.mbrace.or.jp/od2/B/202609/b260922.lzh,2026-10-03T18:38:10.415622+09:00
20260922,12,住之江,10,20260922-12-10,3,5051,松本純平,31,埼玉,57.0,A1,6.42,43.48,5.58,42.11,34,32.69,84,22.92,153 412,6,https://www1.mbrace.or.jp/od2/B/202609/b260922.lzh,2026-10-03T18:38:10.415622+09:00
20260922,12,住之江,10,20260922-12-10,4,4578,藤山雅弘,37,大阪,53.0,A2,5.84,41.73,5.97,40.43,85,40.0,66,31.96,2 156 15,2,https://www1.mbrace.or.jp/od2/B/202609/b260922.lzh,2026-10-03T18:38:10.415622+09:00
20260922,12,住之江,10,20260922-12-10,5,4394,永嶋裕一,40,福岡,54.0,A2,5.93,36.45,4.44,22.22,75,30.11,17,49.44,124 132,4,https://www1.mbrace.or.jp/od2/B/202609/b260922.lzh,2026-10-03T18:38:10.415622+09:00
20260922,12,住之江,10,20260922-12-10,6,4389,伊藤喜智,40,大阪,52.0,A2,5.44,30.1,5.26,33.33,39,38.68,18,26.67,142 3454,3,https://www1.mbrace.or.jp/od2/B/202609/b260922.lzh,2026-10-03T18:38:10.415622+09:00
20260922,12,住之江,11,20260922-12-11,1,4762,藤原啓史,36,岡山,50.0,A1,7.32,55.74,6.5,36.54,35,34.02,73,39.0,114 1223,7,https://www1.mbrace.or.jp/od2/B/202609/b260922.lzh,2026-10-03T18:38:10.415622+09:00
20260922,12,住之江,11,20260922-12-11,2,3813,佐藤大介,50,愛知,54.0,A1,6.43,43.52,7.67,66.67,50,25.96,23,32.18,1 241 15,4,https://www1.mbrace.or.jp/od2/B/202609/b260922.lzh,2026-10-03T18:38:10.415622+09:00
20260922,12,住之江,11,20260922-12-11,3,4601,森野正弘,41,山口,56.0,A1,7.13,58.82,5.25,31.25,66,35.92,57,32.0,362 212,7,https://www1.mbrace.or.jp/od2/B/202609/b260922.lzh,2026-10-03T18:38:10.415622+09:00
20260922,12,住之江,11,20260922-12-11,4,4603,谷川将太,38,長崎,54.0,B1,6.05,45.35,6.13,37.5,12,24.75,65,34.04,242 1253,4,https://www1.mbrace.or.jp/od2/B/202609/b260922.lzh,2026-10-03T18:38:10.415622+09:00
20260922,12,住之江,11,20260922-12-11,5,4618,乃村康友,43,三重,55.0,B1,5.05,32.88,5.65,45.16,54,38.1,29,35.64,251 631,2,https://www1.mbrace.or.jp/od2/B/202609/b260922.lzh,2026-10-03T18:38:10.415622+09:00
20260922,12,住之江,11,20260922-12-11,6,5106,山崎祥,27,山口,53.0,A2,5.58,36.0,5.04,37.04,62,29.0,79,37.93,3 661 14,6,https://www1.mbrace.or.jp/od2/B/202609/b260922.lzh,2026-10-03T18:38:10.415622+09:00
20260922,12,住之江,12,20260922-12-12,1,3713,伊藤誠二,51,愛知,54.0,A1,5.0,34.31,6.4,50.0,67,28.71,82,46.59,6 362 46,8,https://www1.mbrace.or.jp/od2/B/202609/b260922.lzh,2026-10-03T18:38:10.415622+09:00
20260922,12,住之江,12,20260922-12-12,2,4552,杉山勝匡,37,佐賀,52.0,B1,4.03,23.68,5.15,29.63,53,33.96,63,26.09,215 256,4,https://www1.mbrace.or.jp/od2/B/202609/b260922.lzh,2026-10-03T18:38:10.415622+09:00
20260922,12,住之江,12,20260922-12-12,3,3893,汐崎正則,50,愛知,52.0,B1,5.52,36.96,0.0,0.0,63,23.0,25,28.13,231 645,6,https://www1.mbrace.or.jp/od2/B/202609/b260922.lzh,2026-10-03T18:38:10.415622+09:00
20260922,12,住之江,12,20260922-12-12,4,4040,廣瀬将亨,47,兵庫,58.0,A2,5.94,40.83,6.2,30.0,69,36.27,67,41.94,451 434,2,https://www1.mbrace.or.jp/od2/B/202609/b260922.lzh,2026-10-03T18:38:10.415622+09:00
20260922,12,住之江,12,20260922-12-12,5,4303,牧原崇,43,愛知,52.0,B1,4.68,22.97,4.59,14.81,64,51.0,90,31.37,253 434,7,https://www1.mbrace.or.jp/od2/B/202609/b260922.lzh,2026-10-03T18:38:10.415622+09:00
20260922,12,住之江,12,20260922-12-12,6,3975,小野寺智,49,香川,52.0,A2,5.44,33.62,6.1,41.03,60,39.62,12,39.13,5 235 26,8,https://www1.mbrace.or.jp/od2/B/202609/b260922.lzh,2026-10-03T18:38:10.415622+09:00
20260922,11,びわこ,1,20260922-11-01,1,4232,笠雅雄,43,福岡,56.0,B1,5.97,41.75,4.9,20.0,29,39.81,30,30.19,,5,https://www1.mbrace.or.jp/od2/B/202609/b260922.lzh,2026-10-03T18:38:10.415622+09:00
20260922,11,びわこ,1,20260922-11-01,2,4258,関根彰人,42,埼玉,51.0,B1,4.8,31.91,5.33,22.22,33,40.78,47,39.13,,9,https://www1.mbrace.or.jp/od2/B/202609/b260922.lzh,2026-10-03T18:38:10.415622+09:00
20260922,11,びわこ,1,20260922-11-01,3,5047,國分将太,32,東京,54.0,B1,6.15,40.37,0.0,0.0,32,36.7,22,33.33,,6,https://www1.mbrace.or.jp/od2/B/202609/b260922.lzh,2026-10-03T18:38:10.415622+09:00
20260922,11,びわこ,1,20260922-11-01,4,5071,野見山拓,32,福岡,53.0,B1,4.35,20.51,5.5,46.43,55,30.84,24,40.54,,7,https://www1.mbrace.or.jp/od2/B/202609/b260922.lzh,2026-10-03T18:38:10.415622+09:00
20260922,11,びわこ,1,20260922-11-01,5,3663,木山和幸,56,広島,50.0,B1,5.37,34.29,4.97,30.0,14,37.14,72,36.04,,10,https://www1.mbrace.or.jp/od2/B/202609/b260922.lzh,2026-10-03T18:38:10.415622+09:00
20260922,11,びわこ,1,20260922-11-01,6,4710,福田宗平,36,大阪,52.0,A2,5.78,37.31,6.21,36.84,66,30.7,58,33.33,,8,https://www1.mbrace.or.jp/od2/B/202609/b260922.lzh,2026-10-03T18:38:10.415622+09:00
20260922,11,びわこ,2,20260922-11-02,1,4489,岩川仁士,39,大阪,54.0,B1,4.97,28.32,4.79,21.43,56,30.56,70,38.46,,,https://www1.mbrace.or.jp/od2/B/202609/b260922.lzh,2026-10-03T18:38:10.415622+09:00
20260922,11,びわこ,2,20260922-11-02,2,4739,中村晃朋,34,香川,51.0,A1,6.44,51.56,7.24,58.82,19,36.0,12,37.27,,11,https://www1.mbrace.or.jp/od2/B/202609/b260922.lzh,2026-10-03T18:38:10.415622+09:00
20260922,11,びわこ,2,20260922-11-02,3,4759,今泉友吾,36,東京,51.0,A1,7.1,50.0,8.45,72.73,39,32.41,69,41.44,,12,https://www1.mbrace.or.jp/od2/B/202609/b260922.lzh,2026-10-03T18:38:10.415622+09:00
20260922,11,びわこ,2,20260922-11-02,4,5012,加倉侑征,29,福岡,52.0,B1,4.55,20.73,6.45,51.72,58,31.78,60,33.93,,8,https://www1.mbrace.or.jp/od2/B/202609/b260922.lzh,2026-10-03T18:38:10.415622+09:00
20260922,11,びわこ,2,20260922-11-02,5,5050,木下雄介,31,滋賀,52.0,A2,5.96,42.5,5.79,42.14,45,42.45,71,31.07,,9,https://www1.mbrace.or.jp/od2/B/202609/b260922.lzh,2026-10-03T18:38:10.415622+09:00
20260922,11,びわこ,2,20260922-11-02,6,4840,鈴木秀茉,35,静岡,52.0,B1,4.79,27.43,5.09,18.18,52,39.05,29,35.85,,7,https://www1.mbrace.or.jp/od2/B/202609/b260922.lzh,2026-10-03T18:38:10.415622+09:00
20260922,11,びわこ,3,20260922-11-03,1,4842,山下昂大,34,岡山,55.0,A2,5.67,35.11,0.0,0.0,13,45.71,21,31.07,,9,https://www1.mbrace.or.jp/od2/B/202609/b260922.lzh,2026-10-03T18:38:10.415622+09:00
20260922,11,びわこ,3,20260922-11-03,2,4234,野相弘司,43,福岡,59.0,B1,4.67,27.63,4.39,21.43,12,47.79,53,37.17,,10,https://www1.mbrace.or.jp/od2/B/202609/b260922.lzh,2026-10-03T18:38:10.415622+09:00
20260922,11,びわこ,3,20260922-11-03,3,5074,大澤誠也,30,愛知,56.0,B1,4.35,25.0,4.58,25.0,51,33.64,18,31.43,,,https://www1.mbrace.or.jp/od2/B/202609/b260922.lzh,2026-10-03T18:38:10.415622+09:00
20260922,11,びわこ,3,20260922-11-03,4,4614,石倉洋行,46,福岡,54.0,A1,7.18,57.52,6.89,57.14,37,36.36,49,37.38,,11,https://www1.mbrace.or.jp/od2/B/202609/b260922.lzh,2026-10-03T18:38:10.415622+09:00
20260922,11,びわこ,3,20260922-11-03,5,3814,金子貴志,50,福井,50.0,B1,5.02,27.43,5.39,39.29,25,28.7,25,39.47,,,https://www1.mbrace.or.jp/od2/B/202609/b260922.lzh,2026-10-03T18:38:10.415622+09:00
20260922,11,びわこ,3,20260922-11-03,6,3942,寺田祥,48,山口,55.0,A1,6.52,44.12,4.55,13.64,61,43.14,52,46.73,,12,https://www1.mbrace.or.jp/od2/B/202609/b260922.lzh,2026-10-03T18:38:10.415622+09:00
20260922,11,びわこ,4,20260922-11-04,1,4880,澤崎雄哉,31,東京,53.0,B1,5.3,32.71,6.8,60.0,67,37.14,62,38.39,,,https://www1.mbrace.or.jp/od2/B/202609/b260922.lzh,2026-10-03T18:38:10.415622+09:00
20260922,11,びわこ,4,20260922-11-04,2,4796,春園功太,35,三重,53.0,A1,6.05,44.8,6.49,54.39,50,34.34,34,41.51,,9,https://www1.mbrace.or.jp/od2/B/202609/b260922.lzh,2026-10-03T18:38:10.415622+09:00
20260922,11,びわこ,4,20260922-11-04,3,4572,渡部悟,38,大阪,55.0,B1,5.46,35.71,5.32,39.29,36,30.09,65,29.7,,11,https://www1.mbrace.or.jp/od2/B/202609/b260922.lzh,2026-10-03T18:38:10.415622+09:00
20260922,11,びわこ,4,20260922-11-04,4,4067,永井源,46,愛知,53.0,A2,6.46,49.29,5.08,35.14,65,30.48,20,44.25,,10,https://www1.mbrace.or.jp/od2/B/202609/b260922.lzh,2026-10-03T18:38:10.415622+09:00
20260922,11,びわこ,4,20260922-11-04,5,3721,守田俊介,51,滋賀,54.0,A1,6.86,50.72,7.84,70.09,26,37.39,43,46.49,,12,https://www1.mbrace.or.jp/od2/B/202609/b260922.lzh,2026-10-03T18:38:10.415622+09:00
20260922,11,びわこ,4,20260922-11-04,6,5122,相馬翔,25,埼玉,56.0,B1,3.94,19.7,4.0,10.0,70,33.64,23,30.69,,,https://www1.mbrace.or.jp/od2/B/202609/b260922.lzh,2026-10-03T18:38:10.415622+09:00
20260922,11,びわこ,5,20260922-11-05,1,4760,山崎郡,36,大阪,52.0,A1,7.53,53.9,7.17,59.26,20,35.19,19,31.82,,12,https://www1.mbrace.or.jp/od2/B/202609/b260922.lzh,2026-10-03T18:38:10.415622+09:00
20260922,11,びわこ,5,20260922-11-05,2,4114,深澤達徳,45,東京,53.0,B1,4.74,25.56,4.79,21.05,46,30.48,15,42.06,,10,https://www1.mbrace.or.jp/od2/B/202609/b260922.lzh,2026-10-03T18:38:10.415622+09:00
20260922,11,びわこ,5,20260922-11-05,3,3502,渡邉英児,57,静岡,54.0,A2,5.87,39.34,5.78,37.04,71,32.71,44,37.29,,,https://www1.mbrace.or.jp/od2/B/202609/b260922.lzh,2026-10-03T18:38:10.415622+09:00
20260922,11,びわこ,5,20260922-11-05,4,4232,笠雅雄,43,福岡,56.0,B1,5.97,41.75,4.9,20.0,29,39.81,30,30.19,,1,https://www1.mbrace.or.jp/od2/B/202609/b260922.lzh,2026-10-03T18:38:10.415622+09:00
20260922,11,びわこ,5,20260922-11-05,5,5289,佃來紀,25,大阪,53.0,A2,5.78,41.8,4.48,25.93,48,33.02,54,36.52,,,https://www1.mbrace.or.jp/od2/B/202609/b260922.lzh,2026-10-03T18:38:10.415622+09:00
20260922,11,びわこ,5,20260922-11-05,6,5109,川崎智稔,27,岡山,52.0,B1,4.66,28.18,3.94,16.67,31,38.61,41,45.95,,11,https://www1.mbrace.or.jp/od2/B/202609/b260922.lzh,2026-10-03T18:38:10.415622+09:00
20260922,11,びわこ,6,20260922-11-06,1,4410,井上大輔,40,岡山,52.0,B1,4.47,27.88,4.6,26.67,72,43.12,11,38.68,,,https://www1.mbrace.or.jp/od2/B/202609/b260922.lzh,2026-10-03T18:38:10.415622+09:00
20260922,11,びわこ,6,20260922-11-06,2,4448,青木玄太,39,滋賀,52.0,A1,7.0,52.31,7.0,51.85,21,42.16,38,44.14,,12,https://www1.mbrace.or.jp/od2/B/202609/b260922.lzh,2026-10-03T18:38:10.415622+09:00
20260922,11,びわこ,6,20260922-11-06,3,4977,馬野耀,32,大阪,55.0,A2,6.22,42.54,6.39,38.89,47,34.55,61,36.7,,10,https://www1.mbrace.or.jp/od2/B/202609/b260922.lzh,2026-10-03T18:38:10.415622+09:00
20260922,11,びわこ,6,20260922-11-06,4,3497,後藤浩,58,埼玉,52.0,B1,3.86,24.14,5.9,40.0,11,47.71,50,29.7,,,https://www1.mbrace.or.jp/od2/B/202609/b260922.lzh,2026-10-03T18:38:10.415622+09:00
20260922,11,びわこ,6,20260922-11-06,5,4824,松井洪弥,33,三重,53.0,A2,6.06,46.77,7.26,55.88,34,32.73,68,44.25,,11,https://www1.mbrace.or.jp/od2/B/202609/b260922.lzh,2026-10-03T18:38:10.415622+09:00
20260922,11,びわこ,6,20260922-11-06,6,5047,國分将太,32,東京,54.0,B1,6.15,40.37,0.0,0.0,32,36.7,22,33.33,,1,https://www1.mbrace.or.jp/od2/B/202609/b260922.lzh,2026-10-03T18:38:10.415622+09:00
20260922,11,びわこ,7,20260922-11-07,1,5071,野見山拓,32,福岡,53.0,B1,4.35,20.51,5.5,46.43,55,30.84,24,40.54,,1,https://www1.mbrace.or.jp/od2/B/202609/b260922.lzh,2026-10-03T18:38:10.415622+09:00
20260922,11,びわこ,7,20260922-11-07,2,4318,桑原将光,42,東京,52.0,A2,5.29,25.84,4.1,20.0,44,29.91,59,35.24,,11,https://www1.mbrace.or.jp/od2/B/202609/b260922.lzh,2026-10-03T18:38:10.415622+09:00
20260922,11,びわこ,7,20260922-11-07,3,4840,鈴木秀茉,35,静岡,52.0,B1,4.79,27.43,5.09,18.18,52,39.05,29,35.85,,2,https://www1.mbrace.or.jp/od2/B/202609/b260922.lzh,2026-10-03T18:38:10.415622+09:00
20260922,11,びわこ,7,20260922-11-07,4,4013,中島孝平,46,福井,52.0,A1,6.95,44.44,7.13,47.83,57,45.45,39,34.91,,12,https://www1.mbrace.or.jp/od2/B/202609/b260922.lzh,2026-10-03T18:38:10.415622+09:00
20260922,11,びわこ,7,20260922-11-07,5,4195,前川守嗣,44,福岡,60.0,B1,5.2,34.15,3.73,15.38,27,28.42,46,39.29,,,https://www1.mbrace.or.jp/od2/B/202609/b260922.lzh,2026-10-03T18:38:10.415622+09:00
20260922,11,びわこ,7,20260922-11-07,6,5137,川原涼,26,愛知,54.0,A2,5.32,38.83,5.22,30.43,16,29.52,26,32.38,,,https://www1.mbrace.or.jp/od2/B/202609/b260922.lzh,2026-10-03T18:38:10.415622+09:00
20260922,11,びわこ,8,20260922-11-08,1,5012,加倉侑征,29,福岡,52.0,B1,4.55,20.73,6.45,51.72,58,31.78,60,33.93,,2,https://www1.mbrace.or.jp/od2/B/202609/b260922.lzh,2026-10-03T18:38:10.415622+09:00
20260922,11,びわこ,8,20260922-11-08,2,4890,石川諒,37,山口,53.0,A2,5.8,38.0,5.03,27.59,68,30.56,64,30.19,,,https://www1.mbrace.or.jp/od2/B/202609/b260922.lzh,2026-10-03T18:38:10.415622+09:00
20260922,11,びわこ,8,20260922-11-08,3,4710,福田宗平,36,大阪,52.0,A2,5.78,37.31,6.21,36.84,66,30.7,58,33.33,,1,https://www1.mbrace.or.jp/od2/B/202609/b260922.lzh,2026-10-03T18:38:10.415622+09:00
20260922,11,びわこ,8,20260922-11-08,4,5339,石井伸長,26,香川,50.0,B1,5.18,35.0,3.33,16.67,18,46.09,33,30.91,,,https://www1.mbrace.or.jp/od2/B/202609/b260922.lzh,2026-10-03T18:38:10.415622+09:00
20260922,11,びわこ,8,20260922-11-08,5,4600,井内将太,41,広島,52.0,A1,6.27,47.19,5.66,34.21,40,44.04,27,29.63,,,https://www1.mbrace.or.jp/od2/B/202609/b260922.lzh,2026-10-03T18:38:10.415622+09:00
20260922,11,びわこ,8,20260922-11-08,6,4598,加藤政彦,42,東京,53.0,B1,6.22,49.57,3.67,0.0,53,30.69,17,40.95,,,https://www1.mbrace.or.jp/od2/B/202609/b260922.lzh,2026-10-03T18:38:10.415622+09:00
20260922,11,びわこ,9,20260922-11-09,1,4430,永田秀二,40,東京,56.0,A2,5.93,38.33,6.34,44.83,49,36.89,31,40.87,,,https://www1.mbrace.or.jp/od2/B/202609/b260922.lzh,2026-10-03T18:38:10.415622+09:00
20260922,11,びわこ,9,20260922-11-09,2,3731,高濱芳久,53,広島,55.0,B1,4.74,24.72,3.92,16.0,54,30.91,35,30.1,,,https://www1.mbrace.or.jp/od2/B/202609/b260922.lzh,2026-10-03T18:38:10.415622+09:00
20260922,11,びわこ,9,20260922-11-09,3,5050,木下雄介,31,滋賀,52.0,A2,5.96,42.5,5.79,42.14,45,42.45,71,31.07,,2,https://www1.mbrace.or.jp/od2/B/202609/b260922.lzh,2026-10-03T18:38:10.415622+09:00
20260922,11,びわこ,9,20260922-11-09,4,4842,山下昂大,34,岡山,55.0,A2,5.67,35.11,0.0,0.0,13,45.71,21,31.07,,3,https://www1.mbrace.or.jp/od2/B/202609/b260922.lzh,2026-10-03T18:38:10.415622+09:00
20260922,11,びわこ,9,20260922-11-09,5,4258,関根彰人,42,埼玉,51.0,B1,4.8,31.91,5.33,22.22,33,40.78,47,39.13,,1,https://www1.mbrace.or.jp/od2/B/202609/b260922.lzh,2026-10-03T18:38:10.415622+09:00
20260922,11,びわこ,9,20260922-11-09,6,4796,春園功太,35,三重,53.0,A1,6.05,44.8,6.49,54.39,50,34.34,34,41.51,,4,https://www1.mbrace.or.jp/od2/B/202609/b260922.lzh,2026-10-03T18:38:10.415622+09:00
20260922,11,びわこ,10,20260922-11-10,1,4067,永井源,46,愛知,53.0,A2,6.46,49.29,5.08,35.14,65,30.48,20,44.25,,4,https://www1.mbrace.or.jp/od2/B/202609/b260922.lzh,2026-10-03T18:38:10.415622+09:00
20260922,11,びわこ,10,20260922-11-10,2,3663,木山和幸,56,広島,50.0,B1,5.37,34.29,4.97,30.0,14,37.14,72,36.04,,1,https://www1.mbrace.or.jp/od2/B/202609/b260922.lzh,2026-10-03T18:38:10.415622+09:00
20260922,11,びわこ,10,20260922-11-10,3,4953,尾上雅也,31,埼玉,53.0,A1,6.54,50.0,6.75,52.27,41,37.62,37,33.03,,,https://www1.mbrace.or.jp/od2/B/202609/b260922.lzh,2026-10-03T18:38:10.415622+09:00
20260922,11,びわこ,10,20260922-11-10,4,4114,深澤達徳,45,東京,53.0,B1,4.74,25.56,4.79,21.05,46,30.48,15,42.06,,5,https://www1.mbrace.or.jp/od2/B/202609/b260922.lzh,2026-10-03T18:38:10.415622+09:00
20260922,11,びわこ,10,20260922-11-10,5,4234,野相弘司,43,福岡,59.0,B1,4.67,27.63,4.39,21.43,12,47.79,53,37.17,,3,https://www1.mbrace.or.jp/od2/B/202609/b260922.lzh,2026-10-03T18:38:10.415622+09:00
20260922,11,びわこ,10,20260922-11-10,6,4977,馬野耀,32,大阪,55.0,A2,6.22,42.54,6.39,38.89,47,34.55,61,36.7,,6,https://www1.mbrace.or.jp/od2/B/202609/b260922.lzh,2026-10-03T18:38:10.415622+09:00
20260922,11,びわこ,11,20260922-11-11,1,4614,石倉洋行,46,福岡,54.0,A1,7.18,57.52,6.89,57.14,37,36.36,49,37.38,,3,https://www1.mbrace.or.jp/od2/B/202609/b260922.lzh,2026-10-03T18:38:10.415622+09:00
20260922,11,びわこ,11,20260922-11-11,2,4824,松井洪弥,33,三重,53.0,A2,6.06,46.77,7.26,55.88,34,32.73,68,44.25,,6,https://www1.mbrace.or.jp/od2/B/202609/b260922.lzh,2026-10-03T18:38:10.415622+09:00
20260922,11,びわこ,11,20260922-11-11,3,5109,川崎智稔,27,岡山,52.0,B1,4.66,28.18,3.94,16.67,31,38.61,41,45.95,,5,https://www1.mbrace.or.jp/od2/B/202609/b260922.lzh,2026-10-03T18:38:10.415622+09:00
20260922,11,びわこ,11,20260922-11-11,4,4739,中村晃朋,34,香川,51.0,A1,6.44,51.56,7.24,58.82,19,36.0,12,37.27,,2,https://www1.mbrace.or.jp/od2/B/202609/b260922.lzh,2026-10-03T18:38:10.415622+09:00
20260922,11,びわこ,11,20260922-11-11,5,4572,渡部悟,38,大阪,55.0,B1,5.46,35.71,5.32,39.29,36,30.09,65,29.7,,4,https://www1.mbrace.or.jp/od2/B/202609/b260922.lzh,2026-10-03T18:38:10.415622+09:00
20260922,11,びわこ,11,20260922-11-11,6,4318,桑原将光,42,東京,52.0,A2,5.29,25.84,4.1,20.0,44,29.91,59,35.24,,7,https://www1.mbrace.or.jp/od2/B/202609/b260922.lzh,2026-10-03T18:38:10.415622+09:00
20260922,11,びわこ,12,20260922-11-12,1,3721,守田俊介,51,滋賀,54.0,A1,6.86,50.72,7.84,70.09,26,37.39,43,46.49,,4,https://www1.mbrace.or.jp/od2/B/202609/b260922.lzh,2026-10-03T18:38:10.415622+09:00
20260922,11,びわこ,12,20260922-11-12,2,4013,中島孝平,46,福井,52.0,A1,6.95,44.44,7.13,47.83,57,45.45,39,34.91,,7,https://www1.mbrace.or.jp/od2/B/202609/b260922.lzh,2026-10-03T18:38:10.415622+09:00
20260922,11,びわこ,12,20260922-11-12,3,3942,寺田祥,48,山口,55.0,A1,6.52,44.12,4.55,13.64,61,43.14,52,46.73,,3,https://www1.mbrace.or.jp/od2/B/202609/b260922.lzh,2026-10-03T18:38:10.415622+09:00
20260922,11,びわこ,12,20260922-11-12,4,4760,山崎郡,36,大阪,52.0,A1,7.53,53.9,7.17,59.26,20,35.19,19,31.82,,5,https://www1.mbrace.or.jp/od2/B/202609/b260922.lzh,2026-10-03T18:38:10.415622+09:00
20260922,11,びわこ,12,20260922-11-12,5,4448,青木玄太,39,滋賀,52.0,A1,7.0,52.31,7.0,51.85,21,42.16,38,44.14,,6,https://www1.mbrace.or.jp/od2/B/202609/b260922.lzh,2026-10-03T18:38:10.415622+09:00
20260922,11,びわこ,12,20260922-11-12,6,4759,今泉友吾,36,東京,51.0,A1,7.1,50.0,8.45,72.73,39,32.41,69,41.44,,2,https://www1.mbrace.or.jp/od2/B/202609/b260922.lzh,2026-10-03T18:38:10.415622+09:00
20260922,10,三国,1,20260922-10-01,1,5038,金田智博,28,福井,51.0,A2,6.57,51.94,6.19,47.11,23,41.09,50,33.59,243,11,https://www1.mbrace.or.jp/od2/B/202609/b260922.lzh,2026-10-03T18:38:10.415622+09:00
20260922,10,三国,1,20260922-10-01,2,3617,竹田広樹,53,佐賀,53.0,B1,3.63,20.0,0.0,0.0,65,36.43,14,36.92,6 6,7,https://www1.mbrace.or.jp/od2/B/202609/b260922.lzh,2026-10-03T18:38:10.415622+09:00
20260922,10,三国,1,20260922-10-01,3,3461,渡邊哲也,59,静岡,57.0,B1,2.54,8.77,3.77,20.0,33,38.17,20,32.82,6 46,,https://www1.mbrace.or.jp/od2/B/202609/b260922.lzh,2026-10-03T18:38:10.415622+09:00
20260922,10,三国,1,20260922-10-01,4,5352,西岡蒼志,22,香川,53.0,B1,5.4,34.86,2.5,14.29,16,23.53,51,31.34,414,12,https://www1.mbrace.or.jp/od2/B/202609/b260922.lzh,2026-10-03T18:38:10.415622+09:00
20260922,10,三国,1,20260922-10-01,5,5453,久保翔耶,20,香川,54.0,B2,2.03,5.0,0.0,0.0,46,39.1,65,30.3,5 5,6,https://www1.mbrace.or.jp/od2/B/202609/b260922.lzh,2026-10-03T18:38:10.415622+09:00
20260922,10,三国,1,20260922-10-01,6,4315,山崎昂介,42,長崎,54.0,B1,5.23,30.69,4.25,16.67,56,26.36,32,34.96,3 4,9,https://www1.mbrace.or.jp/od2/B/202609/b260922.lzh,2026-10-03T18:38:10.415622+09:00
20260922,10,三国,2,20260922-10-02,1,5009,大賀龍之,29,福岡,57.0,A2,5.17,33.73,5.02,33.33,32,25.0,31,41.23,241,8,https://www1.mbrace.or.jp/od2/B/202609/b260922.lzh,2026-10-03T18:38:10.415622+09:00
20260922,10,三国,2,20260922-10-02,2,3641,一瀬明,55,東京,52.0,A1,6.09,44.09,2.0,0.0,19,34.38,35,32.09,3 21,12,https://www1.mbrace.or.jp/od2/B/202609/b260922.lzh,2026-10-03T18:38:10.415622+09:00
20260922,10,三国,2,20260922-10-02,3,3652,森下勇,53,群馬,56.0,B1,3.57,13.41,4.04,16.67,17,36.62,27,31.45,454,,https://www1.mbrace.or.jp/od2/B/202609/b260922.lzh,2026-10-03T18:38:10.415622+09:00
20260922,10,三国,2,20260922-10-02,4,4004,山本浩輔,48,長崎,53.0,B1,4.81,27.38,5.0,37.5,44,36.92,46,36.43,343,9,https://www1.mbrace.or.jp/od2/B/202609/b260922.lzh,2026-10-03T18:38:10.415622+09:00
20260922,10,三国,2,20260922-10-02,5,4902,山川雄大,33,兵庫,52.0,B1,4.26,28.42,4.94,28.3,20,36.96,72,32.54,562,,https://www1.mbrace.or.jp/od2/B/202609/b260922.lzh,2026-10-03T18:38:10.415622+09:00
20260922,10,三国,2,20260922-10-02,6,5167,小川竜太,26,埼玉,52.0,B1,5.38,35.37,4.56,27.78,48,29.1,56,30.53,142,10,https://www1.mbrace.or.jp/od2/B/202609/b260922.lzh,2026-10-03T18:38:10.415622+09:00
20260922,10,三国,3,20260922-10-03,1,4241,大串重幸,41,長崎,53.0,A2,5.71,34.86,5.5,0.0,37,31.78,58,40.74,253,10,https://www1.mbrace.or.jp/od2/B/202609/b260922.lzh,2026-10-03T18:38:10.415622+09:00
20260922,10,三国,3,20260922-10-03,2,5143,常盤海心,25,徳島,54.0,B1,3.92,17.59,3.4,10.0,55,34.4,12,42.61,3 31,7,https://www1.mbrace.or.jp/od2/B/202609/b260922.lzh,2026-10-03T18:38:10.415622+09:00
20260922,10,三国,3,20260922-10-03,3,4424,松尾昂明,41,福岡,52.0,A2,5.5,33.86,5.81,37.5,26,19.49,34,37.1,5 2,9,https://www1.mbrace.or.jp/od2/B/202609/b260922.lzh,2026-10-03T18:38:10.415622+09:00
20260922,10,三国,3,20260922-10-03,4,5344,谷口丞,23,滋賀,53.0,B1,5.34,31.11,2.47,6.98,38,27.91,62,32.8,4 1,11,https://www1.mbrace.or.jp/od2/B/202609/b260922.lzh,2026-10-03T18:38:10.415622+09:00
20260922,10,三国,3,20260922-10-03,5,4016,西川新太,46,愛知,56.0,B1,5.5,32.08,5.76,40.54,41,26.92,24,39.69,1 6,8,https://www1.mbrace.or.jp/od2/B/202609/b260922.lzh,2026-10-03T18:38:10.415622+09:00
20260922,10,三国,3,20260922-10-03,6,5465,直江健成,19,福井,54.0,B2,1.07,0.0,1.11,0.0,53,34.53,57,33.08,665,,https://www1.mbrace.or.jp/od2/B/202609/b260922.lzh,2026-10-03T18:38:10.415622+09:00
20260922,10,三国,4,20260922-10-04,1,4112,大久保信,46,佐賀,54.0,A2,5.7,41.49,5.85,45.0,22,22.41,61,39.34,25,12,https://www1.mbrace.or.jp/od2/B/202609/b260922.lzh,2026-10-03T18:38:10.415622+09:00
20260922,10,三国,4,20260922-10-04,2,5329,金子龍斗,22,兵庫,51.0,B1,4.54,27.94,3.15,7.41,49,37.21,63,32.59,1 65,11,https://www1.mbrace.or.jp/od2/B/202609/b260922.lzh,2026-10-03T18:38:10.415622+09:00
20260922,10,三国,4,20260922-10-04,3,4675,井手良太,38,大阪,51.0,A2,5.69,37.04,6.6,40.0,68,12.04,67,34.68,3 1,10,https://www1.mbrace.or.jp/od2/B/202609/b260922.lzh,2026-10-03T18:38:10.415622+09:00
20260922,10,三国,4,20260922-10-04,4,3811,石田章央,50,静岡,54.0,A1,6.08,46.62,6.15,47.06,58,32.41,38,33.33,332,9,https://www1.mbrace.or.jp/od2/B/202609/b260922.lzh,2026-10-03T18:38:10.415622+09:00
20260922,10,三国,4,20260922-10-04,5,4894,原村拓也,35,香川,51.0,B1,4.64,20.75,0.0,0.0,39,32.8,25,35.34,1 6,8,https://www1.mbrace.or.jp/od2/B/202609/b260922.lzh,2026-10-03T18:38:10.415622+09:00
20260922,10,三国,4,20260922-10-04,6,3838,伊藤啓三,51,埼玉,53.0,B1,5.4,32.67,6.13,50.0,63,37.5,69,29.93,4 62,,https://www1.mbrace.or.jp/od2/B/202609/b260922.lzh,2026-10-03T18:38:10.415622+09:00
20260922,10,三国,5,20260922-10-05,1,4197,渥美卓郎,44,静岡,54.0,B1,3.66,15.05,4.05,21.43,11,25.86,26,37.3,5 44,,https://www1.mbrace.or.jp/od2/B/202609/b260922.lzh,2026-10-03T18:38:10.415622+09:00
20260922,10,三国,5,20260922-10-05,2,4711,前出達吉,36,福井,52.0,A2,5.94,43.14,6.01,41.46,15,28.68,42,30.16,2 13,11,https://www1.mbrace.or.jp/od2/B/202609/b260922.lzh,2026-10-03T18:38:10.415622+09:00
20260922,10,三国,5,20260922-10-05,3,4418,茅原悠紀,39,岡山,53.0,A1,7.47,52.1,8.39,72.22,34,35.51,48,35.04,511,10,https://www1.mbrace.or.jp/od2/B/202609/b260922.lzh,2026-10-03T18:38:10.415622+09:00
20260922,10,三国,5,20260922-10-05,4,5366,塩嶋泰空,25,福井,55.0,B2,1.42,2.63,1.31,1.47,59,26.4,19,39.39,6 56,,https://www1.mbrace.or.jp/od2/B/202609/b260922.lzh,2026-10-03T18:38:10.415622+09:00
20260922,10,三国,5,20260922-10-05,5,4363,大野芳顕,41,福岡,53.0,A2,5.47,35.04,6.25,25.0,66,30.47,68,25.74,1225,,https://www1.mbrace.or.jp/od2/B/202609/b260922.lzh,2026-10-03T18:38:10.415622+09:00
20260922,10,三国,5,20260922-10-05,6,4888,金児隆太,39,群馬,52.0,B1,6.03,46.59,5.46,34.62,30,45.45,70,28.13,3 4,9,https://www1.mbrace.or.jp/od2/B/202609/b260922.lzh,2026-10-03T18:38:10.415622+09:00
20260922,10,三国,6,20260922-10-06,1,5282,中本大樹,23,福井,54.0,B1,5.19,36.97,3.9,20.28,36,31.85,30,34.62,265,,https://www1.mbrace.or.jp/od2/B/202609/b260922.lzh,2026-10-03T18:38:10.415622+09:00
20260922,10,三国,6,20260922-10-06,2,3837,秋山広一,51,香川,53.0,A2,6.4,44.72,5.93,46.51,28,30.0,13,31.3,125,,https://www1.mbrace.or.jp/od2/B/202609/b260922.lzh,2026-10-03T18:38:10.415622+09:00
20260922,10,三国,6,20260922-10-06,3,4441,末永由楽,40,岡山,54.0,A2,5.81,36.22,6.92,50.0,69,29.17,11,31.15,2 1,10,https://www1.mbrace.or.jp/od2/B/202609/b260922.lzh,2026-10-03T18:38:10.415622+09:00
20260922,10,三国,6,20260922-10-06,4,5090,生方靖亜,25,群馬,54.0,B1,5.16,32.14,0.0,0.0,25,32.03,53,30.43,516,12,https://www1.mbrace.or.jp/od2/B/202609/b260922.lzh,2026-10-03T18:38:10.415622+09:00
20260922,10,三国,6,20260922-10-06,5,3965,北中元樹,47,滋賀,54.0,A1,5.86,41.8,5.29,39.02,50,29.93,21,39.32,451,11,https://www1.mbrace.or.jp/od2/B/202609/b260922.lzh,2026-10-03T18:38:10.415622+09:00
20260922,10,三国,6,20260922-10-06,6,5453,久保翔耶,20,香川,54.0,B2,2.03,5.0,0.0,0.0,46,39.1,65,30.3,5 5,1,https://www1.mbrace.or.jp/od2/B/202609/b260922.lzh,2026-10-03T18:38:10.415622+09:00
20260922,10,三国,7,20260922-10-07,1,3617,竹田広樹,53,佐賀,53.0,B1,3.63,20.0,0.0,0.0,65,36.43,14,36.92,6 6,1,https://www1.mbrace.or.jp/od2/B/202609/b260922.lzh,2026-10-03T18:38:10.415622+09:00
20260922,10,三国,7,20260922-10-07,2,3333,丸尾義孝,58,徳島,53.0,A1,6.56,48.36,6.67,52.38,31,35.61,41,18.75,113,11,https://www1.mbrace.or.jp/od2/B/202609/b260922.lzh,2026-10-03T18:38:10.415622+09:00
20260922,10,三国,7,20260922-10-07,3,5143,常盤海心,25,徳島,54.0,B1,3.92,17.59,3.4,10.0,55,34.4,12,42.61,3 31,3,https://www1.mbrace.or.jp/od2/B/202609/b260922.lzh,2026-10-03T18:38:10.415622+09:00
20260922,10,三国,7,20260922-10-07,4,4357,田中和也,42,大阪,53.0,A1,6.71,52.71,7.73,62.5,52,37.01,33,33.06,263,12,https://www1.mbrace.or.jp/od2/B/202609/b260922.lzh,2026-10-03T18:38:10.415622+09:00
20260922,10,三国,7,20260922-10-07,5,4360,庄司孝輔,41,静岡,53.0,A2,5.54,33.03,5.23,38.46,18,32.8,52,35.59,544,,https://www1.mbrace.or.jp/od2/B/202609/b260922.lzh,2026-10-03T18:38:10.415622+09:00
20260922,10,三国,7,20260922-10-07,6,5345,牧村俊輝,23,愛知,52.0,B1,3.42,12.5,1.83,0.0,47,19.35,40,38.52,444,,https://www1.mbrace.or.jp/od2/B/202609/b260922.lzh,2026-10-03T18:38:10.415622+09:00
20260922,10,三国,8,20260922-10-08,1,5190,大月遊雅,25,東京,51.0,B1,4.0,17.24,3.97,10.0,62,33.59,59,26.87,363,,https://www1.mbrace.or.jp/od2/B/202609/b260922.lzh,2026-10-03T18:38:10.415622+09:00
20260922,10,三国,8,20260922-10-08,2,4210,松村康太,43,福井,53.0,A2,5.41,27.97,6.0,39.09,29,29.37,37,35.25,232,12,https://www1.mbrace.or.jp/od2/B/202609/b260922.lzh,2026-10-03T18:38:10.415622+09:00
20260922,10,三国,8,20260922-10-08,3,4016,西川新太,46,愛知,56.0,B1,5.5,32.08,5.76,40.54,41,26.92,24,39.69,1 6,3,https://www1.mbrace.or.jp/od2/B/202609/b260922.lzh,2026-10-03T18:38:10.415622+09:00
20260922,10,三国,8,20260922-10-08,4,5009,大賀龍之,29,福岡,57.0,A2,5.17,33.73,5.02,33.33,32,25.0,31,41.23,241,2,https://www1.mbrace.or.jp/od2/B/202609/b260922.lzh,2026-10-03T18:38:10.415622+09:00
20260922,10,三国,8,20260922-10-08,5,4295,小坂尚哉,40,兵庫,53.0,A1,7.53,61.65,6.5,35.0,61,31.62,22,30.08,1223,,https://www1.mbrace.or.jp/od2/B/202609/b260922.lzh,2026-10-03T18:38:10.415622+09:00
20260922,10,三国,8,20260922-10-08,6,4894,原村拓也,35,香川,51.0,B1,4.64,20.75,0.0,0.0,39,32.8,25,35.34,1 6,4,https://www1.mbrace.or.jp/od2/B/202609/b260922.lzh,2026-10-03T18:38:10.415622+09:00
20260922,10,三国,9,20260922-10-09,1,4004,山本浩輔,48,長崎,53.0,B1,4.81,27.38,5.0,37.5,44,36.92,46,36.43,343,2,https://www1.mbrace.or.jp/od2/B/202609/b260922.lzh,2026-10-03T18:38:10.415622+09:00
20260922,10,三国,9,20260922-10-09,2,4315,山崎昂介,42,長崎,54.0,B1,5.23,30.69,4.25,16.67,56,26.36,32,34.96,3 4,1,https://www1.mbrace.or.jp/od2/B/202609/b260922.lzh,2026-10-03T18:38:10.415622+09:00
20260922,10,三国,9,20260922-10-09,3,3811,石田章央,50,静岡,54.0,A1,6.08,46.62,6.15,47.06,58,32.41,38,33.33,332,4,https://www1.mbrace.or.jp/od2/B/202609/b260922.lzh,2026-10-03T18:38:10.415622+09:00
20260922,10,三国,9,20260922-10-09,4,4888,金児隆太,39,群馬,52.0,B1,6.03,46.59,5.46,34.62,30,45.45,70,28.13,3 4,5,https://www1.mbrace.or.jp/od2/B/202609/b260922.lzh,2026-10-03T18:38:10.415622+09:00
20260922,10,三国,9,20260922-10-09,5,4150,山田雄太,44,静岡,57.0,A2,5.94,41.03,6.23,48.84,14,33.07,36,32.84,335,,https://www1.mbrace.or.jp/od2/B/202609/b260922.lzh,2026-10-03T18:38:10.415622+09:00
20260922,10,三国,9,20260922-10-09,6,4424,松尾昂明,41,福岡,52.0,A2,5.5,33.86,5.81,37.5,26,19.49,34,37.1,5 2,3,https://www1.mbrace.or.jp/od2/B/202609/b260922.lzh,2026-10-03T18:38:10.415622+09:00
20260922,10,三国,10,20260922-10-10,1,4020,川上清人,46,香川,67.0,B1,3.79,21.35,3.07,10.34,60,32.87,47,34.13,656,,https://www1.mbrace.or.jp/od2/B/202609/b260922.lzh,2026-10-03T18:38:10.415622+09:00
20260922,10,三国,10,20260922-10-10,2,4675,井手良太,38,大阪,51.0,A2,5.69,37.04,6.6,40.0,68,12.04,67,34.68,3 1,4,https://www1.mbrace.or.jp/od2/B/202609/b260922.lzh,2026-10-03T18:38:10.415622+09:00
20260922,10,三国,10,20260922-10-10,3,5167,小川竜太,26,埼玉,52.0,B1,5.38,35.37,4.56,27.78,48,29.1,56,30.53,142,2,https://www1.mbrace.or.jp/od2/B/202609/b260922.lzh,2026-10-03T18:38:10.415622+09:00
20260922,10,三国,10,20260922-10-10,4,4241,大串重幸,41,長崎,53.0,A2,5.71,34.86,5.5,0.0,37,31.78,58,40.74,253,3,https://www1.mbrace.or.jp/od2/B/202609/b260922.lzh,2026-10-03T18:38:10.415622+09:00
20260922,10,三国,10,20260922-10-10,5,4418,茅原悠紀,39,岡山,53.0,A1,7.47,52.1,8.39,72.22,34,35.51,48,35.04,511,5,https://www1.mbrace.or.jp/od2/B/202609/b260922.lzh,2026-10-03T18:38:10.415622+09:00
20260922,10,三国,10,20260922-10-10,6,4441,末永由楽,40,岡山,54.0,A2,5.81,36.22,6.92,50.0,69,29.17,11,31.15,2 1,6,https://www1.mbrace.or.jp/od2/B/202609/b260922.lzh,2026-10-03T18:38:10.415622+09:00
20260922,10,三国,11,20260922-10-11,1,5344,谷口丞,23,滋賀,53.0,B1,5.34,31.11,2.47,6.98,38,27.91,62,32.8,4 1,3,https://www1.mbrace.or.jp/od2/B/202609/b260922.lzh,2026-10-03T18:38:10.415622+09:00
20260922,10,三国,11,20260922-10-11,2,3965,北中元樹,47,滋賀,54.0,A1,5.86,41.8,5.29,39.02,50,29.93,21,39.32,451,6,https://www1.mbrace.or.jp/od2/B/202609/b260922.lzh,2026-10-03T18:38:10.415622+09:00
20260922,10,三国,11,20260922-10-11,3,5038,金田智博,28,福井,51.0,A2,6.57,51.94,6.19,47.11,23,41.09,50,33.59,243,1,https://www1.mbrace.or.jp/od2/B/202609/b260922.lzh,2026-10-03T18:38:10.415622+09:00
20260922,10,三国,11,20260922-10-11,4,4711,前出達吉,36,福井,52.0,A2,5.94,43.14,6.01,41.46,15,28.68,42,30.16,2 13,5,https://www1.mbrace.or.jp/od2/B/202609/b260922.lzh,2026-10-03T18:38:10.415622+09:00
20260922,10,三国,11,20260922-10-11,5,5329,金子龍斗,22,兵庫,51.0,B1,4.54,27.94,3.15,7.41,49,37.21,63,32.59,1 65,4,https://www1.mbrace.or.jp/od2/B/202609/b260922.lzh,2026-10-03T18:38:10.415622+09:00
20260922,10,三国,11,20260922-10-11,6,3333,丸尾義孝,58,徳島,53.0,A1,6.56,48.36,6.67,52.38,31,35.61,41,18.75,113,7,https://www1.mbrace.or.jp/od2/B/202609/b260922.lzh,2026-10-03T18:38:10.415622+09:00
20260922,10,三国,12,20260922-10-12,1,4357,田中和也,42,大阪,53.0,A1,6.71,52.71,7.73,62.5,52,37.01,33,33.06,263,7,https://www1.mbrace.or.jp/od2/B/202609/b260922.lzh,2026-10-03T18:38:10.415622+09:00
20260922,10,三国,12,20260922-10-12,2,5090,生方靖亜,25,群馬,54.0,B1,5.16,32.14,0.0,0.0,25,32.03,53,30.43,516,6,https://www1.mbrace.or.jp/od2/B/202609/b260922.lzh,2026-10-03T18:38:10.415622+09:00
20260922,10,三国,12,20260922-10-12,3,4112,大久保信,46,佐賀,54.0,A2,5.7,41.49,5.85,45.0,22,22.41,61,39.34,25,4,https://www1.mbrace.or.jp/od2/B/202609/b260922.lzh,2026-10-03T18:38:10.415622+09:00
20260922,10,三国,12,20260922-10-12,4,3641,一瀬明,55,東京,52.0,A1,6.09,44.09,2.0,0.0,19,34.38,35,32.09,3 21,2,https://www1.mbrace.or.jp/od2/B/202609/b260922.lzh,2026-10-03T18:38:10.415622+09:00
20260922,10,三国,12,20260922-10-12,5,4210,松村康太,43,福井,53.0,A2,5.41,27.97,6.0,39.09,29,29.37,37,35.25,232,8,https://www1.mbrace.or.jp/od2/B/202609/b260922.lzh,2026-10-03T18:38:10.415622+09:00
20260922,10,三国,12,20260922-10-12,6,5352,西岡蒼志,22,香川,53.0,B1,5.4,34.86,2.5,14.29,16,23.53,51,31.34,414,1,https://www1.mbrace.or.jp/od2/B/202609/b260922.lzh,2026-10-03T18:38:10.415622+09:00
20260922,09,津,1,20260922-09-01,1,4137,君島秀三,46,滋賀,53.0,A1,6.68,48.18,6.91,57.14,62,28.74,35,21.95,,7,https://www1.mbrace.or.jp/od2/B/202609/b260922.lzh,2026-10-03T18:38:10.415622+09:00
20260922,09,津,1,20260922-09-01,2,5223,森清友翔,25,福岡,54.0,B1,4.97,27.19,0.0,0.0,23,32.89,50,33.77,,11,https://www1.mbrace.or.jp/od2/B/202609/b260922.lzh,2026-10-03T18:38:10.415622+09:00
20260922,09,津,1,20260922-09-01,3,4169,多田有佑,44,東京,54.0,B1,3.97,19.15,4.29,26.79,36,41.03,51,28.8,5,,https://www1.mbrace.or.jp/od2/B/202609/b260922.lzh,2026-10-03T18:38:10.415622+09:00
20260922,09,津,1,20260922-09-01,4,3843,上之晃弘,50,長崎,54.0,B1,4.84,28.3,3.89,25.93,72,33.33,61,27.59,,12,https://www1.mbrace.or.jp/od2/B/202609/b260922.lzh,2026-10-03T18:38:10.415622+09:00
20260922,09,津,1,20260922-09-01,5,4270,岸本雄貴,44,三重,56.0,B1,4.76,29.41,5.24,35.16,16,39.1,20,35.5,1,,https://www1.mbrace.or.jp/od2/B/202609/b260922.lzh,2026-10-03T18:38:10.415622+09:00
20260922,09,津,1,20260922-09-01,6,4853,前原哉,31,岡山,46.0,B1,4.38,17.82,7.22,55.56,50,33.71,68,25.0,,10,https://www1.mbrace.or.jp/od2/B/202609/b260922.lzh,2026-10-03T18:38:10.415622+09:00
20260922,09,津,2,20260922-09-02,1,4665,加藤啓太,42,愛知,52.0,B1,4.15,18.09,5.14,42.86,20,29.73,36,28.57,5,,https://www1.mbrace.or.jp/od2/B/202609/b260922.lzh,2026-10-03T18:38:10.415622+09:00
20260922,09,津,2,20260922-09-02,2,3726,桂林寛,55,福岡,54.0,B1,4.47,24.24,5.45,35.0,64,31.95,65,32.71,,9,https://www1.mbrace.or.jp/od2/B/202609/b260922.lzh,2026-10-03T18:38:10.415622+09:00
20260922,09,津,2,20260922-09-02,3,4382,高山智至,41,滋賀,54.0,B1,4.66,21.24,6.0,42.86,71,30.99,39,34.78,3,,https://www1.mbrace.or.jp/od2/B/202609/b260922.lzh,2026-10-03T18:38:10.415622+09:00
20260922,09,津,2,20260922-09-02,4,3812,山崎聖司,50,東京,52.0,B1,4.0,13.16,4.8,22.22,52,30.82,40,29.86,6,,https://www1.mbrace.or.jp/od2/B/202609/b260922.lzh,2026-10-03T18:38:10.415622+09:00
20260922,09,津,2,20260922-09-02,5,5343,小林礼央,23,広島,52.0,B1,4.16,19.0,3.38,12.5,34,25.0,52,34.62,,7,https://www1.mbrace.or.jp/od2/B/202609/b260922.lzh,2026-10-03T18:38:10.415622+09:00
20260922,09,津,2,20260922-09-02,6,5317,長尾萌加,25,岡山,45.0,B1,4.62,23.36,3.76,23.81,48,36.0,45,38.26,3,,https://www1.mbrace.or.jp/od2/B/202609/b260922.lzh,2026-10-03T18:38:10.415622+09:00
20260922,09,津,3,20260922-09-03,1,4744,伊藤玲奈,33,福岡,46.0,B1,4.57,22.62,4.42,8.33,58,40.25,17,32.69,2,,https://www1.mbrace.or.jp/od2/B/202609/b260922.lzh,2026-10-03T18:38:10.415622+09:00
20260922,09,津,3,20260922-09-03,2,4109,谷津幸宏,46,埼玉,54.0,A2,6.01,41.23,6.15,48.72,26,30.77,76,40.13,,11,https://www1.mbrace.or.jp/od2/B/202609/b260922.lzh,2026-10-03T18:38:10.415622+09:00
20260922,09,津,3,20260922-09-03,3,4574,東潤樹,38,広島,52.0,A2,5.34,37.17,5.03,23.53,44,46.94,49,41.51,,8,https://www1.mbrace.or.jp/od2/B/202609/b260922.lzh,2026-10-03T18:38:10.415622+09:00
20260922,09,津,3,20260922-09-03,4,4579,中嶋健一,37,三重,53.0,A2,6.14,40.71,6.67,46.54,63,29.21,24,31.52,,10,https://www1.mbrace.or.jp/od2/B/202609/b260922.lzh,2026-10-03T18:38:10.415622+09:00
20260922,09,津,3,20260922-09-03,5,5470,坂口諒宗,17,兵庫,53.0,B2,1.42,0.0,0.0,0.0,38,39.87,44,31.9,,7,https://www1.mbrace.or.jp/od2/B/202609/b260922.lzh,2026-10-03T18:38:10.415622+09:00
20260922,09,津,3,20260922-09-03,6,4237,大峯豊,42,山口,52.0,A1,7.36,52.07,7.38,66.67,31,40.74,33,43.24,1,9,https://www1.mbrace.or.jp/od2/B/202609/b260922.lzh,2026-10-03T18:38:10.415622+09:00
20260922,09,津,4,20260922-09-04,1,4432,黄金井力,40,埼玉,55.0,B1,5.29,29.0,5.09,26.09,40,45.28,26,37.42,3,,https://www1.mbrace.or.jp/od2/B/202609/b260922.lzh,2026-10-03T18:38:10.415622+09:00
20260922,09,津,4,20260922-09-04,2,4848,仲谷颯仁,32,福岡,53.0,A1,7.68,55.28,7.05,39.47,51,43.27,22,33.72,,10,https://www1.mbrace.or.jp/od2/B/202609/b260922.lzh,2026-10-03T18:38:10.415622+09:00
20260922,09,津,4,20260922-09-04,3,4134,杉山貴博,46,東京,54.0,A2,5.61,40.0,6.48,48.39,47,30.59,29,32.95,,9,https://www1.mbrace.or.jp/od2/B/202609/b260922.lzh,2026-10-03T18:38:10.415622+09:00
20260922,09,津,4,20260922-09-04,4,4930,佐藤悠,30,福井,54.0,A2,6.2,42.2,5.67,33.33,14,27.67,30,35.84,,8,https://www1.mbrace.or.jp/od2/B/202609/b260922.lzh,2026-10-03T18:38:10.415622+09:00
20260922,09,津,4,20260922-09-04,5,3981,今坂晃広,49,静岡,54.0,B1,4.09,20.87,4.58,24.44,69,21.95,47,27.27,,11,https://www1.mbrace.or.jp/od2/B/202609/b260922.lzh,2026-10-03T18:38:10.415622+09:00
20260922,09,津,4,20260922-09-04,6,4381,田路朋史,42,兵庫,52.0,A2,5.9,42.42,5.89,46.43,15,35.33,57,35.33,,12,https://www1.mbrace.or.jp/od2/B/202609/b260922.lzh,2026-10-03T18:38:10.415622+09:00
20260922,09,津,5,20260922-09-05,1,4362,土屋智則,41,群馬,52.0,A1,6.72,43.55,7.44,37.5,22,38.32,58,25.0,1,12,https://www1.mbrace.or.jp/od2/B/202609/b260922.lzh,2026-10-03T18:38:10.415622+09:00
20260922,09,津,5,20260922-09-05,2,5160,藤森陸斗,27,福岡,54.0,A2,5.68,40.48,4.81,22.22,25,41.01,34,39.62,,9,https://www1.mbrace.or.jp/od2/B/202609/b260922.lzh,2026-10-03T18:38:10.415622+09:00
20260922,09,津,5,20260922-09-05,3,5186,遠藤圭吾,26,東京,53.0,B1,4.46,26.92,1.17,0.0,33,28.42,64,32.65,,10,https://www1.mbrace.or.jp/od2/B/202609/b260922.lzh,2026-10-03T18:38:10.415622+09:00
20260922,09,津,5,20260922-09-05,4,4499,滝川真由,38,長崎,45.0,B1,5.0,25.0,5.63,40.0,29,30.15,71,27.93,4,,https://www1.mbrace.or.jp/od2/B/202609/b260922.lzh,2026-10-03T18:38:10.415622+09:00
20260922,09,津,5,20260922-09-05,5,4944,田代達也,35,東京,54.0,B1,4.32,19.32,4.23,20.0,30,32.34,53,24.79,5,,https://www1.mbrace.or.jp/od2/B/202609/b260922.lzh,2026-10-03T18:38:10.415622+09:00
20260922,09,津,5,20260922-09-05,6,5466,成田華音,19,埼玉,52.0,B2,2.0,2.08,2.44,11.11,37,40.63,23,38.16,4,,https://www1.mbrace.or.jp/od2/B/202609/b260922.lzh,2026-10-03T18:38:10.415622+09:00
20260922,09,津,6,20260922-09-06,1,4261,岡祐臣,42,三重,53.0,A2,6.1,43.09,6.32,44.16,61,29.14,18,38.13,,12,https://www1.mbrace.or.jp/od2/B/202609/b260922.lzh,2026-10-03T18:38:10.415622+09:00
20260922,09,津,6,20260922-09-06,2,3839,川合理司,51,静岡,65.0,B1,2.83,8.7,3.32,6.45,66,28.57,11,35.03,6,,https://www1.mbrace.or.jp/od2/B/202609/b260922.lzh,2026-10-03T18:38:10.415622+09:00
20260922,09,津,6,20260922-09-06,3,3940,飯山泰,48,東京,52.0,A1,6.25,46.03,5.68,40.91,13,36.05,73,31.74,,11,https://www1.mbrace.or.jp/od2/B/202609/b260922.lzh,2026-10-03T18:38:10.415622+09:00
20260922,09,津,6,20260922-09-06,4,4684,楠原翔太,35,福岡,55.0,B1,5.43,32.77,6.47,56.67,73,35.53,31,37.91,2,,https://www1.mbrace.or.jp/od2/B/202609/b260922.lzh,2026-10-03T18:38:10.415622+09:00
20260922,09,津,6,20260922-09-06,5,4539,金子賢志,35,群馬,52.0,A1,6.2,41.8,6.44,52.94,41,42.07,12,27.04,,10,https://www1.mbrace.or.jp/od2/B/202609/b260922.lzh,2026-10-03T18:38:10.415622+09:00
20260922,09,津,6,20260922-09-06,6,5454,谷島咲希,20,埼玉,48.0,B2,1.49,1.69,0.0,0.0,56,36.23,38,30.64,6,,https://www1.mbrace.or.jp/od2/B/202609/b260922.lzh,2026-10-03T18:38:10.415622+09:00
20260922,09,津,7,20260922-09-07,1,5343,小林礼央,23,広島,52.0,B1,4.16,19.0,3.38,12.5,34,25.0,52,34.62,,2,https://www1.mbrace.or.jp/od2/B/202609/b260922.lzh,2026-10-03T18:38:10.415622+09:00
20260922,09,津,7,20260922-09-07,2,3777,樋口亮,51,長崎,53.0,A2,5.06,29.63,6.27,50.0,70,35.23,67,34.12,2,,https://www1.mbrace.or.jp/od2/B/202609/b260922.lzh,2026-10-03T18:38:10.415622+09:00
20260922,09,津,7,20260922-09-07,3,5091,為本智也,25,福井,52.0,B1,6.16,45.33,5.5,33.33,54,27.97,13,33.75,,12,https://www1.mbrace.or.jp/od2/B/202609/b260922.lzh,2026-10-03T18:38:10.415622+09:00
20260922,09,津,7,20260922-09-07,4,4137,君島秀三,46,滋賀,53.0,A1,6.68,48.18,6.91,57.14,62,28.74,35,21.95,,1,https://www1.mbrace.or.jp/od2/B/202609/b260922.lzh,2026-10-03T18:38:10.415622+09:00
20260922,09,津,7,20260922-09-07,5,3627,井上恵一,57,福岡,54.0,A2,4.55,30.85,0.0,0.0,39,41.46,21,31.61,,11,https://www1.mbrace.or.jp/od2/B/202609/b260922.lzh,2026-10-03T18:38:10.415622+09:00
20260922,09,津,7,20260922-09-07,6,5470,坂口諒宗,17,兵庫,53.0,B2,1.42,0.0,0.0,0.0,38,39.87,44,31.9,,3,https://www1.mbrace.or.jp/od2/B/202609/b260922.lzh,2026-10-03T18:38:10.415622+09:00
20260922,09,津,8,20260922-09-08,1,4930,佐藤悠,30,福井,54.0,A2,6.2,42.2,5.67,33.33,14,27.67,30,35.84,,4,https://www1.mbrace.or.jp/od2/B/202609/b260922.lzh,2026-10-03T18:38:10.415622+09:00
20260922,09,津,8,20260922-09-08,2,5247,大森翼,24,兵庫,53.0,B1,4.32,16.36,2.0,0.0,43,29.41,25,37.43,4,,https://www1.mbrace.or.jp/od2/B/202609/b260922.lzh,2026-10-03T18:38:10.415622+09:00
20260922,09,津,8,20260922-09-08,3,4451,松崎祐太,38,福岡,53.0,A2,6.37,48.65,6.0,46.67,60,27.33,63,33.54,4,,https://www1.mbrace.or.jp/od2/B/202609/b260922.lzh,2026-10-03T18:38:10.415622+09:00
20260922,09,津,8,20260922-09-08,4,5439,志賀美優,20,愛知,49.0,B2,1.47,0.0,1.13,0.0,53,33.57,74,39.52,5,,https://www1.mbrace.or.jp/od2/B/202609/b260922.lzh,2026-10-03T18:38:10.415622+09:00
20260922,09,津,8,20260922-09-08,5,3959,坪井康晴,48,静岡,54.0,A1,7.14,49.15,7.7,57.58,67,36.03,14,29.2,,12,https://www1.mbrace.or.jp/od2/B/202609/b260922.lzh,2026-10-03T18:38:10.415622+09:00
20260922,09,津,8,20260922-09-08,6,4574,東潤樹,38,広島,52.0,A2,5.34,37.17,5.03,23.53,44,46.94,49,41.51,,3,https://www1.mbrace.or.jp/od2/B/202609/b260922.lzh,2026-10-03T18:38:10.415622+09:00
20260922,09,津,9,20260922-09-09,1,4134,杉山貴博,46,東京,54.0,A2,5.61,40.0,6.48,48.39,47,30.59,29,32.95,,4,https://www1.mbrace.or.jp/od2/B/202609/b260922.lzh,2026-10-03T18:38:10.415622+09:00
20260922,09,津,9,20260922-09-09,2,4237,大峯豊,42,山口,52.0,A1,7.36,52.07,7.38,66.67,31,40.74,33,43.24,1,3,https://www1.mbrace.or.jp/od2/B/202609/b260922.lzh,2026-10-03T18:38:10.415622+09:00
20260922,09,津,9,20260922-09-09,3,5194,大久保佑,25,埼玉,43.0,B1,4.69,28.74,4.37,26.32,12,29.73,48,30.5,6,,https://www1.mbrace.or.jp/od2/B/202609/b260922.lzh,2026-10-03T18:38:10.415622+09:00
20260922,09,津,9,20260922-09-09,4,5160,藤森陸斗,27,福岡,54.0,A2,5.68,40.48,4.81,22.22,25,41.01,34,39.62,,5,https://www1.mbrace.or.jp/od2/B/202609/b260922.lzh,2026-10-03T18:38:10.415622+09:00
20260922,09,津,9,20260922-09-09,5,3726,桂林寛,55,福岡,54.0,B1,4.47,24.24,5.45,35.0,64,31.95,65,32.71,,2,https://www1.mbrace.or.jp/od2/B/202609/b260922.lzh,2026-10-03T18:38:10.415622+09:00
20260922,09,津,9,20260922-09-09,6,4706,三浦洋次,37,愛知,49.0,A2,5.66,45.19,6.66,48.57,24,37.84,56,35.54,2,,https://www1.mbrace.or.jp/od2/B/202609/b260922.lzh,2026-10-03T18:38:10.415622+09:00
20260922,09,津,10,20260922-09-10,1,4579,中嶋健一,37,三重,53.0,A2,6.14,40.71,6.67,46.54,63,29.21,24,31.52,,3,https://www1.mbrace.or.jp/od2/B/202609/b260922.lzh,2026-10-03T18:38:10.415622+09:00
20260922,09,津,10,20260922-09-10,2,4539,金子賢志,35,群馬,52.0,A1,6.2,41.8,6.44,52.94,41,42.07,12,27.04,,6,https://www1.mbrace.or.jp/od2/B/202609/b260922.lzh,2026-10-03T18:38:10.415622+09:00
20260922,09,津,10,20260922-09-10,3,4853,前原哉,31,岡山,46.0,B1,4.38,17.82,7.22,55.56,50,33.71,68,25.0,,1,https://www1.mbrace.or.jp/od2/B/202609/b260922.lzh,2026-10-03T18:38:10.415622+09:00
20260922,09,津,10,20260922-09-10,4,4848,仲谷颯仁,32,福岡,53.0,A1,7.68,55.28,7.05,39.47,51,43.27,22,33.72,,4,https://www1.mbrace.or.jp/od2/B/202609/b260922.lzh,2026-10-03T18:38:10.415622+09:00
20260922,09,津,10,20260922-09-10,5,3999,大瀧明日,47,愛知,46.0,A2,6.31,49.61,6.17,41.67,27,34.59,69,35.67,1,,https://www1.mbrace.or.jp/od2/B/202609/b260922.lzh,2026-10-03T18:38:10.415622+09:00
20260922,09,津,10,20260922-09-10,6,5186,遠藤圭吾,26,東京,53.0,B1,4.46,26.92,1.17,0.0,33,28.42,64,32.65,,5,https://www1.mbrace.or.jp/od2/B/202609/b260922.lzh,2026-10-03T18:38:10.415622+09:00
20260922,09,津,11,20260922-09-11,1,4239,竹田辰也,42,山口,53.0,A1,6.54,50.85,6.43,53.33,19,17.79,27,29.23,3,,https://www1.mbrace.or.jp/od2/B/202609/b260922.lzh,2026-10-03T18:38:10.415622+09:00
20260922,09,津,11,20260922-09-11,2,3627,井上恵一,57,福岡,54.0,A2,4.55,30.85,0.0,0.0,39,41.46,21,31.61,,7,https://www1.mbrace.or.jp/od2/B/202609/b260922.lzh,2026-10-03T18:38:10.415622+09:00
20260922,09,津,11,20260922-09-11,3,3981,今坂晃広,49,静岡,54.0,B1,4.09,20.87,4.58,24.44,69,21.95,47,27.27,,4,https://www1.mbrace.or.jp/od2/B/202609/b260922.lzh,2026-10-03T18:38:10.415622+09:00
20260922,09,津,11,20260922-09-11,4,3940,飯山泰,48,東京,52.0,A1,6.25,46.03,5.68,40.91,13,36.05,73,31.74,,6,https://www1.mbrace.or.jp/od2/B/202609/b260922.lzh,2026-10-03T18:38:10.415622+09:00
20260922,09,津,11,20260922-09-11,5,4109,谷津幸宏,46,埼玉,54.0,A2,6.01,41.23,6.15,48.72,26,30.77,76,40.13,,3,https://www1.mbrace.or.jp/od2/B/202609/b260922.lzh,2026-10-03T18:38:10.415622+09:00
20260922,09,津,11,20260922-09-11,6,5223,森清友翔,25,福岡,54.0,B1,4.97,27.19,0.0,0.0,23,32.89,50,33.77,,1,https://www1.mbrace.or.jp/od2/B/202609/b260922.lzh,2026-10-03T18:38:10.415622+09:00
20260922,09,津,12,20260922-09-12,1,3959,坪井康晴,48,静岡,54.0,A1,7.14,49.15,7.7,57.58,67,36.03,14,29.2,,8,https://www1.mbrace.or.jp/od2/B/202609/b260922.lzh,2026-10-03T18:38:10.415622+09:00
20260922,09,津,12,20260922-09-12,2,4381,田路朋史,42,兵庫,52.0,A2,5.9,42.42,5.89,46.43,15,35.33,57,35.33,,4,https://www1.mbrace.or.jp/od2/B/202609/b260922.lzh,2026-10-03T18:38:10.415622+09:00
20260922,09,津,12,20260922-09-12,3,3843,上之晃弘,50,長崎,54.0,B1,4.84,28.3,3.89,25.93,72,33.33,61,27.59,,1,https://www1.mbrace.or.jp/od2/B/202609/b260922.lzh,2026-10-03T18:38:10.415622+09:00
20260922,09,津,12,20260922-09-12,4,4362,土屋智則,41,群馬,52.0,A1,6.72,43.55,7.44,37.5,22,38.32,58,25.0,1,5,https://www1.mbrace.or.jp/od2/B/202609/b260922.lzh,2026-10-03T18:38:10.415622+09:00
20260922,09,津,12,20260922-09-12,5,4261,岡祐臣,42,三重,53.0,A2,6.1,43.09,6.32,44.16,61,29.14,18,38.13,,6,https://www1.mbrace.or.jp/od2/B/202609/b260922.lzh,2026-10-03T18:38:10.415622+09:00
20260922,09,津,12,20260922-09-12,6,5091,為本智也,25,福井,52.0,B1,6.16,45.33,5.5,33.33,54,27.97,13,33.75,,7,https://www1.mbrace.or.jp/od2/B/202609/b260922.lzh,2026-10-03T18:38:10.415622+09:00
20260922,08,常滑,1,20260922-08-01,1,4209,藤田竜弘,43,静岡,57.0,A2,6.23,40.74,5.84,35.56,34,27.18,78,41.82,,10,https://www1.mbrace.or.jp/od2/B/202609/b260922.lzh,2026-10-03T18:38:10.415622+09:00
20260922,08,常滑,1,20260922-08-01,2,4669,井上茂,41,福岡,53.0,B1,4.24,16.49,5.0,38.46,50,34.04,31,17.5,,11,https://www1.mbrace.or.jp/od2/B/202609/b260922.lzh,2026-10-03T18:38:10.415622+09:00
20260922,08,常滑,1,20260922-08-01,3,4425,大井清貴,41,山口,55.0,B1,4.51,21.05,0.0,0.0,35,41.32,22,35.85,,5,https://www1.mbrace.or.jp/od2/B/202609/b260922.lzh,2026-10-03T18:38:10.415622+09:00
20260922,08,常滑,1,20260922-08-01,4,5053,山口広樹,30,福岡,55.0,B1,3.63,18.67,4.62,29.41,19,35.83,75,44.64,,6,https://www1.mbrace.or.jp/od2/B/202609/b260922.lzh,2026-10-03T18:38:10.415622+09:00
20260922,08,常滑,1,20260922-08-01,5,4511,中岡健人,37,香川,58.0,B1,4.69,23.6,3.67,16.67,32,28.51,21,40.82,,,https://www1.mbrace.or.jp/od2/B/202609/b260922.lzh,2026-10-03T18:38:10.415622+09:00
20260922,08,常滑,1,20260922-08-01,6,5455,澁澤周羽,20,群馬,53.0,B2,1.46,0.0,0.0,0.0,26,34.02,58,37.7,,7,https://www1.mbrace.or.jp/od2/B/202609/b260922.lzh,2026-10-03T18:38:10.415622+09:00
20260922,08,常滑,2,20260922-08-02,1,3867,松浦勝,51,愛知,58.0,B1,2.76,7.23,4.25,21.43,12,41.95,26,39.58,,7,https://www1.mbrace.or.jp/od2/B/202609/b260922.lzh,2026-10-03T18:38:10.415622+09:00
20260922,08,常滑,2,20260922-08-02,2,3968,茶谷信次,50,滋賀,53.0,A2,5.13,31.11,6.0,30.77,1,36.17,52,37.04,,10,https://www1.mbrace.or.jp/od2/B/202609/b260922.lzh,2026-10-03T18:38:10.415622+09:00
20260922,08,常滑,2,20260922-08-02,3,5138,村本大成,26,福岡,53.0,B1,4.01,16.44,2.75,12.5,28,34.44,46,25.0,,8,https://www1.mbrace.or.jp/od2/B/202609/b260922.lzh,2026-10-03T18:38:10.415622+09:00
20260922,08,常滑,2,20260922-08-02,4,5396,近藤来希,24,兵庫,51.0,B2,2.31,1.41,1.43,0.0,29,34.14,74,41.67,,,https://www1.mbrace.or.jp/od2/B/202609/b260922.lzh,2026-10-03T18:38:10.415622+09:00
20260922,08,常滑,2,20260922-08-02,5,4588,田中京介,35,福岡,56.0,A2,5.53,40.31,5.45,40.0,52,33.33,47,37.74,,,https://www1.mbrace.or.jp/od2/B/202609/b260922.lzh,2026-10-03T18:38:10.415622+09:00
20260922,08,常滑,2,20260922-08-02,6,4407,鹿島敏弘,40,群馬,56.0,B1,4.6,23.42,4.89,28.26,56,28.83,32,50.0,,11,https://www1.mbrace.or.jp/od2/B/202609/b260922.lzh,2026-10-03T18:38:10.415622+09:00
20260922,08,常滑,3,20260922-08-03,1,3945,橋口真樹,50,愛知,51.0,B1,4.59,24.0,4.77,26.23,17,30.7,73,45.0,,,https://www1.mbrace.or.jp/od2/B/202609/b260922.lzh,2026-10-03T18:38:10.415622+09:00
20260922,08,常滑,3,20260922-08-03,2,3635,石田政吾,55,福井,53.0,B1,4.93,30.68,5.07,35.56,53,36.82,53,38.6,,10,https://www1.mbrace.or.jp/od2/B/202609/b260922.lzh,2026-10-03T18:38:10.415622+09:00
20260922,08,常滑,3,20260922-08-03,3,4146,柳橋宏紀,44,滋賀,54.0,A2,4.89,26.73,5.55,35.48,3,44.03,12,18.97,,9,https://www1.mbrace.or.jp/od2/B/202609/b260922.lzh,2026-10-03T18:38:10.415622+09:00
20260922,08,常滑,3,20260922-08-03,4,4438,森作雄大,40,東京,54.0,B1,5.36,38.84,5.85,38.46,9,39.83,64,34.0,,7,https://www1.mbrace.or.jp/od2/B/202609/b260922.lzh,2026-10-03T18:38:10.415622+09:00
20260922,08,常滑,3,20260922-08-03,5,4532,秋元哲,37,埼玉,51.0,A1,6.96,56.7,7.58,68.42,10,42.74,59,25.49,,12,https://www1.mbrace.or.jp/od2/B/202609/b260922.lzh,2026-10-03T18:38:10.415622+09:00
20260922,08,常滑,3,20260922-08-03,6,5152,丸山祐也,31,福岡,50.0,B1,3.12,3.7,2.17,0.0,55,30.18,25,39.22,,8,https://www1.mbrace.or.jp/od2/B/202609/b260922.lzh,2026-10-03T18:38:10.415622+09:00
20260922,08,常滑,4,20260922-08-04,1,4557,松尾光広,36,岡山,54.0,B1,3.83,16.84,5.07,21.43,47,34.73,65,41.51,,9,https://www1.mbrace.or.jp/od2/B/202609/b260922.lzh,2026-10-03T18:38:10.415622+09:00
20260922,08,常滑,4,20260922-08-04,2,5070,中島航,32,東京,54.0,B1,4.31,22.22,3.13,25.0,60,33.74,60,49.02,,,https://www1.mbrace.or.jp/od2/B/202609/b260922.lzh,2026-10-03T18:38:10.415622+09:00
20260922,08,常滑,4,20260922-08-04,3,4950,高岡竜也,33,山口,52.0,A1,6.1,45.6,6.23,46.15,39,39.65,13,24.0,,12,https://www1.mbrace.or.jp/od2/B/202609/b260922.lzh,2026-10-03T18:38:10.415622+09:00
20260922,08,常滑,4,20260922-08-04,4,4252,松下哲也,43,福岡,51.0,B1,5.03,28.57,4.23,25.64,41,35.48,49,16.22,,,https://www1.mbrace.or.jp/od2/B/202609/b260922.lzh,2026-10-03T18:38:10.415622+09:00
20260922,08,常滑,4,20260922-08-04,5,3905,天野友和,49,愛知,53.0,A2,5.97,37.7,5.69,38.37,46,28.49,42,29.79,,11,https://www1.mbrace.or.jp/od2/B/202609/b260922.lzh,2026-10-03T18:38:10.415622+09:00
20260922,08,常滑,4,20260922-08-04,6,4437,中田元泰,40,香川,56.0,A2,5.96,43.41,5.83,44.44,7,35.83,69,30.91,,8,https://www1.mbrace.or.jp/od2/B/202609/b260922.lzh,2026-10-03T18:38:10.415622+09:00
20260922,08,常滑,5,20260922-08-05,1,4794,和田拓也,36,兵庫,55.0,A1,7.11,59.34,6.66,46.88,59,39.08,43,31.15,,12,https://www1.mbrace.or.jp/od2/B/202609/b260922.lzh,2026-10-03T18:38:10.415622+09:00
20260922,08,常滑,5,20260922-08-05,2,4390,松本弓雄,40,徳島,52.0,B1,3.92,16.51,3.67,9.52,30,42.86,37,22.45,,9,https://www1.mbrace.or.jp/od2/B/202609/b260922.lzh,2026-10-03T18:38:10.415622+09:00
20260922,08,常滑,5,20260922-08-05,3,3251,平石和男,60,埼玉,50.0,A2,5.89,37.4,6.0,37.5,24,33.33,48,35.85,,,https://www1.mbrace.or.jp/od2/B/202609/b260922.lzh,2026-10-03T18:38:10.415622+09:00
20260922,08,常滑,5,20260922-08-05,4,3788,一宮稔弘,54,徳島,53.0,B2,5.21,34.48,6.58,47.37,58,32.47,51,28.57,,10,https://www1.mbrace.or.jp/od2/B/202609/b260922.lzh,2026-10-03T18:38:10.415622+09:00
20260922,08,常滑,5,20260922-08-05,5,4425,大井清貴,41,山口,55.0,B1,4.51,21.05,0.0,0.0,35,41.32,22,35.85,,1,https://www1.mbrace.or.jp/od2/B/202609/b260922.lzh,2026-10-03T18:38:10.415622+09:00
20260922,08,常滑,5,20260922-08-05,6,4886,入海馨,30,岡山,55.0,A2,6.44,40.59,7.53,58.82,21,36.13,30,50.0,,11,https://www1.mbrace.or.jp/od2/B/202609/b260922.lzh,2026-10-03T18:38:10.415622+09:00
20260922,08,常滑,6,20260922-08-06,1,4786,佐藤博亮,38,愛知,54.0,A1,6.69,55.97,6.52,43.1,36,30.0,29,16.98,,12,https://www1.mbrace.or.jp/od2/B/202609/b260922.lzh,2026-10-03T18:38:10.415622+09:00
20260922,08,常滑,6,20260922-08-06,2,5053,山口広樹,30,福岡,55.0,B1,3.63,18.67,4.62,29.41,19,35.83,75,44.64,,1,https://www1.mbrace.or.jp/od2/B/202609/b260922.lzh,2026-10-03T18:38:10.415622+09:00
20260922,08,常滑,6,20260922-08-06,3,4033,伊藤将吉,48,静岡,53.0,A2,5.85,42.34,6.03,34.48,38,33.2,67,35.71,,,https://www1.mbrace.or.jp/od2/B/202609/b260922.lzh,2026-10-03T18:38:10.415622+09:00
20260922,08,常滑,6,20260922-08-06,4,4896,花本剛,34,山口,57.0,B1,4.19,22.67,3.0,0.0,57,34.05,17,22.45,,,https://www1.mbrace.or.jp/od2/B/202609/b260922.lzh,2026-10-03T18:38:10.415622+09:00
20260922,08,常滑,6,20260922-08-06,5,3833,中辻博訓,52,福井,55.0,A2,6.49,50.0,6.68,52.0,31,38.14,76,32.73,,10,https://www1.mbrace.or.jp/od2/B/202609/b260922.lzh,2026-10-03T18:38:10.415622+09:00
20260922,08,常滑,6,20260922-08-06,6,4731,間野兼礼,37,愛知,53.0,B1,4.66,20.48,5.39,34.43,14,45.53,36,34.62,,,https://www1.mbrace.or.jp/od2/B/202609/b260922.lzh,2026-10-03T18:38:10.415622+09:00
20260922,08,常滑,7,20260922-08-07,1,4438,森作雄大,40,東京,54.0,B1,5.36,38.84,5.85,38.46,9,39.83,64,34.0,,3,https://www1.mbrace.or.jp/od2/B/202609/b260922.lzh,2026-10-03T18:38:10.415622+09:00
20260922,08,常滑,7,20260922-08-07,2,5111,三村岳人,26,岡山,51.0,A2,6.02,46.39,5.82,47.06,54,28.7,34,40.82,,11,https://www1.mbrace.or.jp/od2/B/202609/b260922.lzh,2026-10-03T18:38:10.415622+09:00
20260922,08,常滑,7,20260922-08-07,3,5268,山本幸也,25,福岡,57.0,B1,3.89,17.24,3.69,18.75,20,31.22,72,38.89,,,https://www1.mbrace.or.jp/od2/B/202609/b260922.lzh,2026-10-03T18:38:10.415622+09:00
20260922,08,常滑,7,20260922-08-07,4,5455,澁澤周羽,20,群馬,53.0,B2,1.46,0.0,0.0,0.0,26,34.02,58,37.7,,1,https://www1.mbrace.or.jp/od2/B/202609/b260922.lzh,2026-10-03T18:38:10.415622+09:00
20260922,08,常滑,7,20260922-08-07,5,3867,松浦勝,51,愛知,58.0,B1,2.76,7.23,4.25,21.43,12,41.95,26,39.58,,2,https://www1.mbrace.or.jp/od2/B/202609/b260922.lzh,2026-10-03T18:38:10.415622+09:00
20260922,08,常滑,7,20260922-08-07,6,4199,北川潤二,44,愛知,58.0,A1,6.37,45.77,6.25,44.55,5,34.54,71,32.2,,12,https://www1.mbrace.or.jp/od2/B/202609/b260922.lzh,2026-10-03T18:38:10.415622+09:00
20260922,08,常滑,8,20260922-08-08,1,4650,中山雄太,42,愛知,53.0,B2,3.78,21.88,6.62,53.19,40,33.47,56,24.14,,,https://www1.mbrace.or.jp/od2/B/202609/b260922.lzh,2026-10-03T18:38:10.415622+09:00
20260922,08,常滑,8,20260922-08-08,2,5152,丸山祐也,31,福岡,50.0,B1,3.12,3.7,2.17,0.0,55,30.18,25,39.22,,3,https://www1.mbrace.or.jp/od2/B/202609/b260922.lzh,2026-10-03T18:38:10.415622+09:00
20260922,08,常滑,8,20260922-08-08,3,4437,中田元泰,40,香川,56.0,A2,5.96,43.41,5.83,44.44,7,35.83,69,30.91,,4,https://www1.mbrace.or.jp/od2/B/202609/b260922.lzh,2026-10-03T18:38:10.415622+09:00
20260922,08,常滑,8,20260922-08-08,4,3850,小川知行,54,群馬,55.0,B1,4.47,23.58,4.95,31.82,42,37.45,18,38.0,,,https://www1.mbrace.or.jp/od2/B/202609/b260922.lzh,2026-10-03T18:38:10.415622+09:00
20260922,08,常滑,8,20260922-08-08,5,5138,村本大成,26,福岡,53.0,B1,4.01,16.44,2.75,12.5,28,34.44,46,25.0,,2,https://www1.mbrace.or.jp/od2/B/202609/b260922.lzh,2026-10-03T18:38:10.415622+09:00
20260922,08,常滑,8,20260922-08-08,6,4058,野末智一,47,静岡,52.0,A1,6.02,42.42,4.96,25.0,13,34.65,33,22.22,,12,https://www1.mbrace.or.jp/od2/B/202609/b260922.lzh,2026-10-03T18:38:10.415622+09:00
20260922,08,常滑,9,20260922-08-09,1,4562,阪本勇介,38,岡山,55.0,B1,4.74,28.33,5.67,50.0,25,29.44,45,21.82,,,https://www1.mbrace.or.jp/od2/B/202609/b260922.lzh,2026-10-03T18:38:10.415622+09:00
20260922,08,常滑,9,20260922-08-09,2,5252,荒木颯斗,24,愛知,53.0,A2,6.02,41.41,5.24,32.93,8,33.74,15,31.25,,,https://www1.mbrace.or.jp/od2/B/202609/b260922.lzh,2026-10-03T18:38:10.415622+09:00
20260922,08,常滑,9,20260922-08-09,3,4055,吉田俊彦,48,兵庫,53.0,A2,6.79,54.07,7.12,52.0,51,35.95,62,19.64,,,https://www1.mbrace.or.jp/od2/B/202609/b260922.lzh,2026-10-03T18:38:10.415622+09:00
20260922,08,常滑,9,20260922-08-09,4,4557,松尾光広,36,岡山,54.0,B1,3.83,16.84,5.07,21.43,47,34.73,65,41.51,,4,https://www1.mbrace.or.jp/od2/B/202609/b260922.lzh,2026-10-03T18:38:10.415622+09:00
20260922,08,常滑,9,20260922-08-09,5,4146,柳橋宏紀,44,滋賀,54.0,A2,4.89,26.73,5.55,35.48,3,44.03,12,18.97,,3,https://www1.mbrace.or.jp/od2/B/202609/b260922.lzh,2026-10-03T18:38:10.415622+09:00
20260922,08,常滑,9,20260922-08-09,6,4390,松本弓雄,40,徳島,52.0,B1,3.92,16.51,3.67,9.52,30,42.86,37,22.45,,5,https://www1.mbrace.or.jp/od2/B/202609/b260922.lzh,2026-10-03T18:38:10.415622+09:00
20260922,08,常滑,10,20260922-08-10,1,3833,中辻博訓,52,福井,55.0,A2,6.49,50.0,6.68,52.0,31,38.14,76,32.73,,6,https://www1.mbrace.or.jp/od2/B/202609/b260922.lzh,2026-10-03T18:38:10.415622+09:00
20260922,08,常滑,10,20260922-08-10,2,3788,一宮稔弘,54,徳島,53.0,B2,5.21,34.48,6.58,47.37,58,32.47,51,28.57,,5,https://www1.mbrace.or.jp/od2/B/202609/b260922.lzh,2026-10-03T18:38:10.415622+09:00
20260922,08,常滑,10,20260922-08-10,3,3635,石田政吾,55,福井,53.0,B1,4.93,30.68,5.07,35.56,53,36.82,53,38.6,,3,https://www1.mbrace.or.jp/od2/B/202609/b260922.lzh,2026-10-03T18:38:10.415622+09:00
20260922,08,常滑,10,20260922-08-10,4,4209,藤田竜弘,43,静岡,57.0,A2,6.23,40.74,5.84,35.56,34,27.18,78,41.82,,1,https://www1.mbrace.or.jp/od2/B/202609/b260922.lzh,2026-10-03T18:38:10.415622+09:00
20260922,08,常滑,10,20260922-08-10,5,5337,出畑孝成,20,福岡,54.0,B1,4.35,21.43,1.0,0.0,16,38.4,27,25.0,,,https://www1.mbrace.or.jp/od2/B/202609/b260922.lzh,2026-10-03T18:38:10.415622+09:00
20260922,08,常滑,10,20260922-08-10,6,3968,茶谷信次,50,滋賀,53.0,A2,5.13,31.11,6.0,30.77,1,36.17,52,37.04,,2,https://www1.mbrace.or.jp/od2/B/202609/b260922.lzh,2026-10-03T18:38:10.415622+09:00
20260922,08,常滑,11,20260922-08-11,1,3905,天野友和,49,愛知,53.0,A2,5.97,37.7,5.69,38.37,46,28.49,42,29.79,,4,https://www1.mbrace.or.jp/od2/B/202609/b260922.lzh,2026-10-03T18:38:10.415622+09:00
20260922,08,常滑,11,20260922-08-11,2,4886,入海馨,30,岡山,55.0,A2,6.44,40.59,7.53,58.82,21,36.13,30,50.0,,5,https://www1.mbrace.or.jp/od2/B/202609/b260922.lzh,2026-10-03T18:38:10.415622+09:00
20260922,08,常滑,11,20260922-08-11,3,4407,鹿島敏弘,40,群馬,56.0,B1,4.6,23.42,4.89,28.26,56,28.83,32,50.0,,2,https://www1.mbrace.or.jp/od2/B/202609/b260922.lzh,2026-10-03T18:38:10.415622+09:00
20260922,08,常滑,11,20260922-08-11,4,5240,高橋龍治,26,福岡,54.0,B1,3.94,20.78,2.39,7.14,4,30.71,41,26.79,,,https://www1.mbrace.or.jp/od2/B/202609/b260922.lzh,2026-10-03T18:38:10.415622+09:00
20260922,08,常滑,11,20260922-08-11,5,5111,三村岳人,26,岡山,51.0,A2,6.02,46.39,5.82,47.06,54,28.7,34,40.82,,7,https://www1.mbrace.or.jp/od2/B/202609/b260922.lzh,2026-10-03T18:38:10.415622+09:00
20260922,08,常滑,11,20260922-08-11,6,4669,井上茂,41,福岡,53.0,B1,4.24,16.49,5.0,38.46,50,34.04,31,17.5,,1,https://www1.mbrace.or.jp/od2/B/202609/b260922.lzh,2026-10-03T18:38:10.415622+09:00
20260922,08,常滑,12,20260922-08-12,1,4532,秋元哲,37,埼玉,51.0,A1,6.96,56.7,7.58,68.42,10,42.74,59,25.49,,3,https://www1.mbrace.or.jp/od2/B/202609/b260922.lzh,2026-10-03T18:38:10.415622+09:00
20260922,08,常滑,12,20260922-08-12,2,4199,北川潤二,44,愛知,58.0,A1,6.37,45.77,6.25,44.55,5,34.54,71,32.2,,7,https://www1.mbrace.or.jp/od2/B/202609/b260922.lzh,2026-10-03T18:38:10.415622+09:00
20260922,08,常滑,12,20260922-08-12,3,4058,野末智一,47,静岡,52.0,A1,6.02,42.42,4.96,25.0,13,34.65,33,22.22,,8,https://www1.mbrace.or.jp/od2/B/202609/b260922.lzh,2026-10-03T18:38:10.415622+09:00
20260922,08,常滑,12,20260922-08-12,4,4786,佐藤博亮,38,愛知,54.0,A1,6.69,55.97,6.52,43.1,36,30.0,29,16.98,,6,https://www1.mbrace.or.jp/od2/B/202609/b260922.lzh,2026-10-03T18:38:10.415622+09:00
20260922,08,常滑,12,20260922-08-12,5,4794,和田拓也,36,兵庫,55.0,A1,7.11,59.34,6.66,46.88,59,39.08,43,31.15,,5,https://www1.mbrace.or.jp/od2/B/202609/b260922.lzh,2026-10-03T18:38:10.415622+09:00
20260922,08,常滑,12,20260922-08-12,6,4950,高岡竜也,33,山口,52.0,A1,6.1,45.6,6.23,46.15,39,39.65,13,24.0,,4,https://www1.mbrace.or.jp/od2/B/202609/b260922.lzh,2026-10-03T18:38:10.415622+09:00
20260922,06,浜名湖,1,20260922-06-01,1,3523,寳田亮治,57,福岡,52.0,B1,4.46,22.37,4.35,19.35,11,40.18,69,34.35,365 5,8,https://www1.mbrace.or.jp/od2/B/202609/b260922.lzh,2026-10-03T18:38:10.415622+09:00
20260922,06,浜名湖,1,20260922-06-01,2,4196,田中太一,44,佐賀,53.0,B1,3.98,20.62,3.73,13.33,54,32.71,44,40.38,5 243,5,https://www1.mbrace.or.jp/od2/B/202609/b260922.lzh,2026-10-03T18:38:10.415622+09:00
20260922,06,浜名湖,1,20260922-06-01,3,4436,渋谷明憲,40,大阪,53.0,A1,6.39,49.48,5.14,28.57,12,16.67,17,34.96,163162,9,https://www1.mbrace.or.jp/od2/B/202609/b260922.lzh,2026-10-03T18:38:10.415622+09:00
20260922,06,浜名湖,1,20260922-06-01,4,4151,下河誉史,44,福岡,55.0,B1,5.02,28.28,5.0,29.41,60,16.95,14,35.51,6 553,7,https://www1.mbrace.or.jp/od2/B/202609/b260922.lzh,2026-10-03T18:38:10.415622+09:00
20260922,06,浜名湖,1,20260922-06-01,5,4049,荒川健太,46,三重,57.0,A2,6.02,39.5,6.41,40.54,33,22.89,21,40.09,344 5,10,https://www1.mbrace.or.jp/od2/B/202609/b260922.lzh,2026-10-03T18:38:10.415622+09:00
20260922,06,浜名湖,1,20260922-06-01,6,5046,松山裕基,32,大阪,54.0,B1,3.99,15.71,3.29,0.0,56,28.13,15,34.78,6 154,6,https://www1.mbrace.or.jp/od2/B/202609/b260922.lzh,2026-10-03T18:38:10.415622+09:00
20260922,06,浜名湖,2,20260922-06-02,1,5400,高村諒,24,滋賀,53.0,B2,2.56,5.0,1.2,0.0,34,32.14,27,30.05,6 434,9,https://www1.mbrace.or.jp/od2/B/202609/b260922.lzh,2026-10-03T18:38:10.415622+09:00
20260922,06,浜名湖,2,20260922-06-02,2,3711,江本真治,52,山口,53.0,A2,6.0,40.5,5.38,26.92,43,17.14,29,35.19,441 36,,https://www1.mbrace.or.jp/od2/B/202609/b260922.lzh,2026-10-03T18:38:10.415622+09:00
20260922,06,浜名湖,2,20260922-06-02,3,4128,川口貴久,46,東京,55.0,B1,5.04,30.56,5.17,27.78,2,45.19,24,36.91,6 233,12,https://www1.mbrace.or.jp/od2/B/202609/b260922.lzh,2026-10-03T18:38:10.415622+09:00
20260922,06,浜名湖,2,20260922-06-02,4,4992,廣瀬篤哉,28,滋賀,59.0,B1,4.85,31.76,5.0,32.26,5,46.67,43,31.25,522 2,6,https://www1.mbrace.or.jp/od2/B/202609/b260922.lzh,2026-10-03T18:38:10.415622+09:00
20260922,06,浜名湖,2,20260922-06-02,5,4753,森照夫,38,福岡,55.0,B2,4.05,19.05,3.8,20.0,24,27.66,18,34.07,5 45S,8,https://www1.mbrace.or.jp/od2/B/202609/b260922.lzh,2026-10-03T18:38:10.415622+09:00
20260922,06,浜名湖,2,20260922-06-02,6,4518,大須賀友,39,愛知,52.0,A1,6.45,48.81,6.28,52.0,14,34.29,22,36.04,251262,7,https://www1.mbrace.or.jp/od2/B/202609/b260922.lzh,2026-10-03T18:38:10.415622+09:00
20260922,06,浜名湖,3,20260922-06-03,1,4263,武重雄介,42,山口,56.0,B1,4.84,26.6,5.4,30.0,28,25.29,60,32.61,325 45,,https://www1.mbrace.or.jp/od2/B/202609/b260922.lzh,2026-10-03T18:38:10.415622+09:00
20260922,06,浜名湖,3,20260922-06-03,2,4661,中島昂章,34,佐賀,53.0,A2,5.58,36.64,0.0,0.0,15,31.46,37,34.23,3 1512,11,https://www1.mbrace.or.jp/od2/B/202609/b260922.lzh,2026-10-03T18:38:10.415622+09:00
20260922,06,浜名湖,3,20260922-06-03,3,4570,前田聖文,38,愛知,55.0,A1,5.98,37.76,8.0,73.91,36,26.14,71,34.8,1 2631,9,https://www1.mbrace.or.jp/od2/B/202609/b260922.lzh,2026-10-03T18:38:10.415622+09:00
20260922,06,浜名湖,3,20260922-06-03,4,4460,後藤翔之,40,東京,56.0,A2,6.14,45.61,5.79,36.84,37,47.5,23,32.91,12231,8,https://www1.mbrace.or.jp/od2/B/202609/b260922.lzh,2026-10-03T18:38:10.415622+09:00
20260922,06,浜名湖,3,20260922-06-03,5,4561,藤山翔大,35,大阪,52.0,A2,5.25,35.87,5.15,30.77,18,25.77,56,36.56,666 5,7,https://www1.mbrace.or.jp/od2/B/202609/b260922.lzh,2026-10-03T18:38:10.415622+09:00
20260922,06,浜名湖,3,20260922-06-03,6,3910,松下知幸,52,香川,51.0,B1,4.06,17.05,4.59,22.73,50,19.72,33,33.48,344 2,10,https://www1.mbrace.or.jp/od2/B/202609/b260922.lzh,2026-10-03T18:38:10.415622+09:00
20260922,06,浜名湖,4,20260922-06-04,1,4302,西野翔太,43,広島,53.0,A1,6.66,53.45,7.0,54.55,57,26.97,65,33.62,243133,12,https://www1.mbrace.or.jp/od2/B/202609/b260922.lzh,2026-10-03T18:38:10.415622+09:00
20260922,06,浜名湖,4,20260922-06-04,2,3294,野中義生,61,静岡,54.0,B1,4.38,20.51,4.62,27.27,45,42.73,67,37.61,5 465,8,https://www1.mbrace.or.jp/od2/B/202609/b260922.lzh,2026-10-03T18:38:10.415622+09:00
20260922,06,浜名湖,4,20260922-06-04,3,3655,本橋克洋,52,群馬,55.0,B1,4.68,21.65,5.85,44.12,49,31.67,12,40.36,655 53,,https://www1.mbrace.or.jp/od2/B/202609/b260922.lzh,2026-10-03T18:38:10.415622+09:00
20260922,06,浜名湖,4,20260922-06-04,4,4327,加藤翔,43,静岡,53.0,B1,4.33,20.62,5.19,37.04,29,31.13,19,33.79,253 15,,https://www1.mbrace.or.jp/od2/B/202609/b260922.lzh,2026-10-03T18:38:10.415622+09:00
20260922,06,浜名湖,4,20260922-06-04,5,3989,熊本英一,48,佐賀,59.0,B1,4.27,22.73,0.0,0.0,46,48.04,25,36.32,454 4,10,https://www1.mbrace.or.jp/od2/B/202609/b260922.lzh,2026-10-03T18:38:10.415622+09:00
20260922,06,浜名湖,4,20260922-06-04,6,5083,柳瀬幹太,27,山口,56.0,B1,4.47,25.33,4.78,33.33,4,31.07,51,31.42,5 535,11,https://www1.mbrace.or.jp/od2/B/202609/b260922.lzh,2026-10-03T18:38:10.415622+09:00
20260922,06,浜名湖,5,20260922-06-05,1,4143,浦田晃嗣,45,佐賀,57.0,B1,3.98,19.79,0.0,0.0,8,26.73,64,31.39,236 46,,https://www1.mbrace.or.jp/od2/B/202609/b260922.lzh,2026-10-03T18:38:10.415622+09:00
20260922,06,浜名湖,5,20260922-06-05,2,3517,高橋勲,58,東京,59.0,B1,5.96,46.46,5.69,41.38,47,20.25,57,33.48,53S 22,,https://www1.mbrace.or.jp/od2/B/202609/b260922.lzh,2026-10-03T18:38:10.415622+09:00
20260922,06,浜名湖,5,20260922-06-05,3,5299,西丸敦基,24,香川,53.0,A2,6.15,44.64,3.65,5.88,40,32.76,72,33.92,463 1,12,https://www1.mbrace.or.jp/od2/B/202609/b260922.lzh,2026-10-03T18:38:10.415622+09:00
20260922,06,浜名湖,5,20260922-06-05,4,4196,田中太一,44,佐賀,53.0,B1,3.98,20.62,3.73,13.33,54,32.71,44,40.38,5 243,1,https://www1.mbrace.or.jp/od2/B/202609/b260922.lzh,2026-10-03T18:38:10.415622+09:00
20260922,06,浜名湖,5,20260922-06-05,5,4793,金子萌,36,静岡,52.0,A2,6.37,47.83,5.93,41.03,35,20.59,32,38.39,1 3244,11,https://www1.mbrace.or.jp/od2/B/202609/b260922.lzh,2026-10-03T18:38:10.415622+09:00
20260922,06,浜名湖,5,20260922-06-05,6,4189,川上剛,45,福岡,56.0,A1,5.64,31.93,5.87,34.78,7,33.91,41,30.73,234421,10,https://www1.mbrace.or.jp/od2/B/202609/b260922.lzh,2026-10-03T18:38:10.415622+09:00
20260922,06,浜名湖,6,20260922-06-06,1,4593,小坂宗司,45,大阪,52.0,A2,6.06,38.26,0.0,0.0,9,26.26,58,38.89,256 63,,https://www1.mbrace.or.jp/od2/B/202609/b260922.lzh,2026-10-03T18:38:10.415622+09:00
20260922,06,浜名湖,6,20260922-06-06,2,5046,松山裕基,32,大阪,54.0,B1,3.99,15.71,3.29,0.0,56,28.13,15,34.78,6 154,1,https://www1.mbrace.or.jp/od2/B/202609/b260922.lzh,2026-10-03T18:38:10.415622+09:00
20260922,06,浜名湖,6,20260922-06-06,3,3613,角谷健吾,53,東京,52.0,A2,5.87,41.32,6.92,57.69,59,33.65,68,35.48,1 3531,12,https://www1.mbrace.or.jp/od2/B/202609/b260922.lzh,2026-10-03T18:38:10.415622+09:00
20260922,06,浜名湖,6,20260922-06-06,4,4352,下條雄太,40,長崎,52.0,A1,7.34,50.0,6.95,52.38,38,41.6,76,34.82,121113,11,https://www1.mbrace.or.jp/od2/B/202609/b260922.lzh,2026-10-03T18:38:10.415622+09:00
20260922,06,浜名湖,6,20260922-06-06,5,4945,上村宏太,34,東京,54.0,B1,4.11,15.66,5.06,37.5,30,28.41,66,34.84,423 64,,https://www1.mbrace.or.jp/od2/B/202609/b260922.lzh,2026-10-03T18:38:10.415622+09:00
20260922,06,浜名湖,6,20260922-06-06,6,4992,廣瀬篤哉,28,滋賀,59.0,B1,4.85,31.76,5.0,32.26,5,46.67,43,31.25,522 2,2,https://www1.mbrace.or.jp/od2/B/202609/b260922.lzh,2026-10-03T18:38:10.415622+09:00
20260922,06,浜名湖,7,20260922-06-07,1,4151,下河誉史,44,福岡,55.0,B1,5.02,28.28,5.0,29.41,60,16.95,14,35.51,6 553,1,https://www1.mbrace.or.jp/od2/B/202609/b260922.lzh,2026-10-03T18:38:10.415622+09:00
20260922,06,浜名湖,7,20260922-06-07,2,3514,山一鉄也,59,福岡,52.0,A2,5.48,37.82,0.0,0.0,51,26.96,45,44.05,341 64,,https://www1.mbrace.or.jp/od2/B/202609/b260922.lzh,2026-10-03T18:38:10.415622+09:00
20260922,06,浜名湖,7,20260922-06-07,3,4518,大須賀友,39,愛知,52.0,A1,6.45,48.81,6.28,52.0,14,34.29,22,36.04,251262,2,https://www1.mbrace.or.jp/od2/B/202609/b260922.lzh,2026-10-03T18:38:10.415622+09:00
20260922,06,浜名湖,7,20260922-06-07,4,5368,宮崎心之,24,埼玉,52.0,B1,6.47,48.84,1.88,0.0,64,21.43,61,37.75,1 644,12,https://www1.mbrace.or.jp/od2/B/202609/b260922.lzh,2026-10-03T18:38:10.415622+09:00
20260922,06,浜名湖,7,20260922-06-07,5,5007,近藤雄一,29,東京,54.0,B1,4.68,21.21,0.0,0.0,21,23.53,50,35.22,1 2616,,https://www1.mbrace.or.jp/od2/B/202609/b260922.lzh,2026-10-03T18:38:10.415622+09:00
20260922,06,浜名湖,7,20260922-06-07,6,4561,藤山翔大,35,大阪,52.0,A2,5.25,35.87,5.15,30.77,18,25.77,56,36.56,666 5,3,https://www1.mbrace.or.jp/od2/B/202609/b260922.lzh,2026-10-03T18:38:10.415622+09:00
20260922,06,浜名湖,8,20260922-06-08,1,4460,後藤翔之,40,東京,56.0,A2,6.14,45.61,5.79,36.84,37,47.5,23,32.91,12231,3,https://www1.mbrace.or.jp/od2/B/202609/b260922.lzh,2026-10-03T18:38:10.415622+09:00
20260922,06,浜名湖,8,20260922-06-08,2,4753,森照夫,38,福岡,55.0,B2,4.05,19.05,3.8,20.0,24,27.66,18,34.07,5 45S,2,https://www1.mbrace.or.jp/od2/B/202609/b260922.lzh,2026-10-03T18:38:10.415622+09:00
20260922,06,浜名湖,8,20260922-06-08,3,3523,寳田亮治,57,福岡,52.0,B1,4.46,22.37,4.35,19.35,11,40.18,69,34.35,365 5,1,https://www1.mbrace.or.jp/od2/B/202609/b260922.lzh,2026-10-03T18:38:10.415622+09:00
20260922,06,浜名湖,8,20260922-06-08,4,4044,湯川浩司,46,大阪,53.0,A1,6.18,33.33,6.11,33.33,25,19.18,46,32.17,313231,12,https://www1.mbrace.or.jp/od2/B/202609/b260922.lzh,2026-10-03T18:38:10.415622+09:00
20260922,06,浜名湖,8,20260922-06-08,5,5371,早川颯太,24,東京,54.0,B2,1.93,1.45,1.27,0.0,3,38.1,34,38.57,646 26,,https://www1.mbrace.or.jp/od2/B/202609/b260922.lzh,2026-10-03T18:38:10.415622+09:00
20260922,06,浜名湖,8,20260922-06-08,6,3294,野中義生,61,静岡,54.0,B1,4.38,20.51,4.62,27.27,45,42.73,67,37.61,5 465,4,https://www1.mbrace.or.jp/od2/B/202609/b260922.lzh,2026-10-03T18:38:10.415622+09:00
20260922,06,浜名湖,9,20260922-06-09,1,3475,橋本久和,56,群馬,53.0,B1,5.14,32.95,5.61,35.48,65,22.22,48,36.73,1 2524,,https://www1.mbrace.or.jp/od2/B/202609/b260922.lzh,2026-10-03T18:38:10.415622+09:00
20260922,06,浜名湖,9,20260922-06-09,2,4436,渋谷明憲,40,大阪,53.0,A1,6.39,49.48,5.14,28.57,12,16.67,17,34.96,163162,1,https://www1.mbrace.or.jp/od2/B/202609/b260922.lzh,2026-10-03T18:38:10.415622+09:00
20260922,06,浜名湖,9,20260922-06-09,3,4140,梶野学志,45,東京,54.0,A2,6.37,50.0,6.39,56.1,39,19.74,53,34.48,431651,,https://www1.mbrace.or.jp/od2/B/202609/b260922.lzh,2026-10-03T18:38:10.415622+09:00
20260922,06,浜名湖,9,20260922-06-09,4,5400,高村諒,24,滋賀,53.0,B2,2.56,5.0,1.2,0.0,34,32.14,27,30.05,6 434,2,https://www1.mbrace.or.jp/od2/B/202609/b260922.lzh,2026-10-03T18:38:10.415622+09:00
20260922,06,浜名湖,9,20260922-06-09,5,4570,前田聖文,38,愛知,55.0,A1,5.98,37.76,8.0,73.91,36,26.14,71,34.8,1 2631,3,https://www1.mbrace.or.jp/od2/B/202609/b260922.lzh,2026-10-03T18:38:10.415622+09:00
20260922,06,浜名湖,9,20260922-06-09,6,5379,廣部大明,22,滋賀,54.0,B1,3.24,9.76,2.33,0.0,31,27.78,59,31.88,6 6562,,https://www1.mbrace.or.jp/od2/B/202609/b260922.lzh,2026-10-03T18:38:10.415622+09:00
20260922,06,浜名湖,10,20260922-06-10,1,4049,荒川健太,46,三重,57.0,A2,6.02,39.5,6.41,40.54,33,22.89,21,40.09,344 5,1,https://www1.mbrace.or.jp/od2/B/202609/b260922.lzh,2026-10-03T18:38:10.415622+09:00
20260922,06,浜名湖,10,20260922-06-10,2,3989,熊本英一,48,佐賀,59.0,B1,4.27,22.73,0.0,0.0,46,48.04,25,36.32,454 4,4,https://www1.mbrace.or.jp/od2/B/202609/b260922.lzh,2026-10-03T18:38:10.415622+09:00
20260922,06,浜名湖,10,20260922-06-10,3,4189,川上剛,45,福岡,56.0,A1,5.64,31.93,5.87,34.78,7,33.91,41,30.73,234421,5,https://www1.mbrace.or.jp/od2/B/202609/b260922.lzh,2026-10-03T18:38:10.415622+09:00
20260922,06,浜名湖,10,20260922-06-10,4,5348,小林甘寧,22,広島,54.0,B1,5.76,39.0,5.13,25.0,58,30.21,63,34.86,526 21,,https://www1.mbrace.or.jp/od2/B/202609/b260922.lzh,2026-10-03T18:38:10.415622+09:00
20260922,06,浜名湖,10,20260922-06-10,5,3910,松下知幸,52,香川,51.0,B1,4.06,17.05,4.59,22.73,50,19.72,33,33.48,344 2,3,https://www1.mbrace.or.jp/od2/B/202609/b260922.lzh,2026-10-03T18:38:10.415622+09:00
20260922,06,浜名湖,10,20260922-06-10,6,4227,安達裕樹,43,三重,53.0,A2,5.94,34.62,4.0,0.0,27,14.06,35,35.4,3 4165,,https://www1.mbrace.or.jp/od2/B/202609/b260922.lzh,2026-10-03T18:38:10.415622+09:00
20260922,06,浜名湖,11,20260922-06-11,1,4352,下條雄太,40,長崎,52.0,A1,7.34,50.0,6.95,52.38,38,41.6,76,34.82,121113,6,https://www1.mbrace.or.jp/od2/B/202609/b260922.lzh,2026-10-03T18:38:10.415622+09:00
20260922,06,浜名湖,11,20260922-06-11,2,4793,金子萌,36,静岡,52.0,A2,6.37,47.83,5.93,41.03,35,20.59,32,38.39,1 3244,5,https://www1.mbrace.or.jp/od2/B/202609/b260922.lzh,2026-10-03T18:38:10.415622+09:00
20260922,06,浜名湖,11,20260922-06-11,3,4919,吉田翔悟,35,長崎,53.0,B1,3.88,15.52,5.5,35.29,66,34.62,62,37.55,1 1255,,https://www1.mbrace.or.jp/od2/B/202609/b260922.lzh,2026-10-03T18:38:10.415622+09:00
20260922,06,浜名湖,11,20260922-06-11,4,4428,有賀達也,40,埼玉,53.0,A2,6.14,39.66,8.1,70.0,10,33.33,30,37.95,14424,,https://www1.mbrace.or.jp/od2/B/202609/b260922.lzh,2026-10-03T18:38:10.415622+09:00
20260922,06,浜名湖,11,20260922-06-11,5,5083,柳瀬幹太,27,山口,56.0,B1,4.47,25.33,4.78,33.33,4,31.07,51,31.42,5 535,4,https://www1.mbrace.or.jp/od2/B/202609/b260922.lzh,2026-10-03T18:38:10.415622+09:00
20260922,06,浜名湖,11,20260922-06-11,6,4661,中島昂章,34,佐賀,53.0,A2,5.58,36.64,0.0,0.0,15,31.46,37,34.23,3 1512,3,https://www1.mbrace.or.jp/od2/B/202609/b260922.lzh,2026-10-03T18:38:10.415622+09:00
20260922,06,浜名湖,12,20260922-06-12,1,4044,湯川浩司,46,大阪,53.0,A1,6.18,33.33,6.11,33.33,25,19.18,46,32.17,313231,8,https://www1.mbrace.or.jp/od2/B/202609/b260922.lzh,2026-10-03T18:38:10.415622+09:00
20260922,06,浜名湖,12,20260922-06-12,2,3613,角谷健吾,53,東京,52.0,A2,5.87,41.32,6.92,57.69,59,33.65,68,35.48,1 3531,6,https://www1.mbrace.or.jp/od2/B/202609/b260922.lzh,2026-10-03T18:38:10.415622+09:00
20260922,06,浜名湖,12,20260922-06-12,3,5368,宮崎心之,24,埼玉,52.0,B1,6.47,48.84,1.88,0.0,64,21.43,61,37.75,1 644,7,https://www1.mbrace.or.jp/od2/B/202609/b260922.lzh,2026-10-03T18:38:10.415622+09:00
20260922,06,浜名湖,12,20260922-06-12,4,4302,西野翔太,43,広島,53.0,A1,6.66,53.45,7.0,54.55,57,26.97,65,33.62,243133,4,https://www1.mbrace.or.jp/od2/B/202609/b260922.lzh,2026-10-03T18:38:10.415622+09:00
20260922,06,浜名湖,12,20260922-06-12,5,4128,川口貴久,46,東京,55.0,B1,5.04,30.56,5.17,27.78,2,45.19,24,36.91,6 233,2,https://www1.mbrace.or.jp/od2/B/202609/b260922.lzh,2026-10-03T18:38:10.415622+09:00
20260922,06,浜名湖,12,20260922-06-12,6,5299,西丸敦基,24,香川,53.0,A2,6.15,44.64,3.65,5.88,40,32.76,72,33.92,463 1,5,https://www1.mbrace.or.jp/od2/B/202609/b260922.lzh,2026-10-03T18:38:10.415622+09:00
20260922,03,江戸川,1,20260922-03-01,1,4093,吉田宗弘,45,東京,50.0,B1,4.32,19.51,5.16,29.92,56,50.0,51,27.27,534 12,10,https://www1.mbrace.or.jp/od2/B/202609/b260922.lzh,2026-10-03T18:38:10.415622+09:00
20260922,03,江戸川,1,20260922-03-01,2,5309,森雄利,22,長崎,53.0,B1,3.16,13.33,0.0,0.0,68,34.29,63,37.84,64634,7,https://www1.mbrace.or.jp/od2/B/202609/b260922.lzh,2026-10-03T18:38:10.415622+09:00
20260922,03,江戸川,1,20260922-03-01,3,3340,池田雷太,61,東京,54.0,B1,3.99,20.83,5.34,36.79,49,41.43,41,43.28,455 53,8,https://www1.mbrace.or.jp/od2/B/202609/b260922.lzh,2026-10-03T18:38:10.415622+09:00
20260922,03,江戸川,1,20260922-03-01,4,5398,鐘ヶ江真,24,福岡,53.0,B1,4.53,26.53,6.0,40.0,66,22.22,20,22.58,45435,6,https://www1.mbrace.or.jp/od2/B/202609/b260922.lzh,2026-10-03T18:38:10.415622+09:00
20260922,03,江戸川,1,20260922-03-01,5,4491,田中堅,39,群馬,52.0,B1,4.34,24.51,5.76,37.84,24,31.43,23,18.03,3 556,11,https://www1.mbrace.or.jp/od2/B/202609/b260922.lzh,2026-10-03T18:38:10.415622+09:00
20260922,03,江戸川,1,20260922-03-01,6,5402,塚越陸斗,23,群馬,55.0,B2,1.35,0.0,1.13,0.0,63,30.99,30,34.85,555 64,5,https://www1.mbrace.or.jp/od2/B/202609/b260922.lzh,2026-10-03T18:38:10.415622+09:00
20260922,03,江戸川,2,20260922-03-02,1,5381,有山望,21,大阪,48.0,B1,3.85,15.29,3.47,10.53,58,25.71,11,18.18,664 5S,6,https://www1.mbrace.or.jp/od2/B/202609/b260922.lzh,2026-10-03T18:38:10.415622+09:00
20260922,03,江戸川,2,20260922-03-02,2,3686,鳥居塚孝,51,群馬,50.0,A2,6.12,36.96,6.16,35.44,65,42.03,26,34.78,11544,10,https://www1.mbrace.or.jp/od2/B/202609/b260922.lzh,2026-10-03T18:38:10.415622+09:00
20260922,03,江戸川,2,20260922-03-02,3,5383,中村楓,21,三重,53.0,B1,2.48,2.41,1.31,0.0,62,44.93,37,28.79,542 56,7,https://www1.mbrace.or.jp/od2/B/202609/b260922.lzh,2026-10-03T18:38:10.415622+09:00
20260922,03,江戸川,2,20260922-03-02,4,4575,戸塚邦好,37,東京,52.0,A2,5.86,41.51,6.48,51.52,28,36.92,12,31.88,4 1413,,https://www1.mbrace.or.jp/od2/B/202609/b260922.lzh,2026-10-03T18:38:10.415622+09:00
20260922,03,江戸川,2,20260922-03-02,5,4245,高橋直哉,44,東京,53.0,B1,4.47,22.73,5.06,32.35,27,31.82,28,38.46,5 1222,,https://www1.mbrace.or.jp/od2/B/202609/b260922.lzh,2026-10-03T18:38:10.415622+09:00
20260922,03,江戸川,2,20260922-03-02,6,5349,宮崎奏磨,22,静岡,52.0,B2,1.27,0.0,1.22,0.0,20,37.88,52,34.33,6 566,9,https://www1.mbrace.or.jp/od2/B/202609/b260922.lzh,2026-10-03T18:38:10.415622+09:00
20260922,03,江戸川,3,20260922-03-03,1,4664,東口晃,43,福井,55.0,B1,4.23,20.83,3.2,13.33,13,44.29,54,28.79,3 652,8,https://www1.mbrace.or.jp/od2/B/202609/b260922.lzh,2026-10-03T18:38:10.415622+09:00
20260922,03,江戸川,3,20260922-03-03,2,5183,中野孝二,27,三重,55.0,B1,5.03,29.07,4.11,17.02,60,23.53,29,39.71,225 35,12,https://www1.mbrace.or.jp/od2/B/202609/b260922.lzh,2026-10-03T18:38:10.415622+09:00
20260922,03,江戸川,3,20260922-03-03,3,3888,山本英志,51,東京,51.0,A2,6.1,44.0,5.82,34.96,23,34.29,66,28.36,5 244,10,https://www1.mbrace.or.jp/od2/B/202609/b260922.lzh,2026-10-03T18:38:10.415622+09:00
20260922,03,江戸川,3,20260922-03-03,4,3370,坪内実,59,大阪,53.0,B1,3.43,18.46,4.74,22.73,70,17.91,62,31.88,3 233,9,https://www1.mbrace.or.jp/od2/B/202609/b260922.lzh,2026-10-03T18:38:10.415622+09:00
20260922,03,江戸川,3,20260922-03-03,5,5054,佐々木大,30,大阪,53.0,A1,6.49,56.0,5.22,31.25,71,47.22,64,41.79,1 114,11,https://www1.mbrace.or.jp/od2/B/202609/b260922.lzh,2026-10-03T18:38:10.415622+09:00
20260922,03,江戸川,3,20260922-03-03,6,5405,竹内来,22,愛知,52.0,B1,2.51,5.26,2.4,6.67,22,33.82,27,56.34,6 546,7,https://www1.mbrace.or.jp/od2/B/202609/b260922.lzh,2026-10-03T18:38:10.415622+09:00
20260922,03,江戸川,4,20260922-03-04,1,5037,田頭虎親,28,香川,50.0,B1,5.63,43.18,4.67,33.33,64,43.66,69,18.92,113 26,9,https://www1.mbrace.or.jp/od2/B/202609/b260922.lzh,2026-10-03T18:38:10.415622+09:00
20260922,03,江戸川,4,20260922-03-04,2,4172,森定晃史,43,岡山,52.0,A2,5.87,37.82,5.5,32.35,55,34.33,59,30.14,251 32,10,https://www1.mbrace.or.jp/od2/B/202609/b260922.lzh,2026-10-03T18:38:10.415622+09:00
20260922,03,江戸川,4,20260922-03-04,3,3895,堀本裕也,50,愛知,47.0,B2,3.62,17.24,0.0,0.0,54,26.15,14,27.69,655 66,8,https://www1.mbrace.or.jp/od2/B/202609/b260922.lzh,2026-10-03T18:38:10.415622+09:00
20260922,03,江戸川,4,20260922-03-04,4,4042,丸岡正典,47,大阪,53.0,A2,6.81,48.51,5.8,60.0,11,20.0,32,45.31,3 362,12,https://www1.mbrace.or.jp/od2/B/202609/b260922.lzh,2026-10-03T18:38:10.415622+09:00
20260922,03,江戸川,4,20260922-03-04,5,4979,中野夢斗,30,愛知,54.0,B1,4.97,30.1,4.79,32.76,32,37.14,61,43.28,1 2244,,https://www1.mbrace.or.jp/od2/B/202609/b260922.lzh,2026-10-03T18:38:10.415622+09:00
20260922,03,江戸川,4,20260922-03-04,6,4735,角山雄哉,35,兵庫,55.0,B1,4.91,29.79,4.89,30.19,69,41.18,57,27.54,3 261,11,https://www1.mbrace.or.jp/od2/B/202609/b260922.lzh,2026-10-03T18:38:10.415622+09:00
20260922,03,江戸川,5,20260922-03-05,1,4632,長尾京志,37,福岡,54.0,B1,4.86,28.24,4.82,30.0,47,19.7,71,39.19,366 55,,https://www1.mbrace.or.jp/od2/B/202609/b260922.lzh,2026-10-03T18:38:10.415622+09:00
20260922,03,江戸川,5,20260922-03-05,2,3548,室田泰史,56,福井,54.0,A2,5.03,31.67,6.86,51.16,53,33.85,35,29.17,416 15,11,https://www1.mbrace.or.jp/od2/B/202609/b260922.lzh,2026-10-03T18:38:10.415622+09:00
20260922,03,江戸川,5,20260922-03-05,3,4466,南佑典,40,三重,51.0,A2,5.74,39.45,5.9,33.33,67,25.35,45,30.77,34431,9,https://www1.mbrace.or.jp/od2/B/202609/b260922.lzh,2026-10-03T18:38:10.415622+09:00
20260922,03,江戸川,5,20260922-03-05,4,5402,塚越陸斗,23,群馬,55.0,B2,1.35,0.0,1.13,0.0,63,30.99,30,34.85,555 64,1,https://www1.mbrace.or.jp/od2/B/202609/b260922.lzh,2026-10-03T18:38:10.415622+09:00
20260922,03,江戸川,5,20260922-03-05,5,5294,豊田祥生,24,静岡,50.0,B1,3.61,17.07,3.0,4.76,15,31.43,34,28.79,6 215,12,https://www1.mbrace.or.jp/od2/B/202609/b260922.lzh,2026-10-03T18:38:10.415622+09:00
20260922,03,江戸川,5,20260922-03-05,6,4368,山口隆史,40,福岡,55.0,B1,4.4,24.29,4.56,22.22,45,28.17,60,39.73,466 25,,https://www1.mbrace.or.jp/od2/B/202609/b260922.lzh,2026-10-03T18:38:10.415622+09:00
20260922,03,江戸川,6,20260922-03-06,1,4470,平田健之,39,三重,53.0,A2,6.49,50.0,6.52,53.23,12,36.23,15,29.85,2 322,12,https://www1.mbrace.or.jp/od2/B/202609/b260922.lzh,2026-10-03T18:38:10.415622+09:00
20260922,03,江戸川,6,20260922-03-06,2,4174,赤坂俊輔,43,長崎,52.0,A1,6.49,44.0,7.18,59.09,19,21.88,70,26.03,6 263,10,https://www1.mbrace.or.jp/od2/B/202609/b260922.lzh,2026-10-03T18:38:10.415622+09:00
20260922,03,江戸川,6,20260922-03-06,3,4358,松本庸平,42,三重,51.0,B1,4.36,27.55,4.64,28.81,43,34.33,19,37.5,246 34,,https://www1.mbrace.or.jp/od2/B/202609/b260922.lzh,2026-10-03T18:38:10.415622+09:00
20260922,03,江戸川,6,20260922-03-06,4,5381,有山望,21,大阪,48.0,B1,3.85,15.29,3.47,10.53,58,25.71,11,18.18,664 5S,2,https://www1.mbrace.or.jp/od2/B/202609/b260922.lzh,2026-10-03T18:38:10.415622+09:00
20260922,03,江戸川,6,20260922-03-06,5,5398,鐘ヶ江真,24,福岡,53.0,B1,4.53,26.53,6.0,40.0,66,22.22,20,22.58,45435,1,https://www1.mbrace.or.jp/od2/B/202609/b260922.lzh,2026-10-03T18:38:10.415622+09:00
20260922,03,江戸川,6,20260922-03-06,6,3569,増田進,55,東京,54.0,B1,3.89,18.18,5.27,32.48,37,41.18,33,26.39,244 43,,https://www1.mbrace.or.jp/od2/B/202609/b260922.lzh,2026-10-03T18:38:10.415622+09:00
20260922,03,江戸川,7,20260922-03-07,1,4467,渡邉俊介,40,愛知,51.0,A1,6.29,41.38,6.17,46.67,41,26.98,21,32.88,231 46,,https://www1.mbrace.or.jp/od2/B/202609/b260922.lzh,2026-10-03T18:38:10.415622+09:00
20260922,03,江戸川,7,20260922-03-07,2,3541,三嶌誠司,58,香川,52.0,A2,6.3,44.74,6.79,50.0,57,43.28,31,27.27,121 31,11,https://www1.mbrace.or.jp/od2/B/202609/b260922.lzh,2026-10-03T18:38:10.415622+09:00
20260922,03,江戸川,7,20260922-03-07,3,5309,森雄利,22,長崎,53.0,B1,3.16,13.33,0.0,0.0,68,34.29,63,37.84,64634,1,https://www1.mbrace.or.jp/od2/B/202609/b260922.lzh,2026-10-03T18:38:10.415622+09:00
20260922,03,江戸川,7,20260922-03-07,4,5383,中村楓,21,三重,53.0,B1,2.48,2.41,1.31,0.0,62,44.93,37,28.79,542 56,2,https://www1.mbrace.or.jp/od2/B/202609/b260922.lzh,2026-10-03T18:38:10.415622+09:00
20260922,03,江戸川,7,20260922-03-07,5,5405,竹内来,22,愛知,52.0,B1,2.51,5.26,2.4,6.67,22,33.82,27,56.34,6 546,3,https://www1.mbrace.or.jp/od2/B/202609/b260922.lzh,2026-10-03T18:38:10.415622+09:00
20260922,03,江戸川,7,20260922-03-07,6,4725,佐竹太一,40,兵庫,54.0,B1,4.78,23.23,5.97,41.27,25,44.62,48,30.0,1 3363,,https://www1.mbrace.or.jp/od2/B/202609/b260922.lzh,2026-10-03T18:38:10.415622+09:00
20260922,03,江戸川,8,20260922-03-08,1,4384,鶴本崇文,41,大阪,53.0,A1,5.61,37.61,6.67,50.0,26,32.35,68,31.43,5 3633,,https://www1.mbrace.or.jp/od2/B/202609/b260922.lzh,2026-10-03T18:38:10.415622+09:00
20260922,03,江戸川,8,20260922-03-08,2,3895,堀本裕也,50,愛知,47.0,B2,3.62,17.24,0.0,0.0,54,26.15,14,27.69,655 66,4,https://www1.mbrace.or.jp/od2/B/202609/b260922.lzh,2026-10-03T18:38:10.415622+09:00
20260922,03,江戸川,8,20260922-03-08,3,4509,平見真彦,37,愛知,55.0,A2,6.27,43.33,6.95,51.22,50,19.4,50,25.0,522 12,12,https://www1.mbrace.or.jp/od2/B/202609/b260922.lzh,2026-10-03T18:38:10.415622+09:00
20260922,03,江戸川,8,20260922-03-08,4,4664,東口晃,43,福井,55.0,B1,4.23,20.83,3.2,13.33,13,44.29,54,28.79,3 652,3,https://www1.mbrace.or.jp/od2/B/202609/b260922.lzh,2026-10-03T18:38:10.415622+09:00
20260922,03,江戸川,8,20260922-03-08,5,5351,齊藤廉,22,福岡,53.0,B1,5.17,35.19,4.44,31.25,29,20.0,67,38.67,3 1541,,https://www1.mbrace.or.jp/od2/B/202609/b260922.lzh,2026-10-03T18:38:10.415622+09:00
20260922,03,江戸川,8,20260922-03-08,6,3340,池田雷太,61,東京,54.0,B1,3.99,20.83,5.34,36.79,49,41.43,41,43.28,455 53,1,https://www1.mbrace.or.jp/od2/B/202609/b260922.lzh,2026-10-03T18:38:10.415622+09:00
20260922,03,江戸川,9,20260922-03-09,1,4483,北野輝季,37,愛知,54.0,A1,6.78,52.71,6.57,42.86,46,48.44,18,26.87,231 41,,https://www1.mbrace.or.jp/od2/B/202609/b260922.lzh,2026-10-03T18:38:10.415622+09:00
20260922,03,江戸川,9,20260922-03-09,2,4148,枝尾賢,44,福岡,52.0,A2,6.1,40.87,5.32,36.84,48,28.36,40,35.62,211 21,,https://www1.mbrace.or.jp/od2/B/202609/b260922.lzh,2026-10-03T18:38:10.415622+09:00
20260922,03,江戸川,9,20260922-03-09,3,5037,田頭虎親,28,香川,50.0,B1,5.63,43.18,4.67,33.33,64,43.66,69,18.92,113 26,4,https://www1.mbrace.or.jp/od2/B/202609/b260922.lzh,2026-10-03T18:38:10.415622+09:00
20260922,03,江戸川,9,20260922-03-09,4,4466,南佑典,40,三重,51.0,A2,5.74,39.45,5.9,33.33,67,25.35,45,30.77,34431,5,https://www1.mbrace.or.jp/od2/B/202609/b260922.lzh,2026-10-03T18:38:10.415622+09:00
20260922,03,江戸川,9,20260922-03-09,5,5349,宮崎奏磨,22,静岡,52.0,B2,1.27,0.0,1.22,0.0,20,37.88,52,34.33,6 566,2,https://www1.mbrace.or.jp/od2/B/202609/b260922.lzh,2026-10-03T18:38:10.415622+09:00
20260922,03,江戸川,9,20260922-03-09,6,3370,坪内実,59,大阪,53.0,B1,3.43,18.46,4.74,22.73,70,17.91,62,31.88,3 233,3,https://www1.mbrace.or.jp/od2/B/202609/b260922.lzh,2026-10-03T18:38:10.415622+09:00
20260922,03,江戸川,10,20260922-03-10,1,4174,赤坂俊輔,43,長崎,52.0,A1,6.49,44.0,7.18,59.09,19,21.88,70,26.03,6 263,6,https://www1.mbrace.or.jp/od2/B/202609/b260922.lzh,2026-10-03T18:38:10.415622+09:00
20260922,03,江戸川,10,20260922-03-10,2,5293,眞崎武蔵,24,静岡,52.0,B1,3.96,20.0,2.22,2.7,36,50.75,16,43.84,3 3415,,https://www1.mbrace.or.jp/od2/B/202609/b260922.lzh,2026-10-03T18:38:10.415622+09:00
20260922,03,江戸川,10,20260922-03-10,3,4093,吉田宗弘,45,東京,50.0,B1,4.32,19.51,5.16,29.92,56,50.0,51,27.27,534 12,1,https://www1.mbrace.or.jp/od2/B/202609/b260922.lzh,2026-10-03T18:38:10.415622+09:00
20260922,03,江戸川,10,20260922-03-10,4,3888,山本英志,51,東京,51.0,A2,6.1,44.0,5.82,34.96,23,34.29,66,28.36,5 244,3,https://www1.mbrace.or.jp/od2/B/202609/b260922.lzh,2026-10-03T18:38:10.415622+09:00
20260922,03,江戸川,10,20260922-03-10,5,3686,鳥居塚孝,51,群馬,50.0,A2,6.12,36.96,6.16,35.44,65,42.03,26,34.78,11544,2,https://www1.mbrace.or.jp/od2/B/202609/b260922.lzh,2026-10-03T18:38:10.415622+09:00
20260922,03,江戸川,10,20260922-03-10,6,4172,森定晃史,43,岡山,52.0,A2,5.87,37.82,5.5,32.35,55,34.33,59,30.14,251 32,4,https://www1.mbrace.or.jp/od2/B/202609/b260922.lzh,2026-10-03T18:38:10.415622+09:00
20260922,03,江戸川,11,20260922-03-11,1,5054,佐々木大,30,大阪,53.0,A1,6.49,56.0,5.22,31.25,71,47.22,64,41.79,1 114,3,https://www1.mbrace.or.jp/od2/B/202609/b260922.lzh,2026-10-03T18:38:10.415622+09:00
20260922,03,江戸川,11,20260922-03-11,2,4850,野中一平,31,愛知,55.0,A2,6.44,48.12,4.57,28.57,38,34.85,24,28.38,411 16,,https://www1.mbrace.or.jp/od2/B/202609/b260922.lzh,2026-10-03T18:38:10.415622+09:00
20260922,03,江戸川,11,20260922-03-11,3,3548,室田泰史,56,福井,54.0,A2,5.03,31.67,6.86,51.16,53,33.85,35,29.17,416 15,5,https://www1.mbrace.or.jp/od2/B/202609/b260922.lzh,2026-10-03T18:38:10.415622+09:00
20260922,03,江戸川,11,20260922-03-11,4,4735,角山雄哉,35,兵庫,55.0,B1,4.91,29.79,4.89,30.19,69,41.18,57,27.54,3 261,4,https://www1.mbrace.or.jp/od2/B/202609/b260922.lzh,2026-10-03T18:38:10.415622+09:00
20260922,03,江戸川,11,20260922-03-11,5,3541,三嶌誠司,58,香川,52.0,A2,6.3,44.74,6.79,50.0,57,43.28,31,27.27,121 31,7,https://www1.mbrace.or.jp/od2/B/202609/b260922.lzh,2026-10-03T18:38:10.415622+09:00
20260922,03,江戸川,11,20260922-03-11,6,4491,田中堅,39,群馬,52.0,B1,4.34,24.51,5.76,37.84,24,31.43,23,18.03,3 556,1,https://www1.mbrace.or.jp/od2/B/202609/b260922.lzh,2026-10-03T18:38:10.415622+09:00
20260922,03,江戸川,12,20260922-03-12,1,4370,山口達也,39,岡山,53.0,A1,6.79,56.18,7.21,55.56,34,46.48,49,44.78,1 352S,,https://www1.mbrace.or.jp/od2/B/202609/b260922.lzh,2026-10-03T18:38:10.415622+09:00
20260922,03,江戸川,12,20260922-03-12,2,4042,丸岡正典,47,大阪,53.0,A2,6.81,48.51,5.8,60.0,11,20.0,32,45.31,3 362,4,https://www1.mbrace.or.jp/od2/B/202609/b260922.lzh,2026-10-03T18:38:10.415622+09:00
20260922,03,江戸川,12,20260922-03-12,3,5294,豊田祥生,24,静岡,50.0,B1,3.61,17.07,3.0,4.76,15,31.43,34,28.79,6 215,5,https://www1.mbrace.or.jp/od2/B/202609/b260922.lzh,2026-10-03T18:38:10.415622+09:00
20260922,03,江戸川,12,20260922-03-12,4,5183,中野孝二,27,三重,55.0,B1,5.03,29.07,4.11,17.02,60,23.53,29,39.71,225 35,3,https://www1.mbrace.or.jp/od2/B/202609/b260922.lzh,2026-10-03T18:38:10.415622+09:00
20260922,03,江戸川,12,20260922-03-12,5,4470,平田健之,39,三重,53.0,A2,6.49,50.0,6.52,53.23,12,36.23,15,29.85,2 322,6,https://www1.mbrace.or.jp/od2/B/202609/b260922.lzh,2026-10-03T18:38:10.415622+09:00
20260922,03,江戸川,12,20260922-03-12,6,4509,平見真彦,37,愛知,55.0,A2,6.27,43.33,6.95,51.22,50,19.4,38,25.76,522 12,8,https://www1.mbrace.or.jp/od2/B/202609/b260922.lzh,2026-10-03T18:38:10.415622+09:00
20260922,02,戸田,1,20260922-02-01,1,3546,中里昌志,57,埼玉,52.0,B1,4.59,22.22,5.13,31.25,57,55.56,32,56.52,531 56,11,https://www1.mbrace.or.jp/od2/B/202609/b260922.lzh,2026-10-03T18:38:10.415622+09:00
20260922,02,戸田,1,20260922-02-01,2,5362,中嶋世奈,19,静岡,50.0,B2,2.96,8.0,1.29,0.0,63,50.0,69,38.1,6 544,7,https://www1.mbrace.or.jp/od2/B/202609/b260922.lzh,2026-10-03T18:38:10.415622+09:00
20260922,02,戸田,1,20260922-02-01,3,3543,福田雅一,57,香川,55.0,B1,4.85,30.51,5.7,30.0,40,19.05,57,13.04,151 33,12,https://www1.mbrace.or.jp/od2/B/202609/b260922.lzh,2026-10-03T18:38:10.415622+09:00
20260922,02,戸田,1,20260922-02-01,4,5416,龍田真白,20,三重,45.0,B1,2.97,10.39,0.0,0.0,31,23.81,76,27.78,3 663,9,https://www1.mbrace.or.jp/od2/B/202609/b260922.lzh,2026-10-03T18:38:10.415622+09:00
20260922,02,戸田,1,20260922-02-01,5,4803,飯田庄吾,32,福岡,60.0,B1,3.85,20.59,3.19,18.75,44,42.86,30,26.32,445 33,6,https://www1.mbrace.or.jp/od2/B/202609/b260922.lzh,2026-10-03T18:38:10.415622+09:00
20260922,02,戸田,1,20260922-02-01,6,3928,林恵祐,50,福岡,60.0,B1,3.86,14.29,4.27,22.73,41,26.32,26,39.29,4 5F6,,https://www1.mbrace.or.jp/od2/B/202609/b260922.lzh,2026-10-03T18:38:10.415622+09:00
20260922,02,戸田,2,20260922-02-02,1,3467,森弘行,58,東京,52.0,B1,4.46,22.35,4.57,17.39,39,0.0,62,17.39,2 2 55,6,https://www1.mbrace.or.jp/od2/B/202609/b260922.lzh,2026-10-03T18:38:10.415622+09:00
20260922,02,戸田,2,20260922-02-02,2,4314,青木幸太,42,福岡,52.0,A2,5.9,40.43,6.67,66.67,62,18.18,18,30.77,641 33,9,https://www1.mbrace.or.jp/od2/B/202609/b260922.lzh,2026-10-03T18:38:10.415622+09:00
20260922,02,戸田,2,20260922-02-02,3,4329,小松卓司,43,福岡,52.0,B1,4.61,25.0,5.35,30.77,1,13.79,37,64.0,444 34,11,https://www1.mbrace.or.jp/od2/B/202609/b260922.lzh,2026-10-03T18:38:10.415622+09:00
20260922,02,戸田,2,20260922-02-02,4,3647,伊藤雄二,53,埼玉,49.0,B1,3.46,11.65,4.14,14.94,15,60.0,43,42.86,2 3524,7,https://www1.mbrace.or.jp/od2/B/202609/b260922.lzh,2026-10-03T18:38:10.415622+09:00
20260922,02,戸田,2,20260922-02-02,5,5322,根岸真優,24,埼玉,45.0,B1,3.5,15.0,2.25,6.19,53,60.0,15,37.04,4 3652,8,https://www1.mbrace.or.jp/od2/B/202609/b260922.lzh,2026-10-03T18:38:10.415622+09:00
20260922,02,戸田,2,20260922-02-02,6,4459,片岡雅裕,40,香川,53.0,A2,6.17,40.48,7.13,31.25,3,37.5,11,43.48,24352,10,https://www1.mbrace.or.jp/od2/B/202609/b260922.lzh,2026-10-03T18:38:10.415622+09:00
20260922,02,戸田,3,20260922-02-03,1,3761,山本光雄,54,滋賀,53.0,B1,4.93,28.92,6.0,41.67,32,38.1,77,44.44,16422,7,https://www1.mbrace.or.jp/od2/B/202609/b260922.lzh,2026-10-03T18:38:10.415622+09:00
20260922,02,戸田,3,20260922-02-03,2,4531,武富智亮,37,佐賀,55.0,A2,6.23,43.18,0.0,0.0,50,26.09,14,54.17,2 1412,11,https://www1.mbrace.or.jp/od2/B/202609/b260922.lzh,2026-10-03T18:38:10.415622+09:00
20260922,02,戸田,3,20260922-02-03,3,3889,須藤隆雄,51,群馬,57.0,B1,3.66,18.75,4.36,28.0,2,19.23,38,34.78,5 455,,https://www1.mbrace.or.jp/od2/B/202609/b260922.lzh,2026-10-03T18:38:10.415622+09:00
20260922,02,戸田,3,20260922-02-03,4,4901,出口舞有,33,愛知,45.0,B1,5.8,37.37,4.22,22.22,27,47.37,33,35.0,253 16,10,https://www1.mbrace.or.jp/od2/B/202609/b260922.lzh,2026-10-03T18:38:10.415622+09:00
20260922,02,戸田,3,20260922-02-03,5,4036,金田諭,47,埼玉,52.0,A1,6.33,43.75,6.38,50.91,35,30.0,71,37.5,154 51,9,https://www1.mbrace.or.jp/od2/B/202609/b260922.lzh,2026-10-03T18:38:10.415622+09:00
20260922,02,戸田,3,20260922-02-03,6,5444,林風音,18,愛知,59.0,B2,1.21,0.0,1.5,0.0,28,10.0,64,31.58,6 666,8,https://www1.mbrace.or.jp/od2/B/202609/b260922.lzh,2026-10-03T18:38:10.415622+09:00
20260922,02,戸田,4,20260922-02-04,1,4100,松田隆司,47,福岡,54.0,B1,4.88,29.41,3.57,28.57,58,34.48,16,30.0,642 66,,https://www1.mbrace.or.jp/od2/B/202609/b260922.lzh,2026-10-03T18:38:10.415622+09:00
20260922,02,戸田,4,20260922-02-04,2,4120,柘植政浩,45,滋賀,53.0,A2,6.1,43.51,5.43,28.57,52,50.0,65,50.0,61561,9,https://www1.mbrace.or.jp/od2/B/202609/b260922.lzh,2026-10-03T18:38:10.415622+09:00
20260922,02,戸田,4,20260922-02-04,3,4808,松尾拓,38,三重,50.0,A2,6.34,45.83,5.23,36.36,51,22.73,46,22.22,1 6224,10,https://www1.mbrace.or.jp/od2/B/202609/b260922.lzh,2026-10-03T18:38:10.415622+09:00
20260922,02,戸田,4,20260922-02-04,4,4792,杉村賢也,36,東京,50.0,B1,4.02,15.56,5.04,26.09,29,33.33,56,26.32,332 13,12,https://www1.mbrace.or.jp/od2/B/202609/b260922.lzh,2026-10-03T18:38:10.415622+09:00
20260922,02,戸田,4,20260922-02-04,5,3544,豊田訓靖,57,静岡,52.0,B1,4.11,16.13,4.21,26.32,37,0.0,31,20.0,4 551,8,https://www1.mbrace.or.jp/od2/B/202609/b260922.lzh,2026-10-03T18:38:10.415622+09:00
20260922,02,戸田,4,20260922-02-04,6,4488,小山勉,40,埼玉,54.0,A1,6.67,53.64,6.23,42.55,61,15.0,19,26.32,16F 4,,https://www1.mbrace.or.jp/od2/B/202609/b260922.lzh,2026-10-03T18:38:10.415622+09:00
20260922,02,戸田,5,20260922-02-05,1,5150,坂本雄紀,31,群馬,51.0,A1,5.69,39.33,6.34,43.75,65,21.05,34,39.13,1 4114,10,https://www1.mbrace.or.jp/od2/B/202609/b260922.lzh,2026-10-03T18:38:10.415622+09:00
20260922,02,戸田,5,20260922-02-05,2,4729,佐藤謙史,37,福岡,57.0,B1,4.51,24.66,3.29,0.0,46,6.25,60,33.33,354 62,,https://www1.mbrace.or.jp/od2/B/202609/b260922.lzh,2026-10-03T18:38:10.415622+09:00
20260922,02,戸田,5,20260922-02-05,3,4917,岩橋裕馬,38,兵庫,52.0,B1,4.92,32.18,4.5,25.0,26,29.17,61,10.0,431 23,9,https://www1.mbrace.or.jp/od2/B/202609/b260922.lzh,2026-10-03T18:38:10.415622+09:00
20260922,02,戸田,5,20260922-02-05,4,4771,下寺秀和,33,広島,56.0,A1,7.12,54.62,6.8,50.0,34,35.0,74,31.82,24111,11,https://www1.mbrace.or.jp/od2/B/202609/b260922.lzh,2026-10-03T18:38:10.415622+09:00
20260922,02,戸田,5,20260922-02-05,5,3542,清水紀克,58,愛知,56.0,B1,3.97,20.41,3.14,4.76,56,56.52,68,30.43,553 46,,https://www1.mbrace.or.jp/od2/B/202609/b260922.lzh,2026-10-03T18:38:10.415622+09:00
20260922,02,戸田,5,20260922-02-05,6,5461,板頭里緒,19,三重,50.0,B2,1.15,0.0,1.5,0.0,33,36.36,53,37.04,6 6F6,,https://www1.mbrace.or.jp/od2/B/202609/b260922.lzh,2026-10-03T18:38:10.415622+09:00
20260922,02,戸田,6,20260922-02-06,1,4564,山本景士,38,広島,52.0,B1,4.61,21.93,4.33,25.0,36,50.0,17,12.5,556 4,10,https://www1.mbrace.or.jp/od2/B/202609/b260922.lzh,2026-10-03T18:38:10.415622+09:00
20260922,02,戸田,6,20260922-02-06,2,4286,平田さや,42,東京,48.0,A2,6.04,43.48,5.18,26.32,59,44.44,44,57.69,133354,,https://www1.mbrace.or.jp/od2/B/202609/b260922.lzh,2026-10-03T18:38:10.415622+09:00
20260922,02,戸田,6,20260922-02-06,3,4503,上野真之,38,佐賀,54.0,A1,8.02,63.57,6.88,38.46,60,30.43,73,22.22,23314,12,https://www1.mbrace.or.jp/od2/B/202609/b260922.lzh,2026-10-03T18:38:10.415622+09:00
20260922,02,戸田,6,20260922-02-06,4,3467,森弘行,58,東京,52.0,B1,4.46,22.35,4.57,17.39,39,0.0,62,17.39,2 2 55,2,https://www1.mbrace.or.jp/od2/B/202609/b260922.lzh,2026-10-03T18:38:10.415622+09:00
20260922,02,戸田,6,20260922-02-06,5,4359,横川聖志,42,徳島,58.0,A2,5.36,36.17,5.11,26.32,54,33.33,21,40.0,3 6213,11,https://www1.mbrace.or.jp/od2/B/202609/b260922.lzh,2026-10-03T18:38:10.415622+09:00
20260922,02,戸田,6,20260922-02-06,6,4803,飯田庄吾,32,福岡,60.0,B1,3.85,20.59,3.19,18.75,44,42.86,30,26.32,445 33,1,https://www1.mbrace.or.jp/od2/B/202609/b260922.lzh,2026-10-03T18:38:10.415622+09:00
20260922,02,戸田,7,20260922-02-07,1,4538,笠置博之,36,大阪,54.0,A1,5.0,36.21,6.69,53.85,12,26.67,51,37.04,1 6326,12,https://www1.mbrace.or.jp/od2/B/202609/b260922.lzh,2026-10-03T18:38:10.415622+09:00
20260922,02,戸田,7,20260922-02-07,2,3647,伊藤雄二,53,埼玉,49.0,B1,3.46,11.65,4.14,14.94,15,60.0,43,42.86,2 3524,2,https://www1.mbrace.or.jp/od2/B/202609/b260922.lzh,2026-10-03T18:38:10.415622+09:00
20260922,02,戸田,7,20260922-02-07,3,3761,山本光雄,54,滋賀,53.0,B1,4.93,28.92,6.0,41.67,32,38.1,77,44.44,16422,3,https://www1.mbrace.or.jp/od2/B/202609/b260922.lzh,2026-10-03T18:38:10.415622+09:00
20260922,02,戸田,7,20260922-02-07,4,3660,長谷川親,57,香川,59.0,B1,3.62,11.83,0.0,0.0,8,53.33,63,52.17,5 455,11,https://www1.mbrace.or.jp/od2/B/202609/b260922.lzh,2026-10-03T18:38:10.415622+09:00
20260922,02,戸田,7,20260922-02-07,5,5362,中嶋世奈,19,静岡,50.0,B2,2.96,8.0,1.29,0.0,63,50.0,69,38.1,6 544,1,https://www1.mbrace.or.jp/od2/B/202609/b260922.lzh,2026-10-03T18:38:10.415622+09:00
20260922,02,戸田,7,20260922-02-07,6,4730,土屋実沙,37,静岡,47.0,B1,5.43,34.07,5.14,28.57,30,40.0,13,30.43,562 64,,https://www1.mbrace.or.jp/od2/B/202609/b260922.lzh,2026-10-03T18:38:10.415622+09:00
20260922,02,戸田,8,20260922-02-08,1,3556,田中信一,53,大阪,55.0,A1,6.9,54.24,6.59,50.0,49,22.73,58,52.38,312131,,https://www1.mbrace.or.jp/od2/B/202609/b260922.lzh,2026-10-03T18:38:10.415622+09:00
20260922,02,戸田,8,20260922-02-08,2,4365,盛本真輔,40,兵庫,52.0,A2,5.89,40.2,5.33,36.67,55,4.76,29,32.0,2 5121,12,https://www1.mbrace.or.jp/od2/B/202609/b260922.lzh,2026-10-03T18:38:10.415622+09:00
20260922,02,戸田,8,20260922-02-08,3,5322,根岸真優,24,埼玉,45.0,B1,3.5,15.0,2.25,6.19,53,60.0,15,37.04,4 3652,2,https://www1.mbrace.or.jp/od2/B/202609/b260922.lzh,2026-10-03T18:38:10.415622+09:00
20260922,02,戸田,8,20260922-02-08,4,3544,豊田訓靖,57,静岡,52.0,B1,4.11,16.13,4.21,26.32,37,0.0,31,20.0,4 551,4,https://www1.mbrace.or.jp/od2/B/202609/b260922.lzh,2026-10-03T18:38:10.415622+09:00
20260922,02,戸田,8,20260922-02-08,5,5444,林風音,18,愛知,59.0,B2,1.21,0.0,1.5,0.0,28,10.0,64,31.58,6 666,3,https://www1.mbrace.or.jp/od2/B/202609/b260922.lzh,2026-10-03T18:38:10.415622+09:00
20260922,02,戸田,8,20260922-02-08,6,3489,大場敏,59,静岡,53.0,A2,5.99,44.29,5.85,36.36,42,35.0,66,19.05,1 3F4,,https://www1.mbrace.or.jp/od2/B/202609/b260922.lzh,2026-10-03T18:38:10.415622+09:00
20260922,02,戸田,9,20260922-02-09,1,4036,金田諭,47,埼玉,52.0,A1,6.33,43.75,6.38,50.91,35,30.0,71,37.5,154 51,3,https://www1.mbrace.or.jp/od2/B/202609/b260922.lzh,2026-10-03T18:38:10.415622+09:00
20260922,02,戸田,9,20260922-02-09,2,3931,黒崎竜也,50,三重,51.0,A2,6.21,40.37,5.76,41.3,48,52.17,72,22.73,224215,,https://www1.mbrace.or.jp/od2/B/202609/b260922.lzh,2026-10-03T18:38:10.415622+09:00
20260922,02,戸田,9,20260922-02-09,3,4314,青木幸太,42,福岡,52.0,A2,5.9,40.43,6.67,66.67,62,18.18,18,30.77,641 33,2,https://www1.mbrace.or.jp/od2/B/202609/b260922.lzh,2026-10-03T18:38:10.415622+09:00
20260922,02,戸田,9,20260922-02-09,4,4120,柘植政浩,45,滋賀,53.0,A2,6.1,43.51,5.43,28.57,52,50.0,65,50.0,61561,4,https://www1.mbrace.or.jp/od2/B/202609/b260922.lzh,2026-10-03T18:38:10.415622+09:00
20260922,02,戸田,9,20260922-02-09,5,5416,龍田真白,20,三重,45.0,B1,2.97,10.39,0.0,0.0,31,23.81,76,27.78,3 663,1,https://www1.mbrace.or.jp/od2/B/202609/b260922.lzh,2026-10-03T18:38:10.415622+09:00
20260922,02,戸田,9,20260922-02-09,6,4917,岩橋裕馬,38,兵庫,52.0,B1,4.92,32.18,4.5,25.0,26,29.17,61,10.0,431 23,5,https://www1.mbrace.or.jp/od2/B/202609/b260922.lzh,2026-10-03T18:38:10.415622+09:00
20260922,02,戸田,10,20260922-02-10,1,4812,西野雄貴,36,徳島,51.0,A1,7.79,65.48,0.0,0.0,45,58.33,70,4.55,222122,,https://www1.mbrace.or.jp/od2/B/202609/b260922.lzh,2026-10-03T18:38:10.415622+09:00
20260922,02,戸田,10,20260922-02-10,2,4459,片岡雅裕,40,香川,53.0,A2,6.17,40.48,7.13,31.25,3,37.5,11,43.48,24352,2,https://www1.mbrace.or.jp/od2/B/202609/b260922.lzh,2026-10-03T18:38:10.415622+09:00
20260922,02,戸田,10,20260922-02-10,3,4901,出口舞有,33,愛知,45.0,B1,5.8,37.37,4.22,22.22,27,47.37,33,35.0,253 16,3,https://www1.mbrace.or.jp/od2/B/202609/b260922.lzh,2026-10-03T18:38:10.415622+09:00
20260922,02,戸田,10,20260922-02-10,4,4564,山本景士,38,広島,52.0,B1,4.61,21.93,4.33,25.0,36,50.0,17,12.5,556 4,6,https://www1.mbrace.or.jp/od2/B/202609/b260922.lzh,2026-10-03T18:38:10.415622+09:00
20260922,02,戸田,10,20260922-02-10,5,5150,坂本雄紀,31,群馬,51.0,A1,5.69,39.33,6.34,43.75,65,21.05,34,39.13,1 4114,5,https://www1.mbrace.or.jp/od2/B/202609/b260922.lzh,2026-10-03T18:38:10.415622+09:00
20260922,02,戸田,10,20260922-02-10,6,4808,松尾拓,38,三重,50.0,A2,6.34,45.83,5.23,36.36,51,22.73,46,22.22,1 6224,4,https://www1.mbrace.or.jp/od2/B/202609/b260922.lzh,2026-10-03T18:38:10.415622+09:00
20260922,02,戸田,11,20260922-02-11,1,4771,下寺秀和,33,広島,56.0,A1,7.12,54.62,6.8,50.0,34,35.0,74,31.82,24111,5,https://www1.mbrace.or.jp/od2/B/202609/b260922.lzh,2026-10-03T18:38:10.415622+09:00
20260922,02,戸田,11,20260922-02-11,2,3660,長谷川親,57,香川,59.0,B1,3.62,11.83,0.0,0.0,8,53.33,63,52.17,5 455,7,https://www1.mbrace.or.jp/od2/B/202609/b260922.lzh,2026-10-03T18:38:10.415622+09:00
20260922,02,戸田,11,20260922-02-11,3,4359,横川聖志,42,徳島,58.0,A2,5.36,36.17,5.11,26.32,54,33.33,21,40.0,3 6213,6,https://www1.mbrace.or.jp/od2/B/202609/b260922.lzh,2026-10-03T18:38:10.415622+09:00
20260922,02,戸田,11,20260922-02-11,4,3546,中里昌志,57,埼玉,52.0,B1,4.59,22.22,5.13,31.25,57,55.56,32,56.52,531 56,1,https://www1.mbrace.or.jp/od2/B/202609/b260922.lzh,2026-10-03T18:38:10.415622+09:00
20260922,02,戸田,11,20260922-02-11,5,4531,武富智亮,37,佐賀,55.0,A2,6.23,43.18,0.0,0.0,50,26.09,14,54.17,2 1412,3,https://www1.mbrace.or.jp/od2/B/202609/b260922.lzh,2026-10-03T18:38:10.415622+09:00
20260922,02,戸田,11,20260922-02-11,6,4329,小松卓司,43,福岡,52.0,B1,4.61,25.0,5.35,30.77,1,13.79,37,64.0,444 34,2,https://www1.mbrace.or.jp/od2/B/202609/b260922.lzh,2026-10-03T18:38:10.415622+09:00
20260922,02,戸田,12,20260922-02-12,1,4503,上野真之,38,佐賀,54.0,A1,8.02,63.57,6.88,38.46,60,30.43,73,22.22,23314,6,https://www1.mbrace.or.jp/od2/B/202609/b260922.lzh,2026-10-03T18:38:10.415622+09:00
20260922,02,戸田,12,20260922-02-12,2,4538,笠置博之,36,大阪,54.0,A1,5.0,36.21,6.69,53.85,12,26.67,51,37.04,1 6326,7,https://www1.mbrace.or.jp/od2/B/202609/b260922.lzh,2026-10-03T18:38:10.415622+09:00
20260922,02,戸田,12,20260922-02-12,3,4608,荒井翔伍,36,東京,56.0,A2,6.02,42.76,5.89,40.74,43,66.67,55,0.0,133455,,https://www1.mbrace.or.jp/od2/B/202609/b260922.lzh,2026-10-03T18:38:10.415622+09:00
20260922,02,戸田,12,20260922-02-12,4,4365,盛本真輔,40,兵庫,52.0,A2,5.89,40.2,5.33,36.67,55,4.76,29,32.0,2 5121,8,https://www1.mbrace.or.jp/od2/B/202609/b260922.lzh,2026-10-03T18:38:10.415622+09:00
20260922,02,戸田,12,20260922-02-12,5,4792,杉村賢也,36,東京,50.0,B1,4.02,15.56,5.04,26.09,29,33.33,56,26.32,332 13,4,https://www1.mbrace.or.jp/od2/B/202609/b260922.lzh,2026-10-03T18:38:10.415622+09:00
20260922,02,戸田,12,20260922-02-12,6,3543,福田雅一,57,香川,55.0,B1,4.85,30.51,5.7,30.0,40,19.05,57,13.04,151 33,1,https://www1.mbrace.or.jp/od2/B/202609/b260922.lzh,2026-10-03T18:38:10.415622+09:00
20260922,01,桐生,1,20260922-01-01,1,5201,村上宗太,23,東京,52.0,B2,5.2,30.0,4.5,16.67,11,31.79,33,35.6,663,5,https://www1.mbrace.or.jp/od2/B/202609/b260922.lzh,2026-10-03T18:38:10.415622+09:00
20260922,01,桐生,1,20260922-01-01,2,3654,武田光史,53,福井,53.0,A2,6.84,56.03,7.39,61.11,64,32.83,17,37.16,1 14,11,https://www1.mbrace.or.jp/od2/B/202609/b260922.lzh,2026-10-03T18:38:10.415622+09:00
20260922,01,桐生,1,20260922-01-01,3,4834,浜本裕己,38,大阪,50.0,A2,5.61,37.86,5.1,30.95,48,32.16,39,32.31,441,9,https://www1.mbrace.or.jp/od2/B/202609/b260922.lzh,2026-10-03T18:38:10.415622+09:00
20260922,01,桐生,1,20260922-01-01,4,5427,港理樹,24,東京,52.0,B1,3.04,6.52,2.35,0.0,46,36.79,68,34.36,4 5,11,https://www1.mbrace.or.jp/od2/B/202609/b260922.lzh,2026-10-03T18:38:10.415622+09:00
20260922,01,桐生,1,20260922-01-01,5,3538,菊池峰晴,58,群馬,52.0,B2,3.92,14.47,5.48,30.86,15,41.54,29,34.55,555,9,https://www1.mbrace.or.jp/od2/B/202609/b260922.lzh,2026-10-03T18:38:10.415622+09:00
20260922,01,桐生,1,20260922-01-01,6,3352,小川晃司,58,福岡,50.0,B1,4.4,15.69,4.43,17.39,24,36.36,42,35.2,5 36,,https://www1.mbrace.or.jp/od2/B/202609/b260922.lzh,2026-10-03T18:38:10.415622+09:00
20260922,01,桐生,2,20260922-01-02,1,5265,大廣咲季,26,香川,45.0,B1,3.82,16.83,2.88,0.0,40,31.55,56,38.54,4 33,,https://www1.mbrace.or.jp/od2/B/202609/b260922.lzh,2026-10-03T18:38:10.415622+09:00
20260922,01,桐生,2,20260922-01-02,2,4987,島倉都,29,群馬,49.0,B1,3.6,15.22,4.29,27.59,62,42.21,67,26.67,234,,https://www1.mbrace.or.jp/od2/B/202609/b260922.lzh,2026-10-03T18:38:10.415622+09:00
20260922,01,桐生,2,20260922-01-02,3,3994,小野桜,47,滋賀,46.0,B1,4.64,23.33,5.53,35.29,56,41.67,32,29.87,545,10,https://www1.mbrace.or.jp/od2/B/202609/b260922.lzh,2026-10-03T18:38:10.415622+09:00
20260922,01,桐生,2,20260922-01-02,4,4443,津田裕絵,40,山口,50.0,B1,5.51,39.13,6.25,50.0,73,49.04,52,40.86,152,8,https://www1.mbrace.or.jp/od2/B/202609/b260922.lzh,2026-10-03T18:38:10.415622+09:00
20260922,01,桐生,2,20260922-01-02,5,5415,阿部未侑,20,東京,48.0,B2,1.5,0.0,1.24,0.0,14,46.75,51,34.76,4 65,,https://www1.mbrace.or.jp/od2/B/202609/b260922.lzh,2026-10-03T18:38:10.415622+09:00
20260922,01,桐生,2,20260922-01-02,6,4478,櫻本あゆ,38,群馬,49.0,A1,5.94,42.55,6.04,46.94,26,30.93,57,40.44,213,10,https://www1.mbrace.or.jp/od2/B/202609/b260922.lzh,2026-10-03T18:38:10.415622+09:00
20260922,01,桐生,3,20260922-01-03,1,5061,中村駿平,29,愛知,53.0,B1,2.65,6.25,4.39,30.3,28,38.86,71,39.5,6 5,9,https://www1.mbrace.or.jp/od2/B/202609/b260922.lzh,2026-10-03T18:38:10.415622+09:00
20260922,01,桐生,3,20260922-01-03,2,4330,奈須啓太,43,福岡,53.0,A2,6.12,44.35,6.82,45.45,27,50.59,24,32.4,2123,,https://www1.mbrace.or.jp/od2/B/202609/b260922.lzh,2026-10-03T18:38:10.415622+09:00
20260922,01,桐生,3,20260922-01-03,3,4311,岡村仁,42,大阪,57.0,A1,6.34,50.49,6.81,44.44,31,34.41,15,39.01,1 45,9,https://www1.mbrace.or.jp/od2/B/202609/b260922.lzh,2026-10-03T18:38:10.415622+09:00
20260922,01,桐生,3,20260922-01-03,4,4798,浜先真範,33,広島,52.0,A1,6.71,47.69,6.21,41.38,21,33.67,36,33.67,133,7,https://www1.mbrace.or.jp/od2/B/202609/b260922.lzh,2026-10-03T18:38:10.415622+09:00
20260922,01,桐生,3,20260922-01-03,5,3054,北川幸典,63,広島,55.0,B1,5.75,35.71,6.0,50.0,12,39.41,60,38.0,632,,https://www1.mbrace.or.jp/od2/B/202609/b260922.lzh,2026-10-03T18:38:10.415622+09:00
20260922,01,桐生,3,20260922-01-03,6,4485,楠原正剛,40,福岡,54.0,B1,4.88,27.84,6.85,60.0,65,37.88,75,29.41,156,11,https://www1.mbrace.or.jp/od2/B/202609/b260922.lzh,2026-10-03T18:38:10.415622+09:00
20260922,01,桐生,4,20260922-01-04,1,4501,樋口由加,38,岡山,45.0,B1,5.12,33.33,5.46,38.46,51,35.26,59,37.24,261,8,https://www1.mbrace.or.jp/od2/B/202609/b260922.lzh,2026-10-03T18:38:10.415622+09:00
20260922,01,桐生,4,20260922-01-04,2,4627,藤原菜希,40,東京,48.0,A2,6.29,42.65,5.27,36.36,75,28.18,37,34.02,5 11,12,https://www1.mbrace.or.jp/od2/B/202609/b260922.lzh,2026-10-03T18:38:10.415622+09:00
20260922,01,桐生,4,20260922-01-04,3,4819,蜂須瑞生,35,群馬,47.0,A2,5.21,31.17,5.94,37.14,29,28.03,23,41.14,5645,,https://www1.mbrace.or.jp/od2/B/202609/b260922.lzh,2026-10-03T18:38:10.415622+09:00
20260922,01,桐生,4,20260922-01-04,4,4720,西澤日花,32,長崎,48.0,B1,3.33,13.33,5.7,40.0,72,29.89,14,37.7,6 46,,https://www1.mbrace.or.jp/od2/B/202609/b260922.lzh,2026-10-03T18:38:10.415622+09:00
20260922,01,桐生,4,20260922-01-04,5,5437,中澤里桜,21,香川,51.0,B2,1.61,2.27,0.0,0.0,47,29.65,46,28.65,5 6,10,https://www1.mbrace.or.jp/od2/B/202609/b260922.lzh,2026-10-03T18:38:10.415622+09:00
20260922,01,桐生,4,20260922-01-04,6,4065,金田幸子,46,岡山,43.0,B1,5.08,34.94,6.7,50.0,57,29.79,48,39.06,312,12,https://www1.mbrace.or.jp/od2/B/202609/b260922.lzh,2026-10-03T18:38:10.415622+09:00
20260922,01,桐生,5,20260922-01-05,1,5114,小林孝彰,26,福井,53.0,B1,5.79,43.97,4.78,38.89,35,42.2,26,30.27,231,,https://www1.mbrace.or.jp/od2/B/202609/b260922.lzh,2026-10-03T18:38:10.415622+09:00
20260922,01,桐生,5,20260922-01-05,2,3792,田中豪,53,東京,53.0,A1,6.05,41.76,5.83,30.0,42,27.68,47,32.49,5 26,11,https://www1.mbrace.or.jp/od2/B/202609/b260922.lzh,2026-10-03T18:38:10.415622+09:00
20260922,01,桐生,5,20260922-01-05,3,4228,吉田慎二,43,愛知,57.0,A2,6.5,50.5,6.08,43.24,25,27.89,66,32.8,656,,https://www1.mbrace.or.jp/od2/B/202609/b260922.lzh,2026-10-03T18:38:10.415622+09:00
20260922,01,桐生,5,20260922-01-05,4,4434,田中辰彦,40,広島,55.0,A2,5.99,43.75,6.84,47.37,67,38.2,27,45.11,322,9,https://www1.mbrace.or.jp/od2/B/202609/b260922.lzh,2026-10-03T18:38:10.415622+09:00
20260922,01,桐生,5,20260922-01-05,5,5201,村上宗太,23,東京,52.0,B2,5.2,30.0,4.5,16.67,11,31.79,33,35.6,663,1,https://www1.mbrace.or.jp/od2/B/202609/b260922.lzh,2026-10-03T18:38:10.415622+09:00
20260922,01,桐生,5,20260922-01-05,6,3740,大澤普司,52,群馬,53.0,A1,6.07,40.44,6.53,48.09,32,41.78,31,37.97,2 32,9,https://www1.mbrace.or.jp/od2/B/202609/b260922.lzh,2026-10-03T18:38:10.415622+09:00
20260922,01,桐生,6,20260922-01-06,1,4373,若狭奈美,38,岡山,46.0,A1,6.14,40.0,5.2,35.0,45,38.31,73,37.84,4 33,10,https://www1.mbrace.or.jp/od2/B/202609/b260922.lzh,2026-10-03T18:38:10.415622+09:00
20260922,01,桐生,6,20260922-01-06,2,5184,飯塚響,27,群馬,46.0,B2,3.06,12.9,2.9,6.67,70,33.84,38,34.78,1 54,,https://www1.mbrace.or.jp/od2/B/202609/b260922.lzh,2026-10-03T18:38:10.415622+09:00
20260922,01,桐生,6,20260922-01-06,3,3357,福島陽子,57,岡山,49.0,B1,3.86,12.77,4.78,27.78,69,33.33,44,40.54,4 24,12,https://www1.mbrace.or.jp/od2/B/202609/b260922.lzh,2026-10-03T18:38:10.415622+09:00
20260922,01,桐生,6,20260922-01-06,4,4414,大澤真菜,40,東京,45.0,B1,3.96,25.0,4.04,20.0,33,41.18,50,32.28,262,,https://www1.mbrace.or.jp/od2/B/202609/b260922.lzh,2026-10-03T18:38:10.415622+09:00
20260922,01,桐生,6,20260922-01-06,5,5213,湯淺紀香,27,群馬,46.0,B1,5.24,35.96,5.01,29.03,38,37.58,35,37.31,S21,12,https://www1.mbrace.or.jp/od2/B/202609/b260922.lzh,2026-10-03T18:38:10.415622+09:00
20260922,01,桐生,6,20260922-01-06,6,5436,市川瑚幸,21,東京,46.0,B2,1.46,0.0,0.0,0.0,13,30.22,22,29.12,6 66,,https://www1.mbrace.or.jp/od2/B/202609/b260922.lzh,2026-10-03T18:38:10.415622+09:00
20260922,01,桐生,7,20260922-01-07,1,4351,里岡右貴,40,福岡,54.0,A1,6.94,53.23,7.18,63.64,36,27.84,21,31.09,341,,https://www1.mbrace.or.jp/od2/B/202609/b260922.lzh,2026-10-03T18:38:10.415622+09:00
20260922,01,桐生,7,20260922-01-07,2,5185,加藤優弥,26,福井,53.0,B1,5.28,32.89,4.06,11.11,71,31.61,34,33.33,6 16,,https://www1.mbrace.or.jp/od2/B/202609/b260922.lzh,2026-10-03T18:38:10.415622+09:00
20260922,01,桐生,7,20260922-01-07,3,4798,浜先真範,33,広島,52.0,A1,6.71,47.69,6.21,41.38,21,33.67,36,33.67,133,3,https://www1.mbrace.or.jp/od2/B/202609/b260922.lzh,2026-10-03T18:38:10.415622+09:00
20260922,01,桐生,7,20260922-01-07,4,5179,藤本元輝,29,兵庫,52.0,B1,4.55,28.57,2.63,10.53,53,35.79,28,30.05,4 65,,https://www1.mbrace.or.jp/od2/B/202609/b260922.lzh,2026-10-03T18:38:10.415622+09:00
20260922,01,桐生,7,20260922-01-07,5,4892,柴田直哉,36,福岡,53.0,B1,5.11,31.78,4.38,25.0,59,41.1,12,30.48,1 42,,https://www1.mbrace.or.jp/od2/B/202609/b260922.lzh,2026-10-03T18:38:10.415622+09:00
20260922,01,桐生,7,20260922-01-07,6,4872,山下流心,33,広島,54.0,B1,4.52,25.84,4.11,20.0,37,32.16,11,29.38,4 45,,https://www1.mbrace.or.jp/od2/B/202609/b260922.lzh,2026-10-03T18:38:10.415622+09:00
20260922,01,桐生,8,20260922-01-08,1,5195,北村寧々,24,長崎,47.0,A2,5.28,34.02,4.22,22.22,49,34.31,70,31.28,531,,https://www1.mbrace.or.jp/od2/B/202609/b260922.lzh,2026-10-03T18:38:10.415622+09:00
20260922,01,桐生,8,20260922-01-08,2,5335,森陽多,21,長崎,46.0,B1,3.1,14.29,2.78,11.11,74,37.31,61,38.59,1 25,,https://www1.mbrace.or.jp/od2/B/202609/b260922.lzh,2026-10-03T18:38:10.415622+09:00
20260922,01,桐生,8,20260922-01-08,3,4746,大豆生蒼,31,埼玉,47.0,B1,5.57,37.36,6.68,42.11,41,34.74,54,35.79,312,12,https://www1.mbrace.or.jp/od2/B/202609/b260922.lzh,2026-10-03T18:38:10.415622+09:00
20260922,01,桐生,8,20260922-01-08,4,4501,樋口由加,38,岡山,45.0,B1,5.12,33.33,5.46,38.46,51,35.26,59,37.24,261,4,https://www1.mbrace.or.jp/od2/B/202609/b260922.lzh,2026-10-03T18:38:10.415622+09:00
20260922,01,桐生,8,20260922-01-08,5,4642,松尾夏海,34,香川,48.0,A2,6.98,53.79,5.4,40.0,17,33.49,41,33.88,325,12,https://www1.mbrace.or.jp/od2/B/202609/b260922.lzh,2026-10-03T18:38:10.415622+09:00
20260922,01,桐生,8,20260922-01-08,6,4443,津田裕絵,40,山口,50.0,B1,5.51,39.13,6.25,50.0,73,49.04,52,40.86,152,2,https://www1.mbrace.or.jp/od2/B/202609/b260922.lzh,2026-10-03T18:38:10.415622+09:00
20260922,01,桐生,9,20260922-01-09,1,4434,田中辰彦,40,広島,55.0,A2,5.99,43.75,6.84,47.37,67,38.2,27,45.11,322,5,https://www1.mbrace.or.jp/od2/B/202609/b260922.lzh,2026-10-03T18:38:10.415622+09:00
20260922,01,桐生,9,20260922-01-09,2,3740,大澤普司,52,群馬,53.0,A1,6.07,40.44,6.53,48.09,32,41.78,31,37.97,2 32,5,https://www1.mbrace.or.jp/od2/B/202609/b260922.lzh,2026-10-03T18:38:10.415622+09:00
20260922,01,桐生,9,20260922-01-09,3,3538,菊池峰晴,58,群馬,52.0,B2,3.92,14.47,5.48,30.86,15,41.54,29,34.55,555,1,https://www1.mbrace.or.jp/od2/B/202609/b260922.lzh,2026-10-03T18:38:10.415622+09:00
20260922,01,桐生,9,20260922-01-09,4,4834,浜本裕己,38,大阪,50.0,A2,5.61,37.86,5.1,30.95,48,32.16,39,32.31,441,1,https://www1.mbrace.or.jp/od2/B/202609/b260922.lzh,2026-10-03T18:38:10.415622+09:00
20260922,01,桐生,9,20260922-01-09,5,5061,中村駿平,29,愛知,53.0,B1,2.65,6.25,4.39,30.3,28,38.86,71,39.5,6 5,3,https://www1.mbrace.or.jp/od2/B/202609/b260922.lzh,2026-10-03T18:38:10.415622+09:00
20260922,01,桐生,9,20260922-01-09,6,4311,岡村仁,42,大阪,57.0,A1,6.34,50.49,6.81,44.44,31,34.41,15,39.01,1 45,3,https://www1.mbrace.or.jp/od2/B/202609/b260922.lzh,2026-10-03T18:38:10.415622+09:00
20260922,01,桐生,10,20260922-01-10,1,4690,高石梨菜,32,東京,49.0,B2,5.55,38.18,6.0,37.5,60,41.81,19,36.08,4 14,,https://www1.mbrace.or.jp/od2/B/202609/b260922.lzh,2026-10-03T18:38:10.415622+09:00
20260922,01,桐生,10,20260922-01-10,2,3994,小野桜,47,滋賀,46.0,B1,4.64,23.33,5.53,35.29,56,41.67,32,29.87,545,2,https://www1.mbrace.or.jp/od2/B/202609/b260922.lzh,2026-10-03T18:38:10.415622+09:00
20260922,01,桐生,10,20260922-01-10,3,4478,櫻本あゆ,38,群馬,49.0,A1,5.94,42.55,6.04,46.94,26,30.93,57,40.44,213,2,https://www1.mbrace.or.jp/od2/B/202609/b260922.lzh,2026-10-03T18:38:10.415622+09:00
20260922,01,桐生,10,20260922-01-10,4,5250,嶋田有里,24,長崎,46.0,B1,4.81,23.0,1.38,0.0,30,46.1,30,33.5,3 3S,,https://www1.mbrace.or.jp/od2/B/202609/b260922.lzh,2026-10-03T18:38:10.415622+09:00
20260922,01,桐生,10,20260922-01-10,5,4373,若狭奈美,38,岡山,46.0,A1,6.14,40.0,5.2,35.0,45,38.31,73,37.84,4 33,6,https://www1.mbrace.or.jp/od2/B/202609/b260922.lzh,2026-10-03T18:38:10.415622+09:00
20260922,01,桐生,10,20260922-01-10,6,5437,中澤里桜,21,香川,51.0,B2,1.61,2.27,0.0,0.0,47,29.65,46,28.65,5 6,4,https://www1.mbrace.or.jp/od2/B/202609/b260922.lzh,2026-10-03T18:38:10.415622+09:00
20260922,01,桐生,11,20260922-01-11,1,4654,篠田優也,40,兵庫,54.0,A1,6.48,45.1,6.19,45.24,50,34.48,69,34.41,2234,,https://www1.mbrace.or.jp/od2/B/202609/b260922.lzh,2026-10-03T18:38:10.415622+09:00
20260922,01,桐生,11,20260922-01-11,2,4485,楠原正剛,40,福岡,54.0,B1,4.88,27.84,6.85,60.0,65,37.88,75,29.41,156,3,https://www1.mbrace.or.jp/od2/B/202609/b260922.lzh,2026-10-03T18:38:10.415622+09:00
20260922,01,桐生,11,20260922-01-11,3,3659,藤生雄人,52,群馬,55.0,A2,5.41,31.03,5.95,42.05,34,36.97,45,44.39,3 41,,https://www1.mbrace.or.jp/od2/B/202609/b260922.lzh,2026-10-03T18:38:10.415622+09:00
20260922,01,桐生,11,20260922-01-11,4,3792,田中豪,53,東京,53.0,A1,6.05,41.76,5.83,30.0,42,27.68,47,32.49,5 26,5,https://www1.mbrace.or.jp/od2/B/202609/b260922.lzh,2026-10-03T18:38:10.415622+09:00
20260922,01,桐生,11,20260922-01-11,5,3654,武田光史,53,福井,53.0,A2,6.84,56.03,7.39,61.11,64,32.83,17,37.16,1 14,1,https://www1.mbrace.or.jp/od2/B/202609/b260922.lzh,2026-10-03T18:38:10.415622+09:00
20260922,01,桐生,11,20260922-01-11,6,5427,港理樹,24,東京,52.0,B1,3.04,6.52,2.35,0.0,46,36.79,68,34.36,4 5,1,https://www1.mbrace.or.jp/od2/B/202609/b260922.lzh,2026-10-03T18:38:10.415622+09:00
20260922,01,桐生,12,20260922-01-12,1,5213,湯淺紀香,27,群馬,46.0,B1,5.24,35.96,5.01,29.03,38,37.58,35,37.31,S21,6,https://www1.mbrace.or.jp/od2/B/202609/b260922.lzh,2026-10-03T18:38:10.415622+09:00
20260922,01,桐生,12,20260922-01-12,2,4065,金田幸子,46,岡山,43.0,B1,5.08,34.94,6.7,50.0,57,29.79,48,39.06,312,4,https://www1.mbrace.or.jp/od2/B/202609/b260922.lzh,2026-10-03T18:38:10.415622+09:00
20260922,01,桐生,12,20260922-01-12,3,4642,松尾夏海,34,香川,48.0,A2,6.98,53.79,5.4,40.0,17,33.49,41,33.88,325,8,https://www1.mbrace.or.jp/od2/B/202609/b260922.lzh,2026-10-03T18:38:10.415622+09:00
20260922,01,桐生,12,20260922-01-12,4,4746,大豆生蒼,31,埼玉,47.0,B1,5.57,37.36,6.68,42.11,41,34.74,54,35.79,312,8,https://www1.mbrace.or.jp/od2/B/202609/b260922.lzh,2026-10-03T18:38:10.415622+09:00
20260922,01,桐生,12,20260922-01-12,5,3357,福島陽子,57,岡山,49.0,B1,3.86,12.77,4.78,27.78,69,33.33,44,40.54,4 24,6,https://www1.mbrace.or.jp/od2/B/202609/b260922.lzh,2026-10-03T18:38:10.415622+09:00
20260922,01,桐生,12,20260922-01-12,6,4627,藤原菜希,40,東京,48.0,A2,6.29,42.65,5.27,36.36,75,28.18,37,34.02,5 11,4,https://www1.mbrace.or.jp/od2/B/202609/b260922.lzh,2026-10-03T18:38:10.415622+09:00
