date,venue_code,venue_name,race,race_id,boat,registration_no,racer_name,age,branch,weight_kg,grade,national_win_rate,national_top2_rate,local_win_rate,local_top2_rate,motor_no,motor_top2_rate,boat_no,boat_top2_rate,series_results_raw,early_race_raw,source_url,collected_at
20260914,22,福岡,1,20260914-22-01,1,4475,末永祐輝,38,山口,54.0,A1,5.59,32.56,6.5,46.15,28,33.33,123,48.6,42,10,https://www1.mbrace.or.jp/od2/B/202609/b260914.lzh,2026-10-03T18:36:47.881321+09:00
20260914,22,福岡,1,20260914-22-01,2,3801,五反田忍,52,大阪,52.0,B1,4.38,26.15,3.39,11.11,50,30.47,115,40.4,4,8,https://www1.mbrace.or.jp/od2/B/202609/b260914.lzh,2026-10-03T18:36:47.881321+09:00
20260914,22,福岡,1,20260914-22-01,3,4693,松下誉士,42,福岡,54.0,B1,4.2,25.77,4.13,21.74,57,32.5,153,32.41,4,7,https://www1.mbrace.or.jp/od2/B/202609/b260914.lzh,2026-10-03T18:36:47.881321+09:00
20260914,22,福岡,1,20260914-22-01,4,4059,入澤友治,47,東京,57.0,B1,3.78,19.57,6.37,52.63,56,37.61,140,38.1,5,6,https://www1.mbrace.or.jp/od2/B/202609/b260914.lzh,2026-10-03T18:36:47.881321+09:00
20260914,22,福岡,1,20260914-22-01,5,5386,米玉利大,20,兵庫,54.0,B1,3.48,14.89,2.6,10.0,27,36.43,132,37.86,55,,https://www1.mbrace.or.jp/od2/B/202609/b260914.lzh,2026-10-03T18:36:47.881321+09:00
20260914,22,福岡,1,20260914-22-01,6,5392,安武一也,26,福岡,52.0,B2,1.76,0.0,1.78,0.0,17,27.78,118,33.66,6,5,https://www1.mbrace.or.jp/od2/B/202609/b260914.lzh,2026-10-03T18:36:47.881321+09:00
20260914,22,福岡,2,20260914-22-02,1,3696,白井友晴,54,埼玉,52.0,B1,4.97,27.17,5.52,42.86,49,37.4,116,32.71,31,,https://www1.mbrace.or.jp/od2/B/202609/b260914.lzh,2026-10-03T18:36:47.881321+09:00
20260914,22,福岡,2,20260914-22-02,2,4951,新田洋一,33,広島,54.0,B1,4.75,22.73,5.2,30.0,14,39.64,119,29.73,43,,https://www1.mbrace.or.jp/od2/B/202609/b260914.lzh,2026-10-03T18:36:47.881321+09:00
20260914,22,福岡,2,20260914-22-02,3,4630,岩永雅人,39,愛知,53.0,A2,5.36,34.25,5.24,38.1,60,22.55,128,33.64,54,11,https://www1.mbrace.or.jp/od2/B/202609/b260914.lzh,2026-10-03T18:36:47.881321+09:00
20260914,22,福岡,2,20260914-22-02,4,4590,渡邉優美,33,福岡,48.0,A1,6.49,41.96,6.56,43.24,23,40.87,156,42.06,12,9,https://www1.mbrace.or.jp/od2/B/202609/b260914.lzh,2026-10-03T18:36:47.881321+09:00
20260914,22,福岡,2,20260914-22-02,5,3605,中村守成,54,三重,53.0,B1,3.95,14.12,5.95,42.11,61,37.24,163,33.02,4,7,https://www1.mbrace.or.jp/od2/B/202609/b260914.lzh,2026-10-03T18:36:47.881321+09:00
20260914,22,福岡,2,20260914-22-02,6,5428,古園井綾,23,佐賀,50.0,B2,1.07,0.0,1.0,0.0,38,24.79,106,26.67,6,6,https://www1.mbrace.or.jp/od2/B/202609/b260914.lzh,2026-10-03T18:36:47.881321+09:00
20260914,22,福岡,3,20260914-22-03,1,3614,谷勝幸,53,広島,55.0,B1,4.17,20.35,4.39,32.14,46,24.59,135,40.74,1,8,https://www1.mbrace.or.jp/od2/B/202609/b260914.lzh,2026-10-03T18:36:47.881321+09:00
20260914,22,福岡,3,20260914-22-03,2,4813,宮内直哉,36,東京,52.0,B1,4.23,15.49,4.8,30.0,70,31.01,141,35.35,2,11,https://www1.mbrace.or.jp/od2/B/202609/b260914.lzh,2026-10-03T18:36:47.881321+09:00
20260914,22,福岡,3,20260914-22-03,3,4856,豊田健士,30,三重,52.0,A1,7.25,57.55,5.89,38.89,24,22.11,146,27.45,44,12,https://www1.mbrace.or.jp/od2/B/202609/b260914.lzh,2026-10-03T18:36:47.881321+09:00
20260914,22,福岡,3,20260914-22-03,4,4592,小林孝弘,45,山口,52.0,B1,4.56,21.33,4.71,25.32,54,33.33,157,37.74,2,9,https://www1.mbrace.or.jp/od2/B/202609/b260914.lzh,2026-10-03T18:36:47.881321+09:00
20260914,22,福岡,3,20260914-22-03,5,5462,山浦槙,19,佐賀,48.0,B2,1.73,0.0,0.0,0.0,30,38.04,151,24.07,6,,https://www1.mbrace.or.jp/od2/B/202609/b260914.lzh,2026-10-03T18:36:47.881321+09:00
20260914,22,福岡,3,20260914-22-03,6,3807,岡部哲,51,埼玉,51.0,B1,4.89,25.0,3.48,13.79,66,27.45,114,32.08,22,,https://www1.mbrace.or.jp/od2/B/202609/b260914.lzh,2026-10-03T18:36:47.881321+09:00
20260914,22,福岡,4,20260914-22-04,1,5395,日高龍之,24,佐賀,52.0,B1,3.11,12.7,1.33,0.0,20,35.25,147,24.07,2,8,https://www1.mbrace.or.jp/od2/B/202609/b260914.lzh,2026-10-03T18:36:47.881321+09:00
20260914,22,福岡,4,20260914-22-04,2,5125,高井雄基,30,愛知,52.0,A2,4.81,26.92,6.23,45.45,16,48.36,167,45.63,4,10,https://www1.mbrace.or.jp/od2/B/202609/b260914.lzh,2026-10-03T18:36:47.881321+09:00
20260914,22,福岡,4,20260914-22-04,3,4553,坪口竜也,37,長崎,54.0,A2,5.92,38.24,6.19,46.51,22,33.33,166,26.92,65,9,https://www1.mbrace.or.jp/od2/B/202609/b260914.lzh,2026-10-03T18:36:47.881321+09:00
20260914,22,福岡,4,20260914-22-04,4,4614,石倉洋行,46,福岡,54.0,A1,7.18,57.28,6.05,42.31,32,26.62,110,38.3,1,12,https://www1.mbrace.or.jp/od2/B/202609/b260914.lzh,2026-10-03T18:36:47.881321+09:00
20260914,22,福岡,4,20260914-22-04,5,5418,堀内亜海,20,大阪,55.0,B2,1.05,0.0,0.0,0.0,64,27.66,133,42.45,6,,https://www1.mbrace.or.jp/od2/B/202609/b260914.lzh,2026-10-03T18:36:47.881321+09:00
20260914,22,福岡,4,20260914-22-04,6,3863,海老澤泰,52,東京,55.0,B1,4.46,22.55,4.83,22.41,11,36.72,117,34.0,53,,https://www1.mbrace.or.jp/od2/B/202609/b260914.lzh,2026-10-03T18:36:47.881321+09:00
20260914,22,福岡,5,20260914-22-05,1,3615,横田茂,53,広島,51.0,B1,4.34,25.81,3.75,12.5,53,25.78,102,23.4,5,9,https://www1.mbrace.or.jp/od2/B/202609/b260914.lzh,2026-10-03T18:36:47.881321+09:00
20260914,22,福岡,5,20260914-22-05,2,3841,佐々木和,50,徳島,54.0,A2,6.48,50.79,6.62,52.38,68,39.84,149,33.33,1,12,https://www1.mbrace.or.jp/od2/B/202609/b260914.lzh,2026-10-03T18:36:47.881321+09:00
20260914,22,福岡,5,20260914-22-05,3,5151,山下奈緒,31,大阪,47.0,B1,4.0,17.5,3.89,7.14,19,33.63,150,35.85,35,,https://www1.mbrace.or.jp/od2/B/202609/b260914.lzh,2026-10-03T18:36:47.881321+09:00
20260914,22,福岡,5,20260914-22-05,4,5392,安武一也,26,福岡,52.0,B2,1.76,0.0,1.78,0.0,17,27.78,118,33.66,6,1,https://www1.mbrace.or.jp/od2/B/202609/b260914.lzh,2026-10-03T18:36:47.881321+09:00
20260914,22,福岡,5,20260914-22-05,5,3769,佐竹恒彦,53,滋賀,52.0,A2,5.4,32.95,5.95,40.0,75,27.87,145,52.48,23,10,https://www1.mbrace.or.jp/od2/B/202609/b260914.lzh,2026-10-03T18:36:47.881321+09:00
20260914,22,福岡,5,20260914-22-05,6,4925,森悠稀,33,兵庫,53.0,A2,6.07,39.6,3.44,11.11,48,21.93,164,28.44,14,11,https://www1.mbrace.or.jp/od2/B/202609/b260914.lzh,2026-10-03T18:36:47.881321+09:00
20260914,22,福岡,6,20260914-22-06,1,3712,淺香文武,52,三重,57.0,B1,4.79,36.05,5.6,60.0,47,21.15,169,36.45,35,,https://www1.mbrace.or.jp/od2/B/202609/b260914.lzh,2026-10-03T18:36:47.881321+09:00
20260914,22,福岡,6,20260914-22-06,2,5018,竹下大樹,27,福岡,55.0,A1,7.06,54.35,6.72,50.41,31,33.09,120,22.77,12,11,https://www1.mbrace.or.jp/od2/B/202609/b260914.lzh,2026-10-03T18:36:47.881321+09:00
20260914,22,福岡,6,20260914-22-06,3,4823,中村桃佳,33,香川,45.0,A2,6.72,51.55,0.0,0.0,25,38.3,171,24.76,12,10,https://www1.mbrace.or.jp/od2/B/202609/b260914.lzh,2026-10-03T18:36:47.881321+09:00
20260914,22,福岡,6,20260914-22-06,4,3436,柏野幸二,57,岡山,50.0,A2,5.69,37.5,7.04,60.0,37,30.09,165,31.07,3,12,https://www1.mbrace.or.jp/od2/B/202609/b260914.lzh,2026-10-03T18:36:47.881321+09:00
20260914,22,福岡,6,20260914-22-06,5,5428,古園井綾,23,佐賀,50.0,B2,1.07,0.0,1.0,0.0,38,24.79,106,26.67,6,2,https://www1.mbrace.or.jp/od2/B/202609/b260914.lzh,2026-10-03T18:36:47.881321+09:00
20260914,22,福岡,6,20260914-22-06,6,4059,入澤友治,47,東京,57.0,B1,3.78,19.57,6.37,52.63,56,37.61,140,38.1,5,1,https://www1.mbrace.or.jp/od2/B/202609/b260914.lzh,2026-10-03T18:36:47.881321+09:00
20260914,22,福岡,7,20260914-22-07,1,4313,西村美智,42,香川,49.0,A2,5.04,32.22,6.0,50.0,55,32.76,148,35.92,3,11,https://www1.mbrace.or.jp/od2/B/202609/b260914.lzh,2026-10-03T18:36:47.881321+09:00
20260914,22,福岡,7,20260914-22-07,2,3605,中村守成,54,三重,53.0,B1,3.95,14.12,5.95,42.11,61,37.24,163,33.02,4,2,https://www1.mbrace.or.jp/od2/B/202609/b260914.lzh,2026-10-03T18:36:47.881321+09:00
20260914,22,福岡,7,20260914-22-07,3,4948,木場悠介,33,長崎,51.0,B1,5.54,38.04,5.42,38.36,72,36.36,104,29.63,66,,https://www1.mbrace.or.jp/od2/B/202609/b260914.lzh,2026-10-03T18:36:47.881321+09:00
20260914,22,福岡,7,20260914-22-07,4,5404,内田壮,22,山口,54.0,B1,2.32,4.0,0.0,0.0,42,15.79,113,21.78,66,,https://www1.mbrace.or.jp/od2/B/202609/b260914.lzh,2026-10-03T18:36:47.881321+09:00
20260914,22,福岡,7,20260914-22-07,5,4693,松下誉士,42,福岡,54.0,B1,4.2,25.77,4.13,21.74,57,32.5,153,32.41,4,1,https://www1.mbrace.or.jp/od2/B/202609/b260914.lzh,2026-10-03T18:36:47.881321+09:00
20260914,22,福岡,7,20260914-22-07,6,4914,吉田裕平,29,愛知,51.0,A1,7.43,54.63,7.35,41.67,69,21.05,125,30.1,11,12,https://www1.mbrace.or.jp/od2/B/202609/b260914.lzh,2026-10-03T18:36:47.881321+09:00
20260914,22,福岡,8,20260914-22-08,1,3505,山田竜一,55,東京,52.0,A2,5.16,35.05,5.23,36.67,73,30.94,121,35.64,26,12,https://www1.mbrace.or.jp/od2/B/202609/b260914.lzh,2026-10-03T18:36:47.881321+09:00
20260914,22,福岡,8,20260914-22-08,2,3297,藤丸光一,59,福岡,49.0,B1,4.67,24.74,5.83,43.33,58,34.45,160,39.81,26,,https://www1.mbrace.or.jp/od2/B/202609/b260914.lzh,2026-10-03T18:36:47.881321+09:00
20260914,22,福岡,8,20260914-22-08,3,5395,日高龍之,24,佐賀,52.0,B1,3.11,12.7,1.33,0.0,20,35.25,147,24.07,2,4,https://www1.mbrace.or.jp/od2/B/202609/b260914.lzh,2026-10-03T18:36:47.881321+09:00
20260914,22,福岡,8,20260914-22-08,4,3801,五反田忍,52,大阪,52.0,B1,4.38,26.15,3.39,11.11,50,30.47,115,40.4,4,1,https://www1.mbrace.or.jp/od2/B/202609/b260914.lzh,2026-10-03T18:36:47.881321+09:00
20260914,22,福岡,8,20260914-22-08,5,3614,谷勝幸,53,広島,55.0,B1,4.17,20.35,4.39,32.14,46,24.59,135,40.74,1,3,https://www1.mbrace.or.jp/od2/B/202609/b260914.lzh,2026-10-03T18:36:47.881321+09:00
20260914,22,福岡,8,20260914-22-08,6,4685,島村隆幸,35,徳島,52.0,A1,7.13,52.08,0.0,0.0,63,28.57,138,41.67,13,,https://www1.mbrace.or.jp/od2/B/202609/b260914.lzh,2026-10-03T18:36:47.881321+09:00
20260914,22,福岡,9,20260914-22-09,1,4089,妹尾忠幸,46,岡山,56.0,A2,6.35,42.59,6.78,42.5,36,37.04,112,28.43,35,,https://www1.mbrace.or.jp/od2/B/202609/b260914.lzh,2026-10-03T18:36:47.881321+09:00
20260914,22,福岡,9,20260914-22-09,2,5050,木下雄介,31,滋賀,52.0,A2,5.75,40.0,5.2,30.0,15,40.0,174,37.38,31,,https://www1.mbrace.or.jp/od2/B/202609/b260914.lzh,2026-10-03T18:36:47.881321+09:00
20260914,22,福岡,9,20260914-22-09,3,3615,横田茂,53,広島,51.0,B1,4.34,25.81,3.75,12.5,53,25.78,102,23.4,5,5,https://www1.mbrace.or.jp/od2/B/202609/b260914.lzh,2026-10-03T18:36:47.881321+09:00
20260914,22,福岡,9,20260914-22-09,4,4553,坪口竜也,37,長崎,54.0,A2,5.92,38.24,6.19,46.51,22,33.33,166,26.92,65,4,https://www1.mbrace.or.jp/od2/B/202609/b260914.lzh,2026-10-03T18:36:47.881321+09:00
20260914,22,福岡,9,20260914-22-09,5,4592,小林孝弘,45,山口,52.0,B1,4.56,21.33,4.71,25.32,54,33.33,157,37.74,2,3,https://www1.mbrace.or.jp/od2/B/202609/b260914.lzh,2026-10-03T18:36:47.881321+09:00
20260914,22,福岡,9,20260914-22-09,6,4590,渡邉優美,33,福岡,48.0,A1,6.49,41.96,6.56,43.24,23,40.87,156,42.06,12,2,https://www1.mbrace.or.jp/od2/B/202609/b260914.lzh,2026-10-03T18:36:47.881321+09:00
20260914,22,福岡,10,20260914-22-10,1,3554,仲口博崇,54,愛知,52.0,A1,6.49,52.31,7.14,62.07,45,25.25,159,34.91,46,,https://www1.mbrace.or.jp/od2/B/202609/b260914.lzh,2026-10-03T18:36:47.881321+09:00
20260914,22,福岡,10,20260914-22-10,2,3769,佐竹恒彦,53,滋賀,52.0,A2,5.4,32.95,5.95,40.0,75,27.87,145,52.48,23,5,https://www1.mbrace.or.jp/od2/B/202609/b260914.lzh,2026-10-03T18:36:47.881321+09:00
20260914,22,福岡,10,20260914-22-10,3,4248,岡本大,44,長崎,56.0,B1,4.54,24.18,4.03,12.12,21,39.23,126,37.86,45,,https://www1.mbrace.or.jp/od2/B/202609/b260914.lzh,2026-10-03T18:36:47.881321+09:00
20260914,22,福岡,10,20260914-22-10,4,4475,末永祐輝,38,山口,54.0,A1,5.59,32.56,6.5,46.15,28,33.33,123,48.6,42,1,https://www1.mbrace.or.jp/od2/B/202609/b260914.lzh,2026-10-03T18:36:47.881321+09:00
20260914,22,福岡,10,20260914-22-10,5,5125,高井雄基,30,愛知,52.0,A2,4.81,26.92,6.23,45.45,16,48.36,167,45.63,4,4,https://www1.mbrace.or.jp/od2/B/202609/b260914.lzh,2026-10-03T18:36:47.881321+09:00
20260914,22,福岡,10,20260914-22-10,6,4823,中村桃佳,33,香川,45.0,A2,6.72,51.55,0.0,0.0,25,38.3,171,24.76,12,6,https://www1.mbrace.or.jp/od2/B/202609/b260914.lzh,2026-10-03T18:36:47.881321+09:00
20260914,22,福岡,11,20260914-22-11,1,4505,島田賢人,38,埼玉,57.0,A1,6.64,49.56,6.29,42.86,29,29.53,122,30.19,35,,https://www1.mbrace.or.jp/od2/B/202609/b260914.lzh,2026-10-03T18:36:47.881321+09:00
20260914,22,福岡,11,20260914-22-11,2,4925,森悠稀,33,兵庫,53.0,A2,6.07,39.6,3.44,11.11,48,21.93,164,28.44,14,5,https://www1.mbrace.or.jp/od2/B/202609/b260914.lzh,2026-10-03T18:36:47.881321+09:00
20260914,22,福岡,11,20260914-22-11,3,4813,宮内直哉,36,東京,52.0,B1,4.23,15.49,4.8,30.0,70,31.01,141,35.35,2,3,https://www1.mbrace.or.jp/od2/B/202609/b260914.lzh,2026-10-03T18:36:47.881321+09:00
20260914,22,福岡,11,20260914-22-11,4,5018,竹下大樹,27,福岡,55.0,A1,7.06,54.35,6.72,50.41,31,33.09,120,22.77,12,6,https://www1.mbrace.or.jp/od2/B/202609/b260914.lzh,2026-10-03T18:36:47.881321+09:00
20260914,22,福岡,11,20260914-22-11,5,4313,西村美智,42,香川,49.0,A2,5.04,32.22,6.0,50.0,55,32.76,148,35.92,3,7,https://www1.mbrace.or.jp/od2/B/202609/b260914.lzh,2026-10-03T18:36:47.881321+09:00
20260914,22,福岡,11,20260914-22-11,6,4630,岩永雅人,39,愛知,53.0,A2,5.36,34.25,5.24,38.1,60,22.55,128,33.64,54,2,https://www1.mbrace.or.jp/od2/B/202609/b260914.lzh,2026-10-03T18:36:47.881321+09:00
20260914,22,福岡,12,20260914-22-12,1,4856,豊田健士,30,三重,52.0,A1,7.25,57.55,5.89,38.89,24,22.11,146,27.45,44,3,https://www1.mbrace.or.jp/od2/B/202609/b260914.lzh,2026-10-03T18:36:47.881321+09:00
20260914,22,福岡,12,20260914-22-12,2,3436,柏野幸二,57,岡山,50.0,A2,5.69,37.5,7.04,60.0,37,30.09,165,31.07,3,6,https://www1.mbrace.or.jp/od2/B/202609/b260914.lzh,2026-10-03T18:36:47.881321+09:00
20260914,22,福岡,12,20260914-22-12,3,3505,山田竜一,55,東京,52.0,A2,5.16,35.05,5.23,36.67,73,30.94,121,35.64,26,8,https://www1.mbrace.or.jp/od2/B/202609/b260914.lzh,2026-10-03T18:36:47.881321+09:00
20260914,22,福岡,12,20260914-22-12,4,4914,吉田裕平,29,愛知,51.0,A1,7.43,54.63,7.35,41.67,69,21.05,125,30.1,11,7,https://www1.mbrace.or.jp/od2/B/202609/b260914.lzh,2026-10-03T18:36:47.881321+09:00
20260914,22,福岡,12,20260914-22-12,5,3841,佐々木和,50,徳島,54.0,A2,6.48,50.79,6.62,52.38,68,39.84,149,33.33,1,5,https://www1.mbrace.or.jp/od2/B/202609/b260914.lzh,2026-10-03T18:36:47.881321+09:00
20260914,22,福岡,12,20260914-22-12,6,4614,石倉洋行,46,福岡,54.0,A1,7.18,57.28,6.05,42.31,32,26.62,110,38.3,1,4,https://www1.mbrace.or.jp/od2/B/202609/b260914.lzh,2026-10-03T18:36:47.881321+09:00
20260914,21,芦屋,1,20260914-21-01,1,3837,秋山広一,51,香川,52.0,A2,6.38,44.64,7.25,57.14,10,40.0,141,27.0,11631 2335,10,https://www1.mbrace.or.jp/od2/B/202609/b260914.lzh,2026-10-03T18:36:47.881321+09:00
20260914,21,芦屋,1,20260914-21-01,2,5383,中村楓,21,三重,53.0,B1,2.42,1.35,0.0,0.0,32,42.27,127,37.37,5 56656 3,7,https://www1.mbrace.or.jp/od2/B/202609/b260914.lzh,2026-10-03T18:36:47.881321+09:00
20260914,21,芦屋,1,20260914-21-01,3,4966,田川大貴,28,長崎,55.0,B1,5.13,33.71,4.89,29.63,1,23.26,133,32.32,424 165 25,9,https://www1.mbrace.or.jp/od2/B/202609/b260914.lzh,2026-10-03T18:36:47.881321+09:00
20260914,21,芦屋,1,20260914-21-01,4,5317,長尾萌加,25,岡山,45.0,B1,4.63,23.71,3.35,5.88,2,26.6,147,23.08,3 454 3264,7,https://www1.mbrace.or.jp/od2/B/202609/b260914.lzh,2026-10-03T18:36:47.881321+09:00
20260914,21,芦屋,1,20260914-21-01,5,5469,今泉博人,17,佐賀,55.0,B2,1.59,0.0,0.0,0.0,39,39.8,140,27.27,5 566 665,6,https://www1.mbrace.or.jp/od2/B/202609/b260914.lzh,2026-10-03T18:36:47.881321+09:00
20260914,21,芦屋,1,20260914-21-01,6,5208,屋良龍紀,28,長崎,51.0,B1,4.13,22.08,3.51,13.51,43,40.2,132,34.69,366 325 56,6,https://www1.mbrace.or.jp/od2/B/202609/b260914.lzh,2026-10-03T18:36:47.881321+09:00
20260914,21,芦屋,2,20260914-21-02,1,4834,浜本裕己,38,大阪,51.0,A2,5.65,38.46,4.64,24.0,48,41.84,131,32.29,5 2414544,8,https://www1.mbrace.or.jp/od2/B/202609/b260914.lzh,2026-10-03T18:36:47.881321+09:00
20260914,21,芦屋,2,20260914-21-02,2,3843,上之晃弘,50,長崎,54.0,B1,4.84,29.9,4.56,20.59,40,28.16,124,32.22,5 33543 1,6,https://www1.mbrace.or.jp/od2/B/202609/b260914.lzh,2026-10-03T18:36:47.881321+09:00
20260914,21,芦屋,2,20260914-21-02,3,4840,鈴木秀茉,35,静岡,52.0,B1,4.82,28.16,3.61,16.67,57,38.95,167,31.96,444 426 55,7,https://www1.mbrace.or.jp/od2/B/202609/b260914.lzh,2026-10-03T18:36:47.881321+09:00
20260914,21,芦屋,2,20260914-21-02,4,4437,中田元泰,40,香川,55.0,A2,5.92,43.22,6.81,52.38,16,22.94,115,28.13,521 254333,10,https://www1.mbrace.or.jp/od2/B/202609/b260914.lzh,2026-10-03T18:36:47.881321+09:00
20260914,21,芦屋,2,20260914-21-02,5,3509,池千夏,54,香川,50.0,B1,3.3,7.14,2.86,13.64,18,25.93,143,37.25,4 45445 5,7,https://www1.mbrace.or.jp/od2/B/202609/b260914.lzh,2026-10-03T18:36:47.881321+09:00
20260914,21,芦屋,2,20260914-21-02,6,5457,山田陽翔,20,長崎,51.0,B2,1.15,0.0,0.0,0.0,54,27.37,120,31.25,6 66566 5,8,https://www1.mbrace.or.jp/od2/B/202609/b260914.lzh,2026-10-03T18:36:47.881321+09:00
20260914,21,芦屋,3,20260914-21-03,1,3541,三嶌誠司,58,香川,52.0,A2,6.27,43.69,7.82,68.18,42,25.0,139,29.41,1 55142314,11,https://www1.mbrace.or.jp/od2/B/202609/b260914.lzh,2026-10-03T18:36:47.881321+09:00
20260914,21,芦屋,3,20260914-21-03,2,3998,冨成謙児,47,佐賀,51.0,B1,4.34,26.26,4.24,22.22,27,30.39,117,34.26,6 436 414,9,https://www1.mbrace.or.jp/od2/B/202609/b260914.lzh,2026-10-03T18:36:47.881321+09:00
20260914,21,芦屋,3,20260914-21-03,3,4850,野中一平,31,愛知,54.0,A2,6.38,47.54,6.14,42.86,14,28.57,166,36.27,1523151 23,11,https://www1.mbrace.or.jp/od2/B/202609/b260914.lzh,2026-10-03T18:36:47.881321+09:00
20260914,21,芦屋,3,20260914-21-03,4,5447,岡本亜子,24,岡山,50.0,B2,1.07,0.0,0.0,0.0,24,16.67,123,31.46,6 665 666,7,https://www1.mbrace.or.jp/od2/B/202609/b260914.lzh,2026-10-03T18:36:47.881321+09:00
20260914,21,芦屋,3,20260914-21-03,5,3473,石川真二,56,福岡,53.0,A1,6.76,55.91,6.01,43.21,4,40.63,155,40.19,4F1 1 4 32,8,https://www1.mbrace.or.jp/od2/B/202609/b260914.lzh,2026-10-03T18:36:47.881321+09:00
20260914,21,芦屋,3,20260914-21-03,6,5143,常盤海心,25,徳島,54.0,B1,3.8,16.16,4.32,17.65,58,23.91,163,35.42,6 553 232,8,https://www1.mbrace.or.jp/od2/B/202609/b260914.lzh,2026-10-03T18:36:47.881321+09:00
20260914,21,芦屋,4,20260914-21-04,1,4384,鶴本崇文,41,大阪,54.0,A1,5.63,36.73,7.39,55.56,25,12.82,134,37.14,651 251264,9,https://www1.mbrace.or.jp/od2/B/202609/b260914.lzh,2026-10-03T18:36:47.881321+09:00
20260914,21,芦屋,4,20260914-21-04,2,4744,伊藤玲奈,33,福岡,46.0,B1,4.55,24.0,2.95,0.0,7,34.65,111,18.75,4 363 343,8,https://www1.mbrace.or.jp/od2/B/202609/b260914.lzh,2026-10-03T18:36:47.881321+09:00
20260914,21,芦屋,4,20260914-21-04,3,4408,仁科さや,40,長崎,48.0,B1,3.5,19.77,0.0,0.0,22,43.62,122,35.29,6 254 3241,11,https://www1.mbrace.or.jp/od2/B/202609/b260914.lzh,2026-10-03T18:36:47.881321+09:00
20260914,21,芦屋,4,20260914-21-04,4,4638,小林遼太,35,福岡,53.0,B1,5.38,36.56,4.55,27.27,55,37.78,170,35.92,2 142 5533,10,https://www1.mbrace.or.jp/od2/B/202609/b260914.lzh,2026-10-03T18:36:47.881321+09:00
20260914,21,芦屋,4,20260914-21-04,5,5261,岡暢祐,28,長崎,52.0,B1,4.36,21.43,2.69,7.69,60,41.11,157,36.84,326 646 1,8,https://www1.mbrace.or.jp/od2/B/202609/b260914.lzh,2026-10-03T18:36:47.881321+09:00
20260914,21,芦屋,4,20260914-21-04,6,5160,藤森陸斗,27,福岡,54.0,A2,5.84,42.24,5.09,29.79,6,25.51,156,37.5,5 1666153,9,https://www1.mbrace.or.jp/od2/B/202609/b260914.lzh,2026-10-03T18:36:47.881321+09:00
20260914,21,芦屋,5,20260914-21-05,1,4771,下寺秀和,33,広島,56.0,A1,7.19,54.63,5.75,40.63,29,38.14,168,35.56,1421152 16,11,https://www1.mbrace.or.jp/od2/B/202609/b260914.lzh,2026-10-03T18:36:47.881321+09:00
20260914,21,芦屋,5,20260914-21-05,2,4092,岡部大輔,45,佐賀,53.0,B1,4.81,27.5,5.18,38.46,33,41.0,144,54.9,3 525 4124,10,https://www1.mbrace.or.jp/od2/B/202609/b260914.lzh,2026-10-03T18:36:47.881321+09:00
20260914,21,芦屋,5,20260914-21-05,3,4389,伊藤喜智,40,大阪,52.0,A2,5.46,29.35,4.63,25.58,38,37.62,128,17.65,2 16335416,10,https://www1.mbrace.or.jp/od2/B/202609/b260914.lzh,2026-10-03T18:36:47.881321+09:00
20260914,21,芦屋,5,20260914-21-05,4,4652,酒見峻介,41,佐賀,52.0,B1,4.82,23.17,6.95,50.0,45,29.36,153,32.67,545 5 232,9,https://www1.mbrace.or.jp/od2/B/202609/b260914.lzh,2026-10-03T18:36:47.881321+09:00
20260914,21,芦屋,5,20260914-21-05,5,4853,前原哉,31,岡山,45.0,B1,4.41,18.48,3.39,5.56,51,30.93,130,23.08,334 2 653,9,https://www1.mbrace.or.jp/od2/B/202609/b260914.lzh,2026-10-03T18:36:47.881321+09:00
20260914,21,芦屋,5,20260914-21-05,6,4020,川上清人,46,香川,66.0,B1,3.93,23.46,3.4,10.0,53,34.02,148,24.76,354 565 6,,https://www1.mbrace.or.jp/od2/B/202609/b260914.lzh,2026-10-03T18:36:47.881321+09:00
20260914,21,芦屋,6,20260914-21-06,1,5208,屋良龍紀,28,長崎,51.0,B1,4.13,22.08,3.51,13.51,43,40.2,132,34.69,366 325 56,1,https://www1.mbrace.or.jp/od2/B/202609/b260914.lzh,2026-10-03T18:36:47.881321+09:00
20260914,21,芦屋,6,20260914-21-06,2,4443,津田裕絵,40,山口,51.0,B1,5.52,39.05,5.32,36.17,41,40.59,118,40.0,264 344 22,10,https://www1.mbrace.or.jp/od2/B/202609/b260914.lzh,2026-10-03T18:36:47.881321+09:00
20260914,21,芦屋,6,20260914-21-06,3,3357,福島陽子,57,岡山,49.0,B1,3.87,12.94,3.41,12.2,59,26.09,135,32.65,542 636 45,,https://www1.mbrace.or.jp/od2/B/202609/b260914.lzh,2026-10-03T18:36:47.881321+09:00
20260914,21,芦屋,6,20260914-21-06,4,4861,田中宏樹,38,福岡,53.0,A2,5.15,29.29,5.16,32.35,50,30.43,164,32.99,361 332414,11,https://www1.mbrace.or.jp/od2/B/202609/b260914.lzh,2026-10-03T18:36:47.881321+09:00
20260914,21,芦屋,6,20260914-21-06,5,3843,上之晃弘,50,長崎,54.0,B1,4.84,29.9,4.56,20.59,40,28.16,124,32.22,5 33543 1,2,https://www1.mbrace.or.jp/od2/B/202609/b260914.lzh,2026-10-03T18:36:47.881321+09:00
20260914,21,芦屋,6,20260914-21-06,6,5469,今泉博人,17,佐賀,55.0,B2,1.59,0.0,0.0,0.0,39,39.8,140,27.27,5 566 665,1,https://www1.mbrace.or.jp/od2/B/202609/b260914.lzh,2026-10-03T18:36:47.881321+09:00
20260914,21,芦屋,7,20260914-21-07,1,4840,鈴木秀茉,35,静岡,52.0,B1,4.82,28.16,3.61,16.67,57,38.95,167,31.96,444 426 55,2,https://www1.mbrace.or.jp/od2/B/202609/b260914.lzh,2026-10-03T18:36:47.881321+09:00
20260914,21,芦屋,7,20260914-21-07,2,4521,小池公生,39,福岡,51.0,B1,5.33,29.9,4.78,27.12,52,32.97,150,26.44,414 165345,11,https://www1.mbrace.or.jp/od2/B/202609/b260914.lzh,2026-10-03T18:36:47.881321+09:00
20260914,21,芦屋,7,20260914-21-07,3,3509,池千夏,54,香川,50.0,B1,3.3,7.14,2.86,13.64,18,25.93,143,37.25,4 45445 5,2,https://www1.mbrace.or.jp/od2/B/202609/b260914.lzh,2026-10-03T18:36:47.881321+09:00
20260914,21,芦屋,7,20260914-21-07,4,5383,中村楓,21,三重,53.0,B1,2.42,1.35,0.0,0.0,32,42.27,127,37.37,5 56656 3,1,https://www1.mbrace.or.jp/od2/B/202609/b260914.lzh,2026-10-03T18:36:47.881321+09:00
20260914,21,芦屋,7,20260914-21-07,5,5317,長尾萌加,25,岡山,45.0,B1,4.63,23.71,3.35,5.88,2,26.6,147,23.08,3 454 3264,1,https://www1.mbrace.or.jp/od2/B/202609/b260914.lzh,2026-10-03T18:36:47.881321+09:00
20260914,21,芦屋,7,20260914-21-07,6,5447,岡本亜子,24,岡山,50.0,B2,1.07,0.0,0.0,0.0,24,16.67,123,31.46,6 665 666,3,https://www1.mbrace.or.jp/od2/B/202609/b260914.lzh,2026-10-03T18:36:47.881321+09:00
20260914,21,芦屋,8,20260914-21-08,1,5143,常盤海心,25,徳島,54.0,B1,3.8,16.16,4.32,17.65,58,23.91,163,35.42,6 553 232,3,https://www1.mbrace.or.jp/od2/B/202609/b260914.lzh,2026-10-03T18:36:47.881321+09:00
20260914,21,芦屋,8,20260914-21-08,2,5261,岡暢祐,28,長崎,52.0,B1,4.36,21.43,2.69,7.69,60,41.11,157,36.84,326 646 1,4,https://www1.mbrace.or.jp/od2/B/202609/b260914.lzh,2026-10-03T18:36:47.881321+09:00
20260914,21,芦屋,8,20260914-21-08,3,4834,浜本裕己,38,大阪,51.0,A2,5.65,38.46,4.64,24.0,48,41.84,131,32.29,5 2414544,2,https://www1.mbrace.or.jp/od2/B/202609/b260914.lzh,2026-10-03T18:36:47.881321+09:00
20260914,21,芦屋,8,20260914-21-08,4,4744,伊藤玲奈,33,福岡,46.0,B1,4.55,24.0,2.95,0.0,7,34.65,111,18.75,4 363 343,4,https://www1.mbrace.or.jp/od2/B/202609/b260914.lzh,2026-10-03T18:36:47.881321+09:00
20260914,21,芦屋,8,20260914-21-08,5,5457,山田陽翔,20,長崎,51.0,B2,1.15,0.0,0.0,0.0,54,27.37,120,31.25,6 66566 5,2,https://www1.mbrace.or.jp/od2/B/202609/b260914.lzh,2026-10-03T18:36:47.881321+09:00
20260914,21,芦屋,8,20260914-21-08,6,3473,石川真二,56,福岡,53.0,A1,6.76,55.91,6.01,43.21,4,40.63,155,40.19,4F1 1 4 32,3,https://www1.mbrace.or.jp/od2/B/202609/b260914.lzh,2026-10-03T18:36:47.881321+09:00
20260914,21,芦屋,9,20260914-21-09,1,4652,酒見峻介,41,佐賀,52.0,B1,4.82,23.17,6.95,50.0,45,29.36,153,32.67,545 5 232,5,https://www1.mbrace.or.jp/od2/B/202609/b260914.lzh,2026-10-03T18:36:47.881321+09:00
20260914,21,芦屋,9,20260914-21-09,2,5160,藤森陸斗,27,福岡,54.0,A2,5.84,42.24,5.09,29.79,6,25.51,156,37.5,5 1666153,4,https://www1.mbrace.or.jp/od2/B/202609/b260914.lzh,2026-10-03T18:36:47.881321+09:00
20260914,21,芦屋,9,20260914-21-09,3,3998,冨成謙児,47,佐賀,51.0,B1,4.34,26.26,4.24,22.22,27,30.39,117,34.26,6 436 414,3,https://www1.mbrace.or.jp/od2/B/202609/b260914.lzh,2026-10-03T18:36:47.881321+09:00
20260914,21,芦屋,9,20260914-21-09,4,4966,田川大貴,28,長崎,55.0,B1,5.13,33.71,4.89,29.63,1,23.26,133,32.32,424 165 25,1,https://www1.mbrace.or.jp/od2/B/202609/b260914.lzh,2026-10-03T18:36:47.881321+09:00
20260914,21,芦屋,9,20260914-21-09,5,4384,鶴本崇文,41,大阪,54.0,A1,5.63,36.73,7.39,55.56,25,12.82,134,37.14,651 251264,4,https://www1.mbrace.or.jp/od2/B/202609/b260914.lzh,2026-10-03T18:36:47.881321+09:00
20260914,21,芦屋,9,20260914-21-09,6,4853,前原哉,31,岡山,45.0,B1,4.41,18.48,3.39,5.56,51,30.93,130,23.08,334 2 653,5,https://www1.mbrace.or.jp/od2/B/202609/b260914.lzh,2026-10-03T18:36:47.881321+09:00
20260914,21,芦屋,10,20260914-21-10,1,4437,中田元泰,40,香川,55.0,A2,5.92,43.22,6.81,52.38,16,22.94,115,28.13,521 254333,2,https://www1.mbrace.or.jp/od2/B/202609/b260914.lzh,2026-10-03T18:36:47.881321+09:00
20260914,21,芦屋,10,20260914-21-10,2,4638,小林遼太,35,福岡,53.0,B1,5.38,36.56,4.55,27.27,55,37.78,170,35.92,2 142 5533,4,https://www1.mbrace.or.jp/od2/B/202609/b260914.lzh,2026-10-03T18:36:47.881321+09:00
20260914,21,芦屋,10,20260914-21-10,3,4092,岡部大輔,45,佐賀,53.0,B1,4.81,27.5,5.18,38.46,33,41.0,144,54.9,3 525 4124,5,https://www1.mbrace.or.jp/od2/B/202609/b260914.lzh,2026-10-03T18:36:47.881321+09:00
20260914,21,芦屋,10,20260914-21-10,4,3837,秋山広一,51,香川,52.0,A2,6.38,44.64,7.25,57.14,10,40.0,141,27.0,11631 2335,1,https://www1.mbrace.or.jp/od2/B/202609/b260914.lzh,2026-10-03T18:36:47.881321+09:00
20260914,21,芦屋,10,20260914-21-10,5,4389,伊藤喜智,40,大阪,52.0,A2,5.46,29.35,4.63,25.58,38,37.62,128,17.65,2 16335416,5,https://www1.mbrace.or.jp/od2/B/202609/b260914.lzh,2026-10-03T18:36:47.881321+09:00
20260914,21,芦屋,10,20260914-21-10,6,4443,津田裕絵,40,山口,51.0,B1,5.52,39.05,5.32,36.17,41,40.59,118,40.0,264 344 22,6,https://www1.mbrace.or.jp/od2/B/202609/b260914.lzh,2026-10-03T18:36:47.881321+09:00
20260914,21,芦屋,11,20260914-21-11,1,4850,野中一平,31,愛知,54.0,A2,6.38,47.54,6.14,42.86,14,28.57,166,36.27,1523151 23,3,https://www1.mbrace.or.jp/od2/B/202609/b260914.lzh,2026-10-03T18:36:47.881321+09:00
20260914,21,芦屋,11,20260914-21-11,2,3541,三嶌誠司,58,香川,52.0,A2,6.27,43.69,7.82,68.18,42,25.0,139,29.41,1 55142314,3,https://www1.mbrace.or.jp/od2/B/202609/b260914.lzh,2026-10-03T18:36:47.881321+09:00
20260914,21,芦屋,11,20260914-21-11,3,4861,田中宏樹,38,福岡,53.0,A2,5.15,29.29,5.16,32.35,50,30.43,164,32.99,361 332414,6,https://www1.mbrace.or.jp/od2/B/202609/b260914.lzh,2026-10-03T18:36:47.881321+09:00
20260914,21,芦屋,11,20260914-21-11,4,4521,小池公生,39,福岡,51.0,B1,5.33,29.9,4.78,27.12,52,32.97,150,26.44,414 165345,7,https://www1.mbrace.or.jp/od2/B/202609/b260914.lzh,2026-10-03T18:36:47.881321+09:00
20260914,21,芦屋,11,20260914-21-11,5,4771,下寺秀和,33,広島,56.0,A1,7.19,54.63,5.75,40.63,29,38.14,168,35.56,1421152 16,5,https://www1.mbrace.or.jp/od2/B/202609/b260914.lzh,2026-10-03T18:36:47.881321+09:00
20260914,21,芦屋,11,20260914-21-11,6,4408,仁科さや,40,長崎,48.0,B1,3.5,19.77,0.0,0.0,22,43.62,122,35.29,6 254 3241,4,https://www1.mbrace.or.jp/od2/B/202609/b260914.lzh,2026-10-03T18:36:47.881321+09:00
20260914,21,芦屋,12,20260914-21-12,1,4812,西野雄貴,36,徳島,52.0,A1,7.69,63.51,7.63,65.71,5,32.95,142,25.93,121 211351,,https://www1.mbrace.or.jp/od2/B/202609/b260914.lzh,2026-10-03T18:36:47.881321+09:00
20260914,21,芦屋,12,20260914-21-12,2,4848,仲谷颯仁,32,福岡,53.0,A1,7.59,52.21,7.08,53.33,49,24.47,162,32.99,2122121 31,,https://www1.mbrace.or.jp/od2/B/202609/b260914.lzh,2026-10-03T18:36:47.881321+09:00
20260914,21,芦屋,12,20260914-21-12,3,4261,岡祐臣,42,三重,54.0,A2,6.0,42.48,5.95,52.63,3,45.45,154,34.69,21331 4611,,https://www1.mbrace.or.jp/od2/B/202609/b260914.lzh,2026-10-03T18:36:47.881321+09:00
20260914,21,芦屋,12,20260914-21-12,4,4330,奈須啓太,43,福岡,53.0,A2,5.98,41.23,6.36,48.28,23,28.87,116,32.0,12121 1522,,https://www1.mbrace.or.jp/od2/B/202609/b260914.lzh,2026-10-03T18:36:47.881321+09:00
20260914,21,芦屋,12,20260914-21-12,5,4137,君島秀三,46,滋賀,53.0,A1,6.61,48.03,6.97,60.53,15,28.85,119,26.44,13323 3112,,https://www1.mbrace.or.jp/od2/B/202609/b260914.lzh,2026-10-03T18:36:47.881321+09:00
20260914,21,芦屋,12,20260914-21-12,6,4793,金子萌,36,静岡,51.0,A2,6.41,48.57,5.68,42.11,20,22.77,113,44.23,4431521 42,,https://www1.mbrace.or.jp/od2/B/202609/b260914.lzh,2026-10-03T18:36:47.881321+09:00
20260914,20,若松,1,20260914-20-01,1,4462,夏山亮平,40,大阪,59.0,B1,4.66,28.36,5.82,41.18,4,35.39,52,22.73,641 623 56,,https://www1.mbrace.or.jp/od2/B/202609/b260914.lzh,2026-10-03T18:36:47.881321+09:00
20260914,20,若松,1,20260914-20-01,2,4873,蒲原健太,32,佐賀,53.0,B1,4.86,29.75,5.25,30.56,26,30.41,63,27.69,2 52152 44,9,https://www1.mbrace.or.jp/od2/B/202609/b260914.lzh,2026-10-03T18:36:47.881321+09:00
20260914,20,若松,1,20260914-20-01,3,3880,浅見宗孝,53,埼玉,55.0,B1,4.15,16.67,4.22,22.22,29,26.67,60,37.93,S 154 323,5,https://www1.mbrace.or.jp/od2/B/202609/b260914.lzh,2026-10-03T18:36:47.881321+09:00
20260914,20,若松,1,20260914-20-01,4,4273,佐藤旭,44,静岡,53.0,B1,4.96,28.42,5.98,40.0,44,33.86,28,18.75,552 2 2654,,https://www1.mbrace.or.jp/od2/B/202609/b260914.lzh,2026-10-03T18:36:47.881321+09:00
20260914,20,若松,1,20260914-20-01,5,4034,西原明生,47,香川,55.0,B1,4.04,22.22,5.11,36.11,13,31.46,55,33.87,4 66246 5,6,https://www1.mbrace.or.jp/od2/B/202609/b260914.lzh,2026-10-03T18:36:47.881321+09:00
20260914,20,若松,1,20260914-20-01,6,5468,山口隼人,19,福岡,53.0,B2,1.32,0.0,0.0,0.0,43,34.59,40,20.34,656 6 666,7,https://www1.mbrace.or.jp/od2/B/202609/b260914.lzh,2026-10-03T18:36:47.881321+09:00
20260914,20,若松,2,20260914-20-02,1,5033,藤原孝斗,28,愛知,57.0,B1,4.4,26.39,4.0,0.0,28,31.95,21,36.84,345 326 66,,https://www1.mbrace.or.jp/od2/B/202609/b260914.lzh,2026-10-03T18:36:47.881321+09:00
20260914,20,若松,2,20260914-20-02,2,4396,大田直弥,40,山口,53.0,B1,4.79,25.51,5.02,25.86,38,33.52,44,37.93,344 S 543,7,https://www1.mbrace.or.jp/od2/B/202609/b260914.lzh,2026-10-03T18:36:47.881321+09:00
20260914,20,若松,2,20260914-20-02,3,4085,荻野裕介,46,東京,53.0,B1,5.33,37.5,3.92,15.38,27,26.16,73,28.57,4 334 1425,10,https://www1.mbrace.or.jp/od2/B/202609/b260914.lzh,2026-10-03T18:36:47.881321+09:00
20260914,20,若松,2,20260914-20-02,4,4891,寺島美里,36,東京,46.0,B1,5.11,30.56,6.5,50.0,59,30.36,16,35.48,5 16134224,11,https://www1.mbrace.or.jp/od2/B/202609/b260914.lzh,2026-10-03T18:36:47.881321+09:00
20260914,20,若松,2,20260914-20-02,5,3833,中辻博訓,52,福井,55.0,A2,6.4,50.47,5.94,40.0,34,38.14,51,35.94,1 34342123,9,https://www1.mbrace.or.jp/od2/B/202609/b260914.lzh,2026-10-03T18:36:47.881321+09:00
20260914,20,若松,2,20260914-20-02,6,4043,桐本康臣,47,三重,55.0,A2,5.89,40.35,7.11,50.0,22,36.31,29,24.59,35S61 3 25,,https://www1.mbrace.or.jp/od2/B/202609/b260914.lzh,2026-10-03T18:36:47.881321+09:00
20260914,20,若松,3,20260914-20-03,1,5316,村松将平,25,静岡,52.0,B1,5.2,32.89,0.0,0.0,18,32.16,68,35.48,162 44445,,https://www1.mbrace.or.jp/od2/B/202609/b260914.lzh,2026-10-03T18:36:47.881321+09:00
20260914,20,若松,3,20260914-20-03,2,4484,稲生夏季,36,東京,49.0,B1,4.72,21.05,6.2,40.0,58,34.48,45,34.62,6 64132323,11,https://www1.mbrace.or.jp/od2/B/202609/b260914.lzh,2026-10-03T18:36:47.881321+09:00
20260914,20,若松,3,20260914-20-03,3,4014,片岡恵里,46,山口,48.0,A2,5.6,38.3,5.1,25.0,11,25.99,24,31.25,4 43313416,9,https://www1.mbrace.or.jp/od2/B/202609/b260914.lzh,2026-10-03T18:36:47.881321+09:00
20260914,20,若松,3,20260914-20-03,4,4518,大須賀友,39,愛知,52.0,A1,6.4,48.61,5.5,33.33,16,29.48,46,29.51,2431216 31,9,https://www1.mbrace.or.jp/od2/B/202609/b260914.lzh,2026-10-03T18:36:47.881321+09:00
20260914,20,若松,3,20260914-20-03,5,3362,間嶋仁志,57,三重,53.0,B1,5.1,33.67,6.27,42.31,53,31.61,69,26.15,5 255 145,,https://www1.mbrace.or.jp/od2/B/202609/b260914.lzh,2026-10-03T18:36:47.881321+09:00
20260914,20,若松,3,20260914-20-03,6,4373,若狭奈美,38,岡山,46.0,A1,6.25,41.18,6.21,42.11,50,33.15,27,35.82,3 41351115,10,https://www1.mbrace.or.jp/od2/B/202609/b260914.lzh,2026-10-03T18:36:47.881321+09:00
20260914,20,若松,4,20260914-20-04,1,4076,杉田篤光,48,静岡,52.0,B1,4.78,25.0,4.65,23.53,62,24.68,32,32.35,264 324 5,12,https://www1.mbrace.or.jp/od2/B/202609/b260914.lzh,2026-10-03T18:36:47.881321+09:00
20260914,20,若松,4,20260914-20-04,2,3539,金子順一,58,山口,52.0,B1,4.53,22.68,4.94,38.89,10,24.16,14,20.37,635 542 5,8,https://www1.mbrace.or.jp/od2/B/202609/b260914.lzh,2026-10-03T18:36:47.881321+09:00
20260914,20,若松,4,20260914-20-04,3,5263,花田凱成,27,福岡,51.0,B1,3.87,13.95,3.18,4.55,9,31.91,22,23.33,3 366 656,12,https://www1.mbrace.or.jp/od2/B/202609/b260914.lzh,2026-10-03T18:36:47.881321+09:00
20260914,20,若松,4,20260914-20-04,4,3737,上平真二,52,広島,52.0,A1,6.97,49.44,7.0,42.86,54,29.94,64,33.96,135 212551,9,https://www1.mbrace.or.jp/od2/B/202609/b260914.lzh,2026-10-03T18:36:47.881321+09:00
20260914,20,若松,4,20260914-20-04,5,4600,井内将太,41,広島,52.0,A1,6.31,47.44,6.17,38.89,25,38.46,58,21.88,162 135162,10,https://www1.mbrace.or.jp/od2/B/202609/b260914.lzh,2026-10-03T18:36:47.881321+09:00
20260914,20,若松,4,20260914-20-04,6,4424,松尾昂明,41,福岡,50.0,A2,5.44,34.21,6.09,41.46,15,33.71,11,29.41,33434 1213,10,https://www1.mbrace.or.jp/od2/B/202609/b260914.lzh,2026-10-03T18:36:47.881321+09:00
20260914,20,若松,5,20260914-20-05,1,3388,今垣光太,56,福井,53.0,A1,6.51,45.68,5.19,23.81,1,26.74,31,36.36,113 531633,9,https://www1.mbrace.or.jp/od2/B/202609/b260914.lzh,2026-10-03T18:36:47.881321+09:00
20260914,20,若松,5,20260914-20-05,2,3999,大瀧明日,47,愛知,45.0,A2,6.33,49.12,5.52,44.44,33,29.84,59,22.64,24521 2534,11,https://www1.mbrace.or.jp/od2/B/202609/b260914.lzh,2026-10-03T18:36:47.881321+09:00
20260914,20,若松,5,20260914-20-05,3,5014,梶山涼斗,28,佐賀,54.0,B1,4.34,27.12,4.92,26.32,57,30.06,57,36.51,466 253 63,,https://www1.mbrace.or.jp/od2/B/202609/b260914.lzh,2026-10-03T18:36:47.881321+09:00
20260914,20,若松,5,20260914-20-05,4,4816,村松修二,35,広島,55.0,A2,5.64,38.46,6.23,45.45,7,28.81,33,26.42,222 663216,,https://www1.mbrace.or.jp/od2/B/202609/b260914.lzh,2026-10-03T18:36:47.881321+09:00
20260914,20,若松,5,20260914-20-05,5,3880,浅見宗孝,53,埼玉,55.0,B1,4.15,16.67,4.22,22.22,29,26.67,60,37.93,S 154 323,1,https://www1.mbrace.or.jp/od2/B/202609/b260914.lzh,2026-10-03T18:36:47.881321+09:00
20260914,20,若松,5,20260914-20-05,6,5429,吉川颯汰,23,佐賀,55.0,B2,1.12,0.0,0.0,0.0,8,29.73,50,26.32,6 656 654,,https://www1.mbrace.or.jp/od2/B/202609/b260914.lzh,2026-10-03T18:36:47.881321+09:00
20260914,20,若松,6,20260914-20-06,1,4209,藤田竜弘,43,静岡,56.0,A2,6.16,39.18,5.22,31.11,41,34.04,12,32.76,231 342 42,10,https://www1.mbrace.or.jp/od2/B/202609/b260914.lzh,2026-10-03T18:36:47.881321+09:00
20260914,20,若松,6,20260914-20-06,2,4204,柴田大輔,44,福岡,53.0,B1,5.06,29.49,5.19,31.48,12,33.51,18,15.79,2 25365 1,12,https://www1.mbrace.or.jp/od2/B/202609/b260914.lzh,2026-10-03T18:36:47.881321+09:00
20260914,20,若松,6,20260914-20-06,3,4034,西原明生,47,香川,55.0,B1,4.04,22.22,5.11,36.11,13,31.46,55,33.87,4 66246 5,1,https://www1.mbrace.or.jp/od2/B/202609/b260914.lzh,2026-10-03T18:36:47.881321+09:00
20260914,20,若松,6,20260914-20-06,4,4357,田中和也,42,大阪,53.0,A1,6.53,50.43,7.35,61.54,61,34.41,65,20.69,12114 1131,11,https://www1.mbrace.or.jp/od2/B/202609/b260914.lzh,2026-10-03T18:36:47.881321+09:00
20260914,20,若松,6,20260914-20-06,5,4296,岡崎恭裕,39,福岡,51.0,A2,6.37,44.07,6.76,53.75,45,35.29,15,40.98,15211 1341,10,https://www1.mbrace.or.jp/od2/B/202609/b260914.lzh,2026-10-03T18:36:47.881321+09:00
20260914,20,若松,6,20260914-20-06,6,5373,諏訪玲奈,23,岡山,45.0,B2,3.09,5.8,0.0,0.0,37,28.81,25,39.71,5 53S54 4,,https://www1.mbrace.or.jp/od2/B/202609/b260914.lzh,2026-10-03T18:36:47.881321+09:00
20260914,20,若松,7,20260914-20-07,1,4529,嶋義信,37,香川,55.0,A1,5.51,36.05,5.47,32.35,30,30.11,38,31.34,5133123 52,11,https://www1.mbrace.or.jp/od2/B/202609/b260914.lzh,2026-10-03T18:36:47.881321+09:00
20260914,20,若松,7,20260914-20-07,2,5248,本田愛,24,静岡,47.0,B1,5.42,37.36,3.94,22.58,36,31.11,49,24.0,6 646 461,,https://www1.mbrace.or.jp/od2/B/202609/b260914.lzh,2026-10-03T18:36:47.881321+09:00
20260914,20,若松,7,20260914-20-07,3,4396,大田直弥,40,山口,53.0,B1,4.79,25.51,5.02,25.86,38,33.52,44,37.93,344 S 543,2,https://www1.mbrace.or.jp/od2/B/202609/b260914.lzh,2026-10-03T18:36:47.881321+09:00
20260914,20,若松,7,20260914-20-07,4,3175,渡辺千草,62,東京,49.0,B1,4.51,23.46,0.0,0.0,55,20.65,56,23.44,2 25553 3,12,https://www1.mbrace.or.jp/od2/B/202609/b260914.lzh,2026-10-03T18:36:47.881321+09:00
20260914,20,若松,7,20260914-20-07,5,5468,山口隼人,19,福岡,53.0,B2,1.32,0.0,0.0,0.0,43,34.59,40,20.34,656 6 666,1,https://www1.mbrace.or.jp/od2/B/202609/b260914.lzh,2026-10-03T18:36:47.881321+09:00
20260914,20,若松,7,20260914-20-07,6,4551,三川昂暁,37,福岡,54.0,A2,5.63,38.6,4.97,23.33,3,32.22,42,33.33,3 12531322,11,https://www1.mbrace.or.jp/od2/B/202609/b260914.lzh,2026-10-03T18:36:47.881321+09:00
20260914,20,若松,8,20260914-20-08,1,5085,中村栄治,27,福井,53.0,A2,5.17,33.33,5.75,25.0,31,33.33,20,29.51,512 455 41,12,https://www1.mbrace.or.jp/od2/B/202609/b260914.lzh,2026-10-03T18:36:47.881321+09:00
20260914,20,若松,8,20260914-20-08,2,4230,濱崎直矢,43,埼玉,55.0,A2,6.2,47.37,5.68,45.45,32,35.98,74,29.41,42451 3622,12,https://www1.mbrace.or.jp/od2/B/202609/b260914.lzh,2026-10-03T18:36:47.881321+09:00
20260914,20,若松,8,20260914-20-08,3,5219,森口和紀,25,福岡,52.0,B1,5.27,37.63,5.47,35.29,60,32.2,36,38.46,12412 4514,,https://www1.mbrace.or.jp/od2/B/202609/b260914.lzh,2026-10-03T18:36:47.881321+09:00
20260914,20,若松,8,20260914-20-08,4,4094,中島真二,45,福岡,53.0,B1,4.73,27.71,4.76,24.49,56,20.89,35,27.12,146 6 556,,https://www1.mbrace.or.jp/od2/B/202609/b260914.lzh,2026-10-03T18:36:47.881321+09:00
20260914,20,若松,8,20260914-20-08,5,3539,金子順一,58,山口,52.0,B1,4.53,22.68,4.94,38.89,10,24.16,14,20.37,635 542 5,4,https://www1.mbrace.or.jp/od2/B/202609/b260914.lzh,2026-10-03T18:36:47.881321+09:00
20260914,20,若松,8,20260914-20-08,6,5382,山下心一,21,福岡,51.0,B1,1.9,1.15,2.07,3.45,23,40.11,61,32.35,554 4 646,,https://www1.mbrace.or.jp/od2/B/202609/b260914.lzh,2026-10-03T18:36:47.881321+09:00
20260914,20,若松,9,20260914-20-09,1,3737,上平真二,52,広島,52.0,A1,6.97,49.44,7.0,42.86,54,29.94,64,33.96,135 212551,4,https://www1.mbrace.or.jp/od2/B/202609/b260914.lzh,2026-10-03T18:36:47.881321+09:00
20260914,20,若松,9,20260914-20-09,2,4518,大須賀友,39,愛知,52.0,A1,6.4,48.61,5.5,33.33,16,29.48,46,29.51,2431216 31,3,https://www1.mbrace.or.jp/od2/B/202609/b260914.lzh,2026-10-03T18:36:47.881321+09:00
20260914,20,若松,9,20260914-20-09,3,3833,中辻博訓,52,福井,55.0,A2,6.4,50.47,5.94,40.0,34,38.14,51,35.94,1 34342123,2,https://www1.mbrace.or.jp/od2/B/202609/b260914.lzh,2026-10-03T18:36:47.881321+09:00
20260914,20,若松,9,20260914-20-09,4,3388,今垣光太,56,福井,53.0,A1,6.51,45.68,5.19,23.81,1,26.74,31,36.36,113 531633,5,https://www1.mbrace.or.jp/od2/B/202609/b260914.lzh,2026-10-03T18:36:47.881321+09:00
20260914,20,若松,9,20260914-20-09,5,4873,蒲原健太,32,佐賀,53.0,B1,4.86,29.75,5.25,30.56,26,30.41,63,27.69,2 52152 44,1,https://www1.mbrace.or.jp/od2/B/202609/b260914.lzh,2026-10-03T18:36:47.881321+09:00
20260914,20,若松,9,20260914-20-09,6,4014,片岡恵里,46,山口,48.0,A2,5.6,38.3,5.1,25.0,11,25.99,24,31.25,4 43313416,3,https://www1.mbrace.or.jp/od2/B/202609/b260914.lzh,2026-10-03T18:36:47.881321+09:00
20260914,20,若松,10,20260914-20-10,1,4296,岡崎恭裕,39,福岡,51.0,A2,6.37,44.07,6.76,53.75,45,35.29,15,40.98,15211 1341,6,https://www1.mbrace.or.jp/od2/B/202609/b260914.lzh,2026-10-03T18:36:47.881321+09:00
20260914,20,若松,10,20260914-20-10,2,4600,井内将太,41,広島,52.0,A1,6.31,47.44,6.17,38.89,25,38.46,58,21.88,162 135162,4,https://www1.mbrace.or.jp/od2/B/202609/b260914.lzh,2026-10-03T18:36:47.881321+09:00
20260914,20,若松,10,20260914-20-10,3,4209,藤田竜弘,43,静岡,56.0,A2,6.16,39.18,5.22,31.11,41,34.04,12,32.76,231 342 42,6,https://www1.mbrace.or.jp/od2/B/202609/b260914.lzh,2026-10-03T18:36:47.881321+09:00
20260914,20,若松,10,20260914-20-10,4,4424,松尾昂明,41,福岡,50.0,A2,5.44,34.21,6.09,41.46,15,33.71,11,29.41,33434 1213,4,https://www1.mbrace.or.jp/od2/B/202609/b260914.lzh,2026-10-03T18:36:47.881321+09:00
20260914,20,若松,10,20260914-20-10,5,4373,若狭奈美,38,岡山,46.0,A1,6.25,41.18,6.21,42.11,50,33.15,27,35.82,3 41351115,3,https://www1.mbrace.or.jp/od2/B/202609/b260914.lzh,2026-10-03T18:36:47.881321+09:00
20260914,20,若松,10,20260914-20-10,6,4085,荻野裕介,46,東京,53.0,B1,5.33,37.5,3.92,15.38,27,26.16,73,28.57,4 334 1425,2,https://www1.mbrace.or.jp/od2/B/202609/b260914.lzh,2026-10-03T18:36:47.881321+09:00
20260914,20,若松,11,20260914-20-11,1,4357,田中和也,42,大阪,53.0,A1,6.53,50.43,7.35,61.54,61,34.41,65,20.69,12114 1131,6,https://www1.mbrace.or.jp/od2/B/202609/b260914.lzh,2026-10-03T18:36:47.881321+09:00
20260914,20,若松,11,20260914-20-11,2,4551,三川昂暁,37,福岡,54.0,A2,5.63,38.6,4.97,23.33,3,32.22,42,33.33,3 12531322,7,https://www1.mbrace.or.jp/od2/B/202609/b260914.lzh,2026-10-03T18:36:47.881321+09:00
20260914,20,若松,11,20260914-20-11,3,4529,嶋義信,37,香川,55.0,A1,5.51,36.05,5.47,32.35,30,30.11,38,31.34,5133123 52,7,https://www1.mbrace.or.jp/od2/B/202609/b260914.lzh,2026-10-03T18:36:47.881321+09:00
20260914,20,若松,11,20260914-20-11,4,4484,稲生夏季,36,東京,49.0,B1,4.72,21.05,6.2,40.0,58,34.48,45,34.62,6 64132323,3,https://www1.mbrace.or.jp/od2/B/202609/b260914.lzh,2026-10-03T18:36:47.881321+09:00
20260914,20,若松,11,20260914-20-11,5,3999,大瀧明日,47,愛知,45.0,A2,6.33,49.12,5.52,44.44,33,29.84,59,22.64,24521 2534,5,https://www1.mbrace.or.jp/od2/B/202609/b260914.lzh,2026-10-03T18:36:47.881321+09:00
20260914,20,若松,11,20260914-20-11,6,4891,寺島美里,36,東京,46.0,B1,5.11,30.56,6.5,50.0,59,30.36,16,35.48,5 16134224,2,https://www1.mbrace.or.jp/od2/B/202609/b260914.lzh,2026-10-03T18:36:47.881321+09:00
20260914,20,若松,12,20260914-20-12,1,4230,濱崎直矢,43,埼玉,55.0,A2,6.2,47.37,5.68,45.45,32,35.98,74,29.41,42451 3622,8,https://www1.mbrace.or.jp/od2/B/202609/b260914.lzh,2026-10-03T18:36:47.881321+09:00
20260914,20,若松,12,20260914-20-12,2,3175,渡辺千草,62,東京,49.0,B1,4.51,23.46,0.0,0.0,55,20.65,56,23.44,2 25553 3,7,https://www1.mbrace.or.jp/od2/B/202609/b260914.lzh,2026-10-03T18:36:47.881321+09:00
20260914,20,若松,12,20260914-20-12,3,5085,中村栄治,27,福井,53.0,A2,5.17,33.33,5.75,25.0,31,33.33,20,29.51,512 455 41,8,https://www1.mbrace.or.jp/od2/B/202609/b260914.lzh,2026-10-03T18:36:47.881321+09:00
20260914,20,若松,12,20260914-20-12,4,4076,杉田篤光,48,静岡,52.0,B1,4.78,25.0,4.65,23.53,62,24.68,32,32.35,264 324 5,4,https://www1.mbrace.or.jp/od2/B/202609/b260914.lzh,2026-10-03T18:36:47.881321+09:00
20260914,20,若松,12,20260914-20-12,5,4204,柴田大輔,44,福岡,53.0,B1,5.06,29.49,5.19,31.48,12,33.51,18,15.79,2 25365 1,6,https://www1.mbrace.or.jp/od2/B/202609/b260914.lzh,2026-10-03T18:36:47.881321+09:00
20260914,20,若松,12,20260914-20-12,6,5263,花田凱成,27,福岡,51.0,B1,3.87,13.95,3.18,4.55,9,31.91,22,23.33,3 366 656,4,https://www1.mbrace.or.jp/od2/B/202609/b260914.lzh,2026-10-03T18:36:47.881321+09:00
20260914,19,下関,1,20260914-19-01,1,3212,亀本勇樹,64,広島,59.0,B1,4.59,23.86,3.76,17.07,64,22.35,50,34.57,5,8,https://www1.mbrace.or.jp/od2/B/202609/b260914.lzh,2026-10-03T18:36:47.881321+09:00
20260914,19,下関,1,20260914-19-01,2,3616,中村真,53,福岡,55.0,B1,4.8,25.76,5.59,45.95,28,32.14,56,49.4,2,10,https://www1.mbrace.or.jp/od2/B/202609/b260914.lzh,2026-10-03T18:36:47.881321+09:00
20260914,19,下関,1,20260914-19-01,3,5013,山下夏鈴,29,三重,47.0,B1,5.48,36.47,5.26,37.04,56,39.02,52,22.89,43,,https://www1.mbrace.or.jp/od2/B/202609/b260914.lzh,2026-10-03T18:36:47.881321+09:00
20260914,19,下関,1,20260914-19-01,4,5355,萩原丈太,21,福井,56.0,B1,2.48,7.46,2.0,0.0,16,32.94,42,35.63,5,7,https://www1.mbrace.or.jp/od2/B/202609/b260914.lzh,2026-10-03T18:36:47.881321+09:00
20260914,19,下関,1,20260914-19-01,5,3070,山室展弘,65,岡山,53.0,B1,5.46,42.31,5.32,34.21,67,44.44,35,31.33,1,6,https://www1.mbrace.or.jp/od2/B/202609/b260914.lzh,2026-10-03T18:36:47.881321+09:00
20260914,19,下関,1,20260914-19-01,6,3882,新田智彰,53,大阪,56.0,B1,4.23,16.28,5.54,38.46,23,20.0,65,41.98,14,11,https://www1.mbrace.or.jp/od2/B/202609/b260914.lzh,2026-10-03T18:36:47.881321+09:00
20260914,19,下関,2,20260914-19-02,1,4113,木村浩士,46,群馬,56.0,B1,4.56,23.0,4.58,29.17,19,30.77,48,23.17,44,,https://www1.mbrace.or.jp/od2/B/202609/b260914.lzh,2026-10-03T18:36:47.881321+09:00
20260914,19,下関,2,20260914-19-02,2,3741,松尾基成,52,福岡,56.0,B1,3.61,18.57,2.48,8.7,26,17.57,33,33.72,3,6,https://www1.mbrace.or.jp/od2/B/202609/b260914.lzh,2026-10-03T18:36:47.881321+09:00
20260914,19,下関,2,20260914-19-02,3,5227,川原愛未,24,福岡,51.0,B2,3.47,15.63,2.29,8.33,59,35.0,23,42.86,5,8,https://www1.mbrace.or.jp/od2/B/202609/b260914.lzh,2026-10-03T18:36:47.881321+09:00
20260914,19,下関,2,20260914-19-02,4,5412,久保田凪,20,佐賀,44.0,B2,1.75,2.67,1.2,0.0,45,24.69,47,30.49,5,7,https://www1.mbrace.or.jp/od2/B/202609/b260914.lzh,2026-10-03T18:36:47.881321+09:00
20260914,19,下関,2,20260914-19-02,5,5216,長谷川晴,26,群馬,54.0,A1,5.99,39.85,6.32,39.29,49,34.83,26,28.74,25,10,https://www1.mbrace.or.jp/od2/B/202609/b260914.lzh,2026-10-03T18:36:47.881321+09:00
20260914,19,下関,2,20260914-19-02,6,3361,岡部浩,57,徳島,52.0,B1,4.23,24.32,3.44,16.0,68,31.46,64,39.53,5,9,https://www1.mbrace.or.jp/od2/B/202609/b260914.lzh,2026-10-03T18:36:47.881321+09:00
20260914,19,下関,3,20260914-19-03,1,3912,川原正明,52,福井,51.0,B1,5.94,43.33,5.06,35.29,50,34.15,15,29.07,16,9,https://www1.mbrace.or.jp/od2/B/202609/b260914.lzh,2026-10-03T18:36:47.881321+09:00
20260914,19,下関,3,20260914-19-03,2,4226,村田浩司,44,山口,52.0,B1,4.09,19.35,4.04,28.57,48,38.82,73,34.52,21,,https://www1.mbrace.or.jp/od2/B/202609/b260914.lzh,2026-10-03T18:36:47.881321+09:00
20260914,19,下関,3,20260914-19-03,3,3898,平田忠則,49,福岡,53.0,A1,7.61,64.34,6.31,38.89,58,23.19,68,37.65,21,11,https://www1.mbrace.or.jp/od2/B/202609/b260914.lzh,2026-10-03T18:36:47.881321+09:00
20260914,19,下関,3,20260914-19-03,4,4700,金子和之,39,埼玉,53.0,A2,6.02,39.29,7.14,42.86,43,38.37,60,37.8,42,10,https://www1.mbrace.or.jp/od2/B/202609/b260914.lzh,2026-10-03T18:36:47.881321+09:00
20260914,19,下関,3,20260914-19-03,5,5409,宮本琉正,21,福岡,57.0,B2,2.72,8.77,1.7,0.0,60,22.35,57,35.71,6,7,https://www1.mbrace.or.jp/od2/B/202609/b260914.lzh,2026-10-03T18:36:47.881321+09:00
20260914,19,下関,3,20260914-19-03,6,5111,三村岳人,26,岡山,52.0,A2,5.98,46.07,6.59,54.55,51,26.14,70,28.57,1,12,https://www1.mbrace.or.jp/od2/B/202609/b260914.lzh,2026-10-03T18:36:47.881321+09:00
20260914,19,下関,4,20260914-19-04,1,4300,加藤綾,43,三重,51.0,B1,5.24,36.63,4.66,27.59,52,38.16,69,44.19,42,,https://www1.mbrace.or.jp/od2/B/202609/b260914.lzh,2026-10-03T18:36:47.881321+09:00
20260914,19,下関,4,20260914-19-04,2,4099,吉永則雄,47,大阪,53.0,A2,5.67,40.0,6.16,36.84,41,22.22,13,26.51,25,12,https://www1.mbrace.or.jp/od2/B/202609/b260914.lzh,2026-10-03T18:36:47.881321+09:00
20260914,19,下関,4,20260914-19-04,3,4548,篠木亜衣,38,三重,50.0,B1,3.05,10.53,0.0,0.0,35,27.38,16,23.46,6,10,https://www1.mbrace.or.jp/od2/B/202609/b260914.lzh,2026-10-03T18:36:47.881321+09:00
20260914,19,下関,4,20260914-19-04,4,4761,山田晃大,36,滋賀,53.0,A2,5.73,35.96,6.03,37.93,22,22.62,55,39.08,46,,https://www1.mbrace.or.jp/od2/B/202609/b260914.lzh,2026-10-03T18:36:47.881321+09:00
20260914,19,下関,4,20260914-19-04,5,3455,谷本幸司,55,愛知,51.0,B1,4.68,27.93,4.86,42.86,38,39.08,18,20.24,14,8,https://www1.mbrace.or.jp/od2/B/202609/b260914.lzh,2026-10-03T18:36:47.881321+09:00
20260914,19,下関,4,20260914-19-04,6,5217,藤原碧生,26,岡山,52.0,A1,5.61,31.58,7.38,62.07,61,27.38,45,44.83,32,11,https://www1.mbrace.or.jp/od2/B/202609/b260914.lzh,2026-10-03T18:36:47.881321+09:00
20260914,19,下関,5,20260914-19-05,1,4292,麻生慎介,41,広島,53.0,A1,6.54,45.0,5.32,20.0,13,29.73,59,32.53,34,10,https://www1.mbrace.or.jp/od2/B/202609/b260914.lzh,2026-10-03T18:36:47.881321+09:00
20260914,19,下関,5,20260914-19-05,2,4900,中田夕貴,33,埼玉,46.0,B1,5.1,31.91,5.45,40.0,72,26.97,38,31.76,56,11,https://www1.mbrace.or.jp/od2/B/202609/b260914.lzh,2026-10-03T18:36:47.881321+09:00
20260914,19,下関,5,20260914-19-05,3,4054,福嶋智之,48,岡山,53.0,B1,4.8,27.78,4.55,33.33,73,27.59,20,26.25,55,,https://www1.mbrace.or.jp/od2/B/202609/b260914.lzh,2026-10-03T18:36:47.881321+09:00
20260914,19,下関,5,20260914-19-05,4,5281,井上遥妃,23,徳島,46.0,A1,5.75,42.31,7.2,70.0,44,26.44,28,41.46,1,12,https://www1.mbrace.or.jp/od2/B/202609/b260914.lzh,2026-10-03T18:36:47.881321+09:00
20260914,19,下関,5,20260914-19-05,5,5451,知念伶奈,21,佐賀,47.0,B2,1.3,3.33,0.0,0.0,65,34.09,22,34.12,6,9,https://www1.mbrace.or.jp/od2/B/202609/b260914.lzh,2026-10-03T18:36:47.881321+09:00
20260914,19,下関,5,20260914-19-05,6,3742,宮地秀祈,52,福岡,52.0,B1,5.54,36.47,4.81,23.08,33,31.46,11,34.88,43,,https://www1.mbrace.or.jp/od2/B/202609/b260914.lzh,2026-10-03T18:36:47.881321+09:00
20260914,19,下関,6,20260914-19-06,1,3070,山室展弘,65,岡山,53.0,B1,5.46,42.31,5.32,34.21,67,44.44,35,31.33,1,1,https://www1.mbrace.or.jp/od2/B/202609/b260914.lzh,2026-10-03T18:36:47.881321+09:00
20260914,19,下関,6,20260914-19-06,2,4994,山本梨菜,28,佐賀,48.0,A2,6.35,47.24,5.57,37.25,55,34.88,21,40.0,4,11,https://www1.mbrace.or.jp/od2/B/202609/b260914.lzh,2026-10-03T18:36:47.881321+09:00
20260914,19,下関,6,20260914-19-06,3,4339,平瀬城啓,42,福井,53.0,B1,3.98,15.29,4.8,20.0,34,26.14,44,27.5,35,,https://www1.mbrace.or.jp/od2/B/202609/b260914.lzh,2026-10-03T18:36:47.881321+09:00
20260914,19,下関,6,20260914-19-06,4,4276,鈴木勝博,43,愛知,53.0,A2,5.98,44.44,6.04,50.0,15,31.4,41,39.02,1,10,https://www1.mbrace.or.jp/od2/B/202609/b260914.lzh,2026-10-03T18:36:47.881321+09:00
20260914,19,下関,6,20260914-19-06,5,5212,西川拓利,27,福岡,54.0,A2,6.37,47.83,5.48,32.26,24,38.2,37,26.51,24,12,https://www1.mbrace.or.jp/od2/B/202609/b260914.lzh,2026-10-03T18:36:47.881321+09:00
20260914,19,下関,6,20260914-19-06,6,3741,松尾基成,52,福岡,56.0,B1,3.61,18.57,2.48,8.7,26,17.57,33,33.72,3,2,https://www1.mbrace.or.jp/od2/B/202609/b260914.lzh,2026-10-03T18:36:47.881321+09:00
20260914,19,下関,7,20260914-19-07,1,5210,藤井公人,28,福岡,56.0,A2,5.56,37.5,4.97,32.43,32,25.84,17,34.88,6,11,https://www1.mbrace.or.jp/od2/B/202609/b260914.lzh,2026-10-03T18:36:47.881321+09:00
20260914,19,下関,7,20260914-19-07,2,3606,川北浩貴,54,滋賀,52.0,B1,5.63,38.61,6.82,45.45,66,24.69,54,33.73,21,,https://www1.mbrace.or.jp/od2/B/202609/b260914.lzh,2026-10-03T18:36:47.881321+09:00
20260914,19,下関,7,20260914-19-07,3,5355,萩原丈太,21,福井,56.0,B1,2.48,7.46,2.0,0.0,16,32.94,42,35.63,5,1,https://www1.mbrace.or.jp/od2/B/202609/b260914.lzh,2026-10-03T18:36:47.881321+09:00
20260914,19,下関,7,20260914-19-07,4,5409,宮本琉正,21,福岡,57.0,B2,2.72,8.77,1.7,0.0,60,22.35,57,35.71,6,3,https://www1.mbrace.or.jp/od2/B/202609/b260914.lzh,2026-10-03T18:36:47.881321+09:00
20260914,19,下関,7,20260914-19-07,5,5064,品川二千,28,山口,52.0,A1,6.69,51.33,5.63,37.3,25,29.35,53,33.73,23,12,https://www1.mbrace.or.jp/od2/B/202609/b260914.lzh,2026-10-03T18:36:47.881321+09:00
20260914,19,下関,7,20260914-19-07,6,5412,久保田凪,20,佐賀,44.0,B2,1.75,2.67,1.2,0.0,45,24.69,47,30.49,5,2,https://www1.mbrace.or.jp/od2/B/202609/b260914.lzh,2026-10-03T18:36:47.881321+09:00
20260914,19,下関,8,20260914-19-08,1,4383,竹田吉行,41,徳島,52.0,A2,5.34,35.05,5.05,35.9,11,37.8,46,27.91,63,,https://www1.mbrace.or.jp/od2/B/202609/b260914.lzh,2026-10-03T18:36:47.881321+09:00
20260914,19,下関,8,20260914-19-08,2,3455,谷本幸司,55,愛知,51.0,B1,4.68,27.93,4.86,42.86,38,39.08,18,20.24,14,4,https://www1.mbrace.or.jp/od2/B/202609/b260914.lzh,2026-10-03T18:36:47.881321+09:00
20260914,19,下関,8,20260914-19-08,3,4857,加藤翔馬,29,兵庫,57.0,A1,7.09,56.2,6.3,51.85,70,26.74,30,25.93,16,12,https://www1.mbrace.or.jp/od2/B/202609/b260914.lzh,2026-10-03T18:36:47.881321+09:00
20260914,19,下関,8,20260914-19-08,4,5227,川原愛未,24,福岡,51.0,B2,3.47,15.63,2.29,8.33,59,35.0,23,42.86,5,2,https://www1.mbrace.or.jp/od2/B/202609/b260914.lzh,2026-10-03T18:36:47.881321+09:00
20260914,19,下関,8,20260914-19-08,5,3212,亀本勇樹,64,広島,59.0,B1,4.59,23.86,3.76,17.07,64,22.35,50,34.57,5,1,https://www1.mbrace.or.jp/od2/B/202609/b260914.lzh,2026-10-03T18:36:47.881321+09:00
20260914,19,下関,8,20260914-19-08,6,3717,立間充宏,51,岡山,56.0,A2,5.47,32.95,5.69,37.5,29,27.59,67,38.1,61,,https://www1.mbrace.or.jp/od2/B/202609/b260914.lzh,2026-10-03T18:36:47.881321+09:00
20260914,19,下関,9,20260914-19-09,1,4159,向後龍一,45,埼玉,52.0,A2,6.63,50.0,5.29,28.57,54,24.14,24,29.27,62,,https://www1.mbrace.or.jp/od2/B/202609/b260914.lzh,2026-10-03T18:36:47.881321+09:00
20260914,19,下関,9,20260914-19-09,2,4015,前野竜一,46,山口,58.0,A2,5.79,34.75,0.0,0.0,31,42.53,32,27.38,33,,https://www1.mbrace.or.jp/od2/B/202609/b260914.lzh,2026-10-03T18:36:47.881321+09:00
20260914,19,下関,9,20260914-19-09,3,3361,岡部浩,57,徳島,52.0,B1,4.23,24.32,3.44,16.0,68,31.46,64,39.53,5,2,https://www1.mbrace.or.jp/od2/B/202609/b260914.lzh,2026-10-03T18:36:47.881321+09:00
20260914,19,下関,9,20260914-19-09,4,3912,川原正明,52,福井,51.0,B1,5.94,43.33,5.06,35.29,50,34.15,15,29.07,16,3,https://www1.mbrace.or.jp/od2/B/202609/b260914.lzh,2026-10-03T18:36:47.881321+09:00
20260914,19,下関,9,20260914-19-09,5,4978,山田和佐,32,広島,53.0,B1,5.0,27.0,4.33,11.11,27,40.23,31,36.47,33,,https://www1.mbrace.or.jp/od2/B/202609/b260914.lzh,2026-10-03T18:36:47.881321+09:00
20260914,19,下関,9,20260914-19-09,6,5451,知念伶奈,21,佐賀,47.0,B2,1.3,3.33,0.0,0.0,65,34.09,22,34.12,6,5,https://www1.mbrace.or.jp/od2/B/202609/b260914.lzh,2026-10-03T18:36:47.881321+09:00
20260914,19,下関,10,20260914-19-10,1,4276,鈴木勝博,43,愛知,53.0,A2,5.98,44.44,6.04,50.0,15,31.4,41,39.02,1,6,https://www1.mbrace.or.jp/od2/B/202609/b260914.lzh,2026-10-03T18:36:47.881321+09:00
20260914,19,下関,10,20260914-19-10,2,4292,麻生慎介,41,広島,53.0,A1,6.54,45.0,5.32,20.0,13,29.73,59,32.53,34,5,https://www1.mbrace.or.jp/od2/B/202609/b260914.lzh,2026-10-03T18:36:47.881321+09:00
20260914,19,下関,10,20260914-19-10,3,5216,長谷川晴,26,群馬,54.0,A1,5.99,39.85,6.32,39.29,49,34.83,26,28.74,25,2,https://www1.mbrace.or.jp/od2/B/202609/b260914.lzh,2026-10-03T18:36:47.881321+09:00
20260914,19,下関,10,20260914-19-10,4,4548,篠木亜衣,38,三重,50.0,B1,3.05,10.53,0.0,0.0,35,27.38,16,23.46,6,4,https://www1.mbrace.or.jp/od2/B/202609/b260914.lzh,2026-10-03T18:36:47.881321+09:00
20260914,19,下関,10,20260914-19-10,5,4700,金子和之,39,埼玉,53.0,A2,6.02,39.29,7.14,42.86,43,38.37,60,37.8,42,3,https://www1.mbrace.or.jp/od2/B/202609/b260914.lzh,2026-10-03T18:36:47.881321+09:00
20260914,19,下関,10,20260914-19-10,6,3616,中村真,53,福岡,55.0,B1,4.8,25.76,5.59,45.95,28,32.14,56,49.4,2,1,https://www1.mbrace.or.jp/od2/B/202609/b260914.lzh,2026-10-03T18:36:47.881321+09:00
20260914,19,下関,11,20260914-19-11,1,3898,平田忠則,49,福岡,53.0,A1,7.61,64.34,6.31,38.89,58,23.19,68,37.65,21,3,https://www1.mbrace.or.jp/od2/B/202609/b260914.lzh,2026-10-03T18:36:47.881321+09:00
20260914,19,下関,11,20260914-19-11,2,3882,新田智彰,53,大阪,56.0,B1,4.23,16.28,5.54,38.46,23,20.0,65,41.98,14,1,https://www1.mbrace.or.jp/od2/B/202609/b260914.lzh,2026-10-03T18:36:47.881321+09:00
20260914,19,下関,11,20260914-19-11,3,5217,藤原碧生,26,岡山,52.0,A1,5.61,31.58,7.38,62.07,61,27.38,45,44.83,32,4,https://www1.mbrace.or.jp/od2/B/202609/b260914.lzh,2026-10-03T18:36:47.881321+09:00
20260914,19,下関,11,20260914-19-11,4,4900,中田夕貴,33,埼玉,46.0,B1,5.1,31.91,5.45,40.0,72,26.97,38,31.76,56,5,https://www1.mbrace.or.jp/od2/B/202609/b260914.lzh,2026-10-03T18:36:47.881321+09:00
20260914,19,下関,11,20260914-19-11,5,4994,山本梨菜,28,佐賀,48.0,A2,6.35,47.24,5.57,37.25,55,34.88,21,40.0,4,6,https://www1.mbrace.or.jp/od2/B/202609/b260914.lzh,2026-10-03T18:36:47.881321+09:00
20260914,19,下関,11,20260914-19-11,6,5210,藤井公人,28,福岡,56.0,A2,5.56,37.5,4.97,32.43,32,25.84,17,34.88,6,7,https://www1.mbrace.or.jp/od2/B/202609/b260914.lzh,2026-10-03T18:36:47.881321+09:00
20260914,19,下関,12,20260914-19-12,1,5064,品川二千,28,山口,52.0,A1,6.69,51.33,5.63,37.3,25,29.35,53,33.73,23,7,https://www1.mbrace.or.jp/od2/B/202609/b260914.lzh,2026-10-03T18:36:47.881321+09:00
20260914,19,下関,12,20260914-19-12,2,4857,加藤翔馬,29,兵庫,57.0,A1,7.09,56.2,6.3,51.85,70,26.74,30,25.93,16,8,https://www1.mbrace.or.jp/od2/B/202609/b260914.lzh,2026-10-03T18:36:47.881321+09:00
20260914,19,下関,12,20260914-19-12,3,5111,三村岳人,26,岡山,52.0,A2,5.98,46.07,6.59,54.55,51,26.14,70,28.57,1,3,https://www1.mbrace.or.jp/od2/B/202609/b260914.lzh,2026-10-03T18:36:47.881321+09:00
20260914,19,下関,12,20260914-19-12,4,5212,西川拓利,27,福岡,54.0,A2,6.37,47.83,5.48,32.26,24,38.2,37,26.51,24,6,https://www1.mbrace.or.jp/od2/B/202609/b260914.lzh,2026-10-03T18:36:47.881321+09:00
20260914,19,下関,12,20260914-19-12,5,4099,吉永則雄,47,大阪,53.0,A2,5.67,40.0,6.16,36.84,41,22.22,13,26.51,25,4,https://www1.mbrace.or.jp/od2/B/202609/b260914.lzh,2026-10-03T18:36:47.881321+09:00
20260914,19,下関,12,20260914-19-12,6,5281,井上遥妃,23,徳島,46.0,A1,5.75,42.31,7.2,70.0,44,26.44,28,41.46,1,5,https://www1.mbrace.or.jp/od2/B/202609/b260914.lzh,2026-10-03T18:36:47.881321+09:00
20260914,18,徳山,1,20260914-18-01,1,4256,渡辺浩司,42,福岡,53.0,A1,7.09,46.22,6.79,35.29,68,53.41,59,41.23,663,,https://www1.mbrace.or.jp/od2/B/202609/b260914.lzh,2026-10-03T18:36:47.881321+09:00
20260914,18,徳山,1,20260914-18-01,2,4074,柳沢一,45,愛知,50.0,A1,6.63,48.39,6.38,37.5,24,26.09,73,39.32,2 5,11,https://www1.mbrace.or.jp/od2/B/202609/b260914.lzh,2026-10-03T18:36:47.881321+09:00
20260914,18,徳山,1,20260914-18-01,3,4851,関浩哉,31,群馬,51.0,A1,7.63,49.11,8.44,66.67,39,30.53,58,35.12,4 32,8,https://www1.mbrace.or.jp/od2/B/202609/b260914.lzh,2026-10-03T18:36:47.881321+09:00
20260914,18,徳山,1,20260914-18-01,4,5142,常住蓮,25,佐賀,51.0,A1,7.31,56.2,8.56,66.67,75,36.89,26,30.62,364,7,https://www1.mbrace.or.jp/od2/B/202609/b260914.lzh,2026-10-03T18:36:47.881321+09:00
20260914,18,徳山,1,20260914-18-01,5,4739,中村晃朋,34,香川,51.0,A1,6.44,52.94,5.96,26.09,70,24.44,38,41.63,1 63,,https://www1.mbrace.or.jp/od2/B/202609/b260914.lzh,2026-10-03T18:36:47.881321+09:00
20260914,18,徳山,1,20260914-18-01,6,3744,徳増秀樹,51,静岡,54.0,A1,6.2,45.45,6.55,46.94,11,31.68,68,41.9,1 6,9,https://www1.mbrace.or.jp/od2/B/202609/b260914.lzh,2026-10-03T18:36:47.881321+09:00
20260914,18,徳山,2,20260914-18-02,1,4391,松田祐季,40,福井,51.0,A1,7.03,53.78,6.45,40.91,62,25.88,34,31.88,2 4,8,https://www1.mbrace.or.jp/od2/B/202609/b260914.lzh,2026-10-03T18:36:47.881321+09:00
20260914,18,徳山,2,20260914-18-02,2,4344,新田雄史,41,三重,53.0,A1,7.58,56.03,7.35,41.18,67,29.63,53,33.33,5 22,11,https://www1.mbrace.or.jp/od2/B/202609/b260914.lzh,2026-10-03T18:36:47.881321+09:00
20260914,18,徳山,2,20260914-18-02,3,3959,坪井康晴,48,静岡,52.0,A1,7.14,49.54,7.07,55.17,42,36.63,36,34.65,156,9,https://www1.mbrace.or.jp/od2/B/202609/b260914.lzh,2026-10-03T18:36:47.881321+09:00
20260914,18,徳山,2,20260914-18-02,4,4237,大峯豊,42,山口,52.0,A1,7.39,53.57,7.57,61.03,26,38.46,72,34.13,433,7,https://www1.mbrace.or.jp/od2/B/202609/b260914.lzh,2026-10-03T18:36:47.881321+09:00
20260914,18,徳山,2,20260914-18-02,5,4305,金子拓矢,42,群馬,53.0,A1,6.88,53.4,6.96,54.17,38,33.65,56,31.25,465,10,https://www1.mbrace.or.jp/od2/B/202609/b260914.lzh,2026-10-03T18:36:47.881321+09:00
20260914,18,徳山,2,20260914-18-02,6,4537,渡邉和将,36,岡山,51.0,A1,7.11,50.0,7.16,52.94,74,42.68,39,32.04,1 54,,https://www1.mbrace.or.jp/od2/B/202609/b260914.lzh,2026-10-03T18:36:47.881321+09:00
20260914,18,徳山,3,20260914-18-03,1,4415,下出卓矢,39,福井,56.0,A1,6.08,46.88,5.65,35.29,22,30.34,40,38.05,6 6,9,https://www1.mbrace.or.jp/od2/B/202609/b260914.lzh,2026-10-03T18:36:47.881321+09:00
20260914,18,徳山,3,20260914-18-03,2,4831,羽野直也,31,福岡,55.0,A1,7.36,57.14,7.14,47.22,31,31.31,37,34.47,514,,https://www1.mbrace.or.jp/od2/B/202609/b260914.lzh,2026-10-03T18:36:47.881321+09:00
20260914,18,徳山,3,20260914-18-03,3,4682,大上卓人,36,広島,53.0,A1,7.29,50.89,6.46,26.92,55,37.0,57,36.82,263,,https://www1.mbrace.or.jp/od2/B/202609/b260914.lzh,2026-10-03T18:36:47.881321+09:00
20260914,18,徳山,3,20260914-18-03,4,4980,佐々木完,30,山口,50.0,A1,7.1,52.21,6.8,50.0,19,48.35,27,31.98,156,10,https://www1.mbrace.or.jp/od2/B/202609/b260914.lzh,2026-10-03T18:36:47.881321+09:00
20260914,18,徳山,3,20260914-18-03,5,5017,澤田尚也,27,滋賀,53.0,A1,6.84,53.03,6.88,37.5,34,38.79,47,33.17,2 F,8,https://www1.mbrace.or.jp/od2/B/202609/b260914.lzh,2026-10-03T18:36:47.881321+09:00
20260914,18,徳山,3,20260914-18-03,6,3941,池田浩二,48,愛知,53.0,A1,7.69,48.31,7.82,52.94,66,31.76,14,35.58,441,11,https://www1.mbrace.or.jp/od2/B/202609/b260914.lzh,2026-10-03T18:36:47.881321+09:00
20260914,18,徳山,4,20260914-18-04,1,5267,石本裕武,26,大阪,51.0,A1,6.88,54.9,7.7,70.0,35,36.89,20,33.84,6 66,,https://www1.mbrace.or.jp/od2/B/202609/b260914.lzh,2026-10-03T18:36:47.881321+09:00
20260914,18,徳山,4,20260914-18-04,2,4760,山崎郡,36,大阪,52.0,A1,7.49,53.79,7.61,51.61,59,38.1,54,36.92,115,12,https://www1.mbrace.or.jp/od2/B/202609/b260914.lzh,2026-10-03T18:36:47.881321+09:00
20260914,18,徳山,4,20260914-18-04,3,4796,春園功太,35,三重,52.0,A1,6.02,45.3,6.08,45.0,27,44.3,18,39.71,4 2,10,https://www1.mbrace.or.jp/od2/B/202609/b260914.lzh,2026-10-03T18:36:47.881321+09:00
20260914,18,徳山,4,20260914-18-04,4,4566,塩田北斗,38,福岡,54.0,A1,6.76,44.09,6.36,39.29,36,28.57,23,30.73,4 1,11,https://www1.mbrace.or.jp/od2/B/202609/b260914.lzh,2026-10-03T18:36:47.881321+09:00
20260914,18,徳山,4,20260914-18-04,5,3897,白井英治,49,山口,54.0,A1,7.72,51.79,8.12,62.2,29,26.85,48,31.58,1 12,9,https://www1.mbrace.or.jp/od2/B/202609/b260914.lzh,2026-10-03T18:36:47.881321+09:00
20260914,18,徳山,4,20260914-18-04,6,4528,黒井達矢,38,埼玉,52.0,A1,6.56,43.18,6.94,37.5,71,29.59,43,29.44,5 11,,https://www1.mbrace.or.jp/od2/B/202609/b260914.lzh,2026-10-03T18:36:47.881321+09:00
20260914,18,徳山,5,20260914-18-05,1,4024,井口佳典,49,三重,53.0,A1,6.92,45.87,6.67,16.67,48,38.53,42,30.24,3 6,12,https://www1.mbrace.or.jp/od2/B/202609/b260914.lzh,2026-10-03T18:36:47.881321+09:00
20260914,18,徳山,5,20260914-18-05,2,4362,土屋智則,41,群馬,53.0,A1,6.86,44.92,6.96,52.17,63,28.0,25,29.9,4 16,,https://www1.mbrace.or.jp/od2/B/202609/b260914.lzh,2026-10-03T18:36:47.881321+09:00
20260914,18,徳山,5,20260914-18-05,3,4205,山口剛,44,広島,53.0,A1,7.54,48.94,7.8,56.0,46,33.01,12,39.3,435,10,https://www1.mbrace.or.jp/od2/B/202609/b260914.lzh,2026-10-03T18:36:47.881321+09:00
20260914,18,徳山,5,20260914-18-05,4,5084,末永和也,27,佐賀,52.0,A1,6.67,45.9,7.27,46.15,72,36.36,31,31.86,S32,9,https://www1.mbrace.or.jp/od2/B/202609/b260914.lzh,2026-10-03T18:36:47.881321+09:00
20260914,18,徳山,5,20260914-18-05,5,4826,井上一輝,32,大阪,52.0,A1,7.02,53.98,6.3,37.04,64,38.46,35,29.61,241,,https://www1.mbrace.or.jp/od2/B/202609/b260914.lzh,2026-10-03T18:36:47.881321+09:00
20260914,18,徳山,5,20260914-18-05,6,4985,井本昌也,29,山口,52.0,A1,6.64,52.42,6.5,52.29,73,42.55,44,36.41,3 41,,https://www1.mbrace.or.jp/od2/B/202609/b260914.lzh,2026-10-03T18:36:47.881321+09:00
20260914,18,徳山,6,20260914-18-06,1,4448,青木玄太,39,滋賀,52.0,A1,7.07,54.55,7.52,66.67,43,18.95,17,29.19,2 35,,https://www1.mbrace.or.jp/od2/B/202609/b260914.lzh,2026-10-03T18:36:47.881321+09:00
20260914,18,徳山,6,20260914-18-06,2,4713,白神優,36,岡山,52.0,A1,6.26,40.37,7.17,52.78,15,41.86,32,29.47,3 54,,https://www1.mbrace.or.jp/od2/B/202609/b260914.lzh,2026-10-03T18:36:47.881321+09:00
20260914,18,徳山,6,20260914-18-06,3,4444,桐生順平,39,埼玉,51.0,A1,7.29,40.66,5.67,11.11,33,51.0,67,40.7,3 32,12,https://www1.mbrace.or.jp/od2/B/202609/b260914.lzh,2026-10-03T18:36:47.881321+09:00
20260914,18,徳山,6,20260914-18-06,4,4361,柳生泰二,41,山口,52.0,A1,7.39,56.14,6.69,46.08,58,29.17,51,34.3,155,11,https://www1.mbrace.or.jp/od2/B/202609/b260914.lzh,2026-10-03T18:36:47.881321+09:00
20260914,18,徳山,6,20260914-18-06,5,4168,石野貴之,44,大阪,53.0,A1,6.97,52.99,3.78,22.22,14,41.57,13,39.61,512,,https://www1.mbrace.or.jp/od2/B/202609/b260914.lzh,2026-10-03T18:36:47.881321+09:00
20260914,18,徳山,6,20260914-18-06,6,4547,中田竜太,38,埼玉,50.0,A1,6.82,43.64,8.0,57.14,23,35.51,33,33.82,2 15,,https://www1.mbrace.or.jp/od2/B/202609/b260914.lzh,2026-10-03T18:36:47.881321+09:00
20260914,18,徳山,7,20260914-18-07,1,4237,大峯豊,42,山口,52.0,A1,7.39,53.57,7.57,61.03,26,38.46,72,34.13,433,2,https://www1.mbrace.or.jp/od2/B/202609/b260914.lzh,2026-10-03T18:36:47.881321+09:00
20260914,18,徳山,7,20260914-18-07,2,5015,高橋竜矢,28,広島,52.0,A1,6.89,54.62,6.86,41.38,60,32.65,55,35.47,5 35,,https://www1.mbrace.or.jp/od2/B/202609/b260914.lzh,2026-10-03T18:36:47.881321+09:00
20260914,18,徳山,7,20260914-18-07,3,4852,川原祐明,31,香川,52.0,A1,7.05,55.38,6.54,44.44,53,38.24,29,30.24,323,12,https://www1.mbrace.or.jp/od2/B/202609/b260914.lzh,2026-10-03T18:36:47.881321+09:00
20260914,18,徳山,7,20260914-18-07,4,4586,磯部誠,36,愛知,54.0,A1,7.7,54.47,6.16,32.43,13,40.23,52,27.32,2 35,,https://www1.mbrace.or.jp/od2/B/202609/b260914.lzh,2026-10-03T18:36:47.881321+09:00
20260914,18,徳山,7,20260914-18-07,5,4397,西村拓也,39,大阪,53.0,A1,7.43,61.07,7.03,42.86,44,34.95,24,33.82,2 45,,https://www1.mbrace.or.jp/od2/B/202609/b260914.lzh,2026-10-03T18:36:47.881321+09:00
20260914,18,徳山,7,20260914-18-07,6,5142,常住蓮,25,佐賀,51.0,A1,7.31,56.2,8.56,66.67,75,36.89,26,30.62,364,1,https://www1.mbrace.or.jp/od2/B/202609/b260914.lzh,2026-10-03T18:36:47.881321+09:00
20260914,18,徳山,8,20260914-18-08,1,4445,宮地元輝,39,佐賀,55.0,A1,7.26,48.45,7.11,33.33,50,37.5,66,32.18,546,,https://www1.mbrace.or.jp/od2/B/202609/b260914.lzh,2026-10-03T18:36:47.881321+09:00
20260914,18,徳山,8,20260914-18-08,2,5112,砂長知輝,26,埼玉,52.0,A1,6.72,52.25,6.68,47.5,61,30.0,75,26.87,S32,,https://www1.mbrace.or.jp/od2/B/202609/b260914.lzh,2026-10-03T18:36:47.881321+09:00
20260914,18,徳山,8,20260914-18-08,3,4239,竹田辰也,42,山口,53.0,A1,6.47,51.82,6.18,40.83,30,38.46,41,37.56,2 41,,https://www1.mbrace.or.jp/od2/B/202609/b260914.lzh,2026-10-03T18:36:47.881321+09:00
20260914,18,徳山,8,20260914-18-08,4,5017,澤田尚也,27,滋賀,53.0,A1,6.84,53.03,6.88,37.5,34,38.79,47,33.17,2 F,3,https://www1.mbrace.or.jp/od2/B/202609/b260914.lzh,2026-10-03T18:36:47.881321+09:00
20260914,18,徳山,8,20260914-18-08,5,4391,松田祐季,40,福井,51.0,A1,7.03,53.78,6.45,40.91,62,25.88,34,31.88,2 4,2,https://www1.mbrace.or.jp/od2/B/202609/b260914.lzh,2026-10-03T18:36:47.881321+09:00
20260914,18,徳山,8,20260914-18-08,6,4851,関浩哉,31,群馬,51.0,A1,7.63,49.11,8.44,66.67,39,30.53,58,35.12,4 32,1,https://www1.mbrace.or.jp/od2/B/202609/b260914.lzh,2026-10-03T18:36:47.881321+09:00
20260914,18,徳山,9,20260914-18-09,1,4928,栗城匠,31,東京,52.0,A1,6.63,50.93,6.0,38.89,17,40.23,62,38.35,6 41,,https://www1.mbrace.or.jp/od2/B/202609/b260914.lzh,2026-10-03T18:36:47.881321+09:00
20260914,18,徳山,9,20260914-18-09,2,3744,徳増秀樹,51,静岡,54.0,A1,6.2,45.45,6.55,46.94,11,31.68,68,41.9,1 6,1,https://www1.mbrace.or.jp/od2/B/202609/b260914.lzh,2026-10-03T18:36:47.881321+09:00
20260914,18,徳山,9,20260914-18-09,3,3897,白井英治,49,山口,54.0,A1,7.72,51.79,8.12,62.2,29,26.85,48,31.58,1 12,4,https://www1.mbrace.or.jp/od2/B/202609/b260914.lzh,2026-10-03T18:36:47.881321+09:00
20260914,18,徳山,9,20260914-18-09,4,3959,坪井康晴,48,静岡,52.0,A1,7.14,49.54,7.07,55.17,42,36.63,36,34.65,156,2,https://www1.mbrace.or.jp/od2/B/202609/b260914.lzh,2026-10-03T18:36:47.881321+09:00
20260914,18,徳山,9,20260914-18-09,5,4415,下出卓矢,39,福井,56.0,A1,6.08,46.88,5.65,35.29,22,30.34,40,38.05,6 6,3,https://www1.mbrace.or.jp/od2/B/202609/b260914.lzh,2026-10-03T18:36:47.881321+09:00
20260914,18,徳山,9,20260914-18-09,6,5084,末永和也,27,佐賀,52.0,A1,6.67,45.9,7.27,46.15,72,36.36,31,31.86,S32,5,https://www1.mbrace.or.jp/od2/B/202609/b260914.lzh,2026-10-03T18:36:47.881321+09:00
20260914,18,徳山,10,20260914-18-10,1,3960,菊地孝平,48,静岡,54.0,A1,6.94,42.98,7.61,57.14,12,41.67,19,38.35,6 64,,https://www1.mbrace.or.jp/od2/B/202609/b260914.lzh,2026-10-03T18:36:47.881321+09:00
20260914,18,徳山,10,20260914-18-10,2,4305,金子拓矢,42,群馬,53.0,A1,6.88,53.4,6.96,54.17,38,33.65,56,31.25,465,2,https://www1.mbrace.or.jp/od2/B/202609/b260914.lzh,2026-10-03T18:36:47.881321+09:00
20260914,18,徳山,10,20260914-18-10,3,4980,佐々木完,30,山口,50.0,A1,7.1,52.21,6.8,50.0,19,48.35,27,31.98,156,3,https://www1.mbrace.or.jp/od2/B/202609/b260914.lzh,2026-10-03T18:36:47.881321+09:00
20260914,18,徳山,10,20260914-18-10,4,4796,春園功太,35,三重,52.0,A1,6.02,45.3,6.08,45.0,27,44.3,18,39.71,4 2,4,https://www1.mbrace.or.jp/od2/B/202609/b260914.lzh,2026-10-03T18:36:47.881321+09:00
20260914,18,徳山,10,20260914-18-10,5,4205,山口剛,44,広島,53.0,A1,7.54,48.94,7.8,56.0,46,33.01,12,39.3,435,5,https://www1.mbrace.or.jp/od2/B/202609/b260914.lzh,2026-10-03T18:36:47.881321+09:00
20260914,18,徳山,10,20260914-18-10,6,4939,宮之原輝,28,東京,52.0,A1,7.7,64.71,7.2,65.0,41,31.48,15,36.95,3 21,,https://www1.mbrace.or.jp/od2/B/202609/b260914.lzh,2026-10-03T18:36:47.881321+09:00
20260914,18,徳山,11,20260914-18-11,1,4759,今泉友吾,36,東京,51.0,A1,6.97,48.12,6.72,55.56,69,41.49,16,38.35,2 23,,https://www1.mbrace.or.jp/od2/B/202609/b260914.lzh,2026-10-03T18:36:47.881321+09:00
20260914,18,徳山,11,20260914-18-11,2,3941,池田浩二,48,愛知,53.0,A1,7.69,48.31,7.82,52.94,66,31.76,14,35.58,441,3,https://www1.mbrace.or.jp/od2/B/202609/b260914.lzh,2026-10-03T18:36:47.881321+09:00
20260914,18,徳山,11,20260914-18-11,3,4361,柳生泰二,41,山口,52.0,A1,7.39,56.14,6.69,46.08,58,29.17,51,34.3,155,6,https://www1.mbrace.or.jp/od2/B/202609/b260914.lzh,2026-10-03T18:36:47.881321+09:00
20260914,18,徳山,11,20260914-18-11,4,4344,新田雄史,41,三重,53.0,A1,7.58,56.03,7.35,41.18,67,29.63,53,33.33,5 22,2,https://www1.mbrace.or.jp/od2/B/202609/b260914.lzh,2026-10-03T18:36:47.881321+09:00
20260914,18,徳山,11,20260914-18-11,5,4074,柳沢一,45,愛知,50.0,A1,6.63,48.39,6.38,37.5,24,26.09,73,39.32,2 5,1,https://www1.mbrace.or.jp/od2/B/202609/b260914.lzh,2026-10-03T18:36:47.881321+09:00
20260914,18,徳山,11,20260914-18-11,6,4566,塩田北斗,38,福岡,54.0,A1,6.76,44.09,6.36,39.29,36,28.57,23,30.73,4 1,4,https://www1.mbrace.or.jp/od2/B/202609/b260914.lzh,2026-10-03T18:36:47.881321+09:00
20260914,18,徳山,12,20260914-18-12,1,4444,桐生順平,39,埼玉,51.0,A1,7.29,40.66,5.67,11.11,33,51.0,67,40.7,3 32,6,https://www1.mbrace.or.jp/od2/B/202609/b260914.lzh,2026-10-03T18:36:47.881321+09:00
20260914,18,徳山,12,20260914-18-12,2,3942,寺田祥,47,山口,55.0,A1,6.44,44.68,6.8,44.57,56,39.18,30,36.36,S 23,,https://www1.mbrace.or.jp/od2/B/202609/b260914.lzh,2026-10-03T18:36:47.881321+09:00
20260914,18,徳山,12,20260914-18-12,3,4013,中島孝平,46,福井,51.0,A1,6.99,46.3,6.82,38.24,54,37.5,70,29.13,314,,https://www1.mbrace.or.jp/od2/B/202609/b260914.lzh,2026-10-03T18:36:47.881321+09:00
20260914,18,徳山,12,20260914-18-12,4,4024,井口佳典,49,三重,53.0,A1,6.92,45.87,6.67,16.67,48,38.53,42,30.24,3 6,5,https://www1.mbrace.or.jp/od2/B/202609/b260914.lzh,2026-10-03T18:36:47.881321+09:00
20260914,18,徳山,12,20260914-18-12,5,4852,川原祐明,31,香川,52.0,A1,7.05,55.38,6.54,44.44,53,38.24,29,30.24,323,7,https://www1.mbrace.or.jp/od2/B/202609/b260914.lzh,2026-10-03T18:36:47.881321+09:00
20260914,18,徳山,12,20260914-18-12,6,4760,山崎郡,36,大阪,52.0,A1,7.49,53.79,7.61,51.61,59,38.1,54,36.92,115,4,https://www1.mbrace.or.jp/od2/B/202609/b260914.lzh,2026-10-03T18:36:47.881321+09:00
20260914,12,住之江,1,20260914-12-01,1,5093,浦野海,24,福岡,56.0,B2,3.16,11.11,5.28,36.0,31,21.84,85,32.22,5 536,9,https://www1.mbrace.or.jp/od2/B/202609/b260914.lzh,2026-10-03T18:36:47.881321+09:00
20260914,12,住之江,1,20260914-12-01,2,3718,伊達正利,51,静岡,56.0,B1,4.44,23.6,0.0,0.0,79,39.18,57,32.97,4 155,6,https://www1.mbrace.or.jp/od2/B/202609/b260914.lzh,2026-10-03T18:36:47.881321+09:00
20260914,12,住之江,1,20260914-12-01,3,3477,近藤稔也,56,徳島,53.0,B1,3.86,13.92,3.44,22.22,53,35.05,52,30.11,6 535,5,https://www1.mbrace.or.jp/od2/B/202609/b260914.lzh,2026-10-03T18:36:47.881321+09:00
20260914,12,住之江,1,20260914-12-01,4,4679,植田太一,37,福岡,59.0,A2,6.2,47.46,6.7,51.85,81,29.89,84,24.14,4 335,8,https://www1.mbrace.or.jp/od2/B/202609/b260914.lzh,2026-10-03T18:36:47.881321+09:00
20260914,12,住之江,1,20260914-12-01,5,3558,山本浩次,53,岡山,54.0,B1,4.91,25.81,4.09,15.63,30,26.8,20,32.26,544 34,,https://www1.mbrace.or.jp/od2/B/202609/b260914.lzh,2026-10-03T18:36:47.881321+09:00
20260914,12,住之江,1,20260914-12-01,6,4710,福田宗平,36,大阪,52.0,A2,5.64,35.48,5.84,48.65,61,32.32,51,39.8,1 142,7,https://www1.mbrace.or.jp/od2/B/202609/b260914.lzh,2026-10-03T18:36:47.881321+09:00
20260914,12,住之江,2,20260914-12-02,1,3775,泉啓文,52,岡山,59.0,B1,3.82,19.59,4.43,28.57,24,45.74,82,48.1,665 42,,https://www1.mbrace.or.jp/od2/B/202609/b260914.lzh,2026-10-03T18:36:47.881321+09:00
20260914,12,住之江,2,20260914-12-02,2,4260,中越博紀,42,香川,55.0,B1,5.86,45.76,4.95,38.1,80,50.0,21,34.44,1 551,7,https://www1.mbrace.or.jp/od2/B/202609/b260914.lzh,2026-10-03T18:36:47.881321+09:00
20260914,12,住之江,2,20260914-12-02,3,4836,大谷健太,37,埼玉,52.0,B1,4.91,27.66,4.22,25.0,25,30.61,34,32.14,5 535,6,https://www1.mbrace.or.jp/od2/B/202609/b260914.lzh,2026-10-03T18:36:47.881321+09:00
20260914,12,住之江,2,20260914-12-02,4,3300,川崎智幸,59,岡山,53.0,A2,5.88,41.51,6.0,42.11,72,31.63,74,25.0,5 461,10,https://www1.mbrace.or.jp/od2/B/202609/b260914.lzh,2026-10-03T18:36:47.881321+09:00
20260914,12,住之江,2,20260914-12-02,5,4311,岡村仁,42,大阪,56.0,A1,6.39,50.54,6.58,49.31,77,34.74,28,37.5,666 1,11,https://www1.mbrace.or.jp/od2/B/202609/b260914.lzh,2026-10-03T18:36:47.881321+09:00
20260914,12,住之江,2,20260914-12-02,6,5285,若林麗,27,東京,51.0,B1,3.39,10.81,2.81,7.41,52,31.0,27,26.6,5 324,12,https://www1.mbrace.or.jp/od2/B/202609/b260914.lzh,2026-10-03T18:36:47.881321+09:00
20260914,12,住之江,3,20260914-12-03,1,5110,杉山喜一,27,静岡,52.0,B1,4.79,29.17,4.57,28.57,68,25.56,33,39.78,3 246,8,https://www1.mbrace.or.jp/od2/B/202609/b260914.lzh,2026-10-03T18:36:47.881321+09:00
20260914,12,住之江,3,20260914-12-03,2,4253,西川真人,43,滋賀,56.0,B1,4.35,18.87,4.17,30.43,39,40.21,13,36.96,2 263,7,https://www1.mbrace.or.jp/od2/B/202609/b260914.lzh,2026-10-03T18:36:47.881321+09:00
20260914,12,住之江,3,20260914-12-03,3,4229,市川美宏,43,静岡,54.0,B1,4.27,19.23,4.23,15.38,13,28.42,75,34.07,416 33,,https://www1.mbrace.or.jp/od2/B/202609/b260914.lzh,2026-10-03T18:36:47.881321+09:00
20260914,12,住之江,3,20260914-12-03,4,4047,吉永浩則,46,大阪,53.0,B1,3.32,16.67,4.63,32.14,76,17.58,63,27.87,3 663,9,https://www1.mbrace.or.jp/od2/B/202609/b260914.lzh,2026-10-03T18:36:47.881321+09:00
20260914,12,住之江,3,20260914-12-03,5,4401,小林泰,41,東京,53.0,A2,5.85,40.66,7.08,58.33,15,29.17,19,22.92,3 324,12,https://www1.mbrace.or.jp/od2/B/202609/b260914.lzh,2026-10-03T18:36:47.881321+09:00
20260914,12,住之江,3,20260914-12-03,6,4060,島田一生,47,福岡,58.0,B1,4.68,29.67,4.89,30.43,51,45.65,66,32.95,3 451,10,https://www1.mbrace.or.jp/od2/B/202609/b260914.lzh,2026-10-03T18:36:47.881321+09:00
20260914,12,住之江,4,20260914-12-04,1,4724,吉田祐貴,40,佐賀,55.0,B1,3.56,9.09,2.78,11.11,55,40.4,69,42.17,3 555,9,https://www1.mbrace.or.jp/od2/B/202609/b260914.lzh,2026-10-03T18:36:47.881321+09:00
20260914,12,住之江,4,20260914-12-04,2,5187,小坂風太,26,福井,58.0,B2,3.06,4.76,5.33,16.67,57,41.0,88,35.56,5 6 24,,https://www1.mbrace.or.jp/od2/B/202609/b260914.lzh,2026-10-03T18:36:47.881321+09:00
20260914,12,住之江,4,20260914-12-04,3,4579,中嶋健一,37,三重,53.0,A2,6.21,40.38,6.68,48.0,50,24.21,38,27.08,2 632,8,https://www1.mbrace.or.jp/od2/B/202609/b260914.lzh,2026-10-03T18:36:47.881321+09:00
20260914,12,住之江,4,20260914-12-04,4,3654,武田光史,52,福井,52.0,A2,6.9,57.01,7.16,56.25,36,15.63,30,41.67,3 212,11,https://www1.mbrace.or.jp/od2/B/202609/b260914.lzh,2026-10-03T18:36:47.881321+09:00
20260914,12,住之江,4,20260914-12-04,5,4626,伊藤紘章,40,愛知,51.0,B1,4.03,23.08,5.33,33.33,63,25.0,76,33.33,646 34,,https://www1.mbrace.or.jp/od2/B/202609/b260914.lzh,2026-10-03T18:36:47.881321+09:00
20260914,12,住之江,4,20260914-12-04,6,5139,大場恒季,26,愛知,51.0,A1,6.73,52.81,6.04,46.81,70,39.0,81,38.64,3 225,10,https://www1.mbrace.or.jp/od2/B/202609/b260914.lzh,2026-10-03T18:36:47.881321+09:00
20260914,12,住之江,5,20260914-12-05,1,4375,照屋厚仁,42,兵庫,51.0,A2,5.85,38.74,6.07,43.33,82,37.76,80,31.46,635 66,,https://www1.mbrace.or.jp/od2/B/202609/b260914.lzh,2026-10-03T18:36:47.881321+09:00
20260914,12,住之江,5,20260914-12-05,2,4404,岸蔭亮,41,兵庫,54.0,B1,3.62,13.11,4.56,32.0,27,41.05,16,29.9,264 52,,https://www1.mbrace.or.jp/od2/B/202609/b260914.lzh,2026-10-03T18:36:47.881321+09:00
20260914,12,住之江,5,20260914-12-05,3,3630,黒田誠司,56,静岡,55.0,B1,3.74,16.67,4.08,15.38,59,25.0,18,28.05,263 65,,https://www1.mbrace.or.jp/od2/B/202609/b260914.lzh,2026-10-03T18:36:47.881321+09:00
20260914,12,住之江,5,20260914-12-05,4,4416,三宅健太,39,広島,53.0,B1,5.42,37.36,0.0,0.0,11,40.59,36,36.36,5 214,10,https://www1.mbrace.or.jp/od2/B/202609/b260914.lzh,2026-10-03T18:36:47.881321+09:00
20260914,12,住之江,5,20260914-12-05,5,3477,近藤稔也,56,徳島,53.0,B1,3.86,13.92,3.44,22.22,53,35.05,52,30.11,6 535,1,https://www1.mbrace.or.jp/od2/B/202609/b260914.lzh,2026-10-03T18:36:47.881321+09:00
20260914,12,住之江,5,20260914-12-05,6,4959,井上忠政,30,大阪,52.0,A1,7.51,56.3,6.82,50.84,71,31.68,14,29.47,141 1,12,https://www1.mbrace.or.jp/od2/B/202609/b260914.lzh,2026-10-03T18:36:47.881321+09:00
20260914,12,住之江,6,20260914-12-06,1,4727,安部慎一,39,福岡,55.0,B1,4.14,15.71,3.83,16.67,32,33.33,25,26.74,1 136,12,https://www1.mbrace.or.jp/od2/B/202609/b260914.lzh,2026-10-03T18:36:47.881321+09:00
20260914,12,住之江,6,20260914-12-06,2,4898,菊地敬介,34,埼玉,55.0,B1,4.47,22.67,0.0,0.0,26,26.8,11,34.04,241 33,,https://www1.mbrace.or.jp/od2/B/202609/b260914.lzh,2026-10-03T18:36:47.881321+09:00
20260914,12,住之江,6,20260914-12-06,3,4287,今井貴士,42,福岡,57.0,A2,6.46,47.66,7.59,72.41,78,16.67,55,37.63,163 14,,https://www1.mbrace.or.jp/od2/B/202609/b260914.lzh,2026-10-03T18:36:47.881321+09:00
20260914,12,住之江,6,20260914-12-06,4,4624,高田明,41,佐賀,50.0,A1,6.42,48.42,6.38,46.15,69,35.87,78,27.37,1 422,11,https://www1.mbrace.or.jp/od2/B/202609/b260914.lzh,2026-10-03T18:36:47.881321+09:00
20260914,12,住之江,6,20260914-12-06,5,4836,大谷健太,37,埼玉,52.0,B1,4.91,27.66,4.22,25.0,25,30.61,34,32.14,5 535,2,https://www1.mbrace.or.jp/od2/B/202609/b260914.lzh,2026-10-03T18:36:47.881321+09:00
20260914,12,住之江,6,20260914-12-06,6,3718,伊達正利,51,静岡,56.0,B1,4.44,23.6,0.0,0.0,79,39.18,57,32.97,4 155,1,https://www1.mbrace.or.jp/od2/B/202609/b260914.lzh,2026-10-03T18:36:47.881321+09:00
20260914,12,住之江,7,20260914-12-07,1,5321,一色颯輝,24,愛知,55.0,B1,4.86,31.51,4.11,33.33,73,35.64,56,31.76,154 63,,https://www1.mbrace.or.jp/od2/B/202609/b260914.lzh,2026-10-03T18:36:47.881321+09:00
20260914,12,住之江,7,20260914-12-07,2,5043,中村日向,27,香川,53.0,A1,7.24,61.16,5.0,14.29,83,25.81,89,32.93,226 11,12,https://www1.mbrace.or.jp/od2/B/202609/b260914.lzh,2026-10-03T18:36:47.881321+09:00
20260914,12,住之江,7,20260914-12-07,3,3293,宮内由紀,61,東京,52.0,B1,3.4,10.71,2.95,9.09,84,33.0,35,30.61,323 43,,https://www1.mbrace.or.jp/od2/B/202609/b260914.lzh,2026-10-03T18:36:47.881321+09:00
20260914,12,住之江,7,20260914-12-07,4,4710,福田宗平,36,大阪,52.0,A2,5.64,35.48,5.84,48.65,61,32.32,51,39.8,1 142,1,https://www1.mbrace.or.jp/od2/B/202609/b260914.lzh,2026-10-03T18:36:47.881321+09:00
20260914,12,住之江,7,20260914-12-07,5,4260,中越博紀,42,香川,55.0,B1,5.86,45.76,4.95,38.1,80,50.0,21,34.44,1 551,2,https://www1.mbrace.or.jp/od2/B/202609/b260914.lzh,2026-10-03T18:36:47.881321+09:00
20260914,12,住之江,7,20260914-12-07,6,4253,西川真人,43,滋賀,56.0,B1,4.35,18.87,4.17,30.43,39,40.21,13,36.96,2 263,3,https://www1.mbrace.or.jp/od2/B/202609/b260914.lzh,2026-10-03T18:36:47.881321+09:00
20260914,12,住之江,8,20260914-12-08,1,4679,植田太一,37,福岡,59.0,A2,6.2,47.46,6.7,51.85,81,29.89,84,24.14,4 335,1,https://www1.mbrace.or.jp/od2/B/202609/b260914.lzh,2026-10-03T18:36:47.881321+09:00
20260914,12,住之江,8,20260914-12-08,2,3957,大谷直弘,49,愛知,55.0,B1,4.82,25.69,3.29,14.29,60,39.18,70,20.43,622 45,,https://www1.mbrace.or.jp/od2/B/202609/b260914.lzh,2026-10-03T18:36:47.881321+09:00
20260914,12,住之江,8,20260914-12-08,3,4794,和田拓也,36,兵庫,55.0,A1,6.91,56.79,6.43,39.22,18,26.8,72,35.79,1 1412,12,https://www1.mbrace.or.jp/od2/B/202609/b260914.lzh,2026-10-03T18:36:47.881321+09:00
20260914,12,住之江,8,20260914-12-08,4,5110,杉山喜一,27,静岡,52.0,B1,4.79,29.17,4.57,28.57,68,25.56,33,39.78,3 246,3,https://www1.mbrace.or.jp/od2/B/202609/b260914.lzh,2026-10-03T18:36:47.881321+09:00
20260914,12,住之江,8,20260914-12-08,5,4579,中嶋健一,37,三重,53.0,A2,6.21,40.38,6.68,48.0,50,24.21,38,27.08,2 632,4,https://www1.mbrace.or.jp/od2/B/202609/b260914.lzh,2026-10-03T18:36:47.881321+09:00
20260914,12,住之江,8,20260914-12-08,6,4875,大塚康雅,32,東京,50.0,B1,5.47,36.46,5.91,45.45,20,44.33,53,30.21,541 45,,https://www1.mbrace.or.jp/od2/B/202609/b260914.lzh,2026-10-03T18:36:47.881321+09:00
20260914,12,住之江,9,20260914-12-09,1,3502,渡邉英児,57,静岡,53.0,A2,5.73,37.17,5.84,40.35,58,39.18,22,44.83,225 11,,https://www1.mbrace.or.jp/od2/B/202609/b260914.lzh,2026-10-03T18:36:47.881321+09:00
20260914,12,住之江,9,20260914-12-09,2,4962,畑竜生,30,三重,52.0,A2,5.5,37.72,5.55,34.69,21,21.88,39,28.05,552 55,,https://www1.mbrace.or.jp/od2/B/202609/b260914.lzh,2026-10-03T18:36:47.881321+09:00
20260914,12,住之江,9,20260914-12-09,3,4218,吉川喜継,45,滋賀,52.0,A1,6.48,50.96,7.29,57.35,17,36.08,37,30.77,431 62,,https://www1.mbrace.or.jp/od2/B/202609/b260914.lzh,2026-10-03T18:36:47.881321+09:00
20260914,12,住之江,9,20260914-12-09,4,4724,吉田祐貴,40,佐賀,55.0,B1,3.56,9.09,2.78,11.11,55,40.4,69,42.17,3 555,4,https://www1.mbrace.or.jp/od2/B/202609/b260914.lzh,2026-10-03T18:36:47.881321+09:00
20260914,12,住之江,9,20260914-12-09,5,5093,浦野海,24,福岡,56.0,B2,3.16,11.11,5.28,36.0,31,21.84,85,32.22,5 536,1,https://www1.mbrace.or.jp/od2/B/202609/b260914.lzh,2026-10-03T18:36:47.881321+09:00
20260914,12,住之江,9,20260914-12-09,6,4047,吉永浩則,46,大阪,53.0,B1,3.32,16.67,4.63,32.14,76,17.58,63,27.87,3 663,3,https://www1.mbrace.or.jp/od2/B/202609/b260914.lzh,2026-10-03T18:36:47.881321+09:00
20260914,12,住之江,10,20260914-12-10,1,3757,畑和宏,54,広島,53.0,A2,5.43,39.76,0.0,0.0,38,50.52,86,29.41,446 14,,https://www1.mbrace.or.jp/od2/B/202609/b260914.lzh,2026-10-03T18:36:47.881321+09:00
20260914,12,住之江,10,20260914-12-10,2,4063,市橋卓士,47,徳島,53.0,A1,6.13,40.0,5.84,45.95,33,31.25,29,34.07,15413,,https://www1.mbrace.or.jp/od2/B/202609/b260914.lzh,2026-10-03T18:36:47.881321+09:00
20260914,12,住之江,10,20260914-12-10,3,5139,大場恒季,26,愛知,51.0,A1,6.73,52.81,6.04,46.81,70,39.0,81,38.64,3 225,4,https://www1.mbrace.or.jp/od2/B/202609/b260914.lzh,2026-10-03T18:36:47.881321+09:00
20260914,12,住之江,10,20260914-12-10,4,4060,島田一生,47,福岡,58.0,B1,4.68,29.67,4.89,30.43,51,45.65,66,32.95,3 451,3,https://www1.mbrace.or.jp/od2/B/202609/b260914.lzh,2026-10-03T18:36:47.881321+09:00
20260914,12,住之江,10,20260914-12-10,5,4416,三宅健太,39,広島,53.0,B1,5.42,37.36,0.0,0.0,11,40.59,36,36.36,5 214,5,https://www1.mbrace.or.jp/od2/B/202609/b260914.lzh,2026-10-03T18:36:47.881321+09:00
20260914,12,住之江,10,20260914-12-10,6,3300,川崎智幸,59,岡山,53.0,A2,5.88,41.51,6.0,42.11,72,31.63,74,25.0,5 461,2,https://www1.mbrace.or.jp/od2/B/202609/b260914.lzh,2026-10-03T18:36:47.881321+09:00
20260914,12,住之江,11,20260914-12-11,1,5158,宮脇遼太,28,福岡,54.0,A1,6.31,52.21,7.19,62.5,85,35.42,31,37.36,212 22,,https://www1.mbrace.or.jp/od2/B/202609/b260914.lzh,2026-10-03T18:36:47.881321+09:00
20260914,12,住之江,11,20260914-12-11,2,3654,武田光史,52,福井,52.0,A2,6.9,57.01,7.16,56.25,36,15.63,30,41.67,3 212,4,https://www1.mbrace.or.jp/od2/B/202609/b260914.lzh,2026-10-03T18:36:47.881321+09:00
20260914,12,住之江,11,20260914-12-11,3,4311,岡村仁,42,大阪,56.0,A1,6.39,50.54,6.58,49.31,77,34.74,28,37.5,666 1,2,https://www1.mbrace.or.jp/od2/B/202609/b260914.lzh,2026-10-03T18:36:47.881321+09:00
20260914,12,住之江,11,20260914-12-11,4,3471,赤峰和也,56,佐賀,54.0,B1,4.01,17.28,4.52,19.05,12,25.0,79,39.74,161 36,,https://www1.mbrace.or.jp/od2/B/202609/b260914.lzh,2026-10-03T18:36:47.881321+09:00
20260914,12,住之江,11,20260914-12-11,5,4624,高田明,41,佐賀,50.0,A1,6.42,48.42,6.38,46.15,69,35.87,78,27.37,1 422,6,https://www1.mbrace.or.jp/od2/B/202609/b260914.lzh,2026-10-03T18:36:47.881321+09:00
20260914,12,住之江,11,20260914-12-11,6,5009,大賀龍之,29,福岡,55.0,A2,5.36,36.0,5.0,37.5,28,30.69,61,29.21,3 6426,,https://www1.mbrace.or.jp/od2/B/202609/b260914.lzh,2026-10-03T18:36:47.881321+09:00
20260914,12,住之江,12,20260914-12-12,1,4959,井上忠政,30,大阪,52.0,A1,7.51,56.3,6.82,50.84,71,31.68,14,29.47,141 1,5,https://www1.mbrace.or.jp/od2/B/202609/b260914.lzh,2026-10-03T18:36:47.881321+09:00
20260914,12,住之江,12,20260914-12-12,2,5285,若林麗,27,東京,51.0,B1,3.39,10.81,2.81,7.41,52,31.0,27,26.6,5 324,2,https://www1.mbrace.or.jp/od2/B/202609/b260914.lzh,2026-10-03T18:36:47.881321+09:00
20260914,12,住之江,12,20260914-12-12,3,4401,小林泰,41,東京,53.0,A2,5.85,40.66,7.08,58.33,15,29.17,19,22.92,3 324,3,https://www1.mbrace.or.jp/od2/B/202609/b260914.lzh,2026-10-03T18:36:47.881321+09:00
20260914,12,住之江,12,20260914-12-12,4,4727,安部慎一,39,福岡,55.0,B1,4.14,15.71,3.83,16.67,32,33.33,25,26.74,1 136,6,https://www1.mbrace.or.jp/od2/B/202609/b260914.lzh,2026-10-03T18:36:47.881321+09:00
20260914,12,住之江,12,20260914-12-12,5,4794,和田拓也,36,兵庫,55.0,A1,6.91,56.79,6.43,39.22,18,26.8,72,35.79,1 1412,8,https://www1.mbrace.or.jp/od2/B/202609/b260914.lzh,2026-10-03T18:36:47.881321+09:00
20260914,12,住之江,12,20260914-12-12,6,5043,中村日向,27,香川,53.0,A1,7.24,61.16,5.0,14.29,83,25.81,89,32.93,226 11,7,https://www1.mbrace.or.jp/od2/B/202609/b260914.lzh,2026-10-03T18:36:47.881321+09:00
20260914,11,びわこ,1,20260914-11-01,1,3896,上田洋平,50,滋賀,51.0,B1,5.14,25.0,5.3,32.8,32,35.35,47,38.1,6,7,https://www1.mbrace.or.jp/od2/B/202609/b260914.lzh,2026-10-03T18:36:47.881321+09:00
20260914,11,びわこ,1,20260914-11-01,2,4947,間庭菜摘,34,福岡,47.0,B1,4.79,22.39,5.26,31.58,16,30.85,45,30.61,5,10,https://www1.mbrace.or.jp/od2/B/202609/b260914.lzh,2026-10-03T18:36:47.881321+09:00
20260914,11,びわこ,1,20260914-11-01,3,3441,土屋太朗,57,群馬,54.0,B1,4.84,25.25,5.7,30.0,38,28.43,71,31.18,2,8,https://www1.mbrace.or.jp/od2/B/202609/b260914.lzh,2026-10-03T18:36:47.881321+09:00
20260914,11,びわこ,1,20260914-11-01,4,4186,小川時光,45,埼玉,56.0,B1,3.78,18.75,3.4,0.0,43,28.87,37,34.34,6,9,https://www1.mbrace.or.jp/od2/B/202609/b260914.lzh,2026-10-03T18:36:47.881321+09:00
20260914,11,びわこ,1,20260914-11-01,5,3797,岩井繁,53,広島,62.0,B1,3.6,13.59,4.32,26.32,63,29.29,32,30.3,4,6,https://www1.mbrace.or.jp/od2/B/202609/b260914.lzh,2026-10-03T18:36:47.881321+09:00
20260914,11,びわこ,1,20260914-11-01,6,5472,中川海虹,16,愛知,42.0,B2,1.0,0.0,0.0,0.0,69,28.7,64,32.99,6,5,https://www1.mbrace.or.jp/od2/B/202609/b260914.lzh,2026-10-03T18:36:47.881321+09:00
20260914,11,びわこ,2,20260914-11-02,1,4183,宇野弥生,40,愛知,47.0,B1,5.23,39.53,7.37,59.26,62,24.51,25,41.9,6,9,https://www1.mbrace.or.jp/od2/B/202609/b260914.lzh,2026-10-03T18:36:47.881321+09:00
20260914,11,びわこ,2,20260914-11-02,2,4894,原村拓也,35,香川,51.0,B1,4.52,19.79,4.75,25.0,55,30.93,61,37.37,3,12,https://www1.mbrace.or.jp/od2/B/202609/b260914.lzh,2026-10-03T18:36:47.881321+09:00
20260914,11,びわこ,2,20260914-11-02,3,4012,中村有裕,46,滋賀,56.0,A2,6.45,48.78,6.28,47.13,12,49.02,29,35.79,41,11,https://www1.mbrace.or.jp/od2/B/202609/b260914.lzh,2026-10-03T18:36:47.881321+09:00
20260914,11,びわこ,2,20260914-11-02,4,4786,佐藤博亮,38,愛知,54.0,A1,6.59,54.84,7.03,58.06,20,31.63,68,41.75,51,8,https://www1.mbrace.or.jp/od2/B/202609/b260914.lzh,2026-10-03T18:36:47.881321+09:00
20260914,11,びわこ,2,20260914-11-02,5,4766,石井孝之,35,群馬,55.0,B1,3.91,13.33,5.1,25.0,25,28.57,62,39.22,15,,https://www1.mbrace.or.jp/od2/B/202609/b260914.lzh,2026-10-03T18:36:47.881321+09:00
20260914,11,びわこ,2,20260914-11-02,6,5055,眞鳥章太,30,長崎,54.0,A2,5.62,35.96,5.73,31.82,28,22.92,67,22.58,35,10,https://www1.mbrace.or.jp/od2/B/202609/b260914.lzh,2026-10-03T18:36:47.881321+09:00
20260914,11,びわこ,3,20260914-11-03,1,4216,星栄爾,41,静岡,54.0,B1,4.8,25.74,4.79,20.83,22,28.13,33,31.0,5,8,https://www1.mbrace.or.jp/od2/B/202609/b260914.lzh,2026-10-03T18:36:47.881321+09:00
20260914,11,びわこ,3,20260914-11-03,2,4486,野村誠,40,群馬,53.0,A2,5.8,40.35,5.0,23.81,36,27.45,58,31.4,22,12,https://www1.mbrace.or.jp/od2/B/202609/b260914.lzh,2026-10-03T18:36:47.881321+09:00
20260914,11,びわこ,3,20260914-11-03,3,5132,中野希一,27,埼玉,53.0,A1,6.74,54.55,8.27,72.73,51,31.31,17,39.36,31,11,https://www1.mbrace.or.jp/od2/B/202609/b260914.lzh,2026-10-03T18:36:47.881321+09:00
20260914,11,びわこ,3,20260914-11-03,4,4254,川島圭司,43,滋賀,52.0,A2,5.94,40.82,5.89,40.76,50,32.98,70,37.37,3,7,https://www1.mbrace.or.jp/od2/B/202609/b260914.lzh,2026-10-03T18:36:47.881321+09:00
20260914,11,びわこ,3,20260914-11-03,5,4660,宇田川信,35,東京,54.0,B1,4.37,25.0,4.0,17.65,15,29.0,51,29.47,35,,https://www1.mbrace.or.jp/od2/B/202609/b260914.lzh,2026-10-03T18:36:47.881321+09:00
20260914,11,びわこ,3,20260914-11-03,6,3793,高橋真吾,53,埼玉,58.0,B1,4.13,25.0,3.8,20.0,39,30.61,72,34.65,5,10,https://www1.mbrace.or.jp/od2/B/202609/b260914.lzh,2026-10-03T18:36:47.881321+09:00
20260914,11,びわこ,4,20260914-11-04,1,5032,谷口知優,28,香川,52.0,A2,4.89,30.7,0.0,0.0,66,29.81,44,37.04,4,8,https://www1.mbrace.or.jp/od2/B/202609/b260914.lzh,2026-10-03T18:36:47.881321+09:00
20260914,11,びわこ,4,20260914-11-04,2,4779,伊倉光,40,東京,51.0,B1,5.19,25.53,5.08,20.0,30,26.8,65,29.59,1,12,https://www1.mbrace.or.jp/od2/B/202609/b260914.lzh,2026-10-03T18:36:47.881321+09:00
20260914,11,びわこ,4,20260914-11-04,3,4111,奥田誠,46,広島,55.0,A2,5.56,39.81,3.95,19.05,27,25.88,15,41.24,26,9,https://www1.mbrace.or.jp/od2/B/202609/b260914.lzh,2026-10-03T18:36:47.881321+09:00
20260914,11,びわこ,4,20260914-11-04,4,4957,竹之内極,31,福岡,57.0,B1,5.44,34.69,0.0,0.0,18,47.62,21,31.18,2,11,https://www1.mbrace.or.jp/od2/B/202609/b260914.lzh,2026-10-03T18:36:47.881321+09:00
20260914,11,びわこ,4,20260914-11-04,5,4747,山戸信二,41,長崎,53.0,B1,3.52,13.79,4.8,20.0,64,31.31,18,32.99,S5,,https://www1.mbrace.or.jp/od2/B/202609/b260914.lzh,2026-10-03T18:36:47.881321+09:00
20260914,11,びわこ,4,20260914-11-04,6,4974,安井瑞紀,33,岡山,46.0,A2,5.47,38.14,4.92,28.0,54,30.3,35,29.35,26,,https://www1.mbrace.or.jp/od2/B/202609/b260914.lzh,2026-10-03T18:36:47.881321+09:00
20260914,11,びわこ,5,20260914-11-05,1,3905,天野友和,48,愛知,53.0,A2,5.89,37.84,6.1,35.48,56,29.9,31,41.35,3,11,https://www1.mbrace.or.jp/od2/B/202609/b260914.lzh,2026-10-03T18:36:47.881321+09:00
20260914,11,びわこ,5,20260914-11-05,2,5170,佐藤太亮,25,岡山,50.0,B1,5.5,33.33,3.6,20.0,59,30.53,73,20.93,53,,https://www1.mbrace.or.jp/od2/B/202609/b260914.lzh,2026-10-03T18:36:47.881321+09:00
20260914,11,びわこ,5,20260914-11-05,3,3918,深井利寿,52,滋賀,52.0,A1,6.7,42.98,6.89,49.32,40,42.42,41,44.55,35,12,https://www1.mbrace.or.jp/od2/B/202609/b260914.lzh,2026-10-03T18:36:47.881321+09:00
20260914,11,びわこ,5,20260914-11-05,4,4821,妻鳥晋也,34,香川,55.0,B1,5.0,28.41,6.09,27.27,49,36.56,60,33.33,32,,https://www1.mbrace.or.jp/od2/B/202609/b260914.lzh,2026-10-03T18:36:47.881321+09:00
20260914,11,びわこ,5,20260914-11-05,5,4540,相原利章,39,東京,53.0,A2,5.01,28.13,5.5,40.0,24,24.66,27,28.87,13,10,https://www1.mbrace.or.jp/od2/B/202609/b260914.lzh,2026-10-03T18:36:47.881321+09:00
20260914,11,びわこ,5,20260914-11-05,6,5472,中川海虹,16,愛知,42.0,B2,1.0,0.0,0.0,0.0,69,28.7,64,32.99,6,1,https://www1.mbrace.or.jp/od2/B/202609/b260914.lzh,2026-10-03T18:36:47.881321+09:00
20260914,11,びわこ,6,20260914-11-06,1,3708,岡部貴司,52,岡山,56.0,B1,5.2,31.46,6.13,36.67,34,31.31,40,26.32,22,,https://www1.mbrace.or.jp/od2/B/202609/b260914.lzh,2026-10-03T18:36:47.881321+09:00
20260914,11,びわこ,6,20260914-11-06,2,5278,田中駿兵,24,徳島,52.0,A1,6.79,54.95,4.33,11.11,58,26.8,48,22.47,16,10,https://www1.mbrace.or.jp/od2/B/202609/b260914.lzh,2026-10-03T18:36:47.881321+09:00
20260914,11,びわこ,6,20260914-11-06,3,3797,岩井繁,53,広島,62.0,B1,3.6,13.59,4.32,26.32,63,29.29,32,30.3,4,1,https://www1.mbrace.or.jp/od2/B/202609/b260914.lzh,2026-10-03T18:36:47.881321+09:00
20260914,11,びわこ,6,20260914-11-06,4,5011,高木圭大,29,長崎,53.0,B1,3.94,19.35,3.79,7.14,31,40.86,49,39.39,54,,https://www1.mbrace.or.jp/od2/B/202609/b260914.lzh,2026-10-03T18:36:47.881321+09:00
20260914,11,びわこ,6,20260914-11-06,5,4124,池田雄一,44,静岡,53.0,A2,5.97,39.42,5.52,40.0,14,36.17,55,26.6,4,12,https://www1.mbrace.or.jp/od2/B/202609/b260914.lzh,2026-10-03T18:36:47.881321+09:00
20260914,11,びわこ,6,20260914-11-06,6,4108,吉村正明,46,山口,50.0,A1,5.93,42.39,6.2,40.0,68,28.57,43,46.15,4,11,https://www1.mbrace.or.jp/od2/B/202609/b260914.lzh,2026-10-03T18:36:47.881321+09:00
20260914,11,びわこ,7,20260914-11-07,1,3518,倉田郁美,58,静岡,49.0,B1,4.17,17.95,7.0,66.67,46,32.63,12,40.0,36,,https://www1.mbrace.or.jp/od2/B/202609/b260914.lzh,2026-10-03T18:36:47.881321+09:00
20260914,11,びわこ,7,20260914-11-07,2,4254,川島圭司,43,滋賀,52.0,A2,5.94,40.82,5.89,40.76,50,32.98,70,37.37,3,3,https://www1.mbrace.or.jp/od2/B/202609/b260914.lzh,2026-10-03T18:36:47.881321+09:00
20260914,11,びわこ,7,20260914-11-07,3,4835,橋本明,38,広島,54.0,B1,5.06,27.78,5.27,13.33,44,32.99,56,25.0,4,11,https://www1.mbrace.or.jp/od2/B/202609/b260914.lzh,2026-10-03T18:36:47.881321+09:00
20260914,11,びわこ,7,20260914-11-07,4,3896,上田洋平,50,滋賀,51.0,B1,5.14,25.0,5.3,32.8,32,35.35,47,38.1,6,1,https://www1.mbrace.or.jp/od2/B/202609/b260914.lzh,2026-10-03T18:36:47.881321+09:00
20260914,11,びわこ,7,20260914-11-07,5,3454,井川大作,55,岡山,57.0,B1,5.25,35.63,4.29,25.0,29,40.4,53,37.5,62,,https://www1.mbrace.or.jp/od2/B/202609/b260914.lzh,2026-10-03T18:36:47.881321+09:00
20260914,11,びわこ,7,20260914-11-07,6,4983,前田篤哉,29,愛知,52.0,A1,6.62,52.1,7.71,58.33,70,32.29,20,44.12,14,12,https://www1.mbrace.or.jp/od2/B/202609/b260914.lzh,2026-10-03T18:36:47.881321+09:00
20260914,11,びわこ,8,20260914-11-08,1,3441,土屋太朗,57,群馬,54.0,B1,4.84,25.25,5.7,30.0,38,28.43,71,31.18,2,1,https://www1.mbrace.or.jp/od2/B/202609/b260914.lzh,2026-10-03T18:36:47.881321+09:00
20260914,11,びわこ,8,20260914-11-08,2,4786,佐藤博亮,38,愛知,54.0,A1,6.59,54.84,7.03,58.06,20,31.63,68,41.75,51,2,https://www1.mbrace.or.jp/od2/B/202609/b260914.lzh,2026-10-03T18:36:47.881321+09:00
20260914,11,びわこ,8,20260914-11-08,3,5032,谷口知優,28,香川,52.0,A2,4.89,30.7,0.0,0.0,66,29.81,44,37.04,4,4,https://www1.mbrace.or.jp/od2/B/202609/b260914.lzh,2026-10-03T18:36:47.881321+09:00
20260914,11,びわこ,8,20260914-11-08,4,3435,寺田千恵,57,岡山,46.0,A2,6.44,43.36,6.86,50.0,35,23.53,30,28.13,13,,https://www1.mbrace.or.jp/od2/B/202609/b260914.lzh,2026-10-03T18:36:47.881321+09:00
20260914,11,びわこ,8,20260914-11-08,5,4216,星栄爾,41,静岡,54.0,B1,4.8,25.74,4.79,20.83,22,28.13,33,31.0,5,3,https://www1.mbrace.or.jp/od2/B/202609/b260914.lzh,2026-10-03T18:36:47.881321+09:00
20260914,11,びわこ,8,20260914-11-08,6,5410,今泉澪,21,愛知,49.0,B2,1.6,0.0,1.78,0.0,60,14.74,63,22.22,66,,https://www1.mbrace.or.jp/od2/B/202609/b260914.lzh,2026-10-03T18:36:47.881321+09:00
20260914,11,びわこ,9,20260914-11-09,1,4111,奥田誠,46,広島,55.0,A2,5.56,39.81,3.95,19.05,27,25.88,15,41.24,26,4,https://www1.mbrace.or.jp/od2/B/202609/b260914.lzh,2026-10-03T18:36:47.881321+09:00
20260914,11,びわこ,9,20260914-11-09,2,4186,小川時光,45,埼玉,56.0,B1,3.78,18.75,3.4,0.0,43,28.87,37,34.34,6,1,https://www1.mbrace.or.jp/od2/B/202609/b260914.lzh,2026-10-03T18:36:47.881321+09:00
20260914,11,びわこ,9,20260914-11-09,3,3961,谷村一哉,47,山口,55.0,A1,6.72,50.41,4.84,21.05,67,36.17,39,33.68,12,,https://www1.mbrace.or.jp/od2/B/202609/b260914.lzh,2026-10-03T18:36:47.881321+09:00
20260914,11,びわこ,9,20260914-11-09,4,4607,鶴田勇雄,37,福岡,54.0,A2,5.81,40.68,6.1,45.0,73,27.27,28,10.47,21,,https://www1.mbrace.or.jp/od2/B/202609/b260914.lzh,2026-10-03T18:36:47.881321+09:00
20260914,11,びわこ,9,20260914-11-09,5,4183,宇野弥生,40,愛知,47.0,B1,5.23,39.53,7.37,59.26,62,24.51,25,41.9,6,2,https://www1.mbrace.or.jp/od2/B/202609/b260914.lzh,2026-10-03T18:36:47.881321+09:00
20260914,11,びわこ,9,20260914-11-09,6,4116,川田正人,45,徳島,51.0,B1,4.42,12.82,4.79,29.17,71,32.99,14,7.69,44,,https://www1.mbrace.or.jp/od2/B/202609/b260914.lzh,2026-10-03T18:36:47.881321+09:00
20260914,11,びわこ,10,20260914-11-10,1,4540,相原利章,39,東京,53.0,A2,5.01,28.13,5.5,40.0,24,24.66,27,28.87,13,5,https://www1.mbrace.or.jp/od2/B/202609/b260914.lzh,2026-10-03T18:36:47.881321+09:00
20260914,11,びわこ,10,20260914-11-10,2,3793,高橋真吾,53,埼玉,58.0,B1,4.13,25.0,3.8,20.0,39,30.61,72,34.65,5,3,https://www1.mbrace.or.jp/od2/B/202609/b260914.lzh,2026-10-03T18:36:47.881321+09:00
20260914,11,びわこ,10,20260914-11-10,3,5055,眞鳥章太,30,長崎,54.0,A2,5.62,35.96,5.73,31.82,28,22.92,67,22.58,35,2,https://www1.mbrace.or.jp/od2/B/202609/b260914.lzh,2026-10-03T18:36:47.881321+09:00
20260914,11,びわこ,10,20260914-11-10,4,5278,田中駿兵,24,徳島,52.0,A1,6.79,54.95,4.33,11.11,58,26.8,48,22.47,16,6,https://www1.mbrace.or.jp/od2/B/202609/b260914.lzh,2026-10-03T18:36:47.881321+09:00
20260914,11,びわこ,10,20260914-11-10,5,4947,間庭菜摘,34,福岡,47.0,B1,4.79,22.39,5.26,31.58,16,30.85,45,30.61,5,1,https://www1.mbrace.or.jp/od2/B/202609/b260914.lzh,2026-10-03T18:36:47.881321+09:00
20260914,11,びわこ,10,20260914-11-10,6,4380,鈴木峻佑,42,静岡,54.0,B1,4.91,30.19,4.23,25.71,17,25.77,34,43.75,41,,https://www1.mbrace.or.jp/od2/B/202609/b260914.lzh,2026-10-03T18:36:47.881321+09:00
20260914,11,びわこ,11,20260914-11-11,1,5132,中野希一,27,埼玉,53.0,A1,6.74,54.55,8.27,72.73,51,31.31,17,39.36,31,3,https://www1.mbrace.or.jp/od2/B/202609/b260914.lzh,2026-10-03T18:36:47.881321+09:00
20260914,11,びわこ,11,20260914-11-11,2,4108,吉村正明,46,山口,50.0,A1,5.93,42.39,6.2,40.0,68,28.57,43,46.15,4,6,https://www1.mbrace.or.jp/od2/B/202609/b260914.lzh,2026-10-03T18:36:47.881321+09:00
20260914,11,びわこ,11,20260914-11-11,3,4957,竹之内極,31,福岡,57.0,B1,5.44,34.69,0.0,0.0,18,47.62,21,31.18,2,4,https://www1.mbrace.or.jp/od2/B/202609/b260914.lzh,2026-10-03T18:36:47.881321+09:00
20260914,11,びわこ,11,20260914-11-11,4,4012,中村有裕,46,滋賀,56.0,A2,6.45,48.78,6.28,47.13,12,49.02,29,35.79,41,2,https://www1.mbrace.or.jp/od2/B/202609/b260914.lzh,2026-10-03T18:36:47.881321+09:00
20260914,11,びわこ,11,20260914-11-11,5,3905,天野友和,48,愛知,53.0,A2,5.89,37.84,6.1,35.48,56,29.9,31,41.35,3,5,https://www1.mbrace.or.jp/od2/B/202609/b260914.lzh,2026-10-03T18:36:47.881321+09:00
20260914,11,びわこ,11,20260914-11-11,6,4835,橋本明,38,広島,54.0,B1,5.06,27.78,5.27,13.33,44,32.99,56,25.0,4,7,https://www1.mbrace.or.jp/od2/B/202609/b260914.lzh,2026-10-03T18:36:47.881321+09:00
20260914,11,びわこ,12,20260914-11-12,1,3918,深井利寿,52,滋賀,52.0,A1,6.7,42.98,6.89,49.32,40,42.42,41,44.55,35,5,https://www1.mbrace.or.jp/od2/B/202609/b260914.lzh,2026-10-03T18:36:47.881321+09:00
20260914,11,びわこ,12,20260914-11-12,2,4124,池田雄一,44,静岡,53.0,A2,5.97,39.42,5.52,40.0,14,36.17,55,26.6,4,6,https://www1.mbrace.or.jp/od2/B/202609/b260914.lzh,2026-10-03T18:36:47.881321+09:00
20260914,11,びわこ,12,20260914-11-12,3,4983,前田篤哉,29,愛知,52.0,A1,6.62,52.1,7.71,58.33,70,32.29,20,44.12,14,7,https://www1.mbrace.or.jp/od2/B/202609/b260914.lzh,2026-10-03T18:36:47.881321+09:00
20260914,11,びわこ,12,20260914-11-12,4,4779,伊倉光,40,東京,51.0,B1,5.19,25.53,5.08,20.0,30,26.8,65,29.59,1,4,https://www1.mbrace.or.jp/od2/B/202609/b260914.lzh,2026-10-03T18:36:47.881321+09:00
20260914,11,びわこ,12,20260914-11-12,5,4894,原村拓也,35,香川,51.0,B1,4.52,19.79,4.75,25.0,55,30.93,61,37.37,3,2,https://www1.mbrace.or.jp/od2/B/202609/b260914.lzh,2026-10-03T18:36:47.881321+09:00
20260914,11,びわこ,12,20260914-11-12,6,4486,野村誠,40,群馬,53.0,A2,5.8,40.35,5.0,23.81,36,27.45,58,31.4,22,3,https://www1.mbrace.or.jp/od2/B/202609/b260914.lzh,2026-10-03T18:36:47.881321+09:00
20260914,10,三国,1,20260914-10-01,1,3968,茶谷信次,50,滋賀,52.0,A2,5.04,28.92,6.09,34.48,16,21.43,58,39.84,241,5,https://www1.mbrace.or.jp/od2/B/202609/b260914.lzh,2026-10-03T18:36:47.881321+09:00
20260914,10,三国,1,20260914-10-01,2,3620,信濃由行,52,福井,54.0,B1,3.21,6.67,4.15,19.66,37,32.52,34,38.14,654,7,https://www1.mbrace.or.jp/od2/B/202609/b260914.lzh,2026-10-03T18:36:47.881321+09:00
20260914,10,三国,1,20260914-10-01,3,4139,丹下健,45,愛知,55.0,B1,4.55,27.27,5.08,32.69,68,11.88,32,36.21,561,8,https://www1.mbrace.or.jp/od2/B/202609/b260914.lzh,2026-10-03T18:36:47.881321+09:00
20260914,10,三国,1,20260914-10-01,4,3482,金子猛志,55,群馬,58.0,B1,4.71,27.43,5.02,31.48,13,38.28,57,31.71,4 16,9,https://www1.mbrace.or.jp/od2/B/202609/b260914.lzh,2026-10-03T18:36:47.881321+09:00
20260914,10,三国,1,20260914-10-01,5,3587,武田信一,53,徳島,60.0,B1,3.76,15.79,4.27,26.67,52,38.33,47,35.29,335,7,https://www1.mbrace.or.jp/od2/B/202609/b260914.lzh,2026-10-03T18:36:47.881321+09:00
20260914,10,三国,1,20260914-10-01,6,4081,樋口範政,47,愛知,55.0,B1,5.52,34.21,4.21,19.15,39,32.2,69,29.23,452,6,https://www1.mbrace.or.jp/od2/B/202609/b260914.lzh,2026-10-03T18:36:47.881321+09:00
20260914,10,三国,2,20260914-10-02,1,4890,石川諒,37,山口,52.0,A2,5.93,39.36,4.0,25.0,45,38.1,62,33.61,564,9,https://www1.mbrace.or.jp/od2/B/202609/b260914.lzh,2026-10-03T18:36:47.881321+09:00
20260914,10,三国,2,20260914-10-02,2,3251,平石和男,60,埼玉,50.0,A2,5.89,37.4,5.78,42.11,41,26.23,50,33.33,1253,10,https://www1.mbrace.or.jp/od2/B/202609/b260914.lzh,2026-10-03T18:36:47.881321+09:00
20260914,10,三国,2,20260914-10-02,3,3967,鈴木茂高,47,愛知,57.0,B1,4.31,25.93,4.35,20.0,67,25.86,37,36.21,6 56,,https://www1.mbrace.or.jp/od2/B/202609/b260914.lzh,2026-10-03T18:36:47.881321+09:00
20260914,10,三国,2,20260914-10-02,4,4003,表憲一,48,福井,55.0,B1,5.68,35.63,5.44,29.87,38,27.87,67,35.04,314,10,https://www1.mbrace.or.jp/od2/B/202609/b260914.lzh,2026-10-03T18:36:47.881321+09:00
20260914,10,三国,2,20260914-10-02,5,5294,豊田祥生,24,静岡,50.0,B1,3.61,17.33,3.43,13.04,47,19.66,41,19.1,6 31,7,https://www1.mbrace.or.jp/od2/B/202609/b260914.lzh,2026-10-03T18:36:47.881321+09:00
20260914,10,三国,2,20260914-10-02,6,3645,淺田千亜,53,徳島,46.0,B2,4.55,33.33,0.0,0.0,57,42.74,28,41.27,6 42,8,https://www1.mbrace.or.jp/od2/B/202609/b260914.lzh,2026-10-03T18:36:47.881321+09:00
20260914,10,三国,3,20260914-10-03,1,4155,長野壮志,45,福岡,57.0,A2,6.16,47.22,4.0,30.0,12,37.4,48,34.11,2414,12,https://www1.mbrace.or.jp/od2/B/202609/b260914.lzh,2026-10-03T18:36:47.881321+09:00
20260914,10,三国,3,20260914-10-03,2,3442,宮武英司,57,香川,55.0,B1,4.26,21.28,5.8,30.0,69,28.95,63,32.56,616,9,https://www1.mbrace.or.jp/od2/B/202609/b260914.lzh,2026-10-03T18:36:47.881321+09:00
20260914,10,三国,3,20260914-10-03,3,5029,中亮太,29,福岡,54.0,A1,7.01,56.49,6.1,30.0,20,36.92,14,36.89,2326,11,https://www1.mbrace.or.jp/od2/B/202609/b260914.lzh,2026-10-03T18:36:47.881321+09:00
20260914,10,三国,3,20260914-10-03,4,4429,豊田泰洋,40,広島,60.0,B1,3.22,11.96,3.93,7.14,15,30.0,53,31.82,564,,https://www1.mbrace.or.jp/od2/B/202609/b260914.lzh,2026-10-03T18:36:47.881321+09:00
20260914,10,三国,3,20260914-10-03,5,3156,金子良昭,61,静岡,54.0,B1,4.05,21.84,5.17,26.83,51,38.52,27,32.2,1 66,8,https://www1.mbrace.or.jp/od2/B/202609/b260914.lzh,2026-10-03T18:36:47.881321+09:00
20260914,10,三国,3,20260914-10-03,6,4317,木村紗友,42,静岡,48.0,B1,4.42,24.73,5.07,40.74,60,31.62,11,29.57,132,10,https://www1.mbrace.or.jp/od2/B/202609/b260914.lzh,2026-10-03T18:36:47.881321+09:00
20260914,10,三国,4,20260914-10-04,1,3746,岡瀬正人,51,岡山,53.0,A2,5.74,35.04,7.45,63.64,21,32.31,52,34.55,2235,10,https://www1.mbrace.or.jp/od2/B/202609/b260914.lzh,2026-10-03T18:36:47.881321+09:00
20260914,10,三国,4,20260914-10-04,2,4432,黄金井力,40,埼玉,56.0,B1,5.23,28.72,5.17,31.91,36,31.78,55,32.52,314,11,https://www1.mbrace.or.jp/od2/B/202609/b260914.lzh,2026-10-03T18:36:47.881321+09:00
20260914,10,三国,4,20260914-10-04,3,4203,小倉康典,44,群馬,52.0,B1,4.56,29.76,4.22,22.22,29,30.0,23,33.58,6 66,,https://www1.mbrace.or.jp/od2/B/202609/b260914.lzh,2026-10-03T18:36:47.881321+09:00
20260914,10,三国,4,20260914-10-04,4,5141,大澤風葵,25,群馬,51.0,A1,6.53,56.25,7.5,66.67,35,47.01,30,33.61,2513,12,https://www1.mbrace.or.jp/od2/B/202609/b260914.lzh,2026-10-03T18:36:47.881321+09:00
20260914,10,三国,4,20260914-10-04,5,3940,飯山泰,48,東京,53.0,A1,6.3,47.46,7.13,60.71,50,30.22,43,27.48,3134,11,https://www1.mbrace.or.jp/od2/B/202609/b260914.lzh,2026-10-03T18:36:47.881321+09:00
20260914,10,三国,4,20260914-10-04,6,4694,高田綾,41,福岡,44.0,B1,4.47,20.65,0.0,0.0,14,34.17,68,26.36,3 52,9,https://www1.mbrace.or.jp/od2/B/202609/b260914.lzh,2026-10-03T18:36:47.881321+09:00
20260914,10,三国,5,20260914-10-05,1,3474,松瀬弘美,56,静岡,46.0,B1,4.73,26.92,5.53,32.65,26,20.54,65,31.75,6 64,,https://www1.mbrace.or.jp/od2/B/202609/b260914.lzh,2026-10-03T18:36:47.881321+09:00
20260914,10,三国,5,20260914-10-05,2,3805,高橋英之,52,東京,53.0,B1,5.46,34.86,5.28,44.44,28,30.08,44,39.82,422,12,https://www1.mbrace.or.jp/od2/B/202609/b260914.lzh,2026-10-03T18:36:47.881321+09:00
20260914,10,三国,5,20260914-10-05,3,4931,木谷賢太,30,香川,53.0,A1,6.76,51.97,5.78,33.33,32,23.93,39,28.57,5413,10,https://www1.mbrace.or.jp/od2/B/202609/b260914.lzh,2026-10-03T18:36:47.881321+09:00
20260914,10,三国,5,20260914-10-05,4,3968,茶谷信次,50,滋賀,52.0,A2,5.04,28.92,6.09,34.48,16,21.43,58,39.84,241,1,https://www1.mbrace.or.jp/od2/B/202609/b260914.lzh,2026-10-03T18:36:47.881321+09:00
20260914,10,三国,5,20260914-10-05,5,4953,尾上雅也,31,埼玉,54.0,A1,6.46,48.8,7.08,50.0,64,32.5,66,34.35,2321,12,https://www1.mbrace.or.jp/od2/B/202609/b260914.lzh,2026-10-03T18:36:47.881321+09:00
20260914,10,三国,5,20260914-10-05,6,3699,富永正人,53,埼玉,53.0,B1,4.39,24.32,4.81,30.56,48,28.13,16,37.29,1 42,11,https://www1.mbrace.or.jp/od2/B/202609/b260914.lzh,2026-10-03T18:36:47.881321+09:00
20260914,10,三国,6,20260914-10-06,1,4081,樋口範政,47,愛知,55.0,B1,5.52,34.21,4.21,19.15,39,32.2,69,29.23,452,1,https://www1.mbrace.or.jp/od2/B/202609/b260914.lzh,2026-10-03T18:36:47.881321+09:00
20260914,10,三国,6,20260914-10-06,2,4233,亀山雅幸,43,群馬,52.0,A2,6.05,45.9,5.88,62.5,42,42.28,49,23.31,5352,,https://www1.mbrace.or.jp/od2/B/202609/b260914.lzh,2026-10-03T18:36:47.881321+09:00
20260914,10,三国,6,20260914-10-06,3,5323,香川陽太,23,滋賀,56.0,B2,4.64,25.53,2.86,3.45,56,27.64,70,29.51,5 34,,https://www1.mbrace.or.jp/od2/B/202609/b260914.lzh,2026-10-03T18:36:47.881321+09:00
20260914,10,三国,6,20260914-10-06,4,5045,平川香織,26,埼玉,46.0,A2,7.05,52.43,4.1,15.0,40,39.2,19,39.2,1312,11,https://www1.mbrace.or.jp/od2/B/202609/b260914.lzh,2026-10-03T18:36:47.881321+09:00
20260914,10,三国,6,20260914-10-06,5,3788,一宮稔弘,54,徳島,53.0,B2,5.52,39.13,4.2,26.67,22,22.73,12,44.04,4 55,,https://www1.mbrace.or.jp/od2/B/202609/b260914.lzh,2026-10-03T18:36:47.881321+09:00
20260914,10,三国,6,20260914-10-06,6,4199,北川潤二,44,愛知,59.0,A1,6.29,44.44,6.47,58.82,33,36.29,15,36.64,3241,10,https://www1.mbrace.or.jp/od2/B/202609/b260914.lzh,2026-10-03T18:36:47.881321+09:00
20260914,10,三国,7,20260914-10-07,1,3563,堤昇,56,静岡,53.0,B1,5.94,41.74,4.6,24.0,53,33.33,13,29.84,441,11,https://www1.mbrace.or.jp/od2/B/202609/b260914.lzh,2026-10-03T18:36:47.881321+09:00
20260914,10,三国,7,20260914-10-07,2,3587,武田信一,53,徳島,60.0,B1,3.76,15.79,4.27,26.67,52,38.33,47,35.29,335,1,https://www1.mbrace.or.jp/od2/B/202609/b260914.lzh,2026-10-03T18:36:47.881321+09:00
20260914,10,三国,7,20260914-10-07,3,5294,豊田祥生,24,静岡,50.0,B1,3.61,17.33,3.43,13.04,47,19.66,41,19.1,6 31,2,https://www1.mbrace.or.jp/od2/B/202609/b260914.lzh,2026-10-03T18:36:47.881321+09:00
20260914,10,三国,7,20260914-10-07,4,3620,信濃由行,52,福井,54.0,B1,3.21,6.67,4.15,19.66,37,32.52,34,38.14,654,1,https://www1.mbrace.or.jp/od2/B/202609/b260914.lzh,2026-10-03T18:36:47.881321+09:00
20260914,10,三国,7,20260914-10-07,5,4589,塩崎桐加,34,三重,50.0,B1,5.69,33.33,6.74,56.52,59,25.42,54,35.83,1 33,12,https://www1.mbrace.or.jp/od2/B/202609/b260914.lzh,2026-10-03T18:36:47.881321+09:00
20260914,10,三国,7,20260914-10-07,6,4564,山本景士,38,広島,53.0,B1,4.68,22.22,4.57,26.67,11,26.36,72,33.33,455,,https://www1.mbrace.or.jp/od2/B/202609/b260914.lzh,2026-10-03T18:36:47.881321+09:00
20260914,10,三国,8,20260914-10-08,1,3645,淺田千亜,53,徳島,46.0,B2,4.55,33.33,0.0,0.0,57,42.74,28,41.27,6 42,2,https://www1.mbrace.or.jp/od2/B/202609/b260914.lzh,2026-10-03T18:36:47.881321+09:00
20260914,10,三国,8,20260914-10-08,2,3156,金子良昭,61,静岡,54.0,B1,4.05,21.84,5.17,26.83,51,38.52,27,32.2,1 66,3,https://www1.mbrace.or.jp/od2/B/202609/b260914.lzh,2026-10-03T18:36:47.881321+09:00
20260914,10,三国,8,20260914-10-08,3,5034,若林義人,28,静岡,56.0,A1,6.42,47.06,7.07,48.15,54,41.03,71,39.47,1S21,12,https://www1.mbrace.or.jp/od2/B/202609/b260914.lzh,2026-10-03T18:36:47.881321+09:00
20260914,10,三国,8,20260914-10-08,4,3613,角谷健吾,53,東京,52.0,A2,5.88,42.61,0.0,0.0,63,38.52,33,33.9,4 53,,https://www1.mbrace.or.jp/od2/B/202609/b260914.lzh,2026-10-03T18:36:47.881321+09:00
20260914,10,三国,8,20260914-10-08,5,4139,丹下健,45,愛知,55.0,B1,4.55,27.27,5.08,32.69,68,11.88,32,36.21,561,1,https://www1.mbrace.or.jp/od2/B/202609/b260914.lzh,2026-10-03T18:36:47.881321+09:00
20260914,10,三国,8,20260914-10-08,6,3659,藤生雄人,51,群馬,54.0,A2,5.53,32.1,5.75,41.67,58,33.09,46,37.4,5532,,https://www1.mbrace.or.jp/od2/B/202609/b260914.lzh,2026-10-03T18:36:47.881321+09:00
20260914,10,三国,9,20260914-10-09,1,3482,金子猛志,55,群馬,58.0,B1,4.71,27.43,5.02,31.48,13,38.28,57,31.71,4 16,1,https://www1.mbrace.or.jp/od2/B/202609/b260914.lzh,2026-10-03T18:36:47.881321+09:00
20260914,10,三国,9,20260914-10-09,2,4930,佐藤悠,30,福井,54.0,A2,6.22,41.75,5.85,37.65,27,38.1,60,32.31,1265,,https://www1.mbrace.or.jp/od2/B/202609/b260914.lzh,2026-10-03T18:36:47.881321+09:00
20260914,10,三国,9,20260914-10-09,3,4694,高田綾,41,福岡,44.0,B1,4.47,20.65,0.0,0.0,14,34.17,68,26.36,3 52,4,https://www1.mbrace.or.jp/od2/B/202609/b260914.lzh,2026-10-03T18:36:47.881321+09:00
20260914,10,三国,9,20260914-10-09,4,4950,高岡竜也,33,山口,53.0,A1,6.17,46.61,5.35,41.18,17,37.04,25,35.71,2653,,https://www1.mbrace.or.jp/od2/B/202609/b260914.lzh,2026-10-03T18:36:47.881321+09:00
20260914,10,三国,9,20260914-10-09,5,3442,宮武英司,57,香川,55.0,B1,4.26,21.28,5.8,30.0,69,28.95,63,32.56,616,3,https://www1.mbrace.or.jp/od2/B/202609/b260914.lzh,2026-10-03T18:36:47.881321+09:00
20260914,10,三国,9,20260914-10-09,6,4890,石川諒,37,山口,52.0,A2,5.93,39.36,4.0,25.0,45,38.1,62,33.61,564,2,https://www1.mbrace.or.jp/od2/B/202609/b260914.lzh,2026-10-03T18:36:47.881321+09:00
20260914,10,三国,10,20260914-10-10,1,4199,北川潤二,44,愛知,59.0,A1,6.29,44.44,6.47,58.82,33,36.29,15,36.64,3241,6,https://www1.mbrace.or.jp/od2/B/202609/b260914.lzh,2026-10-03T18:36:47.881321+09:00
20260914,10,三国,10,20260914-10-10,2,4317,木村紗友,42,静岡,48.0,B1,4.42,24.73,5.07,40.74,60,31.62,11,29.57,132,3,https://www1.mbrace.or.jp/od2/B/202609/b260914.lzh,2026-10-03T18:36:47.881321+09:00
20260914,10,三国,10,20260914-10-10,3,4003,表憲一,48,福井,55.0,B1,5.68,35.63,5.44,29.87,38,27.87,67,35.04,314,2,https://www1.mbrace.or.jp/od2/B/202609/b260914.lzh,2026-10-03T18:36:47.881321+09:00
20260914,10,三国,10,20260914-10-10,4,3251,平石和男,60,埼玉,50.0,A2,5.89,37.4,5.78,42.11,41,26.23,50,33.33,1253,2,https://www1.mbrace.or.jp/od2/B/202609/b260914.lzh,2026-10-03T18:36:47.881321+09:00
20260914,10,三国,10,20260914-10-10,5,4931,木谷賢太,30,香川,53.0,A1,6.76,51.97,5.78,33.33,32,23.93,39,28.57,5413,5,https://www1.mbrace.or.jp/od2/B/202609/b260914.lzh,2026-10-03T18:36:47.881321+09:00
20260914,10,三国,10,20260914-10-10,6,3746,岡瀬正人,51,岡山,53.0,A2,5.74,35.04,7.45,63.64,21,32.31,52,34.55,2235,4,https://www1.mbrace.or.jp/od2/B/202609/b260914.lzh,2026-10-03T18:36:47.881321+09:00
20260914,10,三国,11,20260914-10-11,1,5045,平川香織,26,埼玉,46.0,A2,7.05,52.43,4.1,15.0,40,39.2,19,39.2,1312,6,https://www1.mbrace.or.jp/od2/B/202609/b260914.lzh,2026-10-03T18:36:47.881321+09:00
20260914,10,三国,11,20260914-10-11,2,3699,富永正人,53,埼玉,53.0,B1,4.39,24.32,4.81,30.56,48,28.13,16,37.29,1 42,5,https://www1.mbrace.or.jp/od2/B/202609/b260914.lzh,2026-10-03T18:36:47.881321+09:00
20260914,10,三国,11,20260914-10-11,3,3940,飯山泰,48,東京,53.0,A1,6.3,47.46,7.13,60.71,50,30.22,43,27.48,3134,4,https://www1.mbrace.or.jp/od2/B/202609/b260914.lzh,2026-10-03T18:36:47.881321+09:00
20260914,10,三国,11,20260914-10-11,4,5029,中亮太,29,福岡,54.0,A1,7.01,56.49,6.1,30.0,20,36.92,14,36.89,2326,3,https://www1.mbrace.or.jp/od2/B/202609/b260914.lzh,2026-10-03T18:36:47.881321+09:00
20260914,10,三国,11,20260914-10-11,5,4432,黄金井力,40,埼玉,56.0,B1,5.23,28.72,5.17,31.91,36,31.78,55,32.52,314,4,https://www1.mbrace.or.jp/od2/B/202609/b260914.lzh,2026-10-03T18:36:47.881321+09:00
20260914,10,三国,11,20260914-10-11,6,3563,堤昇,56,静岡,53.0,B1,5.94,41.74,4.6,24.0,53,33.33,13,29.84,441,7,https://www1.mbrace.or.jp/od2/B/202609/b260914.lzh,2026-10-03T18:36:47.881321+09:00
20260914,10,三国,12,20260914-10-12,1,4953,尾上雅也,31,埼玉,54.0,A1,6.46,48.8,7.08,50.0,64,32.5,66,34.35,2321,5,https://www1.mbrace.or.jp/od2/B/202609/b260914.lzh,2026-10-03T18:36:47.881321+09:00
20260914,10,三国,12,20260914-10-12,2,5141,大澤風葵,25,群馬,51.0,A1,6.53,56.25,7.5,66.67,35,47.01,30,33.61,2513,4,https://www1.mbrace.or.jp/od2/B/202609/b260914.lzh,2026-10-03T18:36:47.881321+09:00
20260914,10,三国,12,20260914-10-12,3,4589,塩崎桐加,34,三重,50.0,B1,5.69,33.33,6.74,56.52,59,25.42,54,35.83,1 33,7,https://www1.mbrace.or.jp/od2/B/202609/b260914.lzh,2026-10-03T18:36:47.881321+09:00
20260914,10,三国,12,20260914-10-12,4,4155,長野壮志,45,福岡,57.0,A2,6.16,47.22,4.0,30.0,12,37.4,48,34.11,2414,3,https://www1.mbrace.or.jp/od2/B/202609/b260914.lzh,2026-10-03T18:36:47.881321+09:00
20260914,10,三国,12,20260914-10-12,5,3805,高橋英之,52,東京,53.0,B1,5.46,34.86,5.28,44.44,28,30.08,44,39.82,422,5,https://www1.mbrace.or.jp/od2/B/202609/b260914.lzh,2026-10-03T18:36:47.881321+09:00
20260914,10,三国,12,20260914-10-12,6,5034,若林義人,28,静岡,56.0,A1,6.42,47.06,7.07,48.15,54,41.03,71,39.47,1S21,8,https://www1.mbrace.or.jp/od2/B/202609/b260914.lzh,2026-10-03T18:36:47.881321+09:00
20260914,09,津,1,20260914-09-01,1,4824,松井洪弥,33,三重,52.0,A2,5.97,45.22,6.17,46.15,25,39.23,63,31.61,122,12,https://www1.mbrace.or.jp/od2/B/202609/b260914.lzh,2026-10-03T18:36:47.881321+09:00
20260914,09,津,1,20260914-09-01,2,5356,長谷川暖,21,岡山,50.0,B1,4.82,27.87,0.0,0.0,63,29.59,72,32.26,524,9,https://www1.mbrace.or.jp/od2/B/202609/b260914.lzh,2026-10-03T18:36:47.881321+09:00
20260914,09,津,1,20260914-09-01,3,4458,抹香雄三,40,広島,54.0,B1,5.49,29.73,4.27,11.54,58,40.27,25,37.28,215,8,https://www1.mbrace.or.jp/od2/B/202609/b260914.lzh,2026-10-03T18:36:47.881321+09:00
20260914,09,津,1,20260914-09-01,4,4106,坂井康嗣,46,佐賀,52.0,B1,4.22,23.38,4.11,22.22,36,42.57,65,34.34,5 66,,https://www1.mbrace.or.jp/od2/B/202609/b260914.lzh,2026-10-03T18:36:47.881321+09:00
20260914,09,津,1,20260914-09-01,5,3827,今泉徹,53,群馬,52.0,B1,4.04,14.43,5.75,37.5,49,38.26,41,19.51,624,7,https://www1.mbrace.or.jp/od2/B/202609/b260914.lzh,2026-10-03T18:36:47.881321+09:00
20260914,09,津,1,20260914-09-01,6,3448,高山秀雄,56,群馬,55.0,B1,4.35,21.62,4.59,20.59,29,31.25,47,28.23,342,11,https://www1.mbrace.or.jp/od2/B/202609/b260914.lzh,2026-10-03T18:36:47.881321+09:00
20260914,09,津,2,20260914-09-02,1,5354,渡邊雄斗,21,三重,51.0,B1,4.44,24.72,2.92,12.09,33,28.74,36,29.06,333,10,https://www1.mbrace.or.jp/od2/B/202609/b260914.lzh,2026-10-03T18:36:47.881321+09:00
20260914,09,津,2,20260914-09-02,2,3901,松田憲幸,49,山口,53.0,B2,4.7,30.19,4.25,25.0,18,34.62,67,33.54,5 26,,https://www1.mbrace.or.jp/od2/B/202609/b260914.lzh,2026-10-03T18:36:47.881321+09:00
20260914,09,津,2,20260914-09-02,3,4390,松本弓雄,40,徳島,52.0,B1,3.9,17.0,6.33,44.44,24,39.57,26,38.96,4 3,6,https://www1.mbrace.or.jp/od2/B/202609/b260914.lzh,2026-10-03T18:36:47.881321+09:00
20260914,09,津,2,20260914-09-02,4,3973,崎利仁,50,群馬,55.0,B1,4.57,25.49,3.4,12.5,55,28.57,12,28.48,3 55,,https://www1.mbrace.or.jp/od2/B/202609/b260914.lzh,2026-10-03T18:36:47.881321+09:00
20260914,09,津,2,20260914-09-02,5,5277,井上未都,24,福岡,46.0,B1,4.73,23.81,4.39,22.22,32,37.14,31,38.19,536,8,https://www1.mbrace.or.jp/od2/B/202609/b260914.lzh,2026-10-03T18:36:47.881321+09:00
20260914,09,津,2,20260914-09-02,6,3619,長谷川充,52,群馬,51.0,B1,5.14,30.0,5.95,36.84,19,17.53,61,27.94,4 44,,https://www1.mbrace.or.jp/od2/B/202609/b260914.lzh,2026-10-03T18:36:47.881321+09:00
20260914,09,津,3,20260914-09-03,1,4423,坂口貴彦,37,岡山,56.0,B1,5.78,39.6,5.44,25.0,72,33.52,53,24.3,4226,,https://www1.mbrace.or.jp/od2/B/202609/b260914.lzh,2026-10-03T18:36:47.881321+09:00
20260914,09,津,3,20260914-09-03,2,3567,吉岡誠,56,山口,55.0,B1,3.1,17.46,2.71,14.29,28,34.64,73,32.7,665,7,https://www1.mbrace.or.jp/od2/B/202609/b260914.lzh,2026-10-03T18:36:47.881321+09:00
20260914,09,津,3,20260914-09-03,3,4757,山田祐也,37,徳島,53.0,A1,6.61,45.79,6.17,39.13,27,33.56,18,37.21,3311,10,https://www1.mbrace.or.jp/od2/B/202609/b260914.lzh,2026-10-03T18:36:47.881321+09:00
20260914,09,津,3,20260914-09-03,4,4977,馬野耀,32,大阪,54.0,A2,6.16,41.13,5.33,27.78,51,42.24,45,36.69,222,12,https://www1.mbrace.or.jp/od2/B/202609/b260914.lzh,2026-10-03T18:36:47.881321+09:00
20260914,09,津,3,20260914-09-03,5,4058,野末智一,47,静岡,52.0,A1,6.08,43.09,5.2,32.81,52,30.66,44,31.82,1 14,8,https://www1.mbrace.or.jp/od2/B/202609/b260914.lzh,2026-10-03T18:36:47.881321+09:00
20260914,09,津,3,20260914-09-03,6,5204,宇恵有香,29,三重,45.0,B2,4.65,21.98,4.78,25.4,71,30.25,69,35.19,2 35,,https://www1.mbrace.or.jp/od2/B/202609/b260914.lzh,2026-10-03T18:36:47.881321+09:00
20260914,09,津,4,20260914-09-04,1,5327,西田和加,22,埼玉,49.0,B2,1.91,1.89,1.5,0.0,34,26.47,24,32.95,6 66,,https://www1.mbrace.or.jp/od2/B/202609/b260914.lzh,2026-10-03T18:36:47.881321+09:00
20260914,09,津,4,20260914-09-04,2,4949,横田貴満,33,佐賀,49.0,A2,5.95,38.82,0.0,0.0,70,34.13,27,27.27,255,11,https://www1.mbrace.or.jp/od2/B/202609/b260914.lzh,2026-10-03T18:36:47.881321+09:00
20260914,09,津,4,20260914-09-04,3,5359,佐藤世那,20,東京,56.0,B1,4.3,26.87,2.2,5.0,35,36.88,71,24.75,1 16,,https://www1.mbrace.or.jp/od2/B/202609/b260914.lzh,2026-10-03T18:36:47.881321+09:00
20260914,09,津,4,20260914-09-04,4,4703,森永隆,38,山口,52.0,A1,6.68,56.67,5.85,30.0,68,37.78,39,34.91,366,9,https://www1.mbrace.or.jp/od2/B/202609/b260914.lzh,2026-10-03T18:36:47.881321+09:00
20260914,09,津,4,20260914-09-04,5,4933,板橋侑我,30,静岡,53.0,A2,6.54,44.21,8.13,75.0,64,31.88,76,40.56,343,10,https://www1.mbrace.or.jp/od2/B/202609/b260914.lzh,2026-10-03T18:36:47.881321+09:00
20260914,09,津,4,20260914-09-04,6,4259,真庭明志,42,長崎,53.0,A2,5.66,34.92,3.6,20.0,22,38.61,74,39.87,4 23,,https://www1.mbrace.or.jp/od2/B/202609/b260914.lzh,2026-10-03T18:36:47.881321+09:00
20260914,09,津,5,20260914-09-05,1,4581,吉村誠,37,静岡,52.0,A1,6.59,49.09,5.92,30.56,60,26.0,30,35.19,651,12,https://www1.mbrace.or.jp/od2/B/202609/b260914.lzh,2026-10-03T18:36:47.881321+09:00
20260914,09,津,5,20260914-09-05,2,4119,泥谷一毅,45,大阪,53.0,B1,6.02,38.68,6.11,44.44,53,32.33,50,32.62,5 12,,https://www1.mbrace.or.jp/od2/B/202609/b260914.lzh,2026-10-03T18:36:47.881321+09:00
20260914,09,津,5,20260914-09-05,3,3900,香川素子,49,滋賀,48.0,A2,6.19,44.94,6.33,45.45,57,22.12,68,24.56,165,11,https://www1.mbrace.or.jp/od2/B/202609/b260914.lzh,2026-10-03T18:36:47.881321+09:00
20260914,09,津,5,20260914-09-05,4,3268,森竜也,61,三重,53.0,B1,4.8,29.81,4.8,33.9,16,38.78,28,37.5,165,9,https://www1.mbrace.or.jp/od2/B/202609/b260914.lzh,2026-10-03T18:36:47.881321+09:00
20260914,09,津,5,20260914-09-05,5,3430,角浜修,58,広島,56.0,B1,4.37,24.74,4.72,33.33,48,37.35,64,34.06,263,10,https://www1.mbrace.or.jp/od2/B/202609/b260914.lzh,2026-10-03T18:36:47.881321+09:00
20260914,09,津,5,20260914-09-05,6,3211,北川敏弘,64,佐賀,53.0,B1,4.19,19.0,6.1,50.0,62,29.56,38,31.52,5 56,,https://www1.mbrace.or.jp/od2/B/202609/b260914.lzh,2026-10-03T18:36:47.881321+09:00
20260914,09,津,6,20260914-09-06,1,3580,水口由紀,53,滋賀,49.0,B1,4.47,17.78,4.68,21.43,69,23.48,54,22.83,6 65,,https://www1.mbrace.or.jp/od2/B/202609/b260914.lzh,2026-10-03T18:36:47.881321+09:00
20260914,09,津,6,20260914-09-06,2,5172,田村慶,25,徳島,52.0,B1,5.09,36.26,5.3,30.0,21,39.35,56,36.94,632,11,https://www1.mbrace.or.jp/od2/B/202609/b260914.lzh,2026-10-03T18:36:47.881321+09:00
20260914,09,津,6,20260914-09-06,3,5005,石田貴洋,30,埼玉,52.0,A1,6.31,43.88,5.0,20.59,54,26.87,13,34.19,4 23,10,https://www1.mbrace.or.jp/od2/B/202609/b260914.lzh,2026-10-03T18:36:47.881321+09:00
20260914,09,津,6,20260914-09-06,4,4390,松本弓雄,40,徳島,52.0,B1,3.9,17.0,6.33,44.44,24,39.57,26,38.96,4 3,2,https://www1.mbrace.or.jp/od2/B/202609/b260914.lzh,2026-10-03T18:36:47.881321+09:00
20260914,09,津,6,20260914-09-06,5,4644,山田亮太,47,東京,52.0,A1,6.62,47.58,5.0,37.5,44,45.59,14,25.49,1253,12,https://www1.mbrace.or.jp/od2/B/202609/b260914.lzh,2026-10-03T18:36:47.881321+09:00
20260914,09,津,6,20260914-09-06,6,4156,浜野孝志,45,三重,57.0,A2,5.37,30.97,5.82,39.6,43,26.39,15,40.79,3 12,,https://www1.mbrace.or.jp/od2/B/202609/b260914.lzh,2026-10-03T18:36:47.881321+09:00
20260914,09,津,7,20260914-09-07,1,4017,向井美鈴,46,山口,45.0,B1,5.61,36.78,5.91,36.36,41,42.58,35,21.05,324,12,https://www1.mbrace.or.jp/od2/B/202609/b260914.lzh,2026-10-03T18:36:47.881321+09:00
20260914,09,津,7,20260914-09-07,2,3349,吉田一郎,58,長崎,51.0,A1,6.03,40.0,6.0,57.14,45,25.0,49,42.0,5 41,,https://www1.mbrace.or.jp/od2/B/202609/b260914.lzh,2026-10-03T18:36:47.881321+09:00
20260914,09,津,7,20260914-09-07,3,3827,今泉徹,53,群馬,52.0,B1,4.04,14.43,5.75,37.5,49,38.26,41,19.51,624,1,https://www1.mbrace.or.jp/od2/B/202609/b260914.lzh,2026-10-03T18:36:47.881321+09:00
20260914,09,津,7,20260914-09-07,4,3629,浅見昌克,56,埼玉,52.0,A2,5.07,27.12,5.93,37.04,50,33.33,21,31.1,4 24,,https://www1.mbrace.or.jp/od2/B/202609/b260914.lzh,2026-10-03T18:36:47.881321+09:00
20260914,09,津,7,20260914-09-07,5,3567,吉岡誠,56,山口,55.0,B1,3.1,17.46,2.71,14.29,28,34.64,73,32.7,665,3,https://www1.mbrace.or.jp/od2/B/202609/b260914.lzh,2026-10-03T18:36:47.881321+09:00
20260914,09,津,7,20260914-09-07,6,4136,江夏満,46,福岡,55.0,A1,6.33,42.11,5.97,41.38,47,30.82,52,35.17,146,11,https://www1.mbrace.or.jp/od2/B/202609/b260914.lzh,2026-10-03T18:36:47.881321+09:00
20260914,09,津,8,20260914-09-08,1,4458,抹香雄三,40,広島,54.0,B1,5.49,29.73,4.27,11.54,58,40.27,25,37.28,215,1,https://www1.mbrace.or.jp/od2/B/202609/b260914.lzh,2026-10-03T18:36:47.881321+09:00
20260914,09,津,8,20260914-09-08,2,5277,井上未都,24,福岡,46.0,B1,4.73,23.81,4.39,22.22,32,37.14,31,38.19,536,2,https://www1.mbrace.or.jp/od2/B/202609/b260914.lzh,2026-10-03T18:36:47.881321+09:00
20260914,09,津,8,20260914-09-08,3,4318,桑原将光,42,東京,52.0,A2,5.31,26.25,5.41,40.74,15,36.17,57,36.0,413,12,https://www1.mbrace.or.jp/od2/B/202609/b260914.lzh,2026-10-03T18:36:47.881321+09:00
20260914,09,津,8,20260914-09-08,4,4349,犬童千秋,40,福岡,51.0,B1,4.39,25.68,5.36,39.29,59,29.48,11,36.31,4 41,,https://www1.mbrace.or.jp/od2/B/202609/b260914.lzh,2026-10-03T18:36:47.881321+09:00
20260914,09,津,8,20260914-09-08,5,4532,秋元哲,37,埼玉,51.0,A1,6.98,56.32,6.51,32.56,66,26.39,34,38.26,4142,,https://www1.mbrace.or.jp/od2/B/202609/b260914.lzh,2026-10-03T18:36:47.881321+09:00
20260914,09,津,8,20260914-09-08,6,4058,野末智一,47,静岡,52.0,A1,6.08,43.09,5.2,32.81,52,30.66,44,31.82,1 14,3,https://www1.mbrace.or.jp/od2/B/202609/b260914.lzh,2026-10-03T18:36:47.881321+09:00
20260914,09,津,9,20260914-09-09,1,5049,松井友汰,31,大阪,55.0,A2,6.45,48.28,5.07,26.67,39,41.56,23,38.03,5 15,,https://www1.mbrace.or.jp/od2/B/202609/b260914.lzh,2026-10-03T18:36:47.881321+09:00
20260914,09,津,9,20260914-09-09,2,4191,赤羽克也,45,埼玉,54.0,A1,6.59,50.0,6.67,50.0,12,29.17,51,28.1,5 31,,https://www1.mbrace.or.jp/od2/B/202609/b260914.lzh,2026-10-03T18:36:47.881321+09:00
20260914,09,津,9,20260914-09-09,3,5356,長谷川暖,21,岡山,50.0,B1,4.82,27.87,0.0,0.0,63,29.59,72,32.26,524,1,https://www1.mbrace.or.jp/od2/B/202609/b260914.lzh,2026-10-03T18:36:47.881321+09:00
20260914,09,津,9,20260914-09-09,4,4695,尾崎雄二,40,長崎,54.0,A2,5.26,36.84,2.67,0.0,17,25.5,29,34.15,5 31,,https://www1.mbrace.or.jp/od2/B/202609/b260914.lzh,2026-10-03T18:36:47.881321+09:00
20260914,09,津,9,20260914-09-09,5,4703,森永隆,38,山口,52.0,A1,6.68,56.67,5.85,30.0,68,37.78,39,34.91,366,4,https://www1.mbrace.or.jp/od2/B/202609/b260914.lzh,2026-10-03T18:36:47.881321+09:00
20260914,09,津,9,20260914-09-09,6,3268,森竜也,61,三重,53.0,B1,4.8,29.81,4.8,33.9,16,38.78,28,37.5,165,5,https://www1.mbrace.or.jp/od2/B/202609/b260914.lzh,2026-10-03T18:36:47.881321+09:00
20260914,09,津,10,20260914-09-10,1,4933,板橋侑我,30,静岡,53.0,A2,6.54,44.21,8.13,75.0,64,31.88,76,40.56,343,4,https://www1.mbrace.or.jp/od2/B/202609/b260914.lzh,2026-10-03T18:36:47.881321+09:00
20260914,09,津,10,20260914-09-10,2,5354,渡邊雄斗,21,三重,51.0,B1,4.44,24.72,2.92,12.09,33,28.74,36,29.06,333,2,https://www1.mbrace.or.jp/od2/B/202609/b260914.lzh,2026-10-03T18:36:47.881321+09:00
20260914,09,津,10,20260914-09-10,3,5073,上原健次,31,福岡,54.0,A2,5.28,31.3,4.13,13.33,11,27.7,22,33.95,1 43,,https://www1.mbrace.or.jp/od2/B/202609/b260914.lzh,2026-10-03T18:36:47.881321+09:00
20260914,09,津,10,20260914-09-10,4,4757,山田祐也,37,徳島,53.0,A1,6.61,45.79,6.17,39.13,27,33.56,18,37.21,3311,3,https://www1.mbrace.or.jp/od2/B/202609/b260914.lzh,2026-10-03T18:36:47.881321+09:00
20260914,09,津,10,20260914-09-10,5,5005,石田貴洋,30,埼玉,52.0,A1,6.31,43.88,5.0,20.59,54,26.87,13,34.19,4 23,6,https://www1.mbrace.or.jp/od2/B/202609/b260914.lzh,2026-10-03T18:36:47.881321+09:00
20260914,09,津,10,20260914-09-10,6,3430,角浜修,58,広島,56.0,B1,4.37,24.74,4.72,33.33,48,37.35,64,34.06,263,5,https://www1.mbrace.or.jp/od2/B/202609/b260914.lzh,2026-10-03T18:36:47.881321+09:00
20260914,09,津,11,20260914-09-11,1,4702,三浦敬太,39,東京,52.0,A1,5.82,41.46,6.44,55.56,23,31.69,58,23.08,164,,https://www1.mbrace.or.jp/od2/B/202609/b260914.lzh,2026-10-03T18:36:47.881321+09:00
20260914,09,津,11,20260914-09-11,2,3900,香川素子,49,滋賀,48.0,A2,6.19,44.94,6.33,45.45,57,22.12,68,24.56,165,5,https://www1.mbrace.or.jp/od2/B/202609/b260914.lzh,2026-10-03T18:36:47.881321+09:00
20260914,09,津,11,20260914-09-11,3,3448,高山秀雄,56,群馬,55.0,B1,4.35,21.62,4.59,20.59,29,31.25,47,28.23,342,1,https://www1.mbrace.or.jp/od2/B/202609/b260914.lzh,2026-10-03T18:36:47.881321+09:00
20260914,09,津,11,20260914-09-11,4,4136,江夏満,46,福岡,55.0,A1,6.33,42.11,5.97,41.38,47,30.82,52,35.17,146,7,https://www1.mbrace.or.jp/od2/B/202609/b260914.lzh,2026-10-03T18:36:47.881321+09:00
20260914,09,津,11,20260914-09-11,5,4949,横田貴満,33,佐賀,49.0,A2,5.95,38.82,0.0,0.0,70,34.13,27,27.27,255,4,https://www1.mbrace.or.jp/od2/B/202609/b260914.lzh,2026-10-03T18:36:47.881321+09:00
20260914,09,津,11,20260914-09-11,6,5172,田村慶,25,徳島,52.0,B1,5.09,36.26,5.3,30.0,21,39.35,56,36.94,632,6,https://www1.mbrace.or.jp/od2/B/202609/b260914.lzh,2026-10-03T18:36:47.881321+09:00
20260914,09,津,12,20260914-09-12,1,4644,山田亮太,47,東京,52.0,A1,6.62,47.58,5.0,37.5,44,45.59,14,25.49,1253,6,https://www1.mbrace.or.jp/od2/B/202609/b260914.lzh,2026-10-03T18:36:47.881321+09:00
20260914,09,津,12,20260914-09-12,2,4977,馬野耀,32,大阪,54.0,A2,6.16,41.13,5.33,27.78,51,42.24,45,36.69,222,3,https://www1.mbrace.or.jp/od2/B/202609/b260914.lzh,2026-10-03T18:36:47.881321+09:00
20260914,09,津,12,20260914-09-12,3,4824,松井洪弥,33,三重,52.0,A2,5.97,45.22,6.17,46.15,25,39.23,63,31.61,122,1,https://www1.mbrace.or.jp/od2/B/202609/b260914.lzh,2026-10-03T18:36:47.881321+09:00
20260914,09,津,12,20260914-09-12,4,4581,吉村誠,37,静岡,52.0,A1,6.59,49.09,5.92,30.56,60,26.0,30,35.19,651,5,https://www1.mbrace.or.jp/od2/B/202609/b260914.lzh,2026-10-03T18:36:47.881321+09:00
20260914,09,津,12,20260914-09-12,5,4017,向井美鈴,46,山口,45.0,B1,5.61,36.78,5.91,36.36,41,42.58,35,21.05,324,7,https://www1.mbrace.or.jp/od2/B/202609/b260914.lzh,2026-10-03T18:36:47.881321+09:00
20260914,09,津,12,20260914-09-12,6,4318,桑原将光,42,東京,52.0,A2,5.31,26.25,5.41,40.74,15,36.17,57,36.0,413,8,https://www1.mbrace.or.jp/od2/B/202609/b260914.lzh,2026-10-03T18:36:47.881321+09:00
20260914,08,常滑,1,20260914-08-01,1,5146,野田彩加,23,山口,50.0,A2,5.11,32.53,4.92,16.67,17,30.39,73,46.94,3515,9,https://www1.mbrace.or.jp/od2/B/202609/b260914.lzh,2026-10-03T18:36:47.881321+09:00
20260914,08,常滑,1,20260914-08-01,2,5365,石村日奈,25,東京,46.0,B1,3.0,13.51,0.0,0.0,54,30.05,39,47.83,654,10,https://www1.mbrace.or.jp/od2/B/202609/b260914.lzh,2026-10-03T18:36:47.881321+09:00
20260914,08,常滑,1,20260914-08-01,3,5230,石原凪紗,23,愛知,46.0,B1,4.77,31.53,3.73,23.08,47,34.93,50,34.78,1444,8,https://www1.mbrace.or.jp/od2/B/202609/b260914.lzh,2026-10-03T18:36:47.881321+09:00
20260914,08,常滑,1,20260914-08-01,4,5436,市川瑚幸,21,東京,46.0,B2,1.49,0.0,1.12,0.0,59,40.79,62,23.91,5 66,,https://www1.mbrace.or.jp/od2/B/202609/b260914.lzh,2026-10-03T18:36:47.881321+09:00
20260914,08,常滑,1,20260914-08-01,5,4479,矢野真梨,38,山口,47.0,B1,3.72,14.71,0.0,0.0,9,40.43,55,38.78,453,6,https://www1.mbrace.or.jp/od2/B/202609/b260914.lzh,2026-10-03T18:36:47.881321+09:00
20260914,08,常滑,1,20260914-08-01,6,5254,羽田妃希,23,愛知,47.0,B1,3.33,7.27,3.22,16.95,35,41.99,31,13.79,3343,7,https://www1.mbrace.or.jp/od2/B/202609/b260914.lzh,2026-10-03T18:36:47.881321+09:00
20260914,08,常滑,2,20260914-08-02,1,4534,坂咲友理,36,大阪,45.0,B1,3.93,17.24,3.65,23.53,24,32.3,32,48.65,262,8,https://www1.mbrace.or.jp/od2/B/202609/b260914.lzh,2026-10-03T18:36:47.881321+09:00
20260914,08,常滑,2,20260914-08-02,2,5346,中村紋夕,23,愛知,46.0,B1,3.13,6.94,1.44,0.0,7,36.96,28,31.11,6 35,9,https://www1.mbrace.or.jp/od2/B/202609/b260914.lzh,2026-10-03T18:36:47.881321+09:00
20260914,08,常滑,2,20260914-08-02,3,5188,武井莉里,25,兵庫,45.0,A2,5.97,39.05,6.47,46.67,58,31.22,66,21.43,122,6,https://www1.mbrace.or.jp/od2/B/202609/b260914.lzh,2026-10-03T18:36:47.881321+09:00
20260914,08,常滑,2,20260914-08-02,4,4764,小池礼乃,36,福岡,48.0,B1,4.88,30.0,5.78,27.78,39,37.79,38,29.79,211,10,https://www1.mbrace.or.jp/od2/B/202609/b260914.lzh,2026-10-03T18:36:47.881321+09:00
20260914,08,常滑,2,20260914-08-02,5,5251,沼田七華,24,福井,50.0,B2,2.53,2.78,1.94,0.0,14,46.88,61,15.22,526,7,https://www1.mbrace.or.jp/od2/B/202609/b260914.lzh,2026-10-03T18:36:47.881321+09:00
20260914,08,常滑,2,20260914-08-02,6,5194,大久保佑,25,埼玉,42.0,B1,4.54,27.63,3.25,7.14,1,36.16,44,53.06,5344,11,https://www1.mbrace.or.jp/od2/B/202609/b260914.lzh,2026-10-03T18:36:47.881321+09:00
20260914,08,常滑,3,20260914-08-03,1,4897,深見亜由,34,愛知,44.0,B1,3.71,15.38,4.18,18.18,36,30.91,29,18.6,434,7,https://www1.mbrace.or.jp/od2/B/202609/b260914.lzh,2026-10-03T18:36:47.881321+09:00
20260914,08,常滑,3,20260914-08-03,2,4941,孫崎百世,37,滋賀,45.0,B1,4.57,27.16,4.71,29.41,12,41.33,51,22.22,4226,11,https://www1.mbrace.or.jp/od2/B/202609/b260914.lzh,2026-10-03T18:36:47.881321+09:00
20260914,08,常滑,3,20260914-08-03,3,4045,佐々木裕,46,山口,48.0,B1,4.8,32.56,5.31,25.0,50,33.48,41,22.22,254,12,https://www1.mbrace.or.jp/od2/B/202609/b260914.lzh,2026-10-03T18:36:47.881321+09:00
20260914,08,常滑,3,20260914-08-03,4,5347,井澤聖奈,22,愛知,45.0,B2,1.5,0.0,1.42,0.0,25,30.25,49,18.52,2 55,10,https://www1.mbrace.or.jp/od2/B/202609/b260914.lzh,2026-10-03T18:36:47.881321+09:00
20260914,08,常滑,3,20260914-08-03,5,5297,南彩寧,24,兵庫,48.0,B1,3.89,18.68,1.43,0.0,37,32.88,17,25.64,6 56,9,https://www1.mbrace.or.jp/od2/B/202609/b260914.lzh,2026-10-03T18:36:47.881321+09:00
20260914,08,常滑,3,20260914-08-03,6,4825,倉持莉々,32,東京,47.0,A1,7.16,56.1,0.0,0.0,55,28.44,54,17.39,3 14,8,https://www1.mbrace.or.jp/od2/B/202609/b260914.lzh,2026-10-03T18:36:47.881321+09:00
20260914,08,常滑,4,20260914-08-04,1,5052,赤井星璃,31,大阪,50.0,B1,4.34,24.0,0.0,0.0,3,45.06,33,22.86,4555,10,https://www1.mbrace.or.jp/od2/B/202609/b260914.lzh,2026-10-03T18:36:47.881321+09:00
20260914,08,常滑,4,20260914-08-04,2,4502,遠藤エミ,38,滋賀,45.0,A1,7.28,50.41,7.18,54.0,28,32.03,70,17.78,1 32,11,https://www1.mbrace.or.jp/od2/B/202609/b260914.lzh,2026-10-03T18:36:47.881321+09:00
20260914,08,常滑,4,20260914-08-04,3,5079,大石真央,28,静岡,45.0,B1,5.07,29.27,4.03,25.81,16,38.91,20,30.61,2 53,8,https://www1.mbrace.or.jp/od2/B/202609/b260914.lzh,2026-10-03T18:36:47.881321+09:00
20260914,08,常滑,4,20260914-08-04,4,5438,星田夢結,21,福岡,50.0,B2,1.56,0.0,0.0,0.0,5,35.56,45,24.44,666,9,https://www1.mbrace.or.jp/od2/B/202609/b260914.lzh,2026-10-03T18:36:47.881321+09:00
20260914,08,常滑,4,20260914-08-04,5,5129,山口真喜,29,長崎,48.0,A2,5.95,41.23,6.48,52.0,13,34.1,40,36.17,6 32,12,https://www1.mbrace.or.jp/od2/B/202609/b260914.lzh,2026-10-03T18:36:47.881321+09:00
20260914,08,常滑,4,20260914-08-04,6,5324,畑田希咲,23,兵庫,49.0,B1,3.09,4.41,1.12,0.0,52,34.4,35,37.5,5 65,,https://www1.mbrace.or.jp/od2/B/202609/b260914.lzh,2026-10-03T18:36:47.881321+09:00
20260914,08,常滑,5,20260914-08-05,1,4190,長嶋万記,45,静岡,49.0,B2,6.66,45.45,6.07,34.48,29,34.45,63,35.29,2 23,12,https://www1.mbrace.or.jp/od2/B/202609/b260914.lzh,2026-10-03T18:36:47.881321+09:00
20260914,08,常滑,5,20260914-08-05,2,4433,川野芽唯,40,福岡,47.0,A1,7.21,55.97,5.75,25.0,19,34.93,58,34.0,321,9,https://www1.mbrace.or.jp/od2/B/202609/b260914.lzh,2026-10-03T18:36:47.881321+09:00
20260914,08,常滑,5,20260914-08-05,3,4909,薮内瑞希,30,岡山,44.0,B1,4.72,32.05,5.46,28.57,41,35.02,53,36.96,2421,,https://www1.mbrace.or.jp/od2/B/202609/b260914.lzh,2026-10-03T18:36:47.881321+09:00
20260914,08,常滑,5,20260914-08-05,4,5078,山川波乙,28,三重,46.0,B1,4.48,23.46,5.13,37.5,30,44.14,67,40.43,3342,,https://www1.mbrace.or.jp/od2/B/202609/b260914.lzh,2026-10-03T18:36:47.881321+09:00
20260914,08,常滑,5,20260914-08-05,5,5155,内山七海,29,福岡,46.0,A2,6.16,42.86,3.33,0.0,60,33.19,12,12.77,4622,,https://www1.mbrace.or.jp/od2/B/202609/b260914.lzh,2026-10-03T18:36:47.881321+09:00
20260914,08,常滑,5,20260914-08-05,6,4208,三浦永理,43,静岡,46.0,A1,7.27,60.16,7.17,53.49,38,32.08,52,31.82,116,11,https://www1.mbrace.or.jp/od2/B/202609/b260914.lzh,2026-10-03T18:36:47.881321+09:00
20260914,08,常滑,6,20260914-08-06,1,5188,武井莉里,25,兵庫,45.0,A2,5.97,39.05,6.47,46.67,58,31.22,66,21.43,122,2,https://www1.mbrace.or.jp/od2/B/202609/b260914.lzh,2026-10-03T18:36:47.881321+09:00
20260914,08,常滑,6,20260914-08-06,2,4479,矢野真梨,38,山口,47.0,B1,3.72,14.71,0.0,0.0,9,40.43,55,38.78,453,1,https://www1.mbrace.or.jp/od2/B/202609/b260914.lzh,2026-10-03T18:36:47.881321+09:00
20260914,08,常滑,6,20260914-08-06,3,5203,神里琴音,22,福岡,44.0,B1,5.2,27.85,5.0,23.08,40,33.33,11,34.78,2 15,11,https://www1.mbrace.or.jp/od2/B/202609/b260914.lzh,2026-10-03T18:36:47.881321+09:00
20260914,08,常滑,6,20260914-08-06,4,4726,島田なぎ,39,埼玉,44.0,B2,3.6,10.0,0.0,0.0,57,33.78,68,32.0,1 32,12,https://www1.mbrace.or.jp/od2/B/202609/b260914.lzh,2026-10-03T18:36:47.881321+09:00
20260914,08,常滑,6,20260914-08-06,5,3232,山川美由,59,香川,47.0,A2,5.56,33.33,4.75,0.0,53,36.84,65,42.86,3434,10,https://www1.mbrace.or.jp/od2/B/202609/b260914.lzh,2026-10-03T18:36:47.881321+09:00
20260914,08,常滑,6,20260914-08-06,6,5439,志賀美優,20,愛知,49.0,B2,1.45,0.0,1.45,0.0,31,39.82,71,38.78,6 66,,https://www1.mbrace.or.jp/od2/B/202609/b260914.lzh,2026-10-03T18:36:47.881321+09:00
20260914,08,常滑,7,20260914-08-07,1,5182,宮崎安奈,28,埼玉,47.0,B1,4.07,21.74,4.22,16.67,56,29.86,77,31.48,5154,11,https://www1.mbrace.or.jp/od2/B/202609/b260914.lzh,2026-10-03T18:36:47.881321+09:00
20260914,08,常滑,7,20260914-08-07,2,5251,沼田七華,24,福井,50.0,B2,2.53,2.78,1.94,0.0,14,46.88,61,15.22,526,2,https://www1.mbrace.or.jp/od2/B/202609/b260914.lzh,2026-10-03T18:36:47.881321+09:00
20260914,08,常滑,7,20260914-08-07,3,4964,土屋南,29,岡山,47.0,A2,6.28,42.86,6.74,52.63,21,34.21,19,36.96,1521,,https://www1.mbrace.or.jp/od2/B/202609/b260914.lzh,2026-10-03T18:36:47.881321+09:00
20260914,08,常滑,7,20260914-08-07,4,4897,深見亜由,34,愛知,44.0,B1,3.71,15.38,4.18,18.18,36,30.91,29,18.6,434,3,https://www1.mbrace.or.jp/od2/B/202609/b260914.lzh,2026-10-03T18:36:47.881321+09:00
20260914,08,常滑,7,20260914-08-07,5,5254,羽田妃希,23,愛知,47.0,B1,3.33,7.27,3.22,16.95,35,41.99,31,13.79,3343,1,https://www1.mbrace.or.jp/od2/B/202609/b260914.lzh,2026-10-03T18:36:47.881321+09:00
20260914,08,常滑,7,20260914-08-07,6,4765,野田部宏,36,福岡,52.0,B1,3.87,15.49,3.75,12.5,42,38.6,16,29.79,45F,,https://www1.mbrace.or.jp/od2/B/202609/b260914.lzh,2026-10-03T18:36:47.881321+09:00
20260914,08,常滑,8,20260914-08-08,1,5079,大石真央,28,静岡,45.0,B1,5.07,29.27,4.03,25.81,16,38.91,20,30.61,2 53,4,https://www1.mbrace.or.jp/od2/B/202609/b260914.lzh,2026-10-03T18:36:47.881321+09:00
20260914,08,常滑,8,20260914-08-08,2,4825,倉持莉々,32,東京,47.0,A1,7.16,56.1,0.0,0.0,55,28.44,54,17.39,3 14,3,https://www1.mbrace.or.jp/od2/B/202609/b260914.lzh,2026-10-03T18:36:47.881321+09:00
20260914,08,常滑,8,20260914-08-08,3,5340,樋江井舞,25,愛知,45.0,B1,4.14,20.75,2.38,6.38,26,33.61,46,22.22,4 11,12,https://www1.mbrace.or.jp/od2/B/202609/b260914.lzh,2026-10-03T18:36:47.881321+09:00
20260914,08,常滑,8,20260914-08-08,4,5230,石原凪紗,23,愛知,46.0,B1,4.77,31.53,3.73,23.08,47,34.93,50,34.78,1444,1,https://www1.mbrace.or.jp/od2/B/202609/b260914.lzh,2026-10-03T18:36:47.881321+09:00
20260914,08,常滑,8,20260914-08-08,5,4534,坂咲友理,36,大阪,45.0,B1,3.93,17.24,3.65,23.53,24,32.3,32,48.65,262,2,https://www1.mbrace.or.jp/od2/B/202609/b260914.lzh,2026-10-03T18:36:47.881321+09:00
20260914,08,常滑,8,20260914-08-08,6,5357,田中瀬里,21,埼玉,54.0,B2,1.63,0.0,1.37,0.0,10,43.98,24,36.96,6F5,,https://www1.mbrace.or.jp/od2/B/202609/b260914.lzh,2026-10-03T18:36:47.881321+09:00
20260914,08,常滑,9,20260914-08-09,1,5297,南彩寧,24,兵庫,48.0,B1,3.89,18.68,1.43,0.0,37,32.88,17,25.64,6 56,3,https://www1.mbrace.or.jp/od2/B/202609/b260914.lzh,2026-10-03T18:36:47.881321+09:00
20260914,08,常滑,9,20260914-08-09,2,5272,松田真実,25,愛知,47.0,B1,4.98,30.0,2.71,11.29,51,35.93,23,48.78,1633,,https://www1.mbrace.or.jp/od2/B/202609/b260914.lzh,2026-10-03T18:36:47.881321+09:00
20260914,08,常滑,9,20260914-08-09,3,5346,中村紋夕,23,愛知,46.0,B1,3.13,6.94,1.44,0.0,7,36.96,28,31.11,6 35,2,https://www1.mbrace.or.jp/od2/B/202609/b260914.lzh,2026-10-03T18:36:47.881321+09:00
20260914,08,常滑,9,20260914-08-09,4,5146,野田彩加,23,山口,50.0,A2,5.11,32.53,4.92,16.67,17,30.39,73,46.94,3515,1,https://www1.mbrace.or.jp/od2/B/202609/b260914.lzh,2026-10-03T18:36:47.881321+09:00
20260914,08,常滑,9,20260914-08-09,5,5438,星田夢結,21,福岡,50.0,B2,1.56,0.0,0.0,0.0,5,35.56,45,24.44,666,4,https://www1.mbrace.or.jp/od2/B/202609/b260914.lzh,2026-10-03T18:36:47.881321+09:00
20260914,08,常滑,9,20260914-08-09,6,4433,川野芽唯,40,福岡,47.0,A1,7.21,55.97,5.75,25.0,19,34.93,58,34.0,321,5,https://www1.mbrace.or.jp/od2/B/202609/b260914.lzh,2026-10-03T18:36:47.881321+09:00
20260914,08,常滑,10,20260914-08-10,1,3232,山川美由,59,香川,47.0,A2,5.56,33.33,4.75,0.0,53,36.84,65,42.86,3434,6,https://www1.mbrace.or.jp/od2/B/202609/b260914.lzh,2026-10-03T18:36:47.881321+09:00
20260914,08,常滑,10,20260914-08-10,2,5347,井澤聖奈,22,愛知,45.0,B2,1.5,0.0,1.42,0.0,25,30.25,49,18.52,2 55,3,https://www1.mbrace.or.jp/od2/B/202609/b260914.lzh,2026-10-03T18:36:47.881321+09:00
20260914,08,常滑,10,20260914-08-10,3,4764,小池礼乃,36,福岡,48.0,B1,4.88,30.0,5.78,27.78,39,37.79,38,29.79,211,2,https://www1.mbrace.or.jp/od2/B/202609/b260914.lzh,2026-10-03T18:36:47.881321+09:00
20260914,08,常滑,10,20260914-08-10,4,5365,石村日奈,25,東京,46.0,B1,3.0,13.51,0.0,0.0,54,30.05,39,47.83,654,1,https://www1.mbrace.or.jp/od2/B/202609/b260914.lzh,2026-10-03T18:36:47.881321+09:00
20260914,08,常滑,10,20260914-08-10,5,5052,赤井星璃,31,大阪,50.0,B1,4.34,24.0,0.0,0.0,3,45.06,33,22.86,4555,4,https://www1.mbrace.or.jp/od2/B/202609/b260914.lzh,2026-10-03T18:36:47.881321+09:00
20260914,08,常滑,10,20260914-08-10,6,4556,竹井奈美,37,福岡,47.0,A1,6.67,52.17,6.83,61.11,4,30.0,57,40.0,1113,,https://www1.mbrace.or.jp/od2/B/202609/b260914.lzh,2026-10-03T18:36:47.881321+09:00
20260914,08,常滑,11,20260914-08-11,1,4502,遠藤エミ,38,滋賀,45.0,A1,7.28,50.41,7.18,54.0,28,32.03,70,17.78,1 32,4,https://www1.mbrace.or.jp/od2/B/202609/b260914.lzh,2026-10-03T18:36:47.881321+09:00
20260914,08,常滑,11,20260914-08-11,2,5194,大久保佑,25,埼玉,42.0,B1,4.54,27.63,3.25,7.14,1,36.16,44,53.06,5344,2,https://www1.mbrace.or.jp/od2/B/202609/b260914.lzh,2026-10-03T18:36:47.881321+09:00
20260914,08,常滑,11,20260914-08-11,3,5182,宮崎安奈,28,埼玉,47.0,B1,4.07,21.74,4.22,16.67,56,29.86,77,31.48,5154,7,https://www1.mbrace.or.jp/od2/B/202609/b260914.lzh,2026-10-03T18:36:47.881321+09:00
20260914,08,常滑,11,20260914-08-11,4,4208,三浦永理,43,静岡,46.0,A1,7.27,60.16,7.17,53.49,38,32.08,52,31.82,116,5,https://www1.mbrace.or.jp/od2/B/202609/b260914.lzh,2026-10-03T18:36:47.881321+09:00
20260914,08,常滑,11,20260914-08-11,5,4941,孫崎百世,37,滋賀,45.0,B1,4.57,27.16,4.71,29.41,12,41.33,51,22.22,4226,3,https://www1.mbrace.or.jp/od2/B/202609/b260914.lzh,2026-10-03T18:36:47.881321+09:00
20260914,08,常滑,11,20260914-08-11,6,5203,神里琴音,22,福岡,44.0,B1,5.2,27.85,5.0,23.08,40,33.33,11,34.78,2 15,6,https://www1.mbrace.or.jp/od2/B/202609/b260914.lzh,2026-10-03T18:36:47.881321+09:00
20260914,08,常滑,12,20260914-08-12,1,4938,小芦るり,29,佐賀,48.0,A1,6.55,47.62,5.5,25.0,8,33.62,14,42.86,3411,,https://www1.mbrace.or.jp/od2/B/202609/b260914.lzh,2026-10-03T18:36:47.881321+09:00
20260914,08,常滑,12,20260914-08-12,2,4045,佐々木裕,46,山口,48.0,B1,4.8,32.56,5.31,25.0,50,33.48,41,22.22,254,3,https://www1.mbrace.or.jp/od2/B/202609/b260914.lzh,2026-10-03T18:36:47.881321+09:00
20260914,08,常滑,12,20260914-08-12,3,4190,長嶋万記,45,静岡,49.0,B2,6.66,45.45,6.07,34.48,29,34.45,63,35.29,2 23,5,https://www1.mbrace.or.jp/od2/B/202609/b260914.lzh,2026-10-03T18:36:47.881321+09:00
20260914,08,常滑,12,20260914-08-12,4,5129,山口真喜,29,長崎,48.0,A2,5.95,41.23,6.48,52.0,13,34.1,40,36.17,6 32,4,https://www1.mbrace.or.jp/od2/B/202609/b260914.lzh,2026-10-03T18:36:47.881321+09:00
20260914,08,常滑,12,20260914-08-12,5,4726,島田なぎ,39,埼玉,44.0,B2,3.6,10.0,0.0,0.0,57,33.78,68,32.0,1 32,6,https://www1.mbrace.or.jp/od2/B/202609/b260914.lzh,2026-10-03T18:36:47.881321+09:00
20260914,08,常滑,12,20260914-08-12,6,5340,樋江井舞,25,愛知,45.0,B1,4.14,20.75,2.38,6.38,26,33.61,46,22.22,4 11,8,https://www1.mbrace.or.jp/od2/B/202609/b260914.lzh,2026-10-03T18:36:47.881321+09:00
20260914,07,蒲郡,1,20260914-07-01,1,5266,石田勇斗,26,愛知,53.0,B1,4.26,22.22,3.39,13.04,56,37.04,73,31.25,4,5,https://www1.mbrace.or.jp/od2/B/202609/b260914.lzh,2026-10-03T18:36:47.881321+09:00
20260914,07,蒲郡,1,20260914-07-01,2,5331,佐藤永梧,22,東京,55.0,B1,5.25,36.25,4.45,18.18,37,26.67,48,36.0,3,7,https://www1.mbrace.or.jp/od2/B/202609/b260914.lzh,2026-10-03T18:36:47.881321+09:00
20260914,07,蒲郡,1,20260914-07-01,3,5207,高山敬悟,29,福岡,53.0,B1,5.27,35.9,3.35,11.76,76,38.89,57,22.22,4,10,https://www1.mbrace.or.jp/od2/B/202609/b260914.lzh,2026-10-03T18:36:47.881321+09:00
20260914,07,蒲郡,1,20260914-07-01,4,5288,尾道佳諭,26,埼玉,53.0,B1,4.02,14.94,3.23,15.0,31,85.71,43,17.39,54,,https://www1.mbrace.or.jp/od2/B/202609/b260914.lzh,2026-10-03T18:36:47.881321+09:00
20260914,07,蒲郡,1,20260914-07-01,5,5166,仲道大輔,26,愛知,52.0,A2,6.06,43.68,5.95,40.0,55,11.54,58,31.58,2,11,https://www1.mbrace.or.jp/od2/B/202609/b260914.lzh,2026-10-03T18:36:47.881321+09:00
20260914,07,蒲郡,1,20260914-07-01,6,5258,仲本舜,21,福岡,55.0,B1,3.9,20.25,0.0,0.0,59,56.0,56,25.0,65,,https://www1.mbrace.or.jp/od2/B/202609/b260914.lzh,2026-10-03T18:36:47.881321+09:00
20260914,07,蒲郡,2,20260914-07-02,1,5232,樅山拓馬,29,愛知,52.0,B1,5.14,30.1,4.53,27.27,43,61.11,74,43.75,4,7,https://www1.mbrace.or.jp/od2/B/202609/b260914.lzh,2026-10-03T18:36:47.881321+09:00
20260914,07,蒲郡,2,20260914-07-02,2,5243,三馬崇史,26,広島,55.0,B1,6.03,47.31,5.63,36.84,40,38.89,30,20.0,1,10,https://www1.mbrace.or.jp/od2/B/202609/b260914.lzh,2026-10-03T18:36:47.881321+09:00
20260914,07,蒲郡,2,20260914-07-02,3,5417,小柳勝希,20,佐賀,51.0,B1,4.27,17.46,0.0,0.0,75,12.5,45,37.5,55,,https://www1.mbrace.or.jp/od2/B/202609/b260914.lzh,2026-10-03T18:36:47.881321+09:00
20260914,07,蒲郡,2,20260914-07-02,4,5221,竹間隆晟,25,大阪,55.0,A1,6.74,50.91,6.33,48.15,67,48.15,52,18.18,13,12,https://www1.mbrace.or.jp/od2/B/202609/b260914.lzh,2026-10-03T18:36:47.881321+09:00
20260914,07,蒲郡,2,20260914-07-02,5,5337,出畑孝成,20,福岡,54.0,B1,4.36,21.35,5.13,33.33,19,25.93,68,27.78,23,11,https://www1.mbrace.or.jp/od2/B/202609/b260914.lzh,2026-10-03T18:36:47.881321+09:00
20260914,07,蒲郡,2,20260914-07-02,6,5325,澁川夏,23,大阪,51.0,B1,5.87,43.88,4.06,29.41,64,42.31,65,0.0,4,8,https://www1.mbrace.or.jp/od2/B/202609/b260914.lzh,2026-10-03T18:36:47.881321+09:00
20260914,07,蒲郡,3,20260914-07-03,1,5178,成貞琳平,30,愛知,54.0,B1,4.24,19.23,3.75,12.5,34,44.44,34,33.33,2,11,https://www1.mbrace.or.jp/od2/B/202609/b260914.lzh,2026-10-03T18:36:47.881321+09:00
20260914,07,蒲郡,3,20260914-07-03,2,5279,石渡翔一,23,東京,53.0,B1,5.84,40.37,0.0,0.0,25,50.0,53,42.31,1,12,https://www1.mbrace.or.jp/od2/B/202609/b260914.lzh,2026-10-03T18:36:47.881321+09:00
20260914,07,蒲郡,3,20260914-07-03,3,5222,津田陸翔,25,広島,52.0,A1,6.27,47.5,5.0,25.0,39,52.94,31,26.92,34,10,https://www1.mbrace.or.jp/od2/B/202609/b260914.lzh,2026-10-03T18:36:47.881321+09:00
20260914,07,蒲郡,3,20260914-07-03,4,5252,荒木颯斗,23,愛知,52.0,A2,5.97,41.53,4.75,23.64,41,47.06,46,4.35,3,8,https://www1.mbrace.or.jp/od2/B/202609/b260914.lzh,2026-10-03T18:36:47.881321+09:00
20260914,07,蒲郡,3,20260914-07-03,5,5434,藤田康生,21,静岡,51.0,B1,3.32,10.87,1.17,0.0,70,41.18,32,15.38,4,7,https://www1.mbrace.or.jp/od2/B/202609/b260914.lzh,2026-10-03T18:36:47.881321+09:00
20260914,07,蒲郡,3,20260914-07-03,6,5385,鈴木柊介,21,静岡,55.0,B1,2.56,5.88,1.82,0.0,29,24.0,47,4.55,5,9,https://www1.mbrace.or.jp/od2/B/202609/b260914.lzh,2026-10-03T18:36:47.881321+09:00
20260914,07,蒲郡,4,20260914-07-04,1,5175,島崎丈一,22,東京,55.0,B1,4.59,16.9,2.82,0.0,73,31.25,39,26.92,23,,https://www1.mbrace.or.jp/od2/B/202609/b260914.lzh,2026-10-03T18:36:47.881321+09:00
20260914,07,蒲郡,4,20260914-07-04,2,5301,岩下巧斗,23,群馬,51.0,B1,5.29,34.38,3.65,13.04,35,37.5,60,12.5,52,,https://www1.mbrace.or.jp/od2/B/202609/b260914.lzh,2026-10-03T18:36:47.881321+09:00
20260914,07,蒲郡,4,20260914-07-04,3,5239,上野俊樹,26,福岡,52.0,B1,5.91,37.68,5.59,20.59,32,48.0,63,41.18,2,12,https://www1.mbrace.or.jp/od2/B/202609/b260914.lzh,2026-10-03T18:36:47.881321+09:00
20260914,07,蒲郡,4,20260914-07-04,4,5364,金子怜央,26,群馬,53.0,B1,2.12,3.23,1.83,0.0,28,33.33,35,66.67,6,8,https://www1.mbrace.or.jp/od2/B/202609/b260914.lzh,2026-10-03T18:36:47.881321+09:00
20260914,07,蒲郡,4,20260914-07-04,5,5068,前田滉,26,愛知,51.0,A1,7.94,68.04,7.58,65.0,45,12.5,50,52.0,21,9,https://www1.mbrace.or.jp/od2/B/202609/b260914.lzh,2026-10-03T18:36:47.881321+09:00
20260914,07,蒲郡,4,20260914-07-04,6,5246,楠将太郎,24,埼玉,52.0,A2,4.79,32.14,6.82,50.0,54,29.63,67,23.53,1,10,https://www1.mbrace.or.jp/od2/B/202609/b260914.lzh,2026-10-03T18:36:47.881321+09:00
20260914,07,蒲郡,5,20260914-07-05,1,5197,中野仁照,24,愛知,54.0,B2,5.81,39.53,6.62,51.11,27,17.39,69,35.29,3,9,https://www1.mbrace.or.jp/od2/B/202609/b260914.lzh,2026-10-03T18:36:47.881321+09:00
20260914,07,蒲郡,5,20260914-07-05,2,5145,島川海輝,23,山口,56.0,A2,6.18,48.89,0.0,0.0,60,50.0,37,57.69,14,,https://www1.mbrace.or.jp/od2/B/202609/b260914.lzh,2026-10-03T18:36:47.881321+09:00
20260914,07,蒲郡,5,20260914-07-05,3,5266,石田勇斗,26,愛知,53.0,B1,4.26,22.22,3.39,13.04,56,37.04,73,31.25,4,1,https://www1.mbrace.or.jp/od2/B/202609/b260914.lzh,2026-10-03T18:36:47.881321+09:00
20260914,07,蒲郡,5,20260914-07-05,4,5411,木下虎之,21,東京,55.0,B2,2.3,5.0,1.27,0.0,61,9.09,64,16.67,64,,https://www1.mbrace.or.jp/od2/B/202609/b260914.lzh,2026-10-03T18:36:47.881321+09:00
20260914,07,蒲郡,5,20260914-07-05,5,5234,塚越海斗,28,群馬,54.0,A1,6.57,53.54,6.89,44.44,66,53.85,66,61.11,12,11,https://www1.mbrace.or.jp/od2/B/202609/b260914.lzh,2026-10-03T18:36:47.881321+09:00
20260914,07,蒲郡,5,20260914-07-05,6,5128,坪井爽佑,29,三重,55.0,B1,3.93,15.71,3.36,18.18,71,20.0,49,42.86,64,,https://www1.mbrace.or.jp/od2/B/202609/b260914.lzh,2026-10-03T18:36:47.881321+09:00
20260914,07,蒲郡,6,20260914-07-06,1,5196,鰐部太空,24,愛知,54.0,A1,5.55,34.88,5.83,33.33,38,7.14,36,17.39,6,10,https://www1.mbrace.or.jp/od2/B/202609/b260914.lzh,2026-10-03T18:36:47.881321+09:00
20260914,07,蒲郡,6,20260914-07-06,2,5303,土井歩夢,23,福岡,52.0,A2,5.88,36.7,4.0,12.5,69,7.14,75,31.25,2,11,https://www1.mbrace.or.jp/od2/B/202609/b260914.lzh,2026-10-03T18:36:47.881321+09:00
20260914,07,蒲郡,6,20260914-07-06,3,5214,田中宏典,27,佐賀,54.0,B1,4.8,30.93,2.56,0.0,62,44.0,41,17.24,46,,https://www1.mbrace.or.jp/od2/B/202609/b260914.lzh,2026-10-03T18:36:47.881321+09:00
20260914,07,蒲郡,6,20260914-07-06,4,5240,高橋龍治,26,福岡,54.0,B1,4.03,23.53,4.13,37.5,63,20.83,38,15.38,56,,https://www1.mbrace.or.jp/od2/B/202609/b260914.lzh,2026-10-03T18:36:47.881321+09:00
20260914,07,蒲郡,6,20260914-07-06,5,5432,安藤瑠希,21,静岡,52.0,B1,3.01,8.33,3.83,0.0,68,50.0,33,25.0,66,,https://www1.mbrace.or.jp/od2/B/202609/b260914.lzh,2026-10-03T18:36:47.881321+09:00
20260914,07,蒲郡,6,20260914-07-06,6,5255,藤原仙二,22,滋賀,55.0,A1,6.64,48.18,6.69,46.88,57,13.04,76,25.0,31,12,https://www1.mbrace.or.jp/od2/B/202609/b260914.lzh,2026-10-03T18:36:47.881321+09:00
20260914,07,蒲郡,7,20260914-07-07,1,5256,中山翔太,22,三重,54.0,A1,5.91,43.4,6.62,42.86,33,48.15,54,36.0,25,11,https://www1.mbrace.or.jp/od2/B/202609/b260914.lzh,2026-10-03T18:36:47.881321+09:00
20260914,07,蒲郡,7,20260914-07-07,2,5232,樅山拓馬,29,愛知,52.0,B1,5.14,30.1,4.53,27.27,43,61.11,74,43.75,4,2,https://www1.mbrace.or.jp/od2/B/202609/b260914.lzh,2026-10-03T18:36:47.881321+09:00
20260914,07,蒲郡,7,20260914-07-07,3,5330,安河内鈴,22,福岡,52.0,A2,6.85,55.46,7.17,61.11,65,20.83,55,69.23,31,12,https://www1.mbrace.or.jp/od2/B/202609/b260914.lzh,2026-10-03T18:36:47.881321+09:00
20260914,07,蒲郡,7,20260914-07-07,4,5134,大原祥昌,27,広島,54.0,A2,5.66,39.05,4.13,12.5,36,29.41,70,7.69,34,,https://www1.mbrace.or.jp/od2/B/202609/b260914.lzh,2026-10-03T18:36:47.881321+09:00
20260914,07,蒲郡,7,20260914-07-07,5,5331,佐藤永梧,22,東京,55.0,B1,5.25,36.25,4.45,18.18,37,26.67,48,36.0,3,1,https://www1.mbrace.or.jp/od2/B/202609/b260914.lzh,2026-10-03T18:36:47.881321+09:00
20260914,07,蒲郡,7,20260914-07-07,6,5434,藤田康生,21,静岡,51.0,B1,3.32,10.87,1.17,0.0,70,41.18,32,15.38,4,3,https://www1.mbrace.or.jp/od2/B/202609/b260914.lzh,2026-10-03T18:36:47.881321+09:00
20260914,07,蒲郡,8,20260914-07-08,1,5252,荒木颯斗,23,愛知,52.0,A2,5.97,41.53,4.75,23.64,41,47.06,46,4.35,3,3,https://www1.mbrace.or.jp/od2/B/202609/b260914.lzh,2026-10-03T18:36:47.881321+09:00
20260914,07,蒲郡,8,20260914-07-08,2,5325,澁川夏,23,大阪,51.0,B1,5.87,43.88,4.06,29.41,64,42.31,65,0.0,4,2,https://www1.mbrace.or.jp/od2/B/202609/b260914.lzh,2026-10-03T18:36:47.881321+09:00
20260914,07,蒲郡,8,20260914-07-08,3,5280,廣瀬凜,23,滋賀,53.0,A1,7.05,53.44,4.17,16.67,72,25.0,72,29.41,26,12,https://www1.mbrace.or.jp/od2/B/202609/b260914.lzh,2026-10-03T18:36:47.881321+09:00
20260914,07,蒲郡,8,20260914-07-08,4,5169,堀本翔太,25,愛知,51.0,B2,3.48,8.93,3.29,10.42,23,25.0,51,35.0,15,,https://www1.mbrace.or.jp/od2/B/202609/b260914.lzh,2026-10-03T18:36:47.881321+09:00
20260914,07,蒲郡,8,20260914-07-08,5,5238,笹木香吾,26,山口,55.0,A2,6.1,48.39,3.22,11.11,26,20.0,61,35.29,55,,https://www1.mbrace.or.jp/od2/B/202609/b260914.lzh,2026-10-03T18:36:47.881321+09:00
20260914,07,蒲郡,8,20260914-07-08,6,5364,金子怜央,26,群馬,53.0,B1,2.12,3.23,1.83,0.0,28,33.33,35,66.67,6,4,https://www1.mbrace.or.jp/od2/B/202609/b260914.lzh,2026-10-03T18:36:47.881321+09:00
20260914,07,蒲郡,9,20260914-07-09,1,5269,山口晃朋,25,静岡,51.0,A2,6.32,49.09,5.17,36.67,30,45.83,59,27.78,12,,https://www1.mbrace.or.jp/od2/B/202609/b260914.lzh,2026-10-03T18:36:47.881321+09:00
20260914,07,蒲郡,9,20260914-07-09,2,5385,鈴木柊介,21,静岡,55.0,B1,2.56,5.88,1.82,0.0,29,24.0,47,4.55,5,3,https://www1.mbrace.or.jp/od2/B/202609/b260914.lzh,2026-10-03T18:36:47.881321+09:00
20260914,07,蒲郡,9,20260914-07-09,3,5308,藤森拓海,22,福岡,54.0,B1,4.42,23.58,3.14,0.0,74,18.75,40,52.0,63,,https://www1.mbrace.or.jp/od2/B/202609/b260914.lzh,2026-10-03T18:36:47.881321+09:00
20260914,07,蒲郡,9,20260914-07-09,4,5068,前田滉,26,愛知,51.0,A1,7.94,68.04,7.58,65.0,45,12.5,50,52.0,21,4,https://www1.mbrace.or.jp/od2/B/202609/b260914.lzh,2026-10-03T18:36:47.881321+09:00
20260914,07,蒲郡,9,20260914-07-09,5,5197,中野仁照,24,愛知,54.0,B2,5.81,39.53,6.62,51.11,27,17.39,69,35.29,3,5,https://www1.mbrace.or.jp/od2/B/202609/b260914.lzh,2026-10-03T18:36:47.881321+09:00
20260914,07,蒲郡,9,20260914-07-09,6,5275,松田淳平,24,三重,53.0,A1,6.49,49.07,5.17,27.78,24,33.33,71,43.75,51,,https://www1.mbrace.or.jp/od2/B/202609/b260914.lzh,2026-10-03T18:36:47.881321+09:00
20260914,07,蒲郡,10,20260914-07-10,1,5222,津田陸翔,25,広島,52.0,A1,6.27,47.5,5.0,25.0,39,52.94,31,26.92,34,3,https://www1.mbrace.or.jp/od2/B/202609/b260914.lzh,2026-10-03T18:36:47.881321+09:00
20260914,07,蒲郡,10,20260914-07-10,2,5332,村松遥輝,22,静岡,52.0,B1,3.66,17.14,4.38,29.41,58,21.74,62,31.58,36,,https://www1.mbrace.or.jp/od2/B/202609/b260914.lzh,2026-10-03T18:36:47.881321+09:00
20260914,07,蒲郡,10,20260914-07-10,3,5243,三馬崇史,26,広島,55.0,B1,6.03,47.31,5.63,36.84,40,38.89,30,20.0,1,2,https://www1.mbrace.or.jp/od2/B/202609/b260914.lzh,2026-10-03T18:36:47.881321+09:00
20260914,07,蒲郡,10,20260914-07-10,4,5196,鰐部太空,24,愛知,54.0,A1,5.55,34.88,5.83,33.33,38,7.14,36,17.39,6,6,https://www1.mbrace.or.jp/od2/B/202609/b260914.lzh,2026-10-03T18:36:47.881321+09:00
20260914,07,蒲郡,10,20260914-07-10,5,5246,楠将太郎,24,埼玉,52.0,A2,4.79,32.14,6.82,50.0,54,29.63,67,23.53,1,4,https://www1.mbrace.or.jp/od2/B/202609/b260914.lzh,2026-10-03T18:36:47.881321+09:00
20260914,07,蒲郡,10,20260914-07-10,6,5207,高山敬悟,29,福岡,53.0,B1,5.27,35.9,3.35,11.76,76,38.89,57,22.22,4,1,https://www1.mbrace.or.jp/od2/B/202609/b260914.lzh,2026-10-03T18:36:47.881321+09:00
20260914,07,蒲郡,11,20260914-07-11,1,5234,塚越海斗,28,群馬,54.0,A1,6.57,53.54,6.89,44.44,66,53.85,66,61.11,12,5,https://www1.mbrace.or.jp/od2/B/202609/b260914.lzh,2026-10-03T18:36:47.881321+09:00
20260914,07,蒲郡,11,20260914-07-11,2,5166,仲道大輔,26,愛知,52.0,A2,6.06,43.68,5.95,40.0,55,11.54,58,31.58,2,1,https://www1.mbrace.or.jp/od2/B/202609/b260914.lzh,2026-10-03T18:36:47.881321+09:00
20260914,07,蒲郡,11,20260914-07-11,3,5178,成貞琳平,30,愛知,54.0,B1,4.24,19.23,3.75,12.5,34,44.44,34,33.33,2,3,https://www1.mbrace.or.jp/od2/B/202609/b260914.lzh,2026-10-03T18:36:47.881321+09:00
20260914,07,蒲郡,11,20260914-07-11,4,5256,中山翔太,22,三重,54.0,A1,5.91,43.4,6.62,42.86,33,48.15,54,36.0,25,7,https://www1.mbrace.or.jp/od2/B/202609/b260914.lzh,2026-10-03T18:36:47.881321+09:00
20260914,07,蒲郡,11,20260914-07-11,5,5303,土井歩夢,23,福岡,52.0,A2,5.88,36.7,4.0,12.5,69,7.14,75,31.25,2,6,https://www1.mbrace.or.jp/od2/B/202609/b260914.lzh,2026-10-03T18:36:47.881321+09:00
20260914,07,蒲郡,11,20260914-07-11,6,5337,出畑孝成,20,福岡,54.0,B1,4.36,21.35,5.13,33.33,19,25.93,68,27.78,23,2,https://www1.mbrace.or.jp/od2/B/202609/b260914.lzh,2026-10-03T18:36:47.881321+09:00
20260914,07,蒲郡,12,20260914-07-12,1,5280,廣瀬凜,23,滋賀,53.0,A1,7.05,53.44,4.17,16.67,72,25.0,72,29.41,26,8,https://www1.mbrace.or.jp/od2/B/202609/b260914.lzh,2026-10-03T18:36:47.881321+09:00
20260914,07,蒲郡,12,20260914-07-12,2,5239,上野俊樹,26,福岡,52.0,B1,5.91,37.68,5.59,20.59,32,48.0,63,41.18,2,4,https://www1.mbrace.or.jp/od2/B/202609/b260914.lzh,2026-10-03T18:36:47.881321+09:00
20260914,07,蒲郡,12,20260914-07-12,3,5221,竹間隆晟,25,大阪,55.0,A1,6.74,50.91,6.33,48.15,67,48.15,52,18.18,13,2,https://www1.mbrace.or.jp/od2/B/202609/b260914.lzh,2026-10-03T18:36:47.881321+09:00
20260914,07,蒲郡,12,20260914-07-12,4,5255,藤原仙二,22,滋賀,55.0,A1,6.64,48.18,6.69,46.88,57,13.04,76,25.0,31,6,https://www1.mbrace.or.jp/od2/B/202609/b260914.lzh,2026-10-03T18:36:47.881321+09:00
20260914,07,蒲郡,12,20260914-07-12,5,5279,石渡翔一,23,東京,53.0,B1,5.84,40.37,0.0,0.0,25,50.0,53,42.31,1,3,https://www1.mbrace.or.jp/od2/B/202609/b260914.lzh,2026-10-03T18:36:47.881321+09:00
20260914,07,蒲郡,12,20260914-07-12,6,5330,安河内鈴,22,福岡,52.0,A2,6.85,55.46,7.17,61.11,65,20.83,55,69.23,31,7,https://www1.mbrace.or.jp/od2/B/202609/b260914.lzh,2026-10-03T18:36:47.881321+09:00
20260914,06,浜名湖,1,20260914-06-01,1,3392,小森信雄,61,三重,52.0,B1,4.39,18.75,4.94,31.43,7,36.11,63,36.02,646 55,,https://www1.mbrace.or.jp/od2/B/202609/b260914.lzh,2026-10-03T18:36:47.881321+09:00
20260914,06,浜名湖,1,20260914-06-01,2,5349,宮崎奏磨,22,静岡,52.0,B2,1.28,0.0,1.45,1.54,28,26.51,40,26.88,,8,https://www1.mbrace.or.jp/od2/B/202609/b260914.lzh,2026-10-03T18:36:47.881321+09:00
20260914,06,浜名湖,1,20260914-06-01,3,4876,梅木敬太,32,福井,54.0,B1,4.96,30.19,2.9,10.0,41,28.57,21,40.36,46531,7,https://www1.mbrace.or.jp/od2/B/202609/b260914.lzh,2026-10-03T18:36:47.881321+09:00
20260914,06,浜名湖,1,20260914-06-01,4,4022,待鳥雄紀,46,福岡,58.0,B1,4.7,25.27,5.0,32.35,59,32.63,32,38.14,5 2253,9,https://www1.mbrace.or.jp/od2/B/202609/b260914.lzh,2026-10-03T18:36:47.881321+09:00
20260914,06,浜名湖,1,20260914-06-01,5,3516,吉原聖人,58,広島,51.0,B1,4.74,33.33,4.44,22.22,1,41.53,15,35.14,524 34,6,https://www1.mbrace.or.jp/od2/B/202609/b260914.lzh,2026-10-03T18:36:47.881321+09:00
20260914,06,浜名湖,1,20260914-06-01,6,4068,幸田智裕,46,静岡,55.0,B1,4.74,22.12,4.97,28.83,48,42.98,66,35.38,13434,11,https://www1.mbrace.or.jp/od2/B/202609/b260914.lzh,2026-10-03T18:36:47.881321+09:00
20260914,06,浜名湖,2,20260914-06-02,1,5369,岡崎凪汰,24,長崎,53.0,B1,3.24,14.46,0.0,0.0,62,43.43,19,34.27,456 S6,,https://www1.mbrace.or.jp/od2/B/202609/b260914.lzh,2026-10-03T18:36:47.881321+09:00
20260914,06,浜名湖,2,20260914-06-02,2,3714,梶原正,51,福岡,55.0,B1,4.28,26.83,4.3,20.0,6,34.29,30,39.07,43235,9,https://www1.mbrace.or.jp/od2/B/202609/b260914.lzh,2026-10-03T18:36:47.881321+09:00
20260914,06,浜名湖,2,20260914-06-02,3,4066,東本勝利,46,三重,53.0,A2,6.15,41.9,6.06,41.67,40,31.78,11,29.28,31526,10,https://www1.mbrace.or.jp/od2/B/202609/b260914.lzh,2026-10-03T18:36:47.881321+09:00
20260914,06,浜名湖,2,20260914-06-02,4,3939,渡辺真至,48,愛知,52.0,B2,5.07,31.94,6.03,40.63,54,32.65,57,33.49,2 5352,8,https://www1.mbrace.or.jp/od2/B/202609/b260914.lzh,2026-10-03T18:36:47.881321+09:00
20260914,06,浜名湖,2,20260914-06-02,5,4666,日笠勝弘,42,大阪,52.0,B1,4.02,19.75,4.77,30.77,14,32.99,33,32.88,2 4411,11,https://www1.mbrace.or.jp/od2/B/202609/b260914.lzh,2026-10-03T18:36:47.881321+09:00
20260914,06,浜名湖,2,20260914-06-02,6,4588,田中京介,35,福岡,57.0,A2,5.48,39.17,5.78,43.75,29,28.87,48,35.94,2 2623,7,https://www1.mbrace.or.jp/od2/B/202609/b260914.lzh,2026-10-03T18:36:47.881321+09:00
20260914,06,浜名湖,3,20260914-06-03,1,3906,飯山晃三,48,長崎,63.0,B1,3.64,20.0,3.52,21.74,23,36.36,13,31.98,565 35,,https://www1.mbrace.or.jp/od2/B/202609/b260914.lzh,2026-10-03T18:36:47.881321+09:00
20260914,06,浜名湖,3,20260914-06-03,2,4684,楠原翔太,35,福岡,56.0,B1,5.42,33.64,3.61,16.67,22,42.99,25,36.92,4 2513,12,https://www1.mbrace.or.jp/od2/B/202609/b260914.lzh,2026-10-03T18:36:47.881321+09:00
20260914,06,浜名湖,3,20260914-06-03,3,4381,田路朋史,41,兵庫,52.0,A2,5.69,41.11,6.73,50.0,17,39.64,53,33.63,31331,9,https://www1.mbrace.or.jp/od2/B/202609/b260914.lzh,2026-10-03T18:36:47.881321+09:00
20260914,06,浜名湖,3,20260914-06-03,4,4677,片橋幸貴,38,滋賀,54.0,A1,6.14,46.67,7.06,52.78,3,39.58,65,34.08,651 33,11,https://www1.mbrace.or.jp/od2/B/202609/b260914.lzh,2026-10-03T18:36:47.881321+09:00
20260914,06,浜名湖,3,20260914-06-03,5,4150,山田雄太,44,静岡,57.0,A2,5.95,42.2,6.14,43.55,34,32.69,44,40.98,3 1334,10,https://www1.mbrace.or.jp/od2/B/202609/b260914.lzh,2026-10-03T18:36:47.881321+09:00
20260914,06,浜名湖,3,20260914-06-03,6,3796,長野道臣,53,静岡,55.0,B1,4.15,23.96,5.15,34.55,51,27.36,62,38.16,3 1436,7,https://www1.mbrace.or.jp/od2/B/202609/b260914.lzh,2026-10-03T18:36:47.881321+09:00
20260914,06,浜名湖,4,20260914-06-04,1,5066,鈴木孝明,28,埼玉,54.0,A1,6.8,54.7,4.75,25.0,55,50.48,59,31.05,161144,10,https://www1.mbrace.or.jp/od2/B/202609/b260914.lzh,2026-10-03T18:36:47.881321+09:00
20260914,06,浜名湖,4,20260914-06-04,2,4336,松田竜馬,42,福岡,56.0,B1,5.08,31.46,5.09,30.3,13,40.68,76,34.88,1 3442,10,https://www1.mbrace.or.jp/od2/B/202609/b260914.lzh,2026-10-03T18:36:47.881321+09:00
20260914,06,浜名湖,4,20260914-06-04,3,4358,松本庸平,42,三重,50.0,B1,4.26,25.84,3.97,16.67,53,31.0,56,36.24,222 56,9,https://www1.mbrace.or.jp/od2/B/202609/b260914.lzh,2026-10-03T18:36:47.881321+09:00
20260914,06,浜名湖,4,20260914-06-04,4,3842,星野太郎,50,三重,54.0,B1,5.13,33.77,5.98,34.09,61,43.1,29,35.27,2 3465,8,https://www1.mbrace.or.jp/od2/B/202609/b260914.lzh,2026-10-03T18:36:47.881321+09:00
20260914,06,浜名湖,4,20260914-06-04,5,5091,為本智也,25,福井,52.0,B1,6.05,45.45,6.13,43.75,11,39.81,70,31.16,231441,12,https://www1.mbrace.or.jp/od2/B/202609/b260914.lzh,2026-10-03T18:36:47.881321+09:00
20260914,06,浜名湖,4,20260914-06-04,6,5463,出口飛龍,19,大阪,54.0,B2,1.2,0.0,0.0,0.0,63,44.66,41,31.9,4 6664,,https://www1.mbrace.or.jp/od2/B/202609/b260914.lzh,2026-10-03T18:36:47.881321+09:00
20260914,06,浜名湖,5,20260914-06-05,1,4811,向井田佑,37,広島,49.0,B1,5.02,28.16,4.73,20.45,45,43.14,71,34.7,656 46,,https://www1.mbrace.or.jp/od2/B/202609/b260914.lzh,2026-10-03T18:36:47.881321+09:00
20260914,06,浜名湖,5,20260914-06-05,2,3777,樋口亮,51,長崎,52.0,A2,5.1,31.0,6.58,50.0,32,36.44,23,33.63,455 23,,https://www1.mbrace.or.jp/od2/B/202609/b260914.lzh,2026-10-03T18:36:47.881321+09:00
20260914,06,浜名湖,5,20260914-06-05,3,5353,草川壮良,22,滋賀,51.0,B1,3.31,13.46,0.0,0.0,26,41.32,18,35.02,35314,9,https://www1.mbrace.or.jp/od2/B/202609/b260914.lzh,2026-10-03T18:36:47.881321+09:00
20260914,06,浜名湖,5,20260914-06-05,4,4431,石塚裕介,40,三重,52.0,B1,4.68,29.87,5.97,41.38,15,27.5,50,33.94,1 5222,12,https://www1.mbrace.or.jp/od2/B/202609/b260914.lzh,2026-10-03T18:36:47.881321+09:00
20260914,06,浜名湖,5,20260914-06-05,5,4654,篠田優也,40,兵庫,55.0,A1,6.49,45.16,7.18,60.71,19,33.63,58,38.67,1 3622,11,https://www1.mbrace.or.jp/od2/B/202609/b260914.lzh,2026-10-03T18:36:47.881321+09:00
20260914,06,浜名湖,5,20260914-06-05,6,4269,杉山裕也,40,愛知,54.0,A2,7.25,60.71,0.0,0.0,37,44.64,45,42.47,2 1521,10,https://www1.mbrace.or.jp/od2/B/202609/b260914.lzh,2026-10-03T18:36:47.881321+09:00
20260914,06,浜名湖,6,20260914-06-06,1,4369,丹下将,40,愛知,58.0,A2,5.64,38.46,5.9,44.83,16,32.38,17,35.48,361135,10,https://www1.mbrace.or.jp/od2/B/202609/b260914.lzh,2026-10-03T18:36:47.881321+09:00
20260914,06,浜名湖,6,20260914-06-06,2,3516,吉原聖人,58,広島,51.0,B1,4.74,33.33,4.44,22.22,1,41.53,15,35.14,524 34,1,https://www1.mbrace.or.jp/od2/B/202609/b260914.lzh,2026-10-03T18:36:47.881321+09:00
20260914,06,浜名湖,6,20260914-06-06,3,4639,雑賀勇貴,35,大阪,53.0,B1,4.14,22.58,4.0,23.53,49,31.86,46,32.29,16266,,https://www1.mbrace.or.jp/od2/B/202609/b260914.lzh,2026-10-03T18:36:47.881321+09:00
20260914,06,浜名湖,6,20260914-06-06,4,4899,占部一真,34,福岡,52.0,B1,4.29,26.83,5.0,37.5,65,21.62,72,34.09,515 54,,https://www1.mbrace.or.jp/od2/B/202609/b260914.lzh,2026-10-03T18:36:47.881321+09:00
20260914,06,浜名湖,6,20260914-06-06,5,4434,田中辰彦,40,広島,55.0,A2,6.1,45.19,5.67,44.44,66,35.42,24,37.33,23415,12,https://www1.mbrace.or.jp/od2/B/202609/b260914.lzh,2026-10-03T18:36:47.881321+09:00
20260914,06,浜名湖,6,20260914-06-06,6,4967,中村魁生,28,大阪,51.0,A1,6.35,42.73,6.72,46.88,44,36.45,43,30.15,123141,11,https://www1.mbrace.or.jp/od2/B/202609/b260914.lzh,2026-10-03T18:36:47.881321+09:00
20260914,06,浜名湖,7,20260914-06-07,1,3721,守田俊介,51,滋賀,53.0,A1,6.84,50.39,6.79,42.86,38,40.52,51,30.41,434512,11,https://www1.mbrace.or.jp/od2/B/202609/b260914.lzh,2026-10-03T18:36:47.881321+09:00
20260914,06,浜名湖,7,20260914-06-07,2,4588,田中京介,35,福岡,57.0,A2,5.48,39.17,5.78,43.75,29,28.87,48,35.94,2 2623,2,https://www1.mbrace.or.jp/od2/B/202609/b260914.lzh,2026-10-03T18:36:47.881321+09:00
20260914,06,浜名湖,7,20260914-06-07,3,3796,長野道臣,53,静岡,55.0,B1,4.15,23.96,5.15,34.55,51,27.36,62,38.16,3 1436,3,https://www1.mbrace.or.jp/od2/B/202609/b260914.lzh,2026-10-03T18:36:47.881321+09:00
20260914,06,浜名湖,7,20260914-06-07,4,4876,梅木敬太,32,福井,54.0,B1,4.96,30.19,2.9,10.0,41,28.57,21,40.36,46531,1,https://www1.mbrace.or.jp/od2/B/202609/b260914.lzh,2026-10-03T18:36:47.881321+09:00
20260914,06,浜名湖,7,20260914-06-07,5,3286,坂東満,58,静岡,53.0,B2,3.44,19.3,5.58,34.52,52,36.45,22,36.45,5 6616,,https://www1.mbrace.or.jp/od2/B/202609/b260914.lzh,2026-10-03T18:36:47.881321+09:00
20260914,06,浜名湖,7,20260914-06-07,6,4798,浜先真範,33,広島,52.0,A1,6.64,46.28,6.24,47.62,5,45.05,60,31.22,114221,12,https://www1.mbrace.or.jp/od2/B/202609/b260914.lzh,2026-10-03T18:36:47.881321+09:00
20260914,06,浜名湖,8,20260914-06-08,1,3627,井上恵一,57,福岡,54.0,A2,4.54,30.59,5.74,40.0,4,30.85,69,34.39,422 36,12,https://www1.mbrace.or.jp/od2/B/202609/b260914.lzh,2026-10-03T18:36:47.881321+09:00
20260914,06,浜名湖,8,20260914-06-08,2,3939,渡辺真至,48,愛知,52.0,B2,5.07,31.94,6.03,40.63,54,32.65,57,33.49,2 5352,2,https://www1.mbrace.or.jp/od2/B/202609/b260914.lzh,2026-10-03T18:36:47.881321+09:00
20260914,06,浜名湖,8,20260914-06-08,3,3842,星野太郎,50,三重,54.0,B1,5.13,33.77,5.98,34.09,61,43.1,29,35.27,2 3465,4,https://www1.mbrace.or.jp/od2/B/202609/b260914.lzh,2026-10-03T18:36:47.881321+09:00
20260914,06,浜名湖,8,20260914-06-08,4,4345,西舘健,41,東京,54.0,A2,5.11,35.71,4.85,30.77,10,34.04,64,31.63,6 5662,,https://www1.mbrace.or.jp/od2/B/202609/b260914.lzh,2026-10-03T18:36:47.881321+09:00
20260914,06,浜名湖,8,20260914-06-08,5,5349,宮崎奏磨,22,静岡,52.0,B2,1.28,0.0,1.45,1.54,28,26.51,40,26.88,,1,https://www1.mbrace.or.jp/od2/B/202609/b260914.lzh,2026-10-03T18:36:47.881321+09:00
20260914,06,浜名湖,8,20260914-06-08,6,3306,武田正紀,58,埼玉,55.0,B1,4.03,20.21,4.33,11.11,31,30.49,35,36.7,36465,,https://www1.mbrace.or.jp/od2/B/202609/b260914.lzh,2026-10-03T18:36:47.881321+09:00
20260914,06,浜名湖,9,20260914-06-09,1,4381,田路朋史,41,兵庫,52.0,A2,5.69,41.11,6.73,50.0,17,39.64,53,33.63,31331,3,https://www1.mbrace.or.jp/od2/B/202609/b260914.lzh,2026-10-03T18:36:47.881321+09:00
20260914,06,浜名湖,9,20260914-06-09,2,4358,松本庸平,42,三重,50.0,B1,4.26,25.84,3.97,16.67,53,31.0,56,36.24,222 56,4,https://www1.mbrace.or.jp/od2/B/202609/b260914.lzh,2026-10-03T18:36:47.881321+09:00
20260914,06,浜名湖,9,20260914-06-09,3,4022,待鳥雄紀,46,福岡,58.0,B1,4.7,25.27,5.0,32.35,59,32.63,32,38.14,5 2253,1,https://www1.mbrace.or.jp/od2/B/202609/b260914.lzh,2026-10-03T18:36:47.881321+09:00
20260914,06,浜名湖,9,20260914-06-09,4,5353,草川壮良,22,滋賀,51.0,B1,3.31,13.46,0.0,0.0,26,41.32,18,35.02,35314,5,https://www1.mbrace.or.jp/od2/B/202609/b260914.lzh,2026-10-03T18:36:47.881321+09:00
20260914,06,浜名湖,9,20260914-06-09,5,3714,梶原正,51,福岡,55.0,B1,4.28,26.83,4.3,20.0,6,34.29,30,39.07,43235,2,https://www1.mbrace.or.jp/od2/B/202609/b260914.lzh,2026-10-03T18:36:47.881321+09:00
20260914,06,浜名湖,9,20260914-06-09,6,3811,石田章央,50,静岡,55.0,A1,6.15,47.62,6.01,42.86,20,43.24,14,35.75,F42 1,,https://www1.mbrace.or.jp/od2/B/202609/b260914.lzh,2026-10-03T18:36:47.881321+09:00
20260914,06,浜名湖,10,20260914-06-10,1,4269,杉山裕也,40,愛知,54.0,A2,7.25,60.71,0.0,0.0,37,44.64,45,42.47,2 1521,5,https://www1.mbrace.or.jp/od2/B/202609/b260914.lzh,2026-10-03T18:36:47.881321+09:00
20260914,06,浜名湖,10,20260914-06-10,2,5066,鈴木孝明,28,埼玉,54.0,A1,6.8,54.7,4.75,25.0,55,50.48,59,31.05,161144,4,https://www1.mbrace.or.jp/od2/B/202609/b260914.lzh,2026-10-03T18:36:47.881321+09:00
20260914,06,浜名湖,10,20260914-06-10,3,4150,山田雄太,44,静岡,57.0,A2,5.95,42.2,6.14,43.55,34,32.69,44,40.98,3 1334,3,https://www1.mbrace.or.jp/od2/B/202609/b260914.lzh,2026-10-03T18:36:47.881321+09:00
20260914,06,浜名湖,10,20260914-06-10,4,4336,松田竜馬,42,福岡,56.0,B1,5.08,31.46,5.09,30.3,13,40.68,76,34.88,1 3442,4,https://www1.mbrace.or.jp/od2/B/202609/b260914.lzh,2026-10-03T18:36:47.881321+09:00
20260914,06,浜名湖,10,20260914-06-10,5,4369,丹下将,40,愛知,58.0,A2,5.64,38.46,5.9,44.83,16,32.38,17,35.48,361135,6,https://www1.mbrace.or.jp/od2/B/202609/b260914.lzh,2026-10-03T18:36:47.881321+09:00
20260914,06,浜名湖,10,20260914-06-10,6,4066,東本勝利,46,三重,53.0,A2,6.15,41.9,6.06,41.67,40,31.78,11,29.28,31526,2,https://www1.mbrace.or.jp/od2/B/202609/b260914.lzh,2026-10-03T18:36:47.881321+09:00
20260914,06,浜名湖,11,20260914-06-11,1,4967,中村魁生,28,大阪,51.0,A1,6.35,42.73,6.72,46.88,44,36.45,43,30.15,123141,6,https://www1.mbrace.or.jp/od2/B/202609/b260914.lzh,2026-10-03T18:36:47.881321+09:00
20260914,06,浜名湖,11,20260914-06-11,2,4666,日笠勝弘,42,大阪,52.0,B1,4.02,19.75,4.77,30.77,14,32.99,33,32.88,2 4411,2,https://www1.mbrace.or.jp/od2/B/202609/b260914.lzh,2026-10-03T18:36:47.881321+09:00
20260914,06,浜名湖,11,20260914-06-11,3,4654,篠田優也,40,兵庫,55.0,A1,6.49,45.16,7.18,60.71,19,33.63,58,38.67,1 3622,5,https://www1.mbrace.or.jp/od2/B/202609/b260914.lzh,2026-10-03T18:36:47.881321+09:00
20260914,06,浜名湖,11,20260914-06-11,4,3721,守田俊介,51,滋賀,53.0,A1,6.84,50.39,6.79,42.86,38,40.52,51,30.41,434512,7,https://www1.mbrace.or.jp/od2/B/202609/b260914.lzh,2026-10-03T18:36:47.881321+09:00
20260914,06,浜名湖,11,20260914-06-11,5,4068,幸田智裕,46,静岡,55.0,B1,4.74,22.12,4.97,28.83,48,42.98,66,35.38,13434,1,https://www1.mbrace.or.jp/od2/B/202609/b260914.lzh,2026-10-03T18:36:47.881321+09:00
20260914,06,浜名湖,11,20260914-06-11,6,4677,片橋幸貴,38,滋賀,54.0,A1,6.14,46.67,7.06,52.78,3,39.58,65,34.08,651 33,3,https://www1.mbrace.or.jp/od2/B/202609/b260914.lzh,2026-10-03T18:36:47.881321+09:00
20260914,06,浜名湖,12,20260914-06-12,1,4798,浜先真範,33,広島,52.0,A1,6.64,46.28,6.24,47.62,5,45.05,60,31.22,114221,7,https://www1.mbrace.or.jp/od2/B/202609/b260914.lzh,2026-10-03T18:36:47.881321+09:00
20260914,06,浜名湖,12,20260914-06-12,2,4431,石塚裕介,40,三重,52.0,B1,4.68,29.87,5.97,41.38,15,27.5,50,33.94,1 5222,5,https://www1.mbrace.or.jp/od2/B/202609/b260914.lzh,2026-10-03T18:36:47.881321+09:00
20260914,06,浜名湖,12,20260914-06-12,3,5091,為本智也,25,福井,52.0,B1,6.05,45.45,6.13,43.75,11,39.81,70,31.16,231441,4,https://www1.mbrace.or.jp/od2/B/202609/b260914.lzh,2026-10-03T18:36:47.881321+09:00
20260914,06,浜名湖,12,20260914-06-12,4,4434,田中辰彦,40,広島,55.0,A2,6.1,45.19,5.67,44.44,66,35.42,24,37.33,23415,6,https://www1.mbrace.or.jp/od2/B/202609/b260914.lzh,2026-10-03T18:36:47.881321+09:00
20260914,06,浜名湖,12,20260914-06-12,5,4684,楠原翔太,35,福岡,56.0,B1,5.42,33.64,3.61,16.67,22,42.99,25,36.92,4 2513,3,https://www1.mbrace.or.jp/od2/B/202609/b260914.lzh,2026-10-03T18:36:47.881321+09:00
20260914,06,浜名湖,12,20260914-06-12,6,3627,井上恵一,57,福岡,54.0,A2,4.54,30.59,5.74,40.0,4,30.85,69,34.39,422 36,8,https://www1.mbrace.or.jp/od2/B/202609/b260914.lzh,2026-10-03T18:36:47.881321+09:00
20260914,04,平和島,1,20260914-04-01,1,3432,宮迫暢彦,58,大阪,54.0,B1,3.84,14.86,5.54,42.86,39,17.24,69,39.22,,7,https://www1.mbrace.or.jp/od2/B/202609/b260914.lzh,2026-10-03T18:36:47.881321+09:00
20260914,04,平和島,1,20260914-04-01,2,4367,山口修路,40,福岡,53.0,B1,4.45,18.48,4.8,20.0,17,28.57,64,22.86,,6,https://www1.mbrace.or.jp/od2/B/202609/b260914.lzh,2026-10-03T18:36:47.881321+09:00
20260914,04,平和島,1,20260914-04-01,3,5023,久永祥平,31,東京,52.0,A2,5.78,36.63,5.39,30.43,53,30.36,15,17.24,,8,https://www1.mbrace.or.jp/od2/B/202609/b260914.lzh,2026-10-03T18:36:47.881321+09:00
20260914,04,平和島,1,20260914-04-01,4,3313,本吉正樹,61,東京,58.0,B1,4.12,19.35,4.28,25.0,24,35.42,59,23.21,,10,https://www1.mbrace.or.jp/od2/B/202609/b260914.lzh,2026-10-03T18:36:47.881321+09:00
20260914,04,平和島,1,20260914-04-01,5,4697,國弘翔平,40,福岡,50.0,B1,4.39,22.68,4.36,13.64,70,16.67,23,37.1,,9,https://www1.mbrace.or.jp/od2/B/202609/b260914.lzh,2026-10-03T18:36:47.881321+09:00
20260914,04,平和島,1,20260914-04-01,6,5393,藤原駿,25,大阪,57.0,B2,1.41,0.0,0.0,0.0,23,50.0,66,23.08,,,https://www1.mbrace.or.jp/od2/B/202609/b260914.lzh,2026-10-03T18:36:47.881321+09:00
20260914,04,平和島,2,20260914-04-02,1,4880,澤崎雄哉,31,東京,53.0,B1,5.36,32.65,6.05,47.37,63,30.43,65,26.42,,11,https://www1.mbrace.or.jp/od2/B/202609/b260914.lzh,2026-10-03T18:36:47.881321+09:00
20260914,04,平和島,2,20260914-04-02,2,5105,富田恕生,27,福岡,53.0,B1,4.31,22.81,6.4,50.0,75,25.42,70,42.11,,,https://www1.mbrace.or.jp/od2/B/202609/b260914.lzh,2026-10-03T18:36:47.881321+09:00
20260914,04,平和島,2,20260914-04-02,3,4659,木下翔太,35,大阪,55.0,A1,7.55,55.64,7.22,48.15,33,34.38,13,33.33,,12,https://www1.mbrace.or.jp/od2/B/202609/b260914.lzh,2026-10-03T18:36:47.881321+09:00
20260914,04,平和島,2,20260914-04-02,4,5081,篠原飛翔,27,福岡,52.0,A2,5.57,40.43,0.0,0.0,30,46.27,33,37.68,,8,https://www1.mbrace.or.jp/od2/B/202609/b260914.lzh,2026-10-03T18:36:47.881321+09:00
20260914,04,平和島,2,20260914-04-02,5,4863,三浦裕貴,37,東京,56.0,B1,4.05,16.46,4.02,19.23,52,29.23,21,27.78,,9,https://www1.mbrace.or.jp/od2/B/202609/b260914.lzh,2026-10-03T18:36:47.881321+09:00
20260914,04,平和島,2,20260914-04-02,6,3951,石川吉鎬,50,大阪,55.0,B1,4.93,24.51,6.29,47.06,59,24.56,32,38.03,,10,https://www1.mbrace.or.jp/od2/B/202609/b260914.lzh,2026-10-03T18:36:47.881321+09:00
20260914,04,平和島,3,20260914-04-03,1,3107,平岡重典,62,大阪,52.0,B1,3.84,14.0,4.16,12.0,44,17.86,28,29.03,,9,https://www1.mbrace.or.jp/od2/B/202609/b260914.lzh,2026-10-03T18:36:47.881321+09:00
20260914,04,平和島,3,20260914-04-03,2,3771,折下寛法,52,東京,51.0,B1,5.18,27.0,4.61,24.39,41,42.0,12,24.24,,8,https://www1.mbrace.or.jp/od2/B/202609/b260914.lzh,2026-10-03T18:36:47.881321+09:00
20260914,04,平和島,3,20260914-04-03,3,3747,國崎良春,51,福岡,52.0,A2,5.72,37.21,5.54,41.67,36,35.85,22,30.0,,10,https://www1.mbrace.or.jp/od2/B/202609/b260914.lzh,2026-10-03T18:36:47.881321+09:00
20260914,04,平和島,3,20260914-04-03,4,4200,早川尚人,44,大阪,55.0,B1,4.27,17.05,4.28,27.78,56,19.67,74,31.03,,,https://www1.mbrace.or.jp/od2/B/202609/b260914.lzh,2026-10-03T18:36:47.881321+09:00
20260914,04,平和島,3,20260914-04-03,5,4769,馬場剛,34,東京,51.0,A1,6.82,52.0,6.23,48.15,65,28.99,30,39.68,,12,https://www1.mbrace.or.jp/od2/B/202609/b260914.lzh,2026-10-03T18:36:47.881321+09:00
20260914,04,平和島,3,20260914-04-03,6,5031,渡辺空依,28,福岡,54.0,B1,5.07,31.52,0.0,0.0,71,29.41,17,40.68,,11,https://www1.mbrace.or.jp/od2/B/202609/b260914.lzh,2026-10-03T18:36:47.881321+09:00
20260914,04,平和島,4,20260914-04-04,1,4421,森作広大,38,東京,56.0,B1,3.35,10.0,4.12,18.64,49,22.03,75,39.66,,,https://www1.mbrace.or.jp/od2/B/202609/b260914.lzh,2026-10-03T18:36:47.881321+09:00
20260914,04,平和島,4,20260914-04-04,2,4272,大場広孝,44,福岡,58.0,B1,4.86,28.97,4.95,26.32,15,34.48,25,51.61,,10,https://www1.mbrace.or.jp/od2/B/202609/b260914.lzh,2026-10-03T18:36:47.881321+09:00
20260914,04,平和島,4,20260914-04-04,3,3105,内山文典,63,東京,53.0,B1,5.03,32.18,5.8,35.19,11,36.54,26,35.48,,,https://www1.mbrace.or.jp/od2/B/202609/b260914.lzh,2026-10-03T18:36:47.881321+09:00
20260914,04,平和島,4,20260914-04-04,4,4508,野間大樹,37,大阪,53.0,A2,4.89,26.98,5.57,57.14,14,39.62,24,44.44,,9,https://www1.mbrace.or.jp/od2/B/202609/b260914.lzh,2026-10-03T18:36:47.881321+09:00
20260914,04,平和島,4,20260914-04-04,5,5237,永松良教,26,福岡,55.0,B2,5.02,26.98,3.0,14.29,48,30.88,38,47.37,,,https://www1.mbrace.or.jp/od2/B/202609/b260914.lzh,2026-10-03T18:36:47.881321+09:00
20260914,04,平和島,4,20260914-04-04,6,3439,大平誉史,57,大阪,51.0,A1,5.88,42.34,5.83,40.0,54,22.41,11,27.42,,12,https://www1.mbrace.or.jp/od2/B/202609/b260914.lzh,2026-10-03T18:36:47.881321+09:00
20260914,04,平和島,5,20260914-04-05,1,3564,桑原啓,56,福岡,52.0,B1,4.35,27.45,5.91,54.55,19,33.85,14,40.35,,,https://www1.mbrace.or.jp/od2/B/202609/b260914.lzh,2026-10-03T18:36:47.881321+09:00
20260914,04,平和島,5,20260914-04-05,2,4976,金山立樹,32,東京,52.0,B1,4.81,27.45,5.9,41.94,47,25.37,72,37.74,,,https://www1.mbrace.or.jp/od2/B/202609/b260914.lzh,2026-10-03T18:36:47.881321+09:00
20260914,04,平和島,5,20260914-04-05,3,3857,阿波勝哉,53,東京,56.0,B1,4.88,29.03,4.87,27.87,51,34.78,37,20.59,,,https://www1.mbrace.or.jp/od2/B/202609/b260914.lzh,2026-10-03T18:36:47.881321+09:00
20260914,04,平和島,5,20260914-04-05,4,4377,濱本優一,42,大阪,49.0,A1,5.35,34.51,5.45,41.38,46,43.75,61,30.36,,10,https://www1.mbrace.or.jp/od2/B/202609/b260914.lzh,2026-10-03T18:36:47.881321+09:00
20260914,04,平和島,5,20260914-04-05,5,3915,繁野谷圭,52,大阪,52.0,A2,6.28,45.54,5.33,39.53,66,30.77,29,27.45,,11,https://www1.mbrace.or.jp/od2/B/202609/b260914.lzh,2026-10-03T18:36:47.881321+09:00
20260914,04,平和島,5,20260914-04-05,6,3876,中辻崇人,49,福岡,53.0,A1,6.63,48.53,8.18,76.47,20,25.86,68,36.36,,12,https://www1.mbrace.or.jp/od2/B/202609/b260914.lzh,2026-10-03T18:36:47.881321+09:00
20260914,04,平和島,6,20260914-04-06,1,4651,佐藤大騎,41,大阪,53.0,B1,3.6,10.39,4.41,20.59,73,30.0,20,35.38,,,https://www1.mbrace.or.jp/od2/B/202609/b260914.lzh,2026-10-03T18:36:47.881321+09:00
20260914,04,平和島,6,20260914-04-06,2,4053,芦澤望,48,東京,57.0,A2,5.21,32.93,5.49,38.3,55,20.97,63,36.21,,11,https://www1.mbrace.or.jp/od2/B/202609/b260914.lzh,2026-10-03T18:36:47.881321+09:00
20260914,04,平和島,6,20260914-04-06,3,3904,森貴洋,49,大阪,56.0,B1,4.99,32.53,5.5,38.24,62,44.9,34,28.07,,,https://www1.mbrace.or.jp/od2/B/202609/b260914.lzh,2026-10-03T18:36:47.881321+09:00
20260914,04,平和島,6,20260914-04-06,4,4367,山口修路,40,福岡,53.0,B1,4.45,18.48,4.8,20.0,17,28.57,64,22.86,,1,https://www1.mbrace.or.jp/od2/B/202609/b260914.lzh,2026-10-03T18:36:47.881321+09:00
20260914,04,平和島,6,20260914-04-06,5,4104,木下陽介,47,東京,55.0,B1,4.48,27.38,5.13,35.94,64,30.65,39,28.13,,,https://www1.mbrace.or.jp/od2/B/202609/b260914.lzh,2026-10-03T18:36:47.881321+09:00
20260914,04,平和島,6,20260914-04-06,6,4932,新開航,30,福岡,52.0,A1,7.58,53.91,7.38,53.33,35,28.57,40,25.0,,12,https://www1.mbrace.or.jp/od2/B/202609/b260914.lzh,2026-10-03T18:36:47.881321+09:00
20260914,04,平和島,7,20260914-04-07,1,4180,上野秀和,43,福岡,54.0,A2,5.28,31.67,4.38,8.33,21,46.88,73,29.79,,,https://www1.mbrace.or.jp/od2/B/202609/b260914.lzh,2026-10-03T18:36:47.881321+09:00
20260914,04,平和島,7,20260914-04-07,2,3432,宮迫暢彦,58,大阪,54.0,B1,3.84,14.86,5.54,42.86,39,17.24,69,39.22,,1,https://www1.mbrace.or.jp/od2/B/202609/b260914.lzh,2026-10-03T18:36:47.881321+09:00
20260914,04,平和島,7,20260914-04-07,3,4610,佐藤大佑,36,東京,54.0,A1,5.92,42.45,5.56,31.25,69,31.15,60,41.38,,12,https://www1.mbrace.or.jp/od2/B/202609/b260914.lzh,2026-10-03T18:36:47.881321+09:00
20260914,04,平和島,7,20260914-04-07,4,5022,伊藤尚汰,31,福岡,51.0,B1,4.27,28.41,4.3,16.98,67,16.13,36,29.09,,,https://www1.mbrace.or.jp/od2/B/202609/b260914.lzh,2026-10-03T18:36:47.881321+09:00
20260914,04,平和島,7,20260914-04-07,5,4082,濱崎誠,47,大阪,52.0,B1,5.94,42.86,6.8,60.0,72,23.33,35,42.25,,,https://www1.mbrace.or.jp/od2/B/202609/b260914.lzh,2026-10-03T18:36:47.881321+09:00
20260914,04,平和島,7,20260914-04-07,6,5424,熊倉幹太,24,東京,54.0,B2,1.49,2.04,1.89,11.11,28,17.78,16,38.89,,,https://www1.mbrace.or.jp/od2/B/202609/b260914.lzh,2026-10-03T18:36:47.881321+09:00
20260914,04,平和島,8,20260914-04-08,1,5023,久永祥平,31,東京,52.0,A2,5.78,36.63,5.39,30.43,53,30.36,15,17.24,,1,https://www1.mbrace.or.jp/od2/B/202609/b260914.lzh,2026-10-03T18:36:47.881321+09:00
20260914,04,平和島,8,20260914-04-08,2,4422,永井亮次,38,大阪,52.0,B1,4.35,22.78,3.88,20.83,45,21.05,71,40.0,,,https://www1.mbrace.or.jp/od2/B/202609/b260914.lzh,2026-10-03T18:36:47.881321+09:00
20260914,04,平和島,8,20260914-04-08,3,3963,原田秀弥,47,大阪,53.0,A2,5.79,36.61,5.4,33.33,32,28.79,10,35.82,,,https://www1.mbrace.or.jp/od2/B/202609/b260914.lzh,2026-10-03T18:36:47.881321+09:00
20260914,04,平和島,8,20260914-04-08,4,3771,折下寛法,52,東京,51.0,B1,5.18,27.0,4.61,24.39,41,42.0,12,24.24,,3,https://www1.mbrace.or.jp/od2/B/202609/b260914.lzh,2026-10-03T18:36:47.881321+09:00
20260914,04,平和島,8,20260914-04-08,5,5081,篠原飛翔,27,福岡,52.0,A2,5.57,40.43,0.0,0.0,30,46.27,33,37.68,,2,https://www1.mbrace.or.jp/od2/B/202609/b260914.lzh,2026-10-03T18:36:47.881321+09:00
20260914,04,平和島,8,20260914-04-08,6,5209,小野京平,28,福岡,56.0,B1,3.73,13.51,2.58,0.0,22,14.75,27,15.25,,,https://www1.mbrace.or.jp/od2/B/202609/b260914.lzh,2026-10-03T18:36:47.881321+09:00
20260914,04,平和島,9,20260914-04-09,1,5104,山田丈,28,福岡,51.0,A2,5.88,39.62,7.64,63.64,74,36.51,19,29.03,,,https://www1.mbrace.or.jp/od2/B/202609/b260914.lzh,2026-10-03T18:36:47.881321+09:00
20260914,04,平和島,9,20260914-04-09,2,3800,牧宏次,52,東京,52.0,A2,5.69,35.16,5.7,38.64,31,29.82,31,20.63,,,https://www1.mbrace.or.jp/od2/B/202609/b260914.lzh,2026-10-03T18:36:47.881321+09:00
20260914,04,平和島,9,20260914-04-09,3,3107,平岡重典,62,大阪,52.0,B1,3.84,14.0,4.16,12.0,44,17.86,28,29.03,,3,https://www1.mbrace.or.jp/od2/B/202609/b260914.lzh,2026-10-03T18:36:47.881321+09:00
20260914,04,平和島,9,20260914-04-09,4,4697,國弘翔平,40,福岡,50.0,B1,4.39,22.68,4.36,13.64,70,16.67,23,37.1,,1,https://www1.mbrace.or.jp/od2/B/202609/b260914.lzh,2026-10-03T18:36:47.881321+09:00
20260914,04,平和島,9,20260914-04-09,5,4508,野間大樹,37,大阪,53.0,A2,4.89,26.98,5.57,57.14,14,39.62,24,44.44,,4,https://www1.mbrace.or.jp/od2/B/202609/b260914.lzh,2026-10-03T18:36:47.881321+09:00
20260914,04,平和島,9,20260914-04-09,6,4863,三浦裕貴,37,東京,56.0,B1,4.05,16.46,4.02,19.23,52,29.23,21,27.78,,2,https://www1.mbrace.or.jp/od2/B/202609/b260914.lzh,2026-10-03T18:36:47.881321+09:00
20260914,04,平和島,10,20260914-04-10,1,4377,濱本優一,42,大阪,49.0,A1,5.35,34.51,5.45,41.38,46,43.75,61,30.36,,5,https://www1.mbrace.or.jp/od2/B/202609/b260914.lzh,2026-10-03T18:36:47.881321+09:00
20260914,04,平和島,10,20260914-04-10,2,3747,國崎良春,51,福岡,52.0,A2,5.72,37.21,5.54,41.67,36,35.85,22,30.0,,3,https://www1.mbrace.or.jp/od2/B/202609/b260914.lzh,2026-10-03T18:36:47.881321+09:00
20260914,04,平和島,10,20260914-04-10,3,4272,大場広孝,44,福岡,58.0,B1,4.86,28.97,4.95,26.32,15,34.48,25,51.61,,4,https://www1.mbrace.or.jp/od2/B/202609/b260914.lzh,2026-10-03T18:36:47.881321+09:00
20260914,04,平和島,10,20260914-04-10,4,3385,渡邉睦広,57,東京,52.0,A2,5.39,37.86,5.98,46.88,57,23.64,18,30.19,,,https://www1.mbrace.or.jp/od2/B/202609/b260914.lzh,2026-10-03T18:36:47.881321+09:00
20260914,04,平和島,10,20260914-04-10,5,3951,石川吉鎬,50,大阪,55.0,B1,4.93,24.51,6.29,47.06,59,24.56,32,38.03,,2,https://www1.mbrace.or.jp/od2/B/202609/b260914.lzh,2026-10-03T18:36:47.881321+09:00
20260914,04,平和島,10,20260914-04-10,6,3313,本吉正樹,61,東京,58.0,B1,4.12,19.35,4.28,25.0,24,35.42,59,23.21,,1,https://www1.mbrace.or.jp/od2/B/202609/b260914.lzh,2026-10-03T18:36:47.881321+09:00
20260914,04,平和島,11,20260914-04-11,1,4288,永田啓二,41,福岡,53.0,A1,7.6,64.6,7.5,63.33,58,47.54,62,30.43,,,https://www1.mbrace.or.jp/od2/B/202609/b260914.lzh,2026-10-03T18:36:47.881321+09:00
20260914,04,平和島,11,20260914-04-11,2,3915,繁野谷圭,52,大阪,52.0,A2,6.28,45.54,5.33,39.53,66,30.77,29,27.45,,5,https://www1.mbrace.or.jp/od2/B/202609/b260914.lzh,2026-10-03T18:36:47.881321+09:00
20260914,04,平和島,11,20260914-04-11,3,5031,渡辺空依,28,福岡,54.0,B1,5.07,31.52,0.0,0.0,71,29.41,17,40.68,,3,https://www1.mbrace.or.jp/od2/B/202609/b260914.lzh,2026-10-03T18:36:47.881321+09:00
20260914,04,平和島,11,20260914-04-11,4,5004,河野主樹,30,大阪,53.0,A2,5.74,38.02,5.82,39.29,26,38.24,67,40.35,,,https://www1.mbrace.or.jp/od2/B/202609/b260914.lzh,2026-10-03T18:36:47.881321+09:00
20260914,04,平和島,11,20260914-04-11,5,4880,澤崎雄哉,31,東京,53.0,B1,5.36,32.65,6.05,47.37,63,30.43,65,26.42,,2,https://www1.mbrace.or.jp/od2/B/202609/b260914.lzh,2026-10-03T18:36:47.881321+09:00
20260914,04,平和島,11,20260914-04-11,6,4053,芦澤望,48,東京,57.0,A2,5.21,32.93,5.49,38.3,55,20.97,63,36.21,,6,https://www1.mbrace.or.jp/od2/B/202609/b260914.lzh,2026-10-03T18:36:47.881321+09:00
20260914,04,平和島,12,20260914-04-12,1,4610,佐藤大佑,36,東京,54.0,A1,5.92,42.45,5.56,31.25,69,31.15,60,41.38,,7,https://www1.mbrace.or.jp/od2/B/202609/b260914.lzh,2026-10-03T18:36:47.881321+09:00
20260914,04,平和島,12,20260914-04-12,2,3439,大平誉史,57,大阪,51.0,A1,5.88,42.34,5.83,40.0,54,22.41,11,27.42,,4,https://www1.mbrace.or.jp/od2/B/202609/b260914.lzh,2026-10-03T18:36:47.881321+09:00
20260914,04,平和島,12,20260914-04-12,3,3876,中辻崇人,49,福岡,53.0,A1,6.63,48.53,8.18,76.47,20,25.86,68,36.36,,5,https://www1.mbrace.or.jp/od2/B/202609/b260914.lzh,2026-10-03T18:36:47.881321+09:00
20260914,04,平和島,12,20260914-04-12,4,4769,馬場剛,34,東京,51.0,A1,6.82,52.0,6.23,48.15,65,28.99,30,39.68,,3,https://www1.mbrace.or.jp/od2/B/202609/b260914.lzh,2026-10-03T18:36:47.881321+09:00
20260914,04,平和島,12,20260914-04-12,5,4932,新開航,30,福岡,52.0,A1,7.58,53.91,7.38,53.33,35,28.57,40,25.0,,6,https://www1.mbrace.or.jp/od2/B/202609/b260914.lzh,2026-10-03T18:36:47.881321+09:00
20260914,04,平和島,12,20260914-04-12,6,4659,木下翔太,35,大阪,55.0,A1,7.55,55.64,7.22,48.15,33,34.38,13,33.33,,2,https://www1.mbrace.or.jp/od2/B/202609/b260914.lzh,2026-10-03T18:36:47.881321+09:00
20260914,02,戸田,1,20260914-02-01,1,5259,野田昇吾,33,埼玉,56.0,B2,3.39,8.96,3.06,8.99,1,17.39,73,33.33,5 4346,,https://www1.mbrace.or.jp/od2/B/202609/b260914.lzh,2026-10-03T18:36:47.881321+09:00
20260914,02,戸田,1,20260914-02-01,2,4973,栗原直也,34,埼玉,52.0,B1,5.18,32.47,5.0,30.86,52,53.33,37,72.22,2 3626,9,https://www1.mbrace.or.jp/od2/B/202609/b260914.lzh,2026-10-03T18:36:47.881321+09:00
20260914,02,戸田,1,20260914-02-01,3,3814,金子貴志,50,福井,50.0,B1,5.01,27.36,4.24,16.0,50,25.0,53,40.0,634 16,8,https://www1.mbrace.or.jp/od2/B/202609/b260914.lzh,2026-10-03T18:36:47.881321+09:00
20260914,02,戸田,1,20260914-02-01,4,3161,古場輝義,66,大阪,54.0,B1,4.97,28.77,5.82,43.59,61,23.08,62,25.0,544 33,8,https://www1.mbrace.or.jp/od2/B/202609/b260914.lzh,2026-10-03T18:36:47.881321+09:00
20260914,02,戸田,1,20260914-02-01,5,5008,羽野諒,29,福岡,53.0,B1,4.88,23.81,4.49,22.86,10,30.43,41,33.33,561 53,5,https://www1.mbrace.or.jp/od2/B/202609/b260914.lzh,2026-10-03T18:36:47.881321+09:00
20260914,02,戸田,1,20260914-02-01,6,5455,澁澤周羽,20,群馬,55.0,B2,1.49,0.0,1.29,0.0,17,31.82,69,53.33,6 566,7,https://www1.mbrace.or.jp/od2/B/202609/b260914.lzh,2026-10-03T18:36:47.881321+09:00
20260914,02,戸田,2,20260914-02-02,1,4555,富永大一,37,福岡,54.0,B1,5.23,30.91,4.83,27.59,44,42.86,27,16.67,51253,11,https://www1.mbrace.or.jp/od2/B/202609/b260914.lzh,2026-10-03T18:36:47.881321+09:00
20260914,02,戸田,2,20260914-02-02,2,4388,是澤孝宏,41,滋賀,51.0,A2,6.21,46.55,7.0,65.22,13,37.5,77,45.45,31536,9,https://www1.mbrace.or.jp/od2/B/202609/b260914.lzh,2026-10-03T18:36:47.881321+09:00
20260914,02,戸田,2,20260914-02-02,3,5313,鈴木唯央,26,群馬,52.0,B1,4.33,15.79,3.3,8.0,11,47.83,18,36.84,6 4524,6,https://www1.mbrace.or.jp/od2/B/202609/b260914.lzh,2026-10-03T18:36:47.881321+09:00
20260914,02,戸田,2,20260914-02-02,4,4363,大野芳顕,41,福岡,52.0,A2,5.42,35.45,5.12,32.56,22,21.74,23,34.78,21334,10,https://www1.mbrace.or.jp/od2/B/202609/b260914.lzh,2026-10-03T18:36:47.881321+09:00
20260914,02,戸田,2,20260914-02-02,5,3692,竹腰正樹,55,福井,51.0,B1,5.19,32.76,5.13,29.17,21,62.5,67,25.0,14624,7,https://www1.mbrace.or.jp/od2/B/202609/b260914.lzh,2026-10-03T18:36:47.881321+09:00
20260914,02,戸田,2,20260914-02-02,6,4846,佐藤駿介,32,山口,51.0,B1,4.31,24.72,4.32,31.58,58,39.13,17,11.11,5 266,6,https://www1.mbrace.or.jp/od2/B/202609/b260914.lzh,2026-10-03T18:36:47.881321+09:00
20260914,02,戸田,3,20260914-02-03,1,3834,細川明人,51,岡山,57.0,B1,4.18,26.44,4.67,33.33,24,28.57,57,12.5,3 3354,7,https://www1.mbrace.or.jp/od2/B/202609/b260914.lzh,2026-10-03T18:36:47.881321+09:00
20260914,02,戸田,3,20260914-02-03,2,4674,池田剛規,39,福岡,52.0,B1,5.41,31.07,5.53,30.56,16,26.09,72,26.67,431 45,8,https://www1.mbrace.or.jp/od2/B/202609/b260914.lzh,2026-10-03T18:36:47.881321+09:00
20260914,02,戸田,3,20260914-02-03,3,4883,岡部大輝,30,東京,52.0,A2,6.41,50.46,5.54,32.14,7,21.74,38,31.25,32262,10,https://www1.mbrace.or.jp/od2/B/202609/b260914.lzh,2026-10-03T18:36:47.881321+09:00
20260914,02,戸田,3,20260914-02-03,4,4615,板倉敦史,46,東京,53.0,B1,4.73,26.58,5.27,33.33,54,41.18,61,0.0,442 53,9,https://www1.mbrace.or.jp/od2/B/202609/b260914.lzh,2026-10-03T18:36:47.881321+09:00
20260914,02,戸田,3,20260914-02-03,5,5038,金田智博,28,福井,52.0,A2,6.57,52.46,6.25,37.5,4,47.83,12,21.05,331 15,10,https://www1.mbrace.or.jp/od2/B/202609/b260914.lzh,2026-10-03T18:36:47.881321+09:00
20260914,02,戸田,3,20260914-02-03,6,4649,和田操拓,42,滋賀,52.0,B1,5.71,41.32,0.0,0.0,23,23.81,26,36.36,6 542,7,https://www1.mbrace.or.jp/od2/B/202609/b260914.lzh,2026-10-03T18:36:47.881321+09:00
20260914,02,戸田,4,20260914-02-04,1,3589,西村勝,53,埼玉,56.0,B1,4.38,27.03,4.38,25.64,18,47.83,33,23.08,2 5621,10,https://www1.mbrace.or.jp/od2/B/202609/b260914.lzh,2026-10-03T18:36:47.881321+09:00
20260914,02,戸田,4,20260914-02-04,2,4887,富澤祐作,39,群馬,55.0,B1,5.09,32.89,5.49,41.03,51,25.0,44,70.0,424 5,8,https://www1.mbrace.or.jp/od2/B/202609/b260914.lzh,2026-10-03T18:36:47.881321+09:00
20260914,02,戸田,4,20260914-02-04,3,4539,金子賢志,35,群馬,54.0,A1,6.32,42.61,3.43,14.29,20,30.43,51,40.0,5 4561,9,https://www1.mbrace.or.jp/od2/B/202609/b260914.lzh,2026-10-03T18:36:47.881321+09:00
20260914,02,戸田,4,20260914-02-04,4,4706,三浦洋次,37,愛知,48.0,A2,5.67,45.36,5.54,36.59,53,66.67,43,42.86,536 42,8,https://www1.mbrace.or.jp/od2/B/202609/b260914.lzh,2026-10-03T18:36:47.881321+09:00
20260914,02,戸田,4,20260914-02-04,5,4451,松崎祐太,38,福岡,53.0,A2,6.36,48.08,7.55,55.0,63,44.44,63,50.0,15241,11,https://www1.mbrace.or.jp/od2/B/202609/b260914.lzh,2026-10-03T18:36:47.881321+09:00
20260914,02,戸田,4,20260914-02-04,6,4866,橋本英一,36,福岡,57.0,B1,4.32,20.99,4.91,27.27,19,21.74,15,42.86,5 2335,9,https://www1.mbrace.or.jp/od2/B/202609/b260914.lzh,2026-10-03T18:36:47.881321+09:00
20260914,02,戸田,5,20260914-02-05,1,4886,入海馨,30,岡山,55.0,A2,6.44,40.43,0.0,0.0,5,29.41,50,0.0,3 6142,10,https://www1.mbrace.or.jp/od2/B/202609/b260914.lzh,2026-10-03T18:36:47.881321+09:00
20260914,02,戸田,5,20260914-02-05,2,4631,新井英孝,39,大阪,53.0,B1,4.68,28.21,5.15,50.0,49,25.0,46,23.81,665 2,9,https://www1.mbrace.or.jp/od2/B/202609/b260914.lzh,2026-10-03T18:36:47.881321+09:00
20260914,02,戸田,5,20260914-02-05,3,5008,羽野諒,29,福岡,53.0,B1,4.88,23.81,4.49,22.86,10,30.43,41,33.33,561 53,1,https://www1.mbrace.or.jp/od2/B/202609/b260914.lzh,2026-10-03T18:36:47.881321+09:00
20260914,02,戸田,5,20260914-02-05,4,4467,渡邉俊介,40,愛知,51.0,A1,6.32,41.67,5.63,37.5,3,37.5,66,7.69,141335,11,https://www1.mbrace.or.jp/od2/B/202609/b260914.lzh,2026-10-03T18:36:47.881321+09:00
20260914,02,戸田,5,20260914-02-05,5,4325,新出浩司,43,大阪,53.0,B1,4.46,17.28,4.26,15.79,65,23.08,68,35.29,263 64,,https://www1.mbrace.or.jp/od2/B/202609/b260914.lzh,2026-10-03T18:36:47.881321+09:00
20260914,02,戸田,5,20260914-02-05,6,4692,酒井俊弘,42,福井,53.0,B1,4.3,25.0,4.11,22.22,62,25.0,55,0.0,445 64,,https://www1.mbrace.or.jp/od2/B/202609/b260914.lzh,2026-10-03T18:36:47.881321+09:00
20260914,02,戸田,6,20260914-02-06,1,4708,半田尚也,37,広島,57.0,B1,4.42,21.74,4.46,15.38,55,0.0,76,33.33,4 4436,,https://www1.mbrace.or.jp/od2/B/202609/b260914.lzh,2026-10-03T18:36:47.881321+09:00
20260914,02,戸田,6,20260914-02-06,2,4846,佐藤駿介,32,山口,51.0,B1,4.31,24.72,4.32,31.58,58,39.13,17,11.11,5 266,2,https://www1.mbrace.or.jp/od2/B/202609/b260914.lzh,2026-10-03T18:36:47.881321+09:00
20260914,02,戸田,6,20260914-02-06,3,5126,山下大輝,30,兵庫,51.0,A1,6.94,54.55,6.71,57.14,36,50.0,47,40.0,551612,11,https://www1.mbrace.or.jp/od2/B/202609/b260914.lzh,2026-10-03T18:36:47.881321+09:00
20260914,02,戸田,6,20260914-02-06,4,3711,江本真治,52,山口,53.0,A2,5.91,39.47,0.0,0.0,59,36.36,59,33.33,2 3432,10,https://www1.mbrace.or.jp/od2/B/202609/b260914.lzh,2026-10-03T18:36:47.881321+09:00
20260914,02,戸田,6,20260914-02-06,5,5313,鈴木唯央,26,群馬,52.0,B1,4.33,15.79,3.3,8.0,11,47.83,18,36.84,6 4524,2,https://www1.mbrace.or.jp/od2/B/202609/b260914.lzh,2026-10-03T18:36:47.881321+09:00
20260914,02,戸田,6,20260914-02-06,6,4572,渡部悟,38,大阪,56.0,B1,5.58,36.67,4.84,36.0,25,26.32,45,40.91,266 66,,https://www1.mbrace.or.jp/od2/B/202609/b260914.lzh,2026-10-03T18:36:47.881321+09:00
20260914,02,戸田,7,20260914-02-07,1,4578,藤山雅弘,37,大阪,54.0,A2,5.85,42.5,5.16,35.48,9,22.73,74,33.33,335 23,11,https://www1.mbrace.or.jp/od2/B/202609/b260914.lzh,2026-10-03T18:36:47.881321+09:00
20260914,02,戸田,7,20260914-02-07,2,3692,竹腰正樹,55,福井,51.0,B1,5.19,32.76,5.13,29.17,21,62.5,67,25.0,14624,2,https://www1.mbrace.or.jp/od2/B/202609/b260914.lzh,2026-10-03T18:36:47.881321+09:00
20260914,02,戸田,7,20260914-02-07,3,4649,和田操拓,42,滋賀,52.0,B1,5.71,41.32,0.0,0.0,23,23.81,26,36.36,6 542,3,https://www1.mbrace.or.jp/od2/B/202609/b260914.lzh,2026-10-03T18:36:47.881321+09:00
20260914,02,戸田,7,20260914-02-07,4,3075,中村裕将,64,埼玉,55.0,B1,5.07,34.94,5.22,32.99,60,25.0,28,54.55,14224,11,https://www1.mbrace.or.jp/od2/B/202609/b260914.lzh,2026-10-03T18:36:47.881321+09:00
20260914,02,戸田,7,20260914-02-07,5,5455,澁澤周羽,20,群馬,55.0,B2,1.49,0.0,1.29,0.0,17,31.82,69,53.33,6 566,1,https://www1.mbrace.or.jp/od2/B/202609/b260914.lzh,2026-10-03T18:36:47.881321+09:00
20260914,02,戸田,7,20260914-02-07,6,3834,細川明人,51,岡山,57.0,B1,4.18,26.44,4.67,33.33,24,28.57,57,12.5,3 3354,3,https://www1.mbrace.or.jp/od2/B/202609/b260914.lzh,2026-10-03T18:36:47.881321+09:00
20260914,02,戸田,8,20260914-02-08,1,3072,西田靖,64,東京,53.0,B1,3.99,21.51,5.24,39.47,2,20.0,70,0.0,2 5455,,https://www1.mbrace.or.jp/od2/B/202609/b260914.lzh,2026-10-03T18:36:47.881321+09:00
20260914,02,戸田,8,20260914-02-08,2,4706,三浦洋次,37,愛知,48.0,A2,5.67,45.36,5.54,36.59,53,66.67,43,42.86,536 42,4,https://www1.mbrace.or.jp/od2/B/202609/b260914.lzh,2026-10-03T18:36:47.881321+09:00
20260914,02,戸田,8,20260914-02-08,3,3161,古場輝義,66,大阪,54.0,B1,4.97,28.77,5.82,43.59,61,23.08,62,25.0,544 33,1,https://www1.mbrace.or.jp/od2/B/202609/b260914.lzh,2026-10-03T18:36:47.881321+09:00
20260914,02,戸田,8,20260914-02-08,4,3814,金子貴志,50,福井,50.0,B1,5.01,27.36,4.24,16.0,50,25.0,53,40.0,634 16,1,https://www1.mbrace.or.jp/od2/B/202609/b260914.lzh,2026-10-03T18:36:47.881321+09:00
20260914,02,戸田,8,20260914-02-08,5,4674,池田剛規,39,福岡,52.0,B1,5.41,31.07,5.53,30.56,16,26.09,72,26.67,431 45,3,https://www1.mbrace.or.jp/od2/B/202609/b260914.lzh,2026-10-03T18:36:47.881321+09:00
20260914,02,戸田,8,20260914-02-08,6,4887,富澤祐作,39,群馬,55.0,B1,5.09,32.89,5.49,41.03,51,25.0,44,70.0,424 5,4,https://www1.mbrace.or.jp/od2/B/202609/b260914.lzh,2026-10-03T18:36:47.881321+09:00
20260914,02,戸田,9,20260914-02-09,1,4866,橋本英一,36,福岡,57.0,B1,4.32,20.99,4.91,27.27,19,21.74,64,33.33,5 2335,4,https://www1.mbrace.or.jp/od2/B/202609/b260914.lzh,2026-10-03T18:36:47.881321+09:00
20260914,02,戸田,9,20260914-02-09,2,4539,金子賢志,35,群馬,54.0,A1,6.32,42.61,3.43,14.29,20,30.43,51,40.0,5 4561,4,https://www1.mbrace.or.jp/od2/B/202609/b260914.lzh,2026-10-03T18:36:47.881321+09:00
20260914,02,戸田,9,20260914-02-09,3,4615,板倉敦史,46,東京,53.0,B1,4.73,26.58,5.27,33.33,54,41.18,61,0.0,442 53,3,https://www1.mbrace.or.jp/od2/B/202609/b260914.lzh,2026-10-03T18:36:47.881321+09:00
20260914,02,戸田,9,20260914-02-09,4,4388,是澤孝宏,41,滋賀,51.0,A2,6.21,46.55,7.0,65.22,13,37.5,77,45.45,31536,2,https://www1.mbrace.or.jp/od2/B/202609/b260914.lzh,2026-10-03T18:36:47.881321+09:00
20260914,02,戸田,9,20260914-02-09,5,4973,栗原直也,34,埼玉,52.0,B1,5.18,32.47,5.0,30.86,52,53.33,37,72.22,2 3626,1,https://www1.mbrace.or.jp/od2/B/202609/b260914.lzh,2026-10-03T18:36:47.881321+09:00
20260914,02,戸田,9,20260914-02-09,6,4631,新井英孝,39,大阪,53.0,B1,4.68,28.21,5.15,50.0,49,25.0,46,23.81,665 2,5,https://www1.mbrace.or.jp/od2/B/202609/b260914.lzh,2026-10-03T18:36:47.881321+09:00
20260914,02,戸田,10,20260914-02-10,1,5038,金田智博,28,福井,52.0,A2,6.57,52.46,6.25,37.5,4,47.83,12,21.05,331 15,3,https://www1.mbrace.or.jp/od2/B/202609/b260914.lzh,2026-10-03T18:36:47.881321+09:00
20260914,02,戸田,10,20260914-02-10,2,4363,大野芳顕,41,福岡,52.0,A2,5.42,35.45,5.12,32.56,22,21.74,23,34.78,21334,2,https://www1.mbrace.or.jp/od2/B/202609/b260914.lzh,2026-10-03T18:36:47.881321+09:00
20260914,02,戸田,10,20260914-02-10,3,3711,江本真治,52,山口,53.0,A2,5.91,39.47,0.0,0.0,59,36.36,59,33.33,2 3432,6,https://www1.mbrace.or.jp/od2/B/202609/b260914.lzh,2026-10-03T18:36:47.881321+09:00
20260914,02,戸田,10,20260914-02-10,4,4883,岡部大輝,30,東京,52.0,A2,6.41,50.46,5.54,32.14,7,21.74,38,31.25,32262,3,https://www1.mbrace.or.jp/od2/B/202609/b260914.lzh,2026-10-03T18:36:47.881321+09:00
20260914,02,戸田,10,20260914-02-10,5,4886,入海馨,30,岡山,55.0,A2,6.44,40.43,0.0,0.0,5,29.41,50,0.0,3 6142,5,https://www1.mbrace.or.jp/od2/B/202609/b260914.lzh,2026-10-03T18:36:47.881321+09:00
20260914,02,戸田,10,20260914-02-10,6,3589,西村勝,53,埼玉,56.0,B1,4.38,27.03,4.38,25.64,18,47.83,33,23.08,2 5621,4,https://www1.mbrace.or.jp/od2/B/202609/b260914.lzh,2026-10-03T18:36:47.881321+09:00
20260914,02,戸田,11,20260914-02-11,1,4451,松崎祐太,38,福岡,53.0,A2,6.36,48.08,7.55,55.0,63,44.44,63,50.0,15241,4,https://www1.mbrace.or.jp/od2/B/202609/b260914.lzh,2026-10-03T18:36:47.881321+09:00
20260914,02,戸田,11,20260914-02-11,2,4467,渡邉俊介,40,愛知,51.0,A1,6.32,41.67,5.63,37.5,3,37.5,66,7.69,141335,5,https://www1.mbrace.or.jp/od2/B/202609/b260914.lzh,2026-10-03T18:36:47.881321+09:00
20260914,02,戸田,11,20260914-02-11,3,3075,中村裕将,64,埼玉,55.0,B1,5.07,34.94,5.22,32.99,60,25.0,28,54.55,14224,7,https://www1.mbrace.or.jp/od2/B/202609/b260914.lzh,2026-10-03T18:36:47.881321+09:00
20260914,02,戸田,11,20260914-02-11,4,5126,山下大輝,30,兵庫,51.0,A1,6.94,54.55,6.71,57.14,36,50.0,47,40.0,551612,6,https://www1.mbrace.or.jp/od2/B/202609/b260914.lzh,2026-10-03T18:36:47.881321+09:00
20260914,02,戸田,11,20260914-02-11,5,4578,藤山雅弘,37,大阪,54.0,A2,5.85,42.5,5.16,35.48,9,22.73,74,33.33,335 23,7,https://www1.mbrace.or.jp/od2/B/202609/b260914.lzh,2026-10-03T18:36:47.881321+09:00
20260914,02,戸田,11,20260914-02-11,6,4555,富永大一,37,福岡,54.0,B1,5.23,30.91,4.83,27.59,44,42.86,27,16.67,51253,2,https://www1.mbrace.or.jp/od2/B/202609/b260914.lzh,2026-10-03T18:36:47.881321+09:00
20260914,02,戸田,12,20260914-02-12,1,4370,山口達也,39,岡山,53.0,A1,6.6,53.66,7.69,56.25,15,52.17,65,35.29,111511,,https://www1.mbrace.or.jp/od2/B/202609/b260914.lzh,2026-10-03T18:36:47.881321+09:00
20260914,02,戸田,12,20260914-02-12,2,4762,藤原啓史,36,岡山,51.0,A1,7.36,55.65,7.21,35.29,14,54.17,71,29.41,161113,,https://www1.mbrace.or.jp/od2/B/202609/b260914.lzh,2026-10-03T18:36:47.881321+09:00
20260914,02,戸田,12,20260914-02-12,3,4351,里岡右貴,40,福岡,54.0,A1,6.89,52.14,6.4,37.21,57,45.45,58,42.86,421213,,https://www1.mbrace.or.jp/od2/B/202609/b260914.lzh,2026-10-03T18:36:47.881321+09:00
20260914,02,戸田,12,20260914-02-12,4,5220,青木蓮,25,埼玉,51.0,A2,6.55,49.52,6.49,47.33,56,52.94,20,36.36,212 15,,https://www1.mbrace.or.jp/od2/B/202609/b260914.lzh,2026-10-03T18:36:47.881321+09:00
20260914,02,戸田,12,20260914-02-12,5,4163,山崎裕司,44,広島,51.0,A2,5.55,36.97,4.13,31.25,8,54.17,35,18.18,2 3141,,https://www1.mbrace.or.jp/od2/B/202609/b260914.lzh,2026-10-03T18:36:47.881321+09:00
20260914,02,戸田,12,20260914-02-12,6,4295,小坂尚哉,39,兵庫,54.0,A1,7.56,61.9,7.17,61.7,12,17.39,29,33.33,131225,,https://www1.mbrace.or.jp/od2/B/202609/b260914.lzh,2026-10-03T18:36:47.881321+09:00
