date,venue_code,venue_name,race,race_id,boat,registration_no,racer_name,age,branch,weight_kg,grade,national_win_rate,national_top2_rate,local_win_rate,local_top2_rate,motor_no,motor_top2_rate,boat_no,boat_top2_rate,series_results_raw,early_race_raw,source_url,collected_at
20260808,24,大村,1,20260808-24-01,1,3843,上之晃弘,50,長崎,54.0,B1,5.13,33.33,5.14,29.73,21,24.44,17,44.44,656,7,https://www1.mbrace.or.jp/od2/B/202608/b260808.lzh,2026-10-03T18:30:52.065831+09:00
20260808,24,大村,1,20260808-24-01,2,4241,大串重幸,41,長崎,52.0,A2,5.74,34.31,5.95,41.52,73,18.18,51,34.88,452,11,https://www1.mbrace.or.jp/od2/B/202608/b260808.lzh,2026-10-03T18:30:52.065831+09:00
20260808,24,大村,1,20260808-24-01,3,4624,高田明,41,佐賀,52.0,A1,6.25,44.83,5.55,38.3,12,17.39,50,47.62,5522,10,https://www1.mbrace.or.jp/od2/B/202608/b260808.lzh,2026-10-03T18:30:52.065831+09:00
20260808,24,大村,1,20260808-24-01,4,5457,山田陽翔,20,長崎,51.0,B2,1.05,0.0,1.05,0.0,77,33.33,67,40.91,6 65,6,https://www1.mbrace.or.jp/od2/B/202608/b260808.lzh,2026-10-03T18:30:52.065831+09:00
20260808,24,大村,1,20260808-24-01,5,3284,渡邊伸太,58,佐賀,55.0,B1,5.2,28.57,5.48,28.77,44,57.14,64,42.22,235,9,https://www1.mbrace.or.jp/od2/B/202608/b260808.lzh,2026-10-03T18:30:52.065831+09:00
20260808,24,大村,1,20260808-24-01,6,3224,栗山繁洋,61,佐賀,53.0,B1,3.87,18.39,4.86,36.0,74,34.88,66,34.88,253,7,https://www1.mbrace.or.jp/od2/B/202608/b260808.lzh,2026-10-03T18:30:52.065831+09:00
20260808,24,大村,2,20260808-24-02,1,5011,高木圭大,29,長崎,52.0,B1,3.93,17.28,4.21,22.83,68,23.26,60,36.36,1626,12,https://www1.mbrace.or.jp/od2/B/202608/b260808.lzh,2026-10-03T18:30:52.065831+09:00
20260808,24,大村,2,20260808-24-02,2,3964,宮地博士,47,長崎,55.0,B1,4.01,15.66,4.76,21.55,30,22.22,39,33.33,655,7,https://www1.mbrace.or.jp/od2/B/202608/b260808.lzh,2026-10-03T18:30:52.065831+09:00
20260808,24,大村,2,20260808-24-02,3,3473,石川真二,56,福岡,52.0,A1,6.53,51.97,6.8,46.34,50,7.32,49,38.1,2 11,7,https://www1.mbrace.or.jp/od2/B/202608/b260808.lzh,2026-10-03T18:30:52.065831+09:00
20260808,24,大村,2,20260808-24-02,4,4969,町田洸希,35,長崎,54.0,B1,4.44,20.93,4.98,32.65,27,32.56,77,41.86,4 45,8,https://www1.mbrace.or.jp/od2/B/202608/b260808.lzh,2026-10-03T18:30:52.065831+09:00
20260808,24,大村,2,20260808-24-02,5,5384,八戸琉楓,21,長崎,52.0,B2,1.84,2.41,1.41,0.0,64,26.19,32,51.11,5 64,8,https://www1.mbrace.or.jp/od2/B/202608/b260808.lzh,2026-10-03T18:30:52.065831+09:00
20260808,24,大村,2,20260808-24-02,6,3576,白水勝也,53,福岡,52.0,A1,6.63,48.51,6.39,48.21,14,34.88,38,34.88,323,10,https://www1.mbrace.or.jp/od2/B/202608/b260808.lzh,2026-10-03T18:30:52.065831+09:00
20260808,24,大村,3,20260808-24-03,1,4004,山本浩輔,48,長崎,52.0,B1,4.89,30.26,4.88,27.27,11,11.36,73,46.34,443,11,https://www1.mbrace.or.jp/od2/B/202608/b260808.lzh,2026-10-03T18:30:52.065831+09:00
20260808,24,大村,3,20260808-24-03,2,3527,中嶋誠一,55,長崎,52.0,B1,5.29,32.61,5.47,34.62,65,42.55,82,33.33,251,9,https://www1.mbrace.or.jp/od2/B/202608/b260808.lzh,2026-10-03T18:30:52.065831+09:00
20260808,24,大村,3,20260808-24-03,3,4352,下條雄太,40,長崎,52.0,A1,7.26,58.0,7.54,61.44,78,22.22,24,38.64,2 41,11,https://www1.mbrace.or.jp/od2/B/202608/b260808.lzh,2026-10-03T18:30:52.065831+09:00
20260808,24,大村,3,20260808-24-03,4,5048,眞鳥康太,32,長崎,55.0,B1,4.38,23.53,4.66,27.78,16,39.02,25,43.18,1 32,8,https://www1.mbrace.or.jp/od2/B/202608/b260808.lzh,2026-10-03T18:30:52.065831+09:00
20260808,24,大村,3,20260808-24-03,5,4259,真庭明志,42,長崎,53.0,A2,5.67,34.88,6.1,44.32,62,35.56,43,34.88,2 14,10,https://www1.mbrace.or.jp/od2/B/202608/b260808.lzh,2026-10-03T18:30:52.065831+09:00
20260808,24,大村,3,20260808-24-03,6,5443,西村仁吾,18,長崎,53.0,B2,1.65,4.08,1.53,0.0,48,37.21,75,36.36,6 F6,,https://www1.mbrace.or.jp/od2/B/202608/b260808.lzh,2026-10-03T18:30:52.065831+09:00
20260808,24,大村,4,20260808-24-04,1,4948,木場悠介,33,長崎,52.0,B1,5.67,40.63,5.87,42.48,60,25.58,46,45.24,1455,,https://www1.mbrace.or.jp/od2/B/202608/b260808.lzh,2026-10-03T18:30:52.065831+09:00
20260808,24,大村,4,20260808-24-04,2,3349,吉田一郎,58,長崎,52.0,A1,6.2,43.37,5.5,32.67,81,39.13,34,32.56,224,9,https://www1.mbrace.or.jp/od2/B/202608/b260808.lzh,2026-10-03T18:30:52.065831+09:00
20260808,24,大村,4,20260808-24-04,3,4553,坪口竜也,37,長崎,53.0,A2,5.7,35.0,6.28,44.74,22,20.0,11,33.33,332,11,https://www1.mbrace.or.jp/od2/B/202608/b260808.lzh,2026-10-03T18:30:52.065831+09:00
20260808,24,大村,4,20260808-24-04,4,3777,樋口亮,51,長崎,52.0,A2,5.37,35.71,6.43,48.39,34,42.55,14,48.72,4 43,9,https://www1.mbrace.or.jp/od2/B/202608/b260808.lzh,2026-10-03T18:30:52.065831+09:00
20260808,24,大村,4,20260808-24-04,5,3892,草場康幸,50,佐賀,53.0,B1,5.1,29.17,5.22,23.33,69,39.22,79,33.33,561,12,https://www1.mbrace.or.jp/od2/B/202608/b260808.lzh,2026-10-03T18:30:52.065831+09:00
20260808,24,大村,4,20260808-24-04,6,4705,吉川勇作,38,長崎,55.0,B1,3.11,11.83,4.07,24.11,76,32.61,37,43.18,56F6,,https://www1.mbrace.or.jp/od2/B/202608/b260808.lzh,2026-10-03T18:30:52.065831+09:00
20260808,24,大村,5,20260808-24-05,1,4695,尾崎雄二,40,長崎,55.0,A2,5.4,41.86,5.76,38.41,71,17.78,20,48.72,3 53,10,https://www1.mbrace.or.jp/od2/B/202608/b260808.lzh,2026-10-03T18:30:52.065831+09:00
20260808,24,大村,5,20260808-24-05,2,5055,眞鳥章太,30,長崎,53.0,A2,5.71,36.05,5.54,36.11,80,21.74,76,33.33,3312,12,https://www1.mbrace.or.jp/od2/B/202608/b260808.lzh,2026-10-03T18:30:52.065831+09:00
20260808,24,大村,5,20260808-24-05,3,4248,岡本大,44,長崎,54.0,B1,4.72,25.58,4.55,25.93,66,25.53,54,34.09,6654,,https://www1.mbrace.or.jp/od2/B/202608/b260808.lzh,2026-10-03T18:30:52.065831+09:00
20260808,24,大村,5,20260808-24-05,4,4164,岩永節也,44,長崎,50.0,B1,3.68,11.76,4.24,19.26,29,44.44,71,34.88,3413,,https://www1.mbrace.or.jp/od2/B/202608/b260808.lzh,2026-10-03T18:30:52.065831+09:00
20260808,24,大村,5,20260808-24-05,5,3574,大神康司,54,福岡,52.0,A1,6.07,49.47,5.79,42.55,49,40.48,47,48.84,4 44,10,https://www1.mbrace.or.jp/od2/B/202608/b260808.lzh,2026-10-03T18:30:52.065831+09:00
20260808,24,大村,5,20260808-24-05,6,4092,岡部大輔,45,佐賀,52.0,B1,4.86,26.92,5.1,33.33,75,28.89,31,36.96,132,12,https://www1.mbrace.or.jp/od2/B/202608/b260808.lzh,2026-10-03T18:30:52.065831+09:00
20260808,24,大村,6,20260808-24-06,1,4171,榎幸司,43,長崎,52.0,A2,6.19,44.07,6.32,44.5,23,39.58,57,33.33,362,11,https://www1.mbrace.or.jp/od2/B/202608/b260808.lzh,2026-10-03T18:30:52.065831+09:00
20260808,24,大村,6,20260808-24-06,2,4299,中島浩哉,43,長崎,56.0,B1,4.23,17.57,5.0,30.43,15,17.02,12,43.18,4655,,https://www1.mbrace.or.jp/od2/B/202608/b260808.lzh,2026-10-03T18:30:52.065831+09:00
20260808,24,大村,6,20260808-24-06,3,4096,石橋道友,44,長崎,53.0,A1,6.25,44.76,7.22,58.1,36,27.91,62,34.88,111,11,https://www1.mbrace.or.jp/od2/B/202608/b260808.lzh,2026-10-03T18:30:52.065831+09:00
20260808,24,大村,6,20260808-24-06,4,5395,日高龍之,24,佐賀,51.0,B1,2.32,4.84,1.9,3.23,19,35.42,59,33.33,2 61,12,https://www1.mbrace.or.jp/od2/B/202608/b260808.lzh,2026-10-03T18:30:52.065831+09:00
20260808,24,大村,6,20260808-24-06,5,5457,山田陽翔,20,長崎,51.0,B2,1.05,0.0,1.05,0.0,77,33.33,67,40.91,6 65,1,https://www1.mbrace.or.jp/od2/B/202608/b260808.lzh,2026-10-03T18:30:52.065831+09:00
20260808,24,大村,6,20260808-24-06,6,5086,本村大,27,長崎,52.0,B1,3.79,16.98,5.23,34.78,67,21.74,45,33.33,4 F6,,https://www1.mbrace.or.jp/od2/B/202608/b260808.lzh,2026-10-03T18:30:52.065831+09:00
20260808,24,大村,7,20260808-24-07,1,4715,村上遼,34,長崎,54.0,A1,6.7,44.26,6.87,52.74,43,34.78,56,35.56,2126,12,https://www1.mbrace.or.jp/od2/B/202608/b260808.lzh,2026-10-03T18:30:52.065831+09:00
20260808,24,大村,7,20260808-24-07,2,3473,石川真二,56,福岡,52.0,A1,6.53,51.97,6.8,46.34,50,7.32,49,38.1,2 11,2,https://www1.mbrace.or.jp/od2/B/202608/b260808.lzh,2026-10-03T18:30:52.065831+09:00
20260808,24,大村,7,20260808-24-07,3,3224,栗山繁洋,61,佐賀,53.0,B1,3.87,18.39,4.86,36.0,74,34.88,66,34.88,253,1,https://www1.mbrace.or.jp/od2/B/202608/b260808.lzh,2026-10-03T18:30:52.065831+09:00
20260808,24,大村,7,20260808-24-07,4,3843,上之晃弘,50,長崎,54.0,B1,5.13,33.33,5.14,29.73,21,24.44,17,44.44,656,1,https://www1.mbrace.or.jp/od2/B/202608/b260808.lzh,2026-10-03T18:30:52.065831+09:00
20260808,24,大村,7,20260808-24-07,5,3964,宮地博士,47,長崎,55.0,B1,4.01,15.66,4.76,21.55,30,22.22,39,33.33,655,2,https://www1.mbrace.or.jp/od2/B/202608/b260808.lzh,2026-10-03T18:30:52.065831+09:00
20260808,24,大村,7,20260808-24-07,6,4213,重富伸也,42,長崎,54.0,B1,3.85,23.17,4.45,27.56,26,38.64,85,44.19,53F4,,https://www1.mbrace.or.jp/od2/B/202608/b260808.lzh,2026-10-03T18:30:52.065831+09:00
20260808,24,大村,8,20260808-24-08,1,4969,町田洸希,35,長崎,54.0,B1,4.44,20.93,4.98,32.65,27,32.56,77,41.86,4 45,2,https://www1.mbrace.or.jp/od2/B/202608/b260808.lzh,2026-10-03T18:30:52.065831+09:00
20260808,24,大村,8,20260808-24-08,2,4949,横田貴満,33,佐賀,49.0,A2,5.91,39.53,5.12,32.0,51,20.45,55,44.74,4133,,https://www1.mbrace.or.jp/od2/B/202608/b260808.lzh,2026-10-03T18:30:52.065831+09:00
20260808,24,大村,8,20260808-24-08,3,5048,眞鳥康太,32,長崎,55.0,B1,4.38,23.53,4.66,27.78,16,39.02,25,43.18,1 32,3,https://www1.mbrace.or.jp/od2/B/202608/b260808.lzh,2026-10-03T18:30:52.065831+09:00
20260808,24,大村,8,20260808-24-08,4,5384,八戸琉楓,21,長崎,52.0,B2,1.84,2.41,1.41,0.0,64,26.19,32,51.11,5 64,2,https://www1.mbrace.or.jp/od2/B/202608/b260808.lzh,2026-10-03T18:30:52.065831+09:00
20260808,24,大村,8,20260808-24-08,5,4497,桑原悠,39,長崎,52.0,A1,7.42,55.56,7.58,59.43,20,42.5,81,41.03,1121,,https://www1.mbrace.or.jp/od2/B/202608/b260808.lzh,2026-10-03T18:30:52.065831+09:00
20260808,24,大村,8,20260808-24-08,6,4966,田川大貴,28,長崎,54.0,B1,5.01,33.71,5.9,45.04,72,13.95,36,40.48,34F5,,https://www1.mbrace.or.jp/od2/B/202608/b260808.lzh,2026-10-03T18:30:52.065831+09:00
20260808,24,大村,9,20260808-24-09,1,3777,樋口亮,51,長崎,52.0,A2,5.37,35.71,6.43,48.39,34,42.55,14,48.72,4 43,4,https://www1.mbrace.or.jp/od2/B/202608/b260808.lzh,2026-10-03T18:30:52.065831+09:00
20260808,24,大村,9,20260808-24-09,2,3284,渡邊伸太,58,佐賀,55.0,B1,5.2,28.57,5.48,28.77,44,57.14,64,42.22,235,1,https://www1.mbrace.or.jp/od2/B/202608/b260808.lzh,2026-10-03T18:30:52.065831+09:00
20260808,24,大村,9,20260808-24-09,3,3527,中嶋誠一,55,長崎,52.0,B1,5.29,32.61,5.47,34.62,65,42.55,82,33.33,251,3,https://www1.mbrace.or.jp/od2/B/202608/b260808.lzh,2026-10-03T18:30:52.065831+09:00
20260808,24,大村,9,20260808-24-09,4,3349,吉田一郎,58,長崎,52.0,A1,6.2,43.37,5.5,32.67,81,39.13,34,32.56,224,4,https://www1.mbrace.or.jp/od2/B/202608/b260808.lzh,2026-10-03T18:30:52.065831+09:00
20260808,24,大村,9,20260808-24-09,5,4588,田中京介,35,福岡,56.0,A2,5.43,39.81,5.97,39.39,39,32.56,69,41.86,2136,,https://www1.mbrace.or.jp/od2/B/202608/b260808.lzh,2026-10-03T18:30:52.065831+09:00
20260808,24,大村,9,20260808-24-09,6,4498,宮本夏樹,39,長崎,56.0,B2,5.09,34.18,5.95,43.22,35,20.45,48,39.53,5 F6,,https://www1.mbrace.or.jp/od2/B/202608/b260808.lzh,2026-10-03T18:30:52.065831+09:00
20260808,24,大村,10,20260808-24-10,1,3574,大神康司,54,福岡,52.0,A1,6.07,49.47,5.79,42.55,49,40.48,47,48.84,4 44,5,https://www1.mbrace.or.jp/od2/B/202608/b260808.lzh,2026-10-03T18:30:52.065831+09:00
20260808,24,大村,10,20260808-24-10,2,3576,白水勝也,53,福岡,52.0,A1,6.63,48.51,6.39,48.21,14,34.88,38,34.88,323,2,https://www1.mbrace.or.jp/od2/B/202608/b260808.lzh,2026-10-03T18:30:52.065831+09:00
20260808,24,大村,10,20260808-24-10,3,4695,尾崎雄二,40,長崎,55.0,A2,5.4,41.86,5.76,38.41,71,17.78,20,48.72,3 53,5,https://www1.mbrace.or.jp/od2/B/202608/b260808.lzh,2026-10-03T18:30:52.065831+09:00
20260808,24,大村,10,20260808-24-10,4,4259,真庭明志,42,長崎,53.0,A2,5.67,34.88,6.1,44.32,62,35.56,43,34.88,2 14,3,https://www1.mbrace.or.jp/od2/B/202608/b260808.lzh,2026-10-03T18:30:52.065831+09:00
20260808,24,大村,10,20260808-24-10,5,4624,高田明,41,佐賀,52.0,A1,6.25,44.83,5.55,38.3,12,17.39,50,47.62,5522,1,https://www1.mbrace.or.jp/od2/B/202608/b260808.lzh,2026-10-03T18:30:52.065831+09:00
20260808,24,大村,10,20260808-24-10,6,4287,今井貴士,42,福岡,56.0,A2,6.59,48.94,7.15,59.26,18,20.45,70,38.1,1643,,https://www1.mbrace.or.jp/od2/B/202608/b260808.lzh,2026-10-03T18:30:52.065831+09:00
20260808,24,大村,11,20260808-24-11,1,4096,石橋道友,44,長崎,53.0,A1,6.25,44.76,7.22,58.1,36,27.91,62,34.88,111,6,https://www1.mbrace.or.jp/od2/B/202608/b260808.lzh,2026-10-03T18:30:52.065831+09:00
20260808,24,大村,11,20260808-24-11,2,4171,榎幸司,43,長崎,52.0,A2,6.19,44.07,6.32,44.5,23,39.58,57,33.33,362,6,https://www1.mbrace.or.jp/od2/B/202608/b260808.lzh,2026-10-03T18:30:52.065831+09:00
20260808,24,大村,11,20260808-24-11,3,4241,大串重幸,41,長崎,52.0,A2,5.74,34.31,5.95,41.52,73,18.18,51,34.88,452,1,https://www1.mbrace.or.jp/od2/B/202608/b260808.lzh,2026-10-03T18:30:52.065831+09:00
20260808,24,大村,11,20260808-24-11,4,4352,下條雄太,40,長崎,52.0,A1,7.26,58.0,7.54,61.44,78,22.22,24,38.64,2 41,3,https://www1.mbrace.or.jp/od2/B/202608/b260808.lzh,2026-10-03T18:30:52.065831+09:00
20260808,24,大村,11,20260808-24-11,5,4004,山本浩輔,48,長崎,52.0,B1,4.89,30.26,4.88,27.27,11,11.36,73,46.34,443,3,https://www1.mbrace.or.jp/od2/B/202608/b260808.lzh,2026-10-03T18:30:52.065831+09:00
20260808,24,大村,11,20260808-24-11,6,4553,坪口竜也,37,長崎,53.0,A2,5.7,35.0,6.28,44.74,22,20.0,11,33.33,332,4,https://www1.mbrace.or.jp/od2/B/202608/b260808.lzh,2026-10-03T18:30:52.065831+09:00
20260808,24,大村,12,20260808-24-12,1,5055,眞鳥章太,30,長崎,53.0,A2,5.71,36.05,5.54,36.11,80,21.74,76,33.33,3312,5,https://www1.mbrace.or.jp/od2/B/202608/b260808.lzh,2026-10-03T18:30:52.065831+09:00
20260808,24,大村,12,20260808-24-12,2,3892,草場康幸,50,佐賀,53.0,B1,5.1,29.17,5.22,23.33,69,39.22,79,33.33,561,4,https://www1.mbrace.or.jp/od2/B/202608/b260808.lzh,2026-10-03T18:30:52.065831+09:00
20260808,24,大村,12,20260808-24-12,3,5395,日高龍之,24,佐賀,51.0,B1,2.32,4.84,1.9,3.23,19,35.42,59,33.33,2 61,6,https://www1.mbrace.or.jp/od2/B/202608/b260808.lzh,2026-10-03T18:30:52.065831+09:00
20260808,24,大村,12,20260808-24-12,4,4715,村上遼,34,長崎,54.0,A1,6.7,44.26,6.87,52.74,43,34.78,56,35.56,2126,7,https://www1.mbrace.or.jp/od2/B/202608/b260808.lzh,2026-10-03T18:30:52.065831+09:00
20260808,24,大村,12,20260808-24-12,5,4092,岡部大輔,45,佐賀,52.0,B1,4.86,26.92,5.1,33.33,75,28.89,31,36.96,132,5,https://www1.mbrace.or.jp/od2/B/202608/b260808.lzh,2026-10-03T18:30:52.065831+09:00
20260808,24,大村,12,20260808-24-12,6,5011,高木圭大,29,長崎,52.0,B1,3.93,17.28,4.21,22.83,68,23.26,60,36.36,1626,2,https://www1.mbrace.or.jp/od2/B/202608/b260808.lzh,2026-10-03T18:30:52.065831+09:00
20260808,20,若松,1,20260808-20-01,1,4729,佐藤謙史,37,福岡,56.0,B1,4.28,19.74,4.58,26.32,30,28.0,48,50.0,2,10,https://www1.mbrace.or.jp/od2/B/202608/b260808.lzh,2026-10-03T18:30:52.065831+09:00
20260808,20,若松,1,20260808-20-01,2,4487,三原司,40,福岡,53.0,B1,4.91,24.69,5.2,33.33,31,34.69,69,26.32,65,,https://www1.mbrace.or.jp/od2/B/202608/b260808.lzh,2026-10-03T18:30:52.065831+09:00
20260808,20,若松,1,20260808-20-01,3,5223,森清友翔,25,福岡,54.0,B1,4.8,25.23,3.71,14.29,48,34.01,44,42.5,4,12,https://www1.mbrace.or.jp/od2/B/202608/b260808.lzh,2026-10-03T18:30:52.065831+09:00
20260808,20,若松,1,20260808-20-01,4,5177,松井貫太,30,福岡,50.0,B1,4.3,16.67,4.6,26.67,6,36.88,11,34.15,4,7,https://www1.mbrace.or.jp/od2/B/202608/b260808.lzh,2026-10-03T18:30:52.065831+09:00
20260808,20,若松,1,20260808-20-01,5,4861,田中宏樹,38,福岡,53.0,A2,5.29,29.7,5.11,32.89,9,33.96,36,33.33,2,5,https://www1.mbrace.or.jp/od2/B/202608/b260808.lzh,2026-10-03T18:30:52.065831+09:00
20260808,20,若松,1,20260808-20-01,6,5446,長嶺真李,24,福岡,51.0,B2,1.22,0.0,1.83,0.0,4,38.61,20,42.86,6,9,https://www1.mbrace.or.jp/od2/B/202608/b260808.lzh,2026-10-03T18:30:52.065831+09:00
20260808,20,若松,2,20260808-20-02,1,4892,柴田直哉,36,福岡,53.0,B1,5.08,32.32,5.21,28.57,13,35.29,40,30.3,3,8,https://www1.mbrace.or.jp/od2/B/202608/b260808.lzh,2026-10-03T18:30:52.065831+09:00
20260808,20,若松,2,20260808-20-02,2,4638,小林遼太,35,福岡,53.0,B1,5.63,39.36,4.49,26.15,40,35.54,62,44.44,1,10,https://www1.mbrace.or.jp/od2/B/202608/b260808.lzh,2026-10-03T18:30:52.065831+09:00
20260808,20,若松,2,20260808-20-02,3,3783,瓜生正義,50,福岡,53.0,A1,6.76,40.94,8.2,65.91,21,38.0,17,38.46,13,12,https://www1.mbrace.or.jp/od2/B/202608/b260808.lzh,2026-10-03T18:30:52.065831+09:00
20260808,20,若松,2,20260808-20-02,4,4413,水摩敦,40,福岡,51.0,A2,5.89,38.4,6.34,43.75,60,32.43,23,51.43,3,7,https://www1.mbrace.or.jp/od2/B/202608/b260808.lzh,2026-10-03T18:30:52.065831+09:00
20260808,20,若松,2,20260808-20-02,5,5464,宮田栞,19,福岡,49.0,B2,1.25,0.0,1.33,0.0,17,29.33,46,34.15,5,9,https://www1.mbrace.or.jp/od2/B/202608/b260808.lzh,2026-10-03T18:30:52.065831+09:00
20260808,20,若松,2,20260808-20-02,6,5158,宮脇遼太,28,福岡,53.0,A1,6.71,55.66,6.55,51.06,20,35.53,53,48.72,21,11,https://www1.mbrace.or.jp/od2/B/202608/b260808.lzh,2026-10-03T18:30:52.065831+09:00
20260808,20,若松,3,20260808-20-03,1,4874,池田奈津,32,福岡,52.0,B1,4.8,23.17,4.57,29.55,14,33.33,54,33.33,43,9,https://www1.mbrace.or.jp/od2/B/202608/b260808.lzh,2026-10-03T18:30:52.065831+09:00
20260808,20,若松,3,20260808-20-03,2,5303,土井歩夢,23,福岡,51.0,A2,5.77,35.05,4.84,27.83,34,36.88,57,32.43,25,11,https://www1.mbrace.or.jp/od2/B/202608/b260808.lzh,2026-10-03T18:30:52.065831+09:00
20260808,20,若松,3,20260808-20-03,3,4697,國弘翔平,40,福岡,49.0,B1,4.0,17.05,4.19,20.34,3,34.84,21,37.5,22,,https://www1.mbrace.or.jp/od2/B/202608/b260808.lzh,2026-10-03T18:30:52.065831+09:00
20260808,20,若松,3,20260808-20-03,4,4607,鶴田勇雄,37,福岡,53.0,A2,5.88,38.05,5.65,35.0,43,32.7,25,46.88,36,10,https://www1.mbrace.or.jp/od2/B/202608/b260808.lzh,2026-10-03T18:30:52.065831+09:00
20260808,20,若松,3,20260808-20-03,5,5426,甲斐貴大,24,福岡,53.0,B2,2.03,2.78,1.39,0.0,57,33.78,55,32.35,6,7,https://www1.mbrace.or.jp/od2/B/202608/b260808.lzh,2026-10-03T18:30:52.065831+09:00
20260808,20,若松,3,20260808-20-03,6,4545,岡村慶太,38,福岡,57.0,A1,7.44,62.26,7.71,62.18,8,31.21,27,39.47,15,8,https://www1.mbrace.or.jp/od2/B/202608/b260808.lzh,2026-10-03T18:30:52.065831+09:00
20260808,20,若松,4,20260808-20-04,1,4155,長野壮志,45,福岡,56.0,A2,5.98,43.3,6.54,51.47,51,44.83,41,60.0,52,12,https://www1.mbrace.or.jp/od2/B/202608/b260808.lzh,2026-10-03T18:30:52.065831+09:00
20260808,20,若松,4,20260808-20-04,2,4753,森照夫,38,福岡,55.0,B2,3.82,18.18,5.26,37.14,54,30.2,24,34.04,44,,https://www1.mbrace.or.jp/od2/B/202608/b260808.lzh,2026-10-03T18:30:52.065831+09:00
20260808,20,若松,4,20260808-20-04,3,4958,溝口海義,31,福岡,55.0,A1,6.34,43.2,6.66,49.61,19,37.75,37,32.5,23,10,https://www1.mbrace.or.jp/od2/B/202608/b260808.lzh,2026-10-03T18:30:52.065831+09:00
20260808,20,若松,4,20260808-20-04,4,5258,仲本舜,21,福岡,53.0,B1,4.31,23.46,3.76,17.72,2,33.54,63,32.5,5,11,https://www1.mbrace.or.jp/od2/B/202608/b260808.lzh,2026-10-03T18:30:52.065831+09:00
20260808,20,若松,4,20260808-20-04,5,4679,植田太一,37,福岡,59.0,A2,6.02,46.92,6.15,48.33,53,30.22,74,27.5,32,8,https://www1.mbrace.or.jp/od2/B/202608/b260808.lzh,2026-10-03T18:30:52.065831+09:00
20260808,20,若松,4,20260808-20-04,6,5398,鐘ヶ江真,24,福岡,54.0,B1,4.36,24.27,3.44,13.56,39,40.49,52,32.5,F5,,https://www1.mbrace.or.jp/od2/B/202608/b260808.lzh,2026-10-03T18:30:52.065831+09:00
20260808,20,若松,5,20260808-20-05,1,5028,原田才一,29,福岡,50.0,A1,7.25,58.87,7.07,58.56,47,35.86,32,33.33,1,12,https://www1.mbrace.or.jp/od2/B/202608/b260808.lzh,2026-10-03T18:30:52.065831+09:00
20260808,20,若松,5,20260808-20-05,2,4861,田中宏樹,38,福岡,53.0,A2,5.29,29.7,5.11,32.89,9,33.96,36,33.33,2,1,https://www1.mbrace.or.jp/od2/B/202608/b260808.lzh,2026-10-03T18:30:52.065831+09:00
20260808,20,若松,5,20260808-20-05,3,4204,柴田大輔,43,福岡,52.0,B1,4.99,30.38,4.96,29.63,35,40.12,16,42.86,1,10,https://www1.mbrace.or.jp/od2/B/202608/b260808.lzh,2026-10-03T18:30:52.065831+09:00
20260808,20,若松,5,20260808-20-05,4,4932,新開航,30,福岡,52.0,A1,7.34,51.49,6.81,40.38,49,53.15,43,31.43,12,11,https://www1.mbrace.or.jp/od2/B/202608/b260808.lzh,2026-10-03T18:30:52.065831+09:00
20260808,20,若松,5,20260808-20-05,5,4694,高田綾,41,福岡,44.0,B1,4.53,24.0,0.0,0.0,25,41.06,75,35.14,5,9,https://www1.mbrace.or.jp/od2/B/202608/b260808.lzh,2026-10-03T18:30:52.065831+09:00
20260808,20,若松,5,20260808-20-05,6,5351,齊藤廉,22,福岡,53.0,B1,5.0,35.35,2.63,5.88,18,32.89,51,32.43,F,,https://www1.mbrace.or.jp/od2/B/202608/b260808.lzh,2026-10-03T18:30:52.065831+09:00
20260808,20,若松,6,20260808-20-06,1,5104,山田丈,27,福岡,51.0,A2,5.71,36.71,5.43,33.75,52,34.9,12,33.33,33,12,https://www1.mbrace.or.jp/od2/B/202608/b260808.lzh,2026-10-03T18:30:52.065831+09:00
20260808,20,若松,6,20260808-20-06,2,4403,木下大將,41,福岡,53.0,A2,6.52,47.62,6.41,45.1,23,39.19,15,35.71,1,11,https://www1.mbrace.or.jp/od2/B/202608/b260808.lzh,2026-10-03T18:30:52.065831+09:00
20260808,20,若松,6,20260808-20-06,3,4942,柴田朋哉,36,福岡,54.0,B1,5.45,36.36,5.41,28.57,41,34.57,72,45.0,44,,https://www1.mbrace.or.jp/od2/B/202608/b260808.lzh,2026-10-03T18:30:52.065831+09:00
20260808,20,若松,6,20260808-20-06,4,4521,小池公生,39,福岡,50.0,B1,5.13,31.63,5.02,27.45,26,32.24,13,35.9,32,,https://www1.mbrace.or.jp/od2/B/202608/b260808.lzh,2026-10-03T18:30:52.065831+09:00
20260808,20,若松,6,20260808-20-06,5,5413,宮城那菜,20,福岡,46.0,B2,2.26,3.66,1.0,0.0,5,45.16,38,44.12,46,,https://www1.mbrace.or.jp/od2/B/202608/b260808.lzh,2026-10-03T18:30:52.065831+09:00
20260808,20,若松,6,20260808-20-06,6,4848,仲谷颯仁,31,福岡,52.0,A1,7.59,49.46,7.16,52.33,46,35.58,71,52.94,31,10,https://www1.mbrace.or.jp/od2/B/202608/b260808.lzh,2026-10-03T18:30:52.065831+09:00
20260808,20,若松,7,20260808-20-07,1,4256,渡辺浩司,42,福岡,52.0,A1,7.25,49.55,7.88,73.53,61,32.48,39,45.16,4,11,https://www1.mbrace.or.jp/od2/B/202608/b260808.lzh,2026-10-03T18:30:52.065831+09:00
20260808,20,若松,7,20260808-20-07,2,4402,乙藤智史,41,福岡,55.0,A2,6.35,44.66,6.0,48.53,32,33.13,67,40.48,5,12,https://www1.mbrace.or.jp/od2/B/202608/b260808.lzh,2026-10-03T18:30:52.065831+09:00
20260808,20,若松,7,20260808-20-07,3,4413,水摩敦,40,福岡,51.0,A2,5.89,38.4,6.34,43.75,60,32.43,23,51.43,3,2,https://www1.mbrace.or.jp/od2/B/202608/b260808.lzh,2026-10-03T18:30:52.065831+09:00
20260808,20,若松,7,20260808-20-07,4,5426,甲斐貴大,24,福岡,53.0,B2,2.03,2.78,1.39,0.0,57,33.78,55,32.35,6,3,https://www1.mbrace.or.jp/od2/B/202608/b260808.lzh,2026-10-03T18:30:52.065831+09:00
20260808,20,若松,7,20260808-20-07,5,5177,松井貫太,30,福岡,50.0,B1,4.3,16.67,4.6,26.67,6,36.88,11,34.15,4,1,https://www1.mbrace.or.jp/od2/B/202608/b260808.lzh,2026-10-03T18:30:52.065831+09:00
20260808,20,若松,7,20260808-20-07,6,4364,池永太,41,福岡,55.0,A1,5.93,38.27,6.81,56.47,7,27.1,30,38.71,24,,https://www1.mbrace.or.jp/od2/B/202608/b260808.lzh,2026-10-03T18:30:52.065831+09:00
20260808,20,若松,8,20260808-20-08,1,4679,植田太一,37,福岡,59.0,A2,6.02,46.92,6.15,48.33,53,30.22,74,27.5,32,4,https://www1.mbrace.or.jp/od2/B/202608/b260808.lzh,2026-10-03T18:30:52.065831+09:00
20260808,20,若松,8,20260808-20-08,2,4545,岡村慶太,38,福岡,57.0,A1,7.44,62.26,7.71,62.18,8,31.21,27,39.47,15,3,https://www1.mbrace.or.jp/od2/B/202608/b260808.lzh,2026-10-03T18:30:52.065831+09:00
20260808,20,若松,8,20260808-20-08,3,4148,枝尾賢,44,福岡,53.0,A2,6.09,40.0,6.53,52.94,58,29.45,60,30.77,11,,https://www1.mbrace.or.jp/od2/B/202608/b260808.lzh,2026-10-03T18:30:52.065831+09:00
20260808,20,若松,8,20260808-20-08,4,5389,恵良琴美,19,福岡,41.0,B1,2.29,0.0,1.67,0.0,33,33.13,34,46.15,36,,https://www1.mbrace.or.jp/od2/B/202608/b260808.lzh,2026-10-03T18:30:52.065831+09:00
20260808,20,若松,8,20260808-20-08,5,4892,柴田直哉,36,福岡,53.0,B1,5.08,32.32,5.21,28.57,13,35.29,40,30.3,3,2,https://www1.mbrace.or.jp/od2/B/202608/b260808.lzh,2026-10-03T18:30:52.065831+09:00
20260808,20,若松,8,20260808-20-08,6,5102,原田雄次,28,福岡,52.0,B1,5.49,35.35,4.97,26.47,50,36.18,47,39.47,F5,,https://www1.mbrace.or.jp/od2/B/202608/b260808.lzh,2026-10-03T18:30:52.065831+09:00
20260808,20,若松,9,20260808-20-09,1,4694,高田綾,41,福岡,44.0,B1,4.53,24.0,0.0,0.0,25,41.06,75,35.14,5,5,https://www1.mbrace.or.jp/od2/B/202608/b260808.lzh,2026-10-03T18:30:52.065831+09:00
20260808,20,若松,9,20260808-20-09,2,4874,池田奈津,32,福岡,52.0,B1,4.8,23.17,4.57,29.55,14,33.33,54,33.33,43,3,https://www1.mbrace.or.jp/od2/B/202608/b260808.lzh,2026-10-03T18:30:52.065831+09:00
20260808,20,若松,9,20260808-20-09,3,5198,奥村明日,24,福岡,46.0,B1,5.46,35.42,4.3,22.73,44,31.06,26,60.0,14,,https://www1.mbrace.or.jp/od2/B/202608/b260808.lzh,2026-10-03T18:30:52.065831+09:00
20260808,20,若松,9,20260808-20-09,4,5200,筒井美琴,24,福岡,48.0,B2,2.06,0.0,2.12,3.85,42,42.24,35,31.71,66,,https://www1.mbrace.or.jp/od2/B/202608/b260808.lzh,2026-10-03T18:30:52.065831+09:00
20260808,20,若松,9,20260808-20-09,5,5446,長嶺真李,24,福岡,51.0,B2,1.22,0.0,1.83,0.0,4,38.61,20,42.86,6,1,https://www1.mbrace.or.jp/od2/B/202608/b260808.lzh,2026-10-03T18:30:52.065831+09:00
20260808,20,若松,9,20260808-20-09,6,5464,宮田栞,19,福岡,49.0,B2,1.25,0.0,1.33,0.0,17,29.33,46,34.15,5,2,https://www1.mbrace.or.jp/od2/B/202608/b260808.lzh,2026-10-03T18:30:52.065831+09:00
20260808,20,若松,10,20260808-20-10,1,4958,溝口海義,31,福岡,55.0,A1,6.34,43.2,6.66,49.61,19,37.75,37,32.5,23,4,https://www1.mbrace.or.jp/od2/B/202608/b260808.lzh,2026-10-03T18:30:52.065831+09:00
20260808,20,若松,10,20260808-20-10,2,4729,佐藤謙史,37,福岡,56.0,B1,4.28,19.74,4.58,26.32,30,28.0,48,50.0,2,1,https://www1.mbrace.or.jp/od2/B/202608/b260808.lzh,2026-10-03T18:30:52.065831+09:00
20260808,20,若松,10,20260808-20-10,3,4607,鶴田勇雄,37,福岡,53.0,A2,5.88,38.05,5.65,35.0,43,32.7,25,46.88,36,3,https://www1.mbrace.or.jp/od2/B/202608/b260808.lzh,2026-10-03T18:30:52.065831+09:00
20260808,20,若松,10,20260808-20-10,4,4848,仲谷颯仁,31,福岡,52.0,A1,7.59,49.46,7.16,52.33,46,35.58,71,52.94,31,6,https://www1.mbrace.or.jp/od2/B/202608/b260808.lzh,2026-10-03T18:30:52.065831+09:00
20260808,20,若松,10,20260808-20-10,5,4638,小林遼太,35,福岡,53.0,B1,5.63,39.36,4.49,26.15,40,35.54,62,44.44,1,2,https://www1.mbrace.or.jp/od2/B/202608/b260808.lzh,2026-10-03T18:30:52.065831+09:00
20260808,20,若松,10,20260808-20-10,6,4204,柴田大輔,43,福岡,52.0,B1,4.99,30.38,4.96,29.63,35,40.12,16,42.86,1,5,https://www1.mbrace.or.jp/od2/B/202608/b260808.lzh,2026-10-03T18:30:52.065831+09:00
20260808,20,若松,11,20260808-20-11,1,4932,新開航,30,福岡,52.0,A1,7.34,51.49,6.81,40.38,49,53.15,43,31.43,12,5,https://www1.mbrace.or.jp/od2/B/202608/b260808.lzh,2026-10-03T18:30:52.065831+09:00
20260808,20,若松,11,20260808-20-11,2,5158,宮脇遼太,28,福岡,53.0,A1,6.71,55.66,6.55,51.06,20,35.53,53,48.72,21,2,https://www1.mbrace.or.jp/od2/B/202608/b260808.lzh,2026-10-03T18:30:52.065831+09:00
20260808,20,若松,11,20260808-20-11,3,4256,渡辺浩司,42,福岡,52.0,A1,7.25,49.55,7.88,73.53,61,32.48,39,45.16,4,7,https://www1.mbrace.or.jp/od2/B/202608/b260808.lzh,2026-10-03T18:30:52.065831+09:00
20260808,20,若松,11,20260808-20-11,4,5303,土井歩夢,23,福岡,51.0,A2,5.77,35.05,4.84,27.83,34,36.88,57,32.43,25,3,https://www1.mbrace.or.jp/od2/B/202608/b260808.lzh,2026-10-03T18:30:52.065831+09:00
20260808,20,若松,11,20260808-20-11,5,4403,木下大將,41,福岡,53.0,A2,6.52,47.62,6.41,45.1,23,39.19,15,35.71,1,6,https://www1.mbrace.or.jp/od2/B/202608/b260808.lzh,2026-10-03T18:30:52.065831+09:00
20260808,20,若松,11,20260808-20-11,6,5258,仲本舜,21,福岡,53.0,B1,4.31,23.46,3.76,17.72,2,33.54,63,32.5,5,4,https://www1.mbrace.or.jp/od2/B/202608/b260808.lzh,2026-10-03T18:30:52.065831+09:00
20260808,20,若松,12,20260808-20-12,1,3783,瓜生正義,50,福岡,53.0,A1,6.76,40.94,8.2,65.91,21,38.0,17,38.46,13,2,https://www1.mbrace.or.jp/od2/B/202608/b260808.lzh,2026-10-03T18:30:52.065831+09:00
20260808,20,若松,12,20260808-20-12,2,5104,山田丈,27,福岡,51.0,A2,5.71,36.71,5.43,33.75,52,34.9,12,33.33,33,6,https://www1.mbrace.or.jp/od2/B/202608/b260808.lzh,2026-10-03T18:30:52.065831+09:00
20260808,20,若松,12,20260808-20-12,3,5028,原田才一,29,福岡,50.0,A1,7.25,58.87,7.07,58.56,47,35.86,32,33.33,1,5,https://www1.mbrace.or.jp/od2/B/202608/b260808.lzh,2026-10-03T18:30:52.065831+09:00
20260808,20,若松,12,20260808-20-12,4,4402,乙藤智史,41,福岡,55.0,A2,6.35,44.66,6.0,48.53,32,33.13,67,40.48,5,7,https://www1.mbrace.or.jp/od2/B/202608/b260808.lzh,2026-10-03T18:30:52.065831+09:00
20260808,20,若松,12,20260808-20-12,5,4155,長野壮志,45,福岡,56.0,A2,5.98,43.3,6.54,51.47,51,44.83,41,60.0,52,4,https://www1.mbrace.or.jp/od2/B/202608/b260808.lzh,2026-10-03T18:30:52.065831+09:00
20260808,20,若松,12,20260808-20-12,6,5223,森清友翔,25,福岡,54.0,B1,4.8,25.23,3.71,14.29,48,34.01,44,42.5,4,1,https://www1.mbrace.or.jp/od2/B/202608/b260808.lzh,2026-10-03T18:30:52.065831+09:00
20260808,19,下関,1,20260808-19-01,1,5115,香川颯太,26,滋賀,51.0,B1,5.65,41.03,6.14,42.86,66,22.41,14,31.67,4 344 1646,10,https://www1.mbrace.or.jp/od2/B/202608/b260808.lzh,2026-10-03T18:30:52.065831+09:00
20260808,19,下関,1,20260808-19-01,2,3535,渡修平,53,兵庫,51.0,B1,4.44,27.91,5.0,38.1,37,36.36,68,41.07,336 664 6,6,https://www1.mbrace.or.jp/od2/B/202608/b260808.lzh,2026-10-03T18:30:52.065831+09:00
20260808,19,下関,1,20260808-19-01,3,3430,角浜修,58,広島,55.0,B1,4.34,25.61,4.0,21.21,26,21.43,20,30.51,6 553 526,7,https://www1.mbrace.or.jp/od2/B/202608/b260808.lzh,2026-10-03T18:30:52.065831+09:00
20260808,19,下関,1,20260808-19-01,4,3804,中渡修作,52,福岡,52.0,B1,4.97,29.25,5.86,42.86,25,23.33,64,37.5,2 251 4514,11,https://www1.mbrace.or.jp/od2/B/202608/b260808.lzh,2026-10-03T18:30:52.065831+09:00
20260808,19,下関,1,20260808-19-01,5,5460,早川理稀,19,滋賀,53.0,B2,1.67,0.0,0.0,0.0,51,31.15,52,24.07,5 666 566,6,https://www1.mbrace.or.jp/od2/B/202608/b260808.lzh,2026-10-03T18:30:52.065831+09:00
20260808,19,下関,1,20260808-19-01,6,4186,小川時光,45,埼玉,55.0,B1,3.68,16.22,0.0,0.0,34,25.81,55,45.61,536 662 6,,https://www1.mbrace.or.jp/od2/B/202608/b260808.lzh,2026-10-03T18:30:52.065831+09:00
20260808,19,下関,2,20260808-19-02,1,3467,森弘行,57,東京,52.0,B1,3.96,13.04,3.36,12.0,14,32.2,59,37.5,6 321 2225,10,https://www1.mbrace.or.jp/od2/B/202608/b260808.lzh,2026-10-03T18:30:52.065831+09:00
20260808,19,下関,2,20260808-19-02,2,5152,丸山祐也,30,福岡,49.0,B1,3.42,8.11,4.35,20.0,29,36.67,38,39.66,6 345 643,8,https://www1.mbrace.or.jp/od2/B/202608/b260808.lzh,2026-10-03T18:30:52.065831+09:00
20260808,19,下関,2,20260808-19-02,3,3582,吉川昭男,53,滋賀,54.0,A2,6.4,50.0,7.57,71.43,44,18.97,40,35.0,2 5336521,11,https://www1.mbrace.or.jp/od2/B/202608/b260808.lzh,2026-10-03T18:30:52.065831+09:00
20260808,19,下関,2,20260808-19-02,4,5375,庄島潤成,22,山口,53.0,B1,2.63,2.44,1.75,0.0,54,27.94,66,28.57,464 4 344,7,https://www1.mbrace.or.jp/od2/B/202608/b260808.lzh,2026-10-03T18:30:52.065831+09:00
20260808,19,下関,2,20260808-19-02,5,3863,海老澤泰,52,東京,57.0,B1,4.3,18.99,4.0,23.08,28,30.91,43,41.38,445 452 22,7,https://www1.mbrace.or.jp/od2/B/202608/b260808.lzh,2026-10-03T18:30:52.065831+09:00
20260808,19,下関,2,20260808-19-02,6,3461,渡邊哲也,59,静岡,58.0,B1,2.98,9.62,2.67,0.0,61,31.03,16,17.65,6 656 166,,https://www1.mbrace.or.jp/od2/B/202608/b260808.lzh,2026-10-03T18:30:52.065831+09:00
20260808,19,下関,3,20260808-19-03,1,4263,武重雄介,42,山口,56.0,B1,4.45,26.14,5.57,37.39,64,22.41,72,28.85,4 3643323,9,https://www1.mbrace.or.jp/od2/B/202608/b260808.lzh,2026-10-03T18:30:52.065831+09:00
20260808,19,下関,3,20260808-19-03,2,3875,廣中良一,49,山口,51.0,B1,4.5,24.51,3.76,20.63,55,33.93,15,24.56,2 165 2236,11,https://www1.mbrace.or.jp/od2/B/202608/b260808.lzh,2026-10-03T18:30:52.065831+09:00
20260808,19,下関,3,20260808-19-03,3,3614,谷勝幸,53,広島,55.0,B1,4.26,21.9,3.59,9.38,73,29.82,49,41.67,2 25353 55,8,https://www1.mbrace.or.jp/od2/B/202608/b260808.lzh,2026-10-03T18:30:52.065831+09:00
20260808,19,下関,3,20260808-19-03,4,3647,伊藤雄二,53,埼玉,50.0,B1,3.16,10.23,4.61,32.14,50,28.85,27,32.14,445 155 64,7,https://www1.mbrace.or.jp/od2/B/202608/b260808.lzh,2026-10-03T18:30:52.065831+09:00
20260808,19,下関,3,20260808-19-03,5,5120,山本稔太,25,愛知,56.0,B1,4.98,31.67,5.14,35.71,13,27.66,46,30.51,1 1F5 3 6,8,https://www1.mbrace.or.jp/od2/B/202608/b260808.lzh,2026-10-03T18:30:52.065831+09:00
20260808,19,下関,3,20260808-19-03,6,4637,中田友也,36,埼玉,58.0,A2,5.41,37.93,5.17,37.5,22,30.19,18,21.43,6 33425 41,9,https://www1.mbrace.or.jp/od2/B/202608/b260808.lzh,2026-10-03T18:30:52.065831+09:00
20260808,19,下関,4,20260808-19-04,1,3696,白井友晴,54,埼玉,51.0,B1,4.79,24.39,4.13,12.5,32,22.41,67,44.64,434 263 13,9,https://www1.mbrace.or.jp/od2/B/202608/b260808.lzh,2026-10-03T18:30:52.065831+09:00
20260808,19,下関,4,20260808-19-04,2,4917,岩橋裕馬,38,兵庫,53.0,B1,4.52,24.69,4.19,11.11,56,36.36,44,33.9,352 446 4,8,https://www1.mbrace.or.jp/od2/B/202608/b260808.lzh,2026-10-03T18:30:52.065831+09:00
20260808,19,下関,4,20260808-19-04,3,4151,下河誉史,44,福岡,56.0,B1,4.59,21.79,5.29,29.27,68,25.42,11,33.93,3 42245 23,9,https://www1.mbrace.or.jp/od2/B/202608/b260808.lzh,2026-10-03T18:30:52.065831+09:00
20260808,19,下関,4,20260808-19-04,4,4368,山口隆史,40,福岡,55.0,B1,4.41,25.0,4.71,28.57,72,25.0,31,45.65,644 145 56,8,https://www1.mbrace.or.jp/od2/B/202608/b260808.lzh,2026-10-03T18:30:52.065831+09:00
20260808,19,下関,4,20260808-19-04,5,4437,中田元泰,40,香川,55.0,A2,5.94,45.63,6.75,52.78,16,25.0,42,24.56,332 151 14,10,https://www1.mbrace.or.jp/od2/B/202608/b260808.lzh,2026-10-03T18:30:52.065831+09:00
20260808,19,下関,4,20260808-19-04,6,3776,横井健太,51,愛知,58.0,B1,3.45,12.94,4.06,16.67,24,45.16,35,26.79,556 563 1,,https://www1.mbrace.or.jp/od2/B/202608/b260808.lzh,2026-10-03T18:30:52.065831+09:00
20260808,19,下関,5,20260808-19-05,1,4985,井本昌也,29,山口,51.0,A1,6.69,51.3,6.87,50.71,47,31.58,13,22.64,25614 1135,10,https://www1.mbrace.or.jp/od2/B/202608/b260808.lzh,2026-10-03T18:30:52.065831+09:00
20260808,19,下関,5,20260808-19-05,2,5000,岡本翔太,31,山口,53.0,B1,4.83,30.3,4.44,22.88,23,19.61,32,25.45,153 52452,9,https://www1.mbrace.or.jp/od2/B/202608/b260808.lzh,2026-10-03T18:30:52.065831+09:00
20260808,19,下関,5,20260808-19-05,3,3286,坂東満,57,静岡,53.0,B2,3.36,14.55,5.38,37.5,20,30.65,73,36.67,5 652 6652,,https://www1.mbrace.or.jp/od2/B/202608/b260808.lzh,2026-10-03T18:30:52.065831+09:00
20260808,19,下関,5,20260808-19-05,4,3499,市川哲也,57,広島,51.0,A1,5.46,34.41,6.0,43.59,33,33.33,45,29.82,233 332S43,10,https://www1.mbrace.or.jp/od2/B/202608/b260808.lzh,2026-10-03T18:30:52.065831+09:00
20260808,19,下関,5,20260808-19-05,5,3544,豊田訓靖,57,静岡,52.0,B1,3.85,14.29,5.25,25.0,63,41.38,63,39.66,522 353 14,9,https://www1.mbrace.or.jp/od2/B/202608/b260808.lzh,2026-10-03T18:30:52.065831+09:00
20260808,19,下関,5,20260808-19-05,6,4346,前田健太,41,福岡,56.0,B1,4.23,27.0,1.71,0.0,41,25.93,70,28.57,1 4F516 3,,https://www1.mbrace.or.jp/od2/B/202608/b260808.lzh,2026-10-03T18:30:52.065831+09:00
20260808,19,下関,6,20260808-19-06,1,3908,重成一人,47,香川,57.0,A1,5.92,39.6,6.85,50.0,15,28.57,39,21.05,36416 1445,11,https://www1.mbrace.or.jp/od2/B/202608/b260808.lzh,2026-10-03T18:30:52.065831+09:00
20260808,19,下関,6,20260808-19-06,2,5063,大塚雅治,28,東京,53.0,B1,4.51,20.51,3.59,17.65,11,48.08,33,37.5,5 132 4336,10,https://www1.mbrace.or.jp/od2/B/202608/b260808.lzh,2026-10-03T18:30:52.065831+09:00
20260808,19,下関,6,20260808-19-06,3,3957,大谷直弘,49,愛知,54.0,B1,5.22,31.46,5.45,36.36,58,25.53,61,29.51,165 265 55,,https://www1.mbrace.or.jp/od2/B/202608/b260808.lzh,2026-10-03T18:30:52.065831+09:00
20260808,19,下関,6,20260808-19-06,4,3535,渡修平,53,兵庫,51.0,B1,4.44,27.91,5.0,38.1,37,36.36,68,41.07,336 664 6,1,https://www1.mbrace.or.jp/od2/B/202608/b260808.lzh,2026-10-03T18:30:52.065831+09:00
20260808,19,下関,6,20260808-19-06,5,4079,出畑孝典,47,福岡,54.0,A2,5.85,36.59,6.57,50.0,49,25.86,54,25.93,1 44221 13,11,https://www1.mbrace.or.jp/od2/B/202608/b260808.lzh,2026-10-03T18:30:52.065831+09:00
20260808,19,下関,6,20260808-19-06,6,5460,早川理稀,19,滋賀,53.0,B2,1.67,0.0,0.0,0.0,51,31.15,52,24.07,5 666 566,1,https://www1.mbrace.or.jp/od2/B/202608/b260808.lzh,2026-10-03T18:30:52.065831+09:00
20260808,19,下関,7,20260808-19-07,1,4451,松崎祐太,38,福岡,53.0,A2,6.36,47.62,6.0,42.42,65,33.33,25,45.76,4 32522324,11,https://www1.mbrace.or.jp/od2/B/202608/b260808.lzh,2026-10-03T18:30:52.065831+09:00
20260808,19,下関,7,20260808-19-07,2,3863,海老澤泰,52,東京,57.0,B1,4.3,18.99,4.0,23.08,28,30.91,43,41.38,445 452 22,2,https://www1.mbrace.or.jp/od2/B/202608/b260808.lzh,2026-10-03T18:30:52.065831+09:00
20260808,19,下関,7,20260808-19-07,3,3647,伊藤雄二,53,埼玉,50.0,B1,3.16,10.23,4.61,32.14,50,28.85,27,32.14,445 155 64,3,https://www1.mbrace.or.jp/od2/B/202608/b260808.lzh,2026-10-03T18:30:52.065831+09:00
20260808,19,下関,7,20260808-19-07,4,3430,角浜修,58,広島,55.0,B1,4.34,25.61,4.0,21.21,26,21.43,20,30.51,6 553 526,1,https://www1.mbrace.or.jp/od2/B/202608/b260808.lzh,2026-10-03T18:30:52.065831+09:00
20260808,19,下関,7,20260808-19-07,5,5375,庄島潤成,22,山口,53.0,B1,2.63,2.44,1.75,0.0,54,27.94,66,28.57,464 4 344,2,https://www1.mbrace.or.jp/od2/B/202608/b260808.lzh,2026-10-03T18:30:52.065831+09:00
20260808,19,下関,7,20260808-19-07,6,5191,飛田江己,25,埼玉,52.0,A1,7.12,55.56,6.35,40.0,35,30.36,62,25.49,121F3 4 3,,https://www1.mbrace.or.jp/od2/B/202608/b260808.lzh,2026-10-03T18:30:52.065831+09:00
20260808,19,下関,8,20260808-19-08,1,4368,山口隆史,40,福岡,55.0,B1,4.41,25.0,4.71,28.57,72,25.0,31,45.65,644 145 56,4,https://www1.mbrace.or.jp/od2/B/202608/b260808.lzh,2026-10-03T18:30:52.065831+09:00
20260808,19,下関,8,20260808-19-08,2,3614,谷勝幸,53,広島,55.0,B1,4.26,21.9,3.59,9.38,73,29.82,49,41.67,2 25353 55,3,https://www1.mbrace.or.jp/od2/B/202608/b260808.lzh,2026-10-03T18:30:52.065831+09:00
20260808,19,下関,8,20260808-19-08,3,4917,岩橋裕馬,38,兵庫,53.0,B1,4.52,24.69,4.19,11.11,56,36.36,44,33.9,352 446 4,4,https://www1.mbrace.or.jp/od2/B/202608/b260808.lzh,2026-10-03T18:30:52.065831+09:00
20260808,19,下関,8,20260808-19-08,4,4702,三浦敬太,39,東京,51.0,A1,5.7,41.89,7.1,60.0,27,38.6,69,38.6,121 1141S3,,https://www1.mbrace.or.jp/od2/B/202608/b260808.lzh,2026-10-03T18:30:52.065831+09:00
20260808,19,下関,8,20260808-19-08,5,5152,丸山祐也,30,福岡,49.0,B1,3.42,8.11,4.35,20.0,29,36.67,38,39.66,6 345 643,2,https://www1.mbrace.or.jp/od2/B/202608/b260808.lzh,2026-10-03T18:30:52.065831+09:00
20260808,19,下関,8,20260808-19-08,6,5120,山本稔太,25,愛知,56.0,B1,4.98,31.67,5.14,35.71,13,27.66,46,30.51,1 1F5 3 6,3,https://www1.mbrace.or.jp/od2/B/202608/b260808.lzh,2026-10-03T18:30:52.065831+09:00
20260808,19,下関,9,20260808-19-09,1,3544,豊田訓靖,57,静岡,52.0,B1,3.85,14.29,5.25,25.0,63,41.38,63,39.66,522 353 14,5,https://www1.mbrace.or.jp/od2/B/202608/b260808.lzh,2026-10-03T18:30:52.065831+09:00
20260808,19,下関,9,20260808-19-09,2,4637,中田友也,36,埼玉,58.0,A2,5.41,37.93,5.17,37.5,22,30.19,18,21.43,6 33425 41,3,https://www1.mbrace.or.jp/od2/B/202608/b260808.lzh,2026-10-03T18:30:52.065831+09:00
20260808,19,下関,9,20260808-19-09,3,5000,岡本翔太,31,山口,53.0,B1,4.83,30.3,4.44,22.88,23,19.61,32,25.45,153 52452,5,https://www1.mbrace.or.jp/od2/B/202608/b260808.lzh,2026-10-03T18:30:52.065831+09:00
20260808,19,下関,9,20260808-19-09,4,4151,下河誉史,44,福岡,56.0,B1,4.59,21.79,5.29,29.27,68,25.42,11,33.93,3 42245 23,4,https://www1.mbrace.or.jp/od2/B/202608/b260808.lzh,2026-10-03T18:30:52.065831+09:00
20260808,19,下関,9,20260808-19-09,5,3696,白井友晴,54,埼玉,51.0,B1,4.79,24.39,4.13,12.5,32,22.41,67,44.64,434 263 13,4,https://www1.mbrace.or.jp/od2/B/202608/b260808.lzh,2026-10-03T18:30:52.065831+09:00
20260808,19,下関,9,20260808-19-09,6,4263,武重雄介,42,山口,56.0,B1,4.45,26.14,5.57,37.39,64,22.41,72,28.85,4 3643323,3,https://www1.mbrace.or.jp/od2/B/202608/b260808.lzh,2026-10-03T18:30:52.065831+09:00
20260808,19,下関,10,20260808-19-10,1,3499,市川哲也,57,広島,51.0,A1,5.46,34.41,6.0,43.59,33,33.33,45,29.82,233 332S43,5,https://www1.mbrace.or.jp/od2/B/202608/b260808.lzh,2026-10-03T18:30:52.065831+09:00
20260808,19,下関,10,20260808-19-10,2,4437,中田元泰,40,香川,55.0,A2,5.94,45.63,6.75,52.78,16,25.0,42,24.56,332 151 14,4,https://www1.mbrace.or.jp/od2/B/202608/b260808.lzh,2026-10-03T18:30:52.065831+09:00
20260808,19,下関,10,20260808-19-10,3,4985,井本昌也,29,山口,51.0,A1,6.69,51.3,6.87,50.71,47,31.58,13,22.64,25614 1135,5,https://www1.mbrace.or.jp/od2/B/202608/b260808.lzh,2026-10-03T18:30:52.065831+09:00
20260808,19,下関,10,20260808-19-10,4,3467,森弘行,57,東京,52.0,B1,3.96,13.04,3.36,12.0,14,32.2,59,37.5,6 321 2225,2,https://www1.mbrace.or.jp/od2/B/202608/b260808.lzh,2026-10-03T18:30:52.065831+09:00
20260808,19,下関,10,20260808-19-10,5,5063,大塚雅治,28,東京,53.0,B1,4.51,20.51,3.59,17.65,11,48.08,33,37.5,5 132 4336,6,https://www1.mbrace.or.jp/od2/B/202608/b260808.lzh,2026-10-03T18:30:52.065831+09:00
20260808,19,下関,10,20260808-19-10,6,5115,香川颯太,26,滋賀,51.0,B1,5.65,41.03,6.14,42.86,66,22.41,14,31.67,4 344 1646,1,https://www1.mbrace.or.jp/od2/B/202608/b260808.lzh,2026-10-03T18:30:52.065831+09:00
20260808,19,下関,11,20260808-19-11,1,4079,出畑孝典,47,福岡,54.0,A2,5.85,36.59,6.57,50.0,49,25.86,54,25.93,1 44221 13,6,https://www1.mbrace.or.jp/od2/B/202608/b260808.lzh,2026-10-03T18:30:52.065831+09:00
20260808,19,下関,11,20260808-19-11,2,4451,松崎祐太,38,福岡,53.0,A2,6.36,47.62,6.0,42.42,65,33.33,25,45.76,4 32522324,7,https://www1.mbrace.or.jp/od2/B/202608/b260808.lzh,2026-10-03T18:30:52.065831+09:00
20260808,19,下関,11,20260808-19-11,3,3804,中渡修作,52,福岡,52.0,B1,4.97,29.25,5.86,42.86,25,23.33,64,37.5,2 251 4514,1,https://www1.mbrace.or.jp/od2/B/202608/b260808.lzh,2026-10-03T18:30:52.065831+09:00
20260808,19,下関,11,20260808-19-11,4,3908,重成一人,47,香川,57.0,A1,5.92,39.6,6.85,50.0,15,28.57,39,21.05,36416 1445,6,https://www1.mbrace.or.jp/od2/B/202608/b260808.lzh,2026-10-03T18:30:52.065831+09:00
20260808,19,下関,11,20260808-19-11,5,3875,廣中良一,49,山口,51.0,B1,4.5,24.51,3.76,20.63,55,33.93,15,24.56,2 165 2236,3,https://www1.mbrace.or.jp/od2/B/202608/b260808.lzh,2026-10-03T18:30:52.065831+09:00
20260808,19,下関,11,20260808-19-11,6,3582,吉川昭男,53,滋賀,54.0,A2,6.4,50.0,7.57,71.43,44,18.97,40,35.0,2 5336521,2,https://www1.mbrace.or.jp/od2/B/202608/b260808.lzh,2026-10-03T18:30:52.065831+09:00
20260808,19,下関,12,20260808-19-12,1,3946,赤岩善生,50,愛知,55.0,A1,6.95,50.0,5.78,33.33,38,33.9,58,45.0,211 213121,,https://www1.mbrace.or.jp/od2/B/202608/b260808.lzh,2026-10-03T18:30:52.065831+09:00
20260808,19,下関,12,20260808-19-12,2,4601,森野正弘,41,山口,56.0,A1,6.62,54.55,6.65,48.42,69,35.09,34,33.33,132 311341,,https://www1.mbrace.or.jp/od2/B/202608/b260808.lzh,2026-10-03T18:30:52.065831+09:00
20260808,19,下関,12,20260808-19-12,3,5050,木下雄介,31,滋賀,51.0,A2,5.85,41.76,7.05,47.62,60,24.0,71,19.61,511 336 51,,https://www1.mbrace.or.jp/od2/B/202608/b260808.lzh,2026-10-03T18:30:52.065831+09:00
20260808,19,下関,12,20260808-19-12,4,4369,丹下将,40,愛知,57.0,A2,5.7,35.71,6.67,37.5,31,38.98,19,27.87,34122 2422,,https://www1.mbrace.or.jp/od2/B/202608/b260808.lzh,2026-10-03T18:30:52.065831+09:00
20260808,19,下関,12,20260808-19-12,5,4772,石丸海渡,33,香川,54.0,A1,7.05,55.79,6.4,60.0,70,30.36,12,24.59,61421 4112,,https://www1.mbrace.or.jp/od2/B/202608/b260808.lzh,2026-10-03T18:30:52.065831+09:00
20260808,19,下関,12,20260808-19-12,6,3615,横田茂,53,広島,51.0,B1,4.43,29.27,3.0,0.0,39,33.87,21,41.38,152 144 52,,https://www1.mbrace.or.jp/od2/B/202608/b260808.lzh,2026-10-03T18:30:52.065831+09:00
20260808,18,徳山,1,20260808-18-01,1,5188,武井莉里,25,兵庫,45.0,A2,5.96,42.16,4.45,30.0,39,34.21,48,30.73,3 3,7,https://www1.mbrace.or.jp/od2/B/202608/b260808.lzh,2026-10-03T18:30:52.065831+09:00
20260808,18,徳山,1,20260808-18-01,2,4313,西村美智,42,香川,49.0,A2,5.37,34.48,5.5,40.0,64,40.0,62,38.67,2 S,9,https://www1.mbrace.or.jp/od2/B/202608/b260808.lzh,2026-10-03T18:30:52.065831+09:00
20260808,18,徳山,1,20260808-18-01,3,3232,山川美由,59,香川,46.0,A2,5.87,38.1,4.56,22.22,40,29.87,68,42.31,6 45,,https://www1.mbrace.or.jp/od2/B/202608/b260808.lzh,2026-10-03T18:30:52.065831+09:00
20260808,18,徳山,1,20260808-18-01,4,4530,小野生奈,37,福岡,46.0,A1,7.2,58.33,8.7,81.48,18,28.79,60,24.29,4 56,8,https://www1.mbrace.or.jp/od2/B/202608/b260808.lzh,2026-10-03T18:30:52.065831+09:00
20260808,18,徳山,1,20260808-18-01,5,4893,渡邉真奈,35,東京,47.0,B1,5.09,32.93,5.89,38.89,12,37.14,46,30.86,6 4,10,https://www1.mbrace.or.jp/od2/B/202608/b260808.lzh,2026-10-03T18:30:52.065831+09:00
20260808,18,徳山,1,20260808-18-01,6,4123,細川裕子,44,愛知,48.0,A1,6.6,50.0,7.48,57.14,30,40.51,54,37.43,445,,https://www1.mbrace.or.jp/od2/B/202608/b260808.lzh,2026-10-03T18:30:52.065831+09:00
20260808,18,徳山,2,20260808-18-02,1,4387,平山智加,41,香川,45.0,A1,6.43,43.48,7.33,61.11,50,38.03,57,36.57,224,12,https://www1.mbrace.or.jp/od2/B/202608/b260808.lzh,2026-10-03T18:30:52.065831+09:00
20260808,18,徳山,2,20260808-18-02,2,4590,渡邉優美,33,福岡,49.0,A1,6.34,39.84,0.0,0.0,24,28.0,13,41.01,342,9,https://www1.mbrace.or.jp/od2/B/202608/b260808.lzh,2026-10-03T18:30:52.065831+09:00
20260808,18,徳山,2,20260808-18-02,3,4289,落合直子,41,大阪,48.0,A2,5.75,38.54,0.0,0.0,28,25.97,47,33.89,3 2,10,https://www1.mbrace.or.jp/od2/B/202608/b260808.lzh,2026-10-03T18:30:52.065831+09:00
20260808,18,徳山,2,20260808-18-02,4,4845,前田紗希,33,埼玉,48.0,A1,6.98,58.54,6.94,56.0,11,36.11,55,38.42,6 66,7,https://www1.mbrace.or.jp/od2/B/202608/b260808.lzh,2026-10-03T18:30:52.065831+09:00
20260808,18,徳山,2,20260808-18-02,5,4243,西村歩,40,大阪,48.0,B1,5.67,40.0,5.09,27.27,14,40.98,53,33.15,2 3,8,https://www1.mbrace.or.jp/od2/B/202608/b260808.lzh,2026-10-03T18:30:52.065831+09:00
20260808,18,徳山,2,20260808-18-02,6,5189,藤原早菜,25,岡山,45.0,A2,4.97,25.62,4.25,30.0,53,40.79,26,29.28,1 4,11,https://www1.mbrace.or.jp/od2/B/202608/b260808.lzh,2026-10-03T18:30:52.065831+09:00
20260808,18,徳山,3,20260808-18-03,1,3611,岩崎芳美,53,徳島,48.0,A2,6.11,43.43,5.68,34.15,70,26.56,17,30.22,4 4,11,https://www1.mbrace.or.jp/od2/B/202608/b260808.lzh,2026-10-03T18:30:52.065831+09:00
20260808,18,徳山,3,20260808-18-03,2,4433,川野芽唯,40,福岡,46.0,A1,7.12,55.47,7.23,54.84,34,32.18,51,32.96,3 11,9,https://www1.mbrace.or.jp/od2/B/202608/b260808.lzh,2026-10-03T18:30:52.065831+09:00
20260808,18,徳山,3,20260808-18-03,3,4546,浜田亜理,38,埼玉,46.0,B1,7.04,57.65,7.64,63.64,35,37.33,23,33.15,3 13,,https://www1.mbrace.or.jp/od2/B/202608/b260808.lzh,2026-10-03T18:30:52.065831+09:00
20260808,18,徳山,3,20260808-18-03,4,4963,實森美祐,29,広島,46.0,A1,6.21,44.12,7.58,64.52,48,36.25,72,33.7,566,,https://www1.mbrace.or.jp/od2/B/202608/b260808.lzh,2026-10-03T18:30:52.065831+09:00
20260808,18,徳山,3,20260808-18-03,5,4974,安井瑞紀,33,岡山,46.0,A2,5.58,40.59,6.58,50.0,41,35.37,29,30.94,6 6,10,https://www1.mbrace.or.jp/od2/B/202608/b260808.lzh,2026-10-03T18:30:52.065831+09:00
20260808,18,徳山,3,20260808-18-03,6,5155,内山七海,29,福岡,46.0,A2,6.18,45.19,5.93,42.86,55,40.28,50,38.89,6 1,8,https://www1.mbrace.or.jp/od2/B/202608/b260808.lzh,2026-10-03T18:30:52.065831+09:00
20260808,18,徳山,4,20260808-18-04,1,5205,刑部亜里,29,静岡,49.0,A2,6.02,37.27,5.11,30.56,33,53.33,35,30.56,4 2,12,https://www1.mbrace.or.jp/od2/B/202608/b260808.lzh,2026-10-03T18:30:52.065831+09:00
20260808,18,徳山,4,20260808-18-04,2,4502,遠藤エミ,38,滋賀,44.0,A1,7.51,51.09,7.0,40.0,16,31.88,37,34.83,1 53,10,https://www1.mbrace.or.jp/od2/B/202608/b260808.lzh,2026-10-03T18:30:52.065831+09:00
20260808,18,徳山,4,20260808-18-04,3,4536,喜井つか,36,岡山,47.0,A2,5.77,37.61,5.07,25.93,36,32.14,45,34.29,4 55,,https://www1.mbrace.or.jp/od2/B/202608/b260808.lzh,2026-10-03T18:30:52.065831+09:00
20260808,18,徳山,4,20260808-18-04,4,4224,大橋栄里,44,福岡,49.0,B1,5.25,31.25,5.57,40.0,58,30.88,32,32.97,4 4,11,https://www1.mbrace.or.jp/od2/B/202608/b260808.lzh,2026-10-03T18:30:52.065831+09:00
20260808,18,徳山,4,20260808-18-04,5,3618,海野ゆか,52,広島,43.0,A1,6.43,50.43,6.6,46.67,19,50.0,20,33.15,514,,https://www1.mbrace.or.jp/od2/B/202608/b260808.lzh,2026-10-03T18:30:52.065831+09:00
20260808,18,徳山,4,20260808-18-04,6,4819,蜂須瑞生,35,群馬,47.0,A2,5.02,31.11,5.54,39.02,46,39.47,59,41.11,3 6,9,https://www1.mbrace.or.jp/od2/B/202608/b260808.lzh,2026-10-03T18:30:52.065831+09:00
20260808,18,徳山,5,20260808-18-05,1,4642,松尾夏海,34,香川,46.0,A2,7.09,56.67,0.0,0.0,38,28.95,64,35.39,342,,https://www1.mbrace.or.jp/od2/B/202608/b260808.lzh,2026-10-03T18:30:52.065831+09:00
20260808,18,徳山,5,20260808-18-05,2,4050,田口節子,45,岡山,45.0,A1,7.52,59.09,7.9,70.49,63,28.38,36,34.66,2 11,11,https://www1.mbrace.or.jp/od2/B/202608/b260808.lzh,2026-10-03T18:30:52.065831+09:00
20260808,18,徳山,5,20260808-18-05,3,3900,香川素子,49,滋賀,48.0,A2,6.27,47.12,4.54,23.08,49,28.17,63,30.11,S53,,https://www1.mbrace.or.jp/od2/B/202608/b260808.lzh,2026-10-03T18:30:52.065831+09:00
20260808,18,徳山,5,20260808-18-05,4,4225,土屋千明,44,群馬,45.0,A2,6.07,40.79,5.92,41.67,74,42.86,66,34.25,2 44,,https://www1.mbrace.or.jp/od2/B/202608/b260808.lzh,2026-10-03T18:30:52.065831+09:00
20260808,18,徳山,5,20260808-18-05,5,4478,櫻本あゆ,38,群馬,48.0,A1,5.88,40.7,6.0,62.5,31,30.14,15,39.44,3 55,,https://www1.mbrace.or.jp/od2/B/202608/b260808.lzh,2026-10-03T18:30:52.065831+09:00
20260808,18,徳山,5,20260808-18-05,6,4208,三浦永理,43,静岡,46.0,A1,7.23,60.83,7.23,40.0,67,32.39,34,31.49,116,,https://www1.mbrace.or.jp/od2/B/202608/b260808.lzh,2026-10-03T18:30:52.065831+09:00
20260808,18,徳山,6,20260808-18-06,1,4611,今井美亜,35,福井,47.0,A1,6.06,41.38,5.82,45.45,72,34.29,24,35.39,6 43,,https://www1.mbrace.or.jp/od2/B/202608/b260808.lzh,2026-10-03T18:30:52.065831+09:00
20260808,18,徳山,6,20260808-18-06,2,4347,魚谷香織,41,福岡,45.0,A2,5.96,40.43,7.14,56.82,66,33.33,67,41.67,6 15,,https://www1.mbrace.or.jp/od2/B/202608/b260808.lzh,2026-10-03T18:30:52.065831+09:00
20260808,18,徳山,6,20260808-18-06,3,4190,長嶋万記,45,静岡,49.0,B2,7.07,51.72,0.0,0.0,26,40.85,31,32.4,263,,https://www1.mbrace.or.jp/od2/B/202608/b260808.lzh,2026-10-03T18:30:52.065831+09:00
20260808,18,徳山,6,20260808-18-06,4,4964,土屋南,29,岡山,46.0,A2,6.1,40.78,6.63,52.63,47,39.74,74,35.0,3 26,,https://www1.mbrace.or.jp/od2/B/202608/b260808.lzh,2026-10-03T18:30:52.065831+09:00
20260808,18,徳山,6,20260808-18-06,5,5088,高憧四季,26,大阪,44.0,A1,6.82,51.16,6.25,50.0,29,32.1,16,41.67,5 43,12,https://www1.mbrace.or.jp/od2/B/202608/b260808.lzh,2026-10-03T18:30:52.065831+09:00
20260808,18,徳山,6,20260808-18-06,6,5281,井上遥妃,23,徳島,46.0,A1,5.65,41.84,5.16,26.32,23,36.71,38,39.89,2 24,,https://www1.mbrace.or.jp/od2/B/202608/b260808.lzh,2026-10-03T18:30:52.065831+09:00
20260808,18,徳山,7,20260808-18-07,1,4845,前田紗希,33,埼玉,48.0,A1,6.98,58.54,6.94,56.0,11,36.11,55,38.42,6 66,2,https://www1.mbrace.or.jp/od2/B/202608/b260808.lzh,2026-10-03T18:30:52.065831+09:00
20260808,18,徳山,7,20260808-18-07,2,5188,武井莉里,25,兵庫,45.0,A2,5.96,42.16,4.45,30.0,39,34.21,48,30.73,3 3,1,https://www1.mbrace.or.jp/od2/B/202608/b260808.lzh,2026-10-03T18:30:52.065831+09:00
20260808,18,徳山,7,20260808-18-07,3,4117,廣中智紗,45,東京,45.0,A2,6.35,50.46,6.64,59.09,56,38.57,44,37.64,1 35,,https://www1.mbrace.or.jp/od2/B/202608/b260808.lzh,2026-10-03T18:30:52.065831+09:00
20260808,18,徳山,7,20260808-18-07,4,4456,鎌倉涼,37,大阪,44.0,A1,6.17,33.33,6.8,50.0,59,37.29,33,32.78,516,,https://www1.mbrace.or.jp/od2/B/202608/b260808.lzh,2026-10-03T18:30:52.065831+09:00
20260808,18,徳山,7,20260808-18-07,5,4823,中村桃佳,33,香川,45.0,A2,6.87,51.79,3.25,0.0,27,44.83,27,31.67,525,,https://www1.mbrace.or.jp/od2/B/202608/b260808.lzh,2026-10-03T18:30:52.065831+09:00
20260808,18,徳山,7,20260808-18-07,6,4373,若狭奈美,38,岡山,46.0,A1,6.51,46.15,5.38,34.48,69,38.46,42,29.61,416,,https://www1.mbrace.or.jp/od2/B/202608/b260808.lzh,2026-10-03T18:30:52.065831+09:00
20260808,18,徳山,8,20260808-18-08,1,4775,千葉真弥,32,静岡,46.0,A2,6.39,45.76,0.0,0.0,17,46.03,12,36.0,1 11,,https://www1.mbrace.or.jp/od2/B/202608/b260808.lzh,2026-10-03T18:30:52.065831+09:00
20260808,18,徳山,8,20260808-18-08,2,5155,内山七海,29,福岡,46.0,A2,6.18,45.19,5.93,42.86,55,40.28,50,38.89,6 1,3,https://www1.mbrace.or.jp/od2/B/202608/b260808.lzh,2026-10-03T18:30:52.065831+09:00
20260808,18,徳山,8,20260808-18-08,3,4243,西村歩,40,大阪,48.0,B1,5.67,40.0,5.09,27.27,14,40.98,53,33.15,2 3,2,https://www1.mbrace.or.jp/od2/B/202608/b260808.lzh,2026-10-03T18:30:52.065831+09:00
20260808,18,徳山,8,20260808-18-08,4,3435,寺田千恵,57,岡山,45.0,A2,6.56,45.3,7.26,61.54,73,42.37,25,30.22,436,,https://www1.mbrace.or.jp/od2/B/202608/b260808.lzh,2026-10-03T18:30:52.065831+09:00
20260808,18,徳山,8,20260808-18-08,5,4938,小芦るり,28,佐賀,48.0,A1,6.6,50.81,5.37,33.33,71,31.43,40,41.57,353,,https://www1.mbrace.or.jp/od2/B/202608/b260808.lzh,2026-10-03T18:30:52.065831+09:00
20260808,18,徳山,8,20260808-18-08,6,4530,小野生奈,37,福岡,46.0,A1,7.2,58.33,8.7,81.48,18,28.79,60,24.29,4 56,1,https://www1.mbrace.or.jp/od2/B/202608/b260808.lzh,2026-10-03T18:30:52.065831+09:00
20260808,18,徳山,9,20260808-18-09,1,5045,平川香織,26,埼玉,46.0,A2,6.96,53.51,5.79,31.58,54,32.91,30,36.16,4 32,,https://www1.mbrace.or.jp/od2/B/202608/b260808.lzh,2026-10-03T18:30:52.065831+09:00
20260808,18,徳山,9,20260808-18-09,2,4961,西橋奈未,30,福井,47.0,A1,6.72,46.55,7.68,68.42,20,39.34,22,37.7,322,,https://www1.mbrace.or.jp/od2/B/202608/b260808.lzh,2026-10-03T18:30:52.065831+09:00
20260808,18,徳山,9,20260808-18-09,3,4590,渡邉優美,33,福岡,49.0,A1,6.34,39.84,0.0,0.0,24,28.0,13,41.01,342,2,https://www1.mbrace.or.jp/od2/B/202608/b260808.lzh,2026-10-03T18:30:52.065831+09:00
20260808,18,徳山,9,20260808-18-09,4,4819,蜂須瑞生,35,群馬,47.0,A2,5.02,31.11,5.54,39.02,46,39.47,59,41.11,3 6,4,https://www1.mbrace.or.jp/od2/B/202608/b260808.lzh,2026-10-03T18:30:52.065831+09:00
20260808,18,徳山,9,20260808-18-09,5,4433,川野芽唯,40,福岡,46.0,A1,7.12,55.47,7.23,54.84,34,32.18,51,32.96,3 11,3,https://www1.mbrace.or.jp/od2/B/202608/b260808.lzh,2026-10-03T18:30:52.065831+09:00
20260808,18,徳山,9,20260808-18-09,6,4313,西村美智,42,香川,49.0,A2,5.37,34.48,5.5,40.0,64,40.0,62,38.67,2 S,1,https://www1.mbrace.or.jp/od2/B/202608/b260808.lzh,2026-10-03T18:30:52.065831+09:00
20260808,18,徳山,10,20260808-18-10,1,4804,高田ひか,32,三重,48.0,A1,6.22,45.71,6.82,45.45,68,55.0,70,29.61,255,,https://www1.mbrace.or.jp/od2/B/202608/b260808.lzh,2026-10-03T18:30:52.065831+09:00
20260808,18,徳山,10,20260808-18-10,2,4974,安井瑞紀,33,岡山,46.0,A2,5.58,40.59,6.58,50.0,41,35.37,29,30.94,6 6,3,https://www1.mbrace.or.jp/od2/B/202608/b260808.lzh,2026-10-03T18:30:52.065831+09:00
20260808,18,徳山,10,20260808-18-10,3,5193,米丸乃絵,25,福岡,46.0,A1,6.61,47.57,6.57,52.38,13,38.33,19,36.16,152,,https://www1.mbrace.or.jp/od2/B/202608/b260808.lzh,2026-10-03T18:30:52.065831+09:00
20260808,18,徳山,10,20260808-18-10,4,4893,渡邉真奈,35,東京,47.0,B1,5.09,32.93,5.89,38.89,12,37.14,46,30.86,6 4,1,https://www1.mbrace.or.jp/od2/B/202608/b260808.lzh,2026-10-03T18:30:52.065831+09:00
20260808,18,徳山,10,20260808-18-10,5,4502,遠藤エミ,38,滋賀,44.0,A1,7.51,51.09,7.0,40.0,16,31.88,37,34.83,1 53,4,https://www1.mbrace.or.jp/od2/B/202608/b260808.lzh,2026-10-03T18:30:52.065831+09:00
20260808,18,徳山,10,20260808-18-10,6,4289,落合直子,41,大阪,48.0,A2,5.75,38.54,0.0,0.0,28,25.97,47,33.89,3 2,2,https://www1.mbrace.or.jp/od2/B/202608/b260808.lzh,2026-10-03T18:30:52.065831+09:00
20260808,18,徳山,11,20260808-18-11,1,4825,倉持莉々,32,東京,47.0,A1,7.04,54.31,0.0,0.0,60,30.99,18,37.64,152,,https://www1.mbrace.or.jp/od2/B/202608/b260808.lzh,2026-10-03T18:30:52.065831+09:00
20260808,18,徳山,11,20260808-18-11,2,3611,岩崎芳美,53,徳島,48.0,A2,6.11,43.43,5.68,34.15,70,26.56,17,30.22,4 4,3,https://www1.mbrace.or.jp/od2/B/202608/b260808.lzh,2026-10-03T18:30:52.065831+09:00
20260808,18,徳山,11,20260808-18-11,3,5189,藤原早菜,25,岡山,45.0,A2,4.97,25.62,4.25,30.0,53,40.79,26,29.28,1 4,2,https://www1.mbrace.or.jp/od2/B/202608/b260808.lzh,2026-10-03T18:30:52.065831+09:00
20260808,18,徳山,11,20260808-18-11,4,4556,竹井奈美,37,福岡,47.0,A1,6.55,49.46,6.42,50.0,75,27.27,14,33.7,152,,https://www1.mbrace.or.jp/od2/B/202608/b260808.lzh,2026-10-03T18:30:52.065831+09:00
20260808,18,徳山,11,20260808-18-11,5,4224,大橋栄里,44,福岡,49.0,B1,5.25,31.25,5.57,40.0,58,30.88,32,32.97,4 4,4,https://www1.mbrace.or.jp/od2/B/202608/b260808.lzh,2026-10-03T18:30:52.065831+09:00
20260808,18,徳山,11,20260808-18-11,6,4050,田口節子,45,岡山,45.0,A1,7.52,59.09,7.9,70.49,63,28.38,36,34.66,2 11,5,https://www1.mbrace.or.jp/od2/B/202608/b260808.lzh,2026-10-03T18:30:52.065831+09:00
20260808,18,徳山,12,20260808-18-12,1,5088,高憧四季,26,大阪,44.0,A1,6.82,51.16,6.25,50.0,29,32.1,16,41.67,5 43,6,https://www1.mbrace.or.jp/od2/B/202608/b260808.lzh,2026-10-03T18:30:52.065831+09:00
20260808,18,徳山,12,20260808-18-12,2,4011,堀之内紀,46,岡山,47.0,A2,6.3,45.56,6.08,44.74,44,34.62,41,35.2,6 12,,https://www1.mbrace.or.jp/od2/B/202608/b260808.lzh,2026-10-03T18:30:52.065831+09:00
20260808,18,徳山,12,20260808-18-12,3,5205,刑部亜里,29,静岡,49.0,A2,6.02,37.27,5.11,30.56,33,53.33,35,30.56,4 2,4,https://www1.mbrace.or.jp/od2/B/202608/b260808.lzh,2026-10-03T18:30:52.065831+09:00
20260808,18,徳山,12,20260808-18-12,4,4482,守屋美穂,37,岡山,44.0,A1,5.75,35.62,6.76,44.83,15,40.98,73,38.2,621,,https://www1.mbrace.or.jp/od2/B/202608/b260808.lzh,2026-10-03T18:30:52.065831+09:00
20260808,18,徳山,12,20260808-18-12,5,4387,平山智加,41,香川,45.0,A1,6.43,43.48,7.33,61.11,50,38.03,57,36.57,224,2,https://www1.mbrace.or.jp/od2/B/202608/b260808.lzh,2026-10-03T18:30:52.065831+09:00
20260808,18,徳山,12,20260808-18-12,6,4994,山本梨菜,28,佐賀,47.0,A2,6.5,50.43,5.74,36.84,42,34.25,39,32.78,5 31,,https://www1.mbrace.or.jp/od2/B/202608/b260808.lzh,2026-10-03T18:30:52.065831+09:00
20260808,17,宮島,1,20260808-17-01,1,4218,吉川喜継,44,滋賀,51.0,A1,6.39,49.47,5.87,40.0,24,34.76,66,33.16,134 123326,10,https://www1.mbrace.or.jp/od2/B/202608/b260808.lzh,2026-10-03T18:30:52.065831+09:00
20260808,17,宮島,1,20260808-17-01,2,4103,山崎善庸,47,埼玉,54.0,B1,3.33,5.8,3.17,13.04,66,42.47,75,30.24,545 32335,6,https://www1.mbrace.or.jp/od2/B/202608/b260808.lzh,2026-10-03T18:30:52.065831+09:00
20260808,17,宮島,1,20260808-17-01,3,4358,松本庸平,41,三重,51.0,B1,4.14,27.85,3.63,21.05,70,34.97,31,28.31,3 665 3461,5,https://www1.mbrace.or.jp/od2/B/202608/b260808.lzh,2026-10-03T18:30:52.065831+09:00
20260808,17,宮島,1,20260808-17-01,4,5265,大廣咲季,26,香川,46.0,B1,3.78,16.09,0.0,0.0,60,35.51,29,46.12,666 452 5,8,https://www1.mbrace.or.jp/od2/B/202608/b260808.lzh,2026-10-03T18:30:52.065831+09:00
20260808,17,宮島,1,20260808-17-01,5,5435,中西月輝,21,広島,51.0,B2,1.35,0.0,1.37,0.0,55,36.84,65,30.95,5 5S666 5,7,https://www1.mbrace.or.jp/od2/B/202608/b260808.lzh,2026-10-03T18:30:52.065831+09:00
20260808,17,宮島,1,20260808-17-01,6,4951,新田洋一,32,広島,54.0,B1,5.23,28.4,6.13,45.45,23,33.33,53,32.42,432 545 53,6,https://www1.mbrace.or.jp/od2/B/202608/b260808.lzh,2026-10-03T18:30:52.065831+09:00
20260808,17,宮島,2,20260808-17-02,1,4798,浜先真範,33,広島,53.0,A1,6.53,45.45,6.79,48.41,27,30.93,27,38.2,353 443125,11,https://www1.mbrace.or.jp/od2/B/202608/b260808.lzh,2026-10-03T18:30:52.065831+09:00
20260808,17,宮島,2,20260808-17-02,2,3878,胡本悟志,49,山口,51.0,B1,4.47,21.05,3.71,14.29,34,37.04,76,35.89,4 366 5156,7,https://www1.mbrace.or.jp/od2/B/202608/b260808.lzh,2026-10-03T18:30:52.065831+09:00
20260808,17,宮島,2,20260808-17-02,3,3294,野中義生,60,静岡,52.0,B1,4.24,19.4,4.86,14.29,32,44.06,74,32.61,356 536 23,7,https://www1.mbrace.or.jp/od2/B/202608/b260808.lzh,2026-10-03T18:30:52.065831+09:00
20260808,17,宮島,2,20260808-17-02,4,5358,増本杏珠,20,福岡,48.0,B2,2.53,5.0,2.14,0.0,61,36.32,81,30.52,644 6 566,6,https://www1.mbrace.or.jp/od2/B/202608/b260808.lzh,2026-10-03T18:30:52.065831+09:00
20260808,17,宮島,2,20260808-17-02,5,4822,百武翔,33,佐賀,52.0,A2,6.13,46.67,5.56,22.22,19,31.15,56,32.37,3122345 13,11,https://www1.mbrace.or.jp/od2/B/202608/b260808.lzh,2026-10-03T18:30:52.065831+09:00
20260808,17,宮島,2,20260808-17-02,6,4436,渋谷明憲,40,大阪,52.0,A1,6.54,48.75,7.05,70.0,33,34.3,57,35.23,522 46246,9,https://www1.mbrace.or.jp/od2/B/202608/b260808.lzh,2026-10-03T18:30:52.065831+09:00
20260808,17,宮島,3,20260808-17-03,1,3372,加藤雅之,59,広島,52.0,B2,3.07,9.09,4.24,24.36,21,40.49,80,30.54,4 451 2545,8,https://www1.mbrace.or.jp/od2/B/202608/b260808.lzh,2026-10-03T18:30:52.065831+09:00
20260808,17,宮島,3,20260808-17-03,2,4196,田中太一,44,佐賀,54.0,B1,3.84,21.05,0.0,0.0,20,30.1,21,32.86,163 34646,7,https://www1.mbrace.or.jp/od2/B/202608/b260808.lzh,2026-10-03T18:30:52.065831+09:00
20260808,17,宮島,3,20260808-17-03,3,3370,坪内実,59,大阪,54.0,B1,3.74,17.74,3.5,20.83,62,30.88,20,30.56,246 655 64,8,https://www1.mbrace.or.jp/od2/B/202608/b260808.lzh,2026-10-03T18:30:52.065831+09:00
20260808,17,宮島,3,20260808-17-03,4,5245,倉富大誠,24,愛知,52.0,B1,5.37,35.9,0.0,0.0,80,29.81,58,36.45,6 156 423,7,https://www1.mbrace.or.jp/od2/B/202608/b260808.lzh,2026-10-03T18:30:52.065831+09:00
20260808,17,宮島,3,20260808-17-03,5,3812,山崎聖司,50,東京,52.0,B1,4.02,14.06,4.41,18.52,71,34.43,39,35.32,253 23635,9,https://www1.mbrace.or.jp/od2/B/202608/b260808.lzh,2026-10-03T18:30:52.065831+09:00
20260808,17,宮島,3,20260808-17-03,6,4296,岡崎恭裕,39,福岡,52.0,A2,5.96,37.04,6.0,40.0,82,31.75,64,29.65,432 152123,10,https://www1.mbrace.or.jp/od2/B/202608/b260808.lzh,2026-10-03T18:30:52.065831+09:00
20260808,17,宮島,4,20260808-17-04,1,5160,藤森陸斗,27,福岡,53.0,A2,6.1,42.86,3.69,17.24,30,40.78,79,31.15,225 15464,9,https://www1.mbrace.or.jp/od2/B/202608/b260808.lzh,2026-10-03T18:30:52.065831+09:00
20260808,17,宮島,4,20260808-17-04,2,4376,藤田靖弘,42,静岡,53.0,A2,5.74,42.24,5.77,46.67,39,32.67,71,33.48,6 13152316,10,https://www1.mbrace.or.jp/od2/B/202608/b260808.lzh,2026-10-03T18:30:52.065831+09:00
20260808,17,宮島,4,20260808-17-04,3,5014,梶山涼斗,28,佐賀,55.0,B1,4.55,27.69,4.88,23.53,17,41.95,11,27.41,6 244 4652,,https://www1.mbrace.or.jp/od2/B/202608/b260808.lzh,2026-10-03T18:30:52.065831+09:00
20260808,17,宮島,4,20260808-17-04,4,4396,大田直弥,40,山口,54.0,B1,5.11,29.35,3.89,13.89,63,33.33,69,29.79,6 351 6244,,https://www1.mbrace.or.jp/od2/B/202608/b260808.lzh,2026-10-03T18:30:52.065831+09:00
20260808,17,宮島,4,20260808-17-04,5,3455,谷本幸司,55,愛知,52.0,B1,4.87,31.73,4.79,28.57,81,32.07,68,36.23,365 455 13,8,https://www1.mbrace.or.jp/od2/B/202608/b260808.lzh,2026-10-03T18:30:52.065831+09:00
20260808,17,宮島,4,20260808-17-04,6,4743,木村仁紀,33,滋賀,54.0,A1,6.24,38.93,5.27,26.92,73,29.19,67,34.55,5425423 1,9,https://www1.mbrace.or.jp/od2/B/202608/b260808.lzh,2026-10-03T18:30:52.065831+09:00
20260808,17,宮島,5,20260808-17-05,1,4844,村上奈穂,33,広島,50.0,B1,4.13,20.88,4.66,25.97,36,33.49,26,26.71,141 245 24,10,https://www1.mbrace.or.jp/od2/B/202608/b260808.lzh,2026-10-03T18:30:52.065831+09:00
20260808,17,宮島,5,20260808-17-05,2,3606,川北浩貴,54,滋賀,52.0,B1,5.74,43.62,4.15,20.0,18,35.0,16,39.42,5 642 5434,,https://www1.mbrace.or.jp/od2/B/202608/b260808.lzh,2026-10-03T18:30:52.065831+09:00
20260808,17,宮島,5,20260808-17-05,3,4443,津田裕絵,39,山口,51.0,B1,5.59,39.66,5.95,37.5,51,37.44,70,27.27,423 262 31,,https://www1.mbrace.or.jp/od2/B/202608/b260808.lzh,2026-10-03T18:30:52.065831+09:00
20260808,17,宮島,5,20260808-17-05,4,4572,渡部悟,37,大阪,55.0,B1,5.48,35.92,4.64,25.0,29,33.16,30,27.65,3 332 1414,11,https://www1.mbrace.or.jp/od2/B/202608/b260808.lzh,2026-10-03T18:30:52.065831+09:00
20260808,17,宮島,5,20260808-17-05,5,4358,松本庸平,41,三重,51.0,B1,4.14,27.85,3.63,21.05,70,34.97,31,28.31,3 665 3461,1,https://www1.mbrace.or.jp/od2/B/202608/b260808.lzh,2026-10-03T18:30:52.065831+09:00
20260808,17,宮島,5,20260808-17-05,6,4962,畑竜生,30,三重,53.0,A2,5.3,31.58,6.0,45.0,37,41.71,61,35.32,16415 452,9,https://www1.mbrace.or.jp/od2/B/202608/b260808.lzh,2026-10-03T18:30:52.065831+09:00
20260808,17,宮島,6,20260808-17-06,1,4824,松井洪弥,33,三重,53.0,A2,5.84,40.57,6.85,51.06,56,32.49,13,35.52,52151 1254,10,https://www1.mbrace.or.jp/od2/B/202608/b260808.lzh,2026-10-03T18:30:52.065831+09:00
20260808,17,宮島,6,20260808-17-06,2,5358,増本杏珠,20,福岡,48.0,B2,2.53,5.0,2.14,0.0,61,36.32,81,30.52,644 6 566,2,https://www1.mbrace.or.jp/od2/B/202608/b260808.lzh,2026-10-03T18:30:52.065831+09:00
20260808,17,宮島,6,20260808-17-06,3,4286,平田さや,42,東京,47.0,A2,6.06,43.22,5.97,44.83,52,34.11,22,32.87,211 333515,10,https://www1.mbrace.or.jp/od2/B/202608/b260808.lzh,2026-10-03T18:30:52.065831+09:00
20260808,17,宮島,6,20260808-17-06,4,4951,新田洋一,32,広島,54.0,B1,5.23,28.4,6.13,45.45,23,33.33,53,32.42,432 545 53,1,https://www1.mbrace.or.jp/od2/B/202608/b260808.lzh,2026-10-03T18:30:52.065831+09:00
20260808,17,宮島,6,20260808-17-06,5,4103,山崎善庸,47,埼玉,54.0,B1,3.33,5.8,3.17,13.04,66,42.47,75,30.24,545 32335,1,https://www1.mbrace.or.jp/od2/B/202608/b260808.lzh,2026-10-03T18:30:52.065831+09:00
20260808,17,宮島,6,20260808-17-06,6,3811,石田章央,50,静岡,54.0,A1,6.33,50.43,6.19,41.94,79,34.92,18,36.67,5 11331513,11,https://www1.mbrace.or.jp/od2/B/202608/b260808.lzh,2026-10-03T18:30:52.065831+09:00
20260808,17,宮島,7,20260808-17-07,1,4998,中村かな,32,東京,49.0,B2,4.4,25.0,2.89,11.11,58,42.65,35,37.56,522 522465,11,https://www1.mbrace.or.jp/od2/B/202608/b260808.lzh,2026-10-03T18:30:52.065831+09:00
20260808,17,宮島,7,20260808-17-07,2,5245,倉富大誠,24,愛知,52.0,B1,5.37,35.9,0.0,0.0,80,29.81,58,36.45,6 156 423,3,https://www1.mbrace.or.jp/od2/B/202608/b260808.lzh,2026-10-03T18:30:52.065831+09:00
20260808,17,宮島,7,20260808-17-07,3,3878,胡本悟志,49,山口,51.0,B1,4.47,21.05,3.71,14.29,34,37.04,76,35.89,4 366 5156,2,https://www1.mbrace.or.jp/od2/B/202608/b260808.lzh,2026-10-03T18:30:52.065831+09:00
20260808,17,宮島,7,20260808-17-07,4,3294,野中義生,60,静岡,52.0,B1,4.24,19.4,4.86,14.29,32,44.06,74,32.61,356 536 23,2,https://www1.mbrace.or.jp/od2/B/202608/b260808.lzh,2026-10-03T18:30:52.065831+09:00
20260808,17,宮島,7,20260808-17-07,5,4196,田中太一,44,佐賀,54.0,B1,3.84,21.05,0.0,0.0,20,30.1,21,32.86,163 34646,3,https://www1.mbrace.or.jp/od2/B/202608/b260808.lzh,2026-10-03T18:30:52.065831+09:00
20260808,17,宮島,7,20260808-17-07,6,5435,中西月輝,21,広島,51.0,B2,1.35,0.0,1.37,0.0,55,36.84,65,30.95,5 5S666 5,1,https://www1.mbrace.or.jp/od2/B/202608/b260808.lzh,2026-10-03T18:30:52.065831+09:00
20260808,17,宮島,8,20260808-17-08,1,5043,中村日向,27,香川,53.0,A1,7.28,56.6,6.88,50.0,57,38.73,34,28.13,5654211 26,11,https://www1.mbrace.or.jp/od2/B/202608/b260808.lzh,2026-10-03T18:30:52.065831+09:00
20260808,17,宮島,8,20260808-17-08,2,5265,大廣咲季,26,香川,46.0,B1,3.78,16.09,0.0,0.0,60,35.51,29,46.12,666 452 5,1,https://www1.mbrace.or.jp/od2/B/202608/b260808.lzh,2026-10-03T18:30:52.065831+09:00
20260808,17,宮島,8,20260808-17-08,3,3455,谷本幸司,55,愛知,52.0,B1,4.87,31.73,4.79,28.57,81,32.07,68,36.23,365 455 13,4,https://www1.mbrace.or.jp/od2/B/202608/b260808.lzh,2026-10-03T18:30:52.065831+09:00
20260808,17,宮島,8,20260808-17-08,4,3372,加藤雅之,59,広島,52.0,B2,3.07,9.09,4.24,24.36,21,40.49,80,30.54,4 451 2545,3,https://www1.mbrace.or.jp/od2/B/202608/b260808.lzh,2026-10-03T18:30:52.065831+09:00
20260808,17,宮島,8,20260808-17-08,5,3370,坪内実,59,大阪,54.0,B1,3.74,17.74,3.5,20.83,62,30.88,20,30.56,246 655 64,3,https://www1.mbrace.or.jp/od2/B/202608/b260808.lzh,2026-10-03T18:30:52.065831+09:00
20260808,17,宮島,8,20260808-17-08,6,4230,濱崎直矢,43,埼玉,55.0,A2,6.73,50.65,7.82,77.27,16,34.04,15,29.55,1 F64 6 6,,https://www1.mbrace.or.jp/od2/B/202608/b260808.lzh,2026-10-03T18:30:52.065831+09:00
20260808,17,宮島,9,20260808-17-09,1,4436,渋谷明憲,40,大阪,52.0,A1,6.54,48.75,7.05,70.0,33,34.3,57,35.23,522 46246,2,https://www1.mbrace.or.jp/od2/B/202608/b260808.lzh,2026-10-03T18:30:52.065831+09:00
20260808,17,宮島,9,20260808-17-09,2,3812,山崎聖司,50,東京,52.0,B1,4.02,14.06,4.41,18.52,71,34.43,39,35.32,253 23635,3,https://www1.mbrace.or.jp/od2/B/202608/b260808.lzh,2026-10-03T18:30:52.065831+09:00
20260808,17,宮島,9,20260808-17-09,3,4962,畑竜生,30,三重,53.0,A2,5.3,31.58,6.0,45.0,37,41.71,61,35.32,16415 452,5,https://www1.mbrace.or.jp/od2/B/202608/b260808.lzh,2026-10-03T18:30:52.065831+09:00
20260808,17,宮島,9,20260808-17-09,4,4743,木村仁紀,33,滋賀,54.0,A1,6.24,38.93,5.27,26.92,73,29.19,67,34.55,5425423 1,4,https://www1.mbrace.or.jp/od2/B/202608/b260808.lzh,2026-10-03T18:30:52.065831+09:00
20260808,17,宮島,9,20260808-17-09,5,4106,坂井康嗣,46,佐賀,52.0,B1,4.15,22.54,4.14,20.69,67,34.93,14,28.73,3 443 6236,,https://www1.mbrace.or.jp/od2/B/202608/b260808.lzh,2026-10-03T18:30:52.065831+09:00
20260808,17,宮島,9,20260808-17-09,6,5160,藤森陸斗,27,福岡,53.0,A2,6.1,42.86,3.69,17.24,30,40.78,79,31.15,225 15464,4,https://www1.mbrace.or.jp/od2/B/202608/b260808.lzh,2026-10-03T18:30:52.065831+09:00
20260808,17,宮島,10,20260808-17-10,1,4296,岡崎恭裕,39,福岡,52.0,A2,5.96,37.04,6.0,40.0,82,31.75,64,29.65,432 152123,3,https://www1.mbrace.or.jp/od2/B/202608/b260808.lzh,2026-10-03T18:30:52.065831+09:00
20260808,17,宮島,10,20260808-17-10,2,4824,松井洪弥,33,三重,53.0,A2,5.84,40.57,6.85,51.06,56,32.49,13,35.52,52151 1254,6,https://www1.mbrace.or.jp/od2/B/202608/b260808.lzh,2026-10-03T18:30:52.065831+09:00
20260808,17,宮島,10,20260808-17-10,3,4844,村上奈穂,33,広島,50.0,B1,4.13,20.88,4.66,25.97,36,33.49,26,26.71,141 245 24,5,https://www1.mbrace.or.jp/od2/B/202608/b260808.lzh,2026-10-03T18:30:52.065831+09:00
20260808,17,宮島,10,20260808-17-10,4,4286,平田さや,42,東京,47.0,A2,6.06,43.22,5.97,44.83,52,34.11,22,32.87,211 333515,6,https://www1.mbrace.or.jp/od2/B/202608/b260808.lzh,2026-10-03T18:30:52.065831+09:00
20260808,17,宮島,10,20260808-17-10,5,4218,吉川喜継,44,滋賀,51.0,A1,6.39,49.47,5.87,40.0,24,34.76,66,33.16,134 123326,1,https://www1.mbrace.or.jp/od2/B/202608/b260808.lzh,2026-10-03T18:30:52.065831+09:00
20260808,17,宮島,10,20260808-17-10,6,4376,藤田靖弘,42,静岡,53.0,A2,5.74,42.24,5.77,46.67,39,32.67,71,33.48,6 13152316,4,https://www1.mbrace.or.jp/od2/B/202608/b260808.lzh,2026-10-03T18:30:52.065831+09:00
20260808,17,宮島,11,20260808-17-11,1,3811,石田章央,50,静岡,54.0,A1,6.33,50.43,6.19,41.94,79,34.92,18,36.67,5 11331513,6,https://www1.mbrace.or.jp/od2/B/202608/b260808.lzh,2026-10-03T18:30:52.065831+09:00
20260808,17,宮島,11,20260808-17-11,2,4822,百武翔,33,佐賀,52.0,A2,6.13,46.67,5.56,22.22,19,31.15,56,32.37,3122345 13,2,https://www1.mbrace.or.jp/od2/B/202608/b260808.lzh,2026-10-03T18:30:52.065831+09:00
20260808,17,宮島,11,20260808-17-11,3,4572,渡部悟,37,大阪,55.0,B1,5.48,35.92,4.64,25.0,29,33.16,30,27.65,3 332 1414,5,https://www1.mbrace.or.jp/od2/B/202608/b260808.lzh,2026-10-03T18:30:52.065831+09:00
20260808,17,宮島,11,20260808-17-11,4,4798,浜先真範,33,広島,53.0,A1,6.53,45.45,6.79,48.41,27,30.93,27,38.2,353 443125,2,https://www1.mbrace.or.jp/od2/B/202608/b260808.lzh,2026-10-03T18:30:52.065831+09:00
20260808,17,宮島,11,20260808-17-11,5,4998,中村かな,32,東京,49.0,B2,4.4,25.0,2.89,11.11,58,42.65,35,37.56,522 522465,7,https://www1.mbrace.or.jp/od2/B/202608/b260808.lzh,2026-10-03T18:30:52.065831+09:00
20260808,17,宮島,11,20260808-17-11,6,5043,中村日向,27,香川,53.0,A1,7.28,56.6,6.88,50.0,57,38.73,34,28.13,5654211 26,8,https://www1.mbrace.or.jp/od2/B/202608/b260808.lzh,2026-10-03T18:30:52.065831+09:00
20260808,17,宮島,12,20260808-17-12,1,4236,松村敏,42,福岡,55.0,A1,7.26,60.78,0.0,0.0,65,39.62,12,36.46,21123 1231,,https://www1.mbrace.or.jp/od2/B/202608/b260808.lzh,2026-10-03T18:30:52.065831+09:00
20260808,17,宮島,12,20260808-17-12,2,5087,佐藤航,26,埼玉,54.0,A1,6.21,49.06,7.1,50.0,72,45.27,19,37.71,12211 1621,,https://www1.mbrace.or.jp/od2/B/202608/b260808.lzh,2026-10-03T18:30:52.065831+09:00
20260808,17,宮島,12,20260808-17-12,3,5089,前田翔,26,愛知,51.0,A1,7.06,58.44,6.53,52.63,13,26.9,37,37.32,1441211 31,,https://www1.mbrace.or.jp/od2/B/202608/b260808.lzh,2026-10-03T18:30:52.065831+09:00
20260808,17,宮島,12,20260808-17-12,4,5037,田頭虎親,28,香川,52.0,B1,5.73,46.84,5.09,40.63,38,49.07,32,34.76,1 231 4442,,https://www1.mbrace.or.jp/od2/B/202608/b260808.lzh,2026-10-03T18:30:52.065831+09:00
20260808,17,宮島,12,20260808-17-12,5,4627,藤原菜希,40,東京,49.0,A2,6.43,46.81,6.52,48.15,54,34.95,72,40.72,43531 1142,,https://www1.mbrace.or.jp/od2/B/202608/b260808.lzh,2026-10-03T18:30:52.065831+09:00
20260808,17,宮島,12,20260808-17-12,6,4388,是澤孝宏,41,滋賀,51.0,A2,5.87,41.23,6.4,46.67,15,34.48,51,36.7,1 42323342,,https://www1.mbrace.or.jp/od2/B/202608/b260808.lzh,2026-10-03T18:30:52.065831+09:00
20260808,16,児島,1,20260808-16-01,1,3787,天野誠,54,岡山,52.0,B1,3.51,11.94,4.58,26.09,12,41.53,19,37.87,,9,https://www1.mbrace.or.jp/od2/B/202608/b260808.lzh,2026-10-03T18:30:52.065831+09:00
20260808,16,児島,1,20260808-16-01,2,3982,福田理,48,岡山,57.0,B1,4.0,19.75,4.24,21.67,64,32.0,39,38.41,,,https://www1.mbrace.or.jp/od2/B/202608/b260808.lzh,2026-10-03T18:30:52.065831+09:00
20260808,16,児島,1,20260808-16-01,3,3411,池上隆行,56,広島,51.0,B1,3.71,8.75,3.1,7.69,66,36.22,27,33.14,,7,https://www1.mbrace.or.jp/od2/B/202608/b260808.lzh,2026-10-03T18:30:52.065831+09:00
20260808,16,児島,1,20260808-16-01,4,5374,木山大聖,23,岡山,50.0,B1,2.86,6.94,2.83,8.62,65,36.22,43,36.9,,6,https://www1.mbrace.or.jp/od2/B/202608/b260808.lzh,2026-10-03T18:30:52.065831+09:00
20260808,16,児島,1,20260808-16-01,5,4580,長谷川雅,37,岡山,53.0,B1,5.63,39.02,5.7,42.86,56,36.67,56,31.55,,11,https://www1.mbrace.or.jp/od2/B/202608/b260808.lzh,2026-10-03T18:30:52.065831+09:00
20260808,16,児島,1,20260808-16-01,6,4853,前原哉,31,岡山,45.0,B1,4.92,22.67,4.1,22.62,29,30.51,29,35.98,,8,https://www1.mbrace.or.jp/od2/B/202608/b260808.lzh,2026-10-03T18:30:52.065831+09:00
20260808,16,児島,2,20260808-16-02,1,4533,峰重侑治,37,岡山,51.0,B1,4.34,20.75,4.95,33.77,11,32.97,51,32.73,,7,https://www1.mbrace.or.jp/od2/B/202608/b260808.lzh,2026-10-03T18:30:52.065831+09:00
20260808,16,児島,2,20260808-16-02,2,5058,前原大道,29,岡山,52.0,A1,6.58,44.53,6.47,46.34,17,37.99,64,37.89,,12,https://www1.mbrace.or.jp/od2/B/202608/b260808.lzh,2026-10-03T18:30:52.065831+09:00
20260808,16,児島,2,20260808-16-02,3,4441,末永由楽,39,岡山,53.0,A2,5.57,31.3,6.37,43.38,62,38.33,38,42.35,,11,https://www1.mbrace.or.jp/od2/B/202608/b260808.lzh,2026-10-03T18:30:52.065831+09:00
20260808,16,児島,2,20260808-16-02,4,5181,森智哉,28,岡山,52.0,B1,5.15,34.33,4.91,31.45,42,29.44,44,31.58,,10,https://www1.mbrace.or.jp/od2/B/202608/b260808.lzh,2026-10-03T18:30:52.065831+09:00
20260808,16,児島,2,20260808-16-02,5,4683,向井田直,35,広島,47.0,B2,3.47,19.61,5.0,37.5,31,37.7,75,35.62,,6,https://www1.mbrace.or.jp/od2/B/202608/b260808.lzh,2026-10-03T18:30:52.065831+09:00
20260808,16,児島,2,20260808-16-02,6,5165,小林愛実,26,岡山,47.0,B1,3.7,14.81,4.46,24.58,22,33.88,49,50.63,,8,https://www1.mbrace.or.jp/od2/B/202608/b260808.lzh,2026-10-03T18:30:52.065831+09:00
20260808,16,児島,3,20260808-16-03,1,3158,島川光男,61,広島,54.0,A2,6.34,45.65,5.45,37.93,57,36.46,54,40.24,,11,https://www1.mbrace.or.jp/od2/B/202608/b260808.lzh,2026-10-03T18:30:52.065831+09:00
20260808,16,児島,3,20260808-16-03,2,4054,福嶋智之,48,岡山,53.0,B1,4.73,28.09,4.47,24.14,55,50.84,23,34.73,,9,https://www1.mbrace.or.jp/od2/B/202608/b260808.lzh,2026-10-03T18:30:52.065831+09:00
20260808,16,児島,3,20260808-16-03,3,4558,宮野仁,36,岡山,54.0,B1,4.11,22.11,4.77,25.47,21,38.42,34,42.26,,,https://www1.mbrace.or.jp/od2/B/202608/b260808.lzh,2026-10-03T18:30:52.065831+09:00
20260808,16,児島,3,20260808-16-03,4,4323,山田佑樹,39,岡山,56.0,B1,5.73,45.26,5.86,47.41,60,44.57,63,31.97,,10,https://www1.mbrace.or.jp/od2/B/202608/b260808.lzh,2026-10-03T18:30:52.065831+09:00
20260808,16,児島,3,20260808-16-03,5,4166,吉田拡郎,44,岡山,53.0,A1,7.91,60.87,7.68,67.19,61,34.08,42,35.37,,12,https://www1.mbrace.or.jp/od2/B/202608/b260808.lzh,2026-10-03T18:30:52.065831+09:00
20260808,16,児島,3,20260808-16-03,6,4909,薮内瑞希,30,岡山,44.0,B1,4.94,34.15,5.84,43.1,50,38.33,32,32.14,,8,https://www1.mbrace.or.jp/od2/B/202608/b260808.lzh,2026-10-03T18:30:52.065831+09:00
20260808,16,児島,4,20260808-16-04,1,4537,渡邉和将,36,岡山,50.0,A1,7.34,54.1,6.62,44.76,49,38.98,14,31.52,,12,https://www1.mbrace.or.jp/od2/B/202608/b260808.lzh,2026-10-03T18:30:52.065831+09:00
20260808,16,児島,4,20260808-16-04,2,4214,林祐介,42,岡山,57.0,B1,5.56,34.29,5.8,38.73,39,37.43,70,34.13,,,https://www1.mbrace.or.jp/od2/B/202608/b260808.lzh,2026-10-03T18:30:52.065831+09:00
20260808,16,児島,4,20260808-16-04,3,3822,平尾崇典,53,岡山,50.0,A1,6.23,42.31,6.69,49.15,30,36.36,73,31.48,,11,https://www1.mbrace.or.jp/od2/B/202608/b260808.lzh,2026-10-03T18:30:52.065831+09:00
20260808,16,児島,4,20260808-16-04,4,4782,浜崎準也,39,岡山,52.0,B1,4.28,17.11,5.55,33.75,44,39.43,61,30.81,,9,https://www1.mbrace.or.jp/od2/B/202608/b260808.lzh,2026-10-03T18:30:52.065831+09:00
20260808,16,児島,4,20260808-16-04,5,4173,岡谷健吾,43,広島,56.0,B1,5.41,35.64,5.45,46.81,36,35.03,18,31.25,,10,https://www1.mbrace.or.jp/od2/B/202608/b260808.lzh,2026-10-03T18:30:52.065831+09:00
20260808,16,児島,4,20260808-16-04,6,4410,井上大輔,40,岡山,52.0,B1,4.27,21.36,4.91,31.31,19,37.5,33,38.79,,,https://www1.mbrace.or.jp/od2/B/202608/b260808.lzh,2026-10-03T18:30:52.065831+09:00
20260808,16,児島,5,20260808-16-05,1,4277,金田大輔,43,岡山,52.0,B1,4.69,29.49,4.78,29.41,41,32.39,50,36.84,,,https://www1.mbrace.or.jp/od2/B/202608/b260808.lzh,2026-10-03T18:30:52.065831+09:00
20260808,16,児島,5,20260808-16-05,2,4418,茅原悠紀,39,岡山,53.0,A1,7.61,50.85,8.39,76.84,34,31.11,17,35.88,,12,https://www1.mbrace.or.jp/od2/B/202608/b260808.lzh,2026-10-03T18:30:52.065831+09:00
20260808,16,児島,5,20260808-16-05,3,3717,立間充宏,51,岡山,56.0,A2,5.44,29.89,5.08,34.62,37,29.48,36,33.33,,10,https://www1.mbrace.or.jp/od2/B/202608/b260808.lzh,2026-10-03T18:30:52.065831+09:00
20260808,16,児島,5,20260808-16-05,4,4097,貫地谷直,44,広島,57.0,B1,3.56,13.7,3.43,14.29,27,38.01,72,32.12,,,https://www1.mbrace.or.jp/od2/B/202608/b260808.lzh,2026-10-03T18:30:52.065831+09:00
20260808,16,児島,5,20260808-16-05,5,3949,今出晋二,50,岡山,57.0,B1,4.13,22.06,4.14,16.67,33,23.98,40,32.32,,,https://www1.mbrace.or.jp/od2/B/202608/b260808.lzh,2026-10-03T18:30:52.065831+09:00
20260808,16,児島,5,20260808-16-05,6,3935,岩津徹郎,48,岡山,55.0,B1,5.35,36.59,5.16,29.89,59,27.37,45,36.36,,11,https://www1.mbrace.or.jp/od2/B/202608/b260808.lzh,2026-10-03T18:30:52.065831+09:00
20260808,16,児島,6,20260808-16-06,1,4089,妹尾忠幸,45,岡山,55.0,A2,6.17,41.75,6.45,41.22,53,33.9,59,30.81,,11,https://www1.mbrace.or.jp/od2/B/202608/b260808.lzh,2026-10-03T18:30:52.065831+09:00
20260808,16,児島,6,20260808-16-06,2,4562,阪本勇介,38,岡山,55.0,B1,4.94,28.71,4.62,23.53,45,30.17,74,36.09,,,https://www1.mbrace.or.jp/od2/B/202608/b260808.lzh,2026-10-03T18:30:52.065831+09:00
20260808,16,児島,6,20260808-16-06,3,4683,向井田直,35,広島,47.0,B2,3.47,19.61,5.0,37.5,31,37.7,75,35.62,,2,https://www1.mbrace.or.jp/od2/B/202608/b260808.lzh,2026-10-03T18:30:52.065831+09:00
20260808,16,児島,6,20260808-16-06,4,5109,川崎智稔,27,岡山,52.0,B1,4.98,30.36,4.49,21.05,24,30.9,47,33.13,,,https://www1.mbrace.or.jp/od2/B/202608/b260808.lzh,2026-10-03T18:30:52.065831+09:00
20260808,16,児島,6,20260808-16-06,5,5374,木山大聖,23,岡山,50.0,B1,2.86,6.94,2.83,8.62,65,36.22,43,36.9,,1,https://www1.mbrace.or.jp/od2/B/202608/b260808.lzh,2026-10-03T18:30:52.065831+09:00
20260808,16,児島,6,20260808-16-06,6,4762,藤原啓史,36,岡山,50.0,A1,7.31,54.46,7.54,59.35,35,46.93,30,36.09,,12,https://www1.mbrace.or.jp/od2/B/202608/b260808.lzh,2026-10-03T18:30:52.065831+09:00
20260808,16,児島,7,20260808-16-07,1,3933,山地正樹,50,岡山,53.0,B1,5.97,45.71,5.63,42.41,67,33.52,71,43.75,,,https://www1.mbrace.or.jp/od2/B/202608/b260808.lzh,2026-10-03T18:30:52.065831+09:00
20260808,16,児島,7,20260808-16-07,2,3746,岡瀬正人,51,岡山,52.0,A2,5.68,35.59,6.03,44.51,68,32.77,26,37.42,,,https://www1.mbrace.or.jp/od2/B/202608/b260808.lzh,2026-10-03T18:30:52.065831+09:00
20260808,16,児島,7,20260808-16-07,3,4533,峰重侑治,37,岡山,51.0,B1,4.34,20.75,4.95,33.77,11,32.97,51,32.73,,2,https://www1.mbrace.or.jp/od2/B/202608/b260808.lzh,2026-10-03T18:30:52.065831+09:00
20260808,16,児島,7,20260808-16-07,4,3411,池上隆行,56,広島,51.0,B1,3.71,8.75,3.1,7.69,66,36.22,27,33.14,,1,https://www1.mbrace.or.jp/od2/B/202608/b260808.lzh,2026-10-03T18:30:52.065831+09:00
20260808,16,児島,7,20260808-16-07,5,4202,浮田圭浩,44,岡山,55.0,B1,4.28,21.05,4.76,28.1,16,38.42,52,34.76,,,https://www1.mbrace.or.jp/od2/B/202608/b260808.lzh,2026-10-03T18:30:52.065831+09:00
20260808,16,児島,7,20260808-16-07,6,4370,山口達也,39,岡山,52.0,A1,5.92,40.96,6.53,51.8,20,47.73,68,36.97,,12,https://www1.mbrace.or.jp/od2/B/202608/b260808.lzh,2026-10-03T18:30:52.065831+09:00
20260808,16,児島,8,20260808-16-08,1,3357,福島陽子,57,岡山,48.0,B1,4.08,16.28,4.2,22.64,13,33.71,62,34.36,,,https://www1.mbrace.or.jp/od2/B/202608/b260808.lzh,2026-10-03T18:30:52.065831+09:00
20260808,16,児島,8,20260808-16-08,2,4853,前原哉,31,岡山,45.0,B1,4.92,22.67,4.1,22.62,29,30.51,29,35.98,,1,https://www1.mbrace.or.jp/od2/B/202608/b260808.lzh,2026-10-03T18:30:52.065831+09:00
20260808,16,児島,8,20260808-16-08,3,4909,薮内瑞希,30,岡山,44.0,B1,4.94,34.15,5.84,43.1,50,38.33,24,30.99,,3,https://www1.mbrace.or.jp/od2/B/202608/b260808.lzh,2026-10-03T18:30:52.065831+09:00
20260808,16,児島,8,20260808-16-08,4,5165,小林愛実,26,岡山,47.0,B1,3.7,14.81,4.46,24.58,22,33.88,49,50.63,,2,https://www1.mbrace.or.jp/od2/B/202608/b260808.lzh,2026-10-03T18:30:52.065831+09:00
20260808,16,児島,8,20260808-16-08,5,5317,長尾萌加,25,岡山,46.0,B1,4.66,21.15,3.55,13.33,58,36.2,57,32.16,,,https://www1.mbrace.or.jp/od2/B/202608/b260808.lzh,2026-10-03T18:30:52.065831+09:00
20260808,16,児島,8,20260808-16-08,6,5447,岡本亜子,24,岡山,50.0,B2,1.06,0.0,1.14,0.0,26,34.62,22,32.56,,,https://www1.mbrace.or.jp/od2/B/202608/b260808.lzh,2026-10-03T18:30:52.065831+09:00
20260808,16,児島,9,20260808-16-09,1,3874,山本寛久,50,岡山,52.0,A2,6.96,50.85,6.45,47.24,63,32.61,31,38.18,,,https://www1.mbrace.or.jp/od2/B/202608/b260808.lzh,2026-10-03T18:30:52.065831+09:00
20260808,16,児島,9,20260808-16-09,2,4584,村岡賢人,36,岡山,52.0,A1,6.38,41.3,6.99,54.0,18,30.98,15,41.82,,,https://www1.mbrace.or.jp/od2/B/202608/b260808.lzh,2026-10-03T18:30:52.065831+09:00
20260808,16,児島,9,20260808-16-09,3,4054,福嶋智之,48,岡山,53.0,B1,4.73,28.09,4.47,24.14,55,50.84,23,34.73,,3,https://www1.mbrace.or.jp/od2/B/202608/b260808.lzh,2026-10-03T18:30:52.065831+09:00
20260808,16,児島,9,20260808-16-09,4,4635,峰重力也,36,岡山,52.0,A2,5.77,41.1,5.24,34.69,38,34.95,13,31.17,,,https://www1.mbrace.or.jp/od2/B/202608/b260808.lzh,2026-10-03T18:30:52.065831+09:00
20260808,16,児島,9,20260808-16-09,5,3787,天野誠,54,岡山,52.0,B1,3.51,11.94,4.58,26.09,12,41.53,19,37.87,,1,https://www1.mbrace.or.jp/od2/B/202608/b260808.lzh,2026-10-03T18:30:52.065831+09:00
20260808,16,児島,9,20260808-16-09,6,4782,浜崎準也,39,岡山,52.0,B1,4.28,17.11,5.55,33.75,44,39.43,61,30.81,,4,https://www1.mbrace.or.jp/od2/B/202608/b260808.lzh,2026-10-03T18:30:52.065831+09:00
20260808,16,児島,10,20260808-16-10,1,4323,山田佑樹,39,岡山,56.0,B1,5.73,45.26,5.86,47.41,60,44.57,63,31.97,,3,https://www1.mbrace.or.jp/od2/B/202608/b260808.lzh,2026-10-03T18:30:52.065831+09:00
20260808,16,児島,10,20260808-16-10,2,4713,白神優,35,岡山,54.0,A1,6.64,47.06,6.9,51.18,69,35.96,65,34.55,,,https://www1.mbrace.or.jp/od2/B/202608/b260808.lzh,2026-10-03T18:30:52.065831+09:00
20260808,16,児島,10,20260808-16-10,3,4173,岡谷健吾,43,広島,56.0,B1,5.41,35.64,5.45,46.81,36,35.03,18,31.25,,4,https://www1.mbrace.or.jp/od2/B/202608/b260808.lzh,2026-10-03T18:30:52.065831+09:00
20260808,16,児島,10,20260808-16-10,4,5111,三村岳人,26,岡山,51.0,A2,6.0,46.43,5.4,33.06,23,31.52,58,34.76,,,https://www1.mbrace.or.jp/od2/B/202608/b260808.lzh,2026-10-03T18:30:52.065831+09:00
20260808,16,児島,10,20260808-16-10,5,3717,立間充宏,51,岡山,56.0,A2,5.44,29.89,5.08,34.62,37,29.48,36,33.33,,5,https://www1.mbrace.or.jp/od2/B/202608/b260808.lzh,2026-10-03T18:30:52.065831+09:00
20260808,16,児島,10,20260808-16-10,6,5181,森智哉,28,岡山,52.0,B1,5.15,34.33,4.91,31.45,42,29.44,44,31.58,,2,https://www1.mbrace.or.jp/od2/B/202608/b260808.lzh,2026-10-03T18:30:52.065831+09:00
20260808,16,児島,11,20260808-16-11,1,3822,平尾崇典,53,岡山,50.0,A1,6.23,42.31,6.69,49.15,30,36.36,73,31.48,,4,https://www1.mbrace.or.jp/od2/B/202608/b260808.lzh,2026-10-03T18:30:52.065831+09:00
20260808,16,児島,11,20260808-16-11,2,3158,島川光男,61,広島,54.0,A2,6.34,45.65,5.45,37.93,57,36.46,54,40.24,,3,https://www1.mbrace.or.jp/od2/B/202608/b260808.lzh,2026-10-03T18:30:52.065831+09:00
20260808,16,児島,11,20260808-16-11,3,4089,妹尾忠幸,45,岡山,55.0,A2,6.17,41.75,6.45,41.22,53,33.9,59,30.81,,6,https://www1.mbrace.or.jp/od2/B/202608/b260808.lzh,2026-10-03T18:30:52.065831+09:00
20260808,16,児島,11,20260808-16-11,4,3935,岩津徹郎,48,岡山,55.0,B1,5.35,36.59,5.16,29.89,59,27.37,45,36.36,,5,https://www1.mbrace.or.jp/od2/B/202608/b260808.lzh,2026-10-03T18:30:52.065831+09:00
20260808,16,児島,11,20260808-16-11,5,4441,末永由楽,39,岡山,53.0,A2,5.57,31.3,6.37,43.38,62,38.33,38,42.35,,2,https://www1.mbrace.or.jp/od2/B/202608/b260808.lzh,2026-10-03T18:30:52.065831+09:00
20260808,16,児島,11,20260808-16-11,6,4580,長谷川雅,37,岡山,53.0,B1,5.63,39.02,5.7,42.86,56,36.67,56,31.55,,1,https://www1.mbrace.or.jp/od2/B/202608/b260808.lzh,2026-10-03T18:30:52.065831+09:00
20260808,16,児島,12,20260808-16-12,1,4418,茅原悠紀,39,岡山,53.0,A1,7.61,50.85,8.39,76.84,34,31.11,17,35.88,,5,https://www1.mbrace.or.jp/od2/B/202608/b260808.lzh,2026-10-03T18:30:52.065831+09:00
20260808,16,児島,12,20260808-16-12,2,4166,吉田拡郎,44,岡山,53.0,A1,7.91,60.87,7.68,67.19,61,34.08,42,35.37,,3,https://www1.mbrace.or.jp/od2/B/202608/b260808.lzh,2026-10-03T18:30:52.065831+09:00
20260808,16,児島,12,20260808-16-12,3,4370,山口達也,39,岡山,52.0,A1,5.92,40.96,6.53,51.8,20,47.73,68,36.97,,7,https://www1.mbrace.or.jp/od2/B/202608/b260808.lzh,2026-10-03T18:30:52.065831+09:00
20260808,16,児島,12,20260808-16-12,4,4537,渡邉和将,36,岡山,50.0,A1,7.34,54.1,6.62,44.76,49,38.98,14,31.52,,4,https://www1.mbrace.or.jp/od2/B/202608/b260808.lzh,2026-10-03T18:30:52.065831+09:00
20260808,16,児島,12,20260808-16-12,5,4762,藤原啓史,36,岡山,50.0,A1,7.31,54.46,7.54,59.35,35,46.93,30,36.09,,6,https://www1.mbrace.or.jp/od2/B/202608/b260808.lzh,2026-10-03T18:30:52.065831+09:00
20260808,16,児島,12,20260808-16-12,6,5058,前原大道,29,岡山,52.0,A1,6.58,44.53,6.47,46.34,17,37.99,64,37.89,,2,https://www1.mbrace.or.jp/od2/B/202608/b260808.lzh,2026-10-03T18:30:52.065831+09:00
20260808,15,丸亀,1,20260808-15-01,1,4020,川上清人,46,香川,67.0,B1,4.14,24.69,4.4,27.37,36,36.56,29,25.0,46,,https://www1.mbrace.or.jp/od2/B/202608/b260808.lzh,2026-10-03T18:30:52.065831+09:00
20260808,15,丸亀,1,20260808-15-01,2,4878,西岡育未,31,徳島,47.0,B1,4.52,21.84,4.6,20.0,10,29.65,32,15.79,6,10,https://www1.mbrace.or.jp/od2/B/202608/b260808.lzh,2026-10-03T18:30:52.065831+09:00
20260808,15,丸亀,1,20260808-15-01,3,5170,佐藤太亮,25,岡山,51.0,B1,5.21,29.63,4.08,15.38,41,29.27,38,50.0,6,6,https://www1.mbrace.or.jp/od2/B/202608/b260808.lzh,2026-10-03T18:30:52.065831+09:00
20260808,15,丸亀,1,20260808-15-01,4,3773,津留浩一,52,長崎,58.0,B1,3.91,19.23,4.31,7.69,44,27.18,59,26.32,6,7,https://www1.mbrace.or.jp/od2/B/202608/b260808.lzh,2026-10-03T18:30:52.065831+09:00
20260808,15,丸亀,1,20260808-15-01,5,5387,戸田海咲,20,山口,52.0,B2,1.39,0.0,1.22,0.0,59,35.59,16,26.32,6,8,https://www1.mbrace.or.jp/od2/B/202608/b260808.lzh,2026-10-03T18:30:52.065831+09:00
20260808,15,丸亀,1,20260808-15-01,6,3852,澤大介,53,三重,52.0,B1,4.87,25.33,5.0,32.0,19,27.32,45,13.33,3,11,https://www1.mbrace.or.jp/od2/B/202608/b260808.lzh,2026-10-03T18:30:52.065831+09:00
20260808,15,丸亀,2,20260808-15-02,1,4041,小林基樹,47,山口,54.0,B1,4.17,19.77,3.69,18.52,22,31.48,9,30.77,1,12,https://www1.mbrace.or.jp/od2/B/202608/b260808.lzh,2026-10-03T18:30:52.065831+09:00
20260808,15,丸亀,2,20260808-15-02,2,5078,山川波乙,28,三重,46.0,B1,4.61,24.68,3.26,17.39,21,31.9,18,15.38,65,,https://www1.mbrace.or.jp/od2/B/202608/b260808.lzh,2026-10-03T18:30:52.065831+09:00
20260808,15,丸亀,2,20260808-15-02,3,4765,野田部宏,36,福岡,51.0,B1,4.32,17.65,4.46,25.0,60,42.2,22,23.53,1,9,https://www1.mbrace.or.jp/od2/B/202608/b260808.lzh,2026-10-03T18:30:52.065831+09:00
20260808,15,丸亀,2,20260808-15-02,4,5353,草川壮良,21,滋賀,51.0,B1,2.79,10.42,0.0,0.0,4,29.81,39,45.45,6,7,https://www1.mbrace.or.jp/od2/B/202608/b260808.lzh,2026-10-03T18:30:52.065831+09:00
20260808,15,丸亀,2,20260808-15-02,5,5403,藤山湧太,22,徳島,52.0,B2,2.26,3.03,3.67,11.11,66,32.14,64,17.65,65,,https://www1.mbrace.or.jp/od2/B/202608/b260808.lzh,2026-10-03T18:30:52.065831+09:00
20260808,15,丸亀,2,20260808-15-02,6,4886,入海馨,30,岡山,53.0,A2,6.18,34.41,6.44,44.44,1,32.21,43,22.22,41,8,https://www1.mbrace.or.jp/od2/B/202608/b260808.lzh,2026-10-03T18:30:52.065831+09:00
20260808,15,丸亀,3,20260808-15-03,1,4603,谷川将太,38,長崎,53.0,B1,5.84,41.25,4.81,25.0,43,29.41,52,45.0,1,10,https://www1.mbrace.or.jp/od2/B/202608/b260808.lzh,2026-10-03T18:30:52.065831+09:00
20260808,15,丸亀,3,20260808-15-03,2,5261,岡暢祐,28,長崎,51.0,B1,3.93,17.81,3.8,16.0,26,32.38,30,5.0,5,8,https://www1.mbrace.or.jp/od2/B/202608/b260808.lzh,2026-10-03T18:30:52.065831+09:00
20260808,15,丸亀,3,20260808-15-03,3,4703,森永隆,38,山口,52.0,A1,6.7,56.64,0.0,0.0,53,34.51,34,47.62,15,9,https://www1.mbrace.or.jp/od2/B/202608/b260808.lzh,2026-10-03T18:30:52.065831+09:00
20260808,15,丸亀,3,20260808-15-03,4,4015,前野竜一,46,山口,59.0,A2,5.76,33.63,5.02,26.09,32,40.87,62,47.06,55,11,https://www1.mbrace.or.jp/od2/B/202608/b260808.lzh,2026-10-03T18:30:52.065831+09:00
20260808,15,丸亀,3,20260808-15-03,5,3362,間嶋仁志,57,三重,55.0,B1,4.94,29.79,5.43,33.33,25,32.04,44,22.22,11,7,https://www1.mbrace.or.jp/od2/B/202608/b260808.lzh,2026-10-03T18:30:52.065831+09:00
20260808,15,丸亀,3,20260808-15-03,6,5453,久保翔耶,20,香川,52.0,B2,1.95,4.55,2.1,10.0,9,32.69,55,47.62,5,,https://www1.mbrace.or.jp/od2/B/202608/b260808.lzh,2026-10-03T18:30:52.065831+09:00
20260808,15,丸亀,4,20260808-15-04,1,4315,山崎昂介,42,長崎,52.0,B1,5.17,32.26,5.44,33.33,55,35.0,24,55.0,24,,https://www1.mbrace.or.jp/od2/B/202608/b260808.lzh,2026-10-03T18:30:52.065831+09:00
20260808,15,丸亀,4,20260808-15-04,2,4776,竹田和哉,32,香川,52.0,A1,6.94,50.0,6.69,48.65,62,33.18,41,57.14,11,11,https://www1.mbrace.or.jp/od2/B/202608/b260808.lzh,2026-10-03T18:30:52.065831+09:00
20260808,15,丸亀,4,20260808-15-04,3,5310,土屋蘭,21,岡山,47.0,B1,4.42,13.33,2.96,8.0,51,34.51,19,31.25,4,8,https://www1.mbrace.or.jp/od2/B/202608/b260808.lzh,2026-10-03T18:30:52.065831+09:00
20260808,15,丸亀,4,20260808-15-04,4,3872,岡田憲行,50,大阪,53.0,A2,6.38,46.43,6.11,42.11,27,37.75,15,36.84,35,9,https://www1.mbrace.or.jp/od2/B/202608/b260808.lzh,2026-10-03T18:30:52.065831+09:00
20260808,15,丸亀,4,20260808-15-04,5,3885,久田武,52,愛知,53.0,A2,5.3,31.96,5.36,32.14,39,31.1,25,40.74,66,12,https://www1.mbrace.or.jp/od2/B/202608/b260808.lzh,2026-10-03T18:30:52.065831+09:00
20260808,15,丸亀,4,20260808-15-04,6,4479,矢野真梨,38,山口,46.0,B1,3.59,13.56,2.88,0.0,37,32.3,20,31.58,1,10,https://www1.mbrace.or.jp/od2/B/202608/b260808.lzh,2026-10-03T18:30:52.065831+09:00
20260808,15,丸亀,5,20260808-15-05,1,4270,岸本雄貴,44,三重,57.0,B1,4.79,27.63,4.56,22.22,31,29.38,58,28.57,3,9,https://www1.mbrace.or.jp/od2/B/202608/b260808.lzh,2026-10-03T18:30:52.065831+09:00
20260808,15,丸亀,5,20260808-15-05,2,4714,喜多須杏,35,徳島,48.0,B1,4.66,22.08,4.49,16.33,17,28.92,57,27.78,43,,https://www1.mbrace.or.jp/od2/B/202608/b260808.lzh,2026-10-03T18:30:52.065831+09:00
20260808,15,丸亀,5,20260808-15-05,3,4327,加藤翔,43,静岡,52.0,B1,3.95,19.78,2.8,10.0,57,36.44,35,26.32,55,,https://www1.mbrace.or.jp/od2/B/202608/b260808.lzh,2026-10-03T18:30:52.065831+09:00
20260808,15,丸亀,5,20260808-15-05,4,4174,赤坂俊輔,43,長崎,51.0,A1,6.47,42.74,6.12,36.73,20,51.22,56,23.53,26,10,https://www1.mbrace.or.jp/od2/B/202608/b260808.lzh,2026-10-03T18:30:52.065831+09:00
20260808,15,丸亀,5,20260808-15-05,5,3703,鳥飼眞,52,福岡,51.0,A2,6.18,45.92,5.8,40.0,28,35.82,49,33.33,52,11,https://www1.mbrace.or.jp/od2/B/202608/b260808.lzh,2026-10-03T18:30:52.065831+09:00
20260808,15,丸亀,5,20260808-15-05,6,4043,桐本康臣,46,三重,55.0,A2,5.72,39.33,6.54,57.69,54,41.44,61,50.0,31,12,https://www1.mbrace.or.jp/od2/B/202608/b260808.lzh,2026-10-03T18:30:52.065831+09:00
20260808,15,丸亀,6,20260808-15-06,1,4180,上野秀和,43,福岡,56.0,A2,5.24,29.81,4.32,26.32,35,29.63,17,31.58,13,12,https://www1.mbrace.or.jp/od2/B/202608/b260808.lzh,2026-10-03T18:30:52.065831+09:00
20260808,15,丸亀,6,20260808-15-06,2,4298,宮下元胤,43,愛知,54.0,A2,5.99,40.17,6.1,36.67,52,38.53,23,25.0,44,10,https://www1.mbrace.or.jp/od2/B/202608/b260808.lzh,2026-10-03T18:30:52.065831+09:00
20260808,15,丸亀,6,20260808-15-06,3,4757,山田祐也,37,徳島,52.0,A1,6.62,43.97,6.98,48.15,24,39.02,53,31.58,44,11,https://www1.mbrace.or.jp/od2/B/202608/b260808.lzh,2026-10-03T18:30:52.065831+09:00
20260808,15,丸亀,6,20260808-15-06,4,5170,佐藤太亮,25,岡山,51.0,B1,5.21,29.63,4.08,15.38,41,29.27,38,50.0,6,1,https://www1.mbrace.or.jp/od2/B/202608/b260808.lzh,2026-10-03T18:30:52.065831+09:00
20260808,15,丸亀,6,20260808-15-06,5,4730,土屋実沙,37,静岡,47.0,B1,5.01,25.71,3.0,0.0,29,46.12,66,45.0,32,,https://www1.mbrace.or.jp/od2/B/202608/b260808.lzh,2026-10-03T18:30:52.065831+09:00
20260808,15,丸亀,6,20260808-15-06,6,4260,中越博紀,42,香川,53.0,B1,5.49,39.66,5.49,36.51,16,33.66,60,30.0,23,,https://www1.mbrace.or.jp/od2/B/202608/b260808.lzh,2026-10-03T18:30:52.065831+09:00
20260808,15,丸亀,7,20260808-15-07,1,4319,三宅潤,41,大阪,54.0,A2,5.63,33.62,6.26,44.68,46,36.0,65,30.0,54,11,https://www1.mbrace.or.jp/od2/B/202608/b260808.lzh,2026-10-03T18:30:52.065831+09:00
20260808,15,丸亀,7,20260808-15-07,2,3362,間嶋仁志,57,三重,55.0,B1,4.94,29.79,5.43,33.33,25,32.04,44,22.22,11,3,https://www1.mbrace.or.jp/od2/B/202608/b260808.lzh,2026-10-03T18:30:52.065831+09:00
20260808,15,丸亀,7,20260808-15-07,3,5353,草川壮良,21,滋賀,51.0,B1,2.79,10.42,0.0,0.0,4,29.81,39,45.45,6,2,https://www1.mbrace.or.jp/od2/B/202608/b260808.lzh,2026-10-03T18:30:52.065831+09:00
20260808,15,丸亀,7,20260808-15-07,4,4237,大峯豊,42,山口,52.0,A1,7.02,47.92,6.67,50.0,33,28.92,63,11.11,23,12,https://www1.mbrace.or.jp/od2/B/202608/b260808.lzh,2026-10-03T18:30:52.065831+09:00
20260808,15,丸亀,7,20260808-15-07,5,4272,大場広孝,44,福岡,58.0,B1,5.02,29.76,5.46,38.46,40,31.96,54,55.0,42,,https://www1.mbrace.or.jp/od2/B/202608/b260808.lzh,2026-10-03T18:30:52.065831+09:00
20260808,15,丸亀,7,20260808-15-07,6,3773,津留浩一,52,長崎,58.0,B1,3.91,19.23,4.31,7.69,44,27.18,59,26.32,6,1,https://www1.mbrace.or.jp/od2/B/202608/b260808.lzh,2026-10-03T18:30:52.065831+09:00
20260808,15,丸亀,8,20260808-15-08,1,4908,上田龍星,31,大阪,53.0,A1,6.9,43.4,8.3,70.0,7,42.36,14,43.75,22,12,https://www1.mbrace.or.jp/od2/B/202608/b260808.lzh,2026-10-03T18:30:52.065831+09:00
20260808,15,丸亀,8,20260808-15-08,2,3327,野長瀬正,58,静岡,52.0,A2,6.12,41.9,3.73,13.33,45,38.53,40,31.58,33,,https://www1.mbrace.or.jp/od2/B/202608/b260808.lzh,2026-10-03T18:30:52.065831+09:00
20260808,15,丸亀,8,20260808-15-08,3,5261,岡暢祐,28,長崎,51.0,B1,3.93,17.81,3.8,16.0,26,32.38,30,5.0,5,3,https://www1.mbrace.or.jp/od2/B/202608/b260808.lzh,2026-10-03T18:30:52.065831+09:00
20260808,15,丸亀,8,20260808-15-08,4,4886,入海馨,30,岡山,53.0,A2,6.18,34.41,6.44,44.44,1,32.21,43,22.22,41,2,https://www1.mbrace.or.jp/od2/B/202608/b260808.lzh,2026-10-03T18:30:52.065831+09:00
20260808,15,丸亀,8,20260808-15-08,5,5310,土屋蘭,21,岡山,47.0,B1,4.42,13.33,2.96,8.0,51,34.51,19,31.25,4,4,https://www1.mbrace.or.jp/od2/B/202608/b260808.lzh,2026-10-03T18:30:52.065831+09:00
20260808,15,丸亀,8,20260808-15-08,6,5387,戸田海咲,20,山口,52.0,B2,1.39,0.0,1.22,0.0,59,35.59,16,26.32,6,1,https://www1.mbrace.or.jp/od2/B/202608/b260808.lzh,2026-10-03T18:30:52.065831+09:00
20260808,15,丸亀,9,20260808-15-09,1,3968,茶谷信次,50,滋賀,53.0,A2,5.28,29.49,5.23,27.27,48,44.7,51,22.22,36,,https://www1.mbrace.or.jp/od2/B/202608/b260808.lzh,2026-10-03T18:30:52.065831+09:00
20260808,15,丸亀,9,20260808-15-09,2,4703,森永隆,38,山口,52.0,A1,6.7,56.64,0.0,0.0,53,34.51,34,47.62,15,3,https://www1.mbrace.or.jp/od2/B/202608/b260808.lzh,2026-10-03T18:30:52.065831+09:00
20260808,15,丸亀,9,20260808-15-09,3,3872,岡田憲行,50,大阪,53.0,A2,6.38,46.43,6.11,42.11,27,37.75,15,36.84,35,4,https://www1.mbrace.or.jp/od2/B/202608/b260808.lzh,2026-10-03T18:30:52.065831+09:00
20260808,15,丸亀,9,20260808-15-09,4,4270,岸本雄貴,44,三重,57.0,B1,4.79,27.63,4.56,22.22,31,29.38,58,28.57,3,5,https://www1.mbrace.or.jp/od2/B/202608/b260808.lzh,2026-10-03T18:30:52.065831+09:00
20260808,15,丸亀,9,20260808-15-09,5,3401,上田隆章,58,香川,54.0,B1,4.31,23.4,4.72,29.55,6,32.69,50,26.67,22,,https://www1.mbrace.or.jp/od2/B/202608/b260808.lzh,2026-10-03T18:30:52.065831+09:00
20260808,15,丸亀,9,20260808-15-09,6,4765,野田部宏,36,福岡,51.0,B1,4.32,17.65,4.46,25.0,60,42.2,22,23.53,1,2,https://www1.mbrace.or.jp/od2/B/202608/b260808.lzh,2026-10-03T18:30:52.065831+09:00
20260808,15,丸亀,10,20260808-15-10,1,4298,宮下元胤,43,愛知,54.0,A2,5.99,40.17,6.1,36.67,52,38.53,23,25.0,44,6,https://www1.mbrace.or.jp/od2/B/202608/b260808.lzh,2026-10-03T18:30:52.065831+09:00
20260808,15,丸亀,10,20260808-15-10,2,4174,赤坂俊輔,43,長崎,51.0,A1,6.47,42.74,6.12,36.73,20,51.22,56,23.53,26,5,https://www1.mbrace.or.jp/od2/B/202608/b260808.lzh,2026-10-03T18:30:52.065831+09:00
20260808,15,丸亀,10,20260808-15-10,3,4603,谷川将太,38,長崎,53.0,B1,5.84,41.25,4.81,25.0,43,29.41,52,45.0,1,3,https://www1.mbrace.or.jp/od2/B/202608/b260808.lzh,2026-10-03T18:30:52.065831+09:00
20260808,15,丸亀,10,20260808-15-10,4,4479,矢野真梨,38,山口,46.0,B1,3.59,13.56,2.88,0.0,37,32.3,20,31.58,1,4,https://www1.mbrace.or.jp/od2/B/202608/b260808.lzh,2026-10-03T18:30:52.065831+09:00
20260808,15,丸亀,10,20260808-15-10,5,4878,西岡育未,31,徳島,47.0,B1,4.52,21.84,4.6,20.0,10,29.65,32,15.79,6,1,https://www1.mbrace.or.jp/od2/B/202608/b260808.lzh,2026-10-03T18:30:52.065831+09:00
20260808,15,丸亀,10,20260808-15-10,6,4331,三好勇人,42,香川,54.0,A2,6.05,43.24,6.09,38.96,63,23.56,48,20.0,42,,https://www1.mbrace.or.jp/od2/B/202608/b260808.lzh,2026-10-03T18:30:52.065831+09:00
20260808,15,丸亀,11,20260808-15-11,1,4757,山田祐也,37,徳島,52.0,A1,6.62,43.97,6.98,48.15,24,39.02,53,31.58,44,6,https://www1.mbrace.or.jp/od2/B/202608/b260808.lzh,2026-10-03T18:30:52.065831+09:00
20260808,15,丸亀,11,20260808-15-11,2,3703,鳥飼眞,52,福岡,51.0,A2,6.18,45.92,5.8,40.0,28,35.82,49,33.33,52,5,https://www1.mbrace.or.jp/od2/B/202608/b260808.lzh,2026-10-03T18:30:52.065831+09:00
20260808,15,丸亀,11,20260808-15-11,3,4776,竹田和哉,32,香川,52.0,A1,6.94,50.0,6.69,48.65,62,33.18,41,57.14,11,4,https://www1.mbrace.or.jp/od2/B/202608/b260808.lzh,2026-10-03T18:30:52.065831+09:00
20260808,15,丸亀,11,20260808-15-11,4,4319,三宅潤,41,大阪,54.0,A2,5.63,33.62,6.26,44.68,46,36.0,65,30.0,54,7,https://www1.mbrace.or.jp/od2/B/202608/b260808.lzh,2026-10-03T18:30:52.065831+09:00
20260808,15,丸亀,11,20260808-15-11,5,3852,澤大介,53,三重,52.0,B1,4.87,25.33,5.0,32.0,19,27.32,45,13.33,3,1,https://www1.mbrace.or.jp/od2/B/202608/b260808.lzh,2026-10-03T18:30:52.065831+09:00
20260808,15,丸亀,11,20260808-15-11,6,4015,前野竜一,46,山口,59.0,A2,5.76,33.63,5.02,26.09,32,40.87,62,47.06,55,3,https://www1.mbrace.or.jp/od2/B/202608/b260808.lzh,2026-10-03T18:30:52.065831+09:00
20260808,15,丸亀,12,20260808-15-12,1,4237,大峯豊,42,山口,52.0,A1,7.02,47.92,6.67,50.0,33,28.92,63,11.11,23,7,https://www1.mbrace.or.jp/od2/B/202608/b260808.lzh,2026-10-03T18:30:52.065831+09:00
20260808,15,丸亀,12,20260808-15-12,2,4043,桐本康臣,46,三重,55.0,A2,5.72,39.33,6.54,57.69,54,41.44,61,50.0,31,5,https://www1.mbrace.or.jp/od2/B/202608/b260808.lzh,2026-10-03T18:30:52.065831+09:00
20260808,15,丸亀,12,20260808-15-12,3,4908,上田龍星,31,大阪,53.0,A1,6.9,43.4,8.3,70.0,7,42.36,14,43.75,22,8,https://www1.mbrace.or.jp/od2/B/202608/b260808.lzh,2026-10-03T18:30:52.065831+09:00
20260808,15,丸亀,12,20260808-15-12,4,4041,小林基樹,47,山口,54.0,B1,4.17,19.77,3.69,18.52,22,31.48,9,30.77,1,2,https://www1.mbrace.or.jp/od2/B/202608/b260808.lzh,2026-10-03T18:30:52.065831+09:00
20260808,15,丸亀,12,20260808-15-12,5,4180,上野秀和,43,福岡,56.0,A2,5.24,29.81,4.32,26.32,35,29.63,17,31.58,13,6,https://www1.mbrace.or.jp/od2/B/202608/b260808.lzh,2026-10-03T18:30:52.065831+09:00
20260808,15,丸亀,12,20260808-15-12,6,3885,久田武,52,愛知,53.0,A2,5.3,31.96,5.36,32.14,39,31.1,25,40.74,66,4,https://www1.mbrace.or.jp/od2/B/202608/b260808.lzh,2026-10-03T18:30:52.065831+09:00
20260808,14,鳴門,1,20260808-14-01,1,3743,林美憲,51,徳島,52.0,A1,5.29,39.47,6.54,49.03,37,46.3,56,39.29,261 42,11,https://www1.mbrace.or.jp/od2/B/202608/b260808.lzh,2026-10-03T18:30:52.065831+09:00
20260808,14,鳴門,1,20260808-14-01,2,3305,小野信樹,58,岡山,53.0,B1,3.78,16.22,4.65,25.81,83,28.57,50,44.64,4 566,6,https://www1.mbrace.or.jp/od2/B/202608/b260808.lzh,2026-10-03T18:30:52.065831+09:00
20260808,14,鳴門,1,20260808-14-01,3,5154,村松栄太,30,広島,53.0,B1,4.84,27.66,3.67,16.67,71,41.82,55,29.51,5 155,10,https://www1.mbrace.or.jp/od2/B/202608/b260808.lzh,2026-10-03T18:30:52.065831+09:00
20260808,14,鳴門,1,20260808-14-01,4,3584,佐々木英,53,広島,53.0,B1,5.17,36.17,4.69,25.0,70,41.67,31,29.51,4 664,8,https://www1.mbrace.or.jp/od2/B/202608/b260808.lzh,2026-10-03T18:30:52.065831+09:00
20260808,14,鳴門,1,20260808-14-01,5,3477,近藤稔也,55,徳島,52.0,B1,3.52,9.59,4.69,27.03,63,34.33,52,37.1,1 644,9,https://www1.mbrace.or.jp/od2/B/202608/b260808.lzh,2026-10-03T18:30:52.065831+09:00
20260808,14,鳴門,1,20260808-14-01,6,5249,三木晴斗,24,徳島,53.0,B1,5.17,29.33,5.36,33.88,16,35.38,68,27.59,5 2643,,https://www1.mbrace.or.jp/od2/B/202608/b260808.lzh,2026-10-03T18:30:52.065831+09:00
20260808,14,鳴門,2,20260808-14-02,1,4167,片岡秀樹,44,徳島,57.0,B1,4.13,17.33,4.79,26.92,74,31.67,17,38.33,433 6,10,https://www1.mbrace.or.jp/od2/B/202608/b260808.lzh,2026-10-03T18:30:52.065831+09:00
20260808,14,鳴門,2,20260808-14-02,2,3282,池本輝明,59,広島,52.0,B1,4.52,21.88,3.19,12.5,57,45.0,70,38.89,2 453,7,https://www1.mbrace.or.jp/od2/B/202608/b260808.lzh,2026-10-03T18:30:52.065831+09:00
20260808,14,鳴門,2,20260808-14-02,3,3361,岡部浩,57,徳島,52.0,B1,3.97,20.55,4.31,22.22,34,30.3,38,27.59,214 51,,https://www1.mbrace.or.jp/od2/B/202608/b260808.lzh,2026-10-03T18:30:52.065831+09:00
20260808,14,鳴門,2,20260808-14-02,4,5016,宮田龍馬,28,兵庫,54.0,A1,6.62,38.2,6.1,41.94,29,50.0,51,30.77,1 3524,11,https://www1.mbrace.or.jp/od2/B/202608/b260808.lzh,2026-10-03T18:30:52.065831+09:00
20260808,14,鳴門,2,20260808-14-02,5,3853,岩崎正哉,53,福岡,54.0,A2,5.83,34.58,5.38,34.38,62,37.1,72,34.78,26545,8,https://www1.mbrace.or.jp/od2/B/202608/b260808.lzh,2026-10-03T18:30:52.065831+09:00
20260808,14,鳴門,2,20260808-14-02,6,5388,佐野優都,19,徳島,53.0,B1,3.92,17.65,4.25,20.9,65,42.11,28,48.21,456 6,9,https://www1.mbrace.or.jp/od2/B/202608/b260808.lzh,2026-10-03T18:30:52.065831+09:00
20260808,14,鳴門,3,20260808-14-03,1,4028,田村隆信,48,徳島,57.0,A1,5.71,39.8,6.66,49.34,52,38.6,21,37.5,22352,12,https://www1.mbrace.or.jp/od2/B/202608/b260808.lzh,2026-10-03T18:30:52.065831+09:00
20260808,14,鳴門,3,20260808-14-03,2,4672,守屋大地,40,岡山,52.0,B1,4.21,23.96,4.71,25.0,15,57.89,81,31.34,3 2365,,https://www1.mbrace.or.jp/od2/B/202608/b260808.lzh,2026-10-03T18:30:52.065831+09:00
20260808,14,鳴門,3,20260808-14-03,3,3950,石川哲秀,50,大阪,56.0,B1,3.79,21.79,4.34,28.13,55,42.37,69,31.67,5 436,8,https://www1.mbrace.or.jp/od2/B/202608/b260808.lzh,2026-10-03T18:30:52.065831+09:00
20260808,14,鳴門,3,20260808-14-03,4,4704,河野大,38,徳島,52.0,A1,6.6,49.21,6.58,49.32,31,39.34,12,33.85,14152,10,https://www1.mbrace.or.jp/od2/B/202608/b260808.lzh,2026-10-03T18:30:52.065831+09:00
20260808,14,鳴門,3,20260808-14-03,5,3458,東健介,59,岡山,55.0,B1,3.82,14.29,3.94,13.89,80,27.54,26,37.1,615 6,7,https://www1.mbrace.or.jp/od2/B/202608/b260808.lzh,2026-10-03T18:30:52.065831+09:00
20260808,14,鳴門,3,20260808-14-03,6,4636,赤池修平,36,徳島,52.0,B1,3.59,18.84,4.3,25.44,27,36.51,82,30.36,432 15,,https://www1.mbrace.or.jp/od2/B/202608/b260808.lzh,2026-10-03T18:30:52.065831+09:00
20260808,14,鳴門,4,20260808-14-04,1,4812,西野雄貴,36,徳島,51.0,A1,7.43,59.72,7.0,54.39,50,36.84,75,39.34,213133,,https://www1.mbrace.or.jp/od2/B/202608/b260808.lzh,2026-10-03T18:30:52.065831+09:00
20260808,14,鳴門,4,20260808-14-04,2,4708,半田尚也,37,広島,56.0,B1,4.03,17.74,3.73,13.64,33,41.82,60,32.2,3 2155,,https://www1.mbrace.or.jp/od2/B/202608/b260808.lzh,2026-10-03T18:30:52.065831+09:00
20260808,14,鳴門,4,20260808-14-04,3,4055,吉田俊彦,48,兵庫,52.0,A2,6.66,50.0,6.33,52.17,18,28.79,13,32.08,1 2214,9,https://www1.mbrace.or.jp/od2/B/202608/b260808.lzh,2026-10-03T18:30:52.065831+09:00
20260808,14,鳴門,4,20260808-14-04,4,5199,垂水悠,24,徳島,55.0,B1,4.65,27.38,5.08,29.94,14,42.19,54,40.0,531 51,12,https://www1.mbrace.or.jp/od2/B/202608/b260808.lzh,2026-10-03T18:30:52.065831+09:00
20260808,14,鳴門,4,20260808-14-04,5,4564,山本景士,38,広島,52.0,B1,4.58,22.77,4.92,30.77,82,70.59,67,39.66,23442,11,https://www1.mbrace.or.jp/od2/B/202608/b260808.lzh,2026-10-03T18:30:52.065831+09:00
20260808,14,鳴門,4,20260808-14-04,6,5423,高橋嗣穏,24,徳島,50.0,B2,1.22,0.0,1.09,0.0,17,32.31,77,56.25,6 6665,,https://www1.mbrace.or.jp/od2/B/202608/b260808.lzh,2026-10-03T18:30:52.065831+09:00
20260808,14,鳴門,5,20260808-14-05,1,3523,寳田亮治,57,福岡,52.0,B1,4.33,19.4,4.0,14.29,78,36.07,14,34.69,345 5,9,https://www1.mbrace.or.jp/od2/B/202608/b260808.lzh,2026-10-03T18:30:52.065831+09:00
20260808,14,鳴門,5,20260808-14-05,2,3572,安田政彦,54,兵庫,55.0,B1,5.27,31.07,0.0,0.0,24,31.03,18,35.59,664 14,,https://www1.mbrace.or.jp/od2/B/202608/b260808.lzh,2026-10-03T18:30:52.065831+09:00
20260808,14,鳴門,5,20260808-14-05,3,3757,畑和宏,54,広島,52.0,A2,5.53,37.84,5.08,23.08,12,32.26,83,40.0,563 31,10,https://www1.mbrace.or.jp/od2/B/202608/b260808.lzh,2026-10-03T18:30:52.065831+09:00
20260808,14,鳴門,5,20260808-14-05,4,3333,丸尾義孝,58,徳島,52.0,A1,6.38,47.32,6.69,48.72,19,34.92,74,41.18,1 6122,11,https://www1.mbrace.or.jp/od2/B/202608/b260808.lzh,2026-10-03T18:30:52.065831+09:00
20260808,14,鳴門,5,20260808-14-05,5,3841,佐々木和,50,徳島,56.0,A2,6.48,49.59,5.91,41.14,51,35.19,59,39.06,11343,12,https://www1.mbrace.or.jp/od2/B/202608/b260808.lzh,2026-10-03T18:30:52.065831+09:00
20260808,14,鳴門,5,20260808-14-05,6,4865,立具敬司,36,大阪,52.0,B2,3.47,13.33,3.95,20.0,54,37.5,16,48.15,662 31,,https://www1.mbrace.or.jp/od2/B/202608/b260808.lzh,2026-10-03T18:30:52.065831+09:00
20260808,14,鳴門,6,20260808-14-06,1,4247,齊藤優,44,徳島,55.0,B1,5.37,31.71,5.63,33.6,30,42.37,32,34.0,4 362,12,https://www1.mbrace.or.jp/od2/B/202608/b260808.lzh,2026-10-03T18:30:52.065831+09:00
20260808,14,鳴門,6,20260808-14-06,2,4732,堀本和也,37,徳島,54.0,A2,6.91,51.38,6.16,42.18,76,28.07,29,39.62,322 41,11,https://www1.mbrace.or.jp/od2/B/202608/b260808.lzh,2026-10-03T18:30:52.065831+09:00
20260808,14,鳴門,6,20260808-14-06,3,4343,村岡賢,41,広島,54.0,B1,4.83,22.11,4.36,16.67,61,30.51,64,36.23,565 52,,https://www1.mbrace.or.jp/od2/B/202608/b260808.lzh,2026-10-03T18:30:52.065831+09:00
20260808,14,鳴門,6,20260808-14-06,4,4367,山口修路,40,福岡,53.0,B1,4.26,16.67,4.48,21.74,22,29.17,24,33.9,363 42,,https://www1.mbrace.or.jp/od2/B/202608/b260808.lzh,2026-10-03T18:30:52.065831+09:00
20260808,14,鳴門,6,20260808-14-06,5,4383,竹田吉行,41,徳島,52.0,A2,5.59,38.95,5.74,38.3,25,32.35,76,35.09,5 4233,10,https://www1.mbrace.or.jp/od2/B/202608/b260808.lzh,2026-10-03T18:30:52.065831+09:00
20260808,14,鳴門,6,20260808-14-06,6,3305,小野信樹,58,岡山,53.0,B1,3.78,16.22,4.65,25.81,83,28.57,50,44.64,4 566,1,https://www1.mbrace.or.jp/od2/B/202608/b260808.lzh,2026-10-03T18:30:52.065831+09:00
20260808,14,鳴門,7,20260808-14-07,1,5343,小林礼央,23,広島,52.0,B1,3.9,18.99,2.82,9.09,32,30.51,37,39.62,4 614,11,https://www1.mbrace.or.jp/od2/B/202608/b260808.lzh,2026-10-03T18:30:52.065831+09:00
20260808,14,鳴門,7,20260808-14-07,2,4596,葛原大陽,43,徳島,52.0,A2,5.87,36.75,6.32,46.99,79,52.83,78,30.77,442416,,https://www1.mbrace.or.jp/od2/B/202608/b260808.lzh,2026-10-03T18:30:52.065831+09:00
20260808,14,鳴門,7,20260808-14-07,3,4039,村上功祐,47,大阪,57.0,B1,5.55,41.9,4.76,28.0,59,38.89,27,35.42,252 46,,https://www1.mbrace.or.jp/od2/B/202608/b260808.lzh,2026-10-03T18:30:52.065831+09:00
20260808,14,鳴門,7,20260808-14-07,4,3458,東健介,59,岡山,55.0,B1,3.82,14.29,3.94,13.89,80,27.54,26,37.1,615 6,3,https://www1.mbrace.or.jp/od2/B/202608/b260808.lzh,2026-10-03T18:30:52.065831+09:00
20260808,14,鳴門,7,20260808-14-07,5,4063,市橋卓士,46,徳島,53.0,A1,5.68,35.14,6.47,44.74,20,32.79,66,43.64,234 11,12,https://www1.mbrace.or.jp/od2/B/202608/b260808.lzh,2026-10-03T18:30:52.065831+09:00
20260808,14,鳴門,7,20260808-14-07,6,3282,池本輝明,59,広島,52.0,B1,4.52,21.88,3.19,12.5,57,45.0,70,38.89,2 453,2,https://www1.mbrace.or.jp/od2/B/202608/b260808.lzh,2026-10-03T18:30:52.065831+09:00
20260808,14,鳴門,8,20260808-14-08,1,3584,佐々木英,53,広島,53.0,B1,5.17,36.17,4.69,25.0,70,41.67,31,29.51,4 664,1,https://www1.mbrace.or.jp/od2/B/202608/b260808.lzh,2026-10-03T18:30:52.065831+09:00
20260808,14,鳴門,8,20260808-14-08,2,4571,菅章哉,38,徳島,52.0,A1,5.72,35.14,7.21,58.27,58,32.69,53,48.44,151113,,https://www1.mbrace.or.jp/od2/B/202608/b260808.lzh,2026-10-03T18:30:52.065831+09:00
20260808,14,鳴門,8,20260808-14-08,3,3853,岩崎正哉,53,福岡,54.0,A2,5.83,34.58,5.38,34.38,62,37.1,72,34.78,26545,2,https://www1.mbrace.or.jp/od2/B/202608/b260808.lzh,2026-10-03T18:30:52.065831+09:00
20260808,14,鳴門,8,20260808-14-08,4,3950,石川哲秀,50,大阪,56.0,B1,3.79,21.79,4.34,28.13,55,42.37,69,31.67,5 436,3,https://www1.mbrace.or.jp/od2/B/202608/b260808.lzh,2026-10-03T18:30:52.065831+09:00
20260808,14,鳴門,8,20260808-14-08,5,4839,四宮与寛,36,徳島,52.0,A2,6.01,43.22,6.11,46.53,66,35.85,10,43.55,1 1323,12,https://www1.mbrace.or.jp/od2/B/202608/b260808.lzh,2026-10-03T18:30:52.065831+09:00
20260808,14,鳴門,8,20260808-14-08,6,4374,永田義紘,42,広島,52.0,B1,4.58,28.26,6.35,47.06,67,46.0,11,42.25,F 5 5,,https://www1.mbrace.or.jp/od2/B/202608/b260808.lzh,2026-10-03T18:30:52.065831+09:00
20260808,14,鳴門,9,20260808-14-09,1,3304,烏野賢太,58,徳島,52.0,A1,5.56,32.54,5.99,40.12,69,32.79,33,61.02,321366,,https://www1.mbrace.or.jp/od2/B/202608/b260808.lzh,2026-10-03T18:30:52.065831+09:00
20260808,14,鳴門,9,20260808-14-09,2,3477,近藤稔也,55,徳島,52.0,B1,3.52,9.59,4.69,27.03,63,34.33,52,37.1,1 644,1,https://www1.mbrace.or.jp/od2/B/202608/b260808.lzh,2026-10-03T18:30:52.065831+09:00
20260808,14,鳴門,9,20260808-14-09,3,3616,中村真,53,福岡,54.0,B1,4.95,27.03,0.0,0.0,38,36.67,23,34.92,546 46,,https://www1.mbrace.or.jp/od2/B/202608/b260808.lzh,2026-10-03T18:30:52.065831+09:00
20260808,14,鳴門,9,20260808-14-09,4,3523,寳田亮治,57,福岡,52.0,B1,4.33,19.4,4.0,14.29,78,36.07,14,34.69,345 5,5,https://www1.mbrace.or.jp/od2/B/202608/b260808.lzh,2026-10-03T18:30:52.065831+09:00
20260808,14,鳴門,9,20260808-14-09,5,5388,佐野優都,19,徳島,53.0,B1,3.92,17.65,4.25,20.9,65,42.11,28,48.21,456 6,2,https://www1.mbrace.or.jp/od2/B/202608/b260808.lzh,2026-10-03T18:30:52.065831+09:00
20260808,14,鳴門,9,20260808-14-09,6,4055,吉田俊彦,48,兵庫,52.0,A2,6.66,50.0,6.33,52.17,18,28.79,13,32.08,1 2214,4,https://www1.mbrace.or.jp/od2/B/202608/b260808.lzh,2026-10-03T18:30:52.065831+09:00
20260808,14,鳴門,10,20260808-14-10,1,5154,村松栄太,30,広島,53.0,B1,4.84,27.66,3.67,16.67,71,41.82,55,29.51,5 155,1,https://www1.mbrace.or.jp/od2/B/202608/b260808.lzh,2026-10-03T18:30:52.065831+09:00
20260808,14,鳴門,10,20260808-14-10,2,4704,河野大,38,徳島,52.0,A1,6.6,49.21,6.58,49.32,31,39.34,12,33.85,14152,3,https://www1.mbrace.or.jp/od2/B/202608/b260808.lzh,2026-10-03T18:30:52.065831+09:00
20260808,14,鳴門,10,20260808-14-10,3,4383,竹田吉行,41,徳島,52.0,A2,5.59,38.95,5.74,38.3,25,32.35,76,35.09,5 4233,6,https://www1.mbrace.or.jp/od2/B/202608/b260808.lzh,2026-10-03T18:30:52.065831+09:00
20260808,14,鳴門,10,20260808-14-10,4,4000,松本博昭,49,広島,56.0,A2,6.07,43.94,5.56,32.93,77,35.48,19,31.03,355232,,https://www1.mbrace.or.jp/od2/B/202608/b260808.lzh,2026-10-03T18:30:52.065831+09:00
20260808,14,鳴門,10,20260808-14-10,5,4167,片岡秀樹,44,徳島,57.0,B1,4.13,17.33,4.79,26.92,74,31.67,17,38.33,433 6,2,https://www1.mbrace.or.jp/od2/B/202608/b260808.lzh,2026-10-03T18:30:52.065831+09:00
20260808,14,鳴門,10,20260808-14-10,6,3757,畑和宏,54,広島,52.0,A2,5.53,37.84,5.08,23.08,12,32.26,83,40.0,563 31,5,https://www1.mbrace.or.jp/od2/B/202608/b260808.lzh,2026-10-03T18:30:52.065831+09:00
20260808,14,鳴門,11,20260808-14-11,1,3333,丸尾義孝,58,徳島,52.0,A1,6.38,47.32,6.69,48.72,19,34.92,74,41.18,1 6122,5,https://www1.mbrace.or.jp/od2/B/202608/b260808.lzh,2026-10-03T18:30:52.065831+09:00
20260808,14,鳴門,11,20260808-14-11,2,5016,宮田龍馬,28,兵庫,54.0,A1,6.62,38.2,6.1,41.94,29,50.0,51,30.77,1 3524,2,https://www1.mbrace.or.jp/od2/B/202608/b260808.lzh,2026-10-03T18:30:52.065831+09:00
20260808,14,鳴門,11,20260808-14-11,3,4564,山本景士,38,広島,52.0,B1,4.58,22.77,4.92,30.77,82,70.59,67,39.66,23442,4,https://www1.mbrace.or.jp/od2/B/202608/b260808.lzh,2026-10-03T18:30:52.065831+09:00
20260808,14,鳴門,11,20260808-14-11,4,3743,林美憲,51,徳島,52.0,A1,5.29,39.47,6.54,49.03,37,46.3,56,39.29,261 42,1,https://www1.mbrace.or.jp/od2/B/202608/b260808.lzh,2026-10-03T18:30:52.065831+09:00
20260808,14,鳴門,11,20260808-14-11,5,5343,小林礼央,23,広島,52.0,B1,3.9,18.99,2.82,9.09,32,30.51,37,39.62,4 614,7,https://www1.mbrace.or.jp/od2/B/202608/b260808.lzh,2026-10-03T18:30:52.065831+09:00
20260808,14,鳴門,11,20260808-14-11,6,4732,堀本和也,37,徳島,54.0,A2,6.91,51.38,6.16,42.18,76,28.07,29,39.62,322 41,6,https://www1.mbrace.or.jp/od2/B/202608/b260808.lzh,2026-10-03T18:30:52.065831+09:00
20260808,14,鳴門,12,20260808-14-12,1,4063,市橋卓士,46,徳島,53.0,A1,5.68,35.14,6.47,44.74,20,32.79,66,43.64,234 11,7,https://www1.mbrace.or.jp/od2/B/202608/b260808.lzh,2026-10-03T18:30:52.065831+09:00
20260808,14,鳴門,12,20260808-14-12,2,3841,佐々木和,50,徳島,56.0,A2,6.48,49.59,5.91,41.14,51,35.19,59,39.06,11343,5,https://www1.mbrace.or.jp/od2/B/202608/b260808.lzh,2026-10-03T18:30:52.065831+09:00
20260808,14,鳴門,12,20260808-14-12,3,4839,四宮与寛,36,徳島,52.0,A2,6.01,43.22,6.11,46.53,66,35.85,10,43.55,1 1323,8,https://www1.mbrace.or.jp/od2/B/202608/b260808.lzh,2026-10-03T18:30:52.065831+09:00
20260808,14,鳴門,12,20260808-14-12,4,4028,田村隆信,48,徳島,57.0,A1,5.71,39.8,6.66,49.34,52,38.6,21,37.5,22352,3,https://www1.mbrace.or.jp/od2/B/202608/b260808.lzh,2026-10-03T18:30:52.065831+09:00
20260808,14,鳴門,12,20260808-14-12,5,4247,齊藤優,44,徳島,55.0,B1,5.37,31.71,5.63,33.6,30,42.37,32,34.0,4 362,6,https://www1.mbrace.or.jp/od2/B/202608/b260808.lzh,2026-10-03T18:30:52.065831+09:00
20260808,14,鳴門,12,20260808-14-12,6,5199,垂水悠,24,徳島,55.0,B1,4.65,27.38,5.08,29.94,14,42.19,54,40.0,531 51,4,https://www1.mbrace.or.jp/od2/B/202608/b260808.lzh,2026-10-03T18:30:52.065831+09:00
20260808,12,住之江,1,20260808-12-01,1,4651,佐藤大騎,41,大阪,52.0,B1,3.56,9.59,3.27,9.09,21,20.0,15,31.08,5 564 66,,https://www1.mbrace.or.jp/od2/B/202608/b260808.lzh,2026-10-03T18:30:52.065831+09:00
20260808,12,住之江,1,20260808-12-01,2,4231,鈴木裕隆,43,愛知,56.0,B1,5.41,32.76,4.67,25.93,16,32.91,60,28.77,212 544,11,https://www1.mbrace.or.jp/od2/B/202608/b260808.lzh,2026-10-03T18:30:52.065831+09:00
20260808,12,住之江,1,20260808-12-01,3,3538,菊池峰晴,58,群馬,52.0,B2,4.05,14.52,5.67,33.33,63,26.03,36,36.67,5 554 6,6,https://www1.mbrace.or.jp/od2/B/202608/b260808.lzh,2026-10-03T18:30:52.065831+09:00
20260808,12,住之江,1,20260808-12-01,4,4458,抹香雄三,40,広島,54.0,B1,5.3,29.35,2.88,12.5,30,18.18,82,51.52,523 242,9,https://www1.mbrace.or.jp/od2/B/202608/b260808.lzh,2026-10-03T18:30:52.065831+09:00
20260808,12,住之江,1,20260808-12-01,5,5138,村本大成,26,福岡,54.0,B1,3.81,14.06,0.0,0.0,54,41.56,76,36.99,6 636 5,8,https://www1.mbrace.or.jp/od2/B/202608/b260808.lzh,2026-10-03T18:30:52.065831+09:00
20260808,12,住之江,1,20260808-12-01,6,4457,神田達也,40,愛知,52.0,B1,4.55,27.27,5.44,43.75,34,31.17,85,34.78,445 626,,https://www1.mbrace.or.jp/od2/B/202608/b260808.lzh,2026-10-03T18:30:52.065831+09:00
20260808,12,住之江,2,20260808-12-02,1,4411,沢田昭宏,40,大阪,55.0,A2,5.73,38.89,5.12,31.11,39,38.96,70,21.62,4 231 55,12,https://www1.mbrace.or.jp/od2/B/202608/b260808.lzh,2026-10-03T18:30:52.065831+09:00
20260808,12,住之江,2,20260808-12-02,2,4158,木場雄二,45,山口,57.0,B1,4.09,20.99,5.0,37.5,24,48.65,26,35.71,132 365,10,https://www1.mbrace.or.jp/od2/B/202608/b260808.lzh,2026-10-03T18:30:52.065831+09:00
20260808,12,住之江,2,20260808-12-02,3,3790,佐口達也,54,群馬,53.0,B1,4.73,25.25,5.31,38.46,13,27.27,83,34.72,165 465,,https://www1.mbrace.or.jp/od2/B/202608/b260808.lzh,2026-10-03T18:30:52.065831+09:00
20260808,12,住之江,2,20260808-12-02,4,5235,岩田凌,27,大阪,55.0,B2,4.08,12.5,2.28,4.76,32,33.77,53,33.82,5 631 46,,https://www1.mbrace.or.jp/od2/B/202608/b260808.lzh,2026-10-03T18:30:52.065831+09:00
20260808,12,住之江,2,20260808-12-02,5,5244,黒田剛,25,福岡,52.0,B1,4.11,20.27,0.0,0.0,59,27.85,19,19.74,351 546,,https://www1.mbrace.or.jp/od2/B/202608/b260808.lzh,2026-10-03T18:30:52.065831+09:00
20260808,12,住之江,2,20260808-12-02,6,5354,渡邊雄斗,21,三重,51.0,B1,3.94,20.25,1.71,0.0,65,23.46,18,29.69,5 356 46,,https://www1.mbrace.or.jp/od2/B/202608/b260808.lzh,2026-10-03T18:30:52.065831+09:00
20260808,12,住之江,3,20260808-12-03,1,4137,君島秀三,45,滋賀,54.0,A1,6.51,45.9,5.88,34.15,19,36.84,73,34.29,35311 12,9,https://www1.mbrace.or.jp/od2/B/202608/b260808.lzh,2026-10-03T18:30:52.065831+09:00
20260808,12,住之江,3,20260808-12-03,2,3699,富永正人,53,埼玉,53.0,B1,4.09,19.7,5.09,31.82,78,10.14,28,34.78,2 543 13,11,https://www1.mbrace.or.jp/od2/B/202608/b260808.lzh,2026-10-03T18:30:52.065831+09:00
20260808,12,住之江,3,20260808-12-03,3,4120,柘植政浩,45,滋賀,52.0,A2,6.0,43.59,6.16,44.74,82,36.71,29,35.14,421 333,11,https://www1.mbrace.or.jp/od2/B/202608/b260808.lzh,2026-10-03T18:30:52.065831+09:00
20260808,12,住之江,3,20260808-12-03,4,4944,田代達也,35,東京,55.0,B1,3.8,14.67,0.0,0.0,81,21.74,57,33.78,6 15S 15,,https://www1.mbrace.or.jp/od2/B/202608/b260808.lzh,2026-10-03T18:30:52.065831+09:00
20260808,12,住之江,3,20260808-12-03,5,3653,品川賢次,52,群馬,56.0,B2,4.51,20.9,4.38,6.25,83,26.67,78,34.78,5 444 35,,https://www1.mbrace.or.jp/od2/B/202608/b260808.lzh,2026-10-03T18:30:52.065831+09:00
20260808,12,住之江,3,20260808-12-03,6,4890,石川諒,37,山口,52.0,A2,6.04,38.95,5.44,22.22,69,34.25,64,27.16,123 124,10,https://www1.mbrace.or.jp/od2/B/202608/b260808.lzh,2026-10-03T18:30:52.065831+09:00
20260808,12,住之江,4,20260808-12-04,1,4950,高岡竜也,33,山口,52.0,A1,6.55,49.55,7.29,64.29,77,38.46,14,32.89,4 263223,9,https://www1.mbrace.or.jp/od2/B/202608/b260808.lzh,2026-10-03T18:30:52.065831+09:00
20260808,12,住之江,4,20260808-12-04,2,4195,前川守嗣,44,福岡,59.0,B1,5.46,38.46,5.67,44.44,72,31.25,75,40.63,451 434,,https://www1.mbrace.or.jp/od2/B/202608/b260808.lzh,2026-10-03T18:30:52.065831+09:00
20260808,12,住之江,4,20260808-12-04,3,4233,亀山雅幸,43,群馬,53.0,A2,5.96,45.13,6.27,46.67,58,32.89,55,36.49,266 112,9,https://www1.mbrace.or.jp/od2/B/202608/b260808.lzh,2026-10-03T18:30:52.065831+09:00
20260808,12,住之江,4,20260808-12-04,4,4083,福島勇樹,46,東京,53.0,A1,7.43,62.5,4.62,30.77,62,27.5,27,24.0,634 1314,,https://www1.mbrace.or.jp/od2/B/202608/b260808.lzh,2026-10-03T18:30:52.065831+09:00
20260808,12,住之江,4,20260808-12-04,5,4234,野相弘司,42,福岡,60.0,B1,4.79,29.17,5.22,40.74,79,37.18,90,31.08,136 266,12,https://www1.mbrace.or.jp/od2/B/202608/b260808.lzh,2026-10-03T18:30:52.065831+09:00
20260808,12,住之江,4,20260808-12-04,6,4761,山田晃大,36,滋賀,54.0,A2,5.71,33.33,5.71,29.41,27,40.26,51,35.0,1 311 13,10,https://www1.mbrace.or.jp/od2/B/202608/b260808.lzh,2026-10-03T18:30:52.065831+09:00
20260808,12,住之江,5,20260808-12-05,1,3965,北中元樹,47,滋賀,55.0,A1,5.73,41.07,5.84,36.84,74,31.08,16,27.27,1 531 13,10,https://www1.mbrace.or.jp/od2/B/202608/b260808.lzh,2026-10-03T18:30:52.065831+09:00
20260808,12,住之江,5,20260808-12-05,2,5131,江藤敦宏,27,福岡,52.0,B1,4.36,20.69,2.88,12.5,31,24.05,31,41.89,3 664 66,,https://www1.mbrace.or.jp/od2/B/202608/b260808.lzh,2026-10-03T18:30:52.065831+09:00
20260808,12,住之江,5,20260808-12-05,3,4081,樋口範政,47,愛知,55.0,B1,5.24,32.0,4.95,36.84,67,32.89,35,32.39,321 5635,,https://www1.mbrace.or.jp/od2/B/202608/b260808.lzh,2026-10-03T18:30:52.065831+09:00
20260808,12,住之江,5,20260808-12-05,4,5031,渡辺空依,28,福岡,55.0,B1,4.78,27.71,4.73,27.27,84,32.91,72,31.51,115 3332,9,https://www1.mbrace.or.jp/od2/B/202608/b260808.lzh,2026-10-03T18:30:52.065831+09:00
20260808,12,住之江,5,20260808-12-05,5,5186,遠藤圭吾,26,東京,54.0,B1,4.67,28.74,3.59,18.52,68,29.17,50,37.18,6 641 54,,https://www1.mbrace.or.jp/od2/B/202608/b260808.lzh,2026-10-03T18:30:52.065831+09:00
20260808,12,住之江,5,20260808-12-05,6,4883,岡部大輝,30,東京,52.0,A2,6.2,44.68,6.25,46.43,66,26.67,32,33.33,411 221,9,https://www1.mbrace.or.jp/od2/B/202608/b260808.lzh,2026-10-03T18:30:52.065831+09:00
20260808,12,住之江,6,20260808-12-06,1,4796,春園功太,34,三重,54.0,A1,6.31,48.04,7.43,63.33,18,25.64,38,25.64,2 634 21,10,https://www1.mbrace.or.jp/od2/B/202608/b260808.lzh,2026-10-03T18:30:52.065831+09:00
20260808,12,住之江,6,20260808-12-06,2,5301,岩下巧斗,23,群馬,51.0,B1,5.31,32.14,3.53,10.53,60,43.04,69,39.06,342 2636,,https://www1.mbrace.or.jp/od2/B/202608/b260808.lzh,2026-10-03T18:30:52.065831+09:00
20260808,12,住之江,6,20260808-12-06,3,4175,川尻泰輔,43,埼玉,56.0,A2,5.8,45.12,2.38,12.5,23,25.68,74,21.79,5 125 22,10,https://www1.mbrace.or.jp/od2/B/202608/b260808.lzh,2026-10-03T18:30:52.065831+09:00
20260808,12,住之江,6,20260808-12-06,4,3538,菊池峰晴,58,群馬,52.0,B2,4.05,14.52,5.67,33.33,63,26.03,36,36.67,5 554 6,1,https://www1.mbrace.or.jp/od2/B/202608/b260808.lzh,2026-10-03T18:30:52.065831+09:00
20260808,12,住之江,6,20260808-12-06,5,3976,内田圭,49,山口,53.0,B1,3.35,15.66,4.63,29.63,11,44.0,24,39.44,2 42S 2,12,https://www1.mbrace.or.jp/od2/B/202608/b260808.lzh,2026-10-03T18:30:52.065831+09:00
20260808,12,住之江,6,20260808-12-06,6,4350,篠崎元志,40,福岡,53.0,A1,7.91,64.58,6.97,41.94,64,53.42,11,26.67,11142 41,11,https://www1.mbrace.or.jp/od2/B/202608/b260808.lzh,2026-10-03T18:30:52.065831+09:00
20260808,12,住之江,7,20260808-12-07,1,4335,若林将,42,東京,54.0,A1,7.04,54.26,7.11,55.56,71,37.5,65,34.72,342 3242,11,https://www1.mbrace.or.jp/od2/B/202608/b260808.lzh,2026-10-03T18:30:52.065831+09:00
20260808,12,住之江,7,20260808-12-07,2,4644,山田亮太,47,東京,52.0,A1,6.63,47.5,6.6,40.0,50,22.37,77,30.77,4 16355,12,https://www1.mbrace.or.jp/od2/B/202608/b260808.lzh,2026-10-03T18:30:52.065831+09:00
20260808,12,住之江,7,20260808-12-07,3,4203,小倉康典,43,群馬,53.0,B1,4.14,23.08,3.13,4.35,36,12.82,87,38.36,632 655,,https://www1.mbrace.or.jp/od2/B/202608/b260808.lzh,2026-10-03T18:30:52.065831+09:00
20260808,12,住之江,7,20260808-12-07,4,3797,岩井繁,53,広島,61.0,B1,3.64,11.88,2.67,0.0,15,27.63,88,37.88,421 554,,https://www1.mbrace.or.jp/od2/B/202608/b260808.lzh,2026-10-03T18:30:52.065831+09:00
20260808,12,住之江,7,20260808-12-07,5,3392,小森信雄,60,三重,52.0,B1,4.4,16.47,3.75,12.5,76,17.57,39,29.33,655 253,,https://www1.mbrace.or.jp/od2/B/202608/b260808.lzh,2026-10-03T18:30:52.065831+09:00
20260808,12,住之江,7,20260808-12-07,6,4305,金子拓矢,42,群馬,54.0,A1,6.46,44.44,6.91,55.88,28,23.17,22,38.81,222 2131,11,https://www1.mbrace.or.jp/od2/B/202608/b260808.lzh,2026-10-03T18:30:52.065831+09:00
20260808,12,住之江,8,20260808-12-08,1,3412,鈴木博,56,埼玉,53.0,A1,6.73,54.46,6.11,44.44,37,32.43,68,31.08,4 24354,12,https://www1.mbrace.or.jp/od2/B/202608/b260808.lzh,2026-10-03T18:30:52.065831+09:00
20260808,12,住之江,8,20260808-12-08,2,5138,村本大成,26,福岡,54.0,B1,3.81,14.06,0.0,0.0,54,41.56,76,36.99,6 636 5,1,https://www1.mbrace.or.jp/od2/B/202608/b260808.lzh,2026-10-03T18:30:52.065831+09:00
20260808,12,住之江,8,20260808-12-08,3,4348,宮崎奨,40,香川,55.0,A2,5.97,44.64,5.42,33.33,12,26.32,52,27.4,3 455 21,,https://www1.mbrace.or.jp/od2/B/202608/b260808.lzh,2026-10-03T18:30:52.065831+09:00
20260808,12,住之江,8,20260808-12-08,4,5298,水谷理人,24,香川,51.0,A1,7.4,58.43,5.18,28.57,85,35.29,21,34.29,364 4132,,https://www1.mbrace.or.jp/od2/B/202608/b260808.lzh,2026-10-03T18:30:52.065831+09:00
20260808,12,住之江,8,20260808-12-08,5,5143,常盤海心,25,徳島,53.0,B1,4.06,21.3,2.05,0.0,61,39.19,62,31.82,6 346 16,,https://www1.mbrace.or.jp/od2/B/202608/b260808.lzh,2026-10-03T18:30:52.065831+09:00
20260808,12,住之江,8,20260808-12-08,6,4828,松山将吾,31,滋賀,50.0,A1,7.02,53.76,6.16,44.0,14,26.58,23,29.85,5 324 45,12,https://www1.mbrace.or.jp/od2/B/202608/b260808.lzh,2026-10-03T18:30:52.065831+09:00
20260808,12,住之江,9,20260808-12-09,1,4883,岡部大輝,30,東京,52.0,A2,6.2,44.68,6.25,46.43,66,26.67,32,33.33,411 221,5,https://www1.mbrace.or.jp/od2/B/202608/b260808.lzh,2026-10-03T18:30:52.065831+09:00
20260808,12,住之江,9,20260808-12-09,2,4137,君島秀三,45,滋賀,54.0,A1,6.51,45.9,5.88,34.15,19,36.84,73,34.29,35311 12,3,https://www1.mbrace.or.jp/od2/B/202608/b260808.lzh,2026-10-03T18:30:52.065831+09:00
20260808,12,住之江,9,20260808-12-09,3,5031,渡辺空依,28,福岡,55.0,B1,4.78,27.71,4.73,27.27,84,32.91,72,31.51,115 3332,5,https://www1.mbrace.or.jp/od2/B/202608/b260808.lzh,2026-10-03T18:30:52.065831+09:00
20260808,12,住之江,9,20260808-12-09,4,4233,亀山雅幸,43,群馬,53.0,A2,5.96,45.13,6.27,46.67,58,32.89,55,36.49,266 112,4,https://www1.mbrace.or.jp/od2/B/202608/b260808.lzh,2026-10-03T18:30:52.065831+09:00
20260808,12,住之江,9,20260808-12-09,5,4950,高岡竜也,33,山口,52.0,A1,6.55,49.55,7.29,64.29,77,38.46,14,32.89,4 263223,4,https://www1.mbrace.or.jp/od2/B/202608/b260808.lzh,2026-10-03T18:30:52.065831+09:00
20260808,12,住之江,9,20260808-12-09,6,4458,抹香雄三,40,広島,54.0,B1,5.3,29.35,2.88,12.5,30,18.18,82,51.52,523 242,1,https://www1.mbrace.or.jp/od2/B/202608/b260808.lzh,2026-10-03T18:30:52.065831+09:00
20260808,12,住之江,10,20260808-12-10,1,4761,山田晃大,36,滋賀,54.0,A2,5.71,33.33,5.71,29.41,27,40.26,51,35.0,1 311 13,4,https://www1.mbrace.or.jp/od2/B/202608/b260808.lzh,2026-10-03T18:30:52.065831+09:00
20260808,12,住之江,10,20260808-12-10,2,4890,石川諒,37,山口,52.0,A2,6.04,38.95,5.44,22.22,69,34.25,64,27.16,123 124,3,https://www1.mbrace.or.jp/od2/B/202608/b260808.lzh,2026-10-03T18:30:52.065831+09:00
20260808,12,住之江,10,20260808-12-10,3,3965,北中元樹,47,滋賀,55.0,A1,5.73,41.07,5.84,36.84,74,31.08,16,27.27,1 531 13,5,https://www1.mbrace.or.jp/od2/B/202608/b260808.lzh,2026-10-03T18:30:52.065831+09:00
20260808,12,住之江,10,20260808-12-10,4,4175,川尻泰輔,43,埼玉,56.0,A2,5.8,45.12,2.38,12.5,23,25.68,74,21.79,5 125 22,6,https://www1.mbrace.or.jp/od2/B/202608/b260808.lzh,2026-10-03T18:30:52.065831+09:00
20260808,12,住之江,10,20260808-12-10,5,4796,春園功太,34,三重,54.0,A1,6.31,48.04,7.43,63.33,18,25.64,38,25.64,2 634 21,6,https://www1.mbrace.or.jp/od2/B/202608/b260808.lzh,2026-10-03T18:30:52.065831+09:00
20260808,12,住之江,10,20260808-12-10,6,4158,木場雄二,45,山口,57.0,B1,4.09,20.99,5.0,37.5,24,48.65,26,35.71,132 365,2,https://www1.mbrace.or.jp/od2/B/202608/b260808.lzh,2026-10-03T18:30:52.065831+09:00
20260808,12,住之江,11,20260808-12-11,1,4350,篠崎元志,40,福岡,53.0,A1,7.91,64.58,6.97,41.94,64,53.42,11,26.67,11142 41,6,https://www1.mbrace.or.jp/od2/B/202608/b260808.lzh,2026-10-03T18:30:52.065831+09:00
20260808,12,住之江,11,20260808-12-11,2,4305,金子拓矢,42,群馬,54.0,A1,6.46,44.44,6.91,55.88,28,23.17,22,38.81,222 2131,7,https://www1.mbrace.or.jp/od2/B/202608/b260808.lzh,2026-10-03T18:30:52.065831+09:00
20260808,12,住之江,11,20260808-12-11,3,4335,若林将,42,東京,54.0,A1,7.04,54.26,7.11,55.56,71,37.5,65,34.72,342 3242,7,https://www1.mbrace.or.jp/od2/B/202608/b260808.lzh,2026-10-03T18:30:52.065831+09:00
20260808,12,住之江,11,20260808-12-11,4,4120,柘植政浩,45,滋賀,52.0,A2,6.0,43.59,6.16,44.74,82,36.71,29,35.14,421 333,3,https://www1.mbrace.or.jp/od2/B/202608/b260808.lzh,2026-10-03T18:30:52.065831+09:00
20260808,12,住之江,11,20260808-12-11,5,4231,鈴木裕隆,43,愛知,56.0,B1,5.41,32.76,4.67,25.93,16,32.91,60,28.77,212 544,1,https://www1.mbrace.or.jp/od2/B/202608/b260808.lzh,2026-10-03T18:30:52.065831+09:00
20260808,12,住之江,11,20260808-12-11,6,3699,富永正人,53,埼玉,53.0,B1,4.09,19.7,5.09,31.82,78,10.14,28,34.78,2 543 13,3,https://www1.mbrace.or.jp/od2/B/202608/b260808.lzh,2026-10-03T18:30:52.065831+09:00
20260808,12,住之江,12,20260808-12-12,1,4828,松山将吾,31,滋賀,50.0,A1,7.02,53.76,6.16,44.0,14,26.58,23,29.85,5 324 45,8,https://www1.mbrace.or.jp/od2/B/202608/b260808.lzh,2026-10-03T18:30:52.065831+09:00
20260808,12,住之江,12,20260808-12-12,2,3976,内田圭,49,山口,53.0,B1,3.35,15.66,4.63,29.63,11,44.0,24,39.44,2 42S 2,6,https://www1.mbrace.or.jp/od2/B/202608/b260808.lzh,2026-10-03T18:30:52.065831+09:00
20260808,12,住之江,12,20260808-12-12,3,4234,野相弘司,42,福岡,60.0,B1,4.79,29.17,5.22,40.74,79,37.18,90,31.08,136 266,4,https://www1.mbrace.or.jp/od2/B/202608/b260808.lzh,2026-10-03T18:30:52.065831+09:00
20260808,12,住之江,12,20260808-12-12,4,4411,沢田昭宏,40,大阪,55.0,A2,5.73,38.89,5.12,31.11,39,38.96,70,21.62,4 231 55,2,https://www1.mbrace.or.jp/od2/B/202608/b260808.lzh,2026-10-03T18:30:52.065831+09:00
20260808,12,住之江,12,20260808-12-12,5,4644,山田亮太,47,東京,52.0,A1,6.63,47.5,6.6,40.0,50,22.37,77,30.77,4 16355,7,https://www1.mbrace.or.jp/od2/B/202608/b260808.lzh,2026-10-03T18:30:52.065831+09:00
20260808,12,住之江,12,20260808-12-12,6,3412,鈴木博,56,埼玉,53.0,A1,6.73,54.46,6.11,44.44,37,32.43,68,31.08,4 24354,8,https://www1.mbrace.or.jp/od2/B/202608/b260808.lzh,2026-10-03T18:30:52.065831+09:00
20260808,10,三国,1,20260808-10-01,1,4967,中村魁生,28,大阪,51.0,A1,6.71,46.85,6.04,45.83,16,20.43,30,36.17,6 221363,12,https://www1.mbrace.or.jp/od2/B/202608/b260808.lzh,2026-10-03T18:30:52.065831+09:00
20260808,10,三国,1,20260808-10-01,2,5020,宮村勇哉,34,三重,55.0,B1,4.92,30.11,4.07,13.33,28,33.68,49,24.73,355 2 36,6,https://www1.mbrace.or.jp/od2/B/202608/b260808.lzh,2026-10-03T18:30:52.065831+09:00
20260808,10,三国,1,20260808-10-01,3,5091,為本智也,25,福井,52.0,B1,6.3,47.37,6.05,43.17,41,21.28,37,34.48,2 115325,10,https://www1.mbrace.or.jp/od2/B/202608/b260808.lzh,2026-10-03T18:30:52.065831+09:00
20260808,10,三国,1,20260808-10-01,4,5169,堀本翔太,25,愛知,49.0,B2,3.66,12.2,0.0,0.0,22,26.09,57,35.79,6 3 5454,,https://www1.mbrace.or.jp/od2/B/202608/b260808.lzh,2026-10-03T18:30:52.065831+09:00
20260808,10,三国,1,20260808-10-01,5,4905,土井祥伍,31,大阪,54.0,B1,4.52,20.99,4.47,26.32,43,44.21,11,29.17,1 56413,8,https://www1.mbrace.or.jp/od2/B/202608/b260808.lzh,2026-10-03T18:30:52.065831+09:00
20260808,10,三国,1,20260808-10-01,6,3660,長谷川親,57,香川,61.0,B1,3.54,11.39,4.67,33.33,52,40.45,36,26.88,656 1 44,7,https://www1.mbrace.or.jp/od2/B/202608/b260808.lzh,2026-10-03T18:30:52.065831+09:00
20260808,10,三国,2,20260808-10-02,1,5015,高橋竜矢,28,広島,53.0,A1,6.89,55.43,0.0,0.0,17,35.79,56,29.03,3355112,12,https://www1.mbrace.or.jp/od2/B/202608/b260808.lzh,2026-10-03T18:30:52.065831+09:00
20260808,10,三国,2,20260808-10-02,2,3963,原田秀弥,47,大阪,53.0,A2,5.73,36.63,5.85,31.48,42,49.47,72,31.63,114 2434,11,https://www1.mbrace.or.jp/od2/B/202608/b260808.lzh,2026-10-03T18:30:52.065831+09:00
20260808,10,三国,2,20260808-10-02,3,4219,本岡勝利,44,広島,53.0,B1,3.96,11.69,4.67,16.67,32,22.92,62,32.32,2 46326,8,https://www1.mbrace.or.jp/od2/B/202608/b260808.lzh,2026-10-03T18:30:52.065831+09:00
20260808,10,三国,2,20260808-10-02,4,4896,花本剛,34,山口,58.0,B1,3.76,17.57,3.4,5.0,21,29.7,50,33.67,4 522 46,7,https://www1.mbrace.or.jp/od2/B/202608/b260808.lzh,2026-10-03T18:30:52.065831+09:00
20260808,10,三国,2,20260808-10-02,5,4154,森安弘雅,46,香川,54.0,B1,5.23,38.04,4.44,22.22,59,26.53,48,36.36,4 462 26,9,https://www1.mbrace.or.jp/od2/B/202608/b260808.lzh,2026-10-03T18:30:52.065831+09:00
20260808,10,三国,2,20260808-10-02,6,4181,花本夏樹,43,三重,54.0,B1,3.42,8.14,4.93,33.33,47,19.59,13,32.61,634 346,6,https://www1.mbrace.or.jp/od2/B/202608/b260808.lzh,2026-10-03T18:30:52.065831+09:00
20260808,10,三国,3,20260808-10-03,1,5166,仲道大輔,26,愛知,51.0,A2,6.17,40.91,8.67,83.33,50,32.67,32,36.14,14415 32,10,https://www1.mbrace.or.jp/od2/B/202608/b260808.lzh,2026-10-03T18:30:52.065831+09:00
20260808,10,三国,3,20260808-10-03,2,5369,岡崎凪汰,24,長崎,52.0,B1,3.09,12.66,3.63,25.0,36,32.67,39,27.84,562 6 42,7,https://www1.mbrace.or.jp/od2/B/202608/b260808.lzh,2026-10-03T18:30:52.065831+09:00
20260808,10,三国,3,20260808-10-03,3,4977,馬野耀,32,大阪,56.0,A2,6.16,41.11,6.4,45.0,12,34.07,54,29.29,4 221641,12,https://www1.mbrace.or.jp/od2/B/202608/b260808.lzh,2026-10-03T18:30:52.065831+09:00
20260808,10,三国,3,20260808-10-03,4,3889,須藤隆雄,51,群馬,57.0,B1,3.75,20.29,4.18,28.57,37,32.63,19,43.68,2 65565,,https://www1.mbrace.or.jp/od2/B/202608/b260808.lzh,2026-10-03T18:30:52.065831+09:00
20260808,10,三国,3,20260808-10-03,5,4211,村田敦,43,東京,58.0,B1,4.68,29.76,4.29,28.57,55,37.5,23,43.43,5 362 56,,https://www1.mbrace.or.jp/od2/B/202608/b260808.lzh,2026-10-03T18:30:52.065831+09:00
20260808,10,三国,3,20260808-10-03,6,4876,梅木敬太,31,福井,54.0,B1,4.93,28.57,4.68,29.55,60,36.0,26,40.66,225 451,8,https://www1.mbrace.or.jp/od2/B/202608/b260808.lzh,2026-10-03T18:30:52.065831+09:00
20260808,10,三国,4,20260808-10-04,1,4906,鈴木雅希,31,東京,54.0,A2,5.41,35.44,4.91,25.0,53,31.91,70,31.63,1534335,,https://www1.mbrace.or.jp/od2/B/202608/b260808.lzh,2026-10-03T18:30:52.065831+09:00
20260808,10,三国,4,20260808-10-04,2,3745,橋本年光,51,兵庫,53.0,B1,5.37,33.33,6.0,44.23,56,27.45,29,26.37,536 343,8,https://www1.mbrace.or.jp/od2/B/202608/b260808.lzh,2026-10-03T18:30:52.065831+09:00
20260808,10,三国,4,20260808-10-04,3,4226,村田浩司,43,山口,56.0,B1,4.4,22.47,4.16,16.0,67,24.21,59,30.53,415 456,9,https://www1.mbrace.or.jp/od2/B/202608/b260808.lzh,2026-10-03T18:30:52.065831+09:00
20260808,10,三国,4,20260808-10-04,4,3918,深井利寿,51,滋賀,52.0,A1,6.67,45.54,5.08,23.08,11,20.22,66,33.33,3 221433,10,https://www1.mbrace.or.jp/od2/B/202608/b260808.lzh,2026-10-03T18:30:52.065831+09:00
20260808,10,三国,4,20260808-10-04,5,5267,石本裕武,25,大阪,52.0,A1,6.48,48.94,6.16,46.51,30,45.65,58,36.56,164 1115,11,https://www1.mbrace.or.jp/od2/B/202608/b260808.lzh,2026-10-03T18:30:52.065831+09:00
20260808,10,三国,4,20260808-10-04,6,4495,森晋太郎,39,福岡,53.0,B2,5.81,39.62,5.71,42.86,40,34.04,12,45.68,2 122422,10,https://www1.mbrace.or.jp/od2/B/202608/b260808.lzh,2026-10-03T18:30:52.065831+09:00
20260808,10,三国,5,20260808-10-05,1,5350,網代良芽,22,兵庫,53.0,B1,5.15,26.88,2.35,3.85,57,40.86,24,38.38,2 133452,11,https://www1.mbrace.or.jp/od2/B/202608/b260808.lzh,2026-10-03T18:30:52.065831+09:00
20260808,10,三国,5,20260808-10-05,2,5178,成貞琳平,30,愛知,54.0,B1,4.08,17.17,4.5,30.0,26,18.48,16,38.78,663 4 25,9,https://www1.mbrace.or.jp/od2/B/202608/b260808.lzh,2026-10-03T18:30:52.065831+09:00
20260808,10,三国,5,20260808-10-05,3,3834,細川明人,51,岡山,56.0,B1,4.3,28.57,4.83,41.67,51,42.39,46,38.95,563 6 62,,https://www1.mbrace.or.jp/od2/B/202608/b260808.lzh,2026-10-03T18:30:52.065831+09:00
20260808,10,三国,5,20260808-10-05,4,4561,藤山翔大,35,大阪,52.0,A2,5.84,42.27,5.03,33.33,39,31.96,47,32.67,3 461656,,https://www1.mbrace.or.jp/od2/B/202608/b260808.lzh,2026-10-03T18:30:52.065831+09:00
20260808,10,三国,5,20260808-10-05,5,4514,上條嘉嗣,36,大阪,53.0,A1,6.71,56.91,6.41,50.0,27,35.79,38,35.05,41132 33,10,https://www1.mbrace.or.jp/od2/B/202608/b260808.lzh,2026-10-03T18:30:52.065831+09:00
20260808,10,三国,5,20260808-10-05,6,4529,嶋義信,37,香川,54.0,A1,5.33,33.33,6.0,33.33,34,28.87,40,34.04,123 1311,12,https://www1.mbrace.or.jp/od2/B/202608/b260808.lzh,2026-10-03T18:30:52.065831+09:00
20260808,10,三国,6,20260808-10-06,1,4632,長尾京志,37,福岡,52.0,B1,4.65,26.67,3.83,0.0,31,34.04,25,32.99,442 324,10,https://www1.mbrace.or.jp/od2/B/202608/b260808.lzh,2026-10-03T18:30:52.065831+09:00
20260808,10,三国,6,20260808-10-06,2,4181,花本夏樹,43,三重,54.0,B1,3.42,8.14,4.93,33.33,47,19.59,13,32.61,634 346,2,https://www1.mbrace.or.jp/od2/B/202608/b260808.lzh,2026-10-03T18:30:52.065831+09:00
20260808,10,三国,6,20260808-10-06,3,4523,中村辰也,38,長崎,53.0,A2,5.67,37.0,5.42,42.42,61,34.38,28,51.09,4 145644,,https://www1.mbrace.or.jp/od2/B/202608/b260808.lzh,2026-10-03T18:30:52.065831+09:00
20260808,10,三国,6,20260808-10-06,4,4826,井上一輝,32,大阪,52.0,A1,7.06,52.94,7.37,55.56,58,34.65,67,27.06,1451521,12,https://www1.mbrace.or.jp/od2/B/202608/b260808.lzh,2026-10-03T18:30:52.065831+09:00
20260808,10,三国,6,20260808-10-06,5,5020,宮村勇哉,34,三重,55.0,B1,4.92,30.11,4.07,13.33,28,33.68,49,24.73,355 2 36,1,https://www1.mbrace.or.jp/od2/B/202608/b260808.lzh,2026-10-03T18:30:52.065831+09:00
20260808,10,三国,6,20260808-10-06,6,3721,守田俊介,50,滋賀,53.0,A1,6.64,42.98,7.88,60.61,15,31.37,20,25.74,11346 11,11,https://www1.mbrace.or.jp/od2/B/202608/b260808.lzh,2026-10-03T18:30:52.065831+09:00
20260808,10,三国,7,20260808-10-07,1,4469,土山卓也,39,福井,56.0,A2,6.02,41.41,5.86,35.63,38,25.0,65,27.66,25333 14,11,https://www1.mbrace.or.jp/od2/B/202608/b260808.lzh,2026-10-03T18:30:52.065831+09:00
20260808,10,三国,7,20260808-10-07,2,3660,長谷川親,57,香川,61.0,B1,3.54,11.39,4.67,33.33,52,40.45,36,26.88,656 1 44,1,https://www1.mbrace.or.jp/od2/B/202608/b260808.lzh,2026-10-03T18:30:52.065831+09:00
20260808,10,三国,7,20260808-10-07,3,4896,花本剛,34,山口,58.0,B1,3.76,17.57,3.4,5.0,21,29.7,50,33.67,4 522 46,2,https://www1.mbrace.or.jp/od2/B/202608/b260808.lzh,2026-10-03T18:30:52.065831+09:00
20260808,10,三国,7,20260808-10-07,4,4239,竹田辰也,42,山口,53.0,A1,6.5,54.44,6.28,42.5,45,39.18,21,39.33,531 1631,11,https://www1.mbrace.or.jp/od2/B/202608/b260808.lzh,2026-10-03T18:30:52.065831+09:00
20260808,10,三国,7,20260808-10-07,5,4688,永井彪也,33,東京,54.0,A1,7.0,57.41,6.75,46.88,13,36.73,45,18.09,3231252,12,https://www1.mbrace.or.jp/od2/B/202608/b260808.lzh,2026-10-03T18:30:52.065831+09:00
20260808,10,三国,7,20260808-10-07,6,5369,岡崎凪汰,24,長崎,52.0,B1,3.09,12.66,3.63,25.0,36,32.67,39,27.84,562 6 42,3,https://www1.mbrace.or.jp/od2/B/202608/b260808.lzh,2026-10-03T18:30:52.065831+09:00
20260808,10,三国,8,20260808-10-08,1,4876,梅木敬太,31,福井,54.0,B1,4.93,28.57,4.68,29.55,60,36.0,26,40.66,225 451,3,https://www1.mbrace.or.jp/od2/B/202608/b260808.lzh,2026-10-03T18:30:52.065831+09:00
20260808,10,三国,8,20260808-10-08,2,4905,土井祥伍,31,大阪,54.0,B1,4.52,20.99,4.47,26.32,43,44.21,11,29.17,1 56413,1,https://www1.mbrace.or.jp/od2/B/202608/b260808.lzh,2026-10-03T18:30:52.065831+09:00
20260808,10,三国,8,20260808-10-08,3,4557,松尾光広,36,岡山,57.0,B1,4.14,17.65,6.8,60.0,20,43.62,35,38.38,5 456 32,,https://www1.mbrace.or.jp/od2/B/202608/b260808.lzh,2026-10-03T18:30:52.065831+09:00
20260808,10,三国,8,20260808-10-08,4,4219,本岡勝利,44,広島,53.0,B1,3.96,11.69,4.67,16.67,32,22.92,62,32.32,2 46326,2,https://www1.mbrace.or.jp/od2/B/202608/b260808.lzh,2026-10-03T18:30:52.065831+09:00
20260808,10,三国,8,20260808-10-08,5,3745,橋本年光,51,兵庫,53.0,B1,5.37,33.33,6.0,44.23,56,27.45,29,26.37,536 343,4,https://www1.mbrace.or.jp/od2/B/202608/b260808.lzh,2026-10-03T18:30:52.065831+09:00
20260808,10,三国,8,20260808-10-08,6,5425,西山育,24,三重,58.0,B2,1.39,0.0,0.0,0.0,46,41.67,43,29.7,6 6 6565,,https://www1.mbrace.or.jp/od2/B/202608/b260808.lzh,2026-10-03T18:30:52.065831+09:00
20260808,10,三国,9,20260808-10-09,1,4134,杉山貴博,46,東京,55.0,A2,5.44,34.38,6.5,45.0,63,35.11,22,26.32,32125 15,,https://www1.mbrace.or.jp/od2/B/202608/b260808.lzh,2026-10-03T18:30:52.065831+09:00
20260808,10,三国,9,20260808-10-09,2,4154,森安弘雅,46,香川,54.0,B1,5.23,38.04,4.44,22.22,59,26.53,48,36.36,4 462 26,2,https://www1.mbrace.or.jp/od2/B/202608/b260808.lzh,2026-10-03T18:30:52.065831+09:00
20260808,10,三国,9,20260808-10-09,3,5006,久保原秀,29,群馬,56.0,B1,3.05,10.47,4.11,24.32,29,28.71,41,18.84,366 6 65,,https://www1.mbrace.or.jp/od2/B/202608/b260808.lzh,2026-10-03T18:30:52.065831+09:00
20260808,10,三国,9,20260808-10-09,4,4991,宗行治哉,29,広島,51.0,A1,6.98,47.13,5.17,27.78,70,32.26,34,36.08,35254 14,,https://www1.mbrace.or.jp/od2/B/202608/b260808.lzh,2026-10-03T18:30:52.065831+09:00
20260808,10,三国,9,20260808-10-09,5,4226,村田浩司,43,山口,56.0,B1,4.4,22.47,4.16,16.0,67,24.21,59,30.53,415 456,4,https://www1.mbrace.or.jp/od2/B/202608/b260808.lzh,2026-10-03T18:30:52.065831+09:00
20260808,10,三国,9,20260808-10-09,6,5178,成貞琳平,30,愛知,54.0,B1,4.08,17.17,4.5,30.0,26,18.48,16,38.78,663 4 25,5,https://www1.mbrace.or.jp/od2/B/202608/b260808.lzh,2026-10-03T18:30:52.065831+09:00
20260808,10,三国,10,20260808-10-10,1,4495,森晋太郎,39,福岡,53.0,B2,5.81,39.62,5.71,42.86,40,34.04,12,45.68,2 122422,4,https://www1.mbrace.or.jp/od2/B/202608/b260808.lzh,2026-10-03T18:30:52.065831+09:00
20260808,10,三国,10,20260808-10-10,2,4514,上條嘉嗣,36,大阪,53.0,A1,6.71,56.91,6.41,50.0,27,35.79,38,35.05,41132 33,5,https://www1.mbrace.or.jp/od2/B/202608/b260808.lzh,2026-10-03T18:30:52.065831+09:00
20260808,10,三国,10,20260808-10-10,3,3918,深井利寿,51,滋賀,52.0,A1,6.67,45.54,5.08,23.08,11,20.22,66,33.33,3 221433,4,https://www1.mbrace.or.jp/od2/B/202608/b260808.lzh,2026-10-03T18:30:52.065831+09:00
20260808,10,三国,10,20260808-10-10,4,5091,為本智也,25,福井,52.0,B1,6.3,47.37,6.05,43.17,41,21.28,37,34.48,2 115325,1,https://www1.mbrace.or.jp/od2/B/202608/b260808.lzh,2026-10-03T18:30:52.065831+09:00
20260808,10,三国,10,20260808-10-10,5,5166,仲道大輔,26,愛知,51.0,A2,6.17,40.91,8.67,83.33,50,32.67,32,36.14,14415 32,3,https://www1.mbrace.or.jp/od2/B/202608/b260808.lzh,2026-10-03T18:30:52.065831+09:00
20260808,10,三国,10,20260808-10-10,6,4632,長尾京志,37,福岡,52.0,B1,4.65,26.67,3.83,0.0,31,34.04,25,32.99,442 324,6,https://www1.mbrace.or.jp/od2/B/202608/b260808.lzh,2026-10-03T18:30:52.065831+09:00
20260808,10,三国,11,20260808-10-11,1,3721,守田俊介,50,滋賀,53.0,A1,6.64,42.98,7.88,60.61,15,31.37,20,25.74,11346 11,6,https://www1.mbrace.or.jp/od2/B/202608/b260808.lzh,2026-10-03T18:30:52.065831+09:00
20260808,10,三国,11,20260808-10-11,2,5267,石本裕武,25,大阪,52.0,A1,6.48,48.94,6.16,46.51,30,45.65,58,36.56,164 1115,4,https://www1.mbrace.or.jp/od2/B/202608/b260808.lzh,2026-10-03T18:30:52.065831+09:00
20260808,10,三国,11,20260808-10-11,3,4239,竹田辰也,42,山口,53.0,A1,6.5,54.44,6.28,42.5,45,39.18,21,39.33,531 1631,7,https://www1.mbrace.or.jp/od2/B/202608/b260808.lzh,2026-10-03T18:30:52.065831+09:00
20260808,10,三国,11,20260808-10-11,4,3963,原田秀弥,47,大阪,53.0,A2,5.73,36.63,5.85,31.48,42,49.47,72,31.63,114 2434,2,https://www1.mbrace.or.jp/od2/B/202608/b260808.lzh,2026-10-03T18:30:52.065831+09:00
20260808,10,三国,11,20260808-10-11,5,5350,網代良芽,22,兵庫,53.0,B1,5.15,26.88,2.35,3.85,57,40.86,24,38.38,2 133452,5,https://www1.mbrace.or.jp/od2/B/202608/b260808.lzh,2026-10-03T18:30:52.065831+09:00
20260808,10,三国,11,20260808-10-11,6,4469,土山卓也,39,福井,56.0,A2,6.02,41.41,5.86,35.63,38,25.0,65,27.66,25333 14,7,https://www1.mbrace.or.jp/od2/B/202608/b260808.lzh,2026-10-03T18:30:52.065831+09:00
20260808,10,三国,12,20260808-10-12,1,4529,嶋義信,37,香川,54.0,A1,5.33,33.33,6.0,33.33,34,28.87,40,34.04,123 1311,5,https://www1.mbrace.or.jp/od2/B/202608/b260808.lzh,2026-10-03T18:30:52.065831+09:00
20260808,10,三国,12,20260808-10-12,2,4688,永井彪也,33,東京,54.0,A1,7.0,57.41,6.75,46.88,13,36.73,45,18.09,3231252,7,https://www1.mbrace.or.jp/od2/B/202608/b260808.lzh,2026-10-03T18:30:52.065831+09:00
20260808,10,三国,12,20260808-10-12,3,4826,井上一輝,32,大阪,52.0,A1,7.06,52.94,7.37,55.56,58,34.65,67,27.06,1451521,6,https://www1.mbrace.or.jp/od2/B/202608/b260808.lzh,2026-10-03T18:30:52.065831+09:00
20260808,10,三国,12,20260808-10-12,4,4977,馬野耀,32,大阪,56.0,A2,6.16,41.11,6.4,45.0,12,34.07,54,29.29,4 221641,3,https://www1.mbrace.or.jp/od2/B/202608/b260808.lzh,2026-10-03T18:30:52.065831+09:00
20260808,10,三国,12,20260808-10-12,5,5015,高橋竜矢,28,広島,53.0,A1,6.89,55.43,0.0,0.0,17,35.79,56,29.03,3355112,2,https://www1.mbrace.or.jp/od2/B/202608/b260808.lzh,2026-10-03T18:30:52.065831+09:00
20260808,10,三国,12,20260808-10-12,6,4967,中村魁生,28,大阪,51.0,A1,6.71,46.85,6.04,45.83,16,20.43,30,36.17,6 221363,1,https://www1.mbrace.or.jp/od2/B/202608/b260808.lzh,2026-10-03T18:30:52.065831+09:00
20260808,09,津,1,20260808-09-01,1,4656,大崎翔,39,兵庫,55.0,A2,4.78,28.57,6.66,59.38,46,33.58,51,27.45,5 264,11,https://www1.mbrace.or.jp/od2/B/202608/b260808.lzh,2026-10-03T18:30:52.065831+09:00
20260808,09,津,1,20260808-09-01,2,3814,金子貴志,50,福井,50.0,B1,5.12,28.42,4.25,21.88,35,36.59,55,26.79,363 42,,https://www1.mbrace.or.jp/od2/B/202608/b260808.lzh,2026-10-03T18:30:52.065831+09:00
20260808,09,津,1,20260808-09-01,3,4693,松下誉士,42,福岡,53.0,B1,4.07,20.83,4.67,5.56,19,19.12,40,35.14,5 363,8,https://www1.mbrace.or.jp/od2/B/202608/b260808.lzh,2026-10-03T18:30:52.065831+09:00
20260808,09,津,1,20260808-09-01,4,4220,深川和仁,44,香川,55.0,B1,4.89,32.97,5.83,45.83,38,38.26,69,33.87,5 443,6,https://www1.mbrace.or.jp/od2/B/202608/b260808.lzh,2026-10-03T18:30:52.065831+09:00
20260808,09,津,1,20260808-09-01,5,5259,野田昇吾,33,埼玉,56.0,B2,3.07,8.82,2.86,0.0,54,27.27,68,26.04,3 2 35,,https://www1.mbrace.or.jp/od2/B/202608/b260808.lzh,2026-10-03T18:30:52.065831+09:00
20260808,09,津,1,20260808-09-01,6,5183,中野孝二,27,三重,55.0,B1,4.9,30.38,5.17,30.91,23,31.62,54,22.94,155 2,9,https://www1.mbrace.or.jp/od2/B/202608/b260808.lzh,2026-10-03T18:30:52.065831+09:00
20260808,09,津,2,20260808-09-02,1,5033,藤原孝斗,28,愛知,56.0,B1,4.27,25.68,3.97,18.92,39,43.65,13,32.5,245 45,,https://www1.mbrace.or.jp/od2/B/202608/b260808.lzh,2026-10-03T18:30:52.065831+09:00
20260808,09,津,2,20260808-09-02,2,4803,飯田庄吾,32,福岡,57.0,B1,3.86,20.63,2.75,0.0,62,30.77,53,26.0,6 465,7,https://www1.mbrace.or.jp/od2/B/202608/b260808.lzh,2026-10-03T18:30:52.065831+09:00
20260808,09,津,2,20260808-09-02,3,3948,大町利克,50,大阪,53.0,B1,3.72,13.89,3.81,18.75,30,29.77,62,32.35,4 356,8,https://www1.mbrace.or.jp/od2/B/202608/b260808.lzh,2026-10-03T18:30:52.065831+09:00
20260808,09,津,2,20260808-09-02,4,5209,小野京平,28,福岡,56.0,B1,3.65,12.9,3.82,9.09,60,31.9,20,32.06,6 362,9,https://www1.mbrace.or.jp/od2/B/202608/b260808.lzh,2026-10-03T18:30:52.065831+09:00
20260808,09,津,2,20260808-09-02,5,3543,福田雅一,57,香川,55.0,B1,5.02,35.42,4.5,16.67,49,44.35,56,42.15,533 44,,https://www1.mbrace.or.jp/od2/B/202608/b260808.lzh,2026-10-03T18:30:52.065831+09:00
20260808,09,津,2,20260808-09-02,6,5430,鳥本智史,22,三重,51.0,B2,1.29,2.38,1.91,6.06,11,28.57,66,33.04,6 666,6,https://www1.mbrace.or.jp/od2/B/202608/b260808.lzh,2026-10-03T18:30:52.065831+09:00
20260808,09,津,3,20260808-09-03,1,4429,豊田泰洋,40,広島,60.0,B1,3.4,12.0,3.88,12.5,32,38.83,67,34.96,665 2,10,https://www1.mbrace.or.jp/od2/B/202608/b260808.lzh,2026-10-03T18:30:52.065831+09:00
20260808,09,津,3,20260808-09-03,2,5038,金田智博,28,福井,51.0,A2,6.36,49.14,0.0,0.0,40,43.9,64,25.47,14241,8,https://www1.mbrace.or.jp/od2/B/202608/b260808.lzh,2026-10-03T18:30:52.065831+09:00
20260808,09,津,3,20260808-09-03,3,4649,和田操拓,42,滋賀,52.0,B1,5.63,43.52,5.11,31.43,21,40.34,38,34.38,321 35,7,https://www1.mbrace.or.jp/od2/B/202608/b260808.lzh,2026-10-03T18:30:52.065831+09:00
20260808,09,津,3,20260808-09-03,4,4505,島田賢人,38,埼玉,56.0,A1,6.64,48.28,5.62,23.53,70,31.16,31,39.05,141 63,9,https://www1.mbrace.or.jp/od2/B/202608/b260808.lzh,2026-10-03T18:30:52.065831+09:00
20260808,09,津,3,20260808-09-03,5,3620,信濃由行,52,福井,54.0,B1,3.41,12.86,4.19,30.77,59,32.12,58,25.23,456 46,,https://www1.mbrace.or.jp/od2/B/202608/b260808.lzh,2026-10-03T18:30:52.065831+09:00
20260808,09,津,3,20260808-09-03,6,4623,中北将史,41,三重,53.0,B1,4.75,30.0,4.93,27.5,13,34.55,71,23.17,4 232,11,https://www1.mbrace.or.jp/od2/B/202608/b260808.lzh,2026-10-03T18:30:52.065831+09:00
20260808,09,津,4,20260808-09-04,1,3212,亀本勇樹,64,広島,59.0,B1,4.54,23.46,5.78,38.89,27,34.88,70,34.31,4 544,8,https://www1.mbrace.or.jp/od2/B/202608/b260808.lzh,2026-10-03T18:30:52.065831+09:00
20260808,09,津,4,20260808-09-04,2,4952,吉武真也,32,福岡,53.0,B1,4.47,22.35,0.0,0.0,65,26.17,35,22.92,656 53,,https://www1.mbrace.or.jp/od2/B/202608/b260808.lzh,2026-10-03T18:30:52.065831+09:00
20260808,09,津,4,20260808-09-04,3,4401,小林泰,41,東京,54.0,A2,5.49,40.0,4.69,18.75,31,39.52,14,23.4,232 13,9,https://www1.mbrace.or.jp/od2/B/202608/b260808.lzh,2026-10-03T18:30:52.065831+09:00
20260808,09,津,4,20260808-09-04,4,5257,西丸侑太,22,香川,52.0,A1,6.38,43.85,6.63,48.15,12,20.0,16,40.77,16116,12,https://www1.mbrace.or.jp/od2/B/202608/b260808.lzh,2026-10-03T18:30:52.065831+09:00
20260808,09,津,4,20260808-09-04,5,4794,和田拓也,36,兵庫,55.0,A1,6.65,51.35,7.21,64.29,68,35.21,25,33.59,1 6214,10,https://www1.mbrace.or.jp/od2/B/202608/b260808.lzh,2026-10-03T18:30:52.065831+09:00
20260808,09,津,4,20260808-09-04,6,4339,平瀬城啓,42,福井,54.0,B1,3.54,10.53,4.04,15.38,44,47.22,46,45.45,1 4432,,https://www1.mbrace.or.jp/od2/B/202608/b260808.lzh,2026-10-03T18:30:52.065831+09:00
20260808,09,津,5,20260808-09-05,1,4398,船岡洋一,39,広島,52.0,A1,6.61,51.49,7.4,52.0,61,29.92,11,36.92,45114,10,https://www1.mbrace.or.jp/od2/B/202608/b260808.lzh,2026-10-03T18:30:52.065831+09:00
20260808,09,津,5,20260808-09-05,2,4864,小川日紀,36,福岡,53.0,B1,4.65,24.39,0.0,0.0,37,39.85,57,38.57,651 65,,https://www1.mbrace.or.jp/od2/B/202608/b260808.lzh,2026-10-03T18:30:52.065831+09:00
20260808,09,津,5,20260808-09-05,3,4258,関根彰人,42,埼玉,52.0,B1,4.89,33.73,4.65,20.0,71,28.0,18,40.0,2 561,11,https://www1.mbrace.or.jp/od2/B/202608/b260808.lzh,2026-10-03T18:30:52.065831+09:00
20260808,09,津,5,20260808-09-05,4,5424,熊倉幹太,24,東京,54.0,B2,1.38,0.0,0.5,0.0,66,27.97,28,38.98,665 66,,https://www1.mbrace.or.jp/od2/B/202608/b260808.lzh,2026-10-03T18:30:52.065831+09:00
20260808,09,津,5,20260808-09-05,5,3635,石田政吾,55,福井,51.0,B1,4.48,25.61,5.53,29.41,50,34.56,73,32.58,2 3314,12,https://www1.mbrace.or.jp/od2/B/202608/b260808.lzh,2026-10-03T18:30:52.065831+09:00
20260808,09,津,5,20260808-09-05,6,3692,竹腰正樹,55,福井,54.0,B1,4.92,26.8,5.13,40.0,26,27.88,50,28.97,2 2322,9,https://www1.mbrace.or.jp/od2/B/202608/b260808.lzh,2026-10-03T18:30:52.065831+09:00
20260808,09,津,6,20260808-09-06,1,4220,深川和仁,44,香川,55.0,B1,4.89,32.97,5.83,45.83,38,38.26,69,33.87,5 443,1,https://www1.mbrace.or.jp/od2/B/202608/b260808.lzh,2026-10-03T18:30:52.065831+09:00
20260808,09,津,6,20260808-09-06,2,4466,南佑典,39,三重,52.0,A2,5.63,37.78,5.64,36.21,15,36.61,48,27.03,422 11,10,https://www1.mbrace.or.jp/od2/B/202608/b260808.lzh,2026-10-03T18:30:52.065831+09:00
20260808,09,津,6,20260808-09-06,3,4643,近江翔吾,33,香川,52.0,A2,6.87,53.01,0.0,0.0,17,23.33,27,25.24,2 1551,12,https://www1.mbrace.or.jp/od2/B/202608/b260808.lzh,2026-10-03T18:30:52.065831+09:00
20260808,09,津,6,20260808-09-06,4,3516,吉原聖人,58,広島,52.0,B1,4.74,36.36,2.63,7.41,24,38.74,36,31.31,514 36,,https://www1.mbrace.or.jp/od2/B/202608/b260808.lzh,2026-10-03T18:30:52.065831+09:00
20260808,09,津,6,20260808-09-06,5,5430,鳥本智史,22,三重,51.0,B2,1.29,2.38,1.91,6.06,11,28.57,66,33.04,6 666,2,https://www1.mbrace.or.jp/od2/B/202608/b260808.lzh,2026-10-03T18:30:52.065831+09:00
20260808,09,津,6,20260808-09-06,6,4953,尾上雅也,31,埼玉,54.0,A1,6.68,51.75,7.5,64.29,14,26.45,23,31.07,1 1213,11,https://www1.mbrace.or.jp/od2/B/202608/b260808.lzh,2026-10-03T18:30:52.065831+09:00
20260808,09,津,7,20260808-09-07,1,5101,表健太,29,福岡,54.0,B1,3.14,5.08,0.0,0.0,57,23.6,24,34.29,335 54,,https://www1.mbrace.or.jp/od2/B/202608/b260808.lzh,2026-10-03T18:30:52.065831+09:00
20260808,09,津,7,20260808-09-07,2,5136,濱野斗馬,26,香川,55.0,A1,6.09,43.48,6.33,55.56,63,29.79,74,35.54,312463,,https://www1.mbrace.or.jp/od2/B/202608/b260808.lzh,2026-10-03T18:30:52.065831+09:00
20260808,09,津,7,20260808-09-07,3,4803,飯田庄吾,32,福岡,57.0,B1,3.86,20.63,2.75,0.0,62,30.77,53,26.0,6 465,2,https://www1.mbrace.or.jp/od2/B/202608/b260808.lzh,2026-10-03T18:30:52.065831+09:00
20260808,09,津,7,20260808-09-07,4,4649,和田操拓,42,滋賀,52.0,B1,5.63,43.52,5.11,31.43,21,40.34,38,34.38,321 35,3,https://www1.mbrace.or.jp/od2/B/202608/b260808.lzh,2026-10-03T18:30:52.065831+09:00
20260808,09,津,7,20260808-09-07,5,4391,松田祐季,40,福井,51.0,A1,6.71,50.0,7.0,50.0,58,37.3,34,39.82,511 11,11,https://www1.mbrace.or.jp/od2/B/202608/b260808.lzh,2026-10-03T18:30:52.065831+09:00
20260808,09,津,7,20260808-09-07,6,4163,山崎裕司,44,広島,52.0,A2,5.61,38.32,5.15,27.5,29,29.09,37,32.06,6 621,12,https://www1.mbrace.or.jp/od2/B/202608/b260808.lzh,2026-10-03T18:30:52.065831+09:00
20260808,09,津,8,20260808-09-08,1,3948,大町利克,50,大阪,53.0,B1,3.72,13.89,3.81,18.75,30,29.77,62,32.35,4 356,2,https://www1.mbrace.or.jp/od2/B/202608/b260808.lzh,2026-10-03T18:30:52.065831+09:00
20260808,09,津,8,20260808-09-08,2,3747,國崎良春,51,福岡,51.0,A2,5.54,36.47,4.9,25.0,41,43.31,21,33.59,343 56,,https://www1.mbrace.or.jp/od2/B/202608/b260808.lzh,2026-10-03T18:30:52.065831+09:00
20260808,09,津,8,20260808-09-08,3,5038,金田智博,28,福井,51.0,A2,6.36,49.14,0.0,0.0,40,43.9,64,25.47,14241,3,https://www1.mbrace.or.jp/od2/B/202608/b260808.lzh,2026-10-03T18:30:52.065831+09:00
20260808,09,津,8,20260808-09-08,4,3212,亀本勇樹,64,広島,59.0,B1,4.54,23.46,5.78,38.89,27,34.88,70,34.31,4 544,4,https://www1.mbrace.or.jp/od2/B/202608/b260808.lzh,2026-10-03T18:30:52.065831+09:00
20260808,09,津,8,20260808-09-08,5,4926,吉川貴仁,33,三重,52.0,A1,7.29,58.24,7.25,63.04,48,32.82,26,37.29,22412,12,https://www1.mbrace.or.jp/od2/B/202608/b260808.lzh,2026-10-03T18:30:52.065831+09:00
20260808,09,津,8,20260808-09-08,6,4693,松下誉士,42,福岡,53.0,B1,4.07,20.83,4.67,5.56,19,19.12,40,35.14,5 363,1,https://www1.mbrace.or.jp/od2/B/202608/b260808.lzh,2026-10-03T18:30:52.065831+09:00
20260808,09,津,9,20260808-09-09,1,4401,小林泰,41,東京,54.0,A2,5.49,40.0,4.69,18.75,31,39.52,14,23.4,232 13,4,https://www1.mbrace.or.jp/od2/B/202608/b260808.lzh,2026-10-03T18:30:52.065831+09:00
20260808,09,津,9,20260808-09-09,2,4505,島田賢人,38,埼玉,56.0,A1,6.64,48.28,5.62,23.53,70,31.16,31,39.05,141 63,3,https://www1.mbrace.or.jp/od2/B/202608/b260808.lzh,2026-10-03T18:30:52.065831+09:00
20260808,09,津,9,20260808-09-09,3,5183,中野孝二,27,三重,55.0,B1,4.9,30.38,5.17,30.91,23,31.62,54,22.94,155 2,1,https://www1.mbrace.or.jp/od2/B/202608/b260808.lzh,2026-10-03T18:30:52.065831+09:00
20260808,09,津,9,20260808-09-09,4,3692,竹腰正樹,55,福井,54.0,B1,4.92,26.8,5.13,40.0,26,27.88,50,28.97,2 2322,5,https://www1.mbrace.or.jp/od2/B/202608/b260808.lzh,2026-10-03T18:30:52.065831+09:00
20260808,09,津,9,20260808-09-09,5,5209,小野京平,28,福岡,56.0,B1,3.65,12.9,3.82,9.09,60,31.9,20,32.06,6 362,2,https://www1.mbrace.or.jp/od2/B/202608/b260808.lzh,2026-10-03T18:30:52.065831+09:00
20260808,09,津,9,20260808-09-09,6,4797,中山将,34,三重,55.0,A1,6.63,51.16,5.81,42.06,73,36.22,41,19.81,133F2,,https://www1.mbrace.or.jp/od2/B/202608/b260808.lzh,2026-10-03T18:30:52.065831+09:00
20260808,09,津,10,20260808-09-10,1,3505,山田竜一,55,東京,54.0,A2,5.27,31.46,5.07,33.33,51,42.62,12,29.84,445 25,,https://www1.mbrace.or.jp/od2/B/202608/b260808.lzh,2026-10-03T18:30:52.065831+09:00
20260808,09,津,10,20260808-09-10,2,4794,和田拓也,36,兵庫,55.0,A1,6.65,51.35,7.21,64.29,68,35.21,25,33.59,1 6214,4,https://www1.mbrace.or.jp/od2/B/202608/b260808.lzh,2026-10-03T18:30:52.065831+09:00
20260808,09,津,10,20260808-09-10,3,4398,船岡洋一,39,広島,52.0,A1,6.61,51.49,7.4,52.0,61,29.92,11,36.92,45114,5,https://www1.mbrace.or.jp/od2/B/202608/b260808.lzh,2026-10-03T18:30:52.065831+09:00
20260808,09,津,10,20260808-09-10,4,3568,木村光宏,55,香川,55.0,B1,3.95,20.69,4.17,33.33,69,19.77,29,37.8,531 34,,https://www1.mbrace.or.jp/od2/B/202608/b260808.lzh,2026-10-03T18:30:52.065831+09:00
20260808,09,津,10,20260808-09-10,5,4429,豊田泰洋,40,広島,60.0,B1,3.4,12.0,3.88,12.5,32,38.83,67,34.96,665 2,3,https://www1.mbrace.or.jp/od2/B/202608/b260808.lzh,2026-10-03T18:30:52.065831+09:00
20260808,09,津,10,20260808-09-10,6,4466,南佑典,39,三重,52.0,A2,5.63,37.78,5.64,36.21,15,36.61,48,27.03,422 11,6,https://www1.mbrace.or.jp/od2/B/202608/b260808.lzh,2026-10-03T18:30:52.065831+09:00
20260808,09,津,11,20260808-09-11,1,4391,松田祐季,40,福井,51.0,A1,6.71,50.0,7.0,50.0,58,37.3,34,39.82,511 11,7,https://www1.mbrace.or.jp/od2/B/202608/b260808.lzh,2026-10-03T18:30:52.065831+09:00
20260808,09,津,11,20260808-09-11,2,4953,尾上雅也,31,埼玉,54.0,A1,6.68,51.75,7.5,64.29,14,26.45,23,31.07,1 1213,6,https://www1.mbrace.or.jp/od2/B/202608/b260808.lzh,2026-10-03T18:30:52.065831+09:00
20260808,09,津,11,20260808-09-11,3,4623,中北将史,41,三重,53.0,B1,4.75,30.0,4.93,27.5,13,34.55,71,23.17,4 232,3,https://www1.mbrace.or.jp/od2/B/202608/b260808.lzh,2026-10-03T18:30:52.065831+09:00
20260808,09,津,11,20260808-09-11,4,4146,柳橋宏紀,44,滋賀,53.0,A2,5.24,28.09,4.25,18.87,20,31.53,17,34.13,1 4526,,https://www1.mbrace.or.jp/od2/B/202608/b260808.lzh,2026-10-03T18:30:52.065831+09:00
20260808,09,津,11,20260808-09-11,5,4656,大崎翔,39,兵庫,55.0,A2,4.78,28.57,6.66,59.38,46,33.58,51,27.45,5 264,1,https://www1.mbrace.or.jp/od2/B/202608/b260808.lzh,2026-10-03T18:30:52.065831+09:00
20260808,09,津,11,20260808-09-11,6,4258,関根彰人,42,埼玉,52.0,B1,4.89,33.73,4.65,20.0,71,28.0,18,40.0,2 561,5,https://www1.mbrace.or.jp/od2/B/202608/b260808.lzh,2026-10-03T18:30:52.065831+09:00
20260808,09,津,12,20260808-09-12,1,5257,西丸侑太,22,香川,52.0,A1,6.38,43.85,6.63,48.15,12,20.0,16,40.77,16116,4,https://www1.mbrace.or.jp/od2/B/202608/b260808.lzh,2026-10-03T18:30:52.065831+09:00
20260808,09,津,12,20260808-09-12,2,4926,吉川貴仁,33,三重,52.0,A1,7.29,58.24,7.25,63.04,48,32.82,26,37.29,22412,8,https://www1.mbrace.or.jp/od2/B/202608/b260808.lzh,2026-10-03T18:30:52.065831+09:00
20260808,09,津,12,20260808-09-12,3,4099,吉永則雄,47,大阪,53.0,A2,5.64,37.37,6.4,50.0,36,41.82,63,33.33,22235,,https://www1.mbrace.or.jp/od2/B/202608/b260808.lzh,2026-10-03T18:30:52.065831+09:00
20260808,09,津,12,20260808-09-12,4,3635,石田政吾,55,福井,51.0,B1,4.48,25.61,5.53,29.41,50,34.56,73,32.58,2 3314,5,https://www1.mbrace.or.jp/od2/B/202608/b260808.lzh,2026-10-03T18:30:52.065831+09:00
20260808,09,津,12,20260808-09-12,5,4163,山崎裕司,44,広島,52.0,A2,5.61,38.32,5.15,27.5,29,29.09,37,32.06,6 621,7,https://www1.mbrace.or.jp/od2/B/202608/b260808.lzh,2026-10-03T18:30:52.065831+09:00
20260808,09,津,12,20260808-09-12,6,4643,近江翔吾,33,香川,52.0,A2,6.87,53.01,0.0,0.0,17,23.33,27,25.24,2 1551,6,https://www1.mbrace.or.jp/od2/B/202608/b260808.lzh,2026-10-03T18:30:52.065831+09:00
20260808,05,多摩川,1,20260808-05-01,1,3681,山谷央,53,東京,51.0,B1,4.56,25.0,4.99,28.38,55,41.67,85,43.06,,11,https://www1.mbrace.or.jp/od2/B/202608/b260808.lzh,2026-10-03T18:30:52.065831+09:00
20260808,05,多摩川,1,20260808-05-01,2,4904,松本一毅,31,大阪,52.0,B1,5.07,31.58,5.14,27.59,73,18.57,45,34.21,,8,https://www1.mbrace.or.jp/od2/B/202608/b260808.lzh,2026-10-03T18:30:52.065831+09:00
20260808,05,多摩川,1,20260808-05-01,3,5075,中島秀治,30,滋賀,53.0,A2,6.07,34.51,6.14,46.43,56,35.06,46,32.89,,10,https://www1.mbrace.or.jp/od2/B/202608/b260808.lzh,2026-10-03T18:30:52.065831+09:00
20260808,05,多摩川,1,20260808-05-01,4,3583,齋藤智裕,53,埼玉,58.0,B1,3.51,11.69,3.18,9.09,71,36.71,69,47.95,,6,https://www1.mbrace.or.jp/od2/B/202608/b260808.lzh,2026-10-03T18:30:52.065831+09:00
20260808,05,多摩川,1,20260808-05-01,5,3484,芝田浩治,54,兵庫,53.0,A2,5.58,40.82,8.41,76.47,66,34.33,30,38.89,,7,https://www1.mbrace.or.jp/od2/B/202608/b260808.lzh,2026-10-03T18:30:52.065831+09:00
20260808,05,多摩川,1,20260808-05-01,6,4943,八木治樹,35,愛知,55.0,B1,4.34,18.92,4.84,25.86,29,23.46,36,36.84,,9,https://www1.mbrace.or.jp/od2/B/202608/b260808.lzh,2026-10-03T18:30:52.065831+09:00
20260808,05,多摩川,2,20260808-05-02,1,3838,伊藤啓三,51,埼玉,52.0,B1,5.55,34.12,6.26,42.86,63,36.25,81,26.32,,11,https://www1.mbrace.or.jp/od2/B/202608/b260808.lzh,2026-10-03T18:30:52.065831+09:00
20260808,05,多摩川,2,20260808-05-02,2,4261,岡祐臣,42,三重,54.0,A2,6.36,45.95,6.62,55.56,34,31.88,56,37.5,,8,https://www1.mbrace.or.jp/od2/B/202608/b260808.lzh,2026-10-03T18:30:52.065831+09:00
20260808,05,多摩川,2,20260808-05-02,3,3981,今坂晃広,48,静岡,54.0,B1,3.87,19.09,4.0,17.5,70,34.67,61,35.06,,7,https://www1.mbrace.or.jp/od2/B/202608/b260808.lzh,2026-10-03T18:30:52.065831+09:00
20260808,05,多摩川,2,20260808-05-02,4,4449,中嶋達也,39,兵庫,52.0,B1,4.43,26.25,4.62,26.92,35,19.4,80,33.82,,9,https://www1.mbrace.or.jp/od2/B/202608/b260808.lzh,2026-10-03T18:30:52.065831+09:00
20260808,05,多摩川,2,20260808-05-02,5,4677,片橋幸貴,38,滋賀,54.0,A1,6.21,49.45,6.2,40.0,68,26.76,67,25.68,,12,https://www1.mbrace.or.jp/od2/B/202608/b260808.lzh,2026-10-03T18:30:52.065831+09:00
20260808,05,多摩川,2,20260808-05-02,6,3550,都築正治,55,愛知,54.0,B1,5.76,42.62,5.47,35.29,24,22.37,34,22.08,,10,https://www1.mbrace.or.jp/od2/B/202608/b260808.lzh,2026-10-03T18:30:52.065831+09:00
20260808,05,多摩川,3,20260808-05-03,1,4414,大澤真菜,39,東京,45.0,B1,3.91,23.08,3.95,26.19,13,28.75,82,30.67,,9,https://www1.mbrace.or.jp/od2/B/202608/b260808.lzh,2026-10-03T18:30:52.065831+09:00
20260808,05,多摩川,3,20260808-05-03,2,5322,根岸真優,24,埼玉,44.0,B1,3.11,10.71,1.22,0.0,22,21.79,60,32.89,,,https://www1.mbrace.or.jp/od2/B/202608/b260808.lzh,2026-10-03T18:30:52.065831+09:00
20260808,05,多摩川,3,20260808-05-03,3,4569,中澤宏奈,38,東京,48.0,B1,4.94,33.03,5.57,41.46,44,29.17,21,32.47,,10,https://www1.mbrace.or.jp/od2/B/202608/b260808.lzh,2026-10-03T18:30:52.065831+09:00
20260808,05,多摩川,3,20260808-05-03,4,5361,植竹玲奈,19,東京,49.0,B1,2.84,6.45,1.74,1.85,60,28.38,47,44.44,,,https://www1.mbrace.or.jp/od2/B/202608/b260808.lzh,2026-10-03T18:30:52.065831+09:00
20260808,05,多摩川,3,20260808-05-03,5,5204,宇恵有香,29,三重,46.0,B2,4.4,18.18,0.0,0.0,20,37.5,78,30.36,,,https://www1.mbrace.or.jp/od2/B/202608/b260808.lzh,2026-10-03T18:30:52.065831+09:00
20260808,05,多摩川,3,20260808-05-03,6,5314,中曽瑠華,25,東京,51.0,B1,3.11,11.11,2.52,11.59,33,21.95,33,35.14,,8,https://www1.mbrace.or.jp/od2/B/202608/b260808.lzh,2026-10-03T18:30:52.065831+09:00
20260808,05,多摩川,4,20260808-05-04,1,5157,市川健太,28,滋賀,55.0,B1,4.01,26.19,4.35,20.0,64,31.88,77,43.24,,,https://www1.mbrace.or.jp/od2/B/202608/b260808.lzh,2026-10-03T18:30:52.065831+09:00
20260808,05,多摩川,4,20260808-05-04,2,3905,天野友和,48,愛知,54.0,A2,6.15,47.12,6.06,48.0,47,32.39,23,32.47,,11,https://www1.mbrace.or.jp/od2/B/202608/b260808.lzh,2026-10-03T18:30:52.065831+09:00
20260808,05,多摩川,4,20260808-05-04,3,3800,牧宏次,52,東京,52.0,A2,5.83,35.71,5.4,35.09,41,28.36,70,26.32,,9,https://www1.mbrace.or.jp/od2/B/202608/b260808.lzh,2026-10-03T18:30:52.065831+09:00
20260808,05,多摩川,4,20260808-05-04,4,4129,宇野博之,46,愛知,56.0,B1,3.76,15.0,4.18,11.76,40,31.75,75,33.33,,,https://www1.mbrace.or.jp/od2/B/202608/b260808.lzh,2026-10-03T18:30:52.065831+09:00
20260808,05,多摩川,4,20260808-05-04,5,5293,眞崎武蔵,24,静岡,52.0,B1,3.63,17.46,1.5,2.5,30,32.35,54,29.87,,10,https://www1.mbrace.or.jp/od2/B/202608/b260808.lzh,2026-10-03T18:30:52.065831+09:00
20260808,05,多摩川,4,20260808-05-04,6,3557,太田和美,53,大阪,55.0,A1,6.6,50.0,7.0,44.83,51,36.99,42,32.88,,12,https://www1.mbrace.or.jp/od2/B/202608/b260808.lzh,2026-10-03T18:30:52.065831+09:00
20260808,05,多摩川,5,20260808-05-05,1,4750,井上尚悟,39,大阪,52.0,B1,5.21,34.44,4.47,21.88,50,35.0,41,23.38,,11,https://www1.mbrace.or.jp/od2/B/202608/b260808.lzh,2026-10-03T18:30:52.065831+09:00
20260808,05,多摩川,5,20260808-05-05,2,5266,石田勇斗,26,愛知,53.0,B1,4.54,21.84,2.75,8.33,38,22.67,32,38.46,,,https://www1.mbrace.or.jp/od2/B/202608/b260808.lzh,2026-10-03T18:30:52.065831+09:00
20260808,05,多摩川,5,20260808-05-05,3,4700,金子和之,39,埼玉,53.0,A2,5.7,38.61,5.75,35.29,15,14.49,63,17.14,,9,https://www1.mbrace.or.jp/od2/B/202608/b260808.lzh,2026-10-03T18:30:52.065831+09:00
20260808,05,多摩川,5,20260808-05-05,4,5331,佐藤永梧,22,東京,54.0,B1,5.21,40.3,4.05,27.27,42,36.62,25,33.85,,,https://www1.mbrace.or.jp/od2/B/202608/b260808.lzh,2026-10-03T18:30:52.065831+09:00
20260808,05,多摩川,5,20260808-05-05,5,4262,馬場貴也,42,滋賀,55.0,A1,7.72,48.7,7.24,52.38,62,25.64,29,43.28,,12,https://www1.mbrace.or.jp/od2/B/202608/b260808.lzh,2026-10-03T18:30:52.065831+09:00
20260808,05,多摩川,5,20260808-05-05,6,3251,平石和男,60,埼玉,50.0,A2,5.82,38.33,6.31,43.75,58,33.33,58,21.21,,10,https://www1.mbrace.or.jp/od2/B/202608/b260808.lzh,2026-10-03T18:30:52.065831+09:00
20260808,05,多摩川,6,20260808-05-06,1,4161,黒柳浩孝,44,愛知,56.0,B1,5.29,32.76,4.7,26.09,11,33.33,84,20.51,,,https://www1.mbrace.or.jp/od2/B/202608/b260808.lzh,2026-10-03T18:30:52.065831+09:00
20260808,05,多摩川,6,20260808-05-06,2,4579,中嶋健一,37,三重,53.0,A2,6.03,37.89,5.86,38.89,18,34.72,27,34.62,,10,https://www1.mbrace.or.jp/od2/B/202608/b260808.lzh,2026-10-03T18:30:52.065831+09:00
20260808,05,多摩川,6,20260808-05-06,3,5017,澤田尚也,27,滋賀,52.0,A1,6.72,51.75,6.64,48.0,49,37.04,53,42.11,,11,https://www1.mbrace.or.jp/od2/B/202608/b260808.lzh,2026-10-03T18:30:52.065831+09:00
20260808,05,多摩川,6,20260808-05-06,4,3391,鈴木茂正,61,東京,53.0,B2,2.17,0.0,0.0,0.0,48,22.86,73,30.14,,,https://www1.mbrace.or.jp/od2/B/202608/b260808.lzh,2026-10-03T18:30:52.065831+09:00
20260808,05,多摩川,6,20260808-05-06,5,3583,齋藤智裕,53,埼玉,58.0,B1,3.51,11.69,3.18,9.09,71,36.71,69,47.95,,1,https://www1.mbrace.or.jp/od2/B/202608/b260808.lzh,2026-10-03T18:30:52.065831+09:00
20260808,05,多摩川,6,20260808-05-06,6,4357,田中和也,42,大阪,52.0,A1,6.63,53.98,6.31,50.0,72,30.77,38,35.59,,12,https://www1.mbrace.or.jp/od2/B/202608/b260808.lzh,2026-10-03T18:30:52.065831+09:00
20260808,05,多摩川,7,20260808-05-07,1,3484,芝田浩治,54,兵庫,53.0,A2,5.58,40.82,8.41,76.47,66,34.33,30,38.89,,1,https://www1.mbrace.or.jp/od2/B/202608/b260808.lzh,2026-10-03T18:30:52.065831+09:00
20260808,05,多摩川,7,20260808-05-07,2,3896,上田洋平,50,滋賀,52.0,B1,4.95,24.68,5.11,10.53,36,35.14,83,37.84,,,https://www1.mbrace.or.jp/od2/B/202608/b260808.lzh,2026-10-03T18:30:52.065831+09:00
20260808,05,多摩川,7,20260808-05-07,3,4169,多田有佑,44,東京,54.0,B1,4.14,20.25,5.02,30.23,69,33.85,50,41.1,,,https://www1.mbrace.or.jp/od2/B/202608/b260808.lzh,2026-10-03T18:30:52.065831+09:00
20260808,05,多摩川,7,20260808-05-07,4,3981,今坂晃広,48,静岡,54.0,B1,3.87,19.09,4.0,17.5,70,34.67,61,35.06,,2,https://www1.mbrace.or.jp/od2/B/202608/b260808.lzh,2026-10-03T18:30:52.065831+09:00
20260808,05,多摩川,7,20260808-05-07,5,5315,浅井翼,25,埼玉,51.0,B2,2.34,10.29,1.61,0.0,21,31.43,39,24.32,,,https://www1.mbrace.or.jp/od2/B/202608/b260808.lzh,2026-10-03T18:30:52.065831+09:00
20260808,05,多摩川,7,20260808-05-07,6,4024,井口佳典,48,三重,52.0,A1,6.65,45.65,6.94,31.25,74,34.57,52,40.28,,12,https://www1.mbrace.or.jp/od2/B/202608/b260808.lzh,2026-10-03T18:30:52.065831+09:00
20260808,05,多摩川,8,20260808-05-08,1,4261,岡祐臣,42,三重,54.0,A2,6.36,45.95,6.62,55.56,34,31.88,56,37.5,,2,https://www1.mbrace.or.jp/od2/B/202608/b260808.lzh,2026-10-03T18:30:52.065831+09:00
20260808,05,多摩川,8,20260808-05-08,2,3867,松浦勝,51,愛知,58.0,B1,3.07,10.53,4.61,30.43,16,28.05,51,36.0,,,https://www1.mbrace.or.jp/od2/B/202608/b260808.lzh,2026-10-03T18:30:52.065831+09:00
20260808,05,多摩川,8,20260808-05-08,3,4856,豊田健士,30,三重,53.0,A1,7.16,52.07,7.0,57.58,61,35.14,55,30.77,,12,https://www1.mbrace.or.jp/od2/B/202608/b260808.lzh,2026-10-03T18:30:52.065831+09:00
20260808,05,多摩川,8,20260808-05-08,4,5314,中曽瑠華,25,東京,51.0,B1,3.11,11.11,2.52,11.59,33,21.95,33,35.14,,3,https://www1.mbrace.or.jp/od2/B/202608/b260808.lzh,2026-10-03T18:30:52.065831+09:00
20260808,05,多摩川,8,20260808-05-08,5,3591,後藤孝義,58,静岡,52.0,B1,3.1,8.96,2.54,0.0,12,33.33,72,36.49,,,https://www1.mbrace.or.jp/od2/B/202608/b260808.lzh,2026-10-03T18:30:52.065831+09:00
20260808,05,多摩川,8,20260808-05-08,6,4904,松本一毅,31,大阪,52.0,B1,5.07,31.58,5.14,27.59,73,18.57,45,34.21,,1,https://www1.mbrace.or.jp/od2/B/202608/b260808.lzh,2026-10-03T18:30:52.065831+09:00
20260808,05,多摩川,9,20260808-05-09,1,4700,金子和之,39,埼玉,53.0,A2,5.7,38.61,5.75,35.29,15,14.49,63,17.14,,5,https://www1.mbrace.or.jp/od2/B/202608/b260808.lzh,2026-10-03T18:30:52.065831+09:00
20260808,05,多摩川,9,20260808-05-09,2,4414,大澤真菜,39,東京,45.0,B1,3.91,23.08,3.95,26.19,13,28.75,82,30.67,,3,https://www1.mbrace.or.jp/od2/B/202608/b260808.lzh,2026-10-03T18:30:52.065831+09:00
20260808,05,多摩川,9,20260808-05-09,3,3769,佐竹恒彦,52,滋賀,53.0,A2,5.72,38.67,4.5,12.5,52,37.5,24,33.33,,,https://www1.mbrace.or.jp/od2/B/202608/b260808.lzh,2026-10-03T18:30:52.065831+09:00
20260808,05,多摩川,9,20260808-05-09,4,4943,八木治樹,35,愛知,55.0,B1,4.34,18.92,4.84,25.86,29,23.46,36,36.84,,1,https://www1.mbrace.or.jp/od2/B/202608/b260808.lzh,2026-10-03T18:30:52.065831+09:00
20260808,05,多摩川,9,20260808-05-09,5,3800,牧宏次,52,東京,52.0,A2,5.83,35.71,5.4,35.09,41,28.36,70,26.32,,4,https://www1.mbrace.or.jp/od2/B/202608/b260808.lzh,2026-10-03T18:30:52.065831+09:00
20260808,05,多摩川,9,20260808-05-09,6,4449,中嶋達也,39,兵庫,52.0,B1,4.43,26.25,4.62,26.92,35,19.4,80,33.82,,2,https://www1.mbrace.or.jp/od2/B/202608/b260808.lzh,2026-10-03T18:30:52.065831+09:00
20260808,05,多摩川,10,20260808-05-10,1,4579,中嶋健一,37,三重,53.0,A2,6.03,37.89,5.86,38.89,18,34.72,27,34.62,,6,https://www1.mbrace.or.jp/od2/B/202608/b260808.lzh,2026-10-03T18:30:52.065831+09:00
20260808,05,多摩川,10,20260808-05-10,2,3550,都築正治,55,愛知,54.0,B1,5.76,42.62,5.47,35.29,24,22.37,34,22.08,,2,https://www1.mbrace.or.jp/od2/B/202608/b260808.lzh,2026-10-03T18:30:52.065831+09:00
20260808,05,多摩川,10,20260808-05-10,3,3251,平石和男,60,埼玉,50.0,A2,5.82,38.33,6.31,43.75,58,33.33,58,21.21,,5,https://www1.mbrace.or.jp/od2/B/202608/b260808.lzh,2026-10-03T18:30:52.065831+09:00
20260808,05,多摩川,10,20260808-05-10,4,5293,眞崎武蔵,24,静岡,52.0,B1,3.63,17.46,1.5,2.5,30,32.35,54,29.87,,4,https://www1.mbrace.or.jp/od2/B/202608/b260808.lzh,2026-10-03T18:30:52.065831+09:00
20260808,05,多摩川,10,20260808-05-10,5,4569,中澤宏奈,38,東京,48.0,B1,4.94,33.03,5.57,41.46,44,29.17,21,32.47,,3,https://www1.mbrace.or.jp/od2/B/202608/b260808.lzh,2026-10-03T18:30:52.065831+09:00
20260808,05,多摩川,10,20260808-05-10,6,5075,中島秀治,30,滋賀,53.0,A2,6.07,34.51,6.14,46.43,56,35.06,46,32.89,,1,https://www1.mbrace.or.jp/od2/B/202608/b260808.lzh,2026-10-03T18:30:52.065831+09:00
20260808,05,多摩川,11,20260808-05-11,1,5017,澤田尚也,27,滋賀,52.0,A1,6.72,51.75,6.64,48.0,49,37.04,53,42.11,,6,https://www1.mbrace.or.jp/od2/B/202608/b260808.lzh,2026-10-03T18:30:52.065831+09:00
20260808,05,多摩川,11,20260808-05-11,2,3681,山谷央,53,東京,51.0,B1,4.56,25.0,4.99,28.38,55,41.67,85,43.06,,1,https://www1.mbrace.or.jp/od2/B/202608/b260808.lzh,2026-10-03T18:30:52.065831+09:00
20260808,05,多摩川,11,20260808-05-11,3,4012,中村有裕,46,滋賀,57.0,A2,6.1,43.75,5.66,37.5,59,27.27,66,51.39,,,https://www1.mbrace.or.jp/od2/B/202608/b260808.lzh,2026-10-03T18:30:52.065831+09:00
20260808,05,多摩川,11,20260808-05-11,4,3838,伊藤啓三,51,埼玉,52.0,B1,5.55,34.12,6.26,42.86,63,36.25,81,26.32,,2,https://www1.mbrace.or.jp/od2/B/202608/b260808.lzh,2026-10-03T18:30:52.065831+09:00
20260808,05,多摩川,11,20260808-05-11,5,4750,井上尚悟,39,大阪,52.0,B1,5.21,34.44,4.47,21.88,50,35.0,41,23.38,,5,https://www1.mbrace.or.jp/od2/B/202608/b260808.lzh,2026-10-03T18:30:52.065831+09:00
20260808,05,多摩川,11,20260808-05-11,6,3905,天野友和,48,愛知,54.0,A2,6.15,47.12,6.06,48.0,47,32.39,23,32.47,,4,https://www1.mbrace.or.jp/od2/B/202608/b260808.lzh,2026-10-03T18:30:52.065831+09:00
20260808,05,多摩川,12,20260808-05-12,1,4262,馬場貴也,42,滋賀,55.0,A1,7.72,48.7,7.24,52.38,62,25.64,29,43.28,,5,https://www1.mbrace.or.jp/od2/B/202608/b260808.lzh,2026-10-03T18:30:52.065831+09:00
20260808,05,多摩川,12,20260808-05-12,2,3557,太田和美,53,大阪,55.0,A1,6.6,50.0,7.0,44.83,51,36.99,42,32.88,,4,https://www1.mbrace.or.jp/od2/B/202608/b260808.lzh,2026-10-03T18:30:52.065831+09:00
20260808,05,多摩川,12,20260808-05-12,3,4024,井口佳典,48,三重,52.0,A1,6.65,45.65,6.94,31.25,74,34.57,52,40.28,,7,https://www1.mbrace.or.jp/od2/B/202608/b260808.lzh,2026-10-03T18:30:52.065831+09:00
20260808,05,多摩川,12,20260808-05-12,4,4357,田中和也,42,大阪,52.0,A1,6.63,53.98,6.31,50.0,72,30.77,38,35.59,,6,https://www1.mbrace.or.jp/od2/B/202608/b260808.lzh,2026-10-03T18:30:52.065831+09:00
20260808,05,多摩川,12,20260808-05-12,5,4856,豊田健士,30,三重,53.0,A1,7.16,52.07,7.0,57.58,61,35.14,55,30.77,,8,https://www1.mbrace.or.jp/od2/B/202608/b260808.lzh,2026-10-03T18:30:52.065831+09:00
20260808,05,多摩川,12,20260808-05-12,6,4677,片橋幸貴,38,滋賀,54.0,A1,6.21,49.45,6.2,40.0,68,26.76,67,25.68,,2,https://www1.mbrace.or.jp/od2/B/202608/b260808.lzh,2026-10-03T18:30:52.065831+09:00
20260808,04,平和島,1,20260808-04-01,1,3664,鈴木賢一,56,埼玉,54.0,B1,4.77,32.86,4.92,38.89,27,41.67,59,28.13,565 4 465,6,https://www1.mbrace.or.jp/od2/B/202608/b260808.lzh,2026-10-03T18:30:52.065831+09:00
20260808,04,平和島,1,20260808-04-01,2,3226,浦田信義,60,東京,51.0,B1,4.31,17.57,4.94,30.0,73,39.39,30,37.04,626 562 3,6,https://www1.mbrace.or.jp/od2/B/202608/b260808.lzh,2026-10-03T18:30:52.065831+09:00
20260808,04,平和島,1,20260808-04-01,3,3268,森竜也,61,三重,53.0,B1,4.46,28.13,4.6,20.0,41,44.0,32,35.48,6 442 3323,7,https://www1.mbrace.or.jp/od2/B/202608/b260808.lzh,2026-10-03T18:30:52.065831+09:00
20260808,04,平和島,1,20260808-04-01,4,4532,秋元哲,37,埼玉,51.0,A1,7.05,53.33,6.45,36.36,38,43.75,33,37.93,4 5246462,7,https://www1.mbrace.or.jp/od2/B/202608/b260808.lzh,2026-10-03T18:30:52.065831+09:00
20260808,04,平和島,1,20260808-04-01,5,4549,小林文彦,37,福岡,53.0,A2,6.45,48.19,5.48,42.86,30,48.78,49,15.63,2 46443 12,8,https://www1.mbrace.or.jp/od2/B/202608/b260808.lzh,2026-10-03T18:30:52.065831+09:00
20260808,04,平和島,1,20260808-04-01,6,5427,港理樹,24,東京,52.0,B1,2.96,2.63,3.53,6.67,63,22.58,71,41.18,,9,https://www1.mbrace.or.jp/od2/B/202608/b260808.lzh,2026-10-03T18:30:52.065831+09:00
20260808,04,平和島,2,20260808-04-02,1,4177,萬正嗣,43,群馬,59.0,B1,4.37,26.58,5.24,30.3,67,25.0,25,65.38,6 355 156,7,https://www1.mbrace.or.jp/od2/B/202608/b260808.lzh,2026-10-03T18:30:52.065831+09:00
20260808,04,平和島,2,20260808-04-02,2,4821,妻鳥晋也,34,香川,56.0,B1,5.25,34.48,4.82,27.27,31,34.38,27,23.08,466 4 333,9,https://www1.mbrace.or.jp/od2/B/202608/b260808.lzh,2026-10-03T18:30:52.065831+09:00
20260808,04,平和島,2,20260808-04-02,3,4314,青木幸太,42,福岡,51.0,A2,5.84,40.23,5.17,33.33,46,50.0,45,46.88,3 3352425,7,https://www1.mbrace.or.jp/od2/B/202608/b260808.lzh,2026-10-03T18:30:52.065831+09:00
20260808,04,平和島,2,20260808-04-02,4,4669,井上茂,41,福岡,53.0,B1,4.73,23.91,5.29,28.57,71,25.0,35,50.0,4 415 4325,8,https://www1.mbrace.or.jp/od2/B/202608/b260808.lzh,2026-10-03T18:30:52.065831+09:00
20260808,04,平和島,2,20260808-04-02,5,4583,古田祐貴,36,香川,52.0,B1,5.46,35.11,5.0,40.0,62,47.62,64,20.0,524 163 23,9,https://www1.mbrace.or.jp/od2/B/202608/b260808.lzh,2026-10-03T18:30:52.065831+09:00
20260808,04,平和島,2,20260808-04-02,6,4911,片岡大地,30,東京,52.0,A2,4.92,25.32,4.39,23.73,47,38.71,37,33.33,5 255 2636,8,https://www1.mbrace.or.jp/od2/B/202608/b260808.lzh,2026-10-03T18:30:52.065831+09:00
20260808,04,平和島,3,20260808-04-03,1,4863,三浦裕貴,37,東京,56.0,B1,4.7,22.95,4.44,23.26,64,40.91,55,45.71,6 536 556,8,https://www1.mbrace.or.jp/od2/B/202608/b260808.lzh,2026-10-03T18:30:52.065831+09:00
20260808,04,平和島,3,20260808-04-03,2,4216,星栄爾,41,静岡,55.0,B1,4.67,23.86,5.83,41.67,60,56.25,36,28.57,4 12233 46,10,https://www1.mbrace.or.jp/od2/B/202608/b260808.lzh,2026-10-03T18:30:52.065831+09:00
20260808,04,平和島,3,20260808-04-03,3,4067,永井源,46,愛知,54.0,A2,6.41,47.97,6.76,47.62,12,64.29,38,52.94,5 462 1412,9,https://www1.mbrace.or.jp/od2/B/202608/b260808.lzh,2026-10-03T18:30:52.065831+09:00
20260808,04,平和島,3,20260808-04-03,4,4113,木村浩士,46,群馬,56.0,B1,4.57,24.69,4.95,34.21,58,45.71,66,12.9,114 641 44,10,https://www1.mbrace.or.jp/od2/B/202608/b260808.lzh,2026-10-03T18:30:52.065831+09:00
20260808,04,平和島,3,20260808-04-03,5,4269,杉山裕也,40,愛知,52.0,A2,6.91,55.21,7.67,66.67,49,26.92,28,35.71,312 325423,11,https://www1.mbrace.or.jp/od2/B/202608/b260808.lzh,2026-10-03T18:30:52.065831+09:00
20260808,04,平和島,3,20260808-04-03,6,4539,金子賢志,35,群馬,53.0,A1,6.55,44.44,5.54,32.14,74,33.33,53,46.88,4 3213551,8,https://www1.mbrace.or.jp/od2/B/202608/b260808.lzh,2026-10-03T18:30:52.065831+09:00
20260808,04,平和島,4,20260808-04-04,1,3434,松尾宣邦,57,福岡,56.0,B1,4.25,21.98,4.79,28.57,52,33.33,26,26.92,3 652 366,9,https://www1.mbrace.or.jp/od2/B/202608/b260808.lzh,2026-10-03T18:30:52.065831+09:00
20260808,04,平和島,4,20260808-04-04,2,3907,村越篤,48,香川,55.0,B1,5.25,34.34,6.57,28.57,16,29.63,24,42.31,6 142 1515,11,https://www1.mbrace.or.jp/od2/B/202608/b260808.lzh,2026-10-03T18:30:52.065831+09:00
20260808,04,平和島,4,20260808-04-04,3,4930,佐藤悠,30,福井,54.0,A2,6.05,40.22,4.44,22.22,18,40.63,67,31.25,5 322 2415,10,https://www1.mbrace.or.jp/od2/B/202608/b260808.lzh,2026-10-03T18:30:52.065831+09:00
20260808,04,平和島,4,20260808-04-04,4,4073,大橋純一,45,静岡,52.0,A1,6.56,53.27,5.86,44.19,48,24.24,43,38.24,662 33411,9,https://www1.mbrace.or.jp/od2/B/202608/b260808.lzh,2026-10-03T18:30:52.065831+09:00
20260808,04,平和島,4,20260808-04-04,5,4483,北野輝季,37,愛知,54.0,A1,6.68,52.34,6.65,50.0,36,42.86,54,25.0,321 362243,10,https://www1.mbrace.or.jp/od2/B/202608/b260808.lzh,2026-10-03T18:30:52.065831+09:00
20260808,04,平和島,4,20260808-04-04,6,3912,川原正明,52,福井,51.0,B1,5.94,43.27,5.9,40.0,37,29.41,51,41.67,241 256 16,,https://www1.mbrace.or.jp/od2/B/202608/b260808.lzh,2026-10-03T18:30:52.065831+09:00
20260808,04,平和島,5,20260808-04-05,1,4215,吉島祥之,41,愛知,56.0,A2,5.3,32.99,5.56,33.33,23,45.45,11,24.39,1 15634226,10,https://www1.mbrace.or.jp/od2/B/202608/b260808.lzh,2026-10-03T18:30:52.065831+09:00
20260808,04,平和島,5,20260808-04-05,2,3161,古場輝義,66,大阪,53.0,B1,5.03,30.99,4.89,29.73,17,38.24,39,41.18,416 444 46,,https://www1.mbrace.or.jp/od2/B/202608/b260808.lzh,2026-10-03T18:30:52.065831+09:00
20260808,04,平和島,5,20260808-04-05,3,4684,楠原翔太,35,福岡,55.0,B1,5.16,28.7,4.27,16.67,65,28.57,22,25.93,425 241 25,11,https://www1.mbrace.or.jp/od2/B/202608/b260808.lzh,2026-10-03T18:30:52.065831+09:00
20260808,04,平和島,5,20260808-04-05,4,4504,前田将太,38,福岡,55.0,A1,6.77,48.11,7.32,54.05,13,24.14,63,36.36,6341234 34,11,https://www1.mbrace.or.jp/od2/B/202608/b260808.lzh,2026-10-03T18:30:52.065831+09:00
20260808,04,平和島,5,20260808-04-05,5,4710,福田宗平,36,大阪,52.0,A2,5.57,35.85,6.15,34.62,40,55.88,50,21.88,233 323454,10,https://www1.mbrace.or.jp/od2/B/202608/b260808.lzh,2026-10-03T18:30:52.065831+09:00
20260808,04,平和島,5,20260808-04-05,6,4128,川口貴久,46,東京,56.0,B1,5.34,33.82,3.38,19.23,15,28.13,44,37.5,353 166 51,,https://www1.mbrace.or.jp/od2/B/202608/b260808.lzh,2026-10-03T18:30:52.065831+09:00
20260808,04,平和島,6,20260808-04-06,1,4156,浜野孝志,45,三重,57.0,A2,5.35,29.21,5.68,41.94,26,34.48,20,39.29,135 156216,11,https://www1.mbrace.or.jp/od2/B/202608/b260808.lzh,2026-10-03T18:30:52.065831+09:00
20260808,04,平和島,6,20260808-04-06,2,5076,石原光,30,静岡,53.0,B1,4.97,33.33,4.77,27.27,29,51.43,31,7.14,4 62552 44,,https://www1.mbrace.or.jp/od2/B/202608/b260808.lzh,2026-10-03T18:30:52.065831+09:00
20260808,04,平和島,6,20260808-04-06,3,3664,鈴木賢一,56,埼玉,54.0,B1,4.77,32.86,4.92,38.89,27,41.67,59,28.13,565 4 465,1,https://www1.mbrace.or.jp/od2/B/202608/b260808.lzh,2026-10-03T18:30:52.065831+09:00
20260808,04,平和島,6,20260808-04-06,4,4639,雑賀勇貴,35,大阪,54.0,B1,4.37,23.81,5.35,35.0,19,41.67,61,35.29,1 36635 64,,https://www1.mbrace.or.jp/od2/B/202608/b260808.lzh,2026-10-03T18:30:52.065831+09:00
20260808,04,平和島,6,20260808-04-06,5,4397,西村拓也,39,大阪,53.0,A1,7.39,59.65,6.3,46.67,68,34.21,57,50.0,1223412 53,11,https://www1.mbrace.or.jp/od2/B/202608/b260808.lzh,2026-10-03T18:30:52.065831+09:00
20260808,04,平和島,6,20260808-04-06,6,3226,浦田信義,60,東京,51.0,B1,4.31,17.57,4.94,30.0,73,39.39,30,37.04,626 562 3,1,https://www1.mbrace.or.jp/od2/B/202608/b260808.lzh,2026-10-03T18:30:52.065831+09:00
20260808,04,平和島,7,20260808-04-07,1,4532,秋元哲,37,埼玉,51.0,A1,7.05,53.33,6.45,36.36,38,43.75,33,37.93,4 5246462,1,https://www1.mbrace.or.jp/od2/B/202608/b260808.lzh,2026-10-03T18:30:52.065831+09:00
20260808,04,平和島,7,20260808-04-07,2,4329,小松卓司,43,福岡,52.0,B1,4.84,24.72,5.0,28.89,51,30.0,68,39.39,2 24646 65,,https://www1.mbrace.or.jp/od2/B/202608/b260808.lzh,2026-10-03T18:30:52.065831+09:00
20260808,04,平和島,7,20260808-04-07,3,4177,萬正嗣,43,群馬,59.0,B1,4.37,26.58,5.24,30.3,67,25.0,25,65.38,6 355 156,2,https://www1.mbrace.or.jp/od2/B/202608/b260808.lzh,2026-10-03T18:30:52.065831+09:00
20260808,04,平和島,7,20260808-04-07,4,4085,荻野裕介,46,東京,53.0,B1,5.35,36.71,4.81,23.81,72,28.57,46,35.48,2 4 55565,,https://www1.mbrace.or.jp/od2/B/202608/b260808.lzh,2026-10-03T18:30:52.065831+09:00
20260808,04,平和島,7,20260808-04-07,5,3268,森竜也,61,三重,53.0,B1,4.46,28.13,4.6,20.0,41,44.0,32,35.48,6 442 3323,1,https://www1.mbrace.or.jp/od2/B/202608/b260808.lzh,2026-10-03T18:30:52.065831+09:00
20260808,04,平和島,7,20260808-04-07,6,4314,青木幸太,42,福岡,51.0,A2,5.84,40.23,5.17,33.33,46,50.0,45,46.88,3 3352425,2,https://www1.mbrace.or.jp/od2/B/202608/b260808.lzh,2026-10-03T18:30:52.065831+09:00
20260808,04,平和島,8,20260808-04-08,1,4549,小林文彦,37,福岡,53.0,A2,6.45,48.19,5.48,42.86,30,48.78,49,15.63,2 46443 12,1,https://www1.mbrace.or.jp/od2/B/202608/b260808.lzh,2026-10-03T18:30:52.065831+09:00
20260808,04,平和島,8,20260808-04-08,2,4911,片岡大地,30,東京,52.0,A2,4.92,25.32,4.39,23.73,47,38.71,37,33.33,5 255 2636,2,https://www1.mbrace.or.jp/od2/B/202608/b260808.lzh,2026-10-03T18:30:52.065831+09:00
20260808,04,平和島,8,20260808-04-08,3,4863,三浦裕貴,37,東京,56.0,B1,4.7,22.95,4.44,23.26,64,40.91,55,45.71,6 536 556,3,https://www1.mbrace.or.jp/od2/B/202608/b260808.lzh,2026-10-03T18:30:52.065831+09:00
20260808,04,平和島,8,20260808-04-08,4,4539,金子賢志,35,群馬,53.0,A1,6.55,44.44,5.54,32.14,74,33.33,53,46.88,4 3213551,3,https://www1.mbrace.or.jp/od2/B/202608/b260808.lzh,2026-10-03T18:30:52.065831+09:00
20260808,04,平和島,8,20260808-04-08,5,4669,井上茂,41,福岡,53.0,B1,4.73,23.91,5.29,28.57,71,25.0,35,50.0,4 415 4325,2,https://www1.mbrace.or.jp/od2/B/202608/b260808.lzh,2026-10-03T18:30:52.065831+09:00
20260808,04,平和島,8,20260808-04-08,6,4898,菊地敬介,34,埼玉,57.0,B1,4.8,29.51,5.18,35.71,11,41.03,58,18.18,6 F46 5 5,,https://www1.mbrace.or.jp/od2/B/202608/b260808.lzh,2026-10-03T18:30:52.065831+09:00
20260808,04,平和島,9,20260808-04-09,1,4067,永井源,46,愛知,54.0,A2,6.41,47.97,6.76,47.62,12,64.29,38,52.94,5 462 1412,3,https://www1.mbrace.or.jp/od2/B/202608/b260808.lzh,2026-10-03T18:30:52.065831+09:00
20260808,04,平和島,9,20260808-04-09,2,4583,古田祐貴,36,香川,52.0,B1,5.46,35.11,5.0,40.0,62,47.62,64,20.0,524 163 23,2,https://www1.mbrace.or.jp/od2/B/202608/b260808.lzh,2026-10-03T18:30:52.065831+09:00
20260808,04,平和島,9,20260808-04-09,3,3434,松尾宣邦,57,福岡,56.0,B1,4.25,21.98,4.79,28.57,52,33.33,26,26.92,3 652 366,4,https://www1.mbrace.or.jp/od2/B/202608/b260808.lzh,2026-10-03T18:30:52.065831+09:00
20260808,04,平和島,9,20260808-04-09,4,4821,妻鳥晋也,34,香川,56.0,B1,5.25,34.48,4.82,27.27,31,34.38,27,23.08,466 4 333,2,https://www1.mbrace.or.jp/od2/B/202608/b260808.lzh,2026-10-03T18:30:52.065831+09:00
20260808,04,平和島,9,20260808-04-09,5,5427,港理樹,24,東京,52.0,B1,2.96,2.63,3.53,6.67,63,22.58,71,41.18,,1,https://www1.mbrace.or.jp/od2/B/202608/b260808.lzh,2026-10-03T18:30:52.065831+09:00
20260808,04,平和島,9,20260808-04-09,6,4073,大橋純一,45,静岡,52.0,A1,6.56,53.27,5.86,44.19,48,24.24,43,38.24,662 33411,4,https://www1.mbrace.or.jp/od2/B/202608/b260808.lzh,2026-10-03T18:30:52.065831+09:00
20260808,04,平和島,10,20260808-04-10,1,4483,北野輝季,37,愛知,54.0,A1,6.68,52.34,6.65,50.0,36,42.86,54,25.0,321 362243,4,https://www1.mbrace.or.jp/od2/B/202608/b260808.lzh,2026-10-03T18:30:52.065831+09:00
20260808,04,平和島,10,20260808-04-10,2,4710,福田宗平,36,大阪,52.0,A2,5.57,35.85,6.15,34.62,40,55.88,50,21.88,233 323454,5,https://www1.mbrace.or.jp/od2/B/202608/b260808.lzh,2026-10-03T18:30:52.065831+09:00
20260808,04,平和島,10,20260808-04-10,3,4113,木村浩士,46,群馬,56.0,B1,4.57,24.69,4.95,34.21,58,45.71,66,12.9,114 641 44,3,https://www1.mbrace.or.jp/od2/B/202608/b260808.lzh,2026-10-03T18:30:52.065831+09:00
20260808,04,平和島,10,20260808-04-10,4,4930,佐藤悠,30,福井,54.0,A2,6.05,40.22,4.44,22.22,18,40.63,67,31.25,5 322 2415,4,https://www1.mbrace.or.jp/od2/B/202608/b260808.lzh,2026-10-03T18:30:52.065831+09:00
20260808,04,平和島,10,20260808-04-10,5,4216,星栄爾,41,静岡,55.0,B1,4.67,23.86,5.83,41.67,60,56.25,36,28.57,4 12233 46,3,https://www1.mbrace.or.jp/od2/B/202608/b260808.lzh,2026-10-03T18:30:52.065831+09:00
20260808,04,平和島,10,20260808-04-10,6,4215,吉島祥之,41,愛知,56.0,A2,5.3,32.99,5.56,33.33,23,45.45,11,24.39,1 15634226,5,https://www1.mbrace.or.jp/od2/B/202608/b260808.lzh,2026-10-03T18:30:52.065831+09:00
20260808,04,平和島,11,20260808-04-11,1,4397,西村拓也,39,大阪,53.0,A1,7.39,59.65,6.3,46.67,68,34.21,57,50.0,1223412 53,6,https://www1.mbrace.or.jp/od2/B/202608/b260808.lzh,2026-10-03T18:30:52.065831+09:00
20260808,04,平和島,11,20260808-04-11,2,4269,杉山裕也,40,愛知,52.0,A2,6.91,55.21,7.67,66.67,49,26.92,28,35.71,312 325423,3,https://www1.mbrace.or.jp/od2/B/202608/b260808.lzh,2026-10-03T18:30:52.065831+09:00
20260808,04,平和島,11,20260808-04-11,3,4504,前田将太,38,福岡,55.0,A1,6.77,48.11,7.32,54.05,13,24.14,63,36.36,6341234 34,5,https://www1.mbrace.or.jp/od2/B/202608/b260808.lzh,2026-10-03T18:30:52.065831+09:00
20260808,04,平和島,11,20260808-04-11,4,4684,楠原翔太,35,福岡,55.0,B1,5.16,28.7,4.27,16.67,65,28.57,22,25.93,425 241 25,5,https://www1.mbrace.or.jp/od2/B/202608/b260808.lzh,2026-10-03T18:30:52.065831+09:00
20260808,04,平和島,11,20260808-04-11,5,3907,村越篤,48,香川,55.0,B1,5.25,34.34,6.57,28.57,16,29.63,24,42.31,6 142 1515,4,https://www1.mbrace.or.jp/od2/B/202608/b260808.lzh,2026-10-03T18:30:52.065831+09:00
20260808,04,平和島,11,20260808-04-11,6,4156,浜野孝志,45,三重,57.0,A2,5.35,29.21,5.68,41.94,26,34.48,20,39.29,135 156216,6,https://www1.mbrace.or.jp/od2/B/202608/b260808.lzh,2026-10-03T18:30:52.065831+09:00
20260808,04,平和島,12,20260808-04-12,1,3898,平田忠則,49,福岡,53.0,A1,7.15,56.25,6.61,50.0,25,29.41,41,23.08,11131 2141,,https://www1.mbrace.or.jp/od2/B/202608/b260808.lzh,2026-10-03T18:30:52.065831+09:00
20260808,04,平和島,12,20260808-04-12,2,4188,久田敏之,45,群馬,52.0,A1,7.88,64.81,7.08,60.0,50,57.58,60,45.45,311 411131,,https://www1.mbrace.or.jp/od2/B/202608/b260808.lzh,2026-10-03T18:30:52.065831+09:00
20260808,04,平和島,12,20260808-04-12,3,4471,新田泰章,39,広島,52.0,A1,6.18,43.55,6.14,42.86,21,38.24,52,51.52,341 511331,,https://www1.mbrace.or.jp/od2/B/202608/b260808.lzh,2026-10-03T18:30:52.065831+09:00
20260808,04,平和島,12,20260808-04-12,4,4939,宮之原輝,28,東京,52.0,A1,7.36,56.67,7.2,58.14,43,40.0,40,13.33,1521111 62,,https://www1.mbrace.or.jp/od2/B/202608/b260808.lzh,2026-10-03T18:30:52.065831+09:00
20260808,04,平和島,12,20260808-04-12,5,3590,濱野谷憲,52,東京,56.0,A1,7.03,46.88,7.0,53.06,33,43.33,62,25.0,445 112542,,https://www1.mbrace.or.jp/od2/B/202608/b260808.lzh,2026-10-03T18:30:52.065831+09:00
20260808,04,平和島,12,20260808-04-12,6,4114,深澤達徳,45,東京,52.0,B1,4.8,25.3,5.69,37.1,14,39.39,23,44.44,5 213 5132,,https://www1.mbrace.or.jp/od2/B/202608/b260808.lzh,2026-10-03T18:30:52.065831+09:00
20260808,02,戸田,1,20260808-02-01,1,3546,中里昌志,57,埼玉,52.0,B1,4.48,19.57,5.24,33.78,23,0.0,51,0.0,544,,https://www1.mbrace.or.jp/od2/B/202608/b260808.lzh,2026-10-03T18:30:52.065831+09:00
20260808,02,戸田,1,20260808-02-01,2,5167,小川竜太,26,埼玉,52.0,B1,5.35,33.33,4.74,22.22,17,0.0,48,0.0,354,5,https://www1.mbrace.or.jp/od2/B/202608/b260808.lzh,2026-10-03T18:30:52.065831+09:00
20260808,02,戸田,1,20260808-02-01,3,4197,渥美卓郎,44,静岡,55.0,B1,3.78,16.09,3.54,8.33,14,0.0,15,0.0,5 52,10,https://www1.mbrace.or.jp/od2/B/202608/b260808.lzh,2026-10-03T18:30:52.065831+09:00
20260808,02,戸田,1,20260808-02-01,4,4416,三宅健太,39,広島,54.0,B1,5.46,38.82,5.57,42.86,20,0.0,36,0.0,444,9,https://www1.mbrace.or.jp/od2/B/202608/b260808.lzh,2026-10-03T18:30:52.065831+09:00
20260808,02,戸田,1,20260808-02-01,5,3642,大塚浩二,55,静岡,53.0,B1,4.07,12.16,4.34,21.88,5,0.0,12,0.0,5 61,6,https://www1.mbrace.or.jp/od2/B/202608/b260808.lzh,2026-10-03T18:30:52.065831+09:00
20260808,02,戸田,1,20260808-02-01,6,3771,折下寛法,52,東京,51.0,B1,5.57,32.99,5.52,37.93,9,0.0,46,0.0,256,7,https://www1.mbrace.or.jp/od2/B/202608/b260808.lzh,2026-10-03T18:30:52.065831+09:00
20260808,02,戸田,2,20260808-02-02,1,5190,大月遊雅,25,東京,52.0,B1,3.93,16.05,4.78,24.49,19,0.0,27,0.0,635,,https://www1.mbrace.or.jp/od2/B/202608/b260808.lzh,2026-10-03T18:30:52.065831+09:00
20260808,02,戸田,2,20260808-02-02,2,5044,渡邉健,27,東京,60.0,B1,3.82,17.65,5.76,37.93,38,0.0,31,0.0,454,10,https://www1.mbrace.or.jp/od2/B/202608/b260808.lzh,2026-10-03T18:30:52.065831+09:00
20260808,02,戸田,2,20260808-02-02,3,4311,岡村仁,42,大阪,60.0,A1,6.6,51.04,6.23,41.94,6,0.0,45,0.0,432,11,https://www1.mbrace.or.jp/od2/B/202608/b260808.lzh,2026-10-03T18:30:52.065831+09:00
20260808,02,戸田,2,20260808-02-02,4,3652,森下勇,52,群馬,57.0,B1,3.83,16.25,4.19,22.22,7,0.0,25,0.0,5 36,7,https://www1.mbrace.or.jp/od2/B/202608/b260808.lzh,2026-10-03T18:30:52.065831+09:00
20260808,02,戸田,2,20260808-02-02,5,4711,前出達吉,36,福井,52.0,A2,6.12,43.88,4.79,31.58,13,0.0,32,0.0,261,9,https://www1.mbrace.or.jp/od2/B/202608/b260808.lzh,2026-10-03T18:30:52.065831+09:00
20260808,02,戸田,2,20260808-02-02,6,4292,麻生慎介,41,広島,53.0,A1,6.43,41.75,5.9,40.0,3,0.0,47,0.0,1235,8,https://www1.mbrace.or.jp/od2/B/202608/b260808.lzh,2026-10-03T18:30:52.065831+09:00
20260808,02,戸田,3,20260808-02-03,1,3605,中村守成,54,三重,53.0,B1,4.15,18.75,4.42,10.53,26,0.0,41,0.0,4 34,10,https://www1.mbrace.or.jp/od2/B/202608/b260808.lzh,2026-10-03T18:30:52.065831+09:00
20260808,02,戸田,3,20260808-02-03,2,4030,森高一真,48,香川,49.0,A1,6.99,39.09,6.07,14.29,40,0.0,21,0.0,3426,9,https://www1.mbrace.or.jp/od2/B/202608/b260808.lzh,2026-10-03T18:30:52.065831+09:00
20260808,02,戸田,3,20260808-02-03,3,5036,福田翔吾,28,大阪,54.0,B1,5.0,28.57,5.22,33.33,15,0.0,43,0.0,222,8,https://www1.mbrace.or.jp/od2/B/202608/b260808.lzh,2026-10-03T18:30:52.065831+09:00
20260808,02,戸田,3,20260808-02-03,4,3891,谷口健一,50,福井,56.0,B1,3.56,15.15,2.75,0.0,10,0.0,16,0.0,5 23,,https://www1.mbrace.or.jp/od2/B/202608/b260808.lzh,2026-10-03T18:30:52.065831+09:00
20260808,02,戸田,3,20260808-02-03,5,4109,谷津幸宏,46,埼玉,55.0,A2,5.48,34.21,5.99,47.41,44,0.0,14,0.0,414,11,https://www1.mbrace.or.jp/od2/B/202608/b260808.lzh,2026-10-03T18:30:52.065831+09:00
20260808,02,戸田,3,20260808-02-03,6,3478,嶋田貴支,55,香川,52.0,B1,5.28,30.53,7.0,62.5,30,0.0,22,0.0,661,7,https://www1.mbrace.or.jp/od2/B/202608/b260808.lzh,2026-10-03T18:30:52.065831+09:00
20260808,02,戸田,4,20260808-02-04,1,3842,星野太郎,50,三重,54.0,B1,4.76,29.17,0.0,0.0,24,0.0,17,0.0,6 53,,https://www1.mbrace.or.jp/od2/B/202608/b260808.lzh,2026-10-03T18:30:52.065831+09:00
20260808,02,戸田,4,20260808-02-04,2,4044,湯川浩司,46,大阪,53.0,A1,6.8,42.11,7.59,47.06,33,0.0,49,0.0,1125,11,https://www1.mbrace.or.jp/od2/B/202608/b260808.lzh,2026-10-03T18:30:52.065831+09:00
20260808,02,戸田,4,20260808-02-04,3,4405,南野利騰,41,福井,54.0,B1,4.54,21.35,4.29,14.29,27,0.0,35,0.0,124,8,https://www1.mbrace.or.jp/od2/B/202608/b260808.lzh,2026-10-03T18:30:52.065831+09:00
20260808,02,戸田,4,20260808-02-04,4,5185,加藤優弥,26,福井,52.0,B1,4.92,31.58,5.93,40.0,22,0.0,20,0.0,3 23,12,https://www1.mbrace.or.jp/od2/B/202608/b260808.lzh,2026-10-03T18:30:52.065831+09:00
20260808,02,戸田,4,20260808-02-04,5,5224,西岡顕心,25,香川,51.0,A1,7.32,50.98,0.0,0.0,35,0.0,34,0.0,1511,10,https://www1.mbrace.or.jp/od2/B/202608/b260808.lzh,2026-10-03T18:30:52.065831+09:00
20260808,02,戸田,4,20260808-02-04,6,4511,中岡健人,37,香川,59.0,B1,4.62,20.69,6.0,28.57,31,0.0,30,0.0,334,9,https://www1.mbrace.or.jp/od2/B/202608/b260808.lzh,2026-10-03T18:30:52.065831+09:00
20260808,02,戸田,5,20260808-02-05,1,4210,松村康太,43,福井,54.0,A2,5.26,28.3,5.95,42.11,41,0.0,39,0.0,344,10,https://www1.mbrace.or.jp/od2/B/202608/b260808.lzh,2026-10-03T18:30:52.065831+09:00
20260808,02,戸田,5,20260808-02-05,2,5100,栗原一馬,29,群馬,57.0,B1,4.85,29.58,3.97,23.53,1,0.0,24,0.0,6 51,11,https://www1.mbrace.or.jp/od2/B/202608/b260808.lzh,2026-10-03T18:30:52.065831+09:00
20260808,02,戸田,5,20260808-02-05,3,3808,秋田健太,51,埼玉,58.0,B1,4.16,21.05,4.41,31.25,18,0.0,18,0.0,2 35,9,https://www1.mbrace.or.jp/od2/B/202608/b260808.lzh,2026-10-03T18:30:52.065831+09:00
20260808,02,戸田,5,20260808-02-05,4,4659,木下翔太,35,大阪,54.0,A1,7.52,52.63,7.06,43.75,29,0.0,44,0.0,1311,12,https://www1.mbrace.or.jp/od2/B/202608/b260808.lzh,2026-10-03T18:30:52.065831+09:00
20260808,02,戸田,5,20260808-02-05,5,5167,小川竜太,26,埼玉,52.0,B1,5.35,33.33,4.74,22.22,17,0.0,48,0.0,354,1,https://www1.mbrace.or.jp/od2/B/202608/b260808.lzh,2026-10-03T18:30:52.065831+09:00
20260808,02,戸田,5,20260808-02-05,6,5304,井田涼介,23,群馬,59.0,B2,2.34,5.08,1.62,7.69,25,0.0,42,0.0,6 5L,,https://www1.mbrace.or.jp/od2/B/202608/b260808.lzh,2026-10-03T18:30:52.065831+09:00
20260808,02,戸田,6,20260808-02-06,1,4811,向井田佑,37,広島,51.0,B1,4.92,28.43,4.14,18.18,36,0.0,19,0.0,1323,,https://www1.mbrace.or.jp/od2/B/202608/b260808.lzh,2026-10-03T18:30:52.065831+09:00
20260808,02,戸田,6,20260808-02-06,2,3642,大塚浩二,55,静岡,53.0,B1,4.07,12.16,4.34,21.88,5,0.0,12,0.0,5 61,1,https://www1.mbrace.or.jp/od2/B/202608/b260808.lzh,2026-10-03T18:30:52.065831+09:00
20260808,02,戸田,6,20260808-02-06,3,4739,中村晃朋,34,香川,50.0,A1,6.71,56.31,5.0,12.5,8,0.0,37,0.0,1 22,10,https://www1.mbrace.or.jp/od2/B/202608/b260808.lzh,2026-10-03T18:30:52.065831+09:00
20260808,02,戸田,6,20260808-02-06,4,5419,櫻井隼,20,埼玉,52.0,B1,2.06,0.0,1.72,0.0,37,0.0,33,0.0,6 46,,https://www1.mbrace.or.jp/od2/B/202608/b260808.lzh,2026-10-03T18:30:52.065831+09:00
20260808,02,戸田,6,20260808-02-06,5,5032,谷口知優,28,香川,53.0,A2,5.07,32.46,0.0,0.0,32,0.0,26,0.0,3 11,12,https://www1.mbrace.or.jp/od2/B/202608/b260808.lzh,2026-10-03T18:30:52.065831+09:00
20260808,02,戸田,6,20260808-02-06,6,5466,成田華音,19,埼玉,52.0,B2,1.82,3.03,1.13,0.0,39,0.0,55,0.0,6 66,,https://www1.mbrace.or.jp/od2/B/202608/b260808.lzh,2026-10-03T18:30:52.065831+09:00
20260808,02,戸田,7,20260808-02-07,1,4415,下出卓矢,39,福井,56.0,A1,6.17,49.49,5.7,30.0,11,0.0,23,0.0,4653,12,https://www1.mbrace.or.jp/od2/B/202608/b260808.lzh,2026-10-03T18:30:52.065831+09:00
20260808,02,戸田,7,20260808-02-07,2,3771,折下寛法,52,東京,51.0,B1,5.57,32.99,5.52,37.93,9,0.0,46,0.0,256,1,https://www1.mbrace.or.jp/od2/B/202608/b260808.lzh,2026-10-03T18:30:52.065831+09:00
20260808,02,戸田,7,20260808-02-07,3,3772,一柳和孝,52,埼玉,54.0,B1,4.66,20.0,5.32,28.16,12,0.0,11,0.0,2 16,11,https://www1.mbrace.or.jp/od2/B/202608/b260808.lzh,2026-10-03T18:30:52.065831+09:00
20260808,02,戸田,7,20260808-02-07,4,3478,嶋田貴支,55,香川,52.0,B1,5.28,30.53,7.0,62.5,30,0.0,22,0.0,661,3,https://www1.mbrace.or.jp/od2/B/202608/b260808.lzh,2026-10-03T18:30:52.065831+09:00
20260808,02,戸田,7,20260808-02-07,5,3652,森下勇,52,群馬,57.0,B1,3.83,16.25,4.19,22.22,7,0.0,25,0.0,5 36,2,https://www1.mbrace.or.jp/od2/B/202608/b260808.lzh,2026-10-03T18:30:52.065831+09:00
20260808,02,戸田,7,20260808-02-07,6,4274,長畑友輔,43,東京,52.0,B1,4.43,25.0,3.87,26.67,4,0.0,28,0.0,1524,,https://www1.mbrace.or.jp/od2/B/202608/b260808.lzh,2026-10-03T18:30:52.065831+09:00
20260808,02,戸田,8,20260808-02-08,1,5077,滝沢崚,29,埼玉,52.0,B1,3.72,14.75,3.91,16.46,42,0.0,54,0.0,545,,https://www1.mbrace.or.jp/od2/B/202608/b260808.lzh,2026-10-03T18:30:52.065831+09:00
20260808,02,戸田,8,20260808-02-08,2,3939,渡辺真至,48,愛知,53.0,B2,5.65,39.22,6.43,50.0,34,0.0,50,0.0,3 45,12,https://www1.mbrace.or.jp/od2/B/202608/b260808.lzh,2026-10-03T18:30:52.065831+09:00
20260808,02,戸田,8,20260808-02-08,3,4292,麻生慎介,41,広島,53.0,A1,6.43,41.75,5.9,40.0,3,0.0,47,0.0,1235,2,https://www1.mbrace.or.jp/od2/B/202608/b260808.lzh,2026-10-03T18:30:52.065831+09:00
20260808,02,戸田,8,20260808-02-08,4,4405,南野利騰,41,福井,54.0,B1,4.54,21.35,4.29,14.29,27,0.0,35,0.0,124,4,https://www1.mbrace.or.jp/od2/B/202608/b260808.lzh,2026-10-03T18:30:52.065831+09:00
20260808,02,戸田,8,20260808-02-08,5,5036,福田翔吾,28,大阪,54.0,B1,5.0,28.57,5.22,33.33,15,0.0,43,0.0,222,3,https://www1.mbrace.or.jp/od2/B/202608/b260808.lzh,2026-10-03T18:30:52.065831+09:00
20260808,02,戸田,8,20260808-02-08,6,4111,奥田誠,46,広島,56.0,A2,5.71,40.63,4.08,15.38,21,0.0,52,0.0,4263,,https://www1.mbrace.or.jp/od2/B/202608/b260808.lzh,2026-10-03T18:30:52.065831+09:00
20260808,02,戸田,9,20260808-02-09,1,4711,前出達吉,36,福井,52.0,A2,6.12,43.88,4.79,31.58,13,0.0,32,0.0,261,2,https://www1.mbrace.or.jp/od2/B/202608/b260808.lzh,2026-10-03T18:30:52.065831+09:00
20260808,02,戸田,9,20260808-02-09,2,4511,中岡健人,37,香川,59.0,B1,4.62,20.69,6.0,28.57,31,0.0,30,0.0,334,4,https://www1.mbrace.or.jp/od2/B/202608/b260808.lzh,2026-10-03T18:30:52.065831+09:00
20260808,02,戸田,9,20260808-02-09,3,4416,三宅健太,39,広島,54.0,B1,5.46,38.82,5.57,42.86,20,0.0,36,0.0,444,1,https://www1.mbrace.or.jp/od2/B/202608/b260808.lzh,2026-10-03T18:30:52.065831+09:00
20260808,02,戸田,9,20260808-02-09,4,3808,秋田健太,51,埼玉,58.0,B1,4.16,21.05,4.41,31.25,18,0.0,18,0.0,2 35,5,https://www1.mbrace.or.jp/od2/B/202608/b260808.lzh,2026-10-03T18:30:52.065831+09:00
20260808,02,戸田,9,20260808-02-09,5,4030,森高一真,48,香川,49.0,A1,6.99,39.09,6.07,14.29,40,0.0,21,0.0,3426,3,https://www1.mbrace.or.jp/od2/B/202608/b260808.lzh,2026-10-03T18:30:52.065831+09:00
20260808,02,戸田,9,20260808-02-09,6,4907,小池修平,31,大阪,53.0,A1,7.39,56.48,7.15,60.0,43,0.0,53,0.0,1212,,https://www1.mbrace.or.jp/od2/B/202608/b260808.lzh,2026-10-03T18:30:52.065831+09:00
20260808,02,戸田,10,20260808-02-10,1,4739,中村晃朋,34,香川,50.0,A1,6.71,56.31,5.0,12.5,8,0.0,37,0.0,1 22,6,https://www1.mbrace.or.jp/od2/B/202608/b260808.lzh,2026-10-03T18:30:52.065831+09:00
20260808,02,戸田,10,20260808-02-10,2,5224,西岡顕心,25,香川,51.0,A1,7.32,50.98,0.0,0.0,35,0.0,34,0.0,1511,4,https://www1.mbrace.or.jp/od2/B/202608/b260808.lzh,2026-10-03T18:30:52.065831+09:00
20260808,02,戸田,10,20260808-02-10,3,3605,中村守成,54,三重,53.0,B1,4.15,18.75,4.42,10.53,26,0.0,41,0.0,4 34,3,https://www1.mbrace.or.jp/od2/B/202608/b260808.lzh,2026-10-03T18:30:52.065831+09:00
20260808,02,戸田,10,20260808-02-10,4,4197,渥美卓郎,44,静岡,55.0,B1,3.78,16.09,3.54,8.33,14,0.0,15,0.0,5 52,1,https://www1.mbrace.or.jp/od2/B/202608/b260808.lzh,2026-10-03T18:30:52.065831+09:00
20260808,02,戸田,10,20260808-02-10,5,4210,松村康太,43,福井,54.0,A2,5.26,28.3,5.95,42.11,41,0.0,39,0.0,344,5,https://www1.mbrace.or.jp/od2/B/202608/b260808.lzh,2026-10-03T18:30:52.065831+09:00
20260808,02,戸田,10,20260808-02-10,6,5044,渡邉健,27,東京,60.0,B1,3.82,17.65,5.76,37.93,38,0.0,31,0.0,454,2,https://www1.mbrace.or.jp/od2/B/202608/b260808.lzh,2026-10-03T18:30:52.065831+09:00
20260808,02,戸田,11,20260808-02-11,1,4311,岡村仁,42,大阪,60.0,A1,6.6,51.04,6.23,41.94,6,0.0,45,0.0,432,2,https://www1.mbrace.or.jp/od2/B/202608/b260808.lzh,2026-10-03T18:30:52.065831+09:00
20260808,02,戸田,11,20260808-02-11,2,3772,一柳和孝,52,埼玉,54.0,B1,4.66,20.0,5.32,28.16,12,0.0,11,0.0,2 16,7,https://www1.mbrace.or.jp/od2/B/202608/b260808.lzh,2026-10-03T18:30:52.065831+09:00
20260808,02,戸田,11,20260808-02-11,3,3439,大平誉史,57,大阪,50.0,A1,6.01,44.25,5.68,45.95,16,0.0,40,0.0,2135,,https://www1.mbrace.or.jp/od2/B/202608/b260808.lzh,2026-10-03T18:30:52.065831+09:00
20260808,02,戸田,11,20260808-02-11,4,4109,谷津幸宏,46,埼玉,55.0,A2,5.48,34.21,5.99,47.41,44,0.0,14,0.0,414,3,https://www1.mbrace.or.jp/od2/B/202608/b260808.lzh,2026-10-03T18:30:52.065831+09:00
20260808,02,戸田,11,20260808-02-11,5,4044,湯川浩司,46,大阪,53.0,A1,6.8,42.11,7.59,47.06,33,0.0,49,0.0,1125,4,https://www1.mbrace.or.jp/od2/B/202608/b260808.lzh,2026-10-03T18:30:52.065831+09:00
20260808,02,戸田,11,20260808-02-11,6,5100,栗原一馬,29,群馬,57.0,B1,4.85,29.58,3.97,23.53,1,0.0,24,0.0,6 51,5,https://www1.mbrace.or.jp/od2/B/202608/b260808.lzh,2026-10-03T18:30:52.065831+09:00
20260808,02,戸田,12,20260808-02-12,1,4659,木下翔太,35,大阪,54.0,A1,7.52,52.63,7.06,43.75,29,0.0,44,0.0,1311,5,https://www1.mbrace.or.jp/od2/B/202608/b260808.lzh,2026-10-03T18:30:52.065831+09:00
20260808,02,戸田,12,20260808-02-12,2,5185,加藤優弥,26,福井,52.0,B1,4.92,31.58,5.93,40.0,22,0.0,20,0.0,3 23,4,https://www1.mbrace.or.jp/od2/B/202608/b260808.lzh,2026-10-03T18:30:52.065831+09:00
20260808,02,戸田,12,20260808-02-12,3,4415,下出卓矢,39,福井,56.0,A1,6.17,49.49,5.7,30.0,11,0.0,23,0.0,4653,7,https://www1.mbrace.or.jp/od2/B/202608/b260808.lzh,2026-10-03T18:30:52.065831+09:00
20260808,02,戸田,12,20260808-02-12,4,5032,谷口知優,28,香川,53.0,A2,5.07,32.46,0.0,0.0,32,0.0,26,0.0,3 11,6,https://www1.mbrace.or.jp/od2/B/202608/b260808.lzh,2026-10-03T18:30:52.065831+09:00
20260808,02,戸田,12,20260808-02-12,5,5246,楠将太郎,24,埼玉,52.0,A2,5.54,41.77,5.25,38.39,28,0.0,29,0.0,2636,,https://www1.mbrace.or.jp/od2/B/202608/b260808.lzh,2026-10-03T18:30:52.065831+09:00
20260808,02,戸田,12,20260808-02-12,6,3939,渡辺真至,48,愛知,53.0,B2,5.65,39.22,6.43,50.0,34,0.0,50,0.0,3 45,8,https://www1.mbrace.or.jp/od2/B/202608/b260808.lzh,2026-10-03T18:30:52.065831+09:00
