date,venue_code,venue_name,race,race_id,boat,registration_no,racer_name,age,branch,weight_kg,grade,national_win_rate,national_top2_rate,local_win_rate,local_top2_rate,motor_no,motor_top2_rate,boat_no,boat_top2_rate,series_results_raw,early_race_raw,source_url,collected_at
20261001,24,大村,1,20261001-24-01,1,4918,川島拓郎,37,静岡,53.0,B1,4.26,23.86,5.33,33.33,54,36.99,18,22.41,233 35,9,https://www1.mbrace.or.jp/od2/B/202610/b261001.lzh,2026-10-03T18:39:27.929562+09:00
20261001,24,大村,1,20261001-24-01,2,4004,山本浩輔,48,長崎,52.0,B1,4.88,27.66,4.91,26.15,61,37.84,83,22.64,236 14,11,https://www1.mbrace.or.jp/od2/B/202610/b261001.lzh,2026-10-03T18:39:27.929562+09:00
20261001,24,大村,1,20261001-24-01,3,3842,星野太郎,50,三重,54.0,B1,5.12,33.72,4.95,42.86,58,35.82,73,42.65,153 54,,https://www1.mbrace.or.jp/od2/B/202610/b261001.lzh,2026-10-03T18:39:27.929562+09:00
20261001,24,大村,1,20261001-24-01,4,4666,日笠勝弘,42,大阪,51.0,B1,4.21,22.47,4.47,21.88,80,28.57,35,31.51,2 261,10,https://www1.mbrace.or.jp/od2/B/202610/b261001.lzh,2026-10-03T18:39:27.929562+09:00
20261001,24,大村,1,20261001-24-01,5,5192,中尾優香,25,福岡,47.0,B1,4.42,25.0,4.76,32.35,67,15.94,26,25.0,665 6,8,https://www1.mbrace.or.jp/od2/B/202610/b261001.lzh,2026-10-03T18:39:27.929562+09:00
20261001,24,大村,1,20261001-24-01,6,3509,池千夏,54,香川,50.0,B1,3.32,6.82,4.0,28.57,36,32.88,53,25.0,541 4,7,https://www1.mbrace.or.jp/od2/B/202610/b261001.lzh,2026-10-03T18:39:27.929562+09:00
20261001,24,大村,2,20261001-24-02,1,5037,田頭虎親,28,香川,51.0,B1,5.8,44.79,5.41,31.82,27,31.51,29,37.5,1 454,12,https://www1.mbrace.or.jp/od2/B/202610/b261001.lzh,2026-10-03T18:39:27.929562+09:00
20261001,24,大村,2,20261001-24-02,2,4068,幸田智裕,46,静岡,54.0,B1,4.81,22.12,4.67,11.11,70,41.67,85,36.49,5 3122,11,https://www1.mbrace.or.jp/od2/B/202610/b261001.lzh,2026-10-03T18:39:27.929562+09:00
20261001,24,大村,2,20261001-24-02,3,4555,富永大一,37,福岡,54.0,B1,5.27,31.62,5.69,28.21,57,45.83,30,14.55,1 235,9,https://www1.mbrace.or.jp/od2/B/202610/b261001.lzh,2026-10-03T18:39:27.929562+09:00
20261001,24,大村,2,20261001-24-02,4,3930,岸本隆,50,岡山,56.0,A2,5.28,28.44,4.33,26.67,34,39.74,33,33.87,351 63,8,https://www1.mbrace.or.jp/od2/B/202610/b261001.lzh,2026-10-03T18:39:27.929562+09:00
20261001,24,大村,2,20261001-24-02,5,5446,長嶺真李,24,福岡,50.0,B2,1.23,0.0,0.0,0.0,21,18.84,49,37.5,6 666,7,https://www1.mbrace.or.jp/od2/B/202610/b261001.lzh,2026-10-03T18:39:27.929562+09:00
20261001,24,大村,2,20261001-24-02,6,4171,榎幸司,44,長崎,52.0,A2,6.33,48.06,6.32,44.7,81,40.0,56,34.72,242 11,10,https://www1.mbrace.or.jp/od2/B/202610/b261001.lzh,2026-10-03T18:39:27.929562+09:00
20261001,24,大村,3,20261001-24-03,1,5236,小宮涼雅,27,広島,53.0,B1,4.5,24.07,2.79,12.12,29,39.74,15,29.73,2 4442,,https://www1.mbrace.or.jp/od2/B/202610/b261001.lzh,2026-10-03T18:39:27.929562+09:00
20261001,24,大村,3,20261001-24-03,2,4442,松竹大輔,40,愛知,53.0,B1,6.47,51.09,4.74,29.03,62,31.65,54,34.25,1 531,9,https://www1.mbrace.or.jp/od2/B/202610/b261001.lzh,2026-10-03T18:39:27.929562+09:00
20261001,24,大村,3,20261001-24-03,3,4817,渡邉翼,35,山口,51.0,A1,6.24,49.44,5.31,33.9,13,41.03,23,22.41,433144,10,https://www1.mbrace.or.jp/od2/B/202610/b261001.lzh,2026-10-03T18:39:27.929562+09:00
20261001,24,大村,3,20261001-24-03,4,4408,仁科さや,40,長崎,48.0,B1,3.66,20.83,4.49,30.14,71,25.0,86,28.33,3 3616,7,https://www1.mbrace.or.jp/od2/B/202610/b261001.lzh,2026-10-03T18:39:27.929562+09:00
20261001,24,大村,3,20261001-24-03,5,3528,笠野友紀,55,愛知,49.0,B1,4.36,20.0,4.7,22.22,63,44.29,65,30.65,1 455,8,https://www1.mbrace.or.jp/od2/B/202610/b261001.lzh,2026-10-03T18:39:27.929562+09:00
20261001,24,大村,3,20261001-24-03,6,5054,佐々木大,30,大阪,53.0,A1,6.71,58.54,6.67,44.44,59,42.65,59,33.33,31151,11,https://www1.mbrace.or.jp/od2/B/202610/b261001.lzh,2026-10-03T18:39:27.929562+09:00
20261001,24,大村,4,20261001-24-04,1,5273,山下拓巳,25,兵庫,52.0,B1,3.61,18.75,3.63,15.79,65,41.98,74,40.0,333 2,11,https://www1.mbrace.or.jp/od2/B/202610/b261001.lzh,2026-10-03T18:39:27.929562+09:00
20261001,24,大村,4,20261001-24-04,2,4302,西野翔太,43,広島,52.0,A1,6.62,51.56,6.95,61.02,50,22.86,61,18.18,163 62,10,https://www1.mbrace.or.jp/od2/B/202610/b261001.lzh,2026-10-03T18:39:27.929562+09:00
20261001,24,大村,4,20261001-24-04,3,4470,平田健之,39,三重,53.0,A2,6.49,50.52,6.05,31.58,48,36.99,57,38.36,511 24,9,https://www1.mbrace.or.jp/od2/B/202610/b261001.lzh,2026-10-03T18:39:27.929562+09:00
20261001,24,大村,4,20261001-24-04,4,3701,大西隆洋,53,香川,57.0,B1,4.12,15.84,2.79,14.29,49,33.78,84,34.29,6 5651,,https://www1.mbrace.or.jp/od2/B/202610/b261001.lzh,2026-10-03T18:39:27.929562+09:00
20261001,24,大村,4,20261001-24-04,5,4680,後藤美翼,36,東京,46.0,A2,5.69,36.36,6.4,50.0,12,29.11,32,43.06,2 2465,8,https://www1.mbrace.or.jp/od2/B/202610/b261001.lzh,2026-10-03T18:39:27.929562+09:00
20261001,24,大村,4,20261001-24-04,6,5420,吉原快誓,20,長崎,52.0,B2,2.06,1.2,1.8,0.0,23,35.44,55,45.07,6 656,12,https://www1.mbrace.or.jp/od2/B/202610/b261001.lzh,2026-10-03T18:39:27.929562+09:00
20261001,24,大村,5,20261001-24-05,1,4384,鶴本崇文,41,大阪,53.0,A1,5.6,36.75,6.58,41.67,20,47.22,20,42.25,252 32,10,https://www1.mbrace.or.jp/od2/B/202610/b261001.lzh,2026-10-03T18:39:27.929562+09:00
20261001,24,大村,5,20261001-24-05,2,4452,松尾祭,38,香川,51.0,A2,5.15,33.07,4.86,33.33,17,43.42,16,25.81,322 45,9,https://www1.mbrace.or.jp/od2/B/202610/b261001.lzh,2026-10-03T18:39:27.929562+09:00
20261001,24,大村,5,20261001-24-05,3,4204,柴田大輔,44,福岡,52.0,B1,5.17,31.18,4.67,16.67,64,22.86,13,20.0,562 41,,https://www1.mbrace.or.jp/od2/B/202610/b261001.lzh,2026-10-03T18:39:27.929562+09:00
20261001,24,大村,5,20261001-24-05,4,5384,八戸琉楓,21,長崎,53.0,B2,1.73,1.09,1.5,0.0,11,15.28,72,33.33,4 565,12,https://www1.mbrace.or.jp/od2/B/202610/b261001.lzh,2026-10-03T18:39:27.929562+09:00
20261001,24,大村,5,20261001-24-05,5,4431,石塚裕介,40,三重,54.0,B1,4.88,33.72,4.84,36.0,28,32.35,80,30.51,461 33,,https://www1.mbrace.or.jp/od2/B/202610/b261001.lzh,2026-10-03T18:39:27.929562+09:00
20261001,24,大村,5,20261001-24-05,6,4793,金子萌,36,静岡,52.0,A2,6.43,48.8,6.59,58.82,72,26.76,25,40.28,1 1133,9,https://www1.mbrace.or.jp/od2/B/202610/b261001.lzh,2026-10-03T18:39:27.929562+09:00
20261001,24,大村,6,20261001-24-06,1,4708,半田尚也,37,広島,55.0,B1,4.43,21.33,4.44,22.22,16,43.9,63,26.98,4 5463,,https://www1.mbrace.or.jp/od2/B/202610/b261001.lzh,2026-10-03T18:39:27.929562+09:00
20261001,24,大村,6,20261001-24-06,2,4057,松井賢治,47,兵庫,53.0,A2,5.71,38.35,5.38,28.89,44,49.41,76,38.89,213 26,11,https://www1.mbrace.or.jp/od2/B/202610/b261001.lzh,2026-10-03T18:39:27.929562+09:00
20261001,24,大村,6,20261001-24-06,3,4264,長尾章平,41,山口,54.0,A1,6.02,42.74,6.11,50.0,69,27.71,21,25.0,4 1234,10,https://www1.mbrace.or.jp/od2/B/202610/b261001.lzh,2026-10-03T18:39:27.929562+09:00
20261001,24,大村,6,20261001-24-06,4,3827,今泉徹,53,群馬,52.0,B1,4.02,14.15,0.0,0.0,19,36.25,58,28.57,6 4535,,https://www1.mbrace.or.jp/od2/B/202610/b261001.lzh,2026-10-03T18:39:27.929562+09:00
20261001,24,大村,6,20261001-24-06,5,4421,森作広大,38,東京,56.0,B1,3.43,11.43,3.9,14.29,41,52.0,40,33.33,152 56,12,https://www1.mbrace.or.jp/od2/B/202610/b261001.lzh,2026-10-03T18:39:27.929562+09:00
20261001,24,大村,6,20261001-24-06,6,3685,荒井輝年,52,岡山,56.0,A2,5.73,39.8,6.63,50.0,60,30.67,68,36.11,522431,,https://www1.mbrace.or.jp/od2/B/202610/b261001.lzh,2026-10-03T18:39:27.929562+09:00
20261001,24,大村,7,20261001-24-07,1,4601,森野正弘,41,山口,56.0,A1,7.11,59.38,6.71,44.23,32,26.09,52,27.87,42132,11,https://www1.mbrace.or.jp/od2/B/202610/b261001.lzh,2026-10-03T18:39:27.929562+09:00
20261001,24,大村,7,20261001-24-07,2,5065,伊久間陽,28,群馬,54.0,A2,5.37,36.59,6.45,54.55,79,30.88,41,16.36,4 6226,,https://www1.mbrace.or.jp/od2/B/202610/b261001.lzh,2026-10-03T18:39:27.929562+09:00
20261001,24,大村,7,20261001-24-07,3,4520,高倉孝太,39,福井,49.0,A2,5.71,35.09,4.3,30.0,30,19.18,28,32.79,35251,12,https://www1.mbrace.or.jp/od2/B/202610/b261001.lzh,2026-10-03T18:39:27.929562+09:00
20261001,24,大村,7,20261001-24-07,4,3509,池千夏,54,香川,50.0,B1,3.32,6.82,4.0,28.57,36,32.88,53,25.0,541 4,1,https://www1.mbrace.or.jp/od2/B/202610/b261001.lzh,2026-10-03T18:39:27.929562+09:00
20261001,24,大村,7,20261001-24-07,5,4408,仁科さや,40,長崎,48.0,B1,3.66,20.83,4.49,30.14,71,25.0,86,28.33,3 3616,3,https://www1.mbrace.or.jp/od2/B/202610/b261001.lzh,2026-10-03T18:39:27.929562+09:00
20261001,24,大村,7,20261001-24-07,6,5446,長嶺真李,24,福岡,50.0,B2,1.23,0.0,0.0,0.0,21,18.84,49,37.5,6 666,2,https://www1.mbrace.or.jp/od2/B/202610/b261001.lzh,2026-10-03T18:39:27.929562+09:00
20261001,24,大村,8,20261001-24-08,1,3930,岸本隆,50,岡山,56.0,A2,5.28,28.44,4.33,26.67,34,39.74,33,33.87,351 63,2,https://www1.mbrace.or.jp/od2/B/202610/b261001.lzh,2026-10-03T18:39:27.929562+09:00
20261001,24,大村,8,20261001-24-08,2,3528,笠野友紀,55,愛知,49.0,B1,4.36,20.0,4.7,22.22,63,44.29,65,30.65,1 455,3,https://www1.mbrace.or.jp/od2/B/202610/b261001.lzh,2026-10-03T18:39:27.929562+09:00
20261001,24,大村,8,20261001-24-08,3,4339,平瀬城啓,42,福井,53.0,B1,4.0,16.3,4.32,17.65,73,31.08,50,42.86,445 56,12,https://www1.mbrace.or.jp/od2/B/202610/b261001.lzh,2026-10-03T18:39:27.929562+09:00
20261001,24,大村,8,20261001-24-08,4,4680,後藤美翼,36,東京,46.0,A2,5.69,36.36,6.4,50.0,12,29.11,32,43.06,2 2465,4,https://www1.mbrace.or.jp/od2/B/202610/b261001.lzh,2026-10-03T18:39:27.929562+09:00
20261001,24,大村,8,20261001-24-08,5,4248,岡本大,44,長崎,54.0,B1,4.55,25.0,4.43,25.0,22,28.0,78,30.0,13445,,https://www1.mbrace.or.jp/od2/B/202610/b261001.lzh,2026-10-03T18:39:27.929562+09:00
20261001,24,大村,8,20261001-24-08,6,5192,中尾優香,25,福岡,47.0,B1,4.42,25.0,4.76,32.35,67,15.94,26,25.0,665 6,1,https://www1.mbrace.or.jp/od2/B/202610/b261001.lzh,2026-10-03T18:39:27.929562+09:00
20261001,24,大村,9,20261001-24-09,1,4793,金子萌,36,静岡,52.0,A2,6.43,48.8,6.59,58.82,72,26.76,25,40.28,1 1133,5,https://www1.mbrace.or.jp/od2/B/202610/b261001.lzh,2026-10-03T18:39:27.929562+09:00
20261001,24,大村,9,20261001-24-09,2,4470,平田健之,39,三重,53.0,A2,6.49,50.52,6.05,31.58,48,36.99,57,38.36,511 24,4,https://www1.mbrace.or.jp/od2/B/202610/b261001.lzh,2026-10-03T18:39:27.929562+09:00
20261001,24,大村,9,20261001-24-09,3,4442,松竹大輔,40,愛知,53.0,B1,6.47,51.09,4.74,29.03,62,31.65,54,34.25,1 531,3,https://www1.mbrace.or.jp/od2/B/202610/b261001.lzh,2026-10-03T18:39:27.929562+09:00
20261001,24,大村,9,20261001-24-09,4,4555,富永大一,37,福岡,54.0,B1,5.27,31.62,5.69,28.21,57,45.83,30,14.55,1 235,2,https://www1.mbrace.or.jp/od2/B/202610/b261001.lzh,2026-10-03T18:39:27.929562+09:00
20261001,24,大村,9,20261001-24-09,5,4918,川島拓郎,37,静岡,53.0,B1,4.26,23.86,5.33,33.33,54,36.99,18,22.41,233 35,1,https://www1.mbrace.or.jp/od2/B/202610/b261001.lzh,2026-10-03T18:39:27.929562+09:00
20261001,24,大村,9,20261001-24-09,6,4452,松尾祭,38,香川,51.0,A2,5.15,33.07,4.86,33.33,17,43.42,16,25.81,322 45,5,https://www1.mbrace.or.jp/od2/B/202610/b261001.lzh,2026-10-03T18:39:27.929562+09:00
20261001,24,大村,10,20261001-24-10,1,4171,榎幸司,44,長崎,52.0,A2,6.33,48.06,6.32,44.7,81,40.0,56,34.72,242 11,2,https://www1.mbrace.or.jp/od2/B/202610/b261001.lzh,2026-10-03T18:39:27.929562+09:00
20261001,24,大村,10,20261001-24-10,2,4384,鶴本崇文,41,大阪,53.0,A1,5.6,36.75,6.58,41.67,20,47.22,20,42.25,252 32,5,https://www1.mbrace.or.jp/od2/B/202610/b261001.lzh,2026-10-03T18:39:27.929562+09:00
20261001,24,大村,10,20261001-24-10,3,4666,日笠勝弘,42,大阪,51.0,B1,4.21,22.47,4.47,21.88,80,28.57,35,31.51,2 261,1,https://www1.mbrace.or.jp/od2/B/202610/b261001.lzh,2026-10-03T18:39:27.929562+09:00
20261001,24,大村,10,20261001-24-10,4,4817,渡邉翼,35,山口,51.0,A1,6.24,49.44,5.31,33.9,13,41.03,23,22.41,433144,3,https://www1.mbrace.or.jp/od2/B/202610/b261001.lzh,2026-10-03T18:39:27.929562+09:00
20261001,24,大村,10,20261001-24-10,5,4264,長尾章平,41,山口,54.0,A1,6.02,42.74,6.11,50.0,69,27.71,21,25.0,4 1234,6,https://www1.mbrace.or.jp/od2/B/202610/b261001.lzh,2026-10-03T18:39:27.929562+09:00
20261001,24,大村,10,20261001-24-10,6,4302,西野翔太,43,広島,52.0,A1,6.62,51.56,6.95,61.02,50,22.86,61,18.18,163 62,4,https://www1.mbrace.or.jp/od2/B/202610/b261001.lzh,2026-10-03T18:39:27.929562+09:00
20261001,24,大村,11,20261001-24-11,1,5054,佐々木大,30,大阪,53.0,A1,6.71,58.54,6.67,44.44,59,42.65,59,33.33,31151,3,https://www1.mbrace.or.jp/od2/B/202610/b261001.lzh,2026-10-03T18:39:27.929562+09:00
20261001,24,大村,11,20261001-24-11,2,4601,森野正弘,41,山口,56.0,A1,7.11,59.38,6.71,44.23,32,26.09,52,27.87,42132,7,https://www1.mbrace.or.jp/od2/B/202610/b261001.lzh,2026-10-03T18:39:27.929562+09:00
20261001,24,大村,11,20261001-24-11,3,4068,幸田智裕,46,静岡,54.0,B1,4.81,22.12,4.67,11.11,70,41.67,85,36.49,5 3122,2,https://www1.mbrace.or.jp/od2/B/202610/b261001.lzh,2026-10-03T18:39:27.929562+09:00
20261001,24,大村,11,20261001-24-11,4,4057,松井賢治,47,兵庫,53.0,A2,5.71,38.35,5.38,28.89,44,49.41,76,38.89,213 26,6,https://www1.mbrace.or.jp/od2/B/202610/b261001.lzh,2026-10-03T18:39:27.929562+09:00
20261001,24,大村,11,20261001-24-11,5,5273,山下拓巳,25,兵庫,52.0,B1,3.61,18.75,3.63,15.79,65,41.98,74,40.0,333 2,4,https://www1.mbrace.or.jp/od2/B/202610/b261001.lzh,2026-10-03T18:39:27.929562+09:00
20261001,24,大村,11,20261001-24-11,6,4004,山本浩輔,48,長崎,52.0,B1,4.88,27.66,4.91,26.15,61,37.84,83,22.64,236 14,1,https://www1.mbrace.or.jp/od2/B/202610/b261001.lzh,2026-10-03T18:39:27.929562+09:00
20261001,24,大村,12,20261001-24-12,1,4520,高倉孝太,39,福井,49.0,A2,5.71,35.09,4.3,30.0,30,19.18,28,32.79,35251,7,https://www1.mbrace.or.jp/od2/B/202610/b261001.lzh,2026-10-03T18:39:27.929562+09:00
20261001,24,大村,12,20261001-24-12,2,4421,森作広大,38,東京,56.0,B1,3.43,11.43,3.9,14.29,41,52.0,40,33.33,152 56,6,https://www1.mbrace.or.jp/od2/B/202610/b261001.lzh,2026-10-03T18:39:27.929562+09:00
20261001,24,大村,12,20261001-24-12,3,5037,田頭虎親,28,香川,51.0,B1,5.8,44.79,5.41,31.82,27,31.51,29,37.5,1 454,2,https://www1.mbrace.or.jp/od2/B/202610/b261001.lzh,2026-10-03T18:39:27.929562+09:00
20261001,24,大村,12,20261001-24-12,4,5420,吉原快誓,20,長崎,52.0,B2,2.06,1.2,1.8,0.0,23,35.44,55,45.07,6 656,4,https://www1.mbrace.or.jp/od2/B/202610/b261001.lzh,2026-10-03T18:39:27.929562+09:00
20261001,24,大村,12,20261001-24-12,5,4339,平瀬城啓,42,福井,53.0,B1,4.0,16.3,4.32,17.65,73,31.08,50,42.86,445 56,8,https://www1.mbrace.or.jp/od2/B/202610/b261001.lzh,2026-10-03T18:39:27.929562+09:00
20261001,24,大村,12,20261001-24-12,6,5384,八戸琉楓,21,長崎,53.0,B2,1.73,1.09,1.5,0.0,11,15.28,72,33.33,4 565,5,https://www1.mbrace.or.jp/od2/B/202610/b261001.lzh,2026-10-03T18:39:27.929562+09:00
20261001,23,唐津,1,20261001-23-01,1,4108,吉村正明,46,山口,51.0,A1,5.94,43.14,7.15,56.52,53,0.0,42,26.27,23,12,https://www1.mbrace.or.jp/od2/B/202610/b261001.lzh,2026-10-03T18:39:27.929562+09:00
20261001,23,唐津,1,20261001-23-01,2,5204,宇恵有香,29,三重,46.0,B2,4.75,24.0,2.25,0.0,8,0.0,41,33.87,3,8,https://www1.mbrace.or.jp/od2/B/202610/b261001.lzh,2026-10-03T18:39:27.929562+09:00
20261001,23,唐津,1,20261001-23-01,3,5248,本田愛,24,静岡,47.0,B1,5.26,34.65,3.67,0.0,5,20.0,3,35.34,6,6,https://www1.mbrace.or.jp/od2/B/202610/b261001.lzh,2026-10-03T18:39:27.929562+09:00
20261001,23,唐津,1,20261001-23-01,4,4119,泥谷一毅,45,大阪,54.0,B1,6.0,39.66,6.31,51.28,15,25.0,20,33.06,4,11,https://www1.mbrace.or.jp/od2/B/202610/b261001.lzh,2026-10-03T18:39:27.929562+09:00
20261001,23,唐津,1,20261001-23-01,5,4638,小林遼太,35,福岡,53.0,B1,5.39,36.89,4.71,28.57,19,20.0,52,36.07,6,10,https://www1.mbrace.or.jp/od2/B/202610/b261001.lzh,2026-10-03T18:39:27.929562+09:00
20261001,23,唐津,1,20261001-23-01,6,5429,吉川颯汰,23,佐賀,56.0,B2,1.2,0.0,1.07,0.0,6,22.22,10,37.17,5,5,https://www1.mbrace.or.jp/od2/B/202610/b261001.lzh,2026-10-03T18:39:27.929562+09:00
20261001,23,唐津,2,20261001-23-02,1,3918,深井利寿,52,滋賀,51.0,A1,6.75,44.35,6.21,46.43,52,0.0,14,31.75,13,10,https://www1.mbrace.or.jp/od2/B/202610/b261001.lzh,2026-10-03T18:39:27.929562+09:00
20261001,23,唐津,2,20261001-23-02,2,5324,畑田希咲,23,兵庫,48.0,B1,3.1,5.13,1.0,0.0,62,0.0,40,29.37,6,6,https://www1.mbrace.or.jp/od2/B/202610/b261001.lzh,2026-10-03T18:39:27.929562+09:00
20261001,23,唐津,2,20261001-23-02,3,4112,大久保信,46,佐賀,55.0,A2,5.65,40.78,5.79,42.0,18,88.89,11,32.28,5,11,https://www1.mbrace.or.jp/od2/B/202610/b261001.lzh,2026-10-03T18:39:27.929562+09:00
20261001,23,唐津,2,20261001-23-02,4,4154,森安弘雅,46,香川,52.0,B1,5.24,36.94,5.05,40.0,23,22.22,55,38.4,4,8,https://www1.mbrace.or.jp/od2/B/202610/b261001.lzh,2026-10-03T18:39:27.929562+09:00
20261001,23,唐津,2,20261001-23-02,5,4733,赤井睦,37,徳島,48.0,B1,5.51,38.36,5.89,42.22,1,22.22,29,36.29,12,,https://www1.mbrace.or.jp/od2/B/202610/b261001.lzh,2026-10-03T18:39:27.929562+09:00
20261001,23,唐津,2,20261001-23-02,6,5423,高橋嗣穏,24,徳島,51.0,B2,1.25,0.0,1.33,0.0,3,44.44,45,30.4,6,7,https://www1.mbrace.or.jp/od2/B/202610/b261001.lzh,2026-10-03T18:39:27.929562+09:00
20261001,23,唐津,3,20261001-23-03,1,4121,富永修一,44,福岡,53.0,A2,5.96,44.44,6.13,46.15,57,0.0,44,36.51,4,10,https://www1.mbrace.or.jp/od2/B/202610/b261001.lzh,2026-10-03T18:39:27.929562+09:00
20261001,23,唐津,3,20261001-23-03,2,5110,杉山喜一,27,静岡,52.0,B1,4.88,29.63,2.17,0.0,14,25.0,18,34.45,44,,https://www1.mbrace.or.jp/od2/B/202610/b261001.lzh,2026-10-03T18:39:27.929562+09:00
20261001,23,唐津,3,20261001-23-03,3,5297,南彩寧,24,兵庫,46.0,B1,3.74,17.82,2.15,5.0,54,0.0,22,23.48,4,9,https://www1.mbrace.or.jp/od2/B/202610/b261001.lzh,2026-10-03T18:39:27.929562+09:00
20261001,23,唐津,3,20261001-23-03,4,4866,橋本英一,36,福岡,55.0,B1,4.39,20.45,4.78,27.78,16,12.5,38,40.98,41,,https://www1.mbrace.or.jp/od2/B/202610/b261001.lzh,2026-10-03T18:39:27.929562+09:00
20261001,23,唐津,3,20261001-23-03,5,3541,三嶌誠司,58,香川,53.0,A2,6.36,45.83,6.14,42.86,45,0.0,26,28.57,11,,https://www1.mbrace.or.jp/od2/B/202610/b261001.lzh,2026-10-03T18:39:27.929562+09:00
20261001,23,唐津,3,20261001-23-03,6,4747,山戸信二,41,長崎,52.0,B1,3.45,13.64,3.67,13.33,13,44.44,49,35.54,3,8,https://www1.mbrace.or.jp/od2/B/202610/b261001.lzh,2026-10-03T18:39:27.929562+09:00
20261001,23,唐津,4,20261001-23-04,1,4782,浜崎準也,39,岡山,53.0,B1,4.67,22.73,4.44,24.0,60,0.0,5,37.01,55,,https://www1.mbrace.or.jp/od2/B/202610/b261001.lzh,2026-10-03T18:39:27.929562+09:00
20261001,23,唐津,4,20261001-23-04,2,3853,岩崎正哉,54,福岡,55.0,A2,5.93,38.21,5.21,35.29,9,0.0,57,36.59,5,11,https://www1.mbrace.or.jp/od2/B/202610/b261001.lzh,2026-10-03T18:39:27.929562+09:00
20261001,23,唐津,4,20261001-23-04,3,4472,尾嶋一広,39,兵庫,57.0,A1,6.57,46.15,5.82,27.27,61,0.0,58,24.14,1,12,https://www1.mbrace.or.jp/od2/B/202610/b261001.lzh,2026-10-03T18:39:27.929562+09:00
20261001,23,唐津,4,20261001-23-04,4,3212,亀本勇樹,64,広島,58.0,B1,4.56,21.88,5.38,38.1,47,25.0,54,30.65,3,8,https://www1.mbrace.or.jp/od2/B/202610/b261001.lzh,2026-10-03T18:39:27.929562+09:00
20261001,23,唐津,4,20261001-23-04,5,5039,倉田茂将,28,愛知,57.0,B1,4.09,19.79,0.0,0.0,55,0.0,32,34.71,6,9,https://www1.mbrace.or.jp/od2/B/202610/b261001.lzh,2026-10-03T18:39:27.929562+09:00
20261001,23,唐津,4,20261001-23-04,6,4575,戸塚邦好,38,東京,51.0,A2,5.99,42.98,6.57,42.86,10,55.56,2,42.97,13,,https://www1.mbrace.or.jp/od2/B/202610/b261001.lzh,2026-10-03T18:39:27.929562+09:00
20261001,23,唐津,5,20261001-23-05,1,4989,石原翼,29,静岡,51.0,A2,5.8,38.46,6.15,40.74,17,50.0,12,37.9,26,10,https://www1.mbrace.or.jp/od2/B/202610/b261001.lzh,2026-10-03T18:39:27.929562+09:00
20261001,23,唐津,5,20261001-23-05,2,5014,梶山涼斗,28,佐賀,56.0,B1,4.24,24.29,5.07,28.09,24,55.56,21,41.22,26,,https://www1.mbrace.or.jp/od2/B/202610/b261001.lzh,2026-10-03T18:39:27.929562+09:00
20261001,23,唐津,5,20261001-23-05,3,4359,横川聖志,42,徳島,59.0,A2,5.29,35.24,6.37,42.11,2,0.0,33,20.51,5,12,https://www1.mbrace.or.jp/od2/B/202610/b261001.lzh,2026-10-03T18:39:27.929562+09:00
20261001,23,唐津,5,20261001-23-05,4,4229,市川美宏,43,静岡,54.0,B1,4.39,19.32,2.67,0.0,56,0.0,46,21.6,66,,https://www1.mbrace.or.jp/od2/B/202610/b261001.lzh,2026-10-03T18:39:27.929562+09:00
20261001,23,唐津,5,20261001-23-05,5,5429,吉川颯汰,23,佐賀,56.0,B2,1.2,0.0,1.07,0.0,6,22.22,10,37.17,5,1,https://www1.mbrace.or.jp/od2/B/202610/b261001.lzh,2026-10-03T18:39:27.929562+09:00
20261001,23,唐津,5,20261001-23-05,6,4174,赤坂俊輔,43,長崎,51.0,A1,6.44,44.36,6.95,48.39,50,0.0,7,36.0,24,11,https://www1.mbrace.or.jp/od2/B/202610/b261001.lzh,2026-10-03T18:39:27.929562+09:00
20261001,23,唐津,6,20261001-23-06,1,5248,本田愛,24,静岡,47.0,B1,5.26,34.65,3.67,0.0,5,20.0,3,35.34,6,1,https://www1.mbrace.or.jp/od2/B/202610/b261001.lzh,2026-10-03T18:39:27.929562+09:00
20261001,23,唐津,6,20261001-23-06,2,4172,森定晃史,43,岡山,52.0,A2,5.94,39.84,6.14,51.35,22,44.44,25,26.36,26,11,https://www1.mbrace.or.jp/od2/B/202610/b261001.lzh,2026-10-03T18:39:27.929562+09:00
20261001,23,唐津,6,20261001-23-06,3,4000,松本博昭,49,広島,57.0,A2,6.02,42.28,5.94,43.75,48,50.0,13,31.45,5,12,https://www1.mbrace.or.jp/od2/B/202610/b261001.lzh,2026-10-03T18:39:27.929562+09:00
20261001,23,唐津,6,20261001-23-06,4,4417,服部剛,39,静岡,53.0,B1,5.21,33.33,5.21,33.33,25,22.22,56,34.45,52,,https://www1.mbrace.or.jp/od2/B/202610/b261001.lzh,2026-10-03T18:39:27.929562+09:00
20261001,23,唐津,6,20261001-23-06,5,3983,須藤博倫,48,埼玉,52.0,A1,6.53,44.78,5.5,37.5,21,44.44,31,40.87,31,,https://www1.mbrace.or.jp/od2/B/202610/b261001.lzh,2026-10-03T18:39:27.929562+09:00
20261001,23,唐津,6,20261001-23-06,6,5324,畑田希咲,23,兵庫,48.0,B1,3.1,5.13,1.0,0.0,62,0.0,40,29.37,6,2,https://www1.mbrace.or.jp/od2/B/202610/b261001.lzh,2026-10-03T18:39:27.929562+09:00
20261001,23,唐津,7,20261001-23-07,1,3175,渡辺千草,62,東京,48.0,B1,4.66,25.0,0.0,0.0,58,0.0,23,43.75,54,,https://www1.mbrace.or.jp/od2/B/202610/b261001.lzh,2026-10-03T18:39:27.929562+09:00
20261001,23,唐津,7,20261001-23-07,2,4543,重木輝彦,38,兵庫,52.0,A1,6.52,45.76,6.5,50.0,20,0.0,16,41.41,12,,https://www1.mbrace.or.jp/od2/B/202610/b261001.lzh,2026-10-03T18:39:27.929562+09:00
20261001,23,唐津,7,20261001-23-07,3,4764,小池礼乃,36,福岡,47.0,B1,5.18,36.25,5.63,42.86,63,0.0,48,27.5,4,11,https://www1.mbrace.or.jp/od2/B/202610/b261001.lzh,2026-10-03T18:39:27.929562+09:00
20261001,23,唐津,7,20261001-23-07,4,4948,木場悠介,33,長崎,51.0,B1,5.63,39.22,4.96,29.63,51,0.0,28,34.65,42,,https://www1.mbrace.or.jp/od2/B/202610/b261001.lzh,2026-10-03T18:39:27.929562+09:00
20261001,23,唐津,7,20261001-23-07,5,5423,高橋嗣穏,24,徳島,51.0,B2,1.25,0.0,1.33,0.0,3,44.44,45,30.4,6,2,https://www1.mbrace.or.jp/od2/B/202610/b261001.lzh,2026-10-03T18:39:27.929562+09:00
20261001,23,唐津,7,20261001-23-07,6,3319,山崎義明,59,埼玉,52.0,A2,5.74,38.06,5.82,47.06,59,0.0,9,31.9,3,12,https://www1.mbrace.or.jp/od2/B/202610/b261001.lzh,2026-10-03T18:39:27.929562+09:00
20261001,23,唐津,8,20261001-23-08,1,4154,森安弘雅,46,香川,52.0,B1,5.24,36.94,5.05,40.0,23,22.22,55,38.4,4,2,https://www1.mbrace.or.jp/od2/B/202610/b261001.lzh,2026-10-03T18:39:27.929562+09:00
20261001,23,唐津,8,20261001-23-08,2,4747,山戸信二,41,長崎,52.0,B1,3.45,13.64,3.67,13.33,13,44.44,49,35.54,3,3,https://www1.mbrace.or.jp/od2/B/202610/b261001.lzh,2026-10-03T18:39:27.929562+09:00
20261001,23,唐津,8,20261001-23-08,3,5204,宇恵有香,29,三重,46.0,B2,4.75,24.0,2.25,0.0,8,0.0,41,33.87,3,1,https://www1.mbrace.or.jp/od2/B/202610/b261001.lzh,2026-10-03T18:39:27.929562+09:00
20261001,23,唐津,8,20261001-23-08,4,4483,北野輝季,37,愛知,54.0,A1,6.83,52.94,6.5,50.0,12,22.22,43,26.85,16,12,https://www1.mbrace.or.jp/od2/B/202610/b261001.lzh,2026-10-03T18:39:27.929562+09:00
20261001,23,唐津,8,20261001-23-08,5,4253,西川真人,43,滋賀,57.0,B1,4.34,19.13,3.79,20.83,7,0.0,47,29.27,35,,https://www1.mbrace.or.jp/od2/B/202610/b261001.lzh,2026-10-03T18:39:27.929562+09:00
20261001,23,唐津,8,20261001-23-08,6,3212,亀本勇樹,64,広島,58.0,B1,4.56,21.88,5.38,38.1,47,25.0,54,30.65,3,4,https://www1.mbrace.or.jp/od2/B/202610/b261001.lzh,2026-10-03T18:39:27.929562+09:00
20261001,23,唐津,9,20261001-23-09,1,5039,倉田茂将,28,愛知,57.0,B1,4.09,19.79,0.0,0.0,55,0.0,32,34.71,6,4,https://www1.mbrace.or.jp/od2/B/202610/b261001.lzh,2026-10-03T18:39:27.929562+09:00
20261001,23,唐津,9,20261001-23-09,2,4389,伊藤喜智,41,大阪,52.0,A2,5.44,30.7,6.0,38.46,46,0.0,34,33.33,12,,https://www1.mbrace.or.jp/od2/B/202610/b261001.lzh,2026-10-03T18:39:27.929562+09:00
20261001,23,唐津,9,20261001-23-09,3,4072,森永淳,45,佐賀,52.0,A1,7.16,56.52,6.82,56.49,65,0.0,36,24.0,15,,https://www1.mbrace.or.jp/od2/B/202610/b261001.lzh,2026-10-03T18:39:27.929562+09:00
20261001,23,唐津,9,20261001-23-09,4,5297,南彩寧,24,兵庫,46.0,B1,3.74,17.82,2.15,5.0,54,0.0,22,23.48,4,3,https://www1.mbrace.or.jp/od2/B/202610/b261001.lzh,2026-10-03T18:39:27.929562+09:00
20261001,23,唐津,9,20261001-23-09,5,5106,山崎祥,27,山口,51.0,A2,5.53,35.45,3.87,26.67,49,0.0,4,22.76,33,,https://www1.mbrace.or.jp/od2/B/202610/b261001.lzh,2026-10-03T18:39:27.929562+09:00
20261001,23,唐津,9,20261001-23-09,6,5407,中岡駿,21,香川,53.0,B1,2.55,8.99,2.0,0.0,4,33.33,50,34.96,23,,https://www1.mbrace.or.jp/od2/B/202610/b261001.lzh,2026-10-03T18:39:27.929562+09:00
20261001,23,唐津,10,20261001-23-10,1,4638,小林遼太,35,福岡,53.0,B1,5.39,36.89,4.71,28.57,19,20.0,52,36.07,6,1,https://www1.mbrace.or.jp/od2/B/202610/b261001.lzh,2026-10-03T18:39:27.929562+09:00
20261001,23,唐津,10,20261001-23-10,2,3918,深井利寿,52,滋賀,51.0,A1,6.75,44.35,6.21,46.43,52,0.0,14,31.75,13,2,https://www1.mbrace.or.jp/od2/B/202610/b261001.lzh,2026-10-03T18:39:27.929562+09:00
20261001,23,唐津,10,20261001-23-10,3,4989,石原翼,29,静岡,51.0,A2,5.8,38.46,6.15,40.74,17,50.0,12,37.9,26,5,https://www1.mbrace.or.jp/od2/B/202610/b261001.lzh,2026-10-03T18:39:27.929562+09:00
20261001,23,唐津,10,20261001-23-10,4,3771,折下寛法,52,東京,50.0,B1,5.26,27.93,4.86,21.43,64,0.0,8,40.94,65,,https://www1.mbrace.or.jp/od2/B/202610/b261001.lzh,2026-10-03T18:39:27.929562+09:00
20261001,23,唐津,10,20261001-23-10,5,4121,富永修一,44,福岡,53.0,A2,5.96,44.44,6.13,46.15,57,0.0,44,36.51,4,3,https://www1.mbrace.or.jp/od2/B/202610/b261001.lzh,2026-10-03T18:39:27.929562+09:00
20261001,23,唐津,10,20261001-23-10,6,4011,堀之内紀,47,岡山,46.0,A2,6.48,48.84,5.56,33.33,11,11.11,59,38.21,42,,https://www1.mbrace.or.jp/od2/B/202610/b261001.lzh,2026-10-03T18:39:27.929562+09:00
20261001,23,唐津,11,20261001-23-11,1,4112,大久保信,46,佐賀,55.0,A2,5.65,40.78,5.79,42.0,18,88.89,11,32.28,5,2,https://www1.mbrace.or.jp/od2/B/202610/b261001.lzh,2026-10-03T18:39:27.929562+09:00
20261001,23,唐津,11,20261001-23-11,2,4764,小池礼乃,36,福岡,47.0,B1,5.18,36.25,5.63,42.86,63,0.0,48,27.5,4,7,https://www1.mbrace.or.jp/od2/B/202610/b261001.lzh,2026-10-03T18:39:27.929562+09:00
20261001,23,唐津,11,20261001-23-11,3,4172,森定晃史,43,岡山,52.0,A2,5.94,39.84,6.14,51.35,22,44.44,25,26.36,26,6,https://www1.mbrace.or.jp/od2/B/202610/b261001.lzh,2026-10-03T18:39:27.929562+09:00
20261001,23,唐津,11,20261001-23-11,4,4174,赤坂俊輔,43,長崎,51.0,A1,6.44,44.36,6.95,48.39,50,0.0,7,36.0,24,5,https://www1.mbrace.or.jp/od2/B/202610/b261001.lzh,2026-10-03T18:39:27.929562+09:00
20261001,23,唐津,11,20261001-23-11,5,3853,岩崎正哉,54,福岡,55.0,A2,5.93,38.21,5.21,35.29,9,0.0,57,36.59,5,4,https://www1.mbrace.or.jp/od2/B/202610/b261001.lzh,2026-10-03T18:39:27.929562+09:00
20261001,23,唐津,11,20261001-23-11,6,4119,泥谷一毅,45,大阪,54.0,B1,6.0,39.66,6.31,51.28,15,25.0,20,33.06,4,1,https://www1.mbrace.or.jp/od2/B/202610/b261001.lzh,2026-10-03T18:39:27.929562+09:00
20261001,23,唐津,12,20261001-23-12,1,4483,北野輝季,37,愛知,54.0,A1,6.83,52.94,6.5,50.0,12,22.22,43,26.85,16,8,https://www1.mbrace.or.jp/od2/B/202610/b261001.lzh,2026-10-03T18:39:27.929562+09:00
20261001,23,唐津,12,20261001-23-12,2,3319,山崎義明,59,埼玉,52.0,A2,5.74,38.06,5.82,47.06,59,0.0,9,31.9,3,7,https://www1.mbrace.or.jp/od2/B/202610/b261001.lzh,2026-10-03T18:39:27.929562+09:00
20261001,23,唐津,12,20261001-23-12,3,4108,吉村正明,46,山口,51.0,A1,5.94,43.14,7.15,56.52,53,0.0,42,26.27,23,1,https://www1.mbrace.or.jp/od2/B/202610/b261001.lzh,2026-10-03T18:39:27.929562+09:00
20261001,23,唐津,12,20261001-23-12,4,4359,横川聖志,42,徳島,59.0,A2,5.29,35.24,6.37,42.11,2,0.0,33,20.51,5,5,https://www1.mbrace.or.jp/od2/B/202610/b261001.lzh,2026-10-03T18:39:27.929562+09:00
20261001,23,唐津,12,20261001-23-12,5,4472,尾嶋一広,39,兵庫,57.0,A1,6.57,46.15,5.82,27.27,61,0.0,58,24.14,1,4,https://www1.mbrace.or.jp/od2/B/202610/b261001.lzh,2026-10-03T18:39:27.929562+09:00
20261001,23,唐津,12,20261001-23-12,6,4000,松本博昭,49,広島,57.0,A2,6.02,42.28,5.94,43.75,48,50.0,13,31.45,5,6,https://www1.mbrace.or.jp/od2/B/202610/b261001.lzh,2026-10-03T18:39:27.929562+09:00
20261001,22,福岡,1,20261001-22-01,1,4184,渡邊雄一,40,大阪,52.0,A1,7.17,55.43,6.93,58.62,39,40.0,154,16.83,,12,https://www1.mbrace.or.jp/od2/B/202610/b261001.lzh,2026-10-03T18:39:27.929562+09:00
20261001,22,福岡,1,20261001-22-01,2,5337,出畑孝成,20,福岡,54.0,B1,4.11,20.65,3.16,13.33,71,37.5,128,33.33,,9,https://www1.mbrace.or.jp/od2/B/202610/b261001.lzh,2026-10-03T18:39:27.929562+09:00
20261001,22,福岡,1,20261001-22-01,3,3784,中島友和,50,佐賀,54.0,B1,4.96,30.77,4.59,27.59,26,34.86,115,39.83,,5,https://www1.mbrace.or.jp/od2/B/202610/b261001.lzh,2026-10-03T18:39:27.929562+09:00
20261001,22,福岡,1,20261001-22-01,4,3268,森竜也,61,三重,53.0,B1,4.87,31.37,0.0,0.0,43,60.58,170,33.88,,,https://www1.mbrace.or.jp/od2/B/202610/b261001.lzh,2026-10-03T18:39:27.929562+09:00
20261001,22,福岡,1,20261001-22-01,5,4299,中島浩哉,43,長崎,56.0,B1,4.56,26.98,4.41,18.18,66,28.69,134,39.5,,6,https://www1.mbrace.or.jp/od2/B/202610/b261001.lzh,2026-10-03T18:39:27.929562+09:00
20261001,22,福岡,1,20261001-22-01,6,5067,山田真聖,27,山口,57.0,B1,4.84,30.23,3.83,17.14,32,28.86,126,37.19,,8,https://www1.mbrace.or.jp/od2/B/202610/b261001.lzh,2026-10-03T18:39:27.929562+09:00
20261001,22,福岡,2,20261001-22-02,1,3459,中野和裕,59,佐賀,54.0,B1,3.2,10.11,4.53,24.49,24,27.83,157,36.52,,7,https://www1.mbrace.or.jp/od2/B/202610/b261001.lzh,2026-10-03T18:39:27.929562+09:00
20261001,22,福岡,2,20261001-22-02,2,4899,占部一真,34,福岡,52.0,B1,3.87,23.19,4.6,25.45,61,37.42,141,36.13,,,https://www1.mbrace.or.jp/od2/B/202610/b261001.lzh,2026-10-03T18:39:27.929562+09:00
20261001,22,福岡,2,20261001-22-02,3,5006,久保原秀,30,群馬,56.0,B1,2.7,7.5,0.0,0.0,65,40.0,143,28.44,,9,https://www1.mbrace.or.jp/od2/B/202610/b261001.lzh,2026-10-03T18:39:27.929562+09:00
20261001,22,福岡,2,20261001-22-02,4,3957,大谷直弘,49,愛知,54.0,B1,4.75,28.71,5.35,30.0,33,39.23,118,31.62,,6,https://www1.mbrace.or.jp/od2/B/202610/b261001.lzh,2026-10-03T18:39:27.929562+09:00
20261001,22,福岡,2,20261001-22-02,5,3797,岩井繁,53,広島,61.0,B1,3.55,14.74,2.29,5.88,36,38.36,150,34.78,,,https://www1.mbrace.or.jp/od2/B/202610/b261001.lzh,2026-10-03T18:39:27.929562+09:00
20261001,22,福岡,2,20261001-22-02,6,4164,岩永節也,44,長崎,53.0,B1,4.12,16.87,3.5,0.0,16,45.07,151,22.41,,8,https://www1.mbrace.or.jp/od2/B/202610/b261001.lzh,2026-10-03T18:39:27.929562+09:00
20261001,22,福岡,3,20261001-22-03,1,4406,幸野史明,41,福岡,52.0,B1,4.05,16.48,4.42,19.35,20,34.04,164,30.0,,,https://www1.mbrace.or.jp/od2/B/202610/b261001.lzh,2026-10-03T18:39:27.929562+09:00
20261001,22,福岡,3,20261001-22-03,2,5020,宮村勇哉,34,三重,55.0,B1,5.07,29.89,4.16,15.79,73,32.5,127,36.97,,,https://www1.mbrace.or.jp/od2/B/202610/b261001.lzh,2026-10-03T18:39:27.929562+09:00
20261001,22,福岡,3,20261001-22-03,3,5121,定松勇樹,25,佐賀,53.0,A1,7.32,46.67,7.38,75.0,19,34.35,138,44.07,,12,https://www1.mbrace.or.jp/od2/B/202610/b261001.lzh,2026-10-03T18:39:27.929562+09:00
20261001,22,福岡,3,20261001-22-03,4,3699,富永正人,53,埼玉,53.0,B1,4.59,26.25,5.22,27.78,25,40.37,135,38.98,,8,https://www1.mbrace.or.jp/od2/B/202610/b261001.lzh,2026-10-03T18:39:27.929562+09:00
20261001,22,福岡,3,20261001-22-03,5,4220,深川和仁,44,香川,55.0,B1,5.58,38.89,4.81,25.93,18,34.55,101,31.15,,10,https://www1.mbrace.or.jp/od2/B/202610/b261001.lzh,2026-10-03T18:39:27.929562+09:00
20261001,22,福岡,3,20261001-22-03,6,5457,山田陽翔,20,長崎,51.0,B2,1.16,0.0,0.0,0.0,21,40.27,152,32.23,,,https://www1.mbrace.or.jp/od2/B/202610/b261001.lzh,2026-10-03T18:39:27.929562+09:00
20261001,22,福岡,4,20261001-22-04,1,4396,大田直弥,40,山口,54.0,B1,4.52,22.22,5.05,31.58,63,31.72,103,24.79,,,https://www1.mbrace.or.jp/od2/B/202610/b261001.lzh,2026-10-03T18:39:27.929562+09:00
20261001,22,福岡,4,20261001-22-04,2,3745,橋本年光,51,兵庫,52.0,B1,5.29,27.08,6.23,43.33,52,40.0,109,39.5,,11,https://www1.mbrace.or.jp/od2/B/202610/b261001.lzh,2026-10-03T18:39:27.929562+09:00
20261001,22,福岡,4,20261001-22-04,3,5038,金田智博,28,福井,52.0,A2,6.53,50.85,6.09,45.45,74,41.35,136,33.06,,8,https://www1.mbrace.or.jp/od2/B/202610/b261001.lzh,2026-10-03T18:39:27.929562+09:00
20261001,22,福岡,4,20261001-22-04,4,4816,村松修二,35,広島,55.0,A2,5.64,40.0,6.64,36.36,72,38.82,169,34.48,,9,https://www1.mbrace.or.jp/od2/B/202610/b261001.lzh,2026-10-03T18:39:27.929562+09:00
20261001,22,福岡,4,20261001-22-04,5,3224,栗山繁洋,61,佐賀,52.0,B1,4.04,22.35,3.39,22.22,56,34.92,124,33.33,,10,https://www1.mbrace.or.jp/od2/B/202610/b261001.lzh,2026-10-03T18:39:27.929562+09:00
20261001,22,福岡,4,20261001-22-04,6,3955,眞田英二,49,徳島,51.0,B2,4.53,25.71,5.2,34.29,22,33.33,153,32.48,,,https://www1.mbrace.or.jp/od2/B/202610/b261001.lzh,2026-10-03T18:39:27.929562+09:00
20261001,22,福岡,5,20261001-22-05,1,3784,中島友和,50,佐賀,54.0,B1,4.96,30.77,4.59,27.59,26,34.86,115,39.83,,1,https://www1.mbrace.or.jp/od2/B/202610/b261001.lzh,2026-10-03T18:39:27.929562+09:00
20261001,22,福岡,5,20261001-22-05,2,5092,篠原晟弥,25,福岡,52.0,A2,5.65,39.71,6.16,47.48,28,33.07,163,30.7,,11,https://www1.mbrace.or.jp/od2/B/202610/b261001.lzh,2026-10-03T18:39:27.929562+09:00
20261001,22,福岡,5,20261001-22-05,3,5369,岡崎凪汰,24,長崎,52.0,B1,3.16,13.51,1.65,0.0,50,28.77,146,31.09,,,https://www1.mbrace.or.jp/od2/B/202610/b261001.lzh,2026-10-03T18:39:27.929562+09:00
20261001,22,福岡,5,20261001-22-05,4,3372,加藤雅之,59,広島,51.0,B2,3.27,12.12,4.38,20.0,75,29.17,132,38.02,,,https://www1.mbrace.or.jp/od2/B/202610/b261001.lzh,2026-10-03T18:39:27.929562+09:00
20261001,22,福岡,5,20261001-22-05,5,4210,松村康太,43,福井,53.0,A2,5.52,29.09,6.89,44.44,62,45.05,122,31.62,,9,https://www1.mbrace.or.jp/od2/B/202610/b261001.lzh,2026-10-03T18:39:27.929562+09:00
20261001,22,福岡,5,20261001-22-05,6,5068,前田滉,26,愛知,51.0,A1,7.97,67.59,7.2,50.0,46,26.57,102,23.21,,12,https://www1.mbrace.or.jp/od2/B/202610/b261001.lzh,2026-10-03T18:39:27.929562+09:00
20261001,22,福岡,6,20261001-22-06,1,3957,大谷直弘,49,愛知,54.0,B1,4.75,28.71,5.35,30.0,33,39.23,118,31.62,,2,https://www1.mbrace.or.jp/od2/B/202610/b261001.lzh,2026-10-03T18:39:27.929562+09:00
20261001,22,福岡,6,20261001-22-06,2,4299,中島浩哉,43,長崎,56.0,B1,4.56,26.98,4.41,18.18,66,28.69,134,39.5,,1,https://www1.mbrace.or.jp/od2/B/202610/b261001.lzh,2026-10-03T18:39:27.929562+09:00
20261001,22,福岡,6,20261001-22-06,3,5016,宮田龍馬,28,兵庫,53.0,A1,7.06,45.83,5.73,37.5,49,37.59,110,38.94,,12,https://www1.mbrace.or.jp/od2/B/202610/b261001.lzh,2026-10-03T18:39:27.929562+09:00
20261001,22,福岡,6,20261001-22-06,4,4428,有賀達也,41,埼玉,54.0,A2,6.35,44.04,5.65,23.08,48,22.39,114,32.76,,10,https://www1.mbrace.or.jp/od2/B/202610/b261001.lzh,2026-10-03T18:39:27.929562+09:00
20261001,22,福岡,6,20261001-22-06,5,4459,片岡雅裕,40,香川,53.0,A2,6.41,45.33,5.0,18.75,30,33.94,119,31.93,,11,https://www1.mbrace.or.jp/od2/B/202610/b261001.lzh,2026-10-03T18:39:27.929562+09:00
20261001,22,福岡,6,20261001-22-06,6,5469,今泉博人,18,佐賀,55.0,B2,1.6,0.0,1.44,0.0,57,31.88,131,19.47,,,https://www1.mbrace.or.jp/od2/B/202610/b261001.lzh,2026-10-03T18:39:27.929562+09:00
20261001,22,福岡,7,20261001-22-07,1,4579,中嶋健一,37,三重,55.0,A2,6.12,40.78,6.35,29.41,47,19.83,159,35.9,,11,https://www1.mbrace.or.jp/od2/B/202610/b261001.lzh,2026-10-03T18:39:27.929562+09:00
20261001,22,福岡,7,20261001-22-07,2,3361,岡部浩,57,徳島,52.0,B1,4.26,21.62,4.67,22.22,59,41.67,137,33.04,,,https://www1.mbrace.or.jp/od2/B/202610/b261001.lzh,2026-10-03T18:39:27.929562+09:00
20261001,22,福岡,7,20261001-22-07,3,4798,浜先真範,33,広島,52.0,A1,6.94,50.0,6.07,44.44,70,34.23,116,33.33,,12,https://www1.mbrace.or.jp/od2/B/202610/b261001.lzh,2026-10-03T18:39:27.929562+09:00
20261001,22,福岡,7,20261001-22-07,4,3459,中野和裕,59,佐賀,54.0,B1,3.2,10.11,4.53,24.49,24,27.83,157,36.52,,2,https://www1.mbrace.or.jp/od2/B/202610/b261001.lzh,2026-10-03T18:39:27.929562+09:00
20261001,22,福岡,7,20261001-22-07,5,4902,山川雄大,33,兵庫,51.0,B1,4.38,30.61,4.64,32.14,51,28.79,113,21.01,,,https://www1.mbrace.or.jp/od2/B/202610/b261001.lzh,2026-10-03T18:39:27.929562+09:00
20261001,22,福岡,7,20261001-22-07,6,3964,宮地博士,47,長崎,54.0,B1,3.66,10.64,4.89,0.0,14,40.0,117,33.61,,,https://www1.mbrace.or.jp/od2/B/202610/b261001.lzh,2026-10-03T18:39:27.929562+09:00
20261001,22,福岡,8,20261001-22-08,1,3473,石川真二,56,福岡,52.0,A1,6.97,56.2,6.81,49.46,34,42.47,174,40.17,,12,https://www1.mbrace.or.jp/od2/B/202610/b261001.lzh,2026-10-03T18:39:27.929562+09:00
20261001,22,福岡,8,20261001-22-08,2,4164,岩永節也,44,長崎,53.0,B1,4.12,16.87,3.5,0.0,16,45.07,151,22.41,,2,https://www1.mbrace.or.jp/od2/B/202610/b261001.lzh,2026-10-03T18:39:27.929562+09:00
20261001,22,福岡,8,20261001-22-08,3,5067,山田真聖,27,山口,57.0,B1,4.84,30.23,3.83,17.14,32,28.86,126,37.19,,1,https://www1.mbrace.or.jp/od2/B/202610/b261001.lzh,2026-10-03T18:39:27.929562+09:00
20261001,22,福岡,8,20261001-22-08,4,5009,大賀龍之,29,福岡,56.0,A2,4.78,28.77,5.01,36.76,67,36.11,156,41.38,,,https://www1.mbrace.or.jp/od2/B/202610/b261001.lzh,2026-10-03T18:39:27.929562+09:00
20261001,22,福岡,8,20261001-22-08,5,3699,富永正人,53,埼玉,53.0,B1,4.59,26.25,5.22,27.78,25,40.37,135,38.98,,3,https://www1.mbrace.or.jp/od2/B/202610/b261001.lzh,2026-10-03T18:39:27.929562+09:00
20261001,22,福岡,8,20261001-22-08,6,5038,金田智博,28,福井,52.0,A2,6.53,50.85,6.09,45.45,74,41.35,136,33.06,,4,https://www1.mbrace.or.jp/od2/B/202610/b261001.lzh,2026-10-03T18:39:27.929562+09:00
20261001,22,福岡,9,20261001-22-09,1,4227,安達裕樹,43,三重,53.0,A2,5.77,30.77,6.93,53.57,15,42.07,123,46.61,,,https://www1.mbrace.or.jp/od2/B/202610/b261001.lzh,2026-10-03T18:39:27.929562+09:00
20261001,22,福岡,9,20261001-22-09,2,4816,村松修二,35,広島,55.0,A2,5.64,40.0,6.64,36.36,72,38.82,169,34.48,,4,https://www1.mbrace.or.jp/od2/B/202610/b261001.lzh,2026-10-03T18:39:27.929562+09:00
20261001,22,福岡,9,20261001-22-09,3,4210,松村康太,43,福井,53.0,A2,5.52,29.09,6.89,44.44,62,45.05,122,31.62,,5,https://www1.mbrace.or.jp/od2/B/202610/b261001.lzh,2026-10-03T18:39:27.929562+09:00
20261001,22,福岡,9,20261001-22-09,4,5006,久保原秀,30,群馬,56.0,B1,2.7,7.5,0.0,0.0,65,40.0,143,28.44,,2,https://www1.mbrace.or.jp/od2/B/202610/b261001.lzh,2026-10-03T18:39:27.929562+09:00
20261001,22,福岡,9,20261001-22-09,5,5337,出畑孝成,20,福岡,54.0,B1,4.11,20.65,3.16,13.33,71,37.5,128,33.33,,1,https://www1.mbrace.or.jp/od2/B/202610/b261001.lzh,2026-10-03T18:39:27.929562+09:00
20261001,22,福岡,9,20261001-22-09,6,4441,末永由楽,40,岡山,54.0,A2,5.96,38.79,7.19,61.9,64,26.13,130,41.53,,,https://www1.mbrace.or.jp/od2/B/202610/b261001.lzh,2026-10-03T18:39:27.929562+09:00
20261001,22,福岡,10,20261001-22-10,1,3265,今村暢孝,61,福岡,53.0,A2,5.68,39.24,0.0,0.0,44,28.85,133,39.47,,,https://www1.mbrace.or.jp/od2/B/202610/b261001.lzh,2026-10-03T18:39:27.929562+09:00
20261001,22,福岡,10,20261001-22-10,2,3711,江本真治,52,山口,53.0,A2,5.8,35.92,6.27,36.36,13,36.51,171,27.83,,,https://www1.mbrace.or.jp/od2/B/202610/b261001.lzh,2026-10-03T18:39:27.929562+09:00
20261001,22,福岡,10,20261001-22-10,3,3224,栗山繁洋,61,佐賀,52.0,B1,4.04,22.35,3.39,22.22,56,34.92,124,33.33,,4,https://www1.mbrace.or.jp/od2/B/202610/b261001.lzh,2026-10-03T18:39:27.929562+09:00
20261001,22,福岡,10,20261001-22-10,4,4220,深川和仁,44,香川,55.0,B1,5.58,38.89,4.81,25.93,18,34.55,101,31.15,,3,https://www1.mbrace.or.jp/od2/B/202610/b261001.lzh,2026-10-03T18:39:27.929562+09:00
20261001,22,福岡,10,20261001-22-10,5,4311,岡村仁,42,大阪,57.0,A1,6.11,46.24,6.06,45.45,58,35.97,147,23.93,,,https://www1.mbrace.or.jp/od2/B/202610/b261001.lzh,2026-10-03T18:39:27.929562+09:00
20261001,22,福岡,10,20261001-22-10,6,4428,有賀達也,41,埼玉,54.0,A2,6.35,44.04,5.65,23.08,48,22.39,114,32.76,,6,https://www1.mbrace.or.jp/od2/B/202610/b261001.lzh,2026-10-03T18:39:27.929562+09:00
20261001,22,福岡,11,20261001-22-11,1,4459,片岡雅裕,40,香川,53.0,A2,6.41,45.33,5.0,18.75,30,33.94,119,31.93,,6,https://www1.mbrace.or.jp/od2/B/202610/b261001.lzh,2026-10-03T18:39:27.929562+09:00
20261001,22,福岡,11,20261001-22-11,2,4788,小池哲也,37,大阪,55.0,A2,5.51,33.33,5.42,32.26,12,36.62,166,27.83,,,https://www1.mbrace.or.jp/od2/B/202610/b261001.lzh,2026-10-03T18:39:27.929562+09:00
20261001,22,福岡,11,20261001-22-11,3,4579,中嶋健一,37,三重,55.0,A2,6.12,40.78,6.35,29.41,47,19.83,159,35.9,,7,https://www1.mbrace.or.jp/od2/B/202610/b261001.lzh,2026-10-03T18:39:27.929562+09:00
20261001,22,福岡,11,20261001-22-11,4,4645,上村純一,46,群馬,53.0,A1,6.68,47.83,6.05,50.0,11,37.16,104,31.36,,,https://www1.mbrace.or.jp/od2/B/202610/b261001.lzh,2026-10-03T18:39:27.929562+09:00
20261001,22,福岡,11,20261001-22-11,5,3745,橋本年光,51,兵庫,52.0,B1,5.29,27.08,6.23,43.33,52,40.0,109,39.5,,4,https://www1.mbrace.or.jp/od2/B/202610/b261001.lzh,2026-10-03T18:39:27.929562+09:00
20261001,22,福岡,11,20261001-22-11,6,5092,篠原晟弥,25,福岡,52.0,A2,5.65,39.71,6.16,47.48,28,33.07,163,30.7,,5,https://www1.mbrace.or.jp/od2/B/202610/b261001.lzh,2026-10-03T18:39:27.929562+09:00
20261001,22,福岡,12,20261001-22-12,1,5121,定松勇樹,25,佐賀,53.0,A1,7.32,46.67,7.38,75.0,19,34.35,138,44.07,,3,https://www1.mbrace.or.jp/od2/B/202610/b261001.lzh,2026-10-03T18:39:27.929562+09:00
20261001,22,福岡,12,20261001-22-12,2,3473,石川真二,56,福岡,52.0,A1,6.97,56.2,6.81,49.46,34,42.47,174,40.17,,8,https://www1.mbrace.or.jp/od2/B/202610/b261001.lzh,2026-10-03T18:39:27.929562+09:00
20261001,22,福岡,12,20261001-22-12,3,5068,前田滉,26,愛知,51.0,A1,7.97,67.59,7.2,50.0,46,26.57,102,23.21,,5,https://www1.mbrace.or.jp/od2/B/202610/b261001.lzh,2026-10-03T18:39:27.929562+09:00
20261001,22,福岡,12,20261001-22-12,4,4184,渡邊雄一,40,大阪,52.0,A1,7.17,55.43,6.93,58.62,39,40.0,154,16.83,,1,https://www1.mbrace.or.jp/od2/B/202610/b261001.lzh,2026-10-03T18:39:27.929562+09:00
20261001,22,福岡,12,20261001-22-12,5,5016,宮田龍馬,28,兵庫,53.0,A1,7.06,45.83,5.73,37.5,49,37.59,110,38.94,,6,https://www1.mbrace.or.jp/od2/B/202610/b261001.lzh,2026-10-03T18:39:27.929562+09:00
20261001,22,福岡,12,20261001-22-12,6,4798,浜先真範,33,広島,52.0,A1,6.94,50.0,6.07,44.44,70,34.23,116,33.33,,7,https://www1.mbrace.or.jp/od2/B/202610/b261001.lzh,2026-10-03T18:39:27.929562+09:00
20261001,19,下関,1,20261001-19-01,1,4844,村上奈穂,33,広島,51.0,B1,4.13,20.24,4.52,24.14,18,52.04,31,36.17,,11,https://www1.mbrace.or.jp/od2/B/202610/b261001.lzh,2026-10-03T18:39:27.929562+09:00
20261001,19,下関,1,20261001-19-01,2,5335,森陽多,21,長崎,46.0,B1,3.34,17.65,3.96,20.83,50,35.56,59,34.41,,8,https://www1.mbrace.or.jp/od2/B/202610/b261001.lzh,2026-10-03T18:39:27.929562+09:00
20261001,19,下関,1,20261001-19-01,3,5342,原村百那,24,山口,47.0,B2,2.86,11.59,2.03,5.19,39,41.58,19,33.0,,10,https://www1.mbrace.or.jp/od2/B/202610/b261001.lzh,2026-10-03T18:39:27.929562+09:00
20261001,19,下関,1,20261001-19-01,4,5416,龍田真白,20,三重,44.0,B1,3.32,14.49,3.56,11.11,30,41.24,44,28.57,,7,https://www1.mbrace.or.jp/od2/B/202610/b261001.lzh,2026-10-03T18:39:27.929562+09:00
20261001,19,下関,1,20261001-19-01,5,5165,小林愛実,26,岡山,47.0,B1,5.01,28.4,3.13,0.0,69,42.11,45,42.42,,,https://www1.mbrace.or.jp/od2/B/202610/b261001.lzh,2026-10-03T18:39:27.929562+09:00
20261001,19,下関,1,20261001-19-01,6,4791,黒澤めぐ,36,東京,48.0,B1,6.15,39.81,5.75,50.0,23,22.47,26,31.25,,6,https://www1.mbrace.or.jp/od2/B/202610/b261001.lzh,2026-10-03T18:39:27.929562+09:00
20261001,19,下関,2,20261001-19-02,1,4720,西澤日花,32,長崎,48.0,B1,3.38,11.59,4.96,29.17,53,25.51,21,38.3,,7,https://www1.mbrace.or.jp/od2/B/202610/b261001.lzh,2026-10-03T18:39:27.929562+09:00
20261001,19,下関,2,20261001-19-02,2,4678,水野望美,37,愛知,47.0,B1,4.23,20.0,5.15,36.96,15,34.41,40,37.76,,,https://www1.mbrace.or.jp/od2/B/202610/b261001.lzh,2026-10-03T18:39:27.929562+09:00
20261001,19,下関,2,20261001-19-02,3,4014,片岡恵里,46,山口,47.0,A2,5.48,34.44,5.46,35.92,40,41.05,34,35.0,,12,https://www1.mbrace.or.jp/od2/B/202610/b261001.lzh,2026-10-03T18:39:27.929562+09:00
20261001,19,下関,2,20261001-19-02,4,5287,滝沢織寧,27,埼玉,47.0,B1,3.65,11.11,3.22,11.11,73,25.0,22,31.18,,11,https://www1.mbrace.or.jp/od2/B/202610/b261001.lzh,2026-10-03T18:39:27.929562+09:00
20261001,19,下関,2,20261001-19-02,5,5317,長尾萌加,25,岡山,44.0,B1,4.65,21.21,3.96,13.33,24,36.73,29,24.0,,6,https://www1.mbrace.or.jp/od2/B/202610/b261001.lzh,2026-10-03T18:39:27.929562+09:00
20261001,19,下関,2,20261001-19-02,6,5265,大廣咲季,26,香川,46.0,B1,3.88,18.28,2.82,0.0,60,22.58,48,24.0,,10,https://www1.mbrace.or.jp/od2/B/202610/b261001.lzh,2026-10-03T18:39:27.929562+09:00
20261001,19,下関,3,20261001-19-03,1,5052,赤井星璃,31,大阪,50.0,B1,4.0,22.0,0.0,0.0,38,39.58,47,27.27,,7,https://www1.mbrace.or.jp/od2/B/202610/b261001.lzh,2026-10-03T18:39:27.929562+09:00
20261001,19,下関,3,20261001-19-03,2,5189,藤原早菜,25,岡山,46.0,A2,5.24,28.95,5.8,37.14,46,43.27,43,38.78,,10,https://www1.mbrace.or.jp/od2/B/202610/b261001.lzh,2026-10-03T18:39:27.929562+09:00
20261001,19,下関,3,20261001-19-03,3,4775,千葉真弥,32,静岡,46.0,A2,5.84,37.68,5.82,32.14,58,31.82,33,30.85,,11,https://www1.mbrace.or.jp/od2/B/202610/b261001.lzh,2026-10-03T18:39:27.929562+09:00
20261001,19,下関,3,20261001-19-03,4,4045,佐々木裕,46,山口,48.0,B1,4.78,31.76,5.15,38.78,71,41.49,32,25.81,,8,https://www1.mbrace.or.jp/od2/B/202610/b261001.lzh,2026-10-03T18:39:27.929562+09:00
20261001,19,下関,3,20261001-19-03,5,4400,加藤奈月,38,福井,52.0,B1,4.11,13.75,2.78,11.11,45,26.0,65,41.41,,,https://www1.mbrace.or.jp/od2/B/202610/b261001.lzh,2026-10-03T18:39:27.929562+09:00
20261001,19,下関,3,20261001-19-03,6,5360,高木茉白,20,埼玉,46.0,B1,3.17,15.25,2.29,14.29,72,27.84,68,42.55,,,https://www1.mbrace.or.jp/od2/B/202610/b261001.lzh,2026-10-03T18:39:27.929562+09:00
20261001,19,下関,4,20261001-19-04,1,5322,根岸真優,24,埼玉,44.0,B1,3.85,17.71,2.24,4.76,47,34.34,42,34.74,,,https://www1.mbrace.or.jp/od2/B/202610/b261001.lzh,2026-10-03T18:39:27.929562+09:00
20261001,19,下関,4,20261001-19-04,2,4373,若狭奈美,38,岡山,46.0,A1,6.01,37.0,5.86,41.38,17,48.45,73,33.33,,12,https://www1.mbrace.or.jp/od2/B/202610/b261001.lzh,2026-10-03T18:39:27.929562+09:00
20261001,19,下関,4,20261001-19-04,3,4893,渡邉真奈,36,東京,47.0,B1,5.34,35.0,0.0,0.0,57,41.05,70,32.32,,8,https://www1.mbrace.or.jp/od2/B/202610/b261001.lzh,2026-10-03T18:39:27.929562+09:00
20261001,19,下関,4,20261001-19-04,4,5391,出穂和鼓,18,山口,52.0,B2,1.7,4.23,1.7,2.41,59,41.24,16,27.27,,9,https://www1.mbrace.or.jp/od2/B/202610/b261001.lzh,2026-10-03T18:39:27.929562+09:00
20261001,19,下関,4,20261001-19-04,5,4372,原田佑実,39,大阪,47.0,A2,6.28,46.39,5.95,40.91,27,38.0,55,37.89,,11,https://www1.mbrace.or.jp/od2/B/202610/b261001.lzh,2026-10-03T18:39:27.929562+09:00
20261001,19,下関,4,20261001-19-04,6,5440,薗頭心,21,兵庫,48.0,B2,1.51,1.75,1.5,0.0,52,38.3,66,31.58,,,https://www1.mbrace.or.jp/od2/B/202610/b261001.lzh,2026-10-03T18:39:27.929562+09:00
20261001,19,下関,5,20261001-19-05,1,4556,竹井奈美,37,福岡,47.0,A1,6.55,50.54,6.27,43.24,12,51.52,41,44.44,,12,https://www1.mbrace.or.jp/od2/B/202610/b261001.lzh,2026-10-03T18:39:27.929562+09:00
20261001,19,下関,5,20261001-19-05,2,4997,濱崎寿里,33,埼玉,49.0,B2,3.41,16.22,0.0,0.0,14,38.38,64,36.17,,,https://www1.mbrace.or.jp/od2/B/202610/b261001.lzh,2026-10-03T18:39:27.929562+09:00
20261001,19,下関,5,20261001-19-05,3,3943,三松直美,47,岡山,69.0,B2,2.1,2.5,3.43,14.29,43,40.0,50,30.3,,,https://www1.mbrace.or.jp/od2/B/202610/b261001.lzh,2026-10-03T18:39:27.929562+09:00
20261001,19,下関,5,20261001-19-05,4,5195,北村寧々,25,長崎,48.0,A2,5.52,37.5,4.36,14.29,54,26.04,12,21.88,,10,https://www1.mbrace.or.jp/od2/B/202610/b261001.lzh,2026-10-03T18:39:27.929562+09:00
20261001,19,下関,5,20261001-19-05,5,4730,土屋実沙,37,静岡,47.0,B1,5.19,32.94,5.24,33.33,42,32.32,15,30.85,,9,https://www1.mbrace.or.jp/od2/B/202610/b261001.lzh,2026-10-03T18:39:27.929562+09:00
20261001,19,下関,5,20261001-19-05,6,5437,中澤里桜,21,香川,51.0,B2,1.54,1.92,0.0,0.0,48,37.25,39,26.8,,,https://www1.mbrace.or.jp/od2/B/202610/b261001.lzh,2026-10-03T18:39:27.929562+09:00
20261001,19,下関,6,20261001-19-06,1,4804,高田ひか,32,三重,49.0,A1,6.23,42.24,6.88,58.82,49,36.73,72,25.51,,12,https://www1.mbrace.or.jp/od2/B/202610/b261001.lzh,2026-10-03T18:39:27.929562+09:00
20261001,19,下関,6,20261001-19-06,2,4791,黒澤めぐ,36,東京,48.0,B1,6.15,39.81,5.75,50.0,23,22.47,26,31.25,,1,https://www1.mbrace.or.jp/od2/B/202610/b261001.lzh,2026-10-03T18:39:27.929562+09:00
20261001,19,下関,6,20261001-19-06,3,5146,野田彩加,23,山口,50.0,A2,5.15,31.87,5.26,29.25,65,31.25,23,45.05,,11,https://www1.mbrace.or.jp/od2/B/202610/b261001.lzh,2026-10-03T18:39:27.929562+09:00
20261001,19,下関,6,20261001-19-06,4,5317,長尾萌加,25,岡山,44.0,B1,4.65,21.21,3.96,13.33,24,36.73,29,24.0,,2,https://www1.mbrace.or.jp/od2/B/202610/b261001.lzh,2026-10-03T18:39:27.929562+09:00
20261001,19,下関,6,20261001-19-06,5,5250,嶋田有里,24,長崎,46.0,B1,5.03,25.56,2.56,12.0,44,30.19,63,32.99,,10,https://www1.mbrace.or.jp/od2/B/202610/b261001.lzh,2026-10-03T18:39:27.929562+09:00
20261001,19,下関,6,20261001-19-06,6,4947,間庭菜摘,34,福岡,48.0,B1,5.02,26.79,4.51,16.28,64,20.43,20,21.88,,,https://www1.mbrace.or.jp/od2/B/202610/b261001.lzh,2026-10-03T18:39:27.929562+09:00
20261001,19,下関,7,20261001-19-07,1,4784,向井田真,38,広島,51.0,B1,3.96,16.33,4.7,24.24,19,27.52,56,44.0,,,https://www1.mbrace.or.jp/od2/B/202610/b261001.lzh,2026-10-03T18:39:27.929562+09:00
20261001,19,下関,7,20261001-19-07,2,5052,赤井星璃,31,大阪,50.0,B1,4.0,22.0,0.0,0.0,38,39.58,47,27.27,,3,https://www1.mbrace.or.jp/od2/B/202610/b261001.lzh,2026-10-03T18:39:27.929562+09:00
20261001,19,下関,7,20261001-19-07,3,4536,喜井つか,36,岡山,47.0,A2,6.07,42.99,5.72,37.93,16,32.26,51,42.86,,11,https://www1.mbrace.or.jp/od2/B/202610/b261001.lzh,2026-10-03T18:39:27.929562+09:00
20261001,19,下関,7,20261001-19-07,4,4720,西澤日花,32,長崎,48.0,B1,3.38,11.59,4.96,29.17,53,25.51,21,38.3,,2,https://www1.mbrace.or.jp/od2/B/202610/b261001.lzh,2026-10-03T18:39:27.929562+09:00
20261001,19,下関,7,20261001-19-07,5,4387,平山智加,41,香川,46.0,A1,6.9,51.72,6.33,45.45,55,33.68,14,31.63,,12,https://www1.mbrace.or.jp/od2/B/202610/b261001.lzh,2026-10-03T18:39:27.929562+09:00
20261001,19,下関,7,20261001-19-07,6,5416,龍田真白,20,三重,44.0,B1,3.32,14.49,3.56,11.11,30,41.24,44,28.57,,1,https://www1.mbrace.or.jp/od2/B/202610/b261001.lzh,2026-10-03T18:39:27.929562+09:00
20261001,19,下関,8,20261001-19-08,1,4938,小芦るり,29,佐賀,47.0,A1,6.33,40.65,5.41,29.73,51,28.13,17,35.11,,12,https://www1.mbrace.or.jp/od2/B/202610/b261001.lzh,2026-10-03T18:39:27.929562+09:00
20261001,19,下関,8,20261001-19-08,2,4045,佐々木裕,46,山口,48.0,B1,4.78,31.76,5.15,38.78,71,41.49,32,25.81,,3,https://www1.mbrace.or.jp/od2/B/202610/b261001.lzh,2026-10-03T18:39:27.929562+09:00
20261001,19,下関,8,20261001-19-08,3,5326,三嶌さら,22,香川,47.0,B1,5.0,30.43,1.5,0.0,13,32.14,36,33.33,,,https://www1.mbrace.or.jp/od2/B/202610/b261001.lzh,2026-10-03T18:39:27.929562+09:00
20261001,19,下関,8,20261001-19-08,4,3845,中谷朋子,50,兵庫,44.0,A2,5.91,47.06,7.27,54.55,28,31.52,49,39.39,,,https://www1.mbrace.or.jp/od2/B/202610/b261001.lzh,2026-10-03T18:39:27.929562+09:00
20261001,19,下関,8,20261001-19-08,5,5335,森陽多,21,長崎,46.0,B1,3.34,17.65,3.96,20.83,50,35.56,59,34.41,,1,https://www1.mbrace.or.jp/od2/B/202610/b261001.lzh,2026-10-03T18:39:27.929562+09:00
20261001,19,下関,8,20261001-19-08,6,4893,渡邉真奈,36,東京,47.0,B1,5.34,35.0,0.0,0.0,57,41.05,70,32.32,,4,https://www1.mbrace.or.jp/od2/B/202610/b261001.lzh,2026-10-03T18:39:27.929562+09:00
20261001,19,下関,9,20261001-19-09,1,4730,土屋実沙,37,静岡,47.0,B1,5.19,32.94,5.24,33.33,42,32.32,15,30.85,,5,https://www1.mbrace.or.jp/od2/B/202610/b261001.lzh,2026-10-03T18:39:27.929562+09:00
20261001,19,下関,9,20261001-19-09,2,3334,角ひとみ,58,広島,45.0,A2,5.45,34.26,6.65,58.7,70,28.13,62,26.53,,,https://www1.mbrace.or.jp/od2/B/202610/b261001.lzh,2026-10-03T18:39:27.929562+09:00
20261001,19,下関,9,20261001-19-09,3,4642,松尾夏海,34,香川,48.0,A2,6.97,51.82,7.08,52.0,31,38.68,46,25.53,,,https://www1.mbrace.or.jp/od2/B/202610/b261001.lzh,2026-10-03T18:39:27.929562+09:00
20261001,19,下関,9,20261001-19-09,4,4927,関野文,32,大阪,45.0,A2,6.04,42.0,6.44,46.88,62,42.86,27,30.93,,,https://www1.mbrace.or.jp/od2/B/202610/b261001.lzh,2026-10-03T18:39:27.929562+09:00
20261001,19,下関,9,20261001-19-09,5,5391,出穂和鼓,18,山口,52.0,B2,1.7,4.23,1.7,2.41,59,41.24,16,27.27,,4,https://www1.mbrace.or.jp/od2/B/202610/b261001.lzh,2026-10-03T18:39:27.929562+09:00
20261001,19,下関,9,20261001-19-09,6,4853,前原哉,31,岡山,45.0,B1,4.38,18.27,5.09,26.09,36,29.67,58,43.43,,,https://www1.mbrace.or.jp/od2/B/202610/b261001.lzh,2026-10-03T18:39:27.929562+09:00
20261001,19,下関,10,20261001-19-10,1,5045,平川香織,26,埼玉,46.0,A2,7.0,50.0,6.05,41.03,21,38.14,38,32.26,,,https://www1.mbrace.or.jp/od2/B/202610/b261001.lzh,2026-10-03T18:39:27.929562+09:00
20261001,19,下関,10,20261001-19-10,2,5195,北村寧々,25,長崎,48.0,A2,5.52,37.5,4.36,14.29,54,26.04,12,21.88,,5,https://www1.mbrace.or.jp/od2/B/202610/b261001.lzh,2026-10-03T18:39:27.929562+09:00
20261001,19,下関,10,20261001-19-10,3,5265,大廣咲季,26,香川,46.0,B1,3.88,18.28,2.82,0.0,60,22.58,48,24.0,,2,https://www1.mbrace.or.jp/od2/B/202610/b261001.lzh,2026-10-03T18:39:27.929562+09:00
20261001,19,下関,10,20261001-19-10,4,5250,嶋田有里,24,長崎,46.0,B1,5.03,25.56,2.56,12.0,44,30.19,63,32.99,,6,https://www1.mbrace.or.jp/od2/B/202610/b261001.lzh,2026-10-03T18:39:27.929562+09:00
20261001,19,下関,10,20261001-19-10,5,5189,藤原早菜,25,岡山,46.0,A2,5.24,28.95,5.8,37.14,46,43.27,43,38.78,,3,https://www1.mbrace.or.jp/od2/B/202610/b261001.lzh,2026-10-03T18:39:27.929562+09:00
20261001,19,下関,10,20261001-19-10,6,5342,原村百那,24,山口,47.0,B2,2.86,11.59,2.03,5.19,39,41.58,19,33.0,,1,https://www1.mbrace.or.jp/od2/B/202610/b261001.lzh,2026-10-03T18:39:27.929562+09:00
20261001,19,下関,11,20261001-19-11,1,4775,千葉真弥,32,静岡,46.0,A2,5.84,37.68,5.82,32.14,58,31.82,33,30.85,,3,https://www1.mbrace.or.jp/od2/B/202610/b261001.lzh,2026-10-03T18:39:27.929562+09:00
20261001,19,下関,11,20261001-19-11,2,5146,野田彩加,23,山口,50.0,A2,5.15,31.87,5.26,29.25,65,31.25,23,45.05,,6,https://www1.mbrace.or.jp/od2/B/202610/b261001.lzh,2026-10-03T18:39:27.929562+09:00
20261001,19,下関,11,20261001-19-11,3,4372,原田佑実,39,大阪,47.0,A2,6.28,46.39,5.95,40.91,27,38.0,55,37.89,,4,https://www1.mbrace.or.jp/od2/B/202610/b261001.lzh,2026-10-03T18:39:27.929562+09:00
20261001,19,下関,11,20261001-19-11,4,4844,村上奈穂,33,広島,51.0,B1,4.13,20.24,4.52,24.14,18,52.04,31,36.17,,1,https://www1.mbrace.or.jp/od2/B/202610/b261001.lzh,2026-10-03T18:39:27.929562+09:00
20261001,19,下関,11,20261001-19-11,5,4536,喜井つか,36,岡山,47.0,A2,6.07,42.99,5.72,37.93,16,32.26,51,42.86,,7,https://www1.mbrace.or.jp/od2/B/202610/b261001.lzh,2026-10-03T18:39:27.929562+09:00
20261001,19,下関,11,20261001-19-11,6,5287,滝沢織寧,27,埼玉,47.0,B1,3.65,11.11,3.22,11.11,73,25.0,22,31.18,,2,https://www1.mbrace.or.jp/od2/B/202610/b261001.lzh,2026-10-03T18:39:27.929562+09:00
20261001,19,下関,12,20261001-19-12,1,4387,平山智加,41,香川,46.0,A1,6.9,51.72,6.33,45.45,55,33.68,14,31.63,,7,https://www1.mbrace.or.jp/od2/B/202610/b261001.lzh,2026-10-03T18:39:27.929562+09:00
20261001,19,下関,12,20261001-19-12,2,4556,竹井奈美,37,福岡,47.0,A1,6.55,50.54,6.27,43.24,12,51.52,41,44.44,,5,https://www1.mbrace.or.jp/od2/B/202610/b261001.lzh,2026-10-03T18:39:27.929562+09:00
20261001,19,下関,12,20261001-19-12,3,4804,高田ひか,32,三重,49.0,A1,6.23,42.24,6.88,58.82,49,36.73,72,25.51,,6,https://www1.mbrace.or.jp/od2/B/202610/b261001.lzh,2026-10-03T18:39:27.929562+09:00
20261001,19,下関,12,20261001-19-12,4,4373,若狭奈美,38,岡山,46.0,A1,6.01,37.0,5.86,41.38,17,48.45,73,33.33,,4,https://www1.mbrace.or.jp/od2/B/202610/b261001.lzh,2026-10-03T18:39:27.929562+09:00
20261001,19,下関,12,20261001-19-12,5,4938,小芦るり,29,佐賀,47.0,A1,6.33,40.65,5.41,29.73,51,28.13,17,35.11,,8,https://www1.mbrace.or.jp/od2/B/202610/b261001.lzh,2026-10-03T18:39:27.929562+09:00
20261001,19,下関,12,20261001-19-12,6,4014,片岡恵里,46,山口,47.0,A2,5.48,34.44,5.46,35.92,40,41.05,34,35.0,,2,https://www1.mbrace.or.jp/od2/B/202610/b261001.lzh,2026-10-03T18:39:27.929562+09:00
20261001,16,児島,1,20261001-16-01,1,3908,重成一人,48,香川,57.0,A1,5.96,40.0,7.1,58.33,15,28.57,54,36.79,543 6,8,https://www1.mbrace.or.jp/od2/B/202610/b261001.lzh,2026-10-03T18:39:27.929562+09:00
20261001,16,児島,1,20261001-16-01,2,4502,遠藤エミ,38,滋賀,46.0,A1,7.4,53.44,8.1,65.0,67,30.91,39,37.81,634 3,11,https://www1.mbrace.or.jp/od2/B/202610/b261001.lzh,2026-10-03T18:39:27.929562+09:00
20261001,16,児島,1,20261001-16-01,3,4959,井上忠政,30,大阪,53.0,A1,7.52,57.03,7.73,66.67,57,32.73,18,34.83,345 6,7,https://www1.mbrace.or.jp/od2/B/202610/b261001.lzh,2026-10-03T18:39:27.929562+09:00
20261001,16,児島,1,20261001-16-01,4,4686,丸野一樹,35,滋賀,54.0,A1,7.91,53.91,7.09,45.45,63,31.7,61,31.68,6 541,9,https://www1.mbrace.or.jp/od2/B/202610/b261001.lzh,2026-10-03T18:39:27.929562+09:00
20261001,16,児島,1,20261001-16-01,5,4370,山口達也,39,岡山,52.0,A1,6.81,56.25,6.62,53.02,30,37.67,47,30.41,141 3,10,https://www1.mbrace.or.jp/od2/B/202610/b261001.lzh,2026-10-03T18:39:27.929562+09:00
20261001,16,児島,1,20261001-16-01,6,4907,小池修平,31,大阪,53.0,A1,7.24,57.14,8.6,85.0,68,34.23,32,30.96,2 365,,https://www1.mbrace.or.jp/od2/B/202610/b261001.lzh,2026-10-03T18:39:27.929562+09:00
20261001,16,児島,2,20261001-16-02,1,4704,河野大,38,徳島,52.0,A1,6.33,44.59,6.03,43.55,60,43.87,48,33.66,4 4 55,,https://www1.mbrace.or.jp/od2/B/202610/b261001.lzh,2026-10-03T18:39:27.929562+09:00
20261001,16,児島,2,20261001-16-02,2,4503,上野真之,38,佐賀,52.0,A1,7.98,63.31,7.89,66.67,64,33.95,57,34.0,213 6,9,https://www1.mbrace.or.jp/od2/B/202610/b261001.lzh,2026-10-03T18:39:27.929562+09:00
20261001,16,児島,2,20261001-16-02,3,3960,菊地孝平,48,静岡,55.0,A1,6.7,39.84,6.79,47.37,54,30.29,38,42.93,554 6,10,https://www1.mbrace.or.jp/od2/B/202610/b261001.lzh,2026-10-03T18:39:27.929562+09:00
20261001,16,児島,2,20261001-16-02,4,5051,松本純平,31,埼玉,56.0,A1,6.42,43.2,6.7,50.0,61,35.62,19,37.88,6 2 45,,https://www1.mbrace.or.jp/od2/B/202610/b261001.lzh,2026-10-03T18:39:27.929562+09:00
20261001,16,児島,2,20261001-16-02,5,4659,木下翔太,35,大阪,55.0,A1,7.61,57.34,7.21,55.17,29,29.9,51,30.2,3 S46,8,https://www1.mbrace.or.jp/od2/B/202610/b261001.lzh,2026-10-03T18:39:27.929562+09:00
20261001,16,児島,2,20261001-16-02,6,4831,羽野直也,31,福岡,57.0,A1,7.17,54.21,7.13,37.5,38,35.71,34,39.18,221 2,7,https://www1.mbrace.or.jp/od2/B/202610/b261001.lzh,2026-10-03T18:39:27.929562+09:00
20261001,16,児島,3,20261001-16-03,1,4812,西野雄貴,36,徳島,50.0,A1,7.79,67.37,0.0,0.0,35,43.72,59,32.83,254 5,8,https://www1.mbrace.or.jp/od2/B/202610/b261001.lzh,2026-10-03T18:39:27.929562+09:00
20261001,16,児島,3,20261001-16-03,2,4713,白神優,36,岡山,53.0,A1,6.14,38.14,6.87,50.56,33,24.88,74,34.85,6 256,,https://www1.mbrace.or.jp/od2/B/202610/b261001.lzh,2026-10-03T18:39:27.929562+09:00
20261001,16,児島,3,20261001-16-03,3,4352,下條雄太,40,長崎,52.0,A1,7.6,55.29,6.72,48.28,22,36.15,58,38.46,4 5 34,,https://www1.mbrace.or.jp/od2/B/202610/b261001.lzh,2026-10-03T18:39:27.929562+09:00
20261001,16,児島,3,20261001-16-03,4,4205,山口剛,44,広島,53.0,A1,7.52,49.51,7.89,77.78,32,27.83,46,30.35,463 2,9,https://www1.mbrace.or.jp/od2/B/202610/b261001.lzh,2026-10-03T18:39:27.929562+09:00
20261001,16,児島,3,20261001-16-03,5,4586,磯部誠,36,愛知,55.0,A1,7.67,53.79,0.0,0.0,55,47.93,17,37.69,323 2,10,https://www1.mbrace.or.jp/od2/B/202610/b261001.lzh,2026-10-03T18:39:27.929562+09:00
20261001,16,児島,3,20261001-16-03,6,4266,長田頼宗,41,東京,54.0,A1,7.47,54.17,4.88,25.0,24,33.03,63,34.59,1 4 24,,https://www1.mbrace.or.jp/od2/B/202610/b261001.lzh,2026-10-03T18:39:27.929562+09:00
20261001,16,児島,4,20261001-16-04,1,3984,坂口周,48,三重,54.0,A1,6.03,36.99,0.0,0.0,37,34.11,23,33.33,453 6,10,https://www1.mbrace.or.jp/od2/B/202610/b261001.lzh,2026-10-03T18:39:27.929562+09:00
20261001,16,児島,4,20261001-16-04,2,4445,宮地元輝,39,佐賀,55.0,A1,7.11,46.23,6.56,40.74,18,31.16,43,38.19,4 414,11,https://www1.mbrace.or.jp/od2/B/202610/b261001.lzh,2026-10-03T18:39:27.929562+09:00
20261001,16,児島,4,20261001-16-04,3,4851,関浩哉,31,群馬,50.0,A1,7.58,48.33,6.78,55.56,23,34.27,14,35.2,235 54,,https://www1.mbrace.or.jp/od2/B/202610/b261001.lzh,2026-10-03T18:39:27.929562+09:00
20261001,16,児島,4,20261001-16-04,4,4590,渡邉優美,34,福岡,49.0,A1,6.51,42.28,7.4,60.0,16,36.12,70,31.28,3 6 64,,https://www1.mbrace.or.jp/od2/B/202610/b261001.lzh,2026-10-03T18:39:27.929562+09:00
20261001,16,児島,4,20261001-16-04,5,4361,柳生泰二,41,山口,52.0,A1,7.27,55.28,6.63,42.11,59,27.98,15,40.51,161 5,12,https://www1.mbrace.or.jp/od2/B/202610/b261001.lzh,2026-10-03T18:39:27.929562+09:00
20261001,16,児島,4,20261001-16-04,6,3744,徳増秀樹,51,静岡,54.0,A1,6.03,43.26,6.69,48.28,49,37.21,30,34.18,1 6 56,,https://www1.mbrace.or.jp/od2/B/202610/b261001.lzh,2026-10-03T18:39:27.929562+09:00
20261001,16,児島,5,20261001-16-05,1,4928,栗城匠,31,東京,52.0,A1,6.65,49.57,6.73,53.66,41,34.11,26,35.18,1 531,,https://www1.mbrace.or.jp/od2/B/202610/b261001.lzh,2026-10-03T18:39:27.929562+09:00
20261001,16,児島,5,20261001-16-05,2,4482,守屋美穂,37,岡山,46.0,A1,6.09,39.18,7.17,58.33,53,33.49,60,30.43,5 6 34,,https://www1.mbrace.or.jp/od2/B/202610/b261001.lzh,2026-10-03T18:39:27.929562+09:00
20261001,16,児島,5,20261001-16-05,3,4444,桐生順平,39,埼玉,51.0,A1,7.39,41.41,7.35,62.16,20,47.27,56,32.99,3 311,12,https://www1.mbrace.or.jp/od2/B/202610/b261001.lzh,2026-10-03T18:39:27.929562+09:00
20261001,16,児島,5,20261001-16-05,4,4980,佐々木完,30,山口,50.0,A1,6.97,50.82,6.8,46.43,11,29.82,69,30.96,141 5,11,https://www1.mbrace.or.jp/od2/B/202610/b261001.lzh,2026-10-03T18:39:27.929562+09:00
20261001,16,児島,5,20261001-16-05,5,3415,松井繁,56,大阪,52.0,A1,6.93,43.9,7.64,50.0,27,35.27,62,34.17,356 51,,https://www1.mbrace.or.jp/od2/B/202610/b261001.lzh,2026-10-03T18:39:27.929562+09:00
20261001,16,児島,5,20261001-16-05,6,4537,渡邉和将,36,岡山,50.0,A1,6.94,47.55,6.66,43.93,62,39.25,20,30.3,1 6F3,,https://www1.mbrace.or.jp/od2/B/202610/b261001.lzh,2026-10-03T18:39:27.929562+09:00
20261001,16,児島,6,20261001-16-06,1,4528,黒井達矢,38,埼玉,53.0,A1,6.52,42.27,6.0,33.33,52,27.93,42,34.01,4 464,,https://www1.mbrace.or.jp/od2/B/202610/b261001.lzh,2026-10-03T18:39:27.929562+09:00
20261001,16,児島,6,20261001-16-06,2,4398,船岡洋一,39,広島,53.0,A1,6.44,47.76,5.87,46.15,14,28.11,45,36.63,6 415,,https://www1.mbrace.or.jp/od2/B/202610/b261001.lzh,2026-10-03T18:39:27.929562+09:00
20261001,16,児島,6,20261001-16-06,3,4468,大池佑来,39,東京,51.0,A1,6.94,53.39,7.39,61.11,13,36.57,68,39.49,6 6 22,,https://www1.mbrace.or.jp/od2/B/202610/b261001.lzh,2026-10-03T18:39:27.929562+09:00
20261001,16,児島,6,20261001-16-06,4,4762,藤原啓史,36,岡山,50.0,A1,7.36,56.06,7.52,58.18,58,33.82,49,46.63,1 331,12,https://www1.mbrace.or.jp/od2/B/202610/b261001.lzh,2026-10-03T18:39:27.929562+09:00
20261001,16,児島,6,20261001-16-06,5,4371,西山貴浩,39,福岡,53.0,A1,7.16,44.35,6.44,33.33,45,27.78,29,30.85,622 3,11,https://www1.mbrace.or.jp/od2/B/202610/b261001.lzh,2026-10-03T18:39:27.929562+09:00
20261001,16,児島,6,20261001-16-06,6,3822,平尾崇典,53,岡山,50.0,A1,6.45,48.67,6.76,51.18,65,34.58,31,35.03,5 152,,https://www1.mbrace.or.jp/od2/B/202610/b261001.lzh,2026-10-03T18:39:27.929562+09:00
20261001,16,児島,7,20261001-16-07,1,4959,井上忠政,30,大阪,53.0,A1,7.52,57.03,7.73,66.67,57,32.73,18,34.83,345 6,1,https://www1.mbrace.or.jp/od2/B/202610/b261001.lzh,2026-10-03T18:39:27.929562+09:00
20261001,16,児島,7,20261001-16-07,2,4787,椎名豊,38,群馬,53.0,A1,7.65,65.67,6.56,44.44,50,39.82,50,36.98,612 3,12,https://www1.mbrace.or.jp/od2/B/202610/b261001.lzh,2026-10-03T18:39:27.929562+09:00
20261001,16,児島,7,20261001-16-07,3,4772,石丸海渡,33,香川,55.0,A1,6.71,50.88,6.29,50.0,34,31.63,36,36.41,6 2 62,,https://www1.mbrace.or.jp/od2/B/202610/b261001.lzh,2026-10-03T18:39:27.929562+09:00
20261001,16,児島,7,20261001-16-07,4,4831,羽野直也,31,福岡,57.0,A1,7.17,54.21,7.13,37.5,38,35.71,34,39.18,221 2,2,https://www1.mbrace.or.jp/od2/B/202610/b261001.lzh,2026-10-03T18:39:27.929562+09:00
20261001,16,児島,7,20261001-16-07,5,4166,吉田拡郎,44,岡山,54.0,A1,7.55,56.3,7.58,65.47,21,37.79,22,32.0,1 6533,,https://www1.mbrace.or.jp/od2/B/202610/b261001.lzh,2026-10-03T18:39:27.929562+09:00
20261001,16,児島,7,20261001-16-07,6,4677,片橋幸貴,38,滋賀,53.0,A1,5.99,43.55,5.92,44.74,36,35.29,27,32.14,5 244,,https://www1.mbrace.or.jp/od2/B/202610/b261001.lzh,2026-10-03T18:39:27.929562+09:00
20261001,16,児島,8,20261001-16-08,1,4659,木下翔太,35,大阪,55.0,A1,7.61,57.34,7.21,55.17,29,29.9,51,30.2,3 S46,2,https://www1.mbrace.or.jp/od2/B/202610/b261001.lzh,2026-10-03T18:39:27.929562+09:00
20261001,16,児島,8,20261001-16-08,2,3908,重成一人,48,香川,57.0,A1,5.96,40.0,7.1,58.33,15,28.57,54,36.79,543 6,1,https://www1.mbrace.or.jp/od2/B/202610/b261001.lzh,2026-10-03T18:39:27.929562+09:00
20261001,16,児島,8,20261001-16-08,3,4581,吉村誠,37,静岡,52.0,A1,6.52,48.76,6.44,51.22,26,29.68,71,42.79,5 2 45,,https://www1.mbrace.or.jp/od2/B/202610/b261001.lzh,2026-10-03T18:39:27.929562+09:00
20261001,16,児島,8,20261001-16-08,4,3941,池田浩二,48,愛知,53.0,A1,7.68,47.24,8.61,78.57,25,27.65,65,35.23,2 3F11,,https://www1.mbrace.or.jp/od2/B/202610/b261001.lzh,2026-10-03T18:39:27.929562+09:00
20261001,16,児島,8,20261001-16-08,5,4812,西野雄貴,36,徳島,50.0,A1,7.79,67.37,0.0,0.0,35,43.72,59,32.83,254 5,3,https://www1.mbrace.or.jp/od2/B/202610/b261001.lzh,2026-10-03T18:39:27.929562+09:00
20261001,16,児島,8,20261001-16-08,6,4324,海野康志,38,山口,60.0,A1,7.1,55.24,7.67,66.67,12,40.57,40,32.31,332 63,,https://www1.mbrace.or.jp/od2/B/202610/b261001.lzh,2026-10-03T18:39:27.929562+09:00
20261001,16,児島,9,20261001-16-09,1,4205,山口剛,44,広島,53.0,A1,7.52,49.51,7.89,77.78,32,27.83,46,30.35,463 2,3,https://www1.mbrace.or.jp/od2/B/202610/b261001.lzh,2026-10-03T18:39:27.929562+09:00
20261001,16,児島,9,20261001-16-09,2,4397,西村拓也,39,大阪,52.0,A1,7.39,60.0,7.42,64.52,69,35.65,75,32.63,2 521,,https://www1.mbrace.or.jp/od2/B/202610/b261001.lzh,2026-10-03T18:39:27.929562+09:00
20261001,16,児島,9,20261001-16-09,3,4686,丸野一樹,35,滋賀,54.0,A1,7.91,53.91,7.09,45.45,63,31.7,61,31.68,6 541,1,https://www1.mbrace.or.jp/od2/B/202610/b261001.lzh,2026-10-03T18:39:27.929562+09:00
20261001,16,児島,9,20261001-16-09,4,4074,柳沢一,45,愛知,51.0,A1,6.5,45.86,6.7,41.67,17,38.64,44,32.66,3 5 62,,https://www1.mbrace.or.jp/od2/B/202610/b261001.lzh,2026-10-03T18:39:27.929562+09:00
20261001,16,児島,9,20261001-16-09,5,4776,竹田和哉,32,香川,53.0,A1,7.28,53.24,7.29,57.14,56,36.36,52,31.68,6 421,,https://www1.mbrace.or.jp/od2/B/202610/b261001.lzh,2026-10-03T18:39:27.929562+09:00
20261001,16,児島,9,20261001-16-09,6,4503,上野真之,38,佐賀,52.0,A1,7.98,63.31,7.89,66.67,64,33.95,57,34.0,213 6,2,https://www1.mbrace.or.jp/od2/B/202610/b261001.lzh,2026-10-03T18:39:27.929562+09:00
20261001,16,児島,10,20261001-16-10,1,4586,磯部誠,36,愛知,55.0,A1,7.67,53.79,0.0,0.0,55,47.93,17,37.69,323 2,3,https://www1.mbrace.or.jp/od2/B/202610/b261001.lzh,2026-10-03T18:39:27.929562+09:00
20261001,16,児島,10,20261001-16-10,2,3783,瓜生正義,50,福岡,54.0,A1,6.77,39.01,0.0,0.0,42,31.48,64,38.74,5 2134,,https://www1.mbrace.or.jp/od2/B/202610/b261001.lzh,2026-10-03T18:39:27.929562+09:00
20261001,16,児島,10,20261001-16-10,3,3984,坂口周,48,三重,54.0,A1,6.03,36.99,0.0,0.0,37,34.11,23,33.33,453 6,4,https://www1.mbrace.or.jp/od2/B/202610/b261001.lzh,2026-10-03T18:39:27.929562+09:00
20261001,16,児島,10,20261001-16-10,4,3779,原田幸哉,50,長崎,52.0,A1,6.5,37.61,6.8,60.0,66,34.55,66,33.67,5 5 41,,https://www1.mbrace.or.jp/od2/B/202610/b261001.lzh,2026-10-03T18:39:27.929562+09:00
20261001,16,児島,10,20261001-16-10,5,3960,菊地孝平,48,静岡,55.0,A1,6.7,39.84,6.79,47.37,54,30.29,38,42.93,554 6,2,https://www1.mbrace.or.jp/od2/B/202610/b261001.lzh,2026-10-03T18:39:27.929562+09:00
20261001,16,児島,10,20261001-16-10,6,4370,山口達也,39,岡山,52.0,A1,6.81,56.25,6.62,53.02,30,37.67,47,30.41,141 3,1,https://www1.mbrace.or.jp/od2/B/202610/b261001.lzh,2026-10-03T18:39:27.929562+09:00
20261001,16,児島,11,20261001-16-11,1,4371,西山貴浩,39,福岡,53.0,A1,7.16,44.35,6.44,33.33,45,27.78,29,30.85,622 3,6,https://www1.mbrace.or.jp/od2/B/202610/b261001.lzh,2026-10-03T18:39:27.929562+09:00
20261001,16,児島,11,20261001-16-11,2,4584,村岡賢人,36,岡山,53.0,A1,6.73,47.0,6.95,53.42,19,41.67,41,30.85,2 132,,https://www1.mbrace.or.jp/od2/B/202610/b261001.lzh,2026-10-03T18:39:27.929562+09:00
20261001,16,児島,11,20261001-16-11,3,4980,佐々木完,30,山口,50.0,A1,6.97,50.82,6.8,46.43,11,29.82,69,30.96,141 5,5,https://www1.mbrace.or.jp/od2/B/202610/b261001.lzh,2026-10-03T18:39:27.929562+09:00
20261001,16,児島,11,20261001-16-11,4,4497,桑原悠,39,長崎,54.0,A1,7.47,57.14,8.0,80.0,31,32.73,33,38.66,4 621,,https://www1.mbrace.or.jp/od2/B/202610/b261001.lzh,2026-10-03T18:39:27.929562+09:00
20261001,16,児島,11,20261001-16-11,5,4445,宮地元輝,39,佐賀,55.0,A1,7.11,46.23,6.56,40.74,18,31.16,43,38.19,4 414,4,https://www1.mbrace.or.jp/od2/B/202610/b261001.lzh,2026-10-03T18:39:27.929562+09:00
20261001,16,児島,11,20261001-16-11,6,4502,遠藤エミ,38,滋賀,46.0,A1,7.4,53.44,8.1,65.0,67,30.91,39,37.81,634 3,1,https://www1.mbrace.or.jp/od2/B/202610/b261001.lzh,2026-10-03T18:39:27.929562+09:00
20261001,16,児島,12,20261001-16-12,1,4444,桐生順平,39,埼玉,51.0,A1,7.39,41.41,7.35,62.16,20,47.27,56,32.99,3 311,5,https://www1.mbrace.or.jp/od2/B/202610/b261001.lzh,2026-10-03T18:39:27.929562+09:00
20261001,16,児島,12,20261001-16-12,2,4361,柳生泰二,41,山口,52.0,A1,7.27,55.28,6.63,42.11,59,27.98,15,40.51,161 5,4,https://www1.mbrace.or.jp/od2/B/202610/b261001.lzh,2026-10-03T18:39:27.929562+09:00
20261001,16,児島,12,20261001-16-12,3,4762,藤原啓史,36,岡山,50.0,A1,7.36,56.06,7.52,58.18,58,33.82,49,46.63,1 331,6,https://www1.mbrace.or.jp/od2/B/202610/b261001.lzh,2026-10-03T18:39:27.929562+09:00
20261001,16,児島,12,20261001-16-12,4,4320,峰竜太,41,佐賀,51.0,A1,8.71,62.11,8.11,55.56,44,40.0,25,32.84,311 23,,https://www1.mbrace.or.jp/od2/B/202610/b261001.lzh,2026-10-03T18:39:27.929562+09:00
20261001,16,児島,12,20261001-16-12,5,4787,椎名豊,38,群馬,53.0,A1,7.65,65.67,6.56,44.44,50,39.82,50,36.98,612 3,7,https://www1.mbrace.or.jp/od2/B/202610/b261001.lzh,2026-10-03T18:39:27.929562+09:00
20261001,16,児島,12,20261001-16-12,6,4960,黒野元基,30,愛知,52.0,A1,7.19,55.07,6.41,44.12,39,38.07,73,34.34,421 12,,https://www1.mbrace.or.jp/od2/B/202610/b261001.lzh,2026-10-03T18:39:27.929562+09:00
20261001,15,丸亀,1,20261001-15-01,1,5354,渡邊雄斗,21,三重,52.0,B1,4.49,24.49,0.0,0.0,58,0.0,51,32.56,252 326 14,9,https://www1.mbrace.or.jp/od2/B/202610/b261001.lzh,2026-10-03T18:39:27.929562+09:00
20261001,15,丸亀,1,20261001-15-01,2,5206,梅原祥平,29,岡山,53.0,B1,4.49,18.48,5.46,33.33,49,33.33,19,39.13,,7,https://www1.mbrace.or.jp/od2/B/202610/b261001.lzh,2026-10-03T18:39:27.929562+09:00
20261001,15,丸亀,1,20261001-15-01,3,5333,山下智己,22,兵庫,50.0,B2,3.68,16.44,1.6,0.0,45,37.5,31,52.5,5 565 553,8,https://www1.mbrace.or.jp/od2/B/202610/b261001.lzh,2026-10-03T18:39:27.929562+09:00
20261001,15,丸亀,1,20261001-15-01,4,4511,中岡健人,37,香川,57.0,B1,4.65,23.66,4.72,23.33,50,87.5,34,41.3,,6,https://www1.mbrace.or.jp/od2/B/202610/b261001.lzh,2026-10-03T18:39:27.929562+09:00
20261001,15,丸亀,1,20261001-15-01,5,5346,中村紋夕,23,愛知,47.0,B1,3.27,7.32,2.0,0.0,33,0.0,66,45.0,655 6 646,7,https://www1.mbrace.or.jp/od2/B/202610/b261001.lzh,2026-10-03T18:39:27.929562+09:00
20261001,15,丸亀,1,20261001-15-01,6,5418,堀内亜海,20,大阪,58.0,B2,1.05,0.0,1.0,0.0,10,16.67,23,28.57,6 666 655,5,https://www1.mbrace.or.jp/od2/B/202610/b261001.lzh,2026-10-03T18:39:27.929562+09:00
20261001,15,丸亀,2,20261001-15-02,1,3305,小野信樹,58,岡山,54.0,B1,3.5,13.64,4.06,22.58,31,0.0,55,30.77,554 151 46,,https://www1.mbrace.or.jp/od2/B/202610/b261001.lzh,2026-10-03T18:39:27.929562+09:00
20261001,15,丸亀,2,20261001-15-02,2,4821,妻鳥晋也,34,香川,55.0,B1,5.03,29.59,5.07,31.25,25,0.0,21,27.91,151 244 14,10,https://www1.mbrace.or.jp/od2/B/202610/b261001.lzh,2026-10-03T18:39:27.929562+09:00
20261001,15,丸亀,2,20261001-15-02,3,5027,重冨勇哉,29,山口,53.0,B1,4.49,26.53,4.35,15.0,12,37.5,65,32.65,,12,https://www1.mbrace.or.jp/od2/B/202610/b261001.lzh,2026-10-03T18:39:27.929562+09:00
20261001,15,丸亀,2,20261001-15-02,4,5026,安河内健,31,佐賀,56.0,A1,6.42,48.84,6.7,45.0,11,44.44,24,52.27,3432223 13,9,https://www1.mbrace.or.jp/od2/B/202610/b261001.lzh,2026-10-03T18:39:27.929562+09:00
20261001,15,丸亀,2,20261001-15-02,5,4281,大澤大夢,42,埼玉,53.0,B1,5.14,28.85,6.0,41.67,34,25.0,38,34.15,1 162 2262,11,https://www1.mbrace.or.jp/od2/B/202610/b261001.lzh,2026-10-03T18:39:27.929562+09:00
20261001,15,丸亀,2,20261001-15-02,6,5464,宮田栞,19,福岡,49.0,B2,1.25,0.0,0.0,0.0,36,22.22,28,25.0,6 664 466,,https://www1.mbrace.or.jp/od2/B/202610/b261001.lzh,2026-10-03T18:39:27.929562+09:00
20261001,15,丸亀,3,20261001-15-03,1,3161,古場輝義,66,大阪,53.0,B1,4.91,26.25,4.75,21.43,32,0.0,41,43.18,2 34252 35,11,https://www1.mbrace.or.jp/od2/B/202610/b261001.lzh,2026-10-03T18:39:27.929562+09:00
20261001,15,丸亀,3,20261001-15-03,2,4580,長谷川雅,37,岡山,53.0,B1,5.82,38.95,6.25,50.0,13,30.0,61,36.96,,8,https://www1.mbrace.or.jp/od2/B/202610/b261001.lzh,2026-10-03T18:39:27.929562+09:00
20261001,15,丸亀,3,20261001-15-03,3,5348,小林甘寧,22,広島,54.0,B1,5.79,40.0,3.44,22.22,48,55.56,53,36.96,,12,https://www1.mbrace.or.jp/od2/B/202610/b261001.lzh,2026-10-03T18:39:27.929562+09:00
20261001,15,丸亀,3,20261001-15-03,4,5207,高山敬悟,29,福岡,53.0,B1,5.19,35.23,4.78,38.89,39,40.0,60,24.14,431 463 16,,https://www1.mbrace.or.jp/od2/B/202610/b261001.lzh,2026-10-03T18:39:27.929562+09:00
20261001,15,丸亀,3,20261001-15-03,5,4064,原田篤志,46,山口,52.0,A1,6.45,47.71,6.77,40.0,60,0.0,25,38.1,2524121 31,9,https://www1.mbrace.or.jp/od2/B/202610/b261001.lzh,2026-10-03T18:39:27.929562+09:00
20261001,15,丸亀,3,20261001-15-03,6,5471,田中結,17,大阪,48.0,B2,1.54,0.0,0.0,0.0,9,0.0,3,39.02,666 646 56,,https://www1.mbrace.or.jp/od2/B/202610/b261001.lzh,2026-10-03T18:39:27.929562+09:00
20261001,15,丸亀,4,20261001-15-04,1,4630,岩永雅人,39,愛知,53.0,A2,5.29,33.73,6.0,34.69,27,0.0,12,21.21,4 133 1422,10,https://www1.mbrace.or.jp/od2/B/202610/b261001.lzh,2026-10-03T18:39:27.929562+09:00
20261001,15,丸亀,4,20261001-15-04,2,3869,井芹大志,51,福岡,53.0,B1,4.3,23.38,4.57,14.29,40,22.22,52,45.45,464 255 65,,https://www1.mbrace.or.jp/od2/B/202610/b261001.lzh,2026-10-03T18:39:27.929562+09:00
20261001,15,丸亀,4,20261001-15-04,3,5359,佐藤世那,20,東京,55.0,B1,4.6,31.17,4.9,35.0,6,25.0,54,45.45,451 141 23,9,https://www1.mbrace.or.jp/od2/B/202610/b261001.lzh,2026-10-03T18:39:27.929562+09:00
20261001,15,丸亀,4,20261001-15-04,4,3977,山本兼士,49,大阪,53.0,B1,4.4,16.81,5.2,30.0,30,0.0,49,33.33,664 254 44,,https://www1.mbrace.or.jp/od2/B/202610/b261001.lzh,2026-10-03T18:39:27.929562+09:00
20261001,15,丸亀,4,20261001-15-04,5,4300,加藤綾,43,三重,51.0,B1,5.27,37.27,4.6,26.67,37,25.0,27,50.0,3 461 6325,,https://www1.mbrace.or.jp/od2/B/202610/b261001.lzh,2026-10-03T18:39:27.929562+09:00
20261001,15,丸亀,4,20261001-15-04,6,3898,平田忠則,49,福岡,54.0,A1,7.72,65.94,7.48,58.7,5,33.33,8,30.23,12316 2122,10,https://www1.mbrace.or.jp/od2/B/202610/b261001.lzh,2026-10-03T18:39:27.929562+09:00
20261001,15,丸亀,5,20261001-15-05,1,4754,松尾充,38,三重,52.0,A2,6.43,44.37,5.33,25.93,63,0.0,11,27.78,323 443634,9,https://www1.mbrace.or.jp/od2/B/202610/b261001.lzh,2026-10-03T18:39:27.929562+09:00
20261001,15,丸亀,5,20261001-15-05,2,5231,寺田空詩,22,山口,46.0,B1,6.31,44.71,4.33,33.33,29,0.0,44,33.33,244 5 5235,,https://www1.mbrace.or.jp/od2/B/202610/b261001.lzh,2026-10-03T18:39:27.929562+09:00
20261001,15,丸亀,5,20261001-15-05,3,3775,泉啓文,52,岡山,59.0,B1,3.85,20.75,5.19,38.46,24,0.0,33,26.67,3 363 1123,10,https://www1.mbrace.or.jp/od2/B/202610/b261001.lzh,2026-10-03T18:39:27.929562+09:00
20261001,15,丸亀,5,20261001-15-05,4,5418,堀内亜海,20,大阪,58.0,B2,1.05,0.0,1.0,0.0,10,16.67,23,28.57,6 666 655,1,https://www1.mbrace.or.jp/od2/B/202610/b261001.lzh,2026-10-03T18:39:27.929562+09:00
20261001,15,丸亀,5,20261001-15-05,5,4823,中村桃佳,33,香川,44.0,A2,6.76,52.34,6.51,51.02,3,0.0,63,27.03,2 23323142,11,https://www1.mbrace.or.jp/od2/B/202610/b261001.lzh,2026-10-03T18:39:27.929562+09:00
20261001,15,丸亀,5,20261001-15-05,6,4514,上條嘉嗣,36,大阪,53.0,A1,6.41,53.15,6.98,57.5,65,0.0,14,42.86,331 113141,9,https://www1.mbrace.or.jp/od2/B/202610/b261001.lzh,2026-10-03T18:39:27.929562+09:00
20261001,15,丸亀,6,20261001-15-06,1,4191,赤羽克也,45,埼玉,54.0,A1,6.59,50.0,5.41,37.5,61,0.0,58,35.29,4 16332415,10,https://www1.mbrace.or.jp/od2/B/202610/b261001.lzh,2026-10-03T18:39:27.929562+09:00
20261001,15,丸亀,6,20261001-15-06,2,4511,中岡健人,37,香川,57.0,B1,4.65,23.66,4.72,23.33,50,87.5,34,41.3,,1,https://www1.mbrace.or.jp/od2/B/202610/b261001.lzh,2026-10-03T18:39:27.929562+09:00
20261001,15,丸亀,6,20261001-15-06,3,4672,守屋大地,40,岡山,52.0,B1,4.41,27.62,4.37,21.05,38,66.67,62,37.21,6 13631223,11,https://www1.mbrace.or.jp/od2/B/202610/b261001.lzh,2026-10-03T18:39:27.929562+09:00
20261001,15,丸亀,6,20261001-15-06,4,5177,松井貫太,30,福岡,50.0,B1,4.49,20.83,3.22,0.0,35,25.0,48,44.44,4 245 3433,,https://www1.mbrace.or.jp/od2/B/202610/b261001.lzh,2026-10-03T18:39:27.929562+09:00
20261001,15,丸亀,6,20261001-15-06,5,3484,芝田浩治,54,兵庫,53.0,A2,5.99,46.02,6.17,47.83,1,44.44,39,28.26,36511 5415,12,https://www1.mbrace.or.jp/od2/B/202610/b261001.lzh,2026-10-03T18:39:27.929562+09:00
20261001,15,丸亀,6,20261001-15-06,6,4095,福来剛,45,東京,51.0,A1,6.98,55.93,7.3,50.0,7,11.11,22,25.0,163 111241,10,https://www1.mbrace.or.jp/od2/B/202610/b261001.lzh,2026-10-03T18:39:27.929562+09:00
20261001,15,丸亀,7,20261001-15-07,1,4053,芦澤望,48,東京,57.0,A2,5.36,33.7,6.77,56.67,28,0.0,57,25.0,142 152554,11,https://www1.mbrace.or.jp/od2/B/202610/b261001.lzh,2026-10-03T18:39:27.929562+09:00
20261001,15,丸亀,7,20261001-15-07,2,5262,鈴木章司,28,愛知,53.0,B1,4.07,18.31,3.14,7.14,57,0.0,17,31.11,3 342 3545,,https://www1.mbrace.or.jp/od2/B/202610/b261001.lzh,2026-10-03T18:39:27.929562+09:00
20261001,15,丸亀,7,20261001-15-07,3,5346,中村紋夕,23,愛知,47.0,B1,3.27,7.32,2.0,0.0,33,0.0,66,45.0,655 6 646,1,https://www1.mbrace.or.jp/od2/B/202610/b261001.lzh,2026-10-03T18:39:27.929562+09:00
20261001,15,丸亀,7,20261001-15-07,4,5206,梅原祥平,29,岡山,53.0,B1,4.49,18.48,5.46,33.33,49,33.33,19,39.13,,1,https://www1.mbrace.or.jp/od2/B/202610/b261001.lzh,2026-10-03T18:39:27.929562+09:00
20261001,15,丸亀,7,20261001-15-07,5,5010,宇留田翔,29,三重,55.0,A2,5.68,39.32,6.0,0.0,26,0.0,56,37.21,4 25416451,12,https://www1.mbrace.or.jp/od2/B/202610/b261001.lzh,2026-10-03T18:39:27.929562+09:00
20261001,15,丸亀,7,20261001-15-07,6,4545,岡村慶太,38,福岡,58.0,A1,7.07,58.2,7.33,71.43,47,25.0,16,23.81,11313 1331,11,https://www1.mbrace.or.jp/od2/B/202610/b261001.lzh,2026-10-03T18:39:27.929562+09:00
20261001,15,丸亀,8,20261001-15-08,1,4260,中越博紀,42,香川,54.0,B1,5.78,44.88,5.5,36.3,8,50.0,30,21.05,1 65135 66,,https://www1.mbrace.or.jp/od2/B/202610/b261001.lzh,2026-10-03T18:39:27.929562+09:00
20261001,15,丸亀,8,20261001-15-08,2,5333,山下智己,22,兵庫,50.0,B2,3.68,16.44,1.6,0.0,45,37.5,31,52.5,5 565 553,1,https://www1.mbrace.or.jp/od2/B/202610/b261001.lzh,2026-10-03T18:39:27.929562+09:00
20261001,15,丸亀,8,20261001-15-08,3,5098,大江純,30,愛知,53.0,B1,5.08,33.33,4.88,34.62,64,0.0,2,60.98,2 24653 14,,https://www1.mbrace.or.jp/od2/B/202610/b261001.lzh,2026-10-03T18:39:27.929562+09:00
20261001,15,丸亀,8,20261001-15-08,4,4925,森悠稀,33,兵庫,53.0,A2,6.05,40.18,5.54,36.96,44,12.5,43,34.09,1 523 5256,12,https://www1.mbrace.or.jp/od2/B/202610/b261001.lzh,2026-10-03T18:39:27.929562+09:00
20261001,15,丸亀,8,20261001-15-08,5,4580,長谷川雅,37,岡山,53.0,B1,5.82,38.95,6.25,50.0,13,30.0,61,36.96,,3,https://www1.mbrace.or.jp/od2/B/202610/b261001.lzh,2026-10-03T18:39:27.929562+09:00
20261001,15,丸亀,8,20261001-15-08,6,4193,郷原章平,45,福岡,52.0,A2,6.15,44.85,4.82,27.27,4,44.44,37,38.1,525 354262,,https://www1.mbrace.or.jp/od2/B/202610/b261001.lzh,2026-10-03T18:39:27.929562+09:00
20261001,15,丸亀,9,20261001-15-09,1,4514,上條嘉嗣,36,大阪,53.0,A1,6.41,53.15,6.98,57.5,65,0.0,14,42.86,331 113141,5,https://www1.mbrace.or.jp/od2/B/202610/b261001.lzh,2026-10-03T18:39:27.929562+09:00
20261001,15,丸亀,9,20261001-15-09,2,4064,原田篤志,46,山口,52.0,A1,6.45,47.71,6.77,40.0,60,0.0,25,38.1,2524121 31,3,https://www1.mbrace.or.jp/od2/B/202610/b261001.lzh,2026-10-03T18:39:27.929562+09:00
20261001,15,丸亀,9,20261001-15-09,3,5026,安河内健,31,佐賀,56.0,A1,6.42,48.84,6.7,45.0,11,44.44,24,52.27,3432223 13,2,https://www1.mbrace.or.jp/od2/B/202610/b261001.lzh,2026-10-03T18:39:27.929562+09:00
20261001,15,丸亀,9,20261001-15-09,4,5359,佐藤世那,20,東京,55.0,B1,4.6,31.17,4.9,35.0,6,25.0,54,45.45,451 141 23,4,https://www1.mbrace.or.jp/od2/B/202610/b261001.lzh,2026-10-03T18:39:27.929562+09:00
20261001,15,丸亀,9,20261001-15-09,5,4754,松尾充,38,三重,52.0,A2,6.43,44.37,5.33,25.93,63,0.0,11,27.78,323 443634,5,https://www1.mbrace.or.jp/od2/B/202610/b261001.lzh,2026-10-03T18:39:27.929562+09:00
20261001,15,丸亀,9,20261001-15-09,6,5354,渡邊雄斗,21,三重,52.0,B1,4.49,24.49,0.0,0.0,58,0.0,51,32.56,252 326 14,1,https://www1.mbrace.or.jp/od2/B/202610/b261001.lzh,2026-10-03T18:39:27.929562+09:00
20261001,15,丸亀,10,20261001-15-10,1,4095,福来剛,45,東京,51.0,A1,6.98,55.93,7.3,50.0,7,11.11,22,25.0,163 111241,6,https://www1.mbrace.or.jp/od2/B/202610/b261001.lzh,2026-10-03T18:39:27.929562+09:00
20261001,15,丸亀,10,20261001-15-10,2,3898,平田忠則,49,福岡,54.0,A1,7.72,65.94,7.48,58.7,5,33.33,8,30.23,12316 2122,4,https://www1.mbrace.or.jp/od2/B/202610/b261001.lzh,2026-10-03T18:39:27.929562+09:00
20261001,15,丸亀,10,20261001-15-10,3,4630,岩永雅人,39,愛知,53.0,A2,5.29,33.73,6.0,34.69,27,0.0,12,21.21,4 133 1422,4,https://www1.mbrace.or.jp/od2/B/202610/b261001.lzh,2026-10-03T18:39:27.929562+09:00
20261001,15,丸亀,10,20261001-15-10,4,3775,泉啓文,52,岡山,59.0,B1,3.85,20.75,5.19,38.46,24,0.0,33,26.67,3 363 1123,5,https://www1.mbrace.or.jp/od2/B/202610/b261001.lzh,2026-10-03T18:39:27.929562+09:00
20261001,15,丸亀,10,20261001-15-10,5,4821,妻鳥晋也,34,香川,55.0,B1,5.03,29.59,5.07,31.25,25,0.0,21,27.91,151 244 14,2,https://www1.mbrace.or.jp/od2/B/202610/b261001.lzh,2026-10-03T18:39:27.929562+09:00
20261001,15,丸亀,10,20261001-15-10,6,4191,赤羽克也,45,埼玉,54.0,A1,6.59,50.0,5.41,37.5,61,0.0,58,35.29,4 16332415,6,https://www1.mbrace.or.jp/od2/B/202610/b261001.lzh,2026-10-03T18:39:27.929562+09:00
20261001,15,丸亀,11,20261001-15-11,1,4545,岡村慶太,38,福岡,58.0,A1,7.07,58.2,7.33,71.43,47,25.0,16,23.81,11313 1331,7,https://www1.mbrace.or.jp/od2/B/202610/b261001.lzh,2026-10-03T18:39:27.929562+09:00
20261001,15,丸亀,11,20261001-15-11,2,4281,大澤大夢,42,埼玉,53.0,B1,5.14,28.85,6.0,41.67,34,25.0,38,34.15,1 162 2262,2,https://www1.mbrace.or.jp/od2/B/202610/b261001.lzh,2026-10-03T18:39:27.929562+09:00
20261001,15,丸亀,11,20261001-15-11,3,4823,中村桃佳,33,香川,44.0,A2,6.76,52.34,6.51,51.02,3,0.0,63,27.03,2 23323142,5,https://www1.mbrace.or.jp/od2/B/202610/b261001.lzh,2026-10-03T18:39:27.929562+09:00
20261001,15,丸亀,11,20261001-15-11,4,4672,守屋大地,40,岡山,52.0,B1,4.41,27.62,4.37,21.05,38,66.67,62,37.21,6 13631223,6,https://www1.mbrace.or.jp/od2/B/202610/b261001.lzh,2026-10-03T18:39:27.929562+09:00
20261001,15,丸亀,11,20261001-15-11,5,4053,芦澤望,48,東京,57.0,A2,5.36,33.7,6.77,56.67,28,0.0,57,25.0,142 152554,7,https://www1.mbrace.or.jp/od2/B/202610/b261001.lzh,2026-10-03T18:39:27.929562+09:00
20261001,15,丸亀,11,20261001-15-11,6,3161,古場輝義,66,大阪,53.0,B1,4.91,26.25,4.75,21.43,32,0.0,41,43.18,2 34252 35,3,https://www1.mbrace.or.jp/od2/B/202610/b261001.lzh,2026-10-03T18:39:27.929562+09:00
20261001,15,丸亀,12,20261001-15-12,1,4925,森悠稀,33,兵庫,53.0,A2,6.05,40.18,5.54,36.96,44,12.5,43,34.09,1 523 5256,8,https://www1.mbrace.or.jp/od2/B/202610/b261001.lzh,2026-10-03T18:39:27.929562+09:00
20261001,15,丸亀,12,20261001-15-12,2,5010,宇留田翔,29,三重,55.0,A2,5.68,39.32,6.0,0.0,26,0.0,56,37.21,4 25416451,7,https://www1.mbrace.or.jp/od2/B/202610/b261001.lzh,2026-10-03T18:39:27.929562+09:00
20261001,15,丸亀,12,20261001-15-12,3,3484,芝田浩治,54,兵庫,53.0,A2,5.99,46.02,6.17,47.83,1,44.44,39,28.26,36511 5415,6,https://www1.mbrace.or.jp/od2/B/202610/b261001.lzh,2026-10-03T18:39:27.929562+09:00
20261001,15,丸亀,12,20261001-15-12,4,5027,重冨勇哉,29,山口,53.0,B1,4.49,26.53,4.35,15.0,12,37.5,65,32.65,,2,https://www1.mbrace.or.jp/od2/B/202610/b261001.lzh,2026-10-03T18:39:27.929562+09:00
20261001,15,丸亀,12,20261001-15-12,5,5348,小林甘寧,22,広島,54.0,B1,5.79,40.0,3.44,22.22,48,55.56,53,36.96,,3,https://www1.mbrace.or.jp/od2/B/202610/b261001.lzh,2026-10-03T18:39:27.929562+09:00
20261001,15,丸亀,12,20261001-15-12,6,4715,村上遼,34,長崎,52.0,A1,6.72,45.88,5.28,32.0,23,0.0,9,31.71,11122 332F,,https://www1.mbrace.or.jp/od2/B/202610/b261001.lzh,2026-10-03T18:39:27.929562+09:00
20261001,14,鳴門,1,20261001-14-01,1,4596,葛原大陽,43,徳島,52.0,A2,6.07,39.34,6.31,46.89,53,32.05,70,36.36,132 4525,10,https://www1.mbrace.or.jp/od2/B/202610/b261001.lzh,2026-10-03T18:39:27.929562+09:00
20261001,14,鳴門,1,20261001-14-01,2,3477,近藤稔也,56,徳島,53.0,B1,3.88,14.77,4.74,27.7,37,50.56,62,31.76,525 5 56,,https://www1.mbrace.or.jp/od2/B/202610/b261001.lzh,2026-10-03T18:39:27.929562+09:00
20261001,14,鳴門,1,20261001-14-01,3,5356,長谷川暖,21,岡山,51.0,B1,4.83,27.14,2.36,0.0,39,20.93,57,24.39,3 465 43,,https://www1.mbrace.or.jp/od2/B/202610/b261001.lzh,2026-10-03T18:39:27.929562+09:00
20261001,14,鳴門,1,20261001-14-01,4,3967,鈴木茂高,47,愛知,58.0,B1,4.22,25.29,0.0,0.0,66,43.96,71,26.09,3 54344,,https://www1.mbrace.or.jp/od2/B/202610/b261001.lzh,2026-10-03T18:39:27.929562+09:00
20261001,14,鳴門,1,20261001-14-01,5,5271,杉山太陽,25,福岡,53.0,B1,4.07,18.27,3.21,8.33,38,37.93,25,19.54,4 163 63,,https://www1.mbrace.or.jp/od2/B/202610/b261001.lzh,2026-10-03T18:39:27.929562+09:00
20261001,14,鳴門,1,20261001-14-01,6,5451,知念伶奈,21,佐賀,47.0,B2,1.29,2.63,0.0,0.0,60,30.0,31,33.71,666 666,,https://www1.mbrace.or.jp/od2/B/202610/b261001.lzh,2026-10-03T18:39:27.929562+09:00
20261001,14,鳴門,2,20261001-14-02,1,3900,香川素子,49,滋賀,47.0,A2,6.1,43.43,6.36,44.83,35,28.41,79,34.44,3542242,12,https://www1.mbrace.or.jp/od2/B/202610/b261001.lzh,2026-10-03T18:39:27.929562+09:00
20261001,14,鳴門,2,20261001-14-02,2,4887,富澤祐作,39,群馬,55.0,B1,4.98,31.71,5.92,40.0,62,34.09,13,35.23,146 453,7,https://www1.mbrace.or.jp/od2/B/202610/b261001.lzh,2026-10-03T18:39:27.929562+09:00
20261001,14,鳴門,2,20261001-14-02,3,3933,山地正樹,50,岡山,53.0,B1,6.13,46.28,5.05,32.43,22,33.0,14,40.96,232 421,11,https://www1.mbrace.or.jp/od2/B/202610/b261001.lzh,2026-10-03T18:39:27.929562+09:00
20261001,14,鳴門,2,20261001-14-02,4,4693,松下誉士,42,福岡,54.0,B1,4.24,26.42,5.29,42.86,81,25.93,80,20.24,5 22316,8,https://www1.mbrace.or.jp/od2/B/202610/b261001.lzh,2026-10-03T18:39:27.929562+09:00
20261001,14,鳴門,2,20261001-14-02,5,5428,古園井綾,24,佐賀,50.0,B2,1.06,0.0,1.0,0.0,15,51.61,52,34.44,666 6 6,6,https://www1.mbrace.or.jp/od2/B/202610/b261001.lzh,2026-10-03T18:39:27.929562+09:00
20261001,14,鳴門,2,20261001-14-02,6,4506,稗田聖也,38,福岡,52.0,A1,6.28,47.41,6.83,53.33,25,32.29,27,37.35,11235 41,10,https://www1.mbrace.or.jp/od2/B/202610/b261001.lzh,2026-10-03T18:39:27.929562+09:00
20261001,14,鳴門,3,20261001-14-03,1,3915,繁野谷圭,52,大阪,52.0,A2,6.31,45.9,5.61,34.78,70,37.35,33,47.67,52341 25,11,https://www1.mbrace.or.jp/od2/B/202610/b261001.lzh,2026-10-03T18:39:27.929562+09:00
20261001,14,鳴門,3,20261001-14-03,2,5355,萩原丈太,21,福井,57.0,B1,2.57,9.33,2.25,8.33,64,38.37,20,27.59,255 166,9,https://www1.mbrace.or.jp/od2/B/202610/b261001.lzh,2026-10-03T18:39:27.929562+09:00
20261001,14,鳴門,3,20261001-14-03,3,4116,川田正人,45,徳島,52.0,B1,4.47,14.77,5.07,32.17,29,48.0,34,23.86,3 34534,8,https://www1.mbrace.or.jp/od2/B/202610/b261001.lzh,2026-10-03T18:39:27.929562+09:00
20261001,14,鳴門,3,20261001-14-03,4,4694,高田綾,41,福岡,45.0,B1,4.45,20.2,5.06,25.0,77,32.22,29,37.5,156 313,7,https://www1.mbrace.or.jp/od2/B/202610/b261001.lzh,2026-10-03T18:39:27.929562+09:00
20261001,14,鳴門,3,20261001-14-03,5,5462,山浦槙,19,佐賀,48.0,B2,1.63,0.0,2.5,0.0,30,40.0,82,25.84,6 466 6,8,https://www1.mbrace.or.jp/od2/B/202610/b261001.lzh,2026-10-03T18:39:27.929562+09:00
20261001,14,鳴門,3,20261001-14-03,6,4538,笠置博之,36,大阪,54.0,A1,5.25,39.13,6.91,60.87,28,27.85,50,34.09,1 111115,12,https://www1.mbrace.or.jp/od2/B/202610/b261001.lzh,2026-10-03T18:39:27.929562+09:00
20261001,14,鳴門,4,20261001-14-04,1,4286,平田さや,42,東京,47.0,A2,5.99,41.61,5.13,30.43,68,31.76,32,36.47,2 142453,12,https://www1.mbrace.or.jp/od2/B/202610/b261001.lzh,2026-10-03T18:39:27.929562+09:00
20261001,14,鳴門,4,20261001-14-04,2,5307,富永夏哉,23,佐賀,50.0,B1,4.54,27.45,3.19,18.75,80,26.32,55,32.18,414 361,8,https://www1.mbrace.or.jp/od2/B/202610/b261001.lzh,2026-10-03T18:39:27.929562+09:00
20261001,14,鳴門,4,20261001-14-04,3,5312,川辺郭人,26,佐賀,54.0,B1,3.38,7.61,3.25,8.33,31,32.56,77,40.74,6 456 51,,https://www1.mbrace.or.jp/od2/B/202610/b261001.lzh,2026-10-03T18:39:27.929562+09:00
20261001,14,鳴門,4,20261001-14-04,4,3024,西島義則,64,広島,53.0,B2,6.67,61.11,7.32,63.41,72,35.23,54,36.47,4 222132,10,https://www1.mbrace.or.jp/od2/B/202610/b261001.lzh,2026-10-03T18:39:27.929562+09:00
20261001,14,鳴門,4,20261001-14-04,5,5117,冨名腰桃,26,福岡,46.0,B1,5.26,34.62,5.38,46.15,67,39.02,37,34.88,155 3 42,9,https://www1.mbrace.or.jp/od2/B/202610/b261001.lzh,2026-10-03T18:39:27.929562+09:00
20261001,14,鳴門,4,20261001-14-04,6,3499,市川哲也,57,広島,53.0,A1,5.49,34.38,5.94,37.5,83,25.0,22,24.42,222 4114,11,https://www1.mbrace.or.jp/od2/B/202610/b261001.lzh,2026-10-03T18:39:27.929562+09:00
20261001,14,鳴門,5,20261001-14-05,1,4247,齊藤優,44,徳島,56.0,B1,5.37,33.68,5.57,32.84,84,18.18,15,30.43,3 33513,10,https://www1.mbrace.or.jp/od2/B/202610/b261001.lzh,2026-10-03T18:39:27.929562+09:00
20261001,14,鳴門,5,20261001-14-05,2,4092,岡部大輔,45,佐賀,53.0,B1,4.88,27.78,5.63,37.5,18,34.74,78,33.68,4 345 26,,https://www1.mbrace.or.jp/od2/B/202610/b261001.lzh,2026-10-03T18:39:27.929562+09:00
20261001,14,鳴門,5,20261001-14-05,3,3548,室田泰史,56,福井,54.0,A2,5.09,31.78,7.43,57.14,14,39.56,36,26.44,1 161264,10,https://www1.mbrace.or.jp/od2/B/202610/b261001.lzh,2026-10-03T18:39:27.929562+09:00
20261001,14,鳴門,5,20261001-14-05,4,3618,海野ゆか,52,広島,44.0,A1,6.42,48.87,5.75,25.0,58,35.23,24,28.57,44423 21,11,https://www1.mbrace.or.jp/od2/B/202610/b261001.lzh,2026-10-03T18:39:27.929562+09:00
20261001,14,鳴門,5,20261001-14-05,5,4325,新出浩司,43,大阪,52.0,B1,4.43,17.24,4.63,25.71,20,33.71,66,38.46,353 2 65,,https://www1.mbrace.or.jp/od2/B/202610/b261001.lzh,2026-10-03T18:39:27.929562+09:00
20261001,14,鳴門,5,20261001-14-05,6,3874,山本寛久,50,岡山,52.0,A2,7.03,50.43,6.03,41.38,13,30.49,23,30.68,S11 4534,,https://www1.mbrace.or.jp/od2/B/202610/b261001.lzh,2026-10-03T18:39:27.929562+09:00
20261001,14,鳴門,6,20261001-14-06,1,5041,荒牧凪沙,28,福岡,52.0,B1,4.83,30.0,4.53,23.53,82,56.98,76,34.04,3 51621,11,https://www1.mbrace.or.jp/od2/B/202610/b261001.lzh,2026-10-03T18:39:27.929562+09:00
20261001,14,鳴門,6,20261001-14-06,2,3809,吉田光,51,佐賀,51.0,B1,4.31,12.77,4.36,20.0,59,37.08,65,35.23,5 33662,,https://www1.mbrace.or.jp/od2/B/202610/b261001.lzh,2026-10-03T18:39:27.929562+09:00
20261001,14,鳴門,6,20261001-14-06,3,4148,枝尾賢,44,福岡,53.0,A2,6.25,43.44,7.18,54.55,17,25.56,74,40.0,2 315222,12,https://www1.mbrace.or.jp/od2/B/202610/b261001.lzh,2026-10-03T18:39:27.929562+09:00
20261001,14,鳴門,6,20261001-14-06,4,4676,後藤隼之,38,東京,58.0,A2,4.98,23.23,5.0,21.21,57,41.38,35,25.0,2416421,10,https://www1.mbrace.or.jp/od2/B/202610/b261001.lzh,2026-10-03T18:39:27.929562+09:00
20261001,14,鳴門,6,20261001-14-06,5,5036,福田翔吾,28,大阪,53.0,B1,5.58,36.89,4.92,33.33,50,38.04,12,33.33,311 6611,12,https://www1.mbrace.or.jp/od2/B/202610/b261001.lzh,2026-10-03T18:39:27.929562+09:00
20261001,14,鳴門,6,20261001-14-06,6,5428,古園井綾,24,佐賀,50.0,B2,1.06,0.0,1.0,0.0,15,51.61,52,34.44,666 6 6,2,https://www1.mbrace.or.jp/od2/B/202610/b261001.lzh,2026-10-03T18:39:27.929562+09:00
20261001,14,鳴門,7,20261001-14-07,1,3580,水口由紀,53,滋賀,49.0,B1,4.26,16.33,5.57,35.71,74,26.74,39,34.78,5 563 46,,https://www1.mbrace.or.jp/od2/B/202610/b261001.lzh,2026-10-03T18:39:27.929562+09:00
20261001,14,鳴門,7,20261001-14-07,2,4694,高田綾,41,福岡,45.0,B1,4.45,20.2,5.06,25.0,77,32.22,29,37.5,156 313,3,https://www1.mbrace.or.jp/od2/B/202610/b261001.lzh,2026-10-03T18:39:27.929562+09:00
20261001,14,鳴門,7,20261001-14-07,3,3872,岡田憲行,50,大阪,54.0,A2,5.6,33.94,5.68,42.5,21,27.16,69,27.27,26251 14,11,https://www1.mbrace.or.jp/od2/B/202610/b261001.lzh,2026-10-03T18:39:27.929562+09:00
20261001,14,鳴門,7,20261001-14-07,4,4887,富澤祐作,39,群馬,55.0,B1,4.98,31.71,5.92,40.0,62,34.09,13,35.23,146 453,2,https://www1.mbrace.or.jp/od2/B/202610/b261001.lzh,2026-10-03T18:39:27.929562+09:00
20261001,14,鳴門,7,20261001-14-07,5,3439,大平誉史,57,大阪,51.0,A1,5.72,40.83,4.4,20.0,55,35.63,26,31.82,6313133,12,https://www1.mbrace.or.jp/od2/B/202610/b261001.lzh,2026-10-03T18:39:27.929562+09:00
20261001,14,鳴門,7,20261001-14-07,6,4409,坂元浩仁,40,愛知,55.0,A1,6.44,47.83,5.11,11.11,75,28.05,61,31.76,461 5332,,https://www1.mbrace.or.jp/od2/B/202610/b261001.lzh,2026-10-03T18:39:27.929562+09:00
20261001,14,鳴門,8,20261001-14-08,1,4116,川田正人,45,徳島,52.0,B1,4.47,14.77,5.07,32.17,29,48.0,34,23.86,3 34534,3,https://www1.mbrace.or.jp/od2/B/202610/b261001.lzh,2026-10-03T18:39:27.929562+09:00
20261001,14,鳴門,8,20261001-14-08,2,4693,松下誉士,42,福岡,54.0,B1,4.24,26.42,5.29,42.86,81,25.93,80,20.24,5 22316,2,https://www1.mbrace.or.jp/od2/B/202610/b261001.lzh,2026-10-03T18:39:27.929562+09:00
20261001,14,鳴門,8,20261001-14-08,3,4895,門間雄大,35,東京,55.0,A2,4.94,24.04,5.4,20.0,34,30.11,60,34.88,415 2245,,https://www1.mbrace.or.jp/od2/B/202610/b261001.lzh,2026-10-03T18:39:27.929562+09:00
20261001,14,鳴門,8,20261001-14-08,4,3412,鈴木博,57,埼玉,53.0,A1,6.32,47.73,6.92,60.0,19,34.83,68,24.72,55424 52,,https://www1.mbrace.or.jp/od2/B/202610/b261001.lzh,2026-10-03T18:39:27.929562+09:00
20261001,14,鳴門,8,20261001-14-08,5,5307,富永夏哉,23,佐賀,50.0,B1,4.54,27.45,3.19,18.75,80,26.32,55,32.18,414 361,4,https://www1.mbrace.or.jp/od2/B/202610/b261001.lzh,2026-10-03T18:39:27.929562+09:00
20261001,14,鳴門,8,20261001-14-08,6,5462,山浦槙,19,佐賀,48.0,B2,1.63,0.0,2.5,0.0,30,40.0,82,25.84,6 466 6,3,https://www1.mbrace.or.jp/od2/B/202610/b261001.lzh,2026-10-03T18:39:27.929562+09:00
20261001,14,鳴門,9,20261001-14-09,1,3587,武田信一,53,徳島,60.0,B1,3.86,15.66,4.21,17.24,36,21.35,28,40.0,463 4 55,,https://www1.mbrace.or.jp/od2/B/202610/b261001.lzh,2026-10-03T18:39:27.929562+09:00
20261001,14,鳴門,9,20261001-14-09,2,4031,飯島誠,48,埼玉,52.0,B1,4.71,26.8,3.83,17.24,78,35.23,83,33.33,265 4 46,,https://www1.mbrace.or.jp/od2/B/202610/b261001.lzh,2026-10-03T18:39:27.929562+09:00
20261001,14,鳴門,9,20261001-14-09,3,5117,冨名腰桃,26,福岡,46.0,B1,5.26,34.62,5.38,46.15,67,39.02,37,34.88,155 3 42,4,https://www1.mbrace.or.jp/od2/B/202610/b261001.lzh,2026-10-03T18:39:27.929562+09:00
20261001,14,鳴門,9,20261001-14-09,4,5355,萩原丈太,21,福井,57.0,B1,2.57,9.33,2.25,8.33,64,38.37,20,27.59,255 166,3,https://www1.mbrace.or.jp/od2/B/202610/b261001.lzh,2026-10-03T18:39:27.929562+09:00
20261001,14,鳴門,9,20261001-14-09,5,4420,津久井拓,38,群馬,54.0,A2,5.66,38.24,5.81,39.53,69,26.74,16,37.93,4 652553,,https://www1.mbrace.or.jp/od2/B/202610/b261001.lzh,2026-10-03T18:39:27.929562+09:00
20261001,14,鳴門,9,20261001-14-09,6,4133,高橋正男,46,兵庫,52.0,A2,6.39,53.04,6.26,42.11,63,34.74,19,29.07,32F53 3,,https://www1.mbrace.or.jp/od2/B/202610/b261001.lzh,2026-10-03T18:39:27.929562+09:00
20261001,14,鳴門,10,20261001-14-10,1,4506,稗田聖也,38,福岡,52.0,A1,6.28,47.41,6.83,53.33,25,32.29,27,37.35,11235 41,2,https://www1.mbrace.or.jp/od2/B/202610/b261001.lzh,2026-10-03T18:39:27.929562+09:00
20261001,14,鳴門,10,20261001-14-10,2,3024,西島義則,64,広島,53.0,B2,6.67,61.11,7.32,63.41,72,35.23,54,36.47,4 222132,4,https://www1.mbrace.or.jp/od2/B/202610/b261001.lzh,2026-10-03T18:39:27.929562+09:00
20261001,14,鳴門,10,20261001-14-10,3,4676,後藤隼之,38,東京,58.0,A2,4.98,23.23,5.0,21.21,57,41.38,35,25.0,2416421,6,https://www1.mbrace.or.jp/od2/B/202610/b261001.lzh,2026-10-03T18:39:27.929562+09:00
20261001,14,鳴門,10,20261001-14-10,4,3548,室田泰史,56,福井,54.0,A2,5.09,31.78,7.43,57.14,14,39.56,36,26.44,1 161264,5,https://www1.mbrace.or.jp/od2/B/202610/b261001.lzh,2026-10-03T18:39:27.929562+09:00
20261001,14,鳴門,10,20261001-14-10,5,4247,齊藤優,44,徳島,56.0,B1,5.37,33.68,5.57,32.84,84,18.18,15,30.43,3 33513,5,https://www1.mbrace.or.jp/od2/B/202610/b261001.lzh,2026-10-03T18:39:27.929562+09:00
20261001,14,鳴門,10,20261001-14-10,6,4596,葛原大陽,43,徳島,52.0,A2,6.07,39.34,6.31,46.89,53,32.05,70,36.36,132 4525,1,https://www1.mbrace.or.jp/od2/B/202610/b261001.lzh,2026-10-03T18:39:27.929562+09:00
20261001,14,鳴門,11,20261001-14-11,1,3499,市川哲也,57,広島,53.0,A1,5.49,34.38,5.94,37.5,83,25.0,22,24.42,222 4114,4,https://www1.mbrace.or.jp/od2/B/202610/b261001.lzh,2026-10-03T18:39:27.929562+09:00
20261001,14,鳴門,11,20261001-14-11,2,3933,山地正樹,50,岡山,53.0,B1,6.13,46.28,5.05,32.43,22,33.0,14,40.96,232 421,2,https://www1.mbrace.or.jp/od2/B/202610/b261001.lzh,2026-10-03T18:39:27.929562+09:00
20261001,14,鳴門,11,20261001-14-11,3,3618,海野ゆか,52,広島,44.0,A1,6.42,48.87,5.75,25.0,58,35.23,24,28.57,44423 21,5,https://www1.mbrace.or.jp/od2/B/202610/b261001.lzh,2026-10-03T18:39:27.929562+09:00
20261001,14,鳴門,11,20261001-14-11,4,3872,岡田憲行,50,大阪,54.0,A2,5.6,33.94,5.68,42.5,21,27.16,69,27.27,26251 14,7,https://www1.mbrace.or.jp/od2/B/202610/b261001.lzh,2026-10-03T18:39:27.929562+09:00
20261001,14,鳴門,11,20261001-14-11,5,5041,荒牧凪沙,28,福岡,52.0,B1,4.83,30.0,4.53,23.53,82,56.98,76,34.04,3 51621,6,https://www1.mbrace.or.jp/od2/B/202610/b261001.lzh,2026-10-03T18:39:27.929562+09:00
20261001,14,鳴門,11,20261001-14-11,6,3915,繁野谷圭,52,大阪,52.0,A2,6.31,45.9,5.61,34.78,70,37.35,33,47.67,52341 25,3,https://www1.mbrace.or.jp/od2/B/202610/b261001.lzh,2026-10-03T18:39:27.929562+09:00
20261001,14,鳴門,12,20261001-14-12,1,4538,笠置博之,36,大阪,54.0,A1,5.25,39.13,6.91,60.87,28,27.85,50,34.09,1 111115,3,https://www1.mbrace.or.jp/od2/B/202610/b261001.lzh,2026-10-03T18:39:27.929562+09:00
20261001,14,鳴門,12,20261001-14-12,2,5036,福田翔吾,28,大阪,53.0,B1,5.58,36.89,4.92,33.33,50,38.04,12,33.33,311 6611,6,https://www1.mbrace.or.jp/od2/B/202610/b261001.lzh,2026-10-03T18:39:27.929562+09:00
20261001,14,鳴門,12,20261001-14-12,3,3439,大平誉史,57,大阪,51.0,A1,5.72,40.83,4.4,20.0,55,35.63,26,31.82,6313133,7,https://www1.mbrace.or.jp/od2/B/202610/b261001.lzh,2026-10-03T18:39:27.929562+09:00
20261001,14,鳴門,12,20261001-14-12,4,4148,枝尾賢,44,福岡,53.0,A2,6.25,43.44,7.18,54.55,17,25.56,74,40.0,2 315222,6,https://www1.mbrace.or.jp/od2/B/202610/b261001.lzh,2026-10-03T18:39:27.929562+09:00
20261001,14,鳴門,12,20261001-14-12,5,4286,平田さや,42,東京,47.0,A2,5.99,41.61,5.13,30.43,68,31.76,32,36.47,2 142453,4,https://www1.mbrace.or.jp/od2/B/202610/b261001.lzh,2026-10-03T18:39:27.929562+09:00
20261001,14,鳴門,12,20261001-14-12,6,3900,香川素子,49,滋賀,47.0,A2,6.1,43.43,6.36,44.83,35,28.41,79,34.44,3542242,2,https://www1.mbrace.or.jp/od2/B/202610/b261001.lzh,2026-10-03T18:39:27.929562+09:00
20261001,13,尼崎,1,20261001-13-01,1,5259,野田昇吾,33,埼玉,57.0,B2,3.4,7.69,3.67,22.22,26,37.01,67,29.84,,,https://www1.mbrace.or.jp/od2/B/202610/b261001.lzh,2026-10-03T18:39:27.929562+09:00
20261001,13,尼崎,1,20261001-13-01,2,4639,雑賀勇貴,35,大阪,53.0,B1,4.01,22.62,4.26,23.26,9,38.17,61,31.97,,10,https://www1.mbrace.or.jp/od2/B/202610/b261001.lzh,2026-10-03T18:39:27.929562+09:00
20261001,13,尼崎,1,20261001-13-01,3,5161,登玉隼百,27,兵庫,55.0,A2,5.59,37.78,5.63,37.65,62,34.19,58,31.2,,9,https://www1.mbrace.or.jp/od2/B/202610/b261001.lzh,2026-10-03T18:39:27.929562+09:00
20261001,13,尼崎,1,20261001-13-01,4,4219,本岡勝利,44,広島,53.0,B1,3.91,10.0,4.53,26.67,40,40.15,25,31.45,,7,https://www1.mbrace.or.jp/od2/B/202610/b261001.lzh,2026-10-03T18:39:27.929562+09:00
20261001,13,尼崎,1,20261001-13-01,5,3606,川北浩貴,54,滋賀,52.0,B1,5.59,36.26,5.45,35.0,20,25.81,50,30.83,,11,https://www1.mbrace.or.jp/od2/B/202610/b261001.lzh,2026-10-03T18:39:27.929562+09:00
20261001,13,尼崎,1,20261001-13-01,6,4548,篠木亜衣,38,三重,50.0,B1,2.87,10.53,1.0,0.0,3,32.77,32,27.27,,,https://www1.mbrace.or.jp/od2/B/202610/b261001.lzh,2026-10-03T18:39:27.929562+09:00
20261001,13,尼崎,2,20261001-13-02,1,3434,松尾宣邦,57,福岡,57.0,B1,4.6,27.78,3.92,25.0,7,36.92,45,36.52,,8,https://www1.mbrace.or.jp/od2/B/202610/b261001.lzh,2026-10-03T18:39:27.929562+09:00
20261001,13,尼崎,2,20261001-13-02,2,5218,山田理央,26,香川,46.0,A1,5.35,32.14,4.47,29.41,48,31.5,63,28.0,,10,https://www1.mbrace.or.jp/od2/B/202610/b261001.lzh,2026-10-03T18:39:27.929562+09:00
20261001,13,尼崎,2,20261001-13-02,3,3901,松田憲幸,49,山口,51.0,B2,4.77,33.68,3.5,20.0,6,22.41,11,29.75,,7,https://www1.mbrace.or.jp/od2/B/202610/b261001.lzh,2026-10-03T18:39:27.929562+09:00
20261001,13,尼崎,2,20261001-13-02,4,4654,篠田優也,40,兵庫,54.0,A1,6.3,42.22,6.4,47.06,34,31.15,39,30.23,,11,https://www1.mbrace.or.jp/od2/B/202610/b261001.lzh,2026-10-03T18:39:27.929562+09:00
20261001,13,尼崎,2,20261001-13-02,5,4664,東口晃,43,福井,55.0,B1,3.98,18.6,2.89,11.11,10,29.03,37,38.79,,,https://www1.mbrace.or.jp/od2/B/202610/b261001.lzh,2026-10-03T18:39:27.929562+09:00
20261001,13,尼崎,2,20261001-13-02,6,3974,深山祐二,49,佐賀,52.0,B1,4.49,23.08,3.88,28.0,24,30.16,55,39.52,,9,https://www1.mbrace.or.jp/od2/B/202610/b261001.lzh,2026-10-03T18:39:27.929562+09:00
20261001,13,尼崎,3,20261001-13-03,1,5031,渡辺空依,29,福岡,54.0,B1,4.93,32.53,4.29,14.29,2,36.29,60,34.17,,7,https://www1.mbrace.or.jp/od2/B/202610/b261001.lzh,2026-10-03T18:39:27.929562+09:00
20261001,13,尼崎,3,20261001-13-03,2,4531,武富智亮,37,佐賀,54.0,A2,6.31,48.28,5.3,30.0,39,44.72,36,48.78,,11,https://www1.mbrace.or.jp/od2/B/202610/b261001.lzh,2026-10-03T18:39:27.929562+09:00
20261001,13,尼崎,3,20261001-13-03,3,5264,登みひ果,26,兵庫,44.0,B1,4.91,30.34,4.27,21.2,51,29.85,48,30.58,,,https://www1.mbrace.or.jp/od2/B/202610/b261001.lzh,2026-10-03T18:39:27.929562+09:00
20261001,13,尼崎,3,20261001-13-03,4,4683,向井田直,36,広島,46.0,B2,3.54,14.81,5.29,28.57,19,29.84,68,26.67,,8,https://www1.mbrace.or.jp/od2/B/202610/b261001.lzh,2026-10-03T18:39:27.929562+09:00
20261001,13,尼崎,3,20261001-13-03,5,3556,田中信一,53,大阪,54.0,A1,7.1,57.66,6.65,48.98,61,41.27,35,38.71,,12,https://www1.mbrace.or.jp/od2/B/202610/b261001.lzh,2026-10-03T18:39:27.929562+09:00
20261001,13,尼崎,3,20261001-13-03,6,3790,佐口達也,54,群馬,54.0,B1,4.55,23.6,4.0,25.0,33,27.91,22,26.83,,10,https://www1.mbrace.or.jp/od2/B/202610/b261001.lzh,2026-10-03T18:39:27.929562+09:00
20261001,13,尼崎,4,20261001-13-04,1,4987,島倉都,29,群馬,48.0,B1,3.85,18.82,3.18,7.14,16,46.34,23,34.13,,11,https://www1.mbrace.or.jp/od2/B/202610/b261001.lzh,2026-10-03T18:39:27.929562+09:00
20261001,13,尼崎,4,20261001-13-04,2,4518,大須賀友,39,愛知,52.0,A1,6.45,51.35,7.11,61.11,56,49.58,70,28.57,,12,https://www1.mbrace.or.jp/od2/B/202610/b261001.lzh,2026-10-03T18:39:27.929562+09:00
20261001,13,尼崎,4,20261001-13-04,3,3614,谷勝幸,53,広島,54.0,B1,4.26,21.15,2.29,0.0,63,40.31,18,32.52,,9,https://www1.mbrace.or.jp/od2/B/202610/b261001.lzh,2026-10-03T18:39:27.929562+09:00
20261001,13,尼崎,4,20261001-13-04,4,3654,武田光史,53,福井,53.0,A2,6.66,53.27,6.55,46.94,45,33.85,69,30.83,,10,https://www1.mbrace.or.jp/od2/B/202610/b261001.lzh,2026-10-03T18:39:27.929562+09:00
20261001,13,尼崎,4,20261001-13-04,5,4106,坂井康嗣,46,佐賀,53.0,B1,4.04,22.86,3.21,14.29,36,40.0,27,20.17,,,https://www1.mbrace.or.jp/od2/B/202610/b261001.lzh,2026-10-03T18:39:27.929562+09:00
20261001,13,尼崎,4,20261001-13-04,6,3286,坂東満,58,静岡,54.0,B2,3.46,22.0,4.38,12.5,4,48.78,15,32.79,,,https://www1.mbrace.or.jp/od2/B/202610/b261001.lzh,2026-10-03T18:39:27.929562+09:00
20261001,13,尼崎,5,20261001-13-05,1,4700,金子和之,39,埼玉,53.0,A2,6.34,45.28,6.74,52.63,49,29.77,72,38.52,,11,https://www1.mbrace.or.jp/od2/B/202610/b261001.lzh,2026-10-03T18:39:27.929562+09:00
20261001,13,尼崎,5,20261001-13-05,2,5257,西丸侑太,22,香川,52.0,A1,6.54,47.58,6.36,46.43,37,38.28,42,35.0,,12,https://www1.mbrace.or.jp/od2/B/202610/b261001.lzh,2026-10-03T18:39:27.929562+09:00
20261001,13,尼崎,5,20261001-13-05,3,4429,豊田泰洋,41,広島,59.0,B1,3.19,11.36,2.83,8.33,15,39.53,17,25.41,,,https://www1.mbrace.or.jp/od2/B/202610/b261001.lzh,2026-10-03T18:39:27.929562+09:00
20261001,13,尼崎,5,20261001-13-05,4,5128,坪井爽佑,29,三重,55.0,B1,3.79,14.75,2.92,8.33,47,28.79,43,40.0,,,https://www1.mbrace.or.jp/od2/B/202610/b261001.lzh,2026-10-03T18:39:27.929562+09:00
20261001,13,尼崎,5,20261001-13-05,5,3995,重野哲之,47,静岡,55.0,A2,6.28,47.54,7.65,60.0,41,18.45,54,31.45,,10,https://www1.mbrace.or.jp/od2/B/202610/b261001.lzh,2026-10-03T18:39:27.929562+09:00
20261001,13,尼崎,5,20261001-13-05,6,5340,樋江井舞,25,愛知,45.0,B1,4.21,23.33,3.53,17.65,59,25.6,49,36.8,,,https://www1.mbrace.or.jp/od2/B/202610/b261001.lzh,2026-10-03T18:39:27.929562+09:00
20261001,13,尼崎,6,20261001-13-06,1,4539,金子賢志,35,群馬,53.0,A1,6.11,41.23,5.61,34.21,50,25.6,21,44.26,,12,https://www1.mbrace.or.jp/od2/B/202610/b261001.lzh,2026-10-03T18:39:27.929562+09:00
20261001,13,尼崎,6,20261001-13-06,2,3478,嶋田貴支,55,香川,52.0,B1,5.19,33.0,4.65,20.59,18,41.98,44,39.67,,,https://www1.mbrace.or.jp/od2/B/202610/b261001.lzh,2026-10-03T18:39:27.929562+09:00
20261001,13,尼崎,6,20261001-13-06,3,4226,村田浩司,44,山口,52.0,B1,4.06,16.87,0.0,0.0,29,25.0,24,28.81,,10,https://www1.mbrace.or.jp/od2/B/202610/b261001.lzh,2026-10-03T18:39:27.929562+09:00
20261001,13,尼崎,6,20261001-13-06,4,4298,宮下元胤,43,愛知,55.0,A2,5.73,36.89,7.27,63.64,1,34.68,64,36.36,,11,https://www1.mbrace.or.jp/od2/B/202610/b261001.lzh,2026-10-03T18:39:27.929562+09:00
20261001,13,尼崎,6,20261001-13-06,5,4546,浜田亜理,38,埼玉,47.0,B1,7.12,55.56,6.84,53.33,58,22.41,30,39.68,,,https://www1.mbrace.or.jp/od2/B/202610/b261001.lzh,2026-10-03T18:39:27.929562+09:00
20261001,13,尼崎,6,20261001-13-06,6,5308,藤森拓海,22,福岡,53.0,B1,4.34,23.96,5.32,36.84,17,38.89,19,37.9,,,https://www1.mbrace.or.jp/od2/B/202610/b261001.lzh,2026-10-03T18:39:27.929562+09:00
20261001,13,尼崎,7,20261001-13-07,1,4219,本岡勝利,44,広島,53.0,B1,3.91,10.0,4.53,26.67,40,40.15,25,31.45,,1,https://www1.mbrace.or.jp/od2/B/202610/b261001.lzh,2026-10-03T18:39:27.929562+09:00
20261001,13,尼崎,7,20261001-13-07,2,5281,井上遥妃,23,徳島,45.0,A1,5.82,39.56,6.03,37.93,25,39.39,26,45.08,,12,https://www1.mbrace.or.jp/od2/B/202610/b261001.lzh,2026-10-03T18:39:27.929562+09:00
20261001,13,尼崎,7,20261001-13-07,3,5031,渡辺空依,29,福岡,54.0,B1,4.93,32.53,4.29,14.29,2,36.29,60,34.17,,3,https://www1.mbrace.or.jp/od2/B/202610/b261001.lzh,2026-10-03T18:39:27.929562+09:00
20261001,13,尼崎,7,20261001-13-07,4,4365,盛本真輔,41,兵庫,51.0,A2,5.92,39.62,5.27,32.77,57,31.3,47,23.81,,,https://www1.mbrace.or.jp/od2/B/202610/b261001.lzh,2026-10-03T18:39:27.929562+09:00
20261001,13,尼崎,7,20261001-13-07,5,3901,松田憲幸,49,山口,51.0,B2,4.77,33.68,3.5,20.0,6,22.41,11,29.75,,2,https://www1.mbrace.or.jp/od2/B/202610/b261001.lzh,2026-10-03T18:39:27.929562+09:00
20261001,13,尼崎,7,20261001-13-07,6,4675,井手良太,38,大阪,50.0,A2,5.59,34.21,4.79,42.86,38,22.41,33,31.4,,,https://www1.mbrace.or.jp/od2/B/202610/b261001.lzh,2026-10-03T18:39:27.929562+09:00
20261001,13,尼崎,8,20261001-13-08,1,4443,津田裕絵,40,山口,51.0,B1,5.59,40.78,5.91,31.82,43,15.09,53,33.06,,,https://www1.mbrace.or.jp/od2/B/202610/b261001.lzh,2026-10-03T18:39:27.929562+09:00
20261001,13,尼崎,8,20261001-13-08,2,4150,山田雄太,44,静岡,56.0,A2,6.03,42.42,6.78,55.56,31,34.65,57,33.61,,,https://www1.mbrace.or.jp/od2/B/202610/b261001.lzh,2026-10-03T18:39:27.929562+09:00
20261001,13,尼崎,8,20261001-13-08,3,4683,向井田直,36,広島,46.0,B2,3.54,14.81,5.29,28.57,19,29.84,68,26.67,,3,https://www1.mbrace.or.jp/od2/B/202610/b261001.lzh,2026-10-03T18:39:27.929562+09:00
20261001,13,尼崎,8,20261001-13-08,4,3854,吉川元浩,54,兵庫,52.0,A1,7.06,49.5,7.43,53.85,42,17.89,46,31.45,,12,https://www1.mbrace.or.jp/od2/B/202610/b261001.lzh,2026-10-03T18:39:27.929562+09:00
20261001,13,尼崎,8,20261001-13-08,5,3434,松尾宣邦,57,福岡,57.0,B1,4.6,27.78,3.92,25.0,7,36.92,45,36.52,,2,https://www1.mbrace.or.jp/od2/B/202610/b261001.lzh,2026-10-03T18:39:27.929562+09:00
20261001,13,尼崎,8,20261001-13-08,6,4962,畑竜生,30,三重,52.0,A2,5.36,36.52,6.8,50.0,21,24.19,13,32.52,,,https://www1.mbrace.or.jp/od2/B/202610/b261001.lzh,2026-10-03T18:39:27.929562+09:00
20261001,13,尼崎,9,20261001-13-09,1,5161,登玉隼百,27,兵庫,55.0,A2,5.59,37.78,5.63,37.65,62,34.19,58,31.2,,1,https://www1.mbrace.or.jp/od2/B/202610/b261001.lzh,2026-10-03T18:39:27.929562+09:00
20261001,13,尼崎,9,20261001-13-09,2,4819,蜂須瑞生,35,群馬,47.0,A2,5.02,29.23,7.1,55.0,46,29.75,59,36.67,,,https://www1.mbrace.or.jp/od2/B/202610/b261001.lzh,2026-10-03T18:39:27.929562+09:00
20261001,13,尼崎,9,20261001-13-09,3,3974,深山祐二,49,佐賀,52.0,B1,4.49,23.08,3.88,28.0,24,30.16,55,39.52,,2,https://www1.mbrace.or.jp/od2/B/202610/b261001.lzh,2026-10-03T18:39:27.929562+09:00
20261001,13,尼崎,9,20261001-13-09,4,3514,山一鉄也,59,福岡,52.0,A2,5.46,36.0,5.62,42.31,5,36.51,74,43.09,,,https://www1.mbrace.or.jp/od2/B/202610/b261001.lzh,2026-10-03T18:39:27.929562+09:00
20261001,13,尼崎,9,20261001-13-09,5,3614,谷勝幸,53,広島,54.0,B1,4.26,21.15,2.29,0.0,63,40.31,18,32.52,,4,https://www1.mbrace.or.jp/od2/B/202610/b261001.lzh,2026-10-03T18:39:27.929562+09:00
20261001,13,尼崎,9,20261001-13-09,6,4254,川島圭司,43,滋賀,52.0,A2,5.81,40.68,5.47,26.32,44,33.59,41,36.89,,,https://www1.mbrace.or.jp/od2/B/202610/b261001.lzh,2026-10-03T18:39:27.929562+09:00
20261001,13,尼崎,10,20261001-13-10,1,3995,重野哲之,47,静岡,55.0,A2,6.28,47.54,7.65,60.0,41,18.45,54,31.45,,5,https://www1.mbrace.or.jp/od2/B/202610/b261001.lzh,2026-10-03T18:39:27.929562+09:00
20261001,13,尼崎,10,20261001-13-10,2,3654,武田光史,53,福井,53.0,A2,6.66,53.27,6.55,46.94,45,33.85,69,30.83,,4,https://www1.mbrace.or.jp/od2/B/202610/b261001.lzh,2026-10-03T18:39:27.929562+09:00
20261001,13,尼崎,10,20261001-13-10,3,3790,佐口達也,54,群馬,54.0,B1,4.55,23.6,4.0,25.0,33,27.91,22,26.83,,3,https://www1.mbrace.or.jp/od2/B/202610/b261001.lzh,2026-10-03T18:39:27.929562+09:00
20261001,13,尼崎,10,20261001-13-10,4,4226,村田浩司,44,山口,52.0,B1,4.06,16.87,0.0,0.0,29,25.0,24,28.81,,6,https://www1.mbrace.or.jp/od2/B/202610/b261001.lzh,2026-10-03T18:39:27.929562+09:00
20261001,13,尼崎,10,20261001-13-10,5,5218,山田理央,26,香川,46.0,A1,5.35,32.14,4.47,29.41,48,31.5,63,28.0,,2,https://www1.mbrace.or.jp/od2/B/202610/b261001.lzh,2026-10-03T18:39:27.929562+09:00
20261001,13,尼崎,10,20261001-13-10,6,4639,雑賀勇貴,35,大阪,53.0,B1,4.01,22.62,4.26,23.26,9,38.17,61,31.97,,1,https://www1.mbrace.or.jp/od2/B/202610/b261001.lzh,2026-10-03T18:39:27.929562+09:00
20261001,13,尼崎,11,20261001-13-11,1,4654,篠田優也,40,兵庫,54.0,A1,6.3,42.22,6.4,47.06,34,31.15,39,30.23,,2,https://www1.mbrace.or.jp/od2/B/202610/b261001.lzh,2026-10-03T18:39:27.929562+09:00
20261001,13,尼崎,11,20261001-13-11,2,3606,川北浩貴,54,滋賀,52.0,B1,5.59,36.26,5.45,35.0,20,25.81,50,30.83,,1,https://www1.mbrace.or.jp/od2/B/202610/b261001.lzh,2026-10-03T18:39:27.929562+09:00
20261001,13,尼崎,11,20261001-13-11,3,4298,宮下元胤,43,愛知,55.0,A2,5.73,36.89,7.27,63.64,1,34.68,64,36.36,,6,https://www1.mbrace.or.jp/od2/B/202610/b261001.lzh,2026-10-03T18:39:27.929562+09:00
20261001,13,尼崎,11,20261001-13-11,4,4700,金子和之,39,埼玉,53.0,A2,6.34,45.28,6.74,52.63,49,29.77,72,38.52,,5,https://www1.mbrace.or.jp/od2/B/202610/b261001.lzh,2026-10-03T18:39:27.929562+09:00
20261001,13,尼崎,11,20261001-13-11,5,4987,島倉都,29,群馬,48.0,B1,3.85,18.82,3.18,7.14,16,46.34,23,34.13,,4,https://www1.mbrace.or.jp/od2/B/202610/b261001.lzh,2026-10-03T18:39:27.929562+09:00
20261001,13,尼崎,11,20261001-13-11,6,4531,武富智亮,37,佐賀,54.0,A2,6.31,48.28,5.3,30.0,39,44.72,36,48.78,,3,https://www1.mbrace.or.jp/od2/B/202610/b261001.lzh,2026-10-03T18:39:27.929562+09:00
20261001,13,尼崎,12,20261001-13-12,1,3854,吉川元浩,54,兵庫,52.0,A1,7.06,49.5,7.43,53.85,42,17.89,46,31.45,,8,https://www1.mbrace.or.jp/od2/B/202610/b261001.lzh,2026-10-03T18:39:27.929562+09:00
20261001,13,尼崎,12,20261001-13-12,2,4539,金子賢志,35,群馬,53.0,A1,6.11,41.23,5.61,34.21,50,25.6,21,44.26,,6,https://www1.mbrace.or.jp/od2/B/202610/b261001.lzh,2026-10-03T18:39:27.929562+09:00
20261001,13,尼崎,12,20261001-13-12,3,3556,田中信一,53,大阪,54.0,A1,7.1,57.66,6.65,48.98,61,41.27,35,38.71,,3,https://www1.mbrace.or.jp/od2/B/202610/b261001.lzh,2026-10-03T18:39:27.929562+09:00
20261001,13,尼崎,12,20261001-13-12,4,5257,西丸侑太,22,香川,52.0,A1,6.54,47.58,6.36,46.43,37,38.28,42,35.0,,5,https://www1.mbrace.or.jp/od2/B/202610/b261001.lzh,2026-10-03T18:39:27.929562+09:00
20261001,13,尼崎,12,20261001-13-12,5,5281,井上遥妃,23,徳島,45.0,A1,5.82,39.56,6.03,37.93,25,39.39,26,45.08,,7,https://www1.mbrace.or.jp/od2/B/202610/b261001.lzh,2026-10-03T18:39:27.929562+09:00
20261001,13,尼崎,12,20261001-13-12,6,4518,大須賀友,39,愛知,52.0,A1,6.45,51.35,7.11,61.11,56,49.58,70,28.57,,4,https://www1.mbrace.or.jp/od2/B/202610/b261001.lzh,2026-10-03T18:39:27.929562+09:00
20261001,12,住之江,1,20261001-12-01,1,4272,大場広孝,44,福岡,59.0,B1,5.04,32.11,0.0,0.0,11,40.91,82,44.33,,11,https://www1.mbrace.or.jp/od2/B/202610/b261001.lzh,2026-10-03T18:39:27.929562+09:00
20261001,12,住之江,1,20261001-12-01,2,4211,村田敦,43,東京,59.0,B1,4.73,30.61,4.96,27.66,50,28.95,25,29.52,,,https://www1.mbrace.or.jp/od2/B/202610/b261001.lzh,2026-10-03T18:39:27.929562+09:00
20261001,12,住之江,1,20261001-12-01,3,4411,沢田昭宏,40,大阪,54.0,A2,5.46,33.04,5.05,30.11,51,40.91,35,30.84,,8,https://www1.mbrace.or.jp/od2/B/202610/b261001.lzh,2026-10-03T18:39:27.929562+09:00
20261001,12,住之江,1,20261001-12-01,4,4395,下河雅史,40,福岡,55.0,B1,4.73,25.58,0.0,0.0,15,27.83,83,26.17,,6,https://www1.mbrace.or.jp/od2/B/202610/b261001.lzh,2026-10-03T18:39:27.929562+09:00
20261001,12,住之江,1,20261001-12-01,5,4059,入澤友治,47,東京,57.0,B1,3.84,13.95,5.78,38.89,31,19.23,70,22.33,,5,https://www1.mbrace.or.jp/od2/B/202610/b261001.lzh,2026-10-03T18:39:27.929562+09:00
20261001,12,住之江,1,20261001-12-01,6,4651,佐藤大騎,41,大阪,52.0,B1,3.68,12.31,3.24,9.8,24,42.99,54,24.21,,7,https://www1.mbrace.or.jp/od2/B/202610/b261001.lzh,2026-10-03T18:39:27.929562+09:00
20261001,12,住之江,2,20261001-12-02,1,4995,田邉亮蔵,35,東京,56.0,B1,4.21,22.54,3.72,17.24,68,28.7,23,35.05,,10,https://www1.mbrace.or.jp/od2/B/202610/b261001.lzh,2026-10-03T18:39:27.929562+09:00
20261001,12,住之江,2,20261001-12-02,2,4104,木下陽介,47,東京,56.0,B1,4.81,31.43,3.75,12.5,13,26.32,87,31.25,,8,https://www1.mbrace.or.jp/od2/B/202610/b261001.lzh,2026-10-03T18:39:27.929562+09:00
20261001,12,住之江,2,20261001-12-02,3,5221,竹間隆晟,25,大阪,54.0,A1,6.74,52.48,5.84,39.31,52,29.36,28,38.78,,11,https://www1.mbrace.or.jp/od2/B/202610/b261001.lzh,2026-10-03T18:39:27.929562+09:00
20261001,12,住之江,2,20261001-12-02,4,3564,桑原啓,56,福岡,53.0,B1,4.4,28.0,4.28,22.22,72,30.84,22,46.88,,,https://www1.mbrace.or.jp/od2/B/202610/b261001.lzh,2026-10-03T18:39:27.929562+09:00
20261001,12,住之江,2,20261001-12-02,5,4422,永井亮次,38,大阪,51.0,B1,4.46,22.22,5.05,27.27,36,16.81,84,24.53,,,https://www1.mbrace.or.jp/od2/B/202610/b261001.lzh,2026-10-03T18:39:27.929562+09:00
20261001,12,住之江,2,20261001-12-02,6,5409,宮本琉正,21,福岡,57.0,B2,2.89,12.96,0.0,0.0,78,17.92,77,34.62,,,https://www1.mbrace.or.jp/od2/B/202610/b261001.lzh,2026-10-03T18:39:27.929562+09:00
20261001,12,住之江,3,20261001-12-03,1,3602,奥平拓也,56,東京,52.0,B1,4.37,22.62,5.06,27.78,38,50.0,56,27.45,,,https://www1.mbrace.or.jp/od2/B/202610/b261001.lzh,2026-10-03T18:39:27.929562+09:00
20261001,12,住之江,3,20261001-12-03,2,4702,三浦敬太,39,東京,52.0,A1,5.92,42.35,6.18,50.0,81,31.13,39,26.26,,12,https://www1.mbrace.or.jp/od2/B/202610/b261001.lzh,2026-10-03T18:39:27.929562+09:00
20261001,12,住之江,3,20261001-12-03,3,4697,國弘翔平,40,福岡,50.0,B1,4.47,22.68,3.64,28.57,18,31.78,20,29.7,,7,https://www1.mbrace.or.jp/od2/B/202610/b261001.lzh,2026-10-03T18:39:27.929562+09:00
20261001,12,住之江,3,20261001-12-03,4,3432,宮迫暢彦,58,大阪,53.0,B1,3.96,18.06,4.86,25.0,35,36.45,50,36.36,,,https://www1.mbrace.or.jp/od2/B/202610/b261001.lzh,2026-10-03T18:39:27.929562+09:00
20261001,12,住之江,3,20261001-12-03,5,4122,安東幸治,44,福岡,56.0,A2,5.58,37.17,5.65,41.18,64,49.54,33,39.22,,10,https://www1.mbrace.or.jp/od2/B/202610/b261001.lzh,2026-10-03T18:39:27.929562+09:00
20261001,12,住之江,3,20261001-12-03,6,5450,藤本遼磨,23,大阪,52.0,B2,2.05,1.82,1.58,0.0,25,28.3,52,29.41,,,https://www1.mbrace.or.jp/od2/B/202610/b261001.lzh,2026-10-03T18:39:27.929562+09:00
20261001,12,住之江,4,20261001-12-04,1,3904,森貴洋,49,大阪,56.0,B1,4.88,33.33,6.1,45.71,83,29.2,18,27.72,,8,https://www1.mbrace.or.jp/od2/B/202610/b261001.lzh,2026-10-03T18:39:27.929562+09:00
20261001,12,住之江,4,20261001-12-04,2,3951,石川吉鎬,50,大阪,55.0,B1,4.77,25.3,5.4,35.0,28,29.36,69,36.63,,10,https://www1.mbrace.or.jp/od2/B/202610/b261001.lzh,2026-10-03T18:39:27.929562+09:00
20261001,12,住之江,4,20261001-12-04,3,4086,寺本重宣,46,東京,50.0,A2,6.13,42.0,5.55,31.82,73,33.64,17,50.51,,,https://www1.mbrace.or.jp/od2/B/202610/b261001.lzh,2026-10-03T18:39:27.929562+09:00
20261001,12,住之江,4,20261001-12-04,4,5022,伊藤尚汰,31,福岡,49.0,B1,4.18,27.38,4.07,25.93,65,23.15,31,42.0,,,https://www1.mbrace.or.jp/od2/B/202610/b261001.lzh,2026-10-03T18:39:27.929562+09:00
20261001,12,住之江,4,20261001-12-04,5,4815,伏島祐介,36,東京,53.0,B1,4.51,25.64,5.43,34.78,57,38.89,55,37.86,,9,https://www1.mbrace.or.jp/od2/B/202610/b261001.lzh,2026-10-03T18:39:27.929562+09:00
20261001,12,住之江,4,20261001-12-04,6,4136,江夏満,46,福岡,54.0,A1,6.3,41.27,6.22,51.85,80,46.36,38,28.04,,12,https://www1.mbrace.or.jp/od2/B/202610/b261001.lzh,2026-10-03T18:39:27.929562+09:00
20261001,12,住之江,5,20261001-12-05,1,4424,松尾昂明,41,福岡,50.0,A2,5.4,33.04,4.89,22.22,76,19.27,11,33.65,,,https://www1.mbrace.or.jp/od2/B/202610/b261001.lzh,2026-10-03T18:39:27.929562+09:00
20261001,12,住之江,5,20261001-12-05,2,4357,田中和也,42,大阪,52.0,A1,6.74,54.7,6.42,55.0,19,32.74,86,30.61,,12,https://www1.mbrace.or.jp/od2/B/202610/b261001.lzh,2026-10-03T18:39:27.929562+09:00
20261001,12,住之江,5,20261001-12-05,3,4314,青木幸太,42,福岡,51.0,A2,5.95,40.38,6.11,31.58,55,37.96,36,36.84,,9,https://www1.mbrace.or.jp/od2/B/202610/b261001.lzh,2026-10-03T18:39:27.929562+09:00
20261001,12,住之江,5,20261001-12-05,4,4598,加藤政彦,42,東京,52.0,B1,5.86,42.31,4.4,30.0,23,32.74,89,36.46,,,https://www1.mbrace.or.jp/od2/B/202610/b261001.lzh,2026-10-03T18:39:27.929562+09:00
20261001,12,住之江,5,20261001-12-05,5,4082,濱崎誠,47,大阪,51.0,B1,6.01,43.48,5.22,35.14,56,33.03,72,40.0,,11,https://www1.mbrace.or.jp/od2/B/202610/b261001.lzh,2026-10-03T18:39:27.929562+09:00
20261001,12,住之江,5,20261001-12-05,6,4059,入澤友治,47,東京,57.0,B1,3.84,13.95,5.78,38.89,31,19.23,70,22.33,,1,https://www1.mbrace.or.jp/od2/B/202610/b261001.lzh,2026-10-03T18:39:27.929562+09:00
20261001,12,住之江,6,20261001-12-06,1,4976,金山立樹,32,東京,52.0,B1,4.82,25.81,5.0,33.33,27,37.5,15,27.45,,10,https://www1.mbrace.or.jp/od2/B/202610/b261001.lzh,2026-10-03T18:39:27.929562+09:00
20261001,12,住之江,6,20261001-12-06,2,4560,庄司樹良,35,東京,55.0,A2,5.53,28.79,5.77,38.46,84,32.73,65,36.19,,11,https://www1.mbrace.or.jp/od2/B/202610/b261001.lzh,2026-10-03T18:39:27.929562+09:00
20261001,12,住之江,6,20261001-12-06,3,4395,下河雅史,40,福岡,55.0,B1,4.73,25.58,0.0,0.0,15,27.83,83,26.17,,1,https://www1.mbrace.or.jp/od2/B/202610/b261001.lzh,2026-10-03T18:39:27.929562+09:00
20261001,12,住之江,6,20261001-12-06,4,4427,秦英悟,41,大阪,52.0,A1,7.11,57.01,6.33,43.09,62,29.09,34,30.39,,12,https://www1.mbrace.or.jp/od2/B/202610/b261001.lzh,2026-10-03T18:39:27.929562+09:00
20261001,12,住之江,6,20261001-12-06,5,3722,西村秀樹,56,福岡,53.0,B1,3.94,12.5,3.25,0.0,21,23.89,59,43.75,,,https://www1.mbrace.or.jp/od2/B/202610/b261001.lzh,2026-10-03T18:39:27.929562+09:00
20261001,12,住之江,6,20261001-12-06,6,3107,平岡重典,62,大阪,53.0,B1,3.87,17.02,5.2,31.71,30,24.56,51,41.67,,,https://www1.mbrace.or.jp/od2/B/202610/b261001.lzh,2026-10-03T18:39:27.929562+09:00
20261001,12,住之江,7,20261001-12-07,1,4697,國弘翔平,40,福岡,50.0,B1,4.47,22.68,3.64,28.57,18,31.78,20,29.7,,3,https://www1.mbrace.or.jp/od2/B/202610/b261001.lzh,2026-10-03T18:39:27.929562+09:00
20261001,12,住之江,7,20261001-12-07,2,4099,吉永則雄,47,大阪,53.0,A2,5.54,38.95,7.17,58.33,82,36.79,58,33.67,,,https://www1.mbrace.or.jp/od2/B/202610/b261001.lzh,2026-10-03T18:39:27.929562+09:00
20261001,12,住之江,7,20261001-12-07,3,4651,佐藤大騎,41,大阪,52.0,B1,3.68,12.31,3.24,9.8,24,42.99,54,24.21,,1,https://www1.mbrace.or.jp/od2/B/202610/b261001.lzh,2026-10-03T18:39:27.929562+09:00
20261001,12,住之江,7,20261001-12-07,4,4944,田代達也,35,東京,54.0,B1,4.2,17.05,5.13,37.5,63,24.77,60,27.88,,,https://www1.mbrace.or.jp/od2/B/202610/b261001.lzh,2026-10-03T18:39:27.929562+09:00
20261001,12,住之江,7,20261001-12-07,5,5105,富田恕生,27,福岡,52.0,B1,4.15,22.68,4.75,30.0,61,34.86,16,29.25,,11,https://www1.mbrace.or.jp/od2/B/202610/b261001.lzh,2026-10-03T18:39:27.929562+09:00
20261001,12,住之江,7,20261001-12-07,6,4759,今泉友吾,36,東京,52.0,A1,7.29,53.97,6.95,46.15,37,27.68,63,28.21,,12,https://www1.mbrace.or.jp/od2/B/202610/b261001.lzh,2026-10-03T18:39:27.929562+09:00
20261001,12,住之江,8,20261001-12-08,1,4411,沢田昭宏,40,大阪,54.0,A2,5.46,33.04,5.05,30.11,51,40.91,35,30.84,,1,https://www1.mbrace.or.jp/od2/B/202610/b261001.lzh,2026-10-03T18:39:27.929562+09:00
20261001,12,住之江,8,20261001-12-08,2,4367,山口修路,40,福岡,53.0,B1,4.51,18.6,5.54,31.43,59,22.73,78,28.57,,,https://www1.mbrace.or.jp/od2/B/202610/b261001.lzh,2026-10-03T18:39:27.929562+09:00
20261001,12,住之江,8,20261001-12-08,3,5028,原田才一,29,福岡,51.0,A1,7.08,55.91,6.04,39.13,71,34.55,27,25.24,,12,https://www1.mbrace.or.jp/od2/B/202610/b261001.lzh,2026-10-03T18:39:27.929562+09:00
20261001,12,住之江,8,20261001-12-08,4,3904,森貴洋,49,大阪,56.0,B1,4.88,33.33,6.1,45.71,83,29.2,18,27.72,,4,https://www1.mbrace.or.jp/od2/B/202610/b261001.lzh,2026-10-03T18:39:27.929562+09:00
20261001,12,住之江,8,20261001-12-08,5,3613,角谷健吾,53,東京,52.0,A2,5.96,42.34,5.32,36.36,16,36.04,74,24.75,,,https://www1.mbrace.or.jp/od2/B/202610/b261001.lzh,2026-10-03T18:39:27.929562+09:00
20261001,12,住之江,8,20261001-12-08,6,4104,木下陽介,47,東京,56.0,B1,4.81,31.43,3.75,12.5,13,26.32,87,31.25,,2,https://www1.mbrace.or.jp/od2/B/202610/b261001.lzh,2026-10-03T18:39:27.929562+09:00
20261001,12,住之江,9,20261001-12-09,1,4042,丸岡正典,47,大阪,53.0,A2,6.98,48.28,6.22,40.68,58,40.91,67,40.2,,,https://www1.mbrace.or.jp/od2/B/202610/b261001.lzh,2026-10-03T18:39:27.929562+09:00
20261001,12,住之江,9,20261001-12-09,2,4138,中井俊祐,45,大阪,52.0,B1,4.51,30.23,5.22,32.2,26,27.1,12,38.61,,,https://www1.mbrace.or.jp/od2/B/202610/b261001.lzh,2026-10-03T18:39:27.929562+09:00
20261001,12,住之江,9,20261001-12-09,3,4815,伏島祐介,36,東京,53.0,B1,4.51,25.64,5.43,34.78,57,38.89,55,37.86,,4,https://www1.mbrace.or.jp/od2/B/202610/b261001.lzh,2026-10-03T18:39:27.929562+09:00
20261001,12,住之江,9,20261001-12-09,4,4330,奈須啓太,43,福岡,53.0,A2,6.17,46.79,6.54,48.57,20,44.34,14,32.69,,,https://www1.mbrace.or.jp/od2/B/202610/b261001.lzh,2026-10-03T18:39:27.929562+09:00
20261001,12,住之江,9,20261001-12-09,5,4608,荒井翔伍,37,東京,55.0,A2,6.06,43.75,6.5,55.0,67,28.18,79,37.11,,,https://www1.mbrace.or.jp/od2/B/202610/b261001.lzh,2026-10-03T18:39:27.929562+09:00
20261001,12,住之江,9,20261001-12-09,6,4314,青木幸太,42,福岡,51.0,A2,5.95,40.38,6.11,31.58,55,37.96,36,36.84,,5,https://www1.mbrace.or.jp/od2/B/202610/b261001.lzh,2026-10-03T18:39:27.929562+09:00
20261001,12,住之江,10,20261001-12-10,1,4351,里岡右貴,40,福岡,54.0,A1,7.07,54.64,0.0,0.0,70,40.37,19,23.58,,,https://www1.mbrace.or.jp/od2/B/202610/b261001.lzh,2026-10-03T18:39:27.929562+09:00
20261001,12,住之江,10,20261001-12-10,2,4122,安東幸治,44,福岡,56.0,A2,5.58,37.17,5.65,41.18,64,49.54,33,39.22,,3,https://www1.mbrace.or.jp/od2/B/202610/b261001.lzh,2026-10-03T18:39:27.929562+09:00
20261001,12,住之江,10,20261001-12-10,3,4976,金山立樹,32,東京,52.0,B1,4.82,25.81,5.0,33.33,27,37.5,15,27.45,,6,https://www1.mbrace.or.jp/od2/B/202610/b261001.lzh,2026-10-03T18:39:27.929562+09:00
20261001,12,住之江,10,20261001-12-10,4,4995,田邉亮蔵,35,東京,56.0,B1,4.21,22.54,3.72,17.24,68,28.7,23,35.05,,2,https://www1.mbrace.or.jp/od2/B/202610/b261001.lzh,2026-10-03T18:39:27.929562+09:00
20261001,12,住之江,10,20261001-12-10,5,5289,佃來紀,25,大阪,52.0,A2,5.61,38.94,4.43,20.87,14,26.55,30,41.98,,,https://www1.mbrace.or.jp/od2/B/202610/b261001.lzh,2026-10-03T18:39:27.929562+09:00
20261001,12,住之江,10,20261001-12-10,6,3951,石川吉鎬,50,大阪,55.0,B1,4.77,25.3,5.4,35.0,28,29.36,69,36.63,,4,https://www1.mbrace.or.jp/od2/B/202610/b261001.lzh,2026-10-03T18:39:27.929562+09:00
20261001,12,住之江,11,20261001-12-11,1,4366,前沢丈史,40,東京,56.0,A1,6.09,37.08,6.62,44.83,12,27.68,81,40.21,,,https://www1.mbrace.or.jp/od2/B/202610/b261001.lzh,2026-10-03T18:39:27.929562+09:00
20261001,12,住之江,11,20261001-12-11,2,5105,富田恕生,27,福岡,52.0,B1,4.15,22.68,4.75,30.0,61,34.86,16,29.25,,7,https://www1.mbrace.or.jp/od2/B/202610/b261001.lzh,2026-10-03T18:39:27.929562+09:00
20261001,12,住之江,11,20261001-12-11,3,4082,濱崎誠,47,大阪,51.0,B1,6.01,43.48,5.22,35.14,56,33.03,72,40.0,,5,https://www1.mbrace.or.jp/od2/B/202610/b261001.lzh,2026-10-03T18:39:27.929562+09:00
20261001,12,住之江,11,20261001-12-11,4,5221,竹間隆晟,25,大阪,54.0,A1,6.74,52.48,5.84,39.31,52,29.36,28,38.78,,2,https://www1.mbrace.or.jp/od2/B/202610/b261001.lzh,2026-10-03T18:39:27.929562+09:00
20261001,12,住之江,11,20261001-12-11,5,4272,大場広孝,44,福岡,59.0,B1,5.04,32.11,0.0,0.0,11,40.91,82,44.33,,1,https://www1.mbrace.or.jp/od2/B/202610/b261001.lzh,2026-10-03T18:39:27.929562+09:00
20261001,12,住之江,11,20261001-12-11,6,4560,庄司樹良,35,東京,55.0,A2,5.53,28.79,5.77,38.46,84,32.73,65,36.19,,6,https://www1.mbrace.or.jp/od2/B/202610/b261001.lzh,2026-10-03T18:39:27.929562+09:00
20261001,12,住之江,12,20261001-12-12,1,4427,秦英悟,41,大阪,52.0,A1,7.11,57.01,6.33,43.09,62,29.09,34,30.39,,6,https://www1.mbrace.or.jp/od2/B/202610/b261001.lzh,2026-10-03T18:39:27.929562+09:00
20261001,12,住之江,12,20261001-12-12,2,4136,江夏満,46,福岡,54.0,A1,6.3,41.27,6.22,51.85,80,46.36,38,28.04,,4,https://www1.mbrace.or.jp/od2/B/202610/b261001.lzh,2026-10-03T18:39:27.929562+09:00
20261001,12,住之江,12,20261001-12-12,3,4759,今泉友吾,36,東京,52.0,A1,7.29,53.97,6.95,46.15,37,27.68,63,28.21,,7,https://www1.mbrace.or.jp/od2/B/202610/b261001.lzh,2026-10-03T18:39:27.929562+09:00
20261001,12,住之江,12,20261001-12-12,4,4702,三浦敬太,39,東京,52.0,A1,5.92,42.35,6.18,50.0,81,31.13,39,26.26,,3,https://www1.mbrace.or.jp/od2/B/202610/b261001.lzh,2026-10-03T18:39:27.929562+09:00
20261001,12,住之江,12,20261001-12-12,5,4357,田中和也,42,大阪,52.0,A1,6.74,54.7,6.42,55.0,19,32.74,86,30.61,,5,https://www1.mbrace.or.jp/od2/B/202610/b261001.lzh,2026-10-03T18:39:27.929562+09:00
20261001,12,住之江,12,20261001-12-12,6,5028,原田才一,29,福岡,51.0,A1,7.08,55.91,6.04,39.13,71,34.55,27,25.24,,8,https://www1.mbrace.or.jp/od2/B/202610/b261001.lzh,2026-10-03T18:39:27.929562+09:00
20261001,09,津,1,20261001-09-01,1,3931,黒崎竜也,50,三重,50.0,A2,6.26,42.37,5.69,35.63,28,33.54,13,35.09,1,8,https://www1.mbrace.or.jp/od2/B/202610/b261001.lzh,2026-10-03T18:39:27.929562+09:00
20261001,09,津,1,20261001-09-01,2,4625,渡邊裕貴,40,静岡,52.0,B1,5.16,30.77,4.52,30.77,43,27.61,69,35.36,15,,https://www1.mbrace.or.jp/od2/B/202610/b261001.lzh,2026-10-03T18:39:27.929562+09:00
20261001,09,津,1,20261001-09-01,3,4200,早川尚人,44,大阪,55.0,B1,4.43,17.53,4.21,21.05,38,37.65,44,30.23,4,7,https://www1.mbrace.or.jp/od2/B/202610/b261001.lzh,2026-10-03T18:39:27.929562+09:00
20261001,09,津,1,20261001-09-01,4,5315,浅井翼,26,埼玉,51.0,B2,2.73,11.39,1.14,0.0,21,37.8,33,45.9,6,6,https://www1.mbrace.or.jp/od2/B/202610/b261001.lzh,2026-10-03T18:39:27.929562+09:00
20261001,09,津,1,20261001-09-01,5,3445,加藤高史,56,埼玉,53.0,B1,5.04,31.52,5.94,39.39,30,31.07,17,31.33,3,12,https://www1.mbrace.or.jp/od2/B/202610/b261001.lzh,2026-10-03T18:39:27.929562+09:00
20261001,09,津,1,20261001-09-01,6,4457,神田達也,40,愛知,53.0,B1,4.44,25.33,3.22,11.11,41,42.29,34,39.64,3,11,https://www1.mbrace.or.jp/od2/B/202610/b261001.lzh,2026-10-03T18:39:27.929562+09:00
20261001,09,津,2,20261001-09-02,1,3605,中村守成,54,三重,53.0,B1,4.02,12.9,4.81,28.81,25,40.94,54,21.48,5,7,https://www1.mbrace.or.jp/od2/B/202610/b261001.lzh,2026-10-03T18:39:27.929562+09:00
20261001,09,津,2,20261001-09-02,2,3891,谷口健一,50,福井,54.0,B1,3.42,14.53,4.11,22.22,57,22.81,27,28.57,6,9,https://www1.mbrace.or.jp/od2/B/202610/b261001.lzh,2026-10-03T18:39:27.929562+09:00
20261001,09,津,2,20261001-09-02,3,4176,樋口喜彦,43,兵庫,54.0,B2,3.29,13.85,2.75,12.5,27,34.32,74,38.37,6,8,https://www1.mbrace.or.jp/od2/B/202610/b261001.lzh,2026-10-03T18:39:27.929562+09:00
20261001,09,津,2,20261001-09-02,4,3306,武田正紀,58,埼玉,55.0,B1,3.91,18.63,5.53,23.53,11,27.85,22,37.16,56,,https://www1.mbrace.or.jp/od2/B/202610/b261001.lzh,2026-10-03T18:39:27.929562+09:00
20261001,09,津,2,20261001-09-02,5,3454,井川大作,55,岡山,57.0,B1,5.28,35.42,4.41,14.81,72,32.16,38,29.12,66,,https://www1.mbrace.or.jp/od2/B/202610/b261001.lzh,2026-10-03T18:39:27.929562+09:00
20261001,09,津,2,20261001-09-02,6,5266,石田勇斗,26,愛知,53.0,B1,4.31,21.98,3.35,18.6,18,35.25,65,32.2,5,6,https://www1.mbrace.or.jp/od2/B/202610/b261001.lzh,2026-10-03T18:39:27.929562+09:00
20261001,09,津,3,20261001-09-03,1,5103,芝田京介,28,埼玉,54.0,B2,3.96,24.56,3.33,0.0,44,45.22,26,37.2,44,,https://www1.mbrace.or.jp/od2/B/202610/b261001.lzh,2026-10-03T18:39:27.929562+09:00
20261001,09,津,3,20261001-09-03,2,5011,高木圭大,29,長崎,53.0,B1,3.85,18.81,2.67,11.11,32,36.91,53,23.62,2,8,https://www1.mbrace.or.jp/od2/B/202610/b261001.lzh,2026-10-03T18:39:27.929562+09:00
20261001,09,津,3,20261001-09-03,3,4360,庄司孝輔,41,静岡,53.0,A2,5.45,32.2,5.33,29.63,13,37.11,64,31.41,3,12,https://www1.mbrace.or.jp/od2/B/202610/b261001.lzh,2026-10-03T18:39:27.929562+09:00
20261001,09,津,3,20261001-09-03,4,4394,永嶋裕一,40,福岡,53.0,A2,6.03,38.46,6.0,42.86,34,24.03,39,33.6,2,11,https://www1.mbrace.or.jp/od2/B/202610/b261001.lzh,2026-10-03T18:39:27.929562+09:00
20261001,09,津,3,20261001-09-03,5,5441,鈴木雄登,20,愛知,49.0,B1,3.3,9.09,3.57,14.29,63,30.16,48,30.07,3,10,https://www1.mbrace.or.jp/od2/B/202610/b261001.lzh,2026-10-03T18:39:27.929562+09:00
20261001,09,津,3,20261001-09-03,6,4096,石橋道友,44,長崎,54.0,A1,6.66,50.42,6.63,48.15,53,31.58,23,36.02,13,9,https://www1.mbrace.or.jp/od2/B/202610/b261001.lzh,2026-10-03T18:39:27.929562+09:00
20261001,09,津,4,20261001-09-04,1,3647,伊藤雄二,53,埼玉,50.0,B1,3.64,14.16,4.08,20.83,12,29.33,57,35.9,44,,https://www1.mbrace.or.jp/od2/B/202610/b261001.lzh,2026-10-03T18:39:27.929562+09:00
20261001,09,津,4,20261001-09-04,2,3743,林美憲,51,徳島,53.0,A1,5.65,42.55,6.0,42.11,33,27.6,20,36.67,1,9,https://www1.mbrace.or.jp/od2/B/202610/b261001.lzh,2026-10-03T18:39:27.929562+09:00
20261001,09,津,4,20261001-09-04,3,4402,乙藤智史,41,福岡,55.0,A2,6.0,43.97,4.83,25.0,26,31.82,18,39.6,3,10,https://www1.mbrace.or.jp/od2/B/202610/b261001.lzh,2026-10-03T18:39:27.929562+09:00
20261001,09,津,4,20261001-09-04,4,4022,待鳥雄紀,46,福岡,58.0,B1,4.8,27.0,3.71,0.0,61,31.06,21,31.15,44,,https://www1.mbrace.or.jp/od2/B/202610/b261001.lzh,2026-10-03T18:39:27.929562+09:00
20261001,09,津,4,20261001-09-04,5,3811,石田章央,50,静岡,54.0,A1,6.06,45.99,5.7,39.39,35,38.24,40,29.87,6,11,https://www1.mbrace.or.jp/od2/B/202610/b261001.lzh,2026-10-03T18:39:27.929562+09:00
20261001,09,津,4,20261001-09-04,6,3550,都築正治,55,愛知,54.0,B1,5.3,37.1,5.77,40.91,68,37.57,50,34.78,22,,https://www1.mbrace.or.jp/od2/B/202610/b261001.lzh,2026-10-03T18:39:27.929562+09:00
20261001,09,津,5,20261001-09-05,1,4073,大橋純一,45,静岡,52.0,A1,6.65,54.03,6.21,42.42,20,29.11,67,35.0,24,12,https://www1.mbrace.or.jp/od2/B/202610/b261001.lzh,2026-10-03T18:39:27.929562+09:00
20261001,09,津,5,20261001-09-05,2,4094,中島真二,45,福岡,53.0,B1,4.59,26.88,5.74,36.84,52,30.77,52,33.13,5,9,https://www1.mbrace.or.jp/od2/B/202610/b261001.lzh,2026-10-03T18:39:27.929562+09:00
20261001,09,津,5,20261001-09-05,3,4054,福嶋智之,48,岡山,53.0,B1,4.63,25.77,3.92,23.08,31,42.77,41,18.94,63,,https://www1.mbrace.or.jp/od2/B/202610/b261001.lzh,2026-10-03T18:39:27.929562+09:00
20261001,09,津,5,20261001-09-05,4,4358,松本庸平,42,三重,51.0,B1,4.43,27.36,4.65,30.23,55,27.1,63,32.74,64,,https://www1.mbrace.or.jp/od2/B/202610/b261001.lzh,2026-10-03T18:39:27.929562+09:00
20261001,09,津,5,20261001-09-05,5,5208,屋良龍紀,29,長崎,52.0,B1,4.0,20.69,0.0,0.0,29,30.34,76,40.49,1,11,https://www1.mbrace.or.jp/od2/B/202610/b261001.lzh,2026-10-03T18:39:27.929562+09:00
20261001,09,津,5,20261001-09-05,6,5456,今村天次,20,兵庫,52.0,B2,2.07,2.99,0.0,0.0,62,29.61,51,26.67,6,,https://www1.mbrace.or.jp/od2/B/202610/b261001.lzh,2026-10-03T18:39:27.929562+09:00
20261001,09,津,6,20261001-09-06,1,4380,鈴木峻佑,42,静岡,53.0,B1,4.88,29.31,3.93,21.43,39,40.46,11,33.33,3,10,https://www1.mbrace.or.jp/od2/B/202610/b261001.lzh,2026-10-03T18:39:27.929562+09:00
20261001,09,津,6,20261001-09-06,2,4509,平見真彦,37,愛知,54.0,A2,6.24,44.44,5.78,38.89,51,46.15,45,37.11,36,,https://www1.mbrace.or.jp/od2/B/202610/b261001.lzh,2026-10-03T18:39:27.929562+09:00
20261001,09,津,6,20261001-09-06,3,5266,石田勇斗,26,愛知,53.0,B1,4.31,21.98,3.35,18.6,18,35.25,65,32.2,5,2,https://www1.mbrace.or.jp/od2/B/202610/b261001.lzh,2026-10-03T18:39:27.929562+09:00
20261001,09,津,6,20261001-09-06,4,4578,藤山雅弘,37,大阪,53.0,A2,5.85,41.61,5.96,47.37,66,26.99,29,34.24,41,,https://www1.mbrace.or.jp/od2/B/202610/b261001.lzh,2026-10-03T18:39:27.929562+09:00
20261001,09,津,6,20261001-09-06,5,5315,浅井翼,26,埼玉,51.0,B2,2.73,11.39,1.14,0.0,21,37.8,33,45.9,6,1,https://www1.mbrace.or.jp/od2/B/202610/b261001.lzh,2026-10-03T18:39:27.929562+09:00
20261001,09,津,6,20261001-09-06,6,4350,篠崎元志,40,福岡,54.0,A1,8.09,65.65,6.56,33.33,47,32.04,36,27.94,11,11,https://www1.mbrace.or.jp/od2/B/202610/b261001.lzh,2026-10-03T18:39:27.929562+09:00
20261001,09,津,7,20261001-09-07,1,4336,松田竜馬,42,福岡,56.0,B1,5.16,31.63,5.71,38.1,69,22.56,68,24.81,53,,https://www1.mbrace.or.jp/od2/B/202610/b261001.lzh,2026-10-03T18:39:27.929562+09:00
20261001,09,津,7,20261001-09-07,2,4319,三宅潤,41,大阪,54.0,A2,5.41,30.77,4.97,36.11,70,36.02,12,28.24,5,11,https://www1.mbrace.or.jp/od2/B/202610/b261001.lzh,2026-10-03T18:39:27.929562+09:00
20261001,09,津,7,20261001-09-07,3,3605,中村守成,54,三重,53.0,B1,4.02,12.9,4.81,28.81,25,40.94,54,21.48,5,2,https://www1.mbrace.or.jp/od2/B/202610/b261001.lzh,2026-10-03T18:39:27.929562+09:00
20261001,09,津,7,20261001-09-07,4,4861,田中宏樹,38,福岡,52.0,A2,5.17,29.46,3.6,16.0,50,33.15,56,36.16,24,,https://www1.mbrace.or.jp/od2/B/202610/b261001.lzh,2026-10-03T18:39:27.929562+09:00
20261001,09,津,7,20261001-09-07,5,4002,古結宏,48,兵庫,53.0,A1,6.7,52.31,6.31,50.0,59,28.57,25,35.45,22,12,https://www1.mbrace.or.jp/od2/B/202610/b261001.lzh,2026-10-03T18:39:27.929562+09:00
20261001,09,津,7,20261001-09-07,6,4200,早川尚人,44,大阪,55.0,B1,4.43,17.53,4.21,21.05,38,37.65,44,30.23,4,1,https://www1.mbrace.or.jp/od2/B/202610/b261001.lzh,2026-10-03T18:39:27.929562+09:00
20261001,09,津,8,20261001-09-08,1,5011,高木圭大,29,長崎,53.0,B1,3.85,18.81,2.67,11.11,32,36.91,53,23.62,2,3,https://www1.mbrace.or.jp/od2/B/202610/b261001.lzh,2026-10-03T18:39:27.929562+09:00
20261001,09,津,8,20261001-09-08,2,4215,吉島祥之,42,愛知,56.0,A2,5.51,37.1,5.04,34.69,22,40.45,73,32.96,22,,https://www1.mbrace.or.jp/od2/B/202610/b261001.lzh,2026-10-03T18:39:27.929562+09:00
20261001,09,津,8,20261001-09-08,3,4727,安部慎一,39,福岡,56.0,B1,4.33,18.75,4.75,25.0,64,31.67,47,27.46,1,12,https://www1.mbrace.or.jp/od2/B/202610/b261001.lzh,2026-10-03T18:39:27.929562+09:00
20261001,09,津,8,20261001-09-08,4,3931,黒崎竜也,50,三重,50.0,A2,6.26,42.37,5.69,35.63,28,33.54,13,35.09,1,1,https://www1.mbrace.or.jp/od2/B/202610/b261001.lzh,2026-10-03T18:39:27.929562+09:00
20261001,09,津,8,20261001-09-08,5,4176,樋口喜彦,43,兵庫,54.0,B2,3.29,13.85,2.75,12.5,27,34.32,74,38.37,6,2,https://www1.mbrace.or.jp/od2/B/202610/b261001.lzh,2026-10-03T18:39:27.929562+09:00
20261001,09,津,8,20261001-09-08,6,3304,烏野賢太,58,徳島,52.0,A1,5.72,35.56,5.95,42.86,60,26.67,71,28.33,26,,https://www1.mbrace.or.jp/od2/B/202610/b261001.lzh,2026-10-03T18:39:27.929562+09:00
20261001,09,津,9,20261001-09-09,1,4040,廣瀬将亨,47,兵庫,58.0,A2,5.93,39.53,6.0,47.06,49,36.71,61,26.45,55,,https://www1.mbrace.or.jp/od2/B/202610/b261001.lzh,2026-10-03T18:39:27.929562+09:00
20261001,09,津,9,20261001-09-09,2,4096,石橋道友,44,長崎,54.0,A1,6.66,50.42,6.63,48.15,53,31.58,23,36.02,13,3,https://www1.mbrace.or.jp/od2/B/202610/b261001.lzh,2026-10-03T18:39:27.929562+09:00
20261001,09,津,9,20261001-09-09,3,4094,中島真二,45,福岡,53.0,B1,4.59,26.88,5.74,36.84,52,30.77,52,33.13,5,5,https://www1.mbrace.or.jp/od2/B/202610/b261001.lzh,2026-10-03T18:39:27.929562+09:00
20261001,09,津,9,20261001-09-09,4,3891,谷口健一,50,福井,54.0,B1,3.42,14.53,4.11,22.22,57,22.81,27,28.57,6,2,https://www1.mbrace.or.jp/od2/B/202610/b261001.lzh,2026-10-03T18:39:27.929562+09:00
20261001,09,津,9,20261001-09-09,5,3743,林美憲,51,徳島,53.0,A1,5.65,42.55,6.0,42.11,33,27.6,20,36.67,1,4,https://www1.mbrace.or.jp/od2/B/202610/b261001.lzh,2026-10-03T18:39:27.929562+09:00
20261001,09,津,9,20261001-09-09,6,3712,淺香文武,52,三重,56.0,B1,4.76,33.68,5.13,34.07,14,28.14,24,32.31,14,,https://www1.mbrace.or.jp/od2/B/202610/b261001.lzh,2026-10-03T18:39:27.929562+09:00
20261001,09,津,10,20261001-09-10,1,4402,乙藤智史,41,福岡,55.0,A2,6.0,43.97,4.83,25.0,26,31.82,18,39.6,3,4,https://www1.mbrace.or.jp/od2/B/202610/b261001.lzh,2026-10-03T18:39:27.929562+09:00
20261001,09,津,10,20261001-09-10,2,4903,吉田凌太,33,愛知,51.0,A1,6.35,46.96,6.37,48.15,17,24.68,49,40.24,55,,https://www1.mbrace.or.jp/od2/B/202610/b261001.lzh,2026-10-03T18:39:27.929562+09:00
20261001,09,津,10,20261001-09-10,3,4380,鈴木峻佑,42,静岡,53.0,B1,4.88,29.31,3.93,21.43,39,40.46,11,33.33,3,6,https://www1.mbrace.or.jp/od2/B/202610/b261001.lzh,2026-10-03T18:39:27.929562+09:00
20261001,09,津,10,20261001-09-10,4,4049,荒川健太,46,三重,56.0,A2,5.95,38.28,6.58,48.55,36,38.55,31,39.02,13,,https://www1.mbrace.or.jp/od2/B/202610/b261001.lzh,2026-10-03T18:39:27.929562+09:00
20261001,09,津,10,20261001-09-10,5,4711,前出達吉,36,福井,53.0,A2,6.05,43.75,4.56,22.22,71,30.39,30,35.91,35,,https://www1.mbrace.or.jp/od2/B/202610/b261001.lzh,2026-10-03T18:39:27.929562+09:00
20261001,09,津,10,20261001-09-10,6,5441,鈴木雄登,20,愛知,49.0,B1,3.3,9.09,3.57,14.29,63,30.16,48,30.07,3,3,https://www1.mbrace.or.jp/od2/B/202610/b261001.lzh,2026-10-03T18:39:27.929562+09:00
20261001,09,津,11,20261001-09-11,1,3811,石田章央,50,静岡,54.0,A1,6.06,45.99,5.7,39.39,35,38.24,40,29.87,6,4,https://www1.mbrace.or.jp/od2/B/202610/b261001.lzh,2026-10-03T18:39:27.929562+09:00
20261001,09,津,11,20261001-09-11,2,5208,屋良龍紀,29,長崎,52.0,B1,4.0,20.69,0.0,0.0,29,30.34,76,40.49,1,5,https://www1.mbrace.or.jp/od2/B/202610/b261001.lzh,2026-10-03T18:39:27.929562+09:00
20261001,09,津,11,20261001-09-11,3,4350,篠崎元志,40,福岡,54.0,A1,8.09,65.65,6.56,33.33,47,32.04,36,27.94,11,6,https://www1.mbrace.or.jp/od2/B/202610/b261001.lzh,2026-10-03T18:39:27.929562+09:00
20261001,09,津,11,20261001-09-11,4,4457,神田達也,40,愛知,53.0,B1,4.44,25.33,3.22,11.11,41,42.29,34,39.64,3,1,https://www1.mbrace.or.jp/od2/B/202610/b261001.lzh,2026-10-03T18:39:27.929562+09:00
20261001,09,津,11,20261001-09-11,5,4394,永嶋裕一,40,福岡,53.0,A2,6.03,38.46,6.0,42.86,34,24.03,39,33.6,2,3,https://www1.mbrace.or.jp/od2/B/202610/b261001.lzh,2026-10-03T18:39:27.929562+09:00
20261001,09,津,11,20261001-09-11,6,4319,三宅潤,41,大阪,54.0,A2,5.41,30.77,4.97,36.11,70,36.02,12,28.24,5,7,https://www1.mbrace.or.jp/od2/B/202610/b261001.lzh,2026-10-03T18:39:27.929562+09:00
20261001,09,津,12,20261001-09-12,1,4002,古結宏,48,兵庫,53.0,A1,6.7,52.31,6.31,50.0,59,28.57,25,35.45,22,7,https://www1.mbrace.or.jp/od2/B/202610/b261001.lzh,2026-10-03T18:39:27.929562+09:00
20261001,09,津,12,20261001-09-12,2,4808,松尾拓,38,三重,50.0,A2,6.34,46.15,6.63,48.26,67,39.46,14,32.79,12,,https://www1.mbrace.or.jp/od2/B/202610/b261001.lzh,2026-10-03T18:39:27.929562+09:00
20261001,09,津,12,20261001-09-12,3,3445,加藤高史,56,埼玉,53.0,B1,5.04,31.52,5.94,39.39,30,31.07,17,31.33,3,1,https://www1.mbrace.or.jp/od2/B/202610/b261001.lzh,2026-10-03T18:39:27.929562+09:00
20261001,09,津,12,20261001-09-12,4,4073,大橋純一,45,静岡,52.0,A1,6.65,54.03,6.21,42.42,20,29.11,67,35.0,24,5,https://www1.mbrace.or.jp/od2/B/202610/b261001.lzh,2026-10-03T18:39:27.929562+09:00
20261001,09,津,12,20261001-09-12,5,4727,安部慎一,39,福岡,56.0,B1,4.33,18.75,4.75,25.0,64,31.67,47,27.46,1,8,https://www1.mbrace.or.jp/od2/B/202610/b261001.lzh,2026-10-03T18:39:27.929562+09:00
20261001,09,津,12,20261001-09-12,6,4360,庄司孝輔,41,静岡,53.0,A2,5.45,32.2,5.33,29.63,13,37.11,64,31.41,3,3,https://www1.mbrace.or.jp/od2/B/202610/b261001.lzh,2026-10-03T18:39:27.929562+09:00
20261001,07,蒲郡,1,20261001-07-01,1,4863,三浦裕貴,37,東京,55.0,B1,3.99,15.85,5.53,41.18,48,36.36,74,42.31,366,6,https://www1.mbrace.or.jp/od2/B/202610/b261001.lzh,2026-10-03T18:39:27.929562+09:00
20261001,07,蒲郡,1,20261001-07-01,2,4593,小坂宗司,45,大阪,52.0,A2,5.95,37.9,5.42,29.17,35,44.44,72,32.14,665,8,https://www1.mbrace.or.jp/od2/B/202610/b261001.lzh,2026-10-03T18:39:27.929562+09:00
20261001,07,蒲郡,1,20261001-07-01,3,4626,伊藤紘章,40,愛知,51.0,B1,3.93,20.93,5.12,37.25,34,41.38,26,53.33,6 2,7,https://www1.mbrace.or.jp/od2/B/202610/b261001.lzh,2026-10-03T18:39:27.929562+09:00
20261001,07,蒲郡,1,20261001-07-01,4,3708,岡部貴司,52,岡山,56.0,B1,5.3,33.0,4.8,30.0,73,30.77,59,44.83,441,11,https://www1.mbrace.or.jp/od2/B/202610/b261001.lzh,2026-10-03T18:39:27.929562+09:00
20261001,07,蒲郡,1,20261001-07-01,5,4973,栗原直也,34,埼玉,52.0,B1,5.14,33.33,4.86,32.14,49,48.28,55,61.11,666,,https://www1.mbrace.or.jp/od2/B/202610/b261001.lzh,2026-10-03T18:39:27.929562+09:00
20261001,07,蒲郡,1,20261001-07-01,6,3327,野長瀬正,59,静岡,51.0,A2,6.01,40.0,6.09,38.3,25,51.52,63,44.0,444,10,https://www1.mbrace.or.jp/od2/B/202610/b261001.lzh,2026-10-03T18:39:27.929562+09:00
20261001,07,蒲郡,2,20261001-07-02,1,3796,長野道臣,53,静岡,54.0,B1,4.23,23.81,5.23,30.77,31,67.57,62,27.59,544,9,https://www1.mbrace.or.jp/od2/B/202610/b261001.lzh,2026-10-03T18:39:27.929562+09:00
20261001,07,蒲郡,2,20261001-07-02,2,4413,水摩敦,40,福岡,51.0,A2,5.98,36.84,6.57,38.1,53,44.83,61,30.43,145,12,https://www1.mbrace.or.jp/od2/B/202610/b261001.lzh,2026-10-03T18:39:27.929562+09:00
20261001,07,蒲郡,2,20261001-07-02,3,4434,田中辰彦,40,広島,53.0,A2,6.12,45.9,7.65,70.0,67,51.28,69,37.04,254,7,https://www1.mbrace.or.jp/od2/B/202610/b261001.lzh,2026-10-03T18:39:27.929562+09:00
20261001,07,蒲郡,2,20261001-07-02,4,5033,藤原孝斗,28,愛知,56.0,B1,4.27,24.39,3.93,13.33,60,52.78,60,29.63,5 3,6,https://www1.mbrace.or.jp/od2/B/202610/b261001.lzh,2026-10-03T18:39:27.929562+09:00
20261001,07,蒲郡,2,20261001-07-02,5,3912,川原正明,52,福井,51.0,B1,5.99,43.75,5.95,45.45,66,62.16,51,33.33,2 33,,https://www1.mbrace.or.jp/od2/B/202610/b261001.lzh,2026-10-03T18:39:27.929562+09:00
20261001,07,蒲郡,2,20261001-07-02,6,4416,三宅健太,39,広島,55.0,B1,5.42,38.0,6.78,55.56,43,53.57,76,37.04,151,11,https://www1.mbrace.or.jp/od2/B/202610/b261001.lzh,2026-10-03T18:39:27.929562+09:00
20261001,07,蒲郡,3,20261001-07-03,1,4674,池田剛規,39,福岡,52.0,B1,5.37,30.0,5.38,38.1,19,25.0,45,33.33,6 34,9,https://www1.mbrace.or.jp/od2/B/202610/b261001.lzh,2026-10-03T18:39:27.929562+09:00
20261001,07,蒲郡,3,20261001-07-03,2,4475,末永祐輝,39,山口,53.0,A1,5.51,32.14,5.47,30.56,39,50.0,50,55.56,332,11,https://www1.mbrace.or.jp/od2/B/202610/b261001.lzh,2026-10-03T18:39:27.929562+09:00
20261001,07,蒲郡,3,20261001-07-03,3,4521,小池公生,39,福岡,51.0,B1,5.28,28.7,4.61,22.22,12,25.0,52,32.35,4 56,8,https://www1.mbrace.or.jp/od2/B/202610/b261001.lzh,2026-10-03T18:39:27.929562+09:00
20261001,07,蒲郡,3,20261001-07-03,4,4979,中野夢斗,30,愛知,53.0,B1,5.04,31.53,4.16,26.32,59,51.85,12,46.15,5 66,,https://www1.mbrace.or.jp/od2/B/202610/b261001.lzh,2026-10-03T18:39:27.929562+09:00
20261001,07,蒲郡,3,20261001-07-03,5,3563,堤昇,56,静岡,53.0,B1,5.99,42.62,6.05,43.24,37,24.0,24,29.63,2 46,,https://www1.mbrace.or.jp/od2/B/202610/b261001.lzh,2026-10-03T18:39:27.929562+09:00
20261001,07,蒲郡,3,20261001-07-03,6,4643,近江翔吾,33,香川,53.0,A2,6.57,48.15,5.31,25.0,52,35.48,15,37.04,1 32,12,https://www1.mbrace.or.jp/od2/B/202610/b261001.lzh,2026-10-03T18:39:27.929562+09:00
20261001,07,蒲郡,4,20261001-07-04,1,3442,宮武英司,57,香川,55.0,B1,4.27,22.0,3.0,0.0,57,26.47,18,29.63,363,9,https://www1.mbrace.or.jp/od2/B/202610/b261001.lzh,2026-10-03T18:39:27.929562+09:00
20261001,07,蒲郡,4,20261001-07-04,2,4423,坂口貴彦,37,岡山,55.0,B1,5.68,38.74,3.8,15.0,36,29.63,13,35.29,4 14,10,https://www1.mbrace.or.jp/od2/B/202610/b261001.lzh,2026-10-03T18:39:27.929562+09:00
20261001,07,蒲郡,4,20261001-07-04,3,4822,百武翔,33,佐賀,51.0,A2,6.37,51.69,0.0,0.0,20,30.77,14,46.43,354,,https://www1.mbrace.or.jp/od2/B/202610/b261001.lzh,2026-10-03T18:39:27.929562+09:00
20261001,07,蒲郡,4,20261001-07-04,4,4811,向井田佑,37,広島,50.0,B1,4.92,28.33,4.33,22.22,70,26.92,31,32.43,4 3,8,https://www1.mbrace.or.jp/od2/B/202610/b261001.lzh,2026-10-03T18:39:27.929562+09:00
20261001,07,蒲郡,4,20261001-07-04,5,4036,金田諭,47,埼玉,52.0,A1,6.28,43.09,6.04,42.86,45,33.33,49,35.71,3 11,11,https://www1.mbrace.or.jp/od2/B/202610/b261001.lzh,2026-10-03T18:39:27.929562+09:00
20261001,07,蒲郡,4,20261001-07-04,6,3441,土屋太朗,57,群馬,53.0,B1,4.83,25.69,4.29,17.65,72,29.63,11,37.04,6 45,,https://www1.mbrace.or.jp/od2/B/202610/b261001.lzh,2026-10-03T18:39:27.929562+09:00
20261001,07,蒲郡,5,20261001-07-05,1,5000,岡本翔太,32,山口,53.0,B1,5.15,35.23,4.12,5.88,76,35.71,17,41.38,5 26,,https://www1.mbrace.or.jp/od2/B/202610/b261001.lzh,2026-10-03T18:39:27.929562+09:00
20261001,07,蒲郡,5,20261001-07-05,2,4245,高橋直哉,44,東京,53.0,B1,4.68,26.04,4.26,17.65,33,53.85,53,45.71,3 11,10,https://www1.mbrace.or.jp/od2/B/202610/b261001.lzh,2026-10-03T18:39:27.929562+09:00
20261001,07,蒲郡,5,20261001-07-05,3,4535,北山康介,36,東京,53.0,A2,7.03,53.4,0.0,0.0,28,24.24,25,50.0,5 41,9,https://www1.mbrace.or.jp/od2/B/202610/b261001.lzh,2026-10-03T18:39:27.929562+09:00
20261001,07,蒲郡,5,20261001-07-05,4,5008,羽野諒,29,福岡,54.0,B1,4.85,25.26,4.75,20.0,68,33.33,39,27.78,6 54,,https://www1.mbrace.or.jp/od2/B/202610/b261001.lzh,2026-10-03T18:39:27.929562+09:00
20261001,07,蒲郡,5,20261001-07-05,5,4060,島田一生,47,福岡,56.0,B1,4.62,29.0,4.62,34.62,47,33.33,34,34.29,211,12,https://www1.mbrace.or.jp/od2/B/202610/b261001.lzh,2026-10-03T18:39:27.929562+09:00
20261001,07,蒲郡,5,20261001-07-05,6,4308,河村了,42,愛知,52.0,A1,6.7,46.32,6.82,50.94,22,29.63,22,28.57,5425,,https://www1.mbrace.or.jp/od2/B/202610/b261001.lzh,2026-10-03T18:39:27.929562+09:00
20261001,07,蒲郡,6,20261001-07-06,1,4692,酒井俊弘,42,福井,54.0,B1,4.2,23.4,4.54,17.86,62,34.29,16,29.63,526,,https://www1.mbrace.or.jp/od2/B/202610/b261001.lzh,2026-10-03T18:39:27.929562+09:00
20261001,07,蒲郡,6,20261001-07-06,2,5033,藤原孝斗,28,愛知,56.0,B1,4.27,24.39,3.93,13.33,60,52.78,60,29.63,5 3,2,https://www1.mbrace.or.jp/od2/B/202610/b261001.lzh,2026-10-03T18:39:27.929562+09:00
20261001,07,蒲郡,6,20261001-07-06,3,4486,野村誠,40,群馬,52.0,A2,5.86,41.6,5.95,52.63,77,30.43,35,50.0,122,11,https://www1.mbrace.or.jp/od2/B/202610/b261001.lzh,2026-10-03T18:39:27.929562+09:00
20261001,07,蒲郡,6,20261001-07-06,4,4863,三浦裕貴,37,東京,55.0,B1,3.99,15.85,5.53,41.18,48,36.36,74,42.31,366,1,https://www1.mbrace.or.jp/od2/B/202610/b261001.lzh,2026-10-03T18:39:27.929562+09:00
20261001,07,蒲郡,6,20261001-07-06,5,4273,佐藤旭,44,静岡,54.0,B1,4.96,30.19,4.89,26.32,30,54.29,23,41.38,466,,https://www1.mbrace.or.jp/od2/B/202610/b261001.lzh,2026-10-03T18:39:27.929562+09:00
20261001,07,蒲郡,6,20261001-07-06,6,4418,茅原悠紀,39,岡山,53.0,A1,7.39,53.08,8.53,47.06,65,26.47,40,44.12,312,12,https://www1.mbrace.or.jp/od2/B/202610/b261001.lzh,2026-10-03T18:39:27.929562+09:00
20261001,07,蒲郡,7,20261001-07-07,1,4434,田中辰彦,40,広島,53.0,A2,6.12,45.9,7.65,70.0,67,51.28,69,37.04,254,2,https://www1.mbrace.or.jp/od2/B/202610/b261001.lzh,2026-10-03T18:39:27.929562+09:00
20261001,07,蒲郡,7,20261001-07-07,2,4626,伊藤紘章,40,愛知,51.0,B1,3.93,20.93,5.12,37.25,34,41.38,26,53.33,6 2,1,https://www1.mbrace.or.jp/od2/B/202610/b261001.lzh,2026-10-03T18:39:27.929562+09:00
20261001,07,蒲郡,7,20261001-07-07,3,4771,下寺秀和,33,広島,55.0,A1,7.09,54.62,6.64,57.14,40,35.71,75,37.04,266,12,https://www1.mbrace.or.jp/od2/B/202610/b261001.lzh,2026-10-03T18:39:27.929562+09:00
20261001,07,蒲郡,7,20261001-07-07,4,4933,板橋侑我,30,静岡,53.0,A2,6.54,43.27,7.89,65.79,16,37.93,21,39.29,1 55,11,https://www1.mbrace.or.jp/od2/B/202610/b261001.lzh,2026-10-03T18:39:27.929562+09:00
20261001,07,蒲郡,7,20261001-07-07,5,4652,酒見峻介,41,佐賀,53.0,B1,4.87,24.18,5.56,38.89,23,26.47,71,48.0,1 54,,https://www1.mbrace.or.jp/od2/B/202610/b261001.lzh,2026-10-03T18:39:27.929562+09:00
20261001,07,蒲郡,7,20261001-07-07,6,5321,一色颯輝,24,愛知,54.0,B1,4.71,29.27,4.19,24.66,41,44.44,27,34.48,422,,https://www1.mbrace.or.jp/od2/B/202610/b261001.lzh,2026-10-03T18:39:27.929562+09:00
20261001,07,蒲郡,8,20261001-07-08,1,4850,野中一平,31,愛知,55.0,A2,6.44,48.57,7.21,59.77,32,48.48,37,58.33,2 25,,https://www1.mbrace.or.jp/od2/B/202610/b261001.lzh,2026-10-03T18:39:27.929562+09:00
20261001,07,蒲郡,8,20261001-07-08,2,4811,向井田佑,37,広島,50.0,B1,4.92,28.33,4.33,22.22,70,26.92,31,32.43,4 3,4,https://www1.mbrace.or.jp/od2/B/202610/b261001.lzh,2026-10-03T18:39:27.929562+09:00
20261001,07,蒲郡,8,20261001-07-08,3,4835,橋本明,38,広島,54.0,B1,4.9,25.42,4.18,11.76,14,60.71,77,42.31,2 34,,https://www1.mbrace.or.jp/od2/B/202610/b261001.lzh,2026-10-03T18:39:27.929562+09:00
20261001,07,蒲郡,8,20261001-07-08,4,4877,鈴谷一平,32,兵庫,56.0,A1,6.19,43.2,7.14,61.9,18,29.63,28,29.63,112,12,https://www1.mbrace.or.jp/od2/B/202610/b261001.lzh,2026-10-03T18:39:27.929562+09:00
20261001,07,蒲郡,8,20261001-07-08,5,4593,小坂宗司,45,大阪,52.0,A2,5.95,37.9,5.42,29.17,35,44.44,72,32.14,665,1,https://www1.mbrace.or.jp/od2/B/202610/b261001.lzh,2026-10-03T18:39:27.929562+09:00
20261001,07,蒲郡,8,20261001-07-08,6,4521,小池公生,39,福岡,51.0,B1,5.28,28.7,4.61,22.22,12,25.0,52,32.35,4 56,3,https://www1.mbrace.or.jp/od2/B/202610/b261001.lzh,2026-10-03T18:39:27.929562+09:00
20261001,07,蒲郡,9,20261001-07-09,1,4535,北山康介,36,東京,53.0,A2,7.03,53.4,0.0,0.0,28,24.24,25,50.0,5 41,5,https://www1.mbrace.or.jp/od2/B/202610/b261001.lzh,2026-10-03T18:39:27.929562+09:00
20261001,07,蒲郡,9,20261001-07-09,2,4471,新田泰章,39,広島,52.0,A1,6.41,47.92,7.5,59.38,64,34.29,67,30.77,1 52,,https://www1.mbrace.or.jp/od2/B/202610/b261001.lzh,2026-10-03T18:39:27.929562+09:00
20261001,07,蒲郡,9,20261001-07-09,3,3796,長野道臣,53,静岡,54.0,B1,4.23,23.81,5.23,30.77,31,67.57,62,27.59,544,2,https://www1.mbrace.or.jp/od2/B/202610/b261001.lzh,2026-10-03T18:39:27.929562+09:00
20261001,07,蒲郡,9,20261001-07-09,4,4674,池田剛規,39,福岡,52.0,B1,5.37,30.0,5.38,38.1,19,25.0,45,33.33,6 34,3,https://www1.mbrace.or.jp/od2/B/202610/b261001.lzh,2026-10-03T18:39:27.929562+09:00
20261001,07,蒲郡,9,20261001-07-09,5,3442,宮武英司,57,香川,55.0,B1,4.27,22.0,3.0,0.0,57,26.47,18,29.63,363,4,https://www1.mbrace.or.jp/od2/B/202610/b261001.lzh,2026-10-03T18:39:27.929562+09:00
20261001,07,蒲郡,9,20261001-07-09,6,3557,太田和美,53,大阪,54.0,A1,6.22,44.74,7.56,56.41,11,32.14,48,31.43,3211,,https://www1.mbrace.or.jp/od2/B/202610/b261001.lzh,2026-10-03T18:39:27.929562+09:00
20261001,07,蒲郡,10,20261001-07-10,1,4512,高野哲史,37,兵庫,52.0,A1,6.87,57.72,7.08,60.66,27,24.24,54,45.95,2533,,https://www1.mbrace.or.jp/od2/B/202610/b261001.lzh,2026-10-03T18:39:27.929562+09:00
20261001,07,蒲郡,10,20261001-07-10,2,4463,三苫晃幸,40,福岡,57.0,A2,6.22,42.72,5.5,31.82,24,39.39,66,68.97,3 16,,https://www1.mbrace.or.jp/od2/B/202610/b261001.lzh,2026-10-03T18:39:27.929562+09:00
20261001,07,蒲郡,10,20261001-07-10,3,3327,野長瀬正,59,静岡,51.0,A2,6.01,40.0,6.09,38.3,25,51.52,63,44.0,444,1,https://www1.mbrace.or.jp/od2/B/202610/b261001.lzh,2026-10-03T18:39:27.929562+09:00
20261001,07,蒲郡,10,20261001-07-10,4,4423,坂口貴彦,37,岡山,55.0,B1,5.68,38.74,3.8,15.0,36,29.63,13,35.29,4 14,4,https://www1.mbrace.or.jp/od2/B/202610/b261001.lzh,2026-10-03T18:39:27.929562+09:00
20261001,07,蒲郡,10,20261001-07-10,5,4245,高橋直哉,44,東京,53.0,B1,4.68,26.04,4.26,17.65,33,53.85,53,45.71,3 11,5,https://www1.mbrace.or.jp/od2/B/202610/b261001.lzh,2026-10-03T18:39:27.929562+09:00
20261001,07,蒲郡,10,20261001-07-10,6,4102,益田啓司,47,福岡,52.0,A1,6.59,52.38,6.65,52.17,17,32.14,20,42.86,1 33,,https://www1.mbrace.or.jp/od2/B/202610/b261001.lzh,2026-10-03T18:39:27.929562+09:00
20261001,07,蒲郡,11,20261001-07-11,1,4475,末永祐輝,39,山口,53.0,A1,5.51,32.14,5.47,30.56,39,50.0,50,55.56,332,3,https://www1.mbrace.or.jp/od2/B/202610/b261001.lzh,2026-10-03T18:39:27.929562+09:00
20261001,07,蒲郡,11,20261001-07-11,2,4036,金田諭,47,埼玉,52.0,A1,6.28,43.09,6.04,42.86,45,33.33,49,35.71,3 11,4,https://www1.mbrace.or.jp/od2/B/202610/b261001.lzh,2026-10-03T18:39:27.929562+09:00
20261001,07,蒲郡,11,20261001-07-11,3,4933,板橋侑我,30,静岡,53.0,A2,6.54,43.27,7.89,65.79,16,37.93,21,39.29,1 55,7,https://www1.mbrace.or.jp/od2/B/202610/b261001.lzh,2026-10-03T18:39:27.929562+09:00
20261001,07,蒲郡,11,20261001-07-11,4,4416,三宅健太,39,広島,55.0,B1,5.42,38.0,6.78,55.56,43,53.57,76,37.04,151,2,https://www1.mbrace.or.jp/od2/B/202610/b261001.lzh,2026-10-03T18:39:27.929562+09:00
20261001,07,蒲郡,11,20261001-07-11,5,3708,岡部貴司,52,岡山,56.0,B1,5.3,33.0,4.8,30.0,73,30.77,43,15.63,441,1,https://www1.mbrace.or.jp/od2/B/202610/b261001.lzh,2026-10-03T18:39:27.929562+09:00
20261001,07,蒲郡,11,20261001-07-11,6,4486,野村誠,40,群馬,52.0,A2,5.86,41.6,5.95,52.63,77,30.43,35,50.0,122,6,https://www1.mbrace.or.jp/od2/B/202610/b261001.lzh,2026-10-03T18:39:27.929562+09:00
20261001,07,蒲郡,12,20261001-07-12,1,4771,下寺秀和,33,広島,55.0,A1,7.09,54.62,6.64,57.14,40,35.71,75,37.04,266,7,https://www1.mbrace.or.jp/od2/B/202610/b261001.lzh,2026-10-03T18:39:27.929562+09:00
20261001,07,蒲郡,12,20261001-07-12,2,4060,島田一生,47,福岡,56.0,B1,4.62,29.0,4.62,34.62,47,33.33,34,34.29,211,5,https://www1.mbrace.or.jp/od2/B/202610/b261001.lzh,2026-10-03T18:39:27.929562+09:00
20261001,07,蒲郡,12,20261001-07-12,3,4418,茅原悠紀,39,岡山,53.0,A1,7.39,53.08,8.53,47.06,65,26.47,40,44.12,312,6,https://www1.mbrace.or.jp/od2/B/202610/b261001.lzh,2026-10-03T18:39:27.929562+09:00
20261001,07,蒲郡,12,20261001-07-12,4,4643,近江翔吾,33,香川,53.0,A2,6.57,48.15,5.31,25.0,52,35.48,15,37.04,1 32,3,https://www1.mbrace.or.jp/od2/B/202610/b261001.lzh,2026-10-03T18:39:27.929562+09:00
20261001,07,蒲郡,12,20261001-07-12,5,4413,水摩敦,40,福岡,51.0,A2,5.98,36.84,6.57,38.1,53,44.83,61,30.43,145,2,https://www1.mbrace.or.jp/od2/B/202610/b261001.lzh,2026-10-03T18:39:27.929562+09:00
20261001,07,蒲郡,12,20261001-07-12,6,4877,鈴谷一平,32,兵庫,56.0,A1,6.19,43.2,7.14,61.9,18,29.63,28,29.63,112,8,https://www1.mbrace.or.jp/od2/B/202610/b261001.lzh,2026-10-03T18:39:27.929562+09:00
20261001,06,浜名湖,1,20261001-06-01,1,5316,村松将平,25,静岡,52.0,B1,5.26,33.33,3.51,11.3,39,20.69,62,38.06,2,8,https://www1.mbrace.or.jp/od2/B/202610/b261001.lzh,2026-10-03T18:39:27.929562+09:00
20261001,06,浜名湖,1,20261001-06-01,2,4940,白石有美,28,東京,53.0,B2,4.43,21.54,0.0,0.0,31,26.26,22,37.18,65,,https://www1.mbrace.or.jp/od2/B/202610/b261001.lzh,2026-10-03T18:39:27.929562+09:00
20261001,06,浜名湖,1,20261001-06-01,3,4179,広次修,43,山口,52.0,A2,5.24,27.91,5.5,38.89,59,34.21,68,35.68,51,9,https://www1.mbrace.or.jp/od2/B/202610/b261001.lzh,2026-10-03T18:39:27.929562+09:00
20261001,06,浜名湖,1,20261001-06-01,4,5205,刑部亜里,29,静岡,50.0,A2,6.07,38.1,5.75,39.55,36,29.59,13,31.74,1,6,https://www1.mbrace.or.jp/od2/B/202610/b261001.lzh,2026-10-03T18:39:27.929562+09:00
20261001,06,浜名湖,1,20261001-06-01,5,4491,田中堅,39,群馬,53.0,B1,4.36,24.55,4.74,15.79,23,35.59,37,34.33,4,5,https://www1.mbrace.or.jp/od2/B/202610/b261001.lzh,2026-10-03T18:39:27.929562+09:00
20261001,06,浜名湖,1,20261001-06-01,6,4081,樋口範政,47,愛知,55.0,B1,5.54,34.71,4.32,28.57,38,45.59,76,37.45,4,7,https://www1.mbrace.or.jp/od2/B/202610/b261001.lzh,2026-10-03T18:39:27.929562+09:00
20261001,06,浜名湖,2,20261001-06-02,1,4660,宇田川信,35,東京,54.0,B1,4.15,22.39,4.28,16.67,63,41.44,61,36.92,32,6,https://www1.mbrace.or.jp/od2/B/202610/b261001.lzh,2026-10-03T18:39:27.929562+09:00
20261001,06,浜名湖,2,20261001-06-02,2,5347,井澤聖奈,23,愛知,46.0,B2,1.76,1.32,1.37,0.0,27,16.44,58,38.68,6,9,https://www1.mbrace.or.jp/od2/B/202610/b261001.lzh,2026-10-03T18:39:27.929562+09:00
20261001,06,浜名湖,2,20261001-06-02,3,4058,野末智一,47,静岡,52.0,A1,5.97,40.97,6.0,40.35,65,25.56,45,43.22,2,10,https://www1.mbrace.or.jp/od2/B/202610/b261001.lzh,2026-10-03T18:39:27.929562+09:00
20261001,06,浜名湖,2,20261001-06-02,4,4458,抹香雄三,40,広島,54.0,B1,5.55,30.58,4.28,21.88,43,16.67,57,33.48,2,12,https://www1.mbrace.or.jp/od2/B/202610/b261001.lzh,2026-10-03T18:39:27.929562+09:00
20261001,06,浜名湖,2,20261001-06-02,5,4118,宇佐見淳,45,愛知,54.0,A2,6.0,40.91,4.86,25.0,58,32.08,24,36.36,1,11,https://www1.mbrace.or.jp/od2/B/202610/b261001.lzh,2026-10-03T18:39:27.929562+09:00
20261001,06,浜名湖,2,20261001-06-02,6,4120,柘植政浩,45,滋賀,53.0,A2,6.06,43.66,5.55,42.86,12,20.48,64,31.17,5,7,https://www1.mbrace.or.jp/od2/B/202610/b261001.lzh,2026-10-03T18:39:27.929562+09:00
20261001,06,浜名湖,3,20261001-06-03,1,3471,赤峰和也,56,佐賀,54.0,B1,4.12,17.78,0.0,0.0,20,42.37,65,33.61,2,11,https://www1.mbrace.or.jp/od2/B/202610/b261001.lzh,2026-10-03T18:39:27.929562+09:00
20261001,06,浜名湖,3,20261001-06-03,2,3156,金子良昭,61,静岡,54.0,B1,4.0,21.51,4.95,33.33,48,41.46,63,35.53,13,7,https://www1.mbrace.or.jp/od2/B/202610/b261001.lzh,2026-10-03T18:39:27.929562+09:00
20261001,06,浜名湖,3,20261001-06-03,3,4289,落合直子,41,大阪,50.0,A2,5.75,38.24,7.03,53.85,55,50.43,60,33.05,41,10,https://www1.mbrace.or.jp/od2/B/202610/b261001.lzh,2026-10-03T18:39:27.929562+09:00
20261001,06,浜名湖,3,20261001-06-03,4,4627,藤原菜希,40,東京,47.0,A2,6.38,46.15,5.56,22.22,46,44.55,34,37.5,2,12,https://www1.mbrace.or.jp/od2/B/202610/b261001.lzh,2026-10-03T18:39:27.929562+09:00
20261001,06,浜名湖,3,20261001-06-03,5,5179,藤本元輝,29,兵庫,54.0,B1,4.29,26.15,3.08,5.26,29,31.3,73,30.73,,8,https://www1.mbrace.or.jp/od2/B/202610/b261001.lzh,2026-10-03T18:39:27.929562+09:00
20261001,06,浜名湖,3,20261001-06-03,6,4494,河合佑樹,39,静岡,53.0,A1,6.79,45.92,7.5,61.26,32,34.92,21,39.42,51,9,https://www1.mbrace.or.jp/od2/B/202610/b261001.lzh,2026-10-03T18:39:27.929562+09:00
20261001,06,浜名湖,4,20261001-06-04,1,4790,柳内敬太,37,兵庫,51.0,A1,6.23,40.87,6.97,50.0,53,32.11,29,34.44,45,11,https://www1.mbrace.or.jp/od2/B/202610/b261001.lzh,2026-10-03T18:39:27.929562+09:00
20261001,06,浜名湖,4,20261001-06-04,2,4951,新田洋一,33,広島,54.0,B1,4.92,25.51,6.0,44.44,25,22.35,53,34.16,54,,https://www1.mbrace.or.jp/od2/B/202610/b261001.lzh,2026-10-03T18:39:27.929562+09:00
20261001,06,浜名湖,4,20261001-06-04,3,5383,中村楓,21,三重,53.0,B1,2.56,3.3,1.38,0.0,30,27.84,46,32.64,6,8,https://www1.mbrace.or.jp/od2/B/202610/b261001.lzh,2026-10-03T18:39:27.929562+09:00
20261001,06,浜名湖,4,20261001-06-04,4,5323,香川陽太,23,滋賀,58.0,B2,4.54,24.0,4.5,27.78,44,37.93,59,31.09,4,9,https://www1.mbrace.or.jp/od2/B/202610/b261001.lzh,2026-10-03T18:39:27.929562+09:00
20261001,06,浜名湖,4,20261001-06-04,5,5140,吉田彩乃,26,静岡,47.0,B1,4.84,28.07,4.33,21.88,7,33.86,33,33.47,63,,https://www1.mbrace.or.jp/od2/B/202610/b261001.lzh,2026-10-03T18:39:27.929562+09:00
20261001,06,浜名湖,4,20261001-06-04,6,3448,高山秀雄,56,群馬,55.0,B1,4.22,20.0,6.36,54.55,26,39.23,69,34.03,2,10,https://www1.mbrace.or.jp/od2/B/202610/b261001.lzh,2026-10-03T18:39:27.929562+09:00
20261001,06,浜名湖,5,20261001-06-05,1,3411,池上隆行,57,広島,51.0,B1,3.58,7.79,4.09,17.39,13,40.16,17,35.44,3,11,https://www1.mbrace.or.jp/od2/B/202610/b261001.lzh,2026-10-03T18:39:27.929562+09:00
20261001,06,浜名湖,5,20261001-06-05,2,3828,明石正之,53,兵庫,52.0,B1,5.01,24.71,4.45,20.41,41,29.03,70,31.7,63,,https://www1.mbrace.or.jp/od2/B/202610/b261001.lzh,2026-10-03T18:39:27.929562+09:00
20261001,06,浜名湖,5,20261001-06-05,3,4403,木下大將,41,福岡,53.0,A2,6.36,46.51,5.38,25.0,57,27.72,30,38.89,22,12,https://www1.mbrace.or.jp/od2/B/202610/b261001.lzh,2026-10-03T18:39:27.929562+09:00
20261001,06,浜名湖,5,20261001-06-05,4,4491,田中堅,39,群馬,53.0,B1,4.36,24.55,4.74,15.79,23,35.59,37,34.33,4,1,https://www1.mbrace.or.jp/od2/B/202610/b261001.lzh,2026-10-03T18:39:27.929562+09:00
20261001,06,浜名湖,5,20261001-06-05,5,3623,深川真二,52,佐賀,51.0,A1,7.28,61.68,7.35,62.75,15,32.0,48,37.45,16,10,https://www1.mbrace.or.jp/od2/B/202610/b261001.lzh,2026-10-03T18:39:27.929562+09:00
20261001,06,浜名湖,5,20261001-06-05,6,4635,峰重力也,36,岡山,52.0,A2,5.4,36.05,4.4,24.0,64,21.25,67,37.44,61,,https://www1.mbrace.or.jp/od2/B/202610/b261001.lzh,2026-10-03T18:39:27.929562+09:00
20261001,06,浜名湖,6,20261001-06-06,1,4473,藤堂里香,39,福井,46.0,B1,5.58,36.36,5.89,42.11,35,25.64,14,34.53,35,,https://www1.mbrace.or.jp/od2/B/202610/b261001.lzh,2026-10-03T18:39:27.929562+09:00
20261001,06,浜名湖,6,20261001-06-06,2,5205,刑部亜里,29,静岡,50.0,A2,6.07,38.1,5.75,39.55,36,29.59,13,31.74,1,1,https://www1.mbrace.or.jp/od2/B/202610/b261001.lzh,2026-10-03T18:39:27.929562+09:00
20261001,06,浜名湖,6,20261001-06-06,3,5270,小玉啓太,25,佐賀,55.0,B1,4.24,20.69,0.0,0.0,47,21.59,32,39.32,56,,https://www1.mbrace.or.jp/od2/B/202610/b261001.lzh,2026-10-03T18:39:27.929562+09:00
20261001,06,浜名湖,6,20261001-06-06,4,4660,宇田川信,35,東京,54.0,B1,4.15,22.39,4.28,16.67,63,41.44,61,36.92,32,2,https://www1.mbrace.or.jp/od2/B/202610/b261001.lzh,2026-10-03T18:39:27.929562+09:00
20261001,06,浜名湖,6,20261001-06-06,5,3562,山下和彦,57,広島,53.0,A2,6.31,46.76,6.56,53.13,61,42.4,56,35.17,34,11,https://www1.mbrace.or.jp/od2/B/202610/b261001.lzh,2026-10-03T18:39:27.929562+09:00
20261001,06,浜名湖,6,20261001-06-06,6,3641,一瀬明,55,東京,52.0,A1,6.05,42.75,5.76,44.74,62,41.9,72,33.05,12,12,https://www1.mbrace.or.jp/od2/B/202610/b261001.lzh,2026-10-03T18:39:27.929562+09:00
20261001,06,浜名湖,7,20261001-06-07,1,3975,小野寺智,49,香川,52.0,A2,5.36,33.6,5.48,36.36,17,40.83,12,39.66,15,12,https://www1.mbrace.or.jp/od2/B/202610/b261001.lzh,2026-10-03T18:39:27.929562+09:00
20261001,06,浜名湖,7,20261001-06-07,2,4120,柘植政浩,45,滋賀,53.0,A2,6.06,43.66,5.55,42.86,12,20.48,64,31.17,5,2,https://www1.mbrace.or.jp/od2/B/202610/b261001.lzh,2026-10-03T18:39:27.929562+09:00
20261001,06,浜名湖,7,20261001-06-07,3,4081,樋口範政,47,愛知,55.0,B1,5.54,34.71,4.32,28.57,38,45.59,76,37.45,4,1,https://www1.mbrace.or.jp/od2/B/202610/b261001.lzh,2026-10-03T18:39:27.929562+09:00
20261001,06,浜名湖,7,20261001-06-07,4,3156,金子良昭,61,静岡,54.0,B1,4.0,21.51,4.95,33.33,48,41.46,63,35.53,13,3,https://www1.mbrace.or.jp/od2/B/202610/b261001.lzh,2026-10-03T18:39:27.929562+09:00
20261001,06,浜名湖,7,20261001-06-07,5,3813,佐藤大介,50,愛知,54.0,A1,6.51,44.92,6.35,35.0,33,22.83,15,33.89,14,11,https://www1.mbrace.or.jp/od2/B/202610/b261001.lzh,2026-10-03T18:39:27.929562+09:00
20261001,06,浜名湖,7,20261001-06-07,6,5173,谷口佳蓮,24,香川,48.0,B1,5.07,34.34,6.89,55.56,22,41.38,44,40.54,16,,https://www1.mbrace.or.jp/od2/B/202610/b261001.lzh,2026-10-03T18:39:27.929562+09:00
20261001,06,浜名湖,8,20261001-06-08,1,5269,山口晃朋,25,静岡,52.0,A2,6.45,51.24,5.19,34.83,21,26.32,35,35.32,53,,https://www1.mbrace.or.jp/od2/B/202610/b261001.lzh,2026-10-03T18:39:27.929562+09:00
20261001,06,浜名湖,8,20261001-06-08,2,4892,柴田直哉,36,福岡,53.0,B1,5.19,33.33,4.94,32.26,19,34.43,43,31.65,23,,https://www1.mbrace.or.jp/od2/B/202610/b261001.lzh,2026-10-03T18:39:27.929562+09:00
20261001,06,浜名湖,8,20261001-06-08,3,5179,藤本元輝,29,兵庫,54.0,B1,4.29,26.15,3.08,5.26,29,31.3,73,30.73,,3,https://www1.mbrace.or.jp/od2/B/202610/b261001.lzh,2026-10-03T18:39:27.929562+09:00
20261001,06,浜名湖,8,20261001-06-08,4,4084,杉山正樹,47,愛知,56.0,A1,6.44,41.55,7.45,70.97,1,40.48,18,33.19,33,12,https://www1.mbrace.or.jp/od2/B/202610/b261001.lzh,2026-10-03T18:39:27.929562+09:00
20261001,06,浜名湖,8,20261001-06-08,5,5316,村松将平,25,静岡,52.0,B1,5.26,33.33,3.51,11.3,39,20.69,62,38.06,2,1,https://www1.mbrace.or.jp/od2/B/202610/b261001.lzh,2026-10-03T18:39:27.929562+09:00
20261001,06,浜名湖,8,20261001-06-08,6,5383,中村楓,21,三重,53.0,B1,2.56,3.3,1.38,0.0,30,27.84,46,32.64,6,4,https://www1.mbrace.or.jp/od2/B/202610/b261001.lzh,2026-10-03T18:39:27.929562+09:00
20261001,06,浜名湖,9,20261001-06-09,1,4069,山本修一,46,岡山,54.0,A2,5.77,39.17,6.64,50.0,28,27.08,66,34.35,66,,https://www1.mbrace.or.jp/od2/B/202610/b261001.lzh,2026-10-03T18:39:27.929562+09:00
20261001,06,浜名湖,9,20261001-06-09,2,4494,河合佑樹,39,静岡,53.0,A1,6.79,45.92,7.5,61.26,32,34.92,21,39.42,51,3,https://www1.mbrace.or.jp/od2/B/202610/b261001.lzh,2026-10-03T18:39:27.929562+09:00
20261001,06,浜名湖,9,20261001-06-09,3,5323,香川陽太,23,滋賀,58.0,B2,4.54,24.0,4.5,27.78,44,37.93,59,31.09,4,4,https://www1.mbrace.or.jp/od2/B/202610/b261001.lzh,2026-10-03T18:39:27.929562+09:00
20261001,06,浜名湖,9,20261001-06-09,4,5347,井澤聖奈,23,愛知,46.0,B2,1.76,1.32,1.37,0.0,27,16.44,58,38.68,6,2,https://www1.mbrace.or.jp/od2/B/202610/b261001.lzh,2026-10-03T18:39:27.929562+09:00
20261001,06,浜名湖,9,20261001-06-09,5,3965,北中元樹,47,滋賀,55.0,A1,5.92,42.42,5.68,40.0,16,31.58,25,35.06,42,,https://www1.mbrace.or.jp/od2/B/202610/b261001.lzh,2026-10-03T18:39:27.929562+09:00
20261001,06,浜名湖,9,20261001-06-09,6,4179,広次修,43,山口,52.0,A2,5.24,27.91,5.5,38.89,59,34.21,68,35.68,51,1,https://www1.mbrace.or.jp/od2/B/202610/b261001.lzh,2026-10-03T18:39:27.929562+09:00
20261001,06,浜名湖,10,20261001-06-10,1,3837,秋山広一,51,香川,52.0,A2,6.32,45.11,5.76,44.83,60,16.18,51,30.64,44,,https://www1.mbrace.or.jp/od2/B/202610/b261001.lzh,2026-10-03T18:39:27.929562+09:00
20261001,06,浜名湖,10,20261001-06-10,2,3448,高山秀雄,56,群馬,55.0,B1,4.22,20.0,6.36,54.55,26,39.23,69,34.03,2,4,https://www1.mbrace.or.jp/od2/B/202610/b261001.lzh,2026-10-03T18:39:27.929562+09:00
20261001,06,浜名湖,10,20261001-06-10,3,3623,深川真二,52,佐賀,51.0,A1,7.28,61.68,7.35,62.75,15,32.0,48,37.45,16,5,https://www1.mbrace.or.jp/od2/B/202610/b261001.lzh,2026-10-03T18:39:27.929562+09:00
20261001,06,浜名湖,10,20261001-06-10,4,5169,堀本翔太,25,愛知,51.0,B2,3.77,12.12,3.56,12.5,6,32.46,71,35.86,45,,https://www1.mbrace.or.jp/od2/B/202610/b261001.lzh,2026-10-03T18:39:27.929562+09:00
20261001,06,浜名湖,10,20261001-06-10,5,4289,落合直子,41,大阪,50.0,A2,5.75,38.24,7.03,53.85,55,50.43,60,33.05,41,3,https://www1.mbrace.or.jp/od2/B/202610/b261001.lzh,2026-10-03T18:39:27.929562+09:00
20261001,06,浜名湖,10,20261001-06-10,6,4058,野末智一,47,静岡,52.0,A1,5.97,40.97,6.0,40.35,65,25.56,45,43.22,2,2,https://www1.mbrace.or.jp/od2/B/202610/b261001.lzh,2026-10-03T18:39:27.929562+09:00
20261001,06,浜名湖,11,20261001-06-11,1,3562,山下和彦,57,広島,53.0,A2,6.31,46.76,6.56,53.13,61,42.4,56,35.17,34,6,https://www1.mbrace.or.jp/od2/B/202610/b261001.lzh,2026-10-03T18:39:27.929562+09:00
20261001,06,浜名湖,11,20261001-06-11,2,3471,赤峰和也,56,佐賀,54.0,B1,4.12,17.78,0.0,0.0,20,42.37,65,33.61,2,3,https://www1.mbrace.or.jp/od2/B/202610/b261001.lzh,2026-10-03T18:39:27.929562+09:00
20261001,06,浜名湖,11,20261001-06-11,3,3813,佐藤大介,50,愛知,54.0,A1,6.51,44.92,6.35,35.0,33,22.83,15,33.89,14,7,https://www1.mbrace.or.jp/od2/B/202610/b261001.lzh,2026-10-03T18:39:27.929562+09:00
20261001,06,浜名湖,11,20261001-06-11,4,4790,柳内敬太,37,兵庫,51.0,A1,6.23,40.87,6.97,50.0,53,32.11,29,34.44,45,4,https://www1.mbrace.or.jp/od2/B/202610/b261001.lzh,2026-10-03T18:39:27.929562+09:00
20261001,06,浜名湖,11,20261001-06-11,5,3411,池上隆行,57,広島,51.0,B1,3.58,7.79,4.09,17.39,13,40.16,17,35.44,3,5,https://www1.mbrace.or.jp/od2/B/202610/b261001.lzh,2026-10-03T18:39:27.929562+09:00
20261001,06,浜名湖,11,20261001-06-11,6,4118,宇佐見淳,45,愛知,54.0,A2,6.0,40.91,4.86,25.0,58,32.08,24,36.36,1,2,https://www1.mbrace.or.jp/od2/B/202610/b261001.lzh,2026-10-03T18:39:27.929562+09:00
20261001,06,浜名湖,12,20261001-06-12,1,4084,杉山正樹,47,愛知,56.0,A1,6.44,41.55,7.45,70.97,1,40.48,18,33.19,33,8,https://www1.mbrace.or.jp/od2/B/202610/b261001.lzh,2026-10-03T18:39:27.929562+09:00
20261001,06,浜名湖,12,20261001-06-12,2,3975,小野寺智,49,香川,52.0,A2,5.36,33.6,5.48,36.36,17,40.83,12,39.66,15,7,https://www1.mbrace.or.jp/od2/B/202610/b261001.lzh,2026-10-03T18:39:27.929562+09:00
20261001,06,浜名湖,12,20261001-06-12,3,3641,一瀬明,55,東京,52.0,A1,6.05,42.75,5.76,44.74,62,41.9,72,33.05,12,6,https://www1.mbrace.or.jp/od2/B/202610/b261001.lzh,2026-10-03T18:39:27.929562+09:00
20261001,06,浜名湖,12,20261001-06-12,4,4403,木下大將,41,福岡,53.0,A2,6.36,46.51,5.38,25.0,57,27.72,30,38.89,22,5,https://www1.mbrace.or.jp/od2/B/202610/b261001.lzh,2026-10-03T18:39:27.929562+09:00
20261001,06,浜名湖,12,20261001-06-12,5,4458,抹香雄三,40,広島,54.0,B1,5.55,30.58,4.28,21.88,43,16.67,57,33.48,2,2,https://www1.mbrace.or.jp/od2/B/202610/b261001.lzh,2026-10-03T18:39:27.929562+09:00
20261001,06,浜名湖,12,20261001-06-12,6,4627,藤原菜希,40,東京,47.0,A2,6.38,46.15,5.56,22.22,46,44.55,34,37.5,2,3,https://www1.mbrace.or.jp/od2/B/202610/b261001.lzh,2026-10-03T18:39:27.929562+09:00
20261001,04,平和島,1,20261001-04-01,1,3793,高橋真吾,53,埼玉,58.0,B1,4.31,27.55,3.52,7.41,24,33.33,47,34.85,3 S21,9,https://www1.mbrace.or.jp/od2/B/202610/b261001.lzh,2026-10-03T18:39:27.929562+09:00
20261001,04,平和島,1,20261001-04-01,2,4047,吉永浩則,46,大阪,54.0,B1,3.43,16.25,3.57,19.05,17,25.64,23,32.39,5 564,6,https://www1.mbrace.or.jp/od2/B/202610/b261001.lzh,2026-10-03T18:39:27.929562+09:00
20261001,04,平和島,1,20261001-04-01,3,3686,鳥居塚孝,51,群馬,50.0,A2,6.07,36.73,6.48,52.17,18,34.92,52,42.25,3 162,11,https://www1.mbrace.or.jp/od2/B/202610/b261001.lzh,2026-10-03T18:39:27.929562+09:00
20261001,04,平和島,1,20261001-04-01,4,3256,三角哲男,59,東京,52.0,A1,6.81,54.26,6.81,48.08,38,43.33,48,27.08,144 S5,7,https://www1.mbrace.or.jp/od2/B/202610/b261001.lzh,2026-10-03T18:39:27.929562+09:00
20261001,04,平和島,1,20261001-04-01,5,3391,鈴木茂正,61,東京,52.0,B2,2.22,3.7,0.0,0.0,20,33.82,67,40.3,6 4 16,5,https://www1.mbrace.or.jp/od2/B/202610/b261001.lzh,2026-10-03T18:39:27.929562+09:00
20261001,04,平和島,1,20261001-04-01,6,3532,柴田光,54,群馬,54.0,B2,5.84,37.5,7.62,65.38,12,60.26,58,22.73,6 645,8,https://www1.mbrace.or.jp/od2/B/202610/b261001.lzh,2026-10-03T18:39:27.929562+09:00
20261001,04,平和島,2,20261001-04-02,1,3741,松尾基成,52,福岡,57.0,B1,3.46,16.67,2.83,8.33,40,36.51,64,18.6,5 533,8,https://www1.mbrace.or.jp/od2/B/202610/b261001.lzh,2026-10-03T18:39:27.929562+09:00
20261001,04,平和島,2,20261001-04-02,2,3505,山田竜一,55,東京,54.0,A2,5.2,35.51,5.36,28.69,27,35.38,17,40.58,1 133,11,https://www1.mbrace.or.jp/od2/B/202610/b261001.lzh,2026-10-03T18:39:27.929562+09:00
20261001,04,平和島,2,20261001-04-02,3,3929,杢野誓良,50,愛知,51.0,B1,4.36,20.72,4.94,33.33,13,31.34,14,36.36,5 654,7,https://www1.mbrace.or.jp/od2/B/202610/b261001.lzh,2026-10-03T18:39:27.929562+09:00
20261001,04,平和島,2,20261001-04-02,4,3516,吉原聖人,58,広島,52.0,B1,4.69,32.63,5.35,34.62,55,23.61,75,36.76,6 366,6,https://www1.mbrace.or.jp/od2/B/202610/b261001.lzh,2026-10-03T18:39:27.929562+09:00
20261001,04,平和島,2,20261001-04-02,5,4077,品田直樹,47,東京,53.0,A2,5.37,33.91,4.92,28.57,25,41.67,12,25.97,1 231,9,https://www1.mbrace.or.jp/od2/B/202610/b261001.lzh,2026-10-03T18:39:27.929562+09:00
20261001,04,平和島,2,20261001-04-02,6,3616,中村真,53,福岡,55.0,B1,4.77,25.68,5.2,20.0,33,40.54,21,26.32,555 F,,https://www1.mbrace.or.jp/od2/B/202610/b261001.lzh,2026-10-03T18:39:27.929562+09:00
20261001,04,平和島,3,20261001-04-03,1,3807,岡部哲,51,埼玉,51.0,B1,4.91,26.23,4.5,10.0,69,38.03,73,32.14,535 5,10,https://www1.mbrace.or.jp/od2/B/202610/b261001.lzh,2026-10-03T18:39:27.929562+09:00
20261001,04,平和島,3,20261001-04-03,2,3527,中嶋誠一,55,長崎,51.0,B1,5.08,29.73,0.0,0.0,74,41.67,69,38.33,4 465,7,https://www1.mbrace.or.jp/od2/B/202610/b261001.lzh,2026-10-03T18:39:27.929562+09:00
20261001,04,平和島,3,20261001-04-03,3,3690,河合三弘,55,愛知,53.0,B1,4.81,30.36,4.23,23.08,65,30.0,66,20.55,6 643,8,https://www1.mbrace.or.jp/od2/B/202610/b261001.lzh,2026-10-03T18:39:27.929562+09:00
20261001,04,平和島,3,20261001-04-03,4,3297,藤丸光一,59,福岡,49.0,B1,4.74,26.42,3.83,12.5,71,30.77,22,34.29,1 4333,,https://www1.mbrace.or.jp/od2/B/202610/b261001.lzh,2026-10-03T18:39:27.929562+09:00
20261001,04,平和島,3,20261001-04-03,5,3997,北村征嗣,47,大阪,54.0,A1,6.12,40.56,7.55,55.26,66,33.33,63,36.76,152 11,11,https://www1.mbrace.or.jp/od2/B/202610/b261001.lzh,2026-10-03T18:39:27.929562+09:00
20261001,04,平和島,3,20261001-04-03,6,3988,古川誠之,48,愛知,57.0,A2,6.13,38.46,4.86,28.57,67,15.71,65,27.42,632 F3,,https://www1.mbrace.or.jp/od2/B/202610/b261001.lzh,2026-10-03T18:39:27.929562+09:00
20261001,04,平和島,4,20261001-04-04,1,3211,北川敏弘,64,佐賀,52.0,B1,4.09,18.52,0.0,0.0,43,35.29,50,21.74,4 252,12,https://www1.mbrace.or.jp/od2/B/202610/b261001.lzh,2026-10-03T18:39:27.929562+09:00
20261001,04,平和島,4,20261001-04-04,2,4076,杉田篤光,48,静岡,52.0,B1,4.85,26.72,5.42,29.17,59,25.0,49,24.29,243 13,,https://www1.mbrace.or.jp/od2/B/202610/b261001.lzh,2026-10-03T18:39:27.929562+09:00
20261001,04,平和島,4,20261001-04-04,3,3998,冨成謙児,47,佐賀,52.0,B1,4.35,25.93,4.86,32.14,39,19.4,74,29.85,551 36,,https://www1.mbrace.or.jp/od2/B/202610/b261001.lzh,2026-10-03T18:39:27.929562+09:00
20261001,04,平和島,4,20261001-04-04,4,4139,丹下健,45,愛知,55.0,B1,4.4,26.19,4.35,32.35,56,20.0,53,42.25,2 463,9,https://www1.mbrace.or.jp/od2/B/202610/b261001.lzh,2026-10-03T18:39:27.929562+09:00
20261001,04,平和島,4,20261001-04-04,5,3554,仲口博崇,54,愛知,52.0,A1,6.48,51.77,6.03,33.33,49,21.74,15,20.59,41612,10,https://www1.mbrace.or.jp/od2/B/202610/b261001.lzh,2026-10-03T18:39:27.929562+09:00
20261001,04,平和島,4,20261001-04-04,6,3978,齊藤仁,49,東京,52.0,A2,6.09,30.97,7.07,50.83,11,35.0,62,34.18,122 32,,https://www1.mbrace.or.jp/od2/B/202610/b261001.lzh,2026-10-03T18:39:27.929562+09:00
20261001,04,平和島,5,20261001-04-05,1,3713,伊藤誠二,52,愛知,55.0,A1,4.93,33.33,6.24,36.0,57,22.73,72,33.87,3 1566,11,https://www1.mbrace.or.jp/od2/B/202610/b261001.lzh,2026-10-03T18:39:27.929562+09:00
20261001,04,平和島,5,20261001-04-05,2,4131,原豊土,46,静岡,55.0,B1,5.62,37.61,5.11,35.71,53,31.82,54,36.99,221 26,,https://www1.mbrace.or.jp/od2/B/202610/b261001.lzh,2026-10-03T18:39:27.929562+09:00
20261001,04,平和島,5,20261001-04-05,3,3973,崎利仁,50,群馬,53.0,B1,4.43,23.64,3.93,20.0,50,54.1,19,35.21,4 565,9,https://www1.mbrace.or.jp/od2/B/202610/b261001.lzh,2026-10-03T18:39:27.929562+09:00
20261001,04,平和島,5,20261001-04-05,4,3391,鈴木茂正,61,東京,52.0,B2,2.22,3.7,0.0,0.0,20,33.82,67,40.3,6 4 16,1,https://www1.mbrace.or.jp/od2/B/202610/b261001.lzh,2026-10-03T18:39:27.929562+09:00
20261001,04,平和島,5,20261001-04-05,5,3863,海老澤泰,52,東京,58.0,B1,4.44,21.62,4.27,27.14,44,16.92,44,28.99,462 12,,https://www1.mbrace.or.jp/od2/B/202610/b261001.lzh,2026-10-03T18:39:27.929562+09:00
20261001,04,平和島,5,20261001-04-05,6,3619,長谷川充,52,群馬,51.0,B1,5.11,29.29,4.81,25.0,47,23.68,18,28.13,235 F5,,https://www1.mbrace.or.jp/od2/B/202610/b261001.lzh,2026-10-03T18:39:27.929562+09:00
20261001,04,平和島,6,20261001-04-06,1,4047,吉永浩則,46,大阪,54.0,B1,3.43,16.25,3.57,19.05,17,25.64,23,32.39,5 564,1,https://www1.mbrace.or.jp/od2/B/202610/b261001.lzh,2026-10-03T18:39:27.929562+09:00
20261001,04,平和島,6,20261001-04-06,2,3516,吉原聖人,58,広島,52.0,B1,4.69,32.63,5.35,34.62,55,23.61,75,36.76,6 366,2,https://www1.mbrace.or.jp/od2/B/202610/b261001.lzh,2026-10-03T18:39:27.929562+09:00
20261001,04,平和島,6,20261001-04-06,3,3961,谷村一哉,47,山口,58.0,A1,6.69,50.0,6.47,33.33,10,40.0,41,36.92,26221,12,https://www1.mbrace.or.jp/od2/B/202610/b261001.lzh,2026-10-03T18:39:27.929562+09:00
20261001,04,平和島,6,20261001-04-06,4,3882,新田智彰,53,大阪,56.0,B1,4.34,18.95,4.79,26.47,15,35.82,61,33.33,355 62,,https://www1.mbrace.or.jp/od2/B/202610/b261001.lzh,2026-10-03T18:39:27.929562+09:00
20261001,04,平和島,6,20261001-04-06,5,4027,松江秀徳,48,佐賀,57.0,A2,5.34,32.56,5.76,36.0,28,14.81,51,43.24,6 446,10,https://www1.mbrace.or.jp/od2/B/202610/b261001.lzh,2026-10-03T18:39:27.929562+09:00
20261001,04,平和島,6,20261001-04-06,6,3880,浅見宗孝,53,埼玉,54.0,B1,4.25,16.85,4.61,14.63,35,31.43,56,32.76,423 44,,https://www1.mbrace.or.jp/od2/B/202610/b261001.lzh,2026-10-03T18:39:27.929562+09:00
20261001,04,平和島,7,20261001-04-07,1,3430,角浜修,58,広島,56.0,B1,4.33,23.58,4.78,33.33,75,25.0,59,23.08,1 4566,,https://www1.mbrace.or.jp/od2/B/202610/b261001.lzh,2026-10-03T18:39:27.929562+09:00
20261001,04,平和島,7,20261001-04-07,2,3256,三角哲男,59,東京,52.0,A1,6.81,54.26,6.81,48.08,38,43.33,48,27.08,144 S5,1,https://www1.mbrace.or.jp/od2/B/202610/b261001.lzh,2026-10-03T18:39:27.929562+09:00
20261001,04,平和島,7,20261001-04-07,3,3489,大場敏,59,静岡,53.0,A2,5.93,43.24,6.08,34.62,45,21.21,68,43.08,1 144,12,https://www1.mbrace.or.jp/od2/B/202610/b261001.lzh,2026-10-03T18:39:27.929562+09:00
20261001,04,平和島,7,20261001-04-07,4,3929,杢野誓良,50,愛知,51.0,B1,4.36,20.72,4.94,33.33,13,31.34,14,36.36,5 654,2,https://www1.mbrace.or.jp/od2/B/202610/b261001.lzh,2026-10-03T18:39:27.929562+09:00
20261001,04,平和島,7,20261001-04-07,5,3527,中嶋誠一,55,長崎,51.0,B1,5.08,29.73,0.0,0.0,74,41.67,69,38.33,4 465,3,https://www1.mbrace.or.jp/od2/B/202610/b261001.lzh,2026-10-03T18:39:27.929562+09:00
20261001,04,平和島,7,20261001-04-07,6,3718,伊達正利,51,静岡,57.0,B1,4.46,23.47,4.18,27.27,64,30.16,43,33.8,6 335,11,https://www1.mbrace.or.jp/od2/B/202610/b261001.lzh,2026-10-03T18:39:27.929562+09:00
20261001,04,平和島,8,20261001-04-08,1,3826,村田修次,53,東京,53.0,A2,6.3,47.2,6.12,40.79,34,35.38,13,41.82,S63 45,,https://www1.mbrace.or.jp/od2/B/202610/b261001.lzh,2026-10-03T18:39:27.929562+09:00
20261001,04,平和島,8,20261001-04-08,2,3532,柴田光,54,群馬,54.0,B2,5.84,37.5,7.62,65.38,12,60.26,58,22.73,6 645,1,https://www1.mbrace.or.jp/od2/B/202610/b261001.lzh,2026-10-03T18:39:27.929562+09:00
20261001,04,平和島,8,20261001-04-08,3,3741,松尾基成,52,福岡,57.0,B1,3.46,16.67,2.83,8.33,40,36.51,64,18.6,5 533,2,https://www1.mbrace.or.jp/od2/B/202610/b261001.lzh,2026-10-03T18:39:27.929562+09:00
20261001,04,平和島,8,20261001-04-08,4,3909,佐々木康,53,静岡,57.0,A1,6.78,53.45,5.57,36.67,19,31.08,71,37.68,231121,,https://www1.mbrace.or.jp/od2/B/202610/b261001.lzh,2026-10-03T18:39:27.929562+09:00
20261001,04,平和島,8,20261001-04-08,5,3690,河合三弘,55,愛知,53.0,B1,4.81,30.36,4.23,23.08,65,30.0,66,20.55,6 643,3,https://www1.mbrace.or.jp/od2/B/202610/b261001.lzh,2026-10-03T18:39:27.929562+09:00
20261001,04,平和島,8,20261001-04-08,6,3377,塚田修二,59,東京,53.0,B1,4.41,20.0,4.25,20.59,61,44.07,46,23.53,5 362,12,https://www1.mbrace.or.jp/od2/B/202610/b261001.lzh,2026-10-03T18:39:27.929562+09:00
20261001,04,平和島,9,20261001-04-09,1,4077,品田直樹,47,東京,53.0,A2,5.37,33.91,4.92,28.57,25,41.67,12,25.97,1 231,2,https://www1.mbrace.or.jp/od2/B/202610/b261001.lzh,2026-10-03T18:39:27.929562+09:00
20261001,04,平和島,9,20261001-04-09,2,4139,丹下健,45,愛知,55.0,B1,4.4,26.19,4.35,32.35,56,20.0,53,42.25,2 463,4,https://www1.mbrace.or.jp/od2/B/202610/b261001.lzh,2026-10-03T18:39:27.929562+09:00
20261001,04,平和島,9,20261001-04-09,3,3952,中澤和志,50,埼玉,53.0,A1,6.57,45.65,6.68,48.94,22,14.49,45,36.62,322113,,https://www1.mbrace.or.jp/od2/B/202610/b261001.lzh,2026-10-03T18:39:27.929562+09:00
20261001,04,平和島,9,20261001-04-09,4,3793,高橋真吾,53,埼玉,58.0,B1,4.31,27.55,3.52,7.41,24,33.33,47,34.85,3 S21,1,https://www1.mbrace.or.jp/od2/B/202610/b261001.lzh,2026-10-03T18:39:27.929562+09:00
20261001,04,平和島,9,20261001-04-09,5,3973,崎利仁,50,群馬,53.0,B1,4.43,23.64,3.93,20.0,50,54.1,19,35.21,4 565,5,https://www1.mbrace.or.jp/od2/B/202610/b261001.lzh,2026-10-03T18:39:27.929562+09:00
20261001,04,平和島,9,20261001-04-09,6,3158,島川光男,61,広島,55.0,A2,6.4,46.09,6.4,55.0,63,30.77,11,26.76,144 52,,https://www1.mbrace.or.jp/od2/B/202610/b261001.lzh,2026-10-03T18:39:27.929562+09:00
20261001,04,平和島,10,20261001-04-10,1,4027,松江秀徳,48,佐賀,57.0,A2,5.34,32.56,5.76,36.0,28,14.81,51,43.24,6 446,6,https://www1.mbrace.or.jp/od2/B/202610/b261001.lzh,2026-10-03T18:39:27.929562+09:00
20261001,04,平和島,10,20261001-04-10,2,3944,山口裕二,47,長崎,54.0,A1,5.84,39.77,5.96,46.15,68,44.07,70,39.39,241 51,,https://www1.mbrace.or.jp/od2/B/202610/b261001.lzh,2026-10-03T18:39:27.929562+09:00
20261001,04,平和島,10,20261001-04-10,3,3554,仲口博崇,54,愛知,52.0,A1,6.48,51.77,6.03,33.33,49,21.74,15,20.59,41612,4,https://www1.mbrace.or.jp/od2/B/202610/b261001.lzh,2026-10-03T18:39:27.929562+09:00
20261001,04,平和島,10,20261001-04-10,4,3807,岡部哲,51,埼玉,51.0,B1,4.91,26.23,4.5,10.0,69,38.03,73,32.14,535 5,3,https://www1.mbrace.or.jp/od2/B/202610/b261001.lzh,2026-10-03T18:39:27.929562+09:00
20261001,04,平和島,10,20261001-04-10,5,3878,胡本悟志,49,山口,51.0,B1,4.25,17.58,4.71,14.29,51,35.19,57,50.0,452 24,,https://www1.mbrace.or.jp/od2/B/202610/b261001.lzh,2026-10-03T18:39:27.929562+09:00
20261001,04,平和島,10,20261001-04-10,6,3868,尾形栄治,51,東京,55.0,B1,4.57,23.91,5.91,45.45,54,22.39,60,47.06,125 42,,https://www1.mbrace.or.jp/od2/B/202610/b261001.lzh,2026-10-03T18:39:27.929562+09:00
20261001,04,平和島,11,20261001-04-11,1,3686,鳥居塚孝,51,群馬,50.0,A2,6.07,36.73,6.48,52.17,18,34.92,52,42.25,3 162,1,https://www1.mbrace.or.jp/od2/B/202610/b261001.lzh,2026-10-03T18:39:27.929562+09:00
20261001,04,平和島,11,20261001-04-11,2,3718,伊達正利,51,静岡,57.0,B1,4.46,23.47,4.18,27.27,64,30.16,43,33.8,6 335,7,https://www1.mbrace.or.jp/od2/B/202610/b261001.lzh,2026-10-03T18:39:27.929562+09:00
20261001,04,平和島,11,20261001-04-11,3,3713,伊藤誠二,52,愛知,55.0,A1,4.93,33.33,6.24,36.0,57,22.73,72,33.87,3 1566,5,https://www1.mbrace.or.jp/od2/B/202610/b261001.lzh,2026-10-03T18:39:27.929562+09:00
20261001,04,平和島,11,20261001-04-11,4,3997,北村征嗣,47,大阪,54.0,A1,6.12,40.56,7.55,55.26,66,33.33,63,36.76,152 11,3,https://www1.mbrace.or.jp/od2/B/202610/b261001.lzh,2026-10-03T18:39:27.929562+09:00
20261001,04,平和島,11,20261001-04-11,5,3505,山田竜一,55,東京,54.0,A2,5.2,35.51,5.36,28.69,27,35.38,17,40.58,1 133,2,https://www1.mbrace.or.jp/od2/B/202610/b261001.lzh,2026-10-03T18:39:27.929562+09:00
20261001,04,平和島,11,20261001-04-11,6,3714,梶原正,51,福岡,55.0,B1,4.25,25.27,4.94,25.81,14,38.71,55,41.77,343 45,,https://www1.mbrace.or.jp/od2/B/202610/b261001.lzh,2026-10-03T18:39:27.929562+09:00
20261001,04,平和島,12,20261001-04-12,1,3961,谷村一哉,47,山口,58.0,A1,6.69,50.0,6.47,33.33,10,40.0,41,36.92,26221,6,https://www1.mbrace.or.jp/od2/B/202610/b261001.lzh,2026-10-03T18:39:27.929562+09:00
20261001,04,平和島,12,20261001-04-12,2,3422,服部幸男,55,静岡,56.0,A2,5.8,39.06,6.1,42.86,70,14.49,10,38.16,361 44,,https://www1.mbrace.or.jp/od2/B/202610/b261001.lzh,2026-10-03T18:39:27.929562+09:00
20261001,04,平和島,12,20261001-04-12,3,3211,北川敏弘,64,佐賀,52.0,B1,4.09,18.52,0.0,0.0,43,35.29,50,21.74,4 252,4,https://www1.mbrace.or.jp/od2/B/202610/b261001.lzh,2026-10-03T18:39:27.929562+09:00
20261001,04,平和島,12,20261001-04-12,4,3377,塚田修二,59,東京,53.0,B1,4.41,20.0,4.25,20.59,61,44.07,46,23.53,5 362,8,https://www1.mbrace.or.jp/od2/B/202610/b261001.lzh,2026-10-03T18:39:27.929562+09:00
20261001,04,平和島,12,20261001-04-12,5,3489,大場敏,59,静岡,53.0,A2,5.93,43.24,6.08,34.62,45,21.21,68,43.08,1 144,7,https://www1.mbrace.or.jp/od2/B/202610/b261001.lzh,2026-10-03T18:39:27.929562+09:00
20261001,04,平和島,12,20261001-04-12,6,3679,飯島昌弘,53,埼玉,53.0,A2,6.67,48.87,6.5,43.42,32,32.0,16,33.33,312 31,,https://www1.mbrace.or.jp/od2/B/202610/b261001.lzh,2026-10-03T18:39:27.929562+09:00
20261001,03,江戸川,1,20261001-03-01,1,4540,相原利章,39,東京,53.0,A2,5.14,28.97,6.0,30.0,37,39.47,57,28.57,63552 346,8,https://www1.mbrace.or.jp/od2/B/202610/b261001.lzh,2026-10-03T18:39:27.929562+09:00
20261001,03,江戸川,1,20261001-03-01,2,3508,久富政弘,55,佐賀,54.0,A2,5.0,28.85,4.45,27.27,16,33.8,29,39.47,162 354 12,10,https://www1.mbrace.or.jp/od2/B/202610/b261001.lzh,2026-10-03T18:39:27.929562+09:00
20261001,03,江戸川,1,20261001-03-01,3,4615,板倉敦史,46,東京,52.0,B1,4.66,25.58,4.69,21.13,39,22.39,13,41.33,4 135 544,5,https://www1.mbrace.or.jp/od2/B/202610/b261001.lzh,2026-10-03T18:39:27.929562+09:00
20261001,03,江戸川,1,20261001-03-01,4,4231,鈴木裕隆,43,愛知,55.0,B1,5.39,34.43,6.07,44.83,47,18.92,40,40.0,6 356 454,6,https://www1.mbrace.or.jp/od2/B/202610/b261001.lzh,2026-10-03T18:39:27.929562+09:00
20261001,03,江戸川,1,20261001-03-01,5,3503,堂原洋史,56,埼玉,51.0,B1,3.7,17.0,4.8,24.62,57,45.21,60,37.04,2 263 632,9,https://www1.mbrace.or.jp/od2/B/202610/b261001.lzh,2026-10-03T18:39:27.929562+09:00
20261001,03,江戸川,1,20261001-03-01,6,3906,飯山晃三,48,長崎,64.0,B1,3.66,20.43,3.08,19.23,60,25.0,20,19.72,5 364 645,7,https://www1.mbrace.or.jp/od2/B/202610/b261001.lzh,2026-10-03T18:39:27.929562+09:00
20261001,03,江戸川,2,20261001-03-02,1,5172,田村慶,25,徳島,53.0,B1,4.99,34.0,5.7,40.0,25,42.47,58,18.06,535 365 36,,https://www1.mbrace.or.jp/od2/B/202610/b261001.lzh,2026-10-03T18:39:27.929562+09:00
20261001,03,江戸川,2,20261001-03-02,2,5073,上原健次,31,福岡,54.0,A2,5.32,31.2,5.03,28.21,56,49.37,43,35.82,1 354 5S4,7,https://www1.mbrace.or.jp/od2/B/202610/b261001.lzh,2026-10-03T18:39:27.929562+09:00
20261001,03,江戸川,2,20261001-03-02,3,4259,真庭明志,42,長崎,53.0,A2,5.63,34.81,7.3,60.0,61,29.73,48,29.49,1 451 231,10,https://www1.mbrace.or.jp/od2/B/202610/b261001.lzh,2026-10-03T18:39:27.929562+09:00
20261001,03,江戸川,2,20261001-03-02,4,4728,山口亮,38,東京,54.0,B1,4.66,27.71,4.94,30.49,41,29.58,39,47.95,6 643 153,9,https://www1.mbrace.or.jp/od2/B/202610/b261001.lzh,2026-10-03T18:39:27.929562+09:00
20261001,03,江戸川,2,20261001-03-02,5,4035,杉江浩明,47,愛知,52.0,B1,3.54,20.56,3.3,10.0,49,38.46,41,40.0,1 364 256,8,https://www1.mbrace.or.jp/od2/B/202610/b261001.lzh,2026-10-03T18:39:27.929562+09:00
20261001,03,江戸川,2,20261001-03-02,6,4685,島村隆幸,35,徳島,52.0,A1,7.24,53.77,7.38,62.5,48,33.78,17,35.21,5 441 1214,11,https://www1.mbrace.or.jp/od2/B/202610/b261001.lzh,2026-10-03T18:39:27.929562+09:00
20261001,03,江戸川,3,20261001-03-03,1,4610,佐藤大佑,36,東京,54.0,A1,6.12,45.69,6.01,41.72,65,41.33,15,32.43,6 13664 2,7,https://www1.mbrace.or.jp/od2/B/202610/b261001.lzh,2026-10-03T18:39:27.929562+09:00
20261001,03,江戸川,3,20261001-03-03,2,4023,柴田友和,49,福岡,53.0,B1,3.67,16.85,4.67,20.63,54,23.29,52,30.67,3 246 652,9,https://www1.mbrace.or.jp/od2/B/202610/b261001.lzh,2026-10-03T18:39:27.929562+09:00
20261001,03,江戸川,3,20261001-03-03,3,4440,萩原知哉,40,東京,55.0,B1,4.6,29.03,5.1,27.59,35,30.56,32,43.06,445 32253,8,https://www1.mbrace.or.jp/od2/B/202610/b261001.lzh,2026-10-03T18:39:27.929562+09:00
20261001,03,江戸川,3,20261001-03-03,4,5212,西川拓利,27,福岡,56.0,A2,6.21,45.97,5.46,32.69,43,33.33,23,18.84,2 333 3136,11,https://www1.mbrace.or.jp/od2/B/202610/b261001.lzh,2026-10-03T18:39:27.929562+09:00
20261001,03,江戸川,3,20261001-03-03,5,4201,佐竹友樹,44,埼玉,53.0,B1,4.33,21.37,4.07,19.3,33,31.94,28,41.1,451 246 63,,https://www1.mbrace.or.jp/od2/B/202610/b261001.lzh,2026-10-03T18:39:27.929562+09:00
20261001,03,江戸川,3,20261001-03-03,6,3907,村越篤,48,香川,55.0,B1,5.16,33.33,5.43,33.33,50,23.68,68,30.77,1 146 1134,10,https://www1.mbrace.or.jp/od2/B/202610/b261001.lzh,2026-10-03T18:39:27.929562+09:00
20261001,03,江戸川,4,20261001-03-04,1,3934,鋤柄貴俊,49,愛知,52.0,B1,5.15,26.72,5.64,39.39,64,45.57,37,27.03,1 265 332,11,https://www1.mbrace.or.jp/od2/B/202610/b261001.lzh,2026-10-03T18:39:27.929562+09:00
20261001,03,江戸川,4,20261001-03-04,2,5244,黒田剛,26,福岡,52.0,B1,4.03,20.0,4.05,16.67,22,31.58,34,28.38,565 464 56,,https://www1.mbrace.or.jp/od2/B/202610/b261001.lzh,2026-10-03T18:39:27.929562+09:00
20261001,03,江戸川,4,20261001-03-04,3,4637,中田友也,36,埼玉,58.0,A2,5.64,38.57,5.0,22.22,10,35.21,49,45.95,2 45351 5,8,https://www1.mbrace.or.jp/od2/B/202610/b261001.lzh,2026-10-03T18:39:27.929562+09:00
20261001,03,江戸川,4,20261001-03-04,4,4875,大塚康雅,32,東京,51.0,B1,5.48,37.14,5.21,34.82,12,38.16,27,51.9,124 556 45,,https://www1.mbrace.or.jp/od2/B/202610/b261001.lzh,2026-10-03T18:39:27.929562+09:00
20261001,03,江戸川,4,20261001-03-04,5,4644,山田亮太,47,東京,52.0,A1,6.64,48.89,5.99,38.61,53,33.78,61,44.0,3 412 3145,10,https://www1.mbrace.or.jp/od2/B/202610/b261001.lzh,2026-10-03T18:39:27.929562+09:00
20261001,03,江戸川,4,20261001-03-04,6,4550,石岡将太,37,群馬,58.0,A2,4.87,23.58,5.48,44.78,51,28.0,25,30.77,4 325 464,9,https://www1.mbrace.or.jp/od2/B/202610/b261001.lzh,2026-10-03T18:39:27.929562+09:00
20261001,03,江戸川,5,20261001-03-05,1,5004,河野主樹,30,大阪,52.0,A2,5.82,38.17,5.03,35.29,62,41.56,31,30.56,2 234 411,10,https://www1.mbrace.or.jp/od2/B/202610/b261001.lzh,2026-10-03T18:39:27.929562+09:00
20261001,03,江戸川,5,20261001-03-05,2,5328,井上慧人,22,福岡,53.0,B1,4.35,21.28,3.83,16.67,24,30.77,11,17.81,246 166 66,,https://www1.mbrace.or.jp/od2/B/202610/b261001.lzh,2026-10-03T18:39:27.929562+09:00
20261001,03,江戸川,5,20261001-03-05,3,5032,谷口知優,28,香川,54.0,A2,5.0,31.45,6.75,50.0,36,46.67,26,34.67,343 22661,9,https://www1.mbrace.or.jp/od2/B/202610/b261001.lzh,2026-10-03T18:39:27.929562+09:00
20261001,03,江戸川,5,20261001-03-05,4,4615,板倉敦史,46,東京,52.0,B1,4.66,25.58,4.69,21.13,39,22.39,13,41.33,4 135 544,1,https://www1.mbrace.or.jp/od2/B/202610/b261001.lzh,2026-10-03T18:39:27.929562+09:00
20261001,03,江戸川,5,20261001-03-05,5,4934,佐々木翔,30,大阪,55.0,A2,5.4,34.65,6.24,35.29,31,39.13,66,30.67,313 223 15,11,https://www1.mbrace.or.jp/od2/B/202610/b261001.lzh,2026-10-03T18:39:27.929562+09:00
20261001,03,江戸川,5,20261001-03-05,6,5093,浦野海,24,福岡,56.0,B2,3.17,9.86,5.2,40.0,30,51.43,51,28.77,516 512 43,,https://www1.mbrace.or.jp/od2/B/202610/b261001.lzh,2026-10-03T18:39:27.929562+09:00
20261001,03,江戸川,6,20261001-03-06,1,4873,蒲原健太,32,佐賀,53.0,B1,4.93,30.83,2.83,16.67,20,33.78,16,40.74,356 564 55,,https://www1.mbrace.or.jp/od2/B/202610/b261001.lzh,2026-10-03T18:39:27.929562+09:00
20261001,03,江戸川,6,20261001-03-06,2,4231,鈴木裕隆,43,愛知,55.0,B1,5.39,34.43,6.07,44.83,47,18.92,40,40.0,6 356 454,1,https://www1.mbrace.or.jp/od2/B/202610/b261001.lzh,2026-10-03T18:39:27.929562+09:00
20261001,03,江戸川,6,20261001-03-06,3,5303,土井歩夢,23,福岡,52.0,A2,5.98,37.5,4.79,24.24,40,20.83,18,29.73,1 524 141,11,https://www1.mbrace.or.jp/od2/B/202610/b261001.lzh,2026-10-03T18:39:27.929562+09:00
20261001,03,江戸川,6,20261001-03-06,4,4957,竹之内極,31,福岡,58.0,B1,5.41,34.26,6.3,54.35,19,25.0,14,24.66,632 131 16,10,https://www1.mbrace.or.jp/od2/B/202610/b261001.lzh,2026-10-03T18:39:27.929562+09:00
20261001,03,江戸川,6,20261001-03-06,5,4377,濱本優一,42,大阪,50.0,A1,5.43,35.77,6.61,50.0,27,35.14,56,38.03,342 51S 13,,https://www1.mbrace.or.jp/od2/B/202610/b261001.lzh,2026-10-03T18:39:27.929562+09:00
20261001,03,江戸川,6,20261001-03-06,6,5424,熊倉幹太,24,東京,54.0,B2,1.5,1.72,1.5,0.0,28,39.73,10,41.43,625 616 35,,https://www1.mbrace.or.jp/od2/B/202610/b261001.lzh,2026-10-03T18:39:27.929562+09:00
20261001,03,江戸川,7,20261001-03-07,1,3906,飯山晃三,48,長崎,64.0,B1,3.66,20.43,3.08,19.23,60,25.0,20,19.72,5 364 645,1,https://www1.mbrace.or.jp/od2/B/202610/b261001.lzh,2026-10-03T18:39:27.929562+09:00
20261001,03,江戸川,7,20261001-03-07,2,3482,金子猛志,55,群馬,61.0,B1,4.81,29.17,5.62,35.63,59,33.78,12,35.06,2 622 232,11,https://www1.mbrace.or.jp/od2/B/202610/b261001.lzh,2026-10-03T18:39:27.929562+09:00
20261001,03,江戸川,7,20261001-03-07,3,4568,廣瀬真也,38,東京,51.0,B1,5.41,33.64,5.88,43.33,34,47.44,22,28.0,254 14534,,https://www1.mbrace.or.jp/od2/B/202610/b261001.lzh,2026-10-03T18:39:27.929562+09:00
20261001,03,江戸川,7,20261001-03-07,4,4724,吉田祐貴,40,佐賀,55.0,B1,3.6,9.33,3.77,13.64,26,31.58,54,27.03,434 541 52,,https://www1.mbrace.or.jp/od2/B/202610/b261001.lzh,2026-10-03T18:39:27.929562+09:00
20261001,03,江戸川,7,20261001-03-07,5,5073,上原健次,31,福岡,54.0,A2,5.32,31.2,5.03,28.21,56,49.37,43,35.82,1 354 5S4,2,https://www1.mbrace.or.jp/od2/B/202610/b261001.lzh,2026-10-03T18:39:27.929562+09:00
20261001,03,江戸川,7,20261001-03-07,6,4610,佐藤大佑,36,東京,54.0,A1,6.12,45.69,6.01,41.72,65,41.33,15,32.43,6 13664 2,3,https://www1.mbrace.or.jp/od2/B/202610/b261001.lzh,2026-10-03T18:39:27.929562+09:00
20261001,03,江戸川,8,20261001-03-08,1,4952,吉武真也,32,福岡,54.0,B1,4.17,20.69,4.26,22.22,21,25.76,38,24.64,455 255 14,,https://www1.mbrace.or.jp/od2/B/202610/b261001.lzh,2026-10-03T18:39:27.929562+09:00
20261001,03,江戸川,8,20261001-03-08,2,4565,西村豪洋,38,愛知,55.0,B1,4.16,16.35,2.67,0.0,29,21.79,45,28.77,652 435 55,,https://www1.mbrace.or.jp/od2/B/202610/b261001.lzh,2026-10-03T18:39:27.929562+09:00
20261001,03,江戸川,8,20261001-03-08,3,4035,杉江浩明,47,愛知,52.0,B1,3.54,20.56,3.3,10.0,49,38.46,41,40.0,1 364 256,2,https://www1.mbrace.or.jp/od2/B/202610/b261001.lzh,2026-10-03T18:39:27.929562+09:00
20261001,03,江戸川,8,20261001-03-08,4,4540,相原利章,39,東京,53.0,A2,5.14,28.97,6.0,30.0,37,39.47,57,28.57,63552 346,1,https://www1.mbrace.or.jp/od2/B/202610/b261001.lzh,2026-10-03T18:39:27.929562+09:00
20261001,03,江戸川,8,20261001-03-08,5,4440,萩原知哉,40,東京,55.0,B1,4.6,29.03,5.1,27.59,35,30.56,32,43.06,445 32253,3,https://www1.mbrace.or.jp/od2/B/202610/b261001.lzh,2026-10-03T18:39:27.929562+09:00
20261001,03,江戸川,8,20261001-03-08,6,4637,中田友也,36,埼玉,58.0,A2,5.64,38.57,5.0,22.22,10,35.21,49,45.95,2 45351 5,4,https://www1.mbrace.or.jp/od2/B/202610/b261001.lzh,2026-10-03T18:39:27.929562+09:00
20261001,03,江戸川,9,20261001-03-09,1,4550,石岡将太,37,群馬,58.0,A2,4.87,23.58,5.48,44.78,51,28.0,25,30.77,4 325 464,4,https://www1.mbrace.or.jp/od2/B/202610/b261001.lzh,2026-10-03T18:39:27.929562+09:00
20261001,03,江戸川,9,20261001-03-09,2,4728,山口亮,38,東京,54.0,B1,4.66,27.71,4.94,30.49,41,29.58,39,47.95,6 643 153,2,https://www1.mbrace.or.jp/od2/B/202610/b261001.lzh,2026-10-03T18:39:27.929562+09:00
20261001,03,江戸川,9,20261001-03-09,3,3503,堂原洋史,56,埼玉,51.0,B1,3.7,17.0,4.8,24.62,57,45.21,60,37.04,2 263 632,1,https://www1.mbrace.or.jp/od2/B/202610/b261001.lzh,2026-10-03T18:39:27.929562+09:00
20261001,03,江戸川,9,20261001-03-09,4,4023,柴田友和,49,福岡,53.0,B1,3.67,16.85,4.67,20.63,54,23.29,52,30.67,3 246 652,3,https://www1.mbrace.or.jp/od2/B/202610/b261001.lzh,2026-10-03T18:39:27.929562+09:00
20261001,03,江戸川,9,20261001-03-09,5,5032,谷口知優,28,香川,54.0,A2,5.0,31.45,6.75,50.0,36,46.67,26,34.67,343 22661,5,https://www1.mbrace.or.jp/od2/B/202610/b261001.lzh,2026-10-03T18:39:27.929562+09:00
20261001,03,江戸川,9,20261001-03-09,6,5404,内田壮,22,山口,55.0,B1,2.25,3.61,0.0,0.0,18,31.94,64,45.95,666 662 62,,https://www1.mbrace.or.jp/od2/B/202610/b261001.lzh,2026-10-03T18:39:27.929562+09:00
20261001,03,江戸川,10,20261001-03-10,1,3907,村越篤,48,香川,55.0,B1,5.16,33.33,5.43,33.33,50,23.68,68,30.77,1 146 1134,3,https://www1.mbrace.or.jp/od2/B/202610/b261001.lzh,2026-10-03T18:39:27.929562+09:00
20261001,03,江戸川,10,20261001-03-10,2,4644,山田亮太,47,東京,52.0,A1,6.64,48.89,5.99,38.61,53,33.78,61,44.0,3 412 3145,4,https://www1.mbrace.or.jp/od2/B/202610/b261001.lzh,2026-10-03T18:39:27.929562+09:00
20261001,03,江戸川,10,20261001-03-10,3,4957,竹之内極,31,福岡,58.0,B1,5.41,34.26,6.3,54.35,19,25.0,14,24.66,632 131 16,6,https://www1.mbrace.or.jp/od2/B/202610/b261001.lzh,2026-10-03T18:39:27.929562+09:00
20261001,03,江戸川,10,20261001-03-10,4,4259,真庭明志,42,長崎,53.0,A2,5.63,34.81,7.3,60.0,61,29.73,48,29.49,1 451 231,2,https://www1.mbrace.or.jp/od2/B/202610/b261001.lzh,2026-10-03T18:39:27.929562+09:00
20261001,03,江戸川,10,20261001-03-10,5,3508,久富政弘,55,佐賀,54.0,A2,5.0,28.85,4.45,27.27,16,33.8,29,39.47,162 354 12,1,https://www1.mbrace.or.jp/od2/B/202610/b261001.lzh,2026-10-03T18:39:27.929562+09:00
20261001,03,江戸川,10,20261001-03-10,6,5004,河野主樹,30,大阪,52.0,A2,5.82,38.17,5.03,35.29,62,41.56,31,30.56,2 234 411,5,https://www1.mbrace.or.jp/od2/B/202610/b261001.lzh,2026-10-03T18:39:27.929562+09:00
20261001,03,江戸川,11,20261001-03-11,1,4685,島村隆幸,35,徳島,52.0,A1,7.24,53.77,7.38,62.5,48,33.78,17,35.21,5 441 1214,2,https://www1.mbrace.or.jp/od2/B/202610/b261001.lzh,2026-10-03T18:39:27.929562+09:00
20261001,03,江戸川,11,20261001-03-11,2,4934,佐々木翔,30,大阪,55.0,A2,5.4,34.65,6.24,35.29,31,39.13,66,30.67,313 223 15,5,https://www1.mbrace.or.jp/od2/B/202610/b261001.lzh,2026-10-03T18:39:27.929562+09:00
20261001,03,江戸川,11,20261001-03-11,3,5212,西川拓利,27,福岡,56.0,A2,6.21,45.97,5.46,32.69,43,33.33,23,18.84,2 333 3136,3,https://www1.mbrace.or.jp/od2/B/202610/b261001.lzh,2026-10-03T18:39:27.929562+09:00
20261001,03,江戸川,11,20261001-03-11,4,5303,土井歩夢,23,福岡,52.0,A2,5.98,37.5,4.79,24.24,40,20.83,18,29.73,1 524 141,6,https://www1.mbrace.or.jp/od2/B/202610/b261001.lzh,2026-10-03T18:39:27.929562+09:00
20261001,03,江戸川,11,20261001-03-11,5,3482,金子猛志,55,群馬,61.0,B1,4.81,29.17,5.62,35.63,59,33.78,12,35.06,2 622 232,7,https://www1.mbrace.or.jp/od2/B/202610/b261001.lzh,2026-10-03T18:39:27.929562+09:00
20261001,03,江戸川,11,20261001-03-11,6,3934,鋤柄貴俊,49,愛知,52.0,B1,5.15,26.72,5.64,39.39,64,45.57,37,27.03,1 265 332,4,https://www1.mbrace.or.jp/od2/B/202610/b261001.lzh,2026-10-03T18:39:27.929562+09:00
20261001,03,江戸川,12,20261001-03-12,1,4748,渡邉雄朗,40,東京,53.0,A1,6.21,46.15,6.62,46.67,52,40.85,46,30.77,2 113 21S1,,https://www1.mbrace.or.jp/od2/B/202610/b261001.lzh,2026-10-03T18:39:27.929562+09:00
20261001,03,江戸川,12,20261001-03-12,2,4364,池永太,41,福岡,54.0,A1,6.03,41.96,6.58,45.0,17,35.62,62,32.47,211 132 41,,https://www1.mbrace.or.jp/od2/B/202610/b261001.lzh,2026-10-03T18:39:27.929562+09:00
20261001,03,江戸川,12,20261001-03-12,3,4508,野間大樹,38,大阪,53.0,A2,4.92,27.78,5.1,40.0,32,38.46,65,24.24,331 142 62,,https://www1.mbrace.or.jp/od2/B/202610/b261001.lzh,2026-10-03T18:39:27.929562+09:00
20261001,03,江戸川,12,20261001-03-12,4,5035,櫻井優,28,埼玉,53.0,A2,5.4,37.19,5.56,22.22,70,20.0,53,47.89,2 24232 22,,https://www1.mbrace.or.jp/od2/B/202610/b261001.lzh,2026-10-03T18:39:27.929562+09:00
20261001,03,江戸川,12,20261001-03-12,5,3911,鈴木猛,52,東京,54.0,B1,4.72,25.64,5.13,30.28,38,36.99,24,31.25,1 112 4523,,https://www1.mbrace.or.jp/od2/B/202610/b261001.lzh,2026-10-03T18:39:27.929562+09:00
20261001,03,江戸川,12,20261001-03-12,6,5219,森口和紀,25,福岡,52.0,B1,5.42,39.42,4.13,18.75,15,30.77,30,32.0,441 113 33,,https://www1.mbrace.or.jp/od2/B/202610/b261001.lzh,2026-10-03T18:39:27.929562+09:00
