date,venue_code,venue_name,race,race_id,boat,registration_no,racer_name,age,branch,weight_kg,grade,national_win_rate,national_top2_rate,local_win_rate,local_top2_rate,motor_no,motor_top2_rate,boat_no,boat_top2_rate,series_results_raw,early_race_raw,source_url,collected_at
20260815,24,大村,1,20260815-24-01,1,5117,冨名腰桃,26,福岡,44.0,B1,5.0,28.79,3.55,18.18,47,38.64,67,34.62,5 421,7,https://www1.mbrace.or.jp/od2/B/202608/b260815.lzh,2026-10-03T18:31:59.997492+09:00
20260815,24,大村,1,20260815-24-01,2,3175,渡辺千草,62,東京,48.0,B1,4.43,21.69,4.5,22.22,24,50.0,37,37.25,5 343,6,https://www1.mbrace.or.jp/od2/B/202608/b260815.lzh,2026-10-03T18:31:59.997492+09:00
20260815,24,大村,1,20260815-24-01,3,4464,山下友貴,40,静岡,43.0,A1,5.9,40.0,4.38,25.0,41,54.17,51,36.54,41514,7,https://www1.mbrace.or.jp/od2/B/202608/b260815.lzh,2026-10-03T18:31:59.997492+09:00
20260815,24,大村,1,20260815-24-01,4,4744,伊藤玲奈,33,福岡,46.0,B1,4.62,23.94,4.1,16.95,49,37.25,47,44.23,4 263,8,https://www1.mbrace.or.jp/od2/B/202608/b260815.lzh,2026-10-03T18:31:59.997492+09:00
20260815,24,大村,1,20260815-24-01,5,5272,松田真実,24,愛知,46.0,B1,4.72,26.76,2.1,10.0,58,32.61,48,34.69,1 164,9,https://www1.mbrace.or.jp/od2/B/202608/b260815.lzh,2026-10-03T18:31:59.997492+09:00
20260815,24,大村,1,20260815-24-01,6,3604,武藤綾子,55,福岡,49.0,B1,4.4,17.65,4.18,25.0,53,41.3,17,37.74,425 3,11,https://www1.mbrace.or.jp/od2/B/202608/b260815.lzh,2026-10-03T18:31:59.997492+09:00
20260815,24,大村,2,20260815-24-02,1,4246,喜多那由,44,静岡,47.0,B1,4.13,20.65,0.0,0.0,17,45.65,69,42.31,4 546,8,https://www1.mbrace.or.jp/od2/B/202608/b260815.lzh,2026-10-03T18:31:59.997492+09:00
20260815,24,大村,2,20260815-24-02,2,4065,金田幸子,46,岡山,43.0,B1,5.09,39.19,6.25,45.83,25,31.91,59,34.0,5 132,9,https://www1.mbrace.or.jp/od2/B/202608/b260815.lzh,2026-10-03T18:31:59.997492+09:00
20260815,24,大村,2,20260815-24-02,3,5250,嶋田有里,24,長崎,45.0,B1,4.74,22.45,3.79,19.66,34,41.82,85,38.0,5 421,7,https://www1.mbrace.or.jp/od2/B/202608/b260815.lzh,2026-10-03T18:31:59.997492+09:00
20260815,24,大村,2,20260815-24-02,4,3932,池田浩美,50,静岡,53.0,B1,5.03,37.97,0.0,0.0,29,40.74,76,36.36,5 211,11,https://www1.mbrace.or.jp/od2/B/202608/b260815.lzh,2026-10-03T18:31:59.997492+09:00
20260815,24,大村,2,20260815-24-02,5,4372,原田佑実,39,大阪,47.0,A2,5.78,38.2,6.09,37.5,19,35.71,34,32.69,1 1431,12,https://www1.mbrace.or.jp/od2/B/202608/b260815.lzh,2026-10-03T18:31:59.997492+09:00
20260815,24,大村,2,20260815-24-02,6,5397,寺田夢生,24,山口,47.0,B2,1.55,0.0,0.0,0.0,32,27.66,45,29.17,6 6666,,https://www1.mbrace.or.jp/od2/B/202608/b260815.lzh,2026-10-03T18:31:59.997492+09:00
20260815,24,大村,3,20260815-24-03,1,5327,西田和加,22,埼玉,48.0,B2,1.84,1.61,0.0,0.0,46,38.3,82,38.89,5 556,10,https://www1.mbrace.or.jp/od2/B/202608/b260815.lzh,2026-10-03T18:31:59.997492+09:00
20260815,24,大村,3,20260815-24-03,2,3943,三松直美,47,岡山,68.0,B2,2.09,2.22,0.0,0.0,28,40.82,24,44.23,4 664,11,https://www1.mbrace.or.jp/od2/B/202608/b260815.lzh,2026-10-03T18:31:59.997492+09:00
20260815,24,大村,3,20260815-24-03,3,4891,寺島美里,36,東京,47.0,B1,4.73,25.71,3.33,11.11,74,33.33,62,45.1,3 314,8,https://www1.mbrace.or.jp/od2/B/202608/b260815.lzh,2026-10-03T18:31:59.997492+09:00
20260815,24,大村,3,20260815-24-03,4,4450,平高奈菜,39,香川,46.0,A2,6.55,47.92,6.33,33.33,16,40.0,55,38.3,132 11,9,https://www1.mbrace.or.jp/od2/B/202608/b260815.lzh,2026-10-03T18:31:59.997492+09:00
20260815,24,大村,3,20260815-24-03,5,5346,中村紋夕,23,愛知,46.0,B1,2.81,1.61,2.71,14.29,61,38.78,46,39.22,64235,12,https://www1.mbrace.or.jp/od2/B/202608/b260815.lzh,2026-10-03T18:31:59.997492+09:00
20260815,24,大村,3,20260815-24-03,6,3579,中里優子,53,埼玉,48.0,B1,4.95,25.76,4.76,28.0,13,37.5,64,40.74,6 2454,,https://www1.mbrace.or.jp/od2/B/202608/b260815.lzh,2026-10-03T18:31:59.997492+09:00
20260815,24,大村,4,20260815-24-04,1,4408,仁科さや,40,長崎,48.0,B1,3.45,18.18,4.56,31.25,59,55.81,12,38.78,6 436,9,https://www1.mbrace.or.jp/od2/B/202608/b260815.lzh,2026-10-03T18:31:59.997492+09:00
20260815,24,大村,4,20260815-24-04,2,5358,増本杏珠,20,福岡,48.0,B2,2.39,4.08,2.75,7.5,38,48.94,14,46.81,53454,,https://www1.mbrace.or.jp/od2/B/202608/b260815.lzh,2026-10-03T18:31:59.997492+09:00
20260815,24,大村,4,20260815-24-04,3,3334,角ひとみ,57,広島,45.0,A2,5.35,35.61,5.0,33.33,78,30.19,31,36.36,2 554,10,https://www1.mbrace.or.jp/od2/B/202608/b260815.lzh,2026-10-03T18:31:59.997492+09:00
20260815,24,大村,4,20260815-24-04,4,4947,間庭菜摘,34,福岡,47.0,B1,4.29,19.12,4.22,17.39,65,46.43,35,31.71,1 453,11,https://www1.mbrace.or.jp/od2/B/202608/b260815.lzh,2026-10-03T18:31:59.997492+09:00
20260815,24,大村,4,20260815-24-04,5,5380,野田亜湖,22,徳島,51.0,B2,1.22,0.0,1.0,0.0,23,41.07,77,38.46,6 6666,,https://www1.mbrace.or.jp/od2/B/202608/b260815.lzh,2026-10-03T18:31:59.997492+09:00
20260815,24,大村,4,20260815-24-04,6,4791,黒澤めぐ,36,東京,48.0,B1,5.58,33.03,5.77,35.42,45,42.86,11,37.25,222 23,12,https://www1.mbrace.or.jp/od2/B/202608/b260815.lzh,2026-10-03T18:31:59.997492+09:00
20260815,24,大村,5,20260815-24-05,1,5362,中嶋世奈,19,静岡,50.0,B2,2.57,6.1,3.41,11.76,56,37.5,71,32.69,353 35,12,https://www1.mbrace.or.jp/od2/B/202608/b260815.lzh,2026-10-03T18:31:59.997492+09:00
20260815,24,大村,5,20260815-24-05,2,4534,坂咲友理,36,大阪,45.0,B1,3.78,13.79,4.44,11.11,20,47.92,57,35.85,2 153,10,https://www1.mbrace.or.jp/od2/B/202608/b260815.lzh,2026-10-03T18:31:59.997492+09:00
20260815,24,大村,5,20260815-24-05,3,4627,藤原菜希,40,東京,48.0,A2,6.54,47.37,4.6,33.33,70,36.96,66,33.33,34111,11,https://www1.mbrace.or.jp/od2/B/202608/b260815.lzh,2026-10-03T18:31:59.997492+09:00
20260815,24,大村,5,20260815-24-05,4,5335,森陽多,21,長崎,46.0,B1,2.57,8.96,2.7,11.11,43,40.0,15,32.56,636 52,,https://www1.mbrace.or.jp/od2/B/202608/b260815.lzh,2026-10-03T18:31:59.997492+09:00
20260815,24,大村,5,20260815-24-05,5,5360,高木茉白,19,埼玉,47.0,B1,3.3,15.79,0.0,0.0,54,47.92,49,47.06,342 54,,https://www1.mbrace.or.jp/od2/B/202608/b260815.lzh,2026-10-03T18:31:59.997492+09:00
20260815,24,大村,5,20260815-24-05,6,3474,松瀬弘美,56,静岡,47.0,B1,4.6,27.88,5.21,21.05,14,32.69,56,40.74,234 42,,https://www1.mbrace.or.jp/od2/B/202608/b260815.lzh,2026-10-03T18:31:59.997492+09:00
20260815,24,大村,6,20260815-24-06,1,3175,渡辺千草,62,東京,48.0,B1,4.43,21.69,4.5,22.22,24,50.0,37,37.25,5 343,1,https://www1.mbrace.or.jp/od2/B/202608/b260815.lzh,2026-10-03T18:31:59.997492+09:00
20260815,24,大村,6,20260815-24-06,2,4927,関野文,32,大阪,44.0,A2,6.1,43.24,5.39,36.84,52,38.3,50,48.08,163 41,11,https://www1.mbrace.or.jp/od2/B/202608/b260815.lzh,2026-10-03T18:31:59.997492+09:00
20260815,24,大村,6,20260815-24-06,3,4924,中北涼,33,長崎,48.0,B1,4.51,20.41,4.11,16.31,37,41.67,75,32.65,233 23,12,https://www1.mbrace.or.jp/od2/B/202608/b260815.lzh,2026-10-03T18:31:59.997492+09:00
20260815,24,大村,6,20260815-24-06,4,4589,塩崎桐加,34,三重,51.0,B1,5.52,29.9,6.89,66.67,63,52.17,32,43.4,211 41,,https://www1.mbrace.or.jp/od2/B/202608/b260815.lzh,2026-10-03T18:31:59.997492+09:00
20260815,24,大村,6,20260815-24-06,5,5213,湯淺紀香,27,群馬,46.0,B1,5.16,33.33,4.07,22.22,57,37.78,27,31.11,154 25,,https://www1.mbrace.or.jp/od2/B/202608/b260815.lzh,2026-10-03T18:31:59.997492+09:00
20260815,24,大村,6,20260815-24-06,6,5342,原村百那,24,山口,46.0,B2,2.52,9.23,1.46,0.0,69,37.29,79,32.0,646 55,,https://www1.mbrace.or.jp/od2/B/202608/b260815.lzh,2026-10-03T18:31:59.997492+09:00
20260815,24,大村,7,20260815-24-07,1,4464,山下友貴,40,静岡,43.0,A1,5.9,40.0,4.38,25.0,41,54.17,51,36.54,41514,1,https://www1.mbrace.or.jp/od2/B/202608/b260815.lzh,2026-10-03T18:31:59.997492+09:00
20260815,24,大村,7,20260815-24-07,2,5250,嶋田有里,24,長崎,45.0,B1,4.74,22.45,3.79,19.66,34,41.82,85,38.0,5 421,2,https://www1.mbrace.or.jp/od2/B/202608/b260815.lzh,2026-10-03T18:31:59.997492+09:00
20260815,24,大村,7,20260815-24-07,3,5069,山崎小葉,25,群馬,44.0,B1,4.88,28.26,4.39,38.89,48,33.33,20,43.75,441 35,12,https://www1.mbrace.or.jp/od2/B/202608/b260815.lzh,2026-10-03T18:31:59.997492+09:00
20260815,24,大村,7,20260815-24-07,4,4738,清埜翔子,35,埼玉,46.0,A2,5.82,39.53,5.73,40.0,31,32.5,54,30.77,153211,,https://www1.mbrace.or.jp/od2/B/202608/b260815.lzh,2026-10-03T18:31:59.997492+09:00
20260815,24,大村,7,20260815-24-07,5,5117,冨名腰桃,26,福岡,44.0,B1,5.0,28.79,3.55,18.18,47,38.64,67,34.62,5 421,1,https://www1.mbrace.or.jp/od2/B/202608/b260815.lzh,2026-10-03T18:31:59.997492+09:00
20260815,24,大村,7,20260815-24-07,6,5442,池田美優,19,広島,46.0,B2,1.66,1.69,0.0,0.0,39,34.62,60,38.89,6 5466,,https://www1.mbrace.or.jp/od2/B/202608/b260815.lzh,2026-10-03T18:31:59.997492+09:00
20260815,24,大村,8,20260815-24-08,1,4098,赤澤文香,44,岡山,49.0,B1,4.24,16.47,0.0,0.0,36,39.22,81,46.81,563 56,,https://www1.mbrace.or.jp/od2/B/202608/b260815.lzh,2026-10-03T18:31:59.997492+09:00
20260815,24,大村,8,20260815-24-08,2,4891,寺島美里,36,東京,47.0,B1,4.73,25.71,3.33,11.11,74,33.33,62,45.1,3 314,3,https://www1.mbrace.or.jp/od2/B/202608/b260815.lzh,2026-10-03T18:31:59.997492+09:00
20260815,24,大村,8,20260815-24-08,3,4300,加藤綾,43,三重,51.0,B1,5.01,31.96,5.25,40.0,44,52.94,29,30.77,223 32,,https://www1.mbrace.or.jp/od2/B/202608/b260815.lzh,2026-10-03T18:31:59.997492+09:00
20260815,24,大村,8,20260815-24-08,4,4246,喜多那由,44,静岡,47.0,B1,4.13,20.65,0.0,0.0,17,45.65,69,42.31,4 546,2,https://www1.mbrace.or.jp/od2/B/202608/b260815.lzh,2026-10-03T18:31:59.997492+09:00
20260815,24,大村,8,20260815-24-08,5,4286,平田さや,42,東京,48.0,A2,6.1,43.41,5.52,30.0,62,37.04,38,32.69,322 23,,https://www1.mbrace.or.jp/od2/B/202608/b260815.lzh,2026-10-03T18:31:59.997492+09:00
20260815,24,大村,8,20260815-24-08,6,4744,伊藤玲奈,33,福岡,46.0,B1,4.62,23.94,4.1,16.95,49,37.25,47,44.23,4 263,1,https://www1.mbrace.or.jp/od2/B/202608/b260815.lzh,2026-10-03T18:31:59.997492+09:00
20260815,24,大村,9,20260815-24-09,1,4065,金田幸子,46,岡山,43.0,B1,5.09,39.19,6.25,45.83,25,31.91,59,34.0,5 132,2,https://www1.mbrace.or.jp/od2/B/202608/b260815.lzh,2026-10-03T18:31:59.997492+09:00
20260815,24,大村,9,20260815-24-09,2,4450,平高奈菜,39,香川,46.0,A2,6.55,47.92,6.33,33.33,16,40.0,55,38.3,132 11,3,https://www1.mbrace.or.jp/od2/B/202608/b260815.lzh,2026-10-03T18:31:59.997492+09:00
20260815,24,大村,9,20260815-24-09,3,5272,松田真実,24,愛知,46.0,B1,4.72,26.76,2.1,10.0,58,32.61,48,34.69,1 164,1,https://www1.mbrace.or.jp/od2/B/202608/b260815.lzh,2026-10-03T18:31:59.997492+09:00
20260815,24,大村,9,20260815-24-09,4,5056,西岡成美,30,徳島,45.0,B2,4.25,12.5,0.0,0.0,81,38.18,73,40.0,161 26,,https://www1.mbrace.or.jp/od2/B/202608/b260815.lzh,2026-10-03T18:31:59.997492+09:00
20260815,24,大村,9,20260815-24-09,5,4408,仁科さや,40,長崎,48.0,B1,3.45,18.18,4.56,31.25,59,55.81,12,38.78,6 436,4,https://www1.mbrace.or.jp/od2/B/202608/b260815.lzh,2026-10-03T18:31:59.997492+09:00
20260815,24,大村,9,20260815-24-09,6,4501,樋口由加,38,岡山,45.0,B1,5.12,32.35,5.47,38.6,40,22.92,25,43.4,162 26,,https://www1.mbrace.or.jp/od2/B/202608/b260815.lzh,2026-10-03T18:31:59.997492+09:00
20260815,24,大村,10,20260815-24-10,1,5129,山口真喜,29,長崎,46.0,A2,6.09,42.73,5.82,39.62,55,34.04,39,27.66,125645,,https://www1.mbrace.or.jp/od2/B/202608/b260815.lzh,2026-10-03T18:31:59.997492+09:00
20260815,24,大村,10,20260815-24-10,2,3993,永井聖美,47,東京,46.0,B1,5.29,30.53,0.0,0.0,33,29.79,43,36.54,353 22,,https://www1.mbrace.or.jp/od2/B/202608/b260815.lzh,2026-10-03T18:31:59.997492+09:00
20260815,24,大村,10,20260815-24-10,3,5254,羽田妃希,23,愛知,46.0,B1,3.52,10.14,3.29,11.76,79,29.79,36,36.73,436 15,,https://www1.mbrace.or.jp/od2/B/202608/b260815.lzh,2026-10-03T18:31:59.997492+09:00
20260815,24,大村,10,20260815-24-10,4,5327,西田和加,22,埼玉,48.0,B2,1.84,1.61,0.0,0.0,46,38.3,82,38.89,5 556,3,https://www1.mbrace.or.jp/od2/B/202608/b260815.lzh,2026-10-03T18:31:59.997492+09:00
20260815,24,大村,10,20260815-24-10,5,3334,角ひとみ,57,広島,45.0,A2,5.35,35.61,5.0,33.33,78,30.19,31,36.36,2 554,4,https://www1.mbrace.or.jp/od2/B/202608/b260815.lzh,2026-10-03T18:31:59.997492+09:00
20260815,24,大村,10,20260815-24-10,6,4534,坂咲友理,36,大阪,45.0,B1,3.78,13.79,4.44,11.11,20,47.92,57,35.85,2 153,5,https://www1.mbrace.or.jp/od2/B/202608/b260815.lzh,2026-10-03T18:31:59.997492+09:00
20260815,24,大村,11,20260815-24-11,1,4627,藤原菜希,40,東京,48.0,A2,6.54,47.37,4.6,33.33,70,36.96,66,33.33,34111,5,https://www1.mbrace.or.jp/od2/B/202608/b260815.lzh,2026-10-03T18:31:59.997492+09:00
20260815,24,大村,11,20260815-24-11,2,4947,間庭菜摘,34,福岡,47.0,B1,4.29,19.12,4.22,17.39,65,46.43,35,31.71,1 453,4,https://www1.mbrace.or.jp/od2/B/202608/b260815.lzh,2026-10-03T18:31:59.997492+09:00
20260815,24,大村,11,20260815-24-11,3,3932,池田浩美,50,静岡,53.0,B1,5.03,37.97,0.0,0.0,29,40.74,76,36.36,5 211,2,https://www1.mbrace.or.jp/od2/B/202608/b260815.lzh,2026-10-03T18:31:59.997492+09:00
20260815,24,大村,11,20260815-24-11,4,4927,関野文,32,大阪,44.0,A2,6.1,43.24,5.39,36.84,52,38.3,50,48.08,163 41,6,https://www1.mbrace.or.jp/od2/B/202608/b260815.lzh,2026-10-03T18:31:59.997492+09:00
20260815,24,大村,11,20260815-24-11,5,3604,武藤綾子,55,福岡,49.0,B1,4.4,17.65,4.18,25.0,53,41.3,17,37.74,425 3,1,https://www1.mbrace.or.jp/od2/B/202608/b260815.lzh,2026-10-03T18:31:59.997492+09:00
20260815,24,大村,11,20260815-24-11,6,3943,三松直美,47,岡山,68.0,B2,2.09,2.22,0.0,0.0,28,40.82,24,44.23,4 664,3,https://www1.mbrace.or.jp/od2/B/202608/b260815.lzh,2026-10-03T18:31:59.997492+09:00
20260815,24,大村,12,20260815-24-12,1,4924,中北涼,33,長崎,48.0,B1,4.51,20.41,4.11,16.31,37,41.67,75,32.65,233 23,6,https://www1.mbrace.or.jp/od2/B/202608/b260815.lzh,2026-10-03T18:31:59.997492+09:00
20260815,24,大村,12,20260815-24-12,2,5346,中村紋夕,23,愛知,46.0,B1,2.81,1.61,2.71,14.29,61,38.78,46,39.22,64235,3,https://www1.mbrace.or.jp/od2/B/202608/b260815.lzh,2026-10-03T18:31:59.997492+09:00
20260815,24,大村,12,20260815-24-12,3,4791,黒澤めぐ,36,東京,48.0,B1,5.58,33.03,5.77,35.42,45,42.86,11,37.25,222 23,4,https://www1.mbrace.or.jp/od2/B/202608/b260815.lzh,2026-10-03T18:31:59.997492+09:00
20260815,24,大村,12,20260815-24-12,4,4372,原田佑実,39,大阪,47.0,A2,5.78,38.2,6.09,37.5,19,35.71,34,32.69,1 1431,2,https://www1.mbrace.or.jp/od2/B/202608/b260815.lzh,2026-10-03T18:31:59.997492+09:00
20260815,24,大村,12,20260815-24-12,5,5069,山崎小葉,25,群馬,44.0,B1,4.88,28.26,4.39,38.89,48,33.33,20,43.75,441 35,7,https://www1.mbrace.or.jp/od2/B/202608/b260815.lzh,2026-10-03T18:31:59.997492+09:00
20260815,24,大村,12,20260815-24-12,6,5362,中嶋世奈,19,静岡,50.0,B2,2.57,6.1,3.41,11.76,56,37.5,71,32.69,353 35,5,https://www1.mbrace.or.jp/od2/B/202608/b260815.lzh,2026-10-03T18:31:59.997492+09:00
20260815,22,福岡,1,20260815-22-01,1,4350,篠崎元志,40,福岡,54.0,A1,7.92,65.09,8.13,66.41,57,26.73,132,32.18,12111,12,https://www1.mbrace.or.jp/od2/B/202608/b260815.lzh,2026-10-03T18:31:59.997492+09:00
20260815,22,福岡,1,20260815-22-01,2,5284,嘉手苅徹,27,福岡,54.0,B2,3.83,15.0,2.67,9.35,67,38.89,112,26.83,5 522,10,https://www1.mbrace.or.jp/od2/B/202608/b260815.lzh,2026-10-03T18:31:59.997492+09:00
20260815,22,福岡,1,20260815-22-01,3,3662,大庭元明,56,福岡,56.0,B1,4.74,32.18,5.22,34.38,49,37.63,147,25.84,6 341,6,https://www1.mbrace.or.jp/od2/B/202608/b260815.lzh,2026-10-03T18:31:59.997492+09:00
20260815,22,福岡,1,20260815-22-01,4,4151,下河誉史,44,福岡,55.0,B1,4.67,22.73,6.27,40.0,17,29.25,153,28.41,461 23,5,https://www1.mbrace.or.jp/od2/B/202608/b260815.lzh,2026-10-03T18:31:59.997492+09:00
20260815,22,福岡,1,20260815-22-01,5,4094,中島真二,45,福岡,53.0,B1,4.84,29.89,5.0,29.41,19,32.14,155,28.41,5 444,9,https://www1.mbrace.or.jp/od2/B/202608/b260815.lzh,2026-10-03T18:31:59.997492+09:00
20260815,22,福岡,1,20260815-22-01,6,5337,出畑孝成,20,福岡,53.0,B1,4.35,21.51,3.06,12.7,59,39.62,158,14.12,4 253,7,https://www1.mbrace.or.jp/od2/B/202608/b260815.lzh,2026-10-03T18:31:59.997492+09:00
20260815,22,福岡,2,20260815-22-02,1,4485,楠原正剛,40,福岡,57.0,B1,4.91,26.21,5.83,40.74,12,36.89,148,38.55,611 25,9,https://www1.mbrace.or.jp/od2/B/202608/b260815.lzh,2026-10-03T18:31:59.997492+09:00
20260815,22,福岡,2,20260815-22-02,2,4330,奈須啓太,42,福岡,53.0,A2,6.01,41.38,6.3,48.05,73,30.51,137,34.57,4 1465,10,https://www1.mbrace.or.jp/od2/B/202608/b260815.lzh,2026-10-03T18:31:59.997492+09:00
20260815,22,福岡,2,20260815-22-02,3,4474,渡辺崇,38,福岡,56.0,B1,5.23,35.23,5.38,37.93,28,35.63,135,42.22,263 45,7,https://www1.mbrace.or.jp/od2/B/202608/b260815.lzh,2026-10-03T18:31:59.997492+09:00
20260815,22,福岡,2,20260815-22-02,4,4957,竹之内極,31,福岡,56.0,B1,5.63,38.37,5.22,28.87,56,42.22,107,27.54,131 54,11,https://www1.mbrace.or.jp/od2/B/202608/b260815.lzh,2026-10-03T18:31:59.997492+09:00
20260815,22,福岡,2,20260815-22-02,5,5458,田中大輝,20,福岡,53.0,B2,1.27,0.0,1.33,0.0,25,42.48,126,44.05,6 666,6,https://www1.mbrace.or.jp/od2/B/202608/b260815.lzh,2026-10-03T18:31:59.997492+09:00
20260815,22,福岡,2,20260815-22-02,6,5240,高橋龍治,26,福岡,54.0,B1,4.46,28.57,3.86,20.55,68,41.96,131,20.69,4 633,8,https://www1.mbrace.or.jp/od2/B/202608/b260815.lzh,2026-10-03T18:31:59.997492+09:00
20260815,22,福岡,3,20260815-22-03,1,5239,上野俊樹,26,福岡,51.0,B1,5.48,32.0,3.9,18.1,51,22.33,110,38.96,514 32,8,https://www1.mbrace.or.jp/od2/B/202608/b260815.lzh,2026-10-03T18:31:59.997492+09:00
20260815,22,福岡,3,20260815-22-03,2,4336,松田竜馬,42,福岡,54.0,B1,4.92,29.41,5.24,32.0,34,37.39,168,37.5,112 66,7,https://www1.mbrace.or.jp/od2/B/202608/b260815.lzh,2026-10-03T18:31:59.997492+09:00
20260815,22,福岡,3,20260815-22-03,3,4737,竹井貴史,35,福岡,55.0,A1,7.21,60.61,6.86,58.14,31,32.08,174,40.91,4 5564,12,https://www1.mbrace.or.jp/od2/B/202608/b260815.lzh,2026-10-03T18:31:59.997492+09:00
20260815,22,福岡,3,20260815-22-03,4,4495,森晋太郎,39,福岡,53.0,B2,5.89,43.75,4.91,31.34,39,41.77,109,42.86,142 36,10,https://www1.mbrace.or.jp/od2/B/202608/b260815.lzh,2026-10-03T18:31:59.997492+09:00
20260815,22,福岡,3,20260815-22-03,5,5468,山口隼人,19,福岡,53.0,B2,1.38,0.0,1.33,0.0,30,46.67,154,17.39,6 6 66,9,https://www1.mbrace.or.jp/od2/B/202608/b260815.lzh,2026-10-03T18:31:59.997492+09:00
20260815,22,福岡,3,20260815-22-03,6,4555,富永大一,37,福岡,54.0,B1,5.33,33.04,4.93,28.13,71,45.45,170,33.33,263 46,,https://www1.mbrace.or.jp/od2/B/202608/b260815.lzh,2026-10-03T18:31:59.997492+09:00
20260815,22,福岡,4,20260815-22-04,1,4866,橋本英一,36,福岡,55.0,B1,4.16,19.12,4.45,23.08,72,40.38,129,35.11,4 446,9,https://www1.mbrace.or.jp/od2/B/202608/b260815.lzh,2026-10-03T18:31:59.997492+09:00
20260815,22,福岡,4,20260815-22-04,2,4424,松尾昂明,41,福岡,50.0,A2,5.71,38.05,6.45,49.56,32,24.3,152,28.05,246331,,https://www1.mbrace.or.jp/od2/B/202608/b260815.lzh,2026-10-03T18:31:59.997492+09:00
20260815,22,福岡,4,20260815-22-04,3,5008,羽野諒,29,福岡,54.0,B1,4.68,22.06,5.23,31.91,66,27.78,101,34.15,2 1354,12,https://www1.mbrace.or.jp/od2/B/202608/b260815.lzh,2026-10-03T18:31:59.997492+09:00
20260815,22,福岡,4,20260815-22-04,4,5409,宮本琉正,21,福岡,56.0,B2,2.66,8.2,1.41,0.0,58,37.78,163,36.05,6 465,8,https://www1.mbrace.or.jp/od2/B/202608/b260815.lzh,2026-10-03T18:31:59.997492+09:00
20260815,22,福岡,4,20260815-22-04,5,5018,竹下大樹,27,福岡,54.0,A1,6.83,50.76,6.47,46.28,46,22.77,142,25.0,32132,11,https://www1.mbrace.or.jp/od2/B/202608/b260815.lzh,2026-10-03T18:31:59.997492+09:00
20260815,22,福岡,4,20260815-22-04,6,4727,安部慎一,38,福岡,55.0,B1,4.13,15.49,5.13,35.29,53,25.0,146,26.19,465 13,,https://www1.mbrace.or.jp/od2/B/202608/b260815.lzh,2026-10-03T18:31:59.997492+09:00
20260815,22,福岡,5,20260815-22-05,1,5237,永松良教,26,福岡,54.0,B2,4.92,30.0,4.43,26.51,52,41.67,103,23.81,5 233,12,https://www1.mbrace.or.jp/od2/B/202608/b260815.lzh,2026-10-03T18:31:59.997492+09:00
20260815,22,福岡,5,20260815-22-05,2,4709,岡村将也,37,福岡,56.0,A2,5.65,36.26,5.65,40.82,20,35.92,116,33.33,1 3236,10,https://www1.mbrace.or.jp/od2/B/202608/b260815.lzh,2026-10-03T18:31:59.997492+09:00
20260815,22,福岡,5,20260815-22-05,3,4151,下河誉史,44,福岡,55.0,B1,4.67,22.73,6.27,40.0,17,29.25,153,28.41,461 23,1,https://www1.mbrace.or.jp/od2/B/202608/b260815.lzh,2026-10-03T18:31:59.997492+09:00
20260815,22,福岡,5,20260815-22-05,4,4296,岡崎恭裕,39,福岡,52.0,A2,6.24,42.11,7.0,55.56,36,31.73,164,25.29,341 41,9,https://www1.mbrace.or.jp/od2/B/202608/b260815.lzh,2026-10-03T18:31:59.997492+09:00
20260815,22,福岡,5,20260815-22-05,5,3804,中渡修作,52,福岡,54.0,B1,5.01,30.17,3.33,22.22,15,40.57,125,30.95,565 62,,https://www1.mbrace.or.jp/od2/B/202608/b260815.lzh,2026-10-03T18:31:59.997492+09:00
20260815,22,福岡,5,20260815-22-05,6,4674,池田剛規,39,福岡,51.0,B1,5.23,31.13,5.18,28.28,48,17.86,113,20.99,336 23,11,https://www1.mbrace.or.jp/od2/B/202608/b260815.lzh,2026-10-03T18:31:59.997492+09:00
20260815,22,福岡,6,20260815-22-06,1,3869,井芹大志,50,福岡,53.0,B1,4.03,20.27,5.17,26.67,26,27.85,141,31.65,4 2453,,https://www1.mbrace.or.jp/od2/B/202608/b260815.lzh,2026-10-03T18:31:59.997492+09:00
20260815,22,福岡,6,20260815-22-06,2,5271,杉山太陽,25,福岡,52.0,B1,4.07,17.98,3.02,16.28,62,48.35,172,35.71,2 5155,,https://www1.mbrace.or.jp/od2/B/202608/b260815.lzh,2026-10-03T18:31:59.997492+09:00
20260815,22,福岡,6,20260815-22-06,3,4684,楠原翔太,35,福岡,54.0,B1,5.16,29.66,5.57,35.87,11,38.38,167,42.68,224 13,10,https://www1.mbrace.or.jp/od2/B/202608/b260815.lzh,2026-10-03T18:31:59.997492+09:00
20260815,22,福岡,6,20260815-22-06,4,3662,大庭元明,56,福岡,56.0,B1,4.74,32.18,5.22,34.38,49,37.63,147,25.84,6 341,1,https://www1.mbrace.or.jp/od2/B/202608/b260815.lzh,2026-10-03T18:31:59.997492+09:00
20260815,22,福岡,6,20260815-22-06,5,4504,前田将太,38,福岡,56.0,A1,6.69,47.01,7.11,54.17,65,37.5,105,46.15,122 12,11,https://www1.mbrace.or.jp/od2/B/202608/b260815.lzh,2026-10-03T18:31:59.997492+09:00
20260815,22,福岡,6,20260815-22-06,6,5458,田中大輝,20,福岡,53.0,B2,1.27,0.0,1.33,0.0,25,42.48,126,44.05,6 666,2,https://www1.mbrace.or.jp/od2/B/202608/b260815.lzh,2026-10-03T18:31:59.997492+09:00
20260815,22,福岡,7,20260815-22-07,1,4474,渡辺崇,38,福岡,56.0,B1,5.23,35.23,5.38,37.93,28,35.63,135,42.22,263 45,2,https://www1.mbrace.or.jp/od2/B/202608/b260815.lzh,2026-10-03T18:31:59.997492+09:00
20260815,22,福岡,7,20260815-22-07,2,5160,藤森陸斗,27,福岡,54.0,A2,6.02,42.62,4.71,30.43,55,37.76,119,32.95,6 3444,11,https://www1.mbrace.or.jp/od2/B/202608/b260815.lzh,2026-10-03T18:31:59.997492+09:00
20260815,22,福岡,7,20260815-22-07,3,4236,松村敏,42,福岡,54.0,A1,7.38,62.5,7.35,60.42,43,60.92,162,38.1,321212,,https://www1.mbrace.or.jp/od2/B/202608/b260815.lzh,2026-10-03T18:31:59.997492+09:00
20260815,22,福岡,7,20260815-22-07,4,4336,松田竜馬,42,福岡,54.0,B1,4.92,29.41,5.24,32.0,34,37.39,168,37.5,112 66,3,https://www1.mbrace.or.jp/od2/B/202608/b260815.lzh,2026-10-03T18:31:59.997492+09:00
20260815,22,福岡,7,20260815-22-07,5,5337,出畑孝成,20,福岡,53.0,B1,4.35,21.51,3.06,12.7,59,39.62,158,14.12,4 253,1,https://www1.mbrace.or.jp/od2/B/202608/b260815.lzh,2026-10-03T18:31:59.997492+09:00
20260815,22,福岡,7,20260815-22-07,6,3627,井上恵一,56,福岡,54.0,A2,4.84,32.93,5.01,31.18,27,38.61,108,39.33,35554,12,https://www1.mbrace.or.jp/od2/B/202608/b260815.lzh,2026-10-03T18:31:59.997492+09:00
20260815,22,福岡,8,20260815-22-08,1,4122,安東幸治,44,福岡,56.0,A2,5.56,35.9,5.41,38.03,18,33.71,120,22.09,133524,,https://www1.mbrace.or.jp/od2/B/202608/b260815.lzh,2026-10-03T18:31:59.997492+09:00
20260815,22,福岡,8,20260815-22-08,2,5240,高橋龍治,26,福岡,54.0,B1,4.46,28.57,3.86,20.55,68,41.96,131,20.69,4 633,2,https://www1.mbrace.or.jp/od2/B/202608/b260815.lzh,2026-10-03T18:31:59.997492+09:00
20260815,22,福岡,8,20260815-22-08,3,5239,上野俊樹,26,福岡,51.0,B1,5.48,32.0,3.9,18.1,51,22.33,110,38.96,514 32,3,https://www1.mbrace.or.jp/od2/B/202608/b260815.lzh,2026-10-03T18:31:59.997492+09:00
20260815,22,福岡,8,20260815-22-08,4,5092,篠原晟弥,25,福岡,51.0,A2,6.06,44.44,6.22,47.45,29,27.87,151,22.47,562 25,12,https://www1.mbrace.or.jp/od2/B/202608/b260815.lzh,2026-10-03T18:31:59.997492+09:00
20260815,22,福岡,8,20260815-22-08,5,5409,宮本琉正,21,福岡,56.0,B2,2.66,8.2,1.41,0.0,58,37.78,163,36.05,6 465,4,https://www1.mbrace.or.jp/od2/B/202608/b260815.lzh,2026-10-03T18:31:59.997492+09:00
20260815,22,福岡,8,20260815-22-08,6,4395,下河雅史,40,福岡,55.0,B1,5.4,34.65,5.41,32.97,44,28.91,166,23.81,352 55,,https://www1.mbrace.or.jp/od2/B/202608/b260815.lzh,2026-10-03T18:31:59.997492+09:00
20260815,22,福岡,9,20260815-22-09,1,4296,岡崎恭裕,39,福岡,52.0,A2,6.24,42.11,7.0,55.56,36,31.73,164,25.29,341 41,5,https://www1.mbrace.or.jp/od2/B/202608/b260815.lzh,2026-10-03T18:31:59.997492+09:00
20260815,22,福岡,9,20260815-22-09,2,4094,中島真二,45,福岡,53.0,B1,4.84,29.89,5.0,29.41,19,32.14,155,28.41,5 444,1,https://www1.mbrace.or.jp/od2/B/202608/b260815.lzh,2026-10-03T18:31:59.997492+09:00
20260815,22,福岡,9,20260815-22-09,3,4485,楠原正剛,40,福岡,57.0,B1,4.91,26.21,5.83,40.74,12,36.89,148,38.55,611 25,2,https://www1.mbrace.or.jp/od2/B/202608/b260815.lzh,2026-10-03T18:31:59.997492+09:00
20260815,22,福岡,9,20260815-22-09,4,4079,出畑孝典,47,福岡,53.0,A2,5.96,38.35,6.51,46.27,33,41.82,136,34.57,553511,,https://www1.mbrace.or.jp/od2/B/202608/b260815.lzh,2026-10-03T18:31:59.997492+09:00
20260815,22,福岡,9,20260815-22-09,5,4866,橋本英一,36,福岡,55.0,B1,4.16,19.12,4.45,23.08,72,40.38,129,35.11,4 446,4,https://www1.mbrace.or.jp/od2/B/202608/b260815.lzh,2026-10-03T18:31:59.997492+09:00
20260815,22,福岡,9,20260815-22-09,6,5468,山口隼人,19,福岡,53.0,B2,1.38,0.0,1.33,0.0,30,46.67,154,17.39,6 6 66,3,https://www1.mbrace.or.jp/od2/B/202608/b260815.lzh,2026-10-03T18:31:59.997492+09:00
20260815,22,福岡,10,20260815-22-10,1,4709,岡村将也,37,福岡,56.0,A2,5.65,36.26,5.65,40.82,20,35.92,116,33.33,1 3236,5,https://www1.mbrace.or.jp/od2/B/202608/b260815.lzh,2026-10-03T18:31:59.997492+09:00
20260815,22,福岡,10,20260815-22-10,2,4684,楠原翔太,35,福岡,54.0,B1,5.16,29.66,5.57,35.87,11,38.38,167,42.68,224 13,6,https://www1.mbrace.or.jp/od2/B/202608/b260815.lzh,2026-10-03T18:31:59.997492+09:00
20260815,22,福岡,10,20260815-22-10,3,4495,森晋太郎,39,福岡,53.0,B2,5.89,43.75,4.91,31.34,39,41.77,109,42.86,142 36,3,https://www1.mbrace.or.jp/od2/B/202608/b260815.lzh,2026-10-03T18:31:59.997492+09:00
20260815,22,福岡,10,20260815-22-10,4,3898,平田忠則,49,福岡,52.0,A1,7.3,58.2,6.59,52.63,16,49.51,123,47.37,132611,,https://www1.mbrace.or.jp/od2/B/202608/b260815.lzh,2026-10-03T18:31:59.997492+09:00
20260815,22,福岡,10,20260815-22-10,5,4330,奈須啓太,42,福岡,53.0,A2,6.01,41.38,6.3,48.05,73,30.51,137,34.57,4 1465,2,https://www1.mbrace.or.jp/od2/B/202608/b260815.lzh,2026-10-03T18:31:59.997492+09:00
20260815,22,福岡,10,20260815-22-10,6,5284,嘉手苅徹,27,福岡,54.0,B2,3.83,15.0,2.67,9.35,67,38.89,112,26.83,5 522,1,https://www1.mbrace.or.jp/od2/B/202608/b260815.lzh,2026-10-03T18:31:59.997492+09:00
20260815,22,福岡,11,20260815-22-11,1,5018,竹下大樹,27,福岡,54.0,A1,6.83,50.76,6.47,46.28,46,22.77,142,25.0,32132,4,https://www1.mbrace.or.jp/od2/B/202608/b260815.lzh,2026-10-03T18:31:59.997492+09:00
20260815,22,福岡,11,20260815-22-11,2,4121,富永修一,44,福岡,52.0,A2,5.99,45.24,5.54,32.69,13,36.54,160,39.02,431442,,https://www1.mbrace.or.jp/od2/B/202608/b260815.lzh,2026-10-03T18:31:59.997492+09:00
20260815,22,福岡,11,20260815-22-11,3,4674,池田剛規,39,福岡,51.0,B1,5.23,31.13,5.18,28.28,48,17.86,113,20.99,336 23,5,https://www1.mbrace.or.jp/od2/B/202608/b260815.lzh,2026-10-03T18:31:59.997492+09:00
20260815,22,福岡,11,20260815-22-11,4,4504,前田将太,38,福岡,56.0,A1,6.69,47.01,7.11,54.17,65,37.5,105,46.15,122 12,6,https://www1.mbrace.or.jp/od2/B/202608/b260815.lzh,2026-10-03T18:31:59.997492+09:00
20260815,22,福岡,11,20260815-22-11,5,4957,竹之内極,31,福岡,56.0,B1,5.63,38.37,5.22,28.87,56,42.22,107,27.54,131 54,2,https://www1.mbrace.or.jp/od2/B/202608/b260815.lzh,2026-10-03T18:31:59.997492+09:00
20260815,22,福岡,11,20260815-22-11,6,5160,藤森陸斗,27,福岡,54.0,A2,6.02,42.62,4.71,30.43,55,37.76,119,32.95,6 3444,7,https://www1.mbrace.or.jp/od2/B/202608/b260815.lzh,2026-10-03T18:31:59.997492+09:00
20260815,22,福岡,12,20260815-22-12,1,4737,竹井貴史,35,福岡,55.0,A1,7.21,60.61,6.86,58.14,31,32.08,174,40.91,4 5564,3,https://www1.mbrace.or.jp/od2/B/202608/b260815.lzh,2026-10-03T18:31:59.997492+09:00
20260815,22,福岡,12,20260815-22-12,2,5092,篠原晟弥,25,福岡,51.0,A2,6.06,44.44,6.22,47.45,29,27.87,151,22.47,562 25,8,https://www1.mbrace.or.jp/od2/B/202608/b260815.lzh,2026-10-03T18:31:59.997492+09:00
20260815,22,福岡,12,20260815-22-12,3,3627,井上恵一,56,福岡,54.0,A2,4.84,32.93,5.01,31.18,27,38.61,108,39.33,35554,7,https://www1.mbrace.or.jp/od2/B/202608/b260815.lzh,2026-10-03T18:31:59.997492+09:00
20260815,22,福岡,12,20260815-22-12,4,5237,永松良教,26,福岡,54.0,B2,4.92,30.0,4.43,26.51,52,41.67,103,23.81,5 233,5,https://www1.mbrace.or.jp/od2/B/202608/b260815.lzh,2026-10-03T18:31:59.997492+09:00
20260815,22,福岡,12,20260815-22-12,5,4350,篠崎元志,40,福岡,54.0,A1,7.92,65.09,8.13,66.41,57,26.73,132,32.18,12111,1,https://www1.mbrace.or.jp/od2/B/202608/b260815.lzh,2026-10-03T18:31:59.997492+09:00
20260815,22,福岡,12,20260815-22-12,6,5008,羽野諒,29,福岡,54.0,B1,4.68,22.06,5.23,31.91,66,27.78,101,34.15,2 1354,4,https://www1.mbrace.or.jp/od2/B/202608/b260815.lzh,2026-10-03T18:31:59.997492+09:00
20260815,21,芦屋,1,20260815-21-01,1,4640,山ノ内雅,35,福岡,52.0,A2,5.82,38.21,5.94,41.03,33,38.75,138,41.67,234 42443,11,https://www1.mbrace.or.jp/od2/B/202608/b260815.lzh,2026-10-03T18:31:59.997492+09:00
20260815,21,芦屋,1,20260815-21-01,2,5277,井上未都,24,福岡,45.0,B1,5.27,29.63,4.33,14.81,24,19.48,158,32.89,4 553 344,7,https://www1.mbrace.or.jp/od2/B/202608/b260815.lzh,2026-10-03T18:31:59.997492+09:00
20260815,21,芦屋,1,20260815-21-01,3,5219,森口和紀,25,福岡,51.0,B1,5.11,37.11,4.41,27.85,7,34.94,112,45.07,531 6 2354,7,https://www1.mbrace.or.jp/od2/B/202608/b260815.lzh,2026-10-03T18:31:59.997492+09:00
20260815,21,芦屋,1,20260815-21-01,4,4764,小池礼乃,36,福岡,47.0,B1,4.94,31.75,3.76,11.9,36,26.67,141,29.27,3 621 552,5,https://www1.mbrace.or.jp/od2/B/202608/b260815.lzh,2026-10-03T18:31:59.997492+09:00
20260815,21,芦屋,1,20260815-21-01,5,5012,加倉侑征,29,福岡,52.0,B1,4.75,28.77,5.53,35.85,16,22.5,137,35.71,344 532 44,6,https://www1.mbrace.or.jp/od2/B/202608/b260815.lzh,2026-10-03T18:31:59.997492+09:00
20260815,21,芦屋,1,20260815-21-01,6,5382,山下心一,21,福岡,52.0,B1,2.09,2.53,2.24,7.89,9,32.0,143,37.93,6 466 665,8,https://www1.mbrace.or.jp/od2/B/202608/b260815.lzh,2026-10-03T18:31:59.997492+09:00
20260815,21,芦屋,2,20260815-21-02,1,4773,中川りな,33,福岡,48.0,A2,6.0,42.86,6.02,39.06,48,41.98,126,39.24,136 243 24,11,https://www1.mbrace.or.jp/od2/B/202608/b260815.lzh,2026-10-03T18:31:59.997492+09:00
20260815,21,芦屋,2,20260815-21-02,2,5276,大島隆乃,24,福岡,51.0,B1,4.9,25.0,4.48,24.14,54,30.38,166,34.67,4 354 523,6,https://www1.mbrace.or.jp/od2/B/202608/b260815.lzh,2026-10-03T18:31:59.997492+09:00
20260815,21,芦屋,2,20260815-21-02,3,5203,神里琴音,22,福岡,42.0,B1,5.56,32.5,3.52,20.29,59,27.63,135,31.71,654 345 2,7,https://www1.mbrace.or.jp/od2/B/202608/b260815.lzh,2026-10-03T18:31:59.997492+09:00
20260815,21,芦屋,2,20260815-21-02,4,5029,中亮太,29,福岡,52.0,A1,7.26,60.33,7.04,55.84,23,27.54,160,32.39,141 413155,10,https://www1.mbrace.or.jp/od2/B/202608/b260815.lzh,2026-10-03T18:31:59.997492+09:00
20260815,21,芦屋,2,20260815-21-02,5,3352,小川晃司,58,福岡,51.0,B1,4.06,7.45,4.28,17.24,56,48.05,157,32.91,4 32534 4,6,https://www1.mbrace.or.jp/od2/B/202608/b260815.lzh,2026-10-03T18:31:59.997492+09:00
20260815,21,芦屋,2,20260815-21-02,6,5308,藤森拓海,22,福岡,54.0,B1,4.65,25.53,3.16,18.18,50,30.26,161,36.36,4 252 355,9,https://www1.mbrace.or.jp/od2/B/202608/b260815.lzh,2026-10-03T18:31:59.997492+09:00
20260815,21,芦屋,3,20260815-21-03,1,4288,永田啓二,41,福岡,53.0,A1,7.65,61.74,7.12,59.63,26,21.92,159,45.07,122 162465,10,https://www1.mbrace.or.jp/od2/B/202608/b260815.lzh,2026-10-03T18:31:59.997492+09:00
20260815,21,芦屋,3,20260815-21-03,2,4232,笠雅雄,43,福岡,55.0,B1,6.26,43.62,5.42,33.33,60,42.47,167,35.44,163 4 462,9,https://www1.mbrace.or.jp/od2/B/202608/b260815.lzh,2026-10-03T18:31:59.997492+09:00
20260815,21,芦屋,3,20260815-21-03,3,4506,稗田聖也,38,福岡,52.0,A1,6.17,46.59,6.8,55.07,35,49.4,113,42.86,5545124 2,10,https://www1.mbrace.or.jp/od2/B/202608/b260815.lzh,2026-10-03T18:31:59.997492+09:00
20260815,21,芦屋,3,20260815-21-03,4,5286,坂井滉哉,27,福岡,50.0,B1,4.67,25.24,2.89,12.73,32,46.84,131,32.47,566 251 3,7,https://www1.mbrace.or.jp/od2/B/202608/b260815.lzh,2026-10-03T18:31:59.997492+09:00
20260815,21,芦屋,3,20260815-21-03,5,5073,上原健次,31,福岡,54.0,A2,5.51,32.69,3.95,10.53,18,28.05,117,40.24,4 452 1566,8,https://www1.mbrace.or.jp/od2/B/202608/b260815.lzh,2026-10-03T18:31:59.997492+09:00
20260815,21,芦屋,3,20260815-21-03,6,5053,山口広樹,30,福岡,55.0,B1,3.48,16.07,3.53,20.0,15,33.72,127,40.96,455 554 31,,https://www1.mbrace.or.jp/od2/B/202608/b260815.lzh,2026-10-03T18:31:59.997492+09:00
20260815,21,芦屋,4,20260815-21-04,1,4189,川上剛,45,福岡,53.0,A1,5.58,31.19,6.56,48.15,43,44.59,120,30.26,4 32251414,11,https://www1.mbrace.or.jp/od2/B/202608/b260815.lzh,2026-10-03T18:31:59.997492+09:00
20260815,21,芦屋,4,20260815-21-04,2,4551,三川昂暁,37,福岡,54.0,A2,5.74,42.0,4.91,29.33,42,24.69,140,28.92,63544 225,8,https://www1.mbrace.or.jp/od2/B/202608/b260815.lzh,2026-10-03T18:31:59.997492+09:00
20260815,21,芦屋,4,20260815-21-04,3,5328,井上慧人,22,福岡,54.0,B1,4.2,19.28,3.18,12.9,12,36.84,151,31.51,2 562 325,9,https://www1.mbrace.or.jp/od2/B/202608/b260815.lzh,2026-10-03T18:31:59.997492+09:00
20260815,21,芦屋,4,20260815-21-04,4,4936,戸敷晃美,29,福岡,47.0,A2,6.27,45.21,5.61,32.61,57,33.33,144,52.94,5 2265622,8,https://www1.mbrace.or.jp/od2/B/202608/b260815.lzh,2026-10-03T18:31:59.997492+09:00
20260815,21,芦屋,4,20260815-21-04,5,4193,郷原章平,44,福岡,51.0,A2,6.03,43.33,5.71,39.56,41,44.44,149,43.18,331 323514,10,https://www1.mbrace.or.jp/od2/B/202608/b260815.lzh,2026-10-03T18:31:59.997492+09:00
20260815,21,芦屋,4,20260815-21-04,6,5144,中尾彩香,25,福岡,48.0,B1,4.8,26.26,5.1,31.03,31,43.48,122,37.04,6 64315 32,,https://www1.mbrace.or.jp/od2/B/202608/b260815.lzh,2026-10-03T18:31:59.997492+09:00
20260815,21,芦屋,5,20260815-21-05,1,4831,羽野直也,31,福岡,56.0,A1,7.51,57.45,6.91,50.51,29,40.26,146,29.58,2613542 26,11,https://www1.mbrace.or.jp/od2/B/202608/b260815.lzh,2026-10-03T18:31:59.997492+09:00
20260815,21,芦屋,5,20260815-21-05,2,4363,大野芳顕,41,福岡,53.0,A2,5.21,30.91,5.26,24.73,17,34.15,134,34.18,5 25162 51,9,https://www1.mbrace.or.jp/od2/B/202608/b260815.lzh,2026-10-03T18:31:59.997492+09:00
20260815,21,芦屋,5,20260815-21-05,3,4764,小池礼乃,36,福岡,47.0,B1,4.94,31.75,3.76,11.9,36,26.67,141,29.27,3 621 552,1,https://www1.mbrace.or.jp/od2/B/202608/b260815.lzh,2026-10-03T18:31:59.997492+09:00
20260815,21,芦屋,5,20260815-21-05,4,5370,日隈茜,24,福岡,47.0,B2,1.35,2.7,1.41,0.0,47,37.66,125,31.34,6 666 666,,https://www1.mbrace.or.jp/od2/B/202608/b260815.lzh,2026-10-03T18:31:59.997492+09:00
20260815,21,芦屋,5,20260815-21-05,5,4513,河野真也,37,福岡,53.0,A2,6.01,43.88,5.99,42.25,22,42.31,163,36.11,1 33361 S3,,https://www1.mbrace.or.jp/od2/B/202608/b260815.lzh,2026-10-03T18:31:59.997492+09:00
20260815,21,芦屋,5,20260815-21-05,6,4394,永嶋裕一,40,福岡,53.0,A2,5.96,37.62,6.0,34.78,30,35.8,116,30.86,512 235 31,9,https://www1.mbrace.or.jp/od2/B/202608/b260815.lzh,2026-10-03T18:31:59.997492+09:00
20260815,21,芦屋,6,20260815-21-06,1,5105,富田恕生,27,福岡,52.0,B1,4.18,20.91,5.04,30.56,4,40.0,114,44.59,253 116 46,10,https://www1.mbrace.or.jp/od2/B/202608/b260815.lzh,2026-10-03T18:31:59.997492+09:00
20260815,21,芦屋,6,20260815-21-06,2,3514,山一鉄也,59,福岡,52.0,A2,5.78,40.32,6.23,46.81,27,28.4,164,37.18,1 236 4355,11,https://www1.mbrace.or.jp/od2/B/202608/b260815.lzh,2026-10-03T18:31:59.997492+09:00
20260815,21,芦屋,6,20260815-21-06,3,5012,加倉侑征,29,福岡,52.0,B1,4.75,28.77,5.53,35.85,16,22.5,137,35.71,344 532 44,1,https://www1.mbrace.or.jp/od2/B/202608/b260815.lzh,2026-10-03T18:31:59.997492+09:00
20260815,21,芦屋,6,20260815-21-06,4,5276,大島隆乃,24,福岡,51.0,B1,4.9,25.0,4.48,24.14,54,30.38,166,34.67,4 354 523,2,https://www1.mbrace.or.jp/od2/B/202608/b260815.lzh,2026-10-03T18:31:59.997492+09:00
20260815,21,芦屋,6,20260815-21-06,5,4102,益田啓司,47,福岡,51.0,A1,6.48,52.38,6.96,55.0,10,35.44,139,30.59,2 13346143,11,https://www1.mbrace.or.jp/od2/B/202608/b260815.lzh,2026-10-03T18:31:59.997492+09:00
20260815,21,芦屋,6,20260815-21-06,6,3352,小川晃司,58,福岡,51.0,B1,4.06,7.45,4.28,17.24,56,48.05,157,32.91,4 32534 4,2,https://www1.mbrace.or.jp/od2/B/202608/b260815.lzh,2026-10-03T18:31:59.997492+09:00
20260815,21,芦屋,7,20260815-21-07,1,5219,森口和紀,25,福岡,51.0,B1,5.11,37.11,4.41,27.85,7,34.94,112,45.07,531 6 2354,1,https://www1.mbrace.or.jp/od2/B/202608/b260815.lzh,2026-10-03T18:31:59.997492+09:00
20260815,21,芦屋,7,20260815-21-07,2,4447,深川麻奈,39,福岡,48.0,B1,5.63,34.69,5.8,38.89,39,38.27,132,32.47,123 254 13,10,https://www1.mbrace.or.jp/od2/B/202608/b260815.lzh,2026-10-03T18:31:59.997492+09:00
20260815,21,芦屋,7,20260815-21-07,3,5286,坂井滉哉,27,福岡,50.0,B1,4.67,25.24,2.89,12.73,32,46.84,131,32.47,566 251 3,3,https://www1.mbrace.or.jp/od2/B/202608/b260815.lzh,2026-10-03T18:31:59.997492+09:00
20260815,21,芦屋,7,20260815-21-07,4,5203,神里琴音,22,福岡,42.0,B1,5.56,32.5,3.52,20.29,59,27.63,135,31.71,654 345 2,2,https://www1.mbrace.or.jp/od2/B/202608/b260815.lzh,2026-10-03T18:31:59.997492+09:00
20260815,21,芦屋,7,20260815-21-07,5,5277,井上未都,24,福岡,45.0,B1,5.27,29.63,4.33,14.81,24,19.48,158,32.89,4 553 344,1,https://www1.mbrace.or.jp/od2/B/202608/b260815.lzh,2026-10-03T18:31:59.997492+09:00
20260815,21,芦屋,7,20260815-21-07,6,5093,浦野海,24,福岡,57.0,B2,3.91,20.37,5.07,32.3,2,30.38,115,32.1,664 656 66,,https://www1.mbrace.or.jp/od2/B/202608/b260815.lzh,2026-10-03T18:31:59.997492+09:00
20260815,21,芦屋,8,20260815-21-08,1,5338,香月大輝,26,福岡,53.0,B1,4.63,25.64,2.88,6.25,52,37.18,154,35.37,335 656 44,,https://www1.mbrace.or.jp/od2/B/202608/b260815.lzh,2026-10-03T18:31:59.997492+09:00
20260815,21,芦屋,8,20260815-21-08,2,4936,戸敷晃美,29,福岡,47.0,A2,6.27,45.21,5.61,32.61,57,33.33,144,52.94,5 2265622,4,https://www1.mbrace.or.jp/od2/B/202608/b260815.lzh,2026-10-03T18:31:59.997492+09:00
20260815,21,芦屋,8,20260815-21-08,3,5073,上原健次,31,福岡,54.0,A2,5.51,32.69,3.95,10.53,18,28.05,117,40.24,4 452 1566,3,https://www1.mbrace.or.jp/od2/B/202608/b260815.lzh,2026-10-03T18:31:59.997492+09:00
20260815,21,芦屋,8,20260815-21-08,4,4551,三川昂暁,37,福岡,54.0,A2,5.74,42.0,4.91,29.33,42,24.69,140,28.92,63544 225,4,https://www1.mbrace.or.jp/od2/B/202608/b260815.lzh,2026-10-03T18:31:59.997492+09:00
20260815,21,芦屋,8,20260815-21-08,5,5382,山下心一,21,福岡,52.0,B1,2.09,2.53,2.24,7.89,9,32.0,143,37.93,6 466 665,1,https://www1.mbrace.or.jp/od2/B/202608/b260815.lzh,2026-10-03T18:31:59.997492+09:00
20260815,21,芦屋,8,20260815-21-08,6,5392,安武一也,25,福岡,53.0,B2,1.74,0.0,1.31,1.85,21,43.75,153,39.29,4 666 646,,https://www1.mbrace.or.jp/od2/B/202608/b260815.lzh,2026-10-03T18:31:59.997492+09:00
20260815,21,芦屋,9,20260815-21-09,1,4394,永嶋裕一,40,福岡,53.0,A2,5.96,37.62,6.0,34.78,30,35.8,116,30.86,512 235 31,5,https://www1.mbrace.or.jp/od2/B/202608/b260815.lzh,2026-10-03T18:31:59.997492+09:00
20260815,21,芦屋,9,20260815-21-09,2,5308,藤森拓海,22,福岡,54.0,B1,4.65,25.53,3.16,18.18,50,30.26,161,36.36,4 252 355,2,https://www1.mbrace.or.jp/od2/B/202608/b260815.lzh,2026-10-03T18:31:59.997492+09:00
20260815,21,芦屋,9,20260815-21-09,3,4885,大山千広,30,福岡,47.0,A2,7.0,55.71,6.15,40.0,13,45.0,136,39.77,25314 1536,,https://www1.mbrace.or.jp/od2/B/202608/b260815.lzh,2026-10-03T18:31:59.997492+09:00
20260815,21,芦屋,9,20260815-21-09,4,4363,大野芳顕,41,福岡,53.0,A2,5.21,30.91,5.26,24.73,17,34.15,134,34.18,5 25162 51,5,https://www1.mbrace.or.jp/od2/B/202608/b260815.lzh,2026-10-03T18:31:59.997492+09:00
20260815,21,芦屋,9,20260815-21-09,5,4232,笠雅雄,43,福岡,55.0,B1,6.26,43.62,5.42,33.33,60,42.47,167,35.44,163 4 462,3,https://www1.mbrace.or.jp/od2/B/202608/b260815.lzh,2026-10-03T18:31:59.997492+09:00
20260815,21,芦屋,9,20260815-21-09,6,5328,井上慧人,22,福岡,54.0,B1,4.2,19.28,3.18,12.9,12,36.84,151,31.51,2 562 325,4,https://www1.mbrace.or.jp/od2/B/202608/b260815.lzh,2026-10-03T18:31:59.997492+09:00
20260815,21,芦屋,10,20260815-21-10,1,4447,深川麻奈,39,福岡,48.0,B1,5.63,34.69,5.8,38.89,39,38.27,132,32.47,123 254 13,7,https://www1.mbrace.or.jp/od2/B/202608/b260815.lzh,2026-10-03T18:31:59.997492+09:00
20260815,21,芦屋,10,20260815-21-10,2,4193,郷原章平,44,福岡,51.0,A2,6.03,43.33,5.71,39.56,41,44.44,149,43.18,331 323514,4,https://www1.mbrace.or.jp/od2/B/202608/b260815.lzh,2026-10-03T18:31:59.997492+09:00
20260815,21,芦屋,10,20260815-21-10,3,5029,中亮太,29,福岡,52.0,A1,7.26,60.33,7.04,55.84,23,27.54,160,32.39,141 413155,2,https://www1.mbrace.or.jp/od2/B/202608/b260815.lzh,2026-10-03T18:31:59.997492+09:00
20260815,21,芦屋,10,20260815-21-10,4,4288,永田啓二,41,福岡,53.0,A1,7.65,61.74,7.12,59.63,26,21.92,159,45.07,122 162465,3,https://www1.mbrace.or.jp/od2/B/202608/b260815.lzh,2026-10-03T18:31:59.997492+09:00
20260815,21,芦屋,10,20260815-21-10,5,5105,富田恕生,27,福岡,52.0,B1,4.18,20.91,5.04,30.56,4,40.0,114,44.59,253 116 46,6,https://www1.mbrace.or.jp/od2/B/202608/b260815.lzh,2026-10-03T18:31:59.997492+09:00
20260815,21,芦屋,10,20260815-21-10,6,4506,稗田聖也,38,福岡,52.0,A1,6.17,46.59,6.8,55.07,35,49.4,113,42.86,5545124 2,3,https://www1.mbrace.or.jp/od2/B/202608/b260815.lzh,2026-10-03T18:31:59.997492+09:00
20260815,21,芦屋,11,20260815-21-11,1,4102,益田啓司,47,福岡,51.0,A1,6.48,52.38,6.96,55.0,10,35.44,139,30.59,2 13346143,6,https://www1.mbrace.or.jp/od2/B/202608/b260815.lzh,2026-10-03T18:31:59.997492+09:00
20260815,21,芦屋,11,20260815-21-11,2,4189,川上剛,45,福岡,53.0,A1,5.58,31.19,6.56,48.15,43,44.59,120,30.26,4 32251414,4,https://www1.mbrace.or.jp/od2/B/202608/b260815.lzh,2026-10-03T18:31:59.997492+09:00
20260815,21,芦屋,11,20260815-21-11,3,4773,中川りな,33,福岡,48.0,A2,6.0,42.86,6.02,39.06,48,41.98,126,39.24,136 243 24,2,https://www1.mbrace.or.jp/od2/B/202608/b260815.lzh,2026-10-03T18:31:59.997492+09:00
20260815,21,芦屋,11,20260815-21-11,4,3514,山一鉄也,59,福岡,52.0,A2,5.78,40.32,6.23,46.81,27,28.4,164,37.18,1 236 4355,6,https://www1.mbrace.or.jp/od2/B/202608/b260815.lzh,2026-10-03T18:31:59.997492+09:00
20260815,21,芦屋,11,20260815-21-11,5,4831,羽野直也,31,福岡,56.0,A1,7.51,57.45,6.91,50.51,29,40.26,146,29.58,2613542 26,5,https://www1.mbrace.or.jp/od2/B/202608/b260815.lzh,2026-10-03T18:31:59.997492+09:00
20260815,21,芦屋,11,20260815-21-11,6,4640,山ノ内雅,35,福岡,52.0,A2,5.82,38.21,5.94,41.03,33,38.75,138,41.67,234 42443,1,https://www1.mbrace.or.jp/od2/B/202608/b260815.lzh,2026-10-03T18:31:59.997492+09:00
20260815,21,芦屋,12,20260815-21-12,1,4736,高倉和士,35,福岡,53.0,A1,7.15,57.26,6.92,54.12,8,40.26,152,32.43,22141 1231,,https://www1.mbrace.or.jp/od2/B/202608/b260815.lzh,2026-10-03T18:31:59.997492+09:00
20260815,21,芦屋,12,20260815-21-12,2,3876,中辻崇人,49,福岡,52.0,A1,6.81,43.4,7.99,72.46,28,28.4,155,40.0,111 343111,,https://www1.mbrace.or.jp/od2/B/202608/b260815.lzh,2026-10-03T18:31:59.997492+09:00
20260815,21,芦屋,12,20260815-21-12,3,4544,松田大志,38,福岡,51.0,A1,7.6,58.95,7.65,58.97,3,45.57,165,32.5,1342215 11,,https://www1.mbrace.or.jp/od2/B/202608/b260815.lzh,2026-10-03T18:31:59.997492+09:00
20260815,21,芦屋,12,20260815-21-12,4,4477,篠崎仁志,38,福岡,57.0,A1,7.29,44.23,6.41,37.5,14,21.88,121,29.87,52216 1132,,https://www1.mbrace.or.jp/od2/B/202608/b260815.lzh,2026-10-03T18:31:59.997492+09:00
20260815,21,芦屋,12,20260815-21-12,5,5212,西川拓利,27,福岡,54.0,A2,6.16,43.48,4.45,27.27,5,32.39,170,32.93,3411156 22,,https://www1.mbrace.or.jp/od2/B/202608/b260815.lzh,2026-10-03T18:31:59.997492+09:00
20260815,21,芦屋,12,20260815-21-12,6,5330,安河内鈴,22,福岡,51.0,A2,6.56,51.3,5.32,32.88,38,32.5,118,35.71,1 56413312,,https://www1.mbrace.or.jp/od2/B/202608/b260815.lzh,2026-10-03T18:31:59.997492+09:00
20260815,19,下関,1,20260815-19-01,1,3901,松田憲幸,49,山口,52.0,B2,4.58,30.43,4.8,29.84,27,43.28,56,53.97,1 236 33,10,https://www1.mbrace.or.jp/od2/B/202608/b260815.lzh,2026-10-03T18:31:59.997492+09:00
20260815,19,下関,1,20260815-19-01,2,4406,幸野史明,41,福岡,52.0,B1,4.15,20.0,4.0,11.11,59,35.0,29,25.4,4 146 15,12,https://www1.mbrace.or.jp/od2/B/202608/b260815.lzh,2026-10-03T18:31:59.997492+09:00
20260815,19,下関,1,20260815-19-01,3,3661,柳瀬興志,56,山口,58.0,A2,4.58,23.66,5.76,36.51,33,34.29,37,26.98,413 464,7,https://www1.mbrace.or.jp/od2/B/202608/b260815.lzh,2026-10-03T18:31:59.997492+09:00
20260815,19,下関,1,20260815-19-01,4,3539,金子順一,58,山口,52.0,B1,4.59,26.21,3.91,24.29,29,31.88,30,22.58,435 365,,https://www1.mbrace.or.jp/od2/B/202608/b260815.lzh,2026-10-03T18:31:59.997492+09:00
20260815,19,下関,1,20260815-19-01,5,3442,宮武英司,56,香川,54.0,B1,3.99,15.71,5.77,35.48,67,44.26,35,25.0,116 643,7,https://www1.mbrace.or.jp/od2/B/202608/b260815.lzh,2026-10-03T18:31:59.997492+09:00
20260815,19,下関,1,20260815-19-01,6,5448,福田柊人,23,山口,50.0,B2,1.13,0.0,1.5,0.0,28,32.31,33,36.36,6 665 66,,https://www1.mbrace.or.jp/od2/B/202608/b260815.lzh,2026-10-03T18:31:59.997492+09:00
20260815,19,下関,2,20260815-19-02,1,3581,加木郁,53,山口,53.0,B1,5.42,31.86,5.15,29.51,40,40.35,11,33.33,142 155,11,https://www1.mbrace.or.jp/od2/B/202608/b260815.lzh,2026-10-03T18:31:59.997492+09:00
20260815,19,下関,2,20260815-19-02,2,4846,佐藤駿介,32,山口,52.0,B1,4.57,27.91,4.38,28.3,17,54.24,54,31.25,355 6 25,,https://www1.mbrace.or.jp/od2/B/202608/b260815.lzh,2026-10-03T18:31:59.997492+09:00
20260815,19,下関,2,20260815-19-02,3,4981,牧山敦也,30,佐賀,52.0,B1,5.1,22.5,4.18,22.73,62,46.67,26,17.24,2 22145,10,https://www1.mbrace.or.jp/od2/B/202608/b260815.lzh,2026-10-03T18:31:59.997492+09:00
20260815,19,下関,2,20260815-19-02,4,4931,木谷賢太,30,香川,54.0,A1,6.73,49.57,5.84,36.0,34,24.29,16,16.95,2 235312,9,https://www1.mbrace.or.jp/od2/B/202608/b260815.lzh,2026-10-03T18:31:59.997492+09:00
20260815,19,下関,2,20260815-19-02,5,3680,森林太,53,長崎,54.0,B1,4.36,21.5,4.82,28.95,73,28.36,67,43.94,155 5265,,https://www1.mbrace.or.jp/od2/B/202608/b260815.lzh,2026-10-03T18:31:59.997492+09:00
20260815,19,下関,2,20260815-19-02,6,5404,内田壮,22,山口,54.0,B1,2.11,3.23,1.56,0.0,19,32.26,52,20.63,2 554 43,,https://www1.mbrace.or.jp/od2/B/202608/b260815.lzh,2026-10-03T18:31:59.997492+09:00
20260815,19,下関,3,20260815-19-03,1,5041,荒牧凪沙,27,福岡,51.0,B1,4.78,24.64,4.33,33.33,49,30.88,23,39.06,513 3 26,11,https://www1.mbrace.or.jp/od2/B/202608/b260815.lzh,2026-10-03T18:31:59.997492+09:00
20260815,19,下関,3,20260815-19-03,2,4475,末永祐輝,38,山口,54.0,A1,5.67,33.33,6.25,42.59,46,46.77,27,28.79,2643313,9,https://www1.mbrace.or.jp/od2/B/202608/b260815.lzh,2026-10-03T18:31:59.997492+09:00
20260815,19,下関,3,20260815-19-03,3,4251,川崎誠志,43,山口,52.0,B1,4.73,24.75,4.79,25.45,16,30.3,36,32.79,544 614,,https://www1.mbrace.or.jp/od2/B/202608/b260815.lzh,2026-10-03T18:31:59.997492+09:00
20260815,19,下関,3,20260815-19-03,4,3731,高濱芳久,53,広島,53.0,B1,4.65,22.5,5.63,41.05,71,41.51,70,28.13,6 36142,8,https://www1.mbrace.or.jp/od2/B/202608/b260815.lzh,2026-10-03T18:31:59.997492+09:00
20260815,19,下関,3,20260815-19-03,5,4264,長尾章平,41,山口,53.0,A1,6.7,52.78,6.92,51.26,55,36.36,17,33.87,334 2223,11,https://www1.mbrace.or.jp/od2/B/202608/b260815.lzh,2026-10-03T18:31:59.997492+09:00
20260815,19,下関,3,20260815-19-03,6,3961,谷村一哉,47,山口,54.0,A1,6.55,46.77,7.05,57.02,12,37.93,42,29.85,162 1134,9,https://www1.mbrace.or.jp/od2/B/202608/b260815.lzh,2026-10-03T18:31:59.997492+09:00
20260815,19,下関,4,20260815-19-04,1,5176,石倉拓美,33,山口,52.0,B2,2.26,5.88,2.38,10.81,52,42.11,13,26.56,2 363 14,12,https://www1.mbrace.or.jp/od2/B/202608/b260815.lzh,2026-10-03T18:31:59.997492+09:00
20260815,19,下関,4,20260815-19-04,2,3989,熊本英一,48,佐賀,57.0,B1,3.92,20.48,3.88,19.18,13,29.09,31,39.29,3 44632,,https://www1.mbrace.or.jp/od2/B/202608/b260815.lzh,2026-10-03T18:31:59.997492+09:00
20260815,19,下関,4,20260815-19-04,3,3930,岸本隆,50,岡山,56.0,A2,5.02,24.73,5.77,42.86,42,34.29,47,29.03,2 113 54,9,https://www1.mbrace.or.jp/od2/B/202608/b260815.lzh,2026-10-03T18:31:59.997492+09:00
20260815,19,下関,4,20260815-19-04,4,3942,寺田祥,47,山口,55.0,A1,7.11,58.33,7.76,64.75,35,31.25,28,49.18,321 5153,11,https://www1.mbrace.or.jp/od2/B/202608/b260815.lzh,2026-10-03T18:31:59.997492+09:00
20260815,19,下関,4,20260815-19-04,5,4747,山戸信二,41,長崎,52.0,B1,4.09,17.78,3.36,13.89,22,30.16,50,42.62,665 4346,,https://www1.mbrace.or.jp/od2/B/202608/b260815.lzh,2026-10-03T18:31:59.997492+09:00
20260815,19,下関,4,20260815-19-04,6,4980,佐々木完,30,山口,50.0,A1,7.05,50.91,7.13,54.95,31,42.03,71,21.67,2412221,10,https://www1.mbrace.or.jp/od2/B/202608/b260815.lzh,2026-10-03T18:31:59.997492+09:00
20260815,19,下関,5,20260815-19-05,1,5145,島川海輝,23,山口,54.0,A2,6.14,48.12,5.9,44.51,60,25.42,60,41.27,4 61431,9,https://www1.mbrace.or.jp/od2/B/202608/b260815.lzh,2026-10-03T18:31:59.997492+09:00
20260815,19,下関,5,20260815-19-05,2,4871,菊池宏志,34,山口,53.0,B1,4.49,25.81,4.61,20.18,24,41.43,38,34.33,4 165 1S,,https://www1.mbrace.or.jp/od2/B/202608/b260815.lzh,2026-10-03T18:31:59.997492+09:00
20260815,19,下関,5,20260815-19-05,3,4842,山下昂大,34,岡山,55.0,A2,5.8,36.78,6.25,50.0,68,26.09,51,52.46,2 24151,9,https://www1.mbrace.or.jp/od2/B/202608/b260815.lzh,2026-10-03T18:31:59.997492+09:00
20260815,19,下関,5,20260815-19-05,4,4064,原田篤志,46,山口,51.0,A1,6.32,44.62,6.59,48.08,18,56.9,41,39.68,65151 12,10,https://www1.mbrace.or.jp/od2/B/202608/b260815.lzh,2026-10-03T18:31:59.997492+09:00
20260815,19,下関,5,20260815-19-05,5,5067,山田真聖,27,山口,57.0,B1,5.29,32.5,4.53,26.61,14,36.23,72,27.42,43635 5,12,https://www1.mbrace.or.jp/od2/B/202608/b260815.lzh,2026-10-03T18:31:59.997492+09:00
20260815,19,下関,5,20260815-19-05,6,4361,柳生泰二,41,山口,53.0,A1,7.37,57.14,8.17,68.59,39,35.21,45,31.34,11311 21,11,https://www1.mbrace.or.jp/od2/B/202608/b260815.lzh,2026-10-03T18:31:59.997492+09:00
20260815,19,下関,6,20260815-19-06,1,5064,品川二千,28,山口,52.0,A1,6.67,52.94,5.65,38.26,11,45.16,24,31.15,42154 32,11,https://www1.mbrace.or.jp/od2/B/202608/b260815.lzh,2026-10-03T18:31:59.997492+09:00
20260815,19,下関,6,20260815-19-06,2,4356,長岡良也,42,兵庫,52.0,A2,5.68,40.74,6.2,48.15,63,39.71,64,37.88,3 44123,10,https://www1.mbrace.or.jp/od2/B/202608/b260815.lzh,2026-10-03T18:31:59.997492+09:00
20260815,19,下関,6,20260815-19-06,3,4567,上村慎太,38,山口,50.0,B1,4.51,18.18,4.26,18.82,53,30.43,57,41.27,565 3546,,https://www1.mbrace.or.jp/od2/B/202608/b260815.lzh,2026-10-03T18:31:59.997492+09:00
20260815,19,下関,6,20260815-19-06,4,4023,柴田友和,48,福岡,53.0,B1,3.95,19.05,4.65,23.08,57,46.27,22,34.92,155 264,,https://www1.mbrace.or.jp/od2/B/202608/b260815.lzh,2026-10-03T18:31:59.997492+09:00
20260815,19,下関,6,20260815-19-06,5,4852,川原祐明,31,香川,51.0,A1,7.31,58.27,5.68,32.43,47,33.82,32,26.15,321 2431,10,https://www1.mbrace.or.jp/od2/B/202608/b260815.lzh,2026-10-03T18:31:59.997492+09:00
20260815,19,下関,6,20260815-19-06,6,4057,松井賢治,47,兵庫,52.0,A2,5.93,41.32,5.39,32.14,69,38.81,53,32.81,254 6512,,https://www1.mbrace.or.jp/od2/B/202608/b260815.lzh,2026-10-03T18:31:59.997492+09:00
20260815,19,下関,7,20260815-19-07,1,3661,柳瀬興志,56,山口,58.0,A2,4.58,23.66,5.76,36.51,33,34.29,37,26.98,413 464,1,https://www1.mbrace.or.jp/od2/B/202608/b260815.lzh,2026-10-03T18:31:59.997492+09:00
20260815,19,下関,7,20260815-19-07,2,3442,宮武英司,56,香川,54.0,B1,3.99,15.71,5.77,35.48,67,44.26,35,25.0,116 643,1,https://www1.mbrace.or.jp/od2/B/202608/b260815.lzh,2026-10-03T18:31:59.997492+09:00
20260815,19,下関,7,20260815-19-07,3,3562,山下和彦,57,広島,52.0,A2,6.15,45.3,5.74,42.11,48,33.85,48,11.29,552 236,12,https://www1.mbrace.or.jp/od2/B/202608/b260815.lzh,2026-10-03T18:31:59.997492+09:00
20260815,19,下関,7,20260815-19-07,4,5106,山崎祥,27,山口,52.0,A2,5.54,33.33,5.3,33.66,38,42.03,15,28.36,5 442 44,12,https://www1.mbrace.or.jp/od2/B/202608/b260815.lzh,2026-10-03T18:31:59.997492+09:00
20260815,19,下関,7,20260815-19-07,5,5336,瀬川大地,20,山口,55.0,B1,3.59,14.13,2.22,6.9,37,33.33,46,31.34,666 656,,https://www1.mbrace.or.jp/od2/B/202608/b260815.lzh,2026-10-03T18:31:59.997492+09:00
20260815,19,下関,7,20260815-19-07,6,4009,小林一樹,47,山口,58.0,A2,5.82,40.86,6.02,40.24,56,32.81,66,24.62,1 223 6F,,https://www1.mbrace.or.jp/od2/B/202608/b260815.lzh,2026-10-03T18:31:59.997492+09:00
20260815,19,下関,8,20260815-19-08,1,4179,広次修,43,山口,52.0,A2,5.48,32.08,5.26,31.88,32,25.0,55,41.54,3 16462,12,https://www1.mbrace.or.jp/od2/B/202608/b260815.lzh,2026-10-03T18:31:59.997492+09:00
20260815,19,下関,8,20260815-19-08,2,3731,高濱芳久,53,広島,53.0,B1,4.65,22.5,5.63,41.05,71,41.51,70,28.13,6 36142,3,https://www1.mbrace.or.jp/od2/B/202608/b260815.lzh,2026-10-03T18:31:59.997492+09:00
20260815,19,下関,8,20260815-19-08,3,4034,西原明生,47,香川,55.0,B1,3.78,17.98,3.54,10.71,30,40.35,68,36.92,345 2424,,https://www1.mbrace.or.jp/od2/B/202608/b260815.lzh,2026-10-03T18:31:59.997492+09:00
20260815,19,下関,8,20260815-19-08,4,4172,森定晃史,43,岡山,52.0,A2,6.13,42.15,4.83,16.67,36,35.19,62,27.12,345 2 35,,https://www1.mbrace.or.jp/od2/B/202608/b260815.lzh,2026-10-03T18:31:59.997492+09:00
20260815,19,下関,8,20260815-19-08,5,4724,吉田祐貴,40,佐賀,54.0,B1,3.49,9.52,3.7,16.67,65,36.76,18,22.73,6 334 55,,https://www1.mbrace.or.jp/od2/B/202608/b260815.lzh,2026-10-03T18:31:59.997492+09:00
20260815,19,下関,8,20260815-19-08,6,5208,屋良龍紀,28,長崎,52.0,B1,4.25,23.38,3.38,6.67,21,43.86,65,42.62,5 235 61,,https://www1.mbrace.or.jp/od2/B/202608/b260815.lzh,2026-10-03T18:31:59.997492+09:00
20260815,19,下関,9,20260815-19-09,1,3961,谷村一哉,47,山口,54.0,A1,6.55,46.77,7.05,57.02,12,37.93,42,29.85,162 1134,3,https://www1.mbrace.or.jp/od2/B/202608/b260815.lzh,2026-10-03T18:31:59.997492+09:00
20260815,19,下関,9,20260815-19-09,2,4842,山下昂大,34,岡山,55.0,A2,5.8,36.78,6.25,50.0,68,26.09,51,52.46,2 24151,5,https://www1.mbrace.or.jp/od2/B/202608/b260815.lzh,2026-10-03T18:31:59.997492+09:00
20260815,19,下関,9,20260815-19-09,3,4931,木谷賢太,30,香川,54.0,A1,6.73,49.57,5.84,36.0,34,24.29,16,16.95,2 235312,2,https://www1.mbrace.or.jp/od2/B/202608/b260815.lzh,2026-10-03T18:31:59.997492+09:00
20260815,19,下関,9,20260815-19-09,4,3930,岸本隆,50,岡山,56.0,A2,5.02,24.73,5.77,42.86,42,34.29,47,29.03,2 113 54,4,https://www1.mbrace.or.jp/od2/B/202608/b260815.lzh,2026-10-03T18:31:59.997492+09:00
20260815,19,下関,9,20260815-19-09,5,4475,末永祐輝,38,山口,54.0,A1,5.67,33.33,6.25,42.59,46,46.77,27,28.79,2643313,3,https://www1.mbrace.or.jp/od2/B/202608/b260815.lzh,2026-10-03T18:31:59.997492+09:00
20260815,19,下関,9,20260815-19-09,6,5145,島川海輝,23,山口,54.0,A2,6.14,48.12,5.9,44.51,60,25.42,60,41.27,4 61431,5,https://www1.mbrace.or.jp/od2/B/202608/b260815.lzh,2026-10-03T18:31:59.997492+09:00
20260815,19,下関,10,20260815-19-10,1,4980,佐々木完,30,山口,50.0,A1,7.05,50.91,7.13,54.95,31,42.03,71,21.67,2412221,4,https://www1.mbrace.or.jp/od2/B/202608/b260815.lzh,2026-10-03T18:31:59.997492+09:00
20260815,19,下関,10,20260815-19-10,2,4852,川原祐明,31,香川,51.0,A1,7.31,58.27,5.68,32.43,47,33.82,32,26.15,321 2431,6,https://www1.mbrace.or.jp/od2/B/202608/b260815.lzh,2026-10-03T18:31:59.997492+09:00
20260815,19,下関,10,20260815-19-10,3,4064,原田篤志,46,山口,51.0,A1,6.32,44.62,6.59,48.08,18,56.9,41,39.68,65151 12,5,https://www1.mbrace.or.jp/od2/B/202608/b260815.lzh,2026-10-03T18:31:59.997492+09:00
20260815,19,下関,10,20260815-19-10,4,4981,牧山敦也,30,佐賀,52.0,B1,5.1,22.5,4.18,22.73,62,46.67,26,17.24,2 22145,2,https://www1.mbrace.or.jp/od2/B/202608/b260815.lzh,2026-10-03T18:31:59.997492+09:00
20260815,19,下関,10,20260815-19-10,5,4356,長岡良也,42,兵庫,52.0,A2,5.68,40.74,6.2,48.15,63,39.71,64,37.88,3 44123,6,https://www1.mbrace.or.jp/od2/B/202608/b260815.lzh,2026-10-03T18:31:59.997492+09:00
20260815,19,下関,10,20260815-19-10,6,3901,松田憲幸,49,山口,52.0,B2,4.58,30.43,4.8,29.84,27,43.28,56,53.97,1 236 33,1,https://www1.mbrace.or.jp/od2/B/202608/b260815.lzh,2026-10-03T18:31:59.997492+09:00
20260815,19,下関,11,20260815-19-11,1,4361,柳生泰二,41,山口,53.0,A1,7.37,57.14,8.17,68.59,39,35.21,45,31.34,11311 21,5,https://www1.mbrace.or.jp/od2/B/202608/b260815.lzh,2026-10-03T18:31:59.997492+09:00
20260815,19,下関,11,20260815-19-11,2,4264,長尾章平,41,山口,53.0,A1,6.7,52.78,6.92,51.26,55,36.36,17,33.87,334 2223,3,https://www1.mbrace.or.jp/od2/B/202608/b260815.lzh,2026-10-03T18:31:59.997492+09:00
20260815,19,下関,11,20260815-19-11,3,3942,寺田祥,47,山口,55.0,A1,7.11,58.33,7.76,64.75,35,31.25,28,49.18,321 5153,4,https://www1.mbrace.or.jp/od2/B/202608/b260815.lzh,2026-10-03T18:31:59.997492+09:00
20260815,19,下関,11,20260815-19-11,4,5041,荒牧凪沙,27,福岡,51.0,B1,4.78,24.64,4.33,33.33,49,30.88,23,39.06,513 3 26,3,https://www1.mbrace.or.jp/od2/B/202608/b260815.lzh,2026-10-03T18:31:59.997492+09:00
20260815,19,下関,11,20260815-19-11,5,5064,品川二千,28,山口,52.0,A1,6.67,52.94,5.65,38.26,11,45.16,24,31.15,42154 32,6,https://www1.mbrace.or.jp/od2/B/202608/b260815.lzh,2026-10-03T18:31:59.997492+09:00
20260815,19,下関,11,20260815-19-11,6,3581,加木郁,53,山口,53.0,B1,5.42,31.86,5.15,29.51,40,40.35,11,33.33,142 155,2,https://www1.mbrace.or.jp/od2/B/202608/b260815.lzh,2026-10-03T18:31:59.997492+09:00
20260815,19,下関,12,20260815-19-12,1,3562,山下和彦,57,広島,52.0,A2,6.15,45.3,5.74,42.11,48,33.85,48,11.29,552 236,7,https://www1.mbrace.or.jp/od2/B/202608/b260815.lzh,2026-10-03T18:31:59.997492+09:00
20260815,19,下関,12,20260815-19-12,2,5067,山田真聖,27,山口,57.0,B1,5.29,32.5,4.53,26.61,14,36.23,72,27.42,43635 5,5,https://www1.mbrace.or.jp/od2/B/202608/b260815.lzh,2026-10-03T18:31:59.997492+09:00
20260815,19,下関,12,20260815-19-12,3,4179,広次修,43,山口,52.0,A2,5.48,32.08,5.26,31.88,32,25.0,55,41.54,3 16462,8,https://www1.mbrace.or.jp/od2/B/202608/b260815.lzh,2026-10-03T18:31:59.997492+09:00
20260815,19,下関,12,20260815-19-12,4,5176,石倉拓美,33,山口,52.0,B2,2.26,5.88,2.38,10.81,52,42.11,13,26.56,2 363 14,4,https://www1.mbrace.or.jp/od2/B/202608/b260815.lzh,2026-10-03T18:31:59.997492+09:00
20260815,19,下関,12,20260815-19-12,5,4406,幸野史明,41,福岡,52.0,B1,4.15,20.0,4.0,11.11,59,35.0,29,25.4,4 146 15,1,https://www1.mbrace.or.jp/od2/B/202608/b260815.lzh,2026-10-03T18:31:59.997492+09:00
20260815,19,下関,12,20260815-19-12,6,5106,山崎祥,27,山口,52.0,A2,5.54,33.33,5.3,33.66,38,42.03,15,28.36,5 442 44,7,https://www1.mbrace.or.jp/od2/B/202608/b260815.lzh,2026-10-03T18:31:59.997492+09:00
20260815,18,徳山,1,20260815-18-01,1,4015,前野竜一,46,山口,59.0,A2,5.65,32.79,6.64,46.04,27,45.45,73,39.25,,7,https://www1.mbrace.or.jp/od2/B/202608/b260815.lzh,2026-10-03T18:31:59.997492+09:00
20260815,18,徳山,1,20260815-18-01,2,4158,木場雄二,45,山口,58.0,B1,4.26,21.98,5.5,35.94,41,35.56,61,27.22,,9,https://www1.mbrace.or.jp/od2/B/202608/b260815.lzh,2026-10-03T18:31:59.997492+09:00
20260815,18,徳山,1,20260815-18-01,3,4226,村田浩司,43,山口,55.0,B1,4.27,21.21,4.94,35.82,44,37.65,28,28.09,,,https://www1.mbrace.or.jp/od2/B/202608/b260815.lzh,2026-10-03T18:31:59.997492+09:00
20260815,18,徳山,1,20260815-18-01,4,4045,佐々木裕,46,山口,48.0,B1,4.7,29.21,5.8,40.8,23,36.78,57,37.7,,6,https://www1.mbrace.or.jp/od2/B/202608/b260815.lzh,2026-10-03T18:31:59.997492+09:00
20260815,18,徳山,1,20260815-18-01,5,4263,武重雄介,42,山口,57.0,B1,4.56,25.51,6.29,45.05,53,39.29,36,35.14,,10,https://www1.mbrace.or.jp/od2/B/202608/b260815.lzh,2026-10-03T18:31:59.997492+09:00
20260815,18,徳山,1,20260815-18-01,6,5375,庄島潤成,22,山口,53.0,B1,2.74,2.2,1.84,0.0,51,25.0,52,27.93,,8,https://www1.mbrace.or.jp/od2/B/202608/b260815.lzh,2026-10-03T18:31:59.997492+09:00
20260815,18,徳山,2,20260815-18-02,1,4908,上田龍星,31,大阪,53.0,A1,6.97,45.22,7.94,72.22,54,33.33,19,37.63,,,https://www1.mbrace.or.jp/od2/B/202608/b260815.lzh,2026-10-03T18:31:59.997492+09:00
20260815,18,徳山,2,20260815-18-02,2,5146,野田彩加,23,山口,50.0,A2,5.31,35.29,5.58,36.36,46,36.9,71,26.55,,7,https://www1.mbrace.or.jp/od2/B/202608/b260815.lzh,2026-10-03T18:31:59.997492+09:00
20260815,18,徳山,2,20260815-18-02,3,5311,小林京平,28,山口,52.0,B1,4.95,30.0,3.37,13.39,73,40.3,13,40.11,,,https://www1.mbrace.or.jp/od2/B/202608/b260815.lzh,2026-10-03T18:31:59.997492+09:00
20260815,18,徳山,2,20260815-18-02,4,4817,渡邉翼,35,山口,51.0,A1,6.26,48.28,5.75,39.33,69,36.99,12,37.91,,10,https://www1.mbrace.or.jp/od2/B/202608/b260815.lzh,2026-10-03T18:31:59.997492+09:00
20260815,18,徳山,2,20260815-18-02,5,3436,柏野幸二,57,岡山,50.0,A2,6.24,40.51,0.0,0.0,34,36.84,37,34.76,,9,https://www1.mbrace.or.jp/od2/B/202608/b260815.lzh,2026-10-03T18:31:59.997492+09:00
20260815,18,徳山,2,20260815-18-02,6,4390,松本弓雄,40,徳島,53.0,B1,4.1,17.76,3.83,16.67,13,42.03,47,33.51,,11,https://www1.mbrace.or.jp/od2/B/202608/b260815.lzh,2026-10-03T18:31:59.997492+09:00
20260815,18,徳山,3,20260815-18-03,1,4324,海野康志,38,山口,63.0,A1,7.19,53.85,7.32,59.46,14,39.13,18,37.97,,12,https://www1.mbrace.or.jp/od2/B/202608/b260815.lzh,2026-10-03T18:31:59.997492+09:00
20260815,18,徳山,3,20260815-18-03,2,3558,山本浩次,53,岡山,54.0,B1,4.56,22.0,4.3,16.22,59,39.71,64,35.83,,,https://www1.mbrace.or.jp/od2/B/202608/b260815.lzh,2026-10-03T18:31:59.997492+09:00
20260815,18,徳山,3,20260815-18-03,3,3741,松尾基成,52,福岡,56.0,B1,3.68,17.33,3.5,16.67,20,40.58,35,30.85,,,https://www1.mbrace.or.jp/od2/B/202608/b260815.lzh,2026-10-03T18:31:59.997492+09:00
20260815,18,徳山,3,20260815-18-03,4,5163,清水愛海,26,山口,45.0,A1,6.52,49.46,6.03,38.33,35,36.14,38,39.78,,11,https://www1.mbrace.or.jp/od2/B/202608/b260815.lzh,2026-10-03T18:31:59.997492+09:00
20260815,18,徳山,3,20260815-18-03,5,4200,早川尚人,44,大阪,56.0,B1,4.52,20.88,4.85,30.3,15,43.48,40,39.57,,,https://www1.mbrace.or.jp/od2/B/202608/b260815.lzh,2026-10-03T18:31:59.997492+09:00
20260815,18,徳山,3,20260815-18-03,6,5238,笹木香吾,26,山口,53.0,A2,5.71,42.86,5.05,35.03,50,40.51,60,24.46,,10,https://www1.mbrace.or.jp/od2/B/202608/b260815.lzh,2026-10-03T18:31:59.997492+09:00
20260815,18,徳山,4,20260815-18-04,1,4601,森野正弘,41,山口,55.0,A1,6.73,55.0,6.85,52.59,68,50.72,41,36.56,,12,https://www1.mbrace.or.jp/od2/B/202608/b260815.lzh,2026-10-03T18:31:59.997492+09:00
20260815,18,徳山,4,20260815-18-04,2,4890,石川諒,37,山口,53.0,A2,6.1,40.0,5.86,43.06,19,49.37,30,36.22,,11,https://www1.mbrace.or.jp/od2/B/202608/b260815.lzh,2026-10-03T18:31:59.997492+09:00
20260815,18,徳山,4,20260815-18-04,3,3297,藤丸光一,59,福岡,49.0,B1,4.74,22.92,5.14,32.14,74,42.19,69,23.16,,9,https://www1.mbrace.or.jp/od2/B/202608/b260815.lzh,2026-10-03T18:31:59.997492+09:00
20260815,18,徳山,4,20260815-18-04,4,5231,寺田空詩,22,山口,45.0,B1,6.53,47.37,4.26,24.68,29,30.0,55,36.56,,10,https://www1.mbrace.or.jp/od2/B/202608/b260815.lzh,2026-10-03T18:31:59.997492+09:00
20260815,18,徳山,4,20260815-18-04,5,5000,岡本翔太,31,山口,53.0,B1,4.79,30.26,5.19,32.53,33,51.81,63,29.51,,,https://www1.mbrace.or.jp/od2/B/202608/b260815.lzh,2026-10-03T18:31:59.997492+09:00
20260815,18,徳山,4,20260815-18-04,6,4396,大田直弥,40,山口,52.0,B1,5.03,28.71,5.34,32.58,67,33.75,43,28.89,,8,https://www1.mbrace.or.jp/od2/B/202608/b260815.lzh,2026-10-03T18:31:59.997492+09:00
20260815,18,徳山,5,20260815-18-05,1,3915,繁野谷圭,52,大阪,52.0,A2,5.89,38.61,5.23,30.77,48,36.36,21,24.31,,11,https://www1.mbrace.or.jp/od2/B/202608/b260815.lzh,2026-10-03T18:31:59.997492+09:00
20260815,18,徳山,5,20260815-18-05,2,4985,井本昌也,29,山口,52.0,A1,6.65,50.79,6.42,52.53,56,37.18,42,29.41,,12,https://www1.mbrace.or.jp/od2/B/202608/b260815.lzh,2026-10-03T18:31:59.997492+09:00
20260815,18,徳山,5,20260815-18-05,3,4017,向井美鈴,46,山口,45.0,B1,5.49,35.96,5.71,32.65,61,22.95,59,39.89,,,https://www1.mbrace.or.jp/od2/B/202608/b260815.lzh,2026-10-03T18:31:59.997492+09:00
20260815,18,徳山,5,20260815-18-05,4,5022,伊藤尚汰,31,福岡,51.0,B1,4.13,24.72,5.17,33.33,75,30.67,39,32.45,,10,https://www1.mbrace.or.jp/od2/B/202608/b260815.lzh,2026-10-03T18:31:59.997492+09:00
20260815,18,徳山,5,20260815-18-05,5,5356,長谷川暖,21,岡山,51.0,B1,4.71,29.09,3.71,0.0,52,25.0,46,31.15,,,https://www1.mbrace.or.jp/od2/B/202608/b260815.lzh,2026-10-03T18:31:59.997492+09:00
20260815,18,徳山,5,20260815-18-05,6,4237,大峯豊,42,山口,52.0,A1,7.04,48.11,7.52,59.52,42,33.33,58,33.89,,9,https://www1.mbrace.or.jp/od2/B/202608/b260815.lzh,2026-10-03T18:31:59.997492+09:00
20260815,18,徳山,6,20260815-18-06,1,4045,佐々木裕,46,山口,48.0,B1,4.7,29.21,5.8,40.8,23,36.78,57,37.7,,1,https://www1.mbrace.or.jp/od2/B/202608/b260815.lzh,2026-10-03T18:31:59.997492+09:00
20260815,18,徳山,6,20260815-18-06,2,4359,横川聖志,41,徳島,57.0,A2,5.42,36.05,4.24,23.81,47,40.7,45,33.33,,10,https://www1.mbrace.or.jp/od2/B/202608/b260815.lzh,2026-10-03T18:31:59.997492+09:00
20260815,18,徳山,6,20260815-18-06,3,4703,森永隆,38,山口,51.0,A1,6.72,56.56,6.8,53.03,11,32.1,67,40.96,,,https://www1.mbrace.or.jp/od2/B/202608/b260815.lzh,2026-10-03T18:31:59.997492+09:00
20260815,18,徳山,6,20260815-18-06,4,3350,藤本佳史,58,山口,55.0,B1,5.01,32.26,5.61,34.21,26,38.75,70,29.26,,11,https://www1.mbrace.or.jp/od2/B/202608/b260815.lzh,2026-10-03T18:31:59.997492+09:00
20260815,18,徳山,6,20260815-18-06,5,4239,竹田辰也,42,山口,53.0,A1,6.5,53.0,6.25,43.59,36,30.43,44,37.1,,12,https://www1.mbrace.or.jp/od2/B/202608/b260815.lzh,2026-10-03T18:31:59.997492+09:00
20260815,18,徳山,6,20260815-18-06,6,5459,田中きら,20,山口,43.0,B2,1.07,0.0,1.0,0.0,43,17.11,33,33.86,,,https://www1.mbrace.or.jp/od2/B/202608/b260815.lzh,2026-10-03T18:31:59.997492+09:00
20260815,18,徳山,7,20260815-18-07,1,4592,小林孝弘,45,山口,53.0,B1,4.38,21.05,5.01,29.35,28,25.88,65,28.81,,,https://www1.mbrace.or.jp/od2/B/202608/b260815.lzh,2026-10-03T18:31:59.997492+09:00
20260815,18,徳山,7,20260815-18-07,2,3726,桂林寛,55,福岡,55.0,B1,4.67,30.91,4.89,33.33,17,50.0,75,27.01,,,https://www1.mbrace.or.jp/od2/B/202608/b260815.lzh,2026-10-03T18:31:59.997492+09:00
20260815,18,徳山,7,20260815-18-07,3,5146,野田彩加,23,山口,50.0,A2,5.31,35.29,5.58,36.36,46,36.9,71,26.55,,2,https://www1.mbrace.or.jp/od2/B/202608/b260815.lzh,2026-10-03T18:31:59.997492+09:00
20260815,18,徳山,7,20260815-18-07,4,3897,白井英治,49,山口,54.0,A1,7.6,47.66,7.99,58.33,12,37.18,56,28.49,,12,https://www1.mbrace.or.jp/od2/B/202608/b260815.lzh,2026-10-03T18:31:59.997492+09:00
20260815,18,徳山,7,20260815-18-07,5,4015,前野竜一,46,山口,59.0,A2,5.65,32.79,6.64,46.04,27,45.45,73,39.25,,1,https://www1.mbrace.or.jp/od2/B/202608/b260815.lzh,2026-10-03T18:31:59.997492+09:00
20260815,18,徳山,7,20260815-18-07,6,5406,小畑楓夏,21,山口,53.0,B2,1.55,1.06,1.02,0.0,49,26.92,24,35.29,,11,https://www1.mbrace.or.jp/od2/B/202608/b260815.lzh,2026-10-03T18:31:59.997492+09:00
20260815,18,徳山,8,20260815-18-08,1,5123,福山恵里,30,山口,47.0,B1,3.89,22.12,4.38,27.63,64,38.36,74,35.64,,,https://www1.mbrace.or.jp/od2/B/202608/b260815.lzh,2026-10-03T18:31:59.997492+09:00
20260815,18,徳山,8,20260815-18-08,2,4396,大田直弥,40,山口,52.0,B1,5.03,28.71,5.34,32.58,67,33.75,43,28.89,,4,https://www1.mbrace.or.jp/od2/B/202608/b260815.lzh,2026-10-03T18:31:59.997492+09:00
20260815,18,徳山,8,20260815-18-08,3,4950,高岡竜也,33,山口,52.0,A1,6.34,47.54,5.68,38.6,38,30.59,50,38.3,,,https://www1.mbrace.or.jp/od2/B/202608/b260815.lzh,2026-10-03T18:31:59.997492+09:00
20260815,18,徳山,8,20260815-18-08,4,5375,庄島潤成,22,山口,53.0,B1,2.74,2.2,1.84,0.0,51,25.0,52,27.93,,1,https://www1.mbrace.or.jp/od2/B/202608/b260815.lzh,2026-10-03T18:31:59.997492+09:00
20260815,18,徳山,8,20260815-18-08,5,4052,興津藍,45,徳島,48.0,A2,5.57,38.6,5.5,30.77,30,39.77,31,31.91,,,https://www1.mbrace.or.jp/od2/B/202608/b260815.lzh,2026-10-03T18:31:59.997492+09:00
20260815,18,徳山,8,20260815-18-08,6,4108,吉村正明,46,山口,51.0,A1,6.1,45.56,6.11,42.34,55,38.75,51,35.29,,12,https://www1.mbrace.or.jp/od2/B/202608/b260815.lzh,2026-10-03T18:31:59.997492+09:00
20260815,18,徳山,9,20260815-18-09,1,3436,柏野幸二,57,岡山,50.0,A2,6.24,40.51,0.0,0.0,34,36.84,37,34.76,,2,https://www1.mbrace.or.jp/od2/B/202608/b260815.lzh,2026-10-03T18:31:59.997492+09:00
20260815,18,徳山,9,20260815-18-09,2,3297,藤丸光一,59,福岡,49.0,B1,4.74,22.92,5.14,32.14,74,42.19,69,23.16,,4,https://www1.mbrace.or.jp/od2/B/202608/b260815.lzh,2026-10-03T18:31:59.997492+09:00
20260815,18,徳山,9,20260815-18-09,3,4237,大峯豊,42,山口,52.0,A1,7.04,48.11,7.52,59.52,42,33.33,58,33.89,,5,https://www1.mbrace.or.jp/od2/B/202608/b260815.lzh,2026-10-03T18:31:59.997492+09:00
20260815,18,徳山,9,20260815-18-09,4,5391,出穂和鼓,18,山口,52.0,B2,1.75,4.17,1.26,0.0,65,21.05,11,24.86,,,https://www1.mbrace.or.jp/od2/B/202608/b260815.lzh,2026-10-03T18:31:59.997492+09:00
20260815,18,徳山,9,20260815-18-09,5,4593,小坂宗司,45,大阪,52.0,A2,5.86,36.7,5.0,31.25,72,34.18,48,29.95,,,https://www1.mbrace.or.jp/od2/B/202608/b260815.lzh,2026-10-03T18:31:59.997492+09:00
20260815,18,徳山,9,20260815-18-09,6,4158,木場雄二,45,山口,58.0,B1,4.26,21.98,5.5,35.94,41,35.56,61,27.22,,1,https://www1.mbrace.or.jp/od2/B/202608/b260815.lzh,2026-10-03T18:31:59.997492+09:00
20260815,18,徳山,10,20260815-18-10,1,4263,武重雄介,42,山口,57.0,B1,4.56,25.51,6.29,45.05,53,39.29,36,35.14,,1,https://www1.mbrace.or.jp/od2/B/202608/b260815.lzh,2026-10-03T18:31:59.997492+09:00
20260815,18,徳山,10,20260815-18-10,2,4817,渡邉翼,35,山口,51.0,A1,6.26,48.28,5.75,39.33,69,36.99,12,37.91,,2,https://www1.mbrace.or.jp/od2/B/202608/b260815.lzh,2026-10-03T18:31:59.997492+09:00
20260815,18,徳山,10,20260815-18-10,3,5231,寺田空詩,22,山口,45.0,B1,6.53,47.37,4.26,24.68,29,30.0,55,36.56,,4,https://www1.mbrace.or.jp/od2/B/202608/b260815.lzh,2026-10-03T18:31:59.997492+09:00
20260815,18,徳山,10,20260815-18-10,4,5238,笹木香吾,26,山口,53.0,A2,5.71,42.86,5.05,35.03,50,40.51,60,24.46,,3,https://www1.mbrace.or.jp/od2/B/202608/b260815.lzh,2026-10-03T18:31:59.997492+09:00
20260815,18,徳山,10,20260815-18-10,5,5022,伊藤尚汰,31,福岡,51.0,B1,4.13,24.72,5.17,33.33,75,30.67,39,32.45,,5,https://www1.mbrace.or.jp/od2/B/202608/b260815.lzh,2026-10-03T18:31:59.997492+09:00
20260815,18,徳山,10,20260815-18-10,6,4359,横川聖志,41,徳島,57.0,A2,5.42,36.05,4.24,23.81,47,40.7,45,33.33,,6,https://www1.mbrace.or.jp/od2/B/202608/b260815.lzh,2026-10-03T18:31:59.997492+09:00
20260815,18,徳山,11,20260815-18-11,1,3350,藤本佳史,58,山口,55.0,B1,5.01,32.26,5.61,34.21,26,38.75,70,29.26,,6,https://www1.mbrace.or.jp/od2/B/202608/b260815.lzh,2026-10-03T18:31:59.997492+09:00
20260815,18,徳山,11,20260815-18-11,2,5163,清水愛海,26,山口,45.0,A1,6.52,49.46,6.03,38.33,35,36.14,38,39.78,,3,https://www1.mbrace.or.jp/od2/B/202608/b260815.lzh,2026-10-03T18:31:59.997492+09:00
20260815,18,徳山,11,20260815-18-11,3,4390,松本弓雄,40,徳島,53.0,B1,4.1,17.76,3.83,16.67,13,42.03,47,33.51,,2,https://www1.mbrace.or.jp/od2/B/202608/b260815.lzh,2026-10-03T18:31:59.997492+09:00
20260815,18,徳山,11,20260815-18-11,4,3915,繁野谷圭,52,大阪,52.0,A2,5.89,38.61,5.23,30.77,48,36.36,21,24.31,,5,https://www1.mbrace.or.jp/od2/B/202608/b260815.lzh,2026-10-03T18:31:59.997492+09:00
20260815,18,徳山,11,20260815-18-11,5,5406,小畑楓夏,21,山口,53.0,B2,1.55,1.06,1.02,0.0,49,26.92,24,35.29,,7,https://www1.mbrace.or.jp/od2/B/202608/b260815.lzh,2026-10-03T18:31:59.997492+09:00
20260815,18,徳山,11,20260815-18-11,6,4890,石川諒,37,山口,53.0,A2,6.1,40.0,5.86,43.06,19,49.37,30,36.22,,4,https://www1.mbrace.or.jp/od2/B/202608/b260815.lzh,2026-10-03T18:31:59.997492+09:00
20260815,18,徳山,12,20260815-18-12,1,3897,白井英治,49,山口,54.0,A1,7.6,47.66,7.99,58.33,12,37.18,56,28.49,,7,https://www1.mbrace.or.jp/od2/B/202608/b260815.lzh,2026-10-03T18:31:59.997492+09:00
20260815,18,徳山,12,20260815-18-12,2,4108,吉村正明,46,山口,51.0,A1,6.1,45.56,6.11,42.34,55,38.75,51,35.29,,8,https://www1.mbrace.or.jp/od2/B/202608/b260815.lzh,2026-10-03T18:31:59.997492+09:00
20260815,18,徳山,12,20260815-18-12,3,4239,竹田辰也,42,山口,53.0,A1,6.5,53.0,6.25,43.59,36,30.43,44,37.1,,6,https://www1.mbrace.or.jp/od2/B/202608/b260815.lzh,2026-10-03T18:31:59.997492+09:00
20260815,18,徳山,12,20260815-18-12,4,4324,海野康志,38,山口,63.0,A1,7.19,53.85,7.32,59.46,14,39.13,18,37.97,,3,https://www1.mbrace.or.jp/od2/B/202608/b260815.lzh,2026-10-03T18:31:59.997492+09:00
20260815,18,徳山,12,20260815-18-12,5,4601,森野正弘,41,山口,55.0,A1,6.73,55.0,6.85,52.59,68,50.72,41,36.56,,4,https://www1.mbrace.or.jp/od2/B/202608/b260815.lzh,2026-10-03T18:31:59.997492+09:00
20260815,18,徳山,12,20260815-18-12,6,4985,井本昌也,29,山口,52.0,A1,6.65,50.79,6.42,52.53,56,37.18,42,29.41,,5,https://www1.mbrace.or.jp/od2/B/202608/b260815.lzh,2026-10-03T18:31:59.997492+09:00
20260815,17,宮島,1,20260815-17-01,1,4574,東潤樹,37,広島,53.0,A2,5.34,35.0,5.65,40.74,55,35.32,66,34.3,2,11,https://www1.mbrace.or.jp/od2/B/202608/b260815.lzh,2026-10-03T18:31:59.997492+09:00
20260815,17,宮島,1,20260815-17-01,2,3212,亀本勇樹,64,広島,59.0,B1,4.48,21.84,4.77,25.25,71,33.68,16,38.25,5,8,https://www1.mbrace.or.jp/od2/B/202608/b260815.lzh,2026-10-03T18:31:59.997492+09:00
20260815,17,宮島,1,20260815-17-01,3,4429,豊田泰洋,40,広島,61.0,B1,3.45,13.1,4.43,23.08,58,42.79,20,29.47,6,6,https://www1.mbrace.or.jp/od2/B/202608/b260815.lzh,2026-10-03T18:31:59.997492+09:00
20260815,17,宮島,1,20260815-17-01,4,4978,山田和佐,32,広島,54.0,B1,4.8,26.04,4.46,25.0,33,34.56,18,37.17,1,7,https://www1.mbrace.or.jp/od2/B/202608/b260815.lzh,2026-10-03T18:31:59.997492+09:00
20260815,17,宮島,1,20260815-17-01,5,3454,井川大作,55,岡山,56.0,B1,5.48,38.64,5.33,16.67,32,42.92,71,34.05,5,10,https://www1.mbrace.or.jp/od2/B/202608/b260815.lzh,2026-10-03T18:31:59.997492+09:00
20260815,17,宮島,1,20260815-17-01,6,3516,吉原聖人,58,広島,51.0,B1,4.75,34.67,3.53,20.0,57,39.07,79,31.61,4,9,https://www1.mbrace.or.jp/od2/B/202608/b260815.lzh,2026-10-03T18:31:59.997492+09:00
20260815,17,宮島,2,20260815-17-02,1,4811,向井田佑,37,広島,51.0,B1,4.98,29.36,5.23,31.9,30,40.74,60,30.13,2,9,https://www1.mbrace.or.jp/od2/B/202608/b260815.lzh,2026-10-03T18:31:59.997492+09:00
20260815,17,宮島,2,20260815-17-02,2,4163,山崎裕司,44,広島,52.0,A2,5.58,38.79,5.49,37.31,62,29.91,64,30.8,5,12,https://www1.mbrace.or.jp/od2/B/202608/b260815.lzh,2026-10-03T18:31:59.997492+09:00
20260815,17,宮島,2,20260815-17-02,3,3775,泉啓文,51,岡山,59.0,B1,3.69,15.63,5.08,30.77,29,33.5,58,36.32,4,8,https://www1.mbrace.or.jp/od2/B/202608/b260815.lzh,2026-10-03T18:31:59.997492+09:00
20260815,17,宮島,2,20260815-17-02,4,4111,奥田誠,46,広島,56.0,A2,5.72,40.78,5.74,37.18,82,33.0,53,31.88,6,11,https://www1.mbrace.or.jp/od2/B/202608/b260815.lzh,2026-10-03T18:31:59.997492+09:00
20260815,17,宮島,2,20260815-17-02,5,4816,村松修二,35,広島,56.0,A2,5.38,33.65,6.23,47.13,16,33.33,57,35.47,11,10,https://www1.mbrace.or.jp/od2/B/202608/b260815.lzh,2026-10-03T18:31:59.997492+09:00
20260815,17,宮島,2,20260815-17-02,6,4458,抹香雄三,40,広島,54.0,B1,5.35,30.39,4.64,30.85,78,29.56,74,31.96,6,7,https://www1.mbrace.or.jp/od2/B/202608/b260815.lzh,2026-10-03T18:31:59.997492+09:00
20260815,17,宮島,3,20260815-17-03,1,4873,蒲原健太,32,佐賀,53.0,B1,5.28,33.61,5.06,28.57,38,48.88,12,38.61,S,9,https://www1.mbrace.or.jp/od2/B/202608/b260815.lzh,2026-10-03T18:31:59.997492+09:00
20260815,17,宮島,3,20260815-17-03,2,3797,岩井繁,53,広島,61.0,B1,3.72,13.64,4.35,20.49,70,33.68,59,36.23,4,10,https://www1.mbrace.or.jp/od2/B/202608/b260815.lzh,2026-10-03T18:31:59.997492+09:00
20260815,17,宮島,3,20260815-17-03,3,4563,齋藤真之,38,岡山,54.0,B1,4.08,23.68,4.15,23.08,66,40.82,73,35.51,65,,https://www1.mbrace.or.jp/od2/B/202608/b260815.lzh,2026-10-03T18:31:59.997492+09:00
20260815,17,宮島,3,20260815-17-03,4,4411,沢田昭宏,40,大阪,56.0,A2,5.67,38.24,4.83,27.5,65,41.44,77,35.51,1,11,https://www1.mbrace.or.jp/od2/B/202608/b260815.lzh,2026-10-03T18:31:59.997492+09:00
20260815,17,宮島,3,20260815-17-03,5,4682,大上卓人,35,広島,53.0,A1,7.19,47.71,7.3,55.74,24,35.86,67,34.35,24,12,https://www1.mbrace.or.jp/od2/B/202608/b260815.lzh,2026-10-03T18:31:59.997492+09:00
20260815,17,宮島,3,20260815-17-03,6,5243,三馬崇史,25,広島,54.0,B1,5.52,37.63,4.84,30.92,60,34.98,78,39.41,2,8,https://www1.mbrace.or.jp/od2/B/202608/b260815.lzh,2026-10-03T18:31:59.997492+09:00
20260815,17,宮島,4,20260815-17-04,1,5236,小宮涼雅,27,広島,53.0,B1,4.4,23.58,3.96,21.74,81,30.93,36,33.93,63,,https://www1.mbrace.or.jp/od2/B/202608/b260815.lzh,2026-10-03T18:31:59.997492+09:00
20260815,17,宮島,4,20260815-17-04,2,5222,津田陸翔,25,広島,51.0,A1,6.19,45.95,5.79,38.22,53,31.53,56,33.03,56,11,https://www1.mbrace.or.jp/od2/B/202608/b260815.lzh,2026-10-03T18:31:59.997492+09:00
20260815,17,宮島,4,20260815-17-04,3,3614,谷勝幸,53,広島,55.0,B1,4.24,21.74,4.77,29.52,15,34.74,19,40.0,13,,https://www1.mbrace.or.jp/od2/B/202608/b260815.lzh,2026-10-03T18:31:59.997492+09:00
20260815,17,宮島,4,20260815-17-04,4,3615,横田茂,53,広島,51.0,B1,4.55,30.77,4.85,31.45,23,32.67,72,41.18,3,10,https://www1.mbrace.or.jp/od2/B/202608/b260815.lzh,2026-10-03T18:31:59.997492+09:00
20260815,17,宮島,4,20260815-17-04,5,5015,高橋竜矢,28,広島,53.0,A1,6.83,54.37,6.77,50.45,51,38.21,65,29.68,25,12,https://www1.mbrace.or.jp/od2/B/202608/b260815.lzh,2026-10-03T18:31:59.997492+09:00
20260815,17,宮島,4,20260815-17-04,6,3643,米田隆弘,54,岡山,54.0,B1,5.48,34.94,4.8,30.0,80,30.0,27,37.57,3,9,https://www1.mbrace.or.jp/od2/B/202608/b260815.lzh,2026-10-03T18:31:59.997492+09:00
20260815,17,宮島,5,20260815-17-05,1,4292,麻生慎介,41,広島,53.0,A1,6.38,41.82,6.49,46.62,19,31.96,24,30.35,2,10,https://www1.mbrace.or.jp/od2/B/202608/b260815.lzh,2026-10-03T18:31:59.997492+09:00
20260815,17,宮島,5,20260815-17-05,2,3054,北川幸典,63,広島,55.0,B1,5.6,34.41,5.81,43.69,52,34.67,69,29.44,63,,https://www1.mbrace.or.jp/od2/B/202608/b260815.lzh,2026-10-03T18:31:59.997492+09:00
20260815,17,宮島,5,20260815-17-05,3,3430,角浜修,58,広島,52.0,B1,4.26,24.18,4.63,28.46,67,33.94,17,42.71,43,,https://www1.mbrace.or.jp/od2/B/202608/b260815.lzh,2026-10-03T18:31:59.997492+09:00
20260815,17,宮島,5,20260815-17-05,4,5134,大原祥昌,27,広島,54.0,A2,5.48,40.66,5.64,36.68,17,41.12,68,35.02,1,12,https://www1.mbrace.or.jp/od2/B/202608/b260815.lzh,2026-10-03T18:31:59.997492+09:00
20260815,17,宮島,5,20260815-17-05,5,3708,岡部貴司,52,岡山,57.0,B1,5.27,32.47,4.91,34.78,13,28.73,23,32.63,54,,https://www1.mbrace.or.jp/od2/B/202608/b260815.lzh,2026-10-03T18:31:59.997492+09:00
20260815,17,宮島,5,20260815-17-05,6,4771,下寺秀和,33,広島,55.0,A1,7.27,59.17,6.78,50.94,79,35.5,81,29.94,16,11,https://www1.mbrace.or.jp/od2/B/202608/b260815.lzh,2026-10-03T18:31:59.997492+09:00
20260815,17,宮島,6,20260815-17-06,1,4835,橋本明,38,広島,53.0,B1,4.99,26.42,4.99,23.96,63,32.85,50,30.13,42,,https://www1.mbrace.or.jp/od2/B/202608/b260815.lzh,2026-10-03T18:31:59.997492+09:00
20260815,17,宮島,6,20260815-17-06,2,4429,豊田泰洋,40,広島,61.0,B1,3.45,13.1,4.43,23.08,58,42.79,20,29.47,6,1,https://www1.mbrace.or.jp/od2/B/202608/b260815.lzh,2026-10-03T18:31:59.997492+09:00
20260815,17,宮島,6,20260815-17-06,3,3499,市川哲也,57,広島,53.0,A1,5.59,34.95,6.62,52.68,59,30.61,13,37.11,44,12,https://www1.mbrace.or.jp/od2/B/202608/b260815.lzh,2026-10-03T18:31:59.997492+09:00
20260815,17,宮島,6,20260815-17-06,4,3719,辻栄蔵,51,広島,52.0,A1,6.78,42.86,7.22,56.73,61,34.76,32,35.16,12,11,https://www1.mbrace.or.jp/od2/B/202608/b260815.lzh,2026-10-03T18:31:59.997492+09:00
20260815,17,宮島,6,20260815-17-06,5,5372,上岡巧汰,23,広島,52.0,B2,2.02,1.56,1.47,0.0,11,38.83,39,34.6,56,,https://www1.mbrace.or.jp/od2/B/202608/b260815.lzh,2026-10-03T18:31:59.997492+09:00
20260815,17,宮島,6,20260815-17-06,6,5206,梅原祥平,29,岡山,52.0,B1,4.45,20.73,3.93,23.33,56,34.13,80,30.05,34,,https://www1.mbrace.or.jp/od2/B/202608/b260815.lzh,2026-10-03T18:31:59.997492+09:00
20260815,17,宮島,7,20260815-17-07,1,3300,川崎智幸,59,岡山,54.0,A2,5.93,42.86,6.05,40.54,27,30.73,63,37.68,4,12,https://www1.mbrace.or.jp/od2/B/202608/b260815.lzh,2026-10-03T18:31:59.997492+09:00
20260815,17,宮島,7,20260815-17-07,2,4458,抹香雄三,40,広島,54.0,B1,5.35,30.39,4.64,30.85,78,29.56,74,31.96,6,2,https://www1.mbrace.or.jp/od2/B/202608/b260815.lzh,2026-10-03T18:31:59.997492+09:00
20260815,17,宮島,7,20260815-17-07,3,4434,田中辰彦,40,広島,55.0,A2,6.16,48.94,6.12,42.94,21,39.53,37,38.36,33,,https://www1.mbrace.or.jp/od2/B/202608/b260815.lzh,2026-10-03T18:31:59.997492+09:00
20260815,17,宮島,7,20260815-17-07,4,4423,坂口貴彦,37,岡山,56.0,B1,6.03,41.58,5.08,37.5,36,33.79,75,29.3,22,,https://www1.mbrace.or.jp/od2/B/202608/b260815.lzh,2026-10-03T18:31:59.997492+09:00
20260815,17,宮島,7,20260815-17-07,5,4978,山田和佐,32,広島,54.0,B1,4.8,26.04,4.46,25.0,33,34.56,18,37.17,1,1,https://www1.mbrace.or.jp/od2/B/202608/b260815.lzh,2026-10-03T18:31:59.997492+09:00
20260815,17,宮島,7,20260815-17-07,6,3663,木山和幸,56,広島,50.0,B1,5.35,36.89,5.63,37.82,34,36.18,21,31.82,24,,https://www1.mbrace.or.jp/od2/B/202608/b260815.lzh,2026-10-03T18:31:59.997492+09:00
20260815,17,宮島,8,20260815-17-08,1,3775,泉啓文,51,岡山,59.0,B1,3.69,15.63,5.08,30.77,29,33.5,58,36.32,4,2,https://www1.mbrace.or.jp/od2/B/202608/b260815.lzh,2026-10-03T18:31:59.997492+09:00
20260815,17,宮島,8,20260815-17-08,2,4112,大久保信,46,佐賀,53.0,A2,5.36,37.11,5.21,31.58,72,46.92,51,36.84,31,,https://www1.mbrace.or.jp/od2/B/202608/b260815.lzh,2026-10-03T18:31:59.997492+09:00
20260815,17,宮島,8,20260815-17-08,3,4471,新田泰章,39,広島,52.0,A1,6.26,44.03,6.36,46.72,73,29.24,22,33.48,55,,https://www1.mbrace.or.jp/od2/B/202608/b260815.lzh,2026-10-03T18:31:59.997492+09:00
20260815,17,宮島,8,20260815-17-08,4,5243,三馬崇史,25,広島,54.0,B1,5.52,37.63,4.84,30.92,60,34.98,78,39.41,2,3,https://www1.mbrace.or.jp/od2/B/202608/b260815.lzh,2026-10-03T18:31:59.997492+09:00
20260815,17,宮島,8,20260815-17-08,5,3212,亀本勇樹,64,広島,59.0,B1,4.48,21.84,4.77,25.25,71,33.68,16,38.25,5,1,https://www1.mbrace.or.jp/od2/B/202608/b260815.lzh,2026-10-03T18:31:59.997492+09:00
20260815,17,宮島,8,20260815-17-08,6,4416,三宅健太,39,広島,55.0,B1,5.43,36.96,5.1,32.67,25,37.9,35,37.96,35,,https://www1.mbrace.or.jp/od2/B/202608/b260815.lzh,2026-10-03T18:31:59.997492+09:00
20260815,17,宮島,9,20260815-17-09,1,4302,西野翔太,43,広島,53.0,A1,6.6,50.88,6.54,46.07,39,33.33,29,45.18,52,,https://www1.mbrace.or.jp/od2/B/202608/b260815.lzh,2026-10-03T18:31:59.997492+09:00
20260815,17,宮島,9,20260815-17-09,2,3516,吉原聖人,58,広島,51.0,B1,4.75,34.67,3.53,20.0,57,39.07,79,31.61,4,1,https://www1.mbrace.or.jp/od2/B/202608/b260815.lzh,2026-10-03T18:31:59.997492+09:00
20260815,17,宮島,9,20260815-17-09,3,3643,米田隆弘,54,岡山,54.0,B1,5.48,34.94,4.8,30.0,80,30.0,27,37.57,3,4,https://www1.mbrace.or.jp/od2/B/202608/b260815.lzh,2026-10-03T18:31:59.997492+09:00
20260815,17,宮島,9,20260815-17-09,4,4873,蒲原健太,32,佐賀,53.0,B1,5.28,33.61,5.06,28.57,38,48.88,12,38.61,S,3,https://www1.mbrace.or.jp/od2/B/202608/b260815.lzh,2026-10-03T18:31:59.997492+09:00
20260815,17,宮島,9,20260815-17-09,5,4811,向井田佑,37,広島,51.0,B1,4.98,29.36,5.23,31.9,30,40.74,60,30.13,2,2,https://www1.mbrace.or.jp/od2/B/202608/b260815.lzh,2026-10-03T18:31:59.997492+09:00
20260815,17,宮島,9,20260815-17-09,6,4398,船岡洋一,39,広島,52.0,A1,6.59,50.45,6.64,48.98,54,35.65,76,35.16,13,,https://www1.mbrace.or.jp/od2/B/202608/b260815.lzh,2026-10-03T18:31:59.997492+09:00
20260815,17,宮島,10,20260815-17-10,1,3454,井川大作,55,岡山,56.0,B1,5.48,38.64,5.33,16.67,32,42.92,71,34.05,5,1,https://www1.mbrace.or.jp/od2/B/202608/b260815.lzh,2026-10-03T18:31:59.997492+09:00
20260815,17,宮島,10,20260815-17-10,2,4816,村松修二,35,広島,56.0,A2,5.38,33.65,6.23,47.13,16,33.33,57,35.47,11,2,https://www1.mbrace.or.jp/od2/B/202608/b260815.lzh,2026-10-03T18:31:59.997492+09:00
20260815,17,宮島,10,20260815-17-10,3,4292,麻生慎介,41,広島,53.0,A1,6.38,41.82,6.49,46.62,19,31.96,24,30.35,2,5,https://www1.mbrace.or.jp/od2/B/202608/b260815.lzh,2026-10-03T18:31:59.997492+09:00
20260815,17,宮島,10,20260815-17-10,4,4205,山口剛,43,広島,54.0,A1,7.86,52.75,8.11,72.07,37,41.63,62,43.39,11,,https://www1.mbrace.or.jp/od2/B/202608/b260815.lzh,2026-10-03T18:31:59.997492+09:00
20260815,17,宮島,10,20260815-17-10,5,3797,岩井繁,53,広島,61.0,B1,3.72,13.64,4.35,20.49,70,33.68,59,36.23,4,3,https://www1.mbrace.or.jp/od2/B/202608/b260815.lzh,2026-10-03T18:31:59.997492+09:00
20260815,17,宮島,10,20260815-17-10,6,3615,横田茂,53,広島,51.0,B1,4.55,30.77,4.85,31.45,23,32.67,72,41.18,3,4,https://www1.mbrace.or.jp/od2/B/202608/b260815.lzh,2026-10-03T18:31:59.997492+09:00
20260815,17,宮島,11,20260815-17-11,1,3719,辻栄蔵,51,広島,52.0,A1,6.78,42.86,7.22,56.73,61,34.76,32,35.16,12,6,https://www1.mbrace.or.jp/od2/B/202608/b260815.lzh,2026-10-03T18:31:59.997492+09:00
20260815,17,宮島,11,20260815-17-11,2,4111,奥田誠,46,広島,56.0,A2,5.72,40.78,5.74,37.18,82,33.0,53,31.88,6,2,https://www1.mbrace.or.jp/od2/B/202608/b260815.lzh,2026-10-03T18:31:59.997492+09:00
20260815,17,宮島,11,20260815-17-11,3,4411,沢田昭宏,40,大阪,56.0,A2,5.67,38.24,4.83,27.5,65,41.44,77,35.51,1,3,https://www1.mbrace.or.jp/od2/B/202608/b260815.lzh,2026-10-03T18:31:59.997492+09:00
20260815,17,宮島,11,20260815-17-11,4,4771,下寺秀和,33,広島,55.0,A1,7.27,59.17,6.78,50.94,79,35.5,81,29.94,16,5,https://www1.mbrace.or.jp/od2/B/202608/b260815.lzh,2026-10-03T18:31:59.997492+09:00
20260815,17,宮島,11,20260815-17-11,5,4574,東潤樹,37,広島,53.0,A2,5.34,35.0,5.65,40.74,55,35.32,66,34.3,2,1,https://www1.mbrace.or.jp/od2/B/202608/b260815.lzh,2026-10-03T18:31:59.997492+09:00
20260815,17,宮島,11,20260815-17-11,6,5222,津田陸翔,25,広島,51.0,A1,6.19,45.95,5.79,38.22,53,31.53,56,33.03,56,4,https://www1.mbrace.or.jp/od2/B/202608/b260815.lzh,2026-10-03T18:31:59.997492+09:00
20260815,17,宮島,12,20260815-17-12,1,4682,大上卓人,35,広島,53.0,A1,7.19,47.71,7.3,55.74,24,35.86,67,34.35,24,3,https://www1.mbrace.or.jp/od2/B/202608/b260815.lzh,2026-10-03T18:31:59.997492+09:00
20260815,17,宮島,12,20260815-17-12,2,5134,大原祥昌,27,広島,54.0,A2,5.48,40.66,5.64,36.68,17,41.12,68,35.02,1,5,https://www1.mbrace.or.jp/od2/B/202608/b260815.lzh,2026-10-03T18:31:59.997492+09:00
20260815,17,宮島,12,20260815-17-12,3,3300,川崎智幸,59,岡山,54.0,A2,5.93,42.86,6.05,40.54,27,30.73,63,37.68,4,7,https://www1.mbrace.or.jp/od2/B/202608/b260815.lzh,2026-10-03T18:31:59.997492+09:00
20260815,17,宮島,12,20260815-17-12,4,5015,高橋竜矢,28,広島,53.0,A1,6.83,54.37,6.77,50.45,51,38.21,65,29.68,25,4,https://www1.mbrace.or.jp/od2/B/202608/b260815.lzh,2026-10-03T18:31:59.997492+09:00
20260815,17,宮島,12,20260815-17-12,5,4163,山崎裕司,44,広島,52.0,A2,5.58,38.79,5.49,37.31,62,29.91,64,30.8,5,2,https://www1.mbrace.or.jp/od2/B/202608/b260815.lzh,2026-10-03T18:31:59.997492+09:00
20260815,17,宮島,12,20260815-17-12,6,3499,市川哲也,57,広島,53.0,A1,5.59,34.95,6.62,52.68,59,30.61,13,37.11,44,6,https://www1.mbrace.or.jp/od2/B/202608/b260815.lzh,2026-10-03T18:31:59.997492+09:00
20260815,12,住之江,1,20260815-12-01,1,3882,新田智彰,53,大阪,55.0,B1,4.27,17.05,4.64,29.55,60,42.7,67,41.33,665,5,https://www1.mbrace.or.jp/od2/B/202608/b260815.lzh,2026-10-03T18:31:59.997492+09:00
20260815,12,住之江,1,20260815-12-01,2,4311,岡村仁,42,大阪,58.0,A1,6.62,50.98,6.71,48.95,23,28.57,20,33.33,452,10,https://www1.mbrace.or.jp/od2/B/202608/b260815.lzh,2026-10-03T18:31:59.997492+09:00
20260815,12,住之江,1,20260815-12-01,3,4319,三宅潤,41,大阪,53.0,A2,5.52,33.33,5.64,36.99,29,44.58,55,39.29,555,6,https://www1.mbrace.or.jp/od2/B/202608/b260815.lzh,2026-10-03T18:31:59.997492+09:00
20260815,12,住之江,1,20260815-12-01,4,4959,井上忠政,30,大阪,53.0,A1,7.43,54.87,6.77,50.57,28,28.26,11,31.76,3 11,11,https://www1.mbrace.or.jp/od2/B/202608/b260815.lzh,2026-10-03T18:31:59.997492+09:00
20260815,12,住之江,1,20260815-12-01,5,4639,雑賀勇貴,35,大阪,54.0,B1,4.29,22.58,4.62,28.57,18,27.27,37,34.25,544,7,https://www1.mbrace.or.jp/od2/B/202608/b260815.lzh,2026-10-03T18:31:59.997492+09:00
20260815,12,住之江,1,20260815-12-01,6,5450,藤本遼磨,23,大阪,52.0,B2,2.18,2.5,1.63,0.0,26,32.5,14,32.18,5 6,8,https://www1.mbrace.or.jp/od2/B/202608/b260815.lzh,2026-10-03T18:31:59.997492+09:00
20260815,12,住之江,2,20260815-12-02,1,5036,福田翔吾,28,大阪,53.0,B1,5.13,31.43,5.05,35.11,79,36.78,13,35.62,6 23,7,https://www1.mbrace.or.jp/od2/B/202608/b260815.lzh,2026-10-03T18:31:59.997492+09:00
20260815,12,住之江,2,20260815-12-02,2,5267,石本裕武,26,大阪,51.0,A1,6.53,50.0,6.42,47.06,58,36.05,72,32.14,116,11,https://www1.mbrace.or.jp/od2/B/202608/b260815.lzh,2026-10-03T18:31:59.997492+09:00
20260815,12,住之江,2,20260815-12-02,3,4834,浜本裕己,38,大阪,51.0,A2,5.45,36.36,5.17,32.14,74,33.73,33,42.67,643,12,https://www1.mbrace.or.jp/od2/B/202608/b260815.lzh,2026-10-03T18:31:59.997492+09:00
20260815,12,住之江,2,20260815-12-02,4,5393,藤原駿,25,大阪,56.0,B2,1.43,0.0,1.48,0.0,61,36.59,83,33.75,6 6,6,https://www1.mbrace.or.jp/od2/B/202608/b260815.lzh,2026-10-03T18:31:59.997492+09:00
20260815,12,住之江,2,20260815-12-02,5,3977,山本兼士,49,大阪,53.0,B1,4.21,15.79,5.02,26.67,71,38.55,90,31.33,535,9,https://www1.mbrace.or.jp/od2/B/202608/b260815.lzh,2026-10-03T18:31:59.997492+09:00
20260815,12,住之江,2,20260815-12-02,6,4561,藤山翔大,35,大阪,53.0,A2,5.71,41.12,5.96,45.88,20,50.62,29,36.9,4 F6,,https://www1.mbrace.or.jp/od2/B/202608/b260815.lzh,2026-10-03T18:31:59.997492+09:00
20260815,12,住之江,3,20260815-12-03,1,4934,佐々木翔,30,大阪,56.0,A2,5.16,29.55,5.48,38.33,82,38.2,17,47.89,314,11,https://www1.mbrace.or.jp/od2/B/202608/b260815.lzh,2026-10-03T18:31:59.997492+09:00
20260815,12,住之江,3,20260815-12-03,2,4905,土井祥伍,31,大阪,54.0,B1,4.63,23.08,4.1,20.0,11,43.37,85,32.47,565,7,https://www1.mbrace.or.jp/od2/B/202608/b260815.lzh,2026-10-03T18:31:59.997492+09:00
20260815,12,住之江,3,20260815-12-03,3,4907,小池修平,31,大阪,53.0,A1,7.39,57.02,6.67,50.38,54,37.65,68,29.76,5 34,10,https://www1.mbrace.or.jp/od2/B/202608/b260815.lzh,2026-10-03T18:31:59.997492+09:00
20260815,12,住之江,3,20260815-12-03,4,4377,濱本優一,42,大阪,49.0,A1,5.41,38.24,5.38,34.91,56,33.75,58,32.35,3 35,,https://www1.mbrace.or.jp/od2/B/202608/b260815.lzh,2026-10-03T18:31:59.997492+09:00
20260815,12,住之江,3,20260815-12-03,5,3507,藤井徹,55,大阪,51.0,B1,4.19,24.66,4.71,23.81,67,31.76,21,36.25,1 54,,https://www1.mbrace.or.jp/od2/B/202608/b260815.lzh,2026-10-03T18:31:59.997492+09:00
20260815,12,住之江,3,20260815-12-03,6,5467,野村羽玖,19,大阪,49.0,B2,2.47,0.0,1.38,0.0,53,35.44,63,32.08,4 66,,https://www1.mbrace.or.jp/od2/B/202608/b260815.lzh,2026-10-03T18:31:59.997492+09:00
20260815,12,住之江,4,20260815-12-04,1,4572,渡部悟,38,大阪,55.0,B1,5.59,36.28,4.77,28.21,32,32.56,50,35.63,2 22,,https://www1.mbrace.or.jp/od2/B/202608/b260815.lzh,2026-10-03T18:31:59.997492+09:00
20260815,12,住之江,4,20260815-12-04,2,5325,澁川夏,23,大阪,51.0,B1,6.01,42.7,3.54,12.6,34,29.41,51,38.2,251,,https://www1.mbrace.or.jp/od2/B/202608/b260815.lzh,2026-10-03T18:31:59.997492+09:00
20260815,12,住之江,4,20260815-12-04,3,3963,原田秀弥,47,大阪,52.0,A2,5.81,36.61,6.17,46.67,24,46.43,77,32.0,163,8,https://www1.mbrace.or.jp/od2/B/202608/b260815.lzh,2026-10-03T18:31:59.997492+09:00
20260815,12,住之江,4,20260815-12-04,4,4760,山崎郡,36,大阪,52.0,A1,7.44,50.77,7.01,47.56,16,33.71,59,43.84,122,12,https://www1.mbrace.or.jp/od2/B/202608/b260815.lzh,2026-10-03T18:31:59.997492+09:00
20260815,12,住之江,4,20260815-12-04,5,5289,佃來紀,25,大阪,52.0,A2,5.89,41.12,4.17,18.02,35,35.0,89,31.94,5 22,,https://www1.mbrace.or.jp/od2/B/202608/b260815.lzh,2026-10-03T18:31:59.997492+09:00
20260815,12,住之江,4,20260815-12-04,6,5463,出口飛龍,19,大阪,54.0,B2,1.07,0.0,1.14,0.0,17,43.04,80,36.11,6 46,,https://www1.mbrace.or.jp/od2/B/202608/b260815.lzh,2026-10-03T18:31:59.997492+09:00
20260815,12,住之江,5,20260815-12-05,1,4436,渋谷明憲,40,大阪,52.0,A1,6.32,47.78,6.23,44.63,70,39.51,71,33.78,222,9,https://www1.mbrace.or.jp/od2/B/202608/b260815.lzh,2026-10-03T18:31:59.997492+09:00
20260815,12,住之江,5,20260815-12-05,2,5046,松山裕基,32,大阪,55.0,B1,3.85,16.0,4.41,22.0,33,35.37,75,38.36,453,10,https://www1.mbrace.or.jp/od2/B/202608/b260815.lzh,2026-10-03T18:31:59.997492+09:00
20260815,12,住之江,5,20260815-12-05,3,5302,秋末秦悟,23,大阪,52.0,B1,3.96,22.54,2.48,9.57,73,39.02,87,35.37,5 34,,https://www1.mbrace.or.jp/od2/B/202608/b260815.lzh,2026-10-03T18:31:59.997492+09:00
20260815,12,住之江,5,20260815-12-05,4,3882,新田智彰,53,大阪,55.0,B1,4.27,17.05,4.64,29.55,60,42.7,67,41.33,665,1,https://www1.mbrace.or.jp/od2/B/202608/b260815.lzh,2026-10-03T18:31:59.997492+09:00
20260815,12,住之江,5,20260815-12-05,5,5376,吉田一心,22,大阪,51.0,B1,5.35,37.23,4.5,25.71,38,48.05,30,40.58,1 15,,https://www1.mbrace.or.jp/od2/B/202608/b260815.lzh,2026-10-03T18:31:59.997492+09:00
20260815,12,住之江,5,20260815-12-05,6,4719,上條暢嵩,32,大阪,50.0,A1,7.41,44.95,7.58,56.99,30,20.69,79,33.82,1 41,12,https://www1.mbrace.or.jp/od2/B/202608/b260815.lzh,2026-10-03T18:31:59.997492+09:00
20260815,12,住之江,6,20260815-12-06,1,4319,三宅潤,41,大阪,53.0,A2,5.52,33.33,5.64,36.99,29,44.58,55,39.29,555,1,https://www1.mbrace.or.jp/od2/B/202608/b260815.lzh,2026-10-03T18:31:59.997492+09:00
20260815,12,住之江,6,20260815-12-06,2,4826,井上一輝,32,大阪,52.0,A1,6.98,52.68,6.68,44.03,69,36.14,76,33.33,314,10,https://www1.mbrace.or.jp/od2/B/202608/b260815.lzh,2026-10-03T18:31:59.997492+09:00
20260815,12,住之江,6,20260815-12-06,3,3997,北村征嗣,47,大阪,52.0,A1,6.15,40.32,5.93,40.5,25,33.75,78,31.17,143,12,https://www1.mbrace.or.jp/od2/B/202608/b260815.lzh,2026-10-03T18:31:59.997492+09:00
20260815,12,住之江,6,20260815-12-06,4,4659,木下翔太,35,大阪,53.0,A1,7.62,54.55,6.74,47.22,52,33.75,16,30.23,2 52,11,https://www1.mbrace.or.jp/od2/B/202608/b260815.lzh,2026-10-03T18:31:59.997492+09:00
20260815,12,住之江,6,20260815-12-06,5,5393,藤原駿,25,大阪,56.0,B2,1.43,0.0,1.48,0.0,61,36.59,83,33.75,6 6,2,https://www1.mbrace.or.jp/od2/B/202608/b260815.lzh,2026-10-03T18:31:59.997492+09:00
20260815,12,住之江,6,20260815-12-06,6,4631,新井英孝,39,大阪,53.0,B1,4.96,33.33,4.88,26.74,64,55.42,32,38.75,46F6,,https://www1.mbrace.or.jp/od2/B/202608/b260815.lzh,2026-10-03T18:31:59.997492+09:00
20260815,12,住之江,7,20260815-12-07,1,4967,中村魁生,28,大阪,51.0,A1,6.64,46.72,6.19,42.86,57,46.34,73,37.5,3 35,,https://www1.mbrace.or.jp/od2/B/202608/b260815.lzh,2026-10-03T18:31:59.997492+09:00
20260815,12,住之江,7,20260815-12-07,2,4639,雑賀勇貴,35,大阪,54.0,B1,4.29,22.58,4.62,28.57,18,27.27,37,34.25,544,1,https://www1.mbrace.or.jp/od2/B/202608/b260815.lzh,2026-10-03T18:31:59.997492+09:00
20260815,12,住之江,7,20260815-12-07,3,4168,石野貴之,44,大阪,53.0,A1,6.8,46.94,6.7,47.47,39,37.93,24,38.67,4 16,,https://www1.mbrace.or.jp/od2/B/202608/b260815.lzh,2026-10-03T18:31:59.997492+09:00
20260815,12,住之江,7,20260815-12-07,4,3415,松井繁,56,大阪,52.0,A1,7.17,44.63,7.38,52.87,51,43.37,36,32.35,231,12,https://www1.mbrace.or.jp/od2/B/202608/b260815.lzh,2026-10-03T18:31:59.997492+09:00
20260815,12,住之江,7,20260815-12-07,5,5036,福田翔吾,28,大阪,53.0,B1,5.13,31.43,5.05,35.11,79,36.78,13,35.62,6 23,2,https://www1.mbrace.or.jp/od2/B/202608/b260815.lzh,2026-10-03T18:31:59.997492+09:00
20260815,12,住之江,7,20260815-12-07,6,4905,土井祥伍,31,大阪,54.0,B1,4.63,23.08,4.1,20.0,11,43.37,85,32.47,565,3,https://www1.mbrace.or.jp/od2/B/202608/b260815.lzh,2026-10-03T18:31:59.997492+09:00
20260815,12,住之江,8,20260815-12-08,1,3963,原田秀弥,47,大阪,52.0,A2,5.81,36.61,6.17,46.67,24,46.43,77,32.0,163,4,https://www1.mbrace.or.jp/od2/B/202608/b260815.lzh,2026-10-03T18:31:59.997492+09:00
20260815,12,住之江,8,20260815-12-08,2,4044,湯川浩司,46,大阪,53.0,A1,6.77,42.86,6.43,43.38,77,37.08,88,37.33,335,,https://www1.mbrace.or.jp/od2/B/202608/b260815.lzh,2026-10-03T18:31:59.997492+09:00
20260815,12,住之江,8,20260815-12-08,3,4389,伊藤喜智,40,大阪,52.0,A2,5.55,31.87,5.27,33.33,85,37.18,81,42.65,423,12,https://www1.mbrace.or.jp/od2/B/202608/b260815.lzh,2026-10-03T18:31:59.997492+09:00
20260815,12,住之江,8,20260815-12-08,4,4427,秦英悟,40,大阪,52.0,A1,7.11,54.62,6.15,39.34,66,32.14,26,35.0,1 11,,https://www1.mbrace.or.jp/od2/B/202608/b260815.lzh,2026-10-03T18:31:59.997492+09:00
20260815,12,住之江,8,20260815-12-08,5,5450,藤本遼磨,23,大阪,52.0,B2,2.18,2.5,1.63,0.0,26,32.5,14,32.18,5 6,1,https://www1.mbrace.or.jp/od2/B/202608/b260815.lzh,2026-10-03T18:31:59.997492+09:00
20260815,12,住之江,8,20260815-12-08,6,5004,河野主樹,30,大阪,52.0,A2,5.9,39.5,5.22,32.38,37,30.95,57,34.15,4 25,,https://www1.mbrace.or.jp/od2/B/202608/b260815.lzh,2026-10-03T18:31:59.997492+09:00
20260815,12,住之江,9,20260815-12-09,1,4397,西村拓也,39,大阪,53.0,A1,7.4,60.0,6.99,47.16,80,48.19,69,39.19,123,,https://www1.mbrace.or.jp/od2/B/202608/b260815.lzh,2026-10-03T18:31:59.997492+09:00
20260815,12,住之江,9,20260815-12-09,2,4832,権藤俊光,39,大阪,51.0,A1,6.61,45.38,6.91,54.62,22,34.94,28,34.18,6 13,,https://www1.mbrace.or.jp/od2/B/202608/b260815.lzh,2026-10-03T18:31:59.997492+09:00
20260815,12,住之江,9,20260815-12-09,3,4788,小池哲也,37,大阪,54.0,A2,5.32,31.82,7.05,56.76,27,43.02,65,36.14,3 26,,https://www1.mbrace.or.jp/od2/B/202608/b260815.lzh,2026-10-03T18:31:59.997492+09:00
20260815,12,住之江,9,20260815-12-09,4,3977,山本兼士,49,大阪,53.0,B1,4.21,15.79,5.02,26.67,71,38.55,90,31.33,535,2,https://www1.mbrace.or.jp/od2/B/202608/b260815.lzh,2026-10-03T18:31:59.997492+09:00
20260815,12,住之江,9,20260815-12-09,5,4436,渋谷明憲,40,大阪,52.0,A1,6.32,47.78,6.23,44.63,70,39.51,71,33.78,222,5,https://www1.mbrace.or.jp/od2/B/202608/b260815.lzh,2026-10-03T18:31:59.997492+09:00
20260815,12,住之江,9,20260815-12-09,6,4138,中井俊祐,45,大阪,54.0,B1,5.08,33.33,5.47,33.96,14,25.84,82,50.68,236,,https://www1.mbrace.or.jp/od2/B/202608/b260815.lzh,2026-10-03T18:31:59.997492+09:00
20260815,12,住之江,10,20260815-12-10,1,4907,小池修平,31,大阪,53.0,A1,7.39,57.02,6.67,50.38,54,37.65,68,29.76,5 34,3,https://www1.mbrace.or.jp/od2/B/202608/b260815.lzh,2026-10-03T18:31:59.997492+09:00
20260815,12,住之江,10,20260815-12-10,2,4977,馬野耀,32,大阪,55.0,A2,6.25,43.56,5.88,40.22,55,41.98,31,37.8,2 44,,https://www1.mbrace.or.jp/od2/B/202608/b260815.lzh,2026-10-03T18:31:59.997492+09:00
20260815,12,住之江,10,20260815-12-10,3,4489,岩川仁士,39,大阪,54.0,B1,5.15,33.33,4.38,21.79,19,39.53,35,31.25,6624,,https://www1.mbrace.or.jp/od2/B/202608/b260815.lzh,2026-10-03T18:31:59.997492+09:00
20260815,12,住之江,10,20260815-12-10,4,4826,井上一輝,32,大阪,52.0,A1,6.98,52.68,6.68,44.03,69,36.14,76,33.33,314,6,https://www1.mbrace.or.jp/od2/B/202608/b260815.lzh,2026-10-03T18:31:59.997492+09:00
20260815,12,住之江,10,20260815-12-10,5,4311,岡村仁,42,大阪,58.0,A1,6.62,50.98,6.71,48.95,23,28.57,20,33.33,452,1,https://www1.mbrace.or.jp/od2/B/202608/b260815.lzh,2026-10-03T18:31:59.997492+09:00
20260815,12,住之江,10,20260815-12-10,6,5046,松山裕基,32,大阪,55.0,B1,3.85,16.0,4.41,22.0,33,35.37,75,38.36,453,5,https://www1.mbrace.or.jp/od2/B/202608/b260815.lzh,2026-10-03T18:31:59.997492+09:00
20260815,12,住之江,11,20260815-12-11,1,4959,井上忠政,30,大阪,53.0,A1,7.43,54.87,6.77,50.57,28,28.26,11,31.76,3 11,1,https://www1.mbrace.or.jp/od2/B/202608/b260815.lzh,2026-10-03T18:31:59.997492+09:00
20260815,12,住之江,11,20260815-12-11,2,4659,木下翔太,35,大阪,53.0,A1,7.62,54.55,6.74,47.22,52,33.75,16,30.23,2 52,6,https://www1.mbrace.or.jp/od2/B/202608/b260815.lzh,2026-10-03T18:31:59.997492+09:00
20260815,12,住之江,11,20260815-12-11,3,5267,石本裕武,26,大阪,51.0,A1,6.53,50.0,6.42,47.06,58,36.05,72,32.14,116,2,https://www1.mbrace.or.jp/od2/B/202608/b260815.lzh,2026-10-03T18:31:59.997492+09:00
20260815,12,住之江,11,20260815-12-11,4,4422,永井亮次,37,大阪,52.0,B1,4.54,25.64,4.97,26.92,84,33.33,53,32.47,341,,https://www1.mbrace.or.jp/od2/B/202608/b260815.lzh,2026-10-03T18:31:59.997492+09:00
20260815,12,住之江,11,20260815-12-11,5,4934,佐々木翔,30,大阪,56.0,A2,5.16,29.55,5.48,38.33,82,38.2,17,47.89,314,3,https://www1.mbrace.or.jp/od2/B/202608/b260815.lzh,2026-10-03T18:31:59.997492+09:00
20260815,12,住之江,11,20260815-12-11,6,4514,上條嘉嗣,36,大阪,53.0,A1,6.66,54.89,6.97,54.55,72,30.34,12,40.54,2 41,,https://www1.mbrace.or.jp/od2/B/202608/b260815.lzh,2026-10-03T18:31:59.997492+09:00
20260815,12,住之江,12,20260815-12-12,1,4760,山崎郡,36,大阪,52.0,A1,7.44,50.77,7.01,47.56,16,33.71,59,43.84,122,4,https://www1.mbrace.or.jp/od2/B/202608/b260815.lzh,2026-10-03T18:31:59.997492+09:00
20260815,12,住之江,12,20260815-12-12,2,4719,上條暢嵩,32,大阪,50.0,A1,7.41,44.95,7.58,56.99,30,20.69,79,33.82,1 41,5,https://www1.mbrace.or.jp/od2/B/202608/b260815.lzh,2026-10-03T18:31:59.997492+09:00
20260815,12,住之江,12,20260815-12-12,3,3415,松井繁,56,大阪,52.0,A1,7.17,44.63,7.38,52.87,51,43.37,36,32.35,231,7,https://www1.mbrace.or.jp/od2/B/202608/b260815.lzh,2026-10-03T18:31:59.997492+09:00
20260815,12,住之江,12,20260815-12-12,4,3997,北村征嗣,47,大阪,52.0,A1,6.15,40.32,5.93,40.5,25,33.75,78,31.17,143,6,https://www1.mbrace.or.jp/od2/B/202608/b260815.lzh,2026-10-03T18:31:59.997492+09:00
20260815,12,住之江,12,20260815-12-12,5,4834,浜本裕己,38,大阪,51.0,A2,5.45,36.36,5.17,32.14,74,33.73,33,42.67,643,2,https://www1.mbrace.or.jp/od2/B/202608/b260815.lzh,2026-10-03T18:31:59.997492+09:00
20260815,12,住之江,12,20260815-12-12,6,4389,伊藤喜智,40,大阪,52.0,A2,5.55,31.87,5.27,33.33,85,37.18,81,42.65,423,8,https://www1.mbrace.or.jp/od2/B/202608/b260815.lzh,2026-10-03T18:31:59.997492+09:00
20260815,11,びわこ,1,20260815-11-01,1,4253,西川真人,43,滋賀,57.0,B1,4.25,18.1,4.21,20.17,58,29.11,51,30.67,,8,https://www1.mbrace.or.jp/od2/B/202608/b260815.lzh,2026-10-03T18:31:59.997492+09:00
20260815,11,びわこ,1,20260815-11-01,2,4182,吉田和仁,42,滋賀,56.0,B1,4.88,30.97,4.76,25.28,23,30.99,21,33.33,,11,https://www1.mbrace.or.jp/od2/B/202608/b260815.lzh,2026-10-03T18:31:59.997492+09:00
20260815,11,びわこ,1,20260815-11-01,3,5157,市川健太,28,滋賀,55.0,B1,4.24,27.47,4.68,23.3,64,29.87,71,30.14,,6,https://www1.mbrace.or.jp/od2/B/202608/b260815.lzh,2026-10-03T18:31:59.997492+09:00
20260815,11,びわこ,1,20260815-11-01,4,5323,香川陽太,23,滋賀,57.0,B2,4.86,29.29,3.78,16.28,69,32.22,35,32.43,,10,https://www1.mbrace.or.jp/od2/B/202608/b260815.lzh,2026-10-03T18:31:59.997492+09:00
20260815,11,びわこ,1,20260815-11-01,5,3606,川北浩貴,54,滋賀,52.0,B1,5.58,40.78,5.98,41.71,18,47.06,19,25.33,,9,https://www1.mbrace.or.jp/od2/B/202608/b260815.lzh,2026-10-03T18:31:59.997492+09:00
20260815,11,びわこ,1,20260815-11-01,6,4664,東口晃,43,福井,55.0,B1,4.05,18.56,5.44,33.33,60,11.76,13,24.66,,7,https://www1.mbrace.or.jp/od2/B/202608/b260815.lzh,2026-10-03T18:31:59.997492+09:00
20260815,11,びわこ,2,20260815-11-02,1,4502,遠藤エミ,38,滋賀,45.0,A1,7.42,49.5,7.46,53.13,72,46.75,59,30.95,,9,https://www1.mbrace.or.jp/od2/B/202608/b260815.lzh,2026-10-03T18:31:59.997492+09:00
20260815,11,びわこ,2,20260815-11-02,2,5151,山下奈緒,31,大阪,47.0,B1,4.4,20.99,4.46,21.74,41,37.04,15,43.59,,10,https://www1.mbrace.or.jp/od2/B/202608/b260815.lzh,2026-10-03T18:31:59.997492+09:00
20260815,11,びわこ,2,20260815-11-02,3,3580,水口由紀,53,滋賀,49.0,B1,4.3,20.0,4.56,22.5,19,40.24,28,9.84,,,https://www1.mbrace.or.jp/od2/B/202608/b260815.lzh,2026-10-03T18:31:59.997492+09:00
20260815,11,びわこ,2,20260815-11-02,4,5057,上田紗奈,30,大阪,46.0,B1,5.87,45.45,6.03,41.38,53,25.61,25,40.0,,8,https://www1.mbrace.or.jp/od2/B/202608/b260815.lzh,2026-10-03T18:31:59.997492+09:00
20260815,11,びわこ,2,20260815-11-02,5,4941,孫崎百世,37,滋賀,45.0,B1,5.26,32.56,5.42,28.79,21,40.54,68,40.96,,7,https://www1.mbrace.or.jp/od2/B/202608/b260815.lzh,2026-10-03T18:31:59.997492+09:00
20260815,11,びわこ,2,20260815-11-02,6,5471,田中結,17,大阪,49.0,B2,1.48,0.0,1.63,0.0,35,29.87,64,32.47,,,https://www1.mbrace.or.jp/od2/B/202608/b260815.lzh,2026-10-03T18:31:59.997492+09:00
20260815,11,びわこ,3,20260815-11-03,1,4325,新出浩司,43,大阪,53.0,B1,4.48,19.75,5.07,35.0,20,35.8,40,26.32,,,https://www1.mbrace.or.jp/od2/B/202608/b260815.lzh,2026-10-03T18:31:59.997492+09:00
20260815,11,びわこ,3,20260815-11-03,2,4218,吉川喜継,44,滋賀,51.0,A1,6.47,50.0,6.68,49.64,27,22.41,23,29.73,,12,https://www1.mbrace.or.jp/od2/B/202608/b260815.lzh,2026-10-03T18:31:59.997492+09:00
20260815,11,びわこ,3,20260815-11-03,3,4649,和田操拓,42,滋賀,52.0,B1,5.68,42.86,5.6,37.58,71,36.0,32,32.91,,9,https://www1.mbrace.or.jp/od2/B/202608/b260815.lzh,2026-10-03T18:31:59.997492+09:00
20260815,11,びわこ,3,20260815-11-03,4,4761,山田晃大,36,滋賀,52.0,A2,5.88,35.83,5.63,38.16,54,30.0,27,27.5,,8,https://www1.mbrace.or.jp/od2/B/202608/b260815.lzh,2026-10-03T18:31:59.997492+09:00
20260815,11,びわこ,3,20260815-11-03,5,5460,早川理稀,19,滋賀,54.0,B2,1.6,0.0,1.25,0.0,15,30.56,14,6.85,,7,https://www1.mbrace.or.jp/od2/B/202608/b260815.lzh,2026-10-03T18:31:59.997492+09:00
20260815,11,びわこ,3,20260815-11-03,6,4262,馬場貴也,42,滋賀,54.0,A1,7.68,50.0,7.93,62.25,52,28.77,72,29.49,,11,https://www1.mbrace.or.jp/od2/B/202608/b260815.lzh,2026-10-03T18:31:59.997492+09:00
20260815,11,びわこ,4,20260815-11-04,1,5115,香川颯太,26,滋賀,52.0,B1,5.56,38.64,5.51,38.75,25,25.32,48,8.62,,,https://www1.mbrace.or.jp/od2/B/202608/b260815.lzh,2026-10-03T18:31:59.997492+09:00
20260815,11,びわこ,4,20260815-11-04,2,4743,木村仁紀,33,滋賀,55.0,A1,6.18,38.3,6.65,47.15,44,31.17,29,34.15,,12,https://www1.mbrace.or.jp/od2/B/202608/b260815.lzh,2026-10-03T18:31:59.997492+09:00
20260815,11,びわこ,4,20260815-11-04,3,4119,泥谷一毅,45,大阪,53.0,B1,5.92,35.59,4.57,29.79,32,36.71,56,17.39,,11,https://www1.mbrace.or.jp/od2/B/202608/b260815.lzh,2026-10-03T18:31:59.997492+09:00
20260815,11,びわこ,4,20260815-11-04,4,4388,是澤孝宏,41,滋賀,52.0,A2,5.91,41.13,6.36,47.17,57,41.25,20,40.96,,9,https://www1.mbrace.or.jp/od2/B/202608/b260815.lzh,2026-10-03T18:31:59.997492+09:00
20260815,11,びわこ,4,20260815-11-04,5,3965,北中元樹,47,滋賀,54.0,A1,5.85,42.15,6.01,47.4,40,47.5,22,31.51,,10,https://www1.mbrace.or.jp/od2/B/202608/b260815.lzh,2026-10-03T18:31:59.997492+09:00
20260815,11,びわこ,4,20260815-11-04,6,5235,岩田凌,27,大阪,56.0,B2,4.04,14.29,4.78,11.11,28,28.21,73,23.81,,,https://www1.mbrace.or.jp/od2/B/202608/b260815.lzh,2026-10-03T18:31:59.997492+09:00
20260815,11,びわこ,5,20260815-11-05,1,4382,高山智至,41,滋賀,54.0,B1,4.57,21.11,4.2,15.12,36,27.63,26,38.96,,,https://www1.mbrace.or.jp/od2/B/202608/b260815.lzh,2026-10-03T18:31:59.997492+09:00
20260815,11,びわこ,5,20260815-11-05,2,5280,廣瀬凜,23,滋賀,51.0,A1,6.97,52.54,5.65,33.72,24,12.2,49,39.51,,12,https://www1.mbrace.or.jp/od2/B/202608/b260815.lzh,2026-10-03T18:31:59.997492+09:00
20260815,11,びわこ,5,20260815-11-05,3,3761,山本光雄,54,滋賀,53.0,B1,5.13,32.53,5.08,29.13,62,20.73,37,32.05,,,https://www1.mbrace.or.jp/od2/B/202608/b260815.lzh,2026-10-03T18:31:59.997492+09:00
20260815,11,びわこ,5,20260815-11-05,4,3557,太田和美,53,大阪,55.0,A1,6.59,50.35,6.9,51.43,67,33.78,18,32.05,,11,https://www1.mbrace.or.jp/od2/B/202608/b260815.lzh,2026-10-03T18:31:59.997492+09:00
20260815,11,びわこ,5,20260815-11-05,5,4012,中村有裕,46,滋賀,57.0,A2,6.0,43.68,6.22,45.73,12,49.4,38,45.68,,10,https://www1.mbrace.or.jp/od2/B/202608/b260815.lzh,2026-10-03T18:31:59.997492+09:00
20260815,11,びわこ,5,20260815-11-05,6,5400,高村諒,24,滋賀,53.0,B2,2.27,5.19,1.47,1.52,34,35.8,41,50.6,,,https://www1.mbrace.or.jp/od2/B/202608/b260815.lzh,2026-10-03T18:31:59.997492+09:00
20260815,11,びわこ,6,20260815-11-06,1,5157,市川健太,28,滋賀,55.0,B1,4.24,27.47,4.68,23.3,64,29.87,71,30.14,,1,https://www1.mbrace.or.jp/od2/B/202608/b260815.lzh,2026-10-03T18:31:59.997492+09:00
20260815,11,びわこ,6,20260815-11-06,2,5050,木下雄介,31,滋賀,52.0,A2,5.85,41.0,5.76,41.89,45,41.89,31,38.55,,,https://www1.mbrace.or.jp/od2/B/202608/b260815.lzh,2026-10-03T18:31:59.997492+09:00
20260815,11,びわこ,6,20260815-11-06,3,3432,宮迫暢彦,58,大阪,54.0,B1,4.05,20.0,4.55,26.42,16,35.14,65,30.77,,,https://www1.mbrace.or.jp/od2/B/202608/b260815.lzh,2026-10-03T18:31:59.997492+09:00
20260815,11,びわこ,6,20260815-11-06,4,5379,廣部大明,22,滋賀,53.0,B1,3.42,9.72,2.43,4.3,65,27.27,70,35.37,,,https://www1.mbrace.or.jp/od2/B/202608/b260815.lzh,2026-10-03T18:31:59.997492+09:00
20260815,11,びわこ,6,20260815-11-06,5,4120,柘植政浩,45,滋賀,52.0,A2,6.09,44.09,6.11,44.44,13,47.06,69,44.44,,11,https://www1.mbrace.or.jp/od2/B/202608/b260815.lzh,2026-10-03T18:31:59.997492+09:00
20260815,11,びわこ,6,20260815-11-06,6,4137,君島秀三,45,滋賀,53.0,A1,6.55,46.97,6.66,49.69,55,26.67,45,32.05,,12,https://www1.mbrace.or.jp/od2/B/202608/b260815.lzh,2026-10-03T18:31:59.997492+09:00
20260815,11,びわこ,7,20260815-11-07,1,4941,孫崎百世,37,滋賀,45.0,B1,5.26,32.56,5.42,28.79,21,40.54,68,40.96,,2,https://www1.mbrace.or.jp/od2/B/202608/b260815.lzh,2026-10-03T18:31:59.997492+09:00
20260815,11,びわこ,7,20260815-11-07,2,4664,東口晃,43,福井,55.0,B1,4.05,18.56,5.44,33.33,60,11.76,13,24.66,,1,https://www1.mbrace.or.jp/od2/B/202608/b260815.lzh,2026-10-03T18:31:59.997492+09:00
20260815,11,びわこ,7,20260815-11-07,3,5229,吉川晴人,23,滋賀,56.0,A2,5.19,33.61,5.73,41.03,29,43.21,66,28.92,,11,https://www1.mbrace.or.jp/od2/B/202608/b260815.lzh,2026-10-03T18:31:59.997492+09:00
20260815,11,びわこ,7,20260815-11-07,4,4146,柳橋宏紀,44,滋賀,53.0,A2,5.15,28.57,5.39,34.31,43,27.63,57,31.43,,,https://www1.mbrace.or.jp/od2/B/202608/b260815.lzh,2026-10-03T18:31:59.997492+09:00
20260815,11,びわこ,7,20260815-11-07,5,4686,丸野一樹,35,滋賀,54.0,A1,7.72,50.51,7.39,58.27,14,36.62,54,38.1,,12,https://www1.mbrace.or.jp/od2/B/202608/b260815.lzh,2026-10-03T18:31:59.997492+09:00
20260815,11,びわこ,7,20260815-11-07,6,5460,早川理稀,19,滋賀,54.0,B2,1.6,0.0,1.25,0.0,15,30.56,14,6.85,,3,https://www1.mbrace.or.jp/od2/B/202608/b260815.lzh,2026-10-03T18:31:59.997492+09:00
20260815,11,びわこ,8,20260815-11-08,1,4761,山田晃大,36,滋賀,52.0,A2,5.88,35.83,5.63,38.16,54,30.0,27,27.5,,3,https://www1.mbrace.or.jp/od2/B/202608/b260815.lzh,2026-10-03T18:31:59.997492+09:00
20260815,11,びわこ,8,20260815-11-08,2,5057,上田紗奈,30,大阪,46.0,B1,5.87,45.45,6.03,41.38,53,25.61,25,40.0,,2,https://www1.mbrace.or.jp/od2/B/202608/b260815.lzh,2026-10-03T18:31:59.997492+09:00
20260815,11,びわこ,8,20260815-11-08,3,4253,西川真人,43,滋賀,57.0,B1,4.25,18.1,4.21,20.17,58,29.11,51,30.67,,1,https://www1.mbrace.or.jp/od2/B/202608/b260815.lzh,2026-10-03T18:31:59.997492+09:00
20260815,11,びわこ,8,20260815-11-08,4,3721,守田俊介,51,滋賀,54.0,A1,6.66,44.0,7.78,69.16,31,36.49,58,23.44,,12,https://www1.mbrace.or.jp/od2/B/202608/b260815.lzh,2026-10-03T18:31:59.997492+09:00
20260815,11,びわこ,8,20260815-11-08,5,4448,青木玄太,39,滋賀,52.0,A1,7.3,59.13,7.11,52.11,63,28.17,53,39.74,,,https://www1.mbrace.or.jp/od2/B/202608/b260815.lzh,2026-10-03T18:31:59.997492+09:00
20260815,11,びわこ,8,20260815-11-08,6,3951,石川吉鎬,50,大阪,55.0,B1,5.07,26.47,5.47,26.67,61,42.17,24,41.18,,,https://www1.mbrace.or.jp/od2/B/202608/b260815.lzh,2026-10-03T18:31:59.997492+09:00
20260815,11,びわこ,9,20260815-11-09,1,4388,是澤孝宏,41,滋賀,52.0,A2,5.91,41.13,6.36,47.17,57,41.25,20,40.96,,4,https://www1.mbrace.or.jp/od2/B/202608/b260815.lzh,2026-10-03T18:31:59.997492+09:00
20260815,11,びわこ,9,20260815-11-09,2,3606,川北浩貴,54,滋賀,52.0,B1,5.58,40.78,5.98,41.71,18,47.06,19,25.33,,1,https://www1.mbrace.or.jp/od2/B/202608/b260815.lzh,2026-10-03T18:31:59.997492+09:00
20260815,11,びわこ,9,20260815-11-09,3,4677,片橋幸貴,38,滋賀,54.0,A1,6.16,48.48,5.15,34.55,49,37.84,12,43.21,,,https://www1.mbrace.or.jp/od2/B/202608/b260815.lzh,2026-10-03T18:31:59.997492+09:00
20260815,11,びわこ,9,20260815-11-09,4,4502,遠藤エミ,38,滋賀,45.0,A1,7.42,49.5,7.46,53.13,72,46.75,59,30.95,,2,https://www1.mbrace.or.jp/od2/B/202608/b260815.lzh,2026-10-03T18:31:59.997492+09:00
20260815,11,びわこ,9,20260815-11-09,5,4649,和田操拓,42,滋賀,52.0,B1,5.68,42.86,5.6,37.58,71,36.0,32,32.91,,3,https://www1.mbrace.or.jp/od2/B/202608/b260815.lzh,2026-10-03T18:31:59.997492+09:00
20260815,11,びわこ,9,20260815-11-09,6,4692,酒井俊弘,42,福井,56.0,B1,4.78,30.77,0.0,0.0,38,35.14,16,25.0,,,https://www1.mbrace.or.jp/od2/B/202608/b260815.lzh,2026-10-03T18:31:59.997492+09:00
20260815,11,びわこ,10,20260815-11-10,1,3965,北中元樹,47,滋賀,54.0,A1,5.85,42.15,6.01,47.4,40,47.5,22,31.51,,4,https://www1.mbrace.or.jp/od2/B/202608/b260815.lzh,2026-10-03T18:31:59.997492+09:00
20260815,11,びわこ,10,20260815-11-10,2,5323,香川陽太,23,滋賀,57.0,B2,4.86,29.29,3.78,16.28,69,32.22,35,32.43,,1,https://www1.mbrace.or.jp/od2/B/202608/b260815.lzh,2026-10-03T18:31:59.997492+09:00
20260815,11,びわこ,10,20260815-11-10,3,4012,中村有裕,46,滋賀,57.0,A2,6.0,43.68,6.22,45.73,12,49.4,38,45.68,,5,https://www1.mbrace.or.jp/od2/B/202608/b260815.lzh,2026-10-03T18:31:59.997492+09:00
20260815,11,びわこ,10,20260815-11-10,4,5151,山下奈緒,31,大阪,47.0,B1,4.4,20.99,4.46,21.74,41,37.04,15,43.59,,2,https://www1.mbrace.or.jp/od2/B/202608/b260815.lzh,2026-10-03T18:31:59.997492+09:00
20260815,11,びわこ,10,20260815-11-10,5,5017,澤田尚也,27,滋賀,53.0,A1,6.82,52.89,6.97,55.08,17,25.97,39,32.43,,,https://www1.mbrace.or.jp/od2/B/202608/b260815.lzh,2026-10-03T18:31:59.997492+09:00
20260815,11,びわこ,10,20260815-11-10,6,3769,佐竹恒彦,52,滋賀,52.0,A2,5.63,36.59,0.0,0.0,66,23.53,46,42.17,,,https://www1.mbrace.or.jp/od2/B/202608/b260815.lzh,2026-10-03T18:31:59.997492+09:00
20260815,11,びわこ,11,20260815-11-11,1,3557,太田和美,53,大阪,55.0,A1,6.59,50.35,6.9,51.43,67,33.78,18,32.05,,5,https://www1.mbrace.or.jp/od2/B/202608/b260815.lzh,2026-10-03T18:31:59.997492+09:00
20260815,11,びわこ,11,20260815-11-11,2,4120,柘植政浩,45,滋賀,52.0,A2,6.09,44.09,6.11,44.44,13,47.06,69,44.44,,6,https://www1.mbrace.or.jp/od2/B/202608/b260815.lzh,2026-10-03T18:31:59.997492+09:00
20260815,11,びわこ,11,20260815-11-11,3,4262,馬場貴也,42,滋賀,54.0,A1,7.68,50.0,7.93,62.25,52,28.77,72,29.49,,3,https://www1.mbrace.or.jp/od2/B/202608/b260815.lzh,2026-10-03T18:31:59.997492+09:00
20260815,11,びわこ,11,20260815-11-11,4,4182,吉田和仁,42,滋賀,56.0,B1,4.88,30.97,4.76,25.28,23,30.99,21,33.33,,1,https://www1.mbrace.or.jp/od2/B/202608/b260815.lzh,2026-10-03T18:31:59.997492+09:00
20260815,11,びわこ,11,20260815-11-11,5,4119,泥谷一毅,45,大阪,53.0,B1,5.92,35.59,4.57,29.79,32,36.71,56,17.39,,4,https://www1.mbrace.or.jp/od2/B/202608/b260815.lzh,2026-10-03T18:31:59.997492+09:00
20260815,11,びわこ,11,20260815-11-11,6,5229,吉川晴人,23,滋賀,56.0,A2,5.19,33.61,5.73,41.03,29,43.21,66,28.92,,7,https://www1.mbrace.or.jp/od2/B/202608/b260815.lzh,2026-10-03T18:31:59.997492+09:00
20260815,11,びわこ,12,20260815-11-12,1,4686,丸野一樹,35,滋賀,54.0,A1,7.72,50.51,7.39,58.27,14,36.62,54,38.1,,7,https://www1.mbrace.or.jp/od2/B/202608/b260815.lzh,2026-10-03T18:31:59.997492+09:00
20260815,11,びわこ,12,20260815-11-12,2,3721,守田俊介,51,滋賀,54.0,A1,6.66,44.0,7.78,69.16,31,36.49,58,23.44,,8,https://www1.mbrace.or.jp/od2/B/202608/b260815.lzh,2026-10-03T18:31:59.997492+09:00
20260815,11,びわこ,12,20260815-11-12,3,4137,君島秀三,45,滋賀,53.0,A1,6.55,46.97,6.66,49.69,55,26.67,45,32.05,,6,https://www1.mbrace.or.jp/od2/B/202608/b260815.lzh,2026-10-03T18:31:59.997492+09:00
20260815,11,びわこ,12,20260815-11-12,4,4218,吉川喜継,44,滋賀,51.0,A1,6.47,50.0,6.68,49.64,27,22.41,23,29.73,,3,https://www1.mbrace.or.jp/od2/B/202608/b260815.lzh,2026-10-03T18:31:59.997492+09:00
20260815,11,びわこ,12,20260815-11-12,5,4743,木村仁紀,33,滋賀,55.0,A1,6.18,38.3,6.65,47.15,44,31.17,29,34.15,,4,https://www1.mbrace.or.jp/od2/B/202608/b260815.lzh,2026-10-03T18:31:59.997492+09:00
20260815,11,びわこ,12,20260815-11-12,6,5280,廣瀬凜,23,滋賀,51.0,A1,6.97,52.54,5.65,33.72,24,12.2,49,39.51,,5,https://www1.mbrace.or.jp/od2/B/202608/b260815.lzh,2026-10-03T18:31:59.997492+09:00
20260815,10,三国,1,20260815-10-01,1,4520,高倉孝太,39,福井,50.0,A2,5.67,36.89,5.5,34.78,44,40.78,55,32.98,3,9,https://www1.mbrace.or.jp/od2/B/202608/b260815.lzh,2026-10-03T18:31:59.997492+09:00
20260815,10,三国,1,20260815-10-01,2,5366,塩嶋泰空,24,福井,56.0,B2,1.42,2.63,1.31,1.64,48,32.04,28,48.04,6,6,https://www1.mbrace.or.jp/od2/B/202608/b260815.lzh,2026-10-03T18:31:59.997492+09:00
20260815,10,三国,1,20260815-10-01,3,4663,籾山佳岳,43,愛知,50.0,B2,5.61,36.62,4.92,25.0,19,34.69,16,37.04,4,7,https://www1.mbrace.or.jp/od2/B/202608/b260815.lzh,2026-10-03T18:31:59.997492+09:00
20260815,10,三国,1,20260815-10-01,4,5355,萩原丈太,21,福井,55.0,B1,2.19,4.41,1.77,2.2,20,41.18,23,41.12,55,,https://www1.mbrace.or.jp/od2/B/202608/b260815.lzh,2026-10-03T18:31:59.997492+09:00
20260815,10,三国,1,20260815-10-01,5,4666,日笠勝弘,42,大阪,51.0,B1,4.03,21.79,4.4,28.0,61,33.02,35,36.45,5,8,https://www1.mbrace.or.jp/od2/B/202608/b260815.lzh,2026-10-03T18:31:59.997492+09:00
20260815,10,三国,1,20260815-10-01,6,4339,平瀬城啓,42,福井,54.0,B1,3.77,12.79,4.22,23.71,46,38.1,13,30.39,55,,https://www1.mbrace.or.jp/od2/B/202608/b260815.lzh,2026-10-03T18:31:59.997492+09:00
20260815,10,三国,2,20260815-10-02,1,4254,川島圭司,43,滋賀,52.0,A2,5.71,34.69,6.4,50.0,53,31.73,34,36.45,6,11,https://www1.mbrace.or.jp/od2/B/202608/b260815.lzh,2026-10-03T18:31:59.997492+09:00
20260815,10,三国,2,20260815-10-02,2,4391,松田祐季,40,福井,51.0,A1,6.94,53.51,7.0,52.5,57,40.38,25,33.02,12,7,https://www1.mbrace.or.jp/od2/B/202608/b260815.lzh,2026-10-03T18:31:59.997492+09:00
20260815,10,三国,2,20260815-10-02,3,3692,竹腰正樹,55,福井,53.0,B1,5.06,29.63,4.89,27.87,62,37.37,59,28.57,4,6,https://www1.mbrace.or.jp/od2/B/202608/b260815.lzh,2026-10-03T18:31:59.997492+09:00
20260815,10,三国,2,20260815-10-02,4,3620,信濃由行,52,福井,55.0,B1,3.33,11.39,4.21,21.3,60,37.27,57,33.33,5,10,https://www1.mbrace.or.jp/od2/B/202608/b260815.lzh,2026-10-03T18:31:59.997492+09:00
20260815,10,三国,2,20260815-10-02,5,4650,中山雄太,42,愛知,54.0,B2,0.0,0.0,5.43,32.14,28,31.43,22,29.81,4,8,https://www1.mbrace.or.jp/od2/B/202608/b260815.lzh,2026-10-03T18:31:59.997492+09:00
20260815,10,三国,2,20260815-10-02,6,5465,直江健成,19,福井,53.0,B2,1.04,0.0,1.11,0.0,15,33.63,44,48.28,6,9,https://www1.mbrace.or.jp/od2/B/202608/b260815.lzh,2026-10-03T18:31:59.997492+09:00
20260815,10,三国,3,20260815-10-03,1,4587,木田峰由,35,福井,55.0,A1,6.33,49.45,6.16,46.21,23,44.0,52,34.07,66,8,https://www1.mbrace.or.jp/od2/B/202608/b260815.lzh,2026-10-03T18:31:59.997492+09:00
20260815,10,三国,3,20260815-10-03,2,5185,加藤優弥,26,福井,53.0,B1,5.13,32.93,5.09,29.79,49,37.37,70,31.48,11,12,https://www1.mbrace.or.jp/od2/B/202608/b260815.lzh,2026-10-03T18:31:59.997492+09:00
20260815,10,三国,3,20260815-10-03,3,4797,中山将,34,三重,54.0,A1,6.57,48.94,6.42,42.31,50,33.93,11,30.19,6,11,https://www1.mbrace.or.jp/od2/B/202608/b260815.lzh,2026-10-03T18:31:59.997492+09:00
20260815,10,三国,3,20260815-10-03,4,4904,松本一毅,31,大阪,53.0,B1,5.21,33.06,4.81,31.75,33,35.05,12,47.83,41,,https://www1.mbrace.or.jp/od2/B/202608/b260815.lzh,2026-10-03T18:31:59.997492+09:00
20260815,10,三国,3,20260815-10-03,5,3957,大谷直弘,49,愛知,55.0,B1,5.09,30.61,5.74,35.29,40,37.14,66,34.95,65,,https://www1.mbrace.or.jp/od2/B/202608/b260815.lzh,2026-10-03T18:31:59.997492+09:00
20260815,10,三国,3,20260815-10-03,6,3635,石田政吾,55,福井,52.0,B1,4.55,26.09,5.57,40.76,17,36.79,61,42.27,21,,https://www1.mbrace.or.jp/od2/B/202608/b260815.lzh,2026-10-03T18:31:59.997492+09:00
20260815,10,三国,4,20260815-10-04,1,4930,佐藤悠,30,福井,53.0,A2,6.09,41.18,5.82,37.8,31,33.98,50,32.71,3,12,https://www1.mbrace.or.jp/od2/B/202608/b260815.lzh,2026-10-03T18:31:59.997492+09:00
20260815,10,三国,4,20260815-10-04,2,3891,谷口健一,50,福井,56.0,B1,3.57,15.24,3.82,18.39,42,48.11,51,32.38,45,,https://www1.mbrace.or.jp/od2/B/202608/b260815.lzh,2026-10-03T18:31:59.997492+09:00
20260815,10,三国,4,20260815-10-04,3,4384,鶴本崇文,41,大阪,54.0,A1,5.89,42.31,5.93,41.3,64,35.42,19,40.63,2,8,https://www1.mbrace.or.jp/od2/B/202608/b260815.lzh,2026-10-03T18:31:59.997492+09:00
20260815,10,三国,4,20260815-10-04,4,5114,小林孝彰,26,福井,52.0,B1,5.92,45.97,5.62,39.25,36,31.53,15,36.63,2,10,https://www1.mbrace.or.jp/od2/B/202608/b260815.lzh,2026-10-03T18:31:59.997492+09:00
20260815,10,三国,4,20260815-10-04,5,5282,中本大樹,23,福井,54.0,B1,5.57,37.96,3.84,17.74,18,32.65,42,31.0,2,9,https://www1.mbrace.or.jp/od2/B/202608/b260815.lzh,2026-10-03T18:31:59.997492+09:00
20260815,10,三国,4,20260815-10-04,6,4013,中島孝平,46,福井,52.0,A1,7.17,51.04,7.3,58.21,55,35.42,71,37.0,41,11,https://www1.mbrace.or.jp/od2/B/202608/b260815.lzh,2026-10-03T18:31:59.997492+09:00
20260815,10,三国,5,20260815-10-05,1,4415,下出卓矢,39,福井,57.0,A1,6.17,48.6,6.65,51.1,25,33.98,56,30.77,14,12,https://www1.mbrace.or.jp/od2/B/202608/b260815.lzh,2026-10-03T18:31:59.997492+09:00
20260815,10,三国,5,20260815-10-05,2,4003,表憲一,48,福井,55.0,B1,5.57,35.44,5.46,30.56,51,40.59,38,34.58,34,,https://www1.mbrace.or.jp/od2/B/202608/b260815.lzh,2026-10-03T18:31:59.997492+09:00
20260815,10,三国,5,20260815-10-05,3,5085,中村栄治,27,福井,51.0,A2,5.44,36.63,4.41,24.18,58,36.04,26,41.58,46,10,https://www1.mbrace.or.jp/od2/B/202608/b260815.lzh,2026-10-03T18:31:59.997492+09:00
20260815,10,三国,5,20260815-10-05,4,4824,松井洪弥,33,三重,52.0,A2,5.92,42.74,7.77,61.54,24,36.89,36,27.18,24,9,https://www1.mbrace.or.jp/od2/B/202608/b260815.lzh,2026-10-03T18:31:59.997492+09:00
20260815,10,三国,5,20260815-10-05,5,4369,丹下将,40,愛知,58.0,A2,5.79,37.7,0.0,0.0,70,33.01,17,23.47,62,11,https://www1.mbrace.or.jp/od2/B/202608/b260815.lzh,2026-10-03T18:31:59.997492+09:00
20260815,10,三国,5,20260815-10-05,6,4400,加藤奈月,38,福井,53.0,B1,4.12,17.95,4.61,25.68,45,39.25,31,41.67,55,,https://www1.mbrace.or.jp/od2/B/202608/b260815.lzh,2026-10-03T18:31:59.997492+09:00
20260815,10,三国,6,20260815-10-06,1,4405,南野利騰,41,福井,55.0,B1,4.58,23.16,4.4,22.41,65,36.0,30,37.14,35,,https://www1.mbrace.or.jp/od2/B/202608/b260815.lzh,2026-10-03T18:31:59.997492+09:00
20260815,10,三国,6,20260815-10-06,2,3713,伊藤誠二,51,愛知,54.0,A1,5.4,41.67,6.64,46.43,14,32.58,49,23.3,6,10,https://www1.mbrace.or.jp/od2/B/202608/b260815.lzh,2026-10-03T18:31:59.997492+09:00
20260815,10,三国,6,20260815-10-06,3,4061,萩原秀人,47,福井,55.0,A1,7.45,58.41,7.43,56.9,35,41.67,53,28.43,33,12,https://www1.mbrace.or.jp/od2/B/202608/b260815.lzh,2026-10-03T18:31:59.997492+09:00
20260815,10,三国,6,20260815-10-06,4,3548,室田泰史,56,福井,54.0,A2,5.1,33.91,5.63,39.57,54,43.3,14,34.65,16,11,https://www1.mbrace.or.jp/od2/B/202608/b260815.lzh,2026-10-03T18:31:59.997492+09:00
20260815,10,三国,6,20260815-10-06,5,5366,塩嶋泰空,24,福井,56.0,B2,1.42,2.63,1.31,1.64,48,32.04,28,48.04,6,1,https://www1.mbrace.or.jp/od2/B/202608/b260815.lzh,2026-10-03T18:31:59.997492+09:00
20260815,10,三国,6,20260815-10-06,6,3692,竹腰正樹,55,福井,53.0,B1,5.06,29.63,4.89,27.87,62,37.37,59,28.57,4,2,https://www1.mbrace.or.jp/od2/B/202608/b260815.lzh,2026-10-03T18:31:59.997492+09:00
20260815,10,三国,7,20260815-10-07,1,4663,籾山佳岳,43,愛知,50.0,B2,5.61,36.62,4.92,25.0,19,34.69,16,37.04,4,1,https://www1.mbrace.or.jp/od2/B/202608/b260815.lzh,2026-10-03T18:31:59.997492+09:00
20260815,10,三国,7,20260815-10-07,2,3870,寺嶋雄,50,福井,52.0,B1,4.38,20.88,4.31,18.55,63,37.86,65,28.57,21,,https://www1.mbrace.or.jp/od2/B/202608/b260815.lzh,2026-10-03T18:31:59.997492+09:00
20260815,10,三国,7,20260815-10-07,3,4711,前出達吉,36,福井,51.0,A2,6.12,43.81,5.97,40.52,27,35.24,46,37.5,33,,https://www1.mbrace.or.jp/od2/B/202608/b260815.lzh,2026-10-03T18:31:59.997492+09:00
20260815,10,三国,7,20260815-10-07,4,3814,金子貴志,50,福井,50.0,B1,5.1,28.57,4.94,31.4,43,43.81,69,24.75,1,11,https://www1.mbrace.or.jp/od2/B/202608/b260815.lzh,2026-10-03T18:31:59.997492+09:00
20260815,10,三国,7,20260815-10-07,5,4228,吉田慎二,43,愛知,58.0,A2,6.45,49.56,4.85,30.77,12,37.25,29,23.76,33,12,https://www1.mbrace.or.jp/od2/B/202608/b260815.lzh,2026-10-03T18:31:59.997492+09:00
20260815,10,三国,7,20260815-10-07,6,4391,松田祐季,40,福井,51.0,A1,6.94,53.51,7.0,52.5,57,40.38,25,33.02,12,2,https://www1.mbrace.or.jp/od2/B/202608/b260815.lzh,2026-10-03T18:31:59.997492+09:00
20260815,10,三国,8,20260815-10-08,1,4666,日笠勝弘,42,大阪,51.0,B1,4.03,21.79,4.4,28.0,61,33.02,35,36.45,5,1,https://www1.mbrace.or.jp/od2/B/202608/b260815.lzh,2026-10-03T18:31:59.997492+09:00
20260815,10,三国,8,20260815-10-08,2,4210,松村康太,43,福井,53.0,A2,5.22,26.55,6.03,39.25,34,33.64,63,36.0,14,12,https://www1.mbrace.or.jp/od2/B/202608/b260815.lzh,2026-10-03T18:31:59.997492+09:00
20260815,10,三国,8,20260815-10-08,3,4650,中山雄太,42,愛知,54.0,B2,0.0,0.0,5.43,32.14,28,31.43,22,29.81,4,2,https://www1.mbrace.or.jp/od2/B/202608/b260815.lzh,2026-10-03T18:31:59.997492+09:00
20260815,10,三国,8,20260815-10-08,4,4587,木田峰由,35,福井,55.0,A1,6.33,49.45,6.16,46.21,23,44.0,52,34.07,66,3,https://www1.mbrace.or.jp/od2/B/202608/b260815.lzh,2026-10-03T18:31:59.997492+09:00
20260815,10,三国,8,20260815-10-08,5,3654,武田光史,52,福井,51.0,A2,6.87,57.5,6.71,51.35,13,38.53,27,30.53,33,,https://www1.mbrace.or.jp/od2/B/202608/b260815.lzh,2026-10-03T18:31:59.997492+09:00
20260815,10,三国,8,20260815-10-08,6,4384,鶴本崇文,41,大阪,54.0,A1,5.89,42.31,5.93,41.3,64,35.42,19,40.63,2,4,https://www1.mbrace.or.jp/od2/B/202608/b260815.lzh,2026-10-03T18:31:59.997492+09:00
20260815,10,三国,9,20260815-10-09,1,3455,谷本幸司,55,愛知,52.0,B1,4.75,29.82,5.45,36.73,66,35.29,68,31.68,64,,https://www1.mbrace.or.jp/od2/B/202608/b260815.lzh,2026-10-03T18:31:59.997492+09:00
20260815,10,三国,9,20260815-10-09,2,4824,松井洪弥,33,三重,52.0,A2,5.92,42.74,7.77,61.54,24,36.89,36,27.18,24,5,https://www1.mbrace.or.jp/od2/B/202608/b260815.lzh,2026-10-03T18:31:59.997492+09:00
20260815,10,三国,9,20260815-10-09,3,5282,中本大樹,23,福井,54.0,B1,5.57,37.96,3.84,17.74,18,32.65,42,31.0,2,4,https://www1.mbrace.or.jp/od2/B/202608/b260815.lzh,2026-10-03T18:31:59.997492+09:00
20260815,10,三国,9,20260815-10-09,4,4520,高倉孝太,39,福井,50.0,A2,5.67,36.89,5.5,34.78,44,40.78,55,32.98,3,1,https://www1.mbrace.or.jp/od2/B/202608/b260815.lzh,2026-10-03T18:31:59.997492+09:00
20260815,10,三国,9,20260815-10-09,5,3556,田中信一,53,大阪,55.0,A1,6.93,53.0,6.18,33.33,21,29.09,39,27.1,21,,https://www1.mbrace.or.jp/od2/B/202608/b260815.lzh,2026-10-03T18:31:59.997492+09:00
20260815,10,三国,9,20260815-10-09,6,5465,直江健成,19,福井,53.0,B2,1.04,0.0,1.11,0.0,15,33.63,44,48.28,6,2,https://www1.mbrace.or.jp/od2/B/202608/b260815.lzh,2026-10-03T18:31:59.997492+09:00
20260815,10,三国,10,20260815-10-10,1,3620,信濃由行,52,福井,55.0,B1,3.33,11.39,4.21,21.3,60,37.27,57,33.33,5,2,https://www1.mbrace.or.jp/od2/B/202608/b260815.lzh,2026-10-03T18:31:59.997492+09:00
20260815,10,三国,10,20260815-10-10,2,5085,中村栄治,27,福井,51.0,A2,5.44,36.63,4.41,24.18,58,36.04,26,41.58,46,5,https://www1.mbrace.or.jp/od2/B/202608/b260815.lzh,2026-10-03T18:31:59.997492+09:00
20260815,10,三国,10,20260815-10-10,3,3713,伊藤誠二,51,愛知,54.0,A1,5.4,41.67,6.64,46.43,14,32.58,49,23.3,6,6,https://www1.mbrace.or.jp/od2/B/202608/b260815.lzh,2026-10-03T18:31:59.997492+09:00
20260815,10,三国,10,20260815-10-10,4,5038,金田智博,28,福井,52.0,A2,6.48,50.79,6.15,46.36,30,47.06,60,29.7,25,,https://www1.mbrace.or.jp/od2/B/202608/b260815.lzh,2026-10-03T18:31:59.997492+09:00
20260815,10,三国,10,20260815-10-10,5,5114,小林孝彰,26,福井,52.0,B1,5.92,45.97,5.62,39.25,36,31.53,15,36.63,2,4,https://www1.mbrace.or.jp/od2/B/202608/b260815.lzh,2026-10-03T18:31:59.997492+09:00
20260815,10,三国,10,20260815-10-10,6,4828,松山将吾,31,滋賀,50.0,A1,6.79,50.49,5.54,28.21,52,39.39,33,33.33,22,,https://www1.mbrace.or.jp/od2/B/202608/b260815.lzh,2026-10-03T18:31:59.997492+09:00
20260815,10,三国,11,20260815-10-11,1,3814,金子貴志,50,福井,50.0,B1,5.1,28.57,4.94,31.4,43,43.81,69,24.75,1,7,https://www1.mbrace.or.jp/od2/B/202608/b260815.lzh,2026-10-03T18:31:59.997492+09:00
20260815,10,三国,11,20260815-10-11,2,4013,中島孝平,46,福井,52.0,A1,7.17,51.04,7.3,58.21,55,35.42,71,37.0,41,4,https://www1.mbrace.or.jp/od2/B/202608/b260815.lzh,2026-10-03T18:31:59.997492+09:00
20260815,10,三国,11,20260815-10-11,3,4369,丹下将,40,愛知,58.0,A2,5.79,37.7,0.0,0.0,70,33.01,17,23.47,62,5,https://www1.mbrace.or.jp/od2/B/202608/b260815.lzh,2026-10-03T18:31:59.997492+09:00
20260815,10,三国,11,20260815-10-11,4,4254,川島圭司,43,滋賀,52.0,A2,5.71,34.69,6.4,50.0,53,31.73,34,36.45,6,2,https://www1.mbrace.or.jp/od2/B/202608/b260815.lzh,2026-10-03T18:31:59.997492+09:00
20260815,10,三国,11,20260815-10-11,5,4797,中山将,34,三重,54.0,A1,6.57,48.94,6.42,42.31,50,33.93,11,30.19,6,3,https://www1.mbrace.or.jp/od2/B/202608/b260815.lzh,2026-10-03T18:31:59.997492+09:00
20260815,10,三国,11,20260815-10-11,6,3548,室田泰史,56,福井,54.0,A2,5.1,33.91,5.63,39.57,54,43.3,14,34.65,16,6,https://www1.mbrace.or.jp/od2/B/202608/b260815.lzh,2026-10-03T18:31:59.997492+09:00
20260815,10,三国,12,20260815-10-12,1,4061,萩原秀人,47,福井,55.0,A1,7.45,58.41,7.43,56.9,35,41.67,53,28.43,33,6,https://www1.mbrace.or.jp/od2/B/202608/b260815.lzh,2026-10-03T18:31:59.997492+09:00
20260815,10,三国,12,20260815-10-12,2,4228,吉田慎二,43,愛知,58.0,A2,6.45,49.56,4.85,30.77,12,37.25,29,23.76,33,7,https://www1.mbrace.or.jp/od2/B/202608/b260815.lzh,2026-10-03T18:31:59.997492+09:00
20260815,10,三国,12,20260815-10-12,3,4930,佐藤悠,30,福井,53.0,A2,6.09,41.18,5.82,37.8,31,33.98,50,32.71,3,4,https://www1.mbrace.or.jp/od2/B/202608/b260815.lzh,2026-10-03T18:31:59.997492+09:00
20260815,10,三国,12,20260815-10-12,4,4210,松村康太,43,福井,53.0,A2,5.22,26.55,6.03,39.25,34,33.64,63,36.0,14,8,https://www1.mbrace.or.jp/od2/B/202608/b260815.lzh,2026-10-03T18:31:59.997492+09:00
20260815,10,三国,12,20260815-10-12,5,4415,下出卓矢,39,福井,57.0,A1,6.17,48.6,6.65,51.1,25,33.98,56,30.77,14,5,https://www1.mbrace.or.jp/od2/B/202608/b260815.lzh,2026-10-03T18:31:59.997492+09:00
20260815,10,三国,12,20260815-10-12,6,5185,加藤優弥,26,福井,53.0,B1,5.13,32.93,5.09,29.79,49,37.37,70,31.48,11,3,https://www1.mbrace.or.jp/od2/B/202608/b260815.lzh,2026-10-03T18:31:59.997492+09:00
20260815,09,津,1,20260815-09-01,1,4261,岡祐臣,42,三重,54.0,A2,6.31,45.76,6.34,44.06,26,30.43,11,37.14,,9,https://www1.mbrace.or.jp/od2/B/202608/b260815.lzh,2026-10-03T18:31:59.997492+09:00
20260815,09,津,1,20260815-09-01,2,3904,森貴洋,49,大阪,55.0,B1,5.14,34.94,5.4,30.0,55,33.06,29,37.23,,11,https://www1.mbrace.or.jp/od2/B/202608/b260815.lzh,2026-10-03T18:31:59.997492+09:00
20260815,09,津,1,20260815-09-01,3,4623,中北将史,41,三重,53.0,B1,4.74,29.09,4.89,26.67,68,37.91,30,35.77,,10,https://www1.mbrace.or.jp/od2/B/202608/b260815.lzh,2026-10-03T18:31:59.997492+09:00
20260815,09,津,1,20260815-09-01,4,5204,宇恵有香,29,三重,46.0,B2,4.55,20.48,4.85,25.93,17,25.95,49,38.21,,8,https://www1.mbrace.or.jp/od2/B/202608/b260815.lzh,2026-10-03T18:31:59.997492+09:00
20260815,09,津,1,20260815-09-01,5,4229,市川美宏,43,静岡,54.0,B1,4.32,17.81,4.94,31.25,31,40.0,12,29.85,,7,https://www1.mbrace.or.jp/od2/B/202608/b260815.lzh,2026-10-03T18:31:59.997492+09:00
20260815,09,津,1,20260815-09-01,6,5445,一ノ木匠,24,三重,52.0,B2,1.48,0.0,1.89,0.0,63,31.58,37,32.86,,6,https://www1.mbrace.or.jp/od2/B/202608/b260815.lzh,2026-10-03T18:31:59.997492+09:00
20260815,09,津,2,20260815-09-02,1,3268,森竜也,61,三重,53.0,B1,4.52,27.36,4.68,34.0,49,41.13,31,39.66,,9,https://www1.mbrace.or.jp/od2/B/202608/b260815.lzh,2026-10-03T18:31:59.997492+09:00
20260815,09,津,2,20260815-09-02,2,4579,中嶋健一,37,三重,54.0,A2,6.01,38.24,6.66,46.62,30,28.78,19,30.51,,7,https://www1.mbrace.or.jp/od2/B/202608/b260815.lzh,2026-10-03T18:31:59.997492+09:00
20260815,09,津,2,20260815-09-02,3,3852,澤大介,53,三重,51.0,B1,4.77,24.1,5.45,32.81,35,36.09,34,43.9,,10,https://www1.mbrace.or.jp/od2/B/202608/b260815.lzh,2026-10-03T18:31:59.997492+09:00
20260815,09,津,2,20260815-09-02,4,2878,富山弘幸,68,大阪,55.0,B1,5.59,34.09,5.36,39.29,11,26.45,33,46.24,,,https://www1.mbrace.or.jp/od2/B/202608/b260815.lzh,2026-10-03T18:31:59.997492+09:00
20260815,09,津,2,20260815-09-02,5,4689,豊田結,33,静岡,54.0,B1,5.26,32.56,5.38,34.62,33,30.61,17,34.07,,8,https://www1.mbrace.or.jp/od2/B/202608/b260815.lzh,2026-10-03T18:31:59.997492+09:00
20260815,09,津,2,20260815-09-02,6,4754,松尾充,37,三重,52.0,A2,6.44,45.11,6.91,53.95,24,37.5,16,42.86,,11,https://www1.mbrace.or.jp/od2/B/202608/b260815.lzh,2026-10-03T18:31:59.997492+09:00
20260815,09,津,3,20260815-09-03,1,4270,岸本雄貴,44,三重,56.0,B1,4.87,28.57,5.18,33.61,71,28.89,22,35.29,,,https://www1.mbrace.or.jp/od2/B/202608/b260815.lzh,2026-10-03T18:31:59.997492+09:00
20260815,09,津,3,20260815-09-03,2,4049,荒川健太,45,三重,56.0,A2,6.33,44.19,6.64,49.22,21,40.0,70,32.87,,10,https://www1.mbrace.or.jp/od2/B/202608/b260815.lzh,2026-10-03T18:31:59.997492+09:00
20260815,09,津,3,20260815-09-03,3,3582,吉川昭男,53,滋賀,55.0,A2,6.35,49.0,4.6,20.0,62,29.5,32,45.71,,,https://www1.mbrace.or.jp/od2/B/202608/b260815.lzh,2026-10-03T18:31:59.997492+09:00
20260815,09,津,3,20260815-09-03,4,4358,松本庸平,41,三重,49.0,B1,4.07,25.84,4.63,30.83,22,41.43,60,32.56,,9,https://www1.mbrace.or.jp/od2/B/202608/b260815.lzh,2026-10-03T18:31:59.997492+09:00
20260815,09,津,3,20260815-09-03,5,4494,河合佑樹,39,静岡,53.0,A1,6.67,42.35,8.25,72.73,12,24.0,15,32.52,,11,https://www1.mbrace.or.jp/od2/B/202608/b260815.lzh,2026-10-03T18:31:59.997492+09:00
20260815,09,津,3,20260815-09-03,6,5399,長野未来,24,三重,44.0,B2,1.35,0.0,1.48,0.0,60,30.4,75,53.51,,8,https://www1.mbrace.or.jp/od2/B/202608/b260815.lzh,2026-10-03T18:31:59.997492+09:00
20260815,09,津,4,20260815-09-04,1,4431,石塚裕介,40,三重,52.0,B1,4.84,29.73,5.6,36.0,72,34.64,44,31.39,,,https://www1.mbrace.or.jp/od2/B/202608/b260815.lzh,2026-10-03T18:31:59.997492+09:00
20260815,09,津,4,20260815-09-04,2,4796,春園功太,35,三重,53.0,A1,6.25,47.32,6.92,55.74,51,41.67,28,36.22,,12,https://www1.mbrace.or.jp/od2/B/202608/b260815.lzh,2026-10-03T18:31:59.997492+09:00
20260815,09,津,4,20260815-09-04,3,5010,宇留田翔,29,三重,54.0,A2,5.75,41.67,5.81,38.64,58,41.18,76,41.53,,11,https://www1.mbrace.or.jp/od2/B/202608/b260815.lzh,2026-10-03T18:31:59.997492+09:00
20260815,09,津,4,20260815-09-04,4,3605,中村守成,54,三重,54.0,B1,4.28,19.54,4.96,30.0,40,45.86,59,32.74,,,https://www1.mbrace.or.jp/od2/B/202608/b260815.lzh,2026-10-03T18:31:59.997492+09:00
20260815,09,津,4,20260815-09-04,5,4357,田中和也,42,大阪,52.0,A1,6.53,52.07,6.72,44.44,36,42.02,62,30.91,,10,https://www1.mbrace.or.jp/od2/B/202608/b260815.lzh,2026-10-03T18:31:59.997492+09:00
20260815,09,津,4,20260815-09-04,6,5354,渡邊雄斗,21,三重,52.0,B1,3.79,18.39,2.56,8.64,56,37.82,13,31.78,,9,https://www1.mbrace.or.jp/od2/B/202608/b260815.lzh,2026-10-03T18:31:59.997492+09:00
20260815,09,津,5,20260815-09-05,1,4856,豊田健士,30,三重,52.0,A1,7.07,52.34,7.5,62.92,37,38.03,20,30.71,,12,https://www1.mbrace.or.jp/od2/B/202608/b260815.lzh,2026-10-03T18:31:59.997492+09:00
20260815,09,津,5,20260815-09-05,2,3842,星野太郎,50,三重,54.0,B1,4.73,28.21,5.44,37.1,67,36.75,45,37.29,,,https://www1.mbrace.or.jp/od2/B/202608/b260815.lzh,2026-10-03T18:31:59.997492+09:00
20260815,09,津,5,20260815-09-05,3,5130,上野拓馬,28,三重,53.0,B1,4.73,18.35,4.82,26.13,48,35.46,24,32.21,,11,https://www1.mbrace.or.jp/od2/B/202608/b260815.lzh,2026-10-03T18:31:59.997492+09:00
20260815,09,津,5,20260815-09-05,4,4594,谷川祐一,44,滋賀,52.0,B1,6.17,46.08,6.03,36.67,44,45.76,66,30.58,,10,https://www1.mbrace.or.jp/od2/B/202608/b260815.lzh,2026-10-03T18:31:59.997492+09:00
20260815,09,津,5,20260815-09-05,5,4181,花本夏樹,43,三重,53.0,B1,3.48,8.33,4.49,21.85,14,30.53,38,34.53,,,https://www1.mbrace.or.jp/od2/B/202608/b260815.lzh,2026-10-03T18:31:59.997492+09:00
20260815,09,津,5,20260815-09-05,6,5416,龍田真白,20,三重,44.0,B1,2.79,8.82,1.75,2.78,28,35.11,40,32.5,,,https://www1.mbrace.or.jp/od2/B/202608/b260815.lzh,2026-10-03T18:31:59.997492+09:00
20260815,09,津,6,20260815-09-06,1,4273,佐藤旭,44,静岡,54.0,B1,5.16,31.58,4.11,16.67,20,31.67,65,33.33,,,https://www1.mbrace.or.jp/od2/B/202608/b260815.lzh,2026-10-03T18:31:59.997492+09:00
20260815,09,津,6,20260815-09-06,2,3918,深井利寿,52,滋賀,51.0,A1,6.67,45.9,4.71,14.29,13,33.33,63,34.11,,11,https://www1.mbrace.or.jp/od2/B/202608/b260815.lzh,2026-10-03T18:31:59.997492+09:00
20260815,09,津,6,20260815-09-06,3,4962,畑竜生,30,三重,52.0,A2,5.29,32.26,5.79,35.0,59,30.14,25,36.62,,,https://www1.mbrace.or.jp/od2/B/202608/b260815.lzh,2026-10-03T18:31:59.997492+09:00
20260815,09,津,6,20260815-09-06,4,3392,小森信雄,60,三重,53.0,B1,4.37,17.2,4.27,18.57,45,25.0,64,29.31,,,https://www1.mbrace.or.jp/od2/B/202608/b260815.lzh,2026-10-03T18:31:59.997492+09:00
20260815,09,津,6,20260815-09-06,5,5445,一ノ木匠,24,三重,52.0,B2,1.48,0.0,1.89,0.0,63,31.58,37,32.86,,1,https://www1.mbrace.or.jp/od2/B/202608/b260815.lzh,2026-10-03T18:31:59.997492+09:00
20260815,09,津,6,20260815-09-06,6,4024,井口佳典,48,三重,53.0,A1,6.69,45.45,7.77,65.45,38,36.8,23,35.4,,12,https://www1.mbrace.or.jp/od2/B/202608/b260815.lzh,2026-10-03T18:31:59.997492+09:00
20260815,09,津,7,20260815-09-07,1,5344,谷口丞,23,滋賀,53.0,B1,5.35,32.26,4.8,20.0,39,42.22,69,32.84,,,https://www1.mbrace.or.jp/od2/B/202608/b260815.lzh,2026-10-03T18:31:59.997492+09:00
20260815,09,津,7,20260815-09-07,2,4229,市川美宏,43,静岡,54.0,B1,4.32,17.81,4.94,31.25,31,40.0,12,29.85,,1,https://www1.mbrace.or.jp/od2/B/202608/b260815.lzh,2026-10-03T18:31:59.997492+09:00
20260815,09,津,7,20260815-09-07,3,4344,新田雄史,41,三重,53.0,A1,7.91,56.88,8.02,66.93,18,34.26,56,39.23,,12,https://www1.mbrace.or.jp/od2/B/202608/b260815.lzh,2026-10-03T18:31:59.997492+09:00
20260815,09,津,7,20260815-09-07,4,4156,浜野孝志,45,三重,56.0,A2,5.34,30.0,5.82,40.66,54,27.36,67,34.09,,,https://www1.mbrace.or.jp/od2/B/202608/b260815.lzh,2026-10-03T18:31:59.997492+09:00
20260815,09,津,7,20260815-09-07,5,5183,中野孝二,27,三重,54.0,B1,4.83,29.55,5.1,30.25,73,35.56,36,30.56,,,https://www1.mbrace.or.jp/od2/B/202608/b260815.lzh,2026-10-03T18:31:59.997492+09:00
20260815,09,津,7,20260815-09-07,6,4579,中嶋健一,37,三重,54.0,A2,6.01,38.24,6.66,46.62,30,28.78,19,30.51,,2,https://www1.mbrace.or.jp/od2/B/202608/b260815.lzh,2026-10-03T18:31:59.997492+09:00
20260815,09,津,8,20260815-09-08,1,4804,高田ひか,32,三重,47.0,A1,6.17,43.86,6.23,44.55,41,41.61,74,37.12,,12,https://www1.mbrace.or.jp/od2/B/202608/b260815.lzh,2026-10-03T18:31:59.997492+09:00
20260815,09,津,8,20260815-09-08,2,5204,宇恵有香,29,三重,46.0,B2,4.55,20.48,4.85,25.93,17,25.95,49,38.21,,1,https://www1.mbrace.or.jp/od2/B/202608/b260815.lzh,2026-10-03T18:31:59.997492+09:00
20260815,09,津,8,20260815-09-08,3,4689,豊田結,33,静岡,54.0,B1,5.26,32.56,5.38,34.62,33,30.61,17,34.07,,2,https://www1.mbrace.or.jp/od2/B/202608/b260815.lzh,2026-10-03T18:31:59.997492+09:00
20260815,09,津,8,20260815-09-08,4,5399,長野未来,24,三重,44.0,B2,1.35,0.0,1.48,0.0,60,30.4,75,53.51,,3,https://www1.mbrace.or.jp/od2/B/202608/b260815.lzh,2026-10-03T18:31:59.997492+09:00
20260815,09,津,8,20260815-09-08,5,4244,鈴木成美,39,静岡,45.0,B2,4.39,30.43,4.54,32.43,32,37.5,26,39.84,,,https://www1.mbrace.or.jp/od2/B/202608/b260815.lzh,2026-10-03T18:31:59.997492+09:00
20260815,09,津,8,20260815-09-08,6,5461,板頭里緒,19,三重,48.0,B2,1.15,0.0,1.0,0.0,43,26.89,57,36.91,,,https://www1.mbrace.or.jp/od2/B/202608/b260815.lzh,2026-10-03T18:31:59.997492+09:00
20260815,09,津,9,20260815-09-09,1,3931,黒崎竜也,50,三重,51.0,A2,5.9,37.76,5.51,34.21,25,38.74,52,32.79,,,https://www1.mbrace.or.jp/od2/B/202608/b260815.lzh,2026-10-03T18:31:59.997492+09:00
20260815,09,津,9,20260815-09-09,2,4207,松下一也,43,静岡,54.0,A1,6.15,51.09,6.47,50.0,16,38.33,21,32.61,,,https://www1.mbrace.or.jp/od2/B/202608/b260815.lzh,2026-10-03T18:31:59.997492+09:00
20260815,09,津,9,20260815-09-09,3,5354,渡邊雄斗,21,三重,52.0,B1,3.79,18.39,2.56,8.64,56,37.82,13,31.78,,4,https://www1.mbrace.or.jp/od2/B/202608/b260815.lzh,2026-10-03T18:31:59.997492+09:00
20260815,09,津,9,20260815-09-09,4,4261,岡祐臣,42,三重,54.0,A2,6.31,45.76,6.34,44.06,26,30.43,11,37.14,,1,https://www1.mbrace.or.jp/od2/B/202608/b260815.lzh,2026-10-03T18:31:59.997492+09:00
20260815,09,津,9,20260815-09-09,5,3268,森竜也,61,三重,53.0,B1,4.52,27.36,4.68,34.0,49,41.13,31,39.66,,2,https://www1.mbrace.or.jp/od2/B/202608/b260815.lzh,2026-10-03T18:31:59.997492+09:00
20260815,09,津,9,20260815-09-09,6,4358,松本庸平,41,三重,49.0,B1,4.07,25.84,4.63,30.83,22,41.43,60,32.56,,3,https://www1.mbrace.or.jp/od2/B/202608/b260815.lzh,2026-10-03T18:31:59.997492+09:00
20260815,09,津,10,20260815-09-10,1,4357,田中和也,42,大阪,52.0,A1,6.53,52.07,6.72,44.44,36,42.02,62,30.91,,4,https://www1.mbrace.or.jp/od2/B/202608/b260815.lzh,2026-10-03T18:31:59.997492+09:00
20260815,09,津,10,20260815-09-10,2,4594,谷川祐一,44,滋賀,52.0,B1,6.17,46.08,6.03,36.67,44,45.76,66,30.58,,5,https://www1.mbrace.or.jp/od2/B/202608/b260815.lzh,2026-10-03T18:31:59.997492+09:00
20260815,09,津,10,20260815-09-10,3,4049,荒川健太,45,三重,56.0,A2,6.33,44.19,6.64,49.22,21,40.0,70,32.87,,3,https://www1.mbrace.or.jp/od2/B/202608/b260815.lzh,2026-10-03T18:31:59.997492+09:00
20260815,09,津,10,20260815-09-10,4,4808,松尾拓,37,三重,50.0,A2,6.32,47.0,6.67,49.69,64,34.33,46,44.37,,,https://www1.mbrace.or.jp/od2/B/202608/b260815.lzh,2026-10-03T18:31:59.997492+09:00
20260815,09,津,10,20260815-09-10,5,3852,澤大介,53,三重,51.0,B1,4.77,24.1,5.45,32.81,35,36.09,34,43.9,,2,https://www1.mbrace.or.jp/od2/B/202608/b260815.lzh,2026-10-03T18:31:59.997492+09:00
20260815,09,津,10,20260815-09-10,6,4623,中北将史,41,三重,53.0,B1,4.74,29.09,4.89,26.67,68,37.91,30,35.77,,1,https://www1.mbrace.or.jp/od2/B/202608/b260815.lzh,2026-10-03T18:31:59.997492+09:00
20260815,09,津,11,20260815-09-11,1,4494,河合佑樹,39,静岡,53.0,A1,6.67,42.35,8.25,72.73,12,24.0,15,32.52,,3,https://www1.mbrace.or.jp/od2/B/202608/b260815.lzh,2026-10-03T18:31:59.997492+09:00
20260815,09,津,11,20260815-09-11,2,4754,松尾充,37,三重,52.0,A2,6.44,45.11,6.91,53.95,24,37.5,16,42.86,,2,https://www1.mbrace.or.jp/od2/B/202608/b260815.lzh,2026-10-03T18:31:59.997492+09:00
20260815,09,津,11,20260815-09-11,3,3904,森貴洋,49,大阪,55.0,B1,5.14,34.94,5.4,30.0,55,33.06,29,37.23,,1,https://www1.mbrace.or.jp/od2/B/202608/b260815.lzh,2026-10-03T18:31:59.997492+09:00
20260815,09,津,11,20260815-09-11,4,3918,深井利寿,52,滋賀,51.0,A1,6.67,45.9,4.71,14.29,13,33.33,63,34.11,,6,https://www1.mbrace.or.jp/od2/B/202608/b260815.lzh,2026-10-03T18:31:59.997492+09:00
20260815,09,津,11,20260815-09-11,5,5010,宇留田翔,29,三重,54.0,A2,5.75,41.67,5.81,38.64,58,41.18,76,41.53,,4,https://www1.mbrace.or.jp/od2/B/202608/b260815.lzh,2026-10-03T18:31:59.997492+09:00
20260815,09,津,11,20260815-09-11,6,5130,上野拓馬,28,三重,53.0,B1,4.73,18.35,4.82,26.13,48,35.46,24,32.21,,5,https://www1.mbrace.or.jp/od2/B/202608/b260815.lzh,2026-10-03T18:31:59.997492+09:00
20260815,09,津,12,20260815-09-12,1,4344,新田雄史,41,三重,53.0,A1,7.91,56.88,8.02,66.93,18,34.26,56,39.23,,7,https://www1.mbrace.or.jp/od2/B/202608/b260815.lzh,2026-10-03T18:31:59.997492+09:00
20260815,09,津,12,20260815-09-12,2,4856,豊田健士,30,三重,52.0,A1,7.07,52.34,7.5,62.92,37,38.03,20,30.71,,5,https://www1.mbrace.or.jp/od2/B/202608/b260815.lzh,2026-10-03T18:31:59.997492+09:00
20260815,09,津,12,20260815-09-12,3,4024,井口佳典,48,三重,53.0,A1,6.69,45.45,7.77,65.45,38,36.8,23,35.4,,6,https://www1.mbrace.or.jp/od2/B/202608/b260815.lzh,2026-10-03T18:31:59.997492+09:00
20260815,09,津,12,20260815-09-12,4,3984,坂口周,48,三重,53.0,A1,6.26,39.37,6.77,54.69,15,38.21,50,31.36,,,https://www1.mbrace.or.jp/od2/B/202608/b260815.lzh,2026-10-03T18:31:59.997492+09:00
20260815,09,津,12,20260815-09-12,5,4804,高田ひか,32,三重,47.0,A1,6.17,43.86,6.23,44.55,41,41.61,74,37.12,,8,https://www1.mbrace.or.jp/od2/B/202608/b260815.lzh,2026-10-03T18:31:59.997492+09:00
20260815,09,津,12,20260815-09-12,6,4796,春園功太,35,三重,53.0,A1,6.25,47.32,6.92,55.74,51,41.67,28,36.22,,4,https://www1.mbrace.or.jp/od2/B/202608/b260815.lzh,2026-10-03T18:31:59.997492+09:00
20260815,08,常滑,1,20260815-08-01,1,4435,服部達哉,40,愛知,54.0,A2,5.63,36.78,4.87,29.85,5,36.15,59,26.32,4 261 4565,,https://www1.mbrace.or.jp/od2/B/202608/b260815.lzh,2026-10-03T18:31:59.997492+09:00
20260815,08,常滑,1,20260815-08-01,2,4979,中野夢斗,30,愛知,53.0,B1,4.88,30.3,4.91,29.85,39,41.36,76,38.46,5 S4254 5,6,https://www1.mbrace.or.jp/od2/B/202608/b260815.lzh,2026-10-03T18:31:59.997492+09:00
20260815,08,常滑,1,20260815-08-01,3,4837,酒井陽祐,37,愛知,51.0,B1,4.88,31.71,4.91,33.96,30,43.01,65,38.1,153 642 21,9,https://www1.mbrace.or.jp/od2/B/202608/b260815.lzh,2026-10-03T18:31:59.997492+09:00
20260815,08,常滑,1,20260815-08-01,4,3831,安藤裕貴,52,愛知,54.0,B1,4.21,25.84,5.0,34.38,32,29.9,33,11.11,352 655 1,8,https://www1.mbrace.or.jp/od2/B/202608/b260815.lzh,2026-10-03T18:31:59.997492+09:00
20260815,08,常滑,1,20260815-08-01,5,4527,高野心吾,38,愛知,52.0,B1,4.44,24.36,4.18,21.62,54,29.69,60,56.25,634 366 2,8,https://www1.mbrace.or.jp/od2/B/202608/b260815.lzh,2026-10-03T18:31:59.997492+09:00
20260815,08,常滑,1,20260815-08-01,6,4665,加藤啓太,42,愛知,52.0,B1,4.08,17.44,4.61,25.81,59,41.21,56,24.14,352 136 51,5,https://www1.mbrace.or.jp/od2/B/202608/b260815.lzh,2026-10-03T18:31:59.997492+09:00
20260815,08,常滑,2,20260815-08-02,1,3528,笠野友紀,55,愛知,48.0,B1,4.14,14.1,3.99,19.48,60,33.64,53,48.15,2 654 456,6,https://www1.mbrace.or.jp/od2/B/202608/b260815.lzh,2026-10-03T18:31:59.997492+09:00
20260815,08,常滑,2,20260815-08-02,2,3302,谷川里江,59,愛知,46.0,B1,5.38,39.34,5.51,36.84,45,30.66,75,33.33,461 152 26,10,https://www1.mbrace.or.jp/od2/B/202608/b260815.lzh,2026-10-03T18:31:59.997492+09:00
20260815,08,常滑,2,20260815-08-02,3,4901,出口舞有,33,愛知,45.0,B1,5.54,31.76,0.0,0.0,7,33.33,19,37.04,565 332 5,8,https://www1.mbrace.or.jp/od2/B/202608/b260815.lzh,2026-10-03T18:31:59.997492+09:00
20260815,08,常滑,2,20260815-08-02,4,5472,中川海虹,16,愛知,42.0,B2,1.0,0.0,1.0,0.0,4,32.51,64,40.63,666 666 6,8,https://www1.mbrace.or.jp/od2/B/202608/b260815.lzh,2026-10-03T18:31:59.997492+09:00
20260815,08,常滑,2,20260815-08-02,5,4678,水野望美,37,愛知,46.0,B1,4.66,27.03,5.49,38.67,38,31.13,42,21.43,5 322 5446,9,https://www1.mbrace.or.jp/od2/B/202608/b260815.lzh,2026-10-03T18:31:59.997492+09:00
20260815,08,常滑,2,20260815-08-02,6,5410,今泉澪,21,愛知,50.0,B2,2.13,6.25,1.15,0.0,3,46.57,66,32.0,565 666 6,7,https://www1.mbrace.or.jp/od2/B/202608/b260815.lzh,2026-10-03T18:31:59.997492+09:00
20260815,08,常滑,3,20260815-08-03,1,3929,杢野誓良,50,愛知,51.0,B1,4.06,17.98,4.48,22.62,50,34.36,57,51.52,4 244 4335,8,https://www1.mbrace.or.jp/od2/B/202608/b260815.lzh,2026-10-03T18:31:59.997492+09:00
20260815,08,常滑,3,20260815-08-03,2,5232,樅山拓馬,28,愛知,52.0,B1,5.19,28.89,2.74,5.26,28,29.7,35,27.59,422 21461,7,https://www1.mbrace.or.jp/od2/B/202608/b260815.lzh,2026-10-03T18:31:59.997492+09:00
20260815,08,常滑,3,20260815-08-03,3,4526,池田雄祐,38,愛知,51.0,A2,4.82,26.32,6.35,47.37,53,39.0,46,26.92,443 234325,10,https://www1.mbrace.or.jp/od2/B/202608/b260815.lzh,2026-10-03T18:31:59.997492+09:00
20260815,08,常滑,3,20260815-08-03,4,4016,西川新太,46,愛知,57.0,B1,5.5,33.66,6.02,42.0,14,49.75,43,33.33,644 521 34,7,https://www1.mbrace.or.jp/od2/B/202608/b260815.lzh,2026-10-03T18:31:59.997492+09:00
20260815,08,常滑,3,20260815-08-03,5,5347,井澤聖奈,22,愛知,45.0,B2,1.64,0.0,1.28,0.0,24,33.01,72,41.67,3 465 666,9,https://www1.mbrace.or.jp/od2/B/202608/b260815.lzh,2026-10-03T18:31:59.997492+09:00
20260815,08,常滑,3,20260815-08-03,6,4630,岩永雅人,39,愛知,53.0,A2,6.03,38.81,6.33,48.19,35,44.88,26,51.85,4 52S 644,8,https://www1.mbrace.or.jp/od2/B/202608/b260815.lzh,2026-10-03T18:31:59.997492+09:00
20260815,08,常滑,4,20260815-08-04,1,4074,柳沢一,45,愛知,52.0,A1,6.54,48.33,6.73,52.88,16,37.02,22,43.75,3235153115,10,https://www1.mbrace.or.jp/od2/B/202608/b260815.lzh,2026-10-03T18:31:59.997492+09:00
20260815,08,常滑,4,20260815-08-04,2,4752,西尾亮輔,38,愛知,51.0,B1,4.2,21.69,4.27,20.97,29,34.78,50,37.04,5 565 263,9,https://www1.mbrace.or.jp/od2/B/202608/b260815.lzh,2026-10-03T18:31:59.997492+09:00
20260815,08,常滑,4,20260815-08-04,3,4142,平野和明,45,愛知,54.0,A2,5.7,32.14,5.29,24.68,55,26.92,63,31.03,622 242346,11,https://www1.mbrace.or.jp/od2/B/202608/b260815.lzh,2026-10-03T18:31:59.997492+09:00
20260815,08,常滑,4,20260815-08-04,4,3315,広瀬聖仁,60,愛知,53.0,B1,4.31,22.67,4.99,27.06,8,34.95,34,43.75,3 241 5635,9,https://www1.mbrace.or.jp/od2/B/202608/b260815.lzh,2026-10-03T18:31:59.997492+09:00
20260815,08,常滑,4,20260815-08-04,5,5318,河内一馬,25,愛知,54.0,B1,3.92,18.68,2.08,3.13,9,42.86,69,32.14,234 462 52,,https://www1.mbrace.or.jp/od2/B/202608/b260815.lzh,2026-10-03T18:31:59.997492+09:00
20260815,08,常滑,4,20260815-08-04,6,5082,一色凌雅,27,愛知,57.0,B1,5.23,33.64,4.14,14.29,57,33.85,18,37.93,222 314113,10,https://www1.mbrace.or.jp/od2/B/202608/b260815.lzh,2026-10-03T18:31:59.997492+09:00
20260815,08,常滑,5,20260815-08-05,1,3542,清水紀克,57,愛知,57.0,B1,4.12,20.43,4.08,20.22,51,35.15,55,43.33,1 35565 6,9,https://www1.mbrace.or.jp/od2/B/202608/b260815.lzh,2026-10-03T18:31:59.997492+09:00
20260815,08,常滑,5,20260815-08-05,2,5125,高井雄基,30,愛知,52.0,A2,5.06,28.13,5.61,33.33,12,41.84,12,10.71,1 15344636,11,https://www1.mbrace.or.jp/od2/B/202608/b260815.lzh,2026-10-03T18:31:59.997492+09:00
20260815,08,常滑,5,20260815-08-05,3,4665,加藤啓太,42,愛知,52.0,B1,4.08,17.44,4.61,25.81,59,41.21,56,24.14,352 136 51,1,https://www1.mbrace.or.jp/od2/B/202608/b260815.lzh,2026-10-03T18:31:59.997492+09:00
20260815,08,常滑,5,20260815-08-05,4,5074,大澤誠也,30,愛知,56.0,B1,4.16,20.0,4.2,20.0,31,42.16,67,35.71,543 524 63,,https://www1.mbrace.or.jp/od2/B/202608/b260815.lzh,2026-10-03T18:31:59.997492+09:00
20260815,08,常滑,5,20260815-08-05,5,4910,中村泰平,30,愛知,51.0,A1,7.08,57.29,6.58,49.35,56,28.42,73,44.83,31645 2123,10,https://www1.mbrace.or.jp/od2/B/202608/b260815.lzh,2026-10-03T18:31:59.997492+09:00
20260815,08,常滑,5,20260815-08-05,6,5002,上田健太,30,愛知,52.0,A2,5.37,32.67,5.52,39.24,1,35.2,74,40.74,133 461113,11,https://www1.mbrace.or.jp/od2/B/202608/b260815.lzh,2026-10-03T18:31:59.997492+09:00
20260815,08,常滑,6,20260815-08-06,1,4084,杉山正樹,46,愛知,56.0,A1,6.44,43.61,6.74,48.87,13,31.44,15,20.0,5411213234,10,https://www1.mbrace.or.jp/od2/B/202608/b260815.lzh,2026-10-03T18:31:59.997492+09:00
20260815,08,常滑,6,20260815-08-06,2,4293,鈴木智啓,41,愛知,60.0,B1,4.98,30.0,5.05,32.81,21,35.5,36,41.67,4 334 3545,,https://www1.mbrace.or.jp/od2/B/202608/b260815.lzh,2026-10-03T18:31:59.997492+09:00
20260815,08,常滑,6,20260815-08-06,3,4979,中野夢斗,30,愛知,53.0,B1,4.88,30.3,4.91,29.85,39,41.36,76,38.46,5 S4254 5,1,https://www1.mbrace.or.jp/od2/B/202608/b260815.lzh,2026-10-03T18:31:59.997492+09:00
20260815,08,常滑,6,20260815-08-06,4,4409,坂元浩仁,40,愛知,56.0,A1,6.31,47.87,6.56,48.89,40,32.5,44,50.0,1615311224,11,https://www1.mbrace.or.jp/od2/B/202608/b260815.lzh,2026-10-03T18:31:59.997492+09:00
20260815,08,常滑,6,20260815-08-06,5,3528,笠野友紀,55,愛知,48.0,B1,4.14,14.1,3.99,19.48,60,33.64,53,48.15,2 654 456,2,https://www1.mbrace.or.jp/od2/B/202608/b260815.lzh,2026-10-03T18:31:59.997492+09:00
20260815,08,常滑,6,20260815-08-06,6,5405,竹内来,22,愛知,52.0,B1,2.19,0.0,1.52,0.0,20,33.17,29,23.08,6 564 5552,,https://www1.mbrace.or.jp/od2/B/202608/b260815.lzh,2026-10-03T18:31:59.997492+09:00
20260815,08,常滑,7,20260815-08-07,1,3690,河合三弘,55,愛知,52.0,B1,4.87,31.0,4.32,22.0,36,31.19,20,35.71,2 346 5646,,https://www1.mbrace.or.jp/od2/B/202608/b260815.lzh,2026-10-03T18:31:59.997492+09:00
20260815,08,常滑,7,20260815-08-07,2,4016,西川新太,46,愛知,57.0,B1,5.5,33.66,6.02,42.0,14,49.75,43,33.33,644 521 34,3,https://www1.mbrace.or.jp/od2/B/202608/b260815.lzh,2026-10-03T18:31:59.997492+09:00
20260815,08,常滑,7,20260815-08-07,3,4118,宇佐見淳,45,愛知,53.0,A2,5.72,36.44,6.0,39.76,25,28.99,54,18.52,13635 1335,11,https://www1.mbrace.or.jp/od2/B/202608/b260815.lzh,2026-10-03T18:31:59.997492+09:00
20260815,08,常滑,7,20260815-08-07,4,3687,花田和明,56,愛知,52.0,B1,4.97,29.89,5.12,30.0,26,34.43,11,37.04,2 135 1414,11,https://www1.mbrace.or.jp/od2/B/202608/b260815.lzh,2026-10-03T18:31:59.997492+09:00
20260815,08,常滑,7,20260815-08-07,5,5410,今泉澪,21,愛知,50.0,B2,2.13,6.25,1.15,0.0,3,46.57,66,32.0,565 666 6,2,https://www1.mbrace.or.jp/od2/B/202608/b260815.lzh,2026-10-03T18:31:59.997492+09:00
20260815,08,常滑,7,20260815-08-07,6,5232,樅山拓馬,28,愛知,52.0,B1,5.19,28.89,2.74,5.26,28,29.7,35,27.59,422 21461,3,https://www1.mbrace.or.jp/od2/B/202608/b260815.lzh,2026-10-03T18:31:59.997492+09:00
20260815,08,常滑,8,20260815-08-08,1,3831,安藤裕貴,52,愛知,54.0,B1,4.21,25.84,5.0,34.38,32,29.9,33,11.11,352 655 1,1,https://www1.mbrace.or.jp/od2/B/202608/b260815.lzh,2026-10-03T18:31:59.997492+09:00
20260815,08,常滑,8,20260815-08-08,2,4527,高野心吾,38,愛知,52.0,B1,4.44,24.36,4.18,21.62,54,29.69,60,56.25,634 366 2,1,https://www1.mbrace.or.jp/od2/B/202608/b260815.lzh,2026-10-03T18:31:59.997492+09:00
20260815,08,常滑,8,20260815-08-08,3,4630,岩永雅人,39,愛知,53.0,A2,6.03,38.81,6.33,48.19,35,44.88,26,51.85,4 52S 644,3,https://www1.mbrace.or.jp/od2/B/202608/b260815.lzh,2026-10-03T18:31:59.997492+09:00
20260815,08,常滑,8,20260815-08-08,4,3929,杢野誓良,50,愛知,51.0,B1,4.06,17.98,4.48,22.62,50,34.36,57,51.52,4 244 4335,3,https://www1.mbrace.or.jp/od2/B/202608/b260815.lzh,2026-10-03T18:31:59.997492+09:00
20260815,08,常滑,8,20260815-08-08,5,4901,出口舞有,33,愛知,45.0,B1,5.54,31.76,0.0,0.0,7,33.33,19,37.04,565 332 5,2,https://www1.mbrace.or.jp/od2/B/202608/b260815.lzh,2026-10-03T18:31:59.997492+09:00
20260815,08,常滑,8,20260815-08-08,6,5472,中川海虹,16,愛知,42.0,B2,1.0,0.0,1.0,0.0,4,32.51,64,40.63,666 666 6,2,https://www1.mbrace.or.jp/od2/B/202608/b260815.lzh,2026-10-03T18:31:59.997492+09:00
20260815,08,常滑,9,20260815-08-09,1,3315,広瀬聖仁,60,愛知,53.0,B1,4.31,22.67,4.99,27.06,8,34.95,34,43.75,3 241 5635,4,https://www1.mbrace.or.jp/od2/B/202608/b260815.lzh,2026-10-03T18:31:59.997492+09:00
20260815,08,常滑,9,20260815-08-09,2,4837,酒井陽祐,37,愛知,51.0,B1,4.88,31.71,4.91,33.96,30,43.01,65,38.1,153 642 21,1,https://www1.mbrace.or.jp/od2/B/202608/b260815.lzh,2026-10-03T18:31:59.997492+09:00
20260815,08,常滑,9,20260815-08-09,3,4678,水野望美,37,愛知,46.0,B1,4.66,27.03,5.49,38.67,38,31.13,42,21.43,5 322 5446,2,https://www1.mbrace.or.jp/od2/B/202608/b260815.lzh,2026-10-03T18:31:59.997492+09:00
20260815,08,常滑,9,20260815-08-09,4,3542,清水紀克,57,愛知,57.0,B1,4.12,20.43,4.08,20.22,51,35.15,55,43.33,1 35565 6,5,https://www1.mbrace.or.jp/od2/B/202608/b260815.lzh,2026-10-03T18:31:59.997492+09:00
20260815,08,常滑,9,20260815-08-09,5,4752,西尾亮輔,38,愛知,51.0,B1,4.2,21.69,4.27,20.97,29,34.78,50,37.04,5 565 263,4,https://www1.mbrace.or.jp/od2/B/202608/b260815.lzh,2026-10-03T18:31:59.997492+09:00
20260815,08,常滑,9,20260815-08-09,6,5347,井澤聖奈,22,愛知,45.0,B2,1.64,0.0,1.28,0.0,24,33.01,72,41.67,3 465 666,3,https://www1.mbrace.or.jp/od2/B/202608/b260815.lzh,2026-10-03T18:31:59.997492+09:00
20260815,08,常滑,10,20260815-08-10,1,5082,一色凌雅,27,愛知,57.0,B1,5.23,33.64,4.14,14.29,57,33.85,18,37.93,222 314113,4,https://www1.mbrace.or.jp/od2/B/202608/b260815.lzh,2026-10-03T18:31:59.997492+09:00
20260815,08,常滑,10,20260815-08-10,2,4910,中村泰平,30,愛知,51.0,A1,7.08,57.29,6.58,49.35,56,28.42,73,44.83,31645 2123,5,https://www1.mbrace.or.jp/od2/B/202608/b260815.lzh,2026-10-03T18:31:59.997492+09:00
20260815,08,常滑,10,20260815-08-10,3,4084,杉山正樹,46,愛知,56.0,A1,6.44,43.61,6.74,48.87,13,31.44,15,20.0,5411213234,6,https://www1.mbrace.or.jp/od2/B/202608/b260815.lzh,2026-10-03T18:31:59.997492+09:00
20260815,08,常滑,10,20260815-08-10,4,4074,柳沢一,45,愛知,52.0,A1,6.54,48.33,6.73,52.88,16,37.02,22,43.75,3235153115,4,https://www1.mbrace.or.jp/od2/B/202608/b260815.lzh,2026-10-03T18:31:59.997492+09:00
20260815,08,常滑,10,20260815-08-10,5,4526,池田雄祐,38,愛知,51.0,A2,4.82,26.32,6.35,47.37,53,39.0,46,26.92,443 234325,3,https://www1.mbrace.or.jp/od2/B/202608/b260815.lzh,2026-10-03T18:31:59.997492+09:00
20260815,08,常滑,10,20260815-08-10,6,3302,谷川里江,59,愛知,46.0,B1,5.38,39.34,5.51,36.84,45,30.66,75,33.33,461 152 26,2,https://www1.mbrace.or.jp/od2/B/202608/b260815.lzh,2026-10-03T18:31:59.997492+09:00
20260815,08,常滑,11,20260815-08-11,1,5002,上田健太,30,愛知,52.0,A2,5.37,32.67,5.52,39.24,1,35.2,74,40.74,133 461113,5,https://www1.mbrace.or.jp/od2/B/202608/b260815.lzh,2026-10-03T18:31:59.997492+09:00
20260815,08,常滑,11,20260815-08-11,2,4409,坂元浩仁,40,愛知,56.0,A1,6.31,47.87,6.56,48.89,40,32.5,44,50.0,1615311224,6,https://www1.mbrace.or.jp/od2/B/202608/b260815.lzh,2026-10-03T18:31:59.997492+09:00
20260815,08,常滑,11,20260815-08-11,3,3687,花田和明,56,愛知,52.0,B1,4.97,29.89,5.12,30.0,26,34.43,11,37.04,2 135 1414,7,https://www1.mbrace.or.jp/od2/B/202608/b260815.lzh,2026-10-03T18:31:59.997492+09:00
20260815,08,常滑,11,20260815-08-11,4,4118,宇佐見淳,45,愛知,53.0,A2,5.72,36.44,6.0,39.76,25,28.99,54,18.52,13635 1335,7,https://www1.mbrace.or.jp/od2/B/202608/b260815.lzh,2026-10-03T18:31:59.997492+09:00
20260815,08,常滑,11,20260815-08-11,5,4142,平野和明,45,愛知,54.0,A2,5.7,32.14,5.29,24.68,55,26.92,63,31.03,622 242346,4,https://www1.mbrace.or.jp/od2/B/202608/b260815.lzh,2026-10-03T18:31:59.997492+09:00
20260815,08,常滑,11,20260815-08-11,6,5125,高井雄基,30,愛知,52.0,A2,5.06,28.13,5.61,33.33,12,41.84,12,10.71,1 15344636,5,https://www1.mbrace.or.jp/od2/B/202608/b260815.lzh,2026-10-03T18:31:59.997492+09:00
20260815,08,常滑,12,20260815-08-12,1,3941,池田浩二,48,愛知,54.0,A1,7.64,46.96,8.03,64.71,41,33.01,71,33.33,2141233111,,https://www1.mbrace.or.jp/od2/B/202608/b260815.lzh,2026-10-03T18:31:59.997492+09:00
20260815,08,常滑,12,20260815-08-12,2,4850,野中一平,31,愛知,53.0,A2,6.18,42.5,6.2,43.9,19,34.15,14,41.38,111 423231,,https://www1.mbrace.or.jp/od2/B/202608/b260815.lzh,2026-10-03T18:31:59.997492+09:00
20260815,08,常滑,12,20260815-08-12,3,4604,岩瀬裕亮,38,愛知,52.0,A1,7.24,51.54,7.38,57.94,47,33.5,24,25.93,2315123221,,https://www1.mbrace.or.jp/od2/B/202608/b260815.lzh,2026-10-03T18:31:59.997492+09:00
20260815,08,常滑,12,20260815-08-12,4,3554,仲口博崇,54,愛知,53.0,A1,6.47,51.91,6.9,54.55,10,41.23,28,26.92,3511121542,,https://www1.mbrace.or.jp/od2/B/202608/b260815.lzh,2026-10-03T18:31:59.997492+09:00
20260815,08,常滑,12,20260815-08-12,5,3999,大瀧明日,47,愛知,45.0,A2,6.29,47.86,5.98,41.82,52,34.67,32,38.89,1212432 42,,https://www1.mbrace.or.jp/od2/B/202608/b260815.lzh,2026-10-03T18:31:59.997492+09:00
20260815,08,常滑,12,20260815-08-12,6,5252,荒木颯斗,23,愛知,52.0,A2,5.93,41.74,5.03,31.94,42,39.5,41,17.24,1 24331342,,https://www1.mbrace.or.jp/od2/B/202608/b260815.lzh,2026-10-03T18:31:59.997492+09:00
20260815,07,蒲郡,1,20260815-07-01,1,4461,安田吉宏,40,三重,58.0,B1,4.61,21.51,4.33,19.44,66,0.0,53,0.0,462 3 22,9,https://www1.mbrace.or.jp/od2/B/202608/b260815.lzh,2026-10-03T18:31:59.997492+09:00
20260815,07,蒲郡,1,20260815-07-01,2,4066,東本勝利,46,三重,53.0,A2,6.11,40.38,5.97,32.26,20,0.0,46,0.0,263 354,7,https://www1.mbrace.or.jp/od2/B/202608/b260815.lzh,2026-10-03T18:31:59.997492+09:00
20260815,07,蒲郡,1,20260815-07-01,3,5197,中野仁照,24,愛知,54.0,B2,5.82,40.54,7.06,60.0,29,0.0,11,0.0,335 423,10,https://www1.mbrace.or.jp/od2/B/202608/b260815.lzh,2026-10-03T18:31:59.997492+09:00
20260815,07,蒲郡,1,20260815-07-01,4,5098,大江純,30,愛知,53.0,B1,5.19,33.68,5.11,28.95,62,0.0,20,0.0,4 122 36,11,https://www1.mbrace.or.jp/od2/B/202608/b260815.lzh,2026-10-03T18:31:59.997492+09:00
20260815,07,蒲郡,1,20260815-07-01,5,4989,石原翼,29,静岡,52.0,A2,6.0,40.17,5.65,30.0,56,0.0,12,0.0,2 26245,12,https://www1.mbrace.or.jp/od2/B/202608/b260815.lzh,2026-10-03T18:31:59.997492+09:00
20260815,07,蒲郡,1,20260815-07-01,6,5316,村松将平,25,静岡,51.0,B1,5.6,38.46,2.85,5.77,25,0.0,36,0.0,362 5 66,,https://www1.mbrace.or.jp/od2/B/202608/b260815.lzh,2026-10-03T18:31:59.997492+09:00
20260815,07,蒲郡,2,20260815-07-02,1,3934,鋤柄貴俊,49,愛知,53.0,B1,4.98,24.41,5.32,30.51,21,0.0,45,0.0,2 15433,10,https://www1.mbrace.or.jp/od2/B/202608/b260815.lzh,2026-10-03T18:31:59.997492+09:00
20260815,07,蒲郡,2,20260815-07-02,2,4786,佐藤博亮,38,愛知,55.0,A1,6.65,53.97,6.25,48.15,49,0.0,54,0.0,232 3234,9,https://www1.mbrace.or.jp/od2/B/202608/b260815.lzh,2026-10-03T18:31:59.997492+09:00
20260815,07,蒲郡,2,20260815-07-02,3,3988,古川誠之,48,愛知,55.0,A2,6.23,40.54,6.15,43.08,32,0.0,40,0.0,4 43411,11,https://www1.mbrace.or.jp/od2/B/202608/b260815.lzh,2026-10-03T18:31:59.997492+09:00
20260815,07,蒲郡,2,20260815-07-02,4,3519,冨田秀幸,58,愛知,52.0,B1,4.07,18.31,3.73,18.18,28,0.0,22,0.0,4 26345,6,https://www1.mbrace.or.jp/od2/B/202608/b260815.lzh,2026-10-03T18:31:59.997492+09:00
20260815,07,蒲郡,2,20260815-07-02,5,3893,汐崎正則,50,愛知,54.0,B1,5.53,34.94,4.97,34.21,57,0.0,21,0.0,645 2 15,7,https://www1.mbrace.or.jp/od2/B/202608/b260815.lzh,2026-10-03T18:31:59.997492+09:00
20260815,07,蒲郡,2,20260815-07-02,6,5321,一色颯輝,24,愛知,54.0,B1,5.02,32.31,4.36,25.0,58,0.0,62,0.0,646 4 6S,,https://www1.mbrace.or.jp/od2/B/202608/b260815.lzh,2026-10-03T18:31:59.997492+09:00
20260815,07,蒲郡,3,20260815-07-03,1,4442,松竹大輔,39,愛知,53.0,B1,6.3,50.0,5.76,41.03,14,0.0,34,0.0,1 152143,11,https://www1.mbrace.or.jp/od2/B/202608/b260815.lzh,2026-10-03T18:31:59.997492+09:00
20260815,07,蒲郡,3,20260815-07-03,2,4067,永井源,46,愛知,53.0,A2,6.38,48.12,6.37,49.59,22,0.0,41,0.0,1 565 35,8,https://www1.mbrace.or.jp/od2/B/202608/b260815.lzh,2026-10-03T18:31:59.997492+09:00
20260815,07,蒲郡,3,20260815-07-03,3,4209,藤田竜弘,43,静岡,56.0,A2,5.84,36.17,5.61,34.43,12,0.0,25,0.0,4 12342,10,https://www1.mbrace.or.jp/od2/B/202608/b260815.lzh,2026-10-03T18:31:59.997492+09:00
20260815,07,蒲郡,3,20260815-07-03,4,4139,丹下健,45,愛知,54.0,B1,4.29,25.88,5.55,38.67,50,0.0,52,0.0,523 6 52,,https://www1.mbrace.or.jp/od2/B/202608/b260815.lzh,2026-10-03T18:31:59.997492+09:00
20260815,07,蒲郡,3,20260815-07-03,5,3637,齋藤和政,55,愛知,54.0,B1,3.64,15.79,5.0,26.32,63,0.0,43,0.0,454 5 24,,https://www1.mbrace.or.jp/od2/B/202608/b260815.lzh,2026-10-03T18:31:59.997492+09:00
20260815,07,蒲郡,3,20260815-07-03,6,5068,前田滉,26,愛知,51.0,A1,7.84,64.84,7.29,61.29,47,0.0,37,0.0,16311121,9,https://www1.mbrace.or.jp/od2/B/202608/b260815.lzh,2026-10-03T18:31:59.997492+09:00
20260815,07,蒲郡,4,20260815-07-04,1,4509,平見真彦,37,愛知,54.0,A2,5.82,34.15,5.73,36.73,30,0.0,55,0.0,551 122,9,https://www1.mbrace.or.jp/od2/B/202608/b260815.lzh,2026-10-03T18:31:59.997492+09:00
20260815,07,蒲郡,4,20260815-07-04,2,4467,渡邉俊介,39,愛知,51.0,A1,6.5,43.59,6.13,51.92,53,0.0,18,0.0,333 441,9,https://www1.mbrace.or.jp/od2/B/202608/b260815.lzh,2026-10-03T18:31:59.997492+09:00
20260815,07,蒲郡,4,20260815-07-04,3,4306,畔柳俊吾,42,愛知,50.0,B1,4.68,25.26,4.32,17.86,11,0.0,29,0.0,1 643 43,12,https://www1.mbrace.or.jp/od2/B/202608/b260815.lzh,2026-10-03T18:31:59.997492+09:00
20260815,07,蒲郡,4,20260815-07-04,4,4035,杉江浩明,47,愛知,52.0,B1,3.91,23.01,4.29,20.83,17,0.0,32,0.0,4 66556,,https://www1.mbrace.or.jp/od2/B/202608/b260815.lzh,2026-10-03T18:31:59.997492+09:00
20260815,07,蒲郡,4,20260815-07-04,5,4337,平本真之,42,愛知,57.0,A1,7.47,51.11,7.43,52.43,48,0.0,39,0.0,21331335,10,https://www1.mbrace.or.jp/od2/B/202608/b260815.lzh,2026-10-03T18:31:59.997492+09:00
20260815,07,蒲郡,4,20260815-07-04,6,5439,志賀美優,20,愛知,49.0,B2,1.58,1.52,1.18,0.0,26,0.0,47,0.0,666 665,,https://www1.mbrace.or.jp/od2/B/202608/b260815.lzh,2026-10-03T18:31:59.997492+09:00
20260815,07,蒲郡,5,20260815-07-05,1,4215,吉島祥之,41,愛知,56.0,A2,5.31,33.33,5.89,43.16,64,0.0,24,0.0,6 12163,11,https://www1.mbrace.or.jp/od2/B/202608/b260815.lzh,2026-10-03T18:31:59.997492+09:00
20260815,07,蒲郡,5,20260815-07-05,2,4565,西村豪洋,38,愛知,55.0,B1,3.97,14.14,4.89,28.57,54,0.0,17,0.0,3 266 24,12,https://www1.mbrace.or.jp/od2/B/202608/b260815.lzh,2026-10-03T18:31:59.997492+09:00
20260815,07,蒲郡,5,20260815-07-05,3,3848,川上聡介,49,愛知,55.0,B1,4.78,32.22,5.26,37.93,46,0.0,33,0.0,2 455 44,,https://www1.mbrace.or.jp/od2/B/202608/b260815.lzh,2026-10-03T18:31:59.997492+09:00
20260815,07,蒲郡,5,20260815-07-05,4,3730,塩崎優司,54,愛知,53.0,B1,4.04,20.24,4.8,36.36,61,0.0,15,0.0,555 426,,https://www1.mbrace.or.jp/od2/B/202608/b260815.lzh,2026-10-03T18:31:59.997492+09:00
20260815,07,蒲郡,5,20260815-07-05,5,4960,黒野元基,30,愛知,53.0,A1,7.44,60.68,7.25,61.4,16,0.0,35,0.0,25321211,9,https://www1.mbrace.or.jp/od2/B/202608/b260815.lzh,2026-10-03T18:31:59.997492+09:00
20260815,07,蒲郡,5,20260815-07-05,6,4586,磯部誠,35,愛知,56.0,A1,7.54,49.52,7.74,55.56,31,0.0,26,0.0,12111312,10,https://www1.mbrace.or.jp/od2/B/202608/b260815.lzh,2026-10-03T18:31:59.997492+09:00
20260815,07,蒲郡,6,20260815-07-06,1,4308,河村了,42,愛知,51.0,A1,6.64,46.15,6.93,53.33,52,0.0,57,0.0,34414112,10,https://www1.mbrace.or.jp/od2/B/202608/b260815.lzh,2026-10-03T18:31:59.997492+09:00
20260815,07,蒲郡,6,20260815-07-06,2,3519,冨田秀幸,58,愛知,52.0,B1,4.07,18.31,3.73,18.18,28,0.0,22,0.0,4 26345,2,https://www1.mbrace.or.jp/od2/B/202608/b260815.lzh,2026-10-03T18:31:59.997492+09:00
20260815,07,蒲郡,6,20260815-07-06,3,4897,深見亜由,34,愛知,44.0,B1,3.43,13.25,4.85,23.53,15,0.0,31,0.0,155 563,,https://www1.mbrace.or.jp/od2/B/202608/b260815.lzh,2026-10-03T18:31:59.997492+09:00
20260815,07,蒲郡,6,20260815-07-06,4,5230,石原凪紗,22,愛知,45.0,B1,4.76,32.5,4.11,25.93,59,0.0,30,0.0,454 5 15,,https://www1.mbrace.or.jp/od2/B/202608/b260815.lzh,2026-10-03T18:31:59.997492+09:00
20260815,07,蒲郡,6,20260815-07-06,5,5137,川原涼,26,愛知,53.0,A2,5.3,38.24,4.18,16.44,24,0.0,48,0.0,535 161,12,https://www1.mbrace.or.jp/od2/B/202608/b260815.lzh,2026-10-03T18:31:59.997492+09:00
20260815,07,蒲郡,6,20260815-07-06,6,3946,赤岩善生,50,愛知,56.0,A1,7.14,53.57,7.43,58.52,60,0.0,50,0.0,13111211,11,https://www1.mbrace.or.jp/od2/B/202608/b260815.lzh,2026-10-03T18:31:59.997492+09:00
20260815,07,蒲郡,7,20260815-07-07,1,4269,杉山裕也,40,愛知,51.0,A2,6.85,53.27,6.84,50.85,33,0.0,23,0.0,22233 22,11,https://www1.mbrace.or.jp/od2/B/202608/b260815.lzh,2026-10-03T18:31:59.997492+09:00
20260815,07,蒲郡,7,20260815-07-07,2,3893,汐崎正則,50,愛知,54.0,B1,5.53,34.94,4.97,34.21,57,0.0,21,0.0,645 2 15,2,https://www1.mbrace.or.jp/od2/B/202608/b260815.lzh,2026-10-03T18:31:59.997492+09:00
20260815,07,蒲郡,7,20260815-07-07,3,4903,吉田凌太,32,愛知,51.0,A1,6.39,47.79,7.21,59.02,23,0.0,56,0.0,312 3S64,12,https://www1.mbrace.or.jp/od2/B/202608/b260815.lzh,2026-10-03T18:31:59.997492+09:00
20260815,07,蒲郡,7,20260815-07-07,4,4066,東本勝利,46,三重,53.0,A2,6.11,40.38,5.97,32.26,20,0.0,46,0.0,263 354,1,https://www1.mbrace.or.jp/od2/B/202608/b260815.lzh,2026-10-03T18:31:59.997492+09:00
20260815,07,蒲郡,7,20260815-07-07,5,4731,間野兼礼,37,愛知,52.0,B1,5.15,27.27,5.11,24.32,19,0.0,38,0.0,2 545 56,,https://www1.mbrace.or.jp/od2/B/202608/b260815.lzh,2026-10-03T18:31:59.997492+09:00
20260815,07,蒲郡,7,20260815-07-07,6,5444,林風音,18,愛知,58.0,B2,1.33,1.37,1.3,0.0,55,0.0,13,0.0,6 666 66,,https://www1.mbrace.or.jp/od2/B/202608/b260815.lzh,2026-10-03T18:31:59.997492+09:00
20260815,07,蒲郡,8,20260815-07-08,1,4470,平田健之,39,三重,52.0,A2,6.6,50.56,6.36,50.0,67,0.0,14,0.0,16442 43,,https://www1.mbrace.or.jp/od2/B/202608/b260815.lzh,2026-10-03T18:31:59.997492+09:00
20260815,07,蒲郡,8,20260815-07-08,2,5128,坪井爽佑,29,三重,54.0,B1,4.29,18.84,2.75,12.5,18,0.0,16,0.0,5 446 56,,https://www1.mbrace.or.jp/od2/B/202608/b260815.lzh,2026-10-03T18:31:59.997492+09:00
20260815,07,蒲郡,8,20260815-07-08,3,4067,永井源,46,愛知,53.0,A2,6.38,48.12,6.37,49.59,22,0.0,41,0.0,1 565 35,3,https://www1.mbrace.or.jp/od2/B/202608/b260815.lzh,2026-10-03T18:31:59.997492+09:00
20260815,07,蒲郡,8,20260815-07-08,4,4199,北川潤二,44,愛知,59.0,A1,6.29,45.86,6.03,41.54,65,0.0,27,0.0,1 344543,12,https://www1.mbrace.or.jp/od2/B/202608/b260815.lzh,2026-10-03T18:31:59.997492+09:00
20260815,07,蒲郡,8,20260815-07-08,5,4380,鈴木峻佑,41,静岡,53.0,B1,5.12,31.58,3.5,13.46,51,0.0,28,0.0,535 264,,https://www1.mbrace.or.jp/od2/B/202608/b260815.lzh,2026-10-03T18:31:59.997492+09:00
20260815,07,蒲郡,8,20260815-07-08,6,5340,樋江井舞,25,愛知,45.0,B1,4.49,25.51,3.28,16.67,13,0.0,19,0.0,6 33655,,https://www1.mbrace.or.jp/od2/B/202608/b260815.lzh,2026-10-03T18:31:59.997492+09:00
20260815,07,蒲郡,9,20260815-07-09,1,5068,前田滉,26,愛知,51.0,A1,7.84,64.84,7.29,61.29,47,0.0,37,0.0,16311121,3,https://www1.mbrace.or.jp/od2/B/202608/b260815.lzh,2026-10-03T18:31:59.997492+09:00
20260815,07,蒲郡,9,20260815-07-09,2,4960,黒野元基,30,愛知,53.0,A1,7.44,60.68,7.25,61.4,16,0.0,35,0.0,25321211,5,https://www1.mbrace.or.jp/od2/B/202608/b260815.lzh,2026-10-03T18:31:59.997492+09:00
20260815,07,蒲郡,9,20260815-07-09,3,4786,佐藤博亮,38,愛知,55.0,A1,6.65,53.97,6.25,48.15,49,0.0,54,0.0,232 3234,2,https://www1.mbrace.or.jp/od2/B/202608/b260815.lzh,2026-10-03T18:31:59.997492+09:00
20260815,07,蒲郡,9,20260815-07-09,4,4509,平見真彦,37,愛知,54.0,A2,5.82,34.15,5.73,36.73,30,0.0,55,0.0,551 122,4,https://www1.mbrace.or.jp/od2/B/202608/b260815.lzh,2026-10-03T18:31:59.997492+09:00
20260815,07,蒲郡,9,20260815-07-09,5,4467,渡邉俊介,39,愛知,51.0,A1,6.5,43.59,6.13,51.92,53,0.0,18,0.0,333 441,4,https://www1.mbrace.or.jp/od2/B/202608/b260815.lzh,2026-10-03T18:31:59.997492+09:00
20260815,07,蒲郡,9,20260815-07-09,6,4461,安田吉宏,40,三重,58.0,B1,4.61,21.51,4.33,19.44,66,0.0,53,0.0,462 3 22,1,https://www1.mbrace.or.jp/od2/B/202608/b260815.lzh,2026-10-03T18:31:59.997492+09:00
20260815,07,蒲郡,10,20260815-07-10,1,4586,磯部誠,35,愛知,56.0,A1,7.54,49.52,7.74,55.56,31,0.0,26,0.0,12111312,5,https://www1.mbrace.or.jp/od2/B/202608/b260815.lzh,2026-10-03T18:31:59.997492+09:00
20260815,07,蒲郡,10,20260815-07-10,2,4337,平本真之,42,愛知,57.0,A1,7.47,51.11,7.43,52.43,48,0.0,39,0.0,21331335,4,https://www1.mbrace.or.jp/od2/B/202608/b260815.lzh,2026-10-03T18:31:59.997492+09:00
20260815,07,蒲郡,10,20260815-07-10,3,4308,河村了,42,愛知,51.0,A1,6.64,46.15,6.93,53.33,52,0.0,57,0.0,34414112,6,https://www1.mbrace.or.jp/od2/B/202608/b260815.lzh,2026-10-03T18:31:59.997492+09:00
20260815,07,蒲郡,10,20260815-07-10,4,4209,藤田竜弘,43,静岡,56.0,A2,5.84,36.17,5.61,34.43,12,0.0,25,0.0,4 12342,3,https://www1.mbrace.or.jp/od2/B/202608/b260815.lzh,2026-10-03T18:31:59.997492+09:00
20260815,07,蒲郡,10,20260815-07-10,5,3934,鋤柄貴俊,49,愛知,53.0,B1,4.98,24.41,5.32,30.51,21,0.0,45,0.0,2 15433,2,https://www1.mbrace.or.jp/od2/B/202608/b260815.lzh,2026-10-03T18:31:59.997492+09:00
20260815,07,蒲郡,10,20260815-07-10,6,5197,中野仁照,24,愛知,54.0,B2,5.82,40.54,7.06,60.0,29,0.0,11,0.0,335 423,1,https://www1.mbrace.or.jp/od2/B/202608/b260815.lzh,2026-10-03T18:31:59.997492+09:00
20260815,07,蒲郡,11,20260815-07-11,1,3946,赤岩善生,50,愛知,56.0,A1,7.14,53.57,7.43,58.52,60,0.0,50,0.0,13111211,6,https://www1.mbrace.or.jp/od2/B/202608/b260815.lzh,2026-10-03T18:31:59.997492+09:00
20260815,07,蒲郡,11,20260815-07-11,2,4442,松竹大輔,39,愛知,53.0,B1,6.3,50.0,5.76,41.03,14,0.0,34,0.0,1 152143,3,https://www1.mbrace.or.jp/od2/B/202608/b260815.lzh,2026-10-03T18:31:59.997492+09:00
20260815,07,蒲郡,11,20260815-07-11,3,4269,杉山裕也,40,愛知,51.0,A2,6.85,53.27,6.84,50.85,33,0.0,23,0.0,22233 22,7,https://www1.mbrace.or.jp/od2/B/202608/b260815.lzh,2026-10-03T18:31:59.997492+09:00
20260815,07,蒲郡,11,20260815-07-11,4,3988,古川誠之,48,愛知,55.0,A2,6.23,40.54,6.15,43.08,32,0.0,40,0.0,4 43411,2,https://www1.mbrace.or.jp/od2/B/202608/b260815.lzh,2026-10-03T18:31:59.997492+09:00
20260815,07,蒲郡,11,20260815-07-11,5,4215,吉島祥之,41,愛知,56.0,A2,5.31,33.33,5.89,43.16,64,0.0,24,0.0,6 12163,5,https://www1.mbrace.or.jp/od2/B/202608/b260815.lzh,2026-10-03T18:31:59.997492+09:00
20260815,07,蒲郡,11,20260815-07-11,6,5098,大江純,30,愛知,53.0,B1,5.19,33.68,5.11,28.95,62,0.0,20,0.0,4 122 36,1,https://www1.mbrace.or.jp/od2/B/202608/b260815.lzh,2026-10-03T18:31:59.997492+09:00
20260815,07,蒲郡,12,20260815-07-12,1,4199,北川潤二,44,愛知,59.0,A1,6.29,45.86,6.03,41.54,65,0.0,27,0.0,1 344543,8,https://www1.mbrace.or.jp/od2/B/202608/b260815.lzh,2026-10-03T18:31:59.997492+09:00
20260815,07,蒲郡,12,20260815-07-12,2,4989,石原翼,29,静岡,52.0,A2,6.0,40.17,5.65,30.0,56,0.0,12,0.0,2 26245,1,https://www1.mbrace.or.jp/od2/B/202608/b260815.lzh,2026-10-03T18:31:59.997492+09:00
20260815,07,蒲郡,12,20260815-07-12,3,5137,川原涼,26,愛知,53.0,A2,5.3,38.24,4.18,16.44,24,0.0,48,0.0,535 161,6,https://www1.mbrace.or.jp/od2/B/202608/b260815.lzh,2026-10-03T18:31:59.997492+09:00
20260815,07,蒲郡,12,20260815-07-12,4,4565,西村豪洋,38,愛知,55.0,B1,3.97,14.14,4.89,28.57,54,0.0,17,0.0,3 266 24,5,https://www1.mbrace.or.jp/od2/B/202608/b260815.lzh,2026-10-03T18:31:59.997492+09:00
20260815,07,蒲郡,12,20260815-07-12,5,4306,畔柳俊吾,42,愛知,50.0,B1,4.68,25.26,4.32,17.86,11,0.0,29,0.0,1 643 43,4,https://www1.mbrace.or.jp/od2/B/202608/b260815.lzh,2026-10-03T18:31:59.997492+09:00
20260815,07,蒲郡,12,20260815-07-12,6,4903,吉田凌太,32,愛知,51.0,A1,6.39,47.79,7.21,59.02,23,0.0,56,0.0,312 3S64,7,https://www1.mbrace.or.jp/od2/B/202608/b260815.lzh,2026-10-03T18:31:59.997492+09:00
20260815,06,浜名湖,1,20260815-06-01,1,5076,石原光,30,静岡,54.0,B1,4.94,33.33,4.93,31.52,6,31.08,13,29.84,414 242,11,https://www1.mbrace.or.jp/od2/B/202608/b260815.lzh,2026-10-03T18:31:59.997492+09:00
20260815,06,浜名湖,1,20260815-06-01,2,5174,川井萌,24,静岡,46.0,B2,5.36,28.21,6.07,42.86,54,29.11,18,38.74,4 165 44,7,https://www1.mbrace.or.jp/od2/B/202608/b260815.lzh,2026-10-03T18:31:59.997492+09:00
20260815,06,浜名湖,1,20260815-06-01,3,4076,杉田篤光,48,静岡,51.0,B1,4.84,26.15,5.19,34.34,59,29.73,14,36.22,251 343,9,https://www1.mbrace.or.jp/od2/B/202608/b260815.lzh,2026-10-03T18:31:59.997492+09:00
20260815,06,浜名湖,1,20260815-06-01,4,5434,藤田康生,21,静岡,51.0,B1,3.33,11.9,2.68,2.94,7,37.97,66,37.63,5 435 55,8,https://www1.mbrace.or.jp/od2/B/202608/b260815.lzh,2026-10-03T18:31:59.997492+09:00
20260815,06,浜名湖,1,20260815-06-01,5,3489,大場敏,59,静岡,55.0,A2,5.94,41.6,6.0,39.62,66,33.33,70,30.26,2 241531,10,https://www1.mbrace.or.jp/od2/B/202608/b260815.lzh,2026-10-03T18:31:59.997492+09:00
20260815,06,浜名湖,1,20260815-06-01,6,3987,後藤正宗,48,静岡,53.0,A1,5.96,42.0,5.97,38.62,57,28.57,27,29.95,F 3 2 4,,https://www1.mbrace.or.jp/od2/B/202608/b260815.lzh,2026-10-03T18:31:59.997492+09:00
20260815,06,浜名湖,2,20260815-06-02,1,5248,本田愛,24,静岡,47.0,B1,4.69,25.56,4.11,20.69,16,31.58,69,33.33,2 362 22,10,https://www1.mbrace.or.jp/od2/B/202608/b260815.lzh,2026-10-03T18:31:59.997492+09:00
20260815,06,浜名湖,2,20260815-06-02,2,4984,森下愛梨,29,静岡,50.0,B1,4.51,26.25,5.4,30.0,26,43.48,59,32.84,553 234,8,https://www1.mbrace.or.jp/od2/B/202608/b260815.lzh,2026-10-03T18:31:59.997492+09:00
20260815,06,浜名湖,2,20260815-06-02,3,3995,重野哲之,47,静岡,54.0,A2,6.33,48.72,6.88,52.89,52,38.64,22,34.38,3 26143,9,https://www1.mbrace.or.jp/od2/B/202608/b260815.lzh,2026-10-03T18:31:59.997492+09:00
20260815,06,浜名湖,2,20260815-06-02,4,5269,山口晃朋,25,静岡,51.0,A2,5.8,41.25,4.91,30.38,2,41.33,53,33.33,212 1542,12,https://www1.mbrace.or.jp/od2/B/202608/b260815.lzh,2026-10-03T18:31:59.997492+09:00
20260815,06,浜名湖,2,20260815-06-02,5,4793,金子萌,36,静岡,52.0,A2,6.48,49.07,5.9,41.12,61,43.18,76,35.38,1 433152,11,https://www1.mbrace.or.jp/od2/B/202608/b260815.lzh,2026-10-03T18:31:59.997492+09:00
20260815,06,浜名湖,2,20260815-06-02,6,3990,芹澤克彦,47,静岡,52.0,B1,4.99,25.0,5.18,26.73,62,48.78,57,35.75,1 5146F,,https://www1.mbrace.or.jp/od2/B/202608/b260815.lzh,2026-10-03T18:31:59.997492+09:00
20260815,06,浜名湖,3,20260815-06-03,1,4840,鈴木秀茉,34,静岡,52.0,B1,4.83,30.1,5.28,33.7,63,44.58,25,37.56,1 24612,11,https://www1.mbrace.or.jp/od2/B/202608/b260815.lzh,2026-10-03T18:31:59.997492+09:00
20260815,06,浜名湖,3,20260815-06-03,2,3563,堤昇,56,静岡,52.0,B1,5.63,36.28,5.51,38.53,4,30.67,54,28.42,332 514,7,https://www1.mbrace.or.jp/od2/B/202608/b260815.lzh,2026-10-03T18:31:59.997492+09:00
20260815,06,浜名湖,3,20260815-06-03,3,4033,伊藤将吉,47,静岡,53.0,A2,6.06,48.15,6.5,49.61,36,25.0,35,36.22,361 446,8,https://www1.mbrace.or.jp/od2/B/202608/b260815.lzh,2026-10-03T18:31:59.997492+09:00
20260815,06,浜名湖,3,20260815-06-03,4,3156,金子良昭,61,静岡,53.0,B1,4.28,24.14,5.08,35.0,29,32.91,72,33.51,4 556 64,,https://www1.mbrace.or.jp/od2/B/202608/b260815.lzh,2026-10-03T18:31:59.997492+09:00
20260815,06,浜名湖,3,20260815-06-03,5,4150,山田雄太,44,静岡,57.0,A2,5.73,41.12,6.08,43.48,11,43.53,60,31.44,13325 1,,https://www1.mbrace.or.jp/od2/B/202608/b260815.lzh,2026-10-03T18:31:59.997492+09:00
20260815,06,浜名湖,3,20260815-06-03,6,3960,菊地孝平,47,静岡,54.0,A1,6.41,33.64,7.43,59.26,13,39.08,61,36.96,312 3331,10,https://www1.mbrace.or.jp/od2/B/202608/b260815.lzh,2026-10-03T18:31:59.997492+09:00
20260815,06,浜名湖,4,20260815-06-04,1,4581,吉村誠,37,静岡,52.0,A1,6.29,46.85,5.77,39.84,55,46.99,34,37.69,2514125,12,https://www1.mbrace.or.jp/od2/B/202608/b260815.lzh,2026-10-03T18:31:59.997492+09:00
20260815,06,浜名湖,4,20260815-06-04,2,5385,鈴木柊介,21,静岡,55.0,B1,2.39,2.99,2.1,3.45,19,37.21,41,31.05,666 6 31,,https://www1.mbrace.or.jp/od2/B/202608/b260815.lzh,2026-10-03T18:31:59.997492+09:00
20260815,06,浜名湖,4,20260815-06-04,3,4843,深尾巴恵,33,静岡,47.0,B1,4.27,21.57,4.88,26.79,1,42.22,71,36.98,324 624,9,https://www1.mbrace.or.jp/od2/B/202608/b260815.lzh,2026-10-03T18:31:59.997492+09:00
20260815,06,浜名湖,4,20260815-06-04,4,4216,星栄爾,41,静岡,54.0,B1,4.79,25.51,5.7,39.64,8,28.92,58,36.92,3 664 16,,https://www1.mbrace.or.jp/od2/B/202608/b260815.lzh,2026-10-03T18:31:59.997492+09:00
20260815,06,浜名湖,4,20260815-06-04,5,4131,原豊土,46,静岡,54.0,B1,5.85,39.13,6.28,47.0,22,39.24,24,36.41,2 622 11,10,https://www1.mbrace.or.jp/od2/B/202608/b260815.lzh,2026-10-03T18:31:59.997492+09:00
20260815,06,浜名湖,4,20260815-06-04,6,5432,安藤瑠希,21,静岡,52.0,B1,3.08,9.46,2.11,5.71,18,30.38,48,37.88,643 443,,https://www1.mbrace.or.jp/od2/B/202608/b260815.lzh,2026-10-03T18:31:59.997492+09:00
20260815,06,浜名湖,5,20260815-06-05,1,3502,渡邉英児,57,静岡,54.0,A2,5.9,39.39,5.93,42.31,37,43.21,62,36.41,1 136224,10,https://www1.mbrace.or.jp/od2/B/202608/b260815.lzh,2026-10-03T18:31:59.997492+09:00
20260815,06,浜名湖,5,20260815-06-05,2,4625,渡邊裕貴,40,静岡,52.0,B1,5.28,32.1,5.04,32.58,14,33.33,56,34.39,5 132 63,9,https://www1.mbrace.or.jp/od2/B/202608/b260815.lzh,2026-10-03T18:31:59.997492+09:00
20260815,06,浜名湖,5,20260815-06-05,3,4918,川島拓郎,37,静岡,53.0,B1,4.73,28.26,4.15,22.06,56,32.05,23,34.18,6 454 63,,https://www1.mbrace.or.jp/od2/B/202608/b260815.lzh,2026-10-03T18:31:59.997492+09:00
20260815,06,浜名湖,5,20260815-06-05,4,3796,長野道臣,53,静岡,55.0,B1,4.34,26.6,5.3,36.63,9,30.86,47,35.23,4 456 65,,https://www1.mbrace.or.jp/od2/B/202608/b260815.lzh,2026-10-03T18:31:59.997492+09:00
20260815,06,浜名湖,5,20260815-06-05,5,4073,大橋純一,45,静岡,52.0,A1,6.5,52.14,6.14,40.94,46,43.59,32,35.9,2315124,11,https://www1.mbrace.or.jp/od2/B/202608/b260815.lzh,2026-10-03T18:31:59.997492+09:00
20260815,06,浜名湖,5,20260815-06-05,6,3909,佐々木康,52,静岡,56.0,A1,6.69,51.72,7.07,57.24,20,44.58,51,28.79,321 3112,12,https://www1.mbrace.or.jp/od2/B/202608/b260815.lzh,2026-10-03T18:31:59.997492+09:00
20260815,06,浜名湖,6,20260815-06-06,1,4342,谷野錬志,41,静岡,54.0,A2,5.95,33.72,6.96,52.98,44,36.71,31,29.32,543 1332,10,https://www1.mbrace.or.jp/od2/B/202608/b260815.lzh,2026-10-03T18:31:59.997492+09:00
20260815,06,浜名湖,6,20260815-06-06,2,4068,幸田智裕,46,静岡,53.0,B1,4.95,23.71,5.03,29.41,51,30.68,33,32.83,1 544 56,,https://www1.mbrace.or.jp/od2/B/202608/b260815.lzh,2026-10-03T18:31:59.997492+09:00
20260815,06,浜名湖,6,20260815-06-06,3,3422,服部幸男,55,静岡,55.0,A2,6.23,44.55,7.09,54.65,58,28.38,43,31.11,32263 15,11,https://www1.mbrace.or.jp/od2/B/202608/b260815.lzh,2026-10-03T18:31:59.997492+09:00
20260815,06,浜名湖,6,20260815-06-06,4,5294,豊田祥生,24,静岡,50.0,B1,3.51,18.84,2.78,11.01,49,32.93,17,37.88,445 555,,https://www1.mbrace.or.jp/od2/B/202608/b260815.lzh,2026-10-03T18:31:59.997492+09:00
20260815,06,浜名湖,6,20260815-06-06,5,5034,若林義人,28,静岡,55.0,A1,6.42,50.0,5.99,42.15,23,35.44,11,28.4,15323 23,12,https://www1.mbrace.or.jp/od2/B/202608/b260815.lzh,2026-10-03T18:31:59.997492+09:00
20260815,06,浜名湖,6,20260815-06-06,6,4124,池田雄一,44,静岡,52.0,A2,6.12,43.3,6.48,47.75,24,31.58,21,44.16,4F3 6 6,,https://www1.mbrace.or.jp/od2/B/202608/b260815.lzh,2026-10-03T18:31:59.997492+09:00
20260815,06,浜名湖,7,20260815-06-07,1,4360,庄司孝輔,41,静岡,53.0,A2,5.65,33.64,5.6,34.62,5,43.21,64,31.02,431 323,12,https://www1.mbrace.or.jp/od2/B/202608/b260815.lzh,2026-10-03T18:31:59.997492+09:00
20260815,06,浜名湖,7,20260815-06-07,2,4740,齋藤達希,34,静岡,53.0,B1,4.63,22.58,4.96,31.76,32,40.45,12,38.97,655 153,,https://www1.mbrace.or.jp/od2/B/202608/b260815.lzh,2026-10-03T18:31:59.997492+09:00
20260815,06,浜名湖,7,20260815-06-07,3,3956,横澤剛治,49,静岡,56.0,A2,6.24,42.72,6.71,49.0,10,38.55,65,34.36,6 565 44,,https://www1.mbrace.or.jp/od2/B/202608/b260815.lzh,2026-10-03T18:31:59.997492+09:00
20260815,06,浜名湖,7,20260815-06-07,4,5174,川井萌,24,静岡,46.0,B2,5.36,28.21,6.07,42.86,54,29.11,18,38.74,4 165 44,1,https://www1.mbrace.or.jp/od2/B/202608/b260815.lzh,2026-10-03T18:31:59.997492+09:00
20260815,06,浜名湖,7,20260815-06-07,5,3563,堤昇,56,静岡,52.0,B1,5.63,36.28,5.51,38.53,4,30.67,54,28.42,332 514,3,https://www1.mbrace.or.jp/od2/B/202608/b260815.lzh,2026-10-03T18:31:59.997492+09:00
20260815,06,浜名湖,7,20260815-06-07,6,3959,坪井康晴,48,静岡,54.0,A1,7.08,47.27,6.82,50.36,48,38.82,45,41.41,1 613121,11,https://www1.mbrace.or.jp/od2/B/202608/b260815.lzh,2026-10-03T18:31:59.997492+09:00
20260815,06,浜名湖,8,20260815-06-08,1,4058,野末智一,47,静岡,51.0,A1,6.02,43.09,6.01,39.42,38,36.05,75,24.85,16412 2S,12,https://www1.mbrace.or.jp/od2/B/202608/b260815.lzh,2026-10-03T18:31:59.997492+09:00
20260815,06,浜名湖,8,20260815-06-08,2,5378,鈴木結平,22,静岡,50.0,B2,1.8,1.54,1.51,0.0,40,35.96,29,37.11,666 5 56,,https://www1.mbrace.or.jp/od2/B/202608/b260815.lzh,2026-10-03T18:31:59.997492+09:00
20260815,06,浜名湖,8,20260815-06-08,3,4984,森下愛梨,29,静岡,50.0,B1,4.51,26.25,5.4,30.0,26,43.48,59,32.84,553 234,2,https://www1.mbrace.or.jp/od2/B/202608/b260815.lzh,2026-10-03T18:31:59.997492+09:00
20260815,06,浜名湖,8,20260815-06-08,4,4033,伊藤将吉,47,静岡,53.0,A2,6.06,48.15,6.5,49.61,36,25.0,35,36.22,361 446,3,https://www1.mbrace.or.jp/od2/B/202608/b260815.lzh,2026-10-03T18:31:59.997492+09:00
20260815,06,浜名湖,8,20260815-06-08,5,4317,木村紗友,42,静岡,48.0,B1,4.3,25.0,4.4,22.09,17,45.78,73,31.63,645 561,,https://www1.mbrace.or.jp/od2/B/202608/b260815.lzh,2026-10-03T18:31:59.997492+09:00
20260815,06,浜名湖,8,20260815-06-08,6,5434,藤田康生,21,静岡,51.0,B1,3.33,11.9,2.68,2.94,7,37.97,66,37.63,5 435 55,1,https://www1.mbrace.or.jp/od2/B/202608/b260815.lzh,2026-10-03T18:31:59.997492+09:00
20260815,06,浜名湖,9,20260815-06-09,1,3995,重野哲之,47,静岡,54.0,A2,6.33,48.72,6.88,52.89,52,38.64,22,34.38,3 26143,2,https://www1.mbrace.or.jp/od2/B/202608/b260815.lzh,2026-10-03T18:31:59.997492+09:00
20260815,06,浜名湖,9,20260815-06-09,2,4843,深尾巴恵,33,静岡,47.0,B1,4.27,21.57,4.88,26.79,1,42.22,71,36.98,324 624,4,https://www1.mbrace.or.jp/od2/B/202608/b260815.lzh,2026-10-03T18:31:59.997492+09:00
20260815,06,浜名湖,9,20260815-06-09,3,5332,村松遥輝,22,静岡,51.0,B1,3.91,19.12,3.91,21.15,34,38.16,15,38.46,546 665,,https://www1.mbrace.or.jp/od2/B/202608/b260815.lzh,2026-10-03T18:31:59.997492+09:00
20260815,06,浜名湖,9,20260815-06-09,4,4625,渡邊裕貴,40,静岡,52.0,B1,5.28,32.1,5.04,32.58,14,33.33,56,34.39,5 132 63,5,https://www1.mbrace.or.jp/od2/B/202608/b260815.lzh,2026-10-03T18:31:59.997492+09:00
20260815,06,浜名湖,9,20260815-06-09,5,4076,杉田篤光,48,静岡,51.0,B1,4.84,26.15,5.19,34.34,59,29.73,14,36.22,251 343,1,https://www1.mbrace.or.jp/od2/B/202608/b260815.lzh,2026-10-03T18:31:59.997492+09:00
20260815,06,浜名湖,9,20260815-06-09,6,4933,板橋侑我,30,静岡,56.0,A2,6.11,33.73,5.89,42.71,45,40.96,50,35.18,2 454615,,https://www1.mbrace.or.jp/od2/B/202608/b260815.lzh,2026-10-03T18:31:59.997492+09:00
20260815,06,浜名湖,10,20260815-06-10,1,3960,菊地孝平,47,静岡,54.0,A1,6.41,33.64,7.43,59.26,13,39.08,61,36.96,312 3331,3,https://www1.mbrace.or.jp/od2/B/202608/b260815.lzh,2026-10-03T18:31:59.997492+09:00
20260815,06,浜名湖,10,20260815-06-10,2,4131,原豊土,46,静岡,54.0,B1,5.85,39.13,6.28,47.0,22,39.24,24,36.41,2 622 11,4,https://www1.mbrace.or.jp/od2/B/202608/b260815.lzh,2026-10-03T18:31:59.997492+09:00
20260815,06,浜名湖,10,20260815-06-10,3,3489,大場敏,59,静岡,55.0,A2,5.94,41.6,6.0,39.62,66,33.33,70,30.26,2 241531,1,https://www1.mbrace.or.jp/od2/B/202608/b260815.lzh,2026-10-03T18:31:59.997492+09:00
20260815,06,浜名湖,10,20260815-06-10,4,3502,渡邉英児,57,静岡,54.0,A2,5.9,39.39,5.93,42.31,37,43.21,62,36.41,1 136224,5,https://www1.mbrace.or.jp/od2/B/202608/b260815.lzh,2026-10-03T18:31:59.997492+09:00
20260815,06,浜名湖,10,20260815-06-10,5,5248,本田愛,24,静岡,47.0,B1,4.69,25.56,4.11,20.69,16,31.58,69,33.33,2 362 22,2,https://www1.mbrace.or.jp/od2/B/202608/b260815.lzh,2026-10-03T18:31:59.997492+09:00
20260815,06,浜名湖,10,20260815-06-10,6,4342,谷野錬志,41,静岡,54.0,A2,5.95,33.72,6.96,52.98,44,36.71,31,29.32,543 1332,6,https://www1.mbrace.or.jp/od2/B/202608/b260815.lzh,2026-10-03T18:31:59.997492+09:00
20260815,06,浜名湖,11,20260815-06-11,1,3959,坪井康晴,48,静岡,54.0,A1,7.08,47.27,6.82,50.36,48,38.82,45,41.41,1 613121,7,https://www1.mbrace.or.jp/od2/B/202608/b260815.lzh,2026-10-03T18:31:59.997492+09:00
20260815,06,浜名湖,11,20260815-06-11,2,4073,大橋純一,45,静岡,52.0,A1,6.5,52.14,6.14,40.94,46,43.59,32,35.9,2315124,5,https://www1.mbrace.or.jp/od2/B/202608/b260815.lzh,2026-10-03T18:31:59.997492+09:00
20260815,06,浜名湖,11,20260815-06-11,3,4793,金子萌,36,静岡,52.0,A2,6.48,49.07,5.9,41.12,61,43.18,76,35.38,1 433152,2,https://www1.mbrace.or.jp/od2/B/202608/b260815.lzh,2026-10-03T18:31:59.997492+09:00
20260815,06,浜名湖,11,20260815-06-11,4,4840,鈴木秀茉,34,静岡,52.0,B1,4.83,30.1,5.28,33.7,63,44.58,25,37.56,1 24612,3,https://www1.mbrace.or.jp/od2/B/202608/b260815.lzh,2026-10-03T18:31:59.997492+09:00
20260815,06,浜名湖,11,20260815-06-11,5,3422,服部幸男,55,静岡,55.0,A2,6.23,44.55,7.09,54.65,58,28.38,43,31.11,32263 15,6,https://www1.mbrace.or.jp/od2/B/202608/b260815.lzh,2026-10-03T18:31:59.997492+09:00
20260815,06,浜名湖,11,20260815-06-11,6,5076,石原光,30,静岡,54.0,B1,4.94,33.33,4.93,31.52,6,31.08,13,29.84,414 242,1,https://www1.mbrace.or.jp/od2/B/202608/b260815.lzh,2026-10-03T18:31:59.997492+09:00
20260815,06,浜名湖,12,20260815-06-12,1,3909,佐々木康,52,静岡,56.0,A1,6.69,51.72,7.07,57.24,20,44.58,51,28.79,321 3112,5,https://www1.mbrace.or.jp/od2/B/202608/b260815.lzh,2026-10-03T18:31:59.997492+09:00
20260815,06,浜名湖,12,20260815-06-12,2,5269,山口晃朋,25,静岡,51.0,A2,5.8,41.25,4.91,30.38,2,41.33,53,33.33,212 1542,2,https://www1.mbrace.or.jp/od2/B/202608/b260815.lzh,2026-10-03T18:31:59.997492+09:00
20260815,06,浜名湖,12,20260815-06-12,3,5034,若林義人,28,静岡,55.0,A1,6.42,50.0,5.99,42.15,23,35.44,11,28.4,15323 23,6,https://www1.mbrace.or.jp/od2/B/202608/b260815.lzh,2026-10-03T18:31:59.997492+09:00
20260815,06,浜名湖,12,20260815-06-12,4,4360,庄司孝輔,41,静岡,53.0,A2,5.65,33.64,5.6,34.62,5,43.21,64,31.02,431 323,7,https://www1.mbrace.or.jp/od2/B/202608/b260815.lzh,2026-10-03T18:31:59.997492+09:00
20260815,06,浜名湖,12,20260815-06-12,5,4581,吉村誠,37,静岡,52.0,A1,6.29,46.85,5.77,39.84,55,46.99,34,37.69,2514125,4,https://www1.mbrace.or.jp/od2/B/202608/b260815.lzh,2026-10-03T18:31:59.997492+09:00
20260815,06,浜名湖,12,20260815-06-12,6,4058,野末智一,47,静岡,51.0,A1,6.02,43.09,6.01,39.42,38,36.05,75,24.85,16412 2S,8,https://www1.mbrace.or.jp/od2/B/202608/b260815.lzh,2026-10-03T18:31:59.997492+09:00
20260815,05,多摩川,1,20260815-05-01,1,2538,高橋二朗,77,東京,52.0,B1,3.23,4.0,3.84,14.52,34,32.89,76,44.87,,,https://www1.mbrace.or.jp/od2/B/202608/b260815.lzh,2026-10-03T18:31:59.997492+09:00
20260815,05,多摩川,1,20260815-05-01,2,4203,小倉康典,44,群馬,53.0,B1,4.07,21.84,4.22,21.88,62,29.41,31,30.77,,7,https://www1.mbrace.or.jp/od2/B/202608/b260815.lzh,2026-10-03T18:31:59.997492+09:00
20260815,05,多摩川,1,20260815-05-01,3,3922,菅沼佳昭,51,愛知,51.0,B1,3.72,15.63,2.5,10.0,45,37.8,62,36.71,,8,https://www1.mbrace.or.jp/od2/B/202608/b260815.lzh,2026-10-03T18:31:59.997492+09:00
20260815,05,多摩川,1,20260815-05-01,4,3505,山田竜一,55,東京,52.0,A2,5.16,31.31,5.79,35.42,54,45.12,60,31.71,,10,https://www1.mbrace.or.jp/od2/B/202608/b260815.lzh,2026-10-03T18:31:59.997492+09:00
20260815,05,多摩川,1,20260815-05-01,5,4114,深澤達徳,45,東京,53.0,B1,4.96,27.17,5.78,40.0,69,32.39,24,31.71,,6,https://www1.mbrace.or.jp/od2/B/202608/b260815.lzh,2026-10-03T18:31:59.997492+09:00
20260815,05,多摩川,1,20260815-05-01,6,4535,北山康介,36,東京,54.0,A2,6.7,50.48,6.57,50.0,36,33.75,45,36.14,,9,https://www1.mbrace.or.jp/od2/B/202608/b260815.lzh,2026-10-03T18:31:59.997492+09:00
20260815,05,多摩川,2,20260815-05-02,1,3863,海老澤泰,52,東京,59.0,B1,4.43,21.35,4.91,32.61,46,37.97,36,34.94,,,https://www1.mbrace.or.jp/od2/B/202608/b260815.lzh,2026-10-03T18:31:59.997492+09:00
20260815,05,多摩川,2,20260815-05-02,2,3467,森弘行,57,東京,52.0,B1,4.22,18.99,2.93,7.25,65,36.99,50,39.24,,8,https://www1.mbrace.or.jp/od2/B/202608/b260815.lzh,2026-10-03T18:31:59.997492+09:00
20260815,05,多摩川,2,20260815-05-02,3,4177,萬正嗣,43,群馬,59.0,B1,4.27,25.0,4.22,30.43,11,36.71,21,33.33,,10,https://www1.mbrace.or.jp/od2/B/202608/b260815.lzh,2026-10-03T18:31:59.997492+09:00
20260815,05,多摩川,2,20260815-05-02,4,4298,宮下元胤,43,愛知,54.0,A2,5.91,40.16,6.07,35.19,28,44.62,55,32.94,,11,https://www1.mbrace.or.jp/od2/B/202608/b260815.lzh,2026-10-03T18:31:59.997492+09:00
20260815,05,多摩川,2,20260815-05-02,5,4688,永井彪也,33,東京,53.0,A1,6.99,57.14,7.38,51.0,58,32.86,27,35.29,,7,https://www1.mbrace.or.jp/od2/B/202608/b260815.lzh,2026-10-03T18:31:59.997492+09:00
20260815,05,多摩川,2,20260815-05-02,6,5242,高山弘斗,26,埼玉,52.0,B1,3.36,15.07,2.58,4.17,72,30.23,26,48.15,,9,https://www1.mbrace.or.jp/od2/B/202608/b260815.lzh,2026-10-03T18:31:59.997492+09:00
20260815,05,多摩川,3,20260815-05-03,1,3072,西田靖,64,東京,53.0,B1,3.88,20.0,4.52,31.25,51,38.75,29,45.95,,11,https://www1.mbrace.or.jp/od2/B/202608/b260815.lzh,2026-10-03T18:31:59.997492+09:00
20260815,05,多摩川,3,20260815-05-03,2,4305,金子拓矢,42,群馬,54.0,A1,6.59,47.25,7.36,58.33,53,29.73,72,35.44,,9,https://www1.mbrace.or.jp/od2/B/202608/b260815.lzh,2026-10-03T18:31:59.997492+09:00
20260815,05,多摩川,3,20260815-05-03,3,5331,佐藤永梧,22,東京,54.0,B1,5.4,41.1,4.25,28.57,75,40.74,57,31.67,,8,https://www1.mbrace.or.jp/od2/B/202608/b260815.lzh,2026-10-03T18:31:59.997492+09:00
20260815,05,多摩川,3,20260815-05-03,4,4928,栗城匠,31,東京,52.0,A1,6.61,48.18,6.58,49.15,50,33.72,80,31.08,,12,https://www1.mbrace.or.jp/od2/B/202608/b260815.lzh,2026-10-03T18:31:59.997492+09:00
20260815,05,多摩川,3,20260815-05-03,5,5201,村上宗太,23,東京,53.0,B2,5.3,31.51,4.67,28.99,43,30.26,37,32.1,,7,https://www1.mbrace.or.jp/od2/B/202608/b260815.lzh,2026-10-03T18:31:59.997492+09:00
20260815,05,多摩川,3,20260815-05-03,6,4274,長畑友輔,44,東京,52.0,B1,4.5,26.21,4.73,29.41,20,38.46,69,46.15,,10,https://www1.mbrace.or.jp/od2/B/202608/b260815.lzh,2026-10-03T18:31:59.997492+09:00
20260815,05,多摩川,4,20260815-05-04,1,3889,須藤隆雄,51,群馬,59.0,B1,3.62,19.23,4.76,29.73,66,38.36,48,30.77,,,https://www1.mbrace.or.jp/od2/B/202608/b260815.lzh,2026-10-03T18:31:59.997492+09:00
20260815,05,多摩川,4,20260815-05-04,2,4995,田邉亮蔵,35,東京,56.0,B1,4.27,24.68,5.63,30.0,17,41.67,83,36.25,,11,https://www1.mbrace.or.jp/od2/B/202608/b260815.lzh,2026-10-03T18:31:59.997492+09:00
20260815,05,多摩川,4,20260815-05-04,3,3792,田中豪,53,東京,55.0,A1,5.99,40.26,6.03,43.66,61,37.04,53,44.58,,10,https://www1.mbrace.or.jp/od2/B/202608/b260815.lzh,2026-10-03T18:31:59.997492+09:00
20260815,05,多摩川,4,20260815-05-04,4,3377,塚田修二,58,東京,54.0,B1,4.56,23.33,4.28,20.0,59,28.77,74,30.49,,,https://www1.mbrace.or.jp/od2/B/202608/b260815.lzh,2026-10-03T18:31:59.997492+09:00
20260815,05,多摩川,4,20260815-05-04,5,3613,角谷健吾,53,東京,52.0,A2,6.17,47.54,6.67,51.52,40,30.43,56,37.97,,9,https://www1.mbrace.or.jp/od2/B/202608/b260815.lzh,2026-10-03T18:31:59.997492+09:00
20260815,05,多摩川,4,20260815-05-04,6,3641,一瀬明,55,東京,51.0,A1,6.0,42.06,6.58,43.08,26,30.3,79,41.25,,12,https://www1.mbrace.or.jp/od2/B/202608/b260815.lzh,2026-10-03T18:31:59.997492+09:00
20260815,05,多摩川,5,20260815-05-05,1,4081,樋口範政,47,愛知,56.0,B1,5.2,31.19,4.52,28.0,14,46.75,52,40.51,,10,https://www1.mbrace.or.jp/od2/B/202608/b260815.lzh,2026-10-03T18:31:59.997492+09:00
20260815,05,多摩川,5,20260815-05-05,2,4875,大塚康雅,32,東京,51.0,B1,5.53,37.11,4.88,30.77,47,30.77,77,43.21,,9,https://www1.mbrace.or.jp/od2/B/202608/b260815.lzh,2026-10-03T18:31:59.997492+09:00
20260815,05,多摩川,5,20260815-05-05,3,4644,山田亮太,47,東京,52.0,A1,6.55,46.92,5.74,45.24,27,39.51,33,33.75,,12,https://www1.mbrace.or.jp/od2/B/202608/b260815.lzh,2026-10-03T18:31:59.997492+09:00
20260815,05,多摩川,5,20260815-05-05,4,3868,尾形栄治,51,東京,56.0,B1,4.88,26.74,5.05,32.5,39,37.5,23,30.95,,11,https://www1.mbrace.or.jp/od2/B/202608/b260815.lzh,2026-10-03T18:31:59.997492+09:00
20260815,05,多摩川,5,20260815-05-05,5,4468,大池佑来,39,東京,51.0,A1,7.15,58.33,7.18,55.36,71,35.71,40,29.63,,,https://www1.mbrace.or.jp/od2/B/202608/b260815.lzh,2026-10-03T18:31:59.997492+09:00
20260815,05,多摩川,5,20260815-05-05,6,5006,久保原秀,29,群馬,56.0,B1,2.94,9.47,3.98,13.33,23,36.36,32,36.9,,,https://www1.mbrace.or.jp/od2/B/202608/b260815.lzh,2026-10-03T18:31:59.997492+09:00
20260815,05,多摩川,6,20260815-05-06,1,4626,伊藤紘章,40,愛知,51.0,B1,4.06,23.19,4.36,17.02,49,39.77,30,42.31,,,https://www1.mbrace.or.jp/od2/B/202608/b260815.lzh,2026-10-03T18:31:59.997492+09:00
20260815,05,多摩川,6,20260815-05-06,2,4114,深澤達徳,45,東京,53.0,B1,4.96,27.17,5.78,40.0,69,32.39,24,31.71,,1,https://www1.mbrace.or.jp/od2/B/202608/b260815.lzh,2026-10-03T18:31:59.997492+09:00
20260815,05,多摩川,6,20260815-05-06,3,3590,濱野谷憲,52,東京,56.0,A1,6.92,46.23,7.07,48.48,18,35.44,75,32.1,,12,https://www1.mbrace.or.jp/od2/B/202608/b260815.lzh,2026-10-03T18:31:59.997492+09:00
20260815,05,多摩川,6,20260815-05-06,4,4863,三浦裕貴,37,東京,53.0,B1,4.36,20.0,5.51,25.71,52,35.21,46,33.73,,,https://www1.mbrace.or.jp/od2/B/202608/b260815.lzh,2026-10-03T18:31:59.997492+09:00
20260815,05,多摩川,6,20260815-05-06,5,4335,若林将,42,東京,54.0,A1,6.99,53.33,7.12,50.0,74,35.23,35,33.77,,11,https://www1.mbrace.or.jp/od2/B/202608/b260815.lzh,2026-10-03T18:31:59.997492+09:00
20260815,05,多摩川,6,20260815-05-06,6,5424,熊倉幹太,24,東京,54.0,B2,1.33,0.0,1.31,0.0,25,30.0,51,33.33,,,https://www1.mbrace.or.jp/od2/B/202608/b260815.lzh,2026-10-03T18:31:59.997492+09:00
20260815,05,多摩川,7,20260815-05-07,1,4906,鈴木雅希,31,東京,54.0,A2,5.47,34.83,5.63,42.11,56,35.71,25,35.21,,,https://www1.mbrace.or.jp/od2/B/202608/b260815.lzh,2026-10-03T18:31:59.997492+09:00
20260815,05,多摩川,7,20260815-05-07,2,5201,村上宗太,23,東京,53.0,B2,5.3,31.51,4.67,28.99,43,30.26,37,32.1,,3,https://www1.mbrace.or.jp/od2/B/202608/b260815.lzh,2026-10-03T18:31:59.997492+09:00
20260815,05,多摩川,7,20260815-05-07,3,4688,永井彪也,33,東京,53.0,A1,6.99,57.14,7.38,51.0,58,32.86,27,35.29,,2,https://www1.mbrace.or.jp/od2/B/202608/b260815.lzh,2026-10-03T18:31:59.997492+09:00
20260815,05,多摩川,7,20260815-05-07,4,4203,小倉康典,44,群馬,53.0,B1,4.07,21.84,4.22,21.88,62,29.41,31,30.77,,1,https://www1.mbrace.or.jp/od2/B/202608/b260815.lzh,2026-10-03T18:31:59.997492+09:00
20260815,05,多摩川,7,20260815-05-07,5,5211,高井駿弥,27,愛知,49.0,B1,3.94,10.84,3.8,20.0,19,36.62,82,29.63,,,https://www1.mbrace.or.jp/od2/B/202608/b260815.lzh,2026-10-03T18:31:59.997492+09:00
20260815,05,多摩川,7,20260815-05-07,6,5285,若林麗,27,東京,53.0,B1,3.29,12.0,3.33,12.5,31,41.56,38,34.33,,,https://www1.mbrace.or.jp/od2/B/202608/b260815.lzh,2026-10-03T18:31:59.997492+09:00
20260815,05,多摩川,8,20260815-05-08,1,4134,杉山貴博,46,東京,53.0,A2,5.58,37.14,6.06,40.71,37,40.26,42,35.0,,,https://www1.mbrace.or.jp/od2/B/202608/b260815.lzh,2026-10-03T18:31:59.997492+09:00
20260815,05,多摩川,8,20260815-05-08,2,5331,佐藤永梧,22,東京,54.0,B1,5.4,41.1,4.25,28.57,75,40.74,57,31.67,,3,https://www1.mbrace.or.jp/od2/B/202608/b260815.lzh,2026-10-03T18:31:59.997492+09:00
20260815,05,多摩川,8,20260815-05-08,3,4911,片岡大地,30,東京,52.0,A2,4.8,24.72,4.29,23.53,73,22.08,59,34.18,,,https://www1.mbrace.or.jp/od2/B/202608/b260815.lzh,2026-10-03T18:31:59.997492+09:00
20260815,05,多摩川,8,20260815-05-08,4,3922,菅沼佳昭,51,愛知,51.0,B1,3.72,15.63,2.5,10.0,45,37.8,62,36.71,,1,https://www1.mbrace.or.jp/od2/B/202608/b260815.lzh,2026-10-03T18:31:59.997492+09:00
20260815,05,多摩川,8,20260815-05-08,5,3467,森弘行,57,東京,52.0,B1,4.22,18.99,2.93,7.25,65,36.99,50,39.24,,2,https://www1.mbrace.or.jp/od2/B/202608/b260815.lzh,2026-10-03T18:31:59.997492+09:00
20260815,05,多摩川,8,20260815-05-08,6,4939,宮之原輝,28,東京,53.0,A1,7.31,58.0,7.25,59.8,57,40.85,61,33.73,,,https://www1.mbrace.or.jp/od2/B/202608/b260815.lzh,2026-10-03T18:31:59.997492+09:00
20260815,05,多摩川,9,20260815-05-09,1,3613,角谷健吾,53,東京,52.0,A2,6.17,47.54,6.67,51.52,40,30.43,56,37.97,,4,https://www1.mbrace.or.jp/od2/B/202608/b260815.lzh,2026-10-03T18:31:59.997492+09:00
20260815,05,多摩川,9,20260815-05-09,2,3293,宮内由紀,60,東京,52.0,B1,3.33,10.53,4.13,15.38,63,37.93,78,32.26,,,https://www1.mbrace.or.jp/od2/B/202608/b260815.lzh,2026-10-03T18:31:59.997492+09:00
20260815,05,多摩川,9,20260815-05-09,3,4535,北山康介,36,東京,54.0,A2,6.7,50.48,6.57,50.0,36,33.75,45,36.14,,1,https://www1.mbrace.or.jp/od2/B/202608/b260815.lzh,2026-10-03T18:31:59.997492+09:00
20260815,05,多摩川,9,20260815-05-09,4,4305,金子拓矢,42,群馬,54.0,A1,6.59,47.25,7.36,58.33,53,29.73,72,35.44,,3,https://www1.mbrace.or.jp/od2/B/202608/b260815.lzh,2026-10-03T18:31:59.997492+09:00
20260815,05,多摩川,9,20260815-05-09,5,5242,高山弘斗,26,埼玉,52.0,B1,3.36,15.07,2.58,4.17,72,30.23,26,48.15,,2,https://www1.mbrace.or.jp/od2/B/202608/b260815.lzh,2026-10-03T18:31:59.997492+09:00
20260815,05,多摩川,9,20260815-05-09,6,4875,大塚康雅,32,東京,51.0,B1,5.53,37.11,4.88,30.77,47,30.77,77,43.21,,5,https://www1.mbrace.or.jp/od2/B/202608/b260815.lzh,2026-10-03T18:31:59.997492+09:00
20260815,05,多摩川,10,20260815-05-10,1,3792,田中豪,53,東京,55.0,A1,5.99,40.26,6.03,43.66,61,37.04,53,44.58,,4,https://www1.mbrace.or.jp/od2/B/202608/b260815.lzh,2026-10-03T18:31:59.997492+09:00
20260815,05,多摩川,10,20260815-05-10,2,3505,山田竜一,55,東京,52.0,A2,5.16,31.31,5.79,35.42,54,45.12,60,31.71,,1,https://www1.mbrace.or.jp/od2/B/202608/b260815.lzh,2026-10-03T18:31:59.997492+09:00
20260815,05,多摩川,10,20260815-05-10,3,4274,長畑友輔,44,東京,52.0,B1,4.5,26.21,4.73,29.41,20,38.46,69,46.15,,3,https://www1.mbrace.or.jp/od2/B/202608/b260815.lzh,2026-10-03T18:31:59.997492+09:00
20260815,05,多摩川,10,20260815-05-10,4,4883,岡部大輝,30,東京,52.0,A2,6.4,47.57,6.43,50.0,32,55.81,47,41.03,,,https://www1.mbrace.or.jp/od2/B/202608/b260815.lzh,2026-10-03T18:31:59.997492+09:00
20260815,05,多摩川,10,20260815-05-10,5,4081,樋口範政,47,愛知,56.0,B1,5.2,31.19,4.52,28.0,14,46.75,52,40.51,,5,https://www1.mbrace.or.jp/od2/B/202608/b260815.lzh,2026-10-03T18:31:59.997492+09:00
20260815,05,多摩川,10,20260815-05-10,6,4177,萬正嗣,43,群馬,59.0,B1,4.27,25.0,4.22,30.43,11,36.71,21,33.33,,2,https://www1.mbrace.or.jp/od2/B/202608/b260815.lzh,2026-10-03T18:31:59.997492+09:00
20260815,05,多摩川,11,20260815-05-11,1,4335,若林将,42,東京,54.0,A1,6.99,53.33,7.12,50.0,74,35.23,35,33.77,,6,https://www1.mbrace.or.jp/od2/B/202608/b260815.lzh,2026-10-03T18:31:59.997492+09:00
20260815,05,多摩川,11,20260815-05-11,2,4109,谷津幸宏,46,埼玉,54.0,A2,5.58,35.54,6.95,49.09,67,40.0,66,50.63,,,https://www1.mbrace.or.jp/od2/B/202608/b260815.lzh,2026-10-03T18:31:59.997492+09:00
20260815,05,多摩川,11,20260815-05-11,3,3072,西田靖,64,東京,53.0,B1,3.88,20.0,4.52,31.25,51,38.75,29,45.95,,3,https://www1.mbrace.or.jp/od2/B/202608/b260815.lzh,2026-10-03T18:31:59.997492+09:00
20260815,05,多摩川,11,20260815-05-11,4,4995,田邉亮蔵,35,東京,56.0,B1,4.27,24.68,5.63,30.0,17,41.67,83,36.25,,4,https://www1.mbrace.or.jp/od2/B/202608/b260815.lzh,2026-10-03T18:31:59.997492+09:00
20260815,05,多摩川,11,20260815-05-11,5,4298,宮下元胤,43,愛知,54.0,A2,5.91,40.16,6.07,35.19,28,44.62,55,32.94,,2,https://www1.mbrace.or.jp/od2/B/202608/b260815.lzh,2026-10-03T18:31:59.997492+09:00
20260815,05,多摩川,11,20260815-05-11,6,3868,尾形栄治,51,東京,56.0,B1,4.88,26.74,5.05,32.5,39,37.5,23,30.95,,5,https://www1.mbrace.or.jp/od2/B/202608/b260815.lzh,2026-10-03T18:31:59.997492+09:00
20260815,05,多摩川,12,20260815-05-12,1,3590,濱野谷憲,52,東京,56.0,A1,6.92,46.23,7.07,48.48,18,35.44,75,32.1,,6,https://www1.mbrace.or.jp/od2/B/202608/b260815.lzh,2026-10-03T18:31:59.997492+09:00
20260815,05,多摩川,12,20260815-05-12,2,3641,一瀬明,55,東京,51.0,A1,6.0,42.06,6.58,43.08,26,30.3,79,41.25,,4,https://www1.mbrace.or.jp/od2/B/202608/b260815.lzh,2026-10-03T18:31:59.997492+09:00
20260815,05,多摩川,12,20260815-05-12,3,4083,福島勇樹,46,東京,53.0,A1,7.32,59.84,7.1,61.04,55,40.66,85,41.77,,,https://www1.mbrace.or.jp/od2/B/202608/b260815.lzh,2026-10-03T18:31:59.997492+09:00
20260815,05,多摩川,12,20260815-05-12,4,4528,黒井達矢,38,埼玉,53.0,A1,6.49,40.28,7.59,58.82,42,37.66,64,41.03,,,https://www1.mbrace.or.jp/od2/B/202608/b260815.lzh,2026-10-03T18:31:59.997492+09:00
20260815,05,多摩川,12,20260815-05-12,5,4644,山田亮太,47,東京,52.0,A1,6.55,46.92,5.74,45.24,27,39.51,33,33.75,,5,https://www1.mbrace.or.jp/od2/B/202608/b260815.lzh,2026-10-03T18:31:59.997492+09:00
20260815,05,多摩川,12,20260815-05-12,6,4928,栗城匠,31,東京,52.0,A1,6.61,48.18,6.58,49.15,50,33.72,80,31.08,,3,https://www1.mbrace.or.jp/od2/B/202608/b260815.lzh,2026-10-03T18:31:59.997492+09:00
20260815,04,平和島,1,20260815-04-01,1,4728,山口亮,38,東京,54.0,B1,4.0,19.48,5.54,42.0,35,16.67,17,29.41,532 436,8,https://www1.mbrace.or.jp/od2/B/202608/b260815.lzh,2026-10-03T18:31:59.997492+09:00
20260815,04,平和島,1,20260815-04-01,2,3857,阿波勝哉,53,東京,56.0,B1,4.68,29.63,4.84,28.32,45,20.0,62,28.26,562 3 34,9,https://www1.mbrace.or.jp/od2/B/202608/b260815.lzh,2026-10-03T18:31:59.997492+09:00
20260815,04,平和島,1,20260815-04-01,3,4813,宮内直哉,36,東京,53.0,B1,3.96,14.71,3.82,18.37,43,46.67,29,41.38,3 25536,7,https://www1.mbrace.or.jp/od2/B/202608/b260815.lzh,2026-10-03T18:31:59.997492+09:00
20260815,04,平和島,1,20260815-04-01,4,5427,港理樹,24,東京,52.0,B1,2.91,2.56,3.24,5.88,75,21.21,23,44.44,2 35464,7,https://www1.mbrace.or.jp/od2/B/202608/b260815.lzh,2026-10-03T18:31:59.997492+09:00
20260815,04,平和島,1,20260815-04-01,5,5253,藤井太雅,23,東京,54.0,B2,3.16,7.89,3.56,18.52,18,42.86,33,38.46,4 563 54,6,https://www1.mbrace.or.jp/od2/B/202608/b260815.lzh,2026-10-03T18:31:59.997492+09:00
20260815,04,平和島,1,20260815-04-01,6,3256,三角哲男,59,東京,52.0,A1,6.22,47.83,6.71,47.31,46,43.33,26,25.71,11211 33,10,https://www1.mbrace.or.jp/od2/B/202608/b260815.lzh,2026-10-03T18:31:59.997492+09:00
20260815,04,平和島,2,20260815-04-02,1,4484,稲生夏季,36,東京,49.0,B1,4.76,21.62,3.87,10.87,59,21.74,73,35.71,266 5 45,,https://www1.mbrace.or.jp/od2/B/202608/b260815.lzh,2026-10-03T18:31:59.997492+09:00
20260815,04,平和島,2,20260815-04-02,2,4680,後藤美翼,36,東京,45.0,A2,5.35,32.38,5.62,38.46,66,21.21,70,51.52,124 1644,10,https://www1.mbrace.or.jp/od2/B/202608/b260815.lzh,2026-10-03T18:31:59.997492+09:00
20260815,04,平和島,2,20260815-04-02,3,5365,石村日奈,25,東京,46.0,B1,2.32,6.76,2.09,0.0,38,42.86,44,34.15,565 1 26,9,https://www1.mbrace.or.jp/od2/B/202608/b260815.lzh,2026-10-03T18:31:59.997492+09:00
20260815,04,平和島,2,20260815-04-02,4,5436,市川瑚幸,21,東京,47.0,B2,1.39,0.0,1.45,0.0,22,20.69,43,38.64,S66 6 35,8,https://www1.mbrace.or.jp/od2/B/202608/b260815.lzh,2026-10-03T18:31:59.997492+09:00
20260815,04,平和島,2,20260815-04-02,5,5415,阿部未侑,20,東京,50.0,B2,1.04,0.0,1.0,0.0,47,34.15,19,33.33,4 65466,,https://www1.mbrace.or.jp/od2/B/202608/b260815.lzh,2026-10-03T18:31:59.997492+09:00
20260815,04,平和島,2,20260815-04-02,6,4283,石井裕美,42,東京,52.0,B1,3.89,9.86,4.11,5.56,33,42.5,45,42.86,354 5 45,,https://www1.mbrace.or.jp/od2/B/202608/b260815.lzh,2026-10-03T18:31:59.997492+09:00
20260815,04,平和島,3,20260815-04-03,1,5228,若林樹蘭,23,東京,51.0,A2,5.55,33.33,6.13,43.59,19,35.56,18,33.33,3 344412,10,https://www1.mbrace.or.jp/od2/B/202608/b260815.lzh,2026-10-03T18:31:59.997492+09:00
20260815,04,平和島,3,20260815-04-03,2,3319,山崎義明,59,埼玉,53.0,A2,5.7,40.35,5.75,40.98,69,16.0,12,25.58,424 1226,12,https://www1.mbrace.or.jp/od2/B/202608/b260815.lzh,2026-10-03T18:31:59.997492+09:00
20260815,04,平和島,3,20260815-04-03,3,4676,後藤隼之,38,東京,56.0,A2,5.09,25.25,5.12,29.27,39,15.38,28,35.9,4 322 53,9,https://www1.mbrace.or.jp/od2/B/202608/b260815.lzh,2026-10-03T18:31:59.997492+09:00
20260815,04,平和島,3,20260815-04-03,4,4496,内堀学,39,東京,55.0,A1,6.63,52.17,6.94,57.97,27,35.56,54,32.56,2313442,10,https://www1.mbrace.or.jp/od2/B/202608/b260815.lzh,2026-10-03T18:31:59.997492+09:00
20260815,04,平和島,3,20260815-04-03,5,4619,伏田裕隆,43,東京,53.0,B1,5.59,41.12,5.71,38.24,64,29.03,41,38.89,615 5 14,8,https://www1.mbrace.or.jp/od2/B/202608/b260815.lzh,2026-10-03T18:31:59.997492+09:00
20260815,04,平和島,3,20260815-04-03,6,5226,藤田俊祐,24,東京,52.0,B1,5.24,28.57,5.45,41.94,58,44.44,71,38.89,131 1311,11,https://www1.mbrace.or.jp/od2/B/202608/b260815.lzh,2026-10-03T18:31:59.997492+09:00
20260815,04,平和島,4,20260815-04-04,1,5175,島崎丈一,22,東京,54.0,B1,5.16,26.03,4.87,26.98,52,30.77,52,51.16,344 666,,https://www1.mbrace.or.jp/od2/B/202608/b260815.lzh,2026-10-03T18:31:59.997492+09:00
20260815,04,平和島,4,20260815-04-04,2,4488,小山勉,40,埼玉,53.0,A1,6.82,55.56,5.32,44.0,70,14.29,35,42.86,1246324,11,https://www1.mbrace.or.jp/od2/B/202608/b260815.lzh,2026-10-03T18:31:59.997492+09:00
20260815,04,平和島,4,20260815-04-04,3,4560,庄司樹良,35,東京,55.0,A2,5.6,30.11,5.71,37.18,57,9.09,75,31.25,5 525 13,8,https://www1.mbrace.or.jp/od2/B/202608/b260815.lzh,2026-10-03T18:31:59.997492+09:00
20260815,04,平和島,4,20260815-04-04,4,4104,木下陽介,46,東京,55.0,B1,4.04,22.62,4.71,30.91,30,45.1,14,34.38,1 34122,11,https://www1.mbrace.or.jp/od2/B/202608/b260815.lzh,2026-10-03T18:31:59.997492+09:00
20260815,04,平和島,4,20260815-04-04,5,4460,後藤翔之,40,東京,56.0,A2,5.81,37.5,5.89,41.77,24,20.83,47,16.13,2211231,10,https://www1.mbrace.or.jp/od2/B/202608/b260815.lzh,2026-10-03T18:31:59.997492+09:00
20260815,04,平和島,4,20260815-04-04,6,5422,真田聖也,24,埼玉,52.0,B2,1.3,2.13,1.28,0.0,40,48.89,15,27.78,4 66566,,https://www1.mbrace.or.jp/od2/B/202608/b260815.lzh,2026-10-03T18:31:59.997492+09:00
20260815,04,平和島,5,20260815-04-05,1,4053,芦澤望,48,東京,57.0,A2,5.3,34.88,5.57,43.24,26,35.0,50,23.26,5 231 53,11,https://www1.mbrace.or.jp/od2/B/202608/b260815.lzh,2026-10-03T18:31:59.997492+09:00
20260815,04,平和島,5,20260815-04-05,2,3992,関口智久,47,埼玉,55.0,B1,5.46,35.82,5.73,40.0,32,22.58,65,31.43,535 3 56,,https://www1.mbrace.or.jp/od2/B/202608/b260815.lzh,2026-10-03T18:31:59.997492+09:00
20260815,04,平和島,5,20260815-04-05,3,4152,深水慎一,46,東京,52.0,A2,5.32,39.77,5.43,35.53,62,41.94,32,31.71,241 3621,10,https://www1.mbrace.or.jp/od2/B/202608/b260815.lzh,2026-10-03T18:31:59.997492+09:00
20260815,04,平和島,5,20260815-04-05,4,4421,森作広大,38,東京,57.0,B1,3.05,3.33,4.14,18.0,73,35.71,20,38.46,5 434 62,,https://www1.mbrace.or.jp/od2/B/202608/b260815.lzh,2026-10-03T18:31:59.997492+09:00
20260815,04,平和島,5,20260815-04-05,5,3826,村田修次,53,東京,53.0,A2,6.3,45.53,5.92,36.92,61,43.9,24,41.67,1 422232,11,https://www1.mbrace.or.jp/od2/B/202608/b260815.lzh,2026-10-03T18:31:59.997492+09:00
20260815,04,平和島,5,20260815-04-05,6,4297,山田哲也,43,東京,52.0,A1,6.36,47.32,6.05,42.11,12,61.54,51,42.22,16111 21,12,https://www1.mbrace.or.jp/od2/B/202608/b260815.lzh,2026-10-03T18:31:59.997492+09:00
20260815,04,平和島,6,20260815-04-06,1,4779,伊倉光,40,東京,51.0,B1,5.44,30.23,4.56,21.59,29,47.73,74,33.33,443 142,12,https://www1.mbrace.or.jp/od2/B/202608/b260815.lzh,2026-10-03T18:31:59.997492+09:00
20260815,04,平和島,6,20260815-04-06,2,3385,渡邉睦広,57,東京,52.0,A2,5.52,40.37,6.03,46.88,21,40.91,10,29.27,421 6541,,https://www1.mbrace.or.jp/od2/B/202608/b260815.lzh,2026-10-03T18:31:59.997492+09:00
20260815,04,平和島,6,20260815-04-06,3,5047,國分将太,32,東京,54.0,B1,5.69,34.04,4.83,29.17,63,21.21,25,51.43,6 22214,11,https://www1.mbrace.or.jp/od2/B/202608/b260815.lzh,2026-10-03T18:31:59.997492+09:00
20260815,04,平和島,6,20260815-04-06,4,5253,藤井太雅,23,東京,54.0,B2,3.16,7.89,3.56,18.52,18,42.86,33,38.46,4 563 54,1,https://www1.mbrace.or.jp/od2/B/202608/b260815.lzh,2026-10-03T18:31:59.997492+09:00
20260815,04,平和島,6,20260815-04-06,5,4759,今泉友吾,36,東京,51.0,A1,7.05,49.11,7.11,55.36,34,13.79,30,33.33,243 2231,12,https://www1.mbrace.or.jp/od2/B/202608/b260815.lzh,2026-10-03T18:31:59.997492+09:00
20260815,04,平和島,6,20260815-04-06,6,5449,堀井涼平,23,東京,49.0,B2,1.58,6.45,0.0,0.0,44,16.0,21,19.35,6 6F6 6,,https://www1.mbrace.or.jp/od2/B/202608/b260815.lzh,2026-10-03T18:31:59.997492+09:00
20260815,04,平和島,7,20260815-04-07,1,4813,宮内直哉,36,東京,53.0,B1,3.96,14.71,3.82,18.37,43,46.67,29,41.38,3 25536,1,https://www1.mbrace.or.jp/od2/B/202608/b260815.lzh,2026-10-03T18:31:59.997492+09:00
20260815,04,平和島,7,20260815-04-07,2,5005,石田貴洋,30,埼玉,52.0,A1,6.25,41.98,5.0,20.0,60,52.38,55,36.36,3351415,,https://www1.mbrace.or.jp/od2/B/202608/b260815.lzh,2026-10-03T18:31:59.997492+09:00
20260815,04,平和島,7,20260815-04-07,3,4036,金田諭,47,埼玉,52.0,A1,6.56,45.16,6.74,57.45,16,32.43,72,31.03,1 162515,12,https://www1.mbrace.or.jp/od2/B/202608/b260815.lzh,2026-10-03T18:31:59.997492+09:00
20260815,04,平和島,7,20260815-04-07,4,3463,乙津康志,59,東京,52.0,B1,4.56,20.88,5.11,27.66,50,58.14,34,20.0,2 33122,12,https://www1.mbrace.or.jp/od2/B/202608/b260815.lzh,2026-10-03T18:31:59.997492+09:00
20260815,04,平和島,7,20260815-04-07,5,5427,港理樹,24,東京,52.0,B1,2.91,2.56,3.24,5.88,75,21.21,23,44.44,2 35464,1,https://www1.mbrace.or.jp/od2/B/202608/b260815.lzh,2026-10-03T18:31:59.997492+09:00
20260815,04,平和島,7,20260815-04-07,6,5135,仲航太,26,東京,54.0,B1,5.42,40.91,5.52,38.25,25,40.91,22,29.73,312 F32,,https://www1.mbrace.or.jp/od2/B/202608/b260815.lzh,2026-10-03T18:31:59.997492+09:00
20260815,04,平和島,8,20260815-04-08,1,4560,庄司樹良,35,東京,55.0,A2,5.6,30.11,5.71,37.18,57,9.09,75,31.25,5 525 13,4,https://www1.mbrace.or.jp/od2/B/202608/b260815.lzh,2026-10-03T18:31:59.997492+09:00
20260815,04,平和島,8,20260815-04-08,2,4191,赤羽克也,45,埼玉,55.0,A1,6.5,51.11,5.69,34.29,23,43.18,13,33.33,5 515534,,https://www1.mbrace.or.jp/od2/B/202608/b260815.lzh,2026-10-03T18:31:59.997492+09:00
20260815,04,平和島,8,20260815-04-08,3,4728,山口亮,38,東京,54.0,B1,4.0,19.48,5.54,42.0,35,16.67,17,29.41,532 436,1,https://www1.mbrace.or.jp/od2/B/202608/b260815.lzh,2026-10-03T18:31:59.997492+09:00
20260815,04,平和島,8,20260815-04-08,4,4619,伏田裕隆,43,東京,53.0,B1,5.59,41.12,5.71,38.24,64,29.03,41,38.89,615 5 14,3,https://www1.mbrace.or.jp/od2/B/202608/b260815.lzh,2026-10-03T18:31:59.997492+09:00
20260815,04,平和島,8,20260815-04-08,5,5436,市川瑚幸,21,東京,47.0,B2,1.39,0.0,1.45,0.0,22,20.69,43,38.64,S66 6 35,2,https://www1.mbrace.or.jp/od2/B/202608/b260815.lzh,2026-10-03T18:31:59.997492+09:00
20260815,04,平和島,8,20260815-04-08,6,4211,村田敦,43,東京,58.0,B1,4.6,28.26,3.95,18.6,56,17.86,27,20.0,5 445 53,,https://www1.mbrace.or.jp/od2/B/202608/b260815.lzh,2026-10-03T18:31:59.997492+09:00
20260815,04,平和島,9,20260815-04-09,1,4676,後藤隼之,38,東京,56.0,A2,5.09,25.25,5.12,29.27,39,15.38,28,35.9,4 322 53,3,https://www1.mbrace.or.jp/od2/B/202608/b260815.lzh,2026-10-03T18:31:59.997492+09:00
20260815,04,平和島,9,20260815-04-09,2,5365,石村日奈,25,東京,46.0,B1,2.32,6.76,2.09,0.0,38,42.86,44,34.15,565 1 26,2,https://www1.mbrace.or.jp/od2/B/202608/b260815.lzh,2026-10-03T18:31:59.997492+09:00
20260815,04,平和島,9,20260815-04-09,3,4895,門間雄大,35,東京,55.0,A2,5.13,25.0,5.36,24.59,17,32.56,49,19.05,163 34S3,,https://www1.mbrace.or.jp/od2/B/202608/b260815.lzh,2026-10-03T18:31:59.997492+09:00
20260815,04,平和島,9,20260815-04-09,4,3857,阿波勝哉,53,東京,56.0,B1,4.68,29.63,4.84,28.32,45,20.0,62,28.26,562 3 34,1,https://www1.mbrace.or.jp/od2/B/202608/b260815.lzh,2026-10-03T18:31:59.997492+09:00
20260815,04,平和島,9,20260815-04-09,5,3966,作間章,47,東京,54.0,A1,6.53,44.83,7.42,60.0,37,32.56,31,13.51,352 5451,,https://www1.mbrace.or.jp/od2/B/202608/b260815.lzh,2026-10-03T18:31:59.997492+09:00
20260815,04,平和島,9,20260815-04-09,6,3353,前田光昭,58,埼玉,52.0,B1,2.93,8.57,4.83,50.0,36,46.15,37,30.23,4 463 5F,,https://www1.mbrace.or.jp/od2/B/202608/b260815.lzh,2026-10-03T18:31:59.997492+09:00
20260815,04,平和島,10,20260815-04-10,1,3256,三角哲男,59,東京,52.0,A1,6.22,47.83,6.71,47.31,46,43.33,26,25.71,11211 33,1,https://www1.mbrace.or.jp/od2/B/202608/b260815.lzh,2026-10-03T18:31:59.997492+09:00
20260815,04,平和島,10,20260815-04-10,2,4460,後藤翔之,40,東京,56.0,A2,5.81,37.5,5.89,41.77,24,20.83,47,16.13,2211231,4,https://www1.mbrace.or.jp/od2/B/202608/b260815.lzh,2026-10-03T18:31:59.997492+09:00
20260815,04,平和島,10,20260815-04-10,3,4496,内堀学,39,東京,55.0,A1,6.63,52.17,6.94,57.97,27,35.56,54,32.56,2313442,3,https://www1.mbrace.or.jp/od2/B/202608/b260815.lzh,2026-10-03T18:31:59.997492+09:00
20260815,04,平和島,10,20260815-04-10,4,4152,深水慎一,46,東京,52.0,A2,5.32,39.77,5.43,35.53,62,41.94,32,31.71,241 3621,5,https://www1.mbrace.or.jp/od2/B/202608/b260815.lzh,2026-10-03T18:31:59.997492+09:00
20260815,04,平和島,10,20260815-04-10,5,4680,後藤美翼,36,東京,45.0,A2,5.35,32.38,5.62,38.46,66,21.21,70,51.52,124 1644,2,https://www1.mbrace.or.jp/od2/B/202608/b260815.lzh,2026-10-03T18:31:59.997492+09:00
20260815,04,平和島,10,20260815-04-10,6,5228,若林樹蘭,23,東京,51.0,A2,5.55,33.33,6.13,43.59,19,35.56,18,33.33,3 344412,3,https://www1.mbrace.or.jp/od2/B/202608/b260815.lzh,2026-10-03T18:31:59.997492+09:00
20260815,04,平和島,11,20260815-04-11,1,5226,藤田俊祐,24,東京,52.0,B1,5.24,28.57,5.45,41.94,58,44.44,71,38.89,131 1311,3,https://www1.mbrace.or.jp/od2/B/202608/b260815.lzh,2026-10-03T18:31:59.997492+09:00
20260815,04,平和島,11,20260815-04-11,2,3826,村田修次,53,東京,53.0,A2,6.3,45.53,5.92,36.92,61,43.9,24,41.67,1 422232,5,https://www1.mbrace.or.jp/od2/B/202608/b260815.lzh,2026-10-03T18:31:59.997492+09:00
20260815,04,平和島,11,20260815-04-11,3,4104,木下陽介,46,東京,55.0,B1,4.04,22.62,4.71,30.91,30,45.1,14,34.38,1 34122,4,https://www1.mbrace.or.jp/od2/B/202608/b260815.lzh,2026-10-03T18:31:59.997492+09:00
20260815,04,平和島,11,20260815-04-11,4,5047,國分将太,32,東京,54.0,B1,5.69,34.04,4.83,29.17,63,21.21,25,51.43,6 22214,6,https://www1.mbrace.or.jp/od2/B/202608/b260815.lzh,2026-10-03T18:31:59.997492+09:00
20260815,04,平和島,11,20260815-04-11,5,4488,小山勉,40,埼玉,53.0,A1,6.82,55.56,5.32,44.0,70,14.29,35,42.86,1246324,4,https://www1.mbrace.or.jp/od2/B/202608/b260815.lzh,2026-10-03T18:31:59.997492+09:00
20260815,04,平和島,11,20260815-04-11,6,4053,芦澤望,48,東京,57.0,A2,5.3,34.88,5.57,43.24,26,35.0,50,23.26,5 231 53,5,https://www1.mbrace.or.jp/od2/B/202608/b260815.lzh,2026-10-03T18:31:59.997492+09:00
20260815,04,平和島,12,20260815-04-12,1,4297,山田哲也,43,東京,52.0,A1,6.36,47.32,6.05,42.11,12,61.54,51,42.22,16111 21,5,https://www1.mbrace.or.jp/od2/B/202608/b260815.lzh,2026-10-03T18:31:59.997492+09:00
20260815,04,平和島,12,20260815-04-12,2,4759,今泉友吾,36,東京,51.0,A1,7.05,49.11,7.11,55.36,34,13.79,30,33.33,243 2231,6,https://www1.mbrace.or.jp/od2/B/202608/b260815.lzh,2026-10-03T18:31:59.997492+09:00
20260815,04,平和島,12,20260815-04-12,3,3463,乙津康志,59,東京,52.0,B1,4.56,20.88,5.11,27.66,50,58.14,34,20.0,2 33122,7,https://www1.mbrace.or.jp/od2/B/202608/b260815.lzh,2026-10-03T18:31:59.997492+09:00
20260815,04,平和島,12,20260815-04-12,4,4036,金田諭,47,埼玉,52.0,A1,6.56,45.16,6.74,57.45,16,32.43,72,31.03,1 162515,7,https://www1.mbrace.or.jp/od2/B/202608/b260815.lzh,2026-10-03T18:31:59.997492+09:00
20260815,04,平和島,12,20260815-04-12,5,3319,山崎義明,59,埼玉,53.0,A2,5.7,40.35,5.75,40.98,69,16.0,12,25.58,424 1226,3,https://www1.mbrace.or.jp/od2/B/202608/b260815.lzh,2026-10-03T18:31:59.997492+09:00
20260815,04,平和島,12,20260815-04-12,6,4779,伊倉光,40,東京,51.0,B1,5.44,30.23,4.56,21.59,29,47.73,74,33.33,443 142,6,https://www1.mbrace.or.jp/od2/B/202608/b260815.lzh,2026-10-03T18:31:59.997492+09:00
20260815,03,江戸川,1,20260815-03-01,1,4815,伏島祐介,36,東京,53.0,B1,3.29,12.2,4.69,23.4,66,29.55,40,44.44,5 564 455,9,https://www1.mbrace.or.jp/od2/B/202608/b260815.lzh,2026-10-03T18:31:59.997492+09:00
20260815,03,江戸川,1,20260815-03-01,2,5007,近藤雄一,29,東京,52.0,B1,4.59,22.03,5.49,35.29,62,50.0,60,39.22,5 342 511,10,https://www1.mbrace.or.jp/od2/B/202608/b260815.lzh,2026-10-03T18:31:59.997492+09:00
20260815,03,江戸川,1,20260815-03-01,3,3277,齋藤勇,59,東京,52.0,B1,4.32,20.99,4.85,29.41,61,31.11,62,30.95,4 144 352,7,https://www1.mbrace.or.jp/od2/B/202608/b260815.lzh,2026-10-03T18:31:59.997492+09:00
20260815,03,江戸川,1,20260815-03-01,4,5096,上原崚,31,東京,53.0,A2,6.29,38.46,6.38,47.22,53,33.33,26,39.13,21S 253 36,6,https://www1.mbrace.or.jp/od2/B/202608/b260815.lzh,2026-10-03T18:31:59.997492+09:00
20260815,03,江戸川,1,20260815-03-01,5,3888,山本英志,51,東京,51.0,A2,6.15,44.27,5.92,35.09,55,29.79,12,35.71,2 23F 445,5,https://www1.mbrace.or.jp/od2/B/202608/b260815.lzh,2026-10-03T18:31:59.997492+09:00
20260815,03,江戸川,1,20260815-03-01,6,5411,木下虎之,20,東京,55.0,B2,1.97,1.47,1.55,0.0,41,31.82,54,26.0,264 656 51,8,https://www1.mbrace.or.jp/od2/B/202608/b260815.lzh,2026-10-03T18:31:59.997492+09:00
20260815,03,江戸川,2,20260815-03-02,1,5023,久永祥平,31,東京,52.0,A2,5.96,38.27,5.86,41.88,71,43.18,45,34.04,3 522 661,11,https://www1.mbrace.or.jp/od2/B/202608/b260815.lzh,2026-10-03T18:31:59.997492+09:00
20260815,03,江戸川,2,20260815-03-02,2,4245,高橋直哉,44,東京,53.0,B1,4.32,19.44,5.15,32.61,47,21.74,31,21.74,666 162 54,8,https://www1.mbrace.or.jp/od2/B/202608/b260815.lzh,2026-10-03T18:31:59.997492+09:00
20260815,03,江戸川,2,20260815-03-02,3,3911,鈴木猛,52,東京,53.0,B1,5.25,33.03,5.2,31.0,58,22.0,24,33.33,3 226 453,6,https://www1.mbrace.or.jp/od2/B/202608/b260815.lzh,2026-10-03T18:31:59.997492+09:00
20260815,03,江戸川,2,20260815-03-02,4,4769,馬場剛,34,東京,53.0,A1,6.77,48.25,6.69,51.75,28,34.04,23,10.64,225 451 11,10,https://www1.mbrace.or.jp/od2/B/202608/b260815.lzh,2026-10-03T18:31:59.997492+09:00
20260815,03,江戸川,2,20260815-03-02,5,4615,板倉敦史,46,東京,54.0,B1,4.57,25.61,4.64,21.31,50,14.58,32,48.89,564 313 43,7,https://www1.mbrace.or.jp/od2/B/202608/b260815.lzh,2026-10-03T18:31:59.997492+09:00
20260815,03,江戸川,2,20260815-03-02,6,4345,西舘健,41,東京,56.0,A2,5.73,42.86,5.51,36.94,60,31.82,17,45.45,6 66F 622,7,https://www1.mbrace.or.jp/od2/B/202608/b260815.lzh,2026-10-03T18:31:59.997492+09:00
20260815,03,江戸川,3,20260815-03-03,1,3303,渡辺豊,58,東京,55.0,B1,4.16,16.5,6.41,45.27,22,34.0,28,36.96,445 461 65,,https://www1.mbrace.or.jp/od2/B/202608/b260815.lzh,2026-10-03T18:31:59.997492+09:00
20260815,03,江戸川,3,20260815-03-03,2,4465,大西賢,39,東京,53.0,B1,4.34,20.97,4.71,27.43,68,38.46,13,40.0,1 643 244,7,https://www1.mbrace.or.jp/od2/B/202608/b260815.lzh,2026-10-03T18:31:59.997492+09:00
20260815,03,江戸川,3,20260815-03-03,3,4438,森作雄大,40,東京,53.0,B1,4.82,32.43,5.34,35.45,38,26.09,25,30.95,143 616 12,11,https://www1.mbrace.or.jp/od2/B/202608/b260815.lzh,2026-10-03T18:31:59.997492+09:00
20260815,03,江戸川,3,20260815-03-03,4,5095,小原聡将,32,東京,51.0,A2,6.55,43.75,6.41,48.65,40,9.09,39,48.84,312 24S 35,9,https://www1.mbrace.or.jp/od2/B/202608/b260815.lzh,2026-10-03T18:31:59.997492+09:00
20260815,03,江戸川,3,20260815-03-03,5,3716,石渡鉄兵,51,東京,54.0,A1,6.91,44.0,7.86,61.47,18,27.66,69,17.78,1 162 315,10,https://www1.mbrace.or.jp/od2/B/202608/b260815.lzh,2026-10-03T18:31:59.997492+09:00
20260815,03,江戸川,3,20260815-03-03,6,5371,早川颯太,24,東京,52.0,B2,1.99,2.74,1.65,2.9,48,27.08,58,21.74,653 4F6 66,9,https://www1.mbrace.or.jp/od2/B/202608/b260815.lzh,2026-10-03T18:31:59.997492+09:00
20260815,03,江戸川,4,20260815-03-04,1,3569,増田進,55,東京,54.0,B1,3.98,17.05,5.36,33.11,33,26.67,70,20.0,542 656 23,,https://www1.mbrace.or.jp/od2/B/202608/b260815.lzh,2026-10-03T18:31:59.997492+09:00
20260815,03,江戸川,4,20260815-03-04,2,3602,奥平拓也,56,東京,52.0,B1,3.91,16.46,5.5,35.11,11,23.26,71,37.21,4 333 1416,11,https://www1.mbrace.or.jp/od2/B/202608/b260815.lzh,2026-10-03T18:31:59.997492+09:00
20260815,03,江戸川,4,20260815-03-04,3,4608,荒井翔伍,36,東京,54.0,A2,5.8,37.7,6.52,41.18,43,33.33,36,31.91,535 243 21,10,https://www1.mbrace.or.jp/od2/B/202608/b260815.lzh,2026-10-03T18:31:59.997492+09:00
20260815,03,江戸川,4,20260815-03-04,4,4086,寺本重宣,46,東京,50.0,A2,6.01,39.52,5.89,36.14,10,31.82,47,40.38,2 126 243,8,https://www1.mbrace.or.jp/od2/B/202608/b260815.lzh,2026-10-03T18:31:59.997492+09:00
20260815,03,江戸川,4,20260815-03-04,5,4954,内山峻輔,31,東京,53.0,B1,4.34,22.5,6.14,45.95,14,15.56,33,34.78,1 542 5545,,https://www1.mbrace.or.jp/od2/B/202608/b260815.lzh,2026-10-03T18:31:59.997492+09:00
20260815,03,江戸川,4,20260815-03-04,6,5433,米本圭佑,21,東京,50.0,B2,2.02,1.54,2.58,5.26,37,46.94,67,42.55,62S 665 45,,https://www1.mbrace.or.jp/od2/B/202608/b260815.lzh,2026-10-03T18:31:59.997492+09:00
20260815,03,江戸川,5,20260815-03-05,1,3340,池田雷太,61,東京,54.0,B1,3.94,20.22,5.28,36.08,20,39.58,35,32.69,2 141 325,11,https://www1.mbrace.or.jp/od2/B/202608/b260815.lzh,2026-10-03T18:31:59.997492+09:00
20260815,03,江戸川,5,20260815-03-05,2,4440,萩原知哉,39,東京,55.0,B1,4.88,29.55,5.12,27.93,70,18.37,20,24.0,3 634 254,9,https://www1.mbrace.or.jp/od2/B/202608/b260815.lzh,2026-10-03T18:31:59.997492+09:00
20260815,03,江戸川,5,20260815-03-05,3,3313,本吉正樹,61,東京,57.0,B1,4.31,22.35,4.93,28.0,35,37.78,16,55.32,155 335 44,,https://www1.mbrace.or.jp/od2/B/202608/b260815.lzh,2026-10-03T18:31:59.997492+09:00
20260815,03,江戸川,5,20260815-03-05,4,4598,加藤政彦,42,東京,53.0,B1,6.12,49.47,6.46,48.91,57,47.92,65,20.83,1 441 254,10,https://www1.mbrace.or.jp/od2/B/202608/b260815.lzh,2026-10-03T18:31:59.997492+09:00
20260815,03,江戸川,5,20260815-03-05,5,4366,前沢丈史,40,東京,54.0,A1,6.55,47.33,6.85,49.49,15,34.09,51,25.0,3 663 4153,,https://www1.mbrace.or.jp/od2/B/202608/b260815.lzh,2026-10-03T18:31:59.997492+09:00
20260815,03,江戸川,5,20260815-03-05,6,3888,山本英志,51,東京,51.0,A2,6.15,44.27,5.92,35.09,55,29.79,12,35.71,2 23F 445,1,https://www1.mbrace.or.jp/od2/B/202608/b260815.lzh,2026-10-03T18:31:59.997492+09:00
20260815,03,江戸川,6,20260815-03-06,1,4723,寺島吉彦,40,東京,50.0,B1,4.48,29.51,5.82,41.74,34,50.0,55,45.45,444 236 22,10,https://www1.mbrace.or.jp/od2/B/202608/b260815.lzh,2026-10-03T18:31:59.997492+09:00
20260815,03,江戸川,6,20260815-03-06,2,5096,上原崚,31,東京,53.0,A2,6.29,38.46,6.38,47.22,53,33.33,26,39.13,21S 253 36,1,https://www1.mbrace.or.jp/od2/B/202608/b260815.lzh,2026-10-03T18:31:59.997492+09:00
20260815,03,江戸川,6,20260815-03-06,3,4976,金山立樹,32,東京,53.0,B1,5.09,28.72,5.06,31.75,25,51.06,59,28.85,662 253 34,,https://www1.mbrace.or.jp/od2/B/202608/b260815.lzh,2026-10-03T18:31:59.997492+09:00
20260815,03,江戸川,6,20260815-03-06,4,4610,佐藤大佑,36,東京,55.0,A1,6.0,41.67,5.99,41.55,65,43.14,14,25.64,5 113 346,11,https://www1.mbrace.or.jp/od2/B/202608/b260815.lzh,2026-10-03T18:31:59.997492+09:00
20260815,03,江戸川,6,20260815-03-06,5,4379,桑島和宏,42,東京,57.0,A2,6.19,41.32,6.31,43.28,39,25.53,15,26.53,343 353 24,,https://www1.mbrace.or.jp/od2/B/202608/b260815.lzh,2026-10-03T18:31:59.997492+09:00
20260815,03,江戸川,6,20260815-03-06,6,3911,鈴木猛,52,東京,53.0,B1,5.25,33.03,5.2,31.0,58,22.0,24,33.33,3 226 453,2,https://www1.mbrace.or.jp/od2/B/202608/b260815.lzh,2026-10-03T18:31:59.997492+09:00
20260815,03,江戸川,7,20260815-03-07,1,3277,齋藤勇,59,東京,52.0,B1,4.32,20.99,4.85,29.41,61,31.11,62,30.95,4 144 352,1,https://www1.mbrace.or.jp/od2/B/202608/b260815.lzh,2026-10-03T18:31:59.997492+09:00
20260815,03,江戸川,7,20260815-03-07,2,3202,三品隆浩,61,東京,52.0,B1,4.24,24.42,5.51,38.46,32,39.53,18,25.0,434 361 15,,https://www1.mbrace.or.jp/od2/B/202608/b260815.lzh,2026-10-03T18:31:59.997492+09:00
20260815,03,江戸川,7,20260815-03-07,3,4615,板倉敦史,46,東京,54.0,B1,4.57,25.61,4.64,21.31,50,14.58,32,48.89,564 313 43,2,https://www1.mbrace.or.jp/od2/B/202608/b260815.lzh,2026-10-03T18:31:59.997492+09:00
20260815,03,江戸川,7,20260815-03-07,4,4465,大西賢,39,東京,53.0,B1,4.34,20.97,4.71,27.43,68,38.46,13,40.0,1 643 244,3,https://www1.mbrace.or.jp/od2/B/202608/b260815.lzh,2026-10-03T18:31:59.997492+09:00
20260815,03,江戸川,7,20260815-03-07,5,4345,西舘健,41,東京,56.0,A2,5.73,42.86,5.51,36.94,60,31.82,17,45.45,6 66F 622,2,https://www1.mbrace.or.jp/od2/B/202608/b260815.lzh,2026-10-03T18:31:59.997492+09:00
20260815,03,江戸川,7,20260815-03-07,6,4266,長田頼宗,41,東京,54.0,A1,6.96,48.62,7.14,52.63,12,32.56,43,36.0,4 612 124,11,https://www1.mbrace.or.jp/od2/B/202608/b260815.lzh,2026-10-03T18:31:59.997492+09:00
20260815,03,江戸川,8,20260815-03-08,1,4245,高橋直哉,44,東京,53.0,B1,4.32,19.44,5.15,32.61,47,21.74,31,21.74,666 162 54,2,https://www1.mbrace.or.jp/od2/B/202608/b260815.lzh,2026-10-03T18:31:59.997492+09:00
20260815,03,江戸川,8,20260815-03-08,2,3517,高橋勲,58,東京,56.0,B1,6.01,44.7,5.72,35.82,23,39.53,11,18.0,S54 515 66,,https://www1.mbrace.or.jp/od2/B/202608/b260815.lzh,2026-10-03T18:31:59.997492+09:00
20260815,03,江戸川,8,20260815-03-08,3,5279,石渡翔一,23,東京,53.0,B1,5.6,37.76,5.48,37.28,19,21.28,52,36.54,2 234 21S,,https://www1.mbrace.or.jp/od2/B/202608/b260815.lzh,2026-10-03T18:31:59.997492+09:00
20260815,03,江戸川,8,20260815-03-08,4,5411,木下虎之,20,東京,55.0,B2,1.97,1.47,1.55,0.0,41,31.82,54,26.0,264 656 51,1,https://www1.mbrace.or.jp/od2/B/202608/b260815.lzh,2026-10-03T18:31:59.997492+09:00
20260815,03,江戸川,8,20260815-03-08,5,4086,寺本重宣,46,東京,50.0,A2,6.01,39.52,5.89,36.14,10,31.82,47,40.38,2 126 243,4,https://www1.mbrace.or.jp/od2/B/202608/b260815.lzh,2026-10-03T18:31:59.997492+09:00
20260815,03,江戸川,8,20260815-03-08,6,4095,福来剛,45,東京,52.0,A1,7.1,61.61,7.05,53.33,27,35.56,22,23.4,321 F13 61,,https://www1.mbrace.or.jp/od2/B/202608/b260815.lzh,2026-10-03T18:31:59.997492+09:00
20260815,03,江戸川,9,20260815-03-09,1,4077,品田直樹,47,東京,53.0,A2,5.48,29.81,5.58,36.54,17,36.36,21,31.11,2 525 4666,,https://www1.mbrace.or.jp/od2/B/202608/b260815.lzh,2026-10-03T18:31:59.997492+09:00
20260815,03,江戸川,9,20260815-03-09,2,4815,伏島祐介,36,東京,53.0,B1,3.29,12.2,4.69,23.4,66,29.55,40,44.44,5 564 455,1,https://www1.mbrace.or.jp/od2/B/202608/b260815.lzh,2026-10-03T18:31:59.997492+09:00
20260815,03,江戸川,9,20260815-03-09,3,5095,小原聡将,32,東京,51.0,A2,6.55,43.75,6.41,48.65,40,9.09,39,48.84,312 24S 35,3,https://www1.mbrace.or.jp/od2/B/202608/b260815.lzh,2026-10-03T18:31:59.997492+09:00
20260815,03,江戸川,9,20260815-03-09,4,4440,萩原知哉,39,東京,55.0,B1,4.88,29.55,5.12,27.93,70,18.37,20,24.0,3 634 254,5,https://www1.mbrace.or.jp/od2/B/202608/b260815.lzh,2026-10-03T18:31:59.997492+09:00
20260815,03,江戸川,9,20260815-03-09,5,5371,早川颯太,24,東京,52.0,B2,1.99,2.74,1.65,2.9,48,27.08,58,21.74,653 4F6 66,3,https://www1.mbrace.or.jp/od2/B/202608/b260815.lzh,2026-10-03T18:31:59.997492+09:00
20260815,03,江戸川,9,20260815-03-09,6,4945,上村宏太,34,東京,54.0,B1,4.0,14.13,5.13,30.53,16,40.91,38,26.19,6 151 4432,,https://www1.mbrace.or.jp/od2/B/202608/b260815.lzh,2026-10-03T18:31:59.997492+09:00
20260815,03,江戸川,10,20260815-03-10,1,4598,加藤政彦,42,東京,53.0,B1,6.12,49.47,6.46,48.91,57,47.92,65,20.83,1 441 254,5,https://www1.mbrace.or.jp/od2/B/202608/b260815.lzh,2026-10-03T18:31:59.997492+09:00
20260815,03,江戸川,10,20260815-03-10,2,3716,石渡鉄兵,51,東京,54.0,A1,6.91,44.0,7.86,61.47,18,27.66,69,17.78,1 162 315,3,https://www1.mbrace.or.jp/od2/B/202608/b260815.lzh,2026-10-03T18:31:59.997492+09:00
20260815,03,江戸川,10,20260815-03-10,3,4769,馬場剛,34,東京,53.0,A1,6.77,48.25,6.69,51.75,28,34.04,23,10.64,225 451 11,2,https://www1.mbrace.or.jp/od2/B/202608/b260815.lzh,2026-10-03T18:31:59.997492+09:00
20260815,03,江戸川,10,20260815-03-10,4,4608,荒井翔伍,36,東京,54.0,A2,5.8,37.7,6.52,41.18,43,33.33,36,31.91,535 243 21,4,https://www1.mbrace.or.jp/od2/B/202608/b260815.lzh,2026-10-03T18:31:59.997492+09:00
20260815,03,江戸川,10,20260815-03-10,5,5007,近藤雄一,29,東京,52.0,B1,4.59,22.03,5.49,35.29,62,50.0,60,39.22,5 342 511,1,https://www1.mbrace.or.jp/od2/B/202608/b260815.lzh,2026-10-03T18:31:59.997492+09:00
20260815,03,江戸川,10,20260815-03-10,6,4723,寺島吉彦,40,東京,50.0,B1,4.48,29.51,5.82,41.74,34,50.0,55,45.45,444 236 22,6,https://www1.mbrace.or.jp/od2/B/202608/b260815.lzh,2026-10-03T18:31:59.997492+09:00
20260815,03,江戸川,11,20260815-03-11,1,4266,長田頼宗,41,東京,54.0,A1,6.96,48.62,7.14,52.63,12,32.56,43,36.0,4 612 124,7,https://www1.mbrace.or.jp/od2/B/202608/b260815.lzh,2026-10-03T18:31:59.997492+09:00
20260815,03,江戸川,11,20260815-03-11,2,3340,池田雷太,61,東京,54.0,B1,3.94,20.22,5.28,36.08,20,39.58,35,32.69,2 141 325,5,https://www1.mbrace.or.jp/od2/B/202608/b260815.lzh,2026-10-03T18:31:59.997492+09:00
20260815,03,江戸川,11,20260815-03-11,3,4610,佐藤大佑,36,東京,55.0,A1,6.0,41.67,5.99,41.55,65,43.14,14,25.64,5 113 346,6,https://www1.mbrace.or.jp/od2/B/202608/b260815.lzh,2026-10-03T18:31:59.997492+09:00
20260815,03,江戸川,11,20260815-03-11,4,4438,森作雄大,40,東京,53.0,B1,4.82,32.43,5.34,35.45,38,26.09,25,30.95,143 616 12,3,https://www1.mbrace.or.jp/od2/B/202608/b260815.lzh,2026-10-03T18:31:59.997492+09:00
20260815,03,江戸川,11,20260815-03-11,5,3602,奥平拓也,56,東京,52.0,B1,3.91,16.46,5.5,35.11,11,23.26,71,37.21,4 333 1416,4,https://www1.mbrace.or.jp/od2/B/202608/b260815.lzh,2026-10-03T18:31:59.997492+09:00
20260815,03,江戸川,11,20260815-03-11,6,5023,久永祥平,31,東京,52.0,A2,5.96,38.27,5.86,41.88,71,43.18,45,34.04,3 522 661,2,https://www1.mbrace.or.jp/od2/B/202608/b260815.lzh,2026-10-03T18:31:59.997492+09:00
20260815,03,江戸川,12,20260815-03-12,1,4847,佐藤隆太,32,東京,53.0,A1,7.1,50.94,7.38,57.69,51,17.02,30,27.08,361 213 1,,https://www1.mbrace.or.jp/od2/B/202608/b260815.lzh,2026-10-03T18:31:59.997492+09:00
20260815,03,江戸川,12,20260815-03-12,2,5070,中島航,32,東京,53.0,B1,3.84,16.44,4.62,25.37,67,18.18,63,31.37,1 223 521,,https://www1.mbrace.or.jp/od2/B/202608/b260815.lzh,2026-10-03T18:31:59.997492+09:00
20260815,03,江戸川,12,20260815-03-12,3,4430,永田秀二,40,東京,56.0,A2,5.65,33.04,6.25,43.61,13,40.91,27,56.82,1 312 132,,https://www1.mbrace.or.jp/od2/B/202608/b260815.lzh,2026-10-03T18:31:59.997492+09:00
20260815,03,江戸川,12,20260815-03-12,4,4748,渡邉雄朗,40,東京,52.0,A1,6.25,45.98,6.6,46.52,36,48.98,49,38.78,413 412 2,,https://www1.mbrace.or.jp/od2/B/202608/b260815.lzh,2026-10-03T18:31:59.997492+09:00
20260815,03,江戸川,12,20260815-03-12,5,4075,中野次郎,45,東京,56.0,A1,6.48,40.4,6.62,48.65,26,26.0,61,40.74,351 512 3,,https://www1.mbrace.or.jp/od2/B/202608/b260815.lzh,2026-10-03T18:31:59.997492+09:00
20260815,03,江戸川,12,20260815-03-12,6,3940,飯山泰,48,東京,53.0,A1,6.39,49.21,6.22,39.64,31,39.58,34,30.43,525 131 3,,https://www1.mbrace.or.jp/od2/B/202608/b260815.lzh,2026-10-03T18:31:59.997492+09:00
20260815,02,戸田,1,20260815-02-01,1,3075,中村裕将,63,埼玉,55.0,B1,4.76,29.67,5.16,31.82,59,0.0,22,42.86,2 2S4,12,https://www1.mbrace.or.jp/od2/B/202608/b260815.lzh,2026-10-03T18:31:59.997492+09:00
20260815,02,戸田,1,20260815-02-01,2,4532,秋元哲,37,埼玉,51.0,A1,6.81,51.76,6.97,53.96,54,0.0,36,14.29,311 S2,6,https://www1.mbrace.or.jp/od2/B/202608/b260815.lzh,2026-10-03T18:31:59.997492+09:00
20260815,02,戸田,1,20260815-02-01,3,4110,小澤和也,46,埼玉,57.0,B1,3.74,17.11,5.34,35.59,49,0.0,35,50.0,5 153,5,https://www1.mbrace.or.jp/od2/B/202608/b260815.lzh,2026-10-03T18:31:59.997492+09:00
20260815,02,戸田,1,20260815-02-01,4,5194,大久保佑,24,埼玉,42.0,B1,4.39,27.78,4.52,27.17,62,0.0,67,0.0,624 45,,https://www1.mbrace.or.jp/od2/B/202608/b260815.lzh,2026-10-03T18:31:59.997492+09:00
20260815,02,戸田,1,20260815-02-01,5,5454,谷島咲希,20,埼玉,48.0,B2,1.55,2.38,1.25,0.0,16,42.86,54,0.0,5 566,7,https://www1.mbrace.or.jp/od2/B/202608/b260815.lzh,2026-10-03T18:31:59.997492+09:00
20260815,02,戸田,1,20260815-02-01,6,4637,中田友也,36,埼玉,57.0,A2,5.4,36.76,5.86,37.29,8,100.0,15,28.57,1 6 11,11,https://www1.mbrace.or.jp/od2/B/202608/b260815.lzh,2026-10-03T18:31:59.997492+09:00
20260815,02,戸田,2,20260815-02-02,1,3306,武田正紀,58,埼玉,55.0,B1,4.14,21.05,4.81,22.68,29,85.71,56,0.0,4 524,6,https://www1.mbrace.or.jp/od2/B/202608/b260815.lzh,2026-10-03T18:31:59.997492+09:00
20260815,02,戸田,2,20260815-02-02,2,3647,伊藤雄二,53,埼玉,49.0,B1,3.2,10.2,4.29,16.67,12,42.86,75,0.0,4 453,10,https://www1.mbrace.or.jp/od2/B/202608/b260815.lzh,2026-10-03T18:31:59.997492+09:00
20260815,02,戸田,2,20260815-02-02,3,4898,菊地敬介,34,埼玉,56.0,B1,4.57,27.94,4.71,16.13,1,14.29,19,42.86,4 645,7,https://www1.mbrace.or.jp/od2/B/202608/b260815.lzh,2026-10-03T18:31:59.997492+09:00
20260815,02,戸田,2,20260815-02-02,4,5394,福西広太,24,埼玉,53.0,B1,2.98,5.43,2.62,2.7,61,0.0,16,16.67,5 542,9,https://www1.mbrace.or.jp/od2/B/202608/b260815.lzh,2026-10-03T18:31:59.997492+09:00
20260815,02,戸田,2,20260815-02-02,5,4159,向後龍一,45,埼玉,52.0,A2,6.31,47.11,6.01,48.2,23,0.0,30,28.57,3 333,8,https://www1.mbrace.or.jp/od2/B/202608/b260815.lzh,2026-10-03T18:31:59.997492+09:00
20260815,02,戸田,2,20260815-02-02,6,5066,鈴木孝明,27,埼玉,54.0,A1,6.81,55.46,5.88,42.5,50,0.0,18,57.14,241 34,,https://www1.mbrace.or.jp/od2/B/202608/b260815.lzh,2026-10-03T18:31:59.997492+09:00
20260815,02,戸田,3,20260815-02-03,1,4031,飯島誠,47,埼玉,53.0,B1,5.08,33.7,4.96,30.67,2,0.0,71,0.0,653 16,,https://www1.mbrace.or.jp/od2/B/202608/b260815.lzh,2026-10-03T18:31:59.997492+09:00
20260815,02,戸田,3,20260815-02-03,2,5087,佐藤航,26,埼玉,54.0,A1,6.37,51.72,6.09,44.74,27,50.0,14,57.14,6 213,9,https://www1.mbrace.or.jp/od2/B/202608/b260815.lzh,2026-10-03T18:31:59.997492+09:00
20260815,02,戸田,3,20260815-02-03,3,3880,浅見宗孝,53,埼玉,57.0,B1,4.27,17.33,3.91,20.0,51,0.0,17,16.67,363 46,,https://www1.mbrace.or.jp/od2/B/202608/b260815.lzh,2026-10-03T18:31:59.997492+09:00
20260815,02,戸田,3,20260815-02-03,4,4230,濱崎直矢,43,埼玉,54.0,A2,6.44,47.62,6.1,45.68,48,0.0,28,42.86,2 166,8,https://www1.mbrace.or.jp/od2/B/202608/b260815.lzh,2026-10-03T18:31:59.997492+09:00
20260815,02,戸田,3,20260815-02-03,5,5246,楠将太郎,24,埼玉,52.0,A2,5.35,39.53,5.13,36.97,17,28.57,20,50.0,2 452,12,https://www1.mbrace.or.jp/od2/B/202608/b260815.lzh,2026-10-03T18:31:59.997492+09:00
20260815,02,戸田,3,20260815-02-03,6,3807,岡部哲,51,埼玉,51.0,B1,4.95,27.1,4.76,22.97,18,57.14,21,50.0,3 254,11,https://www1.mbrace.or.jp/od2/B/202608/b260815.lzh,2026-10-03T18:31:59.997492+09:00
20260815,02,戸田,4,20260815-02-04,1,3381,滝沢芳行,57,埼玉,54.0,B1,4.79,27.91,5.9,41.13,56,0.0,58,0.0,236 33,,https://www1.mbrace.or.jp/od2/B/202608/b260815.lzh,2026-10-03T18:31:59.997492+09:00
20260815,02,戸田,4,20260815-02-04,2,4186,小川時光,45,埼玉,56.0,B1,3.59,15.85,4.77,28.85,13,42.86,64,0.0,5 621,12,https://www1.mbrace.or.jp/od2/B/202608/b260815.lzh,2026-10-03T18:31:59.997492+09:00
20260815,02,戸田,4,20260815-02-04,3,5132,中野希一,27,埼玉,52.0,A1,7.0,58.65,6.84,54.81,64,0.0,65,0.0,4 324,10,https://www1.mbrace.or.jp/od2/B/202608/b260815.lzh,2026-10-03T18:31:59.997492+09:00
20260815,02,戸田,4,20260815-02-04,4,3793,高橋真吾,53,埼玉,57.0,B1,3.9,20.22,3.73,15.0,53,0.0,68,0.0,2 541,8,https://www1.mbrace.or.jp/od2/B/202608/b260815.lzh,2026-10-03T18:31:59.997492+09:00
20260815,02,戸田,4,20260815-02-04,5,5191,飛田江己,25,埼玉,52.0,A1,7.07,54.48,6.52,50.25,45,0.0,40,42.86,14214,11,https://www1.mbrace.or.jp/od2/B/202608/b260815.lzh,2026-10-03T18:31:59.997492+09:00
20260815,02,戸田,4,20260815-02-04,6,5357,田中瀬里,21,埼玉,54.0,B2,1.49,0.0,1.58,0.0,55,0.0,70,0.0,6 464,9,https://www1.mbrace.or.jp/od2/B/202608/b260815.lzh,2026-10-03T18:31:59.997492+09:00
20260815,02,戸田,5,20260815-02-05,1,5035,櫻井優,28,埼玉,54.0,A2,5.36,33.33,5.51,38.46,58,0.0,72,0.0,6 5 24,12,https://www1.mbrace.or.jp/od2/B/202608/b260815.lzh,2026-10-03T18:31:59.997492+09:00
20260815,02,戸田,5,20260815-02-05,2,5288,尾道佳諭,26,埼玉,53.0,B1,4.04,16.42,3.59,18.75,20,14.29,27,0.0,5 165,9,https://www1.mbrace.or.jp/od2/B/202608/b260815.lzh,2026-10-03T18:31:59.997492+09:00
20260815,02,戸田,5,20260815-02-05,3,5182,宮崎安奈,28,埼玉,46.0,B1,4.58,26.92,4.68,22.06,60,0.0,74,0.0,636 56,,https://www1.mbrace.or.jp/od2/B/202608/b260815.lzh,2026-10-03T18:31:59.997492+09:00
20260815,02,戸田,5,20260815-02-05,4,5112,砂長知輝,26,埼玉,53.0,A1,6.95,52.73,7.02,57.04,7,0.0,60,0.0,4 111,10,https://www1.mbrace.or.jp/od2/B/202608/b260815.lzh,2026-10-03T18:31:59.997492+09:00
20260815,02,戸田,5,20260815-02-05,5,4110,小澤和也,46,埼玉,57.0,B1,3.74,17.11,5.34,35.59,49,0.0,35,50.0,5 153,1,https://www1.mbrace.or.jp/od2/B/202608/b260815.lzh,2026-10-03T18:31:59.997492+09:00
20260815,02,戸田,5,20260815-02-05,6,5368,宮崎心之,24,埼玉,52.0,B1,6.64,50.0,3.92,28.57,3,42.86,12,25.0,134 53,,https://www1.mbrace.or.jp/od2/B/202608/b260815.lzh,2026-10-03T18:31:59.997492+09:00
20260815,02,戸田,6,20260815-02-06,1,3696,白井友晴,54,埼玉,54.0,B1,4.96,26.09,5.44,33.87,10,16.67,29,14.29,553 25,,https://www1.mbrace.or.jp/od2/B/202608/b260815.lzh,2026-10-03T18:31:59.997492+09:00
20260815,02,戸田,6,20260815-02-06,2,4836,大谷健太,37,埼玉,52.0,B1,5.1,29.55,4.66,25.81,6,50.0,62,0.0,152 45,,https://www1.mbrace.or.jp/od2/B/202608/b260815.lzh,2026-10-03T18:31:59.997492+09:00
20260815,02,戸田,6,20260815-02-06,3,4809,外崎悟,37,埼玉,52.0,A1,5.74,33.71,5.4,35.58,24,16.67,26,42.86,1 135,11,https://www1.mbrace.or.jp/od2/B/202608/b260815.lzh,2026-10-03T18:31:59.997492+09:00
20260815,02,戸田,6,20260815-02-06,4,3306,武田正紀,58,埼玉,55.0,B1,4.14,21.05,4.81,22.68,29,85.71,56,0.0,4 524,2,https://www1.mbrace.or.jp/od2/B/202608/b260815.lzh,2026-10-03T18:31:59.997492+09:00
20260815,02,戸田,6,20260815-02-06,5,4532,秋元哲,37,埼玉,51.0,A1,6.81,51.76,6.97,53.96,54,0.0,36,14.29,311 S2,1,https://www1.mbrace.or.jp/od2/B/202608/b260815.lzh,2026-10-03T18:31:59.997492+09:00
20260815,02,戸田,6,20260815-02-06,6,4419,原加央理,39,埼玉,46.0,A2,5.66,37.78,5.65,34.55,19,0.0,31,0.0,4 322,10,https://www1.mbrace.or.jp/od2/B/202608/b260815.lzh,2026-10-03T18:31:59.997492+09:00
20260815,02,戸田,7,20260815-02-07,1,3983,須藤博倫,48,埼玉,52.0,A1,6.87,50.86,6.76,52.56,47,0.0,13,0.0,133236,,https://www1.mbrace.or.jp/od2/B/202608/b260815.lzh,2026-10-03T18:31:59.997492+09:00
20260815,02,戸田,7,20260815-02-07,2,4898,菊地敬介,34,埼玉,56.0,B1,4.57,27.94,4.71,16.13,1,14.29,19,42.86,4 645,2,https://www1.mbrace.or.jp/od2/B/202608/b260815.lzh,2026-10-03T18:31:59.997492+09:00
20260815,02,戸田,7,20260815-02-07,3,3503,堂原洋史,56,埼玉,51.0,B1,3.62,15.29,3.78,17.39,5,25.0,76,0.0,4 5366,,https://www1.mbrace.or.jp/od2/B/202608/b260815.lzh,2026-10-03T18:31:59.997492+09:00
20260815,02,戸田,7,20260815-02-07,4,4201,佐竹友樹,44,埼玉,53.0,B1,4.1,19.05,5.47,36.27,22,50.0,25,0.0,4 345,11,https://www1.mbrace.or.jp/od2/B/202608/b260815.lzh,2026-10-03T18:31:59.997492+09:00
20260815,02,戸田,7,20260815-02-07,5,4900,中田夕貴,33,埼玉,47.0,B1,5.06,27.69,5.25,34.4,9,28.57,57,0.0,616 25,,https://www1.mbrace.or.jp/od2/B/202608/b260815.lzh,2026-10-03T18:31:59.997492+09:00
20260815,02,戸田,7,20260815-02-07,6,5454,谷島咲希,20,埼玉,48.0,B2,1.55,2.38,1.25,0.0,16,42.86,54,0.0,5 566,1,https://www1.mbrace.or.jp/od2/B/202608/b260815.lzh,2026-10-03T18:31:59.997492+09:00
20260815,02,戸田,8,20260815-02-08,1,3793,高橋真吾,53,埼玉,57.0,B1,3.9,20.22,3.73,15.0,53,0.0,68,0.0,2 541,4,https://www1.mbrace.or.jp/od2/B/202608/b260815.lzh,2026-10-03T18:31:59.997492+09:00
20260815,02,戸田,8,20260815-02-08,2,4230,濱崎直矢,43,埼玉,54.0,A2,6.44,47.62,6.1,45.68,48,0.0,28,42.86,2 166,3,https://www1.mbrace.or.jp/od2/B/202608/b260815.lzh,2026-10-03T18:31:59.997492+09:00
20260815,02,戸田,8,20260815-02-08,3,4159,向後龍一,45,埼玉,52.0,A2,6.31,47.11,6.01,48.2,23,0.0,30,28.57,3 333,2,https://www1.mbrace.or.jp/od2/B/202608/b260815.lzh,2026-10-03T18:31:59.997492+09:00
20260815,02,戸田,8,20260815-02-08,4,4432,黄金井力,40,埼玉,54.0,B1,5.13,27.59,5.0,19.67,26,28.57,24,14.29,135 33,,https://www1.mbrace.or.jp/od2/B/202608/b260815.lzh,2026-10-03T18:31:59.997492+09:00
20260815,02,戸田,8,20260815-02-08,5,4547,中田竜太,38,埼玉,52.0,A1,6.82,40.78,6.96,50.0,57,0.0,63,0.0,1S4 22,12,https://www1.mbrace.or.jp/od2/B/202608/b260815.lzh,2026-10-03T18:31:59.997492+09:00
20260815,02,戸田,8,20260815-02-08,6,3952,中澤和志,50,埼玉,53.0,A1,6.67,50.0,7.34,54.36,11,37.5,59,0.0,311 43,,https://www1.mbrace.or.jp/od2/B/202608/b260815.lzh,2026-10-03T18:31:59.997492+09:00
20260815,02,戸田,9,20260815-02-09,1,4428,有賀達也,40,埼玉,53.0,A2,5.94,40.95,5.95,41.48,4,42.86,38,0.0,542 12,,https://www1.mbrace.or.jp/od2/B/202608/b260815.lzh,2026-10-03T18:31:59.997492+09:00
20260815,02,戸田,9,20260815-02-09,2,5051,松本純平,31,埼玉,56.0,A1,6.61,47.17,6.74,50.0,21,42.86,32,42.86,322321,,https://www1.mbrace.or.jp/od2/B/202608/b260815.lzh,2026-10-03T18:31:59.997492+09:00
20260815,02,戸田,9,20260815-02-09,3,5087,佐藤航,26,埼玉,54.0,A1,6.37,51.72,6.09,44.74,27,50.0,14,57.14,6 213,3,https://www1.mbrace.or.jp/od2/B/202608/b260815.lzh,2026-10-03T18:31:59.997492+09:00
20260815,02,戸田,9,20260815-02-09,4,5357,田中瀬里,21,埼玉,54.0,B2,1.49,0.0,1.58,0.0,55,0.0,70,0.0,6 464,4,https://www1.mbrace.or.jp/od2/B/202608/b260815.lzh,2026-10-03T18:31:59.997492+09:00
20260815,02,戸田,9,20260815-02-09,5,5394,福西広太,24,埼玉,53.0,B1,2.98,5.43,2.62,2.7,61,0.0,16,16.67,5 542,2,https://www1.mbrace.or.jp/od2/B/202608/b260815.lzh,2026-10-03T18:31:59.997492+09:00
20260815,02,戸田,9,20260815-02-09,6,5288,尾道佳諭,26,埼玉,53.0,B1,4.04,16.42,3.59,18.75,20,14.29,46,28.57,5 165,5,https://www1.mbrace.or.jp/od2/B/202608/b260815.lzh,2026-10-03T18:31:59.997492+09:00
20260815,02,戸田,10,20260815-02-10,1,5132,中野希一,27,埼玉,52.0,A1,7.0,58.65,6.84,54.81,64,0.0,65,0.0,4 324,4,https://www1.mbrace.or.jp/od2/B/202608/b260815.lzh,2026-10-03T18:31:59.997492+09:00
20260815,02,戸田,10,20260815-02-10,2,5112,砂長知輝,26,埼玉,53.0,A1,6.95,52.73,7.02,57.04,7,0.0,60,0.0,4 111,5,https://www1.mbrace.or.jp/od2/B/202608/b260815.lzh,2026-10-03T18:31:59.997492+09:00
20260815,02,戸田,10,20260815-02-10,3,3497,後藤浩,58,埼玉,52.0,B1,4.33,28.4,5.6,38.46,65,0.0,73,0.0,664 66,,https://www1.mbrace.or.jp/od2/B/202608/b260815.lzh,2026-10-03T18:31:59.997492+09:00
20260815,02,戸田,10,20260815-02-10,4,3647,伊藤雄二,53,埼玉,49.0,B1,3.2,10.2,4.29,16.67,12,42.86,75,0.0,4 453,2,https://www1.mbrace.or.jp/od2/B/202608/b260815.lzh,2026-10-03T18:31:59.997492+09:00
20260815,02,戸田,10,20260815-02-10,5,4419,原加央理,39,埼玉,46.0,A2,5.66,37.78,5.65,34.55,19,0.0,31,0.0,4 322,6,https://www1.mbrace.or.jp/od2/B/202608/b260815.lzh,2026-10-03T18:31:59.997492+09:00
20260815,02,戸田,10,20260815-02-10,6,3679,飯島昌弘,53,埼玉,53.0,A2,6.84,51.52,6.66,48.35,14,28.57,11,42.86,221 52,,https://www1.mbrace.or.jp/od2/B/202608/b260815.lzh,2026-10-03T18:31:59.997492+09:00
20260815,02,戸田,11,20260815-02-11,1,5191,飛田江己,25,埼玉,52.0,A1,7.07,54.48,6.52,50.25,45,0.0,40,42.86,14214,4,https://www1.mbrace.or.jp/od2/B/202608/b260815.lzh,2026-10-03T18:31:59.997492+09:00
20260815,02,戸田,11,20260815-02-11,2,4201,佐竹友樹,44,埼玉,53.0,B1,4.1,19.05,5.47,36.27,22,50.0,25,0.0,4 345,7,https://www1.mbrace.or.jp/od2/B/202608/b260815.lzh,2026-10-03T18:31:59.997492+09:00
20260815,02,戸田,11,20260815-02-11,3,4637,中田友也,36,埼玉,57.0,A2,5.4,36.76,5.86,37.29,8,100.0,15,28.57,1 6 11,1,https://www1.mbrace.or.jp/od2/B/202608/b260815.lzh,2026-10-03T18:31:59.997492+09:00
20260815,02,戸田,11,20260815-02-11,4,4809,外崎悟,37,埼玉,52.0,A1,5.74,33.71,5.4,35.58,24,16.67,26,42.86,1 135,6,https://www1.mbrace.or.jp/od2/B/202608/b260815.lzh,2026-10-03T18:31:59.997492+09:00
20260815,02,戸田,11,20260815-02-11,5,3807,岡部哲,51,埼玉,51.0,B1,4.95,27.1,4.76,22.97,18,57.14,21,50.0,3 254,3,https://www1.mbrace.or.jp/od2/B/202608/b260815.lzh,2026-10-03T18:31:59.997492+09:00
20260815,02,戸田,11,20260815-02-11,6,5220,青木蓮,25,埼玉,51.0,A2,6.91,55.56,6.43,47.52,15,71.43,34,57.14,315 11,,https://www1.mbrace.or.jp/od2/B/202608/b260815.lzh,2026-10-03T18:31:59.997492+09:00
20260815,02,戸田,12,20260815-02-12,1,4547,中田竜太,38,埼玉,52.0,A1,6.82,40.78,6.96,50.0,57,0.0,63,0.0,1S4 22,8,https://www1.mbrace.or.jp/od2/B/202608/b260815.lzh,2026-10-03T18:31:59.997492+09:00
20260815,02,戸田,12,20260815-02-12,2,5246,楠将太郎,24,埼玉,52.0,A2,5.35,39.53,5.13,36.97,17,28.57,20,50.0,2 452,3,https://www1.mbrace.or.jp/od2/B/202608/b260815.lzh,2026-10-03T18:31:59.997492+09:00
20260815,02,戸田,12,20260815-02-12,3,3075,中村裕将,63,埼玉,55.0,B1,4.76,29.67,5.16,31.82,59,0.0,22,42.86,2 2S4,1,https://www1.mbrace.or.jp/od2/B/202608/b260815.lzh,2026-10-03T18:31:59.997492+09:00
20260815,02,戸田,12,20260815-02-12,4,5035,櫻井優,28,埼玉,54.0,A2,5.36,33.33,5.51,38.46,58,0.0,72,0.0,6 5 24,5,https://www1.mbrace.or.jp/od2/B/202608/b260815.lzh,2026-10-03T18:31:59.997492+09:00
20260815,02,戸田,12,20260815-02-12,5,4186,小川時光,45,埼玉,56.0,B1,3.59,15.85,4.77,28.85,13,42.86,64,0.0,5 621,4,https://www1.mbrace.or.jp/od2/B/202608/b260815.lzh,2026-10-03T18:31:59.997492+09:00
20260815,02,戸田,12,20260815-02-12,6,4953,尾上雅也,31,埼玉,53.0,A1,6.84,54.03,6.74,52.94,52,0.0,69,0.0,224 11,,https://www1.mbrace.or.jp/od2/B/202608/b260815.lzh,2026-10-03T18:31:59.997492+09:00
20260815,01,桐生,1,20260815-01-01,1,3827,今泉徹,53,群馬,51.0,B1,4.06,13.64,4.53,19.29,64,32.75,46,29.63,3 643 5,7,https://www1.mbrace.or.jp/od2/B/202608/b260815.lzh,2026-10-03T18:31:59.997492+09:00
20260815,01,桐生,1,20260815-01-01,2,5103,芝田京介,28,埼玉,55.0,B2,3.18,13.16,4.65,26.92,11,32.54,75,30.18,5 5 656,6,https://www1.mbrace.or.jp/od2/B/202608/b260815.lzh,2026-10-03T18:31:59.997492+09:00
20260815,01,桐生,1,20260815-01-01,3,3850,小川知行,54,群馬,54.0,B1,4.29,25.25,4.58,27.54,45,39.42,11,29.76,344 5 15,5,https://www1.mbrace.or.jp/od2/B/202608/b260815.lzh,2026-10-03T18:31:59.997492+09:00
20260815,01,桐生,1,20260815-01-01,4,4987,島倉都,29,群馬,48.0,B1,3.73,16.85,4.46,30.38,49,35.96,22,31.93,3 666 6,5,https://www1.mbrace.or.jp/od2/B/202608/b260815.lzh,2026-10-03T18:31:59.997492+09:00
20260815,01,桐生,1,20260815-01-01,5,5455,澁澤周羽,20,群馬,52.0,B2,1.38,0.0,1.25,0.0,75,29.68,72,32.45,6 4 666,6,https://www1.mbrace.or.jp/od2/B/202608/b260815.lzh,2026-10-03T18:31:59.997492+09:00
20260815,01,桐生,1,20260815-01-01,6,5320,岩崎麗子,25,群馬,48.0,B1,3.57,15.79,2.43,6.67,57,31.29,19,36.53,6 3 556,7,https://www1.mbrace.or.jp/od2/B/202608/b260815.lzh,2026-10-03T18:31:59.997492+09:00
20260815,01,桐生,2,20260815-01-02,1,3947,寺本昇平,50,群馬,48.0,B1,4.33,15.91,5.17,29.35,71,32.43,59,38.1,5 551 5,7,https://www1.mbrace.or.jp/od2/B/202608/b260815.lzh,2026-10-03T18:31:59.997492+09:00
20260815,01,桐生,2,20260815-01-02,2,5364,金子怜央,26,群馬,52.0,B1,2.37,4.26,2.55,4.55,38,41.73,40,32.5,6 3 466,8,https://www1.mbrace.or.jp/od2/B/202608/b260815.lzh,2026-10-03T18:31:59.997492+09:00
20260815,01,桐生,2,20260815-01-02,3,3659,藤生雄人,51,群馬,55.0,A2,5.59,32.53,5.94,42.26,65,36.84,44,40.88,S 232 24,7,https://www1.mbrace.or.jp/od2/B/202608/b260815.lzh,2026-10-03T18:31:59.997492+09:00
20260815,01,桐生,2,20260815-01-02,4,3860,松本浩貴,53,埼玉,52.0,B1,3.81,18.75,4.76,32.35,59,42.07,67,27.98,6 545 3,6,https://www1.mbrace.or.jp/od2/B/202608/b260815.lzh,2026-10-03T18:31:59.997492+09:00
20260815,01,桐生,2,20260815-01-02,5,5153,佐藤ほの,30,東京,47.0,B1,3.72,15.05,2.73,7.32,31,37.27,28,32.12,5 655 3,6,https://www1.mbrace.or.jp/od2/B/202608/b260815.lzh,2026-10-03T18:31:59.997492+09:00
20260815,01,桐生,2,20260815-01-02,6,3973,崎利仁,49,群馬,55.0,B1,4.44,25.74,4.92,28.93,30,46.72,17,35.48,6 334 2,8,https://www1.mbrace.or.jp/od2/B/202608/b260815.lzh,2026-10-03T18:31:59.997492+09:00
20260815,01,桐生,3,20260815-01-03,1,3655,本橋克洋,52,群馬,56.0,B1,5.05,26.88,5.84,37.23,13,29.68,50,34.55,466 2 53,,https://www1.mbrace.or.jp/od2/B/202608/b260815.lzh,2026-10-03T18:31:59.997492+09:00
20260815,01,桐生,3,20260815-01-03,2,4540,相原利章,38,東京,52.0,A2,5.44,33.33,4.88,33.33,36,28.86,38,37.97,346 355,8,https://www1.mbrace.or.jp/od2/B/202608/b260815.lzh,2026-10-03T18:31:59.997492+09:00
20260815,01,桐生,3,20260815-01-03,3,5301,岩下巧斗,23,群馬,52.0,B1,5.31,32.98,3.52,11.88,48,33.14,36,35.29,5 346 1,7,https://www1.mbrace.or.jp/od2/B/202608/b260815.lzh,2026-10-03T18:31:59.997492+09:00
20260815,01,桐生,3,20260815-01-03,4,4940,白石有美,28,東京,52.0,B2,4.05,18.92,0.0,0.0,37,33.72,24,35.26,2 4 633,12,https://www1.mbrace.or.jp/od2/B/202608/b260815.lzh,2026-10-03T18:31:59.997492+09:00
20260815,01,桐生,3,20260815-01-03,5,4568,廣瀬真也,38,東京,51.0,B1,5.32,32.08,5.23,32.81,12,40.56,26,29.76,156 4 32,8,https://www1.mbrace.or.jp/od2/B/202608/b260815.lzh,2026-10-03T18:31:59.997492+09:00
20260815,01,桐生,3,20260815-01-03,6,4550,石岡将太,37,群馬,57.0,A2,5.37,30.77,5.02,32.69,70,33.14,33,31.71,635 452,7,https://www1.mbrace.or.jp/od2/B/202608/b260815.lzh,2026-10-03T18:31:59.997492+09:00
20260815,01,桐生,4,20260815-01-04,1,3475,橋本久和,56,群馬,53.0,B1,5.22,33.77,6.06,43.12,41,31.29,56,40.48,524 5 45,,https://www1.mbrace.or.jp/od2/B/202608/b260815.lzh,2026-10-03T18:31:59.997492+09:00
20260815,01,桐生,4,20260815-01-04,2,4766,石井孝之,35,群馬,53.0,B1,4.3,19.48,4.88,32.93,28,39.87,15,42.31,1 362 46,12,https://www1.mbrace.or.jp/od2/B/202608/b260815.lzh,2026-10-03T18:31:59.997492+09:00
20260815,01,桐生,4,20260815-01-04,3,4486,野村誠,40,群馬,54.0,A2,6.06,43.27,5.65,40.32,33,40.83,55,28.93,5 513 24,8,https://www1.mbrace.or.jp/od2/B/202608/b260815.lzh,2026-10-03T18:31:59.997492+09:00
20260815,01,桐生,4,20260815-01-04,4,5390,高橋涼夏,18,群馬,46.0,B2,2.43,7.14,1.83,1.43,52,26.72,51,35.63,4 5 245,12,https://www1.mbrace.or.jp/od2/B/202608/b260815.lzh,2026-10-03T18:31:59.997492+09:00
20260815,01,桐生,4,20260815-01-04,5,4281,大澤大夢,42,埼玉,52.0,B1,5.12,29.35,4.77,15.38,44,27.63,52,41.88,561 3 51,8,https://www1.mbrace.or.jp/od2/B/202608/b260815.lzh,2026-10-03T18:31:59.997492+09:00
20260815,01,桐生,4,20260815-01-04,6,5150,坂本雄紀,31,群馬,52.0,A1,6.27,46.23,6.15,49.3,35,44.59,34,35.93,46F 6 6,,https://www1.mbrace.or.jp/od2/B/202608/b260815.lzh,2026-10-03T18:31:59.997492+09:00
20260815,01,桐生,5,20260815-01-05,1,3850,小川知行,54,群馬,54.0,B1,4.29,25.25,4.58,27.54,45,39.42,11,29.76,344 5 15,1,https://www1.mbrace.or.jp/od2/B/202608/b260815.lzh,2026-10-03T18:31:59.997492+09:00
20260815,01,桐生,5,20260815-01-05,2,4880,澤崎雄哉,31,東京,52.0,B1,5.43,33.72,3.35,12.9,42,26.49,23,42.21,425 466,,https://www1.mbrace.or.jp/od2/B/202608/b260815.lzh,2026-10-03T18:31:59.997492+09:00
20260815,01,桐生,5,20260815-01-05,3,5090,生方靖亜,25,群馬,54.0,B1,5.31,32.84,4.96,31.14,15,41.07,21,31.55,32S 143,12,https://www1.mbrace.or.jp/od2/B/202608/b260815.lzh,2026-10-03T18:31:59.997492+09:00
20260815,01,桐生,5,20260815-01-05,4,5065,伊久間陽,28,群馬,53.0,A2,5.36,39.74,4.49,26.23,34,38.38,54,37.65,2 434515,,https://www1.mbrace.or.jp/od2/B/202608/b260815.lzh,2026-10-03T18:31:59.997492+09:00
20260815,01,桐生,5,20260815-01-05,5,4645,上村純一,46,群馬,53.0,A1,6.52,45.9,6.11,40.34,25,27.27,74,34.81,552 253,12,https://www1.mbrace.or.jp/od2/B/202608/b260815.lzh,2026-10-03T18:31:59.997492+09:00
20260815,01,桐生,5,20260815-01-05,6,4987,島倉都,29,群馬,48.0,B1,3.73,16.85,4.46,30.38,49,35.96,22,31.93,3 666 6,1,https://www1.mbrace.or.jp/od2/B/202608/b260815.lzh,2026-10-03T18:31:59.997492+09:00
20260815,01,桐生,6,20260815-01-06,1,5141,大澤風葵,25,群馬,51.0,A1,6.31,51.25,6.38,51.9,53,34.36,35,36.14,542 216,12,https://www1.mbrace.or.jp/od2/B/202608/b260815.lzh,2026-10-03T18:31:59.997492+09:00
20260815,01,桐生,6,20260815-01-06,2,4113,木村浩士,46,群馬,56.0,B1,4.69,26.37,5.12,26.32,69,37.75,37,35.54,444 3 54,,https://www1.mbrace.or.jp/od2/B/202608/b260815.lzh,2026-10-03T18:31:59.997492+09:00
20260815,01,桐生,6,20260815-01-06,3,3860,松本浩貴,53,埼玉,52.0,B1,3.81,18.75,4.76,32.35,59,42.07,67,27.98,6 545 3,2,https://www1.mbrace.or.jp/od2/B/202608/b260815.lzh,2026-10-03T18:31:59.997492+09:00
20260815,01,桐生,6,20260815-01-06,4,5153,佐藤ほの,30,東京,47.0,B1,3.72,15.05,2.73,7.32,31,37.27,28,32.12,5 655 3,2,https://www1.mbrace.or.jp/od2/B/202608/b260815.lzh,2026-10-03T18:31:59.997492+09:00
20260815,01,桐生,6,20260815-01-06,5,5103,芝田京介,28,埼玉,55.0,B2,3.18,13.16,4.65,26.92,11,32.54,75,30.18,5 5 656,1,https://www1.mbrace.or.jp/od2/B/202608/b260815.lzh,2026-10-03T18:31:59.997492+09:00
20260815,01,桐生,6,20260815-01-06,6,5455,澁澤周羽,20,群馬,52.0,B2,1.38,0.0,1.25,0.0,75,29.68,72,32.45,6 4 666,1,https://www1.mbrace.or.jp/od2/B/202608/b260815.lzh,2026-10-03T18:31:59.997492+09:00
20260815,01,桐生,7,20260815-01-07,1,3659,藤生雄人,51,群馬,55.0,A2,5.59,32.53,5.94,42.26,65,36.84,44,40.88,S 232 24,2,https://www1.mbrace.or.jp/od2/B/202608/b260815.lzh,2026-10-03T18:31:59.997492+09:00
20260815,01,桐生,7,20260815-01-07,2,5301,岩下巧斗,23,群馬,52.0,B1,5.31,32.98,3.52,11.88,48,33.14,36,35.29,5 346 1,3,https://www1.mbrace.or.jp/od2/B/202608/b260815.lzh,2026-10-03T18:31:59.997492+09:00
20260815,01,桐生,7,20260815-01-07,3,4550,石岡将太,37,群馬,57.0,A2,5.37,30.77,5.02,32.69,70,33.14,33,31.71,635 452,3,https://www1.mbrace.or.jp/od2/B/202608/b260815.lzh,2026-10-03T18:31:59.997492+09:00
20260815,01,桐生,7,20260815-01-07,4,5320,岩崎麗子,25,群馬,48.0,B1,3.57,15.79,2.43,6.67,57,31.29,19,36.53,6 3 556,1,https://www1.mbrace.or.jp/od2/B/202608/b260815.lzh,2026-10-03T18:31:59.997492+09:00
20260815,01,桐生,7,20260815-01-07,5,3947,寺本昇平,50,群馬,48.0,B1,4.33,15.91,5.17,29.35,71,32.43,59,38.1,5 551 5,2,https://www1.mbrace.or.jp/od2/B/202608/b260815.lzh,2026-10-03T18:31:59.997492+09:00
20260815,01,桐生,7,20260815-01-07,6,3827,今泉徹,53,群馬,51.0,B1,4.06,13.64,4.53,19.29,64,32.75,46,29.63,3 643 5,1,https://www1.mbrace.or.jp/od2/B/202608/b260815.lzh,2026-10-03T18:31:59.997492+09:00
20260815,01,桐生,8,20260815-01-08,1,4486,野村誠,40,群馬,54.0,A2,6.06,43.27,5.65,40.32,33,40.83,55,28.93,5 513 24,4,https://www1.mbrace.or.jp/od2/B/202608/b260815.lzh,2026-10-03T18:31:59.997492+09:00
20260815,01,桐生,8,20260815-01-08,2,4281,大澤大夢,42,埼玉,52.0,B1,5.12,29.35,4.77,15.38,44,27.63,52,41.88,561 3 51,4,https://www1.mbrace.or.jp/od2/B/202608/b260815.lzh,2026-10-03T18:31:59.997492+09:00
20260815,01,桐生,8,20260815-01-08,3,3973,崎利仁,49,群馬,55.0,B1,4.44,25.74,4.92,28.93,30,46.72,17,35.48,6 334 2,2,https://www1.mbrace.or.jp/od2/B/202608/b260815.lzh,2026-10-03T18:31:59.997492+09:00
20260815,01,桐生,8,20260815-01-08,4,4568,廣瀬真也,38,東京,51.0,B1,5.32,32.08,5.23,32.81,12,40.56,26,29.76,156 4 32,3,https://www1.mbrace.or.jp/od2/B/202608/b260815.lzh,2026-10-03T18:31:59.997492+09:00
20260815,01,桐生,8,20260815-01-08,5,4540,相原利章,38,東京,52.0,A2,5.44,33.33,4.88,33.33,36,28.86,38,37.97,346 355,3,https://www1.mbrace.or.jp/od2/B/202608/b260815.lzh,2026-10-03T18:31:59.997492+09:00
20260815,01,桐生,8,20260815-01-08,6,5364,金子怜央,26,群馬,52.0,B1,2.37,4.26,2.55,4.55,38,41.73,40,32.5,6 3 466,2,https://www1.mbrace.or.jp/od2/B/202608/b260815.lzh,2026-10-03T18:31:59.997492+09:00
20260815,01,桐生,9,20260815-01-09,1,4362,土屋智則,41,群馬,52.0,A1,6.91,48.36,7.55,58.77,21,31.55,57,39.74,4 22112,,https://www1.mbrace.or.jp/od2/B/202608/b260815.lzh,2026-10-03T18:31:59.997492+09:00
20260815,01,桐生,9,20260815-01-09,2,4851,関浩哉,31,群馬,50.0,A1,7.41,43.16,7.81,62.5,32,42.98,70,28.74,16313 11,,https://www1.mbrace.or.jp/od2/B/202608/b260815.lzh,2026-10-03T18:31:59.997492+09:00
20260815,01,桐生,9,20260815-01-09,3,5216,長谷川晴,26,群馬,54.0,A1,5.99,38.69,6.24,44.86,51,31.51,60,37.21,3 13143,,https://www1.mbrace.or.jp/od2/B/202608/b260815.lzh,2026-10-03T18:31:59.997492+09:00
20260815,01,桐生,9,20260815-01-09,4,4787,椎名豊,37,群馬,53.0,A1,7.77,70.69,7.3,59.4,73,46.92,14,37.95,1 263142,,https://www1.mbrace.or.jp/od2/B/202608/b260815.lzh,2026-10-03T18:31:59.997492+09:00
20260815,01,桐生,9,20260815-01-09,5,4407,鹿島敏弘,40,群馬,57.0,B1,5.06,29.17,5.0,29.69,74,37.93,30,32.75,145 1613,,https://www1.mbrace.or.jp/od2/B/202608/b260815.lzh,2026-10-03T18:31:59.997492+09:00
20260815,01,桐生,9,20260815-01-09,6,3441,土屋太朗,57,群馬,54.0,B1,4.6,22.0,5.27,31.03,17,34.39,29,31.71,1 165 16,,https://www1.mbrace.or.jp/od2/B/202608/b260815.lzh,2026-10-03T18:31:59.997492+09:00
20260815,01,桐生,10,20260815-01-10,1,4188,久田敏之,45,群馬,52.0,A1,7.89,64.41,7.41,58.78,14,45.59,71,38.15,12111 22,,https://www1.mbrace.or.jp/od2/B/202608/b260815.lzh,2026-10-03T18:31:59.997492+09:00
20260815,01,桐生,10,20260815-01-10,2,3740,大澤普司,52,群馬,53.0,A1,6.11,42.14,6.48,47.97,27,48.95,39,31.18,33231 2,,https://www1.mbrace.or.jp/od2/B/202608/b260815.lzh,2026-10-03T18:31:59.997492+09:00
20260815,01,桐生,10,20260815-01-10,3,4240,今井裕梨,42,群馬,45.0,A2,5.18,31.33,6.1,44.78,62,41.86,48,38.41,211 4243,,https://www1.mbrace.or.jp/od2/B/202608/b260815.lzh,2026-10-03T18:31:59.997492+09:00
20260815,01,桐生,10,20260815-01-10,4,3406,中里英夫,58,群馬,52.0,B1,5.45,34.69,5.42,40.0,60,45.33,61,40.38,221 4345,,https://www1.mbrace.or.jp/od2/B/202608/b260815.lzh,2026-10-03T18:31:59.997492+09:00
20260815,01,桐生,10,20260815-01-10,5,5234,塚越海斗,28,群馬,53.0,A1,6.69,53.97,6.67,51.68,40,32.96,47,32.74,433 3416,,https://www1.mbrace.or.jp/od2/B/202608/b260815.lzh,2026-10-03T18:31:59.997492+09:00
20260815,01,桐生,10,20260815-01-10,6,4491,田中堅,39,群馬,52.0,B1,4.21,22.47,4.98,31.2,24,36.61,73,37.5,1 256 2,,https://www1.mbrace.or.jp/od2/B/202608/b260815.lzh,2026-10-03T18:31:59.997492+09:00
20260815,01,桐生,11,20260815-01-11,1,4238,毒島誠,42,群馬,54.0,A1,7.62,59.55,9.01,82.42,67,32.45,27,41.67,152 2211,,https://www1.mbrace.or.jp/od2/B/202608/b260815.lzh,2026-10-03T18:31:59.997492+09:00
20260815,01,桐生,11,20260815-01-11,2,4420,津久井拓,38,群馬,53.0,A2,5.74,37.19,6.01,46.48,50,33.33,69,33.54,3 141214,,https://www1.mbrace.or.jp/od2/B/202608/b260815.lzh,2026-10-03T18:31:59.997492+09:00
20260815,01,桐生,11,20260815-01-11,3,4539,金子賢志,35,群馬,53.0,A1,6.52,44.07,6.55,52.98,20,40.8,42,32.75,1 522 23,,https://www1.mbrace.or.jp/od2/B/202608/b260815.lzh,2026-10-03T18:31:59.997492+09:00
20260815,01,桐生,11,20260815-01-11,4,4888,金児隆太,38,群馬,52.0,B1,5.39,36.84,5.44,33.11,56,42.03,31,37.34,221 3344,,https://www1.mbrace.or.jp/od2/B/202608/b260815.lzh,2026-10-03T18:31:59.997492+09:00
20260815,01,桐生,11,20260815-01-11,5,3805,高橋英之,52,東京,53.0,B1,5.47,37.36,5.68,39.29,47,29.07,68,30.95,312 2 45,,https://www1.mbrace.or.jp/od2/B/202608/b260815.lzh,2026-10-03T18:31:59.997492+09:00
20260815,01,桐生,11,20260815-01-11,6,3482,金子猛志,55,群馬,61.0,B1,4.93,29.17,5.55,34.33,46,37.28,45,44.1,6 121 36,,https://www1.mbrace.or.jp/od2/B/202608/b260815.lzh,2026-10-03T18:31:59.997492+09:00
20260815,01,桐生,12,20260815-01-12,1,4645,上村純一,46,群馬,53.0,A1,6.52,45.9,6.11,40.34,25,27.27,74,34.81,552 253,5,https://www1.mbrace.or.jp/od2/B/202608/b260815.lzh,2026-10-03T18:31:59.997492+09:00
20260815,01,桐生,12,20260815-01-12,2,5090,生方靖亜,25,群馬,54.0,B1,5.31,32.84,4.96,31.14,15,41.07,21,31.55,32S 143,5,https://www1.mbrace.or.jp/od2/B/202608/b260815.lzh,2026-10-03T18:31:59.997492+09:00
20260815,01,桐生,12,20260815-01-12,3,4940,白石有美,28,東京,52.0,B2,4.05,18.92,0.0,0.0,37,33.72,24,35.26,2 4 633,3,https://www1.mbrace.or.jp/od2/B/202608/b260815.lzh,2026-10-03T18:31:59.997492+09:00
20260815,01,桐生,12,20260815-01-12,4,5141,大澤風葵,25,群馬,51.0,A1,6.31,51.25,6.38,51.9,53,34.36,35,36.14,542 216,6,https://www1.mbrace.or.jp/od2/B/202608/b260815.lzh,2026-10-03T18:31:59.997492+09:00
20260815,01,桐生,12,20260815-01-12,5,4766,石井孝之,35,群馬,53.0,B1,4.3,19.48,4.88,32.93,28,39.87,15,42.31,1 362 46,4,https://www1.mbrace.or.jp/od2/B/202608/b260815.lzh,2026-10-03T18:31:59.997492+09:00
20260815,01,桐生,12,20260815-01-12,6,5390,高橋涼夏,18,群馬,46.0,B2,2.43,7.14,1.83,1.43,52,26.72,51,35.63,4 5 245,4,https://www1.mbrace.or.jp/od2/B/202608/b260815.lzh,2026-10-03T18:31:59.997492+09:00
