date,venue_code,venue_name,race,race_id,boat,registration_no,racer_name,age,branch,weight_kg,grade,national_win_rate,national_top2_rate,local_win_rate,local_top2_rate,motor_no,motor_top2_rate,boat_no,boat_top2_rate,series_results_raw,early_race_raw,source_url,collected_at
20260803,23,唐津,1,20260803-23-01,1,5111,三村岳人,26,岡山,52.0,A2,6.09,47.06,5.23,31.43,21,34.36,36,23.66,565 415 1,7,https://www1.mbrace.or.jp/od2/B/202608/b260803.lzh,2026-10-03T18:30:06.020665+09:00
20260803,23,唐津,1,20260803-23-01,2,4060,島田一生,47,福岡,56.0,B1,4.59,29.63,4.96,38.46,53,23.5,28,38.3,3 61526 4,7,https://www1.mbrace.or.jp/od2/B/202608/b260803.lzh,2026-10-03T18:30:06.020665+09:00
20260803,23,唐津,1,20260803-23-01,3,5067,山田真聖,27,山口,58.0,B1,5.43,35.37,2.35,0.0,25,32.83,29,37.5,244 5 336,6,https://www1.mbrace.or.jp/od2/B/202608/b260803.lzh,2026-10-03T18:30:06.020665+09:00
20260803,23,唐津,1,20260803-23-01,4,3714,梶原正,51,福岡,55.0,B1,4.53,28.26,3.55,6.82,8,36.76,1,42.53,344 6 2663,,https://www1.mbrace.or.jp/od2/B/202608/b260803.lzh,2026-10-03T18:30:06.020665+09:00
20260803,23,唐津,1,20260803-23-01,5,5262,鈴木章司,28,愛知,53.0,B1,4.13,19.05,4.22,11.11,28,38.62,12,36.26,3 25443 3,9,https://www1.mbrace.or.jp/od2/B/202608/b260803.lzh,2026-10-03T18:30:06.020665+09:00
20260803,23,唐津,1,20260803-23-01,6,3805,高橋英之,52,東京,53.0,B1,5.29,35.29,4.83,27.59,42,37.2,9,34.57,3 42245 25,9,https://www1.mbrace.or.jp/od2/B/202608/b260803.lzh,2026-10-03T18:30:06.020665+09:00
20260803,23,唐津,2,20260803-23-02,1,4675,井手良太,38,大阪,51.0,A2,6.03,40.51,6.0,36.36,27,33.51,38,36.46,4 232 542,7,https://www1.mbrace.or.jp/od2/B/202608/b260803.lzh,2026-10-03T18:30:06.020665+09:00
20260803,23,唐津,2,20260803-23-02,2,5035,櫻井優,28,埼玉,52.0,A2,5.59,37.07,4.5,30.0,20,32.67,48,28.87,111 363 66,10,https://www1.mbrace.or.jp/od2/B/202608/b260803.lzh,2026-10-03T18:30:06.020665+09:00
20260803,23,唐津,2,20260803-23-02,3,3901,松田憲幸,49,山口,52.0,B2,4.62,31.13,5.0,27.78,58,33.99,16,39.78,6 365 415,8,https://www1.mbrace.or.jp/od2/B/202608/b260803.lzh,2026-10-03T18:30:06.020665+09:00
20260803,23,唐津,2,20260803-23-02,4,4201,佐竹友樹,44,埼玉,54.0,B1,4.1,18.35,2.92,16.67,31,38.14,43,27.27,3 34635 2,6,https://www1.mbrace.or.jp/od2/B/202608/b260803.lzh,2026-10-03T18:30:06.020665+09:00
20260803,23,唐津,2,20260803-23-02,5,4592,小林孝弘,45,山口,52.0,B1,4.81,26.74,5.63,31.58,7,39.13,34,25.0,6 535 6561,,https://www1.mbrace.or.jp/od2/B/202608/b260803.lzh,2026-10-03T18:30:06.020665+09:00
20260803,23,唐津,2,20260803-23-02,6,5214,田中宏典,27,佐賀,53.0,B1,4.91,30.39,4.44,24.18,24,31.25,33,19.15,215 265 13,9,https://www1.mbrace.or.jp/od2/B/202608/b260803.lzh,2026-10-03T18:30:06.020665+09:00
20260803,23,唐津,3,20260803-23-03,1,3975,小野寺智,49,香川,52.0,A2,5.72,35.04,5.39,25.0,32,46.85,6,45.74,5 24351S4,8,https://www1.mbrace.or.jp/od2/B/202608/b260803.lzh,2026-10-03T18:30:06.020665+09:00
20260803,23,唐津,3,20260803-23-03,2,4558,宮野仁,36,岡山,56.0,B1,4.34,26.17,5.47,41.18,10,37.07,39,40.91,1 63556 4,7,https://www1.mbrace.or.jp/od2/B/202608/b260803.lzh,2026-10-03T18:30:06.020665+09:00
20260803,23,唐津,3,20260803-23-03,3,4377,濱本優一,42,大阪,50.0,A1,5.63,41.67,6.31,45.83,6,28.31,22,26.51,662 35161,9,https://www1.mbrace.or.jp/od2/B/202608/b260803.lzh,2026-10-03T18:30:06.020665+09:00
20260803,23,唐津,3,20260803-23-03,4,5284,嘉手苅徹,27,福岡,52.0,B2,3.65,13.75,1.97,5.0,4,45.89,55,41.57,356 613 5,8,https://www1.mbrace.or.jp/od2/B/202608/b260803.lzh,2026-10-03T18:30:06.020665+09:00
20260803,23,唐津,3,20260803-23-03,5,4873,蒲原健太,32,佐賀,52.0,B1,4.99,30.47,5.51,36.03,44,32.02,11,27.47,214 215 34,11,https://www1.mbrace.or.jp/od2/B/202608/b260803.lzh,2026-10-03T18:30:06.020665+09:00
20260803,23,唐津,3,20260803-23-03,6,5405,竹内来,22,愛知,52.0,B1,2.39,1.43,0.0,0.0,45,20.67,30,23.23,666 6 5666,,https://www1.mbrace.or.jp/od2/B/202608/b260803.lzh,2026-10-03T18:30:06.020665+09:00
20260803,23,唐津,4,20260803-23-04,1,4440,萩原知哉,39,東京,55.0,B1,4.82,26.37,0.0,0.0,14,33.51,42,27.59,5 415 4256,8,https://www1.mbrace.or.jp/od2/B/202608/b260803.lzh,2026-10-03T18:30:06.020665+09:00
20260803,23,唐津,4,20260803-23-04,2,4303,牧原崇,43,愛知,52.0,B1,4.88,24.71,4.72,27.59,40,44.27,60,31.18,154 4 355,8,https://www1.mbrace.or.jp/od2/B/202608/b260803.lzh,2026-10-03T18:30:06.020665+09:00
20260803,23,唐津,4,20260803-23-04,3,4861,田中宏樹,38,福岡,53.0,A2,5.35,32.41,5.21,39.53,60,33.03,40,28.57,532 453213,10,https://www1.mbrace.or.jp/od2/B/202608/b260803.lzh,2026-10-03T18:30:06.020665+09:00
20260803,23,唐津,4,20260803-23-04,4,3613,角谷健吾,53,東京,51.0,A2,6.14,45.38,6.02,48.89,55,32.55,46,18.0,26152 6224,11,https://www1.mbrace.or.jp/od2/B/202608/b260803.lzh,2026-10-03T18:30:06.020665+09:00
20260803,23,唐津,4,20260803-23-04,5,5392,安武一也,25,福岡,52.0,B2,1.64,0.0,1.35,0.0,23,25.75,49,36.36,6 655 5646,,https://www1.mbrace.or.jp/od2/B/202608/b260803.lzh,2026-10-03T18:30:06.020665+09:00
20260803,23,唐津,4,20260803-23-04,6,4189,川上剛,45,福岡,54.0,A1,5.97,36.13,6.26,41.86,9,32.07,41,37.5,45433 244,9,https://www1.mbrace.or.jp/od2/B/202608/b260803.lzh,2026-10-03T18:30:06.020665+09:00
20260803,23,唐津,5,20260803-23-05,1,4331,三好勇人,42,香川,54.0,A2,6.06,42.86,5.5,40.91,5,37.77,32,38.2,4 121 4526,10,https://www1.mbrace.or.jp/od2/B/202608/b260803.lzh,2026-10-03T18:30:06.020665+09:00
20260803,23,唐津,5,20260803-23-05,2,4931,木谷賢太,30,香川,55.0,A1,6.83,50.37,5.3,24.32,46,34.85,53,34.78,114 631625,11,https://www1.mbrace.or.jp/od2/B/202608/b260803.lzh,2026-10-03T18:30:06.020665+09:00
20260803,23,唐津,5,20260803-23-05,3,4976,金山立樹,32,東京,53.0,B1,5.01,29.41,5.2,28.0,52,32.31,58,25.53,556 332 1,9,https://www1.mbrace.or.jp/od2/B/202608/b260803.lzh,2026-10-03T18:30:06.020665+09:00
20260803,23,唐津,5,20260803-23-05,4,5046,松山裕基,32,大阪,54.0,B1,3.89,16.67,0.0,0.0,38,31.25,18,35.23,4 36446 34,,https://www1.mbrace.or.jp/od2/B/202608/b260803.lzh,2026-10-03T18:30:06.020665+09:00
20260803,23,唐津,5,20260803-23-05,5,5005,石田貴洋,30,埼玉,52.0,A1,6.78,50.56,3.5,0.0,22,39.9,15,35.16,123 243335,10,https://www1.mbrace.or.jp/od2/B/202608/b260803.lzh,2026-10-03T18:30:06.020665+09:00
20260803,23,唐津,5,20260803-23-05,6,4619,伏田裕隆,43,東京,52.0,B1,5.27,37.19,4.29,28.57,3,26.39,24,35.63,351 142 25,11,https://www1.mbrace.or.jp/od2/B/202608/b260803.lzh,2026-10-03T18:30:06.020665+09:00
20260803,23,唐津,6,20260803-23-06,1,5067,山田真聖,27,山口,58.0,B1,5.43,35.37,2.35,0.0,25,32.83,29,37.5,244 5 336,1,https://www1.mbrace.or.jp/od2/B/202608/b260803.lzh,2026-10-03T18:30:06.020665+09:00
20260803,23,唐津,6,20260803-23-06,2,4201,佐竹友樹,44,埼玉,54.0,B1,4.1,18.35,2.92,16.67,31,38.14,43,27.27,3 34635 2,2,https://www1.mbrace.or.jp/od2/B/202608/b260803.lzh,2026-10-03T18:30:06.020665+09:00
20260803,23,唐津,6,20260803-23-06,3,3876,中辻崇人,49,福岡,52.0,A1,6.57,43.1,7.81,69.23,35,37.56,31,37.8,331 311143,11,https://www1.mbrace.or.jp/od2/B/202608/b260803.lzh,2026-10-03T18:30:06.020665+09:00
20260803,23,唐津,6,20260803-23-06,4,3775,泉啓文,51,岡山,59.0,B1,3.62,17.53,5.45,30.0,12,34.5,7,42.86,444 6 3433,,https://www1.mbrace.or.jp/od2/B/202608/b260803.lzh,2026-10-03T18:30:06.020665+09:00
20260803,23,唐津,6,20260803-23-06,5,4475,末永祐輝,38,山口,55.0,A1,5.74,35.66,5.91,40.0,2,38.69,13,34.02,61333 4414,10,https://www1.mbrace.or.jp/od2/B/202608/b260803.lzh,2026-10-03T18:30:06.020665+09:00
20260803,23,唐津,6,20260803-23-06,6,4403,木下大將,41,福岡,53.0,A2,6.17,45.61,5.43,32.43,15,38.25,5,32.0,2213321 23,10,https://www1.mbrace.or.jp/od2/B/202608/b260803.lzh,2026-10-03T18:30:06.020665+09:00
20260803,23,唐津,7,20260803-23-07,1,4118,宇佐見淳,45,愛知,53.0,A2,5.78,36.92,6.65,45.0,34,33.13,4,23.08,2 35162416,11,https://www1.mbrace.or.jp/od2/B/202608/b260803.lzh,2026-10-03T18:30:06.020665+09:00
20260803,23,唐津,7,20260803-23-07,2,4899,占部一真,34,福岡,52.0,B1,4.47,26.97,3.87,25.81,19,34.59,45,26.04,655 254 56,,https://www1.mbrace.or.jp/od2/B/202608/b260803.lzh,2026-10-03T18:30:06.020665+09:00
20260803,23,唐津,7,20260803-23-07,3,4060,島田一生,47,福岡,56.0,B1,4.59,29.63,4.96,38.46,53,23.5,28,38.3,3 61526 4,1,https://www1.mbrace.or.jp/od2/B/202608/b260803.lzh,2026-10-03T18:30:06.020665+09:00
20260803,23,唐津,7,20260803-23-07,4,4558,宮野仁,36,岡山,56.0,B1,4.34,26.17,5.47,41.18,10,37.07,39,40.91,1 63556 4,3,https://www1.mbrace.or.jp/od2/B/202608/b260803.lzh,2026-10-03T18:30:06.020665+09:00
20260803,23,唐津,7,20260803-23-07,5,5111,三村岳人,26,岡山,52.0,A2,6.09,47.06,5.23,31.43,21,34.36,36,23.66,565 415 1,1,https://www1.mbrace.or.jp/od2/B/202608/b260803.lzh,2026-10-03T18:30:06.020665+09:00
20260803,23,唐津,7,20260803-23-07,6,4675,井手良太,38,大阪,51.0,A2,6.03,40.51,6.0,36.36,27,33.51,38,36.46,4 232 542,2,https://www1.mbrace.or.jp/od2/B/202608/b260803.lzh,2026-10-03T18:30:06.020665+09:00
20260803,23,唐津,8,20260803-23-08,1,3901,松田憲幸,49,山口,52.0,B2,4.62,31.13,5.0,27.78,58,33.99,16,39.78,6 365 415,2,https://www1.mbrace.or.jp/od2/B/202608/b260803.lzh,2026-10-03T18:30:06.020665+09:00
20260803,23,唐津,8,20260803-23-08,2,5284,嘉手苅徹,27,福岡,52.0,B2,3.65,13.75,1.97,5.0,4,45.89,55,41.57,356 613 5,3,https://www1.mbrace.or.jp/od2/B/202608/b260803.lzh,2026-10-03T18:30:06.020665+09:00
20260803,23,唐津,8,20260803-23-08,3,4303,牧原崇,43,愛知,52.0,B1,4.88,24.71,4.72,27.59,40,44.27,60,31.18,154 4 355,4,https://www1.mbrace.or.jp/od2/B/202608/b260803.lzh,2026-10-03T18:30:06.020665+09:00
20260803,23,唐津,8,20260803-23-08,4,5356,長谷川暖,21,岡山,50.0,B1,4.79,28.07,3.07,6.67,29,37.67,25,25.77,4 56464 15,,https://www1.mbrace.or.jp/od2/B/202608/b260803.lzh,2026-10-03T18:30:06.020665+09:00
20260803,23,唐津,8,20260803-23-08,5,4440,萩原知哉,39,東京,55.0,B1,4.82,26.37,0.0,0.0,14,33.51,42,27.59,5 415 4256,4,https://www1.mbrace.or.jp/od2/B/202608/b260803.lzh,2026-10-03T18:30:06.020665+09:00
20260803,23,唐津,8,20260803-23-08,6,3975,小野寺智,49,香川,52.0,A2,5.72,35.04,5.39,25.0,32,46.85,6,45.74,5 24351S4,3,https://www1.mbrace.or.jp/od2/B/202608/b260803.lzh,2026-10-03T18:30:06.020665+09:00
20260803,23,唐津,9,20260803-23-09,1,4189,川上剛,45,福岡,54.0,A1,5.97,36.13,6.26,41.86,9,32.07,41,37.5,45433 244,4,https://www1.mbrace.or.jp/od2/B/202608/b260803.lzh,2026-10-03T18:30:06.020665+09:00
20260803,23,唐津,9,20260803-23-09,2,5214,田中宏典,27,佐賀,53.0,B1,4.91,30.39,4.44,24.18,24,31.25,33,19.15,215 265 13,2,https://www1.mbrace.or.jp/od2/B/202608/b260803.lzh,2026-10-03T18:30:06.020665+09:00
20260803,23,唐津,9,20260803-23-09,3,5262,鈴木章司,28,愛知,53.0,B1,4.13,19.05,4.22,11.11,28,38.62,12,36.26,3 25443 3,1,https://www1.mbrace.or.jp/od2/B/202608/b260803.lzh,2026-10-03T18:30:06.020665+09:00
20260803,23,唐津,9,20260803-23-09,4,3805,高橋英之,52,東京,53.0,B1,5.29,35.29,4.83,27.59,42,37.2,9,34.57,3 42245 25,1,https://www1.mbrace.or.jp/od2/B/202608/b260803.lzh,2026-10-03T18:30:06.020665+09:00
20260803,23,唐津,9,20260803-23-09,5,4377,濱本優一,42,大阪,50.0,A1,5.63,41.67,6.31,45.83,6,28.31,22,26.51,662 35161,3,https://www1.mbrace.or.jp/od2/B/202608/b260803.lzh,2026-10-03T18:30:06.020665+09:00
20260803,23,唐津,9,20260803-23-09,6,4976,金山立樹,32,東京,53.0,B1,5.01,29.41,5.2,28.0,52,32.31,58,25.53,556 332 1,5,https://www1.mbrace.or.jp/od2/B/202608/b260803.lzh,2026-10-03T18:30:06.020665+09:00
20260803,23,唐津,10,20260803-23-10,1,4403,木下大將,41,福岡,53.0,A2,6.17,45.61,5.43,32.43,15,38.25,5,32.0,2213321 23,6,https://www1.mbrace.or.jp/od2/B/202608/b260803.lzh,2026-10-03T18:30:06.020665+09:00
20260803,23,唐津,10,20260803-23-10,2,4861,田中宏樹,38,福岡,53.0,A2,5.35,32.41,5.21,39.53,60,33.03,40,28.57,532 453213,4,https://www1.mbrace.or.jp/od2/B/202608/b260803.lzh,2026-10-03T18:30:06.020665+09:00
20260803,23,唐津,10,20260803-23-10,3,4475,末永祐輝,38,山口,55.0,A1,5.74,35.66,5.91,40.0,2,38.69,13,34.02,61333 4414,6,https://www1.mbrace.or.jp/od2/B/202608/b260803.lzh,2026-10-03T18:30:06.020665+09:00
20260803,23,唐津,10,20260803-23-10,4,5005,石田貴洋,30,埼玉,52.0,A1,6.78,50.56,3.5,0.0,22,39.9,15,35.16,123 243335,5,https://www1.mbrace.or.jp/od2/B/202608/b260803.lzh,2026-10-03T18:30:06.020665+09:00
20260803,23,唐津,10,20260803-23-10,5,5035,櫻井優,28,埼玉,52.0,A2,5.59,37.07,4.5,30.0,20,32.67,48,28.87,111 363 66,2,https://www1.mbrace.or.jp/od2/B/202608/b260803.lzh,2026-10-03T18:30:06.020665+09:00
20260803,23,唐津,10,20260803-23-10,6,4331,三好勇人,42,香川,54.0,A2,6.06,42.86,5.5,40.91,5,37.77,32,38.2,4 121 4526,5,https://www1.mbrace.or.jp/od2/B/202608/b260803.lzh,2026-10-03T18:30:06.020665+09:00
20260803,23,唐津,11,20260803-23-11,1,3876,中辻崇人,49,福岡,52.0,A1,6.57,43.1,7.81,69.23,35,37.56,31,37.8,331 311143,6,https://www1.mbrace.or.jp/od2/B/202608/b260803.lzh,2026-10-03T18:30:06.020665+09:00
20260803,23,唐津,11,20260803-23-11,2,4873,蒲原健太,32,佐賀,52.0,B1,4.99,30.47,5.51,36.03,44,32.02,11,27.47,214 215 34,3,https://www1.mbrace.or.jp/od2/B/202608/b260803.lzh,2026-10-03T18:30:06.020665+09:00
20260803,23,唐津,11,20260803-23-11,3,3613,角谷健吾,53,東京,51.0,A2,6.14,45.38,6.02,48.89,55,32.55,46,18.0,26152 6224,4,https://www1.mbrace.or.jp/od2/B/202608/b260803.lzh,2026-10-03T18:30:06.020665+09:00
20260803,23,唐津,11,20260803-23-11,4,4931,木谷賢太,30,香川,55.0,A1,6.83,50.37,5.3,24.32,46,34.85,53,34.78,114 631625,5,https://www1.mbrace.or.jp/od2/B/202608/b260803.lzh,2026-10-03T18:30:06.020665+09:00
20260803,23,唐津,11,20260803-23-11,5,4619,伏田裕隆,43,東京,52.0,B1,5.27,37.19,4.29,28.57,3,26.39,24,35.63,351 142 25,5,https://www1.mbrace.or.jp/od2/B/202608/b260803.lzh,2026-10-03T18:30:06.020665+09:00
20260803,23,唐津,11,20260803-23-11,6,4118,宇佐見淳,45,愛知,53.0,A2,5.78,36.92,6.65,45.0,34,33.13,4,23.08,2 35162416,7,https://www1.mbrace.or.jp/od2/B/202608/b260803.lzh,2026-10-03T18:30:06.020665+09:00
20260803,23,唐津,12,20260803-23-12,1,4295,小坂尚哉,39,兵庫,53.0,A1,7.23,54.74,7.11,54.29,43,30.3,20,33.33,12222 1341,,https://www1.mbrace.or.jp/od2/B/202608/b260803.lzh,2026-10-03T18:30:06.020665+09:00
20260803,23,唐津,12,20260803-23-12,2,4857,加藤翔馬,29,兵庫,56.0,A1,7.19,59.54,5.74,42.11,13,30.56,27,22.77,241 131151,,https://www1.mbrace.or.jp/od2/B/202608/b260803.lzh,2026-10-03T18:30:06.020665+09:00
20260803,23,唐津,12,20260803-23-12,3,4513,河野真也,37,福岡,52.0,A2,6.01,44.34,6.37,46.67,36,29.79,21,43.75,3 54142121,,https://www1.mbrace.or.jp/od2/B/202608/b260803.lzh,2026-10-03T18:30:06.020665+09:00
20260803,23,唐津,12,20260803-23-12,4,4112,大久保信,46,佐賀,52.0,A2,5.52,36.45,5.66,39.64,16,45.5,51,31.52,2 16212252,,https://www1.mbrace.or.jp/od2/B/202608/b260803.lzh,2026-10-03T18:30:06.020665+09:00
20260803,23,唐津,12,20260803-23-12,5,4737,竹井貴史,35,福岡,54.0,A1,7.37,60.19,8.43,57.14,54,35.64,23,43.01,26216 1242,,https://www1.mbrace.or.jp/od2/B/202608/b260803.lzh,2026-10-03T18:30:06.020665+09:00
20260803,23,唐津,12,20260803-23-12,6,4593,小坂宗司,45,大阪,52.0,A2,6.11,39.5,5.41,33.33,18,37.2,26,25.51,142 124532,,https://www1.mbrace.or.jp/od2/B/202608/b260803.lzh,2026-10-03T18:30:06.020665+09:00
20260803,22,福岡,1,20260803-22-01,1,4019,笠原亮,46,静岡,53.0,A1,7.05,53.54,0.0,0.0,27,36.67,123,46.43,2432622 34,11,https://www1.mbrace.or.jp/od2/B/202608/b260803.lzh,2026-10-03T18:30:06.020665+09:00
20260803,22,福岡,1,20260803-22-01,2,4382,高山智至,41,滋賀,55.0,B1,4.83,24.44,0.0,0.0,70,29.29,163,39.47,453 465 25,6,https://www1.mbrace.or.jp/od2/B/202608/b260803.lzh,2026-10-03T18:30:06.020665+09:00
20260803,22,福岡,1,20260803-22-01,3,4406,幸野史明,41,福岡,51.0,B1,4.29,22.03,4.77,22.58,15,43.75,164,27.27,3 541 3664,5,https://www1.mbrace.or.jp/od2/B/202608/b260803.lzh,2026-10-03T18:30:06.020665+09:00
20260803,22,福岡,1,20260803-22-01,4,5426,甲斐貴大,24,福岡,53.0,B2,1.8,2.5,2.32,0.0,58,38.64,161,37.78,,8,https://www1.mbrace.or.jp/od2/B/202608/b260803.lzh,2026-10-03T18:30:06.020665+09:00
20260803,22,福岡,1,20260803-22-01,5,4875,大塚康雅,32,東京,50.0,B1,5.3,34.34,5.47,38.89,45,25.0,155,28.21,152 63253,5,https://www1.mbrace.or.jp/od2/B/202608/b260803.lzh,2026-10-03T18:30:06.020665+09:00
20260803,22,福岡,1,20260803-22-01,6,5377,鳥居塚嶺,22,群馬,49.0,B1,4.26,20.0,0.0,0.0,68,41.58,130,42.35,243 124613,10,https://www1.mbrace.or.jp/od2/B/202608/b260803.lzh,2026-10-03T18:30:06.020665+09:00
20260803,22,福岡,2,20260803-22-02,1,4988,牟田奨太,29,静岡,56.0,B1,4.41,30.61,3.89,27.78,72,39.78,121,34.18,6 21164156,10,https://www1.mbrace.or.jp/od2/B/202608/b260803.lzh,2026-10-03T18:30:06.020665+09:00
20260803,22,福岡,2,20260803-22-02,2,3867,松浦勝,51,愛知,58.0,B1,2.99,12.05,4.73,26.92,44,30.51,110,43.28,6 433 3332,9,https://www1.mbrace.or.jp/od2/B/202608/b260803.lzh,2026-10-03T18:30:06.020665+09:00
20260803,22,福岡,2,20260803-22-02,3,3904,森貴洋,49,大阪,56.0,B1,4.99,33.73,4.39,22.22,21,40.4,122,31.82,2 S2325 34,7,https://www1.mbrace.or.jp/od2/B/202608/b260803.lzh,2026-10-03T18:30:06.020665+09:00
20260803,22,福岡,2,20260803-22-02,4,4842,山下昂大,34,岡山,55.0,A2,5.97,38.04,5.57,28.57,38,22.83,104,34.52,5 5124S341,9,https://www1.mbrace.or.jp/od2/B/202608/b260803.lzh,2026-10-03T18:30:06.020665+09:00
20260803,22,福岡,2,20260803-22-02,5,4035,杉江浩明,47,愛知,52.0,B1,4.12,26.55,3.61,5.56,75,32.04,131,23.38,644 53363,8,https://www1.mbrace.or.jp/od2/B/202608/b260803.lzh,2026-10-03T18:30:06.020665+09:00
20260803,22,福岡,2,20260803-22-02,6,5372,上岡巧汰,23,広島,52.0,B2,1.94,1.61,1.67,0.0,57,29.67,120,25.0,535 466 65,6,https://www1.mbrace.or.jp/od2/B/202608/b260803.lzh,2026-10-03T18:30:06.020665+09:00
20260803,22,福岡,3,20260803-22-03,1,4438,森作雄大,40,東京,53.0,B1,4.89,33.61,5.03,32.43,64,21.92,145,51.85,2111454 15,10,https://www1.mbrace.or.jp/od2/B/202608/b260803.lzh,2026-10-03T18:30:06.020665+09:00
20260803,22,福岡,3,20260803-22-03,2,5351,齊藤廉,21,福岡,53.0,B1,4.99,36.04,3.52,19.05,33,41.35,150,33.33,2325,7,https://www1.mbrace.or.jp/od2/B/202608/b260803.lzh,2026-10-03T18:30:06.020665+09:00
20260803,22,福岡,3,20260803-22-03,3,4676,後藤隼之,38,東京,56.0,A2,5.16,25.0,5.0,26.32,65,37.93,159,34.78,2 34S51S3,8,https://www1.mbrace.or.jp/od2/B/202608/b260803.lzh,2026-10-03T18:30:06.020665+09:00
20260803,22,福岡,3,20260803-22-03,4,5382,山下心一,21,福岡,52.0,B1,2.13,2.33,2.43,7.5,28,36.47,128,37.08,,7,https://www1.mbrace.or.jp/od2/B/202608/b260803.lzh,2026-10-03T18:30:06.020665+09:00
20260803,22,福岡,3,20260803-22-03,5,4022,待鳥雄紀,46,福岡,57.0,B1,4.56,24.18,5.15,26.88,50,29.91,157,36.47,6 44142 52,9,https://www1.mbrace.or.jp/od2/B/202608/b260803.lzh,2026-10-03T18:30:06.020665+09:00
20260803,22,福岡,3,20260803-22-03,6,5452,上馬場風,20,広島,54.0,B2,1.12,0.0,0.0,0.0,41,24.14,106,28.41,6 666 6666,8,https://www1.mbrace.or.jp/od2/B/202608/b260803.lzh,2026-10-03T18:30:06.020665+09:00
20260803,22,福岡,4,20260803-22-04,1,4180,上野秀和,43,福岡,56.0,A2,5.35,30.09,5.17,37.93,18,32.53,139,33.33,4226,8,https://www1.mbrace.or.jp/od2/B/202608/b260803.lzh,2026-10-03T18:30:06.020665+09:00
20260803,22,福岡,4,20260803-22-04,2,4550,石岡将太,37,群馬,58.0,A2,5.49,33.04,5.53,41.18,12,37.84,138,45.68,44351 3315,11,https://www1.mbrace.or.jp/od2/B/202608/b260803.lzh,2026-10-03T18:30:06.020665+09:00
20260803,22,福岡,4,20260803-22-04,3,4277,金田大輔,43,岡山,51.0,B1,4.86,31.25,0.0,0.0,17,30.21,151,22.78,5 16653 46,8,https://www1.mbrace.or.jp/od2/B/202608/b260803.lzh,2026-10-03T18:30:06.020665+09:00
20260803,22,福岡,4,20260803-22-04,4,3463,乙津康志,59,東京,52.0,B1,4.66,22.33,2.88,12.5,48,16.22,165,29.07,4 553 1243,9,https://www1.mbrace.or.jp/od2/B/202608/b260803.lzh,2026-10-03T18:30:06.020665+09:00
20260803,22,福岡,4,20260803-22-04,5,3385,渡邉睦広,57,東京,52.0,A2,5.54,38.98,5.62,35.14,36,30.11,114,31.76,115 246216,10,https://www1.mbrace.or.jp/od2/B/202608/b260803.lzh,2026-10-03T18:30:06.020665+09:00
20260803,22,福岡,4,20260803-22-04,6,5103,芝田京介,28,埼玉,54.0,B2,3.29,14.29,0.0,0.0,51,22.58,103,24.32,2 1534456,9,https://www1.mbrace.or.jp/od2/B/202608/b260803.lzh,2026-10-03T18:30:06.020665+09:00
20260803,22,福岡,5,20260803-22-05,1,3293,宮内由紀,60,東京,52.0,B1,3.38,10.59,4.69,20.69,46,23.66,134,40.0,345 454 6,,https://www1.mbrace.or.jp/od2/B/202608/b260803.lzh,2026-10-03T18:30:06.020665+09:00
20260803,22,福岡,5,20260803-22-05,2,4578,藤山雅弘,37,大阪,53.0,A2,5.81,44.55,4.67,33.33,11,39.77,143,31.4,43632 3315,11,https://www1.mbrace.or.jp/od2/B/202608/b260803.lzh,2026-10-03T18:30:06.020665+09:00
20260803,22,福岡,5,20260803-22-05,3,4875,大塚康雅,32,東京,50.0,B1,5.3,34.34,5.47,38.89,45,25.0,155,28.21,152 63253,1,https://www1.mbrace.or.jp/od2/B/202608/b260803.lzh,2026-10-03T18:30:06.020665+09:00
20260803,22,福岡,5,20260803-22-05,4,5105,富田恕生,27,福岡,52.0,B1,4.17,19.42,6.39,50.0,53,24.44,162,39.19,552 24525,9,https://www1.mbrace.or.jp/od2/B/202608/b260803.lzh,2026-10-03T18:30:06.020665+09:00
20260803,22,福岡,5,20260803-22-05,5,4406,幸野史明,41,福岡,51.0,B1,4.29,22.03,4.77,22.58,15,43.75,164,27.27,3 541 3664,1,https://www1.mbrace.or.jp/od2/B/202608/b260803.lzh,2026-10-03T18:30:06.020665+09:00
20260803,22,福岡,5,20260803-22-05,6,3679,飯島昌弘,53,埼玉,52.0,A2,6.64,49.09,4.0,50.0,61,36.36,140,32.22,1 43222523,10,https://www1.mbrace.or.jp/od2/B/202608/b260803.lzh,2026-10-03T18:30:06.020665+09:00
20260803,22,福岡,6,20260803-22-06,1,4960,黒野元基,30,愛知,52.0,A1,7.62,63.49,6.43,39.29,22,33.96,169,33.33,2234551 14,11,https://www1.mbrace.or.jp/od2/B/202608/b260803.lzh,2026-10-03T18:30:06.020665+09:00
20260803,22,福岡,6,20260803-22-06,2,5073,上原健次,30,福岡,55.0,A2,5.57,32.43,5.19,29.03,63,25.26,127,40.0,3 25155414,10,https://www1.mbrace.or.jp/od2/B/202608/b260803.lzh,2026-10-03T18:30:06.020665+09:00
20260803,22,福岡,6,20260803-22-06,3,4382,高山智至,41,滋賀,55.0,B1,4.83,24.44,0.0,0.0,70,29.29,163,39.47,453 465 25,1,https://www1.mbrace.or.jp/od2/B/202608/b260803.lzh,2026-10-03T18:30:06.020665+09:00
20260803,22,福岡,6,20260803-22-06,4,4272,大場広孝,44,福岡,57.0,B1,5.12,30.43,4.94,24.29,37,33.33,154,18.29,432 534455,,https://www1.mbrace.or.jp/od2/B/202608/b260803.lzh,2026-10-03T18:30:06.020665+09:00
20260803,22,福岡,6,20260803-22-06,5,5372,上岡巧汰,23,広島,52.0,B2,1.94,1.61,1.67,0.0,57,29.67,120,25.0,535 466 65,2,https://www1.mbrace.or.jp/od2/B/202608/b260803.lzh,2026-10-03T18:30:06.020665+09:00
20260803,22,福岡,6,20260803-22-06,6,4776,竹田和哉,32,香川,52.0,A1,6.93,49.64,0.0,0.0,54,29.7,142,20.99,351 122443,11,https://www1.mbrace.or.jp/od2/B/202608/b260803.lzh,2026-10-03T18:30:06.020665+09:00
20260803,22,福岡,7,20260803-22-07,1,3661,柳瀬興志,56,山口,59.0,A2,4.82,27.45,4.73,26.92,32,24.74,158,13.33,634 531544,,https://www1.mbrace.or.jp/od2/B/202608/b260803.lzh,2026-10-03T18:30:06.020665+09:00
20260803,22,福岡,7,20260803-22-07,2,5223,森清友翔,25,福岡,53.0,B1,4.98,26.67,4.05,21.21,25,41.75,147,22.78,1 626 5116,11,https://www1.mbrace.or.jp/od2/B/202608/b260803.lzh,2026-10-03T18:30:06.020665+09:00
20260803,22,福岡,7,20260803-22-07,3,5382,山下心一,21,福岡,52.0,B1,2.13,2.33,2.43,7.5,28,36.47,128,37.08,,3,https://www1.mbrace.or.jp/od2/B/202608/b260803.lzh,2026-10-03T18:30:06.020665+09:00
20260803,22,福岡,7,20260803-22-07,4,3904,森貴洋,49,大阪,56.0,B1,4.99,33.73,4.39,22.22,21,40.4,122,31.82,2 S2325 34,2,https://www1.mbrace.or.jp/od2/B/202608/b260803.lzh,2026-10-03T18:30:06.020665+09:00
20260803,22,福岡,7,20260803-22-07,5,5351,齊藤廉,21,福岡,53.0,B1,4.99,36.04,3.52,19.05,33,41.35,150,33.33,2325,3,https://www1.mbrace.or.jp/od2/B/202608/b260803.lzh,2026-10-03T18:30:06.020665+09:00
20260803,22,福岡,7,20260803-22-07,6,3548,室田泰史,56,福井,53.0,A2,5.17,33.33,4.7,30.0,35,27.78,111,34.88,162 665552,,https://www1.mbrace.or.jp/od2/B/202608/b260803.lzh,2026-10-03T18:30:06.020665+09:00
20260803,22,福岡,8,20260803-22-08,1,4676,後藤隼之,38,東京,56.0,A2,5.16,25.0,5.0,26.32,65,37.93,159,34.78,2 34S51S3,3,https://www1.mbrace.or.jp/od2/B/202608/b260803.lzh,2026-10-03T18:30:06.020665+09:00
20260803,22,福岡,8,20260803-22-08,2,4277,金田大輔,43,岡山,51.0,B1,4.86,31.25,0.0,0.0,17,30.21,151,22.78,5 16653 46,4,https://www1.mbrace.or.jp/od2/B/202608/b260803.lzh,2026-10-03T18:30:06.020665+09:00
20260803,22,福岡,8,20260803-22-08,3,4035,杉江浩明,47,愛知,52.0,B1,4.12,26.55,3.61,5.56,75,32.04,131,23.38,644 53363,2,https://www1.mbrace.or.jp/od2/B/202608/b260803.lzh,2026-10-03T18:30:06.020665+09:00
20260803,22,福岡,8,20260803-22-08,4,4180,上野秀和,43,福岡,56.0,A2,5.35,30.09,5.17,37.93,18,32.53,139,33.33,4226,4,https://www1.mbrace.or.jp/od2/B/202608/b260803.lzh,2026-10-03T18:30:06.020665+09:00
20260803,22,福岡,8,20260803-22-08,5,5452,上馬場風,20,広島,54.0,B2,1.12,0.0,0.0,0.0,41,24.14,106,28.41,6 666 6666,3,https://www1.mbrace.or.jp/od2/B/202608/b260803.lzh,2026-10-03T18:30:06.020665+09:00
20260803,22,福岡,8,20260803-22-08,6,5426,甲斐貴大,24,福岡,53.0,B2,1.8,2.5,2.32,0.0,58,38.64,161,37.78,,1,https://www1.mbrace.or.jp/od2/B/202608/b260803.lzh,2026-10-03T18:30:06.020665+09:00
20260803,22,福岡,9,20260803-22-09,1,3463,乙津康志,59,東京,52.0,B1,4.66,22.33,2.88,12.5,48,16.22,165,29.07,4 553 1243,4,https://www1.mbrace.or.jp/od2/B/202608/b260803.lzh,2026-10-03T18:30:06.020665+09:00
20260803,22,福岡,9,20260803-22-09,2,4022,待鳥雄紀,46,福岡,57.0,B1,4.56,24.18,5.15,26.88,50,29.91,157,36.47,6 44142 52,3,https://www1.mbrace.or.jp/od2/B/202608/b260803.lzh,2026-10-03T18:30:06.020665+09:00
20260803,22,福岡,9,20260803-22-09,3,5103,芝田京介,28,埼玉,54.0,B2,3.29,14.29,0.0,0.0,51,22.58,103,24.32,2 1534456,4,https://www1.mbrace.or.jp/od2/B/202608/b260803.lzh,2026-10-03T18:30:06.020665+09:00
20260803,22,福岡,9,20260803-22-09,4,3867,松浦勝,51,愛知,58.0,B1,2.99,12.05,4.73,26.92,44,30.51,110,43.28,6 433 3332,2,https://www1.mbrace.or.jp/od2/B/202608/b260803.lzh,2026-10-03T18:30:06.020665+09:00
20260803,22,福岡,9,20260803-22-09,5,5105,富田恕生,27,福岡,52.0,B1,4.17,19.42,6.39,50.0,53,24.44,162,39.19,552 24525,5,https://www1.mbrace.or.jp/od2/B/202608/b260803.lzh,2026-10-03T18:30:06.020665+09:00
20260803,22,福岡,9,20260803-22-09,6,4842,山下昂大,34,岡山,55.0,A2,5.97,38.04,5.57,28.57,38,22.83,104,34.52,5 5124S341,2,https://www1.mbrace.or.jp/od2/B/202608/b260803.lzh,2026-10-03T18:30:06.020665+09:00
20260803,22,福岡,10,20260803-22-10,1,3679,飯島昌弘,53,埼玉,52.0,A2,6.64,49.09,4.0,50.0,61,36.36,140,32.22,1 43222523,5,https://www1.mbrace.or.jp/od2/B/202608/b260803.lzh,2026-10-03T18:30:06.020665+09:00
20260803,22,福岡,10,20260803-22-10,2,5377,鳥居塚嶺,22,群馬,49.0,B1,4.26,20.0,0.0,0.0,68,41.58,130,42.35,243 124613,1,https://www1.mbrace.or.jp/od2/B/202608/b260803.lzh,2026-10-03T18:30:06.020665+09:00
20260803,22,福岡,10,20260803-22-10,3,5073,上原健次,30,福岡,55.0,A2,5.57,32.43,5.19,29.03,63,25.26,127,40.0,3 25155414,6,https://www1.mbrace.or.jp/od2/B/202608/b260803.lzh,2026-10-03T18:30:06.020665+09:00
20260803,22,福岡,10,20260803-22-10,4,4438,森作雄大,40,東京,53.0,B1,4.89,33.61,5.03,32.43,64,21.92,145,51.85,2111454 15,3,https://www1.mbrace.or.jp/od2/B/202608/b260803.lzh,2026-10-03T18:30:06.020665+09:00
20260803,22,福岡,10,20260803-22-10,5,4988,牟田奨太,29,静岡,56.0,B1,4.41,30.61,3.89,27.78,72,39.78,121,34.18,6 21164156,2,https://www1.mbrace.or.jp/od2/B/202608/b260803.lzh,2026-10-03T18:30:06.020665+09:00
20260803,22,福岡,10,20260803-22-10,6,3385,渡邉睦広,57,東京,52.0,A2,5.54,38.98,5.62,35.14,36,30.11,114,31.76,115 246216,4,https://www1.mbrace.or.jp/od2/B/202608/b260803.lzh,2026-10-03T18:30:06.020665+09:00
20260803,22,福岡,11,20260803-22-11,1,4776,竹田和哉,32,香川,52.0,A1,6.93,49.64,0.0,0.0,54,29.7,142,20.99,351 122443,6,https://www1.mbrace.or.jp/od2/B/202608/b260803.lzh,2026-10-03T18:30:06.020665+09:00
20260803,22,福岡,11,20260803-22-11,2,4019,笠原亮,46,静岡,53.0,A1,7.05,53.54,0.0,0.0,27,36.67,123,46.43,2432622 34,1,https://www1.mbrace.or.jp/od2/B/202608/b260803.lzh,2026-10-03T18:30:06.020665+09:00
20260803,22,福岡,11,20260803-22-11,3,4960,黒野元基,30,愛知,52.0,A1,7.62,63.49,6.43,39.29,22,33.96,169,33.33,2234551 14,6,https://www1.mbrace.or.jp/od2/B/202608/b260803.lzh,2026-10-03T18:30:06.020665+09:00
20260803,22,福岡,11,20260803-22-11,4,4550,石岡将太,37,群馬,58.0,A2,5.49,33.04,5.53,41.18,12,37.84,138,45.68,44351 3315,4,https://www1.mbrace.or.jp/od2/B/202608/b260803.lzh,2026-10-03T18:30:06.020665+09:00
20260803,22,福岡,11,20260803-22-11,5,4578,藤山雅弘,37,大阪,53.0,A2,5.81,44.55,4.67,33.33,11,39.77,143,31.4,43632 3315,5,https://www1.mbrace.or.jp/od2/B/202608/b260803.lzh,2026-10-03T18:30:06.020665+09:00
20260803,22,福岡,11,20260803-22-11,6,5223,森清友翔,25,福岡,53.0,B1,4.98,26.67,4.05,21.21,25,41.75,147,22.78,1 626 5116,7,https://www1.mbrace.or.jp/od2/B/202608/b260803.lzh,2026-10-03T18:30:06.020665+09:00
20260803,22,福岡,12,20260803-22-12,1,4427,秦英悟,40,大阪,52.0,A1,6.84,49.61,5.6,30.0,52,36.05,133,38.82,16111 1121,,https://www1.mbrace.or.jp/od2/B/202608/b260803.lzh,2026-10-03T18:30:06.020665+09:00
20260803,22,福岡,12,20260803-22-12,2,4036,金田諭,47,埼玉,53.0,A1,6.46,44.03,7.37,52.63,73,28.7,149,29.49,1 23431161,,https://www1.mbrace.or.jp/od2/B/202608/b260803.lzh,2026-10-03T18:30:06.020665+09:00
20260803,22,福岡,12,20260803-22-12,3,4537,渡邉和将,36,岡山,50.0,A1,7.16,51.18,7.21,47.37,66,25.0,141,28.99,132 312641,,https://www1.mbrace.or.jp/od2/B/202608/b260803.lzh,2026-10-03T18:30:06.020665+09:00
20260803,22,福岡,12,20260803-22-12,4,4199,北川潤二,44,愛知,60.0,A1,6.28,45.95,7.57,60.0,23,38.95,129,33.33,4 14131132,,https://www1.mbrace.or.jp/od2/B/202608/b260803.lzh,2026-10-03T18:30:06.020665+09:00
20260803,22,福岡,12,20260803-22-12,5,3557,太田和美,53,大阪,55.0,A1,6.6,49.03,7.34,55.26,24,19.74,171,22.37,31441 5232,,https://www1.mbrace.or.jp/od2/B/202608/b260803.lzh,2026-10-03T18:30:06.020665+09:00
20260803,22,福岡,12,20260803-22-12,6,3297,藤丸光一,59,福岡,50.0,B1,4.41,19.59,5.73,41.11,29,25.89,112,23.61,251 416322,,https://www1.mbrace.or.jp/od2/B/202608/b260803.lzh,2026-10-03T18:30:06.020665+09:00
20260803,21,芦屋,1,20260803-21-01,1,4365,盛本真輔,40,兵庫,52.0,A2,5.94,42.68,5.33,37.04,32,48.61,146,29.69,5,9,https://www1.mbrace.or.jp/od2/B/202608/b260803.lzh,2026-10-03T18:30:06.020665+09:00
20260803,21,芦屋,1,20260803-21-01,2,4665,加藤啓太,42,愛知,51.0,B1,4.06,17.72,4.33,13.33,29,42.86,155,42.17,4,5,https://www1.mbrace.or.jp/od2/B/202608/b260803.lzh,2026-10-03T18:30:06.020665+09:00
20260803,21,芦屋,1,20260803-21-01,3,5008,羽野諒,29,福岡,54.0,B1,4.74,22.58,4.14,20.78,40,25.0,111,21.62,64,,https://www1.mbrace.or.jp/od2/B/202608/b260803.lzh,2026-10-03T18:30:06.020665+09:00
20260803,21,芦屋,1,20260803-21-01,4,3807,岡部哲,51,埼玉,51.0,B1,4.86,26.0,4.0,25.0,3,45.83,126,38.89,2,11,https://www1.mbrace.or.jp/od2/B/202608/b260803.lzh,2026-10-03T18:30:06.020665+09:00
20260803,21,芦屋,1,20260803-21-01,5,3596,河上年昭,57,埼玉,57.0,B1,4.41,18.97,4.44,14.71,57,36.11,145,37.84,4,7,https://www1.mbrace.or.jp/od2/B/202608/b260803.lzh,2026-10-03T18:30:06.020665+09:00
20260803,21,芦屋,1,20260803-21-01,6,5468,山口隼人,19,福岡,54.0,B2,1.45,0.0,1.86,0.0,59,30.0,135,34.21,6,8,https://www1.mbrace.or.jp/od2/B/202608/b260803.lzh,2026-10-03T18:30:06.020665+09:00
20260803,21,芦屋,2,20260803-21-02,1,4428,有賀達也,40,埼玉,54.0,A2,6.03,41.84,6.73,54.05,45,29.07,149,44.44,34,11,https://www1.mbrace.or.jp/od2/B/202608/b260803.lzh,2026-10-03T18:30:06.020665+09:00
20260803,21,芦屋,2,20260803-21-02,2,4139,丹下健,45,愛知,54.0,B1,4.22,24.36,4.53,23.53,48,41.89,136,39.51,5,10,https://www1.mbrace.or.jp/od2/B/202608/b260803.lzh,2026-10-03T18:30:06.020665+09:00
20260803,21,芦屋,2,20260803-21-02,3,5147,田中勇輔,32,埼玉,51.0,B1,4.5,27.08,4.59,40.74,54,32.88,133,34.21,6,7,https://www1.mbrace.or.jp/od2/B/202608/b260803.lzh,2026-10-03T18:30:06.020665+09:00
20260803,21,芦屋,2,20260803-21-02,4,4448,青木玄太,39,滋賀,52.0,A1,7.34,59.81,8.7,80.0,35,49.33,141,27.03,26,9,https://www1.mbrace.or.jp/od2/B/202608/b260803.lzh,2026-10-03T18:30:06.020665+09:00
20260803,21,芦屋,2,20260803-21-02,5,5409,宮本琉正,21,福岡,57.0,B2,2.17,1.85,1.8,0.0,41,43.24,156,36.0,5,7,https://www1.mbrace.or.jp/od2/B/202608/b260803.lzh,2026-10-03T18:30:06.020665+09:00
20260803,21,芦屋,2,20260803-21-02,6,3072,西田靖,64,東京,54.0,B1,4.09,21.52,4.32,24.0,20,19.48,140,31.17,66,,https://www1.mbrace.or.jp/od2/B/202608/b260803.lzh,2026-10-03T18:30:06.020665+09:00
20260803,21,芦屋,3,20260803-21-03,1,4122,安東幸治,44,福岡,57.0,A2,5.54,35.45,6.19,42.31,10,34.72,158,31.88,5,10,https://www1.mbrace.or.jp/od2/B/202608/b260803.lzh,2026-10-03T18:30:06.020665+09:00
20260803,21,芦屋,3,20260803-21-03,2,4995,田邉亮蔵,35,東京,55.0,B1,4.27,23.94,4.19,13.89,46,25.68,165,32.43,6,7,https://www1.mbrace.or.jp/od2/B/202608/b260803.lzh,2026-10-03T18:30:06.020665+09:00
20260803,21,芦屋,3,20260803-21-03,3,4366,前沢丈史,40,東京,56.0,A1,6.6,48.39,5.21,31.58,58,19.12,120,30.43,14,8,https://www1.mbrace.or.jp/od2/B/202608/b260803.lzh,2026-10-03T18:30:06.020665+09:00
20260803,21,芦屋,3,20260803-21-03,4,3922,菅沼佳昭,51,愛知,51.0,B1,3.78,16.67,4.38,20.59,6,29.87,130,26.09,46,,https://www1.mbrace.or.jp/od2/B/202608/b260803.lzh,2026-10-03T18:30:06.020665+09:00
20260803,21,芦屋,3,20260803-21-03,5,4788,小池哲也,37,大阪,54.0,A2,5.37,33.01,6.9,55.17,7,36.84,134,36.11,53,9,https://www1.mbrace.or.jp/od2/B/202608/b260803.lzh,2026-10-03T18:30:06.020665+09:00
20260803,21,芦屋,3,20260803-21-03,6,4393,田中孝明,40,福岡,59.0,B1,4.24,20.0,4.3,17.91,19,25.0,112,47.69,1,11,https://www1.mbrace.or.jp/od2/B/202608/b260803.lzh,2026-10-03T18:30:06.020665+09:00
20260803,21,芦屋,4,20260803-21-04,1,3740,大澤普司,52,群馬,53.0,A1,6.14,42.86,4.33,16.67,52,38.03,137,36.36,45,11,https://www1.mbrace.or.jp/od2/B/202608/b260803.lzh,2026-10-03T18:30:06.020665+09:00
20260803,21,芦屋,4,20260803-21-04,2,4253,西川真人,43,滋賀,56.0,B1,4.26,19.19,5.0,26.67,13,48.65,139,32.91,55,,https://www1.mbrace.or.jp/od2/B/202608/b260803.lzh,2026-10-03T18:30:06.020665+09:00
20260803,21,芦屋,4,20260803-21-04,3,5065,伊久間陽,28,群馬,53.0,A2,5.24,38.03,0.0,0.0,51,33.78,122,35.14,36,8,https://www1.mbrace.or.jp/od2/B/202608/b260803.lzh,2026-10-03T18:30:06.020665+09:00
20260803,21,芦屋,4,20260803-21-04,4,4121,富永修一,44,福岡,52.0,A2,5.99,46.05,6.0,37.5,22,42.86,170,32.43,13,12,https://www1.mbrace.or.jp/od2/B/202608/b260803.lzh,2026-10-03T18:30:06.020665+09:00
20260803,21,芦屋,4,20260803-21-04,5,4072,森永淳,45,佐賀,52.0,A1,7.12,55.88,7.61,63.89,56,45.71,167,31.94,11,10,https://www1.mbrace.or.jp/od2/B/202608/b260803.lzh,2026-10-03T18:30:06.020665+09:00
20260803,21,芦屋,4,20260803-21-04,6,5355,萩原丈太,21,福井,56.0,B1,2.1,3.23,0.0,0.0,25,14.29,166,36.23,4,10,https://www1.mbrace.or.jp/od2/B/202608/b260803.lzh,2026-10-03T18:30:06.020665+09:00
20260803,21,芦屋,5,20260803-21-05,1,4645,上村純一,46,群馬,52.0,A1,6.43,45.22,7.6,65.0,53,29.17,162,31.94,23,12,https://www1.mbrace.or.jp/od2/B/202608/b260803.lzh,2026-10-03T18:30:06.020665+09:00
20260803,21,芦屋,5,20260803-21-05,2,5114,小林孝彰,26,福井,52.0,B1,5.83,44.44,4.79,31.58,37,32.14,128,10.0,23,,https://www1.mbrace.or.jp/od2/B/202608/b260803.lzh,2026-10-03T18:30:06.020665+09:00
20260803,21,芦屋,5,20260803-21-05,3,4790,柳内敬太,36,兵庫,53.0,A1,6.35,41.57,6.73,46.67,8,40.0,168,29.58,23,11,https://www1.mbrace.or.jp/od2/B/202608/b260803.lzh,2026-10-03T18:30:06.020665+09:00
20260803,21,芦屋,5,20260803-21-05,4,4531,武富智亮,37,佐賀,54.0,A2,6.32,39.64,5.85,32.35,31,41.67,117,37.84,21,10,https://www1.mbrace.or.jp/od2/B/202608/b260803.lzh,2026-10-03T18:30:06.020665+09:00
20260803,21,芦屋,5,20260803-21-05,5,4665,加藤啓太,42,愛知,51.0,B1,4.06,17.72,4.33,13.33,29,42.86,155,42.17,4,1,https://www1.mbrace.or.jp/od2/B/202608/b260803.lzh,2026-10-03T18:30:06.020665+09:00
20260803,21,芦屋,5,20260803-21-05,6,3888,山本英志,51,東京,51.0,A2,6.22,45.6,5.35,41.18,34,26.39,121,30.99,15,,https://www1.mbrace.or.jp/od2/B/202608/b260803.lzh,2026-10-03T18:30:06.020665+09:00
20260803,21,芦屋,6,20260803-21-06,1,3353,前田光昭,58,埼玉,53.0,B1,2.95,7.81,5.0,40.0,12,38.57,153,41.03,65,,https://www1.mbrace.or.jp/od2/B/202608/b260803.lzh,2026-10-03T18:30:06.020665+09:00
20260803,21,芦屋,6,20260803-21-06,2,4042,丸岡正典,46,大阪,52.0,A2,6.66,44.95,7.69,62.75,47,37.14,147,18.18,43,11,https://www1.mbrace.or.jp/od2/B/202608/b260803.lzh,2026-10-03T18:30:06.020665+09:00
20260803,21,芦屋,6,20260803-21-06,3,5090,生方靖亜,25,群馬,54.0,B1,5.03,31.67,5.4,40.0,33,38.36,119,18.57,31,,https://www1.mbrace.or.jp/od2/B/202608/b260803.lzh,2026-10-03T18:30:06.020665+09:00
20260803,21,芦屋,6,20260803-21-06,4,4570,前田聖文,38,愛知,55.0,A1,5.95,36.25,6.49,51.22,27,26.03,164,35.71,12,10,https://www1.mbrace.or.jp/od2/B/202608/b260803.lzh,2026-10-03T18:30:06.020665+09:00
20260803,21,芦屋,6,20260803-21-06,5,4297,山田哲也,43,東京,52.0,A1,6.16,44.76,8.36,82.14,4,35.29,118,31.17,12,12,https://www1.mbrace.or.jp/od2/B/202608/b260803.lzh,2026-10-03T18:30:06.020665+09:00
20260803,21,芦屋,6,20260803-21-06,6,3627,井上恵一,56,福岡,54.0,A2,4.89,32.89,4.87,25.64,1,23.88,132,32.39,2,12,https://www1.mbrace.or.jp/od2/B/202608/b260803.lzh,2026-10-03T18:30:06.020665+09:00
20260803,21,芦屋,7,20260803-21-07,1,4016,西川新太,46,愛知,57.0,B1,5.61,35.11,5.15,32.5,50,31.88,161,38.57,44,,https://www1.mbrace.or.jp/od2/B/202608/b260803.lzh,2026-10-03T18:30:06.020665+09:00
20260803,21,芦屋,7,20260803-21-07,2,3596,河上年昭,57,埼玉,57.0,B1,4.41,18.97,4.44,14.71,57,36.11,145,37.84,4,1,https://www1.mbrace.or.jp/od2/B/202608/b260803.lzh,2026-10-03T18:30:06.020665+09:00
20260803,21,芦屋,7,20260803-21-07,3,3619,長谷川充,52,群馬,53.0,B1,5.13,29.79,4.9,25.0,11,41.89,148,21.59,2,12,https://www1.mbrace.or.jp/od2/B/202608/b260803.lzh,2026-10-03T18:30:06.020665+09:00
20260803,21,芦屋,7,20260803-21-07,4,4995,田邉亮蔵,35,東京,55.0,B1,4.27,23.94,4.19,13.89,46,25.68,165,32.43,6,3,https://www1.mbrace.or.jp/od2/B/202608/b260803.lzh,2026-10-03T18:30:06.020665+09:00
20260803,21,芦屋,7,20260803-21-07,5,5147,田中勇輔,32,埼玉,51.0,B1,4.5,27.08,4.59,40.74,54,32.88,133,34.21,6,2,https://www1.mbrace.or.jp/od2/B/202608/b260803.lzh,2026-10-03T18:30:06.020665+09:00
20260803,21,芦屋,7,20260803-21-07,6,5409,宮本琉正,21,福岡,57.0,B2,2.17,1.85,1.8,0.0,41,43.24,156,36.0,5,2,https://www1.mbrace.or.jp/od2/B/202608/b260803.lzh,2026-10-03T18:30:06.020665+09:00
20260803,21,芦屋,8,20260803-21-08,1,3075,中村裕将,63,埼玉,56.0,B1,4.81,30.59,3.46,15.38,44,34.15,154,36.84,34,,https://www1.mbrace.or.jp/od2/B/202608/b260803.lzh,2026-10-03T18:30:06.020665+09:00
20260803,21,芦屋,8,20260803-21-08,2,4366,前沢丈史,40,東京,56.0,A1,6.6,48.39,5.21,31.58,58,19.12,120,30.43,14,3,https://www1.mbrace.or.jp/od2/B/202608/b260803.lzh,2026-10-03T18:30:06.020665+09:00
20260803,21,芦屋,8,20260803-21-08,3,5161,登玉隼百,27,兵庫,54.0,A2,5.91,46.91,4.33,33.33,60,44.78,116,32.0,66,12,https://www1.mbrace.or.jp/od2/B/202608/b260803.lzh,2026-10-03T18:30:06.020665+09:00
20260803,21,芦屋,8,20260803-21-08,4,5065,伊久間陽,28,群馬,53.0,A2,5.24,38.03,0.0,0.0,51,33.78,122,35.14,36,4,https://www1.mbrace.or.jp/od2/B/202608/b260803.lzh,2026-10-03T18:30:06.020665+09:00
20260803,21,芦屋,8,20260803-21-08,5,5468,山口隼人,19,福岡,54.0,B2,1.45,0.0,1.86,0.0,59,30.0,135,34.21,6,1,https://www1.mbrace.or.jp/od2/B/202608/b260803.lzh,2026-10-03T18:30:06.020665+09:00
20260803,21,芦屋,8,20260803-21-08,6,3406,中里英夫,57,群馬,53.0,B1,5.43,35.16,5.14,36.36,49,22.86,129,25.81,31,,https://www1.mbrace.or.jp/od2/B/202608/b260803.lzh,2026-10-03T18:30:06.020665+09:00
20260803,21,芦屋,9,20260803-21-09,1,4788,小池哲也,37,大阪,54.0,A2,5.37,33.01,6.9,55.17,7,36.84,134,36.11,53,3,https://www1.mbrace.or.jp/od2/B/202608/b260803.lzh,2026-10-03T18:30:06.020665+09:00
20260803,21,芦屋,9,20260803-21-09,2,4448,青木玄太,39,滋賀,52.0,A1,7.34,59.81,8.7,80.0,35,49.33,141,27.03,26,2,https://www1.mbrace.or.jp/od2/B/202608/b260803.lzh,2026-10-03T18:30:06.020665+09:00
20260803,21,芦屋,9,20260803-21-09,3,3482,金子猛志,55,群馬,61.0,B1,5.0,29.2,4.42,15.38,2,30.56,124,27.27,21,,https://www1.mbrace.or.jp/od2/B/202608/b260803.lzh,2026-10-03T18:30:06.020665+09:00
20260803,21,芦屋,9,20260803-21-09,4,4365,盛本真輔,40,兵庫,52.0,A2,5.94,42.68,5.33,37.04,32,48.61,146,29.69,5,1,https://www1.mbrace.or.jp/od2/B/202608/b260803.lzh,2026-10-03T18:30:06.020665+09:00
20260803,21,芦屋,9,20260803-21-09,5,5237,永松良教,26,福岡,54.0,B2,4.8,27.27,3.22,16.67,39,37.33,127,40.26,32,,https://www1.mbrace.or.jp/od2/B/202608/b260803.lzh,2026-10-03T18:30:06.020665+09:00
20260803,21,芦屋,9,20260803-21-09,6,4630,岩永雅人,39,愛知,52.0,A2,6.13,39.34,6.6,60.0,5,32.31,160,32.31,55,,https://www1.mbrace.or.jp/od2/B/202608/b260803.lzh,2026-10-03T18:30:06.020665+09:00
20260803,21,芦屋,10,20260803-21-10,1,4531,武富智亮,37,佐賀,54.0,A2,6.32,39.64,5.85,32.35,31,41.67,117,37.84,21,5,https://www1.mbrace.or.jp/od2/B/202608/b260803.lzh,2026-10-03T18:30:06.020665+09:00
20260803,21,芦屋,10,20260803-21-10,2,4072,森永淳,45,佐賀,52.0,A1,7.12,55.88,7.61,63.89,56,45.71,167,31.94,11,4,https://www1.mbrace.or.jp/od2/B/202608/b260803.lzh,2026-10-03T18:30:06.020665+09:00
20260803,21,芦屋,10,20260803-21-10,3,5355,萩原丈太,21,福井,56.0,B1,2.1,3.23,0.0,0.0,25,14.29,166,36.23,4,4,https://www1.mbrace.or.jp/od2/B/202608/b260803.lzh,2026-10-03T18:30:06.020665+09:00
20260803,21,芦屋,10,20260803-21-10,4,4122,安東幸治,44,福岡,57.0,A2,5.54,35.45,6.19,42.31,10,34.72,158,31.88,5,3,https://www1.mbrace.or.jp/od2/B/202608/b260803.lzh,2026-10-03T18:30:06.020665+09:00
20260803,21,芦屋,10,20260803-21-10,5,4139,丹下健,45,愛知,54.0,B1,4.22,24.36,4.53,23.53,48,41.89,136,39.51,5,2,https://www1.mbrace.or.jp/od2/B/202608/b260803.lzh,2026-10-03T18:30:06.020665+09:00
20260803,21,芦屋,10,20260803-21-10,6,4570,前田聖文,38,愛知,55.0,A1,5.95,36.25,6.49,51.22,27,26.03,164,35.71,12,6,https://www1.mbrace.or.jp/od2/B/202608/b260803.lzh,2026-10-03T18:30:06.020665+09:00
20260803,21,芦屋,11,20260803-21-11,1,4790,柳内敬太,36,兵庫,53.0,A1,6.35,41.57,6.73,46.67,8,40.0,168,29.58,23,5,https://www1.mbrace.or.jp/od2/B/202608/b260803.lzh,2026-10-03T18:30:06.020665+09:00
20260803,21,芦屋,11,20260803-21-11,2,4428,有賀達也,40,埼玉,54.0,A2,6.03,41.84,6.73,54.05,45,29.07,149,44.44,34,2,https://www1.mbrace.or.jp/od2/B/202608/b260803.lzh,2026-10-03T18:30:06.020665+09:00
20260803,21,芦屋,11,20260803-21-11,3,4393,田中孝明,40,福岡,59.0,B1,4.24,20.0,4.3,17.91,19,25.0,112,47.69,1,3,https://www1.mbrace.or.jp/od2/B/202608/b260803.lzh,2026-10-03T18:30:06.020665+09:00
20260803,21,芦屋,11,20260803-21-11,4,3740,大澤普司,52,群馬,53.0,A1,6.14,42.86,4.33,16.67,52,38.03,137,36.36,45,4,https://www1.mbrace.or.jp/od2/B/202608/b260803.lzh,2026-10-03T18:30:06.020665+09:00
20260803,21,芦屋,11,20260803-21-11,5,3807,岡部哲,51,埼玉,51.0,B1,4.86,26.0,4.0,25.0,3,45.83,126,38.89,2,1,https://www1.mbrace.or.jp/od2/B/202608/b260803.lzh,2026-10-03T18:30:06.020665+09:00
20260803,21,芦屋,11,20260803-21-11,6,4042,丸岡正典,46,大阪,52.0,A2,6.66,44.95,7.69,62.75,47,37.14,147,18.18,43,6,https://www1.mbrace.or.jp/od2/B/202608/b260803.lzh,2026-10-03T18:30:06.020665+09:00
20260803,21,芦屋,12,20260803-21-12,1,4297,山田哲也,43,東京,52.0,A1,6.16,44.76,8.36,82.14,4,35.29,118,31.17,12,6,https://www1.mbrace.or.jp/od2/B/202608/b260803.lzh,2026-10-03T18:30:06.020665+09:00
20260803,21,芦屋,12,20260803-21-12,2,5161,登玉隼百,27,兵庫,54.0,A2,5.91,46.91,4.33,33.33,60,44.78,116,32.0,66,8,https://www1.mbrace.or.jp/od2/B/202608/b260803.lzh,2026-10-03T18:30:06.020665+09:00
20260803,21,芦屋,12,20260803-21-12,3,3627,井上恵一,56,福岡,54.0,A2,4.89,32.89,4.87,25.64,1,23.88,132,32.39,2,6,https://www1.mbrace.or.jp/od2/B/202608/b260803.lzh,2026-10-03T18:30:06.020665+09:00
20260803,21,芦屋,12,20260803-21-12,4,4645,上村純一,46,群馬,52.0,A1,6.43,45.22,7.6,65.0,53,29.17,162,31.94,23,5,https://www1.mbrace.or.jp/od2/B/202608/b260803.lzh,2026-10-03T18:30:06.020665+09:00
20260803,21,芦屋,12,20260803-21-12,5,3619,長谷川充,52,群馬,53.0,B1,5.13,29.79,4.9,25.0,11,41.89,148,21.59,2,7,https://www1.mbrace.or.jp/od2/B/202608/b260803.lzh,2026-10-03T18:30:06.020665+09:00
20260803,21,芦屋,12,20260803-21-12,6,4121,富永修一,44,福岡,52.0,A2,5.99,46.05,6.0,37.5,22,42.86,170,32.43,13,4,https://www1.mbrace.or.jp/od2/B/202608/b260803.lzh,2026-10-03T18:30:06.020665+09:00
20260803,20,若松,1,20260803-20-01,1,3827,今泉徹,53,群馬,52.0,B1,4.0,14.15,3.5,16.67,55,20.9,19,15.38,6 455,8,https://www1.mbrace.or.jp/od2/B/202608/b260803.lzh,2026-10-03T18:30:06.020665+09:00
20260803,20,若松,1,20260803-20-01,2,4552,杉山勝匡,37,佐賀,50.0,B1,4.54,27.5,4.31,25.49,2,33.77,29,19.44,54362,7,https://www1.mbrace.or.jp/od2/B/202608/b260803.lzh,2026-10-03T18:30:06.020665+09:00
20260803,20,若松,1,20260803-20-01,3,3955,眞田英二,49,徳島,52.0,B2,4.84,28.57,5.62,42.31,36,31.65,60,37.5,364 65,5,https://www1.mbrace.or.jp/od2/B/202608/b260803.lzh,2026-10-03T18:30:06.020665+09:00
20260803,20,若松,1,20260803-20-01,4,4097,貫地谷直,44,広島,57.0,B1,3.54,13.92,3.61,16.67,30,29.17,31,31.82,5 644,7,https://www1.mbrace.or.jp/od2/B/202608/b260803.lzh,2026-10-03T18:30:06.020665+09:00
20260803,20,若松,1,20260803-20-01,5,4379,桑島和宏,41,東京,58.0,A2,6.09,38.41,5.42,30.23,28,29.93,16,39.29,523 23,9,https://www1.mbrace.or.jp/od2/B/202608/b260803.lzh,2026-10-03T18:30:06.020665+09:00
20260803,20,若松,1,20260803-20-01,6,4835,橋本明,38,広島,53.0,B1,5.06,26.32,4.88,18.75,35,41.25,47,45.16,643 24,6,https://www1.mbrace.or.jp/od2/B/202608/b260803.lzh,2026-10-03T18:30:06.020665+09:00
20260803,20,若松,2,20260803-20-02,1,3839,川合理司,50,静岡,64.0,B1,3.29,11.22,0.0,0.0,37,28.57,49,25.0,5 1566,,https://www1.mbrace.or.jp/od2/B/202608/b260803.lzh,2026-10-03T18:30:06.020665+09:00
20260803,20,若松,2,20260803-20-02,2,3973,崎利仁,49,群馬,55.0,B1,4.32,22.52,3.17,16.67,7,26.85,11,34.29,2 6655,,https://www1.mbrace.or.jp/od2/B/202608/b260803.lzh,2026-10-03T18:30:06.020665+09:00
20260803,20,若松,2,20260803-20-02,3,3662,大庭元明,56,福岡,56.0,B1,4.93,32.98,4.91,32.67,59,29.93,37,30.3,365 22,7,https://www1.mbrace.or.jp/od2/B/202608/b260803.lzh,2026-10-03T18:30:06.020665+09:00
20260803,20,若松,2,20260803-20-02,4,4202,浮田圭浩,43,岡山,56.0,B1,4.48,26.44,4.7,25.0,20,37.24,46,41.18,3 3636,6,https://www1.mbrace.or.jp/od2/B/202608/b260803.lzh,2026-10-03T18:30:06.020665+09:00
20260803,20,若松,2,20260803-20-02,5,4624,高田明,41,佐賀,52.0,A1,6.22,44.0,6.51,45.9,47,35.51,13,34.38,4 2244,10,https://www1.mbrace.or.jp/od2/B/202608/b260803.lzh,2026-10-03T18:30:06.020665+09:00
20260803,20,若松,2,20260803-20-02,6,4515,藤田浩人,40,佐賀,55.0,A2,6.02,40.15,6.12,47.06,10,25.48,65,22.86,5 5336,8,https://www1.mbrace.or.jp/od2/B/202608/b260803.lzh,2026-10-03T18:30:06.020665+09:00
20260803,20,若松,3,20260803-20-03,1,4679,植田太一,37,福岡,59.0,A2,5.98,44.68,6.19,47.17,16,25.9,59,17.39,212 55,10,https://www1.mbrace.or.jp/od2/B/202608/b260803.lzh,2026-10-03T18:30:06.020665+09:00
20260803,20,若松,3,20260803-20-03,2,4232,笠雅雄,43,福岡,56.0,B1,6.18,43.69,4.92,26.53,13,35.1,70,38.46,,7,https://www1.mbrace.or.jp/od2/B/202608/b260803.lzh,2026-10-03T18:30:06.020665+09:00
20260803,20,若松,3,20260803-20-03,3,4047,吉永浩則,46,大阪,54.0,B1,3.81,19.05,3.52,19.05,14,34.64,50,33.33,656 4,7,https://www1.mbrace.or.jp/od2/B/202608/b260803.lzh,2026-10-03T18:30:06.020665+09:00
20260803,20,若松,3,20260803-20-03,4,3701,大西隆洋,53,香川,57.0,B1,4.31,18.82,4.17,20.83,29,30.34,73,25.0,3 563,9,https://www1.mbrace.or.jp/od2/B/202608/b260803.lzh,2026-10-03T18:30:06.020665+09:00
20260803,20,若松,3,20260803-20-03,5,5229,吉川晴人,23,滋賀,57.0,A2,5.24,33.88,3.4,20.0,54,29.58,17,37.5,52431,8,https://www1.mbrace.or.jp/od2/B/202608/b260803.lzh,2026-10-03T18:30:06.020665+09:00
20260803,20,若松,3,20260803-20-03,6,3788,一宮稔弘,54,徳島,53.0,B2,5.58,42.11,5.23,23.08,40,35.44,67,41.18,144215,11,https://www1.mbrace.or.jp/od2/B/202608/b260803.lzh,2026-10-03T18:30:06.020665+09:00
20260803,20,若松,4,20260803-20-04,1,4108,吉村正明,46,山口,52.0,A1,6.4,48.45,5.4,40.0,52,34.75,58,12.9,612446,10,https://www1.mbrace.or.jp/od2/B/202608/b260803.lzh,2026-10-03T18:30:06.020665+09:00
20260803,20,若松,4,20260803-20-04,2,4089,妹尾忠幸,45,岡山,56.0,A2,6.18,40.83,0.0,0.0,61,32.89,56,25.0,331544,11,https://www1.mbrace.or.jp/od2/B/202608/b260803.lzh,2026-10-03T18:30:06.020665+09:00
20260803,20,若松,4,20260803-20-04,3,4981,牧山敦也,30,佐賀,52.0,B1,5.06,23.96,5.58,30.3,17,29.05,45,27.78,,8,https://www1.mbrace.or.jp/od2/B/202608/b260803.lzh,2026-10-03T18:30:06.020665+09:00
20260803,20,若松,4,20260803-20-04,4,5022,伊藤尚汰,31,福岡,50.0,B1,4.39,29.59,4.58,26.92,22,34.01,52,33.33,461 34,9,https://www1.mbrace.or.jp/od2/B/202608/b260803.lzh,2026-10-03T18:30:06.020665+09:00
20260803,20,若松,4,20260803-20-04,5,3517,高橋勲,58,東京,58.0,B1,5.85,41.35,5.25,35.71,57,31.91,57,23.33,2 2213,10,https://www1.mbrace.or.jp/od2/B/202608/b260803.lzh,2026-10-03T18:30:06.020665+09:00
20260803,20,若松,4,20260803-20-04,6,4452,松尾祭,38,香川,53.0,A2,5.02,32.31,4.26,21.05,46,35.26,61,21.21,244 21,8,https://www1.mbrace.or.jp/od2/B/202608/b260803.lzh,2026-10-03T18:30:06.020665+09:00
20260803,20,若松,5,20260803-20-05,1,3484,芝田浩治,54,兵庫,53.0,A2,5.72,42.11,6.0,52.17,8,30.67,26,65.22,224 56,10,https://www1.mbrace.or.jp/od2/B/202608/b260803.lzh,2026-10-03T18:30:06.020665+09:00
20260803,20,若松,5,20260803-20-05,2,4989,石原翼,29,静岡,52.0,A2,6.08,41.94,5.71,35.71,12,32.68,33,30.0,56153,9,https://www1.mbrace.or.jp/od2/B/202608/b260803.lzh,2026-10-03T18:30:06.020665+09:00
20260803,20,若松,5,20260803-20-05,3,4417,服部剛,39,静岡,52.0,B1,5.54,35.37,0.0,0.0,39,41.4,66,20.0,255 64,,https://www1.mbrace.or.jp/od2/B/202608/b260803.lzh,2026-10-03T18:30:06.020665+09:00
20260803,20,若松,5,20260803-20-05,4,4394,永嶋裕一,40,福岡,54.0,A2,5.96,38.39,5.52,35.0,33,33.33,28,23.53,3 3216,11,https://www1.mbrace.or.jp/od2/B/202608/b260803.lzh,2026-10-03T18:30:06.020665+09:00
20260803,20,若松,5,20260803-20-05,5,3955,眞田英二,49,徳島,52.0,B2,4.84,28.57,5.62,42.31,36,31.65,60,37.5,364 65,1,https://www1.mbrace.or.jp/od2/B/202608/b260803.lzh,2026-10-03T18:30:06.020665+09:00
20260803,20,若松,5,20260803-20-05,6,5359,佐藤世那,20,東京,55.0,B1,4.57,29.63,0.0,0.0,9,35.29,15,41.67,565 6,9,https://www1.mbrace.or.jp/od2/B/202608/b260803.lzh,2026-10-03T18:30:06.020665+09:00
20260803,20,若松,6,20260803-20-06,1,4319,三宅潤,41,大阪,54.0,A2,5.61,34.17,0.0,0.0,6,36.6,30,37.5,1 3154,11,https://www1.mbrace.or.jp/od2/B/202608/b260803.lzh,2026-10-03T18:30:06.020665+09:00
20260803,20,若松,6,20260803-20-06,2,4894,原村拓也,35,香川,52.0,B1,4.69,22.94,4.83,25.0,45,33.99,44,50.0,436 65,,https://www1.mbrace.or.jp/od2/B/202608/b260803.lzh,2026-10-03T18:30:06.020665+09:00
20260803,20,若松,6,20260803-20-06,3,4202,浮田圭浩,43,岡山,56.0,B1,4.48,26.44,4.7,25.0,20,37.24,46,41.18,3 3636,2,https://www1.mbrace.or.jp/od2/B/202608/b260803.lzh,2026-10-03T18:30:06.020665+09:00
20260803,20,若松,6,20260803-20-06,4,4835,橋本明,38,広島,53.0,B1,5.06,26.32,4.88,18.75,35,41.25,47,45.16,643 24,1,https://www1.mbrace.or.jp/od2/B/202608/b260803.lzh,2026-10-03T18:30:06.020665+09:00
20260803,20,若松,6,20260803-20-06,5,4594,谷川祐一,44,滋賀,52.0,B1,6.08,44.76,5.86,39.29,24,32.41,74,21.88,114213,10,https://www1.mbrace.or.jp/od2/B/202608/b260803.lzh,2026-10-03T18:30:06.020665+09:00
20260803,20,若松,6,20260803-20-06,6,5026,安河内健,30,佐賀,56.0,A1,6.31,48.62,6.59,55.56,42,41.18,32,25.81,132313,11,https://www1.mbrace.or.jp/od2/B/202608/b260803.lzh,2026-10-03T18:30:06.020665+09:00
20260803,20,若松,7,20260803-20-07,1,4633,森智也,37,兵庫,52.0,A2,5.57,33.59,4.8,25.0,18,31.91,12,29.41,121435,11,https://www1.mbrace.or.jp/od2/B/202608/b260803.lzh,2026-10-03T18:30:06.020665+09:00
20260803,20,若松,7,20260803-20-07,2,3662,大庭元明,56,福岡,56.0,B1,4.93,32.98,4.91,32.67,59,29.93,37,30.3,365 22,2,https://www1.mbrace.or.jp/od2/B/202608/b260803.lzh,2026-10-03T18:30:06.020665+09:00
20260803,20,若松,7,20260803-20-07,3,4097,貫地谷直,44,広島,57.0,B1,3.54,13.92,3.61,16.67,30,29.17,31,31.82,5 644,1,https://www1.mbrace.or.jp/od2/B/202608/b260803.lzh,2026-10-03T18:30:06.020665+09:00
20260803,20,若松,7,20260803-20-07,4,4552,杉山勝匡,37,佐賀,50.0,B1,4.54,27.5,4.31,25.49,2,33.77,29,19.44,54362,1,https://www1.mbrace.or.jp/od2/B/202608/b260803.lzh,2026-10-03T18:30:06.020665+09:00
20260803,20,若松,7,20260803-20-07,5,4047,吉永浩則,46,大阪,54.0,B1,3.81,19.05,3.52,19.05,14,34.64,50,33.33,656 4,3,https://www1.mbrace.or.jp/od2/B/202608/b260803.lzh,2026-10-03T18:30:06.020665+09:00
20260803,20,若松,7,20260803-20-07,6,4232,笠雅雄,43,福岡,56.0,B1,6.18,43.69,4.92,26.53,13,35.1,70,38.46,,3,https://www1.mbrace.or.jp/od2/B/202608/b260803.lzh,2026-10-03T18:30:06.020665+09:00
20260803,20,若松,8,20260803-20-08,1,4515,藤田浩人,40,佐賀,55.0,A2,6.02,40.15,6.12,47.06,10,25.48,65,22.86,5 5336,2,https://www1.mbrace.or.jp/od2/B/202608/b260803.lzh,2026-10-03T18:30:06.020665+09:00
20260803,20,若松,8,20260803-20-08,2,4452,松尾祭,38,香川,53.0,A2,5.02,32.31,4.26,21.05,46,35.26,61,21.21,244 21,4,https://www1.mbrace.or.jp/od2/B/202608/b260803.lzh,2026-10-03T18:30:06.020665+09:00
20260803,20,若松,8,20260803-20-08,3,5229,吉川晴人,23,滋賀,57.0,A2,5.24,33.88,3.4,20.0,54,29.58,17,37.5,52431,3,https://www1.mbrace.or.jp/od2/B/202608/b260803.lzh,2026-10-03T18:30:06.020665+09:00
20260803,20,若松,8,20260803-20-08,4,3827,今泉徹,53,群馬,52.0,B1,4.0,14.15,3.5,16.67,55,20.9,19,15.38,6 455,1,https://www1.mbrace.or.jp/od2/B/202608/b260803.lzh,2026-10-03T18:30:06.020665+09:00
20260803,20,若松,8,20260803-20-08,5,4625,渡邊裕貴,40,静岡,52.0,B1,5.52,36.36,3.0,0.0,44,32.26,36,39.39,3 3564,,https://www1.mbrace.or.jp/od2/B/202608/b260803.lzh,2026-10-03T18:30:06.020665+09:00
20260803,20,若松,8,20260803-20-08,6,4981,牧山敦也,30,佐賀,52.0,B1,5.06,23.96,5.58,30.3,17,29.05,45,27.78,,4,https://www1.mbrace.or.jp/od2/B/202608/b260803.lzh,2026-10-03T18:30:06.020665+09:00
20260803,20,若松,9,20260803-20-09,1,4379,桑島和宏,41,東京,58.0,A2,6.09,38.41,5.42,30.23,28,29.93,16,39.29,523 23,1,https://www1.mbrace.or.jp/od2/B/202608/b260803.lzh,2026-10-03T18:30:06.020665+09:00
20260803,20,若松,9,20260803-20-09,2,5022,伊藤尚汰,31,福岡,50.0,B1,4.39,29.59,4.58,26.92,22,34.01,52,33.33,461 34,4,https://www1.mbrace.or.jp/od2/B/202608/b260803.lzh,2026-10-03T18:30:06.020665+09:00
20260803,20,若松,9,20260803-20-09,3,5359,佐藤世那,20,東京,55.0,B1,4.57,29.63,0.0,0.0,9,35.29,15,41.67,565 6,5,https://www1.mbrace.or.jp/od2/B/202608/b260803.lzh,2026-10-03T18:30:06.020665+09:00
20260803,20,若松,9,20260803-20-09,4,4989,石原翼,29,静岡,52.0,A2,6.08,41.94,5.71,35.71,12,32.68,33,30.0,56153,5,https://www1.mbrace.or.jp/od2/B/202608/b260803.lzh,2026-10-03T18:30:06.020665+09:00
20260803,20,若松,9,20260803-20-09,5,4750,井上尚悟,39,大阪,52.0,B1,5.31,35.48,5.56,33.33,21,38.89,24,36.59,446 32,,https://www1.mbrace.or.jp/od2/B/202608/b260803.lzh,2026-10-03T18:30:06.020665+09:00
20260803,20,若松,9,20260803-20-09,6,3701,大西隆洋,53,香川,57.0,B1,4.31,18.82,4.17,20.83,29,30.34,73,25.0,3 563,3,https://www1.mbrace.or.jp/od2/B/202608/b260803.lzh,2026-10-03T18:30:06.020665+09:00
20260803,20,若松,10,20260803-20-10,1,3517,高橋勲,58,東京,58.0,B1,5.85,41.35,5.25,35.71,57,31.91,57,23.33,2 2213,4,https://www1.mbrace.or.jp/od2/B/202608/b260803.lzh,2026-10-03T18:30:06.020665+09:00
20260803,20,若松,10,20260803-20-10,2,4594,谷川祐一,44,滋賀,52.0,B1,6.08,44.76,5.86,39.29,24,32.41,74,21.88,114213,6,https://www1.mbrace.or.jp/od2/B/202608/b260803.lzh,2026-10-03T18:30:06.020665+09:00
20260803,20,若松,10,20260803-20-10,3,4624,高田明,41,佐賀,52.0,A1,6.22,44.0,6.51,45.9,47,35.51,13,34.38,4 2244,2,https://www1.mbrace.or.jp/od2/B/202608/b260803.lzh,2026-10-03T18:30:06.020665+09:00
20260803,20,若松,10,20260803-20-10,4,4679,植田太一,37,福岡,59.0,A2,5.98,44.68,6.19,47.17,16,25.9,59,17.39,212 55,3,https://www1.mbrace.or.jp/od2/B/202608/b260803.lzh,2026-10-03T18:30:06.020665+09:00
20260803,20,若松,10,20260803-20-10,5,3484,芝田浩治,54,兵庫,53.0,A2,5.72,42.11,6.0,52.17,8,30.67,26,65.22,224 56,5,https://www1.mbrace.or.jp/od2/B/202608/b260803.lzh,2026-10-03T18:30:06.020665+09:00
20260803,20,若松,10,20260803-20-10,6,4108,吉村正明,46,山口,52.0,A1,6.4,48.45,5.4,40.0,52,34.75,58,12.9,612446,4,https://www1.mbrace.or.jp/od2/B/202608/b260803.lzh,2026-10-03T18:30:06.020665+09:00
20260803,20,若松,11,20260803-20-11,1,5026,安河内健,30,佐賀,56.0,A1,6.31,48.62,6.59,55.56,42,41.18,32,25.81,132313,6,https://www1.mbrace.or.jp/od2/B/202608/b260803.lzh,2026-10-03T18:30:06.020665+09:00
20260803,20,若松,11,20260803-20-11,2,4319,三宅潤,41,大阪,54.0,A2,5.61,34.17,0.0,0.0,6,36.6,30,37.5,1 3154,6,https://www1.mbrace.or.jp/od2/B/202608/b260803.lzh,2026-10-03T18:30:06.020665+09:00
20260803,20,若松,11,20260803-20-11,3,4089,妹尾忠幸,45,岡山,56.0,A2,6.18,40.83,0.0,0.0,61,32.89,56,25.0,331544,4,https://www1.mbrace.or.jp/od2/B/202608/b260803.lzh,2026-10-03T18:30:06.020665+09:00
20260803,20,若松,11,20260803-20-11,4,4633,森智也,37,兵庫,52.0,A2,5.57,33.59,4.8,25.0,18,31.91,12,29.41,121435,7,https://www1.mbrace.or.jp/od2/B/202608/b260803.lzh,2026-10-03T18:30:06.020665+09:00
20260803,20,若松,11,20260803-20-11,5,3788,一宮稔弘,54,徳島,53.0,B2,5.58,42.11,5.23,23.08,40,35.44,67,41.18,144215,3,https://www1.mbrace.or.jp/od2/B/202608/b260803.lzh,2026-10-03T18:30:06.020665+09:00
20260803,20,若松,11,20260803-20-11,6,4394,永嶋裕一,40,福岡,54.0,A2,5.96,38.39,5.52,35.0,33,33.33,28,23.53,3 3216,5,https://www1.mbrace.or.jp/od2/B/202608/b260803.lzh,2026-10-03T18:30:06.020665+09:00
20260803,20,若松,12,20260803-20-12,1,4445,宮地元輝,39,佐賀,56.0,A1,6.85,43.14,7.23,40.43,50,34.48,62,37.93,141421,,https://www1.mbrace.or.jp/od2/B/202608/b260803.lzh,2026-10-03T18:30:06.020665+09:00
20260803,20,若松,12,20260803-20-12,2,4566,塩田北斗,38,福岡,56.0,A1,6.5,38.89,7.14,56.34,38,32.9,75,33.33,313131,,https://www1.mbrace.or.jp/od2/B/202608/b260803.lzh,2026-10-03T18:30:06.020665+09:00
20260803,20,若松,12,20260803-20-12,3,4361,柳生泰二,41,山口,53.0,A1,7.29,55.26,7.85,64.71,49,51.47,72,36.36,261111,,https://www1.mbrace.or.jp/od2/B/202608/b260803.lzh,2026-10-03T18:30:06.020665+09:00
20260803,20,若松,12,20260803-20-12,4,5125,高井雄基,30,愛知,53.0,A2,5.28,31.37,7.33,66.67,11,25.81,69,22.58,131652,,https://www1.mbrace.or.jp/od2/B/202608/b260803.lzh,2026-10-03T18:30:06.020665+09:00
20260803,20,若松,12,20260803-20-12,5,5141,大澤風葵,25,群馬,51.0,A1,6.58,51.02,6.73,54.55,4,37.09,53,43.75,422122,,https://www1.mbrace.or.jp/od2/B/202608/b260803.lzh,2026-10-03T18:30:06.020665+09:00
20260803,20,若松,12,20260803-20-12,6,4736,高倉和士,35,福岡,53.0,A1,7.09,55.74,6.81,48.53,27,26.9,42,10.81,152312,,https://www1.mbrace.or.jp/od2/B/202608/b260803.lzh,2026-10-03T18:30:06.020665+09:00
20260803,19,下関,1,20260803-19-01,1,5000,岡本翔太,31,山口,53.0,B1,4.83,30.3,4.44,22.88,23,19.61,32,25.45,,11,https://www1.mbrace.or.jp/od2/B/202608/b260803.lzh,2026-10-03T18:30:06.020665+09:00
20260803,19,下関,1,20260803-19-01,2,4368,山口隆史,40,福岡,55.0,B1,4.41,25.0,4.71,28.57,72,25.0,31,45.65,,8,https://www1.mbrace.or.jp/od2/B/202608/b260803.lzh,2026-10-03T18:30:06.020665+09:00
20260803,19,下関,1,20260803-19-01,3,4917,岩橋裕馬,38,兵庫,53.0,B1,4.52,24.69,4.19,11.11,56,36.36,44,33.9,,10,https://www1.mbrace.or.jp/od2/B/202608/b260803.lzh,2026-10-03T18:30:06.020665+09:00
20260803,19,下関,1,20260803-19-01,4,3614,谷勝幸,53,広島,55.0,B1,4.26,21.9,3.59,9.38,73,29.82,49,41.67,,,https://www1.mbrace.or.jp/od2/B/202608/b260803.lzh,2026-10-03T18:30:06.020665+09:00
20260803,19,下関,1,20260803-19-01,5,3863,海老澤泰,52,東京,57.0,B1,4.3,18.99,4.0,23.08,28,30.91,43,41.38,,7,https://www1.mbrace.or.jp/od2/B/202608/b260803.lzh,2026-10-03T18:30:06.020665+09:00
20260803,19,下関,1,20260803-19-01,6,4186,小川時光,45,埼玉,55.0,B1,3.68,16.22,0.0,0.0,34,25.81,55,45.61,,6,https://www1.mbrace.or.jp/od2/B/202608/b260803.lzh,2026-10-03T18:30:06.020665+09:00
20260803,19,下関,2,20260803-19-02,1,4301,関裕也,43,福岡,54.0,B1,4.6,23.88,4.73,32.5,43,38.33,48,10.71,,11,https://www1.mbrace.or.jp/od2/B/202608/b260803.lzh,2026-10-03T18:30:06.020665+09:00
20260803,19,下関,2,20260803-19-02,2,3647,伊藤雄二,53,埼玉,50.0,B1,3.16,10.23,4.61,32.14,50,28.85,27,32.14,,6,https://www1.mbrace.or.jp/od2/B/202608/b260803.lzh,2026-10-03T18:30:06.020665+09:00
20260803,19,下関,2,20260803-19-02,3,5152,丸山祐也,30,福岡,49.0,B1,3.42,8.11,4.35,20.0,29,36.67,38,39.66,,,https://www1.mbrace.or.jp/od2/B/202608/b260803.lzh,2026-10-03T18:30:06.020665+09:00
20260803,19,下関,2,20260803-19-02,4,3615,横田茂,53,広島,51.0,B1,4.43,29.27,3.0,0.0,39,33.87,21,41.38,,9,https://www1.mbrace.or.jp/od2/B/202608/b260803.lzh,2026-10-03T18:30:06.020665+09:00
20260803,19,下関,2,20260803-19-02,5,3908,重成一人,47,香川,57.0,A1,5.92,39.6,6.85,50.0,15,28.57,39,21.05,,12,https://www1.mbrace.or.jp/od2/B/202608/b260803.lzh,2026-10-03T18:30:06.020665+09:00
20260803,19,下関,2,20260803-19-02,6,3544,豊田訓靖,57,静岡,52.0,B1,3.85,14.29,5.25,25.0,63,41.38,63,39.66,,10,https://www1.mbrace.or.jp/od2/B/202608/b260803.lzh,2026-10-03T18:30:06.020665+09:00
20260803,19,下関,3,20260803-19-03,1,3696,白井友晴,54,埼玉,51.0,B1,4.79,24.39,4.13,12.5,32,22.41,67,44.64,,9,https://www1.mbrace.or.jp/od2/B/202608/b260803.lzh,2026-10-03T18:30:06.020665+09:00
20260803,19,下関,3,20260803-19-03,2,3776,横井健太,51,愛知,58.0,B1,3.45,12.94,4.06,16.67,24,45.16,35,26.79,,8,https://www1.mbrace.or.jp/od2/B/202608/b260803.lzh,2026-10-03T18:30:06.020665+09:00
20260803,19,下関,3,20260803-19-03,3,4346,前田健太,41,福岡,56.0,B1,4.23,27.0,1.71,0.0,41,25.93,70,28.57,,,https://www1.mbrace.or.jp/od2/B/202608/b260803.lzh,2026-10-03T18:30:06.020665+09:00
20260803,19,下関,3,20260803-19-03,4,4437,中田元泰,40,香川,55.0,A2,5.94,45.63,6.75,52.78,16,25.0,42,24.56,,10,https://www1.mbrace.or.jp/od2/B/202608/b260803.lzh,2026-10-03T18:30:06.020665+09:00
20260803,19,下関,3,20260803-19-03,5,3499,市川哲也,57,広島,51.0,A1,5.46,34.41,6.0,43.59,33,33.33,45,29.82,,11,https://www1.mbrace.or.jp/od2/B/202608/b260803.lzh,2026-10-03T18:30:06.020665+09:00
20260803,19,下関,3,20260803-19-03,6,3467,森弘行,57,東京,52.0,B1,3.96,13.04,3.36,12.0,14,32.2,59,37.5,,,https://www1.mbrace.or.jp/od2/B/202608/b260803.lzh,2026-10-03T18:30:06.020665+09:00
20260803,19,下関,4,20260803-19-04,1,3957,大谷直弘,49,愛知,54.0,B1,5.22,31.46,5.45,36.36,58,25.53,61,29.51,,9,https://www1.mbrace.or.jp/od2/B/202608/b260803.lzh,2026-10-03T18:30:06.020665+09:00
20260803,19,下関,4,20260803-19-04,2,3737,上平真二,52,広島,51.0,A1,7.11,51.55,7.45,54.76,42,31.75,30,18.18,,12,https://www1.mbrace.or.jp/od2/B/202608/b260803.lzh,2026-10-03T18:30:06.020665+09:00
20260803,19,下関,4,20260803-19-04,3,3286,坂東満,57,静岡,53.0,B2,3.36,14.55,5.38,37.5,20,30.65,73,36.67,,,https://www1.mbrace.or.jp/od2/B/202608/b260803.lzh,2026-10-03T18:30:06.020665+09:00
20260803,19,下関,4,20260803-19-04,4,3535,渡修平,53,兵庫,51.0,B1,4.44,27.91,5.0,38.1,37,36.36,68,41.07,,8,https://www1.mbrace.or.jp/od2/B/202608/b260803.lzh,2026-10-03T18:30:06.020665+09:00
20260803,19,下関,4,20260803-19-04,5,5375,庄島潤成,22,山口,53.0,B1,2.63,2.44,1.75,0.0,54,27.94,66,28.57,,10,https://www1.mbrace.or.jp/od2/B/202608/b260803.lzh,2026-10-03T18:30:06.020665+09:00
20260803,19,下関,4,20260803-19-04,6,4772,石丸海渡,33,香川,54.0,A1,7.05,55.79,6.4,60.0,70,30.36,12,24.59,,11,https://www1.mbrace.or.jp/od2/B/202608/b260803.lzh,2026-10-03T18:30:06.020665+09:00
20260803,19,下関,5,20260803-19-05,1,4601,森野正弘,41,山口,56.0,A1,6.62,54.55,6.65,48.42,69,35.09,34,33.33,,12,https://www1.mbrace.or.jp/od2/B/202608/b260803.lzh,2026-10-03T18:30:06.020665+09:00
20260803,19,下関,5,20260803-19-05,2,5063,大塚雅治,28,東京,53.0,B1,4.51,20.51,3.59,17.65,11,48.08,33,37.5,,,https://www1.mbrace.or.jp/od2/B/202608/b260803.lzh,2026-10-03T18:30:06.020665+09:00
20260803,19,下関,5,20260803-19-05,3,5115,香川颯太,26,滋賀,51.0,B1,5.65,41.03,6.14,42.86,66,22.41,14,31.67,,,https://www1.mbrace.or.jp/od2/B/202608/b260803.lzh,2026-10-03T18:30:06.020665+09:00
20260803,19,下関,5,20260803-19-05,4,3804,中渡修作,52,福岡,52.0,B1,4.97,29.25,5.86,42.86,25,23.33,64,37.5,,,https://www1.mbrace.or.jp/od2/B/202608/b260803.lzh,2026-10-03T18:30:06.020665+09:00
20260803,19,下関,5,20260803-19-05,5,3430,角浜修,58,広島,55.0,B1,4.34,25.61,4.0,21.21,26,21.43,20,30.51,,,https://www1.mbrace.or.jp/od2/B/202608/b260803.lzh,2026-10-03T18:30:06.020665+09:00
20260803,19,下関,5,20260803-19-05,6,4369,丹下将,40,愛知,57.0,A2,5.7,35.71,6.67,37.5,31,38.98,19,27.87,,11,https://www1.mbrace.or.jp/od2/B/202608/b260803.lzh,2026-10-03T18:30:06.020665+09:00
20260803,19,下関,6,20260803-19-06,1,4485,楠原正剛,40,福岡,55.0,B1,5.01,27.84,2.57,0.0,45,22.81,26,19.23,,,https://www1.mbrace.or.jp/od2/B/202608/b260803.lzh,2026-10-03T18:30:06.020665+09:00
20260803,19,下関,6,20260803-19-06,2,4985,井本昌也,29,山口,51.0,A1,6.69,51.3,6.87,50.71,47,31.58,13,22.64,,12,https://www1.mbrace.or.jp/od2/B/202608/b260803.lzh,2026-10-03T18:30:06.020665+09:00
20260803,19,下関,6,20260803-19-06,3,5120,山本稔太,25,愛知,56.0,B1,4.98,31.67,5.14,35.71,13,27.66,46,30.51,,,https://www1.mbrace.or.jp/od2/B/202608/b260803.lzh,2026-10-03T18:30:06.020665+09:00
20260803,19,下関,6,20260803-19-06,4,4186,小川時光,45,埼玉,55.0,B1,3.68,16.22,0.0,0.0,34,25.81,55,45.61,,1,https://www1.mbrace.or.jp/od2/B/202608/b260803.lzh,2026-10-03T18:30:06.020665+09:00
20260803,19,下関,6,20260803-19-06,5,5050,木下雄介,31,滋賀,51.0,A2,5.85,41.76,7.05,47.62,60,24.0,71,19.61,,10,https://www1.mbrace.or.jp/od2/B/202608/b260803.lzh,2026-10-03T18:30:06.020665+09:00
20260803,19,下関,6,20260803-19-06,6,3647,伊藤雄二,53,埼玉,50.0,B1,3.16,10.23,4.61,32.14,50,28.85,27,32.14,,2,https://www1.mbrace.or.jp/od2/B/202608/b260803.lzh,2026-10-03T18:30:06.020665+09:00
20260803,19,下関,7,20260803-19-07,1,3863,海老澤泰,52,東京,57.0,B1,4.3,18.99,4.0,23.08,28,30.91,43,41.38,,1,https://www1.mbrace.or.jp/od2/B/202608/b260803.lzh,2026-10-03T18:30:06.020665+09:00
20260803,19,下関,7,20260803-19-07,2,3461,渡邊哲也,59,静岡,58.0,B1,2.98,9.62,2.67,0.0,61,31.03,16,17.65,,,https://www1.mbrace.or.jp/od2/B/202608/b260803.lzh,2026-10-03T18:30:06.020665+09:00
20260803,19,下関,7,20260803-19-07,3,5191,飛田江己,25,埼玉,52.0,A1,7.12,55.56,6.35,40.0,35,30.36,62,25.49,,11,https://www1.mbrace.or.jp/od2/B/202608/b260803.lzh,2026-10-03T18:30:06.020665+09:00
20260803,19,下関,7,20260803-19-07,4,3946,赤岩善生,50,愛知,55.0,A1,6.95,50.0,5.78,33.33,38,33.9,58,45.0,,12,https://www1.mbrace.or.jp/od2/B/202608/b260803.lzh,2026-10-03T18:30:06.020665+09:00
20260803,19,下関,7,20260803-19-07,5,4151,下河誉史,44,福岡,56.0,B1,4.59,21.79,5.29,29.27,68,25.42,11,33.93,,,https://www1.mbrace.or.jp/od2/B/202608/b260803.lzh,2026-10-03T18:30:06.020665+09:00
20260803,19,下関,7,20260803-19-07,6,5460,早川理稀,19,滋賀,53.0,B2,1.67,0.0,0.0,0.0,51,31.15,52,24.07,,,https://www1.mbrace.or.jp/od2/B/202608/b260803.lzh,2026-10-03T18:30:06.020665+09:00
20260803,19,下関,8,20260803-19-08,1,3535,渡修平,53,兵庫,51.0,B1,4.44,27.91,5.0,38.1,37,36.36,68,41.07,,4,https://www1.mbrace.or.jp/od2/B/202608/b260803.lzh,2026-10-03T18:30:06.020665+09:00
20260803,19,下関,8,20260803-19-08,2,3875,廣中良一,49,山口,51.0,B1,4.5,24.51,3.76,20.63,55,33.93,15,24.56,,,https://www1.mbrace.or.jp/od2/B/202608/b260803.lzh,2026-10-03T18:30:06.020665+09:00
20260803,19,下関,8,20260803-19-08,3,4637,中田友也,36,埼玉,58.0,A2,5.41,37.93,5.17,37.5,22,30.19,18,21.43,,,https://www1.mbrace.or.jp/od2/B/202608/b260803.lzh,2026-10-03T18:30:06.020665+09:00
20260803,19,下関,8,20260803-19-08,4,4702,三浦敬太,39,東京,51.0,A1,5.7,41.89,7.1,60.0,27,38.6,69,38.6,,12,https://www1.mbrace.or.jp/od2/B/202608/b260803.lzh,2026-10-03T18:30:06.020665+09:00
20260803,19,下関,8,20260803-19-08,5,3776,横井健太,51,愛知,58.0,B1,3.45,12.94,4.06,16.67,24,45.16,35,26.79,,3,https://www1.mbrace.or.jp/od2/B/202608/b260803.lzh,2026-10-03T18:30:06.020665+09:00
20260803,19,下関,8,20260803-19-08,6,4368,山口隆史,40,福岡,55.0,B1,4.41,25.0,4.71,28.57,72,25.0,31,45.65,,1,https://www1.mbrace.or.jp/od2/B/202608/b260803.lzh,2026-10-03T18:30:06.020665+09:00
20260803,19,下関,9,20260803-19-09,1,3582,吉川昭男,53,滋賀,54.0,A2,6.4,50.0,7.57,71.43,44,18.97,40,35.0,,,https://www1.mbrace.or.jp/od2/B/202608/b260803.lzh,2026-10-03T18:30:06.020665+09:00
20260803,19,下関,9,20260803-19-09,2,4263,武重雄介,42,山口,56.0,B1,4.45,26.14,5.57,37.39,64,22.41,72,28.85,,,https://www1.mbrace.or.jp/od2/B/202608/b260803.lzh,2026-10-03T18:30:06.020665+09:00
20260803,19,下関,9,20260803-19-09,3,3957,大谷直弘,49,愛知,54.0,B1,5.22,31.46,5.45,36.36,58,25.53,61,29.51,,4,https://www1.mbrace.or.jp/od2/B/202608/b260803.lzh,2026-10-03T18:30:06.020665+09:00
20260803,19,下関,9,20260803-19-09,4,4079,出畑孝典,47,福岡,54.0,A2,5.85,36.59,6.57,50.0,49,25.86,54,25.93,,,https://www1.mbrace.or.jp/od2/B/202608/b260803.lzh,2026-10-03T18:30:06.020665+09:00
20260803,19,下関,9,20260803-19-09,5,3696,白井友晴,54,埼玉,51.0,B1,4.79,24.39,4.13,12.5,32,22.41,67,44.64,,3,https://www1.mbrace.or.jp/od2/B/202608/b260803.lzh,2026-10-03T18:30:06.020665+09:00
20260803,19,下関,9,20260803-19-09,6,3615,横田茂,53,広島,51.0,B1,4.43,29.27,3.0,0.0,39,33.87,21,41.38,,2,https://www1.mbrace.or.jp/od2/B/202608/b260803.lzh,2026-10-03T18:30:06.020665+09:00
20260803,19,下関,10,20260803-19-10,1,5050,木下雄介,31,滋賀,51.0,A2,5.85,41.76,7.05,47.62,60,24.0,71,19.61,,6,https://www1.mbrace.or.jp/od2/B/202608/b260803.lzh,2026-10-03T18:30:06.020665+09:00
20260803,19,下関,10,20260803-19-10,2,4437,中田元泰,40,香川,55.0,A2,5.94,45.63,6.75,52.78,16,25.0,42,24.56,,3,https://www1.mbrace.or.jp/od2/B/202608/b260803.lzh,2026-10-03T18:30:06.020665+09:00
20260803,19,下関,10,20260803-19-10,3,3544,豊田訓靖,57,静岡,52.0,B1,3.85,14.29,5.25,25.0,63,41.38,63,39.66,,2,https://www1.mbrace.or.jp/od2/B/202608/b260803.lzh,2026-10-03T18:30:06.020665+09:00
20260803,19,下関,10,20260803-19-10,4,4451,松崎祐太,38,福岡,53.0,A2,6.36,47.62,6.0,42.42,65,33.33,25,45.76,,,https://www1.mbrace.or.jp/od2/B/202608/b260803.lzh,2026-10-03T18:30:06.020665+09:00
20260803,19,下関,10,20260803-19-10,5,4917,岩橋裕馬,38,兵庫,53.0,B1,4.52,24.69,4.19,11.11,56,36.36,44,33.9,,1,https://www1.mbrace.or.jp/od2/B/202608/b260803.lzh,2026-10-03T18:30:06.020665+09:00
20260803,19,下関,10,20260803-19-10,6,5375,庄島潤成,22,山口,53.0,B1,2.63,2.44,1.75,0.0,54,27.94,66,28.57,,4,https://www1.mbrace.or.jp/od2/B/202608/b260803.lzh,2026-10-03T18:30:06.020665+09:00
20260803,19,下関,11,20260803-19-11,1,3499,市川哲也,57,広島,51.0,A1,5.46,34.41,6.0,43.59,33,33.33,45,29.82,,3,https://www1.mbrace.or.jp/od2/B/202608/b260803.lzh,2026-10-03T18:30:06.020665+09:00
20260803,19,下関,11,20260803-19-11,2,4369,丹下将,40,愛知,57.0,A2,5.7,35.71,6.67,37.5,31,38.98,19,27.87,,5,https://www1.mbrace.or.jp/od2/B/202608/b260803.lzh,2026-10-03T18:30:06.020665+09:00
20260803,19,下関,11,20260803-19-11,3,4772,石丸海渡,33,香川,54.0,A1,7.05,55.79,6.4,60.0,70,30.36,12,24.59,,4,https://www1.mbrace.or.jp/od2/B/202608/b260803.lzh,2026-10-03T18:30:06.020665+09:00
20260803,19,下関,11,20260803-19-11,4,5000,岡本翔太,31,山口,53.0,B1,4.83,30.3,4.44,22.88,23,19.61,32,25.45,,1,https://www1.mbrace.or.jp/od2/B/202608/b260803.lzh,2026-10-03T18:30:06.020665+09:00
20260803,19,下関,11,20260803-19-11,5,4301,関裕也,43,福岡,54.0,B1,4.6,23.88,4.73,32.5,43,38.33,48,10.71,,2,https://www1.mbrace.or.jp/od2/B/202608/b260803.lzh,2026-10-03T18:30:06.020665+09:00
20260803,19,下関,11,20260803-19-11,6,5191,飛田江己,25,埼玉,52.0,A1,7.12,55.56,6.35,40.0,35,30.36,62,25.49,,7,https://www1.mbrace.or.jp/od2/B/202608/b260803.lzh,2026-10-03T18:30:06.020665+09:00
20260803,19,下関,12,20260803-19-12,1,3946,赤岩善生,50,愛知,55.0,A1,6.95,50.0,5.78,33.33,38,33.9,58,45.0,,7,https://www1.mbrace.or.jp/od2/B/202608/b260803.lzh,2026-10-03T18:30:06.020665+09:00
20260803,19,下関,12,20260803-19-12,2,3908,重成一人,47,香川,57.0,A1,5.92,39.6,6.85,50.0,15,28.57,39,21.05,,2,https://www1.mbrace.or.jp/od2/B/202608/b260803.lzh,2026-10-03T18:30:06.020665+09:00
20260803,19,下関,12,20260803-19-12,3,4601,森野正弘,41,山口,56.0,A1,6.62,54.55,6.65,48.42,69,35.09,34,33.33,,5,https://www1.mbrace.or.jp/od2/B/202608/b260803.lzh,2026-10-03T18:30:06.020665+09:00
20260803,19,下関,12,20260803-19-12,4,3737,上平真二,52,広島,51.0,A1,7.11,51.55,7.45,54.76,42,31.75,30,18.18,,4,https://www1.mbrace.or.jp/od2/B/202608/b260803.lzh,2026-10-03T18:30:06.020665+09:00
20260803,19,下関,12,20260803-19-12,5,4702,三浦敬太,39,東京,51.0,A1,5.7,41.89,7.1,60.0,27,38.6,69,38.6,,8,https://www1.mbrace.or.jp/od2/B/202608/b260803.lzh,2026-10-03T18:30:06.020665+09:00
20260803,19,下関,12,20260803-19-12,6,4985,井本昌也,29,山口,51.0,A1,6.69,51.3,6.87,50.71,47,31.58,13,22.64,,6,https://www1.mbrace.or.jp/od2/B/202608/b260803.lzh,2026-10-03T18:30:06.020665+09:00
20260803,17,宮島,1,20260803-17-01,1,4962,畑竜生,30,三重,53.0,A2,5.3,31.58,6.0,45.0,37,41.71,61,35.32,,11,https://www1.mbrace.or.jp/od2/B/202608/b260803.lzh,2026-10-03T18:30:06.020665+09:00
20260803,17,宮島,1,20260803-17-01,2,4951,新田洋一,32,広島,54.0,B1,5.23,28.4,6.13,45.45,23,33.33,53,32.42,,9,https://www1.mbrace.or.jp/od2/B/202608/b260803.lzh,2026-10-03T18:30:06.020665+09:00
20260803,17,宮島,1,20260803-17-01,3,3370,坪内実,59,大阪,54.0,B1,3.74,17.74,3.5,20.83,62,30.88,20,30.56,,8,https://www1.mbrace.or.jp/od2/B/202608/b260803.lzh,2026-10-03T18:30:06.020665+09:00
20260803,17,宮島,1,20260803-17-01,4,4998,中村かな,32,東京,49.0,B2,4.4,25.0,2.89,11.11,58,42.65,35,37.56,,6,https://www1.mbrace.or.jp/od2/B/202608/b260803.lzh,2026-10-03T18:30:06.020665+09:00
20260803,17,宮島,1,20260803-17-01,5,3455,谷本幸司,55,愛知,52.0,B1,4.87,31.73,4.79,28.57,81,32.07,68,36.23,,7,https://www1.mbrace.or.jp/od2/B/202608/b260803.lzh,2026-10-03T18:30:06.020665+09:00
20260803,17,宮島,1,20260803-17-01,6,5265,大廣咲季,26,香川,46.0,B1,3.78,16.09,0.0,0.0,60,35.51,29,46.12,,10,https://www1.mbrace.or.jp/od2/B/202608/b260803.lzh,2026-10-03T18:30:06.020665+09:00
20260803,17,宮島,2,20260803-17-02,1,4844,村上奈穂,33,広島,50.0,B1,4.13,20.88,4.66,25.97,36,33.49,26,26.71,,10,https://www1.mbrace.or.jp/od2/B/202608/b260803.lzh,2026-10-03T18:30:06.020665+09:00
20260803,17,宮島,2,20260803-17-02,2,3812,山崎聖司,50,東京,52.0,B1,4.02,14.06,4.41,18.52,71,34.43,39,35.32,,11,https://www1.mbrace.or.jp/od2/B/202608/b260803.lzh,2026-10-03T18:30:06.020665+09:00
20260803,17,宮島,2,20260803-17-02,3,3372,加藤雅之,59,広島,52.0,B2,3.07,9.09,4.24,24.36,21,40.49,80,30.54,,,https://www1.mbrace.or.jp/od2/B/202608/b260803.lzh,2026-10-03T18:30:06.020665+09:00
20260803,17,宮島,2,20260803-17-02,4,4103,山崎善庸,47,埼玉,54.0,B1,3.33,5.8,3.17,13.04,66,42.47,75,30.24,,9,https://www1.mbrace.or.jp/od2/B/202608/b260803.lzh,2026-10-03T18:30:06.020665+09:00
20260803,17,宮島,2,20260803-17-02,5,3294,野中義生,60,静岡,52.0,B1,4.24,19.4,4.86,14.29,32,44.06,74,32.61,,8,https://www1.mbrace.or.jp/od2/B/202608/b260803.lzh,2026-10-03T18:30:06.020665+09:00
20260803,17,宮島,2,20260803-17-02,6,5358,増本杏珠,20,福岡,48.0,B2,2.53,5.0,2.14,0.0,61,36.32,50,30.72,,7,https://www1.mbrace.or.jp/od2/B/202608/b260803.lzh,2026-10-03T18:30:06.020665+09:00
20260803,17,宮島,3,20260803-17-03,1,3377,塚田修二,58,東京,54.0,B1,4.71,24.42,3.9,20.0,11,39.6,78,40.2,,,https://www1.mbrace.or.jp/od2/B/202608/b260803.lzh,2026-10-03T18:30:06.020665+09:00
20260803,17,宮島,3,20260803-17-03,2,5160,藤森陸斗,27,福岡,53.0,A2,6.1,42.86,3.69,17.24,30,40.78,79,31.15,,9,https://www1.mbrace.or.jp/od2/B/202608/b260803.lzh,2026-10-03T18:30:06.020665+09:00
20260803,17,宮島,3,20260803-17-03,3,4218,吉川喜継,44,滋賀,51.0,A1,6.39,49.47,5.87,40.0,24,34.76,66,33.16,,12,https://www1.mbrace.or.jp/od2/B/202608/b260803.lzh,2026-10-03T18:30:06.020665+09:00
20260803,17,宮島,3,20260803-17-03,4,4824,松井洪弥,33,三重,53.0,A2,5.84,40.57,6.85,51.06,56,32.49,13,35.52,,8,https://www1.mbrace.or.jp/od2/B/202608/b260803.lzh,2026-10-03T18:30:06.020665+09:00
20260803,17,宮島,3,20260803-17-03,5,4443,津田裕絵,39,山口,51.0,B1,5.59,39.66,5.95,37.5,51,37.44,70,27.27,,10,https://www1.mbrace.or.jp/od2/B/202608/b260803.lzh,2026-10-03T18:30:06.020665+09:00
20260803,17,宮島,3,20260803-17-03,6,4822,百武翔,33,佐賀,52.0,A2,6.13,46.67,5.56,22.22,19,31.15,56,32.37,,11,https://www1.mbrace.or.jp/od2/B/202608/b260803.lzh,2026-10-03T18:30:06.020665+09:00
20260803,17,宮島,4,20260803-17-04,1,4196,田中太一,44,佐賀,54.0,B1,3.84,21.05,0.0,0.0,20,30.1,21,32.86,,9,https://www1.mbrace.or.jp/od2/B/202608/b260803.lzh,2026-10-03T18:30:06.020665+09:00
20260803,17,宮島,4,20260803-17-04,2,4627,藤原菜希,40,東京,49.0,A2,6.43,46.81,6.52,48.15,54,34.95,72,40.72,,10,https://www1.mbrace.or.jp/od2/B/202608/b260803.lzh,2026-10-03T18:30:06.020665+09:00
20260803,17,宮島,4,20260803-17-04,3,4743,木村仁紀,33,滋賀,54.0,A1,6.24,38.93,5.27,26.92,73,29.19,67,34.55,,11,https://www1.mbrace.or.jp/od2/B/202608/b260803.lzh,2026-10-03T18:30:06.020665+09:00
20260803,17,宮島,4,20260803-17-04,4,4572,渡部悟,37,大阪,55.0,B1,5.48,35.92,4.64,25.0,29,33.16,30,27.65,,,https://www1.mbrace.or.jp/od2/B/202608/b260803.lzh,2026-10-03T18:30:06.020665+09:00
20260803,17,宮島,4,20260803-17-04,5,4236,松村敏,42,福岡,55.0,A1,7.26,60.78,0.0,0.0,65,39.62,12,36.46,,12,https://www1.mbrace.or.jp/od2/B/202608/b260803.lzh,2026-10-03T18:30:06.020665+09:00
20260803,17,宮島,4,20260803-17-04,6,5245,倉富大誠,24,愛知,52.0,B1,5.37,35.9,0.0,0.0,80,29.81,58,36.45,,,https://www1.mbrace.or.jp/od2/B/202608/b260803.lzh,2026-10-03T18:30:06.020665+09:00
20260803,17,宮島,5,20260803-17-05,1,4798,浜先真範,33,広島,53.0,A1,6.53,45.45,6.79,48.41,27,30.93,27,38.2,,12,https://www1.mbrace.or.jp/od2/B/202608/b260803.lzh,2026-10-03T18:30:06.020665+09:00
20260803,17,宮島,5,20260803-17-05,2,5014,梶山涼斗,28,佐賀,55.0,B1,4.55,27.69,4.88,23.53,17,41.95,11,27.41,,,https://www1.mbrace.or.jp/od2/B/202608/b260803.lzh,2026-10-03T18:30:06.020665+09:00
20260803,17,宮島,5,20260803-17-05,3,3606,川北浩貴,54,滋賀,52.0,B1,5.74,43.62,4.15,20.0,18,35.0,16,39.42,,,https://www1.mbrace.or.jp/od2/B/202608/b260803.lzh,2026-10-03T18:30:06.020665+09:00
20260803,17,宮島,5,20260803-17-05,4,4286,平田さや,42,東京,47.0,A2,6.06,43.22,5.97,44.83,52,34.11,22,32.87,,10,https://www1.mbrace.or.jp/od2/B/202608/b260803.lzh,2026-10-03T18:30:06.020665+09:00
20260803,17,宮島,5,20260803-17-05,5,5037,田頭虎親,28,香川,52.0,B1,5.73,46.84,5.09,40.63,38,49.07,32,34.76,,,https://www1.mbrace.or.jp/od2/B/202608/b260803.lzh,2026-10-03T18:30:06.020665+09:00
20260803,17,宮島,5,20260803-17-05,6,4296,岡崎恭裕,39,福岡,52.0,A2,5.96,37.04,6.0,40.0,82,31.75,64,29.65,,11,https://www1.mbrace.or.jp/od2/B/202608/b260803.lzh,2026-10-03T18:30:06.020665+09:00
20260803,17,宮島,6,20260803-17-06,1,4358,松本庸平,41,三重,51.0,B1,4.14,27.85,3.63,21.05,70,34.97,31,28.31,,,https://www1.mbrace.or.jp/od2/B/202608/b260803.lzh,2026-10-03T18:30:06.020665+09:00
20260803,17,宮島,6,20260803-17-06,2,5087,佐藤航,26,埼玉,54.0,A1,6.21,49.06,7.1,50.0,72,45.27,19,37.71,,12,https://www1.mbrace.or.jp/od2/B/202608/b260803.lzh,2026-10-03T18:30:06.020665+09:00
20260803,17,宮島,6,20260803-17-06,3,3878,胡本悟志,49,山口,51.0,B1,4.47,21.05,3.71,14.29,34,37.04,76,35.89,,,https://www1.mbrace.or.jp/od2/B/202608/b260803.lzh,2026-10-03T18:30:06.020665+09:00
20260803,17,宮島,6,20260803-17-06,4,4436,渋谷明憲,40,大阪,52.0,A1,6.54,48.75,7.05,70.0,33,34.3,57,35.23,,11,https://www1.mbrace.or.jp/od2/B/202608/b260803.lzh,2026-10-03T18:30:06.020665+09:00
20260803,17,宮島,6,20260803-17-06,5,4376,藤田靖弘,42,静岡,53.0,A2,5.74,42.24,5.77,46.67,39,32.67,71,33.48,,,https://www1.mbrace.or.jp/od2/B/202608/b260803.lzh,2026-10-03T18:30:06.020665+09:00
20260803,17,宮島,6,20260803-17-06,6,4998,中村かな,32,東京,49.0,B2,4.4,25.0,2.89,11.11,58,42.65,35,37.56,,1,https://www1.mbrace.or.jp/od2/B/202608/b260803.lzh,2026-10-03T18:30:06.020665+09:00
20260803,17,宮島,7,20260803-17-07,1,3455,谷本幸司,55,愛知,52.0,B1,4.87,31.73,4.79,28.57,81,32.07,68,36.23,,1,https://www1.mbrace.or.jp/od2/B/202608/b260803.lzh,2026-10-03T18:30:06.020665+09:00
20260803,17,宮島,7,20260803-17-07,2,5043,中村日向,27,香川,53.0,A1,7.28,56.6,6.88,50.0,57,38.73,34,28.13,,12,https://www1.mbrace.or.jp/od2/B/202608/b260803.lzh,2026-10-03T18:30:06.020665+09:00
20260803,17,宮島,7,20260803-17-07,3,5358,増本杏珠,20,福岡,48.0,B2,2.53,5.0,2.14,0.0,61,36.32,50,30.72,,2,https://www1.mbrace.or.jp/od2/B/202608/b260803.lzh,2026-10-03T18:30:06.020665+09:00
20260803,17,宮島,7,20260803-17-07,4,4470,平田健之,39,三重,53.0,A2,6.61,50.59,5.11,42.11,78,29.15,63,37.44,,,https://www1.mbrace.or.jp/od2/B/202608/b260803.lzh,2026-10-03T18:30:06.020665+09:00
20260803,17,宮島,7,20260803-17-07,5,4230,濱崎直矢,43,埼玉,55.0,A2,6.73,50.65,7.82,77.27,16,34.04,24,30.3,,,https://www1.mbrace.or.jp/od2/B/202608/b260803.lzh,2026-10-03T18:30:06.020665+09:00
20260803,17,宮島,7,20260803-17-07,6,4106,坂井康嗣,46,佐賀,52.0,B1,4.15,22.54,4.14,20.69,67,34.93,14,28.73,,,https://www1.mbrace.or.jp/od2/B/202608/b260803.lzh,2026-10-03T18:30:06.020665+09:00
20260803,17,宮島,8,20260803-17-08,1,3294,野中義生,60,静岡,52.0,B1,4.24,19.4,4.86,14.29,32,44.06,74,32.61,,2,https://www1.mbrace.or.jp/od2/B/202608/b260803.lzh,2026-10-03T18:30:06.020665+09:00
20260803,17,宮島,8,20260803-17-08,2,5089,前田翔,26,愛知,51.0,A1,7.06,58.44,6.53,52.63,13,26.9,37,37.32,,12,https://www1.mbrace.or.jp/od2/B/202608/b260803.lzh,2026-10-03T18:30:06.020665+09:00
20260803,17,宮島,8,20260803-17-08,3,3641,一瀬明,55,東京,52.0,A1,6.21,44.55,7.0,60.0,25,38.97,23,33.7,,,https://www1.mbrace.or.jp/od2/B/202608/b260803.lzh,2026-10-03T18:30:06.020665+09:00
20260803,17,宮島,8,20260803-17-08,4,4396,大田直弥,40,山口,54.0,B1,5.11,29.35,3.89,13.89,63,33.33,69,29.79,,,https://www1.mbrace.or.jp/od2/B/202608/b260803.lzh,2026-10-03T18:30:06.020665+09:00
20260803,17,宮島,8,20260803-17-08,5,4824,松井洪弥,33,三重,53.0,A2,5.84,40.57,6.85,51.06,56,32.49,13,35.52,,3,https://www1.mbrace.or.jp/od2/B/202608/b260803.lzh,2026-10-03T18:30:06.020665+09:00
20260803,17,宮島,8,20260803-17-08,6,3370,坪内実,59,大阪,54.0,B1,3.74,17.74,3.5,20.83,62,30.88,20,30.56,,1,https://www1.mbrace.or.jp/od2/B/202608/b260803.lzh,2026-10-03T18:30:06.020665+09:00
20260803,17,宮島,9,20260803-17-09,1,4388,是澤孝宏,41,滋賀,51.0,A2,5.87,41.23,6.4,46.67,15,34.48,51,36.7,,,https://www1.mbrace.or.jp/od2/B/202608/b260803.lzh,2026-10-03T18:30:06.020665+09:00
20260803,17,宮島,9,20260803-17-09,2,4103,山崎善庸,47,埼玉,54.0,B1,3.33,5.8,3.17,13.04,66,42.47,75,30.24,,2,https://www1.mbrace.or.jp/od2/B/202608/b260803.lzh,2026-10-03T18:30:06.020665+09:00
20260803,17,宮島,9,20260803-17-09,3,5160,藤森陸斗,27,福岡,53.0,A2,6.1,42.86,3.69,17.24,30,40.78,79,31.15,,3,https://www1.mbrace.or.jp/od2/B/202608/b260803.lzh,2026-10-03T18:30:06.020665+09:00
20260803,17,宮島,9,20260803-17-09,4,4196,田中太一,44,佐賀,54.0,B1,3.84,21.05,0.0,0.0,20,30.1,21,32.86,,4,https://www1.mbrace.or.jp/od2/B/202608/b260803.lzh,2026-10-03T18:30:06.020665+09:00
20260803,17,宮島,9,20260803-17-09,5,4951,新田洋一,32,広島,54.0,B1,5.23,28.4,6.13,45.45,23,33.33,53,32.42,,1,https://www1.mbrace.or.jp/od2/B/202608/b260803.lzh,2026-10-03T18:30:06.020665+09:00
20260803,17,宮島,9,20260803-17-09,6,3811,石田章央,50,静岡,54.0,A1,6.33,50.43,6.19,41.94,79,34.92,18,36.67,,,https://www1.mbrace.or.jp/od2/B/202608/b260803.lzh,2026-10-03T18:30:06.020665+09:00
20260803,17,宮島,10,20260803-17-10,1,4286,平田さや,42,東京,47.0,A2,6.06,43.22,5.97,44.83,52,34.11,22,32.87,,5,https://www1.mbrace.or.jp/od2/B/202608/b260803.lzh,2026-10-03T18:30:06.020665+09:00
20260803,17,宮島,10,20260803-17-10,2,4443,津田裕絵,39,山口,51.0,B1,5.59,39.66,5.95,37.5,51,37.44,70,27.27,,3,https://www1.mbrace.or.jp/od2/B/202608/b260803.lzh,2026-10-03T18:30:06.020665+09:00
20260803,17,宮島,10,20260803-17-10,3,5265,大廣咲季,26,香川,46.0,B1,3.78,16.09,0.0,0.0,60,35.51,29,46.12,,1,https://www1.mbrace.or.jp/od2/B/202608/b260803.lzh,2026-10-03T18:30:06.020665+09:00
20260803,17,宮島,10,20260803-17-10,4,4844,村上奈穂,33,広島,50.0,B1,4.13,20.88,4.66,25.97,36,33.49,26,26.71,,2,https://www1.mbrace.or.jp/od2/B/202608/b260803.lzh,2026-10-03T18:30:06.020665+09:00
20260803,17,宮島,10,20260803-17-10,5,4627,藤原菜希,40,東京,49.0,A2,6.43,46.81,6.52,48.15,54,34.95,72,40.72,,4,https://www1.mbrace.or.jp/od2/B/202608/b260803.lzh,2026-10-03T18:30:06.020665+09:00
20260803,17,宮島,10,20260803-17-10,6,5435,中西月輝,21,広島,51.0,B2,1.35,0.0,1.37,0.0,55,36.84,65,30.95,,,https://www1.mbrace.or.jp/od2/B/202608/b260803.lzh,2026-10-03T18:30:06.020665+09:00
20260803,17,宮島,11,20260803-17-11,1,4436,渋谷明憲,40,大阪,52.0,A1,6.54,48.75,7.05,70.0,33,34.3,57,35.23,,6,https://www1.mbrace.or.jp/od2/B/202608/b260803.lzh,2026-10-03T18:30:06.020665+09:00
20260803,17,宮島,11,20260803-17-11,2,4296,岡崎恭裕,39,福岡,52.0,A2,5.96,37.04,6.0,40.0,82,31.75,64,29.65,,5,https://www1.mbrace.or.jp/od2/B/202608/b260803.lzh,2026-10-03T18:30:06.020665+09:00
20260803,17,宮島,11,20260803-17-11,3,4822,百武翔,33,佐賀,52.0,A2,6.13,46.67,5.56,22.22,19,31.15,56,32.37,,3,https://www1.mbrace.or.jp/od2/B/202608/b260803.lzh,2026-10-03T18:30:06.020665+09:00
20260803,17,宮島,11,20260803-17-11,4,4962,畑竜生,30,三重,53.0,A2,5.3,31.58,6.0,45.0,37,41.71,61,35.32,,1,https://www1.mbrace.or.jp/od2/B/202608/b260803.lzh,2026-10-03T18:30:06.020665+09:00
20260803,17,宮島,11,20260803-17-11,5,3812,山崎聖司,50,東京,52.0,B1,4.02,14.06,4.41,18.52,71,34.43,39,35.32,,2,https://www1.mbrace.or.jp/od2/B/202608/b260803.lzh,2026-10-03T18:30:06.020665+09:00
20260803,17,宮島,11,20260803-17-11,6,4743,木村仁紀,33,滋賀,54.0,A1,6.24,38.93,5.27,26.92,73,29.19,67,34.55,,4,https://www1.mbrace.or.jp/od2/B/202608/b260803.lzh,2026-10-03T18:30:06.020665+09:00
20260803,17,宮島,12,20260803-17-12,1,4236,松村敏,42,福岡,55.0,A1,7.26,60.78,0.0,0.0,65,39.62,12,36.46,,4,https://www1.mbrace.or.jp/od2/B/202608/b260803.lzh,2026-10-03T18:30:06.020665+09:00
20260803,17,宮島,12,20260803-17-12,2,4218,吉川喜継,44,滋賀,51.0,A1,6.39,49.47,5.87,40.0,24,34.76,66,33.16,,3,https://www1.mbrace.or.jp/od2/B/202608/b260803.lzh,2026-10-03T18:30:06.020665+09:00
20260803,17,宮島,12,20260803-17-12,3,4798,浜先真範,33,広島,53.0,A1,6.53,45.45,6.79,48.41,27,30.93,27,38.2,,5,https://www1.mbrace.or.jp/od2/B/202608/b260803.lzh,2026-10-03T18:30:06.020665+09:00
20260803,17,宮島,12,20260803-17-12,4,5043,中村日向,27,香川,53.0,A1,7.28,56.6,6.88,50.0,57,38.73,34,28.13,,7,https://www1.mbrace.or.jp/od2/B/202608/b260803.lzh,2026-10-03T18:30:06.020665+09:00
20260803,17,宮島,12,20260803-17-12,5,5089,前田翔,26,愛知,51.0,A1,7.06,58.44,6.53,52.63,13,26.9,37,37.32,,8,https://www1.mbrace.or.jp/od2/B/202608/b260803.lzh,2026-10-03T18:30:06.020665+09:00
20260803,17,宮島,12,20260803-17-12,6,5087,佐藤航,26,埼玉,54.0,A1,6.21,49.06,7.1,50.0,72,45.27,19,37.71,,6,https://www1.mbrace.or.jp/od2/B/202608/b260803.lzh,2026-10-03T18:30:06.020665+09:00
20260803,13,尼崎,1,20260803-13-01,1,4229,市川美宏,43,静岡,53.0,B1,4.14,16.87,4.04,16.0,45,39.47,71,41.67,6 544,9,https://www1.mbrace.or.jp/od2/B/202608/b260803.lzh,2026-10-03T18:30:06.020665+09:00
20260803,13,尼崎,1,20260803-13-01,2,5365,石村日奈,25,東京,46.0,B1,2.25,3.9,0.0,0.0,20,27.4,25,31.51,5 154,7,https://www1.mbrace.or.jp/od2/B/202608/b260803.lzh,2026-10-03T18:30:06.020665+09:00
20260803,13,尼崎,1,20260803-13-01,3,3514,山一鉄也,59,福岡,53.0,A2,5.89,40.88,5.71,41.18,7,29.17,59,35.14,2 5223,10,https://www1.mbrace.or.jp/od2/B/202608/b260803.lzh,2026-10-03T18:30:06.020665+09:00
20260803,13,尼崎,1,20260803-13-01,4,4003,表憲一,48,福井,55.0,B1,5.59,35.16,5.55,36.36,29,30.56,20,27.4,5 4335,,https://www1.mbrace.or.jp/od2/B/202608/b260803.lzh,2026-10-03T18:30:06.020665+09:00
20260803,13,尼崎,1,20260803-13-01,5,5130,上野拓馬,28,三重,53.0,B1,4.9,20.51,3.54,3.57,19,25.81,60,32.39,5 466,5,https://www1.mbrace.or.jp/od2/B/202608/b260803.lzh,2026-10-03T18:30:06.020665+09:00
20260803,13,尼崎,1,20260803-13-01,6,5447,岡本亜子,24,岡山,50.0,B2,1.07,0.0,0.0,0.0,42,18.67,14,31.17,6 666,6,https://www1.mbrace.or.jp/od2/B/202608/b260803.lzh,2026-10-03T18:30:06.020665+09:00
20260803,13,尼崎,2,20260803-13-02,1,3471,赤峰和也,56,佐賀,53.0,B1,3.98,20.43,3.65,5.88,41,18.46,57,46.58,3 265,6,https://www1.mbrace.or.jp/od2/B/202608/b260803.lzh,2026-10-03T18:30:06.020665+09:00
20260803,13,尼崎,2,20260803-13-02,2,4831,羽野直也,31,福岡,57.0,A1,7.29,53.68,5.89,27.78,37,34.25,30,36.49,124131,11,https://www1.mbrace.or.jp/od2/B/202608/b260803.lzh,2026-10-03T18:30:06.020665+09:00
20260803,13,尼崎,2,20260803-13-02,3,4900,中田夕貴,33,埼玉,46.0,B1,5.03,25.33,6.0,43.33,28,23.61,27,12.68,163 44,,https://www1.mbrace.or.jp/od2/B/202608/b260803.lzh,2026-10-03T18:30:06.020665+09:00
20260803,13,尼崎,2,20260803-13-02,4,4110,小澤和也,46,埼玉,58.0,B1,4.14,22.22,5.89,33.33,27,25.0,61,30.67,363 5,9,https://www1.mbrace.or.jp/od2/B/202608/b260803.lzh,2026-10-03T18:30:06.020665+09:00
20260803,13,尼崎,2,20260803-13-02,5,4193,郷原章平,44,福岡,51.0,A2,5.84,38.64,5.68,36.0,30,26.39,73,43.24,1 1422,10,https://www1.mbrace.or.jp/od2/B/202608/b260803.lzh,2026-10-03T18:30:06.020665+09:00
20260803,13,尼崎,2,20260803-13-02,6,3873,別府昌樹,50,広島,56.0,B1,4.54,22.22,5.03,30.77,40,39.47,23,27.14,2 562,7,https://www1.mbrace.or.jp/od2/B/202608/b260803.lzh,2026-10-03T18:30:06.020665+09:00
20260803,13,尼崎,3,20260803-13-03,1,5346,中村紋夕,23,愛知,46.0,B1,2.67,1.39,1.47,0.0,49,34.21,48,41.67,5 665,8,https://www1.mbrace.or.jp/od2/B/202608/b260803.lzh,2026-10-03T18:30:06.020665+09:00
20260803,13,尼崎,3,20260803-13-03,2,4057,松井賢治,47,兵庫,52.0,A2,5.91,43.7,6.16,45.21,51,21.79,38,42.47,313 34,11,https://www1.mbrace.or.jp/od2/B/202608/b260803.lzh,2026-10-03T18:30:06.020665+09:00
20260803,13,尼崎,3,20260803-13-03,3,3915,繁野谷圭,52,大阪,52.0,A2,5.88,39.84,5.69,38.89,47,24.29,47,15.07,1 1354,10,https://www1.mbrace.or.jp/od2/B/202608/b260803.lzh,2026-10-03T18:30:06.020665+09:00
20260803,13,尼崎,3,20260803-13-03,4,5211,高井駿弥,27,愛知,48.0,B1,3.98,11.96,4.2,16.67,50,21.69,51,26.39,245 2,9,https://www1.mbrace.or.jp/od2/B/202608/b260803.lzh,2026-10-03T18:30:06.020665+09:00
20260803,13,尼崎,3,20260803-13-03,5,4808,松尾拓,37,三重,51.0,A2,6.03,41.12,6.05,35.0,31,32.88,45,41.43,3 3231,12,https://www1.mbrace.or.jp/od2/B/202608/b260803.lzh,2026-10-03T18:30:06.020665+09:00
20260803,13,尼崎,3,20260803-13-03,6,4871,菊池宏志,34,山口,55.0,B1,4.58,26.88,5.67,33.33,48,34.57,24,34.25,5 455,7,https://www1.mbrace.or.jp/od2/B/202608/b260803.lzh,2026-10-03T18:30:06.020665+09:00
20260803,13,尼崎,4,20260803-13-04,1,5386,米玉利大,20,兵庫,53.0,B1,3.25,11.49,2.2,1.67,24,34.67,54,35.62,6 361,9,https://www1.mbrace.or.jp/od2/B/202608/b260803.lzh,2026-10-03T18:30:06.020665+09:00
20260803,13,尼崎,4,20260803-13-04,2,4678,水野望美,37,愛知,46.0,B1,5.11,30.12,5.69,43.75,58,23.08,58,30.56,462 36,,https://www1.mbrace.or.jp/od2/B/202608/b260803.lzh,2026-10-03T18:30:06.020665+09:00
20260803,13,尼崎,4,20260803-13-04,3,4934,佐々木翔,30,大阪,57.0,A2,5.33,34.0,5.22,28.13,16,43.24,44,30.88,4 1342,12,https://www1.mbrace.or.jp/od2/B/202608/b260803.lzh,2026-10-03T18:30:06.020665+09:00
20260803,13,尼崎,4,20260803-13-04,4,5058,前原大道,29,岡山,52.0,A1,6.54,43.9,7.7,63.33,3,37.84,33,29.87,261113,10,https://www1.mbrace.or.jp/od2/B/202608/b260803.lzh,2026-10-03T18:30:06.020665+09:00
20260803,13,尼崎,4,20260803-13-04,5,4102,益田啓司,47,福岡,53.0,A1,6.44,50.0,6.54,51.22,61,38.36,53,31.17,12152,11,https://www1.mbrace.or.jp/od2/B/202608/b260803.lzh,2026-10-03T18:30:06.020665+09:00
20260803,13,尼崎,4,20260803-13-04,6,5450,藤本遼磨,23,大阪,53.0,B2,1.78,0.0,0.0,0.0,6,22.22,70,29.17,1 5 56,8,https://www1.mbrace.or.jp/od2/B/202608/b260803.lzh,2026-10-03T18:30:06.020665+09:00
20260803,13,尼崎,5,20260803-13-05,1,5017,澤田尚也,27,滋賀,52.0,A1,6.62,49.59,7.79,67.86,46,25.35,63,27.03,312 54,10,https://www1.mbrace.or.jp/od2/B/202608/b260803.lzh,2026-10-03T18:30:06.020665+09:00
20260803,13,尼崎,5,20260803-13-05,2,4925,森悠稀,33,兵庫,53.0,A2,5.75,33.33,5.67,30.91,57,32.0,19,33.33,234 14,12,https://www1.mbrace.or.jp/od2/B/202608/b260803.lzh,2026-10-03T18:30:06.020665+09:00
20260803,13,尼崎,5,20260803-13-05,3,4909,薮内瑞希,30,岡山,44.0,B1,5.02,35.79,7.04,57.14,36,35.62,39,34.72,5 2646,,https://www1.mbrace.or.jp/od2/B/202608/b260803.lzh,2026-10-03T18:30:06.020665+09:00
20260803,13,尼崎,5,20260803-13-05,4,5130,上野拓馬,28,三重,53.0,B1,4.9,20.51,3.54,3.57,19,25.81,60,32.39,5 466,1,https://www1.mbrace.or.jp/od2/B/202608/b260803.lzh,2026-10-03T18:30:06.020665+09:00
20260803,13,尼崎,5,20260803-13-05,5,4809,外崎悟,37,埼玉,52.0,A1,5.73,32.58,5.87,26.67,63,38.96,55,29.17,3 2422,11,https://www1.mbrace.or.jp/od2/B/202608/b260803.lzh,2026-10-03T18:30:06.020665+09:00
20260803,13,尼崎,5,20260803-13-05,6,5472,中川海虹,16,愛知,42.0,B2,1.0,0.0,0.0,0.0,14,32.89,42,37.84,6 6 66,,https://www1.mbrace.or.jp/od2/B/202608/b260803.lzh,2026-10-03T18:30:06.020665+09:00
20260803,13,尼崎,6,20260803-13-06,1,4460,後藤翔之,40,東京,55.0,A2,5.95,40.18,5.24,38.1,60,28.99,16,18.92,24243,11,https://www1.mbrace.or.jp/od2/B/202608/b260803.lzh,2026-10-03T18:30:06.020665+09:00
20260803,13,尼崎,6,20260803-13-06,2,5173,谷口佳蓮,24,香川,47.0,B1,5.27,35.71,4.88,37.5,44,36.25,67,29.11,434 16,,https://www1.mbrace.or.jp/od2/B/202608/b260803.lzh,2026-10-03T18:30:06.020665+09:00
20260803,13,尼崎,6,20260803-13-06,3,3454,井川大作,55,岡山,55.0,B1,5.53,40.0,4.71,28.57,55,43.24,52,30.26,233 13,12,https://www1.mbrace.or.jp/od2/B/202608/b260803.lzh,2026-10-03T18:30:06.020665+09:00
20260803,13,尼崎,6,20260803-13-06,4,4302,西野翔太,43,広島,53.0,A1,6.73,52.42,6.67,52.78,5,33.33,69,25.64,255312,10,https://www1.mbrace.or.jp/od2/B/202608/b260803.lzh,2026-10-03T18:30:06.020665+09:00
20260803,13,尼崎,6,20260803-13-06,5,5447,岡本亜子,24,岡山,50.0,B2,1.07,0.0,0.0,0.0,42,18.67,14,31.17,6 666,1,https://www1.mbrace.or.jp/od2/B/202608/b260803.lzh,2026-10-03T18:30:06.020665+09:00
20260803,13,尼崎,6,20260803-13-06,6,3471,赤峰和也,56,佐賀,53.0,B1,3.98,20.43,3.65,5.88,41,18.46,57,46.58,3 265,2,https://www1.mbrace.or.jp/od2/B/202608/b260803.lzh,2026-10-03T18:30:06.020665+09:00
20260803,13,尼崎,7,20260803-13-07,1,3873,別府昌樹,50,広島,56.0,B1,4.54,22.22,5.03,30.77,40,39.47,23,27.14,2 562,2,https://www1.mbrace.or.jp/od2/B/202608/b260803.lzh,2026-10-03T18:30:06.020665+09:00
20260803,13,尼崎,7,20260803-13-07,2,4360,庄司孝輔,41,静岡,52.0,A2,5.53,31.62,8.17,83.33,21,18.52,66,24.68,412 43,11,https://www1.mbrace.or.jp/od2/B/202608/b260803.lzh,2026-10-03T18:30:06.020665+09:00
20260803,13,尼崎,7,20260803-13-07,3,4013,中島孝平,46,福井,52.0,A1,7.01,47.57,6.86,34.29,39,42.86,50,23.38,212131,12,https://www1.mbrace.or.jp/od2/B/202608/b260803.lzh,2026-10-03T18:30:06.020665+09:00
20260803,13,尼崎,7,20260803-13-07,4,4871,菊池宏志,34,山口,55.0,B1,4.58,26.88,5.67,33.33,48,34.57,24,34.25,5 455,3,https://www1.mbrace.or.jp/od2/B/202608/b260803.lzh,2026-10-03T18:30:06.020665+09:00
20260803,13,尼崎,7,20260803-13-07,5,4330,奈須啓太,42,福岡,53.0,A2,6.13,43.85,0.0,0.0,22,17.57,11,25.71,555 16,,https://www1.mbrace.or.jp/od2/B/202608/b260803.lzh,2026-10-03T18:30:06.020665+09:00
20260803,13,尼崎,7,20260803-13-07,6,5365,石村日奈,25,東京,46.0,B1,2.25,3.9,0.0,0.0,20,27.4,25,31.51,5 154,1,https://www1.mbrace.or.jp/od2/B/202608/b260803.lzh,2026-10-03T18:30:06.020665+09:00
20260803,13,尼崎,8,20260803-13-08,1,4584,村岡賢人,36,岡山,53.0,A1,6.16,39.39,6.63,47.37,2,36.71,15,35.53,42325,12,https://www1.mbrace.or.jp/od2/B/202608/b260803.lzh,2026-10-03T18:30:06.020665+09:00
20260803,13,尼崎,8,20260803-13-08,2,4543,重木輝彦,38,兵庫,53.0,A1,6.68,45.61,6.49,47.2,11,31.17,13,33.77,633161,,https://www1.mbrace.or.jp/od2/B/202608/b260803.lzh,2026-10-03T18:30:06.020665+09:00
20260803,13,尼崎,8,20260803-13-08,3,3993,永井聖美,47,東京,46.0,B1,5.47,32.65,0.0,0.0,10,31.08,65,35.14,5 2155,,https://www1.mbrace.or.jp/od2/B/202608/b260803.lzh,2026-10-03T18:30:06.020665+09:00
20260803,13,尼崎,8,20260803-13-08,4,5450,藤本遼磨,23,大阪,53.0,B2,1.78,0.0,0.0,0.0,6,22.22,70,29.17,1 5 56,4,https://www1.mbrace.or.jp/od2/B/202608/b260803.lzh,2026-10-03T18:30:06.020665+09:00
20260803,13,尼崎,8,20260803-13-08,5,4431,石塚裕介,40,三重,53.0,B1,4.78,30.38,5.43,24.32,56,49.33,32,35.21,151 34,,https://www1.mbrace.or.jp/od2/B/202608/b260803.lzh,2026-10-03T18:30:06.020665+09:00
20260803,13,尼崎,8,20260803-13-08,6,5346,中村紋夕,23,愛知,46.0,B1,2.67,1.39,1.47,0.0,49,34.21,48,41.67,5 665,3,https://www1.mbrace.or.jp/od2/B/202608/b260803.lzh,2026-10-03T18:30:06.020665+09:00
20260803,13,尼崎,9,20260803-13-09,1,4357,田中和也,42,大阪,53.0,A1,6.85,57.69,6.89,53.33,32,37.84,40,22.97,144552,,https://www1.mbrace.or.jp/od2/B/202608/b260803.lzh,2026-10-03T18:30:06.020665+09:00
20260803,13,尼崎,9,20260803-13-09,2,5211,高井駿弥,27,愛知,48.0,B1,3.98,11.96,4.2,16.67,50,21.69,51,26.39,245 2,3,https://www1.mbrace.or.jp/od2/B/202608/b260803.lzh,2026-10-03T18:30:06.020665+09:00
20260803,13,尼崎,9,20260803-13-09,3,5386,米玉利大,20,兵庫,53.0,B1,3.25,11.49,2.2,1.67,24,34.67,54,35.62,6 361,4,https://www1.mbrace.or.jp/od2/B/202608/b260803.lzh,2026-10-03T18:30:06.020665+09:00
20260803,13,尼崎,9,20260803-13-09,4,4718,北川太一,33,佐賀,52.0,A2,6.55,50.57,6.15,29.63,8,33.77,62,26.67,356 21,,https://www1.mbrace.or.jp/od2/B/202608/b260803.lzh,2026-10-03T18:30:06.020665+09:00
20260803,13,尼崎,9,20260803-13-09,5,4110,小澤和也,46,埼玉,58.0,B1,4.14,22.22,5.89,33.33,27,25.0,61,30.67,363 5,2,https://www1.mbrace.or.jp/od2/B/202608/b260803.lzh,2026-10-03T18:30:06.020665+09:00
20260803,13,尼崎,9,20260803-13-09,6,4229,市川美宏,43,静岡,53.0,B1,4.14,16.87,4.04,16.0,45,39.47,71,41.67,6 544,1,https://www1.mbrace.or.jp/od2/B/202608/b260803.lzh,2026-10-03T18:30:06.020665+09:00
20260803,13,尼崎,10,20260803-13-10,1,5058,前原大道,29,岡山,52.0,A1,6.54,43.9,7.7,63.33,3,37.84,33,29.87,261113,4,https://www1.mbrace.or.jp/od2/B/202608/b260803.lzh,2026-10-03T18:30:06.020665+09:00
20260803,13,尼崎,10,20260803-13-10,2,4193,郷原章平,44,福岡,51.0,A2,5.84,38.64,5.68,36.0,30,26.39,73,43.24,1 1422,2,https://www1.mbrace.or.jp/od2/B/202608/b260803.lzh,2026-10-03T18:30:06.020665+09:00
20260803,13,尼崎,10,20260803-13-10,3,4302,西野翔太,43,広島,53.0,A1,6.73,52.42,6.67,52.78,5,33.33,69,25.64,255312,6,https://www1.mbrace.or.jp/od2/B/202608/b260803.lzh,2026-10-03T18:30:06.020665+09:00
20260803,13,尼崎,10,20260803-13-10,4,3915,繁野谷圭,52,大阪,52.0,A2,5.88,39.84,5.69,38.89,47,24.29,47,15.07,1 1354,3,https://www1.mbrace.or.jp/od2/B/202608/b260803.lzh,2026-10-03T18:30:06.020665+09:00
20260803,13,尼崎,10,20260803-13-10,5,3514,山一鉄也,59,福岡,53.0,A2,5.89,40.88,5.71,41.18,7,29.17,59,35.14,2 5223,1,https://www1.mbrace.or.jp/od2/B/202608/b260803.lzh,2026-10-03T18:30:06.020665+09:00
20260803,13,尼崎,10,20260803-13-10,6,5017,澤田尚也,27,滋賀,52.0,A1,6.62,49.59,7.79,67.86,46,25.35,63,27.03,312 54,5,https://www1.mbrace.or.jp/od2/B/202608/b260803.lzh,2026-10-03T18:30:06.020665+09:00
20260803,13,尼崎,11,20260803-13-11,1,4831,羽野直也,31,福岡,57.0,A1,7.29,53.68,5.89,27.78,37,34.25,30,36.49,124131,2,https://www1.mbrace.or.jp/od2/B/202608/b260803.lzh,2026-10-03T18:30:06.020665+09:00
20260803,13,尼崎,11,20260803-13-11,2,4102,益田啓司,47,福岡,53.0,A1,6.44,50.0,6.54,51.22,61,38.36,53,31.17,12152,4,https://www1.mbrace.or.jp/od2/B/202608/b260803.lzh,2026-10-03T18:30:06.020665+09:00
20260803,13,尼崎,11,20260803-13-11,3,4809,外崎悟,37,埼玉,52.0,A1,5.73,32.58,5.87,26.67,63,38.96,55,29.17,3 2422,5,https://www1.mbrace.or.jp/od2/B/202608/b260803.lzh,2026-10-03T18:30:06.020665+09:00
20260803,13,尼崎,11,20260803-13-11,4,4360,庄司孝輔,41,静岡,52.0,A2,5.53,31.62,8.17,83.33,21,18.52,66,24.68,412 43,7,https://www1.mbrace.or.jp/od2/B/202608/b260803.lzh,2026-10-03T18:30:06.020665+09:00
20260803,13,尼崎,11,20260803-13-11,5,4057,松井賢治,47,兵庫,52.0,A2,5.91,43.7,6.16,45.21,51,21.79,38,42.47,313 34,3,https://www1.mbrace.or.jp/od2/B/202608/b260803.lzh,2026-10-03T18:30:06.020665+09:00
20260803,13,尼崎,11,20260803-13-11,6,4460,後藤翔之,40,東京,55.0,A2,5.95,40.18,5.24,38.1,60,28.99,16,18.92,24243,6,https://www1.mbrace.or.jp/od2/B/202608/b260803.lzh,2026-10-03T18:30:06.020665+09:00
20260803,13,尼崎,12,20260803-13-12,1,4013,中島孝平,46,福井,52.0,A1,7.01,47.57,6.86,34.29,39,42.86,50,23.38,212131,7,https://www1.mbrace.or.jp/od2/B/202608/b260803.lzh,2026-10-03T18:30:06.020665+09:00
20260803,13,尼崎,12,20260803-13-12,2,3454,井川大作,55,岡山,55.0,B1,5.53,40.0,4.71,28.57,55,43.24,52,30.26,233 13,6,https://www1.mbrace.or.jp/od2/B/202608/b260803.lzh,2026-10-03T18:30:06.020665+09:00
20260803,13,尼崎,12,20260803-13-12,3,4808,松尾拓,37,三重,51.0,A2,6.03,41.12,6.05,35.0,31,32.88,45,41.43,3 3231,3,https://www1.mbrace.or.jp/od2/B/202608/b260803.lzh,2026-10-03T18:30:06.020665+09:00
20260803,13,尼崎,12,20260803-13-12,4,4934,佐々木翔,30,大阪,57.0,A2,5.33,34.0,5.22,28.13,16,43.24,44,30.88,4 1342,4,https://www1.mbrace.or.jp/od2/B/202608/b260803.lzh,2026-10-03T18:30:06.020665+09:00
20260803,13,尼崎,12,20260803-13-12,5,4925,森悠稀,33,兵庫,53.0,A2,5.75,33.33,5.67,30.91,57,32.0,19,33.33,234 14,5,https://www1.mbrace.or.jp/od2/B/202608/b260803.lzh,2026-10-03T18:30:06.020665+09:00
20260803,13,尼崎,12,20260803-13-12,6,4584,村岡賢人,36,岡山,53.0,A1,6.16,39.39,6.63,47.37,2,36.71,15,35.53,42325,8,https://www1.mbrace.or.jp/od2/B/202608/b260803.lzh,2026-10-03T18:30:06.020665+09:00
20260803,08,常滑,1,20260803-08-01,1,5289,佃來紀,25,大阪,53.0,A2,5.93,42.06,3.74,10.53,50,34.05,25,26.09,232 3 53,12,https://www1.mbrace.or.jp/od2/B/202608/b260803.lzh,2026-10-03T18:30:06.020665+09:00
20260803,08,常滑,1,20260803-08-01,2,5253,藤井太雅,23,東京,53.0,B2,2.55,0.0,2.43,9.52,33,27.38,22,47.83,423 416,7,https://www1.mbrace.or.jp/od2/B/202608/b260803.lzh,2026-10-03T18:30:06.020665+09:00
20260803,08,常滑,1,20260803-08-01,3,5379,廣部大明,22,滋賀,52.0,B1,3.33,7.59,1.79,0.0,4,33.51,52,35.0,664 1 45,,https://www1.mbrace.or.jp/od2/B/202608/b260803.lzh,2026-10-03T18:30:06.020665+09:00
20260803,08,常滑,1,20260803-08-01,4,5404,内田壮,22,山口,54.0,B1,2.02,3.13,0.0,0.0,6,33.15,16,29.63,543 535,9,https://www1.mbrace.or.jp/od2/B/202608/b260803.lzh,2026-10-03T18:30:06.020665+09:00
20260803,08,常滑,1,20260803-08-01,5,5219,森口和紀,25,福岡,53.0,B1,5.06,37.5,4.06,23.53,45,30.54,40,37.93,4 164 44,6,https://www1.mbrace.or.jp/od2/B/202608/b260803.lzh,2026-10-03T18:30:06.020665+09:00
20260803,08,常滑,1,20260803-08-01,6,5364,金子怜央,26,群馬,52.0,B1,2.5,4.08,1.29,0.0,15,29.28,50,55.56,6 535 66,,https://www1.mbrace.or.jp/od2/B/202608/b260803.lzh,2026-10-03T18:30:06.020665+09:00
20260803,08,常滑,2,20260803-08-02,1,5201,村上宗太,23,東京,52.0,B2,5.24,33.33,5.73,45.45,24,33.67,18,47.37,3 363 31,8,https://www1.mbrace.or.jp/od2/B/202608/b260803.lzh,2026-10-03T18:30:06.020665+09:00
20260803,08,常滑,2,20260803-08-02,2,5145,島川海輝,23,山口,55.0,A2,5.95,46.67,6.28,50.0,9,43.01,48,41.67,6 22431,11,https://www1.mbrace.or.jp/od2/B/202608/b260803.lzh,2026-10-03T18:30:06.020665+09:00
20260803,08,常滑,2,20260803-08-02,3,5226,藤田俊祐,24,東京,53.0,B1,5.11,31.11,6.53,41.18,38,31.19,47,32.0,343 313,9,https://www1.mbrace.or.jp/od2/B/202608/b260803.lzh,2026-10-03T18:30:06.020665+09:00
20260803,08,常滑,2,20260803-08-02,4,5352,西岡蒼志,21,香川,54.0,B1,5.27,35.96,4.6,20.0,49,26.29,60,69.57,514 645,,https://www1.mbrace.or.jp/od2/B/202608/b260803.lzh,2026-10-03T18:30:06.020665+09:00
20260803,08,常滑,2,20260803-08-02,5,5243,三馬崇史,25,広島,54.0,B1,5.47,37.04,5.63,37.5,29,34.34,68,22.73,2 234 26,7,https://www1.mbrace.or.jp/od2/B/202608/b260803.lzh,2026-10-03T18:30:06.020665+09:00
20260803,08,常滑,2,20260803-08-02,6,5137,川原涼,26,愛知,54.0,A2,5.2,36.04,5.38,33.33,21,34.55,34,39.13,124 661,8,https://www1.mbrace.or.jp/od2/B/202608/b260803.lzh,2026-10-03T18:30:06.020665+09:00
20260803,08,常滑,3,20260803-08-03,1,5212,西川拓利,27,福岡,54.0,A2,6.28,45.69,5.1,30.0,47,33.33,59,22.22,3124353,10,https://www1.mbrace.or.jp/od2/B/202608/b260803.lzh,2026-10-03T18:30:06.020665+09:00
20260803,08,常滑,3,20260803-08-03,2,5348,小林甘寧,22,広島,54.0,B1,5.19,34.09,0.0,0.0,34,26.19,42,21.05,4 43616,9,https://www1.mbrace.or.jp/od2/B/202608/b260803.lzh,2026-10-03T18:30:06.020665+09:00
20260803,08,常滑,3,20260803-08-03,3,5279,石渡翔一,23,東京,54.0,B1,5.31,35.42,4.24,19.05,60,33.33,75,29.41,1 1414S5,,https://www1.mbrace.or.jp/od2/B/202608/b260803.lzh,2026-10-03T18:30:06.020665+09:00
20260803,08,常滑,3,20260803-08-03,4,5300,横田海人,23,愛知,53.0,B1,2.01,4.21,1.48,1.85,23,29.17,37,36.36,666 566,,https://www1.mbrace.or.jp/od2/B/202608/b260803.lzh,2026-10-03T18:30:06.020665+09:00
20260803,08,常滑,3,20260803-08-03,5,5150,坂本雄紀,31,群馬,53.0,A1,6.42,51.33,5.29,33.33,16,37.06,56,16.67,415 2313,12,https://www1.mbrace.or.jp/od2/B/202608/b260803.lzh,2026-10-03T18:30:06.020665+09:00
20260803,08,常滑,3,20260803-08-03,6,5034,若林義人,28,静岡,55.0,A1,6.59,50.34,5.79,35.71,41,31.98,67,25.0,16145221,10,https://www1.mbrace.or.jp/od2/B/202608/b260803.lzh,2026-10-03T18:30:06.020665+09:00
20260803,08,常滑,4,20260803-08-04,1,5376,吉田一心,22,大阪,51.0,B1,5.1,32.35,2.31,7.69,43,34.08,72,42.86,5 621 42,11,https://www1.mbrace.or.jp/od2/B/202608/b260803.lzh,2026-10-03T18:30:06.020665+09:00
20260803,08,常滑,4,20260803-08-04,2,4983,前田篤哉,29,愛知,52.0,A1,6.95,55.56,6.79,56.25,58,32.83,45,13.64,54252145,9,https://www1.mbrace.or.jp/od2/B/202608/b260803.lzh,2026-10-03T18:30:06.020665+09:00
20260803,08,常滑,4,20260803-08-04,3,5271,杉山太陽,25,福岡,54.0,B1,4.06,17.5,0.0,0.0,46,28.05,27,30.77,3 165 66,,https://www1.mbrace.or.jp/od2/B/202608/b260803.lzh,2026-10-03T18:30:06.020665+09:00
20260803,08,常滑,4,20260803-08-04,4,5394,福西広太,24,埼玉,52.0,B1,2.94,5.94,2.0,0.0,48,22.98,61,21.43,545 344,,https://www1.mbrace.or.jp/od2/B/202608/b260803.lzh,2026-10-03T18:30:06.020665+09:00
20260803,08,常滑,4,20260803-08-04,5,5368,宮崎心之,24,埼玉,52.0,B1,6.0,43.21,4.61,22.22,36,28.65,77,19.23,231 1214,11,https://www1.mbrace.or.jp/od2/B/202608/b260803.lzh,2026-10-03T18:30:06.020665+09:00
20260803,08,常滑,4,20260803-08-04,6,5299,西丸敦基,23,香川,51.0,A2,6.0,42.99,0.0,0.0,54,28.96,69,26.32,2 526 24,9,https://www1.mbrace.or.jp/od2/B/202608/b260803.lzh,2026-10-03T18:30:06.020665+09:00
20260803,08,常滑,5,20260803-08-05,1,5222,津田陸翔,25,広島,52.0,A1,6.09,42.2,6.0,38.46,52,33.33,78,48.28,1 526123,10,https://www1.mbrace.or.jp/od2/B/202608/b260803.lzh,2026-10-03T18:30:06.020665+09:00
20260803,08,常滑,5,20260803-08-05,2,5282,中本大樹,23,福井,54.0,B1,5.51,36.52,2.77,9.09,20,32.81,19,35.29,253 125,12,https://www1.mbrace.or.jp/od2/B/202608/b260803.lzh,2026-10-03T18:30:06.020665+09:00
20260803,08,常滑,5,20260803-08-05,3,5308,藤森拓海,22,福岡,54.0,B1,4.6,24.74,2.14,0.0,37,32.99,29,23.53,234 366,,https://www1.mbrace.or.jp/od2/B/202608/b260803.lzh,2026-10-03T18:30:06.020665+09:00
20260803,08,常滑,5,20260803-08-05,4,5432,安藤瑠希,21,静岡,52.0,B1,2.89,7.14,0.0,0.0,32,30.77,35,35.0,2 665 55,,https://www1.mbrace.or.jp/od2/B/202608/b260803.lzh,2026-10-03T18:30:06.020665+09:00
20260803,08,常滑,5,20260803-08-05,5,5252,荒木颯斗,23,愛知,53.0,A2,5.87,41.54,4.84,30.65,8,34.69,17,15.0,3 422314,10,https://www1.mbrace.or.jp/od2/B/202608/b260803.lzh,2026-10-03T18:30:06.020665+09:00
20260803,08,常滑,5,20260803-08-05,6,5066,鈴木孝明,27,埼玉,54.0,A1,6.73,53.23,5.44,37.5,26,34.0,71,27.78,45312226,11,https://www1.mbrace.or.jp/od2/B/202608/b260803.lzh,2026-10-03T18:30:06.020665+09:00
20260803,08,常滑,6,20260803-08-06,1,5134,大原祥昌,26,広島,54.0,A2,5.59,42.42,5.29,23.53,25,28.06,13,15.38,162 5143,10,https://www1.mbrace.or.jp/od2/B/202608/b260803.lzh,2026-10-03T18:30:06.020665+09:00
20260803,08,常滑,6,20260803-08-06,2,5219,森口和紀,25,福岡,53.0,B1,5.06,37.5,4.06,23.53,45,30.54,40,37.93,4 164 44,1,https://www1.mbrace.or.jp/od2/B/202608/b260803.lzh,2026-10-03T18:30:06.020665+09:00
20260803,08,常滑,6,20260803-08-06,3,5197,中野仁照,24,愛知,54.0,B2,5.94,43.08,5.33,30.68,53,39.79,74,50.0,441 564,,https://www1.mbrace.or.jp/od2/B/202608/b260803.lzh,2026-10-03T18:30:06.020665+09:00
20260803,08,常滑,6,20260803-08-06,4,5288,尾道佳諭,26,埼玉,53.0,B1,4.21,16.67,1.76,3.03,22,31.67,70,12.0,66S 464,,https://www1.mbrace.or.jp/od2/B/202608/b260803.lzh,2026-10-03T18:30:06.020665+09:00
20260803,08,常滑,6,20260803-08-06,5,5228,若林樹蘭,23,東京,53.0,A2,5.4,31.71,6.0,42.31,13,30.98,21,36.0,32131 16,10,https://www1.mbrace.or.jp/od2/B/202608/b260803.lzh,2026-10-03T18:30:06.020665+09:00
20260803,08,常滑,6,20260803-08-06,6,5234,塚越海斗,27,群馬,54.0,A1,6.66,52.94,5.46,42.86,1,34.05,23,35.0,12533412,12,https://www1.mbrace.or.jp/od2/B/202608/b260803.lzh,2026-10-03T18:30:06.020665+09:00
20260803,08,常滑,7,20260803-08-07,1,5135,仲航太,26,東京,54.0,B1,4.6,30.56,4.96,30.43,56,26.67,58,37.93,5 252 12,11,https://www1.mbrace.or.jp/od2/B/202608/b260803.lzh,2026-10-03T18:30:06.020665+09:00
20260803,08,常滑,7,20260803-08-07,2,5243,三馬崇史,25,広島,54.0,B1,5.47,37.04,5.63,37.5,29,34.34,68,22.73,2 234 26,2,https://www1.mbrace.or.jp/od2/B/202608/b260803.lzh,2026-10-03T18:30:06.020665+09:00
20260803,08,常滑,7,20260803-08-07,3,5085,中村栄治,27,福井,52.0,A2,5.51,38.04,4.07,26.67,11,25.56,39,65.0,4 164 53,,https://www1.mbrace.or.jp/od2/B/202608/b260803.lzh,2026-10-03T18:30:06.020665+09:00
20260803,08,常滑,7,20260803-08-07,4,5253,藤井太雅,23,東京,53.0,B2,2.55,0.0,2.43,9.52,33,27.38,22,47.83,423 416,1,https://www1.mbrace.or.jp/od2/B/202608/b260803.lzh,2026-10-03T18:30:06.020665+09:00
20260803,08,常滑,7,20260803-08-07,5,5407,中岡駿,21,香川,52.0,B1,2.47,7.29,0.0,0.0,7,34.9,12,15.79,5 555 53,,https://www1.mbrace.or.jp/od2/B/202608/b260803.lzh,2026-10-03T18:30:06.020665+09:00
20260803,08,常滑,7,20260803-08-07,6,5280,廣瀬凜,23,滋賀,52.0,A1,7.07,53.73,5.12,29.41,5,35.15,30,50.0,13413221,11,https://www1.mbrace.or.jp/od2/B/202608/b260803.lzh,2026-10-03T18:30:06.020665+09:00
20260803,08,常滑,8,20260803-08-08,1,5092,篠原晟弥,25,福岡,52.0,A2,6.12,46.36,3.71,14.29,10,41.0,55,42.11,21355 32,12,https://www1.mbrace.or.jp/od2/B/202608/b260803.lzh,2026-10-03T18:30:06.020665+09:00
20260803,08,常滑,8,20260803-08-08,2,5286,坂井滉哉,27,福岡,49.0,B1,4.71,25.47,4.76,28.0,18,28.82,43,37.5,6 464 32,,https://www1.mbrace.or.jp/od2/B/202608/b260803.lzh,2026-10-03T18:30:06.020665+09:00
20260803,08,常滑,8,20260803-08-08,3,5137,川原涼,26,愛知,54.0,A2,5.2,36.04,5.38,33.33,21,34.55,34,39.13,124 661,2,https://www1.mbrace.or.jp/od2/B/202608/b260803.lzh,2026-10-03T18:30:06.020665+09:00
20260803,08,常滑,8,20260803-08-08,4,5201,村上宗太,23,東京,52.0,B2,5.24,33.33,5.73,45.45,24,33.67,18,47.37,3 363 31,2,https://www1.mbrace.or.jp/od2/B/202608/b260803.lzh,2026-10-03T18:30:06.020665+09:00
20260803,08,常滑,8,20260803-08-08,5,5345,牧村俊輝,23,愛知,53.0,B1,3.23,9.57,1.92,2.0,40,33.51,51,19.23,6 16655,,https://www1.mbrace.or.jp/od2/B/202608/b260803.lzh,2026-10-03T18:30:06.020665+09:00
20260803,08,常滑,8,20260803-08-08,6,5132,中野希一,27,埼玉,51.0,A1,6.74,55.56,5.72,27.78,28,27.75,36,32.0,51412221,12,https://www1.mbrace.or.jp/od2/B/202608/b260803.lzh,2026-10-03T18:30:06.020665+09:00
20260803,08,常滑,9,20260803-08-09,1,5127,沼田大都,29,愛知,50.0,B1,4.63,21.35,4.64,21.92,51,36.27,62,35.71,355 643,,https://www1.mbrace.or.jp/od2/B/202608/b260803.lzh,2026-10-03T18:30:06.020665+09:00
20260803,08,常滑,9,20260803-08-09,2,5226,藤田俊祐,24,東京,53.0,B1,5.11,31.11,6.53,41.18,38,31.19,47,32.0,343 313,2,https://www1.mbrace.or.jp/od2/B/202608/b260803.lzh,2026-10-03T18:30:06.020665+09:00
20260803,08,常滑,9,20260803-08-09,3,5299,西丸敦基,23,香川,51.0,A2,6.0,42.99,0.0,0.0,54,28.96,69,26.32,2 526 24,4,https://www1.mbrace.or.jp/od2/B/202608/b260803.lzh,2026-10-03T18:30:06.020665+09:00
20260803,08,常滑,9,20260803-08-09,4,5348,小林甘寧,22,広島,54.0,B1,5.19,34.09,0.0,0.0,34,26.19,42,21.05,4 43616,3,https://www1.mbrace.or.jp/od2/B/202608/b260803.lzh,2026-10-03T18:30:06.020665+09:00
20260803,08,常滑,9,20260803-08-09,5,5404,内田壮,22,山口,54.0,B1,2.02,3.13,0.0,0.0,6,33.15,16,29.63,543 535,1,https://www1.mbrace.or.jp/od2/B/202608/b260803.lzh,2026-10-03T18:30:06.020665+09:00
20260803,08,常滑,9,20260803-08-09,6,4983,前田篤哉,29,愛知,52.0,A1,6.95,55.56,6.79,56.25,58,32.83,45,13.64,54252145,4,https://www1.mbrace.or.jp/od2/B/202608/b260803.lzh,2026-10-03T18:30:06.020665+09:00
20260803,08,常滑,10,20260803-08-10,1,5228,若林樹蘭,23,東京,53.0,A2,5.4,31.71,6.0,42.31,13,30.98,21,36.0,32131 16,6,https://www1.mbrace.or.jp/od2/B/202608/b260803.lzh,2026-10-03T18:30:06.020665+09:00
20260803,08,常滑,10,20260803-08-10,2,5034,若林義人,28,静岡,55.0,A1,6.59,50.34,5.79,35.71,41,31.98,67,25.0,16145221,3,https://www1.mbrace.or.jp/od2/B/202608/b260803.lzh,2026-10-03T18:30:06.020665+09:00
20260803,08,常滑,10,20260803-08-10,3,5252,荒木颯斗,23,愛知,53.0,A2,5.87,41.54,4.84,30.65,8,34.69,17,15.0,3 422314,5,https://www1.mbrace.or.jp/od2/B/202608/b260803.lzh,2026-10-03T18:30:06.020665+09:00
20260803,08,常滑,10,20260803-08-10,4,5222,津田陸翔,25,広島,52.0,A1,6.09,42.2,6.0,38.46,52,33.33,78,48.28,1 526123,5,https://www1.mbrace.or.jp/od2/B/202608/b260803.lzh,2026-10-03T18:30:06.020665+09:00
20260803,08,常滑,10,20260803-08-10,5,5134,大原祥昌,26,広島,54.0,A2,5.59,42.42,5.29,23.53,25,28.06,13,15.38,162 5143,6,https://www1.mbrace.or.jp/od2/B/202608/b260803.lzh,2026-10-03T18:30:06.020665+09:00
20260803,08,常滑,10,20260803-08-10,6,5212,西川拓利,27,福岡,54.0,A2,6.28,45.69,5.1,30.0,47,33.33,59,22.22,3124353,3,https://www1.mbrace.or.jp/od2/B/202608/b260803.lzh,2026-10-03T18:30:06.020665+09:00
20260803,08,常滑,11,20260803-08-11,1,5368,宮崎心之,24,埼玉,52.0,B1,6.0,43.21,4.61,22.22,36,28.65,77,19.23,231 1214,4,https://www1.mbrace.or.jp/od2/B/202608/b260803.lzh,2026-10-03T18:30:06.020665+09:00
20260803,08,常滑,11,20260803-08-11,2,5280,廣瀬凜,23,滋賀,52.0,A1,7.07,53.73,5.12,29.41,5,35.15,30,50.0,13413221,7,https://www1.mbrace.or.jp/od2/B/202608/b260803.lzh,2026-10-03T18:30:06.020665+09:00
20260803,08,常滑,11,20260803-08-11,3,5066,鈴木孝明,27,埼玉,54.0,A1,6.73,53.23,5.44,37.5,26,34.0,71,27.78,45312226,5,https://www1.mbrace.or.jp/od2/B/202608/b260803.lzh,2026-10-03T18:30:06.020665+09:00
20260803,08,常滑,11,20260803-08-11,4,5135,仲航太,26,東京,54.0,B1,4.6,30.56,4.96,30.43,56,26.67,58,37.93,5 252 12,7,https://www1.mbrace.or.jp/od2/B/202608/b260803.lzh,2026-10-03T18:30:06.020665+09:00
20260803,08,常滑,11,20260803-08-11,5,5145,島川海輝,23,山口,55.0,A2,5.95,46.67,6.28,50.0,9,43.01,48,41.67,6 22431,2,https://www1.mbrace.or.jp/od2/B/202608/b260803.lzh,2026-10-03T18:30:06.020665+09:00
20260803,08,常滑,11,20260803-08-11,6,5376,吉田一心,22,大阪,51.0,B1,5.1,32.35,2.31,7.69,43,34.08,72,42.86,5 621 42,4,https://www1.mbrace.or.jp/od2/B/202608/b260803.lzh,2026-10-03T18:30:06.020665+09:00
20260803,08,常滑,12,20260803-08-12,1,5132,中野希一,27,埼玉,51.0,A1,6.74,55.56,5.72,27.78,28,27.75,36,32.0,51412221,8,https://www1.mbrace.or.jp/od2/B/202608/b260803.lzh,2026-10-03T18:30:06.020665+09:00
20260803,08,常滑,12,20260803-08-12,2,5234,塚越海斗,27,群馬,54.0,A1,6.66,52.94,5.46,42.86,1,34.05,23,35.0,12533412,6,https://www1.mbrace.or.jp/od2/B/202608/b260803.lzh,2026-10-03T18:30:06.020665+09:00
20260803,08,常滑,12,20260803-08-12,3,5150,坂本雄紀,31,群馬,53.0,A1,6.42,51.33,5.29,33.33,16,37.06,56,16.67,415 2313,3,https://www1.mbrace.or.jp/od2/B/202608/b260803.lzh,2026-10-03T18:30:06.020665+09:00
20260803,08,常滑,12,20260803-08-12,4,5092,篠原晟弥,25,福岡,52.0,A2,6.12,46.36,3.71,14.29,10,41.0,55,42.11,21355 32,8,https://www1.mbrace.or.jp/od2/B/202608/b260803.lzh,2026-10-03T18:30:06.020665+09:00
20260803,08,常滑,12,20260803-08-12,5,5282,中本大樹,23,福井,54.0,B1,5.51,36.52,2.77,9.09,20,32.81,19,35.29,253 125,5,https://www1.mbrace.or.jp/od2/B/202608/b260803.lzh,2026-10-03T18:30:06.020665+09:00
20260803,08,常滑,12,20260803-08-12,6,5289,佃來紀,25,大阪,53.0,A2,5.93,42.06,3.74,10.53,50,34.05,25,26.09,232 3 53,1,https://www1.mbrace.or.jp/od2/B/202608/b260803.lzh,2026-10-03T18:30:06.020665+09:00
20260803,06,浜名湖,1,20260803-06-01,1,3990,芹澤克彦,47,静岡,51.0,B1,4.85,25.93,5.29,27.72,28,25.4,70,31.18,3 543,8,https://www1.mbrace.or.jp/od2/B/202608/b260803.lzh,2026-10-03T18:30:06.020665+09:00
20260803,06,浜名湖,1,20260803-06-01,2,3612,馬袋義則,53,兵庫,53.0,A1,7.04,58.99,6.58,54.55,66,31.25,12,38.59,2 4442,11,https://www1.mbrace.or.jp/od2/B/202608/b260803.lzh,2026-10-03T18:30:06.020665+09:00
20260803,06,浜名湖,1,20260803-06-01,3,3713,伊藤誠二,51,愛知,55.0,A1,5.7,44.23,6.64,45.45,63,46.58,30,38.17,4 2364,7,https://www1.mbrace.or.jp/od2/B/202608/b260803.lzh,2026-10-03T18:30:06.020665+09:00
20260803,06,浜名湖,1,20260803-06-01,4,3564,桑原啓,56,福岡,53.0,B1,4.35,26.72,4.73,30.3,51,31.65,27,30.32,665 6,9,https://www1.mbrace.or.jp/od2/B/202608/b260803.lzh,2026-10-03T18:30:06.020665+09:00
20260803,06,浜名湖,1,20260803-06-01,5,3928,林恵祐,50,福岡,61.0,B1,3.8,16.0,4.38,21.43,11,47.37,24,37.63,4 666,6,https://www1.mbrace.or.jp/od2/B/202608/b260803.lzh,2026-10-03T18:30:06.020665+09:00
20260803,06,浜名湖,1,20260803-06-01,6,3934,鋤柄貴俊,49,愛知,53.0,B1,5.05,25.38,4.33,16.67,4,34.85,13,31.32,6 435,10,https://www1.mbrace.or.jp/od2/B/202608/b260803.lzh,2026-10-03T18:30:06.020665+09:00
20260803,06,浜名湖,2,20260803-06-02,1,3870,寺嶋雄,50,福井,52.0,B1,4.5,22.77,4.33,22.22,54,32.39,31,30.6,5 545,8,https://www1.mbrace.or.jp/od2/B/202608/b260803.lzh,2026-10-03T18:30:06.020665+09:00
20260803,06,浜名湖,2,20260803-06-02,2,3988,古川誠之,48,愛知,57.0,A2,6.11,42.52,5.17,33.33,34,39.39,33,32.98,14425,11,https://www1.mbrace.or.jp/od2/B/202608/b260803.lzh,2026-10-03T18:30:06.020665+09:00
20260803,06,浜名湖,2,20260803-06-02,3,4040,廣瀬将亨,47,兵庫,57.0,A2,5.89,40.94,5.58,35.0,62,49.3,50,34.57,1 3131,12,https://www1.mbrace.or.jp/od2/B/202608/b260803.lzh,2026-10-03T18:30:06.020665+09:00
20260803,06,浜名湖,2,20260803-06-02,4,3997,北村征嗣,47,大阪,53.0,A1,6.13,39.44,6.79,54.55,2,36.92,47,33.33,31142,9,https://www1.mbrace.or.jp/od2/B/202608/b260803.lzh,2026-10-03T18:30:06.020665+09:00
20260803,06,浜名湖,2,20260803-06-02,5,3459,中野和裕,59,佐賀,55.0,B1,3.38,11.58,5.0,25.0,46,47.83,66,38.92,5 664,10,https://www1.mbrace.or.jp/od2/B/202608/b260803.lzh,2026-10-03T18:30:06.020665+09:00
20260803,06,浜名湖,2,20260803-06-02,6,3563,堤昇,56,静岡,52.0,B1,5.54,34.15,5.55,37.27,9,27.78,23,33.16,2 5235,,https://www1.mbrace.or.jp/od2/B/202608/b260803.lzh,2026-10-03T18:30:06.020665+09:00
20260803,06,浜名湖,3,20260803-06-03,1,3054,北川幸典,63,広島,54.0,B1,5.64,35.35,0.0,0.0,20,45.95,19,34.24,6 654,8,https://www1.mbrace.or.jp/od2/B/202608/b260803.lzh,2026-10-03T18:30:06.020665+09:00
20260803,06,浜名湖,3,20260803-06-03,2,3744,徳増秀樹,51,静岡,54.0,A1,6.41,45.71,6.65,53.69,7,37.68,67,38.83,21662,9,https://www1.mbrace.or.jp/od2/B/202608/b260803.lzh,2026-10-03T18:30:06.020665+09:00
20260803,06,浜名湖,3,20260803-06-03,3,3541,三嶌誠司,58,香川,53.0,A2,6.32,46.15,6.03,40.0,48,39.47,57,35.87,1363S,10,https://www1.mbrace.or.jp/od2/B/202608/b260803.lzh,2026-10-03T18:30:06.020665+09:00
20260803,06,浜名湖,3,20260803-06-03,4,3690,河合三弘,55,愛知,53.0,B1,4.9,30.39,5.33,36.67,10,41.33,53,34.24,664 65,,https://www1.mbrace.or.jp/od2/B/202608/b260803.lzh,2026-10-03T18:30:06.020665+09:00
20260803,06,浜名湖,3,20260803-06-03,5,4006,小野勇作,48,佐賀,50.0,B1,5.05,29.63,0.0,0.0,1,43.21,37,33.51,2 523,7,https://www1.mbrace.or.jp/od2/B/202608/b260803.lzh,2026-10-03T18:30:06.020665+09:00
20260803,06,浜名湖,3,20260803-06-03,6,3931,黒崎竜也,50,三重,51.0,A2,5.9,39.6,7.57,71.43,14,33.82,58,37.3,516 43,,https://www1.mbrace.or.jp/od2/B/202608/b260803.lzh,2026-10-03T18:30:06.020665+09:00
20260803,06,浜名湖,4,20260803-06-04,1,4061,萩原秀人,47,福井,54.0,A1,7.23,54.69,6.78,38.89,52,33.33,34,35.45,132141,,https://www1.mbrace.or.jp/od2/B/202608/b260803.lzh,2026-10-03T18:30:06.020665+09:00
20260803,06,浜名湖,4,20260803-06-04,2,3718,伊達正利,51,静岡,56.0,B1,4.66,26.04,4.73,27.5,24,32.84,41,31.49,432 45,,https://www1.mbrace.or.jp/od2/B/202608/b260803.lzh,2026-10-03T18:30:06.020665+09:00
20260803,06,浜名湖,4,20260803-06-04,3,3710,吉永泰弘,52,香川,53.0,B1,4.65,23.58,4.95,27.91,59,29.23,69,33.33,2 553,8,https://www1.mbrace.or.jp/od2/B/202608/b260803.lzh,2026-10-03T18:30:06.020665+09:00
20260803,06,浜名湖,4,20260803-06-04,4,4010,越智照浩,46,香川,59.0,B1,4.52,21.35,0.0,0.0,26,48.19,76,37.1,443 53,,https://www1.mbrace.or.jp/od2/B/202608/b260803.lzh,2026-10-03T18:30:06.020665+09:00
20260803,06,浜名湖,4,20260803-06-04,5,3445,加藤高史,56,埼玉,54.0,B1,4.64,20.2,4.67,18.18,37,42.25,44,40.86,6 122,11,https://www1.mbrace.or.jp/od2/B/202608/b260803.lzh,2026-10-03T18:30:06.020665+09:00
20260803,06,浜名湖,4,20260803-06-04,6,3630,黒田誠司,56,静岡,54.0,B1,3.85,17.33,4.58,24.0,3,47.06,32,36.56,2 256,9,https://www1.mbrace.or.jp/od2/B/202608/b260803.lzh,2026-10-03T18:30:06.020665+09:00
20260803,06,浜名湖,5,20260803-06-05,1,4086,寺本重宣,46,東京,50.0,A2,6.1,41.13,5.29,35.71,40,34.62,72,32.79,43142,12,https://www1.mbrace.or.jp/od2/B/202608/b260803.lzh,2026-10-03T18:30:06.020665+09:00
20260803,06,浜名湖,5,20260803-06-05,2,4007,榮田将彦,47,山口,50.0,B1,4.62,24.75,0.0,0.0,17,46.58,46,33.16,231 52,,https://www1.mbrace.or.jp/od2/B/202608/b260803.lzh,2026-10-03T18:30:06.020665+09:00
20260803,06,浜名湖,5,20260803-06-05,3,3742,宮地秀祈,52,福岡,53.0,B1,5.07,32.58,3.88,15.38,19,37.33,29,37.16,532 13,9,https://www1.mbrace.or.jp/od2/B/202608/b260803.lzh,2026-10-03T18:30:06.020665+09:00
20260803,06,浜名湖,5,20260803-06-05,4,4025,山本隆幸,48,兵庫,54.0,A1,7.07,53.57,6.76,52.63,55,45.83,18,37.78,122 11,10,https://www1.mbrace.or.jp/od2/B/202608/b260803.lzh,2026-10-03T18:30:06.020665+09:00
20260803,06,浜名湖,5,20260803-06-05,5,3909,佐々木康,52,静岡,56.0,A1,6.6,48.78,7.06,56.16,6,28.13,21,43.85,352 16,11,https://www1.mbrace.or.jp/od2/B/202608/b260803.lzh,2026-10-03T18:30:06.020665+09:00
20260803,06,浜名湖,5,20260803-06-05,6,3352,小川晃司,58,福岡,51.0,B1,4.19,8.91,4.72,13.79,29,37.14,68,37.37,543 54,,https://www1.mbrace.or.jp/od2/B/202608/b260803.lzh,2026-10-03T18:30:06.020665+09:00
20260803,06,浜名湖,6,20260803-06-06,1,3928,林恵祐,50,福岡,61.0,B1,3.8,16.0,4.38,21.43,11,47.37,24,37.63,4 666,1,https://www1.mbrace.or.jp/od2/B/202608/b260803.lzh,2026-10-03T18:30:06.020665+09:00
20260803,06,浜名湖,6,20260803-06-06,2,3983,須藤博倫,48,埼玉,52.0,A1,6.89,50.39,7.42,63.16,22,41.18,73,31.89,314325,,https://www1.mbrace.or.jp/od2/B/202608/b260803.lzh,2026-10-03T18:30:06.020665+09:00
20260803,06,浜名湖,6,20260803-06-06,3,3882,新田智彰,53,大阪,57.0,B1,4.52,18.0,5.11,32.73,57,30.88,65,35.48,554 61,,https://www1.mbrace.or.jp/od2/B/202608/b260803.lzh,2026-10-03T18:30:06.020665+09:00
20260803,06,浜名湖,6,20260803-06-06,4,3319,山崎義明,59,埼玉,52.0,A2,5.59,37.82,6.47,52.94,8,27.4,60,30.98,1 3334,10,https://www1.mbrace.or.jp/od2/B/202608/b260803.lzh,2026-10-03T18:30:06.020665+09:00
20260803,06,浜名湖,6,20260803-06-06,5,3854,吉川元浩,53,兵庫,51.0,A1,6.89,43.14,6.13,37.5,44,30.88,15,36.41,32111,12,https://www1.mbrace.or.jp/od2/B/202608/b260803.lzh,2026-10-03T18:30:06.020665+09:00
20260803,06,浜名湖,6,20260803-06-06,6,3953,志道吉和,49,福岡,53.0,B2,3.61,21.95,3.56,16.67,38,38.96,71,38.25,5 361,11,https://www1.mbrace.or.jp/od2/B/202608/b260803.lzh,2026-10-03T18:30:06.020665+09:00
20260803,06,浜名湖,7,20260803-06-07,1,3730,塩崎優司,54,愛知,53.0,B1,4.66,29.03,4.75,33.33,49,36.99,51,30.16,465 35,,https://www1.mbrace.or.jp/od2/B/202608/b260803.lzh,2026-10-03T18:30:06.020665+09:00
20260803,06,浜名湖,7,20260803-06-07,2,3956,横澤剛治,49,静岡,55.0,A2,6.15,40.78,6.66,48.89,32,39.24,25,36.9,1 1134,11,https://www1.mbrace.or.jp/od2/B/202608/b260803.lzh,2026-10-03T18:30:06.020665+09:00
20260803,06,浜名湖,7,20260803-06-07,3,3712,淺香文武,51,三重,56.0,B1,4.89,34.0,5.48,42.86,18,30.0,62,36.56,246 26,,https://www1.mbrace.or.jp/od2/B/202608/b260803.lzh,2026-10-03T18:30:06.020665+09:00
20260803,06,浜名湖,7,20260803-06-07,4,3713,伊藤誠二,51,愛知,55.0,A1,5.7,44.23,6.64,45.45,63,46.58,30,38.17,4 2364,1,https://www1.mbrace.or.jp/od2/B/202608/b260803.lzh,2026-10-03T18:30:06.020665+09:00
20260803,06,浜名湖,7,20260803-06-07,5,3940,飯山泰,48,東京,51.0,A1,6.32,47.45,6.91,54.55,45,39.73,45,40.96,662 11,12,https://www1.mbrace.or.jp/od2/B/202608/b260803.lzh,2026-10-03T18:30:06.020665+09:00
20260803,06,浜名湖,7,20260803-06-07,6,4006,小野勇作,48,佐賀,50.0,B1,5.05,29.63,0.0,0.0,1,43.21,37,33.51,2 523,3,https://www1.mbrace.or.jp/od2/B/202608/b260803.lzh,2026-10-03T18:30:06.020665+09:00
20260803,06,浜名湖,8,20260803-06-08,1,3562,山下和彦,57,広島,53.0,A2,6.01,44.36,6.45,54.55,13,37.66,63,34.41,253 21,,https://www1.mbrace.or.jp/od2/B/202608/b260803.lzh,2026-10-03T18:30:06.020665+09:00
20260803,06,浜名湖,8,20260803-06-08,2,3990,芹澤克彦,47,静岡,51.0,B1,4.85,25.93,5.29,27.72,28,25.4,70,31.18,3 543,1,https://www1.mbrace.or.jp/od2/B/202608/b260803.lzh,2026-10-03T18:30:06.020665+09:00
20260803,06,浜名湖,8,20260803-06-08,3,3054,北川幸典,63,広島,54.0,B1,5.64,35.35,0.0,0.0,20,45.95,19,34.24,6 654,3,https://www1.mbrace.or.jp/od2/B/202608/b260803.lzh,2026-10-03T18:30:06.020665+09:00
20260803,06,浜名湖,8,20260803-06-08,4,3984,坂口周,48,三重,53.0,A1,6.28,41.61,6.39,44.44,23,33.82,48,37.43,2 1643,12,https://www1.mbrace.or.jp/od2/B/202608/b260803.lzh,2026-10-03T18:30:06.020665+09:00
20260803,06,浜名湖,8,20260803-06-08,5,3870,寺嶋雄,50,福井,52.0,B1,4.5,22.77,4.33,22.22,54,32.39,31,30.6,5 545,2,https://www1.mbrace.or.jp/od2/B/202608/b260803.lzh,2026-10-03T18:30:06.020665+09:00
20260803,06,浜名湖,8,20260803-06-08,6,3710,吉永泰弘,52,香川,53.0,B1,4.65,23.58,4.95,27.91,59,29.23,69,33.33,2 553,4,https://www1.mbrace.or.jp/od2/B/202608/b260803.lzh,2026-10-03T18:30:06.020665+09:00
20260803,06,浜名湖,9,20260803-06-09,1,4152,深水慎一,46,東京,52.0,A2,5.25,38.14,4.78,30.43,53,30.77,17,38.3,454 26,,https://www1.mbrace.or.jp/od2/B/202608/b260803.lzh,2026-10-03T18:30:06.020665+09:00
20260803,06,浜名湖,9,20260803-06-09,2,3630,黒田誠司,56,静岡,54.0,B1,3.85,17.33,4.58,24.0,3,47.06,32,36.56,2 256,4,https://www1.mbrace.or.jp/od2/B/202608/b260803.lzh,2026-10-03T18:30:06.020665+09:00
20260803,06,浜名湖,9,20260803-06-09,3,3564,桑原啓,56,福岡,53.0,B1,4.35,26.72,4.73,30.3,51,31.65,27,30.32,665 6,1,https://www1.mbrace.or.jp/od2/B/202608/b260803.lzh,2026-10-03T18:30:06.020665+09:00
20260803,06,浜名湖,9,20260803-06-09,4,3742,宮地秀祈,52,福岡,53.0,B1,5.07,32.58,3.88,15.38,19,37.33,29,37.16,532 13,5,https://www1.mbrace.or.jp/od2/B/202608/b260803.lzh,2026-10-03T18:30:06.020665+09:00
20260803,06,浜名湖,9,20260803-06-09,5,3744,徳増秀樹,51,静岡,54.0,A1,6.41,45.71,6.65,53.69,7,37.68,67,38.83,21662,3,https://www1.mbrace.or.jp/od2/B/202608/b260803.lzh,2026-10-03T18:30:06.020665+09:00
20260803,06,浜名湖,9,20260803-06-09,6,3997,北村征嗣,47,大阪,53.0,A1,6.13,39.44,6.79,54.55,2,36.92,47,33.33,31142,2,https://www1.mbrace.or.jp/od2/B/202608/b260803.lzh,2026-10-03T18:30:06.020665+09:00
20260803,06,浜名湖,10,20260803-06-10,1,3319,山崎義明,59,埼玉,52.0,A2,5.59,37.82,6.47,52.94,8,27.4,60,30.98,1 3334,6,https://www1.mbrace.or.jp/od2/B/202608/b260803.lzh,2026-10-03T18:30:06.020665+09:00
20260803,06,浜名湖,10,20260803-06-10,2,3459,中野和裕,59,佐賀,55.0,B1,3.38,11.58,5.0,25.0,46,47.83,66,38.92,5 664,2,https://www1.mbrace.or.jp/od2/B/202608/b260803.lzh,2026-10-03T18:30:06.020665+09:00
20260803,06,浜名湖,10,20260803-06-10,3,4025,山本隆幸,48,兵庫,54.0,A1,7.07,53.57,6.76,52.63,55,45.83,18,37.78,122 11,5,https://www1.mbrace.or.jp/od2/B/202608/b260803.lzh,2026-10-03T18:30:06.020665+09:00
20260803,06,浜名湖,10,20260803-06-10,4,4064,原田篤志,46,山口,51.0,A1,6.36,45.38,5.89,44.44,61,41.56,59,31.58,143522,,https://www1.mbrace.or.jp/od2/B/202608/b260803.lzh,2026-10-03T18:30:06.020665+09:00
20260803,06,浜名湖,10,20260803-06-10,5,3934,鋤柄貴俊,49,愛知,53.0,B1,5.05,25.38,4.33,16.67,4,34.85,13,31.32,6 435,1,https://www1.mbrace.or.jp/od2/B/202608/b260803.lzh,2026-10-03T18:30:06.020665+09:00
20260803,06,浜名湖,10,20260803-06-10,6,3541,三嶌誠司,58,香川,53.0,A2,6.32,46.15,6.03,40.0,48,39.47,57,35.87,1363S,3,https://www1.mbrace.or.jp/od2/B/202608/b260803.lzh,2026-10-03T18:30:06.020665+09:00
20260803,06,浜名湖,11,20260803-06-11,1,3909,佐々木康,52,静岡,56.0,A1,6.6,48.78,7.06,56.16,6,28.13,21,43.85,352 16,5,https://www1.mbrace.or.jp/od2/B/202608/b260803.lzh,2026-10-03T18:30:06.020665+09:00
20260803,06,浜名湖,11,20260803-06-11,2,3953,志道吉和,49,福岡,53.0,B2,3.61,21.95,3.56,16.67,38,38.96,71,38.25,5 361,6,https://www1.mbrace.or.jp/od2/B/202608/b260803.lzh,2026-10-03T18:30:06.020665+09:00
20260803,06,浜名湖,11,20260803-06-11,3,3956,横澤剛治,49,静岡,55.0,A2,6.15,40.78,6.66,48.89,32,39.24,25,36.9,1 1134,7,https://www1.mbrace.or.jp/od2/B/202608/b260803.lzh,2026-10-03T18:30:06.020665+09:00
20260803,06,浜名湖,11,20260803-06-11,4,3612,馬袋義則,53,兵庫,53.0,A1,7.04,58.99,6.58,54.55,66,31.25,12,38.59,2 4442,1,https://www1.mbrace.or.jp/od2/B/202608/b260803.lzh,2026-10-03T18:30:06.020665+09:00
20260803,06,浜名湖,11,20260803-06-11,5,3988,古川誠之,48,愛知,57.0,A2,6.11,42.52,5.17,33.33,34,39.39,33,32.98,14425,2,https://www1.mbrace.or.jp/od2/B/202608/b260803.lzh,2026-10-03T18:30:06.020665+09:00
20260803,06,浜名湖,11,20260803-06-11,6,3445,加藤高史,56,埼玉,54.0,B1,4.64,20.2,4.67,18.18,37,42.25,44,40.86,6 122,4,https://www1.mbrace.or.jp/od2/B/202608/b260803.lzh,2026-10-03T18:30:06.020665+09:00
20260803,06,浜名湖,12,20260803-06-12,1,3854,吉川元浩,53,兵庫,51.0,A1,6.89,43.14,6.13,37.5,44,30.88,15,36.41,32111,6,https://www1.mbrace.or.jp/od2/B/202608/b260803.lzh,2026-10-03T18:30:06.020665+09:00
20260803,06,浜名湖,12,20260803-06-12,2,4086,寺本重宣,46,東京,50.0,A2,6.1,41.13,5.29,35.71,40,34.62,72,32.79,43142,5,https://www1.mbrace.or.jp/od2/B/202608/b260803.lzh,2026-10-03T18:30:06.020665+09:00
20260803,06,浜名湖,12,20260803-06-12,3,3984,坂口周,48,三重,53.0,A1,6.28,41.61,6.39,44.44,23,33.82,48,37.43,2 1643,8,https://www1.mbrace.or.jp/od2/B/202608/b260803.lzh,2026-10-03T18:30:06.020665+09:00
20260803,06,浜名湖,12,20260803-06-12,4,3940,飯山泰,48,東京,51.0,A1,6.32,47.45,6.91,54.55,45,39.73,45,40.96,662 11,7,https://www1.mbrace.or.jp/od2/B/202608/b260803.lzh,2026-10-03T18:30:06.020665+09:00
20260803,06,浜名湖,12,20260803-06-12,5,3998,冨成謙児,47,佐賀,51.0,B1,4.5,28.3,0.0,0.0,5,47.22,35,37.43,351 56,,https://www1.mbrace.or.jp/od2/B/202608/b260803.lzh,2026-10-03T18:30:06.020665+09:00
20260803,06,浜名湖,12,20260803-06-12,6,4040,廣瀬将亨,47,兵庫,57.0,A2,5.89,40.94,5.58,35.0,62,49.3,50,34.57,1 3131,2,https://www1.mbrace.or.jp/od2/B/202608/b260803.lzh,2026-10-03T18:30:06.020665+09:00
20260803,05,多摩川,1,20260803-05-01,1,5360,高木茉白,19,埼玉,48.0,B1,3.33,10.45,1.53,0.0,19,37.1,76,46.38,5 644,9,https://www1.mbrace.or.jp/od2/B/202608/b260803.lzh,2026-10-03T18:30:06.020665+09:00
20260803,05,多摩川,1,20260803-05-01,2,3339,泉具巳,61,兵庫,56.0,B1,4.48,32.99,3.79,20.69,35,18.97,84,20.29,544 4,6,https://www1.mbrace.or.jp/od2/B/202608/b260803.lzh,2026-10-03T18:30:06.020665+09:00
20260803,05,多摩川,1,20260803-05-01,3,4540,相原利章,38,東京,52.0,A2,5.46,34.29,5.7,39.77,25,31.43,80,36.21,2 555,11,https://www1.mbrace.or.jp/od2/B/202608/b260803.lzh,2026-10-03T18:30:06.020665+09:00
20260803,05,多摩川,1,20260803-05-01,4,5383,中村楓,21,三重,52.0,B1,2.19,0.0,2.0,0.0,26,35.09,36,41.79,6 653,10,https://www1.mbrace.or.jp/od2/B/202608/b260803.lzh,2026-10-03T18:30:06.020665+09:00
20260803,05,多摩川,1,20260803-05-01,5,5082,一色凌雅,27,愛知,57.0,B1,5.21,32.5,5.06,36.11,38,24.24,37,34.72,5 1654,,https://www1.mbrace.or.jp/od2/B/202608/b260803.lzh,2026-10-03T18:30:06.020665+09:00
20260803,05,多摩川,1,20260803-05-01,6,4053,芦澤望,48,東京,58.0,A2,5.44,37.23,5.47,34.88,72,32.35,33,36.76,35331,7,https://www1.mbrace.or.jp/od2/B/202608/b260803.lzh,2026-10-03T18:30:06.020665+09:00
20260803,05,多摩川,2,20260803-05-02,1,3850,小川知行,54,群馬,54.0,B1,4.41,25.47,4.97,32.79,32,59.74,81,26.87,564 56,,https://www1.mbrace.or.jp/od2/B/202608/b260803.lzh,2026-10-03T18:30:06.020665+09:00
20260803,05,多摩川,2,20260803-05-02,2,4254,川島圭司,43,滋賀,52.0,A2,5.54,32.2,4.85,30.0,68,24.59,21,31.34,2 254,12,https://www1.mbrace.or.jp/od2/B/202608/b260803.lzh,2026-10-03T18:30:06.020665+09:00
20260803,05,多摩川,2,20260803-05-02,3,4568,廣瀬真也,38,東京,51.0,B1,5.34,29.91,5.37,27.69,47,29.51,55,27.94,1 152,10,https://www1.mbrace.or.jp/od2/B/202608/b260803.lzh,2026-10-03T18:30:06.020665+09:00
20260803,05,多摩川,2,20260803-05-02,4,4095,福来剛,45,東京,51.0,A1,7.01,57.5,7.16,54.69,63,28.57,47,37.1,123 11,11,https://www1.mbrace.or.jp/od2/B/202608/b260803.lzh,2026-10-03T18:30:06.020665+09:00
20260803,05,多摩川,2,20260803-05-02,5,3994,小野桜,47,滋賀,46.0,B1,4.89,26.04,4.73,22.22,39,38.1,23,32.35,2 645,8,https://www1.mbrace.or.jp/od2/B/202608/b260803.lzh,2026-10-03T18:30:06.020665+09:00
20260803,05,多摩川,2,20260803-05-02,6,4306,畔柳俊吾,42,愛知,50.0,B1,4.94,28.42,5.65,32.0,62,26.09,58,21.05,6 645,7,https://www1.mbrace.or.jp/od2/B/202608/b260803.lzh,2026-10-03T18:30:06.020665+09:00
20260803,05,多摩川,3,20260803-05-03,1,4836,大谷健太,37,埼玉,53.0,B1,5.31,31.18,5.02,29.63,43,30.3,44,25.71,4 163,11,https://www1.mbrace.or.jp/od2/B/202608/b260803.lzh,2026-10-03T18:30:06.020665+09:00
20260803,05,多摩川,3,20260803-05-03,2,3659,藤生雄人,51,群馬,56.0,A2,5.73,35.8,5.09,30.23,69,36.36,46,34.85,3 124,9,https://www1.mbrace.or.jp/od2/B/202608/b260803.lzh,2026-10-03T18:30:06.020665+09:00
20260803,05,多摩川,3,20260803-05-03,3,4754,松尾充,37,三重,52.0,A2,6.31,42.14,7.11,57.89,67,34.55,26,45.07,1 2651,10,https://www1.mbrace.or.jp/od2/B/202608/b260803.lzh,2026-10-03T18:30:06.020665+09:00
20260803,05,多摩川,3,20260803-05-03,4,3643,米田隆弘,54,岡山,53.0,B1,5.77,37.86,5.0,25.0,22,23.29,63,20.0,5 456,,https://www1.mbrace.or.jp/od2/B/202608/b260803.lzh,2026-10-03T18:30:06.020665+09:00
20260803,05,多摩川,3,20260803-05-03,5,4728,山口亮,38,東京,54.0,B1,4.01,21.18,4.91,27.59,46,40.0,70,26.87,234 5,8,https://www1.mbrace.or.jp/od2/B/202608/b260803.lzh,2026-10-03T18:30:06.020665+09:00
20260803,05,多摩川,3,20260803-05-03,6,5454,谷島咲希,20,埼玉,48.0,B2,1.7,3.03,0.0,0.0,11,38.1,71,27.78,6 666,7,https://www1.mbrace.or.jp/od2/B/202608/b260803.lzh,2026-10-03T18:30:06.020665+09:00
20260803,05,多摩川,4,20260803-05-04,1,4340,土性雅也,41,三重,54.0,B2,3.85,18.52,0.0,0.0,18,36.51,28,27.78,6 5265,,https://www1.mbrace.or.jp/od2/B/202608/b260803.lzh,2026-10-03T18:30:06.020665+09:00
20260803,05,多摩川,4,20260803-05-04,2,4581,吉村誠,37,静岡,52.0,A1,6.39,49.22,6.02,42.22,53,30.16,68,28.99,4 1343,11,https://www1.mbrace.or.jp/od2/B/202608/b260803.lzh,2026-10-03T18:30:06.020665+09:00
20260803,05,多摩川,4,20260803-05-04,3,4759,今泉友吾,36,東京,52.0,A1,7.01,46.36,7.32,57.97,49,32.39,38,28.57,46311,10,https://www1.mbrace.or.jp/od2/B/202608/b260803.lzh,2026-10-03T18:30:06.020665+09:00
20260803,05,多摩川,4,20260803-05-04,4,4076,杉田篤光,47,静岡,52.0,B1,4.96,29.08,5.0,22.22,33,20.83,27,35.29,243 32,,https://www1.mbrace.or.jp/od2/B/202608/b260803.lzh,2026-10-03T18:30:06.020665+09:00
20260803,05,多摩川,4,20260803-05-04,5,4362,土屋智則,41,群馬,52.0,A1,6.67,46.34,6.56,43.75,29,20.0,49,26.47,3 3223,9,https://www1.mbrace.or.jp/od2/B/202608/b260803.lzh,2026-10-03T18:30:06.020665+09:00
20260803,05,多摩川,4,20260803-05-04,6,4548,篠木亜衣,38,三重,50.0,B1,2.31,2.86,2.44,0.0,71,38.57,61,36.76,435 66,,https://www1.mbrace.or.jp/od2/B/202608/b260803.lzh,2026-10-03T18:30:06.020665+09:00
20260803,05,多摩川,5,20260803-05-05,1,4356,長岡良也,42,兵庫,53.0,A2,5.42,36.84,6.6,42.86,65,35.48,72,34.92,345 22,10,https://www1.mbrace.or.jp/od2/B/202608/b260803.lzh,2026-10-03T18:30:06.020665+09:00
20260803,05,多摩川,5,20260803-05-05,2,5004,河野主樹,30,大阪,52.0,A2,5.92,40.77,5.05,35.0,30,32.26,35,33.8,513 13,,https://www1.mbrace.or.jp/od2/B/202608/b260803.lzh,2026-10-03T18:30:06.020665+09:00
20260803,05,多摩川,5,20260803-05-05,3,4518,大須賀友,39,愛知,52.0,A1,6.8,53.92,5.43,42.86,70,32.31,39,20.31,51352,12,https://www1.mbrace.or.jp/od2/B/202608/b260803.lzh,2026-10-03T18:30:06.020665+09:00
20260803,05,多摩川,5,20260803-05-05,4,4526,池田雄祐,38,愛知,52.0,A2,5.49,38.57,4.0,25.0,14,51.47,45,37.31,4 4155,11,https://www1.mbrace.or.jp/od2/B/202608/b260803.lzh,2026-10-03T18:30:06.020665+09:00
20260803,05,多摩川,5,20260803-05-05,5,5153,佐藤ほの,30,東京,47.0,B1,3.95,17.89,4.17,16.67,15,16.67,29,50.0,356 66,,https://www1.mbrace.or.jp/od2/B/202608/b260803.lzh,2026-10-03T18:30:06.020665+09:00
20260803,05,多摩川,5,20260803-05-05,6,4119,泥谷一毅,45,大阪,52.0,B1,5.88,36.28,5.78,35.29,23,37.5,25,34.55,132 1,9,https://www1.mbrace.or.jp/od2/B/202608/b260803.lzh,2026-10-03T18:30:06.020665+09:00
20260803,05,多摩川,6,20260803-05-06,1,3256,三角哲男,59,東京,51.0,A1,6.25,47.54,6.68,53.04,37,40.91,79,42.03,255321,,https://www1.mbrace.or.jp/od2/B/202608/b260803.lzh,2026-10-03T18:30:06.020665+09:00
20260803,05,多摩川,6,20260803-05-06,2,4084,杉山正樹,46,愛知,56.0,A1,6.31,40.71,7.22,44.44,73,13.56,40,27.14,4 4112,10,https://www1.mbrace.or.jp/od2/B/202608/b260803.lzh,2026-10-03T18:30:06.020665+09:00
20260803,05,多摩川,6,20260803-05-06,3,4389,伊藤喜智,40,大阪,53.0,A2,5.61,31.37,4.75,21.43,24,17.91,64,39.13,2 532,12,https://www1.mbrace.or.jp/od2/B/202608/b260803.lzh,2026-10-03T18:30:06.020665+09:00
20260803,05,多摩川,6,20260803-05-06,4,4384,鶴本崇文,41,大阪,53.0,A1,5.9,39.81,5.77,35.9,27,40.28,82,30.3,32226,11,https://www1.mbrace.or.jp/od2/B/202608/b260803.lzh,2026-10-03T18:30:06.020665+09:00
20260803,05,多摩川,6,20260803-05-06,5,3339,泉具巳,61,兵庫,56.0,B1,4.48,32.99,3.79,20.69,35,18.97,84,20.29,544 4,1,https://www1.mbrace.or.jp/od2/B/202608/b260803.lzh,2026-10-03T18:30:06.020665+09:00
20260803,05,多摩川,6,20260803-05-06,6,5230,石原凪紗,22,愛知,46.0,B1,4.92,33.86,3.86,10.81,66,36.21,31,31.88,651 45,,https://www1.mbrace.or.jp/od2/B/202608/b260803.lzh,2026-10-03T18:30:06.020665+09:00
20260803,05,多摩川,7,20260803-05-07,1,3436,柏野幸二,57,岡山,50.0,A2,6.02,37.93,5.26,26.09,48,18.33,43,22.22,162 24,,https://www1.mbrace.or.jp/od2/B/202608/b260803.lzh,2026-10-03T18:30:06.020665+09:00
20260803,05,多摩川,7,20260803-05-07,2,4053,芦澤望,48,東京,58.0,A2,5.44,37.23,5.47,34.88,72,32.35,62,37.33,35331,1,https://www1.mbrace.or.jp/od2/B/202608/b260803.lzh,2026-10-03T18:30:06.020665+09:00
20260803,05,多摩川,7,20260803-05-07,3,4444,桐生順平,39,埼玉,52.0,A1,7.02,37.5,7.64,36.0,16,23.61,66,50.0,112 33,12,https://www1.mbrace.or.jp/od2/B/202608/b260803.lzh,2026-10-03T18:30:06.020665+09:00
20260803,05,多摩川,7,20260803-05-07,4,4306,畔柳俊吾,42,愛知,50.0,B1,4.94,28.42,5.65,32.0,62,26.09,58,21.05,6 645,2,https://www1.mbrace.or.jp/od2/B/202608/b260803.lzh,2026-10-03T18:30:06.020665+09:00
20260803,05,多摩川,7,20260803-05-07,5,5434,藤田康生,21,静岡,51.0,B1,3.31,10.67,0.0,0.0,60,29.23,83,40.0,243 1S,,https://www1.mbrace.or.jp/od2/B/202608/b260803.lzh,2026-10-03T18:30:06.020665+09:00
20260803,05,多摩川,7,20260803-05-07,6,5454,谷島咲希,20,埼玉,48.0,B2,1.7,3.03,0.0,0.0,11,38.1,71,27.78,6 666,3,https://www1.mbrace.or.jp/od2/B/202608/b260803.lzh,2026-10-03T18:30:06.020665+09:00
20260803,05,多摩川,8,20260803-05-08,1,4228,吉田慎二,43,愛知,57.0,A2,6.2,47.15,5.74,44.44,55,40.54,30,37.1,331 32,12,https://www1.mbrace.or.jp/od2/B/202608/b260803.lzh,2026-10-03T18:30:06.020665+09:00
20260803,05,多摩川,8,20260803-05-08,2,5216,長谷川晴,26,群馬,54.0,A1,6.15,39.86,5.08,33.33,45,40.28,41,23.88,654414,,https://www1.mbrace.or.jp/od2/B/202608/b260803.lzh,2026-10-03T18:30:06.020665+09:00
20260803,05,多摩川,8,20260803-05-08,3,3994,小野桜,47,滋賀,46.0,B1,4.89,26.04,4.73,22.22,39,38.1,23,32.35,2 645,2,https://www1.mbrace.or.jp/od2/B/202608/b260803.lzh,2026-10-03T18:30:06.020665+09:00
20260803,05,多摩川,8,20260803-05-08,4,4728,山口亮,38,東京,54.0,B1,4.01,21.18,4.91,27.59,46,40.0,70,26.87,234 5,3,https://www1.mbrace.or.jp/od2/B/202608/b260803.lzh,2026-10-03T18:30:06.020665+09:00
20260803,05,多摩川,8,20260803-05-08,5,5232,樅山拓馬,28,愛知,52.0,B1,5.18,28.09,3.65,18.92,61,32.81,59,31.88,1 4135,,https://www1.mbrace.or.jp/od2/B/202608/b260803.lzh,2026-10-03T18:30:06.020665+09:00
20260803,05,多摩川,8,20260803-05-08,6,4182,吉田和仁,42,滋賀,56.0,B1,4.86,28.57,3.13,6.25,54,44.44,32,36.76,226 32,,https://www1.mbrace.or.jp/od2/B/202608/b260803.lzh,2026-10-03T18:30:06.020665+09:00
20260803,05,多摩川,9,20260803-05-09,1,4362,土屋智則,41,群馬,52.0,A1,6.67,46.34,6.56,43.75,29,20.0,49,26.47,3 3223,4,https://www1.mbrace.or.jp/od2/B/202608/b260803.lzh,2026-10-03T18:30:06.020665+09:00
20260803,05,多摩川,9,20260803-05-09,2,4834,浜本裕己,38,大阪,52.0,A2,5.63,38.51,5.3,30.43,74,35.21,74,30.56,311 44,,https://www1.mbrace.or.jp/od2/B/202608/b260803.lzh,2026-10-03T18:30:06.020665+09:00
20260803,05,多摩川,9,20260803-05-09,3,3306,武田正紀,58,埼玉,55.0,B1,4.07,18.95,4.27,17.07,17,44.0,34,22.06,462 16,,https://www1.mbrace.or.jp/od2/B/202608/b260803.lzh,2026-10-03T18:30:06.020665+09:00
20260803,05,多摩川,9,20260803-05-09,4,5360,高木茉白,19,埼玉,48.0,B1,3.33,10.45,1.53,0.0,19,37.1,76,46.38,5 644,1,https://www1.mbrace.or.jp/od2/B/202608/b260803.lzh,2026-10-03T18:30:06.020665+09:00
20260803,05,多摩川,9,20260803-05-09,5,4119,泥谷一毅,45,大阪,52.0,B1,5.88,36.28,5.78,35.29,23,37.5,25,34.55,132 1,5,https://www1.mbrace.or.jp/od2/B/202608/b260803.lzh,2026-10-03T18:30:06.020665+09:00
20260803,05,多摩川,9,20260803-05-09,6,3659,藤生雄人,51,群馬,56.0,A2,5.73,35.8,5.09,30.23,69,36.36,46,34.85,3 124,3,https://www1.mbrace.or.jp/od2/B/202608/b260803.lzh,2026-10-03T18:30:06.020665+09:00
20260803,05,多摩川,10,20260803-05-10,1,4084,杉山正樹,46,愛知,56.0,A1,6.31,40.71,7.22,44.44,73,13.56,40,27.14,4 4112,6,https://www1.mbrace.or.jp/od2/B/202608/b260803.lzh,2026-10-03T18:30:06.020665+09:00
20260803,05,多摩川,10,20260803-05-10,2,4754,松尾充,37,三重,52.0,A2,6.31,42.14,7.11,57.89,67,34.55,26,45.07,1 2651,3,https://www1.mbrace.or.jp/od2/B/202608/b260803.lzh,2026-10-03T18:30:06.020665+09:00
20260803,05,多摩川,10,20260803-05-10,3,4356,長岡良也,42,兵庫,53.0,A2,5.42,36.84,6.6,42.86,65,35.48,72,34.92,345 22,5,https://www1.mbrace.or.jp/od2/B/202608/b260803.lzh,2026-10-03T18:30:06.020665+09:00
20260803,05,多摩川,10,20260803-05-10,4,4568,廣瀬真也,38,東京,51.0,B1,5.34,29.91,5.37,27.69,47,29.51,55,27.94,1 152,2,https://www1.mbrace.or.jp/od2/B/202608/b260803.lzh,2026-10-03T18:30:06.020665+09:00
20260803,05,多摩川,10,20260803-05-10,5,4759,今泉友吾,36,東京,52.0,A1,7.01,46.36,7.32,57.97,49,32.39,38,28.57,46311,4,https://www1.mbrace.or.jp/od2/B/202608/b260803.lzh,2026-10-03T18:30:06.020665+09:00
20260803,05,多摩川,10,20260803-05-10,6,5383,中村楓,21,三重,52.0,B1,2.19,0.0,2.0,0.0,26,35.09,36,41.79,6 653,1,https://www1.mbrace.or.jp/od2/B/202608/b260803.lzh,2026-10-03T18:30:06.020665+09:00
20260803,05,多摩川,11,20260803-05-11,1,4095,福来剛,45,東京,51.0,A1,7.01,57.5,7.16,54.69,63,28.57,47,37.1,123 11,2,https://www1.mbrace.or.jp/od2/B/202608/b260803.lzh,2026-10-03T18:30:06.020665+09:00
20260803,05,多摩川,11,20260803-05-11,2,4384,鶴本崇文,41,大阪,53.0,A1,5.9,39.81,5.77,35.9,27,40.28,82,30.3,32226,6,https://www1.mbrace.or.jp/od2/B/202608/b260803.lzh,2026-10-03T18:30:06.020665+09:00
20260803,05,多摩川,11,20260803-05-11,3,4526,池田雄祐,38,愛知,52.0,A2,5.49,38.57,4.0,25.0,14,51.47,45,37.31,4 4155,5,https://www1.mbrace.or.jp/od2/B/202608/b260803.lzh,2026-10-03T18:30:06.020665+09:00
20260803,05,多摩川,11,20260803-05-11,4,4836,大谷健太,37,埼玉,53.0,B1,5.31,31.18,5.02,29.63,43,30.3,44,25.71,4 163,3,https://www1.mbrace.or.jp/od2/B/202608/b260803.lzh,2026-10-03T18:30:06.020665+09:00
20260803,05,多摩川,11,20260803-05-11,5,4540,相原利章,38,東京,52.0,A2,5.46,34.29,5.7,39.77,25,31.43,80,36.21,2 555,1,https://www1.mbrace.or.jp/od2/B/202608/b260803.lzh,2026-10-03T18:30:06.020665+09:00
20260803,05,多摩川,11,20260803-05-11,6,4581,吉村誠,37,静岡,52.0,A1,6.39,49.22,6.02,42.22,53,30.16,68,28.99,4 1343,4,https://www1.mbrace.or.jp/od2/B/202608/b260803.lzh,2026-10-03T18:30:06.020665+09:00
20260803,05,多摩川,12,20260803-05-12,1,4444,桐生順平,39,埼玉,52.0,A1,7.02,37.5,7.64,36.0,16,23.61,66,50.0,112 33,7,https://www1.mbrace.or.jp/od2/B/202608/b260803.lzh,2026-10-03T18:30:06.020665+09:00
20260803,05,多摩川,12,20260803-05-12,2,4389,伊藤喜智,40,大阪,53.0,A2,5.61,31.37,4.75,21.43,24,17.91,64,39.13,2 532,6,https://www1.mbrace.or.jp/od2/B/202608/b260803.lzh,2026-10-03T18:30:06.020665+09:00
20260803,05,多摩川,12,20260803-05-12,3,4228,吉田慎二,43,愛知,57.0,A2,6.2,47.15,5.74,44.44,55,40.54,30,37.1,331 32,8,https://www1.mbrace.or.jp/od2/B/202608/b260803.lzh,2026-10-03T18:30:06.020665+09:00
20260803,05,多摩川,12,20260803-05-12,4,4254,川島圭司,43,滋賀,52.0,A2,5.54,32.2,4.85,30.0,68,24.59,21,31.34,2 254,2,https://www1.mbrace.or.jp/od2/B/202608/b260803.lzh,2026-10-03T18:30:06.020665+09:00
20260803,05,多摩川,12,20260803-05-12,5,5057,上田紗奈,30,大阪,46.0,B1,5.86,44.76,5.8,40.0,13,28.57,54,29.85,142 36,,https://www1.mbrace.or.jp/od2/B/202608/b260803.lzh,2026-10-03T18:30:06.020665+09:00
20260803,05,多摩川,12,20260803-05-12,6,4518,大須賀友,39,愛知,52.0,A1,6.8,53.92,5.43,42.86,70,32.31,39,20.31,51352,5,https://www1.mbrace.or.jp/od2/B/202608/b260803.lzh,2026-10-03T18:30:06.020665+09:00
20260803,04,平和島,1,20260803-04-01,1,3664,鈴木賢一,56,埼玉,54.0,B1,4.77,32.86,4.92,38.89,27,41.67,59,28.13,,6,https://www1.mbrace.or.jp/od2/B/202608/b260803.lzh,2026-10-03T18:30:06.020665+09:00
20260803,04,平和島,1,20260803-04-01,2,3161,古場輝義,66,大阪,53.0,B1,5.03,30.99,4.89,29.73,17,38.24,39,41.18,,7,https://www1.mbrace.or.jp/od2/B/202608/b260803.lzh,2026-10-03T18:30:06.020665+09:00
20260803,04,平和島,1,20260803-04-01,3,4113,木村浩士,46,群馬,56.0,B1,4.57,24.69,4.95,34.21,58,45.71,66,12.9,,8,https://www1.mbrace.or.jp/od2/B/202608/b260803.lzh,2026-10-03T18:30:06.020665+09:00
20260803,04,平和島,1,20260803-04-01,4,4033,伊藤将吉,47,静岡,53.0,A2,6.08,48.11,5.82,45.45,61,43.59,29,40.74,,11,https://www1.mbrace.or.jp/od2/B/202608/b260803.lzh,2026-10-03T18:30:06.020665+09:00
20260803,04,平和島,1,20260803-04-01,5,4863,三浦裕貴,37,東京,56.0,B1,4.7,22.95,4.44,23.26,64,40.91,55,45.71,,,https://www1.mbrace.or.jp/od2/B/202608/b260803.lzh,2026-10-03T18:30:06.020665+09:00
20260803,04,平和島,1,20260803-04-01,6,4471,新田泰章,39,広島,52.0,A1,6.18,43.55,6.14,42.86,21,38.24,52,51.52,,10,https://www1.mbrace.or.jp/od2/B/202608/b260803.lzh,2026-10-03T18:30:06.020665+09:00
20260803,04,平和島,2,20260803-04-02,1,4397,西村拓也,39,大阪,53.0,A1,7.39,59.65,6.3,46.67,68,34.21,57,50.0,,12,https://www1.mbrace.or.jp/od2/B/202608/b260803.lzh,2026-10-03T18:30:06.020665+09:00
20260803,04,平和島,2,20260803-04-02,2,4684,楠原翔太,35,福岡,55.0,B1,5.16,28.7,4.27,16.67,65,28.57,22,25.93,,8,https://www1.mbrace.or.jp/od2/B/202608/b260803.lzh,2026-10-03T18:30:06.020665+09:00
20260803,04,平和島,2,20260803-04-02,3,3912,川原正明,52,福井,51.0,B1,5.94,43.27,5.9,40.0,37,29.41,51,41.67,,11,https://www1.mbrace.or.jp/od2/B/202608/b260803.lzh,2026-10-03T18:30:06.020665+09:00
20260803,04,平和島,2,20260803-04-02,4,4177,萬正嗣,43,群馬,59.0,B1,4.37,26.58,5.24,30.3,67,25.0,25,65.38,,,https://www1.mbrace.or.jp/od2/B/202608/b260803.lzh,2026-10-03T18:30:06.020665+09:00
20260803,04,平和島,2,20260803-04-02,5,4128,川口貴久,46,東京,56.0,B1,5.34,33.82,3.38,19.23,15,28.13,44,37.5,,9,https://www1.mbrace.or.jp/od2/B/202608/b260803.lzh,2026-10-03T18:30:06.020665+09:00
20260803,04,平和島,2,20260803-04-02,6,4583,古田祐貴,36,香川,52.0,B1,5.46,35.11,5.0,40.0,62,47.62,64,20.0,,7,https://www1.mbrace.or.jp/od2/B/202608/b260803.lzh,2026-10-03T18:30:06.020665+09:00
20260803,04,平和島,3,20260803-04-03,1,4631,新井英孝,39,大阪,52.0,B1,5.21,36.11,4.88,25.0,55,34.29,56,23.08,,8,https://www1.mbrace.or.jp/od2/B/202608/b260803.lzh,2026-10-03T18:30:06.020665+09:00
20260803,04,平和島,3,20260803-04-03,2,3226,浦田信義,60,東京,51.0,B1,4.31,17.57,4.94,30.0,73,39.39,30,37.04,,10,https://www1.mbrace.or.jp/od2/B/202608/b260803.lzh,2026-10-03T18:30:06.020665+09:00
20260803,04,平和島,3,20260803-04-03,3,4269,杉山裕也,40,愛知,52.0,A2,6.91,55.21,7.67,66.67,49,26.92,28,35.71,,9,https://www1.mbrace.or.jp/od2/B/202608/b260803.lzh,2026-10-03T18:30:06.020665+09:00
20260803,04,平和島,3,20260803-04-03,4,5051,松本純平,31,埼玉,56.0,A1,6.75,48.04,6.59,54.55,54,25.0,65,32.26,,12,https://www1.mbrace.or.jp/od2/B/202608/b260803.lzh,2026-10-03T18:30:06.020665+09:00
20260803,04,平和島,3,20260803-04-03,5,3898,平田忠則,49,福岡,53.0,A1,7.15,56.25,6.61,50.0,25,29.41,41,23.08,,11,https://www1.mbrace.or.jp/od2/B/202608/b260803.lzh,2026-10-03T18:30:06.020665+09:00
20260803,04,平和島,3,20260803-04-03,6,4216,星栄爾,41,静岡,55.0,B1,4.67,23.86,5.83,41.67,60,56.25,36,28.57,,,https://www1.mbrace.or.jp/od2/B/202608/b260803.lzh,2026-10-03T18:30:06.020665+09:00
20260803,04,平和島,4,20260803-04-04,1,4329,小松卓司,43,福岡,52.0,B1,4.84,24.72,5.0,28.89,51,30.0,68,39.39,,,https://www1.mbrace.or.jp/od2/B/202608/b260803.lzh,2026-10-03T18:30:06.020665+09:00
20260803,04,平和島,4,20260803-04-04,2,4156,浜野孝志,45,三重,57.0,A2,5.35,29.21,5.68,41.94,26,34.48,20,39.29,,9,https://www1.mbrace.or.jp/od2/B/202608/b260803.lzh,2026-10-03T18:30:06.020665+09:00
20260803,04,平和島,4,20260803-04-04,3,4114,深澤達徳,45,東京,52.0,B1,4.8,25.3,5.69,37.1,14,39.39,23,44.44,,,https://www1.mbrace.or.jp/od2/B/202608/b260803.lzh,2026-10-03T18:30:06.020665+09:00
20260803,04,平和島,4,20260803-04-04,4,4821,妻鳥晋也,34,香川,56.0,B1,5.25,34.48,4.82,27.27,31,34.38,27,23.08,,11,https://www1.mbrace.or.jp/od2/B/202608/b260803.lzh,2026-10-03T18:30:06.020665+09:00
20260803,04,平和島,4,20260803-04-04,5,4073,大橋純一,45,静岡,52.0,A1,6.56,53.27,5.86,44.19,48,24.24,43,38.24,,10,https://www1.mbrace.or.jp/od2/B/202608/b260803.lzh,2026-10-03T18:30:06.020665+09:00
20260803,04,平和島,4,20260803-04-04,6,4188,久田敏之,45,群馬,52.0,A1,7.88,64.81,7.08,60.0,50,57.58,60,45.45,,12,https://www1.mbrace.or.jp/od2/B/202608/b260803.lzh,2026-10-03T18:30:06.020665+09:00
20260803,04,平和島,5,20260803-04-05,1,4639,雑賀勇貴,35,大阪,54.0,B1,4.37,23.81,5.35,35.0,19,41.67,61,35.29,,,https://www1.mbrace.or.jp/od2/B/202608/b260803.lzh,2026-10-03T18:30:06.020665+09:00
20260803,04,平和島,5,20260803-04-05,2,3833,中辻博訓,51,福井,55.0,A2,6.41,49.59,6.93,53.57,10,40.74,69,47.06,,10,https://www1.mbrace.or.jp/od2/B/202608/b260803.lzh,2026-10-03T18:30:06.020665+09:00
20260803,04,平和島,5,20260803-04-05,3,4085,荻野裕介,46,東京,53.0,B1,5.35,36.71,4.81,23.81,72,28.57,46,35.48,,,https://www1.mbrace.or.jp/od2/B/202608/b260803.lzh,2026-10-03T18:30:06.020665+09:00
20260803,04,平和島,5,20260803-04-05,4,5076,石原光,30,静岡,53.0,B1,4.97,33.33,4.77,27.27,29,51.43,31,7.14,,,https://www1.mbrace.or.jp/od2/B/202608/b260803.lzh,2026-10-03T18:30:06.020665+09:00
20260803,04,平和島,5,20260803-04-05,5,4504,前田将太,38,福岡,55.0,A1,6.77,48.11,7.32,54.05,13,24.14,63,36.36,,12,https://www1.mbrace.or.jp/od2/B/202608/b260803.lzh,2026-10-03T18:30:06.020665+09:00
20260803,04,平和島,5,20260803-04-05,6,4483,北野輝季,37,愛知,54.0,A1,6.68,52.34,6.65,50.0,36,42.86,54,25.0,,11,https://www1.mbrace.or.jp/od2/B/202608/b260803.lzh,2026-10-03T18:30:06.020665+09:00
20260803,04,平和島,6,20260803-04-06,1,4978,山田和佐,32,広島,54.0,B1,4.79,27.47,3.27,13.33,28,23.08,34,24.0,,,https://www1.mbrace.or.jp/od2/B/202608/b260803.lzh,2026-10-03T18:30:06.020665+09:00
20260803,04,平和島,6,20260803-04-06,2,4939,宮之原輝,28,東京,52.0,A1,7.36,56.67,7.2,58.14,43,40.0,40,13.33,,12,https://www1.mbrace.or.jp/od2/B/202608/b260803.lzh,2026-10-03T18:30:06.020665+09:00
20260803,04,平和島,6,20260803-04-06,3,4710,福田宗平,36,大阪,52.0,A2,5.57,35.85,6.15,34.62,40,55.88,50,21.88,,11,https://www1.mbrace.or.jp/od2/B/202608/b260803.lzh,2026-10-03T18:30:06.020665+09:00
20260803,04,平和島,6,20260803-04-06,4,4067,永井源,46,愛知,54.0,A2,6.41,47.97,6.76,47.62,12,64.29,38,52.94,,,https://www1.mbrace.or.jp/od2/B/202608/b260803.lzh,2026-10-03T18:30:06.020665+09:00
20260803,04,平和島,6,20260803-04-06,5,3664,鈴木賢一,56,埼玉,54.0,B1,4.77,32.86,4.92,38.89,27,41.67,59,28.13,,1,https://www1.mbrace.or.jp/od2/B/202608/b260803.lzh,2026-10-03T18:30:06.020665+09:00
20260803,04,平和島,6,20260803-04-06,6,4669,井上茂,41,福岡,53.0,B1,4.73,23.91,5.29,28.57,71,25.0,35,50.0,,,https://www1.mbrace.or.jp/od2/B/202608/b260803.lzh,2026-10-03T18:30:06.020665+09:00
20260803,04,平和島,7,20260803-04-07,1,4314,青木幸太,42,福岡,51.0,A2,5.84,40.23,5.17,33.33,46,50.0,45,46.88,,,https://www1.mbrace.or.jp/od2/B/202608/b260803.lzh,2026-10-03T18:30:06.020665+09:00
20260803,04,平和島,7,20260803-04-07,2,4583,古田祐貴,36,香川,52.0,B1,5.46,35.11,5.0,40.0,62,47.62,64,20.0,,2,https://www1.mbrace.or.jp/od2/B/202608/b260803.lzh,2026-10-03T18:30:06.020665+09:00
20260803,04,平和島,7,20260803-04-07,3,3590,濱野谷憲,52,東京,56.0,A1,7.03,46.88,7.0,53.06,33,43.33,62,25.0,,12,https://www1.mbrace.or.jp/od2/B/202608/b260803.lzh,2026-10-03T18:30:06.020665+09:00
20260803,04,平和島,7,20260803-04-07,4,4898,菊地敬介,34,埼玉,57.0,B1,4.8,29.51,5.18,35.71,11,41.03,58,18.18,,,https://www1.mbrace.or.jp/od2/B/202608/b260803.lzh,2026-10-03T18:30:06.020665+09:00
20260803,04,平和島,7,20260803-04-07,5,3161,古場輝義,66,大阪,53.0,B1,5.03,30.99,4.89,29.73,17,38.24,39,41.18,,1,https://www1.mbrace.or.jp/od2/B/202608/b260803.lzh,2026-10-03T18:30:06.020665+09:00
20260803,04,平和島,7,20260803-04-07,6,4930,佐藤悠,30,福井,54.0,A2,6.05,40.22,4.44,22.22,18,40.63,67,31.25,,,https://www1.mbrace.or.jp/od2/B/202608/b260803.lzh,2026-10-03T18:30:06.020665+09:00
20260803,04,平和島,8,20260803-04-08,1,4911,片岡大地,30,東京,52.0,A2,4.92,25.32,4.39,23.73,47,38.71,37,33.33,,,https://www1.mbrace.or.jp/od2/B/202608/b260803.lzh,2026-10-03T18:30:06.020665+09:00
20260803,04,平和島,8,20260803-04-08,2,4113,木村浩士,46,群馬,56.0,B1,4.57,24.69,4.95,34.21,58,45.71,66,12.9,,1,https://www1.mbrace.or.jp/od2/B/202608/b260803.lzh,2026-10-03T18:30:06.020665+09:00
20260803,04,平和島,8,20260803-04-08,3,4631,新井英孝,39,大阪,52.0,B1,5.21,36.11,4.88,25.0,55,34.29,56,23.08,,3,https://www1.mbrace.or.jp/od2/B/202608/b260803.lzh,2026-10-03T18:30:06.020665+09:00
20260803,04,平和島,8,20260803-04-08,4,4532,秋元哲,37,埼玉,51.0,A1,7.05,53.33,6.45,36.36,38,43.75,33,37.93,,,https://www1.mbrace.or.jp/od2/B/202608/b260803.lzh,2026-10-03T18:30:06.020665+09:00
20260803,04,平和島,8,20260803-04-08,5,4684,楠原翔太,35,福岡,55.0,B1,5.16,28.7,4.27,16.67,65,28.57,22,25.93,,2,https://www1.mbrace.or.jp/od2/B/202608/b260803.lzh,2026-10-03T18:30:06.020665+09:00
20260803,04,平和島,8,20260803-04-08,6,3268,森竜也,61,三重,53.0,B1,4.46,28.13,4.6,20.0,41,44.0,32,35.48,,,https://www1.mbrace.or.jp/od2/B/202608/b260803.lzh,2026-10-03T18:30:06.020665+09:00
20260803,04,平和島,9,20260803-04-09,1,4549,小林文彦,37,福岡,53.0,A2,6.45,48.19,5.48,42.86,30,48.78,49,15.63,,,https://www1.mbrace.or.jp/od2/B/202608/b260803.lzh,2026-10-03T18:30:06.020665+09:00
20260803,04,平和島,9,20260803-04-09,2,4539,金子賢志,35,群馬,53.0,A1,6.55,44.44,5.54,32.14,74,33.33,53,46.88,,,https://www1.mbrace.or.jp/od2/B/202608/b260803.lzh,2026-10-03T18:30:06.020665+09:00
20260803,04,平和島,9,20260803-04-09,3,4156,浜野孝志,45,三重,57.0,A2,5.35,29.21,5.68,41.94,26,34.48,20,39.29,,4,https://www1.mbrace.or.jp/od2/B/202608/b260803.lzh,2026-10-03T18:30:06.020665+09:00
20260803,04,平和島,9,20260803-04-09,4,4128,川口貴久,46,東京,56.0,B1,5.34,33.82,3.38,19.23,15,28.13,44,37.5,,2,https://www1.mbrace.or.jp/od2/B/202608/b260803.lzh,2026-10-03T18:30:06.020665+09:00
20260803,04,平和島,9,20260803-04-09,5,4269,杉山裕也,40,愛知,52.0,A2,6.91,55.21,7.67,66.67,49,26.92,28,35.71,,3,https://www1.mbrace.or.jp/od2/B/202608/b260803.lzh,2026-10-03T18:30:06.020665+09:00
20260803,04,平和島,9,20260803-04-09,6,3907,村越篤,48,香川,55.0,B1,5.25,34.34,6.57,28.57,16,29.63,24,42.31,,,https://www1.mbrace.or.jp/od2/B/202608/b260803.lzh,2026-10-03T18:30:06.020665+09:00
20260803,04,平和島,10,20260803-04-10,1,4073,大橋純一,45,静岡,52.0,A1,6.56,53.27,5.86,44.19,48,24.24,43,38.24,,4,https://www1.mbrace.or.jp/od2/B/202608/b260803.lzh,2026-10-03T18:30:06.020665+09:00
20260803,04,平和島,10,20260803-04-10,2,4215,吉島祥之,41,愛知,56.0,A2,5.3,32.99,5.56,33.33,23,45.45,21,16.0,,,https://www1.mbrace.or.jp/od2/B/202608/b260803.lzh,2026-10-03T18:30:06.020665+09:00
20260803,04,平和島,10,20260803-04-10,3,4471,新田泰章,39,広島,52.0,A1,6.18,43.55,6.14,42.86,21,38.24,52,51.52,,1,https://www1.mbrace.or.jp/od2/B/202608/b260803.lzh,2026-10-03T18:30:06.020665+09:00
20260803,04,平和島,10,20260803-04-10,4,3226,浦田信義,60,東京,51.0,B1,4.31,17.57,4.94,30.0,73,39.39,30,37.04,,3,https://www1.mbrace.or.jp/od2/B/202608/b260803.lzh,2026-10-03T18:30:06.020665+09:00
20260803,04,平和島,10,20260803-04-10,5,3833,中辻博訓,51,福井,55.0,A2,6.41,49.59,6.93,53.57,10,40.74,69,47.06,,5,https://www1.mbrace.or.jp/od2/B/202608/b260803.lzh,2026-10-03T18:30:06.020665+09:00
20260803,04,平和島,10,20260803-04-10,6,3434,松尾宣邦,57,福岡,56.0,B1,4.25,21.98,4.79,28.57,52,33.33,26,26.92,,,https://www1.mbrace.or.jp/od2/B/202608/b260803.lzh,2026-10-03T18:30:06.020665+09:00
20260803,04,平和島,11,20260803-04-11,1,3898,平田忠則,49,福岡,53.0,A1,7.15,56.25,6.61,50.0,25,29.41,41,23.08,,3,https://www1.mbrace.or.jp/od2/B/202608/b260803.lzh,2026-10-03T18:30:06.020665+09:00
20260803,04,平和島,11,20260803-04-11,2,4821,妻鳥晋也,34,香川,56.0,B1,5.25,34.48,4.82,27.27,31,34.38,27,23.08,,4,https://www1.mbrace.or.jp/od2/B/202608/b260803.lzh,2026-10-03T18:30:06.020665+09:00
20260803,04,平和島,11,20260803-04-11,3,4483,北野輝季,37,愛知,54.0,A1,6.68,52.34,6.65,50.0,36,42.86,54,25.0,,5,https://www1.mbrace.or.jp/od2/B/202608/b260803.lzh,2026-10-03T18:30:06.020665+09:00
20260803,04,平和島,11,20260803-04-11,4,4710,福田宗平,36,大阪,52.0,A2,5.57,35.85,6.15,34.62,40,55.88,50,21.88,,6,https://www1.mbrace.or.jp/od2/B/202608/b260803.lzh,2026-10-03T18:30:06.020665+09:00
20260803,04,平和島,11,20260803-04-11,5,3912,川原正明,52,福井,51.0,B1,5.94,43.27,5.9,40.0,37,29.41,51,41.67,,2,https://www1.mbrace.or.jp/od2/B/202608/b260803.lzh,2026-10-03T18:30:06.020665+09:00
20260803,04,平和島,11,20260803-04-11,6,4033,伊藤将吉,47,静岡,53.0,A2,6.08,48.11,5.82,45.45,61,43.59,29,40.74,,1,https://www1.mbrace.or.jp/od2/B/202608/b260803.lzh,2026-10-03T18:30:06.020665+09:00
20260803,04,平和島,12,20260803-04-12,1,3590,濱野谷憲,52,東京,56.0,A1,7.03,46.88,7.0,53.06,33,43.33,62,25.0,,7,https://www1.mbrace.or.jp/od2/B/202608/b260803.lzh,2026-10-03T18:30:06.020665+09:00
20260803,04,平和島,12,20260803-04-12,2,4188,久田敏之,45,群馬,52.0,A1,7.88,64.81,7.08,60.0,50,57.58,60,45.45,,4,https://www1.mbrace.or.jp/od2/B/202608/b260803.lzh,2026-10-03T18:30:06.020665+09:00
20260803,04,平和島,12,20260803-04-12,3,4397,西村拓也,39,大阪,53.0,A1,7.39,59.65,6.3,46.67,68,34.21,57,50.0,,2,https://www1.mbrace.or.jp/od2/B/202608/b260803.lzh,2026-10-03T18:30:06.020665+09:00
20260803,04,平和島,12,20260803-04-12,4,4504,前田将太,38,福岡,55.0,A1,6.77,48.11,7.32,54.05,13,24.14,63,36.36,,5,https://www1.mbrace.or.jp/od2/B/202608/b260803.lzh,2026-10-03T18:30:06.020665+09:00
20260803,04,平和島,12,20260803-04-12,5,5051,松本純平,31,埼玉,56.0,A1,6.75,48.04,6.59,54.55,54,25.0,65,32.26,,3,https://www1.mbrace.or.jp/od2/B/202608/b260803.lzh,2026-10-03T18:30:06.020665+09:00
20260803,04,平和島,12,20260803-04-12,6,4939,宮之原輝,28,東京,52.0,A1,7.36,56.67,7.2,58.14,43,40.0,40,13.33,,6,https://www1.mbrace.or.jp/od2/B/202608/b260803.lzh,2026-10-03T18:30:06.020665+09:00
20260803,01,桐生,1,20260803-01-01,1,3778,安達美帆,50,埼玉,47.0,B1,2.87,11.48,4.7,30.0,70,34.38,13,26.25,536 56,,https://www1.mbrace.or.jp/od2/B/202608/b260803.lzh,2026-10-03T18:30:06.020665+09:00
20260803,01,桐生,1,20260803-01-01,2,4408,仁科さや,40,長崎,48.0,B1,3.41,18.07,0.0,0.0,36,30.0,40,33.77,5 445,6,https://www1.mbrace.or.jp/od2/B/202608/b260803.lzh,2026-10-03T18:30:06.020665+09:00
20260803,01,桐生,1,20260803-01-01,3,3355,橋谷田佳,57,東京,40.0,B2,3.07,6.98,4.44,0.0,43,26.52,14,38.85,5 361,9,https://www1.mbrace.or.jp/od2/B/202608/b260803.lzh,2026-10-03T18:30:06.020665+09:00
20260803,01,桐生,1,20260803-01-01,4,5416,龍田真白,20,三重,44.0,B1,2.97,10.39,2.89,22.22,57,32.47,50,35.9,6 664,5,https://www1.mbrace.or.jp/od2/B/202608/b260803.lzh,2026-10-03T18:30:06.020665+09:00
20260803,01,桐生,1,20260803-01-01,5,3470,新田芳美,56,徳島,47.0,B1,5.19,27.78,6.0,36.36,29,27.91,55,29.33,641 45,,https://www1.mbrace.or.jp/od2/B/202608/b260803.lzh,2026-10-03T18:30:06.020665+09:00
20260803,01,桐生,1,20260803-01-01,6,5180,藤本紗弥,28,山口,47.0,B2,3.85,20.37,0.0,0.0,25,25.89,48,38.06,651 4,7,https://www1.mbrace.or.jp/od2/B/202608/b260803.lzh,2026-10-03T18:30:06.020665+09:00
20260803,01,桐生,2,20260803-01-02,1,4275,菅野はや,43,広島,52.0,B1,3.29,12.0,0.0,0.0,44,28.67,70,29.75,4 546,8,https://www1.mbrace.or.jp/od2/B/202608/b260803.lzh,2026-10-03T18:30:06.020665+09:00
20260803,01,桐生,2,20260803-01-02,2,3334,角ひとみ,57,広島,45.0,A2,5.2,33.33,6.19,33.33,14,45.24,21,30.38,343 11,12,https://www1.mbrace.or.jp/od2/B/202608/b260803.lzh,2026-10-03T18:30:06.020665+09:00
20260803,01,桐生,2,20260803-01-02,3,4589,塩崎桐加,34,三重,51.0,B1,5.26,28.85,6.07,40.0,75,29.66,49,26.92,533 52,,https://www1.mbrace.or.jp/od2/B/202608/b260803.lzh,2026-10-03T18:30:06.020665+09:00
20260803,01,桐生,2,20260803-01-02,4,4990,田中博子,29,福岡,47.0,B2,3.46,14.63,0.0,0.0,74,38.79,62,33.76,1 563,9,https://www1.mbrace.or.jp/od2/B/202608/b260803.lzh,2026-10-03T18:30:06.020665+09:00
20260803,01,桐生,2,20260803-01-02,5,3604,武藤綾子,55,福岡,49.0,B1,4.38,17.58,0.0,0.0,69,38.03,41,33.76,2 423,7,https://www1.mbrace.or.jp/od2/B/202608/b260803.lzh,2026-10-03T18:30:06.020665+09:00
20260803,01,桐生,2,20260803-01-02,6,4733,赤井睦,37,徳島,48.0,B1,5.08,31.65,5.17,33.33,37,32.92,53,28.75,11513,11,https://www1.mbrace.or.jp/od2/B/202608/b260803.lzh,2026-10-03T18:30:06.020665+09:00
20260803,01,桐生,3,20260803-01-03,1,4947,間庭菜摘,33,福岡,48.0,B1,4.26,21.05,5.9,30.0,22,26.32,39,32.3,4 2434,,https://www1.mbrace.or.jp/od2/B/202608/b260803.lzh,2026-10-03T18:30:06.020665+09:00
20260803,01,桐生,3,20260803-01-03,2,5291,三嶌ここ,25,香川,50.0,B1,4.17,20.93,0.0,0.0,72,31.65,67,29.56,5 343,9,https://www1.mbrace.or.jp/od2/B/202608/b260803.lzh,2026-10-03T18:30:06.020665+09:00
20260803,01,桐生,3,20260803-01-03,3,5003,来田衣織,30,兵庫,46.0,B1,5.15,38.66,2.0,0.0,59,42.34,58,29.3,513 S3,,https://www1.mbrace.or.jp/od2/B/202608/b260803.lzh,2026-10-03T18:30:06.020665+09:00
20260803,01,桐生,3,20260803-01-03,4,5390,高橋涼夏,18,群馬,46.0,B2,2.27,7.14,1.57,0.0,68,22.43,60,38.65,4 455,10,https://www1.mbrace.or.jp/od2/B/202608/b260803.lzh,2026-10-03T18:30:06.020665+09:00
20260803,01,桐生,3,20260803-01-03,5,5129,山口真喜,29,長崎,47.0,A2,5.89,37.72,0.0,0.0,51,29.41,66,33.55,1 5125,11,https://www1.mbrace.or.jp/od2/B/202608/b260803.lzh,2026-10-03T18:30:06.020665+09:00
20260803,01,桐生,3,20260803-01-03,6,4071,古賀千晶,45,兵庫,45.0,B1,4.64,27.91,4.54,17.86,52,28.04,56,42.14,144 65,,https://www1.mbrace.or.jp/od2/B/202608/b260803.lzh,2026-10-03T18:30:06.020665+09:00
20260803,01,桐生,4,20260803-01-04,1,5123,福山恵里,30,山口,48.0,B1,4.21,22.81,4.33,22.22,20,42.24,64,28.75,663 3,8,https://www1.mbrace.or.jp/od2/B/202608/b260803.lzh,2026-10-03T18:30:06.020665+09:00
20260803,01,桐生,4,20260803-01-04,2,5108,柴田愛梨,27,群馬,48.0,B2,2.96,7.41,1.96,3.85,27,51.49,46,30.52,661 3,9,https://www1.mbrace.or.jp/od2/B/202608/b260803.lzh,2026-10-03T18:30:06.020665+09:00
20260803,01,桐生,4,20260803-01-04,3,3175,渡辺千草,62,東京,48.0,B1,4.42,20.24,4.39,28.57,63,23.14,54,38.13,532 24,,https://www1.mbrace.or.jp/od2/B/202608/b260803.lzh,2026-10-03T18:30:06.020665+09:00
20260803,01,桐生,4,20260803-01-04,4,4965,福岡泉水,28,兵庫,51.0,B1,4.53,21.88,7.56,77.78,35,45.21,37,35.48,2 2263,12,https://www1.mbrace.or.jp/od2/B/202608/b260803.lzh,2026-10-03T18:30:06.020665+09:00
20260803,01,桐生,4,20260803-01-04,5,3845,中谷朋子,49,兵庫,45.0,A2,5.65,37.35,4.08,23.08,30,46.46,26,28.48,1 244,10,https://www1.mbrace.or.jp/od2/B/202608/b260803.lzh,2026-10-03T18:30:06.020665+09:00
20260803,01,桐生,4,20260803-01-04,6,5069,山崎小葉,25,群馬,44.0,B1,4.67,25.53,5.85,43.59,56,41.73,42,31.88,2 1521,11,https://www1.mbrace.or.jp/od2/B/202608/b260803.lzh,2026-10-03T18:30:06.020665+09:00
20260803,01,桐生,5,20260803-01-05,1,5340,樋江井舞,25,愛知,45.0,B1,4.15,20.79,3.38,0.0,12,40.3,43,27.95,333 24,,https://www1.mbrace.or.jp/od2/B/202608/b260803.lzh,2026-10-03T18:30:06.020665+09:00
20260803,01,桐生,5,20260803-01-05,2,5182,宮崎安奈,28,埼玉,47.0,B1,4.45,24.42,3.33,22.22,13,29.17,34,35.9,21663,11,https://www1.mbrace.or.jp/od2/B/202608/b260803.lzh,2026-10-03T18:30:06.020665+09:00
20260803,01,桐生,5,20260803-01-05,3,4045,佐々木裕,46,山口,47.0,B1,4.72,29.47,6.84,51.61,47,28.4,59,37.97,1 2346,12,https://www1.mbrace.or.jp/od2/B/202608/b260803.lzh,2026-10-03T18:30:06.020665+09:00
20260803,01,桐生,5,20260803-01-05,4,4773,中川りな,33,福岡,49.0,A2,6.21,46.43,0.0,0.0,40,33.53,33,32.26,44626,10,https://www1.mbrace.or.jp/od2/B/202608/b260803.lzh,2026-10-03T18:30:06.020665+09:00
20260803,01,桐生,5,20260803-01-05,5,5416,龍田真白,20,三重,44.0,B1,2.97,10.39,2.89,22.22,57,32.47,50,35.9,6 664,1,https://www1.mbrace.or.jp/od2/B/202608/b260803.lzh,2026-10-03T18:30:06.020665+09:00
20260803,01,桐生,5,20260803-01-05,6,4936,戸敷晃美,29,福岡,48.0,A2,6.23,44.32,4.0,12.5,11,32.5,30,32.72,33121,9,https://www1.mbrace.or.jp/od2/B/202608/b260803.lzh,2026-10-03T18:30:06.020665+09:00
20260803,01,桐生,6,20260803-01-06,1,4408,仁科さや,40,長崎,48.0,B1,3.41,18.07,0.0,0.0,36,30.0,40,33.77,5 445,1,https://www1.mbrace.or.jp/od2/B/202608/b260803.lzh,2026-10-03T18:30:06.020665+09:00
20260803,01,桐生,6,20260803-01-06,2,3528,笠野友紀,55,愛知,47.0,B1,3.65,9.3,2.86,0.0,67,32.39,63,21.09,526 42,,https://www1.mbrace.or.jp/od2/B/202608/b260803.lzh,2026-10-03T18:30:06.020665+09:00
20260803,01,桐生,6,20260803-01-06,3,4014,片岡恵里,46,山口,47.0,A2,5.54,38.98,6.05,36.84,53,34.21,35,36.13,143 25,11,https://www1.mbrace.or.jp/od2/B/202608/b260803.lzh,2026-10-03T18:30:06.020665+09:00
20260803,01,桐生,6,20260803-01-06,4,5204,宇恵有香,29,三重,47.0,B2,4.05,14.29,0.0,0.0,32,43.75,19,36.71,3 616,10,https://www1.mbrace.or.jp/od2/B/202608/b260803.lzh,2026-10-03T18:30:06.020665+09:00
20260803,01,桐生,6,20260803-01-06,5,4240,今井裕梨,42,群馬,44.0,A2,5.39,35.23,6.07,44.78,33,40.51,28,31.17,265 11,12,https://www1.mbrace.or.jp/od2/B/202608/b260803.lzh,2026-10-03T18:30:06.020665+09:00
20260803,01,桐生,6,20260803-01-06,6,3474,松瀬弘美,56,静岡,45.0,B1,4.3,23.93,2.89,0.0,17,32.96,71,36.81,353 12,,https://www1.mbrace.or.jp/od2/B/202608/b260803.lzh,2026-10-03T18:30:06.020665+09:00
20260803,01,桐生,7,20260803-01-07,1,4784,向井田真,38,広島,52.0,B1,3.58,16.0,2.63,12.5,41,31.82,25,30.52,465 42,,https://www1.mbrace.or.jp/od2/B/202608/b260803.lzh,2026-10-03T18:30:06.020665+09:00
20260803,01,桐生,7,20260803-01-07,2,5180,藤本紗弥,28,山口,47.0,B2,3.85,20.37,0.0,0.0,25,25.89,48,38.06,651 4,1,https://www1.mbrace.or.jp/od2/B/202608/b260803.lzh,2026-10-03T18:30:06.020665+09:00
20260803,01,桐生,7,20260803-01-07,3,3302,谷川里江,59,愛知,46.0,B1,4.85,32.31,0.0,0.0,28,38.51,18,29.03,3 2126,,https://www1.mbrace.or.jp/od2/B/202608/b260803.lzh,2026-10-03T18:30:06.020665+09:00
20260803,01,桐生,7,20260803-01-07,4,3604,武藤綾子,55,福岡,49.0,B1,4.38,17.58,0.0,0.0,69,38.03,41,33.76,2 423,2,https://www1.mbrace.or.jp/od2/B/202608/b260803.lzh,2026-10-03T18:30:06.020665+09:00
20260803,01,桐生,7,20260803-01-07,5,5163,清水愛海,26,山口,45.0,A1,6.29,45.0,7.71,67.86,38,40.31,68,29.11,22421,11,https://www1.mbrace.or.jp/od2/B/202608/b260803.lzh,2026-10-03T18:30:06.020665+09:00
20260803,01,桐生,7,20260803-01-07,6,4927,関野文,32,大阪,44.0,A2,5.8,38.98,6.14,47.62,50,32.32,36,34.38,5 1315,12,https://www1.mbrace.or.jp/od2/B/202608/b260803.lzh,2026-10-03T18:30:06.020665+09:00
20260803,01,桐生,8,20260803-01-08,1,3509,池千夏,54,香川,50.0,B1,3.39,10.0,3.81,18.75,49,36.69,65,21.15,162 56,,https://www1.mbrace.or.jp/od2/B/202608/b260803.lzh,2026-10-03T18:30:06.020665+09:00
20260803,01,桐生,8,20260803-01-08,2,4885,大山千広,30,福岡,47.0,A2,6.98,56.25,0.0,0.0,71,28.99,12,27.5,2 1132,12,https://www1.mbrace.or.jp/od2/B/202608/b260803.lzh,2026-10-03T18:30:06.020665+09:00
20260803,01,桐生,8,20260803-01-08,3,3518,倉田郁美,58,静岡,49.0,B1,4.49,25.29,3.69,19.23,42,26.76,11,30.19,235 46,,https://www1.mbrace.or.jp/od2/B/202608/b260803.lzh,2026-10-03T18:30:06.020665+09:00
20260803,01,桐生,8,20260803-01-08,4,4275,菅野はや,43,広島,52.0,B1,3.29,12.0,0.0,0.0,44,28.67,70,29.75,4 546,2,https://www1.mbrace.or.jp/od2/B/202608/b260803.lzh,2026-10-03T18:30:06.020665+09:00
20260803,01,桐生,8,20260803-01-08,5,5123,福山恵里,30,山口,48.0,B1,4.21,22.81,4.33,22.22,20,42.24,64,28.75,663 3,4,https://www1.mbrace.or.jp/od2/B/202608/b260803.lzh,2026-10-03T18:30:06.020665+09:00
20260803,01,桐生,8,20260803-01-08,6,4987,島倉都,29,群馬,49.0,B1,3.49,13.98,4.75,32.91,64,32.72,69,33.56,465 14,,https://www1.mbrace.or.jp/od2/B/202608/b260803.lzh,2026-10-03T18:30:06.020665+09:00
20260803,01,桐生,9,20260803-01-09,1,4990,田中博子,29,福岡,47.0,B2,3.46,14.63,0.0,0.0,74,38.79,62,33.76,1 563,2,https://www1.mbrace.or.jp/od2/B/202608/b260803.lzh,2026-10-03T18:30:06.020665+09:00
20260803,01,桐生,9,20260803-01-09,2,4901,出口舞有,33,愛知,45.0,B1,5.46,30.26,4.5,25.0,24,36.21,47,32.08,2 4535,,https://www1.mbrace.or.jp/od2/B/202608/b260803.lzh,2026-10-03T18:30:06.020665+09:00
20260803,01,桐生,9,20260803-01-09,3,4936,戸敷晃美,29,福岡,48.0,A2,6.23,44.32,4.0,12.5,11,32.5,30,32.72,33121,5,https://www1.mbrace.or.jp/od2/B/202608/b260803.lzh,2026-10-03T18:30:06.020665+09:00
20260803,01,桐生,9,20260803-01-09,4,5291,三嶌ここ,25,香川,50.0,B1,4.17,20.93,0.0,0.0,72,31.65,67,29.56,5 343,3,https://www1.mbrace.or.jp/od2/B/202608/b260803.lzh,2026-10-03T18:30:06.020665+09:00
20260803,01,桐生,9,20260803-01-09,5,3355,橋谷田佳,57,東京,40.0,B2,3.07,6.98,4.44,0.0,43,26.52,14,38.85,5 361,1,https://www1.mbrace.or.jp/od2/B/202608/b260803.lzh,2026-10-03T18:30:06.020665+09:00
20260803,01,桐生,9,20260803-01-09,6,5108,柴田愛梨,27,群馬,48.0,B2,2.96,7.41,1.96,3.85,27,51.49,46,30.52,661 3,4,https://www1.mbrace.or.jp/od2/B/202608/b260803.lzh,2026-10-03T18:30:06.020665+09:00
20260803,01,桐生,10,20260803-01-10,1,5204,宇恵有香,29,三重,47.0,B2,4.05,14.29,0.0,0.0,32,43.75,19,36.71,3 616,6,https://www1.mbrace.or.jp/od2/B/202608/b260803.lzh,2026-10-03T18:30:06.020665+09:00
20260803,01,桐生,10,20260803-01-10,2,3845,中谷朋子,49,兵庫,45.0,A2,5.65,37.35,4.08,23.08,30,46.46,26,28.48,1 244,4,https://www1.mbrace.or.jp/od2/B/202608/b260803.lzh,2026-10-03T18:30:06.020665+09:00
20260803,01,桐生,10,20260803-01-10,3,4773,中川りな,33,福岡,49.0,A2,6.21,46.43,0.0,0.0,40,33.53,33,32.26,44626,5,https://www1.mbrace.or.jp/od2/B/202608/b260803.lzh,2026-10-03T18:30:06.020665+09:00
20260803,01,桐生,10,20260803-01-10,4,4300,加藤綾,43,三重,51.0,B1,5.11,30.48,4.0,12.5,26,32.52,75,30.63,15365,,https://www1.mbrace.or.jp/od2/B/202608/b260803.lzh,2026-10-03T18:30:06.020665+09:00
20260803,01,桐生,10,20260803-01-10,5,5390,高橋涼夏,18,群馬,46.0,B2,2.27,7.14,1.57,0.0,68,22.43,60,38.65,4 455,3,https://www1.mbrace.or.jp/od2/B/202608/b260803.lzh,2026-10-03T18:30:06.020665+09:00
20260803,01,桐生,10,20260803-01-10,6,5117,冨名腰桃,26,福岡,45.0,B1,4.82,27.78,5.25,37.5,62,41.72,22,31.21,265 21,,https://www1.mbrace.or.jp/od2/B/202608/b260803.lzh,2026-10-03T18:30:06.020665+09:00
20260803,01,桐生,11,20260803-01-11,1,5129,山口真喜,29,長崎,47.0,A2,5.89,37.72,0.0,0.0,51,29.41,66,33.55,1 5125,3,https://www1.mbrace.or.jp/od2/B/202608/b260803.lzh,2026-10-03T18:30:06.020665+09:00
20260803,01,桐生,11,20260803-01-11,2,5163,清水愛海,26,山口,45.0,A1,6.29,45.0,7.71,67.86,38,40.31,68,29.11,22421,7,https://www1.mbrace.or.jp/od2/B/202608/b260803.lzh,2026-10-03T18:30:06.020665+09:00
20260803,01,桐生,11,20260803-01-11,3,5069,山崎小葉,25,群馬,44.0,B1,4.67,25.53,5.85,43.59,56,41.73,42,31.88,2 1521,4,https://www1.mbrace.or.jp/od2/B/202608/b260803.lzh,2026-10-03T18:30:06.020665+09:00
20260803,01,桐生,11,20260803-01-11,4,4733,赤井睦,37,徳島,48.0,B1,5.08,31.65,5.17,33.33,37,32.92,53,28.75,11513,2,https://www1.mbrace.or.jp/od2/B/202608/b260803.lzh,2026-10-03T18:30:06.020665+09:00
20260803,01,桐生,11,20260803-01-11,5,5182,宮崎安奈,28,埼玉,47.0,B1,4.45,24.42,3.33,22.22,13,29.17,34,35.9,21663,5,https://www1.mbrace.or.jp/od2/B/202608/b260803.lzh,2026-10-03T18:30:06.020665+09:00
20260803,01,桐生,11,20260803-01-11,6,4014,片岡恵里,46,山口,47.0,A2,5.54,38.98,6.05,36.84,53,34.21,35,36.13,143 25,6,https://www1.mbrace.or.jp/od2/B/202608/b260803.lzh,2026-10-03T18:30:06.020665+09:00
20260803,01,桐生,12,20260803-01-12,1,4885,大山千広,30,福岡,47.0,A2,6.98,56.25,0.0,0.0,71,28.99,12,27.5,2 1132,8,https://www1.mbrace.or.jp/od2/B/202608/b260803.lzh,2026-10-03T18:30:06.020665+09:00
20260803,01,桐生,12,20260803-01-12,2,4927,関野文,32,大阪,44.0,A2,5.8,38.98,6.14,47.62,50,32.32,36,34.38,5 1315,7,https://www1.mbrace.or.jp/od2/B/202608/b260803.lzh,2026-10-03T18:30:06.020665+09:00
20260803,01,桐生,12,20260803-01-12,3,4965,福岡泉水,28,兵庫,51.0,B1,4.53,21.88,7.56,77.78,35,45.21,37,35.48,2 2263,4,https://www1.mbrace.or.jp/od2/B/202608/b260803.lzh,2026-10-03T18:30:06.020665+09:00
20260803,01,桐生,12,20260803-01-12,4,4240,今井裕梨,42,群馬,44.0,A2,5.39,35.23,6.07,44.78,33,40.51,28,31.17,265 11,6,https://www1.mbrace.or.jp/od2/B/202608/b260803.lzh,2026-10-03T18:30:06.020665+09:00
20260803,01,桐生,12,20260803-01-12,5,4045,佐々木裕,46,山口,47.0,B1,4.72,29.47,6.84,51.61,47,28.4,59,37.97,1 2346,5,https://www1.mbrace.or.jp/od2/B/202608/b260803.lzh,2026-10-03T18:30:06.020665+09:00
20260803,01,桐生,12,20260803-01-12,6,3334,角ひとみ,57,広島,45.0,A2,5.2,33.33,6.19,33.33,14,45.24,21,30.38,343 11,2,https://www1.mbrace.or.jp/od2/B/202608/b260803.lzh,2026-10-03T18:30:06.020665+09:00
