date,venue_code,venue_name,race,race_id,boat,registration_no,racer_name,age,branch,weight_kg,grade,national_win_rate,national_top2_rate,local_win_rate,local_top2_rate,motor_no,motor_top2_rate,boat_no,boat_top2_rate,series_results_raw,early_race_raw,source_url,collected_at
20260709,24,大村,1,20260709-24-01,1,4873,蒲原健太,32,佐賀,52.0,B1,5.04,30.7,5.91,34.88,26,28.0,59,47.83,4 6 536,7,https://www1.mbrace.or.jp/od2/B/202607/b260709.lzh,2026-10-03T18:26:06.013459+09:00
20260709,24,大村,1,20260709-24-01,2,4213,重富伸也,42,長崎,54.0,B1,4.04,23.29,4.49,27.73,18,13.64,61,8.7,5 25426,5,https://www1.mbrace.or.jp/od2/B/202607/b260709.lzh,2026-10-03T18:26:06.013459+09:00
20260709,24,大村,1,20260709-24-01,3,3973,崎利仁,49,群馬,55.0,B1,4.21,21.28,3.43,0.0,55,22.22,44,10.0,2 453 52,8,https://www1.mbrace.or.jp/od2/B/202607/b260709.lzh,2026-10-03T18:26:06.013459+09:00
20260709,24,大村,1,20260709-24-01,4,3617,竹田広樹,53,佐賀,54.0,B1,4.03,21.67,3.0,14.29,65,45.45,71,33.33,1 665 5,5,https://www1.mbrace.or.jp/od2/B/202607/b260709.lzh,2026-10-03T18:26:06.013459+09:00
20260709,24,大村,1,20260709-24-01,5,3357,福島陽子,57,岡山,48.0,B1,4.23,18.18,3.88,17.65,73,8.33,78,27.27,6 452 4,6,https://www1.mbrace.or.jp/od2/B/202607/b260709.lzh,2026-10-03T18:26:06.013459+09:00
20260709,24,大村,1,20260709-24-01,6,3761,山本光雄,54,滋賀,54.0,B1,5.44,35.8,4.89,34.29,50,0.0,30,11.11,54643 6,,https://www1.mbrace.or.jp/od2/B/202607/b260709.lzh,2026-10-03T18:26:06.013459+09:00
20260709,24,大村,2,20260709-24-02,1,5011,高木圭大,29,長崎,53.0,B1,3.66,16.22,4.13,22.62,47,45.83,69,43.48,534 553,7,https://www1.mbrace.or.jp/od2/B/202607/b260709.lzh,2026-10-03T18:26:06.013459+09:00
20260709,24,大村,2,20260709-24-02,2,4119,泥谷一毅,45,大阪,54.0,B1,6.01,37.5,4.29,23.81,60,26.09,79,40.91,153 451,9,https://www1.mbrace.or.jp/od2/B/202607/b260709.lzh,2026-10-03T18:26:06.013459+09:00
20260709,24,大村,2,20260709-24-02,3,4020,川上清人,46,香川,66.0,B1,4.48,27.85,3.0,5.26,81,37.5,70,45.45,456 2 55,,https://www1.mbrace.or.jp/od2/B/202607/b260709.lzh,2026-10-03T18:26:06.013459+09:00
20260709,24,大村,2,20260709-24-02,4,4552,杉山勝匡,37,佐賀,50.0,B1,4.67,28.57,4.98,32.0,74,27.27,52,15.0,66236 3,6,https://www1.mbrace.or.jp/od2/B/202607/b260709.lzh,2026-10-03T18:26:06.013459+09:00
20260709,24,大村,2,20260709-24-02,5,3207,田村美和,60,東京,53.0,B1,3.28,13.92,2.57,0.0,51,25.0,31,47.83,6 644 4,7,https://www1.mbrace.or.jp/od2/B/202607/b260709.lzh,2026-10-03T18:26:06.013459+09:00
20260709,24,大村,2,20260709-24-02,6,5227,川原愛未,24,福岡,54.0,B2,2.5,16.67,1.71,0.0,27,23.81,39,47.62,645 615,8,https://www1.mbrace.or.jp/od2/B/202607/b260709.lzh,2026-10-03T18:26:06.013459+09:00
20260709,24,大村,3,20260709-24-03,1,4750,井上尚悟,39,大阪,52.0,B1,5.59,38.75,4.0,10.0,58,42.86,85,56.52,4 264 4,8,https://www1.mbrace.or.jp/od2/B/202607/b260709.lzh,2026-10-03T18:26:06.013459+09:00
20260709,24,大村,3,20260709-24-03,2,4729,佐藤謙史,37,福岡,57.0,B1,4.21,17.91,3.92,8.33,43,26.92,80,29.17,5 325 3,9,https://www1.mbrace.or.jp/od2/B/202607/b260709.lzh,2026-10-03T18:26:06.013459+09:00
20260709,24,大村,3,20260709-24-03,3,4592,小林孝弘,45,山口,51.0,B1,4.79,26.76,3.68,12.9,68,25.0,29,38.46,4 266 3,7,https://www1.mbrace.or.jp/od2/B/202607/b260709.lzh,2026-10-03T18:26:06.013459+09:00
20260709,24,大村,3,20260709-24-03,4,3566,川添英正,56,福岡,52.0,B1,4.6,24.39,4.91,21.74,16,30.77,60,27.27,551 155,9,https://www1.mbrace.or.jp/od2/B/202607/b260709.lzh,2026-10-03T18:26:06.013459+09:00
20260709,24,大村,3,20260709-24-03,5,3850,小川知行,54,群馬,55.0,B1,4.41,24.73,3.93,13.33,75,20.0,72,33.33,255 6 23,,https://www1.mbrace.or.jp/od2/B/202607/b260709.lzh,2026-10-03T18:26:06.013459+09:00
20260709,24,大村,3,20260709-24-03,6,4875,大塚康雅,31,東京,51.0,B1,5.19,32.94,5.02,26.09,37,36.0,83,36.36,1 1 4415,12,https://www1.mbrace.or.jp/od2/B/202607/b260709.lzh,2026-10-03T18:26:06.013459+09:00
20260709,24,大村,4,20260709-24-04,1,3975,小野寺智,49,香川,52.0,A2,5.68,34.02,5.67,32.56,46,38.46,21,18.52,2 451416,10,https://www1.mbrace.or.jp/od2/B/202607/b260709.lzh,2026-10-03T18:26:06.013459+09:00
20260709,24,大村,4,20260709-24-04,2,3997,北村征嗣,47,大阪,53.0,A1,6.29,42.15,6.51,48.57,77,27.27,45,42.86,1 542534,10,https://www1.mbrace.or.jp/od2/B/202607/b260709.lzh,2026-10-03T18:26:06.013459+09:00
20260709,24,大村,4,20260709-24-04,3,3353,前田光昭,58,埼玉,52.0,B1,3.28,11.67,0.0,0.0,35,30.77,57,36.0,166 3 64,,https://www1.mbrace.or.jp/od2/B/202607/b260709.lzh,2026-10-03T18:26:06.013459+09:00
20260709,24,大村,4,20260709-24-04,4,4182,吉田和仁,42,滋賀,55.0,B1,4.83,27.62,4.2,20.0,31,50.0,36,35.71,425 6 32,,https://www1.mbrace.or.jp/od2/B/202607/b260709.lzh,2026-10-03T18:26:06.013459+09:00
20260709,24,大村,4,20260709-24-04,5,4931,木谷賢太,30,香川,54.0,A1,6.84,50.0,5.94,38.89,14,32.14,66,27.27,4 214163,12,https://www1.mbrace.or.jp/od2/B/202607/b260709.lzh,2026-10-03T18:26:06.013459+09:00
20260709,24,大村,4,20260709-24-04,6,5423,高橋嗣穏,24,徳島,51.0,B2,1.14,0.0,0.0,0.0,11,12.0,50,60.71,6 666 5,8,https://www1.mbrace.or.jp/od2/B/202607/b260709.lzh,2026-10-03T18:26:06.013459+09:00
20260709,24,大村,5,20260709-24-05,1,3611,岩崎芳美,53,徳島,48.0,A2,6.2,41.67,4.2,33.33,34,53.85,35,45.0,21336 46,10,https://www1.mbrace.or.jp/od2/B/202607/b260709.lzh,2026-10-03T18:26:06.013459+09:00
20260709,24,大村,5,20260709-24-05,2,4402,乙藤智史,41,福岡,54.0,A2,5.96,40.22,5.33,36.36,49,37.04,38,33.33,4 111625,12,https://www1.mbrace.or.jp/od2/B/202607/b260709.lzh,2026-10-03T18:26:06.013459+09:00
20260709,24,大村,5,20260709-24-05,3,3617,竹田広樹,53,佐賀,54.0,B1,4.03,21.67,3.0,14.29,65,45.45,71,33.33,1 665 5,1,https://www1.mbrace.or.jp/od2/B/202607/b260709.lzh,2026-10-03T18:26:06.013459+09:00
20260709,24,大村,5,20260709-24-05,4,4213,重富伸也,42,長崎,54.0,B1,4.04,23.29,4.49,27.73,18,13.64,61,8.7,5 25426,1,https://www1.mbrace.or.jp/od2/B/202607/b260709.lzh,2026-10-03T18:26:06.013459+09:00
20260709,24,大村,5,20260709-24-05,5,4486,野村誠,40,群馬,53.0,A2,5.81,41.67,3.18,18.18,48,33.33,49,40.0,323 4343,10,https://www1.mbrace.or.jp/od2/B/202607/b260709.lzh,2026-10-03T18:26:06.013459+09:00
20260709,24,大村,5,20260709-24-05,6,5310,土屋蘭,21,岡山,45.0,B1,4.54,17.54,3.4,10.0,33,42.31,48,46.43,633 436,9,https://www1.mbrace.or.jp/od2/B/202607/b260709.lzh,2026-10-03T18:26:06.013459+09:00
20260709,24,大村,6,20260709-24-06,1,4150,山田雄太,44,静岡,58.0,A2,5.94,43.01,5.47,35.29,44,53.85,75,38.89,662 2126,12,https://www1.mbrace.or.jp/od2/B/202607/b260709.lzh,2026-10-03T18:26:06.013459+09:00
20260709,24,大村,6,20260709-24-06,2,4123,細川裕子,44,愛知,47.0,A1,6.74,50.0,5.2,30.0,19,25.0,81,56.52,15312465,10,https://www1.mbrace.or.jp/od2/B/202607/b260709.lzh,2026-10-03T18:26:06.013459+09:00
20260709,24,大村,6,20260709-24-06,3,4552,杉山勝匡,37,佐賀,50.0,B1,4.67,28.57,4.98,32.0,74,27.27,52,15.0,66236 3,2,https://www1.mbrace.or.jp/od2/B/202607/b260709.lzh,2026-10-03T18:26:06.013459+09:00
20260709,24,大村,6,20260709-24-06,4,3357,福島陽子,57,岡山,48.0,B1,4.23,18.18,3.88,17.65,73,8.33,78,27.27,6 452 4,1,https://www1.mbrace.or.jp/od2/B/202607/b260709.lzh,2026-10-03T18:26:06.013459+09:00
20260709,24,大村,6,20260709-24-06,5,3581,加木郁,53,山口,53.0,B1,5.35,31.37,5.49,35.9,57,48.0,53,21.43,433 6 53,,https://www1.mbrace.or.jp/od2/B/202607/b260709.lzh,2026-10-03T18:26:06.013459+09:00
20260709,24,大村,6,20260709-24-06,6,4096,石橋道友,44,長崎,53.0,A1,5.99,41.76,7.3,59.68,69,35.29,73,45.83,622 3213,10,https://www1.mbrace.or.jp/od2/B/202607/b260709.lzh,2026-10-03T18:26:06.013459+09:00
20260709,24,大村,7,20260709-24-07,1,3703,鳥飼眞,52,福岡,50.0,A2,6.05,46.23,5.7,39.13,39,35.71,40,35.71,1 343334,12,https://www1.mbrace.or.jp/od2/B/202607/b260709.lzh,2026-10-03T18:26:06.013459+09:00
20260709,24,大村,7,20260709-24-07,2,5011,高木圭大,29,長崎,53.0,B1,3.66,16.22,4.13,22.62,47,45.83,69,43.48,534 553,2,https://www1.mbrace.or.jp/od2/B/202607/b260709.lzh,2026-10-03T18:26:06.013459+09:00
20260709,24,大村,7,20260709-24-07,3,3207,田村美和,60,東京,53.0,B1,3.28,13.92,2.57,0.0,51,25.0,31,47.83,6 644 4,2,https://www1.mbrace.or.jp/od2/B/202607/b260709.lzh,2026-10-03T18:26:06.013459+09:00
20260709,24,大村,7,20260709-24-07,4,4873,蒲原健太,32,佐賀,52.0,B1,5.04,30.7,5.91,34.88,26,28.0,59,47.83,4 6 536,1,https://www1.mbrace.or.jp/od2/B/202607/b260709.lzh,2026-10-03T18:26:06.013459+09:00
20260709,24,大村,7,20260709-24-07,5,4592,小林孝弘,45,山口,51.0,B1,4.79,26.76,3.68,12.9,68,25.0,29,38.46,4 266 3,3,https://www1.mbrace.or.jp/od2/B/202607/b260709.lzh,2026-10-03T18:26:06.013459+09:00
20260709,24,大村,7,20260709-24-07,6,5438,星田夢結,20,福岡,50.0,B2,1.53,0.0,2.11,0.0,72,13.04,43,35.71,5 55664,,https://www1.mbrace.or.jp/od2/B/202607/b260709.lzh,2026-10-03T18:26:06.013459+09:00
20260709,24,大村,8,20260709-24-08,1,3826,村田修次,52,東京,54.0,A2,6.32,45.37,6.05,42.11,40,23.08,62,50.0,321 2544,12,https://www1.mbrace.or.jp/od2/B/202607/b260709.lzh,2026-10-03T18:26:06.013459+09:00
20260709,24,大村,8,20260709-24-08,2,5227,川原愛未,24,福岡,54.0,B2,2.5,16.67,1.71,0.0,27,23.81,39,47.62,645 615,2,https://www1.mbrace.or.jp/od2/B/202607/b260709.lzh,2026-10-03T18:26:06.013459+09:00
20260709,24,大村,8,20260709-24-08,3,5289,佃來紀,25,大阪,52.0,A2,5.92,41.3,0.0,0.0,21,17.39,84,7.69,254 5416,,https://www1.mbrace.or.jp/od2/B/202607/b260709.lzh,2026-10-03T18:26:06.013459+09:00
20260709,24,大村,8,20260709-24-08,4,4750,井上尚悟,39,大阪,52.0,B1,5.59,38.75,4.0,10.0,58,42.86,85,56.52,4 264 4,3,https://www1.mbrace.or.jp/od2/B/202607/b260709.lzh,2026-10-03T18:26:06.013459+09:00
20260709,24,大村,8,20260709-24-08,5,3973,崎利仁,49,群馬,55.0,B1,4.21,21.28,3.43,0.0,55,22.22,44,10.0,2 453 52,1,https://www1.mbrace.or.jp/od2/B/202607/b260709.lzh,2026-10-03T18:26:06.013459+09:00
20260709,24,大村,8,20260709-24-08,6,5423,高橋嗣穏,24,徳島,51.0,B2,1.14,0.0,0.0,0.0,11,12.0,50,60.71,6 666 5,4,https://www1.mbrace.or.jp/od2/B/202607/b260709.lzh,2026-10-03T18:26:06.013459+09:00
20260709,24,大村,9,20260709-24-09,1,5310,土屋蘭,21,岡山,45.0,B1,4.54,17.54,3.4,10.0,33,42.31,48,46.43,633 436,5,https://www1.mbrace.or.jp/od2/B/202607/b260709.lzh,2026-10-03T18:26:06.013459+09:00
20260709,24,大村,9,20260709-24-09,2,3583,齋藤智裕,53,埼玉,57.0,B1,3.46,10.29,3.63,15.79,17,60.0,28,37.04,1 346 24,,https://www1.mbrace.or.jp/od2/B/202607/b260709.lzh,2026-10-03T18:26:06.013459+09:00
20260709,24,大村,9,20260709-24-09,3,3566,川添英正,56,福岡,52.0,B1,4.6,24.39,4.91,21.74,16,30.77,60,27.27,551 155,3,https://www1.mbrace.or.jp/od2/B/202607/b260709.lzh,2026-10-03T18:26:06.013459+09:00
20260709,24,大村,9,20260709-24-09,4,5280,廣瀬凜,23,滋賀,52.0,A1,7.24,55.93,3.88,12.5,80,26.92,26,20.0,3S132 51,,https://www1.mbrace.or.jp/od2/B/202607/b260709.lzh,2026-10-03T18:26:06.013459+09:00
20260709,24,大村,9,20260709-24-09,5,4119,泥谷一毅,45,大阪,54.0,B1,6.01,37.5,4.29,23.81,60,26.09,79,40.91,153 451,2,https://www1.mbrace.or.jp/od2/B/202607/b260709.lzh,2026-10-03T18:26:06.013459+09:00
20260709,24,大村,9,20260709-24-09,6,4729,佐藤謙史,37,福岡,57.0,B1,4.21,17.91,3.92,8.33,43,26.92,80,29.17,5 325 3,3,https://www1.mbrace.or.jp/od2/B/202607/b260709.lzh,2026-10-03T18:26:06.013459+09:00
20260709,24,大村,10,20260709-24-10,1,4096,石橋道友,44,長崎,53.0,A1,5.99,41.76,7.3,59.68,69,35.29,73,45.83,622 3213,6,https://www1.mbrace.or.jp/od2/B/202607/b260709.lzh,2026-10-03T18:26:06.013459+09:00
20260709,24,大村,10,20260709-24-10,2,4486,野村誠,40,群馬,53.0,A2,5.81,41.67,3.18,18.18,48,33.33,49,40.0,323 4343,5,https://www1.mbrace.or.jp/od2/B/202607/b260709.lzh,2026-10-03T18:26:06.013459+09:00
20260709,24,大村,10,20260709-24-10,3,3997,北村征嗣,47,大阪,53.0,A1,6.29,42.15,6.51,48.57,77,27.27,45,42.86,1 542534,4,https://www1.mbrace.or.jp/od2/B/202607/b260709.lzh,2026-10-03T18:26:06.013459+09:00
20260709,24,大村,10,20260709-24-10,4,4123,細川裕子,44,愛知,47.0,A1,6.74,50.0,5.2,30.0,19,25.0,81,56.52,15312465,6,https://www1.mbrace.or.jp/od2/B/202607/b260709.lzh,2026-10-03T18:26:06.013459+09:00
20260709,24,大村,10,20260709-24-10,5,3611,岩崎芳美,53,徳島,48.0,A2,6.2,41.67,4.2,33.33,34,53.85,35,45.0,21336 46,5,https://www1.mbrace.or.jp/od2/B/202607/b260709.lzh,2026-10-03T18:26:06.013459+09:00
20260709,24,大村,10,20260709-24-10,6,3975,小野寺智,49,香川,52.0,A2,5.68,34.02,5.67,32.56,46,38.46,21,18.52,2 451416,4,https://www1.mbrace.or.jp/od2/B/202607/b260709.lzh,2026-10-03T18:26:06.013459+09:00
20260709,24,大村,11,20260709-24-11,1,4757,山田祐也,36,徳島,53.0,A1,6.67,44.33,6.8,48.0,54,40.74,54,11.76,21121 21,,https://www1.mbrace.or.jp/od2/B/202607/b260709.lzh,2026-10-03T18:26:06.013459+09:00
20260709,24,大村,11,20260709-24-11,2,4960,黒野元基,30,愛知,52.0,A1,7.66,64.76,8.0,83.33,56,42.86,27,20.69,332 1111,,https://www1.mbrace.or.jp/od2/B/202607/b260709.lzh,2026-10-03T18:26:06.013459+09:00
20260709,24,大村,11,20260709-24-11,3,5298,水谷理人,23,香川,51.0,A1,7.15,54.46,4.03,20.0,38,36.0,77,27.27,14411 11,,https://www1.mbrace.or.jp/od2/B/202607/b260709.lzh,2026-10-03T18:26:06.013459+09:00
20260709,24,大村,11,20260709-24-11,4,4019,笠原亮,46,静岡,53.0,A1,6.9,50.0,8.16,73.68,52,34.62,55,31.82,212 3212,,https://www1.mbrace.or.jp/od2/B/202607/b260709.lzh,2026-10-03T18:26:06.013459+09:00
20260709,24,大村,11,20260709-24-11,5,4447,深川麻奈,39,福岡,47.0,B1,5.23,30.93,6.36,52.0,59,50.0,76,16.13,3 121222,,https://www1.mbrace.or.jp/od2/B/202607/b260709.lzh,2026-10-03T18:26:06.013459+09:00
20260709,24,大村,11,20260709-24-11,6,4594,谷川祐一,44,滋賀,54.0,B1,6.05,45.45,6.2,45.71,12,4.0,82,29.17,334 1322,,https://www1.mbrace.or.jp/od2/B/202607/b260709.lzh,2026-10-03T18:26:06.013459+09:00
20260709,24,大村,12,20260709-24-12,1,4931,木谷賢太,30,香川,54.0,A1,6.84,50.0,5.94,38.89,14,32.14,66,27.27,4 214163,4,https://www1.mbrace.or.jp/od2/B/202607/b260709.lzh,2026-10-03T18:26:06.013459+09:00
20260709,24,大村,12,20260709-24-12,2,3826,村田修次,52,東京,54.0,A2,6.32,45.37,6.05,42.11,40,23.08,62,50.0,321 2544,8,https://www1.mbrace.or.jp/od2/B/202607/b260709.lzh,2026-10-03T18:26:06.013459+09:00
20260709,24,大村,12,20260709-24-12,3,3703,鳥飼眞,52,福岡,50.0,A2,6.05,46.23,5.7,39.13,39,35.71,40,35.71,1 343334,7,https://www1.mbrace.or.jp/od2/B/202607/b260709.lzh,2026-10-03T18:26:06.013459+09:00
20260709,24,大村,12,20260709-24-12,4,4875,大塚康雅,31,東京,51.0,B1,5.19,32.94,5.02,26.09,37,36.0,83,36.36,1 1 4415,3,https://www1.mbrace.or.jp/od2/B/202607/b260709.lzh,2026-10-03T18:26:06.013459+09:00
20260709,24,大村,12,20260709-24-12,5,4402,乙藤智史,41,福岡,54.0,A2,5.96,40.22,5.33,36.36,49,37.04,38,33.33,4 111625,5,https://www1.mbrace.or.jp/od2/B/202607/b260709.lzh,2026-10-03T18:26:06.013459+09:00
20260709,24,大村,12,20260709-24-12,6,4150,山田雄太,44,静岡,58.0,A2,5.94,43.01,5.47,35.29,44,53.85,75,38.89,662 2126,6,https://www1.mbrace.or.jp/od2/B/202607/b260709.lzh,2026-10-03T18:26:06.013459+09:00
20260709,20,若松,1,20260709-20-01,1,4431,石塚裕介,40,三重,53.0,B1,4.9,31.43,5.5,30.0,9,37.96,14,28.57,3 16,,https://www1.mbrace.or.jp/od2/B/202607/b260709.lzh,2026-10-03T18:26:06.013459+09:00
20260709,20,若松,1,20260709-20-01,2,4410,井上大輔,40,岡山,52.0,B1,4.43,21.65,4.31,21.88,42,42.34,42,7.14,3 54,11,https://www1.mbrace.or.jp/od2/B/202607/b260709.lzh,2026-10-03T18:26:06.013459+09:00
20260709,20,若松,1,20260709-20-01,3,5083,柳瀬幹太,27,山口,55.0,B1,4.73,30.3,5.12,17.65,3,37.68,24,40.0,4 46,,https://www1.mbrace.or.jp/od2/B/202607/b260709.lzh,2026-10-03T18:26:06.013459+09:00
20260709,20,若松,1,20260709-20-01,4,4966,田川大貴,28,長崎,55.0,B1,5.27,35.16,5.07,36.67,50,33.33,65,26.09,54S,5,https://www1.mbrace.or.jp/od2/B/202607/b260709.lzh,2026-10-03T18:26:06.013459+09:00
20260709,20,若松,1,20260709-20-01,5,3572,安田政彦,54,兵庫,54.0,B1,4.91,25.23,0.0,0.0,26,31.3,36,43.75,2 23,6,https://www1.mbrace.or.jp/od2/B/202607/b260709.lzh,2026-10-03T18:26:06.013459+09:00
20260709,20,若松,1,20260709-20-01,6,3687,花田和明,56,愛知,52.0,B1,5.23,31.4,4.86,28.57,52,34.38,32,35.71,5 55,10,https://www1.mbrace.or.jp/od2/B/202607/b260709.lzh,2026-10-03T18:26:06.013459+09:00
20260709,20,若松,2,20260709-20-02,1,4978,山田和佐,32,広島,54.0,B1,4.85,26.09,3.96,21.43,54,29.92,37,25.0,4 15,6,https://www1.mbrace.or.jp/od2/B/202607/b260709.lzh,2026-10-03T18:26:06.013459+09:00
20260709,20,若松,2,20260709-20-02,2,4369,丹下将,40,愛知,57.0,A2,5.77,37.27,6.35,58.06,21,38.4,15,43.75,662,12,https://www1.mbrace.or.jp/od2/B/202607/b260709.lzh,2026-10-03T18:26:06.013459+09:00
20260709,20,若松,2,20260709-20-02,3,5036,福田翔吾,28,大阪,53.0,B1,5.34,34.02,4.54,28.57,45,34.53,55,29.41,2 S6,7,https://www1.mbrace.or.jp/od2/B/202607/b260709.lzh,2026-10-03T18:26:06.013459+09:00
20260709,20,若松,2,20260709-20-02,4,3574,大神康司,53,福岡,52.0,A1,6.19,47.87,6.55,51.65,2,33.85,64,4.55,1 S1,10,https://www1.mbrace.or.jp/od2/B/202607/b260709.lzh,2026-10-03T18:26:06.013459+09:00
20260709,20,若松,2,20260709-20-02,5,3984,坂口周,48,三重,54.0,A1,6.41,44.44,6.51,43.24,23,43.41,17,33.33,315,11,https://www1.mbrace.or.jp/od2/B/202607/b260709.lzh,2026-10-03T18:26:06.013459+09:00
20260709,20,若松,2,20260709-20-02,6,3857,阿波勝哉,53,東京,56.0,B1,4.46,26.58,5.03,18.92,60,30.23,63,20.0,263,9,https://www1.mbrace.or.jp/od2/B/202607/b260709.lzh,2026-10-03T18:26:06.013459+09:00
20260709,20,若松,3,20260709-20-03,1,4766,石井孝之,35,群馬,55.0,B1,3.97,17.74,0.0,0.0,49,51.67,49,33.33,546,,https://www1.mbrace.or.jp/od2/B/202607/b260709.lzh,2026-10-03T18:26:06.013459+09:00
20260709,20,若松,3,20260709-20-03,2,4370,山口達也,39,岡山,53.0,A1,5.83,40.22,6.14,44.44,19,32.33,44,40.0,421,10,https://www1.mbrace.or.jp/od2/B/202607/b260709.lzh,2026-10-03T18:26:06.013459+09:00
20260709,20,若松,3,20260709-20-03,3,4131,原豊土,46,静岡,55.0,B1,6.14,44.04,0.0,0.0,39,42.45,12,17.65,3 31,7,https://www1.mbrace.or.jp/od2/B/202607/b260709.lzh,2026-10-03T18:26:06.013459+09:00
20260709,20,若松,3,20260709-20-03,4,3863,海老澤泰,52,東京,57.0,B1,4.48,19.75,4.4,28.0,41,32.85,43,38.89,2 45,,https://www1.mbrace.or.jp/od2/B/202607/b260709.lzh,2026-10-03T18:26:06.013459+09:00
20260709,20,若松,3,20260709-20-03,5,3327,野長瀬正,58,静岡,52.0,A2,6.07,44.33,5.5,35.71,61,30.53,57,21.43,3 11,9,https://www1.mbrace.or.jp/od2/B/202607/b260709.lzh,2026-10-03T18:26:06.013459+09:00
20260709,20,若松,3,20260709-20-03,6,4601,森野正弘,41,山口,57.0,A1,6.86,55.86,7.47,65.79,40,36.43,56,6.67,1 53,12,https://www1.mbrace.or.jp/od2/B/202607/b260709.lzh,2026-10-03T18:26:06.013459+09:00
20260709,20,若松,4,20260709-20-04,1,4918,川島拓郎,37,静岡,54.0,B1,4.87,29.11,5.4,30.0,58,31.78,72,47.06,536,11,https://www1.mbrace.or.jp/od2/B/202607/b260709.lzh,2026-10-03T18:26:06.013459+09:00
20260709,20,若松,4,20260709-20-04,2,3562,山下和彦,57,広島,52.0,A2,5.84,43.48,5.65,30.77,35,41.43,53,14.29,4 31,8,https://www1.mbrace.or.jp/od2/B/202607/b260709.lzh,2026-10-03T18:26:06.013459+09:00
20260709,20,若松,4,20260709-20-04,3,4363,大野芳顕,41,福岡,54.0,A2,5.66,38.74,5.87,40.3,25,45.11,29,29.41,5 42,10,https://www1.mbrace.or.jp/od2/B/202607/b260709.lzh,2026-10-03T18:26:06.013459+09:00
20260709,20,若松,4,20260709-20-04,4,3475,橋本久和,56,群馬,53.0,B1,5.63,39.44,0.0,0.0,15,39.06,22,31.25,464,9,https://www1.mbrace.or.jp/od2/B/202607/b260709.lzh,2026-10-03T18:26:06.013459+09:00
20260709,20,若松,4,20260709-20-04,5,4914,吉田裕平,29,愛知,50.0,A1,7.12,48.45,7.44,51.85,30,26.4,23,56.25,155,12,https://www1.mbrace.or.jp/od2/B/202607/b260709.lzh,2026-10-03T18:26:06.013459+09:00
20260709,20,若松,4,20260709-20-04,6,4676,後藤隼之,38,東京,57.0,A2,5.1,23.17,3.69,23.08,5,45.26,28,29.41,1533,,https://www1.mbrace.or.jp/od2/B/202607/b260709.lzh,2026-10-03T18:26:06.013459+09:00
20260709,20,若松,5,20260709-20-05,1,4174,赤坂俊輔,43,長崎,52.0,A1,6.35,39.83,5.92,41.67,13,34.65,38,42.86,5 43,11,https://www1.mbrace.or.jp/od2/B/202607/b260709.lzh,2026-10-03T18:26:06.013459+09:00
20260709,20,若松,5,20260709-20-05,2,5015,高橋竜矢,28,広島,52.0,A1,7.05,56.12,6.76,52.94,48,33.33,16,23.53,4611,10,https://www1.mbrace.or.jp/od2/B/202607/b260709.lzh,2026-10-03T18:26:06.013459+09:00
20260709,20,若松,5,20260709-20-05,3,4258,関根彰人,42,埼玉,52.0,B1,4.9,35.8,5.32,21.05,44,31.65,19,31.25,345,,https://www1.mbrace.or.jp/od2/B/202607/b260709.lzh,2026-10-03T18:26:06.013459+09:00
20260709,20,若松,5,20260709-20-05,4,4079,出畑孝典,47,福岡,53.0,A2,5.68,34.0,6.13,46.15,8,32.09,13,33.33,216,12,https://www1.mbrace.or.jp/od2/B/202607/b260709.lzh,2026-10-03T18:26:06.013459+09:00
20260709,20,若松,5,20260709-20-05,5,5107,松本真広,27,福岡,49.0,B1,4.42,20.83,4.31,19.23,27,30.0,58,13.33,664,,https://www1.mbrace.or.jp/od2/B/202607/b260709.lzh,2026-10-03T18:26:06.013459+09:00
20260709,20,若松,5,20260709-20-05,6,4966,田川大貴,28,長崎,55.0,B1,5.27,35.16,5.07,36.67,50,33.33,65,26.09,54S,1,https://www1.mbrace.or.jp/od2/B/202607/b260709.lzh,2026-10-03T18:26:06.013459+09:00
20260709,20,若松,6,20260709-20-06,1,3572,安田政彦,54,兵庫,54.0,B1,4.91,25.23,0.0,0.0,26,31.3,36,43.75,2 23,1,https://www1.mbrace.or.jp/od2/B/202607/b260709.lzh,2026-10-03T18:26:06.013459+09:00
20260709,20,若松,6,20260709-20-06,2,4526,池田雄祐,38,愛知,52.0,A2,6.18,48.0,6.78,43.48,32,35.07,61,33.33,633,12,https://www1.mbrace.or.jp/od2/B/202607/b260709.lzh,2026-10-03T18:26:06.013459+09:00
20260709,20,若松,6,20260709-20-06,3,4725,佐竹太一,39,兵庫,53.0,B1,5.1,29.11,5.03,30.3,18,33.6,74,37.5,4 36,10,https://www1.mbrace.or.jp/od2/B/202607/b260709.lzh,2026-10-03T18:26:06.013459+09:00
20260709,20,若松,6,20260709-20-06,4,4371,西山貴浩,39,福岡,52.0,A1,7.24,46.46,7.9,58.04,22,30.77,27,31.58,212,11,https://www1.mbrace.or.jp/od2/B/202607/b260709.lzh,2026-10-03T18:26:06.013459+09:00
20260709,20,若松,6,20260709-20-06,5,4978,山田和佐,32,広島,54.0,B1,4.85,26.09,3.96,21.43,54,29.92,37,25.0,4 15,2,https://www1.mbrace.or.jp/od2/B/202607/b260709.lzh,2026-10-03T18:26:06.013459+09:00
20260709,20,若松,6,20260709-20-06,6,3853,岩崎正哉,53,福岡,56.0,A2,6.07,42.11,5.96,41.25,47,35.66,50,33.33,2 15,,https://www1.mbrace.or.jp/od2/B/202607/b260709.lzh,2026-10-03T18:26:06.013459+09:00
20260709,20,若松,7,20260709-20-07,1,3679,飯島昌弘,53,埼玉,53.0,A2,6.65,50.54,0.0,0.0,53,26.89,70,50.0,214,11,https://www1.mbrace.or.jp/od2/B/202607/b260709.lzh,2026-10-03T18:26:06.013459+09:00
20260709,20,若松,7,20260709-20-07,2,5036,福田翔吾,28,大阪,53.0,B1,5.34,34.02,4.54,28.57,45,34.53,55,29.41,2 S6,2,https://www1.mbrace.or.jp/od2/B/202607/b260709.lzh,2026-10-03T18:26:06.013459+09:00
20260709,20,若松,7,20260709-20-07,3,4360,庄司孝輔,41,静岡,53.0,A2,5.81,33.0,5.63,31.58,12,33.82,52,18.75,5626,,https://www1.mbrace.or.jp/od2/B/202607/b260709.lzh,2026-10-03T18:26:06.013459+09:00
20260709,20,若松,7,20260709-20-07,4,4131,原豊土,46,静岡,55.0,B1,6.14,44.04,0.0,0.0,39,42.45,12,17.65,3 31,3,https://www1.mbrace.or.jp/od2/B/202607/b260709.lzh,2026-10-03T18:26:06.013459+09:00
20260709,20,若松,7,20260709-20-07,5,5222,津田陸翔,25,広島,52.0,A1,6.51,46.15,5.71,32.14,31,32.56,11,52.94,1645,,https://www1.mbrace.or.jp/od2/B/202607/b260709.lzh,2026-10-03T18:26:06.013459+09:00
20260709,20,若松,7,20260709-20-07,6,4362,土屋智則,41,群馬,54.0,A1,6.79,47.06,6.26,21.74,33,31.43,68,61.11,3324,,https://www1.mbrace.or.jp/od2/B/202607/b260709.lzh,2026-10-03T18:26:06.013459+09:00
20260709,20,若松,8,20260709-20-08,1,3562,山下和彦,57,広島,52.0,A2,5.84,43.48,5.65,30.77,35,41.43,53,14.29,4 31,4,https://www1.mbrace.or.jp/od2/B/202607/b260709.lzh,2026-10-03T18:26:06.013459+09:00
20260709,20,若松,8,20260709-20-08,2,4907,小池修平,31,大阪,52.0,A1,7.23,54.95,6.33,55.56,34,36.88,20,35.29,3413,12,https://www1.mbrace.or.jp/od2/B/202607/b260709.lzh,2026-10-03T18:26:06.013459+09:00
20260709,20,若松,8,20260709-20-08,3,4483,北野輝季,37,愛知,54.0,A1,6.69,48.11,5.94,44.44,14,33.33,71,43.75,1222,,https://www1.mbrace.or.jp/od2/B/202607/b260709.lzh,2026-10-03T18:26:06.013459+09:00
20260709,20,若松,8,20260709-20-08,4,4346,前田健太,41,福岡,56.0,B1,4.28,29.47,3.49,17.02,4,37.78,35,47.06,666,,https://www1.mbrace.or.jp/od2/B/202607/b260709.lzh,2026-10-03T18:26:06.013459+09:00
20260709,20,若松,8,20260709-20-08,5,3563,堤昇,56,静岡,52.0,B1,5.44,32.04,5.36,36.36,46,33.81,45,27.78,5 23,,https://www1.mbrace.or.jp/od2/B/202607/b260709.lzh,2026-10-03T18:26:06.013459+09:00
20260709,20,若松,8,20260709-20-08,6,3656,伯母芳恒,52,東京,55.0,B1,5.13,29.87,4.4,25.0,51,48.74,60,33.33,134,,https://www1.mbrace.or.jp/od2/B/202607/b260709.lzh,2026-10-03T18:26:06.013459+09:00
20260709,20,若松,9,20260709-20-09,1,3327,野長瀬正,58,静岡,52.0,A2,6.07,44.33,5.5,35.71,61,30.53,57,21.43,3 11,3,https://www1.mbrace.or.jp/od2/B/202607/b260709.lzh,2026-10-03T18:26:06.013459+09:00
20260709,20,若松,9,20260709-20-09,2,3558,山本浩次,53,岡山,54.0,B1,4.86,28.24,2.15,7.69,20,41.32,69,37.5,146,,https://www1.mbrace.or.jp/od2/B/202607/b260709.lzh,2026-10-03T18:26:06.013459+09:00
20260709,20,若松,9,20260709-20-09,3,5246,楠将太郎,24,埼玉,52.0,A2,5.26,38.36,4.0,11.11,43,35.82,47,33.33,5524,,https://www1.mbrace.or.jp/od2/B/202607/b260709.lzh,2026-10-03T18:26:06.013459+09:00
20260709,20,若松,9,20260709-20-09,4,3857,阿波勝哉,53,東京,56.0,B1,4.46,26.58,5.03,18.92,60,30.23,63,20.0,263,2,https://www1.mbrace.or.jp/od2/B/202607/b260709.lzh,2026-10-03T18:26:06.013459+09:00
20260709,20,若松,9,20260709-20-09,5,3475,橋本久和,56,群馬,53.0,B1,5.63,39.44,0.0,0.0,15,39.06,22,31.25,464,4,https://www1.mbrace.or.jp/od2/B/202607/b260709.lzh,2026-10-03T18:26:06.013459+09:00
20260709,20,若松,9,20260709-20-09,6,4350,篠崎元志,40,福岡,53.0,A1,7.65,61.36,6.88,44.64,6,33.82,41,47.06,2222,,https://www1.mbrace.or.jp/od2/B/202607/b260709.lzh,2026-10-03T18:26:06.013459+09:00
20260709,20,若松,10,20260709-20-10,1,4370,山口達也,39,岡山,53.0,A1,5.83,40.22,6.14,44.44,19,32.33,44,40.0,421,3,https://www1.mbrace.or.jp/od2/B/202607/b260709.lzh,2026-10-03T18:26:06.013459+09:00
20260709,20,若松,10,20260709-20-10,2,3687,花田和明,56,愛知,52.0,B1,5.23,31.4,4.86,28.57,52,34.38,32,35.71,5 55,1,https://www1.mbrace.or.jp/od2/B/202607/b260709.lzh,2026-10-03T18:26:06.013459+09:00
20260709,20,若松,10,20260709-20-10,3,3574,大神康司,53,福岡,52.0,A1,6.19,47.87,6.55,51.65,2,33.85,64,4.55,1 S1,2,https://www1.mbrace.or.jp/od2/B/202607/b260709.lzh,2026-10-03T18:26:06.013459+09:00
20260709,20,若松,10,20260709-20-10,4,4363,大野芳顕,41,福岡,54.0,A2,5.66,38.74,5.87,40.3,25,45.11,29,29.41,5 42,4,https://www1.mbrace.or.jp/od2/B/202607/b260709.lzh,2026-10-03T18:26:06.013459+09:00
20260709,20,若松,10,20260709-20-10,5,5015,高橋竜矢,28,広島,52.0,A1,7.05,56.12,6.76,52.94,48,33.33,16,23.53,4611,5,https://www1.mbrace.or.jp/od2/B/202607/b260709.lzh,2026-10-03T18:26:06.013459+09:00
20260709,20,若松,10,20260709-20-10,6,4725,佐竹太一,39,兵庫,53.0,B1,5.1,29.11,5.03,30.3,18,33.6,74,37.5,4 36,6,https://www1.mbrace.or.jp/od2/B/202607/b260709.lzh,2026-10-03T18:26:06.013459+09:00
20260709,20,若松,11,20260709-20-11,1,4371,西山貴浩,39,福岡,52.0,A1,7.24,46.46,7.9,58.04,22,30.77,27,31.58,212,6,https://www1.mbrace.or.jp/od2/B/202607/b260709.lzh,2026-10-03T18:26:06.013459+09:00
20260709,20,若松,11,20260709-20-11,2,4918,川島拓郎,37,静岡,54.0,B1,4.87,29.11,5.4,30.0,58,31.78,72,47.06,536,4,https://www1.mbrace.or.jp/od2/B/202607/b260709.lzh,2026-10-03T18:26:06.013459+09:00
20260709,20,若松,11,20260709-20-11,3,3984,坂口周,48,三重,54.0,A1,6.41,44.44,6.51,43.24,23,43.41,17,33.33,315,2,https://www1.mbrace.or.jp/od2/B/202607/b260709.lzh,2026-10-03T18:26:06.013459+09:00
20260709,20,若松,11,20260709-20-11,4,4174,赤坂俊輔,43,長崎,52.0,A1,6.35,39.83,5.92,41.67,13,34.65,38,42.86,5 43,5,https://www1.mbrace.or.jp/od2/B/202607/b260709.lzh,2026-10-03T18:26:06.013459+09:00
20260709,20,若松,11,20260709-20-11,5,3679,飯島昌弘,53,埼玉,53.0,A2,6.65,50.54,0.0,0.0,53,26.89,70,50.0,214,7,https://www1.mbrace.or.jp/od2/B/202607/b260709.lzh,2026-10-03T18:26:06.013459+09:00
20260709,20,若松,11,20260709-20-11,6,4410,井上大輔,40,岡山,52.0,B1,4.43,21.65,4.31,21.88,42,42.34,42,7.14,3 54,1,https://www1.mbrace.or.jp/od2/B/202607/b260709.lzh,2026-10-03T18:26:06.013459+09:00
20260709,20,若松,12,20260709-20-12,1,4907,小池修平,31,大阪,52.0,A1,7.23,54.95,6.33,55.56,34,36.88,20,35.29,3413,8,https://www1.mbrace.or.jp/od2/B/202607/b260709.lzh,2026-10-03T18:26:06.013459+09:00
20260709,20,若松,12,20260709-20-12,2,4079,出畑孝典,47,福岡,53.0,A2,5.68,34.0,6.13,46.15,8,32.09,13,33.33,216,5,https://www1.mbrace.or.jp/od2/B/202607/b260709.lzh,2026-10-03T18:26:06.013459+09:00
20260709,20,若松,12,20260709-20-12,3,4914,吉田裕平,29,愛知,50.0,A1,7.12,48.45,7.44,51.85,30,26.4,23,56.25,155,4,https://www1.mbrace.or.jp/od2/B/202607/b260709.lzh,2026-10-03T18:26:06.013459+09:00
20260709,20,若松,12,20260709-20-12,4,4601,森野正弘,41,山口,57.0,A1,6.86,55.86,7.47,65.79,40,36.43,56,6.67,1 53,3,https://www1.mbrace.or.jp/od2/B/202607/b260709.lzh,2026-10-03T18:26:06.013459+09:00
20260709,20,若松,12,20260709-20-12,5,4526,池田雄祐,38,愛知,52.0,A2,6.18,48.0,6.78,43.48,32,35.07,61,33.33,633,6,https://www1.mbrace.or.jp/od2/B/202607/b260709.lzh,2026-10-03T18:26:06.013459+09:00
20260709,20,若松,12,20260709-20-12,6,4369,丹下将,40,愛知,57.0,A2,5.77,37.27,6.35,58.06,21,38.4,15,43.75,662,2,https://www1.mbrace.or.jp/od2/B/202607/b260709.lzh,2026-10-03T18:26:06.013459+09:00
20260709,18,徳山,1,20260709-18-01,1,4515,藤田浩人,40,佐賀,55.0,A2,6.1,38.98,6.11,40.91,66,30.77,67,39.75,12252 3226,11,https://www1.mbrace.or.jp/od2/B/202607/b260709.lzh,2026-10-03T18:26:06.013459+09:00
20260709,18,徳山,1,20260709-18-01,2,5286,坂井滉哉,27,福岡,50.0,B1,4.72,24.14,3.48,12.0,29,33.33,66,33.13,5 621 2654,9,https://www1.mbrace.or.jp/od2/B/202607/b260709.lzh,2026-10-03T18:26:06.013459+09:00
20260709,18,徳山,1,20260709-18-01,3,3809,吉田光,51,佐賀,51.0,B1,4.0,9.43,3.52,21.74,65,21.95,50,39.38,356 35243,7,https://www1.mbrace.or.jp/od2/B/202607/b260709.lzh,2026-10-03T18:26:06.013459+09:00
20260709,18,徳山,1,20260709-18-01,4,3714,梶原正,51,福岡,55.0,B1,4.59,26.67,4.26,28.57,42,30.43,57,36.71,6 2516662,5,https://www1.mbrace.or.jp/od2/B/202607/b260709.lzh,2026-10-03T18:26:06.013459+09:00
20260709,18,徳山,1,20260709-18-01,5,3361,岡部浩,57,徳島,52.0,B1,4.51,26.47,3.71,20.59,22,31.91,23,35.67,564 566 3,6,https://www1.mbrace.or.jp/od2/B/202607/b260709.lzh,2026-10-03T18:26:06.013459+09:00
20260709,18,徳山,1,20260709-18-01,6,3901,松田憲幸,49,山口,52.0,B2,4.53,30.68,4.9,26.39,19,58.0,73,39.13,511 516315,11,https://www1.mbrace.or.jp/od2/B/202607/b260709.lzh,2026-10-03T18:26:06.013459+09:00
20260709,18,徳山,2,20260709-18-02,1,4259,真庭明志,42,長崎,52.0,A2,5.54,35.25,6.1,50.0,23,31.37,20,32.92,2 54435266,,https://www1.mbrace.or.jp/od2/B/202607/b260709.lzh,2026-10-03T18:26:06.013459+09:00
20260709,18,徳山,2,20260709-18-02,2,3868,尾形栄治,50,東京,55.0,B1,4.75,23.81,4.63,25.0,40,29.41,15,40.63,4 4135342,9,https://www1.mbrace.or.jp/od2/B/202607/b260709.lzh,2026-10-03T18:26:06.013459+09:00
20260709,18,徳山,2,20260709-18-02,3,3745,橋本年光,51,兵庫,53.0,B1,5.24,30.26,5.85,38.89,75,22.45,61,25.79,3 1364563,6,https://www1.mbrace.or.jp/od2/B/202607/b260709.lzh,2026-10-03T18:26:06.013459+09:00
20260709,18,徳山,2,20260709-18-02,4,4210,松村康太,43,福井,53.0,A2,5.57,30.69,6.67,55.56,32,24.53,43,29.56,344 414354,10,https://www1.mbrace.or.jp/od2/B/202607/b260709.lzh,2026-10-03T18:26:06.013459+09:00
20260709,18,徳山,2,20260709-18-02,5,4116,川田正人,45,徳島,53.0,B1,4.56,14.29,5.7,42.5,72,40.74,35,34.84,351 36536,7,https://www1.mbrace.or.jp/od2/B/202607/b260709.lzh,2026-10-03T18:26:06.013459+09:00
20260709,18,徳山,2,20260709-18-02,6,3744,徳増秀樹,51,静岡,53.0,A1,6.44,45.38,6.63,47.37,20,38.64,44,37.89,2426413 23,11,https://www1.mbrace.or.jp/od2/B/202607/b260709.lzh,2026-10-03T18:26:06.013459+09:00
20260709,18,徳山,3,20260709-18-03,1,3349,吉田一郎,58,長崎,52.0,A1,6.76,52.56,6.37,49.02,18,28.57,39,30.82,5 13231155,10,https://www1.mbrace.or.jp/od2/B/202607/b260709.lzh,2026-10-03T18:26:06.013459+09:00
20260709,18,徳山,3,20260709-18-03,2,5307,富永夏哉,22,佐賀,52.0,B1,4.46,25.81,2.84,10.53,37,20.83,65,28.57,351 56665,8,https://www1.mbrace.or.jp/od2/B/202607/b260709.lzh,2026-10-03T18:26:06.013459+09:00
20260709,18,徳山,3,20260709-18-03,3,4003,表憲一,48,福井,54.0,B1,5.63,36.11,5.5,25.0,28,22.0,53,31.88,43222 6443,7,https://www1.mbrace.or.jp/od2/B/202607/b260709.lzh,2026-10-03T18:26:06.013459+09:00
20260709,18,徳山,3,20260709-18-03,4,5311,小林京平,28,山口,52.0,B1,5.12,31.08,3.4,13.6,47,36.92,40,42.24,,7,https://www1.mbrace.or.jp/od2/B/202607/b260709.lzh,2026-10-03T18:26:06.013459+09:00
20260709,18,徳山,3,20260709-18-03,5,5228,若林樹蘭,23,東京,51.0,A2,5.38,29.69,5.11,22.22,16,30.0,48,30.82,6115325 44,8,https://www1.mbrace.or.jp/od2/B/202607/b260709.lzh,2026-10-03T18:26:06.013459+09:00
20260709,18,徳山,3,20260709-18-03,6,4315,山崎昂介,42,長崎,53.0,B1,5.23,34.48,5.14,40.0,12,35.19,45,35.03,25564 121,9,https://www1.mbrace.or.jp/od2/B/202607/b260709.lzh,2026-10-03T18:26:06.013459+09:00
20260709,18,徳山,4,20260709-18-04,1,4463,三苫晃幸,40,福岡,56.0,A2,6.48,48.75,5.09,30.3,67,33.33,34,29.45,463 642232,9,https://www1.mbrace.or.jp/od2/B/202607/b260709.lzh,2026-10-03T18:26:06.013459+09:00
20260709,18,徳山,4,20260709-18-04,2,5106,山崎祥,27,山口,52.0,A2,5.68,37.66,5.45,32.0,44,38.98,16,45.4,,8,https://www1.mbrace.or.jp/od2/B/202607/b260709.lzh,2026-10-03T18:26:06.013459+09:00
20260709,18,徳山,4,20260709-18-04,3,4988,牟田奨太,29,静岡,56.0,B1,4.45,31.71,3.08,15.38,69,38.18,46,30.86,3 1662565,8,https://www1.mbrace.or.jp/od2/B/202607/b260709.lzh,2026-10-03T18:26:06.013459+09:00
20260709,18,徳山,4,20260709-18-04,4,4619,伏田裕隆,43,東京,51.0,B1,4.92,31.31,0.0,0.0,35,35.19,12,35.44,2 62243461,9,https://www1.mbrace.or.jp/od2/B/202607/b260709.lzh,2026-10-03T18:26:06.013459+09:00
20260709,18,徳山,4,20260709-18-04,5,4167,片岡秀樹,44,徳島,56.0,B1,3.89,10.67,4.14,18.92,14,40.0,18,37.89,6 62212444,11,https://www1.mbrace.or.jp/od2/B/202607/b260709.lzh,2026-10-03T18:26:06.013459+09:00
20260709,18,徳山,4,20260709-18-04,6,5468,山口隼人,19,福岡,53.0,B2,1.42,0.0,0.0,0.0,71,38.18,37,35.0,6 455 6666,,https://www1.mbrace.or.jp/od2/B/202607/b260709.lzh,2026-10-03T18:26:06.013459+09:00
20260709,18,徳山,5,20260709-18-05,1,4695,尾崎雄二,40,長崎,56.0,A2,5.57,43.04,5.29,35.71,13,38.78,41,36.65,423 324541,11,https://www1.mbrace.or.jp/od2/B/202607/b260709.lzh,2026-10-03T18:26:06.013459+09:00
20260709,18,徳山,5,20260709-18-05,2,4603,谷川将太,38,長崎,53.0,B1,5.53,37.5,5.59,37.93,64,42.59,51,31.65,2 31633356,10,https://www1.mbrace.or.jp/od2/B/202607/b260709.lzh,2026-10-03T18:26:06.013459+09:00
20260709,18,徳山,5,20260709-18-05,3,5114,小林孝彰,26,福井,53.0,B1,5.91,43.97,5.11,27.27,15,43.14,64,36.48,654 451 11,9,https://www1.mbrace.or.jp/od2/B/202607/b260709.lzh,2026-10-03T18:26:06.013459+09:00
20260709,18,徳山,5,20260709-18-05,4,3293,宮内由紀,60,東京,54.0,B1,3.44,10.29,3.33,11.11,31,37.5,28,27.04,455 655 4,,https://www1.mbrace.or.jp/od2/B/202607/b260709.lzh,2026-10-03T18:26:06.013459+09:00
20260709,18,徳山,5,20260709-18-05,5,3714,梶原正,51,福岡,55.0,B1,4.59,26.67,4.26,28.57,42,30.43,57,36.71,6 2516662,1,https://www1.mbrace.or.jp/od2/B/202607/b260709.lzh,2026-10-03T18:26:06.013459+09:00
20260709,18,徳山,5,20260709-18-05,6,4058,野末智一,47,静岡,52.0,A1,6.02,43.33,5.52,36.0,34,24.56,59,39.75,5323125 23,10,https://www1.mbrace.or.jp/od2/B/202607/b260709.lzh,2026-10-03T18:26:06.013459+09:00
20260709,18,徳山,6,20260709-18-06,1,3745,橋本年光,51,兵庫,53.0,B1,5.24,30.26,5.85,38.89,75,22.45,61,25.79,3 1364563,2,https://www1.mbrace.or.jp/od2/B/202607/b260709.lzh,2026-10-03T18:26:06.013459+09:00
20260709,18,徳山,6,20260709-18-06,2,2538,高橋二朗,77,東京,51.0,B1,3.34,6.1,2.13,0.0,38,29.41,68,46.84,464 665 44,,https://www1.mbrace.or.jp/od2/B/202607/b260709.lzh,2026-10-03T18:26:06.013459+09:00
20260709,18,徳山,6,20260709-18-06,3,3361,岡部浩,57,徳島,52.0,B1,4.51,26.47,3.71,20.59,22,31.91,23,35.67,564 566 3,1,https://www1.mbrace.or.jp/od2/B/202607/b260709.lzh,2026-10-03T18:26:06.013459+09:00
20260709,18,徳山,6,20260709-18-06,4,3743,林美憲,51,徳島,53.0,A1,5.0,35.16,5.5,33.33,26,40.0,27,30.43,16122 1365,11,https://www1.mbrace.or.jp/od2/B/202607/b260709.lzh,2026-10-03T18:26:06.013459+09:00
20260709,18,徳山,6,20260709-18-06,5,4995,田邉亮蔵,35,東京,56.0,B1,4.56,25.97,4.21,20.69,39,33.33,30,36.02,2 665 2533,,https://www1.mbrace.or.jp/od2/B/202607/b260709.lzh,2026-10-03T18:26:06.013459+09:00
20260709,18,徳山,6,20260709-18-06,6,3711,江本真治,51,山口,54.0,A2,6.15,43.55,6.28,46.06,36,37.93,42,28.93,14343 4323,10,https://www1.mbrace.or.jp/od2/B/202607/b260709.lzh,2026-10-03T18:26:06.013459+09:00
20260709,18,徳山,7,20260709-18-07,1,4957,竹之内極,31,福岡,57.0,B1,5.46,33.33,4.0,25.0,30,36.21,56,26.71,33514 2416,10,https://www1.mbrace.or.jp/od2/B/202607/b260709.lzh,2026-10-03T18:26:06.013459+09:00
20260709,18,徳山,7,20260709-18-07,2,4116,川田正人,45,徳島,53.0,B1,4.56,14.29,5.7,42.5,72,40.74,35,34.84,351 36536,2,https://www1.mbrace.or.jp/od2/B/202607/b260709.lzh,2026-10-03T18:26:06.013459+09:00
20260709,18,徳山,7,20260709-18-07,3,5311,小林京平,28,山口,52.0,B1,5.12,31.08,3.4,13.6,47,36.92,40,42.24,,3,https://www1.mbrace.or.jp/od2/B/202607/b260709.lzh,2026-10-03T18:26:06.013459+09:00
20260709,18,徳山,7,20260709-18-07,4,4003,表憲一,48,福井,54.0,B1,5.63,36.11,5.5,25.0,28,22.0,53,31.88,43222 6443,3,https://www1.mbrace.or.jp/od2/B/202607/b260709.lzh,2026-10-03T18:26:06.013459+09:00
20260709,18,徳山,7,20260709-18-07,5,4272,大場広孝,44,福岡,59.0,B1,5.15,29.17,4.71,27.45,25,30.77,60,23.9,2 45555 25,,https://www1.mbrace.or.jp/od2/B/202607/b260709.lzh,2026-10-03T18:26:06.013459+09:00
20260709,18,徳山,7,20260709-18-07,6,3809,吉田光,51,佐賀,51.0,B1,4.0,9.43,3.52,21.74,65,21.95,50,39.38,356 35243,1,https://www1.mbrace.or.jp/od2/B/202607/b260709.lzh,2026-10-03T18:26:06.013459+09:00
20260709,18,徳山,8,20260709-18-08,1,3843,上之晃弘,49,長崎,53.0,B1,5.25,33.7,4.29,14.29,41,35.71,24,35.63,24646 4166,,https://www1.mbrace.or.jp/od2/B/202607/b260709.lzh,2026-10-03T18:26:06.013459+09:00
20260709,18,徳山,8,20260709-18-08,2,3477,近藤稔也,55,徳島,53.0,B1,3.6,10.96,0.0,0.0,24,35.29,69,23.46,4 55444 35,,https://www1.mbrace.or.jp/od2/B/202607/b260709.lzh,2026-10-03T18:26:06.013459+09:00
20260709,18,徳山,8,20260709-18-08,3,5228,若林樹蘭,23,東京,51.0,A2,5.38,29.69,5.11,22.22,16,30.0,48,30.82,6115325 44,3,https://www1.mbrace.or.jp/od2/B/202607/b260709.lzh,2026-10-03T18:26:06.013459+09:00
20260709,18,徳山,8,20260709-18-08,4,4988,牟田奨太,29,静岡,56.0,B1,4.45,31.71,3.08,15.38,69,38.18,46,30.86,3 1662565,4,https://www1.mbrace.or.jp/od2/B/202607/b260709.lzh,2026-10-03T18:26:06.013459+09:00
20260709,18,徳山,8,20260709-18-08,5,5106,山崎祥,27,山口,52.0,A2,5.68,37.66,5.45,32.0,44,38.98,16,45.4,,4,https://www1.mbrace.or.jp/od2/B/202607/b260709.lzh,2026-10-03T18:26:06.013459+09:00
20260709,18,徳山,8,20260709-18-08,6,5307,富永夏哉,22,佐賀,52.0,B1,4.46,25.81,2.84,10.53,37,20.83,65,28.57,351 56665,3,https://www1.mbrace.or.jp/od2/B/202607/b260709.lzh,2026-10-03T18:26:06.013459+09:00
20260709,18,徳山,9,20260709-18-09,1,4315,山崎昂介,42,長崎,53.0,B1,5.23,34.48,5.14,40.0,12,35.19,45,35.03,25564 121,3,https://www1.mbrace.or.jp/od2/B/202607/b260709.lzh,2026-10-03T18:26:06.013459+09:00
20260709,18,徳山,9,20260709-18-09,2,4463,三苫晃幸,40,福岡,56.0,A2,6.48,48.75,5.09,30.3,67,33.33,34,29.45,463 642232,4,https://www1.mbrace.or.jp/od2/B/202607/b260709.lzh,2026-10-03T18:26:06.013459+09:00
20260709,18,徳山,9,20260709-18-09,3,4619,伏田裕隆,43,東京,51.0,B1,4.92,31.31,0.0,0.0,35,35.19,12,35.44,2 62243461,4,https://www1.mbrace.or.jp/od2/B/202607/b260709.lzh,2026-10-03T18:26:06.013459+09:00
20260709,18,徳山,9,20260709-18-09,4,5114,小林孝彰,26,福井,53.0,B1,5.91,43.97,5.11,27.27,15,43.14,64,36.48,654 451 11,5,https://www1.mbrace.or.jp/od2/B/202607/b260709.lzh,2026-10-03T18:26:06.013459+09:00
20260709,18,徳山,9,20260709-18-09,5,3868,尾形栄治,50,東京,55.0,B1,4.75,23.81,4.63,25.0,40,29.41,15,40.63,4 4135342,2,https://www1.mbrace.or.jp/od2/B/202607/b260709.lzh,2026-10-03T18:26:06.013459+09:00
20260709,18,徳山,9,20260709-18-09,6,5286,坂井滉哉,27,福岡,50.0,B1,4.72,24.14,3.48,12.0,29,33.33,66,33.13,5 621 2654,1,https://www1.mbrace.or.jp/od2/B/202607/b260709.lzh,2026-10-03T18:26:06.013459+09:00
20260709,18,徳山,10,20260709-18-10,1,4058,野末智一,47,静岡,52.0,A1,6.02,43.33,5.52,36.0,34,24.56,59,39.75,5323125 23,5,https://www1.mbrace.or.jp/od2/B/202607/b260709.lzh,2026-10-03T18:26:06.013459+09:00
20260709,18,徳山,10,20260709-18-10,2,3711,江本真治,51,山口,54.0,A2,6.15,43.55,6.28,46.06,36,37.93,42,28.93,14343 4323,6,https://www1.mbrace.or.jp/od2/B/202607/b260709.lzh,2026-10-03T18:26:06.013459+09:00
20260709,18,徳山,10,20260709-18-10,3,4210,松村康太,43,福井,53.0,A2,5.57,30.69,6.67,55.56,32,24.53,43,29.56,344 414354,2,https://www1.mbrace.or.jp/od2/B/202607/b260709.lzh,2026-10-03T18:26:06.013459+09:00
20260709,18,徳山,10,20260709-18-10,4,3349,吉田一郎,58,長崎,52.0,A1,6.76,52.56,6.37,49.02,18,28.57,39,30.82,5 13231155,3,https://www1.mbrace.or.jp/od2/B/202607/b260709.lzh,2026-10-03T18:26:06.013459+09:00
20260709,18,徳山,10,20260709-18-10,5,4603,谷川将太,38,長崎,53.0,B1,5.53,37.5,5.59,37.93,64,42.59,51,31.65,2 31633356,5,https://www1.mbrace.or.jp/od2/B/202607/b260709.lzh,2026-10-03T18:26:06.013459+09:00
20260709,18,徳山,10,20260709-18-10,6,4957,竹之内極,31,福岡,57.0,B1,5.46,33.33,4.0,25.0,30,36.21,56,26.71,33514 2416,7,https://www1.mbrace.or.jp/od2/B/202607/b260709.lzh,2026-10-03T18:26:06.013459+09:00
20260709,18,徳山,11,20260709-18-11,1,3744,徳増秀樹,51,静岡,53.0,A1,6.44,45.38,6.63,47.37,20,38.64,44,37.89,2426413 23,2,https://www1.mbrace.or.jp/od2/B/202607/b260709.lzh,2026-10-03T18:26:06.013459+09:00
20260709,18,徳山,11,20260709-18-11,2,4167,片岡秀樹,44,徳島,56.0,B1,3.89,10.67,4.14,18.92,14,40.0,18,37.89,6 62212444,4,https://www1.mbrace.or.jp/od2/B/202607/b260709.lzh,2026-10-03T18:26:06.013459+09:00
20260709,18,徳山,11,20260709-18-11,3,3743,林美憲,51,徳島,53.0,A1,5.0,35.16,5.5,33.33,26,40.0,27,30.43,16122 1365,6,https://www1.mbrace.or.jp/od2/B/202607/b260709.lzh,2026-10-03T18:26:06.013459+09:00
20260709,18,徳山,11,20260709-18-11,4,3901,松田憲幸,49,山口,52.0,B2,4.53,30.68,4.9,26.39,19,58.0,73,39.13,511 516315,1,https://www1.mbrace.or.jp/od2/B/202607/b260709.lzh,2026-10-03T18:26:06.013459+09:00
20260709,18,徳山,11,20260709-18-11,5,4515,藤田浩人,40,佐賀,55.0,A2,6.1,38.98,6.11,40.91,66,30.77,67,39.75,12252 3226,1,https://www1.mbrace.or.jp/od2/B/202607/b260709.lzh,2026-10-03T18:26:06.013459+09:00
20260709,18,徳山,11,20260709-18-11,6,4695,尾崎雄二,40,長崎,56.0,A2,5.57,43.04,5.29,35.71,13,38.78,41,36.65,423 324541,5,https://www1.mbrace.or.jp/od2/B/202607/b260709.lzh,2026-10-03T18:26:06.013459+09:00
20260709,18,徳山,12,20260709-18-12,1,3779,原田幸哉,50,長崎,52.0,A1,6.31,33.33,7.87,65.22,73,36.73,38,38.89,11331 4121,,https://www1.mbrace.or.jp/od2/B/202607/b260709.lzh,2026-10-03T18:26:06.013459+09:00
20260709,18,徳山,12,20260709-18-12,2,4361,柳生泰二,41,山口,52.0,A1,7.14,53.19,6.6,45.1,11,29.63,19,34.38,41211 2341,,https://www1.mbrace.or.jp/od2/B/202607/b260709.lzh,2026-10-03T18:26:06.013459+09:00
20260709,18,徳山,12,20260709-18-12,3,3612,馬袋義則,53,兵庫,54.0,A1,7.0,57.98,6.34,44.26,33,52.73,31,29.56,623 111231,,https://www1.mbrace.or.jp/od2/B/202607/b260709.lzh,2026-10-03T18:26:06.013459+09:00
20260709,18,徳山,12,20260709-18-12,4,4644,山田亮太,47,東京,51.0,A1,6.47,47.41,5.94,42.42,17,45.28,36,33.11,153 331112,,https://www1.mbrace.or.jp/od2/B/202607/b260709.lzh,2026-10-03T18:26:06.013459+09:00
20260709,18,徳山,12,20260709-18-12,5,4549,小林文彦,37,福岡,53.0,A2,6.24,41.77,4.8,20.0,68,54.0,13,40.88,2324231 12,,https://www1.mbrace.or.jp/od2/B/202607/b260709.lzh,2026-10-03T18:26:06.013459+09:00
20260709,18,徳山,12,20260709-18-12,6,4413,水摩敦,40,福岡,52.0,A2,5.86,36.94,5.55,27.27,70,18.75,47,34.38,1343141 52,,https://www1.mbrace.or.jp/od2/B/202607/b260709.lzh,2026-10-03T18:26:06.013459+09:00
20260709,16,児島,1,20260709-16-01,1,5034,若林義人,28,静岡,57.0,A1,6.75,51.59,6.18,54.55,69,31.65,42,34.48,,12,https://www1.mbrace.or.jp/od2/B/202607/b260709.lzh,2026-10-03T18:26:06.013459+09:00
20260709,16,児島,1,20260709-16-01,2,3912,川原正明,52,福井,51.0,B1,5.82,41.41,5.0,44.44,19,36.54,61,31.25,,8,https://www1.mbrace.or.jp/od2/B/202607/b260709.lzh,2026-10-03T18:26:06.013459+09:00
20260709,16,児島,1,20260709-16-01,3,5301,岩下巧斗,23,群馬,52.0,B1,5.55,36.47,2.72,0.0,25,26.71,18,30.07,,6,https://www1.mbrace.or.jp/od2/B/202607/b260709.lzh,2026-10-03T18:26:06.013459+09:00
20260709,16,児島,1,20260709-16-01,4,4992,廣瀬篤哉,28,滋賀,60.0,B1,5.24,32.56,5.0,31.58,45,30.0,63,28.13,,10,https://www1.mbrace.or.jp/od2/B/202607/b260709.lzh,2026-10-03T18:26:06.013459+09:00
20260709,16,児島,1,20260709-16-01,5,3430,角浜修,58,広島,56.0,B1,4.26,24.69,3.31,18.75,46,25.0,69,31.29,,9,https://www1.mbrace.or.jp/od2/B/202607/b260709.lzh,2026-10-03T18:26:06.013459+09:00
20260709,16,児島,1,20260709-16-01,6,4580,長谷川雅,37,岡山,53.0,B1,5.43,35.8,5.59,40.5,16,40.67,58,34.25,,7,https://www1.mbrace.or.jp/od2/B/202607/b260709.lzh,2026-10-03T18:26:06.013459+09:00
20260709,16,児島,2,20260709-16-02,1,4536,喜井つか,36,岡山,47.0,A2,5.87,40.19,5.82,41.46,35,48.34,47,32.19,,11,https://www1.mbrace.or.jp/od2/B/202607/b260709.lzh,2026-10-03T18:26:06.013459+09:00
20260709,16,児島,2,20260709-16-02,2,4283,石井裕美,42,東京,53.0,B1,3.93,7.25,4.44,33.33,33,26.11,68,38.78,,7,https://www1.mbrace.or.jp/od2/B/202607/b260709.lzh,2026-10-03T18:26:06.013459+09:00
20260709,16,児島,2,20260709-16-02,3,5373,諏訪玲奈,23,岡山,47.0,B2,2.71,1.47,1.91,0.0,57,37.91,50,38.89,,,https://www1.mbrace.or.jp/od2/B/202607/b260709.lzh,2026-10-03T18:26:06.013459+09:00
20260709,16,児島,2,20260709-16-02,4,4627,藤原菜希,40,東京,49.0,A2,6.4,49.06,0.0,0.0,13,32.5,75,34.96,,9,https://www1.mbrace.or.jp/od2/B/202607/b260709.lzh,2026-10-03T18:26:06.013459+09:00
20260709,16,児島,2,20260709-16-02,5,5367,赤松咲香,24,徳島,49.0,B2,1.91,5.36,2.83,16.67,15,28.76,20,33.79,,8,https://www1.mbrace.or.jp/od2/B/202607/b260709.lzh,2026-10-03T18:26:06.013459+09:00
20260709,16,児島,2,20260709-16-02,6,5151,山下奈緒,31,大阪,46.0,B1,4.64,22.35,0.0,0.0,37,29.3,55,31.29,,10,https://www1.mbrace.or.jp/od2/B/202607/b260709.lzh,2026-10-03T18:26:06.013459+09:00
20260709,16,児島,3,20260709-16-03,1,3948,大町利克,50,大阪,53.0,B1,3.67,13.33,4.5,23.81,49,37.11,44,33.1,,8,https://www1.mbrace.or.jp/od2/B/202607/b260709.lzh,2026-10-03T18:26:06.013459+09:00
20260709,16,児島,3,20260709-16-03,2,4158,木場雄二,45,山口,57.0,B1,4.59,25.58,5.14,28.57,70,21.19,54,37.67,,11,https://www1.mbrace.or.jp/od2/B/202607/b260709.lzh,2026-10-03T18:26:06.013459+09:00
20260709,16,児島,3,20260709-16-03,3,3473,石川真二,56,福岡,53.0,A1,6.14,45.22,6.14,48.28,55,50.33,26,35.42,,10,https://www1.mbrace.or.jp/od2/B/202607/b260709.lzh,2026-10-03T18:26:06.013459+09:00
20260709,16,児島,3,20260709-16-03,4,3930,岸本隆,50,岡山,56.0,A2,4.88,23.81,6.29,46.67,58,36.0,25,27.66,,9,https://www1.mbrace.or.jp/od2/B/202607/b260709.lzh,2026-10-03T18:26:06.013459+09:00
20260709,16,児島,3,20260709-16-03,5,4302,西野翔太,43,広島,53.0,A1,6.7,51.43,5.92,46.15,66,32.48,51,29.41,,12,https://www1.mbrace.or.jp/od2/B/202607/b260709.lzh,2026-10-03T18:26:06.013459+09:00
20260709,16,児島,3,20260709-16-03,6,4636,赤池修平,36,徳島,52.0,B1,3.57,18.03,2.95,10.0,39,38.41,31,36.99,,,https://www1.mbrace.or.jp/od2/B/202607/b260709.lzh,2026-10-03T18:26:06.013459+09:00
20260709,16,児島,4,20260709-16-04,1,3652,森下勇,52,群馬,58.0,B1,3.92,15.07,4.25,20.0,56,38.56,29,37.24,,9,https://www1.mbrace.or.jp/od2/B/202607/b260709.lzh,2026-10-03T18:26:06.013459+09:00
20260709,16,児島,4,20260709-16-04,2,4186,小川時光,45,埼玉,56.0,B1,3.58,14.93,2.33,11.11,20,50.31,46,30.07,,,https://www1.mbrace.or.jp/od2/B/202607/b260709.lzh,2026-10-03T18:26:06.013459+09:00
20260709,16,児島,4,20260709-16-04,3,4635,峰重力也,36,岡山,53.0,A2,5.52,37.5,5.24,34.83,30,37.58,38,42.96,,10,https://www1.mbrace.or.jp/od2/B/202607/b260709.lzh,2026-10-03T18:26:06.013459+09:00
20260709,16,児島,4,20260709-16-04,4,4239,竹田辰也,42,山口,54.0,A1,6.44,55.79,0.0,0.0,31,35.95,15,40.41,,12,https://www1.mbrace.or.jp/od2/B/202607/b260709.lzh,2026-10-03T18:26:06.013459+09:00
20260709,16,児島,4,20260709-16-04,5,4839,四宮与寛,36,徳島,52.0,A2,5.96,44.17,5.48,35.42,54,31.61,37,23.78,,11,https://www1.mbrace.or.jp/od2/B/202607/b260709.lzh,2026-10-03T18:26:06.013459+09:00
20260709,16,児島,4,20260709-16-04,6,5471,田中結,17,大阪,48.0,B2,1.41,0.0,0.0,0.0,48,24.52,52,37.41,,,https://www1.mbrace.or.jp/od2/B/202607/b260709.lzh,2026-10-03T18:26:06.013459+09:00
20260709,16,児島,5,20260709-16-05,1,4565,西村豪洋,38,愛知,55.0,B1,3.89,13.19,4.41,21.95,32,25.66,62,36.55,,10,https://www1.mbrace.or.jp/od2/B/202607/b260709.lzh,2026-10-03T18:26:06.013459+09:00
20260709,16,児島,5,20260709-16-05,2,3950,石川哲秀,50,大阪,57.0,B1,4.14,23.81,4.6,20.0,29,32.08,45,37.41,,9,https://www1.mbrace.or.jp/od2/B/202607/b260709.lzh,2026-10-03T18:26:06.013459+09:00
20260709,16,児島,5,20260709-16-05,3,5087,佐藤航,26,埼玉,54.0,A1,6.56,54.13,7.2,60.0,47,22.58,60,27.94,,12,https://www1.mbrace.or.jp/od2/B/202607/b260709.lzh,2026-10-03T18:26:06.013459+09:00
20260709,16,児島,5,20260709-16-05,4,5065,伊久間陽,27,群馬,54.0,A2,5.12,33.33,5.04,37.04,59,26.09,28,22.73,,11,https://www1.mbrace.or.jp/od2/B/202607/b260709.lzh,2026-10-03T18:26:06.013459+09:00
20260709,16,児島,5,20260709-16-05,5,4263,武重雄介,42,山口,56.0,B1,4.46,27.71,6.19,44.19,14,24.2,53,27.74,,,https://www1.mbrace.or.jp/od2/B/202607/b260709.lzh,2026-10-03T18:26:06.013459+09:00
20260709,16,児島,5,20260709-16-05,6,5447,岡本亜子,23,岡山,51.0,B2,1.05,0.0,1.14,0.0,17,42.11,73,34.03,,,https://www1.mbrace.or.jp/od2/B/202607/b260709.lzh,2026-10-03T18:26:06.013459+09:00
20260709,16,児島,6,20260709-16-06,1,4631,新井英孝,39,大阪,53.0,B1,5.03,36.49,5.66,38.0,12,43.95,39,36.99,,11,https://www1.mbrace.or.jp/od2/B/202607/b260709.lzh,2026-10-03T18:26:06.013459+09:00
20260709,16,児島,6,20260709-16-06,2,4448,青木玄太,39,滋賀,53.0,A1,7.08,54.9,0.0,0.0,50,38.67,72,28.97,,12,https://www1.mbrace.or.jp/od2/B/202607/b260709.lzh,2026-10-03T18:26:06.013459+09:00
20260709,16,児島,6,20260709-16-06,3,5085,中村栄治,27,福井,52.0,A2,5.53,41.89,6.9,50.0,60,44.87,66,27.94,,10,https://www1.mbrace.or.jp/od2/B/202607/b260709.lzh,2026-10-03T18:26:06.013459+09:00
20260709,16,児島,6,20260709-16-06,4,5374,木山大聖,23,岡山,50.0,B1,2.76,4.41,2.73,7.84,53,36.36,67,28.47,,,https://www1.mbrace.or.jp/od2/B/202607/b260709.lzh,2026-10-03T18:26:06.013459+09:00
20260709,16,児島,6,20260709-16-06,5,5301,岩下巧斗,23,群馬,52.0,B1,5.55,36.47,2.72,0.0,25,26.71,18,30.07,,1,https://www1.mbrace.or.jp/od2/B/202607/b260709.lzh,2026-10-03T18:26:06.013459+09:00
20260709,16,児島,6,20260709-16-06,6,5137,川原涼,26,愛知,54.0,A2,5.15,34.41,0.0,0.0,63,34.39,33,38.62,,,https://www1.mbrace.or.jp/od2/B/202607/b260709.lzh,2026-10-03T18:26:06.013459+09:00
20260709,16,児島,7,20260709-16-07,1,5293,眞崎武蔵,24,静岡,52.0,B1,2.91,12.77,2.2,10.0,44,40.38,43,41.13,,,https://www1.mbrace.or.jp/od2/B/202607/b260709.lzh,2026-10-03T18:26:06.013459+09:00
20260709,16,児島,7,20260709-16-07,2,4580,長谷川雅,37,岡山,53.0,B1,5.43,35.8,5.59,40.5,16,40.67,58,34.25,,1,https://www1.mbrace.or.jp/od2/B/202607/b260709.lzh,2026-10-03T18:26:06.013459+09:00
20260709,16,児島,7,20260709-16-07,3,5042,畑田汰一,27,埼玉,53.0,A1,6.39,44.21,6.83,50.0,21,36.84,11,26.95,,11,https://www1.mbrace.or.jp/od2/B/202607/b260709.lzh,2026-10-03T18:26:06.013459+09:00
20260709,16,児島,7,20260709-16-07,4,3737,上平真二,52,広島,52.0,A1,6.88,48.57,7.15,51.52,36,33.97,16,19.29,,12,https://www1.mbrace.or.jp/od2/B/202607/b260709.lzh,2026-10-03T18:26:06.013459+09:00
20260709,16,児島,7,20260709-16-07,5,4283,石井裕美,42,東京,53.0,B1,3.93,7.25,4.44,33.33,33,26.11,68,38.78,,2,https://www1.mbrace.or.jp/od2/B/202607/b260709.lzh,2026-10-03T18:26:06.013459+09:00
20260709,16,児島,7,20260709-16-07,6,3968,茶谷信次,50,滋賀,52.0,A2,5.19,25.33,0.0,0.0,43,25.17,49,51.39,,,https://www1.mbrace.or.jp/od2/B/202607/b260709.lzh,2026-10-03T18:26:06.013459+09:00
20260709,16,児島,8,20260709-16-08,1,3982,福田理,48,岡山,57.0,B1,3.66,16.88,4.16,20.54,67,36.13,36,32.65,,,https://www1.mbrace.or.jp/od2/B/202607/b260709.lzh,2026-10-03T18:26:06.013459+09:00
20260709,16,児島,8,20260709-16-08,2,3948,大町利克,50,大阪,53.0,B1,3.67,13.33,4.5,23.81,49,37.11,44,33.1,,3,https://www1.mbrace.or.jp/od2/B/202607/b260709.lzh,2026-10-03T18:26:06.013459+09:00
20260709,16,児島,8,20260709-16-08,3,5367,赤松咲香,24,徳島,49.0,B2,1.91,5.36,2.83,16.67,15,28.76,20,33.79,,2,https://www1.mbrace.or.jp/od2/B/202607/b260709.lzh,2026-10-03T18:26:06.013459+09:00
20260709,16,児島,8,20260709-16-08,4,5313,鈴木唯央,25,群馬,53.0,B1,4.53,19.44,0.0,0.0,24,31.33,70,35.25,,,https://www1.mbrace.or.jp/od2/B/202607/b260709.lzh,2026-10-03T18:26:06.013459+09:00
20260709,16,児島,8,20260709-16-08,5,3912,川原正明,52,福井,51.0,B1,5.82,41.41,5.0,44.44,19,36.54,61,31.25,,1,https://www1.mbrace.or.jp/od2/B/202607/b260709.lzh,2026-10-03T18:26:06.013459+09:00
20260709,16,児島,8,20260709-16-08,6,4708,半田尚也,37,広島,55.0,B1,3.52,9.23,4.38,19.15,41,33.12,41,27.54,,,https://www1.mbrace.or.jp/od2/B/202607/b260709.lzh,2026-10-03T18:26:06.013459+09:00
20260709,16,児島,9,20260709-16-09,1,3930,岸本隆,50,岡山,56.0,A2,4.88,23.81,6.29,46.67,58,36.0,25,27.66,,3,https://www1.mbrace.or.jp/od2/B/202607/b260709.lzh,2026-10-03T18:26:06.013459+09:00
20260709,16,児島,9,20260709-16-09,2,3430,角浜修,58,広島,56.0,B1,4.26,24.69,3.31,18.75,46,25.0,69,31.29,,1,https://www1.mbrace.or.jp/od2/B/202607/b260709.lzh,2026-10-03T18:26:06.013459+09:00
20260709,16,児島,9,20260709-16-09,3,3652,森下勇,52,群馬,58.0,B1,3.92,15.07,4.25,20.0,56,38.56,29,37.24,,4,https://www1.mbrace.or.jp/od2/B/202607/b260709.lzh,2026-10-03T18:26:06.013459+09:00
20260709,16,児島,9,20260709-16-09,4,5212,西川拓利,27,福岡,54.0,A2,6.4,48.98,2.85,0.0,27,35.76,13,29.63,,,https://www1.mbrace.or.jp/od2/B/202607/b260709.lzh,2026-10-03T18:26:06.013459+09:00
20260709,16,児島,9,20260709-16-09,5,3950,石川哲秀,50,大阪,57.0,B1,4.14,23.81,4.6,20.0,29,32.08,45,37.41,,5,https://www1.mbrace.or.jp/od2/B/202607/b260709.lzh,2026-10-03T18:26:06.013459+09:00
20260709,16,児島,9,20260709-16-09,6,4627,藤原菜希,40,東京,49.0,A2,6.4,49.06,0.0,0.0,13,32.5,75,34.96,,2,https://www1.mbrace.or.jp/od2/B/202607/b260709.lzh,2026-10-03T18:26:06.013459+09:00
20260709,16,児島,10,20260709-16-10,1,5085,中村栄治,27,福井,52.0,A2,5.53,41.89,6.9,50.0,60,44.87,66,27.94,,6,https://www1.mbrace.or.jp/od2/B/202607/b260709.lzh,2026-10-03T18:26:06.013459+09:00
20260709,16,児島,10,20260709-16-10,2,4565,西村豪洋,38,愛知,55.0,B1,3.89,13.19,4.41,21.95,32,25.66,62,36.55,,5,https://www1.mbrace.or.jp/od2/B/202607/b260709.lzh,2026-10-03T18:26:06.013459+09:00
20260709,16,児島,10,20260709-16-10,3,4992,廣瀬篤哉,28,滋賀,60.0,B1,5.24,32.56,5.0,31.58,45,30.0,63,28.13,,1,https://www1.mbrace.or.jp/od2/B/202607/b260709.lzh,2026-10-03T18:26:06.013459+09:00
20260709,16,児島,10,20260709-16-10,4,5151,山下奈緒,31,大阪,46.0,B1,4.64,22.35,0.0,0.0,37,29.3,55,31.29,,2,https://www1.mbrace.or.jp/od2/B/202607/b260709.lzh,2026-10-03T18:26:06.013459+09:00
20260709,16,児島,10,20260709-16-10,5,3473,石川真二,56,福岡,53.0,A1,6.14,45.22,6.14,48.28,55,50.33,26,35.42,,3,https://www1.mbrace.or.jp/od2/B/202607/b260709.lzh,2026-10-03T18:26:06.013459+09:00
20260709,16,児島,10,20260709-16-10,6,4635,峰重力也,36,岡山,53.0,A2,5.52,37.5,5.24,34.83,30,37.58,38,42.96,,4,https://www1.mbrace.or.jp/od2/B/202607/b260709.lzh,2026-10-03T18:26:06.013459+09:00
20260709,16,児島,11,20260709-16-11,1,5042,畑田汰一,27,埼玉,53.0,A1,6.39,44.21,6.83,50.0,21,36.84,11,26.95,,7,https://www1.mbrace.or.jp/od2/B/202607/b260709.lzh,2026-10-03T18:26:06.013459+09:00
20260709,16,児島,11,20260709-16-11,2,4536,喜井つか,36,岡山,47.0,A2,5.87,40.19,5.82,41.46,35,48.34,47,32.19,,2,https://www1.mbrace.or.jp/od2/B/202607/b260709.lzh,2026-10-03T18:26:06.013459+09:00
20260709,16,児島,11,20260709-16-11,3,4839,四宮与寛,36,徳島,52.0,A2,5.96,44.17,5.48,35.42,54,31.61,37,23.78,,4,https://www1.mbrace.or.jp/od2/B/202607/b260709.lzh,2026-10-03T18:26:06.013459+09:00
20260709,16,児島,11,20260709-16-11,4,4631,新井英孝,39,大阪,53.0,B1,5.03,36.49,5.66,38.0,12,43.95,39,36.99,,6,https://www1.mbrace.or.jp/od2/B/202607/b260709.lzh,2026-10-03T18:26:06.013459+09:00
20260709,16,児島,11,20260709-16-11,5,4158,木場雄二,45,山口,57.0,B1,4.59,25.58,5.14,28.57,70,21.19,54,37.67,,3,https://www1.mbrace.or.jp/od2/B/202607/b260709.lzh,2026-10-03T18:26:06.013459+09:00
20260709,16,児島,11,20260709-16-11,6,5065,伊久間陽,27,群馬,54.0,A2,5.12,33.33,5.04,37.04,59,26.09,28,22.73,,5,https://www1.mbrace.or.jp/od2/B/202607/b260709.lzh,2026-10-03T18:26:06.013459+09:00
20260709,16,児島,12,20260709-16-12,1,3737,上平真二,52,広島,52.0,A1,6.88,48.57,7.15,51.52,36,33.97,16,19.29,,7,https://www1.mbrace.or.jp/od2/B/202607/b260709.lzh,2026-10-03T18:26:06.013459+09:00
20260709,16,児島,12,20260709-16-12,2,4239,竹田辰也,42,山口,54.0,A1,6.44,55.79,0.0,0.0,31,35.95,15,40.41,,4,https://www1.mbrace.or.jp/od2/B/202607/b260709.lzh,2026-10-03T18:26:06.013459+09:00
20260709,16,児島,12,20260709-16-12,3,4302,西野翔太,43,広島,53.0,A1,6.7,51.43,5.92,46.15,66,32.48,51,29.41,,3,https://www1.mbrace.or.jp/od2/B/202607/b260709.lzh,2026-10-03T18:26:06.013459+09:00
20260709,16,児島,12,20260709-16-12,4,4448,青木玄太,39,滋賀,53.0,A1,7.08,54.9,0.0,0.0,50,38.67,72,28.97,,6,https://www1.mbrace.or.jp/od2/B/202607/b260709.lzh,2026-10-03T18:26:06.013459+09:00
20260709,16,児島,12,20260709-16-12,5,5034,若林義人,28,静岡,57.0,A1,6.75,51.59,6.18,54.55,69,31.65,42,34.48,,1,https://www1.mbrace.or.jp/od2/B/202607/b260709.lzh,2026-10-03T18:26:06.013459+09:00
20260709,16,児島,12,20260709-16-12,6,5087,佐藤航,26,埼玉,54.0,A1,6.56,54.13,7.2,60.0,47,22.58,60,27.94,,5,https://www1.mbrace.or.jp/od2/B/202607/b260709.lzh,2026-10-03T18:26:06.013459+09:00
20260709,15,丸亀,1,20260709-15-01,1,3660,長谷川親,56,香川,60.0,B1,3.14,9.52,4.17,18.18,63,24.86,30,0.0,,8,https://www1.mbrace.or.jp/od2/B/202607/b260709.lzh,2026-10-03T18:26:06.013459+09:00
20260709,15,丸亀,1,20260709-15-01,2,3372,加藤雅之,59,広島,51.0,B2,3.08,7.55,3.23,15.38,6,32.04,44,0.0,,7,https://www1.mbrace.or.jp/od2/B/202607/b260709.lzh,2026-10-03T18:26:06.013459+09:00
20260709,15,丸亀,1,20260709-15-01,3,3793,高橋真吾,53,埼玉,58.0,B1,4.11,20.25,0.0,0.0,28,34.43,14,0.0,,10,https://www1.mbrace.or.jp/od2/B/202607/b260709.lzh,2026-10-03T18:26:06.013459+09:00
20260709,15,丸亀,1,20260709-15-01,4,3947,寺本昇平,50,群馬,49.0,B1,4.48,16.47,3.83,0.0,57,37.11,23,0.0,,11,https://www1.mbrace.or.jp/od2/B/202607/b260709.lzh,2026-10-03T18:26:06.013459+09:00
20260709,15,丸亀,1,20260709-15-01,5,4705,吉川勇作,37,長崎,57.0,B1,3.42,17.89,4.57,35.14,51,34.52,16,0.0,,9,https://www1.mbrace.or.jp/od2/B/202607/b260709.lzh,2026-10-03T18:26:06.013459+09:00
20260709,15,丸亀,1,20260709-15-01,6,5128,坪井爽佑,29,三重,55.0,B1,4.44,22.95,0.0,0.0,33,29.57,43,0.0,,6,https://www1.mbrace.or.jp/od2/B/202607/b260709.lzh,2026-10-03T18:26:06.013459+09:00
20260709,15,丸亀,2,20260709-15-02,1,5336,瀬川大地,20,山口,54.0,B1,3.52,13.19,1.14,0.0,41,28.34,21,0.0,,9,https://www1.mbrace.or.jp/od2/B/202607/b260709.lzh,2026-10-03T18:26:06.013459+09:00
20260709,15,丸亀,2,20260709-15-02,2,4216,星栄爾,41,静岡,55.0,B1,4.64,24.71,5.6,30.0,32,43.09,32,0.0,,11,https://www1.mbrace.or.jp/od2/B/202607/b260709.lzh,2026-10-03T18:26:06.013459+09:00
20260709,15,丸亀,2,20260709-15-02,3,4323,山田佑樹,39,岡山,56.0,B1,5.59,44.68,5.05,32.76,37,34.01,19,0.0,,10,https://www1.mbrace.or.jp/od2/B/202607/b260709.lzh,2026-10-03T18:26:06.013459+09:00
20260709,15,丸亀,2,20260709-15-02,4,5115,香川颯太,26,滋賀,51.0,B1,5.66,40.54,0.0,0.0,10,29.44,8,0.0,,7,https://www1.mbrace.or.jp/od2/B/202607/b260709.lzh,2026-10-03T18:26:06.013459+09:00
20260709,15,丸亀,2,20260709-15-02,5,4111,奥田誠,46,広島,55.0,A2,5.64,41.67,5.59,34.38,22,29.74,38,0.0,,8,https://www1.mbrace.or.jp/od2/B/202607/b260709.lzh,2026-10-03T18:26:06.013459+09:00
20260709,15,丸亀,2,20260709-15-02,6,5275,松田淳平,24,三重,52.0,A1,6.62,55.26,0.0,0.0,1,31.22,31,0.0,,12,https://www1.mbrace.or.jp/od2/B/202607/b260709.lzh,2026-10-03T18:26:06.013459+09:00
20260709,15,丸亀,3,20260709-15-03,1,3277,齋藤勇,59,東京,52.0,B1,4.47,22.99,3.92,16.67,40,34.72,11,0.0,,,https://www1.mbrace.or.jp/od2/B/202607/b260709.lzh,2026-10-03T18:26:06.013459+09:00
20260709,15,丸亀,3,20260709-15-03,2,5035,櫻井優,28,埼玉,54.0,A2,5.48,34.74,3.5,10.0,46,36.92,36,0.0,,9,https://www1.mbrace.or.jp/od2/B/202607/b260709.lzh,2026-10-03T18:26:06.013459+09:00
20260709,15,丸亀,3,20260709-15-03,3,5400,高村諒,23,滋賀,52.0,B2,1.87,1.3,0.0,0.0,4,31.49,3,0.0,,8,https://www1.mbrace.or.jp/od2/B/202607/b260709.lzh,2026-10-03T18:26:06.013459+09:00
20260709,15,丸亀,3,20260709-15-03,4,3987,後藤正宗,48,静岡,53.0,A1,6.11,42.11,7.53,57.89,60,43.0,17,0.0,,12,https://www1.mbrace.or.jp/od2/B/202607/b260709.lzh,2026-10-03T18:26:06.013459+09:00
20260709,15,丸亀,3,20260709-15-03,5,5441,鈴木雄登,20,愛知,50.0,B1,3.32,10.77,0.0,0.0,53,35.2,28,0.0,,11,https://www1.mbrace.or.jp/od2/B/202607/b260709.lzh,2026-10-03T18:26:06.013459+09:00
20260709,15,丸亀,3,20260709-15-03,6,4143,浦田晃嗣,45,佐賀,57.0,B1,4.14,17.95,3.78,19.44,55,35.32,37,0.0,,7,https://www1.mbrace.or.jp/od2/B/202607/b260709.lzh,2026-10-03T18:26:06.013459+09:00
20260709,15,丸亀,4,20260709-15-04,1,5302,秋末秦悟,23,大阪,51.0,B1,3.93,21.43,1.88,0.0,18,28.04,45,0.0,,10,https://www1.mbrace.or.jp/od2/B/202607/b260709.lzh,2026-10-03T18:26:06.013459+09:00
20260709,15,丸亀,4,20260709-15-04,2,4429,豊田泰洋,40,広島,60.0,B1,3.53,12.33,4.83,33.33,17,29.35,12,0.0,,,https://www1.mbrace.or.jp/od2/B/202607/b260709.lzh,2026-10-03T18:26:06.013459+09:00
20260709,15,丸亀,4,20260709-15-04,3,3484,芝田浩治,54,兵庫,54.0,A2,5.77,42.11,6.08,50.0,61,32.65,20,0.0,,9,https://www1.mbrace.or.jp/od2/B/202607/b260709.lzh,2026-10-03T18:26:06.013459+09:00
20260709,15,丸亀,4,20260709-15-04,4,5132,中野希一,27,埼玉,53.0,A1,6.93,59.32,6.36,54.55,39,33.88,18,0.0,,11,https://www1.mbrace.or.jp/od2/B/202607/b260709.lzh,2026-10-03T18:26:06.013459+09:00
20260709,15,丸亀,4,20260709-15-04,5,3832,下田哲也,51,香川,55.0,B2,2.71,0.0,4.43,22.47,30,39.68,13,0.0,,,https://www1.mbrace.or.jp/od2/B/202607/b260709.lzh,2026-10-03T18:26:06.013459+09:00
20260709,15,丸亀,4,20260709-15-04,6,5460,早川理稀,19,滋賀,54.0,B2,1.68,0.0,0.0,0.0,34,41.85,4,0.0,,,https://www1.mbrace.or.jp/od2/B/202607/b260709.lzh,2026-10-03T18:26:06.013459+09:00
20260709,15,丸亀,5,20260709-15-05,1,4248,岡本大,44,長崎,56.0,B1,4.55,22.08,0.0,0.0,35,29.9,27,0.0,,,https://www1.mbrace.or.jp/od2/B/202607/b260709.lzh,2026-10-03T18:26:06.013459+09:00
20260709,15,丸亀,5,20260709-15-05,2,3834,細川明人,51,岡山,56.0,B1,4.11,27.03,4.75,25.0,29,47.09,22,0.0,,,https://www1.mbrace.or.jp/od2/B/202607/b260709.lzh,2026-10-03T18:26:06.013459+09:00
20260709,15,丸亀,5,20260709-15-05,3,5112,砂長知輝,26,埼玉,52.0,A1,7.04,49.0,6.12,45.45,25,32.2,39,0.0,,12,https://www1.mbrace.or.jp/od2/B/202607/b260709.lzh,2026-10-03T18:26:06.013459+09:00
20260709,15,丸亀,5,20260709-15-05,4,5395,日高龍之,24,佐賀,51.0,B1,2.11,4.84,1.85,0.0,64,32.99,1,0.0,,,https://www1.mbrace.or.jp/od2/B/202607/b260709.lzh,2026-10-03T18:26:06.013459+09:00
20260709,15,丸亀,5,20260709-15-05,5,3613,角谷健吾,53,東京,52.0,A2,5.94,41.82,5.14,23.81,27,35.71,41,0.0,,10,https://www1.mbrace.or.jp/od2/B/202607/b260709.lzh,2026-10-03T18:26:06.013459+09:00
20260709,15,丸亀,5,20260709-15-05,6,4203,小倉康典,43,群馬,52.0,B1,4.07,20.55,5.11,31.58,31,26.09,29,0.0,,,https://www1.mbrace.or.jp/od2/B/202607/b260709.lzh,2026-10-03T18:26:06.013459+09:00
20260709,15,丸亀,6,20260709-15-06,1,4550,石岡将太,37,群馬,56.0,A2,5.39,33.33,6.13,37.5,52,38.12,7,0.0,,10,https://www1.mbrace.or.jp/od2/B/202607/b260709.lzh,2026-10-03T18:26:06.013459+09:00
20260709,15,丸亀,6,20260709-15-06,2,4404,岸蔭亮,41,兵庫,54.0,B1,3.82,13.7,3.83,20.83,58,36.68,25,0.0,,,https://www1.mbrace.or.jp/od2/B/202607/b260709.lzh,2026-10-03T18:26:06.013459+09:00
20260709,15,丸亀,6,20260709-15-06,3,3284,渡邊伸太,58,佐賀,53.0,B1,5.1,29.49,5.29,41.18,19,27.81,15,0.0,,,https://www1.mbrace.or.jp/od2/B/202607/b260709.lzh,2026-10-03T18:26:06.013459+09:00
20260709,15,丸亀,6,20260709-15-06,4,5128,坪井爽佑,29,三重,55.0,B1,4.44,22.95,0.0,0.0,33,29.57,43,0.0,,1,https://www1.mbrace.or.jp/od2/B/202607/b260709.lzh,2026-10-03T18:26:06.013459+09:00
20260709,15,丸亀,6,20260709-15-06,5,4120,柘植政浩,44,滋賀,52.0,A2,5.93,44.83,5.72,38.46,48,44.15,24,0.0,,11,https://www1.mbrace.or.jp/od2/B/202607/b260709.lzh,2026-10-03T18:26:06.013459+09:00
20260709,15,丸亀,6,20260709-15-06,6,4682,大上卓人,35,広島,53.0,A1,7.09,45.28,6.59,35.29,21,29.03,10,0.0,,12,https://www1.mbrace.or.jp/od2/B/202607/b260709.lzh,2026-10-03T18:26:06.013459+09:00
20260709,15,丸亀,7,20260709-15-07,1,5115,香川颯太,26,滋賀,51.0,B1,5.66,40.54,0.0,0.0,10,29.44,8,0.0,,2,https://www1.mbrace.or.jp/od2/B/202607/b260709.lzh,2026-10-03T18:26:06.013459+09:00
20260709,15,丸亀,7,20260709-15-07,2,4143,浦田晃嗣,45,佐賀,57.0,B1,4.14,17.95,3.78,19.44,55,35.32,37,0.0,,3,https://www1.mbrace.or.jp/od2/B/202607/b260709.lzh,2026-10-03T18:26:06.013459+09:00
20260709,15,丸亀,7,20260709-15-07,3,4049,荒川健太,45,三重,56.0,A2,6.17,40.0,6.3,39.13,45,37.97,6,0.0,,,https://www1.mbrace.or.jp/od2/B/202607/b260709.lzh,2026-10-03T18:26:06.013459+09:00
20260709,15,丸亀,7,20260709-15-07,4,3908,重成一人,47,香川,56.0,A1,5.97,38.1,6.53,44.19,36,35.9,26,0.0,,12,https://www1.mbrace.or.jp/od2/B/202607/b260709.lzh,2026-10-03T18:26:06.013459+09:00
20260709,15,丸亀,7,20260709-15-07,5,3372,加藤雅之,59,広島,51.0,B2,3.08,7.55,3.23,15.38,6,32.04,44,0.0,,1,https://www1.mbrace.or.jp/od2/B/202607/b260709.lzh,2026-10-03T18:26:06.013459+09:00
20260709,15,丸亀,7,20260709-15-07,6,4051,清水敦揮,45,岡山,55.0,A2,6.7,46.24,6.58,47.37,62,32.63,34,0.0,,11,https://www1.mbrace.or.jp/od2/B/202607/b260709.lzh,2026-10-03T18:26:06.013459+09:00
20260709,15,丸亀,8,20260709-15-08,1,4188,久田敏之,45,群馬,52.0,A1,7.62,59.26,6.83,52.17,26,29.1,2,0.0,,12,https://www1.mbrace.or.jp/od2/B/202607/b260709.lzh,2026-10-03T18:26:06.013459+09:00
20260709,15,丸亀,8,20260709-15-08,2,4111,奥田誠,46,広島,55.0,A2,5.64,41.67,5.59,34.38,22,29.74,38,0.0,,2,https://www1.mbrace.or.jp/od2/B/202607/b260709.lzh,2026-10-03T18:26:06.013459+09:00
20260709,15,丸亀,8,20260709-15-08,3,3660,長谷川親,56,香川,60.0,B1,3.14,9.52,4.17,18.18,63,24.86,30,0.0,,1,https://www1.mbrace.or.jp/od2/B/202607/b260709.lzh,2026-10-03T18:26:06.013459+09:00
20260709,15,丸亀,8,20260709-15-08,4,4411,沢田昭宏,40,大阪,56.0,A2,5.61,36.97,5.48,26.09,66,30.37,9,0.0,,,https://www1.mbrace.or.jp/od2/B/202607/b260709.lzh,2026-10-03T18:26:06.013459+09:00
20260709,15,丸亀,8,20260709-15-08,5,3497,後藤浩,58,埼玉,52.0,B1,4.63,31.25,5.2,26.67,23,24.73,5,0.0,,,https://www1.mbrace.or.jp/od2/B/202607/b260709.lzh,2026-10-03T18:26:06.013459+09:00
20260709,15,丸亀,8,20260709-15-08,6,5400,高村諒,23,滋賀,52.0,B2,1.87,1.3,0.0,0.0,4,31.49,3,0.0,,3,https://www1.mbrace.or.jp/od2/B/202607/b260709.lzh,2026-10-03T18:26:06.013459+09:00
20260709,15,丸亀,9,20260709-15-09,1,3484,芝田浩治,54,兵庫,54.0,A2,5.77,42.11,6.08,50.0,61,32.65,20,0.0,,4,https://www1.mbrace.or.jp/od2/B/202607/b260709.lzh,2026-10-03T18:26:06.013459+09:00
20260709,15,丸亀,9,20260709-15-09,2,4112,大久保信,46,佐賀,53.0,A2,5.64,38.46,5.82,35.29,7,42.93,40,0.0,,,https://www1.mbrace.or.jp/od2/B/202607/b260709.lzh,2026-10-03T18:26:06.013459+09:00
20260709,15,丸亀,9,20260709-15-09,3,5035,櫻井優,28,埼玉,54.0,A2,5.48,34.74,3.5,10.0,46,36.92,36,0.0,,3,https://www1.mbrace.or.jp/od2/B/202607/b260709.lzh,2026-10-03T18:26:06.013459+09:00
20260709,15,丸亀,9,20260709-15-09,4,5336,瀬川大地,20,山口,54.0,B1,3.52,13.19,1.14,0.0,41,28.34,21,0.0,,2,https://www1.mbrace.or.jp/od2/B/202607/b260709.lzh,2026-10-03T18:26:06.013459+09:00
20260709,15,丸亀,9,20260709-15-09,5,3848,川上聡介,48,愛知,58.0,B1,4.82,33.71,4.27,36.36,13,27.6,35,0.0,,,https://www1.mbrace.or.jp/od2/B/202607/b260709.lzh,2026-10-03T18:26:06.013459+09:00
20260709,15,丸亀,9,20260709-15-09,6,4705,吉川勇作,37,長崎,57.0,B1,3.42,17.89,4.57,35.14,51,34.52,16,0.0,,1,https://www1.mbrace.or.jp/od2/B/202607/b260709.lzh,2026-10-03T18:26:06.013459+09:00
20260709,15,丸亀,10,20260709-15-10,1,3613,角谷健吾,53,東京,52.0,A2,5.94,41.82,5.14,23.81,27,35.71,41,0.0,,5,https://www1.mbrace.or.jp/od2/B/202607/b260709.lzh,2026-10-03T18:26:06.013459+09:00
20260709,15,丸亀,10,20260709-15-10,2,4475,末永祐輝,38,山口,55.0,A1,5.75,35.45,6.4,40.0,44,26.49,33,0.0,,,https://www1.mbrace.or.jp/od2/B/202607/b260709.lzh,2026-10-03T18:26:06.013459+09:00
20260709,15,丸亀,10,20260709-15-10,3,5302,秋末秦悟,23,大阪,51.0,B1,3.93,21.43,1.88,0.0,18,28.04,45,0.0,,4,https://www1.mbrace.or.jp/od2/B/202607/b260709.lzh,2026-10-03T18:26:06.013459+09:00
20260709,15,丸亀,10,20260709-15-10,4,4323,山田佑樹,39,岡山,56.0,B1,5.59,44.68,5.05,32.76,37,34.01,19,0.0,,2,https://www1.mbrace.or.jp/od2/B/202607/b260709.lzh,2026-10-03T18:26:06.013459+09:00
20260709,15,丸亀,10,20260709-15-10,5,4550,石岡将太,37,群馬,56.0,A2,5.39,33.33,6.13,37.5,52,38.12,7,0.0,,6,https://www1.mbrace.or.jp/od2/B/202607/b260709.lzh,2026-10-03T18:26:06.013459+09:00
20260709,15,丸亀,10,20260709-15-10,6,3793,高橋真吾,53,埼玉,58.0,B1,4.11,20.25,0.0,0.0,28,34.43,14,0.0,,1,https://www1.mbrace.or.jp/od2/B/202607/b260709.lzh,2026-10-03T18:26:06.013459+09:00
20260709,15,丸亀,11,20260709-15-11,1,5132,中野希一,27,埼玉,53.0,A1,6.93,59.32,6.36,54.55,39,33.88,18,0.0,,4,https://www1.mbrace.or.jp/od2/B/202607/b260709.lzh,2026-10-03T18:26:06.013459+09:00
20260709,15,丸亀,11,20260709-15-11,2,4120,柘植政浩,44,滋賀,52.0,A2,5.93,44.83,5.72,38.46,48,44.15,24,0.0,,6,https://www1.mbrace.or.jp/od2/B/202607/b260709.lzh,2026-10-03T18:26:06.013459+09:00
20260709,15,丸亀,11,20260709-15-11,3,4051,清水敦揮,45,岡山,55.0,A2,6.7,46.24,6.58,47.37,62,32.63,34,0.0,,7,https://www1.mbrace.or.jp/od2/B/202607/b260709.lzh,2026-10-03T18:26:06.013459+09:00
20260709,15,丸亀,11,20260709-15-11,4,4216,星栄爾,41,静岡,55.0,B1,4.64,24.71,5.6,30.0,32,43.09,32,0.0,,2,https://www1.mbrace.or.jp/od2/B/202607/b260709.lzh,2026-10-03T18:26:06.013459+09:00
20260709,15,丸亀,11,20260709-15-11,5,3947,寺本昇平,50,群馬,49.0,B1,4.48,16.47,3.83,0.0,57,37.11,23,0.0,,1,https://www1.mbrace.or.jp/od2/B/202607/b260709.lzh,2026-10-03T18:26:06.013459+09:00
20260709,15,丸亀,11,20260709-15-11,6,5441,鈴木雄登,20,愛知,50.0,B1,3.32,10.77,0.0,0.0,53,35.2,28,0.0,,3,https://www1.mbrace.or.jp/od2/B/202607/b260709.lzh,2026-10-03T18:26:06.013459+09:00
20260709,15,丸亀,12,20260709-15-12,1,3908,重成一人,47,香川,56.0,A1,5.97,38.1,6.53,44.19,36,35.9,26,0.0,,7,https://www1.mbrace.or.jp/od2/B/202607/b260709.lzh,2026-10-03T18:26:06.013459+09:00
20260709,15,丸亀,12,20260709-15-12,2,4188,久田敏之,45,群馬,52.0,A1,7.62,59.26,6.83,52.17,26,29.1,2,0.0,,8,https://www1.mbrace.or.jp/od2/B/202607/b260709.lzh,2026-10-03T18:26:06.013459+09:00
20260709,15,丸亀,12,20260709-15-12,3,4682,大上卓人,35,広島,53.0,A1,7.09,45.28,6.59,35.29,21,29.03,10,0.0,,6,https://www1.mbrace.or.jp/od2/B/202607/b260709.lzh,2026-10-03T18:26:06.013459+09:00
20260709,15,丸亀,12,20260709-15-12,4,5275,松田淳平,24,三重,52.0,A1,6.62,55.26,0.0,0.0,1,31.22,31,0.0,,2,https://www1.mbrace.or.jp/od2/B/202607/b260709.lzh,2026-10-03T18:26:06.013459+09:00
20260709,15,丸亀,12,20260709-15-12,5,3987,後藤正宗,48,静岡,53.0,A1,6.11,42.11,7.53,57.89,60,43.0,17,0.0,,3,https://www1.mbrace.or.jp/od2/B/202607/b260709.lzh,2026-10-03T18:26:06.013459+09:00
20260709,15,丸亀,12,20260709-15-12,6,5112,砂長知輝,26,埼玉,52.0,A1,7.04,49.0,6.12,45.45,25,32.2,39,0.0,,5,https://www1.mbrace.or.jp/od2/B/202607/b260709.lzh,2026-10-03T18:26:06.013459+09:00
20260709,14,鳴門,1,20260709-14-01,1,3333,丸尾義孝,58,徳島,52.0,A1,6.43,48.65,6.69,48.08,65,42.55,61,27.08,,12,https://www1.mbrace.or.jp/od2/B/202607/b260709.lzh,2026-10-03T18:26:06.013459+09:00
20260709,14,鳴門,1,20260709-14-01,2,5245,倉富大誠,24,愛知,52.0,B1,5.15,30.56,2.27,6.67,27,34.62,34,22.64,,7,https://www1.mbrace.or.jp/od2/B/202607/b260709.lzh,2026-10-03T18:26:06.013459+09:00
20260709,14,鳴門,1,20260709-14-01,3,3804,中渡修作,52,福岡,53.0,B1,4.88,28.43,5.14,29.73,59,39.13,74,41.86,,6,https://www1.mbrace.or.jp/od2/B/202607/b260709.lzh,2026-10-03T18:26:06.013459+09:00
20260709,14,鳴門,1,20260709-14-01,4,5403,藤山湧太,22,徳島,51.0,B2,2.23,3.08,2.12,5.88,24,37.5,80,8.57,,,https://www1.mbrace.or.jp/od2/B/202607/b260709.lzh,2026-10-03T18:26:06.013459+09:00
20260709,14,鳴門,1,20260709-14-01,5,5329,金子龍斗,22,兵庫,51.0,B1,4.43,30.0,3.5,12.5,51,34.78,16,50.0,,9,https://www1.mbrace.or.jp/od2/B/202607/b260709.lzh,2026-10-03T18:26:06.013459+09:00
20260709,14,鳴門,1,20260709-14-01,6,5462,山浦槙,19,佐賀,49.0,B2,1.44,0.0,0.0,0.0,12,38.46,30,17.65,,5,https://www1.mbrace.or.jp/od2/B/202607/b260709.lzh,2026-10-03T18:26:06.013459+09:00
20260709,14,鳴門,2,20260709-14-02,1,4247,齊藤優,44,徳島,55.0,B1,5.27,27.17,5.72,33.33,75,20.0,27,35.9,,9,https://www1.mbrace.or.jp/od2/B/202607/b260709.lzh,2026-10-03T18:26:06.013459+09:00
20260709,14,鳴門,2,20260709-14-02,2,4816,村松修二,35,広島,55.0,A2,5.17,29.03,6.15,52.94,55,45.83,77,58.14,,8,https://www1.mbrace.or.jp/od2/B/202607/b260709.lzh,2026-10-03T18:26:06.013459+09:00
20260709,14,鳴門,2,20260709-14-02,3,4234,野相弘司,42,福岡,59.0,B1,4.84,29.85,0.0,0.0,82,76.74,23,34.09,,7,https://www1.mbrace.or.jp/od2/B/202607/b260709.lzh,2026-10-03T18:26:06.013459+09:00
20260709,14,鳴門,2,20260709-14-02,4,5070,中島航,32,東京,52.0,B1,3.83,19.7,0.0,0.0,28,22.86,56,43.75,,,https://www1.mbrace.or.jp/od2/B/202607/b260709.lzh,2026-10-03T18:26:06.013459+09:00
20260709,14,鳴門,2,20260709-14-02,5,4703,森永隆,38,山口,52.0,A1,6.82,57.43,7.34,60.53,79,45.45,28,40.43,,11,https://www1.mbrace.or.jp/od2/B/202607/b260709.lzh,2026-10-03T18:26:06.013459+09:00
20260709,14,鳴門,2,20260709-14-02,6,5124,上瀧絢也,30,佐賀,54.0,B1,4.38,23.29,3.77,18.18,33,43.48,24,34.0,,6,https://www1.mbrace.or.jp/od2/B/202607/b260709.lzh,2026-10-03T18:26:06.013459+09:00
20260709,14,鳴門,3,20260709-14-03,1,5238,笹木香吾,26,山口,54.0,A2,5.62,42.86,5.09,29.41,23,19.61,50,41.67,,10,https://www1.mbrace.or.jp/od2/B/202607/b260709.lzh,2026-10-03T18:26:06.013459+09:00
20260709,14,鳴門,3,20260709-14-03,2,4570,前田聖文,38,愛知,56.0,A1,6.22,40.28,5.38,25.0,80,22.92,52,35.42,,12,https://www1.mbrace.or.jp/od2/B/202607/b260709.lzh,2026-10-03T18:26:06.013459+09:00
20260709,14,鳴門,3,20260709-14-03,3,3615,横田茂,53,広島,51.0,B1,4.59,31.65,5.35,32.5,10,20.51,37,42.22,,7,https://www1.mbrace.or.jp/od2/B/202607/b260709.lzh,2026-10-03T18:26:06.013459+09:00
20260709,14,鳴門,3,20260709-14-03,4,4159,向後龍一,45,埼玉,51.0,A2,6.55,50.91,0.0,0.0,54,34.04,15,24.07,,11,https://www1.mbrace.or.jp/od2/B/202607/b260709.lzh,2026-10-03T18:26:06.013459+09:00
20260709,14,鳴門,3,20260709-14-03,5,3771,折下寛法,52,東京,51.0,B1,5.51,34.78,5.53,42.5,21,19.44,32,38.1,,8,https://www1.mbrace.or.jp/od2/B/202607/b260709.lzh,2026-10-03T18:26:06.013459+09:00
20260709,14,鳴門,3,20260709-14-03,6,5428,古園井綾,23,佐賀,50.0,B2,1.09,0.0,0.0,0.0,72,29.55,71,27.5,,,https://www1.mbrace.or.jp/od2/B/202607/b260709.lzh,2026-10-03T18:26:06.013459+09:00
20260709,14,鳴門,4,20260709-14-04,1,4319,三宅潤,41,大阪,55.0,A2,5.84,37.25,5.83,48.28,62,37.78,82,32.61,,11,https://www1.mbrace.or.jp/od2/B/202607/b260709.lzh,2026-10-03T18:26:06.013459+09:00
20260709,14,鳴門,4,20260709-14-04,2,5051,松本純平,31,埼玉,56.0,A1,6.69,48.54,7.53,58.82,71,41.3,38,25.64,,12,https://www1.mbrace.or.jp/od2/B/202607/b260709.lzh,2026-10-03T18:26:06.013459+09:00
20260709,14,鳴門,4,20260709-14-04,3,3893,汐崎正則,50,愛知,55.0,B1,5.3,31.03,4.75,30.0,13,20.51,20,20.51,,9,https://www1.mbrace.or.jp/od2/B/202607/b260709.lzh,2026-10-03T18:26:06.013459+09:00
20260709,14,鳴門,4,20260709-14-04,4,4145,小澤学,44,東京,54.0,B1,3.86,15.66,3.76,20.0,52,40.82,57,22.86,,,https://www1.mbrace.or.jp/od2/B/202607/b260709.lzh,2026-10-03T18:26:06.013459+09:00
20260709,14,鳴門,4,20260709-14-04,5,5249,三木晴斗,24,徳島,54.0,B1,4.96,28.36,5.15,32.14,66,34.09,81,32.65,,8,https://www1.mbrace.or.jp/od2/B/202607/b260709.lzh,2026-10-03T18:26:06.013459+09:00
20260709,14,鳴門,4,20260709-14-04,6,5270,小玉啓太,25,佐賀,53.0,B1,4.68,24.44,2.0,0.0,56,31.91,83,36.36,,10,https://www1.mbrace.or.jp/od2/B/202607/b260709.lzh,2026-10-03T18:26:06.013459+09:00
20260709,14,鳴門,5,20260709-14-05,1,4680,後藤美翼,36,東京,46.0,A2,5.46,34.78,5.3,25.0,64,23.08,72,34.0,,10,https://www1.mbrace.or.jp/od2/B/202607/b260709.lzh,2026-10-03T18:26:06.013459+09:00
20260709,14,鳴門,5,20260709-14-05,2,4484,稲生夏季,35,東京,50.0,B1,4.38,19.05,7.0,60.0,69,26.83,66,45.65,,9,https://www1.mbrace.or.jp/od2/B/202607/b260709.lzh,2026-10-03T18:26:06.013459+09:00
20260709,14,鳴門,5,20260709-14-05,3,4897,深見亜由,34,愛知,43.0,B1,3.48,13.79,7.0,50.0,73,17.5,35,26.09,,,https://www1.mbrace.or.jp/od2/B/202607/b260709.lzh,2026-10-03T18:26:06.013459+09:00
20260709,14,鳴門,5,20260709-14-05,4,5056,西岡成美,30,徳島,45.0,B2,0.0,0.0,5.72,35.19,25,28.0,79,17.5,,,https://www1.mbrace.or.jp/od2/B/202607/b260709.lzh,2026-10-03T18:26:06.013459+09:00
20260709,14,鳴門,5,20260709-14-05,5,5462,山浦槙,19,佐賀,49.0,B2,1.44,0.0,0.0,0.0,12,38.46,30,17.65,,1,https://www1.mbrace.or.jp/od2/B/202607/b260709.lzh,2026-10-03T18:26:06.013459+09:00
20260709,14,鳴門,5,20260709-14-05,6,4994,山本梨菜,28,佐賀,46.0,A2,6.42,48.31,6.0,38.46,15,55.1,55,25.58,,11,https://www1.mbrace.or.jp/od2/B/202607/b260709.lzh,2026-10-03T18:26:06.013459+09:00
20260709,14,鳴門,6,20260709-14-06,1,3370,坪内実,59,大阪,54.0,B1,3.78,19.05,3.1,12.9,61,33.33,75,52.27,,,https://www1.mbrace.or.jp/od2/B/202607/b260709.lzh,2026-10-03T18:26:06.013459+09:00
20260709,14,鳴門,6,20260709-14-06,2,4587,木田峰由,35,福井,56.0,A1,6.59,51.11,5.22,30.56,36,11.63,63,21.43,,12,https://www1.mbrace.or.jp/od2/B/202607/b260709.lzh,2026-10-03T18:26:06.013459+09:00
20260709,14,鳴門,6,20260709-14-06,3,5252,荒木颯斗,23,愛知,52.0,A2,5.95,41.44,5.0,27.78,53,14.63,29,36.36,,11,https://www1.mbrace.or.jp/od2/B/202607/b260709.lzh,2026-10-03T18:26:06.013459+09:00
20260709,14,鳴門,6,20260709-14-06,4,5124,上瀧絢也,30,佐賀,54.0,B1,4.38,23.29,3.77,18.18,33,43.48,24,34.0,,2,https://www1.mbrace.or.jp/od2/B/202607/b260709.lzh,2026-10-03T18:26:06.013459+09:00
20260709,14,鳴門,6,20260709-14-06,5,5361,植竹玲奈,19,東京,49.0,B1,2.44,3.28,2.33,0.0,26,25.0,36,25.0,,,https://www1.mbrace.or.jp/od2/B/202607/b260709.lzh,2026-10-03T18:26:06.013459+09:00
20260709,14,鳴門,6,20260709-14-06,6,3804,中渡修作,52,福岡,53.0,B1,4.88,28.43,5.14,29.73,59,39.13,74,41.86,,1,https://www1.mbrace.or.jp/od2/B/202607/b260709.lzh,2026-10-03T18:26:06.013459+09:00
20260709,14,鳴門,7,20260709-14-07,1,4234,野相弘司,42,福岡,59.0,B1,4.84,29.85,0.0,0.0,82,76.74,23,34.09,,2,https://www1.mbrace.or.jp/od2/B/202607/b260709.lzh,2026-10-03T18:26:06.013459+09:00
20260709,14,鳴門,7,20260709-14-07,2,4152,深水慎一,46,東京,52.0,A2,5.17,37.66,4.45,31.82,68,19.51,18,34.0,,11,https://www1.mbrace.or.jp/od2/B/202607/b260709.lzh,2026-10-03T18:26:06.013459+09:00
20260709,14,鳴門,7,20260709-14-07,3,3989,熊本英一,47,佐賀,54.0,B1,3.72,17.57,3.87,20.0,50,35.42,62,26.19,,,https://www1.mbrace.or.jp/od2/B/202607/b260709.lzh,2026-10-03T18:26:06.013459+09:00
20260709,14,鳴門,7,20260709-14-07,4,4857,加藤翔馬,29,兵庫,55.0,A1,7.23,60.17,6.65,53.85,38,39.13,54,39.13,,12,https://www1.mbrace.or.jp/od2/B/202607/b260709.lzh,2026-10-03T18:26:06.013459+09:00
20260709,14,鳴門,7,20260709-14-07,5,5245,倉富大誠,24,愛知,52.0,B1,5.15,30.56,2.27,6.67,27,34.62,34,22.64,,1,https://www1.mbrace.or.jp/od2/B/202607/b260709.lzh,2026-10-03T18:26:06.013459+09:00
20260709,14,鳴門,7,20260709-14-07,6,3615,横田茂,53,広島,51.0,B1,4.59,31.65,5.35,32.5,10,20.51,37,42.22,,3,https://www1.mbrace.or.jp/od2/B/202607/b260709.lzh,2026-10-03T18:26:06.013459+09:00
20260709,14,鳴門,8,20260709-14-08,1,3771,折下寛法,52,東京,51.0,B1,5.51,34.78,5.53,42.5,21,19.44,32,38.1,,3,https://www1.mbrace.or.jp/od2/B/202607/b260709.lzh,2026-10-03T18:26:06.013459+09:00
20260709,14,鳴門,8,20260709-14-08,2,5249,三木晴斗,24,徳島,54.0,B1,4.96,28.36,5.15,32.14,66,34.09,81,32.65,,4,https://www1.mbrace.or.jp/od2/B/202607/b260709.lzh,2026-10-03T18:26:06.013459+09:00
20260709,14,鳴門,8,20260709-14-08,3,5066,鈴木孝明,27,埼玉,54.0,A1,6.91,55.24,6.25,37.5,16,36.36,73,8.57,,12,https://www1.mbrace.or.jp/od2/B/202607/b260709.lzh,2026-10-03T18:26:06.013459+09:00
20260709,14,鳴門,8,20260709-14-08,4,3642,大塚浩二,55,静岡,52.0,B1,4.18,16.42,2.68,5.26,29,59.62,84,33.33,,,https://www1.mbrace.or.jp/od2/B/202607/b260709.lzh,2026-10-03T18:26:06.013459+09:00
20260709,14,鳴門,8,20260709-14-08,5,4816,村松修二,35,広島,55.0,A2,5.17,29.03,6.15,52.94,55,45.83,77,58.14,,2,https://www1.mbrace.or.jp/od2/B/202607/b260709.lzh,2026-10-03T18:26:06.013459+09:00
20260709,14,鳴門,8,20260709-14-08,6,5391,出穂和鼓,18,山口,53.0,B2,1.62,1.52,1.17,0.0,39,16.28,14,40.48,,,https://www1.mbrace.or.jp/od2/B/202607/b260709.lzh,2026-10-03T18:26:06.013459+09:00
20260709,14,鳴門,9,20260709-14-09,1,3893,汐崎正則,50,愛知,55.0,B1,5.3,31.03,4.75,30.0,13,20.51,20,20.51,,4,https://www1.mbrace.or.jp/od2/B/202607/b260709.lzh,2026-10-03T18:26:06.013459+09:00
20260709,14,鳴門,9,20260709-14-09,2,4989,石原翼,29,静岡,52.0,A2,6.15,42.06,6.36,47.73,70,38.46,70,37.21,,,https://www1.mbrace.or.jp/od2/B/202607/b260709.lzh,2026-10-03T18:26:06.013459+09:00
20260709,14,鳴門,9,20260709-14-09,3,4247,齊藤優,44,徳島,55.0,B1,5.27,27.17,5.72,33.33,75,20.0,27,35.9,,2,https://www1.mbrace.or.jp/od2/B/202607/b260709.lzh,2026-10-03T18:26:06.013459+09:00
20260709,14,鳴門,9,20260709-14-09,4,5329,金子龍斗,22,兵庫,51.0,B1,4.43,30.0,3.5,12.5,51,34.78,16,50.0,,1,https://www1.mbrace.or.jp/od2/B/202607/b260709.lzh,2026-10-03T18:26:06.013459+09:00
20260709,14,鳴門,9,20260709-14-09,5,5145,島川海輝,23,山口,55.0,A2,6.06,47.86,5.2,32.0,18,23.53,76,34.04,,,https://www1.mbrace.or.jp/od2/B/202607/b260709.lzh,2026-10-03T18:26:06.013459+09:00
20260709,14,鳴門,9,20260709-14-09,6,4484,稲生夏季,35,東京,50.0,B1,4.38,19.05,7.0,60.0,69,26.83,66,45.65,,5,https://www1.mbrace.or.jp/od2/B/202607/b260709.lzh,2026-10-03T18:26:06.013459+09:00
20260709,14,鳴門,10,20260709-14-10,1,4339,平瀬城啓,42,福井,54.0,B1,3.61,12.99,3.73,18.18,37,53.19,68,31.71,,,https://www1.mbrace.or.jp/od2/B/202607/b260709.lzh,2026-10-03T18:26:06.013459+09:00
20260709,14,鳴門,10,20260709-14-10,2,5332,村松遥輝,22,静岡,55.0,B1,3.95,25.4,3.33,11.11,77,31.82,13,37.78,,,https://www1.mbrace.or.jp/od2/B/202607/b260709.lzh,2026-10-03T18:26:06.013459+09:00
20260709,14,鳴門,10,20260709-14-10,3,4680,後藤美翼,36,東京,46.0,A2,5.46,34.78,5.3,25.0,64,23.08,72,34.0,,5,https://www1.mbrace.or.jp/od2/B/202607/b260709.lzh,2026-10-03T18:26:06.013459+09:00
20260709,14,鳴門,10,20260709-14-10,4,5270,小玉啓太,25,佐賀,53.0,B1,4.68,24.44,2.0,0.0,56,31.91,83,36.36,,4,https://www1.mbrace.or.jp/od2/B/202607/b260709.lzh,2026-10-03T18:26:06.013459+09:00
20260709,14,鳴門,10,20260709-14-10,5,5238,笹木香吾,26,山口,54.0,A2,5.62,42.86,5.09,29.41,23,19.61,50,41.67,,3,https://www1.mbrace.or.jp/od2/B/202607/b260709.lzh,2026-10-03T18:26:06.013459+09:00
20260709,14,鳴門,10,20260709-14-10,6,5220,青木蓮,25,埼玉,50.0,A2,6.31,46.61,0.0,0.0,67,35.71,67,29.17,,,https://www1.mbrace.or.jp/od2/B/202607/b260709.lzh,2026-10-03T18:26:06.013459+09:00
20260709,14,鳴門,11,20260709-14-11,1,5252,荒木颯斗,23,愛知,52.0,A2,5.95,41.44,5.0,27.78,53,14.63,29,36.36,,6,https://www1.mbrace.or.jp/od2/B/202607/b260709.lzh,2026-10-03T18:26:06.013459+09:00
20260709,14,鳴門,11,20260709-14-11,2,4994,山本梨菜,28,佐賀,46.0,A2,6.42,48.31,6.0,38.46,15,55.1,55,25.58,,5,https://www1.mbrace.or.jp/od2/B/202607/b260709.lzh,2026-10-03T18:26:06.013459+09:00
20260709,14,鳴門,11,20260709-14-11,3,4703,森永隆,38,山口,52.0,A1,6.82,57.43,7.34,60.53,79,45.45,28,40.43,,2,https://www1.mbrace.or.jp/od2/B/202607/b260709.lzh,2026-10-03T18:26:06.013459+09:00
20260709,14,鳴門,11,20260709-14-11,4,4152,深水慎一,46,東京,52.0,A2,5.17,37.66,4.45,31.82,68,19.51,18,34.0,,7,https://www1.mbrace.or.jp/od2/B/202607/b260709.lzh,2026-10-03T18:26:06.013459+09:00
20260709,14,鳴門,11,20260709-14-11,5,4319,三宅潤,41,大阪,55.0,A2,5.84,37.25,5.83,48.28,62,37.78,82,32.61,,4,https://www1.mbrace.or.jp/od2/B/202607/b260709.lzh,2026-10-03T18:26:06.013459+09:00
20260709,14,鳴門,11,20260709-14-11,6,4159,向後龍一,45,埼玉,51.0,A2,6.55,50.91,0.0,0.0,54,34.04,15,24.07,,3,https://www1.mbrace.or.jp/od2/B/202607/b260709.lzh,2026-10-03T18:26:06.013459+09:00
20260709,14,鳴門,12,20260709-14-12,1,4857,加藤翔馬,29,兵庫,55.0,A1,7.23,60.17,6.65,53.85,38,39.13,54,39.13,,7,https://www1.mbrace.or.jp/od2/B/202607/b260709.lzh,2026-10-03T18:26:06.013459+09:00
20260709,14,鳴門,12,20260709-14-12,2,5066,鈴木孝明,27,埼玉,54.0,A1,6.91,55.24,6.25,37.5,16,36.36,73,8.57,,8,https://www1.mbrace.or.jp/od2/B/202607/b260709.lzh,2026-10-03T18:26:06.013459+09:00
20260709,14,鳴門,12,20260709-14-12,3,4570,前田聖文,38,愛知,56.0,A1,6.22,40.28,5.38,25.0,80,22.92,52,35.42,,3,https://www1.mbrace.or.jp/od2/B/202607/b260709.lzh,2026-10-03T18:26:06.013459+09:00
20260709,14,鳴門,12,20260709-14-12,4,5051,松本純平,31,埼玉,56.0,A1,6.69,48.54,7.53,58.82,71,41.3,38,25.64,,4,https://www1.mbrace.or.jp/od2/B/202607/b260709.lzh,2026-10-03T18:26:06.013459+09:00
20260709,14,鳴門,12,20260709-14-12,5,3333,丸尾義孝,58,徳島,52.0,A1,6.43,48.65,6.69,48.08,65,42.55,61,27.08,,1,https://www1.mbrace.or.jp/od2/B/202607/b260709.lzh,2026-10-03T18:26:06.013459+09:00
20260709,14,鳴門,12,20260709-14-12,6,4587,木田峰由,35,福井,56.0,A1,6.59,51.11,5.22,30.56,36,11.63,63,21.43,,6,https://www1.mbrace.or.jp/od2/B/202607/b260709.lzh,2026-10-03T18:26:06.013459+09:00
20260709,11,びわこ,1,20260709-11-01,1,3302,谷川里江,58,愛知,45.0,B1,4.6,27.27,5.25,40.0,12,50.77,47,36.21,1 16,8,https://www1.mbrace.or.jp/od2/B/202607/b260709.lzh,2026-10-03T18:26:06.013459+09:00
20260709,11,びわこ,1,20260709-11-01,2,3580,水口由紀,53,滋賀,49.0,B1,4.1,20.93,4.58,21.25,35,28.3,56,13.46,2 15,5,https://www1.mbrace.or.jp/od2/B/202607/b260709.lzh,2026-10-03T18:26:06.013459+09:00
20260709,11,びわこ,1,20260709-11-01,3,4385,鈴木祐美,40,三重,49.0,B2,3.86,14.29,3.94,18.75,66,19.7,30,30.91,4 24,7,https://www1.mbrace.or.jp/od2/B/202607/b260709.lzh,2026-10-03T18:26:06.013459+09:00
20260709,11,びわこ,1,20260709-11-01,4,5231,寺田空詩,22,山口,46.0,B1,6.38,46.38,5.1,25.0,44,27.78,69,42.86,134,11,https://www1.mbrace.or.jp/od2/B/202607/b260709.lzh,2026-10-03T18:26:06.013459+09:00
20260709,11,びわこ,1,20260709-11-01,5,5416,龍田真白,20,三重,45.0,B1,2.83,8.62,1.14,0.0,67,34.55,27,28.33,2 64,6,https://www1.mbrace.or.jp/od2/B/202607/b260709.lzh,2026-10-03T18:26:06.013459+09:00
20260709,11,びわこ,1,20260709-11-01,6,4878,西岡育未,31,徳島,47.0,B1,4.75,23.91,4.29,11.76,60,13.21,25,43.86,655,,https://www1.mbrace.or.jp/od2/B/202607/b260709.lzh,2026-10-03T18:26:06.013459+09:00
20260709,11,びわこ,2,20260709-11-02,1,5003,来田衣織,30,兵庫,46.0,B1,5.24,41.58,4.43,27.5,64,32.73,19,23.53,354,9,https://www1.mbrace.or.jp/od2/B/202607/b260709.lzh,2026-10-03T18:26:06.013459+09:00
20260709,11,びわこ,2,20260709-11-02,2,5213,湯淺紀香,27,群馬,46.0,B1,5.35,34.69,4.22,21.74,58,33.33,35,36.84,1 34,7,https://www1.mbrace.or.jp/od2/B/202607/b260709.lzh,2026-10-03T18:26:06.013459+09:00
20260709,11,びわこ,2,20260709-11-02,3,4014,片岡恵里,46,山口,47.0,A2,5.28,34.69,0.0,0.0,63,30.43,34,43.86,6 52,8,https://www1.mbrace.or.jp/od2/B/202607/b260709.lzh,2026-10-03T18:26:06.013459+09:00
20260709,11,びわこ,2,20260709-11-02,4,5165,小林愛実,26,岡山,46.0,B1,3.64,15.0,5.24,35.14,59,30.36,28,10.42,5S2,,https://www1.mbrace.or.jp/od2/B/202607/b260709.lzh,2026-10-03T18:26:06.013459+09:00
20260709,11,びわこ,2,20260709-11-02,5,5088,高憧四季,26,大阪,44.0,A1,7.09,53.54,6.56,60.0,13,44.62,55,23.64,4112,11,https://www1.mbrace.or.jp/od2/B/202607/b260709.lzh,2026-10-03T18:26:06.013459+09:00
20260709,11,びわこ,2,20260709-11-02,6,4924,中北涼,33,長崎,48.0,B1,4.86,24.24,4.82,29.41,65,25.0,64,35.59,433,6,https://www1.mbrace.or.jp/od2/B/202607/b260709.lzh,2026-10-03T18:26:06.013459+09:00
20260709,11,びわこ,3,20260709-11-03,1,4694,高田綾,41,福岡,44.0,B1,4.12,20.0,0.0,0.0,27,13.89,53,40.82,4 26,9,https://www1.mbrace.or.jp/od2/B/202607/b260709.lzh,2026-10-03T18:26:06.013459+09:00
20260709,11,びわこ,3,20260709-11-03,2,5322,根岸真優,24,埼玉,44.0,B1,2.8,8.54,1.59,0.0,21,43.64,50,32.69,621,8,https://www1.mbrace.or.jp/od2/B/202607/b260709.lzh,2026-10-03T18:26:06.013459+09:00
20260709,11,びわこ,3,20260709-11-03,3,5163,清水愛海,26,山口,45.0,A1,6.07,40.74,7.82,72.73,45,38.18,41,45.28,2322,10,https://www1.mbrace.or.jp/od2/B/202607/b260709.lzh,2026-10-03T18:26:06.013459+09:00
20260709,11,びわこ,3,20260709-11-03,4,5297,南彩寧,23,兵庫,49.0,B1,3.66,17.58,1.73,2.44,62,17.74,71,30.91,5 61,7,https://www1.mbrace.or.jp/od2/B/202607/b260709.lzh,2026-10-03T18:26:06.013459+09:00
20260709,11,びわこ,3,20260709-11-03,5,4964,土屋南,29,岡山,46.0,A2,5.67,38.53,4.44,11.11,19,30.91,26,40.68,1432,11,https://www1.mbrace.or.jp/od2/B/202607/b260709.lzh,2026-10-03T18:26:06.013459+09:00
20260709,11,びわこ,3,20260709-11-03,6,4984,森下愛梨,29,静岡,50.0,B1,4.88,31.71,0.0,0.0,73,31.37,22,32.73,2 61,12,https://www1.mbrace.or.jp/od2/B/202607/b260709.lzh,2026-10-03T18:26:06.013459+09:00
20260709,11,びわこ,4,20260709-11-04,1,5296,永田楽,24,愛知,46.0,B1,3.47,17.98,2.62,11.76,48,37.5,11,41.27,436,,https://www1.mbrace.or.jp/od2/B/202607/b260709.lzh,2026-10-03T18:26:06.013459+09:00
20260709,11,びわこ,4,20260709-11-04,2,5218,山田理央,26,香川,45.0,A1,6.51,44.92,6.0,0.0,70,30.91,70,32.73,5123,9,https://www1.mbrace.or.jp/od2/B/202607/b260709.lzh,2026-10-03T18:26:06.013459+09:00
20260709,11,びわこ,4,20260709-11-04,3,5013,山下夏鈴,28,三重,43.0,B1,5.54,36.46,6.8,54.0,40,43.33,44,38.71,4 11,11,https://www1.mbrace.or.jp/od2/B/202607/b260709.lzh,2026-10-03T18:26:06.013459+09:00
20260709,11,びわこ,4,20260709-11-04,4,5283,植木美帆,22,東京,48.0,B2,2.36,4.69,2.56,6.25,61,46.97,59,38.6,5 55,,https://www1.mbrace.or.jp/od2/B/202607/b260709.lzh,2026-10-03T18:26:06.013459+09:00
20260709,11,びわこ,4,20260709-11-04,5,5129,山口真喜,29,長崎,48.0,A2,5.92,37.63,5.45,41.38,39,28.07,21,31.03,523,12,https://www1.mbrace.or.jp/od2/B/202607/b260709.lzh,2026-10-03T18:26:06.013459+09:00
20260709,11,びわこ,4,20260709-11-04,6,3618,海野ゆか,52,広島,45.0,A1,6.44,49.54,7.8,60.0,18,52.31,40,27.45,4515,10,https://www1.mbrace.or.jp/od2/B/202607/b260709.lzh,2026-10-03T18:26:06.013459+09:00
20260709,11,びわこ,5,20260709-11-05,1,4050,田口節子,45,岡山,45.0,A1,7.1,50.45,7.1,60.0,49,27.78,12,36.07,3141,12,https://www1.mbrace.or.jp/od2/B/202607/b260709.lzh,2026-10-03T18:26:06.013459+09:00
20260709,11,びわこ,5,20260709-11-05,2,4714,喜多須杏,35,徳島,48.0,B1,4.91,22.37,3.54,16.67,57,40.32,38,49.21,142,10,https://www1.mbrace.or.jp/od2/B/202607/b260709.lzh,2026-10-03T18:26:06.013459+09:00
20260709,11,びわこ,5,20260709-11-05,3,4011,堀之内紀,46,岡山,47.0,A2,6.27,45.26,6.39,33.33,53,26.98,63,27.12,3645,,https://www1.mbrace.or.jp/od2/B/202607/b260709.lzh,2026-10-03T18:26:06.013459+09:00
20260709,11,びわこ,5,20260709-11-05,4,3580,水口由紀,53,滋賀,49.0,B1,4.1,20.93,4.58,21.25,35,28.3,56,13.46,2 15,1,https://www1.mbrace.or.jp/od2/B/202607/b260709.lzh,2026-10-03T18:26:06.013459+09:00
20260709,11,びわこ,5,20260709-11-05,5,5281,井上遥妃,23,徳島,46.0,A1,5.65,40.2,4.4,20.93,71,29.63,45,25.93,5211,9,https://www1.mbrace.or.jp/od2/B/202607/b260709.lzh,2026-10-03T18:26:06.013459+09:00
20260709,11,びわこ,5,20260709-11-05,6,3704,本部めぐ,52,三重,45.0,B1,3.32,11.27,5.4,40.0,38,35.29,48,6.25,2 46,,https://www1.mbrace.or.jp/od2/B/202607/b260709.lzh,2026-10-03T18:26:06.013459+09:00
20260709,11,びわこ,6,20260709-11-06,1,4825,倉持莉々,32,東京,48.0,A1,6.8,47.27,0.0,0.0,14,32.69,54,33.33,2445,11,https://www1.mbrace.or.jp/od2/B/202607/b260709.lzh,2026-10-03T18:26:06.013459+09:00
20260709,11,びわこ,6,20260709-11-06,2,5052,赤井星璃,31,大阪,50.0,B1,5.02,29.82,0.0,0.0,54,39.29,36,33.9,6 56,,https://www1.mbrace.or.jp/od2/B/202607/b260709.lzh,2026-10-03T18:26:06.013459+09:00
20260709,11,びわこ,6,20260709-11-06,3,4924,中北涼,33,長崎,48.0,B1,4.86,24.24,4.82,29.41,65,25.0,64,35.59,433,2,https://www1.mbrace.or.jp/od2/B/202607/b260709.lzh,2026-10-03T18:26:06.013459+09:00
20260709,11,びわこ,6,20260709-11-06,4,4773,中川りな,32,福岡,49.0,A2,6.18,47.06,5.39,38.89,31,28.89,51,30.61,6 43,10,https://www1.mbrace.or.jp/od2/B/202607/b260709.lzh,2026-10-03T18:26:06.013459+09:00
20260709,11,びわこ,6,20260709-11-06,5,4938,小芦るり,28,佐賀,48.0,A1,6.81,50.86,6.29,41.38,69,28.81,37,28.07,1633,12,https://www1.mbrace.or.jp/od2/B/202607/b260709.lzh,2026-10-03T18:26:06.013459+09:00
20260709,11,びわこ,6,20260709-11-06,6,5416,龍田真白,20,三重,45.0,B1,2.83,8.62,1.14,0.0,67,34.55,27,28.33,2 64,1,https://www1.mbrace.or.jp/od2/B/202607/b260709.lzh,2026-10-03T18:26:06.013459+09:00
20260709,11,びわこ,7,20260709-11-07,1,5297,南彩寧,23,兵庫,49.0,B1,3.66,17.58,1.73,2.44,62,17.74,71,30.91,5 61,3,https://www1.mbrace.or.jp/od2/B/202607/b260709.lzh,2026-10-03T18:26:06.013459+09:00
20260709,11,びわこ,7,20260709-11-07,2,3900,香川素子,49,滋賀,47.0,A2,6.38,47.19,6.95,57.27,37,28.33,13,20.0,2224,11,https://www1.mbrace.or.jp/od2/B/202607/b260709.lzh,2026-10-03T18:26:06.013459+09:00
20260709,11,びわこ,7,20260709-11-07,3,5195,北村寧々,24,長崎,47.0,A2,5.14,33.75,5.59,41.38,41,35.48,32,31.88,4136,12,https://www1.mbrace.or.jp/od2/B/202607/b260709.lzh,2026-10-03T18:26:06.013459+09:00
20260709,11,びわこ,7,20260709-11-07,4,5213,湯淺紀香,27,群馬,46.0,B1,5.35,34.69,4.22,21.74,58,33.33,35,36.84,1 34,2,https://www1.mbrace.or.jp/od2/B/202607/b260709.lzh,2026-10-03T18:26:06.013459+09:00
20260709,11,びわこ,7,20260709-11-07,5,5182,宮崎安奈,28,埼玉,48.0,B1,4.57,25.0,3.89,11.11,25,26.23,46,44.44,5 54,,https://www1.mbrace.or.jp/od2/B/202607/b260709.lzh,2026-10-03T18:26:06.013459+09:00
20260709,11,びわこ,7,20260709-11-07,6,4385,鈴木祐美,40,三重,49.0,B2,3.86,14.29,3.94,18.75,66,19.7,30,30.91,4 24,1,https://www1.mbrace.or.jp/od2/B/202607/b260709.lzh,2026-10-03T18:26:06.013459+09:00
20260709,11,びわこ,8,20260709-11-08,1,5045,平川香織,25,埼玉,46.0,A2,6.81,50.0,5.56,31.25,33,46.88,31,36.67,1333,,https://www1.mbrace.or.jp/od2/B/202607/b260709.lzh,2026-10-03T18:26:06.013459+09:00
20260709,11,びわこ,8,20260709-11-08,2,4473,藤堂里香,38,福井,45.0,B1,5.29,32.58,5.85,47.06,55,25.93,29,32.08,133,12,https://www1.mbrace.or.jp/od2/B/202607/b260709.lzh,2026-10-03T18:26:06.013459+09:00
20260709,11,びわこ,8,20260709-11-08,3,3302,谷川里江,58,愛知,45.0,B1,4.6,27.27,5.25,40.0,12,50.77,47,36.21,1 16,1,https://www1.mbrace.or.jp/od2/B/202607/b260709.lzh,2026-10-03T18:26:06.013459+09:00
20260709,11,びわこ,8,20260709-11-08,4,4014,片岡恵里,46,山口,47.0,A2,5.28,34.69,0.0,0.0,63,30.43,34,43.86,6 52,2,https://www1.mbrace.or.jp/od2/B/202607/b260709.lzh,2026-10-03T18:26:06.013459+09:00
20260709,11,びわこ,8,20260709-11-08,5,5322,根岸真優,24,埼玉,44.0,B1,2.8,8.54,1.59,0.0,21,43.64,50,32.69,621,3,https://www1.mbrace.or.jp/od2/B/202607/b260709.lzh,2026-10-03T18:26:06.013459+09:00
20260709,11,びわこ,8,20260709-11-08,6,5444,林風音,18,愛知,58.0,B2,1.39,1.52,2.11,11.11,43,33.93,14,8.93,6 66,,https://www1.mbrace.or.jp/od2/B/202607/b260709.lzh,2026-10-03T18:26:06.013459+09:00
20260709,11,びわこ,9,20260709-11-09,1,5079,大石真央,28,静岡,46.0,B1,4.96,27.36,4.74,21.05,50,37.5,24,47.37,255,,https://www1.mbrace.or.jp/od2/B/202607/b260709.lzh,2026-10-03T18:26:06.013459+09:00
20260709,11,びわこ,9,20260709-11-09,2,5281,井上遥妃,23,徳島,46.0,A1,5.65,40.2,4.4,20.93,71,29.63,45,25.93,5211,5,https://www1.mbrace.or.jp/od2/B/202607/b260709.lzh,2026-10-03T18:26:06.013459+09:00
20260709,11,びわこ,9,20260709-11-09,3,4694,高田綾,41,福岡,44.0,B1,4.12,20.0,0.0,0.0,27,13.89,53,40.82,4 26,3,https://www1.mbrace.or.jp/od2/B/202607/b260709.lzh,2026-10-03T18:26:06.013459+09:00
20260709,11,びわこ,9,20260709-11-09,4,5003,来田衣織,30,兵庫,46.0,B1,5.24,41.58,4.43,27.5,64,32.73,19,23.53,354,2,https://www1.mbrace.or.jp/od2/B/202607/b260709.lzh,2026-10-03T18:26:06.013459+09:00
20260709,11,びわこ,9,20260709-11-09,5,4045,佐々木裕,46,山口,47.0,B1,4.66,28.95,6.93,46.67,24,12.5,20,43.08,662,,https://www1.mbrace.or.jp/od2/B/202607/b260709.lzh,2026-10-03T18:26:06.013459+09:00
20260709,11,びわこ,9,20260709-11-09,6,5218,山田理央,26,香川,45.0,A1,6.51,44.92,6.0,0.0,70,30.91,70,32.73,5123,4,https://www1.mbrace.or.jp/od2/B/202607/b260709.lzh,2026-10-03T18:26:06.013459+09:00
20260709,11,びわこ,10,20260709-11-10,1,4773,中川りな,32,福岡,49.0,A2,6.18,47.06,5.39,38.89,31,28.89,51,30.61,6 43,6,https://www1.mbrace.or.jp/od2/B/202607/b260709.lzh,2026-10-03T18:26:06.013459+09:00
20260709,11,びわこ,10,20260709-11-10,2,5314,中曽瑠華,25,東京,52.0,B1,3.45,14.52,2.57,0.0,46,33.33,65,25.49,355,,https://www1.mbrace.or.jp/od2/B/202607/b260709.lzh,2026-10-03T18:26:06.013459+09:00
20260709,11,びわこ,10,20260709-11-10,3,3618,海野ゆか,52,広島,45.0,A1,6.44,49.54,7.8,60.0,18,52.31,40,27.45,4515,4,https://www1.mbrace.or.jp/od2/B/202607/b260709.lzh,2026-10-03T18:26:06.013459+09:00
20260709,11,びわこ,10,20260709-11-10,4,4714,喜多須杏,35,徳島,48.0,B1,4.91,22.37,3.54,16.67,57,40.32,38,49.21,142,5,https://www1.mbrace.or.jp/od2/B/202607/b260709.lzh,2026-10-03T18:26:06.013459+09:00
20260709,11,びわこ,10,20260709-11-10,5,3871,池田紫乃,50,長崎,44.0,B1,3.95,26.23,6.5,60.71,51,38.6,18,39.34,336,,https://www1.mbrace.or.jp/od2/B/202607/b260709.lzh,2026-10-03T18:26:06.013459+09:00
20260709,11,びわこ,10,20260709-11-10,6,5163,清水愛海,26,山口,45.0,A1,6.07,40.74,7.82,72.73,45,38.18,41,45.28,2322,3,https://www1.mbrace.or.jp/od2/B/202607/b260709.lzh,2026-10-03T18:26:06.013459+09:00
20260709,11,びわこ,11,20260709-11-11,1,5088,高憧四季,26,大阪,44.0,A1,7.09,53.54,6.56,60.0,13,44.62,55,23.64,4112,2,https://www1.mbrace.or.jp/od2/B/202607/b260709.lzh,2026-10-03T18:26:06.013459+09:00
20260709,11,びわこ,11,20260709-11-11,2,5231,寺田空詩,22,山口,46.0,B1,6.38,46.38,5.1,25.0,44,27.78,69,42.86,134,1,https://www1.mbrace.or.jp/od2/B/202607/b260709.lzh,2026-10-03T18:26:06.013459+09:00
20260709,11,びわこ,11,20260709-11-11,3,4964,土屋南,29,岡山,46.0,A2,5.67,38.53,4.44,11.11,19,30.91,26,40.68,1432,3,https://www1.mbrace.or.jp/od2/B/202607/b260709.lzh,2026-10-03T18:26:06.013459+09:00
20260709,11,びわこ,11,20260709-11-11,4,4825,倉持莉々,32,東京,48.0,A1,6.8,47.27,0.0,0.0,14,32.69,54,33.33,2445,6,https://www1.mbrace.or.jp/od2/B/202607/b260709.lzh,2026-10-03T18:26:06.013459+09:00
20260709,11,びわこ,11,20260709-11-11,5,5013,山下夏鈴,28,三重,43.0,B1,5.54,36.46,6.8,54.0,40,43.33,44,38.71,4 11,4,https://www1.mbrace.or.jp/od2/B/202607/b260709.lzh,2026-10-03T18:26:06.013459+09:00
20260709,11,びわこ,11,20260709-11-11,6,3900,香川素子,49,滋賀,47.0,A2,6.38,47.19,6.95,57.27,37,28.33,13,20.0,2224,7,https://www1.mbrace.or.jp/od2/B/202607/b260709.lzh,2026-10-03T18:26:06.013459+09:00
20260709,11,びわこ,12,20260709-11-12,1,4938,小芦るり,28,佐賀,48.0,A1,6.81,50.86,6.29,41.38,69,28.81,37,28.07,1633,6,https://www1.mbrace.or.jp/od2/B/202607/b260709.lzh,2026-10-03T18:26:06.013459+09:00
20260709,11,びわこ,12,20260709-11-12,2,5129,山口真喜,29,長崎,48.0,A2,5.92,37.63,5.45,41.38,39,28.07,21,31.03,523,4,https://www1.mbrace.or.jp/od2/B/202607/b260709.lzh,2026-10-03T18:26:06.013459+09:00
20260709,11,びわこ,12,20260709-11-12,3,4984,森下愛梨,29,静岡,50.0,B1,4.88,31.71,0.0,0.0,73,31.37,22,32.73,2 61,3,https://www1.mbrace.or.jp/od2/B/202607/b260709.lzh,2026-10-03T18:26:06.013459+09:00
20260709,11,びわこ,12,20260709-11-12,4,4050,田口節子,45,岡山,45.0,A1,7.1,50.45,7.1,60.0,49,27.78,12,36.07,3141,5,https://www1.mbrace.or.jp/od2/B/202607/b260709.lzh,2026-10-03T18:26:06.013459+09:00
20260709,11,びわこ,12,20260709-11-12,5,5195,北村寧々,24,長崎,47.0,A2,5.14,33.75,5.59,41.38,41,35.48,66,32.2,4136,7,https://www1.mbrace.or.jp/od2/B/202607/b260709.lzh,2026-10-03T18:26:06.013459+09:00
20260709,11,びわこ,12,20260709-11-12,6,4473,藤堂里香,38,福井,45.0,B1,5.29,32.58,5.85,47.06,55,25.93,29,32.08,133,8,https://www1.mbrace.or.jp/od2/B/202607/b260709.lzh,2026-10-03T18:26:06.013459+09:00
20260709,10,三国,1,20260709-10-01,1,3654,武田光史,52,福井,52.0,A2,6.93,59.52,6.94,54.89,29,22.97,27,33.33,356,8,https://www1.mbrace.or.jp/od2/B/202607/b260709.lzh,2026-10-03T18:26:06.013459+09:00
20260709,10,三国,1,20260709-10-01,2,3614,谷勝幸,53,広島,55.0,B1,4.26,20.2,3.88,12.5,38,27.63,36,26.67,564,6,https://www1.mbrace.or.jp/od2/B/202607/b260709.lzh,2026-10-03T18:26:06.013459+09:00
20260709,10,三国,1,20260709-10-01,3,3773,津留浩一,52,長崎,58.0,B1,3.76,17.72,2.6,20.0,55,39.44,34,35.06,342,11,https://www1.mbrace.or.jp/od2/B/202607/b260709.lzh,2026-10-03T18:26:06.013459+09:00
20260709,10,三国,1,20260709-10-01,4,3977,山本兼士,49,大阪,53.0,B1,4.26,17.02,3.46,11.54,45,41.56,47,34.72,463,7,https://www1.mbrace.or.jp/od2/B/202607/b260709.lzh,2026-10-03T18:26:06.013459+09:00
20260709,10,三国,1,20260709-10-01,5,3784,中島友和,49,佐賀,53.0,B1,4.99,30.59,5.07,32.14,15,34.21,53,29.33,354,9,https://www1.mbrace.or.jp/od2/B/202607/b260709.lzh,2026-10-03T18:26:06.013459+09:00
20260709,10,三国,1,20260709-10-01,6,3906,飯山晃三,48,長崎,62.0,B1,4.02,22.83,3.79,21.05,20,42.11,33,32.47,561,5,https://www1.mbrace.or.jp/od2/B/202607/b260709.lzh,2026-10-03T18:26:06.013459+09:00
20260709,10,三国,2,20260709-10-02,1,3527,中嶋誠一,55,長崎,52.0,B1,5.3,31.4,3.4,10.0,33,37.18,60,31.08,355,8,https://www1.mbrace.or.jp/od2/B/202607/b260709.lzh,2026-10-03T18:26:06.013459+09:00
20260709,10,三国,2,20260709-10-02,2,3516,吉原聖人,58,広島,52.0,B1,4.55,36.67,3.83,33.33,24,39.47,20,26.67,636,9,https://www1.mbrace.or.jp/od2/B/202607/b260709.lzh,2026-10-03T18:26:06.013459+09:00
20260709,10,三国,2,20260709-10-02,3,3661,柳瀬興志,56,山口,59.0,A2,4.88,27.06,5.06,31.25,30,47.3,63,34.18,522,12,https://www1.mbrace.or.jp/od2/B/202607/b260709.lzh,2026-10-03T18:26:06.013459+09:00
20260709,10,三国,2,20260709-10-02,4,3680,森林太,53,長崎,54.0,B1,4.31,21.43,3.94,16.67,48,33.77,14,31.17,4 25,7,https://www1.mbrace.or.jp/od2/B/202607/b260709.lzh,2026-10-03T18:26:06.013459+09:00
20260709,10,三国,2,20260709-10-02,5,3543,福田雅一,57,香川,55.0,B1,5.06,34.04,5.55,36.36,60,39.73,57,40.51,465,6,https://www1.mbrace.or.jp/od2/B/202607/b260709.lzh,2026-10-03T18:26:06.013459+09:00
20260709,10,三国,2,20260709-10-02,6,3503,堂原洋史,56,埼玉,51.0,B1,3.73,12.79,4.63,25.0,18,31.25,45,16.0,253,10,https://www1.mbrace.or.jp/od2/B/202607/b260709.lzh,2026-10-03T18:26:06.013459+09:00
20260709,10,三国,3,20260709-10-03,1,3909,佐々木康,52,静岡,57.0,A1,6.5,47.62,6.52,51.61,42,46.75,66,31.08,2443,,https://www1.mbrace.or.jp/od2/B/202607/b260709.lzh,2026-10-03T18:26:06.013459+09:00
20260709,10,三国,3,20260709-10-03,2,3619,長谷川充,52,群馬,52.0,B1,4.93,29.07,4.78,33.33,37,28.0,39,27.27,3 22,12,https://www1.mbrace.or.jp/od2/B/202607/b260709.lzh,2026-10-03T18:26:06.013459+09:00
20260709,10,三国,3,20260709-10-03,3,3699,富永正人,53,埼玉,52.0,B1,4.16,21.31,4.78,29.73,36,31.51,15,34.67,3 52,,https://www1.mbrace.or.jp/od2/B/202607/b260709.lzh,2026-10-03T18:26:06.013459+09:00
20260709,10,三国,3,20260709-10-03,4,3686,鳥居塚孝,51,群馬,52.0,A2,6.09,40.63,5.85,40.74,49,37.18,29,23.61,4 31,11,https://www1.mbrace.or.jp/od2/B/202607/b260709.lzh,2026-10-03T18:26:06.013459+09:00
20260709,10,三国,3,20260709-10-03,5,3692,竹腰正樹,55,福井,52.0,B1,4.92,25.51,4.87,28.1,27,37.18,17,19.23,2 66,,https://www1.mbrace.or.jp/od2/B/202607/b260709.lzh,2026-10-03T18:26:06.013459+09:00
20260709,10,三国,3,20260709-10-03,6,3964,宮地博士,47,長崎,55.0,B1,4.22,18.29,4.08,16.0,51,44.59,70,32.39,6 44,7,https://www1.mbrace.or.jp/od2/B/202607/b260709.lzh,2026-10-03T18:26:06.013459+09:00
20260709,10,三国,4,20260709-10-04,1,4061,萩原秀人,47,福井,55.0,A1,7.0,51.35,7.33,56.0,52,34.72,55,30.26,2111,10,https://www1.mbrace.or.jp/od2/B/202607/b260709.lzh,2026-10-03T18:26:06.013459+09:00
20260709,10,三国,4,20260709-10-04,2,3584,佐々木英,53,広島,54.0,B1,5.06,35.48,5.45,37.93,56,30.77,19,45.07,533,8,https://www1.mbrace.or.jp/od2/B/202607/b260709.lzh,2026-10-03T18:26:06.013459+09:00
20260709,10,三国,4,20260709-10-04,3,3796,長野道臣,53,静岡,56.0,B1,4.66,29.67,5.3,37.04,61,34.67,35,36.0,342,11,https://www1.mbrace.or.jp/od2/B/202607/b260709.lzh,2026-10-03T18:26:06.013459+09:00
20260709,10,三国,4,20260709-10-04,4,3282,池本輝明,59,広島,52.0,B1,4.81,28.42,4.79,31.58,57,42.67,50,36.49,2 55,,https://www1.mbrace.or.jp/od2/B/202607/b260709.lzh,2026-10-03T18:26:06.013459+09:00
20260709,10,三国,4,20260709-10-04,5,4081,樋口範政,47,愛知,55.0,B1,4.7,24.49,3.53,11.11,58,33.75,28,49.32,1 54,9,https://www1.mbrace.or.jp/od2/B/202607/b260709.lzh,2026-10-03T18:26:06.013459+09:00
20260709,10,三国,4,20260709-10-04,6,3945,橋口真樹,50,愛知,52.0,B1,4.48,21.13,4.73,33.33,35,43.42,69,22.97,155,12,https://www1.mbrace.or.jp/od2/B/202607/b260709.lzh,2026-10-03T18:26:06.013459+09:00
20260709,10,三国,5,20260709-10-05,1,3303,渡辺豊,58,東京,55.0,B1,4.58,21.78,5.69,43.75,12,30.14,23,47.22,2 44,,https://www1.mbrace.or.jp/od2/B/202607/b260709.lzh,2026-10-03T18:26:06.013459+09:00
20260709,10,三国,5,20260709-10-05,2,3906,飯山晃三,48,長崎,62.0,B1,4.02,22.83,3.79,21.05,20,42.11,33,32.47,561,1,https://www1.mbrace.or.jp/od2/B/202607/b260709.lzh,2026-10-03T18:26:06.013459+09:00
20260709,10,三国,5,20260709-10-05,3,3772,一柳和孝,52,埼玉,54.0,B1,4.79,20.99,4.7,22.22,25,39.24,56,30.26,415,12,https://www1.mbrace.or.jp/od2/B/202607/b260709.lzh,2026-10-03T18:26:06.013459+09:00
20260709,10,三国,5,20260709-10-05,4,4069,山本修一,45,岡山,54.0,A2,6.05,42.86,6.4,54.29,46,42.86,54,25.64,2113,10,https://www1.mbrace.or.jp/od2/B/202607/b260709.lzh,2026-10-03T18:26:06.013459+09:00
20260709,10,三国,5,20260709-10-05,5,3257,田頭実,59,福岡,51.0,A1,6.8,56.79,6.43,57.14,13,34.18,12,39.13,5211,11,https://www1.mbrace.or.jp/od2/B/202607/b260709.lzh,2026-10-03T18:26:06.013459+09:00
20260709,10,三国,5,20260709-10-05,6,3517,高橋勲,58,東京,56.0,B1,5.86,41.59,0.0,0.0,54,44.0,46,41.43,2613,,https://www1.mbrace.or.jp/od2/B/202607/b260709.lzh,2026-10-03T18:26:06.013459+09:00
20260709,10,三国,6,20260709-10-06,1,3543,福田雅一,57,香川,55.0,B1,5.06,34.04,5.55,36.36,60,39.73,57,40.51,465,2,https://www1.mbrace.or.jp/od2/B/202607/b260709.lzh,2026-10-03T18:26:06.013459+09:00
20260709,10,三国,6,20260709-10-06,2,3915,繁野谷圭,52,大阪,52.0,A2,5.77,38.39,5.43,32.43,50,31.51,31,40.26,2 12,11,https://www1.mbrace.or.jp/od2/B/202607/b260709.lzh,2026-10-03T18:26:06.013459+09:00
20260709,10,三国,6,20260709-10-06,3,3616,中村真,53,福岡,54.0,B1,4.77,30.14,5.33,37.5,28,35.71,71,37.84,3 36,10,https://www1.mbrace.or.jp/od2/B/202607/b260709.lzh,2026-10-03T18:26:06.013459+09:00
20260709,10,三国,6,20260709-10-06,4,3226,浦田信義,60,東京,52.0,B1,4.26,19.44,4.18,25.0,66,41.33,68,36.49,6 54,,https://www1.mbrace.or.jp/od2/B/202607/b260709.lzh,2026-10-03T18:26:06.013459+09:00
20260709,10,三国,6,20260709-10-06,5,3614,谷勝幸,53,広島,55.0,B1,4.26,20.2,3.88,12.5,38,27.63,36,26.67,564,1,https://www1.mbrace.or.jp/od2/B/202607/b260709.lzh,2026-10-03T18:26:06.013459+09:00
20260709,10,三国,6,20260709-10-06,6,3548,室田泰史,56,福井,54.0,A2,5.24,34.23,5.68,39.84,23,45.07,25,32.47,1164,,https://www1.mbrace.or.jp/od2/B/202607/b260709.lzh,2026-10-03T18:26:06.013459+09:00
20260709,10,三国,7,20260709-10-07,1,3977,山本兼士,49,大阪,53.0,B1,4.26,17.02,3.46,11.54,45,41.56,47,34.72,463,1,https://www1.mbrace.or.jp/od2/B/202607/b260709.lzh,2026-10-03T18:26:06.013459+09:00
20260709,10,三国,7,20260709-10-07,2,3875,廣中良一,49,山口,51.0,B1,4.58,28.43,2.45,0.0,21,28.05,67,28.99,5 22,,https://www1.mbrace.or.jp/od2/B/202607/b260709.lzh,2026-10-03T18:26:06.013459+09:00
20260709,10,三国,7,20260709-10-07,3,3072,西田靖,64,東京,54.0,B1,4.08,18.06,5.67,44.44,31,37.66,43,33.33,616,11,https://www1.mbrace.or.jp/od2/B/202607/b260709.lzh,2026-10-03T18:26:06.013459+09:00
20260709,10,三国,7,20260709-10-07,4,3964,宮地博士,47,長崎,55.0,B1,4.22,18.29,4.08,16.0,51,44.59,70,32.39,6 44,3,https://www1.mbrace.or.jp/od2/B/202607/b260709.lzh,2026-10-03T18:26:06.013459+09:00
20260709,10,三国,7,20260709-10-07,5,3554,仲口博崇,53,愛知,53.0,A1,6.41,49.19,5.83,40.0,65,36.99,16,37.18,263,12,https://www1.mbrace.or.jp/od2/B/202607/b260709.lzh,2026-10-03T18:26:06.013459+09:00
20260709,10,三国,7,20260709-10-07,6,3680,森林太,53,長崎,54.0,B1,4.31,21.43,3.94,16.67,48,33.77,14,31.17,4 25,2,https://www1.mbrace.or.jp/od2/B/202607/b260709.lzh,2026-10-03T18:26:06.013459+09:00
20260709,10,三国,8,20260709-10-08,1,3807,岡部哲,51,埼玉,51.0,B1,4.88,26.88,4.72,22.22,17,37.66,37,40.32,5 36,,https://www1.mbrace.or.jp/od2/B/202607/b260709.lzh,2026-10-03T18:26:06.013459+09:00
20260709,10,三国,8,20260709-10-08,2,3654,武田光史,52,福井,52.0,A2,6.93,59.52,6.94,54.89,29,22.97,27,33.33,356,1,https://www1.mbrace.or.jp/od2/B/202607/b260709.lzh,2026-10-03T18:26:06.013459+09:00
20260709,10,三国,8,20260709-10-08,3,3564,桑原啓,56,福岡,53.0,B1,4.38,27.72,4.07,23.33,44,42.11,40,32.47,4 55,,https://www1.mbrace.or.jp/od2/B/202607/b260709.lzh,2026-10-03T18:26:06.013459+09:00
20260709,10,三国,8,20260709-10-08,4,3584,佐々木英,53,広島,54.0,B1,5.06,35.48,5.45,37.93,56,30.77,19,45.07,533,4,https://www1.mbrace.or.jp/od2/B/202607/b260709.lzh,2026-10-03T18:26:06.013459+09:00
20260709,10,三国,8,20260709-10-08,5,3527,中嶋誠一,55,長崎,52.0,B1,5.3,31.4,3.4,10.0,33,37.18,60,31.08,355,2,https://www1.mbrace.or.jp/od2/B/202607/b260709.lzh,2026-10-03T18:26:06.013459+09:00
20260709,10,三国,8,20260709-10-08,6,3251,平石和男,59,埼玉,51.0,A2,5.75,38.14,5.55,38.46,39,28.57,49,23.29,3 23,12,https://www1.mbrace.or.jp/od2/B/202607/b260709.lzh,2026-10-03T18:26:06.013459+09:00
20260709,10,三国,9,20260709-10-09,1,3620,信濃由行,52,福井,56.0,B1,3.94,19.44,4.45,23.23,63,38.96,41,22.0,666,,https://www1.mbrace.or.jp/od2/B/202607/b260709.lzh,2026-10-03T18:26:06.013459+09:00
20260709,10,三国,9,20260709-10-09,2,3514,山一鉄也,59,福岡,53.0,A2,6.19,44.83,5.72,38.89,43,45.95,38,35.29,1416,,https://www1.mbrace.or.jp/od2/B/202607/b260709.lzh,2026-10-03T18:26:06.013459+09:00
20260709,10,三国,9,20260709-10-09,3,4081,樋口範政,47,愛知,55.0,B1,4.7,24.49,3.53,11.11,58,33.75,28,49.32,1 54,4,https://www1.mbrace.or.jp/od2/B/202607/b260709.lzh,2026-10-03T18:26:06.013459+09:00
20260709,10,三国,9,20260709-10-09,4,3784,中島友和,49,佐賀,53.0,B1,4.99,30.59,5.07,32.14,15,34.21,53,29.33,354,1,https://www1.mbrace.or.jp/od2/B/202607/b260709.lzh,2026-10-03T18:26:06.013459+09:00
20260709,10,三国,9,20260709-10-09,5,3516,吉原聖人,58,広島,52.0,B1,4.55,36.67,3.83,33.33,24,39.47,20,26.67,636,2,https://www1.mbrace.or.jp/od2/B/202607/b260709.lzh,2026-10-03T18:26:06.013459+09:00
20260709,10,三国,9,20260709-10-09,6,3256,三角哲男,59,東京,52.0,A1,5.97,43.81,7.0,57.5,19,31.25,58,32.88,1311,,https://www1.mbrace.or.jp/od2/B/202607/b260709.lzh,2026-10-03T18:26:06.013459+09:00
20260709,10,三国,10,20260709-10-10,1,2878,富山弘幸,68,大阪,54.0,B1,5.39,31.46,5.43,30.43,64,33.77,72,28.57,4 44,,https://www1.mbrace.or.jp/od2/B/202607/b260709.lzh,2026-10-03T18:26:06.013459+09:00
20260709,10,三国,10,20260709-10-10,2,3503,堂原洋史,56,埼玉,51.0,B1,3.73,12.79,4.63,25.0,18,31.25,45,16.0,253,2,https://www1.mbrace.or.jp/od2/B/202607/b260709.lzh,2026-10-03T18:26:06.013459+09:00
20260709,10,三国,10,20260709-10-10,3,4061,萩原秀人,47,福井,55.0,A1,7.0,51.35,7.33,56.0,52,34.72,55,30.26,2111,4,https://www1.mbrace.or.jp/od2/B/202607/b260709.lzh,2026-10-03T18:26:06.013459+09:00
20260709,10,三国,10,20260709-10-10,4,4082,濱崎誠,46,大阪,51.0,B1,5.81,43.4,4.7,30.43,62,35.9,24,38.96,1132,,https://www1.mbrace.or.jp/od2/B/202607/b260709.lzh,2026-10-03T18:26:06.013459+09:00
20260709,10,三国,10,20260709-10-10,5,4069,山本修一,45,岡山,54.0,A2,6.05,42.86,6.4,54.29,46,42.86,54,25.64,2113,5,https://www1.mbrace.or.jp/od2/B/202607/b260709.lzh,2026-10-03T18:26:06.013459+09:00
20260709,10,三国,10,20260709-10-10,6,3616,中村真,53,福岡,54.0,B1,4.77,30.14,5.33,37.5,28,35.71,71,37.84,3 36,6,https://www1.mbrace.or.jp/od2/B/202607/b260709.lzh,2026-10-03T18:26:06.013459+09:00
20260709,10,三国,11,20260709-10-11,1,3796,長野道臣,53,静岡,56.0,B1,4.66,29.67,5.3,37.04,61,34.67,35,36.0,342,4,https://www1.mbrace.or.jp/od2/B/202607/b260709.lzh,2026-10-03T18:26:06.013459+09:00
20260709,10,三国,11,20260709-10-11,2,3257,田頭実,59,福岡,51.0,A1,6.8,56.79,6.43,57.14,13,34.18,12,39.13,5211,5,https://www1.mbrace.or.jp/od2/B/202607/b260709.lzh,2026-10-03T18:26:06.013459+09:00
20260709,10,三国,11,20260709-10-11,3,3915,繁野谷圭,52,大阪,52.0,A2,5.77,38.39,5.43,32.43,50,31.51,31,40.26,2 12,6,https://www1.mbrace.or.jp/od2/B/202607/b260709.lzh,2026-10-03T18:26:06.013459+09:00
20260709,10,三国,11,20260709-10-11,4,3773,津留浩一,52,長崎,58.0,B1,3.76,17.72,2.6,20.0,55,39.44,34,35.06,342,1,https://www1.mbrace.or.jp/od2/B/202607/b260709.lzh,2026-10-03T18:26:06.013459+09:00
20260709,10,三国,11,20260709-10-11,5,3072,西田靖,64,東京,54.0,B1,4.08,18.06,5.67,44.44,31,37.66,43,33.33,616,7,https://www1.mbrace.or.jp/od2/B/202607/b260709.lzh,2026-10-03T18:26:06.013459+09:00
20260709,10,三国,11,20260709-10-11,6,3686,鳥居塚孝,51,群馬,52.0,A2,6.09,40.63,5.85,40.74,49,37.18,29,23.61,4 31,3,https://www1.mbrace.or.jp/od2/B/202607/b260709.lzh,2026-10-03T18:26:06.013459+09:00
20260709,10,三国,12,20260709-10-12,1,3554,仲口博崇,53,愛知,53.0,A1,6.41,49.19,5.83,40.0,65,36.99,16,37.18,263,7,https://www1.mbrace.or.jp/od2/B/202607/b260709.lzh,2026-10-03T18:26:06.013459+09:00
20260709,10,三国,12,20260709-10-12,2,3772,一柳和孝,52,埼玉,54.0,B1,4.79,20.99,4.7,22.22,25,39.24,56,30.26,415,5,https://www1.mbrace.or.jp/od2/B/202607/b260709.lzh,2026-10-03T18:26:06.013459+09:00
20260709,10,三国,12,20260709-10-12,3,3251,平石和男,59,埼玉,51.0,A2,5.75,38.14,5.55,38.46,39,28.57,49,23.29,3 23,8,https://www1.mbrace.or.jp/od2/B/202607/b260709.lzh,2026-10-03T18:26:06.013459+09:00
20260709,10,三国,12,20260709-10-12,4,3945,橋口真樹,50,愛知,52.0,B1,4.48,21.13,4.73,33.33,35,43.42,69,22.97,155,4,https://www1.mbrace.or.jp/od2/B/202607/b260709.lzh,2026-10-03T18:26:06.013459+09:00
20260709,10,三国,12,20260709-10-12,5,3619,長谷川充,52,群馬,52.0,B1,4.93,29.07,4.78,33.33,37,28.0,39,27.27,3 22,3,https://www1.mbrace.or.jp/od2/B/202607/b260709.lzh,2026-10-03T18:26:06.013459+09:00
20260709,10,三国,12,20260709-10-12,6,3661,柳瀬興志,56,山口,59.0,A2,4.88,27.06,5.06,31.25,30,47.3,63,34.18,522,2,https://www1.mbrace.or.jp/od2/B/202607/b260709.lzh,2026-10-03T18:26:06.013459+09:00
20260709,08,常滑,1,20260709-08-01,1,4359,横川聖志,41,徳島,56.0,A2,5.1,31.96,5.13,25.0,55,25.81,74,0.0,3 32,8,https://www1.mbrace.or.jp/od2/B/202607/b260709.lzh,2026-10-03T18:26:06.013459+09:00
20260709,08,常滑,1,20260709-08-01,2,4421,森作広大,38,東京,57.0,B1,3.4,7.02,3.25,16.67,21,36.99,16,40.0,544,6,https://www1.mbrace.or.jp/od2/B/202607/b260709.lzh,2026-10-03T18:26:06.013459+09:00
20260709,08,常滑,1,20260709-08-01,3,3606,川北浩貴,54,滋賀,52.0,B1,5.83,44.9,5.58,42.11,34,26.67,54,0.0,4 14,11,https://www1.mbrace.or.jp/od2/B/202607/b260709.lzh,2026-10-03T18:26:06.013459+09:00
20260709,08,常滑,1,20260709-08-01,4,5247,大森翼,24,兵庫,52.0,B1,4.78,23.71,2.08,0.0,38,29.71,38,0.0,1S5,,https://www1.mbrace.or.jp/od2/B/202607/b260709.lzh,2026-10-03T18:26:06.013459+09:00
20260709,08,常滑,1,20260709-08-01,5,5277,井上未都,24,福岡,47.0,B1,5.52,29.11,3.69,16.67,49,27.39,43,50.0,535,9,https://www1.mbrace.or.jp/od2/B/202607/b260709.lzh,2026-10-03T18:26:06.013459+09:00
20260709,08,常滑,1,20260709-08-01,6,5454,谷島咲希,20,埼玉,48.0,B2,1.5,0.0,0.0,0.0,12,46.2,27,55.56,246,5,https://www1.mbrace.or.jp/od2/B/202607/b260709.lzh,2026-10-03T18:26:06.013459+09:00
20260709,08,常滑,2,20260709-08-02,1,3589,西村勝,52,埼玉,58.0,B1,4.39,27.54,4.45,27.27,8,36.07,56,0.0,1 66,8,https://www1.mbrace.or.jp/od2/B/202607/b260709.lzh,2026-10-03T18:26:06.013459+09:00
20260709,08,常滑,2,20260709-08-02,2,4596,葛原大陽,43,徳島,52.0,A2,5.82,36.52,6.5,46.15,37,32.37,40,54.55,1123,9,https://www1.mbrace.or.jp/od2/B/202607/b260709.lzh,2026-10-03T18:26:06.013459+09:00
20260709,08,常滑,2,20260709-08-02,3,3541,三嶌誠司,57,香川,53.0,A2,6.37,49.49,6.12,34.15,29,35.5,61,0.0,3313,10,https://www1.mbrace.or.jp/od2/B/202607/b260709.lzh,2026-10-03T18:26:06.013459+09:00
20260709,08,常滑,2,20260709-08-02,4,5256,中山翔太,22,三重,52.0,A1,5.76,40.23,6.36,46.43,31,40.91,78,0.0,1261,12,https://www1.mbrace.or.jp/od2/B/202607/b260709.lzh,2026-10-03T18:26:06.013459+09:00
20260709,08,常滑,2,20260709-08-02,5,4085,荻野裕介,46,東京,53.0,B1,5.3,33.77,6.75,50.0,14,50.0,50,0.0,662,,https://www1.mbrace.or.jp/od2/B/202607/b260709.lzh,2026-10-03T18:26:06.013459+09:00
20260709,08,常滑,2,20260709-08-02,6,3392,小森信雄,60,三重,53.0,B1,4.25,17.11,4.16,20.0,1,35.33,77,0.0,352,7,https://www1.mbrace.or.jp/od2/B/202607/b260709.lzh,2026-10-03T18:26:06.013459+09:00
20260709,08,常滑,3,20260709-08-03,1,3377,塚田修二,58,東京,53.0,B1,4.65,25.0,5.79,36.84,18,29.14,11,50.0,3 44,,https://www1.mbrace.or.jp/od2/B/202607/b260709.lzh,2026-10-03T18:26:06.013459+09:00
20260709,08,常滑,3,20260709-08-03,2,4416,三宅健太,39,広島,54.0,B1,5.28,32.56,5.67,29.17,42,38.73,53,0.0,6 11,7,https://www1.mbrace.or.jp/od2/B/202607/b260709.lzh,2026-10-03T18:26:06.013459+09:00
20260709,08,常滑,3,20260709-08-03,3,5018,竹下大樹,27,福岡,54.0,A1,6.8,48.44,6.21,53.57,5,32.95,34,33.33,4 15,12,https://www1.mbrace.or.jp/od2/B/202607/b260709.lzh,2026-10-03T18:26:06.013459+09:00
20260709,08,常滑,3,20260709-08-03,4,4199,北川潤二,44,愛知,58.0,A1,6.3,46.46,6.33,45.36,57,30.3,30,0.0,1551,8,https://www1.mbrace.or.jp/od2/B/202607/b260709.lzh,2026-10-03T18:26:06.013459+09:00
20260709,08,常滑,3,20260709-08-03,5,4738,清埜翔子,34,埼玉,46.0,A2,5.91,40.0,5.44,43.75,36,28.9,63,33.33,2 35,10,https://www1.mbrace.or.jp/od2/B/202607/b260709.lzh,2026-10-03T18:26:06.013459+09:00
20260709,08,常滑,3,20260709-08-03,6,4260,中越博紀,42,香川,55.0,B1,5.05,34.21,5.18,31.82,23,29.07,59,33.33,553,9,https://www1.mbrace.or.jp/od2/B/202607/b260709.lzh,2026-10-03T18:26:06.013459+09:00
20260709,08,常滑,4,20260709-08-04,1,5006,久保原秀,29,群馬,55.0,B1,3.43,15.48,2.75,5.0,54,30.3,28,37.5,566,10,https://www1.mbrace.or.jp/od2/B/202607/b260709.lzh,2026-10-03T18:26:06.013459+09:00
20260709,08,常滑,4,20260709-08-04,2,3339,泉具巳,61,兵庫,57.0,B1,4.65,36.25,3.75,12.5,47,34.48,32,0.0,2 56,8,https://www1.mbrace.or.jp/od2/B/202607/b260709.lzh,2026-10-03T18:26:06.013459+09:00
20260709,08,常滑,4,20260709-08-04,3,3684,清水攻二,52,山口,54.0,A2,5.47,37.63,5.78,29.63,50,34.34,37,40.0,414,9,https://www1.mbrace.or.jp/od2/B/202607/b260709.lzh,2026-10-03T18:26:06.013459+09:00
20260709,08,常滑,4,20260709-08-04,4,4266,長田頼宗,41,東京,55.0,A1,6.82,46.73,5.9,35.0,4,32.39,14,22.22,2324,12,https://www1.mbrace.or.jp/od2/B/202607/b260709.lzh,2026-10-03T18:26:06.013459+09:00
20260709,08,常滑,4,20260709-08-04,5,3878,胡本悟志,49,山口,51.0,B1,4.38,21.13,4.05,10.0,45,30.68,41,0.0,411,11,https://www1.mbrace.or.jp/od2/B/202607/b260709.lzh,2026-10-03T18:26:06.013459+09:00
20260709,08,常滑,4,20260709-08-04,6,3579,中里優子,53,埼玉,50.0,B1,5.03,26.39,4.47,13.33,33,27.15,25,22.22,4 15,,https://www1.mbrace.or.jp/od2/B/202607/b260709.lzh,2026-10-03T18:26:06.013459+09:00
20260709,08,常滑,5,20260709-08-05,1,5002,上田健太,30,愛知,52.0,A2,5.64,36.46,5.25,37.97,22,30.0,58,100.0,4323,9,https://www1.mbrace.or.jp/od2/B/202607/b260709.lzh,2026-10-03T18:26:06.013459+09:00
20260709,08,常滑,5,20260709-08-05,2,4997,濱崎寿里,33,埼玉,51.0,B2,3.05,10.81,3.36,16.0,59,39.77,33,0.0,6 44,,https://www1.mbrace.or.jp/od2/B/202607/b260709.lzh,2026-10-03T18:26:06.013459+09:00
20260709,08,常滑,5,20260709-08-05,3,5184,飯塚響,27,群馬,46.0,B2,3.04,14.81,2.32,4.55,41,32.16,49,0.0,1S4,10,https://www1.mbrace.or.jp/od2/B/202607/b260709.lzh,2026-10-03T18:26:06.013459+09:00
20260709,08,常滑,5,20260709-08-05,4,5454,谷島咲希,20,埼玉,48.0,B2,1.5,0.0,0.0,0.0,12,46.2,27,55.56,246,1,https://www1.mbrace.or.jp/od2/B/202607/b260709.lzh,2026-10-03T18:26:06.013459+09:00
20260709,08,常滑,5,20260709-08-05,5,4513,河野真也,37,福岡,54.0,A2,5.89,45.56,5.91,39.13,60,32.77,12,0.0,233,12,https://www1.mbrace.or.jp/od2/B/202607/b260709.lzh,2026-10-03T18:26:06.013459+09:00
20260709,08,常滑,5,20260709-08-05,6,4357,田中和也,42,大阪,52.0,A1,6.88,57.14,7.7,70.0,15,27.61,48,25.0,2643,11,https://www1.mbrace.or.jp/od2/B/202607/b260709.lzh,2026-10-03T18:26:06.013459+09:00
20260709,08,常滑,6,20260709-08-06,1,4471,新田泰章,39,広島,54.0,A1,6.37,44.88,5.63,50.0,13,30.49,57,50.0,2414,10,https://www1.mbrace.or.jp/od2/B/202607/b260709.lzh,2026-10-03T18:26:06.013459+09:00
20260709,08,常滑,6,20260709-08-06,2,4508,野間大樹,37,大阪,53.0,A2,5.27,30.16,3.6,20.0,56,26.51,21,40.0,5 61,11,https://www1.mbrace.or.jp/od2/B/202607/b260709.lzh,2026-10-03T18:26:06.013459+09:00
20260709,08,常滑,6,20260709-08-06,3,4421,森作広大,38,東京,57.0,B1,3.4,7.02,3.25,16.67,21,36.99,16,40.0,544,1,https://www1.mbrace.or.jp/od2/B/202607/b260709.lzh,2026-10-03T18:26:06.013459+09:00
20260709,08,常滑,6,20260709-08-06,4,4177,萬正嗣,43,群馬,58.0,B1,4.63,30.49,4.21,20.69,46,29.61,60,70.0,1 55,,https://www1.mbrace.or.jp/od2/B/202607/b260709.lzh,2026-10-03T18:26:06.013459+09:00
20260709,08,常滑,6,20260709-08-06,5,3582,吉川昭男,53,滋賀,55.0,A2,5.96,43.62,6.13,46.67,35,46.63,62,0.0,5441,,https://www1.mbrace.or.jp/od2/B/202607/b260709.lzh,2026-10-03T18:26:06.013459+09:00
20260709,08,常滑,6,20260709-08-06,6,5236,小宮涼雅,27,広島,54.0,B1,3.99,20.88,2.86,13.64,3,46.59,75,0.0,122,12,https://www1.mbrace.or.jp/od2/B/202607/b260709.lzh,2026-10-03T18:26:06.013459+09:00
20260709,08,常滑,7,20260709-08-07,1,5167,小川竜太,26,埼玉,51.0,B1,5.56,37.5,3.25,12.5,40,34.76,51,0.0,632,,https://www1.mbrace.or.jp/od2/B/202607/b260709.lzh,2026-10-03T18:26:06.013459+09:00
20260709,08,常滑,7,20260709-08-07,2,5089,前田翔,26,愛知,52.0,A1,6.74,52.44,6.38,45.0,32,30.11,73,0.0,3123,11,https://www1.mbrace.or.jp/od2/B/202607/b260709.lzh,2026-10-03T18:26:06.013459+09:00
20260709,08,常滑,7,20260709-08-07,3,3922,菅沼佳昭,51,愛知,51.0,B1,3.64,13.19,3.96,19.64,19,32.96,20,11.11,2 32,,https://www1.mbrace.or.jp/od2/B/202607/b260709.lzh,2026-10-03T18:26:06.013459+09:00
20260709,08,常滑,7,20260709-08-07,4,3334,角ひとみ,57,広島,45.0,A2,5.15,32.28,3.67,11.11,28,28.32,29,0.0,6562,,https://www1.mbrace.or.jp/od2/B/202607/b260709.lzh,2026-10-03T18:26:06.013459+09:00
20260709,08,常滑,7,20260709-08-07,5,3392,小森信雄,60,三重,53.0,B1,4.25,17.11,4.16,20.0,1,35.33,77,0.0,352,2,https://www1.mbrace.or.jp/od2/B/202607/b260709.lzh,2026-10-03T18:26:06.013459+09:00
20260709,08,常滑,7,20260709-08-07,6,4416,三宅健太,39,広島,54.0,B1,5.28,32.56,5.67,29.17,42,38.73,53,0.0,6 11,3,https://www1.mbrace.or.jp/od2/B/202607/b260709.lzh,2026-10-03T18:26:06.013459+09:00
20260709,08,常滑,8,20260709-08-08,1,3569,増田進,55,東京,55.0,B1,4.26,18.52,3.94,11.76,11,26.38,31,0.0,5 66,12,https://www1.mbrace.or.jp/od2/B/202607/b260709.lzh,2026-10-03T18:26:06.013459+09:00
20260709,08,常滑,8,20260709-08-08,2,4199,北川潤二,44,愛知,58.0,A1,6.3,46.46,6.33,45.36,57,30.3,30,0.0,1551,3,https://www1.mbrace.or.jp/od2/B/202607/b260709.lzh,2026-10-03T18:26:06.013459+09:00
20260709,08,常滑,8,20260709-08-08,3,3339,泉具巳,61,兵庫,57.0,B1,4.65,36.25,3.75,12.5,47,34.48,32,0.0,2 56,4,https://www1.mbrace.or.jp/od2/B/202607/b260709.lzh,2026-10-03T18:26:06.013459+09:00
20260709,08,常滑,8,20260709-08-08,4,4359,横川聖志,41,徳島,56.0,A2,5.1,31.96,5.13,25.0,55,25.81,74,0.0,3 32,1,https://www1.mbrace.or.jp/od2/B/202607/b260709.lzh,2026-10-03T18:26:06.013459+09:00
20260709,08,常滑,8,20260709-08-08,5,3589,西村勝,52,埼玉,58.0,B1,4.39,27.54,4.45,27.27,8,36.07,56,0.0,1 66,2,https://www1.mbrace.or.jp/od2/B/202607/b260709.lzh,2026-10-03T18:26:06.013459+09:00
20260709,08,常滑,8,20260709-08-08,6,5390,高橋涼夏,18,群馬,48.0,B2,2.34,8.51,0.0,0.0,58,33.14,76,0.0,3 56,,https://www1.mbrace.or.jp/od2/B/202607/b260709.lzh,2026-10-03T18:26:06.013459+09:00
20260709,08,常滑,9,20260709-08-09,1,3684,清水攻二,52,山口,54.0,A2,5.47,37.63,5.78,29.63,50,34.34,37,40.0,414,4,https://www1.mbrace.or.jp/od2/B/202607/b260709.lzh,2026-10-03T18:26:06.013459+09:00
20260709,08,常滑,9,20260709-08-09,2,3567,吉岡誠,55,山口,56.0,B1,3.12,15.0,4.17,19.44,6,33.13,64,30.0,2 62,,https://www1.mbrace.or.jp/od2/B/202607/b260709.lzh,2026-10-03T18:26:06.013459+09:00
20260709,08,常滑,9,20260709-08-09,3,4596,葛原大陽,43,徳島,52.0,A2,5.82,36.52,6.5,46.15,37,32.37,40,54.55,1123,2,https://www1.mbrace.or.jp/od2/B/202607/b260709.lzh,2026-10-03T18:26:06.013459+09:00
20260709,08,常滑,9,20260709-08-09,4,4260,中越博紀,42,香川,55.0,B1,5.05,34.21,5.18,31.82,23,29.07,59,33.33,553,3,https://www1.mbrace.or.jp/od2/B/202607/b260709.lzh,2026-10-03T18:26:06.013459+09:00
20260709,08,常滑,9,20260709-08-09,5,5002,上田健太,30,愛知,52.0,A2,5.64,36.46,5.25,37.97,22,30.0,58,100.0,4323,5,https://www1.mbrace.or.jp/od2/B/202607/b260709.lzh,2026-10-03T18:26:06.013459+09:00
20260709,08,常滑,9,20260709-08-09,6,5277,井上未都,24,福岡,47.0,B1,5.52,29.11,3.69,16.67,49,27.39,43,50.0,535,1,https://www1.mbrace.or.jp/od2/B/202607/b260709.lzh,2026-10-03T18:26:06.013459+09:00
20260709,08,常滑,10,20260709-08-10,1,4738,清埜翔子,34,埼玉,46.0,A2,5.91,40.0,5.44,43.75,36,28.9,63,33.33,2 35,3,https://www1.mbrace.or.jp/od2/B/202607/b260709.lzh,2026-10-03T18:26:06.013459+09:00
20260709,08,常滑,10,20260709-08-10,2,3541,三嶌誠司,57,香川,53.0,A2,6.37,49.49,6.12,34.15,29,35.5,61,0.0,3313,2,https://www1.mbrace.or.jp/od2/B/202607/b260709.lzh,2026-10-03T18:26:06.013459+09:00
20260709,08,常滑,10,20260709-08-10,3,3304,烏野賢太,58,徳島,52.0,A1,5.72,35.34,6.11,44.44,39,42.07,13,22.22,6435,,https://www1.mbrace.or.jp/od2/B/202607/b260709.lzh,2026-10-03T18:26:06.013459+09:00
20260709,08,常滑,10,20260709-08-10,4,5006,久保原秀,29,群馬,55.0,B1,3.43,15.48,2.75,5.0,54,30.3,28,37.5,566,4,https://www1.mbrace.or.jp/od2/B/202607/b260709.lzh,2026-10-03T18:26:06.013459+09:00
20260709,08,常滑,10,20260709-08-10,5,4471,新田泰章,39,広島,54.0,A1,6.37,44.88,5.63,50.0,13,30.49,57,50.0,2414,6,https://www1.mbrace.or.jp/od2/B/202607/b260709.lzh,2026-10-03T18:26:06.013459+09:00
20260709,08,常滑,10,20260709-08-10,6,5184,飯塚響,27,群馬,46.0,B2,3.04,14.81,2.32,4.55,41,32.16,49,0.0,1S4,5,https://www1.mbrace.or.jp/od2/B/202607/b260709.lzh,2026-10-03T18:26:06.013459+09:00
20260709,08,常滑,11,20260709-08-11,1,5089,前田翔,26,愛知,52.0,A1,6.74,52.44,6.38,45.0,32,30.11,73,0.0,3123,7,https://www1.mbrace.or.jp/od2/B/202607/b260709.lzh,2026-10-03T18:26:06.013459+09:00
20260709,08,常滑,11,20260709-08-11,2,3878,胡本悟志,49,山口,51.0,B1,4.38,21.13,4.05,10.0,45,30.68,41,0.0,411,4,https://www1.mbrace.or.jp/od2/B/202607/b260709.lzh,2026-10-03T18:26:06.013459+09:00
20260709,08,常滑,11,20260709-08-11,3,4357,田中和也,42,大阪,52.0,A1,6.88,57.14,7.7,70.0,15,27.61,48,25.0,2643,5,https://www1.mbrace.or.jp/od2/B/202607/b260709.lzh,2026-10-03T18:26:06.013459+09:00
20260709,08,常滑,11,20260709-08-11,4,3606,川北浩貴,54,滋賀,52.0,B1,5.83,44.9,5.58,42.11,34,26.67,54,0.0,4 14,1,https://www1.mbrace.or.jp/od2/B/202607/b260709.lzh,2026-10-03T18:26:06.013459+09:00
20260709,08,常滑,11,20260709-08-11,5,4608,荒井翔伍,36,東京,57.0,A2,5.89,41.23,6.0,42.31,9,44.25,55,0.0,4253,,https://www1.mbrace.or.jp/od2/B/202607/b260709.lzh,2026-10-03T18:26:06.013459+09:00
20260709,08,常滑,11,20260709-08-11,6,4508,野間大樹,37,大阪,53.0,A2,5.27,30.16,3.6,20.0,56,26.51,21,40.0,5 61,6,https://www1.mbrace.or.jp/od2/B/202607/b260709.lzh,2026-10-03T18:26:06.013459+09:00
20260709,08,常滑,12,20260709-08-12,1,4266,長田頼宗,41,東京,55.0,A1,6.82,46.73,5.9,35.0,4,32.39,14,22.22,2324,4,https://www1.mbrace.or.jp/od2/B/202607/b260709.lzh,2026-10-03T18:26:06.013459+09:00
20260709,08,常滑,12,20260709-08-12,2,5236,小宮涼雅,27,広島,54.0,B1,3.99,20.88,2.86,13.64,3,46.59,75,0.0,122,6,https://www1.mbrace.or.jp/od2/B/202607/b260709.lzh,2026-10-03T18:26:06.013459+09:00
20260709,08,常滑,12,20260709-08-12,3,5256,中山翔太,22,三重,52.0,A1,5.76,40.23,6.36,46.43,31,40.91,78,0.0,1261,2,https://www1.mbrace.or.jp/od2/B/202607/b260709.lzh,2026-10-03T18:26:06.013459+09:00
20260709,08,常滑,12,20260709-08-12,4,4513,河野真也,37,福岡,54.0,A2,5.89,45.56,5.91,39.13,60,32.77,12,0.0,233,5,https://www1.mbrace.or.jp/od2/B/202607/b260709.lzh,2026-10-03T18:26:06.013459+09:00
20260709,08,常滑,12,20260709-08-12,5,3569,増田進,55,東京,55.0,B1,4.26,18.52,3.94,11.76,11,26.38,31,0.0,5 66,8,https://www1.mbrace.or.jp/od2/B/202607/b260709.lzh,2026-10-03T18:26:06.013459+09:00
20260709,08,常滑,12,20260709-08-12,6,5018,竹下大樹,27,福岡,54.0,A1,6.8,48.44,6.21,53.57,5,32.95,34,33.33,4 15,3,https://www1.mbrace.or.jp/od2/B/202607/b260709.lzh,2026-10-03T18:26:06.013459+09:00
20260709,05,多摩川,1,20260709-05-01,1,3808,秋田健太,51,埼玉,59.0,B1,4.35,23.61,3.14,0.0,59,30.95,79,50.0,6 5 4536,,https://www1.mbrace.or.jp/od2/B/202607/b260709.lzh,2026-10-03T18:26:06.013459+09:00
20260709,05,多摩川,1,20260709-05-01,2,4917,岩橋裕馬,37,兵庫,53.0,B1,4.29,20.0,3.36,9.09,32,60.0,66,49.06,4 515 51,7,https://www1.mbrace.or.jp/od2/B/202607/b260709.lzh,2026-10-03T18:26:06.013459+09:00
20260709,05,多摩川,1,20260709-05-01,3,5259,野田昇吾,33,埼玉,57.0,B2,3.03,8.96,1.74,0.0,44,37.5,75,42.86,6 3 5663,6,https://www1.mbrace.or.jp/od2/B/202607/b260709.lzh,2026-10-03T18:26:06.013459+09:00
20260709,05,多摩川,1,20260709-05-01,4,3161,古場輝義,66,大阪,52.0,B1,5.14,36.84,4.2,30.0,61,31.91,41,23.53,2 233524,10,https://www1.mbrace.or.jp/od2/B/202607/b260709.lzh,2026-10-03T18:26:06.013459+09:00
20260709,05,多摩川,1,20260709-05-01,5,4979,中野夢斗,30,愛知,52.0,B1,5.26,32.41,0.0,0.0,35,21.74,28,27.27,444 244,5,https://www1.mbrace.or.jp/od2/B/202607/b260709.lzh,2026-10-03T18:26:06.013459+09:00
20260709,05,多摩川,1,20260709-05-01,6,3300,川崎智幸,59,岡山,53.0,A2,6.05,43.8,4.0,20.0,18,32.61,31,30.19,353 421,9,https://www1.mbrace.or.jp/od2/B/202607/b260709.lzh,2026-10-03T18:26:06.013459+09:00
20260709,05,多摩川,2,20260709-05-02,1,4489,岩川仁士,39,大阪,55.0,B1,5.15,31.31,5.74,39.47,37,40.82,40,24.53,524 2156,11,https://www1.mbrace.or.jp/od2/B/202607/b260709.lzh,2026-10-03T18:26:06.013459+09:00
20260709,05,多摩川,2,20260709-05-02,2,4281,大澤大夢,42,埼玉,53.0,B1,4.87,30.38,4.84,25.45,40,34.78,36,45.1,44134 4,6,https://www1.mbrace.or.jp/od2/B/202607/b260709.lzh,2026-10-03T18:26:06.013459+09:00
20260709,05,多摩川,2,20260709-05-02,3,4118,宇佐見淳,45,愛知,53.0,A2,5.9,40.54,6.59,36.59,13,34.55,44,31.48,35342 3,9,https://www1.mbrace.or.jp/od2/B/202607/b260709.lzh,2026-10-03T18:26:06.013459+09:00
20260709,05,多摩川,2,20260709-05-02,4,4318,桑原将光,41,東京,52.0,A2,5.23,28.05,5.35,30.77,21,37.04,25,33.33,5 33533,8,https://www1.mbrace.or.jp/od2/B/202607/b260709.lzh,2026-10-03T18:26:06.013459+09:00
20260709,05,多摩川,2,20260709-05-02,5,3362,間嶋仁志,56,三重,55.0,B1,4.88,29.27,5.85,47.5,29,21.82,32,39.22,565 435,8,https://www1.mbrace.or.jp/od2/B/202607/b260709.lzh,2026-10-03T18:26:06.013459+09:00
20260709,05,多摩川,2,20260709-05-02,6,4047,吉永浩則,46,大阪,53.0,B1,3.84,17.91,4.76,26.47,70,32.65,47,36.0,5 6 1252,6,https://www1.mbrace.or.jp/od2/B/202607/b260709.lzh,2026-10-03T18:26:06.013459+09:00
20260709,05,多摩川,3,20260709-05-03,1,4077,品田直樹,47,東京,52.0,A2,6.0,35.79,4.35,20.37,27,45.45,38,40.0,1 633525,9,https://www1.mbrace.or.jp/od2/B/202607/b260709.lzh,2026-10-03T18:26:06.013459+09:00
20260709,05,多摩川,3,20260709-05-03,2,4273,佐藤旭,43,静岡,54.0,B1,5.12,31.71,4.57,26.09,68,28.26,62,38.0,53556 1,7,https://www1.mbrace.or.jp/od2/B/202607/b260709.lzh,2026-10-03T18:26:06.013459+09:00
20260709,05,多摩川,3,20260709-05-03,3,3467,森弘行,57,東京,52.0,B1,3.91,13.85,2.74,8.2,65,40.0,60,36.0,5 3 6434,8,https://www1.mbrace.or.jp/od2/B/202607/b260709.lzh,2026-10-03T18:26:06.013459+09:00
20260709,05,多摩川,3,20260709-05-03,4,3933,山地正樹,50,岡山,52.0,B1,5.92,43.0,5.78,55.56,25,35.19,30,41.3,662 334,7,https://www1.mbrace.or.jp/od2/B/202607/b260709.lzh,2026-10-03T18:26:06.013459+09:00
20260709,05,多摩川,3,20260709-05-03,5,3690,河合三弘,55,愛知,54.0,B1,5.01,32.18,4.0,20.41,63,27.78,65,19.23,166 1 66,8,https://www1.mbrace.or.jp/od2/B/202607/b260709.lzh,2026-10-03T18:26:06.013459+09:00
20260709,05,多摩川,3,20260709-05-03,6,4207,松下一也,43,静岡,55.0,A1,6.21,51.72,5.94,47.06,47,30.43,71,27.45,3621663,,https://www1.mbrace.or.jp/od2/B/202607/b260709.lzh,2026-10-03T18:26:06.013459+09:00
20260709,05,多摩川,4,20260709-05-04,1,3775,泉啓文,51,岡山,60.0,B1,3.61,16.25,4.36,30.56,17,45.76,84,16.98,1 125 66,10,https://www1.mbrace.or.jp/od2/B/202607/b260709.lzh,2026-10-03T18:26:06.013459+09:00
20260709,05,多摩川,4,20260709-05-04,2,3445,加藤高史,56,埼玉,54.0,B1,4.75,20.24,4.82,34.43,30,31.11,83,48.0,5 25364,8,https://www1.mbrace.or.jp/od2/B/202607/b260709.lzh,2026-10-03T18:26:06.013459+09:00
20260709,05,多摩川,4,20260709-05-04,3,4604,岩瀬裕亮,38,愛知,52.0,A1,7.37,52.85,6.86,47.62,34,24.44,52,31.37,14114225,10,https://www1.mbrace.or.jp/od2/B/202607/b260709.lzh,2026-10-03T18:26:06.013459+09:00
20260709,05,多摩川,4,20260709-05-04,4,3340,池田雷太,60,東京,54.0,B1,4.21,21.18,4.65,30.43,64,27.78,23,33.96,42524 2,9,https://www1.mbrace.or.jp/od2/B/202607/b260709.lzh,2026-10-03T18:26:06.013459+09:00
20260709,05,多摩川,4,20260709-05-04,5,4274,長畑友輔,43,東京,52.0,B1,4.36,22.35,4.43,26.19,72,31.37,33,31.37,6 125332,9,https://www1.mbrace.or.jp/od2/B/202607/b260709.lzh,2026-10-03T18:26:06.013459+09:00
20260709,05,多摩川,4,20260709-05-04,6,3929,杢野誓良,50,愛知,51.0,B1,3.93,14.47,4.13,12.5,11,37.5,58,22.86,4 666 13,,https://www1.mbrace.or.jp/od2/B/202607/b260709.lzh,2026-10-03T18:26:06.013459+09:00
20260709,05,多摩川,5,20260709-05-05,1,4461,安田吉宏,40,三重,58.0,B1,4.48,18.75,5.18,32.14,42,34.78,37,25.45,1 444 16,10,https://www1.mbrace.or.jp/od2/B/202607/b260709.lzh,2026-10-03T18:26:06.013459+09:00
20260709,05,多摩川,5,20260709-05-05,2,4735,角山雄哉,35,兵庫,55.0,B1,4.15,18.99,3.38,12.5,15,13.64,49,28.85,645 1 31,9,https://www1.mbrace.or.jp/od2/B/202607/b260709.lzh,2026-10-03T18:26:06.013459+09:00
20260709,05,多摩川,5,20260709-05-05,3,3641,一瀬明,55,東京,53.0,A1,6.17,41.58,6.62,42.42,12,30.19,35,27.45,13411363,11,https://www1.mbrace.or.jp/od2/B/202607/b260709.lzh,2026-10-03T18:26:06.013459+09:00
20260709,05,多摩川,5,20260709-05-05,4,4979,中野夢斗,30,愛知,52.0,B1,5.26,32.41,0.0,0.0,35,21.74,28,27.27,444 244,1,https://www1.mbrace.or.jp/od2/B/202607/b260709.lzh,2026-10-03T18:26:06.013459+09:00
20260709,05,多摩川,5,20260709-05-05,5,3885,久田武,52,愛知,53.0,A2,5.33,33.75,5.69,40.0,52,33.33,42,35.29,23441 23,11,https://www1.mbrace.or.jp/od2/B/202607/b260709.lzh,2026-10-03T18:26:06.013459+09:00
20260709,05,多摩川,5,20260709-05-05,6,3866,木山誠一,51,岡山,54.0,B1,5.14,34.48,6.17,33.33,58,38.3,70,28.85,36665 5,,https://www1.mbrace.or.jp/od2/B/202607/b260709.lzh,2026-10-03T18:26:06.013459+09:00
20260709,05,多摩川,6,20260709-05-06,1,5259,野田昇吾,33,埼玉,57.0,B2,3.03,8.96,1.74,0.0,44,37.5,75,42.86,6 3 5663,1,https://www1.mbrace.or.jp/od2/B/202607/b260709.lzh,2026-10-03T18:26:06.013459+09:00
20260709,05,多摩川,6,20260709-05-06,2,4047,吉永浩則,46,大阪,53.0,B1,3.84,17.91,4.76,26.47,70,32.65,47,36.0,5 6 1252,2,https://www1.mbrace.or.jp/od2/B/202607/b260709.lzh,2026-10-03T18:26:06.013459+09:00
20260709,05,多摩川,6,20260709-05-06,3,4598,加藤政彦,42,東京,53.0,B1,5.85,43.01,4.7,23.33,54,33.33,82,25.53,212 2465,11,https://www1.mbrace.or.jp/od2/B/202607/b260709.lzh,2026-10-03T18:26:06.013459+09:00
20260709,05,多摩川,6,20260709-05-06,4,4281,大澤大夢,42,埼玉,53.0,B1,4.87,30.38,4.84,25.45,40,34.78,36,45.1,44134 4,2,https://www1.mbrace.or.jp/od2/B/202607/b260709.lzh,2026-10-03T18:26:06.013459+09:00
20260709,05,多摩川,6,20260709-05-06,5,4086,寺本重宣,46,東京,49.0,A2,5.99,41.12,5.88,37.04,19,34.09,56,40.38,51312144,10,https://www1.mbrace.or.jp/od2/B/202607/b260709.lzh,2026-10-03T18:26:06.013459+09:00
20260709,05,多摩川,6,20260709-05-06,6,3685,荒井輝年,52,岡山,57.0,A2,5.81,42.7,6.88,50.0,71,33.33,54,26.0,261 3123,10,https://www1.mbrace.or.jp/od2/B/202607/b260709.lzh,2026-10-03T18:26:06.013459+09:00
20260709,05,多摩川,7,20260709-05-07,1,3839,川合理司,50,静岡,64.0,B1,3.42,10.71,4.16,21.05,74,42.11,67,24.0,5 6 5645,,https://www1.mbrace.or.jp/od2/B/202607/b260709.lzh,2026-10-03T18:26:06.013459+09:00
20260709,05,多摩川,7,20260709-05-07,2,4934,佐々木翔,30,大阪,57.0,A2,5.38,35.23,5.06,25.81,60,28.26,77,38.46,324 3455,11,https://www1.mbrace.or.jp/od2/B/202607/b260709.lzh,2026-10-03T18:26:06.013459+09:00
20260709,05,多摩川,7,20260709-05-07,3,3933,山地正樹,50,岡山,52.0,B1,5.92,43.0,5.78,55.56,25,35.19,30,41.3,662 334,3,https://www1.mbrace.or.jp/od2/B/202607/b260709.lzh,2026-10-03T18:26:06.013459+09:00
20260709,05,多摩川,7,20260709-05-07,4,3939,渡辺真至,48,愛知,53.0,B2,5.62,44.83,5.35,38.46,49,26.67,64,37.74,1 4 1544,11,https://www1.mbrace.or.jp/od2/B/202607/b260709.lzh,2026-10-03T18:26:06.013459+09:00
20260709,05,多摩川,7,20260709-05-07,5,4273,佐藤旭,43,静岡,54.0,B1,5.12,31.71,4.57,26.09,68,28.26,62,38.0,53556 1,3,https://www1.mbrace.or.jp/od2/B/202607/b260709.lzh,2026-10-03T18:26:06.013459+09:00
20260709,05,多摩川,7,20260709-05-07,6,4917,岩橋裕馬,37,兵庫,53.0,B1,4.29,20.0,3.36,9.09,32,60.0,66,49.06,4 515 51,1,https://www1.mbrace.or.jp/od2/B/202607/b260709.lzh,2026-10-03T18:26:06.013459+09:00
20260709,05,多摩川,8,20260709-05-08,1,4318,桑原将光,41,東京,52.0,A2,5.23,28.05,5.35,30.77,21,37.04,25,33.33,5 33533,2,https://www1.mbrace.or.jp/od2/B/202607/b260709.lzh,2026-10-03T18:26:06.013459+09:00
20260709,05,多摩川,8,20260709-05-08,2,3362,間嶋仁志,56,三重,55.0,B1,4.88,29.27,5.85,47.5,29,21.82,32,39.22,565 435,2,https://www1.mbrace.or.jp/od2/B/202607/b260709.lzh,2026-10-03T18:26:06.013459+09:00
20260709,05,多摩川,8,20260709-05-08,3,3690,河合三弘,55,愛知,54.0,B1,5.01,32.18,4.0,20.41,63,27.78,65,19.23,166 1 66,3,https://www1.mbrace.or.jp/od2/B/202607/b260709.lzh,2026-10-03T18:26:06.013459+09:00
20260709,05,多摩川,8,20260709-05-08,4,3467,森弘行,57,東京,52.0,B1,3.91,13.85,2.74,8.2,65,40.0,60,36.0,5 3 6434,3,https://www1.mbrace.or.jp/od2/B/202607/b260709.lzh,2026-10-03T18:26:06.013459+09:00
20260709,05,多摩川,8,20260709-05-08,5,3445,加藤高史,56,埼玉,54.0,B1,4.75,20.24,4.82,34.43,30,31.11,83,48.0,5 25364,4,https://www1.mbrace.or.jp/od2/B/202607/b260709.lzh,2026-10-03T18:26:06.013459+09:00
20260709,05,多摩川,8,20260709-05-08,6,5466,成田華音,19,埼玉,52.0,B2,2.0,3.85,0.0,0.0,53,36.17,27,35.71,6 6 6666,,https://www1.mbrace.or.jp/od2/B/202607/b260709.lzh,2026-10-03T18:26:06.013459+09:00
20260709,05,多摩川,9,20260709-05-09,1,3300,川崎智幸,59,岡山,53.0,A2,6.05,43.8,4.0,20.0,18,32.61,31,30.19,353 421,1,https://www1.mbrace.or.jp/od2/B/202607/b260709.lzh,2026-10-03T18:26:06.013459+09:00
20260709,05,多摩川,9,20260709-05-09,2,4274,長畑友輔,43,東京,52.0,B1,4.36,22.35,4.43,26.19,72,31.37,33,31.37,6 125332,4,https://www1.mbrace.or.jp/od2/B/202607/b260709.lzh,2026-10-03T18:26:06.013459+09:00
20260709,05,多摩川,9,20260709-05-09,3,3340,池田雷太,60,東京,54.0,B1,4.21,21.18,4.65,30.43,64,27.78,23,33.96,42524 2,4,https://www1.mbrace.or.jp/od2/B/202607/b260709.lzh,2026-10-03T18:26:06.013459+09:00
20260709,05,多摩川,9,20260709-05-09,4,4118,宇佐見淳,45,愛知,53.0,A2,5.9,40.54,6.59,36.59,13,34.55,44,31.48,35342 3,2,https://www1.mbrace.or.jp/od2/B/202607/b260709.lzh,2026-10-03T18:26:06.013459+09:00
20260709,05,多摩川,9,20260709-05-09,5,4735,角山雄哉,35,兵庫,55.0,B1,4.15,18.99,3.38,12.5,15,13.64,49,28.85,645 1 31,5,https://www1.mbrace.or.jp/od2/B/202607/b260709.lzh,2026-10-03T18:26:06.013459+09:00
20260709,05,多摩川,9,20260709-05-09,6,4077,品田直樹,47,東京,52.0,A2,6.0,35.79,4.35,20.37,27,45.45,38,40.0,1 633525,3,https://www1.mbrace.or.jp/od2/B/202607/b260709.lzh,2026-10-03T18:26:06.013459+09:00
20260709,05,多摩川,10,20260709-05-10,1,3685,荒井輝年,52,岡山,57.0,A2,5.81,42.7,6.88,50.0,71,33.33,54,26.0,261 3123,6,https://www1.mbrace.or.jp/od2/B/202607/b260709.lzh,2026-10-03T18:26:06.013459+09:00
20260709,05,多摩川,10,20260709-05-10,2,4086,寺本重宣,46,東京,49.0,A2,5.99,41.12,5.88,37.04,19,34.09,56,40.38,51312144,6,https://www1.mbrace.or.jp/od2/B/202607/b260709.lzh,2026-10-03T18:26:06.013459+09:00
20260709,05,多摩川,10,20260709-05-10,3,3161,古場輝義,66,大阪,52.0,B1,5.14,36.84,4.2,30.0,61,31.91,41,23.53,2 233524,1,https://www1.mbrace.or.jp/od2/B/202607/b260709.lzh,2026-10-03T18:26:06.013459+09:00
20260709,05,多摩川,10,20260709-05-10,4,4604,岩瀬裕亮,38,愛知,52.0,A1,7.37,52.85,6.86,47.62,34,24.44,52,31.37,14114225,4,https://www1.mbrace.or.jp/od2/B/202607/b260709.lzh,2026-10-03T18:26:06.013459+09:00
20260709,05,多摩川,10,20260709-05-10,5,3775,泉啓文,51,岡山,60.0,B1,3.61,16.25,4.36,30.56,17,45.76,84,16.98,1 125 66,4,https://www1.mbrace.or.jp/od2/B/202607/b260709.lzh,2026-10-03T18:26:06.013459+09:00
20260709,05,多摩川,10,20260709-05-10,6,4461,安田吉宏,40,三重,58.0,B1,4.48,18.75,5.18,32.14,42,34.78,37,25.45,1 444 16,5,https://www1.mbrace.or.jp/od2/B/202607/b260709.lzh,2026-10-03T18:26:06.013459+09:00
20260709,05,多摩川,11,20260709-05-11,1,3641,一瀬明,55,東京,53.0,A1,6.17,41.58,6.62,42.42,12,30.19,35,27.45,13411363,5,https://www1.mbrace.or.jp/od2/B/202607/b260709.lzh,2026-10-03T18:26:06.013459+09:00
20260709,05,多摩川,11,20260709-05-11,2,3885,久田武,52,愛知,53.0,A2,5.33,33.75,5.69,40.0,52,33.33,42,35.29,23441 23,5,https://www1.mbrace.or.jp/od2/B/202607/b260709.lzh,2026-10-03T18:26:06.013459+09:00
20260709,05,多摩川,11,20260709-05-11,3,3939,渡辺真至,48,愛知,53.0,B2,5.62,44.83,5.35,38.46,49,26.67,64,37.74,1 4 1544,7,https://www1.mbrace.or.jp/od2/B/202607/b260709.lzh,2026-10-03T18:26:06.013459+09:00
20260709,05,多摩川,11,20260709-05-11,4,4598,加藤政彦,42,東京,53.0,B1,5.85,43.01,4.7,23.33,54,33.33,82,25.53,212 2465,6,https://www1.mbrace.or.jp/od2/B/202607/b260709.lzh,2026-10-03T18:26:06.013459+09:00
20260709,05,多摩川,11,20260709-05-11,5,4934,佐々木翔,30,大阪,57.0,A2,5.38,35.23,5.06,25.81,60,28.26,77,38.46,324 3455,7,https://www1.mbrace.or.jp/od2/B/202607/b260709.lzh,2026-10-03T18:26:06.013459+09:00
20260709,05,多摩川,11,20260709-05-11,6,4489,岩川仁士,39,大阪,55.0,B1,5.15,31.31,5.74,39.47,37,40.82,40,24.53,524 2156,2,https://www1.mbrace.or.jp/od2/B/202607/b260709.lzh,2026-10-03T18:26:06.013459+09:00
20260709,05,多摩川,12,20260709-05-12,1,4760,山崎郡,36,大阪,52.0,A1,7.14,44.0,6.89,48.57,66,26.83,46,24.07,11122221,,https://www1.mbrace.or.jp/od2/B/202607/b260709.lzh,2026-10-03T18:26:06.013459+09:00
20260709,05,多摩川,12,20260709-05-12,2,4462,夏山亮平,40,大阪,57.0,B1,4.88,31.88,5.84,40.0,45,35.71,45,37.25,2 122351,,https://www1.mbrace.or.jp/od2/B/202607/b260709.lzh,2026-10-03T18:26:06.013459+09:00
20260709,05,多摩川,12,20260709-05-12,3,4593,小坂宗司,45,大阪,52.0,A2,5.99,36.63,5.58,27.27,50,35.09,51,29.41,42424 11,,https://www1.mbrace.or.jp/od2/B/202607/b260709.lzh,2026-10-03T18:26:06.013459+09:00
20260709,05,多摩川,12,20260709-05-12,4,3852,澤大介,53,三重,51.0,B1,4.33,19.4,4.88,23.08,75,37.93,61,30.77,4 4 1112,,https://www1.mbrace.or.jp/od2/B/202607/b260709.lzh,2026-10-03T18:26:06.013459+09:00
20260709,05,多摩川,12,20260709-05-12,5,4365,盛本真輔,40,兵庫,52.0,A2,6.0,42.86,5.56,44.0,39,35.56,76,40.38,21252 42,,https://www1.mbrace.or.jp/od2/B/202607/b260709.lzh,2026-10-03T18:26:06.013459+09:00
20260709,05,多摩川,12,20260709-05-12,6,5005,石田貴洋,30,埼玉,52.0,A1,6.73,51.35,5.42,26.92,43,27.08,74,37.5,33355112,,https://www1.mbrace.or.jp/od2/B/202607/b260709.lzh,2026-10-03T18:26:06.013459+09:00
20260709,02,戸田,1,20260709-02-01,1,4961,西橋奈未,29,福井,47.0,A1,6.47,43.3,8.3,80.0,19,29.23,35,30.0,465,,https://www1.mbrace.or.jp/od2/B/202607/b260709.lzh,2026-10-03T18:26:06.013459+09:00
20260709,02,戸田,1,20260709-02-01,2,4336,松田竜馬,42,福岡,54.0,B1,4.72,26.74,5.36,28.57,46,31.32,56,44.68,S 6,5,https://www1.mbrace.or.jp/od2/B/202607/b260709.lzh,2026-10-03T18:26:06.013459+09:00
20260709,02,戸田,1,20260709-02-01,3,4497,桑原悠,39,長崎,53.0,A1,7.32,56.41,6.22,22.22,37,39.07,54,30.61,1 53,,https://www1.mbrace.or.jp/od2/B/202607/b260709.lzh,2026-10-03T18:26:06.013459+09:00
20260709,02,戸田,1,20260709-02-01,4,4719,上條暢嵩,32,大阪,52.0,A1,7.47,50.0,7.67,45.45,57,32.97,15,34.85,345,8,https://www1.mbrace.or.jp/od2/B/202607/b260709.lzh,2026-10-03T18:26:06.013459+09:00
20260709,02,戸田,1,20260709-02-01,5,4169,多田有佑,43,東京,54.0,B1,4.07,20.0,4.44,25.93,30,29.78,58,32.97,4 2,6,https://www1.mbrace.or.jp/od2/B/202607/b260709.lzh,2026-10-03T18:26:06.013459+09:00
20260709,02,戸田,1,20260709-02-01,6,4063,市橋卓士,46,徳島,55.0,A1,6.27,42.74,6.64,54.55,36,33.16,44,34.01,6 66,,https://www1.mbrace.or.jp/od2/B/202607/b260709.lzh,2026-10-03T18:26:06.013459+09:00
20260709,02,戸田,2,20260709-02-02,1,4844,村上奈穂,33,広島,51.0,B1,4.6,27.96,5.0,33.33,27,31.66,65,42.86,6 3,9,https://www1.mbrace.or.jp/od2/B/202607/b260709.lzh,2026-10-03T18:26:06.013459+09:00
20260709,02,戸田,2,20260709-02-02,2,3897,白井英治,49,山口,55.0,A1,7.56,49.51,6.54,29.17,60,27.71,30,34.85,6 33,,https://www1.mbrace.or.jp/od2/B/202607/b260709.lzh,2026-10-03T18:26:06.013459+09:00
20260709,02,戸田,2,20260709-02-02,3,4245,高橋直哉,44,東京,52.0,B1,4.41,22.06,0.0,0.0,50,36.79,36,37.24,4 4,6,https://www1.mbrace.or.jp/od2/B/202607/b260709.lzh,2026-10-03T18:26:06.013459+09:00
20260709,02,戸田,2,20260709-02-02,4,5073,上原健次,30,福岡,55.0,A2,5.68,34.95,4.51,20.0,29,39.23,20,33.67,3 5,10,https://www1.mbrace.or.jp/od2/B/202607/b260709.lzh,2026-10-03T18:26:06.013459+09:00
20260709,02,戸田,2,20260709-02-02,5,3557,太田和美,53,大阪,55.0,A1,6.6,49.64,6.39,39.02,11,41.95,12,32.29,655,,https://www1.mbrace.or.jp/od2/B/202607/b260709.lzh,2026-10-03T18:26:06.013459+09:00
20260709,02,戸田,2,20260709-02-02,6,5043,中村日向,27,香川,53.0,A1,7.24,53.77,6.07,42.86,22,28.19,33,32.66,1 45,,https://www1.mbrace.or.jp/od2/B/202607/b260709.lzh,2026-10-03T18:26:06.013459+09:00
20260709,02,戸田,3,20260709-02-03,1,4895,門間雄大,35,東京,55.0,A2,5.11,24.62,4.14,14.29,54,35.71,29,41.12,5 5,9,https://www1.mbrace.or.jp/od2/B/202607/b260709.lzh,2026-10-03T18:26:06.013459+09:00
20260709,02,戸田,3,20260709-02-03,2,3960,菊地孝平,47,静岡,54.0,A1,6.42,37.61,7.08,43.24,64,35.87,63,34.92,441,,https://www1.mbrace.or.jp/od2/B/202607/b260709.lzh,2026-10-03T18:26:06.013459+09:00
20260709,02,戸田,3,20260709-02-03,3,4502,遠藤エミ,38,滋賀,45.0,A1,7.24,49.44,7.15,41.18,43,35.2,51,31.84,3 13,,https://www1.mbrace.or.jp/od2/B/202607/b260709.lzh,2026-10-03T18:26:06.013459+09:00
20260709,02,戸田,3,20260709-02-03,4,4700,金子和之,39,埼玉,53.0,A2,5.85,40.18,6.05,45.14,15,44.0,47,37.0,3 36,,https://www1.mbrace.or.jp/od2/B/202607/b260709.lzh,2026-10-03T18:26:06.013459+09:00
20260709,02,戸田,3,20260709-02-03,5,5206,梅原祥平,28,岡山,52.0,B1,4.19,20.21,3.65,19.23,6,37.02,21,36.27,4 6,8,https://www1.mbrace.or.jp/od2/B/202607/b260709.lzh,2026-10-03T18:26:06.013459+09:00
20260709,02,戸田,3,20260709-02-03,6,5295,田上凜,24,大阪,46.0,B1,4.47,27.03,0.0,0.0,26,38.14,13,29.71,6 6,7,https://www1.mbrace.or.jp/od2/B/202607/b260709.lzh,2026-10-03T18:26:06.013459+09:00
20260709,02,戸田,4,20260709-02-04,1,4685,島村隆幸,35,徳島,52.0,A1,7.61,63.64,7.75,37.5,7,30.88,68,35.2,553,11,https://www1.mbrace.or.jp/od2/B/202607/b260709.lzh,2026-10-03T18:26:06.013459+09:00
20260709,02,戸田,4,20260709-02-04,2,5193,米丸乃絵,24,福岡,47.0,A1,6.67,45.92,7.5,68.75,41,33.9,42,39.29,4 24,,https://www1.mbrace.or.jp/od2/B/202607/b260709.lzh,2026-10-03T18:26:06.013459+09:00
20260709,02,戸田,4,20260709-02-04,3,4407,鹿島敏弘,40,群馬,57.0,B1,4.99,28.57,4.64,26.42,17,31.82,70,39.69,6 2,8,https://www1.mbrace.or.jp/od2/B/202607/b260709.lzh,2026-10-03T18:26:06.013459+09:00
20260709,02,戸田,4,20260709-02-04,4,4262,馬場貴也,42,滋賀,54.0,A1,7.5,47.11,7.09,40.63,58,34.92,17,37.7,261,10,https://www1.mbrace.or.jp/od2/B/202607/b260709.lzh,2026-10-03T18:26:06.013459+09:00
20260709,02,戸田,4,20260709-02-04,5,4201,佐竹友樹,43,埼玉,53.0,B1,4.22,19.15,5.48,37.86,18,31.41,48,32.12,6 5,9,https://www1.mbrace.or.jp/od2/B/202607/b260709.lzh,2026-10-03T18:26:06.013459+09:00
20260709,02,戸田,4,20260709-02-04,6,4468,大池佑来,39,東京,51.0,A1,6.92,55.14,6.48,27.08,63,40.38,16,36.45,121,,https://www1.mbrace.or.jp/od2/B/202607/b260709.lzh,2026-10-03T18:26:06.013459+09:00
20260709,02,戸田,5,20260709-02-05,1,4611,今井美亜,35,福井,48.0,A1,6.4,42.59,0.0,0.0,9,41.36,67,29.63,6 46,,https://www1.mbrace.or.jp/od2/B/202607/b260709.lzh,2026-10-03T18:26:06.013459+09:00
20260709,02,戸田,5,20260709-02-05,2,4238,毒島誠,42,群馬,53.0,A1,8.06,68.06,8.55,54.55,23,32.0,52,38.27,1 44,9,https://www1.mbrace.or.jp/od2/B/202607/b260709.lzh,2026-10-03T18:26:06.013459+09:00
20260709,02,戸田,5,20260709-02-05,3,4336,松田竜馬,42,福岡,54.0,B1,4.72,26.74,5.36,28.57,46,31.32,56,44.68,S 6,1,https://www1.mbrace.or.jp/od2/B/202607/b260709.lzh,2026-10-03T18:26:06.013459+09:00
20260709,02,戸田,5,20260709-02-05,4,4586,磯部誠,35,愛知,54.0,A1,7.04,42.86,6.84,45.95,53,35.12,53,32.8,251,,https://www1.mbrace.or.jp/od2/B/202607/b260709.lzh,2026-10-03T18:26:06.013459+09:00
20260709,02,戸田,5,20260709-02-05,5,4401,小林泰,41,東京,54.0,A2,5.65,40.96,5.66,36.84,38,36.41,69,34.67,6 1,10,https://www1.mbrace.or.jp/od2/B/202607/b260709.lzh,2026-10-03T18:26:06.013459+09:00
20260709,02,戸田,5,20260709-02-05,6,4494,河合佑樹,39,静岡,52.0,A1,6.76,42.55,6.24,44.0,1,29.94,77,32.82,552,,https://www1.mbrace.or.jp/od2/B/202607/b260709.lzh,2026-10-03T18:26:06.013459+09:00
20260709,02,戸田,6,20260709-02-06,1,4245,高橋直哉,44,東京,52.0,B1,4.41,22.06,0.0,0.0,50,36.79,36,37.24,4 4,2,https://www1.mbrace.or.jp/od2/B/202607/b260709.lzh,2026-10-03T18:26:06.013459+09:00
20260709,02,戸田,6,20260709-02-06,2,4169,多田有佑,43,東京,54.0,B1,4.07,20.0,4.44,25.93,30,29.78,58,32.97,4 2,1,https://www1.mbrace.or.jp/od2/B/202607/b260709.lzh,2026-10-03T18:26:06.013459+09:00
20260709,02,戸田,6,20260709-02-06,3,4573,佐藤翼,37,埼玉,53.0,A1,6.8,38.83,7.4,52.38,2,43.75,27,37.95,5 11,,https://www1.mbrace.or.jp/od2/B/202607/b260709.lzh,2026-10-03T18:26:06.013459+09:00
20260709,02,戸田,6,20260709-02-06,4,4851,関浩哉,31,群馬,49.0,A1,7.41,43.04,7.29,46.34,25,33.33,49,41.84,312,11,https://www1.mbrace.or.jp/od2/B/202607/b260709.lzh,2026-10-03T18:26:06.013459+09:00
20260709,02,戸田,6,20260709-02-06,5,4932,新開航,30,福岡,53.0,A1,7.44,51.61,7.28,44.44,8,31.77,32,30.96,125,,https://www1.mbrace.or.jp/od2/B/202607/b260709.lzh,2026-10-03T18:26:06.013459+09:00
20260709,02,戸田,6,20260709-02-06,6,4205,山口剛,43,広島,54.0,A1,8.19,57.3,7.88,42.31,20,30.48,62,32.61,531,12,https://www1.mbrace.or.jp/od2/B/202607/b260709.lzh,2026-10-03T18:26:06.013459+09:00
20260709,02,戸田,7,20260709-02-07,1,4237,大峯豊,42,山口,52.0,A1,6.93,50.48,7.19,50.0,12,39.72,23,30.85,312,,https://www1.mbrace.or.jp/od2/B/202607/b260709.lzh,2026-10-03T18:26:06.013459+09:00
20260709,02,戸田,7,20260709-02-07,2,4478,櫻本あゆ,38,群馬,50.0,A1,6.04,40.22,5.39,34.21,16,39.53,34,36.27,4 6,12,https://www1.mbrace.or.jp/od2/B/202607/b260709.lzh,2026-10-03T18:26:06.013459+09:00
20260709,02,戸田,7,20260709-02-07,3,3716,石渡鉄兵,51,東京,55.0,A1,6.77,44.21,6.02,30.51,39,30.22,26,33.86,3 43,,https://www1.mbrace.or.jp/od2/B/202607/b260709.lzh,2026-10-03T18:26:06.013459+09:00
20260709,02,戸田,7,20260709-02-07,4,5295,田上凜,24,大阪,46.0,B1,4.47,27.03,0.0,0.0,26,38.14,13,29.71,6 6,3,https://www1.mbrace.or.jp/od2/B/202607/b260709.lzh,2026-10-03T18:26:06.013459+09:00
20260709,02,戸田,7,20260709-02-07,5,4500,山田康二,38,佐賀,55.0,A1,7.67,49.02,8.41,47.06,21,31.96,59,42.64,2 24,11,https://www1.mbrace.or.jp/od2/B/202607/b260709.lzh,2026-10-03T18:26:06.013459+09:00
20260709,02,戸田,7,20260709-02-07,6,4337,平本真之,42,愛知,57.0,A1,7.4,48.03,7.38,46.15,10,34.95,14,35.05,423,,https://www1.mbrace.or.jp/od2/B/202607/b260709.lzh,2026-10-03T18:26:06.013459+09:00
20260709,02,戸田,8,20260709-02-08,1,4364,池永太,41,福岡,55.0,A1,5.67,33.33,8.42,57.89,3,31.12,41,34.17,521,,https://www1.mbrace.or.jp/od2/B/202607/b260709.lzh,2026-10-03T18:26:06.013459+09:00
20260709,02,戸田,8,20260709-02-08,2,5206,梅原祥平,28,岡山,52.0,B1,4.19,20.21,3.65,19.23,6,37.02,21,36.27,4 6,3,https://www1.mbrace.or.jp/od2/B/202607/b260709.lzh,2026-10-03T18:26:06.013459+09:00
20260709,02,戸田,8,20260709-02-08,3,4719,上條暢嵩,32,大阪,52.0,A1,7.47,50.0,7.67,45.45,57,32.97,15,34.85,345,1,https://www1.mbrace.or.jp/od2/B/202607/b260709.lzh,2026-10-03T18:26:06.013459+09:00
20260709,02,戸田,8,20260709-02-08,4,3940,飯山泰,48,東京,52.0,A1,6.46,48.74,6.8,57.78,24,40.28,40,30.32,5 55,,https://www1.mbrace.or.jp/od2/B/202607/b260709.lzh,2026-10-03T18:26:06.013459+09:00
20260709,02,戸田,8,20260709-02-08,5,4344,新田雄史,41,三重,53.0,A1,7.87,55.56,6.33,30.0,5,36.49,46,31.44,4 23,12,https://www1.mbrace.or.jp/od2/B/202607/b260709.lzh,2026-10-03T18:26:06.013459+09:00
20260709,02,戸田,8,20260709-02-08,6,4407,鹿島敏弘,40,群馬,57.0,B1,4.99,28.57,4.64,26.42,17,31.82,70,39.69,6 2,4,https://www1.mbrace.or.jp/od2/B/202607/b260709.lzh,2026-10-03T18:26:06.013459+09:00
20260709,02,戸田,9,20260709-02-09,1,4102,益田啓司,47,福岡,52.0,A1,6.45,50.0,6.48,48.0,42,32.26,57,34.34,5 64,,https://www1.mbrace.or.jp/od2/B/202607/b260709.lzh,2026-10-03T18:26:06.013459+09:00
20260709,02,戸田,9,20260709-02-09,2,4201,佐竹友樹,43,埼玉,53.0,B1,4.22,19.15,5.48,37.86,18,31.41,48,32.12,6 5,4,https://www1.mbrace.or.jp/od2/B/202607/b260709.lzh,2026-10-03T18:26:06.013459+09:00
20260709,02,戸田,9,20260709-02-09,3,3854,吉川元浩,53,兵庫,52.0,A1,7.11,46.34,7.03,36.84,40,35.32,73,32.22,336,,https://www1.mbrace.or.jp/od2/B/202607/b260709.lzh,2026-10-03T18:26:06.013459+09:00
20260709,02,戸田,9,20260709-02-09,4,4844,村上奈穂,33,広島,51.0,B1,4.6,27.96,5.0,33.33,27,31.66,65,42.86,6 3,2,https://www1.mbrace.or.jp/od2/B/202607/b260709.lzh,2026-10-03T18:26:06.013459+09:00
20260709,02,戸田,9,20260709-02-09,5,4895,門間雄大,35,東京,55.0,A2,5.11,24.62,4.14,14.29,54,35.71,29,41.12,5 5,3,https://www1.mbrace.or.jp/od2/B/202607/b260709.lzh,2026-10-03T18:26:06.013459+09:00
20260709,02,戸田,9,20260709-02-09,6,4238,毒島誠,42,群馬,53.0,A1,8.06,68.06,8.55,54.55,23,32.0,52,38.27,1 44,5,https://www1.mbrace.or.jp/od2/B/202607/b260709.lzh,2026-10-03T18:26:06.013459+09:00
20260709,02,戸田,10,20260709-02-10,1,4547,中田竜太,38,埼玉,51.0,A1,6.77,39.81,6.91,49.22,14,34.0,37,35.2,1 22,,https://www1.mbrace.or.jp/od2/B/202607/b260709.lzh,2026-10-03T18:26:06.013459+09:00
20260709,02,戸田,10,20260709-02-10,2,4262,馬場貴也,42,滋賀,54.0,A1,7.5,47.11,7.09,40.63,58,34.92,17,37.7,261,4,https://www1.mbrace.or.jp/od2/B/202607/b260709.lzh,2026-10-03T18:26:06.013459+09:00
20260709,02,戸田,10,20260709-02-10,3,4391,松田祐季,40,福井,52.0,A1,6.45,46.15,6.83,51.72,31,34.88,22,36.04,4 43,,https://www1.mbrace.or.jp/od2/B/202607/b260709.lzh,2026-10-03T18:26:06.013459+09:00
20260709,02,戸田,10,20260709-02-10,4,4467,渡邉俊介,39,愛知,51.0,A1,6.66,47.41,5.04,33.33,13,33.49,75,39.49,2 45,,https://www1.mbrace.or.jp/od2/B/202607/b260709.lzh,2026-10-03T18:26:06.013459+09:00
20260709,02,戸田,10,20260709-02-10,5,5073,上原健次,30,福岡,55.0,A2,5.68,34.95,4.51,20.0,29,39.23,20,33.67,3 5,2,https://www1.mbrace.or.jp/od2/B/202607/b260709.lzh,2026-10-03T18:26:06.013459+09:00
20260709,02,戸田,10,20260709-02-10,6,4401,小林泰,41,東京,54.0,A2,5.65,40.96,5.66,36.84,38,36.41,69,34.67,6 1,5,https://www1.mbrace.or.jp/od2/B/202607/b260709.lzh,2026-10-03T18:26:06.013459+09:00
20260709,02,戸田,11,20260709-02-11,1,4166,吉田拡郎,44,岡山,53.0,A1,7.36,54.55,7.7,51.52,61,37.98,19,33.33,212,,https://www1.mbrace.or.jp/od2/B/202607/b260709.lzh,2026-10-03T18:26:06.013459+09:00
20260709,02,戸田,11,20260709-02-11,2,3590,濱野谷憲,52,東京,56.0,A1,6.69,42.86,6.52,30.3,55,41.59,76,33.33,131,,https://www1.mbrace.or.jp/od2/B/202607/b260709.lzh,2026-10-03T18:26:06.013459+09:00
20260709,02,戸田,11,20260709-02-11,3,4024,井口佳典,48,三重,53.0,A1,6.52,43.37,6.9,35.48,4,47.32,11,30.0,2 62,,https://www1.mbrace.or.jp/od2/B/202607/b260709.lzh,2026-10-03T18:26:06.013459+09:00
20260709,02,戸田,11,20260709-02-11,4,4500,山田康二,38,佐賀,55.0,A1,7.67,49.02,8.41,47.06,21,31.96,59,42.64,2 24,7,https://www1.mbrace.or.jp/od2/B/202607/b260709.lzh,2026-10-03T18:26:06.013459+09:00
20260709,02,戸田,11,20260709-02-11,5,4685,島村隆幸,35,徳島,52.0,A1,7.61,63.64,7.75,37.5,7,30.88,68,35.2,553,4,https://www1.mbrace.or.jp/od2/B/202607/b260709.lzh,2026-10-03T18:26:06.013459+09:00
20260709,02,戸田,11,20260709-02-11,6,4851,関浩哉,31,群馬,49.0,A1,7.41,43.04,7.29,46.34,25,33.33,49,41.84,312,6,https://www1.mbrace.or.jp/od2/B/202607/b260709.lzh,2026-10-03T18:26:06.013459+09:00
20260709,02,戸田,12,20260709-02-12,1,4344,新田雄史,41,三重,53.0,A1,7.87,55.56,6.33,30.0,5,36.49,46,31.44,4 23,8,https://www1.mbrace.or.jp/od2/B/202607/b260709.lzh,2026-10-03T18:26:06.013459+09:00
20260709,02,戸田,12,20260709-02-12,2,4366,前沢丈史,40,東京,55.0,A1,6.76,50.0,6.62,48.65,51,30.65,71,33.87,1 36,,https://www1.mbrace.or.jp/od2/B/202607/b260709.lzh,2026-10-03T18:26:06.013459+09:00
20260709,02,戸田,12,20260709-02-12,3,4205,山口剛,43,広島,54.0,A1,8.19,57.3,7.88,42.31,20,30.48,62,32.61,531,6,https://www1.mbrace.or.jp/od2/B/202607/b260709.lzh,2026-10-03T18:26:06.013459+09:00
20260709,02,戸田,12,20260709-02-12,4,4848,仲谷颯仁,31,福岡,52.0,A1,7.62,51.85,8.43,85.71,62,34.41,64,31.21,134,,https://www1.mbrace.or.jp/od2/B/202607/b260709.lzh,2026-10-03T18:26:06.013459+09:00
20260709,02,戸田,12,20260709-02-12,5,4478,櫻本あゆ,38,群馬,50.0,A1,6.04,40.22,5.39,34.21,16,39.53,34,36.27,4 6,7,https://www1.mbrace.or.jp/od2/B/202607/b260709.lzh,2026-10-03T18:26:06.013459+09:00
20260709,02,戸田,12,20260709-02-12,6,4686,丸野一樹,34,滋賀,54.0,A1,7.26,48.6,7.32,48.39,49,37.44,74,28.83,221,,https://www1.mbrace.or.jp/od2/B/202607/b260709.lzh,2026-10-03T18:26:06.013459+09:00
20260709,01,桐生,1,20260709-01-01,1,3827,今泉徹,52,群馬,52.0,B1,3.71,11.24,4.45,17.69,51,28.81,53,25.56,423 662 34,9,https://www1.mbrace.or.jp/od2/B/202607/b260709.lzh,2026-10-03T18:26:06.013459+09:00
20260709,01,桐生,1,20260709-01-01,2,5268,山本幸也,25,福岡,56.0,B1,4.25,23.19,4.13,12.5,25,25.26,12,31.11,36S 5 256,9,https://www1.mbrace.or.jp/od2/B/202607/b260709.lzh,2026-10-03T18:26:06.013459+09:00
20260709,01,桐生,1,20260709-01-01,3,4343,村岡賢,41,広島,54.0,B1,5.07,25.61,3.37,3.7,49,38.3,20,32.61,4 363 433,6,https://www1.mbrace.or.jp/od2/B/202607/b260709.lzh,2026-10-03T18:26:06.013459+09:00
20260709,01,桐生,1,20260709-01-01,4,4067,永井源,46,愛知,54.0,A2,6.3,44.92,6.55,52.63,54,20.22,40,34.06,444 533 62,8,https://www1.mbrace.or.jp/od2/B/202607/b260709.lzh,2026-10-03T18:26:06.013459+09:00
20260709,01,桐生,1,20260709-01-01,5,3432,宮迫暢彦,58,大阪,52.0,B1,4.25,23.68,4.04,13.04,40,34.48,22,31.65,624 663 5,7,https://www1.mbrace.or.jp/od2/B/202607/b260709.lzh,2026-10-03T18:26:06.013459+09:00
20260709,01,桐生,1,20260709-01-01,6,5417,小柳勝希,20,佐賀,51.0,B1,3.71,7.35,0.0,0.0,53,37.3,42,30.6,5 464 436,6,https://www1.mbrace.or.jp/od2/B/202607/b260709.lzh,2026-10-03T18:26:06.013459+09:00
20260709,01,桐生,2,20260709-01-02,1,4214,林祐介,41,岡山,57.0,B1,5.72,36.78,5.9,40.0,24,36.3,68,28.57,235 312554,10,https://www1.mbrace.or.jp/od2/B/202607/b260709.lzh,2026-10-03T18:26:06.013459+09:00
20260709,01,桐生,2,20260709-01-02,2,5010,宇留田翔,29,三重,54.0,A2,5.65,41.07,5.12,36.59,61,13.16,52,42.14,4 33165 51,9,https://www1.mbrace.or.jp/od2/B/202607/b260709.lzh,2026-10-03T18:26:06.013459+09:00
20260709,01,桐生,2,20260709-01-02,3,3741,松尾基成,52,福岡,57.0,B1,3.65,16.67,3.85,22.22,52,26.97,48,40.44,4 32454 55,7,https://www1.mbrace.or.jp/od2/B/202607/b260709.lzh,2026-10-03T18:26:06.013459+09:00
20260709,01,桐生,2,20260709-01-02,4,3538,菊池峰晴,58,群馬,53.0,B2,4.11,15.22,5.65,33.33,55,22.86,51,35.71,6 2334551,6,https://www1.mbrace.or.jp/od2/B/202607/b260709.lzh,2026-10-03T18:26:06.013459+09:00
20260709,01,桐生,2,20260709-01-02,5,4093,吉田宗弘,45,東京,51.0,B1,4.42,23.6,3.61,16.67,39,21.84,75,30.3,252 456 5,6,https://www1.mbrace.or.jp/od2/B/202607/b260709.lzh,2026-10-03T18:26:06.013459+09:00
20260709,01,桐生,2,20260709-01-02,6,3712,淺香文武,51,三重,57.0,B1,5.11,36.9,4.65,25.58,21,32.65,23,43.8,152 656 6,,https://www1.mbrace.or.jp/od2/B/202607/b260709.lzh,2026-10-03T18:26:06.013459+09:00
20260709,01,桐生,3,20260709-01-03,1,4010,越智照浩,46,香川,59.0,B1,4.28,17.65,3.31,7.69,28,38.58,17,35.92,134 224463,10,https://www1.mbrace.or.jp/od2/B/202607/b260709.lzh,2026-10-03T18:26:06.013459+09:00
20260709,01,桐生,3,20260709-01-03,2,4202,浮田圭浩,43,岡山,55.0,B1,4.57,26.47,4.33,22.22,66,14.61,26,28.57,4 456 542,7,https://www1.mbrace.or.jp/od2/B/202607/b260709.lzh,2026-10-03T18:26:06.013459+09:00
20260709,01,桐生,3,20260709-01-03,3,3747,國崎良春,51,福岡,52.0,A2,5.53,39.73,5.41,40.63,22,27.08,64,30.28,46621 6 36,8,https://www1.mbrace.or.jp/od2/B/202607/b260709.lzh,2026-10-03T18:26:06.013459+09:00
20260709,01,桐生,3,20260709-01-03,4,4910,中村泰平,30,愛知,52.0,A1,6.78,55.68,5.59,50.0,31,36.84,73,37.32,324 611 14,11,https://www1.mbrace.or.jp/od2/B/202607/b260709.lzh,2026-10-03T18:26:06.013459+09:00
20260709,01,桐生,3,20260709-01-03,5,3957,大谷直弘,48,愛知,55.0,B1,5.43,32.1,5.23,30.19,26,31.11,43,26.87,3 532 3424,8,https://www1.mbrace.or.jp/od2/B/202607/b260709.lzh,2026-10-03T18:26:06.013459+09:00
20260709,01,桐生,3,20260709-01-03,6,4332,村上彰一,42,福岡,58.0,B1,4.61,26.83,4.67,27.78,13,27.78,19,39.69,545 135 6,9,https://www1.mbrace.or.jp/od2/B/202607/b260709.lzh,2026-10-03T18:26:06.013459+09:00
20260709,01,桐生,4,20260709-01-04,1,4607,鶴田勇雄,37,福岡,53.0,A2,5.91,37.72,6.11,44.44,44,27.42,21,31.43,1 162356S5,11,https://www1.mbrace.or.jp/od2/B/202607/b260709.lzh,2026-10-03T18:26:06.013459+09:00
20260709,01,桐生,4,20260709-01-04,2,5278,田中駿兵,23,徳島,53.0,A1,7.48,63.33,6.82,54.55,38,40.74,31,37.24,14513 1616,10,https://www1.mbrace.or.jp/od2/B/202607/b260709.lzh,2026-10-03T18:26:06.013459+09:00
20260709,01,桐生,4,20260709-01-04,3,4367,山口修路,40,福岡,53.0,B1,4.25,15.87,4.82,26.67,50,30.66,66,35.29,3 15366 14,8,https://www1.mbrace.or.jp/od2/B/202607/b260709.lzh,2026-10-03T18:26:06.013459+09:00
20260709,01,桐生,4,20260709-01-04,4,3459,中野和裕,59,佐賀,56.0,B1,3.44,12.5,0.0,0.0,58,22.92,70,30.5,6 566 463,8,https://www1.mbrace.or.jp/od2/B/202607/b260709.lzh,2026-10-03T18:26:06.013459+09:00
20260709,01,桐生,4,20260709-01-04,5,5433,米本圭佑,21,東京,51.0,B2,1.91,1.85,1.93,0.0,48,33.1,33,35.04,5 665 664,9,https://www1.mbrace.or.jp/od2/B/202607/b260709.lzh,2026-10-03T18:26:06.013459+09:00
20260709,01,桐生,4,20260709-01-04,6,3872,岡田憲行,50,大阪,54.0,A2,6.12,45.45,6.93,50.0,33,38.17,60,40.44,551 423 13,,https://www1.mbrace.or.jp/od2/B/202607/b260709.lzh,2026-10-03T18:26:06.013459+09:00
20260709,01,桐生,5,20260709-01-05,1,3508,久富政弘,54,佐賀,56.0,A2,5.68,39.73,5.67,33.33,17,32.45,63,20.0,5 531 5321,11,https://www1.mbrace.or.jp/od2/B/202607/b260709.lzh,2026-10-03T18:26:06.013459+09:00
20260709,01,桐生,5,20260709-01-05,2,3934,鋤柄貴俊,49,愛知,52.0,B1,4.94,24.32,4.78,22.22,74,39.73,38,37.41,32255 3 22,9,https://www1.mbrace.or.jp/od2/B/202607/b260709.lzh,2026-10-03T18:26:06.013459+09:00
20260709,01,桐生,5,20260709-01-05,3,4292,麻生慎介,41,広島,53.0,A1,6.3,42.7,6.07,33.33,65,36.62,46,30.28,3 11134345,10,https://www1.mbrace.or.jp/od2/B/202607/b260709.lzh,2026-10-03T18:26:06.013459+09:00
20260709,01,桐生,5,20260709-01-05,4,4161,黒柳浩孝,44,愛知,55.0,B1,5.22,31.25,6.35,40.54,46,37.59,35,35.71,632 123 23,10,https://www1.mbrace.or.jp/od2/B/202607/b260709.lzh,2026-10-03T18:26:06.013459+09:00
20260709,01,桐生,5,20260709-01-05,5,5111,三村岳人,26,岡山,52.0,A2,5.79,44.78,5.73,36.36,14,43.81,57,37.04,24141 1153,11,https://www1.mbrace.or.jp/od2/B/202607/b260709.lzh,2026-10-03T18:26:06.013459+09:00
20260709,01,桐生,5,20260709-01-05,6,4903,吉田凌太,32,愛知,52.0,A1,6.45,47.87,6.42,47.17,37,33.09,41,34.04,6 F55 661,,https://www1.mbrace.or.jp/od2/B/202607/b260709.lzh,2026-10-03T18:26:06.013459+09:00
20260709,01,桐生,6,20260709-01-06,1,5255,藤原仙二,22,滋賀,54.0,A1,6.77,47.79,3.88,12.5,29,27.59,54,38.3,6 31435246,10,https://www1.mbrace.or.jp/od2/B/202607/b260709.lzh,2026-10-03T18:26:06.013459+09:00
20260709,01,桐生,6,20260709-01-06,2,4093,吉田宗弘,45,東京,51.0,B1,4.42,23.6,3.61,16.67,39,21.84,75,30.3,252 456 5,2,https://www1.mbrace.or.jp/od2/B/202607/b260709.lzh,2026-10-03T18:26:06.013459+09:00
20260709,01,桐生,6,20260709-01-06,3,5417,小柳勝希,20,佐賀,51.0,B1,3.71,7.35,0.0,0.0,53,37.3,42,30.6,5 464 436,1,https://www1.mbrace.or.jp/od2/B/202607/b260709.lzh,2026-10-03T18:26:06.013459+09:00
20260709,01,桐生,6,20260709-01-06,4,3748,小黒竜吾,50,埼玉,57.0,B1,4.1,14.08,4.5,18.75,47,30.14,45,41.79,144 562 65,,https://www1.mbrace.or.jp/od2/B/202607/b260709.lzh,2026-10-03T18:26:06.013459+09:00
20260709,01,桐生,6,20260709-01-06,5,4343,村岡賢,41,広島,54.0,B1,5.07,25.61,3.37,3.7,49,38.3,20,32.61,4 363 433,1,https://www1.mbrace.or.jp/od2/B/202607/b260709.lzh,2026-10-03T18:26:06.013459+09:00
20260709,01,桐生,6,20260709-01-06,6,3538,菊池峰晴,58,群馬,53.0,B2,4.11,15.22,5.65,33.33,55,22.86,51,35.71,6 2334551,2,https://www1.mbrace.or.jp/od2/B/202607/b260709.lzh,2026-10-03T18:26:06.013459+09:00
20260709,01,桐生,7,20260709-01-07,1,4645,上村純一,46,群馬,53.0,A1,6.39,44.23,6.21,41.88,16,21.1,24,35.29,122 341346,11,https://www1.mbrace.or.jp/od2/B/202607/b260709.lzh,2026-10-03T18:26:06.013459+09:00
20260709,01,桐生,7,20260709-01-07,2,3432,宮迫暢彦,58,大阪,52.0,B1,4.25,23.68,4.04,13.04,40,34.48,22,31.65,624 663 5,1,https://www1.mbrace.or.jp/od2/B/202607/b260709.lzh,2026-10-03T18:26:06.013459+09:00
20260709,01,桐生,7,20260709-01-07,3,3412,鈴木博,56,埼玉,54.0,A1,6.77,50.89,5.82,41.82,34,37.18,25,28.89,1 22242224,11,https://www1.mbrace.or.jp/od2/B/202607/b260709.lzh,2026-10-03T18:26:06.013459+09:00
20260709,01,桐生,7,20260709-01-07,4,3741,松尾基成,52,福岡,57.0,B1,3.65,16.67,3.85,22.22,52,26.97,48,40.44,4 32454 55,2,https://www1.mbrace.or.jp/od2/B/202607/b260709.lzh,2026-10-03T18:26:06.013459+09:00
20260709,01,桐生,7,20260709-01-07,5,4202,浮田圭浩,43,岡山,55.0,B1,4.57,26.47,4.33,22.22,66,14.61,26,28.57,4 456 542,3,https://www1.mbrace.or.jp/od2/B/202607/b260709.lzh,2026-10-03T18:26:06.013459+09:00
20260709,01,桐生,7,20260709-01-07,6,5090,生方靖亜,25,群馬,55.0,B1,5.22,32.76,4.99,31.36,64,34.78,15,45.0,5 336 F23,,https://www1.mbrace.or.jp/od2/B/202607/b260709.lzh,2026-10-03T18:26:06.013459+09:00
20260709,01,桐生,8,20260709-01-08,1,4067,永井源,46,愛知,54.0,A2,6.3,44.92,6.55,52.63,54,20.22,40,34.06,444 533 62,1,https://www1.mbrace.or.jp/od2/B/202607/b260709.lzh,2026-10-03T18:26:06.013459+09:00
20260709,01,桐生,8,20260709-01-08,2,3957,大谷直弘,48,愛知,55.0,B1,5.43,32.1,5.23,30.19,26,31.11,43,26.87,3 532 3424,3,https://www1.mbrace.or.jp/od2/B/202607/b260709.lzh,2026-10-03T18:26:06.013459+09:00
20260709,01,桐生,8,20260709-01-08,3,3459,中野和裕,59,佐賀,56.0,B1,3.44,12.5,0.0,0.0,58,22.92,70,30.5,6 566 463,4,https://www1.mbrace.or.jp/od2/B/202607/b260709.lzh,2026-10-03T18:26:06.013459+09:00
20260709,01,桐生,8,20260709-01-08,4,4367,山口修路,40,福岡,53.0,B1,4.25,15.87,4.82,26.67,50,30.66,66,35.29,3 15366 14,4,https://www1.mbrace.or.jp/od2/B/202607/b260709.lzh,2026-10-03T18:26:06.013459+09:00
20260709,01,桐生,8,20260709-01-08,5,3747,國崎良春,51,福岡,52.0,A2,5.53,39.73,5.41,40.63,22,27.08,64,30.28,46621 6 36,3,https://www1.mbrace.or.jp/od2/B/202607/b260709.lzh,2026-10-03T18:26:06.013459+09:00
20260709,01,桐生,8,20260709-01-08,6,4865,立具敬司,36,大阪,52.0,B2,4.89,22.22,3.64,9.09,41,37.21,36,34.81,3 F44 354,,https://www1.mbrace.or.jp/od2/B/202607/b260709.lzh,2026-10-03T18:26:06.013459+09:00
20260709,01,桐生,9,20260709-01-09,1,5010,宇留田翔,29,三重,54.0,A2,5.65,41.07,5.12,36.59,61,13.16,52,42.14,4 33165 51,2,https://www1.mbrace.or.jp/od2/B/202607/b260709.lzh,2026-10-03T18:26:06.013459+09:00
20260709,01,桐生,9,20260709-01-09,2,4332,村上彰一,42,福岡,58.0,B1,4.61,26.83,4.67,27.78,13,27.78,19,39.69,545 135 6,3,https://www1.mbrace.or.jp/od2/B/202607/b260709.lzh,2026-10-03T18:26:06.013459+09:00
20260709,01,桐生,9,20260709-01-09,3,5268,山本幸也,25,福岡,56.0,B1,4.25,23.19,4.13,12.5,25,25.26,12,31.11,36S 5 256,1,https://www1.mbrace.or.jp/od2/B/202607/b260709.lzh,2026-10-03T18:26:06.013459+09:00
20260709,01,桐生,9,20260709-01-09,4,3934,鋤柄貴俊,49,愛知,52.0,B1,4.94,24.32,4.78,22.22,74,39.73,38,37.41,32255 3 22,5,https://www1.mbrace.or.jp/od2/B/202607/b260709.lzh,2026-10-03T18:26:06.013459+09:00
20260709,01,桐生,9,20260709-01-09,5,3827,今泉徹,52,群馬,52.0,B1,3.71,11.24,4.45,17.69,51,28.81,53,25.56,423 662 34,1,https://www1.mbrace.or.jp/od2/B/202607/b260709.lzh,2026-10-03T18:26:06.013459+09:00
20260709,01,桐生,9,20260709-01-09,6,5433,米本圭佑,21,東京,51.0,B2,1.91,1.85,1.93,0.0,48,33.1,33,35.04,5 665 664,4,https://www1.mbrace.or.jp/od2/B/202607/b260709.lzh,2026-10-03T18:26:06.013459+09:00
20260709,01,桐生,10,20260709-01-10,1,4161,黒柳浩孝,44,愛知,55.0,B1,5.22,31.25,6.35,40.54,46,37.59,35,35.71,632 123 23,5,https://www1.mbrace.or.jp/od2/B/202607/b260709.lzh,2026-10-03T18:26:06.013459+09:00
20260709,01,桐生,10,20260709-01-10,2,4010,越智照浩,46,香川,59.0,B1,4.28,17.65,3.31,7.69,28,38.58,17,35.92,134 224463,3,https://www1.mbrace.or.jp/od2/B/202607/b260709.lzh,2026-10-03T18:26:06.013459+09:00
20260709,01,桐生,10,20260709-01-10,3,4214,林祐介,41,岡山,57.0,B1,5.72,36.78,5.9,40.0,24,36.3,68,28.57,235 312554,2,https://www1.mbrace.or.jp/od2/B/202607/b260709.lzh,2026-10-03T18:26:06.013459+09:00
20260709,01,桐生,10,20260709-01-10,4,4292,麻生慎介,41,広島,53.0,A1,6.3,42.7,6.07,33.33,65,36.62,46,30.28,3 11134345,5,https://www1.mbrace.or.jp/od2/B/202607/b260709.lzh,2026-10-03T18:26:06.013459+09:00
20260709,01,桐生,10,20260709-01-10,5,5278,田中駿兵,23,徳島,53.0,A1,7.48,63.33,6.82,54.55,38,40.74,31,37.24,14513 1616,4,https://www1.mbrace.or.jp/od2/B/202607/b260709.lzh,2026-10-03T18:26:06.013459+09:00
20260709,01,桐生,10,20260709-01-10,6,5255,藤原仙二,22,滋賀,54.0,A1,6.77,47.79,3.88,12.5,29,27.59,54,38.3,6 31435246,6,https://www1.mbrace.or.jp/od2/B/202607/b260709.lzh,2026-10-03T18:26:06.013459+09:00
20260709,01,桐生,11,20260709-01-11,1,5111,三村岳人,26,岡山,52.0,A2,5.79,44.78,5.73,36.36,14,43.81,57,37.04,24141 1153,5,https://www1.mbrace.or.jp/od2/B/202607/b260709.lzh,2026-10-03T18:26:06.013459+09:00
20260709,01,桐生,11,20260709-01-11,2,3412,鈴木博,56,埼玉,54.0,A1,6.77,50.89,5.82,41.82,34,37.18,25,28.89,1 22242224,7,https://www1.mbrace.or.jp/od2/B/202607/b260709.lzh,2026-10-03T18:26:06.013459+09:00
20260709,01,桐生,11,20260709-01-11,3,4910,中村泰平,30,愛知,52.0,A1,6.78,55.68,5.59,50.0,31,36.84,73,37.32,324 611 14,3,https://www1.mbrace.or.jp/od2/B/202607/b260709.lzh,2026-10-03T18:26:06.013459+09:00
20260709,01,桐生,11,20260709-01-11,4,4607,鶴田勇雄,37,福岡,53.0,A2,5.91,37.72,6.11,44.44,44,27.42,21,31.43,1 162356S5,4,https://www1.mbrace.or.jp/od2/B/202607/b260709.lzh,2026-10-03T18:26:06.013459+09:00
20260709,01,桐生,11,20260709-01-11,5,4645,上村純一,46,群馬,53.0,A1,6.39,44.23,6.21,41.88,16,21.1,24,35.29,122 341346,7,https://www1.mbrace.or.jp/od2/B/202607/b260709.lzh,2026-10-03T18:26:06.013459+09:00
20260709,01,桐生,11,20260709-01-11,6,3508,久富政弘,54,佐賀,56.0,A2,5.68,39.73,5.67,33.33,17,32.45,63,20.0,5 531 5321,5,https://www1.mbrace.or.jp/od2/B/202607/b260709.lzh,2026-10-03T18:26:06.013459+09:00
20260709,01,桐生,12,20260709-01-12,1,4852,川原祐明,31,香川,52.0,A1,7.31,56.1,7.32,56.0,67,27.19,27,38.97,331 221231,,https://www1.mbrace.or.jp/od2/B/202607/b260709.lzh,2026-10-03T18:26:06.013459+09:00
20260709,01,桐生,12,20260709-01-12,2,3623,深川真二,52,佐賀,52.0,A1,7.51,63.0,5.6,40.0,57,30.16,61,38.24,11124 4121,,https://www1.mbrace.or.jp/od2/B/202607/b260709.lzh,2026-10-03T18:26:06.013459+09:00
20260709,01,桐生,12,20260709-01-12,3,4928,栗城匠,31,東京,53.0,A1,6.33,43.3,6.4,40.0,75,28.81,14,38.85,5 13221411,,https://www1.mbrace.or.jp/od2/B/202607/b260709.lzh,2026-10-03T18:26:06.013459+09:00
20260709,01,桐生,12,20260709-01-12,4,4776,竹田和哉,32,香川,53.0,A1,6.67,44.92,6.76,47.06,70,33.58,62,30.43,21121 1132,,https://www1.mbrace.or.jp/od2/B/202607/b260709.lzh,2026-10-03T18:26:06.013459+09:00
20260709,01,桐生,12,20260709-01-12,5,4179,広次修,43,山口,52.0,A2,5.39,31.82,3.56,11.11,63,17.02,50,31.16,525 1 2252,,https://www1.mbrace.or.jp/od2/B/202607/b260709.lzh,2026-10-03T18:26:06.013459+09:00
20260709,01,桐生,12,20260709-01-12,6,4406,幸野史明,41,福岡,52.0,B1,4.15,20.79,3.5,12.5,36,33.63,71,33.1,116 352432,,https://www1.mbrace.or.jp/od2/B/202607/b260709.lzh,2026-10-03T18:26:06.013459+09:00
