date,venue_code,venue_name,race,race_id,boat,registration_no,racer_name,age,branch,weight_kg,grade,national_win_rate,national_top2_rate,local_win_rate,local_top2_rate,motor_no,motor_top2_rate,boat_no,boat_top2_rate,series_results_raw,early_race_raw,source_url,collected_at
20260915,22,福岡,1,20260915-22-01,1,4614,石倉洋行,46,福岡,54.0,A1,7.18,57.28,6.05,42.31,32,26.62,110,38.3,1 15,9,https://www1.mbrace.or.jp/od2/B/202609/b260915.lzh,2026-10-03T18:36:58.467318+09:00
20260915,22,福岡,1,20260915-22-01,2,4693,松下誉士,42,福岡,54.0,B1,4.2,25.77,4.13,21.74,57,32.5,153,32.41,4 12,7,https://www1.mbrace.or.jp/od2/B/202609/b260915.lzh,2026-10-03T18:36:58.467318+09:00
20260915,22,福岡,1,20260915-22-01,3,3863,海老澤泰,52,東京,55.0,B1,4.46,22.55,4.83,22.41,11,36.72,117,34.0,535,5,https://www1.mbrace.or.jp/od2/B/202609/b260915.lzh,2026-10-03T18:36:58.467318+09:00
20260915,22,福岡,1,20260915-22-01,4,4813,宮内直哉,36,東京,52.0,B1,4.23,15.49,4.8,30.0,70,31.01,141,35.35,2 54,,https://www1.mbrace.or.jp/od2/B/202609/b260915.lzh,2026-10-03T18:36:58.467318+09:00
20260915,22,福岡,1,20260915-22-01,5,4248,岡本大,44,長崎,56.0,B1,4.54,24.18,4.03,12.12,21,39.23,126,37.86,456,8,https://www1.mbrace.or.jp/od2/B/202609/b260915.lzh,2026-10-03T18:36:58.467318+09:00
20260915,22,福岡,1,20260915-22-01,6,5151,山下奈緒,31,大阪,47.0,B1,4.0,17.5,3.89,7.14,19,33.63,150,35.85,353,6,https://www1.mbrace.or.jp/od2/B/202609/b260915.lzh,2026-10-03T18:36:58.467318+09:00
20260915,22,福岡,2,20260915-22-02,1,3297,藤丸光一,59,福岡,49.0,B1,4.67,24.74,5.83,43.33,58,34.45,160,39.81,263,6,https://www1.mbrace.or.jp/od2/B/202609/b260915.lzh,2026-10-03T18:36:58.467318+09:00
20260915,22,福岡,2,20260915-22-02,2,3807,岡部哲,51,埼玉,51.0,B1,4.89,25.0,3.48,13.79,66,27.45,114,32.08,223,10,https://www1.mbrace.or.jp/od2/B/202609/b260915.lzh,2026-10-03T18:36:58.467318+09:00
20260915,22,福岡,2,20260915-22-02,3,4925,森悠稀,33,兵庫,53.0,A2,6.07,39.6,3.44,11.11,48,21.93,164,28.44,1416,7,https://www1.mbrace.or.jp/od2/B/202609/b260915.lzh,2026-10-03T18:36:58.467318+09:00
20260915,22,福岡,2,20260915-22-02,4,5404,内田壮,22,山口,54.0,B1,2.32,4.0,0.0,0.0,42,15.79,113,21.78,666,8,https://www1.mbrace.or.jp/od2/B/202609/b260915.lzh,2026-10-03T18:36:58.467318+09:00
20260915,22,福岡,2,20260915-22-02,5,4475,末永祐輝,38,山口,54.0,A1,5.59,32.56,6.5,46.15,28,33.33,123,48.6,4224,12,https://www1.mbrace.or.jp/od2/B/202609/b260915.lzh,2026-10-03T18:36:58.467318+09:00
20260915,22,福岡,2,20260915-22-02,6,5428,古園井綾,23,佐賀,50.0,B2,1.07,0.0,1.0,0.0,38,24.79,106,26.67,6 66,,https://www1.mbrace.or.jp/od2/B/202609/b260915.lzh,2026-10-03T18:36:58.467318+09:00
20260915,22,福岡,3,20260915-22-03,1,4592,小林孝弘,45,山口,52.0,B1,4.56,21.33,4.71,25.32,54,33.33,157,37.74,2 45,,https://www1.mbrace.or.jp/od2/B/202609/b260915.lzh,2026-10-03T18:36:58.467318+09:00
20260915,22,福岡,3,20260915-22-03,2,4948,木場悠介,33,長崎,51.0,B1,5.54,38.04,5.42,38.36,72,36.36,104,29.63,661,,https://www1.mbrace.or.jp/od2/B/202609/b260915.lzh,2026-10-03T18:36:58.467318+09:00
20260915,22,福岡,3,20260915-22-03,3,3554,仲口博崇,54,愛知,52.0,A1,6.49,52.31,7.14,62.07,45,25.25,159,34.91,461,11,https://www1.mbrace.or.jp/od2/B/202609/b260915.lzh,2026-10-03T18:36:58.467318+09:00
20260915,22,福岡,3,20260915-22-03,4,3614,谷勝幸,53,広島,55.0,B1,4.17,20.35,4.39,32.14,46,24.59,135,40.74,1 24,9,https://www1.mbrace.or.jp/od2/B/202609/b260915.lzh,2026-10-03T18:36:58.467318+09:00
20260915,22,福岡,3,20260915-22-03,5,3712,淺香文武,52,三重,57.0,B1,4.79,36.05,5.6,60.0,47,21.15,169,36.45,351,8,https://www1.mbrace.or.jp/od2/B/202609/b260915.lzh,2026-10-03T18:36:58.467318+09:00
20260915,22,福岡,3,20260915-22-03,6,5418,堀内亜海,20,大阪,55.0,B2,1.05,0.0,0.0,0.0,64,27.66,133,42.45,6 6,7,https://www1.mbrace.or.jp/od2/B/202609/b260915.lzh,2026-10-03T18:36:58.467318+09:00
20260915,22,福岡,4,20260915-22-04,1,3605,中村守成,54,三重,53.0,B1,3.95,14.12,5.95,42.11,61,37.24,163,33.02,4 43,,https://www1.mbrace.or.jp/od2/B/202609/b260915.lzh,2026-10-03T18:36:58.467318+09:00
20260915,22,福岡,4,20260915-22-04,2,4313,西村美智,42,香川,49.0,A2,5.04,32.22,6.0,50.0,55,32.76,148,35.92,3 55,10,https://www1.mbrace.or.jp/od2/B/202609/b260915.lzh,2026-10-03T18:36:58.467318+09:00
20260915,22,福岡,4,20260915-22-04,3,4089,妹尾忠幸,46,岡山,56.0,A2,6.35,42.59,6.78,42.5,36,37.04,112,28.43,352,12,https://www1.mbrace.or.jp/od2/B/202609/b260915.lzh,2026-10-03T18:36:58.467318+09:00
20260915,22,福岡,4,20260915-22-04,4,5395,日高龍之,24,佐賀,52.0,B1,3.11,12.7,1.33,0.0,20,35.25,147,24.07,2 45,,https://www1.mbrace.or.jp/od2/B/202609/b260915.lzh,2026-10-03T18:36:58.467318+09:00
20260915,22,福岡,4,20260915-22-04,5,5462,山浦槙,19,佐賀,48.0,B2,1.73,0.0,0.0,0.0,30,38.04,151,24.07,6 6,8,https://www1.mbrace.or.jp/od2/B/202609/b260915.lzh,2026-10-03T18:36:58.467318+09:00
20260915,22,福岡,4,20260915-22-04,6,3841,佐々木和,50,徳島,54.0,A2,6.48,50.79,6.62,52.38,68,39.84,149,33.33,1 46,11,https://www1.mbrace.or.jp/od2/B/202609/b260915.lzh,2026-10-03T18:36:58.467318+09:00
20260915,22,福岡,5,20260915-22-05,1,3863,海老澤泰,52,東京,55.0,B1,4.46,22.55,4.83,22.41,11,36.72,117,34.0,535,1,https://www1.mbrace.or.jp/od2/B/202609/b260915.lzh,2026-10-03T18:36:58.467318+09:00
20260915,22,福岡,5,20260915-22-05,2,3436,柏野幸二,57,岡山,50.0,A2,5.69,37.5,7.04,60.0,37,30.09,165,31.07,3 43,11,https://www1.mbrace.or.jp/od2/B/202609/b260915.lzh,2026-10-03T18:36:58.467318+09:00
20260915,22,福岡,5,20260915-22-05,3,4951,新田洋一,33,広島,54.0,B1,4.75,22.73,5.2,30.0,14,39.64,119,29.73,431,9,https://www1.mbrace.or.jp/od2/B/202609/b260915.lzh,2026-10-03T18:36:58.467318+09:00
20260915,22,福岡,5,20260915-22-05,4,5392,安武一也,26,福岡,52.0,B2,1.76,0.0,1.78,0.0,17,27.78,118,33.66,6 56,,https://www1.mbrace.or.jp/od2/B/202609/b260915.lzh,2026-10-03T18:36:58.467318+09:00
20260915,22,福岡,5,20260915-22-05,5,4685,島村隆幸,35,徳島,52.0,A1,7.13,52.08,0.0,0.0,63,28.57,138,41.67,132,12,https://www1.mbrace.or.jp/od2/B/202609/b260915.lzh,2026-10-03T18:36:58.467318+09:00
20260915,22,福岡,5,20260915-22-05,6,3801,五反田忍,52,大阪,52.0,B1,4.38,26.15,3.39,11.11,50,30.47,115,40.4,4 66,,https://www1.mbrace.or.jp/od2/B/202609/b260915.lzh,2026-10-03T18:36:58.467318+09:00
20260915,22,福岡,6,20260915-22-06,1,4553,坪口竜也,37,長崎,54.0,A2,5.92,38.24,6.19,46.51,22,33.33,166,26.92,6523,10,https://www1.mbrace.or.jp/od2/B/202609/b260915.lzh,2026-10-03T18:36:58.467318+09:00
20260915,22,福岡,6,20260915-22-06,2,5151,山下奈緒,31,大阪,47.0,B1,4.0,17.5,3.89,7.14,19,33.63,150,35.85,353,1,https://www1.mbrace.or.jp/od2/B/202609/b260915.lzh,2026-10-03T18:36:58.467318+09:00
20260915,22,福岡,6,20260915-22-06,3,5125,高井雄基,30,愛知,52.0,A2,4.81,26.92,6.23,45.45,16,48.36,167,45.63,4 35,12,https://www1.mbrace.or.jp/od2/B/202609/b260915.lzh,2026-10-03T18:36:58.467318+09:00
20260915,22,福岡,6,20260915-22-06,4,4059,入澤友治,47,東京,57.0,B1,3.78,19.57,6.37,52.63,56,37.61,140,38.1,5 35,,https://www1.mbrace.or.jp/od2/B/202609/b260915.lzh,2026-10-03T18:36:58.467318+09:00
20260915,22,福岡,6,20260915-22-06,5,3297,藤丸光一,59,福岡,49.0,B1,4.67,24.74,5.83,43.33,58,34.45,160,39.81,263,2,https://www1.mbrace.or.jp/od2/B/202609/b260915.lzh,2026-10-03T18:36:58.467318+09:00
20260915,22,福岡,6,20260915-22-06,6,5050,木下雄介,31,滋賀,52.0,A2,5.75,40.0,5.2,30.0,15,40.0,174,37.38,311,11,https://www1.mbrace.or.jp/od2/B/202609/b260915.lzh,2026-10-03T18:36:58.467318+09:00
20260915,22,福岡,7,20260915-22-07,1,4925,森悠稀,33,兵庫,53.0,A2,6.07,39.6,3.44,11.11,48,21.93,164,28.44,1416,2,https://www1.mbrace.or.jp/od2/B/202609/b260915.lzh,2026-10-03T18:36:58.467318+09:00
20260915,22,福岡,7,20260915-22-07,2,3696,白井友晴,54,埼玉,52.0,B1,4.97,27.17,5.52,42.86,49,37.4,116,32.71,312,11,https://www1.mbrace.or.jp/od2/B/202609/b260915.lzh,2026-10-03T18:36:58.467318+09:00
20260915,22,福岡,7,20260915-22-07,3,4505,島田賢人,38,埼玉,57.0,A1,6.64,49.56,6.29,42.86,29,29.53,122,30.19,351,12,https://www1.mbrace.or.jp/od2/B/202609/b260915.lzh,2026-10-03T18:36:58.467318+09:00
20260915,22,福岡,7,20260915-22-07,4,4693,松下誉士,42,福岡,54.0,B1,4.2,25.77,4.13,21.74,57,32.5,153,32.41,4 12,1,https://www1.mbrace.or.jp/od2/B/202609/b260915.lzh,2026-10-03T18:36:58.467318+09:00
20260915,22,福岡,7,20260915-22-07,5,5418,堀内亜海,20,大阪,55.0,B2,1.05,0.0,0.0,0.0,64,27.66,133,42.45,6 6,3,https://www1.mbrace.or.jp/od2/B/202609/b260915.lzh,2026-10-03T18:36:58.467318+09:00
20260915,22,福岡,7,20260915-22-07,6,3505,山田竜一,55,東京,52.0,A2,5.16,35.05,5.23,36.67,73,30.94,121,35.64,2614,,https://www1.mbrace.or.jp/od2/B/202609/b260915.lzh,2026-10-03T18:36:58.467318+09:00
20260915,22,福岡,8,20260915-22-08,1,4630,岩永雅人,39,愛知,53.0,A2,5.36,34.25,5.24,38.1,60,22.55,128,33.64,5453,12,https://www1.mbrace.or.jp/od2/B/202609/b260915.lzh,2026-10-03T18:36:58.467318+09:00
20260915,22,福岡,8,20260915-22-08,2,4856,豊田健士,30,三重,52.0,A1,7.25,57.55,5.89,38.89,24,22.11,146,27.45,4411,,https://www1.mbrace.or.jp/od2/B/202609/b260915.lzh,2026-10-03T18:36:58.467318+09:00
20260915,22,福岡,8,20260915-22-08,3,3712,淺香文武,52,三重,57.0,B1,4.79,36.05,5.6,60.0,47,21.15,169,36.45,351,3,https://www1.mbrace.or.jp/od2/B/202609/b260915.lzh,2026-10-03T18:36:58.467318+09:00
20260915,22,福岡,8,20260915-22-08,4,4248,岡本大,44,長崎,56.0,B1,4.54,24.18,4.03,12.12,21,39.23,126,37.86,456,1,https://www1.mbrace.or.jp/od2/B/202609/b260915.lzh,2026-10-03T18:36:58.467318+09:00
20260915,22,福岡,8,20260915-22-08,5,5404,内田壮,22,山口,54.0,B1,2.32,4.0,0.0,0.0,42,15.79,113,21.78,666,2,https://www1.mbrace.or.jp/od2/B/202609/b260915.lzh,2026-10-03T18:36:58.467318+09:00
20260915,22,福岡,8,20260915-22-08,6,5462,山浦槙,19,佐賀,48.0,B2,1.73,0.0,0.0,0.0,30,38.04,151,24.07,6 6,4,https://www1.mbrace.or.jp/od2/B/202609/b260915.lzh,2026-10-03T18:36:58.467318+09:00
20260915,22,福岡,9,20260915-22-09,1,4823,中村桃佳,33,香川,45.0,A2,6.72,51.55,0.0,0.0,25,38.3,171,24.76,1223,,https://www1.mbrace.or.jp/od2/B/202609/b260915.lzh,2026-10-03T18:36:58.467318+09:00
20260915,22,福岡,9,20260915-22-09,2,3614,谷勝幸,53,広島,55.0,B1,4.17,20.35,4.39,32.14,46,24.59,135,40.74,1 24,3,https://www1.mbrace.or.jp/od2/B/202609/b260915.lzh,2026-10-03T18:36:58.467318+09:00
20260915,22,福岡,9,20260915-22-09,3,3769,佐竹恒彦,53,滋賀,52.0,A2,5.4,32.95,5.95,40.0,75,27.87,145,52.48,2322,,https://www1.mbrace.or.jp/od2/B/202609/b260915.lzh,2026-10-03T18:36:58.467318+09:00
20260915,22,福岡,9,20260915-22-09,4,5386,米玉利大,20,兵庫,54.0,B1,3.48,14.89,2.6,10.0,27,36.43,132,37.86,554,,https://www1.mbrace.or.jp/od2/B/202609/b260915.lzh,2026-10-03T18:36:58.467318+09:00
20260915,22,福岡,9,20260915-22-09,5,4614,石倉洋行,46,福岡,54.0,A1,7.18,57.28,6.05,42.31,32,26.62,110,38.3,1 15,1,https://www1.mbrace.or.jp/od2/B/202609/b260915.lzh,2026-10-03T18:36:58.467318+09:00
20260915,22,福岡,9,20260915-22-09,6,4951,新田洋一,33,広島,54.0,B1,4.75,22.73,5.2,30.0,14,39.64,119,29.73,431,5,https://www1.mbrace.or.jp/od2/B/202609/b260915.lzh,2026-10-03T18:36:58.467318+09:00
20260915,22,福岡,10,20260915-22-10,1,4914,吉田裕平,29,愛知,51.0,A1,7.43,54.63,7.35,41.67,69,21.05,125,30.1,1142,,https://www1.mbrace.or.jp/od2/B/202609/b260915.lzh,2026-10-03T18:36:58.467318+09:00
20260915,22,福岡,10,20260915-22-10,2,4553,坪口竜也,37,長崎,54.0,A2,5.92,38.24,6.19,46.51,22,33.33,166,26.92,6523,6,https://www1.mbrace.or.jp/od2/B/202609/b260915.lzh,2026-10-03T18:36:58.467318+09:00
20260915,22,福岡,10,20260915-22-10,3,4313,西村美智,42,香川,49.0,A2,5.04,32.22,6.0,50.0,55,32.76,148,35.92,3 55,4,https://www1.mbrace.or.jp/od2/B/202609/b260915.lzh,2026-10-03T18:36:58.467318+09:00
20260915,22,福岡,10,20260915-22-10,4,3807,岡部哲,51,埼玉,51.0,B1,4.89,25.0,3.48,13.79,66,27.45,114,32.08,223,2,https://www1.mbrace.or.jp/od2/B/202609/b260915.lzh,2026-10-03T18:36:58.467318+09:00
20260915,22,福岡,10,20260915-22-10,5,3615,横田茂,53,広島,51.0,B1,4.34,25.81,3.75,12.5,53,25.78,102,23.4,5 56,,https://www1.mbrace.or.jp/od2/B/202609/b260915.lzh,2026-10-03T18:36:58.467318+09:00
20260915,22,福岡,10,20260915-22-10,6,5018,竹下大樹,27,福岡,55.0,A1,7.06,54.35,6.72,50.41,31,33.09,120,22.77,1232,,https://www1.mbrace.or.jp/od2/B/202609/b260915.lzh,2026-10-03T18:36:58.467318+09:00
20260915,22,福岡,11,20260915-22-11,1,4590,渡邉優美,33,福岡,48.0,A1,6.49,41.96,6.56,43.24,23,40.87,156,42.06,1234,,https://www1.mbrace.or.jp/od2/B/202609/b260915.lzh,2026-10-03T18:36:58.467318+09:00
20260915,22,福岡,11,20260915-22-11,2,3554,仲口博崇,54,愛知,52.0,A1,6.49,52.31,7.14,62.07,45,25.25,159,34.91,461,3,https://www1.mbrace.or.jp/od2/B/202609/b260915.lzh,2026-10-03T18:36:58.467318+09:00
20260915,22,福岡,11,20260915-22-11,3,3841,佐々木和,50,徳島,54.0,A2,6.48,50.79,6.62,52.38,68,39.84,149,33.33,1 46,4,https://www1.mbrace.or.jp/od2/B/202609/b260915.lzh,2026-10-03T18:36:58.467318+09:00
20260915,22,福岡,11,20260915-22-11,4,5050,木下雄介,31,滋賀,52.0,A2,5.75,40.0,5.2,30.0,15,40.0,174,37.38,311,6,https://www1.mbrace.or.jp/od2/B/202609/b260915.lzh,2026-10-03T18:36:58.467318+09:00
20260915,22,福岡,11,20260915-22-11,5,3696,白井友晴,54,埼玉,52.0,B1,4.97,27.17,5.52,42.86,49,37.4,116,32.71,312,7,https://www1.mbrace.or.jp/od2/B/202609/b260915.lzh,2026-10-03T18:36:58.467318+09:00
20260915,22,福岡,11,20260915-22-11,6,3436,柏野幸二,57,岡山,50.0,A2,5.69,37.5,7.04,60.0,37,30.09,165,31.07,3 43,5,https://www1.mbrace.or.jp/od2/B/202609/b260915.lzh,2026-10-03T18:36:58.467318+09:00
20260915,22,福岡,12,20260915-22-12,1,4685,島村隆幸,35,徳島,52.0,A1,7.13,52.08,0.0,0.0,63,28.57,138,41.67,132,5,https://www1.mbrace.or.jp/od2/B/202609/b260915.lzh,2026-10-03T18:36:58.467318+09:00
20260915,22,福岡,12,20260915-22-12,2,4630,岩永雅人,39,愛知,53.0,A2,5.36,34.25,5.24,38.1,60,22.55,128,33.64,5453,8,https://www1.mbrace.or.jp/od2/B/202609/b260915.lzh,2026-10-03T18:36:58.467318+09:00
20260915,22,福岡,12,20260915-22-12,3,4475,末永祐輝,38,山口,54.0,A1,5.59,32.56,6.5,46.15,28,33.33,123,48.6,4224,2,https://www1.mbrace.or.jp/od2/B/202609/b260915.lzh,2026-10-03T18:36:58.467318+09:00
20260915,22,福岡,12,20260915-22-12,4,4089,妹尾忠幸,46,岡山,56.0,A2,6.35,42.59,6.78,42.5,36,37.04,112,28.43,352,4,https://www1.mbrace.or.jp/od2/B/202609/b260915.lzh,2026-10-03T18:36:58.467318+09:00
20260915,22,福岡,12,20260915-22-12,5,4505,島田賢人,38,埼玉,57.0,A1,6.64,49.56,6.29,42.86,29,29.53,122,30.19,351,7,https://www1.mbrace.or.jp/od2/B/202609/b260915.lzh,2026-10-03T18:36:58.467318+09:00
20260915,22,福岡,12,20260915-22-12,6,5125,高井雄基,30,愛知,52.0,A2,4.81,26.92,6.23,45.45,16,48.36,167,45.63,4 35,6,https://www1.mbrace.or.jp/od2/B/202609/b260915.lzh,2026-10-03T18:36:58.467318+09:00
20260915,20,若松,1,20260915-20-01,1,4891,寺島美里,36,東京,46.0,B1,5.11,30.56,6.5,50.0,59,30.36,16,35.48,5 161342244,511,https://www1.mbrace.or.jp/od2/B/202609/b260915.lzh,2026-10-03T18:36:58.467318+09:00
20260915,20,若松,1,20260915-20-01,2,4873,蒲原健太,32,佐賀,53.0,B1,4.86,29.75,5.25,30.56,26,30.41,63,27.69,2 52152 444,510,https://www1.mbrace.or.jp/od2/B/202609/b260915.lzh,2026-10-03T18:36:58.467318+09:00
20260915,20,若松,1,20260915-20-01,3,5373,諏訪玲奈,23,岡山,45.0,B2,3.09,5.8,0.0,0.0,37,28.81,25,39.71,5 53S54 4 6,6,https://www1.mbrace.or.jp/od2/B/202609/b260915.lzh,2026-10-03T18:36:58.467318+09:00
20260915,20,若松,1,20260915-20-01,4,5382,山下心一,21,福岡,51.0,B1,1.9,1.15,2.07,3.45,23,40.11,61,32.35,554 4 646 5,7,https://www1.mbrace.or.jp/od2/B/202609/b260915.lzh,2026-10-03T18:36:58.467318+09:00
20260915,20,若松,1,20260915-20-01,5,4076,杉田篤光,48,静岡,52.0,B1,4.78,25.0,4.65,23.53,62,24.68,32,32.35,264 324 5 1,5 7,https://www1.mbrace.or.jp/od2/B/202609/b260915.lzh,2026-10-03T18:36:58.467318+09:00
20260915,20,若松,1,20260915-20-01,6,5014,梶山涼斗,28,佐賀,54.0,B1,4.34,27.12,4.92,26.32,57,30.06,57,36.51,466 253 633,9,https://www1.mbrace.or.jp/od2/B/202609/b260915.lzh,2026-10-03T18:36:58.467318+09:00
20260915,20,若松,2,20260915-20-02,1,4094,中島真二,45,福岡,53.0,B1,4.73,27.71,4.76,24.49,56,20.89,35,27.12,146 6 556 4,7,https://www1.mbrace.or.jp/od2/B/202609/b260915.lzh,2026-10-03T18:36:58.467318+09:00
20260915,20,若松,2,20260915-20-02,2,3175,渡辺千草,62,東京,49.0,B1,4.51,23.46,0.0,0.0,55,20.65,62,39.06,2 25553 3 3,3 6,https://www1.mbrace.or.jp/od2/B/202609/b260915.lzh,2026-10-03T18:36:58.467318+09:00
20260915,20,若松,2,20260915-20-02,3,5248,本田愛,24,静岡,47.0,B1,5.42,37.36,3.94,22.58,36,31.11,49,24.0,6 646 461 4,6,https://www1.mbrace.or.jp/od2/B/202609/b260915.lzh,2026-10-03T18:36:58.467318+09:00
20260915,20,若松,2,20260915-20-02,4,3880,浅見宗孝,53,埼玉,55.0,B1,4.15,16.67,4.22,22.22,29,26.67,60,37.93,S 154 323 3,5 7,https://www1.mbrace.or.jp/od2/B/202609/b260915.lzh,2026-10-03T18:36:58.467318+09:00
20260915,20,若松,2,20260915-20-02,5,4043,桐本康臣,47,三重,55.0,A2,5.89,40.35,7.11,50.0,22,36.31,29,24.59,35S61 3 253,9,https://www1.mbrace.or.jp/od2/B/202609/b260915.lzh,2026-10-03T18:36:58.467318+09:00
20260915,20,若松,2,20260915-20-02,6,5085,中村栄治,27,福井,53.0,A2,5.17,33.33,5.75,25.0,31,33.33,20,29.51,512 455 413,6 8,https://www1.mbrace.or.jp/od2/B/202609/b260915.lzh,2026-10-03T18:36:58.467318+09:00
20260915,20,若松,3,20260915-20-03,1,5263,花田凱成,27,福岡,51.0,B1,3.87,13.95,3.18,4.55,9,31.91,22,23.33,3 366 656 6,4,https://www1.mbrace.or.jp/od2/B/202609/b260915.lzh,2026-10-03T18:36:58.467318+09:00
20260915,20,若松,3,20260915-20-03,2,3362,間嶋仁志,57,三重,53.0,B1,5.1,33.67,6.27,42.31,53,31.61,69,26.15,5 255 145 2,9,https://www1.mbrace.or.jp/od2/B/202609/b260915.lzh,2026-10-03T18:36:58.467318+09:00
20260915,20,若松,3,20260915-20-03,3,4085,荻野裕介,46,東京,53.0,B1,5.33,37.5,3.92,15.38,27,26.16,73,28.57,4 334 14252,310,https://www1.mbrace.or.jp/od2/B/202609/b260915.lzh,2026-10-03T18:36:58.467318+09:00
20260915,20,若松,3,20260915-20-03,4,4204,柴田大輔,44,福岡,53.0,B1,5.06,29.49,5.19,31.48,12,33.51,18,15.79,2 25365 1 3,2 8,https://www1.mbrace.or.jp/od2/B/202609/b260915.lzh,2026-10-03T18:36:58.467318+09:00
20260915,20,若松,3,20260915-20-03,5,5429,吉川颯汰,23,佐賀,55.0,B2,1.12,0.0,0.0,0.0,8,29.73,50,26.32,6 656 654 6,8,https://www1.mbrace.or.jp/od2/B/202609/b260915.lzh,2026-10-03T18:36:58.467318+09:00
20260915,20,若松,3,20260915-20-03,6,3833,中辻博訓,52,福井,55.0,A2,6.4,50.47,5.94,40.0,34,38.14,51,35.94,1 343421231,310,https://www1.mbrace.or.jp/od2/B/202609/b260915.lzh,2026-10-03T18:36:58.467318+09:00
20260915,20,若松,4,20260915-20-04,1,3388,今垣光太,56,福井,53.0,A1,6.51,45.68,5.19,23.81,1,26.74,31,36.36,113 5316331,410,https://www1.mbrace.or.jp/od2/B/202609/b260915.lzh,2026-10-03T18:36:58.467318+09:00
20260915,20,若松,4,20260915-20-04,2,5316,村松将平,25,静岡,52.0,B1,5.2,32.89,0.0,0.0,18,32.16,68,35.48,162 44445 1,8,https://www1.mbrace.or.jp/od2/B/202609/b260915.lzh,2026-10-03T18:36:58.467318+09:00
20260915,20,若松,4,20260915-20-04,3,4273,佐藤旭,44,静岡,53.0,B1,4.96,28.42,5.98,40.0,44,33.86,28,18.75,552 2 26542,8,https://www1.mbrace.or.jp/od2/B/202609/b260915.lzh,2026-10-03T18:36:58.467318+09:00
20260915,20,若松,4,20260915-20-04,4,3539,金子順一,58,山口,52.0,B1,4.53,22.68,4.94,38.89,10,24.16,14,20.37,635 542 5 5,6,https://www1.mbrace.or.jp/od2/B/202609/b260915.lzh,2026-10-03T18:36:58.467318+09:00
20260915,20,若松,4,20260915-20-04,5,4462,夏山亮平,40,大阪,59.0,B1,4.66,28.36,5.82,41.18,4,35.39,52,22.73,641 623 561,9,https://www1.mbrace.or.jp/od2/B/202609/b260915.lzh,2026-10-03T18:36:58.467318+09:00
20260915,20,若松,4,20260915-20-04,6,4529,嶋義信,37,香川,55.0,A1,5.51,36.05,5.47,32.35,30,30.11,38,31.34,5133123 521,311,https://www1.mbrace.or.jp/od2/B/202609/b260915.lzh,2026-10-03T18:36:58.467318+09:00
20260915,20,若松,5,20260915-20-05,1,3999,大瀧明日,47,愛知,45.0,A2,6.33,49.12,5.52,44.44,33,29.84,59,22.64,24521 25342,411,https://www1.mbrace.or.jp/od2/B/202609/b260915.lzh,2026-10-03T18:36:58.467318+09:00
20260915,20,若松,5,20260915-20-05,2,4816,村松修二,35,広島,55.0,A2,5.64,38.46,6.23,45.45,7,28.81,33,26.42,222 6632164,9,https://www1.mbrace.or.jp/od2/B/202609/b260915.lzh,2026-10-03T18:36:58.467318+09:00
20260915,20,若松,5,20260915-20-05,3,5033,藤原孝斗,28,愛知,57.0,B1,4.4,26.39,4.0,0.0,28,31.95,21,36.84,345 326 66S,,https://www1.mbrace.or.jp/od2/B/202609/b260915.lzh,2026-10-03T18:36:58.467318+09:00
20260915,20,若松,5,20260915-20-05,4,4230,濱崎直矢,43,埼玉,55.0,A2,6.2,47.37,5.68,45.45,32,35.98,74,29.41,42451 36221,1,https://www1.mbrace.or.jp/od2/B/202609/b260915.lzh,2026-10-03T18:36:58.467318+09:00
20260915,20,若松,5,20260915-20-05,5,4396,大田直弥,40,山口,53.0,B1,4.79,25.51,5.02,25.86,38,33.52,44,37.93,344 S 543 5,5,https://www1.mbrace.or.jp/od2/B/202609/b260915.lzh,2026-10-03T18:36:58.467318+09:00
20260915,20,若松,5,20260915-20-05,6,5468,山口隼人,19,福岡,53.0,B2,1.32,0.0,0.0,0.0,43,34.59,40,20.34,656 6 666 6,6,https://www1.mbrace.or.jp/od2/B/202609/b260915.lzh,2026-10-03T18:36:58.467318+09:00
20260915,20,若松,6,20260915-20-06,1,4014,片岡恵里,46,山口,48.0,A2,5.6,38.3,5.1,25.0,11,25.99,24,31.25,4 433134166,610,https://www1.mbrace.or.jp/od2/B/202609/b260915.lzh,2026-10-03T18:36:58.467318+09:00
20260915,20,若松,6,20260915-20-06,2,4484,稲生夏季,36,東京,49.0,B1,4.72,21.05,6.2,40.0,58,34.48,45,34.62,6 641323234,611,https://www1.mbrace.or.jp/od2/B/202609/b260915.lzh,2026-10-03T18:36:58.467318+09:00
20260915,20,若松,6,20260915-20-06,3,4373,若狭奈美,38,岡山,46.0,A1,6.25,41.18,6.21,42.11,50,33.15,27,35.82,3 413511155,610,https://www1.mbrace.or.jp/od2/B/202609/b260915.lzh,2026-10-03T18:36:58.467318+09:00
20260915,20,若松,6,20260915-20-06,4,5373,諏訪玲奈,23,岡山,45.0,B2,3.09,5.8,0.0,0.0,37,28.81,25,39.71,5 53S54 4 6,1,https://www1.mbrace.or.jp/od2/B/202609/b260915.lzh,2026-10-03T18:36:58.467318+09:00
20260915,20,若松,6,20260915-20-06,5,3175,渡辺千草,62,東京,49.0,B1,4.51,23.46,0.0,0.0,55,20.65,62,39.06,2 25553 3 3,3 2,https://www1.mbrace.or.jp/od2/B/202609/b260915.lzh,2026-10-03T18:36:58.467318+09:00
20260915,20,若松,6,20260915-20-06,6,5248,本田愛,24,静岡,47.0,B1,5.42,37.36,3.94,22.58,36,31.11,49,24.0,6 646 461 4,2,https://www1.mbrace.or.jp/od2/B/202609/b260915.lzh,2026-10-03T18:36:58.467318+09:00
20260915,20,若松,7,20260915-20-07,1,4424,松尾昂明,41,福岡,50.0,A2,5.44,34.21,6.09,41.46,15,33.71,11,29.41,33434 12134,511,https://www1.mbrace.or.jp/od2/B/202609/b260915.lzh,2026-10-03T18:36:58.467318+09:00
20260915,20,若松,7,20260915-20-07,2,4076,杉田篤光,48,静岡,52.0,B1,4.78,25.0,4.65,23.53,62,24.68,32,32.35,264 324 5 1,5 1,https://www1.mbrace.or.jp/od2/B/202609/b260915.lzh,2026-10-03T18:36:58.467318+09:00
20260915,20,若松,7,20260915-20-07,3,3880,浅見宗孝,53,埼玉,55.0,B1,4.15,16.67,4.22,22.22,29,26.67,60,37.93,S 154 323 3,5 2,https://www1.mbrace.or.jp/od2/B/202609/b260915.lzh,2026-10-03T18:36:58.467318+09:00
20260915,20,若松,7,20260915-20-07,4,4034,西原明生,47,香川,55.0,B1,4.04,22.22,5.11,36.11,13,31.46,55,33.87,4 66246 5 5,4,https://www1.mbrace.or.jp/od2/B/202609/b260915.lzh,2026-10-03T18:36:58.467318+09:00
20260915,20,若松,7,20260915-20-07,5,4094,中島真二,45,福岡,53.0,B1,4.73,27.71,4.76,24.49,56,20.89,35,27.12,146 6 556 4,2,https://www1.mbrace.or.jp/od2/B/202609/b260915.lzh,2026-10-03T18:36:58.467318+09:00
20260915,20,若松,7,20260915-20-07,6,5382,山下心一,21,福岡,51.0,B1,1.9,1.15,2.07,3.45,23,40.11,61,32.35,554 4 646 5,1,https://www1.mbrace.or.jp/od2/B/202609/b260915.lzh,2026-10-03T18:36:58.467318+09:00
20260915,20,若松,8,20260915-20-08,1,4600,井内将太,41,広島,52.0,A1,6.31,47.44,6.17,38.89,25,38.46,58,21.88,162 1351623,411,https://www1.mbrace.or.jp/od2/B/202609/b260915.lzh,2026-10-03T18:36:58.467318+09:00
20260915,20,若松,8,20260915-20-08,2,5085,中村栄治,27,福井,53.0,A2,5.17,33.33,5.75,25.0,31,33.33,20,29.51,512 455 413,6 2,https://www1.mbrace.or.jp/od2/B/202609/b260915.lzh,2026-10-03T18:36:58.467318+09:00
20260915,20,若松,8,20260915-20-08,3,4204,柴田大輔,44,福岡,53.0,B1,5.06,29.49,5.19,31.48,12,33.51,18,15.79,2 25365 1 3,2 3,https://www1.mbrace.or.jp/od2/B/202609/b260915.lzh,2026-10-03T18:36:58.467318+09:00
20260915,20,若松,8,20260915-20-08,4,5316,村松将平,25,静岡,52.0,B1,5.2,32.89,0.0,0.0,18,32.16,68,35.48,162 44445 1,4,https://www1.mbrace.or.jp/od2/B/202609/b260915.lzh,2026-10-03T18:36:58.467318+09:00
20260915,20,若松,8,20260915-20-08,5,4273,佐藤旭,44,静岡,53.0,B1,4.96,28.42,5.98,40.0,44,33.86,28,18.75,552 2 26542,4,https://www1.mbrace.or.jp/od2/B/202609/b260915.lzh,2026-10-03T18:36:58.467318+09:00
20260915,20,若松,8,20260915-20-08,6,5429,吉川颯汰,23,佐賀,55.0,B2,1.12,0.0,0.0,0.0,8,29.73,50,26.32,6 656 654 6,3,https://www1.mbrace.or.jp/od2/B/202609/b260915.lzh,2026-10-03T18:36:58.467318+09:00
20260915,20,若松,9,20260915-20-09,1,4043,桐本康臣,47,三重,55.0,A2,5.89,40.35,7.11,50.0,22,36.31,29,24.59,35S61 3 253,2,https://www1.mbrace.or.jp/od2/B/202609/b260915.lzh,2026-10-03T18:36:58.467318+09:00
20260915,20,若松,9,20260915-20-09,2,4462,夏山亮平,40,大阪,59.0,B1,4.66,28.36,5.82,41.18,4,35.39,52,22.73,641 623 561,4,https://www1.mbrace.or.jp/od2/B/202609/b260915.lzh,2026-10-03T18:36:58.467318+09:00
20260915,20,若松,9,20260915-20-09,3,3362,間嶋仁志,57,三重,53.0,B1,5.1,33.67,6.27,42.31,53,31.61,69,26.15,5 255 145 2,3,https://www1.mbrace.or.jp/od2/B/202609/b260915.lzh,2026-10-03T18:36:58.467318+09:00
20260915,20,若松,9,20260915-20-09,4,5014,梶山涼斗,28,佐賀,54.0,B1,4.34,27.12,4.92,26.32,57,30.06,57,36.51,466 253 633,1,https://www1.mbrace.or.jp/od2/B/202609/b260915.lzh,2026-10-03T18:36:58.467318+09:00
20260915,20,若松,9,20260915-20-09,5,4816,村松修二,35,広島,55.0,A2,5.64,38.46,6.23,45.45,7,28.81,33,26.42,222 6632164,5,https://www1.mbrace.or.jp/od2/B/202609/b260915.lzh,2026-10-03T18:36:58.467318+09:00
20260915,20,若松,9,20260915-20-09,6,5219,森口和紀,25,福岡,52.0,B1,5.27,37.63,5.47,35.29,60,32.2,36,38.46,12412 45142,,https://www1.mbrace.or.jp/od2/B/202609/b260915.lzh,2026-10-03T18:36:58.467318+09:00
20260915,20,若松,10,20260915-20-10,1,3833,中辻博訓,52,福井,55.0,A2,6.4,50.47,5.94,40.0,34,38.14,51,35.94,1 343421231,3 3,https://www1.mbrace.or.jp/od2/B/202609/b260915.lzh,2026-10-03T18:36:58.467318+09:00
20260915,20,若松,10,20260915-20-10,2,4085,荻野裕介,46,東京,53.0,B1,5.33,37.5,3.92,15.38,27,26.16,73,28.57,4 334 14252,3 3,https://www1.mbrace.or.jp/od2/B/202609/b260915.lzh,2026-10-03T18:36:58.467318+09:00
20260915,20,若松,10,20260915-20-10,3,3388,今垣光太,56,福井,53.0,A1,6.51,45.68,5.19,23.81,1,26.74,31,36.36,113 5316331,4 4,https://www1.mbrace.or.jp/od2/B/202609/b260915.lzh,2026-10-03T18:36:58.467318+09:00
20260915,20,若松,10,20260915-20-10,4,4873,蒲原健太,32,佐賀,53.0,B1,4.86,29.75,5.25,30.56,26,30.41,63,27.69,2 52152 444,5 1,https://www1.mbrace.or.jp/od2/B/202609/b260915.lzh,2026-10-03T18:36:58.467318+09:00
20260915,20,若松,10,20260915-20-10,5,4373,若狭奈美,38,岡山,46.0,A1,6.25,41.18,6.21,42.11,50,33.15,27,35.82,3 413511155,6 6,https://www1.mbrace.or.jp/od2/B/202609/b260915.lzh,2026-10-03T18:36:58.467318+09:00
20260915,20,若松,10,20260915-20-10,6,4014,片岡恵里,46,山口,48.0,A2,5.6,38.3,5.1,25.0,11,25.99,24,31.25,4 433134166,6 6,https://www1.mbrace.or.jp/od2/B/202609/b260915.lzh,2026-10-03T18:36:58.467318+09:00
20260915,20,若松,11,20260915-20-11,1,4529,嶋義信,37,香川,55.0,A1,5.51,36.05,5.47,32.35,30,30.11,38,31.34,5133123 521,3 4,https://www1.mbrace.or.jp/od2/B/202609/b260915.lzh,2026-10-03T18:36:58.467318+09:00
20260915,20,若松,11,20260915-20-11,2,4600,井内将太,41,広島,52.0,A1,6.31,47.44,6.17,38.89,25,38.46,58,21.88,162 1351623,4 8,https://www1.mbrace.or.jp/od2/B/202609/b260915.lzh,2026-10-03T18:36:58.467318+09:00
20260915,20,若松,11,20260915-20-11,3,3999,大瀧明日,47,愛知,45.0,A2,6.33,49.12,5.52,44.44,33,29.84,59,22.64,24521 25342,4 5,https://www1.mbrace.or.jp/od2/B/202609/b260915.lzh,2026-10-03T18:36:58.467318+09:00
20260915,20,若松,11,20260915-20-11,4,4424,松尾昂明,41,福岡,50.0,A2,5.44,34.21,6.09,41.46,15,33.71,11,29.41,33434 12134,5 7,https://www1.mbrace.or.jp/od2/B/202609/b260915.lzh,2026-10-03T18:36:58.467318+09:00
20260915,20,若松,11,20260915-20-11,5,4891,寺島美里,36,東京,46.0,B1,5.11,30.56,6.5,50.0,59,30.36,16,35.48,5 161342244,5 1,https://www1.mbrace.or.jp/od2/B/202609/b260915.lzh,2026-10-03T18:36:58.467318+09:00
20260915,20,若松,11,20260915-20-11,6,4484,稲生夏季,36,東京,49.0,B1,4.72,21.05,6.2,40.0,58,34.48,45,34.62,6 641323234,6 6,https://www1.mbrace.or.jp/od2/B/202609/b260915.lzh,2026-10-03T18:36:58.467318+09:00
20260915,20,若松,12,20260915-20-12,1,4357,田中和也,42,大阪,53.0,A1,6.53,50.43,7.35,61.54,61,34.41,65,20.69,12114 11315,1,https://www1.mbrace.or.jp/od2/B/202609/b260915.lzh,2026-10-03T18:36:58.467318+09:00
20260915,20,若松,12,20260915-20-12,2,4296,岡崎恭裕,39,福岡,51.0,A2,6.37,44.07,6.76,53.75,45,35.29,15,40.98,15211 13412,1,https://www1.mbrace.or.jp/od2/B/202609/b260915.lzh,2026-10-03T18:36:58.467318+09:00
20260915,20,若松,12,20260915-20-12,3,3737,上平真二,52,広島,52.0,A1,6.97,49.44,7.0,42.86,54,29.94,64,33.96,135 2125512,1,https://www1.mbrace.or.jp/od2/B/202609/b260915.lzh,2026-10-03T18:36:58.467318+09:00
20260915,20,若松,12,20260915-20-12,4,4518,大須賀友,39,愛知,52.0,A1,6.4,48.61,5.5,33.33,16,29.48,46,29.51,2431216 313,2,https://www1.mbrace.or.jp/od2/B/202609/b260915.lzh,2026-10-03T18:36:58.467318+09:00
20260915,20,若松,12,20260915-20-12,5,4551,三川昂暁,37,福岡,54.0,A2,5.63,38.6,4.97,23.33,3,32.22,42,33.33,3 125313222,2,https://www1.mbrace.or.jp/od2/B/202609/b260915.lzh,2026-10-03T18:36:58.467318+09:00
20260915,20,若松,12,20260915-20-12,6,4209,藤田竜弘,43,静岡,56.0,A2,6.16,39.18,5.22,31.11,41,34.04,12,32.76,231 342 421,2,https://www1.mbrace.or.jp/od2/B/202609/b260915.lzh,2026-10-03T18:36:58.467318+09:00
20260915,19,下関,1,20260915-19-01,1,3455,谷本幸司,55,愛知,51.0,B1,4.68,27.93,4.86,42.86,38,39.08,18,20.24,1451,,https://www1.mbrace.or.jp/od2/B/202609/b260915.lzh,2026-10-03T18:36:58.467318+09:00
20260915,19,下関,1,20260915-19-01,2,4978,山田和佐,32,広島,53.0,B1,5.0,27.0,4.33,11.11,27,40.23,31,36.47,332,11,https://www1.mbrace.or.jp/od2/B/202609/b260915.lzh,2026-10-03T18:36:58.467318+09:00
20260915,19,下関,1,20260915-19-01,3,3070,山室展弘,65,岡山,53.0,B1,5.46,42.31,5.32,34.21,67,44.44,35,31.33,1 15,8,https://www1.mbrace.or.jp/od2/B/202609/b260915.lzh,2026-10-03T18:36:58.467318+09:00
20260915,19,下関,1,20260915-19-01,4,4226,村田浩司,44,山口,52.0,B1,4.09,19.35,4.04,28.57,48,38.82,73,34.52,216,10,https://www1.mbrace.or.jp/od2/B/202609/b260915.lzh,2026-10-03T18:36:58.467318+09:00
20260915,19,下関,1,20260915-19-01,5,3741,松尾基成,52,福岡,56.0,B1,3.61,18.57,2.48,8.7,26,17.57,33,33.72,3 54,6,https://www1.mbrace.or.jp/od2/B/202609/b260915.lzh,2026-10-03T18:36:58.467318+09:00
20260915,19,下関,1,20260915-19-01,6,4113,木村浩士,46,群馬,56.0,B1,4.56,23.0,4.58,29.17,19,30.77,48,23.17,442,9,https://www1.mbrace.or.jp/od2/B/202609/b260915.lzh,2026-10-03T18:36:58.467318+09:00
20260915,19,下関,2,20260915-19-02,1,3616,中村真,53,福岡,55.0,B1,4.8,25.76,5.59,45.95,28,32.14,56,49.4,2 25,6,https://www1.mbrace.or.jp/od2/B/202609/b260915.lzh,2026-10-03T18:36:58.467318+09:00
20260915,19,下関,2,20260915-19-02,2,3212,亀本勇樹,64,広島,59.0,B1,4.59,23.86,3.76,17.07,64,22.35,50,34.57,5 34,7,https://www1.mbrace.or.jp/od2/B/202609/b260915.lzh,2026-10-03T18:36:58.467318+09:00
20260915,19,下関,2,20260915-19-02,3,3742,宮地秀祈,52,福岡,52.0,B1,5.54,36.47,4.81,23.08,33,31.46,11,34.88,434,9,https://www1.mbrace.or.jp/od2/B/202609/b260915.lzh,2026-10-03T18:36:58.467318+09:00
20260915,19,下関,2,20260915-19-02,4,4548,篠木亜衣,38,三重,50.0,B1,3.05,10.53,0.0,0.0,35,27.38,16,23.46,6 66,12,https://www1.mbrace.or.jp/od2/B/202609/b260915.lzh,2026-10-03T18:36:58.467318+09:00
20260915,19,下関,2,20260915-19-02,5,3606,川北浩貴,54,滋賀,52.0,B1,5.63,38.61,6.82,45.45,66,24.69,54,33.73,213,8,https://www1.mbrace.or.jp/od2/B/202609/b260915.lzh,2026-10-03T18:36:58.467318+09:00
20260915,19,下関,2,20260915-19-02,6,4292,麻生慎介,41,広島,53.0,A1,6.54,45.0,5.32,20.0,13,29.73,59,32.53,3424,10,https://www1.mbrace.or.jp/od2/B/202609/b260915.lzh,2026-10-03T18:36:58.467318+09:00
20260915,19,下関,3,20260915-19-03,1,4054,福嶋智之,48,岡山,53.0,B1,4.8,27.78,4.55,33.33,73,27.59,20,26.25,555,7,https://www1.mbrace.or.jp/od2/B/202609/b260915.lzh,2026-10-03T18:36:58.467318+09:00
20260915,19,下関,3,20260915-19-03,2,5227,川原愛未,24,福岡,51.0,B2,3.47,15.63,2.29,8.33,59,35.0,23,42.86,5 42,12,https://www1.mbrace.or.jp/od2/B/202609/b260915.lzh,2026-10-03T18:36:58.467318+09:00
20260915,19,下関,3,20260915-19-03,3,5409,宮本琉正,21,福岡,57.0,B2,2.72,8.77,1.7,0.0,60,22.35,57,35.71,6 55,,https://www1.mbrace.or.jp/od2/B/202609/b260915.lzh,2026-10-03T18:36:58.467318+09:00
20260915,19,下関,3,20260915-19-03,4,4015,前野竜一,46,山口,58.0,A2,5.79,34.75,0.0,0.0,31,42.53,32,27.38,335,10,https://www1.mbrace.or.jp/od2/B/202609/b260915.lzh,2026-10-03T18:36:58.467318+09:00
20260915,19,下関,3,20260915-19-03,5,4159,向後龍一,45,埼玉,52.0,A2,6.63,50.0,5.29,28.57,54,24.14,24,29.27,621,11,https://www1.mbrace.or.jp/od2/B/202609/b260915.lzh,2026-10-03T18:36:58.467318+09:00
20260915,19,下関,3,20260915-19-03,6,4857,加藤翔馬,29,兵庫,57.0,A1,7.09,56.2,6.3,51.85,70,26.74,30,25.93,1631,8,https://www1.mbrace.or.jp/od2/B/202609/b260915.lzh,2026-10-03T18:36:58.467318+09:00
20260915,19,下関,4,20260915-19-04,1,3361,岡部浩,57,徳島,52.0,B1,4.23,24.32,3.44,16.0,68,31.46,64,39.53,5 34,,https://www1.mbrace.or.jp/od2/B/202609/b260915.lzh,2026-10-03T18:36:58.467318+09:00
20260915,19,下関,4,20260915-19-04,2,5281,井上遥妃,23,徳島,46.0,A1,5.75,42.31,7.2,70.0,44,26.44,28,41.46,1 13,9,https://www1.mbrace.or.jp/od2/B/202609/b260915.lzh,2026-10-03T18:36:58.467318+09:00
20260915,19,下関,4,20260915-19-04,3,4900,中田夕貴,33,埼玉,46.0,B1,5.1,31.91,5.45,40.0,72,26.97,38,31.76,5636,,https://www1.mbrace.or.jp/od2/B/202609/b260915.lzh,2026-10-03T18:36:58.467318+09:00
20260915,19,下関,4,20260915-19-04,4,5355,萩原丈太,21,福井,56.0,B1,2.48,7.46,2.0,0.0,16,32.94,42,35.63,5 54,11,https://www1.mbrace.or.jp/od2/B/202609/b260915.lzh,2026-10-03T18:36:58.467318+09:00
20260915,19,下関,4,20260915-19-04,5,3898,平田忠則,49,福岡,53.0,A1,7.61,64.34,6.31,38.89,58,23.19,68,37.65,2121,10,https://www1.mbrace.or.jp/od2/B/202609/b260915.lzh,2026-10-03T18:36:58.467318+09:00
20260915,19,下関,4,20260915-19-04,6,4099,吉永則雄,47,大阪,53.0,A2,5.67,40.0,6.16,36.84,41,22.22,13,26.51,2526,,https://www1.mbrace.or.jp/od2/B/202609/b260915.lzh,2026-10-03T18:36:58.467318+09:00
20260915,19,下関,5,20260915-19-05,1,5216,長谷川晴,26,群馬,54.0,A1,5.99,39.85,6.32,39.29,49,34.83,26,28.74,2513,9,https://www1.mbrace.or.jp/od2/B/202609/b260915.lzh,2026-10-03T18:36:58.467318+09:00
20260915,19,下関,5,20260915-19-05,2,4339,平瀬城啓,42,福井,53.0,B1,3.98,15.29,4.8,20.0,34,26.14,44,27.5,356,10,https://www1.mbrace.or.jp/od2/B/202609/b260915.lzh,2026-10-03T18:36:58.467318+09:00
20260915,19,下関,5,20260915-19-05,3,5412,久保田凪,20,佐賀,44.0,B2,1.75,2.67,1.2,0.0,45,24.69,47,30.49,5 66,12,https://www1.mbrace.or.jp/od2/B/202609/b260915.lzh,2026-10-03T18:36:58.467318+09:00
20260915,19,下関,5,20260915-19-05,4,5111,三村岳人,26,岡山,52.0,A2,5.98,46.07,6.59,54.55,51,26.14,70,28.57,1 42,11,https://www1.mbrace.or.jp/od2/B/202609/b260915.lzh,2026-10-03T18:36:58.467318+09:00
20260915,19,下関,5,20260915-19-05,5,5451,知念伶奈,21,佐賀,47.0,B2,1.3,3.33,0.0,0.0,65,34.09,22,34.12,6 66,,https://www1.mbrace.or.jp/od2/B/202609/b260915.lzh,2026-10-03T18:36:58.467318+09:00
20260915,19,下関,5,20260915-19-05,6,3912,川原正明,52,福井,51.0,B1,5.94,43.33,5.06,35.29,50,34.15,15,29.07,1613,,https://www1.mbrace.or.jp/od2/B/202609/b260915.lzh,2026-10-03T18:36:58.467318+09:00
20260915,19,下関,6,20260915-19-06,1,4761,山田晃大,36,滋賀,53.0,A2,5.73,35.96,6.03,37.93,22,22.62,55,39.08,463,,https://www1.mbrace.or.jp/od2/B/202609/b260915.lzh,2026-10-03T18:36:58.467318+09:00
20260915,19,下関,6,20260915-19-06,2,5064,品川二千,28,山口,52.0,A1,6.69,51.33,5.63,37.3,25,29.35,53,33.73,2325,11,https://www1.mbrace.or.jp/od2/B/202609/b260915.lzh,2026-10-03T18:36:58.467318+09:00
20260915,19,下関,6,20260915-19-06,3,3741,松尾基成,52,福岡,56.0,B1,3.61,18.57,2.48,8.7,26,17.57,33,33.72,3 54,1,https://www1.mbrace.or.jp/od2/B/202609/b260915.lzh,2026-10-03T18:36:58.467318+09:00
20260915,19,下関,6,20260915-19-06,4,5013,山下夏鈴,29,三重,47.0,B1,5.48,36.47,5.26,37.04,56,39.02,52,22.89,436,12,https://www1.mbrace.or.jp/od2/B/202609/b260915.lzh,2026-10-03T18:36:58.467318+09:00
20260915,19,下関,6,20260915-19-06,5,3616,中村真,53,福岡,55.0,B1,4.8,25.76,5.59,45.95,28,32.14,56,49.4,2 25,2,https://www1.mbrace.or.jp/od2/B/202609/b260915.lzh,2026-10-03T18:36:58.467318+09:00
20260915,19,下関,6,20260915-19-06,6,4383,竹田吉行,41,徳島,52.0,A2,5.34,35.05,5.05,35.9,11,37.8,46,27.91,636,10,https://www1.mbrace.or.jp/od2/B/202609/b260915.lzh,2026-10-03T18:36:58.467318+09:00
20260915,19,下関,7,20260915-19-07,1,4700,金子和之,39,埼玉,53.0,A2,6.02,39.29,7.14,42.86,43,38.37,60,37.8,4232,,https://www1.mbrace.or.jp/od2/B/202609/b260915.lzh,2026-10-03T18:36:58.467318+09:00
20260915,19,下関,7,20260915-19-07,2,5217,藤原碧生,26,岡山,52.0,A1,5.61,31.58,7.38,62.07,61,27.38,45,44.83,3243,11,https://www1.mbrace.or.jp/od2/B/202609/b260915.lzh,2026-10-03T18:36:58.467318+09:00
20260915,19,下関,7,20260915-19-07,3,4054,福嶋智之,48,岡山,53.0,B1,4.8,27.78,4.55,33.33,73,27.59,20,26.25,555,3,https://www1.mbrace.or.jp/od2/B/202609/b260915.lzh,2026-10-03T18:36:58.467318+09:00
20260915,19,下関,7,20260915-19-07,4,5210,藤井公人,28,福岡,56.0,A2,5.56,37.5,4.97,32.43,32,25.84,17,34.88,6 15,,https://www1.mbrace.or.jp/od2/B/202609/b260915.lzh,2026-10-03T18:36:58.467318+09:00
20260915,19,下関,7,20260915-19-07,5,3212,亀本勇樹,64,広島,59.0,B1,4.59,23.86,3.76,17.07,64,22.35,50,34.57,5 34,2,https://www1.mbrace.or.jp/od2/B/202609/b260915.lzh,2026-10-03T18:36:58.467318+09:00
20260915,19,下関,7,20260915-19-07,6,4300,加藤綾,43,三重,51.0,B1,5.24,36.63,4.66,27.59,52,38.16,69,44.19,421,12,https://www1.mbrace.or.jp/od2/B/202609/b260915.lzh,2026-10-03T18:36:58.467318+09:00
20260915,19,下関,8,20260915-19-08,1,4994,山本梨菜,28,佐賀,48.0,A2,6.35,47.24,5.57,37.25,55,34.88,21,40.0,4 34,12,https://www1.mbrace.or.jp/od2/B/202609/b260915.lzh,2026-10-03T18:36:58.467318+09:00
20260915,19,下関,8,20260915-19-08,2,3717,立間充宏,51,岡山,56.0,A2,5.47,32.95,5.69,37.5,29,27.59,67,38.1,615,,https://www1.mbrace.or.jp/od2/B/202609/b260915.lzh,2026-10-03T18:36:58.467318+09:00
20260915,19,下関,8,20260915-19-08,3,4857,加藤翔馬,29,兵庫,57.0,A1,7.09,56.2,6.3,51.85,70,26.74,30,25.93,1631,3,https://www1.mbrace.or.jp/od2/B/202609/b260915.lzh,2026-10-03T18:36:58.467318+09:00
20260915,19,下関,8,20260915-19-08,4,3070,山室展弘,65,岡山,53.0,B1,5.46,42.31,5.32,34.21,67,44.44,35,31.33,1 15,1,https://www1.mbrace.or.jp/od2/B/202609/b260915.lzh,2026-10-03T18:36:58.467318+09:00
20260915,19,下関,8,20260915-19-08,5,3882,新田智彰,53,大阪,56.0,B1,4.23,16.28,5.54,38.46,23,20.0,65,41.98,1442,,https://www1.mbrace.or.jp/od2/B/202609/b260915.lzh,2026-10-03T18:36:58.467318+09:00
20260915,19,下関,8,20260915-19-08,6,3606,川北浩貴,54,滋賀,52.0,B1,5.63,38.61,6.82,45.45,66,24.69,54,33.73,213,2,https://www1.mbrace.or.jp/od2/B/202609/b260915.lzh,2026-10-03T18:36:58.467318+09:00
20260915,19,下関,9,20260915-19-09,1,5212,西川拓利,27,福岡,54.0,A2,6.37,47.83,5.48,32.26,24,38.2,37,26.51,2424,,https://www1.mbrace.or.jp/od2/B/202609/b260915.lzh,2026-10-03T18:36:58.467318+09:00
20260915,19,下関,9,20260915-19-09,2,3742,宮地秀祈,52,福岡,52.0,B1,5.54,36.47,4.81,23.08,33,31.46,11,34.88,434,2,https://www1.mbrace.or.jp/od2/B/202609/b260915.lzh,2026-10-03T18:36:58.467318+09:00
20260915,19,下関,9,20260915-19-09,3,5216,長谷川晴,26,群馬,54.0,A1,5.99,39.85,6.32,39.29,49,34.83,26,28.74,2513,5,https://www1.mbrace.or.jp/od2/B/202609/b260915.lzh,2026-10-03T18:36:58.467318+09:00
20260915,19,下関,9,20260915-19-09,4,4113,木村浩士,46,群馬,56.0,B1,4.56,23.0,4.58,29.17,19,30.77,48,23.17,442,1,https://www1.mbrace.or.jp/od2/B/202609/b260915.lzh,2026-10-03T18:36:58.467318+09:00
20260915,19,下関,9,20260915-19-09,5,5281,井上遥妃,23,徳島,46.0,A1,5.75,42.31,7.2,70.0,44,26.44,28,41.46,1 13,4,https://www1.mbrace.or.jp/od2/B/202609/b260915.lzh,2026-10-03T18:36:58.467318+09:00
20260915,19,下関,9,20260915-19-09,6,4276,鈴木勝博,43,愛知,53.0,A2,5.98,44.44,6.04,50.0,15,31.4,41,39.02,1 11,,https://www1.mbrace.or.jp/od2/B/202609/b260915.lzh,2026-10-03T18:36:58.467318+09:00
20260915,19,下関,10,20260915-19-10,1,3898,平田忠則,49,福岡,53.0,A1,7.61,64.34,6.31,38.89,58,23.19,68,37.65,2121,4,https://www1.mbrace.or.jp/od2/B/202609/b260915.lzh,2026-10-03T18:36:58.467318+09:00
20260915,19,下関,10,20260915-19-10,2,4383,竹田吉行,41,徳島,52.0,A2,5.34,35.05,5.05,35.9,11,37.8,46,27.91,636,6,https://www1.mbrace.or.jp/od2/B/202609/b260915.lzh,2026-10-03T18:36:58.467318+09:00
20260915,19,下関,10,20260915-19-10,3,4339,平瀬城啓,42,福井,53.0,B1,3.98,15.29,4.8,20.0,34,26.14,44,27.5,356,5,https://www1.mbrace.or.jp/od2/B/202609/b260915.lzh,2026-10-03T18:36:58.467318+09:00
20260915,19,下関,10,20260915-19-10,4,4292,麻生慎介,41,広島,53.0,A1,6.54,45.0,5.32,20.0,13,29.73,59,32.53,3424,2,https://www1.mbrace.or.jp/od2/B/202609/b260915.lzh,2026-10-03T18:36:58.467318+09:00
20260915,19,下関,10,20260915-19-10,5,4015,前野竜一,46,山口,58.0,A2,5.79,34.75,0.0,0.0,31,42.53,32,27.38,335,3,https://www1.mbrace.or.jp/od2/B/202609/b260915.lzh,2026-10-03T18:36:58.467318+09:00
20260915,19,下関,10,20260915-19-10,6,4226,村田浩司,44,山口,52.0,B1,4.09,19.35,4.04,28.57,48,38.82,73,34.52,216,1,https://www1.mbrace.or.jp/od2/B/202609/b260915.lzh,2026-10-03T18:36:58.467318+09:00
20260915,19,下関,11,20260915-19-11,1,5217,藤原碧生,26,岡山,52.0,A1,5.61,31.58,7.38,62.07,61,27.38,45,44.83,3243,7,https://www1.mbrace.or.jp/od2/B/202609/b260915.lzh,2026-10-03T18:36:58.467318+09:00
20260915,19,下関,11,20260915-19-11,2,5111,三村岳人,26,岡山,52.0,A2,5.98,46.07,6.59,54.55,51,26.14,70,28.57,1 42,5,https://www1.mbrace.or.jp/od2/B/202609/b260915.lzh,2026-10-03T18:36:58.467318+09:00
20260915,19,下関,11,20260915-19-11,3,4978,山田和佐,32,広島,53.0,B1,5.0,27.0,4.33,11.11,27,40.23,31,36.47,332,1,https://www1.mbrace.or.jp/od2/B/202609/b260915.lzh,2026-10-03T18:36:58.467318+09:00
20260915,19,下関,11,20260915-19-11,4,4159,向後龍一,45,埼玉,52.0,A2,6.63,50.0,5.29,28.57,54,24.14,24,29.27,621,3,https://www1.mbrace.or.jp/od2/B/202609/b260915.lzh,2026-10-03T18:36:58.467318+09:00
20260915,19,下関,11,20260915-19-11,5,5355,萩原丈太,21,福井,56.0,B1,2.48,7.46,2.0,0.0,16,32.94,42,35.63,5 54,4,https://www1.mbrace.or.jp/od2/B/202609/b260915.lzh,2026-10-03T18:36:58.467318+09:00
20260915,19,下関,11,20260915-19-11,6,5064,品川二千,28,山口,52.0,A1,6.69,51.33,5.63,37.3,25,29.35,53,33.73,2325,6,https://www1.mbrace.or.jp/od2/B/202609/b260915.lzh,2026-10-03T18:36:58.467318+09:00
20260915,19,下関,12,20260915-19-12,1,4548,篠木亜衣,38,三重,50.0,B1,3.05,10.53,0.0,0.0,35,27.38,16,23.46,6 66,2,https://www1.mbrace.or.jp/od2/B/202609/b260915.lzh,2026-10-03T18:36:58.467318+09:00
20260915,19,下関,12,20260915-19-12,2,4994,山本梨菜,28,佐賀,48.0,A2,6.35,47.24,5.57,37.25,55,34.88,21,40.0,4 34,8,https://www1.mbrace.or.jp/od2/B/202609/b260915.lzh,2026-10-03T18:36:58.467318+09:00
20260915,19,下関,12,20260915-19-12,3,4300,加藤綾,43,三重,51.0,B1,5.24,36.63,4.66,27.59,52,38.16,69,44.19,421,7,https://www1.mbrace.or.jp/od2/B/202609/b260915.lzh,2026-10-03T18:36:58.467318+09:00
20260915,19,下関,12,20260915-19-12,4,5227,川原愛未,24,福岡,51.0,B2,3.47,15.63,2.29,8.33,59,35.0,23,42.86,5 42,3,https://www1.mbrace.or.jp/od2/B/202609/b260915.lzh,2026-10-03T18:36:58.467318+09:00
20260915,19,下関,12,20260915-19-12,5,5013,山下夏鈴,29,三重,47.0,B1,5.48,36.47,5.26,37.04,56,39.02,52,22.89,436,6,https://www1.mbrace.or.jp/od2/B/202609/b260915.lzh,2026-10-03T18:36:58.467318+09:00
20260915,19,下関,12,20260915-19-12,6,5412,久保田凪,20,佐賀,44.0,B2,1.75,2.67,1.2,0.0,45,24.69,47,30.49,5 66,5,https://www1.mbrace.or.jp/od2/B/202609/b260915.lzh,2026-10-03T18:36:58.467318+09:00
20260915,18,徳山,1,20260915-18-01,1,5015,高橋竜矢,28,広島,52.0,A1,6.89,54.62,6.86,41.38,60,32.65,55,35.47,5 353,6,https://www1.mbrace.or.jp/od2/B/202609/b260915.lzh,2026-10-03T18:36:58.467318+09:00
20260915,18,徳山,1,20260915-18-01,2,4361,柳生泰二,41,山口,52.0,A1,7.39,56.14,6.69,46.08,58,29.17,51,34.3,155 22,,https://www1.mbrace.or.jp/od2/B/202609/b260915.lzh,2026-10-03T18:36:58.467318+09:00
20260915,18,徳山,1,20260915-18-01,3,4537,渡邉和将,36,岡山,51.0,A1,7.11,50.0,7.16,52.94,74,42.68,39,32.04,1 546,9,https://www1.mbrace.or.jp/od2/B/202609/b260915.lzh,2026-10-03T18:36:58.467318+09:00
20260915,18,徳山,1,20260915-18-01,4,4448,青木玄太,39,滋賀,52.0,A1,7.07,54.55,7.52,66.67,43,18.95,17,29.19,2 354,7,https://www1.mbrace.or.jp/od2/B/202609/b260915.lzh,2026-10-03T18:36:58.467318+09:00
20260915,18,徳山,1,20260915-18-01,5,4445,宮地元輝,39,佐賀,55.0,A1,7.26,48.45,7.11,33.33,50,37.5,66,32.18,546 1,8,https://www1.mbrace.or.jp/od2/B/202609/b260915.lzh,2026-10-03T18:36:58.467318+09:00
20260915,18,徳山,1,20260915-18-01,6,4831,羽野直也,31,福岡,55.0,A1,7.36,57.14,7.14,47.22,31,31.31,37,34.47,514 2,12,https://www1.mbrace.or.jp/od2/B/202609/b260915.lzh,2026-10-03T18:36:58.467318+09:00
20260915,18,徳山,2,20260915-18-02,1,5112,砂長知輝,26,埼玉,52.0,A1,6.72,52.25,6.68,47.5,61,30.0,75,26.87,S32 2,10,https://www1.mbrace.or.jp/od2/B/202609/b260915.lzh,2026-10-03T18:36:58.467318+09:00
20260915,18,徳山,2,20260915-18-02,2,4739,中村晃朋,34,香川,51.0,A1,6.44,52.94,5.96,26.09,70,24.44,38,41.63,1 633,11,https://www1.mbrace.or.jp/od2/B/202609/b260915.lzh,2026-10-03T18:36:58.467318+09:00
20260915,18,徳山,2,20260915-18-02,3,4074,柳沢一,45,愛知,50.0,A1,6.63,48.39,6.38,37.5,24,26.09,73,39.32,2 5 56,,https://www1.mbrace.or.jp/od2/B/202609/b260915.lzh,2026-10-03T18:36:58.467318+09:00
20260915,18,徳山,2,20260915-18-02,4,4397,西村拓也,39,大阪,53.0,A1,7.43,61.07,7.03,42.86,44,34.95,24,33.82,2 454,8,https://www1.mbrace.or.jp/od2/B/202609/b260915.lzh,2026-10-03T18:36:58.467318+09:00
20260915,18,徳山,2,20260915-18-02,5,3960,菊地孝平,48,静岡,54.0,A1,6.94,42.98,7.61,57.14,12,41.67,19,38.35,6 644,9,https://www1.mbrace.or.jp/od2/B/202609/b260915.lzh,2026-10-03T18:36:58.467318+09:00
20260915,18,徳山,2,20260915-18-02,6,3942,寺田祥,47,山口,55.0,A1,6.44,44.68,6.8,44.57,56,39.18,30,36.36,S 234,7,https://www1.mbrace.or.jp/od2/B/202609/b260915.lzh,2026-10-03T18:36:58.467318+09:00
20260915,18,徳山,3,20260915-18-03,1,4305,金子拓矢,42,群馬,53.0,A1,6.88,53.4,6.96,54.17,38,33.65,56,31.25,465 56,,https://www1.mbrace.or.jp/od2/B/202609/b260915.lzh,2026-10-03T18:36:58.467318+09:00
20260915,18,徳山,3,20260915-18-03,2,4013,中島孝平,46,福井,51.0,A1,6.99,46.3,6.82,38.24,54,37.5,70,29.13,314 3,10,https://www1.mbrace.or.jp/od2/B/202609/b260915.lzh,2026-10-03T18:36:58.467318+09:00
20260915,18,徳山,3,20260915-18-03,3,4985,井本昌也,29,山口,52.0,A1,6.64,52.42,6.5,52.29,73,42.55,44,36.41,3 414,8,https://www1.mbrace.or.jp/od2/B/202609/b260915.lzh,2026-10-03T18:36:58.467318+09:00
20260915,18,徳山,3,20260915-18-03,4,4682,大上卓人,36,広島,53.0,A1,7.29,50.89,6.46,26.92,55,37.0,57,36.82,263 5,11,https://www1.mbrace.or.jp/od2/B/202609/b260915.lzh,2026-10-03T18:36:58.467318+09:00
20260915,18,徳山,3,20260915-18-03,5,4362,土屋智則,41,群馬,53.0,A1,6.86,44.92,6.96,52.17,63,28.0,25,29.9,4 166,9,https://www1.mbrace.or.jp/od2/B/202609/b260915.lzh,2026-10-03T18:36:58.467318+09:00
20260915,18,徳山,3,20260915-18-03,6,4256,渡辺浩司,42,福岡,53.0,A1,7.09,46.22,6.79,35.29,68,53.41,59,41.23,663 2,7,https://www1.mbrace.or.jp/od2/B/202609/b260915.lzh,2026-10-03T18:36:58.467318+09:00
20260915,18,徳山,4,20260915-18-04,1,3959,坪井康晴,48,静岡,52.0,A1,7.14,49.54,7.07,55.17,42,36.63,36,34.65,156 33,,https://www1.mbrace.or.jp/od2/B/202609/b260915.lzh,2026-10-03T18:36:58.467318+09:00
20260915,18,徳山,4,20260915-18-04,2,4980,佐々木完,30,山口,50.0,A1,7.1,52.21,6.8,50.0,19,48.35,27,31.98,156 15,,https://www1.mbrace.or.jp/od2/B/202609/b260915.lzh,2026-10-03T18:36:58.467318+09:00
20260915,18,徳山,4,20260915-18-04,3,5142,常住蓮,25,佐賀,51.0,A1,7.31,56.2,8.56,66.67,75,36.89,26,30.62,364 46,,https://www1.mbrace.or.jp/od2/B/202609/b260915.lzh,2026-10-03T18:36:58.467318+09:00
20260915,18,徳山,4,20260915-18-04,4,4826,井上一輝,32,大阪,52.0,A1,7.02,53.98,6.3,37.04,64,38.46,35,29.61,241 3,12,https://www1.mbrace.or.jp/od2/B/202609/b260915.lzh,2026-10-03T18:36:58.467318+09:00
20260915,18,徳山,4,20260915-18-04,5,4586,磯部誠,36,愛知,54.0,A1,7.7,54.47,6.16,32.43,13,40.23,52,27.32,2 352,10,https://www1.mbrace.or.jp/od2/B/202609/b260915.lzh,2026-10-03T18:36:58.467318+09:00
20260915,18,徳山,4,20260915-18-04,6,4024,井口佳典,49,三重,53.0,A1,6.92,45.87,6.67,16.67,48,38.53,42,30.24,3 6 56,,https://www1.mbrace.or.jp/od2/B/202609/b260915.lzh,2026-10-03T18:36:58.467318+09:00
20260915,18,徳山,5,20260915-18-05,1,5084,末永和也,27,佐賀,52.0,A1,6.67,45.9,7.27,46.15,72,36.36,31,31.86,S32 14,,https://www1.mbrace.or.jp/od2/B/202609/b260915.lzh,2026-10-03T18:36:58.467318+09:00
20260915,18,徳山,5,20260915-18-05,2,4759,今泉友吾,36,東京,51.0,A1,6.97,48.12,6.72,55.56,69,41.49,16,38.35,2 231,12,https://www1.mbrace.or.jp/od2/B/202609/b260915.lzh,2026-10-03T18:36:58.467318+09:00
20260915,18,徳山,5,20260915-18-05,3,4528,黒井達矢,38,埼玉,52.0,A1,6.56,43.18,6.94,37.5,71,29.59,43,29.44,5 116,10,https://www1.mbrace.or.jp/od2/B/202609/b260915.lzh,2026-10-03T18:36:58.467318+09:00
20260915,18,徳山,5,20260915-18-05,4,5017,澤田尚也,27,滋賀,53.0,A1,6.84,53.03,6.88,37.5,34,38.79,47,33.17,2 F 44,,https://www1.mbrace.or.jp/od2/B/202609/b260915.lzh,2026-10-03T18:36:58.467318+09:00
20260915,18,徳山,5,20260915-18-05,5,4713,白神優,36,岡山,52.0,A1,6.26,40.37,7.17,52.78,15,41.86,32,29.47,3 545,11,https://www1.mbrace.or.jp/od2/B/202609/b260915.lzh,2026-10-03T18:36:58.467318+09:00
20260915,18,徳山,5,20260915-18-05,6,4237,大峯豊,42,山口,52.0,A1,7.39,53.57,7.57,61.03,26,38.46,72,34.13,433 21,,https://www1.mbrace.or.jp/od2/B/202609/b260915.lzh,2026-10-03T18:36:58.467318+09:00
20260915,18,徳山,6,20260915-18-06,1,4852,川原祐明,31,香川,52.0,A1,7.05,55.38,6.54,44.44,53,38.24,29,30.24,323 52,,https://www1.mbrace.or.jp/od2/B/202609/b260915.lzh,2026-10-03T18:36:58.467318+09:00
20260915,18,徳山,6,20260915-18-06,2,4851,関浩哉,31,群馬,51.0,A1,7.63,49.11,8.44,66.67,39,30.53,58,35.12,4 3216,,https://www1.mbrace.or.jp/od2/B/202609/b260915.lzh,2026-10-03T18:36:58.467318+09:00
20260915,18,徳山,6,20260915-18-06,3,5267,石本裕武,26,大阪,51.0,A1,6.88,54.9,7.7,70.0,35,36.89,20,33.84,6 661,,https://www1.mbrace.or.jp/od2/B/202609/b260915.lzh,2026-10-03T18:36:58.467318+09:00
20260915,18,徳山,6,20260915-18-06,4,4939,宮之原輝,28,東京,52.0,A1,7.7,64.71,7.2,65.0,41,31.48,15,36.95,3 213,10,https://www1.mbrace.or.jp/od2/B/202609/b260915.lzh,2026-10-03T18:36:58.467318+09:00
20260915,18,徳山,6,20260915-18-06,5,5015,高橋竜矢,28,広島,52.0,A1,6.89,54.62,6.86,41.38,60,32.65,55,35.47,5 353,1,https://www1.mbrace.or.jp/od2/B/202609/b260915.lzh,2026-10-03T18:36:58.467318+09:00
20260915,18,徳山,6,20260915-18-06,6,4239,竹田辰也,42,山口,53.0,A1,6.47,51.82,6.18,40.83,30,38.46,41,37.56,2 413,11,https://www1.mbrace.or.jp/od2/B/202609/b260915.lzh,2026-10-03T18:36:58.467318+09:00
20260915,18,徳山,7,20260915-18-07,1,4796,春園功太,35,三重,52.0,A1,6.02,45.3,6.08,45.0,27,44.3,18,39.71,4 2 51,,https://www1.mbrace.or.jp/od2/B/202609/b260915.lzh,2026-10-03T18:36:58.467318+09:00
20260915,18,徳山,7,20260915-18-07,2,4256,渡辺浩司,42,福岡,53.0,A1,7.09,46.22,6.79,35.29,68,53.41,59,41.23,663 2,3,https://www1.mbrace.or.jp/od2/B/202609/b260915.lzh,2026-10-03T18:36:58.467318+09:00
20260915,18,徳山,7,20260915-18-07,3,4448,青木玄太,39,滋賀,52.0,A1,7.07,54.55,7.52,66.67,43,18.95,17,29.19,2 354,1,https://www1.mbrace.or.jp/od2/B/202609/b260915.lzh,2026-10-03T18:36:58.467318+09:00
20260915,18,徳山,7,20260915-18-07,4,4168,石野貴之,44,大阪,53.0,A1,6.97,52.99,3.78,22.22,14,41.57,13,39.61,512 6,12,https://www1.mbrace.or.jp/od2/B/202609/b260915.lzh,2026-10-03T18:36:58.467318+09:00
20260915,18,徳山,7,20260915-18-07,5,3942,寺田祥,47,山口,55.0,A1,6.44,44.68,6.8,44.57,56,39.18,30,36.36,S 234,2,https://www1.mbrace.or.jp/od2/B/202609/b260915.lzh,2026-10-03T18:36:58.467318+09:00
20260915,18,徳山,7,20260915-18-07,6,4928,栗城匠,31,東京,52.0,A1,6.63,50.93,6.0,38.89,17,40.23,62,38.35,6 412,,https://www1.mbrace.or.jp/od2/B/202609/b260915.lzh,2026-10-03T18:36:58.467318+09:00
20260915,18,徳山,8,20260915-18-08,1,4397,西村拓也,39,大阪,53.0,A1,7.43,61.07,7.03,42.86,44,34.95,24,33.82,2 454,2,https://www1.mbrace.or.jp/od2/B/202609/b260915.lzh,2026-10-03T18:36:58.467318+09:00
20260915,18,徳山,8,20260915-18-08,2,4445,宮地元輝,39,佐賀,55.0,A1,7.26,48.45,7.11,33.33,50,37.5,66,32.18,546 1,1,https://www1.mbrace.or.jp/od2/B/202609/b260915.lzh,2026-10-03T18:36:58.467318+09:00
20260915,18,徳山,8,20260915-18-08,3,3744,徳増秀樹,51,静岡,54.0,A1,6.2,45.45,6.55,46.94,11,31.68,68,41.9,1 6 66,,https://www1.mbrace.or.jp/od2/B/202609/b260915.lzh,2026-10-03T18:36:58.467318+09:00
20260915,18,徳山,8,20260915-18-08,4,4985,井本昌也,29,山口,52.0,A1,6.64,52.42,6.5,52.29,73,42.55,44,36.41,3 414,3,https://www1.mbrace.or.jp/od2/B/202609/b260915.lzh,2026-10-03T18:36:58.467318+09:00
20260915,18,徳山,8,20260915-18-08,5,4344,新田雄史,41,三重,53.0,A1,7.58,56.03,7.35,41.18,67,29.63,53,33.33,5 2245,,https://www1.mbrace.or.jp/od2/B/202609/b260915.lzh,2026-10-03T18:36:58.467318+09:00
20260915,18,徳山,8,20260915-18-08,6,4415,下出卓矢,39,福井,56.0,A1,6.08,46.88,5.65,35.29,22,30.34,40,38.05,6 6 65,,https://www1.mbrace.or.jp/od2/B/202609/b260915.lzh,2026-10-03T18:36:58.467318+09:00
20260915,18,徳山,9,20260915-18-09,1,4362,土屋智則,41,群馬,53.0,A1,6.86,44.92,6.96,52.17,63,28.0,25,29.9,4 166,3,https://www1.mbrace.or.jp/od2/B/202609/b260915.lzh,2026-10-03T18:36:58.467318+09:00
20260915,18,徳山,9,20260915-18-09,2,4537,渡邉和将,36,岡山,51.0,A1,7.11,50.0,7.16,52.94,74,42.68,39,32.04,1 546,1,https://www1.mbrace.or.jp/od2/B/202609/b260915.lzh,2026-10-03T18:36:58.467318+09:00
20260915,18,徳山,9,20260915-18-09,3,4760,山崎郡,36,大阪,52.0,A1,7.49,53.79,7.61,51.61,59,38.1,54,36.92,115 25,,https://www1.mbrace.or.jp/od2/B/202609/b260915.lzh,2026-10-03T18:36:58.467318+09:00
20260915,18,徳山,9,20260915-18-09,4,3960,菊地孝平,48,静岡,54.0,A1,6.94,42.98,7.61,57.14,12,41.67,19,38.35,6 644,2,https://www1.mbrace.or.jp/od2/B/202609/b260915.lzh,2026-10-03T18:36:58.467318+09:00
20260915,18,徳山,9,20260915-18-09,5,3941,池田浩二,48,愛知,53.0,A1,7.69,48.31,7.82,52.94,66,31.76,14,35.58,441 33,,https://www1.mbrace.or.jp/od2/B/202609/b260915.lzh,2026-10-03T18:36:58.467318+09:00
20260915,18,徳山,9,20260915-18-09,6,4391,松田祐季,40,福井,51.0,A1,7.03,53.78,6.45,40.91,62,25.88,34,31.88,2 4 15,,https://www1.mbrace.or.jp/od2/B/202609/b260915.lzh,2026-10-03T18:36:58.467318+09:00
20260915,18,徳山,10,20260915-18-10,1,4586,磯部誠,36,愛知,54.0,A1,7.7,54.47,6.16,32.43,13,40.23,52,27.32,2 352,4,https://www1.mbrace.or.jp/od2/B/202609/b260915.lzh,2026-10-03T18:36:58.467318+09:00
20260915,18,徳山,10,20260915-18-10,2,4566,塩田北斗,38,福岡,54.0,A1,6.76,44.09,6.36,39.29,36,28.57,23,30.73,4 1 44,,https://www1.mbrace.or.jp/od2/B/202609/b260915.lzh,2026-10-03T18:36:58.467318+09:00
20260915,18,徳山,10,20260915-18-10,3,4939,宮之原輝,28,東京,52.0,A1,7.7,64.71,7.2,65.0,41,31.48,15,36.95,3 213,6,https://www1.mbrace.or.jp/od2/B/202609/b260915.lzh,2026-10-03T18:36:58.467318+09:00
20260915,18,徳山,10,20260915-18-10,4,4528,黒井達矢,38,埼玉,52.0,A1,6.56,43.18,6.94,37.5,71,29.59,43,29.44,5 116,5,https://www1.mbrace.or.jp/od2/B/202609/b260915.lzh,2026-10-03T18:36:58.467318+09:00
20260915,18,徳山,10,20260915-18-10,5,5112,砂長知輝,26,埼玉,52.0,A1,6.72,52.25,6.68,47.5,61,30.0,75,26.87,S32 2,2,https://www1.mbrace.or.jp/od2/B/202609/b260915.lzh,2026-10-03T18:36:58.467318+09:00
20260915,18,徳山,10,20260915-18-10,6,4013,中島孝平,46,福井,51.0,A1,6.99,46.3,6.82,38.24,54,37.5,70,29.13,314 3,3,https://www1.mbrace.or.jp/od2/B/202609/b260915.lzh,2026-10-03T18:36:58.467318+09:00
20260915,18,徳山,11,20260915-18-11,1,4205,山口剛,44,広島,53.0,A1,7.54,48.94,7.8,56.0,46,33.01,12,39.3,435 22,,https://www1.mbrace.or.jp/od2/B/202609/b260915.lzh,2026-10-03T18:36:58.467318+09:00
20260915,18,徳山,11,20260915-18-11,2,4239,竹田辰也,42,山口,53.0,A1,6.47,51.82,6.18,40.83,30,38.46,41,37.56,2 413,6,https://www1.mbrace.or.jp/od2/B/202609/b260915.lzh,2026-10-03T18:36:58.467318+09:00
20260915,18,徳山,11,20260915-18-11,3,4713,白神優,36,岡山,52.0,A1,6.26,40.37,7.17,52.78,15,41.86,32,29.47,3 545,5,https://www1.mbrace.or.jp/od2/B/202609/b260915.lzh,2026-10-03T18:36:58.467318+09:00
20260915,18,徳山,11,20260915-18-11,4,4739,中村晃朋,34,香川,51.0,A1,6.44,52.94,5.96,26.09,70,24.44,38,41.63,1 633,2,https://www1.mbrace.or.jp/od2/B/202609/b260915.lzh,2026-10-03T18:36:58.467318+09:00
20260915,18,徳山,11,20260915-18-11,5,4682,大上卓人,36,広島,53.0,A1,7.29,50.89,6.46,26.92,55,37.0,57,36.82,263 5,3,https://www1.mbrace.or.jp/od2/B/202609/b260915.lzh,2026-10-03T18:36:58.467318+09:00
20260915,18,徳山,11,20260915-18-11,6,4444,桐生順平,39,埼玉,51.0,A1,7.29,40.66,5.67,11.11,33,51.0,67,40.7,3 3211,,https://www1.mbrace.or.jp/od2/B/202609/b260915.lzh,2026-10-03T18:36:58.467318+09:00
20260915,18,徳山,12,20260915-18-12,1,4168,石野貴之,44,大阪,53.0,A1,6.97,52.99,3.78,22.22,14,41.57,13,39.61,512 6,7,https://www1.mbrace.or.jp/od2/B/202609/b260915.lzh,2026-10-03T18:36:58.467318+09:00
20260915,18,徳山,12,20260915-18-12,2,4826,井上一輝,32,大阪,52.0,A1,7.02,53.98,6.3,37.04,64,38.46,35,29.61,241 3,4,https://www1.mbrace.or.jp/od2/B/202609/b260915.lzh,2026-10-03T18:36:58.467318+09:00
20260915,18,徳山,12,20260915-18-12,3,4547,中田竜太,38,埼玉,50.0,A1,6.82,43.64,8.0,57.14,23,35.51,33,33.82,2 153,,https://www1.mbrace.or.jp/od2/B/202609/b260915.lzh,2026-10-03T18:36:58.467318+09:00
20260915,18,徳山,12,20260915-18-12,4,3897,白井英治,49,山口,54.0,A1,7.72,51.79,8.12,62.2,29,26.85,48,31.58,1 1231,,https://www1.mbrace.or.jp/od2/B/202609/b260915.lzh,2026-10-03T18:36:58.467318+09:00
20260915,18,徳山,12,20260915-18-12,5,4831,羽野直也,31,福岡,55.0,A1,7.36,57.14,7.14,47.22,31,31.31,37,34.47,514 2,1,https://www1.mbrace.or.jp/od2/B/202609/b260915.lzh,2026-10-03T18:36:58.467318+09:00
20260915,18,徳山,12,20260915-18-12,6,4759,今泉友吾,36,東京,51.0,A1,6.97,48.12,6.72,55.56,69,41.49,16,38.35,2 231,5,https://www1.mbrace.or.jp/od2/B/202609/b260915.lzh,2026-10-03T18:36:58.467318+09:00
20260915,14,鳴門,1,20260915-14-01,1,3304,烏野賢太,58,徳島,52.0,A1,5.65,34.68,5.97,39.77,18,33.33,52,32.91,,12,https://www1.mbrace.or.jp/od2/B/202609/b260915.lzh,2026-10-03T18:36:58.467318+09:00
20260915,14,鳴門,1,20260915-14-01,2,4110,小澤和也,46,埼玉,57.0,B1,3.84,16.05,4.17,20.83,84,20.25,69,30.38,,6,https://www1.mbrace.or.jp/od2/B/202609/b260915.lzh,2026-10-03T18:36:58.467318+09:00
20260915,14,鳴門,1,20260915-14-01,3,3722,西村秀樹,56,福岡,53.0,B1,3.49,9.88,0.0,0.0,19,36.25,80,20.0,,9,https://www1.mbrace.or.jp/od2/B/202609/b260915.lzh,2026-10-03T18:36:58.467318+09:00
20260915,14,鳴門,1,20260915-14-01,4,5403,藤山湧太,22,徳島,53.0,B2,2.46,5.88,2.34,4.92,12,35.96,28,42.68,,10,https://www1.mbrace.or.jp/od2/B/202609/b260915.lzh,2026-10-03T18:36:58.467318+09:00
20260915,14,鳴門,1,20260915-14-01,5,5389,恵良琴美,19,福岡,42.0,B1,2.52,3.23,1.2,0.0,81,29.17,18,32.94,,5,https://www1.mbrace.or.jp/od2/B/202609/b260915.lzh,2026-10-03T18:36:58.467318+09:00
20260915,14,鳴門,1,20260915-14-01,6,3578,塩田雄一,53,香川,51.0,B1,3.69,17.24,4.79,30.23,71,39.02,63,32.53,,,https://www1.mbrace.or.jp/od2/B/202609/b260915.lzh,2026-10-03T18:36:58.467318+09:00
20260915,14,鳴門,2,20260915-14-02,1,3701,大西隆洋,53,香川,57.0,B1,4.13,15.22,3.07,7.41,27,29.89,15,31.33,,8,https://www1.mbrace.or.jp/od2/B/202609/b260915.lzh,2026-10-03T18:36:58.467318+09:00
20260915,14,鳴門,2,20260915-14-02,2,4142,平野和明,45,愛知,54.0,A2,5.65,34.55,6.04,33.33,76,32.94,82,26.25,,9,https://www1.mbrace.or.jp/od2/B/202609/b260915.lzh,2026-10-03T18:36:58.467318+09:00
20260915,14,鳴門,2,20260915-14-02,3,4144,石塚久也,45,埼玉,53.0,A2,6.22,45.74,5.52,41.38,72,33.77,84,32.53,,11,https://www1.mbrace.or.jp/od2/B/202609/b260915.lzh,2026-10-03T18:36:58.467318+09:00
20260915,14,鳴門,2,20260915-14-02,4,5370,日隈茜,24,福岡,48.0,B2,1.3,1.89,1.53,5.88,16,38.04,55,34.18,,,https://www1.mbrace.or.jp/od2/B/202609/b260915.lzh,2026-10-03T18:36:58.467318+09:00
20260915,14,鳴門,2,20260915-14-02,5,4102,益田啓司,47,福岡,52.0,A1,6.48,50.36,7.0,57.14,33,37.04,79,28.75,,12,https://www1.mbrace.or.jp/od2/B/202609/b260915.lzh,2026-10-03T18:36:58.467318+09:00
20260915,14,鳴門,2,20260915-14-02,6,5375,庄島潤成,22,山口,55.0,B1,2.78,1.05,2.6,0.0,34,32.14,21,39.02,,7,https://www1.mbrace.or.jp/od2/B/202609/b260915.lzh,2026-10-03T18:36:58.467318+09:00
20260915,14,鳴門,3,20260915-14-03,1,4545,岡村慶太,38,福岡,58.0,A1,7.0,58.04,7.22,50.0,63,31.76,58,26.83,,12,https://www1.mbrace.or.jp/od2/B/202609/b260915.lzh,2026-10-03T18:36:58.467318+09:00
20260915,14,鳴門,3,20260915-14-03,2,3224,栗山繁洋,61,佐賀,53.0,B1,3.89,19.32,4.31,23.08,32,25.61,35,25.32,,8,https://www1.mbrace.or.jp/od2/B/202609/b260915.lzh,2026-10-03T18:36:58.467318+09:00
20260915,14,鳴門,3,20260915-14-03,3,5289,佃來紀,25,大阪,53.0,A2,5.71,40.71,5.13,26.09,37,50.0,51,34.52,,9,https://www1.mbrace.or.jp/od2/B/202609/b260915.lzh,2026-10-03T18:36:58.467318+09:00
20260915,14,鳴門,3,20260915-14-03,4,5242,高山弘斗,26,埼玉,52.0,B1,3.33,13.89,0.0,0.0,62,36.71,68,26.25,,7,https://www1.mbrace.or.jp/od2/B/202609/b260915.lzh,2026-10-03T18:36:58.467318+09:00
20260915,14,鳴門,3,20260915-14-03,5,3327,野長瀬正,59,静岡,52.0,A2,6.09,40.95,6.09,39.39,23,26.19,64,30.59,,11,https://www1.mbrace.or.jp/od2/B/202609/b260915.lzh,2026-10-03T18:36:58.467318+09:00
20260915,14,鳴門,3,20260915-14-03,6,3907,村越篤,48,香川,55.0,B1,5.08,32.08,5.16,19.35,79,44.3,38,30.12,,,https://www1.mbrace.or.jp/od2/B/202609/b260915.lzh,2026-10-03T18:36:58.467318+09:00
20260915,14,鳴門,4,20260915-14-04,1,3885,久田武,52,愛知,54.0,A2,5.02,30.61,4.4,13.33,61,31.4,53,49.38,,,https://www1.mbrace.or.jp/od2/B/202609/b260915.lzh,2026-10-03T18:36:58.467318+09:00
20260915,14,鳴門,4,20260915-14-04,2,4348,宮崎奨,41,香川,56.0,A2,5.89,43.7,6.17,41.67,66,42.5,62,30.77,,11,https://www1.mbrace.or.jp/od2/B/202609/b260915.lzh,2026-10-03T18:36:58.467318+09:00
20260915,14,鳴門,4,20260915-14-04,3,5341,山道諄也,25,群馬,55.0,B1,3.34,14.93,0.0,0.0,54,33.33,72,35.29,,,https://www1.mbrace.or.jp/od2/B/202609/b260915.lzh,2026-10-03T18:36:58.467318+09:00
20260915,14,鳴門,4,20260915-14-04,4,4290,稲田浩二,41,兵庫,53.0,A1,6.55,42.86,0.0,0.0,11,29.63,20,22.08,,12,https://www1.mbrace.or.jp/od2/B/202609/b260915.lzh,2026-10-03T18:36:58.467318+09:00
20260915,14,鳴門,4,20260915-14-04,5,5000,岡本翔太,32,山口,53.0,B1,5.31,37.5,4.67,25.93,82,61.54,25,20.25,,8,https://www1.mbrace.or.jp/od2/B/202609/b260915.lzh,2026-10-03T18:36:58.467318+09:00
20260915,14,鳴門,4,20260915-14-04,6,5144,中尾彩香,25,福岡,48.0,B1,4.48,22.73,3.25,6.25,22,31.11,12,31.33,,10,https://www1.mbrace.or.jp/od2/B/202609/b260915.lzh,2026-10-03T18:36:58.467318+09:00
20260915,14,鳴門,5,20260915-14-05,1,3611,岩崎芳美,54,徳島,48.0,A2,5.89,39.22,6.07,39.51,13,29.17,50,33.33,,11,https://www1.mbrace.or.jp/od2/B/202609/b260915.lzh,2026-10-03T18:36:58.467318+09:00
20260915,14,鳴門,5,20260915-14-05,2,5057,上田紗奈,30,大阪,46.0,B1,5.74,44.44,4.82,32.35,70,36.99,67,37.21,,,https://www1.mbrace.or.jp/od2/B/202609/b260915.lzh,2026-10-03T18:36:58.467318+09:00
20260915,14,鳴門,5,20260915-14-05,3,5173,谷口佳蓮,24,香川,47.0,B1,5.31,36.67,4.0,20.0,56,27.85,66,41.46,,,https://www1.mbrace.or.jp/od2/B/202609/b260915.lzh,2026-10-03T18:36:58.467318+09:00
20260915,14,鳴門,5,20260915-14-05,4,5389,恵良琴美,19,福岡,42.0,B1,2.52,3.23,1.2,0.0,81,29.17,18,32.94,,1,https://www1.mbrace.or.jp/od2/B/202609/b260915.lzh,2026-10-03T18:36:58.467318+09:00
20260915,14,鳴門,5,20260915-14-05,5,5264,登みひ果,26,兵庫,44.0,B1,4.98,30.61,4.56,0.0,77,33.33,56,45.78,,9,https://www1.mbrace.or.jp/od2/B/202609/b260915.lzh,2026-10-03T18:36:58.467318+09:00
20260915,14,鳴門,5,20260915-14-05,6,4447,深川麻奈,39,福岡,48.0,B1,5.81,38.1,6.13,31.25,57,40.26,10,49.4,,10,https://www1.mbrace.or.jp/od2/B/202609/b260915.lzh,2026-10-03T18:36:58.467318+09:00
20260915,14,鳴門,6,20260915-14-06,1,3790,佐口達也,54,群馬,55.0,B1,4.48,23.53,3.89,11.11,26,32.94,29,37.97,,,https://www1.mbrace.or.jp/od2/B/202609/b260915.lzh,2026-10-03T18:36:58.467318+09:00
20260915,14,鳴門,6,20260915-14-06,2,3612,馬袋義則,53,兵庫,53.0,A1,6.95,58.14,6.38,52.38,24,31.33,31,30.77,,12,https://www1.mbrace.or.jp/od2/B/202609/b260915.lzh,2026-10-03T18:36:58.467318+09:00
20260915,14,鳴門,6,20260915-14-06,3,4906,鈴木雅希,31,東京,54.0,A2,5.53,36.0,5.14,35.71,58,33.77,30,22.62,,10,https://www1.mbrace.or.jp/od2/B/202609/b260915.lzh,2026-10-03T18:36:58.467318+09:00
20260915,14,鳴門,6,20260915-14-06,4,4110,小澤和也,46,埼玉,57.0,B1,3.84,16.05,4.17,20.83,84,20.25,69,30.38,,1,https://www1.mbrace.or.jp/od2/B/202609/b260915.lzh,2026-10-03T18:36:58.467318+09:00
20260915,14,鳴門,6,20260915-14-06,5,4522,古澤光紀,38,福岡,54.0,A2,6.44,49.04,0.0,0.0,50,38.27,11,40.23,,11,https://www1.mbrace.or.jp/od2/B/202609/b260915.lzh,2026-10-03T18:36:58.467318+09:00
20260915,14,鳴門,6,20260915-14-06,6,5471,田中結,17,大阪,48.0,B2,1.5,0.0,0.0,0.0,73,23.46,23,33.75,,,https://www1.mbrace.or.jp/od2/B/202609/b260915.lzh,2026-10-03T18:36:58.467318+09:00
20260915,14,鳴門,7,20260915-14-07,1,4625,渡邊裕貴,40,静岡,52.0,B1,5.14,30.86,5.57,42.86,51,34.57,78,34.12,,,https://www1.mbrace.or.jp/od2/B/202609/b260915.lzh,2026-10-03T18:36:58.467318+09:00
20260915,14,鳴門,7,20260915-14-07,2,4356,長岡良也,42,兵庫,52.0,A2,6.15,42.05,5.85,40.0,52,39.02,71,22.22,,11,https://www1.mbrace.or.jp/od2/B/202609/b260915.lzh,2026-10-03T18:36:58.467318+09:00
20260915,14,鳴門,7,20260915-14-07,3,4737,竹井貴史,35,福岡,53.0,A1,6.74,54.21,6.0,40.0,64,35.53,17,37.21,,12,https://www1.mbrace.or.jp/od2/B/202609/b260915.lzh,2026-10-03T18:36:58.467318+09:00
20260915,14,鳴門,7,20260915-14-07,4,5375,庄島潤成,22,山口,55.0,B1,2.78,1.05,2.6,0.0,34,32.14,21,39.02,,2,https://www1.mbrace.or.jp/od2/B/202609/b260915.lzh,2026-10-03T18:36:58.467318+09:00
20260915,14,鳴門,7,20260915-14-07,5,4550,石岡将太,37,群馬,57.0,A2,4.92,23.71,8.13,62.5,65,34.94,81,32.94,,,https://www1.mbrace.or.jp/od2/B/202609/b260915.lzh,2026-10-03T18:36:58.467318+09:00
20260915,14,鳴門,7,20260915-14-07,6,5242,高山弘斗,26,埼玉,52.0,B1,3.33,13.89,0.0,0.0,62,36.71,68,26.25,,3,https://www1.mbrace.or.jp/od2/B/202609/b260915.lzh,2026-10-03T18:36:58.467318+09:00
20260915,14,鳴門,8,20260915-14-08,1,4636,赤池修平,36,徳島,53.0,B1,3.55,16.67,4.41,26.16,59,36.71,59,37.35,,,https://www1.mbrace.or.jp/od2/B/202609/b260915.lzh,2026-10-03T18:36:58.467318+09:00
20260915,14,鳴門,8,20260915-14-08,2,5000,岡本翔太,32,山口,53.0,B1,5.31,37.5,4.67,25.93,82,61.54,25,20.25,,4,https://www1.mbrace.or.jp/od2/B/202609/b260915.lzh,2026-10-03T18:36:58.467318+09:00
20260915,14,鳴門,8,20260915-14-08,3,4413,水摩敦,40,福岡,52.0,A2,5.9,36.59,5.4,30.23,15,53.01,73,25.61,,,https://www1.mbrace.or.jp/od2/B/202609/b260915.lzh,2026-10-03T18:36:58.467318+09:00
20260915,14,鳴門,8,20260915-14-08,4,3701,大西隆洋,53,香川,57.0,B1,4.13,15.22,3.07,7.41,27,29.89,15,31.33,,2,https://www1.mbrace.or.jp/od2/B/202609/b260915.lzh,2026-10-03T18:36:58.467318+09:00
20260915,14,鳴門,8,20260915-14-08,5,4138,中井俊祐,45,大阪,53.0,B1,4.52,27.27,4.5,21.05,10,20.0,65,36.71,,,https://www1.mbrace.or.jp/od2/B/202609/b260915.lzh,2026-10-03T18:36:58.467318+09:00
20260915,14,鳴門,8,20260915-14-08,6,3224,栗山繁洋,61,佐賀,53.0,B1,3.89,19.32,4.31,23.08,32,25.61,35,25.32,,3,https://www1.mbrace.or.jp/od2/B/202609/b260915.lzh,2026-10-03T18:36:58.467318+09:00
20260915,14,鳴門,9,20260915-14-09,1,4006,小野勇作,48,佐賀,51.0,B1,5.44,35.0,5.39,31.58,20,37.5,16,42.31,,,https://www1.mbrace.or.jp/od2/B/202609/b260915.lzh,2026-10-03T18:36:58.467318+09:00
20260915,14,鳴門,9,20260915-14-09,2,5264,登みひ果,26,兵庫,44.0,B1,4.98,30.61,4.56,0.0,77,33.33,56,45.78,,5,https://www1.mbrace.or.jp/od2/B/202609/b260915.lzh,2026-10-03T18:36:58.467318+09:00
20260915,14,鳴門,9,20260915-14-09,3,4748,渡邉雄朗,40,東京,52.0,A1,6.32,46.32,0.0,0.0,14,39.02,75,43.75,,,https://www1.mbrace.or.jp/od2/B/202609/b260915.lzh,2026-10-03T18:36:58.467318+09:00
20260915,14,鳴門,9,20260915-14-09,4,3722,西村秀樹,56,福岡,53.0,B1,3.49,9.88,0.0,0.0,19,36.25,80,20.0,,1,https://www1.mbrace.or.jp/od2/B/202609/b260915.lzh,2026-10-03T18:36:58.467318+09:00
20260915,14,鳴門,9,20260915-14-09,5,4142,平野和明,45,愛知,54.0,A2,5.65,34.55,6.04,33.33,76,32.94,82,26.25,,2,https://www1.mbrace.or.jp/od2/B/202609/b260915.lzh,2026-10-03T18:36:58.467318+09:00
20260915,14,鳴門,9,20260915-14-09,6,5289,佃來紀,25,大阪,53.0,A2,5.71,40.71,5.13,26.09,37,50.0,51,34.52,,3,https://www1.mbrace.or.jp/od2/B/202609/b260915.lzh,2026-10-03T18:36:58.467318+09:00
20260915,14,鳴門,10,20260915-14-10,1,3508,久富政弘,55,佐賀,55.0,A2,5.15,29.47,5.33,26.67,35,29.11,76,35.29,,,https://www1.mbrace.or.jp/od2/B/202609/b260915.lzh,2026-10-03T18:36:58.467318+09:00
20260915,14,鳴門,10,20260915-14-10,2,4447,深川麻奈,39,福岡,48.0,B1,5.81,38.1,6.13,31.25,57,40.26,10,49.4,,5,https://www1.mbrace.or.jp/od2/B/202609/b260915.lzh,2026-10-03T18:36:58.467318+09:00
20260915,14,鳴門,10,20260915-14-10,3,5039,倉田茂将,28,愛知,56.0,B1,3.84,17.24,4.3,20.0,67,38.36,57,21.92,,,https://www1.mbrace.or.jp/od2/B/202609/b260915.lzh,2026-10-03T18:36:58.467318+09:00
20260915,14,鳴門,10,20260915-14-10,4,5144,中尾彩香,25,福岡,48.0,B1,4.48,22.73,3.25,6.25,22,31.11,12,31.33,,4,https://www1.mbrace.or.jp/od2/B/202609/b260915.lzh,2026-10-03T18:36:58.467318+09:00
20260915,14,鳴門,10,20260915-14-10,5,5403,藤山湧太,22,徳島,53.0,B2,2.46,5.88,2.34,4.92,12,35.96,28,42.68,,1,https://www1.mbrace.or.jp/od2/B/202609/b260915.lzh,2026-10-03T18:36:58.467318+09:00
20260915,14,鳴門,10,20260915-14-10,6,4906,鈴木雅希,31,東京,54.0,A2,5.53,36.0,5.14,35.71,58,33.77,30,22.62,,6,https://www1.mbrace.or.jp/od2/B/202609/b260915.lzh,2026-10-03T18:36:58.467318+09:00
20260915,14,鳴門,11,20260915-14-11,1,4144,石塚久也,45,埼玉,53.0,A2,6.22,45.74,5.52,41.38,72,33.77,84,32.53,,2,https://www1.mbrace.or.jp/od2/B/202609/b260915.lzh,2026-10-03T18:36:58.467318+09:00
20260915,14,鳴門,11,20260915-14-11,2,3327,野長瀬正,59,静岡,52.0,A2,6.09,40.95,6.09,39.39,23,26.19,64,30.59,,3,https://www1.mbrace.or.jp/od2/B/202609/b260915.lzh,2026-10-03T18:36:58.467318+09:00
20260915,14,鳴門,11,20260915-14-11,3,4522,古澤光紀,38,福岡,54.0,A2,6.44,49.04,0.0,0.0,50,38.27,11,40.23,,6,https://www1.mbrace.or.jp/od2/B/202609/b260915.lzh,2026-10-03T18:36:58.467318+09:00
20260915,14,鳴門,11,20260915-14-11,4,4348,宮崎奨,41,香川,56.0,A2,5.89,43.7,6.17,41.67,66,42.5,62,30.77,,4,https://www1.mbrace.or.jp/od2/B/202609/b260915.lzh,2026-10-03T18:36:58.467318+09:00
20260915,14,鳴門,11,20260915-14-11,5,3611,岩崎芳美,54,徳島,48.0,A2,5.89,39.22,6.07,39.51,13,29.17,50,33.33,,5,https://www1.mbrace.or.jp/od2/B/202609/b260915.lzh,2026-10-03T18:36:58.467318+09:00
20260915,14,鳴門,11,20260915-14-11,6,4356,長岡良也,42,兵庫,52.0,A2,6.15,42.05,5.85,40.0,52,39.02,71,22.22,,7,https://www1.mbrace.or.jp/od2/B/202609/b260915.lzh,2026-10-03T18:36:58.467318+09:00
20260915,14,鳴門,12,20260915-14-12,1,4290,稲田浩二,41,兵庫,53.0,A1,6.55,42.86,0.0,0.0,11,29.63,20,22.08,,4,https://www1.mbrace.or.jp/od2/B/202609/b260915.lzh,2026-10-03T18:36:58.467318+09:00
20260915,14,鳴門,12,20260915-14-12,2,4102,益田啓司,47,福岡,52.0,A1,6.48,50.36,7.0,57.14,33,37.04,79,28.75,,2,https://www1.mbrace.or.jp/od2/B/202609/b260915.lzh,2026-10-03T18:36:58.467318+09:00
20260915,14,鳴門,12,20260915-14-12,3,3612,馬袋義則,53,兵庫,53.0,A1,6.95,58.14,6.38,52.38,24,31.33,31,30.77,,6,https://www1.mbrace.or.jp/od2/B/202609/b260915.lzh,2026-10-03T18:36:58.467318+09:00
20260915,14,鳴門,12,20260915-14-12,4,4545,岡村慶太,38,福岡,58.0,A1,7.0,58.04,7.22,50.0,63,31.76,58,26.83,,3,https://www1.mbrace.or.jp/od2/B/202609/b260915.lzh,2026-10-03T18:36:58.467318+09:00
20260915,14,鳴門,12,20260915-14-12,5,3304,烏野賢太,58,徳島,52.0,A1,5.65,34.68,5.97,39.77,18,33.33,52,32.91,,1,https://www1.mbrace.or.jp/od2/B/202609/b260915.lzh,2026-10-03T18:36:58.467318+09:00
20260915,14,鳴門,12,20260915-14-12,6,4737,竹井貴史,35,福岡,53.0,A1,6.74,54.21,6.0,40.0,64,35.53,17,37.21,,7,https://www1.mbrace.or.jp/od2/B/202609/b260915.lzh,2026-10-03T18:36:58.467318+09:00
20260915,12,住之江,1,20260915-12-01,1,4287,今井貴士,42,福岡,57.0,A2,6.46,47.66,7.59,72.41,78,16.67,55,37.63,163 141,11,https://www1.mbrace.or.jp/od2/B/202609/b260915.lzh,2026-10-03T18:36:58.467318+09:00
20260915,12,住之江,1,20260915-12-01,2,5110,杉山喜一,27,静岡,52.0,B1,4.79,29.17,4.57,28.57,68,25.56,33,39.78,3 246 33,,https://www1.mbrace.or.jp/od2/B/202609/b260915.lzh,2026-10-03T18:36:58.467318+09:00
20260915,12,住之江,1,20260915-12-01,3,4047,吉永浩則,46,大阪,53.0,B1,3.32,16.67,4.63,32.14,76,17.58,63,27.87,3 663 46,,https://www1.mbrace.or.jp/od2/B/202609/b260915.lzh,2026-10-03T18:36:58.467318+09:00
20260915,12,住之江,1,20260915-12-01,4,3957,大谷直弘,49,愛知,55.0,B1,4.82,25.69,3.29,14.29,60,39.18,70,20.43,622 456,,https://www1.mbrace.or.jp/od2/B/202609/b260915.lzh,2026-10-03T18:36:58.467318+09:00
20260915,12,住之江,1,20260915-12-01,5,4724,吉田祐貴,40,佐賀,55.0,B1,3.56,9.09,2.78,11.11,55,40.4,69,42.17,3 555 23,,https://www1.mbrace.or.jp/od2/B/202609/b260915.lzh,2026-10-03T18:36:58.467318+09:00
20260915,12,住之江,1,20260915-12-01,6,5187,小坂風太,26,福井,58.0,B2,3.06,4.76,5.33,16.67,57,41.0,88,35.56,5 6 245,8,https://www1.mbrace.or.jp/od2/B/202609/b260915.lzh,2026-10-03T18:36:58.467318+09:00
20260915,12,住之江,2,20260915-12-02,1,4710,福田宗平,36,大阪,52.0,A2,5.64,35.48,5.84,48.65,61,32.32,51,39.8,1 142 23,11,https://www1.mbrace.or.jp/od2/B/202609/b260915.lzh,2026-10-03T18:36:58.467318+09:00
20260915,12,住之江,2,20260915-12-02,2,3718,伊達正利,51,静岡,56.0,B1,4.44,23.6,0.0,0.0,79,39.18,57,32.97,4 155 15,12,https://www1.mbrace.or.jp/od2/B/202609/b260915.lzh,2026-10-03T18:36:58.467318+09:00
20260915,12,住之江,2,20260915-12-02,3,4060,島田一生,47,福岡,58.0,B1,4.68,29.67,4.89,30.43,51,45.65,66,32.95,3 451 65,,https://www1.mbrace.or.jp/od2/B/202609/b260915.lzh,2026-10-03T18:36:58.467318+09:00
20260915,12,住之江,2,20260915-12-02,4,3502,渡邉英児,57,静岡,53.0,A2,5.73,37.17,5.84,40.35,58,39.18,22,44.83,225 111,10,https://www1.mbrace.or.jp/od2/B/202609/b260915.lzh,2026-10-03T18:36:58.467318+09:00
20260915,12,住之江,2,20260915-12-02,5,4875,大塚康雅,32,東京,50.0,B1,5.47,36.46,5.91,45.45,20,44.33,53,30.21,541 454,,https://www1.mbrace.or.jp/od2/B/202609/b260915.lzh,2026-10-03T18:36:58.467318+09:00
20260915,12,住之江,2,20260915-12-02,6,4836,大谷健太,37,埼玉,52.0,B1,4.91,27.66,4.22,25.0,25,30.61,34,32.14,5 535 56,,https://www1.mbrace.or.jp/od2/B/202609/b260915.lzh,2026-10-03T18:36:58.467318+09:00
20260915,12,住之江,3,20260915-12-03,1,4624,高田明,41,佐賀,50.0,A1,6.42,48.42,6.38,46.15,69,35.87,78,27.37,1 422 34,9,https://www1.mbrace.or.jp/od2/B/202609/b260915.lzh,2026-10-03T18:36:58.467318+09:00
20260915,12,住之江,3,20260915-12-03,2,4260,中越博紀,42,香川,55.0,B1,5.86,45.76,4.95,38.1,80,50.0,21,34.44,1 551 65,12,https://www1.mbrace.or.jp/od2/B/202609/b260915.lzh,2026-10-03T18:36:58.467318+09:00
20260915,12,住之江,3,20260915-12-03,3,3293,宮内由紀,61,東京,52.0,B1,3.4,10.71,2.95,9.09,84,33.0,35,30.61,323 432,9,https://www1.mbrace.or.jp/od2/B/202609/b260915.lzh,2026-10-03T18:36:58.467318+09:00
20260915,12,住之江,3,20260915-12-03,4,5093,浦野海,24,福岡,56.0,B2,3.16,11.11,5.28,36.0,31,21.84,85,32.22,5 536 64,,https://www1.mbrace.or.jp/od2/B/202609/b260915.lzh,2026-10-03T18:36:58.467318+09:00
20260915,12,住之江,3,20260915-12-03,5,4679,植田太一,37,福岡,59.0,A2,6.2,47.46,6.7,51.85,81,29.89,84,24.14,4 335 45,12,https://www1.mbrace.or.jp/od2/B/202609/b260915.lzh,2026-10-03T18:36:58.467318+09:00
20260915,12,住之江,3,20260915-12-03,6,3630,黒田誠司,56,静岡,55.0,B1,3.74,16.67,4.08,15.38,59,25.0,18,28.05,263 655,,https://www1.mbrace.or.jp/od2/B/202609/b260915.lzh,2026-10-03T18:36:58.467318+09:00
20260915,12,住之江,4,20260915-12-04,1,5043,中村日向,27,香川,53.0,A1,7.24,61.16,5.0,14.29,83,25.81,89,32.93,226 1113,9,https://www1.mbrace.or.jp/od2/B/202609/b260915.lzh,2026-10-03T18:36:58.467318+09:00
20260915,12,住之江,4,20260915-12-04,2,5139,大場恒季,26,愛知,51.0,A1,6.73,52.81,6.04,46.81,70,39.0,81,38.64,3 225 14,9,https://www1.mbrace.or.jp/od2/B/202609/b260915.lzh,2026-10-03T18:36:58.467318+09:00
20260915,12,住之江,4,20260915-12-04,3,3654,武田光史,52,福井,52.0,A2,6.9,57.01,7.16,56.25,36,15.63,30,41.67,3 212 63,11,https://www1.mbrace.or.jp/od2/B/202609/b260915.lzh,2026-10-03T18:36:58.467318+09:00
20260915,12,住之江,4,20260915-12-04,4,3477,近藤稔也,56,徳島,53.0,B1,3.86,13.92,3.44,22.22,53,35.05,52,30.11,6 535 32,,https://www1.mbrace.or.jp/od2/B/202609/b260915.lzh,2026-10-03T18:36:58.467318+09:00
20260915,12,住之江,4,20260915-12-04,5,4404,岸蔭亮,41,兵庫,54.0,B1,3.62,13.11,4.56,32.0,27,41.05,16,29.9,264 524,,https://www1.mbrace.or.jp/od2/B/202609/b260915.lzh,2026-10-03T18:36:58.467318+09:00
20260915,12,住之江,4,20260915-12-04,6,4794,和田拓也,36,兵庫,55.0,A1,6.91,56.79,6.43,39.22,18,26.8,72,35.79,1 141211,10,https://www1.mbrace.or.jp/od2/B/202609/b260915.lzh,2026-10-03T18:36:58.467318+09:00
20260915,12,住之江,5,20260915-12-05,1,4218,吉川喜継,45,滋賀,52.0,A1,6.48,50.96,7.29,57.35,17,36.08,37,30.77,431 622,10,https://www1.mbrace.or.jp/od2/B/202609/b260915.lzh,2026-10-03T18:36:58.467318+09:00
20260915,12,住之江,5,20260915-12-05,2,4229,市川美宏,43,静岡,54.0,B1,4.27,19.23,4.23,15.38,13,28.42,75,34.07,416 331,9,https://www1.mbrace.or.jp/od2/B/202609/b260915.lzh,2026-10-03T18:36:58.467318+09:00
20260915,12,住之江,5,20260915-12-05,3,4416,三宅健太,39,広島,53.0,B1,5.42,37.36,0.0,0.0,11,40.59,36,36.36,5 214 63,,https://www1.mbrace.or.jp/od2/B/202609/b260915.lzh,2026-10-03T18:36:58.467318+09:00
20260915,12,住之江,5,20260915-12-05,4,4727,安部慎一,39,福岡,55.0,B1,4.14,15.71,3.83,16.67,32,33.33,25,26.74,1 136 25,10,https://www1.mbrace.or.jp/od2/B/202609/b260915.lzh,2026-10-03T18:36:58.467318+09:00
20260915,12,住之江,5,20260915-12-05,5,4626,伊藤紘章,40,愛知,51.0,B1,4.03,23.08,5.33,33.33,63,25.0,76,33.33,646 343,,https://www1.mbrace.or.jp/od2/B/202609/b260915.lzh,2026-10-03T18:36:58.467318+09:00
20260915,12,住之江,5,20260915-12-05,6,4959,井上忠政,30,大阪,52.0,A1,7.51,56.3,6.82,50.84,71,31.68,14,29.47,141 1 32,9,https://www1.mbrace.or.jp/od2/B/202609/b260915.lzh,2026-10-03T18:36:58.467318+09:00
20260915,12,住之江,6,20260915-12-06,1,4311,岡村仁,42,大阪,56.0,A1,6.39,50.54,6.58,49.31,77,34.74,28,37.5,666 1 12,10,https://www1.mbrace.or.jp/od2/B/202609/b260915.lzh,2026-10-03T18:36:58.467318+09:00
20260915,12,住之江,6,20260915-12-06,2,5321,一色颯輝,24,愛知,55.0,B1,4.86,31.51,4.11,33.33,73,35.64,56,31.76,154 636,12,https://www1.mbrace.or.jp/od2/B/202609/b260915.lzh,2026-10-03T18:36:58.467318+09:00
20260915,12,住之江,6,20260915-12-06,3,4898,菊地敬介,34,埼玉,55.0,B1,4.47,22.67,0.0,0.0,26,26.8,11,34.04,241 334,10,https://www1.mbrace.or.jp/od2/B/202609/b260915.lzh,2026-10-03T18:36:58.467318+09:00
20260915,12,住之江,6,20260915-12-06,4,4579,中嶋健一,37,三重,53.0,A2,6.21,40.38,6.68,48.0,50,24.21,38,27.08,2 632 42,,https://www1.mbrace.or.jp/od2/B/202609/b260915.lzh,2026-10-03T18:36:58.467318+09:00
20260915,12,住之江,6,20260915-12-06,5,5285,若林麗,27,東京,51.0,B1,3.39,10.81,2.81,7.41,52,31.0,27,26.6,5 324 44,,https://www1.mbrace.or.jp/od2/B/202609/b260915.lzh,2026-10-03T18:36:58.467318+09:00
20260915,12,住之江,6,20260915-12-06,6,5158,宮脇遼太,28,福岡,54.0,A1,6.31,52.21,7.19,62.5,85,35.42,31,37.36,212 221,11,https://www1.mbrace.or.jp/od2/B/202609/b260915.lzh,2026-10-03T18:36:58.467318+09:00
20260915,12,住之江,7,20260915-12-07,1,4063,市橋卓士,47,徳島,53.0,A1,6.13,40.0,5.84,45.95,33,31.25,29,34.07,15413 2,11,https://www1.mbrace.or.jp/od2/B/202609/b260915.lzh,2026-10-03T18:36:58.467318+09:00
20260915,12,住之江,7,20260915-12-07,2,4401,小林泰,41,東京,53.0,A2,5.85,40.66,7.08,58.33,15,29.17,19,22.92,3 324 26,11,https://www1.mbrace.or.jp/od2/B/202609/b260915.lzh,2026-10-03T18:36:58.467318+09:00
20260915,12,住之江,7,20260915-12-07,3,3757,畑和宏,54,広島,53.0,A2,5.43,39.76,0.0,0.0,38,50.52,86,29.41,446 141,12,https://www1.mbrace.or.jp/od2/B/202609/b260915.lzh,2026-10-03T18:36:58.467318+09:00
20260915,12,住之江,7,20260915-12-07,4,4253,西川真人,43,滋賀,56.0,B1,4.35,18.87,4.17,30.43,39,40.21,13,36.96,2 263 54,,https://www1.mbrace.or.jp/od2/B/202609/b260915.lzh,2026-10-03T18:36:58.467318+09:00
20260915,12,住之江,7,20260915-12-07,5,3775,泉啓文,52,岡山,59.0,B1,3.82,19.59,4.43,28.57,24,45.74,82,48.1,665 422,,https://www1.mbrace.or.jp/od2/B/202609/b260915.lzh,2026-10-03T18:36:58.467318+09:00
20260915,12,住之江,7,20260915-12-07,6,5009,大賀龍之,29,福岡,55.0,A2,5.36,36.0,5.0,37.5,28,30.69,61,29.21,3 64266,,https://www1.mbrace.or.jp/od2/B/202609/b260915.lzh,2026-10-03T18:36:58.467318+09:00
20260915,12,住之江,8,20260915-12-08,1,5187,小坂風太,26,福井,58.0,B2,3.06,4.76,5.33,16.67,57,41.0,88,35.56,5 6 245,1,https://www1.mbrace.or.jp/od2/B/202609/b260915.lzh,2026-10-03T18:36:58.467318+09:00
20260915,12,住之江,8,20260915-12-08,2,3471,赤峰和也,56,佐賀,54.0,B1,4.01,17.28,4.52,19.05,12,25.0,79,39.74,161 365,,https://www1.mbrace.or.jp/od2/B/202609/b260915.lzh,2026-10-03T18:36:58.467318+09:00
20260915,12,住之江,8,20260915-12-08,3,3558,山本浩次,53,岡山,54.0,B1,4.91,25.81,4.09,15.63,30,26.8,20,32.26,544 345,,https://www1.mbrace.or.jp/od2/B/202609/b260915.lzh,2026-10-03T18:36:58.467318+09:00
20260915,12,住之江,8,20260915-12-08,4,4375,照屋厚仁,42,兵庫,51.0,A2,5.85,38.74,6.07,43.33,82,37.76,80,31.46,635 661,,https://www1.mbrace.or.jp/od2/B/202609/b260915.lzh,2026-10-03T18:36:58.467318+09:00
20260915,12,住之江,8,20260915-12-08,5,4962,畑竜生,30,三重,52.0,A2,5.5,37.72,5.55,34.69,21,21.88,39,28.05,552 555,,https://www1.mbrace.or.jp/od2/B/202609/b260915.lzh,2026-10-03T18:36:58.467318+09:00
20260915,12,住之江,8,20260915-12-08,6,3300,川崎智幸,59,岡山,53.0,A2,5.88,41.51,6.0,42.11,72,31.63,74,25.0,5 461 36,12,https://www1.mbrace.or.jp/od2/B/202609/b260915.lzh,2026-10-03T18:36:58.467318+09:00
20260915,12,住之江,9,20260915-12-09,1,4959,井上忠政,30,大阪,52.0,A1,7.51,56.3,6.82,50.84,71,31.68,14,29.47,141 1 32,5,https://www1.mbrace.or.jp/od2/B/202609/b260915.lzh,2026-10-03T18:36:58.467318+09:00
20260915,12,住之江,9,20260915-12-09,2,5043,中村日向,27,香川,53.0,A1,7.24,61.16,5.0,14.29,83,25.81,89,32.93,226 1113,4,https://www1.mbrace.or.jp/od2/B/202609/b260915.lzh,2026-10-03T18:36:58.467318+09:00
20260915,12,住之江,9,20260915-12-09,3,4624,高田明,41,佐賀,50.0,A1,6.42,48.42,6.38,46.15,69,35.87,78,27.37,1 422 34,3,https://www1.mbrace.or.jp/od2/B/202609/b260915.lzh,2026-10-03T18:36:58.467318+09:00
20260915,12,住之江,9,20260915-12-09,4,5139,大場恒季,26,愛知,51.0,A1,6.73,52.81,6.04,46.81,70,39.0,81,38.64,3 225 14,4,https://www1.mbrace.or.jp/od2/B/202609/b260915.lzh,2026-10-03T18:36:58.467318+09:00
20260915,12,住之江,9,20260915-12-09,5,3293,宮内由紀,61,東京,52.0,B1,3.4,10.71,2.95,9.09,84,33.0,35,30.61,323 432,3,https://www1.mbrace.or.jp/od2/B/202609/b260915.lzh,2026-10-03T18:36:58.467318+09:00
20260915,12,住之江,9,20260915-12-09,6,4229,市川美宏,43,静岡,54.0,B1,4.27,19.23,4.23,15.38,13,28.42,75,34.07,416 331,5,https://www1.mbrace.or.jp/od2/B/202609/b260915.lzh,2026-10-03T18:36:58.467318+09:00
20260915,12,住之江,10,20260915-12-10,1,4794,和田拓也,36,兵庫,55.0,A1,6.91,56.79,6.43,39.22,18,26.8,72,35.79,1 141211,4,https://www1.mbrace.or.jp/od2/B/202609/b260915.lzh,2026-10-03T18:36:58.467318+09:00
20260915,12,住之江,10,20260915-12-10,2,3502,渡邉英児,57,静岡,53.0,A2,5.73,37.17,5.84,40.35,58,39.18,22,44.83,225 111,2,https://www1.mbrace.or.jp/od2/B/202609/b260915.lzh,2026-10-03T18:36:58.467318+09:00
20260915,12,住之江,10,20260915-12-10,3,4727,安部慎一,39,福岡,55.0,B1,4.14,15.71,3.83,16.67,32,33.33,25,26.74,1 136 25,5,https://www1.mbrace.or.jp/od2/B/202609/b260915.lzh,2026-10-03T18:36:58.467318+09:00
20260915,12,住之江,10,20260915-12-10,4,4218,吉川喜継,45,滋賀,52.0,A1,6.48,50.96,7.29,57.35,17,36.08,37,30.77,431 622,5,https://www1.mbrace.or.jp/od2/B/202609/b260915.lzh,2026-10-03T18:36:58.467318+09:00
20260915,12,住之江,10,20260915-12-10,5,4898,菊地敬介,34,埼玉,55.0,B1,4.47,22.67,0.0,0.0,26,26.8,11,34.04,241 334,6,https://www1.mbrace.or.jp/od2/B/202609/b260915.lzh,2026-10-03T18:36:58.467318+09:00
20260915,12,住之江,10,20260915-12-10,6,4311,岡村仁,42,大阪,56.0,A1,6.39,50.54,6.58,49.31,77,34.74,28,37.5,666 1 12,6,https://www1.mbrace.or.jp/od2/B/202609/b260915.lzh,2026-10-03T18:36:58.467318+09:00
20260915,12,住之江,11,20260915-12-11,1,5158,宮脇遼太,28,福岡,54.0,A1,6.31,52.21,7.19,62.5,85,35.42,31,37.36,212 221,6,https://www1.mbrace.or.jp/od2/B/202609/b260915.lzh,2026-10-03T18:36:58.467318+09:00
20260915,12,住之江,11,20260915-12-11,2,4710,福田宗平,36,大阪,52.0,A2,5.64,35.48,5.84,48.65,61,32.32,51,39.8,1 142 23,2,https://www1.mbrace.or.jp/od2/B/202609/b260915.lzh,2026-10-03T18:36:58.467318+09:00
20260915,12,住之江,11,20260915-12-11,3,4287,今井貴士,42,福岡,57.0,A2,6.46,47.66,7.59,72.41,78,16.67,55,37.63,163 141,1,https://www1.mbrace.or.jp/od2/B/202609/b260915.lzh,2026-10-03T18:36:58.467318+09:00
20260915,12,住之江,11,20260915-12-11,4,3654,武田光史,52,福井,52.0,A2,6.9,57.01,7.16,56.25,36,15.63,30,41.67,3 212 63,4,https://www1.mbrace.or.jp/od2/B/202609/b260915.lzh,2026-10-03T18:36:58.467318+09:00
20260915,12,住之江,11,20260915-12-11,5,4401,小林泰,41,東京,53.0,A2,5.85,40.66,7.08,58.33,15,29.17,19,22.92,3 324 26,7,https://www1.mbrace.or.jp/od2/B/202609/b260915.lzh,2026-10-03T18:36:58.467318+09:00
20260915,12,住之江,11,20260915-12-11,6,4063,市橋卓士,47,徳島,53.0,A1,6.13,40.0,5.84,45.95,33,31.25,29,34.07,15413 2,7,https://www1.mbrace.or.jp/od2/B/202609/b260915.lzh,2026-10-03T18:36:58.467318+09:00
20260915,12,住之江,12,20260915-12-12,1,3300,川崎智幸,59,岡山,53.0,A2,5.88,41.51,6.0,42.11,72,31.63,74,25.0,5 461 36,8,https://www1.mbrace.or.jp/od2/B/202609/b260915.lzh,2026-10-03T18:36:58.467318+09:00
20260915,12,住之江,12,20260915-12-12,2,4679,植田太一,37,福岡,59.0,A2,6.2,47.46,6.7,51.85,81,29.89,84,24.14,4 335 45,3,https://www1.mbrace.or.jp/od2/B/202609/b260915.lzh,2026-10-03T18:36:58.467318+09:00
20260915,12,住之江,12,20260915-12-12,3,3718,伊達正利,51,静岡,56.0,B1,4.44,23.6,0.0,0.0,79,39.18,57,32.97,4 155 15,2,https://www1.mbrace.or.jp/od2/B/202609/b260915.lzh,2026-10-03T18:36:58.467318+09:00
20260915,12,住之江,12,20260915-12-12,4,4260,中越博紀,42,香川,55.0,B1,5.86,45.76,4.95,38.1,80,50.0,21,34.44,1 551 65,3,https://www1.mbrace.or.jp/od2/B/202609/b260915.lzh,2026-10-03T18:36:58.467318+09:00
20260915,12,住之江,12,20260915-12-12,5,3757,畑和宏,54,広島,53.0,A2,5.43,39.76,0.0,0.0,38,50.52,86,29.41,446 141,7,https://www1.mbrace.or.jp/od2/B/202609/b260915.lzh,2026-10-03T18:36:58.467318+09:00
20260915,12,住之江,12,20260915-12-12,6,5321,一色颯輝,24,愛知,55.0,B1,4.86,31.51,4.11,33.33,73,35.64,56,31.76,154 636,6,https://www1.mbrace.or.jp/od2/B/202609/b260915.lzh,2026-10-03T18:36:58.467318+09:00
20260915,11,びわこ,1,20260915-11-01,1,4116,川田正人,45,徳島,51.0,B1,4.42,12.82,4.79,29.17,71,32.99,14,7.69,445,8,https://www1.mbrace.or.jp/od2/B/202609/b260915.lzh,2026-10-03T18:36:58.467318+09:00
20260915,11,びわこ,1,20260915-11-01,2,4380,鈴木峻佑,42,静岡,54.0,B1,4.91,30.19,4.23,25.71,17,25.77,34,43.75,416,11,https://www1.mbrace.or.jp/od2/B/202609/b260915.lzh,2026-10-03T18:36:58.467318+09:00
20260915,11,びわこ,1,20260915-11-01,3,3896,上田洋平,50,滋賀,51.0,B1,5.14,25.0,5.3,32.8,32,35.35,47,38.1,6 13,,https://www1.mbrace.or.jp/od2/B/202609/b260915.lzh,2026-10-03T18:36:58.467318+09:00
20260915,11,びわこ,1,20260915-11-01,4,4894,原村拓也,35,香川,51.0,B1,4.52,19.79,4.75,25.0,55,30.93,61,37.37,3 24,10,https://www1.mbrace.or.jp/od2/B/202609/b260915.lzh,2026-10-03T18:36:58.467318+09:00
20260915,11,びわこ,1,20260915-11-01,5,4957,竹之内極,31,福岡,57.0,B1,5.44,34.69,0.0,0.0,18,47.62,21,31.18,2 34,5,https://www1.mbrace.or.jp/od2/B/202609/b260915.lzh,2026-10-03T18:36:58.467318+09:00
20260915,11,びわこ,1,20260915-11-01,6,3441,土屋太朗,57,群馬,54.0,B1,4.84,25.25,5.7,30.0,38,28.43,71,31.18,2 42,9,https://www1.mbrace.or.jp/od2/B/202609/b260915.lzh,2026-10-03T18:36:58.467318+09:00
20260915,11,びわこ,2,20260915-11-02,1,4974,安井瑞紀,33,岡山,46.0,A2,5.47,38.14,4.92,28.0,54,30.3,35,29.35,265,10,https://www1.mbrace.or.jp/od2/B/202609/b260915.lzh,2026-10-03T18:36:58.467318+09:00
20260915,11,びわこ,2,20260915-11-02,2,4183,宇野弥生,40,愛知,47.0,B1,5.23,39.53,7.37,59.26,62,24.51,25,41.9,6 66,9,https://www1.mbrace.or.jp/od2/B/202609/b260915.lzh,2026-10-03T18:36:58.467318+09:00
20260915,11,びわこ,2,20260915-11-02,3,3518,倉田郁美,58,静岡,49.0,B1,4.17,17.95,7.0,66.67,46,32.63,12,40.0,361,8,https://www1.mbrace.or.jp/od2/B/202609/b260915.lzh,2026-10-03T18:36:58.467318+09:00
20260915,11,びわこ,2,20260915-11-02,4,4947,間庭菜摘,34,福岡,47.0,B1,4.79,22.39,5.26,31.58,16,30.85,45,30.61,5 35,6,https://www1.mbrace.or.jp/od2/B/202609/b260915.lzh,2026-10-03T18:36:58.467318+09:00
20260915,11,びわこ,2,20260915-11-02,5,3435,寺田千恵,57,岡山,46.0,A2,6.44,43.36,6.86,50.0,35,23.53,30,28.13,134,12,https://www1.mbrace.or.jp/od2/B/202609/b260915.lzh,2026-10-03T18:36:58.467318+09:00
20260915,11,びわこ,2,20260915-11-02,6,5410,今泉澪,21,愛知,49.0,B2,1.6,0.0,1.78,0.0,60,14.74,63,22.22,666,7,https://www1.mbrace.or.jp/od2/B/202609/b260915.lzh,2026-10-03T18:36:58.467318+09:00
20260915,11,びわこ,3,20260915-11-03,1,3454,井川大作,55,岡山,57.0,B1,5.25,35.63,4.29,25.0,29,40.4,53,37.5,624,7,https://www1.mbrace.or.jp/od2/B/202609/b260915.lzh,2026-10-03T18:36:58.467318+09:00
20260915,11,びわこ,3,20260915-11-03,2,4747,山戸信二,41,長崎,53.0,B1,3.52,13.79,4.8,20.0,64,31.31,18,32.99,S56,,https://www1.mbrace.or.jp/od2/B/202609/b260915.lzh,2026-10-03T18:36:58.467318+09:00
20260915,11,びわこ,3,20260915-11-03,3,4124,池田雄一,44,静岡,53.0,A2,5.97,39.42,5.52,40.0,14,36.17,55,26.6,4 12,9,https://www1.mbrace.or.jp/od2/B/202609/b260915.lzh,2026-10-03T18:36:58.467318+09:00
20260915,11,びわこ,3,20260915-11-03,4,3905,天野友和,48,愛知,53.0,A2,5.89,37.84,6.1,35.48,56,29.9,31,41.35,3 33,8,https://www1.mbrace.or.jp/od2/B/202609/b260915.lzh,2026-10-03T18:36:58.467318+09:00
20260915,11,びわこ,3,20260915-11-03,5,5011,高木圭大,29,長崎,53.0,B1,3.94,19.35,3.79,7.14,31,40.86,49,39.39,545,,https://www1.mbrace.or.jp/od2/B/202609/b260915.lzh,2026-10-03T18:36:58.467318+09:00
20260915,11,びわこ,3,20260915-11-03,6,3961,谷村一哉,47,山口,55.0,A1,6.72,50.41,4.84,21.05,67,36.17,39,33.68,121,11,https://www1.mbrace.or.jp/od2/B/202609/b260915.lzh,2026-10-03T18:36:58.467318+09:00
20260915,11,びわこ,4,20260915-11-04,1,4186,小川時光,45,埼玉,56.0,B1,3.78,18.75,3.4,0.0,43,28.87,37,34.34,6 24,9,https://www1.mbrace.or.jp/od2/B/202609/b260915.lzh,2026-10-03T18:36:58.467318+09:00
20260915,11,びわこ,4,20260915-11-04,2,4607,鶴田勇雄,37,福岡,54.0,A2,5.81,40.68,6.1,45.0,73,27.27,28,10.47,213,12,https://www1.mbrace.or.jp/od2/B/202609/b260915.lzh,2026-10-03T18:36:58.467318+09:00
20260915,11,びわこ,4,20260915-11-04,3,4821,妻鳥晋也,34,香川,55.0,B1,5.0,28.41,6.09,27.27,49,36.56,60,33.33,325,8,https://www1.mbrace.or.jp/od2/B/202609/b260915.lzh,2026-10-03T18:36:58.467318+09:00
20260915,11,びわこ,4,20260915-11-04,4,3793,高橋真吾,53,埼玉,58.0,B1,4.13,25.0,3.8,20.0,39,30.61,72,34.65,5 63,,https://www1.mbrace.or.jp/od2/B/202609/b260915.lzh,2026-10-03T18:36:58.467318+09:00
20260915,11,びわこ,4,20260915-11-04,5,4983,前田篤哉,29,愛知,52.0,A1,6.62,52.1,7.71,58.33,70,32.29,20,44.12,1453,11,https://www1.mbrace.or.jp/od2/B/202609/b260915.lzh,2026-10-03T18:36:58.467318+09:00
20260915,11,びわこ,4,20260915-11-04,6,5472,中川海虹,16,愛知,42.0,B2,1.0,0.0,0.0,0.0,69,28.7,64,32.99,6 66,,https://www1.mbrace.or.jp/od2/B/202609/b260915.lzh,2026-10-03T18:36:58.467318+09:00
20260915,11,びわこ,5,20260915-11-05,1,4254,川島圭司,43,滋賀,52.0,A2,5.94,40.82,5.89,40.76,50,32.98,70,37.37,3 32,11,https://www1.mbrace.or.jp/od2/B/202609/b260915.lzh,2026-10-03T18:36:58.467318+09:00
20260915,11,びわこ,5,20260915-11-05,2,4957,竹之内極,31,福岡,57.0,B1,5.44,34.69,0.0,0.0,18,47.62,21,31.18,2 34,1,https://www1.mbrace.or.jp/od2/B/202609/b260915.lzh,2026-10-03T18:36:58.467318+09:00
20260915,11,びわこ,5,20260915-11-05,3,4540,相原利章,39,東京,53.0,A2,5.01,28.13,5.5,40.0,24,24.66,27,28.87,1321,,https://www1.mbrace.or.jp/od2/B/202609/b260915.lzh,2026-10-03T18:36:58.467318+09:00
20260915,11,びわこ,5,20260915-11-05,4,5132,中野希一,27,埼玉,53.0,A1,6.74,54.55,8.27,72.73,51,31.31,17,39.36,3141,9,https://www1.mbrace.or.jp/od2/B/202609/b260915.lzh,2026-10-03T18:36:58.467318+09:00
20260915,11,びわこ,5,20260915-11-05,5,4108,吉村正明,46,山口,50.0,A1,5.93,42.39,6.2,40.0,68,28.57,43,46.15,4 32,10,https://www1.mbrace.or.jp/od2/B/202609/b260915.lzh,2026-10-03T18:36:58.467318+09:00
20260915,11,びわこ,5,20260915-11-05,6,3708,岡部貴司,52,岡山,56.0,B1,5.2,31.46,6.13,36.67,34,31.31,40,26.32,224,12,https://www1.mbrace.or.jp/od2/B/202609/b260915.lzh,2026-10-03T18:36:58.467318+09:00
20260915,11,びわこ,6,20260915-11-06,1,4947,間庭菜摘,34,福岡,47.0,B1,4.79,22.39,5.26,31.58,16,30.85,45,30.61,5 35,2,https://www1.mbrace.or.jp/od2/B/202609/b260915.lzh,2026-10-03T18:36:58.467318+09:00
20260915,11,びわこ,6,20260915-11-06,2,5032,谷口知優,28,香川,52.0,A2,4.89,30.7,0.0,0.0,66,29.81,44,37.04,4 13,11,https://www1.mbrace.or.jp/od2/B/202609/b260915.lzh,2026-10-03T18:36:58.467318+09:00
20260915,11,びわこ,6,20260915-11-06,3,4216,星栄爾,41,静岡,54.0,B1,4.8,25.74,4.79,20.83,22,28.13,33,31.0,5 25,10,https://www1.mbrace.or.jp/od2/B/202609/b260915.lzh,2026-10-03T18:36:58.467318+09:00
20260915,11,びわこ,6,20260915-11-06,4,4486,野村誠,40,群馬,53.0,A2,5.8,40.35,5.0,23.81,36,27.45,19,31.07,2215,,https://www1.mbrace.or.jp/od2/B/202609/b260915.lzh,2026-10-03T18:36:58.467318+09:00
20260915,11,びわこ,6,20260915-11-06,5,5055,眞鳥章太,30,長崎,54.0,A2,5.62,35.96,5.73,31.82,28,22.92,67,22.58,3554,,https://www1.mbrace.or.jp/od2/B/202609/b260915.lzh,2026-10-03T18:36:58.467318+09:00
20260915,11,びわこ,6,20260915-11-06,6,4766,石井孝之,35,群馬,55.0,B1,3.91,13.33,5.1,25.0,25,28.57,62,39.22,153,12,https://www1.mbrace.or.jp/od2/B/202609/b260915.lzh,2026-10-03T18:36:58.467318+09:00
20260915,11,びわこ,7,20260915-11-07,1,5170,佐藤太亮,25,岡山,50.0,B1,5.5,33.33,3.6,20.0,59,30.53,73,20.93,534,11,https://www1.mbrace.or.jp/od2/B/202609/b260915.lzh,2026-10-03T18:36:58.467318+09:00
20260915,11,びわこ,7,20260915-11-07,2,3797,岩井繁,53,広島,62.0,B1,3.6,13.59,4.32,26.32,63,29.29,32,30.3,4 56,,https://www1.mbrace.or.jp/od2/B/202609/b260915.lzh,2026-10-03T18:36:58.467318+09:00
20260915,11,びわこ,7,20260915-11-07,3,3454,井川大作,55,岡山,57.0,B1,5.25,35.63,4.29,25.0,29,40.4,53,37.5,624,3,https://www1.mbrace.or.jp/od2/B/202609/b260915.lzh,2026-10-03T18:36:58.467318+09:00
20260915,11,びわこ,7,20260915-11-07,4,4111,奥田誠,46,広島,55.0,A2,5.56,39.81,3.95,19.05,27,25.88,15,41.24,2622,,https://www1.mbrace.or.jp/od2/B/202609/b260915.lzh,2026-10-03T18:36:58.467318+09:00
20260915,11,びわこ,7,20260915-11-07,5,5278,田中駿兵,24,徳島,52.0,A1,6.79,54.95,4.33,11.11,58,26.8,48,22.47,1622,12,https://www1.mbrace.or.jp/od2/B/202609/b260915.lzh,2026-10-03T18:36:58.467318+09:00
20260915,11,びわこ,7,20260915-11-07,6,5410,今泉澪,21,愛知,49.0,B2,1.6,0.0,1.78,0.0,60,14.74,63,22.22,666,2,https://www1.mbrace.or.jp/od2/B/202609/b260915.lzh,2026-10-03T18:36:58.467318+09:00
20260915,11,びわこ,8,20260915-11-08,1,4660,宇田川信,35,東京,54.0,B1,4.37,25.0,4.0,17.65,15,29.0,51,29.47,355,,https://www1.mbrace.or.jp/od2/B/202609/b260915.lzh,2026-10-03T18:36:58.467318+09:00
20260915,11,びわこ,8,20260915-11-08,2,3905,天野友和,48,愛知,53.0,A2,5.89,37.84,6.1,35.48,56,29.9,31,41.35,3 33,3,https://www1.mbrace.or.jp/od2/B/202609/b260915.lzh,2026-10-03T18:36:58.467318+09:00
20260915,11,びわこ,8,20260915-11-08,3,4786,佐藤博亮,38,愛知,54.0,A1,6.59,54.84,7.03,58.06,20,31.63,68,41.75,5111,12,https://www1.mbrace.or.jp/od2/B/202609/b260915.lzh,2026-10-03T18:36:58.467318+09:00
20260915,11,びわこ,8,20260915-11-08,4,3518,倉田郁美,58,静岡,49.0,B1,4.17,17.95,7.0,66.67,46,32.63,12,40.0,361,2,https://www1.mbrace.or.jp/od2/B/202609/b260915.lzh,2026-10-03T18:36:58.467318+09:00
20260915,11,びわこ,8,20260915-11-08,5,4116,川田正人,45,徳島,51.0,B1,4.42,12.82,4.79,29.17,71,32.99,14,7.69,445,1,https://www1.mbrace.or.jp/od2/B/202609/b260915.lzh,2026-10-03T18:36:58.467318+09:00
20260915,11,びわこ,8,20260915-11-08,6,4821,妻鳥晋也,34,香川,55.0,B1,5.0,28.41,6.09,27.27,49,36.56,60,33.33,325,4,https://www1.mbrace.or.jp/od2/B/202609/b260915.lzh,2026-10-03T18:36:58.467318+09:00
20260915,11,びわこ,9,20260915-11-09,1,4012,中村有裕,46,滋賀,56.0,A2,6.45,48.78,6.28,47.13,12,49.02,29,35.79,4145,,https://www1.mbrace.or.jp/od2/B/202609/b260915.lzh,2026-10-03T18:36:58.467318+09:00
20260915,11,びわこ,9,20260915-11-09,2,3441,土屋太朗,57,群馬,54.0,B1,4.84,25.25,5.7,30.0,38,28.43,71,31.18,2 42,1,https://www1.mbrace.or.jp/od2/B/202609/b260915.lzh,2026-10-03T18:36:58.467318+09:00
20260915,11,びわこ,9,20260915-11-09,3,4183,宇野弥生,40,愛知,47.0,B1,5.23,39.53,7.37,59.26,62,24.51,25,41.9,6 66,2,https://www1.mbrace.or.jp/od2/B/202609/b260915.lzh,2026-10-03T18:36:58.467318+09:00
20260915,11,びわこ,9,20260915-11-09,4,4124,池田雄一,44,静岡,53.0,A2,5.97,39.42,5.52,40.0,14,36.17,55,26.6,4 12,3,https://www1.mbrace.or.jp/od2/B/202609/b260915.lzh,2026-10-03T18:36:58.467318+09:00
20260915,11,びわこ,9,20260915-11-09,5,4186,小川時光,45,埼玉,56.0,B1,3.78,18.75,3.4,0.0,43,28.87,37,34.34,6 24,4,https://www1.mbrace.or.jp/od2/B/202609/b260915.lzh,2026-10-03T18:36:58.467318+09:00
20260915,11,びわこ,9,20260915-11-09,6,5132,中野希一,27,埼玉,53.0,A1,6.74,54.55,8.27,72.73,51,31.31,17,39.36,3141,5,https://www1.mbrace.or.jp/od2/B/202609/b260915.lzh,2026-10-03T18:36:58.467318+09:00
20260915,11,びわこ,10,20260915-11-10,1,4108,吉村正明,46,山口,50.0,A1,5.93,42.39,6.2,40.0,68,28.57,43,46.15,4 32,5,https://www1.mbrace.or.jp/od2/B/202609/b260915.lzh,2026-10-03T18:36:58.467318+09:00
20260915,11,びわこ,10,20260915-11-10,2,4835,橋本明,38,広島,54.0,B1,5.06,27.78,5.27,13.33,44,32.99,56,25.0,4 66,,https://www1.mbrace.or.jp/od2/B/202609/b260915.lzh,2026-10-03T18:36:58.467318+09:00
20260915,11,びわこ,10,20260915-11-10,3,4894,原村拓也,35,香川,51.0,B1,4.52,19.79,4.75,25.0,55,30.93,61,37.37,3 24,1,https://www1.mbrace.or.jp/od2/B/202609/b260915.lzh,2026-10-03T18:36:58.467318+09:00
20260915,11,びわこ,10,20260915-11-10,4,3918,深井利寿,52,滋賀,52.0,A1,6.7,42.98,6.89,49.32,40,42.42,41,44.55,3511,,https://www1.mbrace.or.jp/od2/B/202609/b260915.lzh,2026-10-03T18:36:58.467318+09:00
20260915,11,びわこ,10,20260915-11-10,5,4974,安井瑞紀,33,岡山,46.0,A2,5.47,38.14,4.92,28.0,54,30.3,35,29.35,265,2,https://www1.mbrace.or.jp/od2/B/202609/b260915.lzh,2026-10-03T18:36:58.467318+09:00
20260915,11,びわこ,10,20260915-11-10,6,4216,星栄爾,41,静岡,54.0,B1,4.8,25.74,4.79,20.83,22,28.13,33,31.0,5 25,6,https://www1.mbrace.or.jp/od2/B/202609/b260915.lzh,2026-10-03T18:36:58.467318+09:00
20260915,11,びわこ,11,20260915-11-11,1,4983,前田篤哉,29,愛知,52.0,A1,6.62,52.1,7.71,58.33,70,32.29,20,44.12,1453,4,https://www1.mbrace.or.jp/od2/B/202609/b260915.lzh,2026-10-03T18:36:58.467318+09:00
20260915,11,びわこ,11,20260915-11-11,2,3961,谷村一哉,47,山口,55.0,A1,6.72,50.41,4.84,21.05,67,36.17,39,33.68,121,3,https://www1.mbrace.or.jp/od2/B/202609/b260915.lzh,2026-10-03T18:36:58.467318+09:00
20260915,11,びわこ,11,20260915-11-11,3,4254,川島圭司,43,滋賀,52.0,A2,5.94,40.82,5.89,40.76,50,32.98,70,37.37,3 32,5,https://www1.mbrace.or.jp/od2/B/202609/b260915.lzh,2026-10-03T18:36:58.467318+09:00
20260915,11,びわこ,11,20260915-11-11,4,5170,佐藤太亮,25,岡山,50.0,B1,5.5,33.33,3.6,20.0,59,30.53,73,20.93,534,7,https://www1.mbrace.or.jp/od2/B/202609/b260915.lzh,2026-10-03T18:36:58.467318+09:00
20260915,11,びわこ,11,20260915-11-11,5,4380,鈴木峻佑,42,静岡,54.0,B1,4.91,30.19,4.23,25.71,17,25.77,34,43.75,416,1,https://www1.mbrace.or.jp/od2/B/202609/b260915.lzh,2026-10-03T18:36:58.467318+09:00
20260915,11,びわこ,11,20260915-11-11,6,5032,谷口知優,28,香川,52.0,A2,4.89,30.7,0.0,0.0,66,29.81,44,37.04,4 13,6,https://www1.mbrace.or.jp/od2/B/202609/b260915.lzh,2026-10-03T18:36:58.467318+09:00
20260915,11,びわこ,12,20260915-11-12,1,5278,田中駿兵,24,徳島,52.0,A1,6.79,54.95,4.33,11.11,58,26.8,48,22.47,1622,7,https://www1.mbrace.or.jp/od2/B/202609/b260915.lzh,2026-10-03T18:36:58.467318+09:00
20260915,11,びわこ,12,20260915-11-12,2,3435,寺田千恵,57,岡山,46.0,A2,6.44,43.36,6.86,50.0,35,23.53,30,28.13,134,2,https://www1.mbrace.or.jp/od2/B/202609/b260915.lzh,2026-10-03T18:36:58.467318+09:00
20260915,11,びわこ,12,20260915-11-12,3,4766,石井孝之,35,群馬,55.0,B1,3.91,13.33,5.1,25.0,25,28.57,62,39.22,153,6,https://www1.mbrace.or.jp/od2/B/202609/b260915.lzh,2026-10-03T18:36:58.467318+09:00
20260915,11,びわこ,12,20260915-11-12,4,3708,岡部貴司,52,岡山,56.0,B1,5.2,31.46,6.13,36.67,34,31.31,40,26.32,224,5,https://www1.mbrace.or.jp/od2/B/202609/b260915.lzh,2026-10-03T18:36:58.467318+09:00
20260915,11,びわこ,12,20260915-11-12,5,4607,鶴田勇雄,37,福岡,54.0,A2,5.81,40.68,6.1,45.0,73,27.27,28,10.47,213,4,https://www1.mbrace.or.jp/od2/B/202609/b260915.lzh,2026-10-03T18:36:58.467318+09:00
20260915,11,びわこ,12,20260915-11-12,6,4786,佐藤博亮,38,愛知,54.0,A1,6.59,54.84,7.03,58.06,20,31.63,68,41.75,5111,8,https://www1.mbrace.or.jp/od2/B/202609/b260915.lzh,2026-10-03T18:36:58.467318+09:00
20260915,10,三国,1,20260915-10-01,1,3940,飯山泰,48,東京,53.0,A1,6.3,47.46,7.13,60.71,50,30.22,43,27.48,313436,11,https://www1.mbrace.or.jp/od2/B/202609/b260915.lzh,2026-10-03T18:36:58.467318+09:00
20260915,10,三国,1,20260915-10-01,2,3788,一宮稔弘,54,徳島,53.0,B2,5.52,39.13,4.2,26.67,22,22.73,12,44.04,4 555,6,https://www1.mbrace.or.jp/od2/B/202609/b260915.lzh,2026-10-03T18:36:58.467318+09:00
20260915,10,三国,1,20260915-10-01,3,3587,武田信一,53,徳島,60.0,B1,3.76,15.79,4.27,26.67,52,38.33,47,35.29,335 34,6,https://www1.mbrace.or.jp/od2/B/202609/b260915.lzh,2026-10-03T18:36:58.467318+09:00
20260915,10,三国,1,20260915-10-01,4,3482,金子猛志,55,群馬,58.0,B1,4.71,27.43,5.02,31.48,13,38.28,57,31.71,4 1622,8,https://www1.mbrace.or.jp/od2/B/202609/b260915.lzh,2026-10-03T18:36:58.467318+09:00
20260915,10,三国,1,20260915-10-01,5,5294,豊田祥生,24,静岡,50.0,B1,3.61,17.33,3.43,13.04,47,19.66,41,19.1,6 3165,9,https://www1.mbrace.or.jp/od2/B/202609/b260915.lzh,2026-10-03T18:36:58.467318+09:00
20260915,10,三国,1,20260915-10-01,6,4203,小倉康典,44,群馬,52.0,B1,4.56,29.76,4.22,22.22,29,30.0,23,33.58,6 666,5,https://www1.mbrace.or.jp/od2/B/202609/b260915.lzh,2026-10-03T18:36:58.467318+09:00
20260915,10,三国,2,20260915-10-02,1,3613,角谷健吾,53,東京,52.0,A2,5.88,42.61,0.0,0.0,63,38.52,33,33.9,4 533,6,https://www1.mbrace.or.jp/od2/B/202609/b260915.lzh,2026-10-03T18:36:58.467318+09:00
20260915,10,三国,2,20260915-10-02,2,4155,長野壮志,45,福岡,57.0,A2,6.16,47.22,4.0,30.0,12,37.4,48,34.11,241416,10,https://www1.mbrace.or.jp/od2/B/202609/b260915.lzh,2026-10-03T18:36:58.467318+09:00
20260915,10,三国,2,20260915-10-02,3,4564,山本景士,38,広島,53.0,B1,4.68,22.22,4.57,26.67,11,26.36,72,33.33,455 6,9,https://www1.mbrace.or.jp/od2/B/202609/b260915.lzh,2026-10-03T18:36:58.467318+09:00
20260915,10,三国,2,20260915-10-02,4,4081,樋口範政,47,愛知,55.0,B1,5.52,34.21,4.21,19.15,39,32.2,69,29.23,452 61,7,https://www1.mbrace.or.jp/od2/B/202609/b260915.lzh,2026-10-03T18:36:58.467318+09:00
20260915,10,三国,2,20260915-10-02,5,4694,高田綾,41,福岡,44.0,B1,4.47,20.65,0.0,0.0,14,34.17,68,26.36,3 5253,7,https://www1.mbrace.or.jp/od2/B/202609/b260915.lzh,2026-10-03T18:36:58.467318+09:00
20260915,10,三国,2,20260915-10-02,6,5323,香川陽太,23,滋賀,56.0,B2,4.64,25.53,2.86,3.45,56,27.64,70,29.51,5 346,8,https://www1.mbrace.or.jp/od2/B/202609/b260915.lzh,2026-10-03T18:36:58.467318+09:00
20260915,10,三国,3,20260915-10-03,1,3746,岡瀬正人,51,岡山,53.0,A2,5.74,35.04,7.45,63.64,21,32.31,52,34.55,223516,11,https://www1.mbrace.or.jp/od2/B/202609/b260915.lzh,2026-10-03T18:36:58.467318+09:00
20260915,10,三国,3,20260915-10-03,2,4429,豊田泰洋,40,広島,60.0,B1,3.22,11.96,3.93,7.14,15,30.0,53,31.82,564 4,7,https://www1.mbrace.or.jp/od2/B/202609/b260915.lzh,2026-10-03T18:36:58.467318+09:00
20260915,10,三国,3,20260915-10-03,3,4233,亀山雅幸,43,群馬,52.0,A2,6.05,45.9,5.88,62.5,42,42.28,49,23.31,53524,9,https://www1.mbrace.or.jp/od2/B/202609/b260915.lzh,2026-10-03T18:36:58.467318+09:00
20260915,10,三国,3,20260915-10-03,4,4317,木村紗友,42,静岡,48.0,B1,4.42,24.73,5.07,40.74,60,31.62,11,29.57,132 63,10,https://www1.mbrace.or.jp/od2/B/202609/b260915.lzh,2026-10-03T18:36:58.467318+09:00
20260915,10,三国,3,20260915-10-03,5,4139,丹下健,45,愛知,55.0,B1,4.55,27.27,5.08,32.69,68,11.88,32,36.21,561 46,7,https://www1.mbrace.or.jp/od2/B/202609/b260915.lzh,2026-10-03T18:36:58.467318+09:00
20260915,10,三国,3,20260915-10-03,6,3967,鈴木茂高,47,愛知,57.0,B1,4.31,25.93,4.35,20.0,67,25.86,37,36.21,6 565,8,https://www1.mbrace.or.jp/od2/B/202609/b260915.lzh,2026-10-03T18:36:58.467318+09:00
20260915,10,三国,4,20260915-10-04,1,3659,藤生雄人,51,群馬,54.0,A2,5.53,32.1,5.75,41.67,58,33.09,46,37.4,55324,,https://www1.mbrace.or.jp/od2/B/202609/b260915.lzh,2026-10-03T18:36:58.467318+09:00
20260915,10,三国,4,20260915-10-04,2,3563,堤昇,56,静岡,53.0,B1,5.94,41.74,4.6,24.0,53,33.33,13,29.84,441 15,10,https://www1.mbrace.or.jp/od2/B/202609/b260915.lzh,2026-10-03T18:36:58.467318+09:00
20260915,10,三国,4,20260915-10-04,3,3645,淺田千亜,53,徳島,46.0,B2,4.55,33.33,0.0,0.0,57,42.74,28,41.27,6 4242,8,https://www1.mbrace.or.jp/od2/B/202609/b260915.lzh,2026-10-03T18:36:58.467318+09:00
20260915,10,三国,4,20260915-10-04,4,4003,表憲一,48,福井,55.0,B1,5.68,35.63,5.44,29.87,38,27.87,67,35.04,314 25,10,https://www1.mbrace.or.jp/od2/B/202609/b260915.lzh,2026-10-03T18:36:58.467318+09:00
20260915,10,三国,4,20260915-10-04,5,4950,高岡竜也,33,山口,53.0,A1,6.17,46.61,5.35,41.18,17,37.04,25,35.71,26534,9,https://www1.mbrace.or.jp/od2/B/202609/b260915.lzh,2026-10-03T18:36:58.467318+09:00
20260915,10,三国,4,20260915-10-04,6,5045,平川香織,26,埼玉,46.0,A2,7.05,52.43,4.1,15.0,40,39.2,19,39.2,131234,,https://www1.mbrace.or.jp/od2/B/202609/b260915.lzh,2026-10-03T18:36:58.467318+09:00
20260915,10,三国,5,20260915-10-05,1,4203,小倉康典,44,群馬,52.0,B1,4.56,29.76,4.22,22.22,29,30.0,23,33.58,6 666,1,https://www1.mbrace.or.jp/od2/B/202609/b260915.lzh,2026-10-03T18:36:58.467318+09:00
20260915,10,三国,5,20260915-10-05,2,4589,塩崎桐加,34,三重,50.0,B1,5.69,33.33,6.74,56.52,59,25.42,54,35.83,1 3333,11,https://www1.mbrace.or.jp/od2/B/202609/b260915.lzh,2026-10-03T18:36:58.467318+09:00
20260915,10,三国,5,20260915-10-05,3,3968,茶谷信次,50,滋賀,52.0,A2,5.04,28.92,6.09,34.48,16,21.43,58,39.84,241 12,9,https://www1.mbrace.or.jp/od2/B/202609/b260915.lzh,2026-10-03T18:36:58.467318+09:00
20260915,10,三国,5,20260915-10-05,4,3156,金子良昭,61,静岡,54.0,B1,4.05,21.84,5.17,26.83,51,38.52,27,32.2,1 6655,,https://www1.mbrace.or.jp/od2/B/202609/b260915.lzh,2026-10-03T18:36:58.467318+09:00
20260915,10,三国,5,20260915-10-05,5,5141,大澤風葵,25,群馬,51.0,A1,6.53,56.25,7.5,66.67,35,47.01,30,33.61,251324,10,https://www1.mbrace.or.jp/od2/B/202609/b260915.lzh,2026-10-03T18:36:58.467318+09:00
20260915,10,三国,5,20260915-10-05,6,3474,松瀬弘美,56,静岡,46.0,B1,4.73,26.92,5.53,32.65,26,20.54,65,31.75,6 646,9,https://www1.mbrace.or.jp/od2/B/202609/b260915.lzh,2026-10-03T18:36:58.467318+09:00
20260915,10,三国,6,20260915-10-06,1,3788,一宮稔弘,54,徳島,53.0,B2,5.52,39.13,4.2,26.67,22,22.73,12,44.04,4 555,1,https://www1.mbrace.or.jp/od2/B/202609/b260915.lzh,2026-10-03T18:36:58.467318+09:00
20260915,10,三国,6,20260915-10-06,2,4930,佐藤悠,30,福井,54.0,A2,6.22,41.75,5.85,37.65,27,38.1,60,32.31,12651,10,https://www1.mbrace.or.jp/od2/B/202609/b260915.lzh,2026-10-03T18:36:58.467318+09:00
20260915,10,三国,6,20260915-10-06,3,3805,高橋英之,52,東京,53.0,B1,5.46,34.86,5.28,44.44,28,30.08,44,39.82,422 45,11,https://www1.mbrace.or.jp/od2/B/202609/b260915.lzh,2026-10-03T18:36:58.467318+09:00
20260915,10,三国,6,20260915-10-06,4,3587,武田信一,53,徳島,60.0,B1,3.76,15.79,4.27,26.67,52,38.33,47,35.29,335 34,1,https://www1.mbrace.or.jp/od2/B/202609/b260915.lzh,2026-10-03T18:36:58.467318+09:00
20260915,10,三国,6,20260915-10-06,5,3251,平石和男,60,埼玉,50.0,A2,5.89,37.4,5.78,42.11,41,26.23,50,33.33,125314,11,https://www1.mbrace.or.jp/od2/B/202609/b260915.lzh,2026-10-03T18:36:58.467318+09:00
20260915,10,三国,6,20260915-10-06,6,3613,角谷健吾,53,東京,52.0,A2,5.88,42.61,0.0,0.0,63,38.52,33,33.9,4 533,2,https://www1.mbrace.or.jp/od2/B/202609/b260915.lzh,2026-10-03T18:36:58.467318+09:00
20260915,10,三国,7,20260915-10-07,1,4694,高田綾,41,福岡,44.0,B1,4.47,20.65,0.0,0.0,14,34.17,68,26.36,3 5253,2,https://www1.mbrace.or.jp/od2/B/202609/b260915.lzh,2026-10-03T18:36:58.467318+09:00
20260915,10,三国,7,20260915-10-07,2,4139,丹下健,45,愛知,55.0,B1,4.55,27.27,5.08,32.69,68,11.88,32,36.21,561 46,3,https://www1.mbrace.or.jp/od2/B/202609/b260915.lzh,2026-10-03T18:36:58.467318+09:00
20260915,10,三国,7,20260915-10-07,3,4081,樋口範政,47,愛知,55.0,B1,5.52,34.21,4.21,19.15,39,32.2,69,29.23,452 61,2,https://www1.mbrace.or.jp/od2/B/202609/b260915.lzh,2026-10-03T18:36:58.467318+09:00
20260915,10,三国,7,20260915-10-07,4,4890,石川諒,37,山口,52.0,A2,5.93,39.36,4.0,25.0,45,38.1,62,33.61,564 35,,https://www1.mbrace.or.jp/od2/B/202609/b260915.lzh,2026-10-03T18:36:58.467318+09:00
20260915,10,三国,7,20260915-10-07,5,5029,中亮太,29,福岡,54.0,A1,7.01,56.49,6.1,30.0,20,36.92,14,36.89,232633,11,https://www1.mbrace.or.jp/od2/B/202609/b260915.lzh,2026-10-03T18:36:58.467318+09:00
20260915,10,三国,7,20260915-10-07,6,4429,豊田泰洋,40,広島,60.0,B1,3.22,11.96,3.93,7.14,15,30.0,53,31.82,564 4,3,https://www1.mbrace.or.jp/od2/B/202609/b260915.lzh,2026-10-03T18:36:58.467318+09:00
20260915,10,三国,8,20260915-10-08,1,3967,鈴木茂高,47,愛知,57.0,B1,4.31,25.93,4.35,20.0,67,25.86,37,36.21,6 565,3,https://www1.mbrace.or.jp/od2/B/202609/b260915.lzh,2026-10-03T18:36:58.467318+09:00
20260915,10,三国,8,20260915-10-08,2,5323,香川陽太,23,滋賀,56.0,B2,4.64,25.53,2.86,3.45,56,27.64,70,29.51,5 346,2,https://www1.mbrace.or.jp/od2/B/202609/b260915.lzh,2026-10-03T18:36:58.467318+09:00
20260915,10,三国,8,20260915-10-08,3,3442,宮武英司,57,香川,55.0,B1,4.26,21.28,5.8,30.0,69,28.95,63,32.56,616 26,,https://www1.mbrace.or.jp/od2/B/202609/b260915.lzh,2026-10-03T18:36:58.467318+09:00
20260915,10,三国,8,20260915-10-08,4,3645,淺田千亜,53,徳島,46.0,B2,4.55,33.33,0.0,0.0,57,42.74,28,41.27,6 4242,4,https://www1.mbrace.or.jp/od2/B/202609/b260915.lzh,2026-10-03T18:36:58.467318+09:00
20260915,10,三国,8,20260915-10-08,5,3620,信濃由行,52,福井,54.0,B1,3.21,6.67,4.15,19.66,37,32.52,34,38.14,654 52,,https://www1.mbrace.or.jp/od2/B/202609/b260915.lzh,2026-10-03T18:36:58.467318+09:00
20260915,10,三国,8,20260915-10-08,6,3482,金子猛志,55,群馬,58.0,B1,4.71,27.43,5.02,31.48,13,38.28,57,31.71,4 1622,1,https://www1.mbrace.or.jp/od2/B/202609/b260915.lzh,2026-10-03T18:36:58.467318+09:00
20260915,10,三国,9,20260915-10-09,1,4564,山本景士,38,広島,53.0,B1,4.68,22.22,4.57,26.67,11,26.36,72,33.33,455 6,2,https://www1.mbrace.or.jp/od2/B/202609/b260915.lzh,2026-10-03T18:36:58.467318+09:00
20260915,10,三国,9,20260915-10-09,2,5294,豊田祥生,24,静岡,50.0,B1,3.61,17.33,3.43,13.04,47,19.66,41,19.1,6 3165,1,https://www1.mbrace.or.jp/od2/B/202609/b260915.lzh,2026-10-03T18:36:58.467318+09:00
20260915,10,三国,9,20260915-10-09,3,4950,高岡竜也,33,山口,53.0,A1,6.17,46.61,5.35,41.18,17,37.04,25,35.71,26534,4,https://www1.mbrace.or.jp/od2/B/202609/b260915.lzh,2026-10-03T18:36:58.467318+09:00
20260915,10,三国,9,20260915-10-09,4,3474,松瀬弘美,56,静岡,46.0,B1,4.73,26.92,5.53,32.65,26,20.54,65,31.75,6 646,5,https://www1.mbrace.or.jp/od2/B/202609/b260915.lzh,2026-10-03T18:36:58.467318+09:00
20260915,10,三国,9,20260915-10-09,5,4233,亀山雅幸,43,群馬,52.0,A2,6.05,45.9,5.88,62.5,42,42.28,49,23.31,53524,3,https://www1.mbrace.or.jp/od2/B/202609/b260915.lzh,2026-10-03T18:36:58.467318+09:00
20260915,10,三国,9,20260915-10-09,6,3968,茶谷信次,50,滋賀,52.0,A2,5.04,28.92,6.09,34.48,16,21.43,58,39.84,241 12,5,https://www1.mbrace.or.jp/od2/B/202609/b260915.lzh,2026-10-03T18:36:58.467318+09:00
20260915,10,三国,10,20260915-10-10,1,4317,木村紗友,42,静岡,48.0,B1,4.42,24.73,5.07,40.74,60,31.62,11,29.57,132 63,3,https://www1.mbrace.or.jp/od2/B/202609/b260915.lzh,2026-10-03T18:36:58.467318+09:00
20260915,10,三国,10,20260915-10-10,2,5141,大澤風葵,25,群馬,51.0,A1,6.53,56.25,7.5,66.67,35,47.01,30,33.61,251324,5,https://www1.mbrace.or.jp/od2/B/202609/b260915.lzh,2026-10-03T18:36:58.467318+09:00
20260915,10,三国,10,20260915-10-10,3,4003,表憲一,48,福井,55.0,B1,5.68,35.63,5.44,29.87,38,27.87,67,35.04,314 25,4,https://www1.mbrace.or.jp/od2/B/202609/b260915.lzh,2026-10-03T18:36:58.467318+09:00
20260915,10,三国,10,20260915-10-10,4,3563,堤昇,56,静岡,53.0,B1,5.94,41.74,4.6,24.0,53,33.33,13,29.84,441 15,4,https://www1.mbrace.or.jp/od2/B/202609/b260915.lzh,2026-10-03T18:36:58.467318+09:00
20260915,10,三国,10,20260915-10-10,5,4155,長野壮志,45,福岡,57.0,A2,6.16,47.22,4.0,30.0,12,37.4,48,34.11,241416,2,https://www1.mbrace.or.jp/od2/B/202609/b260915.lzh,2026-10-03T18:36:58.467318+09:00
20260915,10,三国,10,20260915-10-10,6,4930,佐藤悠,30,福井,54.0,A2,6.22,41.75,5.85,37.65,27,38.1,24,40.0,12651,6,https://www1.mbrace.or.jp/od2/B/202609/b260915.lzh,2026-10-03T18:36:58.467318+09:00
20260915,10,三国,11,20260915-10-11,1,4589,塩崎桐加,34,三重,50.0,B1,5.69,33.33,6.74,56.52,59,25.42,54,35.83,1 3333,5,https://www1.mbrace.or.jp/od2/B/202609/b260915.lzh,2026-10-03T18:36:58.467318+09:00
20260915,10,三国,11,20260915-10-11,2,5029,中亮太,29,福岡,54.0,A1,7.01,56.49,6.1,30.0,20,36.92,14,36.89,232633,7,https://www1.mbrace.or.jp/od2/B/202609/b260915.lzh,2026-10-03T18:36:58.467318+09:00
20260915,10,三国,11,20260915-10-11,3,3251,平石和男,60,埼玉,50.0,A2,5.89,37.4,5.78,42.11,41,26.23,50,33.33,125314,6,https://www1.mbrace.or.jp/od2/B/202609/b260915.lzh,2026-10-03T18:36:58.467318+09:00
20260915,10,三国,11,20260915-10-11,4,3805,高橋英之,52,東京,53.0,B1,5.46,34.86,5.28,44.44,28,30.08,17,24.41,422 45,6,https://www1.mbrace.or.jp/od2/B/202609/b260915.lzh,2026-10-03T18:36:58.467318+09:00
20260915,10,三国,11,20260915-10-11,5,3940,飯山泰,48,東京,53.0,A1,6.3,47.46,7.13,60.71,50,30.22,43,27.48,313436,1,https://www1.mbrace.or.jp/od2/B/202609/b260915.lzh,2026-10-03T18:36:58.467318+09:00
20260915,10,三国,11,20260915-10-11,6,3746,岡瀬正人,51,岡山,53.0,A2,5.74,35.04,7.45,63.64,21,32.31,52,34.55,223516,3,https://www1.mbrace.or.jp/od2/B/202609/b260915.lzh,2026-10-03T18:36:58.467318+09:00
20260915,10,三国,12,20260915-10-12,1,4953,尾上雅也,31,埼玉,54.0,A1,6.46,48.8,7.08,50.0,64,32.5,66,34.35,232151,,https://www1.mbrace.or.jp/od2/B/202609/b260915.lzh,2026-10-03T18:36:58.467318+09:00
20260915,10,三国,12,20260915-10-12,2,4199,北川潤二,44,愛知,59.0,A1,6.29,44.44,6.47,58.82,33,36.29,15,36.64,324121,,https://www1.mbrace.or.jp/od2/B/202609/b260915.lzh,2026-10-03T18:36:58.467318+09:00
20260915,10,三国,12,20260915-10-12,3,4432,黄金井力,40,埼玉,56.0,B1,5.23,28.72,5.17,31.91,36,31.78,55,32.52,314 41,,https://www1.mbrace.or.jp/od2/B/202609/b260915.lzh,2026-10-03T18:36:58.467318+09:00
20260915,10,三国,12,20260915-10-12,4,3699,富永正人,53,埼玉,53.0,B1,4.39,24.32,4.81,30.56,48,28.13,16,37.29,1 4232,,https://www1.mbrace.or.jp/od2/B/202609/b260915.lzh,2026-10-03T18:36:58.467318+09:00
20260915,10,三国,12,20260915-10-12,5,4931,木谷賢太,30,香川,53.0,A1,6.76,51.97,5.78,33.33,32,23.93,39,28.57,541312,,https://www1.mbrace.or.jp/od2/B/202609/b260915.lzh,2026-10-03T18:36:58.467318+09:00
20260915,10,三国,12,20260915-10-12,6,5034,若林義人,28,静岡,56.0,A1,6.42,47.06,7.07,48.15,54,41.03,71,39.47,1S2112,,https://www1.mbrace.or.jp/od2/B/202609/b260915.lzh,2026-10-03T18:36:58.467318+09:00
20260915,09,津,1,20260915-09-01,1,3629,浅見昌克,56,埼玉,52.0,A2,5.07,27.12,5.93,37.04,50,33.33,21,31.1,4 241,11,https://www1.mbrace.or.jp/od2/B/202609/b260915.lzh,2026-10-03T18:36:58.467318+09:00
20260915,09,津,1,20260915-09-01,2,3580,水口由紀,53,滋賀,49.0,B1,4.47,17.78,4.68,21.43,69,23.48,54,22.83,6 654,8,https://www1.mbrace.or.jp/od2/B/202609/b260915.lzh,2026-10-03T18:36:58.467318+09:00
20260915,09,津,1,20260915-09-01,3,3211,北川敏弘,64,佐賀,53.0,B1,4.19,19.0,6.1,50.0,62,29.56,38,31.52,5 564,7,https://www1.mbrace.or.jp/od2/B/202609/b260915.lzh,2026-10-03T18:36:58.467318+09:00
20260915,09,津,1,20260915-09-01,4,3901,松田憲幸,49,山口,53.0,B2,4.7,30.19,4.25,25.0,18,34.62,67,33.54,5 265,6,https://www1.mbrace.or.jp/od2/B/202609/b260915.lzh,2026-10-03T18:36:58.467318+09:00
20260915,09,津,1,20260915-09-01,5,4423,坂口貴彦,37,岡山,56.0,B1,5.78,39.6,5.44,25.0,72,33.52,53,24.3,42263,,https://www1.mbrace.or.jp/od2/B/202609/b260915.lzh,2026-10-03T18:36:58.467318+09:00
20260915,09,津,1,20260915-09-01,6,4349,犬童千秋,40,福岡,51.0,B1,4.39,25.68,5.36,39.29,59,29.48,11,36.31,4 414,10,https://www1.mbrace.or.jp/od2/B/202609/b260915.lzh,2026-10-03T18:36:58.467318+09:00
20260915,09,津,2,20260915-09-02,1,3567,吉岡誠,56,山口,55.0,B1,3.1,17.46,2.71,14.29,28,34.64,73,32.7,665 66,,https://www1.mbrace.or.jp/od2/B/202609/b260915.lzh,2026-10-03T18:36:58.467318+09:00
20260915,09,津,2,20260915-09-02,2,3268,森竜也,61,三重,53.0,B1,4.8,29.81,4.8,33.9,16,38.78,28,37.5,165 66,,https://www1.mbrace.or.jp/od2/B/202609/b260915.lzh,2026-10-03T18:36:58.467318+09:00
20260915,09,津,2,20260915-09-02,3,4106,坂井康嗣,46,佐賀,52.0,B1,4.22,23.38,4.11,22.22,36,42.57,65,34.34,5 665,8,https://www1.mbrace.or.jp/od2/B/202609/b260915.lzh,2026-10-03T18:36:58.467318+09:00
20260915,09,津,2,20260915-09-02,4,3448,高山秀雄,56,群馬,55.0,B1,4.35,21.62,4.59,20.59,29,31.25,47,28.23,342 46,,https://www1.mbrace.or.jp/od2/B/202609/b260915.lzh,2026-10-03T18:36:58.467318+09:00
20260915,09,津,2,20260915-09-02,5,5327,西田和加,22,埼玉,49.0,B2,1.91,1.89,1.5,0.0,34,26.47,24,32.95,6 663,9,https://www1.mbrace.or.jp/od2/B/202609/b260915.lzh,2026-10-03T18:36:58.467318+09:00
20260915,09,津,2,20260915-09-02,6,3973,崎利仁,50,群馬,55.0,B1,4.57,25.49,3.4,12.5,55,28.57,12,28.48,3 556,7,https://www1.mbrace.or.jp/od2/B/202609/b260915.lzh,2026-10-03T18:36:58.467318+09:00
20260915,09,津,3,20260915-09-03,1,3619,長谷川充,52,群馬,51.0,B1,5.14,30.0,5.95,36.84,19,17.53,61,27.94,4 444,10,https://www1.mbrace.or.jp/od2/B/202609/b260915.lzh,2026-10-03T18:36:58.467318+09:00
20260915,09,津,3,20260915-09-03,2,4136,江夏満,46,福岡,55.0,A1,6.33,42.11,5.97,41.38,47,30.82,52,35.17,146 24,11,https://www1.mbrace.or.jp/od2/B/202609/b260915.lzh,2026-10-03T18:36:58.467318+09:00
20260915,09,津,3,20260915-09-03,3,3430,角浜修,58,広島,56.0,B1,4.37,24.74,4.72,33.33,48,37.35,64,34.06,263 56,,https://www1.mbrace.or.jp/od2/B/202609/b260915.lzh,2026-10-03T18:36:58.467318+09:00
20260915,09,津,3,20260915-09-03,4,4156,浜野孝志,45,三重,57.0,A2,5.37,30.97,5.82,39.6,43,26.39,15,40.79,3 122,7,https://www1.mbrace.or.jp/od2/B/202609/b260915.lzh,2026-10-03T18:36:58.467318+09:00
20260915,09,津,3,20260915-09-03,5,4191,赤羽克也,45,埼玉,54.0,A1,6.59,50.0,6.67,50.0,12,29.17,51,28.1,5 312,9,https://www1.mbrace.or.jp/od2/B/202609/b260915.lzh,2026-10-03T18:36:58.467318+09:00
20260915,09,津,3,20260915-09-03,6,3349,吉田一郎,58,長崎,51.0,A1,6.03,40.0,6.0,57.14,45,25.0,49,42.0,5 414,12,https://www1.mbrace.or.jp/od2/B/202609/b260915.lzh,2026-10-03T18:36:58.467318+09:00
20260915,09,津,4,20260915-09-04,1,5277,井上未都,24,福岡,46.0,B1,4.73,23.81,4.39,22.22,32,37.14,31,38.19,536 33,,https://www1.mbrace.or.jp/od2/B/202609/b260915.lzh,2026-10-03T18:36:58.467318+09:00
20260915,09,津,4,20260915-09-04,2,4702,三浦敬太,39,東京,52.0,A1,5.82,41.46,6.44,55.56,23,31.69,58,23.08,164 1,10,https://www1.mbrace.or.jp/od2/B/202609/b260915.lzh,2026-10-03T18:36:58.467318+09:00
20260915,09,津,4,20260915-09-04,3,4119,泥谷一毅,45,大阪,53.0,B1,6.02,38.68,6.11,44.44,53,32.33,50,32.62,5 121,12,https://www1.mbrace.or.jp/od2/B/202609/b260915.lzh,2026-10-03T18:36:58.467318+09:00
20260915,09,津,4,20260915-09-04,4,4581,吉村誠,37,静岡,52.0,A1,6.59,49.09,5.92,30.56,60,26.0,30,35.19,651 21,8,https://www1.mbrace.or.jp/od2/B/202609/b260915.lzh,2026-10-03T18:36:58.467318+09:00
20260915,09,津,4,20260915-09-04,5,4259,真庭明志,42,長崎,53.0,A2,5.66,34.92,3.6,20.0,22,38.61,74,39.87,4 236,9,https://www1.mbrace.or.jp/od2/B/202609/b260915.lzh,2026-10-03T18:36:58.467318+09:00
20260915,09,津,4,20260915-09-04,6,5354,渡邊雄斗,21,三重,51.0,B1,4.44,24.72,2.92,12.09,33,28.74,36,29.06,333 12,,https://www1.mbrace.or.jp/od2/B/202609/b260915.lzh,2026-10-03T18:36:58.467318+09:00
20260915,09,津,5,20260915-09-05,1,4703,森永隆,38,山口,52.0,A1,6.68,56.67,5.85,30.0,68,37.78,39,34.91,366 24,,https://www1.mbrace.or.jp/od2/B/202609/b260915.lzh,2026-10-03T18:36:58.467318+09:00
20260915,09,津,5,20260915-09-05,2,5204,宇恵有香,29,三重,45.0,B2,4.65,21.98,4.78,25.4,71,30.25,69,35.19,2 354,9,https://www1.mbrace.or.jp/od2/B/202609/b260915.lzh,2026-10-03T18:36:58.467318+09:00
20260915,09,津,5,20260915-09-05,3,4058,野末智一,47,静岡,52.0,A1,6.08,43.09,5.2,32.81,52,30.66,44,31.82,1 1456,,https://www1.mbrace.or.jp/od2/B/202609/b260915.lzh,2026-10-03T18:36:58.467318+09:00
20260915,09,津,5,20260915-09-05,4,5359,佐藤世那,20,東京,56.0,B1,4.3,26.87,2.2,5.0,35,36.88,71,24.75,1 161,11,https://www1.mbrace.or.jp/od2/B/202609/b260915.lzh,2026-10-03T18:36:58.467318+09:00
20260915,09,津,5,20260915-09-05,5,5172,田村慶,25,徳島,52.0,B1,5.09,36.26,5.3,30.0,21,39.35,56,36.94,632 35,,https://www1.mbrace.or.jp/od2/B/202609/b260915.lzh,2026-10-03T18:36:58.467318+09:00
20260915,09,津,5,20260915-09-05,6,5356,長谷川暖,21,岡山,50.0,B1,4.82,27.87,0.0,0.0,63,29.59,72,32.26,524 35,,https://www1.mbrace.or.jp/od2/B/202609/b260915.lzh,2026-10-03T18:36:58.467318+09:00
20260915,09,津,6,20260915-09-06,1,3901,松田憲幸,49,山口,53.0,B2,4.7,30.19,4.25,25.0,18,34.62,67,33.54,5 265,1,https://www1.mbrace.or.jp/od2/B/202609/b260915.lzh,2026-10-03T18:36:58.467318+09:00
20260915,09,津,6,20260915-09-06,2,3827,今泉徹,53,群馬,52.0,B1,4.04,14.43,5.75,37.5,49,38.26,41,19.51,624 65,,https://www1.mbrace.or.jp/od2/B/202609/b260915.lzh,2026-10-03T18:36:58.467318+09:00
20260915,09,津,6,20260915-09-06,3,4532,秋元哲,37,埼玉,51.0,A1,6.98,56.32,6.51,32.56,66,26.39,34,38.26,41422,12,https://www1.mbrace.or.jp/od2/B/202609/b260915.lzh,2026-10-03T18:36:58.467318+09:00
20260915,09,津,6,20260915-09-06,4,4977,馬野耀,32,大阪,54.0,A2,6.16,41.13,5.33,27.78,51,42.24,45,36.69,222 13,10,https://www1.mbrace.or.jp/od2/B/202609/b260915.lzh,2026-10-03T18:36:58.467318+09:00
20260915,09,津,6,20260915-09-06,5,4390,松本弓雄,40,徳島,52.0,B1,3.9,17.0,6.33,44.44,24,39.57,26,38.96,4 3 26,11,https://www1.mbrace.or.jp/od2/B/202609/b260915.lzh,2026-10-03T18:36:58.467318+09:00
20260915,09,津,6,20260915-09-06,6,3900,香川素子,49,滋賀,48.0,A2,6.19,44.94,6.33,45.45,57,22.12,68,24.56,165 33,,https://www1.mbrace.or.jp/od2/B/202609/b260915.lzh,2026-10-03T18:36:58.467318+09:00
20260915,09,津,7,20260915-09-07,1,3211,北川敏弘,64,佐賀,53.0,B1,4.19,19.0,6.1,50.0,62,29.56,38,31.52,5 564,1,https://www1.mbrace.or.jp/od2/B/202609/b260915.lzh,2026-10-03T18:36:58.467318+09:00
20260915,09,津,7,20260915-09-07,2,3973,崎利仁,50,群馬,55.0,B1,4.57,25.49,3.4,12.5,55,28.57,12,28.48,3 556,2,https://www1.mbrace.or.jp/od2/B/202609/b260915.lzh,2026-10-03T18:36:58.467318+09:00
20260915,09,津,7,20260915-09-07,3,4156,浜野孝志,45,三重,57.0,A2,5.37,30.97,5.82,39.6,43,26.39,15,40.79,3 122,3,https://www1.mbrace.or.jp/od2/B/202609/b260915.lzh,2026-10-03T18:36:58.467318+09:00
20260915,09,津,7,20260915-09-07,4,5049,松井友汰,31,大阪,55.0,A2,6.45,48.28,5.07,26.67,39,41.56,23,38.03,5 151,11,https://www1.mbrace.or.jp/od2/B/202609/b260915.lzh,2026-10-03T18:36:58.467318+09:00
20260915,09,津,7,20260915-09-07,5,4695,尾崎雄二,40,長崎,54.0,A2,5.26,36.84,2.67,0.0,17,25.5,29,34.15,5 313,12,https://www1.mbrace.or.jp/od2/B/202609/b260915.lzh,2026-10-03T18:36:58.467318+09:00
20260915,09,津,7,20260915-09-07,6,4017,向井美鈴,46,山口,45.0,B1,5.61,36.78,5.91,36.36,41,42.58,35,21.05,324 36,,https://www1.mbrace.or.jp/od2/B/202609/b260915.lzh,2026-10-03T18:36:58.467318+09:00
20260915,09,津,8,20260915-09-08,1,4106,坂井康嗣,46,佐賀,52.0,B1,4.22,23.38,4.11,22.22,36,42.57,65,34.34,5 665,2,https://www1.mbrace.or.jp/od2/B/202609/b260915.lzh,2026-10-03T18:36:58.467318+09:00
20260915,09,津,8,20260915-09-08,2,5073,上原健次,31,福岡,54.0,A2,5.28,31.3,4.13,13.33,11,27.7,22,33.95,1 433,12,https://www1.mbrace.or.jp/od2/B/202609/b260915.lzh,2026-10-03T18:36:58.467318+09:00
20260915,09,津,8,20260915-09-08,3,4949,横田貴満,33,佐賀,49.0,A2,5.95,38.82,0.0,0.0,70,34.13,27,27.27,255 52,,https://www1.mbrace.or.jp/od2/B/202609/b260915.lzh,2026-10-03T18:36:58.467318+09:00
20260915,09,津,8,20260915-09-08,4,4318,桑原将光,42,東京,52.0,A2,5.31,26.25,5.41,40.74,15,36.17,57,36.0,413 55,,https://www1.mbrace.or.jp/od2/B/202609/b260915.lzh,2026-10-03T18:36:58.467318+09:00
20260915,09,津,8,20260915-09-08,5,4581,吉村誠,37,静岡,52.0,A1,6.59,49.09,5.92,30.56,60,26.0,30,35.19,651 21,4,https://www1.mbrace.or.jp/od2/B/202609/b260915.lzh,2026-10-03T18:36:58.467318+09:00
20260915,09,津,8,20260915-09-08,6,3580,水口由紀,53,滋賀,49.0,B1,4.47,17.78,4.68,21.43,69,23.48,54,22.83,6 654,1,https://www1.mbrace.or.jp/od2/B/202609/b260915.lzh,2026-10-03T18:36:58.467318+09:00
20260915,09,津,9,20260915-09-09,1,4259,真庭明志,42,長崎,53.0,A2,5.66,34.92,3.6,20.0,22,38.61,74,39.87,4 236,4,https://www1.mbrace.or.jp/od2/B/202609/b260915.lzh,2026-10-03T18:36:58.467318+09:00
20260915,09,津,9,20260915-09-09,2,5327,西田和加,22,埼玉,49.0,B2,1.91,1.89,1.5,0.0,34,26.47,24,32.95,6 663,2,https://www1.mbrace.or.jp/od2/B/202609/b260915.lzh,2026-10-03T18:36:58.467318+09:00
20260915,09,津,9,20260915-09-09,3,4644,山田亮太,47,東京,52.0,A1,6.62,47.58,5.0,37.5,44,45.59,14,25.49,125312,,https://www1.mbrace.or.jp/od2/B/202609/b260915.lzh,2026-10-03T18:36:58.467318+09:00
20260915,09,津,9,20260915-09-09,4,4191,赤羽克也,45,埼玉,54.0,A1,6.59,50.0,6.67,50.0,12,29.17,51,28.1,5 312,3,https://www1.mbrace.or.jp/od2/B/202609/b260915.lzh,2026-10-03T18:36:58.467318+09:00
20260915,09,津,9,20260915-09-09,5,5204,宇恵有香,29,三重,45.0,B2,4.65,21.98,4.78,25.4,71,30.25,69,35.19,2 354,5,https://www1.mbrace.or.jp/od2/B/202609/b260915.lzh,2026-10-03T18:36:58.467318+09:00
20260915,09,津,9,20260915-09-09,6,4458,抹香雄三,40,広島,54.0,B1,5.49,29.73,4.27,11.54,58,40.27,25,37.28,215 21,,https://www1.mbrace.or.jp/od2/B/202609/b260915.lzh,2026-10-03T18:36:58.467318+09:00
20260915,09,津,10,20260915-09-10,1,4977,馬野耀,32,大阪,54.0,A2,6.16,41.13,5.33,27.78,51,42.24,45,36.69,222 13,6,https://www1.mbrace.or.jp/od2/B/202609/b260915.lzh,2026-10-03T18:36:58.467318+09:00
20260915,09,津,10,20260915-09-10,2,4757,山田祐也,37,徳島,53.0,A1,6.61,45.79,6.17,39.13,27,33.56,18,37.21,331124,,https://www1.mbrace.or.jp/od2/B/202609/b260915.lzh,2026-10-03T18:36:58.467318+09:00
20260915,09,津,10,20260915-09-10,3,4349,犬童千秋,40,福岡,51.0,B1,4.39,25.68,5.36,39.29,59,29.48,11,36.31,4 414,1,https://www1.mbrace.or.jp/od2/B/202609/b260915.lzh,2026-10-03T18:36:58.467318+09:00
20260915,09,津,10,20260915-09-10,4,3619,長谷川充,52,群馬,51.0,B1,5.14,30.0,5.95,36.84,19,17.53,61,27.94,4 444,3,https://www1.mbrace.or.jp/od2/B/202609/b260915.lzh,2026-10-03T18:36:58.467318+09:00
20260915,09,津,10,20260915-09-10,5,4824,松井洪弥,33,三重,52.0,A2,5.97,45.22,6.17,46.15,25,39.23,63,31.61,122 14,,https://www1.mbrace.or.jp/od2/B/202609/b260915.lzh,2026-10-03T18:36:58.467318+09:00
20260915,09,津,10,20260915-09-10,6,4702,三浦敬太,39,東京,52.0,A1,5.82,41.46,6.44,55.56,23,31.69,58,23.08,164 1,4,https://www1.mbrace.or.jp/od2/B/202609/b260915.lzh,2026-10-03T18:36:58.467318+09:00
20260915,09,津,11,20260915-09-11,1,5005,石田貴洋,30,埼玉,52.0,A1,6.31,43.88,5.0,20.59,54,26.87,19,31.16,4 2355,,https://www1.mbrace.or.jp/od2/B/202609/b260915.lzh,2026-10-03T18:36:58.467318+09:00
20260915,09,津,11,20260915-09-11,2,4390,松本弓雄,40,徳島,52.0,B1,3.9,17.0,6.33,44.44,24,39.57,26,38.96,4 3 26,6,https://www1.mbrace.or.jp/od2/B/202609/b260915.lzh,2026-10-03T18:36:58.467318+09:00
20260915,09,津,11,20260915-09-11,3,5049,松井友汰,31,大阪,55.0,A2,6.45,48.28,5.07,26.67,39,41.56,23,38.03,5 151,7,https://www1.mbrace.or.jp/od2/B/202609/b260915.lzh,2026-10-03T18:36:58.467318+09:00
20260915,09,津,11,20260915-09-11,4,4136,江夏満,46,福岡,55.0,A1,6.33,42.11,5.97,41.38,47,30.82,52,35.17,146 24,3,https://www1.mbrace.or.jp/od2/B/202609/b260915.lzh,2026-10-03T18:36:58.467318+09:00
20260915,09,津,11,20260915-09-11,5,3629,浅見昌克,56,埼玉,52.0,A2,5.07,27.12,5.93,37.04,50,33.33,21,31.1,4 241,1,https://www1.mbrace.or.jp/od2/B/202609/b260915.lzh,2026-10-03T18:36:58.467318+09:00
20260915,09,津,11,20260915-09-11,6,5359,佐藤世那,20,東京,56.0,B1,4.3,26.87,2.2,5.0,35,36.88,71,24.75,1 161,5,https://www1.mbrace.or.jp/od2/B/202609/b260915.lzh,2026-10-03T18:36:58.467318+09:00
20260915,09,津,12,20260915-09-12,1,4532,秋元哲,37,埼玉,51.0,A1,6.98,56.32,6.51,32.56,66,26.39,34,38.26,41422,6,https://www1.mbrace.or.jp/od2/B/202609/b260915.lzh,2026-10-03T18:36:58.467318+09:00
20260915,09,津,12,20260915-09-12,2,4695,尾崎雄二,40,長崎,54.0,A2,5.26,36.84,2.67,0.0,17,25.5,29,34.15,5 313,7,https://www1.mbrace.or.jp/od2/B/202609/b260915.lzh,2026-10-03T18:36:58.467318+09:00
20260915,09,津,12,20260915-09-12,3,4933,板橋侑我,30,静岡,53.0,A2,6.54,44.21,8.13,75.0,64,31.88,76,40.56,343 41,,https://www1.mbrace.or.jp/od2/B/202609/b260915.lzh,2026-10-03T18:36:58.467318+09:00
20260915,09,津,12,20260915-09-12,4,3349,吉田一郎,58,長崎,51.0,A1,6.03,40.0,6.0,57.14,45,25.0,49,42.0,5 414,3,https://www1.mbrace.or.jp/od2/B/202609/b260915.lzh,2026-10-03T18:36:58.467318+09:00
20260915,09,津,12,20260915-09-12,5,4119,泥谷一毅,45,大阪,53.0,B1,6.02,38.68,6.11,44.44,53,32.33,50,32.62,5 121,4,https://www1.mbrace.or.jp/od2/B/202609/b260915.lzh,2026-10-03T18:36:58.467318+09:00
20260915,09,津,12,20260915-09-12,6,5073,上原健次,31,福岡,54.0,A2,5.28,31.3,4.13,13.33,11,27.7,22,33.95,1 433,8,https://www1.mbrace.or.jp/od2/B/202609/b260915.lzh,2026-10-03T18:36:58.467318+09:00
20260915,08,常滑,1,20260915-08-01,1,5155,内山七海,29,福岡,46.0,A2,6.16,42.86,3.33,0.0,60,33.19,12,12.77,46226,11,https://www1.mbrace.or.jp/od2/B/202609/b260915.lzh,2026-10-03T18:36:58.467318+09:00
20260915,08,常滑,1,20260915-08-01,2,4534,坂咲友理,36,大阪,45.0,B1,3.93,17.24,3.65,23.53,24,32.3,32,48.65,262 24,6,https://www1.mbrace.or.jp/od2/B/202609/b260915.lzh,2026-10-03T18:36:58.467318+09:00
20260915,08,常滑,1,20260915-08-01,3,5324,畑田希咲,23,兵庫,49.0,B1,3.09,4.41,1.12,0.0,52,34.4,35,37.5,5 656,7,https://www1.mbrace.or.jp/od2/B/202609/b260915.lzh,2026-10-03T18:36:58.467318+09:00
20260915,08,常滑,1,20260915-08-01,4,4909,薮内瑞希,30,岡山,44.0,B1,4.72,32.05,5.46,28.57,41,35.02,53,36.96,24213,9,https://www1.mbrace.or.jp/od2/B/202609/b260915.lzh,2026-10-03T18:36:58.467318+09:00
20260915,08,常滑,1,20260915-08-01,5,4897,深見亜由,34,愛知,44.0,B1,3.71,15.38,4.18,18.18,36,30.91,29,18.6,434 32,10,https://www1.mbrace.or.jp/od2/B/202609/b260915.lzh,2026-10-03T18:36:58.467318+09:00
20260915,08,常滑,1,20260915-08-01,6,5365,石村日奈,25,東京,46.0,B1,3.0,13.51,0.0,0.0,54,30.05,39,47.83,654 56,8,https://www1.mbrace.or.jp/od2/B/202609/b260915.lzh,2026-10-03T18:36:58.467318+09:00
20260915,08,常滑,2,20260915-08-02,1,4479,矢野真梨,38,山口,47.0,B1,3.72,14.71,0.0,0.0,9,40.43,55,38.78,453 32,12,https://www1.mbrace.or.jp/od2/B/202609/b260915.lzh,2026-10-03T18:36:58.467318+09:00
20260915,08,常滑,2,20260915-08-02,2,4208,三浦永理,43,静岡,46.0,A1,7.27,60.16,7.17,53.49,38,32.08,52,31.82,116 42,11,https://www1.mbrace.or.jp/od2/B/202609/b260915.lzh,2026-10-03T18:36:58.467318+09:00
20260915,08,常滑,2,20260915-08-02,3,4964,土屋南,29,岡山,47.0,A2,6.28,42.86,6.74,52.63,21,34.21,19,36.96,15211,10,https://www1.mbrace.or.jp/od2/B/202609/b260915.lzh,2026-10-03T18:36:58.467318+09:00
20260915,08,常滑,2,20260915-08-02,4,5438,星田夢結,21,福岡,50.0,B2,1.56,0.0,0.0,0.0,5,35.56,45,24.44,666 46,6,https://www1.mbrace.or.jp/od2/B/202609/b260915.lzh,2026-10-03T18:36:58.467318+09:00
20260915,08,常滑,2,20260915-08-02,5,4045,佐々木裕,46,山口,48.0,B1,4.8,32.56,5.31,25.0,50,33.48,41,22.22,254 25,9,https://www1.mbrace.or.jp/od2/B/202609/b260915.lzh,2026-10-03T18:36:58.467318+09:00
20260915,08,常滑,2,20260915-08-02,6,5347,井澤聖奈,22,愛知,45.0,B2,1.5,0.0,1.42,0.0,25,30.25,49,18.52,2 5554,7,https://www1.mbrace.or.jp/od2/B/202609/b260915.lzh,2026-10-03T18:36:58.467318+09:00
20260915,08,常滑,3,20260915-08-03,1,4726,島田なぎ,39,埼玉,44.0,B2,3.6,10.0,0.0,0.0,57,33.78,68,32.0,1 3234,8,https://www1.mbrace.or.jp/od2/B/202609/b260915.lzh,2026-10-03T18:36:58.467318+09:00
20260915,08,常滑,3,20260915-08-03,2,5079,大石真央,28,静岡,45.0,B1,5.07,29.27,4.03,25.81,16,38.91,20,30.61,2 5321,12,https://www1.mbrace.or.jp/od2/B/202609/b260915.lzh,2026-10-03T18:36:58.467318+09:00
20260915,08,常滑,3,20260915-08-03,3,5203,神里琴音,22,福岡,44.0,B1,5.2,27.85,5.0,23.08,40,33.33,11,34.78,2 1546,7,https://www1.mbrace.or.jp/od2/B/202609/b260915.lzh,2026-10-03T18:36:58.467318+09:00
20260915,08,常滑,3,20260915-08-03,4,5272,松田真実,25,愛知,47.0,B1,4.98,30.0,2.71,11.29,51,35.93,23,48.78,16332,11,https://www1.mbrace.or.jp/od2/B/202609/b260915.lzh,2026-10-03T18:36:58.467318+09:00
20260915,08,常滑,3,20260915-08-03,5,5436,市川瑚幸,21,東京,46.0,B2,1.49,0.0,1.12,0.0,59,40.79,62,23.91,5 666,10,https://www1.mbrace.or.jp/od2/B/202609/b260915.lzh,2026-10-03T18:36:58.467318+09:00
20260915,08,常滑,3,20260915-08-03,6,4938,小芦るり,29,佐賀,48.0,A1,6.55,47.62,5.5,25.0,8,33.62,14,42.86,34112,9,https://www1.mbrace.or.jp/od2/B/202609/b260915.lzh,2026-10-03T18:36:58.467318+09:00
20260915,08,常滑,4,20260915-08-04,1,5346,中村紋夕,23,愛知,46.0,B1,3.13,6.94,1.44,0.0,7,36.96,28,31.11,6 3535,9,https://www1.mbrace.or.jp/od2/B/202609/b260915.lzh,2026-10-03T18:36:58.467318+09:00
20260915,08,常滑,4,20260915-08-04,2,5251,沼田七華,24,福井,50.0,B2,2.53,2.78,1.94,0.0,14,46.88,61,15.22,526 54,11,https://www1.mbrace.or.jp/od2/B/202609/b260915.lzh,2026-10-03T18:36:58.467318+09:00
20260915,08,常滑,4,20260915-08-04,3,5297,南彩寧,24,兵庫,48.0,B1,3.89,18.68,1.43,0.0,37,32.88,17,25.64,6 5661,10,https://www1.mbrace.or.jp/od2/B/202609/b260915.lzh,2026-10-03T18:36:58.467318+09:00
20260915,08,常滑,4,20260915-08-04,4,5439,志賀美優,20,愛知,49.0,B2,1.45,0.0,1.45,0.0,31,39.82,71,38.78,6 666,8,https://www1.mbrace.or.jp/od2/B/202609/b260915.lzh,2026-10-03T18:36:58.467318+09:00
20260915,08,常滑,4,20260915-08-04,5,4764,小池礼乃,36,福岡,48.0,B1,4.88,30.0,5.78,27.78,39,37.79,38,29.79,211 62,12,https://www1.mbrace.or.jp/od2/B/202609/b260915.lzh,2026-10-03T18:36:58.467318+09:00
20260915,08,常滑,4,20260915-08-04,6,3232,山川美由,59,香川,47.0,A2,5.56,33.33,4.75,0.0,53,36.84,65,42.86,343451,,https://www1.mbrace.or.jp/od2/B/202609/b260915.lzh,2026-10-03T18:36:58.467318+09:00
20260915,08,常滑,5,20260915-08-05,1,4433,川野芽唯,40,福岡,47.0,A1,7.21,55.97,5.75,25.0,19,34.93,58,34.0,321 13,12,https://www1.mbrace.or.jp/od2/B/202609/b260915.lzh,2026-10-03T18:36:58.467318+09:00
20260915,08,常滑,5,20260915-08-05,2,5078,山川波乙,28,三重,46.0,B1,4.48,23.46,5.13,37.5,30,44.14,67,40.43,33425,10,https://www1.mbrace.or.jp/od2/B/202609/b260915.lzh,2026-10-03T18:36:58.467318+09:00
20260915,08,常滑,5,20260915-08-05,3,5129,山口真喜,29,長崎,48.0,A2,5.95,41.23,6.48,52.0,13,34.1,40,36.17,6 3231,11,https://www1.mbrace.or.jp/od2/B/202609/b260915.lzh,2026-10-03T18:36:58.467318+09:00
20260915,08,常滑,5,20260915-08-05,4,5182,宮崎安奈,28,埼玉,47.0,B1,4.07,21.74,4.22,16.67,56,29.86,77,31.48,515454,,https://www1.mbrace.or.jp/od2/B/202609/b260915.lzh,2026-10-03T18:36:58.467318+09:00
20260915,08,常滑,5,20260915-08-05,5,5188,武井莉里,25,兵庫,45.0,A2,5.97,39.05,6.47,46.67,58,31.22,66,21.43,122 41,9,https://www1.mbrace.or.jp/od2/B/202609/b260915.lzh,2026-10-03T18:36:58.467318+09:00
20260915,08,常滑,5,20260915-08-05,6,5357,田中瀬里,21,埼玉,54.0,B2,1.63,0.0,1.37,0.0,10,43.98,24,36.96,6F5 5,,https://www1.mbrace.or.jp/od2/B/202609/b260915.lzh,2026-10-03T18:36:58.467318+09:00
20260915,08,常滑,6,20260915-08-06,1,4556,竹井奈美,37,福岡,47.0,A1,6.67,52.17,6.83,61.11,4,30.0,57,40.0,11133,11,https://www1.mbrace.or.jp/od2/B/202609/b260915.lzh,2026-10-03T18:36:58.467318+09:00
20260915,08,常滑,6,20260915-08-06,2,5254,羽田妃希,23,愛知,47.0,B1,3.33,7.27,3.22,16.95,35,41.99,31,13.79,334343,,https://www1.mbrace.or.jp/od2/B/202609/b260915.lzh,2026-10-03T18:36:58.467318+09:00
20260915,08,常滑,6,20260915-08-06,3,5194,大久保佑,25,埼玉,42.0,B1,4.54,27.63,3.25,7.14,1,36.16,44,53.06,534413,,https://www1.mbrace.or.jp/od2/B/202609/b260915.lzh,2026-10-03T18:36:58.467318+09:00
20260915,08,常滑,6,20260915-08-06,4,4502,遠藤エミ,38,滋賀,45.0,A1,7.28,50.41,7.18,54.0,28,32.03,70,17.78,1 3211,10,https://www1.mbrace.or.jp/od2/B/202609/b260915.lzh,2026-10-03T18:36:58.467318+09:00
20260915,08,常滑,6,20260915-08-06,5,5438,星田夢結,21,福岡,50.0,B2,1.56,0.0,0.0,0.0,5,35.56,45,24.44,666 46,2,https://www1.mbrace.or.jp/od2/B/202609/b260915.lzh,2026-10-03T18:36:58.467318+09:00
20260915,08,常滑,6,20260915-08-06,6,4534,坂咲友理,36,大阪,45.0,B1,3.93,17.24,3.65,23.53,24,32.3,32,48.65,262 24,1,https://www1.mbrace.or.jp/od2/B/202609/b260915.lzh,2026-10-03T18:36:58.467318+09:00
20260915,08,常滑,7,20260915-08-07,1,5324,畑田希咲,23,兵庫,49.0,B1,3.09,4.41,1.12,0.0,52,34.4,35,37.5,5 656,1,https://www1.mbrace.or.jp/od2/B/202609/b260915.lzh,2026-10-03T18:36:58.467318+09:00
20260915,08,常滑,7,20260915-08-07,2,5052,赤井星璃,31,大阪,50.0,B1,4.34,24.0,0.0,0.0,3,45.06,33,22.86,455555,,https://www1.mbrace.or.jp/od2/B/202609/b260915.lzh,2026-10-03T18:36:58.467318+09:00
20260915,08,常滑,7,20260915-08-07,3,5146,野田彩加,23,山口,50.0,A2,5.11,32.53,4.92,16.67,17,30.39,73,46.94,351514,,https://www1.mbrace.or.jp/od2/B/202609/b260915.lzh,2026-10-03T18:36:58.467318+09:00
20260915,08,常滑,7,20260915-08-07,4,5203,神里琴音,22,福岡,44.0,B1,5.2,27.85,5.0,23.08,40,33.33,11,34.78,2 1546,3,https://www1.mbrace.or.jp/od2/B/202609/b260915.lzh,2026-10-03T18:36:58.467318+09:00
20260915,08,常滑,7,20260915-08-07,5,5347,井澤聖奈,22,愛知,45.0,B2,1.5,0.0,1.42,0.0,25,30.25,49,18.52,2 5554,2,https://www1.mbrace.or.jp/od2/B/202609/b260915.lzh,2026-10-03T18:36:58.467318+09:00
20260915,08,常滑,7,20260915-08-07,6,4190,長嶋万記,45,静岡,49.0,B2,6.66,45.45,6.07,34.48,29,34.45,63,35.29,2 2323,12,https://www1.mbrace.or.jp/od2/B/202609/b260915.lzh,2026-10-03T18:36:58.467318+09:00
20260915,08,常滑,8,20260915-08-08,1,4941,孫崎百世,37,滋賀,45.0,B1,4.57,27.16,4.71,29.41,12,41.33,51,22.22,422615,,https://www1.mbrace.or.jp/od2/B/202609/b260915.lzh,2026-10-03T18:36:58.467318+09:00
20260915,08,常滑,8,20260915-08-08,2,4726,島田なぎ,39,埼玉,44.0,B2,3.6,10.0,0.0,0.0,57,33.78,68,32.0,1 3234,3,https://www1.mbrace.or.jp/od2/B/202609/b260915.lzh,2026-10-03T18:36:58.467318+09:00
20260915,08,常滑,8,20260915-08-08,3,5365,石村日奈,25,東京,46.0,B1,3.0,13.51,0.0,0.0,54,30.05,39,47.83,654 56,1,https://www1.mbrace.or.jp/od2/B/202609/b260915.lzh,2026-10-03T18:36:58.467318+09:00
20260915,08,常滑,8,20260915-08-08,4,4825,倉持莉々,32,東京,47.0,A1,7.16,56.1,0.0,0.0,55,28.44,54,17.39,3 1442,12,https://www1.mbrace.or.jp/od2/B/202609/b260915.lzh,2026-10-03T18:36:58.467318+09:00
20260915,08,常滑,8,20260915-08-08,5,5439,志賀美優,20,愛知,49.0,B2,1.45,0.0,1.45,0.0,31,39.82,71,38.78,6 666,4,https://www1.mbrace.or.jp/od2/B/202609/b260915.lzh,2026-10-03T18:36:58.467318+09:00
20260915,08,常滑,8,20260915-08-08,6,5230,石原凪紗,23,愛知,46.0,B1,4.77,31.53,3.73,23.08,47,34.93,50,34.78,144423,,https://www1.mbrace.or.jp/od2/B/202609/b260915.lzh,2026-10-03T18:36:58.467318+09:00
20260915,08,常滑,9,20260915-08-09,1,4045,佐々木裕,46,山口,48.0,B1,4.8,32.56,5.31,25.0,50,33.48,41,22.22,254 25,2,https://www1.mbrace.or.jp/od2/B/202609/b260915.lzh,2026-10-03T18:36:58.467318+09:00
20260915,08,常滑,9,20260915-08-09,2,4909,薮内瑞希,30,岡山,44.0,B1,4.72,32.05,5.46,28.57,41,35.02,53,36.96,24213,1,https://www1.mbrace.or.jp/od2/B/202609/b260915.lzh,2026-10-03T18:36:58.467318+09:00
20260915,08,常滑,9,20260915-08-09,3,5188,武井莉里,25,兵庫,45.0,A2,5.97,39.05,6.47,46.67,58,31.22,66,21.43,122 41,5,https://www1.mbrace.or.jp/od2/B/202609/b260915.lzh,2026-10-03T18:36:58.467318+09:00
20260915,08,常滑,9,20260915-08-09,4,5346,中村紋夕,23,愛知,46.0,B1,3.13,6.94,1.44,0.0,7,36.96,28,31.11,6 3535,4,https://www1.mbrace.or.jp/od2/B/202609/b260915.lzh,2026-10-03T18:36:58.467318+09:00
20260915,08,常滑,9,20260915-08-09,5,4938,小芦るり,29,佐賀,48.0,A1,6.55,47.62,5.5,25.0,8,33.62,14,42.86,34112,3,https://www1.mbrace.or.jp/od2/B/202609/b260915.lzh,2026-10-03T18:36:58.467318+09:00
20260915,08,常滑,9,20260915-08-09,6,4765,野田部宏,36,福岡,52.0,B1,3.87,15.49,3.75,12.5,42,38.6,16,29.79,45F 6,,https://www1.mbrace.or.jp/od2/B/202609/b260915.lzh,2026-10-03T18:36:58.467318+09:00
20260915,08,常滑,10,20260915-08-10,1,4964,土屋南,29,岡山,47.0,A2,6.28,42.86,6.74,52.63,21,34.21,19,36.96,15211,2,https://www1.mbrace.or.jp/od2/B/202609/b260915.lzh,2026-10-03T18:36:58.467318+09:00
20260915,08,常滑,10,20260915-08-10,2,5297,南彩寧,24,兵庫,48.0,B1,3.89,18.68,1.43,0.0,37,32.88,17,25.64,6 5661,4,https://www1.mbrace.or.jp/od2/B/202609/b260915.lzh,2026-10-03T18:36:58.467318+09:00
20260915,08,常滑,10,20260915-08-10,3,4897,深見亜由,34,愛知,44.0,B1,3.71,15.38,4.18,18.18,36,30.91,29,18.6,434 32,1,https://www1.mbrace.or.jp/od2/B/202609/b260915.lzh,2026-10-03T18:36:58.467318+09:00
20260915,08,常滑,10,20260915-08-10,4,5436,市川瑚幸,21,東京,46.0,B2,1.49,0.0,1.12,0.0,59,40.79,62,23.91,5 666,3,https://www1.mbrace.or.jp/od2/B/202609/b260915.lzh,2026-10-03T18:36:58.467318+09:00
20260915,08,常滑,10,20260915-08-10,5,5078,山川波乙,28,三重,46.0,B1,4.48,23.46,5.13,37.5,30,44.14,67,40.43,33425,5,https://www1.mbrace.or.jp/od2/B/202609/b260915.lzh,2026-10-03T18:36:58.467318+09:00
20260915,08,常滑,10,20260915-08-10,6,4502,遠藤エミ,38,滋賀,45.0,A1,7.28,50.41,7.18,54.0,28,32.03,70,17.78,1 3211,6,https://www1.mbrace.or.jp/od2/B/202609/b260915.lzh,2026-10-03T18:36:58.467318+09:00
20260915,08,常滑,11,20260915-08-11,1,4208,三浦永理,43,静岡,46.0,A1,7.27,60.16,7.17,53.49,38,32.08,52,31.82,116 42,2,https://www1.mbrace.or.jp/od2/B/202609/b260915.lzh,2026-10-03T18:36:58.467318+09:00
20260915,08,常滑,11,20260915-08-11,2,5155,内山七海,29,福岡,46.0,A2,6.16,42.86,3.33,0.0,60,33.19,12,12.77,46226,1,https://www1.mbrace.or.jp/od2/B/202609/b260915.lzh,2026-10-03T18:36:58.467318+09:00
20260915,08,常滑,11,20260915-08-11,3,5272,松田真実,25,愛知,47.0,B1,4.98,30.0,2.71,11.29,51,35.93,23,48.78,16332,3,https://www1.mbrace.or.jp/od2/B/202609/b260915.lzh,2026-10-03T18:36:58.467318+09:00
20260915,08,常滑,11,20260915-08-11,4,5129,山口真喜,29,長崎,48.0,A2,5.95,41.23,6.48,52.0,13,34.1,40,36.17,6 3231,5,https://www1.mbrace.or.jp/od2/B/202609/b260915.lzh,2026-10-03T18:36:58.467318+09:00
20260915,08,常滑,11,20260915-08-11,5,4556,竹井奈美,37,福岡,47.0,A1,6.67,52.17,6.83,61.11,4,30.0,57,40.0,11133,6,https://www1.mbrace.or.jp/od2/B/202609/b260915.lzh,2026-10-03T18:36:58.467318+09:00
20260915,08,常滑,11,20260915-08-11,6,5251,沼田七華,24,福井,50.0,B2,2.53,2.78,1.94,0.0,14,46.88,61,15.22,526 54,4,https://www1.mbrace.or.jp/od2/B/202609/b260915.lzh,2026-10-03T18:36:58.467318+09:00
20260915,08,常滑,12,20260915-08-12,1,4825,倉持莉々,32,東京,47.0,A1,7.16,56.1,0.0,0.0,55,28.44,54,17.39,3 1442,8,https://www1.mbrace.or.jp/od2/B/202609/b260915.lzh,2026-10-03T18:36:58.467318+09:00
20260915,08,常滑,12,20260915-08-12,2,4479,矢野真梨,38,山口,47.0,B1,3.72,14.71,0.0,0.0,9,40.43,55,38.78,453 32,2,https://www1.mbrace.or.jp/od2/B/202609/b260915.lzh,2026-10-03T18:36:58.467318+09:00
20260915,08,常滑,12,20260915-08-12,3,4764,小池礼乃,36,福岡,48.0,B1,4.88,30.0,5.78,27.78,39,37.79,38,29.79,211 62,4,https://www1.mbrace.or.jp/od2/B/202609/b260915.lzh,2026-10-03T18:36:58.467318+09:00
20260915,08,常滑,12,20260915-08-12,4,4190,長嶋万記,45,静岡,49.0,B2,6.66,45.45,6.07,34.48,29,34.45,63,35.29,2 2323,7,https://www1.mbrace.or.jp/od2/B/202609/b260915.lzh,2026-10-03T18:36:58.467318+09:00
20260915,08,常滑,12,20260915-08-12,5,4433,川野芽唯,40,福岡,47.0,A1,7.21,55.97,5.75,25.0,19,34.93,58,34.0,321 13,5,https://www1.mbrace.or.jp/od2/B/202609/b260915.lzh,2026-10-03T18:36:58.467318+09:00
20260915,08,常滑,12,20260915-08-12,6,5079,大石真央,28,静岡,45.0,B1,5.07,29.27,4.03,25.81,16,38.91,20,30.61,2 5321,3,https://www1.mbrace.or.jp/od2/B/202609/b260915.lzh,2026-10-03T18:36:58.467318+09:00
20260915,07,蒲郡,1,20260915-07-01,1,5308,藤森拓海,22,福岡,54.0,B1,4.42,23.58,3.14,0.0,74,18.75,40,52.0,63S,6,https://www1.mbrace.or.jp/od2/B/202609/b260915.lzh,2026-10-03T18:36:58.467318+09:00
20260915,07,蒲郡,1,20260915-07-01,2,5197,中野仁照,24,愛知,54.0,B2,5.81,39.53,6.62,51.11,27,17.39,69,35.29,3 43,,https://www1.mbrace.or.jp/od2/B/202609/b260915.lzh,2026-10-03T18:36:58.467318+09:00
20260915,07,蒲郡,1,20260915-07-01,3,5232,樅山拓馬,29,愛知,52.0,B1,5.14,30.1,4.53,27.27,43,61.11,74,43.75,4 16,11,https://www1.mbrace.or.jp/od2/B/202609/b260915.lzh,2026-10-03T18:36:58.467318+09:00
20260915,07,蒲郡,1,20260915-07-01,4,5238,笹木香吾,26,山口,55.0,A2,6.1,48.39,3.22,11.11,26,20.0,61,35.29,554,8,https://www1.mbrace.or.jp/od2/B/202609/b260915.lzh,2026-10-03T18:36:58.467318+09:00
20260915,07,蒲郡,1,20260915-07-01,5,5364,金子怜央,26,群馬,53.0,B1,2.12,3.23,1.83,0.0,28,33.33,35,66.67,6 66,,https://www1.mbrace.or.jp/od2/B/202609/b260915.lzh,2026-10-03T18:36:58.467318+09:00
20260915,07,蒲郡,1,20260915-07-01,6,5288,尾道佳諭,26,埼玉,53.0,B1,4.02,14.94,3.23,15.0,31,85.71,43,17.39,54S,5,https://www1.mbrace.or.jp/od2/B/202609/b260915.lzh,2026-10-03T18:36:58.467318+09:00
20260915,07,蒲郡,2,20260915-07-02,1,5240,高橋龍治,26,福岡,54.0,B1,4.03,23.53,4.13,37.5,63,20.83,38,15.38,564,,https://www1.mbrace.or.jp/od2/B/202609/b260915.lzh,2026-10-03T18:36:58.467318+09:00
20260915,07,蒲郡,2,20260915-07-02,2,5256,中山翔太,22,三重,54.0,A1,5.91,43.4,6.62,42.86,33,48.15,54,36.0,2514,10,https://www1.mbrace.or.jp/od2/B/202609/b260915.lzh,2026-10-03T18:36:58.467318+09:00
20260915,07,蒲郡,2,20260915-07-02,3,5166,仲道大輔,26,愛知,52.0,A2,6.06,43.68,5.95,40.0,55,11.54,58,31.58,2 36,9,https://www1.mbrace.or.jp/od2/B/202609/b260915.lzh,2026-10-03T18:36:58.467318+09:00
20260915,07,蒲郡,2,20260915-07-02,4,5411,木下虎之,21,東京,55.0,B2,2.3,5.0,1.27,0.0,61,9.09,64,16.67,642,,https://www1.mbrace.or.jp/od2/B/202609/b260915.lzh,2026-10-03T18:36:58.467318+09:00
20260915,07,蒲郡,2,20260915-07-02,5,5169,堀本翔太,25,愛知,51.0,B2,3.48,8.93,3.29,10.42,23,25.0,51,35.0,152,6,https://www1.mbrace.or.jp/od2/B/202609/b260915.lzh,2026-10-03T18:36:58.467318+09:00
20260915,07,蒲郡,2,20260915-07-02,6,5332,村松遥輝,22,静岡,52.0,B1,3.66,17.14,4.38,29.41,58,21.74,62,31.58,363,8,https://www1.mbrace.or.jp/od2/B/202609/b260915.lzh,2026-10-03T18:36:58.467318+09:00
20260915,07,蒲郡,3,20260915-07-03,1,5301,岩下巧斗,23,群馬,51.0,B1,5.29,34.38,3.65,13.04,35,37.5,60,12.5,521,12,https://www1.mbrace.or.jp/od2/B/202609/b260915.lzh,2026-10-03T18:36:58.467318+09:00
20260915,07,蒲郡,3,20260915-07-03,2,5134,大原祥昌,27,広島,54.0,A2,5.66,39.05,4.13,12.5,36,29.41,70,7.69,342,11,https://www1.mbrace.or.jp/od2/B/202609/b260915.lzh,2026-10-03T18:36:58.467318+09:00
20260915,07,蒲郡,3,20260915-07-03,3,5417,小柳勝希,20,佐賀,51.0,B1,4.27,17.46,0.0,0.0,75,12.5,45,37.5,555,7,https://www1.mbrace.or.jp/od2/B/202609/b260915.lzh,2026-10-03T18:36:58.467318+09:00
20260915,07,蒲郡,3,20260915-07-03,4,5178,成貞琳平,30,愛知,54.0,B1,4.24,19.23,3.75,12.5,34,44.44,34,33.33,2 15,8,https://www1.mbrace.or.jp/od2/B/202609/b260915.lzh,2026-10-03T18:36:58.467318+09:00
20260915,07,蒲郡,3,20260915-07-03,5,5280,廣瀬凜,23,滋賀,53.0,A1,7.05,53.44,4.17,16.67,72,25.0,72,29.41,2651,10,https://www1.mbrace.or.jp/od2/B/202609/b260915.lzh,2026-10-03T18:36:58.467318+09:00
20260915,07,蒲郡,3,20260915-07-03,6,5175,島崎丈一,22,東京,55.0,B1,4.59,16.9,2.82,0.0,73,31.25,39,26.92,235,9,https://www1.mbrace.or.jp/od2/B/202609/b260915.lzh,2026-10-03T18:36:58.467318+09:00
20260915,07,蒲郡,4,20260915-07-04,1,5207,高山敬悟,29,福岡,53.0,B1,5.27,35.9,3.35,11.76,76,38.89,57,22.22,4 22,11,https://www1.mbrace.or.jp/od2/B/202609/b260915.lzh,2026-10-03T18:36:58.467318+09:00
20260915,07,蒲郡,4,20260915-07-04,2,5196,鰐部太空,24,愛知,54.0,A1,5.55,34.88,5.83,33.33,38,7.14,36,17.39,6 66,9,https://www1.mbrace.or.jp/od2/B/202609/b260915.lzh,2026-10-03T18:36:58.467318+09:00
20260915,07,蒲郡,4,20260915-07-04,3,5275,松田淳平,24,三重,53.0,A1,6.49,49.07,5.17,27.78,24,33.33,71,43.75,512,12,https://www1.mbrace.or.jp/od2/B/202609/b260915.lzh,2026-10-03T18:36:58.467318+09:00
20260915,07,蒲郡,4,20260915-07-04,4,5331,佐藤永梧,22,東京,55.0,B1,5.25,36.25,4.45,18.18,37,26.67,48,36.0,3 15,10,https://www1.mbrace.or.jp/od2/B/202609/b260915.lzh,2026-10-03T18:36:58.467318+09:00
20260915,07,蒲郡,4,20260915-07-04,5,5385,鈴木柊介,21,静岡,55.0,B1,2.56,5.88,1.82,0.0,29,24.0,47,4.55,5 65,,https://www1.mbrace.or.jp/od2/B/202609/b260915.lzh,2026-10-03T18:36:58.467318+09:00
20260915,07,蒲郡,4,20260915-07-04,6,5239,上野俊樹,26,福岡,52.0,B1,5.91,37.68,5.59,20.59,32,48.0,63,41.18,2 23,,https://www1.mbrace.or.jp/od2/B/202609/b260915.lzh,2026-10-03T18:36:58.467318+09:00
20260915,07,蒲郡,5,20260915-07-05,1,5128,坪井爽佑,29,三重,55.0,B1,3.93,15.71,3.36,18.18,71,20.0,49,42.86,645,,https://www1.mbrace.or.jp/od2/B/202609/b260915.lzh,2026-10-03T18:36:58.467318+09:00
20260915,07,蒲郡,5,20260915-07-05,2,5288,尾道佳諭,26,埼玉,53.0,B1,4.02,14.94,3.23,15.0,31,85.71,43,17.39,54S,1,https://www1.mbrace.or.jp/od2/B/202609/b260915.lzh,2026-10-03T18:36:58.467318+09:00
20260915,07,蒲郡,5,20260915-07-05,3,5068,前田滉,26,愛知,51.0,A1,7.94,68.04,7.58,65.0,45,12.5,50,52.0,2134,11,https://www1.mbrace.or.jp/od2/B/202609/b260915.lzh,2026-10-03T18:36:58.467318+09:00
20260915,07,蒲郡,5,20260915-07-05,4,5279,石渡翔一,23,東京,53.0,B1,5.84,40.37,0.0,0.0,25,50.0,53,42.31,1 45,9,https://www1.mbrace.or.jp/od2/B/202609/b260915.lzh,2026-10-03T18:36:58.467318+09:00
20260915,07,蒲郡,5,20260915-07-05,5,5252,荒木颯斗,23,愛知,52.0,A2,5.97,41.53,4.75,23.64,41,47.06,46,4.35,3 31,10,https://www1.mbrace.or.jp/od2/B/202609/b260915.lzh,2026-10-03T18:36:58.467318+09:00
20260915,07,蒲郡,5,20260915-07-05,6,5243,三馬崇史,26,広島,55.0,B1,6.03,47.31,5.63,36.84,40,38.89,30,20.0,1 25,12,https://www1.mbrace.or.jp/od2/B/202609/b260915.lzh,2026-10-03T18:36:58.467318+09:00
20260915,07,蒲郡,6,20260915-07-06,1,5303,土井歩夢,23,福岡,52.0,A2,5.88,36.7,4.0,12.5,69,7.14,75,31.25,2 12,10,https://www1.mbrace.or.jp/od2/B/202609/b260915.lzh,2026-10-03T18:36:58.467318+09:00
20260915,07,蒲郡,6,20260915-07-06,2,5269,山口晃朋,25,静岡,51.0,A2,6.32,49.09,5.17,36.67,30,45.83,59,27.78,121,12,https://www1.mbrace.or.jp/od2/B/202609/b260915.lzh,2026-10-03T18:36:58.467318+09:00
20260915,07,蒲郡,6,20260915-07-06,3,5169,堀本翔太,25,愛知,51.0,B2,3.48,8.93,3.29,10.42,23,25.0,51,35.0,152,2,https://www1.mbrace.or.jp/od2/B/202609/b260915.lzh,2026-10-03T18:36:58.467318+09:00
20260915,07,蒲郡,6,20260915-07-06,4,5221,竹間隆晟,25,大阪,55.0,A1,6.74,50.91,6.33,48.15,67,48.15,52,18.18,1332,11,https://www1.mbrace.or.jp/od2/B/202609/b260915.lzh,2026-10-03T18:36:58.467318+09:00
20260915,07,蒲郡,6,20260915-07-06,5,5308,藤森拓海,22,福岡,54.0,B1,4.42,23.58,3.14,0.0,74,18.75,40,52.0,63S,1,https://www1.mbrace.or.jp/od2/B/202609/b260915.lzh,2026-10-03T18:36:58.467318+09:00
20260915,07,蒲郡,6,20260915-07-06,6,5432,安藤瑠希,21,静岡,52.0,B1,3.01,8.33,3.83,0.0,68,50.0,33,25.0,665,,https://www1.mbrace.or.jp/od2/B/202609/b260915.lzh,2026-10-03T18:36:58.467318+09:00
20260915,07,蒲郡,7,20260915-07-07,1,5222,津田陸翔,25,広島,52.0,A1,6.27,47.5,5.0,25.0,39,52.94,31,26.92,3421,12,https://www1.mbrace.or.jp/od2/B/202609/b260915.lzh,2026-10-03T18:36:58.467318+09:00
20260915,07,蒲郡,7,20260915-07-07,2,5266,石田勇斗,26,愛知,53.0,B1,4.26,22.22,3.39,13.04,56,37.04,73,31.25,4 43,,https://www1.mbrace.or.jp/od2/B/202609/b260915.lzh,2026-10-03T18:36:58.467318+09:00
20260915,07,蒲郡,7,20260915-07-07,3,5246,楠将太郎,24,埼玉,52.0,A2,4.79,32.14,6.82,50.0,54,29.63,67,23.53,1 44,,https://www1.mbrace.or.jp/od2/B/202609/b260915.lzh,2026-10-03T18:36:58.467318+09:00
20260915,07,蒲郡,7,20260915-07-07,4,5145,島川海輝,23,山口,56.0,A2,6.18,48.89,0.0,0.0,60,50.0,37,57.69,146,11,https://www1.mbrace.or.jp/od2/B/202609/b260915.lzh,2026-10-03T18:36:58.467318+09:00
20260915,07,蒲郡,7,20260915-07-07,5,5337,出畑孝成,20,福岡,54.0,B1,4.36,21.35,5.13,33.33,19,25.93,68,27.78,2363,,https://www1.mbrace.or.jp/od2/B/202609/b260915.lzh,2026-10-03T18:36:58.467318+09:00
20260915,07,蒲郡,7,20260915-07-07,6,5417,小柳勝希,20,佐賀,51.0,B1,4.27,17.46,0.0,0.0,75,12.5,45,37.5,555,3,https://www1.mbrace.or.jp/od2/B/202609/b260915.lzh,2026-10-03T18:36:58.467318+09:00
20260915,07,蒲郡,8,20260915-07-08,1,5238,笹木香吾,26,山口,55.0,A2,6.1,48.39,3.22,11.11,26,20.0,61,35.29,554,1,https://www1.mbrace.or.jp/od2/B/202609/b260915.lzh,2026-10-03T18:36:58.467318+09:00
20260915,07,蒲郡,8,20260915-07-08,2,5178,成貞琳平,30,愛知,54.0,B1,4.24,19.23,3.75,12.5,34,44.44,34,33.33,2 15,3,https://www1.mbrace.or.jp/od2/B/202609/b260915.lzh,2026-10-03T18:36:58.467318+09:00
20260915,07,蒲郡,8,20260915-07-08,3,5234,塚越海斗,28,群馬,54.0,A1,6.57,53.54,6.89,44.44,66,53.85,66,61.11,1211,12,https://www1.mbrace.or.jp/od2/B/202609/b260915.lzh,2026-10-03T18:36:58.467318+09:00
20260915,07,蒲郡,8,20260915-07-08,4,5332,村松遥輝,22,静岡,52.0,B1,3.66,17.14,4.38,29.41,58,21.74,62,31.58,363,2,https://www1.mbrace.or.jp/od2/B/202609/b260915.lzh,2026-10-03T18:36:58.467318+09:00
20260915,07,蒲郡,8,20260915-07-08,5,5330,安河内鈴,22,福岡,52.0,A2,6.85,55.46,7.17,61.11,65,20.83,55,69.23,3136,,https://www1.mbrace.or.jp/od2/B/202609/b260915.lzh,2026-10-03T18:36:58.467318+09:00
20260915,07,蒲郡,8,20260915-07-08,6,5434,藤田康生,21,静岡,51.0,B1,3.32,10.87,1.17,0.0,70,41.18,32,15.38,4 54,,https://www1.mbrace.or.jp/od2/B/202609/b260915.lzh,2026-10-03T18:36:58.467318+09:00
20260915,07,蒲郡,9,20260915-07-09,1,5166,仲道大輔,26,愛知,52.0,A2,6.06,43.68,5.95,40.0,55,11.54,58,31.58,2 36,2,https://www1.mbrace.or.jp/od2/B/202609/b260915.lzh,2026-10-03T18:36:58.467318+09:00
20260915,07,蒲郡,9,20260915-07-09,2,5255,藤原仙二,22,滋賀,55.0,A1,6.64,48.18,6.69,46.88,57,13.04,76,25.0,3134,,https://www1.mbrace.or.jp/od2/B/202609/b260915.lzh,2026-10-03T18:36:58.467318+09:00
20260915,07,蒲郡,9,20260915-07-09,3,5175,島崎丈一,22,東京,55.0,B1,4.59,16.9,2.82,0.0,73,31.25,39,26.92,235,3,https://www1.mbrace.or.jp/od2/B/202609/b260915.lzh,2026-10-03T18:36:58.467318+09:00
20260915,07,蒲郡,9,20260915-07-09,4,5196,鰐部太空,24,愛知,54.0,A1,5.55,34.88,5.83,33.33,38,7.14,36,17.39,6 66,4,https://www1.mbrace.or.jp/od2/B/202609/b260915.lzh,2026-10-03T18:36:58.467318+09:00
20260915,07,蒲郡,9,20260915-07-09,5,5325,澁川夏,23,大阪,51.0,B1,5.87,43.88,4.06,29.41,64,42.31,65,0.0,4 43,,https://www1.mbrace.or.jp/od2/B/202609/b260915.lzh,2026-10-03T18:36:58.467318+09:00
20260915,07,蒲郡,9,20260915-07-09,6,5279,石渡翔一,23,東京,53.0,B1,5.84,40.37,0.0,0.0,25,50.0,53,42.31,1 45,5,https://www1.mbrace.or.jp/od2/B/202609/b260915.lzh,2026-10-03T18:36:58.467318+09:00
20260915,07,蒲郡,10,20260915-07-10,1,5280,廣瀬凜,23,滋賀,53.0,A1,7.05,53.44,4.17,16.67,72,25.0,72,29.41,2651,3,https://www1.mbrace.or.jp/od2/B/202609/b260915.lzh,2026-10-03T18:36:58.467318+09:00
20260915,07,蒲郡,10,20260915-07-10,2,5252,荒木颯斗,23,愛知,52.0,A2,5.97,41.53,4.75,23.64,41,47.06,46,4.35,3 31,5,https://www1.mbrace.or.jp/od2/B/202609/b260915.lzh,2026-10-03T18:36:58.467318+09:00
20260915,07,蒲郡,10,20260915-07-10,3,5303,土井歩夢,23,福岡,52.0,A2,5.88,36.7,4.0,12.5,69,7.14,75,31.25,2 12,6,https://www1.mbrace.or.jp/od2/B/202609/b260915.lzh,2026-10-03T18:36:58.467318+09:00
20260915,07,蒲郡,10,20260915-07-10,4,5214,田中宏典,27,佐賀,54.0,B1,4.8,30.93,2.56,0.0,62,44.0,41,17.24,462,,https://www1.mbrace.or.jp/od2/B/202609/b260915.lzh,2026-10-03T18:36:58.467318+09:00
20260915,07,蒲郡,10,20260915-07-10,5,5256,中山翔太,22,三重,54.0,A1,5.91,43.4,6.62,42.86,33,48.15,54,36.0,2514,2,https://www1.mbrace.or.jp/od2/B/202609/b260915.lzh,2026-10-03T18:36:58.467318+09:00
20260915,07,蒲郡,10,20260915-07-10,6,5331,佐藤永梧,22,東京,55.0,B1,5.25,36.25,4.45,18.18,37,26.67,48,36.0,3 15,4,https://www1.mbrace.or.jp/od2/B/202609/b260915.lzh,2026-10-03T18:36:58.467318+09:00
20260915,07,蒲郡,11,20260915-07-11,1,5068,前田滉,26,愛知,51.0,A1,7.94,68.04,7.58,65.0,45,12.5,50,52.0,2134,5,https://www1.mbrace.or.jp/od2/B/202609/b260915.lzh,2026-10-03T18:36:58.467318+09:00
20260915,07,蒲郡,11,20260915-07-11,2,5221,竹間隆晟,25,大阪,55.0,A1,6.74,50.91,6.33,48.15,67,48.15,52,18.18,1332,6,https://www1.mbrace.or.jp/od2/B/202609/b260915.lzh,2026-10-03T18:36:58.467318+09:00
20260915,07,蒲郡,11,20260915-07-11,3,5145,島川海輝,23,山口,56.0,A2,6.18,48.89,0.0,0.0,60,50.0,37,57.69,146,7,https://www1.mbrace.or.jp/od2/B/202609/b260915.lzh,2026-10-03T18:36:58.467318+09:00
20260915,07,蒲郡,11,20260915-07-11,4,5232,樅山拓馬,29,愛知,52.0,B1,5.14,30.1,4.53,27.27,43,61.11,74,43.75,4 16,1,https://www1.mbrace.or.jp/od2/B/202609/b260915.lzh,2026-10-03T18:36:58.467318+09:00
20260915,07,蒲郡,11,20260915-07-11,5,5207,高山敬悟,29,福岡,53.0,B1,5.27,35.9,3.35,11.76,76,38.89,57,22.22,4 22,4,https://www1.mbrace.or.jp/od2/B/202609/b260915.lzh,2026-10-03T18:36:58.467318+09:00
20260915,07,蒲郡,11,20260915-07-11,6,5134,大原祥昌,27,広島,54.0,A2,5.66,39.05,4.13,12.5,36,29.41,13,35.71,342,3,https://www1.mbrace.or.jp/od2/B/202609/b260915.lzh,2026-10-03T18:36:58.467318+09:00
20260915,07,蒲郡,12,20260915-07-12,1,5234,塚越海斗,28,群馬,54.0,A1,6.57,53.54,6.89,44.44,66,53.85,66,61.11,1211,8,https://www1.mbrace.or.jp/od2/B/202609/b260915.lzh,2026-10-03T18:36:58.467318+09:00
20260915,07,蒲郡,12,20260915-07-12,2,5275,松田淳平,24,三重,53.0,A1,6.49,49.07,5.17,27.78,24,33.33,71,43.75,512,4,https://www1.mbrace.or.jp/od2/B/202609/b260915.lzh,2026-10-03T18:36:58.467318+09:00
20260915,07,蒲郡,12,20260915-07-12,3,5301,岩下巧斗,23,群馬,51.0,B1,5.29,34.38,3.65,13.04,35,37.5,60,12.5,521,3,https://www1.mbrace.or.jp/od2/B/202609/b260915.lzh,2026-10-03T18:36:58.467318+09:00
20260915,07,蒲郡,12,20260915-07-12,4,5222,津田陸翔,25,広島,52.0,A1,6.27,47.5,5.0,25.0,39,52.94,31,26.92,3421,7,https://www1.mbrace.or.jp/od2/B/202609/b260915.lzh,2026-10-03T18:36:58.467318+09:00
20260915,07,蒲郡,12,20260915-07-12,5,5243,三馬崇史,26,広島,55.0,B1,6.03,47.31,5.63,36.84,40,38.89,30,20.0,1 25,5,https://www1.mbrace.or.jp/od2/B/202609/b260915.lzh,2026-10-03T18:36:58.467318+09:00
20260915,07,蒲郡,12,20260915-07-12,6,5269,山口晃朋,25,静岡,51.0,A2,6.32,49.09,5.17,36.67,30,45.83,59,27.78,121,6,https://www1.mbrace.or.jp/od2/B/202609/b260915.lzh,2026-10-03T18:36:58.467318+09:00
20260915,06,浜名湖,1,20260915-06-01,1,3796,長野道臣,53,静岡,55.0,B1,4.15,23.96,5.15,34.55,51,27.36,62,38.16,3 143663,8,https://www1.mbrace.or.jp/od2/B/202609/b260915.lzh,2026-10-03T18:36:58.467318+09:00
20260915,06,浜名湖,1,20260915-06-01,2,3306,武田正紀,58,埼玉,55.0,B1,4.03,20.21,4.33,11.11,31,30.49,35,36.7,36465 5,6,https://www1.mbrace.or.jp/od2/B/202609/b260915.lzh,2026-10-03T18:36:58.467318+09:00
20260915,06,浜名湖,1,20260915-06-01,3,3286,坂東満,58,静岡,53.0,B2,3.44,19.3,5.58,34.52,52,36.45,22,36.45,5 66165,5,https://www1.mbrace.or.jp/od2/B/202609/b260915.lzh,2026-10-03T18:36:58.467318+09:00
20260915,06,浜名湖,1,20260915-06-01,4,3714,梶原正,51,福岡,55.0,B1,4.28,26.83,4.3,20.0,6,34.29,30,39.07,43235 66,9,https://www1.mbrace.or.jp/od2/B/202609/b260915.lzh,2026-10-03T18:36:58.467318+09:00
20260915,06,浜名湖,1,20260915-06-01,5,4345,西舘健,41,東京,54.0,A2,5.11,35.71,4.85,30.77,10,34.04,64,31.63,6 56623,8,https://www1.mbrace.or.jp/od2/B/202609/b260915.lzh,2026-10-03T18:36:58.467318+09:00
20260915,06,浜名湖,1,20260915-06-01,6,5463,出口飛龍,19,大阪,54.0,B2,1.2,0.0,0.0,0.0,63,44.66,41,31.9,4 66646,7,https://www1.mbrace.or.jp/od2/B/202609/b260915.lzh,2026-10-03T18:36:58.467318+09:00
20260915,06,浜名湖,2,20260915-06-02,1,4068,幸田智裕,46,静岡,55.0,B1,4.74,22.12,4.97,28.83,48,42.98,66,35.38,13434 36,10,https://www1.mbrace.or.jp/od2/B/202609/b260915.lzh,2026-10-03T18:36:58.467318+09:00
20260915,06,浜名湖,2,20260915-06-02,2,5369,岡崎凪汰,24,長崎,53.0,B1,3.24,14.46,0.0,0.0,62,43.43,19,34.27,456 S61,6,https://www1.mbrace.or.jp/od2/B/202609/b260915.lzh,2026-10-03T18:36:58.467318+09:00
20260915,06,浜名湖,2,20260915-06-02,3,3906,飯山晃三,48,長崎,63.0,B1,3.64,20.0,3.52,21.74,23,36.36,13,31.98,565 352,7,https://www1.mbrace.or.jp/od2/B/202609/b260915.lzh,2026-10-03T18:36:58.467318+09:00
20260915,06,浜名湖,2,20260915-06-02,4,3627,井上恵一,57,福岡,54.0,A2,4.54,30.59,5.74,40.0,4,30.85,69,34.39,422 3626,11,https://www1.mbrace.or.jp/od2/B/202609/b260915.lzh,2026-10-03T18:36:58.467318+09:00
20260915,06,浜名湖,2,20260915-06-02,5,3811,石田章央,50,静岡,55.0,A1,6.15,47.62,6.01,42.86,20,43.24,14,35.75,F42 1 3,7,https://www1.mbrace.or.jp/od2/B/202609/b260915.lzh,2026-10-03T18:36:58.467318+09:00
20260915,06,浜名湖,2,20260915-06-02,6,4022,待鳥雄紀,46,福岡,58.0,B1,4.7,25.27,5.0,32.35,59,32.63,32,38.14,5 225352,8,https://www1.mbrace.or.jp/od2/B/202609/b260915.lzh,2026-10-03T18:36:58.467318+09:00
20260915,06,浜名湖,3,20260915-06-03,1,4899,占部一真,34,福岡,52.0,B1,4.29,26.83,5.0,37.5,65,21.62,72,34.09,515 54,9,https://www1.mbrace.or.jp/od2/B/202609/b260915.lzh,2026-10-03T18:36:58.467318+09:00
20260915,06,浜名湖,3,20260915-06-03,2,3777,樋口亮,51,長崎,52.0,A2,5.1,31.0,6.58,50.0,32,36.44,23,33.63,455 233,8,https://www1.mbrace.or.jp/od2/B/202609/b260915.lzh,2026-10-03T18:36:58.467318+09:00
20260915,06,浜名湖,3,20260915-06-03,3,3939,渡辺真至,48,愛知,52.0,B2,5.07,31.94,6.03,40.63,54,32.65,57,33.49,2 535244,7,https://www1.mbrace.or.jp/od2/B/202609/b260915.lzh,2026-10-03T18:36:58.467318+09:00
20260915,06,浜名湖,3,20260915-06-03,4,4684,楠原翔太,35,福岡,56.0,B1,5.42,33.64,3.61,16.67,22,42.99,25,36.92,4 251334,10,https://www1.mbrace.or.jp/od2/B/202609/b260915.lzh,2026-10-03T18:36:58.467318+09:00
20260915,06,浜名湖,3,20260915-06-03,5,3392,小森信雄,61,三重,52.0,B1,4.39,18.75,4.94,31.43,7,36.11,63,36.02,646 554,,https://www1.mbrace.or.jp/od2/B/202609/b260915.lzh,2026-10-03T18:36:58.467318+09:00
20260915,06,浜名湖,3,20260915-06-03,6,4967,中村魁生,28,大阪,51.0,A1,6.35,42.73,6.72,46.88,44,36.45,43,30.15,123141F5,,https://www1.mbrace.or.jp/od2/B/202609/b260915.lzh,2026-10-03T18:36:58.467318+09:00
20260915,06,浜名湖,4,20260915-06-04,1,4588,田中京介,35,福岡,57.0,A2,5.48,39.17,5.78,43.75,29,28.87,48,35.94,2 262332,11,https://www1.mbrace.or.jp/od2/B/202609/b260915.lzh,2026-10-03T18:36:58.467318+09:00
20260915,06,浜名湖,4,20260915-06-04,2,4811,向井田佑,37,広島,49.0,B1,5.02,28.16,4.73,20.45,45,43.14,71,34.7,656 461,9,https://www1.mbrace.or.jp/od2/B/202609/b260915.lzh,2026-10-03T18:36:58.467318+09:00
20260915,06,浜名湖,4,20260915-06-04,3,4336,松田竜馬,42,福岡,56.0,B1,5.08,31.46,5.09,30.3,13,40.68,76,34.88,1 344224,11,https://www1.mbrace.or.jp/od2/B/202609/b260915.lzh,2026-10-03T18:36:58.467318+09:00
20260915,06,浜名湖,4,20260915-06-04,4,5349,宮崎奏磨,22,静岡,52.0,B2,1.28,0.0,1.45,1.54,28,26.51,40,26.88,66,8,https://www1.mbrace.or.jp/od2/B/202609/b260915.lzh,2026-10-03T18:36:58.467318+09:00
20260915,06,浜名湖,4,20260915-06-04,5,5353,草川壮良,22,滋賀,51.0,B1,3.31,13.46,0.0,0.0,26,41.32,18,35.02,35314 65,9,https://www1.mbrace.or.jp/od2/B/202609/b260915.lzh,2026-10-03T18:36:58.467318+09:00
20260915,06,浜名湖,4,20260915-06-04,6,3516,吉原聖人,58,広島,51.0,B1,4.74,33.33,4.44,22.22,1,41.53,15,35.14,524 342F,,https://www1.mbrace.or.jp/od2/B/202609/b260915.lzh,2026-10-03T18:36:58.467318+09:00
20260915,06,浜名湖,5,20260915-06-05,1,4358,松本庸平,42,三重,50.0,B1,4.26,25.84,3.97,16.67,53,31.0,56,36.24,222 5634,10,https://www1.mbrace.or.jp/od2/B/202609/b260915.lzh,2026-10-03T18:36:58.467318+09:00
20260915,06,浜名湖,5,20260915-06-05,2,3286,坂東満,58,静岡,53.0,B2,3.44,19.3,5.58,34.52,52,36.45,22,36.45,5 66165,1,https://www1.mbrace.or.jp/od2/B/202609/b260915.lzh,2026-10-03T18:36:58.467318+09:00
20260915,06,浜名湖,5,20260915-06-05,3,4876,梅木敬太,32,福井,54.0,B1,4.96,30.19,2.9,10.0,41,28.57,21,40.36,46531 16,9,https://www1.mbrace.or.jp/od2/B/202609/b260915.lzh,2026-10-03T18:36:58.467318+09:00
20260915,06,浜名湖,5,20260915-06-05,4,4654,篠田優也,40,兵庫,55.0,A1,6.49,45.16,7.18,60.71,19,33.63,58,38.67,1 362244,10,https://www1.mbrace.or.jp/od2/B/202609/b260915.lzh,2026-10-03T18:36:58.467318+09:00
20260915,06,浜名湖,5,20260915-06-05,5,3842,星野太郎,50,三重,54.0,B1,5.13,33.77,5.98,34.09,61,43.1,29,35.27,2 346551,9,https://www1.mbrace.or.jp/od2/B/202609/b260915.lzh,2026-10-03T18:36:58.467318+09:00
20260915,06,浜名湖,5,20260915-06-05,6,4369,丹下将,40,愛知,58.0,A2,5.64,38.46,5.9,44.83,16,32.38,17,35.48,361135F3,,https://www1.mbrace.or.jp/od2/B/202609/b260915.lzh,2026-10-03T18:36:58.467318+09:00
20260915,06,浜名湖,6,20260915-06-06,1,4431,石塚裕介,40,三重,52.0,B1,4.68,29.87,5.97,41.38,15,27.5,50,33.94,1 522255,11,https://www1.mbrace.or.jp/od2/B/202609/b260915.lzh,2026-10-03T18:36:58.467318+09:00
20260915,06,浜名湖,6,20260915-06-06,2,4381,田路朋史,41,兵庫,52.0,A2,5.69,41.11,6.73,50.0,17,39.64,53,33.63,31331 11,10,https://www1.mbrace.or.jp/od2/B/202609/b260915.lzh,2026-10-03T18:36:58.467318+09:00
20260915,06,浜名湖,6,20260915-06-06,3,5369,岡崎凪汰,24,長崎,53.0,B1,3.24,14.46,0.0,0.0,62,43.43,19,34.27,456 S61,2,https://www1.mbrace.or.jp/od2/B/202609/b260915.lzh,2026-10-03T18:36:58.467318+09:00
20260915,06,浜名湖,6,20260915-06-06,4,3306,武田正紀,58,埼玉,55.0,B1,4.03,20.21,4.33,11.11,31,30.49,35,36.7,36465 5,1,https://www1.mbrace.or.jp/od2/B/202609/b260915.lzh,2026-10-03T18:36:58.467318+09:00
20260915,06,浜名湖,6,20260915-06-06,5,5066,鈴木孝明,28,埼玉,54.0,A1,6.8,54.7,4.75,25.0,55,50.48,59,31.05,16114415,10,https://www1.mbrace.or.jp/od2/B/202609/b260915.lzh,2026-10-03T18:36:58.467318+09:00
20260915,06,浜名湖,6,20260915-06-06,6,4434,田中辰彦,40,広島,55.0,A2,6.1,45.19,5.67,44.44,66,35.42,24,37.33,23415 F3,,https://www1.mbrace.or.jp/od2/B/202609/b260915.lzh,2026-10-03T18:36:58.467318+09:00
20260915,06,浜名湖,7,20260915-06-07,1,4066,東本勝利,46,三重,53.0,A2,6.15,41.9,6.06,41.67,40,31.78,11,29.28,31526 26,11,https://www1.mbrace.or.jp/od2/B/202609/b260915.lzh,2026-10-03T18:36:58.467318+09:00
20260915,06,浜名湖,7,20260915-06-07,2,3939,渡辺真至,48,愛知,52.0,B2,5.07,31.94,6.03,40.63,54,32.65,57,33.49,2 535244,3,https://www1.mbrace.or.jp/od2/B/202609/b260915.lzh,2026-10-03T18:36:58.467318+09:00
20260915,06,浜名湖,7,20260915-06-07,3,4677,片橋幸貴,38,滋賀,54.0,A1,6.14,46.67,7.06,52.78,3,39.58,65,34.08,651 3343,11,https://www1.mbrace.or.jp/od2/B/202609/b260915.lzh,2026-10-03T18:36:58.467318+09:00
20260915,06,浜名湖,7,20260915-06-07,4,3906,飯山晃三,48,長崎,63.0,B1,3.64,20.0,3.52,21.74,23,36.36,13,31.98,565 352,2,https://www1.mbrace.or.jp/od2/B/202609/b260915.lzh,2026-10-03T18:36:58.467318+09:00
20260915,06,浜名湖,7,20260915-06-07,5,5463,出口飛龍,19,大阪,54.0,B2,1.2,0.0,0.0,0.0,63,44.66,41,31.9,4 66646,1,https://www1.mbrace.or.jp/od2/B/202609/b260915.lzh,2026-10-03T18:36:58.467318+09:00
20260915,06,浜名湖,7,20260915-06-07,6,3811,石田章央,50,静岡,55.0,A1,6.15,47.62,6.01,42.86,20,43.24,14,35.75,F42 1 3,2,https://www1.mbrace.or.jp/od2/B/202609/b260915.lzh,2026-10-03T18:36:58.467318+09:00
20260915,06,浜名湖,8,20260915-06-08,1,4345,西舘健,41,東京,54.0,A2,5.11,35.71,4.85,30.77,10,34.04,64,31.63,6 56623,1,https://www1.mbrace.or.jp/od2/B/202609/b260915.lzh,2026-10-03T18:36:58.467318+09:00
20260915,06,浜名湖,8,20260915-06-08,2,4022,待鳥雄紀,46,福岡,58.0,B1,4.7,25.27,5.0,32.35,59,32.63,32,38.14,5 225352,2,https://www1.mbrace.or.jp/od2/B/202609/b260915.lzh,2026-10-03T18:36:58.467318+09:00
20260915,06,浜名湖,8,20260915-06-08,3,5349,宮崎奏磨,22,静岡,52.0,B2,1.28,0.0,1.45,1.54,28,26.51,40,26.88,66,4,https://www1.mbrace.or.jp/od2/B/202609/b260915.lzh,2026-10-03T18:36:58.467318+09:00
20260915,06,浜名湖,8,20260915-06-08,4,3777,樋口亮,51,長崎,52.0,A2,5.1,31.0,6.58,50.0,32,36.44,23,33.63,455 233,3,https://www1.mbrace.or.jp/od2/B/202609/b260915.lzh,2026-10-03T18:36:58.467318+09:00
20260915,06,浜名湖,8,20260915-06-08,5,3796,長野道臣,53,静岡,55.0,B1,4.15,23.96,5.15,34.55,51,27.36,62,38.16,3 143663,1,https://www1.mbrace.or.jp/od2/B/202609/b260915.lzh,2026-10-03T18:36:58.467318+09:00
20260915,06,浜名湖,8,20260915-06-08,6,4639,雑賀勇貴,35,大阪,53.0,B1,4.14,22.58,4.0,23.53,49,31.86,46,32.29,16266 F,,https://www1.mbrace.or.jp/od2/B/202609/b260915.lzh,2026-10-03T18:36:58.467318+09:00
20260915,06,浜名湖,9,20260915-06-09,1,3842,星野太郎,50,三重,54.0,B1,5.13,33.77,5.98,34.09,61,43.1,29,35.27,2 346551,5,https://www1.mbrace.or.jp/od2/B/202609/b260915.lzh,2026-10-03T18:36:58.467318+09:00
20260915,06,浜名湖,9,20260915-06-09,2,4876,梅木敬太,32,福井,54.0,B1,4.96,30.19,2.9,10.0,41,28.57,21,40.36,46531 16,5,https://www1.mbrace.or.jp/od2/B/202609/b260915.lzh,2026-10-03T18:36:58.467318+09:00
20260915,06,浜名湖,9,20260915-06-09,3,3714,梶原正,51,福岡,55.0,B1,4.28,26.83,4.3,20.0,6,34.29,30,39.07,43235 66,1,https://www1.mbrace.or.jp/od2/B/202609/b260915.lzh,2026-10-03T18:36:58.467318+09:00
20260915,06,浜名湖,9,20260915-06-09,4,5353,草川壮良,22,滋賀,51.0,B1,3.31,13.46,0.0,0.0,26,41.32,18,35.02,35314 65,4,https://www1.mbrace.or.jp/od2/B/202609/b260915.lzh,2026-10-03T18:36:58.467318+09:00
20260915,06,浜名湖,9,20260915-06-09,5,4899,占部一真,34,福岡,52.0,B1,4.29,26.83,5.0,37.5,65,21.62,72,34.09,515 54,3,https://www1.mbrace.or.jp/od2/B/202609/b260915.lzh,2026-10-03T18:36:58.467318+09:00
20260915,06,浜名湖,9,20260915-06-09,6,4811,向井田佑,37,広島,49.0,B1,5.02,28.16,4.73,20.45,45,43.14,71,34.7,656 461,4,https://www1.mbrace.or.jp/od2/B/202609/b260915.lzh,2026-10-03T18:36:58.467318+09:00
20260915,06,浜名湖,10,20260915-06-10,1,4654,篠田優也,40,兵庫,55.0,A1,6.49,45.16,7.18,60.71,19,33.63,58,38.67,1 362244,5,https://www1.mbrace.or.jp/od2/B/202609/b260915.lzh,2026-10-03T18:36:58.467318+09:00
20260915,06,浜名湖,10,20260915-06-10,2,4684,楠原翔太,35,福岡,56.0,B1,5.42,33.64,3.61,16.67,22,42.99,25,36.92,4 251334,3,https://www1.mbrace.or.jp/od2/B/202609/b260915.lzh,2026-10-03T18:36:58.467318+09:00
20260915,06,浜名湖,10,20260915-06-10,3,5066,鈴木孝明,28,埼玉,54.0,A1,6.8,54.7,4.75,25.0,55,50.48,59,31.05,16114415,6,https://www1.mbrace.or.jp/od2/B/202609/b260915.lzh,2026-10-03T18:36:58.467318+09:00
20260915,06,浜名湖,10,20260915-06-10,4,4068,幸田智裕,46,静岡,55.0,B1,4.74,22.12,4.97,28.83,48,42.98,66,35.38,13434 36,2,https://www1.mbrace.or.jp/od2/B/202609/b260915.lzh,2026-10-03T18:36:58.467318+09:00
20260915,06,浜名湖,10,20260915-06-10,5,4381,田路朋史,41,兵庫,52.0,A2,5.69,41.11,6.73,50.0,17,39.64,53,33.63,31331 11,6,https://www1.mbrace.or.jp/od2/B/202609/b260915.lzh,2026-10-03T18:36:58.467318+09:00
20260915,06,浜名湖,10,20260915-06-10,6,4358,松本庸平,42,三重,50.0,B1,4.26,25.84,3.97,16.67,53,31.0,56,36.24,222 5634,5,https://www1.mbrace.or.jp/od2/B/202609/b260915.lzh,2026-10-03T18:36:58.467318+09:00
20260915,06,浜名湖,11,20260915-06-11,1,4677,片橋幸貴,38,滋賀,54.0,A1,6.14,46.67,7.06,52.78,3,39.58,65,34.08,651 3343,7,https://www1.mbrace.or.jp/od2/B/202609/b260915.lzh,2026-10-03T18:36:58.467318+09:00
20260915,06,浜名湖,11,20260915-06-11,2,4336,松田竜馬,42,福岡,56.0,B1,5.08,31.46,5.09,30.3,13,40.68,76,34.88,1 344224,4,https://www1.mbrace.or.jp/od2/B/202609/b260915.lzh,2026-10-03T18:36:58.467318+09:00
20260915,06,浜名湖,11,20260915-06-11,3,4431,石塚裕介,40,三重,52.0,B1,4.68,29.87,5.97,41.38,15,27.5,50,33.94,1 522255,6,https://www1.mbrace.or.jp/od2/B/202609/b260915.lzh,2026-10-03T18:36:58.467318+09:00
20260915,06,浜名湖,11,20260915-06-11,4,4066,東本勝利,46,三重,53.0,A2,6.15,41.9,6.06,41.67,40,31.78,11,29.28,31526 26,7,https://www1.mbrace.or.jp/od2/B/202609/b260915.lzh,2026-10-03T18:36:58.467318+09:00
20260915,06,浜名湖,11,20260915-06-11,5,3627,井上恵一,57,福岡,54.0,A2,4.54,30.59,5.74,40.0,4,30.85,69,34.39,422 3626,2,https://www1.mbrace.or.jp/od2/B/202609/b260915.lzh,2026-10-03T18:36:58.467318+09:00
20260915,06,浜名湖,11,20260915-06-11,6,4588,田中京介,35,福岡,57.0,A2,5.48,39.17,5.78,43.75,29,28.87,48,35.94,2 262332,4,https://www1.mbrace.or.jp/od2/B/202609/b260915.lzh,2026-10-03T18:36:58.467318+09:00
20260915,06,浜名湖,12,20260915-06-12,1,4269,杉山裕也,40,愛知,54.0,A2,7.25,60.71,0.0,0.0,37,44.64,45,42.47,2 152121,,https://www1.mbrace.or.jp/od2/B/202609/b260915.lzh,2026-10-03T18:36:58.467318+09:00
20260915,06,浜名湖,12,20260915-06-12,2,5091,為本智也,25,福井,52.0,B1,6.05,45.45,6.13,43.75,11,39.81,70,31.16,23144141,,https://www1.mbrace.or.jp/od2/B/202609/b260915.lzh,2026-10-03T18:36:58.467318+09:00
20260915,06,浜名湖,12,20260915-06-12,3,3721,守田俊介,51,滋賀,53.0,A1,6.84,50.39,6.79,42.86,38,40.52,51,30.41,43451211,,https://www1.mbrace.or.jp/od2/B/202609/b260915.lzh,2026-10-03T18:36:58.467318+09:00
20260915,06,浜名湖,12,20260915-06-12,4,4798,浜先真範,33,広島,52.0,A1,6.64,46.28,6.24,47.62,5,45.05,60,31.22,11422142,,https://www1.mbrace.or.jp/od2/B/202609/b260915.lzh,2026-10-03T18:36:58.467318+09:00
20260915,06,浜名湖,12,20260915-06-12,5,4666,日笠勝弘,42,大阪,52.0,B1,4.02,19.75,4.77,30.77,14,32.99,33,32.88,2 441152,,https://www1.mbrace.or.jp/od2/B/202609/b260915.lzh,2026-10-03T18:36:58.467318+09:00
20260915,06,浜名湖,12,20260915-06-12,6,4150,山田雄太,44,静岡,57.0,A2,5.95,42.2,6.14,43.55,34,32.69,44,40.98,3 133452,,https://www1.mbrace.or.jp/od2/B/202609/b260915.lzh,2026-10-03T18:36:58.467318+09:00
20260915,04,平和島,1,20260915-04-01,1,5105,富田恕生,27,福岡,53.0,B1,4.31,22.81,6.4,50.0,75,25.42,70,42.11,6,11,https://www1.mbrace.or.jp/od2/B/202609/b260915.lzh,2026-10-03T18:36:58.467318+09:00
20260915,04,平和島,1,20260915-04-01,2,3105,内山文典,63,東京,53.0,B1,5.03,32.18,5.8,35.19,11,36.54,26,35.48,5,7,https://www1.mbrace.or.jp/od2/B/202609/b260915.lzh,2026-10-03T18:36:58.467318+09:00
20260915,04,平和島,1,20260915-04-01,3,5004,河野主樹,30,大阪,53.0,A2,5.74,38.02,5.82,39.29,26,38.24,67,40.35,3,10,https://www1.mbrace.or.jp/od2/B/202609/b260915.lzh,2026-10-03T18:36:58.467318+09:00
20260915,04,平和島,1,20260915-04-01,4,5424,熊倉幹太,24,東京,54.0,B2,1.49,2.04,1.89,11.11,28,17.78,16,38.89,6,,https://www1.mbrace.or.jp/od2/B/202609/b260915.lzh,2026-10-03T18:36:58.467318+09:00
20260915,04,平和島,1,20260915-04-01,5,3564,桑原啓,56,福岡,52.0,B1,4.35,27.45,5.91,54.55,19,33.85,14,40.35,6,8,https://www1.mbrace.or.jp/od2/B/202609/b260915.lzh,2026-10-03T18:36:58.467318+09:00
20260915,04,平和島,1,20260915-04-01,6,3904,森貴洋,49,大阪,56.0,B1,4.99,32.53,5.5,38.24,62,44.9,34,28.07,1,6,https://www1.mbrace.or.jp/od2/B/202609/b260915.lzh,2026-10-03T18:36:58.467318+09:00
20260915,04,平和島,2,20260915-04-02,1,4422,永井亮次,38,大阪,52.0,B1,4.35,22.78,3.88,20.83,45,21.05,71,40.0,5,7,https://www1.mbrace.or.jp/od2/B/202609/b260915.lzh,2026-10-03T18:36:58.467318+09:00
20260915,04,平和島,2,20260915-04-02,2,5031,渡辺空依,28,福岡,54.0,B1,5.07,31.52,0.0,0.0,71,29.41,17,40.68,42,,https://www1.mbrace.or.jp/od2/B/202609/b260915.lzh,2026-10-03T18:36:58.467318+09:00
20260915,04,平和島,2,20260915-04-02,3,3800,牧宏次,52,東京,52.0,A2,5.69,35.16,5.7,38.64,31,29.82,31,20.63,4,10,https://www1.mbrace.or.jp/od2/B/202609/b260915.lzh,2026-10-03T18:36:58.467318+09:00
20260915,04,平和島,2,20260915-04-02,4,3857,阿波勝哉,53,東京,56.0,B1,4.88,29.03,4.87,27.87,51,34.78,37,20.59,4,12,https://www1.mbrace.or.jp/od2/B/202609/b260915.lzh,2026-10-03T18:36:58.467318+09:00
20260915,04,平和島,2,20260915-04-02,5,3439,大平誉史,57,大阪,51.0,A1,5.88,42.34,5.83,40.0,54,22.41,11,27.42,45,9,https://www1.mbrace.or.jp/od2/B/202609/b260915.lzh,2026-10-03T18:36:58.467318+09:00
20260915,04,平和島,2,20260915-04-02,6,4367,山口修路,40,福岡,53.0,B1,4.45,18.48,4.8,20.0,17,28.57,64,22.86,55,,https://www1.mbrace.or.jp/od2/B/202609/b260915.lzh,2026-10-03T18:36:58.467318+09:00
20260915,04,平和島,3,20260915-04-03,1,4104,木下陽介,47,東京,55.0,B1,4.48,27.38,5.13,35.94,64,30.65,39,28.13,6,8,https://www1.mbrace.or.jp/od2/B/202609/b260915.lzh,2026-10-03T18:36:58.467318+09:00
20260915,04,平和島,3,20260915-04-03,2,3107,平岡重典,62,大阪,52.0,B1,3.84,14.0,4.16,12.0,44,17.86,28,29.03,65,,https://www1.mbrace.or.jp/od2/B/202609/b260915.lzh,2026-10-03T18:36:58.467318+09:00
20260915,04,平和島,3,20260915-04-03,3,4288,永田啓二,41,福岡,53.0,A1,7.6,64.6,7.5,63.33,58,47.54,62,30.43,1,12,https://www1.mbrace.or.jp/od2/B/202609/b260915.lzh,2026-10-03T18:36:58.467318+09:00
20260915,04,平和島,3,20260915-04-03,4,5393,藤原駿,25,大阪,57.0,B2,1.41,0.0,0.0,0.0,23,50.0,66,23.08,6,,https://www1.mbrace.or.jp/od2/B/202609/b260915.lzh,2026-10-03T18:36:58.467318+09:00
20260915,04,平和島,3,20260915-04-03,5,4421,森作広大,38,東京,56.0,B1,3.35,10.0,4.12,18.64,49,22.03,75,39.66,1,10,https://www1.mbrace.or.jp/od2/B/202609/b260915.lzh,2026-10-03T18:36:58.467318+09:00
20260915,04,平和島,3,20260915-04-03,6,4180,上野秀和,43,福岡,54.0,A2,5.28,31.67,4.38,8.33,21,46.88,73,29.79,1,9,https://www1.mbrace.or.jp/od2/B/202609/b260915.lzh,2026-10-03T18:36:58.467318+09:00
20260915,04,平和島,4,20260915-04-04,1,5209,小野京平,28,福岡,56.0,B1,3.73,13.51,2.58,0.0,22,14.75,27,15.25,4,8,https://www1.mbrace.or.jp/od2/B/202609/b260915.lzh,2026-10-03T18:36:58.467318+09:00
20260915,04,平和島,4,20260915-04-04,2,4200,早川尚人,44,大阪,55.0,B1,4.27,17.05,4.28,27.78,56,19.67,74,31.03,5,9,https://www1.mbrace.or.jp/od2/B/202609/b260915.lzh,2026-10-03T18:36:58.467318+09:00
20260915,04,平和島,4,20260915-04-04,3,4880,澤崎雄哉,31,東京,53.0,B1,5.36,32.65,6.05,47.37,63,30.43,65,26.42,55,,https://www1.mbrace.or.jp/od2/B/202609/b260915.lzh,2026-10-03T18:36:58.467318+09:00
20260915,04,平和島,4,20260915-04-04,4,4082,濱崎誠,47,大阪,52.0,B1,5.94,42.86,6.8,60.0,72,23.33,35,42.25,5,11,https://www1.mbrace.or.jp/od2/B/202609/b260915.lzh,2026-10-03T18:36:58.467318+09:00
20260915,04,平和島,4,20260915-04-04,5,3876,中辻崇人,49,福岡,53.0,A1,6.63,48.53,8.18,76.47,20,25.86,68,36.36,21,10,https://www1.mbrace.or.jp/od2/B/202609/b260915.lzh,2026-10-03T18:36:58.467318+09:00
20260915,04,平和島,4,20260915-04-04,6,3385,渡邉睦広,57,東京,52.0,A2,5.39,37.86,5.98,46.88,57,23.64,18,30.19,3,12,https://www1.mbrace.or.jp/od2/B/202609/b260915.lzh,2026-10-03T18:36:58.467318+09:00
20260915,04,平和島,5,20260915-04-05,1,4697,國弘翔平,40,福岡,50.0,B1,4.39,22.68,4.36,13.64,70,16.67,23,37.1,43,,https://www1.mbrace.or.jp/od2/B/202609/b260915.lzh,2026-10-03T18:36:58.467318+09:00
20260915,04,平和島,5,20260915-04-05,2,4769,馬場剛,34,東京,51.0,A1,6.82,52.0,6.23,48.15,65,28.99,30,39.68,33,11,https://www1.mbrace.or.jp/od2/B/202609/b260915.lzh,2026-10-03T18:36:58.467318+09:00
20260915,04,平和島,5,20260915-04-05,3,4976,金山立樹,32,東京,52.0,B1,4.81,27.45,5.9,41.94,47,25.37,72,37.74,3,9,https://www1.mbrace.or.jp/od2/B/202609/b260915.lzh,2026-10-03T18:36:58.467318+09:00
20260915,04,平和島,5,20260915-04-05,4,3963,原田秀弥,47,大阪,53.0,A2,5.79,36.61,5.4,33.33,32,28.79,10,35.82,6,12,https://www1.mbrace.or.jp/od2/B/202609/b260915.lzh,2026-10-03T18:36:58.467318+09:00
20260915,04,平和島,5,20260915-04-05,5,3432,宮迫暢彦,58,大阪,54.0,B1,3.84,14.86,5.54,42.86,39,17.24,69,39.22,12,,https://www1.mbrace.or.jp/od2/B/202609/b260915.lzh,2026-10-03T18:36:58.467318+09:00
20260915,04,平和島,5,20260915-04-05,6,4272,大場広孝,44,福岡,58.0,B1,4.86,28.97,4.95,26.32,15,34.48,25,51.61,26,,https://www1.mbrace.or.jp/od2/B/202609/b260915.lzh,2026-10-03T18:36:58.467318+09:00
20260915,04,平和島,6,20260915-04-06,1,3771,折下寛法,52,東京,51.0,B1,5.18,27.0,4.61,24.39,41,42.0,12,24.24,11,,https://www1.mbrace.or.jp/od2/B/202609/b260915.lzh,2026-10-03T18:36:58.467318+09:00
20260915,04,平和島,6,20260915-04-06,2,5104,山田丈,28,福岡,51.0,A2,5.88,39.62,7.64,63.64,74,36.51,19,29.03,1,11,https://www1.mbrace.or.jp/od2/B/202609/b260915.lzh,2026-10-03T18:36:58.467318+09:00
20260915,04,平和島,6,20260915-04-06,3,3313,本吉正樹,61,東京,58.0,B1,4.12,19.35,4.28,25.0,24,35.42,59,23.21,34,,https://www1.mbrace.or.jp/od2/B/202609/b260915.lzh,2026-10-03T18:36:58.467318+09:00
20260915,04,平和島,6,20260915-04-06,4,3904,森貴洋,49,大阪,56.0,B1,4.99,32.53,5.5,38.24,62,44.9,34,28.07,1,1,https://www1.mbrace.or.jp/od2/B/202609/b260915.lzh,2026-10-03T18:36:58.467318+09:00
20260915,04,平和島,6,20260915-04-06,5,4659,木下翔太,35,大阪,55.0,A1,7.55,55.64,7.22,48.15,33,34.38,13,33.33,12,12,https://www1.mbrace.or.jp/od2/B/202609/b260915.lzh,2026-10-03T18:36:58.467318+09:00
20260915,04,平和島,6,20260915-04-06,6,5237,永松良教,26,福岡,55.0,B2,5.02,26.98,3.0,14.29,48,30.88,38,47.37,3,,https://www1.mbrace.or.jp/od2/B/202609/b260915.lzh,2026-10-03T18:36:58.467318+09:00
20260915,04,平和島,7,20260915-04-07,1,3915,繁野谷圭,52,大阪,52.0,A2,6.28,45.54,5.33,39.53,66,30.77,29,27.45,16,,https://www1.mbrace.or.jp/od2/B/202609/b260915.lzh,2026-10-03T18:36:58.467318+09:00
20260915,04,平和島,7,20260915-04-07,2,5022,伊藤尚汰,31,福岡,51.0,B1,4.27,28.41,4.3,16.98,67,16.13,36,29.09,4,12,https://www1.mbrace.or.jp/od2/B/202609/b260915.lzh,2026-10-03T18:36:58.467318+09:00
20260915,04,平和島,7,20260915-04-07,3,4932,新開航,30,福岡,52.0,A1,7.58,53.91,7.38,53.33,35,28.57,40,25.0,24,,https://www1.mbrace.or.jp/od2/B/202609/b260915.lzh,2026-10-03T18:36:58.467318+09:00
20260915,04,平和島,7,20260915-04-07,4,4863,三浦裕貴,37,東京,56.0,B1,4.05,16.46,4.02,19.23,52,29.23,21,27.78,36,,https://www1.mbrace.or.jp/od2/B/202609/b260915.lzh,2026-10-03T18:36:58.467318+09:00
20260915,04,平和島,7,20260915-04-07,5,4422,永井亮次,38,大阪,52.0,B1,4.35,22.78,3.88,20.83,45,21.05,71,40.0,5,2,https://www1.mbrace.or.jp/od2/B/202609/b260915.lzh,2026-10-03T18:36:58.467318+09:00
20260915,04,平和島,7,20260915-04-07,6,3105,内山文典,63,東京,53.0,B1,5.03,32.18,5.8,35.19,11,36.54,26,35.48,5,1,https://www1.mbrace.or.jp/od2/B/202609/b260915.lzh,2026-10-03T18:36:58.467318+09:00
20260915,04,平和島,8,20260915-04-08,1,4508,野間大樹,37,大阪,53.0,A2,4.89,26.98,5.57,57.14,14,39.62,24,44.44,62,,https://www1.mbrace.or.jp/od2/B/202609/b260915.lzh,2026-10-03T18:36:58.467318+09:00
20260915,04,平和島,8,20260915-04-08,2,4104,木下陽介,47,東京,55.0,B1,4.48,27.38,5.13,35.94,64,30.65,39,28.13,6,3,https://www1.mbrace.or.jp/od2/B/202609/b260915.lzh,2026-10-03T18:36:58.467318+09:00
20260915,04,平和島,8,20260915-04-08,3,3951,石川吉鎬,50,大阪,55.0,B1,4.93,24.51,6.29,47.06,59,24.56,32,38.03,41,,https://www1.mbrace.or.jp/od2/B/202609/b260915.lzh,2026-10-03T18:36:58.467318+09:00
20260915,04,平和島,8,20260915-04-08,4,3564,桑原啓,56,福岡,52.0,B1,4.35,27.45,5.91,54.55,19,33.85,14,40.35,6,1,https://www1.mbrace.or.jp/od2/B/202609/b260915.lzh,2026-10-03T18:36:58.467318+09:00
20260915,04,平和島,8,20260915-04-08,5,5209,小野京平,28,福岡,56.0,B1,3.73,13.51,2.58,0.0,22,14.75,27,15.25,4,4,https://www1.mbrace.or.jp/od2/B/202609/b260915.lzh,2026-10-03T18:36:58.467318+09:00
20260915,04,平和島,8,20260915-04-08,6,4610,佐藤大佑,36,東京,54.0,A1,5.92,42.45,5.56,31.25,69,31.15,60,41.38,36,,https://www1.mbrace.or.jp/od2/B/202609/b260915.lzh,2026-10-03T18:36:58.467318+09:00
20260915,04,平和島,9,20260915-04-09,1,4053,芦澤望,48,東京,57.0,A2,5.21,32.93,5.49,38.3,55,20.97,63,36.21,34,,https://www1.mbrace.or.jp/od2/B/202609/b260915.lzh,2026-10-03T18:36:58.467318+09:00
20260915,04,平和島,9,20260915-04-09,2,5081,篠原飛翔,27,福岡,52.0,A2,5.57,40.43,0.0,0.0,30,46.27,33,37.68,23,,https://www1.mbrace.or.jp/od2/B/202609/b260915.lzh,2026-10-03T18:36:58.467318+09:00
20260915,04,平和島,9,20260915-04-09,3,3439,大平誉史,57,大阪,51.0,A1,5.88,42.34,5.83,40.0,54,22.41,11,27.42,45,2,https://www1.mbrace.or.jp/od2/B/202609/b260915.lzh,2026-10-03T18:36:58.467318+09:00
20260915,04,平和島,9,20260915-04-09,4,4180,上野秀和,43,福岡,54.0,A2,5.28,31.67,4.38,8.33,21,46.88,73,29.79,1,3,https://www1.mbrace.or.jp/od2/B/202609/b260915.lzh,2026-10-03T18:36:58.467318+09:00
20260915,04,平和島,9,20260915-04-09,5,4976,金山立樹,32,東京,52.0,B1,4.81,27.45,5.9,41.94,47,25.37,72,37.74,3,5,https://www1.mbrace.or.jp/od2/B/202609/b260915.lzh,2026-10-03T18:36:58.467318+09:00
20260915,04,平和島,9,20260915-04-09,6,4200,早川尚人,44,大阪,55.0,B1,4.27,17.05,4.28,27.78,56,19.67,74,31.03,5,4,https://www1.mbrace.or.jp/od2/B/202609/b260915.lzh,2026-10-03T18:36:58.467318+09:00
20260915,04,平和島,10,20260915-04-10,1,3876,中辻崇人,49,福岡,53.0,A1,6.63,48.53,8.18,76.47,20,25.86,68,36.36,21,4,https://www1.mbrace.or.jp/od2/B/202609/b260915.lzh,2026-10-03T18:36:58.467318+09:00
20260915,04,平和島,10,20260915-04-10,2,5004,河野主樹,30,大阪,53.0,A2,5.74,38.02,5.82,39.29,26,38.24,67,40.35,3,1,https://www1.mbrace.or.jp/od2/B/202609/b260915.lzh,2026-10-03T18:36:58.467318+09:00
20260915,04,平和島,10,20260915-04-10,3,4651,佐藤大騎,41,大阪,53.0,B1,3.6,10.39,4.41,20.59,73,30.0,20,35.38,3,,https://www1.mbrace.or.jp/od2/B/202609/b260915.lzh,2026-10-03T18:36:58.467318+09:00
20260915,04,平和島,10,20260915-04-10,4,3747,國崎良春,51,福岡,52.0,A2,5.72,37.21,5.54,41.67,36,35.85,22,30.0,25,,https://www1.mbrace.or.jp/od2/B/202609/b260915.lzh,2026-10-03T18:36:58.467318+09:00
20260915,04,平和島,10,20260915-04-10,5,3800,牧宏次,52,東京,52.0,A2,5.69,35.16,5.7,38.64,31,29.82,31,20.63,4,2,https://www1.mbrace.or.jp/od2/B/202609/b260915.lzh,2026-10-03T18:36:58.467318+09:00
20260915,04,平和島,10,20260915-04-10,6,4421,森作広大,38,東京,56.0,B1,3.35,10.0,4.12,18.64,49,22.03,75,39.66,1,3,https://www1.mbrace.or.jp/od2/B/202609/b260915.lzh,2026-10-03T18:36:58.467318+09:00
20260915,04,平和島,11,20260915-04-11,1,4769,馬場剛,34,東京,51.0,A1,6.82,52.0,6.23,48.15,65,28.99,30,39.68,33,5,https://www1.mbrace.or.jp/od2/B/202609/b260915.lzh,2026-10-03T18:36:58.467318+09:00
20260915,04,平和島,11,20260915-04-11,2,4082,濱崎誠,47,大阪,52.0,B1,5.94,42.86,6.8,60.0,72,23.33,35,42.25,5,4,https://www1.mbrace.or.jp/od2/B/202609/b260915.lzh,2026-10-03T18:36:58.467318+09:00
20260915,04,平和島,11,20260915-04-11,3,5105,富田恕生,27,福岡,53.0,B1,4.31,22.81,6.4,50.0,75,25.42,70,42.11,6,1,https://www1.mbrace.or.jp/od2/B/202609/b260915.lzh,2026-10-03T18:36:58.467318+09:00
20260915,04,平和島,11,20260915-04-11,4,5023,久永祥平,31,東京,52.0,A2,5.78,36.63,5.39,30.43,53,30.36,15,17.24,22,,https://www1.mbrace.or.jp/od2/B/202609/b260915.lzh,2026-10-03T18:36:58.467318+09:00
20260915,04,平和島,11,20260915-04-11,5,5104,山田丈,28,福岡,51.0,A2,5.88,39.62,7.64,63.64,74,36.51,19,29.03,1,6,https://www1.mbrace.or.jp/od2/B/202609/b260915.lzh,2026-10-03T18:36:58.467318+09:00
20260915,04,平和島,11,20260915-04-11,6,4377,濱本優一,42,大阪,49.0,A1,5.35,34.51,5.45,41.38,46,43.75,61,30.36,52,,https://www1.mbrace.or.jp/od2/B/202609/b260915.lzh,2026-10-03T18:36:58.467318+09:00
20260915,04,平和島,12,20260915-04-12,1,4659,木下翔太,35,大阪,55.0,A1,7.55,55.64,7.22,48.15,33,34.38,13,33.33,12,6,https://www1.mbrace.or.jp/od2/B/202609/b260915.lzh,2026-10-03T18:36:58.467318+09:00
20260915,04,平和島,12,20260915-04-12,2,3385,渡邉睦広,57,東京,52.0,A2,5.39,37.86,5.98,46.88,57,23.64,18,30.19,3,4,https://www1.mbrace.or.jp/od2/B/202609/b260915.lzh,2026-10-03T18:36:58.467318+09:00
20260915,04,平和島,12,20260915-04-12,3,5022,伊藤尚汰,31,福岡,51.0,B1,4.27,28.41,4.3,16.98,67,16.13,36,29.09,4,7,https://www1.mbrace.or.jp/od2/B/202609/b260915.lzh,2026-10-03T18:36:58.467318+09:00
20260915,04,平和島,12,20260915-04-12,4,4288,永田啓二,41,福岡,53.0,A1,7.6,64.6,7.5,63.33,58,47.54,62,30.43,1,3,https://www1.mbrace.or.jp/od2/B/202609/b260915.lzh,2026-10-03T18:36:58.467318+09:00
20260915,04,平和島,12,20260915-04-12,5,3857,阿波勝哉,53,東京,56.0,B1,4.88,29.03,4.87,27.87,51,34.78,37,20.59,4,2,https://www1.mbrace.or.jp/od2/B/202609/b260915.lzh,2026-10-03T18:36:58.467318+09:00
20260915,04,平和島,12,20260915-04-12,6,3963,原田秀弥,47,大阪,53.0,A2,5.79,36.61,5.4,33.33,32,28.79,10,35.82,6,5,https://www1.mbrace.or.jp/od2/B/202609/b260915.lzh,2026-10-03T18:36:58.467318+09:00
