date,venue_code,venue_name,race,race_id,boat,registration_no,racer_name,age,branch,weight_kg,grade,national_win_rate,national_top2_rate,local_win_rate,local_top2_rate,motor_no,motor_top2_rate,boat_no,boat_top2_rate,series_results_raw,early_race_raw,source_url,collected_at
20260717,24,大村,1,20260717-24-01,1,4674,池田剛規,38,福岡,51.0,B1,5.13,30.48,5.97,43.59,62,36.36,16,22.58,534 5,5,https://www1.mbrace.or.jp/od2/B/202607/b260717.lzh,2026-10-03T18:27:22.584716+09:00
20260717,24,大村,1,20260717-24-01,2,3211,北川敏弘,64,佐賀,54.0,B1,4.26,17.39,4.08,18.42,56,47.22,52,17.86,356 4,6,https://www1.mbrace.or.jp/od2/B/202607/b260717.lzh,2026-10-03T18:27:22.584716+09:00
20260717,24,大村,1,20260717-24-01,3,5033,藤原孝斗,28,愛知,54.0,B1,4.32,28.0,3.44,18.75,12,12.12,66,32.26,443 4,7,https://www1.mbrace.or.jp/od2/B/202607/b260717.lzh,2026-10-03T18:27:22.584716+09:00
20260717,24,大村,1,20260717-24-01,4,3441,土屋太朗,56,群馬,55.0,B1,4.67,24.0,0.0,0.0,67,29.41,83,36.84,4 553,7,https://www1.mbrace.or.jp/od2/B/202607/b260717.lzh,2026-10-03T18:27:22.584716+09:00
20260717,24,大村,1,20260717-24-01,5,5426,甲斐貴大,24,福岡,54.0,B2,1.85,2.7,1.38,0.0,13,42.86,61,12.9,666 5,5,https://www1.mbrace.or.jp/od2/B/202607/b260717.lzh,2026-10-03T18:27:22.584716+09:00
20260717,24,大村,1,20260717-24-01,6,4872,山下流心,33,広島,54.0,B1,4.37,26.13,3.82,5.88,77,29.03,38,36.67,2 565,9,https://www1.mbrace.or.jp/od2/B/202607/b260717.lzh,2026-10-03T18:27:22.584716+09:00
20260717,24,大村,2,20260717-24-02,1,4004,山本浩輔,48,長崎,52.0,B1,4.88,27.71,4.83,27.27,51,19.35,39,37.93,3 1545,12,https://www1.mbrace.or.jp/od2/B/202607/b260717.lzh,2026-10-03T18:27:22.584716+09:00
20260717,24,大村,2,20260717-24-02,2,4196,田中太一,44,佐賀,52.0,B1,3.73,18.95,4.61,28.07,11,9.38,41,15.79,2 536,6,https://www1.mbrace.or.jp/od2/B/202607/b260717.lzh,2026-10-03T18:27:22.584716+09:00
20260717,24,大村,2,20260717-24-02,3,5325,澁川夏,23,大阪,52.0,B1,5.83,39.58,4.0,0.0,71,21.21,75,44.44,624 3,8,https://www1.mbrace.or.jp/od2/B/202607/b260717.lzh,2026-10-03T18:27:22.584716+09:00
20260717,24,大村,2,20260717-24-02,4,3967,鈴木茂高,46,愛知,57.0,B1,4.75,30.0,5.2,40.0,29,40.63,79,40.0,166 6,7,https://www1.mbrace.or.jp/od2/B/202607/b260717.lzh,2026-10-03T18:27:22.584716+09:00
20260717,24,大村,2,20260717-24-02,5,5063,大塚雅治,28,東京,53.0,B1,4.46,18.57,5.06,18.75,41,54.29,13,23.33,5 151,9,https://www1.mbrace.or.jp/od2/B/202607/b260717.lzh,2026-10-03T18:27:22.584716+09:00
20260717,24,大村,2,20260717-24-02,6,4945,上村宏太,34,東京,54.0,B1,4.08,14.94,3.61,11.11,15,22.22,86,34.48,5 645,,https://www1.mbrace.or.jp/od2/B/202607/b260717.lzh,2026-10-03T18:27:22.584716+09:00
20260717,24,大村,3,20260717-24-03,1,4866,橋本英一,36,福岡,55.0,B1,3.93,15.71,4.17,17.39,58,40.0,80,29.03,6 334,8,https://www1.mbrace.or.jp/od2/B/202607/b260717.lzh,2026-10-03T18:27:22.584716+09:00
20260717,24,大村,3,20260717-24-03,2,3939,渡辺真至,48,愛知,52.0,B2,5.51,40.54,5.83,44.44,33,35.29,18,32.26,332 55,12,https://www1.mbrace.or.jp/od2/B/202607/b260717.lzh,2026-10-03T18:27:22.584716+09:00
20260717,24,大村,3,20260717-24-03,3,3467,森弘行,57,東京,52.0,B1,3.96,12.33,3.64,10.71,52,47.06,45,40.0,256 6,7,https://www1.mbrace.or.jp/od2/B/202607/b260717.lzh,2026-10-03T18:27:22.584716+09:00
20260717,24,大村,3,20260717-24-03,4,4626,伊藤紘章,40,愛知,51.0,B1,4.26,21.92,4.04,28.57,45,42.86,85,50.0,2 1634,10,https://www1.mbrace.or.jp/od2/B/202607/b260717.lzh,2026-10-03T18:27:22.584716+09:00
20260717,24,大村,3,20260717-24-03,5,5207,高山敬悟,28,福岡,53.0,B1,5.38,39.33,5.13,33.33,76,32.35,59,40.0,426 43,,https://www1.mbrace.or.jp/od2/B/202607/b260717.lzh,2026-10-03T18:27:22.584716+09:00
20260717,24,大村,3,20260717-24-03,6,3544,豊田訓靖,57,静岡,53.0,B1,3.64,13.48,0.0,0.0,35,27.27,72,32.26,4 466,,https://www1.mbrace.or.jp/od2/B/202607/b260717.lzh,2026-10-03T18:27:22.584716+09:00
20260717,24,大村,4,20260717-24-04,1,4440,萩原知哉,39,東京,54.0,B1,4.89,27.06,4.28,16.0,30,24.24,11,40.0,556 34,,https://www1.mbrace.or.jp/od2/B/202607/b260717.lzh,2026-10-03T18:27:22.584716+09:00
20260717,24,大村,4,20260717-24-04,2,4161,黒柳浩孝,44,愛知,54.0,B1,5.25,31.97,5.77,46.15,24,45.45,71,29.03,262 2,9,https://www1.mbrace.or.jp/od2/B/202607/b260717.lzh,2026-10-03T18:27:22.584716+09:00
20260717,24,大村,4,20260717-24-04,3,4259,真庭明志,42,長崎,52.0,A2,5.47,34.85,6.09,44.09,61,42.86,34,34.48,141163,12,https://www1.mbrace.or.jp/od2/B/202607/b260717.lzh,2026-10-03T18:27:22.584716+09:00
20260717,24,大村,4,20260717-24-04,4,5385,鈴木柊介,21,静岡,56.0,B1,2.58,5.63,0.0,0.0,20,51.52,46,50.0,6 5655,,https://www1.mbrace.or.jp/od2/B/202607/b260717.lzh,2026-10-03T18:27:22.584716+09:00
20260717,24,大村,4,20260717-24-04,5,5271,杉山太陽,24,福岡,53.0,B1,4.04,17.57,2.4,5.0,54,51.43,35,41.38,653 3,8,https://www1.mbrace.or.jp/od2/B/202607/b260717.lzh,2026-10-03T18:27:22.584716+09:00
20260717,24,大村,4,20260717-24-04,6,4786,佐藤博亮,38,愛知,54.0,A1,6.63,54.76,6.32,54.05,21,22.58,31,36.67,152313,10,https://www1.mbrace.or.jp/od2/B/202607/b260717.lzh,2026-10-03T18:27:22.584716+09:00
20260717,24,大村,5,20260717-24-05,1,4179,広次修,43,山口,52.0,A2,5.42,34.02,4.91,25.0,66,18.75,33,26.67,233 56,10,https://www1.mbrace.or.jp/od2/B/202607/b260717.lzh,2026-10-03T18:27:22.584716+09:00
20260717,24,大村,5,20260717-24-05,2,4254,川島圭司,43,滋賀,51.0,A2,5.34,29.55,5.8,40.0,55,25.71,15,30.0,3 522,9,https://www1.mbrace.or.jp/od2/B/202607/b260717.lzh,2026-10-03T18:27:22.584716+09:00
20260717,24,大村,5,20260717-24-05,3,4575,戸塚邦好,37,東京,52.0,A2,6.28,44.79,5.78,44.44,74,26.67,37,50.0,141 15,10,https://www1.mbrace.or.jp/od2/B/202607/b260717.lzh,2026-10-03T18:27:22.584716+09:00
20260717,24,大村,5,20260717-24-05,4,4674,池田剛規,38,福岡,51.0,B1,5.13,30.48,5.97,43.59,62,36.36,16,22.58,534 5,1,https://www1.mbrace.or.jp/od2/B/202607/b260717.lzh,2026-10-03T18:27:22.584716+09:00
20260717,24,大村,5,20260717-24-05,5,5381,有山望,21,大阪,49.0,B1,3.65,10.59,0.0,0.0,36,29.03,63,35.48,444 26,,https://www1.mbrace.or.jp/od2/B/202607/b260717.lzh,2026-10-03T18:27:22.584716+09:00
20260717,24,大村,5,20260717-24-05,6,5426,甲斐貴大,24,福岡,54.0,B2,1.85,2.7,1.38,0.0,13,42.86,61,12.9,666 5,1,https://www1.mbrace.or.jp/od2/B/202607/b260717.lzh,2026-10-03T18:27:22.584716+09:00
20260717,24,大村,6,20260717-24-06,1,4180,上野秀和,43,福岡,55.0,A2,5.32,31.25,4.0,25.0,78,25.0,78,24.14,1 3443,10,https://www1.mbrace.or.jp/od2/B/202607/b260717.lzh,2026-10-03T18:27:22.584716+09:00
20260717,24,大村,6,20260717-24-06,2,5048,眞鳥康太,32,長崎,54.0,B1,4.01,17.91,4.59,26.37,23,41.67,54,36.0,3 2542,,https://www1.mbrace.or.jp/od2/B/202607/b260717.lzh,2026-10-03T18:27:22.584716+09:00
20260717,24,大村,6,20260717-24-06,3,4962,畑竜生,29,三重,52.0,A2,5.16,30.0,3.0,16.67,25,31.25,55,46.67,125 16,10,https://www1.mbrace.or.jp/od2/B/202607/b260717.lzh,2026-10-03T18:27:22.584716+09:00
20260717,24,大村,6,20260717-24-06,4,3211,北川敏弘,64,佐賀,54.0,B1,4.26,17.39,4.08,18.42,56,47.22,52,17.86,356 4,1,https://www1.mbrace.or.jp/od2/B/202607/b260717.lzh,2026-10-03T18:27:22.584716+09:00
20260717,24,大村,6,20260717-24-06,5,4196,田中太一,44,佐賀,52.0,B1,3.73,18.95,4.61,28.07,11,9.38,41,15.79,2 536,2,https://www1.mbrace.or.jp/od2/B/202607/b260717.lzh,2026-10-03T18:27:22.584716+09:00
20260717,24,大村,6,20260717-24-06,6,4545,岡村慶太,38,福岡,58.0,A1,7.2,59.82,8.04,60.71,18,16.67,51,37.93,143214,12,https://www1.mbrace.or.jp/od2/B/202607/b260717.lzh,2026-10-03T18:27:22.584716+09:00
20260717,24,大村,7,20260717-24-07,1,3740,大澤普司,52,群馬,53.0,A1,6.2,42.19,6.45,50.0,32,27.27,56,30.0,415324,12,https://www1.mbrace.or.jp/od2/B/202607/b260717.lzh,2026-10-03T18:27:22.584716+09:00
20260717,24,大村,7,20260717-24-07,2,3967,鈴木茂高,46,愛知,57.0,B1,4.75,30.0,5.2,40.0,29,40.63,79,40.0,166 6,2,https://www1.mbrace.or.jp/od2/B/202607/b260717.lzh,2026-10-03T18:27:22.584716+09:00
20260717,24,大村,7,20260717-24-07,3,3441,土屋太朗,56,群馬,55.0,B1,4.67,24.0,0.0,0.0,67,29.41,83,36.84,4 553,1,https://www1.mbrace.or.jp/od2/B/202607/b260717.lzh,2026-10-03T18:27:22.584716+09:00
20260717,24,大村,7,20260717-24-07,4,3467,森弘行,57,東京,52.0,B1,3.96,12.33,3.64,10.71,52,47.06,45,40.0,256 6,3,https://www1.mbrace.or.jp/od2/B/202607/b260717.lzh,2026-10-03T18:27:22.584716+09:00
20260717,24,大村,7,20260717-24-07,5,5033,藤原孝斗,28,愛知,54.0,B1,4.32,28.0,3.44,18.75,12,12.12,66,32.26,443 4,1,https://www1.mbrace.or.jp/od2/B/202607/b260717.lzh,2026-10-03T18:27:22.584716+09:00
20260717,24,大村,7,20260717-24-07,6,4797,中山将,34,三重,54.0,A1,6.84,52.94,6.93,46.67,43,27.27,49,37.93,66111F,,https://www1.mbrace.or.jp/od2/B/202607/b260717.lzh,2026-10-03T18:27:22.584716+09:00
20260717,24,大村,8,20260717-24-08,1,4067,永井源,46,愛知,53.0,A2,6.22,43.75,7.88,87.5,81,32.26,70,37.93,3 1424,12,https://www1.mbrace.or.jp/od2/B/202607/b260717.lzh,2026-10-03T18:27:22.584716+09:00
20260717,24,大村,8,20260717-24-08,2,3956,横澤剛治,49,静岡,56.0,A2,6.3,42.27,6.38,37.5,22,18.75,84,19.05,35616,,https://www1.mbrace.or.jp/od2/B/202607/b260717.lzh,2026-10-03T18:27:22.584716+09:00
20260717,24,大村,8,20260717-24-08,3,5271,杉山太陽,24,福岡,53.0,B1,4.04,17.57,2.4,5.0,54,51.43,35,41.38,653 3,4,https://www1.mbrace.or.jp/od2/B/202607/b260717.lzh,2026-10-03T18:27:22.584716+09:00
20260717,24,大村,8,20260717-24-08,4,4560,庄司樹良,35,東京,56.0,A2,5.86,35.16,4.92,23.08,64,24.14,69,38.71,4 4515,,https://www1.mbrace.or.jp/od2/B/202607/b260717.lzh,2026-10-03T18:27:22.584716+09:00
20260717,24,大村,8,20260717-24-08,5,5325,澁川夏,23,大阪,52.0,B1,5.83,39.58,4.0,0.0,71,21.21,75,44.44,624 3,2,https://www1.mbrace.or.jp/od2/B/202607/b260717.lzh,2026-10-03T18:27:22.584716+09:00
20260717,24,大村,8,20260717-24-08,6,4866,橋本英一,36,福岡,55.0,B1,3.93,15.71,4.17,17.39,58,40.0,80,29.03,6 334,3,https://www1.mbrace.or.jp/od2/B/202607/b260717.lzh,2026-10-03T18:27:22.584716+09:00
20260717,24,大村,9,20260717-24-09,1,4872,山下流心,33,広島,54.0,B1,4.37,26.13,3.82,5.88,77,29.03,38,36.67,2 565,1,https://www1.mbrace.or.jp/od2/B/202607/b260717.lzh,2026-10-03T18:27:22.584716+09:00
20260717,24,大村,9,20260717-24-09,2,4215,吉島祥之,41,愛知,55.0,A2,5.38,32.38,5.26,27.78,70,36.36,44,17.86,654 61,,https://www1.mbrace.or.jp/od2/B/202607/b260717.lzh,2026-10-03T18:27:22.584716+09:00
20260717,24,大村,9,20260717-24-09,3,4161,黒柳浩孝,44,愛知,54.0,B1,5.25,31.97,5.77,46.15,24,45.45,71,29.03,262 2,4,https://www1.mbrace.or.jp/od2/B/202607/b260717.lzh,2026-10-03T18:27:22.584716+09:00
20260717,24,大村,9,20260717-24-09,4,5063,大塚雅治,28,東京,53.0,B1,4.46,18.57,5.06,18.75,41,54.29,13,23.33,5 151,2,https://www1.mbrace.or.jp/od2/B/202607/b260717.lzh,2026-10-03T18:27:22.584716+09:00
20260717,24,大村,9,20260717-24-09,5,4254,川島圭司,43,滋賀,51.0,A2,5.34,29.55,5.8,40.0,55,25.71,15,30.0,3 522,5,https://www1.mbrace.or.jp/od2/B/202607/b260717.lzh,2026-10-03T18:27:22.584716+09:00
20260717,24,大村,9,20260717-24-09,6,4466,南佑典,39,三重,52.0,A2,5.95,41.58,4.5,25.0,46,40.0,58,30.0,264 23,,https://www1.mbrace.or.jp/od2/B/202607/b260717.lzh,2026-10-03T18:27:22.584716+09:00
20260717,24,大村,10,20260717-24-10,1,4786,佐藤博亮,38,愛知,54.0,A1,6.63,54.76,6.32,54.05,21,22.58,31,36.67,152313,4,https://www1.mbrace.or.jp/od2/B/202607/b260717.lzh,2026-10-03T18:27:22.584716+09:00
20260717,24,大村,10,20260717-24-10,2,4180,上野秀和,43,福岡,55.0,A2,5.32,31.25,4.0,25.0,78,25.0,78,24.14,1 3443,6,https://www1.mbrace.or.jp/od2/B/202607/b260717.lzh,2026-10-03T18:27:22.584716+09:00
20260717,24,大村,10,20260717-24-10,3,4626,伊藤紘章,40,愛知,51.0,B1,4.26,21.92,4.04,28.57,45,42.86,85,50.0,2 1634,3,https://www1.mbrace.or.jp/od2/B/202607/b260717.lzh,2026-10-03T18:27:22.584716+09:00
20260717,24,大村,10,20260717-24-10,4,4575,戸塚邦好,37,東京,52.0,A2,6.28,44.79,5.78,44.44,74,26.67,37,50.0,141 15,5,https://www1.mbrace.or.jp/od2/B/202607/b260717.lzh,2026-10-03T18:27:22.584716+09:00
20260717,24,大村,10,20260717-24-10,5,4962,畑竜生,29,三重,52.0,A2,5.16,30.0,3.0,16.67,25,31.25,55,46.67,125 16,6,https://www1.mbrace.or.jp/od2/B/202607/b260717.lzh,2026-10-03T18:27:22.584716+09:00
20260717,24,大村,10,20260717-24-10,6,4179,広次修,43,山口,52.0,A2,5.42,34.02,4.91,25.0,66,18.75,33,26.67,233 56,5,https://www1.mbrace.or.jp/od2/B/202607/b260717.lzh,2026-10-03T18:27:22.584716+09:00
20260717,24,大村,11,20260717-24-11,1,4495,森晋太郎,39,福岡,53.0,B2,5.43,34.04,4.62,30.77,63,50.0,77,40.0,1 1231,,https://www1.mbrace.or.jp/od2/B/202607/b260717.lzh,2026-10-03T18:27:22.584716+09:00
20260717,24,大村,11,20260717-24-11,2,3623,深川真二,52,佐賀,51.0,A1,7.56,63.64,8.02,73.58,27,20.69,47,46.67,112421,,https://www1.mbrace.or.jp/od2/B/202607/b260717.lzh,2026-10-03T18:27:22.584716+09:00
20260717,24,大村,11,20260717-24-11,3,5311,小林京平,28,山口,53.0,B1,5.0,29.49,2.92,5.56,26,25.0,67,29.03,1 4311,,https://www1.mbrace.or.jp/od2/B/202607/b260717.lzh,2026-10-03T18:27:22.584716+09:00
20260717,24,大村,11,20260717-24-11,4,3918,深井利寿,51,滋賀,52.0,A1,6.65,46.9,6.42,31.58,79,28.57,12,40.0,332122,,https://www1.mbrace.or.jp/od2/B/202607/b260717.lzh,2026-10-03T18:27:22.584716+09:00
20260717,24,大村,11,20260717-24-11,5,4644,山田亮太,47,東京,52.0,A1,6.53,47.62,7.05,61.9,28,44.83,60,30.0,223232,,https://www1.mbrace.or.jp/od2/B/202607/b260717.lzh,2026-10-03T18:27:22.584716+09:00
20260717,24,大村,11,20260717-24-11,6,5343,小林礼央,23,広島,52.0,B1,3.69,16.88,2.67,4.76,50,0.0,68,22.58,5 2262,,https://www1.mbrace.or.jp/od2/B/202607/b260717.lzh,2026-10-03T18:27:22.584716+09:00
20260717,24,大村,12,20260717-24-12,1,4259,真庭明志,42,長崎,52.0,A2,5.47,34.85,6.09,44.09,61,42.86,34,34.48,141163,4,https://www1.mbrace.or.jp/od2/B/202607/b260717.lzh,2026-10-03T18:27:22.584716+09:00
20260717,24,大村,12,20260717-24-12,2,4545,岡村慶太,38,福岡,58.0,A1,7.2,59.82,8.04,60.71,18,16.67,51,37.93,143214,6,https://www1.mbrace.or.jp/od2/B/202607/b260717.lzh,2026-10-03T18:27:22.584716+09:00
20260717,24,大村,12,20260717-24-12,3,4067,永井源,46,愛知,53.0,A2,6.22,43.75,7.88,87.5,81,32.26,70,37.93,3 1424,8,https://www1.mbrace.or.jp/od2/B/202607/b260717.lzh,2026-10-03T18:27:22.584716+09:00
20260717,24,大村,12,20260717-24-12,4,3939,渡辺真至,48,愛知,52.0,B2,5.51,40.54,5.83,44.44,33,35.29,18,32.26,332 55,3,https://www1.mbrace.or.jp/od2/B/202607/b260717.lzh,2026-10-03T18:27:22.584716+09:00
20260717,24,大村,12,20260717-24-12,5,4004,山本浩輔,48,長崎,52.0,B1,4.88,27.71,4.83,27.27,51,19.35,39,37.93,3 1545,2,https://www1.mbrace.or.jp/od2/B/202607/b260717.lzh,2026-10-03T18:27:22.584716+09:00
20260717,24,大村,12,20260717-24-12,6,3740,大澤普司,52,群馬,53.0,A1,6.2,42.19,6.45,50.0,32,27.27,56,30.0,415324,7,https://www1.mbrace.or.jp/od2/B/202607/b260717.lzh,2026-10-03T18:27:22.584716+09:00
20260717,21,芦屋,1,20260717-21-01,1,4033,伊藤将吉,47,静岡,54.0,A2,5.98,47.62,7.25,55.0,42,24.59,143,36.92,31315,12,https://www1.mbrace.or.jp/od2/B/202607/b260717.lzh,2026-10-03T18:27:22.584716+09:00
20260717,21,芦屋,1,20260717-21-01,2,4034,西原明生,47,香川,55.0,B1,3.68,15.48,4.04,17.39,41,46.15,123,25.42,2 4556,,https://www1.mbrace.or.jp/od2/B/202607/b260717.lzh,2026-10-03T18:27:22.584716+09:00
20260717,21,芦屋,1,20260717-21-01,3,3990,芹澤克彦,47,静岡,52.0,B1,4.92,27.27,0.0,0.0,51,42.86,141,30.16,3 453,9,https://www1.mbrace.or.jp/od2/B/202607/b260717.lzh,2026-10-03T18:27:22.584716+09:00
20260717,21,芦屋,1,20260717-21-01,4,5334,樫葉新心,22,徳島,47.0,B1,2.92,6.45,2.2,0.0,24,22.03,131,34.48,6 615,7,https://www1.mbrace.or.jp/od2/B/202607/b260717.lzh,2026-10-03T18:27:22.584716+09:00
20260717,21,芦屋,1,20260717-21-01,5,3539,金子順一,58,山口,52.0,B1,4.45,24.0,3.21,7.14,38,29.51,158,34.0,6 424,8,https://www1.mbrace.or.jp/od2/B/202607/b260717.lzh,2026-10-03T18:27:22.584716+09:00
20260717,21,芦屋,1,20260717-21-01,6,4727,安部慎一,38,福岡,54.0,B1,3.82,13.43,4.55,27.5,6,24.56,140,31.03,5 314,7,https://www1.mbrace.or.jp/od2/B/202607/b260717.lzh,2026-10-03T18:27:22.584716+09:00
20260717,21,芦屋,2,20260717-21-02,1,4043,桐本康臣,46,三重,54.0,A2,5.83,40.78,5.29,29.41,32,50.0,159,49.09,166 5,8,https://www1.mbrace.or.jp/od2/B/202607/b260717.lzh,2026-10-03T18:27:22.584716+09:00
20260717,21,芦屋,2,20260717-21-02,2,4615,板倉敦史,46,東京,53.0,B1,4.41,23.17,4.26,18.52,12,40.98,130,26.67,5 536,9,https://www1.mbrace.or.jp/od2/B/202607/b260717.lzh,2026-10-03T18:27:22.584716+09:00
20260717,21,芦屋,2,20260717-21-02,3,4835,橋本明,38,広島,54.0,B1,5.21,28.42,4.66,26.0,1,28.57,128,12.9,5 366,10,https://www1.mbrace.or.jp/od2/B/202607/b260717.lzh,2026-10-03T18:27:22.584716+09:00
20260717,21,芦屋,2,20260717-21-02,4,4512,高野哲史,37,兵庫,53.0,A1,6.9,54.4,8.5,80.0,17,24.19,111,15.63,16115,12,https://www1.mbrace.or.jp/od2/B/202607/b260717.lzh,2026-10-03T18:27:22.584716+09:00
20260717,21,芦屋,2,20260717-21-02,5,3708,岡部貴司,52,岡山,59.0,B1,5.28,30.38,4.53,20.0,15,34.85,124,28.07,S 444,7,https://www1.mbrace.or.jp/od2/B/202607/b260717.lzh,2026-10-03T18:27:22.584716+09:00
20260717,21,芦屋,2,20260717-21-02,6,5464,宮田栞,19,福岡,49.0,B2,1.25,0.0,0.0,0.0,18,28.13,119,24.53,6 665,7,https://www1.mbrace.or.jp/od2/B/202607/b260717.lzh,2026-10-03T18:27:22.584716+09:00
20260717,21,芦屋,3,20260717-21-03,1,4911,片岡大地,30,東京,52.0,A2,5.18,26.58,2.0,0.0,37,35.94,165,30.19,665 63,11,https://www1.mbrace.or.jp/od2/B/202607/b260717.lzh,2026-10-03T18:27:22.584716+09:00
20260717,21,芦屋,3,20260717-21-03,2,3645,淺田千亜,53,徳島,46.0,B2,5.18,38.64,5.58,47.37,49,18.87,157,36.36,1 5645,,https://www1.mbrace.or.jp/od2/B/202607/b260717.lzh,2026-10-03T18:27:22.584716+09:00
20260717,21,芦屋,3,20260717-21-03,3,4704,河野大,38,徳島,52.0,A1,6.55,47.33,6.87,56.67,16,16.67,127,41.07,442 11,8,https://www1.mbrace.or.jp/od2/B/202607/b260717.lzh,2026-10-03T18:27:22.584716+09:00
20260717,21,芦屋,3,20260717-21-03,4,3825,宮嵜隆太,53,福岡,61.0,B1,3.35,18.46,3.88,21.05,20,18.97,162,35.94,4 666,9,https://www1.mbrace.or.jp/od2/B/202607/b260717.lzh,2026-10-03T18:27:22.584716+09:00
20260717,21,芦屋,3,20260717-21-03,5,4156,浜野孝志,45,三重,58.0,A2,5.16,26.74,6.33,50.0,21,40.68,169,23.08,345 21,11,https://www1.mbrace.or.jp/od2/B/202607/b260717.lzh,2026-10-03T18:27:22.584716+09:00
20260717,21,芦屋,3,20260717-21-03,6,3663,木山和幸,56,広島,51.0,B1,5.41,36.84,5.07,30.95,9,26.79,167,32.26,462 1,9,https://www1.mbrace.or.jp/od2/B/202607/b260717.lzh,2026-10-03T18:27:22.584716+09:00
20260717,21,芦屋,4,20260717-21-04,1,4702,三浦敬太,39,東京,52.0,A1,6.19,47.14,7.47,61.11,43,50.0,115,30.0,222 35,12,https://www1.mbrace.or.jp/od2/B/202607/b260717.lzh,2026-10-03T18:27:22.584716+09:00
20260717,21,芦屋,4,20260717-21-04,2,4823,中村桃佳,33,香川,45.0,A2,7.25,55.24,6.33,33.33,23,34.0,146,31.48,3 1654,9,https://www1.mbrace.or.jp/od2/B/202607/b260717.lzh,2026-10-03T18:27:22.584716+09:00
20260717,21,芦屋,4,20260717-21-04,3,3833,中辻博訓,51,福井,55.0,A2,6.22,46.15,4.43,14.29,44,29.51,113,39.68,14442,10,https://www1.mbrace.or.jp/od2/B/202607/b260717.lzh,2026-10-03T18:27:22.584716+09:00
20260717,21,芦屋,4,20260717-21-04,4,5047,國分将太,32,東京,53.0,B1,5.68,33.33,7.14,57.14,28,28.57,149,42.62,535 21,,https://www1.mbrace.or.jp/od2/B/202607/b260717.lzh,2026-10-03T18:27:22.584716+09:00
20260717,21,芦屋,4,20260717-21-04,5,5258,仲本舜,21,福岡,53.0,B1,4.39,24.05,4.09,25.58,3,46.77,170,33.33,526 3,8,https://www1.mbrace.or.jp/od2/B/202607/b260717.lzh,2026-10-03T18:27:22.584716+09:00
20260717,21,芦屋,4,20260717-21-04,6,4469,土山卓也,39,福井,55.0,A2,5.89,42.11,0.0,0.0,46,24.53,148,20.29,5 1332,11,https://www1.mbrace.or.jp/od2/B/202607/b260717.lzh,2026-10-03T18:27:22.584716+09:00
20260717,21,芦屋,5,20260717-21-05,1,4762,藤原啓史,36,岡山,50.0,A1,7.23,52.14,7.48,52.17,4,29.31,144,47.69,23232,11,https://www1.mbrace.or.jp/od2/B/202607/b260717.lzh,2026-10-03T18:27:22.584716+09:00
20260717,21,芦屋,5,20260717-21-05,2,4954,内山峻輔,31,東京,54.0,B1,4.29,20.55,0.0,0.0,19,22.64,151,34.55,2 1566,,https://www1.mbrace.or.jp/od2/B/202607/b260717.lzh,2026-10-03T18:27:22.584716+09:00
20260717,21,芦屋,5,20260717-21-05,3,3965,北中元樹,47,滋賀,56.0,A1,6.0,44.74,5.31,26.92,33,36.51,117,33.33,2 5145,10,https://www1.mbrace.or.jp/od2/B/202607/b260717.lzh,2026-10-03T18:27:22.584716+09:00
20260717,21,芦屋,5,20260717-21-05,4,3955,眞田英二,49,徳島,51.0,B2,4.98,29.21,4.36,22.73,13,52.31,135,40.35,624 25,,https://www1.mbrace.or.jp/od2/B/202607/b260717.lzh,2026-10-03T18:27:22.584716+09:00
20260717,21,芦屋,5,20260717-21-05,5,3551,藤田美代,54,福岡,45.0,B1,3.33,14.29,3.8,12.96,10,38.1,118,26.98,544 31,,https://www1.mbrace.or.jp/od2/B/202607/b260717.lzh,2026-10-03T18:27:22.584716+09:00
20260717,21,芦屋,5,20260717-21-05,6,4413,水摩敦,40,福岡,51.0,A2,5.89,37.19,5.5,40.0,14,18.37,139,33.33,12431,10,https://www1.mbrace.or.jp/od2/B/202607/b260717.lzh,2026-10-03T18:27:22.584716+09:00
20260717,21,芦屋,6,20260717-21-06,1,4349,犬童千秋,40,福岡,50.0,B1,4.54,25.29,4.43,25.71,48,38.89,164,36.07,4 2624,,https://www1.mbrace.or.jp/od2/B/202607/b260717.lzh,2026-10-03T18:27:22.584716+09:00
20260717,21,芦屋,6,20260717-21-06,2,4000,松本博昭,49,広島,56.0,A2,6.11,44.7,5.52,26.09,30,36.67,156,35.85,312 33,12,https://www1.mbrace.or.jp/od2/B/202607/b260717.lzh,2026-10-03T18:27:22.584716+09:00
20260717,21,芦屋,6,20260717-21-06,3,4904,松本一毅,31,大阪,52.0,B1,5.26,33.62,5.07,27.59,26,18.52,122,37.04,213 56,,https://www1.mbrace.or.jp/od2/B/202607/b260717.lzh,2026-10-03T18:27:22.584716+09:00
20260717,21,芦屋,6,20260717-21-06,4,4007,榮田将彦,47,山口,50.0,B1,4.53,23.08,4.32,22.73,31,38.1,160,30.91,4 132,11,https://www1.mbrace.or.jp/od2/B/202607/b260717.lzh,2026-10-03T18:27:22.584716+09:00
20260717,21,芦屋,6,20260717-21-06,5,3828,明石正之,52,兵庫,52.0,B1,5.43,33.33,5.4,33.33,11,43.75,121,31.15,553 11,,https://www1.mbrace.or.jp/od2/B/202607/b260717.lzh,2026-10-03T18:27:22.584716+09:00
20260717,21,芦屋,6,20260717-21-06,6,3556,田中信一,53,大阪,55.0,A1,6.88,50.91,6.59,45.95,55,43.48,166,33.33,412213,,https://www1.mbrace.or.jp/od2/B/202607/b260717.lzh,2026-10-03T18:27:22.584716+09:00
20260717,21,芦屋,7,20260717-21-07,1,3708,岡部貴司,52,岡山,59.0,B1,5.28,30.38,4.53,20.0,15,34.85,124,28.07,S 444,2,https://www1.mbrace.or.jp/od2/B/202607/b260717.lzh,2026-10-03T18:27:22.584716+09:00
20260717,21,芦屋,7,20260717-21-07,2,5334,樫葉新心,22,徳島,47.0,B1,2.92,6.45,2.2,0.0,24,22.03,131,34.48,6 615,1,https://www1.mbrace.or.jp/od2/B/202607/b260717.lzh,2026-10-03T18:27:22.584716+09:00
20260717,21,芦屋,7,20260717-21-07,3,4727,安部慎一,38,福岡,54.0,B1,3.82,13.43,4.55,27.5,6,24.56,140,31.03,5 314,1,https://www1.mbrace.or.jp/od2/B/202607/b260717.lzh,2026-10-03T18:27:22.584716+09:00
20260717,21,芦屋,7,20260717-21-07,4,3805,高橋英之,52,東京,53.0,B1,5.29,34.78,7.11,60.0,47,36.67,163,32.69,235 42,,https://www1.mbrace.or.jp/od2/B/202607/b260717.lzh,2026-10-03T18:27:22.584716+09:00
20260717,21,芦屋,7,20260717-21-07,5,5464,宮田栞,19,福岡,49.0,B2,1.25,0.0,0.0,0.0,18,28.13,119,24.53,6 665,2,https://www1.mbrace.or.jp/od2/B/202607/b260717.lzh,2026-10-03T18:27:22.584716+09:00
20260717,21,芦屋,7,20260717-21-07,6,4555,富永大一,36,福岡,55.0,B1,5.12,31.58,5.07,34.48,40,18.33,126,36.51,132 42,,https://www1.mbrace.or.jp/od2/B/202607/b260717.lzh,2026-10-03T18:27:22.584716+09:00
20260717,21,芦屋,8,20260717-21-08,1,5258,仲本舜,21,福岡,53.0,B1,4.39,24.05,4.09,25.58,3,46.77,170,33.33,526 3,4,https://www1.mbrace.or.jp/od2/B/202607/b260717.lzh,2026-10-03T18:27:22.584716+09:00
20260717,21,芦屋,8,20260717-21-08,2,3539,金子順一,58,山口,52.0,B1,4.45,24.0,3.21,7.14,38,29.51,158,34.0,6 424,1,https://www1.mbrace.or.jp/od2/B/202607/b260717.lzh,2026-10-03T18:27:22.584716+09:00
20260717,21,芦屋,8,20260717-21-08,3,4043,桐本康臣,46,三重,54.0,A2,5.83,40.78,5.29,29.41,32,50.0,159,49.09,166 5,2,https://www1.mbrace.or.jp/od2/B/202607/b260717.lzh,2026-10-03T18:27:22.584716+09:00
20260717,21,芦屋,8,20260717-21-08,4,4569,中澤宏奈,38,東京,48.0,B1,4.85,32.35,3.6,20.0,27,25.81,152,26.92,441534,,https://www1.mbrace.or.jp/od2/B/202607/b260717.lzh,2026-10-03T18:27:22.584716+09:00
20260717,21,芦屋,8,20260717-21-08,5,4704,河野大,38,徳島,52.0,A1,6.55,47.33,6.87,56.67,16,16.67,127,41.07,442 11,3,https://www1.mbrace.or.jp/od2/B/202607/b260717.lzh,2026-10-03T18:27:22.584716+09:00
20260717,21,芦屋,8,20260717-21-08,6,4452,松尾祭,38,香川,53.0,A2,5.07,33.04,6.53,58.82,45,31.82,153,47.54,1 5436,12,https://www1.mbrace.or.jp/od2/B/202607/b260717.lzh,2026-10-03T18:27:22.584716+09:00
20260717,21,芦屋,9,20260717-21-09,1,4172,森定晃史,43,岡山,52.0,A2,6.19,43.55,6.3,40.0,29,43.33,145,37.5,652263,,https://www1.mbrace.or.jp/od2/B/202607/b260717.lzh,2026-10-03T18:27:22.584716+09:00
20260717,21,芦屋,9,20260717-21-09,2,3663,木山和幸,56,広島,51.0,B1,5.41,36.84,5.07,30.95,9,26.79,167,32.26,462 1,3,https://www1.mbrace.or.jp/od2/B/202607/b260717.lzh,2026-10-03T18:27:22.584716+09:00
20260717,21,芦屋,9,20260717-21-09,3,3825,宮嵜隆太,53,福岡,61.0,B1,3.35,18.46,3.88,21.05,20,18.97,162,35.94,4 666,3,https://www1.mbrace.or.jp/od2/B/202607/b260717.lzh,2026-10-03T18:27:22.584716+09:00
20260717,21,芦屋,9,20260717-21-09,4,3990,芹澤克彦,47,静岡,52.0,B1,4.92,27.27,0.0,0.0,51,42.86,141,30.16,3 453,1,https://www1.mbrace.or.jp/od2/B/202607/b260717.lzh,2026-10-03T18:27:22.584716+09:00
20260717,21,芦屋,9,20260717-21-09,5,4615,板倉敦史,46,東京,53.0,B1,4.41,23.17,4.26,18.52,12,40.98,130,26.67,5 536,2,https://www1.mbrace.or.jp/od2/B/202607/b260717.lzh,2026-10-03T18:27:22.584716+09:00
20260717,21,芦屋,9,20260717-21-09,6,4823,中村桃佳,33,香川,45.0,A2,7.25,55.24,6.33,33.33,23,34.0,146,31.48,3 1654,4,https://www1.mbrace.or.jp/od2/B/202607/b260717.lzh,2026-10-03T18:27:22.584716+09:00
20260717,21,芦屋,10,20260717-21-10,1,3965,北中元樹,47,滋賀,56.0,A1,6.0,44.74,5.31,26.92,33,36.51,117,33.33,2 5145,5,https://www1.mbrace.or.jp/od2/B/202607/b260717.lzh,2026-10-03T18:27:22.584716+09:00
20260717,21,芦屋,10,20260717-21-10,2,4413,水摩敦,40,福岡,51.0,A2,5.89,37.19,5.5,40.0,14,18.37,139,33.33,12431,5,https://www1.mbrace.or.jp/od2/B/202607/b260717.lzh,2026-10-03T18:27:22.584716+09:00
20260717,21,芦屋,10,20260717-21-10,3,3993,永井聖美,47,東京,45.0,B1,5.6,35.96,0.0,0.0,34,29.51,129,30.19,333 66,,https://www1.mbrace.or.jp/od2/B/202607/b260717.lzh,2026-10-03T18:27:22.584716+09:00
20260717,21,芦屋,10,20260717-21-10,4,4835,橋本明,38,広島,54.0,B1,5.21,28.42,4.66,26.0,1,28.57,128,12.9,5 366,2,https://www1.mbrace.or.jp/od2/B/202607/b260717.lzh,2026-10-03T18:27:22.584716+09:00
20260717,21,芦屋,10,20260717-21-10,5,3942,寺田祥,47,山口,54.0,A1,7.02,55.91,7.96,61.54,7,34.85,155,39.68,353612,,https://www1.mbrace.or.jp/od2/B/202607/b260717.lzh,2026-10-03T18:27:22.584716+09:00
20260717,21,芦屋,10,20260717-21-10,6,3833,中辻博訓,51,福井,55.0,A2,6.22,46.15,4.43,14.29,44,29.51,113,39.68,14442,4,https://www1.mbrace.or.jp/od2/B/202607/b260717.lzh,2026-10-03T18:27:22.584716+09:00
20260717,21,芦屋,11,20260717-21-11,1,4156,浜野孝志,45,三重,58.0,A2,5.16,26.74,6.33,50.0,21,40.68,169,23.08,345 21,3,https://www1.mbrace.or.jp/od2/B/202607/b260717.lzh,2026-10-03T18:27:22.584716+09:00
20260717,21,芦屋,11,20260717-21-11,2,4762,藤原啓史,36,岡山,50.0,A1,7.23,52.14,7.48,52.17,4,29.31,144,47.69,23232,5,https://www1.mbrace.or.jp/od2/B/202607/b260717.lzh,2026-10-03T18:27:22.584716+09:00
20260717,21,芦屋,11,20260717-21-11,3,4007,榮田将彦,47,山口,50.0,B1,4.53,23.08,4.32,22.73,31,38.1,160,30.91,4 132,6,https://www1.mbrace.or.jp/od2/B/202607/b260717.lzh,2026-10-03T18:27:22.584716+09:00
20260717,21,芦屋,11,20260717-21-11,4,4469,土山卓也,39,福井,55.0,A2,5.89,42.11,0.0,0.0,46,24.53,148,20.29,5 1332,4,https://www1.mbrace.or.jp/od2/B/202607/b260717.lzh,2026-10-03T18:27:22.584716+09:00
20260717,21,芦屋,11,20260717-21-11,5,4911,片岡大地,30,東京,52.0,A2,5.18,26.58,2.0,0.0,37,35.94,165,30.19,665 63,3,https://www1.mbrace.or.jp/od2/B/202607/b260717.lzh,2026-10-03T18:27:22.584716+09:00
20260717,21,芦屋,11,20260717-21-11,6,5344,谷口丞,23,滋賀,53.0,B1,5.05,29.55,2.13,0.0,2,33.96,120,30.0,124 24,,https://www1.mbrace.or.jp/od2/B/202607/b260717.lzh,2026-10-03T18:27:22.584716+09:00
20260717,21,芦屋,12,20260717-21-12,1,4512,高野哲史,37,兵庫,53.0,A1,6.9,54.4,8.5,80.0,17,24.19,111,15.63,16115,2,https://www1.mbrace.or.jp/od2/B/202607/b260717.lzh,2026-10-03T18:27:22.584716+09:00
20260717,21,芦屋,12,20260717-21-12,2,4033,伊藤将吉,47,静岡,54.0,A2,5.98,47.62,7.25,55.0,42,24.59,143,36.92,31315,1,https://www1.mbrace.or.jp/od2/B/202607/b260717.lzh,2026-10-03T18:27:22.584716+09:00
20260717,21,芦屋,12,20260717-21-12,3,4452,松尾祭,38,香川,53.0,A2,5.07,33.04,6.53,58.82,45,31.82,153,47.54,1 5436,8,https://www1.mbrace.or.jp/od2/B/202607/b260717.lzh,2026-10-03T18:27:22.584716+09:00
20260717,21,芦屋,12,20260717-21-12,4,5102,原田雄次,28,福岡,52.0,B1,4.81,27.85,4.85,30.19,36,27.54,138,37.5,561 41,,https://www1.mbrace.or.jp/od2/B/202607/b260717.lzh,2026-10-03T18:27:22.584716+09:00
20260717,21,芦屋,12,20260717-21-12,5,4702,三浦敬太,39,東京,52.0,A1,6.19,47.14,7.47,61.11,43,50.0,115,30.0,222 35,4,https://www1.mbrace.or.jp/od2/B/202607/b260717.lzh,2026-10-03T18:27:22.584716+09:00
20260717,21,芦屋,12,20260717-21-12,6,4000,松本博昭,49,広島,56.0,A2,6.11,44.7,5.52,26.09,30,36.67,156,35.85,312 33,6,https://www1.mbrace.or.jp/od2/B/202607/b260717.lzh,2026-10-03T18:27:22.584716+09:00
20260717,18,徳山,1,20260717-18-01,1,4287,今井貴士,41,福岡,57.0,A2,6.47,44.57,6.15,33.33,51,23.73,23,33.73,464,9,https://www1.mbrace.or.jp/od2/B/202607/b260717.lzh,2026-10-03T18:27:22.584716+09:00
20260717,18,徳山,1,20260717-18-01,2,3973,崎利仁,49,群馬,54.0,B1,4.31,22.55,3.88,25.0,19,54.1,48,31.18,243,7,https://www1.mbrace.or.jp/od2/B/202607/b260717.lzh,2026-10-03T18:27:22.584716+09:00
20260717,18,徳山,1,20260717-18-01,3,4423,坂口貴彦,37,岡山,56.0,B1,5.99,40.2,4.46,24.32,55,41.27,21,24.24,614,8,https://www1.mbrace.or.jp/od2/B/202607/b260717.lzh,2026-10-03T18:27:22.584716+09:00
20260717,18,徳山,1,20260717-18-01,4,3838,伊藤啓三,51,埼玉,51.0,B1,5.35,30.95,5.83,36.59,57,18.37,54,39.02,263,10,https://www1.mbrace.or.jp/od2/B/202607/b260717.lzh,2026-10-03T18:27:22.584716+09:00
20260717,18,徳山,1,20260717-18-01,5,5434,藤田康生,21,静岡,51.0,B1,3.05,10.17,0.0,0.0,61,17.78,55,40.74,6 44,6,https://www1.mbrace.or.jp/od2/B/202607/b260717.lzh,2026-10-03T18:27:22.584716+09:00
20260717,18,徳山,1,20260717-18-01,6,4303,牧原崇,43,愛知,53.0,B1,4.87,23.68,4.71,17.65,41,34.85,40,41.72,265,11,https://www1.mbrace.or.jp/od2/B/202607/b260717.lzh,2026-10-03T18:27:22.584716+09:00
20260717,18,徳山,2,20260717-18-02,1,3489,大場敏,59,静岡,54.0,A2,5.76,39.52,6.3,50.0,46,40.0,33,32.1,4 31,11,https://www1.mbrace.or.jp/od2/B/202607/b260717.lzh,2026-10-03T18:27:22.584716+09:00
20260717,18,徳山,2,20260717-18-02,2,3742,宮地秀祈,52,福岡,53.0,B1,4.9,29.11,4.65,22.58,39,31.67,39,31.18,5 11,,https://www1.mbrace.or.jp/od2/B/202607/b260717.lzh,2026-10-03T18:27:22.584716+09:00
20260717,18,徳山,2,20260717-18-02,3,3904,森貴洋,49,大阪,56.0,B1,4.88,32.43,6.69,53.13,49,28.57,36,34.16,232,9,https://www1.mbrace.or.jp/od2/B/202607/b260717.lzh,2026-10-03T18:27:22.584716+09:00
20260717,18,徳山,2,20260717-18-02,4,3747,國崎良春,51,福岡,53.0,A2,5.4,37.35,6.08,39.58,63,28.07,11,24.39,4411,7,https://www1.mbrace.or.jp/od2/B/202607/b260717.lzh,2026-10-03T18:27:22.584716+09:00
20260717,18,徳山,2,20260717-18-02,5,4019,笠原亮,46,静岡,53.0,A1,7.0,52.54,6.75,37.5,32,21.88,37,33.14,212,8,https://www1.mbrace.or.jp/od2/B/202607/b260717.lzh,2026-10-03T18:27:22.584716+09:00
20260717,18,徳山,2,20260717-18-02,6,4274,長畑友輔,43,東京,52.0,B1,4.53,24.47,3.83,16.67,35,36.92,43,28.24,1 25,10,https://www1.mbrace.or.jp/od2/B/202607/b260717.lzh,2026-10-03T18:27:22.584716+09:00
20260717,18,徳山,3,20260717-18-03,1,3439,大平誉史,56,大阪,51.0,A1,6.0,43.4,6.09,45.45,34,27.94,22,35.76,3436,10,https://www1.mbrace.or.jp/od2/B/202607/b260717.lzh,2026-10-03T18:27:22.584716+09:00
20260717,18,徳山,3,20260717-18-03,2,4485,楠原正剛,40,福岡,56.0,B1,5.08,30.19,5.27,27.27,40,29.51,29,31.33,4 51,,https://www1.mbrace.or.jp/od2/B/202607/b260717.lzh,2026-10-03T18:27:22.584716+09:00
20260717,18,徳山,3,20260717-18-03,3,4754,松尾充,37,三重,52.0,A2,6.31,42.64,6.11,52.63,42,30.36,62,39.02,1333,8,https://www1.mbrace.or.jp/od2/B/202607/b260717.lzh,2026-10-03T18:27:22.584716+09:00
20260717,18,徳山,3,20260717-18-03,4,5364,金子怜央,26,群馬,53.0,B1,2.6,4.49,0.0,0.0,43,18.33,41,36.63,6 66,,https://www1.mbrace.or.jp/od2/B/202607/b260717.lzh,2026-10-03T18:27:22.584716+09:00
20260717,18,徳山,3,20260717-18-03,5,3928,林恵祐,50,福岡,63.0,B1,3.81,16.48,2.96,11.11,53,44.78,14,36.14,4 36,,https://www1.mbrace.or.jp/od2/B/202607/b260717.lzh,2026-10-03T18:27:22.584716+09:00
20260717,18,徳山,3,20260717-18-03,6,4486,野村誠,40,群馬,53.0,A2,5.85,40.95,6.54,50.0,58,30.77,53,32.75,3244,12,https://www1.mbrace.or.jp/od2/B/202607/b260717.lzh,2026-10-03T18:27:22.584716+09:00
20260717,18,徳山,4,20260717-18-04,1,4446,和田兼輔,39,兵庫,53.0,A1,6.92,50.98,6.9,56.9,22,26.79,26,29.09,1352,11,https://www1.mbrace.or.jp/od2/B/202607/b260717.lzh,2026-10-03T18:27:22.584716+09:00
20260717,18,徳山,4,20260717-18-04,2,4144,石塚久也,44,埼玉,54.0,A2,6.5,45.37,6.28,44.26,47,35.82,28,25.75,2 15,10,https://www1.mbrace.or.jp/od2/B/202607/b260717.lzh,2026-10-03T18:27:22.584716+09:00
20260717,18,徳山,4,20260717-18-04,3,5407,中岡駿,21,香川,53.0,B1,2.31,4.6,1.54,7.69,38,25.0,68,44.31,654,8,https://www1.mbrace.or.jp/od2/B/202607/b260717.lzh,2026-10-03T18:27:22.584716+09:00
20260717,18,徳山,4,20260717-18-04,4,4281,大澤大夢,42,埼玉,52.0,B1,4.91,29.89,5.41,40.54,33,55.38,34,30.99,412,9,https://www1.mbrace.or.jp/od2/B/202607/b260717.lzh,2026-10-03T18:27:22.584716+09:00
20260717,18,徳山,4,20260717-18-04,5,3350,藤本佳史,58,山口,53.0,B1,4.84,30.21,5.56,34.03,45,23.53,60,23.81,351,12,https://www1.mbrace.or.jp/od2/B/202607/b260717.lzh,2026-10-03T18:27:22.584716+09:00
20260717,18,徳山,4,20260717-18-04,6,3352,小川晃司,58,福岡,51.0,B1,4.24,8.6,4.81,23.08,25,29.51,70,29.45,3 24,,https://www1.mbrace.or.jp/od2/B/202607/b260717.lzh,2026-10-03T18:27:22.584716+09:00
20260717,18,徳山,5,20260717-18-05,1,4066,東本勝利,46,三重,54.0,A2,6.13,39.62,5.52,32.26,30,37.68,51,31.36,3252,,https://www1.mbrace.or.jp/od2/B/202607/b260717.lzh,2026-10-03T18:27:22.584716+09:00
20260717,18,徳山,5,20260717-18-05,2,4693,松下誉士,42,福岡,53.0,B1,4.1,22.33,4.17,11.11,36,36.23,16,44.85,441,12,https://www1.mbrace.or.jp/od2/B/202607/b260717.lzh,2026-10-03T18:27:22.584716+09:00
20260717,18,徳山,5,20260717-18-05,3,4047,吉永浩則,46,大阪,54.0,B1,3.87,20.0,4.57,22.86,29,34.38,52,28.22,4 46,,https://www1.mbrace.or.jp/od2/B/202607/b260717.lzh,2026-10-03T18:27:22.584716+09:00
20260717,18,徳山,5,20260717-18-05,4,5023,久永祥平,31,東京,52.0,A2,5.88,35.0,6.8,40.0,21,24.44,47,34.71,655,11,https://www1.mbrace.or.jp/od2/B/202607/b260717.lzh,2026-10-03T18:27:22.584716+09:00
20260717,18,徳山,5,20260717-18-05,5,5453,久保翔耶,20,香川,53.0,B2,1.94,5.71,0.0,0.0,52,29.51,63,31.71,6 65,10,https://www1.mbrace.or.jp/od2/B/202607/b260717.lzh,2026-10-03T18:27:22.584716+09:00
20260717,18,徳山,5,20260717-18-05,6,4427,秦英悟,40,大阪,53.0,A1,6.72,48.72,7.52,61.9,27,41.67,50,37.65,1312,,https://www1.mbrace.or.jp/od2/B/202607/b260717.lzh,2026-10-03T18:27:22.584716+09:00
20260717,18,徳山,6,20260717-18-06,1,5172,田村慶,25,徳島,51.0,B1,4.7,27.27,3.06,5.71,50,37.7,72,33.94,452,,https://www1.mbrace.or.jp/od2/B/202607/b260717.lzh,2026-10-03T18:27:22.584716+09:00
20260717,18,徳山,6,20260717-18-06,2,4113,木村浩士,45,群馬,57.0,B1,4.62,22.62,3.88,12.5,31,32.14,64,36.09,513,,https://www1.mbrace.or.jp/od2/B/202607/b260717.lzh,2026-10-03T18:27:22.584716+09:00
20260717,18,徳山,6,20260717-18-06,3,4890,石川諒,37,山口,52.0,A2,5.91,37.93,5.7,40.98,54,28.33,32,31.29,31S4,,https://www1.mbrace.or.jp/od2/B/202607/b260717.lzh,2026-10-03T18:27:22.584716+09:00
20260717,18,徳山,6,20260717-18-06,4,4852,川原祐明,31,香川,52.0,A1,7.38,57.14,6.4,39.53,23,31.15,61,24.85,251,12,https://www1.mbrace.or.jp/od2/B/202607/b260717.lzh,2026-10-03T18:27:22.584716+09:00
20260717,18,徳山,6,20260717-18-06,5,4010,越智照浩,46,香川,58.0,B1,4.47,20.25,4.22,11.11,26,42.62,74,36.59,1 52,11,https://www1.mbrace.or.jp/od2/B/202607/b260717.lzh,2026-10-03T18:27:22.584716+09:00
20260717,18,徳山,6,20260717-18-06,6,5434,藤田康生,21,静岡,51.0,B1,3.05,10.17,0.0,0.0,61,17.78,55,40.74,6 44,1,https://www1.mbrace.or.jp/od2/B/202607/b260717.lzh,2026-10-03T18:27:22.584716+09:00
20260717,18,徳山,7,20260717-18-07,1,3233,小畑実成,59,岡山,54.0,B1,4.39,22.73,4.25,25.0,59,33.33,42,28.82,1 14,,https://www1.mbrace.or.jp/od2/B/202607/b260717.lzh,2026-10-03T18:27:22.584716+09:00
20260717,18,徳山,7,20260717-18-07,2,4278,藤岡俊介,43,兵庫,51.0,A1,7.02,56.91,5.69,42.31,48,32.26,31,31.95,3 26,12,https://www1.mbrace.or.jp/od2/B/202607/b260717.lzh,2026-10-03T18:27:22.584716+09:00
20260717,18,徳山,7,20260717-18-07,3,4139,丹下健,45,愛知,55.0,B1,4.08,22.78,3.92,15.38,37,18.97,57,36.31,1 53,,https://www1.mbrace.or.jp/od2/B/202607/b260717.lzh,2026-10-03T18:27:22.584716+09:00
20260717,18,徳山,7,20260717-18-07,4,5463,出口飛龍,19,大阪,53.0,B2,1.05,0.0,0.0,0.0,28,26.23,25,29.52,6 6,11,https://www1.mbrace.or.jp/od2/B/202607/b260717.lzh,2026-10-03T18:27:22.584716+09:00
20260717,18,徳山,7,20260717-18-07,5,3747,國崎良春,51,福岡,53.0,A2,5.4,37.35,6.08,39.58,63,28.07,11,24.39,4411,2,https://www1.mbrace.or.jp/od2/B/202607/b260717.lzh,2026-10-03T18:27:22.584716+09:00
20260717,18,徳山,7,20260717-18-07,6,3973,崎利仁,49,群馬,54.0,B1,4.31,22.55,3.88,25.0,19,54.1,48,31.18,243,1,https://www1.mbrace.or.jp/od2/B/202607/b260717.lzh,2026-10-03T18:27:22.584716+09:00
20260717,18,徳山,8,20260717-18-08,1,4041,小林基樹,47,山口,53.0,B1,3.75,16.0,3.46,19.23,62,21.57,13,42.01,563,,https://www1.mbrace.or.jp/od2/B/202607/b260717.lzh,2026-10-03T18:27:22.584716+09:00
20260717,18,徳山,8,20260717-18-08,2,4423,坂口貴彦,37,岡山,56.0,B1,5.99,40.2,4.46,24.32,55,41.27,21,24.24,614,1,https://www1.mbrace.or.jp/od2/B/202607/b260717.lzh,2026-10-03T18:27:22.584716+09:00
20260717,18,徳山,8,20260717-18-08,3,4019,笠原亮,46,静岡,53.0,A1,7.0,52.54,6.75,37.5,32,21.88,37,33.14,212,2,https://www1.mbrace.or.jp/od2/B/202607/b260717.lzh,2026-10-03T18:27:22.584716+09:00
20260717,18,徳山,8,20260717-18-08,4,4754,松尾充,37,三重,52.0,A2,6.31,42.64,6.11,52.63,42,30.36,62,39.02,1333,3,https://www1.mbrace.or.jp/od2/B/202607/b260717.lzh,2026-10-03T18:27:22.584716+09:00
20260717,18,徳山,8,20260717-18-08,5,5407,中岡駿,21,香川,53.0,B1,2.31,4.6,1.54,7.69,38,25.0,68,44.31,654,4,https://www1.mbrace.or.jp/od2/B/202607/b260717.lzh,2026-10-03T18:27:22.584716+09:00
20260717,18,徳山,8,20260717-18-08,6,3385,渡邉睦広,57,東京,51.0,A2,5.59,39.81,6.22,46.88,60,30.91,17,30.12,2 23,12,https://www1.mbrace.or.jp/od2/B/202607/b260717.lzh,2026-10-03T18:27:22.584716+09:00
20260717,18,徳山,9,20260717-18-09,1,3841,佐々木和,50,徳島,54.0,A2,6.19,44.64,0.0,0.0,56,34.62,58,34.16,5235,,https://www1.mbrace.or.jp/od2/B/202607/b260717.lzh,2026-10-03T18:27:22.584716+09:00
20260717,18,徳山,9,20260717-18-09,2,4281,大澤大夢,42,埼玉,52.0,B1,4.91,29.89,5.41,40.54,33,55.38,34,30.99,412,4,https://www1.mbrace.or.jp/od2/B/202607/b260717.lzh,2026-10-03T18:27:22.584716+09:00
20260717,18,徳山,9,20260717-18-09,3,4287,今井貴士,41,福岡,57.0,A2,6.47,44.57,6.15,33.33,51,23.73,23,33.73,464,1,https://www1.mbrace.or.jp/od2/B/202607/b260717.lzh,2026-10-03T18:27:22.584716+09:00
20260717,18,徳山,9,20260717-18-09,4,3966,作間章,46,東京,54.0,A1,6.7,46.55,6.81,52.38,44,37.7,71,26.35,3554,,https://www1.mbrace.or.jp/od2/B/202607/b260717.lzh,2026-10-03T18:27:22.584716+09:00
20260717,18,徳山,9,20260717-18-09,5,3904,森貴洋,49,大阪,56.0,B1,4.88,32.43,6.69,53.13,49,28.57,36,34.16,232,2,https://www1.mbrace.or.jp/od2/B/202607/b260717.lzh,2026-10-03T18:27:22.584716+09:00
20260717,18,徳山,9,20260717-18-09,6,5393,藤原駿,25,大阪,56.0,B2,1.51,0.0,1.32,0.0,24,30.0,35,33.33,656,,https://www1.mbrace.or.jp/od2/B/202607/b260717.lzh,2026-10-03T18:27:22.584716+09:00
20260717,18,徳山,10,20260717-18-10,1,3838,伊藤啓三,51,埼玉,51.0,B1,5.35,30.95,5.83,36.59,57,18.37,54,39.02,263,1,https://www1.mbrace.or.jp/od2/B/202607/b260717.lzh,2026-10-03T18:27:22.584716+09:00
20260717,18,徳山,10,20260717-18-10,2,4274,長畑友輔,43,東京,52.0,B1,4.53,24.47,3.83,16.67,35,36.92,43,28.24,1 25,2,https://www1.mbrace.or.jp/od2/B/202607/b260717.lzh,2026-10-03T18:27:22.584716+09:00
20260717,18,徳山,10,20260717-18-10,3,3439,大平誉史,56,大阪,51.0,A1,6.0,43.4,6.09,45.45,34,27.94,22,35.76,3436,3,https://www1.mbrace.or.jp/od2/B/202607/b260717.lzh,2026-10-03T18:27:22.584716+09:00
20260717,18,徳山,10,20260717-18-10,4,5453,久保翔耶,20,香川,53.0,B2,1.94,5.71,0.0,0.0,52,29.51,63,31.71,6 65,5,https://www1.mbrace.or.jp/od2/B/202607/b260717.lzh,2026-10-03T18:27:22.584716+09:00
20260717,18,徳山,10,20260717-18-10,5,5328,井上慧人,22,福岡,55.0,B1,4.06,15.58,2.03,5.26,20,40.0,12,36.09,2 66,,https://www1.mbrace.or.jp/od2/B/202607/b260717.lzh,2026-10-03T18:27:22.584716+09:00
20260717,18,徳山,10,20260717-18-10,6,4144,石塚久也,44,埼玉,54.0,A2,6.5,45.37,6.28,44.26,47,35.82,28,25.75,2 15,4,https://www1.mbrace.or.jp/od2/B/202607/b260717.lzh,2026-10-03T18:27:22.584716+09:00
20260717,18,徳山,11,20260717-18-11,1,4010,越智照浩,46,香川,58.0,B1,4.47,20.25,4.22,11.11,26,42.62,74,36.59,1 52,6,https://www1.mbrace.or.jp/od2/B/202607/b260717.lzh,2026-10-03T18:27:22.584716+09:00
20260717,18,徳山,11,20260717-18-11,2,5023,久永祥平,31,東京,52.0,A2,5.88,35.0,6.8,40.0,21,24.44,47,34.71,655,5,https://www1.mbrace.or.jp/od2/B/202607/b260717.lzh,2026-10-03T18:27:22.584716+09:00
20260717,18,徳山,11,20260717-18-11,3,4303,牧原崇,43,愛知,53.0,B1,4.87,23.68,4.71,17.65,41,34.85,40,41.72,265,1,https://www1.mbrace.or.jp/od2/B/202607/b260717.lzh,2026-10-03T18:27:22.584716+09:00
20260717,18,徳山,11,20260717-18-11,4,3489,大場敏,59,静岡,54.0,A2,5.76,39.52,6.3,50.0,46,40.0,33,32.1,4 31,2,https://www1.mbrace.or.jp/od2/B/202607/b260717.lzh,2026-10-03T18:27:22.584716+09:00
20260717,18,徳山,11,20260717-18-11,5,4446,和田兼輔,39,兵庫,53.0,A1,6.92,50.98,6.9,56.9,22,26.79,26,29.09,1352,4,https://www1.mbrace.or.jp/od2/B/202607/b260717.lzh,2026-10-03T18:27:22.584716+09:00
20260717,18,徳山,11,20260717-18-11,6,5463,出口飛龍,19,大阪,53.0,B2,1.05,0.0,0.0,0.0,28,26.23,25,29.52,6 6,7,https://www1.mbrace.or.jp/od2/B/202607/b260717.lzh,2026-10-03T18:27:22.584716+09:00
20260717,18,徳山,12,20260717-18-12,1,4852,川原祐明,31,香川,52.0,A1,7.38,57.14,6.4,39.53,23,31.15,61,24.85,251,6,https://www1.mbrace.or.jp/od2/B/202607/b260717.lzh,2026-10-03T18:27:22.584716+09:00
20260717,18,徳山,12,20260717-18-12,2,4486,野村誠,40,群馬,53.0,A2,5.85,40.95,6.54,50.0,58,30.77,53,32.75,3244,3,https://www1.mbrace.or.jp/od2/B/202607/b260717.lzh,2026-10-03T18:27:22.584716+09:00
20260717,18,徳山,12,20260717-18-12,3,3350,藤本佳史,58,山口,53.0,B1,4.84,30.21,5.56,34.03,45,23.53,60,23.81,351,4,https://www1.mbrace.or.jp/od2/B/202607/b260717.lzh,2026-10-03T18:27:22.584716+09:00
20260717,18,徳山,12,20260717-18-12,4,3385,渡邉睦広,57,東京,51.0,A2,5.59,39.81,6.22,46.88,60,30.91,17,30.12,2 23,8,https://www1.mbrace.or.jp/od2/B/202607/b260717.lzh,2026-10-03T18:27:22.584716+09:00
20260717,18,徳山,12,20260717-18-12,5,4693,松下誉士,42,福岡,53.0,B1,4.1,22.33,4.17,11.11,36,36.23,16,44.85,441,5,https://www1.mbrace.or.jp/od2/B/202607/b260717.lzh,2026-10-03T18:27:22.584716+09:00
20260717,18,徳山,12,20260717-18-12,6,4278,藤岡俊介,43,兵庫,51.0,A1,7.02,56.91,5.69,42.31,48,32.26,31,31.95,3 26,7,https://www1.mbrace.or.jp/od2/B/202607/b260717.lzh,2026-10-03T18:27:22.584716+09:00
20260717,17,宮島,1,20260717-17-01,1,3265,今村暢孝,61,福岡,51.0,A2,6.05,43.37,6.38,45.83,80,26.8,17,40.76,2 22,11,https://www1.mbrace.or.jp/od2/B/202607/b260717.lzh,2026-10-03T18:27:22.584716+09:00
20260717,17,宮島,1,20260717-17-01,2,4257,古川健,42,広島,52.0,B1,4.58,25.0,5.33,35.63,19,29.89,36,31.71,142,7,https://www1.mbrace.or.jp/od2/B/202607/b260717.lzh,2026-10-03T18:27:22.584716+09:00
20260717,17,宮島,1,20260717-17-01,3,3910,松下知幸,52,香川,52.0,B1,4.13,19.78,4.23,15.91,77,28.57,65,33.85,3 35,8,https://www1.mbrace.or.jp/od2/B/202607/b260717.lzh,2026-10-03T18:27:22.584716+09:00
20260717,17,宮島,1,20260717-17-01,4,5348,小林甘寧,22,広島,53.0,B1,5.05,33.75,3.23,15.94,61,35.71,16,40.21,3 2,6,https://www1.mbrace.or.jp/od2/B/202607/b260717.lzh,2026-10-03T18:27:22.584716+09:00
20260717,17,宮島,1,20260717-17-01,5,5389,恵良琴美,19,福岡,42.0,B1,2.18,0.0,1.46,4.17,59,32.24,28,23.88,3 6,9,https://www1.mbrace.or.jp/od2/B/202607/b260717.lzh,2026-10-03T18:27:22.584716+09:00
20260717,17,宮島,1,20260717-17-01,6,3981,今坂晃広,48,静岡,54.0,B1,3.9,17.59,4.19,25.0,22,26.62,33,24.62,226,10,https://www1.mbrace.or.jp/od2/B/202607/b260717.lzh,2026-10-03T18:27:22.584716+09:00
20260717,17,宮島,2,20260717-17-02,1,4068,幸田智裕,46,静岡,54.0,B1,4.95,23.23,4.39,27.78,62,31.63,61,36.07,456,9,https://www1.mbrace.or.jp/od2/B/202607/b260717.lzh,2026-10-03T18:27:22.584716+09:00
20260717,17,宮島,2,20260717-17-02,2,4150,山田雄太,44,静岡,57.0,A2,5.88,44.12,5.25,30.0,56,33.52,81,27.41,1 14,11,https://www1.mbrace.or.jp/od2/B/202607/b260717.lzh,2026-10-03T18:27:22.584716+09:00
20260717,17,宮島,2,20260717-17-02,3,4574,東潤樹,37,広島,52.0,A2,5.37,33.33,5.59,39.73,66,42.86,66,32.45,424,10,https://www1.mbrace.or.jp/od2/B/202607/b260717.lzh,2026-10-03T18:27:22.584716+09:00
20260717,17,宮島,2,20260717-17-02,4,4776,竹田和哉,32,香川,52.0,A1,6.82,47.66,6.11,35.71,18,34.07,62,41.67,4311,8,https://www1.mbrace.or.jp/od2/B/202607/b260717.lzh,2026-10-03T18:27:22.584716+09:00
20260717,17,宮島,2,20260717-17-02,5,3730,塩崎優司,54,愛知,52.0,B1,4.88,31.4,0.0,0.0,68,27.07,20,33.54,565,7,https://www1.mbrace.or.jp/od2/B/202607/b260717.lzh,2026-10-03T18:27:22.584716+09:00
20260717,17,宮島,2,20260717-17-02,6,4293,鈴木智啓,40,愛知,60.0,B1,5.04,29.91,5.0,26.32,16,36.47,12,36.78,152,12,https://www1.mbrace.or.jp/od2/B/202607/b260717.lzh,2026-10-03T18:27:22.584716+09:00
20260717,17,宮島,3,20260717-17-03,1,4252,松下哲也,43,福岡,52.0,B1,4.36,18.82,4.19,18.52,14,25.14,22,34.17,564,8,https://www1.mbrace.or.jp/od2/B/202607/b260717.lzh,2026-10-03T18:27:22.584716+09:00
20260717,17,宮島,3,20260717-17-03,2,4826,井上一輝,32,大阪,52.0,A1,6.92,47.57,8.0,68.97,25,37.95,39,32.98,1411,10,https://www1.mbrace.or.jp/od2/B/202607/b260717.lzh,2026-10-03T18:27:22.584716+09:00
20260717,17,宮島,3,20260717-17-03,3,4527,高野心吾,38,愛知,51.0,B1,4.53,24.05,0.0,0.0,74,26.62,29,48.26,5 41,9,https://www1.mbrace.or.jp/od2/B/202607/b260717.lzh,2026-10-03T18:27:22.584716+09:00
20260717,17,宮島,3,20260717-17-03,4,4840,鈴木秀茉,34,静岡,52.0,B1,5.06,33.33,0.0,0.0,60,37.06,32,34.9,2 63,7,https://www1.mbrace.or.jp/od2/B/202607/b260717.lzh,2026-10-03T18:27:22.584716+09:00
20260717,17,宮島,3,20260717-17-03,5,4006,小野勇作,48,佐賀,50.0,B1,4.96,29.29,5.31,39.58,72,45.86,54,28.43,234,11,https://www1.mbrace.or.jp/od2/B/202607/b260717.lzh,2026-10-03T18:27:22.584716+09:00
20260717,17,宮島,3,20260717-17-03,6,4140,梶野学志,45,東京,54.0,A2,6.2,48.96,7.02,60.98,21,42.41,19,38.24,2 56,12,https://www1.mbrace.or.jp/od2/B/202607/b260717.lzh,2026-10-03T18:27:22.584716+09:00
20260717,17,宮島,4,20260717-17-04,1,4772,石丸海渡,33,香川,54.0,A1,6.75,51.92,7.7,65.0,35,24.84,50,27.78,2221,11,https://www1.mbrace.or.jp/od2/B/202607/b260717.lzh,2026-10-03T18:27:22.584716+09:00
20260717,17,宮島,4,20260717-17-04,2,3701,大西隆洋,53,香川,56.0,B1,4.26,18.18,3.57,8.7,69,28.18,21,34.38,432,10,https://www1.mbrace.or.jp/od2/B/202607/b260717.lzh,2026-10-03T18:27:22.584716+09:00
20260717,17,宮島,4,20260717-17-04,3,4425,大井清貴,40,山口,55.0,B1,4.65,21.52,4.4,28.0,13,25.0,34,27.59,412,12,https://www1.mbrace.or.jp/od2/B/202607/b260717.lzh,2026-10-03T18:27:22.584716+09:00
20260717,17,宮島,4,20260717-17-04,4,5358,増本杏珠,20,福岡,49.0,B2,2.5,4.17,2.33,0.0,11,39.13,71,32.67,5 54,,https://www1.mbrace.or.jp/od2/B/202607/b260717.lzh,2026-10-03T18:27:22.584716+09:00
20260717,17,宮島,4,20260717-17-04,5,4811,向井田佑,37,広島,50.0,B1,4.88,27.62,5.28,33.05,33,34.76,64,29.61,1 23,9,https://www1.mbrace.or.jp/od2/B/202607/b260717.lzh,2026-10-03T18:27:22.584716+09:00
20260717,17,宮島,4,20260717-17-04,6,4133,高橋正男,46,兵庫,52.0,A2,6.48,55.43,5.62,42.86,58,43.78,69,28.4,6412,,https://www1.mbrace.or.jp/od2/B/202607/b260717.lzh,2026-10-03T18:27:22.584716+09:00
20260717,17,宮島,5,20260717-17-05,1,4853,前原哉,31,岡山,45.0,B1,4.76,23.61,4.17,20.0,67,35.6,26,27.46,4 33,,https://www1.mbrace.or.jp/od2/B/202607/b260717.lzh,2026-10-03T18:27:22.584716+09:00
20260717,17,宮島,5,20260717-17-05,2,4313,西村美智,42,香川,50.0,A2,5.18,35.16,6.0,30.0,30,41.05,30,26.49,234,11,https://www1.mbrace.or.jp/od2/B/202607/b260717.lzh,2026-10-03T18:27:22.584716+09:00
20260717,17,宮島,5,20260717-17-05,3,5144,中尾彩香,25,福岡,47.0,B1,5.2,33.67,5.0,22.22,82,32.75,23,34.94,6 5,10,https://www1.mbrace.or.jp/od2/B/202607/b260717.lzh,2026-10-03T18:27:22.584716+09:00
20260717,17,宮島,5,20260717-17-05,4,4387,平山智加,41,香川,46.0,A1,6.7,46.46,7.16,54.0,57,37.84,53,31.16,1555,12,https://www1.mbrace.or.jp/od2/B/202607/b260717.lzh,2026-10-03T18:27:22.584716+09:00
20260717,17,宮島,5,20260717-17-05,5,5317,長尾萌加,25,岡山,46.0,B1,4.76,22.33,4.56,8.0,24,32.54,38,33.68,625,,https://www1.mbrace.or.jp/od2/B/202607/b260717.lzh,2026-10-03T18:27:22.584716+09:00
20260717,17,宮島,5,20260717-17-05,6,5446,長嶺真李,24,福岡,53.0,B2,1.3,0.0,0.0,0.0,55,39.9,52,26.24,6 66,,https://www1.mbrace.or.jp/od2/B/202607/b260717.lzh,2026-10-03T18:27:22.584716+09:00
20260717,17,宮島,6,20260717-17-06,1,3745,橋本年光,51,兵庫,53.0,B1,5.08,27.91,6.0,42.31,53,30.81,59,34.57,6312,,https://www1.mbrace.or.jp/od2/B/202607/b260717.lzh,2026-10-03T18:27:22.584716+09:00
20260717,17,宮島,6,20260717-17-06,2,5300,横田海人,23,愛知,52.0,B1,2.07,4.71,0.0,0.0,31,27.91,14,31.71,6 66,,https://www1.mbrace.or.jp/od2/B/202607/b260717.lzh,2026-10-03T18:27:22.584716+09:00
20260717,17,宮島,6,20260717-17-06,3,4015,前野竜一,46,山口,58.0,A2,5.99,38.26,6.15,40.0,38,48.98,78,39.89,3 33,12,https://www1.mbrace.or.jp/od2/B/202607/b260717.lzh,2026-10-03T18:27:22.584716+09:00
20260717,17,宮島,6,20260717-17-06,4,4748,渡邉雄朗,40,東京,52.0,A1,6.33,43.62,6.65,58.06,15,34.76,67,35.78,2634,11,https://www1.mbrace.or.jp/od2/B/202607/b260717.lzh,2026-10-03T18:27:22.584716+09:00
20260717,17,宮島,6,20260717-17-06,5,4666,日笠勝弘,42,大阪,52.0,B1,3.93,21.62,4.4,23.81,39,34.05,73,36.36,5 41,10,https://www1.mbrace.or.jp/od2/B/202607/b260717.lzh,2026-10-03T18:27:22.584716+09:00
20260717,17,宮島,6,20260717-17-06,6,5348,小林甘寧,22,広島,53.0,B1,5.05,33.75,3.23,15.94,61,35.71,16,40.21,3 2,1,https://www1.mbrace.or.jp/od2/B/202607/b260717.lzh,2026-10-03T18:27:22.584716+09:00
20260717,17,宮島,7,20260717-17-07,1,4509,平見真彦,37,愛知,54.0,A2,5.72,35.53,4.69,25.64,36,32.98,79,29.59,3436,,https://www1.mbrace.or.jp/od2/B/202607/b260717.lzh,2026-10-03T18:27:22.584716+09:00
20260717,17,宮島,7,20260717-17-07,2,3730,塩崎優司,54,愛知,52.0,B1,4.88,31.4,0.0,0.0,68,27.07,20,33.54,565,2,https://www1.mbrace.or.jp/od2/B/202607/b260717.lzh,2026-10-03T18:27:22.584716+09:00
20260717,17,宮島,7,20260717-17-07,3,4840,鈴木秀茉,34,静岡,52.0,B1,5.06,33.33,0.0,0.0,60,37.06,32,34.9,2 63,3,https://www1.mbrace.or.jp/od2/B/202607/b260717.lzh,2026-10-03T18:27:22.584716+09:00
20260717,17,宮島,7,20260717-17-07,4,5071,野見山拓,31,福岡,53.0,B1,4.38,21.79,0.0,0.0,27,32.39,75,31.91,364,,https://www1.mbrace.or.jp/od2/B/202607/b260717.lzh,2026-10-03T18:27:22.584716+09:00
20260717,17,宮島,7,20260717-17-07,5,4184,渡邊雄一,40,大阪,52.0,A1,7.02,52.43,5.6,40.0,70,34.55,60,28.47,1115,12,https://www1.mbrace.or.jp/od2/B/202607/b260717.lzh,2026-10-03T18:27:22.584716+09:00
20260717,17,宮島,7,20260717-17-07,6,4257,古川健,42,広島,52.0,B1,4.58,25.0,5.33,35.63,19,29.89,36,31.71,142,1,https://www1.mbrace.or.jp/od2/B/202607/b260717.lzh,2026-10-03T18:27:22.584716+09:00
20260717,17,宮島,8,20260717-17-08,1,3910,松下知幸,52,香川,52.0,B1,4.13,19.78,4.23,15.91,77,28.57,65,33.85,3 35,1,https://www1.mbrace.or.jp/od2/B/202607/b260717.lzh,2026-10-03T18:27:22.584716+09:00
20260717,17,宮島,8,20260717-17-08,2,4776,竹田和哉,32,香川,52.0,A1,6.82,47.66,6.11,35.71,18,34.07,62,41.67,4311,2,https://www1.mbrace.or.jp/od2/B/202607/b260717.lzh,2026-10-03T18:27:22.584716+09:00
20260717,17,宮島,8,20260717-17-08,3,5398,鐘ヶ江真,24,福岡,53.0,B1,4.22,21.3,0.0,0.0,23,32.57,68,36.84,5 55,,https://www1.mbrace.or.jp/od2/B/202607/b260717.lzh,2026-10-03T18:27:22.584716+09:00
20260717,17,宮島,8,20260717-17-08,4,5405,竹内来,22,愛知,51.0,B1,2.3,1.59,0.0,0.0,79,36.42,57,37.85,5 36,,https://www1.mbrace.or.jp/od2/B/202607/b260717.lzh,2026-10-03T18:27:22.584716+09:00
20260717,17,宮島,8,20260717-17-08,5,4252,松下哲也,43,福岡,52.0,B1,4.36,18.82,4.19,18.52,14,25.14,22,34.17,564,3,https://www1.mbrace.or.jp/od2/B/202607/b260717.lzh,2026-10-03T18:27:22.584716+09:00
20260717,17,宮島,8,20260717-17-08,6,4058,野末智一,47,静岡,52.0,A1,6.05,43.51,5.17,27.78,65,41.45,27,38.46,4135,,https://www1.mbrace.or.jp/od2/B/202607/b260717.lzh,2026-10-03T18:27:22.584716+09:00
20260717,17,宮島,9,20260717-17-09,1,4811,向井田佑,37,広島,50.0,B1,4.88,27.62,5.28,33.05,33,34.76,64,29.61,1 23,4,https://www1.mbrace.or.jp/od2/B/202607/b260717.lzh,2026-10-03T18:27:22.584716+09:00
20260717,17,宮島,9,20260717-17-09,2,3934,鋤柄貴俊,49,愛知,52.0,B1,4.99,25.62,4.72,27.78,52,33.33,55,25.0,1443,,https://www1.mbrace.or.jp/od2/B/202607/b260717.lzh,2026-10-03T18:27:22.584716+09:00
20260717,17,宮島,9,20260717-17-09,3,3054,北川幸典,63,広島,54.0,B1,5.51,31.87,5.69,41.05,71,31.93,25,31.98,1612,,https://www1.mbrace.or.jp/od2/B/202607/b260717.lzh,2026-10-03T18:27:22.584716+09:00
20260717,17,宮島,9,20260717-17-09,4,5389,恵良琴美,19,福岡,42.0,B1,2.18,0.0,1.46,4.17,59,32.24,28,23.88,3 6,1,https://www1.mbrace.or.jp/od2/B/202607/b260717.lzh,2026-10-03T18:27:22.584716+09:00
20260717,17,宮島,9,20260717-17-09,5,4068,幸田智裕,46,静岡,54.0,B1,4.95,23.23,4.39,27.78,62,31.63,61,36.07,456,2,https://www1.mbrace.or.jp/od2/B/202607/b260717.lzh,2026-10-03T18:27:22.584716+09:00
20260717,17,宮島,9,20260717-17-09,6,4527,高野心吾,38,愛知,51.0,B1,4.53,24.05,0.0,0.0,74,26.62,29,48.26,5 41,3,https://www1.mbrace.or.jp/od2/B/202607/b260717.lzh,2026-10-03T18:27:22.584716+09:00
20260717,17,宮島,10,20260717-17-10,1,4574,東潤樹,37,広島,52.0,A2,5.37,33.33,5.59,39.73,66,42.86,66,32.45,424,2,https://www1.mbrace.or.jp/od2/B/202607/b260717.lzh,2026-10-03T18:27:22.584716+09:00
20260717,17,宮島,10,20260717-17-10,2,4666,日笠勝弘,42,大阪,52.0,B1,3.93,21.62,4.4,23.81,39,34.05,73,36.36,5 41,6,https://www1.mbrace.or.jp/od2/B/202607/b260717.lzh,2026-10-03T18:27:22.584716+09:00
20260717,17,宮島,10,20260717-17-10,3,4826,井上一輝,32,大阪,52.0,A1,6.92,47.57,8.0,68.97,25,37.95,39,32.98,1411,3,https://www1.mbrace.or.jp/od2/B/202607/b260717.lzh,2026-10-03T18:27:22.584716+09:00
20260717,17,宮島,10,20260717-17-10,4,3981,今坂晃広,48,静岡,54.0,B1,3.9,17.59,4.19,25.0,22,26.62,33,24.62,226,1,https://www1.mbrace.or.jp/od2/B/202607/b260717.lzh,2026-10-03T18:27:22.584716+09:00
20260717,17,宮島,10,20260717-17-10,5,5144,中尾彩香,25,福岡,47.0,B1,5.2,33.67,5.0,22.22,82,32.75,23,34.94,6 5,5,https://www1.mbrace.or.jp/od2/B/202607/b260717.lzh,2026-10-03T18:27:22.584716+09:00
20260717,17,宮島,10,20260717-17-10,6,3701,大西隆洋,53,香川,56.0,B1,4.26,18.18,3.57,8.7,69,28.18,21,34.38,432,4,https://www1.mbrace.or.jp/od2/B/202607/b260717.lzh,2026-10-03T18:27:22.584716+09:00
20260717,17,宮島,11,20260717-17-11,1,4748,渡邉雄朗,40,東京,52.0,A1,6.33,43.62,6.65,58.06,15,34.76,67,35.78,2634,6,https://www1.mbrace.or.jp/od2/B/202607/b260717.lzh,2026-10-03T18:27:22.584716+09:00
20260717,17,宮島,11,20260717-17-11,2,4006,小野勇作,48,佐賀,50.0,B1,4.96,29.29,5.31,39.58,72,45.86,54,28.43,234,3,https://www1.mbrace.or.jp/od2/B/202607/b260717.lzh,2026-10-03T18:27:22.584716+09:00
20260717,17,宮島,11,20260717-17-11,3,3265,今村暢孝,61,福岡,51.0,A2,6.05,43.37,6.38,45.83,80,26.8,17,40.76,2 22,1,https://www1.mbrace.or.jp/od2/B/202607/b260717.lzh,2026-10-03T18:27:22.584716+09:00
20260717,17,宮島,11,20260717-17-11,4,4772,石丸海渡,33,香川,54.0,A1,6.75,51.92,7.7,65.0,35,24.84,50,27.78,2221,4,https://www1.mbrace.or.jp/od2/B/202607/b260717.lzh,2026-10-03T18:27:22.584716+09:00
20260717,17,宮島,11,20260717-17-11,5,4150,山田雄太,44,静岡,57.0,A2,5.88,44.12,5.25,30.0,56,33.52,81,27.41,1 14,2,https://www1.mbrace.or.jp/od2/B/202607/b260717.lzh,2026-10-03T18:27:22.584716+09:00
20260717,17,宮島,11,20260717-17-11,6,4313,西村美智,42,香川,50.0,A2,5.18,35.16,6.0,30.0,30,41.05,30,26.49,234,5,https://www1.mbrace.or.jp/od2/B/202607/b260717.lzh,2026-10-03T18:27:22.584716+09:00
20260717,17,宮島,12,20260717-17-12,1,4387,平山智加,41,香川,46.0,A1,6.7,46.46,7.16,54.0,57,37.84,53,31.16,1555,5,https://www1.mbrace.or.jp/od2/B/202607/b260717.lzh,2026-10-03T18:27:22.584716+09:00
20260717,17,宮島,12,20260717-17-12,2,4293,鈴木智啓,40,愛知,60.0,B1,5.04,29.91,5.0,26.32,16,36.47,12,36.78,152,2,https://www1.mbrace.or.jp/od2/B/202607/b260717.lzh,2026-10-03T18:27:22.584716+09:00
20260717,17,宮島,12,20260717-17-12,3,4140,梶野学志,45,東京,54.0,A2,6.2,48.96,7.02,60.98,21,42.41,19,38.24,2 56,3,https://www1.mbrace.or.jp/od2/B/202607/b260717.lzh,2026-10-03T18:27:22.584716+09:00
20260717,17,宮島,12,20260717-17-12,4,4184,渡邊雄一,40,大阪,52.0,A1,7.02,52.43,5.6,40.0,70,34.55,60,28.47,1115,7,https://www1.mbrace.or.jp/od2/B/202607/b260717.lzh,2026-10-03T18:27:22.584716+09:00
20260717,17,宮島,12,20260717-17-12,5,4015,前野竜一,46,山口,58.0,A2,5.99,38.26,6.15,40.0,38,48.98,78,39.89,3 33,6,https://www1.mbrace.or.jp/od2/B/202607/b260717.lzh,2026-10-03T18:27:22.584716+09:00
20260717,17,宮島,12,20260717-17-12,6,4425,大井清貴,40,山口,55.0,B1,4.65,21.52,4.4,28.0,13,25.0,34,27.59,412,4,https://www1.mbrace.or.jp/od2/B/202607/b260717.lzh,2026-10-03T18:27:22.584716+09:00
20260717,16,児島,1,20260717-16-01,1,3866,木山誠一,51,岡山,54.0,B1,4.91,31.91,3.17,16.67,28,31.48,48,32.21,,6,https://www1.mbrace.or.jp/od2/B/202607/b260717.lzh,2026-10-03T18:27:22.584716+09:00
20260717,16,児島,1,20260717-16-01,2,4735,角山雄哉,35,兵庫,54.0,B1,4.26,20.69,4.86,24.49,60,43.64,15,40.65,,,https://www1.mbrace.or.jp/od2/B/202607/b260717.lzh,2026-10-03T18:27:22.584716+09:00
20260717,16,児島,1,20260717-16-01,3,5332,村松遥輝,22,静岡,53.0,B1,3.9,22.54,2.56,0.0,61,34.38,22,31.58,,8,https://www1.mbrace.or.jp/od2/B/202607/b260717.lzh,2026-10-03T18:27:22.584716+09:00
20260717,16,児島,1,20260717-16-01,4,3662,大庭元明,56,福岡,56.0,B1,5.05,34.12,5.11,36.84,39,37.74,42,36.13,,9,https://www1.mbrace.or.jp/od2/B/202607/b260717.lzh,2026-10-03T18:27:22.584716+09:00
20260717,16,児島,1,20260717-16-01,5,4231,鈴木裕隆,43,愛知,56.0,B1,5.5,33.6,5.35,32.26,24,30.38,32,34.0,,7,https://www1.mbrace.or.jp/od2/B/202607/b260717.lzh,2026-10-03T18:27:22.584716+09:00
20260717,16,児島,1,20260717-16-01,6,4976,金山立樹,32,東京,52.0,B1,5.02,29.03,0.0,0.0,22,32.32,50,38.16,,,https://www1.mbrace.or.jp/od2/B/202607/b260717.lzh,2026-10-03T18:27:22.584716+09:00
20260717,16,児島,2,20260717-16-02,1,3514,山一鉄也,59,福岡,52.0,A2,6.08,43.31,5.24,30.95,41,33.73,27,34.87,,10,https://www1.mbrace.or.jp/od2/B/202607/b260717.lzh,2026-10-03T18:27:22.584716+09:00
20260717,16,児島,2,20260717-16-02,2,4568,廣瀬真也,38,東京,51.0,B1,5.49,31.68,4.0,33.33,21,38.51,20,32.24,,8,https://www1.mbrace.or.jp/od2/B/202607/b260717.lzh,2026-10-03T18:27:22.584716+09:00
20260717,16,児島,2,20260717-16-02,3,4069,山本修一,45,岡山,54.0,A2,6.1,43.41,5.97,37.58,45,30.77,44,31.33,,11,https://www1.mbrace.or.jp/od2/B/202607/b260717.lzh,2026-10-03T18:27:22.584716+09:00
20260717,16,児島,2,20260717-16-02,4,5236,小宮涼雅,27,広島,53.0,B1,4.22,22.55,3.52,6.73,20,48.5,56,32.0,,7,https://www1.mbrace.or.jp/od2/B/202607/b260717.lzh,2026-10-03T18:27:22.584716+09:00
20260717,16,児島,2,20260717-16-02,5,3710,吉永泰弘,52,香川,53.0,B1,4.53,21.88,5.5,40.0,57,37.27,40,31.82,,,https://www1.mbrace.or.jp/od2/B/202607/b260717.lzh,2026-10-03T18:27:22.584716+09:00
20260717,16,児島,2,20260717-16-02,6,3482,金子猛志,55,群馬,60.0,B1,5.17,32.23,4.44,23.08,67,35.98,43,40.27,,9,https://www1.mbrace.or.jp/od2/B/202607/b260717.lzh,2026-10-03T18:27:22.584716+09:00
20260717,16,児島,3,20260717-16-03,1,4594,谷川祐一,44,滋賀,52.0,B1,6.07,44.79,5.62,33.33,56,37.27,51,32.41,,10,https://www1.mbrace.or.jp/od2/B/202607/b260717.lzh,2026-10-03T18:27:22.584716+09:00
20260717,16,児島,3,20260717-16-03,2,4558,宮野仁,36,岡山,55.0,B1,4.36,26.53,4.91,27.78,13,34.32,24,32.24,,,https://www1.mbrace.or.jp/od2/B/202607/b260717.lzh,2026-10-03T18:27:22.584716+09:00
20260717,16,児島,3,20260717-16-03,3,4435,服部達哉,40,愛知,56.0,A2,5.74,37.04,5.33,33.33,44,39.63,49,50.98,,11,https://www1.mbrace.or.jp/od2/B/202607/b260717.lzh,2026-10-03T18:27:22.584716+09:00
20260717,16,児島,3,20260717-16-03,4,5249,三木晴斗,24,徳島,54.0,B1,5.2,30.26,3.39,6.52,35,47.5,71,44.3,,9,https://www1.mbrace.or.jp/od2/B/202607/b260717.lzh,2026-10-03T18:27:22.584716+09:00
20260717,16,児島,3,20260717-16-03,5,4871,菊池宏志,34,山口,54.0,B1,4.73,28.24,5.05,31.58,63,34.94,65,33.56,,8,https://www1.mbrace.or.jp/od2/B/202607/b260717.lzh,2026-10-03T18:27:22.584716+09:00
20260717,16,児島,3,20260717-16-03,6,3557,太田和美,53,大阪,55.0,A1,6.51,48.28,8.05,80.0,64,30.3,64,36.42,,12,https://www1.mbrace.or.jp/od2/B/202607/b260717.lzh,2026-10-03T18:27:22.584716+09:00
20260717,16,児島,4,20260717-16-04,1,4661,中島昂章,34,佐賀,53.0,A2,5.34,33.6,5.13,33.33,68,31.93,47,32.26,,10,https://www1.mbrace.or.jp/od2/B/202607/b260717.lzh,2026-10-03T18:27:22.584716+09:00
20260717,16,児島,4,20260717-16-04,2,4894,原村拓也,35,香川,51.0,B1,4.55,21.0,5.48,30.77,62,38.13,36,32.69,,9,https://www1.mbrace.or.jp/od2/B/202607/b260717.lzh,2026-10-03T18:27:22.584716+09:00
20260717,16,児島,4,20260717-16-04,3,4953,尾上雅也,31,埼玉,55.0,A1,6.64,52.89,6.32,52.63,65,34.76,33,38.96,,12,https://www1.mbrace.or.jp/od2/B/202607/b260717.lzh,2026-10-03T18:27:22.584716+09:00
20260717,16,児島,4,20260717-16-04,4,5232,樅山拓馬,28,愛知,52.0,B1,5.09,26.58,5.09,26.47,34,30.63,70,34.01,,,https://www1.mbrace.or.jp/od2/B/202607/b260717.lzh,2026-10-03T18:27:22.584716+09:00
20260717,16,児島,4,20260717-16-04,5,4625,渡邊裕貴,40,静岡,53.0,B1,5.58,38.46,3.83,17.24,16,41.77,58,35.71,,,https://www1.mbrace.or.jp/od2/B/202607/b260717.lzh,2026-10-03T18:27:22.584716+09:00
20260717,16,児島,4,20260717-16-04,6,5382,山下心一,21,福岡,52.0,B1,2.15,2.82,2.22,11.11,50,39.38,34,43.92,,,https://www1.mbrace.or.jp/od2/B/202607/b260717.lzh,2026-10-03T18:27:22.584716+09:00
20260717,16,児島,5,20260717-16-05,1,5076,石原光,30,静岡,54.0,B1,5.15,34.29,2.54,7.69,66,34.94,61,32.68,,11,https://www1.mbrace.or.jp/od2/B/202607/b260717.lzh,2026-10-03T18:27:22.584716+09:00
20260717,16,児島,5,20260717-16-05,2,4895,門間雄大,35,東京,55.0,A2,5.21,24.66,5.47,26.32,19,37.58,38,42.38,,10,https://www1.mbrace.or.jp/od2/B/202607/b260717.lzh,2026-10-03T18:27:22.584716+09:00
20260717,16,児島,5,20260717-16-05,3,3454,井川大作,55,岡山,56.0,B1,5.6,41.18,4.88,26.5,52,29.09,59,30.92,,,https://www1.mbrace.or.jp/od2/B/202607/b260717.lzh,2026-10-03T18:27:22.584716+09:00
20260717,16,児島,5,20260717-16-05,4,5219,森口和紀,25,福岡,52.0,B1,5.2,38.75,3.48,13.04,12,43.64,75,37.12,,,https://www1.mbrace.or.jp/od2/B/202607/b260717.lzh,2026-10-03T18:27:22.584716+09:00
20260717,16,児島,5,20260717-16-05,5,4500,山田康二,38,佐賀,55.0,A1,7.68,50.45,7.54,58.0,26,34.57,31,36.36,,12,https://www1.mbrace.or.jp/od2/B/202607/b260717.lzh,2026-10-03T18:27:22.584716+09:00
20260717,16,児島,5,20260717-16-05,6,5376,吉田一心,22,大阪,51.0,B1,4.88,28.24,4.33,22.22,11,29.63,74,36.24,,,https://www1.mbrace.or.jp/od2/B/202607/b260717.lzh,2026-10-03T18:27:22.584716+09:00
20260717,16,児島,6,20260717-16-06,1,4931,木谷賢太,30,香川,54.0,A1,6.82,49.6,6.33,41.3,55,51.88,39,37.01,,12,https://www1.mbrace.or.jp/od2/B/202607/b260717.lzh,2026-10-03T18:27:22.584716+09:00
20260717,16,児島,6,20260717-16-06,2,4076,杉田篤光,47,静岡,52.0,B1,5.07,30.3,4.97,30.56,42,32.1,35,31.79,,10,https://www1.mbrace.or.jp/od2/B/202607/b260717.lzh,2026-10-03T18:27:22.584716+09:00
20260717,16,児島,6,20260717-16-06,3,4375,照屋厚仁,42,兵庫,52.0,A2,5.69,38.14,5.73,36.36,18,31.29,62,34.64,,11,https://www1.mbrace.or.jp/od2/B/202607/b260717.lzh,2026-10-03T18:27:22.584716+09:00
20260717,16,児島,6,20260717-16-06,4,3866,木山誠一,51,岡山,54.0,B1,4.91,31.91,3.17,16.67,28,31.48,48,32.21,,1,https://www1.mbrace.or.jp/od2/B/202607/b260717.lzh,2026-10-03T18:27:22.584716+09:00
20260717,16,児島,6,20260717-16-06,5,5368,宮崎心之,24,埼玉,51.0,B1,5.89,40.28,2.67,0.0,27,36.25,17,33.33,,,https://www1.mbrace.or.jp/od2/B/202607/b260717.lzh,2026-10-03T18:27:22.584716+09:00
20260717,16,児島,6,20260717-16-06,6,5008,羽野諒,29,福岡,53.0,B1,4.6,24.0,4.25,37.5,47,25.0,73,32.45,,,https://www1.mbrace.or.jp/od2/B/202607/b260717.lzh,2026-10-03T18:27:22.584716+09:00
20260717,16,児島,7,20260717-16-07,1,4231,鈴木裕隆,43,愛知,56.0,B1,5.5,33.6,5.35,32.26,24,30.38,32,34.0,,1,https://www1.mbrace.or.jp/od2/B/202607/b260717.lzh,2026-10-03T18:27:22.584716+09:00
20260717,16,児島,7,20260717-16-07,2,4159,向後龍一,45,埼玉,51.0,A2,6.53,51.26,6.04,34.0,40,26.71,26,37.91,,11,https://www1.mbrace.or.jp/od2/B/202607/b260717.lzh,2026-10-03T18:27:22.584716+09:00
20260717,16,児島,7,20260717-16-07,3,4880,澤崎雄哉,31,東京,52.0,B1,5.34,35.56,6.78,55.56,38,34.94,57,33.55,,,https://www1.mbrace.or.jp/od2/B/202607/b260717.lzh,2026-10-03T18:27:22.584716+09:00
20260717,16,児島,7,20260717-16-07,4,4639,雑賀勇貴,35,大阪,54.0,B1,4.68,28.57,4.5,25.0,53,35.4,12,31.76,,,https://www1.mbrace.or.jp/od2/B/202607/b260717.lzh,2026-10-03T18:27:22.584716+09:00
20260717,16,児島,7,20260717-16-07,5,5236,小宮涼雅,27,広島,53.0,B1,4.22,22.55,3.52,6.73,20,48.5,56,32.0,,2,https://www1.mbrace.or.jp/od2/B/202607/b260717.lzh,2026-10-03T18:27:22.584716+09:00
20260717,16,児島,7,20260717-16-07,6,4418,茅原悠紀,39,岡山,54.0,A1,7.56,50.45,8.45,76.84,69,33.33,30,33.11,,12,https://www1.mbrace.or.jp/od2/B/202607/b260717.lzh,2026-10-03T18:27:22.584716+09:00
20260717,16,児島,8,20260717-16-08,1,4942,柴田朋哉,36,福岡,54.0,B1,5.59,37.11,4.63,29.17,58,36.48,23,35.95,,,https://www1.mbrace.or.jp/od2/B/202607/b260717.lzh,2026-10-03T18:27:22.584716+09:00
20260717,16,児島,8,20260717-16-08,2,4166,吉田拡郎,44,岡山,54.0,A1,7.45,55.93,7.46,64.34,49,35.33,54,36.36,,12,https://www1.mbrace.or.jp/od2/B/202607/b260717.lzh,2026-10-03T18:27:22.584716+09:00
20260717,16,児島,8,20260717-16-08,3,3686,鳥居塚孝,51,群馬,52.0,A2,6.14,40.57,0.0,0.0,36,34.94,29,35.95,,,https://www1.mbrace.or.jp/od2/B/202607/b260717.lzh,2026-10-03T18:27:22.584716+09:00
20260717,16,児島,8,20260717-16-08,4,4871,菊池宏志,34,山口,54.0,B1,4.73,28.24,5.05,31.58,63,34.94,65,33.56,,3,https://www1.mbrace.or.jp/od2/B/202607/b260717.lzh,2026-10-03T18:27:22.584716+09:00
20260717,16,児島,8,20260717-16-08,5,5332,村松遥輝,22,静岡,53.0,B1,3.9,22.54,2.56,0.0,61,34.38,22,31.58,,1,https://www1.mbrace.or.jp/od2/B/202607/b260717.lzh,2026-10-03T18:27:22.584716+09:00
20260717,16,児島,8,20260717-16-08,6,4568,廣瀬真也,38,東京,51.0,B1,5.49,31.68,4.0,33.33,21,38.51,20,32.24,,2,https://www1.mbrace.or.jp/od2/B/202607/b260717.lzh,2026-10-03T18:27:22.584716+09:00
20260717,16,児島,9,20260717-16-09,1,3662,大庭元明,56,福岡,56.0,B1,5.05,34.12,5.11,36.84,39,37.74,42,36.13,,1,https://www1.mbrace.or.jp/od2/B/202607/b260717.lzh,2026-10-03T18:27:22.584716+09:00
20260717,16,児島,9,20260717-16-09,2,4608,荒井翔伍,36,東京,54.0,A2,5.88,40.32,6.26,36.84,30,37.35,19,37.58,,,https://www1.mbrace.or.jp/od2/B/202607/b260717.lzh,2026-10-03T18:27:22.584716+09:00
20260717,16,児島,9,20260717-16-09,3,4526,池田雄祐,38,愛知,51.0,A2,5.78,41.67,5.34,23.68,17,40.25,52,35.71,,,https://www1.mbrace.or.jp/od2/B/202607/b260717.lzh,2026-10-03T18:27:22.584716+09:00
20260717,16,児島,9,20260717-16-09,4,3482,金子猛志,55,群馬,60.0,B1,5.17,32.23,4.44,23.08,67,35.98,43,40.27,,2,https://www1.mbrace.or.jp/od2/B/202607/b260717.lzh,2026-10-03T18:27:22.584716+09:00
20260717,16,児島,9,20260717-16-09,5,4894,原村拓也,35,香川,51.0,B1,4.55,21.0,5.48,30.77,62,38.13,36,32.69,,4,https://www1.mbrace.or.jp/od2/B/202607/b260717.lzh,2026-10-03T18:27:22.584716+09:00
20260717,16,児島,9,20260717-16-09,6,5249,三木晴斗,24,徳島,54.0,B1,5.2,30.26,3.39,6.52,35,47.5,71,44.3,,3,https://www1.mbrace.or.jp/od2/B/202607/b260717.lzh,2026-10-03T18:27:22.584716+09:00
20260717,16,児島,10,20260717-16-10,1,4308,河村了,42,愛知,52.0,A1,6.85,50.0,8.0,55.56,23,32.32,68,37.01,,,https://www1.mbrace.or.jp/od2/B/202607/b260717.lzh,2026-10-03T18:27:22.584716+09:00
20260717,16,児島,10,20260717-16-10,2,3514,山一鉄也,59,福岡,52.0,A2,6.08,43.31,5.24,30.95,41,33.73,27,34.87,,2,https://www1.mbrace.or.jp/od2/B/202607/b260717.lzh,2026-10-03T18:27:22.584716+09:00
20260717,16,児島,10,20260717-16-10,3,4594,谷川祐一,44,滋賀,52.0,B1,6.07,44.79,5.62,33.33,56,37.27,51,32.41,,3,https://www1.mbrace.or.jp/od2/B/202607/b260717.lzh,2026-10-03T18:27:22.584716+09:00
20260717,16,児島,10,20260717-16-10,4,4661,中島昂章,34,佐賀,53.0,A2,5.34,33.6,5.13,33.33,68,31.93,47,32.26,,4,https://www1.mbrace.or.jp/od2/B/202607/b260717.lzh,2026-10-03T18:27:22.584716+09:00
20260717,16,児島,10,20260717-16-10,5,4076,杉田篤光,47,静岡,52.0,B1,5.07,30.3,4.97,30.56,42,32.1,35,31.79,,6,https://www1.mbrace.or.jp/od2/B/202607/b260717.lzh,2026-10-03T18:27:22.584716+09:00
20260717,16,児島,10,20260717-16-10,6,4895,門間雄大,35,東京,55.0,A2,5.21,24.66,5.47,26.32,19,37.58,38,42.38,,5,https://www1.mbrace.or.jp/od2/B/202607/b260717.lzh,2026-10-03T18:27:22.584716+09:00
20260717,16,児島,11,20260717-16-11,1,4069,山本修一,45,岡山,54.0,A2,6.1,43.41,5.97,37.58,45,30.77,44,31.33,,2,https://www1.mbrace.or.jp/od2/B/202607/b260717.lzh,2026-10-03T18:27:22.584716+09:00
20260717,16,児島,11,20260717-16-11,2,4435,服部達哉,40,愛知,56.0,A2,5.74,37.04,5.33,33.33,44,39.63,49,50.98,,3,https://www1.mbrace.or.jp/od2/B/202607/b260717.lzh,2026-10-03T18:27:22.584716+09:00
20260717,16,児島,11,20260717-16-11,3,3304,烏野賢太,58,徳島,52.0,A1,5.6,32.54,5.95,45.45,31,36.42,45,36.13,,,https://www1.mbrace.or.jp/od2/B/202607/b260717.lzh,2026-10-03T18:27:22.584716+09:00
20260717,16,児島,11,20260717-16-11,4,5076,石原光,30,静岡,54.0,B1,5.15,34.29,2.54,7.69,66,34.94,61,32.68,,5,https://www1.mbrace.or.jp/od2/B/202607/b260717.lzh,2026-10-03T18:27:22.584716+09:00
20260717,16,児島,11,20260717-16-11,5,4375,照屋厚仁,42,兵庫,52.0,A2,5.69,38.14,5.73,36.36,18,31.29,62,34.64,,6,https://www1.mbrace.or.jp/od2/B/202607/b260717.lzh,2026-10-03T18:27:22.584716+09:00
20260717,16,児島,11,20260717-16-11,6,4159,向後龍一,45,埼玉,51.0,A2,6.53,51.26,6.04,34.0,40,26.71,26,37.91,,7,https://www1.mbrace.or.jp/od2/B/202607/b260717.lzh,2026-10-03T18:27:22.584716+09:00
20260717,16,児島,12,20260717-16-12,1,4166,吉田拡郎,44,岡山,54.0,A1,7.45,55.93,7.46,64.34,49,35.33,54,36.36,,8,https://www1.mbrace.or.jp/od2/B/202607/b260717.lzh,2026-10-03T18:27:22.584716+09:00
20260717,16,児島,12,20260717-16-12,2,3557,太田和美,53,大阪,55.0,A1,6.51,48.28,8.05,80.0,64,30.3,64,36.42,,3,https://www1.mbrace.or.jp/od2/B/202607/b260717.lzh,2026-10-03T18:27:22.584716+09:00
20260717,16,児島,12,20260717-16-12,3,4418,茅原悠紀,39,岡山,54.0,A1,7.56,50.45,8.45,76.84,69,33.33,30,33.11,,7,https://www1.mbrace.or.jp/od2/B/202607/b260717.lzh,2026-10-03T18:27:22.584716+09:00
20260717,16,児島,12,20260717-16-12,4,4500,山田康二,38,佐賀,55.0,A1,7.68,50.45,7.54,58.0,26,34.57,31,36.36,,5,https://www1.mbrace.or.jp/od2/B/202607/b260717.lzh,2026-10-03T18:27:22.584716+09:00
20260717,16,児島,12,20260717-16-12,5,4931,木谷賢太,30,香川,54.0,A1,6.82,49.6,6.33,41.3,55,51.88,39,37.01,,6,https://www1.mbrace.or.jp/od2/B/202607/b260717.lzh,2026-10-03T18:27:22.584716+09:00
20260717,16,児島,12,20260717-16-12,6,4953,尾上雅也,31,埼玉,55.0,A1,6.64,52.89,6.32,52.63,65,34.76,33,38.96,,4,https://www1.mbrace.or.jp/od2/B/202607/b260717.lzh,2026-10-03T18:27:22.584716+09:00
20260717,13,尼崎,1,20260717-13-01,1,5200,筒井美琴,24,福岡,49.0,B2,2.12,0.0,2.0,0.0,31,36.92,42,40.35,6 666 64,,https://www1.mbrace.or.jp/od2/B/202607/b260717.lzh,2026-10-03T18:27:22.584716+09:00
20260717,13,尼崎,1,20260717-13-01,2,3778,安達美帆,50,埼玉,47.0,B1,2.75,11.32,3.83,20.69,11,33.33,16,22.41,4 454 54,,https://www1.mbrace.or.jp/od2/B/202607/b260717.lzh,2026-10-03T18:27:22.584716+09:00
20260717,13,尼崎,1,20260717-13-01,3,4965,福岡泉水,28,兵庫,52.0,B1,4.53,21.84,4.48,25.45,52,26.32,71,44.44,1 45545,,https://www1.mbrace.or.jp/od2/B/202607/b260717.lzh,2026-10-03T18:27:22.584716+09:00
20260717,13,尼崎,1,20260717-13-01,4,5340,樋江井舞,24,愛知,45.0,B1,4.04,19.35,1.89,0.0,28,21.88,48,45.61,244 3 56,,https://www1.mbrace.or.jp/od2/B/202607/b260717.lzh,2026-10-03T18:27:22.584716+09:00
20260717,13,尼崎,1,20260717-13-01,5,3509,池千夏,54,香川,50.0,B1,3.43,11.11,2.71,0.0,59,20.41,32,38.33,3 66553,,https://www1.mbrace.or.jp/od2/B/202607/b260717.lzh,2026-10-03T18:27:22.584716+09:00
20260717,13,尼崎,1,20260717-13-01,6,5440,薗頭心,20,兵庫,47.0,B2,1.78,5.45,1.09,0.0,14,35.59,70,32.76,626 6 56,,https://www1.mbrace.or.jp/od2/B/202607/b260717.lzh,2026-10-03T18:27:22.584716+09:00
20260717,13,尼崎,2,20260717-13-02,1,4243,西村歩,40,大阪,48.0,B1,5.54,38.54,5.04,32.08,45,37.88,57,46.03,511 523,10,https://www1.mbrace.or.jp/od2/B/202607/b260717.lzh,2026-10-03T18:27:22.584716+09:00
20260717,13,尼崎,2,20260717-13-02,2,4414,大澤真菜,39,東京,45.0,B1,4.21,29.58,3.11,0.0,63,43.28,38,47.62,3 654 23,9,https://www1.mbrace.or.jp/od2/B/202607/b260717.lzh,2026-10-03T18:27:22.584716+09:00
20260717,13,尼崎,2,20260717-13-02,3,3611,岩崎芳美,53,徳島,49.0,A2,6.12,40.86,5.76,33.33,15,35.09,21,42.37,1S242 63,8,https://www1.mbrace.or.jp/od2/B/202607/b260717.lzh,2026-10-03T18:27:22.584716+09:00
20260717,13,尼崎,2,20260717-13-02,4,4208,三浦永理,43,静岡,46.0,A1,7.09,56.0,0.0,0.0,20,22.58,15,34.48,153 4222,11,https://www1.mbrace.or.jp/od2/B/202607/b260717.lzh,2026-10-03T18:27:22.584716+09:00
20260717,13,尼崎,2,20260717-13-02,5,4071,古賀千晶,45,兵庫,46.0,B1,4.74,28.57,4.64,27.55,60,30.0,33,30.51,152 656,,https://www1.mbrace.or.jp/od2/B/202607/b260717.lzh,2026-10-03T18:27:22.584716+09:00
20260717,13,尼崎,2,20260717-13-02,6,4224,大橋栄里,44,福岡,48.0,B1,5.53,35.59,5.79,46.43,48,36.51,73,45.31,4 14344,7,https://www1.mbrace.or.jp/od2/B/202607/b260717.lzh,2026-10-03T18:27:22.584716+09:00
20260717,13,尼崎,3,20260717-13-03,1,5241,門田栞,26,香川,48.0,B1,5.16,30.21,4.06,18.75,34,34.38,75,40.68,4 13153,12,https://www1.mbrace.or.jp/od2/B/202607/b260717.lzh,2026-10-03T18:27:22.584716+09:00
20260717,13,尼崎,3,20260717-13-03,2,5264,登みひ果,26,兵庫,43.0,B1,4.92,25.0,4.11,20.22,21,12.9,17,27.59,155 314,7,https://www1.mbrace.or.jp/od2/B/202607/b260717.lzh,2026-10-03T18:27:22.584716+09:00
20260717,13,尼崎,3,20260717-13-03,3,4804,高田ひか,31,三重,49.0,A1,6.5,46.67,0.0,0.0,35,40.68,65,35.09,66222 31,11,https://www1.mbrace.or.jp/od2/B/202607/b260717.lzh,2026-10-03T18:27:22.584716+09:00
20260717,13,尼崎,3,20260717-13-03,4,3604,武藤綾子,55,福岡,48.0,B1,4.17,14.81,4.28,17.24,39,43.28,63,25.0,3 56115,8,https://www1.mbrace.or.jp/od2/B/202607/b260717.lzh,2026-10-03T18:27:22.584716+09:00
20260717,13,尼崎,3,20260717-13-03,5,4546,浜田亜理,38,埼玉,46.0,B1,6.95,55.56,6.6,54.29,40,37.88,45,40.0,334 3111,10,https://www1.mbrace.or.jp/od2/B/202607/b260717.lzh,2026-10-03T18:27:22.584716+09:00
20260717,13,尼崎,3,20260717-13-03,6,4419,原加央理,38,埼玉,47.0,A2,5.83,38.27,5.27,33.33,1,39.34,52,29.31,26445 32,9,https://www1.mbrace.or.jp/od2/B/202607/b260717.lzh,2026-10-03T18:27:22.584716+09:00
20260717,13,尼崎,4,20260717-13-04,1,5078,山川波乙,28,三重,46.0,B1,4.72,28.74,3.5,0.0,44,36.07,13,38.33,1 32364,11,https://www1.mbrace.or.jp/od2/B/202607/b260717.lzh,2026-10-03T18:27:22.584716+09:00
20260717,13,尼崎,4,20260717-13-04,2,4990,田中博子,29,福岡,47.0,B2,3.32,12.9,1.5,0.0,6,23.64,50,22.03,5 23561,8,https://www1.mbrace.or.jp/od2/B/202607/b260717.lzh,2026-10-03T18:27:22.584716+09:00
20260717,13,尼崎,4,20260717-13-04,3,5148,松本怜,32,福岡,47.0,B1,5.57,33.73,4.38,0.0,42,18.46,53,32.2,341 245,9,https://www1.mbrace.or.jp/od2/B/202607/b260717.lzh,2026-10-03T18:27:22.584716+09:00
20260717,13,尼崎,4,20260717-13-04,4,4123,細川裕子,44,愛知,47.0,A1,6.64,48.48,7.02,56.1,9,45.16,54,35.09,241 2215,10,https://www1.mbrace.or.jp/od2/B/202607/b260717.lzh,2026-10-03T18:27:22.584716+09:00
20260717,13,尼崎,4,20260717-13-04,5,3845,中谷朋子,49,兵庫,46.0,A2,5.3,32.43,0.0,0.0,4,45.0,34,31.67,2 11124,12,https://www1.mbrace.or.jp/od2/B/202607/b260717.lzh,2026-10-03T18:27:22.584716+09:00
20260717,13,尼崎,4,20260717-13-04,6,4275,菅野はや,43,広島,52.0,B1,2.98,7.58,1.67,0.0,61,35.71,18,34.55,634 236,,https://www1.mbrace.or.jp/od2/B/202607/b260717.lzh,2026-10-03T18:27:22.584716+09:00
20260717,13,尼崎,5,20260717-13-05,1,4117,廣中智紗,45,東京,46.0,A2,5.96,46.15,6.95,56.82,19,18.6,40,19.05,52331 24,11,https://www1.mbrace.or.jp/od2/B/202607/b260717.lzh,2026-10-03T18:27:22.584716+09:00
20260717,13,尼崎,5,20260717-13-05,2,3932,池田浩美,50,静岡,51.0,B1,4.69,32.0,3.1,20.0,13,39.34,58,28.57,265 6 26,,https://www1.mbrace.or.jp/od2/B/202607/b260717.lzh,2026-10-03T18:27:22.584716+09:00
20260717,13,尼崎,5,20260717-13-05,3,4744,伊藤玲奈,33,福岡,46.0,B1,4.3,20.29,4.71,28.57,50,18.75,19,30.51,342 1 23,10,https://www1.mbrace.or.jp/od2/B/202607/b260717.lzh,2026-10-03T18:27:22.584716+09:00
20260717,13,尼崎,5,20260717-13-05,4,4590,渡邉優美,33,福岡,49.0,A1,6.5,40.94,4.17,0.0,49,34.48,30,33.33,231 2362,12,https://www1.mbrace.or.jp/od2/B/202607/b260717.lzh,2026-10-03T18:27:22.584716+09:00
20260717,13,尼崎,5,20260717-13-05,5,4733,赤井睦,37,徳島,47.0,B1,5.07,33.33,5.84,53.13,3,40.63,61,32.76,453 241,9,https://www1.mbrace.or.jp/od2/B/202607/b260717.lzh,2026-10-03T18:27:22.584716+09:00
20260717,13,尼崎,5,20260717-13-05,6,5437,中澤里桜,21,香川,51.0,B2,1.38,2.22,0.0,0.0,29,34.38,66,28.13,5 56463,,https://www1.mbrace.or.jp/od2/B/202607/b260717.lzh,2026-10-03T18:27:22.584716+09:00
20260717,13,尼崎,6,20260717-13-06,1,4642,松尾夏海,34,香川,48.0,A2,7.03,56.03,5.89,48.15,2,30.51,25,25.81,1 113632,10,https://www1.mbrace.or.jp/od2/B/202607/b260717.lzh,2026-10-03T18:27:22.584716+09:00
20260717,13,尼崎,6,20260717-13-06,2,4530,小野生奈,37,福岡,47.0,A1,7.27,57.14,6.14,37.14,38,23.64,24,31.75,32314 32,10,https://www1.mbrace.or.jp/od2/B/202607/b260717.lzh,2026-10-03T18:27:22.584716+09:00
20260717,13,尼崎,6,20260717-13-06,3,5250,嶋田有里,24,長崎,45.0,B1,4.68,21.88,2.29,0.0,46,24.59,68,12.77,122 434,12,https://www1.mbrace.or.jp/od2/B/202607/b260717.lzh,2026-10-03T18:27:22.584716+09:00
20260717,13,尼崎,6,20260717-13-06,4,5324,畑田希咲,23,兵庫,49.0,B1,2.37,1.96,1.76,4.08,27,29.82,23,30.65,5 555 46,,https://www1.mbrace.or.jp/od2/B/202607/b260717.lzh,2026-10-03T18:27:22.584716+09:00
20260717,13,尼崎,6,20260717-13-06,5,5326,三嶌さら,22,香川,47.0,B1,5.08,30.58,2.88,11.76,56,48.48,51,22.22,2 121 35,11,https://www1.mbrace.or.jp/od2/B/202607/b260717.lzh,2026-10-03T18:27:22.584716+09:00
20260717,13,尼崎,6,20260717-13-06,6,5442,池田美優,19,広島,47.0,B2,1.57,1.96,0.0,0.0,8,36.67,47,12.5,6 666 56,,https://www1.mbrace.or.jp/od2/B/202607/b260717.lzh,2026-10-03T18:27:22.584716+09:00
20260717,13,尼崎,7,20260717-13-07,1,4347,魚谷香織,41,福岡,46.0,A2,5.89,40.0,7.45,72.73,18,38.98,20,23.81,1 333151,12,https://www1.mbrace.or.jp/od2/B/202607/b260717.lzh,2026-10-03T18:27:22.584716+09:00
20260717,13,尼崎,7,20260717-13-07,2,4408,仁科さや,40,長崎,48.0,B1,3.32,17.57,0.0,0.0,24,36.36,35,34.43,6 261 46,,https://www1.mbrace.or.jp/od2/B/202607/b260717.lzh,2026-10-03T18:27:22.584716+09:00
20260717,13,尼崎,7,20260717-13-07,3,4224,大橋栄里,44,福岡,48.0,B1,5.53,35.59,5.79,46.43,48,36.51,73,45.31,4 14344,2,https://www1.mbrace.or.jp/od2/B/202607/b260717.lzh,2026-10-03T18:27:22.584716+09:00
20260717,13,尼崎,7,20260717-13-07,4,4456,鎌倉涼,37,大阪,45.0,A1,6.52,41.05,7.29,57.14,12,53.33,22,34.48,51234 11,11,https://www1.mbrace.or.jp/od2/B/202607/b260717.lzh,2026-10-03T18:27:22.584716+09:00
20260717,13,尼崎,7,20260717-13-07,5,5264,登みひ果,26,兵庫,43.0,B1,4.92,25.0,4.11,20.22,21,12.9,17,27.59,155 314,3,https://www1.mbrace.or.jp/od2/B/202607/b260717.lzh,2026-10-03T18:27:22.584716+09:00
20260717,13,尼崎,7,20260717-13-07,6,5320,岩崎麗子,24,群馬,49.0,B1,3.25,12.99,0.0,0.0,37,36.92,11,27.87,4 352 45,,https://www1.mbrace.or.jp/od2/B/202607/b260717.lzh,2026-10-03T18:27:22.584716+09:00
20260717,13,尼崎,8,20260717-13-08,1,3435,寺田千恵,57,岡山,45.0,A2,6.66,46.9,7.59,58.54,33,25.42,26,45.61,314 3325,12,https://www1.mbrace.or.jp/od2/B/202607/b260717.lzh,2026-10-03T18:27:22.584716+09:00
20260717,13,尼崎,8,20260717-13-08,2,3604,武藤綾子,55,福岡,48.0,B1,4.17,14.81,4.28,17.24,39,43.28,63,25.0,3 56115,3,https://www1.mbrace.or.jp/od2/B/202607/b260717.lzh,2026-10-03T18:27:22.584716+09:00
20260717,13,尼崎,8,20260717-13-08,3,4534,坂咲友理,36,大阪,45.0,B1,4.34,22.06,3.67,11.11,55,46.15,39,36.51,465 5 16,,https://www1.mbrace.or.jp/od2/B/202607/b260717.lzh,2026-10-03T18:27:22.584716+09:00
20260717,13,尼崎,8,20260717-13-08,4,3611,岩崎芳美,53,徳島,49.0,A2,6.12,40.86,5.76,33.33,15,35.09,21,42.37,1S242 63,2,https://www1.mbrace.or.jp/od2/B/202607/b260717.lzh,2026-10-03T18:27:22.584716+09:00
20260717,13,尼崎,8,20260717-13-08,5,4990,田中博子,29,福岡,47.0,B2,3.32,12.9,1.5,0.0,6,23.64,50,22.03,5 23561,4,https://www1.mbrace.or.jp/od2/B/202607/b260717.lzh,2026-10-03T18:27:22.584716+09:00
20260717,13,尼崎,8,20260717-13-08,6,5265,大廣咲季,26,香川,46.0,B1,3.71,13.95,4.7,40.0,51,19.67,62,31.67,4 5S5 24,,https://www1.mbrace.or.jp/od2/B/202607/b260717.lzh,2026-10-03T18:27:22.584716+09:00
20260717,13,尼崎,9,20260717-13-09,1,4419,原加央理,38,埼玉,47.0,A2,5.83,38.27,5.27,33.33,1,39.34,52,29.31,26445 32,3,https://www1.mbrace.or.jp/od2/B/202607/b260717.lzh,2026-10-03T18:27:22.584716+09:00
20260717,13,尼崎,9,20260717-13-09,2,5069,山崎小葉,25,群馬,44.0,B1,4.75,25.88,4.61,27.27,22,16.95,69,19.67,364 651,,https://www1.mbrace.or.jp/od2/B/202607/b260717.lzh,2026-10-03T18:27:22.584716+09:00
20260717,13,尼崎,9,20260717-13-09,3,4733,赤井睦,37,徳島,47.0,B1,5.07,33.33,5.84,53.13,3,40.63,61,32.76,453 241,5,https://www1.mbrace.or.jp/od2/B/202607/b260717.lzh,2026-10-03T18:27:22.584716+09:00
20260717,13,尼崎,9,20260717-13-09,4,5148,松本怜,32,福岡,47.0,B1,5.57,33.73,4.38,0.0,42,18.46,53,32.2,341 245,4,https://www1.mbrace.or.jp/od2/B/202607/b260717.lzh,2026-10-03T18:27:22.584716+09:00
20260717,13,尼崎,9,20260717-13-09,5,4414,大澤真菜,39,東京,45.0,B1,4.21,29.58,3.11,0.0,63,43.28,38,47.62,3 654 23,2,https://www1.mbrace.or.jp/od2/B/202607/b260717.lzh,2026-10-03T18:27:22.584716+09:00
20260717,13,尼崎,9,20260717-13-09,6,4450,平高奈菜,39,香川,47.0,A2,6.27,44.0,6.08,44.74,53,25.86,67,28.13,2S2 141,,https://www1.mbrace.or.jp/od2/B/202607/b260717.lzh,2026-10-03T18:27:22.584716+09:00
20260717,13,尼崎,10,20260717-13-10,1,4546,浜田亜理,38,埼玉,46.0,B1,6.95,55.56,6.6,54.29,40,37.88,45,40.0,334 3111,3,https://www1.mbrace.or.jp/od2/B/202607/b260717.lzh,2026-10-03T18:27:22.584716+09:00
20260717,13,尼崎,10,20260717-13-10,2,4123,細川裕子,44,愛知,47.0,A1,6.64,48.48,7.02,56.1,9,45.16,54,35.09,241 2215,4,https://www1.mbrace.or.jp/od2/B/202607/b260717.lzh,2026-10-03T18:27:22.584716+09:00
20260717,13,尼崎,10,20260717-13-10,3,4530,小野生奈,37,福岡,47.0,A1,7.27,57.14,6.14,37.14,38,23.64,24,31.75,32314 32,6,https://www1.mbrace.or.jp/od2/B/202607/b260717.lzh,2026-10-03T18:27:22.584716+09:00
20260717,13,尼崎,10,20260717-13-10,4,4744,伊藤玲奈,33,福岡,46.0,B1,4.3,20.29,4.71,28.57,50,18.75,19,30.51,342 1 23,5,https://www1.mbrace.or.jp/od2/B/202607/b260717.lzh,2026-10-03T18:27:22.584716+09:00
20260717,13,尼崎,10,20260717-13-10,5,4243,西村歩,40,大阪,48.0,B1,5.54,38.54,5.04,32.08,45,37.88,57,46.03,511 523,2,https://www1.mbrace.or.jp/od2/B/202607/b260717.lzh,2026-10-03T18:27:22.584716+09:00
20260717,13,尼崎,10,20260717-13-10,6,4642,松尾夏海,34,香川,48.0,A2,7.03,56.03,5.89,48.15,2,30.51,25,25.81,1 113632,6,https://www1.mbrace.or.jp/od2/B/202607/b260717.lzh,2026-10-03T18:27:22.584716+09:00
20260717,13,尼崎,11,20260717-13-11,1,5326,三嶌さら,22,香川,47.0,B1,5.08,30.58,2.88,11.76,56,48.48,51,22.22,2 121 35,6,https://www1.mbrace.or.jp/od2/B/202607/b260717.lzh,2026-10-03T18:27:22.584716+09:00
20260717,13,尼崎,11,20260717-13-11,2,4456,鎌倉涼,37,大阪,45.0,A1,6.52,41.05,7.29,57.14,12,53.33,22,34.48,51234 11,7,https://www1.mbrace.or.jp/od2/B/202607/b260717.lzh,2026-10-03T18:27:22.584716+09:00
20260717,13,尼崎,11,20260717-13-11,3,4208,三浦永理,43,静岡,46.0,A1,7.09,56.0,0.0,0.0,20,22.58,15,34.48,153 4222,2,https://www1.mbrace.or.jp/od2/B/202607/b260717.lzh,2026-10-03T18:27:22.584716+09:00
20260717,13,尼崎,11,20260717-13-11,4,4804,高田ひか,31,三重,49.0,A1,6.5,46.67,0.0,0.0,35,40.68,65,35.09,66222 31,3,https://www1.mbrace.or.jp/od2/B/202607/b260717.lzh,2026-10-03T18:27:22.584716+09:00
20260717,13,尼崎,11,20260717-13-11,5,4117,廣中智紗,45,東京,46.0,A2,5.96,46.15,6.95,56.82,19,18.6,40,19.05,52331 24,5,https://www1.mbrace.or.jp/od2/B/202607/b260717.lzh,2026-10-03T18:27:22.584716+09:00
20260717,13,尼崎,11,20260717-13-11,6,5078,山川波乙,28,三重,46.0,B1,4.72,28.74,3.5,0.0,44,36.07,13,38.33,1 32364,4,https://www1.mbrace.or.jp/od2/B/202607/b260717.lzh,2026-10-03T18:27:22.584716+09:00
20260717,13,尼崎,12,20260717-13-12,1,3845,中谷朋子,49,兵庫,46.0,A2,5.3,32.43,0.0,0.0,4,45.0,34,31.67,2 11124,4,https://www1.mbrace.or.jp/od2/B/202607/b260717.lzh,2026-10-03T18:27:22.584716+09:00
20260717,13,尼崎,12,20260717-13-12,2,4347,魚谷香織,41,福岡,46.0,A2,5.89,40.0,7.45,72.73,18,38.98,20,23.81,1 333151,7,https://www1.mbrace.or.jp/od2/B/202607/b260717.lzh,2026-10-03T18:27:22.584716+09:00
20260717,13,尼崎,12,20260717-13-12,3,4590,渡邉優美,33,福岡,49.0,A1,6.5,40.94,4.17,0.0,49,34.48,30,33.33,231 2362,5,https://www1.mbrace.or.jp/od2/B/202607/b260717.lzh,2026-10-03T18:27:22.584716+09:00
20260717,13,尼崎,12,20260717-13-12,4,5250,嶋田有里,24,長崎,45.0,B1,4.68,21.88,2.29,0.0,46,24.59,68,12.77,122 434,6,https://www1.mbrace.or.jp/od2/B/202607/b260717.lzh,2026-10-03T18:27:22.584716+09:00
20260717,13,尼崎,12,20260717-13-12,5,5241,門田栞,26,香川,48.0,B1,5.16,30.21,4.06,18.75,34,34.38,75,40.68,4 13153,3,https://www1.mbrace.or.jp/od2/B/202607/b260717.lzh,2026-10-03T18:27:22.584716+09:00
20260717,13,尼崎,12,20260717-13-12,6,3435,寺田千恵,57,岡山,45.0,A2,6.66,46.9,7.59,58.54,33,25.42,26,45.61,314 3325,8,https://www1.mbrace.or.jp/od2/B/202607/b260717.lzh,2026-10-03T18:27:22.584716+09:00
20260717,12,住之江,1,20260717-12-01,1,5105,富田恕生,27,福岡,52.0,B1,4.32,21.74,7.0,66.67,14,33.87,14,38.98,566,10,https://www1.mbrace.or.jp/od2/B/202607/b260717.lzh,2026-10-03T18:27:22.584716+09:00
20260717,12,住之江,1,20260717-12-01,2,4306,畔柳俊吾,42,愛知,52.0,B1,4.96,26.51,4.87,29.03,17,44.26,12,40.32,425,11,https://www1.mbrace.or.jp/od2/B/202607/b260717.lzh,2026-10-03T18:27:22.584716+09:00
20260717,12,住之江,1,20260717-12-01,3,3550,都築正治,55,愛知,53.0,B1,5.62,41.18,4.56,25.64,50,21.88,36,39.58,353,8,https://www1.mbrace.or.jp/od2/B/202607/b260717.lzh,2026-10-03T18:27:22.584716+09:00
20260717,12,住之江,1,20260717-12-01,4,3442,宮武英司,56,香川,55.0,B1,4.61,21.21,4.73,24.24,28,24.62,33,46.55,353,9,https://www1.mbrace.or.jp/od2/B/202607/b260717.lzh,2026-10-03T18:27:22.584716+09:00
20260717,12,住之江,1,20260717-12-01,5,5420,吉原快誓,20,長崎,52.0,B2,2.09,0.0,0.0,0.0,72,39.06,20,37.29,6 6,5,https://www1.mbrace.or.jp/od2/B/202607/b260717.lzh,2026-10-03T18:27:22.584716+09:00
20260717,12,住之江,1,20260717-12-01,6,5067,山田真聖,27,山口,58.0,B1,5.38,33.8,3.4,13.33,65,20.0,17,48.33,452,6,https://www1.mbrace.or.jp/od2/B/202607/b260717.lzh,2026-10-03T18:27:22.584716+09:00
20260717,12,住之江,2,20260717-12-02,1,3478,嶋田貴支,55,香川,52.0,B1,5.14,27.38,4.89,26.32,22,33.85,87,34.55,561,9,https://www1.mbrace.or.jp/od2/B/202607/b260717.lzh,2026-10-03T18:27:22.584716+09:00
20260717,12,住之江,2,20260717-12-02,2,3741,松尾基成,52,福岡,58.0,B1,3.74,17.07,3.94,22.58,81,23.33,62,30.91,6 66,,https://www1.mbrace.or.jp/od2/B/202607/b260717.lzh,2026-10-03T18:27:22.584716+09:00
20260717,12,住之江,2,20260717-12-02,3,4295,小坂尚哉,39,兵庫,54.0,A1,7.18,53.97,6.24,39.02,25,28.57,63,24.39,5 11,12,https://www1.mbrace.or.jp/od2/B/202607/b260717.lzh,2026-10-03T18:27:22.584716+09:00
20260717,12,住之江,2,20260717-12-02,4,4417,服部剛,39,静岡,52.0,B1,5.64,38.57,4.59,23.53,76,17.74,86,31.75,424,7,https://www1.mbrace.or.jp/od2/B/202607/b260717.lzh,2026-10-03T18:27:22.584716+09:00
20260717,12,住之江,2,20260717-12-02,5,4470,平田健之,39,三重,53.0,A2,6.44,45.98,5.5,42.31,57,44.44,32,27.12,231,11,https://www1.mbrace.or.jp/od2/B/202607/b260717.lzh,2026-10-03T18:27:22.584716+09:00
20260717,12,住之江,2,20260717-12-02,6,5470,坂口諒宗,17,兵庫,52.0,B2,1.27,0.0,0.0,0.0,53,41.27,54,32.81,6 6,6,https://www1.mbrace.or.jp/od2/B/202607/b260717.lzh,2026-10-03T18:27:22.584716+09:00
20260717,12,住之江,3,20260717-12-03,1,4896,花本剛,34,山口,59.0,B1,3.68,15.15,4.75,18.75,35,35.94,11,27.69,3 56,,https://www1.mbrace.or.jp/od2/B/202607/b260717.lzh,2026-10-03T18:27:22.584716+09:00
20260717,12,住之江,3,20260717-12-03,2,3826,村田修次,53,東京,52.0,A2,6.3,45.3,9.0,88.89,31,19.4,75,43.48,323,9,https://www1.mbrace.or.jp/od2/B/202607/b260717.lzh,2026-10-03T18:27:22.584716+09:00
20260717,12,住之江,3,20260717-12-03,3,4002,古結宏,48,兵庫,52.0,A1,6.69,48.31,6.73,51.11,37,32.26,18,32.14,166,10,https://www1.mbrace.or.jp/od2/B/202607/b260717.lzh,2026-10-03T18:27:22.584716+09:00
20260717,12,住之江,3,20260717-12-03,4,5262,鈴木章司,28,愛知,52.0,B1,4.34,20.55,4.22,11.11,54,46.97,66,32.2,S65,7,https://www1.mbrace.or.jp/od2/B/202607/b260717.lzh,2026-10-03T18:27:22.584716+09:00
20260717,12,住之江,3,20260717-12-03,5,5396,近藤来希,24,兵庫,50.0,B2,1.96,3.57,1.88,0.0,30,20.9,83,41.07,5 45,,https://www1.mbrace.or.jp/od2/B/202607/b260717.lzh,2026-10-03T18:27:22.584716+09:00
20260717,12,住之江,3,20260717-12-03,6,4173,岡谷健吾,43,広島,57.0,B1,5.16,33.7,4.9,30.0,52,35.48,89,25.93,141,12,https://www1.mbrace.or.jp/od2/B/202607/b260717.lzh,2026-10-03T18:27:22.584716+09:00
20260717,12,住之江,4,20260717-12-04,1,5379,廣部大明,22,滋賀,53.0,B1,3.33,7.25,1.14,0.0,36,13.24,23,34.62,6 14,,https://www1.mbrace.or.jp/od2/B/202607/b260717.lzh,2026-10-03T18:27:22.584716+09:00
20260717,12,住之江,4,20260717-12-04,2,3873,別府昌樹,50,広島,55.0,B1,4.22,17.65,5.89,46.43,51,42.19,60,26.23,3 25,,https://www1.mbrace.or.jp/od2/B/202607/b260717.lzh,2026-10-03T18:27:22.584716+09:00
20260717,12,住之江,4,20260717-12-04,3,4659,木下翔太,35,大阪,54.0,A1,7.28,48.72,6.47,43.17,55,36.51,59,36.07,221,11,https://www1.mbrace.or.jp/od2/B/202607/b260717.lzh,2026-10-03T18:27:22.584716+09:00
20260717,12,住之江,4,20260717-12-04,4,3680,森林太,53,長崎,55.0,B1,4.33,21.5,4.42,18.18,26,33.87,65,33.33,442,10,https://www1.mbrace.or.jp/od2/B/202607/b260717.lzh,2026-10-03T18:27:22.584716+09:00
20260717,12,住之江,4,20260717-12-04,5,4906,鈴木雅希,31,東京,54.0,A2,5.45,36.23,4.86,28.57,13,27.69,13,37.7,2 34,,https://www1.mbrace.or.jp/od2/B/202607/b260717.lzh,2026-10-03T18:27:22.584716+09:00
20260717,12,住之江,4,20260717-12-04,6,5383,中村楓,21,三重,53.0,B1,2.2,0.0,0.0,0.0,18,32.26,72,35.71,564,8,https://www1.mbrace.or.jp/od2/B/202607/b260717.lzh,2026-10-03T18:27:22.584716+09:00
20260717,12,住之江,5,20260717-12-05,1,4834,浜本裕己,38,大阪,51.0,A2,5.58,37.21,5.03,28.43,62,25.81,56,27.87,214,12,https://www1.mbrace.or.jp/od2/B/202607/b260717.lzh,2026-10-03T18:27:22.584716+09:00
20260717,12,住之江,5,20260717-12-05,2,2538,高橋二朗,77,東京,52.0,B1,3.31,5.49,3.71,14.29,32,37.88,69,45.28,1 33,,https://www1.mbrace.or.jp/od2/B/202607/b260717.lzh,2026-10-03T18:27:22.584716+09:00
20260717,12,住之江,5,20260717-12-05,3,5022,伊藤尚汰,31,福岡,49.0,B1,4.34,27.91,3.96,22.22,63,23.81,16,27.87,2 56,,https://www1.mbrace.or.jp/od2/B/202607/b260717.lzh,2026-10-03T18:27:22.584716+09:00
20260717,12,住之江,5,20260717-12-05,4,5420,吉原快誓,20,長崎,52.0,B2,2.09,0.0,0.0,0.0,72,39.06,20,37.29,6 6,1,https://www1.mbrace.or.jp/od2/B/202607/b260717.lzh,2026-10-03T18:27:22.584716+09:00
20260717,12,住之江,5,20260717-12-05,5,3340,池田雷太,61,東京,55.0,B1,4.34,23.66,4.48,15.15,29,47.76,53,37.29,4 35,,https://www1.mbrace.or.jp/od2/B/202607/b260717.lzh,2026-10-03T18:27:22.584716+09:00
20260717,12,住之江,5,20260717-12-05,6,4074,柳沢一,45,愛知,52.0,A1,6.51,49.59,6.5,50.0,20,49.21,30,33.93,111,9,https://www1.mbrace.or.jp/od2/B/202607/b260717.lzh,2026-10-03T18:27:22.584716+09:00
20260717,12,住之江,6,20260717-12-06,1,4669,井上茂,41,福岡,54.0,B1,4.78,25.56,3.29,14.29,21,20.29,77,37.5,343,12,https://www1.mbrace.or.jp/od2/B/202607/b260717.lzh,2026-10-03T18:27:22.584716+09:00
20260717,12,住之江,6,20260717-12-06,2,3997,北村征嗣,47,大阪,53.0,A1,6.22,41.54,6.18,45.38,78,8.77,26,39.66,4 43,,https://www1.mbrace.or.jp/od2/B/202607/b260717.lzh,2026-10-03T18:27:22.584716+09:00
20260717,12,住之江,6,20260717-12-06,3,4228,吉田慎二,43,愛知,58.0,A2,6.28,47.46,5.16,36.36,74,27.42,76,37.1,262,11,https://www1.mbrace.or.jp/od2/B/202607/b260717.lzh,2026-10-03T18:27:22.584716+09:00
20260717,12,住之江,6,20260717-12-06,4,5067,山田真聖,27,山口,58.0,B1,5.38,33.8,3.4,13.33,65,20.0,17,48.33,452,1,https://www1.mbrace.or.jp/od2/B/202607/b260717.lzh,2026-10-03T18:27:22.584716+09:00
20260717,12,住之江,6,20260717-12-06,5,3617,竹田広樹,53,佐賀,53.0,B1,3.96,20.9,3.27,20.0,12,26.56,68,32.14,3 46,,https://www1.mbrace.or.jp/od2/B/202607/b260717.lzh,2026-10-03T18:27:22.584716+09:00
20260717,12,住之江,6,20260717-12-06,6,5470,坂口諒宗,17,兵庫,52.0,B2,1.27,0.0,0.0,0.0,53,41.27,54,32.81,6 6,2,https://www1.mbrace.or.jp/od2/B/202607/b260717.lzh,2026-10-03T18:27:22.584716+09:00
20260717,12,住之江,7,20260717-12-07,1,4619,伏田裕隆,43,東京,52.0,B1,4.99,32.73,4.81,28.13,77,31.34,73,25.42,111,11,https://www1.mbrace.or.jp/od2/B/202607/b260717.lzh,2026-10-03T18:27:22.584716+09:00
20260717,12,住之江,7,20260717-12-07,2,4739,中村晃朋,34,香川,50.0,A1,6.51,52.04,7.12,58.82,60,37.88,24,32.76,1324,,https://www1.mbrace.or.jp/od2/B/202607/b260717.lzh,2026-10-03T18:27:22.584716+09:00
20260717,12,住之江,7,20260717-12-07,3,4718,北川太一,33,佐賀,52.0,A2,6.59,53.33,6.05,47.62,38,49.15,15,33.33,254,12,https://www1.mbrace.or.jp/od2/B/202607/b260717.lzh,2026-10-03T18:27:22.584716+09:00
20260717,12,住之江,7,20260717-12-07,4,5134,大原祥昌,26,広島,54.0,A2,5.7,44.32,6.13,37.5,79,38.81,31,42.86,S 63,,https://www1.mbrace.or.jp/od2/B/202607/b260717.lzh,2026-10-03T18:27:22.584716+09:00
20260717,12,住之江,7,20260717-12-07,5,5262,鈴木章司,28,愛知,52.0,B1,4.34,20.55,4.22,11.11,54,46.97,66,32.2,S65,3,https://www1.mbrace.or.jp/od2/B/202607/b260717.lzh,2026-10-03T18:27:22.584716+09:00
20260717,12,住之江,7,20260717-12-07,6,4417,服部剛,39,静岡,52.0,B1,5.64,38.57,4.59,23.53,76,17.74,86,31.75,424,2,https://www1.mbrace.or.jp/od2/B/202607/b260717.lzh,2026-10-03T18:27:22.584716+09:00
20260717,12,住之江,8,20260717-12-08,1,4057,松井賢治,47,兵庫,52.0,A2,5.91,45.16,6.1,50.0,27,45.0,74,20.9,3 53,,https://www1.mbrace.or.jp/od2/B/202607/b260717.lzh,2026-10-03T18:27:22.584716+09:00
20260717,12,住之江,8,20260717-12-08,2,3550,都築正治,55,愛知,53.0,B1,5.62,41.18,4.56,25.64,50,21.88,36,39.58,353,1,https://www1.mbrace.or.jp/od2/B/202607/b260717.lzh,2026-10-03T18:27:22.584716+09:00
20260717,12,住之江,8,20260717-12-08,3,4677,片橋幸貴,38,滋賀,54.0,A1,6.1,43.82,6.67,50.0,56,30.65,79,32.14,342,12,https://www1.mbrace.or.jp/od2/B/202607/b260717.lzh,2026-10-03T18:27:22.584716+09:00
20260717,12,住之江,8,20260717-12-08,4,4155,長野壮志,45,福岡,57.0,A2,6.15,46.02,6.78,61.11,33,31.34,28,32.79,3 12,,https://www1.mbrace.or.jp/od2/B/202607/b260717.lzh,2026-10-03T18:27:22.584716+09:00
20260717,12,住之江,8,20260717-12-08,5,5383,中村楓,21,三重,53.0,B1,2.2,0.0,0.0,0.0,18,32.26,72,35.71,564,4,https://www1.mbrace.or.jp/od2/B/202607/b260717.lzh,2026-10-03T18:27:22.584716+09:00
20260717,12,住之江,8,20260717-12-08,6,5338,香月大輝,25,福岡,52.0,B1,4.35,22.22,0.0,0.0,16,31.34,37,32.79,4 15,,https://www1.mbrace.or.jp/od2/B/202607/b260717.lzh,2026-10-03T18:27:22.584716+09:00
20260717,12,住之江,9,20260717-12-09,1,3885,久田武,52,愛知,53.0,A2,5.38,33.71,4.2,20.0,82,36.92,58,34.55,2 64,,https://www1.mbrace.or.jp/od2/B/202607/b260717.lzh,2026-10-03T18:27:22.584716+09:00
20260717,12,住之江,9,20260717-12-09,2,3297,藤丸光一,59,福岡,49.0,B1,4.37,17.24,4.2,30.0,70,43.08,38,25.81,1 56,,https://www1.mbrace.or.jp/od2/B/202607/b260717.lzh,2026-10-03T18:27:22.584716+09:00
20260717,12,住之江,9,20260717-12-09,3,3442,宮武英司,56,香川,55.0,B1,4.61,21.21,4.73,24.24,28,24.62,33,46.55,353,1,https://www1.mbrace.or.jp/od2/B/202607/b260717.lzh,2026-10-03T18:27:22.584716+09:00
20260717,12,住之江,9,20260717-12-09,4,4074,柳沢一,45,愛知,52.0,A1,6.51,49.59,6.5,50.0,20,49.21,30,33.93,111,5,https://www1.mbrace.or.jp/od2/B/202607/b260717.lzh,2026-10-03T18:27:22.584716+09:00
20260717,12,住之江,9,20260717-12-09,5,3478,嶋田貴支,55,香川,52.0,B1,5.14,27.38,4.89,26.32,22,33.85,87,34.55,561,2,https://www1.mbrace.or.jp/od2/B/202607/b260717.lzh,2026-10-03T18:27:22.584716+09:00
20260717,12,住之江,9,20260717-12-09,6,3826,村田修次,53,東京,52.0,A2,6.3,45.3,9.0,88.89,31,19.4,75,43.48,323,3,https://www1.mbrace.or.jp/od2/B/202607/b260717.lzh,2026-10-03T18:27:22.584716+09:00
20260717,12,住之江,10,20260717-12-10,1,4002,古結宏,48,兵庫,52.0,A1,6.69,48.31,6.73,51.11,37,32.26,18,32.14,166,3,https://www1.mbrace.or.jp/od2/B/202607/b260717.lzh,2026-10-03T18:27:22.584716+09:00
20260717,12,住之江,10,20260717-12-10,2,5105,富田恕生,27,福岡,52.0,B1,4.32,21.74,7.0,66.67,14,33.87,14,38.98,566,1,https://www1.mbrace.or.jp/od2/B/202607/b260717.lzh,2026-10-03T18:27:22.584716+09:00
20260717,12,住之江,10,20260717-12-10,3,4567,上村慎太,38,山口,50.0,B1,4.35,17.28,2.81,6.25,19,39.39,34,29.51,5 25,,https://www1.mbrace.or.jp/od2/B/202607/b260717.lzh,2026-10-03T18:27:22.584716+09:00
20260717,12,住之江,10,20260717-12-10,4,4960,黒野元基,30,愛知,52.0,A1,7.71,64.6,6.0,37.5,73,34.92,71,29.51,1521,,https://www1.mbrace.or.jp/od2/B/202607/b260717.lzh,2026-10-03T18:27:22.584716+09:00
20260717,12,住之江,10,20260717-12-10,5,3680,森林太,53,長崎,55.0,B1,4.33,21.5,4.42,18.18,26,33.87,65,33.33,442,4,https://www1.mbrace.or.jp/od2/B/202607/b260717.lzh,2026-10-03T18:27:22.584716+09:00
20260717,12,住之江,10,20260717-12-10,6,5269,山口晃朋,25,静岡,51.0,A2,5.73,39.24,4.06,22.22,80,45.31,82,45.45,1 22,,https://www1.mbrace.or.jp/od2/B/202607/b260717.lzh,2026-10-03T18:27:22.584716+09:00
20260717,12,住之江,11,20260717-12-11,1,4294,古賀繁輝,39,佐賀,58.0,A1,5.74,38.46,0.0,0.0,66,26.98,90,33.93,4 32,,https://www1.mbrace.or.jp/od2/B/202607/b260717.lzh,2026-10-03T18:27:22.584716+09:00
20260717,12,住之江,11,20260717-12-11,2,4470,平田健之,39,三重,53.0,A2,6.44,45.98,5.5,42.31,57,44.44,32,27.12,231,2,https://www1.mbrace.or.jp/od2/B/202607/b260717.lzh,2026-10-03T18:27:22.584716+09:00
20260717,12,住之江,11,20260717-12-11,3,4619,伏田裕隆,43,東京,52.0,B1,4.99,32.73,4.81,28.13,77,31.34,73,25.42,111,7,https://www1.mbrace.or.jp/od2/B/202607/b260717.lzh,2026-10-03T18:27:22.584716+09:00
20260717,12,住之江,11,20260717-12-11,4,4228,吉田慎二,43,愛知,58.0,A2,6.28,47.46,5.16,36.36,74,27.42,76,37.1,262,6,https://www1.mbrace.or.jp/od2/B/202607/b260717.lzh,2026-10-03T18:27:22.584716+09:00
20260717,12,住之江,11,20260717-12-11,5,4659,木下翔太,35,大阪,54.0,A1,7.28,48.72,6.47,43.17,55,36.51,59,36.07,221,4,https://www1.mbrace.or.jp/od2/B/202607/b260717.lzh,2026-10-03T18:27:22.584716+09:00
20260717,12,住之江,11,20260717-12-11,6,4306,畔柳俊吾,42,愛知,52.0,B1,4.96,26.51,4.87,29.03,17,44.26,12,40.32,425,1,https://www1.mbrace.or.jp/od2/B/202607/b260717.lzh,2026-10-03T18:27:22.584716+09:00
20260717,12,住之江,12,20260717-12-12,1,4677,片橋幸貴,38,滋賀,54.0,A1,6.1,43.82,6.67,50.0,56,30.65,79,32.14,342,8,https://www1.mbrace.or.jp/od2/B/202607/b260717.lzh,2026-10-03T18:27:22.584716+09:00
20260717,12,住之江,12,20260717-12-12,2,4295,小坂尚哉,39,兵庫,54.0,A1,7.18,53.97,6.24,39.02,25,28.57,63,24.39,5 11,2,https://www1.mbrace.or.jp/od2/B/202607/b260717.lzh,2026-10-03T18:27:22.584716+09:00
20260717,12,住之江,12,20260717-12-12,3,4834,浜本裕己,38,大阪,51.0,A2,5.58,37.21,5.03,28.43,62,25.81,56,27.87,214,5,https://www1.mbrace.or.jp/od2/B/202607/b260717.lzh,2026-10-03T18:27:22.584716+09:00
20260717,12,住之江,12,20260717-12-12,4,4173,岡谷健吾,43,広島,57.0,B1,5.16,33.7,4.9,30.0,52,35.48,89,25.93,141,3,https://www1.mbrace.or.jp/od2/B/202607/b260717.lzh,2026-10-03T18:27:22.584716+09:00
20260717,12,住之江,12,20260717-12-12,5,4669,井上茂,41,福岡,54.0,B1,4.78,25.56,3.29,14.29,21,20.29,77,37.5,343,6,https://www1.mbrace.or.jp/od2/B/202607/b260717.lzh,2026-10-03T18:27:22.584716+09:00
20260717,12,住之江,12,20260717-12-12,6,4718,北川太一,33,佐賀,52.0,A2,6.59,53.33,6.05,47.62,38,49.15,15,33.33,254,7,https://www1.mbrace.or.jp/od2/B/202607/b260717.lzh,2026-10-03T18:27:22.584716+09:00
20260717,11,びわこ,1,20260717-11-01,1,3761,山本光雄,54,滋賀,54.0,B1,5.24,32.95,5.02,28.26,26,38.96,25,40.0,3,7,https://www1.mbrace.or.jp/od2/B/202607/b260717.lzh,2026-10-03T18:27:22.584716+09:00
20260717,11,びわこ,1,20260717-11-01,2,3306,武田正紀,58,埼玉,55.0,B1,3.92,16.47,3.73,18.18,17,27.12,68,43.08,5,10,https://www1.mbrace.or.jp/od2/B/202607/b260717.lzh,2026-10-03T18:27:22.584716+09:00
20260717,11,びわこ,1,20260717-11-01,3,3831,安藤裕貴,52,愛知,53.0,B1,4.35,27.96,4.47,36.84,36,31.03,66,33.85,6,6,https://www1.mbrace.or.jp/od2/B/202607/b260717.lzh,2026-10-03T18:27:22.584716+09:00
20260717,11,びわこ,1,20260717-11-01,4,3105,内山文典,63,東京,55.0,B1,5.17,30.26,5.4,25.0,65,24.24,61,36.67,2,8,https://www1.mbrace.or.jp/od2/B/202607/b260717.lzh,2026-10-03T18:27:22.584716+09:00
20260717,11,びわこ,1,20260717-11-01,5,4213,重富伸也,42,長崎,54.0,B1,4.02,23.46,3.78,16.67,15,34.48,49,38.1,2,12,https://www1.mbrace.or.jp/od2/B/202607/b260717.lzh,2026-10-03T18:27:22.584716+09:00
20260717,11,びわこ,1,20260717-11-01,6,4892,柴田直哉,36,福岡,53.0,B1,5.18,33.73,4.58,26.32,53,27.4,16,26.23,66,,https://www1.mbrace.or.jp/od2/B/202607/b260717.lzh,2026-10-03T18:27:22.584716+09:00
20260717,11,びわこ,2,20260717-11-02,1,5282,中本大樹,23,福井,54.0,B1,5.51,36.19,1.67,0.0,11,45.71,53,38.33,3,9,https://www1.mbrace.or.jp/od2/B/202607/b260717.lzh,2026-10-03T18:27:22.584716+09:00
20260717,11,びわこ,2,20260717-11-02,2,4402,乙藤智史,41,福岡,54.0,A2,5.95,40.59,6.32,48.0,34,33.87,54,36.92,6,10,https://www1.mbrace.or.jp/od2/B/202607/b260717.lzh,2026-10-03T18:27:22.584716+09:00
20260717,11,びわこ,2,20260717-11-02,3,4100,松田隆司,47,福岡,55.0,B1,4.71,26.44,5.57,57.14,46,29.82,29,31.25,1,11,https://www1.mbrace.or.jp/od2/B/202607/b260717.lzh,2026-10-03T18:27:22.584716+09:00
20260717,11,びわこ,2,20260717-11-02,4,3612,馬袋義則,53,兵庫,52.0,A1,7.08,58.91,6.54,45.83,31,27.27,43,40.0,54,12,https://www1.mbrace.or.jp/od2/B/202607/b260717.lzh,2026-10-03T18:27:22.584716+09:00
20260717,11,びわこ,2,20260717-11-02,5,3837,秋山広一,51,香川,53.0,A2,6.53,46.08,6.75,50.0,52,30.91,72,25.42,2,7,https://www1.mbrace.or.jp/od2/B/202607/b260717.lzh,2026-10-03T18:27:22.584716+09:00
20260717,11,びわこ,2,20260717-11-02,6,3775,泉啓文,51,岡山,59.0,B1,3.7,18.18,4.5,33.33,56,30.43,59,33.33,45,,https://www1.mbrace.or.jp/od2/B/202607/b260717.lzh,2026-10-03T18:27:22.584716+09:00
20260717,11,びわこ,3,20260717-11-03,1,3286,坂東満,57,静岡,53.0,B2,4.02,22.58,2.78,13.04,23,36.36,28,11.32,6,9,https://www1.mbrace.or.jp/od2/B/202607/b260717.lzh,2026-10-03T18:27:22.584716+09:00
20260717,11,びわこ,3,20260717-11-03,2,3508,久富政弘,54,佐賀,56.0,A2,5.61,38.55,4.52,27.59,70,32.84,19,23.33,61,11,https://www1.mbrace.or.jp/od2/B/202607/b260717.lzh,2026-10-03T18:27:22.584716+09:00
20260717,11,びわこ,3,20260717-11-03,3,4292,麻生慎介,41,広島,53.0,A1,6.35,42.0,5.4,20.0,59,30.77,60,30.16,33,10,https://www1.mbrace.or.jp/od2/B/202607/b260717.lzh,2026-10-03T18:27:22.584716+09:00
20260717,11,びわこ,3,20260717-11-03,4,4382,高山智至,41,滋賀,54.0,B1,4.94,27.5,4.21,15.79,54,35.48,14,7.94,44,,https://www1.mbrace.or.jp/od2/B/202607/b260717.lzh,2026-10-03T18:27:22.584716+09:00
20260717,11,びわこ,3,20260717-11-03,5,5318,河内一馬,25,愛知,56.0,B1,3.71,16.67,2.14,0.0,38,33.93,34,43.28,56,,https://www1.mbrace.or.jp/od2/B/202607/b260717.lzh,2026-10-03T18:27:22.584716+09:00
20260717,11,びわこ,3,20260717-11-03,6,4207,松下一也,43,静岡,54.0,A1,6.14,50.53,4.8,30.0,30,29.03,36,30.77,12,8,https://www1.mbrace.or.jp/od2/B/202607/b260717.lzh,2026-10-03T18:27:22.584716+09:00
20260717,11,びわこ,4,20260717-11-04,1,4462,夏山亮平,40,大阪,56.0,B1,5.14,35.06,5.22,29.73,47,29.58,41,51.56,31,,https://www1.mbrace.or.jp/od2/B/202607/b260717.lzh,2026-10-03T18:27:22.584716+09:00
20260717,11,びわこ,4,20260717-11-04,2,5223,森清友翔,25,福岡,54.0,B1,5.04,28.18,3.22,11.11,68,35.94,40,27.42,3,8,https://www1.mbrace.or.jp/od2/B/202607/b260717.lzh,2026-10-03T18:27:22.584716+09:00
20260717,11,びわこ,4,20260717-11-04,3,3843,上之晃弘,50,長崎,54.0,B1,5.17,33.33,4.93,26.67,63,32.14,44,42.47,3,12,https://www1.mbrace.or.jp/od2/B/202607/b260717.lzh,2026-10-03T18:27:22.584716+09:00
20260717,11,びわこ,4,20260717-11-04,4,3251,平石和男,60,埼玉,50.0,A2,5.86,40.31,6.03,43.75,27,17.02,51,28.81,44,9,https://www1.mbrace.or.jp/od2/B/202607/b260717.lzh,2026-10-03T18:27:22.584716+09:00
20260717,11,びわこ,4,20260717-11-04,5,4552,杉山勝匡,37,佐賀,51.0,B1,4.61,28.17,5.71,42.86,25,25.71,13,24.59,6,10,https://www1.mbrace.or.jp/od2/B/202607/b260717.lzh,2026-10-03T18:27:22.584716+09:00
20260717,11,びわこ,4,20260717-11-04,6,4593,小坂宗司,45,大阪,52.0,A2,6.07,38.53,5.94,40.82,48,33.85,52,47.83,52,11,https://www1.mbrace.or.jp/od2/B/202607/b260717.lzh,2026-10-03T18:27:22.584716+09:00
20260717,11,びわこ,5,20260717-11-05,1,4118,宇佐見淳,45,愛知,53.0,A2,5.87,38.66,5.8,30.0,43,29.23,30,30.0,24,12,https://www1.mbrace.or.jp/od2/B/202607/b260717.lzh,2026-10-03T18:27:22.584716+09:00
20260717,11,びわこ,5,20260717-11-05,2,4202,浮田圭浩,43,岡山,55.0,B1,4.48,25.97,4.0,15.38,58,31.75,33,30.65,35,,https://www1.mbrace.or.jp/od2/B/202607/b260717.lzh,2026-10-03T18:27:22.584716+09:00
20260717,11,びわこ,5,20260717-11-05,3,4725,佐竹太一,39,兵庫,53.0,B1,5.01,27.27,4.35,24.32,22,30.0,62,36.07,1,11,https://www1.mbrace.or.jp/od2/B/202607/b260717.lzh,2026-10-03T18:27:22.584716+09:00
20260717,11,びわこ,5,20260717-11-05,4,3643,米田隆弘,54,岡山,54.0,B1,5.49,33.33,6.1,35.0,19,33.85,65,23.33,5,10,https://www1.mbrace.or.jp/od2/B/202607/b260717.lzh,2026-10-03T18:27:22.584716+09:00
20260717,11,びわこ,5,20260717-11-05,5,3940,飯山泰,48,東京,53.0,A1,6.4,48.03,6.09,43.75,16,36.36,17,47.54,42,9,https://www1.mbrace.or.jp/od2/B/202607/b260717.lzh,2026-10-03T18:27:22.584716+09:00
20260717,11,びわこ,5,20260717-11-05,6,5075,中島秀治,30,滋賀,53.0,A2,6.07,35.59,6.98,56.73,60,13.11,39,35.59,F5,,https://www1.mbrace.or.jp/od2/B/202607/b260717.lzh,2026-10-03T18:27:22.584716+09:00
20260717,11,びわこ,6,20260717-11-06,1,4200,早川尚人,43,大阪,54.0,B1,4.05,17.24,4.33,11.11,20,30.65,70,34.33,24,,https://www1.mbrace.or.jp/od2/B/202607/b260717.lzh,2026-10-03T18:27:22.584716+09:00
20260717,11,びわこ,6,20260717-11-06,2,4210,松村康太,43,福井,54.0,A2,5.49,28.57,5.58,16.67,32,30.0,15,41.27,15,10,https://www1.mbrace.or.jp/od2/B/202607/b260717.lzh,2026-10-03T18:27:22.584716+09:00
20260717,11,びわこ,6,20260717-11-06,3,4031,飯島誠,47,埼玉,52.0,B1,4.91,31.03,4.86,28.57,69,30.99,24,46.27,41,,https://www1.mbrace.or.jp/od2/B/202607/b260717.lzh,2026-10-03T18:27:22.584716+09:00
20260717,11,びわこ,6,20260717-11-06,4,4624,高田明,41,佐賀,51.0,A1,6.17,42.53,6.7,53.49,72,40.68,47,39.71,36,11,https://www1.mbrace.or.jp/od2/B/202607/b260717.lzh,2026-10-03T18:27:22.584716+09:00
20260717,11,びわこ,6,20260717-11-06,5,3831,安藤裕貴,52,愛知,53.0,B1,4.35,27.96,4.47,36.84,36,31.03,66,33.85,6,1,https://www1.mbrace.or.jp/od2/B/202607/b260717.lzh,2026-10-03T18:27:22.584716+09:00
20260717,11,びわこ,6,20260717-11-06,6,3327,野長瀬正,58,静岡,52.0,A2,6.06,42.99,6.09,49.06,28,30.51,67,24.59,53,12,https://www1.mbrace.or.jp/od2/B/202607/b260717.lzh,2026-10-03T18:27:22.584716+09:00
20260717,11,びわこ,7,20260717-11-07,1,4697,國弘翔平,39,福岡,49.0,B1,4.01,17.98,3.47,17.65,55,26.15,57,31.37,64,,https://www1.mbrace.or.jp/od2/B/202607/b260717.lzh,2026-10-03T18:27:22.584716+09:00
20260717,11,びわこ,7,20260717-11-07,2,3837,秋山広一,51,香川,53.0,A2,6.53,46.08,6.75,50.0,52,30.91,72,25.42,2,2,https://www1.mbrace.or.jp/od2/B/202607/b260717.lzh,2026-10-03T18:27:22.584716+09:00
20260717,11,びわこ,7,20260717-11-07,3,4467,渡邉俊介,39,愛知,52.0,A1,6.63,46.77,6.43,50.0,35,28.57,48,7.55,35,12,https://www1.mbrace.or.jp/od2/B/202607/b260717.lzh,2026-10-03T18:27:22.584716+09:00
20260717,11,びわこ,7,20260717-11-07,4,3761,山本光雄,54,滋賀,54.0,B1,5.24,32.95,5.02,28.26,26,38.96,25,40.0,3,1,https://www1.mbrace.or.jp/od2/B/202607/b260717.lzh,2026-10-03T18:27:22.584716+09:00
20260717,11,びわこ,7,20260717-11-07,5,4695,尾崎雄二,40,長崎,54.0,A2,5.59,42.22,4.35,23.08,64,31.25,63,27.54,51,11,https://www1.mbrace.or.jp/od2/B/202607/b260717.lzh,2026-10-03T18:27:22.584716+09:00
20260717,11,びわこ,7,20260717-11-07,6,3839,川合理司,50,静岡,64.0,B1,3.31,9.89,3.86,25.0,51,33.33,56,16.13,2,,https://www1.mbrace.or.jp/od2/B/202607/b260717.lzh,2026-10-03T18:27:22.584716+09:00
20260717,11,びわこ,8,20260717-11-08,1,3105,内山文典,63,東京,55.0,B1,5.17,30.26,5.4,25.0,65,24.24,61,36.67,2,1,https://www1.mbrace.or.jp/od2/B/202607/b260717.lzh,2026-10-03T18:27:22.584716+09:00
20260717,11,びわこ,8,20260717-11-08,2,4207,松下一也,43,静岡,54.0,A1,6.14,50.53,4.8,30.0,30,29.03,36,30.77,12,3,https://www1.mbrace.or.jp/od2/B/202607/b260717.lzh,2026-10-03T18:27:22.584716+09:00
20260717,11,びわこ,8,20260717-11-08,3,4272,大場広孝,44,福岡,58.0,B1,4.98,28.4,5.0,36.36,62,16.9,46,41.27,22,,https://www1.mbrace.or.jp/od2/B/202607/b260717.lzh,2026-10-03T18:27:22.584716+09:00
20260717,11,びわこ,8,20260717-11-08,4,3975,小野寺智,49,香川,52.0,A2,5.67,34.91,5.67,41.67,39,29.41,45,31.82,23,,https://www1.mbrace.or.jp/od2/B/202607/b260717.lzh,2026-10-03T18:27:22.584716+09:00
20260717,11,びわこ,8,20260717-11-08,5,5223,森清友翔,25,福岡,54.0,B1,5.04,28.18,3.22,11.11,68,35.94,40,27.42,3,4,https://www1.mbrace.or.jp/od2/B/202607/b260717.lzh,2026-10-03T18:27:22.584716+09:00
20260717,11,びわこ,8,20260717-11-08,6,5187,小坂風太,26,福井,57.0,B2,3.16,4.55,3.7,13.04,50,37.88,55,30.3,41,,https://www1.mbrace.or.jp/od2/B/202607/b260717.lzh,2026-10-03T18:27:22.584716+09:00
20260717,11,びわこ,9,20260717-11-09,1,3251,平石和男,60,埼玉,50.0,A2,5.86,40.31,6.03,43.75,27,17.02,51,28.81,44,4,https://www1.mbrace.or.jp/od2/B/202607/b260717.lzh,2026-10-03T18:27:22.584716+09:00
20260717,11,びわこ,9,20260717-11-09,2,3940,飯山泰,48,東京,53.0,A1,6.4,48.03,6.09,43.75,16,36.36,17,47.54,42,5,https://www1.mbrace.or.jp/od2/B/202607/b260717.lzh,2026-10-03T18:27:22.584716+09:00
20260717,11,びわこ,9,20260717-11-09,3,5282,中本大樹,23,福井,54.0,B1,5.51,36.19,1.67,0.0,11,45.71,53,38.33,3,2,https://www1.mbrace.or.jp/od2/B/202607/b260717.lzh,2026-10-03T18:27:22.584716+09:00
20260717,11,びわこ,9,20260717-11-09,4,3286,坂東満,57,静岡,53.0,B2,4.02,22.58,2.78,13.04,23,36.36,28,11.32,6,3,https://www1.mbrace.or.jp/od2/B/202607/b260717.lzh,2026-10-03T18:27:22.584716+09:00
20260717,11,びわこ,9,20260717-11-09,5,4271,川崎公靖,44,広島,52.0,B1,4.25,21.74,3.58,11.54,29,44.44,50,32.26,16,,https://www1.mbrace.or.jp/od2/B/202607/b260717.lzh,2026-10-03T18:27:22.584716+09:00
20260717,11,びわこ,9,20260717-11-09,6,4350,篠崎元志,40,福岡,54.0,A1,7.71,63.27,7.33,53.49,66,18.67,31,38.03,11,,https://www1.mbrace.or.jp/od2/B/202607/b260717.lzh,2026-10-03T18:27:22.584716+09:00
20260717,11,びわこ,10,20260717-11-10,1,4292,麻生慎介,41,広島,53.0,A1,6.35,42.0,5.4,20.0,59,30.77,60,30.16,33,3,https://www1.mbrace.or.jp/od2/B/202607/b260717.lzh,2026-10-03T18:27:22.584716+09:00
20260717,11,びわこ,10,20260717-11-10,2,3643,米田隆弘,54,岡山,54.0,B1,5.49,33.33,6.1,35.0,19,33.85,65,23.33,5,5,https://www1.mbrace.or.jp/od2/B/202607/b260717.lzh,2026-10-03T18:27:22.584716+09:00
20260717,11,びわこ,10,20260717-11-10,3,4552,杉山勝匡,37,佐賀,51.0,B1,4.61,28.17,5.71,42.86,25,25.71,13,24.59,6,4,https://www1.mbrace.or.jp/od2/B/202607/b260717.lzh,2026-10-03T18:27:22.584716+09:00
20260717,11,びわこ,10,20260717-11-10,4,4402,乙藤智史,41,福岡,54.0,A2,5.95,40.59,6.32,48.0,34,33.87,54,36.92,6,2,https://www1.mbrace.or.jp/od2/B/202607/b260717.lzh,2026-10-03T18:27:22.584716+09:00
20260717,11,びわこ,10,20260717-11-10,5,3306,武田正紀,58,埼玉,55.0,B1,3.92,16.47,3.73,18.18,17,27.12,68,43.08,5,1,https://www1.mbrace.or.jp/od2/B/202607/b260717.lzh,2026-10-03T18:27:22.584716+09:00
20260717,11,びわこ,10,20260717-11-10,6,4210,松村康太,43,福井,54.0,A2,5.49,28.57,5.58,16.67,32,30.0,15,41.27,15,6,https://www1.mbrace.or.jp/od2/B/202607/b260717.lzh,2026-10-03T18:27:22.584716+09:00
20260717,11,びわこ,11,20260717-11-11,1,4624,高田明,41,佐賀,51.0,A1,6.17,42.53,6.7,53.49,72,40.68,47,39.71,36,6,https://www1.mbrace.or.jp/od2/B/202607/b260717.lzh,2026-10-03T18:27:22.584716+09:00
20260717,11,びわこ,11,20260717-11-11,2,4593,小坂宗司,45,大阪,52.0,A2,6.07,38.53,5.94,40.82,48,33.85,52,47.83,52,4,https://www1.mbrace.or.jp/od2/B/202607/b260717.lzh,2026-10-03T18:27:22.584716+09:00
20260717,11,びわこ,11,20260717-11-11,3,4695,尾崎雄二,40,長崎,54.0,A2,5.59,42.22,4.35,23.08,64,31.25,63,27.54,51,7,https://www1.mbrace.or.jp/od2/B/202607/b260717.lzh,2026-10-03T18:27:22.584716+09:00
20260717,11,びわこ,11,20260717-11-11,4,4725,佐竹太一,39,兵庫,53.0,B1,5.01,27.27,4.35,24.32,22,30.0,62,36.07,1,5,https://www1.mbrace.or.jp/od2/B/202607/b260717.lzh,2026-10-03T18:27:22.584716+09:00
20260717,11,びわこ,11,20260717-11-11,5,4100,松田隆司,47,福岡,55.0,B1,4.71,26.44,5.57,57.14,46,29.82,29,31.25,1,2,https://www1.mbrace.or.jp/od2/B/202607/b260717.lzh,2026-10-03T18:27:22.584716+09:00
20260717,11,びわこ,11,20260717-11-11,6,3508,久富政弘,54,佐賀,56.0,A2,5.61,38.55,4.52,27.59,70,32.84,19,23.33,61,3,https://www1.mbrace.or.jp/od2/B/202607/b260717.lzh,2026-10-03T18:27:22.584716+09:00
20260717,11,びわこ,12,20260717-11-12,1,3612,馬袋義則,53,兵庫,52.0,A1,7.08,58.91,6.54,45.83,31,27.27,43,40.0,54,2,https://www1.mbrace.or.jp/od2/B/202607/b260717.lzh,2026-10-03T18:27:22.584716+09:00
20260717,11,びわこ,12,20260717-11-12,2,3327,野長瀬正,58,静岡,52.0,A2,6.06,42.99,6.09,49.06,28,30.51,67,24.59,53,6,https://www1.mbrace.or.jp/od2/B/202607/b260717.lzh,2026-10-03T18:27:22.584716+09:00
20260717,11,びわこ,12,20260717-11-12,3,4213,重富伸也,42,長崎,54.0,B1,4.02,23.46,3.78,16.67,15,34.48,49,38.1,2,1,https://www1.mbrace.or.jp/od2/B/202607/b260717.lzh,2026-10-03T18:27:22.584716+09:00
20260717,11,びわこ,12,20260717-11-12,4,4118,宇佐見淳,45,愛知,53.0,A2,5.87,38.66,5.8,30.0,43,29.23,30,30.0,24,5,https://www1.mbrace.or.jp/od2/B/202607/b260717.lzh,2026-10-03T18:27:22.584716+09:00
20260717,11,びわこ,12,20260717-11-12,5,3843,上之晃弘,50,長崎,54.0,B1,5.17,33.33,4.93,26.67,63,32.14,44,42.47,3,4,https://www1.mbrace.or.jp/od2/B/202607/b260717.lzh,2026-10-03T18:27:22.584716+09:00
20260717,11,びわこ,12,20260717-11-12,6,4467,渡邉俊介,39,愛知,52.0,A1,6.63,46.77,6.43,50.0,35,28.57,48,7.55,35,7,https://www1.mbrace.or.jp/od2/B/202607/b260717.lzh,2026-10-03T18:27:22.584716+09:00
20260717,08,常滑,1,20260717-08-01,1,3769,佐竹恒彦,52,滋賀,52.0,A2,5.67,39.24,5.0,29.41,34,26.25,47,55.56,4 35,10,https://www1.mbrace.or.jp/od2/B/202607/b260717.lzh,2026-10-03T18:27:22.584716+09:00
20260717,08,常滑,1,20260717-08-01,2,4129,宇野博之,46,愛知,56.0,B1,3.92,16.67,6.06,31.25,28,27.32,25,20.0,255,8,https://www1.mbrace.or.jp/od2/B/202607/b260717.lzh,2026-10-03T18:27:22.584716+09:00
20260717,08,常滑,1,20260717-08-01,3,3731,高濱芳久,53,広島,53.0,B1,4.91,25.64,0.0,0.0,26,35.87,56,20.0,533,5,https://www1.mbrace.or.jp/od2/B/202607/b260717.lzh,2026-10-03T18:27:22.584716+09:00
20260717,08,常滑,1,20260717-08-01,4,3859,多羅尾達,53,東京,52.0,B1,4.14,23.26,3.33,4.76,1,34.46,67,18.18,621,9,https://www1.mbrace.or.jp/od2/B/202607/b260717.lzh,2026-10-03T18:27:22.584716+09:00
20260717,08,常滑,1,20260717-08-01,5,3752,宇土泰就,55,福岡,58.0,B1,4.31,18.89,4.38,23.08,12,44.44,54,20.0,654,7,https://www1.mbrace.or.jp/od2/B/202607/b260717.lzh,2026-10-03T18:27:22.584716+09:00
20260717,08,常滑,1,20260717-08-01,6,5245,倉富大誠,24,愛知,52.0,B1,5.23,32.1,3.08,12.0,60,32.62,53,40.0,3 12,6,https://www1.mbrace.or.jp/od2/B/202607/b260717.lzh,2026-10-03T18:27:22.584716+09:00
20260717,08,常滑,2,20260717-08-02,1,3911,鈴木猛,52,東京,53.0,B1,5.32,33.63,4.63,19.51,24,33.15,74,60.0,613,12,https://www1.mbrace.or.jp/od2/B/202607/b260717.lzh,2026-10-03T18:27:22.584716+09:00
20260717,08,常滑,2,20260717-08-02,2,3158,島川光男,61,広島,53.0,A2,6.14,42.39,5.28,31.25,59,38.67,55,30.0,241,8,https://www1.mbrace.or.jp/od2/B/202607/b260717.lzh,2026-10-03T18:27:22.584716+09:00
20260717,08,常滑,2,20260717-08-02,3,3896,上田洋平,49,滋賀,51.0,B1,5.09,28.21,5.28,30.23,35,47.62,70,11.11,3 33,10,https://www1.mbrace.or.jp/od2/B/202607/b260717.lzh,2026-10-03T18:27:22.584716+09:00
20260717,08,常滑,2,20260717-08-02,4,3743,林美憲,51,徳島,53.0,A1,5.13,37.25,6.42,47.37,37,33.15,66,41.67,6364,7,https://www1.mbrace.or.jp/od2/B/202607/b260717.lzh,2026-10-03T18:27:22.584716+09:00
20260717,08,常滑,2,20260717-08-02,5,4116,川田正人,45,徳島,51.0,B1,4.51,13.75,5.59,36.36,50,34.46,15,0.0,554,9,https://www1.mbrace.or.jp/od2/B/202607/b260717.lzh,2026-10-03T18:27:22.584716+09:00
20260717,08,常滑,2,20260717-08-02,6,3637,齋藤和政,55,愛知,55.0,B1,4.1,20.73,4.45,20.48,10,41.3,68,0.0,1 64,6,https://www1.mbrace.or.jp/od2/B/202607/b260717.lzh,2026-10-03T18:27:22.584716+09:00
20260717,08,常滑,3,20260717-08-03,1,4902,山川雄大,33,兵庫,51.0,B1,4.79,31.11,3.14,14.29,41,31.84,24,40.0,1 24,7,https://www1.mbrace.or.jp/od2/B/202607/b260717.lzh,2026-10-03T18:27:22.584716+09:00
20260717,08,常滑,3,20260717-08-03,2,4472,尾嶋一広,39,兵庫,56.0,A1,6.23,41.23,6.12,41.18,51,36.93,69,22.22,1453,11,https://www1.mbrace.or.jp/od2/B/202607/b260717.lzh,2026-10-03T18:27:22.584716+09:00
20260717,08,常滑,3,20260717-08-03,3,4094,中島真二,45,福岡,54.0,B1,4.99,34.15,4.0,12.5,45,30.48,44,80.0,3 36,9,https://www1.mbrace.or.jp/od2/B/202607/b260717.lzh,2026-10-03T18:27:22.584716+09:00
20260717,08,常滑,3,20260717-08-03,4,4298,宮下元胤,43,愛知,55.0,A2,6.07,42.74,6.04,45.61,38,29.35,17,18.18,333,10,https://www1.mbrace.or.jp/od2/B/202607/b260717.lzh,2026-10-03T18:27:22.584716+09:00
20260717,08,常滑,3,20260717-08-03,5,4181,花本夏樹,42,三重,54.0,B1,3.62,11.7,3.41,5.88,25,29.12,12,21.43,546,8,https://www1.mbrace.or.jp/od2/B/202607/b260717.lzh,2026-10-03T18:27:22.584716+09:00
20260717,08,常滑,3,20260717-08-03,6,4104,木下陽介,46,東京,59.0,B1,3.42,15.07,4.6,26.67,42,38.8,26,22.22,2 22,12,https://www1.mbrace.or.jp/od2/B/202607/b260717.lzh,2026-10-03T18:27:22.584716+09:00
20260717,08,常滑,4,20260717-08-04,1,4665,加藤啓太,42,愛知,51.0,B1,4.07,16.28,4.57,23.81,7,34.29,58,53.85,3 63,9,https://www1.mbrace.or.jp/od2/B/202607/b260717.lzh,2026-10-03T18:27:22.584716+09:00
20260717,08,常滑,4,20260717-08-04,2,4943,八木治樹,35,愛知,54.0,B1,4.36,17.81,4.83,20.0,4,34.22,38,20.0,5 51,8,https://www1.mbrace.or.jp/od2/B/202607/b260717.lzh,2026-10-03T18:27:22.584716+09:00
20260717,08,常滑,4,20260717-08-04,3,3315,広瀬聖仁,60,愛知,53.0,B1,4.41,24.29,5.12,28.57,13,31.82,51,30.0,1466,,https://www1.mbrace.or.jp/od2/B/202607/b260717.lzh,2026-10-03T18:27:22.584716+09:00
20260717,08,常滑,4,20260717-08-04,4,4488,小山勉,40,埼玉,52.0,A1,6.9,54.78,5.89,42.86,29,35.56,52,0.0,6525,11,https://www1.mbrace.or.jp/od2/B/202607/b260717.lzh,2026-10-03T18:27:22.584716+09:00
20260717,08,常滑,4,20260717-08-04,5,4434,田中辰彦,40,広島,54.0,A2,6.16,46.94,6.28,44.44,22,30.99,30,54.55,144,12,https://www1.mbrace.or.jp/od2/B/202607/b260717.lzh,2026-10-03T18:27:22.584716+09:00
20260717,08,常滑,4,20260717-08-04,6,5456,今村天次,20,兵庫,51.0,B2,1.89,0.0,0.0,0.0,55,27.88,42,66.67,664,,https://www1.mbrace.or.jp/od2/B/202607/b260717.lzh,2026-10-03T18:27:22.584716+09:00
20260717,08,常滑,5,20260717-08-05,1,3731,高濱芳久,53,広島,53.0,B1,4.91,25.64,0.0,0.0,26,35.87,56,20.0,533,1,https://www1.mbrace.or.jp/od2/B/202607/b260717.lzh,2026-10-03T18:27:22.584716+09:00
20260717,08,常滑,5,20260717-08-05,2,5103,芝田京介,28,埼玉,55.0,B2,3.54,17.86,0.8,0.0,16,38.46,40,50.0,5 46,,https://www1.mbrace.or.jp/od2/B/202607/b260717.lzh,2026-10-03T18:27:22.584716+09:00
20260717,08,常滑,5,20260717-08-05,3,4910,中村泰平,30,愛知,52.0,A1,6.76,55.1,6.14,42.31,39,39.66,60,57.14,4121,9,https://www1.mbrace.or.jp/od2/B/202607/b260717.lzh,2026-10-03T18:27:22.584716+09:00
20260717,08,常滑,5,20260717-08-05,4,4022,待鳥雄紀,46,福岡,57.0,B1,4.41,21.95,5.62,40.54,17,30.23,73,54.55,5213,,https://www1.mbrace.or.jp/od2/B/202607/b260717.lzh,2026-10-03T18:27:22.584716+09:00
20260717,08,常滑,5,20260717-08-05,5,4318,桑原将光,41,東京,52.0,A2,5.23,26.67,5.31,25.0,54,29.14,75,36.36,4 44,11,https://www1.mbrace.or.jp/od2/B/202607/b260717.lzh,2026-10-03T18:27:22.584716+09:00
20260717,08,常滑,5,20260717-08-05,6,4463,三苫晃幸,40,福岡,55.0,A2,6.4,48.35,5.23,31.82,57,31.82,72,0.0,1 13,12,https://www1.mbrace.or.jp/od2/B/202607/b260717.lzh,2026-10-03T18:27:22.584716+09:00
20260717,08,常滑,6,20260717-08-06,1,3349,吉田一郎,58,長崎,52.0,A1,6.66,50.56,6.82,58.82,31,42.78,21,31.25,6 12,11,https://www1.mbrace.or.jp/od2/B/202607/b260717.lzh,2026-10-03T18:27:22.584716+09:00
20260717,08,常滑,6,20260717-08-06,2,3722,西村秀樹,56,福岡,53.0,B1,2.95,5.13,1.2,0.0,20,32.0,18,72.73,465,,https://www1.mbrace.or.jp/od2/B/202607/b260717.lzh,2026-10-03T18:27:22.584716+09:00
20260717,08,常滑,6,20260717-08-06,3,5245,倉富大誠,24,愛知,52.0,B1,5.23,32.1,3.08,12.0,60,32.62,53,40.0,3 12,1,https://www1.mbrace.or.jp/od2/B/202607/b260717.lzh,2026-10-03T18:27:22.584716+09:00
20260717,08,常滑,6,20260717-08-06,4,5309,森雄利,21,長崎,52.0,B1,3.38,15.38,0.0,0.0,52,34.1,46,50.0,266,,https://www1.mbrace.or.jp/od2/B/202607/b260717.lzh,2026-10-03T18:27:22.584716+09:00
20260717,08,常滑,6,20260717-08-06,5,3637,齋藤和政,55,愛知,55.0,B1,4.1,20.73,4.45,20.48,10,41.3,68,0.0,1 64,2,https://www1.mbrace.or.jp/od2/B/202607/b260717.lzh,2026-10-03T18:27:22.584716+09:00
20260717,08,常滑,6,20260717-08-06,6,3576,白水勝也,53,福岡,52.0,A1,6.62,47.57,6.06,37.5,58,31.49,22,45.45,1221,12,https://www1.mbrace.or.jp/od2/B/202607/b260717.lzh,2026-10-03T18:27:22.584716+09:00
20260717,08,常滑,7,20260717-08-07,1,3752,宇土泰就,55,福岡,58.0,B1,4.31,18.89,4.38,23.08,12,44.44,54,20.0,654,1,https://www1.mbrace.or.jp/od2/B/202607/b260717.lzh,2026-10-03T18:27:22.584716+09:00
20260717,08,常滑,7,20260717-08-07,2,5050,木下雄介,31,滋賀,52.0,A2,5.55,38.16,5.85,41.03,19,33.86,19,11.11,123,11,https://www1.mbrace.or.jp/od2/B/202607/b260717.lzh,2026-10-03T18:27:22.584716+09:00
20260717,08,常滑,7,20260717-08-07,3,4902,山川雄大,33,兵庫,51.0,B1,4.79,31.11,3.14,14.29,41,31.84,24,40.0,1 24,3,https://www1.mbrace.or.jp/od2/B/202607/b260717.lzh,2026-10-03T18:27:22.584716+09:00
20260717,08,常滑,7,20260717-08-07,4,3602,奥平拓也,56,東京,53.0,B1,4.16,16.47,5.19,29.03,15,29.89,36,0.0,4556,,https://www1.mbrace.or.jp/od2/B/202607/b260717.lzh,2026-10-03T18:27:22.584716+09:00
20260717,08,常滑,7,20260717-08-07,5,4273,佐藤旭,44,静岡,53.0,B1,4.98,30.0,4.78,32.43,3,45.99,23,27.27,3112,,https://www1.mbrace.or.jp/od2/B/202607/b260717.lzh,2026-10-03T18:27:22.584716+09:00
20260717,08,常滑,7,20260717-08-07,6,3743,林美憲,51,徳島,53.0,A1,5.13,37.25,6.42,47.37,37,33.15,66,41.67,6364,2,https://www1.mbrace.or.jp/od2/B/202607/b260717.lzh,2026-10-03T18:27:22.584716+09:00
20260717,08,常滑,8,20260717-08-08,1,4181,花本夏樹,42,三重,54.0,B1,3.62,11.7,3.41,5.88,25,29.12,12,21.43,546,3,https://www1.mbrace.or.jp/od2/B/202607/b260717.lzh,2026-10-03T18:27:22.584716+09:00
20260717,08,常滑,8,20260717-08-08,2,3630,黒田誠司,56,静岡,56.0,B1,3.97,17.74,3.78,17.39,47,33.7,76,0.0,5 51,,https://www1.mbrace.or.jp/od2/B/202607/b260717.lzh,2026-10-03T18:27:22.584716+09:00
20260717,08,常滑,8,20260717-08-08,3,4943,八木治樹,35,愛知,54.0,B1,4.36,17.81,4.83,20.0,4,34.22,38,20.0,5 51,4,https://www1.mbrace.or.jp/od2/B/202607/b260717.lzh,2026-10-03T18:27:22.584716+09:00
20260717,08,常滑,8,20260717-08-08,4,4877,鈴谷一平,31,兵庫,56.0,A1,6.02,43.56,6.17,50.0,53,39.31,78,72.73,1615,12,https://www1.mbrace.or.jp/od2/B/202607/b260717.lzh,2026-10-03T18:27:22.584716+09:00
20260717,08,常滑,8,20260717-08-08,5,3158,島川光男,61,広島,53.0,A2,6.14,42.39,5.28,31.25,59,38.67,55,30.0,241,2,https://www1.mbrace.or.jp/od2/B/202607/b260717.lzh,2026-10-03T18:27:22.584716+09:00
20260717,08,常滑,8,20260717-08-08,6,4129,宇野博之,46,愛知,56.0,B1,3.92,16.67,6.06,31.25,28,27.32,25,20.0,255,1,https://www1.mbrace.or.jp/od2/B/202607/b260717.lzh,2026-10-03T18:27:22.584716+09:00
20260717,08,常滑,9,20260717-08-09,1,4094,中島真二,45,福岡,54.0,B1,4.99,34.15,4.0,12.5,45,30.48,44,80.0,3 36,3,https://www1.mbrace.or.jp/od2/B/202607/b260717.lzh,2026-10-03T18:27:22.584716+09:00
20260717,08,常滑,9,20260717-08-09,2,4910,中村泰平,30,愛知,52.0,A1,6.76,55.1,6.14,42.31,39,39.66,60,57.14,4121,5,https://www1.mbrace.or.jp/od2/B/202607/b260717.lzh,2026-10-03T18:27:22.584716+09:00
20260717,08,常滑,9,20260717-08-09,3,3859,多羅尾達,53,東京,52.0,B1,4.14,23.26,3.33,4.76,1,34.46,67,18.18,621,1,https://www1.mbrace.or.jp/od2/B/202607/b260717.lzh,2026-10-03T18:27:22.584716+09:00
20260717,08,常滑,9,20260717-08-09,4,4824,松井洪弥,33,三重,52.0,A2,5.65,38.05,6.35,43.94,43,35.06,45,10.0,4355,,https://www1.mbrace.or.jp/od2/B/202607/b260717.lzh,2026-10-03T18:27:22.584716+09:00
20260717,08,常滑,9,20260717-08-09,5,4665,加藤啓太,42,愛知,51.0,B1,4.07,16.28,4.57,23.81,7,34.29,58,53.85,3 63,4,https://www1.mbrace.or.jp/od2/B/202607/b260717.lzh,2026-10-03T18:27:22.584716+09:00
20260717,08,常滑,9,20260717-08-09,6,4116,川田正人,45,徳島,51.0,B1,4.51,13.75,5.59,36.36,50,34.46,15,0.0,554,2,https://www1.mbrace.or.jp/od2/B/202607/b260717.lzh,2026-10-03T18:27:22.584716+09:00
20260717,08,常滑,10,20260717-08-10,1,4549,小林文彦,37,福岡,53.0,A2,6.37,43.82,5.35,26.92,5,34.41,50,40.0,2222,,https://www1.mbrace.or.jp/od2/B/202607/b260717.lzh,2026-10-03T18:27:22.584716+09:00
20260717,08,常滑,10,20260717-08-10,2,4340,土性雅也,41,三重,54.0,B2,3.94,25.0,3.78,14.81,32,31.55,77,20.0,4 45,,https://www1.mbrace.or.jp/od2/B/202607/b260717.lzh,2026-10-03T18:27:22.584716+09:00
20260717,08,常滑,10,20260717-08-10,3,4298,宮下元胤,43,愛知,55.0,A2,6.07,42.74,6.04,45.61,38,29.35,17,18.18,333,3,https://www1.mbrace.or.jp/od2/B/202607/b260717.lzh,2026-10-03T18:27:22.584716+09:00
20260717,08,常滑,10,20260717-08-10,4,3896,上田洋平,49,滋賀,51.0,B1,5.09,28.21,5.28,30.23,35,47.62,70,11.11,3 33,2,https://www1.mbrace.or.jp/od2/B/202607/b260717.lzh,2026-10-03T18:27:22.584716+09:00
20260717,08,常滑,10,20260717-08-10,5,3769,佐竹恒彦,52,滋賀,52.0,A2,5.67,39.24,5.0,29.41,34,26.25,47,55.56,4 35,1,https://www1.mbrace.or.jp/od2/B/202607/b260717.lzh,2026-10-03T18:27:22.584716+09:00
20260717,08,常滑,10,20260717-08-10,6,5292,佐藤右京,24,東京,56.0,B1,4.31,21.11,2.92,2.78,30,41.81,29,10.0,3226,,https://www1.mbrace.or.jp/od2/B/202607/b260717.lzh,2026-10-03T18:27:22.584716+09:00
20260717,08,常滑,11,20260717-08-11,1,4488,小山勉,40,埼玉,52.0,A1,6.9,54.78,5.89,42.86,29,35.56,52,0.0,6525,4,https://www1.mbrace.or.jp/od2/B/202607/b260717.lzh,2026-10-03T18:27:22.584716+09:00
20260717,08,常滑,11,20260717-08-11,2,4318,桑原将光,41,東京,52.0,A2,5.23,26.67,5.31,25.0,54,29.14,75,36.36,4 44,5,https://www1.mbrace.or.jp/od2/B/202607/b260717.lzh,2026-10-03T18:27:22.584716+09:00
20260717,08,常滑,11,20260717-08-11,3,4472,尾嶋一広,39,兵庫,56.0,A1,6.23,41.23,6.12,41.18,51,36.93,69,22.22,1453,3,https://www1.mbrace.or.jp/od2/B/202607/b260717.lzh,2026-10-03T18:27:22.584716+09:00
20260717,08,常滑,11,20260717-08-11,4,5386,米玉利大,20,兵庫,53.0,B1,3.11,10.13,1.38,0.0,40,34.48,71,30.0,3 46,,https://www1.mbrace.or.jp/od2/B/202607/b260717.lzh,2026-10-03T18:27:22.584716+09:00
20260717,08,常滑,11,20260717-08-11,5,3349,吉田一郎,58,長崎,52.0,A1,6.66,50.56,6.82,58.82,31,42.78,21,31.25,6 12,6,https://www1.mbrace.or.jp/od2/B/202607/b260717.lzh,2026-10-03T18:27:22.584716+09:00
20260717,08,常滑,11,20260717-08-11,6,5050,木下雄介,31,滋賀,52.0,A2,5.55,38.16,5.85,41.03,19,33.86,19,11.11,123,7,https://www1.mbrace.or.jp/od2/B/202607/b260717.lzh,2026-10-03T18:27:22.584716+09:00
20260717,08,常滑,12,20260717-08-12,1,4877,鈴谷一平,31,兵庫,56.0,A1,6.02,43.56,6.17,50.0,53,39.31,78,72.73,1615,8,https://www1.mbrace.or.jp/od2/B/202607/b260717.lzh,2026-10-03T18:27:22.584716+09:00
20260717,08,常滑,12,20260717-08-12,2,4463,三苫晃幸,40,福岡,55.0,A2,6.4,48.35,5.23,31.82,57,31.82,72,0.0,1 13,5,https://www1.mbrace.or.jp/od2/B/202607/b260717.lzh,2026-10-03T18:27:22.584716+09:00
20260717,08,常滑,12,20260717-08-12,3,4104,木下陽介,46,東京,59.0,B1,3.42,15.07,4.6,26.67,42,38.8,26,22.22,2 22,3,https://www1.mbrace.or.jp/od2/B/202607/b260717.lzh,2026-10-03T18:27:22.584716+09:00
20260717,08,常滑,12,20260717-08-12,4,3576,白水勝也,53,福岡,52.0,A1,6.62,47.57,6.06,37.5,58,31.49,22,45.45,1221,6,https://www1.mbrace.or.jp/od2/B/202607/b260717.lzh,2026-10-03T18:27:22.584716+09:00
20260717,08,常滑,12,20260717-08-12,5,3911,鈴木猛,52,東京,53.0,B1,5.32,33.63,4.63,19.51,24,33.15,74,60.0,613,2,https://www1.mbrace.or.jp/od2/B/202607/b260717.lzh,2026-10-03T18:27:22.584716+09:00
20260717,08,常滑,12,20260717-08-12,6,4434,田中辰彦,40,広島,54.0,A2,6.16,46.94,6.28,44.44,22,30.99,30,54.55,144,4,https://www1.mbrace.or.jp/od2/B/202607/b260717.lzh,2026-10-03T18:27:22.584716+09:00
20260717,07,蒲郡,1,20260717-07-01,1,3717,立間充宏,51,岡山,56.0,A2,5.43,30.12,0.0,0.0,16,34.38,15,37.56,4 5 464,6,https://www1.mbrace.or.jp/od2/B/202607/b260717.lzh,2026-10-03T18:27:22.584716+09:00
20260717,07,蒲郡,1,20260717-07-01,2,4430,永田秀二,40,東京,56.0,A2,5.93,37.72,6.28,47.5,57,31.62,39,34.22,6 3 346,7,https://www1.mbrace.or.jp/od2/B/202607/b260717.lzh,2026-10-03T18:27:22.584716+09:00
20260717,07,蒲郡,1,20260717-07-01,3,4505,島田賢人,38,埼玉,56.0,A1,6.48,46.75,6.74,59.26,20,34.15,31,43.48,133 2 66,8,https://www1.mbrace.or.jp/od2/B/202607/b260717.lzh,2026-10-03T18:27:22.584716+09:00
20260717,07,蒲郡,1,20260717-07-01,4,4055,吉田俊彦,48,兵庫,53.0,A2,6.76,51.85,7.33,51.85,49,33.46,13,33.91,3 265 4,5,https://www1.mbrace.or.jp/od2/B/202607/b260717.lzh,2026-10-03T18:27:22.584716+09:00
20260717,07,蒲郡,1,20260717-07-01,5,4296,岡崎恭裕,39,福岡,52.0,A2,6.81,53.13,7.64,58.33,56,34.34,55,29.03,1 653 5,6,https://www1.mbrace.or.jp/od2/B/202607/b260717.lzh,2026-10-03T18:27:22.584716+09:00
20260717,07,蒲郡,1,20260717-07-01,6,3685,荒井輝年,52,岡山,57.0,A2,5.92,43.88,5.48,38.71,61,34.52,54,31.17,6 4 653,5,https://www1.mbrace.or.jp/od2/B/202607/b260717.lzh,2026-10-03T18:27:22.584716+09:00
20260717,07,蒲郡,2,20260717-07-02,1,3422,服部幸男,55,静岡,55.0,A2,6.1,43.55,7.07,60.0,26,40.53,18,31.28,5 132 4,8,https://www1.mbrace.or.jp/od2/B/202607/b260717.lzh,2026-10-03T18:27:22.584716+09:00
20260717,07,蒲郡,2,20260717-07-02,2,4539,金子賢志,35,群馬,53.0,A1,6.65,48.67,6.94,50.0,24,28.24,37,39.59,463 3 15,7,https://www1.mbrace.or.jp/od2/B/202607/b260717.lzh,2026-10-03T18:27:22.584716+09:00
20260717,07,蒲郡,2,20260717-07-02,3,4040,廣瀬将亨,47,兵庫,56.0,A2,5.98,43.24,5.7,36.36,28,29.25,63,29.78,4 166 6,6,https://www1.mbrace.or.jp/od2/B/202607/b260717.lzh,2026-10-03T18:27:22.584716+09:00
20260717,07,蒲郡,2,20260717-07-02,4,4012,中村有裕,46,滋賀,58.0,A2,6.18,46.67,6.45,59.52,11,30.61,14,36.55,1 664 1,12,https://www1.mbrace.or.jp/od2/B/202607/b260717.lzh,2026-10-03T18:27:22.584716+09:00
20260717,07,蒲郡,2,20260717-07-02,5,3978,齊藤仁,49,東京,51.0,A2,5.89,33.91,7.28,56.0,58,35.83,35,40.08,6 3 135,6,https://www1.mbrace.or.jp/od2/B/202607/b260717.lzh,2026-10-03T18:27:22.584716+09:00
20260717,07,蒲郡,2,20260717-07-02,6,4027,松江秀徳,48,佐賀,56.0,A2,6.01,41.18,5.76,32.0,50,26.88,30,42.19,6 6 563,7,https://www1.mbrace.or.jp/od2/B/202607/b260717.lzh,2026-10-03T18:27:22.584716+09:00
20260717,07,蒲郡,3,20260717-07-03,1,3931,黒崎竜也,50,三重,52.0,A2,5.86,39.76,6.02,42.86,54,41.46,70,36.32,3 2 451,7,https://www1.mbrace.or.jp/od2/B/202607/b260717.lzh,2026-10-03T18:27:22.584716+09:00
20260717,07,蒲郡,3,20260717-07-03,2,4643,近江翔吾,33,香川,53.0,A2,7.01,56.32,5.75,37.5,37,23.31,33,35.53,1 455 3,12,https://www1.mbrace.or.jp/od2/B/202607/b260717.lzh,2026-10-03T18:27:22.584716+09:00
20260717,07,蒲郡,3,20260717-07-03,3,4227,安達裕樹,43,三重,52.0,A2,6.18,37.04,6.13,42.11,51,31.77,75,30.09,6 344 23,,https://www1.mbrace.or.jp/od2/B/202607/b260717.lzh,2026-10-03T18:27:22.584716+09:00
20260717,07,蒲郡,3,20260717-07-03,4,3711,江本真治,51,山口,54.0,A2,6.17,42.22,6.13,50.0,72,42.11,46,34.48,2 245 6,8,https://www1.mbrace.or.jp/od2/B/202607/b260717.lzh,2026-10-03T18:27:22.584716+09:00
20260717,07,蒲郡,3,20260717-07-03,5,3499,市川哲也,57,広島,51.0,A1,5.8,38.24,6.22,50.0,45,28.68,52,34.0,552 5 66,,https://www1.mbrace.or.jp/od2/B/202607/b260717.lzh,2026-10-03T18:27:22.584716+09:00
20260717,07,蒲郡,3,20260717-07-03,6,4437,中田元泰,40,香川,55.0,A2,6.04,47.62,0.0,0.0,52,31.75,67,29.94,5 6 3622,,https://www1.mbrace.or.jp/od2/B/202607/b260717.lzh,2026-10-03T18:27:22.584716+09:00
20260717,07,蒲郡,4,20260717-07-04,1,4276,鈴木勝博,43,愛知,53.0,A2,5.77,41.84,6.14,42.0,15,27.11,41,34.18,4 5 5645,,https://www1.mbrace.or.jp/od2/B/202607/b260717.lzh,2026-10-03T18:27:22.584716+09:00
20260717,07,蒲郡,4,20260717-07-04,2,4342,谷野錬志,41,静岡,54.0,A2,6.12,37.21,7.36,53.57,13,42.86,68,31.5,3 551 4,8,https://www1.mbrace.or.jp/od2/B/202607/b260717.lzh,2026-10-03T18:27:22.584716+09:00
20260717,07,蒲郡,4,20260717-07-04,3,4759,今泉友吾,36,東京,52.0,A1,7.09,47.52,5.74,18.52,76,39.29,11,29.59,416 6 43,8,https://www1.mbrace.or.jp/od2/B/202607/b260717.lzh,2026-10-03T18:27:22.584716+09:00
20260717,07,蒲郡,4,20260717-07-04,4,3719,辻栄蔵,51,広島,52.0,A1,6.98,47.9,8.63,81.48,60,44.86,77,30.88,453 414,12,https://www1.mbrace.or.jp/od2/B/202607/b260717.lzh,2026-10-03T18:27:22.584716+09:00
20260717,07,蒲郡,4,20260717-07-04,5,4148,枝尾賢,44,福岡,52.0,A2,6.05,41.07,5.52,32.0,19,34.71,40,35.12,6 244 64,,https://www1.mbrace.or.jp/od2/B/202607/b260717.lzh,2026-10-03T18:27:22.584716+09:00
20260717,07,蒲郡,4,20260717-07-04,6,4109,谷津幸宏,46,埼玉,54.0,A2,5.62,33.33,5.73,37.84,55,36.16,76,29.86,F 6 256,,https://www1.mbrace.or.jp/od2/B/202607/b260717.lzh,2026-10-03T18:27:22.584716+09:00
20260717,07,蒲郡,5,20260717-07-05,1,4645,上村純一,46,群馬,53.0,A1,6.4,44.35,7.17,65.52,65,35.89,19,30.28,231 6 25,,https://www1.mbrace.or.jp/od2/B/202607/b260717.lzh,2026-10-03T18:27:22.584716+09:00
20260717,07,蒲郡,5,20260717-07-05,2,3685,荒井輝年,52,岡山,57.0,A2,5.92,43.88,5.48,38.71,61,34.52,54,31.17,6 4 653,1,https://www1.mbrace.or.jp/od2/B/202607/b260717.lzh,2026-10-03T18:27:22.584716+09:00
20260717,07,蒲郡,5,20260717-07-05,3,4055,吉田俊彦,48,兵庫,53.0,A2,6.76,51.85,7.33,51.85,49,33.46,13,33.91,3 265 4,1,https://www1.mbrace.or.jp/od2/B/202607/b260717.lzh,2026-10-03T18:27:22.584716+09:00
20260717,07,蒲郡,5,20260717-07-05,4,4030,森高一真,48,香川,50.0,A1,6.97,40.0,7.22,50.0,40,40.09,25,33.74,314 1 54,12,https://www1.mbrace.or.jp/od2/B/202607/b260717.lzh,2026-10-03T18:27:22.584716+09:00
20260717,07,蒲郡,5,20260717-07-05,5,3995,重野哲之,47,静岡,55.0,A2,6.49,50.57,6.24,47.62,47,28.39,66,35.29,2 466 4F,,https://www1.mbrace.or.jp/od2/B/202607/b260717.lzh,2026-10-03T18:27:22.584716+09:00
20260717,07,蒲郡,5,20260717-07-05,6,4561,藤山翔大,35,大阪,52.0,A2,6.25,48.18,5.32,35.14,18,39.61,12,37.44,F 414 3,,https://www1.mbrace.or.jp/od2/B/202607/b260717.lzh,2026-10-03T18:27:22.584716+09:00
20260717,07,蒲郡,6,20260717-07-06,1,4604,岩瀬裕亮,38,愛知,52.0,A1,7.35,54.14,7.11,52.44,34,46.97,72,33.05,154 145,12,https://www1.mbrace.or.jp/od2/B/202607/b260717.lzh,2026-10-03T18:27:22.584716+09:00
20260717,07,蒲郡,6,20260717-07-06,2,4296,岡崎恭裕,39,福岡,52.0,A2,6.81,53.13,7.64,58.33,56,34.34,55,29.03,1 653 5,1,https://www1.mbrace.or.jp/od2/B/202607/b260717.lzh,2026-10-03T18:27:22.584716+09:00
20260717,07,蒲郡,6,20260717-07-06,3,3978,齊藤仁,49,東京,51.0,A2,5.89,33.91,7.28,56.0,58,35.83,35,40.08,6 3 135,2,https://www1.mbrace.or.jp/od2/B/202607/b260717.lzh,2026-10-03T18:27:22.584716+09:00
20260717,07,蒲郡,6,20260717-07-06,4,4040,廣瀬将亨,47,兵庫,56.0,A2,5.98,43.24,5.7,36.36,28,29.25,63,29.78,4 166 6,2,https://www1.mbrace.or.jp/od2/B/202607/b260717.lzh,2026-10-03T18:27:22.584716+09:00
20260717,07,蒲郡,6,20260717-07-06,5,3717,立間充宏,51,岡山,56.0,A2,5.43,30.12,0.0,0.0,16,34.38,15,37.56,4 5 464,1,https://www1.mbrace.or.jp/od2/B/202607/b260717.lzh,2026-10-03T18:27:22.584716+09:00
20260717,07,蒲郡,6,20260717-07-06,6,4757,山田祐也,37,徳島,54.0,A1,6.81,47.62,6.22,22.22,59,36.94,38,37.13,356 6111,,https://www1.mbrace.or.jp/od2/B/202607/b260717.lzh,2026-10-03T18:27:22.584716+09:00
20260717,07,蒲郡,7,20260717-07-07,1,3779,原田幸哉,50,長崎,53.0,A1,6.47,36.44,6.54,33.33,27,37.21,60,34.82,365 6 55,,https://www1.mbrace.or.jp/od2/B/202607/b260717.lzh,2026-10-03T18:27:22.584716+09:00
20260717,07,蒲郡,7,20260717-07-07,2,3931,黒崎竜也,50,三重,52.0,A2,5.86,39.76,6.02,42.86,54,41.46,70,36.32,3 2 451,3,https://www1.mbrace.or.jp/od2/B/202607/b260717.lzh,2026-10-03T18:27:22.584716+09:00
20260717,07,蒲郡,7,20260717-07-07,3,4027,松江秀徳,48,佐賀,56.0,A2,6.01,41.18,5.76,32.0,50,26.88,30,42.19,6 6 563,2,https://www1.mbrace.or.jp/od2/B/202607/b260717.lzh,2026-10-03T18:27:22.584716+09:00
20260717,07,蒲郡,7,20260717-07-07,4,4539,金子賢志,35,群馬,53.0,A1,6.65,48.67,6.94,50.0,24,28.24,37,39.59,463 3 15,2,https://www1.mbrace.or.jp/od2/B/202607/b260717.lzh,2026-10-03T18:27:22.584716+09:00
20260717,07,蒲郡,7,20260717-07-07,5,4715,村上遼,34,長崎,53.0,A1,6.29,39.68,6.84,52.0,75,24.34,50,31.47,543 5 46,,https://www1.mbrace.or.jp/od2/B/202607/b260717.lzh,2026-10-03T18:27:22.584716+09:00
20260717,07,蒲郡,7,20260717-07-07,6,4430,永田秀二,40,東京,56.0,A2,5.93,37.72,6.28,47.5,57,31.62,39,34.22,6 3 346,1,https://www1.mbrace.or.jp/od2/B/202607/b260717.lzh,2026-10-03T18:27:22.584716+09:00
20260717,07,蒲郡,8,20260717-07-08,1,4168,石野貴之,44,大阪,53.0,A1,7.0,47.47,7.34,55.17,33,30.45,36,34.98,421 6 36,12,https://www1.mbrace.or.jp/od2/B/202607/b260717.lzh,2026-10-03T18:27:22.584716+09:00
20260717,07,蒲郡,8,20260717-07-08,2,4505,島田賢人,38,埼玉,56.0,A1,6.48,46.75,6.74,59.26,20,34.15,31,43.48,133 2 66,1,https://www1.mbrace.or.jp/od2/B/202607/b260717.lzh,2026-10-03T18:27:22.584716+09:00
20260717,07,蒲郡,8,20260717-07-08,3,3711,江本真治,51,山口,54.0,A2,6.17,42.22,6.13,50.0,72,42.11,46,34.48,2 245 6,3,https://www1.mbrace.or.jp/od2/B/202607/b260717.lzh,2026-10-03T18:27:22.584716+09:00
20260717,07,蒲郡,8,20260717-07-08,4,3422,服部幸男,55,静岡,55.0,A2,6.1,43.55,7.07,60.0,26,40.53,18,31.28,5 132 4,2,https://www1.mbrace.or.jp/od2/B/202607/b260717.lzh,2026-10-03T18:27:22.584716+09:00
20260717,07,蒲郡,8,20260717-07-08,5,4759,今泉友吾,36,東京,52.0,A1,7.09,47.52,5.74,18.52,76,39.29,11,29.59,416 6 43,4,https://www1.mbrace.or.jp/od2/B/202607/b260717.lzh,2026-10-03T18:27:22.584716+09:00
20260717,07,蒲郡,8,20260717-07-08,6,4342,谷野錬志,41,静岡,54.0,A2,6.12,37.21,7.36,53.57,13,42.86,68,31.5,3 551 4,4,https://www1.mbrace.or.jp/od2/B/202607/b260717.lzh,2026-10-03T18:27:22.584716+09:00
20260717,07,蒲郡,9,20260717-07-09,1,4269,杉山裕也,40,愛知,53.0,A2,6.63,51.02,6.78,50.42,46,35.36,61,37.6,2 5 112,,https://www1.mbrace.or.jp/od2/B/202607/b260717.lzh,2026-10-03T18:27:22.584716+09:00
20260717,07,蒲郡,9,20260717-07-09,2,3946,赤岩善生,50,愛知,56.0,A1,7.02,49.02,7.36,58.65,38,39.91,29,31.53,221 225,,https://www1.mbrace.or.jp/od2/B/202607/b260717.lzh,2026-10-03T18:27:22.584716+09:00
20260717,07,蒲郡,9,20260717-07-09,3,4042,丸岡正典,46,大阪,52.0,A2,6.56,46.15,6.91,54.55,32,33.1,71,34.4,4 123 3,,https://www1.mbrace.or.jp/od2/B/202607/b260717.lzh,2026-10-03T18:27:22.584716+09:00
20260717,07,蒲郡,9,20260717-07-09,4,4831,羽野直也,31,福岡,56.0,A1,7.1,50.0,8.33,33.33,30,31.18,51,31.44,322 342,,https://www1.mbrace.or.jp/od2/B/202607/b260717.lzh,2026-10-03T18:27:22.584716+09:00
20260717,07,蒲郡,9,20260717-07-09,5,3983,須藤博倫,48,埼玉,52.0,A1,6.94,50.44,6.24,36.96,21,40.28,58,36.77,542 1 23,,https://www1.mbrace.or.jp/od2/B/202607/b260717.lzh,2026-10-03T18:27:22.584716+09:00
20260717,07,蒲郡,9,20260717-07-09,6,3941,池田浩二,48,愛知,54.0,A1,7.82,49.56,8.77,73.53,64,36.15,16,33.03,1 52532,,https://www1.mbrace.or.jp/od2/B/202607/b260717.lzh,2026-10-03T18:27:22.584716+09:00
20260717,07,蒲郡,10,20260717-07-10,1,3783,瓜生正義,50,福岡,54.0,A1,6.66,40.0,7.13,50.0,41,28.81,49,37.25,4 22132,,https://www1.mbrace.or.jp/od2/B/202607/b260717.lzh,2026-10-03T18:27:22.584716+09:00
20260717,07,蒲郡,10,20260717-07-10,2,4261,岡祐臣,42,三重,55.0,A2,6.36,47.01,6.77,45.71,35,36.73,32,34.48,5 131 2,,https://www1.mbrace.or.jp/od2/B/202607/b260717.lzh,2026-10-03T18:27:22.584716+09:00
20260717,07,蒲郡,10,20260717-07-10,3,3721,守田俊介,50,滋賀,53.0,A1,6.46,41.35,7.44,51.85,39,39.22,47,36.6,312 2 5,,https://www1.mbrace.or.jp/od2/B/202607/b260717.lzh,2026-10-03T18:27:22.584716+09:00
20260717,07,蒲郡,10,20260717-07-10,4,4290,稲田浩二,41,兵庫,52.0,A1,6.87,45.24,7.25,53.13,14,30.25,23,30.69,264 2 12,,https://www1.mbrace.or.jp/od2/B/202607/b260717.lzh,2026-10-03T18:27:22.584716+09:00
20260717,07,蒲郡,10,20260717-07-10,5,4856,豊田健士,30,三重,52.0,A1,6.94,49.18,6.88,50.0,17,34.59,65,41.53,134 3 15,,https://www1.mbrace.or.jp/od2/B/202607/b260717.lzh,2026-10-03T18:27:22.584716+09:00
20260717,07,蒲郡,10,20260717-07-10,6,4477,篠崎仁志,38,福岡,55.0,A1,7.26,47.62,6.5,45.0,77,45.54,17,36.44,5 333 41,,https://www1.mbrace.or.jp/od2/B/202607/b260717.lzh,2026-10-03T18:27:22.584716+09:00
20260717,07,蒲郡,11,20260717-07-11,1,4320,峰竜太,41,佐賀,51.0,A1,8.18,50.63,9.46,68.57,48,26.47,27,34.16,2 111 11,,https://www1.mbrace.or.jp/od2/B/202607/b260717.lzh,2026-10-03T18:27:22.584716+09:00
20260717,07,蒲郡,11,20260717-07-11,2,4903,吉田凌太,32,愛知,51.0,A1,6.17,45.1,7.1,57.69,70,36.92,74,33.62,124 251,,https://www1.mbrace.or.jp/od2/B/202607/b260717.lzh,2026-10-03T18:27:22.584716+09:00
20260717,07,蒲郡,11,20260717-07-11,3,4324,海野康志,38,山口,61.0,A1,7.3,56.82,8.78,77.78,29,37.8,69,31.82,125 223,,https://www1.mbrace.or.jp/od2/B/202607/b260717.lzh,2026-10-03T18:27:22.584716+09:00
20260717,07,蒲郡,11,20260717-07-11,4,3415,松井繁,56,大阪,51.0,A1,7.23,46.09,6.75,39.29,31,34.83,22,32.62,3 51432,,https://www1.mbrace.or.jp/od2/B/202607/b260717.lzh,2026-10-03T18:27:22.584716+09:00
20260717,07,蒲郡,11,20260717-07-11,5,3874,山本寛久,50,岡山,52.0,A2,6.65,48.44,6.25,45.0,63,41.46,64,32.11,4 1 243,,https://www1.mbrace.or.jp/od2/B/202607/b260717.lzh,2026-10-03T18:27:22.584716+09:00
20260717,07,蒲郡,11,20260717-07-11,6,4847,佐藤隆太,32,東京,53.0,A1,7.06,50.0,8.29,71.43,22,35.94,28,30.95,6 532 31,,https://www1.mbrace.or.jp/od2/B/202607/b260717.lzh,2026-10-03T18:27:22.584716+09:00
20260717,07,蒲郡,12,20260717-07-12,1,4030,森高一真,48,香川,50.0,A1,6.97,40.0,7.22,50.0,40,40.09,25,33.74,314 1 54,5,https://www1.mbrace.or.jp/od2/B/202607/b260717.lzh,2026-10-03T18:27:22.584716+09:00
20260717,07,蒲郡,12,20260717-07-12,2,4012,中村有裕,46,滋賀,58.0,A2,6.18,46.67,6.45,59.52,11,30.61,14,36.55,1 664 1,2,https://www1.mbrace.or.jp/od2/B/202607/b260717.lzh,2026-10-03T18:27:22.584716+09:00
20260717,07,蒲郡,12,20260717-07-12,3,4168,石野貴之,44,大阪,53.0,A1,7.0,47.47,7.34,55.17,33,30.45,36,34.98,421 6 36,8,https://www1.mbrace.or.jp/od2/B/202607/b260717.lzh,2026-10-03T18:27:22.584716+09:00
20260717,07,蒲郡,12,20260717-07-12,4,4604,岩瀬裕亮,38,愛知,52.0,A1,7.35,54.14,7.11,52.44,34,46.97,72,33.05,154 145,6,https://www1.mbrace.or.jp/od2/B/202607/b260717.lzh,2026-10-03T18:27:22.584716+09:00
20260717,07,蒲郡,12,20260717-07-12,5,3719,辻栄蔵,51,広島,52.0,A1,6.98,47.9,8.63,81.48,60,44.86,77,30.88,453 414,4,https://www1.mbrace.or.jp/od2/B/202607/b260717.lzh,2026-10-03T18:27:22.584716+09:00
20260717,07,蒲郡,12,20260717-07-12,6,4643,近江翔吾,33,香川,53.0,A2,7.01,56.32,5.75,37.5,37,23.31,33,35.53,1 455 3,3,https://www1.mbrace.or.jp/od2/B/202607/b260717.lzh,2026-10-03T18:27:22.584716+09:00
20260717,02,戸田,1,20260717-02-01,1,3583,齋藤智裕,53,埼玉,59.0,B1,3.59,12.0,4.06,17.74,49,38.73,16,37.44,,,https://www1.mbrace.or.jp/od2/B/202607/b260717.lzh,2026-10-03T18:27:22.584716+09:00
20260717,02,戸田,1,20260717-02-01,2,3718,伊達正利,51,静岡,57.0,B1,4.61,24.72,4.71,29.41,54,35.32,76,33.99,,10,https://www1.mbrace.or.jp/od2/B/202607/b260717.lzh,2026-10-03T18:27:22.584716+09:00
20260717,02,戸田,1,20260717-02-01,3,4229,市川美宏,43,静岡,53.0,B1,4.04,15.79,5.33,26.67,40,34.76,52,37.56,,,https://www1.mbrace.or.jp/od2/B/202607/b260717.lzh,2026-10-03T18:27:22.584716+09:00
20260717,02,戸田,1,20260717-02-01,4,4750,井上尚悟,39,大阪,52.0,B1,5.52,37.93,5.25,35.71,50,35.45,41,34.62,,8,https://www1.mbrace.or.jp/od2/B/202607/b260717.lzh,2026-10-03T18:27:22.584716+09:00
20260717,02,戸田,1,20260717-02-01,5,3850,小川知行,54,群馬,53.0,B1,4.38,25.0,4.67,33.33,61,39.35,63,34.85,,6,https://www1.mbrace.or.jp/od2/B/202607/b260717.lzh,2026-10-03T18:27:22.584716+09:00
20260717,02,戸田,1,20260717-02-01,6,3587,武田信一,53,徳島,62.0,B1,4.33,20.65,2.9,10.0,5,36.36,54,31.37,,9,https://www1.mbrace.or.jp/od2/B/202607/b260717.lzh,2026-10-03T18:27:22.584716+09:00
20260717,02,戸田,2,20260717-02-02,1,3475,橋本久和,56,群馬,54.0,B1,5.31,35.0,4.67,33.33,14,34.45,44,33.33,,10,https://www1.mbrace.or.jp/od2/B/202607/b260717.lzh,2026-10-03T18:27:22.584716+09:00
20260717,02,戸田,2,20260717-02-02,2,5005,石田貴洋,30,埼玉,52.0,A1,6.65,49.4,5.65,33.33,53,35.98,53,33.85,,11,https://www1.mbrace.or.jp/od2/B/202607/b260717.lzh,2026-10-03T18:27:22.584716+09:00
20260717,02,戸田,2,20260717-02-02,3,3690,河合三弘,55,愛知,53.0,B1,4.86,31.58,5.78,44.44,24,40.18,37,35.61,,9,https://www1.mbrace.or.jp/od2/B/202607/b260717.lzh,2026-10-03T18:27:22.584716+09:00
20260717,02,戸田,2,20260717-02-02,4,5359,佐藤世那,20,東京,55.0,B1,4.32,25.68,2.93,6.67,31,34.53,23,32.54,,7,https://www1.mbrace.or.jp/od2/B/202607/b260717.lzh,2026-10-03T18:27:22.584716+09:00
20260717,02,戸田,2,20260717-02-02,5,3661,柳瀬興志,56,山口,60.0,A2,4.98,29.47,5.6,35.0,41,33.51,19,35.0,,8,https://www1.mbrace.or.jp/od2/B/202607/b260717.lzh,2026-10-03T18:27:22.584716+09:00
20260717,02,戸田,2,20260717-02-02,6,3362,間嶋仁志,56,三重,55.0,B1,4.81,28.89,6.29,42.86,12,40.99,75,39.41,,6,https://www1.mbrace.or.jp/od2/B/202607/b260717.lzh,2026-10-03T18:27:22.584716+09:00
20260717,02,戸田,3,20260717-02-03,1,4723,寺島吉彦,40,東京,50.0,B1,4.6,30.88,5.79,39.53,60,28.0,29,40.49,,8,https://www1.mbrace.or.jp/od2/B/202607/b260717.lzh,2026-10-03T18:27:22.584716+09:00
20260717,02,戸田,3,20260717-02-03,2,4928,栗城匠,31,東京,52.0,A1,6.46,45.79,7.4,55.0,37,39.46,48,31.34,,12,https://www1.mbrace.or.jp/od2/B/202607/b260717.lzh,2026-10-03T18:27:22.584716+09:00
20260717,02,戸田,3,20260717-02-03,3,3827,今泉徹,53,群馬,52.0,B1,3.9,14.14,3.7,14.81,9,41.23,69,33.82,,,https://www1.mbrace.or.jp/od2/B/202607/b260717.lzh,2026-10-03T18:27:22.584716+09:00
20260717,02,戸田,3,20260717-02-03,4,3860,松本浩貴,53,埼玉,52.0,B1,3.95,18.99,4.27,16.07,43,35.11,77,32.35,,,https://www1.mbrace.or.jp/od2/B/202607/b260717.lzh,2026-10-03T18:27:22.584716+09:00
20260717,02,戸田,3,20260717-02-03,5,4930,佐藤悠,30,福井,54.0,A2,5.95,39.18,5.32,35.14,22,29.08,21,35.32,,10,https://www1.mbrace.or.jp/od2/B/202607/b260717.lzh,2026-10-03T18:27:22.584716+09:00
20260717,02,戸田,3,20260717-02-03,6,3870,寺嶋雄,50,福井,52.0,B1,4.49,22.34,4.24,20.69,25,34.21,57,34.47,,7,https://www1.mbrace.or.jp/od2/B/202607/b260717.lzh,2026-10-03T18:27:22.584716+09:00
20260717,02,戸田,4,20260717-02-04,1,4332,村上彰一,42,福岡,58.0,B1,4.48,25.27,3.28,13.79,4,47.64,56,43.88,,11,https://www1.mbrace.or.jp/od2/B/202607/b260717.lzh,2026-10-03T18:27:22.584716+09:00
20260717,02,戸田,4,20260717-02-04,2,4489,岩川仁士,39,大阪,55.0,B1,5.16,32.41,5.72,38.46,63,41.2,33,33.33,,8,https://www1.mbrace.or.jp/od2/B/202607/b260717.lzh,2026-10-03T18:27:22.584716+09:00
20260717,02,戸田,4,20260717-02-04,3,3905,天野友和,48,愛知,54.0,A2,6.21,47.01,5.79,26.47,17,31.07,46,31.53,,10,https://www1.mbrace.or.jp/od2/B/202607/b260717.lzh,2026-10-03T18:27:22.584716+09:00
20260717,02,戸田,4,20260717-02-04,4,5002,上田健太,30,愛知,51.0,A2,5.73,37.38,5.53,29.41,18,30.65,65,41.18,,9,https://www1.mbrace.or.jp/od2/B/202607/b260717.lzh,2026-10-03T18:27:22.584716+09:00
20260717,02,戸田,4,20260717-02-04,5,4926,吉川貴仁,33,三重,52.0,A1,7.28,57.3,7.03,52.78,21,33.5,34,34.83,,12,https://www1.mbrace.or.jp/od2/B/202607/b260717.lzh,2026-10-03T18:27:22.584716+09:00
20260717,02,戸田,4,20260717-02-04,6,5402,塚越陸斗,23,群馬,53.0,B2,1.62,2.0,1.33,0.0,64,35.75,62,32.81,,,https://www1.mbrace.or.jp/od2/B/202607/b260717.lzh,2026-10-03T18:27:22.584716+09:00
20260717,02,戸田,5,20260717-02-05,1,4680,後藤美翼,36,東京,45.0,A2,5.45,35.0,4.69,27.78,38,35.56,42,38.73,,11,https://www1.mbrace.or.jp/od2/B/202607/b260717.lzh,2026-10-03T18:27:22.584716+09:00
20260717,02,戸田,5,20260717-02-05,2,3528,笠野友紀,55,愛知,48.0,B1,3.65,8.75,5.37,29.63,10,35.05,71,33.51,,,https://www1.mbrace.or.jp/od2/B/202607/b260717.lzh,2026-10-03T18:27:22.584716+09:00
20260717,02,戸田,5,20260717-02-05,3,5346,中村紋夕,22,愛知,46.0,B1,2.67,1.52,1.75,0.0,42,32.44,36,35.78,,,https://www1.mbrace.or.jp/od2/B/202607/b260717.lzh,2026-10-03T18:27:22.584716+09:00
20260717,02,戸田,5,20260717-02-05,4,4845,前田紗希,33,埼玉,46.0,A1,7.5,64.86,6.44,51.76,29,37.79,73,31.75,,12,https://www1.mbrace.or.jp/od2/B/202607/b260717.lzh,2026-10-03T18:27:22.584716+09:00
20260717,02,戸田,5,20260717-02-05,5,4447,深川麻奈,39,福岡,47.0,B1,5.44,34.29,5.42,35.48,2,44.91,47,36.06,,9,https://www1.mbrace.or.jp/od2/B/202607/b260717.lzh,2026-10-03T18:27:22.584716+09:00
20260717,02,戸田,5,20260717-02-05,6,5399,長野未来,24,三重,43.0,B2,1.65,0.0,1.06,0.0,55,41.89,15,33.82,,,https://www1.mbrace.or.jp/od2/B/202607/b260717.lzh,2026-10-03T18:27:22.584716+09:00
20260717,02,戸田,6,20260717-02-06,1,3850,小川知行,54,群馬,53.0,B1,4.38,25.0,4.67,33.33,61,39.35,63,34.85,,1,https://www1.mbrace.or.jp/od2/B/202607/b260717.lzh,2026-10-03T18:27:22.584716+09:00
20260717,02,戸田,6,20260717-02-06,2,3684,清水攻二,52,山口,53.0,A2,5.51,37.5,5.74,37.04,16,38.12,30,34.78,,10,https://www1.mbrace.or.jp/od2/B/202607/b260717.lzh,2026-10-03T18:27:22.584716+09:00
20260717,02,戸田,6,20260717-02-06,3,3362,間嶋仁志,56,三重,55.0,B1,4.81,28.89,6.29,42.86,12,40.99,75,39.41,,2,https://www1.mbrace.or.jp/od2/B/202607/b260717.lzh,2026-10-03T18:27:22.584716+09:00
20260717,02,戸田,6,20260717-02-06,4,3412,鈴木博,56,埼玉,54.0,A1,6.78,52.85,6.79,50.34,23,31.58,58,33.16,,12,https://www1.mbrace.or.jp/od2/B/202607/b260717.lzh,2026-10-03T18:27:22.584716+09:00
20260717,02,戸田,6,20260717-02-06,5,4508,野間大樹,37,大阪,53.0,A2,5.04,28.99,6.04,46.15,46,31.05,12,32.0,,11,https://www1.mbrace.or.jp/od2/B/202607/b260717.lzh,2026-10-03T18:27:22.584716+09:00
20260717,02,戸田,6,20260717-02-06,6,5461,板頭里緒,19,三重,50.0,B2,1.08,0.0,0.0,0.0,6,36.11,32,32.2,,,https://www1.mbrace.or.jp/od2/B/202607/b260717.lzh,2026-10-03T18:27:22.584716+09:00
20260717,02,戸田,7,20260717-02-07,1,4028,田村隆信,48,徳島,59.0,A1,6.14,43.12,6.27,36.36,58,35.86,17,38.54,,12,https://www1.mbrace.or.jp/od2/B/202607/b260717.lzh,2026-10-03T18:27:22.584716+09:00
20260717,02,戸田,7,20260717-02-07,2,3411,池上隆行,56,広島,52.0,B1,3.66,10.98,4.09,13.64,27,30.43,70,38.61,,,https://www1.mbrace.or.jp/od2/B/202607/b260717.lzh,2026-10-03T18:27:22.584716+09:00
20260717,02,戸田,7,20260717-02-07,3,3869,井芹大志,50,福岡,55.0,B1,3.99,18.84,3.33,11.11,62,34.36,59,43.69,,,https://www1.mbrace.or.jp/od2/B/202607/b260717.lzh,2026-10-03T18:27:22.584716+09:00
20260717,02,戸田,7,20260717-02-07,4,3870,寺嶋雄,50,福井,52.0,B1,4.49,22.34,4.24,20.69,25,34.21,57,34.47,,3,https://www1.mbrace.or.jp/od2/B/202607/b260717.lzh,2026-10-03T18:27:22.584716+09:00
20260717,02,戸田,7,20260717-02-07,5,4899,占部一真,34,福岡,52.0,B1,4.52,27.71,3.77,18.18,13,33.63,49,42.44,,11,https://www1.mbrace.or.jp/od2/B/202607/b260717.lzh,2026-10-03T18:27:22.584716+09:00
20260717,02,戸田,7,20260717-02-07,6,5359,佐藤世那,20,東京,55.0,B1,4.32,25.68,2.93,6.67,31,34.53,23,32.54,,2,https://www1.mbrace.or.jp/od2/B/202607/b260717.lzh,2026-10-03T18:27:22.584716+09:00
20260717,02,戸田,8,20260717-02-08,1,4750,井上尚悟,39,大阪,52.0,B1,5.52,37.93,5.25,35.71,50,35.45,41,34.62,,1,https://www1.mbrace.or.jp/od2/B/202607/b260717.lzh,2026-10-03T18:27:22.584716+09:00
20260717,02,戸田,8,20260717-02-08,2,3661,柳瀬興志,56,山口,60.0,A2,4.98,29.47,5.6,35.0,41,33.51,19,35.0,,2,https://www1.mbrace.or.jp/od2/B/202607/b260717.lzh,2026-10-03T18:27:22.584716+09:00
20260717,02,戸田,8,20260717-02-08,3,4079,出畑孝典,47,福岡,53.0,A2,5.64,33.64,6.5,45.24,3,31.71,22,35.61,,,https://www1.mbrace.or.jp/od2/B/202607/b260717.lzh,2026-10-03T18:27:22.584716+09:00
20260717,02,戸田,8,20260717-02-08,4,3554,仲口博崇,53,愛知,53.0,A1,6.44,49.63,6.04,42.86,8,33.0,26,32.49,,12,https://www1.mbrace.or.jp/od2/B/202607/b260717.lzh,2026-10-03T18:27:22.584716+09:00
20260717,02,戸田,8,20260717-02-08,5,4723,寺島吉彦,40,東京,50.0,B1,4.6,30.88,5.79,39.53,60,28.0,29,40.49,,3,https://www1.mbrace.or.jp/od2/B/202607/b260717.lzh,2026-10-03T18:27:22.584716+09:00
20260717,02,戸田,8,20260717-02-08,6,4489,岩川仁士,39,大阪,55.0,B1,5.16,32.41,5.72,38.46,63,41.2,33,33.33,,4,https://www1.mbrace.or.jp/od2/B/202607/b260717.lzh,2026-10-03T18:27:22.584716+09:00
20260717,02,戸田,9,20260717-02-09,1,5002,上田健太,30,愛知,51.0,A2,5.73,37.38,5.53,29.41,18,30.65,65,41.18,,4,https://www1.mbrace.or.jp/od2/B/202607/b260717.lzh,2026-10-03T18:27:22.584716+09:00
20260717,02,戸田,9,20260717-02-09,2,4513,河野真也,37,福岡,53.0,A2,5.88,44.0,5.63,37.5,26,36.77,68,35.12,,,https://www1.mbrace.or.jp/od2/B/202607/b260717.lzh,2026-10-03T18:27:22.584716+09:00
20260717,02,戸田,9,20260717-02-09,3,3587,武田信一,53,徳島,62.0,B1,4.33,20.65,2.9,10.0,5,36.36,54,31.37,,1,https://www1.mbrace.or.jp/od2/B/202607/b260717.lzh,2026-10-03T18:27:22.584716+09:00
20260717,02,戸田,9,20260717-02-09,4,4447,深川麻奈,39,福岡,47.0,B1,5.44,34.29,5.42,35.48,2,44.91,47,36.06,,5,https://www1.mbrace.or.jp/od2/B/202607/b260717.lzh,2026-10-03T18:27:22.584716+09:00
20260717,02,戸田,9,20260717-02-09,5,3690,河合三弘,55,愛知,53.0,B1,4.86,31.58,5.78,44.44,24,40.18,37,35.61,,2,https://www1.mbrace.or.jp/od2/B/202607/b260717.lzh,2026-10-03T18:27:22.584716+09:00
20260717,02,戸田,9,20260717-02-09,6,4927,関野文,32,大阪,44.0,A2,5.93,40.18,0.0,0.0,7,30.99,27,39.41,,,https://www1.mbrace.or.jp/od2/B/202607/b260717.lzh,2026-10-03T18:27:22.584716+09:00
20260717,02,戸田,10,20260717-02-10,1,4930,佐藤悠,30,福井,54.0,A2,5.95,39.18,5.32,35.14,22,29.08,21,35.32,,3,https://www1.mbrace.or.jp/od2/B/202607/b260717.lzh,2026-10-03T18:27:22.584716+09:00
20260717,02,戸田,10,20260717-02-10,2,4177,萬正嗣,43,群馬,58.0,B1,4.59,30.23,4.48,20.69,11,41.31,14,35.15,,,https://www1.mbrace.or.jp/od2/B/202607/b260717.lzh,2026-10-03T18:27:22.584716+09:00
20260717,02,戸田,10,20260717-02-10,3,3684,清水攻二,52,山口,53.0,A2,5.51,37.5,5.74,37.04,16,38.12,30,34.78,,6,https://www1.mbrace.or.jp/od2/B/202607/b260717.lzh,2026-10-03T18:27:22.584716+09:00
20260717,02,戸田,10,20260717-02-10,4,3475,橋本久和,56,群馬,54.0,B1,5.31,35.0,4.67,33.33,14,34.45,44,33.33,,2,https://www1.mbrace.or.jp/od2/B/202607/b260717.lzh,2026-10-03T18:27:22.584716+09:00
20260717,02,戸田,10,20260717-02-10,5,3718,伊達正利,51,静岡,57.0,B1,4.61,24.72,4.71,29.41,54,35.32,76,33.99,,1,https://www1.mbrace.or.jp/od2/B/202607/b260717.lzh,2026-10-03T18:27:22.584716+09:00
20260717,02,戸田,10,20260717-02-10,6,3905,天野友和,48,愛知,54.0,A2,6.21,47.01,5.79,26.47,17,31.07,46,31.53,,4,https://www1.mbrace.or.jp/od2/B/202607/b260717.lzh,2026-10-03T18:27:22.584716+09:00
20260717,02,戸田,11,20260717-02-11,1,4508,野間大樹,37,大阪,53.0,A2,5.04,28.99,6.04,46.15,46,31.05,12,32.0,,6,https://www1.mbrace.or.jp/od2/B/202607/b260717.lzh,2026-10-03T18:27:22.584716+09:00
20260717,02,戸田,11,20260717-02-11,2,4899,占部一真,34,福岡,52.0,B1,4.52,27.71,3.77,18.18,13,33.63,49,42.44,,7,https://www1.mbrace.or.jp/od2/B/202607/b260717.lzh,2026-10-03T18:27:22.584716+09:00
20260717,02,戸田,11,20260717-02-11,3,5005,石田貴洋,30,埼玉,52.0,A1,6.65,49.4,5.65,33.33,53,35.98,53,33.85,,2,https://www1.mbrace.or.jp/od2/B/202607/b260717.lzh,2026-10-03T18:27:22.584716+09:00
20260717,02,戸田,11,20260717-02-11,4,4332,村上彰一,42,福岡,58.0,B1,4.48,25.27,3.28,13.79,4,47.64,56,43.88,,4,https://www1.mbrace.or.jp/od2/B/202607/b260717.lzh,2026-10-03T18:27:22.584716+09:00
20260717,02,戸田,11,20260717-02-11,5,4680,後藤美翼,36,東京,45.0,A2,5.45,35.0,4.69,27.78,38,35.56,42,38.73,,5,https://www1.mbrace.or.jp/od2/B/202607/b260717.lzh,2026-10-03T18:27:22.584716+09:00
20260717,02,戸田,11,20260717-02-11,6,3757,畑和宏,54,広島,53.0,A2,5.51,35.29,5.0,42.86,36,32.5,20,32.35,,,https://www1.mbrace.or.jp/od2/B/202607/b260717.lzh,2026-10-03T18:27:22.584716+09:00
20260717,02,戸田,12,20260717-02-12,1,4926,吉川貴仁,33,三重,52.0,A1,7.28,57.3,7.03,52.78,21,33.5,34,34.83,,4,https://www1.mbrace.or.jp/od2/B/202607/b260717.lzh,2026-10-03T18:27:22.584716+09:00
20260717,02,戸田,12,20260717-02-12,2,3554,仲口博崇,53,愛知,53.0,A1,6.44,49.63,6.04,42.86,8,33.0,26,32.49,,8,https://www1.mbrace.or.jp/od2/B/202607/b260717.lzh,2026-10-03T18:27:22.584716+09:00
20260717,02,戸田,12,20260717-02-12,3,3412,鈴木博,56,埼玉,54.0,A1,6.78,52.85,6.79,50.34,23,31.58,58,33.16,,6,https://www1.mbrace.or.jp/od2/B/202607/b260717.lzh,2026-10-03T18:27:22.584716+09:00
20260717,02,戸田,12,20260717-02-12,4,4028,田村隆信,48,徳島,59.0,A1,6.14,43.12,6.27,36.36,58,35.86,17,38.54,,7,https://www1.mbrace.or.jp/od2/B/202607/b260717.lzh,2026-10-03T18:27:22.584716+09:00
20260717,02,戸田,12,20260717-02-12,5,4845,前田紗希,33,埼玉,46.0,A1,7.5,64.86,6.44,51.76,29,37.79,73,31.75,,5,https://www1.mbrace.or.jp/od2/B/202607/b260717.lzh,2026-10-03T18:27:22.584716+09:00
20260717,02,戸田,12,20260717-02-12,6,4928,栗城匠,31,東京,52.0,A1,6.46,45.79,7.4,55.0,37,39.46,48,31.34,,3,https://www1.mbrace.or.jp/od2/B/202607/b260717.lzh,2026-10-03T18:27:22.584716+09:00
20260717,01,桐生,1,20260717-01-01,1,5308,藤森拓海,21,福岡,55.0,B1,4.48,22.73,0.0,0.0,32,43.69,69,33.1,5 512,6,https://www1.mbrace.or.jp/od2/B/202607/b260717.lzh,2026-10-03T18:27:22.584716+09:00
20260717,01,桐生,1,20260717-01-01,2,4846,佐藤駿介,32,山口,51.0,B1,4.48,25.0,4.31,18.75,15,42.16,71,33.33,13243,11,https://www1.mbrace.or.jp/od2/B/202607/b260717.lzh,2026-10-03T18:27:22.584716+09:00
20260717,01,桐生,1,20260717-01-01,3,3293,宮内由紀,60,東京,54.0,B1,3.33,9.21,4.21,10.53,69,39.1,11,29.58,5 256,7,https://www1.mbrace.or.jp/od2/B/202607/b260717.lzh,2026-10-03T18:27:22.584716+09:00
20260717,01,桐生,1,20260717-01-01,4,4393,田中孝明,40,福岡,59.0,B1,4.24,18.29,3.6,6.67,65,36.6,16,25.85,3 524,5,https://www1.mbrace.or.jp/od2/B/202607/b260717.lzh,2026-10-03T18:27:22.584716+09:00
20260717,01,桐生,1,20260717-01-01,5,4389,伊藤喜智,40,大阪,52.0,A2,5.72,32.56,5.23,25.71,45,39.37,75,29.79,3 225,8,https://www1.mbrace.or.jp/od2/B/202607/b260717.lzh,2026-10-03T18:27:22.584716+09:00
20260717,01,桐生,1,20260717-01-01,6,3505,山田竜一,55,東京,53.0,A2,5.45,34.48,5.93,50.0,70,36.81,48,39.04,2 555,9,https://www1.mbrace.or.jp/od2/B/202607/b260717.lzh,2026-10-03T18:27:22.584716+09:00
20260717,01,桐生,2,20260717-01-02,1,4487,三原司,40,福岡,53.0,B1,4.78,25.0,3.84,19.35,74,39.74,47,34.27,343 24,,https://www1.mbrace.or.jp/od2/B/202607/b260717.lzh,2026-10-03T18:27:22.584716+09:00
20260717,01,桐生,2,20260717-01-02,2,4225,土屋千明,44,群馬,45.0,A2,6.42,44.62,6.15,41.79,24,36.31,27,41.1,213 26,11,https://www1.mbrace.or.jp/od2/B/202607/b260717.lzh,2026-10-03T18:27:22.584716+09:00
20260717,01,桐生,2,20260717-01-02,3,4663,籾山佳岳,43,愛知,51.0,B2,5.43,32.76,4.84,28.95,46,37.75,32,25.37,1 442,10,https://www1.mbrace.or.jp/od2/B/202607/b260717.lzh,2026-10-03T18:27:22.584716+09:00
20260717,01,桐生,2,20260717-01-02,4,3963,原田秀弥,47,大阪,54.0,A2,5.77,36.54,5.38,27.59,38,41.18,18,28.97,166 33,,https://www1.mbrace.or.jp/od2/B/202607/b260717.lzh,2026-10-03T18:27:22.584716+09:00
20260717,01,桐生,2,20260717-01-02,5,4246,喜多那由,44,静岡,48.0,B1,4.52,24.72,6.2,30.0,53,35.56,12,29.86,6 665,6,https://www1.mbrace.or.jp/od2/B/202607/b260717.lzh,2026-10-03T18:27:22.584716+09:00
20260717,01,桐生,2,20260717-01-02,6,5347,井澤聖奈,22,愛知,45.0,B2,1.64,0.0,1.39,0.0,64,33.56,25,32.19,666 6,7,https://www1.mbrace.or.jp/od2/B/202607/b260717.lzh,2026-10-03T18:27:22.584716+09:00
20260717,01,桐生,3,20260717-01-03,1,4791,黒澤めぐ,36,東京,48.0,B1,5.41,30.91,5.3,43.33,40,33.12,72,30.37,222 45,11,https://www1.mbrace.or.jp/od2/B/202607/b260717.lzh,2026-10-03T18:27:22.584716+09:00
20260717,01,桐生,3,20260717-01-03,2,4778,堤啓輔,40,佐賀,52.0,B1,5.28,32.43,5.0,29.17,72,32.17,44,42.36,1 566,8,https://www1.mbrace.or.jp/od2/B/202607/b260717.lzh,2026-10-03T18:27:22.584716+09:00
20260717,01,桐生,3,20260717-01-03,3,4711,前出達吉,36,福井,52.0,A2,6.23,44.09,5.63,37.5,26,30.34,31,37.58,51332,12,https://www1.mbrace.or.jp/od2/B/202607/b260717.lzh,2026-10-03T18:27:22.584716+09:00
20260717,01,桐生,3,20260717-01-03,4,4345,西舘健,41,東京,56.0,A2,5.74,43.43,4.79,31.03,56,42.37,62,33.78,6 441,9,https://www1.mbrace.or.jp/od2/B/202607/b260717.lzh,2026-10-03T18:27:22.584716+09:00
20260717,01,桐生,3,20260717-01-03,5,4874,池田奈津,32,福岡,53.0,B1,5.25,30.68,4.22,22.22,12,43.2,49,27.54,3 463,7,https://www1.mbrace.or.jp/od2/B/202607/b260717.lzh,2026-10-03T18:27:22.584716+09:00
20260717,01,桐生,3,20260717-01-03,6,5432,安藤瑠希,21,静岡,52.0,B1,2.8,5.71,2.78,0.0,20,44.44,13,26.57,2 634,10,https://www1.mbrace.or.jp/od2/B/202607/b260717.lzh,2026-10-03T18:27:22.584716+09:00
20260717,01,桐生,4,20260717-01-04,1,5211,高井駿弥,27,愛知,49.0,B1,4.05,13.25,3.13,12.5,75,32.03,19,37.86,443 S4,,https://www1.mbrace.or.jp/od2/B/202607/b260717.lzh,2026-10-03T18:27:22.584716+09:00
20260717,01,桐生,4,20260717-01-04,2,4760,山崎郡,36,大阪,51.0,A1,7.28,47.76,7.33,54.35,11,27.66,45,40.56,21211,12,https://www1.mbrace.or.jp/od2/B/202607/b260717.lzh,2026-10-03T18:27:22.584716+09:00
20260717,01,桐生,4,20260717-01-04,3,3591,後藤孝義,57,静岡,52.0,B1,3.08,9.72,3.33,13.33,71,31.01,29,31.47,554 54,,https://www1.mbrace.or.jp/od2/B/202607/b260717.lzh,2026-10-03T18:27:22.584716+09:00
20260717,01,桐生,4,20260717-01-04,4,4424,松尾昂明,41,福岡,51.0,A2,5.7,38.66,6.65,52.94,63,20.39,22,30.41,25133,11,https://www1.mbrace.or.jp/od2/B/202607/b260717.lzh,2026-10-03T18:27:22.584716+09:00
20260717,01,桐生,4,20260717-01-04,5,5439,志賀美優,20,愛知,50.0,B2,1.49,1.49,0.0,0.0,42,27.78,65,23.4,6 366,8,https://www1.mbrace.or.jp/od2/B/202607/b260717.lzh,2026-10-03T18:27:22.584716+09:00
20260717,01,桐生,4,20260717-01-04,6,5285,若林麗,27,東京,52.0,B1,3.75,17.5,2.24,3.92,36,34.15,58,32.62,466 65,,https://www1.mbrace.or.jp/od2/B/202607/b260717.lzh,2026-10-03T18:27:22.584716+09:00
20260717,01,桐生,5,20260717-01-05,1,4393,田中孝明,40,福岡,59.0,B1,4.24,18.29,3.6,6.67,65,36.6,16,25.85,3 524,1,https://www1.mbrace.or.jp/od2/B/202607/b260717.lzh,2026-10-03T18:27:22.584716+09:00
20260717,01,桐生,5,20260717-01-05,2,4734,安河内将,36,佐賀,52.0,A1,6.71,52.54,0.0,0.0,60,43.94,36,32.87,43111,11,https://www1.mbrace.or.jp/od2/B/202607/b260717.lzh,2026-10-03T18:27:22.584716+09:00
20260717,01,桐生,5,20260717-01-05,3,4876,梅木敬太,31,福井,54.0,B1,4.63,27.08,0.0,0.0,59,43.75,33,32.88,4 414,9,https://www1.mbrace.or.jp/od2/B/202607/b260717.lzh,2026-10-03T18:27:22.584716+09:00
20260717,01,桐生,5,20260717-01-05,4,3303,渡辺豊,58,東京,55.0,B1,4.59,22.73,5.02,33.33,37,31.94,20,30.61,615 56,,https://www1.mbrace.or.jp/od2/B/202607/b260717.lzh,2026-10-03T18:27:22.584716+09:00
20260717,01,桐生,5,20260717-01-05,5,5156,坂野さく,29,福井,46.0,B1,4.65,23.17,5.25,37.5,33,38.57,63,20.77,444 64,,https://www1.mbrace.or.jp/od2/B/202607/b260717.lzh,2026-10-03T18:27:22.584716+09:00
20260717,01,桐生,5,20260717-01-05,6,4124,池田雄一,44,静岡,53.0,A2,6.1,39.78,5.97,42.11,28,38.41,61,40.41,352 12,12,https://www1.mbrace.or.jp/od2/B/202607/b260717.lzh,2026-10-03T18:27:22.584716+09:00
20260717,01,桐生,6,20260717-01-06,1,5150,坂本雄紀,31,群馬,53.0,A1,6.27,48.08,6.01,46.48,62,38.62,50,32.65,521 12,12,https://www1.mbrace.or.jp/od2/B/202607/b260717.lzh,2026-10-03T18:27:22.584716+09:00
20260717,01,桐生,6,20260717-01-06,2,4035,杉江浩明,47,愛知,52.0,B1,4.01,25.0,3.18,14.71,30,46.61,38,37.58,616 32,,https://www1.mbrace.or.jp/od2/B/202607/b260717.lzh,2026-10-03T18:27:22.584716+09:00
20260717,01,桐生,6,20260717-01-06,3,4246,喜多那由,44,静岡,48.0,B1,4.52,24.72,6.2,30.0,53,35.56,12,29.86,6 665,2,https://www1.mbrace.or.jp/od2/B/202607/b260717.lzh,2026-10-03T18:27:22.584716+09:00
20260717,01,桐生,6,20260717-01-06,4,4888,金児隆太,38,群馬,52.0,B1,4.96,31.58,5.51,33.11,48,31.17,43,26.39,4 2514,,https://www1.mbrace.or.jp/od2/B/202607/b260717.lzh,2026-10-03T18:27:22.584716+09:00
20260717,01,桐生,6,20260717-01-06,5,5308,藤森拓海,21,福岡,55.0,B1,4.48,22.73,0.0,0.0,32,43.69,69,33.1,5 512,1,https://www1.mbrace.or.jp/od2/B/202607/b260717.lzh,2026-10-03T18:27:22.584716+09:00
20260717,01,桐生,6,20260717-01-06,6,4023,柴田友和,48,福岡,53.0,B1,3.93,19.28,4.18,14.29,49,36.0,24,36.05,524 42,,https://www1.mbrace.or.jp/od2/B/202607/b260717.lzh,2026-10-03T18:27:22.584716+09:00
20260717,01,桐生,7,20260717-01-07,1,3813,佐藤大介,50,愛知,54.0,A1,6.87,51.89,7.14,57.14,34,39.52,60,40.69,153 35,11,https://www1.mbrace.or.jp/od2/B/202607/b260717.lzh,2026-10-03T18:27:22.584716+09:00
20260717,01,桐生,7,20260717-01-07,2,4874,池田奈津,32,福岡,53.0,B1,5.25,30.68,4.22,22.22,12,43.2,49,27.54,3 463,3,https://www1.mbrace.or.jp/od2/B/202607/b260717.lzh,2026-10-03T18:27:22.584716+09:00
20260717,01,桐生,7,20260717-01-07,3,3641,一瀬明,55,東京,52.0,A1,6.25,42.34,6.02,40.38,50,30.61,42,29.37,224 53,,https://www1.mbrace.or.jp/od2/B/202607/b260717.lzh,2026-10-03T18:27:22.584716+09:00
20260717,01,桐生,7,20260717-01-07,4,5377,鳥居塚嶺,22,群馬,49.0,B1,4.09,19.77,3.0,9.38,17,32.3,67,30.99,3 6124,12,https://www1.mbrace.or.jp/od2/B/202607/b260717.lzh,2026-10-03T18:27:22.584716+09:00
20260717,01,桐生,7,20260717-01-07,5,5347,井澤聖奈,22,愛知,45.0,B2,1.64,0.0,1.39,0.0,64,33.56,25,32.19,666 6,2,https://www1.mbrace.or.jp/od2/B/202607/b260717.lzh,2026-10-03T18:27:22.584716+09:00
20260717,01,桐生,7,20260717-01-07,6,3293,宮内由紀,60,東京,54.0,B1,3.33,9.21,4.21,10.53,69,39.1,11,29.58,5 256,1,https://www1.mbrace.or.jp/od2/B/202607/b260717.lzh,2026-10-03T18:27:22.584716+09:00
20260717,01,桐生,8,20260717-01-08,1,4389,伊藤喜智,40,大阪,52.0,A2,5.72,32.56,5.23,25.71,45,39.37,75,29.79,3 225,1,https://www1.mbrace.or.jp/od2/B/202607/b260717.lzh,2026-10-03T18:27:22.584716+09:00
20260717,01,桐生,8,20260717-01-08,2,3776,横井健太,51,愛知,57.0,B1,3.35,10.71,3.94,5.56,35,46.72,59,37.14,3 3236,12,https://www1.mbrace.or.jp/od2/B/202607/b260717.lzh,2026-10-03T18:27:22.584716+09:00
20260717,01,桐生,8,20260717-01-08,3,4778,堤啓輔,40,佐賀,52.0,B1,5.28,32.43,5.0,29.17,72,32.17,44,42.36,1 566,3,https://www1.mbrace.or.jp/od2/B/202607/b260717.lzh,2026-10-03T18:27:22.584716+09:00
20260717,01,桐生,8,20260717-01-08,4,5288,尾道佳諭,26,埼玉,53.0,B1,4.18,17.54,1.31,0.0,41,35.04,28,32.87,435 53,,https://www1.mbrace.or.jp/od2/B/202607/b260717.lzh,2026-10-03T18:27:22.584716+09:00
20260717,01,桐生,8,20260717-01-08,5,3502,渡邉英児,57,静岡,54.0,A2,6.01,42.05,3.75,25.0,21,32.26,74,33.57,3 1356,,https://www1.mbrace.or.jp/od2/B/202607/b260717.lzh,2026-10-03T18:27:22.584716+09:00
20260717,01,桐生,8,20260717-01-08,6,5439,志賀美優,20,愛知,50.0,B2,1.49,1.49,0.0,0.0,42,27.78,65,23.4,6 366,4,https://www1.mbrace.or.jp/od2/B/202607/b260717.lzh,2026-10-03T18:27:22.584716+09:00
20260717,01,桐生,9,20260717-01-09,1,4638,小林遼太,35,福岡,54.0,B1,5.32,34.04,3.92,23.08,14,45.69,30,30.07,361 34,,https://www1.mbrace.or.jp/od2/B/202607/b260717.lzh,2026-10-03T18:27:22.584716+09:00
20260717,01,桐生,9,20260717-01-09,2,4876,梅木敬太,31,福井,54.0,B1,4.63,27.08,0.0,0.0,59,43.75,33,32.88,4 414,5,https://www1.mbrace.or.jp/od2/B/202607/b260717.lzh,2026-10-03T18:27:22.584716+09:00
20260717,01,桐生,9,20260717-01-09,3,3811,石田章央,50,静岡,54.0,A1,6.44,50.81,6.73,50.0,57,33.09,39,32.64,4 4511,,https://www1.mbrace.or.jp/od2/B/202607/b260717.lzh,2026-10-03T18:27:22.584716+09:00
20260717,01,桐生,9,20260717-01-09,4,3505,山田竜一,55,東京,53.0,A2,5.45,34.48,5.93,50.0,70,36.81,48,39.04,2 555,1,https://www1.mbrace.or.jp/od2/B/202607/b260717.lzh,2026-10-03T18:27:22.584716+09:00
20260717,01,桐生,9,20260717-01-09,5,4345,西舘健,41,東京,56.0,A2,5.74,43.43,4.79,31.03,56,42.37,62,33.78,6 441,3,https://www1.mbrace.or.jp/od2/B/202607/b260717.lzh,2026-10-03T18:27:22.584716+09:00
20260717,01,桐生,9,20260717-01-09,6,5057,上田紗奈,30,大阪,46.0,B1,5.89,45.83,4.22,22.22,67,30.65,23,42.76,15363,,https://www1.mbrace.or.jp/od2/B/202607/b260717.lzh,2026-10-03T18:27:22.584716+09:00
20260717,01,桐生,10,20260717-01-10,1,4108,吉村正明,46,山口,51.0,A1,6.41,46.91,0.0,0.0,27,50.81,56,42.25,6 2515,,https://www1.mbrace.or.jp/od2/B/202607/b260717.lzh,2026-10-03T18:27:22.584716+09:00
20260717,01,桐生,10,20260717-01-10,2,4706,三浦洋次,37,愛知,49.0,A2,5.86,42.24,5.04,22.22,43,25.42,68,29.14,252 26,,https://www1.mbrace.or.jp/od2/B/202607/b260717.lzh,2026-10-03T18:27:22.584716+09:00
20260717,01,桐生,10,20260717-01-10,3,4230,濱崎直矢,43,埼玉,54.0,A2,6.95,55.7,6.03,41.38,73,47.37,53,26.57,S11 11,,https://www1.mbrace.or.jp/od2/B/202607/b260717.lzh,2026-10-03T18:27:22.584716+09:00
20260717,01,桐生,10,20260717-01-10,4,4614,石倉洋行,46,福岡,54.0,A1,6.9,52.48,4.27,18.18,31,37.76,57,39.04,4 1512,,https://www1.mbrace.or.jp/od2/B/202607/b260717.lzh,2026-10-03T18:27:22.584716+09:00
20260717,01,桐生,10,20260717-01-10,5,5432,安藤瑠希,21,静岡,52.0,B1,2.8,5.71,2.78,0.0,20,44.44,13,26.57,2 634,3,https://www1.mbrace.or.jp/od2/B/202607/b260717.lzh,2026-10-03T18:27:22.584716+09:00
20260717,01,桐生,10,20260717-01-10,6,4663,籾山佳岳,43,愛知,51.0,B2,5.43,32.76,4.84,28.95,46,37.75,32,25.37,1 442,2,https://www1.mbrace.or.jp/od2/B/202607/b260717.lzh,2026-10-03T18:27:22.584716+09:00
20260717,01,桐生,11,20260717-01-11,1,4734,安河内将,36,佐賀,52.0,A1,6.71,52.54,0.0,0.0,60,43.94,36,32.87,43111,5,https://www1.mbrace.or.jp/od2/B/202607/b260717.lzh,2026-10-03T18:27:22.584716+09:00
20260717,01,桐生,11,20260717-01-11,2,4424,松尾昂明,41,福岡,51.0,A2,5.7,38.66,6.65,52.94,63,20.39,22,30.41,25133,4,https://www1.mbrace.or.jp/od2/B/202607/b260717.lzh,2026-10-03T18:27:22.584716+09:00
20260717,01,桐生,11,20260717-01-11,3,4846,佐藤駿介,32,山口,51.0,B1,4.48,25.0,4.31,18.75,15,42.16,71,33.33,13243,1,https://www1.mbrace.or.jp/od2/B/202607/b260717.lzh,2026-10-03T18:27:22.584716+09:00
20260717,01,桐生,11,20260717-01-11,4,3813,佐藤大介,50,愛知,54.0,A1,6.87,51.89,7.14,57.14,34,39.52,60,40.69,153 35,7,https://www1.mbrace.or.jp/od2/B/202607/b260717.lzh,2026-10-03T18:27:22.584716+09:00
20260717,01,桐生,11,20260717-01-11,5,4791,黒澤めぐ,36,東京,48.0,B1,5.41,30.91,5.3,43.33,40,33.12,72,30.37,222 45,3,https://www1.mbrace.or.jp/od2/B/202607/b260717.lzh,2026-10-03T18:27:22.584716+09:00
20260717,01,桐生,11,20260717-01-11,6,4225,土屋千明,44,群馬,45.0,A2,6.42,44.62,6.15,41.79,24,36.31,27,41.1,213 26,2,https://www1.mbrace.or.jp/od2/B/202607/b260717.lzh,2026-10-03T18:27:22.584716+09:00
20260717,01,桐生,12,20260717-01-12,1,4760,山崎郡,36,大阪,51.0,A1,7.28,47.76,7.33,54.35,11,27.66,45,40.56,21211,4,https://www1.mbrace.or.jp/od2/B/202607/b260717.lzh,2026-10-03T18:27:22.584716+09:00
20260717,01,桐生,12,20260717-01-12,2,4711,前出達吉,36,福井,52.0,A2,6.23,44.09,5.63,37.5,26,30.34,31,37.58,51332,3,https://www1.mbrace.or.jp/od2/B/202607/b260717.lzh,2026-10-03T18:27:22.584716+09:00
20260717,01,桐生,12,20260717-01-12,3,4124,池田雄一,44,静岡,53.0,A2,6.1,39.78,5.97,42.11,28,38.41,61,40.41,352 12,5,https://www1.mbrace.or.jp/od2/B/202607/b260717.lzh,2026-10-03T18:27:22.584716+09:00
20260717,01,桐生,12,20260717-01-12,4,3776,横井健太,51,愛知,57.0,B1,3.35,10.71,3.94,5.56,35,46.72,59,37.14,3 3236,8,https://www1.mbrace.or.jp/od2/B/202607/b260717.lzh,2026-10-03T18:27:22.584716+09:00
20260717,01,桐生,12,20260717-01-12,5,5150,坂本雄紀,31,群馬,53.0,A1,6.27,48.08,6.01,46.48,62,38.62,50,32.65,521 12,6,https://www1.mbrace.or.jp/od2/B/202607/b260717.lzh,2026-10-03T18:27:22.584716+09:00
20260717,01,桐生,12,20260717-01-12,6,5377,鳥居塚嶺,22,群馬,49.0,B1,4.09,19.77,3.0,9.38,17,32.3,67,30.99,3 6124,7,https://www1.mbrace.or.jp/od2/B/202607/b260717.lzh,2026-10-03T18:27:22.584716+09:00
