date,venue_code,venue_name,race,race_id,boat,registration_no,racer_name,age,branch,weight_kg,grade,national_win_rate,national_top2_rate,local_win_rate,local_top2_rate,motor_no,motor_top2_rate,boat_no,boat_top2_rate,series_results_raw,early_race_raw,source_url,collected_at
20260718,21,芦屋,1,20260718-21-01,1,4156,浜野孝志,45,三重,58.0,A2,5.16,26.74,6.33,50.0,21,40.68,169,23.08,345 2111,12,https://www1.mbrace.or.jp/od2/B/202607/b260718.lzh,2026-10-03T18:27:30.928093+09:00
20260718,21,芦屋,1,20260718-21-01,2,4904,松本一毅,31,大阪,52.0,B1,5.26,33.62,5.07,27.59,26,18.52,122,37.04,213 566,6,https://www1.mbrace.or.jp/od2/B/202607/b260718.lzh,2026-10-03T18:27:30.928093+09:00
20260718,21,芦屋,1,20260718-21-01,3,4555,富永大一,36,福岡,55.0,B1,5.12,31.58,5.07,34.48,40,18.33,126,36.51,132 425,10,https://www1.mbrace.or.jp/od2/B/202607/b260718.lzh,2026-10-03T18:27:30.928093+09:00
20260718,21,芦屋,1,20260718-21-01,4,4954,内山峻輔,31,東京,54.0,B1,4.29,20.55,0.0,0.0,19,22.64,151,34.55,2 15662,7,https://www1.mbrace.or.jp/od2/B/202607/b260718.lzh,2026-10-03T18:27:30.928093+09:00
20260718,21,芦屋,1,20260718-21-01,5,4349,犬童千秋,40,福岡,50.0,B1,4.54,25.29,4.43,25.71,48,38.89,164,36.07,4 26245,9,https://www1.mbrace.or.jp/od2/B/202607/b260718.lzh,2026-10-03T18:27:30.928093+09:00
20260718,21,芦屋,1,20260718-21-01,6,3990,芹澤克彦,47,静岡,52.0,B1,4.92,27.27,0.0,0.0,51,42.86,141,30.16,3 453 25,,https://www1.mbrace.or.jp/od2/B/202607/b260718.lzh,2026-10-03T18:27:30.928093+09:00
20260718,21,芦屋,2,20260718-21-02,1,4033,伊藤将吉,47,静岡,54.0,A2,5.98,47.62,7.25,55.0,42,24.59,143,36.92,31315 12,11,https://www1.mbrace.or.jp/od2/B/202607/b260718.lzh,2026-10-03T18:27:30.928093+09:00
20260718,21,芦屋,2,20260718-21-02,2,5344,谷口丞,23,滋賀,53.0,B1,5.05,29.55,2.13,0.0,2,33.96,120,30.0,124 243,7,https://www1.mbrace.or.jp/od2/B/202607/b260718.lzh,2026-10-03T18:27:30.928093+09:00
20260718,21,芦屋,2,20260718-21-02,3,3551,藤田美代,54,福岡,45.0,B1,3.33,14.29,3.8,12.96,10,38.1,118,26.98,544 316,7,https://www1.mbrace.or.jp/od2/B/202607/b260718.lzh,2026-10-03T18:27:30.928093+09:00
20260718,21,芦屋,2,20260718-21-02,4,3556,田中信一,53,大阪,55.0,A1,6.88,50.91,6.59,45.95,55,43.48,166,33.33,4122131,12,https://www1.mbrace.or.jp/od2/B/202607/b260718.lzh,2026-10-03T18:27:30.928093+09:00
20260718,21,芦屋,2,20260718-21-02,5,3645,淺田千亜,53,徳島,46.0,B2,5.18,38.64,5.58,47.37,49,18.87,157,36.36,1 56456,9,https://www1.mbrace.or.jp/od2/B/202607/b260718.lzh,2026-10-03T18:27:30.928093+09:00
20260718,21,芦屋,2,20260718-21-02,6,4034,西原明生,47,香川,55.0,B1,3.68,15.48,4.04,17.39,41,46.15,123,25.42,2 45564,,https://www1.mbrace.or.jp/od2/B/202607/b260718.lzh,2026-10-03T18:27:30.928093+09:00
20260718,21,芦屋,3,20260718-21-03,1,4413,水摩敦,40,福岡,51.0,A2,5.89,37.19,5.5,40.0,14,18.37,139,33.33,12431 44,11,https://www1.mbrace.or.jp/od2/B/202607/b260718.lzh,2026-10-03T18:27:30.928093+09:00
20260718,21,芦屋,3,20260718-21-03,2,4727,安部慎一,38,福岡,54.0,B1,3.82,13.43,4.55,27.5,6,24.56,140,31.03,5 314 53,8,https://www1.mbrace.or.jp/od2/B/202607/b260718.lzh,2026-10-03T18:27:30.928093+09:00
20260718,21,芦屋,3,20260718-21-03,3,4702,三浦敬太,39,東京,52.0,A1,6.19,47.14,7.47,61.11,43,50.0,115,30.0,222 3555,8,https://www1.mbrace.or.jp/od2/B/202607/b260718.lzh,2026-10-03T18:27:30.928093+09:00
20260718,21,芦屋,3,20260718-21-03,4,3828,明石正之,52,兵庫,52.0,B1,5.43,33.33,5.4,33.33,11,43.75,121,31.15,553 113,10,https://www1.mbrace.or.jp/od2/B/202607/b260718.lzh,2026-10-03T18:27:30.928093+09:00
20260718,21,芦屋,3,20260718-21-03,5,3833,中辻博訓,51,福井,55.0,A2,6.22,46.15,4.43,14.29,44,29.51,113,39.68,14442 45,,https://www1.mbrace.or.jp/od2/B/202607/b260718.lzh,2026-10-03T18:27:30.928093+09:00
20260718,21,芦屋,3,20260718-21-03,6,3955,眞田英二,49,徳島,51.0,B2,4.98,29.21,4.36,22.73,13,52.31,135,40.35,624 255,,https://www1.mbrace.or.jp/od2/B/202607/b260718.lzh,2026-10-03T18:27:30.928093+09:00
20260718,21,芦屋,4,20260718-21-04,1,3942,寺田祥,47,山口,54.0,A1,7.02,55.91,7.96,61.54,7,34.85,155,39.68,3536121,12,https://www1.mbrace.or.jp/od2/B/202607/b260718.lzh,2026-10-03T18:27:30.928093+09:00
20260718,21,芦屋,4,20260718-21-04,2,3663,木山和幸,56,広島,51.0,B1,5.41,36.84,5.07,30.95,9,26.79,167,32.26,462 1 31,10,https://www1.mbrace.or.jp/od2/B/202607/b260718.lzh,2026-10-03T18:27:30.928093+09:00
20260718,21,芦屋,4,20260718-21-04,3,4469,土山卓也,39,福井,55.0,A2,5.89,42.11,0.0,0.0,46,24.53,148,20.29,5 133234,11,https://www1.mbrace.or.jp/od2/B/202607/b260718.lzh,2026-10-03T18:27:30.928093+09:00
20260718,21,芦屋,4,20260718-21-04,4,4000,松本博昭,49,広島,56.0,A2,6.11,44.7,5.52,26.09,30,36.67,156,35.85,312 3346,10,https://www1.mbrace.or.jp/od2/B/202607/b260718.lzh,2026-10-03T18:27:30.928093+09:00
20260718,21,芦屋,4,20260718-21-04,5,4569,中澤宏奈,38,東京,48.0,B1,4.85,32.35,3.6,20.0,27,25.81,152,26.92,4415344,9,https://www1.mbrace.or.jp/od2/B/202607/b260718.lzh,2026-10-03T18:27:30.928093+09:00
20260718,21,芦屋,4,20260718-21-04,6,5102,原田雄次,28,福岡,52.0,B1,4.81,27.85,4.85,30.19,36,27.54,138,37.5,561 413,8,https://www1.mbrace.or.jp/od2/B/202607/b260718.lzh,2026-10-03T18:27:30.928093+09:00
20260718,21,芦屋,5,20260718-21-05,1,4704,河野大,38,徳島,52.0,A1,6.55,47.33,6.87,56.67,16,16.67,127,41.07,442 1122,10,https://www1.mbrace.or.jp/od2/B/202607/b260718.lzh,2026-10-03T18:27:30.928093+09:00
20260718,21,芦屋,5,20260718-21-05,2,3805,高橋英之,52,東京,53.0,B1,5.29,34.78,7.11,60.0,47,36.67,163,32.69,235 421,11,https://www1.mbrace.or.jp/od2/B/202607/b260718.lzh,2026-10-03T18:27:30.928093+09:00
20260718,21,芦屋,5,20260718-21-05,3,5258,仲本舜,21,福岡,53.0,B1,4.39,24.05,4.09,25.58,3,46.77,170,33.33,526 3 21,12,https://www1.mbrace.or.jp/od2/B/202607/b260718.lzh,2026-10-03T18:27:30.928093+09:00
20260718,21,芦屋,5,20260718-21-05,4,3708,岡部貴司,52,岡山,59.0,B1,5.28,30.38,4.53,20.0,15,34.85,124,28.07,S 444 42,,https://www1.mbrace.or.jp/od2/B/202607/b260718.lzh,2026-10-03T18:27:30.928093+09:00
20260718,21,芦屋,5,20260718-21-05,5,3993,永井聖美,47,東京,45.0,B1,5.6,35.96,0.0,0.0,34,29.51,129,30.19,333 663,,https://www1.mbrace.or.jp/od2/B/202607/b260718.lzh,2026-10-03T18:27:30.928093+09:00
20260718,21,芦屋,5,20260718-21-05,6,4512,高野哲史,37,兵庫,53.0,A1,6.9,54.4,8.5,80.0,17,24.19,111,15.63,16115 21,10,https://www1.mbrace.or.jp/od2/B/202607/b260718.lzh,2026-10-03T18:27:30.928093+09:00
20260718,21,芦屋,6,20260718-21-06,1,5047,國分将太,32,東京,53.0,B1,5.68,33.33,7.14,57.14,28,28.57,149,42.62,535 211,12,https://www1.mbrace.or.jp/od2/B/202607/b260718.lzh,2026-10-03T18:27:30.928093+09:00
20260718,21,芦屋,6,20260718-21-06,2,4452,松尾祭,38,香川,53.0,A2,5.07,33.04,6.53,58.82,45,31.82,153,47.54,1 543664,,https://www1.mbrace.or.jp/od2/B/202607/b260718.lzh,2026-10-03T18:27:30.928093+09:00
20260718,21,芦屋,6,20260718-21-06,3,3539,金子順一,58,山口,52.0,B1,4.45,24.0,3.21,7.14,38,29.51,158,34.0,6 424 33,,https://www1.mbrace.or.jp/od2/B/202607/b260718.lzh,2026-10-03T18:27:30.928093+09:00
20260718,21,芦屋,6,20260718-21-06,4,3965,北中元樹,47,滋賀,56.0,A1,6.0,44.74,5.31,26.92,33,36.51,117,33.33,2 514532,11,https://www1.mbrace.or.jp/od2/B/202607/b260718.lzh,2026-10-03T18:27:30.928093+09:00
20260718,21,芦屋,6,20260718-21-06,5,4904,松本一毅,31,大阪,52.0,B1,5.26,33.62,5.07,27.59,26,18.52,122,37.04,213 566,1,https://www1.mbrace.or.jp/od2/B/202607/b260718.lzh,2026-10-03T18:27:30.928093+09:00
20260718,21,芦屋,6,20260718-21-06,6,4762,藤原啓史,36,岡山,50.0,A1,7.23,52.14,7.48,52.17,4,29.31,144,47.69,23232 12,11,https://www1.mbrace.or.jp/od2/B/202607/b260718.lzh,2026-10-03T18:27:30.928093+09:00
20260718,21,芦屋,7,20260718-21-07,1,4007,榮田将彦,47,山口,50.0,B1,4.53,23.08,4.32,22.73,31,38.1,160,30.91,4 132 26,12,https://www1.mbrace.or.jp/od2/B/202607/b260718.lzh,2026-10-03T18:27:30.928093+09:00
20260718,21,芦屋,7,20260718-21-07,2,3825,宮嵜隆太,53,福岡,61.0,B1,3.35,18.46,3.88,21.05,20,18.97,162,35.94,4 666 56,,https://www1.mbrace.or.jp/od2/B/202607/b260718.lzh,2026-10-03T18:27:30.928093+09:00
20260718,21,芦屋,7,20260718-21-07,3,4615,板倉敦史,46,東京,53.0,B1,4.41,23.17,4.26,18.52,12,40.98,130,26.67,5 536 52,,https://www1.mbrace.or.jp/od2/B/202607/b260718.lzh,2026-10-03T18:27:30.928093+09:00
20260718,21,芦屋,7,20260718-21-07,4,3551,藤田美代,54,福岡,45.0,B1,3.33,14.29,3.8,12.96,10,38.1,118,26.98,544 316,2,https://www1.mbrace.or.jp/od2/B/202607/b260718.lzh,2026-10-03T18:27:30.928093+09:00
20260718,21,芦屋,7,20260718-21-07,5,5344,谷口丞,23,滋賀,53.0,B1,5.05,29.55,2.13,0.0,2,33.96,120,30.0,124 243,2,https://www1.mbrace.or.jp/od2/B/202607/b260718.lzh,2026-10-03T18:27:30.928093+09:00
20260718,21,芦屋,7,20260718-21-07,6,4954,内山峻輔,31,東京,54.0,B1,4.29,20.55,0.0,0.0,19,22.64,151,34.55,2 15662,1,https://www1.mbrace.or.jp/od2/B/202607/b260718.lzh,2026-10-03T18:27:30.928093+09:00
20260718,21,芦屋,8,20260718-21-08,1,4835,橋本明,38,広島,54.0,B1,5.21,28.42,4.66,26.0,1,28.57,128,12.9,5 366 36,,https://www1.mbrace.or.jp/od2/B/202607/b260718.lzh,2026-10-03T18:27:30.928093+09:00
20260718,21,芦屋,8,20260718-21-08,2,4911,片岡大地,30,東京,52.0,A2,5.18,26.58,2.0,0.0,37,35.94,165,30.19,665 6345,,https://www1.mbrace.or.jp/od2/B/202607/b260718.lzh,2026-10-03T18:27:30.928093+09:00
20260718,21,芦屋,8,20260718-21-08,3,5102,原田雄次,28,福岡,52.0,B1,4.81,27.85,4.85,30.19,36,27.54,138,37.5,561 413,4,https://www1.mbrace.or.jp/od2/B/202607/b260718.lzh,2026-10-03T18:27:30.928093+09:00
20260718,21,芦屋,8,20260718-21-08,4,4172,森定晃史,43,岡山,52.0,A2,6.19,43.55,6.3,40.0,29,43.33,145,37.5,6522633,,https://www1.mbrace.or.jp/od2/B/202607/b260718.lzh,2026-10-03T18:27:30.928093+09:00
20260718,21,芦屋,8,20260718-21-08,5,4727,安部慎一,38,福岡,54.0,B1,3.82,13.43,4.55,27.5,6,24.56,140,31.03,5 314 53,3,https://www1.mbrace.or.jp/od2/B/202607/b260718.lzh,2026-10-03T18:27:30.928093+09:00
20260718,21,芦屋,8,20260718-21-08,6,4702,三浦敬太,39,東京,52.0,A1,6.19,47.14,7.47,61.11,43,50.0,115,30.0,222 3555,3,https://www1.mbrace.or.jp/od2/B/202607/b260718.lzh,2026-10-03T18:27:30.928093+09:00
20260718,21,芦屋,9,20260718-21-09,1,3645,淺田千亜,53,徳島,46.0,B2,5.18,38.64,5.58,47.37,49,18.87,157,36.36,1 56456,2,https://www1.mbrace.or.jp/od2/B/202607/b260718.lzh,2026-10-03T18:27:30.928093+09:00
20260718,21,芦屋,9,20260718-21-09,2,4349,犬童千秋,40,福岡,50.0,B1,4.54,25.29,4.43,25.71,48,38.89,164,36.07,4 26245,1,https://www1.mbrace.or.jp/od2/B/202607/b260718.lzh,2026-10-03T18:27:30.928093+09:00
20260718,21,芦屋,9,20260718-21-09,3,4823,中村桃佳,33,香川,45.0,A2,7.25,55.24,6.33,33.33,23,34.0,146,31.48,3 165464,,https://www1.mbrace.or.jp/od2/B/202607/b260718.lzh,2026-10-03T18:27:30.928093+09:00
20260718,21,芦屋,9,20260718-21-09,4,4569,中澤宏奈,38,東京,48.0,B1,4.85,32.35,3.6,20.0,27,25.81,152,26.92,4415344,4,https://www1.mbrace.or.jp/od2/B/202607/b260718.lzh,2026-10-03T18:27:30.928093+09:00
20260718,21,芦屋,9,20260718-21-09,5,5334,樫葉新心,22,徳島,47.0,B1,2.92,6.45,2.2,0.0,24,22.03,131,34.48,6 615 64,,https://www1.mbrace.or.jp/od2/B/202607/b260718.lzh,2026-10-03T18:27:30.928093+09:00
20260718,21,芦屋,9,20260718-21-09,6,5464,宮田栞,19,福岡,49.0,B2,1.25,0.0,0.0,0.0,18,28.13,119,24.53,6 665 66,,https://www1.mbrace.or.jp/od2/B/202607/b260718.lzh,2026-10-03T18:27:30.928093+09:00
20260718,21,芦屋,10,20260718-21-10,1,4512,高野哲史,37,兵庫,53.0,A1,6.9,54.4,8.5,80.0,17,24.19,111,15.63,16115 21,5,https://www1.mbrace.or.jp/od2/B/202607/b260718.lzh,2026-10-03T18:27:30.928093+09:00
20260718,21,芦屋,10,20260718-21-10,2,4704,河野大,38,徳島,52.0,A1,6.55,47.33,6.87,56.67,16,16.67,127,41.07,442 1122,5,https://www1.mbrace.or.jp/od2/B/202607/b260718.lzh,2026-10-03T18:27:30.928093+09:00
20260718,21,芦屋,10,20260718-21-10,3,3663,木山和幸,56,広島,51.0,B1,5.41,36.84,5.07,30.95,9,26.79,167,32.26,462 1 31,4,https://www1.mbrace.or.jp/od2/B/202607/b260718.lzh,2026-10-03T18:27:30.928093+09:00
20260718,21,芦屋,10,20260718-21-10,4,4555,富永大一,36,福岡,55.0,B1,5.12,31.58,5.07,34.48,40,18.33,126,36.51,132 425,1,https://www1.mbrace.or.jp/od2/B/202607/b260718.lzh,2026-10-03T18:27:30.928093+09:00
20260718,21,芦屋,10,20260718-21-10,5,4000,松本博昭,49,広島,56.0,A2,6.11,44.7,5.52,26.09,30,36.67,156,35.85,312 3346,4,https://www1.mbrace.or.jp/od2/B/202607/b260718.lzh,2026-10-03T18:27:30.928093+09:00
20260718,21,芦屋,10,20260718-21-10,6,3828,明石正之,52,兵庫,52.0,B1,5.43,33.33,5.4,33.33,11,43.75,121,31.15,553 113,3,https://www1.mbrace.or.jp/od2/B/202607/b260718.lzh,2026-10-03T18:27:30.928093+09:00
20260718,21,芦屋,11,20260718-21-11,1,4762,藤原啓史,36,岡山,50.0,A1,7.23,52.14,7.48,52.17,4,29.31,144,47.69,23232 12,6,https://www1.mbrace.or.jp/od2/B/202607/b260718.lzh,2026-10-03T18:27:30.928093+09:00
20260718,21,芦屋,11,20260718-21-11,2,4033,伊藤将吉,47,静岡,54.0,A2,5.98,47.62,7.25,55.0,42,24.59,143,36.92,31315 12,2,https://www1.mbrace.or.jp/od2/B/202607/b260718.lzh,2026-10-03T18:27:30.928093+09:00
20260718,21,芦屋,11,20260718-21-11,3,4413,水摩敦,40,福岡,51.0,A2,5.89,37.19,5.5,40.0,14,18.37,139,33.33,12431 44,3,https://www1.mbrace.or.jp/od2/B/202607/b260718.lzh,2026-10-03T18:27:30.928093+09:00
20260718,21,芦屋,11,20260718-21-11,4,3805,高橋英之,52,東京,53.0,B1,5.29,34.78,7.11,60.0,47,36.67,163,32.69,235 421,5,https://www1.mbrace.or.jp/od2/B/202607/b260718.lzh,2026-10-03T18:27:30.928093+09:00
20260718,21,芦屋,11,20260718-21-11,5,4469,土山卓也,39,福井,55.0,A2,5.89,42.11,0.0,0.0,46,24.53,148,20.29,5 133234,4,https://www1.mbrace.or.jp/od2/B/202607/b260718.lzh,2026-10-03T18:27:30.928093+09:00
20260718,21,芦屋,11,20260718-21-11,6,3965,北中元樹,47,滋賀,56.0,A1,6.0,44.74,5.31,26.92,33,36.51,117,33.33,2 514532,6,https://www1.mbrace.or.jp/od2/B/202607/b260718.lzh,2026-10-03T18:27:30.928093+09:00
20260718,21,芦屋,12,20260718-21-12,1,3556,田中信一,53,大阪,55.0,A1,6.88,50.91,6.59,45.95,55,43.48,166,33.33,4122131,2,https://www1.mbrace.or.jp/od2/B/202607/b260718.lzh,2026-10-03T18:27:30.928093+09:00
20260718,21,芦屋,12,20260718-21-12,2,4156,浜野孝志,45,三重,58.0,A2,5.16,26.74,6.33,50.0,21,40.68,169,23.08,345 2111,1,https://www1.mbrace.or.jp/od2/B/202607/b260718.lzh,2026-10-03T18:27:30.928093+09:00
20260718,21,芦屋,12,20260718-21-12,3,3942,寺田祥,47,山口,54.0,A1,7.02,55.91,7.96,61.54,7,34.85,155,39.68,3536121,4,https://www1.mbrace.or.jp/od2/B/202607/b260718.lzh,2026-10-03T18:27:30.928093+09:00
20260718,21,芦屋,12,20260718-21-12,4,5047,國分将太,32,東京,53.0,B1,5.68,33.33,7.14,57.14,28,28.57,149,42.62,535 211,6,https://www1.mbrace.or.jp/od2/B/202607/b260718.lzh,2026-10-03T18:27:30.928093+09:00
20260718,21,芦屋,12,20260718-21-12,5,4007,榮田将彦,47,山口,50.0,B1,4.53,23.08,4.32,22.73,31,38.1,160,30.91,4 132 26,7,https://www1.mbrace.or.jp/od2/B/202607/b260718.lzh,2026-10-03T18:27:30.928093+09:00
20260718,21,芦屋,12,20260718-21-12,6,5258,仲本舜,21,福岡,53.0,B1,4.39,24.05,4.09,25.58,3,46.77,170,33.33,526 3 21,5,https://www1.mbrace.or.jp/od2/B/202607/b260718.lzh,2026-10-03T18:27:30.928093+09:00
20260718,20,若松,1,20260718-20-01,1,4764,小池礼乃,36,福岡,46.0,B1,5.16,33.82,5.0,29.82,10,25.53,36,42.31,,9,https://www1.mbrace.or.jp/od2/B/202607/b260718.lzh,2026-10-03T18:27:30.928093+09:00
20260718,20,若松,1,20260718-20-01,2,3401,上田隆章,58,香川,53.0,B1,4.28,22.83,4.86,25.0,2,35.25,51,40.91,,11,https://www1.mbrace.or.jp/od2/B/202607/b260718.lzh,2026-10-03T18:27:30.928093+09:00
20260718,20,若松,1,20260718-20-01,3,3882,新田智彰,53,大阪,57.0,B1,4.57,19.35,6.06,38.89,9,36.99,66,20.0,,,https://www1.mbrace.or.jp/od2/B/202607/b260718.lzh,2026-10-03T18:27:30.928093+09:00
20260718,20,若松,1,20260718-20-01,4,5323,香川陽太,23,滋賀,59.0,B2,4.55,25.77,6.0,40.0,51,48.06,63,28.0,,5,https://www1.mbrace.or.jp/od2/B/202607/b260718.lzh,2026-10-03T18:27:30.928093+09:00
20260718,20,若松,1,20260718-20-01,5,4992,廣瀬篤哉,28,滋賀,59.0,B1,5.22,33.68,3.83,33.33,30,28.68,12,26.92,,10,https://www1.mbrace.or.jp/od2/B/202607/b260718.lzh,2026-10-03T18:27:30.928093+09:00
20260718,20,若松,1,20260718-20-01,6,5412,久保田凪,20,佐賀,44.0,B2,1.61,1.32,1.4,0.0,37,30.0,69,28.0,,6,https://www1.mbrace.or.jp/od2/B/202607/b260718.lzh,2026-10-03T18:27:30.928093+09:00
20260718,20,若松,2,20260718-20-02,1,3933,山地正樹,50,岡山,53.0,B1,5.83,41.67,5.5,41.67,32,33.33,31,20.0,,,https://www1.mbrace.or.jp/od2/B/202607/b260718.lzh,2026-10-03T18:27:30.928093+09:00
20260718,20,若松,2,20260718-20-02,2,4084,杉山正樹,46,愛知,55.0,A1,6.4,41.67,7.16,55.26,56,23.44,68,53.57,,10,https://www1.mbrace.or.jp/od2/B/202607/b260718.lzh,2026-10-03T18:27:30.928093+09:00
20260718,20,若松,2,20260718-20-02,3,3564,桑原啓,56,福岡,53.0,B1,4.36,27.27,4.25,24.0,28,30.83,67,47.37,,8,https://www1.mbrace.or.jp/od2/B/202607/b260718.lzh,2026-10-03T18:27:30.928093+09:00
20260718,20,若松,2,20260718-20-02,4,4461,安田吉宏,40,三重,58.0,B1,4.49,18.89,5.11,44.44,29,28.46,21,33.33,,11,https://www1.mbrace.or.jp/od2/B/202607/b260718.lzh,2026-10-03T18:27:30.928093+09:00
20260718,20,若松,2,20260718-20-02,5,4765,野田部宏,36,福岡,51.0,B1,4.51,23.53,5.56,36.54,54,29.41,39,35.29,,7,https://www1.mbrace.or.jp/od2/B/202607/b260718.lzh,2026-10-03T18:27:30.928093+09:00
20260718,20,若松,2,20260718-20-02,6,3968,茶谷信次,50,滋賀,52.0,A2,5.21,27.38,0.0,0.0,55,17.74,18,13.04,,9,https://www1.mbrace.or.jp/od2/B/202607/b260718.lzh,2026-10-03T18:27:30.928093+09:00
20260718,20,若松,3,20260718-20-03,1,4111,奥田誠,46,広島,56.0,A2,5.63,41.05,4.19,16.67,15,36.5,54,45.0,,10,https://www1.mbrace.or.jp/od2/B/202607/b260718.lzh,2026-10-03T18:27:30.928093+09:00
20260718,20,若松,3,20260718-20-03,2,3581,加木郁,53,山口,53.0,B1,5.25,29.36,4.25,25.0,22,33.57,72,34.62,,7,https://www1.mbrace.or.jp/od2/B/202607/b260718.lzh,2026-10-03T18:27:30.928093+09:00
20260718,20,若松,3,20260718-20-03,3,5247,大森翼,24,兵庫,52.0,B1,4.77,23.58,4.09,18.75,6,36.99,49,25.0,,11,https://www1.mbrace.or.jp/od2/B/202607/b260718.lzh,2026-10-03T18:27:30.928093+09:00
20260718,20,若松,3,20260718-20-03,4,5380,野田亜湖,21,徳島,52.0,B2,1.24,0.0,0.0,0.0,8,31.94,42,13.04,,8,https://www1.mbrace.or.jp/od2/B/202607/b260718.lzh,2026-10-03T18:27:30.928093+09:00
20260718,20,若松,3,20260718-20-03,5,4586,磯部誠,35,愛知,55.0,A1,7.07,43.93,7.31,46.15,49,48.84,53,28.0,,12,https://www1.mbrace.or.jp/od2/B/202607/b260718.lzh,2026-10-03T18:27:30.928093+09:00
20260718,20,若松,3,20260718-20-03,6,5394,福西広太,24,埼玉,52.0,B1,2.81,3.19,0.0,0.0,46,34.9,22,20.0,,,https://www1.mbrace.or.jp/od2/B/202607/b260718.lzh,2026-10-03T18:27:30.928093+09:00
20260718,20,若松,4,20260718-20-04,1,3800,牧宏次,52,東京,53.0,A2,5.9,39.13,4.9,30.0,62,26.15,33,37.5,,,https://www1.mbrace.or.jp/od2/B/202607/b260718.lzh,2026-10-03T18:27:30.928093+09:00
20260718,20,若松,4,20260718-20-04,2,5307,富永夏哉,22,佐賀,52.0,B1,4.29,24.27,4.47,26.67,44,30.41,47,37.5,,,https://www1.mbrace.or.jp/od2/B/202607/b260718.lzh,2026-10-03T18:27:30.928093+09:00
20260718,20,若松,4,20260718-20-04,3,5314,中曽瑠華,25,東京,52.0,B1,3.46,14.08,1.0,0.0,27,28.06,46,42.11,,10,https://www1.mbrace.or.jp/od2/B/202607/b260718.lzh,2026-10-03T18:27:30.928093+09:00
20260718,20,若松,4,20260718-20-04,4,4344,新田雄史,41,三重,54.0,A1,7.73,53.7,9.25,56.25,17,26.32,17,28.0,,12,https://www1.mbrace.or.jp/od2/B/202607/b260718.lzh,2026-10-03T18:27:30.928093+09:00
20260718,20,若松,4,20260718-20-04,5,3989,熊本英一,47,佐賀,56.0,B1,3.89,20.48,4.11,19.44,18,32.09,35,42.31,,9,https://www1.mbrace.or.jp/od2/B/202607/b260718.lzh,2026-10-03T18:27:30.928093+09:00
20260718,20,若松,4,20260718-20-04,6,4051,清水敦揮,45,岡山,55.0,A2,6.7,46.15,7.3,60.81,36,31.69,48,52.63,,8,https://www1.mbrace.or.jp/od2/B/202607/b260718.lzh,2026-10-03T18:27:30.928093+09:00
20260718,20,若松,5,20260718-20-05,1,4061,萩原秀人,47,福井,55.0,A1,7.17,53.72,6.72,40.43,7,25.55,56,12.0,,12,https://www1.mbrace.or.jp/od2/B/202607/b260718.lzh,2026-10-03T18:27:30.928093+09:00
20260718,20,若松,5,20260718-20-05,2,4933,板橋侑我,30,静岡,54.0,A2,6.46,36.59,6.06,45.16,21,38.24,37,24.0,,11,https://www1.mbrace.or.jp/od2/B/202607/b260718.lzh,2026-10-03T18:27:30.928093+09:00
20260718,20,若松,5,20260718-20-05,3,5291,三嶌ここ,25,香川,49.0,B1,4.2,22.13,2.89,5.26,43,36.11,74,28.0,,9,https://www1.mbrace.or.jp/od2/B/202607/b260718.lzh,2026-10-03T18:27:30.928093+09:00
20260718,20,若松,5,20260718-20-05,4,4700,金子和之,39,埼玉,54.0,A2,5.8,38.33,6.0,40.0,1,27.34,75,20.0,,10,https://www1.mbrace.or.jp/od2/B/202607/b260718.lzh,2026-10-03T18:27:30.928093+09:00
20260718,20,若松,5,20260718-20-05,5,5323,香川陽太,23,滋賀,59.0,B2,4.55,25.77,6.0,40.0,51,48.06,63,28.0,,1,https://www1.mbrace.or.jp/od2/B/202607/b260718.lzh,2026-10-03T18:27:30.928093+09:00
20260718,20,若松,5,20260718-20-05,6,5451,知念伶奈,21,佐賀,46.0,B2,1.53,6.67,0.0,0.0,57,32.54,40,43.75,,,https://www1.mbrace.or.jp/od2/B/202607/b260718.lzh,2026-10-03T18:27:30.928093+09:00
20260718,20,若松,6,20260718-20-06,1,4961,西橋奈未,29,福井,47.0,A1,6.35,40.95,7.39,67.74,38,29.71,15,40.74,,12,https://www1.mbrace.or.jp/od2/B/202607/b260718.lzh,2026-10-03T18:27:30.928093+09:00
20260718,20,若松,6,20260718-20-06,2,3224,栗山繁洋,61,佐賀,52.0,B1,3.81,15.91,4.38,12.5,4,37.5,25,41.18,,,https://www1.mbrace.or.jp/od2/B/202607/b260718.lzh,2026-10-03T18:27:30.928093+09:00
20260718,20,若松,6,20260718-20-06,3,3787,天野誠,54,岡山,54.0,B1,3.75,15.38,2.79,6.9,11,26.43,19,24.0,,,https://www1.mbrace.or.jp/od2/B/202607/b260718.lzh,2026-10-03T18:27:30.928093+09:00
20260718,20,若松,6,20260718-20-06,4,3872,岡田憲行,50,大阪,54.0,A2,6.13,45.35,5.97,37.84,42,41.1,60,36.0,,11,https://www1.mbrace.or.jp/od2/B/202607/b260718.lzh,2026-10-03T18:27:30.928093+09:00
20260718,20,若松,6,20260718-20-06,5,5412,久保田凪,20,佐賀,44.0,B2,1.61,1.32,1.4,0.0,37,30.0,69,28.0,,1,https://www1.mbrace.or.jp/od2/B/202607/b260718.lzh,2026-10-03T18:27:30.928093+09:00
20260718,20,若松,6,20260718-20-06,6,3566,川添英正,56,福岡,52.0,B1,4.63,25.56,4.98,32.08,45,34.69,57,25.0,,10,https://www1.mbrace.or.jp/od2/B/202607/b260718.lzh,2026-10-03T18:27:30.928093+09:00
20260718,20,若松,7,20260718-20-07,1,3909,佐々木康,52,静岡,56.0,A1,6.57,48.7,4.6,40.0,24,31.25,24,29.17,,11,https://www1.mbrace.or.jp/od2/B/202607/b260718.lzh,2026-10-03T18:27:30.928093+09:00
20260718,20,若松,7,20260718-20-07,2,4765,野田部宏,36,福岡,51.0,B1,4.51,23.53,5.56,36.54,54,29.41,39,35.29,,2,https://www1.mbrace.or.jp/od2/B/202607/b260718.lzh,2026-10-03T18:27:30.928093+09:00
20260718,20,若松,7,20260718-20-07,3,4682,大上卓人,35,広島,52.0,A1,7.09,46.55,6.58,41.86,41,32.88,38,41.67,,12,https://www1.mbrace.or.jp/od2/B/202607/b260718.lzh,2026-10-03T18:27:30.928093+09:00
20260718,20,若松,7,20260718-20-07,4,3577,向所浩二,53,兵庫,61.0,B1,4.58,20.48,0.0,0.0,59,31.06,73,14.29,,,https://www1.mbrace.or.jp/od2/B/202607/b260718.lzh,2026-10-03T18:27:30.928093+09:00
20260718,20,若松,7,20260718-20-07,5,3581,加木郁,53,山口,53.0,B1,5.25,29.36,4.25,25.0,22,33.57,72,34.62,,3,https://www1.mbrace.or.jp/od2/B/202607/b260718.lzh,2026-10-03T18:27:30.928093+09:00
20260718,20,若松,7,20260718-20-07,6,4086,寺本重宣,46,東京,50.0,A2,6.04,41.03,6.4,50.0,20,39.23,34,47.37,,,https://www1.mbrace.or.jp/od2/B/202607/b260718.lzh,2026-10-03T18:27:30.928093+09:00
20260718,20,若松,8,20260718-20-08,1,3654,武田光史,52,福井,53.0,A2,6.79,56.93,8.0,75.0,53,28.46,59,7.14,,,https://www1.mbrace.or.jp/od2/B/202607/b260718.lzh,2026-10-03T18:27:30.928093+09:00
20260718,20,若松,8,20260718-20-08,2,4051,清水敦揮,45,岡山,55.0,A2,6.7,46.15,7.3,60.81,36,31.69,48,52.63,,4,https://www1.mbrace.or.jp/od2/B/202607/b260718.lzh,2026-10-03T18:27:30.928093+09:00
20260718,20,若松,8,20260718-20-08,3,4908,上田龍星,31,大阪,52.0,A1,6.98,44.34,6.84,56.0,52,32.84,26,62.5,,12,https://www1.mbrace.or.jp/od2/B/202607/b260718.lzh,2026-10-03T18:27:30.928093+09:00
20260718,20,若松,8,20260718-20-08,4,4988,牟田奨太,29,静岡,57.0,B1,4.48,32.61,4.63,25.0,13,35.04,65,27.59,,,https://www1.mbrace.or.jp/od2/B/202607/b260718.lzh,2026-10-03T18:27:30.928093+09:00
20260718,20,若松,8,20260718-20-08,5,3564,桑原啓,56,福岡,53.0,B1,4.36,27.27,4.25,24.0,28,30.83,67,47.37,,2,https://www1.mbrace.or.jp/od2/B/202607/b260718.lzh,2026-10-03T18:27:30.928093+09:00
20260718,20,若松,8,20260718-20-08,6,5380,野田亜湖,21,徳島,52.0,B2,1.24,0.0,0.0,0.0,8,31.94,42,13.04,,3,https://www1.mbrace.or.jp/od2/B/202607/b260718.lzh,2026-10-03T18:27:30.928093+09:00
20260718,20,若松,9,20260718-20-09,1,4264,長尾章平,41,山口,53.0,A1,6.82,53.51,6.59,50.0,16,25.0,58,8.33,,,https://www1.mbrace.or.jp/od2/B/202607/b260718.lzh,2026-10-03T18:27:30.928093+09:00
20260718,20,若松,9,20260718-20-09,2,3989,熊本英一,47,佐賀,56.0,B1,3.89,20.48,4.11,19.44,18,32.09,35,42.31,,4,https://www1.mbrace.or.jp/od2/B/202607/b260718.lzh,2026-10-03T18:27:30.928093+09:00
20260718,20,若松,9,20260718-20-09,3,4764,小池礼乃,36,福岡,46.0,B1,5.16,33.82,5.0,29.82,10,25.53,36,42.31,,1,https://www1.mbrace.or.jp/od2/B/202607/b260718.lzh,2026-10-03T18:27:30.928093+09:00
20260718,20,若松,9,20260718-20-09,4,3968,茶谷信次,50,滋賀,52.0,A2,5.21,27.38,0.0,0.0,55,17.74,18,13.04,,2,https://www1.mbrace.or.jp/od2/B/202607/b260718.lzh,2026-10-03T18:27:30.928093+09:00
20260718,20,若松,9,20260718-20-09,5,5291,三嶌ここ,25,香川,49.0,B1,4.2,22.13,2.89,5.26,43,36.11,74,28.0,,5,https://www1.mbrace.or.jp/od2/B/202607/b260718.lzh,2026-10-03T18:27:30.928093+09:00
20260718,20,若松,9,20260718-20-09,6,4331,三好勇人,42,香川,55.0,A2,6.06,42.86,5.79,38.3,50,32.56,13,32.0,,,https://www1.mbrace.or.jp/od2/B/202607/b260718.lzh,2026-10-03T18:27:30.928093+09:00
20260718,20,若松,10,20260718-20-10,1,4084,杉山正樹,46,愛知,55.0,A1,6.4,41.67,7.16,55.26,56,23.44,68,53.57,,2,https://www1.mbrace.or.jp/od2/B/202607/b260718.lzh,2026-10-03T18:27:30.928093+09:00
20260718,20,若松,10,20260718-20-10,2,4992,廣瀬篤哉,28,滋賀,59.0,B1,5.22,33.68,3.83,33.33,30,28.68,12,26.92,,1,https://www1.mbrace.or.jp/od2/B/202607/b260718.lzh,2026-10-03T18:27:30.928093+09:00
20260718,20,若松,10,20260718-20-10,3,3566,川添英正,56,福岡,52.0,B1,4.63,25.56,4.98,32.08,45,34.69,57,25.0,,6,https://www1.mbrace.or.jp/od2/B/202607/b260718.lzh,2026-10-03T18:27:30.928093+09:00
20260718,20,若松,10,20260718-20-10,4,4111,奥田誠,46,広島,56.0,A2,5.63,41.05,4.19,16.67,15,36.5,54,45.0,,3,https://www1.mbrace.or.jp/od2/B/202607/b260718.lzh,2026-10-03T18:27:30.928093+09:00
20260718,20,若松,10,20260718-20-10,5,5314,中曽瑠華,25,東京,52.0,B1,3.46,14.08,1.0,0.0,27,28.06,46,42.11,,4,https://www1.mbrace.or.jp/od2/B/202607/b260718.lzh,2026-10-03T18:27:30.928093+09:00
20260718,20,若松,10,20260718-20-10,6,4700,金子和之,39,埼玉,54.0,A2,5.8,38.33,6.0,40.0,1,27.34,75,20.0,,5,https://www1.mbrace.or.jp/od2/B/202607/b260718.lzh,2026-10-03T18:27:30.928093+09:00
20260718,20,若松,11,20260718-20-11,1,4933,板橋侑我,30,静岡,54.0,A2,6.46,36.59,6.06,45.16,21,38.24,37,24.0,,5,https://www1.mbrace.or.jp/od2/B/202607/b260718.lzh,2026-10-03T18:27:30.928093+09:00
20260718,20,若松,11,20260718-20-11,2,4461,安田吉宏,40,三重,58.0,B1,4.49,18.89,5.11,44.44,29,28.46,21,33.33,,2,https://www1.mbrace.or.jp/od2/B/202607/b260718.lzh,2026-10-03T18:27:30.928093+09:00
20260718,20,若松,11,20260718-20-11,3,3909,佐々木康,52,静岡,56.0,A1,6.57,48.7,4.6,40.0,24,31.25,24,29.17,,7,https://www1.mbrace.or.jp/od2/B/202607/b260718.lzh,2026-10-03T18:27:30.928093+09:00
20260718,20,若松,11,20260718-20-11,4,3401,上田隆章,58,香川,53.0,B1,4.28,22.83,4.86,25.0,2,35.25,51,40.91,,1,https://www1.mbrace.or.jp/od2/B/202607/b260718.lzh,2026-10-03T18:27:30.928093+09:00
20260718,20,若松,11,20260718-20-11,5,5247,大森翼,24,兵庫,52.0,B1,4.77,23.58,4.09,18.75,6,36.99,49,25.0,,3,https://www1.mbrace.or.jp/od2/B/202607/b260718.lzh,2026-10-03T18:27:30.928093+09:00
20260718,20,若松,11,20260718-20-11,6,3872,岡田憲行,50,大阪,54.0,A2,6.13,45.35,5.97,37.84,42,41.1,60,36.0,,6,https://www1.mbrace.or.jp/od2/B/202607/b260718.lzh,2026-10-03T18:27:30.928093+09:00
20260718,20,若松,12,20260718-20-12,1,4344,新田雄史,41,三重,54.0,A1,7.73,53.7,9.25,56.25,17,26.32,17,28.0,,4,https://www1.mbrace.or.jp/od2/B/202607/b260718.lzh,2026-10-03T18:27:30.928093+09:00
20260718,20,若松,12,20260718-20-12,2,4061,萩原秀人,47,福井,55.0,A1,7.17,53.72,6.72,40.43,7,25.55,56,12.0,,5,https://www1.mbrace.or.jp/od2/B/202607/b260718.lzh,2026-10-03T18:27:30.928093+09:00
20260718,20,若松,12,20260718-20-12,3,4586,磯部誠,35,愛知,55.0,A1,7.07,43.93,7.31,46.15,49,48.84,53,28.0,,3,https://www1.mbrace.or.jp/od2/B/202607/b260718.lzh,2026-10-03T18:27:30.928093+09:00
20260718,20,若松,12,20260718-20-12,4,4682,大上卓人,35,広島,52.0,A1,7.09,46.55,6.58,41.86,41,32.88,38,41.67,,7,https://www1.mbrace.or.jp/od2/B/202607/b260718.lzh,2026-10-03T18:27:30.928093+09:00
20260718,20,若松,12,20260718-20-12,5,4908,上田龍星,31,大阪,52.0,A1,6.98,44.34,6.84,56.0,52,32.84,26,62.5,,8,https://www1.mbrace.or.jp/od2/B/202607/b260718.lzh,2026-10-03T18:27:30.928093+09:00
20260718,20,若松,12,20260718-20-12,6,4961,西橋奈未,29,福井,47.0,A1,6.35,40.95,7.39,67.74,38,29.71,15,40.74,,6,https://www1.mbrace.or.jp/od2/B/202607/b260718.lzh,2026-10-03T18:27:30.928093+09:00
20260718,18,徳山,1,20260718-18-01,1,3966,作間章,46,東京,54.0,A1,6.7,46.55,6.81,52.38,44,37.7,71,26.35,35542,8,https://www1.mbrace.or.jp/od2/B/202607/b260718.lzh,2026-10-03T18:27:30.928093+09:00
20260718,18,徳山,1,20260718-18-01,2,3928,林恵祐,50,福岡,63.0,B1,3.81,16.48,2.96,11.11,53,44.78,14,36.14,4 366,6,https://www1.mbrace.or.jp/od2/B/202607/b260718.lzh,2026-10-03T18:27:30.928093+09:00
20260718,18,徳山,1,20260718-18-01,3,4281,大澤大夢,42,埼玉,52.0,B1,4.91,29.89,5.41,40.54,33,55.38,34,30.99,412 43,,https://www1.mbrace.or.jp/od2/B/202607/b260718.lzh,2026-10-03T18:27:30.928093+09:00
20260718,18,徳山,1,20260718-18-01,4,4139,丹下健,45,愛知,55.0,B1,4.08,22.78,3.92,15.38,37,18.97,57,36.31,1 533,10,https://www1.mbrace.or.jp/od2/B/202607/b260718.lzh,2026-10-03T18:27:30.928093+09:00
20260718,18,徳山,1,20260718-18-01,5,3352,小川晃司,58,福岡,51.0,B1,4.24,8.6,4.81,23.08,25,29.51,70,29.45,3 245,7,https://www1.mbrace.or.jp/od2/B/202607/b260718.lzh,2026-10-03T18:27:30.928093+09:00
20260718,18,徳山,1,20260718-18-01,6,4041,小林基樹,47,山口,53.0,B1,3.75,16.0,3.46,19.23,62,21.57,13,42.01,563 1,9,https://www1.mbrace.or.jp/od2/B/202607/b260718.lzh,2026-10-03T18:27:30.928093+09:00
20260718,18,徳山,2,20260718-18-02,1,4427,秦英悟,40,大阪,53.0,A1,6.72,48.72,7.52,61.9,27,41.67,50,37.65,13123,11,https://www1.mbrace.or.jp/od2/B/202607/b260718.lzh,2026-10-03T18:27:30.928093+09:00
20260718,18,徳山,2,20260718-18-02,2,3841,佐々木和,50,徳島,54.0,A2,6.19,44.64,0.0,0.0,56,34.62,58,34.16,52351,7,https://www1.mbrace.or.jp/od2/B/202607/b260718.lzh,2026-10-03T18:27:30.928093+09:00
20260718,18,徳山,2,20260718-18-02,3,4113,木村浩士,45,群馬,57.0,B1,4.62,22.62,3.88,12.5,31,32.14,64,36.09,513 2,10,https://www1.mbrace.or.jp/od2/B/202607/b260718.lzh,2026-10-03T18:27:30.928093+09:00
20260718,18,徳山,2,20260718-18-02,4,3385,渡邉睦広,57,東京,51.0,A2,5.59,39.81,6.22,46.88,60,30.91,17,30.12,2 2344,9,https://www1.mbrace.or.jp/od2/B/202607/b260718.lzh,2026-10-03T18:27:30.928093+09:00
20260718,18,徳山,2,20260718-18-02,5,3838,伊藤啓三,51,埼玉,51.0,B1,5.35,30.95,5.83,36.59,57,18.37,54,39.02,263 43,,https://www1.mbrace.or.jp/od2/B/202607/b260718.lzh,2026-10-03T18:27:30.928093+09:00
20260718,18,徳山,2,20260718-18-02,6,3233,小畑実成,59,岡山,54.0,B1,4.39,22.73,4.25,25.0,59,33.33,42,28.82,1 142,8,https://www1.mbrace.or.jp/od2/B/202607/b260718.lzh,2026-10-03T18:27:30.928093+09:00
20260718,18,徳山,3,20260718-18-03,1,4066,東本勝利,46,三重,54.0,A2,6.13,39.62,5.52,32.26,30,37.68,51,31.36,32521,12,https://www1.mbrace.or.jp/od2/B/202607/b260718.lzh,2026-10-03T18:27:30.928093+09:00
20260718,18,徳山,3,20260718-18-03,2,5328,井上慧人,22,福岡,55.0,B1,4.06,15.58,2.03,5.26,20,40.0,12,36.09,2 665,7,https://www1.mbrace.or.jp/od2/B/202607/b260718.lzh,2026-10-03T18:27:30.928093+09:00
20260718,18,徳山,3,20260718-18-03,3,4274,長畑友輔,43,東京,52.0,B1,4.53,24.47,3.83,16.67,35,36.92,43,28.24,1 2561,,https://www1.mbrace.or.jp/od2/B/202607/b260718.lzh,2026-10-03T18:27:30.928093+09:00
20260718,18,徳山,3,20260718-18-03,4,4890,石川諒,37,山口,52.0,A2,5.91,37.93,5.7,40.98,54,28.33,32,31.29,31S45,8,https://www1.mbrace.or.jp/od2/B/202607/b260718.lzh,2026-10-03T18:27:30.928093+09:00
20260718,18,徳山,3,20260718-18-03,5,4278,藤岡俊介,43,兵庫,51.0,A1,7.02,56.91,5.69,42.31,48,32.26,31,31.95,3 2615,9,https://www1.mbrace.or.jp/od2/B/202607/b260718.lzh,2026-10-03T18:27:30.928093+09:00
20260718,18,徳山,3,20260718-18-03,6,5463,出口飛龍,19,大阪,53.0,B2,1.05,0.0,0.0,0.0,28,26.23,25,29.52,6 6 65,11,https://www1.mbrace.or.jp/od2/B/202607/b260718.lzh,2026-10-03T18:27:30.928093+09:00
20260718,18,徳山,4,20260718-18-04,1,4144,石塚久也,44,埼玉,54.0,A2,6.5,45.37,6.28,44.26,47,35.82,28,25.75,2 1534,9,https://www1.mbrace.or.jp/od2/B/202607/b260718.lzh,2026-10-03T18:27:30.928093+09:00
20260718,18,徳山,4,20260718-18-04,2,4019,笠原亮,46,静岡,53.0,A1,7.0,52.54,6.75,37.5,32,21.88,37,33.14,212 53,12,https://www1.mbrace.or.jp/od2/B/202607/b260718.lzh,2026-10-03T18:27:30.928093+09:00
20260718,18,徳山,4,20260718-18-04,3,4047,吉永浩則,46,大阪,54.0,B1,3.87,20.0,4.57,22.86,29,34.38,52,28.22,4 465,8,https://www1.mbrace.or.jp/od2/B/202607/b260718.lzh,2026-10-03T18:27:30.928093+09:00
20260718,18,徳山,4,20260718-18-04,4,5393,藤原駿,25,大阪,56.0,B2,1.51,0.0,1.32,0.0,24,30.0,35,33.33,656 6,10,https://www1.mbrace.or.jp/od2/B/202607/b260718.lzh,2026-10-03T18:27:30.928093+09:00
20260718,18,徳山,4,20260718-18-04,5,4423,坂口貴彦,37,岡山,56.0,B1,5.99,40.2,4.46,24.32,55,41.27,21,24.24,614 35,,https://www1.mbrace.or.jp/od2/B/202607/b260718.lzh,2026-10-03T18:27:30.928093+09:00
20260718,18,徳山,4,20260718-18-04,6,4693,松下誉士,42,福岡,53.0,B1,4.1,22.33,4.17,11.11,36,36.23,16,44.85,441 66,,https://www1.mbrace.or.jp/od2/B/202607/b260718.lzh,2026-10-03T18:27:30.928093+09:00
20260718,18,徳山,5,20260718-18-05,1,4303,牧原崇,43,愛知,53.0,B1,4.87,23.68,4.71,17.65,41,34.85,40,41.72,265 52,,https://www1.mbrace.or.jp/od2/B/202607/b260718.lzh,2026-10-03T18:27:30.928093+09:00
20260718,18,徳山,5,20260718-18-05,2,5023,久永祥平,31,東京,52.0,A2,5.88,35.0,6.8,40.0,21,24.44,47,34.71,655 23,12,https://www1.mbrace.or.jp/od2/B/202607/b260718.lzh,2026-10-03T18:27:30.928093+09:00
20260718,18,徳山,5,20260718-18-05,3,3350,藤本佳史,58,山口,53.0,B1,4.84,30.21,5.56,34.03,45,23.53,60,23.81,351 62,,https://www1.mbrace.or.jp/od2/B/202607/b260718.lzh,2026-10-03T18:27:30.928093+09:00
20260718,18,徳山,5,20260718-18-05,4,5364,金子怜央,26,群馬,53.0,B1,2.6,4.49,0.0,0.0,43,18.33,41,36.63,6 665,9,https://www1.mbrace.or.jp/od2/B/202607/b260718.lzh,2026-10-03T18:27:30.928093+09:00
20260718,18,徳山,5,20260718-18-05,5,3742,宮地秀祈,52,福岡,53.0,B1,4.9,29.11,4.65,22.58,39,31.67,39,31.18,5 112,11,https://www1.mbrace.or.jp/od2/B/202607/b260718.lzh,2026-10-03T18:27:30.928093+09:00
20260718,18,徳山,5,20260718-18-05,6,4852,川原祐明,31,香川,52.0,A1,7.38,57.14,6.4,39.53,23,31.15,61,24.85,251 41,10,https://www1.mbrace.or.jp/od2/B/202607/b260718.lzh,2026-10-03T18:27:30.928093+09:00
20260718,18,徳山,6,20260718-18-06,1,3928,林恵祐,50,福岡,63.0,B1,3.81,16.48,2.96,11.11,53,44.78,14,36.14,4 366,1,https://www1.mbrace.or.jp/od2/B/202607/b260718.lzh,2026-10-03T18:27:30.928093+09:00
20260718,18,徳山,6,20260718-18-06,2,5407,中岡駿,21,香川,53.0,B1,2.31,4.6,1.54,7.69,38,25.0,68,44.31,654 22,,https://www1.mbrace.or.jp/od2/B/202607/b260718.lzh,2026-10-03T18:27:30.928093+09:00
20260718,18,徳山,6,20260718-18-06,3,4287,今井貴士,41,福岡,57.0,A2,6.47,44.57,6.15,33.33,51,23.73,23,33.73,464 14,11,https://www1.mbrace.or.jp/od2/B/202607/b260718.lzh,2026-10-03T18:27:30.928093+09:00
20260718,18,徳山,6,20260718-18-06,4,3489,大場敏,59,静岡,54.0,A2,5.76,39.52,6.3,50.0,46,40.0,33,32.1,4 3114,10,https://www1.mbrace.or.jp/od2/B/202607/b260718.lzh,2026-10-03T18:27:30.928093+09:00
20260718,18,徳山,6,20260718-18-06,5,5453,久保翔耶,20,香川,53.0,B2,1.94,5.71,0.0,0.0,52,29.51,63,31.71,6 6546,,https://www1.mbrace.or.jp/od2/B/202607/b260718.lzh,2026-10-03T18:27:30.928093+09:00
20260718,18,徳山,6,20260718-18-06,6,3439,大平誉史,56,大阪,51.0,A1,6.0,43.4,6.09,45.45,34,27.94,22,35.76,343622,,https://www1.mbrace.or.jp/od2/B/202607/b260718.lzh,2026-10-03T18:27:30.928093+09:00
20260718,18,徳山,7,20260718-18-07,1,5328,井上慧人,22,福岡,55.0,B1,4.06,15.58,2.03,5.26,20,40.0,12,36.09,2 665,3,https://www1.mbrace.or.jp/od2/B/202607/b260718.lzh,2026-10-03T18:27:30.928093+09:00
20260718,18,徳山,7,20260718-18-07,2,4446,和田兼輔,39,兵庫,53.0,A1,6.92,50.98,6.9,56.9,22,26.79,26,29.09,13521F,,https://www1.mbrace.or.jp/od2/B/202607/b260718.lzh,2026-10-03T18:27:30.928093+09:00
20260718,18,徳山,7,20260718-18-07,3,3904,森貴洋,49,大阪,56.0,B1,4.88,32.43,6.69,53.13,49,28.57,36,34.16,232 35,,https://www1.mbrace.or.jp/od2/B/202607/b260718.lzh,2026-10-03T18:27:30.928093+09:00
20260718,18,徳山,7,20260718-18-07,4,3841,佐々木和,50,徳島,54.0,A2,6.19,44.64,0.0,0.0,56,34.62,58,34.16,52351,2,https://www1.mbrace.or.jp/od2/B/202607/b260718.lzh,2026-10-03T18:27:30.928093+09:00
20260718,18,徳山,7,20260718-18-07,5,5172,田村慶,25,徳島,51.0,B1,4.7,27.27,3.06,5.71,50,37.7,72,33.94,452 1,11,https://www1.mbrace.or.jp/od2/B/202607/b260718.lzh,2026-10-03T18:27:30.928093+09:00
20260718,18,徳山,7,20260718-18-07,6,3352,小川晃司,58,福岡,51.0,B1,4.24,8.6,4.81,23.08,25,29.51,70,29.45,3 245,1,https://www1.mbrace.or.jp/od2/B/202607/b260718.lzh,2026-10-03T18:27:30.928093+09:00
20260718,18,徳山,8,20260718-18-08,1,4047,吉永浩則,46,大阪,54.0,B1,3.87,20.0,4.57,22.86,29,34.38,52,28.22,4 465,4,https://www1.mbrace.or.jp/od2/B/202607/b260718.lzh,2026-10-03T18:27:30.928093+09:00
20260718,18,徳山,8,20260718-18-08,2,3966,作間章,46,東京,54.0,A1,6.7,46.55,6.81,52.38,44,37.7,71,26.35,35542,1,https://www1.mbrace.or.jp/od2/B/202607/b260718.lzh,2026-10-03T18:27:30.928093+09:00
20260718,18,徳山,8,20260718-18-08,3,4890,石川諒,37,山口,52.0,A2,5.91,37.93,5.7,40.98,54,28.33,32,31.29,31S45,3,https://www1.mbrace.or.jp/od2/B/202607/b260718.lzh,2026-10-03T18:27:30.928093+09:00
20260718,18,徳山,8,20260718-18-08,4,5434,藤田康生,21,静岡,51.0,B1,3.05,10.17,0.0,0.0,61,17.78,55,40.74,6 4463,,https://www1.mbrace.or.jp/od2/B/202607/b260718.lzh,2026-10-03T18:27:30.928093+09:00
20260718,18,徳山,8,20260718-18-08,5,3233,小畑実成,59,岡山,54.0,B1,4.39,22.73,4.25,25.0,59,33.33,42,28.82,1 142,2,https://www1.mbrace.or.jp/od2/B/202607/b260718.lzh,2026-10-03T18:27:30.928093+09:00
20260718,18,徳山,8,20260718-18-08,6,4485,楠原正剛,40,福岡,56.0,B1,5.08,30.19,5.27,27.27,40,29.51,29,31.33,4 513,12,https://www1.mbrace.or.jp/od2/B/202607/b260718.lzh,2026-10-03T18:27:30.928093+09:00
20260718,18,徳山,9,20260718-18-09,1,4278,藤岡俊介,43,兵庫,51.0,A1,7.02,56.91,5.69,42.31,48,32.26,31,31.95,3 2615,3,https://www1.mbrace.or.jp/od2/B/202607/b260718.lzh,2026-10-03T18:27:30.928093+09:00
20260718,18,徳山,9,20260718-18-09,2,4010,越智照浩,46,香川,58.0,B1,4.47,20.25,4.22,11.11,26,42.62,74,36.59,1 5261,,https://www1.mbrace.or.jp/od2/B/202607/b260718.lzh,2026-10-03T18:27:30.928093+09:00
20260718,18,徳山,9,20260718-18-09,3,3385,渡邉睦広,57,東京,51.0,A2,5.59,39.81,6.22,46.88,60,30.91,17,30.12,2 2344,2,https://www1.mbrace.or.jp/od2/B/202607/b260718.lzh,2026-10-03T18:27:30.928093+09:00
20260718,18,徳山,9,20260718-18-09,4,4144,石塚久也,44,埼玉,54.0,A2,6.5,45.37,6.28,44.26,47,35.82,28,25.75,2 1534,4,https://www1.mbrace.or.jp/od2/B/202607/b260718.lzh,2026-10-03T18:27:30.928093+09:00
20260718,18,徳山,9,20260718-18-09,5,4041,小林基樹,47,山口,53.0,B1,3.75,16.0,3.46,19.23,62,21.57,13,42.01,563 1,1,https://www1.mbrace.or.jp/od2/B/202607/b260718.lzh,2026-10-03T18:27:30.928093+09:00
20260718,18,徳山,9,20260718-18-09,6,5364,金子怜央,26,群馬,53.0,B1,2.6,4.49,0.0,0.0,43,18.33,41,36.63,6 665,5,https://www1.mbrace.or.jp/od2/B/202607/b260718.lzh,2026-10-03T18:27:30.928093+09:00
20260718,18,徳山,10,20260718-18-10,1,4139,丹下健,45,愛知,55.0,B1,4.08,22.78,3.92,15.38,37,18.97,57,36.31,1 533,1,https://www1.mbrace.or.jp/od2/B/202607/b260718.lzh,2026-10-03T18:27:30.928093+09:00
20260718,18,徳山,10,20260718-18-10,2,3489,大場敏,59,静岡,54.0,A2,5.76,39.52,6.3,50.0,46,40.0,33,32.1,4 3114,6,https://www1.mbrace.or.jp/od2/B/202607/b260718.lzh,2026-10-03T18:27:30.928093+09:00
20260718,18,徳山,10,20260718-18-10,3,4852,川原祐明,31,香川,52.0,A1,7.38,57.14,6.4,39.53,23,31.15,61,24.85,251 41,5,https://www1.mbrace.or.jp/od2/B/202607/b260718.lzh,2026-10-03T18:27:30.928093+09:00
20260718,18,徳山,10,20260718-18-10,4,3747,國崎良春,51,福岡,53.0,A2,5.4,37.35,6.08,39.58,63,28.07,11,24.39,441145,,https://www1.mbrace.or.jp/od2/B/202607/b260718.lzh,2026-10-03T18:27:30.928093+09:00
20260718,18,徳山,10,20260718-18-10,5,5393,藤原駿,25,大阪,56.0,B2,1.51,0.0,1.32,0.0,24,30.0,35,33.33,656 6,4,https://www1.mbrace.or.jp/od2/B/202607/b260718.lzh,2026-10-03T18:27:30.928093+09:00
20260718,18,徳山,10,20260718-18-10,6,4113,木村浩士,45,群馬,57.0,B1,4.62,22.62,3.88,12.5,31,32.14,64,36.09,513 2,2,https://www1.mbrace.or.jp/od2/B/202607/b260718.lzh,2026-10-03T18:27:30.928093+09:00
20260718,18,徳山,11,20260718-18-11,1,4287,今井貴士,41,福岡,57.0,A2,6.47,44.57,6.15,33.33,51,23.73,23,33.73,464 14,6,https://www1.mbrace.or.jp/od2/B/202607/b260718.lzh,2026-10-03T18:27:30.928093+09:00
20260718,18,徳山,11,20260718-18-11,2,4427,秦英悟,40,大阪,53.0,A1,6.72,48.72,7.52,61.9,27,41.67,50,37.65,13123,2,https://www1.mbrace.or.jp/od2/B/202607/b260718.lzh,2026-10-03T18:27:30.928093+09:00
20260718,18,徳山,11,20260718-18-11,3,5172,田村慶,25,徳島,51.0,B1,4.7,27.27,3.06,5.71,50,37.7,72,33.94,452 1,7,https://www1.mbrace.or.jp/od2/B/202607/b260718.lzh,2026-10-03T18:27:30.928093+09:00
20260718,18,徳山,11,20260718-18-11,4,4486,野村誠,40,群馬,53.0,A2,5.85,40.95,6.54,50.0,58,30.77,53,32.75,324443,,https://www1.mbrace.or.jp/od2/B/202607/b260718.lzh,2026-10-03T18:27:30.928093+09:00
20260718,18,徳山,11,20260718-18-11,5,5463,出口飛龍,19,大阪,53.0,B2,1.05,0.0,0.0,0.0,28,26.23,25,29.52,6 6 65,3,https://www1.mbrace.or.jp/od2/B/202607/b260718.lzh,2026-10-03T18:27:30.928093+09:00
20260718,18,徳山,11,20260718-18-11,6,3742,宮地秀祈,52,福岡,53.0,B1,4.9,29.11,4.65,22.58,39,31.67,39,31.18,5 112,5,https://www1.mbrace.or.jp/od2/B/202607/b260718.lzh,2026-10-03T18:27:30.928093+09:00
20260718,18,徳山,12,20260718-18-12,1,4019,笠原亮,46,静岡,53.0,A1,7.0,52.54,6.75,37.5,32,21.88,37,33.14,212 53,4,https://www1.mbrace.or.jp/od2/B/202607/b260718.lzh,2026-10-03T18:27:30.928093+09:00
20260718,18,徳山,12,20260718-18-12,2,4754,松尾充,37,三重,52.0,A2,6.31,42.64,6.11,52.63,42,30.36,62,39.02,133316,,https://www1.mbrace.or.jp/od2/B/202607/b260718.lzh,2026-10-03T18:27:30.928093+09:00
20260718,18,徳山,12,20260718-18-12,3,3973,崎利仁,49,群馬,54.0,B1,4.31,22.55,3.88,25.0,19,54.1,48,31.18,243 24,,https://www1.mbrace.or.jp/od2/B/202607/b260718.lzh,2026-10-03T18:27:30.928093+09:00
20260718,18,徳山,12,20260718-18-12,4,4485,楠原正剛,40,福岡,56.0,B1,5.08,30.19,5.27,27.27,40,29.51,29,31.33,4 513,8,https://www1.mbrace.or.jp/od2/B/202607/b260718.lzh,2026-10-03T18:27:30.928093+09:00
20260718,18,徳山,12,20260718-18-12,5,4066,東本勝利,46,三重,54.0,A2,6.13,39.62,5.52,32.26,30,37.68,51,31.36,32521,3,https://www1.mbrace.or.jp/od2/B/202607/b260718.lzh,2026-10-03T18:27:30.928093+09:00
20260718,18,徳山,12,20260718-18-12,6,5023,久永祥平,31,東京,52.0,A2,5.88,35.0,6.8,40.0,21,24.44,47,34.71,655 23,5,https://www1.mbrace.or.jp/od2/B/202607/b260718.lzh,2026-10-03T18:27:30.928093+09:00
20260718,17,宮島,1,20260718-17-01,1,4811,向井田佑,37,広島,50.0,B1,4.88,27.62,5.28,33.05,33,34.76,64,29.61,1 2353,11,https://www1.mbrace.or.jp/od2/B/202607/b260718.lzh,2026-10-03T18:27:30.928093+09:00
20260718,17,宮島,1,20260718-17-01,2,4853,前原哉,31,岡山,45.0,B1,4.76,23.61,4.17,20.0,67,35.6,26,27.46,4 335,9,https://www1.mbrace.or.jp/od2/B/202607/b260718.lzh,2026-10-03T18:27:30.928093+09:00
20260718,17,宮島,1,20260718-17-01,3,4150,山田雄太,44,静岡,57.0,A2,5.88,44.12,5.25,30.0,56,33.52,81,27.41,1 1445,10,https://www1.mbrace.or.jp/od2/B/202607/b260718.lzh,2026-10-03T18:27:30.928093+09:00
20260718,17,宮島,1,20260718-17-01,4,5300,横田海人,23,愛知,52.0,B1,2.07,4.71,0.0,0.0,31,27.91,14,31.71,6 666,7,https://www1.mbrace.or.jp/od2/B/202607/b260718.lzh,2026-10-03T18:27:30.928093+09:00
20260718,17,宮島,1,20260718-17-01,5,5071,野見山拓,31,福岡,53.0,B1,4.38,21.79,0.0,0.0,27,32.39,75,31.91,364 4,6,https://www1.mbrace.or.jp/od2/B/202607/b260718.lzh,2026-10-03T18:27:30.928093+09:00
20260718,17,宮島,1,20260718-17-01,6,5144,中尾彩香,25,福岡,47.0,B1,5.2,33.67,5.0,22.22,82,32.75,23,34.94,6 5 43,8,https://www1.mbrace.or.jp/od2/B/202607/b260718.lzh,2026-10-03T18:27:30.928093+09:00
20260718,17,宮島,2,20260718-17-02,1,5317,長尾萌加,25,岡山,46.0,B1,4.76,22.33,4.56,8.0,24,32.54,38,33.68,625 1,8,https://www1.mbrace.or.jp/od2/B/202607/b260718.lzh,2026-10-03T18:27:30.928093+09:00
20260718,17,宮島,2,20260718-17-02,2,4133,高橋正男,46,兵庫,52.0,A2,6.48,55.43,5.62,42.86,58,43.78,69,28.4,64123,10,https://www1.mbrace.or.jp/od2/B/202607/b260718.lzh,2026-10-03T18:27:30.928093+09:00
20260718,17,宮島,2,20260718-17-02,3,3745,橋本年光,51,兵庫,53.0,B1,5.08,27.91,6.0,42.31,53,30.81,59,34.57,63122,11,https://www1.mbrace.or.jp/od2/B/202607/b260718.lzh,2026-10-03T18:27:30.928093+09:00
20260718,17,宮島,2,20260718-17-02,4,5405,竹内来,22,愛知,51.0,B1,2.3,1.59,0.0,0.0,79,36.42,57,37.85,5 366,7,https://www1.mbrace.or.jp/od2/B/202607/b260718.lzh,2026-10-03T18:27:30.928093+09:00
20260718,17,宮島,2,20260718-17-02,5,5446,長嶺真李,24,福岡,53.0,B2,1.3,0.0,0.0,0.0,55,39.9,52,26.24,6 666,9,https://www1.mbrace.or.jp/od2/B/202607/b260718.lzh,2026-10-03T18:27:30.928093+09:00
20260718,17,宮島,2,20260718-17-02,6,4574,東潤樹,37,広島,52.0,A2,5.37,33.33,5.59,39.73,66,42.86,66,32.45,424 32,9,https://www1.mbrace.or.jp/od2/B/202607/b260718.lzh,2026-10-03T18:27:30.928093+09:00
20260718,17,宮島,3,20260718-17-03,1,4257,古川健,42,広島,52.0,B1,4.58,25.0,5.33,35.63,19,29.89,36,31.71,142 26,10,https://www1.mbrace.or.jp/od2/B/202607/b260718.lzh,2026-10-03T18:27:30.928093+09:00
20260718,17,宮島,3,20260718-17-03,2,4068,幸田智裕,46,静岡,54.0,B1,4.95,23.23,4.39,27.78,62,31.63,61,36.07,456 24,,https://www1.mbrace.or.jp/od2/B/202607/b260718.lzh,2026-10-03T18:27:30.928093+09:00
20260718,17,宮島,3,20260718-17-03,3,4509,平見真彦,37,愛知,54.0,A2,5.72,35.53,4.69,25.64,36,32.98,79,29.59,34361,9,https://www1.mbrace.or.jp/od2/B/202607/b260718.lzh,2026-10-03T18:27:30.928093+09:00
20260718,17,宮島,3,20260718-17-03,4,5358,増本杏珠,20,福岡,49.0,B2,2.5,4.17,2.33,0.0,11,39.13,71,32.67,5 546,8,https://www1.mbrace.or.jp/od2/B/202607/b260718.lzh,2026-10-03T18:27:30.928093+09:00
20260718,17,宮島,3,20260718-17-03,5,4425,大井清貴,40,山口,55.0,B1,4.65,21.52,4.4,28.0,13,25.0,34,27.59,412 13,12,https://www1.mbrace.or.jp/od2/B/202607/b260718.lzh,2026-10-03T18:27:30.928093+09:00
20260718,17,宮島,3,20260718-17-03,6,5398,鐘ヶ江真,24,福岡,53.0,B1,4.22,21.3,0.0,0.0,23,32.57,68,36.84,5 552,9,https://www1.mbrace.or.jp/od2/B/202607/b260718.lzh,2026-10-03T18:27:30.928093+09:00
20260718,17,宮島,4,20260718-17-04,1,4776,竹田和哉,32,香川,52.0,A1,6.82,47.66,6.11,35.71,18,34.07,62,41.67,431111,10,https://www1.mbrace.or.jp/od2/B/202607/b260718.lzh,2026-10-03T18:27:30.928093+09:00
20260718,17,宮島,4,20260718-17-04,2,4293,鈴木智啓,40,愛知,60.0,B1,5.04,29.91,5.0,26.32,16,36.47,12,36.78,152 66,,https://www1.mbrace.or.jp/od2/B/202607/b260718.lzh,2026-10-03T18:27:30.928093+09:00
20260718,17,宮島,4,20260718-17-04,3,4006,小野勇作,48,佐賀,50.0,B1,4.96,29.29,5.31,39.58,72,45.86,54,28.43,234 32,12,https://www1.mbrace.or.jp/od2/B/202607/b260718.lzh,2026-10-03T18:27:30.928093+09:00
20260718,17,宮島,4,20260718-17-04,4,5389,恵良琴美,19,福岡,42.0,B1,2.18,0.0,1.46,4.17,59,32.24,28,23.88,3 6 46,8,https://www1.mbrace.or.jp/od2/B/202607/b260718.lzh,2026-10-03T18:27:30.928093+09:00
20260718,17,宮島,4,20260718-17-04,5,4840,鈴木秀茉,34,静岡,52.0,B1,5.06,33.33,0.0,0.0,60,37.06,32,34.9,2 6363,,https://www1.mbrace.or.jp/od2/B/202607/b260718.lzh,2026-10-03T18:27:30.928093+09:00
20260718,17,宮島,4,20260718-17-04,6,3265,今村暢孝,61,福岡,51.0,A2,6.05,43.37,6.38,45.83,80,26.8,17,40.76,2 2211,11,https://www1.mbrace.or.jp/od2/B/202607/b260718.lzh,2026-10-03T18:27:30.928093+09:00
20260718,17,宮島,5,20260718-17-05,1,4058,野末智一,47,静岡,52.0,A1,6.05,43.51,5.17,27.78,65,41.45,27,38.46,41353,11,https://www1.mbrace.or.jp/od2/B/202607/b260718.lzh,2026-10-03T18:27:30.928093+09:00
20260718,17,宮島,5,20260718-17-05,2,3730,塩崎優司,54,愛知,52.0,B1,4.88,31.4,0.0,0.0,68,27.07,20,33.54,565 55,,https://www1.mbrace.or.jp/od2/B/202607/b260718.lzh,2026-10-03T18:27:30.928093+09:00
20260718,17,宮島,5,20260718-17-05,3,5348,小林甘寧,22,広島,53.0,B1,5.05,33.75,3.23,15.94,61,35.71,16,40.21,3 2 33,12,https://www1.mbrace.or.jp/od2/B/202607/b260718.lzh,2026-10-03T18:27:30.928093+09:00
20260718,17,宮島,5,20260718-17-05,4,4527,高野心吾,38,愛知,51.0,B1,4.53,24.05,0.0,0.0,74,26.62,29,48.26,5 4145,,https://www1.mbrace.or.jp/od2/B/202607/b260718.lzh,2026-10-03T18:27:30.928093+09:00
20260718,17,宮島,5,20260718-17-05,5,3701,大西隆洋,53,香川,56.0,B1,4.26,18.18,3.57,8.7,69,28.18,21,34.38,432 46,9,https://www1.mbrace.or.jp/od2/B/202607/b260718.lzh,2026-10-03T18:27:30.928093+09:00
20260718,17,宮島,5,20260718-17-05,6,4184,渡邊雄一,40,大阪,52.0,A1,7.02,52.43,5.6,40.0,70,34.55,60,28.47,111521,10,https://www1.mbrace.or.jp/od2/B/202607/b260718.lzh,2026-10-03T18:27:30.928093+09:00
20260718,17,宮島,6,20260718-17-06,1,3054,北川幸典,63,広島,54.0,B1,5.51,31.87,5.69,41.05,71,31.93,25,31.98,16122,11,https://www1.mbrace.or.jp/od2/B/202607/b260718.lzh,2026-10-03T18:27:30.928093+09:00
20260718,17,宮島,6,20260718-17-06,2,5071,野見山拓,31,福岡,53.0,B1,4.38,21.79,0.0,0.0,27,32.39,75,31.91,364 4,1,https://www1.mbrace.or.jp/od2/B/202607/b260718.lzh,2026-10-03T18:27:30.928093+09:00
20260718,17,宮島,6,20260718-17-06,3,4666,日笠勝弘,42,大阪,52.0,B1,3.93,21.62,4.4,23.81,39,34.05,73,36.36,5 4154,,https://www1.mbrace.or.jp/od2/B/202607/b260718.lzh,2026-10-03T18:27:30.928093+09:00
20260718,17,宮島,6,20260718-17-06,4,3934,鋤柄貴俊,49,愛知,52.0,B1,4.99,25.62,4.72,27.78,52,33.33,55,25.0,14431,10,https://www1.mbrace.or.jp/od2/B/202607/b260718.lzh,2026-10-03T18:27:30.928093+09:00
20260718,17,宮島,6,20260718-17-06,5,4252,松下哲也,43,福岡,52.0,B1,4.36,18.82,4.19,18.52,14,25.14,22,34.17,564 25,,https://www1.mbrace.or.jp/od2/B/202607/b260718.lzh,2026-10-03T18:27:30.928093+09:00
20260718,17,宮島,6,20260718-17-06,6,4826,井上一輝,32,大阪,52.0,A1,6.92,47.57,8.0,68.97,25,37.95,39,32.98,141111,12,https://www1.mbrace.or.jp/od2/B/202607/b260718.lzh,2026-10-03T18:27:30.928093+09:00
20260718,17,宮島,7,20260718-17-07,1,4772,石丸海渡,33,香川,54.0,A1,6.75,51.92,7.7,65.0,35,24.84,50,27.78,222123,11,https://www1.mbrace.or.jp/od2/B/202607/b260718.lzh,2026-10-03T18:27:30.928093+09:00
20260718,17,宮島,7,20260718-17-07,2,3910,松下知幸,52,香川,52.0,B1,4.13,19.78,4.23,15.91,77,28.57,65,33.85,3 3564,,https://www1.mbrace.or.jp/od2/B/202607/b260718.lzh,2026-10-03T18:27:30.928093+09:00
20260718,17,宮島,7,20260718-17-07,3,3981,今坂晃広,48,静岡,54.0,B1,3.9,17.59,4.19,25.0,22,26.62,33,24.62,226 55,,https://www1.mbrace.or.jp/od2/B/202607/b260718.lzh,2026-10-03T18:27:30.928093+09:00
20260718,17,宮島,7,20260718-17-07,4,4015,前野竜一,46,山口,58.0,A2,5.99,38.26,6.15,40.0,38,48.98,78,39.89,3 3312,12,https://www1.mbrace.or.jp/od2/B/202607/b260718.lzh,2026-10-03T18:27:30.928093+09:00
20260718,17,宮島,7,20260718-17-07,5,5405,竹内来,22,愛知,51.0,B1,2.3,1.59,0.0,0.0,79,36.42,57,37.85,5 366,2,https://www1.mbrace.or.jp/od2/B/202607/b260718.lzh,2026-10-03T18:27:30.928093+09:00
20260718,17,宮島,7,20260718-17-07,6,5300,横田海人,23,愛知,52.0,B1,2.07,4.71,0.0,0.0,31,27.91,14,31.71,6 666,1,https://www1.mbrace.or.jp/od2/B/202607/b260718.lzh,2026-10-03T18:27:30.928093+09:00
20260718,17,宮島,8,20260718-17-08,1,4387,平山智加,41,香川,46.0,A1,6.7,46.46,7.16,54.0,57,37.84,53,31.16,155524,,https://www1.mbrace.or.jp/od2/B/202607/b260718.lzh,2026-10-03T18:27:30.928093+09:00
20260718,17,宮島,8,20260718-17-08,2,4313,西村美智,42,香川,50.0,A2,5.18,35.16,6.0,30.0,30,41.05,30,26.49,234 34,12,https://www1.mbrace.or.jp/od2/B/202607/b260718.lzh,2026-10-03T18:27:30.928093+09:00
20260718,17,宮島,8,20260718-17-08,3,5358,増本杏珠,20,福岡,49.0,B2,2.5,4.17,2.33,0.0,11,39.13,71,32.67,5 546,3,https://www1.mbrace.or.jp/od2/B/202607/b260718.lzh,2026-10-03T18:27:30.928093+09:00
20260718,17,宮島,8,20260718-17-08,4,5144,中尾彩香,25,福岡,47.0,B1,5.2,33.67,5.0,22.22,82,32.75,23,34.94,6 5 43,1,https://www1.mbrace.or.jp/od2/B/202607/b260718.lzh,2026-10-03T18:27:30.928093+09:00
20260718,17,宮島,8,20260718-17-08,5,5389,恵良琴美,19,福岡,42.0,B1,2.18,0.0,1.46,4.17,59,32.24,28,23.88,3 6 46,4,https://www1.mbrace.or.jp/od2/B/202607/b260718.lzh,2026-10-03T18:27:30.928093+09:00
20260718,17,宮島,8,20260718-17-08,6,5317,長尾萌加,25,岡山,46.0,B1,4.76,22.33,4.56,8.0,24,32.54,38,33.68,625 1,2,https://www1.mbrace.or.jp/od2/B/202607/b260718.lzh,2026-10-03T18:27:30.928093+09:00
20260718,17,宮島,9,20260718-17-09,1,4509,平見真彦,37,愛知,54.0,A2,5.72,35.53,4.69,25.64,36,32.98,79,29.59,34361,3,https://www1.mbrace.or.jp/od2/B/202607/b260718.lzh,2026-10-03T18:27:30.928093+09:00
20260718,17,宮島,9,20260718-17-09,2,3701,大西隆洋,53,香川,56.0,B1,4.26,18.18,3.57,8.7,69,28.18,21,34.38,432 46,5,https://www1.mbrace.or.jp/od2/B/202607/b260718.lzh,2026-10-03T18:27:30.928093+09:00
20260718,17,宮島,9,20260718-17-09,3,4574,東潤樹,37,広島,52.0,A2,5.37,33.33,5.59,39.73,66,42.86,66,32.45,424 32,2,https://www1.mbrace.or.jp/od2/B/202607/b260718.lzh,2026-10-03T18:27:30.928093+09:00
20260718,17,宮島,9,20260718-17-09,4,5398,鐘ヶ江真,24,福岡,53.0,B1,4.22,21.3,0.0,0.0,23,32.57,68,36.84,5 552,3,https://www1.mbrace.or.jp/od2/B/202607/b260718.lzh,2026-10-03T18:27:30.928093+09:00
20260718,17,宮島,9,20260718-17-09,5,4853,前原哉,31,岡山,45.0,B1,4.76,23.61,4.17,20.0,67,35.6,26,27.46,4 335,1,https://www1.mbrace.or.jp/od2/B/202607/b260718.lzh,2026-10-03T18:27:30.928093+09:00
20260718,17,宮島,9,20260718-17-09,6,5446,長嶺真李,24,福岡,53.0,B2,1.3,0.0,0.0,0.0,55,39.9,52,26.24,6 666,2,https://www1.mbrace.or.jp/od2/B/202607/b260718.lzh,2026-10-03T18:27:30.928093+09:00
20260718,17,宮島,10,20260718-17-10,1,4184,渡邊雄一,40,大阪,52.0,A1,7.02,52.43,5.6,40.0,70,34.55,60,28.47,111521,5,https://www1.mbrace.or.jp/od2/B/202607/b260718.lzh,2026-10-03T18:27:30.928093+09:00
20260718,17,宮島,10,20260718-17-10,2,4776,竹田和哉,32,香川,52.0,A1,6.82,47.66,6.11,35.71,18,34.07,62,41.67,431111,4,https://www1.mbrace.or.jp/od2/B/202607/b260718.lzh,2026-10-03T18:27:30.928093+09:00
20260718,17,宮島,10,20260718-17-10,3,3934,鋤柄貴俊,49,愛知,52.0,B1,4.99,25.62,4.72,27.78,52,33.33,55,25.0,14431,6,https://www1.mbrace.or.jp/od2/B/202607/b260718.lzh,2026-10-03T18:27:30.928093+09:00
20260718,17,宮島,10,20260718-17-10,4,4150,山田雄太,44,静岡,57.0,A2,5.88,44.12,5.25,30.0,56,33.52,81,27.41,1 1445,1,https://www1.mbrace.or.jp/od2/B/202607/b260718.lzh,2026-10-03T18:27:30.928093+09:00
20260718,17,宮島,10,20260718-17-10,5,4133,高橋正男,46,兵庫,52.0,A2,6.48,55.43,5.62,42.86,58,43.78,69,28.4,64123,2,https://www1.mbrace.or.jp/od2/B/202607/b260718.lzh,2026-10-03T18:27:30.928093+09:00
20260718,17,宮島,10,20260718-17-10,6,4257,古川健,42,広島,52.0,B1,4.58,25.0,5.33,35.63,19,29.89,36,31.71,142 26,3,https://www1.mbrace.or.jp/od2/B/202607/b260718.lzh,2026-10-03T18:27:30.928093+09:00
20260718,17,宮島,11,20260718-17-11,1,3265,今村暢孝,61,福岡,51.0,A2,6.05,43.37,6.38,45.83,80,26.8,17,40.76,2 2211,4,https://www1.mbrace.or.jp/od2/B/202607/b260718.lzh,2026-10-03T18:27:30.928093+09:00
20260718,17,宮島,11,20260718-17-11,2,4772,石丸海渡,33,香川,54.0,A1,6.75,51.92,7.7,65.0,35,24.84,50,27.78,222123,7,https://www1.mbrace.or.jp/od2/B/202607/b260718.lzh,2026-10-03T18:27:30.928093+09:00
20260718,17,宮島,11,20260718-17-11,3,3054,北川幸典,63,広島,54.0,B1,5.51,31.87,5.69,41.05,71,31.93,25,31.98,16122,6,https://www1.mbrace.or.jp/od2/B/202607/b260718.lzh,2026-10-03T18:27:30.928093+09:00
20260718,17,宮島,11,20260718-17-11,4,3745,橋本年光,51,兵庫,53.0,B1,5.08,27.91,6.0,42.31,53,30.81,59,34.57,63122,2,https://www1.mbrace.or.jp/od2/B/202607/b260718.lzh,2026-10-03T18:27:30.928093+09:00
20260718,17,宮島,11,20260718-17-11,5,4811,向井田佑,37,広島,50.0,B1,4.88,27.62,5.28,33.05,33,34.76,64,29.61,1 2353,1,https://www1.mbrace.or.jp/od2/B/202607/b260718.lzh,2026-10-03T18:27:30.928093+09:00
20260718,17,宮島,11,20260718-17-11,6,4058,野末智一,47,静岡,52.0,A1,6.05,43.51,5.17,27.78,65,41.45,27,38.46,41353,5,https://www1.mbrace.or.jp/od2/B/202607/b260718.lzh,2026-10-03T18:27:30.928093+09:00
20260718,17,宮島,12,20260718-17-12,1,4826,井上一輝,32,大阪,52.0,A1,6.92,47.57,8.0,68.97,25,37.95,39,32.98,141111,6,https://www1.mbrace.or.jp/od2/B/202607/b260718.lzh,2026-10-03T18:27:30.928093+09:00
20260718,17,宮島,12,20260718-17-12,2,4425,大井清貴,40,山口,55.0,B1,4.65,21.52,4.4,28.0,13,25.0,34,27.59,412 13,3,https://www1.mbrace.or.jp/od2/B/202607/b260718.lzh,2026-10-03T18:27:30.928093+09:00
20260718,17,宮島,12,20260718-17-12,3,4015,前野竜一,46,山口,58.0,A2,5.99,38.26,6.15,40.0,38,48.98,78,39.89,3 3312,7,https://www1.mbrace.or.jp/od2/B/202607/b260718.lzh,2026-10-03T18:27:30.928093+09:00
20260718,17,宮島,12,20260718-17-12,4,4006,小野勇作,48,佐賀,50.0,B1,4.96,29.29,5.31,39.58,72,45.86,54,28.43,234 32,4,https://www1.mbrace.or.jp/od2/B/202607/b260718.lzh,2026-10-03T18:27:30.928093+09:00
20260718,17,宮島,12,20260718-17-12,5,5348,小林甘寧,22,広島,53.0,B1,5.05,33.75,3.23,15.94,61,35.71,16,40.21,3 2 33,5,https://www1.mbrace.or.jp/od2/B/202607/b260718.lzh,2026-10-03T18:27:30.928093+09:00
20260718,17,宮島,12,20260718-17-12,6,4313,西村美智,42,香川,50.0,A2,5.18,35.16,6.0,30.0,30,41.05,30,26.49,234 34,8,https://www1.mbrace.or.jp/od2/B/202607/b260718.lzh,2026-10-03T18:27:30.928093+09:00
20260718,16,児島,1,20260718-16-01,1,4558,宮野仁,36,岡山,55.0,B1,4.36,26.53,4.91,27.78,13,34.32,24,32.24,5,9,https://www1.mbrace.or.jp/od2/B/202607/b260718.lzh,2026-10-03T18:27:30.928093+09:00
20260718,16,児島,1,20260718-16-01,2,5249,三木晴斗,24,徳島,54.0,B1,5.2,30.26,3.39,6.52,35,47.5,71,44.3,65,,https://www1.mbrace.or.jp/od2/B/202607/b260718.lzh,2026-10-03T18:27:30.928093+09:00
20260718,16,児島,1,20260718-16-01,3,4568,廣瀬真也,38,東京,51.0,B1,5.49,31.68,4.0,33.33,21,38.51,20,32.24,45,,https://www1.mbrace.or.jp/od2/B/202607/b260718.lzh,2026-10-03T18:27:30.928093+09:00
20260718,16,児島,1,20260718-16-01,4,5382,山下心一,21,福岡,52.0,B1,2.15,2.82,2.22,11.11,50,39.38,34,43.92,6,6,https://www1.mbrace.or.jp/od2/B/202607/b260718.lzh,2026-10-03T18:27:30.928093+09:00
20260718,16,児島,1,20260718-16-01,5,4639,雑賀勇貴,35,大阪,54.0,B1,4.68,28.57,4.5,25.0,53,35.4,12,31.76,6,5,https://www1.mbrace.or.jp/od2/B/202607/b260718.lzh,2026-10-03T18:27:30.928093+09:00
20260718,16,児島,1,20260718-16-01,6,5076,石原光,30,静岡,54.0,B1,5.15,34.29,2.54,7.69,66,34.94,61,32.68,46,,https://www1.mbrace.or.jp/od2/B/202607/b260718.lzh,2026-10-03T18:27:30.928093+09:00
20260718,16,児島,2,20260718-16-02,1,4871,菊池宏志,34,山口,54.0,B1,4.73,28.24,5.05,31.58,63,34.94,65,33.56,36,,https://www1.mbrace.or.jp/od2/B/202607/b260718.lzh,2026-10-03T18:27:30.928093+09:00
20260718,16,児島,2,20260718-16-02,2,3304,烏野賢太,58,徳島,52.0,A1,5.6,32.54,5.95,45.45,31,36.42,45,36.13,3,10,https://www1.mbrace.or.jp/od2/B/202607/b260718.lzh,2026-10-03T18:27:30.928093+09:00
20260718,16,児島,2,20260718-16-02,3,5376,吉田一心,22,大阪,51.0,B1,4.88,28.24,4.33,22.22,11,29.63,74,36.24,6,9,https://www1.mbrace.or.jp/od2/B/202607/b260718.lzh,2026-10-03T18:27:30.928093+09:00
20260718,16,児島,2,20260718-16-02,4,4526,池田雄祐,38,愛知,51.0,A2,5.78,41.67,5.34,23.68,17,40.25,52,35.71,6,11,https://www1.mbrace.or.jp/od2/B/202607/b260718.lzh,2026-10-03T18:27:30.928093+09:00
20260718,16,児島,2,20260718-16-02,5,3866,木山誠一,51,岡山,54.0,B1,4.91,31.91,3.17,16.67,28,31.48,48,32.21,66,,https://www1.mbrace.or.jp/od2/B/202607/b260718.lzh,2026-10-03T18:27:30.928093+09:00
20260718,16,児島,2,20260718-16-02,6,5219,森口和紀,25,福岡,52.0,B1,5.2,38.75,3.48,13.04,12,43.64,75,37.12,5,7,https://www1.mbrace.or.jp/od2/B/202607/b260718.lzh,2026-10-03T18:27:30.928093+09:00
20260718,16,児島,3,20260718-16-03,1,5368,宮崎心之,24,埼玉,51.0,B1,5.89,40.28,2.67,0.0,27,36.25,17,33.33,2,8,https://www1.mbrace.or.jp/od2/B/202607/b260718.lzh,2026-10-03T18:27:30.928093+09:00
20260718,16,児島,3,20260718-16-03,2,4069,山本修一,45,岡山,54.0,A2,6.1,43.41,5.97,37.58,45,30.77,44,31.33,31,11,https://www1.mbrace.or.jp/od2/B/202607/b260718.lzh,2026-10-03T18:27:30.928093+09:00
20260718,16,児島,3,20260718-16-03,3,4608,荒井翔伍,36,東京,54.0,A2,5.88,40.32,6.26,36.84,30,37.35,19,37.58,1,12,https://www1.mbrace.or.jp/od2/B/202607/b260718.lzh,2026-10-03T18:27:30.928093+09:00
20260718,16,児島,3,20260718-16-03,4,4625,渡邊裕貴,40,静岡,53.0,B1,5.58,38.46,3.83,17.24,16,41.77,58,35.71,4,7,https://www1.mbrace.or.jp/od2/B/202607/b260718.lzh,2026-10-03T18:27:30.928093+09:00
20260718,16,児島,3,20260718-16-03,5,5232,樅山拓馬,28,愛知,52.0,B1,5.09,26.58,5.09,26.47,34,30.63,70,34.01,3,10,https://www1.mbrace.or.jp/od2/B/202607/b260718.lzh,2026-10-03T18:27:30.928093+09:00
20260718,16,児島,3,20260718-16-03,6,4942,柴田朋哉,36,福岡,54.0,B1,5.59,37.11,4.63,29.17,58,36.48,23,35.95,4,,https://www1.mbrace.or.jp/od2/B/202607/b260718.lzh,2026-10-03T18:27:30.928093+09:00
20260718,16,児島,4,20260718-16-04,1,3686,鳥居塚孝,51,群馬,52.0,A2,6.14,40.57,0.0,0.0,36,34.94,29,35.95,3,12,https://www1.mbrace.or.jp/od2/B/202607/b260718.lzh,2026-10-03T18:27:30.928093+09:00
20260718,16,児島,4,20260718-16-04,2,4880,澤崎雄哉,31,東京,52.0,B1,5.34,35.56,6.78,55.56,38,34.94,57,33.55,5,9,https://www1.mbrace.or.jp/od2/B/202607/b260718.lzh,2026-10-03T18:27:30.928093+09:00
20260718,16,児島,4,20260718-16-04,3,4076,杉田篤光,47,静岡,52.0,B1,5.07,30.3,4.97,30.56,42,32.1,35,31.79,44,,https://www1.mbrace.or.jp/od2/B/202607/b260718.lzh,2026-10-03T18:27:30.928093+09:00
20260718,16,児島,4,20260718-16-04,4,3454,井川大作,55,岡山,56.0,B1,5.6,41.18,4.88,26.5,52,29.09,59,30.92,1,10,https://www1.mbrace.or.jp/od2/B/202607/b260718.lzh,2026-10-03T18:27:30.928093+09:00
20260718,16,児島,4,20260718-16-04,5,3662,大庭元明,56,福岡,56.0,B1,5.05,34.12,5.11,36.84,39,37.74,42,36.13,42,,https://www1.mbrace.or.jp/od2/B/202607/b260718.lzh,2026-10-03T18:27:30.928093+09:00
20260718,16,児島,4,20260718-16-04,6,4931,木谷賢太,30,香川,54.0,A1,6.82,49.6,6.33,41.3,55,51.88,39,37.01,14,11,https://www1.mbrace.or.jp/od2/B/202607/b260718.lzh,2026-10-03T18:27:30.928093+09:00
20260718,16,児島,5,20260718-16-05,1,4639,雑賀勇貴,35,大阪,54.0,B1,4.68,28.57,4.5,25.0,53,35.4,12,31.76,6,1,https://www1.mbrace.or.jp/od2/B/202607/b260718.lzh,2026-10-03T18:27:30.928093+09:00
20260718,16,児島,5,20260718-16-05,2,5236,小宮涼雅,27,広島,53.0,B1,4.22,22.55,3.52,6.73,20,48.5,56,32.0,14,11,https://www1.mbrace.or.jp/od2/B/202607/b260718.lzh,2026-10-03T18:27:30.928093+09:00
20260718,16,児島,5,20260718-16-05,3,4308,河村了,42,愛知,52.0,A1,6.85,50.0,8.0,55.56,23,32.32,68,37.01,1,12,https://www1.mbrace.or.jp/od2/B/202607/b260718.lzh,2026-10-03T18:27:30.928093+09:00
20260718,16,児島,5,20260718-16-05,4,4894,原村拓也,35,香川,51.0,B1,4.55,21.0,5.48,30.77,62,38.13,36,32.69,23,,https://www1.mbrace.or.jp/od2/B/202607/b260718.lzh,2026-10-03T18:27:30.928093+09:00
20260718,16,児島,5,20260718-16-05,5,5008,羽野諒,29,福岡,53.0,B1,4.6,24.0,4.25,37.5,47,25.0,73,32.45,3,9,https://www1.mbrace.or.jp/od2/B/202607/b260718.lzh,2026-10-03T18:27:30.928093+09:00
20260718,16,児島,5,20260718-16-05,6,4500,山田康二,38,佐賀,55.0,A1,7.68,50.45,7.54,58.0,26,34.57,31,36.36,35,10,https://www1.mbrace.or.jp/od2/B/202607/b260718.lzh,2026-10-03T18:27:30.928093+09:00
20260718,16,児島,6,20260718-16-06,1,3557,太田和美,53,大阪,55.0,A1,6.51,48.28,8.05,80.0,64,30.3,64,36.42,22,12,https://www1.mbrace.or.jp/od2/B/202607/b260718.lzh,2026-10-03T18:27:30.928093+09:00
20260718,16,児島,6,20260718-16-06,2,5332,村松遥輝,22,静岡,53.0,B1,3.9,22.54,2.56,0.0,61,34.38,22,31.58,32,,https://www1.mbrace.or.jp/od2/B/202607/b260718.lzh,2026-10-03T18:27:30.928093+09:00
20260718,16,児島,6,20260718-16-06,3,4895,門間雄大,35,東京,55.0,A2,5.21,24.66,5.47,26.32,19,37.58,38,42.38,25,11,https://www1.mbrace.or.jp/od2/B/202607/b260718.lzh,2026-10-03T18:27:30.928093+09:00
20260718,16,児島,6,20260718-16-06,4,4231,鈴木裕隆,43,愛知,56.0,B1,5.5,33.6,5.35,32.26,24,30.38,32,34.0,53,,https://www1.mbrace.or.jp/od2/B/202607/b260718.lzh,2026-10-03T18:27:30.928093+09:00
20260718,16,児島,6,20260718-16-06,5,5382,山下心一,21,福岡,52.0,B1,2.15,2.82,2.22,11.11,50,39.38,34,43.92,6,1,https://www1.mbrace.or.jp/od2/B/202607/b260718.lzh,2026-10-03T18:27:30.928093+09:00
20260718,16,児島,6,20260718-16-06,6,3710,吉永泰弘,52,香川,53.0,B1,4.53,21.88,5.5,40.0,57,37.27,40,31.82,2,10,https://www1.mbrace.or.jp/od2/B/202607/b260718.lzh,2026-10-03T18:27:30.928093+09:00
20260718,16,児島,7,20260718-16-07,1,4435,服部達哉,40,愛知,56.0,A2,5.74,37.04,5.33,33.33,44,39.63,49,50.98,12,,https://www1.mbrace.or.jp/od2/B/202607/b260718.lzh,2026-10-03T18:27:30.928093+09:00
20260718,16,児島,7,20260718-16-07,2,5219,森口和紀,25,福岡,52.0,B1,5.2,38.75,3.48,13.04,12,43.64,75,37.12,5,2,https://www1.mbrace.or.jp/od2/B/202607/b260718.lzh,2026-10-03T18:27:30.928093+09:00
20260718,16,児島,7,20260718-16-07,3,4625,渡邊裕貴,40,静岡,53.0,B1,5.58,38.46,3.83,17.24,16,41.77,58,35.71,4,3,https://www1.mbrace.or.jp/od2/B/202607/b260718.lzh,2026-10-03T18:27:30.928093+09:00
20260718,16,児島,7,20260718-16-07,4,4166,吉田拡郎,44,岡山,54.0,A1,7.45,55.93,7.46,64.34,49,35.33,54,36.36,11,,https://www1.mbrace.or.jp/od2/B/202607/b260718.lzh,2026-10-03T18:27:30.928093+09:00
20260718,16,児島,7,20260718-16-07,5,4661,中島昂章,34,佐賀,53.0,A2,5.34,33.6,5.13,33.33,68,31.93,47,32.26,16,12,https://www1.mbrace.or.jp/od2/B/202607/b260718.lzh,2026-10-03T18:27:30.928093+09:00
20260718,16,児島,7,20260718-16-07,6,4735,角山雄哉,35,兵庫,54.0,B1,4.26,20.69,4.86,24.49,60,43.64,15,40.65,1,11,https://www1.mbrace.or.jp/od2/B/202607/b260718.lzh,2026-10-03T18:27:30.928093+09:00
20260718,16,児島,8,20260718-16-08,1,3482,金子猛志,55,群馬,60.0,B1,5.17,32.23,4.44,23.08,67,35.98,43,40.27,64,,https://www1.mbrace.or.jp/od2/B/202607/b260718.lzh,2026-10-03T18:27:30.928093+09:00
20260718,16,児島,8,20260718-16-08,2,4418,茅原悠紀,39,岡山,54.0,A1,7.56,50.45,8.45,76.84,69,33.33,30,33.11,23,12,https://www1.mbrace.or.jp/od2/B/202607/b260718.lzh,2026-10-03T18:27:30.928093+09:00
20260718,16,児島,8,20260718-16-08,3,5368,宮崎心之,24,埼玉,51.0,B1,5.89,40.28,2.67,0.0,27,36.25,17,33.33,2,3,https://www1.mbrace.or.jp/od2/B/202607/b260718.lzh,2026-10-03T18:27:30.928093+09:00
20260718,16,児島,8,20260718-16-08,4,4594,谷川祐一,44,滋賀,52.0,B1,6.07,44.79,5.62,33.33,56,37.27,51,32.41,42,,https://www1.mbrace.or.jp/od2/B/202607/b260718.lzh,2026-10-03T18:27:30.928093+09:00
20260718,16,児島,8,20260718-16-08,5,4976,金山立樹,32,東京,52.0,B1,5.02,29.03,0.0,0.0,22,32.32,50,38.16,2,,https://www1.mbrace.or.jp/od2/B/202607/b260718.lzh,2026-10-03T18:27:30.928093+09:00
20260718,16,児島,8,20260718-16-08,6,3514,山一鉄也,59,福岡,52.0,A2,6.08,43.31,5.24,30.95,41,33.73,27,34.87,53,,https://www1.mbrace.or.jp/od2/B/202607/b260718.lzh,2026-10-03T18:27:30.928093+09:00
20260718,16,児島,9,20260718-16-09,1,5376,吉田一心,22,大阪,51.0,B1,4.88,28.24,4.33,22.22,11,29.63,74,36.24,6,2,https://www1.mbrace.or.jp/od2/B/202607/b260718.lzh,2026-10-03T18:27:30.928093+09:00
20260718,16,児島,9,20260718-16-09,2,4953,尾上雅也,31,埼玉,55.0,A1,6.64,52.89,6.32,52.63,65,34.76,33,38.96,56,,https://www1.mbrace.or.jp/od2/B/202607/b260718.lzh,2026-10-03T18:27:30.928093+09:00
20260718,16,児島,9,20260718-16-09,3,5008,羽野諒,29,福岡,53.0,B1,4.6,24.0,4.25,37.5,47,25.0,73,32.45,3,5,https://www1.mbrace.or.jp/od2/B/202607/b260718.lzh,2026-10-03T18:27:30.928093+09:00
20260718,16,児島,9,20260718-16-09,4,4375,照屋厚仁,42,兵庫,52.0,A2,5.69,38.14,5.73,36.36,18,31.29,62,34.64,54,,https://www1.mbrace.or.jp/od2/B/202607/b260718.lzh,2026-10-03T18:27:30.928093+09:00
20260718,16,児島,9,20260718-16-09,5,4558,宮野仁,36,岡山,55.0,B1,4.36,26.53,4.91,27.78,13,34.32,24,32.24,5,1,https://www1.mbrace.or.jp/od2/B/202607/b260718.lzh,2026-10-03T18:27:30.928093+09:00
20260718,16,児島,9,20260718-16-09,6,4880,澤崎雄哉,31,東京,52.0,B1,5.34,35.56,6.78,55.56,38,34.94,57,33.55,5,4,https://www1.mbrace.or.jp/od2/B/202607/b260718.lzh,2026-10-03T18:27:30.928093+09:00
20260718,16,児島,10,20260718-16-10,1,5232,樅山拓馬,28,愛知,52.0,B1,5.09,26.58,5.09,26.47,34,30.63,70,34.01,3,3,https://www1.mbrace.or.jp/od2/B/202607/b260718.lzh,2026-10-03T18:27:30.928093+09:00
20260718,16,児島,10,20260718-16-10,2,4500,山田康二,38,佐賀,55.0,A1,7.68,50.45,7.54,58.0,26,34.57,31,36.36,35,5,https://www1.mbrace.or.jp/od2/B/202607/b260718.lzh,2026-10-03T18:27:30.928093+09:00
20260718,16,児島,10,20260718-16-10,3,3710,吉永泰弘,52,香川,53.0,B1,4.53,21.88,5.5,40.0,57,37.27,40,31.82,2,6,https://www1.mbrace.or.jp/od2/B/202607/b260718.lzh,2026-10-03T18:27:30.928093+09:00
20260718,16,児島,10,20260718-16-10,4,4159,向後龍一,45,埼玉,51.0,A2,6.53,51.26,6.04,34.0,40,26.71,26,37.91,15,,https://www1.mbrace.or.jp/od2/B/202607/b260718.lzh,2026-10-03T18:27:30.928093+09:00
20260718,16,児島,10,20260718-16-10,5,3454,井川大作,55,岡山,56.0,B1,5.6,41.18,4.88,26.5,52,29.09,59,30.92,1,4,https://www1.mbrace.or.jp/od2/B/202607/b260718.lzh,2026-10-03T18:27:30.928093+09:00
20260718,16,児島,10,20260718-16-10,6,3304,烏野賢太,58,徳島,52.0,A1,5.6,32.54,5.95,45.45,31,36.42,45,36.13,3,2,https://www1.mbrace.or.jp/od2/B/202607/b260718.lzh,2026-10-03T18:27:30.928093+09:00
20260718,16,児島,11,20260718-16-11,1,4526,池田雄祐,38,愛知,51.0,A2,5.78,41.67,5.34,23.68,17,40.25,52,35.71,6,2,https://www1.mbrace.or.jp/od2/B/202607/b260718.lzh,2026-10-03T18:27:30.928093+09:00
20260718,16,児島,11,20260718-16-11,2,4931,木谷賢太,30,香川,54.0,A1,6.82,49.6,6.33,41.3,55,51.88,39,37.01,14,4,https://www1.mbrace.or.jp/od2/B/202607/b260718.lzh,2026-10-03T18:27:30.928093+09:00
20260718,16,児島,11,20260718-16-11,3,4735,角山雄哉,35,兵庫,54.0,B1,4.26,20.69,4.86,24.49,60,43.64,15,40.65,1,7,https://www1.mbrace.or.jp/od2/B/202607/b260718.lzh,2026-10-03T18:27:30.928093+09:00
20260718,16,児島,11,20260718-16-11,4,4069,山本修一,45,岡山,54.0,A2,6.1,43.41,5.97,37.58,45,30.77,44,31.33,31,3,https://www1.mbrace.or.jp/od2/B/202607/b260718.lzh,2026-10-03T18:27:30.928093+09:00
20260718,16,児島,11,20260718-16-11,5,4895,門間雄大,35,東京,55.0,A2,5.21,24.66,5.47,26.32,19,37.58,38,42.38,25,6,https://www1.mbrace.or.jp/od2/B/202607/b260718.lzh,2026-10-03T18:27:30.928093+09:00
20260718,16,児島,11,20260718-16-11,6,5236,小宮涼雅,27,広島,53.0,B1,4.22,22.55,3.52,6.73,20,48.5,56,32.0,14,5,https://www1.mbrace.or.jp/od2/B/202607/b260718.lzh,2026-10-03T18:27:30.928093+09:00
20260718,16,児島,12,20260718-16-12,1,4418,茅原悠紀,39,岡山,54.0,A1,7.56,50.45,8.45,76.84,69,33.33,30,33.11,23,8,https://www1.mbrace.or.jp/od2/B/202607/b260718.lzh,2026-10-03T18:27:30.928093+09:00
20260718,16,児島,12,20260718-16-12,2,4661,中島昂章,34,佐賀,53.0,A2,5.34,33.6,5.13,33.33,68,31.93,47,32.26,16,7,https://www1.mbrace.or.jp/od2/B/202607/b260718.lzh,2026-10-03T18:27:30.928093+09:00
20260718,16,児島,12,20260718-16-12,3,3557,太田和美,53,大阪,55.0,A1,6.51,48.28,8.05,80.0,64,30.3,64,36.42,22,6,https://www1.mbrace.or.jp/od2/B/202607/b260718.lzh,2026-10-03T18:27:30.928093+09:00
20260718,16,児島,12,20260718-16-12,4,3686,鳥居塚孝,51,群馬,52.0,A2,6.14,40.57,0.0,0.0,36,34.94,29,35.95,3,4,https://www1.mbrace.or.jp/od2/B/202607/b260718.lzh,2026-10-03T18:27:30.928093+09:00
20260718,16,児島,12,20260718-16-12,5,4308,河村了,42,愛知,52.0,A1,6.85,50.0,8.0,55.56,23,32.32,68,37.01,1,5,https://www1.mbrace.or.jp/od2/B/202607/b260718.lzh,2026-10-03T18:27:30.928093+09:00
20260718,16,児島,12,20260718-16-12,6,4608,荒井翔伍,36,東京,54.0,A2,5.88,40.32,6.26,36.84,30,37.35,19,37.58,1,3,https://www1.mbrace.or.jp/od2/B/202607/b260718.lzh,2026-10-03T18:27:30.928093+09:00
20260718,13,尼崎,1,20260718-13-01,1,4208,三浦永理,43,静岡,46.0,A1,7.09,56.0,0.0,0.0,20,22.58,15,34.48,153 422216,10,https://www1.mbrace.or.jp/od2/B/202607/b260718.lzh,2026-10-03T18:27:30.928093+09:00
20260718,13,尼崎,1,20260718-13-01,2,4733,赤井睦,37,徳島,47.0,B1,5.07,33.33,5.84,53.13,3,40.63,61,32.76,453 241 34,9,https://www1.mbrace.or.jp/od2/B/202607/b260718.lzh,2026-10-03T18:27:30.928093+09:00
20260718,13,尼崎,1,20260718-13-01,3,4534,坂咲友理,36,大阪,45.0,B1,4.34,22.06,3.67,11.11,55,46.15,39,36.51,465 5 162,7,https://www1.mbrace.or.jp/od2/B/202607/b260718.lzh,2026-10-03T18:27:30.928093+09:00
20260718,13,尼崎,1,20260718-13-01,4,4243,西村歩,40,大阪,48.0,B1,5.54,38.54,5.04,32.08,45,37.88,57,46.03,511 523 24,11,https://www1.mbrace.or.jp/od2/B/202607/b260718.lzh,2026-10-03T18:27:30.928093+09:00
20260718,13,尼崎,1,20260718-13-01,5,5069,山崎小葉,25,群馬,44.0,B1,4.75,25.88,4.61,27.27,22,16.95,69,19.67,364 651 2,5,https://www1.mbrace.or.jp/od2/B/202607/b260718.lzh,2026-10-03T18:27:30.928093+09:00
20260718,13,尼崎,1,20260718-13-01,6,5264,登みひ果,26,兵庫,43.0,B1,4.92,25.0,4.11,20.22,21,12.9,17,27.59,155 314 64,7,https://www1.mbrace.or.jp/od2/B/202607/b260718.lzh,2026-10-03T18:27:30.928093+09:00
20260718,13,尼崎,2,20260718-13-02,1,3932,池田浩美,50,静岡,51.0,B1,4.69,32.0,3.1,20.0,13,39.34,58,28.57,265 6 262,7,https://www1.mbrace.or.jp/od2/B/202607/b260718.lzh,2026-10-03T18:27:30.928093+09:00
20260718,13,尼崎,2,20260718-13-02,2,5148,松本怜,32,福岡,47.0,B1,5.57,33.73,4.38,0.0,42,18.46,53,32.2,341 245 45,6,https://www1.mbrace.or.jp/od2/B/202607/b260718.lzh,2026-10-03T18:27:30.928093+09:00
20260718,13,尼崎,2,20260718-13-02,3,5241,門田栞,26,香川,48.0,B1,5.16,30.21,4.06,18.75,34,34.38,75,40.68,4 13153 46,10,https://www1.mbrace.or.jp/od2/B/202607/b260718.lzh,2026-10-03T18:27:30.928093+09:00
20260718,13,尼崎,2,20260718-13-02,4,3611,岩崎芳美,53,徳島,49.0,A2,6.12,40.86,5.76,33.33,15,35.09,21,42.37,1S242 6333,9,https://www1.mbrace.or.jp/od2/B/202607/b260718.lzh,2026-10-03T18:27:30.928093+09:00
20260718,13,尼崎,2,20260718-13-02,5,4414,大澤真菜,39,東京,45.0,B1,4.21,29.58,3.11,0.0,63,43.28,38,47.62,3 654 2356,8,https://www1.mbrace.or.jp/od2/B/202607/b260718.lzh,2026-10-03T18:27:30.928093+09:00
20260718,13,尼崎,2,20260718-13-02,6,5437,中澤里桜,21,香川,51.0,B2,1.38,2.22,0.0,0.0,29,34.38,66,28.13,5 56463 6,,https://www1.mbrace.or.jp/od2/B/202607/b260718.lzh,2026-10-03T18:27:30.928093+09:00
20260718,13,尼崎,3,20260718-13-03,1,4071,古賀千晶,45,兵庫,46.0,B1,4.74,28.57,4.64,27.55,60,30.0,33,30.51,152 656 4,9,https://www1.mbrace.or.jp/od2/B/202607/b260718.lzh,2026-10-03T18:27:30.928093+09:00
20260718,13,尼崎,3,20260718-13-03,2,3435,寺田千恵,57,岡山,45.0,A2,6.66,46.9,7.59,58.54,33,25.42,26,45.61,314 332515,11,https://www1.mbrace.or.jp/od2/B/202607/b260718.lzh,2026-10-03T18:27:30.928093+09:00
20260718,13,尼崎,3,20260718-13-03,3,4990,田中博子,29,福岡,47.0,B2,3.32,12.9,1.5,0.0,6,23.64,50,22.03,5 23561 56,8,https://www1.mbrace.or.jp/od2/B/202607/b260718.lzh,2026-10-03T18:27:30.928093+09:00
20260718,13,尼崎,3,20260718-13-03,4,4642,松尾夏海,34,香川,48.0,A2,7.03,56.03,5.89,48.15,2,30.51,25,25.81,1 11363213,10,https://www1.mbrace.or.jp/od2/B/202607/b260718.lzh,2026-10-03T18:27:30.928093+09:00
20260718,13,尼崎,3,20260718-13-03,5,4224,大橋栄里,44,福岡,48.0,B1,5.53,35.59,5.79,46.43,48,36.51,73,45.31,4 14344 62,7,https://www1.mbrace.or.jp/od2/B/202607/b260718.lzh,2026-10-03T18:27:30.928093+09:00
20260718,13,尼崎,3,20260718-13-03,6,5440,薗頭心,20,兵庫,47.0,B2,1.78,5.45,1.09,0.0,14,35.59,70,32.76,626 6 564,,https://www1.mbrace.or.jp/od2/B/202607/b260718.lzh,2026-10-03T18:27:30.928093+09:00
20260718,13,尼崎,4,20260718-13-04,1,5250,嶋田有里,24,長崎,45.0,B1,4.68,21.88,2.29,0.0,46,24.59,68,12.77,122 434 34,11,https://www1.mbrace.or.jp/od2/B/202607/b260718.lzh,2026-10-03T18:27:30.928093+09:00
20260718,13,尼崎,4,20260718-13-04,2,4965,福岡泉水,28,兵庫,52.0,B1,4.53,21.84,4.48,25.45,52,26.32,71,44.44,1 45545 3,8,https://www1.mbrace.or.jp/od2/B/202607/b260718.lzh,2026-10-03T18:27:30.928093+09:00
20260718,13,尼崎,4,20260718-13-04,3,4275,菅野はや,43,広島,52.0,B1,2.98,7.58,1.67,0.0,61,35.71,18,34.55,634 236 2,9,https://www1.mbrace.or.jp/od2/B/202607/b260718.lzh,2026-10-03T18:27:30.928093+09:00
20260718,13,尼崎,4,20260718-13-04,4,5078,山川波乙,28,三重,46.0,B1,4.72,28.74,3.5,0.0,44,36.07,13,38.33,1 32364 14,10,https://www1.mbrace.or.jp/od2/B/202607/b260718.lzh,2026-10-03T18:27:30.928093+09:00
20260718,13,尼崎,4,20260718-13-04,5,4450,平高奈菜,39,香川,47.0,A2,6.27,44.0,6.08,44.74,53,25.86,67,28.13,2S2 141 3,8,https://www1.mbrace.or.jp/od2/B/202607/b260718.lzh,2026-10-03T18:27:30.928093+09:00
20260718,13,尼崎,4,20260718-13-04,6,5200,筒井美琴,24,福岡,49.0,B2,2.12,0.0,2.0,0.0,31,36.92,42,40.35,6 666 646,,https://www1.mbrace.or.jp/od2/B/202607/b260718.lzh,2026-10-03T18:27:30.928093+09:00
20260718,13,尼崎,5,20260718-13-05,1,3604,武藤綾子,55,福岡,48.0,B1,4.17,14.81,4.28,17.24,39,43.28,63,25.0,3 56115 14,11,https://www1.mbrace.or.jp/od2/B/202607/b260718.lzh,2026-10-03T18:27:30.928093+09:00
20260718,13,尼崎,5,20260718-13-05,2,4419,原加央理,38,埼玉,47.0,A2,5.83,38.27,5.27,33.33,1,39.34,52,29.31,26445 3251,9,https://www1.mbrace.or.jp/od2/B/202607/b260718.lzh,2026-10-03T18:27:30.928093+09:00
20260718,13,尼崎,5,20260718-13-05,3,4408,仁科さや,40,長崎,48.0,B1,3.32,17.57,0.0,0.0,24,36.36,35,34.43,6 261 465,9,https://www1.mbrace.or.jp/od2/B/202607/b260718.lzh,2026-10-03T18:27:30.928093+09:00
20260718,13,尼崎,5,20260718-13-05,4,5069,山崎小葉,25,群馬,44.0,B1,4.75,25.88,4.61,27.27,22,16.95,69,19.67,364 651 2,1,https://www1.mbrace.or.jp/od2/B/202607/b260718.lzh,2026-10-03T18:27:30.928093+09:00
20260718,13,尼崎,5,20260718-13-05,5,3778,安達美帆,50,埼玉,47.0,B1,2.75,11.32,3.83,20.69,11,33.33,16,22.41,4 454 542,,https://www1.mbrace.or.jp/od2/B/202607/b260718.lzh,2026-10-03T18:27:30.928093+09:00
20260718,13,尼崎,5,20260718-13-05,6,4590,渡邉優美,33,福岡,49.0,A1,6.5,40.94,4.17,0.0,49,34.48,30,33.33,231 236213,10,https://www1.mbrace.or.jp/od2/B/202607/b260718.lzh,2026-10-03T18:27:30.928093+09:00
20260718,13,尼崎,6,20260718-13-06,1,4744,伊藤玲奈,33,福岡,46.0,B1,4.3,20.29,4.71,28.57,50,18.75,19,30.51,342 1 2345,10,https://www1.mbrace.or.jp/od2/B/202607/b260718.lzh,2026-10-03T18:27:30.928093+09:00
20260718,13,尼崎,6,20260718-13-06,2,5324,畑田希咲,23,兵庫,49.0,B1,2.37,1.96,1.76,4.08,27,29.82,23,30.65,5 555 464,,https://www1.mbrace.or.jp/od2/B/202607/b260718.lzh,2026-10-03T18:27:30.928093+09:00
20260718,13,尼崎,6,20260718-13-06,3,5340,樋江井舞,24,愛知,45.0,B1,4.04,19.35,1.89,0.0,28,21.88,48,45.61,244 3 561,,https://www1.mbrace.or.jp/od2/B/202607/b260718.lzh,2026-10-03T18:27:30.928093+09:00
20260718,13,尼崎,6,20260718-13-06,4,5320,岩崎麗子,24,群馬,49.0,B1,3.25,12.99,0.0,0.0,37,36.92,11,27.87,4 352 456,,https://www1.mbrace.or.jp/od2/B/202607/b260718.lzh,2026-10-03T18:27:30.928093+09:00
20260718,13,尼崎,6,20260718-13-06,5,5148,松本怜,32,福岡,47.0,B1,5.57,33.73,4.38,0.0,42,18.46,53,32.2,341 245 45,2,https://www1.mbrace.or.jp/od2/B/202607/b260718.lzh,2026-10-03T18:27:30.928093+09:00
20260718,13,尼崎,6,20260718-13-06,6,4456,鎌倉涼,37,大阪,45.0,A1,6.52,41.05,7.29,57.14,12,53.33,22,34.48,51234 1133,11,https://www1.mbrace.or.jp/od2/B/202607/b260718.lzh,2026-10-03T18:27:30.928093+09:00
20260718,13,尼崎,7,20260718-13-07,1,5264,登みひ果,26,兵庫,43.0,B1,4.92,25.0,4.11,20.22,21,12.9,17,27.59,155 314 64,1,https://www1.mbrace.or.jp/od2/B/202607/b260718.lzh,2026-10-03T18:27:30.928093+09:00
20260718,13,尼崎,7,20260718-13-07,2,4224,大橋栄里,44,福岡,48.0,B1,5.53,35.59,5.79,46.43,48,36.51,73,45.31,4 14344 62,3,https://www1.mbrace.or.jp/od2/B/202607/b260718.lzh,2026-10-03T18:27:30.928093+09:00
20260718,13,尼崎,7,20260718-13-07,3,4117,廣中智紗,45,東京,46.0,A2,5.96,46.15,6.95,56.82,19,18.6,40,19.05,52331 2455,11,https://www1.mbrace.or.jp/od2/B/202607/b260718.lzh,2026-10-03T18:27:30.928093+09:00
20260718,13,尼崎,7,20260718-13-07,4,5265,大廣咲季,26,香川,46.0,B1,3.71,13.95,4.7,40.0,51,19.67,62,31.67,4 5S5 245,,https://www1.mbrace.or.jp/od2/B/202607/b260718.lzh,2026-10-03T18:27:30.928093+09:00
20260718,13,尼崎,7,20260718-13-07,5,4534,坂咲友理,36,大阪,45.0,B1,4.34,22.06,3.67,11.11,55,46.15,39,36.51,465 5 162,1,https://www1.mbrace.or.jp/od2/B/202607/b260718.lzh,2026-10-03T18:27:30.928093+09:00
20260718,13,尼崎,7,20260718-13-07,6,3932,池田浩美,50,静岡,51.0,B1,4.69,32.0,3.1,20.0,13,39.34,58,28.57,265 6 262,2,https://www1.mbrace.or.jp/od2/B/202607/b260718.lzh,2026-10-03T18:27:30.928093+09:00
20260718,13,尼崎,8,20260718-13-08,1,4450,平高奈菜,39,香川,47.0,A2,6.27,44.0,6.08,44.74,53,25.86,67,28.13,2S2 141 3,4,https://www1.mbrace.or.jp/od2/B/202607/b260718.lzh,2026-10-03T18:27:30.928093+09:00
20260718,13,尼崎,8,20260718-13-08,2,3509,池千夏,54,香川,50.0,B1,3.43,11.11,2.71,0.0,59,20.41,32,38.33,3 66553 5,,https://www1.mbrace.or.jp/od2/B/202607/b260718.lzh,2026-10-03T18:27:30.928093+09:00
20260718,13,尼崎,8,20260718-13-08,3,4414,大澤真菜,39,東京,45.0,B1,4.21,29.58,3.11,0.0,63,43.28,38,47.62,3 654 2356,2,https://www1.mbrace.or.jp/od2/B/202607/b260718.lzh,2026-10-03T18:27:30.928093+09:00
20260718,13,尼崎,8,20260718-13-08,4,4990,田中博子,29,福岡,47.0,B2,3.32,12.9,1.5,0.0,6,23.64,50,22.03,5 23561 56,3,https://www1.mbrace.or.jp/od2/B/202607/b260718.lzh,2026-10-03T18:27:30.928093+09:00
20260718,13,尼崎,8,20260718-13-08,5,4965,福岡泉水,28,兵庫,52.0,B1,4.53,21.84,4.48,25.45,52,26.32,71,44.44,1 45545 3,4,https://www1.mbrace.or.jp/od2/B/202607/b260718.lzh,2026-10-03T18:27:30.928093+09:00
20260718,13,尼崎,8,20260718-13-08,6,5442,池田美優,19,広島,47.0,B2,1.57,1.96,0.0,0.0,8,36.67,47,12.5,6 666 566,,https://www1.mbrace.or.jp/od2/B/202607/b260718.lzh,2026-10-03T18:27:30.928093+09:00
20260718,13,尼崎,9,20260718-13-09,1,3611,岩崎芳美,53,徳島,49.0,A2,6.12,40.86,5.76,33.33,15,35.09,21,42.37,1S242 6333,2,https://www1.mbrace.or.jp/od2/B/202607/b260718.lzh,2026-10-03T18:27:30.928093+09:00
20260718,13,尼崎,9,20260718-13-09,2,4275,菅野はや,43,広島,52.0,B1,2.98,7.58,1.67,0.0,61,35.71,18,34.55,634 236 2,4,https://www1.mbrace.or.jp/od2/B/202607/b260718.lzh,2026-10-03T18:27:30.928093+09:00
20260718,13,尼崎,9,20260718-13-09,3,4419,原加央理,38,埼玉,47.0,A2,5.83,38.27,5.27,33.33,1,39.34,52,29.31,26445 3251,5,https://www1.mbrace.or.jp/od2/B/202607/b260718.lzh,2026-10-03T18:27:30.928093+09:00
20260718,13,尼崎,9,20260718-13-09,4,4733,赤井睦,37,徳島,47.0,B1,5.07,33.33,5.84,53.13,3,40.63,61,32.76,453 241 34,1,https://www1.mbrace.or.jp/od2/B/202607/b260718.lzh,2026-10-03T18:27:30.928093+09:00
20260718,13,尼崎,9,20260718-13-09,5,4408,仁科さや,40,長崎,48.0,B1,3.32,17.57,0.0,0.0,24,36.36,35,34.43,6 261 465,5,https://www1.mbrace.or.jp/od2/B/202607/b260718.lzh,2026-10-03T18:27:30.928093+09:00
20260718,13,尼崎,9,20260718-13-09,6,4071,古賀千晶,45,兵庫,46.0,B1,4.74,28.57,4.64,27.55,60,30.0,33,30.51,152 656 4,3,https://www1.mbrace.or.jp/od2/B/202607/b260718.lzh,2026-10-03T18:27:30.928093+09:00
20260718,13,尼崎,10,20260718-13-10,1,4590,渡邉優美,33,福岡,49.0,A1,6.5,40.94,4.17,0.0,49,34.48,30,33.33,231 236213,5,https://www1.mbrace.or.jp/od2/B/202607/b260718.lzh,2026-10-03T18:27:30.928093+09:00
20260718,13,尼崎,10,20260718-13-10,2,4642,松尾夏海,34,香川,48.0,A2,7.03,56.03,5.89,48.15,2,30.51,25,25.81,1 11363213,3,https://www1.mbrace.or.jp/od2/B/202607/b260718.lzh,2026-10-03T18:27:30.928093+09:00
20260718,13,尼崎,10,20260718-13-10,3,5078,山川波乙,28,三重,46.0,B1,4.72,28.74,3.5,0.0,44,36.07,13,38.33,1 32364 14,4,https://www1.mbrace.or.jp/od2/B/202607/b260718.lzh,2026-10-03T18:27:30.928093+09:00
20260718,13,尼崎,10,20260718-13-10,4,4744,伊藤玲奈,33,福岡,46.0,B1,4.3,20.29,4.71,28.57,50,18.75,19,30.51,342 1 2345,6,https://www1.mbrace.or.jp/od2/B/202607/b260718.lzh,2026-10-03T18:27:30.928093+09:00
20260718,13,尼崎,10,20260718-13-10,5,4208,三浦永理,43,静岡,46.0,A1,7.09,56.0,0.0,0.0,20,22.58,15,34.48,153 422216,1,https://www1.mbrace.or.jp/od2/B/202607/b260718.lzh,2026-10-03T18:27:30.928093+09:00
20260718,13,尼崎,10,20260718-13-10,6,5241,門田栞,26,香川,48.0,B1,5.16,30.21,4.06,18.75,34,34.38,75,40.68,4 13153 46,2,https://www1.mbrace.or.jp/od2/B/202607/b260718.lzh,2026-10-03T18:27:30.928093+09:00
20260718,13,尼崎,11,20260718-13-11,1,4456,鎌倉涼,37,大阪,45.0,A1,6.52,41.05,7.29,57.14,12,53.33,22,34.48,51234 1133,6,https://www1.mbrace.or.jp/od2/B/202607/b260718.lzh,2026-10-03T18:27:30.928093+09:00
20260718,13,尼崎,11,20260718-13-11,2,5250,嶋田有里,24,長崎,45.0,B1,4.68,21.88,2.29,0.0,46,24.59,68,12.77,122 434 34,4,https://www1.mbrace.or.jp/od2/B/202607/b260718.lzh,2026-10-03T18:27:30.928093+09:00
20260718,13,尼崎,11,20260718-13-11,3,4243,西村歩,40,大阪,48.0,B1,5.54,38.54,5.04,32.08,45,37.88,57,46.03,511 523 24,1,https://www1.mbrace.or.jp/od2/B/202607/b260718.lzh,2026-10-03T18:27:30.928093+09:00
20260718,13,尼崎,11,20260718-13-11,4,4117,廣中智紗,45,東京,46.0,A2,5.96,46.15,6.95,56.82,19,18.6,40,19.05,52331 2455,7,https://www1.mbrace.or.jp/od2/B/202607/b260718.lzh,2026-10-03T18:27:30.928093+09:00
20260718,13,尼崎,11,20260718-13-11,5,3435,寺田千恵,57,岡山,45.0,A2,6.66,46.9,7.59,58.54,33,25.42,26,45.61,314 332515,3,https://www1.mbrace.or.jp/od2/B/202607/b260718.lzh,2026-10-03T18:27:30.928093+09:00
20260718,13,尼崎,11,20260718-13-11,6,3604,武藤綾子,55,福岡,48.0,B1,4.17,14.81,4.28,17.24,39,43.28,63,25.0,3 56115 14,5,https://www1.mbrace.or.jp/od2/B/202607/b260718.lzh,2026-10-03T18:27:30.928093+09:00
20260718,13,尼崎,12,20260718-13-12,1,3845,中谷朋子,49,兵庫,46.0,A2,5.3,32.43,0.0,0.0,4,45.0,34,31.67,2 11124 31,,https://www1.mbrace.or.jp/od2/B/202607/b260718.lzh,2026-10-03T18:27:30.928093+09:00
20260718,13,尼崎,12,20260718-13-12,2,5326,三嶌さら,22,香川,47.0,B1,5.08,30.58,2.88,11.76,56,48.48,51,22.22,2 121 3551,,https://www1.mbrace.or.jp/od2/B/202607/b260718.lzh,2026-10-03T18:27:30.928093+09:00
20260718,13,尼崎,12,20260718-13-12,3,4546,浜田亜理,38,埼玉,46.0,B1,6.95,55.56,6.6,54.29,40,37.88,45,40.0,334 311131,,https://www1.mbrace.or.jp/od2/B/202607/b260718.lzh,2026-10-03T18:27:30.928093+09:00
20260718,13,尼崎,12,20260718-13-12,4,4347,魚谷香織,41,福岡,46.0,A2,5.89,40.0,7.45,72.73,18,38.98,20,23.81,1 33315112,,https://www1.mbrace.or.jp/od2/B/202607/b260718.lzh,2026-10-03T18:27:30.928093+09:00
20260718,13,尼崎,12,20260718-13-12,5,4530,小野生奈,37,福岡,47.0,A1,7.27,57.14,6.14,37.14,38,23.64,24,31.75,32314 3222,,https://www1.mbrace.or.jp/od2/B/202607/b260718.lzh,2026-10-03T18:27:30.928093+09:00
20260718,13,尼崎,12,20260718-13-12,6,4804,高田ひか,31,三重,49.0,A1,6.5,46.67,0.0,0.0,35,40.68,65,35.09,66222 3122,,https://www1.mbrace.or.jp/od2/B/202607/b260718.lzh,2026-10-03T18:27:30.928093+09:00
20260718,12,住之江,1,20260718-12-01,1,4567,上村慎太,38,山口,50.0,B1,4.35,17.28,2.81,6.25,19,39.39,34,29.51,5 255,10,https://www1.mbrace.or.jp/od2/B/202607/b260718.lzh,2026-10-03T18:27:30.928093+09:00
20260718,12,住之江,1,20260718-12-01,2,4470,平田健之,39,三重,53.0,A2,6.44,45.98,5.5,42.31,57,44.44,32,27.12,231 51,8,https://www1.mbrace.or.jp/od2/B/202607/b260718.lzh,2026-10-03T18:27:30.928093+09:00
20260718,12,住之江,1,20260718-12-01,3,4896,花本剛,34,山口,59.0,B1,3.68,15.15,4.75,18.75,35,35.94,11,27.69,3 561,9,https://www1.mbrace.or.jp/od2/B/202607/b260718.lzh,2026-10-03T18:27:30.928093+09:00
20260718,12,住之江,1,20260718-12-01,4,5338,香月大輝,25,福岡,52.0,B1,4.35,22.22,0.0,0.0,16,31.34,37,32.79,4 153,6,https://www1.mbrace.or.jp/od2/B/202607/b260718.lzh,2026-10-03T18:27:30.928093+09:00
20260718,12,住之江,1,20260718-12-01,5,3297,藤丸光一,59,福岡,49.0,B1,4.37,17.24,4.2,30.0,70,43.08,38,25.81,1 565,7,https://www1.mbrace.or.jp/od2/B/202607/b260718.lzh,2026-10-03T18:27:30.928093+09:00
20260718,12,住之江,1,20260718-12-01,6,5396,近藤来希,24,兵庫,50.0,B2,1.96,3.57,1.88,0.0,30,20.9,83,41.07,5 456,5,https://www1.mbrace.or.jp/od2/B/202607/b260718.lzh,2026-10-03T18:27:30.928093+09:00
20260718,12,住之江,2,20260718-12-02,1,3873,別府昌樹,50,広島,55.0,B1,4.22,17.65,5.89,46.43,51,42.19,60,26.23,3 252,7,https://www1.mbrace.or.jp/od2/B/202607/b260718.lzh,2026-10-03T18:27:30.928093+09:00
20260718,12,住之江,2,20260718-12-02,2,5262,鈴木章司,28,愛知,52.0,B1,4.34,20.55,4.22,11.11,54,46.97,66,32.2,S65 46,,https://www1.mbrace.or.jp/od2/B/202607/b260718.lzh,2026-10-03T18:27:30.928093+09:00
20260718,12,住之江,2,20260718-12-02,3,5134,大原祥昌,26,広島,54.0,A2,5.7,44.32,6.13,37.5,79,38.81,31,42.86,S 633,12,https://www1.mbrace.or.jp/od2/B/202607/b260718.lzh,2026-10-03T18:27:30.928093+09:00
20260718,12,住之江,2,20260718-12-02,4,4659,木下翔太,35,大阪,54.0,A1,7.28,48.72,6.47,43.17,55,36.51,59,36.07,221 14,10,https://www1.mbrace.or.jp/od2/B/202607/b260718.lzh,2026-10-03T18:27:30.928093+09:00
20260718,12,住之江,2,20260718-12-02,5,5105,富田恕生,27,福岡,52.0,B1,4.32,21.74,7.0,66.67,14,33.87,14,38.98,566 43,8,https://www1.mbrace.or.jp/od2/B/202607/b260718.lzh,2026-10-03T18:27:30.928093+09:00
20260718,12,住之江,2,20260718-12-02,6,5470,坂口諒宗,17,兵庫,52.0,B2,1.27,0.0,0.0,0.0,53,41.27,55,41.94,6 6 66,6,https://www1.mbrace.or.jp/od2/B/202607/b260718.lzh,2026-10-03T18:27:30.928093+09:00
20260718,12,住之江,3,20260718-12-03,1,3617,竹田広樹,53,佐賀,53.0,B1,3.96,20.9,3.27,20.0,12,26.56,68,32.14,3 463,9,https://www1.mbrace.or.jp/od2/B/202607/b260718.lzh,2026-10-03T18:27:30.928093+09:00
20260718,12,住之江,3,20260718-12-03,2,3340,池田雷太,61,東京,55.0,B1,4.34,23.66,4.48,15.15,29,47.76,53,37.29,4 356,8,https://www1.mbrace.or.jp/od2/B/202607/b260718.lzh,2026-10-03T18:27:30.928093+09:00
20260718,12,住之江,3,20260718-12-03,3,3885,久田武,52,愛知,53.0,A2,5.38,33.71,4.2,20.0,82,36.92,58,34.55,2 643,12,https://www1.mbrace.or.jp/od2/B/202607/b260718.lzh,2026-10-03T18:27:30.928093+09:00
20260718,12,住之江,3,20260718-12-03,4,4739,中村晃朋,34,香川,50.0,A1,6.51,52.04,7.12,58.82,60,37.88,24,32.76,13245,11,https://www1.mbrace.or.jp/od2/B/202607/b260718.lzh,2026-10-03T18:27:30.928093+09:00
20260718,12,住之江,3,20260718-12-03,5,4057,松井賢治,47,兵庫,52.0,A2,5.91,45.16,6.1,50.0,27,45.0,74,20.9,3 534,10,https://www1.mbrace.or.jp/od2/B/202607/b260718.lzh,2026-10-03T18:27:30.928093+09:00
20260718,12,住之江,3,20260718-12-03,6,5420,吉原快誓,20,長崎,52.0,B2,2.09,0.0,0.0,0.0,72,39.06,20,37.29,6 6 63,7,https://www1.mbrace.or.jp/od2/B/202607/b260718.lzh,2026-10-03T18:27:30.928093+09:00
20260718,12,住之江,4,20260718-12-04,1,4906,鈴木雅希,31,東京,54.0,A2,5.45,36.23,4.86,28.57,13,27.69,13,37.7,2 345,11,https://www1.mbrace.or.jp/od2/B/202607/b260718.lzh,2026-10-03T18:27:30.928093+09:00
20260718,12,住之江,4,20260718-12-04,2,5022,伊藤尚汰,31,福岡,49.0,B1,4.34,27.91,3.96,22.22,63,23.81,16,27.87,2 565,10,https://www1.mbrace.or.jp/od2/B/202607/b260718.lzh,2026-10-03T18:27:30.928093+09:00
20260718,12,住之江,4,20260718-12-04,3,5269,山口晃朋,25,静岡,51.0,A2,5.73,39.24,4.06,22.22,80,45.31,82,45.45,1 224,9,https://www1.mbrace.or.jp/od2/B/202607/b260718.lzh,2026-10-03T18:27:30.928093+09:00
20260718,12,住之江,4,20260718-12-04,4,5383,中村楓,21,三重,53.0,B1,2.2,0.0,0.0,0.0,18,32.26,72,35.71,564 65,,https://www1.mbrace.or.jp/od2/B/202607/b260718.lzh,2026-10-03T18:27:30.928093+09:00
20260718,12,住之江,4,20260718-12-04,5,4960,黒野元基,30,愛知,52.0,A1,7.71,64.6,6.0,37.5,73,34.92,71,29.51,15211,8,https://www1.mbrace.or.jp/od2/B/202607/b260718.lzh,2026-10-03T18:27:30.928093+09:00
20260718,12,住之江,4,20260718-12-04,6,2538,高橋二朗,77,東京,52.0,B1,3.31,5.49,3.71,14.29,32,37.88,69,45.28,1 334,12,https://www1.mbrace.or.jp/od2/B/202607/b260718.lzh,2026-10-03T18:27:30.928093+09:00
20260718,12,住之江,5,20260718-12-05,1,4677,片橋幸貴,38,滋賀,54.0,A1,6.1,43.82,6.67,50.0,56,30.65,79,32.14,342 21,9,https://www1.mbrace.or.jp/od2/B/202607/b260718.lzh,2026-10-03T18:27:30.928093+09:00
20260718,12,住之江,5,20260718-12-05,2,3680,森林太,53,長崎,55.0,B1,4.33,21.5,4.42,18.18,26,33.87,65,33.33,442 42,,https://www1.mbrace.or.jp/od2/B/202607/b260718.lzh,2026-10-03T18:27:30.928093+09:00
20260718,12,住之江,5,20260718-12-05,3,5067,山田真聖,27,山口,58.0,B1,5.38,33.8,3.4,13.33,65,20.0,17,48.33,452 14,,https://www1.mbrace.or.jp/od2/B/202607/b260718.lzh,2026-10-03T18:27:30.928093+09:00
20260718,12,住之江,5,20260718-12-05,4,4669,井上茂,41,福岡,54.0,B1,4.78,25.56,3.29,14.29,21,20.29,77,37.5,343 26,,https://www1.mbrace.or.jp/od2/B/202607/b260718.lzh,2026-10-03T18:27:30.928093+09:00
20260718,12,住之江,5,20260718-12-05,5,5396,近藤来希,24,兵庫,50.0,B2,1.96,3.57,1.88,0.0,30,20.9,83,41.07,5 456,1,https://www1.mbrace.or.jp/od2/B/202607/b260718.lzh,2026-10-03T18:27:30.928093+09:00
20260718,12,住之江,5,20260718-12-05,6,4294,古賀繁輝,39,佐賀,58.0,A1,5.74,38.46,0.0,0.0,66,26.98,90,33.93,4 323,10,https://www1.mbrace.or.jp/od2/B/202607/b260718.lzh,2026-10-03T18:27:30.928093+09:00
20260718,12,住之江,6,20260718-12-06,1,5338,香月大輝,25,福岡,52.0,B1,4.35,22.22,0.0,0.0,16,31.34,37,32.79,4 153,1,https://www1.mbrace.or.jp/od2/B/202607/b260718.lzh,2026-10-03T18:27:30.928093+09:00
20260718,12,住之江,6,20260718-12-06,2,4718,北川太一,33,佐賀,52.0,A2,6.59,53.33,6.05,47.62,38,49.15,15,33.33,254 13,,https://www1.mbrace.or.jp/od2/B/202607/b260718.lzh,2026-10-03T18:27:30.928093+09:00
20260718,12,住之江,6,20260718-12-06,3,3442,宮武英司,56,香川,55.0,B1,4.61,21.21,4.73,24.24,28,24.62,33,46.55,353 56,,https://www1.mbrace.or.jp/od2/B/202607/b260718.lzh,2026-10-03T18:27:30.928093+09:00
20260718,12,住之江,6,20260718-12-06,4,4306,畔柳俊吾,42,愛知,52.0,B1,4.96,26.51,4.87,29.03,17,44.26,12,40.32,425 26,,https://www1.mbrace.or.jp/od2/B/202607/b260718.lzh,2026-10-03T18:27:30.928093+09:00
20260718,12,住之江,6,20260718-12-06,5,4074,柳沢一,45,愛知,52.0,A1,6.51,49.59,6.5,50.0,20,49.21,30,33.93,111 21,12,https://www1.mbrace.or.jp/od2/B/202607/b260718.lzh,2026-10-03T18:27:30.928093+09:00
20260718,12,住之江,6,20260718-12-06,6,5470,坂口諒宗,17,兵庫,52.0,B2,1.27,0.0,0.0,0.0,53,41.27,55,41.94,6 6 66,2,https://www1.mbrace.or.jp/od2/B/202607/b260718.lzh,2026-10-03T18:27:30.928093+09:00
20260718,12,住之江,7,20260718-12-07,1,3297,藤丸光一,59,福岡,49.0,B1,4.37,17.24,4.2,30.0,70,43.08,38,25.81,1 565,1,https://www1.mbrace.or.jp/od2/B/202607/b260718.lzh,2026-10-03T18:27:30.928093+09:00
20260718,12,住之江,7,20260718-12-07,2,3997,北村征嗣,47,大阪,53.0,A1,6.22,41.54,6.18,45.38,78,8.77,26,39.66,4 431,12,https://www1.mbrace.or.jp/od2/B/202607/b260718.lzh,2026-10-03T18:27:30.928093+09:00
20260718,12,住之江,7,20260718-12-07,3,3550,都築正治,55,愛知,53.0,B1,5.62,41.18,4.56,25.64,50,21.88,36,39.58,353 36,,https://www1.mbrace.or.jp/od2/B/202607/b260718.lzh,2026-10-03T18:27:30.928093+09:00
20260718,12,住之江,7,20260718-12-07,4,5420,吉原快誓,20,長崎,52.0,B2,2.09,0.0,0.0,0.0,72,39.06,20,37.29,6 6 63,3,https://www1.mbrace.or.jp/od2/B/202607/b260718.lzh,2026-10-03T18:27:30.928093+09:00
20260718,12,住之江,7,20260718-12-07,5,3873,別府昌樹,50,広島,55.0,B1,4.22,17.65,5.89,46.43,51,42.19,60,26.23,3 252,2,https://www1.mbrace.or.jp/od2/B/202607/b260718.lzh,2026-10-03T18:27:30.928093+09:00
20260718,12,住之江,7,20260718-12-07,6,4155,長野壮志,45,福岡,57.0,A2,6.15,46.02,6.78,61.11,33,31.34,28,32.79,3 121,11,https://www1.mbrace.or.jp/od2/B/202607/b260718.lzh,2026-10-03T18:27:30.928093+09:00
20260718,12,住之江,8,20260718-12-08,1,4960,黒野元基,30,愛知,52.0,A1,7.71,64.6,6.0,37.5,73,34.92,71,29.51,15211,4,https://www1.mbrace.or.jp/od2/B/202607/b260718.lzh,2026-10-03T18:27:30.928093+09:00
20260718,12,住之江,8,20260718-12-08,2,5105,富田恕生,27,福岡,52.0,B1,4.32,21.74,7.0,66.67,14,33.87,14,38.98,566 43,2,https://www1.mbrace.or.jp/od2/B/202607/b260718.lzh,2026-10-03T18:27:30.928093+09:00
20260718,12,住之江,8,20260718-12-08,3,3340,池田雷太,61,東京,55.0,B1,4.34,23.66,4.48,15.15,29,47.76,53,37.29,4 356,3,https://www1.mbrace.or.jp/od2/B/202607/b260718.lzh,2026-10-03T18:27:30.928093+09:00
20260718,12,住之江,8,20260718-12-08,4,4470,平田健之,39,三重,53.0,A2,6.44,45.98,5.5,42.31,57,44.44,32,27.12,231 51,1,https://www1.mbrace.or.jp/od2/B/202607/b260718.lzh,2026-10-03T18:27:30.928093+09:00
20260718,12,住之江,8,20260718-12-08,5,4417,服部剛,39,静岡,52.0,B1,5.64,38.57,4.59,23.53,76,17.74,86,31.75,424 34,,https://www1.mbrace.or.jp/od2/B/202607/b260718.lzh,2026-10-03T18:27:30.928093+09:00
20260718,12,住之江,8,20260718-12-08,6,5379,廣部大明,22,滋賀,53.0,B1,3.33,7.25,1.14,0.0,36,13.24,23,34.62,6 143,12,https://www1.mbrace.or.jp/od2/B/202607/b260718.lzh,2026-10-03T18:27:30.928093+09:00
20260718,12,住之江,9,20260718-12-09,1,5269,山口晃朋,25,静岡,51.0,A2,5.73,39.24,4.06,22.22,80,45.31,82,45.45,1 224,4,https://www1.mbrace.or.jp/od2/B/202607/b260718.lzh,2026-10-03T18:27:30.928093+09:00
20260718,12,住之江,9,20260718-12-09,2,4834,浜本裕己,38,大阪,51.0,A2,5.58,37.21,5.03,28.43,62,25.81,56,27.87,214 15,,https://www1.mbrace.or.jp/od2/B/202607/b260718.lzh,2026-10-03T18:27:30.928093+09:00
20260718,12,住之江,9,20260718-12-09,3,3478,嶋田貴支,55,香川,52.0,B1,5.14,27.38,4.89,26.32,22,33.85,87,34.55,561 14,,https://www1.mbrace.or.jp/od2/B/202607/b260718.lzh,2026-10-03T18:27:30.928093+09:00
20260718,12,住之江,9,20260718-12-09,4,3617,竹田広樹,53,佐賀,53.0,B1,3.96,20.9,3.27,20.0,12,26.56,68,32.14,3 463,3,https://www1.mbrace.or.jp/od2/B/202607/b260718.lzh,2026-10-03T18:27:30.928093+09:00
20260718,12,住之江,9,20260718-12-09,5,4677,片橋幸貴,38,滋賀,54.0,A1,6.1,43.82,6.67,50.0,56,30.65,79,32.14,342 21,5,https://www1.mbrace.or.jp/od2/B/202607/b260718.lzh,2026-10-03T18:27:30.928093+09:00
20260718,12,住之江,9,20260718-12-09,6,4896,花本剛,34,山口,59.0,B1,3.68,15.15,4.75,18.75,35,35.94,11,27.69,3 561,1,https://www1.mbrace.or.jp/od2/B/202607/b260718.lzh,2026-10-03T18:27:30.928093+09:00
20260718,12,住之江,10,20260718-12-10,1,4659,木下翔太,35,大阪,54.0,A1,7.28,48.72,6.47,43.17,55,36.51,59,36.07,221 14,2,https://www1.mbrace.or.jp/od2/B/202607/b260718.lzh,2026-10-03T18:27:30.928093+09:00
20260718,12,住之江,10,20260718-12-10,2,4057,松井賢治,47,兵庫,52.0,A2,5.91,45.16,6.1,50.0,27,45.0,74,20.9,3 534,3,https://www1.mbrace.or.jp/od2/B/202607/b260718.lzh,2026-10-03T18:27:30.928093+09:00
20260718,12,住之江,10,20260718-12-10,3,4294,古賀繁輝,39,佐賀,58.0,A1,5.74,38.46,0.0,0.0,66,26.98,90,33.93,4 323,5,https://www1.mbrace.or.jp/od2/B/202607/b260718.lzh,2026-10-03T18:27:30.928093+09:00
20260718,12,住之江,10,20260718-12-10,4,4567,上村慎太,38,山口,50.0,B1,4.35,17.28,2.81,6.25,19,39.39,34,29.51,5 255,1,https://www1.mbrace.or.jp/od2/B/202607/b260718.lzh,2026-10-03T18:27:30.928093+09:00
20260718,12,住之江,10,20260718-12-10,5,3826,村田修次,53,東京,52.0,A2,6.3,45.3,9.0,88.89,31,19.4,75,43.48,323 22,,https://www1.mbrace.or.jp/od2/B/202607/b260718.lzh,2026-10-03T18:27:30.928093+09:00
20260718,12,住之江,10,20260718-12-10,6,5022,伊藤尚汰,31,福岡,49.0,B1,4.34,27.91,3.96,22.22,63,23.81,16,27.87,2 565,4,https://www1.mbrace.or.jp/od2/B/202607/b260718.lzh,2026-10-03T18:27:30.928093+09:00
20260718,12,住之江,11,20260718-12-11,1,4739,中村晃朋,34,香川,50.0,A1,6.51,52.04,7.12,58.82,60,37.88,24,32.76,13245,3,https://www1.mbrace.or.jp/od2/B/202607/b260718.lzh,2026-10-03T18:27:30.928093+09:00
20260718,12,住之江,11,20260718-12-11,2,4155,長野壮志,45,福岡,57.0,A2,6.15,46.02,6.78,61.11,33,31.34,28,32.79,3 121,7,https://www1.mbrace.or.jp/od2/B/202607/b260718.lzh,2026-10-03T18:27:30.928093+09:00
20260718,12,住之江,11,20260718-12-11,3,4173,岡谷健吾,43,広島,57.0,B1,5.16,33.7,4.9,30.0,52,35.48,89,25.93,141 34,,https://www1.mbrace.or.jp/od2/B/202607/b260718.lzh,2026-10-03T18:27:30.928093+09:00
20260718,12,住之江,11,20260718-12-11,4,4906,鈴木雅希,31,東京,54.0,A2,5.45,36.23,4.86,28.57,13,27.69,13,37.7,2 345,4,https://www1.mbrace.or.jp/od2/B/202607/b260718.lzh,2026-10-03T18:27:30.928093+09:00
20260718,12,住之江,11,20260718-12-11,5,4619,伏田裕隆,43,東京,52.0,B1,4.99,32.73,4.81,28.13,77,31.34,73,25.42,111 22,,https://www1.mbrace.or.jp/od2/B/202607/b260718.lzh,2026-10-03T18:27:30.928093+09:00
20260718,12,住之江,11,20260718-12-11,6,4295,小坂尚哉,39,兵庫,54.0,A1,7.18,53.97,6.24,39.02,25,28.57,63,24.39,5 1122,,https://www1.mbrace.or.jp/od2/B/202607/b260718.lzh,2026-10-03T18:27:30.928093+09:00
20260718,12,住之江,12,20260718-12-12,1,4074,柳沢一,45,愛知,52.0,A1,6.51,49.59,6.5,50.0,20,49.21,30,33.93,111 21,6,https://www1.mbrace.or.jp/od2/B/202607/b260718.lzh,2026-10-03T18:27:30.928093+09:00
20260718,12,住之江,12,20260718-12-12,2,2538,高橋二朗,77,東京,52.0,B1,3.31,5.49,3.71,14.29,32,37.88,69,45.28,1 334,4,https://www1.mbrace.or.jp/od2/B/202607/b260718.lzh,2026-10-03T18:27:30.928093+09:00
20260718,12,住之江,12,20260718-12-12,3,5379,廣部大明,22,滋賀,53.0,B1,3.33,7.25,1.14,0.0,36,13.24,23,34.62,6 143,8,https://www1.mbrace.or.jp/od2/B/202607/b260718.lzh,2026-10-03T18:27:30.928093+09:00
20260718,12,住之江,12,20260718-12-12,4,3885,久田武,52,愛知,53.0,A2,5.38,33.71,4.2,20.0,82,36.92,58,34.55,2 643,3,https://www1.mbrace.or.jp/od2/B/202607/b260718.lzh,2026-10-03T18:27:30.928093+09:00
20260718,12,住之江,12,20260718-12-12,5,3997,北村征嗣,47,大阪,53.0,A1,6.22,41.54,6.18,45.38,78,8.77,26,39.66,4 431,7,https://www1.mbrace.or.jp/od2/B/202607/b260718.lzh,2026-10-03T18:27:30.928093+09:00
20260718,12,住之江,12,20260718-12-12,6,5134,大原祥昌,26,広島,54.0,A2,5.7,44.32,6.13,37.5,79,38.81,31,42.86,S 633,2,https://www1.mbrace.or.jp/od2/B/202607/b260718.lzh,2026-10-03T18:27:30.928093+09:00
20260718,11,びわこ,1,20260718-11-01,1,4382,高山智至,41,滋賀,54.0,B1,4.94,27.5,4.21,15.79,54,35.48,14,7.94,444,6,https://www1.mbrace.or.jp/od2/B/202607/b260718.lzh,2026-10-03T18:27:30.928093+09:00
20260718,11,びわこ,1,20260718-11-01,2,4200,早川尚人,43,大阪,54.0,B1,4.05,17.24,4.33,11.11,20,30.65,70,34.33,241,11,https://www1.mbrace.or.jp/od2/B/202607/b260718.lzh,2026-10-03T18:27:30.928093+09:00
20260718,11,びわこ,1,20260718-11-01,3,3643,米田隆弘,54,岡山,54.0,B1,5.49,33.33,6.1,35.0,19,33.85,65,23.33,5 23,8,https://www1.mbrace.or.jp/od2/B/202607/b260718.lzh,2026-10-03T18:27:30.928093+09:00
20260718,11,びわこ,1,20260718-11-01,4,5223,森清友翔,25,福岡,54.0,B1,5.04,28.18,3.22,11.11,68,35.94,40,27.42,3 35,9,https://www1.mbrace.or.jp/od2/B/202607/b260718.lzh,2026-10-03T18:27:30.928093+09:00
20260718,11,びわこ,1,20260718-11-01,5,3761,山本光雄,54,滋賀,54.0,B1,5.24,32.95,5.02,28.26,26,38.96,25,40.0,3 13,5,https://www1.mbrace.or.jp/od2/B/202607/b260718.lzh,2026-10-03T18:27:30.928093+09:00
20260718,11,びわこ,1,20260718-11-01,6,4213,重富伸也,42,長崎,54.0,B1,4.02,23.46,3.78,16.67,15,34.48,49,38.1,2 52,7,https://www1.mbrace.or.jp/od2/B/202607/b260718.lzh,2026-10-03T18:27:30.928093+09:00
20260718,11,びわこ,2,20260718-11-02,1,3306,武田正紀,58,埼玉,55.0,B1,3.92,16.47,3.73,18.18,17,27.12,68,43.08,5 24,9,https://www1.mbrace.or.jp/od2/B/202607/b260718.lzh,2026-10-03T18:27:30.928093+09:00
20260718,11,びわこ,2,20260718-11-02,2,4624,高田明,41,佐賀,51.0,A1,6.17,42.53,6.7,53.49,72,40.68,47,39.71,3621,11,https://www1.mbrace.or.jp/od2/B/202607/b260718.lzh,2026-10-03T18:27:30.928093+09:00
20260718,11,びわこ,2,20260718-11-02,3,4118,宇佐見淳,45,愛知,53.0,A2,5.87,38.66,5.8,30.0,43,29.23,30,30.0,2435,12,https://www1.mbrace.or.jp/od2/B/202607/b260718.lzh,2026-10-03T18:27:30.928093+09:00
20260718,11,びわこ,2,20260718-11-02,4,4271,川崎公靖,44,広島,52.0,B1,4.25,21.74,3.58,11.54,29,44.44,50,32.26,166,8,https://www1.mbrace.or.jp/od2/B/202607/b260718.lzh,2026-10-03T18:27:30.928093+09:00
20260718,11,びわこ,2,20260718-11-02,5,4462,夏山亮平,40,大阪,56.0,B1,5.14,35.06,5.22,29.73,47,29.58,41,51.56,311,7,https://www1.mbrace.or.jp/od2/B/202607/b260718.lzh,2026-10-03T18:27:30.928093+09:00
20260718,11,びわこ,2,20260718-11-02,6,4202,浮田圭浩,43,岡山,55.0,B1,4.48,25.97,4.0,15.38,58,31.75,33,30.65,354,10,https://www1.mbrace.or.jp/od2/B/202607/b260718.lzh,2026-10-03T18:27:30.928093+09:00
20260718,11,びわこ,3,20260718-11-03,1,4272,大場広孝,44,福岡,58.0,B1,4.98,28.4,5.0,36.36,62,16.9,46,41.27,224,11,https://www1.mbrace.or.jp/od2/B/202607/b260718.lzh,2026-10-03T18:27:30.928093+09:00
20260718,11,びわこ,3,20260718-11-03,2,5282,中本大樹,23,福井,54.0,B1,5.51,36.19,1.67,0.0,11,45.71,53,38.33,3 62,7,https://www1.mbrace.or.jp/od2/B/202607/b260718.lzh,2026-10-03T18:27:30.928093+09:00
20260718,11,びわこ,3,20260718-11-03,3,3251,平石和男,60,埼玉,50.0,A2,5.86,40.31,6.03,43.75,27,17.02,51,28.81,4421,10,https://www1.mbrace.or.jp/od2/B/202607/b260718.lzh,2026-10-03T18:27:30.928093+09:00
20260718,11,びわこ,3,20260718-11-03,4,4100,松田隆司,47,福岡,55.0,B1,4.71,26.44,5.57,57.14,46,29.82,29,31.25,1 15,8,https://www1.mbrace.or.jp/od2/B/202607/b260718.lzh,2026-10-03T18:27:30.928093+09:00
20260718,11,びわこ,3,20260718-11-03,5,4207,松下一也,43,静岡,54.0,A1,6.14,50.53,4.8,30.0,30,29.03,36,30.77,1251,12,https://www1.mbrace.or.jp/od2/B/202607/b260718.lzh,2026-10-03T18:27:30.928093+09:00
20260718,11,びわこ,3,20260718-11-03,6,4725,佐竹太一,39,兵庫,53.0,B1,5.01,27.27,4.35,24.32,22,30.0,62,36.07,1 14,9,https://www1.mbrace.or.jp/od2/B/202607/b260718.lzh,2026-10-03T18:27:30.928093+09:00
20260718,11,びわこ,4,20260718-11-04,1,5318,河内一馬,25,愛知,56.0,B1,3.71,16.67,2.14,0.0,38,33.93,34,43.28,562,,https://www1.mbrace.or.jp/od2/B/202607/b260718.lzh,2026-10-03T18:27:30.928093+09:00
20260718,11,びわこ,4,20260718-11-04,2,5187,小坂風太,26,福井,57.0,B2,3.16,4.55,3.7,13.04,50,37.88,55,30.3,416,12,https://www1.mbrace.or.jp/od2/B/202607/b260718.lzh,2026-10-03T18:27:30.928093+09:00
20260718,11,びわこ,4,20260718-11-04,3,3105,内山文典,63,東京,55.0,B1,5.17,30.26,5.4,25.0,65,24.24,61,36.67,2 42,9,https://www1.mbrace.or.jp/od2/B/202607/b260718.lzh,2026-10-03T18:27:30.928093+09:00
20260718,11,びわこ,4,20260718-11-04,4,3940,飯山泰,48,東京,53.0,A1,6.4,48.03,6.09,43.75,16,36.36,17,47.54,4254,11,https://www1.mbrace.or.jp/od2/B/202607/b260718.lzh,2026-10-03T18:27:30.928093+09:00
20260718,11,びわこ,4,20260718-11-04,5,3839,川合理司,50,静岡,64.0,B1,3.31,9.89,3.86,25.0,51,33.33,56,16.13,2 6,10,https://www1.mbrace.or.jp/od2/B/202607/b260718.lzh,2026-10-03T18:27:30.928093+09:00
20260718,11,びわこ,4,20260718-11-04,6,5075,中島秀治,30,滋賀,53.0,A2,6.07,35.59,6.98,56.73,60,13.11,39,35.59,F56,,https://www1.mbrace.or.jp/od2/B/202607/b260718.lzh,2026-10-03T18:27:30.928093+09:00
20260718,11,びわこ,5,20260718-11-05,1,4402,乙藤智史,41,福岡,54.0,A2,5.95,40.59,6.32,48.0,34,33.87,54,36.92,6 31,11,https://www1.mbrace.or.jp/od2/B/202607/b260718.lzh,2026-10-03T18:27:30.928093+09:00
20260718,11,びわこ,5,20260718-11-05,2,3761,山本光雄,54,滋賀,54.0,B1,5.24,32.95,5.02,28.26,26,38.96,25,40.0,3 13,1,https://www1.mbrace.or.jp/od2/B/202607/b260718.lzh,2026-10-03T18:27:30.928093+09:00
20260718,11,びわこ,5,20260718-11-05,3,3508,久富政弘,54,佐賀,56.0,A2,5.61,38.55,4.52,27.59,70,32.84,19,23.33,6133,,https://www1.mbrace.or.jp/od2/B/202607/b260718.lzh,2026-10-03T18:27:30.928093+09:00
20260718,11,びわこ,5,20260718-11-05,4,4697,國弘翔平,39,福岡,49.0,B1,4.01,17.98,3.47,17.65,55,26.15,57,31.37,642,10,https://www1.mbrace.or.jp/od2/B/202607/b260718.lzh,2026-10-03T18:27:30.928093+09:00
20260718,11,びわこ,5,20260718-11-05,5,3775,泉啓文,51,岡山,59.0,B1,3.7,18.18,4.5,33.33,56,30.43,59,33.33,455,,https://www1.mbrace.or.jp/od2/B/202607/b260718.lzh,2026-10-03T18:27:30.928093+09:00
20260718,11,びわこ,5,20260718-11-05,6,4031,飯島誠,47,埼玉,52.0,B1,4.91,31.03,4.86,28.57,69,30.99,24,46.27,416,12,https://www1.mbrace.or.jp/od2/B/202607/b260718.lzh,2026-10-03T18:27:30.928093+09:00
20260718,11,びわこ,6,20260718-11-06,1,3831,安藤裕貴,52,愛知,53.0,B1,4.35,27.96,4.47,36.84,36,31.03,66,33.85,6 34,,https://www1.mbrace.or.jp/od2/B/202607/b260718.lzh,2026-10-03T18:27:30.928093+09:00
20260718,11,びわこ,6,20260718-11-06,2,3843,上之晃弘,50,長崎,54.0,B1,5.17,33.33,4.93,26.67,63,32.14,44,42.47,3 56,10,https://www1.mbrace.or.jp/od2/B/202607/b260718.lzh,2026-10-03T18:27:30.928093+09:00
20260718,11,びわこ,6,20260718-11-06,3,4382,高山智至,41,滋賀,54.0,B1,4.94,27.5,4.21,15.79,54,35.48,14,7.94,444,1,https://www1.mbrace.or.jp/od2/B/202607/b260718.lzh,2026-10-03T18:27:30.928093+09:00
20260718,11,びわこ,6,20260718-11-06,4,4350,篠崎元志,40,福岡,54.0,A1,7.71,63.27,7.33,53.49,66,18.67,11,37.5,113,12,https://www1.mbrace.or.jp/od2/B/202607/b260718.lzh,2026-10-03T18:27:30.928093+09:00
20260718,11,びわこ,6,20260718-11-06,5,3975,小野寺智,49,香川,52.0,A2,5.67,34.91,5.67,41.67,39,29.41,45,31.82,233,11,https://www1.mbrace.or.jp/od2/B/202607/b260718.lzh,2026-10-03T18:27:30.928093+09:00
20260718,11,びわこ,6,20260718-11-06,6,3286,坂東満,57,静岡,53.0,B2,4.02,22.58,2.78,13.04,23,36.36,28,11.32,6 65,,https://www1.mbrace.or.jp/od2/B/202607/b260718.lzh,2026-10-03T18:27:30.928093+09:00
20260718,11,びわこ,7,20260718-11-07,1,3837,秋山広一,51,香川,53.0,A2,6.53,46.08,6.75,50.0,52,30.91,72,25.42,2 41,12,https://www1.mbrace.or.jp/od2/B/202607/b260718.lzh,2026-10-03T18:27:30.928093+09:00
20260718,11,びわこ,7,20260718-11-07,2,4213,重富伸也,42,長崎,54.0,B1,4.02,23.46,3.78,16.67,15,34.48,49,38.1,2 52,1,https://www1.mbrace.or.jp/od2/B/202607/b260718.lzh,2026-10-03T18:27:30.928093+09:00
20260718,11,びわこ,7,20260718-11-07,3,4210,松村康太,43,福井,54.0,A2,5.49,28.57,5.58,16.67,32,30.0,15,41.27,1555,,https://www1.mbrace.or.jp/od2/B/202607/b260718.lzh,2026-10-03T18:27:30.928093+09:00
20260718,11,びわこ,7,20260718-11-07,4,4462,夏山亮平,40,大阪,56.0,B1,5.14,35.06,5.22,29.73,47,29.58,41,51.56,311,2,https://www1.mbrace.or.jp/od2/B/202607/b260718.lzh,2026-10-03T18:27:30.928093+09:00
20260718,11,びわこ,7,20260718-11-07,5,5282,中本大樹,23,福井,54.0,B1,5.51,36.19,1.67,0.0,11,45.71,53,38.33,3 62,3,https://www1.mbrace.or.jp/od2/B/202607/b260718.lzh,2026-10-03T18:27:30.928093+09:00
20260718,11,びわこ,7,20260718-11-07,6,4292,麻生慎介,41,広島,53.0,A1,6.35,42.0,5.4,20.0,59,30.77,60,30.16,3312,,https://www1.mbrace.or.jp/od2/B/202607/b260718.lzh,2026-10-03T18:27:30.928093+09:00
20260718,11,びわこ,8,20260718-11-08,1,4271,川崎公靖,44,広島,52.0,B1,4.25,21.74,3.58,11.54,29,44.44,50,32.26,166,2,https://www1.mbrace.or.jp/od2/B/202607/b260718.lzh,2026-10-03T18:27:30.928093+09:00
20260718,11,びわこ,8,20260718-11-08,2,4100,松田隆司,47,福岡,55.0,B1,4.71,26.44,5.57,57.14,46,29.82,29,31.25,1 15,3,https://www1.mbrace.or.jp/od2/B/202607/b260718.lzh,2026-10-03T18:27:30.928093+09:00
20260718,11,びわこ,8,20260718-11-08,3,4892,柴田直哉,36,福岡,53.0,B1,5.18,33.73,4.58,26.32,53,27.4,16,26.23,666,,https://www1.mbrace.or.jp/od2/B/202607/b260718.lzh,2026-10-03T18:27:30.928093+09:00
20260718,11,びわこ,8,20260718-11-08,4,4552,杉山勝匡,37,佐賀,51.0,B1,4.61,28.17,5.71,42.86,25,25.71,13,24.59,6 46,,https://www1.mbrace.or.jp/od2/B/202607/b260718.lzh,2026-10-03T18:27:30.928093+09:00
20260718,11,びわこ,8,20260718-11-08,5,3643,米田隆弘,54,岡山,54.0,B1,5.49,33.33,6.1,35.0,19,33.85,65,23.33,5 23,1,https://www1.mbrace.or.jp/od2/B/202607/b260718.lzh,2026-10-03T18:27:30.928093+09:00
20260718,11,びわこ,8,20260718-11-08,6,3612,馬袋義則,53,兵庫,52.0,A1,7.08,58.91,6.54,45.83,31,27.27,43,40.0,5421,,https://www1.mbrace.or.jp/od2/B/202607/b260718.lzh,2026-10-03T18:27:30.928093+09:00
20260718,11,びわこ,9,20260718-11-09,1,4593,小坂宗司,45,大阪,52.0,A2,6.07,38.53,5.94,40.82,48,33.85,52,47.83,5262,,https://www1.mbrace.or.jp/od2/B/202607/b260718.lzh,2026-10-03T18:27:30.928093+09:00
20260718,11,びわこ,9,20260718-11-09,2,4725,佐竹太一,39,兵庫,53.0,B1,5.01,27.27,4.35,24.32,22,30.0,62,36.07,1 14,3,https://www1.mbrace.or.jp/od2/B/202607/b260718.lzh,2026-10-03T18:27:30.928093+09:00
20260718,11,びわこ,9,20260718-11-09,3,5223,森清友翔,25,福岡,54.0,B1,5.04,28.18,3.22,11.11,68,35.94,40,27.42,3 35,1,https://www1.mbrace.or.jp/od2/B/202607/b260718.lzh,2026-10-03T18:27:30.928093+09:00
20260718,11,びわこ,9,20260718-11-09,4,3306,武田正紀,58,埼玉,55.0,B1,3.92,16.47,3.73,18.18,17,27.12,68,43.08,5 24,2,https://www1.mbrace.or.jp/od2/B/202607/b260718.lzh,2026-10-03T18:27:30.928093+09:00
20260718,11,びわこ,9,20260718-11-09,5,4467,渡邉俊介,39,愛知,52.0,A1,6.63,46.77,6.43,50.0,35,28.57,48,7.55,3553,,https://www1.mbrace.or.jp/od2/B/202607/b260718.lzh,2026-10-03T18:27:30.928093+09:00
20260718,11,びわこ,9,20260718-11-09,6,3105,内山文典,63,東京,55.0,B1,5.17,30.26,5.4,25.0,65,24.24,61,36.67,2 42,4,https://www1.mbrace.or.jp/od2/B/202607/b260718.lzh,2026-10-03T18:27:30.928093+09:00
20260718,11,びわこ,10,20260718-11-10,1,3327,野長瀬正,58,静岡,52.0,A2,6.06,42.99,6.09,49.06,28,30.51,67,24.59,5334,,https://www1.mbrace.or.jp/od2/B/202607/b260718.lzh,2026-10-03T18:27:30.928093+09:00
20260718,11,びわこ,10,20260718-11-10,2,3839,川合理司,50,静岡,64.0,B1,3.31,9.89,3.86,25.0,51,33.33,56,16.13,2 6,4,https://www1.mbrace.or.jp/od2/B/202607/b260718.lzh,2026-10-03T18:27:30.928093+09:00
20260718,11,びわこ,10,20260718-11-10,3,4202,浮田圭浩,43,岡山,55.0,B1,4.48,25.97,4.0,15.38,58,31.75,33,30.65,354,2,https://www1.mbrace.or.jp/od2/B/202607/b260718.lzh,2026-10-03T18:27:30.928093+09:00
20260718,11,びわこ,10,20260718-11-10,4,3843,上之晃弘,50,長崎,54.0,B1,5.17,33.33,4.93,26.67,63,32.14,44,42.47,3 56,6,https://www1.mbrace.or.jp/od2/B/202607/b260718.lzh,2026-10-03T18:27:30.928093+09:00
20260718,11,びわこ,10,20260718-11-10,5,4697,國弘翔平,39,福岡,49.0,B1,4.01,17.98,3.47,17.65,55,26.15,57,31.37,642,5,https://www1.mbrace.or.jp/od2/B/202607/b260718.lzh,2026-10-03T18:27:30.928093+09:00
20260718,11,びわこ,10,20260718-11-10,6,3251,平石和男,60,埼玉,50.0,A2,5.86,40.31,6.03,43.75,27,17.02,51,28.81,4421,3,https://www1.mbrace.or.jp/od2/B/202607/b260718.lzh,2026-10-03T18:27:30.928093+09:00
20260718,11,びわこ,11,20260718-11-11,1,3940,飯山泰,48,東京,53.0,A1,6.4,48.03,6.09,43.75,16,36.36,17,47.54,4254,4,https://www1.mbrace.or.jp/od2/B/202607/b260718.lzh,2026-10-03T18:27:30.928093+09:00
20260718,11,びわこ,11,20260718-11-11,2,3975,小野寺智,49,香川,52.0,A2,5.67,34.91,5.67,41.67,39,29.41,45,31.82,233,6,https://www1.mbrace.or.jp/od2/B/202607/b260718.lzh,2026-10-03T18:27:30.928093+09:00
20260718,11,びわこ,11,20260718-11-11,3,4402,乙藤智史,41,福岡,54.0,A2,5.95,40.59,6.32,48.0,34,33.87,54,36.92,6 31,5,https://www1.mbrace.or.jp/od2/B/202607/b260718.lzh,2026-10-03T18:27:30.928093+09:00
20260718,11,びわこ,11,20260718-11-11,4,4200,早川尚人,43,大阪,54.0,B1,4.05,17.24,4.33,11.11,20,30.65,70,34.33,241,1,https://www1.mbrace.or.jp/od2/B/202607/b260718.lzh,2026-10-03T18:27:30.928093+09:00
20260718,11,びわこ,11,20260718-11-11,5,4272,大場広孝,44,福岡,58.0,B1,4.98,28.4,5.0,36.36,62,16.9,46,41.27,224,3,https://www1.mbrace.or.jp/od2/B/202607/b260718.lzh,2026-10-03T18:27:30.928093+09:00
20260718,11,びわこ,11,20260718-11-11,6,4624,高田明,41,佐賀,51.0,A1,6.17,42.53,6.7,53.49,72,40.68,47,39.71,3621,2,https://www1.mbrace.or.jp/od2/B/202607/b260718.lzh,2026-10-03T18:27:30.928093+09:00
20260718,11,びわこ,12,20260718-11-12,1,4350,篠崎元志,40,福岡,54.0,A1,7.71,63.27,7.33,53.49,66,18.67,11,37.5,113,6,https://www1.mbrace.or.jp/od2/B/202607/b260718.lzh,2026-10-03T18:27:30.928093+09:00
20260718,11,びわこ,12,20260718-11-12,2,4031,飯島誠,47,埼玉,52.0,B1,4.91,31.03,4.86,28.57,69,30.99,24,46.27,416,5,https://www1.mbrace.or.jp/od2/B/202607/b260718.lzh,2026-10-03T18:27:30.928093+09:00
20260718,11,びわこ,12,20260718-11-12,3,4207,松下一也,43,静岡,54.0,A1,6.14,50.53,4.8,30.0,30,29.03,36,30.77,1251,3,https://www1.mbrace.or.jp/od2/B/202607/b260718.lzh,2026-10-03T18:27:30.928093+09:00
20260718,11,びわこ,12,20260718-11-12,4,3837,秋山広一,51,香川,53.0,A2,6.53,46.08,6.75,50.0,52,30.91,72,25.42,2 41,7,https://www1.mbrace.or.jp/od2/B/202607/b260718.lzh,2026-10-03T18:27:30.928093+09:00
20260718,11,びわこ,12,20260718-11-12,5,5187,小坂風太,26,福井,57.0,B2,3.16,4.55,3.7,13.04,50,37.88,55,30.3,416,4,https://www1.mbrace.or.jp/od2/B/202607/b260718.lzh,2026-10-03T18:27:30.928093+09:00
20260718,11,びわこ,12,20260718-11-12,6,4118,宇佐見淳,45,愛知,53.0,A2,5.87,38.66,5.8,30.0,43,29.23,30,30.0,2435,2,https://www1.mbrace.or.jp/od2/B/202607/b260718.lzh,2026-10-03T18:27:30.928093+09:00
20260718,10,三国,1,20260718-10-01,1,4587,木田峰由,35,福井,56.0,A1,6.47,50.0,6.24,46.97,43,43.53,48,34.62,,12,https://www1.mbrace.or.jp/od2/B/202607/b260718.lzh,2026-10-03T18:27:30.928093+09:00
20260718,10,三国,1,20260718-10-01,2,3471,赤峰和也,56,佐賀,54.0,B1,4.06,22.09,2.83,0.0,48,32.56,60,30.95,,6,https://www1.mbrace.or.jp/od2/B/202607/b260718.lzh,2026-10-03T18:27:30.928093+09:00
20260718,10,三国,1,20260718-10-01,3,3339,泉具巳,61,兵庫,57.0,B1,4.56,34.44,4.79,33.33,53,36.71,49,25.64,,7,https://www1.mbrace.or.jp/od2/B/202607/b260718.lzh,2026-10-03T18:27:30.928093+09:00
20260718,10,三国,1,20260718-10-01,4,3445,加藤高史,56,埼玉,54.0,B1,4.65,19.57,5.03,17.24,56,29.89,52,38.36,,9,https://www1.mbrace.or.jp/od2/B/202607/b260718.lzh,2026-10-03T18:27:30.928093+09:00
20260718,10,三国,1,20260718-10-01,5,5286,坂井滉哉,27,福岡,50.0,B1,4.7,25.77,3.0,9.09,39,32.95,36,27.38,,,https://www1.mbrace.or.jp/od2/B/202607/b260718.lzh,2026-10-03T18:27:30.928093+09:00
20260718,10,三国,1,20260718-10-01,6,4979,中野夢斗,30,愛知,53.0,B1,5.21,31.03,5.41,34.48,65,39.29,21,44.59,,,https://www1.mbrace.or.jp/od2/B/202607/b260718.lzh,2026-10-03T18:27:30.928093+09:00
20260718,10,三国,2,20260718-10-02,1,4531,武富智亮,37,佐賀,54.0,A2,6.11,38.21,4.5,22.22,17,36.05,26,39.44,,9,https://www1.mbrace.or.jp/od2/B/202607/b260718.lzh,2026-10-03T18:27:30.928093+09:00
20260718,10,三国,2,20260718-10-02,2,4848,仲谷颯仁,31,福岡,52.0,A1,7.53,50.0,6.24,36.0,20,41.18,19,42.5,,12,https://www1.mbrace.or.jp/od2/B/202607/b260718.lzh,2026-10-03T18:27:30.928093+09:00
20260718,10,三国,2,20260718-10-02,3,3852,澤大介,53,三重,52.0,B1,4.62,22.97,4.97,25.81,66,36.9,20,26.19,,,https://www1.mbrace.or.jp/od2/B/202607/b260718.lzh,2026-10-03T18:27:30.928093+09:00
20260718,10,三国,2,20260718-10-02,4,3922,菅沼佳昭,51,愛知,50.0,B1,3.84,16.83,3.41,8.82,55,37.5,15,32.53,,7,https://www1.mbrace.or.jp/od2/B/202607/b260718.lzh,2026-10-03T18:27:30.928093+09:00
20260718,10,三国,2,20260718-10-02,5,3992,関口智久,47,埼玉,55.0,B1,4.91,28.79,5.24,28.0,14,30.14,28,48.81,,8,https://www1.mbrace.or.jp/od2/B/202607/b260718.lzh,2026-10-03T18:27:30.928093+09:00
20260718,10,三国,2,20260718-10-02,6,4315,山崎昂介,42,長崎,54.0,B1,5.26,35.05,4.53,17.65,38,28.24,44,50.0,,11,https://www1.mbrace.or.jp/od2/B/202607/b260718.lzh,2026-10-03T18:27:30.928093+09:00
20260718,10,三国,3,20260718-10-03,1,4459,片岡雅裕,40,香川,53.0,A2,6.11,36.0,7.38,50.0,22,22.22,11,28.21,,10,https://www1.mbrace.or.jp/od2/B/202607/b260718.lzh,2026-10-03T18:27:30.928093+09:00
20260718,10,三国,3,20260718-10-03,2,5355,萩原丈太,21,福井,56.0,B1,2.21,5.33,1.77,2.38,68,12.0,67,29.49,,8,https://www1.mbrace.or.jp/od2/B/202607/b260718.lzh,2026-10-03T18:27:30.928093+09:00
20260718,10,三国,3,20260718-10-03,3,4063,市橋卓士,46,徳島,55.0,A1,6.13,41.32,2.78,0.0,11,18.84,69,25.0,,12,https://www1.mbrace.or.jp/od2/B/202607/b260718.lzh,2026-10-03T18:27:30.928093+09:00
20260718,10,三国,3,20260718-10-03,4,4598,加藤政彦,42,東京,52.0,B1,5.87,44.12,6.37,40.0,28,32.05,68,32.53,,11,https://www1.mbrace.or.jp/od2/B/202607/b260718.lzh,2026-10-03T18:27:30.928093+09:00
20260718,10,三国,3,20260718-10-03,5,4683,向井田直,35,広島,46.0,B2,3.57,20.69,3.81,23.81,31,34.88,53,26.19,,9,https://www1.mbrace.or.jp/od2/B/202607/b260718.lzh,2026-10-03T18:27:30.928093+09:00
20260718,10,三国,3,20260718-10-03,6,3596,河上年昭,56,埼玉,57.0,B1,4.0,17.24,0.0,0.0,44,40.0,47,34.94,,,https://www1.mbrace.or.jp/od2/B/202607/b260718.lzh,2026-10-03T18:27:30.928093+09:00
20260718,10,三国,4,20260718-10-04,1,3853,岩崎正哉,53,福岡,58.0,A2,6.07,41.35,5.9,40.0,50,34.52,22,29.11,,9,https://www1.mbrace.or.jp/od2/B/202607/b260718.lzh,2026-10-03T18:27:30.928093+09:00
20260718,10,三国,4,20260718-10-04,2,4836,大谷健太,37,埼玉,51.0,B1,5.24,30.95,1.0,0.0,26,18.67,23,45.68,,,https://www1.mbrace.or.jp/od2/B/202607/b260718.lzh,2026-10-03T18:27:30.928093+09:00
20260718,10,三国,4,20260718-10-04,3,4020,川上清人,46,香川,66.0,B1,4.41,26.74,3.28,13.79,27,37.5,27,32.56,,8,https://www1.mbrace.or.jp/od2/B/202607/b260718.lzh,2026-10-03T18:27:30.928093+09:00
20260718,10,三国,4,20260718-10-04,4,3984,坂口周,48,三重,54.0,A1,6.3,42.52,6.13,42.5,47,17.95,39,27.59,,11,https://www1.mbrace.or.jp/od2/B/202607/b260718.lzh,2026-10-03T18:27:30.928093+09:00
20260718,10,三国,4,20260718-10-04,5,3901,松田憲幸,49,山口,52.0,B2,4.69,31.31,0.0,0.0,67,23.75,38,34.18,,,https://www1.mbrace.or.jp/od2/B/202607/b260718.lzh,2026-10-03T18:27:30.928093+09:00
20260718,10,三国,4,20260718-10-04,6,4540,相原利章,38,東京,52.0,A2,5.4,32.99,5.5,34.62,41,20.51,35,34.88,,10,https://www1.mbrace.or.jp/od2/B/202607/b260718.lzh,2026-10-03T18:27:30.928093+09:00
20260718,10,三国,5,20260718-10-05,1,4388,是澤孝宏,41,滋賀,52.0,A2,5.91,42.19,6.1,42.86,36,29.63,62,35.37,,11,https://www1.mbrace.or.jp/od2/B/202607/b260718.lzh,2026-10-03T18:27:30.928093+09:00
20260718,10,三国,5,20260718-10-05,2,4060,島田一生,47,福岡,56.0,B1,4.36,26.03,4.68,29.41,42,48.28,40,31.4,,,https://www1.mbrace.or.jp/od2/B/202607/b260718.lzh,2026-10-03T18:27:30.928093+09:00
20260718,10,三国,5,20260718-10-05,3,3808,秋田健太,51,埼玉,59.0,B1,4.18,21.52,3.17,5.56,59,26.83,30,38.96,,10,https://www1.mbrace.or.jp/od2/B/202607/b260718.lzh,2026-10-03T18:27:30.928093+09:00
20260718,10,三国,5,20260718-10-05,4,4024,井口佳典,48,三重,52.0,A1,6.66,44.57,6.84,51.35,51,39.76,32,32.43,,12,https://www1.mbrace.or.jp/od2/B/202607/b260718.lzh,2026-10-03T18:27:30.928093+09:00
20260718,10,三国,5,20260718-10-05,5,4925,森悠稀,33,兵庫,54.0,A2,5.63,30.77,6.57,56.76,57,39.29,70,28.75,,9,https://www1.mbrace.or.jp/od2/B/202607/b260718.lzh,2026-10-03T18:27:30.928093+09:00
20260718,10,三国,5,20260718-10-05,6,5404,内田壮,22,山口,53.0,B1,2.02,3.51,3.29,14.29,32,21.79,43,30.95,,,https://www1.mbrace.or.jp/od2/B/202607/b260718.lzh,2026-10-03T18:27:30.928093+09:00
20260718,10,三国,6,20260718-10-06,1,4016,西川新太,46,愛知,56.0,B1,5.48,35.96,5.39,42.11,30,47.62,45,16.67,,10,https://www1.mbrace.or.jp/od2/B/202607/b260718.lzh,2026-10-03T18:27:30.928093+09:00
20260718,10,三国,6,20260718-10-06,2,5339,石井伸長,25,香川,50.0,B1,4.99,28.75,2.11,0.0,24,37.65,72,31.03,,11,https://www1.mbrace.or.jp/od2/B/202607/b260718.lzh,2026-10-03T18:27:30.928093+09:00
20260718,10,三国,6,20260718-10-06,3,3484,芝田浩治,54,兵庫,55.0,A2,5.82,42.45,6.78,57.5,63,34.88,61,40.51,,,https://www1.mbrace.or.jp/od2/B/202607/b260718.lzh,2026-10-03T18:27:30.928093+09:00
20260718,10,三国,6,20260718-10-06,4,3471,赤峰和也,56,佐賀,54.0,B1,4.06,22.09,2.83,0.0,48,32.56,60,30.95,,1,https://www1.mbrace.or.jp/od2/B/202607/b260718.lzh,2026-10-03T18:27:30.928093+09:00
20260718,10,三国,6,20260718-10-06,5,4883,岡部大輝,30,東京,53.0,A2,5.96,41.76,5.43,28.57,12,30.49,14,30.23,,,https://www1.mbrace.or.jp/od2/B/202607/b260718.lzh,2026-10-03T18:27:30.928093+09:00
20260718,10,三国,6,20260718-10-06,6,5431,得山大輝,21,広島,51.0,B2,1.56,1.52,0.0,0.0,69,28.75,13,32.43,,,https://www1.mbrace.or.jp/od2/B/202607/b260718.lzh,2026-10-03T18:27:30.928093+09:00
20260718,10,三国,7,20260718-10-07,1,4003,表憲一,48,福井,54.0,B1,5.69,37.35,5.56,31.41,34,30.0,42,33.75,,,https://www1.mbrace.or.jp/od2/B/202607/b260718.lzh,2026-10-03T18:27:30.928093+09:00
20260718,10,三国,7,20260718-10-07,2,4816,村松修二,35,広島,56.0,A2,5.19,29.59,6.32,48.39,40,27.63,59,27.59,,11,https://www1.mbrace.or.jp/od2/B/202607/b260718.lzh,2026-10-03T18:27:30.928093+09:00
20260718,10,三国,7,20260718-10-07,3,3922,菅沼佳昭,51,愛知,50.0,B1,3.84,16.83,3.41,8.82,55,37.5,15,32.53,,2,https://www1.mbrace.or.jp/od2/B/202607/b260718.lzh,2026-10-03T18:27:30.928093+09:00
20260718,10,三国,7,20260718-10-07,4,4919,吉田翔悟,35,長崎,54.0,B1,4.0,15.52,4.85,29.63,60,36.59,37,38.03,,,https://www1.mbrace.or.jp/od2/B/202607/b260718.lzh,2026-10-03T18:27:30.928093+09:00
20260718,10,三国,7,20260718-10-07,5,3897,白井英治,49,山口,54.0,A1,7.48,48.21,7.33,40.74,29,23.53,50,33.73,,12,https://www1.mbrace.or.jp/od2/B/202607/b260718.lzh,2026-10-03T18:27:30.928093+09:00
20260718,10,三国,7,20260718-10-07,6,3339,泉具巳,61,兵庫,57.0,B1,4.56,34.44,4.79,33.33,53,36.71,49,25.64,,1,https://www1.mbrace.or.jp/od2/B/202607/b260718.lzh,2026-10-03T18:27:30.928093+09:00
20260718,10,三国,8,20260718-10-08,1,3992,関口智久,47,埼玉,55.0,B1,4.91,28.79,5.24,28.0,14,30.14,28,48.81,,2,https://www1.mbrace.or.jp/od2/B/202607/b260718.lzh,2026-10-03T18:27:30.928093+09:00
20260718,10,三国,8,20260718-10-08,2,4182,吉田和仁,42,滋賀,56.0,B1,4.82,27.68,4.63,25.93,52,40.24,33,32.56,,,https://www1.mbrace.or.jp/od2/B/202607/b260718.lzh,2026-10-03T18:27:30.928093+09:00
20260718,10,三国,8,20260718-10-08,3,4832,権藤俊光,39,大阪,52.0,A1,6.61,45.38,7.32,56.1,37,28.24,51,30.86,,12,https://www1.mbrace.or.jp/od2/B/202607/b260718.lzh,2026-10-03T18:27:30.928093+09:00
20260718,10,三国,8,20260718-10-08,4,5355,萩原丈太,21,福井,56.0,B1,2.21,5.33,1.77,2.38,68,12.0,67,29.49,,3,https://www1.mbrace.or.jp/od2/B/202607/b260718.lzh,2026-10-03T18:27:30.928093+09:00
20260718,10,三国,8,20260718-10-08,5,4020,川上清人,46,香川,66.0,B1,4.41,26.74,3.28,13.79,27,37.5,27,32.56,,4,https://www1.mbrace.or.jp/od2/B/202607/b260718.lzh,2026-10-03T18:27:30.928093+09:00
20260718,10,三国,8,20260718-10-08,6,4596,葛原大陽,43,徳島,53.0,A2,5.89,37.3,7.5,70.0,70,34.21,65,31.65,,,https://www1.mbrace.or.jp/od2/B/202607/b260718.lzh,2026-10-03T18:27:30.928093+09:00
20260718,10,三国,9,20260718-10-09,1,3445,加藤高史,56,埼玉,54.0,B1,4.65,19.57,5.03,17.24,56,29.89,52,38.36,,1,https://www1.mbrace.or.jp/od2/B/202607/b260718.lzh,2026-10-03T18:27:30.928093+09:00
20260718,10,三国,9,20260718-10-09,2,4925,森悠稀,33,兵庫,54.0,A2,5.63,30.77,6.57,56.76,57,39.29,70,28.75,,5,https://www1.mbrace.or.jp/od2/B/202607/b260718.lzh,2026-10-03T18:27:30.928093+09:00
20260718,10,三国,9,20260718-10-09,3,4531,武富智亮,37,佐賀,54.0,A2,6.11,38.21,4.5,22.22,17,36.05,26,39.44,,2,https://www1.mbrace.or.jp/od2/B/202607/b260718.lzh,2026-10-03T18:27:30.928093+09:00
20260718,10,三国,9,20260718-10-09,4,4683,向井田直,35,広島,46.0,B2,3.57,20.69,3.81,23.81,31,34.88,53,26.19,,3,https://www1.mbrace.or.jp/od2/B/202607/b260718.lzh,2026-10-03T18:27:30.928093+09:00
20260718,10,三国,9,20260718-10-09,5,3853,岩崎正哉,53,福岡,58.0,A2,6.07,41.35,5.9,40.0,50,34.52,22,29.11,,4,https://www1.mbrace.or.jp/od2/B/202607/b260718.lzh,2026-10-03T18:27:30.928093+09:00
20260718,10,三国,9,20260718-10-09,6,4119,泥谷一毅,45,大阪,53.0,B1,5.99,37.5,5.28,22.81,16,15.07,46,41.98,,,https://www1.mbrace.or.jp/od2/B/202607/b260718.lzh,2026-10-03T18:27:30.928093+09:00
20260718,10,三国,10,20260718-10-10,1,4592,小林孝弘,45,山口,53.0,B1,4.74,25.64,3.91,22.73,23,43.9,71,34.15,,,https://www1.mbrace.or.jp/od2/B/202607/b260718.lzh,2026-10-03T18:27:30.928093+09:00
20260718,10,三国,10,20260718-10-10,2,4540,相原利章,38,東京,52.0,A2,5.4,32.99,5.5,34.62,41,20.51,35,34.88,,4,https://www1.mbrace.or.jp/od2/B/202607/b260718.lzh,2026-10-03T18:27:30.928093+09:00
20260718,10,三国,10,20260718-10-10,3,4459,片岡雅裕,40,香川,53.0,A2,6.11,36.0,7.38,50.0,22,22.22,11,28.21,,3,https://www1.mbrace.or.jp/od2/B/202607/b260718.lzh,2026-10-03T18:27:30.928093+09:00
20260718,10,三国,10,20260718-10-10,4,3808,秋田健太,51,埼玉,59.0,B1,4.18,21.52,3.17,5.56,59,26.83,30,38.96,,5,https://www1.mbrace.or.jp/od2/B/202607/b260718.lzh,2026-10-03T18:27:30.928093+09:00
20260718,10,三国,10,20260718-10-10,5,4016,西川新太,46,愛知,56.0,B1,5.48,35.96,5.39,42.11,30,47.62,45,16.67,,6,https://www1.mbrace.or.jp/od2/B/202607/b260718.lzh,2026-10-03T18:27:30.928093+09:00
20260718,10,三国,10,20260718-10-10,6,4578,藤山雅弘,37,大阪,54.0,A2,5.85,45.1,4.62,38.46,15,30.59,56,28.24,,,https://www1.mbrace.or.jp/od2/B/202607/b260718.lzh,2026-10-03T18:27:30.928093+09:00
20260718,10,三国,11,20260718-10-11,1,4598,加藤政彦,42,東京,52.0,B1,5.87,44.12,6.37,40.0,28,32.05,68,32.53,,3,https://www1.mbrace.or.jp/od2/B/202607/b260718.lzh,2026-10-03T18:27:30.928093+09:00
20260718,10,三国,11,20260718-10-11,2,3984,坂口周,48,三重,54.0,A1,6.3,42.52,6.13,42.5,47,17.95,39,27.59,,4,https://www1.mbrace.or.jp/od2/B/202607/b260718.lzh,2026-10-03T18:27:30.928093+09:00
20260718,10,三国,11,20260718-10-11,3,4388,是澤孝宏,41,滋賀,52.0,A2,5.91,42.19,6.1,42.86,36,29.63,62,35.37,,5,https://www1.mbrace.or.jp/od2/B/202607/b260718.lzh,2026-10-03T18:27:30.928093+09:00
20260718,10,三国,11,20260718-10-11,4,4315,山崎昂介,42,長崎,54.0,B1,5.26,35.05,4.53,17.65,38,28.24,44,50.0,,2,https://www1.mbrace.or.jp/od2/B/202607/b260718.lzh,2026-10-03T18:27:30.928093+09:00
20260718,10,三国,11,20260718-10-11,5,5339,石井伸長,25,香川,50.0,B1,4.99,28.75,2.11,0.0,24,37.65,72,31.03,,6,https://www1.mbrace.or.jp/od2/B/202607/b260718.lzh,2026-10-03T18:27:30.928093+09:00
20260718,10,三国,11,20260718-10-11,6,4816,村松修二,35,広島,56.0,A2,5.19,29.59,6.32,48.39,40,27.63,59,27.59,,7,https://www1.mbrace.or.jp/od2/B/202607/b260718.lzh,2026-10-03T18:27:30.928093+09:00
20260718,10,三国,12,20260718-10-12,1,3897,白井英治,49,山口,54.0,A1,7.48,48.21,7.33,40.74,29,23.53,50,33.73,,7,https://www1.mbrace.or.jp/od2/B/202607/b260718.lzh,2026-10-03T18:27:30.928093+09:00
20260718,10,三国,12,20260718-10-12,2,4832,権藤俊光,39,大阪,52.0,A1,6.61,45.38,7.32,56.1,37,28.24,51,30.86,,8,https://www1.mbrace.or.jp/od2/B/202607/b260718.lzh,2026-10-03T18:27:30.928093+09:00
20260718,10,三国,12,20260718-10-12,3,4024,井口佳典,48,三重,52.0,A1,6.66,44.57,6.84,51.35,51,39.76,32,32.43,,5,https://www1.mbrace.or.jp/od2/B/202607/b260718.lzh,2026-10-03T18:27:30.928093+09:00
20260718,10,三国,12,20260718-10-12,4,4587,木田峰由,35,福井,56.0,A1,6.47,50.0,6.24,46.97,43,43.53,48,34.62,,1,https://www1.mbrace.or.jp/od2/B/202607/b260718.lzh,2026-10-03T18:27:30.928093+09:00
20260718,10,三国,12,20260718-10-12,5,4848,仲谷颯仁,31,福岡,52.0,A1,7.53,50.0,6.24,36.0,20,41.18,19,42.5,,2,https://www1.mbrace.or.jp/od2/B/202607/b260718.lzh,2026-10-03T18:27:30.928093+09:00
20260718,10,三国,12,20260718-10-12,6,4063,市橋卓士,46,徳島,55.0,A1,6.13,41.32,2.78,0.0,11,18.84,69,25.0,,3,https://www1.mbrace.or.jp/od2/B/202607/b260718.lzh,2026-10-03T18:27:30.928093+09:00
20260718,09,津,1,20260718-09-01,1,5205,刑部亜里,29,静岡,48.0,A2,6.28,40.68,6.0,50.0,72,34.29,19,31.48,,,https://www1.mbrace.or.jp/od2/B/202607/b260718.lzh,2026-10-03T18:27:30.928093+09:00
20260718,09,津,1,20260718-09-01,2,5066,鈴木孝明,27,埼玉,54.0,A1,6.69,53.04,5.44,33.33,25,38.38,75,53.33,,9,https://www1.mbrace.or.jp/od2/B/202607/b260718.lzh,2026-10-03T18:27:30.928093+09:00
20260718,09,津,1,20260718-09-01,3,5166,仲道大輔,26,愛知,52.0,A2,6.29,43.16,4.55,36.36,41,44.83,62,32.97,,7,https://www1.mbrace.or.jp/od2/B/202607/b260718.lzh,2026-10-03T18:27:30.928093+09:00
20260718,09,津,1,20260718-09-01,4,5042,畑田汰一,27,埼玉,51.0,A1,6.5,46.15,7.56,74.07,22,40.94,59,31.07,,10,https://www1.mbrace.or.jp/od2/B/202607/b260718.lzh,2026-10-03T18:27:30.928093+09:00
20260718,09,津,1,20260718-09-01,5,5234,塚越海斗,27,群馬,54.0,A1,6.86,55.12,5.96,40.74,37,42.15,21,34.19,,8,https://www1.mbrace.or.jp/od2/B/202607/b260718.lzh,2026-10-03T18:27:30.928093+09:00
20260718,09,津,1,20260718-09-01,6,5226,藤田俊祐,24,東京,52.0,B1,5.69,38.89,0.0,0.0,61,33.04,37,35.29,,11,https://www1.mbrace.or.jp/od2/B/202607/b260718.lzh,2026-10-03T18:27:30.928093+09:00
20260718,09,津,2,20260718-09-02,1,5114,小林孝彰,26,福井,51.0,B1,5.86,42.86,4.32,25.0,33,31.85,70,34.13,,,https://www1.mbrace.or.jp/od2/B/202607/b260718.lzh,2026-10-03T18:27:30.928093+09:00
20260718,09,津,2,20260718-09-02,2,5139,大場恒季,26,愛知,50.0,A1,6.74,54.62,5.64,31.82,46,33.59,45,37.17,,11,https://www1.mbrace.or.jp/od2/B/202607/b260718.lzh,2026-10-03T18:27:30.928093+09:00
20260718,09,津,2,20260718-09-02,3,5090,生方靖亜,25,群馬,55.0,B1,5.06,30.3,4.56,22.22,36,41.58,60,31.36,,,https://www1.mbrace.or.jp/od2/B/202607/b260718.lzh,2026-10-03T18:27:30.928093+09:00
20260718,09,津,2,20260718-09-02,4,5275,松田淳平,24,三重,52.0,A1,6.62,54.03,4.76,28.57,23,29.91,67,33.04,,8,https://www1.mbrace.or.jp/od2/B/202607/b260718.lzh,2026-10-03T18:27:30.928093+09:00
20260718,09,津,2,20260718-09-02,5,5191,飛田江己,25,埼玉,53.0,A1,6.91,52.24,6.36,45.45,56,36.7,34,39.6,,7,https://www1.mbrace.or.jp/od2/B/202607/b260718.lzh,2026-10-03T18:27:30.928093+09:00
20260718,09,津,2,20260718-09-02,6,4989,石原翼,29,静岡,51.0,A2,6.17,43.1,6.88,60.61,64,35.48,11,37.82,,10,https://www1.mbrace.or.jp/od2/B/202607/b260718.lzh,2026-10-03T18:27:30.928093+09:00
20260718,09,津,3,20260718-09-03,1,5039,倉田茂将,28,愛知,56.0,B1,4.29,25.51,4.78,22.22,47,28.68,13,34.26,,,https://www1.mbrace.or.jp/od2/B/202607/b260718.lzh,2026-10-03T18:27:30.928093+09:00
20260718,09,津,3,20260718-09-03,2,5289,佃來紀,25,大阪,53.0,A2,5.84,41.0,3.29,5.88,39,43.1,29,37.61,,,https://www1.mbrace.or.jp/od2/B/202607/b260718.lzh,2026-10-03T18:27:30.928093+09:00
20260718,09,津,3,20260718-09-03,3,5087,佐藤航,26,埼玉,54.0,A1,6.62,55.08,4.33,26.67,51,43.86,20,32.5,,10,https://www1.mbrace.or.jp/od2/B/202607/b260718.lzh,2026-10-03T18:27:30.928093+09:00
20260718,09,津,3,20260718-09-03,4,4983,前田篤哉,29,愛知,52.0,A1,7.03,55.93,6.44,43.75,32,37.89,30,36.07,,7,https://www1.mbrace.or.jp/od2/B/202607/b260718.lzh,2026-10-03T18:27:30.928093+09:00
20260718,09,津,3,20260718-09-03,5,5019,柴田百恵,26,静岡,44.0,B1,5.3,31.48,4.5,21.43,20,33.98,32,49.48,,,https://www1.mbrace.or.jp/od2/B/202607/b260718.lzh,2026-10-03T18:27:30.928093+09:00
20260718,09,津,3,20260718-09-03,6,5221,竹間隆晟,25,大阪,54.0,A1,6.8,51.15,6.6,50.0,13,35.35,17,34.78,,9,https://www1.mbrace.or.jp/od2/B/202607/b260718.lzh,2026-10-03T18:27:30.928093+09:00
20260718,09,津,4,20260718-09-04,1,5220,青木蓮,25,埼玉,51.0,A2,6.52,50.0,5.33,33.33,31,37.17,16,38.98,,11,https://www1.mbrace.or.jp/od2/B/202607/b260718.lzh,2026-10-03T18:27:30.928093+09:00
20260718,09,津,4,20260718-09-04,2,4967,中村魁生,28,大阪,50.0,A1,7.03,55.26,5.93,46.67,60,34.29,47,30.0,,10,https://www1.mbrace.or.jp/od2/B/202607/b260718.lzh,2026-10-03T18:27:30.928093+09:00
20260718,09,津,4,20260718-09-04,3,5082,一色凌雅,27,愛知,58.0,B1,5.31,33.33,5.36,36.0,59,31.2,25,34.17,,,https://www1.mbrace.or.jp/od2/B/202607/b260718.lzh,2026-10-03T18:27:30.928093+09:00
20260718,09,津,4,20260718-09-04,4,5216,長谷川晴,26,群馬,54.0,A1,6.24,40.29,3.5,14.29,58,37.61,57,37.8,,8,https://www1.mbrace.or.jp/od2/B/202607/b260718.lzh,2026-10-03T18:27:30.928093+09:00
20260718,09,津,4,20260718-09-04,5,5255,藤原仙二,22,滋賀,54.0,A1,6.65,46.77,6.15,43.59,28,35.29,43,28.13,,9,https://www1.mbrace.or.jp/od2/B/202607/b260718.lzh,2026-10-03T18:27:30.928093+09:00
20260718,09,津,4,20260718-09-04,6,4984,森下愛梨,29,静岡,50.0,B1,4.81,30.77,5.55,30.0,52,33.94,18,39.36,,,https://www1.mbrace.or.jp/od2/B/202607/b260718.lzh,2026-10-03T18:27:30.928093+09:00
20260718,09,津,5,20260718-09-05,1,5065,伊久間陽,27,群馬,53.0,A2,5.13,35.06,3.83,27.78,44,46.39,74,34.55,,,https://www1.mbrace.or.jp/od2/B/202607/b260718.lzh,2026-10-03T18:27:30.928093+09:00
20260718,09,津,5,20260718-09-05,2,5017,澤田尚也,27,滋賀,51.0,A1,6.58,48.7,5.5,25.0,67,33.64,38,33.33,,11,https://www1.mbrace.or.jp/od2/B/202607/b260718.lzh,2026-10-03T18:27:30.928093+09:00
20260718,09,津,5,20260718-09-05,3,5196,鰐部太空,24,愛知,54.0,A1,6.48,44.83,5.45,45.45,24,40.78,49,40.18,,10,https://www1.mbrace.or.jp/od2/B/202607/b260718.lzh,2026-10-03T18:27:30.928093+09:00
20260718,09,津,5,20260718-09-05,4,5034,若林義人,28,静岡,55.0,A1,6.73,52.21,6.61,47.22,71,28.32,44,32.03,,9,https://www1.mbrace.or.jp/od2/B/202607/b260718.lzh,2026-10-03T18:27:30.928093+09:00
20260718,09,津,5,20260718-09-05,5,5045,平川香織,25,埼玉,46.0,A2,6.82,49.59,5.95,42.5,29,29.29,63,33.33,,,https://www1.mbrace.or.jp/od2/B/202607/b260718.lzh,2026-10-03T18:27:30.928093+09:00
20260718,09,津,5,20260718-09-05,6,5135,仲航太,26,東京,54.0,B1,4.68,31.75,4.9,26.83,50,35.48,22,35.94,,,https://www1.mbrace.or.jp/od2/B/202607/b260718.lzh,2026-10-03T18:27:30.928093+09:00
20260718,09,津,6,20260718-09-06,1,5213,湯淺紀香,27,群馬,47.0,B1,5.36,33.64,6.1,60.0,43,28.04,56,45.87,,,https://www1.mbrace.or.jp/od2/B/202607/b260718.lzh,2026-10-03T18:27:30.928093+09:00
20260718,09,津,6,20260718-09-06,2,5010,宇留田翔,29,三重,54.0,A2,5.66,40.16,5.91,40.51,63,31.01,36,33.33,,,https://www1.mbrace.or.jp/od2/B/202607/b260718.lzh,2026-10-03T18:27:30.928093+09:00
20260718,09,津,6,20260718-09-06,3,5035,櫻井優,28,埼玉,53.0,A2,5.58,36.79,3.44,16.67,48,32.23,33,46.99,,,https://www1.mbrace.or.jp/od2/B/202607/b260718.lzh,2026-10-03T18:27:30.928093+09:00
20260718,09,津,6,20260718-09-06,4,5280,廣瀬凜,23,滋賀,51.0,A1,7.16,54.76,3.39,5.56,16,38.53,61,28.95,,10,https://www1.mbrace.or.jp/od2/B/202607/b260718.lzh,2026-10-03T18:27:30.928093+09:00
20260718,09,津,6,20260718-09-06,5,5112,砂長知輝,26,埼玉,52.0,A1,7.08,49.55,7.04,53.85,68,33.58,40,34.0,,11,https://www1.mbrace.or.jp/od2/B/202607/b260718.lzh,2026-10-03T18:27:30.928093+09:00
20260718,09,津,6,20260718-09-06,6,5110,杉山喜一,26,静岡,51.0,B1,5.34,32.58,4.94,25.71,18,37.5,26,38.68,,,https://www1.mbrace.or.jp/od2/B/202607/b260718.lzh,2026-10-03T18:27:30.928093+09:00
20260718,09,津,7,20260718-09-07,1,4983,前田篤哉,29,愛知,52.0,A1,7.03,55.93,6.44,43.75,32,37.89,30,36.07,,3,https://www1.mbrace.or.jp/od2/B/202607/b260718.lzh,2026-10-03T18:27:30.928093+09:00
20260718,09,津,7,20260718-09-07,2,5246,楠将太郎,24,埼玉,52.0,A2,5.22,38.55,3.56,22.22,70,29.92,65,31.51,,,https://www1.mbrace.or.jp/od2/B/202607/b260718.lzh,2026-10-03T18:27:30.928093+09:00
20260718,09,津,7,20260718-09-07,3,5191,飛田江己,25,埼玉,53.0,A1,6.91,52.24,6.36,45.45,56,36.7,34,39.6,,2,https://www1.mbrace.or.jp/od2/B/202607/b260718.lzh,2026-10-03T18:27:30.928093+09:00
20260718,09,津,7,20260718-09-07,4,5141,大澤風葵,25,群馬,50.0,A1,6.69,52.22,6.44,55.56,34,27.83,76,41.82,,11,https://www1.mbrace.or.jp/od2/B/202607/b260718.lzh,2026-10-03T18:27:30.928093+09:00
20260718,09,津,7,20260718-09-07,5,5166,仲道大輔,26,愛知,52.0,A2,6.29,43.16,4.55,36.36,41,44.83,62,32.97,,1,https://www1.mbrace.or.jp/od2/B/202607/b260718.lzh,2026-10-03T18:27:30.928093+09:00
20260718,09,津,7,20260718-09-07,6,5013,山下夏鈴,28,三重,45.0,B1,5.75,39.25,4.97,32.2,30,31.15,24,35.66,,,https://www1.mbrace.or.jp/od2/B/202607/b260718.lzh,2026-10-03T18:27:30.928093+09:00
20260718,09,津,8,20260718-09-08,1,5275,松田淳平,24,三重,52.0,A1,6.62,54.03,4.76,28.57,23,29.91,67,33.04,,2,https://www1.mbrace.or.jp/od2/B/202607/b260718.lzh,2026-10-03T18:27:30.928093+09:00
20260718,09,津,8,20260718-09-08,2,5216,長谷川晴,26,群馬,54.0,A1,6.24,40.29,3.5,14.29,58,37.61,57,37.8,,4,https://www1.mbrace.or.jp/od2/B/202607/b260718.lzh,2026-10-03T18:27:30.928093+09:00
20260718,09,津,8,20260718-09-08,3,5182,宮崎安奈,28,埼玉,47.0,B1,4.53,24.68,4.76,28.26,53,34.95,23,32.61,,,https://www1.mbrace.or.jp/od2/B/202607/b260718.lzh,2026-10-03T18:27:30.928093+09:00
20260718,09,津,8,20260718-09-08,4,5234,塚越海斗,27,群馬,54.0,A1,6.86,55.12,5.96,40.74,37,42.15,21,34.19,,1,https://www1.mbrace.or.jp/od2/B/202607/b260718.lzh,2026-10-03T18:27:30.928093+09:00
20260718,09,津,8,20260718-09-08,5,5252,荒木颯斗,23,愛知,53.0,A2,5.94,42.5,4.52,33.33,38,39.81,73,33.61,,,https://www1.mbrace.or.jp/od2/B/202607/b260718.lzh,2026-10-03T18:27:30.928093+09:00
20260718,09,津,8,20260718-09-08,6,5279,石渡翔一,23,東京,54.0,B1,5.39,35.63,5.28,33.33,21,41.12,31,38.71,,,https://www1.mbrace.or.jp/od2/B/202607/b260718.lzh,2026-10-03T18:27:30.928093+09:00
20260718,09,津,9,20260718-09-09,1,5255,藤原仙二,22,滋賀,54.0,A1,6.65,46.77,6.15,43.59,28,35.29,43,28.13,,4,https://www1.mbrace.or.jp/od2/B/202607/b260718.lzh,2026-10-03T18:27:30.928093+09:00
20260718,09,津,9,20260718-09-09,2,5221,竹間隆晟,25,大阪,54.0,A1,6.8,51.15,6.6,50.0,13,35.35,17,34.78,,3,https://www1.mbrace.or.jp/od2/B/202607/b260718.lzh,2026-10-03T18:27:30.928093+09:00
20260718,09,津,9,20260718-09-09,3,5120,山本稔太,25,愛知,55.0,B1,4.74,29.03,5.33,36.67,55,32.11,66,33.0,,,https://www1.mbrace.or.jp/od2/B/202607/b260718.lzh,2026-10-03T18:27:30.928093+09:00
20260718,09,津,9,20260718-09-09,4,5229,吉川晴人,23,滋賀,56.0,A2,5.27,34.51,2.82,11.76,73,36.97,72,30.69,,,https://www1.mbrace.or.jp/od2/B/202607/b260718.lzh,2026-10-03T18:27:30.928093+09:00
20260718,09,津,9,20260718-09-09,5,5034,若林義人,28,静岡,55.0,A1,6.73,52.21,6.61,47.22,71,28.32,44,32.03,,5,https://www1.mbrace.or.jp/od2/B/202607/b260718.lzh,2026-10-03T18:27:30.928093+09:00
20260718,09,津,9,20260718-09-09,6,5066,鈴木孝明,27,埼玉,54.0,A1,6.69,53.04,5.44,33.33,25,38.38,75,53.33,,1,https://www1.mbrace.or.jp/od2/B/202607/b260718.lzh,2026-10-03T18:27:30.928093+09:00
20260718,09,津,10,20260718-09-10,1,5042,畑田汰一,27,埼玉,51.0,A1,6.5,46.15,7.56,74.07,22,40.94,59,31.07,,1,https://www1.mbrace.or.jp/od2/B/202607/b260718.lzh,2026-10-03T18:27:30.928093+09:00
20260718,09,津,10,20260718-09-10,2,5280,廣瀬凜,23,滋賀,51.0,A1,7.16,54.76,3.39,5.56,16,38.53,61,28.95,,6,https://www1.mbrace.or.jp/od2/B/202607/b260718.lzh,2026-10-03T18:27:30.928093+09:00
20260718,09,津,10,20260718-09-10,3,4989,石原翼,29,静岡,51.0,A2,6.17,43.1,6.88,60.61,64,35.48,11,37.82,,2,https://www1.mbrace.or.jp/od2/B/202607/b260718.lzh,2026-10-03T18:27:30.928093+09:00
20260718,09,津,10,20260718-09-10,4,4967,中村魁生,28,大阪,50.0,A1,7.03,55.26,5.93,46.67,60,34.29,47,30.0,,4,https://www1.mbrace.or.jp/od2/B/202607/b260718.lzh,2026-10-03T18:27:30.928093+09:00
20260718,09,津,10,20260718-09-10,5,5087,佐藤航,26,埼玉,54.0,A1,6.62,55.08,4.33,26.67,51,43.86,20,32.5,,3,https://www1.mbrace.or.jp/od2/B/202607/b260718.lzh,2026-10-03T18:27:30.928093+09:00
20260718,09,津,10,20260718-09-10,6,5196,鰐部太空,24,愛知,54.0,A1,6.48,44.83,5.45,45.45,24,40.78,49,40.18,,5,https://www1.mbrace.or.jp/od2/B/202607/b260718.lzh,2026-10-03T18:27:30.928093+09:00
20260718,09,津,11,20260718-09-11,1,5112,砂長知輝,26,埼玉,52.0,A1,7.08,49.55,7.04,53.85,68,33.58,40,34.0,,6,https://www1.mbrace.or.jp/od2/B/202607/b260718.lzh,2026-10-03T18:27:30.928093+09:00
20260718,09,津,11,20260718-09-11,2,5141,大澤風葵,25,群馬,50.0,A1,6.69,52.22,6.44,55.56,34,27.83,76,41.82,,7,https://www1.mbrace.or.jp/od2/B/202607/b260718.lzh,2026-10-03T18:27:30.928093+09:00
20260718,09,津,11,20260718-09-11,3,5226,藤田俊祐,24,東京,52.0,B1,5.69,38.89,0.0,0.0,61,33.04,37,35.29,,1,https://www1.mbrace.or.jp/od2/B/202607/b260718.lzh,2026-10-03T18:27:30.928093+09:00
20260718,09,津,11,20260718-09-11,4,5220,青木蓮,25,埼玉,51.0,A2,6.52,50.0,5.33,33.33,31,37.17,16,38.98,,4,https://www1.mbrace.or.jp/od2/B/202607/b260718.lzh,2026-10-03T18:27:30.928093+09:00
20260718,09,津,11,20260718-09-11,5,5017,澤田尚也,27,滋賀,51.0,A1,6.58,48.7,5.5,25.0,67,33.64,38,33.33,,5,https://www1.mbrace.or.jp/od2/B/202607/b260718.lzh,2026-10-03T18:27:30.928093+09:00
20260718,09,津,11,20260718-09-11,6,5139,大場恒季,26,愛知,50.0,A1,6.74,54.62,5.64,31.82,46,33.59,45,37.17,,2,https://www1.mbrace.or.jp/od2/B/202607/b260718.lzh,2026-10-03T18:27:30.928093+09:00
20260718,09,津,12,20260718-09-12,1,5068,前田滉,26,愛知,51.0,A1,7.63,61.05,8.18,72.73,27,34.17,52,31.82,,,https://www1.mbrace.or.jp/od2/B/202607/b260718.lzh,2026-10-03T18:27:30.928093+09:00
20260718,09,津,12,20260718-09-12,2,4914,吉田裕平,29,愛知,51.0,A1,7.06,49.07,7.52,43.48,35,33.04,46,42.15,,,https://www1.mbrace.or.jp/od2/B/202607/b260718.lzh,2026-10-03T18:27:30.928093+09:00
20260718,09,津,12,20260718-09-12,3,5088,高憧四季,26,大阪,44.0,A1,7.12,54.35,6.43,47.62,62,32.23,12,32.46,,,https://www1.mbrace.or.jp/od2/B/202607/b260718.lzh,2026-10-03T18:27:30.928093+09:00
20260718,09,津,12,20260718-09-12,4,5089,前田翔,26,愛知,52.0,A1,6.87,52.69,6.83,58.33,49,43.27,15,30.36,,,https://www1.mbrace.or.jp/od2/B/202607/b260718.lzh,2026-10-03T18:27:30.928093+09:00
20260718,09,津,12,20260718-09-12,5,5132,中野希一,27,埼玉,53.0,A1,6.83,57.14,5.11,33.33,15,36.0,39,30.95,,,https://www1.mbrace.or.jp/od2/B/202607/b260718.lzh,2026-10-03T18:27:30.928093+09:00
20260718,09,津,12,20260718-09-12,6,5256,中山翔太,22,三重,52.0,A1,6.01,43.88,6.21,43.45,40,41.07,28,36.45,,,https://www1.mbrace.or.jp/od2/B/202607/b260718.lzh,2026-10-03T18:27:30.928093+09:00
20260718,08,常滑,1,20260718-08-01,1,3349,吉田一郎,58,長崎,52.0,A1,6.66,50.56,6.82,58.82,31,42.78,21,31.25,6 1214,10,https://www1.mbrace.or.jp/od2/B/202607/b260718.lzh,2026-10-03T18:27:30.928093+09:00
20260718,08,常滑,1,20260718-08-01,2,3630,黒田誠司,56,静岡,56.0,B1,3.97,17.74,3.78,17.39,47,33.7,76,0.0,5 512,9,https://www1.mbrace.or.jp/od2/B/202607/b260718.lzh,2026-10-03T18:27:30.928093+09:00
20260718,08,常滑,1,20260718-08-01,3,5292,佐藤右京,24,東京,56.0,B1,4.31,21.11,2.92,2.78,30,41.81,29,10.0,32265,8,https://www1.mbrace.or.jp/od2/B/202607/b260718.lzh,2026-10-03T18:27:30.928093+09:00
20260718,08,常滑,1,20260718-08-01,4,5103,芝田京介,28,埼玉,55.0,B2,3.54,17.86,0.8,0.0,16,38.46,40,50.0,5 466,7,https://www1.mbrace.or.jp/od2/B/202607/b260718.lzh,2026-10-03T18:27:30.928093+09:00
20260718,08,常滑,1,20260718-08-01,5,4094,中島真二,45,福岡,54.0,B1,4.99,34.15,4.0,12.5,45,30.48,44,80.0,3 3652,,https://www1.mbrace.or.jp/od2/B/202607/b260718.lzh,2026-10-03T18:27:30.928093+09:00
20260718,08,常滑,1,20260718-08-01,6,5309,森雄利,21,長崎,52.0,B1,3.38,15.38,0.0,0.0,52,34.1,46,50.0,266 5,7,https://www1.mbrace.or.jp/od2/B/202607/b260718.lzh,2026-10-03T18:27:30.928093+09:00
20260718,08,常滑,2,20260718-08-02,1,3158,島川光男,61,広島,53.0,A2,6.14,42.39,5.28,31.25,59,38.67,55,30.0,241 31,11,https://www1.mbrace.or.jp/od2/B/202607/b260718.lzh,2026-10-03T18:27:30.928093+09:00
20260718,08,常滑,2,20260718-08-02,2,3859,多羅尾達,53,東京,52.0,B1,4.14,23.26,3.33,4.76,1,34.46,37,42.11,621 36,7,https://www1.mbrace.or.jp/od2/B/202607/b260718.lzh,2026-10-03T18:27:30.928093+09:00
20260718,08,常滑,2,20260718-08-02,3,4340,土性雅也,41,三重,54.0,B2,3.94,25.0,3.78,14.81,32,31.55,77,20.0,4 456,8,https://www1.mbrace.or.jp/od2/B/202607/b260718.lzh,2026-10-03T18:27:30.928093+09:00
20260718,08,常滑,2,20260718-08-02,4,3637,齋藤和政,55,愛知,55.0,B1,4.1,20.73,4.45,20.48,10,41.3,68,0.0,1 6456,,https://www1.mbrace.or.jp/od2/B/202607/b260718.lzh,2026-10-03T18:27:30.928093+09:00
20260718,08,常滑,2,20260718-08-02,5,3743,林美憲,51,徳島,53.0,A1,5.13,37.25,6.42,47.37,37,33.15,66,41.67,636464,9,https://www1.mbrace.or.jp/od2/B/202607/b260718.lzh,2026-10-03T18:27:30.928093+09:00
20260718,08,常滑,2,20260718-08-02,6,5386,米玉利大,20,兵庫,53.0,B1,3.11,10.13,1.38,0.0,40,34.48,71,30.0,3 465,7,https://www1.mbrace.or.jp/od2/B/202607/b260718.lzh,2026-10-03T18:27:30.928093+09:00
20260718,08,常滑,3,20260718-08-03,1,3722,西村秀樹,56,福岡,53.0,B1,2.95,5.13,1.2,0.0,20,32.0,18,72.73,465 3,9,https://www1.mbrace.or.jp/od2/B/202607/b260718.lzh,2026-10-03T18:27:30.928093+09:00
20260718,08,常滑,3,20260718-08-03,2,4434,田中辰彦,40,広島,54.0,A2,6.16,46.94,6.28,44.44,22,30.99,30,54.55,144 26,12,https://www1.mbrace.or.jp/od2/B/202607/b260718.lzh,2026-10-03T18:27:30.928093+09:00
20260718,08,常滑,3,20260718-08-03,3,3731,高濱芳久,53,広島,53.0,B1,4.91,25.64,0.0,0.0,26,35.87,56,20.0,533 25,8,https://www1.mbrace.or.jp/od2/B/202607/b260718.lzh,2026-10-03T18:27:30.928093+09:00
20260718,08,常滑,3,20260718-08-03,4,5050,木下雄介,31,滋賀,52.0,A2,5.55,38.16,5.85,41.03,19,33.86,19,11.11,123 16,12,https://www1.mbrace.or.jp/od2/B/202607/b260718.lzh,2026-10-03T18:27:30.928093+09:00
20260718,08,常滑,3,20260718-08-03,5,5456,今村天次,20,兵庫,51.0,B2,1.89,0.0,0.0,0.0,55,27.88,42,66.67,664 3,9,https://www1.mbrace.or.jp/od2/B/202607/b260718.lzh,2026-10-03T18:27:30.928093+09:00
20260718,08,常滑,3,20260718-08-03,6,3602,奥平拓也,56,東京,53.0,B1,4.16,16.47,5.19,29.03,15,29.89,36,0.0,45562,,https://www1.mbrace.or.jp/od2/B/202607/b260718.lzh,2026-10-03T18:27:30.928093+09:00
20260718,08,常滑,4,20260718-08-04,1,3576,白水勝也,53,福岡,52.0,A1,6.62,47.57,6.06,37.5,58,31.49,22,45.45,122144,10,https://www1.mbrace.or.jp/od2/B/202607/b260718.lzh,2026-10-03T18:27:30.928093+09:00
20260718,08,常滑,4,20260718-08-04,2,4902,山川雄大,33,兵庫,51.0,B1,4.79,31.11,3.14,14.29,41,31.84,24,40.0,1 2416,10,https://www1.mbrace.or.jp/od2/B/202607/b260718.lzh,2026-10-03T18:27:30.928093+09:00
20260718,08,常滑,4,20260718-08-04,3,3896,上田洋平,49,滋賀,51.0,B1,5.09,28.21,5.28,30.23,35,47.62,70,11.11,3 3343,9,https://www1.mbrace.or.jp/od2/B/202607/b260718.lzh,2026-10-03T18:27:30.928093+09:00
20260718,08,常滑,4,20260718-08-04,4,4104,木下陽介,46,東京,59.0,B1,3.42,15.07,4.6,26.67,42,38.8,26,22.22,2 2225,11,https://www1.mbrace.or.jp/od2/B/202607/b260718.lzh,2026-10-03T18:27:30.928093+09:00
20260718,08,常滑,4,20260718-08-04,5,3769,佐竹恒彦,52,滋賀,52.0,A2,5.67,39.24,5.0,29.41,34,26.25,47,55.56,4 3514,8,https://www1.mbrace.or.jp/od2/B/202607/b260718.lzh,2026-10-03T18:27:30.928093+09:00
20260718,08,常滑,4,20260718-08-04,6,3315,広瀬聖仁,60,愛知,53.0,B1,4.41,24.29,5.12,28.57,13,31.82,51,30.0,14665,,https://www1.mbrace.or.jp/od2/B/202607/b260718.lzh,2026-10-03T18:27:30.928093+09:00
20260718,08,常滑,5,20260718-08-05,1,4472,尾嶋一広,39,兵庫,56.0,A1,6.23,41.23,6.12,41.18,51,36.93,69,22.22,145333,10,https://www1.mbrace.or.jp/od2/B/202607/b260718.lzh,2026-10-03T18:27:30.928093+09:00
20260718,08,常滑,5,20260718-08-05,2,5245,倉富大誠,24,愛知,52.0,B1,5.23,32.1,3.08,12.0,60,32.62,53,40.0,3 1262,12,https://www1.mbrace.or.jp/od2/B/202607/b260718.lzh,2026-10-03T18:27:30.928093+09:00
20260718,08,常滑,5,20260718-08-05,3,4318,桑原将光,41,東京,52.0,A2,5.23,26.67,5.31,25.0,54,29.14,75,36.36,4 4432,,https://www1.mbrace.or.jp/od2/B/202607/b260718.lzh,2026-10-03T18:27:30.928093+09:00
20260718,08,常滑,5,20260718-08-05,4,3752,宇土泰就,55,福岡,58.0,B1,4.31,18.89,4.38,23.08,12,44.44,54,20.0,654 43,,https://www1.mbrace.or.jp/od2/B/202607/b260718.lzh,2026-10-03T18:27:30.928093+09:00
20260718,08,常滑,5,20260718-08-05,5,4273,佐藤旭,44,静岡,53.0,B1,4.98,30.0,4.78,32.43,3,45.99,23,27.27,31125,12,https://www1.mbrace.or.jp/od2/B/202607/b260718.lzh,2026-10-03T18:27:30.928093+09:00
20260718,08,常滑,5,20260718-08-05,6,4463,三苫晃幸,40,福岡,55.0,A2,6.4,48.35,5.23,31.82,57,31.82,72,0.0,1 1322,11,https://www1.mbrace.or.jp/od2/B/202607/b260718.lzh,2026-10-03T18:27:30.928093+09:00
20260718,08,常滑,6,20260718-08-06,1,4488,小山勉,40,埼玉,52.0,A1,6.9,54.78,5.89,42.86,29,35.56,52,0.0,652511,11,https://www1.mbrace.or.jp/od2/B/202607/b260718.lzh,2026-10-03T18:27:30.928093+09:00
20260718,08,常滑,6,20260718-08-06,2,4022,待鳥雄紀,46,福岡,57.0,B1,4.41,21.95,5.62,40.54,17,30.23,73,54.55,52134,10,https://www1.mbrace.or.jp/od2/B/202607/b260718.lzh,2026-10-03T18:27:30.928093+09:00
20260718,08,常滑,6,20260718-08-06,3,3911,鈴木猛,52,東京,53.0,B1,5.32,33.63,4.63,19.51,24,33.15,74,60.0,613 13,11,https://www1.mbrace.or.jp/od2/B/202607/b260718.lzh,2026-10-03T18:27:30.928093+09:00
20260718,08,常滑,6,20260718-08-06,4,4943,八木治樹,35,愛知,54.0,B1,4.36,17.81,4.83,20.0,4,34.22,38,20.0,5 5144,,https://www1.mbrace.or.jp/od2/B/202607/b260718.lzh,2026-10-03T18:27:30.928093+09:00
20260718,08,常滑,6,20260718-08-06,5,4129,宇野博之,46,愛知,56.0,B1,3.92,16.67,6.06,31.25,28,27.32,25,20.0,255 55,,https://www1.mbrace.or.jp/od2/B/202607/b260718.lzh,2026-10-03T18:27:30.928093+09:00
20260718,08,常滑,6,20260718-08-06,6,4549,小林文彦,37,福岡,53.0,A2,6.37,43.82,5.35,26.92,5,34.41,50,40.0,22221,10,https://www1.mbrace.or.jp/od2/B/202607/b260718.lzh,2026-10-03T18:27:30.928093+09:00
20260718,08,常滑,7,20260718-08-07,1,4877,鈴谷一平,31,兵庫,56.0,A1,6.02,43.56,6.17,50.0,53,39.31,78,72.73,161561,12,https://www1.mbrace.or.jp/od2/B/202607/b260718.lzh,2026-10-03T18:27:30.928093+09:00
20260718,08,常滑,7,20260718-08-07,2,4298,宮下元胤,43,愛知,55.0,A2,6.07,42.74,6.04,45.61,38,29.35,17,18.18,333 42,11,https://www1.mbrace.or.jp/od2/B/202607/b260718.lzh,2026-10-03T18:27:30.928093+09:00
20260718,08,常滑,7,20260718-08-07,3,5386,米玉利大,20,兵庫,53.0,B1,3.11,10.13,1.38,0.0,40,34.48,71,30.0,3 465,2,https://www1.mbrace.or.jp/od2/B/202607/b260718.lzh,2026-10-03T18:27:30.928093+09:00
20260718,08,常滑,7,20260718-08-07,4,5309,森雄利,21,長崎,52.0,B1,3.38,15.38,0.0,0.0,52,34.1,46,50.0,266 5,1,https://www1.mbrace.or.jp/od2/B/202607/b260718.lzh,2026-10-03T18:27:30.928093+09:00
20260718,08,常滑,7,20260718-08-07,5,3859,多羅尾達,53,東京,52.0,B1,4.14,23.26,3.33,4.76,1,34.46,37,42.11,621 36,2,https://www1.mbrace.or.jp/od2/B/202607/b260718.lzh,2026-10-03T18:27:30.928093+09:00
20260718,08,常滑,7,20260718-08-07,6,5103,芝田京介,28,埼玉,55.0,B2,3.54,17.86,0.8,0.0,16,38.46,40,50.0,5 466,1,https://www1.mbrace.or.jp/od2/B/202607/b260718.lzh,2026-10-03T18:27:30.928093+09:00
20260718,08,常滑,8,20260718-08-08,1,4340,土性雅也,41,三重,54.0,B2,3.94,25.0,3.78,14.81,32,31.55,77,20.0,4 456,2,https://www1.mbrace.or.jp/od2/B/202607/b260718.lzh,2026-10-03T18:27:30.928093+09:00
20260718,08,常滑,8,20260718-08-08,2,3769,佐竹恒彦,52,滋賀,52.0,A2,5.67,39.24,5.0,29.41,34,26.25,47,55.56,4 3514,4,https://www1.mbrace.or.jp/od2/B/202607/b260718.lzh,2026-10-03T18:27:30.928093+09:00
20260718,08,常滑,8,20260718-08-08,3,4665,加藤啓太,42,愛知,51.0,B1,4.07,16.28,4.57,23.81,7,34.29,58,53.85,3 6365,,https://www1.mbrace.or.jp/od2/B/202607/b260718.lzh,2026-10-03T18:27:30.928093+09:00
20260718,08,常滑,8,20260718-08-08,4,3731,高濱芳久,53,広島,53.0,B1,4.91,25.64,0.0,0.0,26,35.87,56,20.0,533 25,3,https://www1.mbrace.or.jp/od2/B/202607/b260718.lzh,2026-10-03T18:27:30.928093+09:00
20260718,08,常滑,8,20260718-08-08,5,5292,佐藤右京,24,東京,56.0,B1,4.31,21.11,2.92,2.78,30,41.81,29,10.0,32265,1,https://www1.mbrace.or.jp/od2/B/202607/b260718.lzh,2026-10-03T18:27:30.928093+09:00
20260718,08,常滑,8,20260718-08-08,6,4910,中村泰平,30,愛知,52.0,A1,6.76,55.1,6.14,42.31,39,39.66,60,57.14,412111,12,https://www1.mbrace.or.jp/od2/B/202607/b260718.lzh,2026-10-03T18:27:30.928093+09:00
20260718,08,常滑,9,20260718-08-09,1,3630,黒田誠司,56,静岡,56.0,B1,3.97,17.74,3.78,17.39,47,33.7,76,0.0,5 512,1,https://www1.mbrace.or.jp/od2/B/202607/b260718.lzh,2026-10-03T18:27:30.928093+09:00
20260718,08,常滑,9,20260718-08-09,2,4116,川田正人,45,徳島,51.0,B1,4.51,13.75,5.59,36.36,50,34.46,15,0.0,554 23,,https://www1.mbrace.or.jp/od2/B/202607/b260718.lzh,2026-10-03T18:27:30.928093+09:00
20260718,08,常滑,9,20260718-08-09,3,3722,西村秀樹,56,福岡,53.0,B1,2.95,5.13,1.2,0.0,20,32.0,18,72.73,465 3,3,https://www1.mbrace.or.jp/od2/B/202607/b260718.lzh,2026-10-03T18:27:30.928093+09:00
20260718,08,常滑,9,20260718-08-09,4,3743,林美憲,51,徳島,53.0,A1,5.13,37.25,6.42,47.37,37,33.15,66,41.67,636464,2,https://www1.mbrace.or.jp/od2/B/202607/b260718.lzh,2026-10-03T18:27:30.928093+09:00
20260718,08,常滑,9,20260718-08-09,5,3896,上田洋平,49,滋賀,51.0,B1,5.09,28.21,5.28,30.23,35,47.62,70,11.11,3 3343,4,https://www1.mbrace.or.jp/od2/B/202607/b260718.lzh,2026-10-03T18:27:30.928093+09:00
20260718,08,常滑,9,20260718-08-09,6,5456,今村天次,20,兵庫,51.0,B2,1.89,0.0,0.0,0.0,55,27.88,42,66.67,664 3,3,https://www1.mbrace.or.jp/od2/B/202607/b260718.lzh,2026-10-03T18:27:30.928093+09:00
20260718,08,常滑,10,20260718-08-10,1,4549,小林文彦,37,福岡,53.0,A2,6.37,43.82,5.35,26.92,5,34.41,50,40.0,22221,6,https://www1.mbrace.or.jp/od2/B/202607/b260718.lzh,2026-10-03T18:27:30.928093+09:00
20260718,08,常滑,10,20260718-08-10,2,3576,白水勝也,53,福岡,52.0,A1,6.62,47.57,6.06,37.5,58,31.49,22,45.45,122144,4,https://www1.mbrace.or.jp/od2/B/202607/b260718.lzh,2026-10-03T18:27:30.928093+09:00
20260718,08,常滑,10,20260718-08-10,3,3349,吉田一郎,58,長崎,52.0,A1,6.66,50.56,6.82,58.82,31,42.78,21,31.25,6 1214,1,https://www1.mbrace.or.jp/od2/B/202607/b260718.lzh,2026-10-03T18:27:30.928093+09:00
20260718,08,常滑,10,20260718-08-10,4,4902,山川雄大,33,兵庫,51.0,B1,4.79,31.11,3.14,14.29,41,31.84,24,40.0,1 2416,4,https://www1.mbrace.or.jp/od2/B/202607/b260718.lzh,2026-10-03T18:27:30.928093+09:00
20260718,08,常滑,10,20260718-08-10,5,4472,尾嶋一広,39,兵庫,56.0,A1,6.23,41.23,6.12,41.18,51,36.93,69,22.22,145333,5,https://www1.mbrace.or.jp/od2/B/202607/b260718.lzh,2026-10-03T18:27:30.928093+09:00
20260718,08,常滑,10,20260718-08-10,6,4022,待鳥雄紀,46,福岡,57.0,B1,4.41,21.95,5.62,40.54,17,30.23,73,54.55,52134,6,https://www1.mbrace.or.jp/od2/B/202607/b260718.lzh,2026-10-03T18:27:30.928093+09:00
20260718,08,常滑,11,20260718-08-11,1,4463,三苫晃幸,40,福岡,55.0,A2,6.4,48.35,5.23,31.82,57,31.82,72,0.0,1 1322,5,https://www1.mbrace.or.jp/od2/B/202607/b260718.lzh,2026-10-03T18:27:30.928093+09:00
20260718,08,常滑,11,20260718-08-11,2,3158,島川光男,61,広島,53.0,A2,6.14,42.39,5.28,31.25,59,38.67,55,30.0,241 31,2,https://www1.mbrace.or.jp/od2/B/202607/b260718.lzh,2026-10-03T18:27:30.928093+09:00
20260718,08,常滑,11,20260718-08-11,3,4104,木下陽介,46,東京,59.0,B1,3.42,15.07,4.6,26.67,42,38.8,26,22.22,2 2225,4,https://www1.mbrace.or.jp/od2/B/202607/b260718.lzh,2026-10-03T18:27:30.928093+09:00
20260718,08,常滑,11,20260718-08-11,4,3911,鈴木猛,52,東京,53.0,B1,5.32,33.63,4.63,19.51,24,33.15,74,60.0,613 13,6,https://www1.mbrace.or.jp/od2/B/202607/b260718.lzh,2026-10-03T18:27:30.928093+09:00
20260718,08,常滑,11,20260718-08-11,5,4488,小山勉,40,埼玉,52.0,A1,6.9,54.78,5.89,42.86,29,35.56,52,0.0,652511,6,https://www1.mbrace.or.jp/od2/B/202607/b260718.lzh,2026-10-03T18:27:30.928093+09:00
20260718,08,常滑,11,20260718-08-11,6,4298,宮下元胤,43,愛知,55.0,A2,6.07,42.74,6.04,45.61,38,29.35,17,18.18,333 42,7,https://www1.mbrace.or.jp/od2/B/202607/b260718.lzh,2026-10-03T18:27:30.928093+09:00
20260718,08,常滑,12,20260718-08-12,1,4910,中村泰平,30,愛知,52.0,A1,6.76,55.1,6.14,42.31,39,39.66,60,57.14,412111,8,https://www1.mbrace.or.jp/od2/B/202607/b260718.lzh,2026-10-03T18:27:30.928093+09:00
20260718,08,常滑,12,20260718-08-12,2,4273,佐藤旭,44,静岡,53.0,B1,4.98,30.0,4.78,32.43,3,45.99,23,27.27,31125,5,https://www1.mbrace.or.jp/od2/B/202607/b260718.lzh,2026-10-03T18:27:30.928093+09:00
20260718,08,常滑,12,20260718-08-12,3,5050,木下雄介,31,滋賀,52.0,A2,5.55,38.16,5.85,41.03,19,33.86,19,11.11,123 16,3,https://www1.mbrace.or.jp/od2/B/202607/b260718.lzh,2026-10-03T18:27:30.928093+09:00
20260718,08,常滑,12,20260718-08-12,4,5245,倉富大誠,24,愛知,52.0,B1,5.23,32.1,3.08,12.0,60,32.62,53,40.0,3 1262,5,https://www1.mbrace.or.jp/od2/B/202607/b260718.lzh,2026-10-03T18:27:30.928093+09:00
20260718,08,常滑,12,20260718-08-12,5,4877,鈴谷一平,31,兵庫,56.0,A1,6.02,43.56,6.17,50.0,53,39.31,78,72.73,161561,7,https://www1.mbrace.or.jp/od2/B/202607/b260718.lzh,2026-10-03T18:27:30.928093+09:00
20260718,08,常滑,12,20260718-08-12,6,4434,田中辰彦,40,広島,54.0,A2,6.16,46.94,6.28,44.44,22,30.99,30,54.55,144 26,3,https://www1.mbrace.or.jp/od2/B/202607/b260718.lzh,2026-10-03T18:27:30.928093+09:00
20260718,07,蒲郡,1,20260718-07-01,1,4290,稲田浩二,41,兵庫,52.0,A1,6.87,45.24,7.25,53.13,14,30.25,23,30.69,264 2 125,10,https://www1.mbrace.or.jp/od2/B/202607/b260718.lzh,2026-10-03T18:27:30.928093+09:00
20260718,07,蒲郡,1,20260718-07-01,2,4148,枝尾賢,44,福岡,52.0,A2,6.05,41.07,5.52,32.0,19,34.71,40,35.12,6 244 643,,https://www1.mbrace.or.jp/od2/B/202607/b260718.lzh,2026-10-03T18:27:30.928093+09:00
20260718,07,蒲郡,1,20260718-07-01,3,3978,齊藤仁,49,東京,51.0,A2,5.89,33.91,7.28,56.0,58,35.83,35,40.08,6 3 135 33,9,https://www1.mbrace.or.jp/od2/B/202607/b260718.lzh,2026-10-03T18:27:30.928093+09:00
20260718,07,蒲郡,1,20260718-07-01,4,4055,吉田俊彦,48,兵庫,53.0,A2,6.76,51.85,7.33,51.85,49,33.46,13,33.91,3 265 4 66,,https://www1.mbrace.or.jp/od2/B/202607/b260718.lzh,2026-10-03T18:27:30.928093+09:00
20260718,07,蒲郡,1,20260718-07-01,5,4042,丸岡正典,46,大阪,52.0,A2,6.56,46.15,6.91,54.55,32,33.1,71,34.4,4 123 3 3,10,https://www1.mbrace.or.jp/od2/B/202607/b260718.lzh,2026-10-03T18:27:30.928093+09:00
20260718,07,蒲郡,1,20260718-07-01,6,3717,立間充宏,51,岡山,56.0,A2,5.43,30.12,0.0,0.0,16,34.38,15,37.56,4 5 464 12,6,https://www1.mbrace.or.jp/od2/B/202607/b260718.lzh,2026-10-03T18:27:30.928093+09:00
20260718,07,蒲郡,2,20260718-07-02,1,4261,岡祐臣,42,三重,55.0,A2,6.36,47.01,6.77,45.71,35,36.73,32,34.48,5 131 2 6,11,https://www1.mbrace.or.jp/od2/B/202607/b260718.lzh,2026-10-03T18:27:30.928093+09:00
20260718,07,蒲郡,2,20260718-07-02,2,4715,村上遼,34,長崎,53.0,A1,6.29,39.68,6.84,52.0,75,24.34,50,31.47,543 5 462,6,https://www1.mbrace.or.jp/od2/B/202607/b260718.lzh,2026-10-03T18:27:30.928093+09:00
20260718,07,蒲郡,2,20260718-07-02,3,4269,杉山裕也,40,愛知,53.0,A2,6.63,51.02,6.78,50.42,46,35.36,61,37.6,2 5 112 4,10,https://www1.mbrace.or.jp/od2/B/202607/b260718.lzh,2026-10-03T18:27:30.928093+09:00
20260718,07,蒲郡,2,20260718-07-02,4,3711,江本真治,51,山口,54.0,A2,6.17,42.22,6.13,50.0,72,42.11,46,34.48,2 245 6 25,6,https://www1.mbrace.or.jp/od2/B/202607/b260718.lzh,2026-10-03T18:27:30.928093+09:00
20260718,07,蒲郡,2,20260718-07-02,5,4012,中村有裕,46,滋賀,58.0,A2,6.18,46.67,6.45,59.52,11,30.61,14,36.55,1 664 1 66,,https://www1.mbrace.or.jp/od2/B/202607/b260718.lzh,2026-10-03T18:27:30.928093+09:00
20260718,07,蒲郡,2,20260718-07-02,6,3779,原田幸哉,50,長崎,53.0,A1,6.47,36.44,6.54,33.33,27,37.21,60,34.82,365 6 551,9,https://www1.mbrace.or.jp/od2/B/202607/b260718.lzh,2026-10-03T18:27:30.928093+09:00
20260718,07,蒲郡,3,20260718-07-03,1,4903,吉田凌太,32,愛知,51.0,A1,6.17,45.1,7.1,57.69,70,36.92,74,33.62,124 251 4,10,https://www1.mbrace.or.jp/od2/B/202607/b260718.lzh,2026-10-03T18:27:30.928093+09:00
20260718,07,蒲郡,3,20260718-07-03,2,4227,安達裕樹,43,三重,52.0,A2,6.18,37.04,6.13,42.11,51,31.77,75,30.09,6 344 233,7,https://www1.mbrace.or.jp/od2/B/202607/b260718.lzh,2026-10-03T18:27:30.928093+09:00
20260718,07,蒲郡,3,20260718-07-03,3,4477,篠崎仁志,38,福岡,55.0,A1,7.26,47.62,6.5,45.0,77,45.54,17,36.44,5 333 413,11,https://www1.mbrace.or.jp/od2/B/202607/b260718.lzh,2026-10-03T18:27:30.928093+09:00
20260718,07,蒲郡,3,20260718-07-03,4,4027,松江秀徳,48,佐賀,56.0,A2,6.01,41.18,5.76,32.0,50,26.88,30,42.19,6 6 563 56,,https://www1.mbrace.or.jp/od2/B/202607/b260718.lzh,2026-10-03T18:27:30.928093+09:00
20260718,07,蒲郡,3,20260718-07-03,5,4342,谷野錬志,41,静岡,54.0,A2,6.12,37.21,7.36,53.57,13,42.86,68,31.5,3 551 4 62,8,https://www1.mbrace.or.jp/od2/B/202607/b260718.lzh,2026-10-03T18:27:30.928093+09:00
20260718,07,蒲郡,3,20260718-07-03,6,3422,服部幸男,55,静岡,55.0,A2,6.1,43.55,7.07,60.0,26,40.53,18,31.28,5 132 4 26,9,https://www1.mbrace.or.jp/od2/B/202607/b260718.lzh,2026-10-03T18:27:30.928093+09:00
20260718,07,蒲郡,4,20260718-07-04,1,3721,守田俊介,50,滋賀,53.0,A1,6.46,41.35,7.44,51.85,39,39.22,47,36.6,312 2 5 4,11,https://www1.mbrace.or.jp/od2/B/202607/b260718.lzh,2026-10-03T18:27:30.928093+09:00
20260718,07,蒲郡,4,20260718-07-04,2,3685,荒井輝年,52,岡山,57.0,A2,5.92,43.88,5.48,38.71,61,34.52,54,31.17,6 4 653 54,,https://www1.mbrace.or.jp/od2/B/202607/b260718.lzh,2026-10-03T18:27:30.928093+09:00
20260718,07,蒲郡,4,20260718-07-04,3,3931,黒崎竜也,50,三重,52.0,A2,5.86,39.76,6.02,42.86,54,41.46,70,36.32,3 2 451 14,9,https://www1.mbrace.or.jp/od2/B/202607/b260718.lzh,2026-10-03T18:27:30.928093+09:00
20260718,07,蒲郡,4,20260718-07-04,4,4324,海野康志,38,山口,61.0,A1,7.3,56.82,8.78,77.78,29,37.8,69,31.82,125 223 6,,https://www1.mbrace.or.jp/od2/B/202607/b260718.lzh,2026-10-03T18:27:30.928093+09:00
20260718,07,蒲郡,4,20260718-07-04,5,4030,森高一真,48,香川,50.0,A1,6.97,40.0,7.22,50.0,40,40.09,25,33.74,314 1 5421,,https://www1.mbrace.or.jp/od2/B/202607/b260718.lzh,2026-10-03T18:27:30.928093+09:00
20260718,07,蒲郡,4,20260718-07-04,6,4109,谷津幸宏,46,埼玉,54.0,A2,5.62,33.33,5.73,37.84,55,36.16,76,29.86,F 6 256 5,,https://www1.mbrace.or.jp/od2/B/202607/b260718.lzh,2026-10-03T18:27:30.928093+09:00
20260718,07,蒲郡,5,20260718-07-05,1,3946,赤岩善生,50,愛知,56.0,A1,7.02,49.02,7.36,58.65,38,39.91,29,31.53,221 225 5,11,https://www1.mbrace.or.jp/od2/B/202607/b260718.lzh,2026-10-03T18:27:30.928093+09:00
20260718,07,蒲郡,5,20260718-07-05,2,4437,中田元泰,40,香川,55.0,A2,6.04,47.62,0.0,0.0,52,31.75,67,29.94,5 6 36224,,https://www1.mbrace.or.jp/od2/B/202607/b260718.lzh,2026-10-03T18:27:30.928093+09:00
20260718,07,蒲郡,5,20260718-07-05,3,4645,上村純一,46,群馬,53.0,A1,6.4,44.35,7.17,65.52,65,35.89,19,30.28,231 6 251,10,https://www1.mbrace.or.jp/od2/B/202607/b260718.lzh,2026-10-03T18:27:30.928093+09:00
20260718,07,蒲郡,5,20260718-07-05,4,4757,山田祐也,37,徳島,54.0,A1,6.81,47.62,6.22,22.22,59,36.94,38,37.13,356 61115,,https://www1.mbrace.or.jp/od2/B/202607/b260718.lzh,2026-10-03T18:27:30.928093+09:00
20260718,07,蒲郡,5,20260718-07-05,5,4643,近江翔吾,33,香川,53.0,A2,7.01,56.32,5.75,37.5,37,23.31,33,35.53,1 455 3 65,,https://www1.mbrace.or.jp/od2/B/202607/b260718.lzh,2026-10-03T18:27:30.928093+09:00
20260718,07,蒲郡,5,20260718-07-05,6,3995,重野哲之,47,静岡,55.0,A2,6.49,50.57,6.24,47.62,47,28.39,66,35.29,2 466 4F3,,https://www1.mbrace.or.jp/od2/B/202607/b260718.lzh,2026-10-03T18:27:30.928093+09:00
20260718,07,蒲郡,6,20260718-07-06,1,3415,松井繁,56,大阪,51.0,A1,7.23,46.09,6.75,39.29,31,34.83,22,32.62,3 51432 5,10,https://www1.mbrace.or.jp/od2/B/202607/b260718.lzh,2026-10-03T18:27:30.928093+09:00
20260718,07,蒲郡,6,20260718-07-06,2,3717,立間充宏,51,岡山,56.0,A2,5.43,30.12,0.0,0.0,16,34.38,15,37.56,4 5 464 12,1,https://www1.mbrace.or.jp/od2/B/202607/b260718.lzh,2026-10-03T18:27:30.928093+09:00
20260718,07,蒲郡,6,20260718-07-06,3,3711,江本真治,51,山口,54.0,A2,6.17,42.22,6.13,50.0,72,42.11,46,34.48,2 245 6 25,2,https://www1.mbrace.or.jp/od2/B/202607/b260718.lzh,2026-10-03T18:27:30.928093+09:00
20260718,07,蒲郡,6,20260718-07-06,4,4715,村上遼,34,長崎,53.0,A1,6.29,39.68,6.84,52.0,75,24.34,50,31.47,543 5 462,2,https://www1.mbrace.or.jp/od2/B/202607/b260718.lzh,2026-10-03T18:27:30.928093+09:00
20260718,07,蒲郡,6,20260718-07-06,5,4296,岡崎恭裕,39,福岡,52.0,A2,6.81,53.13,7.64,58.33,56,34.34,55,29.03,1 653 5 46,,https://www1.mbrace.or.jp/od2/B/202607/b260718.lzh,2026-10-03T18:27:30.928093+09:00
20260718,07,蒲郡,6,20260718-07-06,6,3499,市川哲也,57,広島,51.0,A1,5.8,38.24,6.22,50.0,45,28.68,52,34.0,552 5 665,,https://www1.mbrace.or.jp/od2/B/202607/b260718.lzh,2026-10-03T18:27:30.928093+09:00
20260718,07,蒲郡,7,20260718-07-07,1,3941,池田浩二,48,愛知,54.0,A1,7.82,49.56,8.77,73.53,64,36.15,16,33.03,1 52532 6,11,https://www1.mbrace.or.jp/od2/B/202607/b260718.lzh,2026-10-03T18:27:30.928093+09:00
20260718,07,蒲郡,7,20260718-07-07,2,4430,永田秀二,40,東京,56.0,A2,5.93,37.72,6.28,47.5,57,31.62,39,34.22,6 3 346 25,,https://www1.mbrace.or.jp/od2/B/202607/b260718.lzh,2026-10-03T18:27:30.928093+09:00
20260718,07,蒲郡,7,20260718-07-07,3,4539,金子賢志,35,群馬,53.0,A1,6.65,48.67,6.94,50.0,24,28.24,37,39.59,463 3 1543,,https://www1.mbrace.or.jp/od2/B/202607/b260718.lzh,2026-10-03T18:27:30.928093+09:00
20260718,07,蒲郡,7,20260718-07-07,4,4276,鈴木勝博,43,愛知,53.0,A2,5.77,41.84,6.14,42.0,15,27.11,41,34.18,4 5 56451,,https://www1.mbrace.or.jp/od2/B/202607/b260718.lzh,2026-10-03T18:27:30.928093+09:00
20260718,07,蒲郡,7,20260718-07-07,5,4227,安達裕樹,43,三重,52.0,A2,6.18,37.04,6.13,42.11,51,31.77,75,30.09,6 344 233,3,https://www1.mbrace.or.jp/od2/B/202607/b260718.lzh,2026-10-03T18:27:30.928093+09:00
20260718,07,蒲郡,7,20260718-07-07,6,4168,石野貴之,44,大阪,53.0,A1,7.0,47.47,7.34,55.17,33,30.45,36,34.98,421 6 3612,,https://www1.mbrace.or.jp/od2/B/202607/b260718.lzh,2026-10-03T18:27:30.928093+09:00
20260718,07,蒲郡,8,20260718-07-08,1,4847,佐藤隆太,32,東京,53.0,A1,7.06,50.0,8.29,71.43,22,35.94,28,30.95,6 532 313,11,https://www1.mbrace.or.jp/od2/B/202607/b260718.lzh,2026-10-03T18:27:30.928093+09:00
20260718,07,蒲郡,8,20260718-07-08,2,4759,今泉友吾,36,東京,52.0,A1,7.09,47.52,5.74,18.52,76,39.29,11,29.59,416 6 4324,,https://www1.mbrace.or.jp/od2/B/202607/b260718.lzh,2026-10-03T18:27:30.928093+09:00
20260718,07,蒲郡,8,20260718-07-08,3,4342,谷野錬志,41,静岡,54.0,A2,6.12,37.21,7.36,53.57,13,42.86,68,31.5,3 551 4 62,3,https://www1.mbrace.or.jp/od2/B/202607/b260718.lzh,2026-10-03T18:27:30.928093+09:00
20260718,07,蒲郡,8,20260718-07-08,4,4040,廣瀬将亨,47,兵庫,56.0,A2,5.98,43.24,5.7,36.36,28,29.25,63,29.78,4 166 6 14,,https://www1.mbrace.or.jp/od2/B/202607/b260718.lzh,2026-10-03T18:27:30.928093+09:00
20260718,07,蒲郡,8,20260718-07-08,5,4604,岩瀬裕亮,38,愛知,52.0,A1,7.35,54.14,7.11,52.44,34,46.97,72,33.05,154 145 14,,https://www1.mbrace.or.jp/od2/B/202607/b260718.lzh,2026-10-03T18:27:30.928093+09:00
20260718,07,蒲郡,8,20260718-07-08,6,4561,藤山翔大,35,大阪,52.0,A2,6.25,48.18,5.32,35.14,18,39.61,12,37.44,F 414 3 5,,https://www1.mbrace.or.jp/od2/B/202607/b260718.lzh,2026-10-03T18:27:30.928093+09:00
20260718,07,蒲郡,9,20260718-07-09,1,3719,辻栄蔵,51,広島,52.0,A1,6.98,47.9,8.63,81.48,60,44.86,77,30.88,453 414 43,,https://www1.mbrace.or.jp/od2/B/202607/b260718.lzh,2026-10-03T18:27:30.928093+09:00
20260718,07,蒲郡,9,20260718-07-09,2,3978,齊藤仁,49,東京,51.0,A2,5.89,33.91,7.28,56.0,58,35.83,35,40.08,6 3 135 33,1,https://www1.mbrace.or.jp/od2/B/202607/b260718.lzh,2026-10-03T18:27:30.928093+09:00
20260718,07,蒲郡,9,20260718-07-09,3,3779,原田幸哉,50,長崎,53.0,A1,6.47,36.44,6.54,33.33,27,37.21,60,34.82,365 6 551,2,https://www1.mbrace.or.jp/od2/B/202607/b260718.lzh,2026-10-03T18:27:30.928093+09:00
20260718,07,蒲郡,9,20260718-07-09,4,3422,服部幸男,55,静岡,55.0,A2,6.1,43.55,7.07,60.0,26,40.53,18,31.28,5 132 4 26,3,https://www1.mbrace.or.jp/od2/B/202607/b260718.lzh,2026-10-03T18:27:30.928093+09:00
20260718,07,蒲郡,9,20260718-07-09,5,4505,島田賢人,38,埼玉,56.0,A1,6.48,46.75,6.74,59.26,20,34.15,31,43.48,133 2 6633,,https://www1.mbrace.or.jp/od2/B/202607/b260718.lzh,2026-10-03T18:27:30.928093+09:00
20260718,07,蒲郡,9,20260718-07-09,6,3931,黒崎竜也,50,三重,52.0,A2,5.86,39.76,6.02,42.86,54,41.46,70,36.32,3 2 451 14,4,https://www1.mbrace.or.jp/od2/B/202607/b260718.lzh,2026-10-03T18:27:30.928093+09:00
20260718,07,蒲郡,10,20260718-07-10,1,4042,丸岡正典,46,大阪,52.0,A2,6.56,46.15,6.91,54.55,32,33.1,71,34.4,4 123 3 3,1,https://www1.mbrace.or.jp/od2/B/202607/b260718.lzh,2026-10-03T18:27:30.928093+09:00
20260718,07,蒲郡,10,20260718-07-10,2,4269,杉山裕也,40,愛知,53.0,A2,6.63,51.02,6.78,50.42,46,35.36,61,37.6,2 5 112 4,2,https://www1.mbrace.or.jp/od2/B/202607/b260718.lzh,2026-10-03T18:27:30.928093+09:00
20260718,07,蒲郡,10,20260718-07-10,3,4903,吉田凌太,32,愛知,51.0,A1,6.17,45.1,7.1,57.69,70,36.92,74,33.62,124 251 4,3,https://www1.mbrace.or.jp/od2/B/202607/b260718.lzh,2026-10-03T18:27:30.928093+09:00
20260718,07,蒲郡,10,20260718-07-10,4,4290,稲田浩二,41,兵庫,52.0,A1,6.87,45.24,7.25,53.13,14,30.25,23,30.69,264 2 125,1,https://www1.mbrace.or.jp/od2/B/202607/b260718.lzh,2026-10-03T18:27:30.928093+09:00
20260718,07,蒲郡,10,20260718-07-10,5,3415,松井繁,56,大阪,51.0,A1,7.23,46.09,6.75,39.29,31,34.83,22,32.62,3 51432 5,6,https://www1.mbrace.or.jp/od2/B/202607/b260718.lzh,2026-10-03T18:27:30.928093+09:00
20260718,07,蒲郡,10,20260718-07-10,6,4645,上村純一,46,群馬,53.0,A1,6.4,44.35,7.17,65.52,65,35.89,19,30.28,231 6 251,5,https://www1.mbrace.or.jp/od2/B/202607/b260718.lzh,2026-10-03T18:27:30.928093+09:00
20260718,07,蒲郡,11,20260718-07-11,1,4477,篠崎仁志,38,福岡,55.0,A1,7.26,47.62,6.5,45.0,77,45.54,17,36.44,5 333 413,3,https://www1.mbrace.or.jp/od2/B/202607/b260718.lzh,2026-10-03T18:27:30.928093+09:00
20260718,07,蒲郡,11,20260718-07-11,2,4847,佐藤隆太,32,東京,53.0,A1,7.06,50.0,8.29,71.43,22,35.94,28,30.95,6 532 313,8,https://www1.mbrace.or.jp/od2/B/202607/b260718.lzh,2026-10-03T18:27:30.928093+09:00
20260718,07,蒲郡,11,20260718-07-11,3,3721,守田俊介,50,滋賀,53.0,A1,6.46,41.35,7.44,51.85,39,39.22,47,36.6,312 2 5 4,4,https://www1.mbrace.or.jp/od2/B/202607/b260718.lzh,2026-10-03T18:27:30.928093+09:00
20260718,07,蒲郡,11,20260718-07-11,4,3946,赤岩善生,50,愛知,56.0,A1,7.02,49.02,7.36,58.65,38,39.91,29,31.53,221 225 5,5,https://www1.mbrace.or.jp/od2/B/202607/b260718.lzh,2026-10-03T18:27:30.928093+09:00
20260718,07,蒲郡,11,20260718-07-11,5,4261,岡祐臣,42,三重,55.0,A2,6.36,47.01,6.77,45.71,35,36.73,32,34.48,5 131 2 6,2,https://www1.mbrace.or.jp/od2/B/202607/b260718.lzh,2026-10-03T18:27:30.928093+09:00
20260718,07,蒲郡,11,20260718-07-11,6,3941,池田浩二,48,愛知,54.0,A1,7.82,49.56,8.77,73.53,64,36.15,16,33.03,1 52532 6,7,https://www1.mbrace.or.jp/od2/B/202607/b260718.lzh,2026-10-03T18:27:30.928093+09:00
20260718,07,蒲郡,12,20260718-07-12,1,3783,瓜生正義,50,福岡,54.0,A1,6.66,40.0,7.13,50.0,41,28.81,49,37.25,4 22132 1,,https://www1.mbrace.or.jp/od2/B/202607/b260718.lzh,2026-10-03T18:27:30.928093+09:00
20260718,07,蒲郡,12,20260718-07-12,2,3874,山本寛久,50,岡山,52.0,A2,6.65,48.44,6.25,45.0,63,41.46,64,32.11,4 1 243 1,,https://www1.mbrace.or.jp/od2/B/202607/b260718.lzh,2026-10-03T18:27:30.928093+09:00
20260718,07,蒲郡,12,20260718-07-12,3,3983,須藤博倫,48,埼玉,52.0,A1,6.94,50.44,6.24,36.96,21,40.28,58,36.77,542 1 231,,https://www1.mbrace.or.jp/od2/B/202607/b260718.lzh,2026-10-03T18:27:30.928093+09:00
20260718,07,蒲郡,12,20260718-07-12,4,4320,峰竜太,41,佐賀,51.0,A1,8.18,50.63,9.46,68.57,48,26.47,27,34.16,2 111 112,,https://www1.mbrace.or.jp/od2/B/202607/b260718.lzh,2026-10-03T18:27:30.928093+09:00
20260718,07,蒲郡,12,20260718-07-12,5,4831,羽野直也,31,福岡,56.0,A1,7.1,50.0,8.33,33.33,30,31.18,51,31.44,322 342 2,,https://www1.mbrace.or.jp/od2/B/202607/b260718.lzh,2026-10-03T18:27:30.928093+09:00
20260718,07,蒲郡,12,20260718-07-12,6,4856,豊田健士,30,三重,52.0,A1,6.94,49.18,6.88,50.0,17,34.59,65,41.53,134 3 152,,https://www1.mbrace.or.jp/od2/B/202607/b260718.lzh,2026-10-03T18:27:30.928093+09:00
20260718,04,平和島,1,20260718-04-01,1,3714,梶原正,51,福岡,56.0,B1,4.45,27.06,4.75,20.83,16,25.0,14,33.33,,7,https://www1.mbrace.or.jp/od2/B/202607/b260718.lzh,2026-10-03T18:27:30.928093+09:00
20260718,04,平和島,1,20260718-04-01,2,5304,井田涼介,23,群馬,59.0,B2,2.13,4.41,1.37,0.0,26,43.48,31,9.09,,,https://www1.mbrace.or.jp/od2/B/202607/b260718.lzh,2026-10-03T18:27:30.928093+09:00
20260718,04,平和島,1,20260718-04-01,3,3867,松浦勝,51,愛知,58.0,B1,3.1,12.82,3.39,16.67,44,20.0,65,52.94,,8,https://www1.mbrace.or.jp/od2/B/202607/b260718.lzh,2026-10-03T18:27:30.928093+09:00
20260718,04,平和島,1,20260718-04-01,4,4077,品田直樹,47,東京,53.0,A2,5.85,34.62,4.96,31.37,39,21.05,11,21.74,,9,https://www1.mbrace.or.jp/od2/B/202607/b260718.lzh,2026-10-03T18:27:30.928093+09:00
20260718,04,平和島,1,20260718-04-01,5,3507,藤井徹,55,大阪,52.0,B1,4.01,20.9,5.34,31.91,18,31.25,24,45.0,,6,https://www1.mbrace.or.jp/od2/B/202607/b260718.lzh,2026-10-03T18:27:30.928093+09:00
20260718,04,平和島,1,20260718-04-01,6,4260,中越博紀,42,香川,54.0,B1,5.03,33.06,7.75,68.75,38,31.25,25,55.0,,10,https://www1.mbrace.or.jp/od2/B/202607/b260718.lzh,2026-10-03T18:27:30.928093+09:00
20260718,04,平和島,2,20260718-04-02,1,4174,赤坂俊輔,43,長崎,52.0,A1,6.32,39.84,7.0,62.5,60,40.0,33,27.27,,12,https://www1.mbrace.or.jp/od2/B/202607/b260718.lzh,2026-10-03T18:27:30.928093+09:00
20260718,04,平和島,2,20260718-04-02,2,4692,酒井俊弘,42,福井,54.0,B1,4.71,30.23,4.67,27.27,12,58.33,63,25.0,,11,https://www1.mbrace.or.jp/od2/B/202607/b260718.lzh,2026-10-03T18:27:30.928093+09:00
20260718,04,平和島,2,20260718-04-02,3,4090,中村尊,45,埼玉,54.0,B2,5.54,38.98,6.53,47.06,52,33.33,64,0.0,,7,https://www1.mbrace.or.jp/od2/B/202607/b260718.lzh,2026-10-03T18:27:30.928093+09:00
20260718,04,平和島,2,20260718-04-02,4,5046,松山裕基,32,大阪,54.0,B1,3.86,16.88,3.08,12.0,27,65.0,69,52.94,,9,https://www1.mbrace.or.jp/od2/B/202607/b260718.lzh,2026-10-03T18:27:30.928093+09:00
20260718,04,平和島,2,20260718-04-02,5,4438,森作雄大,40,東京,53.0,B1,4.92,33.91,5.02,33.9,48,35.29,75,33.33,,8,https://www1.mbrace.or.jp/od2/B/202607/b260718.lzh,2026-10-03T18:27:30.928093+09:00
20260718,04,平和島,2,20260718-04-02,6,4873,蒲原健太,32,佐賀,53.0,B1,4.99,29.75,0.0,0.0,11,45.45,36,21.43,,,https://www1.mbrace.or.jp/od2/B/202607/b260718.lzh,2026-10-03T18:27:30.928093+09:00
20260718,04,平和島,3,20260718-04-03,1,3929,杢野誓良,50,愛知,52.0,B1,3.95,14.46,5.0,36.36,70,9.52,18,30.0,,10,https://www1.mbrace.or.jp/od2/B/202607/b260718.lzh,2026-10-03T18:27:30.928093+09:00
20260718,04,平和島,3,20260718-04-03,2,3679,飯島昌弘,53,埼玉,53.0,A2,6.63,50.0,6.49,44.29,68,43.48,15,33.33,,8,https://www1.mbrace.or.jp/od2/B/202607/b260718.lzh,2026-10-03T18:27:30.928093+09:00
20260718,04,平和島,3,20260718-04-03,3,5201,村上宗太,23,東京,52.0,B2,5.0,32.14,5.34,36.17,30,52.17,70,40.0,,7,https://www1.mbrace.or.jp/od2/B/202607/b260718.lzh,2026-10-03T18:27:30.928093+09:00
20260718,04,平和島,3,20260718-04-03,4,4233,亀山雅幸,42,群馬,52.0,A2,6.22,47.93,5.62,42.55,24,17.65,28,38.1,,11,https://www1.mbrace.or.jp/od2/B/202607/b260718.lzh,2026-10-03T18:27:30.928093+09:00
20260718,04,平和島,3,20260718-04-03,5,3459,中野和裕,59,佐賀,56.0,B1,3.34,11.24,0.0,0.0,74,15.0,21,16.67,,,https://www1.mbrace.or.jp/od2/B/202607/b260718.lzh,2026-10-03T18:27:30.928093+09:00
20260718,04,平和島,3,20260718-04-03,6,4603,谷川将太,38,長崎,53.0,B1,5.46,36.14,2.67,0.0,46,38.46,12,17.86,,9,https://www1.mbrace.or.jp/od2/B/202607/b260718.lzh,2026-10-03T18:27:30.928093+09:00
20260718,04,平和島,4,20260718-04-04,1,4167,片岡秀樹,44,徳島,58.0,B1,4.09,15.12,4.67,11.11,69,15.79,26,30.0,,,https://www1.mbrace.or.jp/od2/B/202607/b260718.lzh,2026-10-03T18:27:30.928093+09:00
20260718,04,平和島,4,20260718-04-04,2,4201,佐竹友樹,43,埼玉,53.0,B1,4.22,18.63,4.84,22.58,13,27.27,59,33.33,,11,https://www1.mbrace.or.jp/od2/B/202607/b260718.lzh,2026-10-03T18:27:30.928093+09:00
20260718,04,平和島,4,20260718-04-04,3,3562,山下和彦,57,広島,52.0,A2,5.93,43.65,5.0,33.33,10,35.0,29,35.0,,9,https://www1.mbrace.or.jp/od2/B/202607/b260718.lzh,2026-10-03T18:27:30.928093+09:00
20260718,04,平和島,4,20260718-04-04,4,5011,高木圭大,29,長崎,53.0,B1,3.79,17.07,4.14,14.29,49,30.0,27,25.0,,,https://www1.mbrace.or.jp/od2/B/202607/b260718.lzh,2026-10-03T18:27:30.928093+09:00
20260718,04,平和島,4,20260718-04-04,5,4932,新開航,30,福岡,51.0,A1,7.49,52.48,7.41,51.35,43,44.44,71,25.0,,12,https://www1.mbrace.or.jp/od2/B/202607/b260718.lzh,2026-10-03T18:27:30.928093+09:00
20260718,04,平和島,4,20260718-04-04,6,4093,吉田宗弘,45,東京,51.0,B1,4.37,23.47,4.54,26.32,21,41.18,20,52.38,,10,https://www1.mbrace.or.jp/od2/B/202607/b260718.lzh,2026-10-03T18:27:30.928093+09:00
20260718,04,平和島,5,20260718-04-05,1,4887,富澤祐作,39,群馬,55.0,B1,4.99,34.02,5.45,36.36,65,27.78,72,26.67,,9,https://www1.mbrace.or.jp/od2/B/202607/b260718.lzh,2026-10-03T18:27:30.928093+09:00
20260718,04,平和島,5,20260718-04-05,2,5228,若林樹蘭,23,東京,51.0,A2,5.37,30.67,6.22,43.75,58,50.0,66,6.67,,11,https://www1.mbrace.or.jp/od2/B/202607/b260718.lzh,2026-10-03T18:27:30.928093+09:00
20260718,04,平和島,5,20260718-04-05,3,4640,山ノ内雅,35,福岡,53.0,A2,6.03,40.31,7.41,58.62,19,50.0,61,25.0,,10,https://www1.mbrace.or.jp/od2/B/202607/b260718.lzh,2026-10-03T18:27:30.928093+09:00
20260718,04,平和島,5,20260718-04-05,4,3477,近藤稔也,55,徳島,53.0,B1,3.57,9.76,5.29,14.29,57,6.25,62,35.0,,,https://www1.mbrace.or.jp/od2/B/202607/b260718.lzh,2026-10-03T18:27:30.928093+09:00
20260718,04,平和島,5,20260718-04-05,5,4097,貫地谷直,44,広島,56.0,B1,3.52,13.7,4.67,20.83,61,56.52,17,47.37,,,https://www1.mbrace.or.jp/od2/B/202607/b260718.lzh,2026-10-03T18:27:30.928093+09:00
20260718,04,平和島,5,20260718-04-05,6,3952,中澤和志,49,埼玉,52.0,A1,6.9,50.79,6.97,51.28,64,42.86,10,30.43,,12,https://www1.mbrace.or.jp/od2/B/202607/b260718.lzh,2026-10-03T18:27:30.928093+09:00
20260718,04,平和島,6,20260718-04-06,1,3507,藤井徹,55,大阪,52.0,B1,4.01,20.9,5.34,31.91,18,31.25,24,45.0,,1,https://www1.mbrace.or.jp/od2/B/202607/b260718.lzh,2026-10-03T18:27:30.928093+09:00
20260718,04,平和島,6,20260718-04-06,2,4573,佐藤翼,37,埼玉,52.0,A1,6.96,41.44,7.48,66.67,29,47.06,23,35.0,,12,https://www1.mbrace.or.jp/od2/B/202607/b260718.lzh,2026-10-03T18:27:30.928093+09:00
20260718,04,平和島,6,20260718-04-06,3,4875,大塚康雅,32,東京,51.0,B1,5.26,33.33,4.71,31.37,15,35.29,13,30.0,,,https://www1.mbrace.or.jp/od2/B/202607/b260718.lzh,2026-10-03T18:27:30.928093+09:00
20260718,04,平和島,6,20260718-04-06,4,3809,吉田光,51,佐賀,52.0,B1,4.05,9.52,6.08,42.31,53,28.57,67,62.5,,,https://www1.mbrace.or.jp/od2/B/202607/b260718.lzh,2026-10-03T18:27:30.928093+09:00
20260718,04,平和島,6,20260718-04-06,5,3541,三嶌誠司,58,香川,54.0,A2,6.37,48.18,6.97,51.72,20,16.67,19,40.0,,11,https://www1.mbrace.or.jp/od2/B/202607/b260718.lzh,2026-10-03T18:27:30.928093+09:00
20260718,04,平和島,6,20260718-04-06,6,5154,村松栄太,30,広島,54.0,B1,4.84,27.78,0.0,0.0,59,25.0,32,41.67,,,https://www1.mbrace.or.jp/od2/B/202607/b260718.lzh,2026-10-03T18:27:30.928093+09:00
20260718,04,平和島,7,20260718-04-07,1,4090,中村尊,45,埼玉,54.0,B2,5.54,38.98,6.53,47.06,52,33.33,64,0.0,,2,https://www1.mbrace.or.jp/od2/B/202607/b260718.lzh,2026-10-03T18:27:30.928093+09:00
20260718,04,平和島,7,20260718-04-07,2,3714,梶原正,51,福岡,56.0,B1,4.45,27.06,4.75,20.83,16,25.0,14,33.33,,1,https://www1.mbrace.or.jp/od2/B/202607/b260718.lzh,2026-10-03T18:27:30.928093+09:00
20260718,04,平和島,7,20260718-04-07,3,4851,関浩哉,31,群馬,49.0,A1,7.51,44.32,6.81,56.25,37,23.53,30,30.0,,12,https://www1.mbrace.or.jp/od2/B/202607/b260718.lzh,2026-10-03T18:27:30.928093+09:00
20260718,04,平和島,7,20260718-04-07,4,5201,村上宗太,23,東京,52.0,B2,5.0,32.14,5.34,36.17,30,52.17,70,40.0,,3,https://www1.mbrace.or.jp/od2/B/202607/b260718.lzh,2026-10-03T18:27:30.928093+09:00
20260718,04,平和島,7,20260718-04-07,5,5235,岩田凌,27,大阪,55.0,B2,3.69,8.89,0.0,0.0,72,31.82,68,35.29,,,https://www1.mbrace.or.jp/od2/B/202607/b260718.lzh,2026-10-03T18:27:30.928093+09:00
20260718,04,平和島,7,20260718-04-07,6,4553,坪口竜也,37,長崎,52.0,A2,5.76,36.89,6.18,41.18,62,46.67,35,50.0,,11,https://www1.mbrace.or.jp/od2/B/202607/b260718.lzh,2026-10-03T18:27:30.928093+09:00
20260718,04,平和島,8,20260718-04-08,1,3679,飯島昌弘,53,埼玉,53.0,A2,6.63,50.0,6.49,44.29,68,43.48,15,33.33,,3,https://www1.mbrace.or.jp/od2/B/202607/b260718.lzh,2026-10-03T18:27:30.928093+09:00
20260718,04,平和島,8,20260718-04-08,2,4438,森作雄大,40,東京,53.0,B1,4.92,33.91,5.02,33.9,48,35.29,75,33.33,,2,https://www1.mbrace.or.jp/od2/B/202607/b260718.lzh,2026-10-03T18:27:30.928093+09:00
20260718,04,平和島,8,20260718-04-08,3,4406,幸野史明,41,福岡,52.0,B1,4.3,22.52,4.13,29.17,41,55.56,73,44.44,,,https://www1.mbrace.or.jp/od2/B/202607/b260718.lzh,2026-10-03T18:27:30.928093+09:00
20260718,04,平和島,8,20260718-04-08,4,3716,石渡鉄兵,51,東京,54.0,A1,6.63,40.78,6.13,34.78,50,37.5,74,25.0,,12,https://www1.mbrace.or.jp/od2/B/202607/b260718.lzh,2026-10-03T18:27:30.928093+09:00
20260718,04,平和島,8,20260718-04-08,5,3867,松浦勝,51,愛知,58.0,B1,3.1,12.82,3.39,16.67,44,20.0,65,52.94,,1,https://www1.mbrace.or.jp/od2/B/202607/b260718.lzh,2026-10-03T18:27:30.928093+09:00
20260718,04,平和島,8,20260718-04-08,6,3361,岡部浩,57,徳島,52.0,B1,4.25,23.38,0.0,0.0,31,35.29,16,47.62,,,https://www1.mbrace.or.jp/od2/B/202607/b260718.lzh,2026-10-03T18:27:30.928093+09:00
20260718,04,平和島,9,20260718-04-09,1,3562,山下和彦,57,広島,52.0,A2,5.93,43.65,5.0,33.33,10,35.0,29,35.0,,4,https://www1.mbrace.or.jp/od2/B/202607/b260718.lzh,2026-10-03T18:27:30.928093+09:00
20260718,04,平和島,9,20260718-04-09,2,4077,品田直樹,47,東京,53.0,A2,5.85,34.62,4.96,31.37,39,21.05,11,21.74,,1,https://www1.mbrace.or.jp/od2/B/202607/b260718.lzh,2026-10-03T18:27:30.928093+09:00
20260718,04,平和島,9,20260718-04-09,3,5046,松山裕基,32,大阪,54.0,B1,3.86,16.88,3.08,12.0,27,65.0,69,52.94,,2,https://www1.mbrace.or.jp/od2/B/202607/b260718.lzh,2026-10-03T18:27:30.928093+09:00
20260718,04,平和島,9,20260718-04-09,4,4603,谷川将太,38,長崎,53.0,B1,5.46,36.14,2.67,0.0,46,38.46,12,17.86,,3,https://www1.mbrace.or.jp/od2/B/202607/b260718.lzh,2026-10-03T18:27:30.928093+09:00
20260718,04,平和島,9,20260718-04-09,5,4887,富澤祐作,39,群馬,55.0,B1,4.99,34.02,5.45,36.36,65,27.78,72,26.67,,5,https://www1.mbrace.or.jp/od2/B/202607/b260718.lzh,2026-10-03T18:27:30.928093+09:00
20260718,04,平和島,9,20260718-04-09,6,4112,大久保信,46,佐賀,52.0,A2,5.57,38.0,0.0,0.0,34,13.64,60,53.33,,,https://www1.mbrace.or.jp/od2/B/202607/b260718.lzh,2026-10-03T18:27:30.928093+09:00
20260718,04,平和島,10,20260718-04-10,1,4640,山ノ内雅,35,福岡,53.0,A2,6.03,40.31,7.41,58.62,19,50.0,61,25.0,,5,https://www1.mbrace.or.jp/od2/B/202607/b260718.lzh,2026-10-03T18:27:30.928093+09:00
20260718,04,平和島,10,20260718-04-10,2,4260,中越博紀,42,香川,54.0,B1,5.03,33.06,7.75,68.75,38,31.25,25,55.0,,1,https://www1.mbrace.or.jp/od2/B/202607/b260718.lzh,2026-10-03T18:27:30.928093+09:00
20260718,04,平和島,10,20260718-04-10,3,4093,吉田宗弘,45,東京,51.0,B1,4.37,23.47,4.54,26.32,21,41.18,20,52.38,,4,https://www1.mbrace.or.jp/od2/B/202607/b260718.lzh,2026-10-03T18:27:30.928093+09:00
20260718,04,平和島,10,20260718-04-10,4,3929,杢野誓良,50,愛知,52.0,B1,3.95,14.46,5.0,36.36,70,9.52,18,30.0,,3,https://www1.mbrace.or.jp/od2/B/202607/b260718.lzh,2026-10-03T18:27:30.928093+09:00
20260718,04,平和島,10,20260718-04-10,5,4934,佐々木翔,30,大阪,56.0,A2,5.39,35.05,6.29,54.84,56,31.25,34,27.27,,,https://www1.mbrace.or.jp/od2/B/202607/b260718.lzh,2026-10-03T18:27:30.928093+09:00
20260718,04,平和島,10,20260718-04-10,6,3548,室田泰史,56,福井,54.0,A2,5.23,34.43,0.0,0.0,55,38.89,22,30.0,,,https://www1.mbrace.or.jp/od2/B/202607/b260718.lzh,2026-10-03T18:27:30.928093+09:00
20260718,04,平和島,11,20260718-04-11,1,3541,三嶌誠司,58,香川,54.0,A2,6.37,48.18,6.97,51.72,20,16.67,19,40.0,,6,https://www1.mbrace.or.jp/od2/B/202607/b260718.lzh,2026-10-03T18:27:30.928093+09:00
20260718,04,平和島,11,20260718-04-11,2,4233,亀山雅幸,42,群馬,52.0,A2,6.22,47.93,5.62,42.55,24,17.65,28,38.1,,3,https://www1.mbrace.or.jp/od2/B/202607/b260718.lzh,2026-10-03T18:27:30.928093+09:00
20260718,04,平和島,11,20260718-04-11,3,4692,酒井俊弘,42,福井,54.0,B1,4.71,30.23,4.67,27.27,12,58.33,63,25.0,,2,https://www1.mbrace.or.jp/od2/B/202607/b260718.lzh,2026-10-03T18:27:30.928093+09:00
20260718,04,平和島,11,20260718-04-11,4,4201,佐竹友樹,43,埼玉,53.0,B1,4.22,18.63,4.84,22.58,13,27.27,59,33.33,,4,https://www1.mbrace.or.jp/od2/B/202607/b260718.lzh,2026-10-03T18:27:30.928093+09:00
20260718,04,平和島,11,20260718-04-11,5,4553,坪口竜也,37,長崎,52.0,A2,5.76,36.89,6.18,41.18,62,46.67,35,50.0,,7,https://www1.mbrace.or.jp/od2/B/202607/b260718.lzh,2026-10-03T18:27:30.928093+09:00
20260718,04,平和島,11,20260718-04-11,6,5228,若林樹蘭,23,東京,51.0,A2,5.37,30.67,6.22,43.75,58,50.0,66,6.67,,5,https://www1.mbrace.or.jp/od2/B/202607/b260718.lzh,2026-10-03T18:27:30.928093+09:00
20260718,04,平和島,12,20260718-04-12,1,3716,石渡鉄兵,51,東京,54.0,A1,6.63,40.78,6.13,34.78,50,37.5,74,25.0,,8,https://www1.mbrace.or.jp/od2/B/202607/b260718.lzh,2026-10-03T18:27:30.928093+09:00
20260718,04,平和島,12,20260718-04-12,2,3952,中澤和志,49,埼玉,52.0,A1,6.9,50.79,6.97,51.28,64,42.86,10,30.43,,5,https://www1.mbrace.or.jp/od2/B/202607/b260718.lzh,2026-10-03T18:27:30.928093+09:00
20260718,04,平和島,12,20260718-04-12,3,4174,赤坂俊輔,43,長崎,52.0,A1,6.32,39.84,7.0,62.5,60,40.0,33,27.27,,2,https://www1.mbrace.or.jp/od2/B/202607/b260718.lzh,2026-10-03T18:27:30.928093+09:00
20260718,04,平和島,12,20260718-04-12,4,4932,新開航,30,福岡,51.0,A1,7.49,52.48,7.41,51.35,43,44.44,71,25.0,,4,https://www1.mbrace.or.jp/od2/B/202607/b260718.lzh,2026-10-03T18:27:30.928093+09:00
20260718,04,平和島,12,20260718-04-12,5,4573,佐藤翼,37,埼玉,52.0,A1,6.96,41.44,7.48,66.67,29,47.06,23,35.0,,6,https://www1.mbrace.or.jp/od2/B/202607/b260718.lzh,2026-10-03T18:27:30.928093+09:00
20260718,04,平和島,12,20260718-04-12,6,4851,関浩哉,31,群馬,49.0,A1,7.51,44.32,6.81,56.25,37,23.53,30,30.0,,7,https://www1.mbrace.or.jp/od2/B/202607/b260718.lzh,2026-10-03T18:27:30.928093+09:00
20260718,02,戸田,1,20260718-02-01,1,3860,松本浩貴,53,埼玉,52.0,B1,3.95,18.99,4.27,16.07,43,35.11,77,32.35,3,7,https://www1.mbrace.or.jp/od2/B/202607/b260718.lzh,2026-10-03T18:27:30.928093+09:00
20260718,02,戸田,1,20260718-02-01,2,3587,武田信一,53,徳島,62.0,B1,4.33,20.65,2.9,10.0,5,36.36,54,31.37,54,,https://www1.mbrace.or.jp/od2/B/202607/b260718.lzh,2026-10-03T18:27:30.928093+09:00
20260718,02,戸田,1,20260718-02-01,3,3528,笠野友紀,55,愛知,48.0,B1,3.65,8.75,5.37,29.63,10,35.05,71,33.51,2,10,https://www1.mbrace.or.jp/od2/B/202607/b260718.lzh,2026-10-03T18:27:30.928093+09:00
20260718,02,戸田,1,20260718-02-01,4,4177,萬正嗣,43,群馬,58.0,B1,4.59,30.23,4.48,20.69,11,41.31,14,35.15,5,8,https://www1.mbrace.or.jp/od2/B/202607/b260718.lzh,2026-10-03T18:27:30.928093+09:00
20260718,02,戸田,1,20260718-02-01,5,5399,長野未来,24,三重,43.0,B2,1.65,0.0,1.06,0.0,55,41.89,15,33.82,6,6,https://www1.mbrace.or.jp/od2/B/202607/b260718.lzh,2026-10-03T18:27:30.928093+09:00
20260718,02,戸田,1,20260718-02-01,6,3827,今泉徹,53,群馬,52.0,B1,3.9,14.14,3.7,14.81,9,41.23,69,33.82,5,11,https://www1.mbrace.or.jp/od2/B/202607/b260718.lzh,2026-10-03T18:27:30.928093+09:00
20260718,02,戸田,2,20260718-02-02,1,3690,河合三弘,55,愛知,53.0,B1,4.86,31.58,5.78,44.44,24,40.18,37,35.61,33,,https://www1.mbrace.or.jp/od2/B/202607/b260718.lzh,2026-10-03T18:27:30.928093+09:00
20260718,02,戸田,2,20260718-02-02,2,4680,後藤美翼,36,東京,45.0,A2,5.45,35.0,4.69,27.78,38,35.56,42,38.73,53,10,https://www1.mbrace.or.jp/od2/B/202607/b260718.lzh,2026-10-03T18:27:30.928093+09:00
20260718,02,戸田,2,20260718-02-02,3,4332,村上彰一,42,福岡,58.0,B1,4.48,25.27,3.28,13.79,4,47.64,56,43.88,35,,https://www1.mbrace.or.jp/od2/B/202607/b260718.lzh,2026-10-03T18:27:30.928093+09:00
20260718,02,戸田,2,20260718-02-02,4,4928,栗城匠,31,東京,52.0,A1,6.46,45.79,7.4,55.0,37,39.46,48,31.34,44,9,https://www1.mbrace.or.jp/od2/B/202607/b260718.lzh,2026-10-03T18:27:30.928093+09:00
20260718,02,戸田,2,20260718-02-02,5,5461,板頭里緒,19,三重,50.0,B2,1.08,0.0,0.0,0.0,6,36.11,32,32.2,6,8,https://www1.mbrace.or.jp/od2/B/202607/b260718.lzh,2026-10-03T18:27:30.928093+09:00
20260718,02,戸田,2,20260718-02-02,6,3411,池上隆行,56,広島,52.0,B1,3.66,10.98,4.09,13.64,27,30.43,70,38.61,3,6,https://www1.mbrace.or.jp/od2/B/202607/b260718.lzh,2026-10-03T18:27:30.928093+09:00
20260718,02,戸田,3,20260718-02-03,1,4489,岩川仁士,39,大阪,55.0,B1,5.16,32.41,5.72,38.46,63,41.2,33,33.33,12,12,https://www1.mbrace.or.jp/od2/B/202607/b260718.lzh,2026-10-03T18:27:30.928093+09:00
20260718,02,戸田,3,20260718-02-03,2,4028,田村隆信,48,徳島,59.0,A1,6.14,43.12,6.27,36.36,58,35.86,17,38.54,51,8,https://www1.mbrace.or.jp/od2/B/202607/b260718.lzh,2026-10-03T18:27:30.928093+09:00
20260718,02,戸田,3,20260718-02-03,3,3583,齋藤智裕,53,埼玉,59.0,B1,3.59,12.0,4.06,17.74,49,38.73,16,37.44,1,9,https://www1.mbrace.or.jp/od2/B/202607/b260718.lzh,2026-10-03T18:27:30.928093+09:00
20260718,02,戸田,3,20260718-02-03,4,4508,野間大樹,37,大阪,53.0,A2,5.04,28.99,6.04,46.15,46,31.05,12,32.0,12,11,https://www1.mbrace.or.jp/od2/B/202607/b260718.lzh,2026-10-03T18:27:30.928093+09:00
20260718,02,戸田,3,20260718-02-03,5,5402,塚越陸斗,23,群馬,53.0,B2,1.62,2.0,1.33,0.0,64,35.75,62,32.81,6,7,https://www1.mbrace.or.jp/od2/B/202607/b260718.lzh,2026-10-03T18:27:30.928093+09:00
20260718,02,戸田,3,20260718-02-03,6,4079,出畑孝典,47,福岡,53.0,A2,5.64,33.64,6.5,45.24,3,31.71,22,35.61,3,10,https://www1.mbrace.or.jp/od2/B/202607/b260718.lzh,2026-10-03T18:27:30.928093+09:00
20260718,02,戸田,4,20260718-02-04,1,3718,伊達正利,51,静岡,57.0,B1,4.61,24.72,4.71,29.41,54,35.32,76,33.99,26,,https://www1.mbrace.or.jp/od2/B/202607/b260718.lzh,2026-10-03T18:27:30.928093+09:00
20260718,02,戸田,4,20260718-02-04,2,3869,井芹大志,50,福岡,55.0,B1,3.99,18.84,3.33,11.11,62,34.36,59,43.69,4,11,https://www1.mbrace.or.jp/od2/B/202607/b260718.lzh,2026-10-03T18:27:30.928093+09:00
20260718,02,戸田,4,20260718-02-04,3,4845,前田紗希,33,埼玉,46.0,A1,7.5,64.86,6.44,51.76,29,37.79,73,31.75,13,12,https://www1.mbrace.or.jp/od2/B/202607/b260718.lzh,2026-10-03T18:27:30.928093+09:00
20260718,02,戸田,4,20260718-02-04,4,4513,河野真也,37,福岡,53.0,A2,5.88,44.0,5.63,37.5,26,36.77,68,35.12,1,10,https://www1.mbrace.or.jp/od2/B/202607/b260718.lzh,2026-10-03T18:27:30.928093+09:00
20260718,02,戸田,4,20260718-02-04,5,5002,上田健太,30,愛知,51.0,A2,5.73,37.38,5.53,29.41,18,30.65,65,41.18,56,9,https://www1.mbrace.or.jp/od2/B/202607/b260718.lzh,2026-10-03T18:27:30.928093+09:00
20260718,02,戸田,4,20260718-02-04,6,4723,寺島吉彦,40,東京,50.0,B1,4.6,30.88,5.79,39.53,60,28.0,29,40.49,14,8,https://www1.mbrace.or.jp/od2/B/202607/b260718.lzh,2026-10-03T18:27:30.928093+09:00
20260718,02,戸田,5,20260718-02-05,1,3757,畑和宏,54,広島,53.0,A2,5.51,35.29,5.0,42.86,36,32.5,20,32.35,6,12,https://www1.mbrace.or.jp/od2/B/202607/b260718.lzh,2026-10-03T18:27:30.928093+09:00
20260718,02,戸田,5,20260718-02-05,2,5346,中村紋夕,22,愛知,46.0,B1,2.67,1.52,1.75,0.0,42,32.44,36,35.78,4,9,https://www1.mbrace.or.jp/od2/B/202607/b260718.lzh,2026-10-03T18:27:30.928093+09:00
20260718,02,戸田,5,20260718-02-05,3,3850,小川知行,54,群馬,53.0,B1,4.38,25.0,4.67,33.33,61,39.35,63,34.85,65,,https://www1.mbrace.or.jp/od2/B/202607/b260718.lzh,2026-10-03T18:27:30.928093+09:00
20260718,02,戸田,5,20260718-02-05,4,4926,吉川貴仁,33,三重,52.0,A1,7.28,57.3,7.03,52.78,21,33.5,34,34.83,25,11,https://www1.mbrace.or.jp/od2/B/202607/b260718.lzh,2026-10-03T18:27:30.928093+09:00
20260718,02,戸田,5,20260718-02-05,5,3870,寺嶋雄,50,福井,52.0,B1,4.49,22.34,4.24,20.69,25,34.21,57,34.47,61,10,https://www1.mbrace.or.jp/od2/B/202607/b260718.lzh,2026-10-03T18:27:30.928093+09:00
20260718,02,戸田,5,20260718-02-05,6,3475,橋本久和,56,群馬,54.0,B1,5.31,35.0,4.67,33.33,14,34.45,44,33.33,64,,https://www1.mbrace.or.jp/od2/B/202607/b260718.lzh,2026-10-03T18:27:30.928093+09:00
20260718,02,戸田,6,20260718-02-06,1,4447,深川麻奈,39,福岡,47.0,B1,5.44,34.29,5.42,35.48,2,44.91,47,36.06,32,,https://www1.mbrace.or.jp/od2/B/202607/b260718.lzh,2026-10-03T18:27:30.928093+09:00
20260718,02,戸田,6,20260718-02-06,2,4930,佐藤悠,30,福井,54.0,A2,5.95,39.18,5.32,35.14,22,29.08,21,35.32,21,12,https://www1.mbrace.or.jp/od2/B/202607/b260718.lzh,2026-10-03T18:27:30.928093+09:00
20260718,02,戸田,6,20260718-02-06,3,3411,池上隆行,56,広島,52.0,B1,3.66,10.98,4.09,13.64,27,30.43,70,38.61,3,2,https://www1.mbrace.or.jp/od2/B/202607/b260718.lzh,2026-10-03T18:27:30.928093+09:00
20260718,02,戸田,6,20260718-02-06,4,5399,長野未来,24,三重,43.0,B2,1.65,0.0,1.06,0.0,55,41.89,15,33.82,6,1,https://www1.mbrace.or.jp/od2/B/202607/b260718.lzh,2026-10-03T18:27:30.928093+09:00
20260718,02,戸田,6,20260718-02-06,5,3412,鈴木博,56,埼玉,54.0,A1,6.78,52.85,6.79,50.34,23,31.58,58,33.16,32,10,https://www1.mbrace.or.jp/od2/B/202607/b260718.lzh,2026-10-03T18:27:30.928093+09:00
20260718,02,戸田,6,20260718-02-06,6,4750,井上尚悟,39,大阪,52.0,B1,5.52,37.93,5.25,35.71,50,35.45,41,34.62,46,,https://www1.mbrace.or.jp/od2/B/202607/b260718.lzh,2026-10-03T18:27:30.928093+09:00
20260718,02,戸田,7,20260718-02-07,1,3554,仲口博崇,53,愛知,53.0,A1,6.44,49.63,6.04,42.86,8,33.0,26,32.49,16,11,https://www1.mbrace.or.jp/od2/B/202607/b260718.lzh,2026-10-03T18:27:30.928093+09:00
20260718,02,戸田,7,20260718-02-07,2,3362,間嶋仁志,56,三重,55.0,B1,4.81,28.89,6.29,42.86,12,40.99,75,39.41,24,,https://www1.mbrace.or.jp/od2/B/202607/b260718.lzh,2026-10-03T18:27:30.928093+09:00
20260718,02,戸田,7,20260718-02-07,3,3860,松本浩貴,53,埼玉,52.0,B1,3.95,18.99,4.27,16.07,43,35.11,77,32.35,3,1,https://www1.mbrace.or.jp/od2/B/202607/b260718.lzh,2026-10-03T18:27:30.928093+09:00
20260718,02,戸田,7,20260718-02-07,4,5402,塚越陸斗,23,群馬,53.0,B2,1.62,2.0,1.33,0.0,64,35.75,62,32.81,6,3,https://www1.mbrace.or.jp/od2/B/202607/b260718.lzh,2026-10-03T18:27:30.928093+09:00
20260718,02,戸田,7,20260718-02-07,5,4229,市川美宏,43,静岡,53.0,B1,4.04,15.79,5.33,26.67,40,34.76,52,37.56,3,12,https://www1.mbrace.or.jp/od2/B/202607/b260718.lzh,2026-10-03T18:27:30.928093+09:00
20260718,02,戸田,7,20260718-02-07,6,4899,占部一真,34,福岡,52.0,B1,4.52,27.71,3.77,18.18,13,33.63,49,42.44,64,,https://www1.mbrace.or.jp/od2/B/202607/b260718.lzh,2026-10-03T18:27:30.928093+09:00
20260718,02,戸田,8,20260718-02-08,1,4177,萬正嗣,43,群馬,58.0,B1,4.59,30.23,4.48,20.69,11,41.31,14,35.15,5,1,https://www1.mbrace.or.jp/od2/B/202607/b260718.lzh,2026-10-03T18:27:30.928093+09:00
20260718,02,戸田,8,20260718-02-08,2,4723,寺島吉彦,40,東京,50.0,B1,4.6,30.88,5.79,39.53,60,28.0,29,40.49,14,4,https://www1.mbrace.or.jp/od2/B/202607/b260718.lzh,2026-10-03T18:27:30.928093+09:00
20260718,02,戸田,8,20260718-02-08,3,4028,田村隆信,48,徳島,59.0,A1,6.14,43.12,6.27,36.36,58,35.86,17,38.54,51,3,https://www1.mbrace.or.jp/od2/B/202607/b260718.lzh,2026-10-03T18:27:30.928093+09:00
20260718,02,戸田,8,20260718-02-08,4,4927,関野文,32,大阪,44.0,A2,5.93,40.18,0.0,0.0,7,30.99,27,39.41,5,12,https://www1.mbrace.or.jp/od2/B/202607/b260718.lzh,2026-10-03T18:27:30.928093+09:00
20260718,02,戸田,8,20260718-02-08,5,5359,佐藤世那,20,東京,55.0,B1,4.32,25.68,2.93,6.67,31,34.53,23,32.54,42,,https://www1.mbrace.or.jp/od2/B/202607/b260718.lzh,2026-10-03T18:27:30.928093+09:00
20260718,02,戸田,8,20260718-02-08,6,5461,板頭里緒,19,三重,50.0,B2,1.08,0.0,0.0,0.0,6,36.11,32,32.2,6,2,https://www1.mbrace.or.jp/od2/B/202607/b260718.lzh,2026-10-03T18:27:30.928093+09:00
20260718,02,戸田,9,20260718-02-09,1,3661,柳瀬興志,56,山口,60.0,A2,4.98,29.47,5.6,35.0,41,33.51,19,35.0,55,,https://www1.mbrace.or.jp/od2/B/202607/b260718.lzh,2026-10-03T18:27:30.928093+09:00
20260718,02,戸田,9,20260718-02-09,2,5002,上田健太,30,愛知,51.0,A2,5.73,37.38,5.53,29.41,18,30.65,11,31.22,56,4,https://www1.mbrace.or.jp/od2/B/202607/b260718.lzh,2026-10-03T18:27:30.928093+09:00
20260718,02,戸田,9,20260718-02-09,3,4928,栗城匠,31,東京,52.0,A1,6.46,45.79,7.4,55.0,37,39.46,48,31.34,44,2,https://www1.mbrace.or.jp/od2/B/202607/b260718.lzh,2026-10-03T18:27:30.928093+09:00
20260718,02,戸田,9,20260718-02-09,4,3583,齋藤智裕,53,埼玉,59.0,B1,3.59,12.0,4.06,17.74,49,38.73,16,37.44,1,3,https://www1.mbrace.or.jp/od2/B/202607/b260718.lzh,2026-10-03T18:27:30.928093+09:00
20260718,02,戸田,9,20260718-02-09,5,5005,石田貴洋,30,埼玉,52.0,A1,6.65,49.4,5.65,33.33,53,35.98,53,33.85,11,,https://www1.mbrace.or.jp/od2/B/202607/b260718.lzh,2026-10-03T18:27:30.928093+09:00
20260718,02,戸田,9,20260718-02-09,6,5346,中村紋夕,22,愛知,46.0,B1,2.67,1.52,1.75,0.0,42,32.44,36,35.78,4,5,https://www1.mbrace.or.jp/od2/B/202607/b260718.lzh,2026-10-03T18:27:30.928093+09:00
20260718,02,戸田,10,20260718-02-10,1,4513,河野真也,37,福岡,53.0,A2,5.88,44.0,5.63,37.5,26,36.77,68,35.12,1,4,https://www1.mbrace.or.jp/od2/B/202607/b260718.lzh,2026-10-03T18:27:30.928093+09:00
20260718,02,戸田,10,20260718-02-10,2,3412,鈴木博,56,埼玉,54.0,A1,6.78,52.85,6.79,50.34,23,31.58,58,33.16,32,6,https://www1.mbrace.or.jp/od2/B/202607/b260718.lzh,2026-10-03T18:27:30.928093+09:00
20260718,02,戸田,10,20260718-02-10,3,3870,寺嶋雄,50,福井,52.0,B1,4.49,22.34,4.24,20.69,25,34.21,57,34.47,61,5,https://www1.mbrace.or.jp/od2/B/202607/b260718.lzh,2026-10-03T18:27:30.928093+09:00
20260718,02,戸田,10,20260718-02-10,4,3528,笠野友紀,55,愛知,48.0,B1,3.65,8.75,5.37,29.63,10,35.05,71,33.51,2,1,https://www1.mbrace.or.jp/od2/B/202607/b260718.lzh,2026-10-03T18:27:30.928093+09:00
20260718,02,戸田,10,20260718-02-10,5,4079,出畑孝典,47,福岡,53.0,A2,5.64,33.64,6.5,45.24,3,31.71,22,35.61,3,3,https://www1.mbrace.or.jp/od2/B/202607/b260718.lzh,2026-10-03T18:27:30.928093+09:00
20260718,02,戸田,10,20260718-02-10,6,4680,後藤美翼,36,東京,45.0,A2,5.45,35.0,4.69,27.78,38,35.56,42,38.73,53,2,https://www1.mbrace.or.jp/od2/B/202607/b260718.lzh,2026-10-03T18:27:30.928093+09:00
20260718,02,戸田,11,20260718-02-11,1,3905,天野友和,48,愛知,54.0,A2,6.21,47.01,5.79,26.47,17,31.07,46,31.53,42,,https://www1.mbrace.or.jp/od2/B/202607/b260718.lzh,2026-10-03T18:27:30.928093+09:00
20260718,02,戸田,11,20260718-02-11,2,4926,吉川貴仁,33,三重,52.0,A1,7.28,57.3,7.03,52.78,21,33.5,34,34.83,25,5,https://www1.mbrace.or.jp/od2/B/202607/b260718.lzh,2026-10-03T18:27:30.928093+09:00
20260718,02,戸田,11,20260718-02-11,3,3554,仲口博崇,53,愛知,53.0,A1,6.44,49.63,6.04,42.86,8,33.0,26,32.49,16,7,https://www1.mbrace.or.jp/od2/B/202607/b260718.lzh,2026-10-03T18:27:30.928093+09:00
20260718,02,戸田,11,20260718-02-11,4,3827,今泉徹,53,群馬,52.0,B1,3.9,14.14,3.7,14.81,9,41.23,69,33.82,5,1,https://www1.mbrace.or.jp/od2/B/202607/b260718.lzh,2026-10-03T18:27:30.928093+09:00
20260718,02,戸田,11,20260718-02-11,5,3869,井芹大志,50,福岡,55.0,B1,3.99,18.84,3.33,11.11,62,34.36,59,43.69,4,4,https://www1.mbrace.or.jp/od2/B/202607/b260718.lzh,2026-10-03T18:27:30.928093+09:00
20260718,02,戸田,11,20260718-02-11,6,4508,野間大樹,37,大阪,53.0,A2,5.04,28.99,6.04,46.15,46,31.05,12,32.0,12,3,https://www1.mbrace.or.jp/od2/B/202607/b260718.lzh,2026-10-03T18:27:30.928093+09:00
20260718,02,戸田,12,20260718-02-12,1,4845,前田紗希,33,埼玉,46.0,A1,7.5,64.86,6.44,51.76,29,37.79,73,31.75,13,4,https://www1.mbrace.or.jp/od2/B/202607/b260718.lzh,2026-10-03T18:27:30.928093+09:00
20260718,02,戸田,12,20260718-02-12,2,4229,市川美宏,43,静岡,53.0,B1,4.04,15.79,5.33,26.67,40,34.76,52,37.56,3,7,https://www1.mbrace.or.jp/od2/B/202607/b260718.lzh,2026-10-03T18:27:30.928093+09:00
20260718,02,戸田,12,20260718-02-12,3,3757,畑和宏,54,広島,53.0,A2,5.51,35.29,5.0,42.86,36,32.5,20,32.35,6,5,https://www1.mbrace.or.jp/od2/B/202607/b260718.lzh,2026-10-03T18:27:30.928093+09:00
20260718,02,戸田,12,20260718-02-12,4,4489,岩川仁士,39,大阪,55.0,B1,5.16,32.41,5.72,38.46,63,41.2,33,33.33,12,3,https://www1.mbrace.or.jp/od2/B/202607/b260718.lzh,2026-10-03T18:27:30.928093+09:00
20260718,02,戸田,12,20260718-02-12,5,4927,関野文,32,大阪,44.0,A2,5.93,40.18,0.0,0.0,7,30.99,27,39.41,5,8,https://www1.mbrace.or.jp/od2/B/202607/b260718.lzh,2026-10-03T18:27:30.928093+09:00
20260718,02,戸田,12,20260718-02-12,6,4930,佐藤悠,30,福井,54.0,A2,5.95,39.18,5.32,35.14,22,29.08,21,35.32,21,6,https://www1.mbrace.or.jp/od2/B/202607/b260718.lzh,2026-10-03T18:27:30.928093+09:00
20260718,01,桐生,1,20260718-01-01,1,3293,宮内由紀,60,東京,54.0,B1,3.33,9.21,4.21,10.53,69,39.1,11,29.58,5 256 44,,https://www1.mbrace.or.jp/od2/B/202607/b260718.lzh,2026-10-03T18:27:30.928093+09:00
20260718,01,桐生,1,20260718-01-01,2,4023,柴田友和,48,福岡,53.0,B1,3.93,19.28,4.18,14.29,49,36.0,24,36.05,524 425,,https://www1.mbrace.or.jp/od2/B/202607/b260718.lzh,2026-10-03T18:27:30.928093+09:00
20260718,01,桐生,1,20260718-01-01,3,3963,原田秀弥,47,大阪,54.0,A2,5.77,36.54,5.38,27.59,38,41.18,18,28.97,166 334,8,https://www1.mbrace.or.jp/od2/B/202607/b260718.lzh,2026-10-03T18:27:30.928093+09:00
20260718,01,桐生,1,20260718-01-01,4,5439,志賀美優,20,愛知,50.0,B2,1.49,1.49,0.0,0.0,42,27.78,65,23.4,6 366 56,,https://www1.mbrace.or.jp/od2/B/202607/b260718.lzh,2026-10-03T18:27:30.928093+09:00
20260718,01,桐生,1,20260718-01-01,5,3505,山田竜一,55,東京,53.0,A2,5.45,34.48,5.93,50.0,70,36.81,48,39.04,2 555 54,,https://www1.mbrace.or.jp/od2/B/202607/b260718.lzh,2026-10-03T18:27:30.928093+09:00
20260718,01,桐生,1,20260718-01-01,6,3502,渡邉英児,57,静岡,54.0,A2,6.01,42.05,3.75,25.0,21,32.26,74,33.57,3 13563,7,https://www1.mbrace.or.jp/od2/B/202607/b260718.lzh,2026-10-03T18:27:30.928093+09:00
20260718,01,桐生,2,20260718-01-02,1,4846,佐藤駿介,32,山口,51.0,B1,4.48,25.0,4.31,18.75,15,42.16,71,33.33,13243 6,11,https://www1.mbrace.or.jp/od2/B/202607/b260718.lzh,2026-10-03T18:27:30.928093+09:00
20260718,01,桐生,2,20260718-01-02,2,3303,渡辺豊,58,東京,55.0,B1,4.59,22.73,5.02,33.33,37,31.94,20,30.61,615 562,,https://www1.mbrace.or.jp/od2/B/202607/b260718.lzh,2026-10-03T18:27:30.928093+09:00
20260718,01,桐生,2,20260718-01-02,3,4888,金児隆太,38,群馬,52.0,B1,4.96,31.58,5.51,33.11,48,31.17,43,26.39,4 25141,10,https://www1.mbrace.or.jp/od2/B/202607/b260718.lzh,2026-10-03T18:27:30.928093+09:00
20260718,01,桐生,2,20260718-01-02,4,4706,三浦洋次,37,愛知,49.0,A2,5.86,42.24,5.04,22.22,43,25.42,68,29.14,252 265,12,https://www1.mbrace.or.jp/od2/B/202607/b260718.lzh,2026-10-03T18:27:30.928093+09:00
20260718,01,桐生,2,20260718-01-02,5,4230,濱崎直矢,43,埼玉,54.0,A2,6.95,55.7,6.03,41.38,73,47.37,53,26.57,S11 112,9,https://www1.mbrace.or.jp/od2/B/202607/b260718.lzh,2026-10-03T18:27:30.928093+09:00
20260718,01,桐生,2,20260718-01-02,6,5150,坂本雄紀,31,群馬,53.0,A1,6.27,48.08,6.01,46.48,62,38.62,50,32.65,521 122,9,https://www1.mbrace.or.jp/od2/B/202607/b260718.lzh,2026-10-03T18:27:30.928093+09:00
20260718,01,桐生,3,20260718-01-03,1,4638,小林遼太,35,福岡,54.0,B1,5.32,34.04,3.92,23.08,14,45.69,30,30.07,361 342,10,https://www1.mbrace.or.jp/od2/B/202607/b260718.lzh,2026-10-03T18:27:30.928093+09:00
20260718,01,桐生,3,20260718-01-03,2,4246,喜多那由,44,静岡,48.0,B1,4.52,24.72,6.2,30.0,53,35.56,12,29.86,6 665 56,,https://www1.mbrace.or.jp/od2/B/202607/b260718.lzh,2026-10-03T18:27:30.928093+09:00
20260718,01,桐生,3,20260718-01-03,3,4711,前出達吉,36,福井,52.0,A2,6.23,44.09,5.63,37.5,26,30.34,31,37.58,51332 6,12,https://www1.mbrace.or.jp/od2/B/202607/b260718.lzh,2026-10-03T18:27:30.928093+09:00
20260718,01,桐生,3,20260718-01-03,4,4393,田中孝明,40,福岡,59.0,B1,4.24,18.29,3.6,6.67,65,36.6,16,25.85,3 524 25,,https://www1.mbrace.or.jp/od2/B/202607/b260718.lzh,2026-10-03T18:27:30.928093+09:00
20260718,01,桐生,3,20260718-01-03,5,4108,吉村正明,46,山口,51.0,A1,6.41,46.91,0.0,0.0,27,50.81,56,42.25,6 25151,11,https://www1.mbrace.or.jp/od2/B/202607/b260718.lzh,2026-10-03T18:27:30.928093+09:00
20260718,01,桐生,3,20260718-01-03,6,4734,安河内将,36,佐賀,52.0,A1,6.71,52.54,0.0,0.0,60,43.94,36,32.87,43111 1,10,https://www1.mbrace.or.jp/od2/B/202607/b260718.lzh,2026-10-03T18:27:30.928093+09:00
20260718,01,桐生,4,20260718-01-04,1,5308,藤森拓海,21,福岡,55.0,B1,4.48,22.73,0.0,0.0,32,43.69,69,33.1,5 512 13,9,https://www1.mbrace.or.jp/od2/B/202607/b260718.lzh,2026-10-03T18:27:30.928093+09:00
20260718,01,桐生,4,20260718-01-04,2,4663,籾山佳岳,43,愛知,51.0,B2,5.43,32.76,4.84,28.95,46,37.75,32,25.37,1 442 24,10,https://www1.mbrace.or.jp/od2/B/202607/b260718.lzh,2026-10-03T18:27:30.928093+09:00
20260718,01,桐生,4,20260718-01-04,3,5057,上田紗奈,30,大阪,46.0,B1,5.89,45.83,4.22,22.22,67,30.65,23,42.76,15363 6,12,https://www1.mbrace.or.jp/od2/B/202607/b260718.lzh,2026-10-03T18:27:30.928093+09:00
20260718,01,桐生,4,20260718-01-04,4,3813,佐藤大介,50,愛知,54.0,A1,6.87,51.89,7.14,57.14,34,39.52,60,40.69,153 351,9,https://www1.mbrace.or.jp/od2/B/202607/b260718.lzh,2026-10-03T18:27:30.928093+09:00
20260718,01,桐生,4,20260718-01-04,5,4424,松尾昂明,41,福岡,51.0,A2,5.7,38.66,6.65,52.94,63,20.39,22,30.41,25133 1,11,https://www1.mbrace.or.jp/od2/B/202607/b260718.lzh,2026-10-03T18:27:30.928093+09:00
20260718,01,桐生,4,20260718-01-04,6,3811,石田章央,50,静岡,54.0,A1,6.44,50.81,6.73,50.0,57,33.09,39,32.64,4 45111,10,https://www1.mbrace.or.jp/od2/B/202607/b260718.lzh,2026-10-03T18:27:30.928093+09:00
20260718,01,桐生,5,20260718-01-05,1,3641,一瀬明,55,東京,52.0,A1,6.25,42.34,6.02,40.38,50,30.61,42,29.37,224 532,9,https://www1.mbrace.or.jp/od2/B/202607/b260718.lzh,2026-10-03T18:27:30.928093+09:00
20260718,01,桐生,5,20260718-01-05,2,4487,三原司,40,福岡,53.0,B1,4.78,25.0,3.84,19.35,74,39.74,47,34.27,343 243,12,https://www1.mbrace.or.jp/od2/B/202607/b260718.lzh,2026-10-03T18:27:30.928093+09:00
20260718,01,桐生,5,20260718-01-05,3,4389,伊藤喜智,40,大阪,52.0,A2,5.72,32.56,5.23,25.71,45,39.37,75,29.79,3 225 31,9,https://www1.mbrace.or.jp/od2/B/202607/b260718.lzh,2026-10-03T18:27:30.928093+09:00
20260718,01,桐生,5,20260718-01-05,4,4778,堤啓輔,40,佐賀,52.0,B1,5.28,32.43,5.0,29.17,72,32.17,44,42.36,1 566 12,,https://www1.mbrace.or.jp/od2/B/202607/b260718.lzh,2026-10-03T18:27:30.928093+09:00
20260718,01,桐生,5,20260718-01-05,5,4225,土屋千明,44,群馬,45.0,A2,6.42,44.62,6.15,41.79,24,36.31,27,41.1,213 261,10,https://www1.mbrace.or.jp/od2/B/202607/b260718.lzh,2026-10-03T18:27:30.928093+09:00
20260718,01,桐生,5,20260718-01-05,6,4760,山崎郡,36,大阪,51.0,A1,7.28,47.76,7.33,54.35,11,27.66,45,40.56,21211 2,11,https://www1.mbrace.or.jp/od2/B/202607/b260718.lzh,2026-10-03T18:27:30.928093+09:00
20260718,01,桐生,6,20260718-01-06,1,4614,石倉洋行,46,福岡,54.0,A1,6.9,52.48,4.27,18.18,31,37.76,57,39.04,4 15123,11,https://www1.mbrace.or.jp/od2/B/202607/b260718.lzh,2026-10-03T18:27:30.928093+09:00
20260718,01,桐生,6,20260718-01-06,2,4791,黒澤めぐ,36,東京,48.0,B1,5.41,30.91,5.3,43.33,40,33.12,72,30.37,222 454,12,https://www1.mbrace.or.jp/od2/B/202607/b260718.lzh,2026-10-03T18:27:30.928093+09:00
20260718,01,桐生,6,20260718-01-06,3,5156,坂野さく,29,福井,46.0,B1,4.65,23.17,5.25,37.5,33,38.57,63,20.77,444 646,,https://www1.mbrace.or.jp/od2/B/202607/b260718.lzh,2026-10-03T18:27:30.928093+09:00
20260718,01,桐生,6,20260718-01-06,4,4876,梅木敬太,31,福井,54.0,B1,4.63,27.08,0.0,0.0,59,43.75,33,32.88,4 414 33,,https://www1.mbrace.or.jp/od2/B/202607/b260718.lzh,2026-10-03T18:27:30.928093+09:00
20260718,01,桐生,6,20260718-01-06,5,5288,尾道佳諭,26,埼玉,53.0,B1,4.18,17.54,1.31,0.0,41,35.04,28,32.87,435 534,,https://www1.mbrace.or.jp/od2/B/202607/b260718.lzh,2026-10-03T18:27:30.928093+09:00
20260718,01,桐生,6,20260718-01-06,6,3591,後藤孝義,57,静岡,52.0,B1,3.08,9.72,3.33,13.33,71,31.01,29,31.47,554 546,,https://www1.mbrace.or.jp/od2/B/202607/b260718.lzh,2026-10-03T18:27:30.928093+09:00
20260718,01,桐生,7,20260718-01-07,1,4124,池田雄一,44,静岡,53.0,A2,6.1,39.78,5.97,42.11,28,38.41,61,40.41,352 124,11,https://www1.mbrace.or.jp/od2/B/202607/b260718.lzh,2026-10-03T18:27:30.928093+09:00
20260718,01,桐生,7,20260718-01-07,2,3776,横井健太,51,愛知,57.0,B1,3.35,10.71,3.94,5.56,35,46.72,59,37.14,3 32365,,https://www1.mbrace.or.jp/od2/B/202607/b260718.lzh,2026-10-03T18:27:30.928093+09:00
20260718,01,桐生,7,20260718-01-07,3,3502,渡邉英児,57,静岡,54.0,A2,6.01,42.05,3.75,25.0,21,32.26,74,33.57,3 13563,1,https://www1.mbrace.or.jp/od2/B/202607/b260718.lzh,2026-10-03T18:27:30.928093+09:00
20260718,01,桐生,7,20260718-01-07,4,4874,池田奈津,32,福岡,53.0,B1,5.25,30.68,4.22,22.22,12,43.2,49,27.54,3 463 35,,https://www1.mbrace.or.jp/od2/B/202607/b260718.lzh,2026-10-03T18:27:30.928093+09:00
20260718,01,桐生,7,20260718-01-07,5,5285,若林麗,27,東京,52.0,B1,3.75,17.5,2.24,3.92,36,34.15,58,32.62,466 653,,https://www1.mbrace.or.jp/od2/B/202607/b260718.lzh,2026-10-03T18:27:30.928093+09:00
20260718,01,桐生,7,20260718-01-07,6,5347,井澤聖奈,22,愛知,45.0,B2,1.64,0.0,1.39,0.0,64,33.56,25,32.19,666 6 66,,https://www1.mbrace.or.jp/od2/B/202607/b260718.lzh,2026-10-03T18:27:30.928093+09:00
20260718,01,桐生,8,20260718-01-08,1,3963,原田秀弥,47,大阪,54.0,A2,5.77,36.54,5.38,27.59,38,41.18,18,28.97,166 334,1,https://www1.mbrace.or.jp/od2/B/202607/b260718.lzh,2026-10-03T18:27:30.928093+09:00
20260718,01,桐生,8,20260718-01-08,2,4035,杉江浩明,47,愛知,52.0,B1,4.01,25.0,3.18,14.71,30,46.61,38,37.58,616 324,,https://www1.mbrace.or.jp/od2/B/202607/b260718.lzh,2026-10-03T18:27:30.928093+09:00
20260718,01,桐生,8,20260718-01-08,3,5377,鳥居塚嶺,22,群馬,49.0,B1,4.09,19.77,3.0,9.38,17,32.3,67,30.99,3 61243,12,https://www1.mbrace.or.jp/od2/B/202607/b260718.lzh,2026-10-03T18:27:30.928093+09:00
20260718,01,桐生,8,20260718-01-08,4,5211,高井駿弥,27,愛知,49.0,B1,4.05,13.25,3.13,12.5,75,32.03,19,37.86,443 S44,,https://www1.mbrace.or.jp/od2/B/202607/b260718.lzh,2026-10-03T18:27:30.928093+09:00
20260718,01,桐生,8,20260718-01-08,5,4345,西舘健,41,東京,56.0,A2,5.74,43.43,4.79,31.03,56,42.37,62,33.78,6 441 25,,https://www1.mbrace.or.jp/od2/B/202607/b260718.lzh,2026-10-03T18:27:30.928093+09:00
20260718,01,桐生,8,20260718-01-08,6,5432,安藤瑠希,21,静岡,52.0,B1,2.8,5.71,2.78,0.0,20,44.44,13,26.57,2 634 56,,https://www1.mbrace.or.jp/od2/B/202607/b260718.lzh,2026-10-03T18:27:30.928093+09:00
20260718,01,桐生,9,20260718-01-09,1,5150,坂本雄紀,31,群馬,53.0,A1,6.27,48.08,6.01,46.48,62,38.62,50,32.65,521 122,2,https://www1.mbrace.or.jp/od2/B/202607/b260718.lzh,2026-10-03T18:27:30.928093+09:00
20260718,01,桐生,9,20260718-01-09,2,4230,濱崎直矢,43,埼玉,54.0,A2,6.95,55.7,6.03,41.38,73,47.37,53,26.57,S11 112,2,https://www1.mbrace.or.jp/od2/B/202607/b260718.lzh,2026-10-03T18:27:30.928093+09:00
20260718,01,桐生,9,20260718-01-09,3,3813,佐藤大介,50,愛知,54.0,A1,6.87,51.89,7.14,57.14,34,39.52,60,40.69,153 351,4,https://www1.mbrace.or.jp/od2/B/202607/b260718.lzh,2026-10-03T18:27:30.928093+09:00
20260718,01,桐生,9,20260718-01-09,4,4389,伊藤喜智,40,大阪,52.0,A2,5.72,32.56,5.23,25.71,45,39.37,75,29.79,3 225 31,5,https://www1.mbrace.or.jp/od2/B/202607/b260718.lzh,2026-10-03T18:27:30.928093+09:00
20260718,01,桐生,9,20260718-01-09,5,3641,一瀬明,55,東京,52.0,A1,6.25,42.34,6.02,40.38,50,30.61,42,29.37,224 532,5,https://www1.mbrace.or.jp/od2/B/202607/b260718.lzh,2026-10-03T18:27:30.928093+09:00
20260718,01,桐生,9,20260718-01-09,6,5308,藤森拓海,21,福岡,55.0,B1,4.48,22.73,0.0,0.0,32,43.69,37,36.24,5 512 13,4,https://www1.mbrace.or.jp/od2/B/202607/b260718.lzh,2026-10-03T18:27:30.928093+09:00
20260718,01,桐生,10,20260718-01-10,1,4734,安河内将,36,佐賀,52.0,A1,6.71,52.54,0.0,0.0,60,43.94,36,32.87,43111 1,3,https://www1.mbrace.or.jp/od2/B/202607/b260718.lzh,2026-10-03T18:27:30.928093+09:00
20260718,01,桐生,10,20260718-01-10,2,4225,土屋千明,44,群馬,45.0,A2,6.42,44.62,6.15,41.79,24,36.31,27,41.1,213 261,5,https://www1.mbrace.or.jp/od2/B/202607/b260718.lzh,2026-10-03T18:27:30.928093+09:00
20260718,01,桐生,10,20260718-01-10,3,3811,石田章央,50,静岡,54.0,A1,6.44,50.81,6.73,50.0,57,33.09,39,32.64,4 45111,4,https://www1.mbrace.or.jp/od2/B/202607/b260718.lzh,2026-10-03T18:27:30.928093+09:00
20260718,01,桐生,10,20260718-01-10,4,4888,金児隆太,38,群馬,52.0,B1,4.96,31.58,5.51,33.11,48,31.17,43,26.39,4 25141,2,https://www1.mbrace.or.jp/od2/B/202607/b260718.lzh,2026-10-03T18:27:30.928093+09:00
20260718,01,桐生,10,20260718-01-10,5,4663,籾山佳岳,43,愛知,51.0,B2,5.43,32.76,4.84,28.95,46,37.75,32,25.37,1 442 24,4,https://www1.mbrace.or.jp/od2/B/202607/b260718.lzh,2026-10-03T18:27:30.928093+09:00
20260718,01,桐生,10,20260718-01-10,6,4638,小林遼太,35,福岡,54.0,B1,5.32,34.04,3.92,23.08,14,45.69,30,30.07,361 342,3,https://www1.mbrace.or.jp/od2/B/202607/b260718.lzh,2026-10-03T18:27:30.928093+09:00
20260718,01,桐生,11,20260718-01-11,1,4760,山崎郡,36,大阪,51.0,A1,7.28,47.76,7.33,54.35,11,27.66,45,40.56,21211 2,5,https://www1.mbrace.or.jp/od2/B/202607/b260718.lzh,2026-10-03T18:27:30.928093+09:00
20260718,01,桐生,11,20260718-01-11,2,4614,石倉洋行,46,福岡,54.0,A1,6.9,52.48,4.27,18.18,31,37.76,57,39.04,4 15123,6,https://www1.mbrace.or.jp/od2/B/202607/b260718.lzh,2026-10-03T18:27:30.928093+09:00
20260718,01,桐生,11,20260718-01-11,3,4424,松尾昂明,41,福岡,51.0,A2,5.7,38.66,6.65,52.94,63,20.39,22,30.41,25133 1,4,https://www1.mbrace.or.jp/od2/B/202607/b260718.lzh,2026-10-03T18:27:30.928093+09:00
20260718,01,桐生,11,20260718-01-11,4,4108,吉村正明,46,山口,51.0,A1,6.41,46.91,0.0,0.0,27,50.81,56,42.25,6 25151,3,https://www1.mbrace.or.jp/od2/B/202607/b260718.lzh,2026-10-03T18:27:30.928093+09:00
20260718,01,桐生,11,20260718-01-11,5,4124,池田雄一,44,静岡,53.0,A2,6.1,39.78,5.97,42.11,28,38.41,61,40.41,352 124,7,https://www1.mbrace.or.jp/od2/B/202607/b260718.lzh,2026-10-03T18:27:30.928093+09:00
20260718,01,桐生,11,20260718-01-11,6,4846,佐藤駿介,32,山口,51.0,B1,4.48,25.0,4.31,18.75,15,42.16,71,33.33,13243 6,2,https://www1.mbrace.or.jp/od2/B/202607/b260718.lzh,2026-10-03T18:27:30.928093+09:00
20260718,01,桐生,12,20260718-01-12,1,4711,前出達吉,36,福井,52.0,A2,6.23,44.09,5.63,37.5,26,30.34,31,37.58,51332 6,3,https://www1.mbrace.or.jp/od2/B/202607/b260718.lzh,2026-10-03T18:27:30.928093+09:00
20260718,01,桐生,12,20260718-01-12,2,4706,三浦洋次,37,愛知,49.0,A2,5.86,42.24,5.04,22.22,43,25.42,68,29.14,252 265,2,https://www1.mbrace.or.jp/od2/B/202607/b260718.lzh,2026-10-03T18:27:30.928093+09:00
20260718,01,桐生,12,20260718-01-12,3,4791,黒澤めぐ,36,東京,48.0,B1,5.41,30.91,5.3,43.33,40,33.12,72,30.37,222 454,6,https://www1.mbrace.or.jp/od2/B/202607/b260718.lzh,2026-10-03T18:27:30.928093+09:00
20260718,01,桐生,12,20260718-01-12,4,5057,上田紗奈,30,大阪,46.0,B1,5.89,45.83,4.22,22.22,67,30.65,23,42.76,15363 6,4,https://www1.mbrace.or.jp/od2/B/202607/b260718.lzh,2026-10-03T18:27:30.928093+09:00
20260718,01,桐生,12,20260718-01-12,5,4487,三原司,40,福岡,53.0,B1,4.78,25.0,3.84,19.35,74,39.74,47,34.27,343 243,5,https://www1.mbrace.or.jp/od2/B/202607/b260718.lzh,2026-10-03T18:27:30.928093+09:00
20260718,01,桐生,12,20260718-01-12,6,5377,鳥居塚嶺,22,群馬,49.0,B1,4.09,19.77,3.0,9.38,17,32.3,67,30.99,3 61243,8,https://www1.mbrace.or.jp/od2/B/202607/b260718.lzh,2026-10-03T18:27:30.928093+09:00
