date,venue_code,venue_name,race,race_id,boat,registration_no,racer_name,age,branch,weight_kg,grade,national_win_rate,national_top2_rate,local_win_rate,local_top2_rate,motor_no,motor_top2_rate,boat_no,boat_top2_rate,series_results_raw,early_race_raw,source_url,collected_at
20260902,24,大村,1,20260902-24-01,1,3771,折下寛法,52,東京,51.0,B1,5.2,27.96,5.29,25.0,56,33.33,18,24.0,5,6,https://www1.mbrace.or.jp/od2/B/202609/b260902.lzh,2026-10-03T18:34:53.067704+09:00
20260902,24,大村,1,20260902-24-01,2,4553,坪口竜也,37,長崎,53.0,A2,5.96,38.38,6.32,45.34,36,36.67,80,24.49,25,11,https://www1.mbrace.or.jp/od2/B/202609/b260902.lzh,2026-10-03T18:34:53.067704+09:00
20260902,24,大村,1,20260902-24-01,3,5245,倉富大誠,24,愛知,52.0,B1,5.37,36.56,0.0,0.0,33,33.93,61,17.02,3,10,https://www1.mbrace.or.jp/od2/B/202609/b260902.lzh,2026-10-03T18:34:53.067704+09:00
20260902,24,大村,1,20260902-24-01,4,4089,妹尾忠幸,46,岡山,55.0,A2,6.3,42.16,6.57,44.9,63,50.0,71,30.77,3,7,https://www1.mbrace.or.jp/od2/B/202609/b260902.lzh,2026-10-03T18:34:53.067704+09:00
20260902,24,大村,1,20260902-24-01,5,4988,牟田奨太,29,静岡,56.0,B1,4.22,28.38,3.9,28.57,21,18.64,22,12.24,5,9,https://www1.mbrace.or.jp/od2/B/202609/b260902.lzh,2026-10-03T18:34:53.067704+09:00
20260902,24,大村,1,20260902-24-01,6,3722,西村秀樹,56,福岡,52.0,B1,3.39,9.33,3.53,10.53,81,40.0,75,32.81,1,8,https://www1.mbrace.or.jp/od2/B/202609/b260902.lzh,2026-10-03T18:34:53.067704+09:00
20260902,24,大村,2,20260902-24-02,1,4498,宮本夏樹,39,長崎,54.0,B2,4.67,29.49,5.74,41.13,15,13.79,34,35.48,6,12,https://www1.mbrace.or.jp/od2/B/202609/b260902.lzh,2026-10-03T18:34:53.067704+09:00
20260902,24,大村,2,20260902-24-02,2,5044,渡邉健,27,東京,59.0,B1,3.35,11.29,3.58,15.79,34,40.63,33,32.0,5,10,https://www1.mbrace.or.jp/od2/B/202609/b260902.lzh,2026-10-03T18:34:53.067704+09:00
20260902,24,大村,2,20260902-24-02,3,3949,今出晋二,50,岡山,58.0,B1,3.83,15.71,3.1,9.68,28,34.48,41,18.6,6,9,https://www1.mbrace.or.jp/od2/B/202609/b260902.lzh,2026-10-03T18:34:53.067704+09:00
20260902,24,大村,2,20260902-24-02,4,4837,酒井陽祐,37,愛知,51.0,B1,5.2,35.29,4.11,16.67,18,22.03,82,33.33,4,7,https://www1.mbrace.or.jp/od2/B/202609/b260902.lzh,2026-10-03T18:34:53.067704+09:00
20260902,24,大村,2,20260902-24-02,5,4063,市橋卓士,46,徳島,54.0,A1,6.0,38.05,7.04,48.98,71,18.64,68,26.0,24,8,https://www1.mbrace.or.jp/od2/B/202609/b260902.lzh,2026-10-03T18:34:53.067704+09:00
20260902,24,大村,2,20260902-24-02,6,4463,三苫晃幸,40,福岡,54.0,A2,6.28,44.83,6.08,45.83,69,32.35,63,28.0,4,11,https://www1.mbrace.or.jp/od2/B/202609/b260902.lzh,2026-10-03T18:34:53.067704+09:00
20260902,24,大村,3,20260902-24-03,1,4540,相原利章,39,東京,53.0,A2,5.04,28.09,6.58,50.0,61,36.21,13,19.15,6,12,https://www1.mbrace.or.jp/od2/B/202609/b260902.lzh,2026-10-03T18:34:53.067704+09:00
20260902,24,大村,3,20260902-24-03,2,4202,浮田圭浩,44,岡山,56.0,B1,4.55,21.79,4.6,40.0,27,31.03,16,26.0,4,8,https://www1.mbrace.or.jp/od2/B/202609/b260902.lzh,2026-10-03T18:34:53.067704+09:00
20260902,24,大村,3,20260902-24-03,3,5252,荒木颯斗,23,愛知,52.0,A2,5.89,41.44,5.69,36.11,66,24.59,19,30.77,3,11,https://www1.mbrace.or.jp/od2/B/202609/b260902.lzh,2026-10-03T18:34:53.067704+09:00
20260902,24,大村,3,20260902-24-03,4,4236,松村敏,42,福岡,54.0,A1,7.49,65.18,7.27,58.82,14,31.15,36,30.65,32,9,https://www1.mbrace.or.jp/od2/B/202609/b260902.lzh,2026-10-03T18:34:53.067704+09:00
20260902,24,大村,3,20260902-24-03,5,4327,加藤翔,43,静岡,52.0,B1,4.32,20.88,4.11,22.22,77,30.0,79,28.79,6,10,https://www1.mbrace.or.jp/od2/B/202609/b260902.lzh,2026-10-03T18:34:53.067704+09:00
20260902,24,大村,3,20260902-24-03,6,3339,泉具巳,61,兵庫,54.0,B1,3.94,23.94,5.93,53.33,11,10.34,72,32.65,13,,https://www1.mbrace.or.jp/od2/B/202609/b260902.lzh,2026-10-03T18:34:53.067704+09:00
20260902,24,大村,4,20260902-24-04,1,3841,佐々木和,50,徳島,55.0,A2,6.51,50.85,5.88,38.46,60,25.86,45,25.81,42,10,https://www1.mbrace.or.jp/od2/B/202609/b260902.lzh,2026-10-03T18:34:53.067704+09:00
20260902,24,大村,4,20260902-24-04,2,4211,村田敦,43,東京,57.0,B1,4.68,29.35,4.49,27.03,43,35.94,38,33.87,34,,https://www1.mbrace.or.jp/od2/B/202609/b260902.lzh,2026-10-03T18:34:53.067704+09:00
20260902,24,大村,4,20260902-24-04,3,4983,前田篤哉,29,愛知,52.0,A1,6.53,50.89,7.65,65.0,57,40.0,84,29.79,43,12,https://www1.mbrace.or.jp/od2/B/202609/b260902.lzh,2026-10-03T18:34:53.067704+09:00
20260902,24,大村,4,20260902-24-04,4,5242,高山弘斗,26,埼玉,52.0,B1,3.24,12.12,5.78,44.44,74,34.43,78,27.08,2,11,https://www1.mbrace.or.jp/od2/B/202609/b260902.lzh,2026-10-03T18:34:53.067704+09:00
20260902,24,大村,4,20260902-24-04,5,4782,浜崎準也,39,岡山,53.0,B1,4.53,20.55,4.39,25.0,51,20.34,31,33.85,22,,https://www1.mbrace.or.jp/od2/B/202609/b260902.lzh,2026-10-03T18:34:53.067704+09:00
20260902,24,大村,4,20260902-24-04,6,3538,菊池峰晴,58,群馬,52.0,B2,3.8,12.86,4.18,17.65,24,44.26,54,33.87,2,9,https://www1.mbrace.or.jp/od2/B/202609/b260902.lzh,2026-10-03T18:34:53.067704+09:00
20260902,24,大村,5,20260902-24-05,1,4164,岩永節也,44,長崎,52.0,B1,3.84,13.64,4.28,19.85,65,44.62,44,28.0,62,,https://www1.mbrace.or.jp/od2/B/202609/b260902.lzh,2026-10-03T18:34:53.067704+09:00
20260902,24,大村,5,20260902-24-05,2,5005,石田貴洋,30,埼玉,52.0,A1,6.3,42.22,5.47,33.33,73,26.67,52,17.39,15,10,https://www1.mbrace.or.jp/od2/B/202609/b260902.lzh,2026-10-03T18:34:53.067704+09:00
20260902,24,大村,5,20260902-24-05,3,5031,渡辺空依,28,福岡,53.0,B1,5.0,30.23,2.71,0.0,58,36.36,60,33.87,3,12,https://www1.mbrace.or.jp/od2/B/202609/b260902.lzh,2026-10-03T18:34:53.067704+09:00
20260902,24,大村,5,20260902-24-05,4,4790,柳内敬太,36,兵庫,52.0,A1,6.29,40.78,5.94,43.4,12,25.4,37,36.07,16,11,https://www1.mbrace.or.jp/od2/B/202609/b260902.lzh,2026-10-03T18:34:53.067704+09:00
20260902,24,大村,5,20260902-24-05,5,4260,中越博紀,42,香川,53.0,B1,5.79,44.64,7.0,58.33,40,26.32,12,35.38,11,,https://www1.mbrace.or.jp/od2/B/202609/b260902.lzh,2026-10-03T18:34:53.067704+09:00
20260902,24,大村,5,20260902-24-05,6,3752,宇土泰就,55,福岡,58.0,B1,4.16,15.91,4.12,16.67,50,19.64,59,35.0,55,,https://www1.mbrace.or.jp/od2/B/202609/b260902.lzh,2026-10-03T18:34:53.067704+09:00
20260902,24,大村,6,20260902-24-06,1,3790,佐口達也,54,群馬,54.0,B1,4.51,22.92,4.8,26.67,22,30.0,30,13.95,56,,https://www1.mbrace.or.jp/od2/B/202609/b260902.lzh,2026-10-03T18:34:53.067704+09:00
20260902,24,大村,6,20260902-24-06,2,4058,野末智一,47,静岡,52.0,A1,5.98,42.61,6.95,57.89,32,23.64,58,28.26,21,12,https://www1.mbrace.or.jp/od2/B/202609/b260902.lzh,2026-10-03T18:34:53.067704+09:00
20260902,24,大村,6,20260902-24-06,3,4272,大場広孝,44,福岡,58.0,B1,4.91,28.71,5.85,37.04,79,27.27,83,23.26,52,,https://www1.mbrace.or.jp/od2/B/202609/b260902.lzh,2026-10-03T18:34:53.067704+09:00
20260902,24,大村,6,20260902-24-06,4,3771,折下寛法,52,東京,51.0,B1,5.2,27.96,5.29,25.0,56,33.33,18,24.0,5,1,https://www1.mbrace.or.jp/od2/B/202609/b260902.lzh,2026-10-03T18:34:53.067704+09:00
20260902,24,大村,6,20260902-24-06,5,5211,高井駿弥,27,愛知,49.0,B1,3.78,8.33,3.24,8.0,67,17.54,17,35.48,55,,https://www1.mbrace.or.jp/od2/B/202609/b260902.lzh,2026-10-03T18:34:53.067704+09:00
20260902,24,大村,6,20260902-24-06,6,4288,永田啓二,41,福岡,53.0,A1,7.65,65.09,6.73,50.0,48,35.09,15,29.31,31,11,https://www1.mbrace.or.jp/od2/B/202609/b260902.lzh,2026-10-03T18:34:53.067704+09:00
20260902,24,大村,7,20260902-24-07,1,4089,妹尾忠幸,46,岡山,55.0,A2,6.3,42.16,6.57,44.9,63,50.0,71,30.77,3,1,https://www1.mbrace.or.jp/od2/B/202609/b260902.lzh,2026-10-03T18:34:53.067704+09:00
20260902,24,大村,7,20260902-24-07,2,4837,酒井陽祐,37,愛知,51.0,B1,5.2,35.29,4.11,16.67,18,22.03,82,33.33,4,2,https://www1.mbrace.or.jp/od2/B/202609/b260902.lzh,2026-10-03T18:34:53.067704+09:00
20260902,24,大村,7,20260902-24-07,3,5220,青木蓮,25,埼玉,51.0,A2,6.59,51.02,5.52,38.71,30,18.64,27,31.15,1,12,https://www1.mbrace.or.jp/od2/B/202609/b260902.lzh,2026-10-03T18:34:53.067704+09:00
20260902,24,大村,7,20260902-24-07,4,5405,竹内来,22,愛知,52.0,B1,2.54,5.71,0.0,0.0,39,30.0,28,34.04,66,,https://www1.mbrace.or.jp/od2/B/202609/b260902.lzh,2026-10-03T18:34:53.067704+09:00
20260902,24,大村,7,20260902-24-07,5,4976,金山立樹,32,東京,53.0,B1,4.92,29.17,6.35,40.0,35,16.36,21,31.25,43,,https://www1.mbrace.or.jp/od2/B/202609/b260902.lzh,2026-10-03T18:34:53.067704+09:00
20260902,24,大村,7,20260902-24-07,6,5086,本村大,27,長崎,51.0,B1,3.9,20.97,4.97,32.2,64,21.05,40,30.61,11,,https://www1.mbrace.or.jp/od2/B/202609/b260902.lzh,2026-10-03T18:34:53.067704+09:00
20260902,24,大村,8,20260902-24-08,1,4063,市橋卓士,46,徳島,54.0,A1,6.0,38.05,7.04,48.98,71,18.64,68,26.0,24,2,https://www1.mbrace.or.jp/od2/B/202609/b260902.lzh,2026-10-03T18:34:53.067704+09:00
20260902,24,大村,8,20260902-24-08,2,5137,川原涼,26,愛知,53.0,A2,5.29,39.58,4.96,33.33,78,28.57,86,26.09,44,,https://www1.mbrace.or.jp/od2/B/202609/b260902.lzh,2026-10-03T18:34:53.067704+09:00
20260902,24,大村,8,20260902-24-08,3,4202,浮田圭浩,44,岡山,56.0,B1,4.55,21.79,4.6,40.0,27,31.03,16,26.0,4,3,https://www1.mbrace.or.jp/od2/B/202609/b260902.lzh,2026-10-03T18:34:53.067704+09:00
20260902,24,大村,8,20260902-24-08,4,3722,西村秀樹,56,福岡,52.0,B1,3.39,9.33,3.53,10.53,81,40.0,75,32.81,1,1,https://www1.mbrace.or.jp/od2/B/202609/b260902.lzh,2026-10-03T18:34:53.067704+09:00
20260902,24,大村,8,20260902-24-08,5,4723,寺島吉彦,40,東京,50.0,B1,4.34,26.23,3.67,12.5,29,42.86,26,25.53,32,,https://www1.mbrace.or.jp/od2/B/202609/b260902.lzh,2026-10-03T18:34:53.067704+09:00
20260902,24,大村,8,20260902-24-08,6,4550,石岡将太,37,群馬,56.0,A2,5.03,25.27,5.6,10.0,19,37.88,35,35.09,64,,https://www1.mbrace.or.jp/od2/B/202609/b260902.lzh,2026-10-03T18:34:53.067704+09:00
20260902,24,大村,9,20260902-24-09,1,4236,松村敏,42,福岡,54.0,A1,7.49,65.18,7.27,58.82,14,31.15,36,30.65,32,3,https://www1.mbrace.or.jp/od2/B/202609/b260902.lzh,2026-10-03T18:34:53.067704+09:00
20260902,24,大村,9,20260902-24-09,2,3949,今出晋二,50,岡山,58.0,B1,3.83,15.71,3.1,9.68,28,34.48,41,18.6,6,2,https://www1.mbrace.or.jp/od2/B/202609/b260902.lzh,2026-10-03T18:34:53.067704+09:00
20260902,24,大村,9,20260902-24-09,3,4988,牟田奨太,29,静岡,56.0,B1,4.22,28.38,3.9,28.57,21,18.64,22,12.24,5,1,https://www1.mbrace.or.jp/od2/B/202609/b260902.lzh,2026-10-03T18:34:53.067704+09:00
20260902,24,大村,9,20260902-24-09,4,3538,菊池峰晴,58,群馬,52.0,B2,3.8,12.86,4.18,17.65,24,44.26,51,36.51,2,4,https://www1.mbrace.or.jp/od2/B/202609/b260902.lzh,2026-10-03T18:34:53.067704+09:00
20260902,24,大村,9,20260902-24-09,5,4752,西尾亮輔,38,愛知,52.0,B1,4.09,19.35,3.41,4.55,62,37.5,65,32.61,43,,https://www1.mbrace.or.jp/od2/B/202609/b260902.lzh,2026-10-03T18:34:53.067704+09:00
20260902,24,大村,9,20260902-24-09,6,4122,安東幸治,44,福岡,56.0,A2,5.42,35.59,5.65,31.58,72,19.3,77,32.79,51,,https://www1.mbrace.or.jp/od2/B/202609/b260902.lzh,2026-10-03T18:34:53.067704+09:00
20260902,24,大村,10,20260902-24-10,1,4348,宮崎奨,41,香川,56.0,A2,5.89,43.36,6.04,44.44,23,35.94,53,21.74,S6,,https://www1.mbrace.or.jp/od2/B/202609/b260902.lzh,2026-10-03T18:34:53.067704+09:00
20260902,24,大村,10,20260902-24-10,2,5245,倉富大誠,24,愛知,52.0,B1,5.37,36.56,0.0,0.0,33,33.93,70,36.21,3,1,https://www1.mbrace.or.jp/od2/B/202609/b260902.lzh,2026-10-03T18:34:53.067704+09:00
20260902,24,大村,10,20260902-24-10,3,4327,加藤翔,43,静岡,52.0,B1,4.32,20.88,4.11,22.22,77,30.0,79,28.79,6,3,https://www1.mbrace.or.jp/od2/B/202609/b260902.lzh,2026-10-03T18:34:53.067704+09:00
20260902,24,大村,10,20260902-24-10,4,3841,佐々木和,50,徳島,55.0,A2,6.51,50.85,5.88,38.46,60,25.86,45,25.81,42,4,https://www1.mbrace.or.jp/od2/B/202609/b260902.lzh,2026-10-03T18:34:53.067704+09:00
20260902,24,大村,10,20260902-24-10,5,5044,渡邉健,27,東京,59.0,B1,3.35,11.29,3.58,15.79,34,40.63,33,32.0,5,2,https://www1.mbrace.or.jp/od2/B/202609/b260902.lzh,2026-10-03T18:34:53.067704+09:00
20260902,24,大村,10,20260902-24-10,6,5005,石田貴洋,30,埼玉,52.0,A1,6.3,42.22,5.47,33.33,73,26.67,52,17.39,15,5,https://www1.mbrace.or.jp/od2/B/202609/b260902.lzh,2026-10-03T18:34:53.067704+09:00
20260902,24,大村,11,20260902-24-11,1,4790,柳内敬太,36,兵庫,52.0,A1,6.29,40.78,5.94,43.4,12,25.4,37,36.07,16,5,https://www1.mbrace.or.jp/od2/B/202609/b260902.lzh,2026-10-03T18:34:53.067704+09:00
20260902,24,大村,11,20260902-24-11,2,5252,荒木颯斗,23,愛知,52.0,A2,5.89,41.44,5.69,36.11,66,24.59,19,30.77,3,3,https://www1.mbrace.or.jp/od2/B/202609/b260902.lzh,2026-10-03T18:34:53.067704+09:00
20260902,24,大村,11,20260902-24-11,3,4288,永田啓二,41,福岡,53.0,A1,7.65,65.09,6.73,50.0,48,35.09,15,29.31,31,6,https://www1.mbrace.or.jp/od2/B/202609/b260902.lzh,2026-10-03T18:34:53.067704+09:00
20260902,24,大村,11,20260902-24-11,4,4463,三苫晃幸,40,福岡,54.0,A2,6.28,44.83,6.08,45.83,69,32.35,63,28.0,4,2,https://www1.mbrace.or.jp/od2/B/202609/b260902.lzh,2026-10-03T18:34:53.067704+09:00
20260902,24,大村,11,20260902-24-11,5,5242,高山弘斗,26,埼玉,52.0,B1,3.24,12.12,5.78,44.44,74,34.43,78,27.08,2,4,https://www1.mbrace.or.jp/od2/B/202609/b260902.lzh,2026-10-03T18:34:53.067704+09:00
20260902,24,大村,11,20260902-24-11,6,4553,坪口竜也,37,長崎,53.0,A2,5.96,38.38,6.32,45.34,36,36.67,80,24.49,25,1,https://www1.mbrace.or.jp/od2/B/202609/b260902.lzh,2026-10-03T18:34:53.067704+09:00
20260902,24,大村,12,20260902-24-12,1,4983,前田篤哉,29,愛知,52.0,A1,6.53,50.89,7.65,65.0,57,40.0,84,29.79,43,4,https://www1.mbrace.or.jp/od2/B/202609/b260902.lzh,2026-10-03T18:34:53.067704+09:00
20260902,24,大村,12,20260902-24-12,2,5031,渡辺空依,28,福岡,53.0,B1,5.0,30.23,2.71,0.0,58,36.36,60,33.87,3,5,https://www1.mbrace.or.jp/od2/B/202609/b260902.lzh,2026-10-03T18:34:53.067704+09:00
20260902,24,大村,12,20260902-24-12,3,4498,宮本夏樹,39,長崎,54.0,B2,4.67,29.49,5.74,41.13,15,13.79,34,35.48,6,2,https://www1.mbrace.or.jp/od2/B/202609/b260902.lzh,2026-10-03T18:34:53.067704+09:00
20260902,24,大村,12,20260902-24-12,4,4540,相原利章,39,東京,53.0,A2,5.04,28.09,6.58,50.0,61,36.21,13,19.15,6,3,https://www1.mbrace.or.jp/od2/B/202609/b260902.lzh,2026-10-03T18:34:53.067704+09:00
20260902,24,大村,12,20260902-24-12,5,5220,青木蓮,25,埼玉,51.0,A2,6.59,51.02,5.52,38.71,30,18.64,27,31.15,1,7,https://www1.mbrace.or.jp/od2/B/202609/b260902.lzh,2026-10-03T18:34:53.067704+09:00
20260902,24,大村,12,20260902-24-12,6,4058,野末智一,47,静岡,52.0,A1,5.98,42.61,6.95,57.89,32,23.64,58,28.26,21,6,https://www1.mbrace.or.jp/od2/B/202609/b260902.lzh,2026-10-03T18:34:53.067704+09:00
20260902,22,福岡,1,20260902-22-01,1,5007,近藤雄一,29,東京,53.0,B1,4.68,21.05,4.0,21.05,65,41.51,131,21.05,,9,https://www1.mbrace.or.jp/od2/B/202609/b260902.lzh,2026-10-03T18:34:53.067704+09:00
20260902,22,福岡,1,20260902-22-01,2,3107,平岡重典,62,大阪,52.0,B1,3.71,9.76,5.56,29.63,11,36.97,149,33.33,,,https://www1.mbrace.or.jp/od2/B/202609/b260902.lzh,2026-10-03T18:34:53.067704+09:00
20260902,22,福岡,1,20260902-22-01,3,4100,松田隆司,47,福岡,54.0,B1,4.71,28.26,5.7,38.64,25,38.17,142,29.13,,10,https://www1.mbrace.or.jp/od2/B/202609/b260902.lzh,2026-10-03T18:34:53.067704+09:00
20260902,22,福岡,1,20260902-22-01,4,4792,杉村賢也,36,東京,50.0,B1,4.06,20.0,3.64,21.43,46,26.79,108,35.92,,6,https://www1.mbrace.or.jp/od2/B/202609/b260902.lzh,2026-10-03T18:34:53.067704+09:00
20260902,22,福岡,1,20260902-22-01,5,5235,岩田凌,27,大阪,55.0,B2,3.9,12.07,0.0,0.0,16,51.33,113,22.83,,5,https://www1.mbrace.or.jp/od2/B/202609/b260902.lzh,2026-10-03T18:34:53.067704+09:00
20260902,22,福岡,1,20260902-22-01,6,4368,山口隆史,40,福岡,54.0,B1,4.38,24.59,4.59,17.95,20,36.28,114,32.99,,8,https://www1.mbrace.or.jp/od2/B/202609/b260902.lzh,2026-10-03T18:34:53.067704+09:00
20260902,22,福岡,2,20260902-22-02,1,3948,大町利克,50,大阪,53.0,B1,3.5,12.16,0.0,0.0,71,41.38,174,40.82,,11,https://www1.mbrace.or.jp/od2/B/202609/b260902.lzh,2026-10-03T18:34:53.067704+09:00
20260902,22,福岡,2,20260902-22-02,2,4329,小松卓司,43,福岡,52.0,B1,4.57,24.05,5.1,31.03,72,36.59,146,26.88,,8,https://www1.mbrace.or.jp/od2/B/202609/b260902.lzh,2026-10-03T18:34:53.067704+09:00
20260902,22,福岡,2,20260902-22-02,3,4114,深澤達徳,45,東京,54.0,B1,4.89,25.93,6.16,32.26,37,30.77,122,30.93,,,https://www1.mbrace.or.jp/od2/B/202609/b260902.lzh,2026-10-03T18:34:53.067704+09:00
20260902,22,福岡,2,20260902-22-02,4,5381,有山望,21,大阪,48.0,B1,4.11,17.11,0.0,0.0,56,41.0,104,32.32,,7,https://www1.mbrace.or.jp/od2/B/202609/b260902.lzh,2026-10-03T18:34:53.067704+09:00
20260902,22,福岡,2,20260902-22-02,5,3703,鳥飼眞,52,福岡,50.0,A2,5.96,44.09,6.19,47.19,21,39.17,117,33.33,,10,https://www1.mbrace.or.jp/od2/B/202609/b260902.lzh,2026-10-03T18:34:53.067704+09:00
20260902,22,福岡,2,20260902-22-02,6,4095,福来剛,45,東京,52.0,A1,7.07,59.18,7.33,55.56,39,40.45,101,31.68,,12,https://www1.mbrace.or.jp/od2/B/202609/b260902.lzh,2026-10-03T18:34:53.067704+09:00
20260902,22,福岡,3,20260902-22-03,1,4393,田中孝明,40,福岡,59.0,B1,4.16,19.18,4.37,18.42,48,21.9,102,23.53,,7,https://www1.mbrace.or.jp/od2/B/202609/b260902.lzh,2026-10-03T18:34:53.067704+09:00
20260902,22,福岡,3,20260902-22-03,2,4759,今泉友吾,36,東京,52.0,A1,6.98,48.36,6.83,43.33,58,33.33,105,49.5,,12,https://www1.mbrace.or.jp/od2/B/202609/b260902.lzh,2026-10-03T18:34:53.067704+09:00
20260902,22,福岡,3,20260902-22-03,3,4411,沢田昭宏,40,大阪,54.0,A2,5.69,37.19,4.96,30.19,68,40.5,123,49.52,,8,https://www1.mbrace.or.jp/od2/B/202609/b260902.lzh,2026-10-03T18:34:53.067704+09:00
20260902,22,福岡,3,20260902-22-03,4,4632,長尾京志,37,福岡,53.0,B1,4.84,27.63,5.14,26.32,15,40.48,124,30.95,,,https://www1.mbrace.or.jp/od2/B/202609/b260902.lzh,2026-10-03T18:34:53.067704+09:00
20260902,22,福岡,3,20260902-22-03,5,4815,伏島祐介,36,東京,53.0,B1,3.49,12.82,4.47,28.95,19,33.01,115,40.45,,9,https://www1.mbrace.or.jp/od2/B/202609/b260902.lzh,2026-10-03T18:34:53.067704+09:00
20260902,22,福岡,3,20260902-22-03,6,4651,佐藤大騎,41,大阪,52.0,B1,3.28,7.35,4.13,12.5,63,28.21,130,43.4,,,https://www1.mbrace.or.jp/od2/B/202609/b260902.lzh,2026-10-03T18:34:53.067704+09:00
20260902,22,福岡,4,20260902-22-04,1,4944,田代達也,35,東京,53.0,B1,4.25,18.99,4.16,26.32,12,37.59,109,41.58,,,https://www1.mbrace.or.jp/od2/B/202609/b260902.lzh,2026-10-03T18:34:53.067704+09:00
20260902,22,福岡,4,20260902-22-04,2,3432,宮迫暢彦,58,大阪,54.0,B1,3.86,15.38,5.38,38.46,33,41.32,136,35.29,,,https://www1.mbrace.or.jp/od2/B/202609/b260902.lzh,2026-10-03T18:34:53.067704+09:00
20260902,22,福岡,4,20260902-22-04,3,4932,新開航,30,福岡,52.0,A1,7.51,52.38,7.26,59.46,59,39.34,168,39.39,,12,https://www1.mbrace.or.jp/od2/B/202609/b260902.lzh,2026-10-03T18:34:53.067704+09:00
20260902,22,福岡,4,20260902-22-04,4,5133,堀越雄貴,27,東京,53.0,B1,6.01,40.3,5.6,40.0,57,32.43,140,38.46,,11,https://www1.mbrace.or.jp/od2/B/202609/b260902.lzh,2026-10-03T18:34:53.067704+09:00
20260902,22,福岡,4,20260902-22-04,5,5289,佃來紀,25,大阪,53.0,A2,5.73,41.18,5.95,40.0,34,42.96,138,42.27,,9,https://www1.mbrace.or.jp/od2/B/202609/b260902.lzh,2026-10-03T18:34:53.067704+09:00
20260902,22,福岡,4,20260902-22-04,6,5426,甲斐貴大,24,福岡,53.0,B2,2.31,3.28,2.67,0.0,28,35.71,144,20.0,,,https://www1.mbrace.or.jp/od2/B/202609/b260902.lzh,2026-10-03T18:34:53.067704+09:00
20260902,22,福岡,5,20260902-22-05,1,5235,岩田凌,27,大阪,55.0,B2,3.9,12.07,0.0,0.0,16,51.33,113,22.83,,1,https://www1.mbrace.or.jp/od2/B/202609/b260902.lzh,2026-10-03T18:34:53.067704+09:00
20260902,22,福岡,5,20260902-22-05,2,4737,竹井貴史,35,福岡,55.0,A1,6.77,54.64,6.53,54.72,31,31.75,155,26.8,,12,https://www1.mbrace.or.jp/od2/B/202609/b260902.lzh,2026-10-03T18:34:53.067704+09:00
20260902,22,福岡,5,20260902-22-05,3,3467,森弘行,57,東京,52.0,B1,4.45,22.37,4.25,14.29,49,38.6,171,25.0,,,https://www1.mbrace.or.jp/od2/B/202609/b260902.lzh,2026-10-03T18:34:53.067704+09:00
20260902,22,福岡,5,20260902-22-05,4,4905,土井祥伍,31,大阪,54.0,B1,4.67,25.58,3.75,12.5,53,26.05,151,24.24,,9,https://www1.mbrace.or.jp/od2/B/202609/b260902.lzh,2026-10-03T18:34:53.067704+09:00
20260902,22,福岡,5,20260902-22-05,5,3928,林恵祐,50,福岡,60.0,B1,3.89,13.25,3.8,17.33,74,44.19,128,34.34,,,https://www1.mbrace.or.jp/od2/B/202609/b260902.lzh,2026-10-03T18:34:53.067704+09:00
20260902,22,福岡,5,20260902-22-05,6,3888,山本英志,51,東京,51.0,A2,6.09,43.97,4.54,25.0,44,27.89,121,34.78,,10,https://www1.mbrace.or.jp/od2/B/202609/b260902.lzh,2026-10-03T18:34:53.067704+09:00
20260902,22,福岡,6,20260902-22-06,1,3523,寳田亮治,57,福岡,52.0,B1,4.42,20.9,6.0,55.56,35,26.61,106,26.04,,,https://www1.mbrace.or.jp/od2/B/202609/b260902.lzh,2026-10-03T18:34:53.067704+09:00
20260902,22,福岡,6,20260902-22-06,2,4792,杉村賢也,36,東京,50.0,B1,4.06,20.0,3.64,21.43,46,26.79,108,35.92,,1,https://www1.mbrace.or.jp/od2/B/202609/b260902.lzh,2026-10-03T18:34:53.067704+09:00
20260902,22,福岡,6,20260902-22-06,3,4904,松本一毅,32,大阪,52.0,B1,5.34,35.9,7.22,66.67,13,36.52,129,33.01,,10,https://www1.mbrace.or.jp/od2/B/202609/b260902.lzh,2026-10-03T18:34:53.067704+09:00
20260902,22,福岡,6,20260902-22-06,4,4148,枝尾賢,44,福岡,52.0,A2,6.14,40.0,7.15,60.0,29,28.06,169,35.05,,11,https://www1.mbrace.or.jp/od2/B/202609/b260902.lzh,2026-10-03T18:34:53.067704+09:00
20260902,22,福岡,6,20260902-22-06,5,5371,早川颯太,24,東京,54.0,B2,1.97,1.67,0.0,0.0,30,42.17,147,26.26,,,https://www1.mbrace.or.jp/od2/B/202609/b260902.lzh,2026-10-03T18:34:53.067704+09:00
20260902,22,福岡,6,20260902-22-06,6,4659,木下翔太,35,大阪,53.0,A1,7.61,56.59,6.59,37.04,54,33.61,120,22.68,,12,https://www1.mbrace.or.jp/od2/B/202609/b260902.lzh,2026-10-03T18:34:53.067704+09:00
20260902,22,福岡,7,20260902-22-07,1,4077,品田直樹,47,東京,52.0,A2,5.32,30.93,5.08,27.5,26,31.0,153,28.28,,,https://www1.mbrace.or.jp/od2/B/202609/b260902.lzh,2026-10-03T18:34:53.067704+09:00
20260902,22,福岡,7,20260902-22-07,2,5054,佐々木大,30,大阪,53.0,A1,6.57,58.46,6.5,50.0,52,40.0,107,27.85,,12,https://www1.mbrace.or.jp/od2/B/202609/b260902.lzh,2026-10-03T18:34:53.067704+09:00
20260902,22,福岡,7,20260902-22-07,3,4393,田中孝明,40,福岡,59.0,B1,4.16,19.18,4.37,18.42,48,21.9,102,23.53,,3,https://www1.mbrace.or.jp/od2/B/202609/b260902.lzh,2026-10-03T18:34:53.067704+09:00
20260902,22,福岡,7,20260902-22-07,4,4535,北山康介,36,東京,54.0,A2,7.11,55.06,6.78,51.85,51,26.83,161,37.86,,11,https://www1.mbrace.or.jp/od2/B/202609/b260902.lzh,2026-10-03T18:34:53.067704+09:00
20260902,22,福岡,7,20260902-22-07,5,5381,有山望,21,大阪,48.0,B1,4.11,17.11,0.0,0.0,56,41.0,104,32.32,,2,https://www1.mbrace.or.jp/od2/B/202609/b260902.lzh,2026-10-03T18:34:53.067704+09:00
20260902,22,福岡,7,20260902-22-07,6,4301,関裕也,43,福岡,53.0,B1,4.38,21.54,4.33,20.0,18,33.0,152,30.0,,,https://www1.mbrace.or.jp/od2/B/202609/b260902.lzh,2026-10-03T18:34:53.067704+09:00
20260902,22,福岡,8,20260902-22-08,1,5004,河野主樹,30,大阪,52.0,A2,5.74,37.84,4.66,26.32,62,45.54,154,16.16,,,https://www1.mbrace.or.jp/od2/B/202609/b260902.lzh,2026-10-03T18:34:53.067704+09:00
20260902,22,福岡,8,20260902-22-08,2,4368,山口隆史,40,福岡,54.0,B1,4.38,24.59,4.59,17.95,20,36.28,114,32.99,,1,https://www1.mbrace.or.jp/od2/B/202609/b260902.lzh,2026-10-03T18:34:53.067704+09:00
20260902,22,福岡,8,20260902-22-08,3,5190,大月遊雅,25,東京,50.0,B1,4.01,16.25,3.22,11.11,43,62.89,135,41.58,,,https://www1.mbrace.or.jp/od2/B/202609/b260902.lzh,2026-10-03T18:34:53.067704+09:00
20260902,22,福岡,8,20260902-22-08,4,4411,沢田昭宏,40,大阪,54.0,A2,5.69,37.19,4.96,30.19,68,40.5,123,49.52,,3,https://www1.mbrace.or.jp/od2/B/202609/b260902.lzh,2026-10-03T18:34:53.067704+09:00
20260902,22,福岡,8,20260902-22-08,5,4329,小松卓司,43,福岡,52.0,B1,4.57,24.05,5.1,31.03,72,36.59,146,26.88,,2,https://www1.mbrace.or.jp/od2/B/202609/b260902.lzh,2026-10-03T18:34:53.067704+09:00
20260902,22,福岡,8,20260902-22-08,6,4379,桑島和宏,42,東京,57.0,A2,6.06,36.45,6.57,52.38,67,37.37,111,31.43,,,https://www1.mbrace.or.jp/od2/B/202609/b260902.lzh,2026-10-03T18:34:53.067704+09:00
20260902,22,福岡,9,20260902-22-09,1,4155,長野壮志,45,福岡,56.0,A2,6.15,46.46,6.87,53.19,27,35.0,156,40.82,,,https://www1.mbrace.or.jp/od2/B/202609/b260902.lzh,2026-10-03T18:34:53.067704+09:00
20260902,22,福岡,9,20260902-22-09,2,4815,伏島祐介,36,東京,53.0,B1,3.49,12.82,4.47,28.95,19,33.01,115,40.45,,3,https://www1.mbrace.or.jp/od2/B/202609/b260902.lzh,2026-10-03T18:34:53.067704+09:00
20260902,22,福岡,9,20260902-22-09,3,5289,佃來紀,25,大阪,53.0,A2,5.73,41.18,5.95,40.0,34,42.96,138,42.27,,4,https://www1.mbrace.or.jp/od2/B/202609/b260902.lzh,2026-10-03T18:34:53.067704+09:00
20260902,22,福岡,9,20260902-22-09,4,5081,篠原飛翔,27,福岡,52.0,A2,5.35,37.84,6.03,43.84,32,24.81,157,36.46,,,https://www1.mbrace.or.jp/od2/B/202609/b260902.lzh,2026-10-03T18:34:53.067704+09:00
20260902,22,福岡,9,20260902-22-09,5,5007,近藤雄一,29,東京,53.0,B1,4.68,21.05,4.0,21.05,65,41.51,131,21.05,,1,https://www1.mbrace.or.jp/od2/B/202609/b260902.lzh,2026-10-03T18:34:53.067704+09:00
20260902,22,福岡,9,20260902-22-09,6,4905,土井祥伍,31,大阪,54.0,B1,4.67,25.58,3.75,12.5,53,26.05,151,24.24,,5,https://www1.mbrace.or.jp/od2/B/202609/b260902.lzh,2026-10-03T18:34:53.067704+09:00
20260902,22,福岡,10,20260902-22-10,1,3966,作間章,47,東京,53.0,A1,6.32,43.24,7.45,64.29,61,37.31,139,35.92,,,https://www1.mbrace.or.jp/od2/B/202609/b260902.lzh,2026-10-03T18:34:53.067704+09:00
20260902,22,福岡,10,20260902-22-10,2,3915,繁野谷圭,52,大阪,53.0,A2,6.23,44.12,5.95,37.84,36,35.2,127,38.0,,,https://www1.mbrace.or.jp/od2/B/202609/b260902.lzh,2026-10-03T18:34:53.067704+09:00
20260902,22,福岡,10,20260902-22-10,3,3703,鳥飼眞,52,福岡,50.0,A2,5.96,44.09,6.19,47.19,21,39.17,117,33.33,,2,https://www1.mbrace.or.jp/od2/B/202609/b260902.lzh,2026-10-03T18:34:53.067704+09:00
20260902,22,福岡,10,20260902-22-10,4,3888,山本英志,51,東京,51.0,A2,6.09,43.97,4.54,25.0,44,27.89,121,34.78,,5,https://www1.mbrace.or.jp/od2/B/202609/b260902.lzh,2026-10-03T18:34:53.067704+09:00
20260902,22,福岡,10,20260902-22-10,5,4904,松本一毅,32,大阪,52.0,B1,5.34,35.9,7.22,66.67,13,36.52,129,33.01,,6,https://www1.mbrace.or.jp/od2/B/202609/b260902.lzh,2026-10-03T18:34:53.067704+09:00
20260902,22,福岡,10,20260902-22-10,6,4100,松田隆司,47,福岡,54.0,B1,4.71,28.26,5.7,38.64,25,38.17,142,29.13,,1,https://www1.mbrace.or.jp/od2/B/202609/b260902.lzh,2026-10-03T18:34:53.067704+09:00
20260902,22,福岡,11,20260902-22-11,1,4377,濱本優一,42,大阪,49.0,A1,5.28,34.31,6.1,47.62,22,33.07,164,27.55,,,https://www1.mbrace.or.jp/od2/B/202609/b260902.lzh,2026-10-03T18:34:53.067704+09:00
20260902,22,福岡,11,20260902-22-11,2,4958,溝口海義,31,福岡,56.0,A1,6.25,42.62,5.82,39.29,70,30.25,137,33.33,,,https://www1.mbrace.or.jp/od2/B/202609/b260902.lzh,2026-10-03T18:34:53.067704+09:00
20260902,22,福岡,11,20260902-22-11,3,4535,北山康介,36,東京,54.0,A2,7.11,55.06,6.78,51.85,51,26.83,161,37.86,,7,https://www1.mbrace.or.jp/od2/B/202609/b260902.lzh,2026-10-03T18:34:53.067704+09:00
20260902,22,福岡,11,20260902-22-11,4,3948,大町利克,50,大阪,53.0,B1,3.5,12.16,0.0,0.0,71,41.38,174,40.82,,2,https://www1.mbrace.or.jp/od2/B/202609/b260902.lzh,2026-10-03T18:34:53.067704+09:00
20260902,22,福岡,11,20260902-22-11,5,4148,枝尾賢,44,福岡,52.0,A2,6.14,40.0,7.15,60.0,29,28.06,169,35.05,,6,https://www1.mbrace.or.jp/od2/B/202609/b260902.lzh,2026-10-03T18:34:53.067704+09:00
20260902,22,福岡,11,20260902-22-11,6,5133,堀越雄貴,27,東京,53.0,B1,6.01,40.3,5.6,40.0,57,32.43,162,39.81,,4,https://www1.mbrace.or.jp/od2/B/202609/b260902.lzh,2026-10-03T18:34:53.067704+09:00
20260902,22,福岡,12,20260902-22-12,1,4932,新開航,30,福岡,52.0,A1,7.51,52.38,7.26,59.46,59,39.34,168,39.39,,4,https://www1.mbrace.or.jp/od2/B/202609/b260902.lzh,2026-10-03T18:34:53.067704+09:00
20260902,22,福岡,12,20260902-22-12,2,4095,福来剛,45,東京,52.0,A1,7.07,59.18,7.33,55.56,39,40.45,101,31.68,,2,https://www1.mbrace.or.jp/od2/B/202609/b260902.lzh,2026-10-03T18:34:53.067704+09:00
20260902,22,福岡,12,20260902-22-12,3,4659,木下翔太,35,大阪,53.0,A1,7.61,56.59,6.59,37.04,54,33.61,120,22.68,,6,https://www1.mbrace.or.jp/od2/B/202609/b260902.lzh,2026-10-03T18:34:53.067704+09:00
20260902,22,福岡,12,20260902-22-12,4,4737,竹井貴史,35,福岡,55.0,A1,6.77,54.64,6.53,54.72,31,31.75,155,26.8,,5,https://www1.mbrace.or.jp/od2/B/202609/b260902.lzh,2026-10-03T18:34:53.067704+09:00
20260902,22,福岡,12,20260902-22-12,5,4759,今泉友吾,36,東京,52.0,A1,6.98,48.36,6.83,43.33,58,33.33,105,49.5,,3,https://www1.mbrace.or.jp/od2/B/202609/b260902.lzh,2026-10-03T18:34:53.067704+09:00
20260902,22,福岡,12,20260902-22-12,6,5054,佐々木大,30,大阪,53.0,A1,6.57,58.46,6.5,50.0,52,40.0,107,27.85,,7,https://www1.mbrace.or.jp/od2/B/202609/b260902.lzh,2026-10-03T18:34:53.067704+09:00
20260902,21,芦屋,1,20260902-21-01,1,4259,真庭明志,42,長崎,53.0,A2,5.72,34.93,5.45,42.55,26,28.72,137,32.98,2 3245,11,https://www1.mbrace.or.jp/od2/B/202609/b260902.lzh,2026-10-03T18:34:53.067704+09:00
20260902,21,芦屋,1,20260902-21-01,2,5128,坪井爽佑,29,三重,52.0,B1,4.22,19.23,2.4,0.0,23,29.67,152,35.11,4 456,7,https://www1.mbrace.or.jp/od2/B/202609/b260902.lzh,2026-10-03T18:34:53.067704+09:00
20260902,21,芦屋,1,20260902-21-01,3,3907,村越篤,48,香川,55.0,B1,5.16,33.62,4.72,24.0,51,32.22,149,41.41,544 63,8,https://www1.mbrace.or.jp/od2/B/202609/b260902.lzh,2026-10-03T18:34:53.067704+09:00
20260902,21,芦屋,1,20260902-21-01,4,3741,松尾基成,52,福岡,56.0,B1,3.62,17.86,4.15,17.31,19,30.0,151,29.67,1 6536,6,https://www1.mbrace.or.jp/od2/B/202609/b260902.lzh,2026-10-03T18:34:53.067704+09:00
20260902,21,芦屋,1,20260902-21-01,5,3647,伊藤雄二,53,埼玉,49.0,B1,3.17,9.35,4.37,21.05,2,27.27,167,32.97,4 616,7,https://www1.mbrace.or.jp/od2/B/202609/b260902.lzh,2026-10-03T18:34:53.067704+09:00
20260902,21,芦屋,1,20260902-21-01,6,4396,大田直弥,40,山口,54.0,B1,4.92,27.27,5.0,29.79,54,29.55,111,20.22,4 5444,6,https://www1.mbrace.or.jp/od2/B/202609/b260902.lzh,2026-10-03T18:34:53.067704+09:00
20260902,21,芦屋,2,20260902-21-02,1,4383,竹田吉行,41,徳島,52.0,A2,5.46,35.71,5.34,31.25,31,41.58,127,38.04,3 4632,9,https://www1.mbrace.or.jp/od2/B/202609/b260902.lzh,2026-10-03T18:34:53.067704+09:00
20260902,21,芦屋,2,20260902-21-02,2,5207,高山敬悟,29,福岡,54.0,B1,5.12,34.78,3.99,16.25,25,13.89,121,30.21,536 5,7,https://www1.mbrace.or.jp/od2/B/202609/b260902.lzh,2026-10-03T18:34:53.067704+09:00
20260902,21,芦屋,2,20260902-21-02,3,4358,松本庸平,42,三重,50.0,B1,4.15,25.51,3.36,14.29,55,39.76,165,35.0,253 66,11,https://www1.mbrace.or.jp/od2/B/202609/b260902.lzh,2026-10-03T18:34:53.067704+09:00
20260902,21,芦屋,2,20260902-21-02,4,4600,井内将太,41,広島,52.0,A1,6.5,46.59,5.68,36.84,39,39.56,162,32.22,56261,8,https://www1.mbrace.or.jp/od2/B/202609/b260902.lzh,2026-10-03T18:34:53.067704+09:00
20260902,21,芦屋,2,20260902-21-02,5,4273,佐藤旭,44,静岡,54.0,B1,5.07,29.52,5.61,27.78,45,29.41,166,36.84,642 53,6,https://www1.mbrace.or.jp/od2/B/202609/b260902.lzh,2026-10-03T18:34:53.067704+09:00
20260902,21,芦屋,2,20260902-21-02,6,4431,石塚裕介,40,三重,52.0,B1,4.86,31.33,0.0,0.0,53,35.56,158,33.33,4 3623,9,https://www1.mbrace.or.jp/od2/B/202609/b260902.lzh,2026-10-03T18:34:53.067704+09:00
20260902,21,芦屋,3,20260902-21-03,1,4644,山田亮太,47,東京,52.0,A1,6.49,46.1,4.11,22.22,35,48.39,124,31.33,46154,8,https://www1.mbrace.or.jp/od2/B/202609/b260902.lzh,2026-10-03T18:34:53.067704+09:00
20260902,21,芦屋,3,20260902-21-03,2,4229,市川美宏,43,静岡,54.0,B1,4.24,18.29,4.33,0.0,18,27.45,133,34.41,6 646,8,https://www1.mbrace.or.jp/od2/B/202609/b260902.lzh,2026-10-03T18:34:53.067704+09:00
20260902,21,芦屋,3,20260902-21-03,3,4318,桑原将光,42,東京,52.0,A2,5.05,22.34,6.11,33.33,30,37.25,159,45.16,221333,10,https://www1.mbrace.or.jp/od2/B/202609/b260902.lzh,2026-10-03T18:34:53.067704+09:00
20260902,21,芦屋,3,20260902-21-03,4,5284,嘉手苅徹,27,福岡,53.0,B2,3.94,18.18,2.18,0.0,16,22.55,156,38.14,425 64,7,https://www1.mbrace.or.jp/od2/B/202609/b260902.lzh,2026-10-03T18:34:53.067704+09:00
20260902,21,芦屋,3,20260902-21-03,5,4227,安達裕樹,43,三重,52.0,A2,6.05,35.34,6.83,55.56,43,40.43,147,21.69,151245,10,https://www1.mbrace.or.jp/od2/B/202609/b260902.lzh,2026-10-03T18:34:53.067704+09:00
20260902,21,芦屋,3,20260902-21-03,6,4325,新出浩司,43,大阪,53.0,B1,4.53,19.78,5.22,24.32,5,35.8,145,31.46,653 54,9,https://www1.mbrace.or.jp/od2/B/202609/b260902.lzh,2026-10-03T18:34:53.067704+09:00
20260902,21,芦屋,4,20260902-21-04,1,4292,麻生慎介,41,広島,53.0,A1,6.45,43.8,5.81,37.04,59,25.88,160,32.18,34434,9,https://www1.mbrace.or.jp/od2/B/202609/b260902.lzh,2026-10-03T18:34:53.067704+09:00
20260902,21,芦屋,4,20260902-21-04,2,3265,今村暢孝,61,福岡,51.0,A2,6.3,46.59,6.02,44.19,20,23.4,155,42.0,46565,9,https://www1.mbrace.or.jp/od2/B/202609/b260902.lzh,2026-10-03T18:34:53.067704+09:00
20260902,21,芦屋,4,20260902-21-04,3,3477,近藤稔也,55,徳島,53.0,B1,3.7,11.96,2.89,11.11,40,28.13,117,34.65,164 42,10,https://www1.mbrace.or.jp/od2/B/202609/b260902.lzh,2026-10-03T18:34:53.067704+09:00
20260902,21,芦屋,4,20260902-21-04,4,3503,堂原洋史,56,埼玉,51.0,B1,3.66,15.69,3.93,13.33,49,22.99,150,25.0,26562,8,https://www1.mbrace.or.jp/od2/B/202609/b260902.lzh,2026-10-03T18:34:53.067704+09:00
20260902,21,芦屋,4,20260902-21-04,5,4274,長畑友輔,44,東京,52.0,B1,4.54,26.55,3.48,12.0,17,33.98,140,29.03,554 3,8,https://www1.mbrace.or.jp/od2/B/202609/b260902.lzh,2026-10-03T18:34:53.067704+09:00
20260902,21,芦屋,4,20260902-21-04,6,4015,前野竜一,46,山口,59.0,A2,5.68,33.08,6.0,38.1,50,29.41,128,15.79,3122F4,,https://www1.mbrace.or.jp/od2/B/202609/b260902.lzh,2026-10-03T18:34:53.067704+09:00
20260902,21,芦屋,5,20260902-21-05,1,4191,赤羽克也,45,埼玉,53.0,A1,6.52,51.4,6.0,36.36,37,34.0,146,32.61,232313,11,https://www1.mbrace.or.jp/od2/B/202609/b260902.lzh,2026-10-03T18:34:53.067704+09:00
20260902,21,芦屋,5,20260902-21-05,2,4583,古田祐貴,37,香川,53.0,B1,5.4,34.82,6.61,50.0,21,37.11,139,31.25,546 55,,https://www1.mbrace.or.jp/od2/B/202609/b260902.lzh,2026-10-03T18:34:53.067704+09:00
20260902,21,芦屋,5,20260902-21-05,3,4421,森作広大,38,東京,57.0,B1,3.17,5.8,3.25,0.0,44,30.93,169,27.71,315 26,10,https://www1.mbrace.or.jp/od2/B/202609/b260902.lzh,2026-10-03T18:34:53.067704+09:00
20260902,21,芦屋,5,20260902-21-05,4,3788,一宮稔弘,54,徳島,53.0,B2,5.14,35.71,5.47,43.75,46,28.09,130,21.43,2 2514,11,https://www1.mbrace.or.jp/od2/B/202609/b260902.lzh,2026-10-03T18:34:53.067704+09:00
20260902,21,芦屋,5,20260902-21-05,5,4226,村田浩司,43,山口,52.0,B1,4.19,21.3,4.52,26.09,48,42.86,112,41.11,5 5331,9,https://www1.mbrace.or.jp/od2/B/202609/b260902.lzh,2026-10-03T18:34:53.067704+09:00
20260902,21,芦屋,5,20260902-21-05,6,4890,石川諒,37,山口,53.0,A2,6.01,39.13,5.5,34.62,6,26.09,115,28.89,3 561F,,https://www1.mbrace.or.jp/od2/B/202609/b260902.lzh,2026-10-03T18:34:53.067704+09:00
20260902,21,芦屋,6,20260902-21-06,1,4119,泥谷一毅,45,大阪,54.0,B1,5.88,35.29,6.67,33.33,57,35.23,144,52.63,212 24,10,https://www1.mbrace.or.jp/od2/B/202609/b260902.lzh,2026-10-03T18:34:53.067704+09:00
20260902,21,芦屋,6,20260902-21-06,2,3742,宮地秀祈,52,福岡,53.0,B1,5.23,34.44,4.26,17.39,9,29.79,142,27.03,3 1435,10,https://www1.mbrace.or.jp/od2/B/202609/b260902.lzh,2026-10-03T18:34:53.067704+09:00
20260902,21,芦屋,6,20260902-21-06,3,4396,大田直弥,40,山口,54.0,B1,4.92,27.27,5.0,29.79,54,29.55,111,20.22,4 5444,1,https://www1.mbrace.or.jp/od2/B/202609/b260902.lzh,2026-10-03T18:34:53.067704+09:00
20260902,21,芦屋,6,20260902-21-06,4,4273,佐藤旭,44,静岡,54.0,B1,5.07,29.52,5.61,27.78,45,29.41,166,36.84,642 53,2,https://www1.mbrace.or.jp/od2/B/202609/b260902.lzh,2026-10-03T18:34:53.067704+09:00
20260902,21,芦屋,6,20260902-21-06,5,3741,松尾基成,52,福岡,56.0,B1,3.62,17.86,4.15,17.31,19,30.0,151,29.67,1 6536,1,https://www1.mbrace.or.jp/od2/B/202609/b260902.lzh,2026-10-03T18:34:53.067704+09:00
20260902,21,芦屋,6,20260902-21-06,6,4075,中野次郎,45,東京,56.0,A1,6.61,42.98,6.84,47.37,60,40.24,114,41.49,154213,11,https://www1.mbrace.or.jp/od2/B/202609/b260902.lzh,2026-10-03T18:34:53.067704+09:00
20260902,21,芦屋,7,20260902-21-07,1,4158,木場雄二,45,山口,57.0,B1,4.25,21.0,5.19,29.73,58,22.35,136,39.8,1 3416,11,https://www1.mbrace.or.jp/od2/B/202609/b260902.lzh,2026-10-03T18:34:53.067704+09:00
20260902,21,芦屋,7,20260902-21-07,2,3647,伊藤雄二,53,埼玉,49.0,B1,3.17,9.35,4.37,21.05,2,27.27,167,32.97,4 616,1,https://www1.mbrace.or.jp/od2/B/202609/b260902.lzh,2026-10-03T18:34:53.067704+09:00
20260902,21,芦屋,7,20260902-21-07,3,5284,嘉手苅徹,27,福岡,53.0,B2,3.94,18.18,2.18,0.0,16,22.55,156,38.14,425 64,3,https://www1.mbrace.or.jp/od2/B/202609/b260902.lzh,2026-10-03T18:34:53.067704+09:00
20260902,21,芦屋,7,20260902-21-07,4,5207,高山敬悟,29,福岡,54.0,B1,5.12,34.78,3.99,16.25,25,13.89,121,30.21,536 5,2,https://www1.mbrace.or.jp/od2/B/202609/b260902.lzh,2026-10-03T18:34:53.067704+09:00
20260902,21,芦屋,7,20260902-21-07,5,5128,坪井爽佑,29,三重,52.0,B1,4.22,19.23,2.4,0.0,23,29.67,152,35.11,4 456,1,https://www1.mbrace.or.jp/od2/B/202609/b260902.lzh,2026-10-03T18:34:53.067704+09:00
20260902,21,芦屋,7,20260902-21-07,6,5458,田中大輝,20,福岡,52.0,B2,1.22,0.0,0.0,0.0,24,17.71,161,36.46,6 3665,,https://www1.mbrace.or.jp/od2/B/202609/b260902.lzh,2026-10-03T18:34:53.067704+09:00
20260902,21,芦屋,8,20260902-21-08,1,3907,村越篤,48,香川,55.0,B1,5.16,33.62,4.72,24.0,51,32.22,149,41.41,544 63,1,https://www1.mbrace.or.jp/od2/B/202609/b260902.lzh,2026-10-03T18:34:53.067704+09:00
20260902,21,芦屋,8,20260902-21-08,2,4274,長畑友輔,44,東京,52.0,B1,4.54,26.55,3.48,12.0,17,33.98,140,29.03,554 3,4,https://www1.mbrace.or.jp/od2/B/202609/b260902.lzh,2026-10-03T18:34:53.067704+09:00
20260902,21,芦屋,8,20260902-21-08,3,4644,山田亮太,47,東京,52.0,A1,6.49,46.1,4.11,22.22,35,48.39,124,31.33,46154,3,https://www1.mbrace.or.jp/od2/B/202609/b260902.lzh,2026-10-03T18:34:53.067704+09:00
20260902,21,芦屋,8,20260902-21-08,4,4229,市川美宏,43,静岡,54.0,B1,4.24,18.29,4.33,0.0,18,27.45,133,34.41,6 646,3,https://www1.mbrace.or.jp/od2/B/202609/b260902.lzh,2026-10-03T18:34:53.067704+09:00
20260902,21,芦屋,8,20260902-21-08,5,3503,堂原洋史,56,埼玉,51.0,B1,3.66,15.69,3.93,13.33,49,22.99,150,25.0,26562,4,https://www1.mbrace.or.jp/od2/B/202609/b260902.lzh,2026-10-03T18:34:53.067704+09:00
20260902,21,芦屋,8,20260902-21-08,6,4600,井内将太,41,広島,52.0,A1,6.5,46.59,5.68,36.84,39,39.56,162,32.22,56261,2,https://www1.mbrace.or.jp/od2/B/202609/b260902.lzh,2026-10-03T18:34:53.067704+09:00
20260902,21,芦屋,9,20260902-21-09,1,3265,今村暢孝,61,福岡,51.0,A2,6.3,46.59,6.02,44.19,20,23.4,155,42.0,46565,4,https://www1.mbrace.or.jp/od2/B/202609/b260902.lzh,2026-10-03T18:34:53.067704+09:00
20260902,21,芦屋,9,20260902-21-09,2,4325,新出浩司,43,大阪,53.0,B1,4.53,19.78,5.22,24.32,5,35.8,145,31.46,653 54,3,https://www1.mbrace.or.jp/od2/B/202609/b260902.lzh,2026-10-03T18:34:53.067704+09:00
20260902,21,芦屋,9,20260902-21-09,3,4431,石塚裕介,40,三重,52.0,B1,4.86,31.33,0.0,0.0,53,35.56,158,33.33,4 3623,2,https://www1.mbrace.or.jp/od2/B/202609/b260902.lzh,2026-10-03T18:34:53.067704+09:00
20260902,21,芦屋,9,20260902-21-09,4,4226,村田浩司,43,山口,52.0,B1,4.19,21.3,4.52,26.09,48,42.86,112,41.11,5 5331,5,https://www1.mbrace.or.jp/od2/B/202609/b260902.lzh,2026-10-03T18:34:53.067704+09:00
20260902,21,芦屋,9,20260902-21-09,5,4292,麻生慎介,41,広島,53.0,A1,6.45,43.8,5.81,37.04,59,25.88,160,32.18,34434,4,https://www1.mbrace.or.jp/od2/B/202609/b260902.lzh,2026-10-03T18:34:53.067704+09:00
20260902,21,芦屋,9,20260902-21-09,6,4383,竹田吉行,41,徳島,52.0,A2,5.46,35.71,5.34,31.25,31,41.58,127,38.04,3 4632,2,https://www1.mbrace.or.jp/od2/B/202609/b260902.lzh,2026-10-03T18:34:53.067704+09:00
20260902,21,芦屋,10,20260902-21-10,1,4318,桑原将光,42,東京,52.0,A2,5.05,22.34,6.11,33.33,30,37.25,159,45.16,221333,3,https://www1.mbrace.or.jp/od2/B/202609/b260902.lzh,2026-10-03T18:34:53.067704+09:00
20260902,21,芦屋,10,20260902-21-10,2,4119,泥谷一毅,45,大阪,54.0,B1,5.88,35.29,6.67,33.33,57,35.23,144,52.63,212 24,6,https://www1.mbrace.or.jp/od2/B/202609/b260902.lzh,2026-10-03T18:34:53.067704+09:00
20260902,21,芦屋,10,20260902-21-10,3,4227,安達裕樹,43,三重,52.0,A2,6.05,35.34,6.83,55.56,43,40.43,147,21.69,151245,3,https://www1.mbrace.or.jp/od2/B/202609/b260902.lzh,2026-10-03T18:34:53.067704+09:00
20260902,21,芦屋,10,20260902-21-10,4,3742,宮地秀祈,52,福岡,53.0,B1,5.23,34.44,4.26,17.39,9,29.79,142,27.03,3 1435,6,https://www1.mbrace.or.jp/od2/B/202609/b260902.lzh,2026-10-03T18:34:53.067704+09:00
20260902,21,芦屋,10,20260902-21-10,5,4421,森作広大,38,東京,57.0,B1,3.17,5.8,3.25,0.0,44,30.93,169,27.71,315 26,5,https://www1.mbrace.or.jp/od2/B/202609/b260902.lzh,2026-10-03T18:34:53.067704+09:00
20260902,21,芦屋,10,20260902-21-10,6,3477,近藤稔也,55,徳島,53.0,B1,3.7,11.96,2.89,11.11,40,28.13,117,34.65,164 42,4,https://www1.mbrace.or.jp/od2/B/202609/b260902.lzh,2026-10-03T18:34:53.067704+09:00
20260902,21,芦屋,11,20260902-21-11,1,4075,中野次郎,45,東京,56.0,A1,6.61,42.98,6.84,47.37,60,40.24,114,41.49,154213,6,https://www1.mbrace.or.jp/od2/B/202609/b260902.lzh,2026-10-03T18:34:53.067704+09:00
20260902,21,芦屋,11,20260902-21-11,2,4191,赤羽克也,45,埼玉,53.0,A1,6.52,51.4,6.0,36.36,37,34.0,146,32.61,232313,5,https://www1.mbrace.or.jp/od2/B/202609/b260902.lzh,2026-10-03T18:34:53.067704+09:00
20260902,21,芦屋,11,20260902-21-11,3,3788,一宮稔弘,54,徳島,53.0,B2,5.14,35.71,5.47,43.75,46,28.09,130,21.43,2 2514,5,https://www1.mbrace.or.jp/od2/B/202609/b260902.lzh,2026-10-03T18:34:53.067704+09:00
20260902,21,芦屋,11,20260902-21-11,4,4259,真庭明志,42,長崎,53.0,A2,5.72,34.93,5.45,42.55,26,28.72,137,32.98,2 3245,1,https://www1.mbrace.or.jp/od2/B/202609/b260902.lzh,2026-10-03T18:34:53.067704+09:00
20260902,21,芦屋,11,20260902-21-11,5,4158,木場雄二,45,山口,57.0,B1,4.25,21.0,5.19,29.73,58,22.35,136,39.8,1 3416,7,https://www1.mbrace.or.jp/od2/B/202609/b260902.lzh,2026-10-03T18:34:53.067704+09:00
20260902,21,芦屋,11,20260902-21-11,6,4358,松本庸平,42,三重,50.0,B1,4.15,25.51,3.36,14.29,55,39.76,165,35.0,253 66,2,https://www1.mbrace.or.jp/od2/B/202609/b260902.lzh,2026-10-03T18:34:53.067704+09:00
20260902,21,芦屋,12,20260902-21-12,1,4584,村岡賢人,36,岡山,52.0,A1,6.51,42.73,6.71,55.93,36,28.44,157,32.95,141121,,https://www1.mbrace.or.jp/od2/B/202609/b260902.lzh,2026-10-03T18:34:53.067704+09:00
20260902,21,芦屋,12,20260902-21-12,2,4824,松井洪弥,33,三重,53.0,A2,5.87,42.52,6.13,50.0,22,41.38,125,28.0,521111,,https://www1.mbrace.or.jp/od2/B/202609/b260902.lzh,2026-10-03T18:34:53.067704+09:00
20260902,21,芦屋,12,20260902-21-12,3,4679,植田太一,37,福岡,58.0,A2,6.18,48.59,6.3,47.62,28,34.65,143,34.38,612 21,,https://www1.mbrace.or.jp/od2/B/202609/b260902.lzh,2026-10-03T18:34:53.067704+09:00
20260902,21,芦屋,12,20260902-21-12,4,5058,前原大道,29,岡山,53.0,A1,6.58,46.58,7.74,63.16,56,46.51,135,29.67,321122,,https://www1.mbrace.or.jp/od2/B/202609/b260902.lzh,2026-10-03T18:34:53.067704+09:00
20260902,21,芦屋,12,20260902-21-12,5,4064,原田篤志,46,山口,52.0,A1,6.33,46.0,7.5,64.29,34,28.41,154,32.97,214152,,https://www1.mbrace.or.jp/od2/B/202609/b260902.lzh,2026-10-03T18:34:53.067704+09:00
20260902,21,芦屋,12,20260902-21-12,6,4776,竹田和哉,32,香川,53.0,A1,7.09,51.7,6.95,59.09,8,43.68,134,35.71,133212,,https://www1.mbrace.or.jp/od2/B/202609/b260902.lzh,2026-10-03T18:34:53.067704+09:00
20260902,20,若松,1,20260902-20-01,1,3953,志道吉和,49,福岡,52.0,B2,3.74,21.05,3.53,16.48,53,32.73,63,30.36,3 36,,https://www1.mbrace.or.jp/od2/B/202609/b260902.lzh,2026-10-03T18:34:53.067704+09:00
20260902,20,若松,1,20260902-20-01,2,3391,鈴木茂正,61,東京,52.0,B2,1.83,0.0,0.0,0.0,40,36.22,18,16.67,5 54,10,https://www1.mbrace.or.jp/od2/B/202609/b260902.lzh,2026-10-03T18:34:53.067704+09:00
20260902,20,若松,1,20260902-20-01,3,3442,宮武英司,57,香川,55.0,B1,3.97,15.91,5.74,37.04,42,42.39,36,34.55,151,9,https://www1.mbrace.or.jp/od2/B/202609/b260902.lzh,2026-10-03T18:34:53.067704+09:00
20260902,20,若松,1,20260902-20-01,4,4006,小野勇作,48,佐賀,51.0,B1,5.07,29.36,5.04,28.0,20,37.21,19,15.38,224,8,https://www1.mbrace.or.jp/od2/B/202609/b260902.lzh,2026-10-03T18:34:53.067704+09:00
20260902,20,若松,1,20260902-20-01,5,3459,中野和裕,59,佐賀,55.0,B1,3.3,12.09,4.39,26.32,22,37.06,59,22.73,5 41,7,https://www1.mbrace.or.jp/od2/B/202609/b260902.lzh,2026-10-03T18:34:53.067704+09:00
20260902,20,若松,1,20260902-20-01,6,3690,河合三弘,55,愛知,52.0,B1,4.71,28.45,4.38,29.17,24,33.13,33,25.58,2 12,,https://www1.mbrace.or.jp/od2/B/202609/b260902.lzh,2026-10-03T18:34:53.067704+09:00
20260902,20,若松,2,20260902-20-02,1,3315,広瀬聖仁,60,愛知,52.0,B1,4.44,24.44,0.0,0.0,51,45.68,65,22.45,635,6,https://www1.mbrace.or.jp/od2/B/202609/b260902.lzh,2026-10-03T18:34:53.067704+09:00
20260902,20,若松,2,20260902-20-02,2,3596,河上年昭,57,埼玉,58.0,B1,4.28,15.28,0.0,0.0,21,39.29,11,32.2,334,12,https://www1.mbrace.or.jp/od2/B/202609/b260902.lzh,2026-10-03T18:34:53.067704+09:00
20260902,20,若松,2,20260902-20-02,3,3908,重成一人,47,香川,58.0,A1,5.83,39.34,5.87,29.03,45,34.09,61,28.07,362,10,https://www1.mbrace.or.jp/od2/B/202609/b260902.lzh,2026-10-03T18:34:53.067704+09:00
20260902,20,若松,2,20260902-20-02,4,3445,加藤高史,56,埼玉,54.0,B1,4.97,26.09,7.17,61.11,30,29.52,29,21.57,1 36,11,https://www1.mbrace.or.jp/od2/B/202609/b260902.lzh,2026-10-03T18:34:53.067704+09:00
20260902,20,若松,2,20260902-20-02,5,3964,宮地博士,47,長崎,55.0,B1,3.85,14.14,4.16,18.18,3,33.92,27,41.38,456,9,https://www1.mbrace.or.jp/od2/B/202609/b260902.lzh,2026-10-03T18:34:53.067704+09:00
20260902,20,若松,2,20260902-20-02,6,3747,國崎良春,51,福岡,53.0,A2,5.72,38.24,5.28,37.5,6,36.31,30,44.0,5246,,https://www1.mbrace.or.jp/od2/B/202609/b260902.lzh,2026-10-03T18:34:53.067704+09:00
20260902,20,若松,3,20260902-20-03,1,3527,中嶋誠一,55,長崎,51.0,B1,5.26,33.03,4.04,22.22,5,42.11,32,35.09,244,7,https://www1.mbrace.or.jp/od2/B/202609/b260902.lzh,2026-10-03T18:34:53.067704+09:00
20260902,20,若松,3,20260902-20-03,2,3878,胡本悟志,49,山口,51.0,B1,4.36,19.78,3.85,12.12,41,35.2,72,45.1,355,9,https://www1.mbrace.or.jp/od2/B/202609/b260902.lzh,2026-10-03T18:34:53.067704+09:00
20260902,20,若松,3,20260902-20-03,3,3508,久富政弘,55,佐賀,56.0,A2,5.32,33.01,5.2,29.27,50,33.93,74,31.03,4 35,8,https://www1.mbrace.or.jp/od2/B/202609/b260902.lzh,2026-10-03T18:34:53.067704+09:00
20260902,20,若松,3,20260902-20-03,4,3226,浦田信義,61,東京,51.0,B1,4.29,18.89,4.3,30.23,23,40.12,38,29.82,2 55,,https://www1.mbrace.or.jp/od2/B/202609/b260902.lzh,2026-10-03T18:34:53.067704+09:00
20260902,20,若松,3,20260902-20-03,5,3918,深井利寿,52,滋賀,51.0,A1,6.65,44.62,7.71,52.94,17,29.7,73,19.57,1 31,11,https://www1.mbrace.or.jp/od2/B/202609/b260902.lzh,2026-10-03T18:34:53.067704+09:00
20260902,20,若松,3,20260902-20-03,6,3514,山一鉄也,59,福岡,52.0,A2,5.66,38.81,6.39,49.28,60,30.72,55,29.41,1 43,10,https://www1.mbrace.or.jp/od2/B/202609/b260902.lzh,2026-10-03T18:34:53.067704+09:00
20260902,20,若松,4,20260902-20-04,1,3105,内山文典,63,東京,54.0,B1,5.14,34.44,4.54,25.0,15,33.93,71,50.0,456,,https://www1.mbrace.or.jp/od2/B/202609/b260902.lzh,2026-10-03T18:34:53.067704+09:00
20260902,20,若松,4,20260902-20-04,2,4105,松下直也,46,兵庫,52.0,B1,5.42,32.73,3.81,18.75,47,37.04,28,20.0,4 65,11,https://www1.mbrace.or.jp/od2/B/202609/b260902.lzh,2026-10-03T18:34:53.067704+09:00
20260902,20,若松,4,20260902-20-04,3,4154,森安弘雅,46,香川,52.0,B1,5.11,34.86,5.61,38.89,49,53.75,51,33.96,122,8,https://www1.mbrace.or.jp/od2/B/202609/b260902.lzh,2026-10-03T18:34:53.067704+09:00
20260902,20,若松,4,20260902-20-04,4,3564,桑原啓,56,福岡,53.0,B1,4.15,25.86,4.66,27.94,48,34.76,34,45.24,1 23,,https://www1.mbrace.or.jp/od2/B/202609/b260902.lzh,2026-10-03T18:34:53.067704+09:00
20260902,20,若松,4,20260902-20-04,5,4053,芦澤望,48,東京,57.0,A2,5.36,34.95,5.4,30.0,18,32.32,45,35.56,633,10,https://www1.mbrace.or.jp/od2/B/202609/b260902.lzh,2026-10-03T18:34:53.067704+09:00
20260902,20,若松,4,20260902-20-04,6,3422,服部幸男,55,静岡,55.0,A2,6.0,41.22,5.86,50.0,39,37.29,25,40.35,215,12,https://www1.mbrace.or.jp/od2/B/202609/b260902.lzh,2026-10-03T18:34:53.067704+09:00
20260902,20,若松,5,20260902-20-05,1,3612,馬袋義則,53,兵庫,54.0,A1,6.74,54.48,4.17,16.67,19,39.52,17,38.6,1226,,https://www1.mbrace.or.jp/od2/B/202609/b260902.lzh,2026-10-03T18:34:53.067704+09:00
20260902,20,若松,5,20260902-20-05,2,3940,飯山泰,48,東京,53.0,A1,6.43,48.94,6.57,54.76,2,31.35,75,32.08,6164,11,https://www1.mbrace.or.jp/od2/B/202609/b260902.lzh,2026-10-03T18:34:53.067704+09:00
20260902,20,若松,5,20260902-20-05,3,4007,榮田将彦,47,山口,50.0,B1,4.62,27.19,4.71,29.41,13,32.54,40,22.0,6 25,10,https://www1.mbrace.or.jp/od2/B/202609/b260902.lzh,2026-10-03T18:34:53.067704+09:00
20260902,20,若松,5,20260902-20-05,4,3629,浅見昌克,56,埼玉,53.0,A2,5.48,32.79,6.86,52.38,16,29.01,48,44.23,5362,,https://www1.mbrace.or.jp/od2/B/202609/b260902.lzh,2026-10-03T18:34:53.067704+09:00
20260902,20,若松,5,20260902-20-05,5,3710,吉永泰弘,52,香川,55.0,B1,4.66,24.53,4.6,22.22,35,39.04,50,31.25,444,12,https://www1.mbrace.or.jp/od2/B/202609/b260902.lzh,2026-10-03T18:34:53.067704+09:00
20260902,20,若松,5,20260902-20-05,6,3569,増田進,55,東京,53.0,B1,3.93,16.67,6.0,33.33,8,30.68,56,25.45,3 36,,https://www1.mbrace.or.jp/od2/B/202609/b260902.lzh,2026-10-03T18:34:53.067704+09:00
20260902,20,若松,6,20260902-20-06,1,3535,渡修平,54,兵庫,52.0,B1,4.28,25.0,4.73,26.92,4,36.21,22,25.0,5 64,,https://www1.mbrace.or.jp/od2/B/202609/b260902.lzh,2026-10-03T18:34:53.067704+09:00
20260902,20,若松,6,20260902-20-06,2,3715,倉尾大介,51,福岡,53.0,A2,5.62,35.87,6.03,44.44,58,32.93,31,31.11,241,12,https://www1.mbrace.or.jp/od2/B/202609/b260902.lzh,2026-10-03T18:34:53.067704+09:00
20260902,20,若松,6,20260902-20-06,3,3568,木村光宏,55,香川,56.0,B1,4.11,21.9,5.42,31.58,57,30.67,62,42.59,432,10,https://www1.mbrace.or.jp/od2/B/202609/b260902.lzh,2026-10-03T18:34:53.067704+09:00
20260902,20,若松,6,20260902-20-06,4,3315,広瀬聖仁,60,愛知,52.0,B1,4.44,24.44,0.0,0.0,51,45.68,65,22.45,635,2,https://www1.mbrace.or.jp/od2/B/202609/b260902.lzh,2026-10-03T18:34:53.067704+09:00
20260902,20,若松,6,20260902-20-06,5,3257,田頭実,59,福岡,51.0,A1,6.76,56.64,5.5,43.33,34,36.41,70,42.37,211,11,https://www1.mbrace.or.jp/od2/B/202609/b260902.lzh,2026-10-03T18:34:53.067704+09:00
20260902,20,若松,6,20260902-20-06,6,3489,大場敏,59,静岡,52.0,A2,5.97,42.47,5.86,44.9,44,32.96,66,20.0,1652,,https://www1.mbrace.or.jp/od2/B/202609/b260902.lzh,2026-10-03T18:34:53.067704+09:00
20260902,20,若松,7,20260902-20-07,1,3251,平石和男,60,埼玉,50.0,A2,5.89,39.86,5.33,21.43,9,32.2,20,30.0,3 13,11,https://www1.mbrace.or.jp/od2/B/202609/b260902.lzh,2026-10-03T18:34:53.067704+09:00
20260902,20,若松,7,20260902-20-07,2,3459,中野和裕,59,佐賀,55.0,B1,3.3,12.09,4.39,26.32,22,37.06,59,22.73,5 41,1,https://www1.mbrace.or.jp/od2/B/202609/b260902.lzh,2026-10-03T18:34:53.067704+09:00
20260902,20,若松,7,20260902-20-07,3,3527,中嶋誠一,55,長崎,51.0,B1,5.26,33.03,4.04,22.22,5,42.11,32,35.09,244,3,https://www1.mbrace.or.jp/od2/B/202609/b260902.lzh,2026-10-03T18:34:53.067704+09:00
20260902,20,若松,7,20260902-20-07,4,3726,桂林寛,55,福岡,54.0,B1,4.64,26.56,4.92,31.15,27,26.54,58,22.22,6 11,,https://www1.mbrace.or.jp/od2/B/202609/b260902.lzh,2026-10-03T18:34:53.067704+09:00
20260902,20,若松,7,20260902-20-07,5,4136,江夏満,46,福岡,54.0,A1,6.1,41.67,6.95,57.5,52,34.91,54,36.54,134,12,https://www1.mbrace.or.jp/od2/B/202609/b260902.lzh,2026-10-03T18:34:53.067704+09:00
20260902,20,若松,7,20260902-20-07,6,3544,豊田訓靖,57,静岡,52.0,B1,4.12,17.0,3.5,12.5,33,30.77,52,24.56,655,,https://www1.mbrace.or.jp/od2/B/202609/b260902.lzh,2026-10-03T18:34:53.067704+09:00
20260902,20,若松,8,20260902-20-08,1,3508,久富政弘,55,佐賀,56.0,A2,5.32,33.01,5.2,29.27,50,33.93,74,31.03,4 35,3,https://www1.mbrace.or.jp/od2/B/202609/b260902.lzh,2026-10-03T18:34:53.067704+09:00
20260902,20,若松,8,20260902-20-08,2,3412,鈴木博,56,埼玉,54.0,A1,6.5,50.77,5.87,43.33,61,34.29,46,28.0,6 21,12,https://www1.mbrace.or.jp/od2/B/202609/b260902.lzh,2026-10-03T18:34:53.067704+09:00
20260902,20,若松,8,20260902-20-08,3,4102,益田啓司,47,福岡,52.0,A1,6.49,51.02,7.07,60.66,46,36.46,23,40.38,5511,,https://www1.mbrace.or.jp/od2/B/202609/b260902.lzh,2026-10-03T18:34:53.067704+09:00
20260902,20,若松,8,20260902-20-08,4,4154,森安弘雅,46,香川,52.0,B1,5.11,34.86,5.61,38.89,49,53.75,51,33.96,122,4,https://www1.mbrace.or.jp/od2/B/202609/b260902.lzh,2026-10-03T18:34:53.067704+09:00
20260902,20,若松,8,20260902-20-08,5,3294,野中義生,61,静岡,53.0,B1,4.36,17.86,4.29,23.53,59,30.82,16,37.74,2 26,,https://www1.mbrace.or.jp/od2/B/202609/b260902.lzh,2026-10-03T18:34:53.067704+09:00
20260902,20,若松,8,20260902-20-08,6,4006,小野勇作,48,佐賀,51.0,B1,5.07,29.36,5.04,28.0,20,37.21,19,15.38,224,1,https://www1.mbrace.or.jp/od2/B/202609/b260902.lzh,2026-10-03T18:34:53.067704+09:00
20260902,20,若松,9,20260902-20-09,1,3964,宮地博士,47,長崎,55.0,B1,3.85,14.14,4.16,18.18,3,33.92,27,41.38,456,2,https://www1.mbrace.or.jp/od2/B/202609/b260902.lzh,2026-10-03T18:34:53.067704+09:00
20260902,20,若松,9,20260902-20-09,2,3505,山田竜一,55,東京,52.0,A2,5.24,33.03,5.42,30.56,14,35.39,26,50.0,6424,,https://www1.mbrace.or.jp/od2/B/202609/b260902.lzh,2026-10-03T18:34:53.067704+09:00
20260902,20,若松,9,20260902-20-09,3,3878,胡本悟志,49,山口,51.0,B1,4.36,19.78,3.85,12.12,41,35.2,72,45.1,355,3,https://www1.mbrace.or.jp/od2/B/202609/b260902.lzh,2026-10-03T18:34:53.067704+09:00
20260902,20,若松,9,20260902-20-09,4,3554,仲口博崇,54,愛知,53.0,A1,6.54,53.02,5.93,40.0,32,35.96,53,41.38,6433,,https://www1.mbrace.or.jp/od2/B/202609/b260902.lzh,2026-10-03T18:34:53.067704+09:00
20260902,20,若松,9,20260902-20-09,5,3769,佐竹恒彦,52,滋賀,53.0,A2,5.58,35.16,5.19,28.13,12,33.71,14,18.18,3653,,https://www1.mbrace.or.jp/od2/B/202609/b260902.lzh,2026-10-03T18:34:53.067704+09:00
20260902,20,若松,9,20260902-20-09,6,3442,宮武英司,57,香川,55.0,B1,3.97,15.91,5.74,37.04,42,42.39,36,34.55,151,1,https://www1.mbrace.or.jp/od2/B/202609/b260902.lzh,2026-10-03T18:34:53.067704+09:00
20260902,20,若松,10,20260902-20-10,1,3908,重成一人,47,香川,58.0,A1,5.83,39.34,5.87,29.03,45,34.09,61,28.07,362,2,https://www1.mbrace.or.jp/od2/B/202609/b260902.lzh,2026-10-03T18:34:53.067704+09:00
20260902,20,若松,10,20260902-20-10,2,4053,芦澤望,48,東京,57.0,A2,5.36,34.95,5.4,30.0,18,32.32,45,35.56,633,4,https://www1.mbrace.or.jp/od2/B/202609/b260902.lzh,2026-10-03T18:34:53.067704+09:00
20260902,20,若松,10,20260902-20-10,3,3391,鈴木茂正,61,東京,52.0,B2,1.83,0.0,0.0,0.0,40,36.22,18,16.67,5 54,1,https://www1.mbrace.or.jp/od2/B/202609/b260902.lzh,2026-10-03T18:34:53.067704+09:00
20260902,20,若松,10,20260902-20-10,4,3514,山一鉄也,59,福岡,52.0,A2,5.66,38.81,6.39,49.28,60,30.72,55,29.41,1 43,3,https://www1.mbrace.or.jp/od2/B/202609/b260902.lzh,2026-10-03T18:34:53.067704+09:00
20260902,20,若松,10,20260902-20-10,5,3568,木村光宏,55,香川,56.0,B1,4.11,21.9,5.42,31.58,57,30.67,62,42.59,432,6,https://www1.mbrace.or.jp/od2/B/202609/b260902.lzh,2026-10-03T18:34:53.067704+09:00
20260902,20,若松,10,20260902-20-10,6,4007,榮田将彦,47,山口,50.0,B1,4.62,27.19,4.71,29.41,13,32.54,40,22.0,6 25,5,https://www1.mbrace.or.jp/od2/B/202609/b260902.lzh,2026-10-03T18:34:53.067704+09:00
20260902,20,若松,11,20260902-20-11,1,3257,田頭実,59,福岡,51.0,A1,6.76,56.64,5.5,43.33,34,36.41,70,42.37,211,6,https://www1.mbrace.or.jp/od2/B/202609/b260902.lzh,2026-10-03T18:34:53.067704+09:00
20260902,20,若松,11,20260902-20-11,2,3445,加藤高史,56,埼玉,54.0,B1,4.97,26.09,7.17,61.11,30,29.52,29,21.57,1 36,2,https://www1.mbrace.or.jp/od2/B/202609/b260902.lzh,2026-10-03T18:34:53.067704+09:00
20260902,20,若松,11,20260902-20-11,3,3251,平石和男,60,埼玉,50.0,A2,5.89,39.86,5.33,21.43,9,32.2,20,30.0,3 13,7,https://www1.mbrace.or.jp/od2/B/202609/b260902.lzh,2026-10-03T18:34:53.067704+09:00
20260902,20,若松,11,20260902-20-11,4,3918,深井利寿,52,滋賀,51.0,A1,6.65,44.62,7.71,52.94,17,29.7,73,19.57,1 31,3,https://www1.mbrace.or.jp/od2/B/202609/b260902.lzh,2026-10-03T18:34:53.067704+09:00
20260902,20,若松,11,20260902-20-11,5,4105,松下直也,46,兵庫,52.0,B1,5.42,32.73,3.81,18.75,47,37.04,28,20.0,4 65,4,https://www1.mbrace.or.jp/od2/B/202609/b260902.lzh,2026-10-03T18:34:53.067704+09:00
20260902,20,若松,11,20260902-20-11,6,3940,飯山泰,48,東京,53.0,A1,6.43,48.94,6.57,54.76,2,31.35,75,32.08,6164,5,https://www1.mbrace.or.jp/od2/B/202609/b260902.lzh,2026-10-03T18:34:53.067704+09:00
20260902,20,若松,12,20260902-20-12,1,4136,江夏満,46,福岡,54.0,A1,6.1,41.67,6.95,57.5,52,34.91,54,36.54,134,7,https://www1.mbrace.or.jp/od2/B/202609/b260902.lzh,2026-10-03T18:34:53.067704+09:00
20260902,20,若松,12,20260902-20-12,2,3710,吉永泰弘,52,香川,55.0,B1,4.66,24.53,4.6,22.22,35,39.04,50,31.25,444,5,https://www1.mbrace.or.jp/od2/B/202609/b260902.lzh,2026-10-03T18:34:53.067704+09:00
20260902,20,若松,12,20260902-20-12,3,3412,鈴木博,56,埼玉,54.0,A1,6.5,50.77,5.87,43.33,61,34.29,46,28.0,6 21,8,https://www1.mbrace.or.jp/od2/B/202609/b260902.lzh,2026-10-03T18:34:53.067704+09:00
20260902,20,若松,12,20260902-20-12,4,3422,服部幸男,55,静岡,55.0,A2,6.0,41.22,5.86,50.0,39,37.29,25,40.35,215,4,https://www1.mbrace.or.jp/od2/B/202609/b260902.lzh,2026-10-03T18:34:53.067704+09:00
20260902,20,若松,12,20260902-20-12,5,3715,倉尾大介,51,福岡,53.0,A2,5.62,35.87,6.03,44.44,58,32.93,31,31.11,241,6,https://www1.mbrace.or.jp/od2/B/202609/b260902.lzh,2026-10-03T18:34:53.067704+09:00
20260902,20,若松,12,20260902-20-12,6,3596,河上年昭,57,埼玉,58.0,B1,4.28,15.28,0.0,0.0,21,39.29,11,32.2,334,2,https://www1.mbrace.or.jp/od2/B/202609/b260902.lzh,2026-10-03T18:34:53.067704+09:00
20260902,19,下関,1,20260902-19-01,1,5356,長谷川暖,21,岡山,51.0,B1,4.58,26.56,0.0,0.0,30,38.96,34,34.18,2 142545,11,https://www1.mbrace.or.jp/od2/B/202609/b260902.lzh,2026-10-03T18:34:53.067704+09:00
20260902,19,下関,1,20260902-19-01,2,4588,田中京介,35,福岡,56.0,A2,5.45,39.67,3.9,20.0,47,37.18,69,46.05,342 351,9,https://www1.mbrace.or.jp/od2/B/202609/b260902.lzh,2026-10-03T18:34:53.067704+09:00
20260902,19,下関,1,20260902-19-01,3,4017,向井美鈴,46,山口,45.0,B1,5.59,36.36,5.57,35.29,51,26.58,60,39.73,61534 5,7,https://www1.mbrace.or.jp/od2/B/202609/b260902.lzh,2026-10-03T18:34:53.067704+09:00
20260902,19,下関,1,20260902-19-01,4,4417,服部剛,39,静岡,52.0,B1,5.27,32.91,5.6,30.0,68,28.75,40,33.75,2 422624,,https://www1.mbrace.or.jp/od2/B/202609/b260902.lzh,2026-10-03T18:34:53.067704+09:00
20260902,19,下関,1,20260902-19-01,5,5328,井上慧人,22,福岡,53.0,B1,4.15,19.0,3.13,12.5,22,23.46,17,36.14,,6,https://www1.mbrace.or.jp/od2/B/202609/b260902.lzh,2026-10-03T18:34:53.067704+09:00
20260902,19,下関,1,20260902-19-01,6,5397,寺田夢生,24,山口,46.0,B2,1.53,0.0,1.36,0.0,11,42.47,32,30.67,665 5 66,,https://www1.mbrace.or.jp/od2/B/202609/b260902.lzh,2026-10-03T18:34:53.067704+09:00
20260902,19,下関,2,20260902-19-02,1,5341,山道諄也,25,群馬,54.0,B1,3.12,12.33,0.0,0.0,18,54.43,49,41.25,252 4 55,,https://www1.mbrace.or.jp/od2/B/202609/b260902.lzh,2026-10-03T18:34:53.067704+09:00
20260902,19,下関,2,20260902-19-02,2,5219,森口和紀,25,福岡,52.0,B1,5.26,38.46,3.8,20.0,34,25.88,22,34.15,,12,https://www1.mbrace.or.jp/od2/B/202609/b260902.lzh,2026-10-03T18:34:53.067704+09:00
20260902,19,下関,2,20260902-19-02,3,3558,山本浩次,53,岡山,53.0,B1,4.52,21.3,6.0,38.78,62,43.04,21,40.79,4 23154,8,https://www1.mbrace.or.jp/od2/B/202609/b260902.lzh,2026-10-03T18:34:53.067704+09:00
20260902,19,下関,2,20260902-19-02,4,4562,阪本勇介,38,岡山,55.0,B1,4.89,28.21,4.17,30.43,70,29.87,72,26.58,335 5653,,https://www1.mbrace.or.jp/od2/B/202609/b260902.lzh,2026-10-03T18:34:53.067704+09:00
20260902,19,下関,2,20260902-19-02,5,4108,吉村正明,46,山口,51.0,A1,5.9,43.56,5.95,43.64,16,29.33,64,36.84,143 2213,9,https://www1.mbrace.or.jp/od2/B/202609/b260902.lzh,2026-10-03T18:34:53.067704+09:00
20260902,19,下関,2,20260902-19-02,6,5459,田中きら,20,山口,43.0,B2,1.06,0.0,0.0,0.0,35,30.67,12,26.58,6 666 66,,https://www1.mbrace.or.jp/od2/B/202609/b260902.lzh,2026-10-03T18:34:53.067704+09:00
20260902,19,下関,3,20260902-19-03,1,5311,小林京平,28,山口,52.0,B1,5.09,31.87,3.69,19.78,53,28.21,71,36.25,33115 35,9,https://www1.mbrace.or.jp/od2/B/202609/b260902.lzh,2026-10-03T18:34:53.067704+09:00
20260902,19,下関,3,20260902-19-03,2,5148,松本怜,32,福岡,45.0,B1,5.21,29.21,4.71,25.0,36,31.51,18,20.0,2 64134,8,https://www1.mbrace.or.jp/od2/B/202609/b260902.lzh,2026-10-03T18:34:53.067704+09:00
20260902,19,下関,3,20260902-19-03,3,4163,山崎裕司,44,広島,51.0,A2,5.52,38.1,6.23,47.54,13,28.13,55,38.96,1 42333,9,https://www1.mbrace.or.jp/od2/B/202609/b260902.lzh,2026-10-03T18:34:53.067704+09:00
20260902,19,下関,3,20260902-19-03,4,5173,谷口佳蓮,24,香川,46.0,B1,5.11,35.05,4.78,28.26,61,29.33,50,37.5,4 35642,,https://www1.mbrace.or.jp/od2/B/202609/b260902.lzh,2026-10-03T18:34:53.067704+09:00
20260902,19,下関,3,20260902-19-03,5,4398,船岡洋一,39,広島,52.0,A1,6.59,50.41,6.4,42.5,63,38.46,27,31.17,31431 21,11,https://www1.mbrace.or.jp/od2/B/202609/b260902.lzh,2026-10-03T18:34:53.067704+09:00
20260902,19,下関,3,20260902-19-03,6,3721,守田俊介,51,滋賀,53.0,A1,6.79,46.67,8.1,75.86,69,39.47,26,22.08,121 2142,10,https://www1.mbrace.or.jp/od2/B/202609/b260902.lzh,2026-10-03T18:34:53.067704+09:00
20260902,19,下関,4,20260902-19-04,1,4850,野中一平,31,愛知,53.0,A2,6.28,43.85,6.89,50.0,28,28.38,23,40.54,1 116624,10,https://www1.mbrace.or.jp/od2/B/202609/b260902.lzh,2026-10-03T18:34:53.067704+09:00
20260902,19,下関,4,20260902-19-04,2,4381,田路朋史,41,兵庫,52.0,A2,5.35,35.79,5.2,35.0,50,33.33,15,27.63,5 12145,10,https://www1.mbrace.or.jp/od2/B/202609/b260902.lzh,2026-10-03T18:34:53.067704+09:00
20260902,19,下関,4,20260902-19-04,3,3719,辻栄蔵,51,広島,52.0,A1,6.84,44.26,6.54,48.78,65,32.47,68,36.49,23414 13,9,https://www1.mbrace.or.jp/od2/B/202609/b260902.lzh,2026-10-03T18:34:53.067704+09:00
20260902,19,下関,4,20260902-19-04,4,4422,永井亮次,38,大阪,51.0,B1,4.66,26.14,5.56,43.75,33,33.75,51,49.37,461 366,,https://www1.mbrace.or.jp/od2/B/202609/b260902.lzh,2026-10-03T18:34:53.067704+09:00
20260902,19,下関,4,20260902-19-04,5,4836,大谷健太,37,埼玉,52.0,B1,5.16,30.93,4.73,23.33,40,44.16,43,41.77,56243 14,,https://www1.mbrace.or.jp/od2/B/202609/b260902.lzh,2026-10-03T18:34:53.067704+09:00
20260902,19,下関,4,20260902-19-04,6,4524,深谷知博,38,静岡,52.0,A1,6.73,36.36,6.29,23.53,43,35.53,42,32.47,315 2112,9,https://www1.mbrace.or.jp/od2/B/202609/b260902.lzh,2026-10-03T18:34:53.067704+09:00
20260902,19,下関,5,20260902-19-05,1,4710,福田宗平,36,大阪,52.0,A2,5.69,36.29,6.42,36.36,66,22.86,58,48.1,2 362535,10,https://www1.mbrace.or.jp/od2/B/202609/b260902.lzh,2026-10-03T18:34:53.067704+09:00
20260902,19,下関,5,20260902-19-05,2,4139,丹下健,45,愛知,55.0,B1,4.27,25.53,4.33,16.67,57,44.74,29,22.22,1 32655,,https://www1.mbrace.or.jp/od2/B/202609/b260902.lzh,2026-10-03T18:34:53.067704+09:00
20260902,19,下関,5,20260902-19-05,3,3712,淺香文武,52,三重,56.0,B1,4.65,32.98,4.6,30.0,14,34.62,61,27.85,342 1225,10,https://www1.mbrace.or.jp/od2/B/202609/b260902.lzh,2026-10-03T18:34:53.067704+09:00
20260902,19,下関,5,20260902-19-05,4,4012,中村有裕,46,滋賀,57.0,A2,6.13,46.39,6.5,40.0,46,44.58,33,32.0,431 1236,11,https://www1.mbrace.or.jp/od2/B/202609/b260902.lzh,2026-10-03T18:34:53.067704+09:00
20260902,19,下関,5,20260902-19-05,5,3967,鈴木茂高,46,愛知,58.0,B1,4.68,29.27,0.0,0.0,72,27.5,38,32.89,256 5246,,https://www1.mbrace.or.jp/od2/B/202609/b260902.lzh,2026-10-03T18:34:53.067704+09:00
20260902,19,下関,5,20260902-19-05,6,5391,出穂和鼓,18,山口,52.0,B2,1.7,3.7,1.79,2.67,37,29.76,41,43.24,666 666,,https://www1.mbrace.or.jp/od2/B/202609/b260902.lzh,2026-10-03T18:34:53.067704+09:00
20260902,19,下関,6,20260902-19-06,1,4363,大野芳顕,41,福岡,52.0,A2,5.22,31.75,5.68,29.03,39,40.74,11,35.53,4 453134,,https://www1.mbrace.or.jp/od2/B/202609/b260902.lzh,2026-10-03T18:34:53.067704+09:00
20260902,19,下関,6,20260902-19-06,2,5328,井上慧人,22,福岡,53.0,B1,4.15,19.0,3.13,12.5,22,23.46,17,36.14,,1,https://www1.mbrace.or.jp/od2/B/202609/b260902.lzh,2026-10-03T18:34:53.067704+09:00
20260902,19,下関,6,20260902-19-06,3,4539,金子賢志,35,群馬,53.0,A1,6.52,45.24,5.94,43.14,71,41.1,46,27.63,44331 26,11,https://www1.mbrace.or.jp/od2/B/202609/b260902.lzh,2026-10-03T18:34:53.067704+09:00
20260902,19,下関,6,20260902-19-06,4,5241,門田栞,26,香川,48.0,B1,5.18,32.38,3.89,17.86,45,26.39,14,31.65,5 33332,12,https://www1.mbrace.or.jp/od2/B/202609/b260902.lzh,2026-10-03T18:34:53.067704+09:00
20260902,19,下関,6,20260902-19-06,5,4762,藤原啓史,36,岡山,50.0,A1,7.36,53.91,6.18,44.12,25,27.16,25,43.75,15422 13,10,https://www1.mbrace.or.jp/od2/B/202609/b260902.lzh,2026-10-03T18:34:53.067704+09:00
20260902,19,下関,6,20260902-19-06,6,4295,小坂尚哉,39,兵庫,53.0,A1,7.31,57.14,6.7,63.33,12,43.04,45,37.66,22211 11,11,https://www1.mbrace.or.jp/od2/B/202609/b260902.lzh,2026-10-03T18:34:53.067704+09:00
20260902,19,下関,7,20260902-19-07,1,4798,浜先真範,33,広島,52.0,A1,6.52,44.53,6.66,48.57,44,22.08,19,28.75,5 134312,,https://www1.mbrace.or.jp/od2/B/202609/b260902.lzh,2026-10-03T18:34:53.067704+09:00
20260902,19,下関,7,20260902-19-07,2,4496,内堀学,39,東京,54.0,A1,6.6,51.49,4.77,36.36,17,53.85,73,32.88,2 452421,11,https://www1.mbrace.or.jp/od2/B/202609/b260902.lzh,2026-10-03T18:34:53.067704+09:00
20260902,19,下関,7,20260902-19-07,3,3613,角谷健吾,53,東京,52.0,A2,6.14,47.37,5.52,41.94,19,28.4,62,26.58,525 542,12,https://www1.mbrace.or.jp/od2/B/202609/b260902.lzh,2026-10-03T18:34:53.067704+09:00
20260902,19,下関,7,20260902-19-07,4,5083,柳瀬幹太,27,山口,54.0,B1,4.42,26.19,5.28,35.63,64,22.37,39,27.85,1 264444,,https://www1.mbrace.or.jp/od2/B/202609/b260902.lzh,2026-10-03T18:34:53.067704+09:00
20260902,19,下関,7,20260902-19-07,5,4017,向井美鈴,46,山口,45.0,B1,5.59,36.36,5.57,35.29,51,26.58,60,39.73,61534 5,1,https://www1.mbrace.or.jp/od2/B/202609/b260902.lzh,2026-10-03T18:34:53.067704+09:00
20260902,19,下関,7,20260902-19-07,6,5035,櫻井優,28,埼玉,53.0,A2,5.41,33.9,4.4,20.0,42,35.0,36,31.65,465 3 31,12,https://www1.mbrace.or.jp/od2/B/202609/b260902.lzh,2026-10-03T18:34:53.067704+09:00
20260902,19,下関,8,20260902-19-08,1,4111,奥田誠,46,広島,55.0,A2,5.66,40.71,4.04,12.5,15,30.26,56,50.68,1 441 64,12,https://www1.mbrace.or.jp/od2/B/202609/b260902.lzh,2026-10-03T18:34:53.067704+09:00
20260902,19,下関,8,20260902-19-08,2,5296,永田楽,24,愛知,46.0,B1,3.97,21.62,5.32,36.0,21,42.86,67,42.67,636 465,,https://www1.mbrace.or.jp/od2/B/202609/b260902.lzh,2026-10-03T18:34:53.067704+09:00
20260902,19,下関,8,20260902-19-08,3,4156,浜野孝志,45,三重,57.0,A2,5.38,30.0,0.0,0.0,27,41.56,63,35.9,415 456,12,https://www1.mbrace.or.jp/od2/B/202609/b260902.lzh,2026-10-03T18:34:53.067704+09:00
20260902,19,下関,8,20260902-19-08,4,3951,石川吉鎬,50,大阪,56.0,B1,5.1,26.36,5.65,26.92,41,25.0,31,40.79,6 563 33,,https://www1.mbrace.or.jp/od2/B/202609/b260902.lzh,2026-10-03T18:34:53.067704+09:00
20260902,19,下関,8,20260902-19-08,5,5148,松本怜,32,福岡,45.0,B1,5.21,29.21,4.71,25.0,36,31.51,18,20.0,2 64134,3,https://www1.mbrace.or.jp/od2/B/202609/b260902.lzh,2026-10-03T18:34:53.067704+09:00
20260902,19,下関,8,20260902-19-08,6,3558,山本浩次,53,岡山,53.0,B1,4.52,21.3,6.0,38.78,62,43.04,21,40.79,4 23154,2,https://www1.mbrace.or.jp/od2/B/202609/b260902.lzh,2026-10-03T18:34:53.067704+09:00
20260902,19,下関,9,20260902-19-09,1,4524,深谷知博,38,静岡,52.0,A1,6.73,36.36,6.29,23.53,43,35.53,42,32.47,315 2112,4,https://www1.mbrace.or.jp/od2/B/202609/b260902.lzh,2026-10-03T18:34:53.067704+09:00
20260902,19,下関,9,20260902-19-09,2,4108,吉村正明,46,山口,51.0,A1,5.9,43.56,5.95,43.64,16,29.33,64,36.84,143 2213,2,https://www1.mbrace.or.jp/od2/B/202609/b260902.lzh,2026-10-03T18:34:53.067704+09:00
20260902,19,下関,9,20260902-19-09,3,5311,小林京平,28,山口,52.0,B1,5.09,31.87,3.69,19.78,53,28.21,71,36.25,33115 35,3,https://www1.mbrace.or.jp/od2/B/202609/b260902.lzh,2026-10-03T18:34:53.067704+09:00
20260902,19,下関,9,20260902-19-09,4,4163,山崎裕司,44,広島,51.0,A2,5.52,38.1,6.23,47.54,13,28.13,55,38.96,1 42333,3,https://www1.mbrace.or.jp/od2/B/202609/b260902.lzh,2026-10-03T18:34:53.067704+09:00
20260902,19,下関,9,20260902-19-09,5,4588,田中京介,35,福岡,56.0,A2,5.45,39.67,3.9,20.0,47,37.18,69,46.05,342 351,1,https://www1.mbrace.or.jp/od2/B/202609/b260902.lzh,2026-10-03T18:34:53.067704+09:00
20260902,19,下関,9,20260902-19-09,6,3719,辻栄蔵,51,広島,52.0,A1,6.84,44.26,6.54,48.78,65,32.47,68,36.49,23414 13,4,https://www1.mbrace.or.jp/od2/B/202609/b260902.lzh,2026-10-03T18:34:53.067704+09:00
20260902,19,下関,10,20260902-19-10,1,3721,守田俊介,51,滋賀,53.0,A1,6.79,46.67,8.1,75.86,69,39.47,26,22.08,121 2142,3,https://www1.mbrace.or.jp/od2/B/202609/b260902.lzh,2026-10-03T18:34:53.067704+09:00
20260902,19,下関,10,20260902-19-10,2,4762,藤原啓史,36,岡山,50.0,A1,7.36,53.91,6.18,44.12,25,27.16,25,43.75,15422 13,6,https://www1.mbrace.or.jp/od2/B/202609/b260902.lzh,2026-10-03T18:34:53.067704+09:00
20260902,19,下関,10,20260902-19-10,3,4850,野中一平,31,愛知,53.0,A2,6.28,43.85,6.89,50.0,28,28.38,23,40.54,1 116624,4,https://www1.mbrace.or.jp/od2/B/202609/b260902.lzh,2026-10-03T18:34:53.067704+09:00
20260902,19,下関,10,20260902-19-10,4,3712,淺香文武,52,三重,56.0,B1,4.65,32.98,4.6,30.0,14,34.62,61,27.85,342 1225,5,https://www1.mbrace.or.jp/od2/B/202609/b260902.lzh,2026-10-03T18:34:53.067704+09:00
20260902,19,下関,10,20260902-19-10,5,4381,田路朋史,41,兵庫,52.0,A2,5.35,35.79,5.2,35.0,50,33.33,15,27.63,5 12145,4,https://www1.mbrace.or.jp/od2/B/202609/b260902.lzh,2026-10-03T18:34:53.067704+09:00
20260902,19,下関,10,20260902-19-10,6,4710,福田宗平,36,大阪,52.0,A2,5.69,36.29,6.42,36.36,66,22.86,58,48.1,2 362535,5,https://www1.mbrace.or.jp/od2/B/202609/b260902.lzh,2026-10-03T18:34:53.067704+09:00
20260902,19,下関,11,20260902-19-11,1,4295,小坂尚哉,39,兵庫,53.0,A1,7.31,57.14,6.7,63.33,12,43.04,45,37.66,22211 11,6,https://www1.mbrace.or.jp/od2/B/202609/b260902.lzh,2026-10-03T18:34:53.067704+09:00
20260902,19,下関,11,20260902-19-11,2,4398,船岡洋一,39,広島,52.0,A1,6.59,50.41,6.4,42.5,63,38.46,27,31.17,31431 21,3,https://www1.mbrace.or.jp/od2/B/202609/b260902.lzh,2026-10-03T18:34:53.067704+09:00
20260902,19,下関,11,20260902-19-11,3,4012,中村有裕,46,滋賀,57.0,A2,6.13,46.39,6.5,40.0,46,44.58,33,32.0,431 1236,5,https://www1.mbrace.or.jp/od2/B/202609/b260902.lzh,2026-10-03T18:34:53.067704+09:00
20260902,19,下関,11,20260902-19-11,4,4539,金子賢志,35,群馬,53.0,A1,6.52,45.24,5.94,43.14,71,41.1,46,27.63,44331 26,6,https://www1.mbrace.or.jp/od2/B/202609/b260902.lzh,2026-10-03T18:34:53.067704+09:00
20260902,19,下関,11,20260902-19-11,5,4496,内堀学,39,東京,54.0,A1,6.6,51.49,4.77,36.36,17,53.85,73,32.88,2 452421,7,https://www1.mbrace.or.jp/od2/B/202609/b260902.lzh,2026-10-03T18:34:53.067704+09:00
20260902,19,下関,11,20260902-19-11,6,5356,長谷川暖,21,岡山,51.0,B1,4.58,26.56,0.0,0.0,30,38.96,34,34.18,2 142545,1,https://www1.mbrace.or.jp/od2/B/202609/b260902.lzh,2026-10-03T18:34:53.067704+09:00
20260902,19,下関,12,20260902-19-12,1,3613,角谷健吾,53,東京,52.0,A2,6.14,47.37,5.52,41.94,19,28.4,62,26.58,525 542,7,https://www1.mbrace.or.jp/od2/B/202609/b260902.lzh,2026-10-03T18:34:53.067704+09:00
20260902,19,下関,12,20260902-19-12,2,5241,門田栞,26,香川,48.0,B1,5.18,32.38,3.89,17.86,45,26.39,14,31.65,5 33332,6,https://www1.mbrace.or.jp/od2/B/202609/b260902.lzh,2026-10-03T18:34:53.067704+09:00
20260902,19,下関,12,20260902-19-12,3,5035,櫻井優,28,埼玉,53.0,A2,5.41,33.9,4.4,20.0,42,35.0,36,31.65,465 3 31,7,https://www1.mbrace.or.jp/od2/B/202609/b260902.lzh,2026-10-03T18:34:53.067704+09:00
20260902,19,下関,12,20260902-19-12,4,4111,奥田誠,46,広島,55.0,A2,5.66,40.71,4.04,12.5,15,30.26,56,50.68,1 441 64,8,https://www1.mbrace.or.jp/od2/B/202609/b260902.lzh,2026-10-03T18:34:53.067704+09:00
20260902,19,下関,12,20260902-19-12,5,5219,森口和紀,25,福岡,52.0,B1,5.26,38.46,3.8,20.0,34,25.88,22,34.15,,2,https://www1.mbrace.or.jp/od2/B/202609/b260902.lzh,2026-10-03T18:34:53.067704+09:00
20260902,19,下関,12,20260902-19-12,6,4156,浜野孝志,45,三重,57.0,A2,5.38,30.0,0.0,0.0,27,41.56,63,35.9,415 456,8,https://www1.mbrace.or.jp/od2/B/202609/b260902.lzh,2026-10-03T18:34:53.067704+09:00
20260902,18,徳山,1,20260902-18-01,1,4356,長岡良也,42,兵庫,52.0,A2,5.71,39.8,7.27,54.55,69,39.29,11,25.63,4232,10,https://www1.mbrace.or.jp/od2/B/202609/b260902.lzh,2026-10-03T18:34:53.067704+09:00
20260902,18,徳山,1,20260902-18-01,2,4821,妻鳥晋也,34,香川,56.0,B1,5.13,31.07,4.68,32.0,70,23.46,62,38.58,345,7,https://www1.mbrace.or.jp/od2/B/202609/b260902.lzh,2026-10-03T18:34:53.067704+09:00
20260902,18,徳山,1,20260902-18-01,3,4277,金田大輔,43,岡山,50.0,B1,4.65,30.34,5.78,48.65,45,25.33,47,33.84,626,5,https://www1.mbrace.or.jp/od2/B/202609/b260902.lzh,2026-10-03T18:34:53.067704+09:00
20260902,18,徳山,1,20260902-18-01,4,5127,沼田大都,29,愛知,51.0,B1,4.45,20.19,5.27,27.27,52,22.58,21,26.5,S55,6,https://www1.mbrace.or.jp/od2/B/202609/b260902.lzh,2026-10-03T18:34:53.067704+09:00
20260902,18,徳山,1,20260902-18-01,5,5308,藤森拓海,22,福岡,54.0,B1,4.5,24.11,3.0,11.9,51,20.43,39,32.49,6 54,,https://www1.mbrace.or.jp/od2/B/202609/b260902.lzh,2026-10-03T18:34:53.067704+09:00
20260902,18,徳山,1,20260902-18-01,6,3550,都築正治,55,愛知,54.0,B1,5.58,39.42,4.48,24.24,38,33.68,60,25.38,516,9,https://www1.mbrace.or.jp/od2/B/202609/b260902.lzh,2026-10-03T18:34:53.067704+09:00
20260902,18,徳山,2,20260902-18-02,1,4409,坂元浩仁,40,愛知,56.0,A1,6.36,49.12,5.8,40.0,67,28.87,58,35.68,5 33,8,https://www1.mbrace.or.jp/od2/B/202609/b260902.lzh,2026-10-03T18:34:53.067704+09:00
20260902,18,徳山,2,20260902-18-02,2,3687,花田和明,56,愛知,53.0,B1,5.03,29.81,5.37,36.67,57,23.29,23,31.5,5 35,,https://www1.mbrace.or.jp/od2/B/202609/b260902.lzh,2026-10-03T18:34:53.067704+09:00
20260902,18,徳山,2,20260902-18-02,3,4951,新田洋一,32,広島,53.0,B1,5.11,26.53,4.05,20.0,63,28.57,44,37.06,S51,10,https://www1.mbrace.or.jp/od2/B/202609/b260902.lzh,2026-10-03T18:34:53.067704+09:00
20260902,18,徳山,2,20260902-18-02,4,5269,山口晃朋,25,静岡,51.0,A2,6.12,47.0,5.35,29.41,73,39.29,38,40.2,112,7,https://www1.mbrace.or.jp/od2/B/202609/b260902.lzh,2026-10-03T18:34:53.067704+09:00
20260902,18,徳山,2,20260902-18-02,5,4331,三好勇人,42,香川,54.0,A2,5.95,41.41,4.22,11.11,23,35.42,34,31.63,2 23,11,https://www1.mbrace.or.jp/od2/B/202609/b260902.lzh,2026-10-03T18:34:53.067704+09:00
20260902,18,徳山,2,20260902-18-02,6,4794,和田拓也,36,兵庫,56.0,A1,6.78,55.21,6.68,57.89,71,27.59,50,39.39,4116,6,https://www1.mbrace.or.jp/od2/B/202609/b260902.lzh,2026-10-03T18:34:53.067704+09:00
20260902,18,徳山,3,20260902-18-03,1,5257,西丸侑太,22,香川,52.0,A1,6.37,44.65,0.0,0.0,58,28.24,68,42.21,451,12,https://www1.mbrace.or.jp/od2/B/202609/b260902.lzh,2026-10-03T18:34:53.067704+09:00
20260902,18,徳山,3,20260902-18-03,2,3517,高橋勲,58,東京,59.0,B1,5.88,43.84,0.0,0.0,21,27.14,28,27.81,5 62,8,https://www1.mbrace.or.jp/od2/B/202609/b260902.lzh,2026-10-03T18:34:53.067704+09:00
20260902,18,徳山,3,20260902-18-03,3,5400,高村諒,24,滋賀,53.0,B2,2.33,4.65,1.86,0.0,36,31.07,63,30.05,565,,https://www1.mbrace.or.jp/od2/B/202609/b260902.lzh,2026-10-03T18:34:53.067704+09:00
20260902,18,徳山,3,20260902-18-03,4,4506,稗田聖也,38,福岡,53.0,A1,6.13,46.23,6.35,50.0,54,35.64,18,38.89,2212,10,https://www1.mbrace.or.jp/od2/B/202609/b260902.lzh,2026-10-03T18:34:53.067704+09:00
20260902,18,徳山,3,20260902-18-03,5,4120,柘植政浩,45,滋賀,53.0,A2,6.08,42.75,5.67,44.44,48,37.76,48,30.81,3 12,11,https://www1.mbrace.or.jp/od2/B/202609/b260902.lzh,2026-10-03T18:34:53.067704+09:00
20260902,18,徳山,3,20260902-18-03,6,3340,池田雷太,61,東京,55.0,B1,4.13,22.12,4.69,26.92,60,33.71,41,38.27,3 46,,https://www1.mbrace.or.jp/od2/B/202609/b260902.lzh,2026-10-03T18:34:53.067704+09:00
20260902,18,徳山,4,20260902-18-04,1,4706,三浦洋次,37,愛知,49.0,A2,5.67,43.64,0.0,0.0,65,22.67,14,35.03,1 35,12,https://www1.mbrace.or.jp/od2/B/202609/b260902.lzh,2026-10-03T18:34:53.067704+09:00
20260902,18,徳山,4,20260902-18-04,2,4581,吉村誠,37,静岡,52.0,A1,6.45,50.0,5.0,33.33,62,24.32,46,29.0,163,11,https://www1.mbrace.or.jp/od2/B/202609/b260902.lzh,2026-10-03T18:34:53.067704+09:00
20260902,18,徳山,4,20260902-18-04,3,4863,三浦裕貴,37,東京,55.0,B1,4.2,17.72,5.33,16.67,28,24.47,51,34.85,2 26,9,https://www1.mbrace.or.jp/od2/B/202609/b260902.lzh,2026-10-03T18:34:53.067704+09:00
20260902,18,徳山,4,20260902-18-04,4,3313,本吉正樹,61,東京,57.0,B1,4.24,20.0,3.89,22.22,41,33.33,70,29.95,365,,https://www1.mbrace.or.jp/od2/B/202609/b260902.lzh,2026-10-03T18:34:53.067704+09:00
20260902,18,徳山,4,20260902-18-04,5,3478,嶋田貴支,55,香川,52.0,B1,5.31,32.43,5.16,29.69,44,36.17,37,35.03,362,10,https://www1.mbrace.or.jp/od2/B/202609/b260902.lzh,2026-10-03T18:34:53.067704+09:00
20260902,18,徳山,4,20260902-18-04,6,4367,山口修路,40,福岡,53.0,B1,4.34,17.24,4.82,11.76,37,20.0,72,34.34,631,8,https://www1.mbrace.or.jp/od2/B/202609/b260902.lzh,2026-10-03T18:34:53.067704+09:00
20260902,18,徳山,5,20260902-18-05,1,4277,金田大輔,43,岡山,50.0,B1,4.65,30.34,5.78,48.65,45,25.33,47,33.84,626,1,https://www1.mbrace.or.jp/od2/B/202609/b260902.lzh,2026-10-03T18:34:53.067704+09:00
20260902,18,徳山,5,20260902-18-05,2,3701,大西隆洋,53,香川,58.0,B1,4.18,15.66,3.81,16.13,25,26.19,32,30.3,6 24,10,https://www1.mbrace.or.jp/od2/B/202609/b260902.lzh,2026-10-03T18:34:53.067704+09:00
20260902,18,徳山,5,20260902-18-05,3,4610,佐藤大佑,36,東京,55.0,A1,6.03,42.48,8.2,80.0,43,15.48,26,29.8,1 44,12,https://www1.mbrace.or.jp/od2/B/202609/b260902.lzh,2026-10-03T18:34:53.067704+09:00
20260902,18,徳山,5,20260902-18-05,4,5441,鈴木雄登,20,愛知,48.0,B1,3.4,9.23,0.0,0.0,29,29.29,65,28.72,4 6,11,https://www1.mbrace.or.jp/od2/B/202609/b260902.lzh,2026-10-03T18:34:53.067704+09:00
20260902,18,徳山,5,20260902-18-05,5,4578,藤山雅弘,37,大阪,54.0,A2,5.92,44.17,5.6,40.0,49,23.33,56,30.96,2546,9,https://www1.mbrace.or.jp/od2/B/202609/b260902.lzh,2026-10-03T18:34:53.067704+09:00
20260902,18,徳山,5,20260902-18-05,6,4734,安河内将,36,佐賀,52.0,A1,6.87,52.38,7.07,44.83,75,32.26,69,25.51,2121,,https://www1.mbrace.or.jp/od2/B/202609/b260902.lzh,2026-10-03T18:34:53.067704+09:00
20260902,18,徳山,6,20260902-18-06,1,4220,深川和仁,44,香川,55.0,B1,4.95,32.11,5.28,38.89,50,37.89,19,38.58,134,12,https://www1.mbrace.or.jp/od2/B/202609/b260902.lzh,2026-10-03T18:34:53.067704+09:00
20260902,18,徳山,6,20260902-18-06,2,4794,和田拓也,36,兵庫,56.0,A1,6.78,55.21,6.68,57.89,71,27.59,50,39.39,4116,2,https://www1.mbrace.or.jp/od2/B/202609/b260902.lzh,2026-10-03T18:34:53.067704+09:00
20260902,18,徳山,6,20260902-18-06,3,3982,福田理,48,岡山,56.0,B1,4.15,20.83,2.63,0.0,40,29.41,16,39.59,3 42,,https://www1.mbrace.or.jp/od2/B/202609/b260902.lzh,2026-10-03T18:34:53.067704+09:00
20260902,18,徳山,6,20260902-18-06,4,3711,江本真治,52,山口,53.0,A2,6.03,41.41,6.36,45.81,39,32.14,15,38.02,435,10,https://www1.mbrace.or.jp/od2/B/202609/b260902.lzh,2026-10-03T18:34:53.067704+09:00
20260902,18,徳山,6,20260902-18-06,5,3963,原田秀弥,47,大阪,53.0,A2,5.8,36.89,6.15,48.72,47,39.58,33,32.49,2412,,https://www1.mbrace.or.jp/od2/B/202609/b260902.lzh,2026-10-03T18:34:53.067704+09:00
20260902,18,徳山,6,20260902-18-06,6,5127,沼田大都,29,愛知,51.0,B1,4.45,20.19,5.27,27.27,52,22.58,21,26.5,S55,1,https://www1.mbrace.or.jp/od2/B/202609/b260902.lzh,2026-10-03T18:34:53.067704+09:00
20260902,18,徳山,7,20260902-18-07,1,3976,内田圭,49,山口,52.0,B1,3.54,18.0,4.69,29.59,35,37.23,71,26.67,3 61,,https://www1.mbrace.or.jp/od2/B/202609/b260902.lzh,2026-10-03T18:34:53.067704+09:00
20260902,18,徳山,7,20260902-18-07,2,5269,山口晃朋,25,静岡,51.0,A2,6.12,47.0,5.35,29.41,73,39.29,38,40.2,112,2,https://www1.mbrace.or.jp/od2/B/202609/b260902.lzh,2026-10-03T18:34:53.067704+09:00
20260902,18,徳山,7,20260902-18-07,3,5345,牧村俊輝,23,愛知,52.0,B1,3.44,11.97,0.0,0.0,16,32.56,66,33.68,5 34,,https://www1.mbrace.or.jp/od2/B/202609/b260902.lzh,2026-10-03T18:34:53.067704+09:00
20260902,18,徳山,7,20260902-18-07,4,4522,古澤光紀,38,福岡,54.0,A2,6.34,48.25,3.78,0.0,34,37.14,59,40.5,2315,,https://www1.mbrace.or.jp/od2/B/202609/b260902.lzh,2026-10-03T18:34:53.067704+09:00
20260902,18,徳山,7,20260902-18-07,5,4351,里岡右貴,40,福岡,53.0,A1,7.0,53.49,6.59,44.83,22,26.58,75,25.13,144,12,https://www1.mbrace.or.jp/od2/B/202609/b260902.lzh,2026-10-03T18:34:53.067704+09:00
20260902,18,徳山,7,20260902-18-07,6,4821,妻鳥晋也,34,香川,56.0,B1,5.13,31.07,4.68,32.0,70,23.46,62,38.58,345,1,https://www1.mbrace.or.jp/od2/B/202609/b260902.lzh,2026-10-03T18:34:53.067704+09:00
20260902,18,徳山,8,20260902-18-08,1,3461,渡邊哲也,59,静岡,57.0,B1,2.8,9.23,3.69,15.38,24,26.14,53,33.5,6 66,,https://www1.mbrace.or.jp/od2/B/202609/b260902.lzh,2026-10-03T18:34:53.067704+09:00
20260902,18,徳山,8,20260902-18-08,2,4367,山口修路,40,福岡,53.0,B1,4.34,17.24,4.82,11.76,37,20.0,72,34.34,631,4,https://www1.mbrace.or.jp/od2/B/202609/b260902.lzh,2026-10-03T18:34:53.067704+09:00
20260902,18,徳山,8,20260902-18-08,3,4515,藤田浩人,40,佐賀,56.0,A2,5.78,36.03,6.18,45.45,42,38.46,17,29.65,5653,,https://www1.mbrace.or.jp/od2/B/202609/b260902.lzh,2026-10-03T18:34:53.067704+09:00
20260902,18,徳山,8,20260902-18-08,4,5104,山田丈,27,福岡,51.0,A2,5.8,37.11,5.8,50.0,31,27.78,52,25.51,111,12,https://www1.mbrace.or.jp/od2/B/202609/b260902.lzh,2026-10-03T18:34:53.067704+09:00
20260902,18,徳山,8,20260902-18-08,5,4409,坂元浩仁,40,愛知,56.0,A1,6.36,49.12,5.8,40.0,67,28.87,58,35.68,5 33,2,https://www1.mbrace.or.jp/od2/B/202609/b260902.lzh,2026-10-03T18:34:53.067704+09:00
20260902,18,徳山,8,20260902-18-08,6,3517,高橋勲,58,東京,59.0,B1,5.88,43.84,0.0,0.0,21,27.14,28,27.81,5 62,3,https://www1.mbrace.or.jp/od2/B/202609/b260902.lzh,2026-10-03T18:34:53.067704+09:00
20260902,18,徳山,9,20260902-18-09,1,4578,藤山雅弘,37,大阪,54.0,A2,5.92,44.17,5.6,40.0,49,23.33,56,30.96,2546,5,https://www1.mbrace.or.jp/od2/B/202609/b260902.lzh,2026-10-03T18:34:53.067704+09:00
20260902,18,徳山,9,20260902-18-09,2,3550,都築正治,55,愛知,54.0,B1,5.58,39.42,4.48,24.24,38,33.68,60,25.38,516,1,https://www1.mbrace.or.jp/od2/B/202609/b260902.lzh,2026-10-03T18:34:53.067704+09:00
20260902,18,徳山,9,20260902-18-09,3,4068,幸田智裕,46,静岡,53.0,B1,4.83,23.01,5.27,26.67,46,35.11,35,30.46,3 53,,https://www1.mbrace.or.jp/od2/B/202609/b260902.lzh,2026-10-03T18:34:53.067704+09:00
20260902,18,徳山,9,20260902-18-09,4,3158,島川光男,61,広島,54.0,A2,6.38,46.43,5.83,42.42,20,38.46,25,29.53,2453,,https://www1.mbrace.or.jp/od2/B/202609/b260902.lzh,2026-10-03T18:34:53.067704+09:00
20260902,18,徳山,9,20260902-18-09,5,4863,三浦裕貴,37,東京,55.0,B1,4.2,17.72,5.33,16.67,28,24.47,51,34.85,2 26,4,https://www1.mbrace.or.jp/od2/B/202609/b260902.lzh,2026-10-03T18:34:53.067704+09:00
20260902,18,徳山,9,20260902-18-09,6,4545,岡村慶太,38,福岡,58.0,A1,7.22,60.48,6.52,51.72,18,29.27,61,26.46,4531,,https://www1.mbrace.or.jp/od2/B/202609/b260902.lzh,2026-10-03T18:34:53.067704+09:00
20260902,18,徳山,10,20260902-18-10,1,3478,嶋田貴支,55,香川,52.0,B1,5.31,32.43,5.16,29.69,44,36.17,37,35.03,362,4,https://www1.mbrace.or.jp/od2/B/202609/b260902.lzh,2026-10-03T18:34:53.067704+09:00
20260902,18,徳山,10,20260902-18-10,2,3711,江本真治,52,山口,53.0,A2,6.03,41.41,6.36,45.81,39,32.14,15,38.02,435,6,https://www1.mbrace.or.jp/od2/B/202609/b260902.lzh,2026-10-03T18:34:53.067704+09:00
20260902,18,徳山,10,20260902-18-10,3,4506,稗田聖也,38,福岡,53.0,A1,6.13,46.23,6.35,50.0,54,35.64,18,38.89,2212,3,https://www1.mbrace.or.jp/od2/B/202609/b260902.lzh,2026-10-03T18:34:53.067704+09:00
20260902,18,徳山,10,20260902-18-10,4,4951,新田洋一,32,広島,53.0,B1,5.11,26.53,4.05,20.0,63,28.57,44,37.06,S51,2,https://www1.mbrace.or.jp/od2/B/202609/b260902.lzh,2026-10-03T18:34:53.067704+09:00
20260902,18,徳山,10,20260902-18-10,5,4356,長岡良也,42,兵庫,52.0,A2,5.71,39.8,7.27,54.55,69,39.29,11,25.63,4232,1,https://www1.mbrace.or.jp/od2/B/202609/b260902.lzh,2026-10-03T18:34:53.067704+09:00
20260902,18,徳山,10,20260902-18-10,6,3701,大西隆洋,53,香川,58.0,B1,4.18,15.66,3.81,16.13,25,26.19,32,30.3,6 24,5,https://www1.mbrace.or.jp/od2/B/202609/b260902.lzh,2026-10-03T18:34:53.067704+09:00
20260902,18,徳山,11,20260902-18-11,1,4873,蒲原健太,32,佐賀,52.0,B1,5.08,31.62,4.75,31.25,30,37.89,13,39.39,4 44,,https://www1.mbrace.or.jp/od2/B/202609/b260902.lzh,2026-10-03T18:34:53.067704+09:00
20260902,18,徳山,11,20260902-18-11,2,4331,三好勇人,42,香川,54.0,A2,5.95,41.41,4.22,11.11,23,35.42,34,31.63,2 23,2,https://www1.mbrace.or.jp/od2/B/202609/b260902.lzh,2026-10-03T18:34:53.067704+09:00
20260902,18,徳山,11,20260902-18-11,3,4581,吉村誠,37,静岡,52.0,A1,6.45,50.0,5.0,33.33,62,24.32,46,29.0,163,4,https://www1.mbrace.or.jp/od2/B/202609/b260902.lzh,2026-10-03T18:34:53.067704+09:00
20260902,18,徳山,11,20260902-18-11,4,5067,山田真聖,27,山口,57.0,B1,5.16,31.31,5.38,25.0,32,22.99,29,30.96,246,,https://www1.mbrace.or.jp/od2/B/202609/b260902.lzh,2026-10-03T18:34:53.067704+09:00
20260902,18,徳山,11,20260902-18-11,5,5441,鈴木雄登,20,愛知,48.0,B1,3.4,9.23,0.0,0.0,29,29.29,65,28.72,4 6,5,https://www1.mbrace.or.jp/od2/B/202609/b260902.lzh,2026-10-03T18:34:53.067704+09:00
20260902,18,徳山,11,20260902-18-11,6,4120,柘植政浩,45,滋賀,53.0,A2,6.08,42.75,5.67,44.44,48,37.76,48,30.81,3 12,3,https://www1.mbrace.or.jp/od2/B/202609/b260902.lzh,2026-10-03T18:34:53.067704+09:00
20260902,18,徳山,12,20260902-18-12,1,4351,里岡右貴,40,福岡,53.0,A1,7.0,53.49,6.59,44.83,22,26.58,75,25.13,144,7,https://www1.mbrace.or.jp/od2/B/202609/b260902.lzh,2026-10-03T18:34:53.067704+09:00
20260902,18,徳山,12,20260902-18-12,2,4706,三浦洋次,37,愛知,49.0,A2,5.67,43.64,0.0,0.0,65,22.67,14,35.03,1 35,4,https://www1.mbrace.or.jp/od2/B/202609/b260902.lzh,2026-10-03T18:34:53.067704+09:00
20260902,18,徳山,12,20260902-18-12,3,4220,深川和仁,44,香川,55.0,B1,4.95,32.11,5.28,38.89,50,37.89,19,38.58,134,6,https://www1.mbrace.or.jp/od2/B/202609/b260902.lzh,2026-10-03T18:34:53.067704+09:00
20260902,18,徳山,12,20260902-18-12,4,4610,佐藤大佑,36,東京,55.0,A1,6.03,42.48,8.2,80.0,43,15.48,26,29.8,1 44,5,https://www1.mbrace.or.jp/od2/B/202609/b260902.lzh,2026-10-03T18:34:53.067704+09:00
20260902,18,徳山,12,20260902-18-12,5,5257,西丸侑太,22,香川,52.0,A1,6.37,44.65,0.0,0.0,58,28.24,68,42.21,451,3,https://www1.mbrace.or.jp/od2/B/202609/b260902.lzh,2026-10-03T18:34:53.067704+09:00
20260902,18,徳山,12,20260902-18-12,6,5104,山田丈,27,福岡,51.0,A2,5.8,37.11,5.8,50.0,31,27.78,52,25.51,111,8,https://www1.mbrace.or.jp/od2/B/202609/b260902.lzh,2026-10-03T18:34:53.067704+09:00
20260902,17,宮島,1,20260902-17-01,1,4447,深川麻奈,39,福岡,48.0,B1,5.72,36.44,6.19,48.39,21,40.08,77,34.2,,11,https://www1.mbrace.or.jp/od2/B/202609/b260902.lzh,2026-10-03T18:34:53.067704+09:00
20260902,17,宮島,1,20260902-17-01,2,5283,植木美帆,22,東京,48.0,B2,2.73,6.45,2.93,13.33,58,39.83,71,33.06,,9,https://www1.mbrace.or.jp/od2/B/202609/b260902.lzh,2026-10-03T18:34:53.067704+09:00
20260902,17,宮島,1,20260902-17-01,3,4987,島倉都,29,群馬,48.0,B1,3.62,16.67,3.78,22.22,51,40.34,27,36.59,,10,https://www1.mbrace.or.jp/od2/B/202609/b260902.lzh,2026-10-03T18:34:53.067704+09:00
20260902,17,宮島,1,20260902-17-01,4,5155,内山七海,29,福岡,45.0,A2,6.25,43.69,6.0,43.75,71,33.96,57,35.87,,7,https://www1.mbrace.or.jp/od2/B/202609/b260902.lzh,2026-10-03T18:34:53.067704+09:00
20260902,17,宮島,1,20260902-17-01,5,5291,三嶌ここ,25,香川,50.0,B1,4.15,19.44,3.57,0.0,80,29.05,54,27.91,,8,https://www1.mbrace.or.jp/od2/B/202609/b260902.lzh,2026-10-03T18:34:53.067704+09:00
20260902,17,宮島,1,20260902-17-01,6,5413,宮城那菜,20,福岡,46.0,B2,2.41,2.74,1.89,0.0,37,43.42,29,43.72,,6,https://www1.mbrace.or.jp/od2/B/202609/b260902.lzh,2026-10-03T18:34:53.067704+09:00
20260902,17,宮島,2,20260902-17-02,1,5095,小原聡将,32,東京,52.0,A2,6.37,40.24,5.56,22.22,82,32.27,50,29.55,,10,https://www1.mbrace.or.jp/od2/B/202609/b260902.lzh,2026-10-03T18:34:53.067704+09:00
20260902,17,宮島,2,20260902-17-02,2,5068,前田滉,26,愛知,51.0,A1,7.83,67.05,6.24,23.53,60,36.36,19,38.42,,12,https://www1.mbrace.or.jp/od2/B/202609/b260902.lzh,2026-10-03T18:34:53.067704+09:00
20260902,17,宮島,2,20260902-17-02,3,5351,齊藤廉,22,福岡,54.0,B1,5.23,37.0,3.18,5.88,18,34.39,22,33.74,,9,https://www1.mbrace.or.jp/od2/B/202609/b260902.lzh,2026-10-03T18:34:53.067704+09:00
20260902,17,宮島,2,20260902-17-02,4,4097,貫地谷直,44,広島,58.0,B1,3.49,13.89,3.89,14.55,24,37.73,32,34.87,,8,https://www1.mbrace.or.jp/od2/B/202609/b260902.lzh,2026-10-03T18:34:53.067704+09:00
20260902,17,宮島,2,20260902-17-02,5,5293,眞崎武蔵,24,静岡,52.0,B1,3.73,17.91,0.0,0.0,32,41.78,37,39.0,,7,https://www1.mbrace.or.jp/od2/B/202609/b260902.lzh,2026-10-03T18:34:53.067704+09:00
20260902,17,宮島,2,20260902-17-02,6,4057,松井賢治,47,兵庫,52.0,A2,5.78,39.13,5.95,36.36,38,47.74,12,39.19,,11,https://www1.mbrace.or.jp/od2/B/202609/b260902.lzh,2026-10-03T18:34:53.067704+09:00
20260902,17,宮島,3,20260902-17-03,1,3800,牧宏次,52,東京,53.0,A2,5.58,32.53,6.5,40.0,54,34.89,25,34.92,,,https://www1.mbrace.or.jp/od2/B/202609/b260902.lzh,2026-10-03T18:34:53.067704+09:00
20260902,17,宮島,3,20260902-17-03,2,3950,石川哲秀,50,大阪,55.0,B1,3.66,19.12,4.96,29.17,67,31.78,23,31.1,,8,https://www1.mbrace.or.jp/od2/B/202609/b260902.lzh,2026-10-03T18:34:53.067704+09:00
20260902,17,宮島,3,20260902-17-03,3,4233,亀山雅幸,43,群馬,52.0,A2,6.06,46.9,5.74,44.74,34,35.78,26,27.49,,11,https://www1.mbrace.or.jp/od2/B/202609/b260902.lzh,2026-10-03T18:34:53.067704+09:00
20260902,17,宮島,3,20260902-17-03,4,3961,谷村一哉,47,山口,55.0,A1,6.69,49.12,6.21,41.03,19,33.49,72,38.57,,12,https://www1.mbrace.or.jp/od2/B/202609/b260902.lzh,2026-10-03T18:34:53.067704+09:00
20260902,17,宮島,3,20260902-17-03,5,4457,神田達也,40,愛知,52.0,B1,4.26,22.95,4.42,21.05,73,29.47,80,28.83,,9,https://www1.mbrace.or.jp/od2/B/202609/b260902.lzh,2026-10-03T18:34:53.067704+09:00
20260902,17,宮島,3,20260902-17-03,6,3761,山本光雄,54,滋賀,54.0,B1,5.09,30.67,5.28,34.48,27,31.42,61,35.14,,10,https://www1.mbrace.or.jp/od2/B/202609/b260902.lzh,2026-10-03T18:34:53.067704+09:00
20260902,17,宮島,4,20260902-17-04,1,3987,後藤正宗,48,静岡,53.0,A1,5.88,40.7,5.17,37.14,55,35.29,56,33.89,,12,https://www1.mbrace.or.jp/od2/B/202609/b260902.lzh,2026-10-03T18:34:53.067704+09:00
20260902,17,宮島,4,20260902-17-04,2,4010,越智照浩,47,香川,58.0,B1,4.67,20.83,4.13,25.0,81,29.76,33,27.7,,9,https://www1.mbrace.or.jp/od2/B/202609/b260902.lzh,2026-10-03T18:34:53.067704+09:00
20260902,17,宮島,4,20260902-17-04,3,3933,山地正樹,50,岡山,53.0,B1,6.12,46.15,5.52,32.0,56,33.04,69,29.91,,10,https://www1.mbrace.or.jp/od2/B/202609/b260902.lzh,2026-10-03T18:34:53.067704+09:00
20260902,17,宮島,4,20260902-17-04,4,5131,江藤敦宏,27,福岡,54.0,B1,3.98,16.47,0.0,0.0,23,32.88,79,29.38,,,https://www1.mbrace.or.jp/od2/B/202609/b260902.lzh,2026-10-03T18:34:53.067704+09:00
20260902,17,宮島,4,20260902-17-04,5,4809,外崎悟,37,埼玉,53.0,A1,5.56,29.41,0.0,0.0,30,41.28,51,36.55,,11,https://www1.mbrace.or.jp/od2/B/202609/b260902.lzh,2026-10-03T18:34:53.067704+09:00
20260902,17,宮島,4,20260902-17-04,6,3994,小野桜,47,滋賀,46.0,B1,4.75,25.0,6.14,38.1,16,35.05,73,35.04,,,https://www1.mbrace.or.jp/od2/B/202609/b260902.lzh,2026-10-03T18:34:53.067704+09:00
20260902,17,宮島,5,20260902-17-05,1,4263,武重雄介,42,山口,56.0,B1,4.69,24.42,3.2,0.0,63,32.6,62,45.45,,10,https://www1.mbrace.or.jp/od2/B/202609/b260902.lzh,2026-10-03T18:34:53.067704+09:00
20260902,17,宮島,5,20260902-17-05,2,4199,北川潤二,44,愛知,61.0,A1,6.29,44.0,6.73,54.55,11,38.94,24,32.74,,12,https://www1.mbrace.or.jp/od2/B/202609/b260902.lzh,2026-10-03T18:34:53.067704+09:00
20260902,17,宮島,5,20260902-17-05,3,4564,山本景士,38,広島,53.0,B1,4.63,21.21,5.53,36.8,36,33.61,39,33.33,,,https://www1.mbrace.or.jp/od2/B/202609/b260902.lzh,2026-10-03T18:34:53.067704+09:00
20260902,17,宮島,5,20260902-17-05,4,5032,谷口知優,28,香川,52.0,A2,4.96,31.13,3.61,11.11,70,32.38,66,34.96,,11,https://www1.mbrace.or.jp/od2/B/202609/b260902.lzh,2026-10-03T18:34:53.067704+09:00
20260902,17,宮島,5,20260902-17-05,5,5322,根岸真優,24,埼玉,44.0,B1,3.34,13.04,0.0,0.0,20,29.17,76,35.29,,,https://www1.mbrace.or.jp/od2/B/202609/b260902.lzh,2026-10-03T18:34:53.067704+09:00
20260902,17,宮島,5,20260902-17-05,6,4803,飯田庄吾,32,福岡,59.0,B1,3.71,16.95,4.18,18.42,72,47.84,20,28.14,,,https://www1.mbrace.or.jp/od2/B/202609/b260902.lzh,2026-10-03T18:34:53.067704+09:00
20260902,17,宮島,6,20260902-17-06,1,3543,福田雅一,57,香川,55.0,B1,4.8,31.37,5.55,40.0,25,37.66,65,32.5,,,https://www1.mbrace.or.jp/od2/B/202609/b260902.lzh,2026-10-03T18:34:53.067704+09:00
20260902,17,宮島,6,20260902-17-06,2,4182,吉田和仁,42,滋賀,55.0,B1,4.7,28.57,4.41,20.41,15,34.91,14,27.89,,,https://www1.mbrace.or.jp/od2/B/202609/b260902.lzh,2026-10-03T18:34:53.067704+09:00
20260902,17,宮島,6,20260902-17-06,3,3439,大平誉史,57,大阪,51.0,A1,5.75,41.18,6.46,51.43,79,35.91,30,28.33,,12,https://www1.mbrace.or.jp/od2/B/202609/b260902.lzh,2026-10-03T18:34:53.067704+09:00
20260902,17,宮島,6,20260902-17-06,4,5374,木山大聖,23,岡山,50.0,B1,3.25,10.67,1.89,0.0,29,32.56,60,30.11,,,https://www1.mbrace.or.jp/od2/B/202609/b260902.lzh,2026-10-03T18:34:53.067704+09:00
20260902,17,宮島,6,20260902-17-06,5,5413,宮城那菜,20,福岡,46.0,B2,2.41,2.74,1.89,0.0,37,43.42,29,43.72,,1,https://www1.mbrace.or.jp/od2/B/202609/b260902.lzh,2026-10-03T18:34:53.067704+09:00
20260902,17,宮島,6,20260902-17-06,6,3562,山下和彦,57,広島,53.0,A2,6.35,47.9,6.37,45.59,17,39.06,35,37.02,,11,https://www1.mbrace.or.jp/od2/B/202609/b260902.lzh,2026-10-03T18:34:53.067704+09:00
20260902,17,宮島,7,20260902-17-07,1,4725,佐竹太一,39,兵庫,53.0,B1,4.86,23.08,0.0,0.0,61,36.36,53,32.11,,,https://www1.mbrace.or.jp/od2/B/202609/b260902.lzh,2026-10-03T18:34:53.067704+09:00
20260902,17,宮島,7,20260902-17-07,2,4264,長尾章平,41,山口,54.0,A1,6.04,42.86,6.33,42.19,33,33.05,78,38.29,,12,https://www1.mbrace.or.jp/od2/B/202609/b260902.lzh,2026-10-03T18:34:53.067704+09:00
20260902,17,宮島,7,20260902-17-07,3,4894,原村拓也,35,香川,51.0,B1,4.4,19.32,4.17,19.05,59,30.09,17,41.23,,,https://www1.mbrace.or.jp/od2/B/202609/b260902.lzh,2026-10-03T18:34:53.067704+09:00
20260902,17,宮島,7,20260902-17-07,4,5293,眞崎武蔵,24,静岡,52.0,B1,3.73,17.91,0.0,0.0,32,41.78,37,39.0,,2,https://www1.mbrace.or.jp/od2/B/202609/b260902.lzh,2026-10-03T18:34:53.067704+09:00
20260902,17,宮島,7,20260902-17-07,5,3542,清水紀克,57,愛知,57.0,B1,4.1,20.88,4.16,24.32,39,33.04,55,28.14,,,https://www1.mbrace.or.jp/od2/B/202609/b260902.lzh,2026-10-03T18:34:53.067704+09:00
20260902,17,宮島,7,20260902-17-07,6,5155,内山七海,29,福岡,45.0,A2,6.25,43.69,6.0,43.75,71,33.96,57,35.87,,1,https://www1.mbrace.or.jp/od2/B/202609/b260902.lzh,2026-10-03T18:34:53.067704+09:00
20260902,17,宮島,8,20260902-17-08,1,4097,貫地谷直,44,広島,58.0,B1,3.49,13.89,3.89,14.55,24,37.73,32,34.87,,2,https://www1.mbrace.or.jp/od2/B/202609/b260902.lzh,2026-10-03T18:34:53.067704+09:00
20260902,17,宮島,8,20260902-17-08,2,5223,森清友翔,25,福岡,55.0,B1,5.05,29.25,5.3,30.0,62,29.49,18,35.27,,,https://www1.mbrace.or.jp/od2/B/202609/b260902.lzh,2026-10-03T18:34:53.067704+09:00
20260902,17,宮島,8,20260902-17-08,3,5348,小林甘寧,22,広島,53.0,B1,5.73,39.56,3.58,18.18,66,38.6,75,31.36,,,https://www1.mbrace.or.jp/od2/B/202609/b260902.lzh,2026-10-03T18:34:53.067704+09:00
20260902,17,宮島,8,20260902-17-08,4,5291,三嶌ここ,25,香川,50.0,B1,4.15,19.44,3.57,0.0,80,29.05,54,27.91,,1,https://www1.mbrace.or.jp/od2/B/202609/b260902.lzh,2026-10-03T18:34:53.067704+09:00
20260902,17,宮島,8,20260902-17-08,5,3950,石川哲秀,50,大阪,55.0,B1,3.66,19.12,4.96,29.17,67,31.78,23,31.1,,3,https://www1.mbrace.or.jp/od2/B/202609/b260902.lzh,2026-10-03T18:34:53.067704+09:00
20260902,17,宮島,8,20260902-17-08,6,5100,栗原一馬,29,群馬,56.0,B1,4.43,24.68,5.57,28.57,65,41.74,63,36.12,,,https://www1.mbrace.or.jp/od2/B/202609/b260902.lzh,2026-10-03T18:34:53.067704+09:00
20260902,17,宮島,9,20260902-17-09,1,4457,神田達也,40,愛知,52.0,B1,4.26,22.95,4.42,21.05,73,29.47,80,28.83,,3,https://www1.mbrace.or.jp/od2/B/202609/b260902.lzh,2026-10-03T18:34:53.067704+09:00
20260902,17,宮島,9,20260902-17-09,2,5351,齊藤廉,22,福岡,54.0,B1,5.23,37.0,3.18,5.88,18,34.39,22,33.74,,2,https://www1.mbrace.or.jp/od2/B/202609/b260902.lzh,2026-10-03T18:34:53.067704+09:00
20260902,17,宮島,9,20260902-17-09,3,4635,峰重力也,36,岡山,53.0,A2,5.44,37.14,3.85,19.23,53,32.59,36,33.06,,,https://www1.mbrace.or.jp/od2/B/202609/b260902.lzh,2026-10-03T18:34:53.067704+09:00
20260902,17,宮島,9,20260902-17-09,4,5283,植木美帆,22,東京,48.0,B2,2.73,6.45,2.93,13.33,58,39.83,71,33.06,,1,https://www1.mbrace.or.jp/od2/B/202609/b260902.lzh,2026-10-03T18:34:53.067704+09:00
20260902,17,宮島,9,20260902-17-09,5,4010,越智照浩,47,香川,58.0,B1,4.67,20.83,4.13,25.0,81,29.76,33,27.7,,4,https://www1.mbrace.or.jp/od2/B/202609/b260902.lzh,2026-10-03T18:34:53.067704+09:00
20260902,17,宮島,9,20260902-17-09,6,3327,野長瀬正,59,静岡,52.0,A2,6.15,41.84,5.87,38.89,57,36.75,68,34.45,,,https://www1.mbrace.or.jp/od2/B/202609/b260902.lzh,2026-10-03T18:34:53.067704+09:00
20260902,17,宮島,10,20260902-17-10,1,4987,島倉都,29,群馬,48.0,B1,3.62,16.67,3.78,22.22,51,40.34,27,36.59,,1,https://www1.mbrace.or.jp/od2/B/202609/b260902.lzh,2026-10-03T18:34:53.067704+09:00
20260902,17,宮島,10,20260902-17-10,2,4159,向後龍一,45,埼玉,52.0,A2,6.61,49.55,6.63,62.5,52,34.3,15,29.67,,,https://www1.mbrace.or.jp/od2/B/202609/b260902.lzh,2026-10-03T18:34:53.067704+09:00
20260902,17,宮島,10,20260902-17-10,3,3761,山本光雄,54,滋賀,54.0,B1,5.09,30.67,5.28,34.48,27,31.42,61,35.14,,3,https://www1.mbrace.or.jp/od2/B/202609/b260902.lzh,2026-10-03T18:34:53.067704+09:00
20260902,17,宮島,10,20260902-17-10,4,5095,小原聡将,32,東京,52.0,A2,6.37,40.24,5.56,22.22,82,32.27,50,29.55,,2,https://www1.mbrace.or.jp/od2/B/202609/b260902.lzh,2026-10-03T18:34:53.067704+09:00
20260902,17,宮島,10,20260902-17-10,5,4263,武重雄介,42,山口,56.0,B1,4.69,24.42,3.2,0.0,63,32.6,62,45.45,,5,https://www1.mbrace.or.jp/od2/B/202609/b260902.lzh,2026-10-03T18:34:53.067704+09:00
20260902,17,宮島,10,20260902-17-10,6,3933,山地正樹,50,岡山,53.0,B1,6.12,46.15,5.52,32.0,56,33.04,69,29.91,,4,https://www1.mbrace.or.jp/od2/B/202609/b260902.lzh,2026-10-03T18:34:53.067704+09:00
20260902,17,宮島,11,20260902-17-11,1,4809,外崎悟,37,埼玉,53.0,A1,5.56,29.41,0.0,0.0,30,41.28,51,36.55,,4,https://www1.mbrace.or.jp/od2/B/202609/b260902.lzh,2026-10-03T18:34:53.067704+09:00
20260902,17,宮島,11,20260902-17-11,2,3562,山下和彦,57,広島,53.0,A2,6.35,47.9,6.37,45.59,17,39.06,35,37.02,,6,https://www1.mbrace.or.jp/od2/B/202609/b260902.lzh,2026-10-03T18:34:53.067704+09:00
20260902,17,宮島,11,20260902-17-11,3,4057,松井賢治,47,兵庫,52.0,A2,5.78,39.13,5.95,36.36,38,47.74,12,39.19,,2,https://www1.mbrace.or.jp/od2/B/202609/b260902.lzh,2026-10-03T18:34:53.067704+09:00
20260902,17,宮島,11,20260902-17-11,4,4447,深川麻奈,39,福岡,48.0,B1,5.72,36.44,6.19,48.39,21,40.08,77,34.2,,1,https://www1.mbrace.or.jp/od2/B/202609/b260902.lzh,2026-10-03T18:34:53.067704+09:00
20260902,17,宮島,11,20260902-17-11,5,4233,亀山雅幸,43,群馬,52.0,A2,6.06,46.9,5.74,44.74,34,35.78,26,27.49,,3,https://www1.mbrace.or.jp/od2/B/202609/b260902.lzh,2026-10-03T18:34:53.067704+09:00
20260902,17,宮島,11,20260902-17-11,6,5032,谷口知優,28,香川,52.0,A2,4.96,31.13,3.61,11.11,70,32.38,66,34.96,,5,https://www1.mbrace.or.jp/od2/B/202609/b260902.lzh,2026-10-03T18:34:53.067704+09:00
20260902,17,宮島,12,20260902-17-12,1,3961,谷村一哉,47,山口,55.0,A1,6.69,49.12,6.21,41.03,19,33.49,72,38.57,,3,https://www1.mbrace.or.jp/od2/B/202609/b260902.lzh,2026-10-03T18:34:53.067704+09:00
20260902,17,宮島,12,20260902-17-12,2,3439,大平誉史,57,大阪,51.0,A1,5.75,41.18,6.46,51.43,79,35.91,30,28.33,,6,https://www1.mbrace.or.jp/od2/B/202609/b260902.lzh,2026-10-03T18:34:53.067704+09:00
20260902,17,宮島,12,20260902-17-12,3,3987,後藤正宗,48,静岡,53.0,A1,5.88,40.7,5.17,37.14,55,35.29,56,33.89,,4,https://www1.mbrace.or.jp/od2/B/202609/b260902.lzh,2026-10-03T18:34:53.067704+09:00
20260902,17,宮島,12,20260902-17-12,4,4199,北川潤二,44,愛知,61.0,A1,6.29,44.0,6.73,54.55,11,38.94,24,32.74,,5,https://www1.mbrace.or.jp/od2/B/202609/b260902.lzh,2026-10-03T18:34:53.067704+09:00
20260902,17,宮島,12,20260902-17-12,5,4264,長尾章平,41,山口,54.0,A1,6.04,42.86,6.33,42.19,33,33.05,78,38.29,,7,https://www1.mbrace.or.jp/od2/B/202609/b260902.lzh,2026-10-03T18:34:53.067704+09:00
20260902,17,宮島,12,20260902-17-12,6,5068,前田滉,26,愛知,51.0,A1,7.83,67.05,6.24,23.53,60,36.36,19,38.42,,2,https://www1.mbrace.or.jp/od2/B/202609/b260902.lzh,2026-10-03T18:34:53.067704+09:00
20260902,16,児島,1,20260902-16-01,1,4886,入海馨,30,岡山,54.0,A2,6.28,37.04,6.81,47.06,52,27.32,17,37.78,632 1313,10,https://www1.mbrace.or.jp/od2/B/202609/b260902.lzh,2026-10-03T18:34:53.067704+09:00
20260902,16,児島,1,20260902-16-01,2,4303,牧原崇,43,愛知,53.0,B1,4.72,23.46,4.82,27.27,15,27.22,28,25.0,3 515 46,6,https://www1.mbrace.or.jp/od2/B/202609/b260902.lzh,2026-10-03T18:34:53.067704+09:00
20260902,16,児島,1,20260902-16-01,3,3361,岡部浩,57,徳島,52.0,B1,4.2,23.6,3.5,16.67,45,28.28,13,30.64,4 156 35,5,https://www1.mbrace.or.jp/od2/B/202609/b260902.lzh,2026-10-03T18:34:53.067704+09:00
20260902,16,児島,1,20260902-16-01,4,3891,谷口健一,50,福井,55.0,B1,3.54,14.91,3.33,12.5,16,36.73,55,28.31,513 456,8,https://www1.mbrace.or.jp/od2/B/202609/b260902.lzh,2026-10-03T18:34:53.067704+09:00
20260902,16,児島,1,20260902-16-01,5,5353,草川壮良,22,滋賀,52.0,B1,2.7,8.2,2.0,3.13,64,33.33,73,34.64,123 665,9,https://www1.mbrace.or.jp/od2/B/202609/b260902.lzh,2026-10-03T18:34:53.067704+09:00
20260902,16,児島,1,20260902-16-01,6,4458,抹香雄三,40,広島,53.0,B1,5.39,30.36,6.0,27.27,36,37.06,21,28.31,353 435,7,https://www1.mbrace.or.jp/od2/B/202609/b260902.lzh,2026-10-03T18:34:53.067704+09:00
20260902,16,児島,2,20260902-16-02,1,4624,高田明,41,佐賀,52.0,A1,6.38,47.12,6.5,44.44,13,35.03,71,43.33,4 1512S3,10,https://www1.mbrace.or.jp/od2/B/202609/b260902.lzh,2026-10-03T18:34:53.067704+09:00
20260902,16,児島,2,20260902-16-02,2,4429,豊田泰洋,40,広島,60.0,B1,3.33,11.83,3.61,17.39,25,26.46,75,33.33,6 435 65,,https://www1.mbrace.or.jp/od2/B/202609/b260902.lzh,2026-10-03T18:34:53.067704+09:00
20260902,16,児島,2,20260902-16-02,3,5206,梅原祥平,29,岡山,53.0,B1,4.4,18.68,4.12,25.44,67,32.83,59,31.69,,7,https://www1.mbrace.or.jp/od2/B/202609/b260902.lzh,2026-10-03T18:34:53.067704+09:00
20260902,16,児島,2,20260902-16-02,4,5285,若林麗,27,東京,53.0,B1,3.33,11.9,2.5,12.5,43,28.9,26,35.91,6 365 42,9,https://www1.mbrace.or.jp/od2/B/202609/b260902.lzh,2026-10-03T18:34:53.067704+09:00
20260902,16,児島,2,20260902-16-02,5,3377,塚田修二,58,東京,55.0,B1,4.43,21.43,4.31,12.5,31,35.94,24,30.73,366 645,6,https://www1.mbrace.or.jp/od2/B/202609/b260902.lzh,2026-10-03T18:34:53.067704+09:00
20260902,16,児島,2,20260902-16-02,6,5465,直江健成,19,福井,54.0,B2,1.06,0.0,0.0,0.0,27,37.22,35,29.05,6 666 66,,https://www1.mbrace.or.jp/od2/B/202609/b260902.lzh,2026-10-03T18:34:53.067704+09:00
20260902,16,児島,3,20260902-16-03,1,4778,堤啓輔,40,佐賀,51.0,B1,5.05,30.14,3.67,11.11,68,31.77,64,38.12,5 221 35,11,https://www1.mbrace.or.jp/od2/B/202609/b260902.lzh,2026-10-03T18:34:53.067704+09:00
20260902,16,児島,3,20260902-16-03,2,4405,南野利騰,41,福井,54.0,B1,4.54,22.12,0.0,0.0,23,33.51,25,30.41,5 643 52,8,https://www1.mbrace.or.jp/od2/B/202609/b260902.lzh,2026-10-03T18:34:53.067704+09:00
20260902,16,児島,3,20260902-16-03,3,5187,小坂風太,26,福井,57.0,B2,3.06,5.56,3.4,12.0,35,46.7,11,28.83,665 533,9,https://www1.mbrace.or.jp/od2/B/202609/b260902.lzh,2026-10-03T18:34:53.067704+09:00
20260902,16,児島,3,20260902-16-03,4,4666,日笠勝弘,42,大阪,52.0,B1,3.93,19.54,4.29,28.57,44,39.49,56,31.64,5 231 12,12,https://www1.mbrace.or.jp/od2/B/202609/b260902.lzh,2026-10-03T18:34:53.067704+09:00
20260902,16,児島,3,20260902-16-03,5,5043,中村日向,27,香川,53.0,A1,7.17,56.35,7.35,61.22,19,39.8,12,28.49,26214 12,10,https://www1.mbrace.or.jp/od2/B/202609/b260902.lzh,2026-10-03T18:34:53.067704+09:00
20260902,16,児島,3,20260902-16-03,6,4082,濱崎誠,47,大阪,52.0,B1,5.85,40.91,3.8,20.0,49,38.27,72,30.56,2 413 66,7,https://www1.mbrace.or.jp/od2/B/202609/b260902.lzh,2026-10-03T18:34:53.067704+09:00
20260902,16,児島,4,20260902-16-04,1,3300,川崎智幸,59,岡山,54.0,A2,5.79,40.0,5.44,39.61,33,24.74,48,31.67,4 413224,12,https://www1.mbrace.or.jp/od2/B/202609/b260902.lzh,2026-10-03T18:34:53.067704+09:00
20260902,16,児島,4,20260902-16-04,2,4875,大塚康雅,32,東京,51.0,B1,5.39,35.24,4.72,22.22,12,40.1,41,29.56,266 241,9,https://www1.mbrace.or.jp/od2/B/202609/b260902.lzh,2026-10-03T18:34:53.067704+09:00
20260902,16,児島,4,20260902-16-04,3,4543,重木輝彦,38,兵庫,52.0,A1,6.69,48.41,6.47,50.0,59,26.77,74,34.83,4412361,11,https://www1.mbrace.or.jp/od2/B/202609/b260902.lzh,2026-10-03T18:34:53.067704+09:00
20260902,16,児島,4,20260902-16-04,4,4287,今井貴士,42,福岡,57.0,A2,6.47,48.18,6.7,51.16,32,25.41,69,32.2,2 431243,10,https://www1.mbrace.or.jp/od2/B/202609/b260902.lzh,2026-10-03T18:34:53.067704+09:00
20260902,16,児島,4,20260902-16-04,5,4060,島田一生,47,福岡,56.0,B1,4.71,32.14,4.94,33.33,66,35.08,30,36.31,5 355 23,8,https://www1.mbrace.or.jp/od2/B/202609/b260902.lzh,2026-10-03T18:34:53.067704+09:00
20260902,16,児島,4,20260902-16-04,6,5453,久保翔耶,20,香川,52.0,B2,2.16,5.88,0.0,0.0,40,26.23,15,42.05,466 666,,https://www1.mbrace.or.jp/od2/B/202609/b260902.lzh,2026-10-03T18:34:53.067704+09:00
20260902,16,児島,5,20260902-16-05,1,3434,松尾宣邦,57,福岡,56.0,B1,4.17,21.7,4.72,33.33,60,43.75,18,34.25,1 53144,10,https://www1.mbrace.or.jp/od2/B/202609/b260902.lzh,2026-10-03T18:34:53.067704+09:00
20260902,16,児島,5,20260902-16-05,2,4081,樋口範政,47,愛知,55.0,B1,5.25,31.09,4.32,21.05,37,33.68,32,30.9,242 2123,12,https://www1.mbrace.or.jp/od2/B/202609/b260902.lzh,2026-10-03T18:34:53.067704+09:00
20260902,16,児島,5,20260902-16-05,3,4950,高岡竜也,33,山口,52.0,A1,6.4,48.48,5.25,28.13,55,49.49,67,27.44,514443S,,https://www1.mbrace.or.jp/od2/B/202609/b260902.lzh,2026-10-03T18:34:53.067704+09:00
20260902,16,児島,5,20260902-16-05,4,3361,岡部浩,57,徳島,52.0,B1,4.2,23.6,3.5,16.67,45,28.28,13,30.64,4 156 35,1,https://www1.mbrace.or.jp/od2/B/202609/b260902.lzh,2026-10-03T18:34:53.067704+09:00
20260902,16,児島,5,20260902-16-05,5,5000,岡本翔太,32,山口,52.0,B1,4.94,32.18,4.08,16.67,20,48.96,44,31.67,142 2214,11,https://www1.mbrace.or.jp/od2/B/202609/b260902.lzh,2026-10-03T18:34:53.067704+09:00
20260902,16,児島,5,20260902-16-05,6,3388,今垣光太,56,福井,52.0,A1,6.48,43.21,5.8,20.0,22,34.2,14,32.57,122 2126,11,https://www1.mbrace.or.jp/od2/B/202609/b260902.lzh,2026-10-03T18:34:53.067704+09:00
20260902,16,児島,6,20260902-16-06,1,3349,吉田一郎,58,長崎,51.0,A1,6.25,44.44,6.19,47.62,69,35.53,43,37.08,2 144431,12,https://www1.mbrace.or.jp/od2/B/202609/b260902.lzh,2026-10-03T18:34:53.067704+09:00
20260902,16,児島,6,20260902-16-06,2,3377,塚田修二,58,東京,55.0,B1,4.43,21.43,4.31,12.5,31,35.94,24,30.73,366 645,2,https://www1.mbrace.or.jp/od2/B/202609/b260902.lzh,2026-10-03T18:34:53.067704+09:00
20260902,16,児島,6,20260902-16-06,3,5352,西岡蒼志,22,香川,52.0,B1,5.2,33.61,2.95,2.5,61,34.74,46,31.21,3 1S4 13,,https://www1.mbrace.or.jp/od2/B/202609/b260902.lzh,2026-10-03T18:34:53.067704+09:00
20260902,16,児島,6,20260902-16-06,4,4388,是澤孝宏,41,滋賀,52.0,A2,6.09,44.78,6.41,47.06,14,25.95,66,32.12,24215 41,11,https://www1.mbrace.or.jp/od2/B/202609/b260902.lzh,2026-10-03T18:34:53.067704+09:00
20260902,16,児島,6,20260902-16-06,5,4303,牧原崇,43,愛知,53.0,B1,4.72,23.46,4.82,27.27,15,27.22,28,25.0,3 515 46,1,https://www1.mbrace.or.jp/od2/B/202609/b260902.lzh,2026-10-03T18:34:53.067704+09:00
20260902,16,児島,6,20260902-16-06,6,4757,山田祐也,37,徳島,53.0,A1,6.64,44.7,6.83,56.25,46,22.22,57,30.56,116 2142,10,https://www1.mbrace.or.jp/od2/B/202609/b260902.lzh,2026-10-03T18:34:53.067704+09:00
20260902,16,児島,7,20260902-16-07,1,4099,吉永則雄,47,大阪,54.0,A2,5.68,38.26,6.17,43.33,65,36.41,62,33.71,41365 25,,https://www1.mbrace.or.jp/od2/B/202609/b260902.lzh,2026-10-03T18:34:53.067704+09:00
20260902,16,児島,7,20260902-16-07,2,3775,泉啓文,52,岡山,59.0,B1,3.65,15.24,4.62,23.68,41,33.85,19,36.52,255 221,11,https://www1.mbrace.or.jp/od2/B/202609/b260902.lzh,2026-10-03T18:34:53.067704+09:00
20260902,16,児島,7,20260902-16-07,3,4458,抹香雄三,40,広島,53.0,B1,5.39,30.36,6.0,27.27,36,37.06,21,28.31,353 435,1,https://www1.mbrace.or.jp/od2/B/202609/b260902.lzh,2026-10-03T18:34:53.067704+09:00
20260902,16,児島,7,20260902-16-07,4,4082,濱崎誠,47,大阪,52.0,B1,5.85,40.91,3.8,20.0,49,38.27,72,30.56,2 413 66,3,https://www1.mbrace.or.jp/od2/B/202609/b260902.lzh,2026-10-03T18:34:53.067704+09:00
20260902,16,児島,7,20260902-16-07,5,5206,梅原祥平,29,岡山,53.0,B1,4.4,18.68,4.12,25.44,67,32.83,59,31.69,,2,https://www1.mbrace.or.jp/od2/B/202609/b260902.lzh,2026-10-03T18:34:53.067704+09:00
20260902,16,児島,7,20260902-16-07,6,4614,石倉洋行,46,福岡,55.0,A1,7.17,57.84,6.53,52.94,39,35.42,68,38.86,1312312,12,https://www1.mbrace.or.jp/od2/B/202609/b260902.lzh,2026-10-03T18:34:53.067704+09:00
20260902,16,児島,8,20260902-16-08,1,4842,山下昂大,34,岡山,54.0,A2,5.89,37.5,5.09,32.22,21,37.44,39,38.01,2556131,12,https://www1.mbrace.or.jp/od2/B/202609/b260902.lzh,2026-10-03T18:34:53.067704+09:00
20260902,16,児島,8,20260902-16-08,2,4060,島田一生,47,福岡,56.0,B1,4.71,32.14,4.94,33.33,66,35.08,30,36.31,5 355 23,4,https://www1.mbrace.or.jp/od2/B/202609/b260902.lzh,2026-10-03T18:34:53.067704+09:00
20260902,16,児島,8,20260902-16-08,3,3891,谷口健一,50,福井,55.0,B1,3.54,14.91,3.33,12.5,16,36.73,55,28.31,513 456,1,https://www1.mbrace.or.jp/od2/B/202609/b260902.lzh,2026-10-03T18:34:53.067704+09:00
20260902,16,児島,8,20260902-16-08,4,4434,田中辰彦,40,広島,56.0,A2,6.19,48.57,5.64,37.7,18,31.79,37,23.27,3 463445,,https://www1.mbrace.or.jp/od2/B/202609/b260902.lzh,2026-10-03T18:34:53.067704+09:00
20260902,16,児島,8,20260902-16-08,5,4405,南野利騰,41,福井,54.0,B1,4.54,22.12,0.0,0.0,23,33.51,25,30.41,5 643 52,3,https://www1.mbrace.or.jp/od2/B/202609/b260902.lzh,2026-10-03T18:34:53.067704+09:00
20260902,16,児島,8,20260902-16-08,6,3757,畑和宏,54,広島,54.0,A2,5.57,38.46,4.13,12.5,63,31.79,63,34.36,555 5126,,https://www1.mbrace.or.jp/od2/B/202609/b260902.lzh,2026-10-03T18:34:53.067704+09:00
20260902,16,児島,9,20260902-16-09,1,4369,丹下将,40,愛知,58.0,A2,5.72,38.35,6.53,47.37,54,31.87,53,25.77,1 136545,,https://www1.mbrace.or.jp/od2/B/202609/b260902.lzh,2026-10-03T18:34:53.067704+09:00
20260902,16,児島,9,20260902-16-09,2,5353,草川壮良,22,滋賀,52.0,B1,2.7,8.2,2.0,3.13,64,33.33,73,34.64,123 665,1,https://www1.mbrace.or.jp/od2/B/202609/b260902.lzh,2026-10-03T18:34:53.067704+09:00
20260902,16,児島,9,20260902-16-09,3,5285,若林麗,27,東京,53.0,B1,3.33,11.9,2.5,12.5,43,28.9,26,35.91,6 365 42,2,https://www1.mbrace.or.jp/od2/B/202609/b260902.lzh,2026-10-03T18:34:53.067704+09:00
20260902,16,児島,9,20260902-16-09,4,5187,小坂風太,26,福井,57.0,B2,3.06,5.56,3.4,12.0,35,46.7,11,28.83,665 533,3,https://www1.mbrace.or.jp/od2/B/202609/b260902.lzh,2026-10-03T18:34:53.067704+09:00
20260902,16,児島,9,20260902-16-09,5,4875,大塚康雅,32,東京,51.0,B1,5.39,35.24,4.72,22.22,12,40.1,41,29.56,266 241,4,https://www1.mbrace.or.jp/od2/B/202609/b260902.lzh,2026-10-03T18:34:53.067704+09:00
20260902,16,児島,9,20260902-16-09,6,4607,鶴田勇雄,37,福岡,53.0,A2,5.74,36.84,5.56,33.33,30,37.76,50,36.81,624 6251,,https://www1.mbrace.or.jp/od2/B/202609/b260902.lzh,2026-10-03T18:34:53.067704+09:00
20260902,16,児島,10,20260902-16-10,1,4757,山田祐也,37,徳島,53.0,A1,6.64,44.7,6.83,56.25,46,22.22,57,30.56,116 2142,6,https://www1.mbrace.or.jp/od2/B/202609/b260902.lzh,2026-10-03T18:34:53.067704+09:00
20260902,16,児島,10,20260902-16-10,2,5043,中村日向,27,香川,53.0,A1,7.17,56.35,7.35,61.22,19,39.8,12,28.49,26214 12,3,https://www1.mbrace.or.jp/od2/B/202609/b260902.lzh,2026-10-03T18:34:53.067704+09:00
20260902,16,児島,10,20260902-16-10,3,4287,今井貴士,42,福岡,57.0,A2,6.47,48.18,6.7,51.16,32,25.41,69,32.2,2 431243,4,https://www1.mbrace.or.jp/od2/B/202609/b260902.lzh,2026-10-03T18:34:53.067704+09:00
20260902,16,児島,10,20260902-16-10,4,4886,入海馨,30,岡山,54.0,A2,6.28,37.04,6.81,47.06,52,27.32,17,37.78,632 1313,1,https://www1.mbrace.or.jp/od2/B/202609/b260902.lzh,2026-10-03T18:34:53.067704+09:00
20260902,16,児島,10,20260902-16-10,5,4624,高田明,41,佐賀,52.0,A1,6.38,47.12,6.5,44.44,13,35.03,71,43.33,4 1512S3,2,https://www1.mbrace.or.jp/od2/B/202609/b260902.lzh,2026-10-03T18:34:53.067704+09:00
20260902,16,児島,10,20260902-16-10,6,3434,松尾宣邦,57,福岡,56.0,B1,4.17,21.7,4.72,33.33,60,43.75,18,34.25,1 53144,5,https://www1.mbrace.or.jp/od2/B/202609/b260902.lzh,2026-10-03T18:34:53.067704+09:00
20260902,16,児島,11,20260902-16-11,1,3388,今垣光太,56,福井,52.0,A1,6.48,43.21,5.8,20.0,22,34.2,14,32.57,122 2126,5,https://www1.mbrace.or.jp/od2/B/202609/b260902.lzh,2026-10-03T18:34:53.067704+09:00
20260902,16,児島,11,20260902-16-11,2,5000,岡本翔太,32,山口,52.0,B1,4.94,32.18,4.08,16.67,20,48.96,44,31.67,142 2214,5,https://www1.mbrace.or.jp/od2/B/202609/b260902.lzh,2026-10-03T18:34:53.067704+09:00
20260902,16,児島,11,20260902-16-11,3,4388,是澤孝宏,41,滋賀,52.0,A2,6.09,44.78,6.41,47.06,14,25.95,66,32.12,24215 41,6,https://www1.mbrace.or.jp/od2/B/202609/b260902.lzh,2026-10-03T18:34:53.067704+09:00
20260902,16,児島,11,20260902-16-11,4,4543,重木輝彦,38,兵庫,52.0,A1,6.69,48.41,6.47,50.0,59,26.77,74,34.83,4412361,4,https://www1.mbrace.or.jp/od2/B/202609/b260902.lzh,2026-10-03T18:34:53.067704+09:00
20260902,16,児島,11,20260902-16-11,5,3775,泉啓文,52,岡山,59.0,B1,3.65,15.24,4.62,23.68,41,33.85,19,36.52,255 221,7,https://www1.mbrace.or.jp/od2/B/202609/b260902.lzh,2026-10-03T18:34:53.067704+09:00
20260902,16,児島,11,20260902-16-11,6,4778,堤啓輔,40,佐賀,51.0,B1,5.05,30.14,3.67,11.11,68,31.77,64,38.12,5 221 35,3,https://www1.mbrace.or.jp/od2/B/202609/b260902.lzh,2026-10-03T18:34:53.067704+09:00
20260902,16,児島,12,20260902-16-12,1,4614,石倉洋行,46,福岡,55.0,A1,7.17,57.84,6.53,52.94,39,35.42,68,38.86,1312312,7,https://www1.mbrace.or.jp/od2/B/202609/b260902.lzh,2026-10-03T18:34:53.067704+09:00
20260902,16,児島,12,20260902-16-12,2,3349,吉田一郎,58,長崎,51.0,A1,6.25,44.44,6.19,47.62,69,35.53,43,37.08,2 144431,6,https://www1.mbrace.or.jp/od2/B/202609/b260902.lzh,2026-10-03T18:34:53.067704+09:00
20260902,16,児島,12,20260902-16-12,3,4666,日笠勝弘,42,大阪,52.0,B1,3.93,19.54,4.29,28.57,44,39.49,56,31.64,5 231 12,3,https://www1.mbrace.or.jp/od2/B/202609/b260902.lzh,2026-10-03T18:34:53.067704+09:00
20260902,16,児島,12,20260902-16-12,4,3300,川崎智幸,59,岡山,54.0,A2,5.79,40.0,5.44,39.61,33,24.74,48,31.67,4 413224,4,https://www1.mbrace.or.jp/od2/B/202609/b260902.lzh,2026-10-03T18:34:53.067704+09:00
20260902,16,児島,12,20260902-16-12,5,4081,樋口範政,47,愛知,55.0,B1,5.25,31.09,4.32,21.05,37,33.68,32,30.9,242 2123,5,https://www1.mbrace.or.jp/od2/B/202609/b260902.lzh,2026-10-03T18:34:53.067704+09:00
20260902,16,児島,12,20260902-16-12,6,4842,山下昂大,34,岡山,54.0,A2,5.89,37.5,5.09,32.22,21,37.44,39,38.01,2556131,8,https://www1.mbrace.or.jp/od2/B/202609/b260902.lzh,2026-10-03T18:34:53.067704+09:00
20260902,13,尼崎,1,20260902-13-01,1,4892,柴田直哉,36,福岡,53.0,B1,5.14,32.32,5.11,33.33,57,33.33,18,33.33,6,9,https://www1.mbrace.or.jp/od2/B/202609/b260902.lzh,2026-10-03T18:34:53.067704+09:00
20260902,13,尼崎,1,20260902-13-01,2,5178,成貞琳平,30,愛知,54.0,B1,4.19,18.56,2.44,6.25,52,24.0,30,36.0,3,11,https://www1.mbrace.or.jp/od2/B/202609/b260902.lzh,2026-10-03T18:34:53.067704+09:00
20260902,13,尼崎,1,20260902-13-01,3,5029,中亮太,29,福岡,54.0,A1,6.92,54.92,3.86,28.57,51,22.45,44,40.0,21,8,https://www1.mbrace.or.jp/od2/B/202609/b260902.lzh,2026-10-03T18:34:53.067704+09:00
20260902,13,尼崎,1,20260902-13-01,4,3939,渡辺真至,48,愛知,52.0,B2,5.23,33.85,5.59,29.63,41,17.72,39,34.74,5,6,https://www1.mbrace.or.jp/od2/B/202609/b260902.lzh,2026-10-03T18:34:53.067704+09:00
20260902,13,尼崎,1,20260902-13-01,5,3583,齋藤智裕,53,埼玉,60.0,B1,3.54,14.47,3.71,28.57,60,29.47,68,26.44,6,7,https://www1.mbrace.or.jp/od2/B/202609/b260902.lzh,2026-10-03T18:34:53.067704+09:00
20260902,13,尼崎,1,20260902-13-01,6,5445,一ノ木匠,24,三重,52.0,B2,1.56,0.0,0.0,0.0,43,17.07,22,31.25,6,5,https://www1.mbrace.or.jp/od2/B/202609/b260902.lzh,2026-10-03T18:34:53.067704+09:00
20260902,13,尼崎,2,20260902-13-02,1,3784,中島友和,50,佐賀,54.0,B1,5.0,29.07,4.46,25.0,38,21.43,51,27.84,44,,https://www1.mbrace.or.jp/od2/B/202609/b260902.lzh,2026-10-03T18:34:53.067704+09:00
20260902,13,尼崎,2,20260902-13-02,2,3905,天野友和,48,愛知,54.0,A2,5.86,37.86,5.67,37.5,17,40.0,75,39.13,4,8,https://www1.mbrace.or.jp/od2/B/202609/b260902.lzh,2026-10-03T18:34:53.067704+09:00
20260902,13,尼崎,2,20260902-13-02,3,5394,福西広太,24,埼玉,51.0,B1,3.18,9.09,4.0,0.0,15,39.81,69,26.6,5,7,https://www1.mbrace.or.jp/od2/B/202609/b260902.lzh,2026-10-03T18:34:53.067704+09:00
20260902,13,尼崎,2,20260902-13-02,4,4093,吉田宗弘,45,東京,50.0,B1,4.49,21.05,0.0,0.0,48,34.29,60,33.33,5,6,https://www1.mbrace.or.jp/od2/B/202609/b260902.lzh,2026-10-03T18:34:53.067704+09:00
20260902,13,尼崎,2,20260902-13-02,5,5022,伊藤尚汰,31,福岡,50.0,B1,4.38,30.86,5.58,34.62,53,32.65,46,40.22,3,10,https://www1.mbrace.or.jp/od2/B/202609/b260902.lzh,2026-10-03T18:34:53.067704+09:00
20260902,13,尼崎,2,20260902-13-02,6,4074,柳沢一,45,愛知,52.0,A1,6.63,49.12,6.24,47.06,49,30.69,42,34.0,13,9,https://www1.mbrace.or.jp/od2/B/202609/b260902.lzh,2026-10-03T18:34:53.067704+09:00
20260902,13,尼崎,3,20260902-13-03,1,3233,小畑実成,59,岡山,55.0,B1,4.55,24.64,4.18,17.65,34,31.73,73,44.12,24,,https://www1.mbrace.or.jp/od2/B/202609/b260902.lzh,2026-10-03T18:34:53.067704+09:00
20260902,13,尼崎,3,20260902-13-03,2,4180,上野秀和,43,福岡,55.0,A2,5.3,31.25,3.44,5.56,55,45.0,41,34.48,1,7,https://www1.mbrace.or.jp/od2/B/202609/b260902.lzh,2026-10-03T18:34:53.067704+09:00
20260902,13,尼崎,3,20260902-13-03,3,4245,高橋直哉,44,東京,52.0,B1,4.33,20.99,4.91,27.27,33,24.47,37,36.73,2,12,https://www1.mbrace.or.jp/od2/B/202609/b260902.lzh,2026-10-03T18:34:53.067704+09:00
20260902,13,尼崎,3,20260902-13-03,4,4253,西川真人,43,滋賀,56.0,B1,4.45,19.19,4.06,16.67,59,20.45,71,37.0,66,,https://www1.mbrace.or.jp/od2/B/202609/b260902.lzh,2026-10-03T18:34:53.067704+09:00
20260902,13,尼崎,3,20260902-13-03,5,5232,樅山拓馬,29,愛知,52.0,B1,5.29,32.29,4.8,36.0,13,40.78,47,25.49,4,10,https://www1.mbrace.or.jp/od2/B/202609/b260902.lzh,2026-10-03T18:34:53.067704+09:00
20260902,13,尼崎,3,20260902-13-03,6,5132,中野希一,27,埼玉,52.0,A1,6.61,52.85,6.26,47.83,25,38.83,55,35.05,21,8,https://www1.mbrace.or.jp/od2/B/202609/b260902.lzh,2026-10-03T18:34:53.067704+09:00
20260902,13,尼崎,4,20260902-13-04,1,5105,富田恕生,27,福岡,52.0,B1,4.33,23.36,4.76,29.41,50,25.0,57,38.14,55,,https://www1.mbrace.or.jp/od2/B/202609/b260902.lzh,2026-10-03T18:34:53.067704+09:00
20260902,13,尼崎,4,20260902-13-04,2,4086,寺本重宣,46,東京,50.0,A2,5.97,40.0,6.0,50.0,32,37.86,43,45.45,13,9,https://www1.mbrace.or.jp/od2/B/202609/b260902.lzh,2026-10-03T18:34:53.067704+09:00
20260902,13,尼崎,4,20260902-13-04,3,4697,國弘翔平,40,福岡,50.0,B1,4.26,20.22,3.88,12.5,45,34.62,56,44.0,3,12,https://www1.mbrace.or.jp/od2/B/202609/b260902.lzh,2026-10-03T18:34:53.067704+09:00
20260902,13,尼崎,4,20260902-13-04,4,5141,大澤風葵,25,群馬,51.0,A1,6.55,55.81,7.13,62.5,5,34.69,21,45.26,66,10,https://www1.mbrace.or.jp/od2/B/202609/b260902.lzh,2026-10-03T18:34:53.067704+09:00
20260902,13,尼崎,4,20260902-13-04,5,3617,竹田広樹,53,佐賀,53.0,B1,3.84,21.92,3.25,12.5,47,24.21,17,21.59,5,8,https://www1.mbrace.or.jp/od2/B/202609/b260902.lzh,2026-10-03T18:34:53.067704+09:00
20260902,13,尼崎,4,20260902-13-04,6,5183,中野孝二,27,三重,53.0,B1,5.18,32.05,4.78,22.22,42,19.39,65,36.27,43,,https://www1.mbrace.or.jp/od2/B/202609/b260902.lzh,2026-10-03T18:34:53.067704+09:00
20260902,13,尼崎,5,20260902-13-05,1,3406,中里英夫,58,群馬,52.0,B1,5.42,33.33,5.61,34.78,18,39.81,74,40.78,32,,https://www1.mbrace.or.jp/od2/B/202609/b260902.lzh,2026-10-03T18:34:53.067704+09:00
20260902,13,尼崎,5,20260902-13-05,2,3885,久田武,52,愛知,53.0,A2,5.09,31.87,5.32,35.71,58,21.11,16,21.78,3,12,https://www1.mbrace.or.jp/od2/B/202609/b260902.lzh,2026-10-03T18:34:53.067704+09:00
20260902,13,尼崎,5,20260902-13-05,3,4439,近藤友宝,40,埼玉,56.0,B1,3.91,16.67,4.18,17.65,24,30.0,23,32.65,3,10,https://www1.mbrace.or.jp/od2/B/202609/b260902.lzh,2026-10-03T18:34:53.067704+09:00
20260902,13,尼崎,5,20260902-13-05,4,5445,一ノ木匠,24,三重,52.0,B2,1.56,0.0,0.0,0.0,43,17.07,22,31.25,6,1,https://www1.mbrace.or.jp/od2/B/202609/b260902.lzh,2026-10-03T18:34:53.067704+09:00
20260902,13,尼崎,5,20260902-13-05,5,3224,栗山繁洋,61,佐賀,54.0,B1,3.91,19.75,3.51,16.36,36,38.0,20,30.0,4,9,https://www1.mbrace.or.jp/od2/B/202609/b260902.lzh,2026-10-03T18:34:53.067704+09:00
20260902,13,尼崎,5,20260902-13-05,6,3898,平田忠則,49,福岡,53.0,A1,7.49,61.67,6.42,42.11,8,35.58,14,30.0,12,11,https://www1.mbrace.or.jp/od2/B/202609/b260902.lzh,2026-10-03T18:34:53.067704+09:00
20260902,13,尼崎,6,20260902-13-06,1,4133,高橋正男,46,兵庫,53.0,A2,6.44,54.08,6.55,50.0,35,39.05,11,27.66,12,10,https://www1.mbrace.or.jp/od2/B/202609/b260902.lzh,2026-10-03T18:34:53.067704+09:00
20260902,13,尼崎,6,20260902-13-06,2,3939,渡辺真至,48,愛知,52.0,B2,5.23,33.85,5.59,29.63,41,17.72,39,34.74,5,1,https://www1.mbrace.or.jp/od2/B/202609/b260902.lzh,2026-10-03T18:34:53.067704+09:00
20260902,13,尼崎,6,20260902-13-06,3,4093,吉田宗弘,45,東京,50.0,B1,4.49,21.05,0.0,0.0,48,34.29,60,33.33,5,2,https://www1.mbrace.or.jp/od2/B/202609/b260902.lzh,2026-10-03T18:34:53.067704+09:00
20260902,13,尼崎,6,20260902-13-06,4,4488,小山勉,40,埼玉,54.0,A1,6.56,52.48,6.93,53.33,56,49.5,72,39.58,14,12,https://www1.mbrace.or.jp/od2/B/202609/b260902.lzh,2026-10-03T18:34:53.067704+09:00
20260902,13,尼崎,6,20260902-13-06,5,5170,佐藤太亮,25,岡山,51.0,B1,5.52,34.57,5.69,34.62,10,34.0,58,28.57,5,11,https://www1.mbrace.or.jp/od2/B/202609/b260902.lzh,2026-10-03T18:34:53.067704+09:00
20260902,13,尼崎,6,20260902-13-06,6,3602,奥平拓也,56,東京,51.0,B1,4.21,19.05,3.77,11.43,62,27.47,63,26.26,36,,https://www1.mbrace.or.jp/od2/B/202609/b260902.lzh,2026-10-03T18:34:53.067704+09:00
20260902,13,尼崎,7,20260902-13-07,1,4735,角山雄哉,35,兵庫,54.0,B1,4.85,29.41,5.51,32.65,4,51.04,45,38.3,14,,https://www1.mbrace.or.jp/od2/B/202609/b260902.lzh,2026-10-03T18:34:53.067704+09:00
20260902,13,尼崎,7,20260902-13-07,2,3583,齋藤智裕,53,埼玉,60.0,B1,3.54,14.47,3.71,28.57,60,29.47,68,26.44,6,1,https://www1.mbrace.or.jp/od2/B/202609/b260902.lzh,2026-10-03T18:34:53.067704+09:00
20260902,13,尼崎,7,20260902-13-07,3,5125,高井雄基,30,愛知,51.0,A2,4.86,27.08,5.28,24.0,29,27.37,38,38.0,26,,https://www1.mbrace.or.jp/od2/B/202609/b260902.lzh,2026-10-03T18:34:53.067704+09:00
20260902,13,尼崎,7,20260902-13-07,4,5394,福西広太,24,埼玉,51.0,B1,3.18,9.09,4.0,0.0,15,39.81,69,26.6,5,2,https://www1.mbrace.or.jp/od2/B/202609/b260902.lzh,2026-10-03T18:34:53.067704+09:00
20260902,13,尼崎,7,20260902-13-07,5,4786,佐藤博亮,38,愛知,55.0,A1,6.55,53.91,7.36,60.0,7,32.65,36,44.19,55,12,https://www1.mbrace.or.jp/od2/B/202609/b260902.lzh,2026-10-03T18:34:53.067704+09:00
20260902,13,尼崎,7,20260902-13-07,6,4180,上野秀和,43,福岡,55.0,A2,5.3,31.25,3.44,5.56,55,45.0,41,34.48,1,3,https://www1.mbrace.or.jp/od2/B/202609/b260902.lzh,2026-10-03T18:34:53.067704+09:00
20260902,13,尼崎,8,20260902-13-08,1,3617,竹田広樹,53,佐賀,53.0,B1,3.84,21.92,3.25,12.5,47,24.21,17,21.59,5,4,https://www1.mbrace.or.jp/od2/B/202609/b260902.lzh,2026-10-03T18:34:53.067704+09:00
20260902,13,尼崎,8,20260902-13-08,2,4618,乃村康友,43,三重,55.0,B1,5.06,32.31,4.07,20.0,37,39.22,62,27.45,42,,https://www1.mbrace.or.jp/od2/B/202609/b260902.lzh,2026-10-03T18:34:53.067704+09:00
20260902,13,尼崎,8,20260902-13-08,3,5132,中野希一,27,埼玉,52.0,A1,6.61,52.85,6.26,47.83,25,38.83,55,35.05,21,3,https://www1.mbrace.or.jp/od2/B/202609/b260902.lzh,2026-10-03T18:34:53.067704+09:00
20260902,13,尼崎,8,20260902-13-08,4,5029,中亮太,29,福岡,54.0,A1,6.92,54.92,3.86,28.57,51,22.45,44,40.0,21,1,https://www1.mbrace.or.jp/od2/B/202609/b260902.lzh,2026-10-03T18:34:53.067704+09:00
20260902,13,尼崎,8,20260902-13-08,5,4648,木村亮太,42,兵庫,53.0,B1,5.52,39.24,5.39,33.33,9,45.92,28,26.6,23,,https://www1.mbrace.or.jp/od2/B/202609/b260902.lzh,2026-10-03T18:34:53.067704+09:00
20260902,13,尼崎,8,20260902-13-08,6,3905,天野友和,48,愛知,54.0,A2,5.86,37.86,5.67,37.5,17,40.0,75,39.13,4,2,https://www1.mbrace.or.jp/od2/B/202609/b260902.lzh,2026-10-03T18:34:53.067704+09:00
20260902,13,尼崎,9,20260902-13-09,1,4413,水摩敦,40,福岡,52.0,A2,5.97,38.26,5.72,41.3,21,20.41,24,28.13,S4,,https://www1.mbrace.or.jp/od2/B/202609/b260902.lzh,2026-10-03T18:34:53.067704+09:00
20260902,13,尼崎,9,20260902-13-09,2,3224,栗山繁洋,61,佐賀,54.0,B1,3.91,19.75,3.51,16.36,36,38.0,20,30.0,4,5,https://www1.mbrace.or.jp/od2/B/202609/b260902.lzh,2026-10-03T18:34:53.067704+09:00
20260902,13,尼崎,9,20260902-13-09,3,4074,柳沢一,45,愛知,52.0,A1,6.63,49.12,6.24,47.06,49,30.69,42,34.0,13,2,https://www1.mbrace.or.jp/od2/B/202609/b260902.lzh,2026-10-03T18:34:53.067704+09:00
20260902,13,尼崎,9,20260902-13-09,4,4533,峰重侑治,37,岡山,50.0,B1,4.17,20.0,6.92,69.23,26,41.0,70,29.9,45,,https://www1.mbrace.or.jp/od2/B/202609/b260902.lzh,2026-10-03T18:34:53.067704+09:00
20260902,13,尼崎,9,20260902-13-09,5,4892,柴田直哉,36,福岡,53.0,B1,5.14,32.32,5.11,33.33,57,33.33,18,33.33,6,1,https://www1.mbrace.or.jp/od2/B/202609/b260902.lzh,2026-10-03T18:34:53.067704+09:00
20260902,13,尼崎,9,20260902-13-09,6,4086,寺本重宣,46,東京,50.0,A2,5.97,40.0,6.0,50.0,32,37.86,43,45.45,13,4,https://www1.mbrace.or.jp/od2/B/202609/b260902.lzh,2026-10-03T18:34:53.067704+09:00
20260902,13,尼崎,10,20260902-13-10,1,5141,大澤風葵,25,群馬,51.0,A1,6.55,55.81,7.13,62.5,5,34.69,21,45.26,66,4,https://www1.mbrace.or.jp/od2/B/202609/b260902.lzh,2026-10-03T18:34:53.067704+09:00
20260902,13,尼崎,10,20260902-13-10,2,5022,伊藤尚汰,31,福岡,50.0,B1,4.38,30.86,5.58,34.62,53,32.65,46,40.22,3,2,https://www1.mbrace.or.jp/od2/B/202609/b260902.lzh,2026-10-03T18:34:53.067704+09:00
20260902,13,尼崎,10,20260902-13-10,3,5232,樅山拓馬,29,愛知,52.0,B1,5.29,32.29,4.8,36.0,13,40.78,47,25.49,4,3,https://www1.mbrace.or.jp/od2/B/202609/b260902.lzh,2026-10-03T18:34:53.067704+09:00
20260902,13,尼崎,10,20260902-13-10,4,4124,池田雄一,44,静岡,53.0,A2,5.99,40.0,5.83,38.89,46,30.53,49,36.73,35,,https://www1.mbrace.or.jp/od2/B/202609/b260902.lzh,2026-10-03T18:34:53.067704+09:00
20260902,13,尼崎,10,20260902-13-10,5,4133,高橋正男,46,兵庫,53.0,A2,6.44,54.08,6.55,50.0,35,39.05,11,27.66,12,6,https://www1.mbrace.or.jp/od2/B/202609/b260902.lzh,2026-10-03T18:34:53.067704+09:00
20260902,13,尼崎,10,20260902-13-10,6,4439,近藤友宝,40,埼玉,56.0,B1,3.91,16.67,4.18,17.65,24,30.0,23,32.65,3,5,https://www1.mbrace.or.jp/od2/B/202609/b260902.lzh,2026-10-03T18:34:53.067704+09:00
20260902,13,尼崎,11,20260902-13-11,1,3968,茶谷信次,50,滋賀,53.0,A2,4.99,27.03,5.67,23.81,6,20.41,54,32.99,25,,https://www1.mbrace.or.jp/od2/B/202609/b260902.lzh,2026-10-03T18:34:53.067704+09:00
20260902,13,尼崎,11,20260902-13-11,2,3898,平田忠則,49,福岡,53.0,A1,7.49,61.67,6.42,42.11,8,35.58,14,30.0,12,5,https://www1.mbrace.or.jp/od2/B/202609/b260902.lzh,2026-10-03T18:34:53.067704+09:00
20260902,13,尼崎,11,20260902-13-11,3,5170,佐藤太亮,25,岡山,51.0,B1,5.52,34.57,5.69,34.62,10,34.0,58,28.57,5,6,https://www1.mbrace.or.jp/od2/B/202609/b260902.lzh,2026-10-03T18:34:53.067704+09:00
20260902,13,尼崎,11,20260902-13-11,4,3502,渡邉英児,57,静岡,54.0,A2,5.69,36.54,7.75,62.5,11,33.33,25,28.13,61,,https://www1.mbrace.or.jp/od2/B/202609/b260902.lzh,2026-10-03T18:34:53.067704+09:00
20260902,13,尼崎,11,20260902-13-11,5,3211,北川敏弘,64,佐賀,53.0,B1,4.11,17.39,0.0,0.0,54,41.18,27,16.13,26,,https://www1.mbrace.or.jp/od2/B/202609/b260902.lzh,2026-10-03T18:34:53.067704+09:00
20260902,13,尼崎,11,20260902-13-11,6,5178,成貞琳平,30,愛知,54.0,B1,4.19,18.56,2.44,6.25,52,24.0,30,36.0,3,1,https://www1.mbrace.or.jp/od2/B/202609/b260902.lzh,2026-10-03T18:34:53.067704+09:00
20260902,13,尼崎,12,20260902-13-12,1,4488,小山勉,40,埼玉,54.0,A1,6.56,52.48,6.93,53.33,56,49.5,72,39.58,14,6,https://www1.mbrace.or.jp/od2/B/202609/b260902.lzh,2026-10-03T18:34:53.067704+09:00
20260902,13,尼崎,12,20260902-13-12,2,3745,橋本年光,51,兵庫,53.0,B1,5.35,28.41,5.03,21.74,19,24.14,64,35.92,11,,https://www1.mbrace.or.jp/od2/B/202609/b260902.lzh,2026-10-03T18:34:53.067704+09:00
20260902,13,尼崎,12,20260902-13-12,3,4786,佐藤博亮,38,愛知,55.0,A1,6.55,53.91,7.36,60.0,7,32.65,36,44.19,55,7,https://www1.mbrace.or.jp/od2/B/202609/b260902.lzh,2026-10-03T18:34:53.067704+09:00
20260902,13,尼崎,12,20260902-13-12,4,4697,國弘翔平,40,福岡,50.0,B1,4.26,20.22,3.88,12.5,45,34.62,56,44.0,3,4,https://www1.mbrace.or.jp/od2/B/202609/b260902.lzh,2026-10-03T18:34:53.067704+09:00
20260902,13,尼崎,12,20260902-13-12,5,3885,久田武,52,愛知,53.0,A2,5.09,31.87,5.32,35.71,58,21.11,16,21.78,3,5,https://www1.mbrace.or.jp/od2/B/202609/b260902.lzh,2026-10-03T18:34:53.067704+09:00
20260902,13,尼崎,12,20260902-13-12,6,4245,高橋直哉,44,東京,52.0,B1,4.33,20.99,4.91,27.27,33,24.47,37,36.73,2,3,https://www1.mbrace.or.jp/od2/B/202609/b260902.lzh,2026-10-03T18:34:53.067704+09:00
20260902,12,住之江,1,20260902-12-01,1,3642,大塚浩二,55,静岡,52.0,B1,4.39,14.29,4.85,30.0,20,46.59,33,41.67,5,9,https://www1.mbrace.or.jp/od2/B/202609/b260902.lzh,2026-10-03T18:34:53.067704+09:00
20260902,12,住之江,1,20260902-12-01,2,4143,浦田晃嗣,45,佐賀,56.0,B1,3.89,19.54,4.27,27.27,50,24.42,12,40.96,34,,https://www1.mbrace.or.jp/od2/B/202609/b260902.lzh,2026-10-03T18:34:53.067704+09:00
20260902,12,住之江,1,20260902-12-01,3,3910,松下知幸,52,香川,51.0,B1,4.16,18.99,3.46,10.26,68,28.4,54,28.21,6,7,https://www1.mbrace.or.jp/od2/B/202609/b260902.lzh,2026-10-03T18:34:53.067704+09:00
20260902,12,住之江,1,20260902-12-01,4,4934,佐々木翔,30,大阪,56.0,A2,5.3,30.86,5.51,37.68,74,33.7,66,29.87,41,8,https://www1.mbrace.or.jp/od2/B/202609/b260902.lzh,2026-10-03T18:34:53.067704+09:00
20260902,12,住之江,1,20260902-12-01,5,3889,須藤隆雄,51,群馬,56.0,B1,3.54,18.31,3.24,17.65,61,33.33,13,38.55,2,6,https://www1.mbrace.or.jp/od2/B/202609/b260902.lzh,2026-10-03T18:34:53.067704+09:00
20260902,12,住之江,1,20260902-12-01,6,5360,高木茉白,19,埼玉,46.0,B1,3.52,18.0,1.64,0.0,12,27.06,60,32.58,5,10,https://www1.mbrace.or.jp/od2/B/202609/b260902.lzh,2026-10-03T18:34:53.067704+09:00
20260902,12,住之江,2,20260902-12-02,1,3904,森貴洋,49,大阪,55.0,B1,4.95,31.51,6.23,46.67,73,35.16,56,30.67,22,,https://www1.mbrace.or.jp/od2/B/202609/b260902.lzh,2026-10-03T18:34:53.067704+09:00
20260902,12,住之江,2,20260902-12-02,2,5006,久保原秀,29,群馬,55.0,B1,2.61,7.23,2.97,9.38,67,30.43,62,29.73,3,8,https://www1.mbrace.or.jp/od2/B/202609/b260902.lzh,2026-10-03T18:34:53.067704+09:00
20260902,12,住之江,2,20260902-12-02,3,3458,東健介,59,岡山,55.0,B1,3.54,13.16,4.46,25.0,25,31.46,80,32.5,2,9,https://www1.mbrace.or.jp/od2/B/202609/b260902.lzh,2026-10-03T18:34:53.067704+09:00
20260902,12,住之江,2,20260902-12-02,4,4526,池田雄祐,38,愛知,51.0,A2,4.88,26.79,5.72,44.44,65,21.35,64,29.67,1,12,https://www1.mbrace.or.jp/od2/B/202609/b260902.lzh,2026-10-03T18:34:53.067704+09:00
20260902,12,住之江,2,20260902-12-02,5,5471,田中結,17,大阪,49.0,B2,1.45,0.0,1.5,0.0,71,34.78,26,40.0,6,,https://www1.mbrace.or.jp/od2/B/202609/b260902.lzh,2026-10-03T18:34:53.067704+09:00
20260902,12,住之江,2,20260902-12-02,6,5287,滝沢織寧,26,埼玉,47.0,B1,3.83,14.81,3.0,0.0,76,18.29,53,32.18,6,10,https://www1.mbrace.or.jp/od2/B/202609/b260902.lzh,2026-10-03T18:34:53.067704+09:00
20260902,12,住之江,3,20260902-12-03,1,5061,中村駿平,29,愛知,54.0,B1,2.73,6.82,3.36,18.18,59,26.14,85,33.72,6,7,https://www1.mbrace.or.jp/od2/B/202609/b260902.lzh,2026-10-03T18:34:53.067704+09:00
20260902,12,住之江,3,20260902-12-03,2,4487,三原司,40,福岡,53.0,B1,4.38,20.25,5.14,28.57,35,35.56,71,35.71,44,,https://www1.mbrace.or.jp/od2/B/202609/b260902.lzh,2026-10-03T18:34:53.067704+09:00
20260902,12,住之江,3,20260902-12-03,3,5147,田中勇輔,32,埼玉,50.0,B1,4.31,20.51,4.43,42.86,66,37.23,61,30.0,56,,https://www1.mbrace.or.jp/od2/B/202609/b260902.lzh,2026-10-03T18:34:53.067704+09:00
20260902,12,住之江,3,20260902-12-03,4,4817,渡邉翼,35,山口,51.0,A1,6.14,47.44,5.08,33.33,75,27.27,73,35.96,2,12,https://www1.mbrace.or.jp/od2/B/202609/b260902.lzh,2026-10-03T18:34:53.067704+09:00
20260902,12,住之江,3,20260902-12-03,5,5057,上田紗奈,30,大阪,46.0,B1,5.82,44.94,5.47,35.53,83,24.1,18,26.39,1,10,https://www1.mbrace.or.jp/od2/B/202609/b260902.lzh,2026-10-03T18:34:53.067704+09:00
20260902,12,住之江,3,20260902-12-03,6,5209,小野京平,28,福岡,55.0,B1,3.72,13.85,1.29,0.0,57,43.96,37,32.93,3,9,https://www1.mbrace.or.jp/od2/B/202609/b260902.lzh,2026-10-03T18:34:53.067704+09:00
20260902,12,住之江,4,20260902-12-04,1,4947,間庭菜摘,34,福岡,48.0,B1,4.67,19.3,4.33,13.33,62,27.78,84,22.08,2,10,https://www1.mbrace.or.jp/od2/B/202609/b260902.lzh,2026-10-03T18:34:53.067704+09:00
20260902,12,住之江,4,20260902-12-04,2,3436,柏野幸二,57,岡山,50.0,A2,5.79,39.44,5.11,33.33,70,40.66,25,27.27,4,11,https://www1.mbrace.or.jp/od2/B/202609/b260902.lzh,2026-10-03T18:34:53.067704+09:00
20260902,12,住之江,4,20260902-12-04,3,5367,赤松咲香,24,徳島,50.0,B2,1.85,5.77,1.59,0.0,26,29.55,70,22.62,5,,https://www1.mbrace.or.jp/od2/B/202609/b260902.lzh,2026-10-03T18:34:53.067704+09:00
20260902,12,住之江,4,20260902-12-04,4,4931,木谷賢太,30,香川,53.0,A1,6.78,52.59,6.14,42.86,78,12.66,52,28.05,35,12,https://www1.mbrace.or.jp/od2/B/202609/b260902.lzh,2026-10-03T18:34:53.067704+09:00
20260902,12,住之江,4,20260902-12-04,5,3892,草場康幸,50,佐賀,53.0,B1,4.99,31.82,5.5,44.44,14,25.26,38,27.27,63,,https://www1.mbrace.or.jp/od2/B/202609/b260902.lzh,2026-10-03T18:34:53.067704+09:00
20260902,12,住之江,4,20260902-12-04,6,4636,赤池修平,36,徳島,52.0,B1,3.65,17.39,2.86,21.43,52,32.97,20,34.52,4,8,https://www1.mbrace.or.jp/od2/B/202609/b260902.lzh,2026-10-03T18:34:53.067704+09:00
20260902,12,住之江,5,20260902-12-05,1,4171,榎幸司,43,長崎,53.0,A2,6.25,46.96,6.14,45.1,16,38.78,74,25.0,25,11,https://www1.mbrace.or.jp/od2/B/202609/b260902.lzh,2026-10-03T18:34:53.067704+09:00
20260902,12,住之江,5,20260902-12-05,2,3974,深山祐二,49,佐賀,52.0,B1,4.35,24.42,3.37,14.81,64,51.65,88,34.57,36,,https://www1.mbrace.or.jp/od2/B/202609/b260902.lzh,2026-10-03T18:34:53.067704+09:00
20260902,12,住之江,5,20260902-12-05,3,4293,鈴木智啓,41,愛知,60.0,B1,4.78,26.0,7.9,70.0,55,41.11,75,34.15,25,,https://www1.mbrace.or.jp/od2/B/202609/b260902.lzh,2026-10-03T18:34:53.067704+09:00
20260902,12,住之江,5,20260902-12-05,4,5020,宮村勇哉,34,三重,54.0,B1,5.05,31.58,4.7,40.74,33,31.87,21,34.48,16,,https://www1.mbrace.or.jp/od2/B/202609/b260902.lzh,2026-10-03T18:34:53.067704+09:00
20260902,12,住之江,5,20260902-12-05,5,5416,龍田真白,20,三重,43.0,B1,2.87,10.29,0.0,0.0,11,43.48,68,28.72,4,10,https://www1.mbrace.or.jp/od2/B/202609/b260902.lzh,2026-10-03T18:34:53.067704+09:00
20260902,12,住之江,5,20260902-12-05,6,3744,徳増秀樹,51,静岡,53.0,A1,6.16,44.63,6.49,48.57,56,32.22,34,28.77,51,9,https://www1.mbrace.or.jp/od2/B/202609/b260902.lzh,2026-10-03T18:34:53.067704+09:00
20260902,12,住之江,6,20260902-12-06,1,3889,須藤隆雄,51,群馬,56.0,B1,3.54,18.31,3.24,17.65,61,33.33,13,38.55,2,1,https://www1.mbrace.or.jp/od2/B/202609/b260902.lzh,2026-10-03T18:34:53.067704+09:00
20260902,12,住之江,6,20260902-12-06,2,3304,烏野賢太,58,徳島,52.0,A1,5.52,32.46,5.72,37.93,53,32.18,90,28.26,1,12,https://www1.mbrace.or.jp/od2/B/202609/b260902.lzh,2026-10-03T18:34:53.067704+09:00
20260902,12,住之江,6,20260902-12-06,3,4942,柴田朋哉,36,福岡,54.0,B1,5.76,39.05,4.56,18.75,29,42.39,17,46.25,14,,https://www1.mbrace.or.jp/od2/B/202609/b260902.lzh,2026-10-03T18:34:53.067704+09:00
20260902,12,住之江,6,20260902-12-06,4,5218,山田理央,26,香川,45.0,A1,6.15,40.23,4.67,11.11,17,39.08,83,30.68,4,10,https://www1.mbrace.or.jp/od2/B/202609/b260902.lzh,2026-10-03T18:34:53.067704+09:00
20260902,12,住之江,6,20260902-12-06,5,4563,齋藤真之,38,岡山,53.0,B1,3.95,22.22,3.78,5.56,19,36.84,78,29.07,52,,https://www1.mbrace.or.jp/od2/B/202609/b260902.lzh,2026-10-03T18:34:53.067704+09:00
20260902,12,住之江,6,20260902-12-06,6,4700,金子和之,39,埼玉,54.0,A2,5.96,39.22,0.0,0.0,23,30.11,32,36.36,3,11,https://www1.mbrace.or.jp/od2/B/202609/b260902.lzh,2026-10-03T18:34:53.067704+09:00
20260902,12,住之江,7,20260902-12-07,1,4979,中野夢斗,30,愛知,52.0,B1,4.91,28.72,5.52,38.1,21,19.54,27,24.71,63,,https://www1.mbrace.or.jp/od2/B/202609/b260902.lzh,2026-10-03T18:34:53.067704+09:00
20260902,12,住之江,7,20260902-12-07,2,4466,南佑典,40,三重,51.0,A2,5.67,39.0,5.72,31.25,36,12.64,24,41.18,3,12,https://www1.mbrace.or.jp/od2/B/202609/b260902.lzh,2026-10-03T18:34:53.067704+09:00
20260902,12,住之江,7,20260902-12-07,3,4069,山本修一,46,岡山,53.0,A2,5.68,37.37,6.8,60.0,22,38.04,22,42.86,41,,https://www1.mbrace.or.jp/od2/B/202609/b260902.lzh,2026-10-03T18:34:53.067704+09:00
20260902,12,住之江,7,20260902-12-07,4,5061,中村駿平,29,愛知,54.0,B1,2.73,6.82,3.36,18.18,59,26.14,85,33.72,6,3,https://www1.mbrace.or.jp/od2/B/202609/b260902.lzh,2026-10-03T18:34:53.067704+09:00
20260902,12,住之江,7,20260902-12-07,5,3576,白水勝也,53,福岡,51.0,A1,6.38,45.74,6.5,50.0,63,23.46,81,38.96,34,,https://www1.mbrace.or.jp/od2/B/202609/b260902.lzh,2026-10-03T18:34:53.067704+09:00
20260902,12,住之江,7,20260902-12-07,6,3910,松下知幸,52,香川,51.0,B1,4.16,18.99,3.46,10.26,68,28.4,54,28.21,6,1,https://www1.mbrace.or.jp/od2/B/202609/b260902.lzh,2026-10-03T18:34:53.067704+09:00
20260902,12,住之江,8,20260902-12-08,1,4299,中島浩哉,43,長崎,54.0,B1,4.38,18.75,4.36,13.64,85,34.48,35,29.21,25,,https://www1.mbrace.or.jp/od2/B/202609/b260902.lzh,2026-10-03T18:34:53.067704+09:00
20260902,12,住之江,8,20260902-12-08,2,4934,佐々木翔,30,大阪,56.0,A2,5.3,30.86,5.51,37.68,74,33.7,66,29.87,41,1,https://www1.mbrace.or.jp/od2/B/202609/b260902.lzh,2026-10-03T18:34:53.067704+09:00
20260902,12,住之江,8,20260902-12-08,3,5006,久保原秀,29,群馬,55.0,B1,2.61,7.23,2.97,9.38,67,30.43,62,29.73,3,2,https://www1.mbrace.or.jp/od2/B/202609/b260902.lzh,2026-10-03T18:34:53.067704+09:00
20260902,12,住之江,8,20260902-12-08,4,4636,赤池修平,36,徳島,52.0,B1,3.65,17.39,2.86,21.43,52,32.97,20,34.52,4,4,https://www1.mbrace.or.jp/od2/B/202609/b260902.lzh,2026-10-03T18:34:53.067704+09:00
20260902,12,住之江,8,20260902-12-08,5,4475,末永祐輝,38,山口,54.0,A1,5.45,30.25,4.63,25.0,54,35.79,23,28.57,16,,https://www1.mbrace.or.jp/od2/B/202609/b260902.lzh,2026-10-03T18:34:53.067704+09:00
20260902,12,住之江,8,20260902-12-08,6,4402,乙藤智史,41,福岡,55.0,A2,6.25,46.46,4.97,33.33,37,30.11,86,29.33,2,12,https://www1.mbrace.or.jp/od2/B/202609/b260902.lzh,2026-10-03T18:34:53.067704+09:00
20260902,12,住之江,9,20260902-12-09,1,3831,安藤裕貴,52,愛知,54.0,B1,4.34,25.56,3.92,23.08,34,31.91,77,32.94,55,,https://www1.mbrace.or.jp/od2/B/202609/b260902.lzh,2026-10-03T18:34:53.067704+09:00
20260902,12,住之江,9,20260902-12-09,2,3744,徳増秀樹,51,静岡,53.0,A1,6.16,44.63,6.49,48.57,56,32.22,34,28.77,51,5,https://www1.mbrace.or.jp/od2/B/202609/b260902.lzh,2026-10-03T18:34:53.067704+09:00
20260902,12,住之江,9,20260902-12-09,3,4643,近江翔吾,33,香川,52.0,A2,6.49,47.67,6.24,39.47,15,28.24,15,27.91,14,,https://www1.mbrace.or.jp/od2/B/202609/b260902.lzh,2026-10-03T18:34:53.067704+09:00
20260902,12,住之江,9,20260902-12-09,4,5209,小野京平,28,福岡,55.0,B1,3.72,13.85,1.29,0.0,57,43.96,37,32.93,3,3,https://www1.mbrace.or.jp/od2/B/202609/b260902.lzh,2026-10-03T18:34:53.067704+09:00
20260902,12,住之江,9,20260902-12-09,5,3642,大塚浩二,55,静岡,52.0,B1,4.39,14.29,4.85,30.0,20,46.59,33,41.67,5,1,https://www1.mbrace.or.jp/od2/B/202609/b260902.lzh,2026-10-03T18:34:53.067704+09:00
20260902,12,住之江,9,20260902-12-09,6,3458,東健介,59,岡山,55.0,B1,3.54,13.16,4.46,25.0,25,31.46,80,32.5,2,2,https://www1.mbrace.or.jp/od2/B/202609/b260902.lzh,2026-10-03T18:34:53.067704+09:00
20260902,12,住之江,10,20260902-12-10,1,5218,山田理央,26,香川,45.0,A1,6.15,40.23,4.67,11.11,17,39.08,83,30.68,4,6,https://www1.mbrace.or.jp/od2/B/202609/b260902.lzh,2026-10-03T18:34:53.067704+09:00
20260902,12,住之江,10,20260902-12-10,2,5057,上田紗奈,30,大阪,46.0,B1,5.82,44.94,5.47,35.53,83,24.1,18,26.39,1,3,https://www1.mbrace.or.jp/od2/B/202609/b260902.lzh,2026-10-03T18:34:53.067704+09:00
20260902,12,住之江,10,20260902-12-10,3,5287,滝沢織寧,26,埼玉,47.0,B1,3.83,14.81,3.0,0.0,76,18.29,53,32.18,6,2,https://www1.mbrace.or.jp/od2/B/202609/b260902.lzh,2026-10-03T18:34:53.067704+09:00
20260902,12,住之江,10,20260902-12-10,4,5360,高木茉白,19,埼玉,46.0,B1,3.52,18.0,1.64,0.0,12,27.06,60,32.58,5,1,https://www1.mbrace.or.jp/od2/B/202609/b260902.lzh,2026-10-03T18:34:53.067704+09:00
20260902,12,住之江,10,20260902-12-10,5,4947,間庭菜摘,34,福岡,48.0,B1,4.67,19.3,4.33,13.33,62,27.78,84,22.08,2,4,https://www1.mbrace.or.jp/od2/B/202609/b260902.lzh,2026-10-03T18:34:53.067704+09:00
20260902,12,住之江,10,20260902-12-10,6,5416,龍田真白,20,三重,43.0,B1,2.87,10.29,0.0,0.0,11,43.48,68,28.72,4,5,https://www1.mbrace.or.jp/od2/B/202609/b260902.lzh,2026-10-03T18:34:53.067704+09:00
20260902,12,住之江,11,20260902-12-11,1,4278,藤岡俊介,43,兵庫,52.0,A1,7.02,59.65,6.46,43.59,13,27.06,58,30.77,33,,https://www1.mbrace.or.jp/od2/B/202609/b260902.lzh,2026-10-03T18:34:53.067704+09:00
20260902,12,住之江,11,20260902-12-11,2,4700,金子和之,39,埼玉,54.0,A2,5.96,39.22,0.0,0.0,23,30.11,32,36.36,3,6,https://www1.mbrace.or.jp/od2/B/202609/b260902.lzh,2026-10-03T18:34:53.067704+09:00
20260902,12,住之江,11,20260902-12-11,3,4171,榎幸司,43,長崎,53.0,A2,6.25,46.96,6.14,45.1,16,38.78,74,25.0,25,5,https://www1.mbrace.or.jp/od2/B/202609/b260902.lzh,2026-10-03T18:34:53.067704+09:00
20260902,12,住之江,11,20260902-12-11,4,3484,芝田浩治,54,兵庫,53.0,A2,5.83,44.57,5.24,36.59,38,50.0,19,18.82,16,,https://www1.mbrace.or.jp/od2/B/202609/b260902.lzh,2026-10-03T18:34:53.067704+09:00
20260902,12,住之江,11,20260902-12-11,5,3436,柏野幸二,57,岡山,50.0,A2,5.79,39.44,5.11,33.33,70,40.66,25,27.27,4,4,https://www1.mbrace.or.jp/od2/B/202609/b260902.lzh,2026-10-03T18:34:53.067704+09:00
20260902,12,住之江,11,20260902-12-11,6,4736,高倉和士,35,福岡,53.0,A1,7.13,56.41,5.55,27.27,81,23.38,67,37.35,12,,https://www1.mbrace.or.jp/od2/B/202609/b260902.lzh,2026-10-03T18:34:53.067704+09:00
20260902,12,住之江,12,20260902-12-12,1,4931,木谷賢太,30,香川,53.0,A1,6.78,52.59,6.14,42.86,78,12.66,52,28.05,35,4,https://www1.mbrace.or.jp/od2/B/202609/b260902.lzh,2026-10-03T18:34:53.067704+09:00
20260902,12,住之江,12,20260902-12-12,2,4526,池田雄祐,38,愛知,51.0,A2,4.88,26.79,5.72,44.44,65,21.35,64,29.67,1,2,https://www1.mbrace.or.jp/od2/B/202609/b260902.lzh,2026-10-03T18:34:53.067704+09:00
20260902,12,住之江,12,20260902-12-12,3,4402,乙藤智史,41,福岡,55.0,A2,6.25,46.46,4.97,33.33,37,30.11,86,29.33,2,8,https://www1.mbrace.or.jp/od2/B/202609/b260902.lzh,2026-10-03T18:34:53.067704+09:00
20260902,12,住之江,12,20260902-12-12,4,4466,南佑典,40,三重,51.0,A2,5.67,39.0,5.72,31.25,36,12.64,24,41.18,3,7,https://www1.mbrace.or.jp/od2/B/202609/b260902.lzh,2026-10-03T18:34:53.067704+09:00
20260902,12,住之江,12,20260902-12-12,5,3304,烏野賢太,58,徳島,52.0,A1,5.52,32.46,5.72,37.93,53,32.18,90,28.26,1,6,https://www1.mbrace.or.jp/od2/B/202609/b260902.lzh,2026-10-03T18:34:53.067704+09:00
20260902,12,住之江,12,20260902-12-12,6,4817,渡邉翼,35,山口,51.0,A1,6.14,47.44,5.08,33.33,75,27.27,73,35.96,2,3,https://www1.mbrace.or.jp/od2/B/202609/b260902.lzh,2026-10-03T18:34:53.067704+09:00
20260902,08,常滑,1,20260902-08-01,1,3811,石田章央,50,静岡,55.0,A1,6.34,49.25,6.92,57.69,16,38.7,49,5.56,2 5351,10,https://www1.mbrace.or.jp/od2/B/202609/b260902.lzh,2026-10-03T18:34:53.067704+09:00
20260902,08,常滑,1,20260902-08-01,2,3699,富永正人,53,埼玉,52.0,B1,4.24,20.73,5.21,41.38,33,27.42,24,36.84,4 5235,6,https://www1.mbrace.or.jp/od2/B/202609/b260902.lzh,2026-10-03T18:34:53.067704+09:00
20260902,08,常滑,1,20260902-08-01,3,3718,伊達正利,51,静岡,57.0,B1,4.47,25.26,3.97,20.51,45,29.87,28,37.84,3 3646,,https://www1.mbrace.or.jp/od2/B/202609/b260902.lzh,2026-10-03T18:34:53.067704+09:00
20260902,08,常滑,1,20260902-08-01,4,4203,小倉康典,44,群馬,53.0,B1,4.15,22.68,4.29,19.05,34,26.2,33,14.81,255 26,,https://www1.mbrace.or.jp/od2/B/202609/b260902.lzh,2026-10-03T18:34:53.067704+09:00
20260902,08,常滑,1,20260902-08-01,5,3605,中村守成,54,三重,54.0,B1,4.15,18.95,3.94,15.63,39,39.05,58,39.53,4 4455,,https://www1.mbrace.or.jp/od2/B/202609/b260902.lzh,2026-10-03T18:34:53.067704+09:00
20260902,08,常滑,1,20260902-08-01,6,5467,野村羽玖,19,大阪,50.0,B2,2.28,0.0,0.0,0.0,14,48.15,71,43.9,154 65,,https://www1.mbrace.or.jp/od2/B/202609/b260902.lzh,2026-10-03T18:34:53.067704+09:00
20260902,08,常滑,2,20260902-08-02,1,4186,小川時光,45,埼玉,56.0,B1,3.6,17.02,3.47,16.67,42,39.37,37,23.81,3 336,6,https://www1.mbrace.or.jp/od2/B/202609/b260902.lzh,2026-10-03T18:34:53.067704+09:00
20260902,08,常滑,2,20260902-08-02,2,4608,荒井翔伍,36,東京,56.0,A2,5.89,40.43,5.94,38.89,28,31.08,75,42.55,13455,9,https://www1.mbrace.or.jp/od2/B/202609/b260902.lzh,2026-10-03T18:34:53.067704+09:00
20260902,08,常滑,2,20260902-08-02,3,4467,渡邉俊介,39,愛知,51.0,A1,6.43,42.52,5.94,38.46,41,35.65,57,44.19,453 16,8,https://www1.mbrace.or.jp/od2/B/202609/b260902.lzh,2026-10-03T18:34:53.067704+09:00
20260902,08,常滑,2,20260902-08-02,4,4695,尾崎雄二,40,長崎,54.0,A2,5.4,40.38,4.3,21.74,50,33.95,76,34.78,3 6243,7,https://www1.mbrace.or.jp/od2/B/202609/b260902.lzh,2026-10-03T18:34:53.067704+09:00
20260902,08,常滑,2,20260902-08-02,5,4248,岡本大,44,長崎,55.0,B1,4.56,25.0,4.81,31.25,26,34.35,66,23.53,324 46,9,https://www1.mbrace.or.jp/od2/B/202609/b260902.lzh,2026-10-03T18:34:53.067704+09:00
20260902,08,常滑,2,20260902-08-02,6,5425,西山育,24,三重,56.0,B2,1.36,0.0,1.0,0.0,32,29.58,77,36.96,6 665,8,https://www1.mbrace.or.jp/od2/B/202609/b260902.lzh,2026-10-03T18:34:53.067704+09:00
20260902,08,常滑,3,20260902-08-03,1,4401,小林泰,41,東京,53.0,A2,5.66,40.59,6.18,46.43,21,34.09,39,50.0,3 2134,11,https://www1.mbrace.or.jp/od2/B/202609/b260902.lzh,2026-10-03T18:34:53.067704+09:00
20260902,08,常滑,3,20260902-08-03,2,4432,黄金井力,40,埼玉,56.0,B1,5.16,26.92,6.19,31.25,55,27.23,35,33.33,2 2352,12,https://www1.mbrace.or.jp/od2/B/202609/b260902.lzh,2026-10-03T18:34:53.067704+09:00
20260902,08,常滑,3,20260902-08-03,3,5110,杉山喜一,26,静岡,51.0,B1,4.88,29.27,4.31,16.33,8,34.36,31,14.29,54631,7,https://www1.mbrace.or.jp/od2/B/202609/b260902.lzh,2026-10-03T18:34:53.067704+09:00
20260902,08,常滑,3,20260902-08-03,4,4925,森悠稀,33,兵庫,53.0,A2,5.81,34.82,6.48,48.0,47,34.09,73,45.0,23141,11,https://www1.mbrace.or.jp/od2/B/202609/b260902.lzh,2026-10-03T18:34:53.067704+09:00
20260902,08,常滑,3,20260902-08-03,5,3952,中澤和志,50,埼玉,52.0,A1,6.69,48.51,6.28,38.89,51,34.84,21,35.9,161123,10,https://www1.mbrace.or.jp/od2/B/202609/b260902.lzh,2026-10-03T18:34:53.067704+09:00
20260902,08,常滑,3,20260902-08-03,6,5375,庄島潤成,22,山口,54.0,B1,2.73,1.96,0.0,0.0,9,41.89,54,21.05,655 6,7,https://www1.mbrace.or.jp/od2/B/202609/b260902.lzh,2026-10-03T18:34:53.067704+09:00
20260902,08,常滑,4,20260902-08-04,1,5073,上原健次,31,福岡,54.0,A2,5.33,32.23,4.43,28.57,40,33.8,27,25.58,46312,10,https://www1.mbrace.or.jp/od2/B/202609/b260902.lzh,2026-10-03T18:34:53.067704+09:00
20260902,08,常滑,4,20260902-08-04,2,3708,岡部貴司,52,岡山,57.0,B1,5.24,32.63,5.79,42.86,57,34.27,68,34.15,145 34,12,https://www1.mbrace.or.jp/od2/B/202609/b260902.lzh,2026-10-03T18:34:53.067704+09:00
20260902,08,常滑,4,20260902-08-04,3,3072,西田靖,64,東京,53.0,B1,3.99,20.0,3.82,20.45,5,35.93,48,37.78,3 1636,8,https://www1.mbrace.or.jp/od2/B/202609/b260902.lzh,2026-10-03T18:34:53.067704+09:00
20260902,08,常滑,4,20260902-08-04,4,4704,河野大,38,徳島,52.0,A1,6.55,48.61,5.94,34.38,25,29.69,64,31.71,46622,9,https://www1.mbrace.or.jp/od2/B/202609/b260902.lzh,2026-10-03T18:34:53.067704+09:00
20260902,08,常滑,4,20260902-08-04,5,4677,片橋幸貴,38,滋賀,54.0,A1,6.07,47.71,7.06,50.0,29,33.77,60,48.78,131522,11,https://www1.mbrace.or.jp/od2/B/202609/b260902.lzh,2026-10-03T18:34:53.067704+09:00
20260902,08,常滑,4,20260902-08-04,6,5383,中村楓,21,三重,53.0,B1,2.47,1.35,1.53,0.0,58,32.39,56,28.0,5 656,9,https://www1.mbrace.or.jp/od2/B/202609/b260902.lzh,2026-10-03T18:34:53.067704+09:00
20260902,08,常滑,5,20260902-08-05,1,5158,宮脇遼太,28,福岡,54.0,A1,6.59,55.47,5.54,33.33,56,29.35,34,41.03,413642,11,https://www1.mbrace.or.jp/od2/B/202609/b260902.lzh,2026-10-03T18:34:53.067704+09:00
20260902,08,常滑,5,20260902-08-05,2,3656,伯母芳恒,52,東京,55.0,B1,5.12,30.86,4.71,28.57,4,30.63,29,20.0,3 2663,9,https://www1.mbrace.or.jp/od2/B/202609/b260902.lzh,2026-10-03T18:34:53.067704+09:00
20260902,08,常滑,5,20260902-08-05,3,3842,星野太郎,50,三重,54.0,B1,4.81,28.41,5.49,35.9,1,35.35,69,26.09,25221,10,https://www1.mbrace.or.jp/od2/B/202609/b260902.lzh,2026-10-03T18:34:53.067704+09:00
20260902,08,常滑,5,20260902-08-05,4,4200,早川尚人,44,大阪,56.0,B1,4.53,20.0,5.08,16.67,35,43.5,46,27.03,5 5364,,https://www1.mbrace.or.jp/od2/B/202609/b260902.lzh,2026-10-03T18:34:53.067704+09:00
20260902,08,常滑,5,20260902-08-05,5,4883,岡部大輝,30,東京,52.0,A2,6.2,45.54,4.62,33.33,7,35.0,30,42.5,212512,12,https://www1.mbrace.or.jp/od2/B/202609/b260902.lzh,2026-10-03T18:34:53.067704+09:00
20260902,08,常滑,5,20260902-08-05,6,4239,竹田辰也,42,山口,53.0,A1,6.48,51.35,0.0,0.0,3,44.2,42,21.05,222131,11,https://www1.mbrace.or.jp/od2/B/202609/b260902.lzh,2026-10-03T18:34:53.067704+09:00
20260902,08,常滑,6,20260902-08-06,1,4906,鈴木雅希,31,東京,54.0,A2,5.47,34.69,6.02,37.78,12,40.55,52,25.0,114 15,12,https://www1.mbrace.or.jp/od2/B/202609/b260902.lzh,2026-10-03T18:34:53.067704+09:00
20260902,08,常滑,6,20260902-08-06,2,3448,高山秀雄,56,群馬,54.0,B1,4.39,23.91,4.52,12.12,38,32.33,38,30.77,4 4344,,https://www1.mbrace.or.jp/od2/B/202609/b260902.lzh,2026-10-03T18:34:53.067704+09:00
20260902,08,常滑,6,20260902-08-06,3,4186,小川時光,45,埼玉,56.0,B1,3.6,17.02,3.47,16.67,42,39.37,37,23.81,3 336,2,https://www1.mbrace.or.jp/od2/B/202609/b260902.lzh,2026-10-03T18:34:53.067704+09:00
20260902,08,常滑,6,20260902-08-06,4,5028,原田才一,29,福岡,51.0,A1,7.23,59.03,6.33,42.86,59,40.64,47,36.36,541141,10,https://www1.mbrace.or.jp/od2/B/202609/b260902.lzh,2026-10-03T18:34:53.067704+09:00
20260902,08,常滑,6,20260902-08-06,5,3699,富永正人,53,埼玉,52.0,B1,4.24,20.73,5.21,41.38,33,27.42,24,36.84,4 5235,1,https://www1.mbrace.or.jp/od2/B/202609/b260902.lzh,2026-10-03T18:34:53.067704+09:00
20260902,08,常滑,6,20260902-08-06,6,4375,照屋厚仁,42,兵庫,51.0,A2,5.7,37.6,6.5,53.85,30,42.99,25,32.56,1 1213,10,https://www1.mbrace.or.jp/od2/B/202609/b260902.lzh,2026-10-03T18:34:53.067704+09:00
20260902,08,常滑,7,20260902-08-07,1,4441,末永由楽,39,岡山,54.0,A2,5.56,33.08,6.6,46.67,19,35.0,36,34.88,2 1453,11,https://www1.mbrace.or.jp/od2/B/202609/b260902.lzh,2026-10-03T18:34:53.067704+09:00
20260902,08,常滑,7,20260902-08-07,2,4592,小林孝弘,45,山口,54.0,B1,4.38,20.0,4.33,17.95,20,32.23,12,12.82,463 54,,https://www1.mbrace.or.jp/od2/B/202609/b260902.lzh,2026-10-03T18:34:53.067704+09:00
20260902,08,常滑,7,20260902-08-07,3,4695,尾崎雄二,40,長崎,54.0,A2,5.4,40.38,4.3,21.74,50,33.95,76,34.78,3 6243,2,https://www1.mbrace.or.jp/od2/B/202609/b260902.lzh,2026-10-03T18:34:53.067704+09:00
20260902,08,常滑,7,20260902-08-07,4,5375,庄島潤成,22,山口,54.0,B1,2.73,1.96,0.0,0.0,9,41.89,54,21.05,655 6,3,https://www1.mbrace.or.jp/od2/B/202609/b260902.lzh,2026-10-03T18:34:53.067704+09:00
20260902,08,常滑,7,20260902-08-07,5,5110,杉山喜一,26,静岡,51.0,B1,4.88,29.27,4.31,16.33,8,34.36,31,14.29,54631,3,https://www1.mbrace.or.jp/od2/B/202609/b260902.lzh,2026-10-03T18:34:53.067704+09:00
20260902,08,常滑,7,20260902-08-07,6,4544,松田大志,38,福岡,52.0,A1,7.63,59.82,6.81,59.26,10,42.67,72,31.11,114212,12,https://www1.mbrace.or.jp/od2/B/202609/b260902.lzh,2026-10-03T18:34:53.067704+09:00
20260902,08,常滑,8,20260902-08-08,1,4467,渡邉俊介,39,愛知,51.0,A1,6.43,42.52,5.94,38.46,41,35.65,57,44.19,453 16,2,https://www1.mbrace.or.jp/od2/B/202609/b260902.lzh,2026-10-03T18:34:53.067704+09:00
20260902,08,常滑,8,20260902-08-08,2,3072,西田靖,64,東京,53.0,B1,3.99,20.0,3.82,20.45,5,35.93,48,37.78,3 1636,4,https://www1.mbrace.or.jp/od2/B/202609/b260902.lzh,2026-10-03T18:34:53.067704+09:00
20260902,08,常滑,8,20260902-08-08,3,4066,東本勝利,46,三重,53.0,A2,6.06,39.5,5.88,51.52,37,31.9,32,46.43,224 23,12,https://www1.mbrace.or.jp/od2/B/202609/b260902.lzh,2026-10-03T18:34:53.067704+09:00
20260902,08,常滑,8,20260902-08-08,4,5049,松井友汰,31,大阪,55.0,A2,6.31,46.88,6.5,54.55,53,36.82,43,30.77,454 24,,https://www1.mbrace.or.jp/od2/B/202609/b260902.lzh,2026-10-03T18:34:53.067704+09:00
20260902,08,常滑,8,20260902-08-08,5,5425,西山育,24,三重,56.0,B2,1.36,0.0,1.0,0.0,32,29.58,77,36.96,6 665,2,https://www1.mbrace.or.jp/od2/B/202609/b260902.lzh,2026-10-03T18:34:53.067704+09:00
20260902,08,常滑,8,20260902-08-08,6,4626,伊藤紘章,40,愛知,52.0,B1,4.19,25.32,4.99,30.88,11,24.75,78,46.81,365 15,,https://www1.mbrace.or.jp/od2/B/202609/b260902.lzh,2026-10-03T18:34:53.067704+09:00
20260902,08,常滑,9,20260902-08-09,1,4704,河野大,38,徳島,52.0,A1,6.55,48.61,5.94,34.38,25,29.69,64,31.71,46622,4,https://www1.mbrace.or.jp/od2/B/202609/b260902.lzh,2026-10-03T18:34:53.067704+09:00
20260902,08,常滑,9,20260902-08-09,2,4254,川島圭司,43,滋賀,52.0,A2,5.83,38.33,6.51,51.43,48,21.67,70,16.22,536 36,,https://www1.mbrace.or.jp/od2/B/202609/b260902.lzh,2026-10-03T18:34:53.067704+09:00
20260902,08,常滑,9,20260902-08-09,3,4248,岡本大,44,長崎,55.0,B1,4.56,25.0,4.81,31.25,26,34.35,66,23.53,324 46,2,https://www1.mbrace.or.jp/od2/B/202609/b260902.lzh,2026-10-03T18:34:53.067704+09:00
20260902,08,常滑,9,20260902-08-09,4,4608,荒井翔伍,36,東京,56.0,A2,5.89,40.43,5.94,38.89,28,31.08,75,42.55,13455,2,https://www1.mbrace.or.jp/od2/B/202609/b260902.lzh,2026-10-03T18:34:53.067704+09:00
20260902,08,常滑,9,20260902-08-09,5,5383,中村楓,21,三重,53.0,B1,2.47,1.35,1.53,0.0,58,32.39,56,28.0,5 656,4,https://www1.mbrace.or.jp/od2/B/202609/b260902.lzh,2026-10-03T18:34:53.067704+09:00
20260902,08,常滑,9,20260902-08-09,6,3656,伯母芳恒,52,東京,55.0,B1,5.12,30.86,4.71,28.57,4,30.63,29,20.0,3 2663,5,https://www1.mbrace.or.jp/od2/B/202609/b260902.lzh,2026-10-03T18:34:53.067704+09:00
20260902,08,常滑,10,20260902-08-10,1,4375,照屋厚仁,42,兵庫,51.0,A2,5.7,37.6,6.5,53.85,30,42.99,25,32.56,1 1213,6,https://www1.mbrace.or.jp/od2/B/202609/b260902.lzh,2026-10-03T18:34:53.067704+09:00
20260902,08,常滑,10,20260902-08-10,2,3952,中澤和志,50,埼玉,52.0,A1,6.69,48.51,6.28,38.89,51,34.84,21,35.9,161123,3,https://www1.mbrace.or.jp/od2/B/202609/b260902.lzh,2026-10-03T18:34:53.067704+09:00
20260902,08,常滑,10,20260902-08-10,3,5028,原田才一,29,福岡,51.0,A1,7.23,59.03,6.33,42.86,59,40.64,47,36.36,541141,6,https://www1.mbrace.or.jp/od2/B/202609/b260902.lzh,2026-10-03T18:34:53.067704+09:00
20260902,08,常滑,10,20260902-08-10,4,3842,星野太郎,50,三重,54.0,B1,4.81,28.41,5.49,35.9,1,35.35,69,26.09,25221,5,https://www1.mbrace.or.jp/od2/B/202609/b260902.lzh,2026-10-03T18:34:53.067704+09:00
20260902,08,常滑,10,20260902-08-10,5,5073,上原健次,31,福岡,54.0,A2,5.33,32.23,4.43,28.57,40,33.8,27,25.58,46312,4,https://www1.mbrace.or.jp/od2/B/202609/b260902.lzh,2026-10-03T18:34:53.067704+09:00
20260902,08,常滑,10,20260902-08-10,6,3811,石田章央,50,静岡,55.0,A1,6.34,49.25,6.92,57.69,16,38.7,49,5.56,2 5351,1,https://www1.mbrace.or.jp/od2/B/202609/b260902.lzh,2026-10-03T18:34:53.067704+09:00
20260902,08,常滑,11,20260902-08-11,1,4239,竹田辰也,42,山口,53.0,A1,6.48,51.35,0.0,0.0,3,44.2,42,21.05,222131,5,https://www1.mbrace.or.jp/od2/B/202609/b260902.lzh,2026-10-03T18:34:53.067704+09:00
20260902,08,常滑,11,20260902-08-11,2,4677,片橋幸貴,38,滋賀,54.0,A1,6.07,47.71,7.06,50.0,29,33.77,60,48.78,131522,4,https://www1.mbrace.or.jp/od2/B/202609/b260902.lzh,2026-10-03T18:34:53.067704+09:00
20260902,08,常滑,11,20260902-08-11,3,4925,森悠稀,33,兵庫,53.0,A2,5.81,34.82,6.48,48.0,47,34.09,73,45.0,23141,3,https://www1.mbrace.or.jp/od2/B/202609/b260902.lzh,2026-10-03T18:34:53.067704+09:00
20260902,08,常滑,11,20260902-08-11,4,4401,小林泰,41,東京,53.0,A2,5.66,40.59,6.18,46.43,21,34.09,39,50.0,3 2134,3,https://www1.mbrace.or.jp/od2/B/202609/b260902.lzh,2026-10-03T18:34:53.067704+09:00
20260902,08,常滑,11,20260902-08-11,5,4441,末永由楽,39,岡山,54.0,A2,5.56,33.08,6.6,46.67,19,35.0,36,34.88,2 1453,7,https://www1.mbrace.or.jp/od2/B/202609/b260902.lzh,2026-10-03T18:34:53.067704+09:00
20260902,08,常滑,11,20260902-08-11,6,5158,宮脇遼太,28,福岡,54.0,A1,6.59,55.47,5.54,33.33,56,29.35,34,41.03,413642,5,https://www1.mbrace.or.jp/od2/B/202609/b260902.lzh,2026-10-03T18:34:53.067704+09:00
20260902,08,常滑,12,20260902-08-12,1,4544,松田大志,38,福岡,52.0,A1,7.63,59.82,6.81,59.26,10,42.67,72,31.11,114212,7,https://www1.mbrace.or.jp/od2/B/202609/b260902.lzh,2026-10-03T18:34:53.067704+09:00
20260902,08,常滑,12,20260902-08-12,2,4883,岡部大輝,30,東京,52.0,A2,6.2,45.54,4.62,33.33,7,35.0,30,42.5,212512,5,https://www1.mbrace.or.jp/od2/B/202609/b260902.lzh,2026-10-03T18:34:53.067704+09:00
20260902,08,常滑,12,20260902-08-12,3,4906,鈴木雅希,31,東京,54.0,A2,5.47,34.69,6.02,37.78,12,40.55,52,25.0,114 15,6,https://www1.mbrace.or.jp/od2/B/202609/b260902.lzh,2026-10-03T18:34:53.067704+09:00
20260902,08,常滑,12,20260902-08-12,4,4066,東本勝利,46,三重,53.0,A2,6.06,39.5,5.88,51.52,37,31.9,32,46.43,224 23,8,https://www1.mbrace.or.jp/od2/B/202609/b260902.lzh,2026-10-03T18:34:53.067704+09:00
20260902,08,常滑,12,20260902-08-12,5,4432,黄金井力,40,埼玉,56.0,B1,5.16,26.92,6.19,31.25,55,27.23,35,33.33,2 2352,3,https://www1.mbrace.or.jp/od2/B/202609/b260902.lzh,2026-10-03T18:34:53.067704+09:00
20260902,08,常滑,12,20260902-08-12,6,3708,岡部貴司,52,岡山,57.0,B1,5.24,32.63,5.79,42.86,57,34.27,68,34.15,145 34,4,https://www1.mbrace.or.jp/od2/B/202609/b260902.lzh,2026-10-03T18:34:53.067704+09:00
20260902,06,浜名湖,1,20260902-06-01,1,3932,池田浩美,50,静岡,51.0,B1,5.17,39.77,4.05,25.0,5,44.55,19,33.5,3 653,8,https://www1.mbrace.or.jp/od2/B/202609/b260902.lzh,2026-10-03T18:34:53.067704+09:00
20260902,06,浜名湖,1,20260902-06-01,2,5079,大石真央,28,静岡,45.0,B1,5.16,30.0,4.36,22.39,2,47.37,15,35.68,5 454,5,https://www1.mbrace.or.jp/od2/B/202609/b260902.lzh,2026-10-03T18:34:53.067704+09:00
20260902,06,浜名湖,1,20260902-06-01,3,3518,倉田郁美,58,静岡,49.0,B1,4.14,18.39,4.45,22.97,32,38.53,33,33.8,545 5,7,https://www1.mbrace.or.jp/od2/B/202609/b260902.lzh,2026-10-03T18:34:53.067704+09:00
20260902,06,浜名湖,1,20260902-06-01,4,3801,五反田忍,52,大阪,52.0,B1,4.74,30.88,4.33,33.33,9,28.89,18,36.54,5 664,9,https://www1.mbrace.or.jp/od2/B/202609/b260902.lzh,2026-10-03T18:34:53.067704+09:00
20260902,06,浜名湖,1,20260902-06-01,5,5436,市川瑚幸,21,東京,47.0,B2,1.43,0.0,0.0,0.0,51,29.9,67,39.23,664 66,,https://www1.mbrace.or.jp/od2/B/202609/b260902.lzh,2026-10-03T18:34:53.067704+09:00
20260902,06,浜名湖,1,20260902-06-01,6,4994,山本梨菜,28,佐賀,47.0,A2,6.39,48.89,5.88,31.25,53,30.77,44,41.33,32S44,6,https://www1.mbrace.or.jp/od2/B/202609/b260902.lzh,2026-10-03T18:34:53.067704+09:00
20260902,06,浜名湖,2,20260902-06-02,1,4510,坂本奈央,37,福岡,47.0,B2,2.86,15.79,0.0,0.0,34,34.38,72,34.91,6 446,,https://www1.mbrace.or.jp/od2/B/202609/b260902.lzh,2026-10-03T18:34:53.067704+09:00
20260902,06,浜名湖,2,20260902-06-02,2,5248,本田愛,24,静岡,48.0,B1,4.77,28.28,4.22,23.2,45,40.86,32,36.89,3 115,10,https://www1.mbrace.or.jp/od2/B/202609/b260902.lzh,2026-10-03T18:34:53.067704+09:00
20260902,06,浜名湖,2,20260902-06-02,3,5146,野田彩加,23,山口,50.0,A2,5.24,33.68,4.73,36.36,57,27.71,73,31.13,4 3651,,https://www1.mbrace.or.jp/od2/B/202609/b260902.lzh,2026-10-03T18:34:53.067704+09:00
20260902,06,浜名湖,2,20260902-06-02,4,5389,恵良琴美,19,福岡,42.0,B1,2.52,2.15,0.0,0.0,56,29.89,59,31.9,4 665,6,https://www1.mbrace.or.jp/od2/B/202609/b260902.lzh,2026-10-03T18:34:53.067704+09:00
20260902,06,浜名湖,2,20260902-06-02,5,4190,長嶋万記,45,静岡,49.0,B2,6.6,44.16,6.74,47.13,59,29.76,35,35.75,242 11,9,https://www1.mbrace.or.jp/od2/B/202609/b260902.lzh,2026-10-03T18:34:53.067704+09:00
20260902,06,浜名湖,2,20260902-06-02,6,3778,安達美帆,50,埼玉,46.0,B1,2.68,8.33,1.87,0.0,44,38.0,25,37.68,3 246,8,https://www1.mbrace.or.jp/od2/B/202609/b260902.lzh,2026-10-03T18:34:53.067704+09:00
20260902,06,浜名湖,3,20260902-06-03,1,3580,水口由紀,53,滋賀,49.0,B1,4.36,19.19,4.45,25.0,3,41.86,17,36.23,2 433,9,https://www1.mbrace.or.jp/od2/B/202609/b260902.lzh,2026-10-03T18:34:53.067704+09:00
20260902,06,浜名湖,3,20260902-06-03,2,4825,倉持莉々,32,東京,47.0,A1,7.05,53.68,9.0,62.5,46,44.94,56,33.65,16212,10,https://www1.mbrace.or.jp/od2/B/202609/b260902.lzh,2026-10-03T18:34:53.067704+09:00
20260902,06,浜名湖,3,20260902-06-03,3,4936,戸敷晃美,30,福岡,47.0,A2,6.14,45.78,5.85,38.46,23,36.36,13,31.75,136 62,8,https://www1.mbrace.or.jp/od2/B/202609/b260902.lzh,2026-10-03T18:34:53.067704+09:00
20260902,06,浜名湖,3,20260902-06-03,4,5052,赤井星璃,31,大阪,51.0,B1,4.55,26.67,5.6,40.0,18,27.27,50,34.91,561 3,12,https://www1.mbrace.or.jp/od2/B/202609/b260902.lzh,2026-10-03T18:34:53.067704+09:00
20260902,06,浜名湖,3,20260902-06-03,5,5439,志賀美優,20,愛知,49.0,B2,1.53,1.33,0.0,0.0,22,46.94,21,42.06,6 655,7,https://www1.mbrace.or.jp/od2/B/202609/b260902.lzh,2026-10-03T18:34:53.067704+09:00
20260902,06,浜名湖,3,20260902-06-03,6,5151,山下奈緒,31,大阪,47.0,B1,4.32,21.11,4.27,9.09,16,34.38,53,34.58,5 432,11,https://www1.mbrace.or.jp/od2/B/202609/b260902.lzh,2026-10-03T18:34:53.067704+09:00
20260902,06,浜名湖,4,20260902-06-04,1,4464,山下友貴,40,静岡,43.0,A1,5.95,39.66,6.06,39.13,36,24.36,69,34.12,3 5445,10,https://www1.mbrace.or.jp/od2/B/202609/b260902.lzh,2026-10-03T18:34:53.067704+09:00
20260902,06,浜名湖,4,20260902-06-04,2,4853,前原哉,31,岡山,45.0,B1,4.61,21.51,3.84,15.79,52,39.8,60,32.55,4 553,11,https://www1.mbrace.or.jp/od2/B/202609/b260902.lzh,2026-10-03T18:34:53.067704+09:00
20260902,06,浜名湖,4,20260902-06-04,3,3302,谷川里江,59,愛知,46.0,B1,5.35,39.44,4.09,30.43,17,41.18,71,35.24,353 41,,https://www1.mbrace.or.jp/od2/B/202609/b260902.lzh,2026-10-03T18:34:53.067704+09:00
20260902,06,浜名湖,4,20260902-06-04,4,4246,喜多那由,44,静岡,47.0,B1,4.08,19.8,5.01,32.93,1,43.52,29,35.98,461 26,,https://www1.mbrace.or.jp/od2/B/202609/b260902.lzh,2026-10-03T18:34:53.067704+09:00
20260902,06,浜名湖,4,20260902-06-04,5,5346,中村紋夕,23,愛知,47.0,B1,3.03,4.23,1.41,0.0,19,34.62,76,35.44,465 64,,https://www1.mbrace.or.jp/od2/B/202609/b260902.lzh,2026-10-03T18:34:53.067704+09:00
20260902,06,浜名湖,4,20260902-06-04,6,5324,畑田希咲,23,兵庫,48.0,B1,2.69,2.99,1.94,0.0,62,46.67,68,36.59,642 33,,https://www1.mbrace.or.jp/od2/B/202609/b260902.lzh,2026-10-03T18:34:53.067704+09:00
20260902,06,浜名湖,5,20260902-06-05,1,4117,廣中智紗,45,東京,45.0,A2,6.38,48.72,6.92,43.59,49,29.41,65,33.02,223 51,12,https://www1.mbrace.or.jp/od2/B/202609/b260902.lzh,2026-10-03T18:34:53.067704+09:00
20260902,06,浜名湖,5,20260902-06-05,2,3579,中里優子,53,埼玉,48.0,B1,4.99,26.67,3.93,17.24,58,28.24,23,33.02,123 23,10,https://www1.mbrace.or.jp/od2/B/202609/b260902.lzh,2026-10-03T18:34:53.067704+09:00
20260902,06,浜名湖,5,20260902-06-05,3,5079,大石真央,28,静岡,45.0,B1,5.16,30.0,4.36,22.39,2,47.37,15,35.68,5 454,1,https://www1.mbrace.or.jp/od2/B/202609/b260902.lzh,2026-10-03T18:34:53.067704+09:00
20260902,06,浜名湖,5,20260902-06-05,4,3618,海野ゆか,52,広島,44.0,A1,6.35,48.89,7.19,43.75,63,44.09,64,30.73,2 2133,9,https://www1.mbrace.or.jp/od2/B/202609/b260902.lzh,2026-10-03T18:34:53.067704+09:00
20260902,06,浜名湖,5,20260902-06-05,5,4098,赤澤文香,44,岡山,48.0,B1,4.23,17.02,3.56,11.11,11,43.62,57,34.95,546 43,,https://www1.mbrace.or.jp/od2/B/202609/b260902.lzh,2026-10-03T18:34:53.067704+09:00
20260902,06,浜名湖,5,20260902-06-05,6,3232,山川美由,59,香川,46.0,A2,5.83,36.62,7.31,53.85,30,25.97,45,42.31,411 25,11,https://www1.mbrace.or.jp/od2/B/202609/b260902.lzh,2026-10-03T18:34:53.067704+09:00
20260902,06,浜名湖,6,20260902-06-06,1,5340,樋江井舞,25,愛知,44.0,B1,4.39,23.36,3.56,16.67,8,28.26,66,36.45,1 566,10,https://www1.mbrace.or.jp/od2/B/202609/b260902.lzh,2026-10-03T18:34:53.067704+09:00
20260902,06,浜名湖,6,20260902-06-06,2,4994,山本梨菜,28,佐賀,47.0,A2,6.39,48.89,5.88,31.25,53,30.77,44,41.33,32S44,1,https://www1.mbrace.or.jp/od2/B/202609/b260902.lzh,2026-10-03T18:34:53.067704+09:00
20260902,06,浜名湖,6,20260902-06-06,3,4419,原加央理,39,埼玉,47.0,A2,5.57,37.0,3.87,23.08,38,37.74,12,38.97,21234,11,https://www1.mbrace.or.jp/od2/B/202609/b260902.lzh,2026-10-03T18:34:53.067704+09:00
20260902,06,浜名湖,6,20260902-06-06,4,4900,中田夕貴,33,埼玉,46.0,B1,4.84,26.67,0.0,0.0,13,39.25,41,30.65,3 1224,12,https://www1.mbrace.or.jp/od2/B/202609/b260902.lzh,2026-10-03T18:34:53.067704+09:00
20260902,06,浜名湖,6,20260902-06-06,5,5389,恵良琴美,19,福岡,42.0,B1,2.52,2.15,0.0,0.0,56,29.89,59,31.9,4 665,2,https://www1.mbrace.or.jp/od2/B/202609/b260902.lzh,2026-10-03T18:34:53.067704+09:00
20260902,06,浜名湖,6,20260902-06-06,6,4208,三浦永理,43,静岡,46.0,A1,7.31,60.43,7.36,59.55,61,40.57,22,34.8,221121,,https://www1.mbrace.or.jp/od2/B/202609/b260902.lzh,2026-10-03T18:34:53.067704+09:00
20260902,06,浜名湖,7,20260902-06-07,1,4317,木村紗友,42,静岡,47.0,B1,4.34,24.75,4.42,22.11,14,33.33,48,36.23,632 46,,https://www1.mbrace.or.jp/od2/B/202609/b260902.lzh,2026-10-03T18:34:53.067704+09:00
20260902,06,浜名湖,7,20260902-06-07,2,3518,倉田郁美,58,静岡,49.0,B1,4.14,18.39,4.45,22.97,32,38.53,33,33.8,545 5,1,https://www1.mbrace.or.jp/od2/B/202609/b260902.lzh,2026-10-03T18:34:53.067704+09:00
20260902,06,浜名湖,7,20260902-06-07,3,4011,堀之内紀,46,岡山,47.0,A2,6.49,48.15,7.0,60.0,26,41.44,34,39.05,1 3132,12,https://www1.mbrace.or.jp/od2/B/202609/b260902.lzh,2026-10-03T18:34:53.067704+09:00
20260902,06,浜名湖,7,20260902-06-07,4,5439,志賀美優,20,愛知,49.0,B2,1.53,1.33,0.0,0.0,22,46.94,21,42.06,6 655,3,https://www1.mbrace.or.jp/od2/B/202609/b260902.lzh,2026-10-03T18:34:53.067704+09:00
20260902,06,浜名湖,7,20260902-06-07,5,4938,小芦るり,28,佐賀,48.0,A1,6.46,46.43,7.0,33.33,7,34.02,58,37.85,551 12,11,https://www1.mbrace.or.jp/od2/B/202609/b260902.lzh,2026-10-03T18:34:53.067704+09:00
20260902,06,浜名湖,7,20260902-06-07,6,4225,土屋千明,44,群馬,45.0,A2,6.19,44.21,6.18,29.41,20,46.08,14,36.87,3345F3,,https://www1.mbrace.or.jp/od2/B/202609/b260902.lzh,2026-10-03T18:34:53.067704+09:00
20260902,06,浜名湖,8,20260902-06-08,1,4936,戸敷晃美,30,福岡,47.0,A2,6.14,45.78,5.85,38.46,23,36.36,13,31.75,136 62,3,https://www1.mbrace.or.jp/od2/B/202609/b260902.lzh,2026-10-03T18:34:53.067704+09:00
20260902,06,浜名湖,8,20260902-06-08,2,3357,福島陽子,57,岡山,48.0,B1,4.03,15.79,2.89,0.0,41,30.67,51,31.25,256 64,,https://www1.mbrace.or.jp/od2/B/202609/b260902.lzh,2026-10-03T18:34:53.067704+09:00
20260902,06,浜名湖,8,20260902-06-08,3,3778,安達美帆,50,埼玉,46.0,B1,2.68,8.33,1.87,0.0,44,38.0,25,37.68,3 246,2,https://www1.mbrace.or.jp/od2/B/202609/b260902.lzh,2026-10-03T18:34:53.067704+09:00
20260902,06,浜名湖,8,20260902-06-08,4,4433,川野芽唯,40,福岡,46.0,A1,7.23,55.94,7.0,40.74,37,43.56,37,33.33,13421,12,https://www1.mbrace.or.jp/od2/B/202609/b260902.lzh,2026-10-03T18:34:53.067704+09:00
20260902,06,浜名湖,8,20260902-06-08,5,3932,池田浩美,50,静岡,51.0,B1,5.17,39.77,4.05,25.0,5,44.55,19,33.5,3 653,1,https://www1.mbrace.or.jp/od2/B/202609/b260902.lzh,2026-10-03T18:34:53.067704+09:00
20260902,06,浜名湖,8,20260902-06-08,6,3528,笠野友紀,55,愛知,48.0,B1,4.13,14.94,3.89,0.0,48,43.81,61,38.14,145 55,,https://www1.mbrace.or.jp/od2/B/202609/b260902.lzh,2026-10-03T18:34:53.067704+09:00
20260902,06,浜名湖,9,20260902-06-09,1,4484,稲生夏季,36,東京,49.0,B1,4.65,20.48,4.18,11.76,66,36.05,46,32.39,4 3324,,https://www1.mbrace.or.jp/od2/B/202609/b260902.lzh,2026-10-03T18:34:53.067704+09:00
20260902,06,浜名湖,9,20260902-06-09,2,3618,海野ゆか,52,広島,44.0,A1,6.35,48.89,7.19,43.75,63,44.09,64,30.73,2 2133,5,https://www1.mbrace.or.jp/od2/B/202609/b260902.lzh,2026-10-03T18:34:53.067704+09:00
20260902,06,浜名湖,9,20260902-06-09,3,3801,五反田忍,52,大阪,52.0,B1,4.74,30.88,4.33,33.33,9,28.89,18,36.54,5 664,1,https://www1.mbrace.or.jp/od2/B/202609/b260902.lzh,2026-10-03T18:34:53.067704+09:00
20260902,06,浜名湖,9,20260902-06-09,4,4190,長嶋万記,45,静岡,49.0,B2,6.6,44.16,6.74,47.13,59,29.76,35,35.75,242 11,2,https://www1.mbrace.or.jp/od2/B/202609/b260902.lzh,2026-10-03T18:34:53.067704+09:00
20260902,06,浜名湖,9,20260902-06-09,5,3580,水口由紀,53,滋賀,49.0,B1,4.36,19.19,4.45,25.0,3,41.86,17,36.23,2 433,3,https://www1.mbrace.or.jp/od2/B/202609/b260902.lzh,2026-10-03T18:34:53.067704+09:00
20260902,06,浜名湖,9,20260902-06-09,6,4313,西村美智,42,香川,50.0,A2,5.32,34.62,0.0,0.0,24,28.92,30,39.81,6532F6,,https://www1.mbrace.or.jp/od2/B/202609/b260902.lzh,2026-10-03T18:34:53.067704+09:00
20260902,06,浜名湖,10,20260902-06-10,1,4825,倉持莉々,32,東京,47.0,A1,7.05,53.68,9.0,62.5,46,44.94,56,33.65,16212,3,https://www1.mbrace.or.jp/od2/B/202609/b260902.lzh,2026-10-03T18:34:53.067704+09:00
20260902,06,浜名湖,10,20260902-06-10,2,3611,岩崎芳美,54,徳島,48.0,A2,6.05,40.87,6.1,44.9,55,48.94,62,36.87,155211,,https://www1.mbrace.or.jp/od2/B/202609/b260902.lzh,2026-10-03T18:34:53.067704+09:00
20260902,06,浜名湖,10,20260902-06-10,3,5248,本田愛,24,静岡,48.0,B1,4.77,28.28,4.22,23.2,45,40.86,32,36.89,3 115,2,https://www1.mbrace.or.jp/od2/B/202609/b260902.lzh,2026-10-03T18:34:53.067704+09:00
20260902,06,浜名湖,10,20260902-06-10,4,5340,樋江井舞,25,愛知,44.0,B1,4.39,23.36,3.56,16.67,8,28.26,66,36.45,1 566,6,https://www1.mbrace.or.jp/od2/B/202609/b260902.lzh,2026-10-03T18:34:53.067704+09:00
20260902,06,浜名湖,10,20260902-06-10,5,4464,山下友貴,40,静岡,43.0,A1,5.95,39.66,6.06,39.13,36,24.36,69,34.12,3 5445,4,https://www1.mbrace.or.jp/od2/B/202609/b260902.lzh,2026-10-03T18:34:53.067704+09:00
20260902,06,浜名湖,10,20260902-06-10,6,3579,中里優子,53,埼玉,48.0,B1,4.99,26.67,3.93,17.24,58,28.24,23,33.02,123 23,5,https://www1.mbrace.or.jp/od2/B/202609/b260902.lzh,2026-10-03T18:34:53.067704+09:00
20260902,06,浜名湖,11,20260902-06-11,1,4938,小芦るり,28,佐賀,48.0,A1,6.46,46.43,7.0,33.33,7,34.02,58,37.85,551 12,7,https://www1.mbrace.or.jp/od2/B/202609/b260902.lzh,2026-10-03T18:34:53.067704+09:00
20260902,06,浜名湖,11,20260902-06-11,2,3232,山川美由,59,香川,46.0,A2,5.83,36.62,7.31,53.85,30,25.97,45,42.31,411 25,5,https://www1.mbrace.or.jp/od2/B/202609/b260902.lzh,2026-10-03T18:34:53.067704+09:00
20260902,06,浜名湖,11,20260902-06-11,3,5151,山下奈緒,31,大阪,47.0,B1,4.32,21.11,4.27,9.09,16,34.38,53,34.58,5 432,3,https://www1.mbrace.or.jp/od2/B/202609/b260902.lzh,2026-10-03T18:34:53.067704+09:00
20260902,06,浜名湖,11,20260902-06-11,4,4853,前原哉,31,岡山,45.0,B1,4.61,21.51,3.84,15.79,52,39.8,60,32.55,4 553,4,https://www1.mbrace.or.jp/od2/B/202609/b260902.lzh,2026-10-03T18:34:53.067704+09:00
20260902,06,浜名湖,11,20260902-06-11,5,3474,松瀬弘美,56,静岡,45.0,B1,4.65,27.43,4.96,29.23,6,33.68,24,37.21,263 15,,https://www1.mbrace.or.jp/od2/B/202609/b260902.lzh,2026-10-03T18:34:53.067704+09:00
20260902,06,浜名湖,11,20260902-06-11,6,4419,原加央理,39,埼玉,47.0,A2,5.57,37.0,3.87,23.08,38,37.74,12,38.97,21234,6,https://www1.mbrace.or.jp/od2/B/202609/b260902.lzh,2026-10-03T18:34:53.067704+09:00
20260902,06,浜名湖,12,20260902-06-12,1,4433,川野芽唯,40,福岡,46.0,A1,7.23,55.94,7.0,40.74,37,43.56,37,33.33,13421,8,https://www1.mbrace.or.jp/od2/B/202609/b260902.lzh,2026-10-03T18:34:53.067704+09:00
20260902,06,浜名湖,12,20260902-06-12,2,4900,中田夕貴,33,埼玉,46.0,B1,4.84,26.67,0.0,0.0,13,39.25,41,30.65,3 1224,6,https://www1.mbrace.or.jp/od2/B/202609/b260902.lzh,2026-10-03T18:34:53.067704+09:00
20260902,06,浜名湖,12,20260902-06-12,3,5188,武井莉里,25,兵庫,45.0,A2,6.02,39.67,6.37,31.58,54,28.41,63,34.33,112412,,https://www1.mbrace.or.jp/od2/B/202609/b260902.lzh,2026-10-03T18:34:53.067704+09:00
20260902,06,浜名湖,12,20260902-06-12,4,4117,廣中智紗,45,東京,45.0,A2,6.38,48.72,6.92,43.59,49,29.41,65,33.02,223 51,5,https://www1.mbrace.or.jp/od2/B/202609/b260902.lzh,2026-10-03T18:34:53.067704+09:00
20260902,06,浜名湖,12,20260902-06-12,5,4011,堀之内紀,46,岡山,47.0,A2,6.49,48.15,7.0,60.0,26,41.44,34,39.05,1 3132,7,https://www1.mbrace.or.jp/od2/B/202609/b260902.lzh,2026-10-03T18:34:53.067704+09:00
20260902,06,浜名湖,12,20260902-06-12,6,5052,赤井星璃,31,大阪,51.0,B1,4.55,26.67,5.6,40.0,18,27.27,50,34.91,561 3,3,https://www1.mbrace.or.jp/od2/B/202609/b260902.lzh,2026-10-03T18:34:53.067704+09:00
20260902,05,多摩川,1,20260902-05-01,1,3454,井川大作,55,岡山,56.0,B1,5.35,37.36,0.0,0.0,71,38.3,56,38.89,5 45246 65,,https://www1.mbrace.or.jp/od2/B/202609/b260902.lzh,2026-10-03T18:34:53.067704+09:00
20260902,05,多摩川,1,20260902-05-01,2,5197,中野仁照,24,愛知,54.0,B2,5.74,38.1,5.46,42.31,52,31.25,67,26.83,,7,https://www1.mbrace.or.jp/od2/B/202609/b260902.lzh,2026-10-03T18:34:53.067704+09:00
20260902,05,多摩川,1,20260902-05-01,3,4630,岩永雅人,39,愛知,53.0,A2,5.6,34.57,5.19,33.33,44,30.38,25,35.0,455 12255,9,https://www1.mbrace.or.jp/od2/B/202609/b260902.lzh,2026-10-03T18:34:53.067704+09:00
20260902,05,多摩川,1,20260902-05-01,4,3482,金子猛志,55,群馬,61.0,B1,4.99,30.23,6.0,47.06,74,32.99,81,30.23,6 334 5336,6,https://www1.mbrace.or.jp/od2/B/202609/b260902.lzh,2026-10-03T18:34:53.067704+09:00
20260902,05,多摩川,1,20260902-05-01,5,3880,浅見宗孝,53,埼玉,55.0,B1,4.23,15.48,4.84,31.25,18,39.33,62,34.48,565 5 462,6,https://www1.mbrace.or.jp/od2/B/202609/b260902.lzh,2026-10-03T18:34:53.067704+09:00
20260902,05,多摩川,1,20260902-05-01,6,5301,岩下巧斗,23,群馬,52.0,B1,5.26,32.11,3.33,14.29,11,34.48,77,40.45,544 6 2154,8,https://www1.mbrace.or.jp/od2/B/202609/b260902.lzh,2026-10-03T18:34:53.067704+09:00
20260902,05,多摩川,2,20260902-05-02,1,4572,渡部悟,38,大阪,56.0,B1,5.58,36.59,5.88,37.5,39,35.8,57,28.99,4 15456 53,8,https://www1.mbrace.or.jp/od2/B/202609/b260902.lzh,2026-10-03T18:34:53.067704+09:00
20260902,05,多摩川,2,20260902-05-02,2,5091,為本智也,25,福井,52.0,B1,6.28,47.3,4.47,21.05,34,29.76,30,42.05,2 64235 36,6,https://www1.mbrace.or.jp/od2/B/202609/b260902.lzh,2026-10-03T18:34:53.067704+09:00
20260902,05,多摩川,2,20260902-05-02,3,4407,鹿島敏弘,40,群馬,60.0,B1,4.94,28.07,4.09,15.22,53,34.12,73,27.85,35,8,https://www1.mbrace.or.jp/od2/B/202609/b260902.lzh,2026-10-03T18:34:53.067704+09:00
20260902,05,多摩川,2,20260902-05-02,4,4113,木村浩士,46,群馬,56.0,B1,4.61,24.07,4.62,26.47,23,33.78,74,27.78,53,7,https://www1.mbrace.or.jp/od2/B/202609/b260902.lzh,2026-10-03T18:34:53.067704+09:00
20260902,05,多摩川,2,20260902-05-02,5,5066,鈴木孝明,28,埼玉,54.0,A1,6.74,53.91,5.67,35.71,50,36.46,83,32.58,34431 1314,10,https://www1.mbrace.or.jp/od2/B/202609/b260902.lzh,2026-10-03T18:34:53.067704+09:00
20260902,05,多摩川,2,20260902-05-02,6,3654,武田光史,52,福井,52.0,A2,6.92,57.69,5.68,31.58,66,35.8,45,39.13,622 64323,,https://www1.mbrace.or.jp/od2/B/202609/b260902.lzh,2026-10-03T18:34:53.067704+09:00
20260902,05,多摩川,3,20260902-05-03,1,5036,福田翔吾,28,大阪,53.0,B1,5.33,32.79,4.41,23.53,54,45.65,29,42.86,1 63324 12,10,https://www1.mbrace.or.jp/od2/B/202609/b260902.lzh,2026-10-03T18:34:53.067704+09:00
20260902,05,多摩川,3,20260902-05-03,2,5315,浅井翼,25,埼玉,51.0,B2,2.57,12.2,2.32,8.11,40,32.5,28,27.16,,8,https://www1.mbrace.or.jp/od2/B/202609/b260902.lzh,2026-10-03T18:34:53.067704+09:00
20260902,05,多摩川,3,20260902-05-03,3,4631,新井英孝,39,大阪,53.0,B1,4.8,31.4,5.31,36.11,16,26.14,38,31.58,566 S 653,7,https://www1.mbrace.or.jp/od2/B/202609/b260902.lzh,2026-10-03T18:34:53.067704+09:00
20260902,05,多摩川,3,20260902-05-03,4,5114,小林孝彰,26,福井,52.0,B1,5.88,46.27,6.19,47.62,12,32.47,21,31.52,6 54563 2,,https://www1.mbrace.or.jp/od2/B/202609/b260902.lzh,2026-10-03T18:34:53.067704+09:00
20260902,05,多摩川,3,20260902-05-03,5,4740,齋藤達希,34,静岡,54.0,B1,4.51,21.57,5.17,30.43,65,36.59,27,36.46,556 1 564,8,https://www1.mbrace.or.jp/od2/B/202609/b260902.lzh,2026-10-03T18:34:53.067704+09:00
20260902,05,多摩川,3,20260902-05-03,6,5038,金田智博,28,福井,51.0,A2,6.49,51.09,4.64,24.0,36,37.08,69,44.32,332 15542,9,https://www1.mbrace.or.jp/od2/B/202609/b260902.lzh,2026-10-03T18:34:53.067704+09:00
20260902,05,多摩川,4,20260902-05-04,1,3805,高橋英之,52,東京,53.0,B1,5.52,37.0,5.04,26.53,20,37.5,70,26.51,325 333 4S,11,https://www1.mbrace.or.jp/od2/B/202609/b260902.lzh,2026-10-03T18:34:53.067704+09:00
20260902,05,多摩川,4,20260902-05-04,2,3556,田中信一,53,大阪,55.0,A1,6.93,53.64,7.55,70.0,13,27.91,54,28.05,31665 2146,10,https://www1.mbrace.or.jp/od2/B/202609/b260902.lzh,2026-10-03T18:34:53.067704+09:00
20260902,05,多摩川,4,20260902-05-04,3,3912,川原正明,52,福井,51.0,B1,5.92,44.17,5.0,36.84,32,52.63,31,30.68,3 32544 62,9,https://www1.mbrace.or.jp/od2/B/202609/b260902.lzh,2026-10-03T18:34:53.067704+09:00
20260902,05,多摩川,4,20260902-05-04,4,3497,後藤浩,58,埼玉,51.0,B1,4.14,26.44,4.36,27.27,14,44.83,68,28.75,146 561 66,,https://www1.mbrace.or.jp/od2/B/202609/b260902.lzh,2026-10-03T18:34:53.067704+09:00
20260902,05,多摩川,4,20260902-05-04,5,4639,雑賀勇貴,35,大阪,54.0,B1,4.31,22.55,4.94,29.41,67,42.67,33,34.07,656 2 661,8,https://www1.mbrace.or.jp/od2/B/202609/b260902.lzh,2026-10-03T18:34:53.067704+09:00
20260902,05,多摩川,4,20260902-05-04,6,4962,畑竜生,30,三重,52.0,A2,5.33,32.58,6.24,47.62,41,28.38,85,44.44,21155 451,9,https://www1.mbrace.or.jp/od2/B/202609/b260902.lzh,2026-10-03T18:34:53.067704+09:00
20260902,05,多摩川,5,20260902-05-05,1,3381,滝沢芳行,58,埼玉,54.0,B1,4.95,29.17,5.35,36.36,64,32.89,53,44.68,3 41213 66,11,https://www1.mbrace.or.jp/od2/B/202609/b260902.lzh,2026-10-03T18:34:53.067704+09:00
20260902,05,多摩川,5,20260902-05-05,2,5050,木下雄介,31,滋賀,53.0,A2,5.87,41.44,5.44,38.89,75,37.78,46,30.43,661 26164,9,https://www1.mbrace.or.jp/od2/B/202609/b260902.lzh,2026-10-03T18:34:53.067704+09:00
20260902,05,多摩川,5,20260902-05-05,3,4930,佐藤悠,30,福井,54.0,A2,6.12,41.07,6.03,51.43,51,36.67,59,34.09,3 43435115,10,https://www1.mbrace.or.jp/od2/B/202609/b260902.lzh,2026-10-03T18:34:53.067704+09:00
20260902,05,多摩川,5,20260902-05-05,4,4876,梅木敬太,32,福井,54.0,B1,4.82,28.95,5.04,30.77,55,43.14,75,36.26,1 633 4263,11,https://www1.mbrace.or.jp/od2/B/202609/b260902.lzh,2026-10-03T18:34:53.067704+09:00
20260902,05,多摩川,5,20260902-05-05,5,4649,和田操拓,42,滋賀,52.0,B1,5.65,40.77,5.95,42.11,17,37.63,76,40.7,141 1 2523,10,https://www1.mbrace.or.jp/od2/B/202609/b260902.lzh,2026-10-03T18:34:53.067704+09:00
20260902,05,多摩川,5,20260902-05-05,6,4910,中村泰平,30,愛知,51.0,A1,6.96,56.14,6.75,50.0,60,26.25,47,39.08,45213 551,9,https://www1.mbrace.or.jp/od2/B/202609/b260902.lzh,2026-10-03T18:34:53.067704+09:00
20260902,05,多摩川,6,20260902-05-06,1,3482,金子猛志,55,群馬,61.0,B1,4.99,30.23,6.0,47.06,74,32.99,81,30.23,6 334 5336,1,https://www1.mbrace.or.jp/od2/B/202609/b260902.lzh,2026-10-03T18:34:53.067704+09:00
20260902,05,多摩川,6,20260902-05-06,2,3880,浅見宗孝,53,埼玉,55.0,B1,4.23,15.48,4.84,31.25,18,39.33,62,34.48,565 5 462,1,https://www1.mbrace.or.jp/od2/B/202609/b260902.lzh,2026-10-03T18:34:53.067704+09:00
20260902,05,多摩川,6,20260902-05-06,3,5091,為本智也,25,福井,52.0,B1,6.28,47.3,4.47,21.05,34,29.76,30,42.05,2 64235 36,2,https://www1.mbrace.or.jp/od2/B/202609/b260902.lzh,2026-10-03T18:34:53.067704+09:00
20260902,05,多摩川,6,20260902-05-06,4,4808,松尾拓,37,三重,50.0,A2,6.29,44.95,6.89,55.56,37,41.38,32,34.78,431 144424,10,https://www1.mbrace.or.jp/od2/B/202609/b260902.lzh,2026-10-03T18:34:53.067704+09:00
20260902,05,多摩川,6,20260902-05-06,5,3441,土屋太朗,57,群馬,55.0,B1,4.61,22.94,5.64,36.36,61,38.04,61,39.78,145 3 2536,,https://www1.mbrace.or.jp/od2/B/202609/b260902.lzh,2026-10-03T18:34:53.067704+09:00
20260902,05,多摩川,6,20260902-05-06,6,5096,上原崚,31,東京,52.0,A2,6.23,38.33,6.12,45.04,46,38.2,37,31.87,315 622345,11,https://www1.mbrace.or.jp/od2/B/202609/b260902.lzh,2026-10-03T18:34:53.067704+09:00
20260902,05,多摩川,7,20260902-05-07,1,4631,新井英孝,39,大阪,53.0,B1,4.8,31.4,5.31,36.11,16,26.14,38,31.58,566 S 653,3,https://www1.mbrace.or.jp/od2/B/202609/b260902.lzh,2026-10-03T18:34:53.067704+09:00
20260902,05,多摩川,7,20260902-05-07,2,4898,菊地敬介,34,埼玉,56.0,B1,4.4,24.68,4.45,24.24,42,40.23,40,32.97,6 134 3455,,https://www1.mbrace.or.jp/od2/B/202609/b260902.lzh,2026-10-03T18:34:53.067704+09:00
20260902,05,多摩川,7,20260902-05-07,3,4113,木村浩士,46,群馬,56.0,B1,4.61,24.07,4.62,26.47,23,33.78,74,27.78,53,2,https://www1.mbrace.or.jp/od2/B/202609/b260902.lzh,2026-10-03T18:34:53.067704+09:00
20260902,05,多摩川,7,20260902-05-07,4,4594,谷川祐一,44,滋賀,52.0,B1,6.12,45.95,6.0,43.48,68,27.85,48,28.77,2 12523644,11,https://www1.mbrace.or.jp/od2/B/202609/b260902.lzh,2026-10-03T18:34:53.067704+09:00
20260902,05,多摩川,7,20260902-05-07,5,5197,中野仁照,24,愛知,54.0,B2,5.74,38.1,5.46,42.31,52,31.25,67,26.83,,1,https://www1.mbrace.or.jp/od2/B/202609/b260902.lzh,2026-10-03T18:34:53.067704+09:00
20260902,05,多摩川,7,20260902-05-07,6,4532,秋元哲,37,埼玉,50.0,A1,6.83,52.63,6.33,48.15,27,39.13,26,44.94,222 212243,11,https://www1.mbrace.or.jp/od2/B/202609/b260902.lzh,2026-10-03T18:34:53.067704+09:00
20260902,05,多摩川,8,20260902-05-08,1,5301,岩下巧斗,23,群馬,52.0,B1,5.26,32.11,3.33,14.29,11,34.48,77,40.45,544 6 2154,1,https://www1.mbrace.or.jp/od2/B/202609/b260902.lzh,2026-10-03T18:34:53.067704+09:00
20260902,05,多摩川,8,20260902-05-08,2,4740,齋藤達希,34,静岡,54.0,B1,4.51,21.57,5.17,30.43,65,36.59,27,36.46,556 1 564,3,https://www1.mbrace.or.jp/od2/B/202609/b260902.lzh,2026-10-03T18:34:53.067704+09:00
20260902,05,多摩川,8,20260902-05-08,3,4639,雑賀勇貴,35,大阪,54.0,B1,4.31,22.55,4.94,29.41,67,42.67,33,34.07,656 2 661,4,https://www1.mbrace.or.jp/od2/B/202609/b260902.lzh,2026-10-03T18:34:53.067704+09:00
20260902,05,多摩川,8,20260902-05-08,4,4407,鹿島敏弘,40,群馬,60.0,B1,4.94,28.07,4.09,15.22,53,34.12,73,27.85,35,2,https://www1.mbrace.or.jp/od2/B/202609/b260902.lzh,2026-10-03T18:34:53.067704+09:00
20260902,05,多摩川,8,20260902-05-08,5,5315,浅井翼,25,埼玉,51.0,B2,2.57,12.2,2.32,8.11,40,32.5,28,27.16,,3,https://www1.mbrace.or.jp/od2/B/202609/b260902.lzh,2026-10-03T18:34:53.067704+09:00
20260902,05,多摩川,8,20260902-05-08,6,4572,渡部悟,38,大阪,56.0,B1,5.58,36.59,5.88,37.5,39,35.8,57,28.99,4 15456 53,2,https://www1.mbrace.or.jp/od2/B/202609/b260902.lzh,2026-10-03T18:34:53.067704+09:00
20260902,05,多摩川,9,20260902-05-09,1,4962,畑竜生,30,三重,52.0,A2,5.33,32.58,6.24,47.62,41,28.38,85,44.44,21155 451,4,https://www1.mbrace.or.jp/od2/B/202609/b260902.lzh,2026-10-03T18:34:53.067704+09:00
20260902,05,多摩川,9,20260902-05-09,2,5038,金田智博,28,福井,51.0,A2,6.49,51.09,4.64,24.0,36,37.08,69,44.32,332 15542,3,https://www1.mbrace.or.jp/od2/B/202609/b260902.lzh,2026-10-03T18:34:53.067704+09:00
20260902,05,多摩川,9,20260902-05-09,3,4910,中村泰平,30,愛知,51.0,A1,6.96,56.14,6.75,50.0,60,26.25,47,39.08,45213 551,5,https://www1.mbrace.or.jp/od2/B/202609/b260902.lzh,2026-10-03T18:34:53.067704+09:00
20260902,05,多摩川,9,20260902-05-09,4,3912,川原正明,52,福井,51.0,B1,5.92,44.17,5.0,36.84,32,52.63,31,30.68,3 32544 62,4,https://www1.mbrace.or.jp/od2/B/202609/b260902.lzh,2026-10-03T18:34:53.067704+09:00
20260902,05,多摩川,9,20260902-05-09,5,5050,木下雄介,31,滋賀,53.0,A2,5.87,41.44,5.44,38.89,75,37.78,46,30.43,661 26164,5,https://www1.mbrace.or.jp/od2/B/202609/b260902.lzh,2026-10-03T18:34:53.067704+09:00
20260902,05,多摩川,9,20260902-05-09,6,4630,岩永雅人,39,愛知,53.0,A2,5.6,34.57,5.19,33.33,44,30.38,25,35.0,455 12255,1,https://www1.mbrace.or.jp/od2/B/202609/b260902.lzh,2026-10-03T18:34:53.067704+09:00
20260902,05,多摩川,10,20260902-05-10,1,4649,和田操拓,42,滋賀,52.0,B1,5.65,40.77,5.95,42.11,17,37.63,44,26.25,141 1 2523,5,https://www1.mbrace.or.jp/od2/B/202609/b260902.lzh,2026-10-03T18:34:53.067704+09:00
20260902,05,多摩川,10,20260902-05-10,2,5066,鈴木孝明,28,埼玉,54.0,A1,6.74,53.91,5.67,35.71,50,36.46,83,32.58,34431 1314,2,https://www1.mbrace.or.jp/od2/B/202609/b260902.lzh,2026-10-03T18:34:53.067704+09:00
20260902,05,多摩川,10,20260902-05-10,3,4808,松尾拓,37,三重,50.0,A2,6.29,44.95,6.89,55.56,37,41.38,32,34.78,431 144424,6,https://www1.mbrace.or.jp/od2/B/202609/b260902.lzh,2026-10-03T18:34:53.067704+09:00
20260902,05,多摩川,10,20260902-05-10,4,4930,佐藤悠,30,福井,54.0,A2,6.12,41.07,6.03,51.43,51,36.67,59,34.09,3 43435115,5,https://www1.mbrace.or.jp/od2/B/202609/b260902.lzh,2026-10-03T18:34:53.067704+09:00
20260902,05,多摩川,10,20260902-05-10,5,3556,田中信一,53,大阪,55.0,A1,6.93,53.64,7.55,70.0,13,27.91,54,28.05,31665 2146,4,https://www1.mbrace.or.jp/od2/B/202609/b260902.lzh,2026-10-03T18:34:53.067704+09:00
20260902,05,多摩川,10,20260902-05-10,6,5036,福田翔吾,28,大阪,53.0,B1,5.33,32.79,4.41,23.53,54,45.65,29,42.86,1 63324 12,3,https://www1.mbrace.or.jp/od2/B/202609/b260902.lzh,2026-10-03T18:34:53.067704+09:00
20260902,05,多摩川,11,20260902-05-11,1,4532,秋元哲,37,埼玉,50.0,A1,6.83,52.63,6.33,48.15,27,39.13,26,44.94,222 212243,7,https://www1.mbrace.or.jp/od2/B/202609/b260902.lzh,2026-10-03T18:34:53.067704+09:00
20260902,05,多摩川,11,20260902-05-11,2,4876,梅木敬太,32,福井,54.0,B1,4.82,28.95,5.04,30.77,55,43.14,75,36.26,1 633 4263,5,https://www1.mbrace.or.jp/od2/B/202609/b260902.lzh,2026-10-03T18:34:53.067704+09:00
20260902,05,多摩川,11,20260902-05-11,3,4594,谷川祐一,44,滋賀,52.0,B1,6.12,45.95,6.0,43.48,68,27.85,48,28.77,2 12523644,7,https://www1.mbrace.or.jp/od2/B/202609/b260902.lzh,2026-10-03T18:34:53.067704+09:00
20260902,05,多摩川,11,20260902-05-11,4,5096,上原崚,31,東京,52.0,A2,6.23,38.33,6.12,45.04,46,38.2,37,31.87,315 622345,6,https://www1.mbrace.or.jp/od2/B/202609/b260902.lzh,2026-10-03T18:34:53.067704+09:00
20260902,05,多摩川,11,20260902-05-11,5,3381,滝沢芳行,58,埼玉,54.0,B1,4.95,29.17,5.35,36.36,64,32.89,53,44.68,3 41213 66,5,https://www1.mbrace.or.jp/od2/B/202609/b260902.lzh,2026-10-03T18:34:53.067704+09:00
20260902,05,多摩川,11,20260902-05-11,6,3805,高橋英之,52,東京,53.0,B1,5.52,37.0,5.04,26.53,20,37.5,70,26.51,325 333 4S,4,https://www1.mbrace.or.jp/od2/B/202609/b260902.lzh,2026-10-03T18:34:53.067704+09:00
20260902,05,多摩川,12,20260902-05-12,1,5089,前田翔,26,愛知,52.0,A1,7.13,57.89,6.89,55.56,21,32.89,66,51.69,232 413111,,https://www1.mbrace.or.jp/od2/B/202609/b260902.lzh,2026-10-03T18:34:53.067704+09:00
20260902,05,多摩川,12,20260902-05-12,2,3909,佐々木康,53,静岡,56.0,A1,6.87,53.97,6.7,45.0,49,39.8,49,30.95,26216 1121,,https://www1.mbrace.or.jp/od2/B/202609/b260902.lzh,2026-10-03T18:34:53.067704+09:00
20260902,05,多摩川,12,20260902-05-12,3,4150,山田雄太,44,静岡,58.0,A2,5.82,41.38,6.48,50.0,63,36.46,55,33.68,21153 4121,,https://www1.mbrace.or.jp/od2/B/202609/b260902.lzh,2026-10-03T18:34:53.067704+09:00
20260902,05,多摩川,12,20260902-05-12,4,5280,廣瀬凜,23,滋賀,52.0,A1,6.98,53.49,4.78,27.78,45,35.56,52,39.33,4133123 32,,https://www1.mbrace.or.jp/od2/B/202609/b260902.lzh,2026-10-03T18:34:53.067704+09:00
20260902,05,多摩川,12,20260902-05-12,5,4832,権藤俊光,39,大阪,50.0,A1,6.66,46.88,7.12,54.55,31,38.37,82,28.41,5 33131412,,https://www1.mbrace.or.jp/od2/B/202609/b260902.lzh,2026-10-03T18:34:53.067704+09:00
20260902,05,多摩川,12,20260902-05-12,6,5166,仲道大輔,26,愛知,52.0,A2,6.18,42.06,6.5,41.67,57,46.91,60,33.7,2 24551212,,https://www1.mbrace.or.jp/od2/B/202609/b260902.lzh,2026-10-03T18:34:53.067704+09:00
