date,venue_code,venue_name,race,race_id,boat,registration_no,racer_name,age,branch,weight_kg,grade,national_win_rate,national_top2_rate,local_win_rate,local_top2_rate,motor_no,motor_top2_rate,boat_no,boat_top2_rate,series_results_raw,early_race_raw,source_url,collected_at
20260812,24,大村,1,20260812-24-01,1,5346,中村紋夕,23,愛知,46.0,B1,2.81,1.61,2.71,14.29,61,38.78,46,39.22,,8,https://www1.mbrace.or.jp/od2/B/202608/b260812.lzh,2026-10-03T18:31:30.576605+09:00
20260812,24,大村,1,20260812-24-01,2,5056,西岡成美,30,徳島,45.0,B2,4.25,12.5,0.0,0.0,81,38.18,73,40.0,,9,https://www1.mbrace.or.jp/od2/B/202608/b260812.lzh,2026-10-03T18:31:30.576605+09:00
20260812,24,大村,1,20260812-24-01,3,5250,嶋田有里,24,長崎,45.0,B1,4.74,22.45,3.79,19.66,34,41.82,85,38.0,,,https://www1.mbrace.or.jp/od2/B/202608/b260812.lzh,2026-10-03T18:31:30.576605+09:00
20260812,24,大村,1,20260812-24-01,4,5069,山崎小葉,25,群馬,44.0,B1,4.88,28.26,4.39,38.89,48,33.33,20,43.75,,11,https://www1.mbrace.or.jp/od2/B/202608/b260812.lzh,2026-10-03T18:31:30.576605+09:00
20260812,24,大村,1,20260812-24-01,5,4791,黒澤めぐ,36,東京,48.0,B1,5.58,33.03,5.77,35.42,45,42.86,11,37.25,,7,https://www1.mbrace.or.jp/od2/B/202608/b260812.lzh,2026-10-03T18:31:30.576605+09:00
20260812,24,大村,1,20260812-24-01,6,5360,高木茉白,19,埼玉,47.0,B1,3.3,15.79,0.0,0.0,54,47.92,49,47.06,,10,https://www1.mbrace.or.jp/od2/B/202608/b260812.lzh,2026-10-03T18:31:30.576605+09:00
20260812,24,大村,2,20260812-24-02,1,5213,湯淺紀香,27,群馬,46.0,B1,5.16,33.33,4.07,22.22,57,37.78,27,31.11,,9,https://www1.mbrace.or.jp/od2/B/202608/b260812.lzh,2026-10-03T18:31:30.576605+09:00
20260812,24,大村,2,20260812-24-02,2,3932,池田浩美,50,静岡,53.0,B1,5.03,37.97,0.0,0.0,29,40.74,76,36.36,,,https://www1.mbrace.or.jp/od2/B/202608/b260812.lzh,2026-10-03T18:31:30.576605+09:00
20260812,24,大村,2,20260812-24-02,3,4286,平田さや,42,東京,48.0,A2,6.1,43.41,5.52,30.0,62,37.04,38,32.69,,11,https://www1.mbrace.or.jp/od2/B/202608/b260812.lzh,2026-10-03T18:31:30.576605+09:00
20260812,24,大村,2,20260812-24-02,4,3604,武藤綾子,55,福岡,49.0,B1,4.4,17.65,4.18,25.0,53,41.3,17,37.74,,8,https://www1.mbrace.or.jp/od2/B/202608/b260812.lzh,2026-10-03T18:31:30.576605+09:00
20260812,24,大村,2,20260812-24-02,5,4300,加藤綾,43,三重,51.0,B1,5.01,31.96,5.25,40.0,44,52.94,29,30.77,,10,https://www1.mbrace.or.jp/od2/B/202608/b260812.lzh,2026-10-03T18:31:30.576605+09:00
20260812,24,大村,2,20260812-24-02,6,5335,森陽多,21,長崎,46.0,B1,2.57,8.96,2.7,11.11,43,40.0,15,32.56,,7,https://www1.mbrace.or.jp/od2/B/202608/b260812.lzh,2026-10-03T18:31:30.576605+09:00
20260812,24,大村,3,20260812-24-03,1,3474,松瀬弘美,56,静岡,47.0,B1,4.6,27.88,5.21,21.05,14,32.69,56,40.74,,8,https://www1.mbrace.or.jp/od2/B/202608/b260812.lzh,2026-10-03T18:31:30.576605+09:00
20260812,24,大村,3,20260812-24-03,2,4927,関野文,32,大阪,44.0,A2,6.1,43.24,5.39,36.84,52,38.3,50,48.08,,12,https://www1.mbrace.or.jp/od2/B/202608/b260812.lzh,2026-10-03T18:31:30.576605+09:00
20260812,24,大村,3,20260812-24-03,3,3993,永井聖美,47,東京,46.0,B1,5.29,30.53,0.0,0.0,33,29.79,43,36.54,,10,https://www1.mbrace.or.jp/od2/B/202608/b260812.lzh,2026-10-03T18:31:30.576605+09:00
20260812,24,大村,3,20260812-24-03,4,5342,原村百那,24,山口,46.0,B2,2.52,9.23,1.46,0.0,69,37.29,79,32.0,,9,https://www1.mbrace.or.jp/od2/B/202608/b260812.lzh,2026-10-03T18:31:30.576605+09:00
20260812,24,大村,3,20260812-24-03,5,4744,伊藤玲奈,33,福岡,46.0,B1,4.62,23.94,4.1,16.95,49,37.25,47,44.23,,,https://www1.mbrace.or.jp/od2/B/202608/b260812.lzh,2026-10-03T18:31:30.576605+09:00
20260812,24,大村,3,20260812-24-03,6,4098,赤澤文香,44,岡山,49.0,B1,4.24,16.47,0.0,0.0,36,39.22,81,46.81,,11,https://www1.mbrace.or.jp/od2/B/202608/b260812.lzh,2026-10-03T18:31:30.576605+09:00
20260812,24,大村,4,20260812-24-04,1,5358,増本杏珠,20,福岡,48.0,B2,2.39,4.08,2.75,7.5,38,48.94,14,46.81,,9,https://www1.mbrace.or.jp/od2/B/202608/b260812.lzh,2026-10-03T18:31:30.576605+09:00
20260812,24,大村,4,20260812-24-04,2,5254,羽田妃希,23,愛知,46.0,B1,3.52,10.14,3.29,11.76,79,29.79,36,36.73,,10,https://www1.mbrace.or.jp/od2/B/202608/b260812.lzh,2026-10-03T18:31:30.576605+09:00
20260812,24,大村,4,20260812-24-04,3,4534,坂咲友理,36,大阪,45.0,B1,3.78,13.79,4.44,11.11,20,47.92,57,35.85,,,https://www1.mbrace.or.jp/od2/B/202608/b260812.lzh,2026-10-03T18:31:30.576605+09:00
20260812,24,大村,4,20260812-24-04,4,5129,山口真喜,29,長崎,46.0,A2,6.09,42.73,5.82,39.62,55,34.04,39,27.66,,12,https://www1.mbrace.or.jp/od2/B/202608/b260812.lzh,2026-10-03T18:31:30.576605+09:00
20260812,24,大村,4,20260812-24-04,5,5362,中嶋世奈,19,静岡,50.0,B2,2.57,6.1,3.41,11.76,56,37.5,71,32.69,,11,https://www1.mbrace.or.jp/od2/B/202608/b260812.lzh,2026-10-03T18:31:30.576605+09:00
20260812,24,大村,4,20260812-24-04,6,5442,池田美優,19,広島,46.0,B2,1.66,1.69,0.0,0.0,39,34.62,60,38.89,,,https://www1.mbrace.or.jp/od2/B/202608/b260812.lzh,2026-10-03T18:31:30.576605+09:00
20260812,24,大村,5,20260812-24-05,1,4501,樋口由加,38,岡山,45.0,B1,5.12,32.35,5.47,38.6,40,22.92,25,43.4,,10,https://www1.mbrace.or.jp/od2/B/202608/b260812.lzh,2026-10-03T18:31:30.576605+09:00
20260812,24,大村,5,20260812-24-05,2,4924,中北涼,33,長崎,48.0,B1,4.51,20.41,4.11,16.31,37,41.67,75,32.65,,11,https://www1.mbrace.or.jp/od2/B/202608/b260812.lzh,2026-10-03T18:31:30.576605+09:00
20260812,24,大村,5,20260812-24-05,3,3579,中里優子,53,埼玉,48.0,B1,4.95,25.76,4.76,28.0,13,37.5,64,40.74,,,https://www1.mbrace.or.jp/od2/B/202608/b260812.lzh,2026-10-03T18:31:30.576605+09:00
20260812,24,大村,5,20260812-24-05,4,5117,冨名腰桃,26,福岡,44.0,B1,5.0,28.79,3.55,18.18,47,38.64,67,34.62,,,https://www1.mbrace.or.jp/od2/B/202608/b260812.lzh,2026-10-03T18:31:30.576605+09:00
20260812,24,大村,5,20260812-24-05,5,4891,寺島美里,36,東京,47.0,B1,4.73,25.71,3.33,11.11,74,33.33,62,45.1,,,https://www1.mbrace.or.jp/od2/B/202608/b260812.lzh,2026-10-03T18:31:30.576605+09:00
20260812,24,大村,5,20260812-24-05,6,4464,山下友貴,40,静岡,43.0,A1,5.9,40.0,4.38,25.0,41,54.17,51,36.54,,12,https://www1.mbrace.or.jp/od2/B/202608/b260812.lzh,2026-10-03T18:31:30.576605+09:00
20260812,24,大村,6,20260812-24-06,1,4947,間庭菜摘,34,福岡,47.0,B1,4.29,19.12,4.22,17.39,65,46.43,35,31.71,,,https://www1.mbrace.or.jp/od2/B/202608/b260812.lzh,2026-10-03T18:31:30.576605+09:00
20260812,24,大村,6,20260812-24-06,2,4246,喜多那由,44,静岡,47.0,B1,4.13,20.65,0.0,0.0,17,45.65,69,42.31,,,https://www1.mbrace.or.jp/od2/B/202608/b260812.lzh,2026-10-03T18:31:30.576605+09:00
20260812,24,大村,6,20260812-24-06,3,4065,金田幸子,46,岡山,43.0,B1,5.09,39.19,6.25,45.83,25,31.91,59,34.0,,,https://www1.mbrace.or.jp/od2/B/202608/b260812.lzh,2026-10-03T18:31:30.576605+09:00
20260812,24,大村,6,20260812-24-06,4,4627,藤原菜希,40,東京,48.0,A2,6.54,47.37,4.6,33.33,70,36.96,66,33.33,,12,https://www1.mbrace.or.jp/od2/B/202608/b260812.lzh,2026-10-03T18:31:30.576605+09:00
20260812,24,大村,6,20260812-24-06,5,4589,塩崎桐加,34,三重,51.0,B1,5.52,29.9,6.89,66.67,63,52.17,32,43.4,,11,https://www1.mbrace.or.jp/od2/B/202608/b260812.lzh,2026-10-03T18:31:30.576605+09:00
20260812,24,大村,6,20260812-24-06,6,4408,仁科さや,40,長崎,48.0,B1,3.45,18.18,4.56,31.25,59,55.81,12,38.78,,,https://www1.mbrace.or.jp/od2/B/202608/b260812.lzh,2026-10-03T18:31:30.576605+09:00
20260812,24,大村,7,20260812-24-07,1,4450,平高奈菜,39,香川,46.0,A2,6.55,47.92,6.33,33.33,16,40.0,55,38.3,,12,https://www1.mbrace.or.jp/od2/B/202608/b260812.lzh,2026-10-03T18:31:30.576605+09:00
20260812,24,大村,7,20260812-24-07,2,5335,森陽多,21,長崎,46.0,B1,2.57,8.96,2.7,11.11,43,40.0,15,32.56,,2,https://www1.mbrace.or.jp/od2/B/202608/b260812.lzh,2026-10-03T18:31:30.576605+09:00
20260812,24,大村,7,20260812-24-07,3,4791,黒澤めぐ,36,東京,48.0,B1,5.58,33.03,5.77,35.42,45,42.86,11,37.25,,1,https://www1.mbrace.or.jp/od2/B/202608/b260812.lzh,2026-10-03T18:31:30.576605+09:00
20260812,24,大村,7,20260812-24-07,4,3943,三松直美,47,岡山,68.0,B2,2.09,2.22,0.0,0.0,28,40.82,24,44.23,,,https://www1.mbrace.or.jp/od2/B/202608/b260812.lzh,2026-10-03T18:31:30.576605+09:00
20260812,24,大村,7,20260812-24-07,5,5327,西田和加,22,埼玉,48.0,B2,1.84,1.61,0.0,0.0,46,38.3,82,38.89,,,https://www1.mbrace.or.jp/od2/B/202608/b260812.lzh,2026-10-03T18:31:30.576605+09:00
20260812,24,大村,7,20260812-24-07,6,5380,野田亜湖,22,徳島,51.0,B2,1.22,0.0,1.0,0.0,23,41.07,77,38.46,,,https://www1.mbrace.or.jp/od2/B/202608/b260812.lzh,2026-10-03T18:31:30.576605+09:00
20260812,24,大村,8,20260812-24-08,1,3604,武藤綾子,55,福岡,49.0,B1,4.4,17.65,4.18,25.0,53,41.3,17,37.74,,2,https://www1.mbrace.or.jp/od2/B/202608/b260812.lzh,2026-10-03T18:31:30.576605+09:00
20260812,24,大村,8,20260812-24-08,2,4738,清埜翔子,35,埼玉,46.0,A2,5.82,39.53,5.73,40.0,31,32.5,54,30.77,,12,https://www1.mbrace.or.jp/od2/B/202608/b260812.lzh,2026-10-03T18:31:30.576605+09:00
20260812,24,大村,8,20260812-24-08,3,5346,中村紋夕,23,愛知,46.0,B1,2.81,1.61,2.71,14.29,61,38.78,46,39.22,,1,https://www1.mbrace.or.jp/od2/B/202608/b260812.lzh,2026-10-03T18:31:30.576605+09:00
20260812,24,大村,8,20260812-24-08,4,3474,松瀬弘美,56,静岡,47.0,B1,4.6,27.88,5.21,21.05,14,32.69,56,40.74,,3,https://www1.mbrace.or.jp/od2/B/202608/b260812.lzh,2026-10-03T18:31:30.576605+09:00
20260812,24,大村,8,20260812-24-08,5,5397,寺田夢生,24,山口,47.0,B2,1.55,0.0,0.0,0.0,32,27.66,45,29.17,,,https://www1.mbrace.or.jp/od2/B/202608/b260812.lzh,2026-10-03T18:31:30.576605+09:00
20260812,24,大村,8,20260812-24-08,6,3175,渡辺千草,62,東京,48.0,B1,4.43,21.69,4.5,22.22,24,50.0,37,37.25,,,https://www1.mbrace.or.jp/od2/B/202608/b260812.lzh,2026-10-03T18:31:30.576605+09:00
20260812,24,大村,9,20260812-24-09,1,5342,原村百那,24,山口,46.0,B2,2.52,9.23,1.46,0.0,69,37.29,79,32.0,,3,https://www1.mbrace.or.jp/od2/B/202608/b260812.lzh,2026-10-03T18:31:30.576605+09:00
20260812,24,大村,9,20260812-24-09,2,5272,松田真実,24,愛知,46.0,B1,4.72,26.76,2.1,10.0,58,32.61,48,34.69,,,https://www1.mbrace.or.jp/od2/B/202608/b260812.lzh,2026-10-03T18:31:30.576605+09:00
20260812,24,大村,9,20260812-24-09,3,5358,増本杏珠,20,福岡,48.0,B2,2.39,4.08,2.75,7.5,38,48.94,14,46.81,,4,https://www1.mbrace.or.jp/od2/B/202608/b260812.lzh,2026-10-03T18:31:30.576605+09:00
20260812,24,大村,9,20260812-24-09,4,5213,湯淺紀香,27,群馬,46.0,B1,5.16,33.33,4.07,22.22,57,37.78,27,31.11,,2,https://www1.mbrace.or.jp/od2/B/202608/b260812.lzh,2026-10-03T18:31:30.576605+09:00
20260812,24,大村,9,20260812-24-09,5,3334,角ひとみ,57,広島,45.0,A2,5.35,35.61,5.0,33.33,78,30.19,31,36.36,,,https://www1.mbrace.or.jp/od2/B/202608/b260812.lzh,2026-10-03T18:31:30.576605+09:00
20260812,24,大村,9,20260812-24-09,6,5056,西岡成美,30,徳島,45.0,B2,4.25,12.5,0.0,0.0,81,38.18,73,40.0,,1,https://www1.mbrace.or.jp/od2/B/202608/b260812.lzh,2026-10-03T18:31:30.576605+09:00
20260812,24,大村,10,20260812-24-10,1,4300,加藤綾,43,三重,51.0,B1,5.01,31.96,5.25,40.0,44,52.94,29,30.77,,2,https://www1.mbrace.or.jp/od2/B/202608/b260812.lzh,2026-10-03T18:31:30.576605+09:00
20260812,24,大村,10,20260812-24-10,2,5360,高木茉白,19,埼玉,47.0,B1,3.3,15.79,0.0,0.0,54,47.92,49,47.06,,1,https://www1.mbrace.or.jp/od2/B/202608/b260812.lzh,2026-10-03T18:31:30.576605+09:00
20260812,24,大村,10,20260812-24-10,3,4372,原田佑実,39,大阪,47.0,A2,5.78,38.2,6.09,37.5,19,35.71,34,32.69,,,https://www1.mbrace.or.jp/od2/B/202608/b260812.lzh,2026-10-03T18:31:30.576605+09:00
20260812,24,大村,10,20260812-24-10,4,5254,羽田妃希,23,愛知,46.0,B1,3.52,10.14,3.29,11.76,79,29.79,36,36.73,,4,https://www1.mbrace.or.jp/od2/B/202608/b260812.lzh,2026-10-03T18:31:30.576605+09:00
20260812,24,大村,10,20260812-24-10,5,4501,樋口由加,38,岡山,45.0,B1,5.12,32.35,5.47,38.6,40,22.92,25,43.4,,5,https://www1.mbrace.or.jp/od2/B/202608/b260812.lzh,2026-10-03T18:31:30.576605+09:00
20260812,24,大村,10,20260812-24-10,6,3993,永井聖美,47,東京,46.0,B1,5.29,30.53,0.0,0.0,33,29.79,43,36.54,,3,https://www1.mbrace.or.jp/od2/B/202608/b260812.lzh,2026-10-03T18:31:30.576605+09:00
20260812,24,大村,11,20260812-24-11,1,4286,平田さや,42,東京,48.0,A2,6.1,43.41,5.52,30.0,62,37.04,38,32.69,,2,https://www1.mbrace.or.jp/od2/B/202608/b260812.lzh,2026-10-03T18:31:30.576605+09:00
20260812,24,大村,11,20260812-24-11,2,4589,塩崎桐加,34,三重,51.0,B1,5.52,29.9,6.89,66.67,63,52.17,32,43.4,,6,https://www1.mbrace.or.jp/od2/B/202608/b260812.lzh,2026-10-03T18:31:30.576605+09:00
20260812,24,大村,11,20260812-24-11,3,5362,中嶋世奈,19,静岡,50.0,B2,2.57,6.1,3.41,11.76,56,37.5,71,32.69,,4,https://www1.mbrace.or.jp/od2/B/202608/b260812.lzh,2026-10-03T18:31:30.576605+09:00
20260812,24,大村,11,20260812-24-11,4,4098,赤澤文香,44,岡山,49.0,B1,4.24,16.47,0.0,0.0,36,39.22,81,46.81,,3,https://www1.mbrace.or.jp/od2/B/202608/b260812.lzh,2026-10-03T18:31:30.576605+09:00
20260812,24,大村,11,20260812-24-11,5,4924,中北涼,33,長崎,48.0,B1,4.51,20.41,4.11,16.31,37,41.67,75,32.65,,5,https://www1.mbrace.or.jp/od2/B/202608/b260812.lzh,2026-10-03T18:31:30.576605+09:00
20260812,24,大村,11,20260812-24-11,6,5069,山崎小葉,25,群馬,44.0,B1,4.88,28.26,4.39,38.89,48,33.33,20,43.75,,1,https://www1.mbrace.or.jp/od2/B/202608/b260812.lzh,2026-10-03T18:31:30.576605+09:00
20260812,24,大村,12,20260812-24-12,1,5129,山口真喜,29,長崎,46.0,A2,6.09,42.73,5.82,39.62,55,34.04,39,27.66,,4,https://www1.mbrace.or.jp/od2/B/202608/b260812.lzh,2026-10-03T18:31:30.576605+09:00
20260812,24,大村,12,20260812-24-12,2,4464,山下友貴,40,静岡,43.0,A1,5.9,40.0,4.38,25.0,41,54.17,51,36.54,,5,https://www1.mbrace.or.jp/od2/B/202608/b260812.lzh,2026-10-03T18:31:30.576605+09:00
20260812,24,大村,12,20260812-24-12,3,4450,平高奈菜,39,香川,46.0,A2,6.55,47.92,6.33,33.33,16,40.0,55,38.3,,7,https://www1.mbrace.or.jp/od2/B/202608/b260812.lzh,2026-10-03T18:31:30.576605+09:00
20260812,24,大村,12,20260812-24-12,4,4738,清埜翔子,35,埼玉,46.0,A2,5.82,39.53,5.73,40.0,31,32.5,54,30.77,,8,https://www1.mbrace.or.jp/od2/B/202608/b260812.lzh,2026-10-03T18:31:30.576605+09:00
20260812,24,大村,12,20260812-24-12,5,4927,関野文,32,大阪,44.0,A2,6.1,43.24,5.39,36.84,52,38.3,50,48.08,,3,https://www1.mbrace.or.jp/od2/B/202608/b260812.lzh,2026-10-03T18:31:30.576605+09:00
20260812,24,大村,12,20260812-24-12,6,4627,藤原菜希,40,東京,48.0,A2,6.54,47.37,4.6,33.33,70,36.96,66,33.33,,6,https://www1.mbrace.or.jp/od2/B/202608/b260812.lzh,2026-10-03T18:31:30.576605+09:00
20260812,23,唐津,1,20260812-23-01,1,4445,宮地元輝,39,佐賀,57.0,A1,7.1,46.81,7.5,59.29,34,33.33,31,39.78,16313,12,https://www1.mbrace.or.jp/od2/B/202608/b260812.lzh,2026-10-03T18:31:30.576605+09:00
20260812,23,唐津,1,20260812-23-01,2,4720,西澤日花,32,長崎,48.0,B1,3.58,15.38,4.59,28.13,36,30.81,19,38.46,362 6,6,https://www1.mbrace.or.jp/od2/B/202608/b260812.lzh,2026-10-03T18:31:30.576605+09:00
20260812,23,唐津,1,20260812-23-01,3,3722,西村秀樹,56,福岡,53.0,B1,3.37,8.33,3.19,6.25,59,29.63,9,35.16,2 5456,,https://www1.mbrace.or.jp/od2/B/202608/b260812.lzh,2026-10-03T18:31:30.576605+09:00
20260812,23,唐津,1,20260812-23-01,4,4552,杉山勝匡,37,佐賀,52.0,B1,4.58,28.95,4.77,29.46,11,30.59,59,39.39,5 262,10,https://www1.mbrace.or.jp/od2/B/202608/b260812.lzh,2026-10-03T18:31:30.576605+09:00
20260812,23,唐津,1,20260812-23-01,5,3974,深山祐二,49,佐賀,52.0,B1,4.4,25.27,4.39,21.14,8,35.68,56,35.71,5 541,8,https://www1.mbrace.or.jp/od2/B/202608/b260812.lzh,2026-10-03T18:31:30.576605+09:00
20260812,23,唐津,1,20260812-23-01,6,5462,山浦槙,19,佐賀,49.0,B2,1.7,0.0,1.78,0.0,55,33.18,28,38.83,4 665,9,https://www1.mbrace.or.jp/od2/B/202608/b260812.lzh,2026-10-03T18:31:30.576605+09:00
20260812,23,唐津,2,20260812-23-02,1,5121,定松勇樹,25,佐賀,52.0,A1,7.66,53.0,7.43,60.8,41,28.89,6,44.66,143 63,10,https://www1.mbrace.or.jp/od2/B/202608/b260812.lzh,2026-10-03T18:31:30.576605+09:00
20260812,23,唐津,2,20260812-23-02,2,3566,川添英正,56,福岡,53.0,B1,4.6,25.29,5.05,26.19,40,42.79,21,44.34,4 333,12,https://www1.mbrace.or.jp/od2/B/202608/b260812.lzh,2026-10-03T18:31:30.576605+09:00
20260812,23,唐津,2,20260812-23-02,3,4503,上野真之,38,佐賀,52.0,A1,8.09,61.74,7.81,65.14,13,31.86,18,31.96,21111,11,https://www1.mbrace.or.jp/od2/B/202608/b260812.lzh,2026-10-03T18:31:30.576605+09:00
20260812,23,唐津,2,20260812-23-02,4,5307,富永夏哉,23,佐賀,51.0,B1,4.71,28.57,4.0,17.7,42,37.33,37,36.73,255 2,9,https://www1.mbrace.or.jp/od2/B/202608/b260812.lzh,2026-10-03T18:31:30.576605+09:00
20260812,23,唐津,2,20260812-23-02,5,3809,吉田光,51,佐賀,51.0,B1,3.92,7.89,5.25,31.03,37,34.3,49,32.99,5 354,7,https://www1.mbrace.or.jp/od2/B/202608/b260812.lzh,2026-10-03T18:31:30.576605+09:00
20260812,23,唐津,2,20260812-23-02,6,5428,古園井綾,23,佐賀,50.0,B2,1.08,0.0,1.15,0.0,31,37.44,10,40.45,6 666,6,https://www1.mbrace.or.jp/od2/B/202608/b260812.lzh,2026-10-03T18:31:30.576605+09:00
20260812,23,唐津,3,20260812-23-03,1,4734,安河内将,36,佐賀,53.0,A1,6.8,51.85,7.08,52.9,15,39.47,17,35.64,131 34,9,https://www1.mbrace.or.jp/od2/B/202608/b260812.lzh,2026-10-03T18:31:30.576605+09:00
20260812,23,唐津,3,20260812-23-03,2,3784,中島友和,49,佐賀,53.0,B1,4.94,28.89,5.57,34.78,27,34.01,35,39.42,3 564,8,https://www1.mbrace.or.jp/od2/B/202608/b260812.lzh,2026-10-03T18:31:30.576605+09:00
20260812,23,唐津,3,20260812-23-03,3,4879,山崎鉄平,31,佐賀,53.0,B1,4.98,33.33,5.3,30.33,33,21.64,53,34.95,533 3,11,https://www1.mbrace.or.jp/od2/B/202608/b260812.lzh,2026-10-03T18:31:30.576605+09:00
20260812,23,唐津,3,20260812-23-03,4,5312,川辺郭人,26,佐賀,53.0,B1,3.61,13.04,2.63,5.65,53,24.48,14,31.68,3 2443,,https://www1.mbrace.or.jp/od2/B/202608/b260812.lzh,2026-10-03T18:31:30.576605+09:00
20260812,23,唐津,3,20260812-23-03,5,4072,森永淳,45,佐賀,52.0,A1,7.2,56.88,6.62,52.76,16,47.14,38,37.14,121 31,10,https://www1.mbrace.or.jp/od2/B/202608/b260812.lzh,2026-10-03T18:31:30.576605+09:00
20260812,23,唐津,3,20260812-23-03,6,5412,久保田凪,20,佐賀,43.0,B2,1.59,1.25,1.47,1.72,52,32.35,13,32.41,626 55,,https://www1.mbrace.or.jp/od2/B/202608/b260812.lzh,2026-10-03T18:31:30.576605+09:00
20260812,23,唐津,4,20260812-23-04,1,3752,宇土泰就,55,福岡,57.0,B1,4.28,17.05,3.12,5.88,24,31.65,39,38.14,155 S5,,https://www1.mbrace.or.jp/od2/B/202608/b260812.lzh,2026-10-03T18:31:30.576605+09:00
20260812,23,唐津,4,20260812-23-04,2,4531,武富智亮,37,佐賀,54.0,A2,6.33,41.18,6.3,45.59,58,33.49,51,36.27,2 1414,11,https://www1.mbrace.or.jp/od2/B/202608/b260812.lzh,2026-10-03T18:31:30.576605+09:00
20260812,23,唐津,4,20260812-23-04,3,4100,松田隆司,47,福岡,54.0,B1,4.64,26.97,4.17,27.59,2,37.62,11,29.7,423 66,,https://www1.mbrace.or.jp/od2/B/202608/b260812.lzh,2026-10-03T18:31:30.576605+09:00
20260812,23,唐津,4,20260812-23-04,4,4515,藤田浩人,40,佐賀,56.0,A2,5.76,36.13,5.83,41.9,44,32.86,52,38.1,3 1531,12,https://www1.mbrace.or.jp/od2/B/202608/b260812.lzh,2026-10-03T18:31:30.576605+09:00
20260812,23,唐津,4,20260812-23-04,5,3623,深川真二,52,佐賀,52.0,A1,7.51,65.18,8.03,70.06,19,33.51,55,38.78,41131,10,https://www1.mbrace.or.jp/od2/B/202608/b260812.lzh,2026-10-03T18:31:30.576605+09:00
20260812,23,唐津,4,20260812-23-04,6,5451,知念伶奈,21,佐賀,47.0,B2,1.43,4.76,1.14,0.0,22,39.71,60,29.41,666 66,,https://www1.mbrace.or.jp/od2/B/202608/b260812.lzh,2026-10-03T18:31:30.576605+09:00
20260812,23,唐津,5,20260812-23-05,1,4143,浦田晃嗣,45,佐賀,57.0,B1,3.99,18.75,4.28,21.48,1,32.42,7,39.78,545 2,11,https://www1.mbrace.or.jp/od2/B/202608/b260812.lzh,2026-10-03T18:31:30.576605+09:00
20260812,23,唐津,5,20260812-23-05,2,3998,冨成謙児,47,佐賀,50.0,B1,4.45,27.0,5.08,33.55,49,37.13,50,39.39,3 3644,,https://www1.mbrace.or.jp/od2/B/202608/b260812.lzh,2026-10-03T18:31:30.576605+09:00
20260812,23,唐津,5,20260812-23-05,3,5026,安河内健,30,佐賀,55.0,A1,6.51,50.45,6.45,49.69,4,44.44,12,34.0,31221,12,https://www1.mbrace.or.jp/od2/B/202608/b260812.lzh,2026-10-03T18:31:30.576605+09:00
20260812,23,唐津,5,20260812-23-05,4,3508,久富政弘,55,佐賀,56.0,A2,5.29,32.94,4.65,25.2,3,27.92,54,30.93,2 1551,9,https://www1.mbrace.or.jp/od2/B/202608/b260812.lzh,2026-10-03T18:31:30.576605+09:00
20260812,23,唐津,5,20260812-23-05,5,5263,花田凱成,27,福岡,52.0,B1,4.13,19.32,2.75,8.33,14,33.33,40,29.41,5 4435,,https://www1.mbrace.or.jp/od2/B/202608/b260812.lzh,2026-10-03T18:31:30.576605+09:00
20260812,23,唐津,5,20260812-23-05,6,3617,竹田広樹,53,佐賀,54.0,B1,3.88,19.12,4.54,27.56,26,30.37,3,37.11,6 5455,,https://www1.mbrace.or.jp/od2/B/202608/b260812.lzh,2026-10-03T18:31:30.576605+09:00
20260812,23,唐津,6,20260812-23-06,1,5268,山本幸也,25,福岡,56.0,B1,3.67,15.79,2.28,3.13,20,32.55,23,44.66,243 6,10,https://www1.mbrace.or.jp/od2/B/202608/b260812.lzh,2026-10-03T18:31:30.576605+09:00
20260812,23,唐津,6,20260812-23-06,2,4661,中島昂章,34,佐賀,53.0,A2,5.43,36.0,5.46,37.4,7,37.96,1,39.58,234 15,,https://www1.mbrace.or.jp/od2/B/202608/b260812.lzh,2026-10-03T18:31:30.576605+09:00
20260812,23,唐津,6,20260812-23-06,3,3825,宮嵜隆太,53,福岡,59.0,B1,3.2,18.18,4.17,20.0,47,33.8,32,39.39,6 6323,,https://www1.mbrace.or.jp/od2/B/202608/b260812.lzh,2026-10-03T18:31:30.576605+09:00
20260812,23,唐津,6,20260812-23-06,4,4320,峰竜太,41,佐賀,51.0,A1,8.63,56.82,8.03,68.87,29,37.05,16,38.24,11121,11,https://www1.mbrace.or.jp/od2/B/202608/b260812.lzh,2026-10-03T18:31:30.576605+09:00
20260812,23,唐津,6,20260812-23-06,5,5428,古園井綾,23,佐賀,50.0,B2,1.08,0.0,1.15,0.0,31,37.44,10,40.45,6 666,2,https://www1.mbrace.or.jp/od2/B/202608/b260812.lzh,2026-10-03T18:31:30.576605+09:00
20260812,23,唐津,6,20260812-23-06,6,4720,西澤日花,32,長崎,48.0,B1,3.58,15.38,4.59,28.13,36,30.81,19,38.46,362 6,1,https://www1.mbrace.or.jp/od2/B/202608/b260812.lzh,2026-10-03T18:31:30.576605+09:00
20260812,23,唐津,7,20260812-23-07,1,5270,小玉啓太,25,佐賀,51.0,B1,4.52,25.0,3.39,15.66,32,46.32,5,35.14,562 4,12,https://www1.mbrace.or.jp/od2/B/202608/b260812.lzh,2026-10-03T18:31:30.576605+09:00
20260812,23,唐津,7,20260812-23-07,2,3809,吉田光,51,佐賀,51.0,B1,3.92,7.89,5.25,31.03,37,34.3,49,32.99,5 354,2,https://www1.mbrace.or.jp/od2/B/202608/b260812.lzh,2026-10-03T18:31:30.576605+09:00
20260812,23,唐津,7,20260812-23-07,3,4294,古賀繁輝,40,佐賀,59.0,A1,6.03,41.51,6.86,51.83,12,33.49,2,37.62,4 2232,11,https://www1.mbrace.or.jp/od2/B/202608/b260812.lzh,2026-10-03T18:31:30.576605+09:00
20260812,23,唐津,7,20260812-23-07,4,4252,松下哲也,43,福岡,51.0,B1,4.73,25.81,4.53,24.56,21,34.8,24,37.11,3 5644,,https://www1.mbrace.or.jp/od2/B/202608/b260812.lzh,2026-10-03T18:31:30.576605+09:00
20260812,23,唐津,7,20260812-23-07,5,4006,小野勇作,48,佐賀,51.0,B1,5.04,28.26,4.64,23.47,46,34.93,20,34.29,451 16,,https://www1.mbrace.or.jp/od2/B/202608/b260812.lzh,2026-10-03T18:31:30.576605+09:00
20260812,23,唐津,7,20260812-23-07,6,4718,北川太一,33,佐賀,52.0,A2,6.2,43.24,5.53,35.1,5,38.38,15,35.29,F45 2,,https://www1.mbrace.or.jp/od2/B/202608/b260812.lzh,2026-10-03T18:31:30.576605+09:00
20260812,23,唐津,8,20260812-23-08,1,3974,深山祐二,49,佐賀,52.0,B1,4.4,25.27,4.39,21.14,8,35.68,56,35.71,5 541,1,https://www1.mbrace.or.jp/od2/B/202608/b260812.lzh,2026-10-03T18:31:30.576605+09:00
20260812,23,唐津,8,20260812-23-08,2,3211,北川敏弘,64,佐賀,52.0,B1,4.04,14.12,3.92,13.08,35,38.46,57,32.61,6 4222,,https://www1.mbrace.or.jp/od2/B/202608/b260812.lzh,2026-10-03T18:31:30.576605+09:00
20260812,23,唐津,8,20260812-23-08,3,4499,滝川真由,38,長崎,45.0,B1,5.12,29.23,4.76,24.0,10,35.98,41,35.85,3 4322,,https://www1.mbrace.or.jp/od2/B/202608/b260812.lzh,2026-10-03T18:31:30.576605+09:00
20260812,23,唐津,8,20260812-23-08,4,5124,上瀧絢也,30,佐賀,53.0,B1,4.38,25.61,4.21,20.72,28,37.37,48,28.97,344 34,,https://www1.mbrace.or.jp/od2/B/202608/b260812.lzh,2026-10-03T18:31:30.576605+09:00
20260812,23,唐津,8,20260812-23-08,5,4500,山田康二,38,佐賀,54.0,A1,7.75,51.38,8.3,68.29,18,37.79,8,40.2,122 12,12,https://www1.mbrace.or.jp/od2/B/202608/b260812.lzh,2026-10-03T18:31:30.576605+09:00
20260812,23,唐津,8,20260812-23-08,6,3784,中島友和,49,佐賀,53.0,B1,4.94,28.89,5.57,34.78,27,34.01,35,39.42,3 564,3,https://www1.mbrace.or.jp/od2/B/202608/b260812.lzh,2026-10-03T18:31:30.576605+09:00
20260812,23,唐津,9,20260812-23-09,1,5307,富永夏哉,23,佐賀,51.0,B1,4.71,28.57,4.0,17.7,42,37.33,37,36.73,255 2,2,https://www1.mbrace.or.jp/od2/B/202608/b260812.lzh,2026-10-03T18:31:30.576605+09:00
20260812,23,唐津,9,20260812-23-09,2,3508,久富政弘,55,佐賀,56.0,A2,5.29,32.94,4.65,25.2,3,27.92,42,27.84,2 1551,5,https://www1.mbrace.or.jp/od2/B/202608/b260812.lzh,2026-10-03T18:31:30.576605+09:00
20260812,23,唐津,9,20260812-23-09,3,4734,安河内将,36,佐賀,53.0,A1,6.8,51.85,7.08,52.9,15,39.47,17,35.64,131 34,3,https://www1.mbrace.or.jp/od2/B/202608/b260812.lzh,2026-10-03T18:31:30.576605+09:00
20260812,23,唐津,9,20260812-23-09,4,4652,酒見峻介,41,佐賀,52.0,B1,4.78,22.73,5.28,34.31,50,39.89,47,29.29,466 54,,https://www1.mbrace.or.jp/od2/B/202608/b260812.lzh,2026-10-03T18:31:30.576605+09:00
20260812,23,唐津,9,20260812-23-09,5,5462,山浦槙,19,佐賀,49.0,B2,1.7,0.0,1.78,0.0,55,33.18,28,38.83,4 665,1,https://www1.mbrace.or.jp/od2/B/202608/b260812.lzh,2026-10-03T18:31:30.576605+09:00
20260812,23,唐津,9,20260812-23-09,6,5142,常住蓮,25,佐賀,51.0,A1,7.22,52.59,7.42,58.41,54,36.87,29,35.24,1521F,,https://www1.mbrace.or.jp/od2/B/202608/b260812.lzh,2026-10-03T18:31:30.576605+09:00
20260812,23,唐津,10,20260812-23-10,1,3623,深川真二,52,佐賀,52.0,A1,7.51,65.18,8.03,70.06,19,33.51,55,38.78,41131,4,https://www1.mbrace.or.jp/od2/B/202608/b260812.lzh,2026-10-03T18:31:30.576605+09:00
20260812,23,唐津,10,20260812-23-10,2,4072,森永淳,45,佐賀,52.0,A1,7.2,56.88,6.62,52.76,16,47.14,38,37.14,121 31,3,https://www1.mbrace.or.jp/od2/B/202608/b260812.lzh,2026-10-03T18:31:30.576605+09:00
20260812,23,唐津,10,20260812-23-10,3,5268,山本幸也,25,福岡,56.0,B1,3.67,15.79,2.28,3.13,20,32.55,23,44.66,243 6,6,https://www1.mbrace.or.jp/od2/B/202608/b260812.lzh,2026-10-03T18:31:30.576605+09:00
20260812,23,唐津,10,20260812-23-10,4,5121,定松勇樹,25,佐賀,52.0,A1,7.66,53.0,7.43,60.8,41,28.89,6,44.66,143 63,2,https://www1.mbrace.or.jp/od2/B/202608/b260812.lzh,2026-10-03T18:31:30.576605+09:00
20260812,23,唐津,10,20260812-23-10,5,4552,杉山勝匡,37,佐賀,52.0,B1,4.58,28.95,4.77,29.46,11,30.59,59,39.39,5 262,1,https://www1.mbrace.or.jp/od2/B/202608/b260812.lzh,2026-10-03T18:31:30.576605+09:00
20260812,23,唐津,10,20260812-23-10,6,5214,田中宏典,27,佐賀,53.0,B1,4.88,30.0,4.65,26.62,43,33.14,44,33.0,254 25,,https://www1.mbrace.or.jp/od2/B/202608/b260812.lzh,2026-10-03T18:31:30.576605+09:00
20260812,23,唐津,11,20260812-23-11,1,4320,峰竜太,41,佐賀,51.0,A1,8.63,56.82,8.03,68.87,29,37.05,16,38.24,11121,6,https://www1.mbrace.or.jp/od2/B/202608/b260812.lzh,2026-10-03T18:31:30.576605+09:00
20260812,23,唐津,11,20260812-23-11,2,4294,古賀繁輝,40,佐賀,59.0,A1,6.03,41.51,6.86,51.83,12,33.49,2,37.62,4 2232,7,https://www1.mbrace.or.jp/od2/B/202608/b260812.lzh,2026-10-03T18:31:30.576605+09:00
20260812,23,唐津,11,20260812-23-11,3,4531,武富智亮,37,佐賀,54.0,A2,6.33,41.18,6.3,45.59,58,33.49,51,36.27,2 1414,4,https://www1.mbrace.or.jp/od2/B/202608/b260812.lzh,2026-10-03T18:31:30.576605+09:00
20260812,23,唐津,11,20260812-23-11,4,4503,上野真之,38,佐賀,52.0,A1,8.09,61.74,7.81,65.14,13,31.86,18,31.96,21111,2,https://www1.mbrace.or.jp/od2/B/202608/b260812.lzh,2026-10-03T18:31:30.576605+09:00
20260812,23,唐津,11,20260812-23-11,5,4143,浦田晃嗣,45,佐賀,57.0,B1,3.99,18.75,4.28,21.48,1,32.42,7,39.78,545 2,5,https://www1.mbrace.or.jp/od2/B/202608/b260812.lzh,2026-10-03T18:31:30.576605+09:00
20260812,23,唐津,11,20260812-23-11,6,4879,山崎鉄平,31,佐賀,53.0,B1,4.98,33.33,5.3,30.33,33,21.64,53,34.95,533 3,3,https://www1.mbrace.or.jp/od2/B/202608/b260812.lzh,2026-10-03T18:31:30.576605+09:00
20260812,23,唐津,12,20260812-23-12,1,4500,山田康二,38,佐賀,54.0,A1,7.75,51.38,8.3,68.29,18,37.79,8,40.2,122 12,8,https://www1.mbrace.or.jp/od2/B/202608/b260812.lzh,2026-10-03T18:31:30.576605+09:00
20260812,23,唐津,12,20260812-23-12,2,5026,安河内健,30,佐賀,55.0,A1,6.51,50.45,6.45,49.69,4,44.44,12,34.0,31221,5,https://www1.mbrace.or.jp/od2/B/202608/b260812.lzh,2026-10-03T18:31:30.576605+09:00
20260812,23,唐津,12,20260812-23-12,3,4515,藤田浩人,40,佐賀,56.0,A2,5.76,36.13,5.83,41.9,44,32.86,52,38.1,3 1531,4,https://www1.mbrace.or.jp/od2/B/202608/b260812.lzh,2026-10-03T18:31:30.576605+09:00
20260812,23,唐津,12,20260812-23-12,4,4445,宮地元輝,39,佐賀,57.0,A1,7.1,46.81,7.5,59.29,34,33.33,31,39.78,16313,1,https://www1.mbrace.or.jp/od2/B/202608/b260812.lzh,2026-10-03T18:31:30.576605+09:00
20260812,23,唐津,12,20260812-23-12,5,5270,小玉啓太,25,佐賀,51.0,B1,4.52,25.0,3.39,15.66,32,46.32,5,35.14,562 4,7,https://www1.mbrace.or.jp/od2/B/202608/b260812.lzh,2026-10-03T18:31:30.576605+09:00
20260812,23,唐津,12,20260812-23-12,6,3566,川添英正,56,福岡,53.0,B1,4.6,25.29,5.05,26.19,40,42.79,21,44.34,4 333,2,https://www1.mbrace.or.jp/od2/B/202608/b260812.lzh,2026-10-03T18:31:30.576605+09:00
20260812,22,福岡,1,20260812-22-01,1,3898,平田忠則,49,福岡,52.0,A1,7.3,58.2,6.59,52.63,16,49.51,123,47.37,,12,https://www1.mbrace.or.jp/od2/B/202608/b260812.lzh,2026-10-03T18:31:30.576605+09:00
20260812,22,福岡,1,20260812-22-01,2,4151,下河誉史,44,福岡,55.0,B1,4.67,22.73,6.27,40.0,17,29.25,153,28.41,,6,https://www1.mbrace.or.jp/od2/B/202608/b260812.lzh,2026-10-03T18:31:30.576605+09:00
20260812,22,福岡,1,20260812-22-01,3,4474,渡辺崇,38,福岡,56.0,B1,5.23,35.23,5.38,37.93,28,35.63,135,42.22,,11,https://www1.mbrace.or.jp/od2/B/202608/b260812.lzh,2026-10-03T18:31:30.576605+09:00
20260812,22,福岡,1,20260812-22-01,4,3804,中渡修作,52,福岡,54.0,B1,5.01,30.17,3.33,22.22,15,40.57,125,30.95,,10,https://www1.mbrace.or.jp/od2/B/202608/b260812.lzh,2026-10-03T18:31:30.576605+09:00
20260812,22,福岡,1,20260812-22-01,5,4674,池田剛規,39,福岡,51.0,B1,5.23,31.13,5.18,28.28,48,17.86,113,20.99,,8,https://www1.mbrace.or.jp/od2/B/202608/b260812.lzh,2026-10-03T18:31:30.576605+09:00
20260812,22,福岡,1,20260812-22-01,6,5468,山口隼人,19,福岡,53.0,B2,1.38,0.0,1.33,0.0,30,46.67,154,17.39,,,https://www1.mbrace.or.jp/od2/B/202608/b260812.lzh,2026-10-03T18:31:30.576605+09:00
20260812,22,福岡,2,20260812-22-02,1,4957,竹之内極,31,福岡,56.0,B1,5.63,38.37,5.22,28.87,56,42.22,107,27.54,,6,https://www1.mbrace.or.jp/od2/B/202608/b260812.lzh,2026-10-03T18:31:30.576605+09:00
20260812,22,福岡,2,20260812-22-02,2,4727,安部慎一,38,福岡,55.0,B1,4.13,15.49,5.13,35.29,53,25.0,146,26.19,,7,https://www1.mbrace.or.jp/od2/B/202608/b260812.lzh,2026-10-03T18:31:30.576605+09:00
20260812,22,福岡,2,20260812-22-02,3,4424,松尾昂明,41,福岡,50.0,A2,5.71,38.05,6.45,49.56,32,24.3,152,28.05,,9,https://www1.mbrace.or.jp/od2/B/202608/b260812.lzh,2026-10-03T18:31:30.576605+09:00
20260812,22,福岡,2,20260812-22-02,4,5018,竹下大樹,27,福岡,54.0,A1,6.83,50.76,6.47,46.28,46,22.77,142,25.0,,8,https://www1.mbrace.or.jp/od2/B/202608/b260812.lzh,2026-10-03T18:31:30.576605+09:00
20260812,22,福岡,2,20260812-22-02,5,4485,楠原正剛,40,福岡,57.0,B1,4.91,26.21,5.83,40.74,12,36.89,148,38.55,,10,https://www1.mbrace.or.jp/od2/B/202608/b260812.lzh,2026-10-03T18:31:30.576605+09:00
20260812,22,福岡,2,20260812-22-02,6,5239,上野俊樹,26,福岡,51.0,B1,5.48,32.0,3.9,18.1,51,22.33,110,38.96,,11,https://www1.mbrace.or.jp/od2/B/202608/b260812.lzh,2026-10-03T18:31:30.576605+09:00
20260812,22,福岡,3,20260812-22-03,1,4336,松田竜馬,42,福岡,54.0,B1,4.92,29.41,5.24,32.0,34,37.39,168,37.5,,7,https://www1.mbrace.or.jp/od2/B/202608/b260812.lzh,2026-10-03T18:31:30.576605+09:00
20260812,22,福岡,3,20260812-22-03,2,4866,橋本英一,36,福岡,55.0,B1,4.16,19.12,4.45,23.08,72,40.38,129,35.11,,,https://www1.mbrace.or.jp/od2/B/202608/b260812.lzh,2026-10-03T18:31:30.576605+09:00
20260812,22,福岡,3,20260812-22-03,3,4371,西山貴浩,39,福岡,51.0,A1,7.28,47.62,6.66,40.98,74,43.37,117,32.89,,12,https://www1.mbrace.or.jp/od2/B/202608/b260812.lzh,2026-10-03T18:31:30.576605+09:00
20260812,22,福岡,3,20260812-22-03,4,4094,中島真二,45,福岡,53.0,B1,4.84,29.89,5.0,29.41,19,32.14,155,28.41,,,https://www1.mbrace.or.jp/od2/B/202608/b260812.lzh,2026-10-03T18:31:30.576605+09:00
20260812,22,福岡,3,20260812-22-03,5,4395,下河雅史,40,福岡,55.0,B1,5.4,34.65,5.41,32.97,44,28.91,166,23.81,,9,https://www1.mbrace.or.jp/od2/B/202608/b260812.lzh,2026-10-03T18:31:30.576605+09:00
20260812,22,福岡,3,20260812-22-03,6,5458,田中大輝,20,福岡,53.0,B2,1.27,0.0,1.33,0.0,25,42.48,126,44.05,,,https://www1.mbrace.or.jp/od2/B/202608/b260812.lzh,2026-10-03T18:31:30.576605+09:00
20260812,22,福岡,4,20260812-22-04,1,4495,森晋太郎,39,福岡,53.0,B2,5.89,43.75,4.91,31.34,39,41.77,109,42.86,,8,https://www1.mbrace.or.jp/od2/B/202608/b260812.lzh,2026-10-03T18:31:30.576605+09:00
20260812,22,福岡,4,20260812-22-04,2,4296,岡崎恭裕,39,福岡,52.0,A2,6.24,42.11,7.0,55.56,36,31.73,164,25.29,,12,https://www1.mbrace.or.jp/od2/B/202608/b260812.lzh,2026-10-03T18:31:30.576605+09:00
20260812,22,福岡,4,20260812-22-04,3,4684,楠原翔太,35,福岡,54.0,B1,5.16,29.66,5.57,35.87,11,38.38,167,42.68,,9,https://www1.mbrace.or.jp/od2/B/202608/b260812.lzh,2026-10-03T18:31:30.576605+09:00
20260812,22,福岡,4,20260812-22-04,4,3869,井芹大志,50,福岡,53.0,B1,4.03,20.27,5.17,26.67,26,27.85,141,31.65,,,https://www1.mbrace.or.jp/od2/B/202608/b260812.lzh,2026-10-03T18:31:30.576605+09:00
20260812,22,福岡,4,20260812-22-04,5,4079,出畑孝典,47,福岡,53.0,A2,5.96,38.35,6.51,46.27,33,41.82,136,34.57,,10,https://www1.mbrace.or.jp/od2/B/202608/b260812.lzh,2026-10-03T18:31:30.576605+09:00
20260812,22,福岡,4,20260812-22-04,6,5409,宮本琉正,21,福岡,56.0,B2,2.66,8.2,1.41,0.0,58,37.78,163,36.05,,,https://www1.mbrace.or.jp/od2/B/202608/b260812.lzh,2026-10-03T18:31:30.576605+09:00
20260812,22,福岡,5,20260812-22-05,1,4555,富永大一,37,福岡,54.0,B1,5.33,33.04,4.93,28.13,71,45.45,170,33.33,,9,https://www1.mbrace.or.jp/od2/B/202608/b260812.lzh,2026-10-03T18:31:30.576605+09:00
20260812,22,福岡,5,20260812-22-05,2,4122,安東幸治,44,福岡,56.0,A2,5.56,35.9,5.41,38.03,18,33.71,120,22.09,,11,https://www1.mbrace.or.jp/od2/B/202608/b260812.lzh,2026-10-03T18:31:30.576605+09:00
20260812,22,福岡,5,20260812-22-05,3,5092,篠原晟弥,25,福岡,51.0,A2,6.06,44.44,6.22,47.45,29,27.87,151,22.47,,12,https://www1.mbrace.or.jp/od2/B/202608/b260812.lzh,2026-10-03T18:31:30.576605+09:00
20260812,22,福岡,5,20260812-22-05,4,3662,大庭元明,56,福岡,56.0,B1,4.74,32.18,5.22,34.38,49,37.63,147,25.84,,,https://www1.mbrace.or.jp/od2/B/202608/b260812.lzh,2026-10-03T18:31:30.576605+09:00
20260812,22,福岡,5,20260812-22-05,5,5240,高橋龍治,26,福岡,54.0,B1,4.46,28.57,3.86,20.55,68,41.96,131,20.69,,,https://www1.mbrace.or.jp/od2/B/202608/b260812.lzh,2026-10-03T18:31:30.576605+09:00
20260812,22,福岡,5,20260812-22-05,6,4236,松村敏,42,福岡,54.0,A1,7.38,62.5,7.35,60.42,43,60.92,162,38.1,,10,https://www1.mbrace.or.jp/od2/B/202608/b260812.lzh,2026-10-03T18:31:30.576605+09:00
20260812,22,福岡,6,20260812-22-06,1,5284,嘉手苅徹,27,福岡,54.0,B2,3.83,15.0,2.67,9.35,67,38.89,112,26.83,,,https://www1.mbrace.or.jp/od2/B/202608/b260812.lzh,2026-10-03T18:31:30.576605+09:00
20260812,22,福岡,6,20260812-22-06,2,4121,富永修一,44,福岡,52.0,A2,5.99,45.24,5.54,32.69,13,36.54,160,39.02,,10,https://www1.mbrace.or.jp/od2/B/202608/b260812.lzh,2026-10-03T18:31:30.576605+09:00
20260812,22,福岡,6,20260812-22-06,3,5271,杉山太陽,25,福岡,52.0,B1,4.07,17.98,3.02,16.28,62,48.35,172,35.71,,,https://www1.mbrace.or.jp/od2/B/202608/b260812.lzh,2026-10-03T18:31:30.576605+09:00
20260812,22,福岡,6,20260812-22-06,4,4957,竹之内極,31,福岡,56.0,B1,5.63,38.37,5.22,28.87,56,42.22,107,27.54,,2,https://www1.mbrace.or.jp/od2/B/202608/b260812.lzh,2026-10-03T18:31:30.576605+09:00
20260812,22,福岡,6,20260812-22-06,5,4151,下河誉史,44,福岡,55.0,B1,4.67,22.73,6.27,40.0,17,29.25,153,28.41,,1,https://www1.mbrace.or.jp/od2/B/202608/b260812.lzh,2026-10-03T18:31:30.576605+09:00
20260812,22,福岡,6,20260812-22-06,6,4350,篠崎元志,40,福岡,54.0,A1,7.92,65.09,8.13,66.41,57,26.73,132,32.18,,11,https://www1.mbrace.or.jp/od2/B/202608/b260812.lzh,2026-10-03T18:31:30.576605+09:00
20260812,22,福岡,7,20260812-22-07,1,3627,井上恵一,56,福岡,54.0,A2,4.84,32.93,5.01,31.18,27,38.61,108,39.33,,11,https://www1.mbrace.or.jp/od2/B/202608/b260812.lzh,2026-10-03T18:31:30.576605+09:00
20260812,22,福岡,7,20260812-22-07,2,5008,羽野諒,29,福岡,54.0,B1,4.68,22.06,5.23,31.91,66,27.78,101,34.15,,,https://www1.mbrace.or.jp/od2/B/202608/b260812.lzh,2026-10-03T18:31:30.576605+09:00
20260812,22,福岡,7,20260812-22-07,3,4336,松田竜馬,42,福岡,54.0,B1,4.92,29.41,5.24,32.0,34,37.39,168,37.5,,3,https://www1.mbrace.or.jp/od2/B/202608/b260812.lzh,2026-10-03T18:31:30.576605+09:00
20260812,22,福岡,7,20260812-22-07,4,5337,出畑孝成,20,福岡,53.0,B1,4.35,21.51,3.06,12.7,59,39.62,158,14.12,,,https://www1.mbrace.or.jp/od2/B/202608/b260812.lzh,2026-10-03T18:31:30.576605+09:00
20260812,22,福岡,7,20260812-22-07,5,4727,安部慎一,38,福岡,55.0,B1,4.13,15.49,5.13,35.29,53,25.0,146,26.19,,2,https://www1.mbrace.or.jp/od2/B/202608/b260812.lzh,2026-10-03T18:31:30.576605+09:00
20260812,22,福岡,7,20260812-22-07,6,4566,塩田北斗,38,福岡,54.0,A1,6.8,41.46,6.63,47.14,61,38.02,121,35.56,,12,https://www1.mbrace.or.jp/od2/B/202608/b260812.lzh,2026-10-03T18:31:30.576605+09:00
20260812,22,福岡,8,20260812-22-08,1,4504,前田将太,38,福岡,56.0,A1,6.69,47.01,7.11,54.17,65,37.5,105,46.15,,12,https://www1.mbrace.or.jp/od2/B/202608/b260812.lzh,2026-10-03T18:31:30.576605+09:00
20260812,22,福岡,8,20260812-22-08,2,4674,池田剛規,39,福岡,51.0,B1,5.23,31.13,5.18,28.28,48,17.86,113,20.99,,1,https://www1.mbrace.or.jp/od2/B/202608/b260812.lzh,2026-10-03T18:31:30.576605+09:00
20260812,22,福岡,8,20260812-22-08,3,5160,藤森陸斗,27,福岡,54.0,A2,6.02,42.62,4.71,30.43,55,37.76,119,32.95,,,https://www1.mbrace.or.jp/od2/B/202608/b260812.lzh,2026-10-03T18:31:30.576605+09:00
20260812,22,福岡,8,20260812-22-08,4,4495,森晋太郎,39,福岡,53.0,B2,5.89,43.75,4.91,31.34,39,41.77,109,42.86,,4,https://www1.mbrace.or.jp/od2/B/202608/b260812.lzh,2026-10-03T18:31:30.576605+09:00
20260812,22,福岡,8,20260812-22-08,5,5237,永松良教,26,福岡,54.0,B2,4.92,30.0,4.43,26.51,52,41.67,103,23.81,,,https://www1.mbrace.or.jp/od2/B/202608/b260812.lzh,2026-10-03T18:31:30.576605+09:00
20260812,22,福岡,8,20260812-22-08,6,5018,竹下大樹,27,福岡,54.0,A1,6.83,50.76,6.47,46.28,46,22.77,142,25.0,,2,https://www1.mbrace.or.jp/od2/B/202608/b260812.lzh,2026-10-03T18:31:30.576605+09:00
20260812,22,福岡,9,20260812-22-09,1,4451,松崎祐太,38,福岡,53.0,A2,6.38,48.28,5.74,36.96,38,24.27,102,24.1,,,https://www1.mbrace.or.jp/od2/B/202608/b260812.lzh,2026-10-03T18:31:30.576605+09:00
20260812,22,福岡,9,20260812-22-09,2,4395,下河雅史,40,福岡,55.0,B1,5.4,34.65,5.41,32.97,44,28.91,166,23.81,,3,https://www1.mbrace.or.jp/od2/B/202608/b260812.lzh,2026-10-03T18:31:30.576605+09:00
20260812,22,福岡,9,20260812-22-09,3,4709,岡村将也,37,福岡,56.0,A2,5.65,36.26,5.65,40.82,20,35.92,116,33.33,,,https://www1.mbrace.or.jp/od2/B/202608/b260812.lzh,2026-10-03T18:31:30.576605+09:00
20260812,22,福岡,9,20260812-22-09,4,4555,富永大一,37,福岡,54.0,B1,5.33,33.04,4.93,28.13,71,45.45,170,33.33,,5,https://www1.mbrace.or.jp/od2/B/202608/b260812.lzh,2026-10-03T18:31:30.576605+09:00
20260812,22,福岡,9,20260812-22-09,5,4424,松尾昂明,41,福岡,50.0,A2,5.71,38.05,6.45,49.56,32,24.3,152,28.05,,2,https://www1.mbrace.or.jp/od2/B/202608/b260812.lzh,2026-10-03T18:31:30.576605+09:00
20260812,22,福岡,9,20260812-22-09,6,4684,楠原翔太,35,福岡,54.0,B1,5.16,29.66,5.57,35.87,11,38.38,167,42.68,,4,https://www1.mbrace.or.jp/od2/B/202608/b260812.lzh,2026-10-03T18:31:30.576605+09:00
20260812,22,福岡,10,20260812-22-10,1,4330,奈須啓太,42,福岡,53.0,A2,6.01,41.38,6.3,48.05,73,30.51,137,34.57,,,https://www1.mbrace.or.jp/od2/B/202608/b260812.lzh,2026-10-03T18:31:30.576605+09:00
20260812,22,福岡,10,20260812-22-10,2,4079,出畑孝典,47,福岡,53.0,A2,5.96,38.35,6.51,46.27,33,41.82,136,34.57,,4,https://www1.mbrace.or.jp/od2/B/202608/b260812.lzh,2026-10-03T18:31:30.576605+09:00
20260812,22,福岡,10,20260812-22-10,3,4485,楠原正剛,40,福岡,57.0,B1,4.91,26.21,5.83,40.74,12,36.89,148,38.55,,2,https://www1.mbrace.or.jp/od2/B/202608/b260812.lzh,2026-10-03T18:31:30.576605+09:00
20260812,22,福岡,10,20260812-22-10,4,4236,松村敏,42,福岡,54.0,A1,7.38,62.5,7.35,60.42,43,60.92,162,38.1,,5,https://www1.mbrace.or.jp/od2/B/202608/b260812.lzh,2026-10-03T18:31:30.576605+09:00
20260812,22,福岡,10,20260812-22-10,5,3804,中渡修作,52,福岡,54.0,B1,5.01,30.17,3.33,22.22,15,40.57,125,30.95,,1,https://www1.mbrace.or.jp/od2/B/202608/b260812.lzh,2026-10-03T18:31:30.576605+09:00
20260812,22,福岡,10,20260812-22-10,6,4121,富永修一,44,福岡,52.0,A2,5.99,45.24,5.54,32.69,13,36.54,160,39.02,,6,https://www1.mbrace.or.jp/od2/B/202608/b260812.lzh,2026-10-03T18:31:30.576605+09:00
20260812,22,福岡,11,20260812-22-11,1,4737,竹井貴史,35,福岡,55.0,A1,7.21,60.61,6.86,58.14,31,32.08,174,40.91,,,https://www1.mbrace.or.jp/od2/B/202608/b260812.lzh,2026-10-03T18:31:30.576605+09:00
20260812,22,福岡,11,20260812-22-11,2,3627,井上恵一,56,福岡,54.0,A2,4.84,32.93,5.01,31.18,27,38.61,108,39.33,,7,https://www1.mbrace.or.jp/od2/B/202608/b260812.lzh,2026-10-03T18:31:30.576605+09:00
20260812,22,福岡,11,20260812-22-11,3,5239,上野俊樹,26,福岡,51.0,B1,5.48,32.0,3.9,18.1,51,22.33,110,38.96,,2,https://www1.mbrace.or.jp/od2/B/202608/b260812.lzh,2026-10-03T18:31:30.576605+09:00
20260812,22,福岡,11,20260812-22-11,4,4350,篠崎元志,40,福岡,54.0,A1,7.92,65.09,8.13,66.41,57,26.73,132,32.18,,6,https://www1.mbrace.or.jp/od2/B/202608/b260812.lzh,2026-10-03T18:31:30.576605+09:00
20260812,22,福岡,11,20260812-22-11,5,4122,安東幸治,44,福岡,56.0,A2,5.56,35.9,5.41,38.03,18,33.71,120,22.09,,5,https://www1.mbrace.or.jp/od2/B/202608/b260812.lzh,2026-10-03T18:31:30.576605+09:00
20260812,22,福岡,11,20260812-22-11,6,4474,渡辺崇,38,福岡,56.0,B1,5.23,35.23,5.38,37.93,28,35.63,135,42.22,,1,https://www1.mbrace.or.jp/od2/B/202608/b260812.lzh,2026-10-03T18:31:30.576605+09:00
20260812,22,福岡,12,20260812-22-12,1,4371,西山貴浩,39,福岡,51.0,A1,7.28,47.62,6.66,40.98,74,43.37,117,32.89,,3,https://www1.mbrace.or.jp/od2/B/202608/b260812.lzh,2026-10-03T18:31:30.576605+09:00
20260812,22,福岡,12,20260812-22-12,2,4504,前田将太,38,福岡,56.0,A1,6.69,47.01,7.11,54.17,65,37.5,105,46.15,,8,https://www1.mbrace.or.jp/od2/B/202608/b260812.lzh,2026-10-03T18:31:30.576605+09:00
20260812,22,福岡,12,20260812-22-12,3,3898,平田忠則,49,福岡,52.0,A1,7.3,58.2,6.59,52.63,16,49.51,123,47.37,,1,https://www1.mbrace.or.jp/od2/B/202608/b260812.lzh,2026-10-03T18:31:30.576605+09:00
20260812,22,福岡,12,20260812-22-12,4,4566,塩田北斗,38,福岡,54.0,A1,6.8,41.46,6.63,47.14,61,38.02,121,35.56,,7,https://www1.mbrace.or.jp/od2/B/202608/b260812.lzh,2026-10-03T18:31:30.576605+09:00
20260812,22,福岡,12,20260812-22-12,5,4296,岡崎恭裕,39,福岡,52.0,A2,6.24,42.11,7.0,55.56,36,31.73,164,25.29,,4,https://www1.mbrace.or.jp/od2/B/202608/b260812.lzh,2026-10-03T18:31:30.576605+09:00
20260812,22,福岡,12,20260812-22-12,6,5092,篠原晟弥,25,福岡,51.0,A2,6.06,44.44,6.22,47.45,29,27.87,151,22.47,,5,https://www1.mbrace.or.jp/od2/B/202608/b260812.lzh,2026-10-03T18:31:30.576605+09:00
20260812,21,芦屋,1,20260812-21-01,1,4363,大野芳顕,41,福岡,53.0,A2,5.21,30.91,5.26,24.73,17,34.15,134,34.18,5 25,12,https://www1.mbrace.or.jp/od2/B/202608/b260812.lzh,2026-10-03T18:31:30.576605+09:00
20260812,21,芦屋,1,20260812-21-01,2,5093,浦野海,24,福岡,57.0,B2,3.91,20.37,5.07,32.3,2,30.38,115,32.1,664,5,https://www1.mbrace.or.jp/od2/B/202608/b260812.lzh,2026-10-03T18:31:30.576605+09:00
20260812,21,芦屋,1,20260812-21-01,3,5203,神里琴音,22,福岡,42.0,B1,5.56,32.5,3.52,20.29,59,27.63,135,31.71,654,7,https://www1.mbrace.or.jp/od2/B/202608/b260812.lzh,2026-10-03T18:31:30.576605+09:00
20260812,21,芦屋,1,20260812-21-01,4,5012,加倉侑征,29,福岡,52.0,B1,4.75,28.77,5.53,35.85,16,22.5,137,35.71,344,11,https://www1.mbrace.or.jp/od2/B/202608/b260812.lzh,2026-10-03T18:31:30.576605+09:00
20260812,21,芦屋,1,20260812-21-01,5,5286,坂井滉哉,27,福岡,50.0,B1,4.67,25.24,2.89,12.73,32,46.84,131,32.47,566,6,https://www1.mbrace.or.jp/od2/B/202608/b260812.lzh,2026-10-03T18:31:30.576605+09:00
20260812,21,芦屋,1,20260812-21-01,6,5276,大島隆乃,24,福岡,51.0,B1,4.9,25.0,4.48,24.14,54,30.38,166,34.67,4 35,,https://www1.mbrace.or.jp/od2/B/202608/b260812.lzh,2026-10-03T18:31:30.576605+09:00
20260812,21,芦屋,2,20260812-21-02,1,4551,三川昂暁,37,福岡,54.0,A2,5.74,42.0,4.91,29.33,42,24.69,140,28.92,6354,,https://www1.mbrace.or.jp/od2/B/202608/b260812.lzh,2026-10-03T18:31:30.576605+09:00
20260812,21,芦屋,2,20260812-21-02,2,5053,山口広樹,30,福岡,55.0,B1,3.48,16.07,3.53,20.0,15,33.72,127,40.96,455,9,https://www1.mbrace.or.jp/od2/B/202608/b260812.lzh,2026-10-03T18:31:30.576605+09:00
20260812,21,芦屋,2,20260812-21-02,3,5144,中尾彩香,25,福岡,48.0,B1,4.8,26.26,5.1,31.03,31,43.48,122,37.04,6 64,8,https://www1.mbrace.or.jp/od2/B/202608/b260812.lzh,2026-10-03T18:31:30.576605+09:00
20260812,21,芦屋,2,20260812-21-02,4,4189,川上剛,45,福岡,53.0,A1,5.58,31.19,6.56,48.15,43,44.59,120,30.26,4 32,11,https://www1.mbrace.or.jp/od2/B/202608/b260812.lzh,2026-10-03T18:31:30.576605+09:00
20260812,21,芦屋,2,20260812-21-02,5,5105,富田恕生,27,福岡,52.0,B1,4.18,20.91,5.04,30.56,4,40.0,114,44.59,253,7,https://www1.mbrace.or.jp/od2/B/202608/b260812.lzh,2026-10-03T18:31:30.576605+09:00
20260812,21,芦屋,2,20260812-21-02,6,5370,日隈茜,24,福岡,47.0,B2,1.35,2.7,1.41,0.0,47,37.66,125,31.34,6 66,,https://www1.mbrace.or.jp/od2/B/202608/b260812.lzh,2026-10-03T18:31:30.576605+09:00
20260812,21,芦屋,3,20260812-21-03,1,4506,稗田聖也,38,福岡,52.0,A1,6.17,46.59,6.8,55.07,35,49.4,113,42.86,5545,12,https://www1.mbrace.or.jp/od2/B/202608/b260812.lzh,2026-10-03T18:31:30.576605+09:00
20260812,21,芦屋,3,20260812-21-03,2,4447,深川麻奈,39,福岡,48.0,B1,5.63,34.69,5.8,38.89,39,38.27,132,32.47,123,8,https://www1.mbrace.or.jp/od2/B/202608/b260812.lzh,2026-10-03T18:31:30.576605+09:00
20260812,21,芦屋,3,20260812-21-03,3,4193,郷原章平,44,福岡,51.0,A2,6.03,43.33,5.71,39.56,41,44.44,149,43.18,331,11,https://www1.mbrace.or.jp/od2/B/202608/b260812.lzh,2026-10-03T18:31:30.576605+09:00
20260812,21,芦屋,3,20260812-21-03,4,5338,香月大輝,26,福岡,53.0,B1,4.63,25.64,2.88,6.25,52,37.18,154,35.37,335,7,https://www1.mbrace.or.jp/od2/B/202608/b260812.lzh,2026-10-03T18:31:30.576605+09:00
20260812,21,芦屋,3,20260812-21-03,5,4885,大山千広,30,福岡,47.0,A2,7.0,55.71,6.15,40.0,13,45.0,136,39.77,2531,,https://www1.mbrace.or.jp/od2/B/202608/b260812.lzh,2026-10-03T18:31:30.576605+09:00
20260812,21,芦屋,3,20260812-21-03,6,3352,小川晃司,58,福岡,51.0,B1,4.06,7.45,4.28,17.24,56,48.05,157,32.91,4 32,9,https://www1.mbrace.or.jp/od2/B/202608/b260812.lzh,2026-10-03T18:31:30.576605+09:00
20260812,21,芦屋,4,20260812-21-04,1,4831,羽野直也,31,福岡,56.0,A1,7.51,57.45,6.91,50.51,29,40.26,146,29.58,2613,11,https://www1.mbrace.or.jp/od2/B/202608/b260812.lzh,2026-10-03T18:31:30.576605+09:00
20260812,21,芦屋,4,20260812-21-04,2,4640,山ノ内雅,35,福岡,52.0,A2,5.82,38.21,5.94,41.03,33,38.75,138,41.67,234,9,https://www1.mbrace.or.jp/od2/B/202608/b260812.lzh,2026-10-03T18:31:30.576605+09:00
20260812,21,芦屋,4,20260812-21-04,3,4936,戸敷晃美,29,福岡,47.0,A2,6.27,45.21,5.61,32.61,57,33.33,144,52.94,5 22,10,https://www1.mbrace.or.jp/od2/B/202608/b260812.lzh,2026-10-03T18:31:30.576605+09:00
20260812,21,芦屋,4,20260812-21-04,4,5212,西川拓利,27,福岡,54.0,A2,6.16,43.48,4.45,27.27,5,32.39,170,32.93,3411,12,https://www1.mbrace.or.jp/od2/B/202608/b260812.lzh,2026-10-03T18:31:30.576605+09:00
20260812,21,芦屋,4,20260812-21-04,5,5328,井上慧人,22,福岡,54.0,B1,4.2,19.28,3.18,12.9,12,36.84,151,31.51,2 56,,https://www1.mbrace.or.jp/od2/B/202608/b260812.lzh,2026-10-03T18:31:30.576605+09:00
20260812,21,芦屋,4,20260812-21-04,6,4102,益田啓司,47,福岡,51.0,A1,6.48,52.38,6.96,55.0,10,35.44,139,30.59,2 13,8,https://www1.mbrace.or.jp/od2/B/202608/b260812.lzh,2026-10-03T18:31:30.576605+09:00
20260812,21,芦屋,5,20260812-21-05,1,4288,永田啓二,41,福岡,53.0,A1,7.65,61.74,7.12,59.63,26,21.92,159,45.07,122,10,https://www1.mbrace.or.jp/od2/B/202608/b260812.lzh,2026-10-03T18:31:30.576605+09:00
20260812,21,芦屋,5,20260812-21-05,2,4513,河野真也,37,福岡,53.0,A2,6.01,43.88,5.99,42.25,22,42.31,163,36.11,1 33,11,https://www1.mbrace.or.jp/od2/B/202608/b260812.lzh,2026-10-03T18:31:30.576605+09:00
20260812,21,芦屋,5,20260812-21-05,3,5093,浦野海,24,福岡,57.0,B2,3.91,20.37,5.07,32.3,2,30.38,115,32.1,664,1,https://www1.mbrace.or.jp/od2/B/202608/b260812.lzh,2026-10-03T18:31:30.576605+09:00
20260812,21,芦屋,5,20260812-21-05,4,4394,永嶋裕一,40,福岡,53.0,A2,5.96,37.62,6.0,34.78,30,35.8,116,30.86,512,12,https://www1.mbrace.or.jp/od2/B/202608/b260812.lzh,2026-10-03T18:31:30.576605+09:00
20260812,21,芦屋,5,20260812-21-05,5,5382,山下心一,21,福岡,52.0,B1,2.09,2.53,2.24,7.89,9,32.0,143,37.93,6 46,,https://www1.mbrace.or.jp/od2/B/202608/b260812.lzh,2026-10-03T18:31:30.576605+09:00
20260812,21,芦屋,5,20260812-21-05,6,5029,中亮太,29,福岡,52.0,A1,7.26,60.33,7.04,55.84,23,27.54,160,32.39,141,9,https://www1.mbrace.or.jp/od2/B/202608/b260812.lzh,2026-10-03T18:31:30.576605+09:00
20260812,21,芦屋,6,20260812-21-06,1,4764,小池礼乃,36,福岡,47.0,B1,4.94,31.75,3.76,11.9,36,26.67,141,29.27,3 62,,https://www1.mbrace.or.jp/od2/B/202608/b260812.lzh,2026-10-03T18:31:30.576605+09:00
20260812,21,芦屋,6,20260812-21-06,2,5330,安河内鈴,22,福岡,51.0,A2,6.56,51.3,5.32,32.88,38,32.5,118,35.71,1 56,11,https://www1.mbrace.or.jp/od2/B/202608/b260812.lzh,2026-10-03T18:31:30.576605+09:00
20260812,21,芦屋,6,20260812-21-06,3,5286,坂井滉哉,27,福岡,50.0,B1,4.67,25.24,2.89,12.73,32,46.84,131,32.47,566,1,https://www1.mbrace.or.jp/od2/B/202608/b260812.lzh,2026-10-03T18:31:30.576605+09:00
20260812,21,芦屋,6,20260812-21-06,4,3514,山一鉄也,59,福岡,52.0,A2,5.78,40.32,6.23,46.81,27,28.4,164,37.18,1 23,,https://www1.mbrace.or.jp/od2/B/202608/b260812.lzh,2026-10-03T18:31:30.576605+09:00
20260812,21,芦屋,6,20260812-21-06,5,4773,中川りな,33,福岡,48.0,A2,6.0,42.86,6.02,39.06,48,41.98,126,39.24,136,10,https://www1.mbrace.or.jp/od2/B/202608/b260812.lzh,2026-10-03T18:31:30.576605+09:00
20260812,21,芦屋,6,20260812-21-06,6,3876,中辻崇人,49,福岡,52.0,A1,6.81,43.4,7.99,72.46,28,28.4,155,40.0,111,12,https://www1.mbrace.or.jp/od2/B/202608/b260812.lzh,2026-10-03T18:31:30.576605+09:00
20260812,21,芦屋,7,20260812-21-07,1,5105,富田恕生,27,福岡,52.0,B1,4.18,20.91,5.04,30.56,4,40.0,114,44.59,253,2,https://www1.mbrace.or.jp/od2/B/202608/b260812.lzh,2026-10-03T18:31:30.576605+09:00
20260812,21,芦屋,7,20260812-21-07,2,5338,香月大輝,26,福岡,53.0,B1,4.63,25.64,2.88,6.25,52,37.18,154,35.37,335,3,https://www1.mbrace.or.jp/od2/B/202608/b260812.lzh,2026-10-03T18:31:30.576605+09:00
20260812,21,芦屋,7,20260812-21-07,3,5308,藤森拓海,22,福岡,54.0,B1,4.65,25.53,3.16,18.18,50,30.26,161,36.36,4 25,,https://www1.mbrace.or.jp/od2/B/202608/b260812.lzh,2026-10-03T18:31:30.576605+09:00
20260812,21,芦屋,7,20260812-21-07,4,5203,神里琴音,22,福岡,42.0,B1,5.56,32.5,3.52,20.29,59,27.63,135,31.71,654,1,https://www1.mbrace.or.jp/od2/B/202608/b260812.lzh,2026-10-03T18:31:30.576605+09:00
20260812,21,芦屋,7,20260812-21-07,5,5392,安武一也,25,福岡,53.0,B2,1.74,0.0,1.31,1.85,21,43.75,153,39.29,4 66,,https://www1.mbrace.or.jp/od2/B/202608/b260812.lzh,2026-10-03T18:31:30.576605+09:00
20260812,21,芦屋,7,20260812-21-07,6,5277,井上未都,24,福岡,45.0,B1,5.27,29.63,4.33,14.81,24,19.48,158,32.89,4 55,,https://www1.mbrace.or.jp/od2/B/202608/b260812.lzh,2026-10-03T18:31:30.576605+09:00
20260812,21,芦屋,8,20260812-21-08,1,5144,中尾彩香,25,福岡,48.0,B1,4.8,26.26,5.1,31.03,31,43.48,122,37.04,6 64,2,https://www1.mbrace.or.jp/od2/B/202608/b260812.lzh,2026-10-03T18:31:30.576605+09:00
20260812,21,芦屋,8,20260812-21-08,2,4544,松田大志,38,福岡,51.0,A1,7.6,58.95,7.65,58.97,3,45.57,165,32.5,1342,12,https://www1.mbrace.or.jp/od2/B/202608/b260812.lzh,2026-10-03T18:31:30.576605+09:00
20260812,21,芦屋,8,20260812-21-08,3,4463,三苫晃幸,40,福岡,55.0,A2,6.78,54.55,5.47,37.65,55,47.76,169,27.4,2446,,https://www1.mbrace.or.jp/od2/B/202608/b260812.lzh,2026-10-03T18:31:30.576605+09:00
20260812,21,芦屋,8,20260812-21-08,4,4102,益田啓司,47,福岡,51.0,A1,6.48,52.38,6.96,55.0,10,35.44,139,30.59,2 13,4,https://www1.mbrace.or.jp/od2/B/202608/b260812.lzh,2026-10-03T18:31:30.576605+09:00
20260812,21,芦屋,8,20260812-21-08,5,4447,深川麻奈,39,福岡,48.0,B1,5.63,34.69,5.8,38.89,39,38.27,132,32.47,123,3,https://www1.mbrace.or.jp/od2/B/202608/b260812.lzh,2026-10-03T18:31:30.576605+09:00
20260812,21,芦屋,8,20260812-21-08,6,5219,森口和紀,25,福岡,51.0,B1,5.11,37.11,4.41,27.85,7,34.94,112,45.07,531,,https://www1.mbrace.or.jp/od2/B/202608/b260812.lzh,2026-10-03T18:31:30.576605+09:00
20260812,21,芦屋,9,20260812-21-09,1,4640,山ノ内雅,35,福岡,52.0,A2,5.82,38.21,5.94,41.03,33,38.75,138,41.67,234,4,https://www1.mbrace.or.jp/od2/B/202608/b260812.lzh,2026-10-03T18:31:30.576605+09:00
20260812,21,芦屋,9,20260812-21-09,2,4232,笠雅雄,43,福岡,55.0,B1,6.26,43.62,5.42,33.33,60,42.47,167,35.44,163,,https://www1.mbrace.or.jp/od2/B/202608/b260812.lzh,2026-10-03T18:31:30.576605+09:00
20260812,21,芦屋,9,20260812-21-09,3,5053,山口広樹,30,福岡,55.0,B1,3.48,16.07,3.53,20.0,15,33.72,127,40.96,455,2,https://www1.mbrace.or.jp/od2/B/202608/b260812.lzh,2026-10-03T18:31:30.576605+09:00
20260812,21,芦屋,9,20260812-21-09,4,5029,中亮太,29,福岡,52.0,A1,7.26,60.33,7.04,55.84,23,27.54,160,32.39,141,5,https://www1.mbrace.or.jp/od2/B/202608/b260812.lzh,2026-10-03T18:31:30.576605+09:00
20260812,21,芦屋,9,20260812-21-09,5,3352,小川晃司,58,福岡,51.0,B1,4.06,7.45,4.28,17.24,56,48.05,157,32.91,4 32,3,https://www1.mbrace.or.jp/od2/B/202608/b260812.lzh,2026-10-03T18:31:30.576605+09:00
20260812,21,芦屋,9,20260812-21-09,6,4477,篠崎仁志,38,福岡,57.0,A1,7.29,44.23,6.41,37.5,14,21.88,121,29.87,5221,,https://www1.mbrace.or.jp/od2/B/202608/b260812.lzh,2026-10-03T18:31:30.576605+09:00
20260812,21,芦屋,10,20260812-21-10,1,4736,高倉和士,35,福岡,53.0,A1,7.15,57.26,6.92,54.12,8,40.26,152,32.43,2214,,https://www1.mbrace.or.jp/od2/B/202608/b260812.lzh,2026-10-03T18:31:30.576605+09:00
20260812,21,芦屋,10,20260812-21-10,2,4936,戸敷晃美,29,福岡,47.0,A2,6.27,45.21,5.61,32.61,57,33.33,144,52.94,5 22,4,https://www1.mbrace.or.jp/od2/B/202608/b260812.lzh,2026-10-03T18:31:30.576605+09:00
20260812,21,芦屋,10,20260812-21-10,3,4773,中川りな,33,福岡,48.0,A2,6.0,42.86,6.02,39.06,48,41.98,126,39.24,136,6,https://www1.mbrace.or.jp/od2/B/202608/b260812.lzh,2026-10-03T18:31:30.576605+09:00
20260812,21,芦屋,10,20260812-21-10,4,5210,藤井公人,27,福岡,55.0,A2,5.67,44.0,5.42,37.74,11,41.98,156,37.8,661,,https://www1.mbrace.or.jp/od2/B/202608/b260812.lzh,2026-10-03T18:31:30.576605+09:00
20260812,21,芦屋,10,20260812-21-10,5,4288,永田啓二,41,福岡,53.0,A1,7.65,61.74,7.12,59.63,26,21.92,159,45.07,122,5,https://www1.mbrace.or.jp/od2/B/202608/b260812.lzh,2026-10-03T18:31:30.576605+09:00
20260812,21,芦屋,10,20260812-21-10,6,5073,上原健次,31,福岡,54.0,A2,5.51,32.69,3.95,10.53,18,28.05,117,40.24,4 45,,https://www1.mbrace.or.jp/od2/B/202608/b260812.lzh,2026-10-03T18:31:30.576605+09:00
20260812,21,芦屋,11,20260812-21-11,1,5330,安河内鈴,22,福岡,51.0,A2,6.56,51.3,5.32,32.88,38,32.5,118,35.71,1 56,6,https://www1.mbrace.or.jp/od2/B/202608/b260812.lzh,2026-10-03T18:31:30.576605+09:00
20260812,21,芦屋,11,20260812-21-11,2,4189,川上剛,45,福岡,53.0,A1,5.58,31.19,6.56,48.15,43,44.59,120,30.26,4 32,2,https://www1.mbrace.or.jp/od2/B/202608/b260812.lzh,2026-10-03T18:31:30.576605+09:00
20260812,21,芦屋,11,20260812-21-11,3,5012,加倉侑征,29,福岡,52.0,B1,4.75,28.77,5.53,35.85,16,22.5,137,35.71,344,1,https://www1.mbrace.or.jp/od2/B/202608/b260812.lzh,2026-10-03T18:31:30.576605+09:00
20260812,21,芦屋,11,20260812-21-11,4,4193,郷原章平,44,福岡,51.0,A2,6.03,43.33,5.71,39.56,41,44.44,149,43.18,331,3,https://www1.mbrace.or.jp/od2/B/202608/b260812.lzh,2026-10-03T18:31:30.576605+09:00
20260812,21,芦屋,11,20260812-21-11,5,4831,羽野直也,31,福岡,56.0,A1,7.51,57.45,6.91,50.51,29,40.26,146,29.58,2613,4,https://www1.mbrace.or.jp/od2/B/202608/b260812.lzh,2026-10-03T18:31:30.576605+09:00
20260812,21,芦屋,11,20260812-21-11,6,4513,河野真也,37,福岡,53.0,A2,6.01,43.88,5.99,42.25,22,42.31,163,36.11,1 33,5,https://www1.mbrace.or.jp/od2/B/202608/b260812.lzh,2026-10-03T18:31:30.576605+09:00
20260812,21,芦屋,12,20260812-21-12,1,4544,松田大志,38,福岡,51.0,A1,7.6,58.95,7.65,58.97,3,45.57,165,32.5,1342,8,https://www1.mbrace.or.jp/od2/B/202608/b260812.lzh,2026-10-03T18:31:30.576605+09:00
20260812,21,芦屋,12,20260812-21-12,2,4394,永嶋裕一,40,福岡,53.0,A2,5.96,37.62,6.0,34.78,30,35.8,116,30.86,512,5,https://www1.mbrace.or.jp/od2/B/202608/b260812.lzh,2026-10-03T18:31:30.576605+09:00
20260812,21,芦屋,12,20260812-21-12,3,4506,稗田聖也,38,福岡,52.0,A1,6.17,46.59,6.8,55.07,35,49.4,113,42.86,5545,3,https://www1.mbrace.or.jp/od2/B/202608/b260812.lzh,2026-10-03T18:31:30.576605+09:00
20260812,21,芦屋,12,20260812-21-12,4,4363,大野芳顕,41,福岡,53.0,A2,5.21,30.91,5.26,24.73,17,34.15,134,34.18,5 25,1,https://www1.mbrace.or.jp/od2/B/202608/b260812.lzh,2026-10-03T18:31:30.576605+09:00
20260812,21,芦屋,12,20260812-21-12,5,3876,中辻崇人,49,福岡,52.0,A1,6.81,43.4,7.99,72.46,28,28.4,155,40.0,111,6,https://www1.mbrace.or.jp/od2/B/202608/b260812.lzh,2026-10-03T18:31:30.576605+09:00
20260812,21,芦屋,12,20260812-21-12,6,5212,西川拓利,27,福岡,54.0,A2,6.16,43.48,4.45,27.27,5,32.39,170,32.93,3411,4,https://www1.mbrace.or.jp/od2/B/202608/b260812.lzh,2026-10-03T18:31:30.576605+09:00
20260812,20,若松,1,20260812-20-01,1,5200,筒井美琴,24,福岡,48.0,B2,2.06,0.0,2.12,3.85,42,42.24,35,31.71,666 5 546,9,https://www1.mbrace.or.jp/od2/B/202608/b260812.lzh,2026-10-03T18:31:30.576605+09:00
20260812,20,若松,1,20260812-20-01,2,4638,小林遼太,35,福岡,53.0,B1,5.63,39.36,4.49,26.15,40,35.54,62,44.44,1 2635621,5,https://www1.mbrace.or.jp/od2/B/202608/b260812.lzh,2026-10-03T18:31:30.576605+09:00
20260812,20,若松,1,20260812-20-01,3,5177,松井貫太,30,福岡,50.0,B1,4.3,16.67,4.6,26.67,6,36.88,11,34.15,4 222 6615,7,https://www1.mbrace.or.jp/od2/B/202608/b260812.lzh,2026-10-03T18:31:30.576605+09:00
20260812,20,若松,1,20260812-20-01,4,4753,森照夫,38,福岡,55.0,B2,3.82,18.18,5.26,37.14,54,30.2,24,34.04,445 166 23,6,https://www1.mbrace.or.jp/od2/B/202608/b260812.lzh,2026-10-03T18:31:30.576605+09:00
20260812,20,若松,1,20260812-20-01,5,4694,高田綾,41,福岡,44.0,B1,4.53,24.0,0.0,0.0,25,41.06,75,35.14,5 6344533,9,https://www1.mbrace.or.jp/od2/B/202608/b260812.lzh,2026-10-03T18:31:30.576605+09:00
20260812,20,若松,1,20260812-20-01,6,5426,甲斐貴大,24,福岡,53.0,B2,2.03,2.78,1.39,0.0,57,33.78,55,32.35,6 35636 6,6,https://www1.mbrace.or.jp/od2/B/202608/b260812.lzh,2026-10-03T18:31:30.576605+09:00
20260812,20,若松,2,20260812-20-02,1,5198,奥村明日,24,福岡,46.0,B1,5.46,35.42,4.3,22.73,44,31.06,26,60.0,141 125166,10,https://www1.mbrace.or.jp/od2/B/202608/b260812.lzh,2026-10-03T18:31:30.576605+09:00
20260812,20,若松,2,20260812-20-02,2,4942,柴田朋哉,36,福岡,54.0,B1,5.45,36.36,5.41,28.57,41,34.57,72,45.0,442 214423,10,https://www1.mbrace.or.jp/od2/B/202608/b260812.lzh,2026-10-03T18:31:30.576605+09:00
20260812,20,若松,2,20260812-20-02,3,5223,森清友翔,25,福岡,54.0,B1,4.8,25.23,3.71,14.29,48,34.01,44,42.5,4 55454 46,7,https://www1.mbrace.or.jp/od2/B/202608/b260812.lzh,2026-10-03T18:31:30.576605+09:00
20260812,20,若松,2,20260812-20-02,4,5413,宮城那菜,20,福岡,46.0,B2,2.26,3.66,1.0,0.0,5,45.16,38,44.12,465 5 455,8,https://www1.mbrace.or.jp/od2/B/202608/b260812.lzh,2026-10-03T18:31:30.576605+09:00
20260812,20,若松,2,20260812-20-02,5,4892,柴田直哉,36,福岡,53.0,B1,5.08,32.32,5.21,28.57,13,35.29,40,30.3,3 5564454,7,https://www1.mbrace.or.jp/od2/B/202608/b260812.lzh,2026-10-03T18:31:30.576605+09:00
20260812,20,若松,2,20260812-20-02,6,4874,池田奈津,32,福岡,52.0,B1,4.8,23.17,4.57,29.55,14,33.33,54,33.33,43224 521,9,https://www1.mbrace.or.jp/od2/B/202608/b260812.lzh,2026-10-03T18:31:30.576605+09:00
20260812,20,若松,3,20260812-20-03,1,4402,乙藤智史,41,福岡,55.0,A2,6.35,44.66,6.0,48.53,32,33.13,67,40.48,5 64132115,11,https://www1.mbrace.or.jp/od2/B/202608/b260812.lzh,2026-10-03T18:31:30.576605+09:00
20260812,20,若松,3,20260812-20-03,2,4729,佐藤謙史,37,福岡,56.0,B1,4.28,19.74,4.58,26.32,30,28.0,48,50.0,2 14654 25,7,https://www1.mbrace.or.jp/od2/B/202608/b260812.lzh,2026-10-03T18:31:30.576605+09:00
20260812,20,若松,3,20260812-20-03,3,4521,小池公生,39,福岡,50.0,B1,5.13,31.63,5.02,27.45,26,32.24,13,35.9,326 153323,10,https://www1.mbrace.or.jp/od2/B/202608/b260812.lzh,2026-10-03T18:31:30.576605+09:00
20260812,20,若松,3,20260812-20-03,4,5464,宮田栞,19,福岡,49.0,B2,1.25,0.0,1.33,0.0,17,29.33,46,34.15,5 65666 6,9,https://www1.mbrace.or.jp/od2/B/202608/b260812.lzh,2026-10-03T18:31:30.576605+09:00
20260812,20,若松,3,20260812-20-03,5,5303,土井歩夢,23,福岡,51.0,A2,5.77,35.05,4.84,27.83,34,36.88,57,32.43,25122 154,8,https://www1.mbrace.or.jp/od2/B/202608/b260812.lzh,2026-10-03T18:31:30.576605+09:00
20260812,20,若松,3,20260812-20-03,6,5351,齊藤廉,22,福岡,53.0,B1,5.0,35.35,2.63,5.88,18,32.89,51,32.43,F 4 3 234,8,https://www1.mbrace.or.jp/od2/B/202608/b260812.lzh,2026-10-03T18:31:30.576605+09:00
20260812,20,若松,4,20260812-20-04,1,4545,岡村慶太,38,福岡,57.0,A1,7.44,62.26,7.71,62.18,8,31.21,27,39.47,1552621 35,11,https://www1.mbrace.or.jp/od2/B/202608/b260812.lzh,2026-10-03T18:31:30.576605+09:00
20260812,20,若松,4,20260812-20-04,2,4204,柴田大輔,43,福岡,52.0,B1,4.99,30.38,4.96,29.63,35,40.12,16,42.86,1 53431136,10,https://www1.mbrace.or.jp/od2/B/202608/b260812.lzh,2026-10-03T18:31:30.576605+09:00
20260812,20,若松,4,20260812-20-04,3,4697,國弘翔平,40,福岡,49.0,B1,4.0,17.05,4.19,20.34,3,34.84,21,37.5,224 426 53,8,https://www1.mbrace.or.jp/od2/B/202608/b260812.lzh,2026-10-03T18:31:30.576605+09:00
20260812,20,若松,4,20260812-20-04,4,4403,木下大將,41,福岡,53.0,A2,6.52,47.62,6.41,45.1,23,39.19,15,35.71,1 44363124,10,https://www1.mbrace.or.jp/od2/B/202608/b260812.lzh,2026-10-03T18:31:30.576605+09:00
20260812,20,若松,4,20260812-20-04,5,5398,鐘ヶ江真,24,福岡,54.0,B1,4.36,24.27,3.44,13.56,39,40.49,52,32.5,F53 5 5 45,,https://www1.mbrace.or.jp/od2/B/202608/b260812.lzh,2026-10-03T18:31:30.576605+09:00
20260812,20,若松,4,20260812-20-04,6,5446,長嶺真李,24,福岡,51.0,B2,1.22,0.0,1.83,0.0,4,38.61,20,42.86,6 646 666,9,https://www1.mbrace.or.jp/od2/B/202608/b260812.lzh,2026-10-03T18:31:30.576605+09:00
20260812,20,若松,5,20260812-20-05,1,4958,溝口海義,31,福岡,55.0,A1,6.34,43.2,6.66,49.61,19,37.75,37,32.5,2322252 15,10,https://www1.mbrace.or.jp/od2/B/202608/b260812.lzh,2026-10-03T18:31:30.576605+09:00
20260812,20,若松,5,20260812-20-05,2,4155,長野壮志,45,福岡,56.0,A2,5.98,43.3,6.54,51.47,51,44.83,41,60.0,52421 4213,11,https://www1.mbrace.or.jp/od2/B/202608/b260812.lzh,2026-10-03T18:31:30.576605+09:00
20260812,20,若松,5,20260812-20-05,3,4487,三原司,40,福岡,53.0,B1,4.91,24.69,5.2,33.33,31,34.69,69,26.32,654 65355,,https://www1.mbrace.or.jp/od2/B/202608/b260812.lzh,2026-10-03T18:31:30.576605+09:00
20260812,20,若松,5,20260812-20-05,4,4413,水摩敦,40,福岡,51.0,A2,5.89,38.4,6.34,43.75,60,32.43,23,51.43,3 41443334,,https://www1.mbrace.or.jp/od2/B/202608/b260812.lzh,2026-10-03T18:31:30.576605+09:00
20260812,20,若松,5,20260812-20-05,5,4638,小林遼太,35,福岡,53.0,B1,5.63,39.36,4.49,26.15,40,35.54,62,44.44,1 2635621,1,https://www1.mbrace.or.jp/od2/B/202608/b260812.lzh,2026-10-03T18:31:30.576605+09:00
20260812,20,若松,5,20260812-20-05,6,5389,恵良琴美,19,福岡,41.0,B1,2.29,0.0,1.67,0.0,33,33.13,34,46.15,366 5 566,9,https://www1.mbrace.or.jp/od2/B/202608/b260812.lzh,2026-10-03T18:31:30.576605+09:00
20260812,20,若松,6,20260812-20-06,1,5158,宮脇遼太,28,福岡,53.0,A1,6.71,55.66,6.55,51.06,20,35.53,53,48.72,2115263 56,11,https://www1.mbrace.or.jp/od2/B/202608/b260812.lzh,2026-10-03T18:31:30.576605+09:00
20260812,20,若松,6,20260812-20-06,2,4753,森照夫,38,福岡,55.0,B2,3.82,18.18,5.26,37.14,54,30.2,24,34.04,445 166 23,1,https://www1.mbrace.or.jp/od2/B/202608/b260812.lzh,2026-10-03T18:31:30.576605+09:00
20260812,20,若松,6,20260812-20-06,3,5258,仲本舜,21,福岡,53.0,B1,4.31,23.46,3.76,17.72,2,33.54,63,32.5,5 6655156,,https://www1.mbrace.or.jp/od2/B/202608/b260812.lzh,2026-10-03T18:31:30.576605+09:00
20260812,20,若松,6,20260812-20-06,4,4364,池永太,41,福岡,55.0,A1,5.93,38.27,6.81,56.47,7,27.1,30,38.71,243 222224,11,https://www1.mbrace.or.jp/od2/B/202608/b260812.lzh,2026-10-03T18:31:30.576605+09:00
20260812,20,若松,6,20260812-20-06,5,5426,甲斐貴大,24,福岡,53.0,B2,2.03,2.78,1.39,0.0,57,33.78,55,32.35,6 35636 6,1,https://www1.mbrace.or.jp/od2/B/202608/b260812.lzh,2026-10-03T18:31:30.576605+09:00
20260812,20,若松,6,20260812-20-06,6,4607,鶴田勇雄,37,福岡,53.0,A2,5.88,38.05,5.65,35.0,43,32.7,25,46.88,36652 4412,,https://www1.mbrace.or.jp/od2/B/202608/b260812.lzh,2026-10-03T18:31:30.576605+09:00
20260812,20,若松,7,20260812-20-07,1,5104,山田丈,27,福岡,51.0,A2,5.71,36.71,5.43,33.75,52,34.9,12,33.33,33161 1634,11,https://www1.mbrace.or.jp/od2/B/202608/b260812.lzh,2026-10-03T18:31:30.576605+09:00
20260812,20,若松,7,20260812-20-07,2,5177,松井貫太,30,福岡,50.0,B1,4.3,16.67,4.6,26.67,6,36.88,11,34.15,4 222 6615,1,https://www1.mbrace.or.jp/od2/B/202608/b260812.lzh,2026-10-03T18:31:30.576605+09:00
20260812,20,若松,7,20260812-20-07,3,4892,柴田直哉,36,福岡,53.0,B1,5.08,32.32,5.21,28.57,13,35.29,40,30.3,3 5564454,2,https://www1.mbrace.or.jp/od2/B/202608/b260812.lzh,2026-10-03T18:31:30.576605+09:00
20260812,20,若松,7,20260812-20-07,4,5223,森清友翔,25,福岡,54.0,B1,4.8,25.23,3.71,14.29,48,34.01,44,42.5,4 55454 46,2,https://www1.mbrace.or.jp/od2/B/202608/b260812.lzh,2026-10-03T18:31:30.576605+09:00
20260812,20,若松,7,20260812-20-07,5,4729,佐藤謙史,37,福岡,56.0,B1,4.28,19.74,4.58,26.32,30,28.0,48,50.0,2 14654 25,3,https://www1.mbrace.or.jp/od2/B/202608/b260812.lzh,2026-10-03T18:31:30.576605+09:00
20260812,20,若松,7,20260812-20-07,6,5102,原田雄次,28,福岡,52.0,B1,5.49,35.35,4.97,26.47,50,36.18,47,39.47,F54 4 5 44,,https://www1.mbrace.or.jp/od2/B/202608/b260812.lzh,2026-10-03T18:31:30.576605+09:00
20260812,20,若松,8,20260812-20-08,1,4861,田中宏樹,38,福岡,53.0,A2,5.29,29.7,5.11,32.89,9,33.96,36,33.33,2 33633446,,https://www1.mbrace.or.jp/od2/B/202608/b260812.lzh,2026-10-03T18:31:30.576605+09:00
20260812,20,若松,8,20260812-20-08,2,4256,渡辺浩司,42,福岡,52.0,A1,7.25,49.55,7.88,73.53,61,32.48,39,45.16,4 43342221,,https://www1.mbrace.or.jp/od2/B/202608/b260812.lzh,2026-10-03T18:31:30.576605+09:00
20260812,20,若松,8,20260812-20-08,3,5303,土井歩夢,23,福岡,51.0,A2,5.77,35.05,4.84,27.83,34,36.88,57,32.43,25122 154,3,https://www1.mbrace.or.jp/od2/B/202608/b260812.lzh,2026-10-03T18:31:30.576605+09:00
20260812,20,若松,8,20260812-20-08,4,4697,國弘翔平,40,福岡,49.0,B1,4.0,17.05,4.19,20.34,3,34.84,21,37.5,224 426 53,4,https://www1.mbrace.or.jp/od2/B/202608/b260812.lzh,2026-10-03T18:31:30.576605+09:00
20260812,20,若松,8,20260812-20-08,5,5351,齊藤廉,22,福岡,53.0,B1,5.0,35.35,2.63,5.88,18,32.89,51,32.43,F 4 3 234,3,https://www1.mbrace.or.jp/od2/B/202608/b260812.lzh,2026-10-03T18:31:30.576605+09:00
20260812,20,若松,8,20260812-20-08,6,5413,宮城那菜,20,福岡,46.0,B2,2.26,3.66,1.0,0.0,5,45.16,38,44.12,465 5 455,2,https://www1.mbrace.or.jp/od2/B/202608/b260812.lzh,2026-10-03T18:31:30.576605+09:00
20260812,20,若松,9,20260812-20-09,1,4874,池田奈津,32,福岡,52.0,B1,4.8,23.17,4.57,29.55,14,33.33,54,33.33,43224 521,2,https://www1.mbrace.or.jp/od2/B/202608/b260812.lzh,2026-10-03T18:31:30.576605+09:00
20260812,20,若松,9,20260812-20-09,2,4694,高田綾,41,福岡,44.0,B1,4.53,24.0,0.0,0.0,25,41.06,75,35.14,5 6344533,1,https://www1.mbrace.or.jp/od2/B/202608/b260812.lzh,2026-10-03T18:31:30.576605+09:00
20260812,20,若松,9,20260812-20-09,3,5200,筒井美琴,24,福岡,48.0,B2,2.06,0.0,2.12,3.85,42,42.24,35,31.71,666 5 546,1,https://www1.mbrace.or.jp/od2/B/202608/b260812.lzh,2026-10-03T18:31:30.576605+09:00
20260812,20,若松,9,20260812-20-09,4,5389,恵良琴美,19,福岡,41.0,B1,2.29,0.0,1.67,0.0,33,33.13,34,46.15,366 5 566,5,https://www1.mbrace.or.jp/od2/B/202608/b260812.lzh,2026-10-03T18:31:30.576605+09:00
20260812,20,若松,9,20260812-20-09,5,5446,長嶺真李,24,福岡,51.0,B2,1.22,0.0,1.83,0.0,4,38.61,20,42.86,6 646 666,4,https://www1.mbrace.or.jp/od2/B/202608/b260812.lzh,2026-10-03T18:31:30.576605+09:00
20260812,20,若松,9,20260812-20-09,6,5464,宮田栞,19,福岡,49.0,B2,1.25,0.0,1.33,0.0,17,29.33,46,34.15,5 65666 6,3,https://www1.mbrace.or.jp/od2/B/202608/b260812.lzh,2026-10-03T18:31:30.576605+09:00
20260812,20,若松,10,20260812-20-10,1,4942,柴田朋哉,36,福岡,54.0,B1,5.45,36.36,5.41,28.57,41,34.57,72,45.0,442 214423,2,https://www1.mbrace.or.jp/od2/B/202608/b260812.lzh,2026-10-03T18:31:30.576605+09:00
20260812,20,若松,10,20260812-20-10,2,4521,小池公生,39,福岡,50.0,B1,5.13,31.63,5.02,27.45,26,32.24,13,35.9,326 153323,3,https://www1.mbrace.or.jp/od2/B/202608/b260812.lzh,2026-10-03T18:31:30.576605+09:00
20260812,20,若松,10,20260812-20-10,3,4403,木下大將,41,福岡,53.0,A2,6.52,47.62,6.41,45.1,23,39.19,15,35.71,1 44363124,4,https://www1.mbrace.or.jp/od2/B/202608/b260812.lzh,2026-10-03T18:31:30.576605+09:00
20260812,20,若松,10,20260812-20-10,4,4958,溝口海義,31,福岡,55.0,A1,6.34,43.2,6.66,49.61,19,37.75,37,32.5,2322252 15,5,https://www1.mbrace.or.jp/od2/B/202608/b260812.lzh,2026-10-03T18:31:30.576605+09:00
20260812,20,若松,10,20260812-20-10,5,5198,奥村明日,24,福岡,46.0,B1,5.46,35.42,4.3,22.73,44,31.06,26,60.0,141 125166,2,https://www1.mbrace.or.jp/od2/B/202608/b260812.lzh,2026-10-03T18:31:30.576605+09:00
20260812,20,若松,10,20260812-20-10,6,4204,柴田大輔,43,福岡,52.0,B1,4.99,30.38,4.96,29.63,35,40.12,16,42.86,1 53431136,4,https://www1.mbrace.or.jp/od2/B/202608/b260812.lzh,2026-10-03T18:31:30.576605+09:00
20260812,20,若松,11,20260812-20-11,1,4155,長野壮志,45,福岡,56.0,A2,5.98,43.3,6.54,51.47,51,44.83,41,60.0,52421 4213,5,https://www1.mbrace.or.jp/od2/B/202608/b260812.lzh,2026-10-03T18:31:30.576605+09:00
20260812,20,若松,11,20260812-20-11,2,4364,池永太,41,福岡,55.0,A1,5.93,38.27,6.81,56.47,7,27.1,30,38.71,243 222224,6,https://www1.mbrace.or.jp/od2/B/202608/b260812.lzh,2026-10-03T18:31:30.576605+09:00
20260812,20,若松,11,20260812-20-11,3,5104,山田丈,27,福岡,51.0,A2,5.71,36.71,5.43,33.75,52,34.9,12,33.33,33161 1634,7,https://www1.mbrace.or.jp/od2/B/202608/b260812.lzh,2026-10-03T18:31:30.576605+09:00
20260812,20,若松,11,20260812-20-11,4,4545,岡村慶太,38,福岡,57.0,A1,7.44,62.26,7.71,62.18,8,31.21,27,39.47,1552621 35,4,https://www1.mbrace.or.jp/od2/B/202608/b260812.lzh,2026-10-03T18:31:30.576605+09:00
20260812,20,若松,11,20260812-20-11,5,4402,乙藤智史,41,福岡,55.0,A2,6.35,44.66,6.0,48.53,32,33.13,67,40.48,5 64132115,3,https://www1.mbrace.or.jp/od2/B/202608/b260812.lzh,2026-10-03T18:31:30.576605+09:00
20260812,20,若松,11,20260812-20-11,6,5158,宮脇遼太,28,福岡,53.0,A1,6.71,55.66,6.55,51.06,20,35.53,53,48.72,2115263 56,6,https://www1.mbrace.or.jp/od2/B/202608/b260812.lzh,2026-10-03T18:31:30.576605+09:00
20260812,20,若松,12,20260812-20-12,1,4932,新開航,30,福岡,52.0,A1,7.34,51.49,6.81,40.38,49,53.15,43,31.43,1211113 51,,https://www1.mbrace.or.jp/od2/B/202608/b260812.lzh,2026-10-03T18:31:30.576605+09:00
20260812,20,若松,12,20260812-20-12,2,4848,仲谷颯仁,31,福岡,52.0,A1,7.59,49.46,7.16,52.33,46,35.58,71,52.94,3131312 31,,https://www1.mbrace.or.jp/od2/B/202608/b260812.lzh,2026-10-03T18:31:30.576605+09:00
20260812,20,若松,12,20260812-20-12,3,4148,枝尾賢,44,福岡,53.0,A2,6.09,40.0,6.53,52.94,58,29.45,60,30.77,113 232331,,https://www1.mbrace.or.jp/od2/B/202608/b260812.lzh,2026-10-03T18:31:30.576605+09:00
20260812,20,若松,12,20260812-20-12,4,3783,瓜生正義,50,福岡,53.0,A1,6.76,40.94,8.2,65.91,21,38.0,17,38.46,13313 1152,,https://www1.mbrace.or.jp/od2/B/202608/b260812.lzh,2026-10-03T18:31:30.576605+09:00
20260812,20,若松,12,20260812-20-12,5,4679,植田太一,37,福岡,59.0,A2,6.02,46.92,6.15,48.33,53,30.22,74,27.5,3211114 12,,https://www1.mbrace.or.jp/od2/B/202608/b260812.lzh,2026-10-03T18:31:30.576605+09:00
20260812,20,若松,12,20260812-20-12,6,5028,原田才一,29,福岡,50.0,A1,7.25,58.87,7.07,58.56,47,35.86,32,33.33,1 23346122,,https://www1.mbrace.or.jp/od2/B/202608/b260812.lzh,2026-10-03T18:31:30.576605+09:00
20260812,19,下関,1,20260812-19-01,1,3901,松田憲幸,49,山口,52.0,B2,4.58,30.43,4.8,29.84,27,43.28,56,53.97,1,10,https://www1.mbrace.or.jp/od2/B/202608/b260812.lzh,2026-10-03T18:31:30.576605+09:00
20260812,19,下関,1,20260812-19-01,2,4425,大井清貴,40,山口,55.0,B1,4.79,23.38,4.6,25.56,70,34.85,59,40.91,S,7,https://www1.mbrace.or.jp/od2/B/202608/b260812.lzh,2026-10-03T18:31:30.576605+09:00
20260812,19,下関,1,20260812-19-01,3,4406,幸野史明,41,福岡,52.0,B1,4.15,20.0,4.0,11.11,59,35.0,29,25.4,4,8,https://www1.mbrace.or.jp/od2/B/202608/b260812.lzh,2026-10-03T18:31:30.576605+09:00
20260812,19,下関,1,20260812-19-01,4,4724,吉田祐貴,40,佐賀,54.0,B1,3.49,9.52,3.7,16.67,65,36.76,18,22.73,6,6,https://www1.mbrace.or.jp/od2/B/202608/b260812.lzh,2026-10-03T18:31:30.576605+09:00
20260812,19,下関,1,20260812-19-01,5,4034,西原明生,47,香川,55.0,B1,3.78,17.98,3.54,10.71,30,40.35,68,36.92,34,,https://www1.mbrace.or.jp/od2/B/202608/b260812.lzh,2026-10-03T18:31:30.576605+09:00
20260812,19,下関,1,20260812-19-01,6,3989,熊本英一,48,佐賀,57.0,B1,3.92,20.48,3.88,19.18,13,29.09,31,39.29,3,9,https://www1.mbrace.or.jp/od2/B/202608/b260812.lzh,2026-10-03T18:31:30.576605+09:00
20260812,19,下関,2,20260812-19-02,1,4871,菊池宏志,34,山口,53.0,B1,4.49,25.81,4.61,20.18,24,41.43,38,34.33,4,11,https://www1.mbrace.or.jp/od2/B/202608/b260812.lzh,2026-10-03T18:31:30.576605+09:00
20260812,19,下関,2,20260812-19-02,2,5041,荒牧凪沙,27,福岡,51.0,B1,4.78,24.64,4.33,33.33,49,30.88,23,39.06,51,,https://www1.mbrace.or.jp/od2/B/202608/b260812.lzh,2026-10-03T18:31:30.576605+09:00
20260812,19,下関,2,20260812-19-02,3,5208,屋良龍紀,28,長崎,52.0,B1,4.25,23.38,3.38,6.67,21,43.86,65,42.62,5,9,https://www1.mbrace.or.jp/od2/B/202608/b260812.lzh,2026-10-03T18:31:30.576605+09:00
20260812,19,下関,2,20260812-19-02,4,5145,島川海輝,23,山口,54.0,A2,6.14,48.12,5.9,44.51,60,25.42,60,41.27,4,12,https://www1.mbrace.or.jp/od2/B/202608/b260812.lzh,2026-10-03T18:31:30.576605+09:00
20260812,19,下関,2,20260812-19-02,5,5404,内田壮,22,山口,54.0,B1,2.11,3.23,1.56,0.0,19,32.26,52,20.63,2,10,https://www1.mbrace.or.jp/od2/B/202608/b260812.lzh,2026-10-03T18:31:30.576605+09:00
20260812,19,下関,2,20260812-19-02,6,4251,川崎誠志,43,山口,52.0,B1,4.73,24.75,4.79,25.45,16,30.3,36,32.79,54,,https://www1.mbrace.or.jp/od2/B/202608/b260812.lzh,2026-10-03T18:31:30.576605+09:00
20260812,19,下関,3,20260812-19-03,1,4747,山戸信二,41,長崎,52.0,B1,4.09,17.78,3.36,13.89,22,30.16,50,42.62,66,,https://www1.mbrace.or.jp/od2/B/202608/b260812.lzh,2026-10-03T18:31:30.576605+09:00
20260812,19,下関,3,20260812-19-03,2,4842,山下昂大,34,岡山,55.0,A2,5.8,36.78,6.25,50.0,68,26.09,51,52.46,2,11,https://www1.mbrace.or.jp/od2/B/202608/b260812.lzh,2026-10-03T18:31:30.576605+09:00
20260812,19,下関,3,20260812-19-03,3,4057,松井賢治,47,兵庫,52.0,A2,5.93,41.32,5.39,32.14,69,38.81,53,32.81,25,,https://www1.mbrace.or.jp/od2/B/202608/b260812.lzh,2026-10-03T18:31:30.576605+09:00
20260812,19,下関,3,20260812-19-03,4,4852,川原祐明,31,香川,51.0,A1,7.31,58.27,5.68,32.43,47,33.82,32,26.15,32,,https://www1.mbrace.or.jp/od2/B/202608/b260812.lzh,2026-10-03T18:31:30.576605+09:00
20260812,19,下関,3,20260812-19-03,5,5448,福田柊人,23,山口,50.0,B2,1.13,0.0,1.5,0.0,28,32.31,33,36.36,6,8,https://www1.mbrace.or.jp/od2/B/202608/b260812.lzh,2026-10-03T18:31:30.576605+09:00
20260812,19,下関,3,20260812-19-03,6,3731,高濱芳久,53,広島,53.0,B1,4.65,22.5,5.63,41.05,71,41.51,70,28.13,6,10,https://www1.mbrace.or.jp/od2/B/202608/b260812.lzh,2026-10-03T18:31:30.576605+09:00
20260812,19,下関,4,20260812-19-04,1,5067,山田真聖,27,山口,57.0,B1,5.29,32.5,4.53,26.61,14,36.23,72,27.42,43,8,https://www1.mbrace.or.jp/od2/B/202608/b260812.lzh,2026-10-03T18:31:30.576605+09:00
20260812,19,下関,4,20260812-19-04,2,4361,柳生泰二,41,山口,53.0,A1,7.37,57.14,8.17,68.59,39,35.21,45,31.34,11,11,https://www1.mbrace.or.jp/od2/B/202608/b260812.lzh,2026-10-03T18:31:30.576605+09:00
20260812,19,下関,4,20260812-19-04,3,5106,山崎祥,27,山口,52.0,A2,5.54,33.33,5.3,33.66,38,42.03,15,28.36,5,12,https://www1.mbrace.or.jp/od2/B/202608/b260812.lzh,2026-10-03T18:31:30.576605+09:00
20260812,19,下関,4,20260812-19-04,4,3930,岸本隆,50,岡山,56.0,A2,5.02,24.73,5.77,42.86,42,34.29,47,29.03,2,10,https://www1.mbrace.or.jp/od2/B/202608/b260812.lzh,2026-10-03T18:31:30.576605+09:00
20260812,19,下関,4,20260812-19-04,5,3581,加木郁,53,山口,53.0,B1,5.42,31.86,5.15,29.51,40,40.35,11,33.33,14,,https://www1.mbrace.or.jp/od2/B/202608/b260812.lzh,2026-10-03T18:31:30.576605+09:00
20260812,19,下関,4,20260812-19-04,6,3680,森林太,53,長崎,54.0,B1,4.36,21.5,4.82,28.95,73,28.36,67,43.94,15,,https://www1.mbrace.or.jp/od2/B/202608/b260812.lzh,2026-10-03T18:31:30.576605+09:00
20260812,19,下関,5,20260812-19-05,1,4064,原田篤志,46,山口,51.0,A1,6.32,44.62,6.59,48.08,18,56.9,41,39.68,65,11,https://www1.mbrace.or.jp/od2/B/202608/b260812.lzh,2026-10-03T18:31:30.576605+09:00
20260812,19,下関,5,20260812-19-05,2,4846,佐藤駿介,32,山口,52.0,B1,4.57,27.91,4.38,28.3,17,54.24,54,31.25,35,,https://www1.mbrace.or.jp/od2/B/202608/b260812.lzh,2026-10-03T18:31:30.576605+09:00
20260812,19,下関,5,20260812-19-05,3,4475,末永祐輝,38,山口,54.0,A1,5.67,33.33,6.25,42.59,46,46.77,27,28.79,26,12,https://www1.mbrace.or.jp/od2/B/202608/b260812.lzh,2026-10-03T18:31:30.576605+09:00
20260812,19,下関,5,20260812-19-05,4,4009,小林一樹,47,山口,58.0,A2,5.82,40.86,6.02,40.24,56,32.81,66,24.62,1,10,https://www1.mbrace.or.jp/od2/B/202608/b260812.lzh,2026-10-03T18:31:30.576605+09:00
20260812,19,下関,5,20260812-19-05,5,5176,石倉拓美,33,山口,52.0,B2,2.26,5.88,2.38,10.81,52,42.11,13,26.56,2,9,https://www1.mbrace.or.jp/od2/B/202608/b260812.lzh,2026-10-03T18:31:30.576605+09:00
20260812,19,下関,5,20260812-19-05,6,3442,宮武英司,56,香川,54.0,B1,3.99,15.71,5.77,35.48,67,44.26,35,25.0,11,,https://www1.mbrace.or.jp/od2/B/202608/b260812.lzh,2026-10-03T18:31:30.576605+09:00
20260812,19,下関,6,20260812-19-06,1,4724,吉田祐貴,40,佐賀,54.0,B1,3.49,9.52,3.7,16.67,65,36.76,18,22.73,6,1,https://www1.mbrace.or.jp/od2/B/202608/b260812.lzh,2026-10-03T18:31:30.576605+09:00
20260812,19,下関,6,20260812-19-06,2,4356,長岡良也,42,兵庫,52.0,A2,5.68,40.74,6.2,48.15,63,39.71,64,37.88,3,10,https://www1.mbrace.or.jp/od2/B/202608/b260812.lzh,2026-10-03T18:31:30.576605+09:00
20260812,19,下関,6,20260812-19-06,3,5336,瀬川大地,20,山口,55.0,B1,3.59,14.13,2.22,6.9,37,33.33,46,31.34,66,,https://www1.mbrace.or.jp/od2/B/202608/b260812.lzh,2026-10-03T18:31:30.576605+09:00
20260812,19,下関,6,20260812-19-06,4,4980,佐々木完,30,山口,50.0,A1,7.05,50.91,7.13,54.95,31,42.03,71,21.67,24,12,https://www1.mbrace.or.jp/od2/B/202608/b260812.lzh,2026-10-03T18:31:30.576605+09:00
20260812,19,下関,6,20260812-19-06,5,4931,木谷賢太,30,香川,54.0,A1,6.73,49.57,5.84,36.0,34,24.29,16,16.95,2,11,https://www1.mbrace.or.jp/od2/B/202608/b260812.lzh,2026-10-03T18:31:30.576605+09:00
20260812,19,下関,6,20260812-19-06,6,4023,柴田友和,48,福岡,53.0,B1,3.95,19.05,4.65,23.08,57,46.27,22,34.92,15,,https://www1.mbrace.or.jp/od2/B/202608/b260812.lzh,2026-10-03T18:31:30.576605+09:00
20260812,19,下関,7,20260812-19-07,1,4179,広次修,43,山口,52.0,A2,5.48,32.08,5.26,31.88,32,25.0,55,41.54,3,12,https://www1.mbrace.or.jp/od2/B/202608/b260812.lzh,2026-10-03T18:31:30.576605+09:00
20260812,19,下関,7,20260812-19-07,2,3661,柳瀬興志,56,山口,58.0,A2,4.58,23.66,5.76,36.51,33,34.29,37,26.98,41,,https://www1.mbrace.or.jp/od2/B/202608/b260812.lzh,2026-10-03T18:31:30.576605+09:00
20260812,19,下関,7,20260812-19-07,3,4425,大井清貴,40,山口,55.0,B1,4.79,23.38,4.6,25.56,70,34.85,59,40.91,S,1,https://www1.mbrace.or.jp/od2/B/202608/b260812.lzh,2026-10-03T18:31:30.576605+09:00
20260812,19,下関,7,20260812-19-07,4,3539,金子順一,58,山口,52.0,B1,4.59,26.21,3.91,24.29,29,31.88,30,22.58,43,,https://www1.mbrace.or.jp/od2/B/202608/b260812.lzh,2026-10-03T18:31:30.576605+09:00
20260812,19,下関,7,20260812-19-07,5,4981,牧山敦也,30,佐賀,52.0,B1,5.1,22.5,4.18,22.73,62,46.67,26,17.24,2,11,https://www1.mbrace.or.jp/od2/B/202608/b260812.lzh,2026-10-03T18:31:30.576605+09:00
20260812,19,下関,7,20260812-19-07,6,4264,長尾章平,41,山口,53.0,A1,6.7,52.78,6.92,51.26,55,36.36,17,33.87,33,,https://www1.mbrace.or.jp/od2/B/202608/b260812.lzh,2026-10-03T18:31:30.576605+09:00
20260812,19,下関,8,20260812-19-08,1,5064,品川二千,28,山口,52.0,A1,6.67,52.94,5.65,38.26,11,45.16,24,31.15,42,12,https://www1.mbrace.or.jp/od2/B/202608/b260812.lzh,2026-10-03T18:31:30.576605+09:00
20260812,19,下関,8,20260812-19-08,2,4406,幸野史明,41,福岡,52.0,B1,4.15,20.0,4.0,11.11,59,35.0,29,25.4,4,1,https://www1.mbrace.or.jp/od2/B/202608/b260812.lzh,2026-10-03T18:31:30.576605+09:00
20260812,19,下関,8,20260812-19-08,3,3961,谷村一哉,47,山口,54.0,A1,6.55,46.77,7.05,57.02,12,37.93,42,29.85,16,,https://www1.mbrace.or.jp/od2/B/202608/b260812.lzh,2026-10-03T18:31:30.576605+09:00
20260812,19,下関,8,20260812-19-08,4,4567,上村慎太,38,山口,50.0,B1,4.51,18.18,4.26,18.82,53,30.43,57,41.27,56,,https://www1.mbrace.or.jp/od2/B/202608/b260812.lzh,2026-10-03T18:31:30.576605+09:00
20260812,19,下関,8,20260812-19-08,5,5067,山田真聖,27,山口,57.0,B1,5.29,32.5,4.53,26.61,14,36.23,72,27.42,43,4,https://www1.mbrace.or.jp/od2/B/202608/b260812.lzh,2026-10-03T18:31:30.576605+09:00
20260812,19,下関,8,20260812-19-08,6,5448,福田柊人,23,山口,50.0,B2,1.13,0.0,1.5,0.0,28,32.31,33,36.36,6,3,https://www1.mbrace.or.jp/od2/B/202608/b260812.lzh,2026-10-03T18:31:30.576605+09:00
20260812,19,下関,9,20260812-19-09,1,3562,山下和彦,57,広島,52.0,A2,6.15,45.3,5.74,42.11,48,33.85,48,11.29,55,,https://www1.mbrace.or.jp/od2/B/202608/b260812.lzh,2026-10-03T18:31:30.576605+09:00
20260812,19,下関,9,20260812-19-09,2,5176,石倉拓美,33,山口,52.0,B2,2.26,5.88,2.38,10.81,52,42.11,13,26.56,2,5,https://www1.mbrace.or.jp/od2/B/202608/b260812.lzh,2026-10-03T18:31:30.576605+09:00
20260812,19,下関,9,20260812-19-09,3,3942,寺田祥,47,山口,55.0,A1,7.11,58.33,7.76,64.75,35,31.25,28,49.18,32,,https://www1.mbrace.or.jp/od2/B/202608/b260812.lzh,2026-10-03T18:31:30.576605+09:00
20260812,19,下関,9,20260812-19-09,4,3989,熊本英一,48,佐賀,57.0,B1,3.92,20.48,3.88,19.18,13,29.09,31,39.29,3,1,https://www1.mbrace.or.jp/od2/B/202608/b260812.lzh,2026-10-03T18:31:30.576605+09:00
20260812,19,下関,9,20260812-19-09,5,5208,屋良龍紀,28,長崎,52.0,B1,4.25,23.38,3.38,6.67,21,43.86,65,42.62,5,2,https://www1.mbrace.or.jp/od2/B/202608/b260812.lzh,2026-10-03T18:31:30.576605+09:00
20260812,19,下関,9,20260812-19-09,6,4172,森定晃史,43,岡山,52.0,A2,6.13,42.15,4.83,16.67,36,35.19,62,27.12,34,,https://www1.mbrace.or.jp/od2/B/202608/b260812.lzh,2026-10-03T18:31:30.576605+09:00
20260812,19,下関,10,20260812-19-10,1,3930,岸本隆,50,岡山,56.0,A2,5.02,24.73,5.77,42.86,42,34.29,47,29.03,2,4,https://www1.mbrace.or.jp/od2/B/202608/b260812.lzh,2026-10-03T18:31:30.576605+09:00
20260812,19,下関,10,20260812-19-10,2,3731,高濱芳久,53,広島,53.0,B1,4.65,22.5,5.63,41.05,71,41.51,70,28.13,6,3,https://www1.mbrace.or.jp/od2/B/202608/b260812.lzh,2026-10-03T18:31:30.576605+09:00
20260812,19,下関,10,20260812-19-10,3,4009,小林一樹,47,山口,58.0,A2,5.82,40.86,6.02,40.24,56,32.81,66,24.62,1,5,https://www1.mbrace.or.jp/od2/B/202608/b260812.lzh,2026-10-03T18:31:30.576605+09:00
20260812,19,下関,10,20260812-19-10,4,5404,内田壮,22,山口,54.0,B1,2.11,3.23,1.56,0.0,19,32.26,52,20.63,2,2,https://www1.mbrace.or.jp/od2/B/202608/b260812.lzh,2026-10-03T18:31:30.576605+09:00
20260812,19,下関,10,20260812-19-10,5,3901,松田憲幸,49,山口,52.0,B2,4.58,30.43,4.8,29.84,27,43.28,56,53.97,1,1,https://www1.mbrace.or.jp/od2/B/202608/b260812.lzh,2026-10-03T18:31:30.576605+09:00
20260812,19,下関,10,20260812-19-10,6,4356,長岡良也,42,兵庫,52.0,A2,5.68,40.74,6.2,48.15,63,39.71,64,37.88,3,6,https://www1.mbrace.or.jp/od2/B/202608/b260812.lzh,2026-10-03T18:31:30.576605+09:00
20260812,19,下関,11,20260812-19-11,1,4361,柳生泰二,41,山口,53.0,A1,7.37,57.14,8.17,68.59,39,35.21,45,31.34,11,4,https://www1.mbrace.or.jp/od2/B/202608/b260812.lzh,2026-10-03T18:31:30.576605+09:00
20260812,19,下関,11,20260812-19-11,2,4064,原田篤志,46,山口,51.0,A1,6.32,44.62,6.59,48.08,18,56.9,41,39.68,65,5,https://www1.mbrace.or.jp/od2/B/202608/b260812.lzh,2026-10-03T18:31:30.576605+09:00
20260812,19,下関,11,20260812-19-11,3,4981,牧山敦也,30,佐賀,52.0,B1,5.1,22.5,4.18,22.73,62,46.67,26,17.24,2,7,https://www1.mbrace.or.jp/od2/B/202608/b260812.lzh,2026-10-03T18:31:30.576605+09:00
20260812,19,下関,11,20260812-19-11,4,4931,木谷賢太,30,香川,54.0,A1,6.73,49.57,5.84,36.0,34,24.29,16,16.95,2,6,https://www1.mbrace.or.jp/od2/B/202608/b260812.lzh,2026-10-03T18:31:30.576605+09:00
20260812,19,下関,11,20260812-19-11,5,4871,菊池宏志,34,山口,53.0,B1,4.49,25.81,4.61,20.18,24,41.43,38,34.33,4,2,https://www1.mbrace.or.jp/od2/B/202608/b260812.lzh,2026-10-03T18:31:30.576605+09:00
20260812,19,下関,11,20260812-19-11,6,4842,山下昂大,34,岡山,55.0,A2,5.8,36.78,6.25,50.0,68,26.09,51,52.46,2,3,https://www1.mbrace.or.jp/od2/B/202608/b260812.lzh,2026-10-03T18:31:30.576605+09:00
20260812,19,下関,12,20260812-19-12,1,4980,佐々木完,30,山口,50.0,A1,7.05,50.91,7.13,54.95,31,42.03,71,21.67,24,6,https://www1.mbrace.or.jp/od2/B/202608/b260812.lzh,2026-10-03T18:31:30.576605+09:00
20260812,19,下関,12,20260812-19-12,2,5064,品川二千,28,山口,52.0,A1,6.67,52.94,5.65,38.26,11,45.16,24,31.15,42,8,https://www1.mbrace.or.jp/od2/B/202608/b260812.lzh,2026-10-03T18:31:30.576605+09:00
20260812,19,下関,12,20260812-19-12,3,4179,広次修,43,山口,52.0,A2,5.48,32.08,5.26,31.88,32,25.0,55,41.54,3,7,https://www1.mbrace.or.jp/od2/B/202608/b260812.lzh,2026-10-03T18:31:30.576605+09:00
20260812,19,下関,12,20260812-19-12,4,4475,末永祐輝,38,山口,54.0,A1,5.67,33.33,6.25,42.59,46,46.77,27,28.79,26,5,https://www1.mbrace.or.jp/od2/B/202608/b260812.lzh,2026-10-03T18:31:30.576605+09:00
20260812,19,下関,12,20260812-19-12,5,5145,島川海輝,23,山口,54.0,A2,6.14,48.12,5.9,44.51,60,25.42,60,41.27,4,2,https://www1.mbrace.or.jp/od2/B/202608/b260812.lzh,2026-10-03T18:31:30.576605+09:00
20260812,19,下関,12,20260812-19-12,6,5106,山崎祥,27,山口,52.0,A2,5.54,33.33,5.3,33.66,38,42.03,15,28.36,5,4,https://www1.mbrace.or.jp/od2/B/202608/b260812.lzh,2026-10-03T18:31:30.576605+09:00
20260812,16,児島,1,20260812-16-01,1,5165,小林愛実,26,岡山,47.0,B1,3.7,14.81,4.46,24.58,22,33.88,49,50.63,622 413,12,https://www1.mbrace.or.jp/od2/B/202608/b260812.lzh,2026-10-03T18:31:30.576605+09:00
20260812,16,児島,1,20260812-16-01,2,3357,福島陽子,57,岡山,48.0,B1,4.08,16.28,4.2,22.64,13,33.71,62,34.36,1 553 66,,https://www1.mbrace.or.jp/od2/B/202608/b260812.lzh,2026-10-03T18:31:30.576605+09:00
20260812,16,児島,1,20260812-16-01,3,4853,前原哉,31,岡山,45.0,B1,4.92,22.67,4.1,22.62,29,30.51,29,35.98,656 6 46,,https://www1.mbrace.or.jp/od2/B/202608/b260812.lzh,2026-10-03T18:31:30.576605+09:00
20260812,16,児島,1,20260812-16-01,4,4909,薮内瑞希,30,岡山,44.0,B1,4.94,34.15,5.84,43.1,50,38.33,24,30.99,545 2 55,,https://www1.mbrace.or.jp/od2/B/202608/b260812.lzh,2026-10-03T18:31:30.576605+09:00
20260812,16,児島,1,20260812-16-01,5,5317,長尾萌加,25,岡山,46.0,B1,4.66,21.15,3.55,13.33,58,36.2,57,32.16,3 363 36,,https://www1.mbrace.or.jp/od2/B/202608/b260812.lzh,2026-10-03T18:31:30.576605+09:00
20260812,16,児島,1,20260812-16-01,6,5447,岡本亜子,24,岡山,50.0,B2,1.06,0.0,1.14,0.0,26,34.62,22,32.56,6 665 66,,https://www1.mbrace.or.jp/od2/B/202608/b260812.lzh,2026-10-03T18:31:30.576605+09:00
20260812,16,児島,2,20260812-16-02,1,4410,井上大輔,40,岡山,52.0,B1,4.27,21.36,4.91,31.31,19,37.5,33,38.79,5 22144,8,https://www1.mbrace.or.jp/od2/B/202608/b260812.lzh,2026-10-03T18:31:30.576605+09:00
20260812,16,児島,2,20260812-16-02,2,4580,長谷川雅,37,岡山,53.0,B1,5.63,39.02,5.7,42.86,56,36.67,56,31.55,441 162,12,https://www1.mbrace.or.jp/od2/B/202608/b260812.lzh,2026-10-03T18:31:30.576605+09:00
20260812,16,児島,2,20260812-16-02,3,4558,宮野仁,36,岡山,54.0,B1,4.11,22.11,4.77,25.47,21,38.42,34,42.26,6 25244,7,https://www1.mbrace.or.jp/od2/B/202608/b260812.lzh,2026-10-03T18:31:30.576605+09:00
20260812,16,児島,2,20260812-16-02,4,4089,妹尾忠幸,45,岡山,55.0,A2,6.17,41.75,6.45,41.22,53,33.9,59,30.81,12433 24,10,https://www1.mbrace.or.jp/od2/B/202608/b260812.lzh,2026-10-03T18:31:30.576605+09:00
20260812,16,児島,2,20260812-16-02,5,3982,福田理,48,岡山,57.0,B1,4.0,19.75,4.24,21.67,64,32.0,39,38.41,2 454 23,9,https://www1.mbrace.or.jp/od2/B/202608/b260812.lzh,2026-10-03T18:31:30.576605+09:00
20260812,16,児島,2,20260812-16-02,6,4537,渡邉和将,36,岡山,50.0,A1,7.34,54.1,6.62,44.76,49,38.98,14,31.52,2131323,11,https://www1.mbrace.or.jp/od2/B/202608/b260812.lzh,2026-10-03T18:31:30.576605+09:00
20260812,16,児島,3,20260812-16-03,1,4782,浜崎準也,39,岡山,52.0,B1,4.28,17.11,5.55,33.75,44,39.43,61,30.81,644 121,11,https://www1.mbrace.or.jp/od2/B/202608/b260812.lzh,2026-10-03T18:31:30.576605+09:00
20260812,16,児島,3,20260812-16-03,2,4202,浮田圭浩,44,岡山,55.0,B1,4.28,21.05,4.76,28.1,16,38.42,52,34.76,4 14353,9,https://www1.mbrace.or.jp/od2/B/202608/b260812.lzh,2026-10-03T18:31:30.576605+09:00
20260812,16,児島,3,20260812-16-03,3,3874,山本寛久,50,岡山,52.0,A2,6.96,50.85,6.45,47.24,63,32.61,31,38.18,1 56533,8,https://www1.mbrace.or.jp/od2/B/202608/b260812.lzh,2026-10-03T18:31:30.576605+09:00
20260812,16,児島,3,20260812-16-03,4,5181,森智哉,28,岡山,52.0,B1,5.15,34.33,4.91,31.45,42,29.44,44,31.58,155 324,7,https://www1.mbrace.or.jp/od2/B/202608/b260812.lzh,2026-10-03T18:31:30.576605+09:00
20260812,16,児島,3,20260812-16-03,5,4683,向井田直,35,広島,47.0,B2,3.47,19.61,5.0,37.5,31,37.7,75,35.62,555 566,,https://www1.mbrace.or.jp/od2/B/202608/b260812.lzh,2026-10-03T18:31:30.576605+09:00
20260812,16,児島,3,20260812-16-03,6,4370,山口達也,39,岡山,52.0,A1,5.92,40.96,6.53,51.8,20,47.73,68,36.97,353 2111,10,https://www1.mbrace.or.jp/od2/B/202608/b260812.lzh,2026-10-03T18:31:30.576605+09:00
20260812,16,児島,4,20260812-16-04,1,4635,峰重力也,36,岡山,52.0,A2,5.77,41.1,5.24,34.69,38,34.95,13,31.17,3 116645,,https://www1.mbrace.or.jp/od2/B/202608/b260812.lzh,2026-10-03T18:31:30.576605+09:00
20260812,16,児島,4,20260812-16-04,2,3935,岩津徹郎,48,岡山,55.0,B1,5.35,36.59,5.16,29.89,59,27.37,45,36.36,531 153,10,https://www1.mbrace.or.jp/od2/B/202608/b260812.lzh,2026-10-03T18:31:30.576605+09:00
20260812,16,児島,4,20260812-16-04,3,4173,岡谷健吾,43,広島,56.0,B1,5.41,35.64,5.45,46.81,36,35.03,18,31.25,323 422,11,https://www1.mbrace.or.jp/od2/B/202608/b260812.lzh,2026-10-03T18:31:30.576605+09:00
20260812,16,児島,4,20260812-16-04,4,4441,末永由楽,39,岡山,53.0,A2,5.57,31.3,6.37,43.38,62,38.33,38,42.35,351 165,9,https://www1.mbrace.or.jp/od2/B/202608/b260812.lzh,2026-10-03T18:31:30.576605+09:00
20260812,16,児島,4,20260812-16-04,5,3822,平尾崇典,53,岡山,50.0,A1,6.23,42.31,6.69,49.15,30,36.36,73,31.48,112 2216,10,https://www1.mbrace.or.jp/od2/B/202608/b260812.lzh,2026-10-03T18:31:30.576605+09:00
20260812,16,児島,4,20260812-16-04,6,5374,木山大聖,23,岡山,50.0,B1,2.86,6.94,2.83,8.62,65,36.22,43,36.9,326 4 13,8,https://www1.mbrace.or.jp/od2/B/202608/b260812.lzh,2026-10-03T18:31:30.576605+09:00
20260812,16,児島,5,20260812-16-05,1,4584,村岡賢人,36,岡山,52.0,A1,6.38,41.3,6.99,54.0,18,30.98,15,41.82,2 441424,12,https://www1.mbrace.or.jp/od2/B/202608/b260812.lzh,2026-10-03T18:31:30.576605+09:00
20260812,16,児島,5,20260812-16-05,2,4277,金田大輔,43,岡山,52.0,B1,4.69,29.49,4.78,29.41,41,32.39,50,36.84,1 26556,,https://www1.mbrace.or.jp/od2/B/202608/b260812.lzh,2026-10-03T18:31:30.576605+09:00
20260812,16,児島,5,20260812-16-05,3,3933,山地正樹,50,岡山,53.0,B1,5.97,45.71,5.63,42.41,67,33.52,71,43.75,1 33414,10,https://www1.mbrace.or.jp/od2/B/202608/b260812.lzh,2026-10-03T18:31:30.576605+09:00
20260812,16,児島,5,20260812-16-05,4,3949,今出晋二,50,岡山,57.0,B1,4.13,22.06,4.14,16.67,33,23.98,40,32.32,6 346 25,,https://www1.mbrace.or.jp/od2/B/202608/b260812.lzh,2026-10-03T18:31:30.576605+09:00
20260812,16,児島,5,20260812-16-05,5,4762,藤原啓史,36,岡山,50.0,A1,7.31,54.46,7.54,59.35,35,46.93,30,36.09,3411331,11,https://www1.mbrace.or.jp/od2/B/202608/b260812.lzh,2026-10-03T18:31:30.576605+09:00
20260812,16,児島,5,20260812-16-05,6,3746,岡瀬正人,51,岡山,52.0,A2,5.68,35.59,6.03,44.51,68,32.77,26,37.42,2 65542,9,https://www1.mbrace.or.jp/od2/B/202608/b260812.lzh,2026-10-03T18:31:30.576605+09:00
20260812,16,児島,6,20260812-16-06,1,5111,三村岳人,26,岡山,51.0,A2,6.0,46.43,5.4,33.06,23,31.52,58,34.76,6 262 22,10,https://www1.mbrace.or.jp/od2/B/202608/b260812.lzh,2026-10-03T18:31:30.576605+09:00
20260812,16,児島,6,20260812-16-06,2,4533,峰重侑治,37,岡山,51.0,B1,4.34,20.75,4.95,33.77,11,32.97,51,32.73,26S 6 44,,https://www1.mbrace.or.jp/od2/B/202608/b260812.lzh,2026-10-03T18:31:30.576605+09:00
20260812,16,児島,6,20260812-16-06,3,5109,川崎智稔,27,岡山,52.0,B1,4.98,30.36,4.49,21.05,24,30.9,47,33.13,6 236 15,,https://www1.mbrace.or.jp/od2/B/202608/b260812.lzh,2026-10-03T18:31:30.576605+09:00
20260812,16,児島,6,20260812-16-06,4,3717,立間充宏,51,岡山,56.0,A2,5.44,29.89,5.08,34.62,37,29.48,36,33.33,231 2425,11,https://www1.mbrace.or.jp/od2/B/202608/b260812.lzh,2026-10-03T18:31:30.576605+09:00
20260812,16,児島,6,20260812-16-06,5,4166,吉田拡郎,44,岡山,53.0,A1,7.91,60.87,7.68,67.19,61,34.08,42,35.37,16323 22,12,https://www1.mbrace.or.jp/od2/B/202608/b260812.lzh,2026-10-03T18:31:30.576605+09:00
20260812,16,児島,6,20260812-16-06,6,4562,阪本勇介,38,岡山,55.0,B1,4.94,28.71,4.62,23.53,45,30.17,74,36.09,4 446 55,,https://www1.mbrace.or.jp/od2/B/202608/b260812.lzh,2026-10-03T18:31:30.576605+09:00
20260812,16,児島,7,20260812-16-07,1,4713,白神優,35,岡山,54.0,A1,6.64,47.06,6.9,51.18,69,35.96,65,34.55,4 521533,,https://www1.mbrace.or.jp/od2/B/202608/b260812.lzh,2026-10-03T18:31:30.576605+09:00
20260812,16,児島,7,20260812-16-07,2,3158,島川光男,61,広島,54.0,A2,6.34,45.65,5.45,37.93,57,36.46,54,40.24,26142 4,11,https://www1.mbrace.or.jp/od2/B/202608/b260812.lzh,2026-10-03T18:31:30.576605+09:00
20260812,16,児島,7,20260812-16-07,3,5181,森智哉,28,岡山,52.0,B1,5.15,34.33,4.91,31.45,42,29.44,44,31.58,155 324,3,https://www1.mbrace.or.jp/od2/B/202608/b260812.lzh,2026-10-03T18:31:30.576605+09:00
20260812,16,児島,7,20260812-16-07,4,4558,宮野仁,36,岡山,54.0,B1,4.11,22.11,4.77,25.47,21,38.42,34,42.26,6 25244,2,https://www1.mbrace.or.jp/od2/B/202608/b260812.lzh,2026-10-03T18:31:30.576605+09:00
20260812,16,児島,7,20260812-16-07,5,4214,林祐介,42,岡山,57.0,B1,5.56,34.29,5.8,38.73,39,37.43,70,34.13,4 354 51,,https://www1.mbrace.or.jp/od2/B/202608/b260812.lzh,2026-10-03T18:31:30.576605+09:00
20260812,16,児島,7,20260812-16-07,6,4418,茅原悠紀,39,岡山,53.0,A1,7.61,50.85,8.39,76.84,34,31.11,17,35.88,332 3111,12,https://www1.mbrace.or.jp/od2/B/202608/b260812.lzh,2026-10-03T18:31:30.576605+09:00
20260812,16,児島,8,20260812-16-08,1,5058,前原大道,29,岡山,52.0,A1,6.58,44.53,6.47,46.34,17,37.99,64,37.89,42146 13,12,https://www1.mbrace.or.jp/od2/B/202608/b260812.lzh,2026-10-03T18:31:30.576605+09:00
20260812,16,児島,8,20260812-16-08,2,4323,山田佑樹,39,岡山,56.0,B1,5.73,45.26,5.86,47.41,60,44.57,63,31.97,315 513,,https://www1.mbrace.or.jp/od2/B/202608/b260812.lzh,2026-10-03T18:31:30.576605+09:00
20260812,16,児島,8,20260812-16-08,3,4410,井上大輔,40,岡山,52.0,B1,4.27,21.36,4.91,31.31,19,37.5,33,38.79,5 22144,2,https://www1.mbrace.or.jp/od2/B/202608/b260812.lzh,2026-10-03T18:31:30.576605+09:00
20260812,16,児島,8,20260812-16-08,4,4097,貫地谷直,44,広島,57.0,B1,3.56,13.7,3.43,14.29,27,38.01,72,32.12,4 325 56,,https://www1.mbrace.or.jp/od2/B/202608/b260812.lzh,2026-10-03T18:31:30.576605+09:00
20260812,16,児島,8,20260812-16-08,5,5374,木山大聖,23,岡山,50.0,B1,2.86,6.94,2.83,8.62,65,36.22,43,36.9,326 4 13,4,https://www1.mbrace.or.jp/od2/B/202608/b260812.lzh,2026-10-03T18:31:30.576605+09:00
20260812,16,児島,8,20260812-16-08,6,3874,山本寛久,50,岡山,52.0,A2,6.96,50.85,6.45,47.24,63,32.61,31,38.18,1 56533,3,https://www1.mbrace.or.jp/od2/B/202608/b260812.lzh,2026-10-03T18:31:30.576605+09:00
20260812,16,児島,9,20260812-16-09,1,4441,末永由楽,39,岡山,53.0,A2,5.57,31.3,6.37,43.38,62,38.33,38,42.35,351 165,4,https://www1.mbrace.or.jp/od2/B/202608/b260812.lzh,2026-10-03T18:31:30.576605+09:00
20260812,16,児島,9,20260812-16-09,2,3982,福田理,48,岡山,57.0,B1,4.0,19.75,4.24,21.67,64,32.0,48,31.14,2 454 23,2,https://www1.mbrace.or.jp/od2/B/202608/b260812.lzh,2026-10-03T18:31:30.576605+09:00
20260812,16,児島,9,20260812-16-09,3,3746,岡瀬正人,51,岡山,52.0,A2,5.68,35.59,6.03,44.51,68,32.77,26,37.42,2 65542,5,https://www1.mbrace.or.jp/od2/B/202608/b260812.lzh,2026-10-03T18:31:30.576605+09:00
20260812,16,児島,9,20260812-16-09,4,4054,福嶋智之,48,岡山,53.0,B1,4.73,28.09,4.47,24.14,55,50.84,23,34.73,4S6 4 14,,https://www1.mbrace.or.jp/od2/B/202608/b260812.lzh,2026-10-03T18:31:30.576605+09:00
20260812,16,児島,9,20260812-16-09,5,4202,浮田圭浩,44,岡山,55.0,B1,4.28,21.05,4.76,28.1,16,38.42,52,34.76,4 14353,3,https://www1.mbrace.or.jp/od2/B/202608/b260812.lzh,2026-10-03T18:31:30.576605+09:00
20260812,16,児島,9,20260812-16-09,6,3787,天野誠,54,岡山,52.0,B1,3.51,11.94,4.58,26.09,12,41.53,19,37.87,15S 3 66,,https://www1.mbrace.or.jp/od2/B/202608/b260812.lzh,2026-10-03T18:31:30.576605+09:00
20260812,16,児島,10,20260812-16-10,1,4370,山口達也,39,岡山,52.0,A1,5.92,40.96,6.53,51.8,20,47.73,68,36.97,353 2111,3,https://www1.mbrace.or.jp/od2/B/202608/b260812.lzh,2026-10-03T18:31:30.576605+09:00
20260812,16,児島,10,20260812-16-10,2,3822,平尾崇典,53,岡山,50.0,A1,6.23,42.31,6.69,49.15,30,36.36,73,31.48,112 2216,4,https://www1.mbrace.or.jp/od2/B/202608/b260812.lzh,2026-10-03T18:31:30.576605+09:00
20260812,16,児島,10,20260812-16-10,3,4089,妹尾忠幸,45,岡山,55.0,A2,6.17,41.75,6.45,41.22,53,33.9,59,30.81,12433 24,2,https://www1.mbrace.or.jp/od2/B/202608/b260812.lzh,2026-10-03T18:31:30.576605+09:00
20260812,16,児島,10,20260812-16-10,4,3933,山地正樹,50,岡山,53.0,B1,5.97,45.71,5.63,42.41,67,33.52,71,43.75,1 33414,5,https://www1.mbrace.or.jp/od2/B/202608/b260812.lzh,2026-10-03T18:31:30.576605+09:00
20260812,16,児島,10,20260812-16-10,5,3935,岩津徹郎,48,岡山,55.0,B1,5.35,36.59,5.16,29.89,59,27.37,45,36.36,531 153,4,https://www1.mbrace.or.jp/od2/B/202608/b260812.lzh,2026-10-03T18:31:30.576605+09:00
20260812,16,児島,10,20260812-16-10,6,5111,三村岳人,26,岡山,51.0,A2,6.0,46.43,5.4,33.06,23,31.52,58,34.76,6 262 22,6,https://www1.mbrace.or.jp/od2/B/202608/b260812.lzh,2026-10-03T18:31:30.576605+09:00
20260812,16,児島,11,20260812-16-11,1,4537,渡邉和将,36,岡山,50.0,A1,7.34,54.1,6.62,44.76,49,38.98,14,31.52,2131323,2,https://www1.mbrace.or.jp/od2/B/202608/b260812.lzh,2026-10-03T18:31:30.576605+09:00
20260812,16,児島,11,20260812-16-11,2,4762,藤原啓史,36,岡山,50.0,A1,7.31,54.46,7.54,59.35,35,46.93,30,36.09,3411331,5,https://www1.mbrace.or.jp/od2/B/202608/b260812.lzh,2026-10-03T18:31:30.576605+09:00
20260812,16,児島,11,20260812-16-11,3,3717,立間充宏,51,岡山,56.0,A2,5.44,29.89,5.08,34.62,37,29.48,36,33.33,231 2425,6,https://www1.mbrace.or.jp/od2/B/202608/b260812.lzh,2026-10-03T18:31:30.576605+09:00
20260812,16,児島,11,20260812-16-11,4,4173,岡谷健吾,43,広島,56.0,B1,5.41,35.64,5.45,46.81,36,35.03,18,31.25,323 422,4,https://www1.mbrace.or.jp/od2/B/202608/b260812.lzh,2026-10-03T18:31:30.576605+09:00
20260812,16,児島,11,20260812-16-11,5,3158,島川光男,61,広島,54.0,A2,6.34,45.65,5.45,37.93,57,36.46,54,40.24,26142 4,7,https://www1.mbrace.or.jp/od2/B/202608/b260812.lzh,2026-10-03T18:31:30.576605+09:00
20260812,16,児島,11,20260812-16-11,6,4782,浜崎準也,39,岡山,52.0,B1,4.28,17.11,5.55,33.75,44,39.43,61,30.81,644 121,3,https://www1.mbrace.or.jp/od2/B/202608/b260812.lzh,2026-10-03T18:31:30.576605+09:00
20260812,16,児島,12,20260812-16-12,1,4418,茅原悠紀,39,岡山,53.0,A1,7.61,50.85,8.39,76.84,34,31.11,17,35.88,332 3111,7,https://www1.mbrace.or.jp/od2/B/202608/b260812.lzh,2026-10-03T18:31:30.576605+09:00
20260812,16,児島,12,20260812-16-12,2,4166,吉田拡郎,44,岡山,53.0,A1,7.91,60.87,7.68,67.19,61,34.08,42,35.37,16323 22,6,https://www1.mbrace.or.jp/od2/B/202608/b260812.lzh,2026-10-03T18:31:30.576605+09:00
20260812,16,児島,12,20260812-16-12,3,5058,前原大道,29,岡山,52.0,A1,6.58,44.53,6.47,46.34,17,37.99,64,37.89,42146 13,8,https://www1.mbrace.or.jp/od2/B/202608/b260812.lzh,2026-10-03T18:31:30.576605+09:00
20260812,16,児島,12,20260812-16-12,4,4584,村岡賢人,36,岡山,52.0,A1,6.38,41.3,6.99,54.0,18,30.98,15,41.82,2 441424,5,https://www1.mbrace.or.jp/od2/B/202608/b260812.lzh,2026-10-03T18:31:30.576605+09:00
20260812,16,児島,12,20260812-16-12,5,4580,長谷川雅,37,岡山,53.0,B1,5.63,39.02,5.7,42.86,56,36.67,56,31.55,441 162,2,https://www1.mbrace.or.jp/od2/B/202608/b260812.lzh,2026-10-03T18:31:30.576605+09:00
20260812,16,児島,12,20260812-16-12,6,5165,小林愛実,26,岡山,47.0,B1,3.7,14.81,4.46,24.58,22,33.88,49,50.63,622 413,1,https://www1.mbrace.or.jp/od2/B/202608/b260812.lzh,2026-10-03T18:31:30.576605+09:00
20260812,13,尼崎,1,20260812-13-01,1,5003,来田衣織,30,兵庫,48.0,B1,5.1,36.94,3.7,18.26,29,31.25,25,30.86,656 5,9,https://www1.mbrace.or.jp/od2/B/202608/b260812.lzh,2026-10-03T18:31:30.576605+09:00
20260812,13,尼崎,1,20260812-13-01,2,4105,松下直也,46,兵庫,53.0,B1,5.4,34.41,5.78,39.09,35,40.79,57,43.75,344 53,,https://www1.mbrace.or.jp/od2/B/202608/b260812.lzh,2026-10-03T18:31:30.576605+09:00
20260812,13,尼崎,1,20260812-13-01,3,5324,畑田希咲,23,兵庫,48.0,B1,2.61,3.39,1.79,3.77,52,23.29,48,37.97,6 564,6,https://www1.mbrace.or.jp/od2/B/202608/b260812.lzh,2026-10-03T18:31:30.576605+09:00
20260812,13,尼崎,1,20260812-13-01,4,4446,和田兼輔,39,兵庫,52.0,A1,6.86,50.0,6.28,44.44,5,34.57,43,41.67,251 52,8,https://www1.mbrace.or.jp/od2/B/202608/b260812.lzh,2026-10-03T18:31:30.576605+09:00
20260812,13,尼崎,1,20260812-13-01,5,5161,登玉隼百,27,兵庫,53.0,A2,5.74,44.83,5.69,38.85,39,47.67,13,36.05,1 654,7,https://www1.mbrace.or.jp/od2/B/202608/b260812.lzh,2026-10-03T18:31:30.576605+09:00
20260812,13,尼崎,1,20260812-13-01,6,5456,今村天次,20,兵庫,51.0,B2,2.07,0.0,2.13,0.0,60,29.49,45,41.77,6 456,,https://www1.mbrace.or.jp/od2/B/202608/b260812.lzh,2026-10-03T18:31:30.576605+09:00
20260812,13,尼崎,2,20260812-13-02,1,4902,山川雄大,33,兵庫,52.0,B1,4.32,25.56,4.92,31.78,34,28.24,42,34.57,563 2,6,https://www1.mbrace.or.jp/od2/B/202608/b260812.lzh,2026-10-03T18:31:30.576605+09:00
20260812,13,尼崎,2,20260812-13-02,2,5179,藤本元輝,29,兵庫,52.0,B1,4.55,26.19,4.01,25.71,17,39.73,21,43.59,1 352,12,https://www1.mbrace.or.jp/od2/B/202608/b260812.lzh,2026-10-03T18:31:30.576605+09:00
20260812,13,尼崎,2,20260812-13-02,3,5396,近藤来希,24,兵庫,50.0,B2,2.21,3.45,1.8,2.44,31,34.15,52,29.41,4 5 53,,https://www1.mbrace.or.jp/od2/B/202608/b260812.lzh,2026-10-03T18:31:30.576605+09:00
20260812,13,尼崎,2,20260812-13-02,4,4375,照屋厚仁,42,兵庫,52.0,A2,5.66,37.04,5.92,44.34,18,45.45,58,28.75,4 411,11,https://www1.mbrace.or.jp/od2/B/202608/b260812.lzh,2026-10-03T18:31:30.576605+09:00
20260812,13,尼崎,2,20260812-13-02,5,3854,吉川元浩,53,兵庫,52.0,A1,6.85,44.23,7.38,52.89,7,30.86,19,34.48,31321,9,https://www1.mbrace.or.jp/od2/B/202608/b260812.lzh,2026-10-03T18:31:30.576605+09:00
20260812,13,尼崎,2,20260812-13-02,6,4633,森智也,37,兵庫,52.0,A2,5.46,32.41,5.61,33.83,53,34.57,30,40.96,6 325,10,https://www1.mbrace.or.jp/od2/B/202608/b260812.lzh,2026-10-03T18:31:30.576605+09:00
20260812,13,尼崎,3,20260812-13-03,1,5329,金子龍斗,22,兵庫,51.0,B1,4.82,30.65,3.18,14.29,61,42.68,60,29.49,325 15,,https://www1.mbrace.or.jp/od2/B/202608/b260812.lzh,2026-10-03T18:31:30.576605+09:00
20260812,13,尼崎,3,20260812-13-03,2,5386,米玉利大,20,兵庫,53.0,B1,3.58,14.47,2.33,2.99,30,30.86,53,36.05,6 644,8,https://www1.mbrace.or.jp/od2/B/202608/b260812.lzh,2026-10-03T18:31:30.576605+09:00
20260812,13,尼崎,3,20260812-13-03,3,5273,山下拓巳,24,兵庫,52.0,B1,3.8,18.75,3.88,19.23,1,38.75,32,35.44,6 266,10,https://www1.mbrace.or.jp/od2/B/202608/b260812.lzh,2026-10-03T18:31:30.576605+09:00
20260812,13,尼崎,3,20260812-13-03,4,4381,田路朋史,41,兵庫,52.0,A2,5.35,35.44,5.78,40.83,48,31.82,72,36.36,2 245,9,https://www1.mbrace.or.jp/od2/B/202608/b260812.lzh,2026-10-03T18:31:30.576605+09:00
20260812,13,尼崎,3,20260812-13-03,5,4290,稲田浩二,41,兵庫,51.0,A1,6.68,44.09,7.36,57.14,38,26.39,71,38.75,145 33,7,https://www1.mbrace.or.jp/od2/B/202608/b260812.lzh,2026-10-03T18:31:30.576605+09:00
20260812,13,尼崎,3,20260812-13-03,6,5440,薗頭心,20,兵庫,47.0,B2,1.92,6.67,1.47,3.33,3,40.96,18,36.99,6 5 66,,https://www1.mbrace.or.jp/od2/B/202608/b260812.lzh,2026-10-03T18:31:30.576605+09:00
20260812,13,尼崎,4,20260812-13-04,1,4648,木村亮太,42,兵庫,53.0,B1,5.4,36.99,5.35,32.14,62,25.33,22,32.91,452 2,11,https://www1.mbrace.or.jp/od2/B/202608/b260812.lzh,2026-10-03T18:31:30.576605+09:00
20260812,13,尼崎,4,20260812-13-04,2,4790,柳内敬太,36,兵庫,51.0,A1,6.38,41.67,5.71,38.1,20,27.16,41,37.5,6 6633,,https://www1.mbrace.or.jp/od2/B/202608/b260812.lzh,2026-10-03T18:31:30.576605+09:00
20260812,13,尼崎,4,20260812-13-04,3,4295,小坂尚哉,39,兵庫,53.0,A1,7.34,56.56,6.86,51.03,40,39.29,12,26.03,122 24,12,https://www1.mbrace.or.jp/od2/B/202608/b260812.lzh,2026-10-03T18:31:30.576605+09:00
20260812,13,尼崎,4,20260812-13-04,4,4965,福岡泉水,28,兵庫,50.0,B1,4.44,22.58,4.49,25.21,45,36.9,74,46.05,251 3,10,https://www1.mbrace.or.jp/od2/B/202608/b260812.lzh,2026-10-03T18:31:30.576605+09:00
20260812,13,尼崎,4,20260812-13-04,5,5470,坂口諒宗,17,兵庫,53.0,B2,1.23,0.0,1.38,0.0,14,30.12,24,31.25,5 556,,https://www1.mbrace.or.jp/od2/B/202608/b260812.lzh,2026-10-03T18:31:30.576605+09:00
20260812,13,尼崎,4,20260812-13-04,6,5297,南彩寧,24,兵庫,48.0,B1,3.78,18.48,2.45,9.76,23,57.89,73,45.78,5 446,8,https://www1.mbrace.or.jp/od2/B/202608/b260812.lzh,2026-10-03T18:31:30.576605+09:00
20260812,13,尼崎,5,20260812-13-05,1,4982,中村将隆,29,兵庫,55.0,B1,5.0,30.56,4.82,25.0,36,33.75,65,34.15,553 42,,https://www1.mbrace.or.jp/od2/B/202608/b260812.lzh,2026-10-03T18:31:30.576605+09:00
20260812,13,尼崎,5,20260812-13-05,2,5333,山下智己,22,兵庫,50.0,B2,3.49,12.77,2.79,12.5,25,40.26,38,40.24,4 345,,https://www1.mbrace.or.jp/od2/B/202608/b260812.lzh,2026-10-03T18:31:30.576605+09:00
20260812,13,尼崎,5,20260812-13-05,3,4857,加藤翔馬,29,兵庫,55.0,A1,7.32,61.98,7.11,58.43,11,33.72,75,41.03,63412,10,https://www1.mbrace.or.jp/od2/B/202608/b260812.lzh,2026-10-03T18:31:30.576605+09:00
20260812,13,尼崎,5,20260812-13-05,4,4040,廣瀬将亨,47,兵庫,58.0,A2,5.81,37.29,5.82,40.0,63,41.18,37,40.85,445 11,,https://www1.mbrace.or.jp/od2/B/202608/b260812.lzh,2026-10-03T18:31:30.576605+09:00
20260812,13,尼崎,5,20260812-13-05,5,3577,向所浩二,53,兵庫,59.0,B1,4.61,21.25,5.13,34.04,2,36.36,54,33.75,432 5,12,https://www1.mbrace.or.jp/od2/B/202608/b260812.lzh,2026-10-03T18:31:30.576605+09:00
20260812,13,尼崎,5,20260812-13-05,6,4735,角山雄哉,35,兵庫,55.0,B1,4.64,25.58,5.27,29.27,55,40.96,55,32.5,123 2,9,https://www1.mbrace.or.jp/od2/B/202608/b260812.lzh,2026-10-03T18:31:30.576605+09:00
20260812,13,尼崎,6,20260812-13-06,1,5060,数原魁,29,兵庫,52.0,A2,6.13,46.81,5.31,34.31,24,32.93,15,35.29,3 465,10,https://www1.mbrace.or.jp/od2/B/202608/b260812.lzh,2026-10-03T18:31:30.576605+09:00
20260812,13,尼崎,6,20260812-13-06,2,5324,畑田希咲,23,兵庫,48.0,B1,2.61,3.39,1.79,3.77,52,23.29,48,37.97,6 564,1,https://www1.mbrace.or.jp/od2/B/202608/b260812.lzh,2026-10-03T18:31:30.576605+09:00
20260812,13,尼崎,6,20260812-13-06,3,4512,高野哲史,37,兵庫,52.0,A1,6.98,56.0,7.24,58.06,37,39.02,46,40.91,36116,11,https://www1.mbrace.or.jp/od2/B/202608/b260812.lzh,2026-10-03T18:31:30.576605+09:00
20260812,13,尼崎,6,20260812-13-06,4,5421,原田朱理,24,兵庫,52.0,B2,1.4,1.89,1.83,4.35,49,31.33,67,29.89,5 6 66,,https://www1.mbrace.or.jp/od2/B/202608/b260812.lzh,2026-10-03T18:31:30.576605+09:00
20260812,13,尼崎,6,20260812-13-06,5,4902,山川雄大,33,兵庫,52.0,B1,4.32,25.56,4.92,31.78,34,28.24,42,34.57,563 2,2,https://www1.mbrace.or.jp/od2/B/202608/b260812.lzh,2026-10-03T18:31:30.576605+09:00
20260812,13,尼崎,6,20260812-13-06,6,3612,馬袋義則,53,兵庫,52.0,A1,6.75,55.04,6.21,46.88,8,34.12,64,38.67,224 3,12,https://www1.mbrace.or.jp/od2/B/202608/b260812.lzh,2026-10-03T18:31:30.576605+09:00
20260812,13,尼崎,7,20260812-13-07,1,4133,高橋正男,46,兵庫,52.0,A2,6.36,54.22,6.41,47.73,56,48.19,26,44.74,153 12,,https://www1.mbrace.or.jp/od2/B/202608/b260812.lzh,2026-10-03T18:31:30.576605+09:00
20260812,13,尼崎,7,20260812-13-07,2,4290,稲田浩二,41,兵庫,51.0,A1,6.68,44.09,7.36,57.14,38,26.39,71,38.75,145 33,3,https://www1.mbrace.or.jp/od2/B/202608/b260812.lzh,2026-10-03T18:31:30.576605+09:00
20260812,13,尼崎,7,20260812-13-07,3,3828,明石正之,52,兵庫,52.0,B1,5.33,29.76,5.57,39.13,33,26.92,36,50.7,266 25,,https://www1.mbrace.or.jp/od2/B/202608/b260812.lzh,2026-10-03T18:31:30.576605+09:00
20260812,13,尼崎,7,20260812-13-07,4,5161,登玉隼百,27,兵庫,53.0,A2,5.74,44.83,5.69,38.85,39,47.67,13,36.05,1 654,1,https://www1.mbrace.or.jp/od2/B/202608/b260812.lzh,2026-10-03T18:31:30.576605+09:00
20260812,13,尼崎,7,20260812-13-07,5,4365,盛本真輔,40,兵庫,52.0,A2,5.82,41.57,5.47,35.77,32,38.55,61,27.71,1 634,12,https://www1.mbrace.or.jp/od2/B/202608/b260812.lzh,2026-10-03T18:31:30.576605+09:00
20260812,13,尼崎,7,20260812-13-07,6,4725,佐竹太一,39,兵庫,53.0,B1,4.84,23.66,4.73,26.37,12,50.0,35,38.46,123 43,,https://www1.mbrace.or.jp/od2/B/202608/b260812.lzh,2026-10-03T18:31:30.576605+09:00
20260812,13,尼崎,8,20260812-13-08,1,4446,和田兼輔,39,兵庫,52.0,A1,6.86,50.0,6.28,44.44,5,34.57,43,41.67,251 52,1,https://www1.mbrace.or.jp/od2/B/202608/b260812.lzh,2026-10-03T18:31:30.576605+09:00
20260812,13,尼崎,8,20260812-13-08,2,5297,南彩寧,24,兵庫,48.0,B1,3.78,18.48,2.45,9.76,23,57.89,73,45.78,5 446,4,https://www1.mbrace.or.jp/od2/B/202608/b260812.lzh,2026-10-03T18:31:30.576605+09:00
20260812,13,尼崎,8,20260812-13-08,3,5126,山下大輝,29,兵庫,52.0,A1,6.9,51.49,5.35,35.26,4,51.95,39,32.91,1 1432,,https://www1.mbrace.or.jp/od2/B/202608/b260812.lzh,2026-10-03T18:31:30.576605+09:00
20260812,13,尼崎,8,20260812-13-08,4,5386,米玉利大,20,兵庫,53.0,B1,3.58,14.47,2.33,2.99,30,30.86,53,36.05,6 644,3,https://www1.mbrace.or.jp/od2/B/202608/b260812.lzh,2026-10-03T18:31:30.576605+09:00
20260812,13,尼崎,8,20260812-13-08,5,5247,大森翼,24,兵庫,52.0,B1,4.62,20.59,4.45,22.45,54,46.05,49,36.62,3 2646,,https://www1.mbrace.or.jp/od2/B/202608/b260812.lzh,2026-10-03T18:31:30.576605+09:00
20260812,13,尼崎,8,20260812-13-08,6,4025,山本隆幸,48,兵庫,53.0,A1,6.62,52.38,5.99,43.75,44,36.36,14,28.57,311 24,,https://www1.mbrace.or.jp/od2/B/202608/b260812.lzh,2026-10-03T18:31:30.576605+09:00
20260812,13,尼崎,9,20260812-13-09,1,4381,田路朋史,41,兵庫,52.0,A2,5.35,35.44,5.78,40.83,48,31.82,72,36.36,2 245,3,https://www1.mbrace.or.jp/od2/B/202608/b260812.lzh,2026-10-03T18:31:30.576605+09:00
20260812,13,尼崎,9,20260812-13-09,2,3854,吉川元浩,53,兵庫,52.0,A1,6.85,44.23,7.38,52.89,7,30.86,19,34.48,31321,2,https://www1.mbrace.or.jp/od2/B/202608/b260812.lzh,2026-10-03T18:31:30.576605+09:00
20260812,13,尼崎,9,20260812-13-09,3,5003,来田衣織,30,兵庫,48.0,B1,5.1,36.94,3.7,18.26,29,31.25,25,30.86,656 5,1,https://www1.mbrace.or.jp/od2/B/202608/b260812.lzh,2026-10-03T18:31:30.576605+09:00
20260812,13,尼崎,9,20260812-13-09,4,4735,角山雄哉,35,兵庫,55.0,B1,4.64,25.58,5.27,29.27,55,40.96,55,32.5,123 2,5,https://www1.mbrace.or.jp/od2/B/202608/b260812.lzh,2026-10-03T18:31:30.576605+09:00
20260812,13,尼崎,9,20260812-13-09,5,4543,重木輝彦,38,兵庫,53.0,A1,6.61,47.17,6.46,47.2,57,33.33,62,27.71,431 44,,https://www1.mbrace.or.jp/od2/B/202608/b260812.lzh,2026-10-03T18:31:30.576605+09:00
20260812,13,尼崎,9,20260812-13-09,6,4278,藤岡俊介,43,兵庫,52.0,A1,6.89,56.1,6.98,55.97,15,38.16,50,30.23,511 31,,https://www1.mbrace.or.jp/od2/B/202608/b260812.lzh,2026-10-03T18:31:30.576605+09:00
20260812,13,尼崎,10,20260812-13-10,1,4857,加藤翔馬,29,兵庫,55.0,A1,7.32,61.98,7.11,58.43,11,33.72,75,41.03,63412,5,https://www1.mbrace.or.jp/od2/B/202608/b260812.lzh,2026-10-03T18:31:30.576605+09:00
20260812,13,尼崎,10,20260812-13-10,2,5273,山下拓巳,24,兵庫,52.0,B1,3.8,18.75,3.88,19.23,1,38.75,32,35.44,6 266,3,https://www1.mbrace.or.jp/od2/B/202608/b260812.lzh,2026-10-03T18:31:30.576605+09:00
20260812,13,尼崎,10,20260812-13-10,3,4633,森智也,37,兵庫,52.0,A2,5.46,32.41,5.61,33.83,53,34.57,30,40.96,6 325,2,https://www1.mbrace.or.jp/od2/B/202608/b260812.lzh,2026-10-03T18:31:30.576605+09:00
20260812,13,尼崎,10,20260812-13-10,4,5060,数原魁,29,兵庫,52.0,A2,6.13,46.81,5.31,34.31,24,32.93,15,35.29,3 465,6,https://www1.mbrace.or.jp/od2/B/202608/b260812.lzh,2026-10-03T18:31:30.576605+09:00
20260812,13,尼崎,10,20260812-13-10,5,4965,福岡泉水,28,兵庫,50.0,B1,4.44,22.58,4.49,25.21,45,36.9,74,46.05,251 3,4,https://www1.mbrace.or.jp/od2/B/202608/b260812.lzh,2026-10-03T18:31:30.576605+09:00
20260812,13,尼崎,10,20260812-13-10,6,4925,森悠稀,33,兵庫,53.0,A2,5.9,35.0,5.9,33.03,26,45.95,59,36.14,4 5231,,https://www1.mbrace.or.jp/od2/B/202608/b260812.lzh,2026-10-03T18:31:30.576605+09:00
20260812,13,尼崎,11,20260812-13-11,1,4512,高野哲史,37,兵庫,52.0,A1,6.98,56.0,7.24,58.06,37,39.02,46,40.91,36116,6,https://www1.mbrace.or.jp/od2/B/202608/b260812.lzh,2026-10-03T18:31:30.576605+09:00
20260812,13,尼崎,11,20260812-13-11,2,4654,篠田優也,40,兵庫,54.0,A1,6.44,44.33,6.45,46.75,9,45.68,56,43.66,4 1216,,https://www1.mbrace.or.jp/od2/B/202608/b260812.lzh,2026-10-03T18:31:30.576605+09:00
20260812,13,尼崎,11,20260812-13-11,3,4375,照屋厚仁,42,兵庫,52.0,A2,5.66,37.04,5.92,44.34,18,45.45,58,28.75,4 411,2,https://www1.mbrace.or.jp/od2/B/202608/b260812.lzh,2026-10-03T18:31:30.576605+09:00
20260812,13,尼崎,11,20260812-13-11,4,4648,木村亮太,42,兵庫,53.0,B1,5.4,36.99,5.35,32.14,62,25.33,22,32.91,452 2,4,https://www1.mbrace.or.jp/od2/B/202608/b260812.lzh,2026-10-03T18:31:30.576605+09:00
20260812,13,尼崎,11,20260812-13-11,5,4877,鈴谷一平,31,兵庫,55.0,A1,6.24,47.22,6.43,48.7,10,30.49,34,37.97,2 3315,,https://www1.mbrace.or.jp/od2/B/202608/b260812.lzh,2026-10-03T18:31:30.576605+09:00
20260812,13,尼崎,11,20260812-13-11,6,4472,尾嶋一広,39,兵庫,57.0,A1,6.47,44.74,6.56,48.73,16,42.68,33,33.72,3 1214,,https://www1.mbrace.or.jp/od2/B/202608/b260812.lzh,2026-10-03T18:31:30.576605+09:00
20260812,13,尼崎,12,20260812-13-12,1,4295,小坂尚哉,39,兵庫,53.0,A1,7.34,56.56,6.86,51.03,40,39.29,12,26.03,122 24,4,https://www1.mbrace.or.jp/od2/B/202608/b260812.lzh,2026-10-03T18:31:30.576605+09:00
20260812,13,尼崎,12,20260812-13-12,2,3577,向所浩二,53,兵庫,59.0,B1,4.61,21.25,5.13,34.04,2,36.36,54,33.75,432 5,5,https://www1.mbrace.or.jp/od2/B/202608/b260812.lzh,2026-10-03T18:31:30.576605+09:00
20260812,13,尼崎,12,20260812-13-12,3,3612,馬袋義則,53,兵庫,52.0,A1,6.75,55.04,6.21,46.88,8,34.12,64,38.67,224 3,6,https://www1.mbrace.or.jp/od2/B/202608/b260812.lzh,2026-10-03T18:31:30.576605+09:00
20260812,13,尼崎,12,20260812-13-12,4,4365,盛本真輔,40,兵庫,52.0,A2,5.82,41.57,5.47,35.77,32,38.55,61,27.71,1 634,7,https://www1.mbrace.or.jp/od2/B/202608/b260812.lzh,2026-10-03T18:31:30.576605+09:00
20260812,13,尼崎,12,20260812-13-12,5,4002,古結宏,48,兵庫,52.0,A1,6.44,46.79,7.13,55.26,13,39.74,44,31.58,232 16,,https://www1.mbrace.or.jp/od2/B/202608/b260812.lzh,2026-10-03T18:31:30.576605+09:00
20260812,13,尼崎,12,20260812-13-12,6,5179,藤本元輝,29,兵庫,52.0,B1,4.55,26.19,4.01,25.71,17,39.73,21,43.59,1 352,2,https://www1.mbrace.or.jp/od2/B/202608/b260812.lzh,2026-10-03T18:31:30.576605+09:00
20260812,08,常滑,1,20260812-08-01,1,4570,前田聖文,38,愛知,54.0,A1,6.0,37.5,6.98,52.75,37,32.51,52,27.59,4 56,11,https://www1.mbrace.or.jp/od2/B/202608/b260812.lzh,2026-10-03T18:31:30.576605+09:00
20260812,08,常滑,1,20260812-08-01,2,5082,一色凌雅,27,愛知,57.0,B1,5.23,33.64,4.14,14.29,57,33.85,18,37.93,222,9,https://www1.mbrace.or.jp/od2/B/202608/b260812.lzh,2026-10-03T18:31:30.576605+09:00
20260812,08,常滑,1,20260812-08-01,3,4979,中野夢斗,30,愛知,53.0,B1,4.88,30.3,4.91,29.85,39,41.36,76,38.46,5 S4,8,https://www1.mbrace.or.jp/od2/B/202608/b260812.lzh,2026-10-03T18:31:30.576605+09:00
20260812,08,常滑,1,20260812-08-01,4,5074,大澤誠也,30,愛知,56.0,B1,4.16,20.0,4.2,20.0,31,42.16,67,35.71,543,7,https://www1.mbrace.or.jp/od2/B/202608/b260812.lzh,2026-10-03T18:31:30.576605+09:00
20260812,08,常滑,1,20260812-08-01,5,5318,河内一馬,25,愛知,54.0,B1,3.92,18.68,2.08,3.13,9,42.86,69,32.14,234,6,https://www1.mbrace.or.jp/od2/B/202608/b260812.lzh,2026-10-03T18:31:30.576605+09:00
20260812,08,常滑,1,20260812-08-01,6,3831,安藤裕貴,52,愛知,54.0,B1,4.21,25.84,5.0,34.38,32,29.9,33,11.11,352,10,https://www1.mbrace.or.jp/od2/B/202608/b260812.lzh,2026-10-03T18:31:30.576605+09:00
20260812,08,常滑,2,20260812-08-02,1,3302,谷川里江,59,愛知,46.0,B1,5.38,39.34,5.51,36.84,45,30.66,75,33.33,461,6,https://www1.mbrace.or.jp/od2/B/202608/b260812.lzh,2026-10-03T18:31:30.576605+09:00
20260812,08,常滑,2,20260812-08-02,2,4678,水野望美,37,愛知,46.0,B1,4.66,27.03,5.49,38.67,38,31.13,42,21.43,5 32,,https://www1.mbrace.or.jp/od2/B/202608/b260812.lzh,2026-10-03T18:31:30.576605+09:00
20260812,08,常滑,2,20260812-08-02,3,3528,笠野友紀,55,愛知,48.0,B1,4.14,14.1,3.99,19.48,60,33.64,53,48.15,2 65,,https://www1.mbrace.or.jp/od2/B/202608/b260812.lzh,2026-10-03T18:31:30.576605+09:00
20260812,08,常滑,2,20260812-08-02,4,5347,井澤聖奈,22,愛知,45.0,B2,1.64,0.0,1.28,0.0,24,33.01,72,41.67,3 46,,https://www1.mbrace.or.jp/od2/B/202608/b260812.lzh,2026-10-03T18:31:30.576605+09:00
20260812,08,常滑,2,20260812-08-02,5,5410,今泉澪,21,愛知,50.0,B2,2.13,6.25,1.15,0.0,3,46.57,66,32.0,565,9,https://www1.mbrace.or.jp/od2/B/202608/b260812.lzh,2026-10-03T18:31:30.576605+09:00
20260812,08,常滑,2,20260812-08-02,6,4901,出口舞有,33,愛知,45.0,B1,5.54,31.76,0.0,0.0,7,33.33,19,37.04,565,7,https://www1.mbrace.or.jp/od2/B/202608/b260812.lzh,2026-10-03T18:31:30.576605+09:00
20260812,08,常滑,3,20260812-08-03,1,5232,樅山拓馬,28,愛知,52.0,B1,5.19,28.89,2.74,5.26,28,29.7,35,27.59,422,8,https://www1.mbrace.or.jp/od2/B/202608/b260812.lzh,2026-10-03T18:31:30.576605+09:00
20260812,08,常滑,3,20260812-08-03,2,4016,西川新太,46,愛知,57.0,B1,5.5,33.66,6.02,42.0,14,49.75,43,33.33,644,11,https://www1.mbrace.or.jp/od2/B/202608/b260812.lzh,2026-10-03T18:31:30.576605+09:00
20260812,08,常滑,3,20260812-08-03,3,4527,高野心吾,38,愛知,52.0,B1,4.44,24.36,4.18,21.62,54,29.69,60,56.25,634,10,https://www1.mbrace.or.jp/od2/B/202608/b260812.lzh,2026-10-03T18:31:30.576605+09:00
20260812,08,常滑,3,20260812-08-03,4,5472,中川海虹,16,愛知,42.0,B2,1.0,0.0,1.0,0.0,4,32.51,64,40.63,666,7,https://www1.mbrace.or.jp/od2/B/202608/b260812.lzh,2026-10-03T18:31:30.576605+09:00
20260812,08,常滑,3,20260812-08-03,5,5002,上田健太,30,愛知,52.0,A2,5.37,32.67,5.52,39.24,1,35.2,74,40.74,133,12,https://www1.mbrace.or.jp/od2/B/202608/b260812.lzh,2026-10-03T18:31:30.576605+09:00
20260812,08,常滑,3,20260812-08-03,6,3554,仲口博崇,54,愛知,53.0,A1,6.47,51.91,6.9,54.55,10,41.23,28,26.92,3511,9,https://www1.mbrace.or.jp/od2/B/202608/b260812.lzh,2026-10-03T18:31:30.576605+09:00
20260812,08,常滑,4,20260812-08-04,1,4665,加藤啓太,42,愛知,52.0,B1,4.08,17.44,4.61,25.81,59,41.21,56,24.14,352,8,https://www1.mbrace.or.jp/od2/B/202608/b260812.lzh,2026-10-03T18:31:30.576605+09:00
20260812,08,常滑,4,20260812-08-04,2,4752,西尾亮輔,38,愛知,51.0,B1,4.2,21.69,4.27,20.97,29,34.78,50,37.04,5 56,,https://www1.mbrace.or.jp/od2/B/202608/b260812.lzh,2026-10-03T18:31:30.576605+09:00
20260812,08,常滑,4,20260812-08-04,3,4526,池田雄祐,38,愛知,51.0,A2,4.82,26.32,6.35,47.37,53,39.0,46,26.92,443,9,https://www1.mbrace.or.jp/od2/B/202608/b260812.lzh,2026-10-03T18:31:30.576605+09:00
20260812,08,常滑,4,20260812-08-04,4,3929,杢野誓良,50,愛知,51.0,B1,4.06,17.98,4.48,22.62,50,34.36,57,51.52,4 24,,https://www1.mbrace.or.jp/od2/B/202608/b260812.lzh,2026-10-03T18:31:30.576605+09:00
20260812,08,常滑,4,20260812-08-04,5,4409,坂元浩仁,40,愛知,56.0,A1,6.31,47.87,6.56,48.89,40,32.5,44,50.0,1615,11,https://www1.mbrace.or.jp/od2/B/202608/b260812.lzh,2026-10-03T18:31:30.576605+09:00
20260812,08,常滑,4,20260812-08-04,6,4837,酒井陽祐,37,愛知,51.0,B1,4.88,31.71,4.91,33.96,30,43.01,65,38.1,153,10,https://www1.mbrace.or.jp/od2/B/202608/b260812.lzh,2026-10-03T18:31:30.576605+09:00
20260812,08,常滑,5,20260812-08-05,1,4604,岩瀬裕亮,38,愛知,52.0,A1,7.24,51.54,7.38,57.94,47,33.5,24,25.93,2315,10,https://www1.mbrace.or.jp/od2/B/202608/b260812.lzh,2026-10-03T18:31:30.576605+09:00
20260812,08,常滑,5,20260812-08-05,2,3542,清水紀克,57,愛知,57.0,B1,4.12,20.43,4.08,20.22,51,35.15,55,43.33,1 35,11,https://www1.mbrace.or.jp/od2/B/202608/b260812.lzh,2026-10-03T18:31:30.576605+09:00
20260812,08,常滑,5,20260812-08-05,3,5125,高井雄基,30,愛知,52.0,A2,5.06,28.13,5.61,33.33,12,41.84,12,10.71,1 15,9,https://www1.mbrace.or.jp/od2/B/202608/b260812.lzh,2026-10-03T18:31:30.576605+09:00
20260812,08,常滑,5,20260812-08-05,4,5405,竹内来,22,愛知,52.0,B1,2.19,0.0,1.52,0.0,20,33.17,29,23.08,6 56,,https://www1.mbrace.or.jp/od2/B/202608/b260812.lzh,2026-10-03T18:31:30.576605+09:00
20260812,08,常滑,5,20260812-08-05,5,4142,平野和明,45,愛知,54.0,A2,5.7,32.14,5.29,24.68,55,26.92,63,31.03,622,12,https://www1.mbrace.or.jp/od2/B/202608/b260812.lzh,2026-10-03T18:31:30.576605+09:00
20260812,08,常滑,5,20260812-08-05,6,3690,河合三弘,55,愛知,52.0,B1,4.87,31.0,4.32,22.0,36,31.19,20,35.71,2 34,,https://www1.mbrace.or.jp/od2/B/202608/b260812.lzh,2026-10-03T18:31:30.576605+09:00
20260812,08,常滑,6,20260812-08-06,1,5252,荒木颯斗,23,愛知,52.0,A2,5.93,41.74,5.03,31.94,42,39.5,41,17.24,1 24,10,https://www1.mbrace.or.jp/od2/B/202608/b260812.lzh,2026-10-03T18:31:30.576605+09:00
20260812,08,常滑,6,20260812-08-06,2,3315,広瀬聖仁,60,愛知,53.0,B1,4.31,22.67,4.99,27.06,8,34.95,34,43.75,3 24,,https://www1.mbrace.or.jp/od2/B/202608/b260812.lzh,2026-10-03T18:31:30.576605+09:00
20260812,08,常滑,6,20260812-08-06,3,3302,谷川里江,59,愛知,46.0,B1,5.38,39.34,5.51,36.84,45,30.66,75,33.33,461,2,https://www1.mbrace.or.jp/od2/B/202608/b260812.lzh,2026-10-03T18:31:30.576605+09:00
20260812,08,常滑,6,20260812-08-06,4,5318,河内一馬,25,愛知,54.0,B1,3.92,18.68,2.08,3.13,9,42.86,69,32.14,234,1,https://www1.mbrace.or.jp/od2/B/202608/b260812.lzh,2026-10-03T18:31:30.576605+09:00
20260812,08,常滑,6,20260812-08-06,5,4084,杉山正樹,46,愛知,56.0,A1,6.44,43.61,6.74,48.87,13,31.44,15,20.0,5411,12,https://www1.mbrace.or.jp/od2/B/202608/b260812.lzh,2026-10-03T18:31:30.576605+09:00
20260812,08,常滑,6,20260812-08-06,6,3999,大瀧明日,47,愛知,45.0,A2,6.29,47.86,5.98,41.82,52,34.67,32,38.89,1212,11,https://www1.mbrace.or.jp/od2/B/202608/b260812.lzh,2026-10-03T18:31:30.576605+09:00
20260812,08,常滑,7,20260812-08-07,1,5074,大澤誠也,30,愛知,56.0,B1,4.16,20.0,4.2,20.0,31,42.16,67,35.71,543,1,https://www1.mbrace.or.jp/od2/B/202608/b260812.lzh,2026-10-03T18:31:30.576605+09:00
20260812,08,常滑,7,20260812-08-07,2,4074,柳沢一,45,愛知,52.0,A1,6.54,48.33,6.73,52.88,16,37.02,22,43.75,3235,11,https://www1.mbrace.or.jp/od2/B/202608/b260812.lzh,2026-10-03T18:31:30.576605+09:00
20260812,08,常滑,7,20260812-08-07,3,4850,野中一平,31,愛知,53.0,A2,6.18,42.5,6.2,43.9,19,34.15,14,41.38,111,12,https://www1.mbrace.or.jp/od2/B/202608/b260812.lzh,2026-10-03T18:31:30.576605+09:00
20260812,08,常滑,7,20260812-08-07,4,4901,出口舞有,33,愛知,45.0,B1,5.54,31.76,0.0,0.0,7,33.33,19,37.04,565,2,https://www1.mbrace.or.jp/od2/B/202608/b260812.lzh,2026-10-03T18:31:30.576605+09:00
20260812,08,常滑,7,20260812-08-07,5,5472,中川海虹,16,愛知,42.0,B2,1.0,0.0,1.0,0.0,4,32.51,64,40.63,666,3,https://www1.mbrace.or.jp/od2/B/202608/b260812.lzh,2026-10-03T18:31:30.576605+09:00
20260812,08,常滑,7,20260812-08-07,6,4118,宇佐見淳,45,愛知,53.0,A2,5.72,36.44,6.0,39.76,25,28.99,54,18.52,1363,,https://www1.mbrace.or.jp/od2/B/202608/b260812.lzh,2026-10-03T18:31:30.576605+09:00
20260812,08,常滑,8,20260812-08-08,1,4979,中野夢斗,30,愛知,53.0,B1,4.88,30.3,4.91,29.85,39,41.36,76,38.46,5 S4,1,https://www1.mbrace.or.jp/od2/B/202608/b260812.lzh,2026-10-03T18:31:30.576605+09:00
20260812,08,常滑,8,20260812-08-08,2,4630,岩永雅人,39,愛知,53.0,A2,6.03,38.81,6.33,48.19,35,44.88,26,51.85,4 52,,https://www1.mbrace.or.jp/od2/B/202608/b260812.lzh,2026-10-03T18:31:30.576605+09:00
20260812,08,常滑,8,20260812-08-08,3,5232,樅山拓馬,28,愛知,52.0,B1,5.19,28.89,2.74,5.26,28,29.7,35,27.59,422,3,https://www1.mbrace.or.jp/od2/B/202608/b260812.lzh,2026-10-03T18:31:30.576605+09:00
20260812,08,常滑,8,20260812-08-08,4,3941,池田浩二,48,愛知,54.0,A1,7.64,46.96,8.03,64.71,41,33.01,71,33.33,2141,12,https://www1.mbrace.or.jp/od2/B/202608/b260812.lzh,2026-10-03T18:31:30.576605+09:00
20260812,08,常滑,8,20260812-08-08,5,4665,加藤啓太,42,愛知,52.0,B1,4.08,17.44,4.61,25.81,59,41.21,56,24.14,352,4,https://www1.mbrace.or.jp/od2/B/202608/b260812.lzh,2026-10-03T18:31:30.576605+09:00
20260812,08,常滑,8,20260812-08-08,6,4293,鈴木智啓,41,愛知,60.0,B1,4.98,30.0,5.05,32.81,21,35.5,36,41.67,4 33,,https://www1.mbrace.or.jp/od2/B/202608/b260812.lzh,2026-10-03T18:31:30.576605+09:00
20260812,08,常滑,9,20260812-08-09,1,5082,一色凌雅,27,愛知,57.0,B1,5.23,33.64,4.14,14.29,57,33.85,18,37.93,222,1,https://www1.mbrace.or.jp/od2/B/202608/b260812.lzh,2026-10-03T18:31:30.576605+09:00
20260812,08,常滑,9,20260812-08-09,2,4526,池田雄祐,38,愛知,51.0,A2,4.82,26.32,6.35,47.37,53,39.0,46,26.92,443,4,https://www1.mbrace.or.jp/od2/B/202608/b260812.lzh,2026-10-03T18:31:30.576605+09:00
20260812,08,常滑,9,20260812-08-09,3,3554,仲口博崇,54,愛知,53.0,A1,6.47,51.91,6.9,54.55,10,41.23,28,26.92,3511,3,https://www1.mbrace.or.jp/od2/B/202608/b260812.lzh,2026-10-03T18:31:30.576605+09:00
20260812,08,常滑,9,20260812-08-09,4,5410,今泉澪,21,愛知,50.0,B2,2.13,6.25,1.15,0.0,3,46.57,66,32.0,565,2,https://www1.mbrace.or.jp/od2/B/202608/b260812.lzh,2026-10-03T18:31:30.576605+09:00
20260812,08,常滑,9,20260812-08-09,5,3687,花田和明,56,愛知,52.0,B1,4.97,29.89,5.12,30.0,26,34.43,11,37.04,2 13,,https://www1.mbrace.or.jp/od2/B/202608/b260812.lzh,2026-10-03T18:31:30.576605+09:00
20260812,08,常滑,9,20260812-08-09,6,5125,高井雄基,30,愛知,52.0,A2,5.06,28.13,5.61,33.33,12,41.84,12,10.71,1 15,5,https://www1.mbrace.or.jp/od2/B/202608/b260812.lzh,2026-10-03T18:31:30.576605+09:00
20260812,08,常滑,10,20260812-08-10,1,4435,服部達哉,40,愛知,54.0,A2,5.63,36.78,4.87,29.85,5,36.15,59,26.32,4 26,,https://www1.mbrace.or.jp/od2/B/202608/b260812.lzh,2026-10-03T18:31:30.576605+09:00
20260812,08,常滑,10,20260812-08-10,2,3831,安藤裕貴,52,愛知,54.0,B1,4.21,25.84,5.0,34.38,32,29.9,33,11.11,352,1,https://www1.mbrace.or.jp/od2/B/202608/b260812.lzh,2026-10-03T18:31:30.576605+09:00
20260812,08,常滑,10,20260812-08-10,3,4837,酒井陽祐,37,愛知,51.0,B1,4.88,31.71,4.91,33.96,30,43.01,65,38.1,153,4,https://www1.mbrace.or.jp/od2/B/202608/b260812.lzh,2026-10-03T18:31:30.576605+09:00
20260812,08,常滑,10,20260812-08-10,4,5252,荒木颯斗,23,愛知,52.0,A2,5.93,41.74,5.03,31.94,42,39.5,41,17.24,1 24,6,https://www1.mbrace.or.jp/od2/B/202608/b260812.lzh,2026-10-03T18:31:30.576605+09:00
20260812,08,常滑,10,20260812-08-10,5,4604,岩瀬裕亮,38,愛知,52.0,A1,7.24,51.54,7.38,57.94,47,33.5,24,25.93,2315,5,https://www1.mbrace.or.jp/od2/B/202608/b260812.lzh,2026-10-03T18:31:30.576605+09:00
20260812,08,常滑,10,20260812-08-10,6,4527,高野心吾,38,愛知,52.0,B1,4.44,24.36,4.18,21.62,54,29.69,60,56.25,634,3,https://www1.mbrace.or.jp/od2/B/202608/b260812.lzh,2026-10-03T18:31:30.576605+09:00
20260812,08,常滑,11,20260812-08-11,1,4409,坂元浩仁,40,愛知,56.0,A1,6.31,47.87,6.56,48.89,40,32.5,44,50.0,1615,4,https://www1.mbrace.or.jp/od2/B/202608/b260812.lzh,2026-10-03T18:31:30.576605+09:00
20260812,08,常滑,11,20260812-08-11,2,4570,前田聖文,38,愛知,54.0,A1,6.0,37.5,6.98,52.75,37,32.51,52,27.59,4 56,1,https://www1.mbrace.or.jp/od2/B/202608/b260812.lzh,2026-10-03T18:31:30.576605+09:00
20260812,08,常滑,11,20260812-08-11,3,3542,清水紀克,57,愛知,57.0,B1,4.12,20.43,4.08,20.22,51,35.15,55,43.33,1 35,5,https://www1.mbrace.or.jp/od2/B/202608/b260812.lzh,2026-10-03T18:31:30.576605+09:00
20260812,08,常滑,11,20260812-08-11,4,3999,大瀧明日,47,愛知,45.0,A2,6.29,47.86,5.98,41.82,52,34.67,32,38.89,1212,6,https://www1.mbrace.or.jp/od2/B/202608/b260812.lzh,2026-10-03T18:31:30.576605+09:00
20260812,08,常滑,11,20260812-08-11,5,4016,西川新太,46,愛知,57.0,B1,5.5,33.66,6.02,42.0,14,49.75,43,33.33,644,3,https://www1.mbrace.or.jp/od2/B/202608/b260812.lzh,2026-10-03T18:31:30.576605+09:00
20260812,08,常滑,11,20260812-08-11,6,4074,柳沢一,45,愛知,52.0,A1,6.54,48.33,6.73,52.88,16,37.02,22,43.75,3235,7,https://www1.mbrace.or.jp/od2/B/202608/b260812.lzh,2026-10-03T18:31:30.576605+09:00
20260812,08,常滑,12,20260812-08-12,1,4084,杉山正樹,46,愛知,56.0,A1,6.44,43.61,6.74,48.87,13,31.44,15,20.0,5411,6,https://www1.mbrace.or.jp/od2/B/202608/b260812.lzh,2026-10-03T18:31:30.576605+09:00
20260812,08,常滑,12,20260812-08-12,2,4142,平野和明,45,愛知,54.0,A2,5.7,32.14,5.29,24.68,55,26.92,63,31.03,622,5,https://www1.mbrace.or.jp/od2/B/202608/b260812.lzh,2026-10-03T18:31:30.576605+09:00
20260812,08,常滑,12,20260812-08-12,3,3941,池田浩二,48,愛知,54.0,A1,7.64,46.96,8.03,64.71,41,33.01,71,33.33,2141,8,https://www1.mbrace.or.jp/od2/B/202608/b260812.lzh,2026-10-03T18:31:30.576605+09:00
20260812,08,常滑,12,20260812-08-12,4,5002,上田健太,30,愛知,52.0,A2,5.37,32.67,5.52,39.24,1,35.2,74,40.74,133,3,https://www1.mbrace.or.jp/od2/B/202608/b260812.lzh,2026-10-03T18:31:30.576605+09:00
20260812,08,常滑,12,20260812-08-12,5,4850,野中一平,31,愛知,53.0,A2,6.18,42.5,6.2,43.9,19,34.15,14,41.38,111,7,https://www1.mbrace.or.jp/od2/B/202608/b260812.lzh,2026-10-03T18:31:30.576605+09:00
20260812,08,常滑,12,20260812-08-12,6,4910,中村泰平,30,愛知,51.0,A1,7.08,57.29,6.58,49.35,56,28.42,73,44.83,3164,,https://www1.mbrace.or.jp/od2/B/202608/b260812.lzh,2026-10-03T18:31:30.576605+09:00
20260812,07,蒲郡,1,20260812-07-01,1,3519,冨田秀幸,58,愛知,52.0,B1,4.07,18.31,3.73,18.18,28,0.0,22,0.0,4,9,https://www1.mbrace.or.jp/od2/B/202608/b260812.lzh,2026-10-03T18:31:30.576605+09:00
20260812,07,蒲郡,1,20260812-07-01,2,5340,樋江井舞,25,愛知,45.0,B1,4.49,25.51,3.28,16.67,13,0.0,19,0.0,6,7,https://www1.mbrace.or.jp/od2/B/202608/b260812.lzh,2026-10-03T18:31:30.576605+09:00
20260812,07,蒲郡,1,20260812-07-01,3,4215,吉島祥之,41,愛知,56.0,A2,5.31,33.33,5.89,43.16,64,0.0,24,0.0,6,10,https://www1.mbrace.or.jp/od2/B/202608/b260812.lzh,2026-10-03T18:31:30.576605+09:00
20260812,07,蒲郡,1,20260812-07-01,4,3893,汐崎正則,50,愛知,54.0,B1,5.53,34.94,4.97,34.21,57,0.0,21,0.0,64,,https://www1.mbrace.or.jp/od2/B/202608/b260812.lzh,2026-10-03T18:31:30.576605+09:00
20260812,07,蒲郡,1,20260812-07-01,5,5444,林風音,18,愛知,58.0,B2,1.33,1.37,1.3,0.0,55,0.0,13,0.0,6,6,https://www1.mbrace.or.jp/od2/B/202608/b260812.lzh,2026-10-03T18:31:30.576605+09:00
20260812,07,蒲郡,1,20260812-07-01,6,3637,齋藤和政,55,愛知,54.0,B1,3.64,15.79,5.0,26.32,63,0.0,43,0.0,45,,https://www1.mbrace.or.jp/od2/B/202608/b260812.lzh,2026-10-03T18:31:30.576605+09:00
20260812,07,蒲郡,2,20260812-07-02,1,3934,鋤柄貴俊,49,愛知,53.0,B1,4.98,24.41,5.32,30.51,21,0.0,45,0.0,2,10,https://www1.mbrace.or.jp/od2/B/202608/b260812.lzh,2026-10-03T18:31:30.576605+09:00
20260812,07,蒲郡,2,20260812-07-02,2,5230,石原凪紗,22,愛知,45.0,B1,4.76,32.5,4.11,25.93,59,0.0,30,0.0,45,,https://www1.mbrace.or.jp/od2/B/202608/b260812.lzh,2026-10-03T18:31:30.576605+09:00
20260812,07,蒲郡,2,20260812-07-02,3,4989,石原翼,29,静岡,52.0,A2,6.0,40.17,5.65,30.0,56,0.0,12,0.0,2,11,https://www1.mbrace.or.jp/od2/B/202608/b260812.lzh,2026-10-03T18:31:30.576605+09:00
20260812,07,蒲郡,2,20260812-07-02,4,4731,間野兼礼,37,愛知,52.0,B1,5.15,27.27,5.11,24.32,19,0.0,38,0.0,2,8,https://www1.mbrace.or.jp/od2/B/202608/b260812.lzh,2026-10-03T18:31:30.576605+09:00
20260812,07,蒲郡,2,20260812-07-02,5,4035,杉江浩明,47,愛知,52.0,B1,3.91,23.01,4.29,20.83,17,0.0,32,0.0,4,7,https://www1.mbrace.or.jp/od2/B/202608/b260812.lzh,2026-10-03T18:31:30.576605+09:00
20260812,07,蒲郡,2,20260812-07-02,6,4960,黒野元基,30,愛知,53.0,A1,7.44,60.68,7.25,61.4,16,0.0,35,0.0,25,12,https://www1.mbrace.or.jp/od2/B/202608/b260812.lzh,2026-10-03T18:31:30.576605+09:00
20260812,07,蒲郡,3,20260812-07-03,1,5197,中野仁照,24,愛知,54.0,B2,5.82,40.54,7.06,60.0,29,0.0,11,0.0,33,,https://www1.mbrace.or.jp/od2/B/202608/b260812.lzh,2026-10-03T18:31:30.576605+09:00
20260812,07,蒲郡,3,20260812-07-03,2,4903,吉田凌太,32,愛知,51.0,A1,6.39,47.79,7.21,59.02,23,0.0,56,0.0,31,,https://www1.mbrace.or.jp/od2/B/202608/b260812.lzh,2026-10-03T18:31:30.576605+09:00
20260812,07,蒲郡,3,20260812-07-03,3,5098,大江純,30,愛知,53.0,B1,5.19,33.68,5.11,28.95,62,0.0,20,0.0,4,11,https://www1.mbrace.or.jp/od2/B/202608/b260812.lzh,2026-10-03T18:31:30.576605+09:00
20260812,07,蒲郡,3,20260812-07-03,4,5439,志賀美優,20,愛知,49.0,B2,1.58,1.52,1.18,0.0,26,0.0,47,0.0,66,,https://www1.mbrace.or.jp/od2/B/202608/b260812.lzh,2026-10-03T18:31:30.576605+09:00
20260812,07,蒲郡,3,20260812-07-03,5,3848,川上聡介,49,愛知,55.0,B1,4.78,32.22,5.26,37.93,46,0.0,33,0.0,2,8,https://www1.mbrace.or.jp/od2/B/202608/b260812.lzh,2026-10-03T18:31:30.576605+09:00
20260812,07,蒲郡,3,20260812-07-03,6,5068,前田滉,26,愛知,51.0,A1,7.84,64.84,7.29,61.29,47,0.0,37,0.0,16,9,https://www1.mbrace.or.jp/od2/B/202608/b260812.lzh,2026-10-03T18:31:30.576605+09:00
20260812,07,蒲郡,4,20260812-07-04,1,4306,畔柳俊吾,42,愛知,50.0,B1,4.68,25.26,4.32,17.86,11,0.0,29,0.0,1,12,https://www1.mbrace.or.jp/od2/B/202608/b260812.lzh,2026-10-03T18:31:30.576605+09:00
20260812,07,蒲郡,4,20260812-07-04,2,4565,西村豪洋,38,愛知,55.0,B1,3.97,14.14,4.89,28.57,54,0.0,17,0.0,3,10,https://www1.mbrace.or.jp/od2/B/202608/b260812.lzh,2026-10-03T18:31:30.576605+09:00
20260812,07,蒲郡,4,20260812-07-04,3,4209,藤田竜弘,43,静岡,56.0,A2,5.84,36.17,5.61,34.43,12,0.0,25,0.0,4,8,https://www1.mbrace.or.jp/od2/B/202608/b260812.lzh,2026-10-03T18:31:30.576605+09:00
20260812,07,蒲郡,4,20260812-07-04,4,4897,深見亜由,34,愛知,44.0,B1,3.43,13.25,4.85,23.53,15,0.0,31,0.0,15,,https://www1.mbrace.or.jp/od2/B/202608/b260812.lzh,2026-10-03T18:31:30.576605+09:00
20260812,07,蒲郡,4,20260812-07-04,5,5128,坪井爽佑,29,三重,54.0,B1,4.29,18.84,2.75,12.5,18,0.0,16,0.0,5,9,https://www1.mbrace.or.jp/od2/B/202608/b260812.lzh,2026-10-03T18:31:30.576605+09:00
20260812,07,蒲郡,4,20260812-07-04,6,4337,平本真之,42,愛知,57.0,A1,7.47,51.11,7.43,52.43,48,0.0,39,0.0,21,11,https://www1.mbrace.or.jp/od2/B/202608/b260812.lzh,2026-10-03T18:31:30.576605+09:00
20260812,07,蒲郡,5,20260812-07-05,1,5316,村松将平,25,静岡,51.0,B1,5.6,38.46,2.85,5.77,25,0.0,36,0.0,36,,https://www1.mbrace.or.jp/od2/B/202608/b260812.lzh,2026-10-03T18:31:30.576605+09:00
20260812,07,蒲郡,5,20260812-07-05,2,4983,前田篤哉,29,愛知,51.0,A1,6.79,54.7,6.59,48.78,27,0.0,49,0.0,41,12,https://www1.mbrace.or.jp/od2/B/202608/b260812.lzh,2026-10-03T18:31:30.576605+09:00
20260812,07,蒲郡,5,20260812-07-05,3,4199,北川潤二,44,愛知,59.0,A1,6.29,45.86,6.03,41.54,65,0.0,27,0.0,1,10,https://www1.mbrace.or.jp/od2/B/202608/b260812.lzh,2026-10-03T18:31:30.576605+09:00
20260812,07,蒲郡,5,20260812-07-05,4,4380,鈴木峻佑,41,静岡,53.0,B1,5.12,31.58,3.5,13.46,51,0.0,28,0.0,53,,https://www1.mbrace.or.jp/od2/B/202608/b260812.lzh,2026-10-03T18:31:30.576605+09:00
20260812,07,蒲郡,5,20260812-07-05,5,3988,古川誠之,48,愛知,55.0,A2,6.23,40.54,6.15,43.08,32,0.0,40,0.0,4,9,https://www1.mbrace.or.jp/od2/B/202608/b260812.lzh,2026-10-03T18:31:30.576605+09:00
20260812,07,蒲郡,5,20260812-07-05,6,4442,松竹大輔,39,愛知,53.0,B1,6.3,50.0,5.76,41.03,14,0.0,34,0.0,1,11,https://www1.mbrace.or.jp/od2/B/202608/b260812.lzh,2026-10-03T18:31:30.576605+09:00
20260812,07,蒲郡,6,20260812-07-06,1,4139,丹下健,45,愛知,54.0,B1,4.29,25.88,5.55,38.67,50,0.0,52,0.0,52,,https://www1.mbrace.or.jp/od2/B/202608/b260812.lzh,2026-10-03T18:31:30.576605+09:00
20260812,07,蒲郡,6,20260812-07-06,2,4586,磯部誠,35,愛知,56.0,A1,7.54,49.52,7.74,55.56,31,0.0,26,0.0,12,10,https://www1.mbrace.or.jp/od2/B/202608/b260812.lzh,2026-10-03T18:31:30.576605+09:00
20260812,07,蒲郡,6,20260812-07-06,3,3730,塩崎優司,54,愛知,53.0,B1,4.04,20.24,4.8,36.36,61,0.0,15,0.0,55,,https://www1.mbrace.or.jp/od2/B/202608/b260812.lzh,2026-10-03T18:31:30.576605+09:00
20260812,07,蒲郡,6,20260812-07-06,4,4269,杉山裕也,40,愛知,51.0,A2,6.85,53.27,6.84,50.85,33,0.0,23,0.0,22,12,https://www1.mbrace.or.jp/od2/B/202608/b260812.lzh,2026-10-03T18:31:30.576605+09:00
20260812,07,蒲郡,6,20260812-07-06,5,4470,平田健之,39,三重,52.0,A2,6.6,50.56,6.36,50.0,67,0.0,14,0.0,16,11,https://www1.mbrace.or.jp/od2/B/202608/b260812.lzh,2026-10-03T18:31:30.576605+09:00
20260812,07,蒲郡,6,20260812-07-06,6,5444,林風音,18,愛知,58.0,B2,1.33,1.37,1.3,0.0,55,0.0,13,0.0,6,1,https://www1.mbrace.or.jp/od2/B/202608/b260812.lzh,2026-10-03T18:31:30.576605+09:00
20260812,07,蒲郡,7,20260812-07-07,1,4067,永井源,46,愛知,53.0,A2,6.38,48.12,6.37,49.59,22,0.0,41,0.0,1,12,https://www1.mbrace.or.jp/od2/B/202608/b260812.lzh,2026-10-03T18:31:30.576605+09:00
20260812,07,蒲郡,7,20260812-07-07,2,4035,杉江浩明,47,愛知,52.0,B1,3.91,23.01,4.29,20.83,17,0.0,32,0.0,4,2,https://www1.mbrace.or.jp/od2/B/202608/b260812.lzh,2026-10-03T18:31:30.576605+09:00
20260812,07,蒲郡,7,20260812-07-07,3,4308,河村了,42,愛知,51.0,A1,6.64,46.15,6.93,53.33,52,0.0,57,0.0,34,11,https://www1.mbrace.or.jp/od2/B/202608/b260812.lzh,2026-10-03T18:31:30.576605+09:00
20260812,07,蒲郡,7,20260812-07-07,4,4509,平見真彦,37,愛知,54.0,A2,5.82,34.15,5.73,36.73,30,0.0,55,0.0,55,,https://www1.mbrace.or.jp/od2/B/202608/b260812.lzh,2026-10-03T18:31:30.576605+09:00
20260812,07,蒲郡,7,20260812-07-07,5,4461,安田吉宏,40,三重,58.0,B1,4.61,21.51,4.33,19.44,66,0.0,53,0.0,46,,https://www1.mbrace.or.jp/od2/B/202608/b260812.lzh,2026-10-03T18:31:30.576605+09:00
20260812,07,蒲郡,7,20260812-07-07,6,5340,樋江井舞,25,愛知,45.0,B1,4.49,25.51,3.28,16.67,13,0.0,19,0.0,6,1,https://www1.mbrace.or.jp/od2/B/202608/b260812.lzh,2026-10-03T18:31:30.576605+09:00
20260812,07,蒲郡,8,20260812-07-08,1,4209,藤田竜弘,43,静岡,56.0,A2,5.84,36.17,5.61,34.43,12,0.0,25,0.0,4,4,https://www1.mbrace.or.jp/od2/B/202608/b260812.lzh,2026-10-03T18:31:30.576605+09:00
20260812,07,蒲郡,8,20260812-07-08,2,5321,一色颯輝,24,愛知,54.0,B1,5.02,32.31,4.36,25.0,58,0.0,51,0.0,64,,https://www1.mbrace.or.jp/od2/B/202608/b260812.lzh,2026-10-03T18:31:30.576605+09:00
20260812,07,蒲郡,8,20260812-07-08,3,3848,川上聡介,49,愛知,55.0,B1,4.78,32.22,5.26,37.93,46,0.0,33,0.0,2,3,https://www1.mbrace.or.jp/od2/B/202608/b260812.lzh,2026-10-03T18:31:30.576605+09:00
20260812,07,蒲郡,8,20260812-07-08,4,3946,赤岩善生,50,愛知,56.0,A1,7.14,53.57,7.43,58.52,60,0.0,50,0.0,13,12,https://www1.mbrace.or.jp/od2/B/202608/b260812.lzh,2026-10-03T18:31:30.576605+09:00
20260812,07,蒲郡,8,20260812-07-08,5,4467,渡邉俊介,39,愛知,51.0,A1,6.5,43.59,6.13,51.92,53,0.0,18,0.0,33,,https://www1.mbrace.or.jp/od2/B/202608/b260812.lzh,2026-10-03T18:31:30.576605+09:00
20260812,07,蒲郡,8,20260812-07-08,6,4731,間野兼礼,37,愛知,52.0,B1,5.15,27.27,5.11,24.32,19,0.0,38,0.0,2,2,https://www1.mbrace.or.jp/od2/B/202608/b260812.lzh,2026-10-03T18:31:30.576605+09:00
20260812,07,蒲郡,9,20260812-07-09,1,4786,佐藤博亮,38,愛知,55.0,A1,6.65,53.97,6.25,48.15,49,0.0,54,0.0,23,,https://www1.mbrace.or.jp/od2/B/202608/b260812.lzh,2026-10-03T18:31:30.576605+09:00
20260812,07,蒲郡,9,20260812-07-09,2,5128,坪井爽佑,29,三重,54.0,B1,4.29,18.84,2.75,12.5,18,0.0,16,0.0,5,4,https://www1.mbrace.or.jp/od2/B/202608/b260812.lzh,2026-10-03T18:31:30.576605+09:00
20260812,07,蒲郡,9,20260812-07-09,3,3988,古川誠之,48,愛知,55.0,A2,6.23,40.54,6.15,43.08,32,0.0,40,0.0,4,5,https://www1.mbrace.or.jp/od2/B/202608/b260812.lzh,2026-10-03T18:31:30.576605+09:00
20260812,07,蒲郡,9,20260812-07-09,4,3519,冨田秀幸,58,愛知,52.0,B1,4.07,18.31,3.73,18.18,28,0.0,22,0.0,4,1,https://www1.mbrace.or.jp/od2/B/202608/b260812.lzh,2026-10-03T18:31:30.576605+09:00
20260812,07,蒲郡,9,20260812-07-09,5,5068,前田滉,26,愛知,51.0,A1,7.84,64.84,7.29,61.29,47,0.0,37,0.0,16,3,https://www1.mbrace.or.jp/od2/B/202608/b260812.lzh,2026-10-03T18:31:30.576605+09:00
20260812,07,蒲郡,9,20260812-07-09,6,5137,川原涼,26,愛知,53.0,A2,5.3,38.24,4.18,16.44,24,0.0,48,0.0,53,,https://www1.mbrace.or.jp/od2/B/202608/b260812.lzh,2026-10-03T18:31:30.576605+09:00
20260812,07,蒲郡,10,20260812-07-10,1,4586,磯部誠,35,愛知,56.0,A1,7.54,49.52,7.74,55.56,31,0.0,26,0.0,12,6,https://www1.mbrace.or.jp/od2/B/202608/b260812.lzh,2026-10-03T18:31:30.576605+09:00
20260812,07,蒲郡,10,20260812-07-10,2,4066,東本勝利,46,三重,53.0,A2,6.11,40.38,5.97,32.26,20,0.0,46,0.0,26,,https://www1.mbrace.or.jp/od2/B/202608/b260812.lzh,2026-10-03T18:31:30.576605+09:00
20260812,07,蒲郡,10,20260812-07-10,3,3934,鋤柄貴俊,49,愛知,53.0,B1,4.98,24.41,5.32,30.51,21,0.0,45,0.0,2,2,https://www1.mbrace.or.jp/od2/B/202608/b260812.lzh,2026-10-03T18:31:30.576605+09:00
20260812,07,蒲郡,10,20260812-07-10,4,4199,北川潤二,44,愛知,59.0,A1,6.29,45.86,6.03,41.54,65,0.0,27,0.0,1,5,https://www1.mbrace.or.jp/od2/B/202608/b260812.lzh,2026-10-03T18:31:30.576605+09:00
20260812,07,蒲郡,10,20260812-07-10,5,4565,西村豪洋,38,愛知,55.0,B1,3.97,14.14,4.89,28.57,54,0.0,17,0.0,3,4,https://www1.mbrace.or.jp/od2/B/202608/b260812.lzh,2026-10-03T18:31:30.576605+09:00
20260812,07,蒲郡,10,20260812-07-10,6,4215,吉島祥之,41,愛知,56.0,A2,5.31,33.33,5.89,43.16,64,0.0,24,0.0,6,1,https://www1.mbrace.or.jp/od2/B/202608/b260812.lzh,2026-10-03T18:31:30.576605+09:00
20260812,07,蒲郡,11,20260812-07-11,1,4308,河村了,42,愛知,51.0,A1,6.64,46.15,6.93,53.33,52,0.0,57,0.0,34,7,https://www1.mbrace.or.jp/od2/B/202608/b260812.lzh,2026-10-03T18:31:30.576605+09:00
20260812,07,蒲郡,11,20260812-07-11,2,5098,大江純,30,愛知,53.0,B1,5.19,33.68,5.11,28.95,62,0.0,20,0.0,4,3,https://www1.mbrace.or.jp/od2/B/202608/b260812.lzh,2026-10-03T18:31:30.576605+09:00
20260812,07,蒲郡,11,20260812-07-11,3,4337,平本真之,42,愛知,57.0,A1,7.47,51.11,7.43,52.43,48,0.0,39,0.0,21,4,https://www1.mbrace.or.jp/od2/B/202608/b260812.lzh,2026-10-03T18:31:30.576605+09:00
20260812,07,蒲郡,11,20260812-07-11,4,4470,平田健之,39,三重,52.0,A2,6.6,50.56,6.36,50.0,67,0.0,14,0.0,16,6,https://www1.mbrace.or.jp/od2/B/202608/b260812.lzh,2026-10-03T18:31:30.576605+09:00
20260812,07,蒲郡,11,20260812-07-11,5,4442,松竹大輔,39,愛知,53.0,B1,6.3,50.0,5.76,41.03,14,0.0,34,0.0,1,5,https://www1.mbrace.or.jp/od2/B/202608/b260812.lzh,2026-10-03T18:31:30.576605+09:00
20260812,07,蒲郡,11,20260812-07-11,6,4989,石原翼,29,静岡,52.0,A2,6.0,40.17,5.65,30.0,56,0.0,12,0.0,2,2,https://www1.mbrace.or.jp/od2/B/202608/b260812.lzh,2026-10-03T18:31:30.576605+09:00
20260812,07,蒲郡,12,20260812-07-12,1,3946,赤岩善生,50,愛知,56.0,A1,7.14,53.57,7.43,58.52,60,0.0,50,0.0,13,8,https://www1.mbrace.or.jp/od2/B/202608/b260812.lzh,2026-10-03T18:31:30.576605+09:00
20260812,07,蒲郡,12,20260812-07-12,2,4269,杉山裕也,40,愛知,51.0,A2,6.85,53.27,6.84,50.85,33,0.0,23,0.0,22,6,https://www1.mbrace.or.jp/od2/B/202608/b260812.lzh,2026-10-03T18:31:30.576605+09:00
20260812,07,蒲郡,12,20260812-07-12,3,4960,黒野元基,30,愛知,53.0,A1,7.44,60.68,7.25,61.4,16,0.0,35,0.0,25,2,https://www1.mbrace.or.jp/od2/B/202608/b260812.lzh,2026-10-03T18:31:30.576605+09:00
20260812,07,蒲郡,12,20260812-07-12,4,4067,永井源,46,愛知,53.0,A2,6.38,48.12,6.37,49.59,22,0.0,41,0.0,1,7,https://www1.mbrace.or.jp/od2/B/202608/b260812.lzh,2026-10-03T18:31:30.576605+09:00
20260812,07,蒲郡,12,20260812-07-12,5,4306,畔柳俊吾,42,愛知,50.0,B1,4.68,25.26,4.32,17.86,11,0.0,29,0.0,1,4,https://www1.mbrace.or.jp/od2/B/202608/b260812.lzh,2026-10-03T18:31:30.576605+09:00
20260812,07,蒲郡,12,20260812-07-12,6,4983,前田篤哉,29,愛知,51.0,A1,6.79,54.7,6.59,48.78,27,0.0,49,0.0,41,5,https://www1.mbrace.or.jp/od2/B/202608/b260812.lzh,2026-10-03T18:31:30.576605+09:00
20260812,06,浜名湖,1,20260812-06-01,1,5174,川井萌,24,静岡,46.0,B2,5.36,28.21,6.07,42.86,54,29.11,18,38.74,4,8,https://www1.mbrace.or.jp/od2/B/202608/b260812.lzh,2026-10-03T18:31:30.576605+09:00
20260812,06,浜名湖,1,20260812-06-01,2,3995,重野哲之,47,静岡,54.0,A2,6.33,48.72,6.88,52.89,52,38.64,22,34.38,3,11,https://www1.mbrace.or.jp/od2/B/202608/b260812.lzh,2026-10-03T18:31:30.576605+09:00
20260812,06,浜名湖,1,20260812-06-01,3,4918,川島拓郎,37,静岡,53.0,B1,4.73,28.26,4.15,22.06,56,32.05,23,34.18,6,6,https://www1.mbrace.or.jp/od2/B/202608/b260812.lzh,2026-10-03T18:31:30.576605+09:00
20260812,06,浜名湖,1,20260812-06-01,4,3956,横澤剛治,49,静岡,56.0,A2,6.24,42.72,6.71,49.0,10,38.55,65,34.36,6,9,https://www1.mbrace.or.jp/od2/B/202608/b260812.lzh,2026-10-03T18:31:30.576605+09:00
20260812,06,浜名湖,1,20260812-06-01,5,4984,森下愛梨,29,静岡,50.0,B1,4.51,26.25,5.4,30.0,26,43.48,59,32.84,55,,https://www1.mbrace.or.jp/od2/B/202608/b260812.lzh,2026-10-03T18:31:30.576605+09:00
20260812,06,浜名湖,1,20260812-06-01,6,4216,星栄爾,41,静岡,54.0,B1,4.79,25.51,5.7,39.64,8,28.92,58,36.92,3,7,https://www1.mbrace.or.jp/od2/B/202608/b260812.lzh,2026-10-03T18:31:30.576605+09:00
20260812,06,浜名湖,2,20260812-06-02,1,4625,渡邊裕貴,40,静岡,52.0,B1,5.28,32.1,5.04,32.58,14,33.33,56,34.39,5,9,https://www1.mbrace.or.jp/od2/B/202608/b260812.lzh,2026-10-03T18:31:30.576605+09:00
20260812,06,浜名湖,2,20260812-06-02,2,3422,服部幸男,55,静岡,55.0,A2,6.23,44.55,7.09,54.65,58,28.38,43,31.11,32,12,https://www1.mbrace.or.jp/od2/B/202608/b260812.lzh,2026-10-03T18:31:30.576605+09:00
20260812,06,浜名湖,2,20260812-06-02,3,5248,本田愛,24,静岡,47.0,B1,4.69,25.56,4.11,20.69,16,31.58,69,33.33,2,10,https://www1.mbrace.or.jp/od2/B/202608/b260812.lzh,2026-10-03T18:31:30.576605+09:00
20260812,06,浜名湖,2,20260812-06-02,4,4058,野末智一,47,静岡,51.0,A1,6.02,43.09,6.01,39.42,38,36.05,68,35.68,16,8,https://www1.mbrace.or.jp/od2/B/202608/b260812.lzh,2026-10-03T18:31:30.576605+09:00
20260812,06,浜名湖,2,20260812-06-02,5,3990,芹澤克彦,47,静岡,52.0,B1,4.99,25.0,5.18,26.73,62,48.78,57,35.75,1,7,https://www1.mbrace.or.jp/od2/B/202608/b260812.lzh,2026-10-03T18:31:30.576605+09:00
20260812,06,浜名湖,2,20260812-06-02,6,4131,原豊土,46,静岡,54.0,B1,5.85,39.13,6.28,47.0,22,39.24,24,36.41,2,11,https://www1.mbrace.or.jp/od2/B/202608/b260812.lzh,2026-10-03T18:31:30.576605+09:00
20260812,06,浜名湖,3,20260812-06-03,1,4076,杉田篤光,48,静岡,51.0,B1,4.84,26.15,5.19,34.34,59,29.73,14,36.22,25,,https://www1.mbrace.or.jp/od2/B/202608/b260812.lzh,2026-10-03T18:31:30.576605+09:00
20260812,06,浜名湖,3,20260812-06-03,2,3489,大場敏,59,静岡,55.0,A2,5.94,41.6,6.0,39.62,66,33.33,70,30.26,2,10,https://www1.mbrace.or.jp/od2/B/202608/b260812.lzh,2026-10-03T18:31:30.576605+09:00
20260812,06,浜名湖,3,20260812-06-03,3,4150,山田雄太,44,静岡,57.0,A2,5.73,41.12,6.08,43.48,11,43.53,60,31.44,13,7,https://www1.mbrace.or.jp/od2/B/202608/b260812.lzh,2026-10-03T18:31:30.576605+09:00
20260812,06,浜名湖,3,20260812-06-03,4,5434,藤田康生,21,静岡,51.0,B1,3.33,11.9,2.68,2.94,7,37.97,66,37.63,5,8,https://www1.mbrace.or.jp/od2/B/202608/b260812.lzh,2026-10-03T18:31:30.576605+09:00
20260812,06,浜名湖,3,20260812-06-03,5,4068,幸田智裕,46,静岡,53.0,B1,4.95,23.71,5.03,29.41,51,30.68,33,32.83,1,9,https://www1.mbrace.or.jp/od2/B/202608/b260812.lzh,2026-10-03T18:31:30.576605+09:00
20260812,06,浜名湖,3,20260812-06-03,6,3959,坪井康晴,48,静岡,54.0,A1,7.08,47.27,6.82,50.36,48,38.82,45,41.41,1,12,https://www1.mbrace.or.jp/od2/B/202608/b260812.lzh,2026-10-03T18:31:30.576605+09:00
20260812,06,浜名湖,4,20260812-06-04,1,4581,吉村誠,37,静岡,52.0,A1,6.29,46.85,5.77,39.84,55,46.99,34,37.69,25,12,https://www1.mbrace.or.jp/od2/B/202608/b260812.lzh,2026-10-03T18:31:30.576605+09:00
20260812,06,浜名湖,4,20260812-06-04,2,3156,金子良昭,61,静岡,53.0,B1,4.28,24.14,5.08,35.0,29,32.91,72,33.51,4,10,https://www1.mbrace.or.jp/od2/B/202608/b260812.lzh,2026-10-03T18:31:30.576605+09:00
20260812,06,浜名湖,4,20260812-06-04,3,3796,長野道臣,53,静岡,55.0,B1,4.34,26.6,5.3,36.63,9,30.86,47,35.23,4,9,https://www1.mbrace.or.jp/od2/B/202608/b260812.lzh,2026-10-03T18:31:30.576605+09:00
20260812,06,浜名湖,4,20260812-06-04,4,5332,村松遥輝,22,静岡,51.0,B1,3.91,19.12,3.91,21.15,34,38.16,15,38.46,54,,https://www1.mbrace.or.jp/od2/B/202608/b260812.lzh,2026-10-03T18:31:30.576605+09:00
20260812,06,浜名湖,4,20260812-06-04,5,5432,安藤瑠希,21,静岡,52.0,B1,3.08,9.46,2.11,5.71,18,30.38,48,37.88,64,,https://www1.mbrace.or.jp/od2/B/202608/b260812.lzh,2026-10-03T18:31:30.576605+09:00
20260812,06,浜名湖,4,20260812-06-04,6,4840,鈴木秀茉,34,静岡,52.0,B1,4.83,30.1,5.28,33.7,63,44.58,25,37.56,1,11,https://www1.mbrace.or.jp/od2/B/202608/b260812.lzh,2026-10-03T18:31:30.576605+09:00
20260812,06,浜名湖,5,20260812-06-05,1,3563,堤昇,56,静岡,52.0,B1,5.63,36.28,5.51,38.53,4,30.67,46,33.5,33,,https://www1.mbrace.or.jp/od2/B/202608/b260812.lzh,2026-10-03T18:31:30.576605+09:00
20260812,06,浜名湖,5,20260812-06-05,2,5385,鈴木柊介,21,静岡,55.0,B1,2.39,2.99,2.1,3.45,19,37.21,41,31.05,66,,https://www1.mbrace.or.jp/od2/B/202608/b260812.lzh,2026-10-03T18:31:30.576605+09:00
20260812,06,浜名湖,5,20260812-06-05,3,4933,板橋侑我,30,静岡,56.0,A2,6.11,33.73,5.89,42.71,45,40.96,50,35.18,2,12,https://www1.mbrace.or.jp/od2/B/202608/b260812.lzh,2026-10-03T18:31:30.576605+09:00
20260812,06,浜名湖,5,20260812-06-05,4,4317,木村紗友,42,静岡,48.0,B1,4.3,25.0,4.4,22.09,17,45.78,73,31.63,64,,https://www1.mbrace.or.jp/od2/B/202608/b260812.lzh,2026-10-03T18:31:30.576605+09:00
20260812,06,浜名湖,5,20260812-06-05,5,3502,渡邉英児,57,静岡,54.0,A2,5.9,39.39,5.93,42.31,37,43.21,62,36.41,1,11,https://www1.mbrace.or.jp/od2/B/202608/b260812.lzh,2026-10-03T18:31:30.576605+09:00
20260812,06,浜名湖,5,20260812-06-05,6,5034,若林義人,28,静岡,55.0,A1,6.42,50.0,5.99,42.15,23,35.44,11,28.4,15,10,https://www1.mbrace.or.jp/od2/B/202608/b260812.lzh,2026-10-03T18:31:30.576605+09:00
20260812,06,浜名湖,6,20260812-06-06,1,4918,川島拓郎,37,静岡,53.0,B1,4.73,28.26,4.15,22.06,56,32.05,23,34.18,6,1,https://www1.mbrace.or.jp/od2/B/202608/b260812.lzh,2026-10-03T18:31:30.576605+09:00
20260812,06,浜名湖,6,20260812-06-06,2,4073,大橋純一,45,静岡,52.0,A1,6.5,52.14,6.14,40.94,46,43.59,32,35.9,23,11,https://www1.mbrace.or.jp/od2/B/202608/b260812.lzh,2026-10-03T18:31:30.576605+09:00
20260812,06,浜名湖,6,20260812-06-06,3,5269,山口晃朋,25,静岡,51.0,A2,5.8,41.25,4.91,30.38,2,41.33,53,33.33,21,,https://www1.mbrace.or.jp/od2/B/202608/b260812.lzh,2026-10-03T18:31:30.576605+09:00
20260812,06,浜名湖,6,20260812-06-06,4,4843,深尾巴恵,33,静岡,47.0,B1,4.27,21.57,4.88,26.79,1,42.22,71,36.98,32,,https://www1.mbrace.or.jp/od2/B/202608/b260812.lzh,2026-10-03T18:31:30.576605+09:00
20260812,06,浜名湖,6,20260812-06-06,5,5378,鈴木結平,22,静岡,50.0,B2,1.8,1.54,1.51,0.0,40,35.96,29,37.11,66,,https://www1.mbrace.or.jp/od2/B/202608/b260812.lzh,2026-10-03T18:31:30.576605+09:00
20260812,06,浜名湖,6,20260812-06-06,6,3987,後藤正宗,48,静岡,53.0,A1,5.96,42.0,5.97,38.62,57,28.57,27,29.95,F,,https://www1.mbrace.or.jp/od2/B/202608/b260812.lzh,2026-10-03T18:31:30.576605+09:00
20260812,06,浜名湖,7,20260812-06-07,1,4150,山田雄太,44,静岡,57.0,A2,5.73,41.12,6.08,43.48,11,43.53,60,31.44,13,3,https://www1.mbrace.or.jp/od2/B/202608/b260812.lzh,2026-10-03T18:31:30.576605+09:00
20260812,06,浜名湖,7,20260812-06-07,2,4793,金子萌,36,静岡,52.0,A2,6.48,49.07,5.9,41.12,61,43.18,76,35.38,1,12,https://www1.mbrace.or.jp/od2/B/202608/b260812.lzh,2026-10-03T18:31:30.576605+09:00
20260812,06,浜名湖,7,20260812-06-07,3,4216,星栄爾,41,静岡,54.0,B1,4.79,25.51,5.7,39.64,8,28.92,58,36.92,3,1,https://www1.mbrace.or.jp/od2/B/202608/b260812.lzh,2026-10-03T18:31:30.576605+09:00
20260812,06,浜名湖,7,20260812-06-07,4,3990,芹澤克彦,47,静岡,52.0,B1,4.99,25.0,5.18,26.73,62,48.78,57,35.75,1,2,https://www1.mbrace.or.jp/od2/B/202608/b260812.lzh,2026-10-03T18:31:30.576605+09:00
20260812,06,浜名湖,7,20260812-06-07,5,4342,谷野錬志,41,静岡,54.0,A2,5.95,33.72,6.96,52.98,44,36.71,31,29.32,54,,https://www1.mbrace.or.jp/od2/B/202608/b260812.lzh,2026-10-03T18:31:30.576605+09:00
20260812,06,浜名湖,7,20260812-06-07,6,4740,齋藤達希,34,静岡,53.0,B1,4.63,22.58,4.96,31.76,32,40.45,12,38.97,65,,https://www1.mbrace.or.jp/od2/B/202608/b260812.lzh,2026-10-03T18:31:30.576605+09:00
20260812,06,浜名湖,8,20260812-06-08,1,4058,野末智一,47,静岡,51.0,A1,6.02,43.09,6.01,39.42,38,36.05,68,35.68,16,2,https://www1.mbrace.or.jp/od2/B/202608/b260812.lzh,2026-10-03T18:31:30.576605+09:00
20260812,06,浜名湖,8,20260812-06-08,2,5076,石原光,30,静岡,54.0,B1,4.94,33.33,4.93,31.52,6,31.08,13,29.84,41,,https://www1.mbrace.or.jp/od2/B/202608/b260812.lzh,2026-10-03T18:31:30.576605+09:00
20260812,06,浜名湖,8,20260812-06-08,3,5294,豊田祥生,24,静岡,50.0,B1,3.51,18.84,2.78,11.01,49,32.93,17,37.88,44,,https://www1.mbrace.or.jp/od2/B/202608/b260812.lzh,2026-10-03T18:31:30.576605+09:00
20260812,06,浜名湖,8,20260812-06-08,4,3744,徳増秀樹,51,静岡,54.0,A1,6.41,46.62,6.53,52.7,53,30.67,37,33.51,52,12,https://www1.mbrace.or.jp/od2/B/202608/b260812.lzh,2026-10-03T18:31:30.576605+09:00
20260812,06,浜名湖,8,20260812-06-08,5,5174,川井萌,24,静岡,46.0,B2,5.36,28.21,6.07,42.86,54,29.11,18,38.74,4,1,https://www1.mbrace.or.jp/od2/B/202608/b260812.lzh,2026-10-03T18:31:30.576605+09:00
20260812,06,浜名湖,8,20260812-06-08,6,5434,藤田康生,21,静岡,51.0,B1,3.33,11.9,2.68,2.94,7,37.97,66,37.63,5,3,https://www1.mbrace.or.jp/od2/B/202608/b260812.lzh,2026-10-03T18:31:30.576605+09:00
20260812,06,浜名湖,9,20260812-06-09,1,4033,伊藤将吉,47,静岡,53.0,A2,6.06,48.15,6.5,49.61,36,25.0,35,36.22,36,,https://www1.mbrace.or.jp/od2/B/202608/b260812.lzh,2026-10-03T18:31:30.576605+09:00
20260812,06,浜名湖,9,20260812-06-09,2,3960,菊地孝平,47,静岡,54.0,A1,6.41,33.64,7.43,59.26,13,39.08,61,36.96,31,,https://www1.mbrace.or.jp/od2/B/202608/b260812.lzh,2026-10-03T18:31:30.576605+09:00
20260812,06,浜名湖,9,20260812-06-09,3,4625,渡邊裕貴,40,静岡,52.0,B1,5.28,32.1,5.04,32.58,14,33.33,56,34.39,5,2,https://www1.mbrace.or.jp/od2/B/202608/b260812.lzh,2026-10-03T18:31:30.576605+09:00
20260812,06,浜名湖,9,20260812-06-09,4,4068,幸田智裕,46,静岡,53.0,B1,4.95,23.71,5.03,29.41,51,30.68,33,32.83,1,3,https://www1.mbrace.or.jp/od2/B/202608/b260812.lzh,2026-10-03T18:31:30.576605+09:00
20260812,06,浜名湖,9,20260812-06-09,5,3956,横澤剛治,49,静岡,56.0,A2,6.24,42.72,6.71,49.0,10,38.55,65,34.36,6,1,https://www1.mbrace.or.jp/od2/B/202608/b260812.lzh,2026-10-03T18:31:30.576605+09:00
20260812,06,浜名湖,9,20260812-06-09,6,3796,長野道臣,53,静岡,55.0,B1,4.34,26.6,5.3,36.63,9,30.86,47,35.23,4,4,https://www1.mbrace.or.jp/od2/B/202608/b260812.lzh,2026-10-03T18:31:30.576605+09:00
20260812,06,浜名湖,10,20260812-06-10,1,4360,庄司孝輔,41,静岡,53.0,A2,5.65,33.64,5.6,34.62,5,43.21,64,31.02,43,,https://www1.mbrace.or.jp/od2/B/202608/b260812.lzh,2026-10-03T18:31:30.576605+09:00
20260812,06,浜名湖,10,20260812-06-10,2,5034,若林義人,28,静岡,55.0,A1,6.42,50.0,5.99,42.15,23,35.44,11,28.4,15,5,https://www1.mbrace.or.jp/od2/B/202608/b260812.lzh,2026-10-03T18:31:30.576605+09:00
20260812,06,浜名湖,10,20260812-06-10,3,3156,金子良昭,61,静岡,53.0,B1,4.28,24.14,5.08,35.0,29,32.91,72,33.51,4,4,https://www1.mbrace.or.jp/od2/B/202608/b260812.lzh,2026-10-03T18:31:30.576605+09:00
20260812,06,浜名湖,10,20260812-06-10,4,5248,本田愛,24,静岡,47.0,B1,4.69,25.56,4.11,20.69,16,31.58,69,33.33,2,2,https://www1.mbrace.or.jp/od2/B/202608/b260812.lzh,2026-10-03T18:31:30.576605+09:00
20260812,06,浜名湖,10,20260812-06-10,5,3489,大場敏,59,静岡,55.0,A2,5.94,41.6,6.0,39.62,66,33.33,70,30.26,2,3,https://www1.mbrace.or.jp/od2/B/202608/b260812.lzh,2026-10-03T18:31:30.576605+09:00
20260812,06,浜名湖,10,20260812-06-10,6,4124,池田雄一,44,静岡,52.0,A2,6.12,43.3,6.48,47.75,24,31.58,21,44.16,4F,,https://www1.mbrace.or.jp/od2/B/202608/b260812.lzh,2026-10-03T18:31:30.576605+09:00
20260812,06,浜名湖,11,20260812-06-11,1,3909,佐々木康,52,静岡,56.0,A1,6.69,51.72,7.07,57.24,20,44.58,51,28.79,32,,https://www1.mbrace.or.jp/od2/B/202608/b260812.lzh,2026-10-03T18:31:30.576605+09:00
20260812,06,浜名湖,11,20260812-06-11,2,3502,渡邉英児,57,静岡,54.0,A2,5.9,39.39,5.93,42.31,37,43.21,62,36.41,1,5,https://www1.mbrace.or.jp/od2/B/202608/b260812.lzh,2026-10-03T18:31:30.576605+09:00
20260812,06,浜名湖,11,20260812-06-11,3,4131,原豊土,46,静岡,54.0,B1,5.85,39.13,6.28,47.0,22,39.24,24,36.41,2,2,https://www1.mbrace.or.jp/od2/B/202608/b260812.lzh,2026-10-03T18:31:30.576605+09:00
20260812,06,浜名湖,11,20260812-06-11,4,4840,鈴木秀茉,34,静岡,52.0,B1,4.83,30.1,5.28,33.7,63,44.58,25,37.56,1,4,https://www1.mbrace.or.jp/od2/B/202608/b260812.lzh,2026-10-03T18:31:30.576605+09:00
20260812,06,浜名湖,11,20260812-06-11,5,4073,大橋純一,45,静岡,52.0,A1,6.5,52.14,6.14,40.94,46,43.59,32,35.9,23,6,https://www1.mbrace.or.jp/od2/B/202608/b260812.lzh,2026-10-03T18:31:30.576605+09:00
20260812,06,浜名湖,11,20260812-06-11,6,3995,重野哲之,47,静岡,54.0,A2,6.33,48.72,6.88,52.89,52,38.64,22,34.38,3,1,https://www1.mbrace.or.jp/od2/B/202608/b260812.lzh,2026-10-03T18:31:30.576605+09:00
20260812,06,浜名湖,12,20260812-06-12,1,3744,徳増秀樹,51,静岡,54.0,A1,6.41,46.62,6.53,52.7,53,30.67,37,33.51,52,8,https://www1.mbrace.or.jp/od2/B/202608/b260812.lzh,2026-10-03T18:31:30.576605+09:00
20260812,06,浜名湖,12,20260812-06-12,2,3959,坪井康晴,48,静岡,54.0,A1,7.08,47.27,6.82,50.36,48,38.82,45,41.41,1,3,https://www1.mbrace.or.jp/od2/B/202608/b260812.lzh,2026-10-03T18:31:30.576605+09:00
20260812,06,浜名湖,12,20260812-06-12,3,4581,吉村誠,37,静岡,52.0,A1,6.29,46.85,5.77,39.84,55,46.99,34,37.69,25,4,https://www1.mbrace.or.jp/od2/B/202608/b260812.lzh,2026-10-03T18:31:30.576605+09:00
20260812,06,浜名湖,12,20260812-06-12,4,3422,服部幸男,55,静岡,55.0,A2,6.23,44.55,7.09,54.65,58,28.38,43,31.11,32,2,https://www1.mbrace.or.jp/od2/B/202608/b260812.lzh,2026-10-03T18:31:30.576605+09:00
20260812,06,浜名湖,12,20260812-06-12,5,4933,板橋侑我,30,静岡,56.0,A2,6.11,33.73,5.89,42.71,45,40.96,50,35.18,2,5,https://www1.mbrace.or.jp/od2/B/202608/b260812.lzh,2026-10-03T18:31:30.576605+09:00
20260812,06,浜名湖,12,20260812-06-12,6,4793,金子萌,36,静岡,52.0,A2,6.48,49.07,5.9,41.12,61,43.18,76,35.38,1,7,https://www1.mbrace.or.jp/od2/B/202608/b260812.lzh,2026-10-03T18:31:30.576605+09:00
20260812,04,平和島,1,20260812-04-01,1,5047,國分将太,32,東京,54.0,B1,5.69,34.04,4.83,29.17,63,21.21,25,51.43,6,7,https://www1.mbrace.or.jp/od2/B/202608/b260812.lzh,2026-10-03T18:31:30.576605+09:00
20260812,04,平和島,1,20260812-04-01,2,4460,後藤翔之,40,東京,56.0,A2,5.81,37.5,5.89,41.77,24,20.83,47,16.13,22,9,https://www1.mbrace.or.jp/od2/B/202608/b260812.lzh,2026-10-03T18:31:30.576605+09:00
20260812,04,平和島,1,20260812-04-01,3,5228,若林樹蘭,23,東京,51.0,A2,5.55,33.33,6.13,43.59,19,35.56,18,33.33,3,11,https://www1.mbrace.or.jp/od2/B/202608/b260812.lzh,2026-10-03T18:31:30.576605+09:00
20260812,04,平和島,1,20260812-04-01,4,5292,佐藤右京,24,東京,56.0,B1,4.31,22.22,2.24,7.89,14,40.48,39,34.88,5,10,https://www1.mbrace.or.jp/od2/B/202608/b260812.lzh,2026-10-03T18:31:30.576605+09:00
20260812,04,平和島,1,20260812-04-01,5,4211,村田敦,43,東京,58.0,B1,4.6,28.26,3.95,18.6,56,17.86,27,20.0,5,8,https://www1.mbrace.or.jp/od2/B/202608/b260812.lzh,2026-10-03T18:31:30.576605+09:00
20260812,04,平和島,1,20260812-04-01,6,5449,堀井涼平,23,東京,49.0,B2,1.58,6.45,0.0,0.0,44,16.0,21,19.35,6,6,https://www1.mbrace.or.jp/od2/B/202608/b260812.lzh,2026-10-03T18:31:30.576605+09:00
20260812,04,平和島,2,20260812-04-02,1,4297,山田哲也,43,東京,52.0,A1,6.36,47.32,6.05,42.11,12,61.54,51,42.22,16,7,https://www1.mbrace.or.jp/od2/B/202608/b260812.lzh,2026-10-03T18:31:30.576605+09:00
20260812,04,平和島,2,20260812-04-02,2,5253,藤井太雅,23,東京,54.0,B2,3.16,7.89,3.56,18.52,18,42.86,33,38.46,4,9,https://www1.mbrace.or.jp/od2/B/202608/b260812.lzh,2026-10-03T18:31:30.576605+09:00
20260812,04,平和島,2,20260812-04-02,3,4283,石井裕美,42,東京,52.0,B1,3.89,9.86,4.11,5.56,33,42.5,45,42.86,35,,https://www1.mbrace.or.jp/od2/B/202608/b260812.lzh,2026-10-03T18:31:30.576605+09:00
20260812,04,平和島,2,20260812-04-02,4,5427,港理樹,24,東京,52.0,B1,2.91,2.56,3.24,5.88,75,21.21,23,44.44,2,12,https://www1.mbrace.or.jp/od2/B/202608/b260812.lzh,2026-10-03T18:31:30.576605+09:00
20260812,04,平和島,2,20260812-04-02,5,4813,宮内直哉,36,東京,53.0,B1,3.96,14.71,3.82,18.37,43,46.67,29,41.38,3,11,https://www1.mbrace.or.jp/od2/B/202608/b260812.lzh,2026-10-03T18:31:30.576605+09:00
20260812,04,平和島,2,20260812-04-02,6,5422,真田聖也,24,埼玉,52.0,B2,1.3,2.13,1.28,0.0,40,48.89,15,27.78,4,8,https://www1.mbrace.or.jp/od2/B/202608/b260812.lzh,2026-10-03T18:31:30.576605+09:00
20260812,04,平和島,3,20260812-04-03,1,3463,乙津康志,59,東京,52.0,B1,4.56,20.88,5.11,27.66,50,58.14,34,20.0,2,10,https://www1.mbrace.or.jp/od2/B/202608/b260812.lzh,2026-10-03T18:31:30.576605+09:00
20260812,04,平和島,3,20260812-04-03,2,3859,多羅尾達,53,東京,52.0,B1,4.02,19.77,4.18,25.0,53,21.43,57,53.49,S,,https://www1.mbrace.or.jp/od2/B/202608/b260812.lzh,2026-10-03T18:31:30.576605+09:00
20260812,04,平和島,3,20260812-04-03,3,4496,内堀学,39,東京,55.0,A1,6.63,52.17,6.94,57.97,27,35.56,36,32.26,23,9,https://www1.mbrace.or.jp/od2/B/202608/b260812.lzh,2026-10-03T18:31:30.576605+09:00
20260812,04,平和島,3,20260812-04-03,4,4619,伏田裕隆,43,東京,53.0,B1,5.59,41.12,5.71,38.24,64,29.03,41,38.89,61,,https://www1.mbrace.or.jp/od2/B/202608/b260812.lzh,2026-10-03T18:31:30.576605+09:00
20260812,04,平和島,3,20260812-04-03,5,4053,芦澤望,48,東京,57.0,A2,5.3,34.88,5.57,43.24,26,35.0,50,23.26,5,12,https://www1.mbrace.or.jp/od2/B/202608/b260812.lzh,2026-10-03T18:31:30.576605+09:00
20260812,04,平和島,3,20260812-04-03,6,4421,森作広大,38,東京,57.0,B1,3.05,3.33,4.14,18.0,73,35.71,20,38.46,5,8,https://www1.mbrace.or.jp/od2/B/202608/b260812.lzh,2026-10-03T18:31:30.576605+09:00
20260812,04,平和島,4,20260812-04-04,1,4728,山口亮,38,東京,54.0,B1,4.0,19.48,5.54,42.0,35,16.67,17,29.41,53,,https://www1.mbrace.or.jp/od2/B/202608/b260812.lzh,2026-10-03T18:31:30.576605+09:00
20260812,04,平和島,4,20260812-04-04,2,4560,庄司樹良,35,東京,55.0,A2,5.6,30.11,5.71,37.18,57,9.09,75,31.25,5,10,https://www1.mbrace.or.jp/od2/B/202608/b260812.lzh,2026-10-03T18:31:30.576605+09:00
20260812,04,平和島,4,20260812-04-04,3,4036,金田諭,47,埼玉,52.0,A1,6.56,45.16,6.74,57.45,16,32.43,72,31.03,1,12,https://www1.mbrace.or.jp/od2/B/202608/b260812.lzh,2026-10-03T18:31:30.576605+09:00
20260812,04,平和島,4,20260812-04-04,4,5415,阿部未侑,20,東京,50.0,B2,1.04,0.0,1.0,0.0,47,34.15,19,33.33,4,9,https://www1.mbrace.or.jp/od2/B/202608/b260812.lzh,2026-10-03T18:31:30.576605+09:00
20260812,04,平和島,4,20260812-04-04,5,5175,島崎丈一,22,東京,54.0,B1,5.16,26.03,4.87,26.98,52,30.77,52,51.16,34,,https://www1.mbrace.or.jp/od2/B/202608/b260812.lzh,2026-10-03T18:31:30.576605+09:00
20260812,04,平和島,4,20260812-04-04,6,4676,後藤隼之,38,東京,56.0,A2,5.09,25.25,5.12,29.27,39,15.38,28,35.9,4,11,https://www1.mbrace.or.jp/od2/B/202608/b260812.lzh,2026-10-03T18:31:30.576605+09:00
20260812,04,平和島,5,20260812-04-05,1,5226,藤田俊祐,24,東京,52.0,B1,5.24,28.57,5.45,41.94,58,44.44,71,38.89,13,,https://www1.mbrace.or.jp/od2/B/202608/b260812.lzh,2026-10-03T18:31:30.576605+09:00
20260812,04,平和島,5,20260812-04-05,2,4191,赤羽克也,45,埼玉,55.0,A1,6.5,51.11,5.69,34.29,23,43.18,13,33.33,5,11,https://www1.mbrace.or.jp/od2/B/202608/b260812.lzh,2026-10-03T18:31:30.576605+09:00
20260812,04,平和島,5,20260812-04-05,3,4488,小山勉,40,埼玉,53.0,A1,6.82,55.56,5.32,44.0,70,14.29,35,42.86,12,10,https://www1.mbrace.or.jp/od2/B/202608/b260812.lzh,2026-10-03T18:31:30.576605+09:00
20260812,04,平和島,5,20260812-04-05,4,5135,仲航太,26,東京,54.0,B1,5.42,40.91,5.52,38.25,25,40.91,22,29.73,31,,https://www1.mbrace.or.jp/od2/B/202608/b260812.lzh,2026-10-03T18:31:30.576605+09:00
20260812,04,平和島,5,20260812-04-05,5,4104,木下陽介,46,東京,55.0,B1,4.04,22.62,4.71,30.91,30,45.1,14,34.38,1,12,https://www1.mbrace.or.jp/od2/B/202608/b260812.lzh,2026-10-03T18:31:30.576605+09:00
20260812,04,平和島,5,20260812-04-05,6,5436,市川瑚幸,21,東京,47.0,B2,1.39,0.0,1.45,0.0,22,20.69,43,38.64,S6,,https://www1.mbrace.or.jp/od2/B/202608/b260812.lzh,2026-10-03T18:31:30.576605+09:00
20260812,04,平和島,6,20260812-04-06,1,4779,伊倉光,40,東京,51.0,B1,5.44,30.23,4.56,21.59,29,47.73,74,33.33,44,,https://www1.mbrace.or.jp/od2/B/202608/b260812.lzh,2026-10-03T18:31:30.576605+09:00
20260812,04,平和島,6,20260812-04-06,2,3385,渡邉睦広,57,東京,52.0,A2,5.52,40.37,6.03,46.88,21,40.91,10,29.27,42,,https://www1.mbrace.or.jp/od2/B/202608/b260812.lzh,2026-10-03T18:31:30.576605+09:00
20260812,04,平和島,6,20260812-04-06,3,3256,三角哲男,59,東京,52.0,A1,6.22,47.83,6.71,47.31,46,43.33,26,25.71,11,12,https://www1.mbrace.or.jp/od2/B/202608/b260812.lzh,2026-10-03T18:31:30.576605+09:00
20260812,04,平和島,6,20260812-04-06,4,3353,前田光昭,58,埼玉,52.0,B1,2.93,8.57,4.83,50.0,36,46.15,37,30.23,4,11,https://www1.mbrace.or.jp/od2/B/202608/b260812.lzh,2026-10-03T18:31:30.576605+09:00
20260812,04,平和島,6,20260812-04-06,5,5449,堀井涼平,23,東京,49.0,B2,1.58,6.45,0.0,0.0,44,16.0,21,19.35,6,1,https://www1.mbrace.or.jp/od2/B/202608/b260812.lzh,2026-10-03T18:31:30.576605+09:00
20260812,04,平和島,6,20260812-04-06,6,5005,石田貴洋,30,埼玉,52.0,A1,6.25,41.98,5.0,20.0,60,52.38,55,36.36,33,10,https://www1.mbrace.or.jp/od2/B/202608/b260812.lzh,2026-10-03T18:31:30.576605+09:00
20260812,04,平和島,7,20260812-04-07,1,4484,稲生夏季,36,東京,49.0,B1,4.76,21.62,3.87,10.87,59,21.74,73,35.71,26,,https://www1.mbrace.or.jp/od2/B/202608/b260812.lzh,2026-10-03T18:31:30.576605+09:00
20260812,04,平和島,7,20260812-04-07,2,5047,國分将太,32,東京,54.0,B1,5.69,34.04,4.83,29.17,63,21.21,25,51.43,6,1,https://www1.mbrace.or.jp/od2/B/202608/b260812.lzh,2026-10-03T18:31:30.576605+09:00
20260812,04,平和島,7,20260812-04-07,3,4297,山田哲也,43,東京,52.0,A1,6.36,47.32,6.05,42.11,12,61.54,51,42.22,16,2,https://www1.mbrace.or.jp/od2/B/202608/b260812.lzh,2026-10-03T18:31:30.576605+09:00
20260812,04,平和島,7,20260812-04-07,4,3826,村田修次,53,東京,53.0,A2,6.3,45.53,5.92,36.92,61,43.9,24,41.67,1,12,https://www1.mbrace.or.jp/od2/B/202608/b260812.lzh,2026-10-03T18:31:30.576605+09:00
20260812,04,平和島,7,20260812-04-07,5,4895,門間雄大,35,東京,55.0,A2,5.13,25.0,5.36,24.59,17,32.56,49,19.05,16,,https://www1.mbrace.or.jp/od2/B/202608/b260812.lzh,2026-10-03T18:31:30.576605+09:00
20260812,04,平和島,7,20260812-04-07,6,3992,関口智久,47,埼玉,55.0,B1,5.46,35.82,5.73,40.0,32,22.58,46,30.77,53,,https://www1.mbrace.or.jp/od2/B/202608/b260812.lzh,2026-10-03T18:31:30.576605+09:00
20260812,04,平和島,8,20260812-04-08,1,4152,深水慎一,46,東京,52.0,A2,5.32,39.77,5.43,35.53,62,41.94,32,31.71,24,,https://www1.mbrace.or.jp/od2/B/202608/b260812.lzh,2026-10-03T18:31:30.576605+09:00
20260812,04,平和島,8,20260812-04-08,2,4211,村田敦,43,東京,58.0,B1,4.6,28.26,3.95,18.6,56,17.86,27,20.0,5,1,https://www1.mbrace.or.jp/od2/B/202608/b260812.lzh,2026-10-03T18:31:30.576605+09:00
20260812,04,平和島,8,20260812-04-08,3,4421,森作広大,38,東京,57.0,B1,3.05,3.33,4.14,18.0,73,35.71,20,38.46,5,3,https://www1.mbrace.or.jp/od2/B/202608/b260812.lzh,2026-10-03T18:31:30.576605+09:00
20260812,04,平和島,8,20260812-04-08,4,3966,作間章,47,東京,54.0,A1,6.53,44.83,7.42,60.0,37,32.56,31,13.51,35,,https://www1.mbrace.or.jp/od2/B/202608/b260812.lzh,2026-10-03T18:31:30.576605+09:00
20260812,04,平和島,8,20260812-04-08,5,5422,真田聖也,24,埼玉,52.0,B2,1.3,2.13,1.28,0.0,40,48.89,15,27.78,4,2,https://www1.mbrace.or.jp/od2/B/202608/b260812.lzh,2026-10-03T18:31:30.576605+09:00
20260812,04,平和島,8,20260812-04-08,6,5365,石村日奈,25,東京,46.0,B1,2.32,6.76,2.09,0.0,38,42.86,44,34.15,56,,https://www1.mbrace.or.jp/od2/B/202608/b260812.lzh,2026-10-03T18:31:30.576605+09:00
20260812,04,平和島,9,20260812-04-09,1,3319,山崎義明,59,埼玉,53.0,A2,5.7,40.35,5.75,40.98,69,16.0,12,25.58,42,,https://www1.mbrace.or.jp/od2/B/202608/b260812.lzh,2026-10-03T18:31:30.576605+09:00
20260812,04,平和島,9,20260812-04-09,2,4496,内堀学,39,東京,55.0,A1,6.63,52.17,6.94,57.97,27,35.56,36,32.26,23,3,https://www1.mbrace.or.jp/od2/B/202608/b260812.lzh,2026-10-03T18:31:30.576605+09:00
20260812,04,平和島,9,20260812-04-09,3,5253,藤井太雅,23,東京,54.0,B2,3.16,7.89,3.56,18.52,18,42.86,33,38.46,4,2,https://www1.mbrace.or.jp/od2/B/202608/b260812.lzh,2026-10-03T18:31:30.576605+09:00
20260812,04,平和島,9,20260812-04-09,4,4460,後藤翔之,40,東京,56.0,A2,5.81,37.5,5.89,41.77,24,20.83,47,16.13,22,1,https://www1.mbrace.or.jp/od2/B/202608/b260812.lzh,2026-10-03T18:31:30.576605+09:00
20260812,04,平和島,9,20260812-04-09,5,5415,阿部未侑,20,東京,50.0,B2,1.04,0.0,1.0,0.0,47,34.15,19,33.33,4,4,https://www1.mbrace.or.jp/od2/B/202608/b260812.lzh,2026-10-03T18:31:30.576605+09:00
20260812,04,平和島,9,20260812-04-09,6,3857,阿波勝哉,53,東京,56.0,B1,4.68,29.63,4.84,28.32,45,20.0,62,28.26,56,,https://www1.mbrace.or.jp/od2/B/202608/b260812.lzh,2026-10-03T18:31:30.576605+09:00
20260812,04,平和島,10,20260812-04-10,1,4560,庄司樹良,35,東京,55.0,A2,5.6,30.11,5.71,37.18,57,9.09,75,31.25,5,4,https://www1.mbrace.or.jp/od2/B/202608/b260812.lzh,2026-10-03T18:31:30.576605+09:00
20260812,04,平和島,10,20260812-04-10,2,5005,石田貴洋,30,埼玉,52.0,A1,6.25,41.98,5.0,20.0,60,52.38,55,36.36,33,6,https://www1.mbrace.or.jp/od2/B/202608/b260812.lzh,2026-10-03T18:31:30.576605+09:00
20260812,04,平和島,10,20260812-04-10,3,4680,後藤美翼,36,東京,45.0,A2,5.35,32.38,5.62,38.46,66,21.21,70,51.52,12,,https://www1.mbrace.or.jp/od2/B/202608/b260812.lzh,2026-10-03T18:31:30.576605+09:00
20260812,04,平和島,10,20260812-04-10,4,3463,乙津康志,59,東京,52.0,B1,4.56,20.88,5.11,27.66,50,58.14,34,20.0,2,3,https://www1.mbrace.or.jp/od2/B/202608/b260812.lzh,2026-10-03T18:31:30.576605+09:00
20260812,04,平和島,10,20260812-04-10,5,4488,小山勉,40,埼玉,53.0,A1,6.82,55.56,5.32,44.0,70,14.29,35,42.86,12,5,https://www1.mbrace.or.jp/od2/B/202608/b260812.lzh,2026-10-03T18:31:30.576605+09:00
20260812,04,平和島,10,20260812-04-10,6,5292,佐藤右京,24,東京,56.0,B1,4.31,22.22,2.24,7.89,14,40.48,39,34.88,5,1,https://www1.mbrace.or.jp/od2/B/202608/b260812.lzh,2026-10-03T18:31:30.576605+09:00
20260812,04,平和島,11,20260812-04-11,1,4191,赤羽克也,45,埼玉,55.0,A1,6.5,51.11,5.69,34.29,23,43.18,13,33.33,5,5,https://www1.mbrace.or.jp/od2/B/202608/b260812.lzh,2026-10-03T18:31:30.576605+09:00
20260812,04,平和島,11,20260812-04-11,2,4813,宮内直哉,36,東京,53.0,B1,3.96,14.71,3.82,18.37,43,46.67,29,41.38,3,2,https://www1.mbrace.or.jp/od2/B/202608/b260812.lzh,2026-10-03T18:31:30.576605+09:00
20260812,04,平和島,11,20260812-04-11,3,4676,後藤隼之,38,東京,56.0,A2,5.09,25.25,5.12,29.27,39,15.38,28,35.9,4,4,https://www1.mbrace.or.jp/od2/B/202608/b260812.lzh,2026-10-03T18:31:30.576605+09:00
20260812,04,平和島,11,20260812-04-11,4,5228,若林樹蘭,23,東京,51.0,A2,5.55,33.33,6.13,43.59,19,35.56,18,33.33,3,1,https://www1.mbrace.or.jp/od2/B/202608/b260812.lzh,2026-10-03T18:31:30.576605+09:00
20260812,04,平和島,11,20260812-04-11,5,3353,前田光昭,58,埼玉,52.0,B1,2.93,8.57,4.83,50.0,36,46.15,37,30.23,4,6,https://www1.mbrace.or.jp/od2/B/202608/b260812.lzh,2026-10-03T18:31:30.576605+09:00
20260812,04,平和島,11,20260812-04-11,6,4759,今泉友吾,36,東京,51.0,A1,7.05,49.11,7.11,55.36,34,13.79,30,33.33,24,,https://www1.mbrace.or.jp/od2/B/202608/b260812.lzh,2026-10-03T18:31:30.576605+09:00
20260812,04,平和島,12,20260812-04-12,1,3256,三角哲男,59,東京,52.0,A1,6.22,47.83,6.71,47.31,46,43.33,26,25.71,11,6,https://www1.mbrace.or.jp/od2/B/202608/b260812.lzh,2026-10-03T18:31:30.576605+09:00
20260812,04,平和島,12,20260812-04-12,2,4053,芦澤望,48,東京,57.0,A2,5.3,34.88,5.57,43.24,26,35.0,50,23.26,5,3,https://www1.mbrace.or.jp/od2/B/202608/b260812.lzh,2026-10-03T18:31:30.576605+09:00
20260812,04,平和島,12,20260812-04-12,3,3826,村田修次,53,東京,53.0,A2,6.3,45.53,5.92,36.92,61,43.9,24,41.67,1,7,https://www1.mbrace.or.jp/od2/B/202608/b260812.lzh,2026-10-03T18:31:30.576605+09:00
20260812,04,平和島,12,20260812-04-12,4,4104,木下陽介,46,東京,55.0,B1,4.04,22.62,4.71,30.91,30,45.1,14,34.38,1,5,https://www1.mbrace.or.jp/od2/B/202608/b260812.lzh,2026-10-03T18:31:30.576605+09:00
20260812,04,平和島,12,20260812-04-12,5,5427,港理樹,24,東京,52.0,B1,2.91,2.56,3.24,5.88,75,21.21,23,44.44,2,2,https://www1.mbrace.or.jp/od2/B/202608/b260812.lzh,2026-10-03T18:31:30.576605+09:00
20260812,04,平和島,12,20260812-04-12,6,4036,金田諭,47,埼玉,52.0,A1,6.56,45.16,6.74,57.45,16,32.43,72,31.03,1,4,https://www1.mbrace.or.jp/od2/B/202608/b260812.lzh,2026-10-03T18:31:30.576605+09:00
20260812,03,江戸川,1,20260812-03-01,1,3569,増田進,55,東京,54.0,B1,3.98,17.05,5.36,33.11,33,26.67,70,20.0,542,10,https://www1.mbrace.or.jp/od2/B/202608/b260812.lzh,2026-10-03T18:31:30.576605+09:00
20260812,03,江戸川,1,20260812-03-01,2,4245,高橋直哉,44,東京,53.0,B1,4.32,19.44,5.15,32.61,47,21.74,31,21.74,666,9,https://www1.mbrace.or.jp/od2/B/202608/b260812.lzh,2026-10-03T18:31:30.576605+09:00
20260812,03,江戸川,1,20260812-03-01,3,3517,高橋勲,58,東京,56.0,B1,6.01,44.7,5.72,35.82,23,39.53,11,18.0,S54,7,https://www1.mbrace.or.jp/od2/B/202608/b260812.lzh,2026-10-03T18:31:30.576605+09:00
20260812,03,江戸川,1,20260812-03-01,4,4976,金山立樹,32,東京,53.0,B1,5.09,28.72,5.06,31.75,25,51.06,59,28.85,662,6,https://www1.mbrace.or.jp/od2/B/202608/b260812.lzh,2026-10-03T18:31:30.576605+09:00
20260812,03,江戸川,1,20260812-03-01,5,5371,早川颯太,24,東京,52.0,B2,1.99,2.74,1.65,2.9,48,27.08,58,21.74,653,5,https://www1.mbrace.or.jp/od2/B/202608/b260812.lzh,2026-10-03T18:31:30.576605+09:00
20260812,03,江戸川,1,20260812-03-01,6,3202,三品隆浩,61,東京,52.0,B1,4.24,24.42,5.51,38.46,32,39.53,18,25.0,434,8,https://www1.mbrace.or.jp/od2/B/202608/b260812.lzh,2026-10-03T18:31:30.576605+09:00
20260812,03,江戸川,2,20260812-03-02,1,4615,板倉敦史,46,東京,54.0,B1,4.57,25.61,4.64,21.31,50,14.58,32,48.89,564,6,https://www1.mbrace.or.jp/od2/B/202608/b260812.lzh,2026-10-03T18:31:30.576605+09:00
20260812,03,江戸川,2,20260812-03-02,2,3940,飯山泰,48,東京,53.0,A1,6.39,49.21,6.22,39.64,31,39.58,34,30.43,525,12,https://www1.mbrace.or.jp/od2/B/202608/b260812.lzh,2026-10-03T18:31:30.576605+09:00
20260812,03,江戸川,2,20260812-03-02,3,3303,渡辺豊,58,東京,55.0,B1,4.16,16.5,6.41,45.27,22,34.0,28,36.96,445,11,https://www1.mbrace.or.jp/od2/B/202608/b260812.lzh,2026-10-03T18:31:30.576605+09:00
20260812,03,江戸川,2,20260812-03-02,4,5433,米本圭佑,21,東京,50.0,B2,2.02,1.54,2.58,5.26,37,46.94,67,42.55,62S,7,https://www1.mbrace.or.jp/od2/B/202608/b260812.lzh,2026-10-03T18:31:30.576605+09:00
20260812,03,江戸川,2,20260812-03-02,5,5096,上原崚,31,東京,53.0,A2,6.29,38.46,6.38,47.22,53,33.33,26,39.13,21S,9,https://www1.mbrace.or.jp/od2/B/202608/b260812.lzh,2026-10-03T18:31:30.576605+09:00
20260812,03,江戸川,2,20260812-03-02,6,4145,小澤学,44,東京,53.0,B1,3.97,16.67,4.52,22.47,24,30.43,41,44.0,355,8,https://www1.mbrace.or.jp/od2/B/202608/b260812.lzh,2026-10-03T18:31:30.576605+09:00
20260812,03,江戸川,3,20260812-03-03,1,3602,奥平拓也,56,東京,52.0,B1,3.91,16.46,5.5,35.11,11,23.26,71,37.21,4 33,,https://www1.mbrace.or.jp/od2/B/202608/b260812.lzh,2026-10-03T18:31:30.576605+09:00
20260812,03,江戸川,3,20260812-03-03,2,4847,佐藤隆太,32,東京,53.0,A1,7.1,50.94,7.38,57.69,51,17.02,30,27.08,361,9,https://www1.mbrace.or.jp/od2/B/202608/b260812.lzh,2026-10-03T18:31:30.576605+09:00
20260812,03,江戸川,3,20260812-03-03,3,4748,渡邉雄朗,40,東京,52.0,A1,6.25,45.98,6.6,46.52,36,48.98,49,38.78,413,10,https://www1.mbrace.or.jp/od2/B/202608/b260812.lzh,2026-10-03T18:31:30.576605+09:00
20260812,03,江戸川,3,20260812-03-03,4,4438,森作雄大,40,東京,53.0,B1,4.82,32.43,5.34,35.45,38,26.09,25,30.95,143,8,https://www1.mbrace.or.jp/od2/B/202608/b260812.lzh,2026-10-03T18:31:30.576605+09:00
20260812,03,江戸川,3,20260812-03-03,5,4945,上村宏太,34,東京,54.0,B1,4.0,14.13,5.13,30.53,16,40.91,38,26.19,6 15,,https://www1.mbrace.or.jp/od2/B/202608/b260812.lzh,2026-10-03T18:31:30.576605+09:00
20260812,03,江戸川,3,20260812-03-03,6,3105,内山文典,63,東京,55.0,B1,5.19,35.06,5.24,34.53,64,50.0,57,25.58,1 35,,https://www1.mbrace.or.jp/od2/B/202608/b260812.lzh,2026-10-03T18:31:30.576605+09:00
20260812,03,江戸川,4,20260812-03-04,1,4440,萩原知哉,39,東京,55.0,B1,4.88,29.55,5.12,27.93,70,18.37,20,24.0,3 63,,https://www1.mbrace.or.jp/od2/B/202608/b260812.lzh,2026-10-03T18:31:30.576605+09:00
20260812,03,江戸川,4,20260812-03-04,2,3340,池田雷太,61,東京,54.0,B1,3.94,20.22,5.28,36.08,20,39.58,46,32.65,2 14,,https://www1.mbrace.or.jp/od2/B/202608/b260812.lzh,2026-10-03T18:31:30.576605+09:00
20260812,03,江戸川,4,20260812-03-04,3,3313,本吉正樹,61,東京,57.0,B1,4.31,22.35,4.93,28.0,35,37.78,16,55.32,155,11,https://www1.mbrace.or.jp/od2/B/202608/b260812.lzh,2026-10-03T18:31:30.576605+09:00
20260812,03,江戸川,4,20260812-03-04,4,5095,小原聡将,32,東京,51.0,A2,6.55,43.75,6.41,48.65,40,9.09,39,48.84,312,10,https://www1.mbrace.or.jp/od2/B/202608/b260812.lzh,2026-10-03T18:31:30.576605+09:00
20260812,03,江戸川,4,20260812-03-04,5,4075,中野次郎,45,東京,56.0,A1,6.48,40.4,6.62,48.65,26,26.0,10,51.02,351,12,https://www1.mbrace.or.jp/od2/B/202608/b260812.lzh,2026-10-03T18:31:30.576605+09:00
20260812,03,江戸川,4,20260812-03-04,6,5411,木下虎之,20,東京,55.0,B2,1.97,1.47,1.55,0.0,41,31.82,68,25.53,264,8,https://www1.mbrace.or.jp/od2/B/202608/b260812.lzh,2026-10-03T18:31:30.576605+09:00
20260812,03,江戸川,5,20260812-03-05,1,4598,加藤政彦,42,東京,53.0,B1,6.12,49.47,6.46,48.91,57,47.92,65,20.83,1 44,,https://www1.mbrace.or.jp/od2/B/202608/b260812.lzh,2026-10-03T18:31:30.576605+09:00
20260812,03,江戸川,5,20260812-03-05,2,4379,桑島和宏,42,東京,57.0,A2,6.19,41.32,6.31,43.28,39,25.53,15,26.53,343,12,https://www1.mbrace.or.jp/od2/B/202608/b260812.lzh,2026-10-03T18:31:30.576605+09:00
20260812,03,江戸川,5,20260812-03-05,3,5371,早川颯太,24,東京,52.0,B2,1.99,2.74,1.65,2.9,48,27.08,58,21.74,653,1,https://www1.mbrace.or.jp/od2/B/202608/b260812.lzh,2026-10-03T18:31:30.576605+09:00
20260812,03,江戸川,5,20260812-03-05,4,4345,西舘健,41,東京,56.0,A2,5.73,42.86,5.51,36.94,60,31.82,17,45.45,6 66,,https://www1.mbrace.or.jp/od2/B/202608/b260812.lzh,2026-10-03T18:31:30.576605+09:00
20260812,03,江戸川,5,20260812-03-05,5,4095,福来剛,45,東京,52.0,A1,7.1,61.61,7.05,53.33,27,35.56,22,23.4,321,11,https://www1.mbrace.or.jp/od2/B/202608/b260812.lzh,2026-10-03T18:31:30.576605+09:00
20260812,03,江戸川,5,20260812-03-05,6,4723,寺島吉彦,40,東京,50.0,B1,4.48,29.51,5.82,41.74,34,50.0,55,45.45,444,10,https://www1.mbrace.or.jp/od2/B/202608/b260812.lzh,2026-10-03T18:31:30.576605+09:00
20260812,03,江戸川,6,20260812-03-06,1,3888,山本英志,51,東京,51.0,A2,6.15,44.27,5.92,35.09,55,29.79,12,35.71,2 23,,https://www1.mbrace.or.jp/od2/B/202608/b260812.lzh,2026-10-03T18:31:30.576605+09:00
20260812,03,江戸川,6,20260812-03-06,2,5070,中島航,32,東京,53.0,B1,3.84,16.44,4.62,25.37,67,18.18,63,31.37,1 22,,https://www1.mbrace.or.jp/od2/B/202608/b260812.lzh,2026-10-03T18:31:30.576605+09:00
20260812,03,江戸川,6,20260812-03-06,3,5007,近藤雄一,29,東京,52.0,B1,4.59,22.03,5.49,35.29,62,50.0,60,39.22,5 34,,https://www1.mbrace.or.jp/od2/B/202608/b260812.lzh,2026-10-03T18:31:30.576605+09:00
20260812,03,江戸川,6,20260812-03-06,4,4615,板倉敦史,46,東京,54.0,B1,4.57,25.61,4.64,21.31,50,14.58,32,48.89,564,2,https://www1.mbrace.or.jp/od2/B/202608/b260812.lzh,2026-10-03T18:31:30.576605+09:00
20260812,03,江戸川,6,20260812-03-06,5,4976,金山立樹,32,東京,53.0,B1,5.09,28.72,5.06,31.75,25,51.06,59,28.85,662,1,https://www1.mbrace.or.jp/od2/B/202608/b260812.lzh,2026-10-03T18:31:30.576605+09:00
20260812,03,江戸川,6,20260812-03-06,6,4769,馬場剛,34,東京,53.0,A1,6.77,48.25,6.69,51.75,28,34.04,23,10.64,225,11,https://www1.mbrace.or.jp/od2/B/202608/b260812.lzh,2026-10-03T18:31:30.576605+09:00
20260812,03,江戸川,7,20260812-03-07,1,3517,高橋勲,58,東京,56.0,B1,6.01,44.7,5.72,35.82,23,39.53,11,18.0,S54,1,https://www1.mbrace.or.jp/od2/B/202608/b260812.lzh,2026-10-03T18:31:30.576605+09:00
20260812,03,江戸川,7,20260812-03-07,2,4608,荒井翔伍,36,東京,54.0,A2,5.8,37.7,6.52,41.18,43,33.33,36,31.91,535,12,https://www1.mbrace.or.jp/od2/B/202608/b260812.lzh,2026-10-03T18:31:30.576605+09:00
20260812,03,江戸川,7,20260812-03-07,3,4815,伏島祐介,36,東京,53.0,B1,3.29,12.2,4.69,23.4,66,29.55,40,44.44,5 56,,https://www1.mbrace.or.jp/od2/B/202608/b260812.lzh,2026-10-03T18:31:30.576605+09:00
20260812,03,江戸川,7,20260812-03-07,4,4366,前沢丈史,40,東京,54.0,A1,6.55,47.33,6.85,49.49,15,34.09,51,25.0,3 66,,https://www1.mbrace.or.jp/od2/B/202608/b260812.lzh,2026-10-03T18:31:30.576605+09:00
20260812,03,江戸川,7,20260812-03-07,5,4077,品田直樹,47,東京,53.0,A2,5.48,29.81,5.58,36.54,17,36.36,21,31.11,2 52,,https://www1.mbrace.or.jp/od2/B/202608/b260812.lzh,2026-10-03T18:31:30.576605+09:00
20260812,03,江戸川,7,20260812-03-07,6,5433,米本圭佑,21,東京,50.0,B2,2.02,1.54,2.58,5.26,37,46.94,67,42.55,62S,2,https://www1.mbrace.or.jp/od2/B/202608/b260812.lzh,2026-10-03T18:31:30.576605+09:00
20260812,03,江戸川,8,20260812-03-08,1,4438,森作雄大,40,東京,53.0,B1,4.82,32.43,5.34,35.45,38,26.09,25,30.95,143,3,https://www1.mbrace.or.jp/od2/B/202608/b260812.lzh,2026-10-03T18:31:30.576605+09:00
20260812,03,江戸川,8,20260812-03-08,2,4145,小澤学,44,東京,53.0,B1,3.97,16.67,4.52,22.47,24,30.43,41,44.0,355,2,https://www1.mbrace.or.jp/od2/B/202608/b260812.lzh,2026-10-03T18:31:30.576605+09:00
20260812,03,江戸川,8,20260812-03-08,3,4610,佐藤大佑,36,東京,55.0,A1,6.0,41.67,5.99,41.55,65,43.14,14,25.64,5 11,,https://www1.mbrace.or.jp/od2/B/202608/b260812.lzh,2026-10-03T18:31:30.576605+09:00
20260812,03,江戸川,8,20260812-03-08,4,5411,木下虎之,20,東京,55.0,B2,1.97,1.47,1.55,0.0,41,31.82,54,26.0,264,4,https://www1.mbrace.or.jp/od2/B/202608/b260812.lzh,2026-10-03T18:31:30.576605+09:00
20260812,03,江戸川,8,20260812-03-08,5,3202,三品隆浩,61,東京,52.0,B1,4.24,24.42,5.51,38.46,32,39.53,18,25.0,434,1,https://www1.mbrace.or.jp/od2/B/202608/b260812.lzh,2026-10-03T18:31:30.576605+09:00
20260812,03,江戸川,8,20260812-03-08,6,4266,長田頼宗,41,東京,54.0,A1,6.96,48.62,7.14,52.63,12,32.56,53,44.68,4 61,,https://www1.mbrace.or.jp/od2/B/202608/b260812.lzh,2026-10-03T18:31:30.576605+09:00
20260812,03,江戸川,9,20260812-03-09,1,5023,久永祥平,31,東京,52.0,A2,5.96,38.27,5.86,41.88,71,43.18,45,34.04,3 52,,https://www1.mbrace.or.jp/od2/B/202608/b260812.lzh,2026-10-03T18:31:30.576605+09:00
20260812,03,江戸川,9,20260812-03-09,2,4465,大西賢,39,東京,53.0,B1,4.34,20.97,4.71,27.43,68,38.46,13,40.0,1 64,,https://www1.mbrace.or.jp/od2/B/202608/b260812.lzh,2026-10-03T18:31:30.576605+09:00
20260812,03,江戸川,9,20260812-03-09,3,3277,齋藤勇,59,東京,52.0,B1,4.32,20.99,4.85,29.41,61,31.11,62,30.95,4 14,,https://www1.mbrace.or.jp/od2/B/202608/b260812.lzh,2026-10-03T18:31:30.576605+09:00
20260812,03,江戸川,9,20260812-03-09,4,4245,高橋直哉,44,東京,53.0,B1,4.32,19.44,5.15,32.61,47,21.74,31,21.74,666,1,https://www1.mbrace.or.jp/od2/B/202608/b260812.lzh,2026-10-03T18:31:30.576605+09:00
20260812,03,江戸川,9,20260812-03-09,5,4847,佐藤隆太,32,東京,53.0,A1,7.1,50.94,7.38,57.69,51,17.02,30,27.08,361,3,https://www1.mbrace.or.jp/od2/B/202608/b260812.lzh,2026-10-03T18:31:30.576605+09:00
20260812,03,江戸川,9,20260812-03-09,6,5096,上原崚,31,東京,53.0,A2,6.29,38.46,6.38,47.22,53,33.33,26,39.13,21S,2,https://www1.mbrace.or.jp/od2/B/202608/b260812.lzh,2026-10-03T18:31:30.576605+09:00
20260812,03,江戸川,10,20260812-03-10,1,4748,渡邉雄朗,40,東京,52.0,A1,6.25,45.98,6.6,46.52,36,48.98,49,38.78,413,3,https://www1.mbrace.or.jp/od2/B/202608/b260812.lzh,2026-10-03T18:31:30.576605+09:00
20260812,03,江戸川,10,20260812-03-10,2,4723,寺島吉彦,40,東京,50.0,B1,4.48,29.51,5.82,41.74,34,50.0,55,45.45,444,5,https://www1.mbrace.or.jp/od2/B/202608/b260812.lzh,2026-10-03T18:31:30.576605+09:00
20260812,03,江戸川,10,20260812-03-10,3,5095,小原聡将,32,東京,51.0,A2,6.55,43.75,6.41,48.65,40,9.09,39,48.84,312,4,https://www1.mbrace.or.jp/od2/B/202608/b260812.lzh,2026-10-03T18:31:30.576605+09:00
20260812,03,江戸川,10,20260812-03-10,4,3716,石渡鉄兵,51,東京,54.0,A1,6.91,44.0,7.86,61.47,18,27.66,69,17.78,1 16,,https://www1.mbrace.or.jp/od2/B/202608/b260812.lzh,2026-10-03T18:31:30.576605+09:00
20260812,03,江戸川,10,20260812-03-10,5,3569,増田進,55,東京,54.0,B1,3.98,17.05,5.36,33.11,33,26.67,70,20.0,542,1,https://www1.mbrace.or.jp/od2/B/202608/b260812.lzh,2026-10-03T18:31:30.576605+09:00
20260812,03,江戸川,10,20260812-03-10,6,4086,寺本重宣,46,東京,50.0,A2,6.01,39.52,5.89,36.14,10,31.82,29,40.91,2 12,,https://www1.mbrace.or.jp/od2/B/202608/b260812.lzh,2026-10-03T18:31:30.576605+09:00
20260812,03,江戸川,11,20260812-03-11,1,4095,福来剛,45,東京,52.0,A1,7.1,61.61,7.05,53.33,27,35.56,22,23.4,321,5,https://www1.mbrace.or.jp/od2/B/202608/b260812.lzh,2026-10-03T18:31:30.576605+09:00
20260812,03,江戸川,11,20260812-03-11,2,3313,本吉正樹,61,東京,57.0,B1,4.31,22.35,4.93,28.0,35,37.78,16,55.32,155,4,https://www1.mbrace.or.jp/od2/B/202608/b260812.lzh,2026-10-03T18:31:30.576605+09:00
20260812,03,江戸川,11,20260812-03-11,3,4769,馬場剛,34,東京,53.0,A1,6.77,48.25,6.69,51.75,28,34.04,23,10.64,225,6,https://www1.mbrace.or.jp/od2/B/202608/b260812.lzh,2026-10-03T18:31:30.576605+09:00
20260812,03,江戸川,11,20260812-03-11,4,4430,永田秀二,40,東京,56.0,A2,5.65,33.04,6.25,43.61,13,40.91,27,56.82,1 31,,https://www1.mbrace.or.jp/od2/B/202608/b260812.lzh,2026-10-03T18:31:30.576605+09:00
20260812,03,江戸川,11,20260812-03-11,5,3303,渡辺豊,58,東京,55.0,B1,4.16,16.5,6.41,45.27,22,34.0,28,36.96,445,2,https://www1.mbrace.or.jp/od2/B/202608/b260812.lzh,2026-10-03T18:31:30.576605+09:00
20260812,03,江戸川,11,20260812-03-11,6,5279,石渡翔一,23,東京,53.0,B1,5.6,37.76,5.48,37.28,19,21.28,64,45.1,2 23,,https://www1.mbrace.or.jp/od2/B/202608/b260812.lzh,2026-10-03T18:31:30.576605+09:00
20260812,03,江戸川,12,20260812-03-12,1,4075,中野次郎,45,東京,56.0,A1,6.48,40.4,6.62,48.65,26,26.0,61,40.74,351,4,https://www1.mbrace.or.jp/od2/B/202608/b260812.lzh,2026-10-03T18:31:30.576605+09:00
20260812,03,江戸川,12,20260812-03-12,2,3911,鈴木猛,52,東京,53.0,B1,5.25,33.03,5.2,31.0,58,22.0,24,33.33,3 22,,https://www1.mbrace.or.jp/od2/B/202608/b260812.lzh,2026-10-03T18:31:30.576605+09:00
20260812,03,江戸川,12,20260812-03-12,3,4954,内山峻輔,31,東京,53.0,B1,4.34,22.5,6.14,45.95,14,15.56,33,34.78,1 54,,https://www1.mbrace.or.jp/od2/B/202608/b260812.lzh,2026-10-03T18:31:30.576605+09:00
20260812,03,江戸川,12,20260812-03-12,4,3940,飯山泰,48,東京,53.0,A1,6.39,49.21,6.22,39.64,31,39.58,34,30.43,525,2,https://www1.mbrace.or.jp/od2/B/202608/b260812.lzh,2026-10-03T18:31:30.576605+09:00
20260812,03,江戸川,12,20260812-03-12,5,4608,荒井翔伍,36,東京,54.0,A2,5.8,37.7,6.52,41.18,43,33.33,36,31.91,535,7,https://www1.mbrace.or.jp/od2/B/202608/b260812.lzh,2026-10-03T18:31:30.576605+09:00
20260812,03,江戸川,12,20260812-03-12,6,4379,桑島和宏,42,東京,57.0,A2,6.19,41.32,6.31,43.28,39,25.53,15,26.53,343,5,https://www1.mbrace.or.jp/od2/B/202608/b260812.lzh,2026-10-03T18:31:30.576605+09:00
20260812,02,戸田,1,20260812-02-01,1,5368,宮崎心之,24,埼玉,52.0,B1,6.64,50.0,3.92,28.57,3,42.86,12,25.0,,10,https://www1.mbrace.or.jp/od2/B/202608/b260812.lzh,2026-10-03T18:31:30.576605+09:00
20260812,02,戸田,1,20260812-02-01,2,5394,福西広太,24,埼玉,53.0,B1,2.98,5.43,2.62,2.7,61,0.0,16,16.67,,,https://www1.mbrace.or.jp/od2/B/202608/b260812.lzh,2026-10-03T18:31:30.576605+09:00
20260812,02,戸田,1,20260812-02-01,3,5246,楠将太郎,24,埼玉,52.0,A2,5.35,39.53,5.13,36.97,17,28.57,20,50.0,,,https://www1.mbrace.or.jp/od2/B/202608/b260812.lzh,2026-10-03T18:31:30.576605+09:00
20260812,02,戸田,1,20260812-02-01,4,3952,中澤和志,50,埼玉,53.0,A1,6.67,50.0,7.34,54.36,11,37.5,59,0.0,,11,https://www1.mbrace.or.jp/od2/B/202608/b260812.lzh,2026-10-03T18:31:30.576605+09:00
20260812,02,戸田,1,20260812-02-01,5,4031,飯島誠,47,埼玉,53.0,B1,5.08,33.7,4.96,30.67,2,0.0,71,0.0,,6,https://www1.mbrace.or.jp/od2/B/202608/b260812.lzh,2026-10-03T18:31:30.576605+09:00
20260812,02,戸田,1,20260812-02-01,6,4898,菊地敬介,34,埼玉,56.0,B1,4.57,27.94,4.71,16.13,1,14.29,19,42.86,,,https://www1.mbrace.or.jp/od2/B/202608/b260812.lzh,2026-10-03T18:31:30.576605+09:00
20260812,02,戸田,2,20260812-02-02,1,5194,大久保佑,24,埼玉,42.0,B1,4.39,27.78,4.52,27.17,62,0.0,67,0.0,,8,https://www1.mbrace.or.jp/od2/B/202608/b260812.lzh,2026-10-03T18:31:30.576605+09:00
20260812,02,戸田,2,20260812-02-02,2,3983,須藤博倫,48,埼玉,52.0,A1,6.87,50.86,6.76,52.56,47,0.0,13,0.0,,12,https://www1.mbrace.or.jp/od2/B/202608/b260812.lzh,2026-10-03T18:31:30.576605+09:00
20260812,02,戸田,2,20260812-02-02,3,4428,有賀達也,40,埼玉,53.0,A2,5.94,40.95,5.95,41.48,4,42.86,38,0.0,,10,https://www1.mbrace.or.jp/od2/B/202608/b260812.lzh,2026-10-03T18:31:30.576605+09:00
20260812,02,戸田,2,20260812-02-02,4,3880,浅見宗孝,53,埼玉,57.0,B1,4.27,17.33,3.91,20.0,51,0.0,17,16.67,,7,https://www1.mbrace.or.jp/od2/B/202608/b260812.lzh,2026-10-03T18:31:30.576605+09:00
20260812,02,戸田,2,20260812-02-02,5,3381,滝沢芳行,57,埼玉,54.0,B1,4.79,27.91,5.9,41.13,56,0.0,58,0.0,,11,https://www1.mbrace.or.jp/od2/B/202608/b260812.lzh,2026-10-03T18:31:30.576605+09:00
20260812,02,戸田,2,20260812-02-02,6,5112,砂長知輝,26,埼玉,53.0,A1,6.95,52.73,7.02,57.04,7,0.0,60,0.0,,,https://www1.mbrace.or.jp/od2/B/202608/b260812.lzh,2026-10-03T18:31:30.576605+09:00
20260812,02,戸田,3,20260812-02-03,1,4432,黄金井力,40,埼玉,54.0,B1,5.13,27.59,5.0,19.67,26,28.57,24,14.29,,7,https://www1.mbrace.or.jp/od2/B/202608/b260812.lzh,2026-10-03T18:31:30.576605+09:00
20260812,02,戸田,3,20260812-02-03,2,5182,宮崎安奈,28,埼玉,46.0,B1,4.58,26.92,4.68,22.06,60,0.0,74,0.0,,8,https://www1.mbrace.or.jp/od2/B/202608/b260812.lzh,2026-10-03T18:31:30.576605+09:00
20260812,02,戸田,3,20260812-02-03,3,4953,尾上雅也,31,埼玉,53.0,A1,6.84,54.03,6.74,52.94,52,0.0,69,0.0,,9,https://www1.mbrace.or.jp/od2/B/202608/b260812.lzh,2026-10-03T18:31:30.576605+09:00
20260812,02,戸田,3,20260812-02-03,4,4144,石塚久也,44,埼玉,53.0,A2,6.45,47.12,6.83,52.78,46,0.0,61,0.0,,11,https://www1.mbrace.or.jp/od2/B/202608/b260812.lzh,2026-10-03T18:31:30.576605+09:00
20260812,02,戸田,3,20260812-02-03,5,5051,松本純平,31,埼玉,56.0,A1,6.61,47.17,6.74,50.0,21,42.86,32,42.86,,12,https://www1.mbrace.or.jp/od2/B/202608/b260812.lzh,2026-10-03T18:31:30.576605+09:00
20260812,02,戸田,3,20260812-02-03,6,4186,小川時光,45,埼玉,56.0,B1,3.59,15.85,4.77,28.85,13,42.86,64,0.0,,,https://www1.mbrace.or.jp/od2/B/202608/b260812.lzh,2026-10-03T18:31:30.576605+09:00
20260812,02,戸田,4,20260812-02-04,1,3647,伊藤雄二,53,埼玉,49.0,B1,3.2,10.2,4.29,16.67,12,42.86,75,0.0,,,https://www1.mbrace.or.jp/od2/B/202608/b260812.lzh,2026-10-03T18:31:30.576605+09:00
20260812,02,戸田,4,20260812-02-04,2,5066,鈴木孝明,27,埼玉,54.0,A1,6.81,55.46,5.88,42.5,50,0.0,18,57.14,,11,https://www1.mbrace.or.jp/od2/B/202608/b260812.lzh,2026-10-03T18:31:30.576605+09:00
20260812,02,戸田,4,20260812-02-04,3,5191,飛田江己,25,埼玉,52.0,A1,7.07,54.48,6.52,50.25,45,0.0,23,37.5,,12,https://www1.mbrace.or.jp/od2/B/202608/b260812.lzh,2026-10-03T18:31:30.576605+09:00
20260812,02,戸田,4,20260812-02-04,4,4900,中田夕貴,33,埼玉,47.0,B1,5.06,27.69,5.25,34.4,9,28.57,57,0.0,,8,https://www1.mbrace.or.jp/od2/B/202608/b260812.lzh,2026-10-03T18:31:30.576605+09:00
20260812,02,戸田,4,20260812-02-04,5,5220,青木蓮,25,埼玉,51.0,A2,6.91,55.56,6.43,47.52,15,71.43,34,57.14,,9,https://www1.mbrace.or.jp/od2/B/202608/b260812.lzh,2026-10-03T18:31:30.576605+09:00
20260812,02,戸田,4,20260812-02-04,6,3696,白井友晴,54,埼玉,54.0,B1,4.96,26.09,5.44,33.87,10,16.67,29,14.29,,10,https://www1.mbrace.or.jp/od2/B/202608/b260812.lzh,2026-10-03T18:31:30.576605+09:00
20260812,02,戸田,5,20260812-02-05,1,3679,飯島昌弘,53,埼玉,53.0,A2,6.84,51.52,6.66,48.35,14,28.57,11,42.86,,10,https://www1.mbrace.or.jp/od2/B/202608/b260812.lzh,2026-10-03T18:31:30.576605+09:00
20260812,02,戸田,5,20260812-02-05,2,3497,後藤浩,58,埼玉,52.0,B1,4.33,28.4,5.6,38.46,65,0.0,73,0.0,,11,https://www1.mbrace.or.jp/od2/B/202608/b260812.lzh,2026-10-03T18:31:30.576605+09:00
20260812,02,戸田,5,20260812-02-05,3,5288,尾道佳諭,26,埼玉,53.0,B1,4.04,16.42,3.59,18.75,20,14.29,27,0.0,,,https://www1.mbrace.or.jp/od2/B/202608/b260812.lzh,2026-10-03T18:31:30.576605+09:00
20260812,02,戸田,5,20260812-02-05,4,4532,秋元哲,37,埼玉,51.0,A1,6.81,51.76,6.97,53.96,54,0.0,77,0.0,,12,https://www1.mbrace.or.jp/od2/B/202608/b260812.lzh,2026-10-03T18:31:30.576605+09:00
20260812,02,戸田,5,20260812-02-05,5,4201,佐竹友樹,44,埼玉,53.0,B1,4.1,19.05,5.47,36.27,22,50.0,25,0.0,,,https://www1.mbrace.or.jp/od2/B/202608/b260812.lzh,2026-10-03T18:31:30.576605+09:00
20260812,02,戸田,5,20260812-02-05,6,4836,大谷健太,37,埼玉,52.0,B1,5.1,29.55,4.66,25.81,6,50.0,62,0.0,,9,https://www1.mbrace.or.jp/od2/B/202608/b260812.lzh,2026-10-03T18:31:30.576605+09:00
20260812,02,戸田,6,20260812-02-06,1,3503,堂原洋史,56,埼玉,51.0,B1,3.62,15.29,3.78,17.39,5,25.0,76,0.0,,,https://www1.mbrace.or.jp/od2/B/202608/b260812.lzh,2026-10-03T18:31:30.576605+09:00
20260812,02,戸田,6,20260812-02-06,2,4637,中田友也,36,埼玉,57.0,A2,5.4,36.76,5.86,37.29,8,100.0,15,28.57,,,https://www1.mbrace.or.jp/od2/B/202608/b260812.lzh,2026-10-03T18:31:30.576605+09:00
20260812,02,戸田,6,20260812-02-06,3,4031,飯島誠,47,埼玉,53.0,B1,5.08,33.7,4.96,30.67,2,0.0,71,0.0,,1,https://www1.mbrace.or.jp/od2/B/202608/b260812.lzh,2026-10-03T18:31:30.576605+09:00
20260812,02,戸田,6,20260812-02-06,4,4159,向後龍一,45,埼玉,52.0,A2,6.31,47.11,6.01,48.2,23,0.0,30,28.57,,,https://www1.mbrace.or.jp/od2/B/202608/b260812.lzh,2026-10-03T18:31:30.576605+09:00
20260812,02,戸田,6,20260812-02-06,5,3793,高橋真吾,53,埼玉,57.0,B1,3.9,20.22,3.73,15.0,53,0.0,68,0.0,,,https://www1.mbrace.or.jp/od2/B/202608/b260812.lzh,2026-10-03T18:31:30.576605+09:00
20260812,02,戸田,6,20260812-02-06,6,4444,桐生順平,39,埼玉,52.0,A1,7.27,41.41,8.33,66.67,63,0.0,66,0.0,,12,https://www1.mbrace.or.jp/od2/B/202608/b260812.lzh,2026-10-03T18:31:30.576605+09:00
20260812,02,戸田,7,20260812-02-07,1,4547,中田竜太,38,埼玉,52.0,A1,6.82,40.78,6.96,50.0,57,0.0,63,0.0,,12,https://www1.mbrace.or.jp/od2/B/202608/b260812.lzh,2026-10-03T18:31:30.576605+09:00
20260812,02,戸田,7,20260812-02-07,2,3075,中村裕将,63,埼玉,55.0,B1,4.76,29.67,5.16,31.82,59,0.0,22,42.86,,,https://www1.mbrace.or.jp/od2/B/202608/b260812.lzh,2026-10-03T18:31:30.576605+09:00
20260812,02,戸田,7,20260812-02-07,3,3306,武田正紀,58,埼玉,55.0,B1,4.14,21.05,4.81,22.68,29,85.71,56,0.0,,,https://www1.mbrace.or.jp/od2/B/202608/b260812.lzh,2026-10-03T18:31:30.576605+09:00
20260812,02,戸田,7,20260812-02-07,4,4110,小澤和也,46,埼玉,57.0,B1,3.74,17.11,5.34,35.59,49,0.0,35,50.0,,,https://www1.mbrace.or.jp/od2/B/202608/b260812.lzh,2026-10-03T18:31:30.576605+09:00
20260812,02,戸田,7,20260812-02-07,5,4432,黄金井力,40,埼玉,54.0,B1,5.13,27.59,5.0,19.67,26,28.57,24,14.29,,3,https://www1.mbrace.or.jp/od2/B/202608/b260812.lzh,2026-10-03T18:31:30.576605+09:00
20260812,02,戸田,7,20260812-02-07,6,3880,浅見宗孝,53,埼玉,57.0,B1,4.27,17.33,3.91,20.0,51,0.0,17,16.67,,2,https://www1.mbrace.or.jp/od2/B/202608/b260812.lzh,2026-10-03T18:31:30.576605+09:00
20260812,02,戸田,8,20260812-02-08,1,4419,原加央理,39,埼玉,46.0,A2,5.66,37.78,5.65,34.55,19,0.0,31,0.0,,,https://www1.mbrace.or.jp/od2/B/202608/b260812.lzh,2026-10-03T18:31:30.576605+09:00
20260812,02,戸田,8,20260812-02-08,2,4900,中田夕貴,33,埼玉,47.0,B1,5.06,27.69,5.25,34.4,9,28.57,57,0.0,,4,https://www1.mbrace.or.jp/od2/B/202608/b260812.lzh,2026-10-03T18:31:30.576605+09:00
20260812,02,戸田,8,20260812-02-08,3,5357,田中瀬里,21,埼玉,54.0,B2,1.49,0.0,1.58,0.0,55,0.0,70,0.0,,,https://www1.mbrace.or.jp/od2/B/202608/b260812.lzh,2026-10-03T18:31:30.576605+09:00
20260812,02,戸田,8,20260812-02-08,4,5182,宮崎安奈,28,埼玉,46.0,B1,4.58,26.92,4.68,22.06,60,0.0,74,0.0,,3,https://www1.mbrace.or.jp/od2/B/202608/b260812.lzh,2026-10-03T18:31:30.576605+09:00
20260812,02,戸田,8,20260812-02-08,5,5194,大久保佑,24,埼玉,42.0,B1,4.39,27.78,4.52,27.17,62,0.0,67,0.0,,2,https://www1.mbrace.or.jp/od2/B/202608/b260812.lzh,2026-10-03T18:31:30.576605+09:00
20260812,02,戸田,8,20260812-02-08,6,5454,谷島咲希,20,埼玉,48.0,B2,1.55,2.38,1.25,0.0,16,42.86,54,0.0,,,https://www1.mbrace.or.jp/od2/B/202608/b260812.lzh,2026-10-03T18:31:30.576605+09:00
20260812,02,戸田,9,20260812-02-09,1,5220,青木蓮,25,埼玉,51.0,A2,6.91,55.56,6.43,47.52,15,71.43,34,57.14,,4,https://www1.mbrace.or.jp/od2/B/202608/b260812.lzh,2026-10-03T18:31:30.576605+09:00
20260812,02,戸田,9,20260812-02-09,2,5035,櫻井優,28,埼玉,54.0,A2,5.36,33.33,5.51,38.46,58,0.0,72,0.0,,,https://www1.mbrace.or.jp/od2/B/202608/b260812.lzh,2026-10-03T18:31:30.576605+09:00
20260812,02,戸田,9,20260812-02-09,3,4836,大谷健太,37,埼玉,52.0,B1,5.1,29.55,4.66,25.81,6,50.0,62,0.0,,5,https://www1.mbrace.or.jp/od2/B/202608/b260812.lzh,2026-10-03T18:31:30.576605+09:00
20260812,02,戸田,9,20260812-02-09,4,3807,岡部哲,51,埼玉,51.0,B1,4.95,27.1,4.76,22.97,18,57.14,21,50.0,,,https://www1.mbrace.or.jp/od2/B/202608/b260812.lzh,2026-10-03T18:31:30.576605+09:00
20260812,02,戸田,9,20260812-02-09,5,4953,尾上雅也,31,埼玉,53.0,A1,6.84,54.03,6.74,52.94,52,0.0,69,0.0,,3,https://www1.mbrace.or.jp/od2/B/202608/b260812.lzh,2026-10-03T18:31:30.576605+09:00
20260812,02,戸田,9,20260812-02-09,6,5132,中野希一,27,埼玉,52.0,A1,7.0,58.65,6.84,54.81,64,0.0,65,0.0,,,https://www1.mbrace.or.jp/od2/B/202608/b260812.lzh,2026-10-03T18:31:30.576605+09:00
20260812,02,戸田,10,20260812-02-10,1,4809,外崎悟,37,埼玉,52.0,A1,5.74,33.71,5.4,35.58,24,16.67,26,42.86,,,https://www1.mbrace.or.jp/od2/B/202608/b260812.lzh,2026-10-03T18:31:30.576605+09:00
20260812,02,戸田,10,20260812-02-10,2,3696,白井友晴,54,埼玉,54.0,B1,4.96,26.09,5.44,33.87,10,16.67,29,14.29,,4,https://www1.mbrace.or.jp/od2/B/202608/b260812.lzh,2026-10-03T18:31:30.576605+09:00
20260812,02,戸田,10,20260812-02-10,3,3679,飯島昌弘,53,埼玉,53.0,A2,6.84,51.52,6.66,48.35,14,28.57,11,42.86,,5,https://www1.mbrace.or.jp/od2/B/202608/b260812.lzh,2026-10-03T18:31:30.576605+09:00
20260812,02,戸田,10,20260812-02-10,4,5368,宮崎心之,24,埼玉,52.0,B1,6.64,50.0,3.92,28.57,3,42.86,12,25.0,,1,https://www1.mbrace.or.jp/od2/B/202608/b260812.lzh,2026-10-03T18:31:30.576605+09:00
20260812,02,戸田,10,20260812-02-10,5,4428,有賀達也,40,埼玉,53.0,A2,5.94,40.95,5.95,41.48,4,42.86,38,0.0,,2,https://www1.mbrace.or.jp/od2/B/202608/b260812.lzh,2026-10-03T18:31:30.576605+09:00
20260812,02,戸田,10,20260812-02-10,6,5087,佐藤航,26,埼玉,54.0,A1,6.37,51.72,6.09,44.74,27,50.0,14,57.14,,,https://www1.mbrace.or.jp/od2/B/202608/b260812.lzh,2026-10-03T18:31:30.576605+09:00
20260812,02,戸田,11,20260812-02-11,1,3952,中澤和志,50,埼玉,53.0,A1,6.67,50.0,7.34,54.36,11,37.5,59,0.0,,1,https://www1.mbrace.or.jp/od2/B/202608/b260812.lzh,2026-10-03T18:31:30.576605+09:00
20260812,02,戸田,11,20260812-02-11,2,4144,石塚久也,44,埼玉,53.0,A2,6.45,47.12,6.83,52.78,46,0.0,61,0.0,,3,https://www1.mbrace.or.jp/od2/B/202608/b260812.lzh,2026-10-03T18:31:30.576605+09:00
20260812,02,戸田,11,20260812-02-11,3,3381,滝沢芳行,57,埼玉,54.0,B1,4.79,27.91,5.9,41.13,56,0.0,58,0.0,,2,https://www1.mbrace.or.jp/od2/B/202608/b260812.lzh,2026-10-03T18:31:30.576605+09:00
20260812,02,戸田,11,20260812-02-11,4,5066,鈴木孝明,27,埼玉,54.0,A1,6.81,55.46,5.88,42.5,50,0.0,18,57.14,,4,https://www1.mbrace.or.jp/od2/B/202608/b260812.lzh,2026-10-03T18:31:30.576605+09:00
20260812,02,戸田,11,20260812-02-11,5,3497,後藤浩,58,埼玉,52.0,B1,4.33,28.4,5.6,38.46,65,0.0,73,0.0,,5,https://www1.mbrace.or.jp/od2/B/202608/b260812.lzh,2026-10-03T18:31:30.576605+09:00
20260812,02,戸田,11,20260812-02-11,6,4230,濱崎直矢,43,埼玉,54.0,A2,6.44,47.62,6.1,45.68,48,0.0,28,42.86,,,https://www1.mbrace.or.jp/od2/B/202608/b260812.lzh,2026-10-03T18:31:30.576605+09:00
20260812,02,戸田,12,20260812-02-12,1,4532,秋元哲,37,埼玉,51.0,A1,6.81,51.76,6.97,53.96,54,0.0,77,0.0,,5,https://www1.mbrace.or.jp/od2/B/202608/b260812.lzh,2026-10-03T18:31:30.576605+09:00
20260812,02,戸田,12,20260812-02-12,2,5051,松本純平,31,埼玉,56.0,A1,6.61,47.17,6.74,50.0,21,42.86,32,42.86,,3,https://www1.mbrace.or.jp/od2/B/202608/b260812.lzh,2026-10-03T18:31:30.576605+09:00
20260812,02,戸田,12,20260812-02-12,3,4444,桐生順平,39,埼玉,52.0,A1,7.27,41.41,8.33,66.67,63,0.0,66,0.0,,6,https://www1.mbrace.or.jp/od2/B/202608/b260812.lzh,2026-10-03T18:31:30.576605+09:00
20260812,02,戸田,12,20260812-02-12,4,4547,中田竜太,38,埼玉,52.0,A1,6.82,40.78,6.96,50.0,57,0.0,63,0.0,,7,https://www1.mbrace.or.jp/od2/B/202608/b260812.lzh,2026-10-03T18:31:30.576605+09:00
20260812,02,戸田,12,20260812-02-12,5,3983,須藤博倫,48,埼玉,52.0,A1,6.87,50.86,6.76,52.56,47,0.0,13,0.0,,2,https://www1.mbrace.or.jp/od2/B/202608/b260812.lzh,2026-10-03T18:31:30.576605+09:00
20260812,02,戸田,12,20260812-02-12,6,5191,飛田江己,25,埼玉,52.0,A1,7.07,54.48,6.52,50.25,45,0.0,23,37.5,,4,https://www1.mbrace.or.jp/od2/B/202608/b260812.lzh,2026-10-03T18:31:30.576605+09:00
20260812,01,桐生,1,20260812-01-01,1,3973,崎利仁,49,群馬,55.0,B1,4.44,25.74,4.92,28.93,30,46.72,17,35.48,6,7,https://www1.mbrace.or.jp/od2/B/202608/b260812.lzh,2026-10-03T18:31:30.576605+09:00
20260812,01,桐生,1,20260812-01-01,2,3532,柴田光,54,群馬,56.0,B2,5.98,40.63,6.53,48.57,26,31.98,62,33.13,2,11,https://www1.mbrace.or.jp/od2/B/202608/b260812.lzh,2026-10-03T18:31:30.576605+09:00
20260812,01,桐生,1,20260812-01-01,3,3482,金子猛志,55,群馬,61.0,B1,4.93,29.17,5.55,34.33,46,37.28,45,44.1,6,6,https://www1.mbrace.or.jp/od2/B/202608/b260812.lzh,2026-10-03T18:31:30.576605+09:00
20260812,01,桐生,1,20260812-01-01,4,5153,佐藤ほの,30,東京,47.0,B1,3.72,15.05,2.73,7.32,31,37.27,28,32.12,5,5,https://www1.mbrace.or.jp/od2/B/202608/b260812.lzh,2026-10-03T18:31:30.576605+09:00
20260812,01,桐生,1,20260812-01-01,5,3659,藤生雄人,51,群馬,55.0,A2,5.59,32.53,5.94,42.26,65,36.84,44,40.88,S,9,https://www1.mbrace.or.jp/od2/B/202608/b260812.lzh,2026-10-03T18:31:30.576605+09:00
20260812,01,桐生,1,20260812-01-01,6,4486,野村誠,40,群馬,54.0,A2,6.06,43.27,5.65,40.32,33,40.83,66,35.15,5,10,https://www1.mbrace.or.jp/od2/B/202608/b260812.lzh,2026-10-03T18:31:30.576605+09:00
20260812,01,桐生,2,20260812-01-02,1,3947,寺本昇平,50,群馬,48.0,B1,4.33,15.91,5.17,29.35,71,32.43,59,38.1,5,6,https://www1.mbrace.or.jp/od2/B/202608/b260812.lzh,2026-10-03T18:31:30.576605+09:00
20260812,01,桐生,2,20260812-01-02,2,4766,石井孝之,35,群馬,53.0,B1,4.3,19.48,4.88,32.93,28,39.87,15,42.31,1,12,https://www1.mbrace.or.jp/od2/B/202608/b260812.lzh,2026-10-03T18:31:30.576605+09:00
20260812,01,桐生,2,20260812-01-02,3,4987,島倉都,29,群馬,48.0,B1,3.73,16.85,4.46,30.38,49,35.96,22,31.93,3,7,https://www1.mbrace.or.jp/od2/B/202608/b260812.lzh,2026-10-03T18:31:30.576605+09:00
20260812,01,桐生,2,20260812-01-02,4,4281,大澤大夢,42,埼玉,52.0,B1,5.12,29.35,4.77,15.38,44,27.63,52,41.88,56,,https://www1.mbrace.or.jp/od2/B/202608/b260812.lzh,2026-10-03T18:31:30.576605+09:00
20260812,01,桐生,2,20260812-01-02,5,5065,伊久間陽,28,群馬,53.0,A2,5.36,39.74,4.49,26.23,34,38.38,54,37.65,2,11,https://www1.mbrace.or.jp/od2/B/202608/b260812.lzh,2026-10-03T18:31:30.576605+09:00
20260812,01,桐生,2,20260812-01-02,6,4787,椎名豊,37,群馬,53.0,A1,7.77,70.69,7.3,59.4,73,46.92,14,37.95,1,9,https://www1.mbrace.or.jp/od2/B/202608/b260812.lzh,2026-10-03T18:31:30.576605+09:00
20260812,01,桐生,3,20260812-01-03,1,3860,松本浩貴,53,埼玉,52.0,B1,3.81,18.75,4.76,32.35,59,42.07,67,27.98,6,7,https://www1.mbrace.or.jp/od2/B/202608/b260812.lzh,2026-10-03T18:31:30.576605+09:00
20260812,01,桐生,3,20260812-01-03,2,4940,白石有美,28,東京,52.0,B2,4.05,18.92,0.0,0.0,37,33.72,24,35.26,2,,https://www1.mbrace.or.jp/od2/B/202608/b260812.lzh,2026-10-03T18:31:30.576605+09:00
20260812,01,桐生,3,20260812-01-03,3,3827,今泉徹,53,群馬,51.0,B1,4.06,13.64,4.53,19.29,64,32.75,46,29.63,3,8,https://www1.mbrace.or.jp/od2/B/202608/b260812.lzh,2026-10-03T18:31:30.576605+09:00
20260812,01,桐生,3,20260812-01-03,4,5364,金子怜央,26,群馬,52.0,B1,2.37,4.26,2.55,4.55,38,41.73,40,32.5,6,,https://www1.mbrace.or.jp/od2/B/202608/b260812.lzh,2026-10-03T18:31:30.576605+09:00
20260812,01,桐生,3,20260812-01-03,5,3740,大澤普司,52,群馬,53.0,A1,6.11,42.14,6.48,47.97,27,48.95,39,31.18,33,12,https://www1.mbrace.or.jp/od2/B/202608/b260812.lzh,2026-10-03T18:31:30.576605+09:00
20260812,01,桐生,3,20260812-01-03,6,4188,久田敏之,45,群馬,52.0,A1,7.89,64.41,7.41,58.78,14,45.59,71,38.15,12,11,https://www1.mbrace.or.jp/od2/B/202608/b260812.lzh,2026-10-03T18:31:30.576605+09:00
20260812,01,桐生,4,20260812-01-04,1,3441,土屋太朗,57,群馬,54.0,B1,4.6,22.0,5.27,31.03,17,34.39,29,31.71,1,10,https://www1.mbrace.or.jp/od2/B/202608/b260812.lzh,2026-10-03T18:31:30.576605+09:00
20260812,01,桐生,4,20260812-01-04,2,4362,土屋智則,41,群馬,52.0,A1,6.91,48.36,7.55,58.77,21,31.55,57,39.74,4,11,https://www1.mbrace.or.jp/od2/B/202608/b260812.lzh,2026-10-03T18:31:30.576605+09:00
20260812,01,桐生,4,20260812-01-04,3,5301,岩下巧斗,23,群馬,52.0,B1,5.31,32.98,3.52,11.88,48,33.14,36,35.29,5,9,https://www1.mbrace.or.jp/od2/B/202608/b260812.lzh,2026-10-03T18:31:30.576605+09:00
20260812,01,桐生,4,20260812-01-04,4,3850,小川知行,54,群馬,54.0,B1,4.29,25.25,4.58,27.54,45,39.42,11,29.76,34,,https://www1.mbrace.or.jp/od2/B/202608/b260812.lzh,2026-10-03T18:31:30.576605+09:00
20260812,01,桐生,4,20260812-01-04,5,5090,生方靖亜,25,群馬,54.0,B1,5.31,32.84,4.96,31.14,15,41.07,21,31.55,32,,https://www1.mbrace.or.jp/od2/B/202608/b260812.lzh,2026-10-03T18:31:30.576605+09:00
20260812,01,桐生,4,20260812-01-04,6,4539,金子賢志,35,群馬,53.0,A1,6.52,44.07,6.55,52.98,20,40.8,42,32.75,1,12,https://www1.mbrace.or.jp/od2/B/202608/b260812.lzh,2026-10-03T18:31:30.576605+09:00
20260812,01,桐生,5,20260812-01-05,1,3805,高橋英之,52,東京,53.0,B1,5.47,37.36,5.68,39.29,47,29.07,68,30.95,31,,https://www1.mbrace.or.jp/od2/B/202608/b260812.lzh,2026-10-03T18:31:30.576605+09:00
20260812,01,桐生,5,20260812-01-05,2,4851,関浩哉,31,群馬,50.0,A1,7.41,43.16,7.81,62.5,32,42.98,70,28.74,16,12,https://www1.mbrace.or.jp/od2/B/202608/b260812.lzh,2026-10-03T18:31:30.576605+09:00
20260812,01,桐生,5,20260812-01-05,3,5153,佐藤ほの,30,東京,47.0,B1,3.72,15.05,2.73,7.32,31,37.27,28,32.12,5,1,https://www1.mbrace.or.jp/od2/B/202608/b260812.lzh,2026-10-03T18:31:30.576605+09:00
20260812,01,桐生,5,20260812-01-05,4,5150,坂本雄紀,31,群馬,52.0,A1,6.27,46.23,6.15,49.3,35,44.59,34,35.93,46,,https://www1.mbrace.or.jp/od2/B/202608/b260812.lzh,2026-10-03T18:31:30.576605+09:00
20260812,01,桐生,5,20260812-01-05,5,3406,中里英夫,58,群馬,52.0,B1,5.45,34.69,5.42,40.0,60,45.33,61,40.38,22,,https://www1.mbrace.or.jp/od2/B/202608/b260812.lzh,2026-10-03T18:31:30.576605+09:00
20260812,01,桐生,5,20260812-01-05,6,5455,澁澤周羽,20,群馬,52.0,B2,1.38,0.0,1.25,0.0,75,29.68,72,32.45,6,,https://www1.mbrace.or.jp/od2/B/202608/b260812.lzh,2026-10-03T18:31:30.576605+09:00
20260812,01,桐生,6,20260812-01-06,1,5216,長谷川晴,26,群馬,54.0,A1,5.99,38.69,6.24,44.86,51,31.51,60,37.21,3,10,https://www1.mbrace.or.jp/od2/B/202608/b260812.lzh,2026-10-03T18:31:30.576605+09:00
20260812,01,桐生,6,20260812-01-06,2,3482,金子猛志,55,群馬,61.0,B1,4.93,29.17,5.55,34.33,46,37.28,45,44.1,6,1,https://www1.mbrace.or.jp/od2/B/202608/b260812.lzh,2026-10-03T18:31:30.576605+09:00
20260812,01,桐生,6,20260812-01-06,3,3655,本橋克洋,52,群馬,56.0,B1,5.05,26.88,5.84,37.23,13,29.68,50,34.55,46,,https://www1.mbrace.or.jp/od2/B/202608/b260812.lzh,2026-10-03T18:31:30.576605+09:00
20260812,01,桐生,6,20260812-01-06,4,3947,寺本昇平,50,群馬,48.0,B1,4.33,15.91,5.17,29.35,71,32.43,59,38.1,5,2,https://www1.mbrace.or.jp/od2/B/202608/b260812.lzh,2026-10-03T18:31:30.576605+09:00
20260812,01,桐生,6,20260812-01-06,5,5320,岩崎麗子,25,群馬,48.0,B1,3.57,15.79,2.43,6.67,57,31.29,19,36.53,6,,https://www1.mbrace.or.jp/od2/B/202608/b260812.lzh,2026-10-03T18:31:30.576605+09:00
20260812,01,桐生,6,20260812-01-06,6,4113,木村浩士,46,群馬,56.0,B1,4.69,26.37,5.12,26.32,69,37.75,37,35.54,44,,https://www1.mbrace.or.jp/od2/B/202608/b260812.lzh,2026-10-03T18:31:30.576605+09:00
20260812,01,桐生,7,20260812-01-07,1,4420,津久井拓,38,群馬,53.0,A2,5.74,37.19,6.01,46.48,50,33.33,69,33.54,3,12,https://www1.mbrace.or.jp/od2/B/202608/b260812.lzh,2026-10-03T18:31:30.576605+09:00
20260812,01,桐生,7,20260812-01-07,2,3860,松本浩貴,53,埼玉,52.0,B1,3.81,18.75,4.76,32.35,59,42.07,67,27.98,6,3,https://www1.mbrace.or.jp/od2/B/202608/b260812.lzh,2026-10-03T18:31:30.576605+09:00
20260812,01,桐生,7,20260812-01-07,3,5141,大澤風葵,25,群馬,51.0,A1,6.31,51.25,6.38,51.9,53,34.36,35,36.14,54,,https://www1.mbrace.or.jp/od2/B/202608/b260812.lzh,2026-10-03T18:31:30.576605+09:00
20260812,01,桐生,7,20260812-01-07,4,4987,島倉都,29,群馬,48.0,B1,3.73,16.85,4.46,30.38,49,35.96,22,31.93,3,2,https://www1.mbrace.or.jp/od2/B/202608/b260812.lzh,2026-10-03T18:31:30.576605+09:00
20260812,01,桐生,7,20260812-01-07,5,3973,崎利仁,49,群馬,55.0,B1,4.44,25.74,4.92,28.93,30,46.72,17,35.48,6,1,https://www1.mbrace.or.jp/od2/B/202608/b260812.lzh,2026-10-03T18:31:30.576605+09:00
20260812,01,桐生,7,20260812-01-07,6,5390,高橋涼夏,18,群馬,46.0,B2,2.43,7.14,1.83,1.43,52,26.72,51,35.63,4,,https://www1.mbrace.or.jp/od2/B/202608/b260812.lzh,2026-10-03T18:31:30.576605+09:00
20260812,01,桐生,8,20260812-01-08,1,4240,今井裕梨,42,群馬,45.0,A2,5.18,31.33,6.1,44.78,62,41.86,48,38.41,21,,https://www1.mbrace.or.jp/od2/B/202608/b260812.lzh,2026-10-03T18:31:30.576605+09:00
20260812,01,桐生,8,20260812-01-08,2,4491,田中堅,39,群馬,52.0,B1,4.21,22.47,4.98,31.2,24,36.61,73,37.5,1,12,https://www1.mbrace.or.jp/od2/B/202608/b260812.lzh,2026-10-03T18:31:30.576605+09:00
20260812,01,桐生,8,20260812-01-08,3,5103,芝田京介,28,埼玉,55.0,B2,3.18,13.16,4.65,26.92,11,32.54,75,30.18,5,,https://www1.mbrace.or.jp/od2/B/202608/b260812.lzh,2026-10-03T18:31:30.576605+09:00
20260812,01,桐生,8,20260812-01-08,4,3827,今泉徹,53,群馬,51.0,B1,4.06,13.64,4.53,19.29,64,32.75,46,29.63,3,3,https://www1.mbrace.or.jp/od2/B/202608/b260812.lzh,2026-10-03T18:31:30.576605+09:00
20260812,01,桐生,8,20260812-01-08,5,5234,塚越海斗,28,群馬,53.0,A1,6.69,53.97,6.67,51.68,40,32.96,47,32.74,43,,https://www1.mbrace.or.jp/od2/B/202608/b260812.lzh,2026-10-03T18:31:30.576605+09:00
20260812,01,桐生,8,20260812-01-08,6,4568,廣瀬真也,38,東京,51.0,B1,5.32,32.08,5.23,32.81,12,40.56,26,29.76,15,,https://www1.mbrace.or.jp/od2/B/202608/b260812.lzh,2026-10-03T18:31:30.576605+09:00
20260812,01,桐生,9,20260812-01-09,1,4888,金児隆太,38,群馬,52.0,B1,5.39,36.84,5.44,33.11,56,42.03,31,37.34,22,,https://www1.mbrace.or.jp/od2/B/202608/b260812.lzh,2026-10-03T18:31:30.576605+09:00
20260812,01,桐生,9,20260812-01-09,2,4787,椎名豊,37,群馬,53.0,A1,7.77,70.69,7.3,59.4,73,46.92,14,37.95,1,2,https://www1.mbrace.or.jp/od2/B/202608/b260812.lzh,2026-10-03T18:31:30.576605+09:00
20260812,01,桐生,9,20260812-01-09,3,3659,藤生雄人,51,群馬,55.0,A2,5.59,32.53,5.94,42.26,65,36.84,44,40.88,S,1,https://www1.mbrace.or.jp/od2/B/202608/b260812.lzh,2026-10-03T18:31:30.576605+09:00
20260812,01,桐生,9,20260812-01-09,4,4645,上村純一,46,群馬,53.0,A1,6.52,45.9,6.11,40.34,25,27.27,74,34.81,55,,https://www1.mbrace.or.jp/od2/B/202608/b260812.lzh,2026-10-03T18:31:30.576605+09:00
20260812,01,桐生,9,20260812-01-09,5,5301,岩下巧斗,23,群馬,52.0,B1,5.31,32.98,3.52,11.88,48,33.14,36,35.29,5,4,https://www1.mbrace.or.jp/od2/B/202608/b260812.lzh,2026-10-03T18:31:30.576605+09:00
20260812,01,桐生,9,20260812-01-09,6,4880,澤崎雄哉,31,東京,52.0,B1,5.43,33.72,3.35,12.9,42,26.49,23,42.21,42,,https://www1.mbrace.or.jp/od2/B/202608/b260812.lzh,2026-10-03T18:31:30.576605+09:00
20260812,01,桐生,10,20260812-01-10,1,3475,橋本久和,56,群馬,53.0,B1,5.22,33.77,6.06,43.12,41,31.29,56,40.48,52,,https://www1.mbrace.or.jp/od2/B/202608/b260812.lzh,2026-10-03T18:31:30.576605+09:00
20260812,01,桐生,10,20260812-01-10,2,4486,野村誠,40,群馬,54.0,A2,6.06,43.27,5.65,40.32,33,40.83,66,35.15,5,1,https://www1.mbrace.or.jp/od2/B/202608/b260812.lzh,2026-10-03T18:31:30.576605+09:00
20260812,01,桐生,10,20260812-01-10,3,5216,長谷川晴,26,群馬,54.0,A1,5.99,38.69,6.24,44.86,51,31.51,60,37.21,3,6,https://www1.mbrace.or.jp/od2/B/202608/b260812.lzh,2026-10-03T18:31:30.576605+09:00
20260812,01,桐生,10,20260812-01-10,4,3441,土屋太朗,57,群馬,54.0,B1,4.6,22.0,5.27,31.03,17,34.39,29,31.71,1,4,https://www1.mbrace.or.jp/od2/B/202608/b260812.lzh,2026-10-03T18:31:30.576605+09:00
20260812,01,桐生,10,20260812-01-10,5,4550,石岡将太,37,群馬,57.0,A2,5.37,30.77,5.02,32.69,70,33.14,33,31.71,63,,https://www1.mbrace.or.jp/od2/B/202608/b260812.lzh,2026-10-03T18:31:30.576605+09:00
20260812,01,桐生,10,20260812-01-10,6,4238,毒島誠,42,群馬,54.0,A1,7.62,59.55,9.01,82.42,67,32.45,27,41.67,15,,https://www1.mbrace.or.jp/od2/B/202608/b260812.lzh,2026-10-03T18:31:30.576605+09:00
20260812,01,桐生,11,20260812-01-11,1,4362,土屋智則,41,群馬,52.0,A1,6.91,48.36,7.55,58.77,21,31.55,57,39.74,4,4,https://www1.mbrace.or.jp/od2/B/202608/b260812.lzh,2026-10-03T18:31:30.576605+09:00
20260812,01,桐生,11,20260812-01-11,2,5065,伊久間陽,28,群馬,53.0,A2,5.36,39.74,4.49,26.23,34,38.38,54,37.65,2,2,https://www1.mbrace.or.jp/od2/B/202608/b260812.lzh,2026-10-03T18:31:30.576605+09:00
20260812,01,桐生,11,20260812-01-11,3,4188,久田敏之,45,群馬,52.0,A1,7.89,64.41,7.41,58.78,14,45.59,71,38.15,12,3,https://www1.mbrace.or.jp/od2/B/202608/b260812.lzh,2026-10-03T18:31:30.576605+09:00
20260812,01,桐生,11,20260812-01-11,4,3532,柴田光,54,群馬,56.0,B2,5.98,40.63,6.53,48.57,26,31.98,62,33.13,2,1,https://www1.mbrace.or.jp/od2/B/202608/b260812.lzh,2026-10-03T18:31:30.576605+09:00
20260812,01,桐生,11,20260812-01-11,5,4540,相原利章,38,東京,52.0,A2,5.44,33.33,4.88,33.33,36,28.86,38,37.97,34,,https://www1.mbrace.or.jp/od2/B/202608/b260812.lzh,2026-10-03T18:31:30.576605+09:00
20260812,01,桐生,11,20260812-01-11,6,4407,鹿島敏弘,40,群馬,57.0,B1,5.06,29.17,5.0,29.69,74,37.93,30,32.75,14,,https://www1.mbrace.or.jp/od2/B/202608/b260812.lzh,2026-10-03T18:31:30.576605+09:00
20260812,01,桐生,12,20260812-01-12,1,4851,関浩哉,31,群馬,50.0,A1,7.41,43.16,7.81,62.5,32,42.98,70,28.74,16,5,https://www1.mbrace.or.jp/od2/B/202608/b260812.lzh,2026-10-03T18:31:30.576605+09:00
20260812,01,桐生,12,20260812-01-12,2,3740,大澤普司,52,群馬,53.0,A1,6.11,42.14,6.48,47.97,27,48.95,39,31.18,33,3,https://www1.mbrace.or.jp/od2/B/202608/b260812.lzh,2026-10-03T18:31:30.576605+09:00
20260812,01,桐生,12,20260812-01-12,3,4539,金子賢志,35,群馬,53.0,A1,6.52,44.07,6.55,52.98,20,40.8,42,32.75,1,4,https://www1.mbrace.or.jp/od2/B/202608/b260812.lzh,2026-10-03T18:31:30.576605+09:00
20260812,01,桐生,12,20260812-01-12,4,4420,津久井拓,38,群馬,53.0,A2,5.74,37.19,6.01,46.48,50,33.33,69,33.54,3,7,https://www1.mbrace.or.jp/od2/B/202608/b260812.lzh,2026-10-03T18:31:30.576605+09:00
20260812,01,桐生,12,20260812-01-12,5,4491,田中堅,39,群馬,52.0,B1,4.21,22.47,4.98,31.2,24,36.61,73,37.5,1,8,https://www1.mbrace.or.jp/od2/B/202608/b260812.lzh,2026-10-03T18:31:30.576605+09:00
20260812,01,桐生,12,20260812-01-12,6,4766,石井孝之,35,群馬,53.0,B1,4.3,19.48,4.88,32.93,28,39.87,15,42.31,1,2,https://www1.mbrace.or.jp/od2/B/202608/b260812.lzh,2026-10-03T18:31:30.576605+09:00
